interaction_id,interaction_date,process_date,customer_id,agent_id,interaction_type,channel,contact_reason,reason_category,duration_seconds,wait_time_seconds,was_resolved,requires_followup,detected_sentiment,sentiment_score,customer_detected_accent,agent_used_accent,was_escalated,mentioned_products,has_transcript,has_recording
INT-7N5XHPYM6V5P3JPE,2026-04-29 06:40:10,2026-04-28,CLI-Q12A3N56FAA6,AGT-8GZ4DPZ9DX,Inbound Call,Phone,Técnico,Técnico,418.0,116.0,True,False,Positivo,0.66,mexican,mexican,False,,False,True
INT-7X227HAO3LVVDEG7,2026-04-28 18:19:34,2026-04-28,CLI-SLMJF8O5VRL2,AGT-TWN2VTJSI9,Inbound Call,Phone,Queja,Queja,605.0,134.0,False,True,Neutral,0.22,colombian,colombian,False,,True,True
INT-8KW10OM7FCOZ7Q2D,2026-04-29 06:32:25,2026-04-28,CLI-SF8JF6M5R28C,AGT-CYN53965R2,Inbound Call,Phone,Técnico,Técnico,391.0,163.0,True,False,Negativo,-0.68,mexican,mexican,False,"PRD-EVMJHMO7GBNR,PRD-VL4RQ5NV3Z2U,PRD-2WE2F6RS0T4M",False,True
INT-Z4TCHOJGVSNCSFC6,2026-04-29 05:13:48,2026-04-28,CLI-PAICXCGT04VU,AGT-O0IO8DF56E,Outbound Call,Phone,Transaccional,Transaccional,241.0,,True,False,Neutral,-0.03,mexican,mexican,False,,False,True
INT-G3GBZ34AWRN9JODN,2026-04-28 13:56:50,2026-04-28,CLI-KF60VKS76QDK,AGT-4Q1DSUDT97,Inbound Call,Phone,Transaccional,Transaccional,223.0,46.0,True,False,Neutral,0.18,mexican,mexican,False,"PRD-PYITVQI2FV8C,PRD-4BK9TPZ9MJ4H,PRD-BXLFKNL2IPX1",True,True
INT-SBY0TRTNP04PO9S3,2026-04-28 17:44:00,2026-04-28,CLI-C3YIUO3OT6YR,AGT-A8I1YTWT37,Inbound Call,Phone,Queja,Queja,126.0,86.0,False,True,Muy Positivo,0.86,mexican,mexican,False,,False,True
INT-YUZC38TA0H2NDFTM,2026-04-28 13:46:59,2026-04-28,CLI-X68N3PALYF6I,AGT-RJBNP1WTLR,Inbound Call,Phone,Producto,Producto,282.0,36.0,True,False,Positivo,0.62,argentine,argentine,False,,False,True
INT-P77S18W21YCXQ8Y2,2026-04-28 21:39:25,2026-04-28,CLI-GX5GL3O0AVEM,AGT-YETUBFGAV5,Inbound Call,Phone,Producto,Producto,379.0,249.0,True,False,Muy Positivo,0.72,,,False,,True,True
INT-HF95NEEFJ9961G2Z,2026-04-28 09:09:42,2026-04-28,CLI-HR3D2JQ66WBP,AGT-OOEUK3E94D,Inbound Call,Phone,Producto,Producto,92.0,313.0,False,True,Neutral,-0.29,colombian,colombian,False,,False,True
INT-JJPXDKG09LYEH9E2,2026-04-28 19:08:17,2026-04-28,CLI-Q6HQ37DPCO67,AGT-JPATDOZLSQ,Inbound Call,Phone,Transaccional,Transaccional,90.0,123.0,True,False,Neutral,-0.22,,,False,,False,True
INT-3HA3EX7ZBRMD3UPC,2026-04-29 02:45:35,2026-04-28,CLI-2JMCVQXH2OLZ,AGT-KU6FVZPQSV,Outbound Call,Phone,Queja,Queja,370.0,,False,True,Positivo,0.51,,,False,"PRD-W6TDB9II6O25,PRD-IJ35M5YKB7L2,PRD-4UINHTICQ4VL",False,True
INT-M9AVOP90A8F2VY03,2026-04-29 01:38:24,2026-04-28,CLI-U1ZZZHVP5620,AGT-MAN3CDDLKC,Inbound Call,Phone,Producto,Producto,383.0,48.0,True,True,Neutral,-0.01,mexican,mexican,False,,False,True
INT-VS92G03HTCC12LLR,2026-04-29 04:22:02,2026-04-28,CLI-K343XSQMCI9F,AGT-7SUVBV3ET6,Inbound Call,Phone,Producto,Producto,219.0,47.0,True,False,Neutral,0.25,colombian,colombian,False,,False,True
INT-Y5S7I1QCBUJMXHLB,2026-04-28 09:01:40,2026-04-28,CLI-X87WH930W1ID,AGT-2Z4O3TCODK,Inbound Call,Phone,Producto,Producto,187.0,104.0,True,True,Neutral,-0.17,mexican,mexican,False,,False,True
INT-0RHWJNQM7QBCJ3ZW,2026-04-28 11:08:18,2026-04-28,CLI-Y620N0MSIPWM,AGT-RUOSBHQ9OT,Inbound Call,Phone,Queja,Queja,222.0,93.0,True,False,Positivo,0.43,,,False,"PRD-H9B816DW4NFG,PRD-GCM6O6555Y3S,PRD-DYRQ05ZY92LJ",False,True
INT-OY81D19UPTVH84JP,2026-04-29 07:14:20,2026-04-28,CLI-VMG9IIJ04W62,AGT-O41ZQQO47Y,Outbound Call,Phone,Transaccional,Transaccional,273.0,,False,True,Neutral,-0.21,mexican,mexican,True,"PRD-IXWMRRBL9OR0,PRD-YPUL6HZTTZQV,PRD-O0EPRTEQB18K",False,True
INT-CS2LGWBDKI566R6G,2026-04-29 02:01:49,2026-04-28,CLI-U4UKJ06HNZPA,AGT-YK02JUZBDO,Chat,WhatsApp,Técnico,Técnico,,,True,False,Positivo,0.63,colombian,colombian,False,,False,False
INT-NECSGPCLS93YOSBY,2026-04-29 02:32:42,2026-04-28,CLI-JTWZWSVQUCP1,AGT-WRGIA5DDCB,Inbound Call,Phone,Comercial,Comercial,593.0,87.0,True,False,Neutral,0.19,mexican,mexican,False,,False,True
INT-O2F9PHW90H5B8OC0,2026-04-28 23:29:13,2026-04-28,CLI-DOHUBMTFLT2Z,AGT-POXBE49GFN,Inbound Call,Phone,Producto,Producto,263.0,39.0,True,False,Neutral,0.04,mexican,mexican,False,,True,True
INT-KGLNI92JIYM09P4Z,2026-04-28 16:10:28,2026-04-28,CLI-9ODXTWQSPCBS,AGT-6RVQHDLYE5,Outbound Call,Phone,Técnico,Técnico,417.0,,True,False,Neutral,-0.14,mexican,mexican,False,"PRD-5K5GDM9OJNRV,PRD-4SRNCC16R6XT,PRD-KMKQENSWFM55",False,True
INT-N8ZFACZEPEIYXPO0,2026-04-28 17:33:42,2026-04-28,CLI-7RTV1IXGLATH,AGT-P76IVQDP9K,Inbound Call,Phone,Producto,Producto,234.0,35.0,True,False,Negativo,-0.32,colombian,colombian,False,PRD-03I4GM7T4QPN,False,True
INT-ZS685GZSJXM0J8DL,2026-04-29 00:32:58,2026-04-28,CLI-N5ETV7NCFVMZ,AGT-Q1CPMXVTZC,Inbound Call,Phone,Comercial,Comercial,800.0,125.0,True,False,Muy Positivo,0.89,argentine,argentine,False,PRD-DX7N9S7LSOAC,False,True
INT-K6PNDQNAY7UD8VPQ,2026-04-28 15:12:46,2026-04-28,CLI-FJ1YWVDYPNZZ,AGT-RVO9NVMTEP,Inbound Call,Phone,Transaccional,Transaccional,171.0,230.0,True,True,Neutral,0.28,colombian,colombian,False,,True,True
INT-EWVH2J5KU4LNL8PY,2026-04-29 07:29:17,2026-04-28,CLI-LJLC7VLDI7DP,AGT-BNB4Q12JTS,Inbound Call,Phone,Comercial,Comercial,386.0,191.0,False,True,Negativo,-0.51,,,False,"PRD-VTBLZC413YMX,PRD-ERA5W67J8X65,PRD-DMC8N52OMO4T",False,True
INT-0KMXBYCUR13MIQJP,2026-04-29 00:00:51,2026-04-28,CLI-6KV7YU1S7HUP,AGT-TKG71FXFEZ,Inbound Call,Phone,Producto,Producto,240.0,143.0,True,True,Negativo,-0.47,colombian,colombian,False,"PRD-VJ5LRCUO92SR,PRD-8NS8YUY4DLMO,PRD-QQ5BKRIRR1Y5",False,True
INT-P8LAZTRH0OIMO4YO,2026-04-28 14:01:05,2026-04-28,CLI-EMO2HY334372,AGT-EYD17D0BT6,Inbound Call,Phone,Queja,Queja,424.0,202.0,False,True,Neutral,0.16,,,False,,False,True
INT-SBIVXA0AG2319TAR,2026-04-28 16:46:49,2026-04-28,CLI-B55PQTCF16AJ,AGT-MG70CMDJPJ,Inbound Call,Phone,Producto,Producto,142.0,263.0,True,True,Positivo,0.53,mexican,mexican,False,,False,True
INT-H4R8UK2XQJ5BXJ8Y,2026-04-29 03:02:34,2026-04-28,CLI-QSGDH9LG1DLL,AGT-IA36860J9Z,Inbound Call,Phone,Transaccional,Transaccional,206.0,96.0,True,True,Neutral,0.19,mexican,mexican,False,,True,True
INT-V3PCBRGFK6EOSUBG,2026-04-28 18:54:16,2026-04-28,CLI-GFGDCRLZAA4X,AGT-L0V4XUS6HH,Outbound Call,Phone,Transaccional,Transaccional,215.0,,True,False,Neutral,0.24,argentine,argentine,False,"PRD-PG0D5J0TFZCT,PRD-6C1NX11DU790",True,True
INT-7YIJETJ3SBWWBZN8,2026-04-29 05:20:07,2026-04-28,CLI-BFMD4HG0MHCC,AGT-E2RO5C71O7,Inbound Call,Phone,Transaccional,Transaccional,358.0,133.0,True,False,Neutral,-0.22,,,True,,False,True
INT-SGJOLMOIH2HDL56O,2026-04-28 23:03:10,2026-04-28,CLI-0WRA3P44EKW7,AGT-0QS3PWRJNI,Inbound Call,Phone,Técnico,Técnico,398.0,161.0,True,False,Neutral,-0.06,mexican,mexican,False,"PRD-7OXTB13O0EIE,PRD-JU6UWK39G6G7",False,True
INT-LAX0L0Q15B6KZESR,2026-04-28 09:21:07,2026-04-28,CLI-JVO7UW0CWQJE,AGT-EKYTTPV65Q,Inbound Call,Phone,Queja,Queja,228.0,106.0,False,True,Neutral,0.25,,,False,,False,True
INT-8FVDQMGL6Q02DAIH,2026-04-29 01:21:46,2026-04-28,CLI-12ZRL3QW4MBQ,AGT-DBEGJGWYVE,Inbound Call,Phone,Producto,Producto,370.0,71.0,True,False,Neutral,-0.18,,,False,,False,True
INT-GIP2Y7B5SZZLZYIN,2026-04-28 11:42:29,2026-04-28,CLI-AI86XVG1YCX3,AGT-G18BLCU91K,Outbound Call,Phone,Transaccional,Transaccional,102.0,,True,False,Neutral,-0.17,colombian,colombian,False,PRD-8VXZA4LNBXG1,False,True
INT-A6DKD3KYYWPL25CK,2026-04-29 07:22:23,2026-04-28,CLI-JWLQGAQ21VWI,AGT-PRRCOBG991,Inbound Call,Phone,Transaccional,Transaccional,197.0,47.0,True,False,Neutral,-0.29,colombian,mexican,False,,False,True
INT-KPVAC3I3OTGYTVXI,2026-04-29 02:23:07,2026-04-28,CLI-L9UWTRQF262G,AGT-QIJA0QZRU0,Outbound Call,Phone,Producto,Producto,313.0,,False,True,Neutral,-0.1,,,False,,False,True
INT-C8JPKQRA1KMX7H69,2026-04-29 04:09:33,2026-04-28,CLI-S3027AO5EWG7,AGT-Q0FNFY8G5L,Outbound Call,Phone,Técnico,Técnico,511.0,,True,False,Negativo,-0.4,mexican,mexican,False,"PRD-7VX9ISCSQATO,PRD-G9BPA8L0QYPM,PRD-4W4PV3G901WI",True,True
INT-6LQP7CO02U34XDRY,2026-04-28 18:24:19,2026-04-28,CLI-91F7DY8KT70R,AGT-U6IOVO18F3,Inbound Call,Phone,Comercial,Comercial,261.0,121.0,False,True,Neutral,-0.03,colombian,argentine,False,,False,True
INT-5P6TIUSJDO7QTN84,2026-04-29 06:36:15,2026-04-28,CLI-6C07QX7NCYM6,AGT-0SK7J9FAUM,Inbound Call,Phone,Transaccional,Transaccional,191.0,61.0,True,False,Neutral,0.21,argentine,argentine,False,,False,True
INT-YZMY3LWYWB765M77,2026-04-29 03:15:34,2026-04-28,CLI-DBD031TINMZK,AGT-XVTFWL1STE,Outbound Call,Phone,Producto,Producto,314.0,,True,False,Positivo,0.62,mexican,argentine,False,,False,True
INT-5U1U35Z0IX3YAGC4,2026-04-29 01:17:11,2026-04-28,CLI-3CZYUXYTI6OT,AGT-YF9RO3EJZU,Chat,App,Transaccional,Transaccional,,,True,False,Neutral,-0.18,,,False,"PRD-CJ7GN7TBHIRT,PRD-DD1NSVGA8X8S,PRD-5LCJ006U4N83",False,False
INT-AD5BROEG8PKHECTB,2026-04-29 00:37:14,2026-04-28,CLI-0RZZGX8ETZTD,AGT-MC2QXB1BML,Email,Email,Queja,Queja,,,False,True,Muy Negativo,-0.71,mexican,mexican,False,,False,False
INT-I09Q4BE5XULETV5N,2026-04-28 14:59:13,2026-04-28,CLI-EF26RTHJKGS5,AGT-YK02JUZBDO,Inbound Call,Phone,Transaccional,Transaccional,173.0,110.0,True,True,Neutral,0.22,mexican,mexican,False,"PRD-KSLNM1Z9184D,PRD-F3NMA40ZCWT2",True,True
INT-O492EHEDLY3VIIE1,2026-04-28 14:26:02,2026-04-28,CLI-Q9HKSOKGFB0J,AGT-29JHQCW7PX,Inbound Call,Phone,Transaccional,Transaccional,144.0,105.0,True,False,Neutral,0.25,colombian,colombian,True,"PRD-J3USP96JDHRU,PRD-S6ZKUHU26ONB,PRD-JR87DUK8ITWO",False,True
INT-XU3BHQEL0PJWJG13,2026-04-29 07:36:47,2026-04-28,CLI-669JEDD000O2,AGT-RZ4O8DO2E0,Inbound Call,Phone,Técnico,Técnico,497.0,155.0,True,False,Positivo,0.59,mexican,mexican,False,,True,True
INT-X4QLT5ENDETM5AV5,2026-04-28 13:30:00,2026-04-28,CLI-4NPB1GUT11A3,AGT-1AW37NRW7X,Inbound Call,Phone,Técnico,Técnico,329.0,127.0,False,True,Positivo,0.49,,,False,,False,True
INT-ACYXZGAV4186F4XJ,2026-04-28 14:48:42,2026-04-28,CLI-DLICDAE4TXSK,AGT-4FZILKK4KX,Inbound Call,Phone,Técnico,Técnico,235.0,135.0,False,True,Negativo,-0.51,colombian,colombian,False,,False,True
INT-AB6DVPLHF2ZM3K08,2026-04-28 10:40:02,2026-04-28,CLI-0TRJPLE5DPWO,AGT-155PP3L6XE,Inbound Call,Phone,Queja,Queja,726.0,99.0,False,True,Positivo,0.39,,,False,,False,True
INT-BFR2JY5QT42CLVU0,2026-04-28 21:01:52,2026-04-28,CLI-SYBP1XI95W2N,AGT-TSMQUDNLVQ,Outbound Call,Phone,Transaccional,Transaccional,330.0,,True,False,Neutral,-0.07,,,False,PRD-KZBS9IZ0BQQG,False,True
INT-NARLHVY537C0G0SI,2026-04-28 12:48:08,2026-04-28,CLI-HUAZGTO2DOL3,AGT-POXBE49GFN,Inbound Call,Phone,Transaccional,Transaccional,376.0,157.0,False,True,Neutral,0.06,,,False,,False,True
INT-JDEKJ61A8PI2SHZC,2026-04-29 01:48:38,2026-04-28,CLI-5EYHECFIZT7V,AGT-G18BLCU91K,Inbound Call,Phone,Queja,Queja,637.0,60.0,True,True,Positivo,0.44,mexican,mexican,True,,True,True
INT-D54UCP6XDRSORLV8,2026-04-28 15:17:12,2026-04-28,CLI-VZ649K6FNGS3,AGT-LWM9P4ETLV,Outbound Call,Phone,Queja,Queja,375.0,,False,True,Neutral,-0.23,mexican,mexican,False,,False,True
INT-PSF6QGIYC7O8SGJX,2026-04-29 00:57:38,2026-04-28,CLI-34HYKKA031TS,AGT-ZZLDFFK5KX,Inbound Call,Phone,Técnico,Técnico,322.0,137.0,True,False,Neutral,-0.07,mexican,colombian,False,PRD-0W5MLD8FJHTR,False,True
INT-AE4FNTAWBXFVJ2WC,2026-04-29 04:05:15,2026-04-28,CLI-W8SDO5QCYWYO,AGT-NQ6WIG9OWH,Inbound Call,Phone,Transaccional,Transaccional,214.0,100.0,True,False,Neutral,-0.08,mexican,mexican,False,,False,True
INT-IQSO0TN1HWCTVYWR,2026-04-28 13:59:45,2026-04-28,CLI-NIOK66822NU6,AGT-NBQ65Y4VZ9,Inbound Call,Phone,Queja,Queja,670.0,77.0,False,True,Neutral,-0.16,mexican,mexican,True,,True,True
INT-3H4L4ZO3MYNMKZDL,2026-04-29 06:43:58,2026-04-28,CLI-3D38XBV2X0RF,AGT-1017M8ALDP,Outbound Call,Phone,Transaccional,Transaccional,179.0,,True,False,Neutral,0.17,colombian,colombian,True,,False,True
INT-0NX6M5X7PSE677BI,2026-04-28 18:20:41,2026-04-28,CLI-52HSW6DQE7YT,AGT-DDPUZDGTDB,Inbound Call,Phone,Transaccional,Transaccional,220.0,143.0,True,False,Neutral,-0.05,mexican,mexican,False,,False,True
INT-SAAT1A2011YSNI18,2026-04-28 12:39:14,2026-04-28,CLI-IZ5ZTUDWYZJN,AGT-OK1RZJN2O9,Outbound Call,Phone,Técnico,Técnico,306.0,,True,False,Negativo,-0.41,mexican,mexican,False,PRD-J74O4L4R1TTT,True,True
INT-2UAZ8CEEL94DL42R,2026-04-29 02:05:38,2026-04-28,CLI-7MLUDA9CX2EQ,AGT-8JD6LDRA82,Inbound Call,Phone,Transaccional,Transaccional,234.0,224.0,True,False,Neutral,-0.14,,,False,,False,True
INT-ZAEF2W5OFN3JXWGD,2026-04-28 13:59:08,2026-04-28,CLI-7BEBEACDZL3F,AGT-N0G051WG35,Inbound Call,Phone,Técnico,Técnico,260.0,141.0,True,True,Negativo,-0.55,,,False,,False,True
INT-IN6TJIJ5MJRL4LN1,2026-04-28 15:26:50,2026-04-28,CLI-0JCM0W71GJJI,AGT-6QYGLWIS1K,Inbound Call,Phone,Transaccional,Transaccional,179.0,176.0,True,False,Neutral,0.05,mexican,mexican,False,"PRD-KRHPDM2ZDN60,PRD-X9ZQJV4BN7N8",False,True
INT-0A6T3W77K7D1K8TV,2026-04-29 01:03:15,2026-04-28,CLI-TSZQGJY2JXKD,AGT-Y8O10JEBE3,Inbound Call,Phone,Transaccional,Transaccional,157.0,29.0,True,False,Neutral,-0.23,,,False,,True,True
INT-ZW6F4EYPERM3BO0P,2026-04-28 19:07:52,2026-04-28,CLI-6RWXBW1BJLH2,AGT-GT2O5MFVMB,Inbound Call,Phone,Transaccional,Transaccional,161.0,185.0,False,True,Neutral,0.25,colombian,colombian,False,"PRD-M6LUCX90OWPV,PRD-U821P0L87ZSQ,PRD-HSFYA8QIE43H",False,True
INT-XP77YX1PXUI37HN4,2026-04-28 21:21:02,2026-04-28,CLI-1493LN9DHASC,AGT-GRCMX8W1NF,Inbound Call,Phone,Queja,Queja,699.0,98.0,True,False,Positivo,0.32,argentine,argentine,False,,False,True
INT-UEWHTQDP65OUU3HU,2026-04-29 04:55:47,2026-04-28,CLI-02RX8WUOJTJ6,AGT-3Z0BAXO1P6,Inbound Call,Phone,Transaccional,Transaccional,169.0,163.0,True,False,Neutral,0.28,,,False,PRD-H8G2HK0BIJQP,False,True
INT-F03S2JTGPZKS7UNQ,2026-04-29 05:36:45,2026-04-28,CLI-OQRX3Q3FVO5W,AGT-2NVH86ET7M,Inbound Call,Phone,Transaccional,Transaccional,94.0,145.0,True,False,Neutral,-0.26,mexican,colombian,False,"PRD-5UR4Z5KJ04GI,PRD-M17MC9N3FGLL,PRD-M4L77VISRD65",False,True
INT-S72FX3NIDN9UBRB0,2026-04-28 09:27:05,2026-04-28,CLI-A14OCAH98BYP,AGT-92W11NU8ER,Inbound Call,Phone,Producto,Producto,241.0,89.0,True,False,Negativo,-0.36,colombian,argentine,False,PRD-K1FU1440B0NG,False,True
INT-IXITYXSI280IZNE0,2026-04-28 08:59:54,2026-04-28,CLI-H4JGSDJ5SB7M,AGT-FHXSFLATOK,Inbound Call,Phone,Transaccional,Transaccional,284.0,144.0,True,False,Neutral,-0.18,mexican,mexican,True,,False,True
INT-LVZWA27EPPP28EPL,2026-04-28 23:38:51,2026-04-28,CLI-QZZL0MQAN9XY,AGT-NRP3DGI0C2,Inbound Call,Phone,Comercial,Comercial,570.0,189.0,True,False,Negativo,-0.6,colombian,mexican,False,,False,True
INT-9YKAX3GQTARRVNDO,2026-04-28 18:53:36,2026-04-28,CLI-G27TRJC80RFO,AGT-DIG702C4OF,Inbound Call,Phone,Queja,Queja,444.0,153.0,False,True,Neutral,0.05,mexican,mexican,False,"PRD-Q7OE4VLIMZIA,PRD-BUM9QSAFH4CA",True,True
INT-WJ1I9OBCX4B9QU1V,2026-04-28 23:32:41,2026-04-28,CLI-L7EO4CMVAQXP,AGT-KE99505Y43,Inbound Call,Phone,Producto,Producto,376.0,78.0,True,False,Positivo,0.6,,,False,,False,True
INT-H7BGZMN8QM3TM31E,2026-04-28 21:23:04,2026-04-28,CLI-G5JS7CFY2NSB,AGT-W2NEJNXW3S,Outbound Call,Phone,Transaccional,Transaccional,99.0,,True,False,Neutral,0.28,,,False,,False,True
INT-2Z9XXTHB1EZQOJ5X,2026-04-29 05:50:47,2026-04-28,CLI-I5O35ASBJ0BG,AGT-VHAI3QYV8U,Inbound Call,Phone,Transaccional,Transaccional,261.0,111.0,True,False,Neutral,0.0,argentine,argentine,False,,True,True
INT-Z2S2839H2W3EEB1Z,2026-04-29 05:21:23,2026-04-28,CLI-K6GLUQSECNJO,AGT-HKU44IP108,Outbound Call,Phone,Técnico,Técnico,526.0,,True,False,Positivo,0.52,,,False,"PRD-22R2OMMUV55O,PRD-6AHBXFMD6RB6,PRD-O2Z2KH8FTXIB",False,True
INT-I11JKWU8XDAC7MB4,2026-04-28 20:03:15,2026-04-28,CLI-TWUXAN4DEX51,AGT-XGAUAW8BI8,Inbound Call,Phone,Transaccional,Transaccional,138.0,232.0,True,False,Neutral,-0.23,argentine,argentine,False,,False,True
INT-8IMG38ZRIL545UR1,2026-04-28 09:50:07,2026-04-28,CLI-2JRWVBXULDUQ,AGT-EDV4G21PUV,Chat,WhatsApp,Técnico,Técnico,,,True,False,Neutral,-0.3,mexican,mexican,False,PRD-5VD2K1BP74ZS,False,False
INT-TQG2UPL68WM9O4MH,2026-04-28 23:02:10,2026-04-28,CLI-BCC460HI3PX3,AGT-OHDGRCT0SL,Inbound Call,Phone,Transaccional,Transaccional,188.0,23.0,True,False,Neutral,0.17,,,False,,True,True
INT-3U5PVTD4KRX8CQCM,2026-04-28 16:28:56,2026-04-28,CLI-VZEO5Q4IZVA7,AGT-BNSM435UTT,Inbound Call,Phone,Técnico,Técnico,185.0,98.0,True,False,Muy Negativo,-0.97,mexican,mexican,True,,False,True
INT-J3VR0LHNADCIUHZ0,2026-04-28 11:36:37,2026-04-28,CLI-AO0VHQ2RGAV2,AGT-GR5JJJRL3O,Inbound Call,Phone,Producto,Producto,346.0,101.0,True,False,Muy Positivo,0.91,colombian,colombian,False,,True,True
INT-3OSCL1U2AZ9JRDRU,2026-04-28 22:33:37,2026-04-28,CLI-3D66DOS38BBM,AGT-A8FKJXIIEG,Inbound Call,Phone,Transaccional,Transaccional,196.0,254.0,True,False,Neutral,-0.3,colombian,colombian,False,,True,True
INT-CMDSVJFUXX5PUF0P,2026-04-28 13:50:27,2026-04-28,CLI-MOH9SJZAZDHT,AGT-8K2B7GS404,Inbound Call,Phone,Transaccional,Transaccional,272.0,199.0,True,False,Neutral,-0.03,,,False,,False,True
INT-TY0QCNCPDQXO7MDR,2026-04-29 06:34:24,2026-04-28,CLI-980AQ4B8W0UE,AGT-WBG60TGKFE,Outbound Call,Phone,Producto,Producto,351.0,,True,False,Neutral,0.07,mexican,mexican,False,,False,True
INT-WOK26TKE2UJW69A6,2026-04-28 10:18:10,2026-04-28,CLI-FHTMJGXDG7EP,AGT-A05F2N434U,Inbound Call,Phone,Técnico,Técnico,349.0,138.0,True,False,Neutral,-0.04,,,False,"PRD-LRUVC8R54HKQ,PRD-F0FEFW3KC6A7",False,True
INT-5SU6SSIHMI01NMQV,2026-04-29 02:56:08,2026-04-28,CLI-D74WWCYE64TS,AGT-P76IVQDP9K,Inbound Call,Phone,Producto,Producto,248.0,110.0,True,False,Muy Positivo,0.74,mexican,mexican,False,,True,True
INT-Y3CGW5PXSIZOA3N6,2026-04-28 11:16:08,2026-04-28,CLI-PGEF33V0ZHH8,AGT-54VUKA8638,Inbound Call,Phone,Queja,Queja,717.0,75.0,False,True,Positivo,0.44,,,False,,False,True
INT-SHZ46BSA2DVC1GC1,2026-04-28 16:03:51,2026-04-28,CLI-WZ47HDTH940T,AGT-772KZJ3QLS,Inbound Call,Phone,Queja,Queja,609.0,62.0,True,False,Neutral,-0.26,mexican,mexican,False,"PRD-CTSULSR6FJVJ,PRD-HCQBGMA1P54H,PRD-7QU211O91PVU",False,True
INT-3F1VZUU09Q2546K7,2026-04-29 04:45:41,2026-04-28,CLI-KKYM07BBBEGY,AGT-MONXUP4C6Q,Inbound Call,Phone,Técnico,Técnico,532.0,116.0,True,False,Neutral,0.2,argentine,argentine,False,,True,True
INT-1FN41GMS0LJ5L5XW,2026-04-28 20:23:12,2026-04-28,CLI-781U3JW7BZBV,AGT-JMA3MRKNWE,Inbound Call,Phone,Queja,Queja,419.0,95.0,True,False,Negativo,-0.69,colombian,argentine,False,PRD-J00E4ULW1DAE,True,True
INT-9BVTGNBT2C715NS3,2026-04-28 09:47:16,2026-04-28,CLI-19IN3UO75YWQ,AGT-Z8YFQBMTYZ,Inbound Call,Phone,Técnico,Técnico,391.0,178.0,True,False,Negativo,-0.58,mexican,mexican,False,PRD-9VI6TIHFR8UH,False,True
INT-70S00X0OLFQE55OF,2026-04-28 22:50:53,2026-04-28,CLI-ENHJ6RZM7593,AGT-NQ6WIG9OWH,Chat,Web Chat,Producto,Producto,,,True,False,Neutral,0.1,mexican,mexican,False,,False,False
INT-R91Z9R1JRZCVUFNN,2026-04-28 12:23:13,2026-04-28,CLI-MOUGG2C4NGWG,AGT-56L27RI8NL,Inbound Call,Phone,Producto,Producto,225.0,134.0,True,False,Muy Negativo,-0.79,argentine,argentine,False,,False,True
INT-0LN99WO96SJ5HHHJ,2026-04-29 04:55:18,2026-04-28,CLI-ZP4ORXJMO74U,AGT-WFVUMINGZI,Inbound Call,Phone,Producto,Producto,171.0,66.0,True,False,Neutral,-0.05,,,False,,False,True
INT-VGKEDDYJE6A8B9N3,2026-04-28 14:40:46,2026-04-28,CLI-737KIZQUG3UJ,AGT-57JWQAKI57,Inbound Call,Phone,Queja,Queja,502.0,0.0,False,True,Positivo,0.61,,,False,,False,True
INT-H5ZH2IRAFY8KMNJI,2026-04-28 20:59:39,2026-04-28,CLI-KZ9MQZTZMS4L,AGT-LH85KLPB5O,Outbound Call,Phone,Retención,Retención,529.0,,True,False,Positivo,0.48,,,False,,False,True
INT-QHCCWDLIC6D2FHYY,2026-04-28 13:32:11,2026-04-28,CLI-T04KGFJ9ICTA,AGT-XUBJTI8AW5,Inbound Call,Phone,Producto,Producto,250.0,107.0,True,True,Neutral,0.22,mexican,mexican,False,PRD-56K1PJGAEL8J,False,True
INT-OPEMXE65N5F7GW1K,2026-04-28 09:15:20,2026-04-28,CLI-2XN28P9SX8DB,AGT-R03JWT0EJ6,Inbound Call,Phone,Transaccional,Transaccional,311.0,101.0,True,True,Neutral,0.03,,,False,,False,True
INT-ZC33DWKRNNV7CT0M,2026-04-29 06:53:17,2026-04-28,CLI-MS5DSXXUURNV,AGT-3BSCOF9JIO,Inbound Call,Phone,Transaccional,Transaccional,337.0,103.0,True,False,Neutral,-0.13,mexican,mexican,False,PRD-PV6LGVU1Q2HB,False,True
INT-EGIO9ATKUXIS7DD1,2026-04-28 11:32:38,2026-04-28,CLI-8SQXRWTN6R6X,AGT-PLECNMT71Z,Email,Email,Transaccional,Transaccional,,,True,True,Neutral,-0.02,,,False,,True,False
INT-D5SWMWNH2RZQMQD2,2026-04-29 06:49:33,2026-04-28,CLI-0999AV4X7H9K,AGT-I91223U4EN,Inbound Call,Phone,Técnico,Técnico,102.0,155.0,False,True,Negativo,-0.4,argentine,colombian,False,,False,True
INT-FOQAW8GRUB6S2DIS,2026-04-28 21:56:21,2026-04-28,CLI-F4ZSCYQJD1Q0,AGT-5A7COUI9W1,Inbound Call,Phone,Transaccional,Transaccional,124.0,153.0,True,False,Neutral,-0.29,mexican,mexican,True,,False,True
INT-FYLB91BEVQWILV9L,2026-04-29 04:49:17,2026-04-28,CLI-BI33JU33W3CQ,AGT-3EE5S99BFU,Email,Email,Producto,Producto,,,True,False,Neutral,-0.17,mexican,mexican,False,"PRD-2WQKV2J09RZT,PRD-0FZUGIX5SO82,PRD-XX227L1NSGCL",True,False
INT-HOD1Z8CB5CSIZIEV,2026-04-28 19:18:40,2026-04-28,CLI-E7XZ8IBV8DN6,AGT-Z1EIQXWV82,Email,Email,Transaccional,Transaccional,,,True,False,Neutral,0.19,,,False,,True,False
INT-VC6W11W4IXTUDREV,2026-04-28 15:50:41,2026-04-28,CLI-VX2CV5VXVXQT,AGT-3F64L1CQON,Inbound Call,Phone,Queja,Queja,392.0,194.0,True,True,Negativo,-0.5,,,False,,False,True
INT-IEHRK5K3Z4AZTXKV,2026-04-28 10:47:10,2026-04-28,CLI-46X71CO8I3TF,AGT-F8WMTYQSZS,Inbound Call,Phone,Técnico,Técnico,323.0,181.0,True,False,Neutral,-0.09,,,False,,False,True
INT-DTA947FJLXKULU10,2026-04-29 07:56:45,2026-04-28,CLI-GVIXB83ZEIXO,AGT-4O6EXPVV7F,Outbound Call,Phone,Técnico,Técnico,196.0,,True,False,Neutral,0.22,mexican,colombian,False,,True,True
INT-7CLS38WPTWAJ20U4,2026-04-28 15:57:57,2026-04-28,CLI-N9XIQ3PF97XB,AGT-BUE4IHI1P1,Chat,WhatsApp,Transaccional,Transaccional,,,True,False,Neutral,0.2,mexican,mexican,False,PRD-JVJL1UR83XJ5,False,False
INT-XKFIT5W7GJ42JUHU,2026-04-28 14:55:01,2026-04-28,CLI-69WD90Y34USD,AGT-K4F3KPECPA,Inbound Call,Phone,Producto,Producto,204.0,45.0,True,False,Neutral,-0.26,colombian,argentine,False,"PRD-K630XJ3I3QTK,PRD-KAP1ERMNYKWM",True,True
INT-MBVTOTPVBMCL13HZ,2026-04-29 06:54:11,2026-04-28,CLI-E5Z0W4Y0B0X8,AGT-PMTS32C7KD,Inbound Call,Phone,Transaccional,Transaccional,322.0,56.0,True,False,Neutral,0.02,mexican,mexican,False,PRD-OB571TZD2FPA,False,True
INT-79SW5KYIPRKQW3FC,2026-04-29 03:31:55,2026-04-28,CLI-TYJXAWZ0BHSW,AGT-MAN3CDDLKC,Inbound Call,Phone,Transaccional,Transaccional,276.0,114.0,True,True,Neutral,0.29,mexican,mexican,False,"PRD-TER6F2CCH27Q,PRD-HUVMA2NOU5ZA,PRD-06U6HYWCM0EB",True,True
INT-HKX5HR9M7IO9OS9Q,2026-04-28 18:04:45,2026-04-28,CLI-B7KCKTNCNAJ9,AGT-3X1VSNELON,Inbound Call,Phone,Transaccional,Transaccional,181.0,238.0,True,False,Neutral,0.26,colombian,colombian,False,,False,True
INT-QUVH6SNESPMFU0S1,2026-04-28 11:36:11,2026-04-28,CLI-VU5ROJBCOHQW,AGT-9YYG4EPQAP,Outbound Call,Phone,Técnico,Técnico,429.0,,True,False,Negativo,-0.54,,,False,,True,True
INT-EXI69FKQCJETOR43,2026-04-29 02:27:14,2026-04-28,CLI-HWTROK272ZWT,AGT-UK3JBLHXC6,Inbound Call,Phone,Comercial,Comercial,411.0,184.0,True,False,Neutral,-0.24,mexican,mexican,False,"PRD-SGW7ODUFF799,PRD-IK8K3W1W9NYN",True,True
INT-2TK9S6Z9T5BT00DN,2026-04-29 01:10:24,2026-04-28,CLI-5J0SFMFLDCPS,AGT-1C2ZX2X1ER,Inbound Call,Phone,Comercial,Comercial,696.0,205.0,True,False,Muy Negativo,-0.89,mexican,mexican,False,"PRD-1AQ1E6FJBUB3,PRD-47OC6U8946T7",False,True
INT-U7QXXKZWA637NIEA,2026-04-28 08:19:36,2026-04-28,CLI-UK6UDY223ZZV,AGT-VFOW1SAD5J,Inbound Call,Phone,Técnico,Técnico,413.0,20.0,True,False,Muy Negativo,-0.9,mexican,mexican,False,,False,True
INT-YN3FY8FQ1PRETDB2,2026-04-28 15:44:39,2026-04-28,CLI-7LTRXFP9GP9T,AGT-B0WCQUOFHF,Outbound Call,Phone,Transaccional,Transaccional,300.0,,True,False,Neutral,0.18,,,False,"PRD-XGBS7Z50P4DR,PRD-E29R8FKFPOOE",False,True
INT-QY31OAP5WX4YP09V,2026-04-28 18:16:02,2026-04-28,CLI-9EA53Z9L15BC,AGT-MQJMFM7L5Y,Inbound Call,Phone,Transaccional,Transaccional,492.0,228.0,True,False,Neutral,-0.02,colombian,colombian,False,,False,True
INT-UTYOPSEXT5H1O9T9,2026-04-28 13:16:55,2026-04-28,CLI-IDQLF8WSRDAU,AGT-ZM1ICRUZC0,Outbound Call,Phone,Queja,Queja,369.0,,False,True,Negativo,-0.54,,,False,"PRD-7HHPRHD3W2GO,PRD-TUJKS874YGGP",False,True
INT-2DEITNXXP3O08A0C,2026-04-29 02:46:08,2026-04-28,CLI-N1KVLTUY95WQ,AGT-J65U3Y7UPF,Inbound Call,Phone,Producto,Producto,230.0,105.0,True,True,Neutral,0.08,colombian,mexican,False,PRD-BVM509TIRZ5B,False,True
INT-W95I6EOFBJG3PNB3,2026-04-28 17:25:15,2026-04-28,CLI-XUPF96F0HD35,AGT-3YUKYZO91R,Inbound Call,Phone,Técnico,Técnico,183.0,54.0,False,True,Neutral,0.24,,,False,PRD-3KH6IYGI4F5N,False,True
INT-AW403NT2PMRLFOGD,2026-04-28 21:50:57,2026-04-28,CLI-BKQJ1690YTY4,AGT-Q0FNFY8G5L,Inbound Call,Phone,Transaccional,Transaccional,231.0,13.0,True,False,Neutral,-0.18,argentine,argentine,False,PRD-40GL05QUVZH8,True,True
INT-U0IRFXMBMKPEZUS3,2026-04-28 08:09:25,2026-04-28,CLI-FH39SGBR3426,AGT-GQXD9Y0S4T,Inbound Call,Phone,Producto,Producto,202.0,128.0,True,False,Muy Negativo,-0.96,,,False,"PRD-3PX9DTMIVV7Q,PRD-RZP7UUSPP4R4",False,True
INT-LWEGD825YRH7UXNV,2026-04-28 23:28:24,2026-04-28,CLI-Q5V5AE8WO2HA,AGT-QMHTY08PP0,Inbound Call,Phone,Comercial,Comercial,641.0,165.0,True,False,Positivo,0.36,colombian,colombian,False,"PRD-FLBG1LI7ZFDY,PRD-C6NIVXLBQY6W",True,True
INT-EB55RC0TIDMP46E1,2026-04-28 21:30:24,2026-04-28,CLI-1IIXK3GRJMMU,AGT-HLGND96O59,Inbound Call,Phone,Queja,Queja,437.0,111.0,False,True,Neutral,0.19,colombian,colombian,False,,False,True
INT-SE4JDA5HVU7DHIKE,2026-04-28 09:25:58,2026-04-28,CLI-U73A2OYYVMMQ,AGT-JMDX6MHRX7,Chat,WhatsApp,Transaccional,Transaccional,,,True,False,Neutral,0.06,,,False,,False,False
INT-ZE1L1FKM7TA10UG6,2026-04-28 12:30:00,2026-04-28,CLI-H2080KQ5WDNA,AGT-9ES2CNB4EJ,Outbound Call,Phone,Producto,Producto,343.0,,True,False,Neutral,-0.19,argentine,argentine,False,PRD-SIJM9NYFU7PY,True,True
INT-I64X140IWHKFF2U8,2026-04-28 13:17:31,2026-04-28,CLI-P8SRI0QMWF8H,AGT-TSMQUDNLVQ,Inbound Call,Phone,Transaccional,Transaccional,163.0,49.0,True,False,Neutral,0.04,,,False,,False,True
INT-9ZIGMBUHGR97KFW1,2026-04-28 16:18:52,2026-04-28,CLI-VYAXYZ9IAYAD,AGT-YHIM4ZODIK,Outbound Call,Phone,Transaccional,Transaccional,232.0,,True,False,Neutral,-0.17,argentine,argentine,False,,True,True
INT-E724P4JEBKZ64KWL,2026-04-29 05:48:48,2026-04-28,CLI-JN18RJCF8NIB,AGT-PHF1BNC7Z2,Inbound Call,Phone,Queja,Queja,150.0,181.0,True,False,Negativo,-0.64,,,False,PRD-LYYRCP9OD4LH,True,True
INT-O7U5GTLZBQGXDC9T,2026-04-28 21:05:59,2026-04-28,CLI-2MVL79WH1XG3,AGT-JI2PI1E2KY,Inbound Call,Phone,Técnico,Técnico,384.0,123.0,False,True,Neutral,0.24,colombian,colombian,False,,False,True
INT-CQL4QW4FDX3JDHD0,2026-04-28 14:50:20,2026-04-28,CLI-FI7BH2RTMCCS,AGT-1C2ZX2X1ER,Chat,App,Transaccional,Transaccional,,,True,True,Neutral,-0.02,,,False,"PRD-QRX9G6JXVP8I,PRD-FZC907XQ0D01,PRD-TMIY10JK9WW1",False,False
INT-KHK8CGZRJBYOKPS7,2026-04-28 13:36:19,2026-04-28,CLI-IOU2GBZPKVUL,AGT-3JXWWT2USN,Inbound Call,Phone,Producto,Producto,320.0,118.0,True,True,Neutral,0.1,,,False,,True,True
INT-2449172G3QO8QMYH,2026-04-29 04:22:15,2026-04-28,CLI-X2KTLIU9T6ZB,AGT-FIE8TXT3PM,Inbound Call,Phone,Transaccional,Transaccional,250.0,139.0,True,False,Neutral,0.13,mexican,colombian,False,"PRD-T1MURNS6O1OQ,PRD-MAP6ZGCPB9Y5",True,True
INT-C56YT8X2230TABSZ,2026-04-28 13:10:51,2026-04-28,CLI-M6UYN8IVUYWC,AGT-I7AE42K1E3,Inbound Call,Phone,Comercial,Comercial,510.0,43.0,False,True,Muy Negativo,-0.72,,,False,"PRD-X356AQZKF11B,PRD-GA0C1CY95F87,PRD-H0BFDKYAQBUK",False,True
INT-91JJGOPOR8U99MLU,2026-04-28 20:22:43,2026-04-28,CLI-T93ZKOX7P94X,AGT-Y8FJ2RWP4X,Inbound Call,Phone,Transaccional,Transaccional,235.0,39.0,True,False,Neutral,0.28,,,False,PRD-RD2OZGLIIP4X,False,True
INT-I6W61VJQCW74P072,2026-04-28 18:30:14,2026-04-28,CLI-4IPPYFTQNLBV,AGT-2MHKH3YW3K,Email,Email,Retención,Retención,,,True,False,Positivo,0.66,mexican,mexican,False,,False,False
INT-0CNWKU4BR2ZJSOL1,2026-04-29 06:16:33,2026-04-28,CLI-ZH7QW70OMW6Z,AGT-3XH8D0QLBH,Email,Email,Producto,Producto,,,True,False,Neutral,-0.3,colombian,mexican,False,,False,False
INT-TFUPYYT1BXUG4UEX,2026-04-29 00:44:41,2026-04-28,CLI-ZWBTEBDNA51D,AGT-DXPI435GIT,Inbound Call,Phone,Transaccional,Transaccional,162.0,86.0,True,True,Neutral,0.24,mexican,mexican,False,,False,True
INT-X8JE88NC9KLH9EBV,2026-04-29 03:39:24,2026-04-28,CLI-TKUOA2P7VT6G,AGT-BBKR0X1EN5,Inbound Call,Phone,Técnico,Técnico,464.0,154.0,True,False,Positivo,0.53,,,False,,False,True
INT-WMRJBQA8HBVKRUB1,2026-04-28 19:11:42,2026-04-28,CLI-6P2AB2FZVJAG,AGT-AJ8SSRN9XM,Inbound Call,Phone,Técnico,Técnico,218.0,0.0,False,True,Neutral,0.23,mexican,mexican,False,,True,True
INT-2QX9XYQQ4ROVQ736,2026-04-28 11:10:12,2026-04-28,CLI-I6RS8Z9ELMAC,AGT-LW5BLOM0FA,Outbound Call,Phone,Técnico,Técnico,456.0,,True,True,Negativo,-0.5,,,False,,False,True
INT-5OFIXCDRW8O4OVBF,2026-04-29 01:05:26,2026-04-28,CLI-28AN1WFMU4D6,AGT-5TL2B7ELKV,Inbound Call,Phone,Queja,Queja,280.0,141.0,False,True,Negativo,-0.4,mexican,mexican,False,,False,True
INT-8GEFTDCQB1RRTLFT,2026-04-28 20:46:09,2026-04-28,CLI-21FI0BY96KUZ,AGT-WRFG8F6YNC,Outbound Call,Phone,Transaccional,Transaccional,158.0,,True,False,Neutral,0.09,mexican,mexican,False,,False,True
INT-M806OSS7Q2P8GSRK,2026-04-28 15:58:44,2026-04-28,CLI-VF3D4706X692,AGT-020055Q6ET,Email,Email,Técnico,Técnico,,,True,False,Positivo,0.3,mexican,mexican,False,,False,False
INT-CAHG4AYEYHVTLEEW,2026-04-29 07:37:36,2026-04-28,CLI-YRAXHBLXQS2F,AGT-NQ6WIG9OWH,Inbound Call,Phone,Queja,Queja,491.0,100.0,True,False,Neutral,0.21,,,False,,False,True
INT-S62PVP0CLHFIOLJO,2026-04-29 05:26:52,2026-04-28,CLI-LSKA650C63DP,AGT-PLUMVDKU8D,Inbound Call,Phone,Retención,Retención,517.0,194.0,False,True,Negativo,-0.48,argentine,argentine,True,,False,True
INT-QTF4C924M0L56SC8,2026-04-29 07:51:24,2026-04-28,CLI-EYYQ38WHKP7K,AGT-632VJ0ER29,Chat,WhatsApp,Transaccional,Transaccional,,,True,False,Neutral,0.09,colombian,colombian,False,"PRD-RTRU1JYYFVK8,PRD-1UWJEORY8MW0,PRD-LRS7SCRC40PM",True,False
INT-SWZ7JCWAFY44X30D,2026-04-29 07:42:27,2026-04-28,CLI-4Z11SA5FHS58,AGT-Z8JR0B77VI,Inbound Call,Phone,Producto,Producto,207.0,159.0,True,False,Neutral,0.26,mexican,argentine,False,"PRD-D4OETV5JPZ9M,PRD-ZQI5XUR6S3V1,PRD-B5WS4RAVSU63",False,True
INT-2UJJJR59F6ZVHBI3,2026-04-28 13:15:34,2026-04-28,CLI-Z400XP54GJCV,AGT-M261ILATNY,Outbound Call,Phone,Transaccional,Transaccional,224.0,,True,False,Neutral,0.23,argentine,argentine,False,,True,True
INT-RGGNU3XFWPYIZMA7,2026-04-29 05:39:27,2026-04-28,CLI-87S4REQ9ULSC,AGT-ZVUQVJGIOG,Outbound Call,Phone,Producto,Producto,284.0,,True,False,Neutral,0.04,colombian,colombian,True,"PRD-XF5R1TXHLNI7,PRD-RZ5R4GVTBOXV",False,True
INT-0BBOHJ33VITXAUQT,2026-04-28 15:38:59,2026-04-28,CLI-7QGGF3KTL3D3,AGT-OB1QMLOS9A,Inbound Call,Phone,Producto,Producto,176.0,214.0,True,False,Neutral,0.0,colombian,colombian,False,PRD-B9QLN9DZ6OIC,False,True
INT-2QI1Z861R6R42WB7,2026-04-28 14:46:28,2026-04-28,CLI-OHDJTP61W4R9,AGT-98ZSNF8YWV,Chat,App,Transaccional,Transaccional,,,True,False,Neutral,-0.25,mexican,mexican,False,,False,False
INT-XU320EV2NSOT2DPS,2026-04-29 04:03:47,2026-04-28,CLI-O5AYHHS6IEYD,AGT-DJ2LBQOGP3,Chat,WhatsApp,Transaccional,Transaccional,,,True,True,Neutral,-0.24,,,False,,False,False
INT-H8SJD6VZCG0H4GH7,2026-04-28 12:02:37,2026-04-28,CLI-3YO50YRP6NPZ,AGT-HSNO92AITC,Inbound Call,Phone,Producto,Producto,280.0,191.0,True,False,Neutral,-0.3,colombian,colombian,True,,False,True
INT-DTHCIGC82N9C4591,2026-04-28 13:32:48,2026-04-28,CLI-TPE8I1DFR2M3,AGT-YTZ9ORZT0J,Inbound Call,Phone,Transaccional,Transaccional,619.0,37.0,True,True,Neutral,0.19,mexican,mexican,False,PRD-1D96VP26I5DL,False,True
INT-84PEA0OU0QXTWIP9,2026-04-28 22:53:20,2026-04-28,CLI-3SBHD5ARDT5Q,AGT-4EBSCOM63S,Outbound Call,Phone,Técnico,Técnico,353.0,,True,False,Neutral,0.24,argentine,argentine,False,"PRD-B84O3XDDOTKX,PRD-42L3ARF1WQLD,PRD-NTZIAGJOS0LR",True,True
INT-D0R6NGY2PEZQ8962,2026-04-29 07:25:16,2026-04-28,CLI-L0QS7SLCC0GW,AGT-9PZ6W3LDGU,Inbound Call,Phone,Queja,Queja,415.0,119.0,False,True,Positivo,0.63,mexican,mexican,False,"PRD-5V0E2RZBXDU6,PRD-84FUMV88S9FF,PRD-ZQMB51032M9F",True,True
INT-XW68FPWMX7BN664G,2026-04-29 06:49:17,2026-04-28,CLI-R674D4YJT3PY,AGT-XFS0SGZE95,Inbound Call,Phone,Producto,Producto,206.0,171.0,True,False,Negativo,-0.6,mexican,mexican,False,"PRD-XW1MTCHNL2V3,PRD-UCMC13SFQYHE,PRD-S7PW99VUA49B",False,True
INT-OY84UGWRXCLUU9W5,2026-04-29 05:23:59,2026-04-28,CLI-CJBBUWT7B4ZR,AGT-WRGIA5DDCB,Outbound Call,Phone,Técnico,Técnico,447.0,,False,True,Neutral,0.21,colombian,colombian,False,"PRD-69JGEN8ESL8I,PRD-G0C2FYNLRZGX",False,True
INT-4Q9C2HOZUJRG4IKV,2026-04-28 18:15:41,2026-04-28,CLI-7YIPH37GL7JP,AGT-IOAGLENSDV,Inbound Call,Phone,Queja,Queja,544.0,126.0,True,False,Neutral,-0.25,colombian,mexican,False,"PRD-83PIZOM6NUSW,PRD-9LIZSALQHJ3K",True,True
INT-L27EBCZY6TR7A3U6,2026-04-28 19:20:03,2026-04-28,CLI-U8JZASBAZZ8W,AGT-6ZZW9BKBOC,Inbound Call,Phone,Producto,Producto,254.0,142.0,True,False,Neutral,-0.14,,,False,,False,True
INT-GHKI4A7R3UTFXR2T,2026-04-28 11:48:10,2026-04-28,CLI-JF0D4WXVGA7A,AGT-57TC8S3DE3,Inbound Call,Phone,Producto,Producto,464.0,77.0,True,False,Neutral,-0.01,mexican,mexican,False,,False,True
INT-JHM2JXYZN5GW869C,2026-04-29 03:43:56,2026-04-28,CLI-BNG6MEWGU3IW,AGT-0WS31AIHF0,Chat,Web Chat,Producto,Producto,,,True,False,Neutral,0.24,mexican,argentine,False,,False,False
INT-F4K99CCBWXBNOMRS,2026-04-28 09:32:22,2026-04-28,CLI-XNURKCHXBM5D,AGT-SBUNV1M04D,Inbound Call,Phone,Queja,Queja,174.0,12.0,False,True,Negativo,-0.59,,,False,,False,True
INT-ZILARP4A13PXXOH0,2026-04-28 10:42:28,2026-04-28,CLI-TDPD6KWDKIOJ,AGT-DELTRDO2X7,Outbound Call,Phone,Producto,Producto,214.0,,False,True,Negativo,-0.43,,,False,PRD-T6IA8ARZ0FIG,False,True
INT-E0IV5JJLWFKDNKC3,2026-04-28 23:57:59,2026-04-28,CLI-W2MTLN53UEIL,AGT-29JHQCW7PX,Inbound Call,Phone,Transaccional,Transaccional,142.0,17.0,True,False,Neutral,-0.16,mexican,mexican,False,,False,True
INT-41M018G1TDV67J2A,2026-04-29 05:02:57,2026-04-28,CLI-D5US5Q686CIL,AGT-EBM3J7XZ6E,Chat,Web Chat,Retención,Retención,,,False,True,Muy Positivo,0.96,colombian,colombian,False,"PRD-0B81S8964SMU,PRD-V5JGK5JDBYP2,PRD-F1ABU3CZPYKA",False,False
INT-455U9R8HPO0NX1CN,2026-04-28 11:11:45,2026-04-28,CLI-5B0X04VFPF0G,AGT-1LZC3FE0Y5,Outbound Call,Phone,Transaccional,Transaccional,123.0,,True,False,Neutral,0.24,,,False,,True,True
INT-I8XTDN8JOFRYM7W3,2026-04-28 17:08:46,2026-04-28,CLI-Q9078JU9RFZ3,AGT-P8AKH6CJ9L,Inbound Call,Phone,Comercial,Comercial,524.0,119.0,True,False,Neutral,-0.09,mexican,argentine,False,"PRD-ZLBPUQCFQ50A,PRD-4AREP5JX967C",False,True
INT-N2W5OZCV4YFLTSLX,2026-04-28 19:05:19,2026-04-28,CLI-2OJV9DGI4O6L,AGT-J6HJ50RRFC,Chat,Web Chat,Transaccional,Transaccional,,,True,False,Neutral,-0.26,,,False,"PRD-AVWH9XXLC5U1,PRD-KOJOP1OC43CH",False,False
INT-4W0M8RNYPK5IUW1H,2026-04-28 12:34:19,2026-04-28,CLI-FGT28369B585,AGT-7UKL3VB0OR,Inbound Call,Phone,Producto,Producto,92.0,120.0,True,False,Neutral,0.3,mexican,mexican,False,,True,True
INT-PEKG3Z9UKWGV0AM9,2026-04-28 14:28:47,2026-04-28,CLI-2KAQG505GUIF,AGT-Q8AGV9WXXS,Inbound Call,Phone,Producto,Producto,366.0,74.0,True,True,Neutral,0.19,argentine,argentine,False,,False,True
INT-L7ML92AXTDKBGOMN,2026-04-29 03:21:36,2026-04-28,CLI-Z0HZA40Q4JM5,AGT-OR7DN8OOL8,Inbound Call,Phone,Transaccional,Transaccional,129.0,195.0,True,False,Neutral,0.23,argentine,colombian,False,PRD-5VUZ1QBQEJ26,False,True
INT-7HJ7N7N0OK4YDHWQ,2026-04-29 01:50:55,2026-04-28,CLI-EPJD9S5IHZFX,AGT-L9LMIGUHNZ,Inbound Call,Phone,Comercial,Comercial,656.0,158.0,True,False,Muy Negativo,-0.85,mexican,mexican,False,"PRD-L6BLTA7XO6XK,PRD-AVCEJCS1PJOP,PRD-U9CMJNZPZL22",False,True
INT-7TCZUAIWFPGC2L2O,2026-04-28 08:52:40,2026-04-28,CLI-P1B38ICEB05P,AGT-GBHL3XZPKH,Inbound Call,Phone,Técnico,Técnico,455.0,63.0,False,True,Neutral,-0.22,,,False,"PRD-BEIAMHVSDLIG,PRD-3Y6XT68NJNXF,PRD-BVC13OSLLEZZ",False,True
INT-0CUKTE543L1LDHJP,2026-04-28 20:25:12,2026-04-28,CLI-4HO2D5Y0U1VH,AGT-ZLA03QJGS8,Inbound Call,Phone,Transaccional,Transaccional,198.0,114.0,True,False,Neutral,0.26,,,False,PRD-AOJKO8F7QTPZ,False,True
INT-GRXTM0CEY32QG4QG,2026-04-29 05:53:01,2026-04-28,CLI-VNESX3B8ELXM,AGT-MV1S3NK1UZ,Inbound Call,Phone,Comercial,Comercial,292.0,192.0,True,False,Positivo,0.38,,,False,,True,True
INT-EQLBQ23DHRYDCMKS,2026-04-29 01:01:59,2026-04-28,CLI-GU0UXETUVK1B,AGT-30XROFW4ZA,Inbound Call,Phone,Transaccional,Transaccional,142.0,128.0,True,False,Neutral,-0.18,mexican,colombian,False,,False,True
INT-7CC5WABKIWZDOLGP,2026-04-28 15:36:22,2026-04-28,CLI-652RUFI6R86P,AGT-SRVYKVRU3O,Chat,Web Chat,Retención,Retención,,,False,True,Negativo,-0.4,mexican,argentine,False,,True,False
INT-QNJIAFY2IDOHURNT,2026-04-28 22:37:06,2026-04-28,CLI-5VGPBZTPKAQA,AGT-BQKJV90OIO,Inbound Call,Phone,Técnico,Técnico,270.0,216.0,True,False,Neutral,-0.09,colombian,colombian,False,,False,True
INT-IZFUCT1AEZAZBP3N,2026-04-28 12:23:13,2026-04-28,CLI-WY9ULRBV0KP9,AGT-QMHTY08PP0,Outbound Call,Phone,Producto,Producto,132.0,,True,False,Neutral,-0.28,mexican,colombian,False,,False,True
INT-EPPH7T0B8TK3P7U6,2026-04-28 16:51:08,2026-04-28,CLI-8CBFFBEL2KI0,AGT-XVCQFDZIIN,Inbound Call,Phone,Producto,Producto,191.0,0.0,True,False,Neutral,0.16,,,True,PRD-K3DPHE7SRJFY,False,True
INT-5IEOM3BZH0VMB6TL,2026-04-28 10:31:44,2026-04-28,CLI-7XGGE69M8COI,AGT-UO6O5BGYNF,Chat,App,Producto,Producto,,,True,False,Neutral,0.23,colombian,mexican,False,"PRD-KDZZ2Q4UBAUF,PRD-1H0YG327TNFC",False,False
INT-1CZ30B86L5Q8PUTP,2026-04-28 09:11:55,2026-04-28,CLI-PJHVSS6Z03MO,AGT-ILZ3O4HNJ7,Inbound Call,Phone,Técnico,Técnico,414.0,95.0,True,False,Neutral,-0.14,mexican,mexican,True,,False,True
INT-SI45ZATG8Q44MJ3S,2026-04-29 01:50:35,2026-04-28,CLI-0RBZ7EEFXIBR,AGT-YBP5UDK1VN,Chat,WhatsApp,Transaccional,Transaccional,,,True,True,Neutral,0.3,,,True,,False,False
INT-Z2WZP5N543D2BKEX,2026-04-28 19:46:40,2026-04-28,CLI-CAX49XYMW52Q,AGT-IB1X9BWBN2,Inbound Call,Phone,Transaccional,Transaccional,121.0,167.0,True,False,Neutral,-0.2,,,False,,True,True
INT-O1NZE4E7BSFYO0IQ,2026-04-28 13:22:49,2026-04-28,CLI-KK08CIXG1PGJ,AGT-CTUYD8XUXN,Inbound Call,Phone,Producto,Producto,300.0,176.0,True,False,Positivo,0.53,,,False,"PRD-ZVVSJ9QWQQSI,PRD-8TJR5MR6T0HT",False,True
INT-I7MX5U878NQF2M59,2026-04-29 06:21:11,2026-04-28,CLI-XKTNLIKF68R2,AGT-YETUBFGAV5,Inbound Call,Phone,Queja,Queja,338.0,94.0,False,True,Positivo,0.57,mexican,mexican,False,,False,True
INT-U9MZ8T1HOESULJSB,2026-04-28 11:11:32,2026-04-28,CLI-4YIF3KYG6IFC,AGT-KL8LWJNEC8,Inbound Call,Phone,Producto,Producto,393.0,219.0,True,True,Neutral,0.03,mexican,mexican,False,,False,True
INT-RQ6L8AIAY89WGJ4F,2026-04-28 20:56:46,2026-04-28,CLI-QPM8QXVT3ZWD,AGT-0QS3PWRJNI,Inbound Call,Phone,Transaccional,Transaccional,148.0,59.0,False,True,Neutral,-0.15,,,False,"PRD-CDHRAIY3CTK7,PRD-QQ0PDZHPT64N",False,True
INT-QFS9D2E20SFG5K90,2026-04-28 14:59:10,2026-04-28,CLI-QZA38N2I5DR9,AGT-T82UMP9J0W,Inbound Call,Phone,Técnico,Técnico,469.0,112.0,True,False,Negativo,-0.61,argentine,argentine,False,PRD-KMZWY3B1OBPE,False,True
INT-68VKHTPBI6I0GULP,2026-04-28 10:43:02,2026-04-28,CLI-FU2E8WCVKHW5,AGT-VFQGSL284E,Email,Email,Producto,Producto,,,True,False,Neutral,-0.08,colombian,colombian,False,,True,False
INT-SMNRYDMWGQ0MIJP0,2026-04-29 03:56:44,2026-04-28,CLI-TCKNA1Z2T49F,AGT-ZZLDFFK5KX,Inbound Call,Phone,Transaccional,Transaccional,141.0,118.0,True,False,Neutral,-0.14,,,False,"PRD-3KYOEZ909AEE,PRD-7GIPGO6UB6PB",False,True
INT-G5A1Q4IXADGAY19I,2026-04-28 18:38:37,2026-04-28,CLI-9DF82S3W2CVC,AGT-F0YXXAXRAU,Inbound Call,Phone,Producto,Producto,202.0,124.0,True,False,Muy Positivo,0.92,mexican,mexican,False,,False,True
INT-CS8T1K08L2X4WVUX,2026-04-28 19:21:57,2026-04-28,CLI-67KMA0S59YK2,AGT-E8XE5LM9XO,Video,Web,Transaccional,Transaccional,196.0,,True,False,Neutral,-0.15,mexican,mexican,False,,False,True
INT-7E1LQNE8202D81ZD,2026-04-28 14:57:00,2026-04-28,CLI-Y8L3MF3QG0Y3,AGT-09L5Z8WQAS,Inbound Call,Phone,Transaccional,Transaccional,217.0,135.0,True,False,Neutral,-0.06,mexican,mexican,False,PRD-UA42DSQJSQUE,True,True
INT-3VU6M881MMMLE355,2026-04-29 01:37:19,2026-04-28,CLI-N60877O2KVJQ,AGT-V0731LP1QE,Inbound Call,Phone,Transaccional,Transaccional,195.0,113.0,True,False,Neutral,0.24,,,False,"PRD-HU9CNY6LTNWP,PRD-MJQVX2G49RO9,PRD-FVQ1RED495VV",False,True
INT-QINJ1EZFWFXYPD55,2026-04-29 06:03:41,2026-04-28,CLI-NBFV75P9M5H6,AGT-9W02U9H2GZ,Inbound Call,Phone,Transaccional,Transaccional,391.0,59.0,False,True,Neutral,-0.16,,,False,,False,True
INT-UIFQ4X146CVBOCPN,2026-04-29 06:31:33,2026-04-28,CLI-ZXKB7QF4VT57,AGT-IQ6LUGCFV9,Inbound Call,Phone,Producto,Producto,32.0,45.0,True,False,Neutral,-0.07,,,False,,False,True
INT-SA6F4H3WFHC8SH1T,2026-04-29 01:33:03,2026-04-28,CLI-TKXD1IDHRBM5,AGT-4EBSCOM63S,Inbound Call,Phone,Transaccional,Transaccional,181.0,113.0,True,False,Neutral,0.27,,,False,,True,True
INT-B7O14N6VK1E2MAMG,2026-04-28 09:49:52,2026-04-28,CLI-4D8QNCI7UJG0,AGT-TGN0MJ28ZI,Chat,Web Chat,Queja,Queja,,,False,True,Positivo,0.58,,,False,,True,False
INT-R3NT4HZDV1VUG4A2,2026-04-28 11:02:39,2026-04-28,CLI-5E7ASQT6YNZE,AGT-QZ4OVGMGCA,Inbound Call,Phone,Transaccional,Transaccional,201.0,99.0,True,False,Neutral,-0.3,colombian,mexican,False,,False,True
INT-2VDC0DLTTQ1AYXNO,2026-04-28 08:32:45,2026-04-28,CLI-B9QFYW6U8XZU,AGT-70NA7XO37Z,Outbound Call,Phone,Transaccional,Transaccional,169.0,,True,False,Neutral,-0.1,,,False,"PRD-3FR5SJQ1BKJA,PRD-F7616567JYDU",False,True
INT-SNNAC9G1O8Q5WEW9,2026-04-28 17:57:43,2026-04-28,CLI-2TXHHW2B2SJB,AGT-VIHAWCYHY3,Inbound Call,Phone,Queja,Queja,566.0,17.0,False,True,Negativo,-0.59,mexican,mexican,False,,True,True
INT-B6IH0WYW8XPZ6F4T,2026-04-28 16:30:39,2026-04-28,CLI-4APYLQAL03N7,AGT-MZEQR4UPDP,Inbound Call,Phone,Transaccional,Transaccional,234.0,83.0,True,False,Neutral,-0.27,mexican,colombian,False,,False,True
INT-05Q71ACQAN5NCLBH,2026-04-28 10:01:41,2026-04-28,CLI-9XV3DFMPI29D,AGT-KQP4TBDPA5,Outbound Call,Phone,Técnico,Técnico,353.0,,True,True,Neutral,-0.19,,,False,,False,True
INT-CTTAYCZSPXGSL102,2026-04-28 19:43:28,2026-04-28,CLI-HK0YXUV0YTYJ,AGT-DF77TQ66S1,Inbound Call,Phone,Queja,Queja,671.0,182.0,True,False,Negativo,-0.35,colombian,colombian,False,"PRD-GL03O7E3DBYK,PRD-W6H6Q75R3BR4,PRD-5DVKJJSIOT4X",False,True
INT-GSARU2TGFQV9XFYI,2026-04-29 03:16:52,2026-04-28,CLI-2N848WUSN7WU,AGT-E7F95ZYZZ5,Chat,App,Transaccional,Transaccional,,,True,False,Neutral,-0.28,,,False,,False,False
INT-MZ8JD5F0MG0H3GCE,2026-04-28 09:03:01,2026-04-28,CLI-DZ0HJG7IMAKU,AGT-H4WPLB7OBS,Email,Email,Producto,Producto,,,True,False,Neutral,-0.16,mexican,mexican,False,"PRD-00DWCV61CSJW,PRD-5IGQVVVI0ZVF,PRD-W83I51W47VQ0",False,False
INT-P0DI1E5E3VGCWE45,2026-04-28 16:08:10,2026-04-28,CLI-BHIN1TDT8RWG,AGT-NVXKQOY9ML,Outbound Call,Phone,Técnico,Técnico,380.0,,True,False,Muy Negativo,-0.98,colombian,mexican,False,,False,True
INT-RHVZ8TXCD9PBE8H5,2026-04-28 16:02:09,2026-04-28,CLI-3NY5O204B2RO,AGT-O53IQ398ZA,Inbound Call,Phone,Producto,Producto,322.0,293.0,True,False,Neutral,-0.05,mexican,mexican,False,,False,True
INT-EOM0EPEUYL7D83IK,2026-04-28 22:11:40,2026-04-28,CLI-0YEG14KWIWS2,AGT-4R60WIH6RO,Inbound Call,Phone,Comercial,Comercial,579.0,63.0,False,True,Neutral,0.09,argentine,argentine,False,,False,True
INT-SIKOZWD91FGTH17B,2026-04-29 01:31:49,2026-04-28,CLI-ALRSVYGG38PC,AGT-CEA1C9BKKF,Chat,WhatsApp,Comercial,Comercial,,,True,False,Neutral,0.17,,,False,,False,False
INT-8AALPMT2R0FFDCBL,2026-04-28 17:17:47,2026-04-28,CLI-NA28ZDDR42W0,AGT-FIE8TXT3PM,Inbound Call,Phone,Queja,Queja,549.0,0.0,True,False,Negativo,-0.61,mexican,mexican,False,,False,True
INT-RII96KAO2Z82PG4A,2026-04-28 08:54:53,2026-04-28,CLI-UTUTO8FA3SNZ,AGT-D823QIGFPO,Inbound Call,Phone,Transaccional,Transaccional,159.0,197.0,True,False,Neutral,-0.03,,,False,"PRD-GL4RRQACYPVG,PRD-Q0C88SW465VE,PRD-N5NOCYX7KAFS",False,True
INT-MN17KHFZADMX2XXP,2026-04-29 02:57:47,2026-04-28,CLI-8QN7M7VI0UZZ,AGT-RE07DENY5A,Inbound Call,Phone,Técnico,Técnico,416.0,293.0,False,True,Negativo,-0.42,,,False,,False,True
INT-CXNWB5M1S2NOKE2D,2026-04-28 22:08:18,2026-04-28,CLI-LEL47J38D7BJ,AGT-TWN2VTJSI9,Inbound Call,Phone,Transaccional,Transaccional,365.0,31.0,True,False,Neutral,0.26,colombian,colombian,True,,True,True
INT-WXBPANRJO2UC8NFA,2026-04-28 23:47:23,2026-04-28,CLI-Q78PYCM9A630,AGT-SJB0SX5YBM,Inbound Call,Phone,Técnico,Técnico,185.0,161.0,False,True,Neutral,-0.17,,,False,,False,True
INT-BL1SI12TMVT8Q3MU,2026-04-28 08:51:48,2026-04-28,CLI-YZ2PLC40MRMC,AGT-027UBQ07RA,Chat,WhatsApp,Técnico,Técnico,,,True,False,Muy Positivo,0.96,mexican,colombian,False,"PRD-ORXABMYNZ3U5,PRD-7M5WB0FH1YJZ,PRD-QYPJS9U6I70A",False,False
INT-4QC50CLV3E3ZAK2X,2026-04-28 09:29:30,2026-04-28,CLI-LBMIV0NNTT7G,AGT-PFD0CBGK7V,Chat,Web Chat,Transaccional,Transaccional,,,True,False,Neutral,-0.04,mexican,mexican,False,"PRD-2FFT17397VJQ,PRD-LJ81FMO5WPVY",True,False
INT-7XOISNJ0XDMOHRWP,2026-04-28 13:27:16,2026-04-28,CLI-V73DH6QNUCZZ,AGT-9XS8S3F6F9,Inbound Call,Phone,Transaccional,Transaccional,107.0,168.0,True,False,Neutral,0.2,,,False,"PRD-BZ78KXXBK063,PRD-L7F0517AXLSN",False,True
INT-0FXZTBTUPRO5KN7K,2026-04-28 10:51:24,2026-04-28,CLI-LZB5WN9ZQ8OI,AGT-HKU44IP108,Inbound Call,Phone,Queja,Queja,449.0,109.0,False,True,Muy Negativo,-0.73,argentine,argentine,False,"PRD-BHRVND9MCTRQ,PRD-N1A5QC7T6EDV,PRD-U5GF8UIFI4BO",False,True
INT-N76EX6YISCIO23DL,2026-04-28 08:22:43,2026-04-28,CLI-548JJYIXF0YB,AGT-W18EQQEXSG,Inbound Call,Phone,Producto,Producto,206.0,153.0,True,False,Positivo,0.58,mexican,colombian,False,"PRD-PCOWZOO97J37,PRD-5HEWUZDKJLNU",False,True
INT-JOS6EFJH7WVQVRCH,2026-04-29 00:18:19,2026-04-28,CLI-CB40UZXBHQEK,AGT-WZZ580SGIK,Chat,Web Chat,Transaccional,Transaccional,,,False,True,Neutral,-0.04,colombian,colombian,False,PRD-BHCA0IO022LO,False,False
INT-LM4VYR6UNOKEAL0V,2026-04-28 18:54:33,2026-04-28,CLI-N49467Y35UYN,AGT-0FULA5JB42,Outbound Call,Phone,Queja,Queja,549.0,,False,True,Neutral,0.29,argentine,argentine,False,,False,True
INT-4Z614OBKLF630M9A,2026-04-28 15:04:14,2026-04-28,CLI-PETJMIDN5IP0,AGT-XBRLAWNT6Y,Inbound Call,Phone,Retención,Retención,280.0,246.0,True,False,Muy Positivo,0.96,,,False,,True,True
INT-HRE1HKO8Y0LZ4R66,2026-04-29 04:59:45,2026-04-28,CLI-F8BZV2KXBSY6,AGT-CJHWID6B7W,Inbound Call,Phone,Comercial,Comercial,380.0,75.0,False,True,Neutral,0.25,,,False,,True,True
INT-MTSC6MBDNCJMQ414,2026-04-29 03:48:45,2026-04-28,CLI-MOZO48JBKS7V,AGT-4FZILKK4KX,Inbound Call,Phone,Comercial,Comercial,726.0,43.0,False,True,Negativo,-0.63,argentine,argentine,False,"PRD-TTJG1COOXDJQ,PRD-RBRNSX70B6RT,PRD-9KKA4KG3EJ3D",True,True
INT-NVZHB6M5NIX4887T,2026-04-28 21:47:24,2026-04-28,CLI-G6W9AM27Y1ZS,AGT-KUIILLCOPA,Chat,Web Chat,Transaccional,Transaccional,,,True,False,Neutral,-0.25,,,False,PRD-EY9Z374M1BXH,False,False
INT-RVVLUSPXNH4BC3R5,2026-04-28 19:54:53,2026-04-28,CLI-TKSLBZGY29X5,AGT-KFVMJV5MAS,Inbound Call,Phone,Transaccional,Transaccional,514.0,155.0,True,False,Neutral,-0.17,argentine,argentine,False,,False,True
INT-EACT8M90BL3T7KYK,2026-04-28 22:45:01,2026-04-28,CLI-KMK6XCIQ3764,AGT-RZ4O8DO2E0,Inbound Call,Phone,Producto,Producto,174.0,181.0,True,False,Neutral,-0.05,mexican,mexican,True,"PRD-NTEXNQTHAR6S,PRD-1Q5E2BOOXQ5C,PRD-SGT6JTBAH62B",True,True
INT-TF1XG2UDMJCGQBO6,2026-04-28 19:31:31,2026-04-28,CLI-BX2CD5P28BZP,AGT-3VDTAI6D17,Email,Email,Producto,Producto,,,False,True,Neutral,-0.22,argentine,mexican,False,,False,False
INT-IIJDTTJXZ5H7ESQ3,2026-04-28 22:47:33,2026-04-28,CLI-X0O93UT3IRTC,AGT-H4EMIUP105,Inbound Call,Phone,Queja,Queja,562.0,169.0,False,True,Neutral,0.15,mexican,mexican,True,,False,True
INT-O4VCZKO8YMV2YP3Z,2026-04-28 09:27:53,2026-04-28,CLI-SV3A1BNM1IXM,AGT-2NVH86ET7M,Inbound Call,Phone,Técnico,Técnico,300.0,154.0,False,True,Positivo,0.52,colombian,colombian,False,"PRD-Y8SJZ43BOBRN,PRD-OB7DDK0J6LMG",True,True
INT-J1FFEYD5GXF3JSRM,2026-04-29 00:16:28,2026-04-28,CLI-A04V8IX32JL0,AGT-YMCBMMLJCD,Inbound Call,Phone,Transaccional,Transaccional,161.0,200.0,True,False,Neutral,0.29,,,False,,True,True
INT-MDI27KILXCUVXB2T,2026-04-28 13:09:37,2026-04-28,CLI-3JJY95L8FKCA,AGT-VFQGSL284E,Inbound Call,Phone,Técnico,Técnico,428.0,54.0,False,True,Negativo,-0.6,mexican,mexican,False,,False,True
INT-D1T89NQG6AAD6FMS,2026-04-29 02:58:10,2026-04-28,CLI-Z6B4I5N7RQCO,AGT-L9LMIGUHNZ,Inbound Call,Phone,Transaccional,Transaccional,233.0,26.0,True,False,Neutral,-0.14,,,False,,False,True
INT-X3ULGHTF7I3FZ0SJ,2026-04-28 22:44:37,2026-04-28,CLI-4XM6Q4M07EXT,AGT-DXV1N3YM9Q,Inbound Call,Phone,Producto,Producto,443.0,113.0,True,True,Neutral,-0.06,mexican,mexican,True,"PRD-4TCDH50ZGFFE,PRD-ZFFK67EAX85Z,PRD-QDDQ5MQAPVV9",True,True
INT-JB8X2W6336FSZXVZ,2026-04-28 19:37:37,2026-04-28,CLI-SVG72I5QXBU1,AGT-BSQ85EHHBB,Inbound Call,Phone,Queja,Queja,332.0,59.0,True,False,Negativo,-0.34,,,False,,False,True
INT-WZ8V5XPO27SFSVEP,2026-04-28 12:56:42,2026-04-28,CLI-N2H9T3B7P3S9,AGT-M8CHINA9AC,Chat,App,Producto,Producto,,,True,False,Neutral,-0.04,,,False,,False,False
INT-OTG46EJL7PCMT9FZ,2026-04-28 21:48:05,2026-04-28,CLI-YPV2QSJ1PKQJ,AGT-K2UMII2DZE,Outbound Call,Phone,Queja,Queja,575.0,,True,False,Neutral,0.27,,,False,,False,True
INT-C7KI2QB4XHKGJ4EZ,2026-04-28 14:53:23,2026-04-28,CLI-YF9Y415JIRXV,AGT-VH1MSPB0E8,Chat,App,Técnico,Técnico,,,False,True,Neutral,0.15,colombian,colombian,False,PRD-M7F1T1PA1VHO,False,False
INT-7TIF5EX4BAMIU0OX,2026-04-29 04:03:33,2026-04-28,CLI-2PVEMH6LVBX5,AGT-5JI29B48WM,Inbound Call,Phone,Transaccional,Transaccional,316.0,147.0,True,False,Neutral,-0.16,mexican,mexican,False,,False,True
INT-0GQS2R8ET39N3KZN,2026-04-28 22:16:26,2026-04-28,CLI-F18RKMYQI915,AGT-DFWMTQOSYP,Inbound Call,Phone,Producto,Producto,375.0,181.0,False,True,Neutral,0.17,mexican,colombian,False,,False,True
INT-AZEO55B91QFVL1F9,2026-04-28 15:22:59,2026-04-28,CLI-SZKCV5B1H95B,AGT-YBP5UDK1VN,Inbound Call,Phone,Producto,Producto,213.0,249.0,True,False,Neutral,0.29,mexican,mexican,False,"PRD-YM5TXPRKU1S9,PRD-7ECU06M4V264,PRD-MBEVJ76TO062",False,True
INT-UL277IW7YZT4KRJS,2026-04-28 14:10:33,2026-04-28,CLI-F76AK7X2HZVA,AGT-LBM4G3WHV5,Chat,WhatsApp,Producto,Producto,,,True,True,Neutral,-0.16,,,False,"PRD-UMCVP5GWEAQU,PRD-DJCMB4EIPIXQ",True,False
INT-2Y5YHM3013LCVABT,2026-04-28 12:40:20,2026-04-28,CLI-2VM4VCUTIHFY,AGT-DBGB5MKK8K,Outbound Call,Phone,Producto,Producto,300.0,,True,False,Neutral,-0.11,colombian,colombian,True,,False,True
INT-N4A703M1UIFH8GUH,2026-04-28 18:31:12,2026-04-28,CLI-VXH4N3WEX8BJ,AGT-F0YXXAXRAU,Inbound Call,Phone,Queja,Queja,228.0,207.0,False,True,Positivo,0.58,argentine,mexican,False,"PRD-F9TEIS7P58XY,PRD-D6OQTCRGZJD6,PRD-WGIMZKBY7NEM",False,True
INT-6HT3WC56S4QDYLCM,2026-04-28 10:48:27,2026-04-28,CLI-RIRKGBCUCWXP,AGT-H814HN4WBQ,Inbound Call,Phone,Transaccional,Transaccional,308.0,146.0,True,False,Neutral,0.27,argentine,argentine,False,,False,True
INT-66ZX301DNWNEFI99,2026-04-29 04:11:31,2026-04-28,CLI-TH0E5KHC9HI5,AGT-FIE8TXT3PM,Chat,App,Producto,Producto,,,True,False,Neutral,0.14,,,True,,True,False
INT-X2F0QXX3GYUJ2C1U,2026-04-28 22:51:23,2026-04-28,CLI-RCUYQQKOSUAV,AGT-Z32DMC1N4A,Inbound Call,Phone,Transaccional,Transaccional,435.0,195.0,True,False,Neutral,-0.13,mexican,mexican,False,,False,True
INT-3Q7LBDN1ELRBM6JI,2026-04-28 17:19:43,2026-04-28,CLI-0P4BPN2KCX6D,AGT-QQATMOYOS3,Inbound Call,Phone,Transaccional,Transaccional,160.0,210.0,True,False,Neutral,-0.2,argentine,argentine,False,,False,True
INT-ABSQRZ99ACOZMP2U,2026-04-28 09:52:58,2026-04-28,CLI-E9AV1MFUD2YZ,AGT-NL92YNJI55,Inbound Call,Phone,Transaccional,Transaccional,174.0,0.0,True,True,Neutral,-0.28,,,False,,False,True
INT-BWBEE8KFNS77XZ3U,2026-04-29 01:22:08,2026-04-28,CLI-G4XI3WWNYX57,AGT-2F6DCW7N6Q,Inbound Call,Phone,Transaccional,Transaccional,153.0,201.0,True,False,Neutral,-0.03,colombian,colombian,False,,False,True
INT-DF24C2I2E9ICVP2H,2026-04-28 15:34:46,2026-04-28,CLI-5BRBXF2VO8Y4,AGT-QFLBYTE30X,Outbound Call,Phone,Técnico,Técnico,236.0,,True,False,Neutral,0.26,,,False,"PRD-0X576GJ6T2OK,PRD-88JNQHIWGTXJ,PRD-E1UUWBR554AO",False,True
INT-10OXUIBYPAB3WHLX,2026-04-28 12:04:34,2026-04-28,CLI-TWNUT258VSVG,AGT-4VH0KX1M7P,Inbound Call,Phone,Transaccional,Transaccional,276.0,89.0,True,False,Neutral,0.02,mexican,mexican,True,"PRD-ZWUWB8XUANBJ,PRD-J9VMVQXQA3ER,PRD-207YK4UBYR5F",True,True
INT-4Z2686JDF2GYRJK2,2026-04-28 09:58:40,2026-04-28,CLI-PQQDX7TP5XJO,AGT-PX17SVBBET,Email,Email,Producto,Producto,,,True,False,Positivo,0.32,,,False,,False,False
INT-XNHHE7L4335B7WDV,2026-04-28 20:35:48,2026-04-28,CLI-QO2BF79SLJUI,AGT-8KFHE6XRQ4,Inbound Call,Phone,Técnico,Técnico,413.0,166.0,True,False,Negativo,-0.37,colombian,colombian,False,,False,True
INT-HB3896LKFAXHCF9B,2026-04-28 08:50:28,2026-04-28,CLI-VIMOMYKXCMRQ,AGT-PW8EIJKP76,Inbound Call,Phone,Producto,Producto,196.0,187.0,False,True,Neutral,0.11,colombian,colombian,False,"PRD-S43N79IV4089,PRD-659HFWKM5JS8,PRD-KMJC7JKGBHFI",True,True
INT-MDYXWQ6T2TAM8V0M,2026-04-28 23:48:57,2026-04-28,CLI-DHXSJYYT5L1R,AGT-TSSIHYMD02,Inbound Call,Phone,Producto,Producto,221.0,19.0,True,False,Neutral,0.0,mexican,colombian,False,,False,True
INT-NXH7LFSL2PGPLQAM,2026-04-28 19:12:03,2026-04-28,CLI-A8LX435TCOSE,AGT-V5U9CYHX0U,Inbound Call,Phone,Transaccional,Transaccional,235.0,90.0,False,True,Neutral,-0.05,,,False,"PRD-RS3QJHOW7HLC,PRD-PW1OBWM3EK2X,PRD-P2BFJITJVD4X",False,True
INT-OYJNAYLLYPBIUPCA,2026-04-28 08:24:29,2026-04-28,CLI-RD74L4XXHBRO,AGT-24XX6P3FO7,Inbound Call,Phone,Transaccional,Transaccional,279.0,183.0,False,True,Neutral,0.21,mexican,mexican,False,,True,True
INT-NQ0SLOEUI58LQV34,2026-04-29 06:58:22,2026-04-28,CLI-UGU15C53OZ40,AGT-OHDGRCT0SL,Inbound Call,Phone,Queja,Queja,61.0,0.0,True,False,Neutral,-0.14,colombian,argentine,False,,False,True
INT-7B2NW36EMPU1GEWM,2026-04-29 01:07:08,2026-04-28,CLI-VLFQZZF61ZGD,AGT-YRRA4HF4J8,Inbound Call,Phone,Transaccional,Transaccional,373.0,138.0,True,False,Neutral,-0.15,,,False,,False,True
INT-5SQ6PY7OYPZUN9GY,2026-04-28 22:51:03,2026-04-28,CLI-K7THK80HPYO9,AGT-EDV4G21PUV,Inbound Call,Phone,Queja,Queja,510.0,68.0,False,True,Positivo,0.48,colombian,colombian,False,,True,True
INT-R6QSPYK3S1O59MHC,2026-04-28 09:14:14,2026-04-28,CLI-SSXXUJIW4IUS,AGT-ANQRQONI3V,Inbound Call,Phone,Retención,Retención,730.0,81.0,True,False,Neutral,0.3,mexican,mexican,False,"PRD-NK9OP6EE35X3,PRD-QI114XZ7JH5A,PRD-ANHUGN9UBR5R",False,True
INT-RTHZEHMAVF22WFZU,2026-04-28 08:17:49,2026-04-28,CLI-GJ5YCF3C28XU,AGT-RI0LZ2D6YJ,Inbound Call,Phone,Transaccional,Transaccional,254.0,115.0,True,False,Neutral,-0.11,mexican,mexican,False,,False,True
INT-IN2MMC1NKEDM3MJE,2026-04-28 08:40:04,2026-04-28,CLI-RGAPTXAVKZIF,AGT-EI5HV76G6F,Inbound Call,Phone,Producto,Producto,376.0,96.0,True,False,Neutral,-0.12,,,False,PRD-JP3XFUIOC6U2,False,True
INT-97DVCVCPG3HRDAA5,2026-04-29 02:51:22,2026-04-28,CLI-0HQ3SLBR4ONJ,AGT-Y01RTJUOQJ,Inbound Call,Phone,Transaccional,Transaccional,147.0,180.0,True,False,Neutral,0.12,,,False,,False,True
INT-8RUIN4RYD9ET13KY,2026-04-28 13:09:02,2026-04-28,CLI-E80ILQHE9Y3O,AGT-VTQJ9SJZEV,Inbound Call,Phone,Queja,Queja,408.0,91.0,False,True,Neutral,-0.06,colombian,colombian,False,"PRD-B6JIWNPFVXS2,PRD-VFM4Y520H5Y4",False,True
INT-51A5K8R8ZJC8CQQK,2026-04-28 15:44:45,2026-04-28,CLI-TBGDRT2T1YVL,AGT-Z32DMC1N4A,Inbound Call,Phone,Técnico,Técnico,252.0,135.0,True,False,Positivo,0.58,colombian,mexican,False,,False,True
INT-LYKYP1WGWGAA7FRK,2026-04-28 17:27:14,2026-04-28,CLI-28T6UKYJ9JWJ,AGT-HEY1DFYU3O,Inbound Call,Phone,Producto,Producto,332.0,25.0,True,True,Neutral,0.21,,,False,,False,True
INT-6063MZWIK9RKEEFG,2026-04-29 01:37:11,2026-04-28,CLI-KA8RA42GI3TE,AGT-EBM3J7XZ6E,Inbound Call,Phone,Producto,Producto,175.0,97.0,True,False,Neutral,0.1,colombian,colombian,False,,True,True
INT-6DC99TVR9URPRUWA,2026-04-28 21:06:50,2026-04-28,CLI-FYM9SL07EK6P,AGT-I1VYP1D801,Chat,Web Chat,Producto,Producto,,,True,False,Neutral,-0.08,argentine,argentine,False,,False,False
INT-VA48M00ARNV7P7OX,2026-04-28 15:48:00,2026-04-28,CLI-2H1RY4I6GYGC,AGT-S2G1OMBABG,Outbound Call,Phone,Producto,Producto,164.0,,True,False,Neutral,0.3,mexican,mexican,False,,False,True
INT-X9U5TZ4OA2FHEK27,2026-04-29 00:50:40,2026-04-28,CLI-ND2DWRLFDGYV,AGT-RM928J5EOG,Inbound Call,Phone,Transaccional,Transaccional,295.0,147.0,False,True,Neutral,-0.02,,,False,"PRD-5WISVSB10FVR,PRD-2XOWYYJWV423",True,True
INT-XLDZ86QUQMP7E02Q,2026-04-28 14:56:03,2026-04-28,CLI-7SDIBRCQH238,AGT-42595PIZVY,Inbound Call,Phone,Transaccional,Transaccional,136.0,113.0,False,True,Neutral,-0.2,colombian,colombian,False,"PRD-YEWZCHBSSAOZ,PRD-H8VZTBOXQJMY",False,True
INT-NWW88HN74JOS8UAC,2026-04-28 18:35:19,2026-04-28,CLI-MIZA2LRK9FB8,AGT-V879G2OOFG,Inbound Call,Phone,Producto,Producto,282.0,189.0,True,False,Neutral,-0.24,colombian,colombian,False,,False,True
INT-4EAPYPH6N8KODLAQ,2026-04-28 12:09:26,2026-04-28,CLI-96AKF39U4A6T,AGT-J6HJ50RRFC,Chat,App,Queja,Queja,,,True,False,Positivo,0.41,mexican,mexican,False,,False,False
INT-IPETIPM15PTZC60D,2026-04-28 13:47:39,2026-04-28,CLI-9LJSLP6YIWRK,AGT-YMZKRGSJNL,Inbound Call,Phone,Transaccional,Transaccional,94.0,120.0,True,False,Neutral,0.09,,,False,,False,True
INT-GFGX52OJYPH3G6IW,2026-04-28 23:15:14,2026-04-28,CLI-YTTET4LUBTE6,AGT-613L388D8L,Outbound Call,Phone,Producto,Producto,262.0,,True,True,Neutral,-0.29,argentine,argentine,False,,False,True
INT-AJ447RICZ05DMYV2,2026-04-28 21:44:51,2026-04-28,CLI-7F6SVPJOEQQY,AGT-Y8FJ2RWP4X,Chat,WhatsApp,Transaccional,Transaccional,,,True,False,Neutral,-0.02,colombian,colombian,False,PRD-7CZUCQ0M10D7,True,False
INT-V8FPCSCC03MO1WFK,2026-04-28 08:15:49,2026-04-28,CLI-0CFQX6FIBDTA,AGT-KMZE7JK6KH,Inbound Call,Phone,Queja,Queja,453.0,158.0,True,False,Neutral,-0.14,mexican,mexican,True,,True,True
INT-FBWRMQG78I5DOMN0,2026-04-28 20:03:03,2026-04-28,CLI-MKXQDSEXVKDQ,AGT-RB7B1VQ0JL,Inbound Call,Phone,Transaccional,Transaccional,233.0,54.0,True,False,Neutral,0.21,mexican,mexican,False,,False,True
INT-NSH45034T0NYLJXD,2026-04-29 03:32:08,2026-04-28,CLI-DQSZCXTHGPER,AGT-82LH3XCRLZ,Email,Email,Transaccional,Transaccional,,,True,False,Neutral,0.2,colombian,colombian,False,"PRD-OK6KGX5MCR04,PRD-WEZMSDJO8I2J,PRD-WC8JMF2KMUTI",False,False
INT-NXZD2V76LKUW5IW3,2026-04-29 02:57:55,2026-04-28,CLI-0TXB6ZX3AGK9,AGT-0BNYKOVLMJ,Inbound Call,Phone,Transaccional,Transaccional,186.0,132.0,True,False,Neutral,0.06,,,False,,True,True
INT-GKOEEFSC31MDRLIG,2026-04-28 16:32:26,2026-04-28,CLI-M22HEM6409UB,AGT-VBPI4ZZ5XX,Inbound Call,Phone,Transaccional,Transaccional,173.0,210.0,True,False,Neutral,0.09,,,False,"PRD-IR0JS7O1VREI,PRD-3AU4PSS5ZG14",False,True
INT-33OEH8LO8R5MDWY8,2026-04-28 13:15:22,2026-04-28,CLI-ABXKYPPZ17B8,AGT-VBPI4ZZ5XX,Inbound Call,Phone,Transaccional,Transaccional,152.0,53.0,True,False,Neutral,0.03,,,False,,False,True
INT-ZJCUJFI7EGFEQ35O,2026-04-28 17:29:38,2026-04-28,CLI-L3X8AT6M8QQD,AGT-RFSAWCKQ3R,Inbound Call,Phone,Transaccional,Transaccional,437.0,47.0,True,False,Neutral,0.11,mexican,mexican,False,,False,True
INT-S1Y9JK5YF81AHQEI,2026-04-28 23:58:43,2026-04-28,CLI-VW446WHJI0HZ,AGT-S1A5VZL0SM,Inbound Call,Phone,Producto,Producto,253.0,104.0,True,False,Neutral,-0.17,argentine,argentine,False,"PRD-0DJF3TH5ZHUR,PRD-BB3Z8FGO10O1",False,True
INT-60ON2CQCRYKVHTWF,2026-04-29 07:43:44,2026-04-28,CLI-PSW9TW3FMKS7,AGT-7XS8GUBKR1,Inbound Call,Phone,Producto,Producto,314.0,169.0,True,False,Neutral,-0.15,colombian,colombian,False,"PRD-4A5L1XV6FIPP,PRD-2RVFVMQZVXZ9",False,True
INT-GRMIWVFR1X9F0CUO,2026-04-28 09:27:01,2026-04-28,CLI-8UMCTF26D8SS,AGT-E1HYYKT3NN,Outbound Call,Phone,Queja,Queja,590.0,,True,True,Negativo,-0.41,colombian,colombian,False,,False,True
INT-IIFIHLRQRSQXHZC4,2026-04-28 14:37:43,2026-04-28,CLI-5QPS2POBT9XM,AGT-GBHL3XZPKH,Inbound Call,Phone,Producto,Producto,302.0,121.0,True,True,Negativo,-0.6,mexican,mexican,False,,False,True
INT-SHM7KO3TLOI69Q8Q,2026-04-28 21:55:59,2026-04-28,CLI-271LVWUTFPKT,AGT-JG7DEBTE1E,Chat,WhatsApp,Producto,Producto,,,True,False,Positivo,0.62,,,False,,False,False
INT-4P5R350FJIH999NV,2026-04-29 07:03:11,2026-04-28,CLI-R2H892FARSKZ,AGT-7XMY5AHEK5,Inbound Call,Phone,Transaccional,Transaccional,149.0,86.0,True,False,Neutral,-0.27,mexican,mexican,False,,False,True
INT-XT7PURNJ7SHHHCFL,2026-04-28 10:28:25,2026-04-28,CLI-95G6KO3LP8ZD,AGT-JJY1EX95CQ,Chat,Web Chat,Técnico,Técnico,,,True,False,Positivo,0.33,,,False,"PRD-DPBFUAZ6TSZN,PRD-6Q46EGHKSVSU,PRD-IE2XD5DWTTQ8",False,False
INT-DVX540R1HGVNH8MO,2026-04-29 00:49:12,2026-04-28,CLI-97ZI9LN2KPUS,AGT-ESK10JFPQQ,Inbound Call,Phone,Transaccional,Transaccional,220.0,145.0,False,True,Neutral,-0.23,,,False,"PRD-HZ0YSIJ0FR41,PRD-C6C3Q055K5F7",False,True
INT-HY6YRKXXHMW0TKH2,2026-04-28 10:50:06,2026-04-28,CLI-H5B90OZJWBUG,AGT-JCQPNEURE8,Outbound Call,Phone,Transaccional,Transaccional,156.0,,True,False,Neutral,0.07,mexican,colombian,False,,False,True
INT-NZCLXH3B3VW5Z293,2026-04-28 20:37:31,2026-04-28,CLI-J921V90H9MQM,AGT-X49CRHRG9G,Inbound Call,Phone,Técnico,Técnico,292.0,142.0,True,True,Muy Positivo,0.83,mexican,colombian,True,"PRD-KSOK9O8VL1ON,PRD-O80A3GQNMX14,PRD-RJR81EAKTH2F",True,True
INT-I4CAA9VUNHZ273TO,2026-04-28 20:13:14,2026-04-28,CLI-GTTITIFZPAT2,AGT-DXPI435GIT,Inbound Call,Phone,Transaccional,Transaccional,319.0,49.0,True,False,Neutral,-0.08,mexican,mexican,False,,False,True
INT-61EYRLDECVSVCBQM,2026-04-28 09:55:16,2026-04-28,CLI-SL1O886AXK3B,AGT-IOAGLENSDV,Inbound Call,Phone,Técnico,Técnico,432.0,147.0,True,False,Neutral,-0.07,colombian,colombian,False,"PRD-3CRZ1UQKSF8W,PRD-Y5RE4JZ133K0,PRD-2RZNTII0X9H8",True,True
INT-ZGP4P4CL7NKTDB5M,2026-04-28 15:58:05,2026-04-28,CLI-3VE9667YV2N3,AGT-1JJ2DET54K,Inbound Call,Phone,Transaccional,Transaccional,230.0,32.0,True,False,Neutral,0.16,colombian,colombian,False,,False,True
INT-0IKNMNTPKKGFLYPX,2026-04-28 08:14:02,2026-04-28,CLI-ERLESVKLGAWB,AGT-HGVZ3WILY5,Inbound Call,Phone,Transaccional,Transaccional,349.0,139.0,False,True,Neutral,0.17,,,False,,True,True
INT-55CRK1KZLTAIUCSU,2026-04-28 20:15:30,2026-04-28,CLI-M4PZ9SBFLM6M,AGT-I2PACZNZ4Y,Outbound Call,Phone,Transaccional,Transaccional,119.0,,True,False,Neutral,0.19,mexican,mexican,False,,False,True
INT-MAXQBNQ3ZZF7LIZT,2026-04-28 22:52:07,2026-04-28,CLI-9QIBQWT9XURY,AGT-TGN0MJ28ZI,Chat,Web Chat,Técnico,Técnico,,,True,True,Neutral,-0.07,mexican,colombian,False,,True,False
INT-KYRFO0W9Q42L6D6M,2026-04-28 11:32:05,2026-04-28,CLI-74AI04XE98OZ,AGT-PHF1BNC7Z2,Inbound Call,Phone,Producto,Producto,282.0,151.0,True,False,Neutral,-0.28,mexican,mexican,False,"PRD-GBVMRC9YIZ9O,PRD-9DPYKY444LI2",True,True
INT-A8YXCGQ2SNQGK03Q,2026-04-28 17:50:55,2026-04-28,CLI-5YGBLOOJ4844,AGT-Z8JR0B77VI,Outbound Call,Phone,Técnico,Técnico,319.0,,False,True,Neutral,0.27,mexican,mexican,True,,False,True
INT-YA9LB74EFE8WY9GM,2026-04-28 22:53:53,2026-04-28,CLI-PRNB0T8GUJ2V,AGT-P0R6W0FYK1,Email,Email,Transaccional,Transaccional,,,True,True,Neutral,-0.18,colombian,colombian,False,PRD-EQ81TBKMNIE2,False,False
INT-TDRUXA164B3H6SAN,2026-04-28 14:16:24,2026-04-28,CLI-Z82L5XBBR8AW,AGT-GEHE8V9YO8,Inbound Call,Phone,Transaccional,Transaccional,120.0,188.0,True,False,Neutral,0.01,mexican,mexican,False,PRD-KQP4TNA7VLXB,False,True
INT-4FZWIU3Z0YMFLTIH,2026-04-28 23:30:07,2026-04-28,CLI-9NUCQG5047YZ,AGT-4XB5JSV7Y6,Outbound Call,Phone,Transaccional,Transaccional,324.0,,True,True,Neutral,0.29,,,True,"PRD-EROHHX0BOV2L,PRD-6N6JKRIK3NCZ",False,True
INT-OMD1KEJSQ9FJR8EZ,2026-04-29 04:46:11,2026-04-28,CLI-DXS89O6FTSSR,AGT-7XMY5AHEK5,Inbound Call,Phone,Comercial,Comercial,386.0,97.0,True,False,Neutral,0.1,mexican,mexican,False,,False,True
INT-B1ARCYQ5ELFVBEB9,2026-04-29 02:41:36,2026-04-28,CLI-DPTZLZZ4ZZVG,AGT-1S0K1D1M6I,Outbound Call,Phone,Transaccional,Transaccional,128.0,,True,False,Neutral,0.19,,,False,PRD-P8RMZ8G0K6W6,True,True
INT-SLS9EL7EGUBCQV2M,2026-04-29 05:40:26,2026-04-28,CLI-E0XX90MWQP94,AGT-94TSJ4VNVT,Inbound Call,Phone,Comercial,Comercial,605.0,186.0,False,True,Negativo,-0.63,colombian,colombian,False,,False,True
INT-XWN9MNPZ1Q47YHNX,2026-04-28 08:55:50,2026-04-28,CLI-IEV5R3CPYRTM,AGT-BQKJV90OIO,Outbound Call,Phone,Queja,Queja,617.0,,True,False,Muy Positivo,0.97,argentine,argentine,False,,False,True
INT-XPXF74ZL8RPIPAH6,2026-04-28 23:11:32,2026-04-28,CLI-WUWB3TGLQ9WN,AGT-1YCIZJAO9N,Inbound Call,Phone,Queja,Queja,354.0,227.0,True,False,Neutral,0.03,colombian,colombian,False,PRD-V7CQX9WQFTGK,False,True
INT-0HM2IJIPEEDG5XYS,2026-04-29 05:25:25,2026-04-28,CLI-ZFCCK8O6SC3M,AGT-P6MGML9D12,Inbound Call,Phone,Transaccional,Transaccional,354.0,119.0,True,True,Neutral,0.2,,,True,"PRD-J7N6G40R449Q,PRD-019TO5AZOYY6,PRD-BVIWWMHH1177",False,True
INT-NRA8WFT0H0G1MNX9,2026-04-29 05:31:09,2026-04-28,CLI-5S8OVOAAMWVS,AGT-K2UMII2DZE,Inbound Call,Phone,Comercial,Comercial,392.0,182.0,True,True,Neutral,-0.2,,,True,PRD-ZEEG6HWT49AH,False,True
INT-D9VZLTQPL5AZNKBA,2026-04-28 11:11:58,2026-04-28,CLI-26PVL9D0Y5O8,AGT-P7RT23V6BG,Inbound Call,Phone,Producto,Producto,513.0,182.0,True,False,Neutral,-0.13,mexican,mexican,False,"PRD-71ZNQKRR6SMW,PRD-1UNXKP8DAVSD",False,True
INT-K5TA0MEFSOG42C2X,2026-04-28 18:30:04,2026-04-28,CLI-XFPDQBZFJOYR,AGT-OK7P1BRWRO,Inbound Call,Phone,Queja,Queja,443.0,53.0,False,True,Positivo,0.5,,,False,,False,True
INT-KEAFA3K4SP5FPRGD,2026-04-28 20:03:51,2026-04-28,CLI-WS0AYZVRTRKX,AGT-Z2ZCLZ4UQA,Inbound Call,Phone,Transaccional,Transaccional,256.0,190.0,True,True,Neutral,-0.06,mexican,mexican,False,,False,True
INT-WTXJLCBUBD1KTV5F,2026-04-29 03:02:40,2026-04-28,CLI-72D1L1NJHGF3,AGT-PRE6OQJV5N,Inbound Call,Phone,Transaccional,Transaccional,70.0,80.0,True,False,Neutral,0.22,,,False,,False,True
INT-3VE7OYZAJ8JDKYTI,2026-04-29 02:39:16,2026-04-28,CLI-0LC1OXBU2BX3,AGT-E1ZTCO5D24,Inbound Call,Phone,Transaccional,Transaccional,185.0,137.0,True,False,Neutral,-0.29,mexican,mexican,False,,False,True
INT-L2TUDCSMDVUH62NL,2026-04-29 01:04:50,2026-04-28,CLI-J2935WWHE7AK,AGT-Z1LLS9S26G,Inbound Call,Phone,Producto,Producto,218.0,94.0,True,False,Neutral,-0.26,mexican,mexican,False,"PRD-PCP8ZE1HUJMI,PRD-00WOOMDR24HX",False,True
INT-3Q63JEX7I34VU7FX,2026-04-28 18:04:16,2026-04-28,CLI-9461MX8T8Q1F,AGT-GJ9LKR80FA,Chat,WhatsApp,Comercial,Comercial,,,False,True,Positivo,0.54,,,False,"PRD-X51PO8OQ6YG7,PRD-QXDXUZN777IL,PRD-2T2J03MWZ2ZJ",False,False
INT-UORXQZD1V5QLYVYE,2026-04-28 11:49:54,2026-04-28,CLI-TV2RT2LS0NWI,AGT-E8XE5LM9XO,Inbound Call,Phone,Producto,Producto,217.0,259.0,True,False,Neutral,-0.08,mexican,mexican,False,,True,True
INT-Z3L8LXRQ2IC0SSFJ,2026-04-28 19:05:32,2026-04-28,CLI-YFD7J8TK4WYZ,AGT-OGGRUSWXOK,Inbound Call,Phone,Queja,Queja,558.0,129.0,False,True,Positivo,0.38,mexican,mexican,False,,False,True
INT-2I4BUI39G2L07X5T,2026-04-28 16:45:44,2026-04-28,CLI-RQLTXOQU5UWW,AGT-XXSVZV4OUZ,Inbound Call,Phone,Queja,Queja,508.0,70.0,True,False,Muy Negativo,-0.94,,,False,"PRD-CURBRGRLLZJZ,PRD-YBLTO4141978,PRD-17SC82CD0KT1",False,True
INT-2PGUFA2Z70NV3NP6,2026-04-28 16:20:15,2026-04-28,CLI-I8FK7VMKRCK7,AGT-98ZSNF8YWV,Outbound Call,Phone,Producto,Producto,272.0,,True,False,Negativo,-0.47,,,True,"PRD-CJ981KC7YT6V,PRD-8AXLL8U9PPW6,PRD-AMRW2Z434429",True,True
INT-1OFW4SZOACAWWUV1,2026-04-28 18:05:01,2026-04-28,CLI-WQKZUKO5ISEX,AGT-DBEGJGWYVE,Outbound Call,Phone,Técnico,Técnico,399.0,,True,True,Positivo,0.62,mexican,mexican,True,"PRD-KLIY4OQ26KT3,PRD-J7XWLM5QX3ZJ",False,True
INT-X7BNQ4SXGLR5V00X,2026-04-28 16:39:39,2026-04-28,CLI-FWV2RJ2VGT0G,AGT-703TCW9HY5,Inbound Call,Phone,Transaccional,Transaccional,217.0,115.0,True,False,Neutral,0.21,mexican,colombian,False,PRD-CJFKOU0Z5YQY,True,True
INT-HNHVB0VS82UACJVG,2026-04-29 03:57:48,2026-04-28,CLI-C62ITSNPH6M0,AGT-1999NR0BNU,Chat,App,Producto,Producto,,,True,True,Positivo,0.59,,,False,"PRD-CRQRI8X74JJ9,PRD-ABUNDWVB89UZ,PRD-FZVIRZKM5NEC",True,False
INT-AXDXOIEMFHDBF5HL,2026-04-29 00:38:35,2026-04-28,CLI-YRAXHBLXQS2F,AGT-Y8FJ2RWP4X,Inbound Call,Phone,Queja,Queja,650.0,112.0,True,False,Neutral,0.03,,,False,,False,True
INT-5E8BD18MGO9SVCYV,2026-04-28 14:25:05,2026-04-28,CLI-XK3EA8S1XUR7,AGT-E46F2FQTOO,Inbound Call,Phone,Transaccional,Transaccional,265.0,67.0,True,False,Neutral,0.07,,,False,"PRD-GG8JIEXHSXR4,PRD-VWKEO3SDO0DU",False,True
INT-AUXNOSKQ2G5L59BS,2026-04-28 12:53:57,2026-04-28,CLI-5G5PHB9GJ9RY,AGT-AG11M1NVUG,Inbound Call,Phone,Transaccional,Transaccional,521.0,125.0,False,True,Neutral,-0.11,,,False,"PRD-AUU8KX48RGO0,PRD-P7VK7KZHRLVZ,PRD-VRUW4WRET6V0",False,True
INT-HJVSAY42OX7CR84S,2026-04-28 23:24:41,2026-04-28,CLI-Q6XTS8SKC2IT,AGT-YRRA4HF4J8,Inbound Call,Phone,Técnico,Técnico,322.0,155.0,True,False,Neutral,0.11,,,False,PRD-6TVNFKQY27BU,False,True
INT-YSD2Q53LGXPO69GI,2026-04-29 03:02:40,2026-04-28,CLI-41FYK1DDHFD7,AGT-82LH3XCRLZ,Inbound Call,Phone,Producto,Producto,205.0,69.0,True,False,Neutral,-0.12,,,False,,False,True
INT-ZUJ55MMINCHNB2Y0,2026-04-29 02:39:01,2026-04-28,CLI-PGJQAV8MK3W4,AGT-BIJKQ265S8,Inbound Call,Phone,Producto,Producto,323.0,0.0,True,False,Neutral,-0.16,mexican,mexican,False,"PRD-FEU31LOI4ISB,PRD-LJVXLUDXQL4B",False,True
INT-6O7FFP4Y05MC6EOV,2026-04-28 09:13:24,2026-04-28,CLI-LNN2235U611C,AGT-MV4RR3NAKS,Inbound Call,Phone,Queja,Queja,310.0,42.0,True,False,Neutral,-0.06,mexican,mexican,False,,True,True
INT-9FITU53BA2WHMVR2,2026-04-28 18:18:11,2026-04-28,CLI-67X4KDW1HQ04,AGT-SRVYKVRU3O,Inbound Call,Phone,Comercial,Comercial,462.0,48.0,False,True,Muy Negativo,-0.75,colombian,argentine,False,"PRD-1EEFK11GOU5M,PRD-W4XIR9DGNKT0,PRD-QV1WQOXXN1WD",True,True
INT-IGA7NHPR3ECN1AU6,2026-04-28 18:58:20,2026-04-28,CLI-5HXU7Q8HXQTA,AGT-613L388D8L,Chat,WhatsApp,Comercial,Comercial,,,True,True,Positivo,0.68,argentine,argentine,True,PRD-9DGASSUP7HM0,False,False
INT-680F1NE7IKD1QCIT,2026-04-28 13:57:57,2026-04-28,CLI-NQREQ0ZVFIBA,AGT-EXKK12NKB9,Outbound Call,Phone,Transaccional,Transaccional,174.0,,True,False,Neutral,-0.2,mexican,mexican,False,,False,True
INT-JXQ7JAO0SQOC05DU,2026-04-28 16:13:46,2026-04-28,CLI-EKP4FU8219ZL,AGT-BE8UFS60OG,Inbound Call,Phone,Transaccional,Transaccional,254.0,171.0,True,False,Neutral,-0.11,,,False,,False,True
INT-IQOF9CHPY58SVUE0,2026-04-29 06:21:54,2026-04-28,CLI-ZVXAUL1SGA7S,AGT-GV8AQYD95Q,Inbound Call,Phone,Producto,Producto,298.0,119.0,True,False,Neutral,0.17,,,False,,True,True
INT-O0KOSI1AWZMC54Q4,2026-04-28 17:12:42,2026-04-28,CLI-OBVOBAFZH5U4,AGT-Z5RWNRU08X,Inbound Call,Phone,Producto,Producto,251.0,72.0,True,False,Neutral,0.17,mexican,mexican,False,,False,True
INT-GG5SC95UUR6AX9TL,2026-04-28 09:03:46,2026-04-28,CLI-EVGR9D6HGX2W,AGT-QMHTY08PP0,Email,Email,Producto,Producto,,,True,False,Muy Positivo,0.85,colombian,colombian,False,,True,False
INT-VFFU9XVPCE5XN30A,2026-04-28 14:58:29,2026-04-28,CLI-VBT43NVAFRE8,AGT-PK5PH38NS1,Outbound Call,Phone,Técnico,Técnico,346.0,,True,False,Negativo,-0.31,,,False,,False,True
INT-EZEA53OD8MXZZIK4,2026-04-28 16:14:39,2026-04-28,CLI-0TO812SNIBWZ,AGT-XFS0SGZE95,Inbound Call,Phone,Queja,Queja,426.0,182.0,True,False,Muy Negativo,-0.77,,,True,,False,True
INT-03WZUY2VI5MLV0IJ,2026-04-29 00:33:08,2026-04-28,CLI-8RE6ZLT4JET3,AGT-LHW2K7HV3X,Email,Email,Técnico,Técnico,,,True,False,Neutral,0.28,mexican,argentine,False,"PRD-8BEB2L5NS05N,PRD-P3HW52RFYALO,PRD-CF37CU11OMNN",False,False
INT-BLZ7557SGTHOB3KB,2026-04-28 22:54:06,2026-04-28,CLI-NDB8LHSJY00H,AGT-4YVIQ8ZZDX,Inbound Call,Phone,Queja,Queja,322.0,168.0,True,False,Neutral,0.23,colombian,colombian,False,,True,True
INT-HM3M3GS1HFD1F3Q7,2026-04-28 22:16:43,2026-04-28,CLI-62L764R9SKBM,AGT-9BGLWS9RWM,Inbound Call,Phone,Queja,Queja,337.0,53.0,False,True,Muy Positivo,0.9,colombian,mexican,False,,True,True
INT-DQ4N9KECN2WG6M35,2026-04-28 09:13:40,2026-04-28,CLI-Z3TIQSZDFB65,AGT-S448G59QZX,Inbound Call,Phone,Técnico,Técnico,432.0,97.0,True,False,Positivo,0.68,mexican,mexican,False,,True,True
INT-QW5IFXGUU80KE3R2,2026-04-29 02:28:09,2026-04-28,CLI-8WJJM0VSPS4V,AGT-TE0VSZWQTW,Outbound Call,Phone,Producto,Producto,390.0,,True,False,Neutral,-0.25,colombian,mexican,False,"PRD-AQ649G06ZOXO,PRD-XGMR9KYHZHJC",False,True
INT-5X5PB37K8QZKOYY2,2026-04-28 22:35:41,2026-04-28,CLI-FX8WQOYZJRX0,AGT-PE3Z64L6KA,Inbound Call,Phone,Transaccional,Transaccional,195.0,159.0,True,False,Neutral,-0.25,,,False,,True,True
INT-384P4U3QR4QM6E8I,2026-04-29 04:12:53,2026-04-28,CLI-QO7WS2O9MBO6,AGT-GQXD9Y0S4T,Inbound Call,Phone,Transaccional,Transaccional,280.0,109.0,True,False,Neutral,-0.03,,,False,,False,True
INT-LK6BRVLRM7QIDW4E,2026-04-28 13:00:55,2026-04-28,CLI-XT2O65KPUIZ2,AGT-Q5C8JMF7AE,Inbound Call,Phone,Queja,Queja,536.0,51.0,False,True,Neutral,0.26,argentine,argentine,False,,False,True
INT-V3EOWL1CPIS850UM,2026-04-28 22:40:41,2026-04-28,CLI-S0QWQFJI2GEC,AGT-X9QPDHK7C4,Inbound Call,Phone,Producto,Producto,300.0,73.0,True,False,Muy Negativo,-0.85,argentine,mexican,False,,False,True
INT-9F8K20NZTEVAWJBH,2026-04-28 12:11:32,2026-04-28,CLI-TOAU4LTR5ZW9,AGT-VBNZ1407P0,Inbound Call,Phone,Transaccional,Transaccional,92.0,113.0,True,False,Neutral,-0.05,colombian,colombian,False,,False,True
INT-83NS6MMKT3RTUOBR,2026-04-28 22:58:29,2026-04-28,CLI-D1Q4JUIFVBGD,AGT-EDV4G21PUV,Chat,App,Queja,Queja,,,True,False,Positivo,0.48,mexican,argentine,False,PRD-AAR11FID14SA,False,False
INT-4Y46M5EEVHLAF3BZ,2026-04-29 07:56:10,2026-04-28,CLI-YFN9JNPUHCFN,AGT-I7AE42K1E3,Inbound Call,Phone,Transaccional,Transaccional,322.0,242.0,True,False,Neutral,0.24,colombian,colombian,False,"PRD-M5NR0Y7FSHZR,PRD-850XT758QVAW",False,True
INT-WOZFXN161ZIMTUEO,2026-04-28 15:32:03,2026-04-28,CLI-EWNBID44YBEX,AGT-I1VYP1D801,Inbound Call,Phone,Transaccional,Transaccional,170.0,129.0,True,False,Neutral,-0.12,colombian,colombian,False,,False,True
INT-5PEDHEN6098KX88B,2026-04-29 01:31:21,2026-04-28,CLI-TPBPMAMEX2UZ,AGT-20ERALB37F,Inbound Call,Phone,Técnico,Técnico,359.0,35.0,True,False,Positivo,0.43,argentine,argentine,False,PRD-PDY9B8Y0ZHP2,False,True
INT-2G4I03WN0IK8VPJW,2026-04-28 08:54:39,2026-04-28,CLI-5KEZ1ME5P95T,AGT-BV7L3GQC9A,Inbound Call,Phone,Transaccional,Transaccional,140.0,187.0,True,False,Neutral,0.14,mexican,mexican,False,,False,True
INT-RB9T5CH7CXG4M5DM,2026-04-29 07:51:47,2026-04-28,CLI-1DBQRMCJ9VZ8,AGT-DELTRDO2X7,Inbound Call,Phone,Técnico,Técnico,195.0,98.0,True,False,Neutral,-0.2,colombian,colombian,True,,False,True
INT-BXZCCKZLKNDLX1S6,2026-04-28 23:07:31,2026-04-28,CLI-LIN6A8565MOL,AGT-19AY9LXE9C,Inbound Call,Phone,Queja,Queja,476.0,26.0,True,False,Negativo,-0.67,colombian,colombian,False,"PRD-7V5BMM1157DK,PRD-CTD9QDEKRKWU",False,True
INT-PQDF5QI7E7OVLYSW,2026-04-28 08:59:43,2026-04-28,CLI-MFDZOK57ZXV9,AGT-78M53XONMR,Inbound Call,Phone,Comercial,Comercial,625.0,276.0,True,False,Positivo,0.55,,,False,"PRD-D19Q2V0E7R6Z,PRD-E9REMHS45I1A,PRD-9O1J5QO4OB32",False,True
INT-BPI757JRATW335MW,2026-04-29 05:29:57,2026-04-28,CLI-H23BM3TLC4CT,AGT-93R1FEUZ8C,Inbound Call,Phone,Comercial,Comercial,536.0,161.0,False,True,Negativo,-0.65,argentine,argentine,False,"PRD-MEE04LG9YZJV,PRD-604ES3PNT4NM,PRD-USU5PK1WQZ3G",False,True
INT-YLNQYL4BYMT0ELAN,2026-04-28 22:27:01,2026-04-28,CLI-0QX9IX0SFCNQ,AGT-CPLJJNES58,Email,Email,Transaccional,Transaccional,,,True,False,Neutral,0.28,colombian,colombian,False,,False,False
INT-OXBHEXOR45PLEHAB,2026-04-29 03:34:31,2026-04-28,CLI-0C3JUVZXG04Z,AGT-JUB6V7KWTH,Chat,Web Chat,Queja,Queja,,,False,True,Negativo,-0.45,mexican,mexican,False,,False,False
INT-SR2CYRDX4KJFPRQG,2026-04-28 12:16:22,2026-04-28,CLI-IDV5BGDBCFNN,AGT-CTUYD8XUXN,Inbound Call,Phone,Producto,Producto,208.0,260.0,True,False,Neutral,0.06,mexican,mexican,False,,True,True
INT-GNCXZJD5PUFF3OHK,2026-04-28 19:48:22,2026-04-28,CLI-NGTS67JG4AGN,AGT-FIFKWZ2CD9,Chat,Web Chat,Queja,Queja,,,True,False,Neutral,0.02,mexican,mexican,False,,True,False
INT-1F1KRQIU8JIG1E4J,2026-04-28 14:05:12,2026-04-28,CLI-FYGEXZNGUG4Y,AGT-N0HJHS1DBA,Inbound Call,Phone,Comercial,Comercial,345.0,91.0,True,False,Neutral,-0.09,colombian,argentine,False,PRD-TLGPSQ4P676C,False,True
INT-9GO2UBSDYUG3J3Y3,2026-04-28 09:39:01,2026-04-28,CLI-7BX162T4GL7M,AGT-BH4XF8YM49,Email,Email,Comercial,Comercial,,,False,True,Muy Positivo,0.81,,,False,"PRD-ZKK34JBKULCB,PRD-53ZY0OZZ4H3R",False,False
INT-EX08BPOAWRKNX7P0,2026-04-28 14:50:09,2026-04-28,CLI-8M8Y0X5AQWHP,AGT-74NXI0E4E6,Inbound Call,Phone,Producto,Producto,461.0,143.0,True,False,Neutral,-0.15,colombian,colombian,False,,False,True
INT-YJGGZNCTAWZNWREL,2026-04-29 06:44:14,2026-04-28,CLI-FOU5H9TJ41JJ,AGT-PSARAEWNDG,Inbound Call,Phone,Producto,Producto,250.0,115.0,True,False,Neutral,-0.1,colombian,colombian,True,,False,True
INT-JCQ3A3U241YBNG8R,2026-04-28 18:22:07,2026-04-28,CLI-T0XM4YCK1AAL,AGT-QIMNAGJGTW,Inbound Call,Phone,Queja,Queja,619.0,47.0,False,True,Positivo,0.4,mexican,mexican,False,"PRD-22V23IU92N3A,PRD-PEOWTNLBULIV",True,True
INT-3ZVP7CKCIK44JKF1,2026-04-28 09:23:01,2026-04-28,CLI-52WJW2QH2UR0,AGT-0SUICKNSHN,Inbound Call,Phone,Transaccional,Transaccional,164.0,128.0,True,False,Neutral,0.21,argentine,mexican,False,"PRD-UQZIPBTK8T22,PRD-SMM9QFKOXPBC,PRD-97JJR2Y8U971",False,True
INT-AAB0XPQ52UWLOR4B,2026-04-29 01:22:47,2026-04-28,CLI-W51L1JXKV8OI,AGT-VUMXHFDA63,Inbound Call,Phone,Técnico,Técnico,395.0,84.0,True,False,Neutral,0.04,mexican,mexican,False,,False,True
INT-7D7QMD0DCKPR5J11,2026-04-28 19:44:57,2026-04-28,CLI-73EZVXYL76MM,AGT-7YHGZDPWRS,Inbound Call,Phone,Transaccional,Transaccional,253.0,124.0,True,False,Neutral,0.09,mexican,mexican,False,,False,True
INT-NMKZ82ZQXFZR7VOS,2026-04-28 21:32:56,2026-04-28,CLI-I1VPHOZNU7GI,AGT-67FCNFADT1,Inbound Call,Phone,Comercial,Comercial,653.0,123.0,False,True,Negativo,-0.37,mexican,mexican,False,,False,True
INT-N744WACDZ91TVR7E,2026-04-28 19:55:52,2026-04-28,CLI-8Q5AD9EU3EOP,AGT-1ASM7PTCSR,Inbound Call,Phone,Transaccional,Transaccional,222.0,177.0,True,False,Neutral,0.28,,,False,,False,True
INT-FJKCX614E3044J69,2026-04-28 09:32:30,2026-04-28,CLI-KKA8TMFKK5MB,AGT-I0RSC4IGXZ,Inbound Call,Phone,Queja,Queja,561.0,136.0,False,True,Neutral,-0.27,,,True,,False,True
INT-H7KZ1XA06CVKIMJH,2026-04-28 14:22:12,2026-04-28,CLI-JL9SDGP8ZF0F,AGT-01T1LJ1M61,Inbound Call,Phone,Técnico,Técnico,390.0,36.0,False,True,Neutral,-0.13,mexican,mexican,False,,False,True
INT-IDYAXXRJRNA2NKYG,2026-04-28 19:56:16,2026-04-28,CLI-XOJPTSHSKSJQ,AGT-LW5BLOM0FA,Inbound Call,Phone,Queja,Queja,342.0,0.0,False,True,Positivo,0.52,argentine,mexican,False,"PRD-SLIF9UHELGMR,PRD-ZUB5L6KJUNG1",True,True
INT-2V37UFZDIIFLAK6C,2026-04-28 10:59:00,2026-04-28,CLI-5PL3SCSU1PEZ,AGT-9ES2CNB4EJ,Inbound Call,Phone,Producto,Producto,220.0,83.0,True,False,Neutral,0.29,,,False,"PRD-C4AAS9UBF1AI,PRD-T96W4EOBRFRL",False,True
INT-6OHWWTY8MML3EAWY,2026-04-28 21:05:12,2026-04-28,CLI-VP1LY201KGM1,AGT-7SUVBV3ET6,Inbound Call,Phone,Transaccional,Transaccional,84.0,263.0,True,False,Neutral,0.09,mexican,mexican,False,"PRD-8VM1AUY3S7N3,PRD-5MQYUOF6V3A0,PRD-HJFMOZRDKM7B",False,True
INT-VDJKHQ7UUKOEEAGW,2026-04-28 16:20:03,2026-04-28,CLI-SWOO8P3YYJ8O,AGT-VEXQ0NMZLH,Inbound Call,Phone,Transaccional,Transaccional,173.0,126.0,True,False,Neutral,0.06,colombian,colombian,False,"PRD-SYBYGXRGV0H9,PRD-MHYCEJNP0E0J,PRD-W8NQ7HR1U4ZA",False,True
INT-J3AZORUR7VY465O4,2026-04-29 02:17:20,2026-04-28,CLI-E22BPGTX1E3N,AGT-ZZGWYHJ86X,Outbound Call,Phone,Técnico,Técnico,392.0,,False,True,Neutral,-0.11,colombian,colombian,False,PRD-0BMQHNYOQKWB,False,True
INT-8XUKVUQ5CIUBTGGK,2026-04-28 13:37:41,2026-04-28,CLI-G85VU8NO062Z,AGT-7QOULFMSTS,Inbound Call,Phone,Técnico,Técnico,701.0,54.0,True,False,Negativo,-0.32,mexican,mexican,False,"PRD-VGKJFDTV5WI4,PRD-6TGED8L4UF12",False,True
INT-066XTWHDE8IJKCBL,2026-04-29 02:19:33,2026-04-28,CLI-WGK9I6EU7U0A,AGT-12AFACXPXI,Inbound Call,Phone,Producto,Producto,211.0,159.0,True,True,Positivo,0.43,argentine,argentine,False,,False,True
INT-ZO2N0B98THIYZ69O,2026-04-28 15:11:58,2026-04-28,CLI-8ELM2HEHNBQL,AGT-BTCYXRD64J,Inbound Call,Phone,Queja,Queja,345.0,86.0,True,False,Negativo,-0.69,mexican,mexican,False,"PRD-D8WYIOYK5FV2,PRD-WR1NJ7OX4WCY,PRD-OY6HOOCN1D48",True,True
INT-Z0VAU7S18JRKXDR2,2026-04-29 02:13:28,2026-04-28,CLI-2X9E5SYW9TFD,AGT-I94LJIR7DW,Inbound Call,Phone,Producto,Producto,449.0,77.0,True,False,Neutral,0.04,mexican,mexican,False,"PRD-VAKRCAPD11W1,PRD-8568QLOAHF7O",False,True
INT-I924W9NB0RBIT5PB,2026-04-28 21:08:42,2026-04-28,CLI-4B8WP23UY35V,AGT-O8NXZF1HJ6,Inbound Call,Phone,Producto,Producto,339.0,84.0,True,False,Neutral,0.08,mexican,mexican,False,PRD-8151T15JVLZF,False,True
INT-3DX07QK8AZZQOBQA,2026-04-28 16:29:52,2026-04-28,CLI-FU2E8WCVKHW5,AGT-592VGF7W61,Inbound Call,Phone,Queja,Queja,356.0,108.0,False,True,Negativo,-0.35,colombian,mexican,False,"PRD-LPO57L4VLPXC,PRD-LV7N498ZCBEB,PRD-D9RKGQTI36KC",False,True
INT-CE8O8RUCYEJLJXBT,2026-04-29 05:32:41,2026-04-28,CLI-BY3YQPKRN9B3,AGT-6OR4WMM8YS,Inbound Call,Phone,Producto,Producto,93.0,93.0,True,False,Neutral,-0.23,mexican,mexican,False,,False,True
INT-MUSWW0I92WXP4P45,2026-04-29 00:55:05,2026-04-28,CLI-94W85SKLZ3DS,AGT-VEXQ0NMZLH,Outbound Call,Phone,Producto,Producto,324.0,,True,False,Neutral,-0.27,mexican,mexican,False,,False,True
INT-RKPB5XMJKNV7QMZ0,2026-04-28 09:56:02,2026-04-28,CLI-J32FS42JL9PI,AGT-904VY7KN6S,Inbound Call,Phone,Queja,Queja,298.0,93.0,False,True,Muy Positivo,0.7,,,False,"PRD-AOJCKK8VR0JP,PRD-TH2ZDFFXHKZW,PRD-VK4Y2GPE9SFR",False,True
INT-72FMX11SZDIRUDB3,2026-04-28 17:40:39,2026-04-28,CLI-IOMWN4JTPUBM,AGT-2GSO6ODA8L,Chat,App,Queja,Queja,,,True,False,Neutral,0.05,,,False,,False,False
INT-3YGLZ86PW5ZBRGAC,2026-04-29 00:16:17,2026-04-28,CLI-OXIW1SS88BKF,AGT-HXJTIF9ZMH,Chat,App,Técnico,Técnico,,,True,True,Positivo,0.3,mexican,mexican,False,,False,False
INT-HHE3WSLAUP8P6ZG6,2026-04-29 01:44:39,2026-04-28,CLI-QI118DO4A8WO,AGT-Y8VCCG4114,Inbound Call,Phone,Producto,Producto,394.0,176.0,True,False,Neutral,-0.21,mexican,mexican,False,"PRD-A9D5SY98V7E4,PRD-S9BUKDE1FKCZ",False,True
INT-RRCKQPOT1HO4UVKI,2026-04-28 22:27:04,2026-04-28,CLI-EAJVE0B536AR,AGT-9A52G9KAKH,Inbound Call,Phone,Transaccional,Transaccional,99.0,130.0,True,False,Neutral,0.26,colombian,colombian,False,,False,True
INT-HCSG50Q6278KFZ8H,2026-04-28 13:53:35,2026-04-28,CLI-I72AWXXVT8NJ,AGT-QQATMOYOS3,Outbound Call,Phone,Producto,Producto,304.0,,True,False,Positivo,0.37,colombian,colombian,False,,True,True
INT-N28FSWYX27CCXZXS,2026-04-28 18:36:17,2026-04-28,CLI-MAKVE5BGBZDR,AGT-I080XG5YVQ,Inbound Call,Phone,Técnico,Técnico,101.0,158.0,True,False,Positivo,0.7,colombian,colombian,False,"PRD-5MZB4Y2L951S,PRD-HZIRNIZDTTXR,PRD-7HVQ4G170J2L",False,True
INT-ZS0SXZ03LPD4ZO3I,2026-04-28 20:16:54,2026-04-28,CLI-I6CT3XJHVSG5,AGT-3B0N077NAM,Inbound Call,Phone,Transaccional,Transaccional,219.0,87.0,True,False,Neutral,-0.12,,,False,,False,True
INT-57BOADLOR37U888B,2026-04-29 04:14:11,2026-04-28,CLI-6LOJILJA7NB0,AGT-WRFG8F6YNC,Inbound Call,Phone,Comercial,Comercial,336.0,164.0,True,False,Neutral,-0.15,mexican,mexican,False,"PRD-6WL26UDM9UX3,PRD-D9DWWCWN9JWF",False,True
INT-3P8B36EBDCC1Q4VE,2026-04-28 09:30:32,2026-04-28,CLI-JBXHID3CPE4A,AGT-ZVS0XWYET1,Inbound Call,Phone,Transaccional,Transaccional,211.0,105.0,True,False,Neutral,-0.09,,,False,"PRD-3XRWFRXZO74Z,PRD-0R7PVX7LWKWE,PRD-3YHWKA4PK3B4",True,True
INT-GEBSATGCNX54OIJG,2026-04-29 05:00:23,2026-04-28,CLI-V2G9G3PK4C0V,AGT-N0753JMGIT,Inbound Call,Phone,Transaccional,Transaccional,233.0,53.0,True,False,Neutral,0.13,mexican,mexican,False,"PRD-MS7G6558G884,PRD-NNJM1Q8MYKN7",False,True
INT-7S7SK77K3M5NNEBO,2026-04-29 00:52:48,2026-04-28,CLI-DOSG47UU0OL6,AGT-IA36860J9Z,Inbound Call,Phone,Producto,Producto,185.0,205.0,False,True,Positivo,0.35,colombian,colombian,False,"PRD-3JH6D3AWYXZ2,PRD-P1BG6LZUKVK5,PRD-TMHFYXX4RH5U",False,True
INT-9NLT9806EINDW0P2,2026-04-28 08:37:14,2026-04-28,CLI-HY2BL4KTDLJI,AGT-9GUU6STJO8,Inbound Call,Phone,Transaccional,Transaccional,362.0,0.0,True,False,Neutral,0.1,,,True,"PRD-P3MMCKR2J1HN,PRD-VIPBVPEMXHV9",True,True
INT-9A9GG0JS4Y7ZNOSB,2026-04-29 04:38:34,2026-04-28,CLI-2OH55EHEA6J1,AGT-RE07DENY5A,Chat,Web Chat,Transaccional,Transaccional,,,True,False,Neutral,0.05,mexican,mexican,True,"PRD-LH8LYMHD4H8L,PRD-D7LENWV1JMIO,PRD-VU2BSZVCSE27",True,False
INT-QBGM1021X3K3BUOW,2026-04-28 15:22:38,2026-04-28,CLI-5RC2M2BVLXZA,AGT-3XZPJ3T8CP,Outbound Call,Phone,Producto,Producto,279.0,,True,False,Neutral,-0.22,mexican,mexican,False,,True,True
INT-GIYGV7KZE7CKEC25,2026-04-29 04:45:03,2026-04-28,CLI-XFXV3OGC542V,AGT-KCT0OUBWIE,Inbound Call,Phone,Producto,Producto,364.0,66.0,True,False,Neutral,-0.23,argentine,argentine,True,"PRD-F4CFGD79BEWN,PRD-ND97QYN9MKHL",False,True
INT-N6OKPEA2EINJVGXW,2026-04-28 08:09:58,2026-04-28,CLI-IQ3JQOJCUGK5,AGT-ZAYJ41JB3A,Outbound Call,Phone,Transaccional,Transaccional,188.0,,True,False,Neutral,-0.14,colombian,colombian,False,,False,True
INT-SFE58AUBZL4Z6ZZ0,2026-04-29 05:30:45,2026-04-28,CLI-OHOU78H85AOS,AGT-V5AF0SJLCN,Inbound Call,Phone,Transaccional,Transaccional,204.0,148.0,True,False,Neutral,0.14,,,False,,False,True
INT-SSO9K5RN3J48JQDD,2026-04-29 07:40:14,2026-04-28,CLI-ZWNA9N63XHSQ,AGT-AHADYYXJB4,Inbound Call,Phone,Producto,Producto,260.0,249.0,True,False,Neutral,0.14,mexican,mexican,False,,False,True
INT-SIUXR5C3KQYB4BCU,2026-04-28 20:39:57,2026-04-28,CLI-E1D5VY1EV0IJ,AGT-HXRF7GKPTC,Inbound Call,Phone,Producto,Producto,326.0,161.0,True,False,Neutral,0.01,argentine,argentine,False,"PRD-GMY2QQZ5Y1SP,PRD-V1WP72AGD5X5",True,True
INT-3KZF4KYGNU0ESEL8,2026-04-28 16:06:47,2026-04-28,CLI-SIXX7T61RMQU,AGT-BV7L3GQC9A,Inbound Call,Phone,Producto,Producto,244.0,28.0,True,False,Neutral,0.15,argentine,mexican,False,,False,True
INT-BJNRE6RSOBGMC4LP,2026-04-29 01:54:21,2026-04-28,CLI-66L3YERZ0XO9,AGT-PEDK01MCRV,Inbound Call,Phone,Transaccional,Transaccional,266.0,283.0,True,False,Neutral,-0.1,argentine,argentine,False,,False,True
INT-HS8SQ1K83R4075O3,2026-04-28 11:13:42,2026-04-28,CLI-Z3BFGIITBQ8A,AGT-M7MKWO7LMD,Outbound Call,Phone,Transaccional,Transaccional,216.0,,True,True,Neutral,0.12,,,False,PRD-OZ8SXJFHLOJ9,False,True
INT-7U6ZQYOPODHPNM7M,2026-04-28 15:41:41,2026-04-28,CLI-90DIVP3F1514,AGT-KTG7GAP6JI,Inbound Call,Phone,Queja,Queja,410.0,99.0,False,True,Neutral,-0.01,mexican,colombian,False,"PRD-U4EAV98V09FM,PRD-QYJ4SLRJX0WU,PRD-VMAZORGI15W5",False,True
INT-WEXFGJWRE6LTVQTO,2026-04-29 06:36:48,2026-04-28,CLI-TN3PI53CG2UQ,AGT-X775H4RLEY,Inbound Call,Phone,Queja,Queja,306.0,159.0,True,False,Muy Positivo,0.74,mexican,argentine,False,PRD-CAN8O8LFQLFL,False,True
INT-XQ7B62RAEC4G7YBZ,2026-04-28 11:21:34,2026-04-28,CLI-XZM2RJMU55F7,AGT-1DX9VKAHY8,Inbound Call,Phone,Queja,Queja,256.0,123.0,False,True,Neutral,-0.1,mexican,mexican,False,"PRD-4METYBCLCX2O,PRD-VI8MOPUCP3ST,PRD-GEZO8WUU8IV6",False,True
INT-AC5AGBR8VQG5NCNJ,2026-04-28 19:26:40,2026-04-28,CLI-NGDB3TMRGTME,AGT-ENDMSY169K,Chat,Web Chat,Transaccional,Transaccional,,,True,False,Neutral,-0.28,,,False,,False,False
INT-TQ0GHFKKGGHV27BN,2026-04-28 19:58:20,2026-04-28,CLI-8DIR4PEKANS1,AGT-RM928J5EOG,Inbound Call,Phone,Técnico,Técnico,351.0,114.0,False,True,Muy Negativo,-0.98,,,False,,False,True
INT-ZTPELLDFCMW9RS62,2026-04-28 19:07:47,2026-04-28,CLI-V5M9RY6P5YW3,AGT-S6T0KJTHIL,Outbound Call,Phone,Transaccional,Transaccional,241.0,,False,True,Neutral,0.26,mexican,mexican,False,"PRD-BRPPCTK7BLIV,PRD-OXPXFY207BEE,PRD-I9UR2FCYZM3G",False,True
INT-73H1JF0F3HAQY6RK,2026-04-29 07:59:24,2026-04-28,CLI-0QX9IX0SFCNQ,AGT-1CPJD4QLU7,Inbound Call,Phone,Producto,Producto,355.0,103.0,True,False,Neutral,-0.13,colombian,colombian,False,,False,True
INT-04LG9CA2ZFSX6WHQ,2026-04-28 23:44:48,2026-04-28,CLI-C3ZL4I5NDG51,AGT-8FD0HKHTXZ,Inbound Call,Phone,Comercial,Comercial,768.0,261.0,True,False,Neutral,-0.13,,,False,,False,True
INT-YCY12NJ36IP9MWXV,2026-04-28 19:08:03,2026-04-28,CLI-H71DAWOPUCRD,AGT-OGGRUSWXOK,Inbound Call,Phone,Queja,Queja,743.0,32.0,False,True,Neutral,0.28,mexican,mexican,False,"PRD-NLEHRJV1NFG1,PRD-6JY3X67UFCG9,PRD-APT9L21E72F7",False,True
INT-YTWNQXI3MPU36L6M,2026-04-28 14:59:06,2026-04-28,CLI-7GCV28HYG3UO,AGT-2GCBYGGPO4,Inbound Call,Phone,Producto,Producto,129.0,114.0,False,True,Positivo,0.55,mexican,mexican,False,,True,True
INT-E937VDN5ZQWRU0UO,2026-04-29 03:26:50,2026-04-28,CLI-0WAZ5RR5ITNB,AGT-WI5ZDHCEPB,Inbound Call,Phone,Transaccional,Transaccional,201.0,0.0,True,False,Neutral,0.05,colombian,mexican,True,,True,True
INT-JL4BWLBUTWT11FGH,2026-04-28 22:21:50,2026-04-28,CLI-HYJT4S6UJSA7,AGT-BEKYT6UXHH,Outbound Call,Phone,Queja,Queja,352.0,,False,True,Neutral,-0.22,,,False,,False,True
INT-9ID7UZSIJASGQVZW,2026-04-28 08:27:48,2026-04-28,CLI-CHNH9TLAZ9U2,AGT-ADNC57V4Y5,Inbound Call,Phone,Producto,Producto,361.0,30.0,True,False,Muy Positivo,0.9,colombian,colombian,False,,False,True
INT-1PH80E8IUXW6ZILX,2026-04-28 19:22:34,2026-04-28,CLI-UQOECTL7RQ2C,AGT-YC6FFRDEGK,Inbound Call,Phone,Transaccional,Transaccional,130.0,88.0,True,False,Neutral,0.3,,,False,,True,True
INT-0ZX4RMXPNM6H49ID,2026-04-28 08:36:22,2026-04-28,CLI-1N21T1EUFDUG,AGT-GRCMX8W1NF,Inbound Call,Phone,Técnico,Técnico,425.0,103.0,True,True,Neutral,-0.06,,,False,,True,True
INT-123690S49DKR2QRT,2026-04-29 04:22:56,2026-04-28,CLI-JWI07LUHWEXC,AGT-GX1XLRMUAS,Inbound Call,Phone,Transaccional,Transaccional,675.0,101.0,True,False,Neutral,-0.01,mexican,mexican,False,,False,True
INT-UYGLAQI9XW0VFBDJ,2026-04-28 11:19:31,2026-04-28,CLI-SLH88ZNF1EL4,AGT-8NE8GSGUG4,Inbound Call,Phone,Queja,Queja,262.0,167.0,False,True,Muy Negativo,-0.73,,,False,,False,True
INT-23OJRR8TDL6PGF00,2026-04-29 05:38:53,2026-04-28,CLI-OE2ZJIWQUZBA,AGT-XJKBDG6BI7,Outbound Call,Phone,Producto,Producto,198.0,,False,True,Neutral,-0.27,argentine,argentine,False,,False,True
INT-98KDWB68MWR8SWA8,2026-04-28 14:16:20,2026-04-28,CLI-IWRSYH0127JK,AGT-FIFKWZ2CD9,Inbound Call,Phone,Comercial,Comercial,592.0,246.0,False,True,Positivo,0.63,,,False,,False,True
INT-ETVIYYQZIH0I1DS5,2026-04-28 09:06:17,2026-04-28,CLI-PKC5JZ74RBDT,AGT-8KFHE6XRQ4,Chat,WhatsApp,Producto,Producto,,,True,True,Neutral,0.12,colombian,mexican,False,,False,False
INT-9CDUV89AV7QSDPEC,2026-04-28 19:53:05,2026-04-28,CLI-1VH3JULMA1U2,AGT-NVXKQOY9ML,Chat,WhatsApp,Técnico,Técnico,,,True,False,Positivo,0.33,mexican,mexican,False,PRD-DECSYB09JRT4,False,False
INT-K18UWF7HNMOUCINP,2026-04-28 12:04:51,2026-04-28,CLI-AGZFL218Z3EW,AGT-VF04ZPV9BW,Chat,WhatsApp,Producto,Producto,,,True,False,Neutral,-0.1,colombian,mexican,False,,True,False
INT-OB0KPPEU5SJV2ES5,2026-04-28 15:39:25,2026-04-28,CLI-DF01OGY2BSSN,AGT-PE3Z64L6KA,Inbound Call,Phone,Técnico,Técnico,404.0,164.0,True,False,Positivo,0.51,mexican,mexican,False,,False,True
INT-07KCIEZ78K0W5L39,2026-04-28 08:48:04,2026-04-28,CLI-72RRXE2XKPD2,AGT-VPRRBWIF1D,Inbound Call,Phone,Producto,Producto,111.0,13.0,True,False,Neutral,-0.01,,,False,,True,True
INT-7UY59Z0TA8CQPLIY,2026-04-29 01:20:57,2026-04-28,CLI-C037KFWEETZK,AGT-1017M8ALDP,Inbound Call,Phone,Transaccional,Transaccional,154.0,133.0,True,True,Neutral,0.26,,,False,"PRD-IWZW0R31L5JX,PRD-YNXUFG04XYMN",True,True
INT-CVQM1IQQ6FNCTE2O,2026-04-29 01:12:37,2026-04-28,CLI-BSD44YYHKJV9,AGT-XUBJTI8AW5,Inbound Call,Phone,Transaccional,Transaccional,105.0,90.0,True,False,Neutral,-0.27,,,False,,False,True
INT-TYCZ5L8D58LZ24HE,2026-04-28 10:30:56,2026-04-28,CLI-WQ6M6402BWEN,AGT-E0B7SL6ZCI,Inbound Call,Phone,Producto,Producto,138.0,99.0,True,False,Neutral,0.28,argentine,argentine,True,PRD-O9EZMREG1IF7,False,True
INT-8V9RIY06D3PXGEQ9,2026-04-28 12:55:03,2026-04-28,CLI-KCIBCUBIMXB2,AGT-82LH3XCRLZ,Inbound Call,Phone,Queja,Queja,579.0,49.0,False,True,Neutral,0.03,,,False,"PRD-A4B2MP7B9KXM,PRD-0QZNZG2D9KTL,PRD-PC8F6Q4BEFWG",True,True
INT-U7G2CYNN6H9MLA48,2026-04-28 21:37:19,2026-04-28,CLI-EVUMS0TLZS5A,AGT-A5DDBTLNU6,Inbound Call,Phone,Queja,Queja,472.0,60.0,False,True,Neutral,0.13,mexican,mexican,False,"PRD-LAYO2XQJFK7E,PRD-8MHTWILATEPY",False,True
INT-8D7HCVFYEDL03YE6,2026-04-28 20:12:26,2026-04-28,CLI-EIQ7M1W2I65L,AGT-NO19RXC65N,Inbound Call,Phone,Producto,Producto,297.0,43.0,True,False,Neutral,0.2,mexican,mexican,False,"PRD-5UF920MVH3XP,PRD-UGLM7NNZG41W",False,True
INT-BQTZ6DH781RVNT4V,2026-04-28 13:38:01,2026-04-28,CLI-GJRAX2S8IHRX,AGT-NQ6WIG9OWH,Outbound Call,Phone,Queja,Queja,358.0,,False,True,Neutral,0.17,,,False,"PRD-Z80CRTU74LST,PRD-B9BU2VEB586K",False,True
INT-XOG20I30RZGKX1XE,2026-04-28 17:57:52,2026-04-28,CLI-MUIO2VSKV1BX,AGT-RAIJ7RHMBA,Inbound Call,Phone,Comercial,Comercial,630.0,133.0,False,True,Neutral,-0.15,mexican,mexican,False,,False,True
INT-3P73WLUSK9B0KMM1,2026-04-28 16:28:16,2026-04-28,CLI-TVRP31VP41GQ,AGT-STFJ9VNIBA,Inbound Call,Phone,Comercial,Comercial,604.0,90.0,True,False,Neutral,-0.13,mexican,argentine,True,,False,True
INT-CQZEI3EZ3OSB67I6,2026-04-28 10:34:42,2026-04-28,CLI-Z25NE82K2V0H,AGT-JUB6V7KWTH,Inbound Call,Phone,Queja,Queja,402.0,117.0,True,False,Neutral,-0.01,argentine,argentine,True,,False,True
INT-O1OLOFWGD8QBSXKB,2026-04-29 06:48:30,2026-04-28,CLI-I5GTVSU21V3J,AGT-35OZPMG5XY,Inbound Call,Phone,Transaccional,Transaccional,258.0,125.0,True,False,Neutral,0.21,mexican,colombian,False,"PRD-PP68TSC95YTG,PRD-P0UOXZLLD4EL",False,True
INT-E7D5IMD03Q0YAUHB,2026-04-28 17:48:31,2026-04-28,CLI-EA1S5C7117AQ,AGT-6OQPU4LB3G,Inbound Call,Phone,Queja,Queja,468.0,132.0,False,True,Neutral,-0.05,mexican,mexican,True,,True,True
INT-O3VG1VRUB41ILX1V,2026-04-29 05:57:46,2026-04-28,CLI-KHIFITY5RAN8,AGT-Z1LLS9S26G,Inbound Call,Phone,Transaccional,Transaccional,246.0,102.0,True,False,Neutral,0.08,argentine,argentine,False,PRD-6AUU6YMMGKVC,False,True
INT-M08D7SA0JPPOG301,2026-04-29 02:28:46,2026-04-28,CLI-HNJJQEMBJP5E,AGT-N6YFW1455B,Inbound Call,Phone,Transaccional,Transaccional,200.0,81.0,True,False,Neutral,-0.22,mexican,mexican,False,"PRD-NT22YIP6KGG1,PRD-1YVPFTZS2VSS",False,True
INT-QZHR3BHR3WW8P5K7,2026-04-29 07:42:51,2026-04-28,CLI-40559W0DY4A4,AGT-AY5LPIBFMB,Inbound Call,Phone,Queja,Queja,324.0,121.0,False,True,Neutral,0.14,colombian,colombian,False,,False,True
INT-O74A0PPXK3DOKE4I,2026-04-28 11:20:58,2026-04-28,CLI-DA6EAWR3U3Z4,AGT-6W0S2ZOF2U,Inbound Call,Phone,Transaccional,Transaccional,82.0,123.0,True,False,Neutral,-0.29,argentine,argentine,False,,False,True
INT-PMPD349YKRY4ULFF,2026-04-28 21:26:19,2026-04-28,CLI-WFXYCZS7WAH2,AGT-MOMHH0J0J9,Inbound Call,Phone,Técnico,Técnico,411.0,103.0,False,True,Neutral,-0.11,mexican,mexican,False,,False,True
INT-5CF27VDBGP9VI7ZD,2026-04-29 04:18:34,2026-04-28,CLI-TCRKU3YM3WU7,AGT-04JD8RS9U4,Inbound Call,Phone,Técnico,Técnico,471.0,162.0,True,False,Positivo,0.47,,,False,,False,True
INT-G1MI1V4EE5T0V7S4,2026-04-29 03:32:55,2026-04-28,CLI-TBT644Q6RUX7,AGT-4R60WIH6RO,Inbound Call,Phone,Comercial,Comercial,417.0,188.0,True,False,Muy Negativo,-0.77,colombian,colombian,False,,False,True
INT-NZXPL3ZVKOO3DN3A,2026-04-28 16:51:41,2026-04-28,CLI-G9Y5XFAJ7T4L,AGT-QJDRG08QEG,Inbound Call,Phone,Transaccional,Transaccional,189.0,107.0,True,True,Neutral,-0.05,,,False,PRD-8ZIUT5F1U7P5,True,True
INT-NCDUJ6DMRNGMMHSL,2026-04-28 10:54:44,2026-04-28,CLI-JEB3F1DVSHJI,AGT-3QD3LV3C23,Inbound Call,Phone,Técnico,Técnico,436.0,200.0,False,True,Neutral,0.11,mexican,mexican,False,"PRD-LG581QYT82RD,PRD-QS2TODYKHWD1",False,True
INT-ZCQZS8HY0ATTRELP,2026-04-28 16:43:10,2026-04-28,CLI-4TRZ3BAALC99,AGT-AUPZRFB0OO,Inbound Call,Phone,Comercial,Comercial,507.0,66.0,True,False,Positivo,0.58,mexican,mexican,False,"PRD-VWJRD12TESPQ,PRD-1C6J125Q2BVZ,PRD-HQSB4E19Z3S7",True,True
INT-2IAZK3EFBA6ZDZYG,2026-04-28 18:44:56,2026-04-28,CLI-27WJS3GMQRXM,AGT-JI4AFYODD7,Inbound Call,Phone,Transaccional,Transaccional,544.0,54.0,True,False,Neutral,-0.03,mexican,mexican,False,"PRD-MISX1SB18LCE,PRD-927RMB5Z37Z7",False,True
INT-BW2FZ6Q28TXDEGTR,2026-04-29 03:02:33,2026-04-28,CLI-N9FEE1BNKHX8,AGT-S1A5VZL0SM,Email,Email,Comercial,Comercial,,,True,False,Negativo,-0.61,,,False,,True,False
INT-E8EUBQJG7ZH6ZF81,2026-04-29 01:13:45,2026-04-28,CLI-UMV1REOSZDUR,AGT-G4VQ2XMN69,Inbound Call,Phone,Técnico,Técnico,468.0,63.0,True,False,Neutral,-0.08,argentine,argentine,False,PRD-EZEA0DXOD7DN,False,True
INT-NG7YVLQ6S169QGRL,2026-04-29 07:27:01,2026-04-28,CLI-N1CE8EDETTR6,AGT-34TVYJH4ZG,Inbound Call,Phone,Transaccional,Transaccional,248.0,167.0,True,True,Neutral,-0.29,mexican,mexican,False,,False,True
INT-YIDU04OVU7008N6D,2026-04-28 14:51:54,2026-04-28,CLI-UCMYUN08M9FO,AGT-YWKYXYRNJG,Inbound Call,Phone,Producto,Producto,171.0,130.0,False,True,Neutral,-0.08,,,False,"PRD-GWSY5SDYYDNQ,PRD-7FS8CR0FWZ6E",False,True
INT-QFY3UK54F329WLG9,2026-04-28 23:43:16,2026-04-28,CLI-Z9CSAWB8EKGQ,AGT-87FD5U93RA,Inbound Call,Phone,Producto,Producto,271.0,116.0,True,False,Neutral,0.11,,,True,PRD-HCMLB1PM2TSY,True,True
INT-YPMC3FXGZ2JQL1US,2026-04-29 01:51:52,2026-04-28,CLI-YPJHQ7S5POLY,AGT-HVHI1T24CL,Inbound Call,Phone,Transaccional,Transaccional,202.0,184.0,True,False,Neutral,-0.07,argentine,argentine,False,,False,True
INT-FC6V0UYP7R4Z3G1L,2026-04-28 17:51:43,2026-04-28,CLI-HLRJG5KWIK6Y,AGT-9M45XHR1BB,Outbound Call,Phone,Producto,Producto,297.0,,True,False,Neutral,-0.21,,,False,"PRD-ZQQIITI0LS8Y,PRD-94PXH5FYCBV3,PRD-4HX8NOXYE1OL",False,True
INT-INYRK7KD3U70O4T7,2026-04-28 22:47:26,2026-04-28,CLI-9M4WBSYSYUJH,AGT-YIGWTTH6CK,Outbound Call,Phone,Comercial,Comercial,622.0,,False,True,Muy Negativo,-0.83,mexican,mexican,False,,False,True
INT-PEUVPKPPVQFJ1CJW,2026-04-28 14:26:23,2026-04-28,CLI-WDXZMVFKR67E,AGT-WKXZRWYSSN,Inbound Call,Phone,Retención,Retención,516.0,134.0,True,False,Muy Negativo,-0.86,colombian,colombian,False,"PRD-Z1X82A0H1BCM,PRD-Y8FJQL47789W",True,True
INT-AL3YEU5RMTUYJWIA,2026-04-28 18:08:30,2026-04-28,CLI-WXR06L5AMM37,AGT-MSVN62RUC2,Inbound Call,Phone,Producto,Producto,200.0,242.0,True,False,Neutral,0.29,,,False,PRD-9ALYUICZ3ICC,False,True
INT-PFRA77ZM9YDE7YYA,2026-04-28 21:03:17,2026-04-28,CLI-753ICWPIBP0Z,AGT-AN9S4PD9YK,Inbound Call,Phone,Producto,Producto,170.0,217.0,True,False,Neutral,-0.23,argentine,argentine,False,"PRD-MQ0TWTCPSD68,PRD-DF35NVCJXWAT,PRD-AQ6IRLZXW314",True,True
INT-IRMINOD7JE4ROPSF,2026-04-29 03:33:16,2026-04-28,CLI-CAGN87FJMOP2,AGT-JI4AFYODD7,Outbound Call,Phone,Técnico,Técnico,382.0,,True,False,Negativo,-0.58,mexican,mexican,False,"PRD-WU1PZ7EPK7LK,PRD-DSN2KAJ2SN77,PRD-S3WIDGKQ95OR",False,True
INT-V29YHPSENCBUT2VY,2026-04-29 00:33:23,2026-04-28,CLI-BITGWW7ZE10Z,AGT-4WZQ2M1A4U,Inbound Call,Phone,Transaccional,Transaccional,356.0,142.0,True,False,Neutral,0.3,colombian,mexican,False,PRD-X6BYV17JGMUM,False,True
INT-K2P4890LZHGWH9T4,2026-04-28 20:34:15,2026-04-28,CLI-X6W47IGMA1VL,AGT-8KFHE6XRQ4,Inbound Call,Phone,Producto,Producto,309.0,210.0,True,False,Neutral,-0.11,mexican,mexican,False,,False,True
INT-YWLAO7KUKRXEKC0I,2026-04-29 06:46:07,2026-04-28,CLI-IKDMM9BGRL3X,AGT-3F5II193NQ,Inbound Call,Phone,Producto,Producto,239.0,250.0,True,False,Neutral,-0.04,,,False,"PRD-0O4DFL7Y49F4,PRD-4DPC5L02J30O,PRD-33PLJFCU5CSZ",True,True
INT-M0IIVXWS02U9AA4F,2026-04-28 19:35:51,2026-04-28,CLI-8Y5OS6LUFRY3,AGT-ZLA03QJGS8,Inbound Call,Phone,Transaccional,Transaccional,140.0,95.0,True,False,Neutral,0.21,colombian,colombian,True,,False,True
INT-RUG61FOTGNC7X24X,2026-04-28 22:56:34,2026-04-28,CLI-BKM1DDPHULOF,AGT-YTZ9ORZT0J,Inbound Call,Phone,Técnico,Técnico,416.0,146.0,True,False,Positivo,0.65,mexican,mexican,False,,True,True
INT-X1AJKWPOB8S9BH30,2026-04-28 17:15:16,2026-04-28,CLI-GIQ54K4DR81U,AGT-5VXKVZOWR5,Email,Email,Técnico,Técnico,,,True,False,Muy Positivo,0.71,mexican,mexican,True,,False,False
INT-BTIS5YYMBWLA3FOL,2026-04-28 09:25:36,2026-04-28,CLI-GJ0MRM9NRD7Z,AGT-8QYBQ76ZD2,Inbound Call,Phone,Queja,Queja,375.0,120.0,False,True,Positivo,0.54,argentine,mexican,False,,False,True
INT-XWMFTFTUZOQA4883,2026-04-29 03:01:14,2026-04-28,CLI-MJQDBJ4C4ZVY,AGT-DFWMTQOSYP,Inbound Call,Phone,Transaccional,Transaccional,452.0,146.0,True,False,Neutral,0.26,colombian,colombian,False,,True,True
INT-OZE3N1R1PEN9TQAX,2026-04-29 03:51:30,2026-04-28,CLI-1C57B7HQ91XC,AGT-8OAKZ8LMXA,Inbound Call,Phone,Transaccional,Transaccional,305.0,261.0,False,True,Neutral,-0.29,argentine,argentine,False,,False,True
INT-ZSKHKLX0PQWNJIZF,2026-04-29 02:33:17,2026-04-28,CLI-SY36MHTWOOX0,AGT-IX2KM1T4I7,Inbound Call,Phone,Transaccional,Transaccional,158.0,145.0,True,False,Neutral,0.04,argentine,argentine,False,"PRD-919IIHW0OQO5,PRD-1PFHZ67HQWL5",False,True
INT-JRD0YW3RMIFZMKLP,2026-04-28 16:41:57,2026-04-28,CLI-NNB58DI6P7MW,AGT-DBEGJGWYVE,Inbound Call,Phone,Queja,Queja,512.0,225.0,True,False,Neutral,-0.18,mexican,mexican,False,,False,True
INT-B20Y3GIA1HYM2VCE,2026-04-29 04:23:41,2026-04-28,CLI-NF26IL7V36XC,AGT-XVCQFDZIIN,Inbound Call,Phone,Transaccional,Transaccional,238.0,66.0,True,False,Neutral,-0.06,mexican,mexican,False,,False,True
INT-SRZXI9M8T5CGUFFO,2026-04-28 16:34:08,2026-04-28,CLI-XJBPHXU3OY3T,AGT-19AY9LXE9C,Inbound Call,Phone,Comercial,Comercial,648.0,96.0,True,False,Positivo,0.51,colombian,colombian,False,,True,True
INT-XV97BGSN09HVVVX2,2026-04-29 07:02:38,2026-04-28,CLI-TWEOEL6S5T5C,AGT-NFSVCZ54H9,Video,App,Queja,Queja,576.0,,True,False,Positivo,0.67,colombian,mexican,False,"PRD-FKWF3THLIU11,PRD-P019BQ7COX2E",False,True
INT-FF1BQ0CKAXULWT1J,2026-04-28 11:16:19,2026-04-28,CLI-95RWEJXA2RWY,AGT-P4V46JOBFM,Inbound Call,Phone,Técnico,Técnico,193.0,164.0,False,True,Neutral,0.05,argentine,mexican,False,"PRD-JEAUPPB6N7JD,PRD-9J3DCW9CXSZ2",True,True
INT-1S2DP04BBG82VONV,2026-04-29 05:11:02,2026-04-28,CLI-RAHHENOZNVIE,AGT-NIV1UCW44H,Inbound Call,Phone,Técnico,Técnico,337.0,178.0,True,False,Muy Negativo,-0.81,mexican,argentine,False,"PRD-VB76EOQU07DO,PRD-6R8J986LP7KW",True,True
INT-82J61Z5LNJQK0OHH,2026-04-28 11:49:34,2026-04-28,CLI-OZP4Y00OMRFS,AGT-E2RO5C71O7,Outbound Call,Phone,Técnico,Técnico,181.0,,True,False,Positivo,0.7,argentine,argentine,False,,False,True
INT-MPVB9L73YLB7NR9L,2026-04-28 11:50:48,2026-04-28,CLI-6O62R62396B0,AGT-BJAC223K45,Inbound Call,Phone,Transaccional,Transaccional,98.0,203.0,True,True,Neutral,0.15,mexican,mexican,False,"PRD-9DUNPJQV1RW1,PRD-DWGILWRIA7DW,PRD-XOMLQEQXWVAD",False,True
INT-N4477G979JPSGR82,2026-04-28 16:55:45,2026-04-28,CLI-3DQ6UMQALGVP,AGT-HXRF7GKPTC,Inbound Call,Phone,Técnico,Técnico,333.0,119.0,True,True,Neutral,-0.26,,,False,,False,True
INT-2XPO9ZUI8PGQXC7I,2026-04-29 01:48:42,2026-04-28,CLI-HYLOQDFPM7X3,AGT-H1P9MYTVXZ,Chat,App,Queja,Queja,,,True,False,Muy Negativo,-0.97,colombian,colombian,False,,False,False
INT-6XFRZUDRHGWBFA6H,2026-04-28 13:36:22,2026-04-28,CLI-CXZYUA4AJLVM,AGT-FK6MI05PO5,Inbound Call,Phone,Comercial,Comercial,553.0,116.0,True,False,Muy Positivo,0.72,mexican,argentine,False,PRD-4QJ1JU18F54X,True,True
INT-XX05VYDTM0GX0GLB,2026-04-28 14:45:46,2026-04-28,CLI-UMH44UJALAJ5,AGT-I1ZHCVFEX1,Inbound Call,Phone,Transaccional,Transaccional,163.0,277.0,True,True,Neutral,-0.13,colombian,colombian,False,,True,True
INT-7Z9SVU78DEPVGDS2,2026-04-29 07:20:04,2026-04-28,CLI-PGR5HRIEECWW,AGT-LWI6FT9AYN,Inbound Call,Phone,Queja,Queja,630.0,110.0,False,True,Positivo,0.45,,,False,PRD-GYJ3JKVUA0VU,False,True
INT-8OEV23SL81F3DV6C,2026-04-28 21:57:30,2026-04-28,CLI-DY9CKIPAEQG3,AGT-MNK9T02WF4,Inbound Call,Phone,Transaccional,Transaccional,205.0,118.0,True,False,Neutral,-0.02,mexican,mexican,False,PRD-TD499991EVPF,False,True
INT-PXE7J9DV20TJRGXI,2026-04-28 19:41:11,2026-04-28,CLI-LND3HS97F5CX,AGT-ZRQW0ATSEE,Inbound Call,Phone,Queja,Queja,542.0,133.0,True,True,Positivo,0.35,colombian,colombian,False,,False,True
INT-YBWPE9TT2G5T19Q3,2026-04-28 10:27:04,2026-04-28,CLI-66D77M6YA2Q1,AGT-PFD0CBGK7V,Chat,App,Producto,Producto,,,False,True,Neutral,-0.12,argentine,argentine,False,PRD-D6RAGAE09LV5,False,False
INT-X64OMHRJJJIVXWCQ,2026-04-28 21:05:06,2026-04-28,CLI-I8FV8L4E6LRK,AGT-OK7P1BRWRO,Inbound Call,Phone,Transaccional,Transaccional,224.0,235.0,True,True,Neutral,0.26,argentine,argentine,False,,False,True
INT-2U1JNQITM0D26INS,2026-04-28 21:37:42,2026-04-28,CLI-VJJ5WEGOFYC9,AGT-HSAKSDDKYK,Inbound Call,Phone,Transaccional,Transaccional,164.0,155.0,True,False,Neutral,-0.07,colombian,colombian,False,,False,True
INT-T4D8SBDG5QMITTXR,2026-04-29 01:54:49,2026-04-28,CLI-T4AIVQC9JGGL,AGT-1KKA6IK8D9,Inbound Call,Phone,Transaccional,Transaccional,170.0,85.0,True,True,Neutral,-0.28,colombian,colombian,False,,False,True
INT-T68MUU99UR436IU9,2026-04-28 15:29:26,2026-04-28,CLI-OGL5HH7OAFRY,AGT-BSQ85EHHBB,Inbound Call,Phone,Retención,Retención,475.0,117.0,True,False,Negativo,-0.43,argentine,argentine,False,,True,True
INT-N145HEY2JW13UPIH,2026-04-29 07:41:58,2026-04-28,CLI-EOCZI4WH1IV6,AGT-KTG7GAP6JI,Inbound Call,Phone,Transaccional,Transaccional,100.0,150.0,True,False,Neutral,0.06,colombian,colombian,True,,False,True
INT-FD0A84QWHPITU67O,2026-04-29 00:23:36,2026-04-28,CLI-SXL7JT1C0A97,AGT-4IHMG1WJMD,Inbound Call,Phone,Transaccional,Transaccional,265.0,175.0,True,False,Neutral,0.09,argentine,argentine,False,,False,True
INT-4IDNPXRFITLR59L0,2026-04-28 20:43:38,2026-04-28,CLI-3SGYJG2PT16E,AGT-Q4SXP4EG6L,Chat,Web Chat,Transaccional,Transaccional,,,False,True,Neutral,0.11,,,True,"PRD-I9T2I48T1D6O,PRD-XCMZZIWUS00D,PRD-N11H3I706CG3",False,False
INT-ZYHRMKZOO37S059R,2026-04-28 21:01:29,2026-04-28,CLI-GTZDSL21LKT3,AGT-NANM3Y8BT5,Outbound Call,Phone,Transaccional,Transaccional,194.0,,True,True,Neutral,0.17,mexican,mexican,False,PRD-LXPA3EE4KF0I,False,True
INT-WNFOVNGD2WXM8EXG,2026-04-28 10:29:51,2026-04-28,CLI-MZGZN3LGC1AO,AGT-MC2QXB1BML,Inbound Call,Phone,Queja,Queja,316.0,113.0,True,False,Positivo,0.64,,,False,,True,True
INT-AQV2Q5TC1MI1NGZF,2026-04-28 09:27:00,2026-04-28,CLI-EFJ9B60SPHC8,AGT-R9OEJVZ74S,Inbound Call,Phone,Producto,Producto,221.0,24.0,True,False,Negativo,-0.43,argentine,argentine,False,PRD-7CHNPUMU3YJ1,False,True
INT-H44MPKTM5ZI04EYL,2026-04-28 15:44:20,2026-04-28,CLI-NA5TMBRW5I5G,AGT-OJ9N4FGYV9,Inbound Call,Phone,Transaccional,Transaccional,171.0,156.0,False,True,Neutral,0.03,,,True,"PRD-W279G4550C8J,PRD-36ZEREJNJ72V,PRD-6RK4LYWVDJVU",False,True
INT-BHBL7X8K7BPQ4NLW,2026-04-28 15:57:56,2026-04-28,CLI-NBIWLL675KIJ,AGT-E2RO5C71O7,Inbound Call,Phone,Transaccional,Transaccional,236.0,154.0,True,False,Neutral,-0.27,argentine,argentine,False,"PRD-PSO56TVEA5Z8,PRD-4O6GCDICJ5NU,PRD-HIYHTB1SX4SW",True,True
INT-7VNKTUKWDHJBQIA2,2026-04-28 12:29:02,2026-04-28,CLI-HC8LZ2VZB4UF,AGT-TRV7Z7UODY,Outbound Call,Phone,Transaccional,Transaccional,214.0,,True,False,Neutral,-0.09,argentine,argentine,False,PRD-WZDBMVGDVPIA,True,True
INT-3VR9YYE6N6WAGHEJ,2026-04-28 18:37:32,2026-04-28,CLI-21ECI9EZQJCV,AGT-30XROFW4ZA,Outbound Call,Phone,Transaccional,Transaccional,66.0,,True,False,Neutral,0.1,,,False,"PRD-JVKIKT4THVJ9,PRD-24Q9M024TURS",False,True
INT-TIPK9HKOJIUBZL2J,2026-04-28 08:55:23,2026-04-28,CLI-L35U5CE3SLJ3,AGT-MOMHH0J0J9,Inbound Call,Phone,Producto,Producto,326.0,175.0,True,False,Neutral,0.1,mexican,mexican,False,,False,True
INT-76199NVUG78KU03U,2026-04-28 12:03:00,2026-04-28,CLI-XT2Z7IDE9QFP,AGT-0WS31AIHF0,Inbound Call,Phone,Queja,Queja,490.0,97.0,True,False,Muy Negativo,-0.75,,,False,PRD-JRP5E9HJH0SX,False,True
INT-1XV8U2K6Q5ZW7FE1,2026-04-28 19:39:01,2026-04-28,CLI-RQQBH9UEVJIW,AGT-W2NEJNXW3S,Inbound Call,Phone,Transaccional,Transaccional,266.0,129.0,True,False,Neutral,-0.25,colombian,colombian,False,,False,True
INT-JGLQHBVVZ3VPX209,2026-04-28 19:25:22,2026-04-28,CLI-AOB92T9NZPPT,AGT-06AWFQDRXK,Inbound Call,Phone,Producto,Producto,125.0,134.0,True,False,Negativo,-0.58,mexican,mexican,False,,False,True
INT-25TJN9GXWWCDS88I,2026-04-29 05:29:11,2026-04-28,CLI-8E1S1AH3YQHN,AGT-ABM94FMVNF,Inbound Call,Phone,Transaccional,Transaccional,117.0,85.0,True,True,Neutral,-0.09,colombian,colombian,False,"PRD-TJDZLBTLF782,PRD-1GTWFTQ7HXOM",False,True
INT-PDMS7PXG223MEVKO,2026-04-29 06:31:38,2026-04-28,CLI-C5DCHJMZV7KK,AGT-3WS5S93Z8Y,Inbound Call,Phone,Retención,Retención,381.0,99.0,True,False,Neutral,0.29,mexican,mexican,False,,True,True
INT-Y2BWLBU1K9RGIUG9,2026-04-29 04:51:20,2026-04-28,CLI-5HLE9HD0IU1M,AGT-ZZGWYHJ86X,Inbound Call,Phone,Comercial,Comercial,648.0,141.0,True,False,Neutral,0.2,mexican,mexican,False,,False,True
INT-SGGOCX3W5C0S7FP3,2026-04-28 11:52:04,2026-04-28,CLI-9WQGUV5R7AVM,AGT-ABM94FMVNF,Inbound Call,Phone,Queja,Queja,401.0,209.0,False,True,Neutral,0.1,colombian,colombian,False,"PRD-P1GZO7V4AWLB,PRD-D7JSEYMG9APO,PRD-DYL4BB4EL4J6",False,True
INT-I69ZBH60STILTEKI,2026-04-29 04:59:18,2026-04-28,CLI-QRIX8CZIMYCU,AGT-1283BYB67Y,Inbound Call,Phone,Producto,Producto,318.0,94.0,False,True,Neutral,0.27,mexican,mexican,False,,True,True
INT-CJXMFU1Y4HGBPKMM,2026-04-29 04:12:35,2026-04-28,CLI-88LS36XUHRO2,AGT-Q4SXP4EG6L,Inbound Call,Phone,Queja,Queja,519.0,167.0,False,True,Neutral,0.02,,,False,"PRD-E31OT2X0QYTQ,PRD-2ZU8QLUEF9MX",False,True
INT-RB4ZMKINU1DZOXLX,2026-04-29 02:00:32,2026-04-28,CLI-3BRMVV447GEA,AGT-OB1QMLOS9A,Inbound Call,Phone,Producto,Producto,290.0,175.0,True,False,Neutral,0.1,mexican,mexican,False,,False,True
INT-ZLOGC96J2GHTSGDY,2026-04-28 12:54:32,2026-04-28,CLI-4HMCYNBA27ZM,AGT-QYLO3MENQW,Inbound Call,Phone,Queja,Queja,171.0,49.0,False,True,Muy Negativo,-0.76,argentine,mexican,True,,False,True
INT-N765TBDDL7CCQVKJ,2026-04-28 18:59:24,2026-04-28,CLI-LM1NHC55VY8R,AGT-M8CHINA9AC,Inbound Call,Phone,Producto,Producto,404.0,120.0,True,False,Neutral,-0.08,mexican,mexican,False,"PRD-QOXSGAVY7AD8,PRD-W26UMNASIU62,PRD-N2GLIIZEE6AC",True,True
INT-XG254PEC2TSBNCDA,2026-04-28 16:27:03,2026-04-28,CLI-4A28Q1RATWFT,AGT-R34ROKZW06,Inbound Call,Phone,Queja,Queja,487.0,186.0,False,True,Negativo,-0.66,mexican,mexican,False,,True,True
INT-4VK7EEONGHXFU990,2026-04-28 12:10:51,2026-04-28,CLI-SJK9IWR2SPBR,AGT-7RNBB5W4CT,Inbound Call,Phone,Producto,Producto,234.0,142.0,True,False,Neutral,0.19,mexican,mexican,False,,False,True
INT-BS171MTZENWO800Y,2026-04-29 05:51:56,2026-04-28,CLI-RQHOUKEZ9BGW,AGT-2MHKH3YW3K,Inbound Call,Phone,Técnico,Técnico,315.0,71.0,True,False,Positivo,0.39,colombian,colombian,False,"PRD-89AEQPDIMYAE,PRD-1R3ZDKBB8SA1",False,True
INT-LKP4FTA3APHLUYCG,2026-04-29 00:08:00,2026-04-28,CLI-1G3R51HUEZM9,AGT-BAQUFS4AR7,Inbound Call,Phone,Técnico,Técnico,237.0,125.0,True,False,Positivo,0.61,mexican,mexican,True,,False,True
INT-YZ78N0NC3W0BH53Z,2026-04-28 08:13:35,2026-04-28,CLI-O3QYB6IG38TW,AGT-4W61FITOXQ,Inbound Call,Phone,Retención,Retención,406.0,73.0,True,False,Muy Negativo,-0.72,,,False,,True,True
INT-6TRRDP6FQJXFP7RD,2026-04-29 06:52:45,2026-04-28,CLI-1HY4ZYJQ2YWA,AGT-V96WLTZ7C2,Video,App,Transaccional,Transaccional,199.0,,True,True,Neutral,0.18,mexican,mexican,False,"PRD-GUHBKA9WSYE9,PRD-EKP9ZZVORSUF",False,True
INT-4K8XAE6VC94CVYC5,2026-04-28 09:27:59,2026-04-28,CLI-GPMDRUXILJ6R,AGT-JMA3MRKNWE,Inbound Call,Phone,Transaccional,Transaccional,170.0,129.0,True,True,Neutral,0.07,colombian,argentine,False,,True,True
INT-CLV3MQFMIY084JRH,2026-04-28 19:38:14,2026-04-28,CLI-4W8PXONITG7C,AGT-C6RUPPZPMR,Outbound Call,Phone,Queja,Queja,191.0,,False,True,Positivo,0.68,argentine,argentine,False,,False,True
INT-CXTCWQ1FKQSLSBO4,2026-04-28 09:19:05,2026-04-28,CLI-YU1MKRSRJSP4,AGT-23RRHYZ3YU,Inbound Call,Phone,Transaccional,Transaccional,289.0,126.0,True,False,Neutral,0.22,colombian,colombian,False,,False,True
INT-3CI95D7ZHZY3MFS3,2026-04-29 05:19:36,2026-04-28,CLI-4ZEWJU000DAD,AGT-6I9WLLYIKE,Inbound Call,Phone,Transaccional,Transaccional,112.0,47.0,True,False,Neutral,-0.11,mexican,mexican,False,,False,True
INT-2NOOG33JPUIW3S9P,2026-04-28 12:31:38,2026-04-28,CLI-D1AJG4TCRNRM,AGT-P8AKH6CJ9L,Inbound Call,Phone,Transaccional,Transaccional,180.0,49.0,True,False,Neutral,-0.19,,,False,,False,True
INT-CMX5RRPN8QLTV21L,2026-04-28 09:08:21,2026-04-28,CLI-8L4YSFGT28CC,AGT-Z7U0LOAHW9,Outbound Call,Phone,Producto,Producto,408.0,,True,True,Neutral,-0.29,,,False,"PRD-5SFEI88OBOY7,PRD-NI7FDGBKFBG2,PRD-CWLLDUF3XJSV",False,True
INT-RG8XLTB0XV2DTNJX,2026-04-28 22:01:11,2026-04-28,CLI-MLLBNZZXUPB9,AGT-5ANM4NA6WN,Inbound Call,Phone,Técnico,Técnico,268.0,97.0,True,False,Positivo,0.52,,,False,,False,True
INT-1913A5F49LD86V13,2026-04-28 09:57:58,2026-04-28,CLI-NPWI7ATX5AWS,AGT-DIG702C4OF,Email,Email,Queja,Queja,,,False,True,Negativo,-0.48,mexican,mexican,False,,True,False
INT-C9C4FIRY9CBW5HOT,2026-04-29 00:30:37,2026-04-28,CLI-S3Y3RHTLI4ZR,AGT-ZGD5FBXG7L,Inbound Call,Phone,Transaccional,Transaccional,118.0,111.0,True,False,Neutral,0.29,colombian,colombian,False,,False,True
INT-OOWI2MBBCKQ3GSA1,2026-04-28 23:37:28,2026-04-28,CLI-6RA2V8GNU4KU,AGT-A2SCD6YQWM,Inbound Call,Phone,Transaccional,Transaccional,314.0,148.0,True,False,Neutral,0.02,argentine,argentine,False,,False,True
INT-IQ4RD9R40SOIEVVZ,2026-04-28 20:59:35,2026-04-28,CLI-796Q0402TGJO,AGT-RA3DSUKQ7L,Inbound Call,Phone,Queja,Queja,581.0,61.0,False,True,Negativo,-0.49,,,False,,False,True
INT-3409NG9231YW10ID,2026-04-28 20:55:21,2026-04-28,CLI-MLW1MZQ6753C,AGT-OB1QMLOS9A,Inbound Call,Phone,Transaccional,Transaccional,160.0,158.0,True,False,Neutral,-0.05,,,False,"PRD-DEROV9EOX46B,PRD-X9EZ7PYBGFRF",True,True
INT-7IWW4FG2RNSWXJ76,2026-04-28 13:37:02,2026-04-28,CLI-DYIZS3PE9QLU,AGT-6QYGLWIS1K,Inbound Call,Phone,Producto,Producto,315.0,211.0,False,True,Neutral,-0.24,mexican,mexican,False,,False,True
INT-UU3N4E1HYKKZ86ZP,2026-04-28 11:38:45,2026-04-28,CLI-W919I6DTUYKO,AGT-C8D3C4WFVG,Inbound Call,Phone,Producto,Producto,327.0,90.0,True,False,Positivo,0.55,argentine,colombian,False,"PRD-4C7ITI5J9J13,PRD-1AJJSCLGF0DO,PRD-MD1PM2FJ61UZ",True,True
INT-9WV8H6YLE0B5F0BF,2026-04-28 19:37:38,2026-04-28,CLI-TPTL6GLV2MFQ,AGT-ERBZDOFKYX,Chat,App,Transaccional,Transaccional,,,True,False,Neutral,-0.07,argentine,colombian,False,,False,False
INT-HDVWOLL8EHXWK59L,2026-04-28 13:08:31,2026-04-28,CLI-W8163AHA66KG,AGT-X3WLDNDFIL,Inbound Call,Phone,Producto,Producto,169.0,132.0,True,False,Neutral,0.23,mexican,mexican,False,,False,True
INT-0NF8J6FFJXE60ONW,2026-04-28 22:36:51,2026-04-28,CLI-0838PIT9Q4LP,AGT-XODIBGCD8U,Inbound Call,Phone,Técnico,Técnico,356.0,117.0,True,False,Neutral,-0.08,mexican,mexican,False,"PRD-2Q9W13MDZU4A,PRD-O08CVGWFA2YV",False,True
INT-ND2FIL2IFP6U4M3E,2026-04-29 03:21:58,2026-04-28,CLI-0C4SKXAXGEJG,AGT-GE3FND5X2T,Inbound Call,Phone,Queja,Queja,407.0,171.0,True,True,Neutral,0.04,colombian,mexican,False,,False,True
INT-4UJPQV3XWUESH70X,2026-04-28 17:56:07,2026-04-28,CLI-I6VSL1S1W7S7,AGT-MCGNTSXO28,Inbound Call,Phone,Producto,Producto,251.0,125.0,True,False,Negativo,-0.32,,,False,"PRD-1MZ6VOMJZUFA,PRD-GEKATO5DSUR9,PRD-X8ODIUSYXNQQ",True,True
INT-LZEBWUJ43BYDP92F,2026-04-28 08:46:09,2026-04-28,CLI-EHAVNXE4GL48,AGT-VT6AB8ZSIS,Inbound Call,Phone,Queja,Queja,234.0,0.0,True,False,Positivo,0.48,,,False,,False,True
INT-JIAL0FVQ29JV65CJ,2026-04-28 16:16:09,2026-04-28,CLI-1MH75B3G9BVO,AGT-EUWMU9A5O8,Chat,Web Chat,Producto,Producto,,,True,False,Neutral,0.05,mexican,mexican,False,,False,False
INT-TNGKEAY8HUXPTZRP,2026-04-28 12:06:31,2026-04-28,CLI-OGTG2BNAXS64,AGT-FIFKWZ2CD9,Inbound Call,Phone,Transaccional,Transaccional,356.0,41.0,True,False,Neutral,-0.26,colombian,colombian,False,,False,True
INT-V27HAKW0KTIA7VSV,2026-04-29 02:04:38,2026-04-28,CLI-ZNUARK1SAHTI,AGT-1B1LQT3IQC,Chat,App,Transaccional,Transaccional,,,True,False,Neutral,-0.26,colombian,colombian,False,,True,False
INT-GJHA5AYRUIR5APXA,2026-04-28 19:54:50,2026-04-28,CLI-VWH655BV8T2W,AGT-9XS8S3F6F9,Inbound Call,Phone,Transaccional,Transaccional,168.0,36.0,True,True,Neutral,-0.1,colombian,colombian,False,,True,True
INT-HO8215KB5WZYHD3F,2026-04-28 12:34:58,2026-04-28,CLI-Y9MERRU3E4OK,AGT-BOSIAA5J5O,Outbound Call,Phone,Queja,Queja,157.0,,False,True,Neutral,0.09,,,False,,True,True
INT-617F2V2VCBU09TSL,2026-04-28 14:01:44,2026-04-28,CLI-K46MGJJQQBTT,AGT-1KKA6IK8D9,Inbound Call,Phone,Producto,Producto,226.0,144.0,True,False,Muy Negativo,-0.73,mexican,mexican,False,"PRD-QP982NZ9BGUL,PRD-6DFYKEOJS9Y3",False,True
INT-UA2KBZT9IKI4MAJ0,2026-04-28 19:11:07,2026-04-28,CLI-IAPJBLUHED3E,AGT-H01EG2K29X,Inbound Call,Phone,Producto,Producto,319.0,86.0,True,False,Neutral,-0.09,,,False,,False,True
INT-43NEU1H41W7D8U4L,2026-04-29 06:42:31,2026-04-28,CLI-0R4GWPMBBSCE,AGT-JMIXZ2J7AY,Inbound Call,Phone,Transaccional,Transaccional,143.0,97.0,True,True,Neutral,0.11,argentine,argentine,False,"PRD-3037ZKQVB7BR,PRD-57L555PFWWUX,PRD-AYLADXKD87Z5",True,True
INT-WFWS6U2CJFDQW41S,2026-04-28 23:58:53,2026-04-28,CLI-8VJ9IBO7QAMB,AGT-JZD6GWJBLQ,Chat,App,Técnico,Técnico,,,True,False,Muy Negativo,-0.76,colombian,mexican,False,"PRD-VY2ZJ9N85EGW,PRD-FI5OR7VYF3VQ,PRD-I1VVVW5MT57F",False,False
INT-JZSUXPIW7G3RWJM2,2026-04-29 00:23:39,2026-04-28,CLI-ROY1VJUOHIEI,AGT-3XZPJ3T8CP,Email,Email,Transaccional,Transaccional,,,True,False,Neutral,-0.27,,,False,"PRD-73F16A70ADC4,PRD-D8V0H0C80Z60,PRD-EPGDXH2IM1HL",True,False
INT-TH4PDMKS8HUPUXTL,2026-04-29 04:40:52,2026-04-28,CLI-XOFIH2H9R6UC,AGT-HKU44IP108,Inbound Call,Phone,Transaccional,Transaccional,195.0,211.0,True,False,Neutral,0.29,colombian,mexican,False,,False,True
INT-HNDN2AB6E7ZTIEQN,2026-04-28 12:11:25,2026-04-28,CLI-LYJ30DB5XRUN,AGT-GBHL3XZPKH,Chat,WhatsApp,Producto,Producto,,,True,True,Neutral,-0.08,colombian,colombian,False,"PRD-Y1SL16ILDMZX,PRD-S4OYNK3NLNYQ",False,False
INT-BM82V4D3MTY41F0I,2026-04-29 01:33:26,2026-04-28,CLI-5BWCMHGEP3QO,AGT-MOMHH0J0J9,Outbound Call,Phone,Transaccional,Transaccional,211.0,,True,False,Neutral,0.1,,,False,,False,True
INT-EF8ZPDX38GLOFFFD,2026-04-28 17:55:36,2026-04-28,CLI-VNLMPXI4QBRA,AGT-824XMWYTET,Outbound Call,Phone,Transaccional,Transaccional,137.0,,True,False,Neutral,0.05,colombian,colombian,False,,True,True
INT-3KI92PJH4RQM91Z7,2026-04-29 00:28:39,2026-04-28,CLI-BHA1DP35RGVR,AGT-BUS9PDJC54,Inbound Call,Phone,Transaccional,Transaccional,185.0,89.0,False,True,Neutral,-0.28,,,False,,True,True
INT-BISH94Y3QOY8LNTX,2026-04-28 22:37:23,2026-04-28,CLI-4DE2BT5149Q8,AGT-F9WI50IQUB,Inbound Call,Phone,Retención,Retención,377.0,176.0,True,False,Neutral,-0.06,,,False,PRD-QGAE8E66WOCA,False,True
INT-VMM5WFBT1RNZC1WH,2026-04-28 18:22:47,2026-04-28,CLI-P7A0Z4H2R5PZ,AGT-T8LM02ABDZ,Email,Email,Retención,Retención,,,True,False,Neutral,-0.06,colombian,colombian,False,,False,False
INT-87ZMJHLJUH88O3RF,2026-04-29 03:06:49,2026-04-28,CLI-XSGUX1BSPUET,AGT-PK5PH38NS1,Inbound Call,Phone,Queja,Queja,344.0,130.0,False,True,Neutral,0.3,argentine,argentine,False,,False,True
INT-YKF9W3Y6K2CIX6Y9,2026-04-28 22:37:32,2026-04-28,CLI-03RLXD92RF66,AGT-1AW37NRW7X,Email,Email,Transaccional,Transaccional,,,True,True,Neutral,0.2,colombian,colombian,False,,False,False
INT-VU6VBZTLOZLUH5T4,2026-04-28 15:25:28,2026-04-28,CLI-ODIAYHNGT6OJ,AGT-MG70CMDJPJ,Inbound Call,Phone,Transaccional,Transaccional,189.0,106.0,True,False,Neutral,-0.12,mexican,mexican,False,,False,True
INT-MQNJA6C5DKDH1KPY,2026-04-28 10:25:31,2026-04-28,CLI-U03TKCNDQXYL,AGT-B6R45B7BNQ,Email,Email,Queja,Queja,,,False,True,Muy Positivo,0.86,mexican,mexican,False,"PRD-62KQV2J5YM33,PRD-35RJMKS90O2O",False,False
INT-3C8M9YW806HPIKDN,2026-04-28 09:07:42,2026-04-28,CLI-T79YX9GSW3UN,AGT-1KKA6IK8D9,Inbound Call,Phone,Producto,Producto,397.0,253.0,True,False,Neutral,-0.06,mexican,mexican,True,,False,True
INT-1GDL0R9S8PEJ0W3C,2026-04-29 06:56:24,2026-04-28,CLI-46YIRE5A4YJB,AGT-W8EI0WIZH2,Inbound Call,Phone,Producto,Producto,275.0,47.0,True,False,Neutral,-0.08,,,False,,False,True
INT-CNOL3K41JBVLNDQO,2026-04-28 10:09:57,2026-04-28,CLI-MENJPMWJ3NBW,AGT-VCHYT34SD6,Inbound Call,Phone,Queja,Queja,404.0,232.0,False,True,Positivo,0.58,,,False,,False,True
INT-NEZ9LAW3ND87OKJT,2026-04-28 18:33:39,2026-04-28,CLI-NDQKRRQPN1JF,AGT-YG53JDQFB2,Chat,App,Queja,Queja,,,False,True,Negativo,-0.48,colombian,colombian,False,,False,False
INT-WXZYS9YCCED9PNOP,2026-04-28 10:40:52,2026-04-28,CLI-VCNXZKMU3OUX,AGT-1KKA6IK8D9,Inbound Call,Phone,Transaccional,Transaccional,106.0,58.0,True,False,Neutral,-0.28,colombian,colombian,False,,True,True
INT-TOEKW5WTPXEU0DUF,2026-04-29 07:53:51,2026-04-28,CLI-NAV21QMJQ7MK,AGT-C8D3C4WFVG,Inbound Call,Phone,Producto,Producto,376.0,177.0,False,True,Neutral,0.18,argentine,colombian,False,,True,True
INT-5BBCF3Z0U4QN3RW1,2026-04-28 16:13:03,2026-04-28,CLI-E5AIGQ67NRIH,AGT-W4AYW4BGI9,Inbound Call,Phone,Producto,Producto,279.0,224.0,True,True,Negativo,-0.67,argentine,argentine,False,,False,True
INT-S6D79GXC5OXBU6RR,2026-04-29 04:07:05,2026-04-28,CLI-1YVPL6VD0P4V,AGT-1C2ZX2X1ER,Inbound Call,Phone,Producto,Producto,408.0,0.0,True,False,Neutral,-0.03,,,False,"PRD-FXZADNDUYIKP,PRD-WK6GYYCX3UIZ",False,True
INT-VNNF53X9THCNDOLM,2026-04-28 10:02:08,2026-04-28,CLI-U5YHQE6H8F9O,AGT-ZRQW0ATSEE,Outbound Call,Phone,Comercial,Comercial,714.0,,False,True,Negativo,-0.63,mexican,mexican,False,,False,True
INT-FZPBNSALKDN9BDOE,2026-04-28 18:10:41,2026-04-28,CLI-F93N2TIY36XC,AGT-0WS31AIHF0,Inbound Call,Phone,Queja,Queja,502.0,100.0,True,False,Neutral,-0.06,mexican,mexican,False,,False,True
INT-BFX83XX9CE2ROBAC,2026-04-28 13:00:37,2026-04-28,CLI-QQQODR9RUUNX,AGT-GF86DSKF59,Inbound Call,Phone,Transaccional,Transaccional,235.0,32.0,True,False,Neutral,-0.11,mexican,mexican,False,"PRD-8PWBORFMP0DB,PRD-JC13F7F10CW0,PRD-43EI6DJL46U0",True,True
INT-HJAVQIKV3BL1N6IO,2026-04-28 20:41:50,2026-04-28,CLI-NODY2OVLDZRO,AGT-IN5R647MZH,Outbound Call,Phone,Transaccional,Transaccional,165.0,,False,True,Neutral,-0.21,colombian,colombian,False,,False,True
INT-YIQZVKVJY4PH4JYA,2026-04-28 17:59:48,2026-04-28,CLI-BDO8KDGG1MTL,AGT-3XZPJ3T8CP,Inbound Call,Phone,Técnico,Técnico,656.0,303.0,False,True,Positivo,0.51,mexican,mexican,True,"PRD-LKD3DGFX6QCP,PRD-OW0259E6KPFJ",True,True
INT-YIFFD4K37FN5X603,2026-04-28 08:35:08,2026-04-28,CLI-VNEQ7K7QOJW7,AGT-6L3BLQM63U,Email,Email,Técnico,Técnico,,,True,False,Muy Negativo,-0.95,colombian,colombian,False,"PRD-M82E2YBRXYK2,PRD-HSNY14FFKWRP",True,False
INT-PY3T1LQLMAMU27LV,2026-04-29 04:22:17,2026-04-28,CLI-K5HBVNEAIUST,AGT-A8JC05Z7T5,Inbound Call,Phone,Técnico,Técnico,259.0,119.0,False,True,Neutral,0.14,,,False,,False,True
INT-MLAZ7IEDV21RI3MW,2026-04-29 01:41:56,2026-04-28,CLI-FMUT86PQV76L,AGT-WZZ580SGIK,Inbound Call,Phone,Transaccional,Transaccional,203.0,44.0,True,False,Neutral,0.02,mexican,mexican,False,,False,True
INT-VXP5UOGJJLZTHTGP,2026-04-29 00:58:58,2026-04-28,CLI-WHJ2POLAHX84,AGT-JZD6GWJBLQ,Inbound Call,Phone,Técnico,Técnico,388.0,213.0,True,True,Neutral,-0.3,mexican,mexican,False,,False,True
INT-AORVZSZTHRF58ZEJ,2026-04-28 10:40:20,2026-04-28,CLI-SL8DI8FQCSR8,AGT-P3J2VF0O60,Inbound Call,Phone,Queja,Queja,535.0,191.0,False,True,Positivo,0.38,,,False,,False,True
INT-5RENS81PCIBPRDXF,2026-04-29 01:54:17,2026-04-28,CLI-TFEOVEOQEQAG,AGT-82LH3XCRLZ,Inbound Call,Phone,Transaccional,Transaccional,79.0,102.0,True,True,Neutral,-0.0,mexican,mexican,False,,True,True
INT-D4ATNO5PGWWBUSH9,2026-04-28 14:40:54,2026-04-28,CLI-PL6K1SGFK8F6,AGT-E9ZVJ2OXIN,Inbound Call,Phone,Queja,Queja,396.0,91.0,False,True,Muy Positivo,1.0,mexican,argentine,False,,False,True
INT-DJN6VB9YH49S1NM1,2026-04-29 03:15:19,2026-04-28,CLI-0RQJSU2ORDDY,AGT-PLECNMT71Z,Inbound Call,Phone,Técnico,Técnico,147.0,174.0,True,False,Neutral,0.14,colombian,colombian,False,"PRD-2AQ6VW8PDBEO,PRD-9B1A2C5HB5WR",True,True
INT-YIZETKJE9LFM8GG5,2026-04-28 23:36:00,2026-04-28,CLI-JQTPG6K70QNO,AGT-12AFACXPXI,Inbound Call,Phone,Transaccional,Transaccional,213.0,47.0,True,False,Neutral,0.09,mexican,mexican,False,"PRD-HJIVVMJGGI25,PRD-208TU1ULI0XV",True,True
INT-NKJEG9G26LPNT4H9,2026-04-28 08:14:23,2026-04-28,CLI-8LDET4JACRPF,AGT-5JKM5LSJJK,Inbound Call,Phone,Comercial,Comercial,690.0,150.0,True,False,Neutral,0.13,,,False,"PRD-JWVNZG24S54Q,PRD-T3GEEIEN256A",False,True
INT-15U8RX12OIOTIWF9,2026-04-29 01:46:39,2026-04-28,CLI-IM6ZPCHHZRQX,AGT-9C6BRHB25D,Inbound Call,Phone,Técnico,Técnico,343.0,110.0,True,False,Positivo,0.49,mexican,mexican,False,"PRD-9C436L1PCIHA,PRD-5P3C41CKT9CW",True,True
INT-50F6NY093OKAV1T3,2026-04-28 14:37:26,2026-04-28,CLI-CX7LOSVE34HW,AGT-GQXD9Y0S4T,Inbound Call,Phone,Producto,Producto,260.0,130.0,True,False,Neutral,-0.07,colombian,colombian,False,PRD-3YAITBHVD6JY,False,True
INT-USXTWJGDB68Z4TPT,2026-04-29 04:24:51,2026-04-28,CLI-UU2ZM4EZA0HB,AGT-AJ8SSRN9XM,Chat,WhatsApp,Técnico,Técnico,,,True,True,Positivo,0.35,colombian,colombian,False,,False,False
INT-PTOVV6YU8E9EDG9G,2026-04-28 10:26:21,2026-04-28,CLI-50NJHMTNGIEG,AGT-OJD399EZD8,Outbound Call,Phone,Técnico,Técnico,473.0,,False,True,Negativo,-0.67,mexican,colombian,False,,True,True
INT-W05E16ZWJFAK9D0O,2026-04-28 09:40:17,2026-04-28,CLI-YC717AYA58XX,AGT-KU6FVZPQSV,Inbound Call,Phone,Queja,Queja,315.0,65.0,False,True,Negativo,-0.62,mexican,mexican,False,,False,True
INT-IWXJGCBFYY1OZOGX,2026-04-28 13:50:21,2026-04-28,CLI-FJ0HES0ZKQ6L,AGT-HVLXTQA5YL,Outbound Call,Phone,Transaccional,Transaccional,123.0,,True,False,Neutral,0.02,colombian,colombian,False,,False,True
INT-6DNZDUMB7KT88IPW,2026-04-29 05:14:53,2026-04-28,CLI-7L5E5Y1DCLTM,AGT-UX4C3E56W9,Inbound Call,Phone,Queja,Queja,255.0,145.0,True,False,Neutral,-0.26,,,False,PRD-EMVJGQLTQDP9,False,True
INT-WPYF89WO8U56G24T,2026-04-28 17:05:50,2026-04-28,CLI-TAPGE3JR52GJ,AGT-PDS7BE8A8L,Chat,Web Chat,Técnico,Técnico,,,True,False,Negativo,-0.59,argentine,mexican,False,,False,False
INT-P64APJOC89S31R4F,2026-04-28 16:02:39,2026-04-28,CLI-WSGWL6G0DJ6K,AGT-R6BH0F3DT7,Inbound Call,Phone,Técnico,Técnico,277.0,256.0,False,True,Negativo,-0.52,,,False,PRD-MVMMPP6AQIQX,False,True
INT-530NKIIN0H1LCA9H,2026-04-29 02:38:16,2026-04-28,CLI-5LI38HI3YC29,AGT-Z1FRSK9T0T,Inbound Call,Phone,Transaccional,Transaccional,287.0,206.0,True,False,Neutral,0.19,,,False,,True,True
INT-78WB58J1ZMYWTCOV,2026-04-28 11:43:44,2026-04-28,CLI-R4YLQPHITYGZ,AGT-JZ4UT5EH9L,Inbound Call,Phone,Producto,Producto,271.0,101.0,True,True,Muy Negativo,-0.75,colombian,argentine,True,,True,True
INT-0L6ZSIXNII0XNC4A,2026-04-29 05:14:54,2026-04-28,CLI-NG6MMTEWGP9R,AGT-SRVYKVRU3O,Chat,Web Chat,Queja,Queja,,,True,False,Neutral,0.1,argentine,argentine,False,,True,False
INT-5BXVW3JYMV9LEC86,2026-04-28 08:24:43,2026-04-28,CLI-1J9HUILKRMZP,AGT-DBGB5MKK8K,Inbound Call,Phone,Queja,Queja,439.0,71.0,False,True,Positivo,0.68,,,False,,False,True
INT-8PJZ9F1PXD8LJECA,2026-04-29 03:13:44,2026-04-28,CLI-L0RYJFMUF6MQ,AGT-L0V4XUS6HH,Inbound Call,Phone,Producto,Producto,357.0,57.0,True,False,Negativo,-0.45,colombian,colombian,False,,False,True
INT-1WQXTZDZTFNHTJ6K,2026-04-28 16:55:04,2026-04-28,CLI-Z2PEGFVCY0N4,AGT-R0C8IKREWX,Inbound Call,Phone,Técnico,Técnico,441.0,79.0,True,False,Neutral,-0.25,argentine,argentine,False,,False,True
INT-8O7LVU0X33ZHUIPX,2026-04-29 01:25:45,2026-04-28,CLI-INM36UKT7FJV,AGT-JG7DEBTE1E,Inbound Call,Phone,Técnico,Técnico,365.0,244.0,False,True,Muy Negativo,-0.75,argentine,mexican,False,,False,True
INT-ZUFO9RICH1DL3F3P,2026-04-28 16:08:00,2026-04-28,CLI-S3QZ16Q4WDPK,AGT-YETUBFGAV5,Inbound Call,Phone,Transaccional,Transaccional,329.0,18.0,True,False,Neutral,-0.12,,,False,"PRD-73NWO3QA0U3Q,PRD-F9L4YGFSRH0X",False,True
INT-NFFZNZ5L4Y1XXEAH,2026-04-28 12:07:40,2026-04-28,CLI-SRJUV6C0K7LV,AGT-NN9QB41DVS,Chat,WhatsApp,Transaccional,Transaccional,,,True,False,Neutral,0.03,mexican,mexican,False,,True,False
INT-IIR5NX0KX33ROIFU,2026-04-28 09:33:40,2026-04-28,CLI-EV61PXXSB0JU,AGT-ZM1ICRUZC0,Inbound Call,Phone,Transaccional,Transaccional,266.0,222.0,True,True,Neutral,-0.16,,,False,,False,True
INT-4ZJGWSDEFLRAPXXT,2026-04-28 11:09:25,2026-04-28,CLI-K31JQG7MKV0T,AGT-RLIC03EY4X,Outbound Call,Phone,Queja,Queja,501.0,,False,True,Neutral,0.21,argentine,mexican,False,,False,True
INT-3CGFI2J7T2LHR5SD,2026-04-28 17:57:20,2026-04-28,CLI-XQQTDWCTEWA2,AGT-H4EMIUP105,Chat,App,Transaccional,Transaccional,,,True,False,Neutral,0.12,,,False,,False,False
INT-FDNCE2WJZSAR6A84,2026-04-28 08:26:54,2026-04-28,CLI-KHBQJ9P8ZFP5,AGT-WCPI68FFI5,Outbound Call,Phone,Queja,Queja,498.0,,True,False,Muy Negativo,-0.73,colombian,colombian,False,"PRD-EKOQHS5XXWFO,PRD-1X2LFJR6L20H,PRD-I52VR9LGTKW1",False,True
INT-UQ1DN0NISXBWE38C,2026-04-29 06:04:46,2026-04-28,CLI-7D9HFKZPAO82,AGT-ABM94FMVNF,Inbound Call,Phone,Transaccional,Transaccional,97.0,82.0,True,False,Neutral,-0.18,,,False,,False,True
INT-2KPI3OVIVR485G5M,2026-04-28 14:33:12,2026-04-28,CLI-OHXSHNGHQSQ9,AGT-R5961LOEMU,Inbound Call,Phone,Transaccional,Transaccional,119.0,103.0,False,True,Neutral,-0.12,mexican,mexican,False,,False,True
INT-RM3W16KBHO34B4OE,2026-04-29 05:25:40,2026-04-28,CLI-61EJ80OL8WJN,AGT-3BWKH19I03,Outbound Call,Phone,Producto,Producto,193.0,,True,False,Neutral,0.19,mexican,colombian,False,,False,True
INT-GXG7V26TK1MOKXNH,2026-04-28 13:08:23,2026-04-28,CLI-PUTDDYQEBUMX,AGT-OE5G4M0EK0,Inbound Call,Phone,Comercial,Comercial,682.0,140.0,True,False,Negativo,-0.56,argentine,mexican,False,"PRD-O5GE2407ZBLY,PRD-SZL957YGLP07",False,True
INT-4YR7QY21AD56I66R,2026-04-28 09:23:59,2026-04-28,CLI-HSRF7G74BZE1,AGT-YDBZL5HKAZ,Inbound Call,Phone,Retención,Retención,646.0,109.0,True,True,Muy Positivo,0.81,mexican,mexican,False,PRD-O7M1M68CU28Y,True,True
INT-W9QB7AO1OOH4EIJ7,2026-04-28 19:37:18,2026-04-28,CLI-Y9P1BE7EZTO6,AGT-AUOTS7C4F3,Inbound Call,Phone,Transaccional,Transaccional,184.0,24.0,True,True,Neutral,-0.21,,,False,,False,True
INT-S1QNY66GMUH8Y8D1,2026-04-28 22:23:33,2026-04-28,CLI-EN6N1O7Q4K47,AGT-Q0FNFY8G5L,Chat,Web Chat,Queja,Queja,,,True,False,Neutral,-0.29,argentine,argentine,False,,False,False
INT-PSOUARJP1WBLY7XU,2026-04-28 12:04:38,2026-04-28,CLI-W0J8AUVCVP3F,AGT-PX17SVBBET,Outbound Call,Phone,Queja,Queja,417.0,,True,False,Positivo,0.53,argentine,mexican,False,PRD-ZC5LDSO5356A,False,True
INT-9LCZI4T08RKTOCTN,2026-04-29 06:17:50,2026-04-28,CLI-VOZBW2QI90AR,AGT-SHC2ZWX53S,Chat,WhatsApp,Transaccional,Transaccional,,,True,False,Neutral,-0.02,argentine,mexican,False,,True,False
INT-BKY9S1RXBN9HCBNJ,2026-04-29 07:30:08,2026-04-28,CLI-WNV9SSFO6MU9,AGT-1HFUQGD4SI,Outbound Call,Phone,Retención,Retención,424.0,,True,False,Neutral,0.03,mexican,mexican,False,"PRD-H3M66Z4EI72I,PRD-B511LXEOEMTP,PRD-OQNND0VIGAZJ",False,True
INT-WD1OZI6VTGXFGNHP,2026-04-28 15:38:51,2026-04-28,CLI-TSQF358Z3195,AGT-CEA1C9BKKF,Inbound Call,Phone,Técnico,Técnico,345.0,93.0,True,True,Negativo,-0.39,,,False,,True,True
INT-M1KOGBVJC2LMV13Q,2026-04-28 08:44:01,2026-04-28,CLI-0FIG5KC9RTQC,AGT-MVYH7DKNEH,Inbound Call,Phone,Técnico,Técnico,248.0,64.0,True,True,Negativo,-0.59,mexican,mexican,False,,False,True
INT-IU4852K7OWQ50YP2,2026-04-29 04:46:07,2026-04-28,CLI-V0042AVQ4NFU,AGT-WZZ580SGIK,Inbound Call,Phone,Producto,Producto,333.0,86.0,False,True,Neutral,0.05,,,False,"PRD-JI4QJ7DGZOBY,PRD-HVRLSIOP1FPX",False,True
INT-FSEYJGEV7RO55AFK,2026-04-28 11:07:48,2026-04-28,CLI-GWVL3XD2C8EU,AGT-6UU2ZTXHKF,Inbound Call,Phone,Transaccional,Transaccional,280.0,151.0,False,True,Neutral,0.12,mexican,mexican,False,,False,True
INT-W0UCGH72VDY7QGUA,2026-04-28 21:28:35,2026-04-28,CLI-V1OFDJUOJXQL,AGT-DIG702C4OF,Email,Email,Producto,Producto,,,True,False,Neutral,-0.24,mexican,mexican,False,,False,False
INT-57DU6U84VQH89ASU,2026-04-29 04:41:37,2026-04-28,CLI-P240TR3G9FYV,AGT-Q4TY30BOYE,Inbound Call,Phone,Producto,Producto,268.0,253.0,False,True,Neutral,0.17,,,True,PRD-DAB8EFF79P0E,True,True
INT-I2WBWDK6COBFQ550,2026-04-29 02:53:38,2026-04-28,CLI-DLWG2MYQN7XN,AGT-XX6WSQ2E5P,Inbound Call,Phone,Producto,Producto,208.0,142.0,True,False,Muy Positivo,0.73,mexican,mexican,False,,True,True
INT-7EZ7VFZXM5NO080I,2026-04-28 17:55:17,2026-04-28,CLI-SEL293NTMMEE,AGT-W8EI0WIZH2,Inbound Call,Phone,Transaccional,Transaccional,222.0,105.0,True,False,Neutral,0.17,mexican,mexican,True,"PRD-C5WVZYY3QT35,PRD-TS86UDXD4QZJ",False,True
INT-Y5JF98P6TW76DN75,2026-04-29 06:02:59,2026-04-28,CLI-3WNAP2VMM6BP,AGT-INOBA0VR4Q,Inbound Call,Phone,Comercial,Comercial,447.0,85.0,True,True,Neutral,0.16,colombian,colombian,False,"PRD-OI08NAMLNH8G,PRD-CCAZLNT0WQ9L,PRD-QW2N4URIWT96",False,True
INT-S22J1MI2NAY6WU7X,2026-04-28 20:50:21,2026-04-28,CLI-SZWR4J342RQ9,AGT-4O6EXPVV7F,Inbound Call,Phone,Producto,Producto,453.0,139.0,True,False,Neutral,0.23,argentine,argentine,False,,False,True
INT-PF4BV9EL7H3AOP3H,2026-04-28 11:22:32,2026-04-28,CLI-OIUJFO7UF79P,AGT-6NK9TIEVN9,Inbound Call,Phone,Comercial,Comercial,601.0,177.0,False,True,Muy Negativo,-0.72,,,True,,False,True
INT-A2GZRHCVTZQF0V4L,2026-04-28 08:41:01,2026-04-28,CLI-7Q6TGMTKCSTW,AGT-8GZ4DPZ9DX,Inbound Call,Phone,Transaccional,Transaccional,220.0,29.0,False,True,Neutral,0.15,,,False,PRD-AIBC9KY0STN9,False,True
INT-JQ6Z0QVMPWSNTTFC,2026-04-29 07:51:42,2026-04-28,CLI-2JMCVQXH2OLZ,AGT-G5GWLCT1OU,Outbound Call,Phone,Producto,Producto,281.0,,True,False,Negativo,-0.33,,,False,"PRD-QVSQ8C3973XS,PRD-UKUTJMXGJ1LX,PRD-O9D9VJ3586HZ",False,True
INT-EECAH72MNGH08AM1,2026-04-29 04:19:14,2026-04-28,CLI-F1E55ZMOCA9C,AGT-G9OO88HUR6,Inbound Call,Phone,Producto,Producto,209.0,159.0,True,True,Neutral,-0.22,mexican,mexican,False,,False,True
INT-8VG8T81IQZSKP1UV,2026-04-28 13:48:40,2026-04-28,CLI-OSK3Q1XXNJWD,AGT-CTUYD8XUXN,Inbound Call,Phone,Técnico,Técnico,413.0,252.0,False,True,Positivo,0.45,,,True,,True,True
INT-7QUO68LSL9J4TKV7,2026-04-28 12:40:36,2026-04-28,CLI-F25OW3CC9UXT,AGT-IX2KM1T4I7,Inbound Call,Phone,Producto,Producto,256.0,0.0,True,False,Neutral,-0.05,colombian,colombian,False,"PRD-3HE19OZUVTZR,PRD-U7NYNJOO4L58,PRD-94PCNH2LNBG5",False,True
INT-9JXO23E84E5SJ1RH,2026-04-28 08:39:55,2026-04-28,CLI-S7NF5CUE1O8G,AGT-N0HJHS1DBA,Inbound Call,Phone,Queja,Queja,408.0,247.0,False,True,Negativo,-0.54,argentine,argentine,False,"PRD-7Q2JWLBUK790,PRD-009SROHMEFS7",False,True
INT-O27LPUQVU123EABS,2026-04-28 09:36:17,2026-04-28,CLI-BYAFZKK9XLQ0,AGT-PI0J3ZNGEF,Chat,App,Transaccional,Transaccional,,,True,False,Neutral,0.02,,,False,,False,False
INT-0GW33LZDH1L5U1B2,2026-04-28 23:00:42,2026-04-28,CLI-MK27TPN8C000,AGT-WJMHSLTJ60,Inbound Call,Phone,Transaccional,Transaccional,140.0,45.0,True,False,Neutral,-0.15,,,False,,False,True
INT-GA56TEN3RZWMCZHF,2026-04-28 23:27:37,2026-04-28,CLI-DPUYKHSPUIRU,AGT-CEPAD7FLHM,Inbound Call,Phone,Transaccional,Transaccional,200.0,205.0,True,True,Neutral,0.14,colombian,colombian,False,,False,True
INT-U6IJFP2MVBEBQ66O,2026-04-29 03:30:30,2026-04-28,CLI-W1RSZTTC6SIZ,AGT-UOZ8AQRBQL,Inbound Call,Phone,Producto,Producto,188.0,95.0,True,False,Neutral,-0.2,colombian,colombian,False,,False,True
INT-VJSMLX3N228MQFKF,2026-04-29 04:04:26,2026-04-28,CLI-ZMPWC1NFJHGW,AGT-703TCW9HY5,Inbound Call,Phone,Transaccional,Transaccional,157.0,111.0,True,False,Neutral,-0.1,mexican,mexican,False,,True,True
INT-PJRN8A185GC2NFLB,2026-04-29 03:12:42,2026-04-28,CLI-SG0GJ6AJ8G5V,AGT-7928OR6G55,Inbound Call,Phone,Transaccional,Transaccional,401.0,171.0,True,False,Neutral,-0.04,mexican,mexican,False,"PRD-NRWZ2B5Z8WEV,PRD-OC2DY91GLM4R,PRD-YXW3T8CR9GVP",False,True
INT-M6I2OKCQXB33MGLL,2026-04-28 10:32:05,2026-04-28,CLI-W9I4KX2APVYE,AGT-57TC8S3DE3,Inbound Call,Phone,Transaccional,Transaccional,252.0,101.0,True,False,Neutral,0.18,colombian,mexican,False,"PRD-1V9WIQCO7PBS,PRD-0IY0ECKYGALW,PRD-23LNDNQLJQX2",False,True
INT-Z0JEXZ3B7MCCNDC9,2026-04-28 09:28:51,2026-04-28,CLI-0GXVTTNYQ0HI,AGT-R8G56XJJDR,Inbound Call,Phone,Transaccional,Transaccional,215.0,219.0,True,False,Neutral,0.17,,,False,,False,True
INT-BD3WH0RNRGHSVYDW,2026-04-28 17:55:49,2026-04-28,CLI-9WG67T6KCBU2,AGT-9FZV5Z7FAG,Inbound Call,Phone,Técnico,Técnico,391.0,199.0,True,False,Muy Negativo,-0.92,colombian,colombian,False,,False,True
INT-T5WG2ZKHTZ612MDT,2026-04-28 20:04:16,2026-04-28,CLI-8K8GZY2OYJKL,AGT-JI2PI1E2KY,Inbound Call,Phone,Transaccional,Transaccional,123.0,190.0,True,False,Neutral,0.14,argentine,argentine,False,,True,True
INT-XM50NQ28HKGWC6D1,2026-04-28 08:09:04,2026-04-28,CLI-5VO8CPQOBUYV,AGT-DU4UVAV6TT,Inbound Call,Phone,Transaccional,Transaccional,84.0,139.0,True,False,Neutral,-0.08,mexican,mexican,False,,False,True
INT-WVLFM3GO24QZCHNS,2026-04-28 13:06:16,2026-04-28,CLI-94I6SSGU31K8,AGT-Q4SXP4EG6L,Outbound Call,Phone,Transaccional,Transaccional,182.0,,True,False,Neutral,0.21,,,False,,False,True
INT-62JVHWO7OE2W4FKR,2026-04-29 03:26:33,2026-04-28,CLI-FJ6IG4ZX5MTJ,AGT-W2NEJNXW3S,Chat,Web Chat,Transaccional,Transaccional,,,True,False,Neutral,-0.1,mexican,mexican,True,PRD-MXZPFPNWXAYH,True,False
INT-VYS12BCL42IFNXQV,2026-04-28 23:09:49,2026-04-28,CLI-7ZNWFP8PMUIR,AGT-QXV7HN47JJ,Inbound Call,Phone,Técnico,Técnico,322.0,100.0,True,False,Neutral,0.03,,,False,,False,True
INT-EBLKBUZ2639NEWAA,2026-04-28 16:13:18,2026-04-28,CLI-CUCWMP1HQN1Y,AGT-9WKZ1BVX91,Inbound Call,Phone,Producto,Producto,207.0,70.0,True,False,Neutral,-0.15,mexican,mexican,False,"PRD-19U2KSQCA2EH,PRD-NEPVCDZ1BKE4",False,True
INT-FUCD280W0ZLF10EO,2026-04-29 05:50:05,2026-04-28,CLI-22G46ZHT4W4U,AGT-5U01K5M1K2,Email,Email,Producto,Producto,,,True,False,Neutral,-0.19,mexican,mexican,False,,False,False
INT-0YXJS8477IV8EFXT,2026-04-28 08:57:36,2026-04-28,CLI-ENUNQ5Q85D6L,AGT-SEDL4ENT0A,Inbound Call,Phone,Queja,Queja,707.0,155.0,False,True,Muy Positivo,0.83,mexican,mexican,False,,True,True
INT-9EC96SOYJ0X5Q6P2,2026-04-29 01:36:02,2026-04-28,CLI-KTHE9ZPUWZF9,AGT-OK7P1BRWRO,Inbound Call,Phone,Queja,Queja,449.0,39.0,False,True,Muy Negativo,-0.86,argentine,argentine,False,,False,True
INT-NA8LTMG8KHWJM1S1,2026-04-29 02:31:50,2026-04-28,CLI-YQI4IZX3602Q,AGT-6NAZTH7M7Q,Inbound Call,Phone,Producto,Producto,273.0,116.0,True,False,Neutral,-0.1,colombian,colombian,False,"PRD-1EFQCGWDL91I,PRD-X2GGGA1TP3Q3",False,True
INT-XUMMIUM2DDFQD90V,2026-04-29 06:07:02,2026-04-28,CLI-3VPK897L0AV1,AGT-BEAXRRXLFP,Inbound Call,Phone,Transaccional,Transaccional,103.0,84.0,True,False,Neutral,-0.11,mexican,argentine,False,"PRD-AAXXAYR3HC8S,PRD-5TCNP9Z4NZZS",False,True
INT-RLEPVLUHUIT1DO7A,2026-04-28 09:12:56,2026-04-28,CLI-IKC3KIK7TEHT,AGT-BT05WAA543,Inbound Call,Phone,Producto,Producto,67.0,131.0,True,False,Neutral,0.21,colombian,mexican,False,PRD-835TFH6YPHBJ,True,True
INT-MQQ1T0OGJKNO12EP,2026-04-28 09:19:58,2026-04-28,CLI-SV9DY3O21QO5,AGT-I2PACZNZ4Y,Outbound Call,Phone,Transaccional,Transaccional,426.0,,True,False,Neutral,0.06,,,False,,False,True
INT-2AIVPIHVUSPOKZGS,2026-04-29 06:42:11,2026-04-28,CLI-BV7U2WSZNXL6,AGT-CPLJJNES58,Outbound Call,Phone,Transaccional,Transaccional,517.0,,True,False,Neutral,0.21,,,True,PRD-7MAO6XWYEKXX,True,True
INT-ADFAMJKLLEKQZPWV,2026-04-28 23:25:54,2026-04-28,CLI-VX6KYN17DB42,AGT-35OZPMG5XY,Chat,App,Queja,Queja,,,False,True,Muy Negativo,-0.86,mexican,colombian,False,,False,False
INT-PFJ30Y9M7AFNOHJ9,2026-04-28 18:56:46,2026-04-28,CLI-AOENI95CJLXN,AGT-KMZE7JK6KH,Inbound Call,Phone,Comercial,Comercial,426.0,56.0,True,True,Negativo,-0.66,argentine,argentine,False,,False,True
INT-71MYVFO2R79S288E,2026-04-28 08:48:02,2026-04-28,CLI-43O8PWIR2B60,AGT-9EQZR2XZVH,Inbound Call,Phone,Transaccional,Transaccional,229.0,137.0,True,False,Neutral,-0.01,colombian,mexican,False,PRD-IDNC8RYK7ZJM,False,True
INT-84LRKML9U9N4YWKM,2026-04-28 16:02:30,2026-04-28,CLI-R1HZ8338NS4E,AGT-QZ4OVGMGCA,Chat,Web Chat,Transaccional,Transaccional,,,True,False,Neutral,-0.24,,,False,,False,False
INT-SNRW8P4LXH9WKHNX,2026-04-29 04:00:40,2026-04-28,CLI-0J5SZCD83FU2,AGT-DFZZM87N1N,Inbound Call,Phone,Transaccional,Transaccional,246.0,154.0,True,False,Neutral,-0.24,,,False,"PRD-UPYNTNTEVWNQ,PRD-S8T8HRX7SB4N,PRD-V1A32B8Q83CW",False,True
INT-MWKRWZ21T816D098,2026-04-28 19:22:01,2026-04-28,CLI-LL83HST4ZX6R,AGT-AX80P6GQZV,Chat,WhatsApp,Producto,Producto,,,True,False,Positivo,0.37,mexican,mexican,False,,False,False
INT-YAD52R8WMF3WQZO1,2026-04-28 16:55:11,2026-04-28,CLI-5SYH4S8753GP,AGT-YOH2XG6EXK,Inbound Call,Phone,Queja,Queja,650.0,194.0,True,True,Neutral,-0.13,colombian,colombian,False,"PRD-CEMD9LCXU9O4,PRD-3RB516CUMMSM,PRD-NGPE9NB5JDGZ",False,True
INT-83JDQBSMEMLGRXZK,2026-04-29 05:31:44,2026-04-28,CLI-W5Q8VGQGFEJJ,AGT-ILZ3O4HNJ7,Inbound Call,Phone,Producto,Producto,384.0,21.0,True,False,Neutral,0.11,,,False,,False,True
INT-VDPS21FZYVZTR7WD,2026-04-28 20:27:26,2026-04-28,CLI-G50VK6JGM5KQ,AGT-O41ZQQO47Y,Inbound Call,Phone,Transaccional,Transaccional,141.0,142.0,True,True,Neutral,0.16,argentine,argentine,False,PRD-N7WM5PS0QMGJ,False,True
INT-2SHXWG2UM20IK59D,2026-04-29 06:20:23,2026-04-28,CLI-VY5JLOCWITVR,AGT-8NM2UHJMKP,Inbound Call,Phone,Transaccional,Transaccional,382.0,91.0,True,False,Neutral,-0.24,mexican,mexican,True,,False,True
INT-0SQAK0ALDCMLA3VQ,2026-04-28 17:49:46,2026-04-28,CLI-XHKJ7AXPECCE,AGT-VFQGSL284E,Inbound Call,Phone,Comercial,Comercial,579.0,133.0,True,False,Negativo,-0.31,mexican,mexican,False,"PRD-T9ZHUAXH3YZ3,PRD-I88JVO3E7TDB,PRD-ZD8OTBT2D04E",False,True
INT-1HFE1Q7E1O7IN79T,2026-04-28 11:38:25,2026-04-28,CLI-6S2TMVZFZPMF,AGT-9YCCQT0BUU,Chat,WhatsApp,Transaccional,Transaccional,,,True,False,Neutral,-0.24,,,False,,True,False
INT-YEF7NGFDAW215PDM,2026-04-29 03:23:38,2026-04-28,CLI-SFSVHH5TJCIH,AGT-TRV7Z7UODY,Chat,Web Chat,Producto,Producto,,,False,True,Negativo,-0.62,mexican,mexican,False,,False,False
INT-XNU3B0O2JTKKBQWT,2026-04-29 03:47:23,2026-04-28,CLI-GKO1RD2GZD1R,AGT-DJ2LBQOGP3,Inbound Call,Phone,Transaccional,Transaccional,390.0,62.0,True,True,Neutral,-0.02,,,False,,False,True
INT-ANLFFL8LXPZ24D53,2026-04-28 15:59:08,2026-04-28,CLI-FOMEB53XZJ9M,AGT-Z8JR0B77VI,Chat,WhatsApp,Queja,Queja,,,True,False,Neutral,-0.11,,,False,"PRD-177QWWJN03NC,PRD-IZ5X35T2D1IF,PRD-DI68EAOAOQMS",False,False
INT-9UETIGOKMVRWV0ZU,2026-04-28 10:59:11,2026-04-28,CLI-EBGHRFVVG270,AGT-VT6AB8ZSIS,Outbound Call,Phone,Producto,Producto,238.0,,True,False,Neutral,0.0,colombian,colombian,False,,False,True
INT-6KFJDWKAV18K41K4,2026-04-28 23:16:21,2026-04-28,CLI-QYSSNCMU58BS,AGT-YETUBFGAV5,Inbound Call,Phone,Transaccional,Transaccional,121.0,195.0,True,True,Neutral,0.11,mexican,mexican,False,"PRD-AOE1WSE4OSY9,PRD-JPOV7JWN22T3,PRD-UCA81E8CTU5N",False,True
INT-A8NR9Z72LSI683NT,2026-04-28 18:10:58,2026-04-28,CLI-BSCOIKZGVHJW,AGT-QFLBYTE30X,Inbound Call,Phone,Producto,Producto,213.0,94.0,True,False,Neutral,0.14,,,True,PRD-9JP85Z9HOLAH,False,True
INT-3O7W5S2ZZOS8J4B8,2026-04-28 11:28:08,2026-04-28,CLI-4FO0WNQI429R,AGT-61QIQHSI3I,Inbound Call,Phone,Transaccional,Transaccional,261.0,181.0,True,False,Neutral,0.05,colombian,colombian,True,"PRD-BXA3T55EGJZ6,PRD-I20AB4T7UFEC,PRD-EMXZA6E5NC3P",False,True
INT-2VFXXPQ2609RETPZ,2026-04-28 09:39:00,2026-04-28,CLI-FVY1V2432NZA,AGT-TNY667JLTI,Outbound Call,Phone,Técnico,Técnico,360.0,,True,False,Positivo,0.31,argentine,colombian,False,"PRD-QZ19JNXPW8U4,PRD-6Y61A7HCY536",False,True
INT-3DNR3BODUEXFR09L,2026-04-29 02:53:53,2026-04-28,CLI-NYV95SGX0PS6,AGT-S448G59QZX,Inbound Call,Phone,Queja,Queja,747.0,74.0,False,True,Muy Positivo,0.97,mexican,mexican,False,,False,True
INT-GJ9U6QU4B2T5JLJ0,2026-04-28 23:15:58,2026-04-28,CLI-JKP48PZ5CUGS,AGT-UO6O5BGYNF,Inbound Call,Phone,Transaccional,Transaccional,198.0,125.0,True,False,Neutral,-0.1,argentine,argentine,False,"PRD-0SRPN12QBJJ2,PRD-DOGOCGLKJV0T",False,True
INT-2F161P8FHSRTLSWW,2026-04-28 21:11:43,2026-04-28,CLI-Z3S01MBTUN92,AGT-838PIT9Q4L,Inbound Call,Phone,Transaccional,Transaccional,253.0,198.0,True,False,Neutral,-0.23,colombian,colombian,False,,True,True
INT-1K8O2G211Q85TSV5,2026-04-28 13:38:26,2026-04-28,CLI-JF0LCF52NNAJ,AGT-AY5LPIBFMB,Inbound Call,Phone,Producto,Producto,298.0,215.0,True,False,Neutral,0.09,mexican,mexican,False,,False,True
INT-SVJ3XB4TNB5I3BS4,2026-04-28 14:59:06,2026-04-28,CLI-J6CKY1DXJXGE,AGT-XGAUAW8BI8,Email,Email,Transaccional,Transaccional,,,True,False,Neutral,0.1,,,False,"PRD-DWE1H8AZ7YZZ,PRD-2TV5XL1ORWY7",True,False
INT-GDMYIHQ4O126BGUP,2026-04-28 13:02:32,2026-04-28,CLI-8LV3SR8GNCV2,AGT-3BOF66WDWZ,Inbound Call,Phone,Producto,Producto,81.0,216.0,True,True,Muy Negativo,-0.93,mexican,mexican,False,,False,True
INT-LVC13H6F69KKZLII,2026-04-28 23:02:47,2026-04-28,CLI-IPY2SETUQC1Z,AGT-JJY1EX95CQ,Inbound Call,Phone,Comercial,Comercial,560.0,135.0,False,True,Negativo,-0.5,argentine,argentine,False,,False,True
INT-CV1209DSLLZSLU3V,2026-04-28 11:05:58,2026-04-28,CLI-ZKHFPAV3UZW2,AGT-OR7DN8OOL8,Chat,WhatsApp,Transaccional,Transaccional,,,True,False,Neutral,-0.12,mexican,mexican,False,,False,False
INT-YRI5PRK1GHNDUKPE,2026-04-28 20:00:52,2026-04-28,CLI-JI4Z11QP9AOC,AGT-3B0N077NAM,Inbound Call,Phone,Técnico,Técnico,425.0,25.0,True,False,Neutral,0.24,,,True,,False,True
INT-VNPS0JCRLVFELSIG,2026-04-28 14:14:25,2026-04-28,CLI-F7B5XEDY4N2H,AGT-VBPI4ZZ5XX,Inbound Call,Phone,Retención,Retención,791.0,154.0,True,False,Negativo,-0.35,argentine,argentine,False,"PRD-NZWQ5YQHDHAS,PRD-K925UO2NB058,PRD-KCYC5ZJM2WO1",True,True
INT-ZF5HGXA1J477CTCG,2026-04-28 12:23:28,2026-04-28,CLI-J07YME8AJIFF,AGT-HHL6C35P9E,Chat,App,Técnico,Técnico,,,True,False,Neutral,0.05,colombian,colombian,True,,True,False
INT-XKI37C9PN86TJF33,2026-04-28 19:45:09,2026-04-28,CLI-N6SJMGXEFE6N,AGT-5VGRU9RH8F,Inbound Call,Phone,Técnico,Técnico,575.0,230.0,False,True,Positivo,0.53,mexican,mexican,False,,False,True
INT-F28VRQ44GEEAR6PO,2026-04-28 14:48:19,2026-04-28,CLI-4SKELN3VYFRA,AGT-OK1RZJN2O9,Inbound Call,Phone,Comercial,Comercial,363.0,125.0,False,True,Positivo,0.68,mexican,mexican,False,"PRD-9Z3UXO5XP0D4,PRD-X98TJRQIJUJ6,PRD-IG3R489X7YIJ",False,True
INT-HIKLNC2F4COJP8S7,2026-04-28 09:19:12,2026-04-28,CLI-LQ46XTO2YVCR,AGT-HSAKSDDKYK,Inbound Call,Phone,Queja,Queja,470.0,218.0,True,False,Negativo,-0.62,colombian,colombian,False,,True,True
INT-0P0X2KIRDQT3ULAB,2026-04-28 19:04:59,2026-04-28,CLI-DFM9BA9RXERM,AGT-NR3TFO3HEW,Video,Web,Queja,Queja,346.0,,True,False,Positivo,0.65,mexican,mexican,False,PRD-8MDN6DK3IZ79,False,True
INT-JGBU24YI1SY4YPAU,2026-04-28 17:42:13,2026-04-28,CLI-XKI17NUEEJXX,AGT-FLVQCF7XLG,Inbound Call,Phone,Transaccional,Transaccional,42.0,115.0,True,False,Neutral,-0.24,mexican,mexican,False,"PRD-E8FUS3W9641S,PRD-YKJMRBQ1DKAG,PRD-T2GJF83WDXWA",False,True
INT-XWC5MNHQLH25SW48,2026-04-28 19:29:27,2026-04-28,CLI-983468YUX6QP,AGT-IB1X9BWBN2,Chat,WhatsApp,Transaccional,Transaccional,,,True,False,Neutral,-0.27,mexican,mexican,False,,False,False
INT-YSUAA9M7FIQEQFJA,2026-04-28 17:59:23,2026-04-28,CLI-BC070WLGOOG3,AGT-C0S7V2IHHG,Inbound Call,Phone,Técnico,Técnico,456.0,127.0,False,True,Neutral,0.03,colombian,colombian,False,"PRD-TC8T3O8DWDDI,PRD-KSVPMYDB96Q0,PRD-WV2KDXNKLCZV",False,True
INT-593SM5VLCGDA1U4B,2026-04-28 17:46:48,2026-04-28,CLI-EIIAR5QBZPOK,AGT-2F6DCW7N6Q,Inbound Call,Phone,Retención,Retención,454.0,179.0,False,True,Negativo,-0.51,mexican,mexican,False,,True,True
INT-AVR08NSI6EIDO7EP,2026-04-28 09:17:41,2026-04-28,CLI-KMZB2I319MWI,AGT-SVZFVPVPBC,Chat,WhatsApp,Técnico,Técnico,,,True,True,Neutral,0.28,argentine,mexican,False,PRD-AJP0ZZCMTH57,True,False
INT-KP1I6TWYTEL2D2DQ,2026-04-28 19:54:39,2026-04-28,CLI-1Y887376BHKE,AGT-9WKZ1BVX91,Inbound Call,Phone,Transaccional,Transaccional,133.0,29.0,True,False,Neutral,0.28,colombian,argentine,False,"PRD-ARVVNZFVOSPQ,PRD-0LUBGQJP5RS8",True,True
INT-SY0S76LW2WDNKJA3,2026-04-28 21:11:04,2026-04-28,CLI-ORJAJKDZLVEQ,AGT-VBNZ1407P0,Chat,App,Producto,Producto,,,True,False,Neutral,-0.05,,,False,"PRD-B6RKKEKP2OMU,PRD-GESMNQ1Y1RFJ,PRD-HOCZV086C2O7",True,False
INT-076S62W46QLT9JH9,2026-04-29 07:29:33,2026-04-28,CLI-BP8ZR06NCDAD,AGT-DXV1N3YM9Q,Inbound Call,Phone,Producto,Producto,224.0,83.0,True,False,Positivo,0.54,,,False,"PRD-7J9TKVKI4BJ4,PRD-D5QZ3LMXPN98,PRD-YPHUPOGGALJ1",False,True
INT-ST0N3SJF5K4GEWZU,2026-04-29 04:30:09,2026-04-28,CLI-Z6FO7KAJBI37,AGT-9EQZR2XZVH,Outbound Call,Phone,Producto,Producto,347.0,,True,False,Neutral,-0.25,colombian,colombian,False,,True,True
INT-Q4EH4387O2VXMGZL,2026-04-28 20:00:30,2026-04-28,CLI-67QHM7L3S8RQ,AGT-R6BH0F3DT7,Inbound Call,Phone,Transaccional,Transaccional,366.0,119.0,True,False,Neutral,0.18,mexican,colombian,False,,False,True
INT-3RU07Q3BH7C9BJJ0,2026-04-28 16:36:32,2026-04-28,CLI-98NCSM5VHT48,AGT-F9WI50IQUB,Inbound Call,Phone,Producto,Producto,283.0,48.0,True,False,Neutral,0.0,,,False,,False,True
INT-8QWJDZ49EYFJXERM,2026-04-28 13:42:21,2026-04-28,CLI-XC6VVUTCN1U9,AGT-MHI1U65RWO,Inbound Call,Phone,Queja,Queja,400.0,193.0,False,True,Negativo,-0.57,,,True,"PRD-FSN0Q8DIB4YF,PRD-T0S2VP05WQ2U,PRD-6QU5XRMRXW8R",False,True
INT-TM10NZ4X4DE1FOU9,2026-04-29 04:31:37,2026-04-28,CLI-XYSCKA9DDHIQ,AGT-C6RUPPZPMR,Inbound Call,Phone,Producto,Producto,261.0,32.0,True,False,Negativo,-0.43,mexican,mexican,True,,False,True
INT-HZXA6MIDSYLNX7XM,2026-04-28 21:33:20,2026-04-28,CLI-G6PFC1BOY85Q,AGT-PHF1BNC7Z2,Chat,WhatsApp,Comercial,Comercial,,,True,False,Neutral,0.22,mexican,mexican,True,PRD-8CGIYCRSH3HW,False,False
INT-PRKUWI75NBFLI9VO,2026-04-28 17:21:21,2026-04-28,CLI-ERSB4GZWXIPG,AGT-JSX5PQZSR1,Inbound Call,Phone,Técnico,Técnico,494.0,167.0,True,False,Neutral,-0.23,colombian,colombian,False,"PRD-3R9N9WT56BW9,PRD-VXS19EWC2824",False,True
INT-DVFRGSXPYRXA899O,2026-04-28 14:31:09,2026-04-28,CLI-UYG2STBZWQP0,AGT-Q4ZVLPZQ5R,Inbound Call,Phone,Comercial,Comercial,645.0,142.0,True,False,Positivo,0.33,,,False,"PRD-5D8JI7FYN8IR,PRD-8PNA73UR32NF,PRD-25FE5C08E83H",False,True
INT-N2JECHYA9YR9JG3A,2026-04-28 15:17:15,2026-04-28,CLI-68O18WNM4JPA,AGT-FA9EKIAVXG,Inbound Call,Phone,Producto,Producto,357.0,208.0,True,False,Neutral,-0.1,mexican,mexican,False,,False,True
INT-P5KLBKC1H33K3VAZ,2026-04-28 16:55:05,2026-04-28,CLI-O3FI9YP9U4M6,AGT-VUMXHFDA63,Inbound Call,Phone,Transaccional,Transaccional,146.0,136.0,True,False,Neutral,-0.22,colombian,colombian,False,,False,True
INT-RVMLA92PDSQ2AU08,2026-04-28 14:50:19,2026-04-28,CLI-KJ8SMZ7PV2TN,AGT-Y5XAVCJL64,Email,Email,Técnico,Técnico,,,False,True,Muy Negativo,-0.77,colombian,colombian,False,,False,False
INT-NB1C7WLGOJWBPA0Z,2026-04-29 00:43:47,2026-04-28,CLI-0QGLL0S9BOK0,AGT-BNRGY5W9D6,Inbound Call,Phone,Transaccional,Transaccional,213.0,69.0,True,False,Neutral,0.06,argentine,argentine,False,"PRD-PGY3LFN3L4JM,PRD-FDVZ6N4ACP2D,PRD-PQ4CVRARKDPP",False,True
INT-XBBQALGBSGOYB0FE,2026-04-29 04:32:05,2026-04-28,CLI-7647DK1FRE0N,AGT-7YHGZDPWRS,Outbound Call,Phone,Queja,Queja,566.0,,False,True,Neutral,0.13,argentine,mexican,False,"PRD-5DDPYJW79XFC,PRD-9FUWW5L7E2PB,PRD-S1Z5XRYW86ZS",False,True
INT-DED4ILNOSP5RI25S,2026-04-28 10:54:01,2026-04-28,CLI-QYB453TL14R1,AGT-IGZY99W908,Inbound Call,Phone,Comercial,Comercial,470.0,76.0,True,False,Negativo,-0.65,mexican,mexican,False,,False,True
INT-ST4KJXOP2WKORLMN,2026-04-28 09:23:06,2026-04-28,CLI-UCXZLRDXVWXV,AGT-TNHZ3RSZAP,Chat,WhatsApp,Transaccional,Transaccional,,,True,False,Neutral,0.0,colombian,colombian,False,"PRD-G6VYUEVF2RAK,PRD-IXPG373DF25L,PRD-OIM8HSG6R6U8",True,False
INT-3K0URKD1X8MAAMOA,2026-04-28 10:25:34,2026-04-28,CLI-9AIQD1UFZ3CX,AGT-V440PLMXD9,Email,Email,Queja,Queja,,,False,True,Neutral,0.06,,,False,,False,False
INT-ATN716GT2TOTMXSG,2026-04-29 03:33:08,2026-04-28,CLI-UX7XUDG9P3M1,AGT-QJDRG08QEG,Outbound Call,Phone,Transaccional,Transaccional,203.0,,True,False,Neutral,-0.11,,,False,,False,True
INT-VTHUIAHVO7B2JLTN,2026-04-28 11:43:36,2026-04-28,CLI-HN7EXJ6311HN,AGT-ZCZWPFNLF1,Inbound Call,Phone,Técnico,Técnico,416.0,75.0,False,True,Neutral,0.27,,,False,,True,True
INT-426OLSPH9RBNETNC,2026-04-29 03:37:44,2026-04-28,CLI-ZAU7YVY8PAM2,AGT-LE0LUR1Y4Z,Inbound Call,Phone,Retención,Retención,462.0,111.0,True,False,Muy Negativo,-0.74,,,False,,False,True
INT-ZKH0CPE7L2GB98GP,2026-04-28 17:23:04,2026-04-28,CLI-XFWW4UT469GZ,AGT-P6MGML9D12,Outbound Call,Phone,Transaccional,Transaccional,187.0,,True,False,Neutral,0.09,colombian,argentine,False,PRD-YYBDG658XFT9,False,True
INT-HZI2URY0SSDRW21Z,2026-04-29 06:36:45,2026-04-28,CLI-IOG3R794B3JS,AGT-LTK3BMH5BL,Inbound Call,Phone,Queja,Queja,476.0,184.0,False,True,Negativo,-0.54,,,False,,False,True
INT-ZJL6W2QLG9GVCA5F,2026-04-28 21:49:28,2026-04-28,CLI-FLC3QJTU423Q,AGT-HXJTIF9ZMH,Inbound Call,Phone,Producto,Producto,306.0,67.0,True,False,Neutral,0.25,argentine,argentine,False,,False,True
INT-7XGMXNXXP5XZ17IA,2026-04-28 15:17:50,2026-04-28,CLI-RUSBAR0EGRFJ,AGT-UO6O5BGYNF,Outbound Call,Phone,Transaccional,Transaccional,134.0,,True,False,Neutral,0.2,mexican,mexican,False,"PRD-HEDX3H0YKABZ,PRD-ROU8VRYHRHHQ",False,True
INT-GP3F1NVJNW38RGIF,2026-04-28 16:36:20,2026-04-28,CLI-GR2VEOF3W9WV,AGT-GSM38P7MQL,Inbound Call,Phone,Transaccional,Transaccional,203.0,104.0,True,False,Neutral,0.26,,,False,,True,True
INT-GPSHEQ3DRLKCDZ9N,2026-04-29 03:27:21,2026-04-28,CLI-R3VYV63SHTIA,AGT-BEAXRRXLFP,Inbound Call,Phone,Producto,Producto,269.0,115.0,True,False,Muy Negativo,-0.87,mexican,argentine,False,,False,True
INT-BN7RM1HBZU1F9ZB0,2026-04-28 16:14:37,2026-04-28,CLI-LC2C1PIYO48X,AGT-VM8IH2LFKP,Inbound Call,Phone,Transaccional,Transaccional,371.0,130.0,True,False,Neutral,0.05,,,False,,False,True
INT-WUBPW1VMZJ9VOYQK,2026-04-28 20:29:57,2026-04-28,CLI-NE0D9BPG80RB,AGT-A7BR2H7CSS,Email,Email,Queja,Queja,,,False,True,Positivo,0.69,colombian,colombian,False,,True,False
INT-X6CJKSCDBJJVC8XC,2026-04-28 12:49:41,2026-04-28,CLI-2RTPFZBCPQ6S,AGT-IAQDBO398N,Inbound Call,Phone,Producto,Producto,236.0,83.0,False,True,Neutral,-0.01,,,False,,True,True
