interaction_id,interaction_date,process_date,customer_id,agent_id,interaction_type,channel,contact_reason,reason_category,duration_seconds,wait_time_seconds,was_resolved,requires_followup,detected_sentiment,sentiment_score,customer_detected_accent,agent_used_accent,was_escalated,mentioned_products,has_transcript,has_recording
INT-356MNCY0UH4W9PZS,2026-01-12 23:21:57,2026-01-12,CLI-P3S0Y34TRO5I,AGT-23RRHYZ3YU,Chat,Web Chat,Transaccional,Transaccional,,,True,False,Neutral,-0.02,,,False,"PRD-QNV6GMSB2F4F,PRD-R0FJDWNOP7J2",False,False
INT-JUS61J8JNN8TEI14,2026-01-13 07:28:15,2026-01-12,CLI-A0QQG6YP1DPO,AGT-5TL2B7ELKV,Inbound Call,Phone,Transaccional,Transaccional,282.0,93.0,True,False,Neutral,-0.02,colombian,colombian,False,"PRD-6R4TOMKOZD90,PRD-P9FZ8WQYP0AR",False,True
INT-PKR5M2SXIPJO58E8,2026-01-12 13:31:52,2026-01-12,CLI-VZX6TN3V5XYP,AGT-H4WPLB7OBS,Inbound Call,Phone,Producto,Producto,151.0,129.0,True,False,Neutral,0.26,,,False,"PRD-ILP3AT6M0U6C,PRD-L6LWIYYEHFQ0,PRD-CVQYUZ6U998G",True,True
INT-TUX07X66VQTMK0G9,2026-01-13 05:05:32,2026-01-12,CLI-10X332FQDFZ3,AGT-HHZLM4XXDJ,Inbound Call,Phone,Transaccional,Transaccional,423.0,183.0,True,False,Neutral,0.06,,,False,,False,True
INT-QUJS48VK8Y97EREI,2026-01-12 19:47:18,2026-01-12,CLI-UEUDFGJ8Y20S,AGT-BH4XF8YM49,Outbound Call,Phone,Comercial,Comercial,524.0,,True,False,Muy Negativo,-0.85,,,True,,False,True
INT-IIO5NYCO5QF32CI7,2026-01-12 18:02:48,2026-01-12,CLI-UNGT91S7UJIR,AGT-TSMBWDEGRX,Inbound Call,Phone,Retención,Retención,611.0,77.0,True,False,Neutral,0.18,mexican,mexican,False,,False,True
INT-360IWK9KHOQC6X42,2026-01-12 22:25:10,2026-01-12,CLI-NMM0VKVSIU8M,AGT-3F5II193NQ,Chat,Web Chat,Técnico,Técnico,,,True,False,Positivo,0.32,,,False,"PRD-NURA15WPV0QA,PRD-3URN2S8AD0FK",False,False
INT-KRX6SBOLL2R2MZ9Z,2026-01-13 02:24:14,2026-01-12,CLI-NRIEWZFYPMSG,AGT-Y8FJ2RWP4X,Chat,App,Retención,Retención,,,True,False,Negativo,-0.51,,,False,,False,False
INT-10DE56Y9H3EM33HG,2026-01-12 17:34:00,2026-01-12,CLI-9L3917F85K0H,AGT-GMSZFOVA7S,Inbound Call,Phone,Queja,Queja,297.0,179.0,True,False,Muy Negativo,-0.72,,,False,,True,True
INT-QY0LW5F0PSAGLKIG,2026-01-12 13:56:01,2026-01-12,CLI-QA31I4W9C82T,AGT-NOB5KS50MS,Email,Email,Producto,Producto,,,True,False,Neutral,-0.29,mexican,mexican,False,,True,False
INT-YW9JP2O47T8HVVS3,2026-01-12 12:49:54,2026-01-12,CLI-U6RAGX77OQSZ,AGT-0Q4Z4AE9P2,Outbound Call,Phone,Técnico,Técnico,269.0,,True,False,Muy Negativo,-0.72,,,False,,False,True
INT-HA7R6O377NNB86YY,2026-01-12 17:55:16,2026-01-12,CLI-A8NXJX88WQ4O,AGT-GE3FND5X2T,Inbound Call,Phone,Técnico,Técnico,166.0,43.0,True,False,Neutral,0.2,mexican,mexican,False,"PRD-4MCSDVF4UZ90,PRD-62PHMFZB5C7N",False,True
INT-Q0HS3OHMX3M4CUYI,2026-01-12 09:46:36,2026-01-12,CLI-GAFXAJ58WN4N,AGT-9M45XHR1BB,Inbound Call,Phone,Transaccional,Transaccional,184.0,31.0,True,False,Neutral,0.07,colombian,colombian,False,PRD-JQKFY4YHPR08,False,True
INT-F2OJCSNYYXJKCDOW,2026-01-13 06:19:52,2026-01-12,CLI-B3QJFIMGIGPL,AGT-2L5LSHTVB9,Inbound Call,Phone,Producto,Producto,247.0,180.0,True,False,Muy Positivo,0.85,colombian,mexican,False,,True,True
INT-AV7DQBW9O5SR83LN,2026-01-12 17:29:36,2026-01-12,CLI-AR27HKLTHV7R,AGT-3XH8D0QLBH,Inbound Call,Phone,Técnico,Técnico,116.0,252.0,True,False,Muy Positivo,0.93,colombian,mexican,False,"PRD-CZBJRG35BQHB,PRD-5I4LQIJ39WVJ",False,True
INT-1ORM1VZYEVN3DE8O,2026-01-12 17:31:58,2026-01-12,CLI-UHOR070NPWEZ,AGT-JSX5PQZSR1,Chat,App,Queja,Queja,,,False,True,Neutral,-0.29,,,False,"PRD-83YOZ8VQ5AAP,PRD-GVWSWSBSTU4I,PRD-RD46XFTY0HLH",True,False
INT-HZ4OFID2KT2LYC32,2026-01-12 10:51:47,2026-01-12,CLI-7D8W8XBXJQRY,AGT-J7A6SDZWYA,Outbound Call,Phone,Técnico,Técnico,536.0,,True,True,Neutral,-0.25,argentine,mexican,False,,False,True
INT-XT03I2YNSPTS3ESJ,2026-01-13 00:12:59,2026-01-12,CLI-OGUNBD2TIIFG,AGT-8KFHE6XRQ4,Inbound Call,Phone,Producto,Producto,238.0,213.0,True,False,Negativo,-0.68,mexican,mexican,True,"PRD-CTXCCLX0DZA0,PRD-MY2V5FJUKGHZ",False,True
INT-P372KM2XWF6UAWSJ,2026-01-12 10:29:05,2026-01-12,CLI-KIM9MWSPRQ8U,AGT-KNAQ0H42S9,Chat,WhatsApp,Transaccional,Transaccional,,,False,True,Neutral,-0.12,,,False,,False,False
INT-G39RDEBFC7PD0S9P,2026-01-12 21:26:09,2026-01-12,CLI-U6AFPEBYMU53,AGT-FU9KBINBYD,Inbound Call,Phone,Queja,Queja,601.0,78.0,True,False,Neutral,-0.0,mexican,mexican,False,,False,True
INT-E4PZGMC98ZCY06LO,2026-01-12 16:58:58,2026-01-12,CLI-I7FBX2BUV4KQ,AGT-B0WCQUOFHF,Inbound Call,Phone,Transaccional,Transaccional,231.0,155.0,True,False,Neutral,-0.15,mexican,colombian,False,"PRD-75DJWMKVSBCH,PRD-D828G5FCC043,PRD-YEA0592HCGMA",False,True
INT-O1ESC1GFWAR094QQ,2026-01-12 18:21:18,2026-01-12,CLI-1VJ4YIE0TVV8,AGT-E1HYYKT3NN,Chat,App,Transaccional,Transaccional,,,False,True,Neutral,0.06,mexican,mexican,True,,True,False
INT-6III5Y5U3T3S9S8M,2026-01-12 13:39:43,2026-01-12,CLI-D04W8Y6MZ37U,AGT-R03JWT0EJ6,Inbound Call,Phone,Queja,Queja,343.0,118.0,True,False,Neutral,-0.01,colombian,argentine,True,,False,True
INT-BTK287JW3WA85B3C,2026-01-12 13:03:33,2026-01-12,CLI-F0RGKGU0MT0Y,AGT-EI5HV76G6F,Inbound Call,Phone,Transaccional,Transaccional,246.0,150.0,True,False,Neutral,0.27,,,False,,False,True
INT-30ZOO92LPYDU7DAJ,2026-01-12 14:59:13,2026-01-12,CLI-1AXBHF684HXK,AGT-87FD5U93RA,Inbound Call,Phone,Transaccional,Transaccional,499.0,0.0,False,True,Neutral,-0.01,,,False,,False,True
INT-9OC1ZBIB1XEKPUES,2026-01-12 14:44:22,2026-01-12,CLI-W4M9TV2SWOJ0,AGT-MCGNTSXO28,Inbound Call,Phone,Transaccional,Transaccional,195.0,143.0,True,True,Neutral,0.24,mexican,mexican,False,,True,True
INT-7SVOPQUQUOM7DXBQ,2026-01-12 11:38:53,2026-01-12,CLI-N6NIJ6GNLWNW,AGT-56L27RI8NL,Inbound Call,Phone,Queja,Queja,185.0,167.0,False,True,Neutral,0.0,colombian,colombian,False,,False,True
INT-JHAV08RSXWOZVB16,2026-01-13 04:28:41,2026-01-12,CLI-493WK6KL4PVL,AGT-SEDL4ENT0A,Inbound Call,Phone,Transaccional,Transaccional,377.0,186.0,True,False,Neutral,0.2,mexican,mexican,False,,False,True
INT-WLKI2E1YGJAG7O0D,2026-01-12 20:29:20,2026-01-12,CLI-O9IX62TZW13B,AGT-ZS742EP7U6,Outbound Call,Phone,Transaccional,Transaccional,165.0,,True,False,Neutral,-0.02,,,False,,False,True
INT-X9KBRJ9A6655EUJM,2026-01-12 10:26:06,2026-01-12,CLI-WNGP5EZL8ZEL,AGT-8KFHE6XRQ4,Outbound Call,Phone,Transaccional,Transaccional,271.0,,True,False,Neutral,0.06,colombian,mexican,True,,False,True
INT-AAPL3B0YLA6IV3IA,2026-01-12 22:18:40,2026-01-12,CLI-MDQE63BJW9TJ,AGT-71SU0OSLVY,Inbound Call,Phone,Técnico,Técnico,355.0,121.0,False,True,Negativo,-0.64,colombian,colombian,False,PRD-W6D0W37Y1RKW,True,True
INT-QJK3BDE5EFNBD380,2026-01-12 20:06:54,2026-01-12,CLI-SCRCXYT8RXN0,AGT-UCOAAM33Z5,Video,Web,Transaccional,Transaccional,133.0,,True,False,Neutral,-0.24,mexican,mexican,True,,False,True
INT-C1Z8734Q6ALWXY4B,2026-01-12 12:28:11,2026-01-12,CLI-ZNPKJUZKYANT,AGT-IGZY99W908,Chat,WhatsApp,Producto,Producto,,,True,False,Neutral,0.19,argentine,argentine,False,"PRD-SCCL4MD7TQRJ,PRD-4QHIR8GXN41Q,PRD-76SQJY743JF7",False,False
INT-3EN6G3C3UPR1QOBS,2026-01-13 00:18:57,2026-01-12,CLI-HV3I4O2P5GRI,AGT-VUMXHFDA63,Inbound Call,Phone,Transaccional,Transaccional,340.0,154.0,False,True,Neutral,0.08,colombian,argentine,False,PRD-C8V6JW53I39O,False,True
INT-K7WICJC70TGZAVOP,2026-01-12 21:05:32,2026-01-12,CLI-MC5MMZS3WMME,AGT-D9FNMWPKPJ,Outbound Call,Phone,Producto,Producto,226.0,,True,False,Positivo,0.63,mexican,mexican,False,"PRD-WEX8D6T7LN08,PRD-INMNGLKK5QEG",False,True
INT-7FH9NSFU4VUTFLR0,2026-01-12 13:04:28,2026-01-12,CLI-KSQ9UD4B5TTE,AGT-GY37ZFJ5DC,Inbound Call,Phone,Producto,Producto,281.0,163.0,True,False,Negativo,-0.33,mexican,mexican,False,"PRD-9ZFY2BKY4LW1,PRD-PB48CE7YBD3J",False,True
INT-UIL3ER32KUPNV08I,2026-01-12 08:15:42,2026-01-12,CLI-DSDL76UFR8SP,AGT-GRCMX8W1NF,Inbound Call,Phone,Producto,Producto,388.0,134.0,True,False,Neutral,0.06,,,False,,False,True
INT-NFBLHG89CHRE0AQ4,2026-01-13 06:12:38,2026-01-12,CLI-MIDDHWJCX8JW,AGT-Z1LLS9S26G,Outbound Call,Phone,Transaccional,Transaccional,281.0,,True,False,Neutral,0.03,mexican,colombian,False,,False,True
INT-YVT041DBKX1P2DCD,2026-01-12 21:05:06,2026-01-12,CLI-R18FNJOL27X5,AGT-H4EMIUP105,Outbound Call,Phone,Queja,Queja,352.0,,True,False,Positivo,0.69,mexican,mexican,True,"PRD-A9S1CSKA8UVZ,PRD-9YQ2JGLWU6OP",True,True
INT-L7E62JSE19MYHP8I,2026-01-12 18:53:44,2026-01-12,CLI-9CL6MDJVQQ0J,AGT-Z8JR0B77VI,Inbound Call,Phone,Transaccional,Transaccional,224.0,147.0,False,True,Neutral,0.1,,,False,"PRD-7ND7SYFP66AZ,PRD-HT0DE4SSQA40,PRD-E0WJQM3OCJ2G",False,True
INT-2KBIRR3MJ4FMWX4G,2026-01-12 11:33:16,2026-01-12,CLI-HVEKIHYTK8B9,AGT-FLVQCF7XLG,Inbound Call,Phone,Queja,Queja,519.0,38.0,False,True,Neutral,0.27,,,False,"PRD-8X48RZK3UVA9,PRD-K3OX3I0JAAWM",False,True
INT-EPHHAOJ2RZMNXKDZ,2026-01-12 16:05:53,2026-01-12,CLI-UWRJQJ4FJ3FM,AGT-UOZ8AQRBQL,Email,Email,Queja,Queja,,,False,True,Muy Positivo,0.8,argentine,mexican,False,"PRD-HRMC5WPMW4DR,PRD-NLIH0PBTSE1N,PRD-2S5AGXLR0GIG",False,False
INT-CO0J4KCEO6FEIJ3V,2026-01-12 17:11:36,2026-01-12,CLI-66DMRARDETXD,AGT-P3D79O30AU,Inbound Call,Phone,Transaccional,Transaccional,318.0,104.0,False,True,Neutral,0.18,,,False,,False,True
INT-7XUGTHGEPUODPYDV,2026-01-12 16:37:48,2026-01-12,CLI-Q7T2MU3WZ5O6,AGT-V39THPGBQ7,Inbound Call,Phone,Transaccional,Transaccional,182.0,65.0,True,False,Neutral,-0.12,mexican,mexican,False,,False,True
INT-UFEW49L484GU71B7,2026-01-13 02:59:27,2026-01-12,CLI-V9JWWQ9QYNJH,AGT-KE2SZIG08B,Inbound Call,Phone,Queja,Queja,414.0,173.0,False,True,Positivo,0.47,argentine,argentine,False,PRD-4FBZJEEZZQ5L,False,True
INT-DIRCOH9N9SEHSNEB,2026-01-12 15:03:00,2026-01-12,CLI-XRT00EMATPJR,AGT-VT6AB8ZSIS,Inbound Call,Phone,Técnico,Técnico,231.0,49.0,True,True,Negativo,-0.41,mexican,mexican,False,,True,True
INT-NQJO8G5AM9KT5GSY,2026-01-12 16:14:40,2026-01-12,CLI-G3GNM7510D9Z,AGT-VCHYT34SD6,Inbound Call,Phone,Queja,Queja,309.0,5.0,True,True,Negativo,-0.42,,,False,,True,True
INT-B54VP8IUJ32W7Z7R,2026-01-13 05:47:58,2026-01-12,CLI-IUZWSUKKZB4H,AGT-V3V3K8X0W2,Chat,WhatsApp,Transaccional,Transaccional,,,True,True,Neutral,0.19,,,False,"PRD-B0Q1QQUP11XF,PRD-AHHKI0NT904S",False,False
INT-WPZXNSURKLP65LBM,2026-01-13 03:41:03,2026-01-12,CLI-W497BAEWI6RZ,AGT-LTK3BMH5BL,Inbound Call,Phone,Transaccional,Transaccional,118.0,159.0,True,False,Neutral,-0.19,,,False,"PRD-ESG1J4WVYXP1,PRD-XR1YFYMMCDI3,PRD-XT1J21IX12CT",False,True
INT-801U1VC7H1UFQHCI,2026-01-12 18:49:43,2026-01-12,CLI-TMIQDQEE2RND,AGT-3AHB2QOQ17,Inbound Call,Phone,Técnico,Técnico,479.0,184.0,True,False,Positivo,0.61,,,False,"PRD-6ANEFZP7MH3R,PRD-OI9GQSRSBC16,PRD-LPRD5S4HMMTG",False,True
INT-HJBZNLCGVP9SEZD3,2026-01-12 15:22:16,2026-01-12,CLI-QHMOT8Z9SRAP,AGT-K2XLL46WK8,Inbound Call,Phone,Transaccional,Transaccional,252.0,19.0,True,True,Neutral,0.28,argentine,argentine,False,,False,True
INT-3KTZ0TI5CADPUZ3Y,2026-01-13 07:56:54,2026-01-12,CLI-CZEM4JAHGW7J,AGT-PB69L1LNLH,Inbound Call,Phone,Producto,Producto,235.0,143.0,True,False,Negativo,-0.48,colombian,mexican,False,"PRD-CUW1UZ66DRVF,PRD-TRR8Q89QWG2F,PRD-0P42YCEYZOO8",True,True
INT-VN7HJP38TYBKOFMD,2026-01-12 14:36:25,2026-01-12,CLI-P2PDVR6QIHU6,AGT-9C6BRHB25D,Inbound Call,Phone,Técnico,Técnico,289.0,99.0,True,False,Neutral,0.16,argentine,argentine,False,,True,True
INT-UPQCLP9Y1W54ZMAK,2026-01-12 17:18:34,2026-01-12,CLI-YCMQX95EL7IZ,AGT-MVYH7DKNEH,Inbound Call,Phone,Técnico,Técnico,386.0,76.0,True,False,Muy Negativo,-0.98,argentine,argentine,False,,False,True
INT-AL0IB20KUCO36B8J,2026-01-13 00:20:31,2026-01-12,CLI-QDQRKF7QB88R,AGT-BTMN3HB2CB,Outbound Call,Phone,Comercial,Comercial,578.0,,True,False,Neutral,0.22,,,True,,False,True
INT-GSPPRL5S58528GVR,2026-01-12 22:18:15,2026-01-12,CLI-P5P7Y9TEWO20,AGT-6RJU5Z1O8U,Inbound Call,Phone,Producto,Producto,330.0,3.0,True,True,Neutral,-0.28,mexican,mexican,False,"PRD-DF0V37DK691K,PRD-Y1TG0RKPKX9X,PRD-YXA4BUXR8FVP",False,True
INT-0VL4FAEQJBCKSIW4,2026-01-13 01:17:46,2026-01-12,CLI-C6PTGSVUPVN6,AGT-V96WLTZ7C2,Outbound Call,Phone,Transaccional,Transaccional,135.0,,True,False,Neutral,0.22,argentine,argentine,False,,False,True
INT-78Q3YY2BZFXJL7TG,2026-01-13 07:59:05,2026-01-12,CLI-M4O6OH3E7K3S,AGT-YZRQJS5X0J,Inbound Call,Phone,Comercial,Comercial,447.0,189.0,False,True,Neutral,0.3,mexican,mexican,False,PRD-K0EJ5ITDHWWL,False,True
INT-L05VGYSI2A1UV3QB,2026-01-13 01:21:04,2026-01-12,CLI-W3V6Z15VXERV,AGT-9G892RO3CJ,Inbound Call,Phone,Producto,Producto,280.0,206.0,True,False,Muy Negativo,-0.78,,,False,,False,True
INT-SPS1MWMO4MTJV2S7,2026-01-12 11:06:41,2026-01-12,CLI-2B8PAU0B9J3R,AGT-RZPZ4QXWMO,Inbound Call,Phone,Transaccional,Transaccional,98.0,203.0,True,False,Neutral,0.02,mexican,mexican,False,,False,True
INT-ET7B6BRKHDS1GLSL,2026-01-13 03:02:02,2026-01-12,CLI-IU30JB4LLA2L,AGT-UPO580RUGH,Outbound Call,Phone,Transaccional,Transaccional,267.0,,True,False,Neutral,0.17,colombian,colombian,False,"PRD-6G2TFJEJCEOY,PRD-9EK5L36KHTI7,PRD-W5M9POPHXAR0",False,True
INT-WGW8SGOU07T53D3G,2026-01-13 04:07:32,2026-01-12,CLI-GUDYGAFQE2P1,AGT-0QJX3LETUS,Chat,WhatsApp,Queja,Queja,,,True,True,Negativo,-0.66,mexican,mexican,False,,False,False
INT-AKPE667GGCOK5CFF,2026-01-13 05:12:13,2026-01-12,CLI-FWFAZMBLO9J5,AGT-7PA84MWEHW,Inbound Call,Phone,Transaccional,Transaccional,243.0,106.0,True,False,Neutral,-0.15,mexican,mexican,False,,False,True
INT-C42NVL1V1A471HRN,2026-01-13 01:56:13,2026-01-12,CLI-9CB6LO9XDJ3Y,AGT-WCPI68FFI5,Inbound Call,Phone,Transaccional,Transaccional,313.0,208.0,True,False,Neutral,-0.23,mexican,mexican,False,"PRD-UI5Y12PSA2U4,PRD-1SG1FUIMVC0O",True,True
INT-CK6SYR21CRADBUJ5,2026-01-12 19:47:00,2026-01-12,CLI-BPNRCMDFT0N6,AGT-WRGIA5DDCB,Inbound Call,Phone,Transaccional,Transaccional,207.0,140.0,True,False,Neutral,-0.3,mexican,mexican,False,,True,True
INT-X8YRMVTCH5H1GMAS,2026-01-13 01:14:51,2026-01-12,CLI-IG9NU84ZK6L6,AGT-S7G5N2BGQY,Inbound Call,Phone,Producto,Producto,136.0,45.0,True,False,Neutral,-0.0,,,False,,True,True
INT-LDF69TNDB3OZXMOQ,2026-01-12 13:04:14,2026-01-12,CLI-4UUOR9FZ7Z8T,AGT-INOBA0VR4Q,Outbound Call,Phone,Producto,Producto,271.0,,False,True,Neutral,0.07,,,False,,True,True
INT-K28M65GQUE4WTIFT,2026-01-12 17:09:13,2026-01-12,CLI-SA0JO0FWSHAU,AGT-8F824H7DN8,Inbound Call,Phone,Transaccional,Transaccional,91.0,178.0,True,False,Neutral,0.12,,,False,,False,True
INT-6YZKVC8KL5HRDV8Q,2026-01-12 08:44:44,2026-01-12,CLI-037ZM3SUPNU6,AGT-DVVBAZK0MM,Inbound Call,Phone,Queja,Queja,377.0,103.0,False,True,Neutral,-0.04,,,True,"PRD-CTKD9D75FJI7,PRD-XBDUL8LS0SL2",False,True
INT-VT1ETMCMGHWKMT6U,2026-01-12 09:00:28,2026-01-12,CLI-FR2G5JNQ56DP,AGT-WI5ZDHCEPB,Inbound Call,Phone,Técnico,Técnico,340.0,73.0,False,True,Positivo,0.43,,,False,,False,True
INT-F61NZ44L5SV4SJHC,2026-01-12 19:35:29,2026-01-12,CLI-OGY8QPQP1QIK,AGT-FXUY55EOMM,Inbound Call,Phone,Transaccional,Transaccional,234.0,0.0,True,True,Neutral,0.03,colombian,argentine,False,,False,True
INT-AIK2Q6U80TZKSVA4,2026-01-12 18:28:11,2026-01-12,CLI-1PC30BR9LPDN,AGT-OJD399EZD8,Email,Email,Transaccional,Transaccional,,,True,False,Neutral,0.27,mexican,colombian,False,,True,False
INT-ZGJVB1IT7709DAJS,2026-01-12 18:56:58,2026-01-12,CLI-LY5PDLAZFYKZ,AGT-NFMDK0WJ3N,Inbound Call,Phone,Comercial,Comercial,283.0,93.0,False,True,Positivo,0.34,mexican,mexican,False,"PRD-CP4NB6VQTVTP,PRD-HR1CUJZ3BW7T,PRD-JNG4M7SENRHA",False,True
INT-XU3IZXMJ54UO9CZP,2026-01-13 01:50:53,2026-01-12,CLI-NI0NCM98MF4F,AGT-P5P9SZOX29,Inbound Call,Phone,Transaccional,Transaccional,316.0,212.0,True,True,Neutral,0.07,argentine,argentine,False,PRD-RB4GEUD6VSTK,False,True
INT-54OL5SRYRZ1SOIGS,2026-01-12 11:58:14,2026-01-12,CLI-JKEQLFVZO0IZ,AGT-UO6O5BGYNF,Outbound Call,Phone,Transaccional,Transaccional,332.0,,True,False,Neutral,-0.19,,,False,PRD-L4W96XGT4LVG,False,True
INT-GB4P2LZTI7WQHQ6C,2026-01-13 05:35:43,2026-01-12,CLI-IQN1Y5UN13IK,AGT-XVCQFDZIIN,Inbound Call,Phone,Técnico,Técnico,386.0,147.0,False,True,Positivo,0.62,colombian,colombian,False,,False,True
INT-N85U3O0UA4H51HL4,2026-01-12 13:55:44,2026-01-12,CLI-ROESEURJ1I25,AGT-9PZ6W3LDGU,Inbound Call,Phone,Transaccional,Transaccional,199.0,139.0,True,False,Neutral,0.06,argentine,argentine,False,,False,True
INT-FFB4CUMJ4YBNOF6Z,2026-01-12 21:13:45,2026-01-12,CLI-MC1IR83BX0Q2,AGT-30XROFW4ZA,Outbound Call,Phone,Transaccional,Transaccional,217.0,,True,False,Neutral,0.04,mexican,mexican,False,,False,True
INT-0CVNPZ24S3YMVMFO,2026-01-12 17:23:28,2026-01-12,CLI-9M659PEKJOLN,AGT-1JJ2DET54K,Inbound Call,Phone,Comercial,Comercial,547.0,52.0,True,False,Neutral,0.23,,,False,,True,True
INT-MXSAGO48GNTVS6HL,2026-01-12 08:07:52,2026-01-12,CLI-I3RMAMPGEV9A,AGT-9PZ6W3LDGU,Email,Email,Técnico,Técnico,,,True,False,Neutral,0.23,mexican,mexican,False,,True,False
INT-U6TH62NDCCV9H23L,2026-01-12 18:52:33,2026-01-12,CLI-8Q43ALQCEYOE,AGT-RA3DSUKQ7L,Inbound Call,Phone,Transaccional,Transaccional,103.0,206.0,True,False,Neutral,-0.16,mexican,mexican,False,PRD-GE4O4MLRMDIM,False,True
INT-UPVZCTHXD2JVM9BY,2026-01-13 05:46:10,2026-01-12,CLI-QKJBQJD18ED7,AGT-MZEQR4UPDP,Inbound Call,Phone,Comercial,Comercial,457.0,202.0,True,False,Negativo,-0.63,colombian,colombian,False,,False,True
INT-U3HE5ZJENTY3J3SK,2026-01-12 17:19:46,2026-01-12,CLI-ITB4R1HXNBC4,AGT-XKNA4UGMBW,Chat,WhatsApp,Comercial,Comercial,,,True,False,Neutral,-0.15,,,False,,False,False
INT-VCPIFFALZZF81DR4,2026-01-12 19:57:11,2026-01-12,CLI-0OH3Y1OUFWU2,AGT-BTMN3HB2CB,Inbound Call,Phone,Técnico,Técnico,382.0,54.0,True,True,Neutral,-0.05,,,False,,True,True
INT-OXO2RQF3WTOFLC8R,2026-01-13 04:10:54,2026-01-12,CLI-GN16FJB2XPRA,AGT-6BOP58P37C,Inbound Call,Phone,Queja,Queja,486.0,137.0,False,True,Neutral,0.22,argentine,colombian,True,,False,True
INT-ZRTINX1WBDZBO8NG,2026-01-12 21:59:41,2026-01-12,CLI-19E79AS8E5YA,AGT-JMA3MRKNWE,Inbound Call,Phone,Transaccional,Transaccional,180.0,25.0,True,True,Neutral,0.19,,,False,,True,True
INT-6JVF2EDG1VG30RVL,2026-01-12 18:55:45,2026-01-12,CLI-4BIB72JFTQZK,AGT-3BWKH19I03,Chat,App,Transaccional,Transaccional,,,True,False,Neutral,-0.27,,,False,"PRD-ZCFTT4E9UR0U,PRD-3UDF4LB93Z5O,PRD-1TLGVP2CF7P5",True,False
INT-239K5J5P6002NF35,2026-01-12 22:35:44,2026-01-12,CLI-90FPXTKQ6X9M,AGT-JJY1EX95CQ,Inbound Call,Phone,Transaccional,Transaccional,153.0,99.0,True,False,Neutral,0.16,,,False,PRD-BJSMM5KAFU4V,False,True
INT-KZPXWYX9U65W8LJO,2026-01-12 18:12:42,2026-01-12,CLI-3H641LVOIZZ5,AGT-G0U5QILT5N,Inbound Call,Phone,Queja,Queja,353.0,216.0,False,True,Positivo,0.58,mexican,mexican,False,PRD-4M2CSSHFOD6U,False,True
INT-7V8GRK6G8WNDM91I,2026-01-12 20:34:07,2026-01-12,CLI-7FS7PN9CGP0Q,AGT-B037R3NAN1,Inbound Call,Phone,Comercial,Comercial,710.0,82.0,True,False,Muy Positivo,0.84,mexican,mexican,False,,False,True
INT-ZNTZ4YEAG4UQE5BF,2026-01-13 04:26:26,2026-01-12,CLI-Z26RLC1FZYCB,AGT-RQSUHLTDIN,Inbound Call,Phone,Producto,Producto,174.0,179.0,True,False,Neutral,0.19,colombian,colombian,True,,False,True
INT-87QAZE4T8CB1QGNU,2026-01-12 18:25:18,2026-01-12,CLI-9ADRLZE0SQKE,AGT-XN0ST1JQ9M,Inbound Call,Phone,Técnico,Técnico,328.0,237.0,True,False,Neutral,-0.06,mexican,mexican,False,"PRD-A8JV13L8GNXF,PRD-KS96IWLVKMB7",False,True
INT-3YREDAOKIVWD7DHJ,2026-01-13 07:34:11,2026-01-12,CLI-O26QB53QZPR9,AGT-MQJMFM7L5Y,Inbound Call,Phone,Transaccional,Transaccional,186.0,123.0,True,True,Neutral,0.16,,,False,"PRD-BS7CA32NFXRE,PRD-GJ5KX19JSCG9",True,True
INT-1NEBQNW7DRU7ZXI8,2026-01-12 16:57:40,2026-01-12,CLI-OA1QJU9RSL76,AGT-9YREQYSI5H,Inbound Call,Phone,Transaccional,Transaccional,275.0,127.0,True,False,Neutral,-0.23,mexican,mexican,False,PRD-01JLGOOZH0DJ,True,True
INT-SCQYU4GMNYC69DIM,2026-01-13 03:28:52,2026-01-12,CLI-R0ESD5XDAGT1,AGT-RL5TXXUWF5,Chat,WhatsApp,Comercial,Comercial,,,True,False,Positivo,0.45,mexican,mexican,False,PRD-LF112G1UCKIF,False,False
INT-UTD45U6KH4UGROSU,2026-01-12 10:03:22,2026-01-12,CLI-T6R7D3XE2VUY,AGT-ERRAQZDJDY,Inbound Call,Phone,Producto,Producto,165.0,207.0,True,True,Neutral,0.21,,,False,,False,True
INT-3HS2B8EY212IQJJV,2026-01-12 18:48:57,2026-01-12,CLI-SNVLHIFIKOV7,AGT-V5U9CYHX0U,Inbound Call,Phone,Producto,Producto,129.0,114.0,True,False,Neutral,-0.3,,,True,,False,True
INT-4I3WLGEEQNBU1MR9,2026-01-12 14:14:41,2026-01-12,CLI-V81MO7THWJA0,AGT-YDBZL5HKAZ,Inbound Call,Phone,Producto,Producto,246.0,99.0,True,False,Neutral,-0.09,mexican,mexican,False,,True,True
INT-MFRMJD8COLQ9QRJC,2026-01-12 13:52:25,2026-01-12,CLI-W8UAXVG0RZNM,AGT-N6YFW1455B,Outbound Call,Phone,Queja,Queja,409.0,,False,True,Negativo,-0.51,,,False,"PRD-I2UV2M6W6FGS,PRD-RQQK2DGJDKGD",False,True
INT-AIPTWUCWGWK6PHV6,2026-01-12 09:08:22,2026-01-12,CLI-KQIODQNUOFGM,AGT-3QK2IMDGCM,Inbound Call,Phone,Queja,Queja,397.0,142.0,False,True,Negativo,-0.53,,,False,,False,True
INT-BR6JF3BWGWPYRDC3,2026-01-13 05:00:45,2026-01-12,CLI-OG50MMZKVGS3,AGT-H4UGWG3OUB,Inbound Call,Phone,Producto,Producto,214.0,163.0,True,False,Neutral,0.2,mexican,mexican,False,"PRD-32FMLY1QXW1G,PRD-ISESKIW58U5B",False,True
INT-4KTW3ELQM3P4S9VI,2026-01-12 09:34:15,2026-01-12,CLI-335OFTPTTD2E,AGT-Z1FRSK9T0T,Inbound Call,Phone,Queja,Queja,245.0,121.0,True,False,Negativo,-0.39,mexican,colombian,False,PRD-3HGYXW94B87B,False,True
INT-TBR0UCVOFOFVTLDK,2026-01-12 18:20:52,2026-01-12,CLI-K7EEL4ICE79Q,AGT-PTWKYK487N,Outbound Call,Phone,Transaccional,Transaccional,203.0,,True,False,Neutral,0.01,colombian,mexican,False,,False,True
INT-02K9QRWF2ILTVK0G,2026-01-12 12:59:48,2026-01-12,CLI-YED6PSFJSUA4,AGT-I94LJIR7DW,Inbound Call,Phone,Producto,Producto,415.0,192.0,True,False,Neutral,0.0,argentine,argentine,False,"PRD-IIFYHG6CGV22,PRD-QVLQJTWWI9C8",True,True
INT-6A55U6R7VYVGNEI6,2026-01-12 19:40:56,2026-01-12,CLI-U52O1RFFCIDV,AGT-CM5H6DR5TS,Inbound Call,Phone,Comercial,Comercial,472.0,101.0,True,False,Negativo,-0.3,mexican,mexican,False,"PRD-5G4HUH8D9J50,PRD-YLH0YDBRCZ03,PRD-64KY8CBTRSP9",False,True
INT-UHRC0Y5EE9CO48CK,2026-01-13 00:57:18,2026-01-12,CLI-SFW4RV360PTX,AGT-56XIRH3EBF,Inbound Call,Phone,Queja,Queja,181.0,84.0,False,True,Neutral,-0.14,,,False,"PRD-UTFLZ08GG44E,PRD-8HEUBT08J0FB,PRD-SVX4P23QSCYO",True,True
INT-MHE1Q8HB6P5YOYEI,2026-01-13 02:36:32,2026-01-12,CLI-YC0L18X8V78O,AGT-P0R6W0FYK1,Inbound Call,Phone,Producto,Producto,217.0,74.0,True,False,Neutral,-0.15,colombian,colombian,True,,False,True
INT-WFHKQGB2L9WJG2RV,2026-01-13 07:37:15,2026-01-12,CLI-SS0VE5QEPVV4,AGT-3CCCN8NLW2,Outbound Call,Phone,Técnico,Técnico,288.0,,True,False,Neutral,-0.21,,,False,,True,True
INT-9PTZOAGFMAYP4GCC,2026-01-12 22:55:02,2026-01-12,CLI-IB15WCNGVSWU,AGT-N0HJHS1DBA,Outbound Call,Phone,Retención,Retención,382.0,,False,True,Muy Positivo,0.88,,,False,,False,True
INT-OXLIG3V2IA7N9DXZ,2026-01-12 18:35:03,2026-01-12,CLI-2WWY4WGL4UFT,AGT-MQJMFM7L5Y,Inbound Call,Phone,Queja,Queja,582.0,69.0,False,True,Neutral,-0.02,mexican,mexican,False,"PRD-3K9RQ1V9375N,PRD-RXOCTQFAKIIN",False,True
INT-C6YNF7FNA5PHNL13,2026-01-12 17:16:07,2026-01-12,CLI-6TT4U00X09TG,AGT-TV0QBXSVT9,Inbound Call,Phone,Queja,Queja,317.0,74.0,False,True,Positivo,0.48,mexican,mexican,False,,False,True
INT-BQ1CTXFVOW61YA3S,2026-01-12 16:38:59,2026-01-12,CLI-73CJFDXMZ15N,AGT-93R1FEUZ8C,Inbound Call,Phone,Transaccional,Transaccional,203.0,63.0,True,False,Neutral,0.28,,,False,,True,True
INT-QIQJNKF9DKJ3SYVI,2026-01-12 21:22:12,2026-01-12,CLI-NLHH6161CZJD,AGT-GX1XLRMUAS,Chat,WhatsApp,Técnico,Técnico,,,False,True,Neutral,0.06,argentine,mexican,False,,False,False
INT-MS9313M8WUPVJ8IO,2026-01-13 01:03:49,2026-01-12,CLI-24VYY9UTF3B5,AGT-R9OEJVZ74S,Inbound Call,Phone,Técnico,Técnico,352.0,156.0,True,False,Neutral,0.12,,,False,,False,True
INT-GX3P5AVCCQ57BMLI,2026-01-12 15:20:03,2026-01-12,CLI-2QL8JHOPNPT7,AGT-LWM9P4ETLV,Inbound Call,Phone,Técnico,Técnico,390.0,166.0,False,True,Muy Negativo,-0.87,mexican,argentine,False,,False,True
INT-SAB7IFV4Q6KQI9ZB,2026-01-12 17:52:30,2026-01-12,CLI-NFPSF1UCJ3DI,AGT-MSMPY4CS16,Chat,Web Chat,Queja,Queja,,,True,False,Negativo,-0.63,argentine,colombian,False,,True,False
INT-EYLA00UVV1D99UGN,2026-01-13 01:33:33,2026-01-12,CLI-667VJUT0FA86,AGT-5JI29B48WM,Chat,Web Chat,Técnico,Técnico,,,True,True,Neutral,-0.27,mexican,mexican,False,"PRD-2TUCCRIOD564,PRD-VP6KV2FOAHR9,PRD-5TWZ8INWHUS6",True,False
INT-VHLYED37RXKJJCPK,2026-01-12 09:09:02,2026-01-12,CLI-Y36X2T1Z9G4M,AGT-DOUMKDE5OH,Inbound Call,Phone,Transaccional,Transaccional,180.0,105.0,True,False,Neutral,0.16,mexican,argentine,True,,True,True
INT-Y60N5NRQP7S1464V,2026-01-12 23:41:22,2026-01-12,CLI-3C4E5R9UGX81,AGT-G5GWLCT1OU,Inbound Call,Phone,Producto,Producto,193.0,122.0,True,False,Neutral,-0.28,argentine,argentine,False,"PRD-E3SSWR05TUP6,PRD-AJGS5BXNF2JW",False,True
INT-A7C010EISDO6IWFD,2026-01-13 05:57:29,2026-01-12,CLI-HWITONAEMTCH,AGT-JZ4UT5EH9L,Inbound Call,Phone,Queja,Queja,511.0,158.0,False,True,Negativo,-0.68,colombian,colombian,False,,False,True
INT-SZOMWF6L5TVSFN5D,2026-01-12 23:39:14,2026-01-12,CLI-VNG6INQUVYUY,AGT-0ZKRYC3TIP,Outbound Call,Phone,Producto,Producto,372.0,,False,True,Neutral,-0.26,colombian,colombian,False,,False,True
INT-6WZF7KJ7E8NYA07N,2026-01-13 03:51:44,2026-01-12,CLI-GV2OFPER2IUB,AGT-8OAKZ8LMXA,Outbound Call,Phone,Transaccional,Transaccional,138.0,,False,True,Neutral,-0.05,colombian,colombian,False,"PRD-QAQ2KBLAG0YQ,PRD-H7JNM3VO1WV6,PRD-ULRPWTP0OBAB",True,True
INT-WCEBGVM13SFK1DTS,2026-01-13 03:02:25,2026-01-12,CLI-MLRJXLHAK7Q7,AGT-1G6T32CON1,Inbound Call,Phone,Producto,Producto,127.0,70.0,True,False,Neutral,0.27,,,False,,False,True
INT-MDMERSA7F8EAMQTU,2026-01-12 21:34:08,2026-01-12,CLI-1JWWZ0F8TWQK,AGT-KL8LWJNEC8,Inbound Call,Phone,Queja,Queja,543.0,165.0,True,False,Neutral,-0.12,mexican,mexican,False,,False,True
INT-KTVHVYV8ZRNR5KKH,2026-01-12 15:04:02,2026-01-12,CLI-2QV2PPCI2EFO,AGT-KU17P6Y4EJ,Inbound Call,Phone,Producto,Producto,446.0,28.0,True,False,Neutral,0.03,mexican,mexican,False,"PRD-NPRN54L2NRSQ,PRD-INS5M4YXFDZJ",False,True
INT-NS4NKQVRDHPBO407,2026-01-12 18:14:17,2026-01-12,CLI-RUO9E2JTVQXD,AGT-613L388D8L,Inbound Call,Phone,Transaccional,Transaccional,78.0,109.0,True,True,Neutral,-0.24,argentine,argentine,False,,True,True
INT-2NMMIBKZHCE7P9YI,2026-01-13 07:50:57,2026-01-12,CLI-RBE9THKMJ44H,AGT-AIZL8E8598,Inbound Call,Phone,Transaccional,Transaccional,316.0,99.0,True,False,Neutral,0.08,colombian,colombian,False,,False,True
INT-HUEADK00OVZUZ4Y3,2026-01-13 00:37:39,2026-01-12,CLI-81L2Y0ZYAX56,AGT-NMPUM2684B,Inbound Call,Phone,Transaccional,Transaccional,278.0,96.0,True,True,Neutral,-0.28,mexican,colombian,True,,False,True
INT-JHBSXCETIU594DG1,2026-01-13 06:54:51,2026-01-12,CLI-0Y9QW2UWPVWY,AGT-RB7B1VQ0JL,Inbound Call,Phone,Técnico,Técnico,368.0,105.0,True,False,Muy Negativo,-0.78,mexican,mexican,True,,False,True
INT-2YSHTJYTYD0WEWDS,2026-01-12 11:21:42,2026-01-12,CLI-Q3B1XJIR8LC5,AGT-N0HJHS1DBA,Inbound Call,Phone,Queja,Queja,400.0,62.0,True,False,Neutral,-0.16,,,False,,False,True
INT-JOZOY7OSOHV5RXAQ,2026-01-12 10:48:52,2026-01-12,CLI-KDRH09MTJU1E,AGT-7XMY5AHEK5,Inbound Call,Phone,Técnico,Técnico,362.0,275.0,True,False,Neutral,-0.14,,,False,,False,True
INT-SVZ15TPE82M87DWR,2026-01-12 23:56:24,2026-01-12,CLI-OR6U32YDDZVB,AGT-CQBSB9AUGV,Email,Email,Técnico,Técnico,,,True,False,Negativo,-0.67,colombian,mexican,False,PRD-8A4KINP1LQF2,False,False
INT-KWPEGRHVSKHXU06Y,2026-01-12 21:16:12,2026-01-12,CLI-LUP11UHVQAP8,AGT-E76DUY8F1G,Inbound Call,Phone,Queja,Queja,518.0,97.0,False,True,Neutral,-0.26,colombian,colombian,False,"PRD-TU2BL64D4XJY,PRD-LI2JQMPY337L,PRD-ZJYCQFM6O64L",False,True
INT-MAX8WOV8K736J2RD,2026-01-13 06:07:27,2026-01-12,CLI-LJ70Y1XWUOGJ,AGT-NANM3Y8BT5,Outbound Call,Phone,Producto,Producto,97.0,,True,False,Negativo,-0.57,argentine,argentine,False,,False,True
INT-0EPH927AH62NHU5G,2026-01-12 10:35:50,2026-01-12,CLI-UEJTOVVFO9Q9,AGT-6QYGLWIS1K,Inbound Call,Phone,Producto,Producto,166.0,104.0,True,False,Neutral,-0.18,mexican,mexican,False,"PRD-KWA17DY5CX2D,PRD-S0QYG94PDMMC,PRD-84QEKV7L4UQY",True,True
INT-JCUNBN7UMQAYRVX5,2026-01-13 01:21:10,2026-01-12,CLI-MJ5ALY384CMN,AGT-POXBE49GFN,Inbound Call,Phone,Transaccional,Transaccional,227.0,111.0,True,False,Neutral,-0.07,colombian,colombian,False,,False,True
INT-Y98AG6B73GR03MG1,2026-01-12 12:01:17,2026-01-12,CLI-DJECH331R5WQ,AGT-VCHYT34SD6,Inbound Call,Phone,Transaccional,Transaccional,220.0,73.0,True,False,Neutral,0.28,argentine,argentine,False,"PRD-643GDW7TUK6M,PRD-2ROCIBUE86VO",False,True
INT-VX6N1SD4XNUXC3QC,2026-01-12 22:43:16,2026-01-12,CLI-KQPRVWSVNQTP,AGT-T74I7TF58R,Inbound Call,Phone,Queja,Queja,294.0,204.0,False,True,Positivo,0.57,mexican,mexican,False,,True,True
INT-CVA4IED75E2YJQI0,2026-01-13 01:06:06,2026-01-12,CLI-2DZMHR5BSOKC,AGT-1999NR0BNU,Inbound Call,Phone,Queja,Queja,236.0,132.0,True,False,Positivo,0.66,,,False,PRD-433OH549QKZK,False,True
INT-IMGNY24PONH1HSCO,2026-01-12 18:59:15,2026-01-12,CLI-M8R2DC648LPY,AGT-B4BYFBWKP0,Inbound Call,Phone,Transaccional,Transaccional,208.0,113.0,False,True,Neutral,-0.21,mexican,mexican,False,,False,True
INT-ZK5P31VCTAPCXP7R,2026-01-13 05:43:54,2026-01-12,CLI-J55GZN4UGUL3,AGT-BRE55A738K,Inbound Call,Phone,Transaccional,Transaccional,598.0,126.0,True,False,Neutral,-0.01,colombian,mexican,False,,False,True
INT-P4J87XK7VILCVPTJ,2026-01-12 23:32:27,2026-01-12,CLI-U4L9B0RTKFGR,AGT-6QYGLWIS1K,Inbound Call,Phone,Transaccional,Transaccional,225.0,102.0,True,False,Neutral,0.09,mexican,mexican,False,"PRD-H6VMHQ5TKGVN,PRD-XIVDDSCURLLQ,PRD-CSO32YSZ5SLU",True,True
INT-XTALTOHIITF5TBJ1,2026-01-12 11:00:11,2026-01-12,CLI-IAPJBLUHED3E,AGT-YUKU1CJ7LZ,Chat,Web Chat,Transaccional,Transaccional,,,False,True,Neutral,0.18,,,False,,False,False
INT-YUBMTUNI8XTIAARV,2026-01-12 22:14:52,2026-01-12,CLI-IKC3KIK7TEHT,AGT-JSX5PQZSR1,Video,Web,Técnico,Técnico,380.0,,True,False,Neutral,-0.11,colombian,colombian,False,,True,True
INT-7X7CAI8LGSQHVXUY,2026-01-12 12:01:44,2026-01-12,CLI-4PRVJ32HZTOX,AGT-MQRF3372LI,Email,Email,Comercial,Comercial,,,False,True,Positivo,0.57,mexican,mexican,False,,False,False
INT-G5J1D7DOWLC9X8IY,2026-01-12 12:08:32,2026-01-12,CLI-PCCPZ3JKQXPP,AGT-PX17SVBBET,Inbound Call,Phone,Transaccional,Transaccional,165.0,73.0,True,False,Neutral,0.26,colombian,colombian,False,PRD-SQIVUY4S8K65,False,True
INT-S1YE7KAPTYIOU6FB,2026-01-13 02:03:17,2026-01-12,CLI-K4XE2FMQ75K7,AGT-0NK91BEH8F,Inbound Call,Phone,Transaccional,Transaccional,154.0,141.0,True,False,Neutral,-0.06,,,False,,False,True
INT-KAZ4CAPPXJZXYNVZ,2026-01-13 05:45:46,2026-01-12,CLI-S4T1YZNJMOBO,AGT-V6HEZNUZJC,Inbound Call,Phone,Queja,Queja,340.0,80.0,False,True,Neutral,-0.08,mexican,mexican,False,,True,True
INT-8NXMBZUWI6HHFY97,2026-01-12 12:03:47,2026-01-12,CLI-7U74N49HH5AO,AGT-CEA1C9BKKF,Inbound Call,Phone,Técnico,Técnico,433.0,72.0,True,False,Negativo,-0.42,mexican,mexican,False,,False,True
INT-E43YT25A69AUYTHR,2026-01-12 20:28:01,2026-01-12,CLI-LXYXY2OSKPZQ,AGT-4Q1DSUDT97,Inbound Call,Phone,Técnico,Técnico,421.0,185.0,False,True,Neutral,-0.04,colombian,colombian,False,,False,True
INT-FALF7OSIIMTBKNVI,2026-01-12 15:24:17,2026-01-12,CLI-GF7KCO5725PA,AGT-U51WZ1NTS8,Inbound Call,Phone,Producto,Producto,224.0,99.0,True,False,Neutral,0.08,mexican,mexican,False,,False,True
INT-39FUZLQ7MF48980E,2026-01-12 10:00:40,2026-01-12,CLI-07XQ8D791A9F,AGT-NOB5KS50MS,Inbound Call,Phone,Técnico,Técnico,217.0,86.0,False,True,Muy Negativo,-0.76,,,False,"PRD-EMHGHC1TZING,PRD-JTAYFYCHJGYT",False,True
INT-V5XDKQ8UHJKRQ5L2,2026-01-12 23:44:44,2026-01-12,CLI-ZSEJRWQORKU5,AGT-1999NR0BNU,Inbound Call,Phone,Producto,Producto,364.0,37.0,True,False,Neutral,-0.29,mexican,mexican,False,,False,True
INT-D1LRTSDRTKE06OW8,2026-01-13 07:35:47,2026-01-12,CLI-9LSYSAEQJRPH,AGT-VH1MSPB0E8,Inbound Call,Phone,Producto,Producto,112.0,104.0,True,False,Negativo,-0.4,colombian,colombian,False,"PRD-A1XMB5DNWDN7,PRD-XOOBLE03UQCC,PRD-V11NRXKDCH47",False,True
INT-X434Q8JJIFMFIHID,2026-01-12 21:20:10,2026-01-12,CLI-U4XS5DWEBNAQ,AGT-V0731LP1QE,Inbound Call,Phone,Técnico,Técnico,318.0,123.0,True,True,Neutral,-0.16,,,False,,False,True
INT-2FZPOJFYGZTZO7FY,2026-01-12 12:59:57,2026-01-12,CLI-T2FW4C0ZJQL5,AGT-FDLM1Q1ROE,Inbound Call,Phone,Transaccional,Transaccional,113.0,96.0,True,False,Neutral,-0.24,mexican,argentine,True,"PRD-9VG776JUWLAM,PRD-2ASFWI82VR4H,PRD-FY9XO834SZ9G",False,True
INT-YC17YYGINPJNY8GK,2026-01-12 15:25:05,2026-01-12,CLI-R2N34UG3CK8X,AGT-KTG7GAP6JI,Inbound Call,Phone,Transaccional,Transaccional,238.0,189.0,True,False,Neutral,-0.19,colombian,colombian,False,"PRD-SS59TCV6NXDL,PRD-IAQQFN21AXJA,PRD-VODV3UN5D9ON",False,True
INT-ORV99CWIWHE51IA7,2026-01-12 12:18:18,2026-01-12,CLI-FG70XX41U4FW,AGT-TEJ4IKS7JJ,Inbound Call,Phone,Transaccional,Transaccional,218.0,22.0,True,False,Neutral,-0.07,,,False,,False,True
INT-O5QCW7W2H6VRLH3N,2026-01-12 11:11:00,2026-01-12,CLI-8S4B9UVCWQKS,AGT-4V4YDGZZ5H,Inbound Call,Phone,Producto,Producto,255.0,67.0,False,True,Muy Positivo,0.92,argentine,argentine,False,PRD-PURFUN1CSVS7,True,True
INT-W4OELQO3H3KJCGI2,2026-01-12 15:50:22,2026-01-12,CLI-63W5CZ3M5OX5,AGT-9GJ09FFYE4,Inbound Call,Phone,Queja,Queja,253.0,159.0,True,False,Neutral,0.17,mexican,mexican,False,,True,True
INT-EMIV0MVHLOEIZ5LH,2026-01-12 15:38:40,2026-01-12,CLI-ZRU27L2Z39JQ,AGT-Y8C36091GU,Inbound Call,Phone,Transaccional,Transaccional,152.0,196.0,True,False,Neutral,-0.03,mexican,mexican,False,,True,True
INT-OKPK8TZG9B3RDT9P,2026-01-12 21:26:47,2026-01-12,CLI-TNDXCXS0TW0O,AGT-3BSCOF9JIO,Outbound Call,Phone,Producto,Producto,210.0,,True,False,Neutral,0.19,,,False,,False,True
INT-BWS2PCB1X7I05MQI,2026-01-12 15:21:07,2026-01-12,CLI-95JXGG48GL1U,AGT-G0U5QILT5N,Inbound Call,Phone,Técnico,Técnico,331.0,48.0,True,False,Negativo,-0.65,colombian,colombian,False,,False,True
INT-CJEVQ56X7SINY2N3,2026-01-13 06:20:49,2026-01-12,CLI-0OWD94SSS6X3,AGT-2GCBYGGPO4,Outbound Call,Phone,Transaccional,Transaccional,232.0,,True,False,Neutral,-0.11,mexican,mexican,False,PRD-K8AO3NUVAGPY,False,True
INT-SNK6RTX7X7V1KWAE,2026-01-12 20:21:41,2026-01-12,CLI-LKXDD9R38JB2,AGT-SFTJNQ1CP3,Inbound Call,Phone,Técnico,Técnico,535.0,188.0,True,False,Muy Negativo,-0.99,,,False,,False,True
INT-DY4Q68SNAYP38Y6X,2026-01-12 23:10:09,2026-01-12,CLI-2RSI1KQ6JFUL,AGT-J7A6SDZWYA,Inbound Call,Phone,Producto,Producto,255.0,175.0,False,True,Negativo,-0.55,mexican,mexican,False,,False,True
INT-HKKIYCRTLS74XKAZ,2026-01-12 16:30:25,2026-01-12,CLI-DFZJX33IEOJ2,AGT-0965QQ774G,Chat,WhatsApp,Técnico,Técnico,,,False,True,Positivo,0.42,mexican,mexican,False,,False,False
INT-PZY28CPNBSZ9Q9F0,2026-01-13 07:22:08,2026-01-12,CLI-CJSRB7VQBE1N,AGT-MZOYQF5IHG,Chat,WhatsApp,Transaccional,Transaccional,,,False,True,Neutral,-0.06,,,False,,True,False
INT-TA8DU70PG1GO5O3P,2026-01-13 04:05:46,2026-01-12,CLI-IJQV439UKAV3,AGT-666STA5YEK,Inbound Call,Phone,Transaccional,Transaccional,286.0,202.0,True,False,Neutral,-0.29,colombian,colombian,False,,True,True
INT-I5CMC9AP5ZH56SUD,2026-01-12 15:32:52,2026-01-12,CLI-LGDJWP6G6440,AGT-JJY1EX95CQ,Inbound Call,Phone,Producto,Producto,255.0,88.0,False,True,Neutral,0.27,mexican,mexican,False,"PRD-LHGA6Y5051SC,PRD-WWSBMZR8IWY6",False,True
INT-00YTMMNKZEIK0JZ5,2026-01-12 10:03:35,2026-01-12,CLI-UGJOJ3I47H0I,AGT-ZGEFMIKG5G,Inbound Call,Phone,Producto,Producto,244.0,116.0,True,False,Neutral,-0.23,argentine,argentine,False,"PRD-GA8A1FV99RAH,PRD-KN5OOQPM5SSP",False,True
INT-CL628AUK73SVJM4E,2026-01-12 08:04:05,2026-01-12,CLI-ZO5OZ8XI2GEX,AGT-ZZGWYHJ86X,Inbound Call,Phone,Retención,Retención,426.0,101.0,True,True,Neutral,0.19,argentine,argentine,False,,True,True
INT-CATJCBSDPP53QW31,2026-01-13 03:39:19,2026-01-12,CLI-7SSPOBJDHMWD,AGT-JNY9R22CQM,Inbound Call,Phone,Queja,Queja,323.0,31.0,False,True,Neutral,0.03,,,False,"PRD-2Q27LL896UKK,PRD-RNVR1IU4R5BC",False,True
INT-L8EQ0A6UJV5I70S0,2026-01-12 13:43:34,2026-01-12,CLI-NLOK1OPFU2J7,AGT-G5GWLCT1OU,Inbound Call,Phone,Transaccional,Transaccional,310.0,114.0,True,False,Neutral,-0.17,argentine,argentine,False,"PRD-X7S177OT9KOE,PRD-VWYUK9WRMTO6,PRD-ESQN3PECO2JW",False,True
INT-NSOXJA1Q0Y8K17LQ,2026-01-12 18:06:59,2026-01-12,CLI-O2LCSC9W0ELR,AGT-FU9KBINBYD,Outbound Call,Phone,Transaccional,Transaccional,139.0,,True,False,Neutral,-0.25,mexican,colombian,False,,False,True
INT-IKZ5YUD0TF8LLY3H,2026-01-12 10:47:59,2026-01-12,CLI-XKAWNFGZO7CC,AGT-IRQJXHNJ9D,Inbound Call,Phone,Producto,Producto,398.0,127.0,True,False,Negativo,-0.3,mexican,argentine,False,,False,True
INT-UC9CSYWLNZ1OEB87,2026-01-13 02:18:16,2026-01-12,CLI-5YA8O1X2TYDU,AGT-IZDFJFHSFH,Inbound Call,Phone,Queja,Queja,582.0,153.0,True,False,Muy Negativo,-0.98,,,False,PRD-O4M6UGVTMF80,True,True
INT-GZ9NJOZT66YFX3OW,2026-01-13 05:25:22,2026-01-12,CLI-MT2O090HS4FL,AGT-Y8FJ2RWP4X,Inbound Call,Phone,Transaccional,Transaccional,195.0,110.0,True,False,Neutral,-0.2,mexican,colombian,False,,False,True
INT-8JXZ8VYML71JI4ZR,2026-01-13 05:12:09,2026-01-12,CLI-G96W2WOTSM5Y,AGT-Q0FNFY8G5L,Inbound Call,Phone,Queja,Queja,312.0,35.0,False,True,Neutral,0.25,,,False,,False,True
INT-OBQYK9NEFWXJ6ZD7,2026-01-12 10:57:19,2026-01-12,CLI-E20GQWFCXA37,AGT-TJ0RZV4GUF,Inbound Call,Phone,Retención,Retención,541.0,37.0,True,True,Positivo,0.58,argentine,mexican,False,,False,True
INT-2RERD8WHQFCL0RSJ,2026-01-12 22:56:17,2026-01-12,CLI-ZV16NSDXLW8I,AGT-H600EXWVP2,Inbound Call,Phone,Queja,Queja,539.0,162.0,False,True,Neutral,-0.22,mexican,mexican,False,"PRD-N10WSCM5MOB3,PRD-ZYTKZMFXWT1J",False,True
INT-RH6OGQS4DF6BQ6OX,2026-01-12 23:46:49,2026-01-12,CLI-2RTV9ILFZ27Q,AGT-TLFYB8CQW4,Chat,Web Chat,Producto,Producto,,,True,False,Neutral,0.03,colombian,mexican,False,,True,False
INT-RN6CP38UTULPLPPO,2026-01-12 19:58:24,2026-01-12,CLI-KL9GQACKG38B,AGT-EXKK12NKB9,Inbound Call,Phone,Comercial,Comercial,325.0,131.0,True,False,Muy Positivo,0.81,,,True,,True,True
INT-ZELUQC491NDNPK3O,2026-01-12 12:10:04,2026-01-12,CLI-4IY6R73BVN70,AGT-6NAZTH7M7Q,Outbound Call,Phone,Técnico,Técnico,339.0,,False,True,Neutral,-0.25,argentine,argentine,False,"PRD-3QBWQLGJ6NCO,PRD-NUXVTOFCG69R,PRD-YDX0P3ZJXBP0",True,True
INT-DKIMVTCP6CZTNA3N,2026-01-12 23:54:40,2026-01-12,CLI-XHYK9QPDRX6D,AGT-P4V46JOBFM,Inbound Call,Phone,Transaccional,Transaccional,562.0,260.0,False,True,Neutral,0.28,colombian,mexican,False,"PRD-L305UOV3JYKZ,PRD-06ZGVFM50WME,PRD-AB4BQZIQVBJ5",True,True
INT-GWCB6E9SFNU24TDC,2026-01-13 02:38:06,2026-01-12,CLI-GDQRZ8SRRZJ2,AGT-6RVQHDLYE5,Inbound Call,Phone,Producto,Producto,344.0,205.0,True,False,Neutral,0.27,,,False,"PRD-FJWTDAK5V663,PRD-FYJKHC9YO77V",False,True
INT-G4JU0BPVERLDO5EX,2026-01-13 07:56:34,2026-01-12,CLI-RCZLV76I0041,AGT-YWKYXYRNJG,Inbound Call,Phone,Transaccional,Transaccional,217.0,125.0,True,False,Neutral,0.0,,,False,,True,True
INT-DUC7L48QDP10SBLL,2026-01-13 00:25:35,2026-01-12,CLI-GMNVA9E1IS7M,AGT-ZVUQVJGIOG,Inbound Call,Phone,Transaccional,Transaccional,113.0,186.0,True,False,Neutral,-0.29,colombian,colombian,False,,False,True
INT-GTACPCG8VHVD1MH7,2026-01-13 07:48:17,2026-01-12,CLI-ZPZDEBKVWUQB,AGT-7IZEUIYKAX,Outbound Call,Phone,Producto,Producto,398.0,,True,False,Neutral,0.1,mexican,mexican,False,"PRD-IDUBKOPIXT8C,PRD-AHCZ4U01Y6U6,PRD-WZMOJMC65EGD",False,True
INT-IF0KS4N3NX76F3Z0,2026-01-12 21:12:53,2026-01-12,CLI-UPW6QTWPSO3O,AGT-CTUYD8XUXN,Inbound Call,Phone,Producto,Producto,324.0,149.0,True,False,Neutral,0.15,,,False,"PRD-HZPS2K0EIWD0,PRD-UYKV4VN4LX2F",False,True
INT-T7II4HJOHG13NPRN,2026-01-12 15:06:45,2026-01-12,CLI-K69DJF1AFUYL,AGT-GRCMX8W1NF,Inbound Call,Phone,Producto,Producto,314.0,226.0,True,False,Neutral,-0.09,colombian,colombian,False,PRD-3QONWE95MGTU,False,True
INT-6RJBZX7LWM5UAR4G,2026-01-12 21:07:11,2026-01-12,CLI-1QXR7FFMVP8L,AGT-Q1CPMXVTZC,Inbound Call,Phone,Producto,Producto,270.0,74.0,True,False,Neutral,-0.06,mexican,mexican,False,,False,True
INT-LL437WUOX3PP484D,2026-01-12 10:22:03,2026-01-12,CLI-I07W9DGG06IW,AGT-YOH2XG6EXK,Inbound Call,Phone,Queja,Queja,400.0,139.0,False,True,Neutral,0.1,,,False,,True,True
INT-N0JR7M7B9PSTHJOO,2026-01-12 17:41:08,2026-01-12,CLI-F2PR1HJR9SJQ,AGT-0SFUB4MUFS,Inbound Call,Phone,Producto,Producto,268.0,119.0,True,True,Neutral,0.02,mexican,mexican,False,PRD-IF220TU9PERA,False,True
INT-55C9GN22V8E0MIA9,2026-01-13 06:00:17,2026-01-12,CLI-7ONI429GE1XO,AGT-5DZNKOUR81,Inbound Call,Phone,Transaccional,Transaccional,287.0,94.0,False,True,Neutral,0.14,mexican,mexican,False,,False,True
INT-8E5D6EWEC60M7OZ6,2026-01-12 13:45:20,2026-01-12,CLI-9BI7FNSVC9DO,AGT-PRE6OQJV5N,Video,Web,Producto,Producto,176.0,,True,False,Neutral,-0.02,,,False,,False,True
INT-T2Z16W4T5XJJ0HD2,2026-01-12 16:15:43,2026-01-12,CLI-B5WQ8QDEQ2NX,AGT-5PP7O7ZE96,Inbound Call,Phone,Transaccional,Transaccional,169.0,89.0,True,False,Neutral,-0.16,,,False,,False,True
INT-RCF0HLVBAOEOVJ5K,2026-01-13 03:14:48,2026-01-12,CLI-I1Q6EGOVTT1Q,AGT-81HI9ENVQV,Inbound Call,Phone,Producto,Producto,353.0,100.0,True,True,Neutral,0.26,argentine,argentine,False,,False,True
INT-LG4KJIB6Q5FP9R2E,2026-01-12 21:12:47,2026-01-12,CLI-MPC8EI34VFVP,AGT-UK3JBLHXC6,Inbound Call,Phone,Retención,Retención,360.0,224.0,True,False,Neutral,-0.15,,,False,"PRD-NWWRZNULUKOO,PRD-T8PLQYPIMNNX,PRD-8SUD81DBIN8C",False,True
INT-91EICTU84SFERE42,2026-01-12 15:00:08,2026-01-12,CLI-683TWSMRB2O2,AGT-9WEMMV5AD9,Email,Email,Técnico,Técnico,,,True,True,Negativo,-0.3,mexican,mexican,False,PRD-RKAZWJUJWH5P,False,False
INT-TVW2SHI1M270Y6CJ,2026-01-13 00:50:30,2026-01-12,CLI-W41AYEPE1R2V,AGT-4YRVLDYBJS,Inbound Call,Phone,Transaccional,Transaccional,194.0,197.0,True,False,Neutral,-0.17,mexican,mexican,False,,False,True
INT-FG7K3426LCBQQERG,2026-01-12 21:15:29,2026-01-12,CLI-ZGEDQUSOX52U,AGT-8431PDCJHS,Inbound Call,Phone,Queja,Queja,432.0,101.0,False,True,Muy Negativo,-0.91,,,False,,False,True
INT-VM83ELRTOMTD53AI,2026-01-13 00:08:07,2026-01-12,CLI-1S6LFWYS738O,AGT-NBQ65Y4VZ9,Inbound Call,Phone,Transaccional,Transaccional,170.0,220.0,True,False,Neutral,0.15,mexican,mexican,False,"PRD-6MK7VSXLNC5Z,PRD-5FTPMHURJS77",True,True
INT-ZMGLZVUZ12PPW3NE,2026-01-12 19:36:47,2026-01-12,CLI-SBT7AWCZDGAV,AGT-0UA5E2DG3G,Inbound Call,Phone,Queja,Queja,517.0,126.0,False,True,Neutral,0.05,,,False,,False,True
INT-3TB51677TSAVQ1VE,2026-01-12 12:10:16,2026-01-12,CLI-R231M2BDWGXL,AGT-BE8UFS60OG,Outbound Call,Phone,Producto,Producto,276.0,,True,False,Negativo,-0.5,mexican,mexican,False,,False,True
INT-17T3UAITFT2E5JQF,2026-01-12 16:34:56,2026-01-12,CLI-OB54S6STX2MQ,AGT-GF86DSKF59,Inbound Call,Phone,Retención,Retención,572.0,82.0,False,True,Muy Positivo,0.99,mexican,mexican,True,"PRD-AA4HX1A3Q1BI,PRD-3DP6KVZNFOC1,PRD-OYH945A23HYR",False,True
INT-Y694IIWKAPD0OWA3,2026-01-12 18:51:35,2026-01-12,CLI-DPDSUZY5233C,AGT-TSMBWDEGRX,Outbound Call,Phone,Producto,Producto,165.0,,False,True,Positivo,0.4,colombian,colombian,False,,False,True
INT-R0TQQ33YQI5L2C29,2026-01-12 20:27:03,2026-01-12,CLI-XNXO1KY1QOFU,AGT-P5P9SZOX29,Inbound Call,Phone,Comercial,Comercial,650.0,50.0,False,True,Negativo,-0.4,mexican,argentine,False,"PRD-H0VGNJKCR5UQ,PRD-WMU4XHH1VS1Y,PRD-95T8BFJ927YU",False,True
INT-J21FUPXKWKCOA2FO,2026-01-12 08:47:34,2026-01-12,CLI-H18GO0NF4UQK,AGT-39JT1HU5SP,Chat,WhatsApp,Técnico,Técnico,,,False,True,Positivo,0.37,colombian,colombian,False,PRD-AXVKYFP9B0V5,False,False
INT-5G5D0ZVHONG0RBR5,2026-01-12 23:40:08,2026-01-12,CLI-OF5NR693V8HT,AGT-QXW4A78RH3,Email,Email,Comercial,Comercial,,,True,False,Muy Negativo,-0.84,mexican,mexican,False,,False,False
INT-VL6L0Z96QKYA1DGS,2026-01-12 08:22:59,2026-01-12,CLI-R64CAF2UGI0I,AGT-K5E9XE6DZU,Inbound Call,Phone,Producto,Producto,228.0,152.0,True,False,Neutral,-0.26,mexican,mexican,False,,False,True
INT-GGR4F74L56V0L1QN,2026-01-12 14:17:55,2026-01-12,CLI-C00BZHTIM498,AGT-C4NMNPC23W,Inbound Call,Phone,Producto,Producto,249.0,146.0,True,False,Positivo,0.68,mexican,mexican,True,,False,True
INT-OSBMO2AREPNPKN4R,2026-01-12 08:46:09,2026-01-12,CLI-9I4HA1RKYCCV,AGT-5DZNKOUR81,Inbound Call,Phone,Transaccional,Transaccional,195.0,212.0,False,True,Neutral,0.24,colombian,colombian,False,"PRD-5VIQQZHU8AAL,PRD-UEOAR5YUT6ZV,PRD-O5PRBHIBS1J6",True,True
INT-DUDAY4BMM0B81Q6W,2026-01-12 20:53:39,2026-01-12,CLI-3D9WYWEKJM4C,AGT-ODN9VO7OYD,Inbound Call,Phone,Comercial,Comercial,473.0,123.0,True,True,Positivo,0.44,mexican,mexican,False,PRD-Q8G61UDMKKGM,True,True
INT-DS6O7AATN88QJF02,2026-01-12 21:07:06,2026-01-12,CLI-AXUQ7PBR85WF,AGT-3EYJYCLMVE,Email,Email,Queja,Queja,,,False,True,Negativo,-0.31,mexican,mexican,False,PRD-EZ9G9F7OC7H2,False,False
INT-APJPUKWE46DWZ3VQ,2026-01-12 18:03:57,2026-01-12,CLI-9BZON5VZZNB6,AGT-QZ4OVGMGCA,Chat,Web Chat,Retención,Retención,,,True,False,Neutral,-0.11,,,True,"PRD-519WK67ZQBKR,PRD-TK0PJTYZ9Y2O,PRD-3VVQ66YJ74LS",False,False
INT-TGB91WW9GTM0MTGT,2026-01-12 21:43:46,2026-01-12,CLI-QL23SB7QYJHL,AGT-ODN9VO7OYD,Outbound Call,Phone,Comercial,Comercial,663.0,,False,True,Negativo,-0.58,colombian,colombian,False,,False,True
INT-9IV8WZ1SEDMPTC8V,2026-01-13 05:45:34,2026-01-12,CLI-G5UU0DCQGWWT,AGT-NL92YNJI55,Inbound Call,Phone,Transaccional,Transaccional,161.0,108.0,True,False,Neutral,-0.25,,,False,,False,True
INT-67HKQPVESYVVFRYO,2026-01-13 00:53:49,2026-01-12,CLI-TDUHQ3AR1QX5,AGT-24XX6P3FO7,Inbound Call,Phone,Transaccional,Transaccional,156.0,193.0,True,False,Neutral,-0.1,colombian,mexican,False,,False,True
INT-FVRR02ZJZQ74RFRD,2026-01-12 15:23:36,2026-01-12,CLI-SP6B0MLM9YWB,AGT-326LXCPIBX,Outbound Call,Phone,Producto,Producto,242.0,,True,False,Negativo,-0.36,mexican,mexican,False,,False,True
INT-DYA2BK006HIZDBUB,2026-01-12 19:06:12,2026-01-12,CLI-YT7G914HXMOZ,AGT-QX2FUBC9H9,Inbound Call,Phone,Técnico,Técnico,518.0,75.0,True,False,Neutral,0.27,colombian,colombian,False,,True,True
INT-SFAJ871EZOK2TTVZ,2026-01-12 16:23:27,2026-01-12,CLI-2JPVYUGY7HBG,AGT-29JHQCW7PX,Inbound Call,Phone,Producto,Producto,272.0,105.0,False,True,Neutral,0.26,,,True,,False,True
INT-P0ZGPN2ZUMRKMSVT,2026-01-12 08:45:24,2026-01-12,CLI-IUFGN2CXZBDJ,AGT-GMSZFOVA7S,Outbound Call,Phone,Transaccional,Transaccional,186.0,,True,False,Neutral,0.03,colombian,colombian,False,,False,True
INT-2O09WKBWGWWUAZ3A,2026-01-12 09:34:45,2026-01-12,CLI-FMHPU9C87ZC7,AGT-4WZQ2M1A4U,Email,Email,Transaccional,Transaccional,,,True,False,Neutral,-0.02,,,False,,False,False
INT-GVTB3XJ4MY0QCB38,2026-01-12 10:45:03,2026-01-12,CLI-NRKA8XQVF4YP,AGT-AUOTS7C4F3,Inbound Call,Phone,Retención,Retención,612.0,124.0,False,True,Neutral,0.16,colombian,mexican,False,,True,True
INT-MWW2167O16V5RDWS,2026-01-12 11:18:51,2026-01-12,CLI-EFCHUAXE2F7V,AGT-1017M8ALDP,Inbound Call,Phone,Técnico,Técnico,289.0,183.0,True,False,Negativo,-0.4,argentine,argentine,False,PRD-5Z0OUBUOL8QN,True,True
INT-W4OPTH7N8VKQUAJM,2026-01-12 23:05:41,2026-01-12,CLI-UZ36B3AWFBYA,AGT-PI0J3ZNGEF,Inbound Call,Phone,Producto,Producto,322.0,227.0,True,True,Neutral,0.21,mexican,mexican,False,PRD-XK2RT9KPVTXC,False,True
INT-5T6AQMJE6KGO9GY6,2026-01-13 07:01:26,2026-01-12,CLI-O0WO3WI7RLKX,AGT-GRCMX8W1NF,Inbound Call,Phone,Queja,Queja,519.0,9.0,False,True,Neutral,0.29,mexican,colombian,False,"PRD-U2ZPM29083RU,PRD-9LF9K0Q04KML,PRD-1JWKY8K9BBE2",False,True
INT-WO8BQ9QFUX3GC24A,2026-01-13 03:15:34,2026-01-12,CLI-BY4NSK8TVJVT,AGT-PK5PH38NS1,Inbound Call,Phone,Transaccional,Transaccional,128.0,223.0,True,True,Neutral,-0.16,colombian,argentine,True,,False,True
INT-NJN97Q47BLQRGYEJ,2026-01-13 01:53:51,2026-01-12,CLI-3IDPERI3M6IJ,AGT-RB7B1VQ0JL,Inbound Call,Phone,Queja,Queja,478.0,95.0,True,False,Muy Negativo,-0.92,argentine,argentine,False,,False,True
INT-0QJJ6KU2BUXUN2CC,2026-01-12 11:04:38,2026-01-12,CLI-CMS5E9A0BS42,AGT-0NK91BEH8F,Inbound Call,Phone,Producto,Producto,273.0,199.0,True,False,Neutral,-0.27,colombian,colombian,False,,True,True
INT-393A73VQ735V5NIW,2026-01-12 12:12:53,2026-01-12,CLI-WR2IEAO9E6SB,AGT-F0YXXAXRAU,Inbound Call,Phone,Producto,Producto,440.0,169.0,True,False,Neutral,-0.14,mexican,mexican,False,"PRD-H85H79ZSUP0F,PRD-DVI1SI1IR1UU",False,True
INT-HTYPPVG67THFKG19,2026-01-12 10:17:42,2026-01-12,CLI-1HOZUS3XUN0V,AGT-ZXNEUYV3UL,Inbound Call,Phone,Queja,Queja,585.0,173.0,True,False,Neutral,0.23,,,False,PRD-FIPF4IA7R6VJ,True,True
INT-XSMCU13R8I9WL298,2026-01-13 07:38:32,2026-01-12,CLI-TU061IV57K7I,AGT-5U01K5M1K2,Inbound Call,Phone,Transaccional,Transaccional,215.0,17.0,True,False,Neutral,0.11,colombian,mexican,False,,True,True
INT-A54HLQROS1S16YS1,2026-01-13 03:57:08,2026-01-12,CLI-AE8F4SDX22ID,AGT-ZRQW0ATSEE,Chat,App,Comercial,Comercial,,,False,True,Negativo,-0.41,,,False,,True,False
INT-SN59OTX3ATOC9BWZ,2026-01-12 09:19:44,2026-01-12,CLI-T7VMG6R9Y9H1,AGT-03D30TX4R9,Inbound Call,Phone,Comercial,Comercial,271.0,166.0,False,True,Neutral,-0.21,,,False,PRD-QGUY90GJ76KA,False,True
INT-USN1E7J0DDG7CCBN,2026-01-13 07:15:18,2026-01-12,CLI-VAUBTB1IMBZQ,AGT-632VJ0ER29,Inbound Call,Phone,Técnico,Técnico,173.0,31.0,True,False,Neutral,0.06,colombian,colombian,False,,True,True
INT-SDT1RBGWZ4208BCL,2026-01-12 23:08:28,2026-01-12,CLI-UCU6ZBA1BM88,AGT-MQRF3372LI,Inbound Call,Phone,Técnico,Técnico,191.0,1.0,False,True,Neutral,-0.21,colombian,colombian,False,"PRD-63U9DQXZAS2U,PRD-5A75AZLZM6Q8",False,True
INT-CCGLZVP2VYBCZZ6F,2026-01-12 22:23:19,2026-01-12,CLI-YTOYX7G0IB4I,AGT-I94LJIR7DW,Inbound Call,Phone,Técnico,Técnico,505.0,165.0,True,False,Neutral,-0.03,,,False,"PRD-TE5UADNZ2EIJ,PRD-XOM55MG9A628",False,True
INT-VVVEHU891MITLDU7,2026-01-12 18:08:55,2026-01-12,CLI-YHFV2FYJW1GD,AGT-RB7B1VQ0JL,Outbound Call,Phone,Técnico,Técnico,440.0,,True,False,Negativo,-0.46,argentine,mexican,False,,False,True
INT-9YKM3B1C2LR6URRI,2026-01-12 12:56:32,2026-01-12,CLI-MSGGSPY9I86W,AGT-3LD55SM258,Inbound Call,Phone,Producto,Producto,436.0,54.0,True,False,Neutral,0.07,mexican,mexican,True,,False,True
INT-ZO2ULC6HVD0YS1C9,2026-01-12 11:18:01,2026-01-12,CLI-R1KGSC5JEWQV,AGT-ZVS0XWYET1,Inbound Call,Phone,Transaccional,Transaccional,201.0,52.0,True,True,Neutral,-0.03,,,False,,False,True
INT-9ZXX6NV39UN5ZBTJ,2026-01-12 13:25:36,2026-01-12,CLI-D3364N6I701K,AGT-F7WFZ9B08B,Chat,WhatsApp,Producto,Producto,,,True,False,Negativo,-0.66,argentine,mexican,False,PRD-0LIYFK3PMDJC,False,False
INT-SW5OABGRU7ZJLZHK,2026-01-12 20:53:41,2026-01-12,CLI-T4SXK4V899SD,AGT-U2B4DX2JUH,Email,Email,Producto,Producto,,,True,False,Neutral,0.19,,,False,,True,False
INT-XVEHU1PBZVS9DVSI,2026-01-12 22:37:49,2026-01-12,CLI-8MP19L5ZJZZ6,AGT-ROT1G7EATP,Inbound Call,Phone,Queja,Queja,587.0,151.0,False,True,Negativo,-0.5,mexican,mexican,False,,False,True
INT-LZO6NG0CV9QIG0PL,2026-01-12 10:26:10,2026-01-12,CLI-TX8XZHKE82QN,AGT-A8FKJXIIEG,Inbound Call,Phone,Técnico,Técnico,381.0,134.0,True,False,Muy Negativo,-0.88,,,False,,False,True
INT-8C6CCNYOB75E4153,2026-01-13 01:35:08,2026-01-12,CLI-AA3BKG614K12,AGT-RAIJ7RHMBA,Inbound Call,Phone,Comercial,Comercial,469.0,221.0,True,False,Positivo,0.52,,,False,PRD-QTI9X27GWQEY,False,True
INT-FKV017NCOOHDC0Y3,2026-01-12 09:16:23,2026-01-12,CLI-AXPELEOM63G6,AGT-1AW37NRW7X,Inbound Call,Phone,Técnico,Técnico,376.0,48.0,True,False,Negativo,-0.67,mexican,mexican,False,,False,True
INT-RJ8JOKA3EDTUFZSR,2026-01-12 19:36:52,2026-01-12,CLI-6XA357MUY326,AGT-ZAYJ41JB3A,Inbound Call,Phone,Transaccional,Transaccional,134.0,22.0,True,False,Neutral,0.06,,,False,,False,True
INT-ZWWG4ZXUQT3GH3DM,2026-01-13 05:42:52,2026-01-12,CLI-EENW0GHJEWHQ,AGT-SN6XXQN379,Inbound Call,Phone,Transaccional,Transaccional,222.0,0.0,True,True,Neutral,-0.27,colombian,mexican,False,"PRD-C0DZMR4M08T6,PRD-E8TUJFJO409I",False,True
INT-WQI4MK1TK6LW60L2,2026-01-12 12:55:59,2026-01-12,CLI-UHDITYH5TYR3,AGT-XVTFWL1STE,Inbound Call,Phone,Transaccional,Transaccional,146.0,47.0,True,False,Neutral,0.01,colombian,colombian,False,,False,True
INT-ZCHGC97YKDUYYREM,2026-01-12 18:21:18,2026-01-12,CLI-FVK500Q6PIKZ,AGT-BOSIAA5J5O,Chat,WhatsApp,Transaccional,Transaccional,,,True,False,Neutral,-0.16,mexican,mexican,False,,False,False
INT-1HBGU71WLMQPEJ28,2026-01-12 22:28:27,2026-01-12,CLI-805F8CL1K1QE,AGT-M7MKWO7LMD,Inbound Call,Phone,Producto,Producto,326.0,33.0,True,False,Negativo,-0.56,,,False,"PRD-RKKCLG63Y33R,PRD-1KM29CWXHRQZ",False,True
INT-7FG3F33691MAPYW6,2026-01-12 09:56:12,2026-01-12,CLI-P8MZ25L49ZEO,AGT-P6ZSI9FXVT,Inbound Call,Phone,Queja,Queja,607.0,124.0,True,False,Neutral,-0.1,,,False,,False,True
INT-JJ5TRMZV3BR0E2WZ,2026-01-12 14:21:15,2026-01-12,CLI-YFHYIA5Q71RS,AGT-61TCM0PLR7,Inbound Call,Phone,Transaccional,Transaccional,239.0,82.0,True,False,Neutral,-0.01,mexican,argentine,False,,True,True
INT-ASGQL2NS2KSFAV4F,2026-01-12 19:16:45,2026-01-12,CLI-KSLEQ93IETMR,AGT-L0V4XUS6HH,Inbound Call,Phone,Producto,Producto,259.0,219.0,True,False,Negativo,-0.59,mexican,mexican,False,,False,True
INT-17PETOXSVX7PK6EQ,2026-01-12 14:10:09,2026-01-12,CLI-DO4AJVNP4AYH,AGT-9WKZ1BVX91,Chat,App,Queja,Queja,,,True,False,Muy Positivo,0.98,,,False,,False,False
INT-SRUS8SYJBB12359X,2026-01-13 07:10:58,2026-01-12,CLI-JW6T8DBKKVR8,AGT-RVAZ2ERIA8,Inbound Call,Phone,Producto,Producto,246.0,82.0,True,False,Neutral,-0.29,,,True,,False,True
INT-ZH1V3U4N6CHSDT86,2026-01-12 13:04:54,2026-01-12,CLI-3QU9I6FBI8VS,AGT-VT6AB8ZSIS,Inbound Call,Phone,Producto,Producto,213.0,161.0,True,False,Positivo,0.56,argentine,argentine,False,,True,True
INT-BQ2HZ5J9M4Z11GT3,2026-01-12 21:44:48,2026-01-12,CLI-12QUMKAQQS22,AGT-0FULA5JB42,Inbound Call,Phone,Producto,Producto,203.0,70.0,True,False,Neutral,-0.25,,,True,"PRD-I6BS06FETOTT,PRD-Z0XRL275YPRR",False,True
INT-8MGTKHS6774XF2RX,2026-01-12 21:31:41,2026-01-12,CLI-93NK4EZDUSPZ,AGT-7IZEUIYKAX,Inbound Call,Phone,Queja,Queja,596.0,96.0,True,False,Positivo,0.42,,,False,,False,True
INT-KZ0QMN544IHXK6NU,2026-01-12 22:24:33,2026-01-12,CLI-VFBUV4NXS7YS,AGT-24LFEK8QEC,Outbound Call,Phone,Técnico,Técnico,362.0,,False,True,Neutral,0.04,colombian,colombian,False,"PRD-5W06EKN1R9JC,PRD-A64539DLJYR5",False,True
INT-402Z30W6DMFROWQ5,2026-01-12 22:27:28,2026-01-12,CLI-ZSOGN9PKETBZ,AGT-UKN1ENEVJZ,Outbound Call,Phone,Transaccional,Transaccional,315.0,,True,False,Neutral,-0.23,,,False,,True,True
INT-6GOHDHRGQUYJPVLZ,2026-01-12 15:30:38,2026-01-12,CLI-0MAT4Z7VLF3A,AGT-BRSQ4J226H,Inbound Call,Phone,Producto,Producto,322.0,175.0,True,False,Neutral,0.25,mexican,mexican,False,"PRD-NIKFNMDX62LO,PRD-PYIYWV4E4S9M",False,True
INT-3B7RD54T2JJCKX5J,2026-01-12 20:39:04,2026-01-12,CLI-8ZA2GW5SXZE7,AGT-KLMNE0JCP7,Outbound Call,Phone,Transaccional,Transaccional,266.0,,True,True,Neutral,-0.0,argentine,argentine,True,"PRD-MAGF90TDO6Z4,PRD-Z2YJJL463OQ0",False,True
INT-GMB7QEOGRH37WQIA,2026-01-12 08:25:57,2026-01-12,CLI-IN0GQ9WK6W97,AGT-43DO0TIZK2,Inbound Call,Phone,Transaccional,Transaccional,162.0,125.0,True,False,Neutral,0.24,,,False,,False,True
INT-U8TSYGFXYHWUG1FE,2026-01-12 12:11:04,2026-01-12,CLI-RA3MV4C7TFIS,AGT-V5U9CYHX0U,Chat,App,Producto,Producto,,,False,True,Positivo,0.33,mexican,colombian,False,"PRD-HIFDYVK0M0LC,PRD-1TS3CYB9492O",False,False
INT-HZIYDZE9TSNSKEQP,2026-01-13 01:14:02,2026-01-12,CLI-MARLO9RPWFX4,AGT-FY0JTX0WX4,Inbound Call,Phone,Transaccional,Transaccional,227.0,87.0,True,False,Neutral,-0.03,mexican,mexican,False,,False,True
INT-V1VTFR1QEPJQ9PG6,2026-01-12 23:49:06,2026-01-12,CLI-5NAZ4HKN3P93,AGT-ADGK54K2NI,Outbound Call,Phone,Queja,Queja,419.0,,False,True,Neutral,-0.24,colombian,colombian,False,"PRD-6RAOAKALN9EG,PRD-HPGLL7Z593IL",False,True
INT-J1PW7JP2NXVLAAPR,2026-01-13 00:18:21,2026-01-12,CLI-HN3G4LV24L0Z,AGT-T0RCZNZEMA,Outbound Call,Phone,Queja,Queja,487.0,,True,False,Negativo,-0.47,colombian,colombian,False,PRD-XA6E4P99U179,True,True
INT-1LCJMCL0LCNXL4FW,2026-01-12 16:41:26,2026-01-12,CLI-QR1CX0F2BL1D,AGT-GRCMX8W1NF,Chat,WhatsApp,Técnico,Técnico,,,True,False,Positivo,0.65,,,False,,False,False
INT-X589PHOZXERAL06R,2026-01-13 01:20:32,2026-01-12,CLI-C4PQW0SFKPB1,AGT-Z7U0LOAHW9,Inbound Call,Phone,Producto,Producto,345.0,131.0,True,False,Neutral,0.09,mexican,mexican,False,,False,True
INT-9J0I7BWYZ7LLPJVL,2026-01-12 21:07:18,2026-01-12,CLI-0QBS67ECCVUH,AGT-TLFYB8CQW4,Inbound Call,Phone,Transaccional,Transaccional,151.0,78.0,True,False,Neutral,-0.03,mexican,mexican,False,,True,True
INT-LZR9VVDPTHJ2HINZ,2026-01-13 02:52:37,2026-01-12,CLI-HGSZPJZYGHLX,AGT-OVOS9HYAAX,Inbound Call,Phone,Producto,Producto,215.0,115.0,True,False,Positivo,0.7,,,False,,False,True
INT-2URFY0W9HNH87078,2026-01-12 11:13:54,2026-01-12,CLI-AZNMFR5YCPYS,AGT-DHXTM6VCSZ,Outbound Call,Phone,Queja,Queja,226.0,,False,True,Positivo,0.35,mexican,mexican,False,"PRD-0FYZILXR7X67,PRD-LOCY388KZDW8,PRD-GNFLA3DJ72AK",False,True
INT-I4XX795O6SH1TNRL,2026-01-12 22:45:44,2026-01-12,CLI-ZR7DRDUVSJU1,AGT-R6BH0F3DT7,Outbound Call,Phone,Producto,Producto,284.0,,True,True,Neutral,-0.23,mexican,mexican,False,"PRD-GAKNKYXKVFZF,PRD-TKK62QO13FOQ",False,True
INT-XC2EEMNZFJIX3P0O,2026-01-12 23:00:20,2026-01-12,CLI-CJ3QHCJAHAAN,AGT-6QYGLWIS1K,Inbound Call,Phone,Transaccional,Transaccional,136.0,27.0,True,False,Neutral,-0.2,mexican,mexican,False,"PRD-W23TR9F646QD,PRD-Z5UKZIPJ61TB",True,True
INT-ZJGXP7MFNWB1LBDR,2026-01-12 09:09:55,2026-01-12,CLI-VY9V1L5QEO67,AGT-L84W3K4FHJ,Inbound Call,Phone,Técnico,Técnico,364.0,122.0,False,True,Positivo,0.59,mexican,mexican,False,"PRD-H23LPVBACTVX,PRD-79908VKEA4FR",False,True
INT-D6SBUHST1RI4L0P6,2026-01-12 20:43:29,2026-01-12,CLI-5SQEZ19W2806,AGT-XJKBDG6BI7,Inbound Call,Phone,Transaccional,Transaccional,322.0,140.0,True,False,Neutral,-0.29,colombian,argentine,False,,False,True
INT-Q76W22B6PBTRODQ6,2026-01-12 18:58:14,2026-01-12,CLI-07O3VUPBV8O6,AGT-YF9RO3EJZU,Inbound Call,Phone,Transaccional,Transaccional,30.0,17.0,True,False,Neutral,-0.23,argentine,argentine,False,PRD-MAIYI3A2IN4R,False,True
INT-G4ATXVPMQT0P329K,2026-01-12 21:46:17,2026-01-12,CLI-3C897HWG2I12,AGT-HAN56V24NZ,Inbound Call,Phone,Transaccional,Transaccional,181.0,86.0,True,False,Neutral,0.24,,,False,"PRD-6ETH47EN7YA2,PRD-EJS1B5UYR78F,PRD-W24OCHTKAPSU",False,True
INT-LXXY03UV7WW829KY,2026-01-12 10:33:20,2026-01-12,CLI-DSOML6EFTPG9,AGT-DD88NRIADN,Outbound Call,Phone,Transaccional,Transaccional,130.0,,True,False,Neutral,-0.2,mexican,mexican,False,,False,True
INT-JP6G1CU3BL1P8EZY,2026-01-12 14:33:06,2026-01-12,CLI-MNEQ81GAJ2GS,AGT-Y3KZLUV3T3,Inbound Call,Phone,Transaccional,Transaccional,305.0,161.0,True,False,Neutral,-0.08,,,False,,False,True
INT-AJA7R2E8A7W04M8X,2026-01-12 21:39:03,2026-01-12,CLI-SDN144OV93Z2,AGT-FMWA0M964M,Chat,WhatsApp,Producto,Producto,,,True,False,Neutral,-0.01,mexican,mexican,False,,False,False
INT-R882R0YMEC144T28,2026-01-12 22:49:04,2026-01-12,CLI-C7WBBRHU5QCW,AGT-OK1RZJN2O9,Inbound Call,Phone,Retención,Retención,544.0,14.0,True,False,Muy Positivo,0.99,mexican,mexican,True,"PRD-Q41KTRDRO56N,PRD-HUJ5KS8VYT8G,PRD-B676AT8OAJ8X",False,True
INT-BLF4WER9356034NB,2026-01-13 04:53:31,2026-01-12,CLI-I64RVY0I2OM4,AGT-XX6WSQ2E5P,Inbound Call,Phone,Queja,Queja,321.0,163.0,False,True,Negativo,-0.36,colombian,argentine,True,,False,True
INT-33WWYBS9QXA8V9J3,2026-01-13 06:13:34,2026-01-12,CLI-Q6ICJ94NSOEO,AGT-0FULA5JB42,Outbound Call,Phone,Queja,Queja,449.0,,False,True,Neutral,0.01,,,False,"PRD-U3SM027QRKDS,PRD-C61HQTQ90X2L",False,True
INT-3XJVDSHRK3TD71CF,2026-01-12 09:48:49,2026-01-12,CLI-ENYU3GYJ6B05,AGT-KCT0OUBWIE,Outbound Call,Phone,Comercial,Comercial,754.0,,True,False,Muy Negativo,-0.9,colombian,colombian,False,"PRD-CEI36K9DTHO0,PRD-RIMT88DIIXKD",False,True
INT-AFROLYY10WG69HBV,2026-01-13 04:47:29,2026-01-12,CLI-VZSGEL8SD356,AGT-IX2KM1T4I7,Outbound Call,Phone,Queja,Queja,409.0,,True,False,Negativo,-0.3,mexican,mexican,False,,True,True
INT-NHHYS1FL0MA7WCXW,2026-01-12 19:27:56,2026-01-12,CLI-1MW2LZV227VG,AGT-Z1LLS9S26G,Chat,Web Chat,Transaccional,Transaccional,,,False,True,Neutral,-0.18,colombian,colombian,False,"PRD-U3Q0DMNOJ7MH,PRD-35Z0Z61FCD6H",True,False
INT-MHSSN2G7LDFHVS9F,2026-01-12 18:54:08,2026-01-12,CLI-BO4AF2PKTBL8,AGT-4VH0KX1M7P,Inbound Call,Phone,Producto,Producto,330.0,148.0,True,False,Neutral,-0.26,,,False,,True,True
INT-4IEUCVWH9A936DOI,2026-01-12 17:35:12,2026-01-12,CLI-EDAJZ9RZOGZC,AGT-9W02U9H2GZ,Inbound Call,Phone,Transaccional,Transaccional,232.0,32.0,True,False,Neutral,-0.01,colombian,colombian,False,,False,True
INT-3NPE8J43K8EK8ZIV,2026-01-12 12:16:56,2026-01-12,CLI-3MJAWG9FJIED,AGT-1CPJD4QLU7,Inbound Call,Phone,Producto,Producto,279.0,53.0,True,False,Positivo,0.42,colombian,colombian,False,PRD-60EDBT1VT0J7,False,True
INT-R9BNPB6J370JEGAE,2026-01-13 07:18:40,2026-01-12,CLI-IIORVZM06CZ5,AGT-ZZLDFFK5KX,Inbound Call,Phone,Producto,Producto,421.0,92.0,True,False,Neutral,-0.3,argentine,colombian,False,PRD-413HUHCWT1F8,False,True
INT-YMM0TNIH5X4JLEGB,2026-01-12 13:07:55,2026-01-12,CLI-MUQRARDSSUZ9,AGT-I080XG5YVQ,Inbound Call,Phone,Producto,Producto,107.0,161.0,True,False,Positivo,0.61,mexican,mexican,False,"PRD-2W1FYNGGF1O5,PRD-51YL3BMAWIGK",False,True
INT-4N3AO3DQEF2VYKSR,2026-01-12 14:34:59,2026-01-12,CLI-EGDBS8SA77TG,AGT-VJYS33BX5A,Inbound Call,Phone,Transaccional,Transaccional,329.0,183.0,True,True,Neutral,-0.19,mexican,mexican,False,"PRD-VWNKYBYCA6N3,PRD-WTVKHETD2UX8",False,True
INT-O6NL66D6KOU8OZE5,2026-01-13 01:31:28,2026-01-12,CLI-NJHBA9AQBL0L,AGT-M6MXQC9YHN,Inbound Call,Phone,Producto,Producto,290.0,155.0,True,False,Positivo,0.65,,,False,,False,True
INT-H7KZPBS0EEMUOUHK,2026-01-12 11:12:35,2026-01-12,CLI-USMQ8J47PVES,AGT-9E9QSMOQK5,Outbound Call,Phone,Transaccional,Transaccional,104.0,,True,False,Neutral,0.26,argentine,argentine,False,,False,True
INT-82MVVQ5VPK53DCIV,2026-01-12 13:52:00,2026-01-12,CLI-4HWKQXN4NJDS,AGT-G4VQ2XMN69,Video,App,Técnico,Técnico,274.0,,False,True,Muy Negativo,-0.82,argentine,argentine,False,,False,True
INT-GZI8PZEH6F1TN7OA,2026-01-12 20:06:50,2026-01-12,CLI-XLVD1CV7G2NW,AGT-6TVY644961,Inbound Call,Phone,Producto,Producto,239.0,112.0,True,False,Neutral,0.23,mexican,mexican,False,"PRD-A2QL6C09SFE5,PRD-4V5P2TIH0XBI,PRD-FV89LO239UCU",True,True
INT-VZVKGGZZ9T7BOWW0,2026-01-13 02:55:10,2026-01-12,CLI-JF4IEITJ131W,AGT-NQ6WIG9OWH,Inbound Call,Phone,Transaccional,Transaccional,190.0,91.0,True,False,Neutral,-0.1,mexican,mexican,True,"PRD-JHZZY3D8Q1KF,PRD-5AV5TXA76J3S",False,True
INT-4JP3ZAKKVP9D2GXD,2026-01-12 12:53:33,2026-01-12,CLI-K4SKYGBDG9UA,AGT-RFSAWCKQ3R,Inbound Call,Phone,Transaccional,Transaccional,318.0,36.0,True,False,Neutral,-0.14,mexican,mexican,False,,False,True
INT-032N33QNWWNUW7IJ,2026-01-12 15:42:03,2026-01-12,CLI-Z4MSYWC0D4TP,AGT-35OZPMG5XY,Inbound Call,Phone,Producto,Producto,247.0,124.0,True,False,Neutral,0.13,mexican,colombian,False,,False,True
INT-NCBDINKFLSW5RE1R,2026-01-13 02:40:01,2026-01-12,CLI-WG2562SYS9MU,AGT-TNHZ3RSZAP,Chat,Web Chat,Transaccional,Transaccional,,,True,False,Neutral,-0.09,,,False,"PRD-VICG2XF2ONT9,PRD-VCXKJ1EWLA1C",True,False
INT-V5UFHGD3NFUMAFWK,2026-01-13 00:17:20,2026-01-12,CLI-PVBXO07S5FBG,AGT-ZVS0XWYET1,Inbound Call,Phone,Retención,Retención,488.0,27.0,False,True,Muy Negativo,-0.93,argentine,argentine,False,"PRD-40YSZ9M7PTGH,PRD-H9X2VV6PD92S,PRD-EHULTLCK0KVE",False,True
INT-MR819UDR471G9OTR,2026-01-12 23:56:04,2026-01-12,CLI-3CHK4TO7QWWY,AGT-ZKZMQJ4VSL,Inbound Call,Phone,Queja,Queja,239.0,96.0,False,True,Negativo,-0.54,mexican,mexican,False,,False,True
INT-PRG6JSA8S0EHXE7P,2026-01-13 02:02:41,2026-01-12,CLI-ULFJ30OJ2U4L,AGT-MOP8GEKGPL,Chat,App,Transaccional,Transaccional,,,False,True,Neutral,0.08,mexican,colombian,False,,False,False
INT-GJT0A2H8TKXQPDM1,2026-01-12 17:39:34,2026-01-12,CLI-HFUE2F080FTE,AGT-1283BYB67Y,Inbound Call,Phone,Producto,Producto,232.0,111.0,False,True,Neutral,0.13,colombian,colombian,False,PRD-XCCAMUXIEQ4B,False,True
INT-1MJKVDQ24LMG19D8,2026-01-12 12:38:45,2026-01-12,CLI-80JY7ZP4HCL8,AGT-Z1EG2FBXSK,Inbound Call,Phone,Producto,Producto,153.0,128.0,True,False,Neutral,-0.18,,,False,"PRD-XHCAYL1S8ON0,PRD-NXX8M6H6FLOP",False,True
INT-32WVS97L08FJRLQR,2026-01-13 04:54:32,2026-01-12,CLI-GUFGTHT9ROCZ,AGT-DXPI435GIT,Inbound Call,Phone,Retención,Retención,500.0,153.0,False,True,Positivo,0.49,argentine,mexican,False,,False,True
INT-UZFMNGTAUFKTZT5Y,2026-01-12 21:21:00,2026-01-12,CLI-Z1Z319H5XFU4,AGT-YXM23BG3PR,Inbound Call,Phone,Producto,Producto,143.0,91.0,False,True,Neutral,0.02,argentine,argentine,False,PRD-KIUZGW4A4Z3J,False,True
INT-53NFX4IDM23V8K1Z,2026-01-12 21:37:43,2026-01-12,CLI-RDDOEC1MNV9M,AGT-F46PV6WU87,Inbound Call,Phone,Transaccional,Transaccional,137.0,31.0,True,False,Neutral,0.07,colombian,colombian,False,,True,True
INT-IGPZF623F3QJJ72K,2026-01-13 07:58:28,2026-01-12,CLI-220N8XU8QS4G,AGT-5VXKVZOWR5,Outbound Call,Phone,Técnico,Técnico,222.0,,True,False,Negativo,-0.68,colombian,colombian,False,,True,True
INT-ETCD41BJZ2TBY5TJ,2026-01-12 19:07:49,2026-01-12,CLI-ZMRKLVIVROY2,AGT-K0O13JDQ01,Inbound Call,Phone,Técnico,Técnico,532.0,36.0,False,True,Neutral,0.26,,,False,"PRD-U4TJ81PY562H,PRD-GMM11V1CRC05,PRD-ARC6FUR2FI57",False,True
INT-ATWOU7NY8CF0R9RN,2026-01-13 06:42:15,2026-01-12,CLI-3N6JR3C1ZEBL,AGT-Q4SXP4EG6L,Outbound Call,Phone,Transaccional,Transaccional,178.0,,True,False,Neutral,0.22,mexican,mexican,False,,False,True
INT-L5A3KX4H5II0VL2X,2026-01-13 01:50:53,2026-01-12,CLI-3AMVRJUUZUHI,AGT-7HUT4X997D,Inbound Call,Phone,Queja,Queja,408.0,121.0,True,False,Neutral,-0.27,,,False,,False,True
INT-C4UY591AMK02ZWMI,2026-01-12 16:56:10,2026-01-12,CLI-ATC8KL27GNAB,AGT-MGX0DXFXS8,Inbound Call,Phone,Transaccional,Transaccional,240.0,166.0,True,False,Neutral,-0.23,mexican,mexican,False,,False,True
INT-QG461JORL50QPA1L,2026-01-12 17:36:41,2026-01-12,CLI-PEUUPTKTF5SO,AGT-5DKACXORKL,Inbound Call,Phone,Transaccional,Transaccional,144.0,39.0,True,True,Neutral,-0.14,,,True,"PRD-WHE6OSM3DE5M,PRD-DZEOJC4UO4I1,PRD-Y3FRBITWI2TA",False,True
INT-RSC59GY87Q0H1FVF,2026-01-12 08:44:03,2026-01-12,CLI-AFBYC5XA2X4J,AGT-8JD6LDRA82,Inbound Call,Phone,Producto,Producto,230.0,130.0,True,False,Neutral,-0.16,mexican,mexican,False,,False,True
INT-RVSNKUQ714UV0GGT,2026-01-13 04:35:41,2026-01-12,CLI-LSC4DXBSR1SI,AGT-B49GEGZZF1,Inbound Call,Phone,Transaccional,Transaccional,121.0,140.0,True,False,Neutral,-0.29,mexican,argentine,True,PRD-LO61CRFDKHNW,True,True
INT-5BBWN0HVCH4R5I8U,2026-01-13 06:25:22,2026-01-12,CLI-F3R9DX469NRD,AGT-T3NMEHRX3F,Inbound Call,Phone,Comercial,Comercial,490.0,23.0,False,True,Positivo,0.51,colombian,mexican,False,"PRD-UM1VP13BDI7A,PRD-AUHO1JWYSXP5",True,True
INT-XGHXYEQZ4P73ZX5C,2026-01-13 00:04:51,2026-01-12,CLI-IB5QGUEB3IYR,AGT-2QA9OU6KPZ,Inbound Call,Phone,Producto,Producto,242.0,79.0,True,False,Negativo,-0.64,colombian,colombian,False,PRD-BS3QUGALT0NY,True,True
INT-5MJEFM7KX3GPJR08,2026-01-13 01:01:13,2026-01-12,CLI-89NUGPCE274Y,AGT-P71DS5U8E5,Inbound Call,Phone,Queja,Queja,722.0,161.0,True,False,Negativo,-0.31,argentine,argentine,False,,False,True
INT-9PKWC080HXGVMB1X,2026-01-12 13:23:40,2026-01-12,CLI-E4S1OVRLOR3B,AGT-F7WFZ9B08B,Inbound Call,Phone,Producto,Producto,466.0,74.0,True,False,Neutral,0.14,argentine,argentine,False,PRD-QVA1YWJBS2J4,True,True
INT-I6LTOI5CZ4TUKYUB,2026-01-12 12:59:14,2026-01-12,CLI-L6SXZVU3MWRC,AGT-FLSNDXOHFN,Inbound Call,Phone,Técnico,Técnico,264.0,0.0,False,True,Positivo,0.64,mexican,colombian,False,PRD-0K0KAAAH973J,False,True
INT-PTOZQXUTQ16AR7SZ,2026-01-13 03:09:12,2026-01-12,CLI-I3ZDP1NBIIP7,AGT-DTKGR8AYST,Inbound Call,Phone,Producto,Producto,181.0,110.0,True,False,Neutral,0.04,colombian,colombian,False,"PRD-QGAUWJTJWWOD,PRD-35MU5TAOZH64,PRD-CCUE4YTA1DEM",True,True
INT-6ZZA0GBM3XBTZ6WB,2026-01-12 08:31:36,2026-01-12,CLI-6RKEKSGR5GYM,AGT-LAGZ46ORVS,Inbound Call,Phone,Técnico,Técnico,432.0,187.0,False,True,Negativo,-0.42,mexican,mexican,True,PRD-GYWJH98O8X71,False,True
INT-9SLNMOLUYVD2BG7Z,2026-01-12 15:26:19,2026-01-12,CLI-MNZH0PFXUPFG,AGT-VH1MSPB0E8,Inbound Call,Phone,Producto,Producto,313.0,154.0,True,False,Negativo,-0.47,colombian,mexican,False,"PRD-MXG39KWDC4NZ,PRD-TORUR6KA92GB,PRD-U556QR2YX2OA",False,True
INT-0GFPH3MNVTUX56AN,2026-01-12 09:45:15,2026-01-12,CLI-WBPP2UZOXY2A,AGT-ZVJM1G7IC2,Inbound Call,Phone,Producto,Producto,517.0,127.0,False,True,Neutral,-0.16,,,True,"PRD-XF3PRXH8XTEE,PRD-JOE1BZELEB8G",False,True
INT-AR4SBM5R27UHC3GL,2026-01-13 05:49:25,2026-01-12,CLI-UIFAQLPE6TK0,AGT-AAM9ILQP8J,Inbound Call,Phone,Producto,Producto,296.0,106.0,True,False,Neutral,0.07,,,False,,False,True
INT-BJZTIRIYDRB0FQ6N,2026-01-13 01:44:59,2026-01-12,CLI-ZE0BGBHW8TXS,AGT-0Q4Z4AE9P2,Inbound Call,Phone,Técnico,Técnico,261.0,250.0,False,True,Neutral,0.23,mexican,colombian,False,,True,True
INT-KW9BOP13ZZ1XF8MT,2026-01-12 22:19:47,2026-01-12,CLI-OG50MMZKVGS3,AGT-R3A802XCY2,Inbound Call,Phone,Producto,Producto,255.0,193.0,True,True,Neutral,-0.22,mexican,mexican,False,"PRD-AF1NSSEHJ0XS,PRD-LW4YOEYZYCHG,PRD-UQE7NM2TH1AA",False,True
INT-VTYTRRHFRS2UWP62,2026-01-12 16:19:02,2026-01-12,CLI-R3SVGTUFW6T3,AGT-RXRI3WGAQW,Inbound Call,Phone,Producto,Producto,151.0,181.0,True,True,Neutral,-0.29,argentine,argentine,False,"PRD-C5BIY6G4MZR1,PRD-5UKXF19AC89H,PRD-R4TKRDQ562NA",True,True
INT-EHRB8X0ATX2SIFGQ,2026-01-12 17:44:23,2026-01-12,CLI-IHYERU44HSIM,AGT-MV1S3NK1UZ,Email,Email,Transaccional,Transaccional,,,True,True,Neutral,0.29,colombian,colombian,False,,False,False
INT-MMP3Y0N8WFBOAOA5,2026-01-12 18:47:06,2026-01-12,CLI-BZANJAAOFKHR,AGT-H814HN4WBQ,Inbound Call,Phone,Transaccional,Transaccional,191.0,145.0,True,True,Neutral,-0.22,,,False,PRD-M9VI3JGP2C0M,False,True
INT-26C6A9MCRF05FGDN,2026-01-13 00:43:36,2026-01-12,CLI-R9M8N0KHVK71,AGT-AN9S4PD9YK,Inbound Call,Phone,Producto,Producto,309.0,109.0,True,False,Neutral,-0.21,,,False,,False,True
INT-0SG4M1N09RX9KWUS,2026-01-12 18:52:17,2026-01-12,CLI-Q6SDLYOY90TR,AGT-SRVYKVRU3O,Chat,App,Queja,Queja,,,False,True,Negativo,-0.34,mexican,mexican,False,,False,False
INT-MYX068R2LFZVIZSM,2026-01-13 05:15:26,2026-01-12,CLI-MNHK1JYZXO43,AGT-X4R33GB4CR,Inbound Call,Phone,Transaccional,Transaccional,171.0,223.0,True,False,Neutral,0.25,,,False,,True,True
INT-SJFBGCX96GLIO9CT,2026-01-12 09:05:27,2026-01-12,CLI-E6L8FMVY1CMO,AGT-6NK9TIEVN9,Inbound Call,Phone,Transaccional,Transaccional,518.0,35.0,True,False,Neutral,0.15,,,False,,False,True
INT-X1J9TADJF1GCY70Z,2026-01-12 12:37:14,2026-01-12,CLI-ECU55VNIWLYO,AGT-GR5JJJRL3O,Inbound Call,Phone,Transaccional,Transaccional,303.0,254.0,True,False,Neutral,0.18,,,False,PRD-LPH1I99DA2AZ,False,True
INT-XA35NWG174WAX11S,2026-01-13 01:10:55,2026-01-12,CLI-1MGUYW1Y8DYM,AGT-PIKPFEQPIH,Inbound Call,Phone,Queja,Queja,676.0,98.0,True,False,Negativo,-0.65,mexican,mexican,False,,False,True
INT-JAOCOJX9XT1HAB1F,2026-01-13 02:48:23,2026-01-12,CLI-6CWMB1V1N67J,AGT-GSM38P7MQL,Inbound Call,Phone,Queja,Queja,465.0,225.0,False,True,Muy Negativo,-0.87,colombian,colombian,False,,True,True
INT-A4W0787HZVBCTDGQ,2026-01-12 23:52:50,2026-01-12,CLI-BYQYJ48VLI60,AGT-785O4C5VDM,Chat,WhatsApp,Producto,Producto,,,True,False,Muy Negativo,-0.75,mexican,mexican,False,,False,False
INT-MTKIML5YDO6QJCGV,2026-01-12 19:51:22,2026-01-12,CLI-QU4HFRETCO5U,AGT-HSAKSDDKYK,Inbound Call,Phone,Transaccional,Transaccional,179.0,14.0,True,True,Neutral,-0.05,argentine,colombian,False,,False,True
INT-N128QFKMQ661O2SG,2026-01-12 17:31:53,2026-01-12,CLI-41UTRZNDOWBJ,AGT-G4ZXDWOS2S,Inbound Call,Phone,Producto,Producto,210.0,148.0,True,True,Negativo,-0.45,mexican,mexican,False,,False,True
INT-YF71ALFNTWVV5NF9,2026-01-12 08:41:16,2026-01-12,CLI-TA9LNNY0F2RI,AGT-W2NEJNXW3S,Inbound Call,Phone,Transaccional,Transaccional,91.0,120.0,True,False,Neutral,-0.1,mexican,mexican,False,,False,True
INT-4MKFTY3LYBRYBL2J,2026-01-12 11:02:13,2026-01-12,CLI-OH6F0BNDH06P,AGT-M8CHINA9AC,Inbound Call,Phone,Transaccional,Transaccional,173.0,131.0,True,False,Neutral,0.05,mexican,mexican,False,,True,True
INT-URFS4QEXT7L422RY,2026-01-13 03:36:07,2026-01-12,CLI-GK8U2K7G6R6L,AGT-POXBE49GFN,Outbound Call,Phone,Queja,Queja,427.0,,True,False,Negativo,-0.55,mexican,mexican,False,,True,True
INT-AMKNX7PZ44Y36BMW,2026-01-12 10:49:09,2026-01-12,CLI-4BPJO78V9XSP,AGT-JJY1EX95CQ,Email,Email,Retención,Retención,,,True,False,Neutral,-0.13,mexican,mexican,False,"PRD-72CRIOVI2IGJ,PRD-GL8WN0VLVM74",True,False
INT-SOVTP3V6KETYO54R,2026-01-13 07:44:28,2026-01-12,CLI-8QVCU1LRNUMF,AGT-HA58VTBBFQ,Inbound Call,Phone,Comercial,Comercial,500.0,52.0,False,True,Muy Positivo,0.99,,,False,"PRD-RE20QRTMKEPY,PRD-9WHI86LO8843,PRD-SZ2IR8WRYERB",True,True
INT-NOCR2OWXQJ6TI4Q8,2026-01-12 18:38:10,2026-01-12,CLI-XO3G1MFLV7ET,AGT-ZS742EP7U6,Inbound Call,Phone,Producto,Producto,268.0,172.0,True,True,Neutral,-0.26,colombian,colombian,False,"PRD-5HG09CZLF6YC,PRD-DUL2DDRXLXZG,PRD-00C80UW6PB6V",False,True
INT-FX79I759PPS71ZVU,2026-01-12 17:33:35,2026-01-12,CLI-38BIAMDZX0ZQ,AGT-RFSAWCKQ3R,Inbound Call,Phone,Queja,Queja,668.0,171.0,False,True,Negativo,-0.33,mexican,argentine,False,"PRD-RX0QQW1H7Q0N,PRD-OQZDKAQNHO0I,PRD-UFTW14J1P2O9",False,True
INT-HYZGMLJJTO09WM52,2026-01-12 11:58:47,2026-01-12,CLI-2F46K4HZERC9,AGT-UO6O5BGYNF,Outbound Call,Phone,Técnico,Técnico,244.0,,False,True,Neutral,-0.09,,,False,,True,True
INT-985PRLXPOEKXVBFY,2026-01-12 20:28:50,2026-01-12,CLI-VZT4SBKYOKYY,AGT-H814HN4WBQ,Inbound Call,Phone,Transaccional,Transaccional,37.0,41.0,True,False,Neutral,0.1,,,True,,True,True
INT-X0TZMO62J7J5UVUK,2026-01-12 21:30:14,2026-01-12,CLI-CUBFAK2G5QH7,AGT-ZZLDFFK5KX,Inbound Call,Phone,Transaccional,Transaccional,393.0,188.0,True,True,Neutral,0.14,mexican,mexican,True,"PRD-4BYN8EWSGR38,PRD-FBDMOPUHMK89",False,True
INT-7VNC61PHUVSUC2UM,2026-01-12 18:57:59,2026-01-12,CLI-BS2MWE4TFU3D,AGT-J639PQ85HC,Inbound Call,Phone,Transaccional,Transaccional,364.0,210.0,True,True,Neutral,0.2,argentine,argentine,True,PRD-QAO9GU6XPRTR,False,True
INT-8HP8B452DLXO6UEZ,2026-01-13 06:18:48,2026-01-12,CLI-708ZAA8DYT36,AGT-AAM9ILQP8J,Inbound Call,Phone,Producto,Producto,298.0,116.0,True,True,Muy Negativo,-0.96,,,False,"PRD-NPMMARZE7MN5,PRD-AJ601GV5H94S,PRD-CMPWP0OPECLN",True,True
INT-7CTVM5KNLQUP66SG,2026-01-12 15:12:38,2026-01-12,CLI-FX4RURYGDPHJ,AGT-Z32DMC1N4A,Inbound Call,Phone,Producto,Producto,264.0,148.0,True,False,Negativo,-0.35,mexican,mexican,False,"PRD-61RSHHXFNG0Z,PRD-KYAT7EJ7CFUZ",True,True
INT-S145F09IZHDKERPC,2026-01-13 06:44:09,2026-01-12,CLI-03UV6R2RS0DJ,AGT-I627O1XJ7T,Inbound Call,Phone,Transaccional,Transaccional,119.0,100.0,True,False,Neutral,-0.19,mexican,colombian,False,,False,True
INT-08WY1447LMI09ROD,2026-01-13 04:34:25,2026-01-12,CLI-896FPR6YIU9F,AGT-ZQ5QQ96EUM,Inbound Call,Phone,Queja,Queja,311.0,71.0,False,True,Muy Negativo,-0.92,mexican,mexican,False,"PRD-WH5W610C2DSG,PRD-WTBXFD8LSRPD,PRD-JGC3PPQ6I2G4",False,True
INT-VGGM8ZP1R2X6Q4D5,2026-01-13 03:19:32,2026-01-12,CLI-YPG47KOAM1MX,AGT-V5U9CYHX0U,Inbound Call,Phone,Transaccional,Transaccional,235.0,193.0,True,False,Neutral,-0.04,mexican,colombian,False,"PRD-3F7T4ZT6O3CX,PRD-VOOEE2GXCEHZ",False,True
INT-SVYQQI0X2FTC6M7Q,2026-01-12 08:32:05,2026-01-12,CLI-FHZV3VRT2KZI,AGT-E9ZVJ2OXIN,Outbound Call,Phone,Transaccional,Transaccional,155.0,,True,True,Neutral,-0.06,colombian,argentine,False,PRD-TM36HJHNKQL2,False,True
INT-BF0X38525PB53ECX,2026-01-12 14:02:36,2026-01-12,CLI-6CCERL9Z8TTF,AGT-YTNF7NSA1L,Inbound Call,Phone,Transaccional,Transaccional,113.0,170.0,False,True,Neutral,0.14,argentine,mexican,False,PRD-0IVX8BIALCZ7,False,True
INT-PYHS4R93F9BVJBUU,2026-01-13 06:22:50,2026-01-12,CLI-JBSQIAD1J9T2,AGT-SFTJNQ1CP3,Inbound Call,Phone,Transaccional,Transaccional,302.0,186.0,True,False,Neutral,0.21,colombian,colombian,True,PRD-GLFYNGOBZA1S,False,True
INT-3BZKFVVCIHL2A9IT,2026-01-12 11:25:30,2026-01-12,CLI-CXLGMJK5GRGC,AGT-Z1EG2FBXSK,Inbound Call,Phone,Queja,Queja,497.0,170.0,False,True,Negativo,-0.6,,,False,,False,True
INT-VKPH89W1UP6VROHI,2026-01-13 03:30:27,2026-01-12,CLI-WNTXVYQZKSRY,AGT-3D7OE6TIIB,Inbound Call,Phone,Técnico,Técnico,461.0,87.0,False,True,Positivo,0.36,colombian,colombian,False,,False,True
INT-1QIL6XMT3WFGW61U,2026-01-12 15:29:57,2026-01-12,CLI-ULX90PUFE49A,AGT-RE07DENY5A,Inbound Call,Phone,Transaccional,Transaccional,106.0,154.0,True,False,Neutral,0.19,,,False,"PRD-8YD6UV3T0S47,PRD-RAIUDP4IR18M",False,True
INT-SOY57EQPJNWIFI2N,2026-01-13 01:54:01,2026-01-12,CLI-BYCK7ITRO5HK,AGT-UU8LD3H21R,Outbound Call,Phone,Queja,Queja,394.0,,False,True,Neutral,0.02,mexican,argentine,False,,True,True
INT-YM34PL5QKSNC2HIQ,2026-01-12 20:10:53,2026-01-12,CLI-UC4TKTS7DH18,AGT-YLWHHOSM0W,Inbound Call,Phone,Transaccional,Transaccional,495.0,110.0,True,True,Neutral,-0.01,argentine,argentine,True,,False,True
INT-3YYJIERU7JGPGF7A,2026-01-12 17:23:13,2026-01-12,CLI-VAL727BAX4FR,AGT-QZGRW0TABQ,Inbound Call,Phone,Producto,Producto,427.0,81.0,True,False,Neutral,0.2,,,False,"PRD-ION8SHK8LGHR,PRD-KJUMKSY6S8G9,PRD-YMO80M6D2048",False,True
INT-N7AM7W72KBIJONF2,2026-01-12 18:07:43,2026-01-12,CLI-Q2J1ASJ6OAHC,AGT-V3V3K8X0W2,Inbound Call,Phone,Técnico,Técnico,315.0,200.0,True,False,Muy Negativo,-0.96,colombian,colombian,False,,True,True
INT-EFHD8V3D3I8WCXCQ,2026-01-12 14:12:23,2026-01-12,CLI-U17G1WGNPFHD,AGT-BTMN3HB2CB,Inbound Call,Phone,Producto,Producto,407.0,158.0,True,False,Neutral,-0.23,mexican,mexican,False,PRD-FA1RY9I8VX0L,True,True
INT-8SA437DX7VB03I16,2026-01-12 09:13:54,2026-01-12,CLI-VGZTD9I3LQ7K,AGT-4V4YDGZZ5H,Inbound Call,Phone,Producto,Producto,258.0,192.0,False,True,Muy Negativo,-0.96,,,False,PRD-WFBJVQSX1KUU,False,True
INT-AJ8HY4GEQ9U8VW5S,2026-01-12 17:24:31,2026-01-12,CLI-KWK7T4M5KN3M,AGT-DTKGR8AYST,Chat,App,Queja,Queja,,,False,True,Neutral,-0.26,colombian,colombian,False,,False,False
INT-Z8ATSN6QM1DTOGKE,2026-01-12 22:50:35,2026-01-12,CLI-5IOBXFGLKKXQ,AGT-K2ZF1JO9HT,Inbound Call,Phone,Transaccional,Transaccional,272.0,95.0,True,True,Neutral,-0.09,,,False,,True,True
INT-WX2KWIDZZG7LK44Z,2026-01-13 07:53:07,2026-01-12,CLI-DP5QCPV37PBK,AGT-XFS0SGZE95,Inbound Call,Phone,Técnico,Técnico,381.0,127.0,True,False,Negativo,-0.69,argentine,argentine,False,,False,True
INT-YJ37FVTVHNMEG5HF,2026-01-12 20:17:36,2026-01-12,CLI-QFNQ3ZUL93NC,AGT-HVLXTQA5YL,Inbound Call,Phone,Técnico,Técnico,292.0,0.0,True,False,Negativo,-0.41,colombian,colombian,False,"PRD-N5ZAUNXBHU1Q,PRD-DL2Y2H3D2VU4,PRD-2KDQ6212U96U",True,True
INT-DCJSULQPEDK7XEJ8,2026-01-12 12:23:03,2026-01-12,CLI-1CSE7Y8IU7QI,AGT-VCHYT34SD6,Chat,App,Producto,Producto,,,False,True,Negativo,-0.48,mexican,mexican,False,,False,False
INT-4U75RMA7KB5THD5P,2026-01-13 05:30:36,2026-01-12,CLI-YUQUZMMAASCU,AGT-4BISGJA4OM,Inbound Call,Phone,Queja,Queja,648.0,129.0,False,True,Positivo,0.36,,,False,,False,True
INT-F8DB618AEN7UD28X,2026-01-13 03:42:59,2026-01-12,CLI-T1KG514IL8Z1,AGT-U51WZ1NTS8,Outbound Call,Phone,Queja,Queja,431.0,,False,True,Muy Positivo,0.71,argentine,argentine,False,,False,True
INT-71WFDB6370986YUE,2026-01-13 05:11:15,2026-01-12,CLI-R5W6XATYNLXL,AGT-01T1LJ1M61,Inbound Call,Phone,Comercial,Comercial,552.0,137.0,True,False,Positivo,0.69,mexican,mexican,False,,False,True
INT-WIMS0QKFOO9MU6AK,2026-01-12 22:39:14,2026-01-12,CLI-SQ64LT2L64LU,AGT-7SUVBV3ET6,Inbound Call,Phone,Transaccional,Transaccional,173.0,159.0,True,False,Neutral,0.24,mexican,mexican,False,,False,True
INT-FSZRRDBKJVXMJ9Z8,2026-01-12 14:25:08,2026-01-12,CLI-HVLURQ097LY0,AGT-OK1RZJN2O9,Inbound Call,Phone,Producto,Producto,228.0,169.0,True,False,Muy Positivo,0.77,,,False,,True,True
INT-6BA5MNX6DIUPZVBX,2026-01-13 00:21:12,2026-01-12,CLI-RO2J6IU4DXZ5,AGT-ANQRQONI3V,Outbound Call,Phone,Producto,Producto,153.0,,True,False,Neutral,-0.21,argentine,argentine,False,,True,True
INT-AL2WWRTWQV38ZC48,2026-01-12 13:22:16,2026-01-12,CLI-T5EMVMZNRZRB,AGT-OE5G4M0EK0,Inbound Call,Phone,Queja,Queja,376.0,140.0,True,False,Positivo,0.63,mexican,mexican,False,,False,True
INT-VQ1RMLHRRJS05ELM,2026-01-12 19:05:40,2026-01-12,CLI-NE2YOYU4DZZ7,AGT-V9MAWPQ7HZ,Inbound Call,Phone,Queja,Queja,444.0,144.0,False,True,Muy Negativo,-0.97,colombian,mexican,False,,False,True
INT-GBXZHLV1FL9GNY20,2026-01-12 18:59:20,2026-01-12,CLI-6RQ385IL7FFV,AGT-4ZD726MTT0,Inbound Call,Phone,Producto,Producto,186.0,85.0,True,False,Neutral,0.23,,,False,,True,True
INT-FBY4BD2BX1QWHMHW,2026-01-12 14:49:18,2026-01-12,CLI-BXABV8513LKJ,AGT-8JD6LDRA82,Inbound Call,Phone,Queja,Queja,352.0,202.0,False,True,Positivo,0.41,colombian,colombian,False,"PRD-FBEZ4QMQ9R21,PRD-X2CL8NOOTYZ1,PRD-S6GZ6CYPMZE0",False,True
INT-D2MGE0OH9PTONYRE,2026-01-13 01:08:48,2026-01-12,CLI-8JDS2YPGAURA,AGT-XLUD39CV67,Inbound Call,Phone,Transaccional,Transaccional,196.0,96.0,True,False,Neutral,0.24,,,False,,False,True
INT-WDF94GOD0QMBEBYP,2026-01-12 22:23:18,2026-01-12,CLI-HEQ8DNMYX7S5,AGT-HEY1DFYU3O,Inbound Call,Phone,Producto,Producto,303.0,86.0,True,False,Neutral,-0.07,colombian,colombian,False,,False,True
INT-GY63PNN2M95ND3S4,2026-01-13 06:41:58,2026-01-12,CLI-BB3SGRSAFWFA,AGT-NZLT43UWA8,Email,Email,Transaccional,Transaccional,,,True,False,Neutral,0.27,mexican,argentine,False,PRD-QNHQTJWYJ2MQ,False,False
INT-ABFAYBR7E2P9VPWC,2026-01-12 21:18:41,2026-01-12,CLI-HDRFU0BDSWP1,AGT-RL5TXXUWF5,Outbound Call,Phone,Transaccional,Transaccional,439.0,,True,False,Neutral,-0.06,argentine,argentine,False,"PRD-714V4DESXD5V,PRD-9WF4LTJP5W0O",True,True
INT-GD8NNW74T4JE0EL8,2026-01-12 22:10:16,2026-01-12,CLI-9WCF6Q1FPGYK,AGT-MGX0DXFXS8,Outbound Call,Phone,Queja,Queja,486.0,,True,True,Positivo,0.68,,,False,PRD-Z9ODPA1C0GL9,False,True
INT-G19VOA2QN0N5CNA4,2026-01-13 01:26:56,2026-01-12,CLI-F9B8X9P4OJ07,AGT-GR5JJJRL3O,Chat,WhatsApp,Transaccional,Transaccional,,,True,False,Neutral,0.21,mexican,colombian,False,,True,False
INT-VR8ESKIXKSH0KAOH,2026-01-12 18:42:21,2026-01-12,CLI-Y6EAHSI5CEDY,AGT-MUGUW34H6Y,Inbound Call,Phone,Transaccional,Transaccional,178.0,161.0,True,False,Neutral,-0.24,,,False,,False,True
INT-V6SRPLP8YPAY2O1V,2026-01-12 10:21:53,2026-01-12,CLI-IG4YZPFGW7AT,AGT-RVAZ2ERIA8,Inbound Call,Phone,Retención,Retención,485.0,109.0,False,True,Neutral,0.15,mexican,mexican,False,,False,True
INT-T5V4IPNARNUNOVJ4,2026-01-13 07:26:57,2026-01-12,CLI-2O55L21QF45A,AGT-A7BR2H7CSS,Inbound Call,Phone,Transaccional,Transaccional,554.0,175.0,True,False,Neutral,0.3,,,True,,False,True
INT-XV5CD0PFF0H2V73M,2026-01-13 04:20:27,2026-01-12,CLI-GZEHVK167LAP,AGT-JZ4UT5EH9L,Inbound Call,Phone,Transaccional,Transaccional,193.0,116.0,True,False,Neutral,-0.27,colombian,colombian,False,PRD-NDTLCF6VDSCK,False,True
INT-83ZUM432IR989MVS,2026-01-12 23:47:53,2026-01-12,CLI-HQK054UM7ZCQ,AGT-HX94J4BGWF,Inbound Call,Phone,Producto,Producto,387.0,152.0,True,False,Neutral,-0.22,mexican,mexican,False,,False,True
INT-AJGL3WJDB358YMPD,2026-01-12 08:29:00,2026-01-12,CLI-1Y7O4VD5E2W2,AGT-QQATMOYOS3,Inbound Call,Phone,Comercial,Comercial,268.0,86.0,True,True,Neutral,-0.27,mexican,mexican,True,"PRD-3PT0XNCG5NS5,PRD-I2A8AWQ61EUF",False,True
INT-6VKUSHNM3LUP1VN6,2026-01-13 04:06:56,2026-01-12,CLI-DVDCMKU4FB35,AGT-83LR6Q5GXW,Inbound Call,Phone,Transaccional,Transaccional,175.0,21.0,True,False,Neutral,-0.21,colombian,argentine,False,"PRD-LUUKKXZET054,PRD-GCPHI1WBTELQ,PRD-QDV4PPF2EPXA",True,True
INT-KFFER3UFEDO6BQPD,2026-01-13 05:14:57,2026-01-12,CLI-YAM5ILZ8A40H,AGT-M8CHINA9AC,Chat,App,Producto,Producto,,,True,False,Positivo,0.6,argentine,argentine,True,"PRD-Q3QEUX1EQJBF,PRD-V5BUN99BS8OL,PRD-W6Z7EER4M7ET",False,False
INT-O3QY3NE7DKM4UWUR,2026-01-12 09:39:58,2026-01-12,CLI-0LHL6R1Y9WX1,AGT-3QQOA60CO9,Inbound Call,Phone,Producto,Producto,257.0,83.0,False,True,Positivo,0.5,mexican,argentine,False,,False,True
INT-VJIEXZPNW0KOGDV1,2026-01-12 20:37:26,2026-01-12,CLI-N39TDKY1VV7I,AGT-E76DUY8F1G,Chat,App,Técnico,Técnico,,,True,False,Negativo,-0.33,,,False,PRD-5X3KT7RGEOEM,False,False
INT-80L2A2GL62TZ9R93,2026-01-12 10:45:58,2026-01-12,CLI-PIOZ8VEPVSWM,AGT-OI77O05LDK,Inbound Call,Phone,Transaccional,Transaccional,118.0,18.0,False,True,Neutral,-0.07,mexican,colombian,True,,True,True
INT-INRDNCRGR9ZJWJ3A,2026-01-12 21:49:00,2026-01-12,CLI-V51MD3D34TIU,AGT-YETUBFGAV5,Inbound Call,Phone,Transaccional,Transaccional,207.0,142.0,True,False,Neutral,0.02,,,False,PRD-0XLGU55N77QD,False,True
INT-M9DLFN5AKNBI2CHL,2026-01-12 14:41:47,2026-01-12,CLI-ACDS3NV3PJPU,AGT-S7G5N2BGQY,Inbound Call,Phone,Transaccional,Transaccional,121.0,164.0,True,False,Neutral,-0.06,mexican,mexican,False,,False,True
INT-WFC6CRQJJUGUF0TX,2026-01-13 01:54:11,2026-01-12,CLI-MLCY1P6SLSRO,AGT-Y01RTJUOQJ,Inbound Call,Phone,Producto,Producto,369.0,132.0,True,False,Neutral,-0.26,colombian,mexican,False,,True,True
INT-BT1ENVHEZSZ1IW5I,2026-01-12 15:54:19,2026-01-12,CLI-8LPKNFH720DD,AGT-87J5AYCAB1,Inbound Call,Phone,Técnico,Técnico,379.0,48.0,True,False,Muy Negativo,-0.79,mexican,mexican,False,"PRD-YE8IMFXLJ31J,PRD-931AXOJTQHF3",False,True
INT-8IH55YNBENOY5VJH,2026-01-12 14:03:56,2026-01-12,CLI-ZKLM6YBB2BZP,AGT-6RJU5Z1O8U,Outbound Call,Phone,Comercial,Comercial,601.0,,False,True,Negativo,-0.34,mexican,mexican,False,,False,True
INT-EA1OC6XQC1UUDZPD,2026-01-12 22:44:17,2026-01-12,CLI-P333X6FMWOI4,AGT-BEAXRRXLFP,Inbound Call,Phone,Transaccional,Transaccional,167.0,4.0,True,False,Neutral,-0.2,colombian,argentine,True,,True,True
INT-UCP2K6QABADCELAL,2026-01-13 00:20:13,2026-01-12,CLI-7TF451XF8JCF,AGT-J65U3Y7UPF,Inbound Call,Phone,Comercial,Comercial,625.0,67.0,True,False,Negativo,-0.41,argentine,mexican,False,"PRD-JKVKX7777I4U,PRD-BR7K7LYCQDPF",True,True
INT-CHQ3TKBMD4OPFVZY,2026-01-12 15:16:54,2026-01-12,CLI-6ZS7YHNV447J,AGT-VH1MSPB0E8,Chat,WhatsApp,Producto,Producto,,,True,False,Muy Positivo,0.79,,,False,"PRD-AGJVZ4I9UI1K,PRD-A4EQGYOA2X82,PRD-I5DEYRVJIX5V",False,False
INT-7TSVMP5O0SCSC5U0,2026-01-12 11:33:07,2026-01-12,CLI-QDCIH0AZ4UOT,AGT-FKCTSOFRV8,Inbound Call,Phone,Queja,Queja,331.0,24.0,False,True,Neutral,0.11,,,False,,False,True
INT-NVG22WYE4A3X7AOS,2026-01-13 01:28:03,2026-01-12,CLI-74NXLSW8A71Y,AGT-KE2SZIG08B,Inbound Call,Phone,Técnico,Técnico,577.0,96.0,True,True,Negativo,-0.65,,,False,"PRD-FNPSXHHKYZ3U,PRD-G0I3P9HHUASH,PRD-JT8QKMNL129U",False,True
INT-J3YEO48TWKQDMNHA,2026-01-12 12:07:55,2026-01-12,CLI-6ADE1SHCZ1WE,AGT-KFVMJV5MAS,Outbound Call,Phone,Queja,Queja,535.0,,False,True,Negativo,-0.49,mexican,mexican,False,,False,True
INT-XM4HBMIBS2EP72FZ,2026-01-13 00:01:26,2026-01-12,CLI-AYW1GG3UIKNO,AGT-KV4EE4USMU,Inbound Call,Phone,Transaccional,Transaccional,163.0,220.0,True,False,Neutral,-0.27,mexican,mexican,False,,True,True
INT-F2E9LGI9VD2SPV7H,2026-01-12 23:31:35,2026-01-12,CLI-8R7NDGTY3VIE,AGT-DTAYXVOKPJ,Chat,App,Producto,Producto,,,True,True,Neutral,-0.09,,,False,,False,False
INT-J16PSZSIC7RDS7H5,2026-01-13 02:26:37,2026-01-12,CLI-URRT965OYHAV,AGT-MKZIRVRLBZ,Email,Email,Transaccional,Transaccional,,,True,False,Neutral,0.09,,,False,PRD-ABWKP7KN55BO,True,False
INT-1CWA3XSYPEJUDBAY,2026-01-12 15:56:48,2026-01-12,CLI-1WJ45UK1TQUS,AGT-T0RCZNZEMA,Inbound Call,Phone,Transaccional,Transaccional,277.0,137.0,True,False,Neutral,0.23,,,False,,False,True
INT-JSYULJ2HWDRVGQUW,2026-01-13 06:06:19,2026-01-12,CLI-ZL9W96WUZZBX,AGT-XODIBGCD8U,Outbound Call,Phone,Técnico,Técnico,299.0,,False,True,Neutral,-0.12,,,False,,True,True
INT-WZ0YIOJLHEJYRQHU,2026-01-12 19:33:31,2026-01-12,CLI-VMFEXOL8J9A2,AGT-SFTJNQ1CP3,Inbound Call,Phone,Transaccional,Transaccional,201.0,210.0,True,True,Neutral,0.28,,,True,"PRD-9SFYG27Q9DTF,PRD-6A15IQHAHF8Z,PRD-KILDOCTIXLAH",False,True
INT-PJCC5E3UBFQT3GFS,2026-01-12 17:15:20,2026-01-12,CLI-A3NRRF47OJXF,AGT-BSQ85EHHBB,Inbound Call,Phone,Comercial,Comercial,844.0,89.0,True,False,Neutral,0.06,mexican,argentine,False,"PRD-Z25IRWPB6OMG,PRD-G0725F32DOTP,PRD-MW2Q2SFOL12U",False,True
INT-ABRVPABU20AM6FLX,2026-01-12 13:13:32,2026-01-12,CLI-3VD3T1RFMR9O,AGT-A8FKJXIIEG,Inbound Call,Phone,Producto,Producto,202.0,127.0,True,False,Negativo,-0.31,mexican,mexican,False,"PRD-BT6GNF5LJA5Z,PRD-OREE2WALXQ51,PRD-EZ52XO38TXVN",False,True
INT-TOTR366IK0PTMQRO,2026-01-13 00:16:24,2026-01-12,CLI-C4JUYBR440PH,AGT-0O9BVZZ68Z,Outbound Call,Phone,Producto,Producto,352.0,,True,False,Neutral,-0.18,,,False,,False,True
INT-T0CLPNRVLR0439SS,2026-01-13 02:46:58,2026-01-12,CLI-YN0LNI5IW5FY,AGT-TSMQUDNLVQ,Outbound Call,Phone,Producto,Producto,212.0,,False,True,Positivo,0.44,colombian,colombian,False,PRD-LTXX27SM250E,False,True
INT-WOGU5RYD81JZAVY3,2026-01-12 09:18:15,2026-01-12,CLI-A41OIEX34XTP,AGT-M7MKWO7LMD,Inbound Call,Phone,Transaccional,Transaccional,347.0,182.0,True,False,Neutral,-0.02,argentine,argentine,False,PRD-2Y175MO5CZWV,False,True
INT-1FQURLVGO0O5LCEC,2026-01-12 11:51:04,2026-01-12,CLI-1SOQN19UAXZ4,AGT-CWR8ILK22F,Inbound Call,Phone,Queja,Queja,536.0,150.0,False,True,Positivo,0.69,colombian,colombian,False,,True,True
INT-0CO9QIJ7STSB1U9I,2026-01-13 06:45:55,2026-01-12,CLI-HG1AWNT0UZU8,AGT-NQ6WIG9OWH,Outbound Call,Phone,Técnico,Técnico,206.0,,False,True,Negativo,-0.51,,,False,,False,True
INT-A2BLE2NPGYP4ILPV,2026-01-13 02:43:28,2026-01-12,CLI-IQQB3LVK6CFA,AGT-34TVYJH4ZG,Inbound Call,Phone,Queja,Queja,340.0,187.0,True,False,Muy Positivo,0.73,,,False,PRD-DU2SKHB1F2FU,True,True
INT-JLINH13T5SHEEXBT,2026-01-13 06:24:25,2026-01-12,CLI-QVU0Q2OQE01S,AGT-020055Q6ET,Inbound Call,Phone,Transaccional,Transaccional,156.0,140.0,True,True,Neutral,0.08,mexican,argentine,False,PRD-NHE7EY9KTTES,False,True
INT-4LR4KMQ8NZA1J4AN,2026-01-13 00:14:11,2026-01-12,CLI-ZTMTUF6QJ5LV,AGT-R8G56XJJDR,Inbound Call,Phone,Producto,Producto,282.0,152.0,True,False,Neutral,0.15,,,False,PRD-CDHMRGX7DHKD,False,True
INT-PO3BNKKD9Z1D1UPK,2026-01-12 22:36:04,2026-01-12,CLI-HUOVVYBRKCSX,AGT-S4C0O1TFL0,Inbound Call,Phone,Técnico,Técnico,215.0,166.0,True,False,Positivo,0.56,,,False,,False,True
INT-H2MHVK12BT2C2FP1,2026-01-13 07:14:58,2026-01-12,CLI-BLE6KE84DS67,AGT-QS0490AK15,Inbound Call,Phone,Comercial,Comercial,294.0,132.0,True,False,Neutral,-0.23,argentine,argentine,False,,False,True
INT-PP6LTP7NXW3X8TXC,2026-01-12 11:02:38,2026-01-12,CLI-XQGK0Y7Q36KJ,AGT-GBHL3XZPKH,Inbound Call,Phone,Comercial,Comercial,383.0,5.0,True,False,Muy Negativo,-0.76,mexican,mexican,False,PRD-4WGY4HFVTTU2,False,True
INT-ZO2TENADTAKIL01M,2026-01-13 01:45:23,2026-01-12,CLI-YKJFWU0QU9RG,AGT-KJJSUXEQ6N,Inbound Call,Phone,Transaccional,Transaccional,161.0,12.0,False,True,Neutral,-0.1,mexican,mexican,False,,False,True
INT-8KRCBMBN0HE14WR8,2026-01-13 02:03:28,2026-01-12,CLI-7QDNJM86JJEW,AGT-G5GWLCT1OU,Inbound Call,Phone,Producto,Producto,236.0,87.0,True,False,Neutral,0.28,mexican,mexican,False,PRD-0I24KRZYV653,False,True
INT-TR16726N2376EUZX,2026-01-12 23:27:19,2026-01-12,CLI-OJSG755RKHUU,AGT-XN0ST1JQ9M,Inbound Call,Phone,Producto,Producto,321.0,82.0,True,False,Neutral,0.06,mexican,argentine,False,,True,True
INT-DU8GKOH7ECWTO3I5,2026-01-12 15:17:44,2026-01-12,CLI-MEW7YSLQWTZO,AGT-MV4RR3NAKS,Inbound Call,Phone,Producto,Producto,257.0,89.0,True,False,Neutral,0.15,mexican,mexican,False,"PRD-ENHLDLXWJW5C,PRD-OJVD3LVQOWGM",True,True
INT-EKTOG222C179A24I,2026-01-12 22:04:36,2026-01-12,CLI-LUXD3PC5R8YR,AGT-PMTS32C7KD,Inbound Call,Phone,Comercial,Comercial,740.0,68.0,False,True,Muy Negativo,-0.78,mexican,mexican,False,,False,True
INT-RXYYVKT6BQ26GG8U,2026-01-13 03:24:20,2026-01-12,CLI-BTV544SPR262,AGT-INOBA0VR4Q,Chat,App,Comercial,Comercial,,,False,True,Positivo,0.54,,,False,,False,False
INT-R0FFK0XX5DNJNNVC,2026-01-13 04:55:25,2026-01-12,CLI-Y61I6D32DBPX,AGT-RRH6ONQMMX,Email,Email,Queja,Queja,,,True,False,Neutral,0.27,argentine,argentine,False,,False,False
INT-TD1V3ZCY2EHIVK8E,2026-01-12 17:21:20,2026-01-12,CLI-SXMCYF44MRCS,AGT-71SU0OSLVY,Outbound Call,Phone,Transaccional,Transaccional,199.0,,True,False,Neutral,-0.06,argentine,argentine,False,PRD-QZT469C9NRMQ,False,True
INT-NFPLGDT4UO8ACXKT,2026-01-12 15:05:07,2026-01-12,CLI-CVREV3VNDTND,AGT-YKT9RW2X8X,Inbound Call,Phone,Queja,Queja,308.0,159.0,False,True,Neutral,-0.15,mexican,mexican,False,PRD-T8IVPZ0VFOV6,False,True
INT-OYKMS50XSCZPGW88,2026-01-12 16:19:33,2026-01-12,CLI-IBDFYZ3ZO28N,AGT-GY37ZFJ5DC,Chat,Web Chat,Comercial,Comercial,,,True,True,Positivo,0.4,,,True,,False,False
INT-7GL5NEOCMWM4U9DN,2026-01-12 12:18:47,2026-01-12,CLI-W8034AC8UI63,AGT-9WEMMV5AD9,Chat,WhatsApp,Técnico,Técnico,,,False,True,Neutral,-0.22,mexican,mexican,False,"PRD-Z2WX0C5CJO7E,PRD-CNZSN1RLWADX,PRD-DNZ26Z4ZMCBT",False,False
INT-7QTXE3E6SZ41GXTK,2026-01-12 14:47:45,2026-01-12,CLI-WAGINDM51T1G,AGT-7CQYEF4L7J,Inbound Call,Phone,Queja,Queja,280.0,122.0,True,False,Positivo,0.66,mexican,mexican,False,"PRD-S7BHC4DD4JY2,PRD-LI7PCRXWLNMH,PRD-S68BWZKEE9QI",False,True
INT-UPSQ1UXHTA8PGYGL,2026-01-12 19:45:10,2026-01-12,CLI-OD2XOQN57G44,AGT-5ZON0CZXOE,Inbound Call,Phone,Queja,Queja,417.0,132.0,False,True,Positivo,0.38,,,False,,False,True
INT-507A4S6JOGBOTRPK,2026-01-12 16:07:58,2026-01-12,CLI-5I0NXWNGZRY6,AGT-TKG71FXFEZ,Inbound Call,Phone,Transaccional,Transaccional,123.0,55.0,True,False,Neutral,0.01,,,False,"PRD-SW4SCYIYSXV2,PRD-N0ATTWX56EKI,PRD-8K7ILJB0B2TF",False,True
INT-T3FQZRY3C34M06F8,2026-01-12 17:41:10,2026-01-12,CLI-A8V5LPDVCEKA,AGT-ZGEFMIKG5G,Outbound Call,Phone,Comercial,Comercial,501.0,,True,True,Neutral,0.19,colombian,colombian,False,,True,True
INT-KWGWHRQJ0O5NZJPA,2026-01-12 08:11:35,2026-01-12,CLI-P3UNJUOC6A7Q,AGT-QFOUTLLR71,Inbound Call,Phone,Producto,Producto,371.0,117.0,True,False,Neutral,0.2,,,False,PRD-KUOP44DVPLB8,False,True
INT-FW4YLADV9E6PD675,2026-01-12 10:31:15,2026-01-12,CLI-BPLVDBKAWDOX,AGT-ZF4Q739XEZ,Inbound Call,Phone,Producto,Producto,102.0,150.0,True,False,Neutral,-0.13,,,False,,False,True
INT-4LYFA9O2U7SAIDEV,2026-01-13 07:33:31,2026-01-12,CLI-FE0G63FFFEQP,AGT-WJMHSLTJ60,Inbound Call,Phone,Comercial,Comercial,416.0,163.0,False,True,Muy Negativo,-0.8,mexican,mexican,False,"PRD-TE9E05NB55VK,PRD-MXHI1B5ZCU2X,PRD-ERWMHRYI9YE6",False,True
INT-PBP9QQ6KQSTPKV01,2026-01-12 18:04:12,2026-01-12,CLI-CD6PCQZ4XZW6,AGT-GT2O5MFVMB,Outbound Call,Phone,Queja,Queja,426.0,,True,False,Muy Positivo,0.76,mexican,colombian,False,,False,True
INT-EC6KDWSQ9K95PBAZ,2026-01-13 00:38:44,2026-01-12,CLI-P8X4PNQ1HGZJ,AGT-LTX82QBP86,Inbound Call,Phone,Técnico,Técnico,377.0,168.0,True,True,Muy Positivo,0.93,mexican,mexican,False,,False,True
INT-USUDWADWW8GU7UYV,2026-01-12 17:09:23,2026-01-12,CLI-D7DVWF0M1EUS,AGT-5UL7ZJRT6U,Inbound Call,Phone,Producto,Producto,221.0,177.0,True,False,Negativo,-0.49,argentine,argentine,False,,False,True
INT-UV84ATUGW9BB6ZTS,2026-01-12 17:07:59,2026-01-12,CLI-7LIR5SU89N9P,AGT-0XMA3F473C,Inbound Call,Phone,Producto,Producto,181.0,60.0,True,True,Negativo,-0.67,,,False,"PRD-WNBD553F1S4C,PRD-FS3FDZ9BLCA3,PRD-WNRFLPZAYPF0",False,True
INT-1CA88MO9SRK2NRGA,2026-01-12 16:37:03,2026-01-12,CLI-XZCANHG4PTAY,AGT-MCGNTSXO28,Inbound Call,Phone,Queja,Queja,483.0,105.0,False,True,Negativo,-0.32,mexican,mexican,False,,False,True
INT-80SIG1IOMSMF952P,2026-01-13 04:47:52,2026-01-12,CLI-J3YTNOZ9U9QJ,AGT-S2ST06ZN2V,Outbound Call,Phone,Transaccional,Transaccional,281.0,,True,False,Neutral,-0.23,colombian,mexican,False,"PRD-ELKRF7YI6VGY,PRD-F1U8Q3YO3ILK",True,True
INT-1WHHBWTYBGCL78S4,2026-01-12 16:33:14,2026-01-12,CLI-5LS1L0M8CF9K,AGT-0SK7J9FAUM,Inbound Call,Phone,Queja,Queja,267.0,256.0,False,True,Neutral,-0.11,argentine,argentine,True,"PRD-NU6F2Y717WYC,PRD-AGSY90NUTAOP,PRD-3S3BNMVRV05O",False,True
INT-AFZTX78YGRI8NC2J,2026-01-12 18:21:50,2026-01-12,CLI-CC8AQA8VCPED,AGT-PDS7BE8A8L,Outbound Call,Phone,Queja,Queja,495.0,,False,True,Muy Positivo,0.72,,,False,"PRD-K0XWAF2BDODB,PRD-XUMTRDTRN4ZW,PRD-AF0QA4AEYH86",False,True
INT-PYV1HOVDPQ0YCNQW,2026-01-12 12:21:06,2026-01-12,CLI-JV4PG28B7TMC,AGT-3JXWWT2USN,Chat,App,Queja,Queja,,,True,False,Negativo,-0.63,,,True,,False,False
INT-LZQK0L3Z79ZDGN96,2026-01-13 06:21:42,2026-01-12,CLI-EVJZX6AU8H2K,AGT-5CXS2WPVJF,Inbound Call,Phone,Transaccional,Transaccional,238.0,119.0,True,False,Neutral,-0.27,mexican,mexican,False,"PRD-6FL4ZMC5VZNG,PRD-LPHCJ4J4S5D6",False,True
INT-E5Z1FPHNVLCFVOW5,2026-01-12 18:54:15,2026-01-12,CLI-GPEN72N7XZ4A,AGT-592VGF7W61,Inbound Call,Phone,Queja,Queja,300.0,100.0,True,True,Neutral,-0.11,,,False,"PRD-3Z88KQ4FQIMQ,PRD-QD6X8N7SCHVX,PRD-UGFJSIKF2G3G",False,True
INT-MD98BBLEJL8VCD2X,2026-01-12 17:36:53,2026-01-12,CLI-R8JEOX5URKDL,AGT-L0V4XUS6HH,Inbound Call,Phone,Producto,Producto,246.0,127.0,False,True,Neutral,-0.12,,,False,"PRD-31UIQXT2GN92,PRD-XKAC3C15G791,PRD-H6Y54EP4OP9D",False,True
INT-VYWMNIJM0XYPDI5Y,2026-01-12 15:01:38,2026-01-12,CLI-HIRSHV3FVF4R,AGT-20ERALB37F,Outbound Call,Phone,Técnico,Técnico,311.0,,True,False,Negativo,-0.35,mexican,mexican,False,,False,True
INT-VLECYONUPSJ4O647,2026-01-12 11:08:44,2026-01-12,CLI-HS5JAPVYY2U9,AGT-Y8O10JEBE3,Inbound Call,Phone,Transaccional,Transaccional,261.0,140.0,True,False,Neutral,0.14,mexican,mexican,False,,True,True
INT-RWQTWGV3FSXCNAC6,2026-01-12 12:23:52,2026-01-12,CLI-VUDU7A7LE3GM,AGT-ZRQW0ATSEE,Chat,WhatsApp,Transaccional,Transaccional,,,True,False,Neutral,0.14,,,False,,True,False
INT-BOO2O3KLC2JXFGI7,2026-01-12 12:22:16,2026-01-12,CLI-QJ4PMA3FAC6V,AGT-UV811V1O91,Outbound Call,Phone,Queja,Queja,465.0,,True,False,Negativo,-0.53,colombian,colombian,False,,False,True
INT-N7PYPLCVWHPBQV7F,2026-01-13 06:44:04,2026-01-12,CLI-UNGT91S7UJIR,AGT-3MU2T4LM27,Inbound Call,Phone,Transaccional,Transaccional,372.0,128.0,True,False,Neutral,0.25,mexican,mexican,False,,False,True
INT-D90H5B52BYEXKBGH,2026-01-12 10:36:18,2026-01-12,CLI-ZYC8EVVHHXLY,AGT-FKUWKRVKJI,Inbound Call,Phone,Queja,Queja,527.0,180.0,True,False,Muy Positivo,0.79,colombian,colombian,False,"PRD-2JOPFEX84NM8,PRD-CBB0HKBIEXL6,PRD-63G7Q425O7NL",True,True
INT-UOD6O7TBWLJDH6KY,2026-01-12 23:34:52,2026-01-12,CLI-91BEAH6WTNOE,AGT-DVVBAZK0MM,Inbound Call,Phone,Queja,Queja,283.0,58.0,False,True,Muy Positivo,0.77,mexican,argentine,False,,False,True
INT-CME6ONPBB1H0S8VD,2026-01-12 15:24:29,2026-01-12,CLI-JZEDICE3WII3,AGT-A603XNUYMP,Inbound Call,Phone,Producto,Producto,196.0,200.0,True,False,Positivo,0.35,mexican,mexican,True,,False,True
INT-NX84V2G3RYPT5PUG,2026-01-13 07:12:45,2026-01-12,CLI-R489B31ENH66,AGT-54VUKA8638,Email,Email,Transaccional,Transaccional,,,True,False,Neutral,0.05,,,False,,False,False
INT-QK7YP4LQZA21EUQ3,2026-01-12 20:56:27,2026-01-12,CLI-DKMUVSV2YKB4,AGT-GDP9DDIZFP,Inbound Call,Phone,Retención,Retención,577.0,168.0,True,True,Muy Negativo,-0.84,mexican,mexican,False,"PRD-PTLJIO0QFI9C,PRD-FIP8STF8NMGM,PRD-W1CIY4TI0NFH",False,True
INT-UHBQEU31Y78Q1ETG,2026-01-13 02:42:43,2026-01-12,CLI-VG3XH27NUBRD,AGT-RUM2D9N4DH,Inbound Call,Phone,Transaccional,Transaccional,85.0,72.0,True,False,Neutral,0.07,colombian,colombian,False,,False,True
INT-JP10OU0FHSBF66GR,2026-01-12 13:49:40,2026-01-12,CLI-CA8RTRMUI9QI,AGT-DXPI435GIT,Inbound Call,Phone,Transaccional,Transaccional,184.0,39.0,True,False,Neutral,-0.26,mexican,mexican,False,,False,True
INT-4T4QTQNUJ58HVQ8E,2026-01-12 22:43:36,2026-01-12,CLI-KG28X9CP9VAR,AGT-XN0ST1JQ9M,Inbound Call,Phone,Producto,Producto,218.0,106.0,True,False,Neutral,0.27,argentine,argentine,False,,True,True
INT-TAKTXI1HMVY0DS4F,2026-01-12 17:49:49,2026-01-12,CLI-DJ3IN7ARY27K,AGT-7UKL3VB0OR,Inbound Call,Phone,Producto,Producto,312.0,137.0,True,False,Positivo,0.55,,,False,PRD-MDTF2B4V30C4,False,True
INT-I6RPWM6QFNXYAORO,2026-01-13 02:58:28,2026-01-12,CLI-HUMHD8BW40PQ,AGT-2ZICSG59FS,Outbound Call,Phone,Transaccional,Transaccional,183.0,,True,True,Neutral,-0.22,colombian,colombian,False,,False,True
INT-KC69HY18AW7GT9WE,2026-01-12 11:55:56,2026-01-12,CLI-N01EV9991T3U,AGT-6TVY644961,Inbound Call,Phone,Transaccional,Transaccional,188.0,72.0,True,False,Neutral,0.1,colombian,colombian,False,,True,True
INT-EKNOC18ER9HGKL5Q,2026-01-12 17:31:10,2026-01-12,CLI-KBC4DBX7BCE9,AGT-7STCFNILU3,Inbound Call,Phone,Queja,Queja,317.0,94.0,False,True,Muy Negativo,-0.87,,,False,,False,True
INT-SYKI5FT0IOZP1DVG,2026-01-13 04:02:03,2026-01-12,CLI-BPH0M685LMZQ,AGT-O48SLVX738,Outbound Call,Phone,Comercial,Comercial,466.0,,True,False,Neutral,0.03,,,False,"PRD-1UZBE1784JM6,PRD-TRXHUJIPQFHE,PRD-HR7NK3YXD4X9",False,True
INT-J1B9AB53V47UCFSH,2026-01-12 13:16:32,2026-01-12,CLI-EMYIKGF2SMLX,AGT-I7AE42K1E3,Outbound Call,Phone,Producto,Producto,253.0,,True,False,Negativo,-0.6,,,False,,False,True
INT-0OHH4UKVS5QHDCNF,2026-01-12 22:10:26,2026-01-12,CLI-2WWPBRPAQFLB,AGT-ZRQW0ATSEE,Inbound Call,Phone,Queja,Queja,558.0,84.0,True,True,Neutral,-0.14,argentine,argentine,False,"PRD-MA4YPCGXIA9A,PRD-A2Y83RM3NG3D",True,True
INT-1T1277OYFRWGX8UZ,2026-01-12 19:54:38,2026-01-12,CLI-74AI04XE98OZ,AGT-23RRHYZ3YU,Inbound Call,Phone,Técnico,Técnico,596.0,49.0,True,False,Muy Negativo,-0.98,mexican,mexican,False,,True,True
INT-0H6A4GAMCLZ5WCH6,2026-01-13 02:43:08,2026-01-12,CLI-H3X4JPNO81GX,AGT-V879G2OOFG,Chat,WhatsApp,Producto,Producto,,,False,True,Positivo,0.39,,,False,"PRD-NHN0TRO0J31E,PRD-PNYIU13E09UL",False,False
INT-MGQVXHFQD44306RS,2026-01-12 19:34:57,2026-01-12,CLI-5X13UUETHH6N,AGT-7YEN4DGX91,Outbound Call,Phone,Transaccional,Transaccional,206.0,,True,True,Neutral,-0.03,mexican,mexican,False,"PRD-1XABBICO2PZB,PRD-TXM2AA4F681M,PRD-USN9BSE70P26",False,True
INT-QJG6LP2NYMJIWGRT,2026-01-12 13:09:31,2026-01-12,CLI-AMSJNYUWSVNQ,AGT-KJJSUXEQ6N,Chat,App,Transaccional,Transaccional,,,True,False,Neutral,-0.04,colombian,colombian,False,,False,False
INT-2FTIENOF68Q2L9Q1,2026-01-12 18:19:35,2026-01-12,CLI-389FKHYH6DI2,AGT-9PZ6W3LDGU,Inbound Call,Phone,Transaccional,Transaccional,111.0,60.0,True,True,Neutral,-0.06,argentine,argentine,False,PRD-K98CWT8KJ0IA,False,True
INT-ZK0EBP7YZB2G54PG,2026-01-12 09:02:53,2026-01-12,CLI-NZIVGXEGCSX6,AGT-R03JWT0EJ6,Outbound Call,Phone,Queja,Queja,448.0,,False,True,Neutral,-0.07,mexican,argentine,True,,False,True
INT-3ALYWZM8DXR3AET8,2026-01-13 03:34:33,2026-01-12,CLI-O2DJHZCCPYHK,AGT-R8G56XJJDR,Inbound Call,Phone,Producto,Producto,283.0,61.0,True,False,Neutral,0.15,mexican,mexican,False,"PRD-5QYHLZHML5XD,PRD-IPH21NP7R47H,PRD-2FBSFT964DQK",False,True
INT-21EEFCSNP2IT1I1L,2026-01-12 09:36:02,2026-01-12,CLI-DVA4RYN0LIY4,AGT-459G86OLPM,Inbound Call,Phone,Transaccional,Transaccional,127.0,102.0,True,False,Neutral,-0.22,colombian,mexican,False,,False,True
INT-ZPYDH9V6OGR4255X,2026-01-12 21:35:38,2026-01-12,CLI-C4TK2A0SF2SA,AGT-EKYTTPV65Q,Inbound Call,Phone,Producto,Producto,256.0,80.0,True,False,Neutral,0.27,,,False,"PRD-6T50C9ICSH7N,PRD-WAYEWNFW0CAT,PRD-X7K0F9MAVX3W",False,True
INT-WJSYYX4OR964I2XY,2026-01-12 15:57:51,2026-01-12,CLI-XWYPV1K72WFJ,AGT-PC5ULV8S9U,Inbound Call,Phone,Técnico,Técnico,210.0,23.0,False,True,Neutral,-0.16,mexican,mexican,False,,False,True
INT-YWH7P1IG9G2KLJ2H,2026-01-12 14:33:55,2026-01-12,CLI-OV99KQTINYYQ,AGT-DU4UVAV6TT,Inbound Call,Phone,Producto,Producto,408.0,201.0,True,False,Neutral,-0.05,argentine,argentine,False,PRD-XZPHSCZ05VOQ,False,True
INT-YDIVORNHBQDU5YR1,2026-01-12 10:00:46,2026-01-12,CLI-XKQX2VW8PZKJ,AGT-P3D79O30AU,Inbound Call,Phone,Transaccional,Transaccional,71.0,193.0,True,False,Neutral,0.1,colombian,colombian,False,,False,True
INT-LZ3JL90V3MI4IBKO,2026-01-13 05:56:11,2026-01-12,CLI-P9LPKUVS1ZU5,AGT-07DM6KZ1Y8,Outbound Call,Phone,Producto,Producto,324.0,,True,False,Neutral,-0.2,colombian,colombian,False,,False,True
INT-3NSH57SEYXSBJJGY,2026-01-12 10:30:18,2026-01-12,CLI-600R1WFCLGX7,AGT-45G96QSKR6,Inbound Call,Phone,Transaccional,Transaccional,303.0,216.0,True,False,Neutral,-0.18,mexican,mexican,False,"PRD-78HLS6B19OVF,PRD-N24ZDJXV622V",False,True
INT-0QYUC5FHGMUGYJSQ,2026-01-12 19:27:00,2026-01-12,CLI-JXRX483NHT4W,AGT-D823QIGFPO,Inbound Call,Phone,Producto,Producto,86.0,156.0,True,False,Muy Negativo,-0.96,mexican,colombian,False,,True,True
INT-19CL8OYL5XDAYBNV,2026-01-13 03:59:49,2026-01-12,CLI-81D92025B829,AGT-9Q63425XXI,Outbound Call,Phone,Producto,Producto,149.0,,True,False,Muy Positivo,0.84,mexican,argentine,False,"PRD-664QIINFAQA1,PRD-92WJWV6V04GH,PRD-I97G7Y26GVAY",True,True
INT-X62BE0YWZNF1TV1T,2026-01-12 10:59:45,2026-01-12,CLI-699PJW1ZWTTZ,AGT-LHW2K7HV3X,Inbound Call,Phone,Producto,Producto,211.0,120.0,True,False,Negativo,-0.52,mexican,mexican,False,,False,True
INT-NU0HJQ88R82UBS9K,2026-01-13 02:00:04,2026-01-12,CLI-TWV1FWR7RLBP,AGT-W5MIABMIYE,Inbound Call,Phone,Técnico,Técnico,448.0,170.0,True,False,Muy Positivo,0.77,mexican,mexican,False,PRD-2IMNRYSL4XXF,False,True
INT-5ZHIRKCH0IHZTC2G,2026-01-12 15:15:45,2026-01-12,CLI-UZQUQIA9N8AM,AGT-M261ILATNY,Outbound Call,Phone,Técnico,Técnico,492.0,,True,False,Positivo,0.62,,,False,,True,True
INT-OVD4BJCPOK90VT7W,2026-01-13 02:45:24,2026-01-12,CLI-QVDT7P2N1E42,AGT-UUSZMROO8J,Outbound Call,Phone,Producto,Producto,285.0,,True,False,Neutral,-0.27,,,True,"PRD-3EXFLJ459SAX,PRD-YTDRGEZKKTRQ",False,True
INT-EJ9XUVC8MS4FAJDB,2026-01-12 08:02:08,2026-01-12,CLI-400RDNX5GZVK,AGT-9ES2CNB4EJ,Inbound Call,Phone,Técnico,Técnico,452.0,118.0,False,True,Muy Positivo,0.83,,,False,"PRD-6E6CZ06WZX65,PRD-8GVSB52LMVD3,PRD-6SMUJMXOHO7H",False,True
INT-LZ5LD6HT9OQB1YPA,2026-01-12 14:35:03,2026-01-12,CLI-GN5PZX5LQ4WE,AGT-O5RS2730K1,Inbound Call,Phone,Transaccional,Transaccional,218.0,135.0,True,False,Neutral,0.27,mexican,colombian,False,,False,True
INT-WJGGJH2HPZ4UW8CO,2026-01-12 23:59:19,2026-01-12,CLI-OWQGGUMON82B,AGT-OOEUK3E94D,Inbound Call,Phone,Técnico,Técnico,453.0,0.0,True,False,Negativo,-0.41,colombian,mexican,False,,False,True
INT-B9AG5DEZPT9P9HM5,2026-01-12 21:06:19,2026-01-12,CLI-LOF9KHDX16QP,AGT-O48SLVX738,Video,Web,Transaccional,Transaccional,245.0,,True,False,Neutral,-0.14,argentine,argentine,False,"PRD-K8LVCS41KVL3,PRD-18TS4XHZ32J2",False,True
INT-YMTGNE07MF2MY21A,2026-01-12 12:21:17,2026-01-12,CLI-NSZLFK7FEOYC,AGT-AX80P6GQZV,Chat,App,Técnico,Técnico,,,True,True,Neutral,-0.22,mexican,mexican,False,,False,False
INT-CV72D4RJLGOCXZAZ,2026-01-12 18:02:22,2026-01-12,CLI-GJPMSWYKPA3A,AGT-MKZIRVRLBZ,Inbound Call,Phone,Transaccional,Transaccional,124.0,230.0,True,True,Neutral,0.1,,,False,PRD-NX94FFBANLGC,False,True
INT-SKWOZ68KRCU00CK1,2026-01-12 13:24:49,2026-01-12,CLI-N1391HMAVXWE,AGT-MG70CMDJPJ,Inbound Call,Phone,Queja,Queja,454.0,111.0,True,False,Positivo,0.48,mexican,mexican,False,,False,True
INT-MXIX40OCPOZELMM9,2026-01-12 10:06:06,2026-01-12,CLI-HTEE60LW2R3V,AGT-JNY9R22CQM,Inbound Call,Phone,Comercial,Comercial,458.0,156.0,True,False,Negativo,-0.58,argentine,argentine,False,,False,True
INT-HUV53I6YUL8BVQ5U,2026-01-12 14:48:14,2026-01-12,CLI-CA0YMGYD6CEG,AGT-9M45XHR1BB,Outbound Call,Phone,Transaccional,Transaccional,85.0,,True,False,Neutral,-0.14,mexican,mexican,False,,False,True
INT-TJZSH7TZ1A7TAOSJ,2026-01-12 08:54:48,2026-01-12,CLI-C6L3DX0TZINQ,AGT-P76IVQDP9K,Outbound Call,Phone,Queja,Queja,592.0,,True,True,Neutral,0.1,mexican,argentine,False,,True,True
INT-YPLE5X71KZ6GBJA2,2026-01-12 11:18:01,2026-01-12,CLI-TOZBU0XAN6GM,AGT-GY37ZFJ5DC,Outbound Call,Phone,Transaccional,Transaccional,181.0,,True,True,Neutral,-0.11,,,False,,False,True
INT-W3NB4YMKVYYWK3L2,2026-01-12 09:52:05,2026-01-12,CLI-E7ZM05HLW2XX,AGT-3OW146SSUR,Outbound Call,Phone,Producto,Producto,236.0,,False,True,Neutral,0.19,,,False,,False,True
INT-Q5ZX9MLGQE2510Q3,2026-01-12 12:30:08,2026-01-12,CLI-YG0L33N1J10U,AGT-FRAJBL87DS,Outbound Call,Phone,Producto,Producto,230.0,,True,False,Positivo,0.63,mexican,mexican,False,"PRD-UI2JR1FGW9LS,PRD-AT6UBWN2S2ZT,PRD-61H0VZXDGTDP",False,True
INT-YDBNPGWOYRP5VMVW,2026-01-12 17:06:21,2026-01-12,CLI-0RI4WQU53O66,AGT-AV2TPW9VGR,Inbound Call,Phone,Queja,Queja,370.0,71.0,True,False,Negativo,-0.52,,,False,,False,True
INT-VC9YAKHFALCPAAF2,2026-01-12 17:53:59,2026-01-12,CLI-YLL7PYIJ6UK5,AGT-HHL6C35P9E,Outbound Call,Phone,Producto,Producto,246.0,,True,False,Neutral,-0.21,colombian,colombian,False,"PRD-8YHO2P46PDBR,PRD-J91MQ8GT274G",False,True
INT-DSAR82LEI2ZEQL0U,2026-01-12 19:00:50,2026-01-12,CLI-QR9XDC58XGVE,AGT-Y4PTRJW4HG,Inbound Call,Phone,Comercial,Comercial,542.0,189.0,False,True,Negativo,-0.68,mexican,mexican,False,PRD-RIGKY5CI2NLS,False,True
INT-2ILJJWWD3YIHC85F,2026-01-12 21:54:50,2026-01-12,CLI-MZGKRNYJDSXN,AGT-DTKGR8AYST,Inbound Call,Phone,Producto,Producto,191.0,65.0,True,False,Neutral,-0.06,,,False,,False,True
INT-SKXUODECE49C3S85,2026-01-12 08:45:40,2026-01-12,CLI-74X8U50ZWYUW,AGT-W8EI0WIZH2,Inbound Call,Phone,Queja,Queja,422.0,120.0,False,True,Neutral,-0.12,,,False,,False,True
INT-UZ210ZA7UTZ4IBLW,2026-01-12 19:59:53,2026-01-12,CLI-YD8XGNJJU6QJ,AGT-DBEGJGWYVE,Inbound Call,Phone,Retención,Retención,352.0,187.0,False,True,Positivo,0.4,mexican,mexican,False,,False,True
INT-F9CAMYOVLKHYLPNB,2026-01-12 15:42:56,2026-01-12,CLI-DZL5VW3ER9X1,AGT-4WZQ2M1A4U,Inbound Call,Phone,Técnico,Técnico,355.0,120.0,True,False,Negativo,-0.68,argentine,argentine,False,,True,True
INT-PFGBYWPUHZ006OG1,2026-01-13 07:01:52,2026-01-12,CLI-FXLPSYE8VWQ9,AGT-R34ROKZW06,Inbound Call,Phone,Transaccional,Transaccional,246.0,186.0,False,True,Neutral,0.01,argentine,colombian,False,"PRD-QLW1FLGFH8QA,PRD-1GSK5N6DXPXO",False,True
INT-R9R7582WUW37M0LV,2026-01-12 19:11:23,2026-01-12,CLI-0JHFZHT9XX4L,AGT-NBIE6M8191,Inbound Call,Phone,Transaccional,Transaccional,162.0,107.0,True,False,Neutral,0.29,colombian,mexican,False,,False,True
INT-IH5YS1YP5L3UEZE6,2026-01-12 13:03:11,2026-01-12,CLI-AX3SS0KKKH4J,AGT-PC5ULV8S9U,Inbound Call,Phone,Técnico,Técnico,461.0,227.0,False,True,Negativo,-0.36,argentine,argentine,False,,True,True
INT-STDQW60RYTJVTELP,2026-01-12 15:20:19,2026-01-12,CLI-KZ6TECB4717Q,AGT-S4C0O1TFL0,Inbound Call,Phone,Transaccional,Transaccional,191.0,73.0,True,False,Neutral,0.2,mexican,mexican,True,,False,True
INT-MFT4LZMYWIMIZDK4,2026-01-12 12:21:48,2026-01-12,CLI-1GDA77KI5XUK,AGT-F9WI50IQUB,Inbound Call,Phone,Transaccional,Transaccional,144.0,133.0,True,False,Neutral,0.0,colombian,colombian,True,,True,True
INT-KK5IT2X12K01O61V,2026-01-12 12:04:05,2026-01-12,CLI-LSKZHGWYPQAE,AGT-9XK11HDKY2,Inbound Call,Phone,Producto,Producto,213.0,51.0,True,False,Neutral,0.09,,,False,,False,True
INT-9XMRLL6PU4VD1Y9F,2026-01-13 00:31:14,2026-01-12,CLI-251742CFLJVS,AGT-TNHZ3RSZAP,Inbound Call,Phone,Queja,Queja,690.0,59.0,True,False,Neutral,-0.03,mexican,mexican,False,,False,True
INT-YXF25M2I30978TX3,2026-01-13 01:11:52,2026-01-12,CLI-JI13VUOYGODL,AGT-EDV4G21PUV,Inbound Call,Phone,Transaccional,Transaccional,187.0,225.0,True,False,Neutral,0.23,colombian,argentine,False,,False,True
INT-IW41HXZCQBG8FT84,2026-01-12 18:57:56,2026-01-12,CLI-Q6MLVG3V99UR,AGT-5U01K5M1K2,Inbound Call,Phone,Transaccional,Transaccional,102.0,180.0,True,False,Neutral,0.07,,,False,"PRD-OXE43LT40IBU,PRD-736N9GR4BFSJ",True,True
INT-GOA3R4MBDUST3QPB,2026-01-12 10:47:46,2026-01-12,CLI-N0G0J3KW29EM,AGT-23RRHYZ3YU,Outbound Call,Phone,Comercial,Comercial,343.0,,True,False,Muy Negativo,-0.93,mexican,mexican,False,"PRD-QTA1NX0LUKDJ,PRD-QUHMOOLOHDRX,PRD-66ZDBQXV7HZ2",False,True
INT-BKC8TKFBS6N3L2SL,2026-01-12 16:01:10,2026-01-12,CLI-5VO2SGZAFQB2,AGT-ZZGWYHJ86X,Outbound Call,Phone,Producto,Producto,244.0,,True,False,Neutral,-0.28,mexican,mexican,False,,False,True
INT-C2KJL5YDN4WR01XH,2026-01-13 03:05:13,2026-01-12,CLI-67IB8TN34R54,AGT-7PA84MWEHW,Inbound Call,Phone,Transaccional,Transaccional,350.0,131.0,True,False,Neutral,-0.24,argentine,argentine,False,"PRD-XOIQSDVFL3UY,PRD-OE02J3P8P71J",False,True
INT-61OMUS7X5S04QCVR,2026-01-12 10:38:44,2026-01-12,CLI-D1XR0YEL10M0,AGT-4Q1DSUDT97,Inbound Call,Phone,Producto,Producto,264.0,90.0,True,False,Neutral,-0.01,mexican,colombian,False,,False,True
INT-Y5FXA5LJEHBGU6DN,2026-01-13 01:16:02,2026-01-12,CLI-1O0FDEX7KQWQ,AGT-XFS0SGZE95,Inbound Call,Phone,Transaccional,Transaccional,274.0,42.0,True,False,Neutral,0.09,,,False,"PRD-2GZAOXLVPQJL,PRD-IIAF0ETVMIYG",False,True
INT-4T26SUO5RRJ9IJDA,2026-01-12 09:22:31,2026-01-12,CLI-80CDFCAZPYFU,AGT-I7AE42K1E3,Inbound Call,Phone,Comercial,Comercial,436.0,135.0,True,False,Negativo,-0.54,mexican,mexican,False,PRD-ESCFAP4F7CLO,False,True
INT-RUGHWD9ILWGPW9ZR,2026-01-12 23:48:40,2026-01-12,CLI-5J3YYWLZW3SO,AGT-IN5R647MZH,Inbound Call,Phone,Producto,Producto,234.0,47.0,True,False,Muy Positivo,0.73,,,False,"PRD-RZTYXZ6U4585,PRD-Y55TTFDXCPPJ,PRD-CMDJFTM1H8VG",False,True
INT-9QV6V0YCXBB2N9YO,2026-01-12 20:32:18,2026-01-12,CLI-DM1G7R8V10KU,AGT-A7BR2H7CSS,Inbound Call,Phone,Transaccional,Transaccional,181.0,70.0,True,False,Neutral,0.21,colombian,colombian,False,,False,True
INT-QUCJO0MU2917LGTR,2026-01-12 12:46:14,2026-01-12,CLI-ZBOME3BEFKZQ,AGT-NN9QB41DVS,Inbound Call,Phone,Queja,Queja,388.0,177.0,True,False,Neutral,-0.01,mexican,colombian,False,"PRD-0V07H4D6A2IA,PRD-CMLD8K2IZ8JY",False,True
INT-0CD6Z9XMXOIDWVFG,2026-01-12 23:46:55,2026-01-12,CLI-IAS6AV6NGZS1,AGT-AD4M9HXT2A,Video,Web,Producto,Producto,267.0,,True,False,Positivo,0.32,colombian,colombian,False,,True,True
INT-0PPCNM3NFS9NWFXX,2026-01-12 16:05:04,2026-01-12,CLI-K9SFE0TP7JLW,AGT-94TSJ4VNVT,Inbound Call,Phone,Producto,Producto,236.0,164.0,True,False,Negativo,-0.34,,,False,,False,True
INT-DE1QU8NN408VVUXP,2026-01-13 04:54:57,2026-01-12,CLI-C6BKNGV0Y3GV,AGT-ECV5AJ8IMB,Outbound Call,Phone,Transaccional,Transaccional,233.0,,True,False,Neutral,0.15,mexican,mexican,False,,False,True
INT-K6XOJ0KLM53XWAYK,2026-01-13 04:08:20,2026-01-12,CLI-KU05R35JXSIV,AGT-AY5LPIBFMB,Inbound Call,Phone,Transaccional,Transaccional,225.0,120.0,True,False,Neutral,-0.04,,,False,"PRD-SEVPEJW19Y2Z,PRD-IEZTMD92AMQU,PRD-4OBX4DR3BA98",False,True
INT-SY16VMEQ1S0OT1LZ,2026-01-13 03:29:29,2026-01-12,CLI-RG85Z6FE2UWC,AGT-UPO580RUGH,Outbound Call,Phone,Transaccional,Transaccional,258.0,,True,False,Neutral,-0.04,colombian,colombian,True,"PRD-DZ9GRMUHSXME,PRD-5V13R3107CJL,PRD-8M82HND284EN",False,True
INT-2L0P8QM3V3RMFFQT,2026-01-12 19:09:33,2026-01-12,CLI-RO3OY2I69ETU,AGT-AD4M9HXT2A,Inbound Call,Phone,Técnico,Técnico,320.0,122.0,True,False,Muy Negativo,-0.84,mexican,mexican,False,"PRD-X1ASHLEMU3JS,PRD-N4I1J2Z1YS16",False,True
INT-OMJYPY2U5X7TLC5L,2026-01-12 17:21:06,2026-01-12,CLI-Z1P8IRWCVI5Z,AGT-4ZD726MTT0,Inbound Call,Phone,Queja,Queja,268.0,125.0,True,False,Positivo,0.34,,,False,,False,True
INT-EV3J0LOYRJJOHIWI,2026-01-12 13:30:37,2026-01-12,CLI-49PZ86RSB1RH,AGT-BEKYT6UXHH,Inbound Call,Phone,Producto,Producto,328.0,135.0,False,True,Positivo,0.33,mexican,mexican,False,PRD-QKQC99O3HRUB,True,True
INT-3VZKCUFC3B9P5LZ1,2026-01-12 10:34:15,2026-01-12,CLI-E96Q4QDKWDFX,AGT-NANM3Y8BT5,Inbound Call,Phone,Producto,Producto,145.0,154.0,True,False,Negativo,-0.7,colombian,colombian,False,"PRD-2864ZJOWCWCV,PRD-H84N00RO0D7M,PRD-D3MFOKUFI4AC",True,True
INT-OP8HULYUCCXP8AZM,2026-01-12 22:50:42,2026-01-12,CLI-5SGJGWV7C6HI,AGT-W2DEB9GVSM,Outbound Call,Phone,Producto,Producto,313.0,,True,False,Neutral,-0.19,,,False,"PRD-1UF9ZHLJD1RR,PRD-9MMSS46G4GBF",False,True
INT-K874R2N161BNJPMC,2026-01-12 12:31:47,2026-01-12,CLI-RBA1SGLATNYN,AGT-NIV1UCW44H,Inbound Call,Phone,Comercial,Comercial,522.0,123.0,True,False,Neutral,0.21,,,False,,True,True
INT-R9BXKXLSBAV89Y44,2026-01-12 09:00:30,2026-01-12,CLI-FOLVO8L6S3HW,AGT-FDLM1Q1ROE,Inbound Call,Phone,Producto,Producto,202.0,94.0,True,False,Neutral,-0.17,mexican,mexican,True,,False,True
INT-F6K6GXPII87ONM38,2026-01-13 05:46:39,2026-01-12,CLI-46OBONZUN8UI,AGT-4IHMG1WJMD,Inbound Call,Phone,Retención,Retención,759.0,128.0,True,False,Neutral,0.04,mexican,mexican,False,"PRD-X8EAJ5NSH8OZ,PRD-RESMVOACR3E0",False,True
INT-3MLOUXP2KDSPJPNH,2026-01-13 01:30:32,2026-01-12,CLI-TT18B2EHQPHJ,AGT-E7F95ZYZZ5,Email,Email,Transaccional,Transaccional,,,True,False,Neutral,-0.12,mexican,mexican,False,"PRD-YYW7O06K7ZX8,PRD-FKE1A8M4RKSW,PRD-L1F9YSAURTS6",True,False
INT-BHGAZC8U35QX44QL,2026-01-13 06:40:42,2026-01-12,CLI-WG5YI1ZFCKHN,AGT-EKYTTPV65Q,Chat,App,Producto,Producto,,,True,False,Muy Negativo,-0.95,,,False,PRD-ES41YX9OW384,True,False
INT-XDV6XJUU7EQKAQ19,2026-01-13 00:03:34,2026-01-12,CLI-5FWKZQLLFWIE,AGT-I94LJIR7DW,Inbound Call,Phone,Transaccional,Transaccional,244.0,194.0,False,True,Neutral,0.3,,,False,,False,True
INT-XC0SP24J4TZ6DOZF,2026-01-13 04:38:49,2026-01-12,CLI-WPQSJ85FRJUO,AGT-F7WFZ9B08B,Chat,WhatsApp,Transaccional,Transaccional,,,True,False,Neutral,-0.18,mexican,mexican,True,,False,False
INT-HUIZATI8F9ZU1PXM,2026-01-13 06:57:44,2026-01-12,CLI-I6U5VOWGRZZ4,AGT-LTK3BMH5BL,Outbound Call,Phone,Transaccional,Transaccional,271.0,,True,True,Neutral,-0.01,mexican,mexican,False,,False,True
INT-CKKYY1E9JBVY5474,2026-01-12 18:23:04,2026-01-12,CLI-457E67QJEB07,AGT-INOBA0VR4Q,Outbound Call,Phone,Producto,Producto,530.0,,True,False,Neutral,0.27,mexican,mexican,False,,True,True
INT-V1S1KGY330Q2XK1Z,2026-01-13 06:53:15,2026-01-12,CLI-XSGCADV0NWQC,AGT-RQYFERL0UI,Inbound Call,Phone,Queja,Queja,506.0,167.0,False,True,Neutral,-0.24,,,False,,True,True
INT-N70XCVO40RV1JM6H,2026-01-12 23:35:39,2026-01-12,CLI-L9NEJC4N5TSL,AGT-FDYIW6O3N8,Email,Email,Transaccional,Transaccional,,,True,False,Neutral,0.1,mexican,colombian,False,"PRD-8SV8MRHV0TVM,PRD-E3YQUJP7E4V7,PRD-AXLXF9RIW4UR",False,False
INT-EM88K0HTLC2IE2JA,2026-01-13 03:41:43,2026-01-12,CLI-TUP1E9YTW6G4,AGT-XODIBGCD8U,Inbound Call,Phone,Comercial,Comercial,512.0,68.0,False,True,Positivo,0.51,,,False,,False,True
INT-ON3UP42VSU6LXEON,2026-01-12 23:46:02,2026-01-12,CLI-P582UP22JA2R,AGT-TNHZ3RSZAP,Outbound Call,Phone,Producto,Producto,311.0,,False,True,Neutral,0.28,,,False,,False,True
INT-L5CEQF8466K8GBMY,2026-01-12 11:31:06,2026-01-12,CLI-9B7R2DG4O42D,AGT-4VH0KX1M7P,Inbound Call,Phone,Queja,Queja,518.0,0.0,True,False,Positivo,0.52,mexican,mexican,False,PRD-0PPZJQA8Q3FV,True,True
INT-173ABVRSU9200FIW,2026-01-13 00:56:08,2026-01-12,CLI-BBMOAK8E19MR,AGT-UKNCM0RXY5,Inbound Call,Phone,Transaccional,Transaccional,190.0,100.0,True,False,Neutral,0.26,colombian,argentine,False,PRD-5PH6TE5VYU97,True,True
INT-PTVOE3GZVAD4K8EO,2026-01-12 20:30:04,2026-01-12,CLI-7S7L70C21RP0,AGT-Y5XAVCJL64,Outbound Call,Phone,Transaccional,Transaccional,211.0,,True,False,Neutral,-0.26,,,False,"PRD-5Z0OS1IUGYL5,PRD-82G3TTHL3WBO,PRD-1C4UMQJ2B0Q9",True,True
INT-GH0OV8VKNRCNRTZ2,2026-01-12 22:20:51,2026-01-12,CLI-KU10WC4ZH16Q,AGT-FDD67YH842,Inbound Call,Phone,Producto,Producto,328.0,173.0,True,False,Negativo,-0.66,,,False,,True,True
INT-X75QT077RXN0RLF9,2026-01-12 13:10:41,2026-01-12,CLI-LBM7FWA5M8V7,AGT-HWATBOOPXF,Inbound Call,Phone,Producto,Producto,121.0,174.0,True,False,Negativo,-0.39,mexican,mexican,False,,False,True
INT-PBV6BMUV18MEA53S,2026-01-13 00:59:50,2026-01-12,CLI-VCIUBSTRQC4R,AGT-IAQDBO398N,Inbound Call,Phone,Transaccional,Transaccional,118.0,132.0,True,True,Neutral,-0.23,mexican,mexican,False,,False,True
INT-BU0KJRXI2EZU8QF8,2026-01-12 15:27:49,2026-01-12,CLI-RL4BL8LMEAGV,AGT-5FYIMNGMBG,Inbound Call,Phone,Transaccional,Transaccional,231.0,20.0,True,False,Neutral,0.07,,,False,,True,True
INT-68GP3B1YUXHI382B,2026-01-12 19:42:15,2026-01-12,CLI-5RP1FD269166,AGT-3B0N077NAM,Chat,App,Técnico,Técnico,,,False,True,Negativo,-0.55,mexican,mexican,False,,False,False
INT-DODYEVTDQCC3ZU85,2026-01-12 12:06:53,2026-01-12,CLI-ZFZCK0O9JNZW,AGT-265NTQ02ZF,Inbound Call,Phone,Técnico,Técnico,215.0,30.0,True,False,Positivo,0.38,mexican,mexican,False,,True,True
INT-498EEUDMWV0ZYUNE,2026-01-13 00:38:36,2026-01-12,CLI-W7DGRI6AUGYJ,AGT-09L5Z8WQAS,Email,Email,Producto,Producto,,,True,False,Neutral,0.2,colombian,mexican,False,"PRD-D1V3VGQBR4SY,PRD-F5C8YDUONO16,PRD-26ZVGNZQ7PEJ",False,False
INT-WAIWMWEJQGGZ1W2Q,2026-01-13 02:56:19,2026-01-12,CLI-93HL69UGJWC1,AGT-9W2W01V6JD,Inbound Call,Phone,Producto,Producto,453.0,106.0,True,False,Neutral,-0.12,colombian,argentine,False,,True,True
INT-UUKP996EJ9MN1V8S,2026-01-12 13:03:54,2026-01-12,CLI-PV65CNIM12EM,AGT-4IHMG1WJMD,Inbound Call,Phone,Transaccional,Transaccional,241.0,184.0,True,False,Neutral,0.21,,,False,,False,True
INT-8B5UMMZ7CZS7KLZW,2026-01-13 01:08:41,2026-01-12,CLI-K0DWD6T37OGU,AGT-5TL2B7ELKV,Inbound Call,Phone,Queja,Queja,470.0,86.0,False,True,Negativo,-0.33,colombian,mexican,False,,False,True
INT-BSAAS6TEQ0XM6N3Y,2026-01-12 09:42:55,2026-01-12,CLI-NNXGIMVCXSTJ,AGT-G5GWLCT1OU,Inbound Call,Phone,Transaccional,Transaccional,188.0,146.0,True,False,Neutral,0.25,mexican,argentine,False,"PRD-4E10HPTO9DJ9,PRD-JM2XPWO2SBFY,PRD-D887LACIJQHW",False,True
INT-VN51DR1K7T9AY5VV,2026-01-13 04:32:39,2026-01-12,CLI-YMCEKPP2SMHZ,AGT-PW8EIJKP76,Inbound Call,Phone,Transaccional,Transaccional,150.0,89.0,True,False,Neutral,-0.19,,,False,,False,True
INT-6K36RLTKJMJ1GMNO,2026-01-12 20:53:10,2026-01-12,CLI-2NCEQ4AGECFS,AGT-A05F2N434U,Chat,WhatsApp,Producto,Producto,,,True,False,Neutral,0.03,mexican,mexican,False,,False,False
INT-CRDH6DNR5PSRPNBY,2026-01-13 07:47:20,2026-01-12,CLI-7P1HCGYP3XU5,AGT-81HI9ENVQV,Email,Email,Técnico,Técnico,,,True,False,Neutral,0.07,,,False,,False,False
INT-MMF0GMLBJUGH7FTC,2026-01-12 13:40:34,2026-01-12,CLI-RKGWI66CDB2X,AGT-5H5YZZE5FL,Outbound Call,Phone,Técnico,Técnico,541.0,,True,False,Negativo,-0.63,mexican,mexican,False,"PRD-X73UAH9PPQKO,PRD-ZEY4D49Y7BVD",False,True
INT-MUYZRKJ1QT1HGT0B,2026-01-12 18:44:31,2026-01-12,CLI-4G072ABNLD3T,AGT-ZAL4032JRP,Outbound Call,Phone,Transaccional,Transaccional,84.0,,True,False,Neutral,-0.27,,,False,,False,True
INT-Q59P0ASDQSN0JLMK,2026-01-12 17:30:57,2026-01-12,CLI-DCY75TU2WDS5,AGT-CJHWID6B7W,Inbound Call,Phone,Transaccional,Transaccional,161.0,11.0,True,False,Neutral,-0.28,,,False,,False,True
INT-3J2Q998QCTZZKZLM,2026-01-13 00:49:57,2026-01-12,CLI-MDVM7XV0C4H0,AGT-DTKGR8AYST,Outbound Call,Phone,Comercial,Comercial,507.0,,True,False,Neutral,0.02,mexican,mexican,False,PRD-B22I11VXCR0V,False,True
INT-9SFWS28FI9VKEMQN,2026-01-13 02:46:25,2026-01-12,CLI-COK9BQOC07JE,AGT-BSQ85EHHBB,Outbound Call,Phone,Comercial,Comercial,260.0,,False,True,Neutral,-0.25,,,False,,False,True
INT-F4PDWUBMQS0QWSVF,2026-01-12 08:38:06,2026-01-12,CLI-GHL8X2QCCZE9,AGT-PW8EIJKP76,Chat,WhatsApp,Producto,Producto,,,True,True,Negativo,-0.54,colombian,colombian,False,,False,False
INT-PJGQ3U373OA9013U,2026-01-12 17:52:18,2026-01-12,CLI-VNBFTWAV0R6H,AGT-838PIT9Q4L,Inbound Call,Phone,Transaccional,Transaccional,233.0,49.0,True,False,Neutral,-0.26,colombian,colombian,True,,False,True
INT-C54VPNXDRK8U6FR9,2026-01-12 18:40:00,2026-01-12,CLI-C9EAVVLR6FQ7,AGT-GL138CSY0G,Inbound Call,Phone,Producto,Producto,393.0,141.0,True,False,Neutral,0.02,colombian,mexican,False,"PRD-X3GRHMSRCUP3,PRD-RBRNMQTHD7AI,PRD-GSXFGK3LUA81",False,True
INT-N6JQE4EWBGBSMSXL,2026-01-13 04:26:11,2026-01-12,CLI-IQRMD5HDFZKI,AGT-1JJ2DET54K,Chat,WhatsApp,Transaccional,Transaccional,,,False,True,Neutral,0.18,colombian,colombian,True,,True,False
INT-6AG4ITHYISO846NO,2026-01-12 14:53:26,2026-01-12,CLI-X2QDDBBQ9CUG,AGT-JI2PI1E2KY,Chat,WhatsApp,Técnico,Técnico,,,False,True,Negativo,-0.39,mexican,mexican,False,PRD-3FIUY9LZXLLZ,False,False
INT-UN44S66BXG8V5XOS,2026-01-12 18:19:56,2026-01-12,CLI-OEXNCC9685Q4,AGT-YC6FFRDEGK,Outbound Call,Phone,Queja,Queja,465.0,,True,False,Negativo,-0.63,mexican,mexican,False,PRD-0IXJKZ5DEFA5,False,True
INT-K7YKUHMUJW52ZQ5N,2026-01-13 00:55:27,2026-01-12,CLI-512QHZ4H44WN,AGT-64BBNY40AY,Inbound Call,Phone,Producto,Producto,315.0,130.0,True,False,Neutral,0.29,,,False,"PRD-ILKORWATIYNL,PRD-OS76IK4WOJXZ",True,True
INT-2IY2K9KN517XC1S6,2026-01-12 13:18:09,2026-01-12,CLI-HVNAWR9MV949,AGT-EXKK12NKB9,Outbound Call,Phone,Transaccional,Transaccional,396.0,,True,False,Neutral,-0.2,argentine,argentine,False,,False,True
INT-14NS47YEI3SYQBE1,2026-01-12 08:38:50,2026-01-12,CLI-Z6H9IYQYB4PW,AGT-A32ZNV9PWA,Inbound Call,Phone,Retención,Retención,420.0,215.0,False,True,Negativo,-0.34,,,False,,False,True
INT-87NZ4QL3RMTADN8H,2026-01-12 21:55:50,2026-01-12,CLI-SMWO1O61X0VQ,AGT-3QD3LV3C23,Inbound Call,Phone,Queja,Queja,216.0,30.0,False,True,Neutral,0.2,colombian,colombian,False,,False,True
INT-JJRYCDDX4ZG1DGAS,2026-01-12 22:24:03,2026-01-12,CLI-2O22OA4I0IW1,AGT-1HI8LTU9QQ,Inbound Call,Phone,Transaccional,Transaccional,137.0,131.0,True,True,Neutral,-0.02,,,False,,False,True
INT-5KHN9JW5S25JVUW4,2026-01-12 21:28:39,2026-01-12,CLI-8JAYMJGLJP3Z,AGT-RA3DSUKQ7L,Inbound Call,Phone,Transaccional,Transaccional,95.0,129.0,True,False,Neutral,0.19,colombian,colombian,False,"PRD-F0GPAZ4O2WFG,PRD-SW69PB0YGJBS,PRD-V2GO68C39THU",False,True
INT-AXYEQZZM1WM583JL,2026-01-12 18:24:46,2026-01-12,CLI-JFMH0W4H65UM,AGT-BUE4IHI1P1,Inbound Call,Phone,Producto,Producto,402.0,59.0,True,False,Neutral,0.2,,,False,,False,True
INT-GBWR9XTIZ80445OW,2026-01-12 12:18:48,2026-01-12,CLI-QPY86GA8TG1B,AGT-FKCTSOFRV8,Inbound Call,Phone,Transaccional,Transaccional,154.0,170.0,True,False,Neutral,0.02,argentine,mexican,False,,False,True
INT-W4B3SYXP017PJ92V,2026-01-13 07:42:49,2026-01-12,CLI-0RJMA93ROTMR,AGT-SN6XXQN379,Inbound Call,Phone,Queja,Queja,482.0,122.0,True,True,Neutral,-0.25,argentine,argentine,False,PRD-SYKNHQ26C57C,False,True
INT-WVEJ3ZUJIJ5R79AA,2026-01-12 09:32:23,2026-01-12,CLI-JXRRBI7FMQ3O,AGT-57TC8S3DE3,Inbound Call,Phone,Producto,Producto,351.0,136.0,True,False,Neutral,-0.09,argentine,argentine,False,,False,True
INT-X063KY4YZZBMVW2R,2026-01-13 04:35:13,2026-01-12,CLI-E2T2T04MAI4E,AGT-RUM2D9N4DH,Inbound Call,Phone,Queja,Queja,375.0,134.0,True,False,Positivo,0.44,,,False,,False,True
INT-848647V5F9O6KGFZ,2026-01-12 23:34:23,2026-01-12,CLI-L2QWI7USD4X0,AGT-R4ODXQMRF5,Inbound Call,Phone,Producto,Producto,256.0,140.0,True,False,Muy Negativo,-0.95,colombian,colombian,False,PRD-C4TTXQOOSWMX,True,True
INT-E38NHY0X304EXL6Y,2026-01-13 06:14:39,2026-01-12,CLI-AH7GG6CFO6QR,AGT-I1VYP1D801,Email,Email,Producto,Producto,,,False,True,Muy Negativo,-0.93,,,False,"PRD-VW51UUPI084R,PRD-E0368R396PRQ",False,False
INT-HMAZNYD4B617PV0P,2026-01-13 03:27:14,2026-01-12,CLI-AYS92Y09N7FH,AGT-9PZ6W3LDGU,Inbound Call,Phone,Queja,Queja,636.0,136.0,True,False,Negativo,-0.6,mexican,mexican,False,,False,True
INT-EBWDD0UBZXT1XLOW,2026-01-13 02:43:33,2026-01-12,CLI-59XLOZK3XKRH,AGT-PRRCOBG991,Inbound Call,Phone,Producto,Producto,209.0,171.0,True,False,Neutral,0.27,,,False,,True,True
INT-CJ2QLSLPGOPPWFGS,2026-01-12 23:43:12,2026-01-12,CLI-DIVXAM6GJBBK,AGT-LBM4G3WHV5,Inbound Call,Phone,Transaccional,Transaccional,106.0,260.0,True,True,Neutral,-0.01,colombian,argentine,False,PRD-TH89ZR00CLTB,False,True
INT-WJI755B5OKC8HDEM,2026-01-13 05:16:34,2026-01-12,CLI-BN5X2154XUL9,AGT-9OUCPLC2FI,Inbound Call,Phone,Técnico,Técnico,479.0,69.0,True,False,Neutral,0.04,mexican,mexican,False,"PRD-E2HQ00PHDAA6,PRD-9PMJRZUUC80U,PRD-59AUU9WP4JOB",True,True
INT-M5BLTR143O6SEQQQ,2026-01-12 17:03:23,2026-01-12,CLI-LEGXJ39KTKDP,AGT-DD88NRIADN,Chat,WhatsApp,Producto,Producto,,,True,False,Muy Negativo,-1.0,colombian,colombian,False,"PRD-ZWV4T2819TIC,PRD-7WAZMVG6WBXN",False,False
INT-E13GA83DSOP3R6EE,2026-01-12 16:50:42,2026-01-12,CLI-XG6Q6PJMUJFQ,AGT-OU23TB8G0R,Inbound Call,Phone,Producto,Producto,222.0,157.0,True,False,Neutral,0.1,mexican,mexican,False,,False,True
INT-ZLLMR9IIBZ11WQD9,2026-01-12 20:21:26,2026-01-12,CLI-5XESFQWRWTP5,AGT-9E9QSMOQK5,Inbound Call,Phone,Producto,Producto,399.0,205.0,True,False,Neutral,0.13,,,False,PRD-XQQ18RJ5VE2W,False,True
INT-EMOOT6ZVTCYA3IVB,2026-01-12 17:55:58,2026-01-12,CLI-0OUD9NB2FLMC,AGT-N766EWP73G,Outbound Call,Phone,Transaccional,Transaccional,188.0,,True,False,Neutral,-0.16,colombian,colombian,False,PRD-KQZ3QQOQTG1M,False,True
INT-0LJ27LT3BUOOIFR2,2026-01-13 02:39:56,2026-01-12,CLI-IOEQT0I7CVX1,AGT-MQRF3372LI,Inbound Call,Phone,Comercial,Comercial,356.0,106.0,True,False,Neutral,-0.23,,,False,"PRD-PPM16YRBKGRG,PRD-UOY08BJFATRJ,PRD-2XNAW09VAQSP",True,True
INT-JO7CVC4G7YBVVU04,2026-01-13 02:37:39,2026-01-12,CLI-JGFR8U5VPQ5I,AGT-YKT9RW2X8X,Inbound Call,Phone,Transaccional,Transaccional,136.0,0.0,True,False,Neutral,-0.16,,,True,"PRD-0GVOYOCQDULN,PRD-GSGBYQAW6CEY,PRD-4EM8L097BSKB",False,True
INT-60CW9O1X7PZLTHFU,2026-01-12 12:58:21,2026-01-12,CLI-FK12FZZROWAK,AGT-ZZLDFFK5KX,Chat,WhatsApp,Técnico,Técnico,,,True,False,Positivo,0.42,colombian,colombian,False,,False,False
INT-EALCNI619Z0RXG34,2026-01-13 06:22:46,2026-01-12,CLI-3LNLL0PP1PTB,AGT-X9QPDHK7C4,Inbound Call,Phone,Producto,Producto,30.0,112.0,True,False,Neutral,0.18,mexican,mexican,False,,False,True
INT-SF9K6T4VMQAV8CLQ,2026-01-12 12:48:37,2026-01-12,CLI-H5KWAF00P67Z,AGT-H4UGWG3OUB,Outbound Call,Phone,Retención,Retención,296.0,,True,True,Muy Negativo,-0.81,argentine,argentine,False,,False,True
INT-5RGFVGP7ST3GZFWN,2026-01-13 04:29:52,2026-01-12,CLI-O7UEJO1PBV9C,AGT-ZRQW0ATSEE,Outbound Call,Phone,Técnico,Técnico,291.0,,True,False,Negativo,-0.32,mexican,mexican,False,,False,True
INT-6V61OA5JY1D0WVFN,2026-01-13 07:06:09,2026-01-12,CLI-2VOM1MYMGNNW,AGT-7CQYEF4L7J,Inbound Call,Phone,Queja,Queja,689.0,126.0,True,False,Negativo,-0.39,,,False,PRD-5TCTP1DBUEK1,False,True
INT-3JIBVWMS08KI84GN,2026-01-13 00:40:00,2026-01-12,CLI-HDYV14H5OZ5A,AGT-LTX82QBP86,Chat,App,Producto,Producto,,,True,False,Neutral,-0.27,,,False,,False,False
INT-4BTTHOZXLTUDRG18,2026-01-13 02:31:00,2026-01-12,CLI-85Z0MD34GJU4,AGT-V5AF0SJLCN,Inbound Call,Phone,Producto,Producto,283.0,67.0,True,True,Neutral,0.11,mexican,mexican,False,,False,True
INT-4VVYMSN30RQ8AL4D,2026-01-13 04:45:46,2026-01-12,CLI-SF2EYUHMAR71,AGT-87J5AYCAB1,Outbound Call,Phone,Producto,Producto,188.0,,False,True,Neutral,-0.11,mexican,colombian,False,"PRD-7YF47I231EYR,PRD-QW8JK91MQ9TY,PRD-DA9H0HBYUBZ0",False,True
INT-0PTLWNTK2P9YBF9K,2026-01-12 17:05:08,2026-01-12,CLI-GNZZPFAWN8Y2,AGT-B6R45B7BNQ,Inbound Call,Phone,Producto,Producto,186.0,180.0,True,False,Neutral,-0.03,colombian,colombian,False,,False,True
INT-81C4WHOY1NSOF1OW,2026-01-12 20:16:44,2026-01-12,CLI-S07FLC5QY5Y8,AGT-SA46XLUYJF,Inbound Call,Phone,Producto,Producto,301.0,0.0,True,False,Negativo,-0.59,,,False,,True,True
INT-RPFS2YAIYLWPR82S,2026-01-13 00:52:12,2026-01-12,CLI-WJXKOFLBGHL7,AGT-81HI9ENVQV,Inbound Call,Phone,Producto,Producto,149.0,61.0,True,False,Muy Positivo,0.75,,,False,,True,True
INT-FGOM3JY3Y7G4OH0D,2026-01-12 21:06:12,2026-01-12,CLI-V3VM037MXHKZ,AGT-7VLDSY7HW2,Inbound Call,Phone,Transaccional,Transaccional,453.0,133.0,True,False,Neutral,-0.25,mexican,mexican,False,,False,True
INT-ORQ7BS8Z4MOTQQNP,2026-01-12 21:51:38,2026-01-12,CLI-6OAV4PQM8CJ3,AGT-A0349DE11K,Inbound Call,Phone,Comercial,Comercial,547.0,135.0,False,True,Negativo,-0.68,,,False,,False,True
INT-U1TE5ACLSF2AJ431,2026-01-12 10:51:42,2026-01-12,CLI-X862G47LQAL6,AGT-ZVS0XWYET1,Outbound Call,Phone,Producto,Producto,270.0,,True,False,Neutral,0.01,mexican,mexican,False,,True,True
INT-JGNBI7T6XTYYCNTQ,2026-01-12 18:54:41,2026-01-12,CLI-7I0GAAKGPYOK,AGT-BAQUFS4AR7,Inbound Call,Phone,Comercial,Comercial,259.0,111.0,False,True,Muy Positivo,0.79,,,False,"PRD-CC0SBMXGWEN0,PRD-178MG8Y8RB2O",True,True
INT-UIL320D66UZDSIN9,2026-01-13 05:17:20,2026-01-12,CLI-KVB5PXSW3HY9,AGT-E9GHB6WK02,Inbound Call,Phone,Transaccional,Transaccional,94.0,149.0,True,False,Neutral,-0.21,mexican,mexican,False,,False,True
INT-NO5O3XRCR0CEPZ42,2026-01-13 07:56:12,2026-01-12,CLI-WJ5MSWHLAGM3,AGT-AUPZRFB0OO,Chat,Web Chat,Producto,Producto,,,False,True,Negativo,-0.56,,,False,,False,False
INT-X1P7Q4E5VTVKCWHD,2026-01-13 06:35:50,2026-01-12,CLI-H5U2XPHSZB29,AGT-WRGIA5DDCB,Inbound Call,Phone,Transaccional,Transaccional,311.0,144.0,True,False,Neutral,-0.13,colombian,colombian,False,,False,True
INT-93K2IAD7W4QC5AO6,2026-01-13 00:39:16,2026-01-12,CLI-L1VPA24RI6JX,AGT-3HALJKERVV,Inbound Call,Phone,Transaccional,Transaccional,108.0,95.0,True,False,Neutral,0.08,mexican,argentine,False,PRD-WIL052U724OA,False,True
INT-TLZOC68C7LF9862T,2026-01-12 22:16:38,2026-01-12,CLI-4SFDR9EUJTET,AGT-L4OQ0ZUN5H,Email,Email,Transaccional,Transaccional,,,True,False,Neutral,0.01,colombian,colombian,False,"PRD-G213RT1WG3I8,PRD-DE5328UQLK1Y",True,False
INT-SPUDX5RYGTGT9OP4,2026-01-12 20:44:56,2026-01-12,CLI-ZKIA9Q6I9ZKH,AGT-TKG71FXFEZ,Inbound Call,Phone,Producto,Producto,246.0,176.0,True,False,Neutral,0.17,mexican,mexican,False,,True,True
INT-C1LBLEBQ77EIZDV8,2026-01-13 00:50:30,2026-01-12,CLI-F3D79RLL9KAE,AGT-4XB5JSV7Y6,Email,Email,Técnico,Técnico,,,True,False,Positivo,0.6,colombian,colombian,False,PRD-YZDDATI448LX,True,False
INT-X61GDXGOM5JDTGIM,2026-01-12 09:50:20,2026-01-12,CLI-8KPCV2N5RW9K,AGT-71H194GLL8,Chat,App,Producto,Producto,,,True,True,Neutral,-0.13,mexican,mexican,False,,True,False
INT-R75MYQRXVLJVBGGT,2026-01-12 17:32:15,2026-01-12,CLI-S4YQXUCRVKPI,AGT-FU9KBINBYD,Inbound Call,Phone,Transaccional,Transaccional,240.0,86.0,True,False,Neutral,0.29,argentine,colombian,False,,False,True
INT-17B672B37VSD3BHX,2026-01-13 01:48:32,2026-01-12,CLI-51UPUFHW6H3A,AGT-FKCTSOFRV8,Inbound Call,Phone,Técnico,Técnico,362.0,43.0,False,True,Muy Negativo,-0.87,colombian,colombian,False,PRD-QMLCX4DU3Q0D,False,True
INT-BMEWG7CH6IHYPDB8,2026-01-13 03:45:47,2026-01-12,CLI-C7FQGQ6TWEB4,AGT-DTKGR8AYST,Inbound Call,Phone,Técnico,Técnico,372.0,148.0,False,True,Negativo,-0.48,,,False,,True,True
INT-69UX2WHYVO3GQMBX,2026-01-13 00:38:24,2026-01-12,CLI-3314QZICQ620,AGT-RLIC03EY4X,Inbound Call,Phone,Técnico,Técnico,274.0,220.0,False,True,Neutral,0.16,,,True,PRD-YAWSP086QREN,False,True
INT-I5NU2N6Q5L79MAAM,2026-01-13 03:30:23,2026-01-12,CLI-71WCMOLUK20J,AGT-ADNC57V4Y5,Email,Email,Transaccional,Transaccional,,,True,False,Neutral,-0.2,colombian,colombian,False,PRD-D95F01DJNI6A,True,False
