interaction_id,interaction_date,process_date,customer_id,agent_id,interaction_type,channel,contact_reason,reason_category,duration_seconds,wait_time_seconds,was_resolved,requires_followup,detected_sentiment,sentiment_score,customer_detected_accent,agent_used_accent,was_escalated,mentioned_products,has_transcript,has_recording
INT-ZZX5SN4AQEKSZYZA,2026-04-22 07:33:04,2026-04-21,CLI-79B9V45VGKI8,AGT-TXE9ZY1OJ4,Inbound Call,Phone,Transaccional,Transaccional,253.0,142.0,True,True,Neutral,-0.07,,,False,"PRD-MQSK8ZSHAUFC,PRD-UWS1DAW9JLN3,PRD-IPDJ6LYQK528",True,True
INT-YJKPWME12HVM47X0,2026-04-21 11:00:57,2026-04-21,CLI-HL0UIU7F4I2F,AGT-OVOS9HYAAX,Inbound Call,Phone,Transaccional,Transaccional,345.0,96.0,True,True,Neutral,0.16,,,False,"PRD-6I3DPZFW918Y,PRD-N9VAJWQBTCIF",False,True
INT-ZJBPYXLWOKD1MVV4,2026-04-21 16:14:23,2026-04-21,CLI-G34OJSTAO0DY,AGT-3DLG9UKU56,Inbound Call,Phone,Transaccional,Transaccional,285.0,156.0,True,False,Neutral,-0.21,colombian,colombian,False,PRD-X7LGDLB5SZ5M,False,True
INT-RX38GXC9IYJC1QLM,2026-04-21 15:41:25,2026-04-21,CLI-W5TKG5NE5A0L,AGT-JUB6V7KWTH,Chat,WhatsApp,Producto,Producto,,,True,False,Neutral,0.08,mexican,mexican,False,,False,False
INT-IFGE660J0RHJMZ6K,2026-04-21 20:38:30,2026-04-21,CLI-0EYVVHN5IXYX,AGT-RZPZ4QXWMO,Inbound Call,Phone,Producto,Producto,259.0,143.0,True,False,Negativo,-0.43,mexican,mexican,False,,False,True
INT-GWGM6LLPIDI1V4AD,2026-04-22 05:40:53,2026-04-21,CLI-FOB62JT35LMP,AGT-ERBZDOFKYX,Inbound Call,Phone,Producto,Producto,261.0,99.0,True,True,Neutral,0.18,argentine,argentine,False,,True,True
INT-4KBCKXC20GTWC82R,2026-04-21 16:10:19,2026-04-21,CLI-R8FKD5D20PR8,AGT-FKCTSOFRV8,Chat,Web Chat,Transaccional,Transaccional,,,True,False,Neutral,-0.13,,,False,,False,False
INT-AWXF1R9EVDBSIT2L,2026-04-21 17:01:18,2026-04-21,CLI-FG2CLUHPBVLY,AGT-67FCNFADT1,Inbound Call,Phone,Queja,Queja,323.0,73.0,True,False,Muy Negativo,-0.92,,,False,,False,True
INT-3J3G7OBVLKMR4XXE,2026-04-21 13:28:23,2026-04-21,CLI-HSCS5YE5KCVW,AGT-9YCCQT0BUU,Email,Email,Queja,Queja,,,True,False,Positivo,0.56,argentine,colombian,False,PRD-JWEGX8OWYLHF,False,False
INT-5JFLH3YT05OKT2NX,2026-04-21 10:03:55,2026-04-21,CLI-N7MIDAEWITT4,AGT-5TL2B7ELKV,Inbound Call,Phone,Transaccional,Transaccional,159.0,106.0,True,True,Neutral,0.23,,,False,"PRD-AF01ZQYA6S0E,PRD-AZFUD3HCD99Z,PRD-M5Y8JA1G7AQZ",False,True
INT-HLX2O9XV0V7IZ9PF,2026-04-21 13:13:24,2026-04-21,CLI-J1QDSIB5ZPXP,AGT-Y0QWOVC870,Chat,WhatsApp,Comercial,Comercial,,,True,False,Muy Negativo,-0.84,,,False,"PRD-VQYW0D3SRUEI,PRD-2O054WHH4JAU,PRD-4RBY7ZE061FW",False,False
INT-SEYML48DQW185PC3,2026-04-21 14:52:06,2026-04-21,CLI-Y8TZTVUOKEH3,AGT-AIZL8E8598,Inbound Call,Phone,Retención,Retención,598.0,194.0,False,True,Neutral,-0.01,,,False,,False,True
INT-2T27564N4Z0KBACT,2026-04-21 08:19:19,2026-04-21,CLI-F6LBVT24W9JV,AGT-L0XIIP9UA9,Inbound Call,Phone,Transaccional,Transaccional,155.0,182.0,True,False,Neutral,0.04,argentine,argentine,False,"PRD-64TGJTEHLJVF,PRD-UJNZLIY9B2VR",False,True
INT-XJ5G6X0Y8MSQDQAJ,2026-04-21 23:05:33,2026-04-21,CLI-XOLIFFBA5709,AGT-V0731LP1QE,Video,App,Técnico,Técnico,374.0,,True,False,Positivo,0.48,mexican,mexican,False,"PRD-7FQWKPGFKCLB,PRD-ZP36YVTALRUC,PRD-FN9QM2JPPGDF",True,True
INT-K3YW2JKJN8KX0XVJ,2026-04-21 17:17:57,2026-04-21,CLI-QP5ADM17AL9P,AGT-RL5TXXUWF5,Inbound Call,Phone,Transaccional,Transaccional,211.0,115.0,True,False,Neutral,-0.12,,,False,,False,True
INT-BENHN2Y5NSC2JVVB,2026-04-22 05:22:46,2026-04-21,CLI-WHQGUEQMYBU5,AGT-L9LMIGUHNZ,Email,Email,Retención,Retención,,,True,False,Positivo,0.44,,,False,PRD-OK56KTG3FCCW,False,False
INT-CKLMIYQEL5084XA5,2026-04-21 09:16:36,2026-04-21,CLI-9LDWQLIENS11,AGT-GR7KN03J41,Inbound Call,Phone,Queja,Queja,365.0,6.0,False,True,Positivo,0.62,mexican,colombian,True,,False,True
INT-OFZ480V3T1QHDU1V,2026-04-21 12:58:17,2026-04-21,CLI-9NK4VBR6ESUQ,AGT-Q4SXP4EG6L,Chat,Web Chat,Comercial,Comercial,,,False,True,Positivo,0.5,,,False,,False,False
INT-724P5RRUZS078SMZ,2026-04-22 00:54:33,2026-04-21,CLI-ERIO1A3PZY8G,AGT-4IHMG1WJMD,Inbound Call,Phone,Transaccional,Transaccional,183.0,91.0,True,False,Neutral,-0.28,colombian,colombian,False,,False,True
INT-2T5UPFM18PJXSQM7,2026-04-21 20:15:47,2026-04-21,CLI-8A0DW6K3ANAK,AGT-HSNO92AITC,Inbound Call,Phone,Transaccional,Transaccional,233.0,8.0,True,False,Neutral,0.2,mexican,argentine,False,,False,True
INT-SJF72G1BV1N36H8L,2026-04-21 21:46:09,2026-04-21,CLI-5DL35NSZ5AUO,AGT-XJKBDG6BI7,Chat,WhatsApp,Técnico,Técnico,,,False,True,Muy Negativo,-0.75,mexican,mexican,False,,True,False
INT-UMNJQN9X5Q8G4YAX,2026-04-21 19:29:12,2026-04-21,CLI-QY16GYSUW5W0,AGT-2VV2VCM1M0,Inbound Call,Phone,Transaccional,Transaccional,194.0,78.0,True,True,Neutral,-0.13,mexican,mexican,False,,True,True
INT-4G19KAJ72IJ0SN8P,2026-04-21 08:08:53,2026-04-21,CLI-UB7NOVDH6VWY,AGT-7YEN4DGX91,Outbound Call,Phone,Transaccional,Transaccional,158.0,,True,False,Neutral,0.18,colombian,colombian,False,,True,True
INT-M2ZF9KT3KPA7Z6I4,2026-04-21 16:04:48,2026-04-21,CLI-7ME1L1WVV2BQ,AGT-3HALJKERVV,Inbound Call,Phone,Transaccional,Transaccional,269.0,124.0,True,True,Neutral,-0.17,,,False,"PRD-2F9JIK7ONXQQ,PRD-J7OVIADXY4ZY",False,True
INT-6ZS88SGG779PWZ27,2026-04-22 05:17:20,2026-04-21,CLI-N9HS3HDHP28R,AGT-M6VA6EL960,Inbound Call,Phone,Transaccional,Transaccional,178.0,160.0,True,False,Neutral,-0.25,mexican,mexican,False,PRD-X8YCZNEY3JZ0,True,True
INT-3JAIQKGSSNVKB11Z,2026-04-21 20:11:53,2026-04-21,CLI-I4NGTDUGLWI0,AGT-5VGRU9RH8F,Inbound Call,Phone,Técnico,Técnico,547.0,170.0,True,False,Positivo,0.69,mexican,mexican,False,,False,True
INT-NARJHY2V6A91O861,2026-04-21 09:16:16,2026-04-21,CLI-2G5B97DH2P2S,AGT-JSX5PQZSR1,Inbound Call,Phone,Producto,Producto,390.0,7.0,True,False,Muy Positivo,0.75,mexican,mexican,False,"PRD-W0KUQ1LWHSL3,PRD-AUNCV2OHM786",False,True
INT-F7QPSYCXIO1Q6HLE,2026-04-22 04:29:15,2026-04-21,CLI-2NPE8XXWF6A3,AGT-UR0WYJS0T0,Chat,Web Chat,Transaccional,Transaccional,,,True,False,Neutral,-0.0,,,False,,False,False
INT-EX7PFLNT6QI82SSJ,2026-04-22 01:01:58,2026-04-21,CLI-5KHO1BO7EY0B,AGT-UX4C3E56W9,Inbound Call,Phone,Producto,Producto,268.0,135.0,True,False,Muy Negativo,-0.87,mexican,mexican,False,,False,True
INT-NDVA4JHJ9S5YKD8K,2026-04-21 18:15:09,2026-04-21,CLI-QXH5P5820GIX,AGT-OHDGRCT0SL,Inbound Call,Phone,Producto,Producto,263.0,265.0,True,False,Neutral,0.01,,,False,,False,True
INT-H85ZV0V9Q2QDMCM9,2026-04-22 04:15:09,2026-04-21,CLI-B7J8V2KTWJRO,AGT-PK5PH38NS1,Inbound Call,Phone,Producto,Producto,347.0,116.0,True,False,Neutral,-0.08,mexican,argentine,False,PRD-SBO6YEYPSC92,False,True
INT-FA9KJ5REVRV79NBJ,2026-04-21 14:35:03,2026-04-21,CLI-FI3NLKG7ZWPT,AGT-UL2AKT2G17,Inbound Call,Phone,Transaccional,Transaccional,217.0,195.0,True,False,Neutral,-0.03,colombian,colombian,False,"PRD-LWUWYDMTDPR3,PRD-SKZP2R92GFN8,PRD-OV0GM3PIEDF0",True,True
INT-9L1KEDJHFPDECM56,2026-04-21 23:16:14,2026-04-21,CLI-L0E7TBG0W23Q,AGT-9WKZ1BVX91,Inbound Call,Phone,Producto,Producto,210.0,195.0,True,False,Neutral,-0.19,mexican,mexican,False,"PRD-YEH4UF0HUXIR,PRD-4FUKVOQ8CTR2",True,True
INT-EPBCBMEXQAC8H0DP,2026-04-21 14:34:05,2026-04-21,CLI-USZZJRQDY9XF,AGT-4R60WIH6RO,Inbound Call,Phone,Transaccional,Transaccional,238.0,112.0,True,True,Neutral,-0.27,mexican,mexican,False,,False,True
INT-REMH0MEFHHS45SLS,2026-04-21 11:07:52,2026-04-21,CLI-T6COAYZX6N2G,AGT-H4UGWG3OUB,Inbound Call,Phone,Retención,Retención,500.0,172.0,False,True,Neutral,0.19,,,False,"PRD-MX9X5D3PWR24,PRD-UMBVO9YD2GX7,PRD-SQ6JQL2Z2JSB",False,True
INT-ZWZZYZ5ZBUYR0CJX,2026-04-21 23:37:38,2026-04-21,CLI-QAGT7N9AXJQJ,AGT-3DLG9UKU56,Inbound Call,Phone,Producto,Producto,416.0,116.0,True,False,Neutral,0.02,,,True,,False,True
INT-0FRB57G21XNR9CVL,2026-04-22 07:18:18,2026-04-21,CLI-CMQ8R2VKH1ZM,AGT-B4BYFBWKP0,Inbound Call,Phone,Transaccional,Transaccional,225.0,163.0,True,True,Neutral,-0.13,mexican,mexican,False,,True,True
INT-64NWFW9RPF7RA323,2026-04-21 20:36:57,2026-04-21,CLI-2ZFWE5WIAY8K,AGT-P6MGML9D12,Inbound Call,Phone,Transaccional,Transaccional,198.0,91.0,True,False,Neutral,-0.1,mexican,mexican,False,"PRD-6ES9GZCPS49S,PRD-AAK9KFODC2PI,PRD-5LJ34GOV36MZ",False,True
INT-MA5YECSRSZD6RBPL,2026-04-22 00:35:23,2026-04-21,CLI-7NHDQK871J1V,AGT-BJAC223K45,Inbound Call,Phone,Queja,Queja,278.0,126.0,False,True,Neutral,0.07,,,False,"PRD-9PG0N2U9U6JN,PRD-1I4MW6R2I79W,PRD-Z6AWMSXXDQ1M",False,True
INT-1SMOS36CRWJ67MJZ,2026-04-21 21:24:22,2026-04-21,CLI-NR7LXKMGC646,AGT-Y8FJ2RWP4X,Inbound Call,Phone,Transaccional,Transaccional,106.0,121.0,True,False,Neutral,0.29,,,False,"PRD-0N102O6N73CC,PRD-WE3EZNQRLEBG,PRD-95YKR9H8V955",False,True
INT-3DA0E00PSLEPKG88,2026-04-22 03:30:35,2026-04-21,CLI-O0OEXB9CUMVT,AGT-RRH6ONQMMX,Inbound Call,Phone,Transaccional,Transaccional,278.0,200.0,True,False,Neutral,0.24,mexican,mexican,False,,False,True
INT-M4B0D5Z2619FNSBQ,2026-04-21 08:57:03,2026-04-21,CLI-HQYO08I74AF9,AGT-W8EI0WIZH2,Chat,Web Chat,Queja,Queja,,,False,True,Muy Positivo,0.72,argentine,argentine,True,,False,False
INT-0EW8368CYLKJEPP7,2026-04-21 22:01:14,2026-04-21,CLI-RVX75VSC867Z,AGT-K2UMII2DZE,Chat,App,Transaccional,Transaccional,,,True,False,Neutral,-0.11,mexican,mexican,False,,False,False
INT-AZA5N3AVVOY6JZAI,2026-04-21 08:22:21,2026-04-21,CLI-96VAU5595XXM,AGT-E8XE5LM9XO,Email,Email,Transaccional,Transaccional,,,False,True,Neutral,0.21,argentine,mexican,False,,True,False
INT-Q0EX0RXL5MTP19QE,2026-04-21 09:59:00,2026-04-21,CLI-EOASBAPWW9QY,AGT-OJC9BV7RWY,Outbound Call,Phone,Técnico,Técnico,417.0,,False,True,Neutral,0.19,,,False,"PRD-FPIJ6EJTSSFE,PRD-DUMMU7OYLS3Q,PRD-7Z3667EV2FYR",True,True
INT-V71X89G4T5Q2XCF2,2026-04-21 17:45:43,2026-04-21,CLI-ZWUHCQ7ZIGU9,AGT-OJ9N4FGYV9,Chat,App,Transaccional,Transaccional,,,True,True,Neutral,-0.22,mexican,mexican,False,,True,False
INT-74OD7TXZ7710LMMC,2026-04-21 14:02:05,2026-04-21,CLI-U1YZEFCDBNT5,AGT-5RHY2PG248,Inbound Call,Phone,Técnico,Técnico,231.0,148.0,True,False,Positivo,0.31,argentine,argentine,False,"PRD-9H00OM4GFUZ2,PRD-7RQIMDSOOPUC,PRD-IZI1KW5VRBUU",False,True
INT-2Y46KG9P8D26XFUD,2026-04-21 12:25:23,2026-04-21,CLI-RZA92CAJPAAU,AGT-P71DS5U8E5,Inbound Call,Phone,Transaccional,Transaccional,282.0,127.0,True,False,Neutral,-0.29,,,False,"PRD-ED86U1S5ROWT,PRD-4V8KW2XTUX5B",False,True
INT-MQYHCQO5A7B6QEOB,2026-04-21 10:51:32,2026-04-21,CLI-FRLEEFN9S29U,AGT-PDS7BE8A8L,Inbound Call,Phone,Técnico,Técnico,497.0,75.0,True,False,Muy Negativo,-0.87,colombian,colombian,True,,False,True
INT-LTD5H8RAGS86SEGQ,2026-04-22 06:07:31,2026-04-21,CLI-M4KOS41U9XRP,AGT-KTWAJKP7QW,Inbound Call,Phone,Retención,Retención,358.0,158.0,False,True,Muy Negativo,-0.91,,,False,PRD-W2L22RR82UK3,True,True
INT-NJCEIXHKZD20IIHU,2026-04-22 05:40:56,2026-04-21,CLI-OE47PWT0DSXH,AGT-RL5EQ6KNBS,Inbound Call,Phone,Transaccional,Transaccional,238.0,87.0,True,False,Neutral,0.07,colombian,colombian,False,"PRD-2CKSPVSE7W8M,PRD-FLCJ9J7UDQBD,PRD-OEVCVA0GJLGP",False,True
INT-QVP8SFP2LI7N32S2,2026-04-22 06:49:06,2026-04-21,CLI-OVLUHFHMYZ97,AGT-AQSH0YRHNO,Inbound Call,Phone,Transaccional,Transaccional,96.0,157.0,True,False,Neutral,0.14,,,False,"PRD-52DX4P06PA5M,PRD-L2WFDU866RCM",False,True
INT-48LS12OPVRWXMU3A,2026-04-21 12:30:38,2026-04-21,CLI-1QCSJUM3B2QX,AGT-6UU2ZTXHKF,Inbound Call,Phone,Técnico,Técnico,376.0,258.0,True,False,Neutral,-0.11,,,False,,False,True
INT-QVSB2RZCTNUBT3Y5,2026-04-21 23:47:31,2026-04-21,CLI-YO5ISIE6M852,AGT-CRXE24TEPA,Outbound Call,Phone,Comercial,Comercial,437.0,,True,False,Positivo,0.3,colombian,colombian,False,"PRD-R4QH04P732T2,PRD-1RRQV41QHRUY,PRD-79XH7JQ54YJC",False,True
INT-RASER7JH3JDH8L5C,2026-04-21 11:52:51,2026-04-21,CLI-YSDM6DO8AGDV,AGT-Z1FRSK9T0T,Inbound Call,Phone,Queja,Queja,413.0,105.0,False,True,Negativo,-0.44,colombian,colombian,False,,False,True
INT-7NVWB5C2CHMASPEJ,2026-04-21 21:12:01,2026-04-21,CLI-QS3FAF1H1Q7R,AGT-KFKEME1XFX,Inbound Call,Phone,Producto,Producto,174.0,101.0,True,False,Neutral,0.1,mexican,mexican,False,"PRD-KFGKKIDC41I4,PRD-Q6T4WTV676MA",False,True
INT-YSEGDXU9GKS7X14P,2026-04-21 20:58:29,2026-04-21,CLI-CZJRXHZ37MDM,AGT-CRXE24TEPA,Outbound Call,Phone,Queja,Queja,433.0,,False,True,Muy Negativo,-0.75,,,False,,False,True
INT-XLU5P3CERJGC37OW,2026-04-21 19:49:58,2026-04-21,CLI-841EIJEYAHAY,AGT-4O6EXPVV7F,Inbound Call,Phone,Transaccional,Transaccional,237.0,168.0,True,True,Neutral,0.18,mexican,mexican,False,PRD-M1AAX50Y0VEJ,True,True
INT-K897DGD0VVXBHTCS,2026-04-21 14:58:09,2026-04-21,CLI-OCYGFET7F1BI,AGT-ZRQW0ATSEE,Inbound Call,Phone,Transaccional,Transaccional,317.0,129.0,True,True,Neutral,0.08,colombian,colombian,False,,False,True
INT-M3YSXU6Q3224OXFC,2026-04-21 11:21:59,2026-04-21,CLI-03C91XB19HA3,AGT-J1ZNN0OFDJ,Inbound Call,Phone,Producto,Producto,447.0,84.0,True,True,Neutral,0.15,,,False,PRD-BXK079XS8RCD,False,True
INT-1RGLN9PQ6HMFWZ8Q,2026-04-21 21:42:17,2026-04-21,CLI-MPN8XO5G5ZPV,AGT-JZ4UT5EH9L,Outbound Call,Phone,Producto,Producto,73.0,,True,False,Muy Negativo,-0.75,,,True,,True,True
INT-I2AEY6WYBLZY4JYE,2026-04-21 23:11:08,2026-04-21,CLI-W4MBAA1E969D,AGT-SA46XLUYJF,Inbound Call,Phone,Transaccional,Transaccional,138.0,43.0,True,False,Neutral,0.06,mexican,mexican,False,,False,True
INT-ICMYI5219GDSUD91,2026-04-21 23:22:09,2026-04-21,CLI-1HQJ1JRUMA2S,AGT-VBPI4ZZ5XX,Inbound Call,Phone,Transaccional,Transaccional,255.0,136.0,False,True,Neutral,0.01,,,False,,False,True
INT-N2X92W90SNRTWXO2,2026-04-21 11:29:19,2026-04-21,CLI-TCFJY3VNQJYR,AGT-L4OQ0ZUN5H,Inbound Call,Phone,Transaccional,Transaccional,246.0,48.0,True,False,Neutral,-0.17,mexican,mexican,True,,False,True
INT-L5A1ARGGKEMZS9WE,2026-04-22 05:21:26,2026-04-21,CLI-11KCM1EFO4X6,AGT-Q0FNFY8G5L,Inbound Call,Phone,Transaccional,Transaccional,357.0,187.0,True,False,Neutral,-0.11,colombian,mexican,False,,True,True
INT-7V8ZCPU3HA8KEOIQ,2026-04-22 00:15:59,2026-04-21,CLI-00Z8SYTQHSR7,AGT-MOP8GEKGPL,Inbound Call,Phone,Comercial,Comercial,430.0,190.0,False,True,Negativo,-0.68,mexican,mexican,False,,True,True
INT-06OH9EFKZWHC7W45,2026-04-21 12:38:32,2026-04-21,CLI-7APEPURO4HSJ,AGT-UX3Z61ZNLY,Outbound Call,Phone,Queja,Queja,387.0,,True,True,Negativo,-0.38,argentine,mexican,False,"PRD-ZYQ1Z1EIOHCM,PRD-VUZTJZR0FMOH,PRD-5P6BYA00FHSX",False,True
INT-CDIHKPKGHCUO2FA6,2026-04-21 18:45:20,2026-04-21,CLI-QG03VAZCCK1R,AGT-FIE8TXT3PM,Outbound Call,Phone,Transaccional,Transaccional,238.0,,True,False,Neutral,0.2,,,False,PRD-7RUDW7XU81ME,False,True
INT-8L0J1VNTR8JW1FK9,2026-04-21 10:26:50,2026-04-21,CLI-Z6XWD3KE22KL,AGT-UCOAAM33Z5,Inbound Call,Phone,Técnico,Técnico,438.0,105.0,False,True,Negativo,-0.45,mexican,argentine,False,"PRD-O9GSBQ2ZMAYS,PRD-RBKBAL22533C",False,True
INT-22K0VTXKKI2N557C,2026-04-21 10:10:00,2026-04-21,CLI-F4N56P9BU5NF,AGT-A2SCD6YQWM,Inbound Call,Phone,Transaccional,Transaccional,135.0,235.0,True,False,Neutral,0.08,,,False,"PRD-KUTG45SRBFR7,PRD-48XWN24322XL",False,True
INT-ZN9DKIDSZ2O7TYH2,2026-04-21 18:50:13,2026-04-21,CLI-R8EHM3CH8HXG,AGT-9M45XHR1BB,Outbound Call,Phone,Producto,Producto,274.0,,True,False,Neutral,0.13,mexican,mexican,False,,False,True
INT-H03S1KHPNGGK5W4R,2026-04-22 07:51:35,2026-04-21,CLI-S5XHAWFG9PQL,AGT-YF9RO3EJZU,Inbound Call,Phone,Queja,Queja,358.0,40.0,False,True,Positivo,0.51,,,False,"PRD-NUW3Z0WUEI1O,PRD-JEGYXPLQUI9M",True,True
INT-Q4R9JEPPJOK6R96D,2026-04-21 22:11:35,2026-04-21,CLI-YOXR53OJVYFN,AGT-RXRI3WGAQW,Inbound Call,Phone,Transaccional,Transaccional,190.0,103.0,True,False,Neutral,0.12,mexican,mexican,False,,False,True
INT-90GCOSVY0QT5TNAL,2026-04-21 23:05:19,2026-04-21,CLI-HNBUFZDZRHNZ,AGT-9A52G9KAKH,Inbound Call,Phone,Comercial,Comercial,666.0,65.0,True,False,Muy Positivo,0.97,,,False,"PRD-ZE14705NWLKC,PRD-6H0VCJ5APMNK,PRD-BJIAEUAO31WE",False,True
INT-PMBIGB5RC7N4MGCZ,2026-04-21 14:10:16,2026-04-21,CLI-SBSN1CEFG8OU,AGT-A8I1YTWT37,Chat,WhatsApp,Retención,Retención,,,False,True,Positivo,0.57,mexican,mexican,False,"PRD-6853IU31L3PY,PRD-OK5W23VOPJLT",False,False
INT-FXD24G3BGIC90V7Y,2026-04-21 17:55:41,2026-04-21,CLI-Y4L1XUC70WY7,AGT-IEP2JM9BI7,Inbound Call,Phone,Queja,Queja,681.0,71.0,True,False,Neutral,0.08,colombian,mexican,False,"PRD-UL005GEQG8P9,PRD-7HNTQGVT3XWC,PRD-FFFLBEW7TJYX",False,True
INT-RGIUMADNWW1ZBN7S,2026-04-21 14:28:45,2026-04-21,CLI-7UQ37QGIOJSE,AGT-X3WLDNDFIL,Inbound Call,Phone,Producto,Producto,284.0,137.0,True,False,Neutral,-0.03,argentine,mexican,False,"PRD-EJ4EYS0N9V49,PRD-6BOXNYA514LK,PRD-QIP8DA2EK2HW",True,True
INT-HM9SNI2MI0ALPC33,2026-04-21 16:01:17,2026-04-21,CLI-MEHR0XU7ADBH,AGT-45G96QSKR6,Inbound Call,Phone,Transaccional,Transaccional,273.0,84.0,True,False,Neutral,0.0,argentine,mexican,False,,False,True
INT-2XZWLO6UVI673XKZ,2026-04-21 17:34:25,2026-04-21,CLI-Y4872DIKWTHJ,AGT-DOUMKDE5OH,Inbound Call,Phone,Transaccional,Transaccional,232.0,97.0,False,True,Neutral,0.24,colombian,argentine,False,,True,True
INT-APVUNVZ8E2ST9OJ3,2026-04-22 02:39:16,2026-04-21,CLI-BCPZ936CHRQY,AGT-L2GBNN6LWM,Inbound Call,Phone,Transaccional,Transaccional,115.0,181.0,True,False,Neutral,0.19,mexican,mexican,False,"PRD-8QAT2D9VN8C3,PRD-TM9UQ0LBMKL1,PRD-E4YJQOI1QQ1J",False,True
INT-KJKHE0F80RCZLA40,2026-04-21 16:04:41,2026-04-21,CLI-9MS40SO1R8C9,AGT-FKUWKRVKJI,Chat,Web Chat,Transaccional,Transaccional,,,True,False,Neutral,0.01,colombian,colombian,False,,True,False
INT-BJIEFDAKSVGCRW7Q,2026-04-21 09:03:54,2026-04-21,CLI-JKNEPA99GZYD,AGT-9YREQYSI5H,Outbound Call,Phone,Producto,Producto,195.0,,True,False,Muy Positivo,1.0,argentine,mexican,False,"PRD-KRMQHG9YUPC2,PRD-274CCHPP20VN",False,True
INT-TMXO03TG6K3118P0,2026-04-21 17:56:43,2026-04-21,CLI-6Q4OOB37J6JF,AGT-OPWHZ8YA2C,Inbound Call,Phone,Producto,Producto,290.0,48.0,True,False,Neutral,-0.19,,,False,,False,True
INT-VM0CJ8QZI11ZRIY3,2026-04-21 20:45:52,2026-04-21,CLI-2PP9B1OPZ2I6,AGT-8UCMD0TC8H,Inbound Call,Phone,Queja,Queja,302.0,59.0,False,True,Neutral,-0.05,argentine,colombian,False,"PRD-WUWJJBJCYRL0,PRD-C2TV3FZUAH5X",False,True
INT-AYWPTA5IKBR9GYM7,2026-04-21 15:43:14,2026-04-21,CLI-WV8R0N0W4CBU,AGT-RB7B1VQ0JL,Email,Email,Queja,Queja,,,False,True,Neutral,0.02,colombian,colombian,False,,False,False
INT-UB8LHJNYL6CD9B0D,2026-04-22 05:55:05,2026-04-21,CLI-VFXCOSWFK1VO,AGT-FKUWKRVKJI,Inbound Call,Phone,Producto,Producto,100.0,185.0,False,True,Neutral,-0.1,,,False,,True,True
INT-VDBMX36HGECG4BIH,2026-04-21 11:48:53,2026-04-21,CLI-WGJP0GNK1BUE,AGT-KCVV5R760L,Outbound Call,Phone,Técnico,Técnico,146.0,,False,True,Positivo,0.6,argentine,mexican,False,,False,True
INT-FUISBJIWBVV8STN8,2026-04-22 04:32:50,2026-04-21,CLI-LVL44NTDL9PS,AGT-DELTRDO2X7,Email,Email,Producto,Producto,,,True,False,Neutral,-0.07,,,True,"PRD-B61KZ1SL2E58,PRD-0AYRFPX9MN3E,PRD-I5DC7RO0X6V0",False,False
INT-RBDV2A2XRQ97J43I,2026-04-21 16:28:52,2026-04-21,CLI-BMKJICXV6512,AGT-E2Y5OZOV43,Inbound Call,Phone,Técnico,Técnico,399.0,121.0,False,True,Neutral,0.08,,,False,"PRD-GS2T3DSUSVHY,PRD-HLROKXWBL582,PRD-ANYURIEHRM79",False,True
INT-R5KNY7H7T344HFJC,2026-04-22 06:43:49,2026-04-21,CLI-M7Q9WU0AZ1AQ,AGT-43DO0TIZK2,Inbound Call,Phone,Transaccional,Transaccional,205.0,94.0,True,False,Neutral,0.23,mexican,mexican,False,,False,True
INT-5O8TA4PPM08CO33M,2026-04-22 05:36:04,2026-04-21,CLI-0FHX0DGJI7UL,AGT-G0U5QILT5N,Inbound Call,Phone,Transaccional,Transaccional,575.0,51.0,False,True,Neutral,0.16,argentine,argentine,False,,True,True
INT-HZHE4A9VT0GTZZTE,2026-04-22 03:56:55,2026-04-21,CLI-US4QP6VKGNHO,AGT-B49GEGZZF1,Inbound Call,Phone,Queja,Queja,541.0,41.0,False,True,Negativo,-0.41,,,False,"PRD-YR5XWIQV0AL3,PRD-XDKQX3EB4L1O,PRD-OQCED0WRNH4D",False,True
INT-5SINY0XCP2XN459Y,2026-04-22 06:25:54,2026-04-21,CLI-W4B1TL5E0WQX,AGT-U51WZ1NTS8,Inbound Call,Phone,Queja,Queja,612.0,199.0,True,False,Neutral,-0.22,mexican,mexican,False,,False,True
INT-6SZ2D6XIJBQ1CW1E,2026-04-21 12:55:02,2026-04-21,CLI-4LSMUKM7VG13,AGT-QJDRG08QEG,Outbound Call,Phone,Retención,Retención,353.0,,True,False,Positivo,0.45,mexican,mexican,False,,False,True
INT-0BM781GZI43Q17B8,2026-04-21 18:38:20,2026-04-21,CLI-YAH9F67NOWDW,AGT-ZAL4032JRP,Inbound Call,Phone,Transaccional,Transaccional,219.0,158.0,True,True,Neutral,-0.21,mexican,argentine,False,PRD-367FWFP5NSS8,False,True
INT-GDJIKPAFLFA1AW5D,2026-04-21 10:56:42,2026-04-21,CLI-6ZX6IRKNQL75,AGT-87FD5U93RA,Outbound Call,Phone,Técnico,Técnico,277.0,,False,True,Positivo,0.62,mexican,mexican,False,,False,True
INT-33XIIFJNLGRXJ15Q,2026-04-21 21:06:03,2026-04-21,CLI-MH7E6A7WHE9G,AGT-JNY9R22CQM,Inbound Call,Phone,Comercial,Comercial,169.0,33.0,False,True,Negativo,-0.31,mexican,mexican,False,,False,True
INT-UJ3PZ9NPQWTHS8F4,2026-04-22 07:35:11,2026-04-21,CLI-LZ9B8S0TGW5Y,AGT-DOUMKDE5OH,Inbound Call,Phone,Producto,Producto,425.0,111.0,True,False,Neutral,0.23,mexican,mexican,False,"PRD-43A7TSBMJJBS,PRD-ZNCFKAE3ZGVX,PRD-ZFFLGGHWIOKS",False,True
INT-V15ENGD1M8WS2WN7,2026-04-21 21:20:17,2026-04-21,CLI-8BEV8SOFNSS0,AGT-GBHL3XZPKH,Outbound Call,Phone,Retención,Retención,485.0,,False,True,Negativo,-0.63,colombian,colombian,False,,True,True
INT-JYYWZOE2KYH1CK26,2026-04-21 11:07:44,2026-04-21,CLI-DGUWB1CFIB5X,AGT-H814HN4WBQ,Inbound Call,Phone,Transaccional,Transaccional,209.0,59.0,True,False,Neutral,0.29,argentine,mexican,False,,False,True
INT-XUW39I3W06VVXJ27,2026-04-21 09:20:31,2026-04-21,CLI-ME1K1F0CH11W,AGT-BOSIAA5J5O,Inbound Call,Phone,Producto,Producto,331.0,97.0,True,False,Neutral,0.02,,,False,,False,True
INT-F8SQ6DLYKTU5ZYBR,2026-04-21 15:44:58,2026-04-21,CLI-0O1B7ILKLAEQ,AGT-IT36OMS326,Inbound Call,Phone,Producto,Producto,292.0,0.0,True,True,Neutral,0.15,,,False,,False,True
INT-BFK3959KQUWRP3Q2,2026-04-22 02:17:14,2026-04-21,CLI-S8ZANA47NXHH,AGT-WRFG8F6YNC,Inbound Call,Phone,Queja,Queja,448.0,39.0,False,True,Negativo,-0.33,,,False,,False,True
INT-BLQF07G1BMU1O5N0,2026-04-21 16:52:43,2026-04-21,CLI-GDNSFQWLR35L,AGT-VNCMXKXLZE,Inbound Call,Phone,Transaccional,Transaccional,266.0,152.0,True,False,Neutral,0.24,mexican,mexican,True,,False,True
INT-BHT8PZYG7X9OG1NA,2026-04-22 04:41:30,2026-04-21,CLI-AQ4EZOP9VC56,AGT-ELSO6DC1OU,Inbound Call,Phone,Transaccional,Transaccional,184.0,159.0,True,False,Neutral,-0.24,mexican,mexican,False,,False,True
INT-O5V9NT5A75CQ4P0A,2026-04-21 19:17:27,2026-04-21,CLI-LHHOZWWOJC6L,AGT-V96WLTZ7C2,Inbound Call,Phone,Retención,Retención,483.0,38.0,True,False,Muy Negativo,-0.88,colombian,colombian,False,PRD-DGD9YU8OZF66,False,True
INT-2I2279FW2KUEHUAE,2026-04-21 23:58:44,2026-04-21,CLI-F73LMC6FAVES,AGT-PC5ULV8S9U,Inbound Call,Phone,Queja,Queja,518.0,65.0,True,False,Negativo,-0.57,colombian,mexican,False,,True,True
INT-ARVQFKSS4QAHUC98,2026-04-21 12:40:13,2026-04-21,CLI-E36WN5JIAOQZ,AGT-WI5ZDHCEPB,Outbound Call,Phone,Queja,Queja,459.0,,False,True,Negativo,-0.46,mexican,mexican,False,,True,True
INT-P3DTUXLC1ZV6CBEK,2026-04-21 12:10:10,2026-04-21,CLI-6EQYDSS4JRAZ,AGT-TO6C4N5ZBE,Inbound Call,Phone,Queja,Queja,423.0,50.0,True,False,Positivo,0.64,argentine,colombian,False,,True,True
INT-H120IYBFQA8FHWQ9,2026-04-21 20:55:14,2026-04-21,CLI-3JJY95L8FKCA,AGT-IN5R647MZH,Inbound Call,Phone,Queja,Queja,228.0,65.0,False,True,Negativo,-0.36,mexican,mexican,False,,False,True
INT-8DKF8H8LBPDU9IWB,2026-04-22 06:54:06,2026-04-21,CLI-T8NEF7XQNQTY,AGT-PFD0CBGK7V,Chat,App,Transaccional,Transaccional,,,True,False,Neutral,0.08,colombian,mexican,False,,False,False
INT-43SU7GCBZ01BVMZG,2026-04-21 19:40:07,2026-04-21,CLI-CD6CQQTQD449,AGT-8KFHE6XRQ4,Inbound Call,Phone,Transaccional,Transaccional,154.0,142.0,True,True,Neutral,-0.17,argentine,mexican,False,,False,True
INT-YG1VK25IN5AKAUV8,2026-04-21 12:04:48,2026-04-21,CLI-RT04HXAM4BW3,AGT-QFOUTLLR71,Inbound Call,Phone,Queja,Queja,482.0,265.0,True,False,Neutral,-0.05,mexican,mexican,False,PRD-7B4UUBZFV052,False,True
INT-ZHGUY81A5B2PL66R,2026-04-21 18:45:08,2026-04-21,CLI-RAODFB2Y6938,AGT-W4NDMPHQU7,Chat,App,Técnico,Técnico,,,True,False,Negativo,-0.62,,,False,"PRD-TD3UNMFQRWJ0,PRD-O7M0WFB3SJM9",True,False
INT-LBIGQ14BL1U0KUDU,2026-04-22 01:30:55,2026-04-21,CLI-R3N2GNXLAIEI,AGT-G0U5QILT5N,Inbound Call,Phone,Producto,Producto,354.0,105.0,True,False,Neutral,0.29,colombian,argentine,False,,True,True
INT-CWUT0TGS0EQG6RAZ,2026-04-21 20:55:36,2026-04-21,CLI-SIZWYH54B2EN,AGT-B6KQJ1GE8L,Inbound Call,Phone,Transaccional,Transaccional,309.0,122.0,True,False,Neutral,-0.29,argentine,mexican,False,,False,True
INT-WYOFHLGP7EHSNISY,2026-04-21 08:39:13,2026-04-21,CLI-H5KRDXWF9TNY,AGT-5M8UV0UVSQ,Inbound Call,Phone,Producto,Producto,427.0,180.0,True,False,Neutral,0.22,mexican,mexican,False,"PRD-D08C6MT32UYP,PRD-ZOHL3C2IJ9KK",True,True
INT-LYDZWLRV2HAKMVWS,2026-04-21 20:36:06,2026-04-21,CLI-QFD5HUIBN3LK,AGT-FY0JTX0WX4,Inbound Call,Phone,Transaccional,Transaccional,159.0,15.0,True,False,Neutral,0.04,argentine,argentine,False,,False,True
INT-JL2VEBYWJC9T7QAK,2026-04-21 20:09:14,2026-04-21,CLI-ZCEPVFKA1IFE,AGT-ZGEFMIKG5G,Inbound Call,Phone,Transaccional,Transaccional,467.0,0.0,True,False,Neutral,-0.02,colombian,argentine,False,PRD-5GF5L6Z9LUN6,False,True
INT-VK5RGCC6UXQMSRL8,2026-04-21 10:27:33,2026-04-21,CLI-2QJTTKOG123X,AGT-JI4AFYODD7,Inbound Call,Phone,Transaccional,Transaccional,214.0,153.0,True,False,Neutral,0.18,,,False,PRD-1S61RK6IS9DD,True,True
INT-4MNWQ5THEYT0WNS0,2026-04-21 08:08:13,2026-04-21,CLI-Q095FDPTSBF8,AGT-P4V46JOBFM,Outbound Call,Phone,Queja,Queja,495.0,,True,False,Neutral,0.29,mexican,mexican,True,,True,True
INT-IP3X0XBIOXRLFGIU,2026-04-21 15:11:02,2026-04-21,CLI-7FYK0OQ6E68G,AGT-TGN0MJ28ZI,Inbound Call,Phone,Retención,Retención,498.0,137.0,True,False,Neutral,0.06,colombian,colombian,False,,False,True
INT-I8QVDVOLJ7QHXYFU,2026-04-21 10:30:53,2026-04-21,CLI-Y5OHERZ4MFHZ,AGT-NQ6WIG9OWH,Inbound Call,Phone,Transaccional,Transaccional,158.0,51.0,True,False,Neutral,-0.1,mexican,mexican,True,,False,True
INT-51M0380ZF6B1RBCE,2026-04-21 20:54:32,2026-04-21,CLI-RKV0VJKHE43F,AGT-ZAYJ41JB3A,Inbound Call,Phone,Producto,Producto,249.0,143.0,True,False,Neutral,-0.04,,,False,"PRD-F9BGJKO5WTN7,PRD-H8IWG0G51HWF,PRD-02UHSD8B992I",False,True
INT-WOX3Q45C08NKDRUA,2026-04-22 03:21:00,2026-04-21,CLI-UOBDVHJEK1BW,AGT-V5AF0SJLCN,Outbound Call,Phone,Técnico,Técnico,393.0,,True,False,Neutral,-0.3,,,False,,True,True
INT-QLQOH8HRFRCNFZ5T,2026-04-21 08:44:03,2026-04-21,CLI-E7PQSLAHL7VP,AGT-Q97AQ8XCJF,Email,Email,Transaccional,Transaccional,,,True,False,Neutral,0.13,colombian,colombian,True,"PRD-VOF14FICAJ34,PRD-FV1TH1B77BVR",False,False
INT-UNBMHHF6OGIZBA6O,2026-04-21 13:04:09,2026-04-21,CLI-V01LIDCQNY16,AGT-36I8H8V3IO,Chat,WhatsApp,Producto,Producto,,,True,True,Neutral,-0.03,,,False,,False,False
INT-6BQ1S4K1V7NLXYIT,2026-04-22 05:15:40,2026-04-21,CLI-DKT9ZH59LB4K,AGT-C1BYBSUMTP,Outbound Call,Phone,Retención,Retención,331.0,,False,True,Negativo,-0.62,colombian,colombian,False,,False,True
INT-BY7ZNDZ72GFI4T8S,2026-04-21 17:16:50,2026-04-21,CLI-HB7PAOYJ7IHV,AGT-SJLH5LUL0F,Inbound Call,Phone,Producto,Producto,269.0,217.0,True,False,Negativo,-0.46,colombian,argentine,False,,False,True
INT-AR3F0TQVB9BOIA5T,2026-04-22 02:42:18,2026-04-21,CLI-3Q0P81YZGMI8,AGT-S448G59QZX,Chat,WhatsApp,Transaccional,Transaccional,,,True,False,Neutral,-0.11,,,False,"PRD-MJFN5DKDKDX1,PRD-WXEE89DQZEOE",False,False
INT-JH1U5XLCBL6TE3ZP,2026-04-21 08:05:47,2026-04-21,CLI-I9508WE0QTR8,AGT-NIV1UCW44H,Outbound Call,Phone,Queja,Queja,724.0,,False,True,Negativo,-0.32,argentine,argentine,False,,False,True
INT-8F619IT3H3GM4T8D,2026-04-21 21:12:02,2026-04-21,CLI-51FTOJ0YO01G,AGT-LTK3BMH5BL,Inbound Call,Phone,Transaccional,Transaccional,420.0,63.0,True,False,Neutral,0.27,argentine,argentine,True,,False,True
INT-CHRKYL6FGK6MQYKE,2026-04-22 06:19:05,2026-04-21,CLI-87V0QOE4JG82,AGT-D9FNMWPKPJ,Inbound Call,Phone,Transaccional,Transaccional,242.0,181.0,True,True,Neutral,0.07,mexican,mexican,True,,False,True
INT-SJHXAT5ID0QBWRFP,2026-04-22 05:09:13,2026-04-21,CLI-SU3SQ5D5NQF1,AGT-Y9S7A0UC7Q,Inbound Call,Phone,Transaccional,Transaccional,282.0,97.0,True,False,Neutral,0.07,,,False,"PRD-WQLK5V8QPEIU,PRD-82K52U5RMTTB",False,True
INT-ADNZ0IRM5I8KLP66,2026-04-21 10:58:17,2026-04-21,CLI-JFURPKB4OWSW,AGT-RAIJ7RHMBA,Inbound Call,Phone,Producto,Producto,324.0,132.0,False,True,Neutral,-0.1,mexican,colombian,False,"PRD-JL3O6KQ2QKNQ,PRD-ZTYE9KQQ3WMI",False,True
INT-JSQGZ8SR60S9CH12,2026-04-21 09:18:18,2026-04-21,CLI-LA7EVUR3VC98,AGT-XQJHLJ5CHC,Inbound Call,Phone,Transaccional,Transaccional,232.0,189.0,True,False,Neutral,0.02,mexican,mexican,False,,False,True
INT-J0JT3RJHLIPRTSD5,2026-04-22 02:49:51,2026-04-21,CLI-DGRSV549MXIB,AGT-U2B4DX2JUH,Inbound Call,Phone,Producto,Producto,348.0,44.0,True,False,Neutral,-0.03,,,False,,True,True
INT-0M0OSEJ9G9KBW0YB,2026-04-21 23:39:58,2026-04-21,CLI-8Y74ZIJV0N7X,AGT-NFMDK0WJ3N,Inbound Call,Phone,Queja,Queja,573.0,91.0,False,True,Neutral,-0.16,colombian,colombian,False,,True,True
INT-R6RNIF695A7BV8SP,2026-04-22 05:43:39,2026-04-21,CLI-4S2IHX77T7JY,AGT-ELSO6DC1OU,Chat,WhatsApp,Producto,Producto,,,True,False,Neutral,-0.19,mexican,mexican,False,,True,False
INT-C25RGI7Y0JQ9CA1O,2026-04-21 19:13:37,2026-04-21,CLI-29KZRBN4E8LB,AGT-7QOULFMSTS,Email,Email,Producto,Producto,,,True,False,Neutral,0.3,,,False,,False,False
INT-YK14FNKWXMK5P4XI,2026-04-21 23:44:50,2026-04-21,CLI-IY9O2OWHFW9H,AGT-2H7OTPEC6D,Inbound Call,Phone,Transaccional,Transaccional,512.0,183.0,True,False,Neutral,-0.07,,,False,"PRD-I6AYKAWQ7JMM,PRD-GNJBD6S8D2QZ,PRD-61NZKJD7LAGS",False,True
INT-TDLO9S456TSRX28H,2026-04-22 06:14:52,2026-04-21,CLI-TEJLNX92FZ6Q,AGT-GEHE8V9YO8,Inbound Call,Phone,Retención,Retención,516.0,154.0,True,False,Muy Positivo,0.83,argentine,argentine,False,"PRD-PTVXTWRSOCZP,PRD-UKFLERBULQW4",False,True
INT-ZGVIFOL4IPW9GEOE,2026-04-21 13:56:05,2026-04-21,CLI-HI7UFD1T5IU0,AGT-S2RR13SI24,Inbound Call,Phone,Transaccional,Transaccional,150.0,185.0,True,True,Neutral,0.21,,,False,,False,True
INT-7KRSP42FVN1N181H,2026-04-22 07:55:28,2026-04-21,CLI-398K43YSF0OA,AGT-PL88YJFM3Q,Inbound Call,Phone,Transaccional,Transaccional,214.0,112.0,True,False,Neutral,0.01,mexican,mexican,False,,False,True
INT-ANQNAIQEXRYKYAH5,2026-04-22 01:38:54,2026-04-21,CLI-9EZGICK00YN3,AGT-MV9CYF5934,Inbound Call,Phone,Producto,Producto,293.0,171.0,False,True,Negativo,-0.66,mexican,mexican,False,,False,True
INT-ZP49BIU6B2U4O9GS,2026-04-21 21:55:33,2026-04-21,CLI-DJRJBLUYM3I1,AGT-FJRKLZU2YC,Inbound Call,Phone,Producto,Producto,306.0,76.0,True,False,Neutral,0.18,argentine,argentine,False,,False,True
INT-JLEETU96RIXSJF5X,2026-04-21 23:07:01,2026-04-21,CLI-FFV1B6M7SQNQ,AGT-9EQZR2XZVH,Outbound Call,Phone,Transaccional,Transaccional,207.0,,True,False,Neutral,-0.14,colombian,mexican,False,,False,True
INT-8FMSR96YLP5XYN9H,2026-04-21 17:52:56,2026-04-21,CLI-YC1ZTFLBMRO7,AGT-CJHWID6B7W,Outbound Call,Phone,Queja,Queja,262.0,,True,False,Negativo,-0.52,,,False,PRD-6SJS4UZTJTZR,False,True
INT-IJTR0S6Z6UCCTVVX,2026-04-21 08:16:51,2026-04-21,CLI-T0URXTYAHAL9,AGT-WBG60TGKFE,Inbound Call,Phone,Técnico,Técnico,464.0,186.0,True,False,Neutral,0.29,mexican,mexican,False,"PRD-2ML3Z5HAHZUZ,PRD-DJ3UGI3MP1OJ,PRD-CLQ45QMCIIZE",True,True
INT-YBR1C57BSH855UDF,2026-04-21 17:04:13,2026-04-21,CLI-PPRYIB2SEAXB,AGT-HXJTIF9ZMH,Inbound Call,Phone,Producto,Producto,205.0,139.0,True,False,Negativo,-0.36,mexican,mexican,False,,False,True
INT-FS6FUI6HT9TKW69V,2026-04-21 22:38:29,2026-04-21,CLI-6I9W49TMGYFP,AGT-592VGF7W61,Inbound Call,Phone,Técnico,Técnico,381.0,112.0,False,True,Muy Negativo,-0.9,,,False,"PRD-CSZYEKJI6PGH,PRD-LTINXVUE10KJ",False,True
INT-3N8HU0YPP89FC8RT,2026-04-22 00:35:02,2026-04-21,CLI-H0V2DGZF6800,AGT-YTZ9ORZT0J,Chat,App,Técnico,Técnico,,,True,False,Neutral,-0.04,mexican,mexican,True,,False,False
INT-JHGO32I68SXCYXNP,2026-04-21 15:31:41,2026-04-21,CLI-XQDKS8BVBN0Z,AGT-VPHYTUW0MQ,Inbound Call,Phone,Producto,Producto,206.0,75.0,True,False,Neutral,0.2,,,False,"PRD-IU40DE3LLCBY,PRD-50ED6HIEZK6L",False,True
INT-BJMHIUESM1S0R788,2026-04-21 11:40:24,2026-04-21,CLI-687I0ZC5EDWO,AGT-29JHQCW7PX,Inbound Call,Phone,Transaccional,Transaccional,123.0,137.0,True,False,Neutral,0.11,mexican,mexican,False,,False,True
INT-FWQ5UNOCFE4LKFLO,2026-04-22 05:05:08,2026-04-21,CLI-1GPPZ2NSA70V,AGT-FXUY55EOMM,Inbound Call,Phone,Producto,Producto,254.0,122.0,False,True,Muy Negativo,-0.91,mexican,mexican,False,"PRD-5J9URB17LG2J,PRD-E117DYTK4K17",False,True
INT-VMAXAH6UYLDJ26L8,2026-04-22 02:21:21,2026-04-21,CLI-4OSVIDMQ963G,AGT-YZRQJS5X0J,Inbound Call,Phone,Transaccional,Transaccional,245.0,174.0,True,False,Neutral,0.11,mexican,mexican,False,"PRD-NZPH95OVY2O7,PRD-7BC2H3QDBOBQ,PRD-0YE3GHL4LP5F",False,True
INT-YNIE9ULYVIHS4MYV,2026-04-21 11:18:59,2026-04-21,CLI-YWBHWI0AH055,AGT-ABM94FMVNF,Outbound Call,Phone,Producto,Producto,304.0,,True,False,Neutral,0.19,,,False,,False,True
INT-O1V7BK61RUORMZ54,2026-04-22 04:57:44,2026-04-21,CLI-BEX4ILFBD5OA,AGT-5TL2B7ELKV,Inbound Call,Phone,Queja,Queja,409.0,14.0,True,False,Negativo,-0.5,,,False,"PRD-UELO7EABXB4Z,PRD-W2GBOKSS9KTZ,PRD-6Z9PZSFIFLUD",False,True
INT-WQKCAZ13J162P32G,2026-04-21 23:59:43,2026-04-21,CLI-TIBXGO24SX1S,AGT-06FWQGSE0P,Inbound Call,Phone,Producto,Producto,150.0,110.0,True,False,Neutral,0.23,mexican,mexican,False,PRD-PE81AABJ7JWQ,False,True
INT-GTVM5SZYKF2P2UMH,2026-04-21 08:31:44,2026-04-21,CLI-Z95OMCURMKJG,AGT-O41ZQQO47Y,Inbound Call,Phone,Producto,Producto,227.0,115.0,True,True,Positivo,0.31,mexican,mexican,False,PRD-10UX9E91OUWS,True,True
INT-H2NP9SX63PLPBE2H,2026-04-21 14:24:17,2026-04-21,CLI-F7Z27HY8UBQ6,AGT-6NK9TIEVN9,Inbound Call,Phone,Producto,Producto,363.0,80.0,True,True,Negativo,-0.56,mexican,mexican,True,PRD-FONY4AJ9IARW,False,True
INT-9YSGGDHT0FFOEFSU,2026-04-22 05:29:09,2026-04-21,CLI-Z7Y8HNK2YA7Y,AGT-J65U3Y7UPF,Inbound Call,Phone,Comercial,Comercial,719.0,10.0,True,False,Negativo,-0.31,argentine,argentine,False,,False,True
INT-GMTX8O0KBFQJ69S7,2026-04-22 02:10:38,2026-04-21,CLI-80KIJUAXRTBR,AGT-NN9QB41DVS,Inbound Call,Phone,Transaccional,Transaccional,265.0,99.0,True,False,Neutral,-0.12,colombian,colombian,False,"PRD-4E6GR0DYQSPJ,PRD-X9TCEUDFFOKN",False,True
INT-3CLEPEAYR5UANFYE,2026-04-22 05:42:37,2026-04-21,CLI-UHZ00366KIME,AGT-B6KQJ1GE8L,Inbound Call,Phone,Transaccional,Transaccional,298.0,116.0,True,False,Neutral,0.1,mexican,mexican,False,,False,True
INT-FES8DV4P69HSD4L2,2026-04-21 13:53:15,2026-04-21,CLI-BI0UIGD115KY,AGT-VDMGGUDE0K,Inbound Call,Phone,Transaccional,Transaccional,224.0,129.0,True,False,Neutral,0.07,,,False,,True,True
INT-280ORSH4B7ZJRAEW,2026-04-21 18:56:59,2026-04-21,CLI-RQ8GWBJHQU2K,AGT-GSM38P7MQL,Inbound Call,Phone,Transaccional,Transaccional,129.0,112.0,True,False,Neutral,0.24,colombian,colombian,False,,True,True
INT-3XK48F8X4J5G6WUU,2026-04-21 10:23:40,2026-04-21,CLI-XRPKY1R8W3P4,AGT-G0XY2K72PJ,Inbound Call,Phone,Transaccional,Transaccional,315.0,105.0,True,False,Neutral,0.22,argentine,argentine,True,,False,True
INT-3B999H8PV7KLCH31,2026-04-21 08:47:31,2026-04-21,CLI-B0WKX7ODDW19,AGT-HHZLM4XXDJ,Inbound Call,Phone,Técnico,Técnico,454.0,84.0,False,True,Neutral,0.08,mexican,mexican,False,"PRD-GGPEAM26XMSJ,PRD-T1WSJ3VCYDG1,PRD-W6SE2P2N9EZS",False,True
INT-A6C0BY3F3O8NN056,2026-04-21 11:24:44,2026-04-21,CLI-01QMD63T2S8I,AGT-Z1J3VFKRTZ,Inbound Call,Phone,Producto,Producto,326.0,144.0,True,False,Neutral,0.18,colombian,colombian,False,,False,True
INT-WHGZ6H2CRX1X13WD,2026-04-22 01:18:45,2026-04-21,CLI-VYJD057E4VC9,AGT-JJY1EX95CQ,Inbound Call,Phone,Transaccional,Transaccional,219.0,61.0,True,False,Neutral,0.11,colombian,colombian,True,,True,True
INT-XGM3HAYGIZKGEDST,2026-04-21 11:00:23,2026-04-21,CLI-BYAFZKK9XLQ0,AGT-5J9V220I1K,Inbound Call,Phone,Transaccional,Transaccional,185.0,230.0,True,False,Neutral,0.01,,,False,,False,True
INT-408R9R2ZMAZQWAP2,2026-04-22 04:12:09,2026-04-21,CLI-TDFEIQ4Q9T0K,AGT-62OM5Q1Q05,Chat,App,Transaccional,Transaccional,,,True,False,Neutral,-0.24,,,True,"PRD-6DOI5CT8Q8QH,PRD-11WN7RC264Z0",False,False
INT-DLTK5YSPRTCKRT5L,2026-04-22 00:31:21,2026-04-21,CLI-0XT41L04HYDM,AGT-R1TFEUGKSY,Inbound Call,Phone,Transaccional,Transaccional,205.0,92.0,True,False,Neutral,-0.22,mexican,mexican,False,,False,True
INT-T2S54YIEGCKNLVJ2,2026-04-21 22:15:12,2026-04-21,CLI-DNNHBFIV88NT,AGT-SEDL4ENT0A,Outbound Call,Phone,Transaccional,Transaccional,211.0,,True,False,Neutral,-0.0,mexican,mexican,False,,False,True
INT-7G2W63PGIXEGDEP8,2026-04-22 05:26:28,2026-04-21,CLI-QEKOI1PLKIK5,AGT-P7EOOA2P5S,Inbound Call,Phone,Técnico,Técnico,357.0,170.0,True,False,Neutral,0.19,argentine,argentine,False,,False,True
INT-Z10G0A4K2KZF08R0,2026-04-22 05:58:21,2026-04-21,CLI-R7KZ87JYTVXT,AGT-VFQGSL284E,Inbound Call,Phone,Transaccional,Transaccional,258.0,119.0,False,True,Neutral,0.02,colombian,colombian,False,,False,True
INT-GSFQFENU4REJSTLK,2026-04-21 20:51:49,2026-04-21,CLI-GQA4AZHP7KDS,AGT-GF86DSKF59,Inbound Call,Phone,Producto,Producto,255.0,144.0,True,False,Neutral,0.06,,,False,PRD-EBLUDRXEM9YP,False,True
INT-80R07X8SYX8YQ589,2026-04-21 16:08:49,2026-04-21,CLI-NSNM9ZWEEPHX,AGT-PIKPFEQPIH,Inbound Call,Phone,Queja,Queja,353.0,147.0,True,False,Neutral,-0.08,mexican,colombian,False,,False,True
INT-HI8G506LRG5FYEPS,2026-04-21 15:11:11,2026-04-21,CLI-G0YVIQM5P5R6,AGT-GJ089YSJS0,Inbound Call,Phone,Transaccional,Transaccional,238.0,123.0,True,False,Neutral,0.2,colombian,colombian,False,,False,True
INT-61PRGFP1JFLL8A5H,2026-04-21 17:24:40,2026-04-21,CLI-DJS5IPO226Q9,AGT-KITIHYNJSA,Outbound Call,Phone,Transaccional,Transaccional,118.0,,True,True,Neutral,0.08,colombian,colombian,False,,False,True
INT-7Z3OBLZSW84BCLMU,2026-04-21 18:41:50,2026-04-21,CLI-F7MDFHCREY3D,AGT-OB1QMLOS9A,Inbound Call,Phone,Producto,Producto,162.0,131.0,True,False,Neutral,0.05,argentine,colombian,False,,False,True
INT-36KDJGG4CE1RT57Q,2026-04-22 01:45:46,2026-04-21,CLI-WSXZHKJU3VHC,AGT-5U01K5M1K2,Outbound Call,Phone,Transaccional,Transaccional,162.0,,True,False,Neutral,-0.19,argentine,mexican,True,,False,True
INT-CYU02HWPPK40OHY2,2026-04-21 09:13:16,2026-04-21,CLI-4HUZG0SRIF63,AGT-A8JC05Z7T5,Chat,Web Chat,Técnico,Técnico,,,True,False,Muy Positivo,0.84,,,False,,False,False
INT-8PISHIM9UX1S0M7E,2026-04-21 13:27:14,2026-04-21,CLI-XJBPHXU3OY3T,AGT-9K4W87HK9Z,Inbound Call,Phone,Técnico,Técnico,491.0,62.0,False,True,Neutral,-0.06,colombian,colombian,False,,True,True
INT-911QADKQJQZ1C9WY,2026-04-22 04:25:59,2026-04-21,CLI-K5DYSEQETLSR,AGT-I0U7X8BN8X,Inbound Call,Phone,Técnico,Técnico,64.0,226.0,True,False,Positivo,0.41,argentine,argentine,False,,False,True
INT-CLJUT5Q3CI97RPX2,2026-04-22 05:33:50,2026-04-21,CLI-EHZSM36CAANM,AGT-OST7AX31MF,Inbound Call,Phone,Técnico,Técnico,290.0,37.0,True,False,Positivo,0.57,argentine,argentine,False,,False,True
INT-BWJQ2NGOAYPSM675,2026-04-21 13:12:06,2026-04-21,CLI-78II904GBHX7,AGT-L9LMIGUHNZ,Inbound Call,Phone,Transaccional,Transaccional,173.0,165.0,True,False,Neutral,-0.04,mexican,mexican,True,,False,True
INT-H8BJLB91YG8XDBIB,2026-04-22 00:14:07,2026-04-21,CLI-3F80LHK9DQYO,AGT-Z1FRSK9T0T,Inbound Call,Phone,Transaccional,Transaccional,162.0,188.0,True,False,Neutral,0.27,mexican,colombian,False,"PRD-S3H5EHM5WRK5,PRD-WKCUB4AKNERV,PRD-6XBJMVMHZJWG",False,True
INT-S6VRF2CVMA3ANMYG,2026-04-21 13:08:43,2026-04-21,CLI-FTVL2DJH5FIB,AGT-6XP3TGQ4QT,Inbound Call,Phone,Retención,Retención,521.0,49.0,False,True,Muy Negativo,-0.85,argentine,argentine,False,,False,True
INT-GGOO8QJL8RFZSE6N,2026-04-21 17:54:54,2026-04-21,CLI-HLH6TMDTUDNS,AGT-KJ8EIV7HG0,Inbound Call,Phone,Producto,Producto,249.0,85.0,True,False,Negativo,-0.44,mexican,mexican,False,,False,True
INT-9F5CYF5C6H0N6496,2026-04-21 22:20:44,2026-04-21,CLI-T2FMLXU0FIZF,AGT-I91223U4EN,Inbound Call,Phone,Producto,Producto,206.0,34.0,True,False,Neutral,0.15,colombian,colombian,False,PRD-2W45N6TLNGJJ,False,True
INT-J9BVBLX91583W8FN,2026-04-22 03:41:01,2026-04-21,CLI-14E1281VHXW8,AGT-VPGMWBYXFI,Inbound Call,Phone,Técnico,Técnico,305.0,48.0,False,True,Positivo,0.32,mexican,mexican,False,,False,True
INT-Q738DOTXX5NZPPF6,2026-04-21 14:33:39,2026-04-21,CLI-R69DLKWT8THJ,AGT-G0U5QILT5N,Inbound Call,Phone,Transaccional,Transaccional,314.0,31.0,True,False,Neutral,0.25,mexican,mexican,False,"PRD-5NIJQQIQ7MNE,PRD-HBQ1FIOKTCAQ,PRD-4RDH55WVGRLA",False,True
INT-MA51IECKI6H24JHB,2026-04-21 20:32:35,2026-04-21,CLI-Z11E58Y92PGG,AGT-S2RR13SI24,Inbound Call,Phone,Producto,Producto,201.0,160.0,True,True,Neutral,-0.01,mexican,mexican,True,"PRD-FD51IACK82WU,PRD-CUUL3A1GNFKU,PRD-2KEUII85PIM6",False,True
INT-FY0095O4SJCT1RRR,2026-04-21 16:30:29,2026-04-21,CLI-CHKX1V9I41MI,AGT-V9MAWPQ7HZ,Inbound Call,Phone,Transaccional,Transaccional,587.0,125.0,True,False,Neutral,-0.24,mexican,mexican,False,,False,True
INT-C33LYBQI9FICOXKM,2026-04-22 00:38:15,2026-04-21,CLI-AQM38TQVB2FS,AGT-UK3JBLHXC6,Inbound Call,Phone,Producto,Producto,193.0,146.0,True,False,Neutral,0.15,,,False,PRD-E7JIV4582C1O,False,True
INT-CI6S36O3P59PEFCL,2026-04-21 19:41:49,2026-04-21,CLI-T2A3DVI1OGJH,AGT-C0S7V2IHHG,Email,Email,Técnico,Técnico,,,True,False,Neutral,-0.14,colombian,colombian,True,"PRD-M3UEABHVE162,PRD-TU7L8LQJT5H2",False,False
INT-2NDOEXWTO3RRQQY0,2026-04-21 08:34:04,2026-04-21,CLI-YRAHAHDGG5EW,AGT-64T08W0ODF,Inbound Call,Phone,Transaccional,Transaccional,250.0,65.0,True,False,Neutral,-0.01,mexican,mexican,False,,False,True
INT-WF5K8BGLLLCV6EAR,2026-04-21 14:16:04,2026-04-21,CLI-Y649MLNR1785,AGT-PTQZV7ISVY,Inbound Call,Phone,Técnico,Técnico,392.0,155.0,False,True,Neutral,0.07,,,False,,False,True
INT-65MR18J7X9QIIKK6,2026-04-22 04:36:34,2026-04-21,CLI-7XKP634M5C1B,AGT-XGAUAW8BI8,Outbound Call,Phone,Queja,Queja,523.0,,False,True,Positivo,0.67,mexican,mexican,False,,False,True
INT-PER2GQQ644KVHBYY,2026-04-21 22:16:32,2026-04-21,CLI-KPAF3QZRB4IL,AGT-2GSO6ODA8L,Outbound Call,Phone,Transaccional,Transaccional,335.0,,False,True,Neutral,0.04,colombian,mexican,False,,False,True
INT-NNDQOOYU8RZ5PLE4,2026-04-22 04:05:20,2026-04-21,CLI-CFQ0DKDY2NKO,AGT-BRSQ4J226H,Inbound Call,Phone,Comercial,Comercial,701.0,189.0,False,True,Neutral,-0.22,argentine,argentine,False,,False,True
INT-7RY1KQ9EWSL7DM1M,2026-04-21 22:31:43,2026-04-21,CLI-0N70NWQHZLXH,AGT-AX80P6GQZV,Outbound Call,Phone,Transaccional,Transaccional,229.0,,True,False,Neutral,-0.29,colombian,mexican,False,,False,True
INT-H1K519P302MWF0IO,2026-04-21 09:13:46,2026-04-21,CLI-X7VTK4TNVQX0,AGT-OR7DN8OOL8,Inbound Call,Phone,Técnico,Técnico,641.0,0.0,True,False,Neutral,0.2,mexican,mexican,False,,True,True
INT-7LKGBQIGLCHA6O3Y,2026-04-21 09:08:03,2026-04-21,CLI-EJ49YEMBI338,AGT-MZOYQF5IHG,Inbound Call,Phone,Técnico,Técnico,572.0,141.0,True,False,Muy Negativo,-0.7,,,False,,False,True
INT-SZXQO24OFQFA8V31,2026-04-21 22:54:24,2026-04-21,CLI-YKDN9G7B6HIT,AGT-M6MXQC9YHN,Email,Email,Producto,Producto,,,True,False,Positivo,0.38,mexican,mexican,False,,False,False
INT-MX1P4TGB151QRWFL,2026-04-22 00:24:27,2026-04-21,CLI-OYJ1DP0S2YVA,AGT-ADNC57V4Y5,Inbound Call,Phone,Transaccional,Transaccional,138.0,60.0,True,False,Neutral,-0.26,colombian,mexican,False,"PRD-ZVVSN1IX36LP,PRD-42SY2SWRA26E",False,True
INT-XMGIVPSNB4XZFHLQ,2026-04-21 20:14:12,2026-04-21,CLI-8Q0Y81DB7UQ7,AGT-Y27TPT34U4,Inbound Call,Phone,Transaccional,Transaccional,203.0,111.0,True,False,Neutral,-0.19,argentine,mexican,False,,True,True
INT-N12JTA84IOPD3PM8,2026-04-22 06:08:23,2026-04-21,CLI-SRPT2ZDIQTRQ,AGT-I54H5N8EAF,Outbound Call,Phone,Transaccional,Transaccional,437.0,,True,False,Neutral,0.08,,,False,"PRD-AJQLL1N3A441,PRD-OIOKL3H7ASWW",False,True
INT-280KWX9DT9YGLNAH,2026-04-21 08:25:44,2026-04-21,CLI-L0BK19Y5VWT8,AGT-R03JWT0EJ6,Outbound Call,Phone,Técnico,Técnico,421.0,,False,True,Negativo,-0.33,argentine,argentine,False,,False,True
INT-5XXWJSRI54JB21UM,2026-04-21 08:59:09,2026-04-21,CLI-7WXB3REOT79N,AGT-BOSIAA5J5O,Email,Email,Transaccional,Transaccional,,,True,False,Neutral,0.27,mexican,mexican,False,"PRD-V1EJ9QTS5AB0,PRD-55SKRY9OJPXU,PRD-H9H34GQDCRVF",True,False
INT-BE8UAC8E7E46R59R,2026-04-21 11:39:32,2026-04-21,CLI-X914EKWIA5FP,AGT-UCOAAM33Z5,Inbound Call,Phone,Producto,Producto,158.0,200.0,True,False,Neutral,0.21,mexican,argentine,False,,False,True
INT-OWVXD78YIXCCUNUE,2026-04-22 06:39:05,2026-04-21,CLI-MVRLVH6V9E8U,AGT-UX3Z61ZNLY,Inbound Call,Phone,Producto,Producto,299.0,107.0,True,False,Negativo,-0.34,,,False,PRD-0C1E6YRGPMR0,False,True
INT-NHZVFW51K676YSH9,2026-04-21 11:28:17,2026-04-21,CLI-MJKNFTKPY562,AGT-M261ILATNY,Inbound Call,Phone,Producto,Producto,67.0,74.0,True,False,Neutral,-0.14,,,False,,False,True
INT-QCETS8FXYKXSBNXH,2026-04-22 05:24:55,2026-04-21,CLI-NL10M9MVRF88,AGT-YF9RO3EJZU,Inbound Call,Phone,Producto,Producto,254.0,151.0,True,False,Neutral,0.02,,,False,"PRD-SB7E5HTULP6W,PRD-3KBB8XCW0PGX,PRD-EE0QVY8TCFIP",False,True
INT-3ZPGED8T6U78BD10,2026-04-21 13:22:40,2026-04-21,CLI-HIL3THWX7TZR,AGT-HSNO92AITC,Inbound Call,Phone,Transaccional,Transaccional,194.0,0.0,True,False,Neutral,-0.2,argentine,argentine,False,"PRD-N1UVJVJPJ09W,PRD-7HLUE6IT37J5",False,True
INT-NAS3RGP7US4MDI04,2026-04-21 12:02:02,2026-04-21,CLI-VNAN97NDPC7R,AGT-TJ0RZV4GUF,Inbound Call,Phone,Técnico,Técnico,422.0,139.0,True,False,Muy Negativo,-0.85,,,False,,False,True
INT-LAYMI0NP7E6I9FGG,2026-04-22 06:35:53,2026-04-21,CLI-DA57PG6DFQ2S,AGT-JPMUUWJV12,Inbound Call,Phone,Transaccional,Transaccional,211.0,70.0,True,False,Neutral,0.25,argentine,argentine,False,,False,True
INT-YSN24YO4W9S5C9IE,2026-04-21 15:58:29,2026-04-21,CLI-P9ZI36ANEH1Q,AGT-5ZON0CZXOE,Chat,App,Comercial,Comercial,,,False,True,Neutral,-0.1,mexican,mexican,False,,False,False
INT-N4QMEK5D1UDA8CPM,2026-04-21 19:16:26,2026-04-21,CLI-F3WDSXRHA953,AGT-J639PQ85HC,Outbound Call,Phone,Transaccional,Transaccional,324.0,,True,False,Neutral,-0.01,,,False,,False,True
INT-8QQDVNQHZN4JRQ8R,2026-04-21 20:40:12,2026-04-21,CLI-F6IIGQS4EVQP,AGT-1LZC3FE0Y5,Inbound Call,Phone,Queja,Queja,366.0,71.0,True,False,Neutral,-0.1,,,False,,False,True
INT-R4WZIOG2L3VRC7WD,2026-04-22 07:24:48,2026-04-21,CLI-Q8MGVGRQJQAA,AGT-TRV7Z7UODY,Inbound Call,Phone,Transaccional,Transaccional,239.0,194.0,True,False,Neutral,0.01,colombian,colombian,True,,False,True
INT-C7SZ0AJTPNH721Q6,2026-04-21 17:01:51,2026-04-21,CLI-7MKICG596N3C,AGT-1C2ZX2X1ER,Inbound Call,Phone,Producto,Producto,446.0,138.0,True,False,Neutral,0.19,mexican,mexican,False,,False,True
INT-N3U7HU35PEGF7857,2026-04-21 22:06:37,2026-04-21,CLI-L0WFMHV1HSK9,AGT-YRRA4HF4J8,Inbound Call,Phone,Transaccional,Transaccional,222.0,48.0,True,False,Neutral,0.16,,,False,"PRD-RPCFL86ICPST,PRD-42THK6R69I7I",False,True
INT-SHJA89EOFPJQE3EZ,2026-04-22 05:53:58,2026-04-21,CLI-YHLN5LY9D55T,AGT-SRVYKVRU3O,Chat,Web Chat,Transaccional,Transaccional,,,True,False,Neutral,-0.3,,,False,,False,False
INT-OU3BTKBMRGGCSX8R,2026-04-22 00:53:43,2026-04-21,CLI-HFG200MOT5Y5,AGT-P0R6W0FYK1,Email,Email,Queja,Queja,,,False,True,Neutral,-0.25,argentine,argentine,False,,False,False
INT-YMFZ644EV3MSVH1N,2026-04-22 01:41:40,2026-04-21,CLI-1RTRBIWLM8MF,AGT-3X1VSNELON,Chat,WhatsApp,Queja,Queja,,,False,True,Negativo,-0.65,colombian,mexican,False,,False,False
INT-AFDXL2C807ZJQJCJ,2026-04-21 19:30:00,2026-04-21,CLI-31R8AC9ELJB1,AGT-F9WI50IQUB,Chat,App,Comercial,Comercial,,,True,False,Positivo,0.48,mexican,mexican,False,,False,False
INT-I3KZW2RH3SGPBOIJ,2026-04-22 03:54:41,2026-04-21,CLI-4A7VVKIVR4U3,AGT-RAIJ7RHMBA,Inbound Call,Phone,Transaccional,Transaccional,194.0,123.0,True,False,Neutral,-0.14,argentine,argentine,False,,False,True
INT-GRRSQ0FJ4ZYYYHG6,2026-04-22 05:17:47,2026-04-21,CLI-9W16S7AZ4AMS,AGT-NOB5KS50MS,Inbound Call,Phone,Producto,Producto,241.0,26.0,True,True,Neutral,0.19,argentine,argentine,False,PRD-3ZGW7T08KO00,False,True
INT-K0DAN4C7WBXZADC0,2026-04-21 08:47:04,2026-04-21,CLI-DIITQ0GT8443,AGT-F46PV6WU87,Inbound Call,Phone,Producto,Producto,205.0,116.0,True,False,Neutral,-0.02,mexican,mexican,False,,False,True
INT-3LRTHKNMCODRRQUC,2026-04-21 21:48:30,2026-04-21,CLI-RUIWEORND5BA,AGT-GMSZFOVA7S,Inbound Call,Phone,Transaccional,Transaccional,124.0,32.0,True,False,Neutral,-0.25,colombian,colombian,False,,False,True
INT-H2BH28G15I0RBOSP,2026-04-21 21:31:54,2026-04-21,CLI-VL853CU3KCWQ,AGT-7QOULFMSTS,Inbound Call,Phone,Producto,Producto,264.0,0.0,True,True,Neutral,-0.23,colombian,colombian,False,"PRD-SUD8NX0AOFLK,PRD-KJ0T16BDS23A,PRD-74P5QK761P42",True,True
INT-LAVKOB9WYWLTRZMS,2026-04-21 09:21:54,2026-04-21,CLI-OKEEJD4HURRX,AGT-KTG7GAP6JI,Chat,WhatsApp,Queja,Queja,,,False,True,Positivo,0.42,,,False,PRD-ZYSFDSGG97L4,False,False
INT-7Y3RSDWWAUSDW6C7,2026-04-21 20:13:26,2026-04-21,CLI-KFAOFNS28H8G,AGT-EMSDKX98GM,Inbound Call,Phone,Transaccional,Transaccional,531.0,160.0,True,False,Neutral,0.22,,,True,,True,True
INT-B822FJNZFDEFWZQW,2026-04-21 13:27:06,2026-04-21,CLI-W0WD9M5I9CBY,AGT-9A52G9KAKH,Chat,Web Chat,Producto,Producto,,,True,False,Neutral,0.02,mexican,colombian,False,,False,False
INT-6QMF57B2DDV3ILYW,2026-04-21 12:35:57,2026-04-21,CLI-BQJN18S5O78A,AGT-R1TFEUGKSY,Inbound Call,Phone,Producto,Producto,285.0,146.0,True,False,Neutral,-0.25,mexican,mexican,False,,False,True
INT-SWNEQERAHPXZ8HEK,2026-04-22 03:59:32,2026-04-21,CLI-Y30TG0NNNVFP,AGT-9OUCPLC2FI,Outbound Call,Phone,Transaccional,Transaccional,98.0,,True,True,Neutral,0.27,,,False,"PRD-W3T9Y8SMTK3N,PRD-5A4ET2J6QADZ",False,True
INT-KKT4OC0OZNRR28W0,2026-04-21 17:12:24,2026-04-21,CLI-KE2Z1NZ7DK1S,AGT-V3V3K8X0W2,Inbound Call,Phone,Transaccional,Transaccional,286.0,147.0,True,False,Neutral,-0.1,colombian,colombian,False,"PRD-CWADR1QU5WTO,PRD-N886KWJLB37S",True,True
INT-TFLRCGDA30N952YT,2026-04-21 22:32:35,2026-04-21,CLI-1R24V89M5P6A,AGT-TJ0RZV4GUF,Outbound Call,Phone,Retención,Retención,446.0,,True,False,Neutral,0.19,mexican,mexican,False,,False,True
INT-B4MHEIDCIJIP1RU2,2026-04-22 05:44:15,2026-04-21,CLI-MJDR5XNSBXUI,AGT-ZGQ4FYLRK2,Inbound Call,Phone,Queja,Queja,333.0,147.0,True,False,Negativo,-0.46,,,False,PRD-8KAOTI0OS2IH,True,True
INT-1WIF0WW5J9TEFW4G,2026-04-22 01:22:27,2026-04-21,CLI-8WSSL9G0KF3G,AGT-MZOYQF5IHG,Outbound Call,Phone,Queja,Queja,405.0,,False,True,Neutral,-0.24,,,False,,False,True
INT-G1DD3O0TFHC03BBJ,2026-04-21 13:51:17,2026-04-21,CLI-NIIC0TFZUTZX,AGT-ABK5SY60XE,Inbound Call,Phone,Producto,Producto,246.0,126.0,True,False,Muy Negativo,-0.98,mexican,mexican,False,,False,True
INT-G6KUXTZSUFIY4OIJ,2026-04-21 08:32:29,2026-04-21,CLI-2A2DE8SPED5M,AGT-EUWMU9A5O8,Inbound Call,Phone,Producto,Producto,245.0,57.0,True,False,Muy Positivo,1.0,mexican,mexican,False,"PRD-O260TAQ88L9I,PRD-GPINXYF4FNBS,PRD-RRP7SOS9N6YR",False,True
INT-F718MYJ77RC6QI0X,2026-04-21 17:54:54,2026-04-21,CLI-SE1C5HHQVZBF,AGT-W5MIABMIYE,Inbound Call,Phone,Técnico,Técnico,245.0,57.0,True,False,Negativo,-0.47,mexican,mexican,False,,False,True
INT-TEEPWNDIWAHRD6B9,2026-04-22 03:16:46,2026-04-21,CLI-6UNGS2VVGJ7S,AGT-5PR2VCD9EJ,Inbound Call,Phone,Transaccional,Transaccional,33.0,163.0,True,False,Neutral,-0.2,colombian,colombian,False,"PRD-AV4JU8AK2M8Q,PRD-OSP0R09TH44Y",False,True
INT-T6NO39ZAKG4ZJITU,2026-04-21 15:09:42,2026-04-21,CLI-HV8UC9VCQ0S7,AGT-3QD3LV3C23,Inbound Call,Phone,Producto,Producto,278.0,130.0,False,True,Neutral,-0.11,mexican,mexican,False,,False,True
INT-Y6XOINBFUZG6I07P,2026-04-21 17:07:54,2026-04-21,CLI-352SC3E0O5PZ,AGT-V4FGNHLRXQ,Inbound Call,Phone,Queja,Queja,476.0,188.0,False,True,Negativo,-0.61,mexican,argentine,False,,False,True
INT-JIRJDFRE4YKOAVIG,2026-04-22 01:32:17,2026-04-21,CLI-NLA9S7FW3CT6,AGT-Z5RWNRU08X,Inbound Call,Phone,Transaccional,Transaccional,185.0,123.0,True,True,Neutral,0.17,,,True,"PRD-FEAM3CWSQTYJ,PRD-VW192TVRUPB2",False,True
INT-PP5XNDO1ZJDT6NEJ,2026-04-22 04:34:02,2026-04-21,CLI-T5ZYGUJE3IH8,AGT-XPFEQBBG8N,Chat,Web Chat,Técnico,Técnico,,,True,True,Negativo,-0.59,mexican,mexican,False,,False,False
INT-E1BDKWTM8AOVTYHE,2026-04-21 22:20:12,2026-04-21,CLI-9ZOFKS358HMJ,AGT-IZDFJFHSFH,Inbound Call,Phone,Queja,Queja,452.0,246.0,False,True,Neutral,0.17,mexican,mexican,False,,False,True
INT-KBWY6I8SOTXR7YPO,2026-04-22 00:26:35,2026-04-21,CLI-FNG7RKEIP7KD,AGT-MUGUW34H6Y,Inbound Call,Phone,Técnico,Técnico,361.0,145.0,True,False,Neutral,-0.02,colombian,colombian,False,,False,True
INT-Z6A0EB59S9PSIKLY,2026-04-21 20:57:07,2026-04-21,CLI-BYA16C04JPMW,AGT-7YEN4DGX91,Inbound Call,Phone,Producto,Producto,218.0,147.0,True,False,Neutral,0.25,argentine,colombian,True,,False,True
INT-TMJQ6RS74RMG8ES9,2026-04-21 22:16:54,2026-04-21,CLI-M23COAT8E3D6,AGT-EDV4G21PUV,Inbound Call,Phone,Producto,Producto,322.0,103.0,True,False,Neutral,-0.14,,,False,PRD-MMJ9TRZPLS2N,False,True
INT-58V1C2F7CBV9N9Z0,2026-04-21 14:38:21,2026-04-21,CLI-942JGUYEDDJ1,AGT-PI0J3ZNGEF,Inbound Call,Phone,Técnico,Técnico,263.0,69.0,True,False,Neutral,-0.07,,,False,PRD-IAYYCE28ZJL3,False,True
INT-RW5OWFDCPJK8HEG5,2026-04-21 12:11:02,2026-04-21,CLI-LLFJLC0595Q5,AGT-NBQ65Y4VZ9,Inbound Call,Phone,Transaccional,Transaccional,145.0,160.0,True,False,Neutral,0.16,mexican,mexican,False,,False,True
INT-VYNV0TEYNYO4VUFS,2026-04-22 02:44:38,2026-04-21,CLI-QU7R4R951IGG,AGT-0FULA5JB42,Inbound Call,Phone,Técnico,Técnico,206.0,130.0,False,True,Positivo,0.49,mexican,mexican,False,"PRD-XLYBNB6BFIQR,PRD-Q8QME3Y527K4,PRD-RD9ZS51EBX5V",False,True
INT-4LPBSLT9PEF45ZCY,2026-04-21 14:59:56,2026-04-21,CLI-24KENUM6L3LA,AGT-C6RUPPZPMR,Outbound Call,Phone,Queja,Queja,389.0,,False,True,Negativo,-0.69,,,False,"PRD-QIRBEUZZMOJE,PRD-NU0J7LTGEXU6",False,True
INT-736DVFHYAR8DPMT8,2026-04-21 18:33:17,2026-04-21,CLI-KNNWWF6NAEKE,AGT-BNRGY5W9D6,Inbound Call,Phone,Queja,Queja,500.0,119.0,False,True,Neutral,0.13,mexican,mexican,False,,False,True
INT-XURQTKG05GIHVZF5,2026-04-22 00:33:06,2026-04-21,CLI-4DHS9LBSQ5XK,AGT-ERRAQZDJDY,Inbound Call,Phone,Técnico,Técnico,270.0,165.0,True,False,Positivo,0.61,,,False,,False,True
INT-L2HYSGK575JILZK7,2026-04-21 08:18:03,2026-04-21,CLI-EHNFNHD44MH1,AGT-QXV7HN47JJ,Inbound Call,Phone,Queja,Queja,690.0,100.0,False,True,Positivo,0.53,,,False,"PRD-14TQ380JFANR,PRD-ZLYN8OBVW7PW,PRD-AS1XV4ULIR2B",False,True
INT-QDDDXN7I5397RQ37,2026-04-21 12:22:31,2026-04-21,CLI-94NCGRTYC2MD,AGT-7XS8GUBKR1,Email,Email,Transaccional,Transaccional,,,True,False,Neutral,0.21,mexican,mexican,False,,False,False
INT-Z5K2WCCFLG2EFHH0,2026-04-22 01:31:27,2026-04-21,CLI-Z27GLPXRQCPZ,AGT-Z77UHM1UV3,Inbound Call,Phone,Técnico,Técnico,395.0,122.0,True,False,Positivo,0.68,,,True,,True,True
INT-CAL5E4PJNAGSYNTV,2026-04-21 18:36:08,2026-04-21,CLI-7UBJFGFF4SJW,AGT-2H7OTPEC6D,Inbound Call,Phone,Transaccional,Transaccional,78.0,187.0,True,False,Neutral,0.14,,,False,,True,True
INT-JD8PSX4B0K210SGP,2026-04-22 04:32:41,2026-04-21,CLI-XO0DGR5S3I7V,AGT-6ZZW9BKBOC,Inbound Call,Phone,Transaccional,Transaccional,30.0,111.0,True,False,Neutral,-0.07,argentine,argentine,False,"PRD-DM3TP1OBN9B9,PRD-CRDE8O1ATNRK,PRD-CEUCQFID6APJ",True,True
INT-CGL08TEDR2E3MKK0,2026-04-21 21:19:41,2026-04-21,CLI-XNVLDL61RV0K,AGT-8FD0HKHTXZ,Inbound Call,Phone,Producto,Producto,123.0,6.0,True,False,Neutral,0.07,mexican,mexican,False,,True,True
INT-9CDB0UB15S8B5F0K,2026-04-21 14:20:10,2026-04-21,CLI-DNZ704A33DSG,AGT-GDSRHZRHQ7,Inbound Call,Phone,Comercial,Comercial,481.0,148.0,True,False,Muy Negativo,-0.78,argentine,argentine,False,"PRD-WO4A04J1VJU1,PRD-RRZJJRC3HDYP",False,True
INT-W12H1VUPOP35V2VM,2026-04-21 10:26:01,2026-04-21,CLI-MJKNFTKPY562,AGT-23RRHYZ3YU,Inbound Call,Phone,Transaccional,Transaccional,155.0,93.0,True,False,Neutral,0.29,,,True,,False,True
INT-PNO1BX8BMO983AS7,2026-04-22 00:06:57,2026-04-21,CLI-X6B08QVGCULW,AGT-KCT0OUBWIE,Inbound Call,Phone,Transaccional,Transaccional,228.0,213.0,True,False,Neutral,0.22,colombian,colombian,False,,True,True
INT-IHUSEN7MF7S13D3U,2026-04-22 02:25:40,2026-04-21,CLI-C589WHZKNXOV,AGT-MQRF3372LI,Inbound Call,Phone,Producto,Producto,197.0,186.0,True,False,Positivo,0.46,mexican,mexican,False,,False,True
INT-7RFQFSHPBA3IHWVT,2026-04-21 22:42:28,2026-04-21,CLI-RR16EI9KAYD6,AGT-FIFKWZ2CD9,Outbound Call,Phone,Comercial,Comercial,492.0,,True,False,Muy Negativo,-0.83,,,True,,False,True
INT-0GF88TFTB3IZBW05,2026-04-21 13:42:43,2026-04-21,CLI-K3WX5IX9OO8A,AGT-CEXEFAB9WX,Inbound Call,Phone,Transaccional,Transaccional,106.0,97.0,True,False,Neutral,0.23,,,False,"PRD-1QREMU2DT0U2,PRD-QO98AM2IKZEY",True,True
INT-FKF1S96DCDO1RYX4,2026-04-22 00:25:47,2026-04-21,CLI-O8RL301LED8H,AGT-IA36860J9Z,Inbound Call,Phone,Producto,Producto,190.0,37.0,True,False,Negativo,-0.58,mexican,mexican,False,,False,True
INT-FGQQMI93QYQBCN0V,2026-04-21 20:56:59,2026-04-21,CLI-BWFBEHJTW2IV,AGT-TNY667JLTI,Outbound Call,Phone,Transaccional,Transaccional,169.0,,True,False,Neutral,0.16,colombian,colombian,True,"PRD-RL422QYXZK83,PRD-P3CX3S49896K,PRD-U1LACWZNU1PK",True,True
INT-VABZNW1D4HVRY2HU,2026-04-21 18:23:31,2026-04-21,CLI-FTHRW5L7MYPF,AGT-BE8UFS60OG,Inbound Call,Phone,Producto,Producto,192.0,32.0,True,False,Negativo,-0.56,,,False,PRD-79DOYKO0IB8G,False,True
INT-9GB5058OCS8CJE7T,2026-04-21 16:51:03,2026-04-21,CLI-K0E0910NKDXE,AGT-R03JWT0EJ6,Outbound Call,Phone,Queja,Queja,445.0,,False,True,Neutral,0.13,mexican,mexican,False,,True,True
INT-VPD1OFW7QRO0829E,2026-04-21 16:46:44,2026-04-21,CLI-TGHF01ICVH83,AGT-OGGRUSWXOK,Inbound Call,Phone,Producto,Producto,110.0,79.0,True,False,Negativo,-0.54,colombian,mexican,False,PRD-S3FG4ZUXVKOK,False,True
INT-4WMRO9RBKFA622BC,2026-04-22 07:00:02,2026-04-21,CLI-V60CSJQ8E1F5,AGT-DJ2LBQOGP3,Inbound Call,Phone,Producto,Producto,396.0,82.0,True,False,Neutral,0.2,,,False,"PRD-S7Q7ANIPP64Y,PRD-3NSB6GEW06DD",False,True
INT-YG4L7QMV4GLWSIGA,2026-04-21 13:58:29,2026-04-21,CLI-4J9YGENYD9VP,AGT-HEY1DFYU3O,Inbound Call,Phone,Técnico,Técnico,192.0,73.0,True,True,Negativo,-0.46,mexican,mexican,False,,False,True
INT-37ZEQLBQXDHHE44L,2026-04-21 23:04:50,2026-04-21,CLI-IGHK3JJQJAIY,AGT-P7UOO1A7J0,Outbound Call,Phone,Queja,Queja,437.0,,True,False,Neutral,0.14,mexican,mexican,True,PRD-N5ACG4ZETQ3M,False,True
INT-1D09HZ745NJMABYR,2026-04-22 01:05:24,2026-04-21,CLI-VUTL0D43AATW,AGT-R4ODXQMRF5,Inbound Call,Phone,Producto,Producto,248.0,151.0,False,True,Neutral,-0.05,colombian,colombian,False,,False,True
INT-OZ4OAKLA7DRFAD0B,2026-04-21 15:23:10,2026-04-21,CLI-QYITC8WMG4NO,AGT-W4AYW4BGI9,Outbound Call,Phone,Transaccional,Transaccional,228.0,,False,True,Neutral,-0.22,colombian,colombian,False,,True,True
INT-IKRFA6VKDF0PO0OZ,2026-04-21 13:38:23,2026-04-21,CLI-6KCG7M1E39SC,AGT-OHDGRCT0SL,Inbound Call,Phone,Técnico,Técnico,419.0,152.0,True,False,Neutral,-0.09,,,False,,False,True
INT-06931YCMTJ9POQQG,2026-04-21 16:58:08,2026-04-21,CLI-DYGFO2D707UQ,AGT-IZDFJFHSFH,Inbound Call,Phone,Transaccional,Transaccional,319.0,206.0,False,True,Neutral,-0.06,colombian,colombian,False,,True,True
INT-9CHSRGJ99T4Z51KF,2026-04-21 08:23:37,2026-04-21,CLI-MGZX2FG927R8,AGT-9ES2CNB4EJ,Inbound Call,Phone,Producto,Producto,266.0,62.0,True,False,Negativo,-0.55,,,False,,False,True
INT-GJ9W58AH9CEZN361,2026-04-22 03:23:04,2026-04-21,CLI-V9NRMGYVLN7E,AGT-4W61FITOXQ,Inbound Call,Phone,Producto,Producto,263.0,30.0,True,True,Neutral,0.06,mexican,mexican,False,,True,True
INT-FN9IM00MMRT1XJP8,2026-04-21 16:35:51,2026-04-21,CLI-G3HENMB0Z918,AGT-1999NR0BNU,Inbound Call,Phone,Técnico,Técnico,360.0,102.0,True,False,Positivo,0.42,argentine,argentine,False,,False,True
INT-PU6X3OQZS4C2P730,2026-04-21 17:36:01,2026-04-21,CLI-40P3JZJYHR55,AGT-7STCFNILU3,Chat,Web Chat,Queja,Queja,,,True,False,Positivo,0.52,mexican,colombian,False,,False,False
INT-VR12OUXRGJOHKFDF,2026-04-22 02:46:30,2026-04-21,CLI-LIAPOCRC4TDO,AGT-POEX2CJEPP,Inbound Call,Phone,Queja,Queja,492.0,147.0,False,True,Muy Negativo,-0.83,argentine,colombian,False,,False,True
INT-X38FILNGRJJDR237,2026-04-21 13:12:20,2026-04-21,CLI-XY74ZNPQ70AB,AGT-VNPM17YQ4J,Inbound Call,Phone,Transaccional,Transaccional,282.0,178.0,True,False,Neutral,0.01,,,False,PRD-1LXY1JTGQ73H,False,True
INT-UJQ7WDCQZUBD19JC,2026-04-21 22:02:44,2026-04-21,CLI-CQ4OHF35A3Q5,AGT-1017M8ALDP,Inbound Call,Phone,Técnico,Técnico,266.0,4.0,True,False,Positivo,0.44,,,False,PRD-4HATFKB91P4V,True,True
INT-48VRXHVWG6JRBSF0,2026-04-22 01:19:25,2026-04-21,CLI-7WZS1QLFE5FT,AGT-5RHY2PG248,Inbound Call,Phone,Técnico,Técnico,483.0,46.0,True,False,Muy Positivo,0.77,colombian,argentine,False,,False,True
INT-ENZS973D5V2X90A0,2026-04-21 17:46:35,2026-04-21,CLI-WBNLTG1A6S7Q,AGT-LDEF25BE86,Inbound Call,Phone,Transaccional,Transaccional,357.0,167.0,True,True,Neutral,0.28,mexican,mexican,True,,False,True
INT-HGILSOPZSAH6BEQV,2026-04-21 12:51:15,2026-04-21,CLI-5IW0D5NBNR53,AGT-G18BLCU91K,Inbound Call,Phone,Transaccional,Transaccional,200.0,189.0,True,False,Neutral,-0.25,mexican,colombian,False,"PRD-Q4R1FJKMM85Z,PRD-95TG6VFW5CV6,PRD-1RPPEESRO4TX",False,True
INT-Z2YRNJQ10SRP4NHK,2026-04-22 01:37:12,2026-04-21,CLI-T0D4D4Q74CX5,AGT-7IZEUIYKAX,Inbound Call,Phone,Transaccional,Transaccional,310.0,154.0,True,False,Neutral,-0.22,mexican,mexican,False,,False,True
INT-6WS9PFE8SUVNYP01,2026-04-22 01:13:18,2026-04-21,CLI-1UBN6JJPUOPV,AGT-WCPI68FFI5,Inbound Call,Phone,Técnico,Técnico,275.0,22.0,False,True,Negativo,-0.7,argentine,argentine,False,,False,True
INT-AML3V80BCI1WEL2P,2026-04-22 05:58:51,2026-04-21,CLI-LR1XICFZUAJH,AGT-BUS9PDJC54,Outbound Call,Phone,Producto,Producto,275.0,,False,True,Positivo,0.37,mexican,mexican,False,"PRD-ALMPVKC9XGA5,PRD-MUVYBWLVXCEI",False,True
INT-DYFMO9SQV166PS6D,2026-04-21 15:47:43,2026-04-21,CLI-YSW9AWMV4YTV,AGT-46FCJ4R4BY,Inbound Call,Phone,Producto,Producto,300.0,47.0,True,False,Neutral,0.05,mexican,colombian,False,,False,True
INT-4CX8LK1KC9B8FG3E,2026-04-21 20:40:20,2026-04-21,CLI-XHWT8ZLW1NCV,AGT-FDLM1Q1ROE,Chat,Web Chat,Transaccional,Transaccional,,,True,False,Neutral,0.14,,,False,,False,False
INT-PJLPC859VZDL2HUQ,2026-04-22 02:30:07,2026-04-21,CLI-13POMY1EDLML,AGT-8E5KSD2KSS,Outbound Call,Phone,Comercial,Comercial,395.0,,True,False,Positivo,0.6,,,False,,False,True
INT-6Z37NJLRD78J6Z6G,2026-04-22 00:56:54,2026-04-21,CLI-ODPE8RYAHVO5,AGT-B037R3NAN1,Inbound Call,Phone,Transaccional,Transaccional,262.0,19.0,True,True,Neutral,-0.11,colombian,colombian,True,,True,True
INT-Y66RNQE1ENJZ9SUV,2026-04-21 17:21:45,2026-04-21,CLI-BK0DGNEY7D0D,AGT-P3D79O30AU,Chat,App,Técnico,Técnico,,,True,False,Positivo,0.39,argentine,argentine,False,,False,False
INT-FZZADBM5UL2BNNJL,2026-04-21 17:21:13,2026-04-21,CLI-2G1E9T655V8A,AGT-4KDDHBIJVU,Outbound Call,Phone,Producto,Producto,356.0,,True,False,Neutral,0.25,mexican,mexican,False,,True,True
INT-EE8Z20V5Y4FRW9G6,2026-04-21 14:10:24,2026-04-21,CLI-DVZVDEWG0A8A,AGT-14RK669CGW,Inbound Call,Phone,Producto,Producto,227.0,191.0,True,False,Neutral,0.2,argentine,argentine,False,,True,True
INT-2Z5UMU293UM7A8ZA,2026-04-22 01:53:36,2026-04-21,CLI-OY3XZVML07K5,AGT-TT0NFU4K2U,Inbound Call,Phone,Producto,Producto,321.0,118.0,True,False,Neutral,-0.06,colombian,colombian,False,,True,True
INT-C0L2P9F6RA2SGQID,2026-04-21 08:46:22,2026-04-21,CLI-X56SQ6REPQOE,AGT-81HI9ENVQV,Outbound Call,Phone,Producto,Producto,426.0,,True,False,Muy Negativo,-0.73,colombian,colombian,True,"PRD-0W9HIFMUCQRH,PRD-W5U8ZLTWA7XF",True,True
INT-O4XFS8LNRN1G9GOP,2026-04-21 17:48:14,2026-04-21,CLI-U3WCULGW02VQ,AGT-PIKPFEQPIH,Inbound Call,Phone,Transaccional,Transaccional,171.0,154.0,True,True,Neutral,0.16,mexican,mexican,False,"PRD-XMGHFFHZ54OA,PRD-N6BRC598O7NZ",True,True
INT-ZV5LKYIA4MB81L4E,2026-04-21 17:55:55,2026-04-21,CLI-TFRNKSBK3PK0,AGT-Z8YFQBMTYZ,Email,Email,Queja,Queja,,,False,True,Neutral,-0.21,argentine,colombian,False,,False,False
INT-LHZB3CD77W567H9M,2026-04-21 09:05:15,2026-04-21,CLI-YTPQSTBL7ZRX,AGT-A8FKJXIIEG,Outbound Call,Phone,Técnico,Técnico,441.0,,True,False,Negativo,-0.42,colombian,colombian,True,,False,True
INT-21L55F3M0FQEIGJ3,2026-04-21 21:59:12,2026-04-21,CLI-YAX5O6A9L7UV,AGT-0YP9IMVFG1,Email,Email,Queja,Queja,,,True,False,Positivo,0.33,colombian,mexican,False,"PRD-EENFJWMOSWEU,PRD-F2FA4N8OBX1L,PRD-YWP155Z8Q8E6",False,False
INT-R9URCHL8TX6VYX3Y,2026-04-22 04:05:28,2026-04-21,CLI-HW1JCJ0VJS0K,AGT-VJYS33BX5A,Outbound Call,Phone,Queja,Queja,257.0,,True,False,Negativo,-0.6,argentine,argentine,False,,False,True
INT-AY1NWP9K226NDB9E,2026-04-21 22:59:46,2026-04-21,CLI-YHYP9TKMVL6H,AGT-3WS5S93Z8Y,Outbound Call,Phone,Transaccional,Transaccional,310.0,,False,True,Neutral,-0.23,colombian,colombian,False,"PRD-NPEAYLI1YAW4,PRD-NRJLR71112YT",False,True
INT-BJBD7X2SHHYTG3VO,2026-04-22 03:40:43,2026-04-21,CLI-42YV0ESQLZ4M,AGT-LHW2K7HV3X,Inbound Call,Phone,Queja,Queja,407.0,134.0,True,False,Positivo,0.43,mexican,mexican,False,PRD-P5EAY6L26ODL,False,True
INT-322AO20Q18IM6Z4B,2026-04-21 20:22:26,2026-04-21,CLI-79GG8TU7XQEM,AGT-CEPAD7FLHM,Chat,Web Chat,Técnico,Técnico,,,True,True,Negativo,-0.54,,,True,,True,False
INT-1PEGRHJWR1HWUXOZ,2026-04-22 00:39:32,2026-04-21,CLI-22UMMV3R50XH,AGT-PDS7BE8A8L,Email,Email,Técnico,Técnico,,,True,False,Positivo,0.69,colombian,mexican,False,"PRD-CYA9SCPNYYE5,PRD-B2UIFOAXM2W7",True,False
INT-CDTZQVPDCJIC4JVV,2026-04-21 17:52:50,2026-04-21,CLI-A75L7FMZXB11,AGT-BTCYXRD64J,Outbound Call,Phone,Técnico,Técnico,522.0,,True,False,Positivo,0.45,,,False,,False,True
INT-BDAQOO3HGTXKTTHC,2026-04-21 19:31:57,2026-04-21,CLI-YOBWOBH2W5XO,AGT-9FZV5Z7FAG,Inbound Call,Phone,Transaccional,Transaccional,275.0,80.0,True,True,Neutral,0.22,colombian,colombian,False,"PRD-2RHT8GJ4ROVQ,PRD-AZLVP5PQQ6ZD",True,True
INT-D2SZNWIEK8IY59O5,2026-04-22 04:31:09,2026-04-21,CLI-HHO020OVCUT4,AGT-9FZV5Z7FAG,Inbound Call,Phone,Técnico,Técnico,342.0,0.0,True,False,Neutral,0.16,argentine,colombian,False,,False,True
INT-IJPJPTSVYOOIGF7B,2026-04-21 14:00:51,2026-04-21,CLI-0RBTS2MP9U1O,AGT-S4C0O1TFL0,Inbound Call,Phone,Transaccional,Transaccional,261.0,76.0,True,False,Neutral,-0.24,colombian,colombian,False,,False,True
INT-7EOS29M96AEPEBAT,2026-04-21 13:41:58,2026-04-21,CLI-GAJOQFWBIYOF,AGT-0Q4Z4AE9P2,Inbound Call,Phone,Transaccional,Transaccional,195.0,168.0,True,False,Neutral,-0.11,argentine,argentine,False,"PRD-X0NFNUGLRBIV,PRD-SIU5QA2OLMXQ,PRD-QHYASDIM21AK",True,True
INT-IWRLIZGW3JNARMEJ,2026-04-21 13:56:45,2026-04-21,CLI-GIQCAK3I0VMT,AGT-VBPI4ZZ5XX,Inbound Call,Phone,Transaccional,Transaccional,335.0,91.0,True,False,Neutral,0.03,,,False,,True,True
INT-O81QATCI3KH6ONIA,2026-04-21 19:26:19,2026-04-21,CLI-2COZ0IV1JEY2,AGT-W18EQQEXSG,Inbound Call,Phone,Transaccional,Transaccional,177.0,111.0,True,False,Neutral,-0.2,,,False,,False,True
INT-Q5HEAYEB185ASVZA,2026-04-22 02:39:31,2026-04-21,CLI-GDJ7GU84F5UE,AGT-YWKYXYRNJG,Inbound Call,Phone,Técnico,Técnico,277.0,188.0,True,False,Positivo,0.39,mexican,mexican,False,,False,True
INT-M9PJW57OSFSYTTY2,2026-04-22 07:40:41,2026-04-21,CLI-1JF3OC7CQNI2,AGT-64T08W0ODF,Inbound Call,Phone,Queja,Queja,545.0,105.0,True,False,Positivo,0.45,mexican,mexican,False,,False,True
INT-L8FE7PAYSV11SANC,2026-04-22 00:59:25,2026-04-21,CLI-QNAOEJ4FE3JI,AGT-A05F2N434U,Inbound Call,Phone,Producto,Producto,252.0,185.0,True,False,Neutral,0.11,,,False,,False,True
INT-TYHB6NLW2V5IXGLP,2026-04-21 11:47:13,2026-04-21,CLI-68D0ISAXTK0P,AGT-P0R6W0FYK1,Inbound Call,Phone,Comercial,Comercial,676.0,57.0,True,False,Neutral,0.28,,,False,"PRD-KIGPDFXG3EWF,PRD-M6IVNX7RJG3O,PRD-SFK4HHOPQ1SS",False,True
INT-7TED7PTN4A1HXQC0,2026-04-21 17:06:45,2026-04-21,CLI-TQWFIBND4HZ3,AGT-YWKYXYRNJG,Inbound Call,Phone,Transaccional,Transaccional,287.0,0.0,True,True,Neutral,-0.18,,,False,PRD-YX50179CIOBL,False,True
INT-4D84AWVS4DPPBHD6,2026-04-21 09:56:40,2026-04-21,CLI-J8RCMQFD427K,AGT-X4R33GB4CR,Outbound Call,Phone,Producto,Producto,315.0,,False,True,Neutral,0.18,colombian,colombian,True,PRD-T0U3EBGAIZS8,False,True
INT-1XT62XN7M595SGOM,2026-04-21 08:32:34,2026-04-21,CLI-EWOUE9G4IPA4,AGT-0O9BVZZ68Z,Inbound Call,Phone,Queja,Queja,543.0,97.0,False,True,Muy Positivo,0.72,,,False,,False,True
INT-LR2PG3R7GEGRIJ6V,2026-04-22 05:38:40,2026-04-21,CLI-XZ94XCG8OMDO,AGT-ADNC57V4Y5,Inbound Call,Phone,Transaccional,Transaccional,565.0,0.0,True,False,Neutral,0.05,mexican,mexican,False,,False,True
INT-VW00PNUVKNM5RJO3,2026-04-22 00:33:08,2026-04-21,CLI-S5X6SRPAA6R0,AGT-N2UN9U0TIY,Inbound Call,Phone,Producto,Producto,222.0,129.0,True,False,Negativo,-0.37,mexican,mexican,False,PRD-4IT0T1AXQ7U1,False,True
INT-09XH5HCOM7PO3ABN,2026-04-21 14:00:19,2026-04-21,CLI-1HBJJD0VW8JF,AGT-9OUCPLC2FI,Inbound Call,Phone,Producto,Producto,306.0,166.0,True,False,Neutral,0.21,,,False,,False,True
INT-BNN5HLK6FC6SQJ49,2026-04-22 06:44:44,2026-04-21,CLI-ZDGUAWJM3O9M,AGT-3F5II193NQ,Inbound Call,Phone,Técnico,Técnico,521.0,39.0,True,False,Neutral,0.03,colombian,colombian,False,,False,True
INT-73YBWUSB30KP9HYH,2026-04-21 14:16:33,2026-04-21,CLI-7W3CGIYJ1NUA,AGT-3F5II193NQ,Inbound Call,Phone,Comercial,Comercial,405.0,152.0,False,True,Muy Positivo,0.76,mexican,mexican,False,"PRD-TBDGAEN1SW5S,PRD-C7IJ2RMK7P38,PRD-UBKDS7239XEB",False,True
INT-UUE9CFI651L13LKY,2026-04-22 00:40:17,2026-04-21,CLI-KNHRT2YMBSU2,AGT-J7A6SDZWYA,Inbound Call,Phone,Transaccional,Transaccional,412.0,154.0,False,True,Neutral,-0.02,colombian,colombian,False,,False,True
INT-2V8HKY52FUNMXFTQ,2026-04-22 00:09:11,2026-04-21,CLI-BRN147F2B2WX,AGT-Z1EG2FBXSK,Chat,WhatsApp,Producto,Producto,,,True,False,Neutral,-0.23,colombian,colombian,False,,True,False
INT-EOIOOX9HCYM6CBZ0,2026-04-21 12:37:56,2026-04-21,CLI-XXXZM720QCXR,AGT-8431PDCJHS,Email,Email,Queja,Queja,,,False,True,Neutral,0.2,mexican,mexican,True,,True,False
INT-TX6W42YVRVMKCBM7,2026-04-22 06:49:27,2026-04-21,CLI-FJNOG9XR68PY,AGT-4V9XEWH73V,Inbound Call,Phone,Queja,Queja,440.0,276.0,True,False,Positivo,0.36,argentine,argentine,False,,True,True
INT-XWDHLJ0K01TZJ93H,2026-04-21 20:33:46,2026-04-21,CLI-YUN6WUYNGBFP,AGT-ENDMSY169K,Inbound Call,Phone,Queja,Queja,415.0,105.0,True,False,Muy Positivo,0.96,mexican,mexican,False,,True,True
INT-O3HNAQI8JADI9DLO,2026-04-22 00:33:52,2026-04-21,CLI-W9DH8C2NBJ9X,AGT-5M8UV0UVSQ,Inbound Call,Phone,Producto,Producto,223.0,125.0,True,False,Neutral,-0.06,argentine,argentine,False,"PRD-UBD3CCBJK4JW,PRD-1W6V1YX339AB",False,True
INT-TRMHI3Q0DDS6DJ7N,2026-04-21 09:54:31,2026-04-21,CLI-6MWDMMG6Y4N9,AGT-KQP4TBDPA5,Outbound Call,Phone,Transaccional,Transaccional,211.0,,True,False,Neutral,-0.29,argentine,argentine,False,,False,True
INT-TLRBPEPYPD5LKXSG,2026-04-22 06:56:21,2026-04-21,CLI-GVDHJBUU1S00,AGT-DTKGR8AYST,Inbound Call,Phone,Técnico,Técnico,470.0,95.0,False,True,Muy Negativo,-0.88,,,False,PRD-8RINHQB82TUK,False,True
INT-DHFFJUFAF1URR942,2026-04-22 05:07:50,2026-04-21,CLI-YPGQHOVBYOPA,AGT-30XROFW4ZA,Inbound Call,Phone,Transaccional,Transaccional,389.0,80.0,True,False,Neutral,0.13,argentine,colombian,True,,True,True
INT-RNICITY76OBMGWKI,2026-04-22 06:24:23,2026-04-21,CLI-BMDMLJTB8MJ5,AGT-RL5EQ6KNBS,Outbound Call,Phone,Queja,Queja,425.0,,False,True,Neutral,-0.0,argentine,argentine,False,,False,True
INT-MNPZYVH2FF4UYKAI,2026-04-21 11:11:09,2026-04-21,CLI-44JATDOK6Y5J,AGT-YD75PME3W5,Inbound Call,Phone,Transaccional,Transaccional,138.0,144.0,True,False,Neutral,-0.05,mexican,mexican,False,,False,True
INT-0NV36VOTGUMR8CCY,2026-04-21 11:23:15,2026-04-21,CLI-3CN8IBRZ1MRP,AGT-NZ064ZDOTC,Inbound Call,Phone,Retención,Retención,229.0,85.0,True,False,Negativo,-0.36,mexican,mexican,False,"PRD-Q09VP3S2AKWL,PRD-JW8UQSY4OISA",False,True
INT-BDMKV7MB77EP4S5G,2026-04-22 01:53:45,2026-04-21,CLI-DG4A2UJCYABR,AGT-5TDOITKK8V,Video,App,Queja,Queja,200.0,,False,True,Muy Negativo,-0.95,mexican,mexican,False,"PRD-PLVBO80I7QZU,PRD-C01SNKMPJHOY",False,True
INT-YLOF6O9VJ5P9KH3A,2026-04-21 08:02:32,2026-04-21,CLI-M13PIJ79MM80,AGT-5VXKVZOWR5,Chat,App,Transaccional,Transaccional,,,True,False,Neutral,0.07,colombian,colombian,False,,False,False
INT-INTEGE6CNSRH3Z8I,2026-04-22 05:23:51,2026-04-21,CLI-ZY7X6I8SBGAD,AGT-5DZNKOUR81,Chat,WhatsApp,Transaccional,Transaccional,,,True,False,Neutral,-0.2,mexican,mexican,False,PRD-U3NGBIP7ZTWX,False,False
INT-5R9TH4KCGGTB2MEF,2026-04-21 15:17:03,2026-04-21,CLI-XEW3WTR3OV46,AGT-BAQUFS4AR7,Inbound Call,Phone,Producto,Producto,165.0,132.0,True,False,Neutral,-0.18,mexican,mexican,False,,False,True
INT-OAPRP5IC030LBKPN,2026-04-22 01:02:32,2026-04-21,CLI-RB7XM9OAD4GF,AGT-1AW37NRW7X,Outbound Call,Phone,Producto,Producto,108.0,,True,False,Negativo,-0.54,,,False,"PRD-OE8WJ2QK8NOY,PRD-INXNAOP6WPBP,PRD-UO9UGLQLYH22",False,True
INT-2NOMJ2S3SPZ6X2SE,2026-04-22 00:07:27,2026-04-21,CLI-YS38SPSHDVEM,AGT-3LD55SM258,Chat,WhatsApp,Transaccional,Transaccional,,,True,False,Neutral,0.08,colombian,colombian,False,,True,False
INT-K8BLRASWBAJUZ0V6,2026-04-21 17:49:23,2026-04-21,CLI-EW9MBLRLTR1Q,AGT-Q8AGV9WXXS,Inbound Call,Phone,Técnico,Técnico,266.0,133.0,False,True,Positivo,0.51,,,False,PRD-E63RU7XJ5DF6,False,True
INT-S1LI6S06AAMEC6DK,2026-04-21 08:42:14,2026-04-21,CLI-AVHCWMN996RX,AGT-ZGEFMIKG5G,Inbound Call,Phone,Técnico,Técnico,434.0,59.0,True,False,Neutral,0.23,,,False,,False,True
INT-V99HR3BZSADCY3I9,2026-04-21 21:45:26,2026-04-21,CLI-T9TNSP2BZ0NF,AGT-DHXTM6VCSZ,Chat,WhatsApp,Técnico,Técnico,,,False,True,Neutral,-0.19,,,False,,False,False
INT-VZG5GIDY69RYZ9QB,2026-04-22 06:38:37,2026-04-21,CLI-DNLA32ZNV9PW,AGT-PI0J3ZNGEF,Inbound Call,Phone,Transaccional,Transaccional,281.0,91.0,True,False,Neutral,-0.19,argentine,argentine,True,PRD-PJJXJG1ZZU2P,False,True
INT-EGE0FNGVT3LOOV0Z,2026-04-22 07:29:19,2026-04-21,CLI-N81CW7YSXJKD,AGT-6NAZTH7M7Q,Inbound Call,Phone,Transaccional,Transaccional,240.0,108.0,True,False,Neutral,0.02,,,False,"PRD-E358KOOHU2TL,PRD-GDT9W693FKWB",True,True
INT-XLMMO3OH26K7H7KC,2026-04-21 17:34:43,2026-04-21,CLI-8DXEOYW3L3QY,AGT-LDEF25BE86,Inbound Call,Phone,Transaccional,Transaccional,219.0,142.0,True,False,Neutral,0.21,,,False,,True,True
INT-K826736Q0YTIUVOI,2026-04-22 06:51:54,2026-04-21,CLI-BR2XW5KL8DUO,AGT-2QA9OU6KPZ,Inbound Call,Phone,Producto,Producto,268.0,70.0,True,True,Negativo,-0.37,colombian,argentine,True,"PRD-K009Z7ALXX34,PRD-I1NU3MB2LRO7,PRD-NZ1AU73N9NRQ",False,True
INT-TEJI18PREDJ7UT8V,2026-04-22 00:31:26,2026-04-21,CLI-EPDOJN4HONNF,AGT-9GJ09FFYE4,Chat,WhatsApp,Transaccional,Transaccional,,,True,True,Neutral,-0.18,mexican,mexican,False,"PRD-O6308ZJMTTZB,PRD-5ZH2UJ3CIB47,PRD-IDVVA7IQ6CPB",True,False
INT-2Q0EWFNJIDYRRNQ7,2026-04-22 00:30:07,2026-04-21,CLI-ZZTRET6ROQVN,AGT-NQ6WIG9OWH,Inbound Call,Phone,Retención,Retención,320.0,64.0,False,True,Negativo,-0.3,mexican,mexican,False,,False,True
INT-G285D7MV6IIGUCJI,2026-04-21 21:13:24,2026-04-21,CLI-FQGSISF7KYEU,AGT-AV2TPW9VGR,Inbound Call,Phone,Producto,Producto,228.0,107.0,True,False,Muy Negativo,-0.92,mexican,mexican,False,,False,True
INT-6N84LLIQB2RYXEOX,2026-04-22 05:00:50,2026-04-21,CLI-R7P21W1WMMHG,AGT-WCPI68FFI5,Inbound Call,Phone,Producto,Producto,191.0,146.0,True,False,Negativo,-0.56,mexican,mexican,False,"PRD-PWD48RG4ULJK,PRD-FE2FLNH9LDJG",False,True
INT-6PVOVGRQBVOO8QHN,2026-04-22 00:10:48,2026-04-21,CLI-U0XTPYRELFBB,AGT-T0RCZNZEMA,Email,Email,Técnico,Técnico,,,True,False,Muy Negativo,-0.71,argentine,argentine,False,,False,False
INT-XJ9DJ3L3PF9O4KNM,2026-04-21 09:27:18,2026-04-21,CLI-U9F4S4YTXY59,AGT-YWKYXYRNJG,Inbound Call,Phone,Transaccional,Transaccional,342.0,103.0,True,False,Neutral,0.25,mexican,mexican,False,"PRD-SCP3D8K8CPNP,PRD-BGT66BHXNT1T",False,True
INT-MU4J6KPI1CV9CA35,2026-04-21 12:46:49,2026-04-21,CLI-JWQCUGXYYQL6,AGT-RXRI3WGAQW,Inbound Call,Phone,Producto,Producto,292.0,150.0,True,False,Neutral,-0.29,argentine,argentine,False,,False,True
INT-3E83K68LFF51QFCA,2026-04-21 12:48:07,2026-04-21,CLI-S2NQX1U02W3U,AGT-RZPZ4QXWMO,Chat,Web Chat,Transaccional,Transaccional,,,True,False,Neutral,0.18,mexican,argentine,False,"PRD-Y47AOXSN0U5M,PRD-F6UIH8S3HOD9,PRD-RXS6PX4LELR5",True,False
INT-WCNQQRWGAA5GA45I,2026-04-21 23:55:27,2026-04-21,CLI-QUU1M4C32YSX,AGT-8K2B7GS404,Inbound Call,Phone,Queja,Queja,450.0,88.0,False,True,Negativo,-0.6,,,False,,False,True
INT-AWJ43Q02LEM0FZFO,2026-04-21 23:13:41,2026-04-21,CLI-XI12WBUS6CSM,AGT-C2WNAD4Y8J,Outbound Call,Phone,Producto,Producto,288.0,,True,False,Neutral,0.11,mexican,mexican,True,"PRD-1WORIZFGKB24,PRD-L25ZWOG84LUE",False,True
INT-GLFFXV47S5YYR0CK,2026-04-21 13:07:39,2026-04-21,CLI-1E4ALXODRHFW,AGT-FKUWKRVKJI,Inbound Call,Phone,Producto,Producto,327.0,154.0,False,True,Neutral,-0.2,colombian,colombian,False,"PRD-WXL6KRJSXOTY,PRD-WW9SOW5YXCFE",False,True
INT-OLC8OTBQZDA4AZFZ,2026-04-21 18:27:59,2026-04-21,CLI-BMMY5XM201XN,AGT-L2GBNN6LWM,Chat,Web Chat,Producto,Producto,,,True,False,Neutral,0.17,mexican,mexican,False,,True,False
INT-RX1REQ37Y1TY3A6S,2026-04-21 20:31:47,2026-04-21,CLI-6UNGS2VVGJ7S,AGT-YD75PME3W5,Inbound Call,Phone,Transaccional,Transaccional,345.0,91.0,True,False,Neutral,0.27,colombian,colombian,False,,True,True
INT-H33SZS51N5V8985R,2026-04-21 08:13:15,2026-04-21,CLI-Q2KWCV33ZDUO,AGT-CEPAD7FLHM,Inbound Call,Phone,Producto,Producto,453.0,228.0,True,False,Neutral,-0.2,,,True,"PRD-N9AVEAWVKMET,PRD-UY6DHK1B0IGH",True,True
INT-BK4O14ASM811DSVA,2026-04-22 01:39:49,2026-04-21,CLI-3ZX4HKMDQ820,AGT-C4NMNPC23W,Inbound Call,Phone,Producto,Producto,289.0,163.0,True,False,Positivo,0.37,mexican,mexican,False,,False,True
INT-50ITQBPYQ0937BFS,2026-04-21 13:30:45,2026-04-21,CLI-INZRRFHZJJAY,AGT-S2ST06ZN2V,Inbound Call,Phone,Producto,Producto,308.0,158.0,True,False,Neutral,0.05,,,False,,False,True
INT-FC9TKN93Z4AB9067,2026-04-22 06:24:40,2026-04-21,CLI-NBUSZN4RH07G,AGT-CG3PF9BZHZ,Inbound Call,Phone,Queja,Queja,226.0,74.0,True,True,Muy Negativo,-0.71,colombian,colombian,False,,False,True
INT-QY10COZDHPW6KYMB,2026-04-22 07:46:10,2026-04-21,CLI-R1QH090NSTJD,AGT-JF8XQ7A6D7,Inbound Call,Phone,Producto,Producto,358.0,223.0,True,False,Neutral,-0.28,mexican,mexican,False,"PRD-80T0INJ4WKD6,PRD-0YMHEMSA2NNH,PRD-Q8YTGVYNCL8A",False,True
INT-UZ6ZP7P9TGJKXILJ,2026-04-22 02:37:23,2026-04-21,CLI-WP7CJG3LA0MG,AGT-5H5YZZE5FL,Outbound Call,Phone,Técnico,Técnico,303.0,,False,True,Neutral,-0.0,argentine,mexican,False,"PRD-9GSF0UV1624Y,PRD-8PCIW9VBUGZM,PRD-YTSOBIZF2NBE",True,True
INT-Z55TFHGUOLJJ40R6,2026-04-22 01:04:24,2026-04-21,CLI-4GWIY2YX2R0C,AGT-FNW1UWSWIS,Inbound Call,Phone,Técnico,Técnico,372.0,44.0,False,True,Positivo,0.6,,,False,,False,True
INT-6QX7KWZ2L44V9WJX,2026-04-21 12:47:55,2026-04-21,CLI-K0CCPDMR1XA8,AGT-6KXS33Z4GI,Chat,Web Chat,Producto,Producto,,,True,False,Positivo,0.33,,,True,,False,False
INT-B4OCTSPHHSW9PZCO,2026-04-21 19:50:55,2026-04-21,CLI-CCSQ96UI20GE,AGT-8QTE3U97HH,Inbound Call,Phone,Queja,Queja,372.0,322.0,True,True,Negativo,-0.68,argentine,argentine,False,,False,True
INT-GVH2AVJQWU8OH9N0,2026-04-21 21:10:22,2026-04-21,CLI-3FHV52VR6P1P,AGT-EXQ8KX7MBM,Inbound Call,Phone,Queja,Queja,536.0,166.0,False,True,Neutral,0.07,colombian,colombian,False,,False,True
INT-1YKVDVQ873JPRFBH,2026-04-21 22:56:10,2026-04-21,CLI-RYJ2MVPY1KAT,AGT-ZVUQVJGIOG,Inbound Call,Phone,Transaccional,Transaccional,204.0,74.0,True,True,Neutral,0.3,colombian,colombian,False,"PRD-Q02UAJLFLZIM,PRD-QKULM9YQ66TE",False,True
INT-G6FLADOUQD27K6BX,2026-04-21 12:26:32,2026-04-21,CLI-1BZKWFL7LL2S,AGT-RL5EQ6KNBS,Inbound Call,Phone,Producto,Producto,169.0,158.0,True,True,Positivo,0.47,mexican,mexican,False,"PRD-S9RDDBC5OAKD,PRD-DBO8QESQWSGC",False,True
INT-HWCBZ6KGDTFWDS1L,2026-04-22 03:56:15,2026-04-21,CLI-EWI9A1JMWFR3,AGT-8VKK9PHQ52,Inbound Call,Phone,Transaccional,Transaccional,186.0,149.0,True,False,Neutral,-0.11,,,False,,False,True
INT-1DQC06B62YRMXYJW,2026-04-21 08:05:42,2026-04-21,CLI-5DHUEADLCNES,AGT-XBRLAWNT6Y,Inbound Call,Phone,Producto,Producto,262.0,159.0,True,False,Neutral,0.16,,,False,,False,True
INT-ZI7PAIH3K22Y9EN3,2026-04-21 22:02:34,2026-04-21,CLI-CWCREOC81CAE,AGT-OR7DN8OOL8,Inbound Call,Phone,Queja,Queja,582.0,179.0,False,True,Negativo,-0.55,colombian,colombian,True,"PRD-4K8IVUIQZJ19,PRD-IT25EEM19QIR",False,True
INT-L1FLQ3MVM3L65ZSY,2026-04-21 17:06:42,2026-04-21,CLI-60NBVG707GBK,AGT-S448G59QZX,Inbound Call,Phone,Transaccional,Transaccional,180.0,61.0,True,False,Neutral,-0.11,mexican,mexican,False,,True,True
INT-RBFLATTYNOWXUISC,2026-04-21 22:44:00,2026-04-21,CLI-YQG7FXQQSP30,AGT-HXRF7GKPTC,Inbound Call,Phone,Queja,Queja,430.0,126.0,False,True,Negativo,-0.35,,,False,,False,True
INT-BZAYTEXYR02QTHJQ,2026-04-21 08:34:51,2026-04-21,CLI-MNESDKMJ3UDA,AGT-7B0HRLOX7N,Email,Email,Producto,Producto,,,True,False,Negativo,-0.32,,,False,,False,False
INT-SR8E966RF19RTWLQ,2026-04-22 07:34:20,2026-04-21,CLI-MV5346CCTVXD,AGT-C7L9UKCI6Z,Inbound Call,Phone,Transaccional,Transaccional,133.0,90.0,True,False,Neutral,0.04,mexican,mexican,False,,True,True
INT-G63AJ4IP21O4RHGA,2026-04-22 04:55:32,2026-04-21,CLI-Y6FDZOV8POVS,AGT-Y9F01ICSEJ,Inbound Call,Phone,Queja,Queja,467.0,157.0,False,True,Neutral,0.2,mexican,mexican,False,"PRD-PF1LMLXD2F7H,PRD-MZFNIUXTES17",False,True
INT-YB14HVCI1KWYKPGJ,2026-04-21 21:13:42,2026-04-21,CLI-9ZO2FRD5HE5D,AGT-ERBZDOFKYX,Inbound Call,Phone,Producto,Producto,205.0,115.0,True,False,Negativo,-0.69,argentine,argentine,False,"PRD-UI9CLIJ52O6P,PRD-SH1SODATUQKZ,PRD-LJZ7TOFFDLYV",False,True
INT-U96G2KLYYE9YOBTD,2026-04-21 22:40:49,2026-04-21,CLI-I3J1KT5NU8K1,AGT-HHZLM4XXDJ,Inbound Call,Phone,Técnico,Técnico,412.0,137.0,True,False,Neutral,-0.15,argentine,mexican,False,"PRD-BG6V1X5ZTRTC,PRD-Y96NO1EVQ9RS,PRD-BW5W1F9E8Y39",False,True
INT-09L63BTK4MOUY4GZ,2026-04-21 21:10:40,2026-04-21,CLI-7E8J1HKFI72O,AGT-9PZ6W3LDGU,Chat,App,Retención,Retención,,,False,True,Neutral,-0.15,mexican,mexican,False,"PRD-96YI88P508A0,PRD-WYLZ5PHKEJ7I",True,False
INT-HN8KM48TPG4UMF2C,2026-04-22 04:32:14,2026-04-21,CLI-NAXTGZY72VHA,AGT-NIV1UCW44H,Inbound Call,Phone,Transaccional,Transaccional,231.0,33.0,True,False,Neutral,-0.11,colombian,colombian,False,,True,True
INT-WQIY8QGKEXXBYU7S,2026-04-21 12:14:04,2026-04-21,CLI-81UTUY1KPIRV,AGT-AD4M9HXT2A,Inbound Call,Phone,Queja,Queja,394.0,158.0,False,True,Neutral,-0.02,mexican,colombian,False,PRD-X9OB5H8Z40CN,False,True
INT-77QXHM1FAIXTQK7C,2026-04-22 07:03:03,2026-04-21,CLI-V7FIWAZVU8KJ,AGT-I1VYP1D801,Inbound Call,Phone,Transaccional,Transaccional,234.0,190.0,True,False,Neutral,0.24,mexican,argentine,False,"PRD-24PAEP934PEU,PRD-DQ8F5POKZZ67",False,True
INT-PW7Q2MB1I31X4L5R,2026-04-21 08:51:35,2026-04-21,CLI-FYSO8QRUWT9G,AGT-0YP9IMVFG1,Inbound Call,Phone,Transaccional,Transaccional,180.0,89.0,True,False,Neutral,0.26,argentine,mexican,True,,False,True
INT-8OLAU3B4WSUK3Y25,2026-04-21 17:05:22,2026-04-21,CLI-AJXMIIV7F8VB,AGT-BQKJV90OIO,Inbound Call,Phone,Comercial,Comercial,512.0,174.0,False,True,Negativo,-0.36,,,False,"PRD-PGRSBTOJ3K9R,PRD-GH85UXDJUPYU",False,True
INT-H3PIY6F01EE7JDEQ,2026-04-21 19:17:30,2026-04-21,CLI-G16O1FEL39GN,AGT-RQSUHLTDIN,Email,Email,Producto,Producto,,,True,False,Neutral,0.03,colombian,colombian,True,"PRD-QU8VXNN7C2VR,PRD-W7CGTDCN08RC",True,False
INT-RR7WCDDMZHW1EJ3U,2026-04-21 20:12:24,2026-04-21,CLI-Z7HYGKG4VB3W,AGT-VPGMWBYXFI,Inbound Call,Phone,Técnico,Técnico,439.0,0.0,False,True,Positivo,0.35,mexican,mexican,False,"PRD-X8GKI95U9SPY,PRD-R77KBU9DG1XB,PRD-YUAMG2SGAYDP",False,True
INT-16JE98QB4XH5TI3L,2026-04-22 06:50:38,2026-04-21,CLI-TUJ9FPSY8RX1,AGT-NIV1UCW44H,Inbound Call,Phone,Técnico,Técnico,325.0,101.0,True,False,Neutral,0.23,mexican,mexican,False,"PRD-ZYQLUODCNGAK,PRD-W8KP7XFSV5ZX",False,True
INT-QEQFGEKYHGRDFT0J,2026-04-21 14:22:18,2026-04-21,CLI-B3IQEAAMA7BI,AGT-TJ0RZV4GUF,Inbound Call,Phone,Transaccional,Transaccional,149.0,69.0,True,True,Neutral,0.1,mexican,mexican,False,,False,True
INT-8IAXXEZLO1TWHPMQ,2026-04-21 09:42:32,2026-04-21,CLI-B0IMROA5J2A7,AGT-1HFUQGD4SI,Inbound Call,Phone,Transaccional,Transaccional,277.0,128.0,True,False,Neutral,0.15,,,False,,False,True
INT-0UCLMM18NGTVFZ0Y,2026-04-21 20:24:56,2026-04-21,CLI-N813L0144Z8W,AGT-LE0LUR1Y4Z,Inbound Call,Phone,Producto,Producto,297.0,125.0,True,True,Positivo,0.37,colombian,colombian,False,,False,True
INT-KRF5ZED3JB53UW05,2026-04-21 20:51:10,2026-04-21,CLI-BO33GF8XCKR7,AGT-LWM9P4ETLV,Inbound Call,Phone,Comercial,Comercial,171.0,147.0,True,True,Neutral,0.29,mexican,mexican,False,,False,True
INT-EHITR8D7SGE7C34S,2026-04-21 10:08:13,2026-04-21,CLI-DG22WJR1U1W3,AGT-DXPI435GIT,Inbound Call,Phone,Transaccional,Transaccional,321.0,75.0,False,True,Neutral,-0.26,colombian,mexican,False,"PRD-94DCXXEFJ12D,PRD-4XNT0OZXEHA1",True,True
INT-UXW9H9U2FENCGUQ9,2026-04-22 05:15:52,2026-04-21,CLI-JF2I1ZTLM2NM,AGT-MC2QXB1BML,Inbound Call,Phone,Técnico,Técnico,476.0,187.0,False,True,Neutral,0.12,mexican,mexican,False,,False,True
INT-NT9SOO6XK5FP4VO8,2026-04-21 22:17:28,2026-04-21,CLI-4C6TE4V5VE7R,AGT-FA8XFVJ1ZU,Inbound Call,Phone,Producto,Producto,412.0,202.0,True,False,Neutral,-0.27,,,False,,False,True
INT-EM2WQ44B6RVSXPVM,2026-04-22 07:35:13,2026-04-21,CLI-17XX1QECG3KU,AGT-71SU0OSLVY,Inbound Call,Phone,Producto,Producto,189.0,139.0,True,False,Positivo,0.45,mexican,colombian,False,,False,True
INT-7IALA9926I3SYMFM,2026-04-22 05:22:42,2026-04-21,CLI-VBY198DU3UO7,AGT-OHDGRCT0SL,Outbound Call,Phone,Queja,Queja,277.0,,True,True,Positivo,0.31,mexican,argentine,False,,False,True
INT-0162G4WMW4ZYCYQG,2026-04-21 13:16:45,2026-04-21,CLI-YFD7J8TK4WYZ,AGT-AV2TPW9VGR,Outbound Call,Phone,Transaccional,Transaccional,271.0,,True,False,Neutral,0.02,mexican,mexican,True,PRD-VVY3EL7CYXE2,True,True
INT-JD2YROBPTMB8IJ4H,2026-04-21 14:10:20,2026-04-21,CLI-61VR6JRQQLWJ,AGT-592VGF7W61,Inbound Call,Phone,Producto,Producto,291.0,146.0,True,False,Neutral,0.17,colombian,colombian,False,"PRD-SY232F25PVKF,PRD-J6NGXMNAFI0Z,PRD-MZHQ3B8YMYG5",False,True
INT-YLA189DEZTA94R4Q,2026-04-22 04:48:20,2026-04-21,CLI-L0TKWB1958J6,AGT-5LCOF9SDDE,Inbound Call,Phone,Transaccional,Transaccional,235.0,111.0,True,False,Neutral,0.13,colombian,colombian,False,,False,True
INT-DRA578TG4R8PBFAE,2026-04-22 05:17:48,2026-04-21,CLI-B3PW88LZ4F4T,AGT-FL833OQDNH,Inbound Call,Phone,Transaccional,Transaccional,350.0,128.0,True,False,Neutral,0.2,colombian,colombian,False,"PRD-MDSOOFLZRF8W,PRD-T86UVVXFUHPU",False,True
INT-EIQ5I8J93ETVWT0Q,2026-04-21 17:11:02,2026-04-21,CLI-CGSS0QWGMJA2,AGT-MOP8GEKGPL,Inbound Call,Phone,Producto,Producto,294.0,193.0,True,False,Muy Negativo,-0.75,,,False,,False,True
INT-48FY7TJVYOBGOMPI,2026-04-21 18:01:51,2026-04-21,CLI-39DJFY7RJDNY,AGT-H0PC3KO7SM,Outbound Call,Phone,Comercial,Comercial,511.0,,False,True,Muy Negativo,-0.9,,,False,PRD-4UJMJIIAVQI4,False,True
INT-0OFF430DJQ7T55Z6,2026-04-21 16:28:51,2026-04-21,CLI-7AS0PI2RYZP8,AGT-K4F3KPECPA,Inbound Call,Phone,Producto,Producto,284.0,90.0,True,False,Neutral,-0.26,colombian,colombian,False,"PRD-IH3UL92L2818,PRD-UFF67FTNHSGK,PRD-JY4PMBKKI2Z0",True,True
INT-2VDNKXJDDI1NKNGO,2026-04-22 06:43:59,2026-04-21,CLI-OY2CJLBUJ6NW,AGT-WJMHSLTJ60,Chat,WhatsApp,Producto,Producto,,,True,False,Neutral,0.05,argentine,argentine,False,,False,False
INT-LU35AWJFNSOSAQPP,2026-04-21 18:24:47,2026-04-21,CLI-A87JIX7J4F45,AGT-HXQ8E585EG,Inbound Call,Phone,Producto,Producto,257.0,115.0,True,False,Negativo,-0.68,mexican,colombian,False,PRD-FCN2IGL299DV,False,True
INT-0M2D5CYVUQ6U48KW,2026-04-22 04:07:51,2026-04-21,CLI-IB22VGN5JL7G,AGT-JZ4UT5EH9L,Inbound Call,Phone,Transaccional,Transaccional,242.0,107.0,True,False,Neutral,-0.26,,,False,,False,True
INT-0MGTBIM1FOT5VZW7,2026-04-21 10:11:05,2026-04-21,CLI-BL7FYWK9FK9D,AGT-PL88YJFM3Q,Inbound Call,Phone,Queja,Queja,327.0,78.0,True,False,Positivo,0.58,,,True,,False,True
INT-AOL99AFW0X7RVZR3,2026-04-22 07:30:41,2026-04-21,CLI-U1RCQVDGLE6C,AGT-WTHHY9FLGT,Inbound Call,Phone,Técnico,Técnico,238.0,216.0,False,True,Positivo,0.51,mexican,mexican,False,PRD-CB72CDNOJOO5,False,True
INT-X4EOV77Q9NLJI5TR,2026-04-21 16:28:48,2026-04-21,CLI-UIEY75JFARCC,AGT-7YHGZDPWRS,Inbound Call,Phone,Comercial,Comercial,263.0,55.0,True,True,Muy Negativo,-0.71,,,True,,True,True
INT-YX81OKB7H0NNINMC,2026-04-21 18:07:23,2026-04-21,CLI-ZK3O8BKRXTVL,AGT-BH4XF8YM49,Inbound Call,Phone,Técnico,Técnico,292.0,89.0,True,False,Neutral,0.3,,,False,"PRD-A3AKBTP1AZ7S,PRD-45ETVP59WTIB",True,True
INT-X6W9R195NNJI8TTR,2026-04-22 04:43:46,2026-04-21,CLI-SH00HWX7ME8U,AGT-Y8C36091GU,Chat,App,Técnico,Técnico,,,True,False,Neutral,-0.09,,,False,PRD-DZ31VQZWXI97,False,False
INT-ZH9I3Q3BM5WHL17T,2026-04-21 16:06:14,2026-04-21,CLI-CRUUM8NA7HA1,AGT-74NXI0E4E6,Inbound Call,Phone,Transaccional,Transaccional,263.0,88.0,True,False,Neutral,-0.12,mexican,argentine,False,"PRD-3N3D6XZGCE3Q,PRD-ED83QBTJ7FEV",False,True
INT-1J0ZXV2YVU5XRKSH,2026-04-21 11:48:11,2026-04-21,CLI-6UWZ4O32VVM4,AGT-PW8EIJKP76,Email,Email,Transaccional,Transaccional,,,True,False,Neutral,-0.05,,,False,"PRD-85U522CKQKUF,PRD-KD2LCPI6PTMA",False,False
INT-7QD3G1H7PX7Q8MV0,2026-04-21 12:36:11,2026-04-21,CLI-GGY8P1XR5IEH,AGT-3EE5S99BFU,Inbound Call,Phone,Queja,Queja,640.0,76.0,True,False,Negativo,-0.69,colombian,colombian,False,"PRD-DUTNKMT8AE72,PRD-9CEW99LVRNC2,PRD-AESRZGVS64O2",True,True
INT-B1ERM87YS789OCZC,2026-04-22 04:04:07,2026-04-21,CLI-7LCAX6I6DX5F,AGT-N0HJHS1DBA,Inbound Call,Phone,Técnico,Técnico,131.0,167.0,False,True,Muy Positivo,0.98,,,True,"PRD-WS0SJ7DMD40F,PRD-BG59THUB34VS,PRD-9J0PXQBTSG70",False,True
INT-JICNEA3QOYTI7NL2,2026-04-21 08:23:25,2026-04-21,CLI-5ETC5HYRWYOC,AGT-N2UN9U0TIY,Inbound Call,Phone,Técnico,Técnico,370.0,183.0,True,True,Positivo,0.43,,,False,"PRD-1LCUO60D6OUA,PRD-PWCDPH2YJAJ7,PRD-IGFSPH7UKFDS",False,True
INT-043DBN6QUP8AP5K9,2026-04-21 21:06:00,2026-04-21,CLI-I4NRNLJ50BR3,AGT-KCT0OUBWIE,Inbound Call,Phone,Queja,Queja,708.0,126.0,False,True,Positivo,0.45,colombian,colombian,False,,False,True
INT-96N7O2181F4P3HFD,2026-04-21 18:58:50,2026-04-21,CLI-KZO83PA0AJ2E,AGT-HX94J4BGWF,Chat,Web Chat,Técnico,Técnico,,,True,False,Negativo,-0.54,,,False,,True,False
INT-02RVJDD3YS4NOLAB,2026-04-21 08:31:28,2026-04-21,CLI-QJ0V3YI73G0Q,AGT-TUGUQ8RC2O,Inbound Call,Phone,Transaccional,Transaccional,185.0,200.0,True,False,Neutral,0.11,argentine,colombian,False,,True,True
INT-QKK7YP49CKUX1ZRN,2026-04-22 05:01:03,2026-04-21,CLI-5EP8C5WE3I82,AGT-PIKPFEQPIH,Inbound Call,Phone,Queja,Queja,435.0,168.0,False,True,Neutral,0.05,colombian,colombian,False,,False,True
INT-27A0XMBZJ9TIM67J,2026-04-21 22:03:20,2026-04-21,CLI-ZC4HAG3E7BK9,AGT-4BISGJA4OM,Inbound Call,Phone,Técnico,Técnico,307.0,93.0,True,True,Negativo,-0.42,colombian,colombian,True,PRD-GL0ZE3D4G4GQ,False,True
INT-QDQX3HRQ5EGGB24T,2026-04-21 10:55:35,2026-04-21,CLI-NRVD6ODXQGHU,AGT-OPWHZ8YA2C,Inbound Call,Phone,Queja,Queja,507.0,103.0,False,True,Positivo,0.65,mexican,mexican,False,,True,True
INT-XZNTIB9WCUARS1FV,2026-04-21 22:41:27,2026-04-21,CLI-78U3L2APEKQG,AGT-YD75PME3W5,Inbound Call,Phone,Queja,Queja,342.0,0.0,False,True,Neutral,0.05,,,False,,True,True
INT-9TCQXG0CIRBCQDSS,2026-04-21 21:31:30,2026-04-21,CLI-8WFSV1TRL01R,AGT-2D9REX8DAW,Outbound Call,Phone,Transaccional,Transaccional,167.0,,True,False,Neutral,0.28,,,False,,False,True
INT-5PWGBBNQNSSZXBYO,2026-04-21 18:44:31,2026-04-21,CLI-JDU2MABZVRHQ,AGT-AQSH0YRHNO,Outbound Call,Phone,Producto,Producto,345.0,,True,False,Positivo,0.47,argentine,argentine,False,PRD-J1UJ6RS0RUUG,False,True
INT-VJZJ0BSIUZLBSR69,2026-04-21 20:54:17,2026-04-21,CLI-3OW7UFQB1KPO,AGT-E4S7AXSU3W,Outbound Call,Phone,Técnico,Técnico,195.0,,True,False,Negativo,-0.57,colombian,colombian,False,"PRD-EN8Z9LSG8W3H,PRD-4E6N8580SDFP,PRD-63MLHKFHTR7X",False,True
INT-MLF0ENO29X2DRFX2,2026-04-21 17:12:25,2026-04-21,CLI-DWJYU8IDE2ZD,AGT-SYVTKOYKRR,Inbound Call,Phone,Transaccional,Transaccional,211.0,160.0,True,False,Neutral,0.04,mexican,mexican,False,,False,True
INT-8YC4DBJXBL3GD890,2026-04-21 13:12:21,2026-04-21,CLI-TCJXJXJV4X06,AGT-TJ0RZV4GUF,Inbound Call,Phone,Transaccional,Transaccional,183.0,105.0,True,False,Neutral,-0.03,argentine,argentine,False,"PRD-YTJO1LZ7UGRX,PRD-FHEY4NX75P00",True,True
INT-7QEEXB6N86YLUVMY,2026-04-22 00:46:03,2026-04-21,CLI-Y0VC1H7GVIM9,AGT-BT05WAA543,Email,Email,Transaccional,Transaccional,,,True,False,Neutral,-0.17,,,False,,False,False
INT-TIEISD1NREHVXD6J,2026-04-21 13:01:17,2026-04-21,CLI-5AIVC2BBOQPU,AGT-A8I1YTWT37,Inbound Call,Phone,Transaccional,Transaccional,165.0,124.0,True,True,Neutral,-0.09,mexican,mexican,False,,False,True
INT-FTKKAN08RQAL72PU,2026-04-21 18:53:54,2026-04-21,CLI-L7XK0K2BS0E9,AGT-YTZ9ORZT0J,Inbound Call,Phone,Queja,Queja,414.0,133.0,True,False,Muy Negativo,-0.78,,,False,PRD-WXFASILO02JZ,False,True
INT-9PG75OLW85XQHZBD,2026-04-21 14:05:46,2026-04-21,CLI-HVYED32TPCJX,AGT-BBKR0X1EN5,Inbound Call,Phone,Comercial,Comercial,670.0,131.0,False,True,Positivo,0.49,mexican,mexican,False,,False,True
INT-1F2BBZVRXAHLSIP1,2026-04-22 02:34:41,2026-04-21,CLI-W2URRJFT47VE,AGT-QBRHZZCSAA,Inbound Call,Phone,Producto,Producto,252.0,56.0,True,False,Neutral,0.17,mexican,mexican,False,PRD-P0TCZ6WZ436V,True,True
INT-1GO6M1VM5X3QTC78,2026-04-22 07:21:20,2026-04-21,CLI-OREYQXHU8F7C,AGT-TO6C4N5ZBE,Inbound Call,Phone,Transaccional,Transaccional,99.0,108.0,True,False,Neutral,0.26,mexican,mexican,False,PRD-ONZPVZKKUVI3,False,True
INT-SKBB34PD6VWY8602,2026-04-21 13:00:57,2026-04-21,CLI-LM1NHC55VY8R,AGT-7B0HRLOX7N,Inbound Call,Phone,Producto,Producto,162.0,198.0,False,True,Muy Negativo,-0.98,mexican,mexican,False,,False,True
INT-SS8VIN1CE4LN1SG2,2026-04-21 16:08:32,2026-04-21,CLI-F6AXIMRTY4Z9,AGT-C8D3C4WFVG,Inbound Call,Phone,Producto,Producto,281.0,105.0,True,False,Neutral,0.19,,,False,,True,True
INT-SIZ7D0Z7Y7WHIPL1,2026-04-21 15:55:24,2026-04-21,CLI-K1C3XJCX4QPS,AGT-WKXZRWYSSN,Inbound Call,Phone,Transaccional,Transaccional,287.0,74.0,True,False,Neutral,-0.01,mexican,mexican,False,,True,True
INT-YWXJ7Q0IA60AAV6O,2026-04-22 03:39:45,2026-04-21,CLI-9G9SEFFULAVO,AGT-5CPTBAUR6F,Inbound Call,Phone,Producto,Producto,308.0,111.0,True,False,Neutral,-0.3,mexican,mexican,False,,False,True
INT-X9GQXLWKWH8F7W3F,2026-04-22 01:00:24,2026-04-21,CLI-V3II6ERUHRHM,AGT-K5E9XE6DZU,Inbound Call,Phone,Transaccional,Transaccional,150.0,81.0,True,False,Neutral,-0.03,colombian,colombian,False,"PRD-8VC5KMYRXW4C,PRD-YQX9ES7TLJJY",False,True
INT-3HYUK56KU0ALSH5N,2026-04-21 12:49:52,2026-04-21,CLI-YV8BJO1T8UNH,AGT-RRHWC3C1WE,Inbound Call,Phone,Queja,Queja,639.0,70.0,True,False,Negativo,-0.32,,,False,,False,True
INT-66JJNVN8MFV8O7N2,2026-04-21 11:09:37,2026-04-21,CLI-VU76HZYEP7KS,AGT-QZ4OVGMGCA,Outbound Call,Phone,Producto,Producto,367.0,,True,False,Neutral,0.18,,,True,,False,True
INT-KP2CQKLGEQL58GUN,2026-04-22 04:49:57,2026-04-21,CLI-DCRLXTJ1O8P1,AGT-K79FA75TT6,Inbound Call,Phone,Transaccional,Transaccional,260.0,125.0,True,False,Neutral,-0.05,argentine,argentine,False,,False,True
INT-HPF9B8FBURNRKSEZ,2026-04-21 22:52:46,2026-04-21,CLI-6GZBU2H2NIEC,AGT-0SK7J9FAUM,Chat,Web Chat,Producto,Producto,,,True,False,Neutral,-0.14,mexican,mexican,False,,False,False
INT-ULVQ8U7V9W0PYJIO,2026-04-22 04:05:28,2026-04-21,CLI-E2FWGNJGUBC3,AGT-MQMVGK3ALG,Inbound Call,Phone,Transaccional,Transaccional,166.0,208.0,True,False,Neutral,-0.04,argentine,argentine,False,,False,True
INT-8Z7X7EHM8HNUYUF8,2026-04-21 09:36:48,2026-04-21,CLI-FZEFPZF16RZL,AGT-9U9K7MKVAX,Inbound Call,Phone,Técnico,Técnico,321.0,102.0,True,False,Neutral,0.08,mexican,mexican,False,"PRD-9IC77LCKM54D,PRD-3RDS8LMRKKWK,PRD-OX6YC9XGDG3I",False,True
INT-6EJREASWBSLAKILW,2026-04-22 05:51:35,2026-04-21,CLI-JKA9IUQPYI0V,AGT-LWM9P4ETLV,Inbound Call,Phone,Transaccional,Transaccional,185.0,91.0,True,False,Neutral,0.1,argentine,argentine,False,PRD-FS03VYVVSBN7,False,True
INT-Z29WP5W8ITXAEETO,2026-04-21 10:29:26,2026-04-21,CLI-S5CCJMB8VUKN,AGT-95LE7E26SA,Inbound Call,Phone,Transaccional,Transaccional,135.0,176.0,True,False,Neutral,-0.28,,,False,PRD-TWGXEW6ZLK6Y,False,True
INT-79H3E86Z9YGD98XW,2026-04-21 13:54:26,2026-04-21,CLI-D4OA9EKRCW33,AGT-OK1RZJN2O9,Inbound Call,Phone,Transaccional,Transaccional,296.0,78.0,True,False,Neutral,-0.1,colombian,colombian,False,PRD-HWDVO708WF7X,True,True
INT-84ZOWWJ5GF4U79G5,2026-04-22 00:47:03,2026-04-21,CLI-UAPQ4F3ZASHB,AGT-GX1XLRMUAS,Inbound Call,Phone,Comercial,Comercial,438.0,104.0,True,False,Negativo,-0.68,mexican,mexican,False,"PRD-1PW0JNQEVKV4,PRD-IFO3ILO87GQZ,PRD-0CLA6M8HPETD",True,True
INT-31HXQK6V5I545B3H,2026-04-21 16:44:08,2026-04-21,CLI-YXO36VU589V5,AGT-NFMDK0WJ3N,Inbound Call,Phone,Transaccional,Transaccional,238.0,172.0,True,False,Neutral,0.23,mexican,mexican,False,PRD-LTD9ZUARUS4A,False,True
INT-7YY097AYJJ689Z49,2026-04-21 11:15:35,2026-04-21,CLI-NXZ6RD50KYOG,AGT-0ZKRYC3TIP,Outbound Call,Phone,Retención,Retención,386.0,,True,False,Neutral,-0.12,argentine,argentine,False,"PRD-DB0UIGLSXU0G,PRD-KF1VJB5212RY",False,True
INT-2IZFTSURZEE7PAHQ,2026-04-21 19:01:15,2026-04-21,CLI-OJ4DNY8L64ZE,AGT-YMCBMMLJCD,Inbound Call,Phone,Queja,Queja,441.0,128.0,False,True,Negativo,-0.61,argentine,argentine,False,,False,True
INT-HAIC7KMEX6ASZ2ZO,2026-04-21 21:32:17,2026-04-21,CLI-ZTJ4ASILT6L9,AGT-W8EI0WIZH2,Inbound Call,Phone,Técnico,Técnico,228.0,156.0,True,False,Neutral,-0.02,mexican,colombian,False,"PRD-XZCISQK8ZMW1,PRD-3QSYIBQWK0T8",False,True
INT-3X19NH6ZSULOQHR4,2026-04-22 04:32:34,2026-04-21,CLI-O2ZPVEF0WZVX,AGT-LWM9P4ETLV,Inbound Call,Phone,Producto,Producto,265.0,46.0,True,True,Negativo,-0.46,,,False,PRD-DICBFRYK2L7J,False,True
INT-XJ1EFPA6W8ZJ3ATE,2026-04-21 14:51:29,2026-04-21,CLI-6M56SXPTDGKG,AGT-J7A6SDZWYA,Inbound Call,Phone,Técnico,Técnico,344.0,200.0,True,False,Muy Positivo,0.86,mexican,mexican,False,,False,True
INT-8CXV8OJN0VCRMNM4,2026-04-22 06:18:24,2026-04-21,CLI-4PDBCSOI46D6,AGT-YIGWTTH6CK,Inbound Call,Phone,Queja,Queja,121.0,245.0,False,True,Negativo,-0.32,mexican,colombian,False,,False,True
INT-TJLW75BVE31WPWI8,2026-04-21 10:20:34,2026-04-21,CLI-XV9VZKA3EL1E,AGT-BH4XF8YM49,Inbound Call,Phone,Producto,Producto,149.0,221.0,True,False,Positivo,0.63,mexican,mexican,False,,True,True
INT-TY8CK4FL1IX4QA8M,2026-04-21 19:19:38,2026-04-21,CLI-ZWWZUT6N254M,AGT-F19RDFACNQ,Inbound Call,Phone,Técnico,Técnico,309.0,82.0,False,True,Negativo,-0.65,mexican,mexican,False,"PRD-G72QD8LLQQXT,PRD-O5HQCOBH2LXS,PRD-RKEACCODBRAQ",False,True
INT-JDJY23SEXNQKXS8W,2026-04-21 15:38:01,2026-04-21,CLI-5TXOBG7ILAKN,AGT-YLWHHOSM0W,Inbound Call,Phone,Producto,Producto,449.0,46.0,True,False,Positivo,0.42,mexican,mexican,False,"PRD-YF5DULDK686T,PRD-5N9AIC85SZX1",False,True
INT-Z5CTNY8JV8XL0E6B,2026-04-22 06:33:17,2026-04-21,CLI-TV8Y87OVNZLD,AGT-S1A5VZL0SM,Inbound Call,Phone,Queja,Queja,556.0,114.0,True,False,Negativo,-0.58,mexican,mexican,False,PRD-VBL5N9ZIM0IL,True,True
INT-L0XHURJAJ8IS10E1,2026-04-22 07:10:00,2026-04-21,CLI-L78IK3FEYHVB,AGT-VH6I6W0YCB,Outbound Call,Phone,Técnico,Técnico,397.0,,True,False,Negativo,-0.64,colombian,colombian,True,"PRD-IKQVJFZBROV7,PRD-5UESXD74PANW,PRD-36BDUIB5IV2Z",True,True
INT-65Y6TNFRPQV2RCQA,2026-04-21 08:44:57,2026-04-21,CLI-TQEOCO2W98H1,AGT-TKG71FXFEZ,Inbound Call,Phone,Transaccional,Transaccional,204.0,167.0,True,True,Neutral,0.09,mexican,argentine,False,,True,True
INT-5C3H8GZE21EDUS28,2026-04-21 12:12:41,2026-04-21,CLI-534BGWP9FZDP,AGT-QO0HKV2FTI,Outbound Call,Phone,Producto,Producto,188.0,,True,False,Positivo,0.31,argentine,colombian,False,,False,True
INT-FQINQ8J0J3V9I39K,2026-04-21 21:28:46,2026-04-21,CLI-UM4GPOWG4A1G,AGT-Y3KZLUV3T3,Inbound Call,Phone,Transaccional,Transaccional,156.0,124.0,True,False,Neutral,-0.14,colombian,colombian,False,,True,True
INT-TE7PADAQNCQBYCVL,2026-04-21 16:43:23,2026-04-21,CLI-1LFYX361A018,AGT-NL92YNJI55,Outbound Call,Phone,Transaccional,Transaccional,451.0,,False,True,Neutral,0.18,mexican,mexican,False,"PRD-PX9AV3VXKWCB,PRD-TAP8P073PY42,PRD-NS9OWN725YM5",False,True
INT-6LCMCH7S4ZHL8JRN,2026-04-22 04:52:33,2026-04-21,CLI-P26E9VSWOXML,AGT-QV4LVAPTDM,Inbound Call,Phone,Transaccional,Transaccional,469.0,88.0,False,True,Neutral,-0.19,mexican,mexican,False,"PRD-LFO3MEMKQW7M,PRD-QMFDVRXTEKS8",False,True
INT-J4RL9RGAF3DRGATZ,2026-04-21 15:42:27,2026-04-21,CLI-63NRZZJ6YCEC,AGT-A8JC05Z7T5,Outbound Call,Phone,Comercial,Comercial,444.0,,False,True,Muy Negativo,-0.9,mexican,mexican,False,,False,True
INT-W3D7CQE2R5BTJZ3X,2026-04-21 12:27:13,2026-04-21,CLI-CL4HW8YSXG0C,AGT-YWKYXYRNJG,Inbound Call,Phone,Queja,Queja,618.0,174.0,False,True,Positivo,0.36,argentine,argentine,False,,False,True
INT-YA774KCRRC3GHOI2,2026-04-21 17:34:42,2026-04-21,CLI-0BHNEHN73N3X,AGT-0XMA3F473C,Outbound Call,Phone,Queja,Queja,430.0,,False,True,Neutral,0.05,colombian,mexican,False,,False,True
INT-C58UA857BLFHQJNZ,2026-04-21 16:36:26,2026-04-21,CLI-C4Q8F2JW2Q1H,AGT-CEA1C9BKKF,Chat,WhatsApp,Producto,Producto,,,True,False,Neutral,0.11,,,False,PRD-X3FPSVFBSHX4,False,False
INT-45YEAATWTMXTIOC4,2026-04-22 02:29:10,2026-04-21,CLI-W7BVGXU71IX2,AGT-HHL6C35P9E,Outbound Call,Phone,Transaccional,Transaccional,184.0,,False,True,Neutral,0.29,,,False,"PRD-R8EPNZC00KDS,PRD-8KJP8BAOCWH3",True,True
INT-RS59PPUPVPB3VQF7,2026-04-21 08:13:53,2026-04-21,CLI-YQK8GZGDQCJ5,AGT-3VDTAI6D17,Inbound Call,Phone,Transaccional,Transaccional,162.0,137.0,True,True,Neutral,0.19,argentine,argentine,False,PRD-5DDLD6C6UPW4,False,True
INT-NQGD1APF04U7249W,2026-04-21 21:35:14,2026-04-21,CLI-G24VMWEBGRE9,AGT-R9OEJVZ74S,Outbound Call,Phone,Retención,Retención,159.0,,True,False,Neutral,0.1,mexican,mexican,False,"PRD-9O05UPP63R37,PRD-EMBYE9XR9NFM",False,True
INT-Q98XPUCIZWU8G094,2026-04-22 01:11:26,2026-04-21,CLI-X4JROQIC0D2K,AGT-JZD6GWJBLQ,Inbound Call,Phone,Técnico,Técnico,331.0,71.0,False,True,Muy Positivo,0.88,mexican,mexican,False,"PRD-417BQUKPKQOB,PRD-RJHRHXZ540OV,PRD-2Y4KMD0NO2I1",False,True
INT-DEUW9BA0JWH4L43B,2026-04-21 14:36:35,2026-04-21,CLI-2KITRJM2I35F,AGT-ZZLDFFK5KX,Inbound Call,Phone,Producto,Producto,338.0,104.0,True,False,Neutral,-0.16,mexican,colombian,False,,False,True
INT-7593Y3I5S7TI6VGR,2026-04-22 07:25:46,2026-04-21,CLI-7U3PFKFKCIBO,AGT-XQJHLJ5CHC,Chat,App,Transaccional,Transaccional,,,True,False,Neutral,0.12,colombian,colombian,False,"PRD-D1T06A2PQKJY,PRD-99HB200EAOET,PRD-TLQ1RHEKIVQ5",False,False
INT-QN5VEUD8EW6K7XYZ,2026-04-22 04:28:45,2026-04-21,CLI-JOY7O940NQ8D,AGT-LE0LUR1Y4Z,Inbound Call,Phone,Producto,Producto,154.0,136.0,True,False,Neutral,0.25,mexican,colombian,False,PRD-AS1ZX6DI97OO,True,True
INT-WOZOOGXT0M54TGH1,2026-04-21 17:25:56,2026-04-21,CLI-67ZJUTD4GSRC,AGT-8NM2UHJMKP,Inbound Call,Phone,Transaccional,Transaccional,130.0,164.0,True,False,Neutral,-0.13,,,True,"PRD-E9EGQVRFE2ON,PRD-4MIJE6BCGS42",False,True
INT-8S6E2PRJK25634PG,2026-04-21 20:26:32,2026-04-21,CLI-W3AQLGAYPFIG,AGT-VQEQ59AZXS,Inbound Call,Phone,Técnico,Técnico,467.0,79.0,True,False,Muy Negativo,-0.8,mexican,mexican,False,,False,True
INT-AGXCCGTM2KBU6KZZ,2026-04-21 09:29:28,2026-04-21,CLI-S4ZK8QJNC0JX,AGT-4V4YDGZZ5H,Inbound Call,Phone,Transaccional,Transaccional,268.0,73.0,True,False,Neutral,-0.15,colombian,colombian,False,,False,True
INT-04ZSA43BC9QJRR13,2026-04-21 16:56:15,2026-04-21,CLI-6BC91UT80LXK,AGT-E0B7SL6ZCI,Email,Email,Producto,Producto,,,True,False,Muy Negativo,-0.91,mexican,mexican,False,"PRD-WVRCIEIIKXJY,PRD-LJH2ATZ94DS9",True,False
INT-XXL5SED4C589UWVU,2026-04-22 05:51:09,2026-04-21,CLI-SSVH3W23XS32,AGT-E1ZTCO5D24,Chat,Web Chat,Queja,Queja,,,False,True,Negativo,-0.55,argentine,argentine,False,,False,False
INT-0XQPAD21IRQKGT1Y,2026-04-21 21:38:15,2026-04-21,CLI-WCKI8M9EWL5Q,AGT-9FZV5Z7FAG,Inbound Call,Phone,Queja,Queja,643.0,157.0,True,False,Neutral,-0.04,,,False,,False,True
INT-7PO6F6YSL88XZMP3,2026-04-21 16:54:12,2026-04-21,CLI-EIB1ICUBOD9V,AGT-DBGB5MKK8K,Outbound Call,Phone,Transaccional,Transaccional,197.0,,False,True,Neutral,-0.3,,,False,PRD-IKGCILUIZ0UH,True,True
INT-GZ2DDNL0SHXI0ZUM,2026-04-22 06:10:19,2026-04-21,CLI-4RQ2UPS3ULB4,AGT-NIV1UCW44H,Inbound Call,Phone,Transaccional,Transaccional,225.0,180.0,True,True,Neutral,0.19,mexican,mexican,False,"PRD-NT4U2ZKNMDAM,PRD-GR9WRXL5HVX3,PRD-DB3TD034BA67",False,True
INT-GI1SMU2K1YHS68NQ,2026-04-22 02:56:45,2026-04-21,CLI-OOA8WSQ4MVMR,AGT-4YVIQ8ZZDX,Inbound Call,Phone,Producto,Producto,351.0,216.0,True,True,Neutral,0.12,colombian,colombian,False,,False,True
INT-FCW4GNDRUZB2ME36,2026-04-21 11:23:16,2026-04-21,CLI-JBD9FTXUYS42,AGT-L84W3K4FHJ,Inbound Call,Phone,Queja,Queja,894.0,203.0,False,True,Muy Positivo,0.8,colombian,mexican,False,,False,True
INT-QFCYRQ6EGX5QI7PF,2026-04-21 17:11:39,2026-04-21,CLI-CUPHK2K8MAKJ,AGT-M6MXQC9YHN,Inbound Call,Phone,Transaccional,Transaccional,202.0,120.0,True,False,Neutral,-0.06,,,False,"PRD-QMBVTZ4E8BXW,PRD-GTDQL60IHZNE",False,True
INT-RVQUCOHHNVFUU7XO,2026-04-22 06:07:13,2026-04-21,CLI-CDX2U1SZJKUQ,AGT-YUKU1CJ7LZ,Inbound Call,Phone,Transaccional,Transaccional,334.0,67.0,False,True,Neutral,-0.3,,,False,,False,True
INT-EAD1DXYK08QWE63N,2026-04-21 20:27:25,2026-04-21,CLI-UJLHHTR5NLC3,AGT-A8FKJXIIEG,Inbound Call,Phone,Producto,Producto,207.0,106.0,True,False,Neutral,-0.21,argentine,mexican,False,,True,True
INT-Q9SS99YKZY7T72ZV,2026-04-22 00:09:04,2026-04-21,CLI-N8JBNI7DOWJ2,AGT-1S0K1D1M6I,Chat,Web Chat,Queja,Queja,,,False,True,Muy Negativo,-0.97,mexican,mexican,False,,False,False
INT-NZA9SX638BLYLF5H,2026-04-21 11:05:28,2026-04-21,CLI-DZXKYBIW4UFO,AGT-C1BYBSUMTP,Inbound Call,Phone,Comercial,Comercial,706.0,120.0,True,False,Neutral,0.11,,,False,"PRD-ZSHIR5LWKWVA,PRD-ZOYTKOXRKBM8,PRD-EMOFHEXABFL2",False,True
INT-IG1MI2FCYQ2N21LO,2026-04-22 03:07:20,2026-04-21,CLI-0K03KCKNKIIF,AGT-3DLG9UKU56,Outbound Call,Phone,Transaccional,Transaccional,252.0,,True,False,Neutral,0.2,mexican,mexican,False,"PRD-ACUW9K6N8X1B,PRD-GAC1PISFOT6I,PRD-M1M29COF1ILY",False,True
INT-VK8N9PHUTXSQK4LE,2026-04-21 16:22:48,2026-04-21,CLI-N0JHOCKX4WCM,AGT-JNY9R22CQM,Inbound Call,Phone,Producto,Producto,341.0,137.0,True,False,Neutral,0.1,,,False,,False,True
INT-0V8HKZR1MBGOHZ1G,2026-04-22 02:33:16,2026-04-21,CLI-8L836LRX9NPL,AGT-UR0WYJS0T0,Inbound Call,Phone,Queja,Queja,456.0,89.0,True,False,Neutral,-0.16,,,False,,False,True
INT-EEOMWG0CFRLTOQ5O,2026-04-21 23:00:05,2026-04-21,CLI-5C4IGNUTRQCP,AGT-9YREQYSI5H,Inbound Call,Phone,Comercial,Comercial,320.0,146.0,False,True,Neutral,-0.3,colombian,colombian,False,"PRD-M9Z7YL4OW1F5,PRD-U9RBYKAQZWAL",False,True
INT-0IA8T3YKGO7F4U7H,2026-04-22 07:55:50,2026-04-21,CLI-0CD8P9LLMB9A,AGT-M8CHINA9AC,Inbound Call,Phone,Transaccional,Transaccional,165.0,107.0,True,False,Neutral,-0.13,mexican,mexican,False,"PRD-W6JUPDN3X1SA,PRD-I1SN9INP26KJ,PRD-11SZZ8GM9FH9",False,True
INT-EKKQBRJL0G3UFHEP,2026-04-22 04:02:43,2026-04-21,CLI-73Q1QYSCKY2X,AGT-04JD8RS9U4,Inbound Call,Phone,Transaccional,Transaccional,304.0,113.0,True,False,Neutral,0.22,mexican,mexican,False,,False,True
INT-Y7M9N2OSXKB8TDTF,2026-04-22 01:03:47,2026-04-21,CLI-Z48MDF4DMCQS,AGT-PX17SVBBET,Inbound Call,Phone,Retención,Retención,643.0,53.0,True,False,Neutral,0.04,,,False,,False,True
INT-Q5KAZI5Z81Z1CA1M,2026-04-22 03:06:00,2026-04-21,CLI-VFVZ5LJ1F4G4,AGT-BRE55A738K,Inbound Call,Phone,Producto,Producto,496.0,120.0,True,False,Neutral,0.15,mexican,mexican,False,"PRD-PZEF0KAXDOLE,PRD-KFYINGL2AT9W",False,True
INT-GR3E0ZYXC7RPGS6R,2026-04-21 09:32:04,2026-04-21,CLI-JWCFQ33IK8KK,AGT-WZZ580SGIK,Inbound Call,Phone,Transaccional,Transaccional,335.0,106.0,True,False,Neutral,-0.16,,,False,PRD-MGOYFWN55E37,False,True
INT-PI2E5R61B02U1FSX,2026-04-22 05:12:16,2026-04-21,CLI-LRJIQSZFTDFT,AGT-JI4AFYODD7,Inbound Call,Phone,Producto,Producto,194.0,142.0,True,False,Negativo,-0.65,,,False,,True,True
INT-LYEHN5KF0V43ZKPP,2026-04-22 05:51:50,2026-04-21,CLI-6U13IIDRHWMT,AGT-9XS8S3F6F9,Inbound Call,Phone,Transaccional,Transaccional,216.0,68.0,False,True,Neutral,-0.06,,,False,"PRD-S52EFDY3EI42,PRD-L1E7W7RKV40R",True,True
INT-8KA18DSYNTWC2HUM,2026-04-21 19:29:46,2026-04-21,CLI-1J6WZ7Q1PO0H,AGT-95LE7E26SA,Inbound Call,Phone,Producto,Producto,325.0,0.0,True,False,Positivo,0.66,,,False,,False,True
INT-0DCI1JVGUA84NWRB,2026-04-22 03:36:43,2026-04-21,CLI-NLVEI45QD1XH,AGT-AIZL8E8598,Inbound Call,Phone,Transaccional,Transaccional,128.0,153.0,True,False,Neutral,-0.09,,,False,,False,True
INT-XFS9QXE0TJMYXI7O,2026-04-21 20:10:50,2026-04-21,CLI-B2SJLVXJ800G,AGT-KGWJ9GRSYJ,Inbound Call,Phone,Queja,Queja,397.0,100.0,False,True,Positivo,0.48,colombian,argentine,False,"PRD-NAZJMZJP64MJ,PRD-D5MO0JUYMJYD,PRD-IBP85AM7WWTA",False,True
INT-OKY6CZ2MN11YKM5N,2026-04-21 23:32:53,2026-04-21,CLI-ZEZ092T3S421,AGT-6OR4WMM8YS,Inbound Call,Phone,Transaccional,Transaccional,236.0,161.0,True,False,Neutral,0.2,colombian,colombian,False,,False,True
INT-PEXAZYVNWY1JGCGQ,2026-04-22 07:31:51,2026-04-21,CLI-CHKNY1XHHGDR,AGT-MNK9T02WF4,Inbound Call,Phone,Queja,Queja,475.0,225.0,False,True,Positivo,0.58,,,False,PRD-XLQT7ALP9AKR,True,True
INT-3FLV3020YRWV0QHC,2026-04-22 07:30:06,2026-04-21,CLI-ME1K5TNXMKEJ,AGT-FNW1UWSWIS,Inbound Call,Phone,Transaccional,Transaccional,180.0,119.0,True,False,Neutral,-0.04,mexican,mexican,False,,False,True
INT-CDC6JYUG3LQJ9NZG,2026-04-22 06:33:33,2026-04-21,CLI-9DQSR1TGEAV1,AGT-3WS5S93Z8Y,Inbound Call,Phone,Producto,Producto,309.0,110.0,True,False,Neutral,-0.2,colombian,colombian,False,PRD-GC4NWDAGWI87,False,True
INT-H78J8GI9BVJJ9MVL,2026-04-21 09:36:16,2026-04-21,CLI-FUNWR1IDHY8C,AGT-JMIXZ2J7AY,Chat,Web Chat,Transaccional,Transaccional,,,True,True,Neutral,0.03,,,False,,True,False
INT-FVPGOT2MY3VRGRGO,2026-04-21 13:38:36,2026-04-21,CLI-H5B8DE75T1KM,AGT-XN0ST1JQ9M,Inbound Call,Phone,Queja,Queja,527.0,201.0,True,False,Neutral,-0.02,,,False,,True,True
INT-ZT79Y9GJYLZ83ONO,2026-04-21 21:08:35,2026-04-21,CLI-TAQVZN8B6K1Z,AGT-Q7BZNFI48C,Outbound Call,Phone,Comercial,Comercial,378.0,,True,True,Neutral,-0.1,,,False,,True,True
INT-889HZCSP1RE9R9UP,2026-04-21 08:59:51,2026-04-21,CLI-2Z8R8L6V2D26,AGT-9WIE6SB1MJ,Inbound Call,Phone,Queja,Queja,559.0,232.0,True,False,Muy Negativo,-0.72,mexican,mexican,False,,False,True
INT-EPA5IXQJ8HTSZ7DV,2026-04-21 14:16:58,2026-04-21,CLI-8DNU8B82FY1F,AGT-BOSIAA5J5O,Outbound Call,Phone,Transaccional,Transaccional,222.0,,True,False,Neutral,-0.04,,,False,"PRD-UQ57RTMOLONC,PRD-6MAF40MDA77Z",False,True
INT-6DRIVDB1QP3W2501,2026-04-21 13:09:34,2026-04-21,CLI-63B81DJPRO9E,AGT-DDPUZDGTDB,Inbound Call,Phone,Producto,Producto,266.0,128.0,True,False,Neutral,-0.25,colombian,colombian,False,,False,True
INT-CXUHQTCMWIIQ5O0G,2026-04-21 19:02:42,2026-04-21,CLI-R7WZ0DENO0T1,AGT-L84W3K4FHJ,Outbound Call,Phone,Transaccional,Transaccional,182.0,,True,False,Neutral,0.14,,,True,,False,True
INT-F12N3Y1AQ7OT8FMQ,2026-04-21 08:53:05,2026-04-21,CLI-9V7OOREX39VN,AGT-3EE5S99BFU,Outbound Call,Phone,Transaccional,Transaccional,147.0,,True,False,Neutral,-0.03,mexican,mexican,False,"PRD-78R908OYA4QB,PRD-KVFZQBP6JO77",True,True
INT-43ZYT6ENQ2MUQD9L,2026-04-22 05:07:34,2026-04-21,CLI-Z1EHLM3W72LV,AGT-RUOSBHQ9OT,Inbound Call,Phone,Producto,Producto,314.0,186.0,True,True,Neutral,0.03,,,False,,False,True
INT-AM44ELEW1EA7RVSZ,2026-04-21 15:50:56,2026-04-21,CLI-8AWARSU2ZAJY,AGT-QZY9HF6XTZ,Inbound Call,Phone,Transaccional,Transaccional,230.0,203.0,True,False,Neutral,0.29,mexican,mexican,False,"PRD-T8LP65A9C9MP,PRD-W0SHDTGS7AMD",False,True
INT-UDV55LJOZHV5OPWC,2026-04-21 18:45:52,2026-04-21,CLI-Z11E58Y92PGG,AGT-GBHL3XZPKH,Chat,WhatsApp,Queja,Queja,,,True,False,Positivo,0.46,mexican,mexican,False,"PRD-QQRQ49Y85CHI,PRD-VZWYDHZCXB1O",False,False
INT-VEL6ZDEOJ6LVLHNJ,2026-04-21 19:02:46,2026-04-21,CLI-YZ2G2J9CSHSK,AGT-T74I7TF58R,Inbound Call,Phone,Queja,Queja,425.0,124.0,True,False,Negativo,-0.51,mexican,mexican,False,,False,True
INT-OQM30346IVLYEH9T,2026-04-21 15:04:31,2026-04-21,CLI-X30WAF7MSNMD,AGT-GJ9LKR80FA,Inbound Call,Phone,Transaccional,Transaccional,177.0,227.0,True,False,Neutral,0.18,argentine,argentine,False,,True,True
INT-E0355NM1QQKYEH1I,2026-04-21 13:14:08,2026-04-21,CLI-2HKLLHGHJU3N,AGT-DD88NRIADN,Inbound Call,Phone,Producto,Producto,207.0,104.0,True,False,Neutral,0.27,mexican,mexican,False,PRD-FPJJJKE9J06E,False,True
INT-CF1XWOXVFOWQUVZ5,2026-04-22 05:25:07,2026-04-21,CLI-R1W67ECBKOF2,AGT-SU7O45SBQF,Inbound Call,Phone,Producto,Producto,382.0,64.0,True,False,Neutral,0.18,,,False,,False,True
INT-2ZAPG5GK09SJTU6X,2026-04-22 05:08:38,2026-04-21,CLI-XL0JEJ7JFKTW,AGT-1K3OXCN0Y0,Inbound Call,Phone,Queja,Queja,651.0,115.0,True,False,Neutral,-0.16,,,False,"PRD-3DSL68N50PVC,PRD-GTD6VELG26ZR,PRD-8O602GQS197K",False,True
INT-0FKNYXM8HE7L8N5H,2026-04-22 06:04:28,2026-04-21,CLI-GX3B1AM36H5S,AGT-IT36OMS326,Email,Email,Producto,Producto,,,True,False,Neutral,-0.11,argentine,argentine,True,"PRD-9DPPXX4FR5XP,PRD-3X5YLSVKJJ21,PRD-9IY0QNXZ28B9",True,False
INT-2D10AFLXTLC8G4AJ,2026-04-21 22:37:07,2026-04-21,CLI-LJ1N8IFMVIZR,AGT-BEAXRRXLFP,Chat,Web Chat,Transaccional,Transaccional,,,True,False,Neutral,-0.26,argentine,argentine,False,,False,False
INT-4C2536NG4ZTM3OTY,2026-04-21 14:50:35,2026-04-21,CLI-D8IGAUD99E5M,AGT-VJR3NWJ0XO,Inbound Call,Phone,Técnico,Técnico,367.0,32.0,False,True,Neutral,-0.29,,,False,"PRD-W8V2LGYWMO6H,PRD-52FP3GQYQ2NS,PRD-WY2XMIIFDCCA",False,True
INT-1J9K47EQSQZ42AZ0,2026-04-21 20:17:53,2026-04-21,CLI-M6XKJ3V10EXT,AGT-OH0WV42QJM,Outbound Call,Phone,Producto,Producto,117.0,,True,False,Neutral,0.01,argentine,argentine,False,PRD-94V38FXJ0YO1,False,True
INT-6OW1VKXQZWRD0C04,2026-04-21 20:43:24,2026-04-21,CLI-7NJR4IY7939R,AGT-9XS8S3F6F9,Outbound Call,Phone,Queja,Queja,301.0,,False,True,Neutral,0.06,,,False,"PRD-YK2XLF7GGLBW,PRD-0ZSLIIL2HSLY,PRD-BMT202FGUX9U",False,True
INT-QAXMIEKIFXLVJN3Z,2026-04-21 17:57:11,2026-04-21,CLI-EI91QVZV0YYO,AGT-9YYG4EPQAP,Chat,WhatsApp,Comercial,Comercial,,,True,True,Neutral,-0.12,,,False,"PRD-4TO67Z1V28EZ,PRD-QJRBXWWR7MHV",True,False
INT-FV87RLIR0XYBZFVY,2026-04-21 14:08:24,2026-04-21,CLI-UHQU4PVNF4GX,AGT-XQJHLJ5CHC,Inbound Call,Phone,Técnico,Técnico,531.0,92.0,True,False,Neutral,0.04,colombian,colombian,False,PRD-L9FCTZ7X51CU,False,True
INT-M9V8XALHSQEF1AWO,2026-04-22 03:43:26,2026-04-21,CLI-W2R86SLM6H9T,AGT-OR7DN8OOL8,Inbound Call,Phone,Producto,Producto,213.0,201.0,True,False,Positivo,0.55,mexican,mexican,False,PRD-PK7CTLA7CMXJ,True,True
INT-U4DZL94GH75AQ8VP,2026-04-21 12:52:37,2026-04-21,CLI-RDIHJGBWSG4G,AGT-3MU2T4LM27,Inbound Call,Phone,Producto,Producto,336.0,6.0,True,False,Neutral,0.23,mexican,mexican,False,,True,True
INT-KXUCQJIMV5P403NZ,2026-04-22 06:13:47,2026-04-21,CLI-FFSUV9Z4ZVGD,AGT-C1BYBSUMTP,Email,Email,Técnico,Técnico,,,True,False,Muy Negativo,-0.73,mexican,mexican,True,"PRD-2V9ESMS314RF,PRD-41Z0E96382YK,PRD-53OKYAXN9LGL",True,False
INT-1XOQ4S0JUNFQLCGV,2026-04-22 07:32:57,2026-04-21,CLI-7F5CQYW01LZ7,AGT-R0HHTLH7NG,Inbound Call,Phone,Transaccional,Transaccional,370.0,212.0,True,False,Neutral,-0.13,mexican,mexican,False,"PRD-2OBU8PC7UVR9,PRD-5MM6SMUU0B2V",False,True
INT-Y0KTZ335J6EC3780,2026-04-22 03:25:06,2026-04-21,CLI-VFTJYTBJAQWT,AGT-ATT07XYOTE,Email,Email,Retención,Retención,,,False,True,Negativo,-0.42,colombian,colombian,False,,True,False
INT-5I725JIM7UU9SNVG,2026-04-21 18:52:59,2026-04-21,CLI-T7K9EB2VSSNH,AGT-8E5KSD2KSS,Outbound Call,Phone,Queja,Queja,431.0,,False,True,Neutral,-0.07,,,False,,False,True
INT-S1XXRP48ULK1QJS9,2026-04-22 07:19:30,2026-04-21,CLI-BLDAORM7D6QA,AGT-OST7AX31MF,Chat,App,Queja,Queja,,,True,False,Positivo,0.5,colombian,colombian,False,,False,False
INT-1REAGXL0Y8G0T8GL,2026-04-22 04:45:08,2026-04-21,CLI-7HM503P77BCJ,AGT-OU7FAUBSD0,Inbound Call,Phone,Transaccional,Transaccional,89.0,55.0,True,True,Neutral,-0.18,,,False,"PRD-4ASFI29C8ZAZ,PRD-R5YPOCJKYSVB",True,True
INT-D9XYOLMT8JDOIZCB,2026-04-21 17:12:10,2026-04-21,CLI-I59LL8P08Y5G,AGT-PNYK14IYR3,Chat,App,Queja,Queja,,,False,True,Positivo,0.4,mexican,mexican,False,,False,False
INT-6CXG1PNOD1R70S86,2026-04-21 22:32:14,2026-04-21,CLI-RFRUU60ZSIPU,AGT-92W11NU8ER,Inbound Call,Phone,Queja,Queja,400.0,131.0,False,True,Neutral,0.04,mexican,mexican,False,"PRD-IECTH0SZBD19,PRD-UQMIJPLCRCFM",False,True
INT-8SPZCVGS4XS33AM5,2026-04-21 23:13:28,2026-04-21,CLI-DXDDC7YQRK6J,AGT-VSNRM7IQIT,Inbound Call,Phone,Transaccional,Transaccional,228.0,184.0,True,False,Neutral,0.28,mexican,mexican,False,,False,True
INT-QGZ4HH48PCL9G9FZ,2026-04-21 09:48:45,2026-04-21,CLI-YFTZWC242Q0G,AGT-4ZRJ45ERIZ,Outbound Call,Phone,Transaccional,Transaccional,503.0,,True,False,Neutral,0.16,mexican,mexican,False,,False,True
INT-B7CRCHQ2KGRJ8U2X,2026-04-21 09:21:24,2026-04-21,CLI-IOU4AYAGIOV3,AGT-5M8UV0UVSQ,Video,App,Transaccional,Transaccional,266.0,,True,False,Neutral,0.2,mexican,mexican,False,,False,True
INT-VHDUUSMP8QMOYNM5,2026-04-21 11:48:10,2026-04-21,CLI-9UVC6Z5WIB9V,AGT-L84W3K4FHJ,Outbound Call,Phone,Técnico,Técnico,441.0,,False,True,Muy Negativo,-0.72,,,True,,False,True
INT-NLIP9BDUHHMVX2QN,2026-04-22 03:15:42,2026-04-21,CLI-F40J42HG7J4G,AGT-FNW1UWSWIS,Inbound Call,Phone,Comercial,Comercial,556.0,99.0,True,False,Positivo,0.65,,,False,,False,True
INT-BPA8PVSJF6DOJILL,2026-04-21 20:17:38,2026-04-21,CLI-L70KH2Y8FU6E,AGT-6QYGLWIS1K,Inbound Call,Phone,Producto,Producto,219.0,138.0,True,False,Neutral,-0.07,colombian,argentine,True,PRD-PD3YNR3M7FA5,False,True
INT-QDGTZ2UH2JKZZUVL,2026-04-21 10:05:59,2026-04-21,CLI-BD5824IBNKEI,AGT-YZRQJS5X0J,Inbound Call,Phone,Queja,Queja,341.0,59.0,True,True,Neutral,-0.03,,,False,,False,True
INT-PEXU1ZM7N6Q0OZEQ,2026-04-21 13:29:23,2026-04-21,CLI-Q7KIIMRG6FG9,AGT-PLUMVDKU8D,Outbound Call,Phone,Producto,Producto,220.0,,True,False,Neutral,-0.19,colombian,colombian,False,,False,True
INT-3R4ZH28RQDRCGOEB,2026-04-21 15:37:26,2026-04-21,CLI-0YDZG6K8VUNN,AGT-Z77UHM1UV3,Inbound Call,Phone,Producto,Producto,186.0,51.0,True,False,Neutral,-0.17,mexican,colombian,False,,False,True
INT-QWOAUPVTENCYA1F7,2026-04-21 20:37:51,2026-04-21,CLI-KLJ7MIWXCA2W,AGT-VFQGSL284E,Inbound Call,Phone,Transaccional,Transaccional,175.0,5.0,True,False,Neutral,-0.19,mexican,mexican,False,,False,True
INT-Z7XABS5SFJR7MZHK,2026-04-21 10:26:47,2026-04-21,CLI-7IBYQI13ULPO,AGT-87FD5U93RA,Inbound Call,Phone,Producto,Producto,310.0,65.0,True,True,Neutral,-0.09,mexican,mexican,False,,False,True
INT-LR2WZ2Q7226WMJIY,2026-04-21 13:36:12,2026-04-21,CLI-FTUS7I7R09RX,AGT-SYVTKOYKRR,Chat,App,Producto,Producto,,,True,True,Neutral,-0.28,,,False,PRD-M3TEWMEC0R2V,False,False
INT-JYC75HBPCYPRQ24O,2026-04-21 23:49:21,2026-04-21,CLI-F478EB5CL9NX,AGT-HHL6C35P9E,Inbound Call,Phone,Técnico,Técnico,476.0,29.0,True,False,Neutral,0.15,,,False,,False,True
INT-KNYE0HQC8KQFT0GB,2026-04-21 08:51:14,2026-04-21,CLI-L7EXAQLPF7LH,AGT-NIV1UCW44H,Outbound Call,Phone,Comercial,Comercial,656.0,,True,False,Positivo,0.56,mexican,mexican,False,,False,True
INT-TSPLZL85SY2Z58ON,2026-04-21 11:07:43,2026-04-21,CLI-HT9PWSY4AOAG,AGT-UX3Z61ZNLY,Inbound Call,Phone,Producto,Producto,256.0,142.0,True,False,Neutral,0.1,mexican,mexican,False,"PRD-32INO7H4DIFB,PRD-I4OHVXD0T4O2",False,True
INT-EAKZ11HMAV5WKHR1,2026-04-22 05:05:29,2026-04-21,CLI-ZDRVHWE7CHO9,AGT-BTCYXRD64J,Inbound Call,Phone,Comercial,Comercial,548.0,134.0,False,True,Muy Positivo,0.97,mexican,mexican,False,,True,True
INT-5PJKANU0QH5DIYAQ,2026-04-21 19:23:46,2026-04-21,CLI-H8GB3UZGGXQL,AGT-PIKPFEQPIH,Inbound Call,Phone,Producto,Producto,258.0,64.0,True,True,Positivo,0.45,argentine,argentine,False,,False,True
INT-RZHNMQZ6BDIKG18X,2026-04-21 18:16:49,2026-04-21,CLI-SEK0TGB9JMTI,AGT-DYB0RQQGNC,Inbound Call,Phone,Producto,Producto,184.0,153.0,True,False,Positivo,0.54,,,False,PRD-RX38YAQ1OM08,False,True
INT-3NSP4F3XPO5STFNH,2026-04-21 11:53:17,2026-04-21,CLI-TX66ONCV8KIB,AGT-E9ZVJ2OXIN,Inbound Call,Phone,Queja,Queja,567.0,161.0,False,True,Positivo,0.38,mexican,argentine,False,,False,True
INT-OOEW9STEFSUE5DCT,2026-04-21 11:08:55,2026-04-21,CLI-IEPZ1KPS5LSA,AGT-0UA5E2DG3G,Inbound Call,Phone,Transaccional,Transaccional,367.0,100.0,False,True,Neutral,-0.21,mexican,mexican,False,,True,True
INT-22CKDUHFQR82NUJP,2026-04-22 00:25:51,2026-04-21,CLI-3KI7YBTFXCGJ,AGT-E4S7AXSU3W,Inbound Call,Phone,Producto,Producto,239.0,198.0,True,True,Neutral,0.21,mexican,mexican,False,,False,True
INT-ZSRQ0B286US55KL2,2026-04-21 09:51:48,2026-04-21,CLI-MHIWNVJMA7GM,AGT-ZF4Q739XEZ,Inbound Call,Phone,Comercial,Comercial,499.0,87.0,True,False,Muy Positivo,0.88,mexican,mexican,False,,False,True
INT-GAXAZYXPPTBX1I6O,2026-04-21 16:22:50,2026-04-21,CLI-J37TG8QVYAJ1,AGT-A8FKJXIIEG,Chat,App,Transaccional,Transaccional,,,True,False,Neutral,-0.24,mexican,mexican,False,,False,False
INT-CY3BV5LVH26IEG55,2026-04-22 00:18:43,2026-04-21,CLI-36BOAJMVCUYX,AGT-S2ST06ZN2V,Inbound Call,Phone,Queja,Queja,381.0,129.0,False,True,Positivo,0.7,mexican,mexican,False,,True,True
INT-NEGAY3W92US79O1R,2026-04-21 17:52:38,2026-04-21,CLI-U9BSQSBNITXG,AGT-V440PLMXD9,Inbound Call,Phone,Producto,Producto,229.0,75.0,False,True,Negativo,-0.44,mexican,mexican,False,,False,True
INT-CQH3WOCE2L1T3ZT4,2026-04-22 05:49:46,2026-04-21,CLI-FYCEZUZ8N1A8,AGT-VNPM17YQ4J,Email,Email,Producto,Producto,,,True,False,Positivo,0.33,argentine,argentine,False,,True,False
INT-Q3LZ1QJ745326IH2,2026-04-21 13:13:11,2026-04-21,CLI-QH5MQ06TF8TC,AGT-78UF97BVDP,Outbound Call,Phone,Retención,Retención,690.0,,True,False,Negativo,-0.3,colombian,colombian,False,PRD-85T8B73TKRSM,True,True
INT-SNDHO4I4EKDTA36K,2026-04-22 04:29:28,2026-04-21,CLI-KHBLGJQF19UG,AGT-Q4ZVLPZQ5R,Outbound Call,Phone,Técnico,Técnico,477.0,,True,True,Positivo,0.69,,,False,PRD-FZ3MGO91XP9K,False,True
INT-DRLFGVHS0C5E478G,2026-04-22 02:43:55,2026-04-21,CLI-7JGD27ZBPR9A,AGT-5TDOITKK8V,Inbound Call,Phone,Comercial,Comercial,323.0,138.0,True,False,Positivo,0.56,,,False,,False,True
INT-Q3DBI7Q6SZ3QNAEZ,2026-04-21 12:46:32,2026-04-21,CLI-WVGCTMUR3409,AGT-8UCMD0TC8H,Email,Email,Queja,Queja,,,False,True,Neutral,0.02,,,False,,True,False
INT-P8Z1MSFRAUA4ZH40,2026-04-22 05:25:43,2026-04-21,CLI-I5Z8FXFL21GS,AGT-1KKA6IK8D9,Inbound Call,Phone,Comercial,Comercial,790.0,85.0,True,False,Positivo,0.32,mexican,colombian,False,PRD-AM3IH3DKUXF0,True,True
INT-HRZ7SVQKHRNJENWB,2026-04-21 11:18:08,2026-04-21,CLI-A45IN0H4DAFH,AGT-ZAYJ41JB3A,Inbound Call,Phone,Técnico,Técnico,450.0,115.0,False,True,Neutral,0.06,colombian,colombian,False,,False,True
INT-1PLCJI2QMMJZ8UED,2026-04-22 01:25:10,2026-04-21,CLI-AGDPF9SUW2Q4,AGT-T8LM02ABDZ,Inbound Call,Phone,Comercial,Comercial,385.0,165.0,False,True,Positivo,0.38,,,False,,True,True
INT-8G2MPUN7SEG1F23L,2026-04-21 21:13:29,2026-04-21,CLI-AAM53XJVJJZN,AGT-TDSG1W6IY6,Inbound Call,Phone,Transaccional,Transaccional,157.0,99.0,True,False,Neutral,-0.17,mexican,mexican,False,,True,True
INT-8A1KRA8OFAIZ2SPL,2026-04-22 02:41:17,2026-04-21,CLI-RS5VLJK1Y95O,AGT-DBGB5MKK8K,Chat,Web Chat,Queja,Queja,,,True,False,Muy Negativo,-0.76,mexican,mexican,False,PRD-MW4NQ8PE53KX,False,False
INT-37YVYR56OQESCQVN,2026-04-21 15:38:35,2026-04-21,CLI-0NB0I50LPXAR,AGT-5U01K5M1K2,Inbound Call,Phone,Transaccional,Transaccional,199.0,181.0,True,False,Neutral,-0.09,mexican,mexican,False,PRD-HJ8EXR76ATWU,False,True
INT-U8LPKQPYN21ZZ2AC,2026-04-22 06:26:07,2026-04-21,CLI-ZB6UBD8GD5BX,AGT-IZHTXLTYWZ,Inbound Call,Phone,Técnico,Técnico,335.0,177.0,True,True,Neutral,-0.09,colombian,colombian,True,,False,True
INT-OQ6EE504EWWXMGH1,2026-04-21 23:35:37,2026-04-21,CLI-9IXSKQYS3VLJ,AGT-Q7BZNFI48C,Outbound Call,Phone,Queja,Queja,409.0,,True,False,Negativo,-0.31,mexican,mexican,False,,False,True
INT-VYIFVFBKQ8A1BDG9,2026-04-22 02:26:53,2026-04-21,CLI-CIRRKGB8WUSF,AGT-HXQ8E585EG,Inbound Call,Phone,Queja,Queja,491.0,162.0,False,True,Negativo,-0.38,,,False,,False,True
INT-F9JYJO99RURDJ18B,2026-04-22 00:41:24,2026-04-21,CLI-1U5H8H5SILBF,AGT-VM8IH2LFKP,Inbound Call,Phone,Técnico,Técnico,365.0,78.0,True,True,Neutral,0.0,,,True,"PRD-R0K0H83WRCMR,PRD-91NZDYLY4XA8,PRD-61IHEOONFH35",False,True
INT-6XZ2F00WK566SOII,2026-04-22 06:11:37,2026-04-21,CLI-G5M57QD5QJJG,AGT-6RVQHDLYE5,Inbound Call,Phone,Técnico,Técnico,401.0,82.0,False,True,Muy Negativo,-0.98,argentine,argentine,True,"PRD-SXRLG4JCYZOF,PRD-TBQY3JEW7522",True,True
INT-UD2H5FSF5COE3G5I,2026-04-21 22:47:25,2026-04-21,CLI-DGF6SIP177GU,AGT-EKYTTPV65Q,Inbound Call,Phone,Transaccional,Transaccional,320.0,179.0,True,True,Neutral,0.09,,,False,,False,True
INT-N7FYQTGYY5AAGZXW,2026-04-21 19:24:35,2026-04-21,CLI-MKP2IB57ST9Y,AGT-SBUNV1M04D,Inbound Call,Phone,Queja,Queja,633.0,133.0,False,True,Positivo,0.59,,,False,,False,True
INT-WPK9NW59GAUNPVY9,2026-04-22 07:15:31,2026-04-21,CLI-9XGEQTJ0Y947,AGT-VFOW1SAD5J,Inbound Call,Phone,Producto,Producto,62.0,113.0,True,False,Neutral,0.02,,,False,"PRD-OD8NM4XKXJEN,PRD-N4QEM2OYU5AO,PRD-QR2D838UE5H9",False,True
INT-483HXC267MAOLDLE,2026-04-21 09:44:05,2026-04-21,CLI-VID2ZRHUK5Z3,AGT-4ZD726MTT0,Chat,WhatsApp,Producto,Producto,,,True,False,Neutral,0.12,mexican,mexican,False,"PRD-JY5FS32C1QOH,PRD-35K1OSQ9O32R,PRD-TXNJ36PC8XV3",True,False
INT-7BPHS2EF83Q8WCV1,2026-04-21 21:09:58,2026-04-21,CLI-JLWE4QWB9SAP,AGT-64T08W0ODF,Inbound Call,Phone,Transaccional,Transaccional,157.0,152.0,True,False,Neutral,-0.17,,,False,"PRD-PMRNBGPGMS9Y,PRD-HEXFD35O91BD",False,True
INT-KXSNNUMS92PNHKTO,2026-04-21 15:58:21,2026-04-21,CLI-ZV1IIQ3RH3NS,AGT-0YP9IMVFG1,Inbound Call,Phone,Transaccional,Transaccional,179.0,42.0,True,False,Neutral,-0.03,,,False,"PRD-ODI3O5VGJ5G9,PRD-N77Q7MG2TZDM",False,True
INT-FXUZK5LFE91660J7,2026-04-22 05:05:49,2026-04-21,CLI-OT1OBNS30G4O,AGT-7RNBB5W4CT,Chat,WhatsApp,Transaccional,Transaccional,,,True,False,Neutral,0.05,argentine,argentine,False,,False,False
INT-QHUTQEE4F52N27S3,2026-04-21 21:57:35,2026-04-21,CLI-B44BA5GWM3FU,AGT-PMTS32C7KD,Inbound Call,Phone,Transaccional,Transaccional,228.0,156.0,True,True,Neutral,0.05,,,False,,False,True
INT-1RUC3P35TED8KSJD,2026-04-22 02:43:27,2026-04-21,CLI-G5LP4YDVG27U,AGT-1999NR0BNU,Inbound Call,Phone,Producto,Producto,204.0,67.0,True,False,Positivo,0.68,mexican,mexican,False,,False,True
INT-0N8TL07EPH94ENSM,2026-04-21 22:57:57,2026-04-21,CLI-I5AX9P64BXIR,AGT-NMPUM2684B,Chat,WhatsApp,Transaccional,Transaccional,,,True,False,Neutral,0.14,mexican,mexican,False,,False,False
INT-IGBS3FB1PIRBE8QP,2026-04-21 10:46:03,2026-04-21,CLI-2JQCA6DJFU81,AGT-OI77O05LDK,Outbound Call,Phone,Queja,Queja,332.0,,True,False,Positivo,0.37,argentine,argentine,False,"PRD-86R9B08IMS46,PRD-1IA72ZKMBCX3,PRD-BM0LM2FOLIV9",False,True
INT-1YEQ9GG2F5C9CM6F,2026-04-21 12:32:09,2026-04-21,CLI-IVMFOH7ZTX7W,AGT-O8KA4K5V2R,Inbound Call,Phone,Transaccional,Transaccional,113.0,199.0,True,True,Neutral,0.11,colombian,colombian,True,,False,True
INT-WJK6LSTDOYC8HN2Z,2026-04-21 08:43:21,2026-04-21,CLI-F88KAB4O4JWL,AGT-0DEAGE60M6,Inbound Call,Phone,Transaccional,Transaccional,194.0,147.0,True,False,Neutral,-0.18,colombian,colombian,False,"PRD-ELERHS2SY1GV,PRD-N11SEU47OZEH",False,True
INT-I9M6ROVN9OZMYOSM,2026-04-22 04:54:52,2026-04-21,CLI-3P3S2W7R7SDQ,AGT-KJJSUXEQ6N,Outbound Call,Phone,Técnico,Técnico,469.0,,False,True,Negativo,-0.64,,,True,PRD-FVSODJ5K1AGN,False,True
INT-SU5DQEOXCF17VFM6,2026-04-22 03:26:13,2026-04-21,CLI-7PI3BI2A75U2,AGT-F7WFZ9B08B,Inbound Call,Phone,Transaccional,Transaccional,233.0,64.0,True,False,Neutral,-0.13,colombian,colombian,False,"PRD-V7TORKPIBBNP,PRD-TYB525CYLHXN,PRD-XVAQFKRXOD5F",False,True
INT-H882RTMMPI3T0PW5,2026-04-21 10:54:09,2026-04-21,CLI-URR89YVAPKVQ,AGT-E4S7AXSU3W,Inbound Call,Phone,Técnico,Técnico,292.0,90.0,True,False,Neutral,0.18,argentine,colombian,True,,False,True
INT-0RATIOPDYWY51XSV,2026-04-21 10:15:56,2026-04-21,CLI-HTL3YOYKK6BY,AGT-AHADYYXJB4,Inbound Call,Phone,Transaccional,Transaccional,227.0,82.0,False,True,Neutral,-0.14,,,False,,False,True
INT-02LABRG0BYQJCN70,2026-04-21 11:28:38,2026-04-21,CLI-FZH58IF4HQ47,AGT-7DXQDW91FT,Outbound Call,Phone,Transaccional,Transaccional,203.0,,True,True,Neutral,-0.02,argentine,argentine,False,"PRD-LXNB3M1OCX8Z,PRD-JQP1AIEL4P9Z,PRD-LKLVOH4OYXR6",False,True
INT-26WGCBIXAQZACYIC,2026-04-21 17:00:34,2026-04-21,CLI-SAL9NPHNGHOB,AGT-36I8H8V3IO,Outbound Call,Phone,Comercial,Comercial,734.0,,True,False,Muy Positivo,0.89,mexican,mexican,False,"PRD-4RM6CY70PGYR,PRD-Q1KI4GQXLULU",False,True
INT-W9JIMC0943WVZMOF,2026-04-21 17:24:22,2026-04-21,CLI-BCK0SH75IVCS,AGT-7YEN4DGX91,Inbound Call,Phone,Producto,Producto,208.0,70.0,True,True,Neutral,-0.27,,,False,,False,True
INT-8YUJZG2QM4PS84J8,2026-04-22 05:05:22,2026-04-21,CLI-6850VCV486T0,AGT-6OQPU4LB3G,Inbound Call,Phone,Comercial,Comercial,614.0,85.0,True,False,Positivo,0.45,argentine,mexican,False,,True,True
INT-OHVLPC4UG8QFQD74,2026-04-22 03:01:26,2026-04-21,CLI-LK3RADEL47AG,AGT-DWXSXT9OP1,Inbound Call,Phone,Transaccional,Transaccional,245.0,147.0,True,True,Neutral,0.16,mexican,mexican,False,"PRD-L9OT1IMG0GJ8,PRD-T7BXJSW36FMR",False,True
INT-0HV07T2V3X62HLF1,2026-04-21 14:21:07,2026-04-21,CLI-SAT528DRJV4C,AGT-LBM4G3WHV5,Inbound Call,Phone,Transaccional,Transaccional,148.0,102.0,True,False,Neutral,0.24,mexican,mexican,True,"PRD-DKPZL9UVKG51,PRD-2LLYKUCEW28I",False,True
