transaction_id,transaction_date,process_date,product_id,customer_id,transaction_type,transaction_category,amount,currency,amount_usd,channel,branch_id,merchant_name,merchant_category,transaction_country,transaction_city,transaction_status,response_code,is_fraud,fraud_score,latitude,longitude
TRX-I1LSYZ2G32LL280FTATP,2026-05-28 20:17:37,2026-05-28,PRD-M13S6CEJ0Y86,CLI-66J4VV5NI6EZ,Transfer,,320269.32,ARS,915.06,Web,,,,Argentina,Córdoba,Approved,00,False,11.96,,
TRX-E5VQDQWRKEMU6GFFZEDW,2026-05-28 14:06:02,2026-05-28,PRD-YKHX0FKVWEKB,CLI-WD9C50OZA12Z,Withdrawal,,421.54,USD,,POS,,,,Argentina,Córdoba,Approved,00,False,13.78,,
TRX-I337E5ZFROPDTNS0XMK0,2026-05-29 01:07:26,2026-05-28,PRD-LJ7KCHOWRRB5,CLI-IJBG4NXEXSCI,Transfer,,990.4,USD,,App,,,,Colombia,Bogotá,Approved,00,False,4.24,,
TRX-2446OMMGNJOLYOSD7QRE,2026-05-29 04:21:06,2026-05-28,PRD-G9MOAL6FGTX4,CLI-3ABO6UYNYAS6,Transfer,,9796.67,USD,,App,,,,México,Querétaro,Approved,00,False,,,
TRX-FIXP11U6KSY2IIX3I2U8,2026-05-29 03:13:12,2026-05-28,PRD-UX4JU0Z88UX4,CLI-WG9A2I5EH8US,Transfer,,6479.21,USD,,Web,,,,México,Monterrey,Approved,00,False,19.98,,
TRX-AQM994IT7FORGR09JWDC,2026-05-28 09:40:57,2026-05-28,PRD-GT9PS5K3L7FE,CLI-JVUAFKJGNMY5,Deposit,,1599773.34,ARS,4570.78,POS,,,,Argentina,Mendoza,Approved,00,False,27.17,,
TRX-L01UPSF41BLS53DBLCJM,2026-05-28 15:35:46,2026-05-28,PRD-V0B2HILJZSWJ,CLI-O4L85Y79EVNO,Withdrawal,,494.43,USD,,POS,,,,México,Puebla,Approved,00,False,24.46,0.7282366,0.4815447
TRX-HOFFIAN3BFF7VZG2WTT5,2026-05-28 13:58:52,2026-05-28,PRD-EBD5HS11130F,CLI-24T858AB3FCK,Withdrawal,,1586652.24,COP,396.66,ATM,SUC-3FS5CHQJ,,,Colombia,Cartagena,Approved,00,False,21.4,,
TRX-PTIK1RZ5XQ9K5QA9GBVM,2026-05-28 14:21:47,2026-05-28,PRD-33RBI9LC5X6J,CLI-USV0JRZ9X083,Deposit,,2515714.42,COP,628.93,App,,,,Colombia,Medellín,Approved,00,False,19.14,,
TRX-WVJWP7Q5OO9HVX48A5PU,2026-05-28 10:53:36,2026-05-28,PRD-7ZE67QJPKWVI,CLI-M19XG275HD62,Withdrawal,,44558.88,ARS,127.31,Web,,,,Argentina,La Plata,Approved,00,False,26.8,,
TRX-72XF7DB92JBN7JBD3RFB,2026-05-29 02:55:36,2026-05-28,PRD-G5S3EAND81NG,CLI-MOEP7LH1DBS5,Payment,Health,203573.04,ARS,581.64,POS,,,,Argentina,Córdoba,Approved,00,False,10.96,-33.9997214,-57.8075009
TRX-84F89RUZDVKQX5W3JII8,2026-05-28 17:54:32,2026-05-28,PRD-0OH4WQUV8N8I,CLI-VR4QBAK3S1D6,Withdrawal,,83.16,USD,,ATM,SUC-KUOJDQSO,,,México,Ciudad de México,Approved,00,False,14.44,,
TRX-ULP1E66NEIVOR6T7LQFC,2026-05-29 03:13:09,2026-05-28,PRD-WX3J9HIYY3S3,CLI-P81Z0LLSONS6,Deposit,,4952.21,USD,,ATM,SUC-YOXS8L6B,,,México,Monterrey,Approved,00,False,27.47,,
TRX-VKJ3HNRZL8UEHPIWF0Q5,2026-05-29 05:31:24,2026-05-28,PRD-84F0WHCH2W3G,CLI-525WXHT1GR1A,Payment,Services,255873.14,ARS,731.07,POS,,,,Argentina,Córdoba,Declined,54,False,,,
TRX-BW83Y37PPUCFMTRNDD1N,2026-05-28 07:08:26,2026-05-28,PRD-OE41YCMCIMN6,CLI-MLLFEQJSXT4G,Adjustment,,2694744.69,COP,673.69,ATM,SUC-07AK38PR,,,Brazil,,Approved,00,False,,,
TRX-7O7Z4L0WZ0ZA6QVKELUU,2026-05-28 09:19:28,2026-05-28,PRD-GGD8KZ75XZJF,CLI-SVPU4E3E52FC,Payment,Services,4003183.59,COP,1000.8,ATM,SUC-ZCLZ4UQA,,,Mexico,Puebla,Approved,00,False,2.16,,
TRX-5B5BISOLQ98ZKTPVLJ98,2026-05-28 22:25:11,2026-05-28,PRD-P4TX4ATP0LOX,CLI-V3HLUS9HHESZ,Withdrawal,,479.3,USD,,ATM,SUC-S49Q0IRI,,,México,Querétaro,Approved,00,False,14.67,,
TRX-ZORTGO5Y8PZXGP300TS4,2026-05-28 11:25:02,2026-05-28,PRD-W4CO3N0OKNDS,CLI-TGNX96LOE4FI,Purchase,Transport,283.86,USD,,ATM,SUC-FXWYIOXF,Gasolinera Express,Transport,Argentina,Mendoza,Approved,,False,0.93,,
TRX-LB3MP23SF04W063MWMGV,2026-05-28 09:14:49,2026-05-28,PRD-WB1IRP6FWP8O,CLI-PWHVGX4HAEA7,Purchase,Other,250.13,USD,,App,,,Other,México,Puebla,Approved,00,False,1.99,,
TRX-QYZCHNAOWLBRE5K8ZGW5,2026-05-28 21:20:25,2026-05-28,PRD-Y5165UZYYO17,CLI-IL7W2CLWQXCF,Purchase,Food,434.64,USD,,Branch,SUC-T4RE29NP,Mercado Central,Food,México,Querétaro,Approved,00,False,10.7,,
TRX-NW0JT3QSC1JIWME3B1OW,2026-05-28 17:21:25,2026-05-28,PRD-9D8SKQGQNTLB,CLI-BA7CAWMXCQJB,Deposit,,4102.83,USD,,POS,,,,México,Tijuana,Approved,00,False,,,
TRX-FO5W9TL90ZMUUZARWG3V,2026-05-28 23:00:31,2026-05-28,PRD-WTWAZNUEW3UU,CLI-N409V6CR6CWC,Payment,Other,268.6,USD,,POS,,,,México,Puebla,Approved,00,False,,-0.5927873,0.9278304
TRX-BPZOWNP1QDX5RYY629RD,2026-05-28 16:45:52,2026-05-28,PRD-3BL0BR97BBK1,CLI-S3PHE6MD6NZM,Transfer,,3056.04,USD,,App,,,,Colombia,,Approved,00,False,5.84,,
TRX-9VI9QKHHLKF6L8R9W28Q,2026-05-29 01:03:30,2026-05-28,PRD-JNRJ4AH25YTW,CLI-NHZ8NMKPMIMU,Transfer,,1640892.22,ARS,4688.26,POS,,,,Argentina,Rosario,Approved,,False,3.32,,
TRX-M1BA1UYK0JPY2P0FQPSG,2026-05-28 08:35:29,2026-05-28,PRD-06SOLJQF9IFG,CLI-U7AJRT0ZYWU9,Purchase,Services,956476.48,COP,239.12,ATM,SUC-VZIGM714,Empresa Telefónica,Services,Colombia,Cartagena,Approved,00,False,14.51,4.7666797,-73.3803126
TRX-FZNBCQEV7FCAUF82NE32,2026-05-28 17:14:12,2026-05-28,PRD-CPIICRZ8TBII,CLI-N154UM5LCYYN,Adjustment,,627.56,USD,,ATM,SUC-I4AA1FSG,,,Argentina,Córdoba,Approved,00,False,,,
TRX-GZP592TT6UGKY7XBN5CT,2026-05-28 06:51:10,2026-05-28,PRD-8S73DDZ2ERK6,CLI-8E0IF5ODXHX7,Purchase,Entertainment,340.57,USD,,ATM,SUC-98QOW3F1,Teatro Nacional,Entertainment,México,Querétaro,Declined,05,False,12.22,,
TRX-HXTJ7JJKPUCXBVHQAO20,2026-05-29 03:10:47,2026-05-28,PRD-VWK0KM5HH498,CLI-SVFPZPKQMJOU,Transfer,,27661349.77,COP,6915.34,POS,,,,Colombia,Cartagena,Approved,00,False,,,
TRX-X5HVC5C1VGYCE1O2BL8L,2026-05-28 15:24:15,2026-05-28,PRD-TODUEJ8R032I,CLI-GZL9K71FZLHD,Withdrawal,,320.87,USD,,POS,,,,México,Tijuana,Approved,00,False,28.35,,
TRX-K470B9959VH9UIYZHBPZ,2026-05-29 04:19:20,2026-05-28,PRD-0RW2J8VYHD22,CLI-L77TU8BRICW1,Withdrawal,,116.32,USD,,POS,,,,México,,Approved,00,False,29.48,,
TRX-SC8UXFTNTF2S4SNF73B5,2026-05-29 02:45:50,2026-05-28,PRD-66BAZOOR11GF,CLI-SFWIX4Z70C1I,Withdrawal,,1098924.52,COP,274.73,Web,,,,Colombia,Cartagena,Approved,00,False,11.41,,
TRX-6CGKN91AC9ERREPR4VZ8,2026-05-28 20:57:01,2026-05-28,PRD-PV25346YXBRX,CLI-TX4UBMBX38D8,Transfer,,9329.1,USD,,POS,,,,México,Guadalajara,Approved,00,False,,,
TRX-P3VACD7NE4NHWCS2FLL6,2026-05-28 14:13:10,2026-05-28,PRD-ZV4NU6WCS69A,CLI-V12RN2LYUUJ1,Transfer,,3422807.23,ARS,9779.45,Web,,,,Argentina,Rosario,Approved,00,False,21.17,,
TRX-GMSEEHBPHQGAC5YC1KHC,2026-05-28 16:18:38,2026-05-28,PRD-67TY4HATK62Q,CLI-Q674PFGS5R66,Deposit,,3318.16,USD,,ATM,SUC-S49Q0IRI,,,México,Ciudad de México,Approved,00,False,2.93,,
TRX-9Q8PQAA72GW1KE41CFUV,2026-05-28 20:00:10,2026-05-28,PRD-MSHCR7WFGMTJ,CLI-O3RYJUG49TAB,Transfer,,1714.6,USD,,ATM,SUC-XAEWUJQS,,,México,,Approved,00,False,27.17,,
TRX-R9IGE2NADSIAG774Z8JS,2026-05-28 15:19:58,2026-05-28,PRD-SAID1UIUQU02,CLI-74N7VF1I6M4T,Withdrawal,,342.51,USD,,Branch,SUC-P65ZGVH3,,,México,Tijuana,Approved,00,False,27.72,,
TRX-GAFU5HZDG96MBW1SDCX1,2026-05-29 00:54:09,2026-05-28,PRD-5LXCJUNGATZB,CLI-BBXHKC2FH99N,Purchase,Health,155028.87,ARS,442.94,App,,Laboratorio Central,Health,Argentina,La Plata,Approved,00,False,12.45,,
TRX-4STLT42RZR00AC1R7UYI,2026-05-28 06:03:31,2026-05-28,PRD-8ZIHK1WXHVUI,CLI-B8PVRW0CL4SN,Transfer,,9422.62,USD,,App,,,,México,Puebla,Approved,00,False,3.09,,
TRX-P2ZO6FI2DG73LMDB40EB,2026-05-28 19:43:34,2026-05-28,PRD-07I4CFTI14SQ,CLI-WWMYAFK6N1VH,Withdrawal,,472743.56,COP,118.19,Transfer,,,,Colombia,Bogotá,Approved,00,False,,,
TRX-7PXU22BF3CXBTJPXOXKB,2026-05-28 13:53:32,2026-05-28,PRD-0OHV52LRZL25,CLI-3T0BTVJCGNV2,Withdrawal,,276.05,USD,,Web,,,,México,Querétaro,Approved,00,False,7.68,,
TRX-QJ28Q8L8VQ6MRCMVEFDG,2026-05-29 01:50:24,2026-05-28,PRD-6JII8MFITQTF,CLI-UQ7W9VG1B2EQ,Transfer,,36292930.42,COP,9073.23,Transfer,,,,Colombia,Bogotá,Approved,00,False,9.79,,
TRX-JRXF9LYKRLG0HMG8FC0M,2026-05-28 15:50:45,2026-05-28,PRD-OJLW33M1QFFO,CLI-9CLQS76OE5AH,Purchase,Services,1504198.87,COP,376.05,ATM,SUC-06LBAMRN,Cable TV,Services,Colombia,,Approved,00,False,22.76,3.9784827,-73.825513
TRX-9L3ZM829PBNCTZSGCZSM,2026-05-28 11:07:48,2026-05-28,PRD-VHXP190CO6OG,CLI-N62F8TTX5N4L,Transfer,,8898.87,USD,,App,,,,México,Puebla,Approved,,False,,,
TRX-DD8U4TGPVQ26JBVAO0BE,2026-05-29 00:47:16,2026-05-28,PRD-UKDQ2ITZSZOK,CLI-NR8FJQLRGC96,Purchase,Services,369.18,USD,,POS,,Cable TV,Services,México,Querétaro,Approved,,False,23.79,0.3019968,-0.4428551
TRX-RH1I25ONM2ZDB9RXP5JK,2026-05-28 17:46:32,2026-05-28,PRD-6DA7I0SXP0SU,CLI-7G15ABH0MPLH,Withdrawal,,43410.28,ARS,124.03,ATM,SUC-SX32177B,,,Argentina,Mendoza,Approved,00,False,13.01,,
TRX-HIQALT7G2KOSGPNOC8SS,2026-05-29 04:25:57,2026-05-28,PRD-YZIHW6WUA94I,CLI-I0E6S7EUITL7,Deposit,,4114.85,USD,,POS,,,,México,Tijuana,Approved,00,False,28.21,,
TRX-VTAKHI0IR7CDV9Q5KFG9,2026-05-28 19:45:05,2026-05-28,PRD-YGGGT0WI28FX,CLI-3TM92H5T5D06,Purchase,Other,915911.07,COP,228.98,POS,,,Other,Colombia,,Approved,00,False,29.16,5.4350615,-73.7226198
TRX-HLZM28J2JHA7X2LAO0N1,2026-05-29 03:43:15,2026-05-28,PRD-N2RK1S84JSAR,CLI-AFBT0819R54W,Transfer,,3656235.46,COP,914.06,POS,,,,Colombia,Cartagena,Approved,00,False,7.14,4.0346192,
TRX-ERTGVZJ985RGR20Q9IXE,2026-05-28 23:07:34,2026-05-28,PRD-5IQKA5G12P5I,CLI-6D2XX2KCVT0J,Transfer,,6081.56,USD,,POS,,,,México,Monterrey,Approved,00,False,1.36,0.7016365,0.7441016
TRX-0CEBN3ZFI3AN4LLBEX2B,2026-05-28 19:37:30,2026-05-28,PRD-S58LX80OXBJE,CLI-KT7L7T7HY5CX,Withdrawal,,447.25,USD,,ATM,SUC-0OJNMRLP,,,Spain,Valencia,Approved,00,False,,,
TRX-MYUCIKP9VXXO9XJ6QTWJ,2026-05-28 23:58:43,2026-05-28,PRD-EZCJSU81978N,CLI-50KLH81M63Y2,Transfer,,6489.21,USD,,App,,,,México,Guadalajara,Approved,00,False,,,
TRX-61WAWMJ1LFI07EV7UPOG,2026-05-28 17:05:23,2026-05-28,PRD-Q6N6NBYY5J55,CLI-AL8IPIZ6LQWJ,Purchase,Other,435.79,USD,,Web,,Ferretería,Other,México,Guadalajara,Approved,00,False,23.44,,
TRX-1M6RIB2P1QSZJH4Q2PST,2026-05-28 14:52:21,2026-05-28,PRD-FNVF2QO4K36J,CLI-UD6ON5U9NSBU,Withdrawal,,411.22,USD,,Web,,,,Spain,,Approved,00,False,,,
TRX-JATER6HYPRIHSW63FCRZ,2026-05-28 17:42:02,2026-05-28,PRD-B1HADBVT8XJW,CLI-2RN7100HEF4F,Purchase,Food,115.4,USD,,Web,,Super Ahorro,Food,México,Guadalajara,Approved,00,False,11.83,,
TRX-MBZBLVPC4EQ0SZG7XEKS,2026-05-28 10:03:33,2026-05-28,PRD-FSIUWS0WQCC6,CLI-6CHAA2GCMB5J,Withdrawal,,1356658.99,COP,339.16,ATM,SUC-IV7HG0FV,,,Colombia,Medellín,Approved,00,False,24.53,,
TRX-2V8QNZV735GAWQN7RJM8,2026-05-29 04:24:50,2026-05-28,PRD-ZABG9YDCXOK4,CLI-6HNRWG6U30VR,Deposit,,5128563.25,COP,1282.14,App,,,,Colombia,Bogotá,Declined,14,False,6.33,,
TRX-B5YFOE81BDPHRJ9EJO0F,2026-05-28 12:43:58,2026-05-28,PRD-OC52TQBXNV24,CLI-812P5OIJB12K,Purchase,Entertainment,461.94,USD,,ATM,SUC-I3D08YZO,Conciertos Live,Entertainment,México,,Approved,00,False,27.59,,
TRX-TIRMXY1OUC9KBEOFOH0Y,2026-05-28 19:25:33,2026-05-28,PRD-DDSOHKKJS3AM,CLI-BZAU3BAEH6Y9,Purchase,Entertainment,107.2,USD,,App,,Conciertos Live,Entertainment,México,Puebla,Approved,00,False,11.52,,
TRX-RJITXW22T5FO8XA432AM,2026-05-28 13:21:39,2026-05-28,PRD-B5UCI8NIZT3F,CLI-KVSNXRE6LKTK,Withdrawal,,821571.29,COP,205.39,Transfer,,,,Colombia,Medellín,Approved,00,False,14.75,,
TRX-TCUD986GQH9WL0WXTJQE,2026-05-28 06:54:48,2026-05-28,PRD-H99HRFJQRLD4,CLI-JU3ITZF8FTUB,Deposit,,4215.18,USD,,App,,,,México,Tijuana,Approved,00,False,24.52,,
TRX-Z9641ALRX1AUITTVYZXO,2026-05-28 23:32:24,2026-05-28,PRD-GYKWTZYCXN6C,CLI-LUC3MAPMQEOV,Purchase,Transport,382.51,USD,,ATM,SUC-XEEDD28B,Estación de Servicio,Transport,México,Puebla,Declined,54,False,21.16,,
TRX-TW33SWKT7Y70VNPZVDVD,2026-05-28 12:58:36,2026-05-28,PRD-V29SVHVMI3MR,CLI-JSHBQUSJGR39,Purchase,Food,902781.9,COP,225.7,ATM,SUC-LWQND6S8,Tienda Don José,Food,Colombia,Barranquilla,Approved,00,False,16.31,5.5299153,-74.528974
TRX-GJJU8U8Y45S8AOEVEKK4,2026-05-28 21:17:02,2026-05-28,PRD-VY6LW58U6KXW,CLI-6IAA6SMC4T0T,Withdrawal,,145924.2,ARS,416.93,Web,,,,Argentina,Buenos Aires,Approved,00,False,19.22,,
TRX-PP7FG4ZPEQPJVKUO2UNC,2026-05-29 02:25:35,2026-05-28,PRD-JNURL9S58O3S,CLI-P580594JEGXO,Purchase,Food,148927.08,ARS,425.51,POS,,Super Ahorro,Food,Argentina,Rosario,Approved,00,False,20.18,,
TRX-EHNTEGWS7D20M6KZ6CU3,2026-05-28 12:55:49,2026-05-28,PRD-2HBNHHAY9462,CLI-4LWNEAAOR9CN,Payment,Other,72026.6,ARS,205.79,POS,,,,Argentina,Buenos Aires,Approved,00,False,14.94,-35.251771,-57.754502
TRX-DORRB6UI13D9EL94VN1G,2026-05-28 08:39:16,2026-05-28,PRD-NJKEVXBEFVMJ,CLI-CM16Z2ACFTWF,Payment,Health,3677506.45,COP,919.38,POS,,,,Colombia,Barranquilla,Pending,54,False,,5.3173759,-74.0210721
TRX-VOI332QVZSGVM58H0CJS,2026-05-28 19:06:06,2026-05-28,PRD-23JKI28Z5721,CLI-VLOFTHWPFOAV,Deposit,,17013399.46,COP,4253.35,POS,,,,Colombia,,Approved,00,False,,,
TRX-84FS1589HHLQLN3O610W,2026-05-28 10:58:37,2026-05-28,PRD-Q5Q82WSBLHZ1,CLI-OUBYOID5HHFW,Payment,Entertainment,708.54,USD,,App,,,,Colombia,,Approved,00,False,25.72,,
TRX-7X8R2VDNKVBP8IT9DZ11,2026-05-29 04:49:46,2026-05-28,PRD-YMLWBF8O3HI2,CLI-3CP7W8QK7EKQ,Payment,Services,802.28,USD,,ATM,SUC-CGL8D37U,,,México,Guadalajara,Approved,00,False,,0.5301329,-0.7106007
TRX-478W144RNU1YH4GI918R,2026-05-28 18:42:53,2026-05-28,PRD-D4UYRI34SPNE,CLI-WAQ4LA95J43A,Payment,Other,1318.77,USD,,POS,,,,México,Monterrey,Approved,00,False,20.04,-0.7618477,0.5380773
TRX-K7DTAU4E77G2N6UCVL90,2026-05-28 06:27:38,2026-05-28,PRD-4NH4POZE1IWA,CLI-3M509LOX91S0,Deposit,,492681.9,COP,123.17,POS,,,,Colombia,Cali,Approved,00,False,25.2,,
TRX-OEZA4G99Y9607JWX5VGE,2026-05-28 06:39:55,2026-05-28,PRD-FNVCJXJ9ECC2,CLI-N8SNADZVE5LN,Purchase,Food,270.83,USD,,Branch,SUC-5FCLNF9U,Super Ahorro,Food,Mexico,,Approved,00,False,25.97,,
TRX-EAW479NFGHYQGHKY8XJM,2026-05-29 05:49:33,2026-05-28,PRD-1R4NEVCS4VNH,CLI-PRKJ1I2ZKDGY,Deposit,,2813.47,USD,,POS,,,,México,Puebla,Approved,00,False,,,
TRX-WWXMRA9WOCN2N44FDK9O,2026-05-29 04:20:10,2026-05-28,PRD-JS6O1HFKKM6N,CLI-1OXS2FTEL24Q,Transfer,,9732.92,USD,,App,,,,México,Puebla,Approved,00,False,8.18,,
TRX-W3BNYBKEC4MC2BM1GKE2,2026-05-28 15:48:34,2026-05-28,PRD-T9OEQJEMYS7S,CLI-VBURRP5KCH0N,Deposit,,227416.16,COP,56.85,App,,,,Colombia,Cali,Approved,00,False,3.11,,
TRX-1X5Z5WY1OZHIEJFAOPSW,2026-05-28 21:26:06,2026-05-28,PRD-7CZ3VPQT7NK2,CLI-Y3RPA0OW8S8J,Payment,Other,575257.27,ARS,1643.59,POS,,,,Argentina,Mendoza,Approved,00,False,20.61,,
TRX-KQW3NR3N9ED4NGMGLKCC,2026-05-28 06:29:47,2026-05-28,PRD-9F3WENI2KB3I,CLI-03ZVMGSONHH2,Purchase,Food,1039634.32,COP,259.91,Web,,Tienda Don José,Food,Colombia,Barranquilla,Approved,00,False,1.33,,
TRX-KA7RS41FZ0R3CKKB5ZYN,2026-05-28 14:45:02,2026-05-28,PRD-52EAY7W1LZCS,CLI-VJD5KURBHMTD,Payment,Food,198123.11,ARS,566.07,ATM,SUC-JH2YV47F,,,Argentina,La Plata,Approved,00,False,13.22,-33.9736303,-59.1172489
TRX-BRQX6LTNH0HN12Y3L2PM,2026-05-28 20:44:16,2026-05-28,PRD-F2OLJ193RJKA,CLI-DZ08OKGZW82P,Payment,Health,380.64,USD,,App,,,,México,Puebla,Approved,00,False,9.48,,
TRX-ZBTG3TY06L1PH1JW82OF,2026-05-28 09:00:47,2026-05-28,PRD-K46PURSJT0X8,CLI-6F7YEEJJ8X9F,Withdrawal,,487.64,USD,,POS,,,,México,Querétaro,Approved,00,False,7.31,-0.1570577,0.2220904
TRX-O9B732VVEVBCBEO6W8RW,2026-05-28 16:44:51,2026-05-28,PRD-PKAV8568LBKD,CLI-SG53FWBVA4SN,Deposit,,2562.88,USD,,ATM,SUC-YOXS8L6B,,,México,Puebla,Declined,51,False,,0.0638236,0.4652586
TRX-OBPXH6WEPXLEOD2407GY,2026-05-28 19:31:06,2026-05-28,PRD-YIM2LSOVZORI,CLI-8KB49P3E383T,Withdrawal,,88558.59,ARS,253.02,App,,,,Argentina,Rosario,Approved,00,False,17.28,,
TRX-QMUXBSW5R1687XAN31DX,2026-05-28 19:45:44,2026-05-28,PRD-HVNJN6TAGCCU,CLI-W0FLXZGHNBYZ,Payment,,4596086.36,COP,1149.02,ATM,SUC-C93NERQQ,,,Colombia,,Approved,00,False,1.47,,
TRX-KKLZL5VS618VY0ZD2WH1,2026-05-28 12:19:13,2026-05-28,PRD-GQWLKIXU7MZ2,CLI-DV60J6QCZJWA,Payment,Other,1507.23,USD,,Branch,SUC-ADIYTS49,,,México,Tijuana,Approved,00,False,25.02,,
TRX-AY0QS6KUTGMZB1OH8EA1,2026-05-29 03:35:39,2026-05-28,PRD-1TLR27E7X3D9,CLI-8TSR71DHMF45,Transfer,,8686.59,USD,,POS,,,,México,Monterrey,Approved,00,False,9.14,0.4014129,-0.9438878
TRX-G2E1H5N90WJ1ZHR2LMYO,2026-05-28 22:23:12,2026-05-28,PRD-L0Y9BYSQ2068,CLI-LSN5634INMDK,Withdrawal,,363.77,USD,,Web,,,,México,Guadalajara,Approved,00,False,28.27,,
TRX-QKF0VLHT2EKKO83Z5IDC,2026-05-28 16:59:35,2026-05-28,PRD-158HXSKW3166,CLI-8IYU2Y2WD3G2,Transfer,,8121919.73,COP,2030.48,ATM,SUC-JZCA1ZND,,,Colombia,Medellín,Declined,14,False,,5.0168945,-74.833816
TRX-T2O5G0OYWKDDQE6L861J,2026-05-28 13:39:18,2026-05-28,PRD-31PTRGO5P7HH,CLI-XV3XD0LYJN2M,Transfer,,3279.75,USD,,Web,,,,México,Ciudad de México,Approved,00,False,9.33,,
TRX-8P4PRTORNL1KXR4ZOX56,2026-05-29 04:25:17,2026-05-28,PRD-5CKO8AQTSZ65,CLI-7LJWDX6I96XO,Purchase,Services,103017.96,ARS,294.34,POS,,Empresa Telefónica,,Argentina,Rosario,Approved,00,False,2.67,,
TRX-GBREWB7RLWAIX7GZKWRL,2026-05-28 14:11:53,2026-05-28,PRD-QSYV3TRCRS7Z,CLI-FUE0AJ1O3U6L,Withdrawal,,1807119.06,COP,451.78,Web,,,,Colombia,Barranquilla,Approved,00,False,28.04,,
TRX-SOTGD9DS1QCU0PJXUIT8,2026-05-29 01:41:32,2026-05-28,PRD-MD0F5ZTBMHKP,CLI-U1KD1QLWANXW,Purchase,Entertainment,154.35,USD,,App,,Teatro Nacional,Entertainment,México,Monterrey,Approved,00,False,,,
TRX-FOLC7Y3NMS8DTLOAJPZ0,2026-05-28 22:40:59,2026-05-28,PRD-WKZEVGCDG07A,CLI-ZCZ5H6O301GI,Purchase,Other,199.53,USD,,POS,,Boutique Moda,Other,México,Querétaro,Approved,00,False,21.38,,
TRX-0TN8GWNADMKPWCIX0WLZ,2026-05-28 06:50:44,2026-05-28,PRD-BLE6HLI0QHA8,CLI-3RKMHVOHX1ZQ,Purchase,Food,46.63,USD,,POS,,Restaurante El Buen Sabor,,Argentina,La Plata,Approved,00,False,25.03,-33.883378,-58.7697931
TRX-QZ6PUH0X302MD5FF5150,2026-05-29 02:41:38,2026-05-28,PRD-YTL5J07Y5SJN,CLI-H9BEBXV9G9J1,Deposit,,8514444.84,COP,2128.61,ATM,SUC-06LBAMRN,,,Colombia,Cali,Approved,00,False,4.59,3.7927835,-73.096286
TRX-7OTUFVTA7XL3SC9JKFA8,2026-05-29 01:57:55,2026-05-28,PRD-X358CJECTLXA,CLI-09P5UFP7N0NA,Purchase,Services,1315686.98,COP,328.92,ATM,SUC-7P0XNXTG,Empresa Telefónica,Services,Colombia,Cartagena,Approved,00,False,28.81,,
TRX-3MRGRO93SZ6KA87S8S71,2026-05-28 13:04:58,2026-05-28,PRD-JE79LJGECVAE,CLI-EQF8L7TDVSKB,Deposit,,10059487.54,COP,,POS,,,,Colombia,,Approved,00,False,21.72,,
TRX-D4ZKWD6U2IQXYLOQIPPR,2026-05-28 22:02:24,2026-05-28,PRD-L1VRDN5ZICN8,CLI-20CG3P885XC7,Purchase,Health,152.18,USD,,Web,,Clínica Médica,Health,México,Guadalajara,Approved,00,False,29.67,,
TRX-VZKVOSUYCIWFT4D2L8RS,2026-05-28 18:20:29,2026-05-28,PRD-UYWKZJ3CJN4D,CLI-FBU21DZ0LC6U,Transfer,,8153.98,USD,,ATM,SUC-Q9LRLZTA,,,México,Tijuana,Approved,00,False,,,
TRX-I4JB0PR3DN7YY7W53T5B,2026-05-29 00:45:31,2026-05-28,PRD-1GSNUB7EY0P7,CLI-KD9PF4HIO88E,Purchase,Services,60848.79,ARS,173.85,App,,Servicios Públicos,Services,Brazil,Salvador,Approved,,False,1.22,,
TRX-7CLPJ7V9YSMB41HFN9BY,2026-05-28 18:08:01,2026-05-28,PRD-0RGTTENGEBW7,CLI-Z9NAZPGQ3RK7,Withdrawal,,670476.63,COP,167.62,Web,,,,Colombia,Cartagena,Approved,00,False,,,
TRX-KYBHC0BM8AT2PMQJJMKG,2026-05-28 07:19:36,2026-05-28,PRD-7M5RSEBJW5DH,CLI-05N92RLRANRM,Transfer,,9144.9,USD,,POS,,,,México,Ciudad de México,Approved,00,False,,0.1970945,0.5301463
TRX-0T0JVX13WPX7SRU9X3QS,2026-05-28 06:39:22,2026-05-28,PRD-3ML8K258JLTJ,CLI-1HY4ZYJQ2YWA,Withdrawal,,260.14,USD,,POS,,,,México,Tijuana,Approved,00,False,,0.4701186,-0.4109554
TRX-KHOXO9OBE7VVIHW5H91A,2026-05-28 09:37:41,2026-05-28,PRD-AE3IU400HJUD,CLI-5NCWSXMARV3Z,Purchase,Food,1874729.87,COP,468.68,POS,,Mercado Central,Food,Colombia,Barranquilla,Approved,00,False,23.58,,
TRX-C9T8EO4YHPDYSF88T9HE,2026-05-29 02:44:16,2026-05-28,PRD-YS66D1Y2ZT8I,CLI-C76VTHMJKEZ5,Purchase,Services,124268.25,ARS,355.05,POS,,Cable TV,Services,Argentina,La Plata,Approved,00,False,7.06,,
TRX-SLGHGXKDBO548STMG2RJ,2026-05-28 13:33:55,2026-05-28,PRD-DMSZVY9MELF6,CLI-EN8LOIBISXYV,Withdrawal,,87.84,USD,,ATM,SUC-LQXENAY2,,,México,Guadalajara,Pending,54,False,1.86,,
TRX-2WFGEZ1ME5VW0PNJ84O8,2026-05-28 22:38:38,2026-05-28,PRD-T1NPG9GEKWWD,CLI-U7MZVJEZZZLR,Withdrawal,,176.16,USD,,POS,,,,Brazil,Salvador,Approved,00,False,25.31,,
TRX-9IHN699APW9NC96IH6WR,2026-05-28 19:35:19,2026-05-28,PRD-R6YCPXJG0BZ1,CLI-D5QTZRTPVS6T,Transfer,,6039.25,USD,,POS,,,,México,Monterrey,Approved,00,False,6.56,-0.6581489,0.9123332
TRX-6VRLZF2T1J5B5K9XDDWG,2026-05-28 07:42:56,2026-05-28,PRD-ATRXPB5WSM2M,CLI-TACHCFSITI9K,Withdrawal,,1587214.55,COP,396.8,POS,,,,Colombia,Cali,Approved,00,False,,,
TRX-DANIP8LBLX37WFI8KWW8,2026-05-29 02:31:35,2026-05-28,PRD-R8RPY0KMY7NA,CLI-4JYDDH8J3XAK,Deposit,,935.5,USD,,POS,,,,México,Guadalajara,Approved,00,False,24.11,,
TRX-PXHWNWVAZPY5V4LJFQK2,2026-05-28 23:23:41,2026-05-28,PRD-O7CZHNVVUTSP,CLI-XQ46HFD6HL3A,Deposit,,2254.94,USD,,POS,,,,México,,Reversed,05,False,,-0.4160398,0.1091039
TRX-9ZRUBN92724WYXWEXG7B,2026-05-29 05:22:15,2026-05-28,PRD-RQLV6SUCPL1E,CLI-74Z6RYE9VKOK,Withdrawal,,442.5,USD,,ATM,SUC-XT96PBC0,,,México,Monterrey,Declined,14,False,,,
TRX-NQI53THPNWYN6P3AOVMV,2026-05-28 20:40:35,2026-05-28,PRD-DAMFYH7OC5EN,CLI-CCKXIWH1M4V9,Purchase,Food,1625363.75,COP,406.34,Web,,Restaurante El Buen Sabor,Food,Colombia,Medellín,Approved,00,False,,,
TRX-1MHGZJ9ID546TWCRAJ08,2026-05-29 01:55:29,2026-05-28,PRD-NUFZAJ7PAF66,CLI-8F8292WKH6KO,Transfer,,9537.37,USD,,POS,,,,México,Ciudad de México,Approved,00,False,19.65,,
TRX-735HH3NJJTWCDAXLO6MC,2026-05-28 11:40:47,2026-05-28,PRD-72JZBT2QJDAA,CLI-V3UG2WE7ZRK2,Deposit,,3161.01,USD,,ATM,SUC-RDJC9IH3,,,México,Puebla,Declined,54,False,9.24,,
TRX-WCGNCKSR4LF3YGJAZLOO,2026-05-28 10:02:40,2026-05-28,PRD-PCAOIE3Z6BTU,CLI-E90J2XAR9DE5,Withdrawal,,77599.09,ARS,221.71,Web,,,,Argentina,Córdoba,Approved,00,False,,,
TRX-0UXFA2DDIFW76MK9VIUF,2026-05-28 09:37:33,2026-05-28,PRD-9HM2UVE03R4X,CLI-QNA58NKFOLCE,Purchase,Health,100153.47,ARS,286.15,POS,,Farmacia Salud,Health,Argentina,Rosario,Approved,00,False,21.57,,-57.8580415
TRX-GYI4EWSG9M7LY9UNRDR8,2026-05-29 01:36:43,2026-05-28,PRD-0M18MU9JQ9EU,CLI-C4E4YM3DOK3A,Withdrawal,,281.02,USD,,App,,,,México,Puebla,Approved,00,False,1.44,,
TRX-C5JYMCQV1O5C57QYGHM5,2026-05-28 22:02:04,2026-05-28,PRD-4CCHE04JIFNR,CLI-PNDCOTUU0K7T,Deposit,,4571.32,USD,,ATM,SUC-BDUHNO9T,,,Brazil,São Paulo,Declined,51,False,25.55,,
TRX-RTQUP8OG9EOJ10VL7YIV,2026-05-28 14:48:38,2026-05-28,PRD-1U216GUUMKYU,CLI-KAVQP4TNH5WX,Withdrawal,,391.97,USD,,App,,,,México,Ciudad de México,Declined,51,False,29.85,,
TRX-5P5MK9T133NMCT8T3E1C,2026-05-28 23:41:39,2026-05-28,PRD-D9HSU8KXGMKF,CLI-VHPRM6LYOU83,Payment,Entertainment,330885.78,ARS,945.39,ATM,SUC-39R34AY6,,,Argentina,,Approved,00,False,19.1,,
TRX-GXMMOH5MQ4YWCQJ7IKNA,2026-05-29 05:06:59,2026-05-28,PRD-HRGZIEUVLJ0F,CLI-J3ZWVWW3UBIX,Deposit,,899.31,USD,,App,,,,México,Querétaro,Approved,00,False,27.02,,
TRX-Q2R0E2CGJ4FOT82IJIXP,2026-05-29 04:52:35,2026-05-28,PRD-675L575MAK2K,CLI-HNE458Q8AKY3,Withdrawal,,35.14,USD,,POS,,,,México,Guadalajara,Approved,00,False,,,
TRX-31AUBA7PVYDAIZVBCCG7,2026-05-28 23:31:32,2026-05-28,PRD-1BHQME5LVWSR,CLI-EJY93S8IVE45,Transfer,,3326.09,USD,,ATM,SUC-XV1N3YM9,,,México,,Approved,00,False,,,
TRX-NVZ782KJY2BUR0VX5YK7,2026-05-29 01:35:40,2026-05-28,PRD-XLCOYDR9G404,CLI-D2Y0ITU00ELM,Payment,Other,1945.54,USD,,ATM,SUC-3XWIPDZ3,,,México,Guadalajara,Approved,00,False,8.62,0.4930122,-0.7735787
TRX-9N7XLARVMFH8XUY286B2,2026-05-28 21:59:46,2026-05-28,PRD-Q47PN13C3KS8,CLI-19RCM63LC11H,Purchase,,1691707.88,COP,422.93,POS,,Gasolinera Express,Transport,Mexico,Ciudad de México,Approved,00,False,15.47,,
TRX-8EDK92OKH2PND5DP1HHL,2026-05-28 19:29:56,2026-05-28,PRD-LS388CJ0IRHO,CLI-KPR4H4JBJR99,Transfer,,39934918.26,COP,9983.73,ATM,SUC-AXEH5GB0,,,Colombia,Barranquilla,Approved,00,False,11.36,,
TRX-A8CSR88TWBIFMSWEODO7,2026-05-28 17:50:09,2026-05-28,PRD-XQYJ58ETX2AX,CLI-Y2ASQCXPAVHQ,Purchase,Food,77122.8,ARS,220.35,ATM,SUC-C1OF9350,Mercado Central,Food,Argentina,Córdoba,Approved,00,False,7.09,,
TRX-MLUCSMCA9NWFHLPZSIID,2026-05-28 16:57:50,2026-05-28,PRD-EUEZ2HMHHAMF,CLI-1Y0NR3WZNMCK,Transfer,,1936393.25,ARS,5532.55,Web,,,,Argentina,Rosario,Approved,00,False,16.15,,
TRX-R5KJP6017NR6ADC4L4IB,2026-05-28 17:14:09,2026-05-28,PRD-9KUWO1UY2HLW,CLI-MVY0JZEAPJS3,Withdrawal,,409.25,USD,,App,,,,México,Querétaro,Approved,00,False,2.54,,
TRX-2MTK0U4XPS9HRVRMTKP1,2026-05-28 15:35:38,2026-05-28,PRD-I0SEUTRC64VQ,CLI-SABJ8ZXKYR7P,Purchase,Other,88551.18,ARS,253.0,Web,,Boutique Moda,Other,Argentina,Rosario,Approved,00,False,6.5,,
TRX-L96V8A1WEQR0XUU21W0I,2026-05-28 13:55:20,2026-05-28,PRD-QV7GLXEPBETE,CLI-VFL5ERUE5JT8,Deposit,,12874399.2,COP,3218.6,POS,,,,Colombia,Cartagena,Approved,00,False,9.1,,
TRX-G1Z0BTHL8L9520AVIAJJ,2026-05-28 13:29:19,2026-05-28,PRD-8EQAP0AA4GW9,CLI-9YOAG9F7T29B,Payment,,1168.43,USD,,POS,,,,México,Querétaro,Approved,00,False,,0.9198863,0.9139076
TRX-W3UJ9JMVB56RZTMU8APJ,2026-05-29 01:47:56,2026-05-28,PRD-O3K4PPFAKYTF,CLI-VSKSN3WWZSV6,Payment,Entertainment,499965.53,ARS,1428.47,ATM,SUC-MAWPQ7HZ,,,Argentina,Rosario,Approved,00,False,21.54,-34.6696959,-58.9009706
TRX-YNUDNCSSOSTLPD1K3U12,2026-05-28 06:04:28,2026-05-28,PRD-CSU6L3OYXVVV,CLI-UVR6CF9ATYQ9,Withdrawal,,26.46,USD,,ATM,SUC-RJSJ0B0X,,,México,Guadalajara,Approved,,False,1.34,-0.6205646,0.0290155
TRX-K53SQNHZ93JKAOUHS3LP,2026-05-28 23:04:52,2026-05-28,PRD-R8G6E2DNZ4XY,CLI-T5TSFH0LVD67,Payment,Food,1025.42,USD,,POS,,,,México,,Approved,00,False,3.14,,
TRX-PIHLKFMFNTN60UPD0QQ7,2026-05-29 04:11:59,2026-05-28,PRD-FS51WLFOQX6T,CLI-9R3WA84DFRHA,Purchase,Services,215.07,USD,,Web,,Cable TV,Services,México,Monterrey,Approved,00,False,16.27,,
TRX-GX2BCRDDYMR23QHGVDDS,2026-05-29 04:31:02,2026-05-28,PRD-Q4DSHCUI1DTV,CLI-AVYCLOKYW92Y,Withdrawal,,386.54,USD,,App,,,,México,Puebla,Approved,00,False,1.9,,
TRX-IQIVA3HLTV2UUVJ7I7P0,2026-05-28 17:40:54,2026-05-28,PRD-G2GYIRB3B8YX,CLI-7PSJFZCNQQ5G,Transfer,,6588.27,USD,,ATM,SUC-ISPO1DES,,,México,Monterrey,Approved,00,False,29.88,0.4840814,-0.1995594
TRX-KDWHFCAUOK777M3ZDYTR,2026-05-28 22:12:38,2026-05-28,PRD-8OPY8ZNNDWPV,CLI-MCXZ5OAUNZ42,Payment,Food,584.94,USD,,Transfer,,,,México,,Approved,00,False,,,
TRX-ZYI8DK533LGEA3UY0GQI,2026-05-28 06:28:49,2026-05-28,PRD-TKCJC55H4PZ1,CLI-FNFN25OWJLWC,Payment,Services,1376666.69,COP,344.17,Web,,,,Colombia,Cali,Approved,00,False,14.72,,
TRX-R7UOTBX9QE8THNACHNH0,2026-05-28 06:38:16,2026-05-28,PRD-E63V8I9Q8OCG,CLI-OTU2J18P4MSM,Transfer,,7241.35,USD,,ATM,SUC-I3D08YZO,,,México,Ciudad de México,Approved,00,False,6.67,-0.9970556,-0.3496857
TRX-BV0MLR7ID2CAAEP56640,2026-05-28 16:21:42,2026-05-28,PRD-79MCNTTP2ZP3,CLI-OB647EZC59NO,Withdrawal,,136105.3,ARS,388.87,ATM,SUC-UE04XBQH,,,Argentina,La Plata,Approved,00,False,21.88,-34.4342179,-58.0480977
TRX-CVSEH3KEAXQQNKN3XPBO,2026-05-28 21:03:42,2026-05-28,PRD-6GIDJXAOR2KS,CLI-XBJTUFQ9XRL3,Payment,Services,2541349.05,COP,635.34,POS,,,,Colombia,,Approved,00,False,3.25,,
TRX-XK51A2PLXYW8J47H04TP,2026-05-28 08:50:58,2026-05-28,PRD-SKJ3WPXV2XKY,CLI-3J0V149YN7IG,Purchase,Services,175.19,USD,,POS,,Internet Plus,Services,México,Querétaro,Approved,00,False,3.73,-0.5348517,-0.5242826
TRX-MJDZI2HASLRVP6HNP6S1,2026-05-28 11:58:21,2026-05-28,PRD-2JA1JJBXC8XC,CLI-CW9KG5OLUSSN,Purchase,Transport,1554252.21,COP,388.56,POS,,Uber,Transport,Colombia,Barranquilla,Approved,00,False,20.5,4.5514324,-73.3401642
TRX-7YYOXO5AWHBOCXZXX9V0,2026-05-29 03:18:42,2026-05-28,PRD-WRU0V9VT3FH4,CLI-KPW92G4C2YSM,Payment,Services,5841330.32,COP,,POS,,,,Colombia,Cali,Approved,00,False,7.88,,
TRX-79VHFSF1I2XVJXRTMFZF,2026-05-28 12:14:59,2026-05-28,PRD-ATSYD1YIU5H3,CLI-TUFSB4EQR9J2,Withdrawal,,1422786.38,COP,355.7,ATM,SUC-5NGX1P46,,,Colombia,Medellín,Approved,00,False,1.34,4.8530764,-73.1769063
TRX-HZUXQDY2JKOX74WEYFFM,2026-05-28 16:20:06,2026-05-28,PRD-0VZWBDXZM9FT,CLI-HOJ8K96HP8UA,Withdrawal,,294.35,USD,,ATM,SUC-5FDGLKJX,,,México,Puebla,Pending,54,False,4.96,,
TRX-RTIWJYKIPSEU86E5V5VI,2026-05-29 01:10:43,2026-05-28,PRD-LW397Z4R31RU,CLI-UOA6REXLV6PT,Deposit,,17593328.29,COP,4398.33,App,,,,Colombia,Cali,Approved,00,False,,,
TRX-DGIUUTN13JZ5JQ8CCPAA,2026-05-29 05:13:28,2026-05-28,PRD-T6GNHNP78WBB,CLI-J9ORMRUZIJYJ,Transfer,,5416.78,USD,,ATM,SUC-P92DIW6S,,,México,Ciudad de México,Approved,00,False,,,
TRX-TSFK0DS3NRS1UB7IY4A9,2026-05-28 08:18:22,2026-05-28,PRD-P1PLSHF94D08,CLI-WOCSMQWRUY0B,Withdrawal,,382.0,USD,,App,,,,Colombia,,Approved,00,False,29.25,,
TRX-I4B91OW1PRYG8J39OYOT,2026-05-28 11:51:33,2026-05-28,PRD-L0FLEV1JHRUB,CLI-LNF1UGLI5XLH,Payment,Entertainment,1458.18,USD,,ATM,SUC-SKR8GS10,,,México,,Approved,,False,11.68,-0.6290029,0.3221412
TRX-ZPPOJSA3JLQFB0ZX6NV6,2026-05-29 05:40:54,2026-05-28,PRD-247MXIG3RW48,CLI-KI7LRELGG63H,Transfer,,34050985.14,COP,8512.75,POS,,,,Spain,Sevilla,Approved,00,False,,,
TRX-J1THM6DZWAUV8S6CL84P,2026-05-28 19:55:24,2026-05-28,PRD-280A54CXQ1OA,CLI-13H852TTU3PS,Purchase,Entertainment,71.32,USD,,ATM,SUC-2ATW7QMQ,Streaming Music,Entertainment,México,Puebla,Approved,,False,11.33,0.4980444,-0.2168367
TRX-ZU9SBMMQGLZ252C0PPJH,2026-05-28 13:00:57,2026-05-28,PRD-3QVW5CFWKWO6,CLI-28A33HLURF0I,Withdrawal,,470.13,USD,,ATM,SUC-Y18NE8GS,,,México,Ciudad de México,Reversed,14,False,16.67,,
TRX-S0KIPFX0IYNHQV4NKOFO,2026-05-28 18:37:03,2026-05-28,PRD-8AEJZ43QVUSZ,CLI-RQV0959Q7JE8,Withdrawal,,54.06,USD,,ATM,SUC-0OJNMRLP,,,México,Tijuana,Approved,00,False,5.68,,
TRX-M97QUL67KYMYJKX1OWCC,2026-05-29 00:36:15,2026-05-28,PRD-PALFK2GO17K3,CLI-YOPETLTFKBFU,Withdrawal,,341.24,USD,,Web,,,,México,Tijuana,Approved,00,False,0.32,,
TRX-NITE2DBREWF076A3T4GG,2026-05-29 00:41:05,2026-05-28,PRD-PSL8TX3XLFL7,CLI-KTWPRWBOJ7AM,Purchase,Health,28365.44,ARS,81.04,POS,,Clínica Médica,Health,Argentina,La Plata,Declined,05,False,13.84,,
TRX-TAE63KO39CP1HV1BMHM0,2026-05-28 12:32:53,2026-05-28,PRD-WX804L90MWDO,CLI-ODGVH86FUXG5,Withdrawal,,1850373.41,COP,462.59,ATM,SUC-4B1UVBW3,,,Colombia,Barranquilla,Approved,00,False,3.49,,
TRX-50SWQJIV30F35PJ0KAKD,2026-05-28 15:40:21,2026-05-28,PRD-V9LGZB34MSUX,CLI-WTFIGNIYX5AO,Withdrawal,,447.17,USD,,ATM,SUC-SUAMAVYV,,,México,Tijuana,Approved,00,False,,,
TRX-GWX31A6GN7XLBQ22G2ZD,2026-05-29 03:25:49,2026-05-28,PRD-IGJBLVW84PVV,CLI-CD1C34A6Y883,Deposit,,4991.87,USD,,Branch,SUC-QO0HYSRK,,,México,Guadalajara,Approved,00,False,1.04,0.8731438,0.4810987
TRX-EFISPVLP0EBT0J7A99J5,2026-05-29 03:10:18,2026-05-28,PRD-DVO04JQ5OUQ4,CLI-QJ0160RSZSWN,Withdrawal,,195224.93,COP,48.81,ATM,SUC-XZM2NPS4,,,Mexico,Puebla,Approved,00,False,,4.9534558,-74.6745379
TRX-TWXWR5AH9JYYJ8NSNXR4,2026-05-28 21:55:38,2026-05-28,PRD-BZ3WTYSBVBMT,CLI-V49IT937O9P6,Purchase,Health,564181.82,COP,141.05,Web,,,Health,Colombia,Cali,Approved,00,False,5.31,,
TRX-VPGEKSQOS8PJG4PS2CL0,2026-05-28 11:54:43,2026-05-28,PRD-HBUFFTX99I29,CLI-EYE3R8UU0X4C,Purchase,Services,57432.06,ARS,164.09,POS,,Empresa Telefónica,Services,Argentina,Córdoba,Approved,00,False,13.14,-34.6001964,-58.9053821
TRX-HEUF6ZQURTH0J46SJZYJ,2026-05-28 15:47:59,2026-05-28,PRD-UDF90WSNF0Y8,CLI-RHUC3BR3PF71,Payment,Food,2623952.77,COP,655.99,Web,,,,Colombia,Bogotá,Approved,00,False,,,
TRX-9G3LENJDYOBZZWZYBU9S,2026-05-29 02:00:33,2026-05-28,PRD-8R1HYQ5EGVD3,CLI-9PRL3X978QUV,Payment,Entertainment,3587220.04,COP,896.81,POS,,,,Colombia,,Approved,00,False,6.49,,
TRX-P1XE2CJ8WYHX029S0NN2,2026-05-29 02:52:35,2026-05-28,PRD-999JG6I1Y5XC,CLI-Z0E6EYOFBNZU,Deposit,,286.84,USD,,ATM,SUC-1PSI5W5X,,,México,Monterrey,Approved,00,False,,0.3681743,0.0387621
TRX-AEHEFZ9YNGC9IFMFEVYO,2026-05-28 11:53:48,2026-05-28,PRD-SQ3QLMR4BLUO,CLI-61JC1R6YUEXI,Transfer,,3763.23,USD,,POS,,,,México,Monterrey,Approved,00,False,,,
TRX-HONF4VWQPPVR0AOEH40K,2026-05-28 15:06:07,2026-05-28,PRD-Q6ATQMMC2MFL,CLI-D2PC8KFGOSGU,Deposit,,16311321.08,COP,4077.83,Web,,,,Colombia,Bogotá,Approved,00,False,7.52,,
TRX-IP1KKCIL2R6CHAQR5QFH,2026-05-28 15:40:51,2026-05-28,PRD-YLN8YN5X0OQ7,CLI-7B0QM3BYUEMA,Purchase,Entertainment,84.08,USD,,App,,Teatro Nacional,Entertainment,México,Tijuana,Approved,00,False,2.06,,
TRX-7WBIJK892JIUTLBGBNBU,2026-05-28 09:53:50,2026-05-28,PRD-W7AKXPOEN0JO,CLI-YXXH6PV9NV1T,Withdrawal,,116912.97,ARS,334.04,ATM,SUC-XHNP3DLP,,,Argentina,La Plata,Approved,00,False,25.13,,
TRX-ZEDMBRCHHUOSJP06E9LF,2026-05-28 08:02:14,2026-05-28,PRD-XAR2DSRQLYFH,CLI-LET6B9J8P6DP,Deposit,,1281.55,USD,,POS,,,,México,Puebla,Declined,,False,20.21,,
TRX-539R9TUHWOA3EH1UYWMU,2026-05-29 01:12:38,2026-05-28,PRD-3KZDV7ENGCFI,CLI-38Z90OXNW691,Deposit,,14457192.53,COP,3614.3,App,,,,Colombia,Cartagena,Approved,00,False,9.1,,
TRX-P7XOCJRSKTQPL0H4AAMR,2026-05-29 00:25:55,2026-05-28,PRD-0TQLG81T1501,CLI-LQKYBEVNRW5F,Transfer,,3598.24,USD,,POS,,,,México,,Approved,00,False,2.73,-0.1472883,0.6768585
TRX-S92QZRAXTPAOE8WXDEGR,2026-05-28 22:11:11,2026-05-28,PRD-J22Z19P3NUTR,CLI-HFBSLSRCMHV3,Payment,Transport,144440.79,ARS,412.69,Web,,,,Argentina,Mendoza,Approved,00,False,2.72,,
TRX-BBZ7ASFBO9K7GB6PGP8L,2026-05-28 14:17:26,2026-05-28,PRD-7OPG7OLPT2G7,CLI-65LECVKHJOFD,Transfer,,982.83,USD,,ATM,SUC-ECJP9AEQ,,,México,Querétaro,Approved,00,False,,0.5740726,-0.4093167
TRX-BXK9EHSZMQG2I6V5BJFJ,2026-05-28 11:45:02,2026-05-28,PRD-IIX7B2BZS4MR,CLI-NLI2TUY3GDJL,Deposit,,4832.27,USD,,ATM,SUC-NZJH5BG1,,,México,Guadalajara,Approved,00,False,25.85,,
TRX-WDO4KUSMNO08U1KIGOF3,2026-05-28 09:30:17,2026-05-28,PRD-P4AUZPMPXNO5,CLI-RUHGJT4JCG5L,Transfer,,7970.14,USD,,POS,,,,México,Guadalajara,Approved,00,False,29.78,,
TRX-TCVK3W50286Q6P9NC74A,2026-05-28 06:25:27,2026-05-28,PRD-ZWPTF8PLWTUM,CLI-8YHQRJASEMNZ,Purchase,Health,89377.32,ARS,255.36,POS,,Óptica Visión,Health,Argentina,,Approved,00,False,0.59,-34.0434262,-58.5647663
TRX-PPRJU3BLZPEAT6U76CNJ,2026-05-29 00:16:36,2026-05-28,PRD-XFK2HCYM04JJ,CLI-DB4XULZH27QM,Withdrawal,,577498.4,COP,144.37,App,,,,Colombia,Cali,Approved,00,False,23.17,,
TRX-N0DF7G75BYGW2VAEUDJT,2026-05-29 00:15:06,2026-05-28,PRD-TKI8CT9FW65P,CLI-0SIPCV2F7IEJ,Withdrawal,,243897.19,COP,60.97,ATM,SUC-UJA1ZE8Q,,,Colombia,Cartagena,Declined,54,False,,4.1527288,-74.9002783
TRX-ZBG7012IDVF3MM9TD3DG,2026-05-29 04:40:01,2026-05-28,PRD-0IGOZLSK8H4O,CLI-9RGJ0XO2AWGG,Withdrawal,,720167.05,COP,180.04,App,,,,Colombia,Barranquilla,Approved,00,False,,,
TRX-3OEX9OZA4OMYM6ESA79F,2026-05-28 07:06:10,2026-05-28,PRD-9VSI92MIQKWX,CLI-OA7P66QEMJ79,Payment,Transport,422.16,USD,,POS,,,,México,Tijuana,Approved,00,False,,,
TRX-IZJ07PWHBXE2UAGNZANY,2026-05-28 11:27:27,2026-05-28,PRD-DBLZRACVJOGQ,CLI-I62WZUYMKV18,Withdrawal,,318.69,USD,,POS,,,,México,Puebla,Approved,00,False,24.85,,
TRX-KTTNNW7F52JPYYYN5L4N,2026-05-28 13:46:43,2026-05-28,PRD-8PBJYLEZ94UA,CLI-8EENG0NSRKUE,Purchase,Other,167.69,USD,,ATM,SUC-JJT8C9XQ,Boutique Moda,,México,Puebla,Declined,54,False,10.46,,
TRX-EXPMEO53732IWWZR2XJP,2026-05-28 10:12:06,2026-05-28,PRD-ZJPIK4TJP7KM,CLI-PDXYFHJW9TVN,Deposit,,18751865.07,COP,4687.97,App,,,,Colombia,Medellín,Approved,00,False,11.92,,
TRX-XG34EOONEDL9UE68B4GR,2026-05-28 11:26:09,2026-05-28,PRD-78YGHKI9PT7F,CLI-8JF8HJSLMDIT,Withdrawal,,23857.16,ARS,68.16,App,,,,Argentina,Buenos Aires,Approved,00,False,,,
TRX-NTA630URIZWFFMLOI234,2026-05-29 04:37:52,2026-05-28,PRD-PA8ZQ8GDE4ZO,CLI-DZPRK7KPAHKO,Purchase,,954556.2,COP,238.64,ATM,SUC-4USRLC45,Streaming Music,Entertainment,Colombia,Barranquilla,Approved,00,False,15.56,,
TRX-7TDEPWMXHFIFNVGU8OMQ,2026-05-28 20:54:34,2026-05-28,PRD-OFAB4LNOE91G,CLI-MRUM8QQFP9HI,Purchase,Food,339.74,USD,,ATM,SUC-6IDFK4L9,,Food,México,Querétaro,Approved,00,False,13.54,-0.9783744,-0.9938726
TRX-7X2QALK7SMU8R19HOVFO,2026-05-28 16:31:28,2026-05-28,PRD-VY67518Z6793,CLI-ME707PK3154N,Payment,Transport,741.75,USD,,POS,,,,México,Ciudad de México,Approved,00,False,21.15,,
TRX-K1IW8ISUHP4QYOI3C4AZ,2026-05-28 09:03:16,2026-05-28,PRD-ST2JWHO3S1YA,CLI-2OFCGUAUGP0Q,Deposit,,3779.69,USD,,App,,,,México,Ciudad de México,Approved,00,False,24.56,,
TRX-ZXP2NL0JJWVMB2HRFJHG,2026-05-28 06:22:38,2026-05-28,PRD-SR3YV0E9G8WA,CLI-JJIMQS4G7KWN,Transfer,,30383464.18,COP,7595.87,ATM,SUC-85YWBJ74,,,Colombia,Cartagena,Approved,00,False,26.52,,
TRX-NMLW7MDC362P9CRUY5JG,2026-05-29 03:34:11,2026-05-28,PRD-D0292JEM73QX,CLI-XLOWVVYGGIJ0,Withdrawal,,61.35,USD,,POS,,,,Colombia,Cali,Approved,00,False,,5.0934672,-74.2863036
TRX-INQRK0MWYFNGZ5YFOS3F,2026-05-28 20:01:38,2026-05-28,PRD-7COKE12OVVOE,CLI-1LFMA3MQ2XQM,Withdrawal,,161421.27,COP,40.36,ATM,SUC-DIHJMBN3,,,Colombia,Bogotá,Approved,00,False,,,
TRX-M1TWXK0XIS71AVJUCGV6,2026-05-28 15:17:22,2026-05-28,PRD-5HC03WIX11G4,CLI-99SNCY803V4R,Payment,Food,581165.77,ARS,1660.47,ATM,SUC-FXWYIOXF,,,Argentina,Córdoba,Approved,00,False,27.08,-34.779441,-58.4576151
TRX-G9LWCDSLFEF3U5E7EZDG,2026-05-28 13:39:22,2026-05-28,PRD-L1VNL6JGW9F2,CLI-INSZ1GSR99SK,Payment,Services,6680458.27,COP,1670.11,Web,,,,Colombia,Cali,Approved,00,False,19.36,,
TRX-7OC8CBN110LM3VH93ZV8,2026-05-28 12:38:48,2026-05-28,PRD-0J15VLKA6GJ1,CLI-16VESRAA8DYC,Purchase,Other,147717.7,ARS,422.05,ATM,SUC-BMVBUHCL,Centro Comercial,Other,Argentina,Rosario,Approved,00,False,,,
TRX-38OVF5K2ISLWET2GQOQ8,2026-05-28 21:06:51,2026-05-28,PRD-FX5GWCZXRC72,CLI-I27JNRV0M4XD,Deposit,,10650305.82,COP,2662.58,ATM,SUC-OPPQ932B,,,Colombia,,Approved,00,False,2.26,,
TRX-3RIKCF3YOBK8HUZXTP7V,2026-05-28 11:42:52,2026-05-28,PRD-RKXDMTQYZSGF,CLI-DTPK5VOKLB39,Deposit,,1313.34,USD,,ATM,,,,México,Tijuana,Approved,00,False,16.81,,
TRX-1TWXIJLGOJZM2RHEKRO0,2026-05-29 05:51:46,2026-05-28,PRD-Y3H3I8VGJB7A,CLI-QLGNLAIW2FZO,Deposit,,3905.34,USD,,Web,,,,México,Querétaro,Approved,00,False,,,
TRX-TNGCCK5H6YFF6A1O1R8Q,2026-05-28 06:22:39,2026-05-28,PRD-O4KE9YQ1MUGI,CLI-RRH0ELO5UISB,Purchase,Other,199.66,USD,,POS,,Tienda General,Other,Colombia,Cartagena,Approved,00,False,18.49,,
TRX-2T8NYTJBSN13EMSINVXO,2026-05-28 12:12:42,2026-05-28,PRD-ED8Y9K7ODJAE,CLI-1IWKKOYQYC4S,Transfer,,6783.69,USD,,ATM,SUC-UV1CR4D5,,,México,Guadalajara,Approved,00,False,19.34,0.8646185,-0.5399398
TRX-YIURJJJJ6H4NKR074ZI9,2026-05-29 01:23:26,2026-05-28,PRD-VLAIOKB3CWYK,CLI-AUO9JOE4MJMF,Purchase,Other,1311598.2,COP,327.9,App,,Boutique Moda,Other,Colombia,Barranquilla,Approved,00,False,23.18,,
TRX-8L2PCZAAODZQD61F7V3U,2026-05-28 10:34:13,2026-05-28,PRD-POLDRZRGV03L,CLI-N3GHBFRQ2B7L,Purchase,Food,420816.24,COP,105.2,POS,,Super Ahorro,Food,Colombia,Cartagena,Approved,00,False,15.13,,
TRX-BM3OTKJJMVYHCACW65BJ,2026-05-29 03:45:00,2026-05-28,PRD-B1A75OVDAGBS,CLI-7PMKVZE8E3Z8,Deposit,,1590570.98,ARS,4544.49,ATM,SUC-UE04XBQH,,,Argentina,La Plata,Approved,00,False,,,
TRX-QQK4MS48SMSX5X1AL929,2026-05-29 00:31:42,2026-05-28,PRD-VGT9ENHZ6JP2,CLI-VZSWNHS7EP1C,Withdrawal,,454.2,USD,,Web,,,,México,Ciudad de México,Approved,00,False,0.23,,
TRX-HBUSXAS0APO2OD1FVXL9,2026-05-28 20:53:09,2026-05-28,PRD-27IS5ZNL5SBE,CLI-GODMICBU4L5V,Withdrawal,,76284.46,ARS,217.96,ATM,,,,Argentina,Córdoba,Declined,54,False,12.89,,
TRX-CYV0SUEYZ67RJUAORTNO,2026-05-28 18:48:35,2026-05-28,PRD-MFQII46XL07P,CLI-9IVNOXG4F7AP,Purchase,Food,202.13,USD,,Web,,Restaurante El Buen Sabor,Food,México,Guadalajara,Approved,,False,10.47,,
TRX-ZOCKC698DJ5C2NFLWZ5S,2026-05-28 09:27:28,2026-05-28,PRD-8IOR0MQ1WP0A,CLI-SPK61PXB093I,Purchase,Other,860799.04,COP,215.2,ATM,SUC-UJA1ZE8Q,Centro Comercial,Other,Colombia,Bogotá,Approved,00,False,1.71,,
TRX-GYVF4LSEUJ4KKXHRL4MT,2026-05-29 01:49:03,2026-05-28,PRD-8NYSH5FJ9QZK,CLI-VS7NVX1ZLZFM,Withdrawal,,170575.81,ARS,487.36,ATM,SUC-UUF77WSC,,,Argentina,Mendoza,Approved,00,False,,,
TRX-TCB0ITIL590JY9DBZBP5,2026-05-29 03:45:12,2026-05-28,PRD-DRUOOWHRBSH0,CLI-47T5DYO1HCHP,Purchase,Services,423.43,USD,,POS,,Internet Plus,Services,México,Ciudad de México,Approved,00,False,28.19,-0.1106097,0.4464676
TRX-5MTP3WB0IB8U16MZK9PH,2026-05-28 19:47:03,2026-05-28,PRD-2VQ2ZPYJWPHG,CLI-VHVDW0G19W17,Payment,Entertainment,5405286.38,COP,1351.32,App,,,,Colombia,Barranquilla,Declined,05,False,25.59,,
TRX-LASGO15HO01YXU2PPJVO,2026-05-29 03:28:23,2026-05-28,PRD-5HLN966OQMF1,CLI-IHUD58I1TLSR,Purchase,Other,1323424.56,COP,330.86,POS,,Tienda General,Other,Colombia,Barranquilla,Declined,14,False,29.14,,
TRX-ZP3P2GZI1KEK5N7SV37M,2026-05-28 11:06:58,2026-05-28,PRD-Q8PXQGGCVTEB,CLI-J9LHFH8TVDEM,Deposit,,1155281.95,COP,288.82,ATM,SUC-YH0U3LVW,,,Colombia,Bogotá,Approved,00,False,7.63,,
TRX-FEB14SPF6I5MCX0U0W00,2026-05-28 08:40:56,2026-05-28,PRD-INNZOYIHPESF,CLI-TLKI316Y6BGC,Transfer,,4976.01,USD,,ATM,SUC-3XWIPDZ3,,,México,Guadalajara,Approved,00,False,13.35,,
TRX-2QO0CVQ99JRK24RWRAWZ,2026-05-28 10:16:33,2026-05-28,PRD-2VTWN9JXP8A6,CLI-RGF5EVAMJX7X,Transfer,,5883.77,USD,,POS,,,,México,Ciudad de México,Approved,00,False,15.26,,
TRX-3KETSX5ZBE351W65UD2G,2026-05-28 08:55:42,2026-05-28,PRD-7RI62LD6P6JW,CLI-MO9NTQLU8K63,Deposit,,698576.78,ARS,1995.93,ATM,SUC-5S93Z8YS,,,Argentina,Rosario,Approved,00,False,18.76,,
TRX-NTBACNA4HHNPDVZJ86B2,2026-05-28 23:39:27,2026-05-28,PRD-ZPOOJC7JJDRK,CLI-Q567X29SBYR9,Adjustment,,91281.29,ARS,,App,,,,Argentina,Rosario,Approved,00,False,25.05,,
TRX-HJZ5QD32JGJSPN6C9GGM,2026-05-29 01:57:18,2026-05-28,PRD-VMEV9J1P98P3,CLI-VYJ1BNNUFXLC,Deposit,,3910.31,USD,,Web,,,,México,Querétaro,Approved,00,False,21.31,,
TRX-EMCLLK53AUC8NUBYLI15,2026-05-28 11:10:56,2026-05-28,PRD-VQO5SJL898Q3,CLI-YEW6ABW5E90U,Deposit,,1643144.23,ARS,4694.7,Transfer,,,,Argentina,Rosario,Approved,00,False,,,
TRX-S2CKCOZ3JY5PA92DR8YZ,2026-05-28 06:41:31,2026-05-28,PRD-3U1XU77O00SE,CLI-7JSX4XQVBO27,Transfer,,3061.17,USD,,POS,,,,México,Monterrey,Approved,00,False,28.72,0.0022918,-0.2403122
TRX-HN9BWXEEW3GLLNOXTO9V,2026-05-28 17:41:22,2026-05-28,PRD-QJG3B2Q9NS73,CLI-CJR9LURMX4VC,Withdrawal,,391.31,USD,,POS,,,,México,Querétaro,Approved,00,False,7.93,,
TRX-RIU9FOEAYBXQ5PAOOKGG,2026-05-28 18:17:45,2026-05-28,PRD-IASUHV4WJM9T,CLI-82X68C83IYO2,Transfer,,10938444.92,COP,2734.61,POS,,,,Colombia,Medellín,Approved,00,False,19.02,4.6758744,-73.1740038
TRX-MCPWW421D7KPH4J6B3PK,2026-05-28 17:46:00,2026-05-28,PRD-H1S24J3SOZL8,CLI-XY7KGUB5RUBI,Payment,Health,246.94,USD,,ATM,,,,México,Puebla,Approved,00,False,20.77,0.0727018,0.9365756
TRX-J3GQYDN42HDDWRPABY9T,2026-05-29 01:57:07,2026-05-28,PRD-VMESZEVL3CV5,CLI-2OC1QOMXARDU,Transfer,,3998.03,USD,,POS,,,,México,Puebla,Approved,00,False,,0.1513679,0.7019698
TRX-8Q8UYBX1BJL86QIAV523,2026-05-29 03:12:21,2026-05-28,PRD-NSCC1H2BSJB3,CLI-SOG378QQX40E,Withdrawal,,283.92,USD,,ATM,SUC-AXDYB0RQ,,,México,Guadalajara,Approved,00,False,21.21,,
TRX-ZXEICC6J84IVB7DX24NO,2026-05-28 15:48:24,2026-05-28,PRD-15SD0QY8CV9B,CLI-WYAR08PCX1TL,Deposit,,3975.0,USD,,POS,,,,Argentina,Córdoba,Approved,00,False,2.68,,
TRX-VO96T31Q1OCLT5D2DTS9,2026-05-28 09:36:54,2026-05-28,PRD-TKAD1MJX8X16,CLI-DOZ7CL8MK773,Purchase,Entertainment,259.81,USD,,App,,Streaming Music,Entertainment,México,Querétaro,Approved,00,False,11.51,,
TRX-RQ7AY640WDNU0BOTHUWT,2026-05-28 08:24:51,2026-05-28,PRD-UCFYPXYI08DN,CLI-AGLTVPNLSDQB,Purchase,Services,66.8,USD,,App,,Cable TV,Services,México,Ciudad de México,Declined,05,False,3.89,,
TRX-7TXD5ZVL8R7BWYWY5IX1,2026-05-29 00:58:44,2026-05-28,PRD-UKNZNNY5TOV9,CLI-QA42GF7XR8GG,Deposit,,19313014.49,COP,4828.25,App,,,,Colombia,Barranquilla,Approved,00,False,,,
TRX-GHQV4EC6TMVV8M1NU0UX,2026-05-28 15:07:36,2026-05-28,PRD-F77CGJPRLTDQ,CLI-KOFYWEDHG465,Payment,Entertainment,351000.02,ARS,1002.86,ATM,SUC-ZVFW3M23,,,Argentina,La Plata,Approved,00,False,15.8,,
TRX-HPUIISY1L64JQC4PKK0O,2026-05-29 02:06:37,2026-05-28,PRD-AN03HOM2LFZJ,CLI-2NP2OE10FFN5,Purchase,Services,265.01,USD,,POS,,Internet Plus,Services,México,Puebla,Approved,00,False,1.66,-0.9025152,-0.293613
TRX-XHN248PKRH82NEH5GQ6Z,2026-05-28 23:56:05,2026-05-28,PRD-QHU4CBB1QNSO,CLI-IS4RLVD7730Q,Purchase,Health,213.7,USD,,ATM,SUC-6RHR3MME,Óptica Visión,Health,México,,Approved,00,False,19.12,0.1744552,-0.2372628
TRX-U177J3XZM662AQ0QC4DG,2026-05-28 15:58:05,2026-05-28,PRD-YNN5QD5JALH8,CLI-9K203WYECSLH,Deposit,,4723.57,USD,,POS,,,,México,Querétaro,Approved,00,False,28.0,-0.9879468,0.2915305
TRX-FQ9UB2KBJQHJNNA7QND5,2026-05-29 05:29:35,2026-05-28,PRD-WGQYV1XM67U5,CLI-2ZESHSG5WCIR,Purchase,Transport,1657690.7,COP,414.42,POS,,Gasolinera Express,Transport,Colombia,Bogotá,Approved,00,False,21.04,5.3340537,-73.3850652
TRX-KUFNRZ8LNG60H886FZ3Y,2026-05-29 01:29:11,2026-05-28,PRD-U9ZZWZUFO7LB,CLI-N7SZW88ZN6XD,Payment,Services,1307.71,USD,,ATM,SUC-6M2HY1ZX,,,Argentina,Buenos Aires,Approved,00,False,6.67,-34.3361564,-58.9259172
TRX-02UWDWTFOUN4L01WS06T,2026-05-28 23:20:51,2026-05-28,PRD-2FDGXJM9UYT6,CLI-UTUTO8FA3SNZ,Withdrawal,,9747.19,ARS,27.85,POS,,,,Argentina,Buenos Aires,Pending,14,False,,-34.8370054,-58.6536934
TRX-AN1UKVG7G4UAWNCIAU0O,2026-05-29 04:58:13,2026-05-28,PRD-VAHITLF5PUOM,CLI-CVRNE83E6YN5,Payment,Other,6795651.89,COP,1698.91,ATM,SUC-I7CB5PA8,,,Mexico,Ciudad de México,Approved,00,False,2.95,,
TRX-HC7500CZEFIC0KOBTPTR,2026-05-29 03:24:29,2026-05-28,PRD-0158JR0S3620,CLI-42K6YX6C8O1P,Withdrawal,,195620.01,COP,48.91,POS,,,,Colombia,Bogotá,Approved,00,False,,,
TRX-07NRPXDCK27Y4J4QJRZ3,2026-05-28 12:43:10,2026-05-28,PRD-9BZQR8FRMJ5V,CLI-BJEFH055ASB8,Withdrawal,,396.09,USD,,App,,,,México,Guadalajara,Approved,00,False,25.86,,
TRX-X032ZFW9QF60FM3LME0O,2026-05-28 23:38:49,2026-05-28,PRD-B08Z48B4D354,CLI-I73KQSIHWWMK,Withdrawal,,450.95,USD,,POS,,,,México,Guadalajara,Reversed,51,False,,-0.2089123,-0.8636315
TRX-QZN54QI9Q51DVQDXSA1X,2026-05-29 00:52:57,2026-05-28,PRD-92TWA8K0F1T7,CLI-T721UUBNZZG1,Withdrawal,,25126.11,ARS,71.79,POS,,,,Argentina,La Plata,Approved,00,False,,-34.2284938,
TRX-KKASUUHXLEDEIVGP99LS,2026-05-28 08:36:15,2026-05-28,PRD-G9B5DVQNPV9Z,CLI-4JYR16Q2R4SK,Purchase,Other,115.59,USD,,Web,,Ferretería,Other,México,Tijuana,Approved,00,False,25.23,,
TRX-RKC4O3MMVX0XTL6HZG25,2026-05-29 05:08:25,2026-05-28,PRD-SMW4Y82N9R5E,CLI-RM5FYUZV31B5,Deposit,,971573.45,ARS,2775.92,Web,,,,Argentina,Rosario,Approved,00,False,,,
TRX-NX93CL3EGOUOCD21R86D,2026-05-28 15:45:05,2026-05-28,PRD-RD7RHGPR494A,CLI-M2T6R6VQ9YUX,Deposit,,15168998.84,COP,3792.25,ATM,SUC-4B1UVBW3,,,Colombia,Cartagena,Approved,,False,5.68,,
TRX-PPV8G2W6FRU6N46OY3IQ,2026-05-28 07:20:27,2026-05-28,PRD-QYEYL6CHM7AP,CLI-6SRVCODCDDF7,Payment,Food,701.99,USD,,App,,,,México,,Approved,00,False,14.06,,
TRX-ENROKY60GILTJK42AGNW,2026-05-28 23:17:45,2026-05-28,PRD-V8PE1F8156T7,CLI-HGKR0U9K9IF4,Purchase,Food,116.12,USD,,POS,,Tienda Don José,Food,México,Ciudad de México,Approved,00,False,28.95,,
TRX-TC2B3BXMJR2Z8RBRXODI,2026-05-28 10:04:55,2026-05-28,PRD-TTB4RH1C9167,CLI-0GC2ZJWU7ENI,Deposit,,4664.08,USD,,Branch,SUC-QO0HYSRK,,,México,Guadalajara,Approved,00,False,1.48,,
TRX-187O05BRVULJH3GE9JW0,2026-05-29 00:04:49,2026-05-28,PRD-Q0VWB5TMF9LI,CLI-TQ30B1B94XVW,Payment,Services,350.47,USD,,ATM,SUC-EN5GYCON,,,México,,Approved,00,False,,-0.7303379,-0.6212323
TRX-LFJ9V698OORA8FSTIK35,2026-05-28 15:17:01,2026-05-28,PRD-AFBF3CGVSSQG,CLI-IV15U011KDGZ,Withdrawal,,834381.11,COP,208.6,Transfer,,,,Colombia,Barranquilla,Approved,00,False,28.85,,
TRX-55LRHULDWF0LUIK8IPNR,2026-05-28 13:16:16,2026-05-28,PRD-VCM7GE9B3N68,CLI-1MRYJH4GEQ6M,Transfer,,8567.5,USD,,App,,,,México,Monterrey,Approved,00,False,,,
TRX-JHGR4BVOXDFM72PVHWCY,2026-05-28 11:26:54,2026-05-28,PRD-GD05MMCC2XAC,CLI-RG85Z6FE2UWC,Purchase,Entertainment,479.36,USD,,POS,,Cine Premium,Entertainment,Colombia,Bogotá,Approved,,False,16.31,4.2514229,-73.8308438
TRX-U9KJPLMAOZ2WI2YYSYP5,2026-05-28 15:16:10,2026-05-28,PRD-CEC4CMLBW092,CLI-ENMB44UV1LYS,Deposit,,1726.38,USD,,Web,,,,México,,Approved,00,False,15.66,,
TRX-9ZOQ3J8VLXU53BKP4Z4U,2026-05-28 07:06:06,2026-05-28,PRD-BCJKE7PZZDJJ,CLI-DQS86F8QL3I6,Deposit,,7077217.83,COP,1769.3,POS,,,,Colombia,Bogotá,Approved,,False,4.01,4.9679237,-73.4247112
TRX-LIZ5WBPNJQ06KYJ74L3O,2026-05-28 12:20:50,2026-05-28,PRD-KZPGR759HC0B,CLI-HFDDHOXQH819,Transfer,,9354.23,USD,,Web,,,,México,Monterrey,Approved,00,False,10.93,,
TRX-89HNQUEY4F6SU2I5CJII,2026-05-28 14:16:41,2026-05-28,PRD-WSWOR8RP5RV6,CLI-FFHACOUI99PE,Transfer,,2371.23,USD,,POS,,,,México,Querétaro,Approved,00,False,8.31,,
TRX-ES73KDHSUKEY0VVSDRV1,2026-05-29 02:47:41,2026-05-28,PRD-VFI803ULLY85,CLI-XGX0ZPKSR1CN,Payment,Entertainment,155.42,USD,,ATM,,,,México,Puebla,Approved,00,False,5.11,,
TRX-EKG46L33BXB4RN2MZULZ,2026-05-28 08:42:42,2026-05-28,PRD-5BTOAOE5ZGF1,CLI-MT2GGL6OF39J,Deposit,,4289.77,USD,,POS,,,,México,,Approved,00,False,16.4,-0.8993448,0.6002307
TRX-XJJBPH40X8CO39ZS0RFT,2026-05-28 13:24:30,2026-05-28,PRD-UJDC008OVZQ6,CLI-O9NIU6VFPO22,Withdrawal,,1627789.06,COP,406.95,App,,,,Colombia,Barranquilla,Approved,00,False,2.82,,
TRX-QYG97RLM84ZTPPGMZDS8,2026-05-28 09:57:10,2026-05-28,PRD-HPM54K6DPZWM,CLI-K1C01SV70KGF,Deposit,,1197.77,USD,,Web,,,,México,Puebla,Approved,00,False,21.99,,
TRX-JRE5YBJVOMWCPOVC4UV0,2026-05-29 03:40:22,2026-05-28,PRD-5QFJ1JJEI7L8,CLI-EFBPNNG0KPFY,Withdrawal,,1987994.88,COP,497.0,POS,,,,Colombia,,Approved,00,False,,,
TRX-ZT9NTXLGY1SUG02R3JZZ,2026-05-28 17:16:34,2026-05-28,PRD-GSRU2WSERO6A,CLI-T671OCT7I5DC,Transfer,,24462769.82,COP,6115.69,Web,,,,Colombia,Cartagena,Approved,00,False,,,
TRX-O3D6876X1P9XOPH65CYB,2026-05-29 01:08:36,2026-05-28,PRD-Z01SJB0YXKA4,CLI-L8XFC2QPCVE0,Payment,Food,1402.32,USD,,POS,,,,México,Puebla,Approved,00,False,6.43,,
TRX-OJ0RJ4QNVWU5NBRUSOOB,2026-05-29 05:09:09,2026-05-28,PRD-MN5Y2FZ2IIOZ,CLI-82KL55LNCRPR,Purchase,Other,5.21,USD,,ATM,SUC-F1BZEJXJ,Tienda General,Other,México,Monterrey,Approved,00,False,28.18,,
TRX-PH6HJWOPU8Y28C3XSRR2,2026-05-28 19:14:52,2026-05-28,PRD-VXQ0CKEZ496T,CLI-HA79QBVRNES3,Transfer,,20260642.43,COP,5065.16,POS,,,,Colombia,Cali,Approved,00,False,,,
TRX-10C10ETE82XZBHIAN397,2026-05-28 08:26:27,2026-05-28,PRD-6WLSKC6O7W0P,CLI-YRE8OZQA2YIH,Transfer,,6307818.29,COP,1576.95,ATM,SUC-UJA1ZE8Q,,,Argentina,Mendoza,Approved,00,False,21.38,,
TRX-S7TFDIBCU2P3H26KJS6T,2026-05-28 12:44:29,2026-05-28,PRD-E21JPBPB3KMQ,CLI-LT2Y7CSJPRMM,Purchase,Health,129.63,USD,,Web,,Clínica Médica,Health,México,Puebla,Approved,00,False,9.38,,
TRX-A29XXQISSEKJXIKYZ3V0,2026-05-28 14:59:30,2026-05-28,PRD-ATHMXI1FYJR5,CLI-AP1QO1PJ54LA,Payment,Food,839.34,USD,,POS,,,,México,,Approved,00,False,,,
TRX-S1VL0W6B0VP2FOM7SE8Q,2026-05-28 21:53:54,2026-05-28,PRD-Q51L2JW7U5I2,CLI-P4ORPCN8YLGL,Payment,Transport,1472.61,USD,,ATM,SUC-DL6TAAQL,,,México,Monterrey,Approved,00,False,1.03,,
TRX-M60DOP6UC473V2ND4J2J,2026-05-28 13:21:08,2026-05-28,PRD-ONULY5Y6ELM7,CLI-T4F44BZQMA5T,Purchase,Entertainment,475.78,USD,,Web,,Conciertos Live,Entertainment,México,Puebla,Approved,,False,14.88,,
TRX-PTEGR157A7R1F6SZHU3Y,2026-05-28 15:37:01,2026-05-28,PRD-RZJUZD6DEIBJ,CLI-8DOZ10RQ74UC,Withdrawal,,290.03,USD,,POS,,,,México,,Approved,,False,14.93,-0.0916506,-0.821318
TRX-DNSDOXO0INQCM85UTRPI,2026-05-29 05:34:30,2026-05-28,PRD-T95V9F3TRHMB,CLI-7SUWLHP9WGS5,Payment,Services,656.63,USD,,POS,,,,México,Monterrey,Approved,00,False,,,
TRX-MQC83YIH81IQ0S49K5H0,2026-05-28 10:59:21,2026-05-28,PRD-0JKJN0HV7YFZ,CLI-79YOX1MZEBWC,Transfer,,5326.46,USD,,POS,,,,México,Monterrey,Approved,00,False,29.82,,
TRX-DFXLNBKLXGKDAX9OTNR8,2026-05-28 13:37:15,2026-05-28,PRD-NNBST3ETD5QH,CLI-QRC8EXMSCDJW,Withdrawal,,176.24,USD,,POS,,,,México,Ciudad de México,Approved,00,False,24.2,,
TRX-TQLH2IUDSFX5XELYSTDD,2026-05-28 15:55:15,2026-05-28,PRD-Y6DIUCUM0Z7W,CLI-3MEEPQIV4E9Z,Purchase,Entertainment,593644.27,COP,148.41,POS,,Streaming Music,,Colombia,Bogotá,Pending,05,False,16.71,5.2111625,-73.7607661
TRX-NAUX49LWUOKRXP08ELZA,2026-05-28 07:58:12,2026-05-28,PRD-N8BTHGK94F29,CLI-S2H80CLQLCCM,Withdrawal,,79278.61,ARS,226.51,POS,,,,Argentina,,Approved,00,False,,,
TRX-OV98HJL08NCH09LDB27T,2026-05-29 04:30:24,2026-05-28,PRD-LENLSSHA7CO8,CLI-LMQ36IWQIN8W,Withdrawal,,19344.52,ARS,55.27,ATM,SUC-RAI81ICG,,,Argentina,Mendoza,Approved,00,False,12.07,,
TRX-TLEHI9DAM9HJ914BZIXU,2026-05-29 02:46:36,2026-05-28,PRD-M0ZUFOX72YGF,CLI-TF53JXVC20O9,Transfer,,3141203.37,ARS,8974.87,Web,,,,Argentina,Mendoza,Approved,00,False,8.54,,
TRX-2VYHXLLFJ4V1BBCS2Y1M,2026-05-28 19:21:29,2026-05-28,PRD-NUUOJSVVXL9V,CLI-53F83MBCQ507,Deposit,,5791865.82,COP,1447.97,POS,,,,Colombia,Cartagena,Approved,00,False,0.2,3.9167079,-74.5531803
TRX-X3M0M7WZ5T50Z5EG2XF9,2026-05-29 03:26:57,2026-05-28,PRD-0RX5LYH4HTRL,CLI-PC8A96I4AJIQ,Purchase,Transport,443.38,USD,,ATM,SUC-HWG24EKK,Gasolinera Express,Transport,México,,Approved,00,False,,-0.9290434,-0.366078
TRX-VXATC7XOLA0N7BM3VPTX,2026-05-28 22:26:12,2026-05-28,PRD-JVGRW65U7T9F,CLI-BNB5ZTOKZF4V,Purchase,Services,680768.09,COP,170.19,POS,,Empresa Telefónica,Services,Colombia,Cartagena,Approved,00,False,,3.7722516,-74.1452358
TRX-23R4RPZNV3W9MCV0KWSR,2026-05-28 11:49:35,2026-05-28,PRD-ZO5N4B7C5KQG,CLI-65F0YZT20XS3,Deposit,,658.5,USD,,Branch,SUC-HWG24EKK,,,México,,Approved,00,False,23.25,,
TRX-ZO4QBNTJYILSQE67XJVV,2026-05-28 21:15:28,2026-05-28,PRD-S9GNBHVTYJDD,CLI-8X389ZADWJEC,Payment,Food,3859729.89,COP,964.93,Web,,,,Colombia,,Approved,00,False,8.4,,
TRX-U60USBTMRBBJLDE8YBP7,2026-05-28 14:47:33,2026-05-28,PRD-KILEID4RY386,CLI-G0RXBY1ZR7FD,Payment,Other,2695784.81,COP,673.95,ATM,SUC-3NEGSLF6,,,Colombia,Bogotá,Approved,00,False,3.41,,
TRX-M9T7LPCSEEC3WRJ4SCLK,2026-05-28 09:44:04,2026-05-28,PRD-FKIHXL7QTDMU,CLI-ZVBU3B0VWO0M,Adjustment,,1835160.37,COP,458.79,ATM,SUC-8UUCS42Y,,,Colombia,Bogotá,Declined,14,False,12.44,,
TRX-JRZAPX2XB6D56Z79ZKJ1,2026-05-29 02:29:23,2026-05-28,PRD-FL67O69D6QNG,CLI-F4BOUX5DGODK,Withdrawal,,254.26,USD,,POS,,,,México,Tijuana,Approved,00,False,,,
TRX-FCO5HR3RUSTQP58CPYMH,2026-05-29 00:51:58,2026-05-28,PRD-QFCJU0E6MRDR,CLI-2H6632M65WM2,Withdrawal,,1366124.89,COP,341.53,App,,,,Colombia,,Approved,00,False,21.22,,
TRX-35A2JV35PIQGWX1OBOOL,2026-05-28 13:23:30,2026-05-28,PRD-84PTOM9HTKO0,CLI-4QWR0924FYD1,Purchase,Entertainment,35415.64,ARS,101.19,ATM,SUC-YO2Y6PA3,Cine Premium,Entertainment,Argentina,Mendoza,Approved,00,False,26.63,,
TRX-LTXT2R7CN6K87FA47I17,2026-05-28 14:32:26,2026-05-28,PRD-DF5XSG7FQDCW,CLI-HNZ3D4C3CPTT,Withdrawal,,320.33,USD,,ATM,SUC-JQ7BZNFI,,,México,Puebla,Approved,00,False,9.73,,
TRX-7ZMOQ6RMBOGB42E991F2,2026-05-28 12:52:57,2026-05-28,PRD-QPJBZPVBK2WB,CLI-7CRYUEB8LDDF,Withdrawal,,212.46,USD,,POS,,,,México,Querétaro,Approved,00,False,,,
TRX-S62VYFBXV2RJV4HUONLI,2026-05-29 00:14:28,2026-05-28,PRD-HEWMGORG8EQD,CLI-K8XNSWREXU0D,Withdrawal,,1334036.64,COP,333.51,POS,,,,Colombia,Barranquilla,Approved,00,False,13.76,,
TRX-NJFNPUPJXMH5MLAB9OIX,2026-05-29 04:06:08,2026-05-28,PRD-UD70YWUX08EQ,CLI-YYCEXF3ZIE45,Transfer,,11780425.41,COP,2945.11,POS,,,,Colombia,Bogotá,Approved,00,False,19.27,,
TRX-C15VN3Z38ISDNTHD9U91,2026-05-29 03:00:30,2026-05-28,PRD-I2O1OJWPNPXA,CLI-5SDQ4927JFQ8,Withdrawal,,369.02,USD,,ATM,SUC-5R12FFLE,,,México,Guadalajara,Approved,00,False,26.31,,
TRX-DLM6A71MDUN1FX2D24F1,2026-05-28 06:27:27,2026-05-28,PRD-1RG0GGH0I04O,CLI-L4HZEA18VC05,Purchase,Other,682160.31,COP,170.54,ATM,SUC-DG6C9C1K,Boutique Moda,Other,Colombia,Cali,Approved,00,False,27.63,,
TRX-2SVIHTXW8ZTA92DHO5R4,2026-05-28 08:03:11,2026-05-28,PRD-COPXWA58G6NM,CLI-AAF7SLK1Y9RD,Withdrawal,,451.45,USD,,App,,,,Argentina,,Approved,00,False,23.47,,
TRX-V24OPSTMBUR2J6L9B7ZN,2026-05-28 20:26:07,2026-05-28,PRD-LZWLEX1N44LG,CLI-T4AQICIGLXW3,Purchase,Other,283937.05,COP,70.98,POS,,Ferretería,Other,Colombia,Barranquilla,Declined,54,False,,,
TRX-TCP3M27J0388X49CJ9Q0,2026-05-28 10:19:47,2026-05-28,PRD-9ZI05OPDP1NA,CLI-GPTSV8XMJKK4,Transfer,,5216.87,USD,,POS,,,,México,Monterrey,Approved,00,False,,,
TRX-4ULLHWWBDNXW73NU4HTR,2026-05-28 19:52:08,2026-05-28,PRD-M1D2RR3VBIUU,CLI-3F79YMT9TMVW,Payment,Services,1980.07,USD,,Web,,,,México,Tijuana,Approved,00,False,25.98,,
TRX-AKK9FB9BO7AL13ICM2ZN,2026-05-28 20:31:47,2026-05-28,PRD-JDWOJSQLIB1C,CLI-WBNLGU6TQ6LM,Withdrawal,,47865.8,ARS,136.76,ATM,SUC-HYTTI82L,,,Argentina,,Approved,00,False,1.0,,
TRX-LPVPY8TG1S7RKQ9Z8MHY,2026-05-28 15:03:41,2026-05-28,PRD-6H1NI7BLLXSW,CLI-WGJ7MXBH67T5,Withdrawal,,412.26,USD,,POS,,,,México,Puebla,Approved,00,False,4.49,,
TRX-WQ6BI4KTUAXA4Z9LPUQQ,2026-05-28 19:09:17,2026-05-28,PRD-21SIMSZ528J2,CLI-SX68EU38US8X,Purchase,Services,390.79,USD,,App,,Empresa Telefónica,Services,México,Tijuana,Approved,00,False,20.48,,
TRX-EVS62CZI0AI6ZBACX5GU,2026-05-29 01:37:33,2026-05-28,PRD-E4W36MGEM32U,CLI-WBSV9J324C1M,Transfer,,7191.27,USD,,POS,,,,México,Puebla,Approved,00,False,,,
TRX-KLCF9Q5L02GH6X94B3ZP,2026-05-28 06:34:52,2026-05-28,PRD-CFTT8MQDERW8,CLI-1I02J01PJ3AY,Purchase,,25.3,USD,,POS,,Teatro Nacional,,México,,Approved,00,False,13.12,-0.093186,0.0920048
TRX-IOXA48OBEQ9ZONQ600CQ,2026-05-28 21:10:40,2026-05-28,PRD-FCEVVRIA2F3M,CLI-JH6199YVA72G,Purchase,Health,24473.77,ARS,69.93,POS,,Óptica Visión,,Argentina,Rosario,Approved,00,False,29.43,,
TRX-XRBBYEX4M1KKAS42N8Z0,2026-05-28 15:02:55,2026-05-28,PRD-IQV13XI1G9K0,CLI-JPDB3KH2FK7S,Deposit,,1644.33,USD,,POS,,,,México,Tijuana,Approved,00,False,,,
TRX-OKR1ZVCM8SE01EFXUM1H,2026-05-28 11:17:22,2026-05-28,PRD-CGUR4UZCVHQD,CLI-INXJNUWFAFQV,Transfer,,86697.18,ARS,247.71,Web,,,,Argentina,Mendoza,Approved,00,False,21.86,,
TRX-40YVQ9J87ANZEY2HZQJT,2026-05-28 07:55:30,2026-05-28,PRD-L1QHHNQJ4ZWU,CLI-6YJ3TY906GU7,Withdrawal,,476.63,USD,,POS,,,,México,Ciudad de México,Approved,00,False,6.12,,
TRX-ADEGMJ7S1R6QP9O2HTC6,2026-05-29 00:43:03,2026-05-28,PRD-1BLG3LHK158Z,CLI-RQFP6K5MLGTY,Purchase,Food,340.43,USD,,ATM,SUC-CJYLJUTF,Super Ahorro,Food,México,Tijuana,Approved,00,False,8.52,,
TRX-IX5O9QKLWMYMP6N7CGGM,2026-05-28 16:23:58,2026-05-28,PRD-B8W747WKV6DK,CLI-4K68S5WVFQF8,Payment,Other,1041.72,USD,,ATM,SUC-I8M9CS2Y,,,México,Puebla,Approved,00,False,7.21,,
TRX-H96J17USI8NYPJTYRTN9,2026-05-28 06:25:29,2026-05-28,PRD-UNHXG8YXWXDK,CLI-75GQ3PAJHN7M,Withdrawal,,7697.12,ARS,21.99,POS,,,,Argentina,Córdoba,Approved,00,False,7.72,-35.1934363,-58.4079507
TRX-CHXR1EYODZS8Y9CC16TW,2026-05-28 21:19:28,2026-05-28,PRD-J86Y3X1NODQZ,CLI-177KOAV1MDH5,Withdrawal,,955081.1,COP,238.77,App,,,,Colombia,Cartagena,Approved,00,False,25.94,,
TRX-K7V7JGMF1PWXO6MUX4LY,2026-05-28 08:49:30,2026-05-28,PRD-64L9RJZIJSBX,CLI-D0JM49VQJSEU,Payment,Services,3734605.64,COP,933.65,ATM,SUC-A6PLAS9M,,,Colombia,Cali,Approved,00,False,4.58,,
TRX-TKDJFG8AC9BWDRB006WD,2026-05-28 11:46:19,2026-05-28,PRD-K4JH8RPB97IN,CLI-BDUKD7SKX0Z5,Transfer,,24051827.27,COP,6012.96,Transfer,,,,Colombia,,Approved,00,False,12.91,,
TRX-BO3MP9J06G9HK7AXBQ6U,2026-05-28 18:55:32,2026-05-28,PRD-3JB2ZCP3BVYT,CLI-C62Z5DSYXJWS,Deposit,,3410.86,USD,,ATM,SUC-7T5LBQT3,,,México,Tijuana,Approved,00,False,27.77,,
TRX-I7MIESK9C1KH8F7XEMZ3,2026-05-29 03:05:31,2026-05-28,PRD-PC26MVERTXO2,CLI-TDT85XJZV667,Deposit,,3553.95,USD,,Web,,,,México,Ciudad de México,Approved,00,False,11.43,,
TRX-BH1BLCG27UIU47ZSKZYC,2026-05-29 03:53:53,2026-05-28,PRD-1AOI7QMDOS43,CLI-W0OY54NIWBYO,Purchase,Entertainment,1597926.88,COP,399.48,Branch,SUC-3FS5CHQJ,Conciertos Live,Entertainment,Colombia,Medellín,Approved,00,False,29.54,,
TRX-S4KWHDSK83MXT6C8IHVI,2026-05-29 05:06:13,2026-05-28,PRD-7TRM35G53HA3,CLI-B4DDOGOA0VKS,Deposit,,4322.22,USD,,App,,,,México,,Approved,00,False,19.96,,
TRX-BIAWWYGQFRUD82FRR8KL,2026-05-29 03:02:58,2026-05-28,PRD-OEEAWTHLMEPG,CLI-FKTLUMMOPE9C,Payment,Services,234474.56,ARS,669.93,POS,,,,Argentina,La Plata,Approved,00,False,11.72,-34.4439089,-59.1174166
TRX-EPZ3MM22BC2UJOFTCMUI,2026-05-28 09:53:54,2026-05-28,PRD-HHXITDEN2XSF,CLI-BQSSF56IVQ8X,Purchase,Food,356.96,USD,,App,,Restaurante El Buen Sabor,Food,México,Querétaro,Approved,00,False,23.37,,
TRX-ICZH3A5J65OT0F0YRZDZ,2026-05-29 04:28:46,2026-05-28,PRD-X4MOIQPL0F50,CLI-KBDYW0ZPOOJC,Deposit,,4368.8,USD,,POS,,,,Colombia,Barranquilla,Approved,00,False,,,
TRX-TSHQCGBQEVABF9J44QXD,2026-05-28 11:04:24,2026-05-28,PRD-NJTOOY3MEM2Q,CLI-EPXLPWY0MHIV,Deposit,,4329.17,USD,,POS,,,,México,Guadalajara,Approved,00,False,5.56,-0.1601343,0.8896279
TRX-U8ND3C79PQ44YVKK7MC4,2026-05-29 05:06:25,2026-05-28,PRD-CWGO8RWDVUAS,CLI-MA26X6UAZE7O,Payment,Other,1907.64,USD,,ATM,SUC-552N76DP,,,México,Puebla,Approved,00,False,3.52,,
TRX-GVEWNC8NSDNNJSE87L0L,2026-05-28 11:20:55,2026-05-28,PRD-1ANIXW7HG3RP,CLI-D2NPAYEZ4EUC,Transfer,,10245017.94,COP,2561.25,App,,,,Colombia,Cartagena,Approved,00,False,21.74,,
TRX-M8Z57HTRVSEOUZVMBVH7,2026-05-28 06:12:07,2026-05-28,PRD-1FSDWZNBB4VR,CLI-MG4JR9V0OWYH,Purchase,Food,231.46,USD,,ATM,SUC-EN5GYCON,Tienda Don José,Food,México,Querétaro,Approved,00,False,29.9,,
TRX-7H3TSYTJV6ZAQ4RHAZRS,2026-05-28 20:07:59,2026-05-28,PRD-7K27K35A9PUC,CLI-HS9EJNL9YNZB,Purchase,Transport,79.18,USD,,App,,Gasolinera Express,Transport,México,Monterrey,Approved,00,False,0.52,,
TRX-XQ9NC6DGED2IZ0J9VBC5,2026-05-29 04:05:45,2026-05-28,PRD-65GIJL61SMNT,CLI-O0H2Z220P2YH,Payment,Entertainment,1168.71,USD,,POS,,,,México,Guadalajara,Approved,,False,8.31,,
TRX-ZS59KLC51IDRVFPI1FM5,2026-05-29 00:48:38,2026-05-28,PRD-EFH02QJ7JMNS,CLI-3012W2AQMWHC,Withdrawal,,85681.85,ARS,,POS,,,,Argentina,La Plata,Approved,00,False,12.88,-35.5313262,-58.9732969
TRX-KJY0ETIE9GDCULMM072F,2026-05-28 20:12:27,2026-05-28,PRD-PFAGPN6H89DB,CLI-0UZNCHQU7ZMW,Payment,Health,278.52,USD,,ATM,SUC-PJ6NDQ6K,,,México,Guadalajara,Approved,00,False,23.37,,
TRX-VUXVD4X1TKZ4PK4KRZOW,2026-05-28 19:55:34,2026-05-28,PRD-J46IFLNYFIHG,CLI-WZSX9CNH49DO,Deposit,,2196.09,USD,,App,,,,México,Guadalajara,Approved,00,False,,,
TRX-HB4CLF9IQXQ8PJ56YI6K,2026-05-28 09:11:41,2026-05-28,PRD-DMTFOWALMUQA,CLI-MQQUQ9TAIZBY,Payment,Food,43617.63,ARS,124.62,POS,,,,Argentina,La Plata,Approved,00,False,16.05,,
TRX-7E1DRC84P2MGSQNZDL4W,2026-05-29 05:38:24,2026-05-28,PRD-E1B5SGA59YRY,CLI-GIVLFRXDA39B,Purchase,Other,109051.01,ARS,311.57,ATM,SUC-YV8Q78LJ,Tienda General,Other,Argentina,Buenos Aires,Approved,00,False,,,
TRX-IPX86GPGGOQTEI16YRFY,2026-05-28 17:57:31,2026-05-28,PRD-BO7SF9XVCJY6,CLI-V772JCK56EX6,Deposit,,2838.68,USD,,ATM,SUC-ADIYTS49,,,México,Ciudad de México,Declined,14,False,23.61,,
TRX-6MZPQIJYHR1JQE11I2YJ,2026-05-29 02:51:05,2026-05-28,PRD-QL8NIVN000SI,CLI-SKLD8NF7CW3V,Transfer,,10317121.97,COP,,POS,,,,Colombia,Barranquilla,Approved,00,False,7.16,,
TRX-JAGTLKIXVGLT7B4CT5UZ,2026-05-28 10:22:42,2026-05-28,PRD-LL4VWORL44ZN,CLI-6PJHV6YDFJSH,Payment,Services,493.91,USD,,ATM,SUC-DN1V9J1Z,,,México,Querétaro,Approved,,False,5.82,,
TRX-VMKRJ4A950HONVHQCG7T,2026-05-29 01:56:05,2026-05-28,PRD-5NTIR4XC0WXX,CLI-YRSQPAHY2VMR,Payment,Services,817.81,USD,,ATM,SUC-P3KNB4PY,,,México,Ciudad de México,Approved,00,False,18.39,,
TRX-7OGWE5I5E3NJ4BJ67EAQ,2026-05-28 07:22:08,2026-05-28,PRD-CAFUTOCJRJVY,CLI-B2MXYZ234LR1,Deposit,,4119.54,USD,,ATM,SUC-C28AFJAZ,,,México,,Approved,00,False,23.56,,
TRX-WMACSGDJEQRWF40LD849,2026-05-29 05:02:18,2026-05-28,PRD-QTVUYDLXUE7H,CLI-5N5FMRNT7P4I,Payment,Other,1275161.44,COP,318.79,POS,,,,Colombia,,Approved,00,False,0.81,4.6570945,-74.3521927
TRX-TSQHJ3SMSB532OM1JVKX,2026-05-28 08:39:22,2026-05-28,PRD-FE88QN3D9V4Z,CLI-X18TJFG4K3AB,Transfer,,8140.16,USD,,ATM,SUC-BGMBLKDB,,,México,,Reversed,54,False,,0.3288686,0.0600883
TRX-49UT1M9CX8MV31HAPAPQ,2026-05-28 06:48:27,2026-05-28,PRD-2ONZM33QNGNN,CLI-WGPFU6JFIW4L,Transfer,,35811424.89,COP,8952.86,POS,,,,Mexico,Ciudad de México,Approved,00,False,,,
TRX-NMBQDRRMCC6YDZ80H8SA,2026-05-29 05:38:50,2026-05-28,PRD-KEWTI6AGJEA3,CLI-18PAJYTBTCRA,Purchase,Health,38.81,USD,,App,,Óptica Visión,Health,México,Guadalajara,Approved,00,False,5.21,,
TRX-X5FU4T1MEWCJRAZENROI,2026-05-28 22:39:24,2026-05-28,PRD-J3Q00FW3DIUS,CLI-AXQQ9AM36ZO2,Payment,Services,1170.03,USD,,Transfer,,,,México,Querétaro,Approved,00,False,12.24,,
TRX-OXH252PQV8QVXIMNK2JT,2026-05-28 10:40:02,2026-05-28,PRD-DEEOS6WCJBE6,CLI-XPQJT237MDK6,Deposit,,790.4,USD,,POS,,,,México,Ciudad de México,Approved,00,False,14.29,,
TRX-BD29QVOQ6RF8LF8Z2IIW,2026-05-28 06:49:06,2026-05-28,PRD-SZSL0X8ZLUA7,CLI-7ZK8C8O1354Y,Payment,Other,7365828.11,COP,1841.46,POS,,,,Colombia,Medellín,Approved,00,False,18.9,,
TRX-ZK1MUNBKVQKBH4C9E83L,2026-05-28 23:32:39,2026-05-28,PRD-C8HN4J43EK7N,CLI-2975BOMMD9Q3,Transfer,,26648477.65,COP,6662.12,App,,,,Colombia,Cali,Approved,00,False,0.72,,
TRX-6CG1UK1J90KT0BF8D30Y,2026-05-28 23:20:35,2026-05-28,PRD-MFXFX8SLA2TS,CLI-CRCRI9HPQJ9P,Deposit,,4479.37,USD,,Web,,,,México,,Approved,00,False,7.79,,
TRX-RQIK56XQY1CA0KGH5VKZ,2026-05-29 03:18:05,2026-05-28,PRD-QKD0C6VIAQJW,CLI-218F7JK9P8LD,Deposit,,387351.08,ARS,1106.72,ATM,SUC-46JOBFMX,,,Argentina,,Approved,00,False,6.21,-33.7753603,-58.2231796
TRX-SRNGTZ20S9EJQGMKY7YX,2026-05-28 17:37:21,2026-05-28,PRD-9H4WTMO10YMT,CLI-ZQ9ZY6B8GDW0,Transfer,,1874321.94,ARS,5355.21,POS,,,,Argentina,Mendoza,Pending,54,False,26.19,,
TRX-UU1RC120HSQ5UG98G81D,2026-05-29 02:59:37,2026-05-28,PRD-H0B3O8VGIMZ2,CLI-UH4J9MWC177C,Deposit,,2708.16,USD,,App,,,,USA,New York,Pending,14,False,16.71,,
TRX-ZARAU8VDWY1ULLQMAM7W,2026-05-28 09:51:24,2026-05-28,PRD-XVL48EJV8ATZ,CLI-D4X026P0MVS6,Transfer,,6161.01,USD,,POS,,,,México,Puebla,Approved,00,False,28.12,,
TRX-R2T2KJR9F9ANSKG0J2PI,2026-05-28 21:07:53,2026-05-28,PRD-1W1R1PVF0S7V,CLI-F2Q8X0KZIAK9,Withdrawal,,146319.08,ARS,,ATM,SUC-ZVPEMWQP,,,Argentina,Mendoza,Approved,00,False,28.37,,
TRX-R44F7G8ZWDOXPXD39SJD,2026-05-28 19:51:08,2026-05-28,PRD-W4EWMFQR7ENO,CLI-0FV2GD0IZMHY,Purchase,Health,378.8,USD,,ATM,SUC-S49Q0IRI,,Health,México,Querétaro,Approved,00,False,21.09,,
TRX-3BBP7PXQJLAVE1RZJKNI,2026-05-28 12:17:44,2026-05-28,PRD-SSU1HUAJFZ4K,CLI-A8K1FK6HMEP4,Payment,Transport,666255.11,ARS,1903.59,ATM,SUC-OSJVEL9O,,,Argentina,Rosario,Approved,00,False,5.55,,
TRX-HUCH3G7UXEYEJNNEEZHD,2026-05-28 22:03:18,2026-05-28,PRD-5D8CZ3AGSZRI,CLI-JQF9QELXFI8R,Transfer,,737.34,USD,,ATM,SUC-F03D129S,,,México,Querétaro,Declined,54,False,,-0.2778737,0.828127
TRX-8MMF9T2IHRJ113O3BGPQ,2026-05-28 10:13:42,2026-05-28,PRD-HJAZHRJBJ71G,CLI-050BDE79WZLS,Payment,,245.35,USD,,POS,,,,México,,Approved,00,False,13.29,,
TRX-ANSWWFWBFU0646ZELQAA,2026-05-29 00:00:34,2026-05-28,PRD-DWN8YA0BA390,CLI-2J4KWHYJLA4H,Payment,Transport,1718.12,USD,,POS,,,,México,Ciudad de México,Approved,00,False,,,
TRX-053PSY4Z300ITRX59CUE,2026-05-29 03:42:41,2026-05-28,PRD-E88MICDJM8UX,CLI-FE1M436E64TS,Purchase,Services,31813.43,ARS,90.9,POS,,Servicios Públicos,Services,Argentina,Mendoza,Approved,00,False,8.57,,
TRX-OPZB6QBEOQ13XD7VQ8D7,2026-05-28 17:56:29,2026-05-28,PRD-DK4V1EHHVISR,CLI-JX4H9F7YTZAT,Deposit,,327.12,USD,,ATM,SUC-XV1N3YM9,,,México,Monterrey,Approved,00,False,,,
TRX-SQJB7B2UZFR8PJ207GUB,2026-05-28 22:54:05,2026-05-28,PRD-BX6DCJNNFFUH,CLI-27NEP666JKYC,Withdrawal,,107.79,USD,,ATM,SUC-7SL55GEJ,,,México,Guadalajara,Approved,00,False,18.58,,
TRX-FL5FXW8TSNZKTOMJV0W2,2026-05-29 03:28:19,2026-05-28,PRD-ZWXBDV2ZR05P,CLI-B73P00Z3T16C,Transfer,,37774826.67,COP,9443.71,App,,,,Colombia,Barranquilla,Approved,00,False,14.47,,
TRX-P27JDKIVEW7VR0G6O7AF,2026-05-28 20:02:00,2026-05-28,PRD-TU1LPK5DZU58,CLI-YXG2N7VP9T8O,Transfer,,8565.96,USD,,POS,,,,México,Ciudad de México,Approved,00,False,18.68,,
TRX-TEDEHXGJ8VFBZKICH6YR,2026-05-29 00:37:52,2026-05-28,PRD-VNU4C45NRGKN,CLI-44H83EN90P6O,Transfer,,659613.36,ARS,1884.61,ATM,SUC-D4W8JR4A,,,Argentina,La Plata,Approved,00,False,8.54,,
TRX-QA08QERR0GYQ0L7IVAK7,2026-05-28 07:56:27,2026-05-28,PRD-G5R3G0CNWJ61,CLI-S336CIBUPCVQ,Transfer,,752.63,USD,,Web,,,,México,Guadalajara,Approved,00,False,18.66,,
TRX-UB8JMMIKZG6UD2N16BAZ,2026-05-28 13:19:25,2026-05-28,PRD-070GHESTGQGZ,CLI-XGIEB5TPW605,Transfer,,2464507.52,ARS,7041.45,ATM,SUC-0N077NAM,,,Argentina,La Plata,Approved,00,False,19.47,,
TRX-GNN83V00Q55CMOTRTDGR,2026-05-28 22:40:01,2026-05-28,PRD-0N9524W83TF6,CLI-BCIYCKS2L9VF,Transfer,,23175984.6,COP,5794.0,Transfer,,,,Colombia,Bogotá,Approved,,False,,,
TRX-NX6WW45U78AETRLP6XZK,2026-05-29 05:08:42,2026-05-28,PRD-VU7MO4K13SLO,CLI-GKZEBRSPAK6A,Deposit,,11170146.77,COP,2792.54,App,,,,Colombia,Cartagena,Approved,00,False,21.83,,
TRX-ZAR98OC385EWSXVJNCIP,2026-05-28 09:55:55,2026-05-28,PRD-9KMEU7HUXDE9,CLI-QDKZRSWSH3SF,Purchase,Other,438.09,USD,,POS,,Ferretería,Other,Mexico,Ciudad de México,Approved,00,False,26.19,-0.7321448,-0.3503754
TRX-V14TH0KYKFZ2NP2YQAEY,2026-05-28 08:46:52,2026-05-28,PRD-ZE8F0SX0JJ5V,CLI-JXDRLWW83OSU,Payment,Health,1642983.87,COP,410.75,ATM,SUC-4BEKYT6U,,,Colombia,,Approved,00,False,13.4,,
TRX-EYQ6JNG9BAXGW447WM6E,2026-05-28 06:50:50,2026-05-28,PRD-6WBPQ2QRMFK2,CLI-T4M95K7HWJRB,Payment,,1510.72,USD,,App,,,,México,Guadalajara,Approved,00,False,8.37,,
TRX-SE3HPWWN1G6ZEYNUWGAI,2026-05-28 16:25:43,2026-05-28,PRD-0PJ2D45UOBVF,CLI-3ITDXINT0M1F,Withdrawal,,359.04,USD,,Web,,,,México,Ciudad de México,Approved,00,False,22.86,,
TRX-8REFN4628II54DYBM9E9,2026-05-28 10:31:30,2026-05-28,PRD-LAH6YWH8UJAK,CLI-9CJR6IW65N7W,Transfer,,1641856.78,ARS,4691.02,App,,,,Argentina,Mendoza,Approved,00,False,5.5,,
TRX-SLTI8CLGTK9ULI90VEJ4,2026-05-28 12:09:37,2026-05-28,PRD-EDJC9LLTC5QJ,CLI-Q3N1QCRVJORN,Purchase,Food,108685.5,ARS,310.53,POS,,Tienda Don José,Food,Argentina,Rosario,Declined,14,False,29.14,-35.4225518,-58.4418582
TRX-64BAOIVI6XJLJMNCDCHC,2026-05-28 19:52:20,2026-05-28,PRD-CN4LKZV9QU3M,CLI-53QSNHGHDOEX,Purchase,Entertainment,480.08,USD,,POS,,Streaming Music,Entertainment,Colombia,,Approved,00,False,26.66,5.4340895,-74.8537633
TRX-00KB1GHSA7NVKE3INBXQ,2026-05-28 08:05:42,2026-05-28,PRD-6F4SGJRPAHJ8,CLI-JMGCT32PBQNP,Transfer,,3009.27,USD,,POS,,,,México,,Approved,00,False,20.79,-0.089258,-0.291723
TRX-XZH1O5LP89ZUJ134WYYO,2026-05-29 04:50:19,2026-05-28,PRD-VY19J7Y2O3R6,CLI-B9MQWTOJ67SU,Purchase,,59.56,USD,,App,,Tienda Don José,Food,México,Guadalajara,Approved,00,False,,,
TRX-8SZ46ASVASZYBM0PQQ2V,2026-05-28 12:43:46,2026-05-28,PRD-WK2LWDJ8PROY,CLI-RI6IAEE2Q5ZL,Transfer,,8655.79,USD,,Web,,,,Argentina,Mendoza,Approved,,False,16.24,,
TRX-ZIR1CJP4FAIQDIAK7UYJ,2026-05-28 21:31:17,2026-05-28,PRD-Q9U14DXNRMXR,CLI-WRUUOWXJI5HD,Purchase,Food,199.51,USD,,App,,Mercado Central,Food,México,Guadalajara,Approved,00,False,14.5,,
TRX-2DQUPW9YWN1E0SMFQK7U,2026-05-28 18:49:06,2026-05-28,PRD-9VQXIWO9CMR2,CLI-A1GRMSUKB8O3,Purchase,Services,309.46,USD,,Web,,Cable TV,Services,México,Puebla,Approved,00,False,5.46,,
TRX-WKKKMSGZT90RIY3KTQUA,2026-05-28 06:29:35,2026-05-28,PRD-QFN1V5XVU349,CLI-UW2SDO6FSM1D,Withdrawal,,76019.42,ARS,217.2,App,,,,Argentina,La Plata,Approved,00,False,1.45,,
TRX-70JZ836EYKQHIXCLPLCR,2026-05-28 22:48:37,2026-05-28,PRD-G8NXN6YYRRSB,CLI-DU3D1D3X4Q6C,Payment,Transport,1412.07,USD,,ATM,SUC-WSSLNOPN,,,México,Monterrey,Approved,,False,20.74,,
TRX-MV2P16B4NPWROPU491T1,2026-05-28 21:04:01,2026-05-28,PRD-BOAO4YD5YE1W,CLI-46YHRBPL2QON,Withdrawal,,503274.99,COP,125.82,POS,,,,Colombia,Barranquilla,Approved,00,False,0.97,5.0250168,-73.33832
TRX-5SLSN9AB3XRUY49KUZXQ,2026-05-29 03:59:01,2026-05-28,PRD-0HK4EYT4DT2Y,CLI-TXGBIYGQ0XKS,Purchase,Other,477.25,USD,,ATM,SUC-74OJEV5Z,Tienda General,Other,México,Puebla,Declined,54,False,1.12,-0.8294767,
TRX-5H5KYC72BGXO92T91DBL,2026-05-28 10:10:53,2026-05-28,PRD-E6UDPP4AAOP0,CLI-9SAA37QRGZKO,Transfer,,23585951.51,COP,5896.49,Web,,,,Colombia,Cali,Approved,00,False,,,
TRX-UPAKB3N2283QDV9JEU6B,2026-05-29 02:46:27,2026-05-28,PRD-BGJRJ2U4CXBO,CLI-K97I6WLHO6PF,Adjustment,,631.71,USD,,App,,,,México,Guadalajara,Approved,00,False,27.49,,
TRX-9JSS6OZ975TNHMEKEBDI,2026-05-28 13:53:44,2026-05-28,PRD-E0WNQ88T5OU1,CLI-GPGVIPU3PDKF,Transfer,,3880.25,USD,,App,,,,México,Tijuana,Approved,00,False,18.38,,
TRX-SD7HII9AQKTDIJLIPT0A,2026-05-28 07:42:26,2026-05-28,PRD-8OMSN9A849BD,CLI-XC7EA6YVSCK4,Deposit,,2480.09,USD,,Transfer,,,,México,Puebla,Approved,00,False,17.59,,
TRX-ZBH1GCQM3OQWI1AMLY6J,2026-05-28 13:52:00,2026-05-28,PRD-FRSM26Z3ZPZ8,CLI-SEUF07Z8CBSO,Payment,Food,194146.8,ARS,554.71,ATM,SUC-BMVBUHCL,,,Argentina,La Plata,Approved,00,False,28.05,,
TRX-GJQVL90KXPXX2DY02F2J,2026-05-28 12:22:57,2026-05-28,PRD-SB9L427XI4N9,CLI-7MDK249IDPTU,Transfer,,3412.57,USD,,ATM,SUC-7SL55GEJ,,,México,Ciudad de México,Approved,00,False,28.83,,
TRX-B3TPEW0AYR83ORT4IPBI,2026-05-29 02:58:57,2026-05-28,PRD-6SXSQMES4K5O,CLI-RHQZUTVPSE11,Transfer,,7418.18,USD,,POS,,,,Brazil,,Approved,00,False,12.24,,
TRX-RGY3JR6E0BMJ9L5L45JM,2026-05-28 17:15:48,2026-05-28,PRD-ZZAIYPB9TSTT,CLI-PRH3MN3WYAGV,Withdrawal,,1772812.64,COP,443.2,App,,,,Colombia,Bogotá,Approved,00,False,20.52,,
TRX-M3KP99V88IEM830YHRNE,2026-05-28 20:12:26,2026-05-28,PRD-7KWI0NBBGN4S,CLI-UP7JHQVSXA6U,Purchase,Transport,919877.19,COP,229.97,ATM,SUC-5AXOWGN3,,Transport,Colombia,Barranquilla,Approved,00,False,25.5,,
TRX-QAGSUJCUMD9JXJYA3EOS,2026-05-29 01:22:44,2026-05-28,PRD-XRQ8QBNHHL9P,CLI-BHZSO5E7GOV8,Purchase,Health,370.09,USD,,POS,,Laboratorio Central,Health,México,,Approved,00,False,,,
TRX-IYOZ6S2NHSYUCOS6THUI,2026-05-28 10:20:23,2026-05-28,PRD-ISRI55E5FUX8,CLI-MSHJHIISPXOF,Deposit,,3908.79,USD,,Transfer,,,,México,Ciudad de México,Approved,00,False,14.19,,
TRX-WL2LKOV390BYF1BQ9431,2026-05-28 13:34:09,2026-05-28,PRD-1375G62PEBZI,CLI-S87UXY5FCO9A,Payment,Entertainment,326.52,USD,,Transfer,,,,México,Puebla,Approved,00,False,22.13,,
TRX-OXOMLLMWUCUFUSKXUIMM,2026-05-28 07:38:28,2026-05-28,PRD-P3A8NFAJNU9U,CLI-TEZLUA4NOXTT,Withdrawal,,84.31,USD,,ATM,SUC-S3V4CSL0,,,México,Monterrey,Approved,00,False,3.43,,
TRX-1MK2HUDO59PGRK7XWBZH,2026-05-28 11:25:19,2026-05-28,PRD-QR1Q123YRCNO,CLI-R39D0OCWP2RF,Payment,Health,595528.9,ARS,1701.51,App,,,,Argentina,La Plata,Approved,00,False,11.0,,
TRX-TGO8HMDG5YOL0BTHYWE3,2026-05-29 00:30:36,2026-05-28,PRD-XH2YFVN65380,CLI-XYN259B7LMX6,Payment,Food,294006.25,ARS,840.02,App,,,,Argentina,Mendoza,Declined,54,False,25.6,,
TRX-KM1USPH8LYR0P0H0JTSS,2026-05-28 07:59:54,2026-05-28,PRD-7LPNJGYD684A,CLI-G10HPJOM0X32,Payment,Entertainment,175.48,USD,,ATM,SUC-RDJC9IH3,,,México,Monterrey,Approved,00,False,27.42,0.1978995,0.7923197
TRX-DDSCQW85ORLSK5V2ME9I,2026-05-28 21:33:17,2026-05-28,PRD-WQ5LAI3U586P,CLI-TV643ROJ94TI,Transfer,,32934697.1,COP,8233.67,Web,,,,Colombia,Cali,Approved,00,False,17.97,,
TRX-6V8TV7SASZXKV5VG5T2P,2026-05-28 14:55:09,2026-05-28,PRD-P67I2HOXJQ7O,CLI-NMXQ6YTO3QHQ,Payment,Food,1550.12,USD,,POS,,,,México,Querétaro,Approved,00,False,,,
TRX-60E7HMTPDIY9KYQ55B82,2026-05-29 02:48:34,2026-05-28,PRD-UKLOKQ9VITYJ,CLI-VBQ60AUI3NSM,Purchase,Entertainment,41235.59,ARS,117.82,App,,Cine Premium,Entertainment,Argentina,Córdoba,Approved,00,False,27.94,,
TRX-4ER44N5FYGYRVJV5TOEX,2026-05-28 07:43:45,2026-05-28,PRD-EZBCMOZ6BYMX,CLI-X5LK7YES52KQ,Withdrawal,,317.4,USD,,App,,,,México,Querétaro,Approved,00,False,25.68,,
TRX-HLH5G39AFAPSCDKG4N31,2026-05-28 11:48:23,2026-05-28,PRD-VKWJISFGWCEO,CLI-H60J0M8WQEZH,Withdrawal,,102.97,USD,,POS,,,,México,Querétaro,Approved,00,False,,,
TRX-MELX4TSNIYK53L54CGU7,2026-05-28 21:23:35,2026-05-28,PRD-73YMLWYN3IDI,CLI-FHBIA9BW0XRE,Purchase,Services,1607948.26,COP,401.99,POS,,Empresa Telefónica,Services,Colombia,Medellín,Approved,00,False,21.93,5.5079963,-73.3302239
TRX-ELLMR1WI9V4KFUPBL9EX,2026-05-28 16:18:20,2026-05-28,PRD-N2K2WZRAS2BW,CLI-RJMMNZMD2SWH,Deposit,,7508968.31,COP,1877.24,Web,,,,Colombia,Cali,Approved,00,False,16.33,,
TRX-5NNGSJ716N00NF5CEFBK,2026-05-29 03:05:30,2026-05-28,PRD-SWF9SK3DJXMF,CLI-PL55LY57ZBSG,Deposit,,11487309.72,COP,2871.83,ATM,SUC-UJA1ZE8Q,,,Colombia,Medellín,Approved,00,False,25.63,,
TRX-1JIWS7RQWKSWEQN2YPIF,2026-05-28 21:08:12,2026-05-28,PRD-JTSLTIKDQNIA,CLI-6KXJFJTWBBN2,Transfer,,7574.57,USD,,Web,,,,México,Puebla,Approved,00,False,24.06,,
TRX-4327PWE5P43JIED6DK9X,2026-05-28 06:14:43,2026-05-28,PRD-DRAMW66NOS91,CLI-MZDURXYOOW0A,Deposit,,1126926.7,ARS,3219.79,App,,,,Argentina,Mendoza,Declined,51,False,14.05,,
TRX-BS6XUB0OVVCBQORX0QLG,2026-05-29 00:42:38,2026-05-28,PRD-8ERYDCLJYDAF,CLI-E2JKB90G6YI5,Transfer,,6177.48,USD,,ATM,SUC-T4RE29NP,,,México,Tijuana,Approved,00,False,,0.6713604,-0.6434891
TRX-LYCWUMDLWQNQLQZGMG3K,2026-05-29 05:57:26,2026-05-28,PRD-4JRYM9Z6VOXL,CLI-7JUHJ7AFHBP8,Payment,Entertainment,954.95,USD,,Web,,,,México,Querétaro,Approved,00,False,,,
TRX-WF7K4Y4PT7SZ803TVUQC,2026-05-28 08:11:31,2026-05-28,PRD-JA003YZRBSWR,CLI-XABOFDN385G8,Purchase,Food,13.27,USD,,Web,,Mercado Central,Food,Colombia,Medellín,Approved,00,False,3.36,,
TRX-VY3XUALVGISG701879JO,2026-05-29 00:42:45,2026-05-28,PRD-2BJGWRN1L6FJ,CLI-II458DE4FCVY,Purchase,Food,145.93,USD,,ATM,SUC-6RHR3MME,Tienda Don José,Food,México,Puebla,Approved,00,False,2.34,,
TRX-EU09QB28O2V4ATD4P8UH,2026-05-29 00:14:45,2026-05-28,PRD-9TNPW7HV1UTX,CLI-XQTV3OUO2S2C,Transfer,,3833.62,USD,,POS,,,,México,Monterrey,Approved,00,False,25.93,-0.6036867,0.2095447
TRX-7K6JZE3OSFH68TH7WWVI,2026-05-28 12:44:47,2026-05-28,PRD-X9GOJMWEYU17,CLI-KPZWXEUZXTQM,Transfer,,1963461.75,ARS,5609.89,POS,,,,Argentina,Mendoza,Approved,00,False,5.69,,
TRX-806BYA69W00P9HGY84UY,2026-05-28 11:20:15,2026-05-28,PRD-578IXKY58MEQ,CLI-UOWLS7N1DQZ4,Deposit,,9961026.56,COP,2490.26,POS,,,,Colombia,Bogotá,Approved,00,False,13.1,,
TRX-SJ6BG6D5QCU597AZOTP6,2026-05-28 08:47:57,2026-05-28,PRD-74XRVJ3NHCP0,CLI-6880UQ8Q0F4U,Payment,Services,1750.47,USD,,POS,,,,México,Ciudad de México,Approved,00,False,21.47,,
TRX-3IVW5Y5U4F40VVIDIE6C,2026-05-28 15:08:48,2026-05-28,PRD-GXZIPW1U9VJP,CLI-AT9SQXNQB0D9,Deposit,,4296.44,USD,,Web,,,,México,Monterrey,Approved,00,False,29.18,,
TRX-NP1E06W8XYELB108UPKO,2026-05-29 02:14:06,2026-05-28,PRD-AD6KITVB1SN6,CLI-W4T3GWTN2JV0,Purchase,Services,15781.67,ARS,45.09,ATM,,Empresa Telefónica,Services,Argentina,Mendoza,Approved,00,False,1.02,-35.2873076,-58.9126117
TRX-3LF0BWW3E5SJ9R5VAWS0,2026-05-28 09:31:02,2026-05-28,PRD-3NX4Y6C2VESW,CLI-OPQW90F0TK6C,Transfer,,2227.38,USD,,ATM,SUC-RZNFZDVW,,,México,Querétaro,Approved,00,False,,,
TRX-0VGEOLF6R83M0CSOA73L,2026-05-28 07:40:47,2026-05-28,PRD-JML5VX2X3RV8,CLI-81D2HRVRFK7J,Deposit,,3377.72,USD,,ATM,SUC-CGL8D37U,,,México,Monterrey,Approved,00,False,1.38,-0.4488138,-0.8889944
TRX-8IZT2ICQUR3EL5ENKGUD,2026-05-29 03:54:53,2026-05-28,PRD-ABCW505FU5ZH,CLI-XNJIBXRF244T,Purchase,Services,163565.68,ARS,467.33,POS,,Empresa Telefónica,Services,Argentina,Córdoba,Approved,00,False,8.56,,
TRX-1BGUJB9HVO56YXTU7YSU,2026-05-28 19:07:39,2026-05-28,PRD-0ZOLIOG3721J,CLI-RUAV5M41FZJN,Withdrawal,,294.56,USD,,POS,,,,México,Querétaro,Approved,00,False,1.67,,
TRX-0NKI3AAFZC44T2PKC6EZ,2026-05-29 02:39:55,2026-05-28,PRD-YUDPQ62MO3P2,CLI-IXSCUW51J90G,Adjustment,,239144.84,ARS,683.27,POS,,,,Argentina,Buenos Aires,Declined,05,False,11.31,-35.3781017,-58.5250518
TRX-CNNK0A6WR83FMGFXXLFY,2026-05-29 03:03:06,2026-05-28,PRD-ZZXHWHBRVP6K,CLI-YESIZ28LUODH,Payment,Entertainment,1261.88,USD,,POS,,,,México,,Approved,00,False,19.34,,
TRX-6HIB9PSCHL2I631FH1BN,2026-05-28 17:38:17,2026-05-28,PRD-YQ6ZYQ1FK7B8,CLI-FBLY5WGAGAKJ,Withdrawal,,378.64,USD,,ATM,SUC-S49Q0IRI,,,México,Puebla,Approved,00,False,18.63,,
TRX-JX39YINCQB6US1S70JLZ,2026-05-28 16:21:49,2026-05-28,PRD-SQ44FASQD4P2,CLI-09ACQBKF3L5N,Withdrawal,,254.27,USD,,POS,,,,USA,Houston,Reversed,14,False,3.88,-0.6792944,-0.7499651
TRX-HU8EJ6UDZ15K35DXI04S,2026-05-28 20:37:41,2026-05-28,PRD-EULR46EHVZF4,CLI-LB7FQXRF1QFD,Payment,Transport,7396137.5,COP,1849.03,ATM,SUC-XV4BJ541,,,Colombia,Bogotá,Approved,00,False,17.41,4.5120519,-74.2487906
TRX-BE3SGPTDRQ8XW9DPRUUG,2026-05-29 05:18:21,2026-05-28,PRD-NIIRF0K5T0TF,CLI-IH3JRFP8Y4R8,Purchase,Transport,34.14,USD,,ATM,SUC-TVNO2KL5,,Transport,México,Ciudad de México,Approved,00,False,26.01,,
TRX-7LIK49CU4Q8DZ0TSWOL0,2026-05-28 10:04:32,2026-05-28,PRD-GP0L56QP5ZPZ,CLI-2LSXSMISFPTY,Transfer,,11831598.86,COP,2957.9,Web,,,,Colombia,Medellín,Approved,00,False,17.31,,
TRX-5WVV8LB7Y8BDIIR4K5K6,2026-05-28 09:16:49,2026-05-28,PRD-0OW0S0UPBKKH,CLI-MI4ANOUCO7D1,Purchase,Services,1141473.12,COP,285.37,POS,,Cable TV,Services,Colombia,Barranquilla,Declined,51,False,20.68,,
TRX-1AFOW5IGMF97Q7DQEPLS,2026-05-28 19:38:35,2026-05-28,PRD-UXZ3NTF90NCH,CLI-SB8Q5OPXM42J,Purchase,Entertainment,356.41,USD,,App,,Conciertos Live,Entertainment,México,Monterrey,Approved,00,False,8.0,,
TRX-CKSODS0QF6QH7UK80WVY,2026-05-29 01:19:29,2026-05-28,PRD-MQEF7KX2GKLJ,CLI-1KN4N7VHID3D,Deposit,,3950.65,USD,,Web,,,,México,Guadalajara,Approved,00,False,12.84,,
TRX-Q72CFEL16E19AODYH315,2026-05-28 07:11:59,2026-05-28,PRD-LBQ7KWX9XXEH,CLI-X1X3LWBUDEJL,Purchase,Entertainment,276.01,USD,,POS,,Teatro Nacional,Entertainment,México,Tijuana,Approved,00,False,16.32,,
TRX-O9ZCH3QX8CURPMGFAZ1N,2026-05-28 17:27:11,2026-05-28,PRD-Y3FI9QM2R384,CLI-FYXN1PMJ9MMB,Deposit,,538232.73,ARS,1537.81,App,,,,Argentina,Mendoza,Approved,00,False,,,
TRX-LC39KBWP9EKN21Y6HNFG,2026-05-28 20:18:03,2026-05-28,PRD-7POBBRQRQ72D,CLI-E47J34J53HT6,Transfer,,4035.12,USD,,App,,,,México,Monterrey,Approved,00,False,16.22,,
TRX-29BNX3RQ1FM0Q8YBGZEE,2026-05-28 15:55:31,2026-05-28,PRD-D84BAA8ICP90,CLI-TG49NSFQIPUI,Purchase,Food,584259.6,COP,146.06,POS,,Mercado Central,Food,Colombia,Cartagena,Approved,00,False,22.22,,
TRX-MXKMNMRW2LRWGFG67X5A,2026-05-29 02:20:49,2026-05-28,PRD-YUITBX4XU043,CLI-9XM0S7S5Y53O,Deposit,,1558072.58,ARS,4451.64,ATM,SUC-KHBP7W0V,,,Argentina,Buenos Aires,Approved,00,False,6.3,,
TRX-2YW6UXCRAF5VW9RGBD2X,2026-05-29 00:10:23,2026-05-28,PRD-AVSX8I0O2V9Q,CLI-TQ8NM1KSAXR9,Transfer,,704424.68,ARS,2012.64,POS,,,,Argentina,Buenos Aires,Approved,00,False,27.07,-34.8243824,-57.5152743
TRX-TS4D5D85ZAFHW6ZRWUSP,2026-05-29 00:32:15,2026-05-28,PRD-4SIZ51JMB5NU,CLI-NDAHD24NRUT0,Transfer,,3685.12,USD,,POS,,,,México,Ciudad de México,Approved,00,False,29.24,-0.5115702,-0.2701646
TRX-EGVY590B3KAL6QVPOGZ1,2026-05-28 13:39:17,2026-05-28,PRD-2EGWKCEHMNNM,CLI-UF7HAKE9V2X1,Transfer,,2693.39,USD,,POS,,,,México,Monterrey,Approved,00,False,5.1,-0.8911321,0.8877445
TRX-QLHMP9X73GVYA29KML9V,2026-05-28 15:27:50,2026-05-28,PRD-IWWWAKZ7XR49,CLI-80WDJ56OTRP6,Deposit,,3723.25,USD,,POS,,,,México,Puebla,Approved,00,False,,,
TRX-7W4RG224OV1P5TXPKC4W,2026-05-28 10:26:35,2026-05-28,PRD-5JDHWOQWL4X4,CLI-E3RRVN8KJKT0,Payment,Food,992.77,USD,,ATM,SUC-H2ROE7C8,,,Colombia,Medellín,Approved,00,False,11.68,,
TRX-3RH3MD1ZV1FHDMMJMIMM,2026-05-28 23:40:10,2026-05-28,PRD-UBBR3QTHLFUF,CLI-1JM4NHVLNYO0,Deposit,,4276.6,USD,,Transfer,,,,México,Querétaro,Approved,00,False,28.95,,
TRX-XZHQDFSD1P5DFSDFCNQU,2026-05-28 16:27:14,2026-05-28,PRD-MLZHYHN8RZAH,CLI-S8D2ESLKIKHF,Purchase,Entertainment,1941912.32,COP,,ATM,SUC-4BEKYT6U,Streaming Music,Entertainment,Colombia,Cali,Approved,00,False,,,
TRX-3801JHV6G0B83X8QP1Q8,2026-05-29 01:39:26,2026-05-28,PRD-WYWNI2GKNXFL,CLI-TR12U3SHU0SY,Deposit,,19766083.61,COP,4941.52,Web,,,,Colombia,Cali,Approved,00,False,,,
TRX-58X1TVPW7B27WGMPRSZA,2026-05-28 11:05:43,2026-05-28,PRD-RSVQGRW3VUVH,CLI-HROKVR8HX4BP,Withdrawal,,412.23,USD,,POS,,,,México,Ciudad de México,Approved,00,False,10.73,,
TRX-486IBFXNLCZ06BXUIKRX,2026-05-28 10:37:53,2026-05-28,PRD-5B5NNPTL9L8X,CLI-U9CTQAQ2NBU6,Transfer,,32445397.8,COP,8111.35,ATM,SUC-O4G07J7I,,,Colombia,Bogotá,Approved,00,False,3.59,4.1651744,-73.2606226
TRX-W5PC6ASGV9D6T17SOIKL,2026-05-29 00:56:49,2026-05-28,PRD-MKUR2PL5NOYE,CLI-56ZGCLR0HZIR,Transfer,,23747770.82,COP,,Branch,SUC-A4SSWF0H,,,Colombia,Medellín,Approved,,False,7.88,,
TRX-15VR7T4F1XGFSMOZV0XH,2026-05-29 02:03:04,2026-05-28,PRD-DIW0PDCYD6PN,CLI-HMMHCGV4OC1W,Purchase,Entertainment,631513.18,COP,157.88,ATM,SUC-0KBWS25U,Conciertos Live,Entertainment,Colombia,Barranquilla,Approved,00,False,10.86,,
TRX-3D9ROK1JYUQBHDF9XJ1Z,2026-05-28 23:36:56,2026-05-28,PRD-OFDHPQPRR8RU,CLI-K633KBCKOPGZ,Deposit,,2630.43,USD,,Web,,,,México,Puebla,Approved,00,False,12.84,,
TRX-FPMDJEQZ1MVUOHCLUSRH,2026-05-28 18:07:30,2026-05-28,PRD-MPT0A2FGVV5A,CLI-1Y4EFWF8GB7Q,Purchase,Other,190.08,USD,,POS,,Centro Comercial,Other,México,Tijuana,Approved,00,False,7.65,,
TRX-EMVRTNCE3EEXBDFTWP95,2026-05-28 08:19:24,2026-05-28,PRD-PF8A36E2EUBL,CLI-IPCFDNYND7RN,Purchase,Services,1715544.29,COP,428.89,Web,,Servicios Públicos,Services,Colombia,Barranquilla,Approved,00,False,22.38,,
TRX-G7TGWGFBJT9G3VFNRJS3,2026-05-29 01:59:08,2026-05-28,PRD-HK062KVO1QVB,CLI-0QJVQ1Y9TQ6L,Purchase,Entertainment,742230.33,COP,185.56,POS,,Teatro Nacional,Entertainment,Colombia,Barranquilla,Approved,00,False,,,
TRX-BEA5P036ZY9YOH5YZFTZ,2026-05-28 09:31:19,2026-05-28,PRD-A6766H85NZ0G,CLI-26EFXN5WK1JI,Withdrawal,,1028211.4,COP,257.05,App,,,,Colombia,Medellín,Approved,00,False,9.35,,
TRX-I0S5DDU67KAJS0DSXLZF,2026-05-28 06:34:58,2026-05-28,PRD-HHS6ZWRGTNJN,CLI-DS90I96K9ZR7,Deposit,,8718081.56,COP,2179.52,POS,,,,Colombia,Bogotá,Approved,00,False,20.69,,
TRX-DHWTUUO79M2M6LVGF5IR,2026-05-28 17:57:26,2026-05-28,PRD-VP240Q4JW0EU,CLI-WPLD5318PMLN,Deposit,,450824.51,COP,112.71,Transfer,,,,Colombia,Bogotá,Approved,00,False,13.79,,
TRX-S5T36W0YXORE2333VTX8,2026-05-28 21:52:45,2026-05-28,PRD-Q7PV85I19UYZ,CLI-ZFR5IWP4M1YD,Withdrawal,,120721.65,ARS,344.92,Web,,,,Argentina,Mendoza,Approved,00,False,9.53,,
TRX-L2A0VD3IDLZNJR0O2EA2,2026-05-28 18:11:30,2026-05-28,PRD-UBTTT28W1M3T,CLI-GT7K4ILDERJP,Withdrawal,,18933.84,ARS,54.1,ATM,SUC-7TUK3JBL,,,Argentina,Buenos Aires,Approved,00,False,1.91,-33.8802434,-58.3218972
TRX-36PUMUMU2GZI2SAO2XQU,2026-05-29 02:06:32,2026-05-28,PRD-VN48Z54NKV7W,CLI-43NA74CZ01HA,Withdrawal,,1055673.6,COP,263.92,POS,,,,Colombia,Barranquilla,Approved,00,False,,4.0586514,-74.4264422
TRX-BDCFUC1XAKEZ2A89KALP,2026-05-28 10:20:28,2026-05-28,PRD-0UNLD9XD17CO,CLI-QTA5HXI61KH4,Transfer,,1809180.39,ARS,5169.09,App,,,,Argentina,Mendoza,Approved,00,False,2.91,,
TRX-F6P8T61SQ869V3B8V3JF,2026-05-28 12:17:31,2026-05-28,PRD-QNCYRID43QBL,CLI-OT6NIWX2H8KI,Deposit,,571446.42,ARS,1632.7,POS,,,,Argentina,Buenos Aires,Approved,00,False,27.35,,
TRX-73KDBJBTVMSE8HDA64DR,2026-05-28 08:35:02,2026-05-28,PRD-M32ZT31JN1CS,CLI-Q7KEAXBRE619,Withdrawal,,250.72,USD,,POS,,,,México,Puebla,Approved,00,False,17.53,,
TRX-YEKDU42LXSQWZW3JVMSB,2026-05-28 19:02:38,2026-05-28,PRD-NXB8VHV4XIFT,CLI-MVGAW9PDK19J,Withdrawal,,1674087.25,COP,418.52,POS,,,,Colombia,Barranquilla,Approved,00,False,10.34,,
TRX-BE20HOR509O86MF4U7YE,2026-05-28 09:46:50,2026-05-28,PRD-F57LRHBXXYRN,CLI-FX956TREPLH0,Withdrawal,,1847066.24,COP,461.77,ATM,SUC-4OOB7ZFR,,,Colombia,Medellín,Approved,00,False,27.77,,
TRX-EAHZPAQDIR7WLOUU7KGQ,2026-05-29 00:46:56,2026-05-28,PRD-YD3B926967MT,CLI-4F73R37HKNF7,Purchase,Services,48378.11,ARS,138.22,POS,,Servicios Públicos,Services,Argentina,Rosario,Approved,00,False,13.28,,
TRX-VUFOOJ9V1BW6LLTCRNQ2,2026-05-28 18:38:41,2026-05-28,PRD-593RSA9908QJ,CLI-RAN573O6VHHP,Purchase,Entertainment,389075.89,COP,97.27,POS,,Teatro Nacional,Entertainment,Colombia,Bogotá,Approved,00,False,24.51,5.276296,-73.0792086
TRX-3K4KDRUIG36Z7U9HABU5,2026-05-28 14:53:26,2026-05-28,PRD-W1KK10UU3SE3,CLI-0AFN6N5ZMPRO,Deposit,,2309.55,USD,,ATM,SUC-FV69BGCV,,,México,,Approved,00,False,15.84,,
TRX-22BQRRP3KFEL2KXJE1X3,2026-05-28 11:35:31,2026-05-28,PRD-CBTJMXKYUTZN,CLI-4CK6T7JPAY5W,Purchase,Other,454.85,USD,,ATM,SUC-349TR6OC,Centro Comercial,,México,Tijuana,Approved,00,False,11.57,-0.6069152,0.8448992
TRX-5ZD8RSWUO9I73DT03YHU,2026-05-28 20:37:16,2026-05-28,PRD-5H3GAKSG8NUD,CLI-R0TUHVR4ZE9Y,Deposit,,2652.48,USD,,ATM,SUC-PJ6NDQ6K,,,México,Puebla,Approved,00,False,28.83,-0.5897493,-0.2537299
TRX-397MTGVDPC9DEB7A0PQN,2026-05-28 14:05:14,2026-05-28,PRD-5R10547RSTQB,CLI-DNRR1RV2UK74,Deposit,,3291.92,USD,,POS,,,,México,Monterrey,Approved,00,False,0.42,-0.3263447,0.3339755
TRX-WG31UKIUYEAT8514O9IV,2026-05-28 08:40:25,2026-05-28,PRD-NB7BTQFHJ6AX,CLI-B1IE9TQPAB4L,Deposit,,3262.15,USD,,ATM,,,,México,,Approved,00,False,,,
TRX-0P8KG8IWBTKHFQPFXQ05,2026-05-28 13:53:37,2026-05-28,PRD-A9Z82VU82MW4,CLI-H42C8S8LBIFL,Purchase,Transport,129306.96,ARS,369.45,Web,,Gasolinera Express,Transport,Argentina,Buenos Aires,Approved,00,False,,,
TRX-5JTAEL5Q3N698UNENZ1V,2026-05-28 12:07:48,2026-05-28,PRD-ITV8ISWDNB6G,CLI-1DPRAA4CWOUJ,Transfer,,1850376.09,COP,462.59,POS,,,,Colombia,Cali,Declined,05,False,,,
TRX-XNB0GEINAFQSVCE3A3H2,2026-05-29 03:28:11,2026-05-28,PRD-OIPBIWONL1DB,CLI-4WHMF989PJZZ,Payment,Services,537.62,USD,,POS,,,,México,Ciudad de México,Approved,00,False,,,
TRX-1996U946ZWHHWL5MPYOC,2026-05-28 16:55:42,2026-05-28,PRD-GFDARX6I8MCG,CLI-FG47NL8W5AEJ,Withdrawal,,56.18,USD,,POS,,,,México,Monterrey,Approved,00,False,7.1,,
TRX-D0MMAC4B7M3PLK80ZRX9,2026-05-29 04:23:55,2026-05-28,PRD-M3NOH874IAQ3,CLI-FRE7054T4K86,Payment,Entertainment,148.33,USD,,Transfer,,,,Brazil,Salvador,Approved,00,False,19.56,,
TRX-KLI0V4RLOGITAH837CWU,2026-05-28 11:37:21,2026-05-28,PRD-88TWSF6HG6YB,CLI-DQNFDZFJQG01,Purchase,Food,459.26,USD,,Web,,Mercado Central,Food,México,Puebla,Declined,05,False,17.88,,
TRX-ZSAA1M8R2MH2066TWHU1,2026-05-28 09:55:17,2026-05-28,PRD-IVO6Y8MH79VP,CLI-5YXIMRAZCZUK,Purchase,Transport,220.98,USD,,Web,,Uber,Transport,México,Ciudad de México,Approved,00,False,4.31,,
TRX-GOW4EGY0N8GN3MPG6WAZ,2026-05-28 16:44:43,2026-05-28,PRD-PNE9PYJRHWL0,CLI-JV8QANS6OLZT,Adjustment,,584.45,USD,,ATM,SUC-0OJNMRLP,,,México,Puebla,Approved,00,False,27.78,,
TRX-FJ68G7DTJAK5T3LVO8G7,2026-05-28 10:58:12,2026-05-28,PRD-Y1ALMEOGJ6OO,CLI-BWA0HUT70K96,Deposit,,13257616.31,COP,,App,,,,Colombia,Cartagena,Approved,00,False,4.5,,
TRX-DNFPSRMCQN8W8LL0JUZT,2026-05-28 10:03:09,2026-05-28,PRD-V3MXP4PI8KYR,CLI-VL0ZTS6TMGNH,Purchase,Transport,1236277.98,COP,309.07,Web,,Taxi Seguro,Transport,Colombia,Bogotá,Approved,00,False,28.02,,
TRX-CO7401JPG5BE2CRMVAKL,2026-05-28 15:16:54,2026-05-28,PRD-84TJQVYSRH2R,CLI-QCOERYQ3WDZQ,Deposit,,121734.28,ARS,347.81,ATM,SUC-2VHGDILI,,,Brazil,Rio de Janeiro,Approved,00,False,1.53,,
TRX-Z0PY1MZQM4GOKTGCGTZ5,2026-05-28 09:56:40,2026-05-28,PRD-NHXYG7GT3Q78,CLI-QY83Z2PISM8U,Payment,Transport,868.91,USD,,ATM,SUC-YZKP5AYK,,,México,Monterrey,Approved,00,False,21.76,,
TRX-W549QRLEWIU518OXPC1Y,2026-05-28 15:37:34,2026-05-28,PRD-JZNK5LMDEFGR,CLI-W8WWLISPI3HJ,Transfer,,5663.39,USD,,ATM,SUC-QVGF07AP,,,México,Tijuana,Approved,,False,,,
TRX-CKXZVPCAKRS46Z10R0ZP,2026-05-28 21:32:41,2026-05-28,PRD-R5Y5NWLX549S,CLI-L3WHKHCVM0L7,Withdrawal,,185.49,USD,,App,,,,México,Guadalajara,Declined,14,False,,,
TRX-1OQK77C5UY1MWJRMSEQ0,2026-05-28 19:45:39,2026-05-28,PRD-2JPWKDSDBBFC,CLI-EW8LGI6KH3BL,Withdrawal,,137149.61,ARS,391.86,Web,,,,Argentina,,Approved,00,False,,,
TRX-HJV08HJRD587VRUWMFNK,2026-05-28 13:16:20,2026-05-28,PRD-FAM1E85XP8W0,CLI-JIBODV5L1IXF,Purchase,Food,252112.39,COP,63.03,ATM,SUC-MU9A5O88,Tienda Don José,Food,Spain,Sevilla,Approved,00,False,28.92,4.4049783,-74.1506627
TRX-PM0PNO8AO3PHYGPWHRXR,2026-05-29 00:06:59,2026-05-28,PRD-ZY5Z34BU951V,CLI-18PE6CWNX58B,Withdrawal,,32460.85,ARS,92.75,ATM,SUC-ISVYMZP9,,,Argentina,La Plata,Approved,00,False,,,
TRX-ED4ZUQ5JOUM67TSRVLJL,2026-05-29 04:59:51,2026-05-28,PRD-MJ1C9ERM7R41,CLI-TG39GO2SGU3P,Payment,Food,152690.53,ARS,436.26,ATM,,,,Argentina,,Approved,00,False,4.43,,
TRX-KXFOPF7VUZNMV4SU812T,2026-05-29 05:50:11,2026-05-28,PRD-JOBO17OXT6T9,CLI-ZI25UM95V68T,Payment,Health,296.8,USD,,ATM,SUC-2Z7NT3UT,,,México,,Approved,00,False,3.52,,
TRX-UT5G6WSYI6N4V3KEWXW1,2026-05-29 05:04:22,2026-05-28,PRD-LZGVYZQPSVXN,CLI-JT1H4EHKHEJM,Transfer,,2279.71,USD,,ATM,SUC-UBOAYTJG,,,México,Guadalajara,Approved,00,False,10.58,-0.633307,-0.5892377
TRX-2ZBKBW1ZBF2U7BD41YYF,2026-05-29 02:09:49,2026-05-28,PRD-6IG45CXO726N,CLI-WPH3TD8C3UVS,Payment,Food,2337720.15,COP,584.43,App,,,,Colombia,Cartagena,Approved,00,False,4.7,,
TRX-CAH0MRU2Q9ADQPLT0DHS,2026-05-28 20:27:00,2026-05-28,PRD-77V8SVDWET5T,CLI-FY17AESVGQA7,Payment,Food,486.41,USD,,POS,,,,México,,Approved,00,False,27.82,,
TRX-HJJTUUO0B09UW0PLNVGX,2026-05-28 15:42:14,2026-05-28,PRD-4SWIZRXN9Z6Y,CLI-KIG78E5BIGHK,Transfer,,7898.37,USD,,POS,,,,México,Ciudad de México,Approved,00,False,28.78,,
TRX-8PZEZ7SXGJZ8802ELBUM,2026-05-28 08:17:38,2026-05-28,PRD-86PBI74NWVSH,CLI-CVWJJBWDFOOL,Payment,Other,4865318.03,COP,1216.33,POS,,,,Colombia,Cali,Approved,00,False,0.89,,
TRX-E03UVDWAL35RL9BAAMQL,2026-05-28 17:04:32,2026-05-28,PRD-CF88ANPWBIEX,CLI-B6IVA761KJNJ,Deposit,,1373816.69,ARS,3925.19,App,,,,Argentina,,Approved,00,False,,,
TRX-CSOTBN27A1VW2CCNMGK9,2026-05-28 18:19:32,2026-05-28,PRD-UAFML7ZH6P4I,CLI-P8UI6IY2E3XO,Deposit,,19152723.2,COP,4788.18,POS,,,,Colombia,Barranquilla,Approved,00,False,26.08,,
TRX-PZOZ853432ROYKA6WBSN,2026-05-29 02:24:23,2026-05-28,PRD-BJ7J3UAUCAO9,CLI-EHD87UEX4PIQ,Deposit,,18404820.54,COP,4601.21,ATM,SUC-84HXKY7Q,,,Colombia,Medellín,Approved,00,False,4.77,,
TRX-K3RTOBC9N4Y28FWV4XUF,2026-05-29 05:16:28,2026-05-28,PRD-K754XRW8RR9L,CLI-4XQLK1Z5KG8X,Withdrawal,,102.1,USD,,POS,,,,México,Puebla,Approved,00,False,,,
TRX-5JFSZ9W7UWWNVECWLJMU,2026-05-28 13:35:57,2026-05-28,PRD-2A7XV32P34F6,CLI-6D40KOWUS363,Adjustment,,978.43,USD,,ATM,SUC-1AT6YUKJ,,,México,Ciudad de México,Approved,00,False,25.11,,
TRX-3BEVFBRS3QKOUSQFKMYM,2026-05-28 22:41:44,2026-05-28,PRD-ID7WTHZ0UFHH,CLI-G8O5LRP5LG6J,Withdrawal,,1848073.31,COP,462.02,POS,,,,Colombia,Medellín,Approved,00,False,0.4,4.7073604,-74.0423511
TRX-GQG3J6BE7HAKP8HIXBDR,2026-05-28 10:48:18,2026-05-28,PRD-96K0514VGTEU,CLI-VDAUEJ163FK7,Transfer,,38559527.44,COP,9639.88,POS,,,,Colombia,Medellín,Approved,00,False,,,
TRX-ECJ4MO05A474B9NPDWD6,2026-05-28 13:21:11,2026-05-28,PRD-S5KE3JQB4NKA,CLI-CLR9NBOQDR5M,Deposit,,792.91,USD,,ATM,SUC-Q9LRLZTA,,,México,Tijuana,Approved,00,False,0.27,,
TRX-G7H2DREK1LDPA9YZLUGO,2026-05-29 03:16:03,2026-05-28,PRD-VHAIX4I774CU,CLI-TOWAQEK5GER4,Payment,Entertainment,7268796.81,COP,1817.2,App,,,,Colombia,Barranquilla,Approved,00,False,,,
TRX-7IBODMJ3E910LHK9B6CT,2026-05-28 19:38:41,2026-05-28,PRD-NTQ1LOR9DX7E,CLI-2LM0GC4DK934,Purchase,Services,174587.24,ARS,498.82,App,,,Services,Argentina,La Plata,Approved,,False,10.77,,
TRX-2J1ZBOQNVUHJTNKIY31Q,2026-05-28 09:28:20,2026-05-28,PRD-GK6PDBEDTZ1T,CLI-Z6CSG61V26AD,Payment,Food,523.98,USD,,Branch,SUC-XV1N3YM9,,,México,,Approved,00,False,13.06,,
TRX-Y509TVOGB4J5NU6QE8G3,2026-05-28 16:09:38,2026-05-28,PRD-T28S3Y334QQV,CLI-PSALCTYEMP0L,Purchase,Transport,1814548.49,COP,453.64,ATM,SUC-3FS5CHQJ,Gasolinera Express,Transport,Colombia,Barranquilla,Approved,00,False,,,
TRX-2MF5TACK44UJ0334SFFI,2026-05-28 17:32:28,2026-05-28,PRD-QKU6AQEDKCQT,CLI-3MG8W2F1W6NU,Withdrawal,,1541587.84,COP,385.4,ATM,SUC-JA4P9IIP,,,Colombia,Cali,Approved,00,False,1.28,,
TRX-9FEI8YGAJIB4UYIKK4IQ,2026-05-28 07:20:35,2026-05-28,PRD-D3HKBH01PZN6,CLI-HNHOTQ1G31GN,Payment,Transport,5584136.25,COP,1396.03,App,,,,Spain,Sevilla,Approved,00,False,,,
TRX-C60H7MKBU8AN8FVGDNH3,2026-05-28 21:34:58,2026-05-28,PRD-REQKQEC2J0JE,CLI-K0UF52GWCCVS,Payment,Food,659209.67,ARS,1883.46,Web,,,,Spain,Sevilla,Approved,00,False,,,
TRX-4U5X4SMPE0V7OJ57G1DL,2026-05-28 09:46:56,2026-05-28,PRD-N5L73EE4ESK8,CLI-QYZVMVD0VCDH,Transfer,,35357877.26,COP,8839.47,Web,,,,Colombia,Barranquilla,Approved,00,False,3.08,,
TRX-MXUEBNVT9EWY0O9WN2C5,2026-05-28 15:18:51,2026-05-28,PRD-VZRC59M4SJ2K,CLI-Y8VRVWUEXVUO,Purchase,Services,43437.51,ARS,124.11,Branch,SUC-GKQAVGPP,Servicios Públicos,Services,Argentina,Córdoba,Approved,00,False,6.22,,
TRX-N1084LWDDMUCT20YQCAE,2026-05-29 05:44:33,2026-05-28,PRD-4LWQP6R55GVG,CLI-X5BS0W1ACXIP,Deposit,,4004.88,USD,,Web,,,,México,,Approved,00,False,8.6,,
TRX-KQ4BWKJ3E2CRSN32V4BG,2026-05-28 23:48:38,2026-05-28,PRD-386NBZOIKVR4,CLI-MQQ5AG4O59IH,Withdrawal,,416.79,USD,,App,,,,México,Querétaro,Approved,00,False,17.4,,
TRX-VHCLY9Y53R5OBYN3THRU,2026-05-28 23:29:23,2026-05-28,PRD-VR8746Y0R34W,CLI-AQXSK7XVO5JJ,Adjustment,,1309698.69,COP,327.42,Web,,,,Colombia,Cali,Approved,00,False,,,
TRX-Z8GV5DMAA48H6VPZ2I56,2026-05-28 12:20:16,2026-05-28,PRD-IC4I9JS9FDH8,CLI-RY908R0JPWAP,Purchase,Services,148.21,USD,,POS,,Cable TV,Services,México,Puebla,Pending,14,False,19.72,,
TRX-ZR4JT53P56VO8ZSO5A9G,2026-05-28 18:57:12,2026-05-28,PRD-BXW9WH8Z1CGI,CLI-9GL51Q1UYMJJ,Transfer,,62809.68,ARS,179.46,Web,,,,Argentina,Mendoza,Approved,00,False,,,
TRX-DT5IWWH49NEXQ4V6H4MF,2026-05-29 04:51:05,2026-05-28,PRD-RS1TD493EDUP,CLI-JSRVDEETTPPZ,Transfer,,1738833.85,ARS,4968.1,ATM,SUC-46JOBFMX,,,Argentina,Rosario,Approved,00,False,5.74,,
TRX-8IZMN4CN0XA0OXZ2R82D,2026-05-28 20:02:50,2026-05-28,PRD-ACE6EPU919O8,CLI-GLJTU71MW9MW,Payment,Transport,132.97,USD,,POS,,,,México,Guadalajara,Approved,00,False,2.72,,
TRX-T27YLSM7C9VVHZDRCANK,2026-05-28 15:50:22,2026-05-28,PRD-N4E2A75BGBBI,CLI-411KSH4JVZ29,Transfer,,1587.69,USD,,ATM,SUC-WSSLNOPN,,,México,Monterrey,Approved,00,False,,,
TRX-7MW3CJG5UEASJXTA0AYE,2026-05-28 13:11:53,2026-05-28,PRD-UV5KR11JAKMB,CLI-A5CGO2FUQCV8,Deposit,,13539441.15,COP,3384.86,Web,,,,Colombia,Bogotá,Approved,00,False,7.14,,
TRX-CJXE2NGEH58V6QCTYOH3,2026-05-28 09:13:21,2026-05-28,PRD-QYI43UV81VBA,CLI-6GUYKPRXPSF3,Transfer,,990.13,USD,,ATM,SUC-1DANZ3LD,,,México,Guadalajara,Approved,00,False,16.32,,
TRX-7X44S5SW5ZDZ5QOCF27Q,2026-05-28 18:05:28,2026-05-28,PRD-YLSEL7H2QD7B,CLI-OBY5BNAWK8W1,Deposit,,1301691.86,COP,325.42,Branch,SUC-7P0XNXTG,,,Colombia,Medellín,Approved,00,False,,4.5120645,-74.240917
TRX-ZU8OXBC0RMWGU7GMZ698,2026-05-28 08:04:04,2026-05-28,PRD-HUMO84BFXS8E,CLI-8UZFPYZOPYLH,Payment,Services,1172.99,USD,,ATM,SUC-QL08OUL0,,,México,,Approved,00,False,10.2,0.6316453,-0.4934039
TRX-AB4K11RSXFMS0VCPPK6A,2026-05-29 00:17:11,2026-05-28,PRD-YYL23AGYGN1E,CLI-THTSFJSWKM4F,Withdrawal,,805547.19,COP,201.39,Web,,,,Colombia,Medellín,Approved,,False,6.09,,
TRX-J4J6LSA8N5E24TDWGXZ9,2026-05-28 12:04:56,2026-05-28,PRD-H8FKSR5D104T,CLI-OX4VUZFN49X5,Purchase,Entertainment,72.71,USD,,POS,,Cine Premium,Entertainment,México,Ciudad de México,Approved,00,False,19.99,,
TRX-UDPQARFCB9FR6CCQUT76,2026-05-29 04:37:40,2026-05-28,PRD-BQH36MT3DPDB,CLI-MO3PGI1F0EQ0,Deposit,,2223.06,USD,,POS,,,,México,Puebla,Approved,00,False,12.35,,
TRX-JRCE7S3VHET88O05D0AG,2026-05-28 23:49:11,2026-05-28,PRD-KH5IOX71BGGB,CLI-C0SXYCH0N41T,Payment,Transport,282836.73,COP,70.71,ATM,SUC-H24HUACK,,,Colombia,Cali,Approved,00,False,3.36,4.3714893,-74.2446738
TRX-P48PSU2GVTZ735WP4FPH,2026-05-28 22:11:22,2026-05-28,PRD-SOSFV5RTH98W,CLI-FLSXIBB6G2GL,Deposit,,625341.9,ARS,1786.69,ATM,SUC-EHE8V9YO,,,Argentina,Rosario,Approved,00,False,25.98,,
TRX-DDPPVYCF27CQHSN7QLU5,2026-05-28 16:45:46,2026-05-28,PRD-A1K3OAZ384DP,CLI-NXFQY7RHKIO2,Withdrawal,,738971.85,COP,184.74,POS,,,,Colombia,Medellín,Approved,00,False,6.29,,
TRX-Y9QL3GND9U3IR505AI18,2026-05-28 13:08:58,2026-05-28,PRD-8P3NXMGZ32GL,CLI-S881YGW1SA9F,Purchase,Entertainment,459.69,USD,,POS,,Teatro Nacional,Entertainment,Argentina,Córdoba,Approved,00,False,24.76,-34.2673581,-57.6358446
TRX-R2PWCTEJCI1JIWKM2EP3,2026-05-28 23:06:13,2026-05-28,PRD-M81Y4NKK8MV6,CLI-FQU9N5ZOHRT5,Purchase,Services,475.03,USD,,App,,Servicios Públicos,Services,México,Puebla,Approved,00,False,11.17,,
TRX-TZCP1TVT9XV25WO2DINH,2026-05-28 13:55:31,2026-05-28,PRD-CQ9BQIRGSFP2,CLI-ACCRKV9FQ9CY,Withdrawal,,400.55,USD,,App,,,,México,Monterrey,Approved,00,False,1.79,,
TRX-TMWK66WEJ0GNCJBJRPER,2026-05-28 22:27:21,2026-05-28,PRD-I1TT45FVGDJ2,CLI-215YTYMNN9OT,Purchase,,317.31,USD,,POS,,Teatro Nacional,Entertainment,México,Monterrey,Approved,00,False,20.65,,
TRX-NNJ1VA0BHPR0NNIDF0L6,2026-05-29 04:08:39,2026-05-28,PRD-4ZKR1T29V2A1,CLI-AUKX1IEYNMBW,Purchase,Entertainment,283.48,USD,,POS,,Streaming Music,Entertainment,México,Guadalajara,Approved,00,False,10.63,-0.3426924,0.2361024
TRX-ALP3DIMXWX0BNJDADFYR,2026-05-29 04:21:36,2026-05-28,PRD-Q2OQKOTPD7VS,CLI-VPVWH2NET1J2,Withdrawal,,343.3,USD,,POS,,,,México,Ciudad de México,Declined,54,False,19.3,,
TRX-OXPJI7060442O4O5ROSA,2026-05-28 08:48:19,2026-05-28,PRD-QDCS66EBGE1V,CLI-MKZBHLMW7O71,Purchase,Transport,594562.07,COP,,App,,Taxi Seguro,,Colombia,Barranquilla,Approved,00,False,20.56,,
TRX-FWK09Z999O731ZSJWGPB,2026-05-29 02:29:46,2026-05-28,PRD-7I7DFZTWPKKI,CLI-U2CVUQ9PS5TF,Purchase,Transport,494.08,USD,,POS,,Uber,Transport,México,Querétaro,Approved,00,False,2.49,,
TRX-B45IUFH3J0P0IU1QZ98N,2026-05-28 13:13:16,2026-05-28,PRD-ODC5WVAMDET0,CLI-TFFBK83PQ06L,Withdrawal,,36.8,USD,,ATM,SUC-ISPO1DES,,,México,Ciudad de México,Approved,00,False,,,
TRX-JJS9UJ0Z7NMDBD42TLKU,2026-05-28 14:21:55,2026-05-28,PRD-YY1OZMEQYJEU,CLI-AHB7PV2DXQ1Q,Withdrawal,,1004051.9,COP,251.01,POS,,,,Colombia,,Approved,,False,6.13,5.6202425,-74.9737028
TRX-9WDKJ6IKCKB3S7QSK2FN,2026-05-29 05:38:55,2026-05-28,PRD-T0IM4TCVLUNS,CLI-GD6816YYHAT6,Transfer,,53636.18,ARS,153.25,ATM,SUC-YV8Q78LJ,,,Argentina,Buenos Aires,Approved,00,False,26.11,,
TRX-FBSPAXN5ZE8SL1EBBUF3,2026-05-28 07:12:22,2026-05-28,PRD-2QT13WQ701XD,CLI-147P4JJW4MVE,Purchase,Food,1079973.99,COP,269.99,POS,,Super Ahorro,,Colombia,Cali,Approved,00,False,11.68,,
TRX-7385YSYF9TFI7KN5UNC0,2026-05-28 19:50:26,2026-05-28,PRD-CIZLA9IL39SR,CLI-DB277VFTCHKW,Withdrawal,,70558.9,ARS,201.6,App,,,,Argentina,La Plata,Approved,00,False,19.79,,
TRX-LGHP8BL9EUVXZB6X79QG,2026-05-28 13:50:18,2026-05-28,PRD-6IYT03A2OQZA,CLI-7PLY7BLENOO3,Deposit,,3573.02,USD,,POS,,,,Argentina,Córdoba,Approved,00,False,11.25,,
TRX-595TEOTV2MIYFVVGEAZI,2026-05-28 20:03:22,2026-05-28,PRD-RQNBGXBHV2CI,CLI-E2Q40ABS7P4S,Transfer,,4194.33,USD,,POS,,,,México,Querétaro,Approved,00,False,13.92,,
TRX-A9AF2VE8Y4P2O4VO63SE,2026-05-28 23:48:46,2026-05-28,PRD-WMR7VDPTS5ZZ,CLI-13PNJ02YXHQX,Withdrawal,,1120772.97,COP,,ATM,SUC-3FS5CHQJ,,,Colombia,Barranquilla,Approved,00,False,9.61,,
TRX-70YLMPFJU1CSMO7RRQLB,2026-05-29 01:38:35,2026-05-28,PRD-XHB8SW9RM1O3,CLI-JOT7FDO1C369,Purchase,Transport,81.09,USD,,Web,,Gasolinera Express,Transport,México,Monterrey,Approved,00,False,17.04,,
TRX-10ZOX91M0D15X9JNGI97,2026-05-29 03:31:54,2026-05-28,PRD-0KIJN3WHO05W,CLI-BKMB2YIAX3AS,Payment,Entertainment,61.89,USD,,ATM,,,,México,,Approved,00,False,,,
TRX-UDRUOCJEHNMMO8VBSJ2A,2026-05-29 04:44:48,2026-05-28,PRD-FQYA2SI1CT9H,CLI-CLXF9H46YNSL,Purchase,Health,253.98,USD,,App,,Farmacia Salud,Health,México,Tijuana,Approved,00,False,18.82,,
TRX-GTQPXN3XUP3G9WDDJFJ9,2026-05-28 22:52:21,2026-05-28,PRD-6PE0GQBYRD6E,CLI-9LHRLJA37NI0,Deposit,,689.95,USD,,Web,,,,México,Ciudad de México,Approved,00,False,,,
TRX-PW111O6EFN6QFRII50SS,2026-05-28 17:53:03,2026-05-28,PRD-04AHNN598LMI,CLI-T0KIMXPJBUQN,Transfer,,20157124.15,COP,5039.28,POS,,,,Colombia,Bogotá,Declined,54,False,10.83,5.1624607,-74.4459659
TRX-Q6V0SZ7QKH4U5XXMM7JX,2026-05-28 20:22:25,2026-05-28,PRD-CC1EEECNDO0A,CLI-R4RU0V3OYHQU,Payment,Other,4472955.3,COP,1118.24,POS,,,,Colombia,Bogotá,Approved,00,False,14.89,5.6679241,-73.5359297
TRX-UGJ485S4S17AMOF75XLO,2026-05-28 12:59:19,2026-05-28,PRD-5GVFNFH82IKG,CLI-ONA829UFVMA8,Purchase,Transport,101243.7,ARS,289.27,App,,Estación de Servicio,Transport,Argentina,Rosario,Approved,00,False,6.64,,
TRX-36JZ298ABG62FY3Q3VZA,2026-05-28 12:15:13,2026-05-28,PRD-R07IX0EHVKLU,CLI-LVNHXXPGFFFX,Transfer,,8087.82,USD,,Transfer,,,,México,Querétaro,Approved,00,False,2.26,,
TRX-43QTW3VFQ4B6835XNGAK,2026-05-28 12:42:17,2026-05-28,PRD-ICT8PAFOPYWM,CLI-L3VV3KVA9TYY,Withdrawal,,490.37,USD,,POS,,,,México,Querétaro,Approved,00,False,24.76,,
TRX-SSVP9UCOSQ0CECYJZ4EF,2026-05-29 04:32:44,2026-05-28,PRD-E2EGOXJ9WDH6,CLI-ANN5EKC4YES9,Purchase,Services,263.84,USD,,POS,,Internet Plus,Services,México,Guadalajara,Approved,00,False,,,
TRX-YA2CGGVWUIL48920YPWH,2026-05-28 14:08:27,2026-05-28,PRD-OMZMGKW4342U,CLI-KO2WXG4D0MER,Purchase,Transport,272.87,USD,,App,,Estación de Servicio,Transport,Colombia,Medellín,Approved,00,False,25.06,,
TRX-VJNY93PVAX9G4XH4GWAJ,2026-05-28 13:56:44,2026-05-28,PRD-IM6JRQ9W27ZK,CLI-M7DMW6FFUD1U,Transfer,,2917141.73,ARS,8334.69,POS,,,,Argentina,Buenos Aires,Approved,00,False,14.31,-33.9611069,-58.3933885
TRX-5JZBSQL6LB7VD4YYNP1H,2026-05-29 05:37:03,2026-05-28,PRD-LZRRWDW52LUP,CLI-I7I41CH4H0SV,Deposit,,4683.9,USD,,POS,,,,México,,Approved,00,False,26.4,,
TRX-P4W0UOUDYZDUCXRUWKY8,2026-05-28 23:22:36,2026-05-28,PRD-I6ZYCSDBF6IC,CLI-FH70MMMPREE6,Payment,Food,540.58,USD,,POS,,,,Argentina,Mendoza,Approved,00,False,4.71,,
TRX-R5YSHF457753G88MC55E,2026-05-28 17:16:51,2026-05-28,PRD-YG94WXMIRSG5,CLI-VKDYPP78CCQD,Purchase,Services,391.04,USD,,POS,,Internet Plus,Services,México,Ciudad de México,Approved,00,False,,,
TRX-GD40R4J63W2VNO2VV9D9,2026-05-28 10:14:25,2026-05-28,PRD-C6JU9CL60MRW,CLI-0VZ1NPCHCUBS,Deposit,,4341.09,USD,,POS,,,,Argentina,Rosario,Approved,00,False,,,
TRX-T9ARQPDI75LWZ7IWTCH4,2026-05-28 16:52:15,2026-05-28,PRD-TJI2OYYMW1I9,CLI-0YXYWCSR1ATQ,Deposit,,1086.05,USD,,ATM,SUC-A6PLAS9M,,,Colombia,Cartagena,Approved,00,False,19.72,,
TRX-31L0U5AD62382DG3G5KW,2026-05-29 00:33:28,2026-05-28,PRD-ZXZ4KG2VCW86,CLI-LA6PA77RCSGX,Withdrawal,,277.64,USD,,ATM,SUC-JD6LDRA8,,,México,,Approved,00,False,14.73,0.0236281,-0.4303476
TRX-FQPSNX840VSNDHD0ZOM7,2026-05-28 12:37:10,2026-05-28,PRD-8K5KP4U4I12U,CLI-07PLF6Q6OHAZ,Deposit,,1899.96,USD,,Web,,,,México,Tijuana,Approved,00,False,0.93,,
TRX-PE33HXJ9BG1S4PV49UEZ,2026-05-29 05:51:20,2026-05-28,PRD-INPX8L2QIH7X,CLI-SBQ3PG4HF0JY,Transfer,,7872622.75,COP,1968.16,App,,,,Colombia,Medellín,Declined,05,False,0.54,,
TRX-IF68IZ1Q17PDRDYKUF9X,2026-05-28 15:24:34,2026-05-28,PRD-MXW6ORSAKMOB,CLI-61J15NLW0R0S,Purchase,Transport,1067899.6,COP,266.97,Web,,Taxi Seguro,Transport,Colombia,,Approved,00,False,,,
TRX-EGXJA68CANPYFUCUPN7K,2026-05-28 16:59:25,2026-05-28,PRD-KPR1OGGL5H00,CLI-YJKQZJJCA49F,Payment,,1226.86,USD,,Web,,,,México,Tijuana,Approved,00,False,,,
TRX-MMOD9K0G681SXG4DLQ2Q,2026-05-28 17:09:37,2026-05-28,PRD-E3D9UVPOBULU,CLI-FMR6EZC5I2I7,Purchase,,498.25,USD,,App,,Streaming Music,Entertainment,México,Tijuana,Approved,00,False,3.63,,
TRX-WIKXNKIRHBPVRDL5LR89,2026-05-28 13:26:10,2026-05-28,PRD-8E0HUTZMASBH,CLI-ET1FWNG5Q89C,Transfer,,9085.14,USD,,Web,,,,México,Puebla,Declined,51,False,,,
TRX-N4SZ0UXK5SFPNJFC2AF2,2026-05-28 08:09:21,2026-05-28,PRD-RKTYKFT2QIPJ,CLI-F8FMWNTZTRYU,Transfer,,7622.51,USD,,ATM,SUC-CFNA2V8Y,,,Colombia,,Approved,00,False,5.07,4.8632952,-73.2849192
TRX-X6NKECDZQMQ4XD3IRRFQ,2026-05-29 02:32:51,2026-05-28,PRD-Q51AU79CLIJV,CLI-2QB07LNN5EN0,Withdrawal,,498.78,USD,,ATM,SUC-7T5LBQT3,,,México,Puebla,Declined,51,False,11.09,,
TRX-NRC8XTAKHPHL09Q9MS59,2026-05-28 22:24:55,2026-05-28,PRD-78BUYJOVDMB6,CLI-V3YB114DRUKS,Transfer,,8140.41,USD,,ATM,SUC-JJT8C9XQ,,,México,Guadalajara,Approved,00,False,20.58,,
TRX-NKIAQIHCYFNIZF3VG4OX,2026-05-28 23:27:56,2026-05-28,PRD-3HP1Z93U9DC7,CLI-49CKW4CSOE7G,Purchase,Food,175686.67,COP,43.92,POS,,Restaurante El Buen Sabor,Food,Colombia,Barranquilla,Approved,00,False,29.71,4.2502757,-74.4695019
TRX-1ZCMI3T4R0H91NFIHPHP,2026-05-28 18:21:39,2026-05-28,PRD-R83HHGZ3GFSP,CLI-UGPS77VW6RR9,Withdrawal,,1669510.05,COP,417.38,ATM,SUC-6NKYKKQR,,,Colombia,Bogotá,Declined,14,False,,,
TRX-PI413OT0ZP3YIB8QDRK9,2026-05-28 16:50:17,2026-05-28,PRD-5HGK6MEVX9II,CLI-V2G9G3PK4C0V,Payment,Food,1224.32,USD,,ATM,SUC-FV69BGCV,,,México,Querétaro,Approved,00,False,21.85,,
TRX-HV5GGVXVJK7M4NY94Q52,2026-05-29 02:12:49,2026-05-28,PRD-6P1YN6SIOVQK,CLI-OOLLHGAOPCA3,Deposit,,5785077.75,COP,1446.27,POS,,,,Colombia,Bogotá,Approved,00,False,25.29,4.9232959,-73.4579697
TRX-OHF9RGO98PUFZVG04IIF,2026-05-28 07:45:16,2026-05-28,PRD-PB5OAL50D43X,CLI-T6SHV0FQ4LUC,Purchase,Services,359.11,USD,,Web,,Servicios Públicos,Services,México,Guadalajara,Approved,00,False,16.16,,
TRX-ES9B33YBEA0MED97W5D1,2026-05-28 21:20:30,2026-05-28,PRD-VJL6N9RA804C,CLI-71OJUTC2ZR5H,Purchase,Services,220.03,USD,,POS,,Empresa Telefónica,Services,México,Monterrey,Approved,00,False,29.26,,
TRX-C0CCT3YLWAR9E8QNZ99O,2026-05-28 13:32:20,2026-05-28,PRD-FPMD2R95VL4Z,CLI-ZM3U4WZVYYJ9,Purchase,Entertainment,736291.95,COP,184.07,POS,,Conciertos Live,Entertainment,USA,Houston,Approved,00,False,,3.8042821,-73.616897
TRX-M84FQMMUP7OFQMJAPHEF,2026-05-28 06:22:38,2026-05-28,PRD-LYLRNI8204IY,CLI-YFDEOENF1FU7,Withdrawal,,1605610.72,COP,401.4,ATM,SUC-A4SSWF0H,,,Colombia,Barranquilla,Approved,00,False,27.52,4.058353,-73.990578
TRX-W3MFVAW66RCSX2DS72CA,2026-05-28 14:57:40,2026-05-28,PRD-G7JDX9K7ONGN,CLI-JOQNG32XQ7MA,Purchase,Entertainment,244.05,USD,,Transfer,,Conciertos Live,Entertainment,Argentina,Buenos Aires,Approved,00,False,18.71,,
TRX-G28FE8DES3S12RNI6C8G,2026-05-29 05:07:41,2026-05-28,PRD-EG76GSA2EJ1T,CLI-73ZF6LOB7WGE,Withdrawal,,298.01,USD,,Branch,SUC-KT11NKNR,,,México,Guadalajara,Approved,,False,5.64,,
TRX-759RGV9IB31RPZJXC2NZ,2026-05-29 00:57:11,2026-05-28,PRD-RM0FQOW86M4I,CLI-EWUOCYEO42XP,Payment,,1991.9,USD,,ATM,SUC-ISPO1DES,,,México,Puebla,Approved,00,False,17.97,,
TRX-K1WTC38Y81YUHUWX0978,2026-05-28 17:51:10,2026-05-28,PRD-VU9AG42IQIAK,CLI-BZBX0ZIJRFQD,Withdrawal,,390.49,USD,,Web,,,,México,Tijuana,Approved,,False,25.41,,
TRX-NICCSDW9KBWFVJG7VQD9,2026-05-29 05:33:29,2026-05-28,PRD-UDDN6QWDVPXE,CLI-ZQF2E2G6Y5GF,Transfer,,35377096.88,COP,,ATM,SUC-4OOB7ZFR,,,Colombia,Bogotá,Approved,,False,10.06,,
TRX-5O151KQTGUJORLWMZ4EZ,2026-05-28 22:06:30,2026-05-28,PRD-43Q0JNYRIOPC,CLI-QVNQ4E4GW01J,Transfer,,1934975.79,ARS,5528.5,ATM,SUC-IPX8M3BR,,,Argentina,Rosario,Approved,00,False,11.84,,
TRX-C2H6WEKYW9Z8747HCEQY,2026-05-28 17:46:15,2026-05-28,PRD-I35P9NBQLPDO,CLI-74UH8U6FOMSP,Transfer,,5830.54,USD,,ATM,SUC-7T5LBQT3,,,México,Tijuana,Approved,00,False,0.64,,
TRX-RB8EM6LJGHWLBVJCU665,2026-05-29 05:35:57,2026-05-28,PRD-86VE1BCUBRK1,CLI-UZL9CYER61G5,Purchase,Food,316.56,USD,,Web,,Mercado Central,Food,México,Monterrey,Approved,00,False,28.28,,
TRX-J6LK35JHO4M37Q0SV55P,2026-05-29 04:36:15,2026-05-28,PRD-Y12I3VW0GC48,CLI-QVRW1RYGNMJS,Withdrawal,,407.7,USD,,Web,,,,México,,Approved,00,False,3.81,,
TRX-CBGMNF0W5QUEGT8324XA,2026-05-29 04:14:35,2026-05-28,PRD-17SHTYGDO9GD,CLI-I7JJQQR9MW5Q,Transfer,,6368.82,USD,,ATM,SUC-KI33JLSV,,,México,Querétaro,Approved,00,False,4.38,,
TRX-2F4IRKQ9ASHAPWD2T07J,2026-05-28 21:59:11,2026-05-28,PRD-VRVOTIR6U6EW,CLI-3PFA3UNSK8W3,Payment,Other,1944.93,USD,,App,,,,México,Guadalajara,Approved,,False,17.45,,
TRX-0AYFI4LOY74E7FOTBLMN,2026-05-28 14:14:07,2026-05-28,PRD-2ATLNY45DB98,CLI-D6O9CRPUVMY2,Deposit,,5105761.32,COP,1276.44,Web,,,,Colombia,Barranquilla,Approved,00,False,,,
TRX-ZXM80ASF0GP6BFXFIRWW,2026-05-28 08:23:40,2026-05-28,PRD-H8C7QCM7JQ5I,CLI-BTZL4BQYAABI,Withdrawal,,93016.81,ARS,265.76,ATM,SUC-O09F6PWJ,,,Argentina,,Approved,00,False,0.35,,
TRX-FTXFYVMH16I0NDCTY4BK,2026-05-29 04:43:12,2026-05-28,PRD-2D4E5XIXV05K,CLI-T04IIHRC6FBE,Payment,Food,656.54,USD,,Transfer,,,,México,Tijuana,Approved,00,False,26.33,,
TRX-LVARP29LY7QMCIH703EB,2026-05-28 23:44:49,2026-05-28,PRD-MSAG6L10XIRR,CLI-3SWTIVTTWTRT,Deposit,,3344.93,USD,,App,,,,México,Puebla,Approved,00,False,21.24,,
TRX-958722LEUWFGGZQL2XPE,2026-05-28 09:38:13,2026-05-28,PRD-Z9H1Y586TDXG,CLI-UX0R3QUOP8GG,Payment,Other,1491057.72,COP,372.76,ATM,SUC-8YXNMWZ7,,,Colombia,,Approved,,False,12.86,,
TRX-VLMWH5XIFMDVK8Q8AH0S,2026-05-29 05:55:49,2026-05-28,PRD-LTCTGQWWOD7K,CLI-AD2LERMVH4SL,Withdrawal,,904013.43,COP,226.0,App,,,,Colombia,Cartagena,Approved,00,False,23.38,,
TRX-5MGFXB2QAWX3RXGU5IGS,2026-05-28 17:43:20,2026-05-28,PRD-58S4839BP8DL,CLI-VCGG87YCAT9D,Transfer,,1396.57,USD,,Branch,SUC-7T5LBQT3,,,México,Querétaro,Approved,00,False,17.09,,
TRX-OGC6D7JTB0H6A5E8OG2H,2026-05-28 10:33:24,2026-05-28,PRD-XJPRMN7DTV1W,CLI-P6722SVHJX1D,Deposit,,3291.39,USD,,POS,,,,México,Tijuana,Reversed,51,False,27.14,0.8756788,0.8438447
TRX-50Z7W3Q8IOXFYFV1JEYT,2026-05-28 18:51:56,2026-05-28,PRD-1LIDQ39JZIIQ,CLI-NEM7ASB2RS8S,Purchase,Entertainment,346.64,USD,,ATM,SUC-JYU0POJ9,Streaming Music,Entertainment,Colombia,Barranquilla,Approved,00,False,20.15,-0.4999889,0.4689593
TRX-COX6Y1GSYYKZWGYH719D,2026-05-29 04:30:48,2026-05-28,PRD-LQQEURMUM38U,CLI-91P2KCL7JO6N,Withdrawal,,1547275.43,COP,386.82,Web,,,,Colombia,Medellín,Approved,00,False,4.4,,
TRX-ZOXM9UHUT499IM0RMVZL,2026-05-28 22:47:26,2026-05-28,PRD-9IZSO4T3K8CQ,CLI-G9EZZNCCL0QI,Deposit,,2875.43,USD,,Web,,,,México,Ciudad de México,Approved,00,False,,,
TRX-NCOVRXCPCD02KIBXOTGJ,2026-05-28 13:23:31,2026-05-28,PRD-2Y1KL14OLSVT,CLI-XB1TDOF6DN81,Purchase,Health,154156.85,ARS,440.45,POS,,Laboratorio Central,Health,Argentina,Rosario,Approved,00,False,17.08,,
TRX-X9P6D657L39J9VH9TIT6,2026-05-28 08:59:35,2026-05-28,PRD-W2WTBN7ATN55,CLI-TDVUUIO7NKIX,Purchase,Other,352.66,USD,,POS,,Ferretería,Other,México,Monterrey,Approved,,False,,,
TRX-FX65N182GMKIHRJ77D0E,2026-05-28 23:21:00,2026-05-28,PRD-12U70AS3BMA2,CLI-VLB4KBMU64TV,Withdrawal,,471.97,USD,,App,,,,México,Puebla,Approved,00,False,19.93,,
TRX-0Q25H6AXZHNG1NZE3902,2026-05-28 07:07:57,2026-05-28,PRD-57K7RTGT80JC,CLI-M7WGDSR1ZR8D,Deposit,,2132.53,USD,,POS,,,,México,Querétaro,Approved,00,False,22.71,,
TRX-Y9FFQD2D6QD0O2L0ZIWO,2026-05-28 14:14:44,2026-05-28,PRD-40X916JGCSQC,CLI-QZ9IELB0M4K1,Adjustment,,533657.38,COP,133.41,App,,,,Colombia,Barranquilla,Approved,00,False,,,
TRX-SX94HQ088ZYUU29NNEV6,2026-05-28 06:53:50,2026-05-28,PRD-ESIOYKTHFSNK,CLI-222KSLNHVHXX,Withdrawal,,409.23,USD,,ATM,SUC-0OJNMRLP,,,México,Guadalajara,Approved,00,False,9.6,,
TRX-0CRMJNPZ2HFYZS6BZSFE,2026-05-28 09:20:35,2026-05-28,PRD-OJHHA46GN6WO,CLI-3RWXES9TL52U,Payment,,1391.14,USD,,POS,,,,México,Monterrey,Approved,00,False,,-0.6720368,0.4075631
TRX-XIY08AW4ICOB4LC02A5K,2026-05-29 03:09:40,2026-05-28,PRD-BIV7SRKWR2CX,CLI-M72CPHRZ7IVQ,Transfer,,6953417.01,COP,1738.35,POS,,,,Colombia,Cali,Approved,00,False,19.67,4.3199248,-73.3528196
TRX-2MLLGTPK2F9NTSNO4UB2,2026-05-28 19:00:45,2026-05-28,PRD-8HXLH04J04B8,CLI-0SFS2GOE9UWO,Purchase,Transport,226515.56,COP,56.63,App,,Taxi Seguro,Transport,Colombia,Barranquilla,Approved,,False,12.92,,
TRX-3HY7BF5XC75CF7Q9VMM8,2026-05-28 14:31:50,2026-05-28,PRD-WWB8MWDVQ3I6,CLI-OWQGGUMON82B,Withdrawal,,539982.14,COP,135.0,POS,,,,Colombia,Cali,Approved,00,False,22.7,,
TRX-2GJIUIIRIR9BL8YFXY67,2026-05-28 23:24:44,2026-05-28,PRD-RLI5PEASA88T,CLI-1ELZSBA18YWD,Purchase,Other,190601.3,COP,47.65,ATM,SUC-IKK3G59W,Ferretería,Other,Colombia,Cali,Approved,00,False,18.04,5.2299648,-73.0805198
TRX-771VHMXOHJ6BT71I3IMT,2026-05-28 23:34:41,2026-05-28,PRD-SOEAS0AKHMWT,CLI-03L0O5BA3N44,Deposit,,385124.75,COP,96.28,ATM,SUC-06LBAMRN,,,Colombia,Barranquilla,Approved,00,False,25.2,,
TRX-YP2Q35TSO7ZQTKGU4STX,2026-05-28 07:56:03,2026-05-28,PRD-9L3ZBERE7D7X,CLI-20JWIZDQ2IVB,Purchase,Other,292013.13,COP,,ATM,SUC-2QR0HN01,Centro Comercial,,Colombia,Bogotá,Approved,00,False,6.95,,
TRX-XR541CI280TOLX217YYG,2026-05-29 01:13:30,2026-05-28,PRD-Z49T8CRLG26J,CLI-31QGR76FO6O5,Purchase,Services,1170920.78,COP,292.73,App,,Internet Plus,Services,Colombia,Medellín,Approved,00,False,13.55,,
TRX-C5VG3WHPG8HNY3PNZ16X,2026-05-28 22:47:32,2026-05-28,PRD-P4OSJ6W7H0US,CLI-76TW3CRMQZWY,Transfer,,3649.28,USD,,POS,,,,México,Guadalajara,Approved,00,False,17.38,,
TRX-8ERYEH94GUXQBIQ4KIQN,2026-05-28 07:18:11,2026-05-28,PRD-3GNEBZWMLQ89,CLI-4ZXDADSA0IVM,Deposit,,4563.53,USD,,ATM,SUC-GOTE3INU,,,México,Puebla,Approved,00,False,17.7,,
TRX-3S6RVXL9VGJFCLXORQQR,2026-05-28 18:28:04,2026-05-28,PRD-SZY6UW2BO2U2,CLI-OWZB8ADJXMM9,Transfer,,6834.94,USD,,POS,,,,México,Puebla,Declined,05,False,17.35,,
TRX-51SYKU4QC9EBDWFUYJDI,2026-05-28 06:23:17,2026-05-28,PRD-J554F5J8E91A,CLI-7ST1R2VJW8PO,Withdrawal,,1777910.59,COP,444.48,ATM,SUC-VZIGM714,,,Colombia,Barranquilla,Approved,00,False,11.68,,
TRX-7R66LEKKSPPNXD7NY35Z,2026-05-29 03:00:23,2026-05-28,PRD-0OP7OU7OFTHC,CLI-IJYM0MS3QLVH,Payment,Food,1624.2,USD,,ATM,SUC-ISPO1DES,,,México,Monterrey,Approved,00,False,24.52,,
TRX-5UQYFI03YW8968DTWV4H,2026-05-28 21:55:43,2026-05-28,PRD-AI4DA84TG5LO,CLI-0LU4L2ZUGNH7,Payment,Services,1588.3,USD,,Web,,,,México,Puebla,Approved,00,False,28.6,,
TRX-PL50MB4YTVCESTUOTD4I,2026-05-28 15:47:47,2026-05-28,PRD-KJRU4ARAGWTM,CLI-G0YVIQM5P5R6,Payment,Other,295511.92,COP,73.88,Web,,,,Colombia,Cali,Approved,00,False,15.6,,
TRX-6AS37Q1GBF2LYQ9F473V,2026-05-29 02:59:38,2026-05-28,PRD-SGVBWS4339G2,CLI-2M4S2BQTA4DH,Transfer,,7730.62,USD,,POS,,,,México,Tijuana,Approved,00,False,13.91,-0.5730817,0.5696921
TRX-1M011ZUSRXO6K3Q3LR44,2026-05-28 10:06:59,2026-05-28,PRD-CAA6RBHOKRGJ,CLI-MT20U0IS3VN7,Purchase,Entertainment,1438179.16,COP,359.54,Branch,SUC-1NFIF0G0,Streaming Music,Entertainment,Colombia,Cali,Approved,00,False,7.89,5.1579824,-74.115186
TRX-QGFLVZHG0LN9L2K44WRF,2026-05-28 12:10:45,2026-05-28,PRD-4IUBIRTY14LK,CLI-4J02U0B09H9N,Transfer,,6166.45,USD,,ATM,SUC-HWG24EKK,,,México,Tijuana,Approved,00,False,10.75,,
TRX-LGNMTUVD28AVSHHNK8WI,2026-05-28 17:55:31,2026-05-28,PRD-D29FRGDGSJL7,CLI-2L9FQ6TJ4TBV,Purchase,Transport,171744.92,ARS,490.7,POS,,Uber,Transport,Argentina,Córdoba,Approved,00,False,,-35.5961622,-59.2378967
TRX-2GIFN0T8ZN90K9SJW403,2026-05-28 19:31:05,2026-05-28,PRD-F8WWD1AXJWZ0,CLI-WQHV9EBLD6JU,Transfer,,1872.24,USD,,POS,,,,México,Tijuana,Approved,00,False,,-0.915623,-0.4036711
TRX-GFJN2TUEV8P2YKK51U1Q,2026-05-29 04:22:23,2026-05-28,PRD-KBF47A7HJD5T,CLI-GKLV30SAFN3R,Purchase,Services,147040.79,ARS,420.12,POS,,Cable TV,Services,Argentina,Córdoba,Approved,00,False,10.3,,
TRX-LBLBR65LTNGQTKMVAYQ9,2026-05-29 00:51:45,2026-05-28,PRD-NUV6U5KNIPCJ,CLI-TAPO0BBGV9YY,Payment,Health,3611704.54,COP,902.93,ATM,SUC-I7CB5PA8,,,Colombia,Barranquilla,Approved,00,False,20.9,,
TRX-7RBXB2J6LHZOUBZKZS5Q,2026-05-29 01:08:44,2026-05-28,PRD-0J6U3VBGV5BS,CLI-K9IWJ1T12WKW,Deposit,,1432.74,USD,,App,,,,México,,Approved,00,False,11.67,,
TRX-9KFABINOU3OI4C893MRS,2026-05-28 16:41:19,2026-05-28,PRD-O1UV5KAO4EVF,CLI-SKKLUET0Y2HW,Purchase,Health,102134.66,ARS,,ATM,SUC-7ZY1HPL0,Óptica Visión,Health,Argentina,La Plata,Approved,00,False,21.85,,
TRX-W0RP203T0S038CYQZ7KZ,2026-05-28 22:59:09,2026-05-28,PRD-J77WZ7LQZPND,CLI-6U97Q6P6PFRV,Transfer,,5522.32,USD,,ATM,SUC-QTWR8S76,,,México,Monterrey,Approved,00,False,19.04,-0.9953878,-0.3335759
TRX-HTEM24FQQ80OSKZS0KS2,2026-05-28 19:18:28,2026-05-28,PRD-RVHGAEMCHGO4,CLI-KIXAFNW1RBEL,Purchase,Transport,454.8,USD,,POS,,Gasolinera Express,Transport,México,Puebla,Approved,00,False,17.47,,
TRX-5FP18PRW3RBDYDZBCPWR,2026-05-28 17:12:36,2026-05-28,PRD-44SVTVT8D8SR,CLI-MNQWFCT2S076,Payment,Transport,1506.84,USD,,ATM,SUC-OW1SAD5J,,,México,,Approved,00,False,7.22,,
TRX-H8VJZSP90D515NC6I4LO,2026-05-28 10:35:51,2026-05-28,PRD-B5HGY68I3TU8,CLI-K3A5DPAUTWEL,Purchase,Food,293.45,USD,,POS,,Restaurante El Buen Sabor,Food,México,Guadalajara,Approved,00,False,2.68,,
TRX-9OQ05721ZN1QYVOI5G8H,2026-05-28 09:44:16,2026-05-28,PRD-KVIO0GQYMNRC,CLI-OM7CH9QVDFXJ,Withdrawal,,1952081.67,COP,488.02,Web,,,,Colombia,Medellín,Declined,51,False,13.96,,
TRX-0W72DYNTKYU9EET23XQL,2026-05-28 18:22:20,2026-05-28,PRD-BLWLLDJLKYR1,CLI-TK36UB9511DI,Withdrawal,,415.56,USD,,App,,,,México,Ciudad de México,Approved,00,False,12.69,,
TRX-TP20S1QECA7NTXLFT0VB,2026-05-28 10:43:08,2026-05-28,PRD-IXYMLE6IDGMJ,CLI-LKW596GOGG4V,Purchase,Food,428.29,USD,,App,,Tienda Don José,Food,México,Monterrey,Approved,00,False,27.43,,
TRX-J57HU77KOJQBV8I9TI0A,2026-05-28 12:48:00,2026-05-28,PRD-4RI4YSKTVGQL,CLI-ED9AFWZ1E85L,Transfer,,910.93,USD,,ATM,SUC-YOXS8L6B,,,México,,Approved,00,False,24.17,,
TRX-0YAL7GTT9TZQ7M9RH9IR,2026-05-28 14:49:27,2026-05-28,PRD-BEJPMKEEJP8O,CLI-TYBBSF5RJ4TS,Transfer,,183364.13,ARS,,ATM,SUC-115U74JL,,,Argentina,,Approved,00,False,29.57,,
TRX-HHAK35SNMCJGXF3H4IRN,2026-05-28 09:15:11,2026-05-28,PRD-XV8IGKF1RYH5,CLI-N8M31RVKCYKJ,Deposit,,5734133.87,COP,1433.53,App,,,,Colombia,Barranquilla,Approved,00,False,14.64,,
TRX-OUXP0XN6QUYWYFT0ZEDI,2026-05-29 00:25:48,2026-05-28,PRD-4VP8CN3J7HVO,CLI-YQK8GZGDQCJ5,Deposit,,739540.5,ARS,2112.97,Web,,,,USA,,Approved,00,False,29.68,,
TRX-WOKS5ZYLZ77P2IKS2OF0,2026-05-28 19:40:33,2026-05-28,PRD-YTCPY7IV6QYI,CLI-GEDON99QBNIO,Adjustment,,808.57,USD,,POS,,,,México,Guadalajara,Approved,,False,3.6,-0.753371,0.8330389
TRX-EXROW6X94CBLAY082CFN,2026-05-29 05:24:06,2026-05-28,PRD-81NJUC4ARFTE,CLI-8E3GKF2MRPQR,Purchase,Services,1293814.51,COP,323.45,POS,,Internet Plus,Services,Colombia,Bogotá,Declined,14,False,20.23,4.0374597,-74.2074835
TRX-3SNIJNEF2BNP0UAWX6PO,2026-05-28 10:56:37,2026-05-28,PRD-DN4IYVYDOAJU,CLI-Z9MA477SWARV,Transfer,,849.96,USD,,POS,,,,México,Puebla,Approved,00,False,19.59,,
TRX-QMXBBADM1PGA945I9GU6,2026-05-28 16:49:47,2026-05-28,PRD-BFNT6V9BEM3Y,CLI-GP3WYUR28770,Deposit,,4744.23,USD,,ATM,SUC-7TH4CVFK,,,Argentina,,Approved,00,False,18.55,,
TRX-XARCQY5Z1QUNI7I45I14,2026-05-28 06:53:18,2026-05-28,PRD-58TYBTM9W30K,CLI-521EXA06GD59,Deposit,,71851.24,ARS,205.29,Web,,,,Argentina,,Approved,00,False,1.16,,
TRX-HF0K2Z1MCFB05XJG1K1P,2026-05-29 00:35:37,2026-05-28,PRD-BPV7YAHZFZRY,CLI-85X2ENC1I7O5,Transfer,,6155.72,USD,,Web,,,,México,Ciudad de México,Approved,00,False,1.9,,
TRX-EOYSW1U150W7L5BKV3VX,2026-05-29 01:18:34,2026-05-28,PRD-8DVMZ3SHX93L,CLI-LKXWZNM37I5L,Transfer,,2349879.11,COP,587.47,Web,,,,Colombia,Barranquilla,Approved,,False,15.01,,
TRX-IQ7TO92DL1WA7SE7ADVP,2026-05-28 20:24:39,2026-05-28,PRD-RTRWPXC5GM8F,CLI-PTRP16E8Z97U,Purchase,Entertainment,574414.92,COP,143.6,ATM,SUC-JZCA1ZND,,Entertainment,Colombia,Barranquilla,Approved,00,False,23.01,,
TRX-DK8FYU679I4P6SKARSFN,2026-05-28 15:58:43,2026-05-28,PRD-MXB3IBSZC8U8,CLI-4GTQCMPY2LZZ,Withdrawal,,465.98,USD,,POS,,,,México,Ciudad de México,Approved,00,False,,,
TRX-26RY3KAZTV28KRXXWYQN,2026-05-29 05:06:28,2026-05-28,PRD-001OFILDW1JI,CLI-4C5FGBVXN0DL,Deposit,,1390.02,USD,,POS,,,,México,Monterrey,Approved,00,False,27.0,,
TRX-OJDYMA9GTDH2BQ8W4CU7,2026-05-28 22:07:23,2026-05-28,PRD-Y2CYJGX34SHS,CLI-2TVHGVVLAENM,Adjustment,,306186.24,ARS,874.82,POS,,,,Argentina,Mendoza,Approved,00,False,22.58,-33.7356323,-59.1316638
TRX-X8DXOPBJVDY2LDNT6HWY,2026-05-28 19:18:30,2026-05-28,PRD-9R9QL1BK91G7,CLI-S6EG9LK3G1A2,Withdrawal,,383204.87,COP,95.8,ATM,SUC-DH7PDUA6,,,Colombia,Medellín,Approved,00,False,3.77,,
TRX-GV38AEK87MFZ09EU9XMZ,2026-05-29 01:55:15,2026-05-28,PRD-PH5X02IMZJXJ,CLI-WKAKMF8T1UFL,Purchase,Food,561256.1,COP,140.31,ATM,SUC-GHHYX8OE,Super Ahorro,Food,Colombia,Bogotá,Approved,00,False,21.25,,
TRX-CYAZD1BFYECW37X445SQ,2026-05-29 00:08:11,2026-05-28,PRD-MU0O07K4SUHQ,CLI-7VSPE15MIOMC,Deposit,,94729.02,ARS,270.65,ATM,SUC-4JYR8GOV,,,Argentina,La Plata,Approved,00,False,19.68,-35.088955,-59.2775804
TRX-K4ZCAQJQ62A0YUV3LCTJ,2026-05-28 15:14:06,2026-05-28,PRD-UM5RS84BQEB5,CLI-91ZKMEIAN6G3,Transfer,,3623.49,USD,,POS,,,,México,Tijuana,Approved,00,False,10.14,,
TRX-IMK1C28QKL9TEH900MLL,2026-05-28 21:14:22,2026-05-28,PRD-NKER4WFQWYN9,CLI-RMOLYNP7QX2A,Withdrawal,,335.2,USD,,Web,,,,Colombia,Barranquilla,Approved,00,False,8.91,,
TRX-DHXFKBRGMEAFBH85ETWZ,2026-05-28 06:23:30,2026-05-28,PRD-NBOB6JNWXNRR,CLI-AX1Q5BN3UAGQ,Deposit,,1653941.42,COP,413.49,App,,,,Colombia,Medellín,Approved,00,False,27.78,,
TRX-GTNS2EW60TH3F05KIQT0,2026-05-28 09:19:04,2026-05-28,PRD-GS3EP57U44OJ,CLI-5QNY5HDQ382G,Deposit,,3238.57,USD,,POS,,,,México,Ciudad de México,Approved,,False,4.07,,
TRX-BZ75FDZQDTLCD8PCFH03,2026-05-28 14:36:54,2026-05-28,PRD-SZ11F1U42VU2,CLI-KFFS1Z9ZS028,Payment,Food,1943.58,USD,,Web,,,,México,Querétaro,Approved,00,False,5.38,,
TRX-JQJABI21716YEEUTHQ5N,2026-05-29 05:35:25,2026-05-28,PRD-4YRHNQ975W4Y,CLI-CEI8JJM6WKFM,Transfer,,27359507.61,COP,6839.88,App,,,,Colombia,Cartagena,Approved,00,False,17.54,,
TRX-000CCAYMWO8ZDNLCO3IW,2026-05-28 23:52:56,2026-05-28,PRD-C4VSZT6LW3PR,CLI-D2CV7WDRT058,Withdrawal,,1769255.75,COP,442.31,Branch,SUC-X7W6C3UX,,,Colombia,Cartagena,Declined,51,False,22.94,,
TRX-D6K07YO27UN3AV0T4F6T,2026-05-29 02:39:27,2026-05-28,PRD-FDM87ZN46T3F,CLI-A3NRRF47OJXF,Purchase,Other,353.97,USD,,POS,,Boutique Moda,Other,México,Querétaro,Approved,00,False,19.82,,
TRX-IKNPKSU01B8Y8872TX8E,2026-05-29 02:14:09,2026-05-28,PRD-ECK8O4OAOJHT,CLI-XM4YMNHORXSV,Payment,Transport,224.19,USD,,ATM,SUC-DL6TAAQL,,,México,,Declined,14,False,29.72,,
TRX-CO39OJWEMOCT48KCBEQU,2026-05-29 03:49:29,2026-05-28,PRD-SDPG3BKJ6HR8,CLI-6RLYSXALK4IQ,Payment,Entertainment,1121.07,USD,,POS,,,,México,Puebla,Approved,00,False,10.27,,
TRX-XFLAJA2UI2ONWAA0AMIV,2026-05-29 01:04:09,2026-05-28,PRD-KL18VK98110U,CLI-Y87YV0B0EZLR,Purchase,Entertainment,75909.67,COP,18.98,ATM,SUC-KY2QIURA,Conciertos Live,Entertainment,Colombia,Barranquilla,Approved,00,False,,3.8426632,-73.5542523
TRX-TBGUU0YY3PSS9AK191QQ,2026-05-28 13:32:29,2026-05-28,PRD-PMZZFLCPGHLQ,CLI-3VIX53DNJB86,Payment,Food,1057786.93,COP,264.45,ATM,SUC-2LW7L4Y3,,,Colombia,Cartagena,Approved,00,False,2.34,,
TRX-CMON17ZOGGAYKYRRSWXR,2026-05-28 21:47:40,2026-05-28,PRD-YJVOVLRGKZBO,CLI-IYHITEV8W773,Purchase,Food,356.29,USD,,App,,Mercado Central,Food,México,Tijuana,Approved,00,False,26.41,,
TRX-SN4LQ50GA6JGJ304IONA,2026-05-28 21:43:10,2026-05-28,PRD-AR3ODI5U79BW,CLI-8UOU3D4JZJBX,Transfer,,8191.68,USD,,Web,,,,México,Ciudad de México,Approved,00,False,,,
TRX-9KKTR2D2A68FLMV32JYA,2026-05-28 15:33:46,2026-05-28,PRD-V6IUPX90VKKS,CLI-GUQ1VV96614C,Transfer,,7895.27,USD,,App,,,,Argentina,,Approved,00,False,18.32,,
TRX-A4NVV373XOHUPGDP8A6W,2026-05-28 19:13:42,2026-05-28,PRD-148DTI7IFIGJ,CLI-RTJLL1NBRQLM,Withdrawal,,1366690.19,COP,341.67,ATM,SUC-GPTCLR0Q,,,Colombia,,Approved,00,False,3.33,,
TRX-RV99Q4PYAWV72VKFX2RY,2026-05-28 22:13:58,2026-05-28,PRD-FKB0KX89ZCA0,CLI-1EQPY6336MB4,Payment,Entertainment,409097.39,ARS,1168.85,POS,,,,Argentina,,Approved,00,False,8.01,,
TRX-C5M75ZNGB1MOC2Z4CGF0,2026-05-28 23:38:26,2026-05-28,PRD-IXE0WJZPEH87,CLI-LQ7CFT3J5FX6,Deposit,,1751.29,USD,,ATM,SUC-JARPMK7O,,,Colombia,Cali,Approved,00,False,28.55,,
TRX-IIKO5PPH5AGNBEEQ9G31,2026-05-29 01:59:49,2026-05-28,PRD-0MDC4545OOSE,CLI-DGTVCWT79D3T,Purchase,Services,1065081.8,COP,,POS,,Servicios Públicos,Services,Colombia,Barranquilla,Approved,00,False,21.39,,
TRX-T8HIBLRU0FECHIXW7HW9,2026-05-29 04:15:22,2026-05-28,PRD-88U8U8DH9EBU,CLI-2R8GJCFO01XS,Withdrawal,,394.81,USD,,POS,,,,México,Ciudad de México,Approved,00,False,13.13,,
TRX-KA8BXPZENS417ML3O7X3,2026-05-28 17:29:06,2026-05-28,PRD-T2PH023WE2Y0,CLI-CNGK5SEUAV43,Purchase,Food,338.72,USD,,POS,,Tienda Don José,Food,México,Tijuana,Pending,51,False,16.66,-0.3121808,0.272039
TRX-GHRTI1PLOZXDGU1B0HVT,2026-05-28 12:02:28,2026-05-28,PRD-RF1PYO8I0YWF,CLI-MHG9PWFRW9PW,Transfer,,36662807.71,COP,9165.7,Transfer,,,,Colombia,Cali,Approved,00,False,,,
TRX-ERET1F0N1PNXY9DLJNXT,2026-05-28 10:56:31,2026-05-28,PRD-0EUWPSB2CDIK,CLI-GPBBO1EV6JL1,Purchase,Health,71416.95,ARS,204.05,App,,Laboratorio Central,,Argentina,Rosario,Approved,00,False,15.11,,
TRX-BX7PNOHF6XGWLXF54XP6,2026-05-28 09:13:51,2026-05-28,PRD-IDONJ6JC1N34,CLI-Q3DYU3IZT3FK,Purchase,Food,210.87,USD,,App,,Mercado Central,Food,México,Querétaro,Reversed,14,False,18.93,,
TRX-37IYSAUWC5O6DZTF20UN,2026-05-28 20:42:39,2026-05-28,PRD-ZDCK7HLIGPK2,CLI-Z8J6UMZV00J7,Payment,Food,5016455.15,COP,1254.11,ATM,SUC-JA4P9IIP,,,Colombia,Cali,Declined,51,False,,,
TRX-ZLFBYSHV94BOV1XJNCRT,2026-05-28 11:00:14,2026-05-28,PRD-RJPNSZ0AWJ1P,CLI-ZV0EGRUC05C0,Purchase,Other,125.8,USD,,Branch,SUC-P65ZGVH3,Centro Comercial,Other,México,Querétaro,Approved,00,False,9.63,,
TRX-LMXMTUVBOO06K3OR4TQY,2026-05-29 00:13:17,2026-05-28,PRD-3L3BOD39C5A2,CLI-KXTY1QRMUY6U,Transfer,,726.29,USD,,ATM,SUC-EN5GYCON,,,México,Ciudad de México,Approved,00,False,26.84,,
TRX-IM6T1LFEF0Z7UG84E0GH,2026-05-29 01:23:26,2026-05-28,PRD-8RAEHPPXNKL3,CLI-FOJFSI00SDPL,Purchase,Entertainment,58.45,USD,,App,,Cine Premium,Entertainment,Colombia,,Approved,00,False,6.51,,
TRX-5SRPM469EYSQHXJU9556,2026-05-28 13:42:08,2026-05-28,PRD-F7GVCQM52ARV,CLI-OE5JPZHE3LVA,Purchase,Food,162.58,USD,,ATM,SUC-8RYAQ0NO,Tienda Don José,Food,México,Puebla,Approved,00,False,10.44,,
TRX-2CKN3E4N4MDO1VCGZH3K,2026-05-29 03:41:54,2026-05-28,PRD-W032NA7IIX96,CLI-H6KD5LY96QE9,Transfer,,7871.57,USD,,ATM,SUC-E4V48SY3,,,México,Puebla,Approved,00,False,7.34,,
TRX-QPFUPHP1B5R0LB2NIGAX,2026-05-29 02:28:51,2026-05-28,PRD-A6ET2V2ONZAA,CLI-Q72REYUKL793,Withdrawal,,317.74,USD,,POS,,,,México,,Declined,,False,26.68,0.2153934,0.177625
TRX-9QA088ICOZNU8LIAJM4Y,2026-05-28 23:14:47,2026-05-28,PRD-A82WN4U8KY3F,CLI-WG3U90DDJDZD,Transfer,,1687125.6,ARS,4820.36,ATM,SUC-3JIR51SL,,,Argentina,Córdoba,Approved,00,False,28.39,-34.0147566,-58.7294927
TRX-JXUW1WZPMX2W0IU9Z31Z,2026-05-29 03:44:26,2026-05-28,PRD-P50Q7I9TOZVB,CLI-2Z6Y3O0Y8PMJ,Transfer,,2706827.42,ARS,7733.79,POS,,,,Argentina,Mendoza,Approved,00,False,22.15,,
TRX-J168QOC84KBATRFZQTQ7,2026-05-28 19:48:10,2026-05-28,PRD-1Z5YJSMBEV0X,CLI-ZN3M58OMI0ZZ,Deposit,,852.61,USD,,ATM,SUC-CUMTPAM3,,,México,Querétaro,Approved,00,False,13.84,,
TRX-Z6P1MR6DN4I7IKVAO40Z,2026-05-29 05:26:15,2026-05-28,PRD-R4A6T738X4I1,CLI-EURYAU5QJRN6,Payment,Entertainment,1420.84,USD,,ATM,SUC-Z39EOE70,,,México,Querétaro,Approved,00,False,22.29,-0.0796855,-0.5645423
TRX-89YNM2KW7E1KCRL9A0A0,2026-05-29 04:22:58,2026-05-28,PRD-8H6I3UKVMS1A,CLI-F0Z6ZGK4VBGX,Withdrawal,,1611856.47,COP,402.96,App,,,,Colombia,Cali,Approved,00,False,18.96,,
TRX-K8RY0LF0KIOBT4XJ6VV6,2026-05-28 15:08:07,2026-05-28,PRD-0687EUDI9EZD,CLI-T8OMNJN6F2BJ,Payment,Food,334.35,USD,,Web,,,,Colombia,Cartagena,Approved,00,False,28.24,,
TRX-5ZDQAU4VNLK5SDKBFG0H,2026-05-28 16:34:49,2026-05-28,PRD-M4VLOMLVR12M,CLI-BD42SHR06ZP7,Transfer,,2090.43,USD,,Web,,,,México,Tijuana,Approved,00,False,2.67,,
TRX-OY1VC3KRQMQ0A83BZYDU,2026-05-29 05:56:37,2026-05-28,PRD-FNK1FRZTXHTP,CLI-919JL8JYQ6O6,Purchase,Food,35.85,USD,,ATM,SUC-9W1MT1C4,Tienda Don José,Food,México,Tijuana,Approved,00,False,22.45,,
TRX-Q7937R0RIY4HLQ07X9PG,2026-05-28 06:04:19,2026-05-28,PRD-YDJDRORT7IQ5,CLI-SPTB3ZID5NZ3,Payment,Other,1244.29,USD,,POS,,,,México,Querétaro,Approved,00,False,,,
TRX-M1THGFLQIEOXI1FDBFJ5,2026-05-29 02:04:28,2026-05-28,PRD-LC8VT8WC1E61,CLI-TJRHC4U2ICPQ,Transfer,,9548367.12,COP,2387.09,POS,,,,Brazil,Rio de Janeiro,Approved,00,False,9.29,4.3586062,-73.3382784
TRX-9CI8705NFG4ZRF9P7WP0,2026-05-28 15:41:24,2026-05-28,PRD-9PSOVUOLMY8N,CLI-KNXX5LUWD8V0,Transfer,,18863035.44,COP,4715.76,POS,,,,Colombia,,Approved,00,False,,,
TRX-TNK8R34T4BVY9303K4WH,2026-05-29 04:16:10,2026-05-28,PRD-DM8L665NIUZD,CLI-0LTYIAEJOC3W,Withdrawal,,374.5,USD,,POS,,,,USA,New York,Declined,14,False,10.72,-0.8786509,0.4873853
TRX-QIJQJNEX8TBVGGHBIYBC,2026-05-29 03:53:57,2026-05-28,PRD-E638I6QZ4WR8,CLI-V4C7XZK267S6,Purchase,Transport,64296.96,ARS,183.71,ATM,SUC-7TUK3JBL,Uber,Transport,Argentina,,Approved,00,False,4.36,,
TRX-W81AGOTX0L9SBMDXMG5N,2026-05-28 14:12:47,2026-05-28,PRD-H9K1JZU7KUFP,CLI-2HVR2HT59Z2H,Deposit,,143.22,USD,,Web,,,,México,Guadalajara,Approved,00,False,29.3,,
TRX-V8IR51OI5JHC0KNYGE5G,2026-05-28 07:59:21,2026-05-28,PRD-MQQZN9LRY0OD,CLI-0OQ1F0HQE9KA,Purchase,Food,233.29,USD,,POS,,,Food,México,,Approved,00,False,17.38,,
TRX-Y2JHODIY0Z4X0P97HRBW,2026-05-29 01:13:39,2026-05-28,PRD-8DQKGKDKCR4J,CLI-O95ZBYYNF72P,Payment,Food,5679839.91,COP,1419.96,ATM,SUC-A4SSWF0H,,,Colombia,Bogotá,Approved,00,False,15.82,4.4158018,-73.6147978
TRX-8ZINGUP7KRZ86OXNB9O2,2026-05-29 04:33:54,2026-05-28,PRD-QP3L8HGLVB8L,CLI-HCEEVJQ6WHD1,Transfer,,5386.28,USD,,ATM,SUC-07AK38PR,,,Colombia,Cartagena,Approved,00,False,19.94,,
TRX-W1FCWUL4T88BZEQKPB85,2026-05-28 19:37:56,2026-05-28,PRD-38Q3OQI5ZA98,CLI-KDXOIJGUU761,Withdrawal,,379.97,USD,,ATM,,,,México,Puebla,Approved,00,False,12.32,,
TRX-273F0VV25SP6XOWICO4M,2026-05-28 19:44:04,2026-05-28,PRD-TPA0AAXCLP0D,CLI-ZLZ31CDQ9L4X,Deposit,,3635.34,USD,,Web,,,,México,Querétaro,Approved,00,False,18.23,,
TRX-LCHD8ELMLTLQQN5GY11D,2026-05-28 06:44:28,2026-05-28,PRD-1NUD03NHDUNB,CLI-W10K7017AJRJ,Withdrawal,,123.46,USD,,Web,,,,Mexico,,Approved,00,False,,,
TRX-OZAR7CP2Z58Q105N3DLI,2026-05-28 16:09:03,2026-05-28,PRD-433A6TPQGMG5,CLI-CAPMN8URDFQ4,Deposit,,2940.52,USD,,POS,,,,México,Puebla,Approved,00,False,,,
TRX-99TXYXZ1PY64DTC0NTDR,2026-05-28 12:22:09,2026-05-28,PRD-W6D8X1DP701Y,CLI-MAHKP4I8U5QS,Adjustment,,953.31,USD,,ATM,,,,México,Tijuana,Approved,00,False,13.8,0.7108795,-0.085278
TRX-09Y97SRT77GBQVWCYI4G,2026-05-28 16:47:19,2026-05-28,PRD-9XZRO4KXNFR3,CLI-SVQG7N3YPI69,Purchase,Services,226593.88,COP,56.65,Web,,Cable TV,Services,Colombia,Bogotá,Approved,00,False,,,
TRX-CH0DLDYSAAJRGMBRLSBT,2026-05-28 12:01:24,2026-05-28,PRD-F679GJGT1JDZ,CLI-8CMLZ8WI687Q,Payment,Other,813.59,USD,,POS,,,,México,Tijuana,Approved,00,False,11.6,,
TRX-7G60QOFFOY5KDNDUE4U9,2026-05-28 21:04:46,2026-05-28,PRD-S4JGZCTLE63U,CLI-3MKWMFARY7TR,Payment,Transport,915792.18,COP,228.95,App,,,,Colombia,Bogotá,Approved,00,False,,,
TRX-6RPFBETNRQPW5CU9MKVG,2026-05-28 16:56:37,2026-05-28,PRD-S1U90NC1XY70,CLI-EZ82IZ9HC1AT,Deposit,,1757.28,USD,,POS,,,,México,Puebla,Approved,00,False,17.36,,
TRX-Z6837FCV67D1E68T7XAE,2026-05-28 22:40:34,2026-05-28,PRD-CIMLEISEO4HZ,CLI-5EHBI97RO7VB,Withdrawal,,369.69,USD,,Branch,SUC-I8M9CS2Y,,,México,,Approved,00,False,16.22,0.5191596,0.8773621
TRX-7XNFTAPWXYLB0T2IJ41B,2026-05-28 07:26:31,2026-05-28,PRD-FGLA2X9U7AAY,CLI-ARFISSX29KH6,Deposit,,3776.49,USD,,POS,,,,Colombia,Cartagena,Approved,00,False,12.67,,
TRX-JWO81VN1HA735MJKNI9E,2026-05-28 07:37:38,2026-05-28,PRD-OHPIQEBAXBQM,CLI-ZT1DWE939NQV,Withdrawal,,291.66,USD,,App,,,,México,Puebla,Approved,,False,13.44,,
TRX-ZUBXW77GIALS25NZ6TKX,2026-05-28 14:36:22,2026-05-28,PRD-GHL2SUOFBT7K,CLI-KHR1IOB8Q6A1,Payment,Food,653.76,USD,,Web,,,,México,Tijuana,Approved,00,False,15.94,,
TRX-50GYXB9AKN6SZ303UZY7,2026-05-28 18:02:00,2026-05-28,PRD-69ASVC6KUCN6,CLI-L93SMKAA2EGU,Payment,Entertainment,527.81,USD,,Branch,SUC-EXKJNP13,,,Colombia,Cartagena,Approved,00,False,24.27,,
TRX-3Y5KKO49RJIM1HVCW2G9,2026-05-28 21:04:10,2026-05-28,PRD-Q9CWW5BMZ1WC,CLI-RRRWMVDMCVPD,Withdrawal,,401.77,USD,,ATM,SUC-4JYR8GOV,,,Argentina,Buenos Aires,Approved,00,False,4.69,,
TRX-L7UGYCEOIHP0DD09OVLJ,2026-05-28 14:16:21,2026-05-28,PRD-BC6YK71PZ3L0,CLI-TKM9RBENA3CV,Payment,Food,434.25,USD,,POS,,,,México,Monterrey,Approved,00,False,,0.2132076,0.2786289
TRX-OT3F1VPNLGJSJ5KOPSUM,2026-05-28 18:15:58,2026-05-28,PRD-C72GI13DE705,CLI-MYJI43K04LY5,Purchase,Food,30541.57,ARS,87.26,POS,,Super Ahorro,Food,Argentina,Rosario,Approved,00,False,0.84,,
TRX-BOMX7HNMXSLYJ5N3301S,2026-05-29 04:51:47,2026-05-28,PRD-ZWW40D11TLI6,CLI-05HWLFNKF2TE,Transfer,,1372126.17,ARS,3920.36,POS,,,,Argentina,Rosario,Approved,00,False,,,
TRX-JB9KRB2N3AYNXYUGBWFJ,2026-05-28 07:52:46,2026-05-28,PRD-CT03FXL7T17X,CLI-KWTJ7VWRZNFB,Payment,Other,507761.27,ARS,1450.75,ATM,SUC-8433QXQ4,,,Argentina,Buenos Aires,Approved,00,False,13.59,,-58.335685
TRX-TFR4O0ZRWT1M7HJYHYOH,2026-05-28 13:38:50,2026-05-28,PRD-O8AJ3KU28U4D,CLI-3EL3E2Z9R4KX,Payment,Entertainment,110.26,USD,,POS,,,,Argentina,La Plata,Approved,00,False,10.25,-34.5860263,-58.3688359
TRX-HG55QM02PR6JH9BRNJOF,2026-05-28 15:49:01,2026-05-28,PRD-LC22ZWO04WTM,CLI-I75KCHAIG3KC,Withdrawal,,51.55,USD,,POS,,,,México,Monterrey,Approved,00,False,23.67,,
TRX-YSG5L01SKH0B7J3WR3PC,2026-05-29 03:28:06,2026-05-28,PRD-AFRNBH24ORTY,CLI-RVGTNBTKCJOE,Deposit,,3914.66,USD,,Web,,,,México,Monterrey,Approved,00,False,27.86,,
TRX-MXT6Z80LL4FPDFVVDLPT,2026-05-28 16:07:40,2026-05-28,PRD-GYBAOX6ZXIGG,CLI-ZKLIED0GEAUR,Purchase,Services,1272554.27,COP,318.14,App,,Internet Plus,Services,USA,Houston,Approved,00,False,12.4,,
TRX-6EHIWTZ4FNAV1HX8TAJW,2026-05-28 19:51:34,2026-05-28,PRD-KH6POBIISYBR,CLI-TBWDZXQ4AU3U,Withdrawal,,236.91,USD,,ATM,SUC-HFPBAT4U,,,México,Monterrey,Approved,00,False,,0.9639963,0.1210368
TRX-I57JQQ31EFXEJY6QZ0XB,2026-05-29 03:42:38,2026-05-28,PRD-WWRH0N3G6TLF,CLI-GP4GHQ36KJ97,Withdrawal,,254.52,USD,,App,,,,México,Tijuana,Approved,00,False,29.64,,
TRX-5BDRUER7U03QSXEQ8S5X,2026-05-29 05:36:50,2026-05-28,PRD-H44E216D9UI0,CLI-XG7UMX6KG6F1,Payment,Food,919842.75,COP,229.96,POS,,,,Colombia,Medellín,Declined,14,False,10.71,,
TRX-VW8V9EN5O18DB429OSEL,2026-05-28 22:32:35,2026-05-28,PRD-BGJRJ2U4CXBO,CLI-K97I6WLHO6PF,Adjustment,,650.24,USD,,App,,,,México,Guadalajara,Approved,00,False,,,
TRX-5QV6Z5WEJR1ARP3F6ZCM,2026-05-28 23:12:03,2026-05-28,PRD-DC39OF915J57,CLI-AQJGECRTJ08J,Payment,Services,6777149.32,COP,1694.29,Web,,,,Colombia,Cali,Approved,00,False,,,
TRX-A68ZELF2BZ6FQWFOHT9H,2026-05-28 12:42:31,2026-05-28,PRD-E2C82QZS7ON5,CLI-TV7X70RADVXA,Deposit,,12579216.99,COP,3144.8,Transfer,,,,Colombia,Medellín,Approved,00,False,27.34,,
TRX-0Y3XTNR3IS8NLTM4GXYF,2026-05-28 23:19:40,2026-05-28,PRD-G7TO8RLETPVQ,CLI-7XPDM20EVZAY,Deposit,,1705.71,USD,,App,,,,México,Tijuana,Approved,00,False,6.41,,
TRX-HY878B7TL9K1Z8E4LXUA,2026-05-28 23:15:23,2026-05-28,PRD-ITO0OW5A2L1K,CLI-Z7FSF8DGSB8A,Payment,Transport,175.72,USD,,POS,,,,México,Querétaro,Approved,00,False,13.58,,0.5047243
TRX-HJAU3FZ6FALKHQCYXQEW,2026-05-29 01:52:20,2026-05-28,PRD-CZ95ZWMB4G6A,CLI-DR7BKB66YKYJ,Purchase,Entertainment,199.43,USD,,ATM,SUC-KNGCTTUB,Streaming Music,Entertainment,México,Monterrey,Approved,00,False,21.96,,-0.7447358
TRX-FNVPQ0AZ48XDD7NW4GIA,2026-05-28 17:38:09,2026-05-28,PRD-TN6B2QHD41N1,CLI-3MPC1XCS5EWG,Payment,Other,6532110.92,COP,1633.03,POS,,,,Colombia,Cartagena,Approved,00,False,24.39,5.6544149,-74.7761747
TRX-VYVW4J4D4ZP7IV1DQARD,2026-05-28 17:13:36,2026-05-28,PRD-T8HGIVUX3A00,CLI-WYPZTZBX54IM,Withdrawal,,158845.31,ARS,453.84,ATM,SUC-RKWUVL31,,,Argentina,Córdoba,Approved,00,False,12.48,,
TRX-6DQ3IMFD8YIFY4ZAX513,2026-05-28 18:52:47,2026-05-28,PRD-XEFUVDKS4PRT,CLI-D8Y7G2K9L618,Withdrawal,,103338.15,ARS,295.25,ATM,SUC-EHE8V9YO,,,Argentina,,Approved,00,False,21.86,,
TRX-BWC13NHTIH0NVJ5PLL1T,2026-05-28 17:36:18,2026-05-28,PRD-AWSIIFABLJVG,CLI-JXYFISFSRXQ1,Transfer,,13322341.65,COP,3330.59,ATM,SUC-7P0XNXTG,,,Colombia,Cali,Declined,05,False,6.79,5.4002921,-73.3092269
TRX-W3HXCMI026FZ3VNG362X,2026-05-28 19:09:10,2026-05-28,PRD-F3NTX3T1VCML,CLI-YCJJIIQZEDC3,Transfer,,1577636.16,ARS,4507.53,POS,,,,Argentina,La Plata,Approved,00,False,,-35.1565108,-58.8735068
TRX-5PHC819YIYK174DLJO91,2026-05-29 05:20:11,2026-05-28,PRD-XEISWP9SJ8EG,CLI-BNZMKR1TKUL5,Payment,Food,5074402.93,COP,1268.6,POS,,,,Colombia,Bogotá,Approved,00,False,,,
TRX-BFNAMQ66F20EMRIFOK2A,2026-05-28 12:35:09,2026-05-28,PRD-5NMR2DRQ6O9S,CLI-TJT6WW79K2TW,Withdrawal,,212.12,USD,,Web,,,,México,Querétaro,Approved,00,False,21.36,,
TRX-PKBFJZ6TKAM311R40MVB,2026-05-28 18:25:20,2026-05-28,PRD-9KMWRPXRG6S4,CLI-4E6DQ002TNNK,Purchase,Services,190.4,USD,,App,,Internet Plus,Services,México,,Declined,54,False,10.55,,
TRX-LRCLSYX3MSHQENUV43O0,2026-05-29 02:59:47,2026-05-28,PRD-5NGA6XLBT8MZ,CLI-0OJSOGWO3K7S,Purchase,Food,416.78,USD,,POS,,Mercado Central,Food,México,Monterrey,Approved,00,False,6.1,,
TRX-J01WH5S8ZJ097M25B3BH,2026-05-28 20:49:04,2026-05-28,PRD-X61D5H6YNICL,CLI-9R3BQ1JI9BWG,Deposit,,1106319.25,ARS,3160.91,POS,,,,Argentina,La Plata,Approved,00,False,29.89,-33.6198084,-58.9165203
TRX-GLN63H7U4RC4EC1JZWNW,2026-05-28 09:10:01,2026-05-28,PRD-MSLMMQF7DBC2,CLI-HJJK8VQQFMB4,Purchase,Other,87.99,USD,,Web,,Centro Comercial,Other,Argentina,La Plata,Approved,00,False,16.72,,
TRX-QG9Y51R79BOLJ1TP1KU2,2026-05-28 16:26:09,2026-05-28,PRD-4KKHNFMVOMIX,CLI-Q994STKCF03K,Payment,Food,161928.52,ARS,462.65,App,,,,Argentina,Buenos Aires,Approved,00,False,22.66,,
TRX-1Y6DRYKO4DS9TPSUHI08,2026-05-28 15:18:57,2026-05-28,PRD-M7ZHD600CW14,CLI-TVTL9Q3MLP5Q,Transfer,,1663.27,USD,,App,,,,México,Puebla,Approved,00,False,19.82,,
TRX-W9LGH3K2MP6NJJWP2NVP,2026-05-28 17:02:54,2026-05-28,PRD-DVAS8PH3CENQ,CLI-WMUUC2GWFZQ7,Deposit,,15408287.94,COP,3852.07,ATM,SUC-CBGK7VQE,,,Colombia,Cali,Approved,00,False,11.22,4.5404276,-74.3444193
TRX-OMNFNC92QNHBDJ8V46SK,2026-05-28 13:33:07,2026-05-28,PRD-PFTH6JLOBD6P,CLI-FRIEBMUIBP1A,Deposit,,13869430.82,COP,3467.36,POS,,,,Colombia,Medellín,Approved,00,False,28.91,,
TRX-Y0GB8SF4FN4XN4J680MM,2026-05-28 10:14:13,2026-05-28,PRD-UDJFQI1VYI9P,CLI-1B9VZL4UWGQ9,Transfer,,4924.43,USD,,ATM,SUC-XUG645G9,,,México,Tijuana,Approved,00,False,4.41,,
TRX-VDM0TSWJ7OZH1JYVOHDQ,2026-05-28 12:34:58,2026-05-28,PRD-0Q41D8R3AF7Z,CLI-UGWRZSSS7B98,Payment,Services,4377598.46,COP,1094.4,POS,,,,Colombia,Cartagena,Approved,00,False,4.64,,
TRX-A343MCHPK3DZA0BX7IMA,2026-05-28 09:42:03,2026-05-28,PRD-IQTKI28RQOB5,CLI-VKWRKW3365AC,Adjustment,,116879.94,ARS,333.94,ATM,SUC-UVQ9U0YO,,,Argentina,Córdoba,Approved,00,False,11.74,,
TRX-8QJSR6M8LJI1RFAIHIOL,2026-05-28 19:01:36,2026-05-28,PRD-86JM4XPME3BL,CLI-48PALZD6FOE5,Deposit,,503169.18,ARS,,ATM,SUC-K32WS6T0,,,Argentina,La Plata,Declined,05,False,8.98,,
TRX-G22IKMINMU4PXZ3DYE53,2026-05-29 00:33:34,2026-05-28,PRD-ZI1O5NOM6543,CLI-EHLXXYJFFJU5,Deposit,,1156373.6,ARS,3303.92,POS,,,,Argentina,Mendoza,Approved,00,False,28.69,,
TRX-YMEG7N0QA7T1V83EZKMN,2026-05-29 04:28:37,2026-05-28,PRD-LCI0H4QY0HWI,CLI-VA5HW4NELPC8,Deposit,,68.66,USD,,App,,,,México,Puebla,Approved,00,False,4.47,,
TRX-42QLT371AFZKGPHNWSU9,2026-05-28 11:38:37,2026-05-28,PRD-H08B37CQUXFO,CLI-T5H9JDZNGXRP,Transfer,,39069987.58,COP,9767.5,POS,,,,Colombia,Cartagena,Approved,00,False,23.5,,
TRX-UXKMGBR30UBX1Z3U0ZGQ,2026-05-28 13:46:26,2026-05-28,PRD-OTKNISEO6NLQ,CLI-IRUQ64S6YQPR,Withdrawal,,144.12,USD,,POS,,,,México,Tijuana,Approved,00,False,0.59,,
TRX-2NSSE0EALAZ7AA7RFJ6H,2026-05-29 00:45:21,2026-05-28,PRD-WH3NVI7GNW0B,CLI-3FLN50FGQDSK,Purchase,Other,108164.82,ARS,309.04,POS,,Centro Comercial,Other,Argentina,,Approved,00,False,25.2,,
TRX-M0E66LVETDH2E76PRW3U,2026-05-28 18:47:12,2026-05-28,PRD-C4N4FQ3TCJWQ,CLI-LYP8MZRZN2FJ,Payment,Other,1699.54,USD,,ATM,SUC-BMVBUHCL,,,Argentina,Córdoba,Approved,00,False,24.03,-34.7218066,-58.8178127
TRX-GOZMJ410G2B9KAB8KIUQ,2026-05-28 19:14:06,2026-05-28,PRD-4QG8QPZFPQCE,CLI-Y4O1D4LBFX4V,Withdrawal,,74.17,USD,,ATM,SUC-JJT8C9XQ,,,México,Querétaro,Approved,00,False,22.47,,
TRX-KAQRXV3D48HMORR0IL7I,2026-05-29 00:18:05,2026-05-28,PRD-2COX1QB3ZRSH,CLI-RPZT5Z4BPD3Q,Withdrawal,,1281417.08,COP,320.35,App,,,,Colombia,Medellín,Approved,,False,11.87,,
TRX-5DDGJTFGGI5DHYEQ7ZIJ,2026-05-28 17:15:05,2026-05-28,PRD-IPNHDRZHZVKK,CLI-39SKVGC8J2YL,Purchase,Food,47.04,USD,,Branch,SUC-VV9NKH6E,Restaurante El Buen Sabor,Food,México,Tijuana,Approved,00,False,2.98,,
TRX-VAM0YN9OVDEEKG5L7L2A,2026-05-28 10:23:21,2026-05-28,PRD-QF5DUQSBC5J7,CLI-PK4CE2FEPMJ7,Transfer,,2698720.5,ARS,7710.63,App,,,,Argentina,Mendoza,Approved,00,False,14.19,,
TRX-GF1UQFR1UII7HLNWE0K5,2026-05-28 07:29:14,2026-05-28,PRD-B5Y2387Y4WOI,CLI-DB0FMUJP7YD1,Payment,,2359982.15,COP,590.0,ATM,,,,Colombia,Bogotá,Approved,00,False,23.37,4.6362466,
TRX-LS1C6AZ8JG90D7XL3N1B,2026-05-28 17:05:33,2026-05-28,PRD-LZRKN8HETYAU,CLI-RL2VC6U5VN67,Payment,Health,2675493.16,COP,668.87,POS,,,,Colombia,Cartagena,Approved,00,False,,,
TRX-E8WBAVLLGUJ6COHOM4N0,2026-05-29 04:49:48,2026-05-28,PRD-CQGI6VNDV36U,CLI-T740V30LTZCI,Withdrawal,,306.38,USD,,ATM,SUC-JDSJM3BZ,,,México,Puebla,Approved,00,False,19.01,,
TRX-JFV542OA7799PW986MAT,2026-05-28 07:47:25,2026-05-28,PRD-VFPUJM4D3PAR,CLI-R0QAKHQ2MYV8,Transfer,,8959.19,USD,,App,,,,México,Guadalajara,Approved,00,False,28.03,,
TRX-QTOW7WOZ6RARY8AVFFD9,2026-05-29 00:58:04,2026-05-28,PRD-O2OX14TWSBJE,CLI-QDJRH0WC3HS3,Withdrawal,,43.08,USD,,Transfer,,,,México,,Reversed,51,False,28.45,,
TRX-H2KW1LJ9MI8YT1ODVW50,2026-05-29 01:46:54,2026-05-28,PRD-T21XZEXY0O5Q,CLI-CNDYQ0VRXPLZ,Withdrawal,,340.6,USD,,POS,,,,México,Querétaro,Approved,00,False,11.44,-0.8766075,0.185908
TRX-HGRD1EUDS3ZG00HH8RB2,2026-05-28 16:12:08,2026-05-28,PRD-LI8TGAZJFEHL,CLI-9KVMV6SF3RD1,Deposit,,3237.77,USD,,POS,,,,México,Monterrey,Approved,00,False,19.73,,
TRX-VQAV4PTBFFUR1HO2KZPX,2026-05-28 07:41:46,2026-05-28,PRD-W4DSIYKBCNLP,CLI-09S0XDRGUZIT,Purchase,Food,417.8,USD,,POS,,Super Ahorro,Food,México,Puebla,Approved,00,False,19.63,,
TRX-C45Y3H9QJ4MRRWBVZRM5,2026-05-29 03:13:15,2026-05-28,PRD-O0F0NS0SN53J,CLI-ORPUPI2SD9NF,Purchase,Transport,739698.48,COP,184.92,POS,,Estación de Servicio,Transport,Colombia,Bogotá,Approved,00,False,26.11,,
TRX-8TS5M4NELKV4Z66GGDU2,2026-05-28 08:14:34,2026-05-28,PRD-ZPM6FUPBYZ5L,CLI-WUCGXYH2FA8V,Payment,Other,253978.93,ARS,725.65,Branch,SUC-7HQXDYLE,,,Argentina,La Plata,Approved,,False,5.04,,
TRX-97L363PZU12ZL9E6HCD0,2026-05-28 16:46:06,2026-05-28,PRD-LIM5XPXTRFG3,CLI-OSXC8GDMKDV4,Deposit,,381.51,USD,,POS,,,,México,Tijuana,Approved,00,False,19.26,,
TRX-BMIEZQWRDS0DMHZ8XTVQ,2026-05-28 14:53:19,2026-05-28,PRD-Y7BG834E6C46,CLI-CJPE07DEZTD6,Purchase,Services,172.86,USD,,POS,,Empresa Telefónica,Services,México,Puebla,Approved,00,False,10.06,,
TRX-5NTIAP9YTY2NYVFVUP0I,2026-05-28 20:58:54,2026-05-28,PRD-0O3Z4G7ESO7Y,CLI-KJ9GSSJLJPAZ,Adjustment,,765.1,USD,,ATM,SUC-P65ZGVH3,,,México,Monterrey,Approved,00,False,25.75,,
TRX-FROH9IKMTTMK75LGLOTU,2026-05-29 05:25:26,2026-05-28,PRD-M0S6QGZ43FYG,CLI-WWVHRRPN4W9J,Payment,Food,1940.72,USD,,App,,,,México,Monterrey,Approved,00,False,20.37,,
TRX-SXHWEB4UWSZF77DEPH23,2026-05-28 20:57:03,2026-05-28,PRD-9F5V38273S52,CLI-PRCCX466X0BO,Deposit,,11626225.38,COP,2906.56,ATM,SUC-KY2QIURA,,,Colombia,,Approved,00,False,17.89,,
TRX-PQV1ODZTEKDAPQO9EKBZ,2026-05-29 01:04:05,2026-05-28,PRD-1ALA38SNAHPA,CLI-LUEZNYUK35QR,Purchase,Transport,100.16,USD,,App,,,Transport,México,Monterrey,Approved,00,False,7.9,,
TRX-NDRPQYSE35QHKKBJDRVD,2026-05-28 08:39:22,2026-05-28,PRD-7CQNUCCRYN5Z,CLI-4GLK08O6YTWT,Withdrawal,,111.06,USD,,Transfer,,,,México,Guadalajara,Approved,00,False,1.51,,
TRX-C8LX0PCOD3JRFEIWBNXA,2026-05-28 19:46:28,2026-05-28,PRD-WRT06FOG2A07,CLI-RTV1PKM26IQ6,Transfer,,3295278.75,ARS,9415.08,ATM,SUC-O09F6PWJ,,,Argentina,Buenos Aires,Approved,00,False,,,
TRX-DKBVZ40W5Y4N5JBN2HEK,2026-05-28 11:29:18,2026-05-28,PRD-XC2M1B01C49X,CLI-IDE3YXJ9315A,Deposit,,1131595.46,COP,282.9,ATM,SUC-JA4P9IIP,,,Colombia,Cartagena,Approved,00,False,27.53,,
TRX-NYEKIXASWYTTECYGBARO,2026-05-28 19:09:06,2026-05-28,PRD-6WUADQA7AEUM,CLI-3OZD8GXOHIZ6,Deposit,,2950.6,USD,,App,,,,México,Ciudad de México,Approved,00,False,15.59,,
TRX-QEBL34DL1I04D8653F0O,2026-05-28 09:08:45,2026-05-28,PRD-WZEWITH71R4I,CLI-03VPCXIPQSHG,Deposit,,4059.55,USD,,POS,,,,México,Ciudad de México,Approved,00,False,13.19,,
TRX-CABHJJBMZ1X4SHM7CQI7,2026-05-28 12:13:29,2026-05-28,PRD-ZV86ZQBKIBYO,CLI-9L7MVGKV1JWY,Transfer,,4498.98,USD,,Transfer,,,,México,Monterrey,Pending,54,False,,,
TRX-P7X3EPYDJB08E2K99CSU,2026-05-28 06:02:31,2026-05-28,PRD-T3DRIO10JO2R,CLI-XYFOF8X3V7JV,Purchase,Other,1096301.09,COP,274.08,App,,Boutique Moda,Other,Colombia,Barranquilla,Approved,00,False,24.56,,
TRX-QUREEK4OGFG15A5D4BSH,2026-05-28 13:32:52,2026-05-28,PRD-6JQCR2K0JJTB,CLI-3212PIN6O3XG,Payment,Food,7710914.98,COP,1927.73,ATM,SUC-2LW7L4Y3,,,Colombia,Bogotá,Approved,00,False,17.34,5.5602659,-75.0694425
TRX-KIPXPGIEY7OZW8L90ADC,2026-05-28 16:28:28,2026-05-28,PRD-2FT2BTFRZJX9,CLI-A5814XOWFAQB,Purchase,Other,1752718.75,COP,438.18,ATM,SUC-H9U13579,,Other,Colombia,Cartagena,Approved,00,False,14.41,,
TRX-4HJSZUW5FOAIGUDQ2LVA,2026-05-29 00:49:10,2026-05-28,PRD-4SBKIY2KGO80,CLI-NAXTGZY72VHA,Withdrawal,,248362.35,COP,62.09,Web,,,,Colombia,Medellín,Declined,54,False,8.04,,
TRX-816331YX5K60GHVQUYN5,2026-05-28 18:23:45,2026-05-28,PRD-AMM2JLFC8Z11,CLI-ZOYX6MZ2PU10,Withdrawal,,461.59,USD,,ATM,SUC-YIS5JECV,,,México,Ciudad de México,Approved,00,False,29.32,-0.1390877,0.0589408
TRX-1R72IFT6ZIV06KQUMY87,2026-05-29 01:37:57,2026-05-28,PRD-1OYQGXUXQCCB,CLI-9F26JDVO8S43,Transfer,,6638.13,USD,,Web,,,,México,Monterrey,Pending,14,False,7.01,,
TRX-WMWO5A08LZ13HG4P1U0V,2026-05-28 11:26:55,2026-05-28,PRD-TRV6BTZPPNEY,CLI-UO3WK87N0C21,Withdrawal,,80.49,USD,,POS,,,,México,Puebla,Declined,51,False,11.16,,
TRX-E9C7DF0LNQRYHZOKZ1DA,2026-05-28 17:00:55,2026-05-28,PRD-YKQVK3DIG17H,CLI-09U9V1OPEEQP,Withdrawal,,112.76,USD,,ATM,SUC-RJSJ0B0X,,,México,Ciudad de México,Approved,00,False,4.45,-0.1018329,0.3607257
TRX-YZA8H2PBRGY758DWEHAL,2026-05-28 12:57:37,2026-05-28,PRD-W80K59A5ZERU,CLI-NEQOLBYSGZOS,Withdrawal,,20.67,USD,,App,,,,México,Guadalajara,Approved,00,False,25.09,,
TRX-A42WPGM0SZJ9IVAXSOYS,2026-05-28 12:13:47,2026-05-28,PRD-J3ZTUZ7P3DX8,CLI-RB69FN8KJGA4,Purchase,Food,27.22,USD,,Web,,Tienda Don José,Food,México,Monterrey,Approved,00,False,3.73,,
TRX-4XD2U6VJE4FNYVOZYAHG,2026-05-29 00:51:58,2026-05-28,PRD-YLSHCIO8CZP5,CLI-U10HT7UXSZ9G,Payment,Other,1542.06,USD,,Web,,,,México,,Approved,,False,12.24,,
TRX-2E8G2UT95EHLJ56OJ32V,2026-05-28 22:34:56,2026-05-28,PRD-KZFC7TT7AQ3V,CLI-OPYS0W493CM3,Adjustment,,96586.01,COP,24.15,Web,,,,Colombia,Bogotá,Approved,00,False,,,
TRX-7NLC5IXD1O8HQWNHAFYW,2026-05-28 12:16:41,2026-05-28,PRD-PZ7HJGHPZDX6,CLI-DXSY2BGQB3OO,Withdrawal,,135948.54,ARS,388.42,POS,,,,Argentina,Rosario,Approved,00,False,21.7,,
TRX-9E30FL5CMA32LZRI9P0S,2026-05-28 21:37:28,2026-05-28,PRD-GZDF7YMUKAXL,CLI-88NIQS87L65Q,Transfer,,9243.48,USD,,Web,,,,México,,Approved,00,False,23.1,,
TRX-JYJUUU1KOHIIWS0C6O9S,2026-05-29 05:36:10,2026-05-28,PRD-B1AI2SOTHRQB,CLI-GROLZ0R6XASG,Transfer,,797.42,USD,,POS,,,,México,Guadalajara,Approved,00,False,,,
TRX-BO7CIP40BRT7FJQ9QI86,2026-05-28 20:47:16,2026-05-28,PRD-U5UFJ423167I,CLI-VUZMUTUXT3N1,Transfer,,8034.63,USD,,POS,,,,México,Querétaro,Approved,00,False,13.38,,
TRX-915BVY0HRGM4SYP8GGO6,2026-05-28 13:59:01,2026-05-28,PRD-61Q7J2J74HT9,CLI-AUM96WCZDIM8,Purchase,Services,208.25,USD,,POS,,Cable TV,Services,México,Ciudad de México,Approved,00,False,15.78,0.4794678,-0.992903
TRX-CDXZ6431QP3N868U5IAY,2026-05-28 08:40:53,2026-05-28,PRD-MRDXWALO4WFB,CLI-PMHWW9DZT593,Purchase,Transport,84790.66,ARS,242.26,POS,,Estación de Servicio,Transport,Argentina,Córdoba,Declined,51,False,13.5,,
TRX-1IOUH5IJWKSRPCASTZBX,2026-05-28 21:57:54,2026-05-28,PRD-946SPCZW2D0X,CLI-KZ3MT52K7FI0,Payment,Health,3400290.77,COP,850.07,App,,,,Colombia,Bogotá,Approved,00,False,14.21,,
TRX-7HIFDNLJCVZGSC9PGNEM,2026-05-29 05:30:17,2026-05-28,PRD-CHOBA4F7CIGD,CLI-CF9M45S4PB1S,Transfer,,2142702.72,ARS,,Web,,,,Argentina,Córdoba,Approved,00,False,17.56,,
TRX-3SBOJ966I6K90RCMQHCV,2026-05-28 13:28:54,2026-05-28,PRD-Z0F33YT71VGD,CLI-AVO3NK5N7XR0,Withdrawal,,1126279.5,COP,,App,,,,Colombia,Cartagena,Approved,00,False,11.18,,
TRX-WAFYZ3DYA1CHERFI69LY,2026-05-28 11:36:49,2026-05-28,PRD-G9B6JENCTW98,CLI-15QMM22J07OE,Withdrawal,,177.13,USD,,ATM,SUC-NZJH5BG1,,,México,Puebla,Approved,00,False,24.1,,
TRX-PKVKVVP1353V91NFY8IV,2026-05-28 13:43:22,2026-05-28,PRD-XFNMD235PB2E,CLI-WUXUL8G37Z38,Purchase,Food,1191182.88,COP,297.8,ATM,SUC-4B1UVBW3,Mercado Central,Food,Colombia,Cali,Approved,00,False,4.96,,
TRX-P76GSGPKYNKG853QE66R,2026-05-29 00:59:04,2026-05-28,PRD-ELD5H4ETEF25,CLI-JJP0U7WQ30X6,Withdrawal,,486.51,USD,,ATM,SUC-1AT6YUKJ,,,México,Monterrey,Approved,00,False,23.12,0.1802055,-0.5157417
TRX-IC0AKEQIZKFFC68CGFTT,2026-05-28 21:12:22,2026-05-28,PRD-673K381KKKXD,CLI-8ZND8YQZ6VEQ,Payment,Other,194.1,USD,,POS,,,,Argentina,Rosario,Approved,00,False,11.15,,
TRX-VZNX1DMJ6AS8WZS56B3F,2026-05-28 10:24:05,2026-05-28,PRD-VGMF15M7WIAN,CLI-Q3XDPTIGB3PP,Deposit,,2018.36,USD,,POS,,,,México,Ciudad de México,Approved,00,False,23.8,,
TRX-DMVFR6ABJP132R2BX3C3,2026-05-28 22:23:16,2026-05-28,PRD-AZMMD1D9R7XO,CLI-UE9IGZ2ZY2ST,Purchase,Other,1404083.8,COP,351.02,POS,,Tienda General,Other,Colombia,Cali,Approved,,False,4.78,,
TRX-6F3KAB60L6OWFFKFV0AM,2026-05-28 10:57:52,2026-05-28,PRD-6D1QZ6C0HS1T,CLI-1O8EHAN18M57,Deposit,,2927.3,USD,,ATM,SUC-74OJEV5Z,,,México,Monterrey,Approved,,False,29.93,-0.9001591,0.0015068
TRX-0HAFACL7UCRUWRS2TIAA,2026-05-28 12:20:16,2026-05-28,PRD-ALZM3ETU6WIJ,CLI-7J9X2J30JWHX,Withdrawal,,373.28,USD,,POS,,,,México,Monterrey,Approved,00,False,19.36,,
TRX-57V7YMECAVF0LELGY91E,2026-05-28 06:25:23,2026-05-28,PRD-ZQ1EFAGHT1FB,CLI-NRNB1BNTYE11,Adjustment,,364.34,USD,,ATM,SUC-VTIA5X8Y,,,México,Monterrey,Approved,00,False,29.41,0.6019192,-0.4845186
TRX-S61GF22O0UE44ELCPMK6,2026-05-28 12:47:49,2026-05-28,PRD-4PTIA7X57XEP,CLI-RYHSAB7ZM3C8,Withdrawal,,64426.09,ARS,184.07,POS,,,,Argentina,Rosario,Approved,00,False,12.39,,
TRX-8E8O0UWIJKD91S67PI9F,2026-05-28 06:59:18,2026-05-28,PRD-QOOQP7GDRK50,CLI-X1VDJVYAWXTO,Purchase,,130801.04,ARS,373.72,Web,,Ferretería,Other,Argentina,Rosario,Approved,00,False,25.82,,
TRX-TP691W0OB9V47FGATLY9,2026-05-28 06:55:33,2026-05-28,PRD-KJVIT7ELWWWX,CLI-CXXPG9MH1DFY,Withdrawal,,498.56,USD,,POS,,,,México,Ciudad de México,Approved,00,False,29.19,,
TRX-HR0QXO626UWUNTM6B7BA,2026-05-28 19:34:23,2026-05-28,PRD-Q1IT3XAUP177,CLI-ZTPKXGRTKUKS,Withdrawal,,36598.19,ARS,104.57,POS,,,,Argentina,Buenos Aires,Approved,00,False,,-35.5885422,-59.3109958
TRX-HFD899JWO3F0MVICWR9W,2026-05-28 14:06:26,2026-05-28,PRD-VPJLHI1TC31W,CLI-4WLPT76I6911,Purchase,Transport,154.69,USD,,Branch,SUC-QZU3WHKF,Estación de Servicio,Transport,México,Puebla,Approved,00,False,,,
TRX-J9VYQZBJDMM2KZXO5SE1,2026-05-28 07:31:03,2026-05-28,PRD-4EFGA8CRJ5HK,CLI-H2AT85QKZ07B,Payment,Entertainment,323.45,USD,,POS,,,,México,Querétaro,Approved,00,False,19.65,,
TRX-F8VPK5V8TKEKERZ24FDJ,2026-05-29 04:01:18,2026-05-28,PRD-Y10I1RQEDFCQ,CLI-M3WGL3HH7BBE,Purchase,Other,25625.78,ARS,73.22,Web,,Centro Comercial,Other,Argentina,La Plata,Approved,00,False,8.12,,
TRX-2P55P4HUUCFLV7XIC61L,2026-05-28 18:54:09,2026-05-28,PRD-5RFWLFR93WWJ,CLI-1K9E6YCCCNPD,Payment,Health,1893.89,USD,,Web,,,,México,Monterrey,Approved,00,False,3.25,,
TRX-Q9FEFFJCGLYX5XDL5A66,2026-05-29 05:34:55,2026-05-28,PRD-1EWVD6BVX15V,CLI-WGKNDQ13VOXQ,Withdrawal,,160322.38,ARS,458.06,App,,,,Argentina,Córdoba,Approved,00,False,,,
TRX-LKN1SHH5UMINX0JAIQ3L,2026-05-28 11:50:34,2026-05-28,PRD-XX9LMZ84JSY0,CLI-I5ICFT3D8LFP,Transfer,,5254.45,USD,,POS,,,,México,Ciudad de México,Approved,00,False,,,
TRX-ICDL44X8RJ3DM3DDOHL4,2026-05-29 04:40:26,2026-05-28,PRD-DAPL189FV4A7,CLI-UEV75SAS3H85,Deposit,,493295.66,ARS,1409.42,ATM,SUC-UVQ9U0YO,,,Argentina,Mendoza,Approved,00,False,17.14,,
TRX-OOTRWDXHQE65M7SARWHV,2026-05-28 06:59:18,2026-05-28,PRD-NOE0LUBLDLTZ,CLI-I9MIBFH4YA6Y,Purchase,Transport,98.34,USD,,App,,Taxi Seguro,Transport,México,Querétaro,Approved,00,False,29.8,,
TRX-0R7Y2VBQ9NF8V1P5SC1L,2026-05-28 13:21:16,2026-05-28,PRD-NB2WAV4AOFVS,CLI-JDF7WWTGU27D,Withdrawal,,952312.25,COP,238.08,App,,,,Colombia,,Approved,00,False,13.24,,
TRX-A9ER2AT35FW91M5FRIVJ,2026-05-28 12:11:46,2026-05-28,PRD-RFHF1MQV3W2V,CLI-WRBY7HYP6PH4,Withdrawal,,337.06,USD,,Branch,SUC-NBZZWX8W,,,México,Guadalajara,Approved,00,False,,-0.9534455,-0.339038
TRX-NCKXBVF7FQW9U8NRI65Z,2026-05-28 06:55:56,2026-05-28,PRD-AOQ6YB541E0F,CLI-7Q93WIWMYZR9,Purchase,Services,481.26,USD,,POS,,Empresa Telefónica,Services,México,Puebla,Approved,00,False,,,
TRX-YCYBGAE31IFW6LDPDH7C,2026-05-29 02:26:09,2026-05-28,PRD-WEBOMI7ZFVCR,CLI-ULN4GJF6KD47,Transfer,,21566829.11,COP,,POS,,,,Colombia,Cartagena,Approved,00,False,22.7,5.423441,-74.6006703
TRX-RYZ7GU5WKRISCUWHKVYC,2026-05-29 01:54:52,2026-05-28,PRD-RLXAVH9V65BX,CLI-96B3HPU5YK01,Purchase,Transport,313.84,USD,,Web,,Taxi Seguro,Transport,México,Tijuana,Approved,00,False,0.95,,
TRX-GZNJUA735PUX8YCE2KRI,2026-05-28 14:06:36,2026-05-28,PRD-RY42OLG2U57L,CLI-O1TG0V66FY8P,Deposit,,2579.22,USD,,POS,,,,México,Ciudad de México,Approved,,False,0.66,-0.0132686,0.6011766
TRX-JH10QZNOZ0KMQLDSFYXD,2026-05-28 13:17:08,2026-05-28,PRD-C02I0PQZFB3Z,CLI-5JFJVFAQAHWL,Transfer,,9921.17,USD,,ATM,SUC-5FCLNF9U,,,México,Ciudad de México,Approved,00,False,,,
TRX-COT3G1XGM5O78EEP978K,2026-05-28 06:30:29,2026-05-28,PRD-UHBVWV39AUJ1,CLI-RW5VP6NFFNJI,Transfer,,7579.77,USD,,Web,,,,México,Tijuana,Approved,00,False,19.86,,
TRX-IX3Z997K559YX882FEZG,2026-05-28 11:32:33,2026-05-28,PRD-OW2OUOQ9UM87,CLI-NNHISKTZ2J7P,Adjustment,,412.29,USD,,App,,,,México,Guadalajara,Declined,14,False,16.7,,
TRX-Y1LOVE83M4MR34NBYR7M,2026-05-29 05:49:02,2026-05-28,PRD-DNX1C5NCGLEQ,CLI-694K8YTH86XG,Purchase,Other,121171.33,ARS,346.2,ATM,SUC-KHBP7W0V,Ferretería,Other,Argentina,,Approved,00,False,7.11,,
TRX-BZPLOIRQK39535Y7HVT1,2026-05-29 01:25:28,2026-05-28,PRD-RH1NLK17DFXM,CLI-OZXZT88R1TXH,Transfer,,5269.98,USD,,ATM,SUC-7T5LBQT3,,,México,Monterrey,Declined,14,False,15.67,-0.3094625,0.722413
TRX-4ZCMM1WZ3O9PY1M9EE86,2026-05-28 18:04:22,2026-05-28,PRD-41FKUA4JSI8M,CLI-VQLXC99SH7SF,Payment,Food,67.9,USD,,ATM,,,,México,Ciudad de México,Approved,00,False,,,
TRX-5FDL0NNZB00W5A29MAIC,2026-05-28 19:23:52,2026-05-28,PRD-7CHWI2O7Y4ZB,CLI-6BMFADG4UXTB,Deposit,,1520.33,USD,,ATM,SUC-4AVH1MSP,,,México,Puebla,Approved,00,False,,-0.9280339,-0.3054165
TRX-ZGQMJPD05KVWD5MPZXVY,2026-05-28 06:42:20,2026-05-28,PRD-JJAAG34UR9TP,CLI-5VC1JOC0M6K8,Withdrawal,,137.35,USD,,Web,,,,México,Guadalajara,Approved,00,False,,,
TRX-X7454SI18D2OMMW9MJTV,2026-05-29 01:34:16,2026-05-28,PRD-4KQKW2N8I1E9,CLI-DILIE9HFFXHZ,Payment,Services,179.31,USD,,POS,,,,México,Querétaro,Approved,00,False,9.34,,
TRX-6R1K965D7TCH7PHV5IG2,2026-05-28 13:29:05,2026-05-28,PRD-FIRB2D53T3M5,CLI-5SQEZ19W2806,Transfer,,5061.93,USD,,App,,,,Colombia,Barranquilla,Approved,00,False,,,
TRX-OUGVWILUIV96H0STSFT3,2026-05-28 14:51:25,2026-05-28,PRD-QZXP4EW070XI,CLI-N0CBAQJPFB7N,Transfer,,4840.3,USD,,POS,,,,México,Ciudad de México,Approved,00,False,10.66,,
TRX-Y6ACVPCA2POHAM46F4XQ,2026-05-28 21:27:36,2026-05-28,PRD-MUD3XYBB61V7,CLI-XOW2DXV6BSP3,Payment,Other,937.3,USD,,Web,,,,Colombia,Medellín,Approved,00,False,15.3,,
TRX-Z8UG08LH5SPMUTVERL0R,2026-05-28 21:35:53,2026-05-28,PRD-RZY5MJ2D8F9P,CLI-GT06FPMS770S,Deposit,,2050.96,USD,,ATM,SUC-ISPO1DES,,,México,Monterrey,Approved,00,False,16.25,,
TRX-O6VED2WWT1SRC3QKYJDZ,2026-05-29 01:33:08,2026-05-28,PRD-68SA8GTTG6OB,CLI-EDCMZKW1NG1N,Transfer,,7230.56,USD,,POS,,,,México,Ciudad de México,Approved,00,False,,,
TRX-0HXDW3E4EDYMUGAMDP57,2026-05-28 20:42:33,2026-05-28,PRD-2EZAML9ATNZ3,CLI-LQGHMB566F4D,Payment,,6068852.16,COP,1517.21,Web,,,,Colombia,Medellín,Pending,05,False,23.77,,
TRX-A9SJDJIYOBCWB1N28BOQ,2026-05-29 04:50:58,2026-05-28,PRD-B07VAN5Y3HL7,CLI-QCWC3YY1UEAP,Transfer,,2832407.96,ARS,8092.59,ATM,SUC-O09F6PWJ,,,Argentina,La Plata,Approved,00,False,,,
TRX-0VCIKJ59F5EU8TOLA3RX,2026-05-29 04:15:02,2026-05-28,PRD-43DJ1T80EIWW,CLI-AGK2DEFHWVW4,Purchase,,189.3,USD,,App,,Cable TV,Services,México,Querétaro,Approved,00,False,15.12,,
TRX-LF0LH5NU9W373JP15HJW,2026-05-28 11:26:54,2026-05-28,PRD-JRCFDU7ND23J,CLI-JM3UIKQ087MT,Transfer,,7536.54,USD,,POS,,,,Colombia,Barranquilla,Approved,00,False,24.22,4.7255811,-74.4279929
TRX-VD5CX77QC2QEDIBQXK3G,2026-05-28 11:25:46,2026-05-28,PRD-8Q2CWV6DWWVH,CLI-CV0D2NAX1ER8,Deposit,,3208345.44,COP,802.09,POS,,,,Colombia,Barranquilla,Approved,00,False,,5.5555776,-73.4608113
TRX-KBYA3CR23XKE1PGC7M4J,2026-05-28 07:53:07,2026-05-28,PRD-EIEXO8KS1QE2,CLI-7X5REOFW6OTG,Purchase,Health,362.33,USD,,App,,Óptica Visión,Health,México,Puebla,Approved,00,False,26.82,,
TRX-2J7WD1JW24WFN3IQKN2U,2026-05-28 23:28:11,2026-05-28,PRD-XD76PX6Q0HUU,CLI-KN3NID03XVPD,Withdrawal,,46.79,USD,,Branch,SUC-P5YISP64,,,México,Tijuana,Approved,00,False,7.75,,
TRX-F97LCRLCOPPJCV7CZCFD,2026-05-28 06:31:44,2026-05-28,PRD-8PLEICAHIA44,CLI-WXGJTZ0S4X83,Payment,Transport,634660.71,COP,158.67,Web,,,,Colombia,Barranquilla,Approved,00,False,5.86,,
TRX-19QHP3V933IKMJAL8TG1,2026-05-28 13:57:07,2026-05-28,PRD-AJTC6TB4QT5L,CLI-ZXQVO3OVXISM,Transfer,,1488087.32,ARS,4251.68,POS,,,,Argentina,Córdoba,Approved,00,False,9.96,-34.4462117,-58.2093292
TRX-81G6C2EI2M59V382AY6N,2026-05-28 06:19:19,2026-05-28,PRD-0TP3KQZJTQ79,CLI-XRWAHOD7ZFD4,Transfer,,8341.84,USD,,ATM,SUC-F1BZEJXJ,,,México,Puebla,Approved,00,False,3.91,0.7324327,0.1848658
TRX-QHK2E0J70EVXHUSO41BX,2026-05-29 03:12:20,2026-05-28,PRD-T5XV5L909FPV,CLI-54U2GZXWXNZG,Purchase,Other,60.61,USD,,ATM,SUC-KI33JLSV,Tienda General,Other,México,Querétaro,Approved,00,False,16.19,,
TRX-8WQLOYTGT59G91B9WQ4E,2026-05-28 23:54:40,2026-05-28,PRD-2D4FW1ZRTN4H,CLI-5HX2SSFENKOH,Purchase,Food,332.4,USD,,ATM,,Tienda Don José,Food,México,Puebla,Approved,00,False,25.84,,
TRX-9DVWBCRN7AO18W3XKCWF,2026-05-28 10:07:44,2026-05-28,PRD-MDZJEKJL5UOT,CLI-ZI2R6FYVYL6L,Transfer,,4601.43,USD,,App,,,,México,Monterrey,Approved,00,False,26.7,,
TRX-PDFGPLII4156R7O3L7JV,2026-05-28 07:32:35,2026-05-28,PRD-KCOM08SG5DZX,CLI-QHRWAZHEQD55,Withdrawal,,422.35,USD,,POS,,,,México,Monterrey,Approved,00,False,19.82,,
TRX-CVRH4GS458MOTCNI88I0,2026-05-29 05:29:25,2026-05-28,PRD-NR7392XV0R2D,CLI-2K10GRPWYGM7,Purchase,Services,306111.49,COP,76.53,ATM,SUC-UNXOS8JB,Internet Plus,Services,Colombia,Cali,Approved,00,False,20.04,,
TRX-BGPPKGFARM4I4UYMPDG9,2026-05-28 10:41:26,2026-05-28,PRD-NWJ7DJYT7O8T,CLI-Y2K3QBTANQBZ,Deposit,,3013.49,USD,,POS,,,,México,Puebla,Approved,00,False,26.74,,
TRX-RPWIAMSTIZV2GX1YC7AW,2026-05-28 17:22:30,2026-05-28,PRD-F7UP5MMMUKSY,CLI-B33CTMPRMGTE,Transfer,,1512.14,USD,,Web,,,,México,Monterrey,Approved,00,False,26.44,,
TRX-VH0QSQG3PZ5CJOYSKZ2U,2026-05-28 12:00:42,2026-05-28,PRD-4ACRDPEU2LSG,CLI-MGTM4EW2RX9N,Transfer,,9644.43,USD,,POS,,,,México,Ciudad de México,Approved,00,False,13.01,,
TRX-AXOSIH2LQ8VB7C8EDQP2,2026-05-29 03:27:30,2026-05-28,PRD-6NU3YGLWK1US,CLI-3JPPB7E4NTPR,Transfer,,23773391.57,COP,5943.35,POS,,,,Colombia,Cartagena,Approved,00,False,12.09,,
TRX-ST5W5SV604VP6B4NW0BR,2026-05-28 09:28:41,2026-05-28,PRD-THQZY4OK7OUF,CLI-07PJ8NCJZ8K7,Purchase,Health,24.69,USD,,ATM,SUC-XT96PBC0,Farmacia Salud,,México,Guadalajara,Declined,51,False,0.19,-0.6626197,-0.4586136
TRX-G62IYU17P4XXSEEDL8OL,2026-05-29 05:54:24,2026-05-28,PRD-WTXY9CRGSHJC,CLI-Q7WOL1FXMCKD,Adjustment,,1257656.33,COP,314.41,ATM,SUC-H2ROE7C8,,,Colombia,Cali,Approved,00,False,26.04,5.4580002,-74.2298767
TRX-0GM5TRBHXJ1WXFO8QV8V,2026-05-29 03:16:55,2026-05-28,PRD-ZOSX0HBZ4SHE,CLI-WPNN8MX0N49B,Transfer,,6587.95,USD,,Web,,,,México,Monterrey,Approved,00,False,21.25,,
TRX-YXYEHY0F5Q0W435ZT5ZL,2026-05-28 20:12:57,2026-05-28,PRD-G5KWUWID15WN,CLI-SYNKES48AURK,Withdrawal,,1391651.29,COP,347.91,POS,,,,Colombia,Bogotá,Approved,00,False,10.02,,
TRX-LODA370CRLAIXVR8JN3Y,2026-05-28 20:18:54,2026-05-28,PRD-YB9F8WAAWM6Z,CLI-2Y4N1J3M46NY,Withdrawal,,431.55,USD,,POS,,,,México,Puebla,Approved,00,False,12.78,,
TRX-F1WR3XE6KS4BJINKB6VR,2026-05-29 04:04:15,2026-05-28,PRD-081QHGLZ0BJD,CLI-7ZKQBMEOOZ4L,Purchase,Other,554135.12,COP,138.53,ATM,SUC-IKK3G59W,Tienda General,Other,Spain,Sevilla,Approved,00,False,28.44,,
TRX-5O8OM3ANXID9NFFVNAEE,2026-05-28 17:27:01,2026-05-28,PRD-QB7S1LE9MEUZ,CLI-C8GKQ9TOONOS,Payment,Services,90534.24,ARS,258.67,POS,,,,Argentina,Buenos Aires,Approved,00,False,,,
TRX-VK1RE8TYY80GYCI0JN7S,2026-05-28 07:57:00,2026-05-28,PRD-NVPJR9K40SRQ,CLI-UBFVDAQTY2KJ,Payment,Services,3360575.01,COP,840.14,Web,,,,Colombia,,Approved,00,False,14.11,,
TRX-0KVHMWT1AHMCQNEFI98T,2026-05-29 02:52:22,2026-05-28,PRD-2VXAEVOHE1ML,CLI-A6A2X3LWRXD9,Transfer,,7743.11,USD,,ATM,SUC-A9BJ48OP,,,México,,Approved,00,False,29.43,,
TRX-32VFCD2AEUZC3H230VIH,2026-05-28 23:19:04,2026-05-28,PRD-YFN43AAAKKFW,CLI-8O5KS07YVF84,Transfer,,1787865.65,ARS,5108.19,POS,,,,Argentina,Buenos Aires,Approved,00,False,15.22,-35.2096803,
TRX-I4Y58KZODE9JTHXXHC7B,2026-05-28 11:05:35,2026-05-28,PRD-5XMFFWKVYFM8,CLI-NR6MV73RLSVG,Payment,Food,909.24,USD,,POS,,,,México,Tijuana,Approved,00,False,10.3,,
TRX-6WRUZLVSE69S9JWRVOZE,2026-05-28 06:48:58,2026-05-28,PRD-25B5GAQN5QCP,CLI-17W385UU5BNT,Deposit,,3375.61,USD,,App,,,,México,Puebla,Approved,,False,20.32,,
TRX-2NQ541MNECG7OXZFXFLQ,2026-05-28 15:09:43,2026-05-28,PRD-2VY75NADXXMJ,CLI-WQWB7OIHCQQ5,Withdrawal,,414.16,USD,,POS,,,,México,Tijuana,Approved,00,False,21.06,,
TRX-L2N0KX91PTB5SL813UX6,2026-05-28 21:33:30,2026-05-28,PRD-DIVIODLZN8Z7,CLI-ZH00MD2VINVQ,Payment,Food,312.6,USD,,ATM,SUC-POHHKXPA,,,México,Guadalajara,Approved,00,False,,,
TRX-D8BGJCGHD0IX6GYFQV79,2026-05-29 00:21:27,2026-05-28,PRD-OBNWHOFU3OJ1,CLI-2E41JBCJ3LIO,Transfer,,32454323.74,COP,8113.58,ATM,SUC-2QR0HN01,,,Colombia,,Approved,00,False,26.99,5.3945271,
TRX-VX775AL2XO7QIYQGKKCI,2026-05-28 15:01:36,2026-05-28,PRD-3MRP9PTLIHA8,CLI-ET8RDFIDTADR,Payment,Other,1152.25,USD,,POS,,,,México,Monterrey,Declined,51,False,,-0.5061632,-0.1046142
TRX-JX5PMJEDHFLQQTPQ37AD,2026-05-29 00:49:30,2026-05-28,PRD-APH3NCZD1DXG,CLI-OVYHLA6TSDD5,Purchase,Transport,378.34,USD,,Web,,Taxi Seguro,Transport,México,Puebla,Approved,00,False,10.47,,
TRX-2G6595YZTYLYZLWN84UE,2026-05-28 12:33:01,2026-05-28,PRD-DTLJEP68DFLH,CLI-O6EHHP7QNCL3,Withdrawal,,75.13,USD,,ATM,SUC-4AVH1MSP,,,México,Monterrey,Approved,,False,24.65,,
TRX-DKC931GQZCWPIFN267IS,2026-05-29 02:22:52,2026-05-28,PRD-FKQ4SQXEL4TS,CLI-8ESISMI7S1LH,Payment,Services,1164.54,USD,,Web,,,,México,Querétaro,Approved,00,False,16.58,,
TRX-NE7X3V5UZLRCV7V48RKZ,2026-05-29 01:50:43,2026-05-28,PRD-I0CSHXLMSA11,CLI-S4R96LK1ALD0,Withdrawal,,66.94,USD,,ATM,SUC-KUOJDQSO,,,México,Querétaro,Approved,00,False,,,
TRX-I3T5L7SRMKGDNTFZ8467,2026-05-28 17:43:40,2026-05-28,PRD-JLWQNG5NIRE6,CLI-WN1W9QK66P08,Adjustment,,838405.58,COP,209.6,App,,,,Colombia,Cali,Approved,00,False,23.31,,
TRX-UAKB4LU2CD7X2O5SQ1CU,2026-05-28 18:23:55,2026-05-28,PRD-CRXP2QSUMMUB,CLI-4GDVEM1L7VPY,Transfer,,5001.22,USD,,Web,,,,México,Tijuana,Approved,00,False,,,
TRX-1FZUN43NVX32QELJJ6P0,2026-05-28 12:19:37,2026-05-28,PRD-L472U8AYKW3N,CLI-C7P7EXUA943R,Purchase,Transport,333116.64,COP,83.28,POS,,Taxi Seguro,Transport,Colombia,Bogotá,Approved,00,False,20.89,4.8267437,-74.0269923
TRX-S4T8ZJLEADUEYSKHA7P8,2026-05-28 20:31:05,2026-05-28,PRD-IIHJIC76SZPT,CLI-DP9K8XY35ZII,Transfer,,5312.17,USD,,Branch,SUC-XUG645G9,,,Spain,Valencia,Approved,00,False,21.73,,
TRX-HLPSR8Z746E4PDXLIJ26,2026-05-28 08:43:17,2026-05-28,PRD-M2RHLT59QAWP,CLI-SBU5SDR6UCTC,Withdrawal,,315.15,USD,,Web,,,,México,Puebla,Approved,00,False,11.67,,
TRX-DH96OW1BKKM5E84BFRKQ,2026-05-29 04:38:27,2026-05-28,PRD-816ARYEKIWW9,CLI-C9N2TIA4070T,Transfer,,679355.51,ARS,1941.02,ATM,SUC-2T5PUX8Q,,,Argentina,Córdoba,Approved,00,False,23.87,,
TRX-EWYL23WIUIFD7VNDL21G,2026-05-28 11:53:00,2026-05-28,PRD-HILR31JVRGFD,CLI-MHTZ4PU5M6OU,Withdrawal,,31390.34,ARS,89.69,ATM,SUC-MAWPQ7HZ,,,Argentina,Córdoba,Approved,00,False,24.99,,
TRX-HDD2PP9AUDY72LS4Y9JL,2026-05-28 14:37:38,2026-05-28,PRD-K6RYNVJ1VPUE,CLI-FIQSS2H6P0X0,Purchase,Health,158.63,USD,,ATM,SUC-LBPQUZ4D,Óptica Visión,Health,México,Monterrey,Approved,00,False,29.03,,
TRX-O3LCR53CD74NV6XBDHSU,2026-05-29 03:36:54,2026-05-28,PRD-ZCO72OKFYRSU,CLI-W6OAVS6UEHU6,Transfer,,3313040.41,ARS,9465.83,POS,,,,Colombia,Cali,Approved,00,False,24.35,,
TRX-H8Z1ZL9BXRCZUMZTEEJO,2026-05-28 22:29:48,2026-05-28,PRD-Y9A43XEYU6BV,CLI-HSMQXIUZV7YX,Payment,Transport,613.48,USD,,POS,,,,México,Guadalajara,Pending,51,False,10.82,,
TRX-GOTMDRR85ODV5O07BPMA,2026-05-29 03:58:30,2026-05-28,PRD-XMFAODFYVR45,CLI-VA948XKI2BIY,Purchase,Other,131939.73,ARS,376.97,ATM,SUC-8433QXQ4,Ferretería,Other,Argentina,,Declined,14,False,,,
TRX-3TK1B3QC5OAO3J1HGQSY,2026-05-28 08:16:07,2026-05-28,PRD-KNLN3MVVTK1F,CLI-O3UF2ICNJDN2,Withdrawal,,1480800.6,COP,370.2,POS,,,,Colombia,Barranquilla,Approved,00,False,15.7,3.8069947,-73.1019373
TRX-VDHLH8AIRA1URCOICF2G,2026-05-28 18:31:15,2026-05-28,PRD-R2O9W9CKXIJS,CLI-L63RW5BDA8RD,Deposit,,896028.45,ARS,2560.08,POS,,,,Argentina,La Plata,Approved,00,False,1.59,-34.8401951,-58.3993127
TRX-ZBXV64FN78H9415TQ1MC,2026-05-28 08:57:16,2026-05-28,PRD-KOAPI70PC0ZG,CLI-DSH10CVE0BPZ,Withdrawal,,25.23,USD,,ATM,SUC-UB0LXRUU,,,México,Monterrey,Approved,00,False,15.12,0.9908592,
TRX-Z8XGA0GHJNO9M5XK9GRC,2026-05-28 12:36:46,2026-05-28,PRD-5WPIJCCJYRCZ,CLI-KZNNEB28KC3C,Payment,Health,4530969.02,COP,1132.74,App,,,,Colombia,Barranquilla,Approved,00,False,29.91,,
TRX-8G1P61H56N1IPP90E2X3,2026-05-28 22:52:14,2026-05-28,PRD-91U14ATOJVBQ,CLI-7HJGY5ERP5DI,Purchase,Services,8.85,USD,,ATM,,Empresa Telefónica,Services,México,,Approved,00,False,14.06,,
TRX-W6PXHLMHF2GW9E1UL9MZ,2026-05-28 23:21:43,2026-05-28,PRD-A7TIRYUT5YLE,CLI-ZC6XM6VP7RDP,Transfer,,7379.44,USD,,POS,,,,México,Querétaro,Declined,51,False,29.65,-0.4828473,0.4718451
TRX-K1XGWBTK01YOBL0W5ZYF,2026-05-28 23:47:32,2026-05-28,PRD-IQQDCSLSS2PS,CLI-SCDWDWN9PP8E,Transfer,,5147.61,USD,,POS,,,,Colombia,Cartagena,Approved,00,False,12.79,4.9939654,-74.5866055
TRX-DQ6P5PNY0EEOMX00HKU0,2026-05-28 10:19:55,2026-05-28,PRD-DS6Z9ETVUD7Y,CLI-NGLD22GWUPWX,Purchase,Transport,51256.41,COP,12.81,Web,,Uber,Transport,Colombia,Cartagena,Approved,00,False,,,
TRX-0D38RYWKENKVMD8N0R9X,2026-05-28 09:03:28,2026-05-28,PRD-RH3V3CO4KEXI,CLI-1OJ5NFTCB9Q6,Withdrawal,,989948.17,COP,247.49,App,,,,Spain,Valencia,Approved,00,False,24.56,,
TRX-RR5XV5TPCW08AO9IC7BD,2026-05-29 03:14:57,2026-05-28,PRD-SNGNIK8MCS44,CLI-6POA6P994HEQ,Adjustment,,1005924.62,COP,251.48,ATM,SUC-OPPQ932B,,,Colombia,Cartagena,Approved,00,False,12.35,,
TRX-F694Z6ANDJ2QSQMTE8FW,2026-05-29 02:59:02,2026-05-28,PRD-H9F5WWOEBNSU,CLI-28M86SHWZQ7B,Deposit,,3162.72,USD,,ATM,SUC-6RHR3MME,,,México,,Approved,00,False,1.13,,
TRX-IYFYCU3PRMDR2KZ80YY5,2026-05-28 08:38:36,2026-05-28,PRD-LWCPI28ZL9E5,CLI-TZVKIBRTLJYU,Deposit,,3765.75,USD,,ATM,SUC-4AVH1MSP,,,México,Querétaro,Approved,00,False,,0.0886566,-0.5992004
TRX-TFYEVIN1J0VNZ16FWACA,2026-05-28 07:01:54,2026-05-28,PRD-I0JX368GDIQS,CLI-68WKSWE9NDOB,Payment,Food,1092.72,USD,,App,,,,México,Guadalajara,Approved,00,False,23.02,,
TRX-IZH7TOK484I0D7EM2B8D,2026-05-28 23:42:41,2026-05-28,PRD-59I8V485M3JL,CLI-0U4MRW3UR2HZ,Deposit,,1506.97,USD,,ATM,SUC-POHHKXPA,,,México,Guadalajara,Approved,00,False,27.78,,
TRX-0KP3URE6A4HZI0H4SZFN,2026-05-28 22:46:04,2026-05-28,PRD-29A5JCVKS79J,CLI-AYFY3G9OAEQQ,Adjustment,,181.78,USD,,ATM,SUC-0N077NAM,,,Argentina,La Plata,Approved,00,False,0.31,,
TRX-50V03Y5EN02J4PY31AZW,2026-05-28 08:37:58,2026-05-28,PRD-E36TDPIS4YN7,CLI-QENNLS1UV801,Deposit,,2715.35,USD,,ATM,SUC-V3V4T7QO,,,México,Monterrey,Declined,05,False,,,
TRX-D9HMOHE5QBWA1BCV3XLA,2026-05-28 14:07:13,2026-05-28,PRD-7R5KDAT4J1I2,CLI-Y2YW639853M2,Payment,Services,558.25,USD,,ATM,SUC-3XWIPDZ3,,,México,Querétaro,Approved,00,False,,,
TRX-VQRLQN6IKKFF74OC0C20,2026-05-28 22:39:55,2026-05-28,PRD-VZ40IRDQQNF9,CLI-EOIRJFSTGWRT,Transfer,,3439.21,USD,,Branch,SUC-I7CB5PA8,,,Spain,Madrid,Approved,00,False,11.56,,
TRX-549D7Z9O5IYRM6WMEB7U,2026-05-28 18:08:55,2026-05-28,PRD-HO5EGIO9SZRP,CLI-Z1K36SBMOT73,Withdrawal,,376717.84,COP,94.18,POS,,,,Colombia,Cartagena,Approved,00,False,27.17,,
TRX-X8OGMMOR4TYADV03WWRX,2026-05-28 09:57:53,2026-05-28,PRD-FDX2B31WSTVM,CLI-5VYKWST12S7J,Withdrawal,,471.89,USD,,Branch,SUC-FGQWMFNS,,,México,Querétaro,Approved,00,False,16.28,,
TRX-X7SLJY4VUJVIGCJGGJX0,2026-05-28 19:05:17,2026-05-28,PRD-D9WPYTVYQW7R,CLI-DCSJGCVYTRYT,Transfer,,4264.77,USD,,Web,,,,México,Querétaro,Approved,00,False,17.95,,
TRX-FZ24PDMLV4LKLWTSCG56,2026-05-28 10:23:31,2026-05-28,PRD-WO8Q3130NOSX,CLI-SOEXWOYD8JW8,Payment,Other,6968102.01,COP,1742.03,Web,,,,Colombia,Barranquilla,Approved,00,False,27.03,,
TRX-N18PMXU17KY8VOJ7JRBU,2026-05-28 19:46:40,2026-05-28,PRD-EJ8KIUW7OWVH,CLI-N62F8TTX5N4L,Withdrawal,,80.79,USD,,POS,,,,México,Puebla,Approved,00,False,19.88,,
TRX-M72RZBK1DF8E2TQ6V63A,2026-05-28 09:23:25,2026-05-28,PRD-41LMARDIMD5W,CLI-S32EDHJJVR5C,Adjustment,,466.09,USD,,POS,,,,Colombia,Bogotá,Approved,00,False,2.85,,
TRX-EEUK091NY32G6P1O8JYM,2026-05-28 17:05:05,2026-05-28,PRD-P67I2HOXJQ7O,CLI-NMXQ6YTO3QHQ,Payment,Other,761.9,USD,,Web,,,,México,Querétaro,Approved,00,False,,,
TRX-XRLP30B0RL392X4EAFXN,2026-05-28 17:53:23,2026-05-28,PRD-D3FJ2NP74GE3,CLI-L7EXAQLPF7LH,Deposit,,3309.35,USD,,App,,,,México,Guadalajara,Approved,00,False,19.18,,
TRX-8YIKCD3AIPLFO2HTUVIP,2026-05-28 15:19:37,2026-05-28,PRD-V5SRPBTB6VI1,CLI-KDV54APM6S21,Deposit,,1999.67,USD,,ATM,SUC-UH461R09,,,Colombia,Cartagena,Approved,00,False,27.18,,
TRX-ZWD9RTH4MQG93TDIAMUT,2026-05-28 07:42:28,2026-05-28,PRD-SEYP2U5NODZH,CLI-5P206SONJY2C,Transfer,,3773945.81,COP,943.49,POS,,,,Colombia,Barranquilla,Approved,00,False,23.41,,
TRX-OUNPWKSA6SIWGTRLKZYV,2026-05-28 20:30:32,2026-05-28,PRD-753INPMDZ84E,CLI-ICH73NHD51ED,Transfer,,444132.24,ARS,1268.95,POS,,,,Argentina,Mendoza,Approved,00,False,1.78,-34.4073709,-59.2185619
TRX-1E9GH77GP4P50TDNRNB9,2026-05-28 21:07:34,2026-05-28,PRD-56HCNZHH5NWP,CLI-T2DN0X86NL0X,Payment,Services,1401.92,USD,,Web,,,,México,Puebla,Approved,00,False,,,
TRX-PO2EHHHRR8QQY2G2FDYV,2026-05-28 06:27:33,2026-05-28,PRD-G5OU736OKQS1,CLI-I88EKBHYBMV2,Payment,Services,1726.42,USD,,POS,,,,México,Monterrey,Approved,00,False,9.03,,
TRX-PO740GLAAHUDIXM5ASB3,2026-05-28 12:46:49,2026-05-28,PRD-ZKIZXD2R8A1J,CLI-2U9WBMA5BZD5,Transfer,,3253.62,USD,,ATM,SUC-QO0HYSRK,,,Colombia,Medellín,Approved,00,False,,,
TRX-66HJPP3PXSJKQERXRIV3,2026-05-29 05:28:03,2026-05-28,PRD-2F9S78ZSCM2O,CLI-EYSHLVJI7A4B,Payment,Other,5120131.77,COP,1280.03,ATM,SUC-H4WPLB7O,,,Colombia,Barranquilla,Approved,00,False,16.28,,
TRX-2R8SOL7JFF3PLZ53TJOS,2026-05-28 20:31:27,2026-05-28,PRD-U5M05WYOVLSI,CLI-OIBKURKRUV39,Withdrawal,,282.16,USD,,POS,,,,México,Puebla,Approved,00,False,17.45,-0.2739517,0.9842024
TRX-SQA4SGCO2L56WWACVT8Q,2026-05-28 11:57:07,2026-05-28,PRD-ENTROVZ8J2TR,CLI-7P2YKWMGT69W,Transfer,,32289523.84,COP,8072.38,App,,,,Colombia,Cali,Approved,00,False,25.18,,
TRX-I9I1CKYAMNV0FHLCJ2GW,2026-05-28 11:55:34,2026-05-28,PRD-AHJBJDKPXVJZ,CLI-69GOOWKE871H,Transfer,,9275662.32,COP,2318.92,ATM,SUC-2L4DTLRM,,,Argentina,,Approved,00,False,13.46,5.6333841,-74.1428009
TRX-FCQAKAUA0CYX4FH5VU0G,2026-05-28 13:29:49,2026-05-28,PRD-YBQ7ABFL37Y0,CLI-TH4RS4L4K57D,Deposit,,1053.2,USD,,App,,,,México,Querétaro,Approved,00,False,28.85,,
TRX-ROM131YUZTXP3LYQGC7A,2026-05-29 05:30:41,2026-05-28,PRD-HZXD15RE7VLY,CLI-IWIIOZUCDMHU,Purchase,Other,292.24,USD,,Web,,Boutique Moda,Other,Colombia,Barranquilla,Approved,00,False,22.21,,
TRX-ANNNMNR1F6Z90U7MNOO5,2026-05-28 10:55:07,2026-05-28,PRD-DTJ42ERZAQ4G,CLI-RPHHV7A4IS0P,Deposit,,740933.57,ARS,2116.95,POS,,,,Argentina,,Approved,00,False,12.23,-33.7881886,-57.7863757
TRX-L4CZ7HHJ8JQZOCV1HS12,2026-05-28 19:21:21,2026-05-28,PRD-KHUFJ432FFGA,CLI-QK1XIGT25X6F,Transfer,,1813957.57,ARS,5182.74,Web,,,,Argentina,Mendoza,Approved,,False,3.09,,
TRX-RGPT4VPKEQWE7IW64QCE,2026-05-28 16:23:02,2026-05-28,PRD-79TIA0SP0YPM,CLI-BKQ6OXMJ31UA,Withdrawal,,245.84,USD,,POS,,,,México,Monterrey,Approved,00,False,2.23,,
TRX-F2V52XCRX3ETNFM6YL1O,2026-05-28 09:56:15,2026-05-28,PRD-G9JNQ2LTPYEG,CLI-PH7RWQPMVAS8,Transfer,,664069.78,ARS,1897.34,Web,,,,Argentina,Buenos Aires,Approved,00,False,15.97,,
TRX-29PI8Q3NOA66D0VMJMZ7,2026-05-29 01:47:37,2026-05-28,PRD-57BR5TLH559Q,CLI-POVNZVK3MZ03,Purchase,Health,247.27,USD,,Branch,SUC-JYU0POJ9,Farmacia Salud,Health,México,Guadalajara,Approved,00,False,25.77,,
TRX-EMVY9A5L5UQKHGT40W4Q,2026-05-28 12:19:58,2026-05-28,PRD-6CJ5QJINF77J,CLI-Q9P9WIBXC8UY,Payment,Food,1096.22,USD,,App,,,,México,Monterrey,Approved,00,False,,,
TRX-OEK7CG4H7EZ6H5OJA42D,2026-05-29 04:03:34,2026-05-28,PRD-A2JCE7XP232E,CLI-KU05R35JXSIV,Payment,Health,869.76,USD,,POS,,,,USA,Houston,Pending,14,False,25.77,,
TRX-TS1UXQI5VE6X54XWKTJV,2026-05-29 03:26:38,2026-05-28,PRD-G2LQB8FJTMXK,CLI-4RFE9WUA9HBX,Adjustment,,422119.18,COP,105.53,POS,,,,Colombia,Cali,Declined,54,False,14.16,,
TRX-S3XZWAOIH2E9AXUDFFLY,2026-05-28 10:52:22,2026-05-28,PRD-B9Q9YJRBEZXW,CLI-M2GT47YYU61K,Withdrawal,,84499.43,ARS,241.43,App,,,,Argentina,Buenos Aires,Approved,00,False,20.89,,
TRX-40MKQFI12KLE17SV6HWH,2026-05-28 11:01:09,2026-05-28,PRD-UY2K7XEWRMCU,CLI-ZJLPH7AI2GY3,Payment,Services,1540805.84,COP,385.2,Web,,,,Colombia,Cartagena,Approved,00,False,14.02,,
TRX-T9VHH2RF4J6QJVQQPEHS,2026-05-28 18:42:24,2026-05-28,PRD-O80RNZE1WAY0,CLI-QSM4J1LXYGRE,Withdrawal,,459.53,USD,,POS,,,,Colombia,Cali,Approved,,False,24.41,,
TRX-2EMTT93GMCLECABJH0UH,2026-05-28 08:26:46,2026-05-28,PRD-TYSU4QHQSZ97,CLI-EJFR34T040UA,Deposit,,2805.46,USD,,Web,,,,México,Tijuana,Approved,00,False,,,
TRX-UJ7NXDD338BXVHI16DTV,2026-05-28 19:10:02,2026-05-28,PRD-0OIKJ1B6F7HT,CLI-59ARYCEDHGTW,Purchase,Services,231.87,USD,,ATM,SUC-G7HRTTDE,Cable TV,Services,Argentina,La Plata,Approved,00,False,24.61,-33.876548,-58.9997379
TRX-38RZF69F86TF1CY944YO,2026-05-29 02:19:19,2026-05-28,PRD-26QG8X8EAX72,CLI-6OVYQ14PPW12,Purchase,Other,142487.14,ARS,,POS,,Tienda General,Other,USA,Los Angeles,Approved,00,False,3.68,,
TRX-JK9778KNM25X0HAXIFGI,2026-05-29 01:23:32,2026-05-28,PRD-LJF3O9LXMXH8,CLI-G1REULLPU728,Payment,,1060.59,USD,,POS,,,,México,Puebla,Approved,00,False,24.01,,
TRX-NLZ5NJE6ZLNGEYQF6S5Y,2026-05-28 13:35:09,2026-05-28,PRD-XWT5RCKQKTVI,CLI-KIDEB1N7XU1E,Purchase,Entertainment,359.15,USD,,Web,,Teatro Nacional,Entertainment,Argentina,Buenos Aires,Approved,00,False,20.89,,
TRX-NNWTX0K4DQFMAX67U5TG,2026-05-28 13:55:05,2026-05-28,PRD-N3SKPFP7TT2I,CLI-BOWLVK452DH8,Payment,Transport,2452011.77,COP,613.0,ATM,SUC-H2ROE7C8,,,Colombia,Cali,Approved,00,False,1.68,,
TRX-PF8NE9J07EDTNA2ZXKYJ,2026-05-28 08:48:32,2026-05-28,PRD-21NKMHUF6DED,CLI-0QW8ITXI8M49,Purchase,Other,264.09,USD,,ATM,SUC-P5YISP64,Boutique Moda,Other,México,Tijuana,Approved,00,False,,,
TRX-PEWNM2XOPOLBXBQWZY09,2026-05-28 18:18:30,2026-05-28,PRD-CWIPB3VKA94Y,CLI-7UP0IHLG39GA,Purchase,Other,470.92,USD,,Transfer,,Boutique Moda,Other,México,Monterrey,Approved,00,False,,,
TRX-VTX4FD1376JDD5EMQ9QP,2026-05-29 02:31:03,2026-05-28,PRD-N5XNBQKL05DE,CLI-JJGZ9BRJIXFS,Purchase,Food,138885.3,ARS,396.82,POS,,Tienda Don José,Food,Argentina,Córdoba,Approved,00,False,0.65,,
TRX-7ZZE346UKAR542SGUY0Q,2026-05-28 20:26:21,2026-05-28,PRD-W7TN9AJMAFMS,CLI-E638240Y8EED,Transfer,,28704952.62,COP,7176.24,ATM,SUC-4IFX1CUR,,,Colombia,Bogotá,Declined,54,False,,,
TRX-54RIZJIS3EAUBU4RYLHY,2026-05-28 17:32:19,2026-05-28,PRD-MEF9OUJ3Z51Q,CLI-5THQD4DU2VJD,Payment,Other,807.41,USD,,POS,,,,Argentina,Mendoza,Approved,00,False,,-34.2813909,-59.270287
TRX-QMBDZYI2XJAZOCC2MIUJ,2026-05-28 16:56:00,2026-05-28,PRD-VZTHCNKT56RI,CLI-1B5QZC01TC9C,Withdrawal,,109128.53,ARS,311.8,ATM,SUC-115U74JL,,,Mexico,Guadalajara,Approved,00,False,23.31,,
TRX-KC2GH51I3B2S4U3K2LCJ,2026-05-28 06:57:25,2026-05-28,PRD-THBRDYJLQ1LG,CLI-KRL2VRHQ7VVN,Transfer,,4214.78,USD,,App,,,,México,Puebla,Approved,00,False,,,
TRX-9HK5GB04GT22SF07FPBD,2026-05-29 04:17:50,2026-05-28,PRD-EHD3WB1UQGIZ,CLI-6PHEYCAK51W7,Payment,Transport,1835.59,USD,,ATM,SUC-Z7426PZT,,,Colombia,Cali,Declined,05,False,24.79,-0.5005117,-0.2488144
TRX-JPZ1S0SE87G3G92L66RX,2026-05-28 15:39:04,2026-05-28,PRD-Q7KGSK39OIX4,CLI-JLXIJAIXTIL8,Payment,Transport,1942.26,USD,,POS,,,,Colombia,Medellín,Approved,,False,,5.1055552,-73.1836569
TRX-36ZDTJLCHREZUKGAKGIP,2026-05-28 20:12:15,2026-05-28,PRD-IHMB1ML2XV3W,CLI-IMAAR3BS1WEG,Withdrawal,,113709.65,ARS,324.88,ATM,SUC-0LZRXHCF,,,Argentina,Rosario,Approved,00,False,15.15,,
TRX-ASQ2QRX8ZZBW2L6KW3DH,2026-05-28 06:11:31,2026-05-28,PRD-F8JKRLPOGWIS,CLI-LOQYKRACA79F,Transfer,,15715181.03,COP,3928.8,POS,,,,Colombia,Medellín,Approved,00,False,4.66,,
TRX-JYV76ASK4W2VYWUQL34Q,2026-05-28 12:16:56,2026-05-28,PRD-KV0JW2I4U3V8,CLI-NVS1ZLRP0SL0,Deposit,,17286728.5,COP,4321.68,POS,,,,Argentina,Rosario,Approved,00,False,13.25,,
TRX-2S4RUHIROA8DB40HDGNR,2026-05-28 18:48:18,2026-05-28,PRD-S5HW8GERZOYE,CLI-9Y9K7VUP0DTJ,Payment,Services,5240751.95,COP,1310.19,ATM,SUC-0KBWS25U,,,Colombia,Cartagena,Approved,00,False,25.15,4.2707806,-74.0754331
TRX-IGQETPFNJQD34MKHJON7,2026-05-28 17:06:19,2026-05-28,PRD-110XWNHXHC55,CLI-28A5RKMYIATB,Adjustment,,154713.74,COP,38.68,POS,,,,Colombia,Medellín,Approved,00,False,19.85,,
TRX-SQECJ9PC007NXQEG4ZJ9,2026-05-28 16:44:01,2026-05-28,PRD-2N453CQUMJ0F,CLI-Y896UC7OPACG,Payment,Entertainment,7172659.49,COP,1793.16,POS,,,,Colombia,Cartagena,Approved,00,False,19.37,4.6807136,-74.1827573
TRX-WAKM0IPPDRJO54CDSJ6N,2026-05-28 13:05:35,2026-05-28,PRD-2Y0UM2369VNI,CLI-WRPDC5DIF9TI,Purchase,Food,120.17,USD,,POS,,Tienda Don José,Food,Spain,Barcelona,Declined,05,False,23.56,,
TRX-UG8GHJKMGF0H37LIN8I4,2026-05-28 23:04:46,2026-05-28,PRD-XAQAIHRIFJQA,CLI-JT2D3PTXLOY3,Purchase,Health,1633978.42,COP,408.49,Branch,,Óptica Visión,Health,Colombia,Barranquilla,Declined,05,False,,,
TRX-HAEBDLSL0VKF7FECXUU5,2026-05-28 07:28:11,2026-05-28,PRD-K0OGDCF1S1W4,CLI-Z2W6PCTOXD15,Purchase,Food,573827.71,COP,143.46,ATM,SUC-IKK3G59W,Restaurante El Buen Sabor,Food,Colombia,Cartagena,Approved,00,False,4.95,,
TRX-QPJVCD3DHPMWD747TBVO,2026-05-29 03:37:07,2026-05-28,PRD-7C1MKIPXPG9T,CLI-ZOPTD5A8FNNB,Purchase,Entertainment,281.85,USD,,POS,,Streaming Music,Entertainment,México,Monterrey,Approved,00,False,18.15,,
TRX-TIV39870CRMAGFY93ZUE,2026-05-29 02:54:57,2026-05-28,PRD-U0UV4V3G8V1X,CLI-GIFMHODKKT7P,Purchase,Other,89318.32,ARS,255.2,Web,,Centro Comercial,Other,Argentina,Córdoba,Approved,00,False,2.99,,
TRX-DGMB2UNYFAQBWVJSKKSD,2026-05-29 01:11:14,2026-05-28,PRD-JD12FEW7N1TD,CLI-GA959WZ3CZDS,Purchase,Services,419.6,USD,,POS,,,Services,México,Tijuana,Approved,00,False,0.14,0.4194115,-0.633152
TRX-3TYJSD8SNHUYW8FKQK8H,2026-05-28 17:29:40,2026-05-28,PRD-D1JJ2EG1IOAO,CLI-UKHV9BF6HLIO,Deposit,,2897.43,USD,,POS,,,,Argentina,La Plata,Approved,00,False,9.79,,
TRX-AJHTW2NIYF4PZK0J81PM,2026-05-28 10:23:48,2026-05-28,PRD-FEMZSLMRFQ8W,CLI-3EBJ8Q5UNGBE,Purchase,Services,86382.34,ARS,246.81,Web,,,Services,Argentina,Córdoba,Approved,00,False,6.55,,
TRX-9TDT782N9PARVY8IMPRE,2026-05-28 22:40:37,2026-05-28,PRD-VLRZ7201XLV1,CLI-N4FPJIEGD917,Purchase,Food,1973645.12,COP,493.41,Web,,Mercado Central,,Colombia,Medellín,Approved,,False,,,
TRX-UIUQ2QB8M9XK0ZY7RSSG,2026-05-28 22:56:47,2026-05-28,PRD-0WUHEMOME0ZH,CLI-6K6K83HMUB2W,Transfer,,2576005.25,ARS,7360.02,POS,,,,Argentina,Mendoza,Approved,00,False,14.25,,
TRX-9TIT1M8KBT3SUKJKIACA,2026-05-29 02:59:22,2026-05-28,PRD-NSIBRFIQTC7J,CLI-XZOG27RPQJO0,Deposit,,1049657.27,ARS,2999.02,POS,,,,Argentina,Córdoba,Approved,00,False,,-35.3104204,
TRX-Q5D0JX1QJ3OPI7MW68J9,2026-05-29 03:40:27,2026-05-28,PRD-0P83CIC4M3UJ,CLI-OLUJ8CTUNWPZ,Transfer,,4062.3,USD,,App,,,,México,Querétaro,Approved,00,False,19.99,,
TRX-BHNE4PC5KI4OYX2AURD3,2026-05-29 00:33:39,2026-05-28,PRD-GS8FVZHXKBW6,CLI-UFQOK2EGSKXZ,Payment,Health,139563.7,ARS,398.75,POS,,,,Argentina,Buenos Aires,Approved,00,False,,,
TRX-T8TZH22BO6YRJ3T2EPJE,2026-05-28 07:00:11,2026-05-28,PRD-INMZ8E1PCGSS,CLI-BDUTT7P66R47,Transfer,,1607.31,USD,,Web,,,,México,Guadalajara,Approved,00,False,11.24,,
TRX-XC4OMDGHRMQZA62PZSNT,2026-05-29 00:58:25,2026-05-28,PRD-QGLS509Q2D2A,CLI-QYYFB4Z36UJV,Deposit,,1452726.83,ARS,4150.65,POS,,,,Argentina,Buenos Aires,Approved,00,False,28.27,-35.5740769,-57.6899278
TRX-F7NIBKHWA3V978IP7PD5,2026-05-29 03:35:28,2026-05-28,PRD-I396TQ7DKYDT,CLI-KOU6EPGRQ0R4,Payment,Health,1180.8,USD,,ATM,SUC-GOTE3INU,,,México,Querétaro,Approved,00,False,13.15,,
TRX-T6JGJQLYBWAJAAL11P75,2026-05-28 23:42:35,2026-05-28,PRD-Q4MEAQ0EABZN,CLI-RM83ANH8K97K,Purchase,Food,47.88,USD,,POS,,Tienda Don José,Food,México,Ciudad de México,Approved,,False,21.69,,
TRX-Y2N9Q7A5YS8HFNE8WR0F,2026-05-28 08:19:55,2026-05-28,PRD-RT8GN3J8EUHR,CLI-W8IO5T7IIECE,Purchase,Transport,858774.95,COP,214.69,Web,,Estación de Servicio,Transport,Colombia,Barranquilla,Approved,00,False,,,
TRX-O77OVW3LGI2J3R82R2ZZ,2026-05-28 08:06:02,2026-05-28,PRD-DJGANQM74US1,CLI-3JCADSZMOV47,Transfer,,8776.52,USD,,POS,,,,México,Puebla,Declined,05,False,16.56,0.1385266,0.8733193
TRX-2FZNMM0P6R65G2SWRUW5,2026-05-28 09:37:47,2026-05-28,PRD-646XG2MAFROI,CLI-L4NPL5R0W4FP,Withdrawal,,413.73,USD,,ATM,SUC-WU56M94O,,,México,Querétaro,Approved,00,False,19.24,,
TRX-PDVOP62DHT80DY9GIS4V,2026-05-29 02:16:21,2026-05-28,PRD-YXA8X9AT7H98,CLI-931XSUPZ0ZD2,Purchase,Other,1954401.27,COP,488.6,POS,,Ferretería,Other,Colombia,Medellín,Approved,00,False,,,
TRX-5GYMT1J2UOO7GDGVFW1J,2026-05-28 19:48:58,2026-05-28,PRD-DQBI7QHMXUJ9,CLI-574ZEDPPQ89R,Deposit,,5192818.48,COP,1298.2,Transfer,,,,Colombia,,Approved,,False,26.29,,
TRX-MZPZPNRDZ2SUF9SBM517,2026-05-29 04:46:49,2026-05-28,PRD-MTJPIH2UZBHP,CLI-K5ZCDNZFV7QV,Transfer,,8921.75,USD,,App,,,,México,,Approved,00,False,24.07,,
TRX-OVAFM3KW593UPC04SEEP,2026-05-28 21:16:58,2026-05-28,PRD-9J0RC945Y9YS,CLI-ALHLQ2VC0QVL,Payment,Food,3172317.88,COP,793.08,ATM,SUC-OFZKCO6O,,,Colombia,Barranquilla,Approved,00,False,9.29,,
TRX-NEM0NB408O8Z5IXCQPJT,2026-05-28 08:33:44,2026-05-28,PRD-4K524RG95UKJ,CLI-CLO8U3UDDN0I,Withdrawal,,1828985.25,COP,457.25,POS,,,,Colombia,Barranquilla,Approved,00,False,9.96,,
TRX-IRN30LRNHIO71AGKT91Z,2026-05-28 15:46:39,2026-05-28,PRD-9T5EV5LX4K9U,CLI-Q8PA9Y954XOF,Transfer,,6949218.59,COP,1737.3,POS,,,,Colombia,Cali,Approved,00,False,18.13,,
TRX-BV51YRYX70VSB59T4NGG,2026-05-28 13:33:10,2026-05-28,PRD-BZVDYXLVDZQK,CLI-PK02W0W7XAV6,Payment,,2282315.91,COP,570.58,POS,,,,Colombia,,Approved,00,False,6.72,,
TRX-D08B9G4PRCWOXMM4ZD9W,2026-05-28 19:35:54,2026-05-28,PRD-LOQTQUY4GDXK,CLI-XNGVG5Z4YPUX,Withdrawal,,865652.27,COP,216.41,ATM,,,,Colombia,Bogotá,Approved,00,False,23.91,,
TRX-IS15GG45Z1Z70UQLWWDL,2026-05-28 14:29:24,2026-05-28,PRD-NZ2YCKKKWB6D,CLI-MMO7VLO3EEZ3,Purchase,Entertainment,276842.68,COP,69.21,POS,,Cine Premium,Entertainment,Colombia,Cartagena,Approved,00,False,25.21,3.8214786,-74.6542187
TRX-ZD9I7Z1LK1XCTNA6ACFB,2026-05-28 12:24:16,2026-05-28,PRD-CQUXED36MCWE,CLI-E90J2XAR9DE5,Payment,Services,533639.1,ARS,1524.68,POS,,,,Argentina,Córdoba,Approved,00,False,8.3,-34.4043253,-58.2739648
TRX-KJI4P54HBFN4Z6V0C51H,2026-05-29 04:14:18,2026-05-28,PRD-AE5H7NHRB8GV,CLI-BFUYCBF739JD,Withdrawal,,220.53,USD,,POS,,,,Colombia,Medellín,Approved,00,False,1.22,,
TRX-HOPL41GTA1ZA5KZKJ6TA,2026-05-29 03:39:49,2026-05-28,PRD-WE74V625PYMB,CLI-NEL7UTA409MY,Payment,Health,974.38,USD,,POS,,,,México,,Approved,00,False,26.14,,
TRX-WBC44BYU1OBCRGZGTG5G,2026-05-28 17:51:10,2026-05-28,PRD-96GOLWM5N2LR,CLI-1GH97WWGMQDV,Deposit,,1751104.06,COP,437.78,App,,,,Colombia,Cartagena,Approved,00,False,28.54,,
TRX-KASIGR8NA5S34F9P3J7F,2026-05-28 09:51:37,2026-05-28,PRD-QLJRQ8PVIOO3,CLI-IXZ0Z5BX4AEX,Purchase,Food,21.95,USD,,POS,,Mercado Central,Food,México,Querétaro,Approved,00,False,,-0.7240201,-0.4097606
TRX-M5JN5LD7J57QH8C3WUDX,2026-05-28 14:13:03,2026-05-28,PRD-6E5G7L9EUOIP,CLI-0D30VRXCACFH,Transfer,,18613732.61,COP,4653.43,POS,,,,Colombia,Barranquilla,Approved,00,False,14.07,4.2647729,-73.1526148
TRX-5WPIEXYLMGWSU6PMBYW7,2026-05-29 01:34:37,2026-05-28,PRD-2JRR3VMQOQIL,CLI-N49Z00HHKZGO,Purchase,Health,1953448.53,COP,488.36,Web,,Clínica Médica,Health,Colombia,Cali,Approved,00,False,22.79,,
TRX-HXQU0XU9QR0MYXVGYUKH,2026-05-28 06:03:01,2026-05-28,PRD-K8KS9D1RBSF8,CLI-RSCABJ93764Z,Payment,Health,7245594.06,COP,1811.4,App,,,,Colombia,Medellín,Approved,00,False,,,
TRX-ANI7AWYXU3IGTISBTPWY,2026-05-28 15:45:57,2026-05-28,PRD-P2KTPHIKNASF,CLI-MP381657ZIV1,Purchase,Transport,695592.34,COP,173.9,POS,,Taxi Seguro,Transport,Colombia,Cartagena,Declined,51,False,7.74,,
TRX-VT8W37VU889TDX7V15DQ,2026-05-28 23:16:36,2026-05-28,PRD-5I27RNXGZHMG,CLI-J767G5OE52WK,Transfer,,4523.51,USD,,ATM,,,,México,Monterrey,Approved,00,False,16.37,,
TRX-6AGJ4YF50PQZRCN1M5QM,2026-05-28 23:18:24,2026-05-28,PRD-6SXA29CSW9BI,CLI-KTGK5SLAPH8P,Payment,Food,305886.33,ARS,873.96,ATM,SUC-XHNP3DLP,,,Argentina,Buenos Aires,Approved,00,False,8.9,,
TRX-C6C2N9RFGM58VZDHZDCN,2026-05-28 12:38:35,2026-05-28,PRD-STYSBBDI5ZGL,CLI-DTDM7C0EDCWB,Deposit,,1277.58,USD,,App,,,,México,Tijuana,Approved,00,False,0.16,,
TRX-H7DH67CSNQ1QIRMRR5WQ,2026-05-28 10:23:25,2026-05-28,PRD-AU2NDVMSEI27,CLI-XMMK3GL3AW3H,Payment,Services,7746489.6,COP,1936.62,POS,,,,Colombia,Medellín,Approved,00,False,22.32,5.5084176,-73.5728941
TRX-MTYDSUN54A2OFWC2YSYC,2026-05-28 20:52:31,2026-05-28,PRD-3Y9BQMC3YQ29,CLI-HDYPIXSWGPQ8,Deposit,,7940343.11,COP,1985.09,POS,,,,Colombia,Cali,Approved,00,False,26.05,,
TRX-BAR73S0P602U4XA1FUER,2026-05-28 22:45:17,2026-05-28,PRD-ANBACTTA7FUW,CLI-IQ8U4CJU3LO1,Transfer,,1264.64,USD,,ATM,SUC-8QU1XFUX,,,México,Guadalajara,Approved,00,False,12.16,,
TRX-M0ID8GFXKFMZSGZFQ1DD,2026-05-28 15:36:05,2026-05-28,PRD-NHX7TAZKP91R,CLI-ZBI0JOYG24LQ,Transfer,,17054918.28,COP,4263.73,Web,,,,Colombia,Barranquilla,Approved,00,False,,,
TRX-X2PFKB81K2TUH6UWVMG2,2026-05-28 17:05:14,2026-05-28,PRD-FNMKL6LQBPNA,CLI-U5KB0GQZ2G27,Adjustment,,1988149.62,COP,497.04,Branch,SUC-LBZFJAU6,,,Colombia,Medellín,Approved,00,False,,,
TRX-N6GII01MQ3IXC1W8BBU7,2026-05-28 09:39:22,2026-05-28,PRD-8QZA6C44S53P,CLI-PQFRKPTL2ECN,Withdrawal,,25242.55,ARS,72.12,ATM,SUC-HBYNA6O6,,,Argentina,Córdoba,Approved,00,False,,,
TRX-1PDKHC6Q9CJZZI8FIOU8,2026-05-28 13:59:28,2026-05-28,PRD-9PKMU0ICFFCT,CLI-FH6ZZPUFDX6D,Purchase,Other,34.0,USD,,Web,,Tienda General,Other,México,,Approved,00,False,25.8,,
TRX-HWQ743CGA01PV2CHPTPW,2026-05-28 11:20:15,2026-05-28,PRD-T07TPU1VPBRP,CLI-MY7DQV5IWLK8,Purchase,Transport,10180.11,ARS,29.09,ATM,SUC-8433QXQ4,Uber,Transport,Argentina,La Plata,Approved,00,False,7.38,,
TRX-U2CVANCBVG2T9UYNTX0L,2026-05-28 22:58:25,2026-05-28,PRD-UBR2NCZWTD4K,CLI-YZB8X21F53V2,Withdrawal,,1234363.92,COP,308.59,POS,,,,Colombia,Cali,Approved,00,False,5.86,5.008097,-73.4745207
TRX-4C5BJ5NUV86LGE87I418,2026-05-28 19:20:34,2026-05-28,PRD-F1PVWKDT4NRI,CLI-BVXKC7FE72F5,Withdrawal,,181.47,USD,,ATM,SUC-XT96PBC0,,,México,Monterrey,Pending,14,False,29.28,,
TRX-QBZLC3WZGCH8SJQ9DOV1,2026-05-29 02:23:36,2026-05-28,PRD-TWQQL0P3394Y,CLI-H0NG1EF97L00,Withdrawal,,160271.65,ARS,457.92,App,,,,Argentina,Córdoba,Approved,00,False,,,
TRX-1AQCLZ479LD0L03J3JMS,2026-05-28 16:23:05,2026-05-28,PRD-2UN06NQ88FXR,CLI-9XDEXYCQSR9L,Payment,Transport,24069.77,ARS,68.77,ATM,SUC-5S93Z8YS,,,Argentina,Mendoza,Approved,00,False,24.57,,
TRX-FWZ87TTELMPGRYQHA422,2026-05-28 20:01:08,2026-05-28,PRD-EBEWDNL5RP8M,CLI-OBHPOTDI5O04,Purchase,Food,5060.41,ARS,14.46,POS,,Super Ahorro,Food,Argentina,La Plata,Approved,00,False,8.5,,
TRX-PEBVR992A1R286L481O4,2026-05-28 23:41:37,2026-05-28,PRD-75FKPF1JVVGG,CLI-OQCKVMEAUVXB,Purchase,Food,314.49,USD,,ATM,SUC-VTIA5X8Y,Super Ahorro,Food,México,Querétaro,Approved,00,False,0.59,,
TRX-8H2972DQ2K9Z6LJWA4UC,2026-05-28 17:51:14,2026-05-28,PRD-7C9BWN1LEVE1,CLI-NP1HPAYXRNP1,Withdrawal,,46.91,USD,,App,,,,México,Querétaro,Approved,00,False,25.75,,
TRX-P0V2LHALXQGANZJTKM6U,2026-05-28 16:40:22,2026-05-28,PRD-A1DHJLAN3N68,CLI-AKLLBZVE65WK,Purchase,Food,84.57,USD,,POS,,Tienda Don José,Food,Argentina,Córdoba,Approved,00,False,11.31,,
TRX-NSO4HJ71QJBMWG8NK3E0,2026-05-28 21:31:47,2026-05-28,PRD-S1Y8QWTSYXLH,CLI-2TU78GCBOF96,Deposit,,2750859.66,COP,687.71,POS,,,,Colombia,Cartagena,Approved,00,False,12.96,4.3446182,-74.2600259
TRX-1OC7D0CEWOVSC6NTSKX1,2026-05-28 09:06:13,2026-05-28,PRD-A9GYTEBJXN2O,CLI-HFUIFKXYL4NB,Deposit,,816741.37,ARS,2333.55,App,,,,Argentina,Rosario,Approved,00,False,28.7,,
TRX-0XKO8H4V67YI2B23VYE4,2026-05-28 17:30:47,2026-05-28,PRD-S911MIDL9B4S,CLI-4ELU33T9AD9M,Transfer,,1384.04,USD,,ATM,SUC-SKR8GS10,,,México,Ciudad de México,Approved,00,False,12.26,,
TRX-6OECL15UAEVSN73B8557,2026-05-28 17:46:06,2026-05-28,PRD-Z4GL7SJQGA2J,CLI-XY7NKN379Y89,Deposit,,2898.77,USD,,POS,,,,México,Guadalajara,Approved,00,False,21.69,,
TRX-H8WYPBCS8M5KJEPCR9OO,2026-05-29 03:00:50,2026-05-28,PRD-1WI0JXX93GUE,CLI-R8JDJM0BMY5K,Payment,Transport,1236.98,USD,,ATM,SUC-PUPXM7MA,,,México,Puebla,Approved,00,False,11.58,,
TRX-9E5ODSW0CBRJYXIV0EAD,2026-05-28 18:49:18,2026-05-28,PRD-MBUF1TPXBA26,CLI-IE2MBA8MHZPA,Payment,Entertainment,7547145.83,COP,1886.79,App,,,,Colombia,Medellín,Approved,00,False,2.98,,
TRX-L6E7RL74WN696T7QIFPU,2026-05-28 07:48:37,2026-05-28,PRD-MNCVJRZ6QIQ6,CLI-AZCB0G9ER5UD,Purchase,Entertainment,126371.15,ARS,361.06,POS,,Teatro Nacional,Entertainment,Argentina,Buenos Aires,Approved,00,False,17.85,,
TRX-CTE1PQAR2MUCD1B8LINK,2026-05-28 12:06:27,2026-05-28,PRD-M0FW6C4U3Z24,CLI-REREUX9MJHI1,Purchase,Food,477.8,USD,,ATM,SUC-UB0LXRUU,Tienda Don José,Food,México,Tijuana,Approved,00,False,17.99,,
TRX-80JN31ST5DW5KK0GABD5,2026-05-28 22:21:43,2026-05-28,PRD-EVBKTJ6R9A12,CLI-JEQRBVS8Z9H5,Purchase,Services,106.9,USD,,POS,,Cable TV,Services,México,Querétaro,Approved,00,False,22.89,0.7022022,-0.7544445
TRX-1KJ9VKQLVXYK0BNX97ZB,2026-05-28 14:33:18,2026-05-28,PRD-YWFNSI5QUVM4,CLI-OIUY3TQ4X4I7,Transfer,,2505761.07,ARS,7159.32,App,,,,Argentina,La Plata,Approved,00,False,24.23,,
TRX-9RV8SSHMBRDGDADYTZKP,2026-05-28 14:30:25,2026-05-28,PRD-F0T5H90FZ26L,CLI-I3RQ2A1HLFP5,Purchase,Entertainment,443.65,USD,,POS,,Streaming Music,Entertainment,México,Guadalajara,Approved,00,False,,,
TRX-YXHV9LO3JZRJ1CLOLVCW,2026-05-29 04:00:31,2026-05-28,PRD-Y6DBYK8W0IEH,CLI-XOF1UXIAKGKQ,Withdrawal,,752717.34,COP,188.18,ATM,SUC-1C51KLB3,,,Colombia,Medellín,Approved,00,False,2.97,3.9833829,-73.2992156
TRX-KLUJOZY27PMCCBDFNF5T,2026-05-28 21:50:16,2026-05-28,PRD-WYTQL93E360S,CLI-4SB4NS842J8K,Payment,Food,140.86,USD,,POS,,,,México,Monterrey,Approved,00,False,5.58,,
TRX-LMOS3CPATCNJ0D9VHC3V,2026-05-29 03:59:39,2026-05-28,PRD-F1YR4XXNWP5O,CLI-J9L6BPKNZXI9,Withdrawal,,1207906.02,COP,,POS,,,,Argentina,Córdoba,Approved,00,False,3.72,,
TRX-4NREB45WTK6NX4703TNZ,2026-05-28 09:44:45,2026-05-28,PRD-4U23OXE0158C,CLI-8JZVX16PH1VZ,Deposit,,1903.9,USD,,Web,,,,México,Tijuana,Approved,00,False,14.35,,
TRX-XNQSDPG6GODMARTA1AI2,2026-05-28 15:48:46,2026-05-28,PRD-2J177JSGWH0L,CLI-E9MH09G6PSYD,Deposit,,1759645.91,COP,439.91,ATM,SUC-HAC1OZ8F,,,Colombia,Medellín,Approved,,False,0.08,,
TRX-G7RP6A4NQIXRDOJ63IN8,2026-05-28 19:17:37,2026-05-28,PRD-KWNNLSIACY4T,CLI-9ZC6HPQ0TH4Q,Transfer,,17037502.18,COP,4259.38,POS,,,,Spain,Barcelona,Approved,00,False,,,
TRX-2FFNSZ99WP07KBTCPH8C,2026-05-29 03:57:18,2026-05-28,PRD-G8OE7IN3EVNJ,CLI-A6NMX0YQCQXX,Adjustment,,408.94,USD,,POS,,,,México,Guadalajara,Approved,00,False,24.83,,
TRX-TJL7HBCHLSITKDYCLPIE,2026-05-29 00:09:20,2026-05-28,PRD-8H8LVH2YHCPH,CLI-H0K86EV4ADVC,Transfer,,11641249.75,COP,2910.31,ATM,SUC-KY2QIURA,,,Colombia,Bogotá,Approved,00,False,16.04,4.0200161,-74.5788541
TRX-G8BT9LZENGO4RMV38Q13,2026-05-29 00:47:06,2026-05-28,PRD-MTQ2NLY5F270,CLI-65PTAJWK3QK8,Withdrawal,,68.04,USD,,Web,,,,México,Guadalajara,Approved,00,False,,,
TRX-4SBGYEEQ1DJGO4BAHF7P,2026-05-28 14:21:58,2026-05-28,PRD-GK07L0MQG1WN,CLI-ER0NU1S0VD7K,Withdrawal,,174.82,USD,,Web,,,,Argentina,La Plata,Approved,00,False,13.5,,
TRX-D98SZJ6CKWKQ7QNE434C,2026-05-29 02:40:53,2026-05-28,PRD-6WGAQH43KQY3,CLI-XFNAOIK11IOD,Withdrawal,,149143.1,ARS,426.12,ATM,SUC-ZSZKWMJL,,,Argentina,Córdoba,Approved,00,False,12.36,-34.1952991,-59.0108626
TRX-AWZGSZNQ756EMMXF92RS,2026-05-28 16:41:18,2026-05-28,PRD-FH4RA64AZIG5,CLI-KOAF20EG2R0A,Deposit,,3100.98,USD,,ATM,SUC-349TR6OC,,,México,Monterrey,Approved,00,False,13.1,,
TRX-3VDR03JSJHFC27AFY556,2026-05-28 20:11:28,2026-05-28,PRD-LCCHDQWEEL01,CLI-Q3XRKFJ0PJ4J,Deposit,,15644101.72,COP,3911.03,POS,,,,Colombia,Barranquilla,Approved,00,False,12.93,,
TRX-HBDJGJ5MGZLXUGTMSEL1,2026-05-28 19:28:38,2026-05-28,PRD-UDTMGRLBVGKP,CLI-DGXPOMCT6VH9,Transfer,,3544.09,USD,,ATM,SUC-EHE8V9YO,,,Argentina,La Plata,Approved,00,False,17.85,-34.3901313,-57.6772127
TRX-7RY9MX1S82GR8T4NXDA5,2026-05-28 09:24:04,2026-05-28,PRD-F3HCZ3WUZHJQ,CLI-62VNOHN8XVAX,Transfer,,31474836.98,COP,7868.71,POS,,,,Colombia,Cali,Approved,00,False,18.74,,
TRX-KFIHG6P9Y7K7A5PCM5PM,2026-05-29 05:41:52,2026-05-28,PRD-TRSIQJNR3RVG,CLI-TAY0CYLVXI60,Deposit,,2798.15,USD,,Branch,SUC-XEEDD28B,,,México,Monterrey,Approved,00,False,25.15,,
TRX-GCI47JXWFXU0F6ABWQ1W,2026-05-28 16:20:16,2026-05-28,PRD-GG4JHWYX52Z2,CLI-6T816T7A2GM1,Withdrawal,,211.36,USD,,Web,,,,México,,Declined,,False,25.63,,
TRX-IQA831ENYC3OYBKIR17Q,2026-05-28 22:51:36,2026-05-28,PRD-S4524ZGZ0E42,CLI-FNZPT63TJC63,Purchase,Health,385.64,USD,,ATM,SUC-12NKB9OB,,Health,México,Tijuana,Declined,51,False,2.36,,
TRX-9NXZ052NM7O2EF1IDBRH,2026-05-28 11:49:39,2026-05-28,PRD-1YXVVTC02BCL,CLI-BDX67R6F8W6K,Withdrawal,,280.97,USD,,POS,,,,México,Querétaro,Approved,00,False,12.6,,
TRX-T94PCLK6OQHX3DM27U7J,2026-05-28 07:47:25,2026-05-28,PRD-3HP8IJWF3FNP,CLI-Y354UDEITL8L,Payment,Food,4278101.71,COP,1069.53,ATM,SUC-JARPMK7O,,,Colombia,Barranquilla,Approved,00,False,,,
TRX-Q0CF5LD11J5CWG8I26JR,2026-05-28 16:31:08,2026-05-28,PRD-KF9J242PDYZ9,CLI-4BCQT8CJMA80,Purchase,Food,297.25,USD,,ATM,SUC-FQBLIDK9,Tienda Don José,Food,México,,Approved,00,False,3.24,,
TRX-S7X363TLSWC3ECGTMETZ,2026-05-28 08:45:17,2026-05-28,PRD-5OZYQOR50PT1,CLI-YWJZ31TDBP03,Payment,Transport,2031649.65,COP,507.91,POS,,,,Colombia,Bogotá,Approved,00,False,19.8,,
TRX-7A54KECHML3FUMBPOPC3,2026-05-28 20:57:57,2026-05-28,PRD-BDVQ6MVELZIL,CLI-8BLDQFCL2QG8,Withdrawal,,823390.61,COP,205.85,Web,,,,Colombia,Barranquilla,Approved,00,False,21.1,,
TRX-0KBP9YHLP3JEY966ZBD5,2026-05-28 13:23:38,2026-05-28,PRD-RVUN6DX3MHLF,CLI-YXWPSBA8L11Q,Purchase,Other,321.11,USD,,Branch,SUC-JGJN78RV,Tienda General,Other,México,Guadalajara,Approved,00,False,4.0,,
TRX-361J0YPHZZ26T0YQ3C7V,2026-05-28 17:47:50,2026-05-28,PRD-MTQSJIKIC9MK,CLI-TRFWX6YMZG7G,Withdrawal,,1010389.89,COP,252.6,POS,,,,Colombia,,Approved,00,False,12.37,,
TRX-5FN5J8E6CITGJLVO60W8,2026-05-28 10:02:43,2026-05-28,PRD-KOT4IIFMGE2Q,CLI-ZDVLBHP4WRO4,Withdrawal,,204.44,USD,,Web,,,,México,Guadalajara,Approved,00,False,0.4,,
TRX-N5BIWFNISVCMAB9R5X6N,2026-05-28 07:18:52,2026-05-28,PRD-DHX2YGWXM4HE,CLI-64JOV03R7UY3,Payment,Services,930.37,USD,,POS,,,,México,Querétaro,Approved,00,False,,,
TRX-6CG93ZNALRCOA1K8TUU8,2026-05-28 08:54:58,2026-05-28,PRD-FHIJOFOUJKQM,CLI-VPLMSFJD0RKV,Payment,Health,242.97,USD,,POS,,,,México,Tijuana,Approved,00,False,12.28,,
TRX-KNMH6YQJ89TXC2RPDRAR,2026-05-28 10:45:12,2026-05-28,PRD-A2SJQ0ALWA2R,CLI-TPP1Q0EXXXDU,Withdrawal,,94.67,USD,,ATM,SUC-ADIYTS49,,,México,Tijuana,Declined,14,False,23.31,-0.4098075,0.1815877
TRX-Q7FOKCWFCCCD6OK6GQAT,2026-05-28 07:04:46,2026-05-28,PRD-VJBDQHJGGRR6,CLI-6J0UGJU8O4XQ,Payment,Health,611972.78,ARS,1748.49,App,,,,Argentina,Mendoza,Approved,00,False,3.79,,
TRX-CZNM59GD90BF4NN60H1D,2026-05-28 21:08:13,2026-05-28,PRD-SCT52STL8QXI,CLI-OIVUHZ5JY77O,Withdrawal,,203.3,USD,,ATM,SUC-98QOW3F1,,,México,Ciudad de México,Reversed,14,False,20.2,,
TRX-FT5HU585TWGUJ04JXJX0,2026-05-28 12:25:37,2026-05-28,PRD-FQCZYGW07NKU,CLI-JQAU4EAW2WZJ,Deposit,,1085.12,USD,,ATM,SUC-WSUW783S,,,México,Querétaro,Approved,00,False,0.89,0.9645304,0.5832748
TRX-3VQP3997YQPM1WFAIG8E,2026-05-28 15:27:02,2026-05-28,PRD-QUSUJJWE0HUO,CLI-ZGJVMPJRS6G2,Transfer,,543889.19,ARS,1553.97,Web,,,,Argentina,La Plata,Approved,00,False,12.41,,
TRX-FDWSTFRNF6MKD3TMDC2O,2026-05-29 01:18:02,2026-05-28,PRD-DSUJZJOEPM1S,CLI-DBG62GOCVF48,Withdrawal,,414.08,USD,,POS,,,,México,Guadalajara,Approved,00,False,28.78,,
TRX-RUVQZ372RN11VBTED37Q,2026-05-29 05:56:25,2026-05-28,PRD-6HITR5CCQS24,CLI-36UHTFMUBNOE,Deposit,,148.02,USD,,ATM,,,,Colombia,Cartagena,Approved,00,False,12.15,,
TRX-DUBMPN298FA0R4V5POY8,2026-05-28 06:01:05,2026-05-28,PRD-YVMAYP48YO2X,CLI-1719H4G5R4IZ,Transfer,,5863.14,USD,,ATM,SUC-552N76DP,,,México,Ciudad de México,Approved,00,False,6.84,0.8650289,0.9530659
TRX-I87LA6QC2T9N1QUHCHNB,2026-05-28 08:16:56,2026-05-28,PRD-KZSOIMMG46OE,CLI-ZQ04S3DKPVO4,Purchase,Transport,337.4,USD,,App,,Uber,,México,Monterrey,Approved,00,False,2.67,,
TRX-7EIJBIQ02THGBV28S88T,2026-05-28 19:37:25,2026-05-28,PRD-16XH4OC3VSKA,CLI-N0GKM9M91C6X,Payment,Transport,253863.68,ARS,725.32,ATM,,,,Argentina,Rosario,Approved,00,False,,-35.2523472,-58.8311387
TRX-HQ5Z2JBNQ6J4MAGOXOU4,2026-05-28 06:55:47,2026-05-28,PRD-UFSSP7VW9D1G,CLI-7W8O9TCLFWCL,Payment,Other,25423.1,ARS,72.64,App,,,,Argentina,Córdoba,Reversed,05,False,19.35,,
TRX-EEH2LHXW3UK2VLNVNW9R,2026-05-28 16:48:03,2026-05-28,PRD-JYGP8BG2OJS8,CLI-78QL7VP2WL61,Transfer,,1000.49,USD,,Web,,,,México,Tijuana,Approved,00,False,,,
TRX-NXMRJE417KXK1VI9CCFZ,2026-05-28 07:35:01,2026-05-28,PRD-E075Q6SYG3MW,CLI-UO0ERW86SJXL,Withdrawal,,21982.74,ARS,62.81,Web,,,,Argentina,La Plata,Approved,00,False,,,
TRX-67N5AUQ5CTRQXP5RQSR2,2026-05-28 11:28:53,2026-05-28,PRD-0ZELMSYCO46N,CLI-1HE7SXZ4LAJG,Purchase,Services,323.96,USD,,ATM,SUC-SKR8GS10,Empresa Telefónica,Services,México,Monterrey,Approved,00,False,12.99,-0.7053361,0.2671498
TRX-K3TBTVRR753PM9JN744O,2026-05-29 01:11:06,2026-05-28,PRD-JHJWCFS5N9D9,CLI-4RAQ61YJVWDX,Purchase,Transport,1251915.12,COP,312.98,ATM,,Gasolinera Express,Transport,Colombia,Cartagena,Approved,00,False,27.2,5.1061987,-74.1835394
TRX-LGCRQAIN9NIL6GP0DJ2K,2026-05-29 00:12:14,2026-05-28,PRD-QQ1BTDFQFZ7O,CLI-F4VB6W4U4RF1,Purchase,Entertainment,351.33,USD,,Web,,Cine Premium,Entertainment,México,Tijuana,Approved,00,False,5.38,,
TRX-FPPIU34RKV5KDZFZRAVZ,2026-05-28 07:04:44,2026-05-28,PRD-FXMVFJBTJ7ZT,CLI-P0QZB0MTYWCL,Payment,Food,117513.83,ARS,,POS,,,,Argentina,Córdoba,Approved,00,False,29.22,,
TRX-888RWV1H9R8NBBRY2BQB,2026-05-28 23:32:49,2026-05-28,PRD-IJ1TCFWKHJYH,CLI-69BNG6BI8C8C,Deposit,,3747.72,USD,,ATM,SUC-I3D08YZO,,,México,Ciudad de México,Approved,00,False,23.6,,
TRX-R0N26GRUHWF6R5JG9G66,2026-05-29 04:00:27,2026-05-28,PRD-ESVOUX3RGLU1,CLI-69AKXH7TZSAY,Purchase,Food,393.02,USD,,POS,,Tienda Don José,Food,México,Ciudad de México,Approved,00,False,,,
TRX-J4X2PELIRELGY41W32HC,2026-05-29 03:05:56,2026-05-28,PRD-R7EE3XMU5OJW,CLI-OXE8BEFJL2G0,Transfer,,32636614.26,COP,8159.15,Transfer,,,,Colombia,Cartagena,Approved,00,False,,,
TRX-ZJ8X0SJQQLR313HX4L53,2026-05-28 12:46:16,2026-05-28,PRD-XIG0UM29WL0O,CLI-R64CAF2UGI0I,Deposit,,1462.39,USD,,App,,,,México,Guadalajara,Approved,00,False,,,
TRX-RCIDYTRMTOKANXHJCOQR,2026-05-28 09:50:41,2026-05-28,PRD-7NJZLDQXU1N9,CLI-8JR6IM3Y1EGI,Transfer,,6368.93,USD,,ATM,SUC-LBPQUZ4D,,,México,Monterrey,Approved,00,False,10.32,-0.509399,-0.6428732
TRX-D9LCD16LJQD2ZH559FWU,2026-05-29 00:34:02,2026-05-28,PRD-O4T4QZ4W0353,CLI-32I4KZOXVET6,Withdrawal,,356.47,USD,,ATM,SUC-4ML8OJM1,,,Brazil,São Paulo,Approved,00,False,9.2,,
TRX-1ZKHQZYLM1FOPAD1N62S,2026-05-29 04:55:10,2026-05-28,PRD-P5I3CACX026Q,CLI-072B8Z7L396M,Withdrawal,,316.99,USD,,POS,,,,México,Ciudad de México,Declined,05,False,28.01,,
TRX-YPAQD71ZB0GZVS1JXMD3,2026-05-28 18:01:22,2026-05-28,PRD-DAMB1EC3YAFV,CLI-W6SJF2692GLP,Payment,Health,1174.61,USD,,App,,,,México,Tijuana,Approved,00,False,,,
TRX-5T397AZSY4I8U1C26FYD,2026-05-28 18:45:54,2026-05-28,PRD-K77LW0N0DYIX,CLI-JHAIQLUC2EGB,Payment,Entertainment,1506.54,USD,,ATM,SUC-5FDGLKJX,,,México,Guadalajara,Approved,00,False,,,
TRX-1QUP9I498NPSP1ERV91G,2026-05-28 09:06:23,2026-05-28,PRD-SC9GK1M9161Q,CLI-KUPPLQZPWKDA,Deposit,,3071.27,USD,,Transfer,,,,México,Guadalajara,Approved,00,False,4.89,,
TRX-C5FT8URE5B3BOAJHSXXW,2026-05-28 12:07:06,2026-05-28,PRD-S26FV372I16U,CLI-XZTXTAH7WV7Z,Payment,,7794900.24,COP,1948.73,POS,,,,Colombia,Cartagena,Approved,00,False,5.52,,
TRX-RY8OW21OJ9UJHOVYRW31,2026-05-29 01:09:28,2026-05-28,PRD-IPSQFHAXM14F,CLI-80H471QZP81J,Purchase,Entertainment,331.2,USD,,POS,,Streaming Music,Entertainment,México,Guadalajara,Approved,00,False,17.03,,
TRX-PDFPGU2I33JWMLF4V6D6,2026-05-29 01:29:19,2026-05-28,PRD-JWNXK5A1HQWF,CLI-B1BQ47IC6OH5,Withdrawal,,368.35,USD,,Transfer,,,,Argentina,Mendoza,Pending,54,False,16.88,,
TRX-QH8EWE11LEJCKNHBU34G,2026-05-28 15:43:49,2026-05-28,PRD-0KUR8ETCV8R5,CLI-F6LBVT24W9JV,Withdrawal,,20533.87,ARS,58.67,POS,,,,Argentina,La Plata,Approved,00,False,23.28,,
TRX-LCQZK3KVG8KCI97UM9HK,2026-05-29 05:05:18,2026-05-28,PRD-DF1DLNCQUQS3,CLI-DGQMPWJVRBAF,Payment,Other,426893.84,ARS,1219.7,POS,,,,Argentina,Córdoba,Approved,00,False,8.47,,
TRX-6FUPXSCQQ2XYXAXQPJ7J,2026-05-28 06:24:47,2026-05-28,PRD-764PYGSPVVK7,CLI-1BZFB16ODRDB,Transfer,,755.02,USD,,Web,,,,Colombia,Barranquilla,Approved,00,False,18.27,,
TRX-YK8Y622FX8A0EO1S9EY3,2026-05-29 03:23:15,2026-05-28,PRD-J4P53BSELEZP,CLI-B8WICL3R0N7H,Transfer,,19250157.15,COP,4812.54,ATM,SUC-KXMF616G,,,Colombia,,Approved,00,False,5.82,4.5314765,-74.9822972
TRX-BY8UVQ5DDKVF2HIOKVCD,2026-05-28 15:49:33,2026-05-28,PRD-E4YCA4DW57Z2,CLI-A0K9VKWBSXB3,Deposit,,4570.19,USD,,ATM,SUC-2VHGDILI,,,USA,Houston,Approved,00,False,3.88,,
TRX-BTQE5O4YNJSL90V7MD7E,2026-05-28 10:25:28,2026-05-28,PRD-7FPHY8DKVWDO,CLI-5TU8PHNUPQT6,Deposit,,4242951.96,COP,1060.74,ATM,SUC-CBL7ISR7,,,Colombia,Cali,Approved,00,False,21.11,,
TRX-77JTV9F65FF2DMGKDQHW,2026-05-28 15:58:44,2026-05-28,PRD-FFM8THWZVLP7,CLI-Y15D6XABQVO0,Deposit,,17921289.8,COP,4480.32,POS,,,,Colombia,,Approved,00,False,6.01,,
TRX-2677E8PYXAKRPU05I0BG,2026-05-28 17:36:44,2026-05-28,PRD-U547Y1UG3G5J,CLI-M5EHFF5DYSW7,Purchase,Food,170.07,USD,,ATM,,Mercado Central,Food,México,Querétaro,Approved,00,False,,-0.4210379,0.3448693
TRX-PLQVNT4BNESVJ3STUSAQ,2026-05-28 09:34:08,2026-05-28,PRD-F1XI5CVXCXDV,CLI-D0JFE0EEUGR4,Payment,Other,730.55,USD,,Web,,,,México,Puebla,Approved,00,False,16.57,,
TRX-B23VKYCD0N7T80THFMO4,2026-05-28 22:55:50,2026-05-28,PRD-J1RAXPS400RH,CLI-NEK1YW98CLJH,Purchase,Transport,84138.46,ARS,240.4,POS,,Gasolinera Express,Transport,Argentina,La Plata,Approved,00,False,15.97,,
TRX-3K3H6SRC25HE0ZM9KBPF,2026-05-29 05:10:10,2026-05-28,PRD-XQ0YV8QTS4BA,CLI-MI170HN5AK1L,Withdrawal,,118.6,USD,,POS,,,,México,Ciudad de México,Approved,00,False,5.82,0.9650454,0.7678274
TRX-55E1W6Q89LJ8HPDWVE9A,2026-05-28 16:51:56,2026-05-28,PRD-4BRJ92TE9TVT,CLI-PDBQISH0YLUG,Withdrawal,,191396.32,COP,47.85,Web,,,,Colombia,Medellín,Declined,14,False,11.63,,
TRX-W6KEJ0SLR9CABESAGCRB,2026-05-28 11:55:27,2026-05-28,PRD-13G16B7H9TWO,CLI-EDFKD0MZS5W0,Transfer,,2878.2,USD,,App,,,,México,Ciudad de México,Approved,00,False,5.82,,
TRX-R8DI6CJSEND1Y0650FEJ,2026-05-28 12:35:08,2026-05-28,PRD-HB4CD2UO9ORI,CLI-JFY7KT43FV28,Withdrawal,,1329374.3,COP,332.34,ATM,SUC-U7NNFMS6,,,Colombia,Bogotá,Reversed,05,False,27.22,,
TRX-YKQH0FN6O8MVJKM5MV27,2026-05-28 16:56:48,2026-05-28,PRD-MF29YO9AQD3X,CLI-CANRYPQH09MR,Transfer,,5317.72,USD,,Branch,SUC-V5DT47YR,,,Argentina,La Plata,Reversed,14,False,18.04,-35.0543654,-57.5003601
TRX-NP0Y4917HTTLNYCO5OKU,2026-05-28 13:13:28,2026-05-28,PRD-9TH7N474QERA,CLI-1IVDUGKQIUDA,Withdrawal,,195.22,USD,,POS,,,,México,Tijuana,Pending,51,False,,0.8891096,-0.8036797
TRX-FJWE46R44D9PC8YVBDCN,2026-05-28 07:41:17,2026-05-28,PRD-R1DYNPG7YX5X,CLI-ZDE9SWLB7QCM,Payment,Health,3649630.18,COP,912.41,ATM,SUC-2L4DTLRM,,,Colombia,Cali,Approved,00,False,4.83,,-73.3380107
TRX-YAKTTLHWXPFKOZ71UXKK,2026-05-28 15:47:06,2026-05-28,PRD-9DAY23XS16LK,CLI-BT7COCU3C36Q,Transfer,,260.77,USD,,App,,,,México,,Approved,00,False,,,
TRX-QD5YHAK0PLE7312ACFIP,2026-05-28 07:23:16,2026-05-28,PRD-EU5VZP414HVC,CLI-9A99TKE4VCLG,Transfer,,4176.41,USD,,Web,,,,México,Tijuana,Approved,00,False,4.29,,
TRX-CMA8XBH791TNFZC455G0,2026-05-28 18:30:59,2026-05-28,PRD-ZER1BHX3BSQY,CLI-5S6DUYZ0WJBD,Payment,Transport,1871.96,USD,,ATM,SUC-7T5LBQT3,,,México,,Approved,00,False,21.52,,
TRX-0O252R6F9EFDGK9F8CY9,2026-05-28 08:36:00,2026-05-28,PRD-UE93P9DKI48V,CLI-T2FI92G3C5KP,Transfer,,1362863.73,ARS,3893.9,Web,,,,Argentina,Rosario,Approved,00,False,9.43,,
TRX-69Q1QS3QW7MMUFOVZ2BS,2026-05-28 21:28:37,2026-05-28,PRD-KJPH2K9GSWYM,CLI-QO5S1SBD67MV,Purchase,Other,817560.3,COP,204.39,POS,,Boutique Moda,Other,Colombia,Cali,Approved,00,False,5.17,,
TRX-J07Z827EFUKNSR1NWC5D,2026-05-28 06:19:15,2026-05-28,PRD-JD7W44SYNQK9,CLI-9OWE9N5PDKYD,Payment,Food,1814.15,USD,,POS,,,,México,Ciudad de México,Approved,00,False,0.43,-0.0338745,-0.070075
TRX-C0XF6LX2IN0D60J9KQAZ,2026-05-28 18:00:50,2026-05-28,PRD-S1BT1G2H3ZFO,CLI-1Z32MA0LP6KH,Payment,Services,2830605.31,COP,707.65,Web,,,,Colombia,Cartagena,Approved,00,False,,,
TRX-W691OQY2UZII2E4S48SB,2026-05-28 19:35:02,2026-05-28,PRD-SWOTKQ8VRW03,CLI-X5N59QU30KGC,Purchase,Food,731627.36,COP,182.91,POS,,Tienda Don José,Food,Colombia,Medellín,Approved,00,False,29.64,,
TRX-X6809D889KTGAQ70LXNU,2026-05-28 22:26:03,2026-05-28,PRD-5NUZM648FZKQ,CLI-OSPFNVICV44X,Deposit,,1474008.8,ARS,4211.45,App,,,,Argentina,Córdoba,Approved,00,False,17.86,,
TRX-T0D4WFBF370FESBFISZ0,2026-05-29 00:19:04,2026-05-28,PRD-WBPUT8O9L013,CLI-1BE91UQ7DWRI,Purchase,Entertainment,378.98,USD,,POS,,Teatro Nacional,Entertainment,México,Puebla,Approved,00,False,24.39,,
TRX-PV0QJLPF918M751QGVOY,2026-05-29 01:40:00,2026-05-28,PRD-SESDRFX5DHLZ,CLI-L9DL8RFJB4BY,Withdrawal,,182.73,USD,,ATM,SUC-BDUFJ6GZ,,,México,Monterrey,Approved,00,False,17.15,,
TRX-BCDHWYUT7IEKQFFQILY3,2026-05-29 01:28:54,2026-05-28,PRD-IARLKZUJ715Q,CLI-S4FPTOW62LC6,Purchase,Other,400.55,USD,,ATM,SUC-0OJNMRLP,,Other,México,Querétaro,Approved,00,False,20.7,,
TRX-8Z6AK0SNIR1UVY7MIB9I,2026-05-29 01:48:22,2026-05-28,PRD-A65W16O5T64E,CLI-6IZ3OEDH1GYN,Purchase,Transport,162.59,USD,,POS,,Estación de Servicio,Transport,México,Querétaro,Approved,00,False,11.08,,
TRX-TLBNHJSAB7UCOBCF03NQ,2026-05-29 00:25:38,2026-05-28,PRD-YCINSI2HVHXK,CLI-NRDXWBV1D2OI,Withdrawal,,356.98,USD,,App,,,,Argentina,Córdoba,Approved,00,False,4.53,,
TRX-91VF6CHETBQ12PY9HCI1,2026-05-28 06:48:09,2026-05-28,PRD-KASTBZOLOESA,CLI-6KC4T4MDWM4R,Deposit,,12764271.09,COP,3191.07,ATM,SUC-4B1UVBW3,,,Colombia,Barranquilla,Approved,00,False,29.53,3.8242595,
TRX-V9UG6Z8DWW67WBLUPFQI,2026-05-28 15:54:01,2026-05-28,PRD-FOIKRDJJRZYX,CLI-GSVS4W3JNZPY,Purchase,Services,202.68,USD,,ATM,SUC-KI33JLSV,Internet Plus,Services,Spain,Madrid,Declined,,False,11.43,-0.8678417,-0.6425837
TRX-Z3URDN47CZXIHHL357SO,2026-05-28 11:32:50,2026-05-28,PRD-M73G27OD04EU,CLI-54DFZSP3A4OR,Transfer,,5528.93,USD,,ATM,SUC-QVGF07AP,,,México,,Approved,00,False,28.96,-0.5324587,0.488683
TRX-BT002KSOIN2HN97CHXS7,2026-05-28 23:59:31,2026-05-28,PRD-FPO4NKVORSVD,CLI-M8R0JX61S9TF,Purchase,Transport,119.52,USD,,Branch,,Taxi Seguro,Transport,México,,Approved,00,False,8.55,,
TRX-Z63X91C6265HZWBUJ0B0,2026-05-28 20:09:55,2026-05-28,PRD-N3TD1O4YZKUI,CLI-65SB2Q3MRFGM,Payment,Services,1124.6,USD,,POS,,,,México,Querétaro,Approved,00,False,8.54,0.2197983,0.9419135
TRX-8GNSAKQQVV711EC8BZ7Y,2026-05-28 06:07:31,2026-05-28,PRD-1PYMUL0ER38C,CLI-J6XTEDN08P1X,Purchase,Entertainment,1717101.19,COP,429.28,POS,,Conciertos Live,Entertainment,Spain,Valencia,Approved,00,False,25.33,5.1191275,-74.422957
TRX-W16LJCPB87XLS8R3E2WT,2026-05-28 14:01:59,2026-05-28,PRD-EWRGXB371E7O,CLI-9HZRLHID6CWO,Payment,Other,1337.35,USD,,ATM,SUC-FFI5DAEC,,,México,,Approved,00,False,,,
TRX-LLDQXRRJ1XPQBKHCTRH1,2026-05-28 19:42:44,2026-05-28,PRD-2MHHCSSRW7MN,CLI-DT0IWUJJD0AC,Transfer,,1364.75,USD,,ATM,SUC-337QKO7D,,,México,Monterrey,Approved,00,False,2.31,,
TRX-AV6BRO42X51WP5HV8TYH,2026-05-29 02:24:03,2026-05-28,PRD-3PWCXFLS4QE2,CLI-XOVT7DQ7ZKSF,Payment,Transport,1497.78,USD,,Web,,,,Colombia,Cartagena,Approved,00,False,20.04,,
TRX-3RJJIJJ7VSK6ELJKXGWM,2026-05-28 22:11:31,2026-05-28,PRD-B4QTHUMO0I7V,CLI-M0P4XBB7BIGD,Transfer,,903.81,USD,,ATM,SUC-F03D129S,,,México,Ciudad de México,Approved,00,False,,,
TRX-IWPTB65XZ7N6O6YNIGM2,2026-05-28 23:24:00,2026-05-28,PRD-LF8JV6TJ1XXN,CLI-9YMXF5VYW9FX,Withdrawal,,142678.17,ARS,407.65,App,,,,Argentina,Córdoba,Approved,00,False,,,
TRX-MLFJDNNO0W9C5F1F1PU8,2026-05-28 14:29:30,2026-05-28,PRD-NWS01CYRS8TD,CLI-HWR354NU0X2B,Payment,Other,2765192.75,COP,691.3,POS,,,,Colombia,Cali,Approved,00,False,24.44,,
TRX-YYFZ6E0WTLWS5IGD0TE8,2026-05-28 09:34:15,2026-05-28,PRD-7N3PVUJ1L94V,CLI-MJ7I9Y2UWJP2,Payment,Food,675.38,USD,,ATM,SUC-7TVQFT2O,,,México,Puebla,Approved,00,False,10.16,,
TRX-C82DMWVUEKPA2J192N56,2026-05-29 03:52:41,2026-05-28,PRD-34NL62OAKA8S,CLI-8JOU02Y0S29Z,Payment,Services,582688.03,ARS,1664.82,ATM,SUC-ISVYMZP9,,,Argentina,La Plata,Approved,00,False,20.7,,
TRX-E5YZKWMQ1HSYWRHF6A2Q,2026-05-29 01:06:42,2026-05-28,PRD-256CSA288VSP,CLI-WSYWH1GXLOQL,Transfer,,3507.97,USD,,POS,,,,Colombia,Cali,Approved,00,False,22.41,,
TRX-Q0V729HGYCQ8LF5XL30B,2026-05-28 22:56:59,2026-05-28,PRD-6OSFNHKWZ81G,CLI-4CC1EOLNF5DD,Withdrawal,,149.36,USD,,ATM,SUC-YZRQJS5X,,,México,Ciudad de México,Approved,00,False,,0.4505445,
TRX-DHE70MUJX3PDYB1E8MJC,2026-05-28 09:15:11,2026-05-28,PRD-NP0SX2Q516JG,CLI-CJH40EPZMYZX,Purchase,Food,477.47,USD,,ATM,SUC-NOBD5N9U,Restaurante El Buen Sabor,Food,USA,Houston,Approved,00,False,20.64,,
TRX-5Y00FJD84B5PXYIGPNW4,2026-05-28 16:34:05,2026-05-28,PRD-BX7KN1T5OY8Q,CLI-9TOBGRFKLA7P,Transfer,,26621139.94,COP,6655.28,Transfer,,,,Colombia,Cartagena,Approved,00,False,,,
TRX-AORT1B2EJGWV0LLYT78L,2026-05-28 19:38:29,2026-05-28,PRD-ZCVL6VTDUIQB,CLI-PMSJWPKU5ZYM,Payment,Entertainment,298248.43,ARS,852.14,ATM,SUC-GTAY0XHL,,,Argentina,La Plata,Approved,00,False,,,
TRX-3RSWC7QI0ZCA8QDOW29E,2026-05-29 02:59:58,2026-05-28,PRD-36A6SAKX57K5,CLI-J6B49YMII7AE,Payment,Food,119.81,USD,,POS,,,,México,Puebla,Approved,00,False,10.2,,
TRX-VJCAT8YKEZQ8KFBC3Q8X,2026-05-28 11:13:59,2026-05-28,PRD-3MD9120O8OGL,CLI-I3ANRBNKGKGE,Transfer,,8248.48,USD,,App,,,,México,Querétaro,Approved,00,False,12.47,,
TRX-361FNWSHYSJJSYFWRZJG,2026-05-29 01:13:52,2026-05-28,PRD-B4TMWW4Z1XDX,CLI-WOHIID27VQCJ,Purchase,Services,627768.6,COP,,ATM,SUC-07AK38PR,Servicios Públicos,Services,Colombia,Cali,Approved,00,False,,,
TRX-GNLV3PEMPHU7VTSZOXL3,2026-05-28 18:26:27,2026-05-28,PRD-I3WSLKQDILQE,CLI-EWCPKTLUH9DL,Purchase,Services,551329.21,COP,137.83,Web,,Internet Plus,Services,Colombia,Cartagena,Approved,00,False,24.19,,
TRX-0Z2JE7R8BKBLUKAFQJ98,2026-05-28 17:18:46,2026-05-28,PRD-UC1J97ND4U46,CLI-BKKOX9M99ZBV,Payment,Services,101.99,USD,,ATM,SUC-8RYAQ0NO,,,México,Puebla,Approved,00,False,,,
TRX-WU4LNO2YGGKS4XKLM0ME,2026-05-28 22:08:29,2026-05-28,PRD-QP68FLB37XD3,CLI-24ZEAHNQDZ8C,Purchase,Other,259.92,USD,,App,,Centro Comercial,Other,México,Ciudad de México,Approved,00,False,20.09,,
TRX-RLNHS52LZXOPOLX9FFRV,2026-05-28 12:13:30,2026-05-28,PRD-4N6XWNHHLTW4,CLI-Y8VDAIIRHZXQ,Purchase,Entertainment,449.9,USD,,App,,Teatro Nacional,Entertainment,México,Tijuana,Declined,51,False,16.64,,
TRX-3GFT6XFLMBXPTZA7IIWJ,2026-05-29 02:51:51,2026-05-28,PRD-5TDJBB9XTSOT,CLI-KHGEABRVMZIB,Transfer,,7814.33,USD,,POS,,,,México,Ciudad de México,Approved,00,False,9.79,,
TRX-QYVFI3HCFTGSSAJ26NNX,2026-05-28 07:24:20,2026-05-28,PRD-ECIWDX0X50AH,CLI-YHBESXIY56RG,Purchase,Transport,489.0,USD,,POS,,Gasolinera Express,Transport,México,Ciudad de México,Approved,00,False,27.88,-0.4759403,0.6481459
TRX-7B645EHONY4JI0ZGL3WH,2026-05-28 13:25:45,2026-05-28,PRD-ZEXT4CA8443V,CLI-40CTUXYMNX68,Purchase,Transport,34.95,USD,,Transfer,,Taxi Seguro,Transport,Argentina,Córdoba,Approved,00,False,23.72,,
TRX-FYGZ8AM8UOPD1M9KDHO5,2026-05-28 11:56:38,2026-05-28,PRD-TEB25M5EJZDI,CLI-Y2XYQP04D03W,Purchase,Other,573922.73,COP,143.48,App,,Boutique Moda,Other,Colombia,Cali,Approved,00,False,2.24,,
TRX-UKGXKV8TL42CXRS9L59L,2026-05-28 23:28:25,2026-05-28,PRD-WQ65G7C02RUP,CLI-QT4GWSHL7CL9,Transfer,,6181.49,USD,,POS,,,,México,Monterrey,Approved,00,False,,,
TRX-7IYDVADOWJ0S1Q5IKJ1E,2026-05-28 13:17:47,2026-05-28,PRD-5MZCCBPPMTEJ,CLI-IZKC32W16SBL,Payment,Food,1283051.67,COP,320.76,ATM,SUC-OFZKCO6O,,,Colombia,Cartagena,Approved,00,False,19.74,4.3183685,-74.0361609
TRX-4R0PFJQ1YDJ364SEKMF8,2026-05-28 12:37:36,2026-05-28,PRD-0FRM6NK9TZUW,CLI-90VOC8HBSM47,Deposit,,16758430.3,COP,4189.61,App,,,,Colombia,Barranquilla,Approved,00,False,18.51,,
TRX-WNBKVLZ2SKEMONDHNYUZ,2026-05-29 04:30:39,2026-05-28,PRD-G8HJUBGS5YX0,CLI-ZVXV7HBBZEYL,Purchase,Entertainment,253.1,USD,,App,,Cine Premium,Entertainment,México,,Approved,00,False,21.21,,
TRX-W38BKZEBMKO5T0WMQWR0,2026-05-29 00:07:33,2026-05-28,PRD-8CEM6OZN074N,CLI-ERAK6PJXW2HJ,Payment,Food,1905.8,USD,,POS,,,,México,,Approved,00,False,23.27,,
TRX-C8O0QPACI6A6A2VPHOWV,2026-05-28 14:25:28,2026-05-28,PRD-3B82CJ4LH40C,CLI-T5YS84ZMEUSP,Deposit,,194091.69,ARS,,Branch,SUC-7TUK3JBL,,,Mexico,Guadalajara,Approved,00,False,26.44,,
TRX-DV0EAR4EXIA7ASKICSYF,2026-05-28 16:44:01,2026-05-28,PRD-02AWZDF79KFH,CLI-KTUYDD8I1P84,Purchase,Health,1479758.24,COP,369.94,ATM,SUC-0KBWS25U,Laboratorio Central,Health,Colombia,Cartagena,Approved,00,False,3.12,,
TRX-S8HGV8RUN0XMJVRHREM8,2026-05-28 06:04:03,2026-05-28,PRD-5M3Q6DTJJBL6,CLI-7KI2I6GLU1BT,Payment,Food,209452.38,ARS,598.44,POS,,,,Argentina,Córdoba,Approved,00,False,15.79,,
TRX-SR7CNI60JTN5D92W9CGU,2026-05-28 11:08:34,2026-05-28,PRD-3AUGO4S64DJ2,CLI-1QP0EKDOPJZE,Withdrawal,,270771.85,COP,67.69,POS,,,,Colombia,Bogotá,Approved,,False,,,
TRX-4RXAV8AF5MBJL3QSK781,2026-05-28 23:10:51,2026-05-28,PRD-0QIOEUJE6PYX,CLI-OQTFC3RG1LH2,Purchase,Food,129849.49,ARS,371.0,ATM,SUC-Y7VHYCDG,Mercado Central,Food,Argentina,Mendoza,Approved,00,False,,,
TRX-NCZ9LJLV2IE0OMNWIFDX,2026-05-28 23:09:42,2026-05-28,PRD-G1WE74QTEOGR,CLI-KY1FOKAXURFK,Withdrawal,,494.62,USD,,App,,,,Spain,Sevilla,Approved,00,False,19.0,,
TRX-9X00PTC0O8IH0FLE6QT0,2026-05-28 21:16:09,2026-05-28,PRD-CO2ES2VJCTM0,CLI-T12BIYKYUWL9,Withdrawal,,590349.66,COP,147.59,Web,,,,Colombia,Barranquilla,Approved,00,False,8.1,,
TRX-6JUA2CUHOE8DVZS88ME7,2026-05-28 15:41:55,2026-05-28,PRD-74MDD8I2LAVJ,CLI-ARYHRDBBQ0NO,Payment,Food,394897.18,ARS,1128.28,ATM,SUC-OJAQW0AJ,,,Argentina,Córdoba,Approved,00,False,10.01,,
TRX-ATSH6UJPAR8YJXUV87WW,2026-05-28 07:04:45,2026-05-28,PRD-GKIQJ8ZBUIX8,CLI-T3P5Y6SNSMWP,Purchase,Services,35534.31,ARS,101.53,POS,,Empresa Telefónica,Services,Argentina,Córdoba,Approved,00,False,20.27,-33.9286284,-58.9591279
TRX-TG02J67476YOAX26DG0R,2026-05-28 09:08:59,2026-05-28,PRD-XZH0RARM9FOO,CLI-3OT4LU2VP124,Withdrawal,,387.92,USD,,POS,,,,México,Guadalajara,Approved,00,False,16.02,,
TRX-U6HH0Y1736A2LWBNV1AE,2026-05-28 20:17:24,2026-05-28,PRD-LDALV674KS3Q,CLI-L8YBF83ASKIC,Withdrawal,,321.86,USD,,Web,,,,México,Tijuana,Approved,00,False,10.06,,
TRX-I240M0FM2MZCCD55NWKM,2026-05-29 02:51:28,2026-05-28,PRD-RQGNCU7Q0ZBM,CLI-O2UB56G45PI1,Purchase,Other,435.13,USD,,Web,,Ferretería,Other,México,Monterrey,Approved,00,False,,,
TRX-35QKE85Y0FIME9WDR24R,2026-05-29 03:11:16,2026-05-28,PRD-RA3CXVDVHSJU,CLI-8RCIREPFETBQ,Purchase,Food,449.18,USD,,ATM,SUC-6A2UBEHN,Tienda Don José,Food,México,Guadalajara,Approved,00,False,,,
TRX-MA24XG5ZUE49N8LEOESC,2026-05-28 17:39:52,2026-05-28,PRD-3BRY3XXPL42H,CLI-VCCPQ9JDANVT,Purchase,Other,3082.52,ARS,8.81,POS,,Ferretería,Other,Argentina,Rosario,Approved,00,False,26.46,-35.3094556,-57.9872485
TRX-QILG1M1E14IKDCPPBYY9,2026-05-28 23:21:30,2026-05-28,PRD-853OYO94ETDB,CLI-9QGYF4SMNCRZ,Transfer,,1017350.75,ARS,2906.72,Branch,SUC-5YFUX3Z6,,,Argentina,Buenos Aires,Approved,00,False,,-35.549298,-57.5860431
TRX-P196APWO7X7JH7JLQQHF,2026-05-28 19:04:36,2026-05-28,PRD-F601L1NXUE4Q,CLI-DYUM37YKKRPC,Deposit,,1523461.74,COP,380.87,POS,,,,Colombia,Medellín,Approved,00,False,8.68,,
TRX-YXDW7W3JOBJ6OWCZXBMT,2026-05-28 16:50:25,2026-05-28,PRD-05YUVZY698XP,CLI-7UJU6ACI0IT7,Transfer,,8107.06,USD,,ATM,SUC-1G7XCTV8,,,México,Tijuana,Reversed,05,False,8.14,-0.2429284,-0.6880232
TRX-217CPYGE2KD75IKSNK3B,2026-05-28 16:19:50,2026-05-28,PRD-YIYVDW6JJ5XM,CLI-AFQBYYY0E8EG,Withdrawal,,139443.33,ARS,398.41,POS,,,,Argentina,Rosario,Approved,00,False,5.84,,
TRX-YIP84590V44AJ71ANC6J,2026-05-28 08:42:09,2026-05-28,PRD-LF26M0LZMY8H,CLI-0KUB0RU0DN7W,Purchase,,119198.99,ARS,,Web,,Cable TV,Services,Brazil,São Paulo,Approved,00,False,14.14,,
TRX-WFY5LHYN8LS9W9ZBKEIP,2026-05-28 07:49:07,2026-05-28,PRD-944UQF7XT587,CLI-9FBFQGOXUSOJ,Withdrawal,,236377.68,COP,59.09,POS,,,,Colombia,Bogotá,Approved,00,False,1.6,,
TRX-PUHC8CYC9KJ404VDZSIR,2026-05-28 12:14:15,2026-05-28,PRD-B1ZZL94H9WSE,CLI-A6WV1NULZY99,Withdrawal,,472.58,USD,,Web,,,,México,Querétaro,Approved,00,False,5.14,,
TRX-RCGEIZWJZW6HT1HKXS8J,2026-05-28 21:47:00,2026-05-28,PRD-WQSU5E0GKU87,CLI-12DYE4RA50J5,Purchase,Transport,269.51,USD,,POS,,Taxi Seguro,Transport,México,Querétaro,Approved,00,False,4.08,-0.6554108,-0.0215858
TRX-SWJWMJROJCPW1AU0BYKB,2026-05-28 17:46:23,2026-05-28,PRD-S14E1BZM43JF,CLI-66EXKAIA0P6K,Payment,Food,1663.66,USD,,Web,,,,México,Tijuana,Approved,00,False,8.44,,
TRX-7MULG2WCRJJWMULP4X3T,2026-05-28 17:21:40,2026-05-28,PRD-INE8W64MKA1U,CLI-QPU5LP6SFJBE,Purchase,Services,451.15,USD,,Web,,Servicios Públicos,Services,México,Ciudad de México,Approved,00,False,13.17,,
TRX-F196SHY12MMVWWFJ7HBM,2026-05-28 08:28:16,2026-05-28,PRD-POQMQ8RFN6EU,CLI-K9C8S2TZA0K3,Purchase,Health,59883.17,ARS,171.09,ATM,SUC-7TUK3JBL,Laboratorio Central,Health,Argentina,Buenos Aires,Approved,00,False,11.01,,
TRX-T41CPME1S0Y2KNGZFO90,2026-05-28 12:20:58,2026-05-28,PRD-EI7Z1Z6KLO0B,CLI-SWVD6TERI8GD,Withdrawal,,1073483.07,COP,268.37,Branch,SUC-2NNWC3AV,,,Colombia,,Declined,51,False,22.79,,
TRX-29CO2DE8P0Y0QO17O2T6,2026-05-28 19:14:20,2026-05-28,PRD-C81RDCF3M8SY,CLI-H18PLCWGGLCY,Payment,Food,1971.45,USD,,App,,,,México,Guadalajara,Approved,00,False,12.05,,
TRX-M19PCP4QRW99LHGD8FOY,2026-05-28 22:29:39,2026-05-28,PRD-G1U4RD4RXOD8,CLI-DK277I71OR91,Payment,Food,1182.2,USD,,POS,,,,México,Tijuana,Approved,00,False,5.31,,
TRX-WUFBKKM9H12CJ3URNXSP,2026-05-29 02:01:36,2026-05-28,PRD-G8F29MIG17LY,CLI-UAPCWDE9IG1E,Payment,Food,1422.58,USD,,POS,,,,Mexico,Guadalajara,Approved,00,False,1.24,0.2161254,-0.1085649
TRX-1DHBJ4U5DAB2SNO6RM5Q,2026-05-28 06:15:59,2026-05-28,PRD-6TIQ93F44NUP,CLI-7ONI429GE1XO,Withdrawal,,141.09,USD,,POS,,,,USA,Los Angeles,Approved,00,False,6.33,,
TRX-BLEZMEXTIRCOIF61B0B6,2026-05-28 22:15:43,2026-05-28,PRD-9LBL3MXM5V9M,CLI-03FIL4M20PVW,Deposit,,6865281.13,COP,1716.32,POS,,,,Colombia,Barranquilla,Approved,00,False,12.5,4.994514,-73.3376476
TRX-PJ1QXU1UFZUCZQN5U9XE,2026-05-28 08:23:46,2026-05-28,PRD-ZPDJY3VTMCN1,CLI-ORF4M6TNAIJP,Withdrawal,,309.02,USD,,POS,,,,Argentina,Rosario,Approved,00,False,6.96,,
TRX-UUOO9MUDWZVITMZN9I2K,2026-05-28 08:47:10,2026-05-28,PRD-9UR7EA0OGRR5,CLI-MAORRCBQN30J,Withdrawal,,117.43,USD,,Web,,,,México,Querétaro,Approved,00,False,21.74,,
TRX-DG9UGZ0JLOJRNWY67CCG,2026-05-29 03:19:37,2026-05-28,PRD-XW06I8O7VNVR,CLI-23XZ1N5OJ9L0,Purchase,Food,133503.99,ARS,381.44,Web,,Tienda Don José,Food,Argentina,Mendoza,Approved,00,False,,,
TRX-77A9FJLTTFF3UF6TA9UI,2026-05-28 10:34:16,2026-05-28,PRD-ZESIRGLOIRG4,CLI-BF6INPWUVDLR,Purchase,Health,42.4,USD,,POS,,Farmacia Salud,Health,México,Tijuana,Approved,00,False,6.05,-0.6116256,0.7933524
TRX-L2C1VLLOS87NO3H308IY,2026-05-29 00:25:22,2026-05-28,PRD-66QXMSOKSX23,CLI-SZV3CJ8SNPT2,Purchase,Transport,114537.12,ARS,327.25,ATM,SUC-HBYNA6O6,Gasolinera Express,Transport,Argentina,La Plata,Approved,00,False,,,
TRX-FV897T0DN3DJ48KN9JVC,2026-05-28 10:49:40,2026-05-28,PRD-X3F12KQ2LVWN,CLI-50CQZQU7T1OM,Purchase,Food,151723.14,ARS,433.49,ATM,SUC-UVQ9U0YO,Super Ahorro,Food,Argentina,Rosario,Approved,00,False,25.45,,
TRX-595WDEHCOS0YW3HGSCNN,2026-05-28 19:27:21,2026-05-28,PRD-3J7W72V64Y59,CLI-TJ49IFFC4PON,Transfer,,3802.09,USD,,ATM,SUC-LQXENAY2,,,México,Puebla,Approved,00,False,9.82,,
TRX-R8YVJ3N2V3S8R6TP90UH,2026-05-28 23:57:02,2026-05-28,PRD-63UJXL7SWEYJ,CLI-LO8X4Y50WVQN,Purchase,Services,68969.42,ARS,197.06,App,,Internet Plus,Services,Argentina,Mendoza,Approved,00,False,9.45,,
TRX-40NPQRUVBCW4H9VYFVWZ,2026-05-28 20:34:12,2026-05-28,PRD-U91QQJ70EDVH,CLI-ZU5T7VQCAHR5,Withdrawal,,10707.58,ARS,30.59,Web,,,,Argentina,Córdoba,Approved,00,False,18.57,,
TRX-ZYQF0MGZKZL3ETRS52MY,2026-05-28 13:01:26,2026-05-28,PRD-IFEASJVDZFIM,CLI-D8TU29RO2RYR,Withdrawal,,235.15,USD,,ATM,SUC-GPHM9NB1,,,Colombia,Bogotá,Approved,00,False,7.92,3.902149,-74.5117139
TRX-IA83QK0I4V9RQGUEITNN,2026-05-28 23:18:24,2026-05-28,PRD-P09ZV0ACQ32M,CLI-MOEL8RL4WKP9,Transfer,,17221418.58,COP,4305.35,Web,,,,Colombia,Cali,Approved,00,False,8.69,,
TRX-THIUOEX9UZRJKVKSTN1Q,2026-05-29 05:37:51,2026-05-28,PRD-UHMK5XV2Q0U0,CLI-S6J0NNCX9IA0,Payment,Food,56.45,USD,,POS,,,,México,Tijuana,Approved,00,False,23.23,,
TRX-PXFUBCOD21Y4MUM0HB5P,2026-05-28 09:11:06,2026-05-28,PRD-7F5N3HCNDA2X,CLI-DVTR6VVYABZU,Deposit,,3899.11,USD,,POS,,,,México,Guadalajara,Approved,00,False,,,
TRX-K6RSQ4R9PRTOB6Q5RGZS,2026-05-29 01:42:57,2026-05-28,PRD-00GFE7V0ONTL,CLI-8ORSYB4CC8IS,Withdrawal,,1594816.09,COP,398.7,App,,,,Colombia,Cartagena,Approved,00,False,24.96,,
TRX-NM9TQXRO3CKCXAPYQUD2,2026-05-28 10:14:14,2026-05-28,PRD-ERBVZ301MYQ5,CLI-UJYQWYR4WVHB,Withdrawal,,318.73,USD,,POS,,,,México,Monterrey,Approved,00,False,11.36,,
TRX-F89X34SOTO7ZM7PBSKVV,2026-05-28 11:43:32,2026-05-28,PRD-TPDUBW2MNLMW,CLI-1WH946Y2F1TB,Withdrawal,,712244.67,COP,178.06,Branch,SUC-O4G07J7I,,,Colombia,,Approved,00,False,25.18,,
TRX-VN342YJBG5P1F6AIBRO6,2026-05-28 18:13:35,2026-05-28,PRD-OAUCX0LNY0AK,CLI-C1L31ARNNED9,Deposit,,3637.47,USD,,ATM,SUC-SFEFYC6O,,,México,Guadalajara,Approved,00,False,0.01,0.1166411,0.1009364
TRX-7NEARCC354INJVU59CY9,2026-05-28 14:14:37,2026-05-28,PRD-NA44VYNGZVR2,CLI-WKAKMF8T1UFL,Withdrawal,,855176.12,COP,213.79,ATM,SUC-4B1UVBW3,,,Colombia,Bogotá,Approved,00,False,6.16,,
TRX-VANP6QV02E8GLZU1XRI1,2026-05-28 17:11:54,2026-05-28,PRD-685164Q7SKB9,CLI-I9UPVY6P1MJY,Transfer,,34088074.63,COP,8522.02,POS,,,,Colombia,Barranquilla,Pending,05,False,29.79,4.4371174,-73.8726049
TRX-3FOQ9WN82A1RY4NICIWA,2026-05-28 14:23:59,2026-05-28,PRD-MYPCEDL8M7B0,CLI-MFQ2WY4YQU9K,Withdrawal,,303.07,USD,,POS,,,,México,Monterrey,Approved,00,False,0.19,,
TRX-7A6ZM1L2D6ZL4TBKK9WK,2026-05-29 03:22:10,2026-05-28,PRD-JNFG1EVU1HQ0,CLI-UJM6SM5TAIQH,Transfer,,4405.03,USD,,App,,,,México,Ciudad de México,Approved,00,False,3.76,,
TRX-7J47LKOHM5P4ZFIS6PFF,2026-05-28 17:42:45,2026-05-28,PRD-4PTW1V2IX51Q,CLI-VCVABVCBK7T1,Deposit,,18953438.64,COP,4738.36,POS,,,,Colombia,Cartagena,Approved,00,False,23.12,,
TRX-5S49JZXT36S8JLFWOW8V,2026-05-29 05:12:12,2026-05-28,PRD-7R1RLGLU7HHI,CLI-FOFKEF0YYBQY,Deposit,,8828188.81,COP,2207.05,ATM,SUC-07AK38PR,,,Colombia,Cali,Declined,14,False,20.12,4.5647628,-74.5602683
TRX-T9A7O60SMUBN8JFCDJEH,2026-05-28 06:40:53,2026-05-28,PRD-P0ANPAIJZYVS,CLI-875WAOQV4XQB,Payment,Transport,1812.69,USD,,Web,,,,México,Ciudad de México,Approved,00,False,29.84,,
TRX-IAM4A3AY61RT20V89WKQ,2026-05-28 13:49:11,2026-05-28,PRD-SUJB8WM96LI7,CLI-8TRUH8GQGZ51,Purchase,Transport,394.03,USD,,Web,,Taxi Seguro,Transport,México,Querétaro,Approved,,False,13.63,,
TRX-32OCNXYS6N0QJ821S4S2,2026-05-29 04:48:21,2026-05-28,PRD-OXIFGQM7WROV,CLI-6EEKP4NONDTY,Deposit,,14140604.55,COP,3535.15,POS,,,,Colombia,Cartagena,Approved,00,False,,,
TRX-T13GPKP63GPUFQ754GOL,2026-05-28 08:02:22,2026-05-28,PRD-R51L0YTX1GPU,CLI-R3I72AUU2S1P,Payment,Services,1022.67,USD,,App,,,,México,Puebla,Declined,14,False,27.27,,
TRX-4DFJ7NAYGU8E1IF6CKGT,2026-05-28 23:08:39,2026-05-28,PRD-P85QIMQ88UBV,CLI-NCWFIWXJHWHB,Transfer,,5129.19,USD,,POS,,,,Colombia,Bogotá,Approved,00,False,6.33,,
TRX-RQXYCQQ9MN022SQAVZGY,2026-05-28 22:20:55,2026-05-28,PRD-6DMU9ADV7IWF,CLI-HT09K0BNY8G5,Deposit,,701154.48,ARS,2003.3,POS,,,,Argentina,La Plata,Declined,05,False,25.01,-35.0677818,-58.9065961
TRX-QUHH4XHNO3KYBERBYMU6,2026-05-29 05:54:18,2026-05-28,PRD-HFKLBTIU82IE,CLI-G4YQV689SZYM,Payment,Food,4433678.64,COP,1108.42,POS,,,,Colombia,Cartagena,Approved,00,False,16.47,3.8101966,-73.2493414
TRX-SU0F4JNH0ATYNX1IA2MT,2026-05-28 21:37:33,2026-05-28,PRD-3LRCXVSP4DDD,CLI-MACBO7YFYD1Z,Withdrawal,,87.87,USD,,POS,,,,México,Puebla,Approved,00,False,,,
TRX-4GWV16DF0BQ84DQM0VUI,2026-05-29 03:36:42,2026-05-28,PRD-8FAFHHOY1X87,CLI-QLYMEC6J6I49,Transfer,,3224335.21,ARS,9212.39,ATM,SUC-39R34AY6,,,Argentina,La Plata,Approved,00,False,3.26,,
TRX-Q8KALSH2N36GA3YF5IZN,2026-05-28 18:57:24,2026-05-28,PRD-7RWPQXNA75RN,CLI-VZWLRG0QTM56,Transfer,,3223.08,USD,,Web,,,,México,Puebla,Approved,00,False,8.39,,
TRX-IHV3WK2CQCB5SXGXT01L,2026-05-29 00:11:44,2026-05-28,PRD-84YXFL6ZG8RJ,CLI-CXS3TOW5D6QJ,Deposit,,1664.19,USD,,App,,,,México,Guadalajara,Approved,00,False,28.58,,
TRX-DEP6MX4DQXTYBMZTPGR4,2026-05-29 04:48:44,2026-05-28,PRD-N3GWNZ4VC058,CLI-HRYY9DKJR1SV,Purchase,Other,47.98,USD,,ATM,SUC-PJ6NDQ6K,Boutique Moda,Other,México,Tijuana,Approved,00,False,12.49,0.4438115,0.807936
TRX-36N3UL2J2J3WKZWFCDZZ,2026-05-28 20:26:25,2026-05-28,PRD-QWZY6OAYXUTI,CLI-SPLS0HMP8GXD,Payment,Food,1885.87,USD,,App,,,,México,Ciudad de México,Approved,00,False,21.94,,
TRX-XOAVPEA97QPSKA68ZQF1,2026-05-29 02:54:32,2026-05-28,PRD-SH4FNZTAO6L3,CLI-5D92772YC73A,Withdrawal,,141110.4,ARS,403.17,POS,,,,Argentina,Rosario,Approved,00,False,1.11,,
TRX-PHCYHW8BMJ8TSDHFAG17,2026-05-28 12:57:37,2026-05-28,PRD-MQHDKXYKGZJH,CLI-E6G5AN5C0TD9,Transfer,,6802.56,USD,,ATM,SUC-6A2UBEHN,,,México,Monterrey,Approved,00,False,19.4,0.8066855,-0.9875965
TRX-C25I0UF5HOVDVJTS6XBK,2026-05-28 15:07:13,2026-05-28,PRD-A523WRJYD81B,CLI-I446LSS2NNOR,Transfer,,6348.32,USD,,POS,,,,México,Guadalajara,Approved,00,False,6.31,-0.1745857,-0.7208463
TRX-XTG3XGABALWF1AU5FOYX,2026-05-28 21:47:36,2026-05-28,PRD-G5495MJ9YOEN,CLI-OKOTIYLSHCIO,Withdrawal,,163.62,USD,,Web,,,,México,Querétaro,Approved,00,False,22.42,,
TRX-1A58G4UTMK2MYXAP23NN,2026-05-28 07:01:48,2026-05-28,PRD-UWHTA6CLI1VJ,CLI-Y7IF8VSU0P42,Transfer,,792.94,USD,,ATM,SUC-WU56M94O,,,México,Guadalajara,Approved,00,False,,,
TRX-Y2GTUPDGK8T68O36I81O,2026-05-28 08:45:25,2026-05-28,PRD-KQAAQCYMU8ZI,CLI-E4EIM53A33K6,Withdrawal,,20638.29,ARS,58.97,ATM,SUC-0N077NAM,,,Argentina,Córdoba,Approved,00,False,0.02,,
TRX-P7OGOXTIN60F5918AGE2,2026-05-29 04:34:05,2026-05-28,PRD-D7H9X5JZ2VL6,CLI-SZH2YVZD079T,Purchase,,72.08,USD,,POS,,Laboratorio Central,Health,México,Querétaro,Approved,00,False,23.02,,
TRX-B4W16XSSRII7HO2QMQF4,2026-05-28 06:56:31,2026-05-28,PRD-WOO8BZIP77VX,CLI-B16JLUCLNGPG,Purchase,Entertainment,349.74,USD,,POS,,Teatro Nacional,Entertainment,México,Guadalajara,Approved,00,False,12.89,-0.5069437,-0.2669641
TRX-RIGPICI8IGQWALY2EN55,2026-05-29 01:31:47,2026-05-28,PRD-IDFE7YC0W1R8,CLI-EECFRWR6MZ3Q,Purchase,Services,149.3,USD,,Web,,Servicios Públicos,Services,México,Ciudad de México,Approved,00,False,9.75,,
TRX-IFXUUHP75443ZW7S0WML,2026-05-28 16:35:15,2026-05-28,PRD-MEUDS8N0GT9X,CLI-QDLXY64KO8DM,Purchase,Food,212.97,USD,,App,,Mercado Central,Food,México,,Approved,00,False,14.74,,
TRX-D1GSABTVWGVO3HQMNZ8I,2026-05-28 16:02:45,2026-05-28,PRD-18F54BONT92E,CLI-89CSWKV73YC5,Purchase,Services,1201911.01,COP,300.48,ATM,SUC-QTKN7Z0R,Empresa Telefónica,Services,Colombia,Bogotá,Approved,00,False,14.3,,
TRX-PLQLMW5MYBBSX5BKR5UE,2026-05-28 11:05:42,2026-05-28,PRD-N7ZM76XY351B,CLI-HESVM01CNIDI,Transfer,,9359.38,USD,,Web,,,,México,Puebla,Approved,00,False,1.92,,
TRX-PHQ750JRAIJK67YTBAEX,2026-05-28 06:10:40,2026-05-28,PRD-IJXWQZP2S2IW,CLI-LJXT2OATQZP8,Deposit,,14142304.6,COP,3535.58,ATM,SUC-5NGX1P46,,,Colombia,Cartagena,Declined,05,False,,,
TRX-KG34J5I4WIQOLXT7EF4Z,2026-05-29 00:12:32,2026-05-28,PRD-3HE930RM5SAN,CLI-Y6VX31QA29LB,Deposit,,17362047.05,COP,4340.51,POS,,,,Colombia,Barranquilla,Approved,00,False,12.64,5.2703198,-74.0470658
TRX-Z5MX0MWISZWMNU6SJYPY,2026-05-28 11:06:54,2026-05-28,PRD-BRLIWJ52GPV8,CLI-Y4CBX1B615MH,Transfer,,18604021.26,COP,4651.01,Web,,,,Colombia,Barranquilla,Approved,00,False,1.06,,
TRX-AZXAJ6RP7RC36DM299MD,2026-05-28 22:24:54,2026-05-28,PRD-9NGAXCB3L73Y,CLI-BKAN9EQH67FS,Deposit,,454384.38,ARS,1298.24,App,,,,Argentina,La Plata,Approved,00,False,23.62,,
TRX-VG8TEN0GPRU5CVO5LFMX,2026-05-28 18:37:53,2026-05-28,PRD-NOJ190AO5QKO,CLI-6PLN40372CER,Deposit,,1546107.5,ARS,4417.45,Transfer,,,,USA,New York,Approved,00,False,16.19,,
TRX-642TAK69GF4JS9L6G0AJ,2026-05-28 14:15:25,2026-05-28,PRD-62CSOUARODNK,CLI-X4NG7O9Y4OL1,Payment,Services,3510211.57,COP,877.55,POS,,,,Colombia,Bogotá,Approved,00,False,,,
TRX-359BZEZN0DIP7X0F1UI0,2026-05-28 08:20:30,2026-05-28,PRD-DDA0VJTAE8PA,CLI-V0VZZOGQZ4Z3,Transfer,,6176934.07,COP,1544.23,Transfer,,,,Brazil,Salvador,Approved,00,False,20.78,,
TRX-50YZQSEQ96TLAS1TYHCH,2026-05-29 05:20:55,2026-05-28,PRD-KVEDIY9MZ94G,CLI-TV04QCGSDG6H,Withdrawal,,320.53,USD,,Web,,,,Colombia,,Approved,00,False,21.39,,
TRX-WAC4F4FWR86WZCCL8I99,2026-05-28 17:32:43,2026-05-28,PRD-LYZ0YTC6VKWM,CLI-UAVEND8CS1DK,Transfer,,1121205.11,ARS,3203.44,Web,,,,Argentina,La Plata,Approved,00,False,1.95,,
TRX-P0QE9ONPBT7ZZEZVD573,2026-05-29 00:30:19,2026-05-28,PRD-1FRXF9DIOLLY,CLI-M9BWFKIVBP5K,Payment,Entertainment,5978713.94,COP,1494.68,POS,,,,Colombia,Bogotá,Approved,00,False,5.96,,
TRX-OD5ACQCC7LGPIY6ZAQBU,2026-05-28 20:31:52,2026-05-28,PRD-BRKZXOYZRH12,CLI-OMK8KM6LQQKB,Withdrawal,,167055.18,ARS,477.3,POS,,,,Colombia,,Approved,,False,23.77,,
TRX-736GBRU5PFCDNDBYZ3ZO,2026-05-28 10:44:33,2026-05-28,PRD-G3L1H63T297J,CLI-5EEBC53UO1RD,Deposit,,561664.4,ARS,1604.76,ATM,SUC-ZVPEMWQP,,,Argentina,Mendoza,Approved,00,False,29.91,,
TRX-IK9W7PGJJ82LI24RHGMW,2026-05-28 08:56:08,2026-05-28,PRD-1BXVA2RW7L8I,CLI-7NYVROZU1EOY,Purchase,Transport,304.22,USD,,ATM,SUC-FGQWMFNS,Estación de Servicio,Transport,México,,Approved,00,False,,,
TRX-DXY3EZCL8ODR6QGWOFZ2,2026-05-29 05:45:56,2026-05-28,PRD-9LGQJV2TLRIY,CLI-PBAFD6JY6T13,Transfer,,3601.05,USD,,POS,,,,México,Ciudad de México,Approved,00,False,16.97,,
TRX-RBC921MY7CRY4IQ1ZQ70,2026-05-28 08:49:17,2026-05-28,PRD-OBQ2A6QW2KPM,CLI-G3QF77P6MXZW,Deposit,,996.82,USD,,Web,,,,México,Querétaro,Approved,00,False,2.05,,
TRX-4KIVH17GV9SJPA35F92C,2026-05-28 21:26:26,2026-05-28,PRD-EK0C7CZ6UNQV,CLI-2P2CEMOFDUOL,Payment,Services,3735379.74,COP,933.84,POS,,,,Colombia,Cali,Approved,00,False,7.55,5.0811635,-73.9819278
TRX-ZVDBA9BUOYK3LK9IYWU2,2026-05-28 21:22:22,2026-05-28,PRD-G16QITQP4NT1,CLI-R6Y4BVSRQDS6,Transfer,,8483.5,USD,,POS,,,,México,Ciudad de México,Approved,00,False,22.53,,0.6833524
TRX-CWIUVWLC6OL9JILWREA8,2026-05-28 08:10:00,2026-05-28,PRD-SY4PSR0X9PJ4,CLI-DL5TD9T0POZP,Payment,Services,1627.34,USD,,App,,,,México,Guadalajara,Approved,00,False,27.38,,
TRX-UAEP4JTX1HCYJNVOPFAR,2026-05-28 12:20:43,2026-05-28,PRD-CO3ILICAXYND,CLI-JZGFHDZXUFUH,Withdrawal,,1341430.08,COP,335.36,POS,,,,Colombia,Cali,Approved,00,False,,5.2110188,-73.3324479
TRX-3NM4PANAEG7T5SH5R5CR,2026-05-29 04:20:41,2026-05-28,PRD-JJ61P58EWKX7,CLI-KFR8APCE0I8X,Purchase,Health,1497190.31,COP,374.3,ATM,SUC-WH83BE50,Clínica Médica,Health,Colombia,Cali,Pending,54,False,19.63,,
TRX-6AYK3KYRKER9MULU4FEM,2026-05-29 05:38:01,2026-05-28,PRD-UA25BYYIKSEJ,CLI-VI2T3JVK737N,Purchase,Health,14072.54,ARS,40.21,POS,,Óptica Visión,Health,Argentina,Mendoza,Approved,00,False,15.3,,
TRX-LR8L07RDUOIPK0UBU41Q,2026-05-29 01:04:25,2026-05-28,PRD-4KDIDI2CQDHG,CLI-1T9T2VVPJGX1,Purchase,Services,59040.18,ARS,168.69,POS,,Internet Plus,Services,Argentina,Buenos Aires,Approved,00,False,11.14,-34.804639,-58.4391942
TRX-GKPMGKO2VWYRXSRN3NWW,2026-05-28 19:18:10,2026-05-28,PRD-4DRNAITO04SX,CLI-U2CLQG1S24F1,Payment,Food,649.36,USD,,POS,,,,México,Tijuana,Approved,00,False,19.28,-0.5578479,-0.532159
TRX-2TU8LDN7GN2A7H8ND313,2026-05-28 21:05:21,2026-05-28,PRD-49F5D0E6OT2B,CLI-VX7QT9569BCL,Purchase,Food,1907213.2,COP,476.8,App,,Restaurante El Buen Sabor,Food,Colombia,Cartagena,Approved,00,False,,,
TRX-MNM2SS67HUC82CFSSVWZ,2026-05-29 03:23:21,2026-05-28,PRD-U3CRQK2DJ32X,CLI-GIPK399GBR18,Payment,Services,4834359.13,COP,1208.59,ATM,SUC-GPHM9NB1,,,Colombia,Cali,Approved,00,False,0.54,,
TRX-ADAXSDAMZZ8DTEJUWE7P,2026-05-28 17:12:33,2026-05-28,PRD-29BX2NIVA3K5,CLI-QC6F3W6R9M58,Payment,Services,1320.7,USD,,App,,,,México,Tijuana,Approved,00,False,10.99,,
TRX-V3SNDRDK7XMO0GBOJGC9,2026-05-28 07:20:24,2026-05-28,PRD-NI6OC6K2Y1FJ,CLI-505RNHRFRA0L,Purchase,Food,343.09,USD,,App,,Super Ahorro,Food,México,Puebla,Approved,00,False,2.84,,
TRX-DNA35VOOO4YOC56S6OZX,2026-05-28 12:10:47,2026-05-28,PRD-TFBR2OQOA828,CLI-6H4HK5G9MGKW,Purchase,Food,66.61,USD,,Web,,Tienda Don José,Food,México,Guadalajara,Pending,05,False,4.5,,
TRX-BZCC6GSJO98Y8VTRT4XK,2026-05-28 17:43:55,2026-05-28,PRD-G7C8T8IEBD7N,CLI-ULRXBOSHR0QD,Purchase,Other,445.4,USD,,POS,,Tienda General,Other,México,Puebla,Approved,00,False,4.17,0.8931359,0.264395
TRX-U7FXC4S2E2PHAH5RCT8Q,2026-05-28 19:01:07,2026-05-28,PRD-9K0RNP8Z68B9,CLI-D04SLHIPZE5Z,Purchase,Health,1598981.64,COP,399.75,POS,,Laboratorio Central,Health,Colombia,Cali,Approved,00,False,26.97,,
TRX-GF1DZ63L8ONAIMDZ8E8K,2026-05-29 01:52:25,2026-05-28,PRD-Y9IBYXMVMGUD,CLI-6ANVTZC5UTLZ,Withdrawal,,53.92,USD,,App,,,,México,Monterrey,Approved,00,False,0.07,,
TRX-MDZN9RUV2MYV29YBN7YS,2026-05-29 02:51:49,2026-05-28,PRD-9SSJGAO4XNJF,CLI-AMACFU4KUROB,Payment,Food,743.91,USD,,Web,,,,México,Monterrey,Declined,,False,1.84,,
TRX-6VCIXAPM4ER7CUWDKN3P,2026-05-29 01:28:55,2026-05-28,PRD-XIQPRZ5ILRUC,CLI-OKNBZLBZ6RIA,Adjustment,,125519.23,ARS,,POS,,,,Argentina,Buenos Aires,Approved,00,False,9.79,,
TRX-J44E1N3S3IC7R2O1JHA1,2026-05-29 04:46:43,2026-05-28,PRD-A9ZMAY38NKVU,CLI-P0IMKM3W3RJW,Purchase,Entertainment,56.96,USD,,Web,,Streaming Music,Entertainment,Colombia,Cali,Approved,00,False,16.61,,
TRX-I26L0KVZ8SAL9ST3RD7H,2026-05-28 21:52:23,2026-05-28,PRD-0GRHA45R0QO9,CLI-ZH3M9DFRY7C4,Deposit,,3084.72,USD,,Web,,,,México,Monterrey,Approved,00,False,27.93,,
TRX-7QU73GOU1U65LT22GJDI,2026-05-28 06:36:33,2026-05-28,PRD-JSW4P4O1S2PN,CLI-W3SDJ2DDE8KT,Transfer,,1214.06,USD,,POS,,,,México,Guadalajara,Approved,00,False,12.9,-0.7893611,0.0722422
TRX-RE94MDFOOZVGAI6160U4,2026-05-29 04:36:08,2026-05-28,PRD-ZH2XHHH65WJV,CLI-1O8EHAN18M57,Withdrawal,,338.04,USD,,POS,,,,México,Monterrey,Approved,00,False,15.41,,
TRX-E9HVIJ1Z0H8RHFV38MZS,2026-05-29 03:10:53,2026-05-28,PRD-1NA96U966L5R,CLI-31WXT4RJ5FQU,Purchase,Other,51.49,USD,,POS,,Tienda General,Other,México,Monterrey,Approved,00,False,21.56,0.7356082,-0.1864348
TRX-XKQ6QXDS8FMMMHMO4NKN,2026-05-28 13:15:46,2026-05-28,PRD-5LRWX8F2NIIC,CLI-6YV0RGKRYMJM,Payment,Services,590.53,USD,,POS,,,,México,,Approved,00,False,2.19,,
TRX-IIU2CIVBHOM6PPQ1QQBE,2026-05-28 12:27:51,2026-05-28,PRD-N2F07EZU8GHF,CLI-EI8RNVU4CPUD,Payment,Services,3989186.6,COP,997.3,POS,,,,Colombia,Cali,Approved,00,False,13.82,,
TRX-ENHA93QJF7XOVMJF07Q3,2026-05-29 05:42:24,2026-05-28,PRD-T7RHZ0CANNZ2,CLI-XG7DQT9ZMT5Q,Transfer,,949.7,USD,,ATM,,,,Argentina,Rosario,Approved,00,False,0.08,,
TRX-7QT65LUV44QDEUJR9O72,2026-05-28 21:10:53,2026-05-28,PRD-QGYZ1TZIJAKO,CLI-C1IVMH5Y6CCL,Purchase,Entertainment,228.93,USD,,Branch,SUC-AXDYB0RQ,Teatro Nacional,Entertainment,México,Tijuana,Approved,00,False,,,
TRX-EEQFRXICOZ0SK99GVGCE,2026-05-28 12:49:25,2026-05-28,PRD-24FER7RE4MON,CLI-RWVTTCQ6VJ5I,Withdrawal,,385.56,USD,,ATM,SUC-9L4T3P44,,,México,Querétaro,Approved,00,False,13.4,-0.6410559,-0.9961188
TRX-HI04QC1UW6RIDQ82DRVP,2026-05-28 06:46:47,2026-05-28,PRD-KZVYWXILC9KZ,CLI-KO5TQE7CMD8O,Payment,Services,745.03,USD,,App,,,,México,Puebla,Approved,00,False,11.36,,
TRX-5GJ1GWWPZZQ0PSSQNYEA,2026-05-28 08:15:35,2026-05-28,PRD-V5T6WRUDDMR0,CLI-P71XXFCAUEVY,Purchase,Health,1739151.42,COP,434.79,App,,Óptica Visión,Health,Spain,Valencia,Approved,00,False,5.85,,
TRX-9V2CGTZW5KNFTBYVR8AN,2026-05-28 10:22:44,2026-05-28,PRD-LGTW46QTWJ1S,CLI-GASM4LMYBXHI,Deposit,,1399.48,USD,,Web,,,,México,Puebla,Approved,00,False,,,
TRX-FWWUHIFFFJJXKDURYQAS,2026-05-28 22:11:11,2026-05-28,PRD-EWV629OX6SHD,CLI-0EF6RJH4QKHC,Transfer,,6570423.2,COP,1642.61,ATM,SUC-U5SARN4H,,,Colombia,Cali,Approved,00,False,23.65,,
TRX-48U1KIQECKP3WSXFR6JI,2026-05-28 17:52:38,2026-05-28,PRD-HVYSO03B7SKU,CLI-FNZFC0HCTLYK,Deposit,,14243970.81,COP,3560.99,ATM,SUC-KY2QIURA,,,Colombia,Barranquilla,Approved,00,False,23.08,,
TRX-VBHLCDKO2OZAX9V7HIAU,2026-05-28 07:33:29,2026-05-28,PRD-YZECE7K25Z7T,CLI-QVM2T6BRD1JI,Payment,Food,816.17,USD,,ATM,SUC-Y15GDF24,,,México,Monterrey,Declined,05,False,18.51,,
TRX-BR82QO4ZVTEPBVQUM8UX,2026-05-28 11:11:10,2026-05-28,PRD-RSUUYCWIB5SD,CLI-HB435IGN22HH,Withdrawal,,100.93,USD,,ATM,SUC-YZRQJS5X,,,México,Guadalajara,Approved,00,False,15.48,0.470875,0.7946134
TRX-CD57VAB7XCMB2NPEMIBN,2026-05-29 01:18:42,2026-05-28,PRD-7YVQEIU6OMGV,CLI-DEZFQPWC6UL6,Transfer,,2693.05,USD,,Web,,,,México,Guadalajara,Declined,14,False,20.28,,
TRX-83C4V4CZE8M9M7HCZWZL,2026-05-29 01:43:52,2026-05-28,PRD-HI5L5DN4ALLR,CLI-UM7TOSBSCTNS,Withdrawal,,273.42,USD,,ATM,SUC-UHIX6KQ4,,,México,,Approved,00,False,10.22,,
TRX-M319260SZGUF2TDS8DX9,2026-05-29 02:30:50,2026-05-28,PRD-9VDHONUZQQXV,CLI-N8C3R1EXWHTZ,Purchase,Food,472.48,USD,,POS,,Mercado Central,Food,México,,Approved,00,False,8.61,,
TRX-RSJO48N6I4YIW8J4SL8R,2026-05-28 10:37:18,2026-05-28,PRD-DLU6RYW0F0MR,CLI-WFZCLHUDFTGA,Payment,,1926.95,USD,,App,,,,México,Ciudad de México,Approved,00,False,17.53,,
TRX-O00M28Z70KRAGLT9US6G,2026-05-28 13:59:14,2026-05-28,PRD-5D00X7UI1X6S,CLI-QWLRZQNDWJTV,Payment,Health,186.27,USD,,Branch,SUC-RAI81ICG,,,Argentina,La Plata,Approved,00,False,19.55,,
TRX-RCDCFEV6QQAYFDII8D4A,2026-05-29 03:37:31,2026-05-28,PRD-XY1ANEF8RPSK,CLI-7QE9NSFAKW9W,Purchase,Food,1572913.08,COP,393.23,Branch,SUC-VZIGM714,Restaurante El Buen Sabor,Food,Colombia,Cartagena,Approved,00,False,17.83,,
TRX-LFPYGJIVX7F2ASKKOO84,2026-05-28 17:35:53,2026-05-28,PRD-D9ILZWJ95CTR,CLI-WJ5MRQ86FSE5,Purchase,Other,1949034.59,COP,487.26,Web,,Boutique Moda,Other,Colombia,Medellín,Approved,00,False,21.26,,
TRX-OJ2POM1Z0VKQ3FPH32BX,2026-05-28 12:16:25,2026-05-28,PRD-N7SQC9A6N777,CLI-US8SJGLXT15V,Purchase,Food,10053.57,ARS,28.72,App,,Restaurante El Buen Sabor,Food,Argentina,Buenos Aires,Approved,00,False,7.07,,
TRX-1S964Q53THV6T284BW4P,2026-05-28 13:26:47,2026-05-28,PRD-WKKFFHB78ILJ,CLI-IXN31JKEDS8P,Purchase,Food,85.32,USD,,POS,,Mercado Central,Food,México,Ciudad de México,Approved,00,False,3.76,-0.5845383,-0.373239
TRX-15K728AGXSDWBL2TK66F,2026-05-29 03:21:19,2026-05-28,PRD-Q4TAFCENFSV8,CLI-I63E1RWI8VUG,Purchase,Entertainment,116532.36,ARS,332.95,POS,,Teatro Nacional,Entertainment,Argentina,Buenos Aires,Pending,05,False,20.73,,
TRX-L3NMX791RX60UJSNFMFJ,2026-05-28 22:36:58,2026-05-28,PRD-J0F15IMZK0T5,CLI-4PK6ZF78AXHB,Withdrawal,,991436.7,COP,247.86,ATM,,,,Colombia,Cartagena,Approved,00,False,14.95,4.0472814,-74.2427105
TRX-B7NBR4AW4NJ8LN49HNFX,2026-05-29 04:44:06,2026-05-28,PRD-UCA1D1DX9E3Z,CLI-1AG6CXFXP4IJ,Withdrawal,,165.64,USD,,ATM,SUC-HFPBAT4U,,,México,Monterrey,Approved,00,False,16.15,,
TRX-9IB9PD5KSCITD04715RB,2026-05-28 16:18:23,2026-05-28,PRD-NW0LBOJXPVXB,CLI-9PHTA6NIJGBF,Deposit,,14617105.7,COP,3654.28,ATM,SUC-6NKYKKQR,,,Colombia,Cartagena,Approved,00,False,16.95,,
TRX-H7PH4230JF9JI2B8YKIT,2026-05-28 15:56:22,2026-05-28,PRD-BQQ3C46XOCS3,CLI-I767VQ4FQP92,Payment,Transport,5914169.65,COP,1478.54,POS,,,,Colombia,Medellín,Approved,00,False,,,
TRX-IB0NZYLJPGLJMA55P7B0,2026-05-28 22:25:31,2026-05-28,PRD-0PR9EU18A878,CLI-T4T8X3AD325T,Purchase,Entertainment,385.28,USD,,POS,,Streaming Music,Entertainment,México,Querétaro,Declined,14,False,13.09,-0.9795874,0.6767935
TRX-T63ZD7FJ2I9O3MENNEK6,2026-05-29 03:49:21,2026-05-28,PRD-Q6UG26IARBJQ,CLI-NSM9LG9XKLSM,Purchase,Entertainment,338.43,USD,,ATM,SUC-SFEFYC6O,Conciertos Live,Entertainment,Argentina,Córdoba,Approved,00,False,9.34,,
TRX-WB68Z49WMHJ0A70UDSDW,2026-05-28 06:45:29,2026-05-28,PRD-9T4T2X044RAY,CLI-VE07W66XERS8,Transfer,,879560.3,COP,219.89,Web,,,,Brazil,Rio de Janeiro,Approved,00,False,,,
TRX-RF9P37AB70S7OLOMY1WC,2026-05-28 15:08:26,2026-05-28,PRD-N1ZGKST6X3XR,CLI-GCZMDPYNUHP7,Payment,Entertainment,1115.53,USD,,POS,,,,México,Ciudad de México,Approved,00,False,,,
TRX-1EKWYBSDEBQ7PT5W82I2,2026-05-29 01:42:04,2026-05-28,PRD-FHWIANSBGRS4,CLI-972LDRL9JNRW,Transfer,,6791.42,USD,,ATM,SUC-6V3PNVG9,,,México,Puebla,Approved,00,False,23.59,,
TRX-JGL969A77PBYSVB8BWJP,2026-05-28 06:08:30,2026-05-28,PRD-XJPFO2W6D9FZ,CLI-9RWAE910VPUC,Payment,Services,1962.14,USD,,POS,,,,México,Monterrey,Approved,00,False,19.04,,
TRX-DBUE70X15RLS3TIJ21GL,2026-05-28 07:38:16,2026-05-28,PRD-OPH9Z46P88I1,CLI-JLQB6THGTV8A,Withdrawal,,53.1,USD,,App,,,,México,Tijuana,Approved,00,False,25.81,,
TRX-UX1OIC1N0CBL8JRPQ4WH,2026-05-29 03:55:53,2026-05-28,PRD-LPECXBUP0KU8,CLI-2TXHHW2B2SJB,Transfer,,2965.75,USD,,ATM,SUC-QTWR8S76,,,México,Guadalajara,Approved,00,False,19.94,-0.4469196,0.8625029
TRX-GM7M6XSLPZ3FWBJ4VIV1,2026-05-28 18:01:49,2026-05-28,PRD-H24OBZW3NZ8P,CLI-E8VMLE0IT52E,Purchase,Food,10.57,USD,,POS,,Restaurante El Buen Sabor,Food,México,Monterrey,Approved,00,False,7.69,,
TRX-0QI7640J325UAGQYIK6Z,2026-05-29 05:37:47,2026-05-28,PRD-882TU6YHN0VI,CLI-TJCIAV1UVUSZ,Transfer,,4951.43,USD,,POS,,,,México,Tijuana,Approved,00,False,19.62,,
TRX-Y7JZDD5CD8DGMCW6CNED,2026-05-28 06:38:51,2026-05-28,PRD-W9Q57WKURGWU,CLI-BYREU353L9WJ,Withdrawal,,400.68,USD,,ATM,SUC-7HQXDYLE,,,Argentina,Mendoza,Approved,00,False,16.0,-33.8798999,-58.4928177
TRX-NG6SIJKRGJ3Z9H2AF64V,2026-05-28 10:24:58,2026-05-28,PRD-TKBOOXJW4JUN,CLI-VDSK36KN7XLL,Withdrawal,,73.96,USD,,Transfer,,,,México,Ciudad de México,Approved,00,False,18.91,,
TRX-3JC66BTLO229VQUG09QA,2026-05-28 19:59:34,2026-05-28,PRD-1JLHUWG9V028,CLI-OHC5SUVOZW1A,Transfer,,4031.23,USD,,Web,,,,México,Tijuana,Approved,00,False,1.3,,
TRX-JF9UALNWYVZXY5JJJVOS,2026-05-28 20:22:41,2026-05-28,PRD-7108DE5I97S5,CLI-Q1KCOAL5YDON,Deposit,,1582.52,USD,,Web,,,,México,Puebla,Approved,00,False,8.76,,
TRX-66G45GKU9F4Y3PD3MCXU,2026-05-29 02:10:20,2026-05-28,PRD-UT58SGV9OZGP,CLI-J2H4NMMOJRZC,Deposit,,3304767.8,COP,826.19,POS,,,,Colombia,Medellín,Approved,00,False,20.43,,
TRX-JYM514IYIK05L5ZUOUHN,2026-05-29 02:55:16,2026-05-28,PRD-JF7TSJ3FBAB5,CLI-BDQFG1SO9FYK,Transfer,,411.93,USD,,App,,,,México,Monterrey,Approved,00,False,24.59,,
TRX-26ESOHBIK4WK8FE89AGD,2026-05-29 04:30:55,2026-05-28,PRD-ERNF30VT0UQI,CLI-AHTFR9E4F0ZT,Purchase,Food,986481.96,COP,246.62,Web,,Mercado Central,Food,Colombia,Barranquilla,Approved,00,False,1.6,,
TRX-TIWC048ZYFD3FXOZ55GW,2026-05-28 15:22:32,2026-05-28,PRD-N05OIERM3MQM,CLI-K6LETT16PJYD,Purchase,Transport,158991.12,ARS,454.26,Transfer,,Taxi Seguro,Transport,Argentina,Buenos Aires,Declined,05,False,4.8,,
TRX-IJS382USOW7HDXDYR7HM,2026-05-28 19:05:04,2026-05-28,PRD-WJ80DEI3N0GY,CLI-6OGW2WUQBM7A,Deposit,,17356880.06,COP,4339.22,App,,,,Spain,Madrid,Approved,00,False,27.88,,
TRX-QTKOG66VZ056RHZ0UG6K,2026-05-29 03:33:18,2026-05-28,PRD-0XL4SEBHM5G5,CLI-S2Y0GD4WB3LM,Transfer,,1365.38,USD,,App,,,,USA,Houston,Approved,00,False,10.8,,
TRX-B4PODIR5F8SL3GCI69CT,2026-05-28 21:58:33,2026-05-28,PRD-SSZVFX2KNSTL,CLI-8W9I564ZSUBS,Withdrawal,,148392.17,ARS,423.98,Web,,,,Argentina,Córdoba,Approved,00,False,8.59,,
TRX-P8WL0H8WJDV3ZHQ4MIRK,2026-05-28 23:30:16,2026-05-28,PRD-W6BN3OADKTF0,CLI-WXBU7EJ784UP,Transfer,,2954.47,USD,,ATM,SUC-LBZFJAU6,,,Colombia,Medellín,Approved,00,False,,,
TRX-MWQZKDNZ0KFC8K1NM4U0,2026-05-28 20:57:21,2026-05-28,PRD-L2DKEKTAVIKX,CLI-CZMT1OUAXCH7,Deposit,,12594735.59,COP,3148.68,POS,,,,Colombia,Bogotá,Approved,00,False,26.74,,
TRX-4MVI5ZGRJBD0CO1ZQ7XD,2026-05-28 22:37:19,2026-05-28,PRD-FC2EQ36HC3VK,CLI-MK82XC369O7I,Deposit,,2228.95,USD,,ATM,SUC-P5YISP64,,,México,,Approved,00,False,,0.6499312,-0.3759639
TRX-IL0GHCCLKSXNOVWGGDNN,2026-05-28 23:08:00,2026-05-28,PRD-OYOXAZHO8OA3,CLI-FKYTRWFS2A3C,Payment,Services,1234.77,USD,,ATM,SUC-7G8CGE3F,,,México,Monterrey,Approved,00,False,7.25,,
TRX-OZRU226GCY0PYEEGRWV3,2026-05-28 10:52:35,2026-05-28,PRD-FXJ2IUA1D27H,CLI-FEX8R28T1EYR,Payment,Entertainment,197.71,USD,,POS,,,,México,Tijuana,Approved,00,False,28.96,0.9951508,0.2987802
TRX-RCYTZ8ILMKBGO35Z2IB2,2026-05-29 00:57:40,2026-05-28,PRD-VPRJ1Y68KLTG,CLI-PZL11XG7CUEX,Withdrawal,,111576.87,ARS,318.79,ATM,SUC-D4W8JR4A,,,Argentina,Córdoba,Approved,00,False,,-33.9076769,-57.8108715
TRX-GM0Z7WQ7AELLQV2XKTK8,2026-05-28 06:16:02,2026-05-28,PRD-UX61G4VOD3IF,CLI-U01MMN63PU28,Purchase,Services,1258995.08,COP,314.75,ATM,SUC-HO849Z2Q,Servicios Públicos,Services,Colombia,Barranquilla,Approved,00,False,27.14,,
TRX-ZTWV3FIY82D4HPAZ0LB6,2026-05-28 14:44:46,2026-05-28,PRD-H1UN28NPTNFY,CLI-0CIZDO2ZC7DU,Payment,Entertainment,2517297.38,COP,629.32,POS,,,,Colombia,Barranquilla,Declined,51,False,27.57,,
TRX-WT0KC4WO8K20WGVTD7HE,2026-05-28 14:19:15,2026-05-28,PRD-SES27143A4UI,CLI-EMMRNN28PDJ9,Deposit,,1856201.64,COP,464.05,ATM,SUC-UH461R09,,,Colombia,,Approved,00,False,3.83,,
TRX-UA6RHTER2FP6RE38UQNS,2026-05-28 16:27:12,2026-05-28,PRD-ZPJ8JFO031CF,CLI-8RT7TKR25BJ1,Transfer,,4163.47,USD,,POS,,,,México,Querétaro,Approved,00,False,,-0.833928,-0.0042025
TRX-0U5O7XWY25I328T363HL,2026-05-28 13:07:57,2026-05-28,PRD-ZGIJNV0XBDZ0,CLI-II7C12ZJI6ST,Transfer,,2206.43,USD,,POS,,,,México,Querétaro,Approved,00,False,23.84,,
TRX-XVBC4KI0ZC056ANCMNSP,2026-05-28 09:30:13,2026-05-28,PRD-UXAOB4KEFCTA,CLI-UZZW10BD0KMP,Withdrawal,,12098.09,ARS,34.57,POS,,,,Argentina,La Plata,Approved,,False,,,
TRX-ZW7AD8ZDJF0H93AJH594,2026-05-28 19:29:47,2026-05-28,PRD-NZ5T24L07SCP,CLI-2K5LG7ZQVUXL,Deposit,,3068.45,USD,,ATM,SUC-P5YISP64,,,México,Guadalajara,Approved,00,False,7.15,0.5440423,0.1161771
TRX-ZGOTIMOO52EVG275WXG6,2026-05-29 05:39:44,2026-05-28,PRD-2UZTFWKIV8RX,CLI-AYZN9IAU0O05,Withdrawal,,1467638.68,COP,366.91,ATM,SUC-JZCA1ZND,,,Colombia,Cartagena,Declined,51,False,20.34,,
TRX-D5RWEL72U2ULJ2JZL99K,2026-05-28 19:48:33,2026-05-28,PRD-C50PTQWUU7A4,CLI-IHHRYWE1YQ0T,Purchase,Other,64.67,USD,,ATM,SUC-UB0LXRUU,Centro Comercial,Other,México,Tijuana,Approved,00,False,12.93,,
TRX-RAPO7PSV47EH65QWNH83,2026-05-29 00:57:23,2026-05-28,PRD-CABINMRXCFAS,CLI-3DPC7VO4CMEQ,Withdrawal,,416.08,USD,,ATM,SUC-552N76DP,,,México,Ciudad de México,Approved,00,False,20.18,,
TRX-PSC6UC6UQH803NV9L7Q3,2026-05-28 09:08:21,2026-05-28,PRD-LWTQURM7IQHF,CLI-VH3IQY2TAFG0,Purchase,Transport,249.95,USD,,POS,,Taxi Seguro,Transport,México,Monterrey,Approved,00,False,24.18,,
TRX-CWMIWVU542ZEA4PEM1EV,2026-05-28 16:26:19,2026-05-28,PRD-ZV4IZ3ADI8F8,CLI-NZ0JNFXHNJJQ,Transfer,,4551090.77,COP,1137.77,ATM,,,,Colombia,Barranquilla,Approved,00,False,10.87,4.5642962,-74.0858209
TRX-TZ52L3LQTRL355U1PXOF,2026-05-28 13:00:31,2026-05-28,PRD-X2R2YKHG5K36,CLI-PJAPKV8CHA5F,Deposit,,4701.75,USD,,ATM,SUC-F61XHTE2,,,México,Monterrey,Approved,00,False,14.5,0.6957474,0.3774886
TRX-ZIVNQGWPV0PLLWZIPGFN,2026-05-29 02:52:54,2026-05-28,PRD-RTU7F9Q58YQZ,CLI-M832XW1NC2K3,Purchase,Other,91.86,USD,,POS,,Ferretería,Other,México,Guadalajara,Approved,00,False,11.24,,
TRX-GB6KLXPPSPHRS3ILQ1WE,2026-05-28 20:11:14,2026-05-28,PRD-2W06MXRLUWDF,CLI-3OF2DQJ2M8BP,Deposit,,284.64,USD,,Web,,,,México,Puebla,Approved,00,False,8.61,,
TRX-75PP52HFCZ5ESP2L4AS3,2026-05-29 03:18:44,2026-05-28,PRD-9X9KNT1Y1R42,CLI-7N52HIWVAD9H,Transfer,,31648183.11,COP,7912.05,ATM,SUC-1NFIF0G0,,,Colombia,Medellín,Approved,00,False,10.66,,
TRX-9GLW6T955DBTU4J732PS,2026-05-28 14:14:45,2026-05-28,PRD-IUHE2IH6MUDU,CLI-2XDPWY60386K,Withdrawal,,117691.19,ARS,336.26,Web,,,,Argentina,La Plata,Approved,,False,,,
TRX-7DTC2WMUSRA23XH7UWIH,2026-05-28 06:12:19,2026-05-28,PRD-OYW3L3QYA6QX,CLI-QU4HFRETCO5U,Transfer,,3413190.95,ARS,,POS,,,,Colombia,Cali,Approved,00,False,10.33,,
TRX-IWUW84SYKNKPHNS5VUX7,2026-05-28 18:40:44,2026-05-28,PRD-3WQKWS0Z7C1R,CLI-IXAAQPMGC9E5,Deposit,,3873.99,USD,,POS,,,,Colombia,Barranquilla,Approved,00,False,9.54,3.7673812,-73.3701586
TRX-HJF0PRCACJ81HEA2YZW1,2026-05-28 18:21:05,2026-05-28,PRD-JSBWAU23ZSNC,CLI-E5WJWM4667QS,Withdrawal,,475.73,USD,,POS,,,,México,Ciudad de México,Approved,00,False,14.2,-0.239052,
TRX-RI8ECJBBWM3TPMAUEY28,2026-05-28 07:59:31,2026-05-28,PRD-XAKGB4Y5TLNM,CLI-48FDWEPMEBQ9,Transfer,,1191511.7,ARS,3404.32,POS,,,,Argentina,Mendoza,Approved,00,False,14.23,,
TRX-99X3XFR3BMOK95VHYOYZ,2026-05-29 03:23:38,2026-05-28,PRD-ISWCYWQ5AII6,CLI-7WP0SXXPKIUS,Purchase,Health,107183.29,COP,26.8,ATM,SUC-EXKJNP13,Farmacia Salud,Health,Colombia,Cartagena,Approved,00,False,8.85,4.103379,-73.5115723
TRX-A9ZCIUMR7S9L7ML5M91K,2026-05-28 18:40:21,2026-05-28,PRD-UNH9NA3ELBWK,CLI-FJF9NIE23N1H,Purchase,Food,162.55,USD,,POS,,Tienda Don José,Food,México,Querétaro,Approved,00,False,1.89,,
TRX-VHUZYJSTVW8G6SGTM2VH,2026-05-28 10:20:14,2026-05-28,PRD-YV0R8GNICV3R,CLI-TBRX4T4FZJEP,Deposit,,317694.75,ARS,907.7,ATM,SUC-UUF77WSC,,,Argentina,Rosario,Declined,05,False,23.16,,
TRX-GI2XGECBHG55AG09ZN22,2026-05-28 14:35:41,2026-05-28,PRD-LB0RRULG577Y,CLI-OI4T8BD2J9AF,Deposit,,11732506.54,COP,2933.13,POS,,,,Colombia,Bogotá,Approved,00,False,0.36,,
TRX-HTOF9NSDR5NQ7QVK9QZA,2026-05-29 02:00:41,2026-05-28,PRD-ZCD4DDLMF97J,CLI-VITLYAAL0H8J,Transfer,,1594.02,USD,,App,,,,México,Guadalajara,Approved,00,False,11.35,,
TRX-YNNRQI630IB5WY5XLS6J,2026-05-29 03:48:59,2026-05-28,PRD-3RCA1Z7146PG,CLI-ARF1N2S0D37V,Deposit,,1012294.67,ARS,2892.27,App,,,,Colombia,Bogotá,Approved,00,False,10.93,,
TRX-GY9AR9ZCYWX128SED5N9,2026-05-28 08:56:28,2026-05-28,PRD-K927BCCE1R0J,CLI-A8O1NMO41GFB,Payment,Health,1575.76,USD,,POS,,,,México,Puebla,Approved,00,False,24.33,,
TRX-A017YKYUQUAUCL64APD5,2026-05-28 19:52:41,2026-05-28,PRD-T7N9VXR0NRBQ,CLI-YM4AA34LZKYQ,Transfer,,6801.84,USD,,ATM,SUC-HYTTI82L,,,Argentina,,Approved,00,False,22.08,-35.4000165,-58.869767
TRX-MDKEG1H82RRPFKGFYC2U,2026-05-28 23:59:44,2026-05-28,PRD-HM77PL14RKNW,CLI-J9CDK409XMTN,Transfer,,2753.11,USD,,ATM,SUC-8QU1XFUX,,,México,Querétaro,Approved,00,False,26.83,-0.9754292,-0.9625836
TRX-3ME5019JH8MYE9A0VYPU,2026-05-28 13:35:05,2026-05-28,PRD-9NCZRFAIF3QS,CLI-BNBUOCZCRW30,Purchase,Transport,867700.8,COP,216.93,ATM,SUC-A6PLAS9M,Taxi Seguro,Transport,Colombia,Medellín,Approved,00,False,29.75,4.1797563,-74.3354331
TRX-QSZ7NLOHBMAE4B7OWMZZ,2026-05-28 09:11:52,2026-05-28,PRD-WENV5YKFAXRX,CLI-RKO5U8SOOJHS,Transfer,,33395686.28,COP,8348.92,ATM,SUC-TQX7379E,,,Colombia,Barranquilla,Approved,,False,,,
TRX-72W6NXJ0PRECRD015BZ4,2026-05-28 08:38:42,2026-05-28,PRD-LFYL1WIKVGSU,CLI-IXX2762JEBQT,Purchase,Food,859933.63,COP,214.98,POS,,Mercado Central,Food,Colombia,Cartagena,Approved,00,False,,,
TRX-5MLOKN0KSD96D4CYQIUC,2026-05-28 16:21:57,2026-05-28,PRD-UNPRHL8FSGF3,CLI-TXPNPWJ2VHGZ,Withdrawal,,475.73,USD,,ATM,SUC-H4YG9DLY,,,México,Querétaro,Approved,00,False,28.32,,
TRX-R7QWB3E38MYSN4BQ7QOR,2026-05-28 18:36:47,2026-05-28,PRD-5TEF1G78VD0V,CLI-OEFMGZ0IPS1L,Deposit,,1175450.09,ARS,3358.43,POS,,,,Argentina,Córdoba,Approved,00,False,10.01,-35.0090102,-59.0797079
TRX-2EWA413NIG8BETI1ZOZC,2026-05-29 04:37:31,2026-05-28,PRD-TCPJIWVMC12P,CLI-NBR2GIJ8PGNE,Transfer,,31748882.53,COP,7937.22,ATM,SUC-UJA1ZE8Q,,,Colombia,Cali,Declined,05,False,20.54,,
TRX-HB3WYLL71KGMTAEOHRAA,2026-05-28 20:57:27,2026-05-28,PRD-KBV0IMLQAEDO,CLI-D3KI63NVTP7C,Withdrawal,,1886257.31,COP,471.56,App,,,,Colombia,Bogotá,Approved,00,False,4.52,,
TRX-KMUBTTGL0S0XO9CXD8Y6,2026-05-28 08:31:16,2026-05-28,PRD-J4F4LMDTJ8E5,CLI-GTL3NSCV8KL2,Purchase,Services,1565592.81,COP,391.4,App,,Servicios Públicos,Services,Colombia,Barranquilla,Approved,00,False,28.4,,
TRX-TR4PANHI8YJ0FJ5Z5BIH,2026-05-29 02:29:49,2026-05-28,PRD-SH6KDAI85ZDL,CLI-FL9GKL2UK3YK,Transfer,,1705148.0,ARS,4871.85,POS,,,,Argentina,Rosario,Approved,00,False,28.22,,
TRX-T851OLGSMKZYBID5HR5E,2026-05-29 04:18:38,2026-05-28,PRD-Y1CS6DC59KU3,CLI-344JZX960Y5Q,Payment,Entertainment,498267.89,COP,124.57,ATM,SUC-PNT72MIS,,,Colombia,Barranquilla,Approved,00,False,7.76,,
TRX-33OKCFYBIEZ56E9A2HHR,2026-05-28 19:36:37,2026-05-28,PRD-NR45CLOHHOEZ,CLI-XWF3M10VFAA3,Payment,Services,675.97,USD,,POS,,,,México,Guadalajara,Declined,14,False,23.69,,
TRX-9NC4K7YJJBFIHJUJJPEG,2026-05-28 09:17:13,2026-05-28,PRD-SALJZXTX6VOC,CLI-44SJFPYTL4P4,Withdrawal,,65371.47,ARS,186.78,Web,,,,Argentina,La Plata,Declined,05,False,,,
TRX-TIJABZPYFGGIQZXIXP38,2026-05-29 03:18:21,2026-05-28,PRD-J3P5BZRA3ER6,CLI-RC0DUFAOHAGS,Purchase,Other,58941.72,ARS,168.4,Web,,Centro Comercial,Other,Argentina,Buenos Aires,Approved,00,False,13.56,,
TRX-EPX0WGYBDFZB3DV8V5L6,2026-05-28 18:22:11,2026-05-28,PRD-FHEFJMXTAF3P,CLI-Y5DX46LHQI6U,Purchase,Other,351.21,USD,,App,,Centro Comercial,Other,Colombia,,Pending,54,False,2.98,,
TRX-5L1D63D7I4BMLY4NJ55K,2026-05-28 16:51:22,2026-05-28,PRD-S4KUU99Y8FV3,CLI-ZV72IKKQDUX1,Deposit,,1104.16,USD,,POS,,,,México,Ciudad de México,Approved,00,False,13.84,,
TRX-M3ETL0WZBZPZM5WN504K,2026-05-28 07:07:00,2026-05-28,PRD-IUBT788BMJAD,CLI-TU4ALDUBSXFV,Payment,Food,6972764.16,COP,1743.19,POS,,,,Colombia,Bogotá,Approved,00,False,26.72,4.9320919,-74.2563366
TRX-JR8NDUBTG6G641F99OQN,2026-05-28 19:01:59,2026-05-28,PRD-BM0M9I35FFYR,CLI-JB7BRCCSN5RE,Transfer,,1929747.46,ARS,5513.56,ATM,SUC-VPCJ60UW,,,Argentina,La Plata,Approved,,False,6.01,,
TRX-IOU01UNBQDHEHZ35FJP6,2026-05-28 14:38:41,2026-05-28,PRD-2LBL4XGVSUEV,CLI-U31QBP46NFRR,Withdrawal,,34988.99,ARS,99.97,POS,,,,Argentina,La Plata,Approved,00,False,10.39,,
TRX-DEZIDSS45R2LEMUURQIU,2026-05-28 22:17:43,2026-05-28,PRD-2QHX2T8A78OP,CLI-ZTNSMZ9TMWP9,Purchase,Food,30269.08,ARS,86.48,POS,,Tienda Don José,,Argentina,Rosario,Pending,54,False,0.13,,
TRX-219CIEPM1FJIXS77U5ZJ,2026-05-28 15:17:36,2026-05-28,PRD-7JBX1GTF57HL,CLI-0GBTMIUHPIY7,Transfer,,7946.98,USD,,ATM,,,,México,Puebla,Approved,00,False,19.71,,
TRX-D1IU556K32MRIHVSC77L,2026-05-28 07:21:17,2026-05-28,PRD-0FLCUP2RVKF6,CLI-9ARJDUBV05TO,Payment,Health,1860.46,USD,,POS,,,,México,Monterrey,Approved,00,False,3.83,,
TRX-IIXVTYLBXD5SLNRYD5CI,2026-05-28 23:58:57,2026-05-28,PRD-BRF5876K2ADR,CLI-H2Q1WT5XW13H,Transfer,,1271.8,USD,,POS,,,,México,Monterrey,Approved,00,False,15.62,-0.37593,0.1911784
TRX-HKEHD3R89MZ7NI0IB1P6,2026-05-28 12:50:44,2026-05-28,PRD-0P3KA54AC03G,CLI-GWDGA3Z4Y2GX,Payment,Other,1934.73,USD,,ATM,SUC-3DCC91G4,,,México,Guadalajara,Approved,00,False,14.88,,
TRX-J1NPRXJ31OOIDR99VDZW,2026-05-28 22:53:43,2026-05-28,PRD-BZG51ENY8GI8,CLI-MEZRTBEO1J9A,Purchase,Entertainment,169555.7,ARS,484.44,ATM,SUC-OSJVEL9O,Streaming Music,Entertainment,Argentina,Rosario,Approved,00,False,16.4,-33.6976995,-59.2583563
TRX-C8GJ17T4RKOUZALW8HSY,2026-05-28 09:42:20,2026-05-28,PRD-OVBHVAVPMQDJ,CLI-GZLEWM5DA3OX,Transfer,,3171.48,USD,,ATM,SUC-0OJNMRLP,,,México,Querétaro,Approved,00,False,27.27,0.9314356,-0.5274951
TRX-047SJ0NRNAI0OI2KQDN7,2026-05-28 19:28:49,2026-05-28,PRD-8LYGRI0G4CKG,CLI-GRGD8XJENZJP,Deposit,,1118079.85,ARS,3194.51,ATM,SUC-RKWUVL31,,,Argentina,Córdoba,Approved,00,False,0.81,,
TRX-309H16ZC5TWAZSD977EH,2026-05-28 13:41:33,2026-05-28,PRD-9AJGJPL3FWKA,CLI-9JZ37OUU83IH,Purchase,Entertainment,90.9,USD,,Web,,Teatro Nacional,Entertainment,México,,Approved,00,False,,,
TRX-D0PX9I5RDN8M3UJ1JMS8,2026-05-28 22:03:48,2026-05-28,PRD-0MIPGJQMTYYI,CLI-UAE7Z75SMJ2E,Withdrawal,,198.9,USD,,ATM,SUC-OLTX380V,,,México,Guadalajara,Approved,00,False,20.75,,
TRX-WDBMN9DVPGY3G39MYUEI,2026-05-28 08:30:35,2026-05-28,PRD-JE9O93WJX9SE,CLI-8G180YSOLFIR,Deposit,,4884.13,USD,,App,,,,México,Puebla,Approved,00,False,7.78,,
TRX-4PCSRKCVOM42V3EWBEDH,2026-05-29 05:41:04,2026-05-28,PRD-567LP14TX44X,CLI-T94FMN7WUGGB,Withdrawal,,1550549.89,COP,387.64,App,,,,Colombia,,Approved,00,False,24.47,,
TRX-BTWMVRS98HQ7PZL75XPA,2026-05-28 21:41:33,2026-05-28,PRD-9DK03NZWH5OE,CLI-00P4VN7YGMT5,Purchase,Services,81724.25,ARS,233.5,App,,Servicios Públicos,Services,Argentina,Córdoba,Declined,14,False,20.89,,
TRX-BVISQMRB4MDRXX8HVU7U,2026-05-29 02:34:17,2026-05-28,PRD-FGTSGUOP6LJX,CLI-IZ8G8QMCJN2Y,Purchase,Food,40428.54,ARS,115.51,ATM,SUC-0LZRXHCF,Tienda Don José,Food,Argentina,Rosario,Approved,00,False,24.06,,
TRX-L5GWBBJPR1TOE1FZQOYB,2026-05-29 05:20:07,2026-05-28,PRD-Z5CQHCUHE0W0,CLI-HRAH9AQ6KSWO,Deposit,,12658700.16,COP,3164.68,App,,,,Colombia,Barranquilla,Approved,00,False,,,
TRX-BU5YHS9O59O0WOXO9GOY,2026-05-29 05:01:30,2026-05-28,PRD-FW0A5FKAJ6UO,CLI-H34ZEVDWST0O,Withdrawal,,962744.61,COP,240.69,App,,,,Colombia,Cartagena,Approved,00,False,12.28,,
TRX-1HDPG8FP07AA7K73AV9E,2026-05-29 00:05:28,2026-05-28,PRD-PLQWZKYECLNH,CLI-KZWG2NE3L54C,Withdrawal,,155108.97,COP,38.78,POS,,,,Colombia,Cali,Approved,00,False,23.53,4.7444359,-74.3822881
TRX-GMPD88BFDH2MYDVFLOXW,2026-05-28 22:04:16,2026-05-28,PRD-QLJCHTG81BJT,CLI-1J4RJQAY184N,Purchase,Food,369.79,USD,,App,,Mercado Central,Food,México,Puebla,Approved,00,False,17.47,,
TRX-UFGYCAFOJ100LQHMYIKH,2026-05-28 18:15:07,2026-05-28,PRD-MBVIRW185PO2,CLI-KH2LGHD140RC,Withdrawal,,276.89,USD,,ATM,SUC-LQXENAY2,,,México,,Approved,00,False,27.39,-0.757899,-0.8434441
TRX-UHHDRL3MPQHDTN13MGW3,2026-05-28 06:35:24,2026-05-28,PRD-SY83YXZ18GV5,CLI-CSSOZ3ARD2VA,Adjustment,,300.42,USD,,POS,,,,México,Monterrey,Approved,00,False,21.06,,
TRX-XI30HKGCMJF8E1GU7T61,2026-05-29 04:56:53,2026-05-28,PRD-LSJCHDRTQWKG,CLI-A4H0N65KZFCF,Transfer,,7445.66,USD,,ATM,SUC-SUAMAVYV,,,México,Ciudad de México,Approved,00,False,6.35,,
TRX-D8O0SC67VBR5LJT26BVB,2026-05-28 19:52:30,2026-05-28,PRD-2J0B6NPQ7NVT,CLI-8W2HUT25IBI2,Withdrawal,,171.92,USD,,Web,,,,México,,Approved,00,False,2.86,,
TRX-9R82G3OE51RKISBFPOIT,2026-05-28 16:29:45,2026-05-28,PRD-2R8PD1U54ULI,CLI-JJNZIIB8B7FS,Purchase,Food,377.6,USD,,App,,Mercado Central,Food,Colombia,Cali,Approved,00,False,27.89,,
TRX-8UXT3RZQHCX7F8E3KEJP,2026-05-28 12:30:40,2026-05-28,PRD-7A8PLORTJS63,CLI-ZSESCORVKXBT,Transfer,,9152.89,USD,,App,,,,México,Ciudad de México,Approved,00,False,,,
TRX-L9OCYRP9MZQN3IJ6JYOQ,2026-05-28 17:52:43,2026-05-28,PRD-7USB83I1C4VV,CLI-HDO78SETSX2S,Deposit,,561683.91,ARS,1604.81,POS,,,,Argentina,Rosario,Approved,00,False,2.75,,
TRX-XJXGKRNDMDLV4OND63YO,2026-05-28 07:46:03,2026-05-28,PRD-TFYTK3E6J3S2,CLI-E5ZF7GNXC9L3,Purchase,Services,214367.6,COP,53.59,Web,,Internet Plus,Services,Spain,Barcelona,Approved,00,False,10.96,,
TRX-N2JH15XZ65DJLNNU0RKN,2026-05-28 14:18:04,2026-05-28,PRD-YZ635TXFEWTF,CLI-GIV5UU0XVUZC,Purchase,Health,421.48,USD,,Web,,Laboratorio Central,Health,Argentina,Rosario,Declined,54,False,28.05,,
TRX-36SEQG5Z3M723T3GJSY5,2026-05-28 14:58:33,2026-05-28,PRD-BXYLRYNEOKWQ,CLI-DMM27FPGZFOQ,Payment,Food,5442283.35,COP,1360.57,Web,,,,Colombia,Cali,Approved,00,False,8.11,,
TRX-AVYT5M7IH08O6QC9B1V6,2026-05-29 00:49:35,2026-05-28,PRD-EW2HWFY1O125,CLI-S6OFEO3XM0XE,Purchase,Food,235.92,USD,,Web,,Super Ahorro,Food,México,Querétaro,Approved,00,False,19.29,,
TRX-LGE98I0NSRNKGF7M3L07,2026-05-28 10:09:44,2026-05-28,PRD-0QQ6RW3LGVUW,CLI-H5KTZ23X87RA,Withdrawal,,152774.01,ARS,436.5,App,,,,Argentina,La Plata,Approved,00,False,10.77,,
TRX-TIXAGMOIGE43JO1WFFFU,2026-05-28 17:33:53,2026-05-28,PRD-MU5H499K4BI5,CLI-LWRH0PSJ1RGT,Withdrawal,,153.7,USD,,POS,,,,México,Guadalajara,Approved,00,False,10.55,,
TRX-3Z9JYI5JB0CLSL7LSGN0,2026-05-28 18:22:16,2026-05-28,PRD-PFFPJAF4PJIW,CLI-2QAT6L1WPVQ9,Transfer,,7263.46,USD,,ATM,SUC-KI33JLSV,,,México,Ciudad de México,Approved,00,False,,,
TRX-ZA9P6KJ7VQGGX23S21IS,2026-05-28 17:58:38,2026-05-28,PRD-35JUOFDUGLLP,CLI-XOR44ZGOK1LM,Transfer,,15980652.21,COP,3995.16,ATM,SUC-JARPMK7O,,,Colombia,Cali,Approved,00,False,,5.0277003,-74.9251662
TRX-3GCNO28DG1F7461270AZ,2026-05-28 20:36:47,2026-05-28,PRD-07WWKSRGI408,CLI-RHGRA2FOLNDR,Transfer,,2144935.03,COP,536.23,POS,,,,Argentina,Buenos Aires,Approved,,False,14.06,5.0756638,-74.0916742
TRX-ZJULH250664B3NYY3BNL,2026-05-28 11:12:41,2026-05-28,PRD-Y2QFKYH81CL3,CLI-H23RM4E6N9BJ,Withdrawal,,1524515.7,COP,381.13,App,,,,Colombia,Medellín,Approved,00,False,22.11,,
TRX-J6TKIZUB5OZD3W77I4QF,2026-05-28 18:06:05,2026-05-28,PRD-S7GGFEARU7E5,CLI-KOVEJ25YD2VB,Transfer,,5877.72,USD,,Web,,,,México,Querétaro,Approved,00,False,19.02,,
TRX-WKDKCKFPDISZIVM5SK1D,2026-05-28 09:21:29,2026-05-28,PRD-HMG117S280GG,CLI-6XZQF3ZR0OL4,Purchase,Health,458.81,USD,,POS,,Óptica Visión,Health,México,Ciudad de México,Approved,00,False,15.82,-0.9034282,-0.179196
TRX-I478YGEFBRTDJEYNF1K2,2026-05-28 16:21:55,2026-05-28,PRD-1D96MH4B35Y2,CLI-JQK5SSSYBQ46,Payment,Services,777.48,USD,,ATM,SUC-IC4I9JS9,,,México,Guadalajara,Approved,00,False,28.77,,
TRX-WXVRBZH6SUQ9I65NMREK,2026-05-28 15:23:37,2026-05-28,PRD-9F5XK2D6BL9J,CLI-YQ5V7AI895T1,Purchase,Transport,122887.85,ARS,351.11,POS,,Gasolinera Express,Transport,Argentina,Córdoba,Approved,00,False,25.1,,
TRX-4K65UFD25R8KX8D3P68O,2026-05-28 12:41:42,2026-05-28,PRD-3UU6ZMYS26RR,CLI-KNXX5LUWD8V0,Withdrawal,,1496251.58,COP,374.06,POS,,,,Colombia,Cali,Approved,00,False,28.37,,
TRX-DUDGNQ71WYDH6W84H7VB,2026-05-28 08:58:03,2026-05-28,PRD-CR8FVXOJV1FX,CLI-THFT70VNZLJ9,Withdrawal,,354.37,USD,,ATM,SUC-VTIA5X8Y,,,México,Tijuana,Approved,00,False,13.16,,
TRX-M81UQB9SWHJKEHXWAG22,2026-05-28 06:06:12,2026-05-28,PRD-P19GE8RJS9VF,CLI-0F2CRK0GWCHI,Withdrawal,,889982.39,COP,222.5,App,,,,Mexico,Ciudad de México,Approved,00,False,21.38,,
TRX-RVVBQIOV7BAMXGJ6RJR0,2026-05-29 05:32:44,2026-05-28,PRD-YGTYWKMEKNAA,CLI-Q7OKN2SBLOI6,Purchase,,134.64,USD,,App,,Servicios Públicos,,México,Tijuana,Approved,00,False,12.69,,
TRX-6DKWGSW8OU7SE7YRXFIF,2026-05-28 22:14:38,2026-05-28,PRD-5SGP02O8GMFW,CLI-GI639783JXU8,Deposit,,2408.94,USD,,POS,,,,México,Puebla,Declined,51,False,16.71,,
TRX-B4UZ6O63EDQT0TUYXCOV,2026-05-28 19:57:51,2026-05-28,PRD-ZUMEW0V4HWAF,CLI-RS65Z7QXZJYC,Transfer,,177042.1,ARS,505.83,POS,,,,Argentina,La Plata,Approved,00,False,11.25,-33.6376114,-58.4811847
TRX-RR8A57SO0ZVXPR7Q9AKQ,2026-05-29 02:09:27,2026-05-28,PRD-CX13QVDPYGLT,CLI-O8DL9BM0HXO4,Transfer,,7992.54,USD,,ATM,SUC-Z7426PZT,,,México,Puebla,Approved,00,False,13.88,,
TRX-AGIMP8B8V8YA20T7T3VV,2026-05-28 11:29:55,2026-05-28,PRD-EVCDJZKDRVO4,CLI-SE1C5HHQVZBF,Purchase,Other,421.82,USD,,POS,,Ferretería,Other,México,Tijuana,Approved,00,False,1.43,,
TRX-Y9H8N77Y68ZD2E14REQV,2026-05-28 15:20:45,2026-05-28,PRD-BJ8ZXKYR7P78,CLI-8QUUSZHJZR23,Purchase,Food,464.64,USD,,Web,,Tienda Don José,Food,México,Monterrey,Approved,00,False,,,
TRX-XPXIDF7BR34LDYMFFNRD,2026-05-28 10:23:22,2026-05-28,PRD-G5EQXZMRM3LG,CLI-EIJKRCEGYQD0,Deposit,,11054957.35,COP,2763.74,ATM,SUC-0KBWS25U,,,Colombia,Cartagena,Approved,00,False,,,
TRX-Y0OUVVJXXLVNBFWQ0YTO,2026-05-28 22:34:22,2026-05-28,PRD-E6ZVBJEC4OLI,CLI-GM2SQ930TAUY,Payment,Transport,954.47,USD,,App,,,,México,Tijuana,Approved,00,False,,,
TRX-UGK6M1OYF3HQXVUE8VAC,2026-05-28 19:38:14,2026-05-28,PRD-RP1KJ7BQIMFT,CLI-QI4V4UJVIF07,Payment,Entertainment,1245.86,USD,,ATM,SUC-M8AEJ2A4,,,México,Guadalajara,Approved,00,False,21.48,,
TRX-RH2WDHW8CFN3CSD33UST,2026-05-28 19:18:56,2026-05-28,PRD-270KRVM2HOSF,CLI-BTPULKW2RDU2,Withdrawal,,132317.59,COP,33.08,Transfer,,,,Colombia,Barranquilla,Approved,,False,8.19,,
TRX-TH1XNF3CSJ2YFZHVQ9HL,2026-05-29 00:45:18,2026-05-28,PRD-OHVGIHZEGVBG,CLI-HPFHVYQAI6NQ,Payment,Services,506.43,USD,,POS,,,,México,Querétaro,Approved,00,False,5.73,,
TRX-G6MB7Z2M9CE3FCVFR5T4,2026-05-28 22:59:05,2026-05-28,PRD-H01QTNWYPG5X,CLI-SU0Y36W244ND,Transfer,,3805.68,USD,,ATM,SUC-S3V4CSL0,,,México,Guadalajara,Approved,00,False,15.39,,
TRX-J2LNEL6C3ASQU26C85PV,2026-05-29 00:59:34,2026-05-28,PRD-CJ6026BLQN2T,CLI-3GMY7N4VGWM1,Purchase,Food,1310073.82,COP,327.52,App,,Tienda Don José,,Colombia,Cali,Approved,00,False,8.76,,
TRX-Q8QLQIW6CWC0GNAJTTU1,2026-05-28 20:32:56,2026-05-28,PRD-D04VOPPUGNDF,CLI-8A8LV2Z6K0XK,Purchase,Other,344.38,USD,,ATM,SUC-QMYSBASD,Tienda General,Other,México,,Approved,00,False,25.4,-0.1459615,-0.8154639
TRX-F45XH4ZNANGXPVP4R4A8,2026-05-29 02:57:49,2026-05-28,PRD-MUICN6SIKMKR,CLI-9TIU15NX1936,Payment,Entertainment,552.59,USD,,POS,,,,México,Monterrey,Approved,00,False,6.04,,
TRX-V77LMPEW9N9ZPPPK8EF3,2026-05-28 18:54:56,2026-05-28,PRD-B6QU76FF25CI,CLI-8YB7RR2YW4K1,Purchase,,1613409.01,COP,403.35,Web,,Mercado Central,Food,Colombia,Barranquilla,Approved,,False,3.55,,
TRX-JAPV1KFH9EZ5RIJOB32E,2026-05-28 23:33:59,2026-05-28,PRD-TNFXEJNUNNGS,CLI-RIUFHK8815NH,Purchase,Other,882887.97,COP,220.72,ATM,SUC-XV4BJ541,Centro Comercial,Other,Colombia,Barranquilla,Declined,14,False,13.23,,
TRX-1SE6Q14DO90M2KBUVKL2,2026-05-28 18:02:12,2026-05-28,PRD-MX1RVS41MWZK,CLI-FE3E0TZCR1G7,Purchase,Transport,415.62,USD,,POS,,Gasolinera Express,Transport,México,Ciudad de México,Approved,00,False,1.57,,
TRX-Y8PC2QHNDG5I7A8D1T6D,2026-05-29 05:16:58,2026-05-28,PRD-4VH7D7PK3FLS,CLI-3SVEF8F14VDW,Purchase,Entertainment,84331.91,ARS,240.95,POS,,Cine Premium,Entertainment,Argentina,Rosario,Approved,00,False,,,
TRX-D8RK5VGA9WUJ9Y57AXT5,2026-05-29 02:03:40,2026-05-28,PRD-RAWI2PSWPBEQ,CLI-R8R0RB0XA934,Deposit,,268773.46,ARS,767.92,ATM,SUC-GTAY0XHL,,,Argentina,Córdoba,Approved,00,False,,,
TRX-4RCW9YB7EMSX36IINZIP,2026-05-28 08:50:46,2026-05-28,PRD-7I02M6G10WS0,CLI-TS11P1EWYIH0,Purchase,Food,326.86,USD,,ATM,SUC-JRR5Z8WK,Tienda Don José,Food,México,Puebla,Approved,00,False,26.23,0.0022888,0.067017
TRX-H3ZOKEBJG93QZY3GRMPB,2026-05-28 17:47:34,2026-05-28,PRD-QSE5N3K9PG3E,CLI-3F8TKXH6SSOP,Transfer,,1804.07,USD,,ATM,SUC-5FDGLKJX,,,México,Guadalajara,Approved,00,False,24.67,,
TRX-G8BYHU5XB1BE90W62OP1,2026-05-29 02:13:28,2026-05-28,PRD-VQEVZG91JQLQ,CLI-Z3BY9AQ43BKW,Purchase,Other,162.88,USD,,Branch,SUC-QVGF07AP,Centro Comercial,Other,México,Ciudad de México,Approved,00,False,24.37,,
TRX-NV3TQ391M7PPZABEEKTJ,2026-05-28 18:07:52,2026-05-28,PRD-S398L93RV2IG,CLI-5P5LQGC90YRZ,Withdrawal,,292085.47,COP,73.02,POS,,,,Colombia,Cartagena,Approved,00,False,4.87,,
TRX-PQ25PXLJ7HEG1IQX4IB8,2026-05-28 17:37:44,2026-05-28,PRD-XJFDAH4B3HPT,CLI-KJC0MHL581UC,Transfer,,7056.82,USD,,ATM,SUC-W04NBWY9,,,México,Monterrey,Approved,00,False,5.46,,
TRX-1P42MCW2YJVU0FNOXS3U,2026-05-29 02:53:24,2026-05-28,PRD-45VTV8732440,CLI-SRSV24WNLASF,Deposit,,9025756.9,COP,2256.44,Web,,,,Colombia,Cali,Approved,00,False,,,
TRX-432YKLO2M8NXFKBSJDSK,2026-05-28 14:57:26,2026-05-28,PRD-LEGEMUVPYDFY,CLI-OOZU2M5FCBA1,Transfer,,14840135.38,COP,3710.03,ATM,SUC-0KBWS25U,,,Colombia,Cartagena,Approved,00,False,19.11,,
TRX-4JNFWWX4DSKESTUMSGMJ,2026-05-28 06:12:53,2026-05-28,PRD-1618EY3QCRJG,CLI-GLOBJY1VM4SX,Withdrawal,,366.23,USD,,POS,,,,México,Tijuana,Approved,00,False,26.39,,
TRX-DXQATT2CHSQVYIUSYOZ5,2026-05-28 20:01:36,2026-05-28,PRD-VOXL7QZCY80U,CLI-SXQ7ITPH8JIO,Withdrawal,,126758.98,ARS,362.17,POS,,,,Argentina,Mendoza,Approved,00,False,1.07,,
TRX-YAY6D04WGP6KU1FZ6MVL,2026-05-28 19:49:58,2026-05-28,PRD-YRJQQYL86SVF,CLI-S4ZRPD4FXUZW,Withdrawal,,130.8,USD,,App,,,,México,Guadalajara,Approved,,False,24.22,,
TRX-6U4NB749NZ3JASI2U2PJ,2026-05-28 09:18:44,2026-05-28,PRD-HHK72RU7P0YV,CLI-1X3APFJE30CD,Transfer,,28310359.85,COP,,App,,,,Colombia,Cali,Approved,00,False,21.38,,
TRX-D695A31K5ADFJUIHYKUU,2026-05-29 05:58:50,2026-05-28,PRD-7T7B84ODMUVF,CLI-CNSASHFWVPCJ,Transfer,,3150675.27,ARS,9001.93,ATM,SUC-NXELWI6F,,,Argentina,Buenos Aires,Approved,00,False,,-34.4475496,-58.4850721
TRX-P43R58FCA1TOIDD7Z4MY,2026-05-28 14:17:05,2026-05-28,PRD-1OCHM13ZMXB2,CLI-V45BJTBH06SQ,Withdrawal,,341297.95,COP,85.32,POS,,,,Colombia,Barranquilla,Approved,00,False,0.54,,
TRX-Y4BS9H7CUVDU3UP2KP1G,2026-05-29 04:08:33,2026-05-28,PRD-JP3AJ08HPJRM,CLI-XIULYIO3MLF4,Withdrawal,,36.31,USD,,Branch,SUC-R1MU0X5G,,,México,Monterrey,Approved,00,False,26.81,,
TRX-EPYL29YTVEV5N54SBU8T,2026-05-28 21:48:13,2026-05-28,PRD-EC6M69HZD2ON,CLI-9KITRW2P3U4Y,Transfer,,1532.07,USD,,POS,,,,Colombia,Cali,Approved,00,False,28.64,,
TRX-52HC5IHTC4C8MYRGFJQH,2026-05-28 19:25:55,2026-05-28,PRD-M4VO660KQMQD,CLI-51GMNOXYQ6NW,Purchase,Other,1202219.32,COP,300.55,ATM,SUC-3NEGSLF6,Ferretería,Other,Colombia,Barranquilla,Approved,00,False,5.77,3.9738699,-73.6062047
TRX-6H3JZT667DIHS4JCRJ46,2026-05-28 17:50:04,2026-05-28,PRD-5IPYVR468FJQ,CLI-1G1ZQ4A63ESQ,Transfer,,24654310.22,COP,6163.58,App,,,,Colombia,Bogotá,Approved,00,False,3.62,,
TRX-RPIUHQV8ZT8706WC9BUE,2026-05-28 13:19:48,2026-05-28,PRD-509SP0AQ78RS,CLI-7QZTVK5VUO17,Withdrawal,,392.23,USD,,ATM,SUC-QVGF07AP,,,México,Puebla,Approved,00,False,,,
TRX-9INJ0EKVBG6AI5Z947NC,2026-05-28 16:20:52,2026-05-28,PRD-UZ4XO9TGAKJQ,CLI-OXIHLOP51201,Purchase,Other,297.95,USD,,POS,,Ferretería,Other,México,,Approved,00,False,13.96,-0.2833849,0.7158879
TRX-VQ09Q9E0GDLO7GYDMNPD,2026-05-28 15:14:56,2026-05-28,PRD-MA1453P5XWH8,CLI-1PMIVICKAY90,Transfer,,7051.24,USD,,ATM,SUC-I3D08YZO,,,México,Guadalajara,Approved,,False,,,
TRX-3ARHXSWLTBVYIFICLU32,2026-05-28 19:40:52,2026-05-28,PRD-TCNAONFO8QF3,CLI-R6FG50OU8E6P,Deposit,,7051067.19,COP,,POS,,,,Colombia,Medellín,Approved,00,False,21.93,,
TRX-YG6O3IMYQHR3AZ876YV3,2026-05-29 01:10:06,2026-05-28,PRD-JBXBWQ3J9UX1,CLI-FQADUZ0NTPTE,Transfer,,9625.45,USD,,ATM,SUC-KT11NKNR,,,México,,Declined,51,False,23.21,0.7297125,0.5932011
TRX-XM0DW2F56CNR9OH74E8X,2026-05-28 21:51:59,2026-05-28,PRD-6PN81M6ZX9ZW,CLI-CNPDM9ZF26OO,Purchase,Services,185.25,USD,,ATM,SUC-XV1N3YM9,Cable TV,Services,México,Ciudad de México,Approved,00,False,11.54,,
TRX-K3N2X2KCJ8FDVO7KVZVL,2026-05-28 13:48:18,2026-05-28,PRD-7GB95G6UC4HM,CLI-U9CLFN3EFFT0,Adjustment,,2862418.65,COP,715.6,Web,,,,Colombia,Barranquilla,Approved,00,False,12.68,,
TRX-T0XJJLW4XSIOMIGHO46N,2026-05-29 05:30:58,2026-05-28,PRD-9927YOE7LAC5,CLI-TZHKYZV4O5CH,Purchase,Services,229.93,USD,,App,,Servicios Públicos,Services,Colombia,Cali,Approved,00,False,20.93,,
TRX-KGPPGJNFI04PDXBMPFUX,2026-05-28 22:04:14,2026-05-28,PRD-D664Y807FHBV,CLI-5PVPU6LTDS87,Transfer,,7390.49,USD,,POS,,,,México,Guadalajara,Approved,00,False,16.88,,
TRX-28CS90I0Y54SUOJ9R4LF,2026-05-29 03:32:29,2026-05-28,PRD-1NI7THQ58GUW,CLI-FXWXWDEN6XXL,Transfer,,2634929.67,ARS,7528.37,POS,,,,Argentina,Mendoza,Approved,00,False,,,
TRX-QY005EGMS1LG36XFZ2EV,2026-05-28 20:43:14,2026-05-28,PRD-9TPEV7XGJPZY,CLI-PQXKXU6FW2LI,Transfer,,3744.7,USD,,Web,,,,México,,Approved,00,False,20.41,,
TRX-YQ1WAKNDJYYULAXG57XN,2026-05-28 06:03:03,2026-05-28,PRD-KPF3XGUOMMQQ,CLI-QH4HOEPX9OXX,Payment,Entertainment,108170.5,ARS,309.06,Web,,,,Argentina,Mendoza,Approved,00,False,23.21,,
TRX-HJVOIOXHNI8Y4WC8ALB2,2026-05-29 00:07:18,2026-05-28,PRD-8YFWQPNMAOXN,CLI-41OQNOR4RVXN,Transfer,,9357.85,USD,,POS,,,,México,Querétaro,Approved,00,False,0.0,,
TRX-AXWZMT1LAV109RLN6IGM,2026-05-28 13:59:16,2026-05-28,PRD-8WHP4H6MS7YS,CLI-AFTW8R07WSP6,Withdrawal,,376564.52,COP,94.14,POS,,,,Colombia,Cartagena,Approved,00,False,17.76,,
TRX-DFS2XHO7YPVRHD0TYZMZ,2026-05-28 17:29:00,2026-05-28,PRD-1AKNA9B1HTFA,CLI-NQ2PG2G78157,Payment,Food,18363.96,ARS,52.47,POS,,,,Argentina,Mendoza,Approved,00,False,29.13,-35.3514731,-59.3115099
TRX-P9QFDIKXU66V9ZF373U3,2026-05-29 03:32:09,2026-05-28,PRD-IZOM8EUMZI2K,CLI-3QDZVDGKKFPU,Adjustment,,189314.2,ARS,540.9,ATM,SUC-K32WS6T0,,,Argentina,La Plata,Declined,51,False,17.36,,
TRX-DVQ7II6W5XBFIMAEZ33Z,2026-05-28 21:40:54,2026-05-28,PRD-7RJDX059DL2P,CLI-RHX2Z64MHHMY,Adjustment,,198614.7,ARS,567.47,App,,,,Argentina,Rosario,Approved,00,False,22.36,,
TRX-RS98NQLS8OLDU9MY0E6Y,2026-05-28 16:40:48,2026-05-28,PRD-NGS6YA4GJ72L,CLI-UES286G67AM7,Adjustment,,251965.93,ARS,719.9,ATM,SUC-7TUK3JBL,,,Argentina,Rosario,Approved,00,False,19.69,-34.7021674,-58.5394203
TRX-D00FVRYR4TIG28G4YNCM,2026-05-28 19:29:57,2026-05-28,PRD-8BDYXPXW1TUB,CLI-4I32W41YM6VH,Purchase,Transport,25.34,USD,,ATM,SUC-YIS5JECV,Taxi Seguro,Transport,México,Monterrey,Approved,00,False,19.68,,
TRX-R8XRHT815CQ7OZ8JMTKS,2026-05-28 20:58:34,2026-05-28,PRD-RT5IAUQBS0YV,CLI-16F787QFGL4O,Payment,Entertainment,545865.75,ARS,1559.62,ATM,SUC-OJAQW0AJ,,,Argentina,Rosario,Approved,00,False,14.94,,
TRX-WKJ3JAG4650I2J8FPB0J,2026-05-29 03:55:23,2026-05-28,PRD-GSXV8CL26VCD,CLI-3DJ7Y71IZJ2L,Payment,Food,870.8,USD,,ATM,SUC-P5YISP64,,,México,Querétaro,Approved,00,False,23.76,-0.2795499,-0.5814644
TRX-90JIJ921KS808M240XZ8,2026-05-28 13:13:44,2026-05-28,PRD-3M4LMGGJQK2U,CLI-RAVYZX3ML0HP,Payment,Food,476.34,USD,,ATM,SUC-KX44GJKB,,,México,Querétaro,Approved,00,False,17.17,0.2405591,0.4170863
TRX-3KZFLPSJ4FENEBX6B2AF,2026-05-28 19:35:07,2026-05-28,PRD-6EZ0N4IBE8DC,CLI-K55PXNJKOASZ,Adjustment,,87.84,USD,,POS,,,,México,Puebla,Approved,00,False,20.38,-0.7269743,-0.2260104
TRX-7BPFBECNB5N7EH5225R7,2026-05-28 22:30:16,2026-05-28,PRD-AFG054RRFR3A,CLI-WLW2UXZELNPO,Transfer,,1285.6,USD,,App,,,,México,Tijuana,Approved,00,False,14.99,,
TRX-K0EBR6UON6NG4OGGWF5K,2026-05-28 11:36:36,2026-05-28,PRD-MNOJ3ZOA33GX,CLI-ZEMWUPPQ3QHT,Payment,Entertainment,237814.77,ARS,679.47,Web,,,,USA,Miami,Approved,00,False,28.65,,
TRX-CS28QBS5O4BTKAS3TUSD,2026-05-28 15:06:44,2026-05-28,PRD-YJZAIOEPIYXJ,CLI-9OZFJ3CAZGKT,Deposit,,2665.13,USD,,ATM,,,,México,Tijuana,Approved,00,False,12.0,,
TRX-8RFR5U9Z0E5653D9H0U2,2026-05-28 21:50:54,2026-05-28,PRD-F04HHOUR31OB,CLI-HVMAEC4V6ZBV,Purchase,Health,409.13,USD,,POS,,Laboratorio Central,Health,México,Tijuana,Reversed,54,False,19.09,,
TRX-J05TM3K353NFBYFMS1FM,2026-05-28 22:03:19,2026-05-28,PRD-LMGY5S6RFZMW,CLI-XWJQVFCHO5CZ,Withdrawal,,214.38,USD,,ATM,SUC-XSMNXFJN,,,México,Tijuana,Approved,00,False,,,
TRX-AYVOX3M3ZIT8JKIQ1X9E,2026-05-28 11:22:19,2026-05-28,PRD-6JHE0LFQYKDC,CLI-F9TNX1HI8JSN,Payment,Other,3772422.28,COP,943.11,ATM,SUC-2QR0HN01,,,Colombia,Bogotá,Approved,00,False,25.8,,
TRX-NSW86QMBL9ERAKR6APMN,2026-05-28 16:18:16,2026-05-28,PRD-9MC61RJ4LRMZ,CLI-DVCWR64RYNI0,Purchase,Other,104.91,USD,,Web,,Centro Comercial,Other,México,Puebla,Approved,00,False,23.22,,
TRX-Y0ZR5HR6MDAGCOCYL0TN,2026-05-28 23:03:01,2026-05-28,PRD-8H13W5D8IXGY,CLI-3WY6ZNQR49L3,Withdrawal,,216.99,USD,,App,,,,México,Guadalajara,Approved,00,False,21.65,,
TRX-HDMJ0UDE4GFWF051ZN1J,2026-05-28 13:24:43,2026-05-28,PRD-LVLSDASUJPQJ,CLI-PJG26NGUGTAM,Purchase,Health,360.77,USD,,POS,,Clínica Médica,Health,Brazil,São Paulo,Approved,00,False,28.69,,
TRX-N130YPSZDPG4M4E2NBAG,2026-05-28 11:06:34,2026-05-28,PRD-H7KCE8LPW89X,CLI-JMGAULRYBQGO,Payment,,1963.11,USD,,Transfer,,,,México,Querétaro,Approved,,False,,,
TRX-LZWNSHLES7CUJF9ZN302,2026-05-28 15:00:29,2026-05-28,PRD-89Y1QNCETC29,CLI-3QTESKZCZGUB,Transfer,,236.41,USD,,ATM,SUC-UH461R09,,,Brazil,Rio de Janeiro,Approved,00,False,9.23,,
TRX-8TXUYW6XBPNXGEZBEOL4,2026-05-28 20:10:33,2026-05-28,PRD-CK9U7LCCETRV,CLI-LFHZNHT018PE,Transfer,,3423055.43,ARS,9780.16,POS,,,,Argentina,La Plata,Approved,00,False,0.2,-35.4222054,-57.5162398
TRX-BQCTZJ6MARWV4WOBVPPD,2026-05-28 18:57:29,2026-05-28,PRD-15AWV8802NGG,CLI-TINE9VZ20IO3,Withdrawal,,330.54,USD,,ATM,SUC-COPO2MJ8,,,Colombia,Cali,Approved,00,False,4.73,,
TRX-D63Z1EUIB6NTYMJYMHSA,2026-05-28 19:51:06,2026-05-28,PRD-SZTOUEXSFWYB,CLI-08YQM0BNF5FE,Payment,Food,642808.11,ARS,1836.59,ATM,SUC-ISVYMZP9,,,Argentina,,Approved,00,False,13.83,,
TRX-IO3QUMC03RHNLM4XNKQ4,2026-05-28 09:35:49,2026-05-28,PRD-7H7CRUAS3G6N,CLI-ULQ5W4XYYSO0,Purchase,Other,1834004.04,COP,458.5,ATM,SUC-ZCLZ4UQA,Tienda General,Other,Colombia,Barranquilla,Approved,00,False,9.27,,
TRX-27SMUDWGLR6W93EBXCQB,2026-05-28 22:33:10,2026-05-28,PRD-B0K6HM33PMZK,CLI-8RWB7IIQGMPL,Withdrawal,,231.23,USD,,POS,,,,México,Querétaro,Approved,00,False,,,
TRX-L2IXSLEV9H1Z6UYTTE1S,2026-05-28 23:18:09,2026-05-28,PRD-91DRLP05MQIV,CLI-0CD10E7SDQL3,Withdrawal,,136.31,USD,,App,,,,México,Guadalajara,Approved,00,False,18.56,,
TRX-EA7NMMWQRDB3HKP4O05V,2026-05-28 23:01:43,2026-05-28,PRD-8MODOQ9YGZK5,CLI-0UE76BLVKQ61,Purchase,Services,52.43,USD,,ATM,SUC-8P0IDMOM,Empresa Telefónica,Services,México,Querétaro,Approved,00,False,27.47,,
TRX-43FMDXCA6BIU9N6CLXCF,2026-05-28 22:23:43,2026-05-28,PRD-R1C028EGCNGU,CLI-H1RYTO3PL5JR,Payment,Food,224295.5,ARS,640.84,POS,,,,Argentina,Buenos Aires,Approved,00,False,16.39,,
TRX-XK9FCCM79IJD8VV6RDAM,2026-05-28 17:57:44,2026-05-28,PRD-98BS0ARW1626,CLI-CU19UHU2JQHM,Transfer,,26289730.17,COP,6572.43,ATM,SUC-P44GDIDS,,,Colombia,Cali,Approved,00,False,,5.5774061,-74.662524
TRX-HDE3WJ98Q96Y9S1A1FHO,2026-05-28 20:11:02,2026-05-28,PRD-YAB9GUPS7EW3,CLI-WKHHZ096501N,Payment,Services,322.84,USD,,App,,,,México,Querétaro,Approved,00,False,22.29,,
TRX-RY7WUOLM1UAHZVGCK5P5,2026-05-28 18:17:07,2026-05-28,PRD-33L7GA7YUT6P,CLI-EFTWP6OZ6JRR,Transfer,,1335.03,USD,,ATM,SUC-PJ6NDQ6K,,,México,Ciudad de México,Approved,,False,,,
TRX-Y74IXTHTIEHB98EB2UM5,2026-05-28 07:52:44,2026-05-28,PRD-ZQ4NGFLCSJTD,CLI-TSGORPFI3R6Z,Withdrawal,,523138.56,COP,130.78,App,,,,Colombia,Cali,Approved,00,False,5.33,,
TRX-E7VZ4V28FPWCKQ56R6I7,2026-05-28 09:06:36,2026-05-28,PRD-6OE03PAN55LC,CLI-Z35Y1NYVTZ56,Transfer,,6119.34,USD,,ATM,SUC-JQ7BZNFI,,,USA,Miami,Approved,00,False,9.03,,
TRX-XYRHVXQ1IFP3ED5GFRUE,2026-05-29 00:45:02,2026-05-28,PRD-0D9GRX9R3ZPE,CLI-X31QEYDFWY8E,Purchase,Services,24.94,USD,,POS,,Internet Plus,Services,México,Puebla,Approved,,False,19.64,-0.1693185,
TRX-B95D5VKCRI0REPFZFD0U,2026-05-28 13:30:26,2026-05-28,PRD-M8QDBKTBW1OE,CLI-CU2AYKWBGZEG,Purchase,Transport,1742575.26,COP,435.64,Web,,Taxi Seguro,Transport,Mexico,Guadalajara,Approved,00,False,20.62,,
TRX-HZULO28B39KT2VOZER2L,2026-05-28 09:02:05,2026-05-28,PRD-U3C05R7U5WPZ,CLI-80UYOX9QQ6VW,Withdrawal,,162043.28,ARS,462.98,Branch,SUC-IPX8M3BR,,,Argentina,Rosario,Approved,00,False,,,
TRX-4YWMNL1JHJSSKEWLGYHA,2026-05-28 10:03:56,2026-05-28,PRD-8KO2K7E392IQ,CLI-CIVZ3K3VQZ0R,Purchase,Other,70716.67,ARS,202.05,App,,Ferretería,Other,USA,Los Angeles,Approved,00,False,,,
TRX-V7MN2EKMIETMYJC6KKGL,2026-05-28 12:12:51,2026-05-28,PRD-57DRJWJ1E7PV,CLI-84IEIM0WY079,Deposit,,1053712.12,ARS,3010.61,Web,,,,Argentina,Rosario,Declined,05,False,7.44,,
TRX-ONXFZNAMX5410P6P1BAK,2026-05-28 18:46:21,2026-05-28,PRD-4SCKQ1AUR85J,CLI-S6Z9LOZZZVJS,Transfer,,9231263.98,COP,2307.82,POS,,,,Colombia,Cartagena,Pending,51,False,18.0,,
TRX-7T40KZ3161NGTVUY3MAA,2026-05-29 05:14:56,2026-05-28,PRD-W98A2E0Y6E7X,CLI-G27NQJLYR2OY,Withdrawal,,256.4,USD,,POS,,,,México,Ciudad de México,Approved,,False,19.29,0.0706727,-0.9710607
TRX-PIQMIQ0FTSW29XGP0B6D,2026-05-29 05:27:59,2026-05-28,PRD-NJQABAYZE4FM,CLI-JDU2MABZVRHQ,Withdrawal,,53910.05,ARS,154.03,Web,,,,Argentina,La Plata,Approved,00,False,8.78,,
TRX-7VPCBOD9K4UBNQNY63WC,2026-05-28 21:06:24,2026-05-28,PRD-42G9XQN5T1X3,CLI-4DHYBIOIBSCL,Payment,Other,1584.31,USD,,POS,,,,México,Querétaro,Declined,51,False,19.0,,
TRX-EKCFJCTSY3MH61NF6FK1,2026-05-29 00:06:46,2026-05-28,PRD-YNR1HWSKL53C,CLI-C8G0CX0UZNT8,Withdrawal,,347.12,USD,,App,,,,México,,Declined,54,False,,,
TRX-55IVPKL31OLQHYMUFJGL,2026-05-28 12:48:06,2026-05-28,PRD-1Q5B42IMV1ZU,CLI-ZK42WVPLUG1C,Withdrawal,,47426.92,ARS,135.51,POS,,,,Argentina,,Approved,00,False,6.47,,
TRX-IDSVUW6ZN0SIKQBU4D4L,2026-05-29 05:11:21,2026-05-28,PRD-GWV8N8W9FEA5,CLI-NL3I96YTCG7G,Purchase,Health,103.95,USD,,POS,,Óptica Visión,Health,México,Tijuana,Approved,,False,10.32,,
TRX-K4ZIMMIEGYYM67F1FNWN,2026-05-28 15:36:40,2026-05-28,PRD-HZUSXMD8UB0W,CLI-3U6WDOCGW77O,Purchase,Entertainment,33.35,USD,,App,,Teatro Nacional,Entertainment,México,Ciudad de México,Approved,00,False,18.66,,
TRX-LTM29HOTCMEPC4HHGWBC,2026-05-28 17:48:45,2026-05-28,PRD-4MI15THBNDYR,CLI-G40LT7CZL94X,Withdrawal,,472.16,USD,,App,,,,México,Monterrey,Approved,00,False,,,
TRX-069FLBMZWMBDO1KJSX74,2026-05-28 15:07:11,2026-05-28,PRD-DW4SUOP4UCK3,CLI-IQ8OODK27JZL,Purchase,Services,65586.3,ARS,187.39,ATM,SUC-2T5PUX8Q,Internet Plus,Services,Argentina,La Plata,Approved,00,False,4.77,,
TRX-QFDIR95OQ6FRZ38CLID5,2026-05-28 10:35:00,2026-05-28,PRD-EJS26C9UG6QW,CLI-1VVUQ2GNJ31I,Withdrawal,,343.76,USD,,POS,,,,México,Ciudad de México,Approved,00,False,21.34,,
TRX-QIEZOULPNC8NTAM96GJX,2026-05-28 22:59:05,2026-05-28,PRD-DR7F6UPK9YT0,CLI-KK2U9L0Z2KNH,Transfer,,315501.52,ARS,901.43,POS,,,,Argentina,Rosario,Declined,14,False,2.81,,
TRX-ZVLTMDTUUQXUJ33X4E87,2026-05-28 07:03:20,2026-05-28,PRD-J0MUOGRJKXR9,CLI-EX7Y2QOYYSPG,Payment,Services,2690476.89,COP,,POS,,,,Colombia,Cali,Approved,00,False,28.27,,
TRX-D2E6O74VQLR7IAHHKD14,2026-05-28 07:30:14,2026-05-28,PRD-7P1OCBRCNQ1X,CLI-9KKRI880CZZF,Withdrawal,,109.84,USD,,App,,,,Argentina,Buenos Aires,Approved,00,False,,,
TRX-C2UW52CFPV08BB6K8OSH,2026-05-28 13:16:57,2026-05-28,PRD-O9D0A7IWDAR3,CLI-67JGBLLSISV7,Transfer,,38676806.68,COP,9669.2,POS,,,,Colombia,Cali,Approved,00,False,11.96,5.4232614,-74.9905158
TRX-G3UUXGHGFD8TDSUHB98U,2026-05-29 05:04:56,2026-05-28,PRD-6LEE0G69CHX0,CLI-8KQWJTYE4F37,Withdrawal,,254.55,USD,,Web,,,,México,Puebla,Approved,00,False,0.88,,
TRX-IA8DU44IV8IVDJXVG3CE,2026-05-29 05:45:01,2026-05-28,PRD-8B2Z7ASR3ZNO,CLI-HU4KNPAD7SJQ,Withdrawal,,28548.67,ARS,81.57,ATM,SUC-5XWR79HW,,,Argentina,Mendoza,Approved,00,False,11.3,,
TRX-XRE5W9C24RY01ANFSZTY,2026-05-28 09:25:16,2026-05-28,PRD-ICIGLDEWRZD1,CLI-FQJB5HJ483BY,Payment,Health,1268.98,USD,,Web,,,,México,Guadalajara,Approved,00,False,,,
TRX-T102GNZEAH6MPUU3SCYF,2026-05-29 02:52:17,2026-05-28,PRD-69TN3EC2LR9F,CLI-OOLFCQLTLFW3,Withdrawal,,701655.27,COP,175.41,ATM,SUC-FF1CG8O5,,,Colombia,Cartagena,Approved,00,False,2.92,,
TRX-ARITNJ47PMASL8M7CFJ6,2026-05-28 18:10:25,2026-05-28,PRD-BXDMKEEGH5CU,CLI-KB896MY22OY6,Deposit,,3718562.37,COP,929.64,App,,,,USA,New York,Approved,00,False,2.46,,
TRX-BLA4J8K13XVP8F1D10DR,2026-05-28 20:01:49,2026-05-28,PRD-DCQEUJHGFNMS,CLI-NUABXV86Y2VW,Deposit,,1751.19,USD,,App,,,,México,Guadalajara,Approved,00,False,12.61,,
TRX-P32K4JS844IHN35A9NOT,2026-05-28 06:23:50,2026-05-28,PRD-SDHJLJRM8Q7V,CLI-19ZS67JMU1YL,Adjustment,,949.85,USD,,Web,,,,México,Guadalajara,Approved,00,False,4.59,,
TRX-ZRNAWOSJ1OKOBVG2IA0C,2026-05-28 19:55:12,2026-05-28,PRD-JF0ETWC4TZOY,CLI-SS6CUVCZ2IND,Withdrawal,,325.76,USD,,POS,,,,México,Querétaro,Approved,00,False,27.27,,
TRX-D8XTS2MRZKB2GB5DIOSO,2026-05-28 21:45:08,2026-05-28,PRD-J25VEZX4MS28,CLI-6NF8TEISM9Q2,Transfer,,15943686.23,COP,3985.92,POS,,,,Colombia,Barranquilla,Approved,,False,4.58,,
TRX-EW45T021XIXVNKEHESWJ,2026-05-28 18:19:22,2026-05-28,PRD-L98EIV3N7X5X,CLI-B2IYAI2WM2RM,Withdrawal,,197.49,USD,,ATM,SUC-YOXS8L6B,,,México,Guadalajara,Approved,00,False,29.32,,
TRX-PT8L7O7FYBV0THIABH1R,2026-05-29 05:34:10,2026-05-28,PRD-PLQIP6ZJJVV9,CLI-9Y7GD7VBRGWY,Payment,Food,386710.1,ARS,1104.89,ATM,SUC-5YFUX3Z6,,,Argentina,Mendoza,Approved,00,False,11.07,,
TRX-ZB7YOEBFWBM441BO5CN2,2026-05-28 08:32:37,2026-05-28,PRD-16ONHM5LGZTH,CLI-QK9DG9XNWEN4,Purchase,Other,210.97,USD,,ATM,SUC-84HXKY7Q,Centro Comercial,Other,Colombia,Bogotá,Approved,00,False,14.32,4.1111402,-74.9344985
TRX-2UM6LV2IBZE871HH3CMU,2026-05-29 01:36:51,2026-05-28,PRD-LCQ00LMLLPTJ,CLI-XK27AGRDHG4J,Purchase,Services,54.18,USD,,POS,,Internet Plus,Services,México,Ciudad de México,Approved,00,False,18.82,,
TRX-MK83DOX2PJXNO4NFP764,2026-05-29 04:38:58,2026-05-28,PRD-L9XYVF33I5HO,CLI-MZGYKD8XOO06,Withdrawal,,801478.58,COP,200.37,ATM,SUC-GPHM9NB1,,,Colombia,Cartagena,Approved,00,False,9.74,3.942739,-74.6664806
TRX-Z8LFRIAL2WXPB102Q5ME,2026-05-29 01:26:19,2026-05-28,PRD-ZOHD0JXBKER0,CLI-NDNPIIOZY8MI,Purchase,Food,239973.97,COP,59.99,POS,,Super Ahorro,Food,Colombia,Cali,Approved,00,False,10.7,,
TRX-16R1JBQ3G7RGLZX3YPBC,2026-05-28 10:20:58,2026-05-28,PRD-PNYJEWJ93DTJ,CLI-BF0QXNKGLQFJ,Withdrawal,,12635.75,ARS,36.1,POS,,,,Argentina,Mendoza,Approved,00,False,20.56,,-58.569857
TRX-6JJ4EHL5Y1VGZ5BS1OQC,2026-05-28 14:19:41,2026-05-28,PRD-LKFZSF5CIP5I,CLI-44Q6GN807XLS,Purchase,Health,383.04,USD,,Transfer,,Clínica Médica,Health,Argentina,Córdoba,Approved,,False,27.96,,
TRX-EIHK9MP2R83C6F1QKYM5,2026-05-28 21:28:06,2026-05-28,PRD-B7K1HYH2D1KF,CLI-C6RAXCZ25YN1,Purchase,,380.29,USD,,ATM,SUC-YOXS8L6B,Cable TV,Services,México,Tijuana,Approved,00,False,,,
TRX-4WOLH4TEQ851XM23DBTZ,2026-05-28 14:20:36,2026-05-28,PRD-IURTY9QWA2LH,CLI-HEVFQ8W3NLOV,Adjustment,,874.89,USD,,ATM,SUC-Z7426PZT,,,México,Tijuana,Approved,00,False,4.0,0.369366,-0.3543131
TRX-1OMB54BIM3DA2Y2WJPRN,2026-05-28 12:55:57,2026-05-28,PRD-M08B1SZQ27OC,CLI-6VUHYQQ5Z7XB,Purchase,Health,218.95,USD,,ATM,SUC-337QKO7D,Laboratorio Central,Health,México,Querétaro,Approved,00,False,6.42,,
TRX-ZL2424FDU02Q6UOHMTO7,2026-05-28 18:41:38,2026-05-28,PRD-B9S9OAGTILZZ,CLI-9B089ZM4X7UQ,Purchase,Other,824601.31,COP,206.15,ATM,SUC-A1FLMPEF,Tienda General,Other,Colombia,Cali,Approved,00,False,,4.8163828,-74.7707862
TRX-X0NG23L04UNG61AK7IJQ,2026-05-28 21:19:51,2026-05-28,PRD-U99WYG3EE4U8,CLI-NTTIQ3WBLEZW,Payment,Health,743875.6,COP,,Web,,,,Colombia,Medellín,Approved,00,False,11.15,,
TRX-MGFYO1AGP7T58XW9CVZE,2026-05-28 15:58:00,2026-05-28,PRD-9PYY21VG551U,CLI-UX2ULXHWSVFG,Transfer,,306.59,USD,,ATM,SUC-QTWR8S76,,,México,Querétaro,Approved,00,False,,,
TRX-GH9IQ1VQXSGT8XMUM7AM,2026-05-28 07:08:21,2026-05-28,PRD-IQ5M7PQK89LD,CLI-ZB5WXZG0AIT6,Payment,Transport,2125440.39,COP,531.36,Web,,,,Colombia,Barranquilla,Approved,00,False,21.77,,
TRX-0N7XABNUF9DK67U56EDV,2026-05-28 16:16:20,2026-05-28,PRD-ZNGB5ENXXHHJ,CLI-Q2C0CI08GBJU,Adjustment,,3984014.5,COP,996.0,POS,,,,Colombia,Cali,Approved,00,False,10.91,,
TRX-V8NAL1JDIGQX3HI6FQ60,2026-05-28 21:24:47,2026-05-28,PRD-JYJ655TBY3MC,CLI-KJE22JJ7HGFM,Purchase,Services,866164.45,COP,,App,,,Services,Colombia,Medellín,Approved,00,False,,,
TRX-FEHOS9YU4YMRXIDQDSUQ,2026-05-29 02:34:37,2026-05-28,PRD-7OK8XZFGHADT,CLI-20ZUJNH2E3TF,Deposit,,14418134.84,COP,3604.53,ATM,SUC-X57ITSKO,,,Colombia,Cartagena,Approved,,False,27.95,5.7098544,-74.3213404
TRX-3E0WL7W9NBNCCE5VUNMO,2026-05-29 04:25:52,2026-05-28,PRD-G6WMOWWUU23J,CLI-KK3KEPPZYOB4,Withdrawal,,776024.23,COP,194.01,App,,,,Colombia,Bogotá,Approved,00,False,28.85,,
TRX-5XRNJPVZY1FV354NWJ98,2026-05-29 04:57:35,2026-05-28,PRD-V61V4NJQ0AC7,CLI-O9UOTUUBWAK1,Transfer,,1695.07,USD,,ATM,SUC-4HF4J8KO,,,México,Puebla,Approved,00,False,25.39,-0.0625703,0.1013201
TRX-GJQTX0R98HILTP1CCI5R,2026-05-28 20:22:58,2026-05-28,PRD-G5OU736OKQS1,CLI-I88EKBHYBMV2,Payment,Food,1066.38,USD,,POS,,,,México,Monterrey,Approved,,False,2.59,,
TRX-2IAR9T4N7YKSC5YLLOFN,2026-05-29 00:28:45,2026-05-28,PRD-N6E6RYSYNIYZ,CLI-IYZ8RAYG0LFT,Purchase,Services,60.51,USD,,ATM,SUC-CUMTPAM3,Servicios Públicos,,México,Querétaro,Approved,00,False,28.96,,
TRX-LYANE35UG7DCK8J78GX5,2026-05-28 14:29:03,2026-05-28,PRD-4RBFGPW6RB3B,CLI-LQKYBEVNRW5F,Payment,Transport,343.14,USD,,ATM,SUC-M8AEJ2A4,,,México,Puebla,Approved,00,False,,,
TRX-F9D30DU4PQ9VFYDC50B5,2026-05-29 02:54:13,2026-05-28,PRD-0JKRIF292HP5,CLI-SOIQFIE16KQH,Purchase,Food,309.61,USD,,Transfer,,Restaurante El Buen Sabor,Food,México,Querétaro,Approved,00,False,,,
TRX-WTFC17A3CJ6U6VT5KEDO,2026-05-28 15:54:13,2026-05-28,PRD-42ZFNAMMIZ73,CLI-65BEJH84KBQ2,Withdrawal,,226.33,USD,,Web,,,,México,Monterrey,Declined,51,False,21.87,,
TRX-6P7P0DHXXENPCT6WFIFO,2026-05-28 12:24:53,2026-05-28,PRD-GK4IYO5R2C25,CLI-GU8X0GSRER5J,Deposit,,1220094.56,ARS,3485.98,POS,,,,USA,Miami,Approved,00,False,25.96,-34.3974743,-58.9829352
TRX-DK9N4B9QOSVZPJ5GEP0I,2026-05-28 15:01:31,2026-05-28,PRD-RPUI78HFFFRA,CLI-LZCW465I36Z3,Payment,Food,993.75,USD,,ATM,SUC-8QU1XFUX,,,México,Monterrey,Approved,00,False,2.11,,
TRX-HXE8RRGOXXD2YC9P70O8,2026-05-28 10:50:26,2026-05-28,PRD-DSI329O2JBM2,CLI-IJBJL6B0I5IG,Purchase,Food,420.01,USD,,POS,,Tienda Don José,Food,México,Querétaro,Approved,00,False,,,0.6994334
TRX-ILMJYS2UQHI5L6P4BH64,2026-05-28 11:12:19,2026-05-28,PRD-XIID64R6D87G,CLI-2PKE6J1ELFZY,Transfer,,2713807.16,ARS,,Branch,SUC-GKQAVGPP,,,Argentina,La Plata,Approved,00,False,,,
TRX-EXI40YPRFK2M3FPPAE41,2026-05-28 19:42:47,2026-05-28,PRD-88X2QUHNFJ92,CLI-2UCLG3CFR1TR,Deposit,,1486174.25,ARS,4246.21,Web,,,,Argentina,Mendoza,Approved,00,False,,,
TRX-3UNGEDZ5IMKJ6WI2T6EO,2026-05-28 14:24:32,2026-05-28,PRD-IXV9YZSJIPPX,CLI-73K42S86VPTV,Deposit,,12813623.43,COP,3203.41,App,,,,Colombia,Cali,Declined,54,False,3.72,,
TRX-5718AUM5OCN1YXFRAEW2,2026-05-28 16:58:29,2026-05-28,PRD-FUJZ7W2XCC9Y,CLI-SZ3WT1U8FKR9,Payment,Other,1682.32,USD,,Web,,,,México,Ciudad de México,Approved,00,False,23.31,,
TRX-AOZULOFKS9X5A7SXVA5G,2026-05-28 08:02:54,2026-05-28,PRD-XL558U65LXGK,CLI-M90YQU9GLTLH,Transfer,,4850.2,USD,,App,,,,Spain,Valencia,Approved,00,False,25.83,,
TRX-GAFWFGYENOQDNKUU9R5C,2026-05-28 18:53:48,2026-05-28,PRD-UDMXH4DHPD1A,CLI-MQMS8G9W0YDH,Withdrawal,,1325910.87,COP,331.48,App,,,,Colombia,Cartagena,Approved,00,False,0.08,,
TRX-B2JLPMX0IEO33PCELSXS,2026-05-28 10:49:03,2026-05-28,PRD-1AV94ABCFIIG,CLI-6P6B2Q948Y11,Purchase,Entertainment,264538.78,COP,66.13,ATM,SUC-RNGAMG7V,Streaming Music,Entertainment,Colombia,Cartagena,Approved,00,False,25.75,4.8492158,-73.102853
TRX-QKT2VRO4CYH4JWEYUJAU,2026-05-28 10:53:40,2026-05-28,PRD-98CMKGN1S9S5,CLI-Y57Q4HGNKLZY,Transfer,,16650112.49,COP,4162.53,ATM,SUC-YH0U3LVW,,,Colombia,Medellín,Approved,00,False,,,
TRX-TVVV211J1VL3JGE5WU1T,2026-05-28 21:53:21,2026-05-28,PRD-IL0YUEAXAUTD,CLI-3D86B48TR0Y2,Purchase,Food,101774.28,ARS,290.78,POS,,Super Ahorro,Food,Argentina,Mendoza,Declined,51,False,18.44,,
TRX-CWCXIDJY9QBD300EZ61Q,2026-05-28 20:26:03,2026-05-28,PRD-P6XE0WFLWZ1H,CLI-RTAUFHJDDVIM,Purchase,Transport,30.66,USD,,POS,,Uber,Transport,Argentina,Buenos Aires,Approved,00,False,17.22,-34.456414,-59.139135
TRX-55S0SCFSF96NM6RDZ86A,2026-05-29 03:55:43,2026-05-28,PRD-5E74AD1JK4GO,CLI-YF9TCJFY4I3H,Payment,Services,1048.9,USD,,POS,,,,México,,Approved,00,False,,,
TRX-QLUESB4ZN53519O2T8N8,2026-05-28 16:13:27,2026-05-28,PRD-H5PH3A692PJN,CLI-2ABSM0YCSI5F,Purchase,Food,20387.63,ARS,58.25,ATM,SUC-ZVFW3M23,Super Ahorro,Food,Argentina,Mendoza,Approved,00,False,10.2,,
TRX-OHENPKFMNZF3O410DG2Y,2026-05-28 20:10:30,2026-05-28,PRD-EFTQA3GEENOX,CLI-01U7SLTAS49I,Payment,Food,1983.25,USD,,App,,,,USA,,Approved,00,False,,,
TRX-XAQ1GSGOWAWYQ852GD5O,2026-05-28 19:16:08,2026-05-28,PRD-UWUVBVJBTD68,CLI-J4NSBWZSPXBF,Deposit,,2485.67,USD,,ATM,SUC-6V3PNVG9,,,México,Guadalajara,Approved,00,False,18.46,,
TRX-O7ZK8S83ZC0FYVDRMMYN,2026-05-28 22:28:58,2026-05-28,PRD-38Q3OQI5ZA98,CLI-KDXOIJGUU761,Transfer,,5080.65,USD,,App,,,,México,Puebla,Declined,14,False,28.73,,
TRX-N24R1HTSW53ZRQSCLGH3,2026-05-28 23:13:05,2026-05-28,PRD-SXQWNW1YAZF6,CLI-WK8NB3C3EXP0,Purchase,Transport,97612.23,ARS,278.89,ATM,,,Transport,Argentina,Mendoza,Approved,00,False,3.67,,
TRX-S761C5X1ANJUGUQN1JJ4,2026-05-28 12:26:16,2026-05-28,PRD-Y1K7PK27DEDC,CLI-ZH1JG7I7VJYS,Deposit,,11504933.61,COP,,Web,,,,Colombia,Cali,Approved,00,False,,,
TRX-MPJTS0DWI8LAB9J288FV,2026-05-28 09:09:57,2026-05-28,PRD-ZGSE2TAQSQHG,CLI-EHM90SAIJ9U2,Payment,Food,5411117.63,COP,1352.78,ATM,SUC-4IFX1CUR,,,Colombia,Cartagena,Approved,00,False,28.3,,
TRX-H6TOL5IFWWU47DTP30MU,2026-05-28 17:11:47,2026-05-28,PRD-FI5VGX6GGI4J,CLI-TH25TSE1LGNT,Withdrawal,,141989.43,ARS,405.68,Web,,,,Argentina,Mendoza,Approved,00,False,27.16,,
TRX-9N2N24JKBG84ZBYF7NN2,2026-05-28 10:13:20,2026-05-28,PRD-O1TTVL18H8XV,CLI-L826JP3XCKKV,Payment,Other,1938.48,USD,,ATM,SUC-KX44GJKB,,,Colombia,Barranquilla,Approved,,False,14.57,,
TRX-B98OOQIIZ8PO6LV1A2RW,2026-05-28 12:12:11,2026-05-28,PRD-3CM4CMJF8T1A,CLI-3SPKUDIXDLLS,Deposit,,4619.63,USD,,App,,,,México,Monterrey,Approved,00,False,,,
TRX-9W1OTOBNME20YWU0OE9A,2026-05-28 08:35:59,2026-05-28,PRD-K1UNNDWF0ULM,CLI-CBZIOEUHJR83,Deposit,,721.55,USD,,ATM,,,,México,Puebla,Approved,00,False,18.0,0.3824591,0.8923108
TRX-RYF3ZUR5ZVMCDXJQGBHO,2026-05-28 06:56:15,2026-05-28,PRD-IH5W67R0O6PJ,CLI-8GARHHO4MGJT,Withdrawal,,213.64,USD,,ATM,SUC-HYTTI82L,,,Argentina,Buenos Aires,Declined,14,False,12.57,,
TRX-8LDE1E9XCH3K02YZAV5P,2026-05-28 11:02:31,2026-05-28,PRD-TK4N423VTJ4U,CLI-5G77T63S1S59,Withdrawal,,139841.42,ARS,399.55,ATM,SUC-PJ3BSV1X,,,Argentina,Rosario,Approved,,False,19.57,-33.6425485,
TRX-VWH12A2Y0DUDU7FB1OIP,2026-05-28 19:24:43,2026-05-28,PRD-EUZ1QE3GKBMW,CLI-5SDFWW1KMD11,Withdrawal,,340.87,USD,,POS,,,,México,Querétaro,Approved,00,False,21.37,,
TRX-57G1MLK8RKX30YQBLY4G,2026-05-28 12:09:15,2026-05-28,PRD-D96TDGYS6ZED,CLI-WWWMV3Y3791O,Deposit,,4006.38,USD,,POS,,,,Spain,,Approved,00,False,28.72,,
TRX-K0M8XBTLA7L08OGG97WM,2026-05-28 19:44:39,2026-05-28,PRD-2XYX3XPQ6P96,CLI-DSI3A6FKMKSD,Purchase,Services,429.79,USD,,POS,,Cable TV,Services,México,Tijuana,Approved,00,False,8.91,,
TRX-N4087UULZUU8RP8HNMAO,2026-05-29 04:13:37,2026-05-28,PRD-G32FJOLB0SD3,CLI-USCICKOHRT1H,Deposit,,696.37,USD,,POS,,,,México,Guadalajara,Approved,00,False,5.88,0.8945428,0.1407139
TRX-AMR3F75O5EKJ1BBUG4A9,2026-05-28 11:48:13,2026-05-28,PRD-URDL58PCQI8B,CLI-W3I5JYE0S5TX,Payment,Transport,200.75,USD,,POS,,,,México,Guadalajara,Approved,00,False,,,
TRX-NSB3M888D84NB7QFDENN,2026-05-28 21:30:57,2026-05-28,PRD-KR3GF7TSWPKP,CLI-559KDZ50RO4X,Transfer,,2585.4,USD,,POS,,,,México,Querétaro,Declined,54,False,,,
TRX-DAKOO8P9WJ5V9G6FV8BA,2026-05-28 20:02:58,2026-05-28,PRD-8W834PRR2NPP,CLI-YS5IJQ4N3BKD,Deposit,,3610363.87,COP,902.59,POS,,,,Colombia,Medellín,Approved,00,False,5.75,,
TRX-2BA05P70GZ1PBUFELV2Y,2026-05-28 11:43:09,2026-05-28,PRD-XKPIG15C0P82,CLI-9YSFBVNPJ0GW,Transfer,,6137.12,USD,,ATM,SUC-337QKO7D,,,México,Ciudad de México,Reversed,14,False,26.62,,
TRX-UYJ5HN1FKOABE4AKX51J,2026-05-29 02:31:05,2026-05-28,PRD-3OY13VEZYB3C,CLI-9GQNV3OVOFRS,Transfer,,25023421.55,COP,6255.86,Web,,,,Colombia,Barranquilla,Approved,00,False,,,
TRX-PGNIAFCKFTEDHZ0DNJBD,2026-05-28 18:18:30,2026-05-28,PRD-EP4805NL0C13,CLI-F6KP2YUDA7UG,Deposit,,601.51,USD,,POS,,,,México,Querétaro,Approved,00,False,27.06,0.3092069,0.5033366
TRX-R9CXI4OA6J4YXRRPMHHH,2026-05-28 18:49:02,2026-05-28,PRD-KVWHC6VMIVTI,CLI-9RHCE9GFAHMI,Transfer,,2238.67,USD,,ATM,SUC-A9BJ48OP,,,México,Guadalajara,Approved,00,False,17.43,,
TRX-FQX1J9G91ZSVYQ75FB0B,2026-05-28 18:39:24,2026-05-28,PRD-XBH50SURW2E6,CLI-JJPUBRWJGBYE,Transfer,,25082560.15,COP,6270.64,POS,,,,Colombia,Barranquilla,Approved,00,False,13.0,,
TRX-RAUTUHMYON1V33BRWVNY,2026-05-29 03:02:42,2026-05-28,PRD-BXJ9NQA8H1GF,CLI-POQLG7GSDHAY,Withdrawal,,163868.53,ARS,468.2,App,,,,Brazil,Brasília,Approved,00,False,13.24,,
TRX-2Z912O3OX91KHAFYN74D,2026-05-29 05:32:06,2026-05-28,PRD-G0UELL5T8V0O,CLI-T36KEJ6HFBQO,Deposit,,808631.52,ARS,2310.38,POS,,,,Argentina,Buenos Aires,Approved,00,False,22.82,,
TRX-7HQMG57T666UCHT6RKUD,2026-05-29 03:46:37,2026-05-28,PRD-6QM1U20X11TW,CLI-T5WY1TF2RZU7,Deposit,,5834678.82,COP,1458.67,App,,,,Colombia,Medellín,Approved,00,False,13.62,,
TRX-P3DREBSZD85KV7VY2H8K,2026-05-28 19:39:31,2026-05-28,PRD-UW49WJDSUN7T,CLI-1P7OHAAKE760,Deposit,,2075.86,USD,,POS,,,,México,Ciudad de México,Approved,00,False,27.08,,
TRX-MHNCQ1MQWKYIY6DKPVN1,2026-05-28 11:32:12,2026-05-28,PRD-IRV93Q57HIKT,CLI-Y46N3R7PXHWT,Transfer,,2334908.17,ARS,6671.17,App,,,,Argentina,La Plata,Approved,00,False,8.14,,
TRX-4RKSVIWJASHI7QBH7IQZ,2026-05-28 15:41:44,2026-05-28,PRD-N718QJ6J9T41,CLI-WXN5QVUL107U,Transfer,,459.3,USD,,ATM,SUC-ISPO1DES,,,México,Guadalajara,Approved,00,False,12.46,,
TRX-LRWKGSX054QO03PZ1CNI,2026-05-29 05:33:22,2026-05-28,PRD-425162VSJLIQ,CLI-DSVUI6RE1VP2,Purchase,Transport,108114.9,COP,27.03,POS,,Taxi Seguro,Transport,Colombia,Barranquilla,Approved,00,False,29.76,,
TRX-WGO9CFDE7UC1WKHP1G37,2026-05-29 02:02:39,2026-05-28,PRD-B7CQB1P8LWAY,CLI-2ORWT6U4YXKN,Transfer,,6485.63,USD,,App,,,,México,Guadalajara,Approved,00,False,28.07,,
TRX-CSM59ZH3EP1GQPPFASMS,2026-05-29 02:11:05,2026-05-28,PRD-XJ1FBWU4X2YY,CLI-LONTVB77BCDR,Purchase,Food,121497.99,ARS,347.14,ATM,SUC-46JOBFMX,Super Ahorro,Food,Argentina,La Plata,Approved,00,False,26.58,,
TRX-FU743H74MKWFNL0MALE6,2026-05-28 23:03:24,2026-05-28,PRD-HNOKY7NAOSWX,CLI-89F1OE1FT4RP,Deposit,,1656239.25,ARS,4732.11,Web,,,,Argentina,La Plata,Approved,00,False,28.94,,
TRX-KBI7GGKB636FLNGTH9WN,2026-05-28 13:52:13,2026-05-28,PRD-9X95BBLDYKGM,CLI-T9K5B09O5VWJ,Deposit,,1359958.51,ARS,3885.6,POS,,,,Argentina,Mendoza,Approved,00,False,23.96,,
TRX-JLQI6020NVPQPO2SIMO8,2026-05-28 15:39:42,2026-05-28,PRD-SVNGVP8UMIAX,CLI-MT2O090HS4FL,Transfer,,530.65,USD,,POS,,,,México,Querétaro,Approved,00,False,3.99,,
TRX-184R1DS5PA6EBDO5PXUS,2026-05-28 20:32:59,2026-05-28,PRD-1RCL7CDYVTTA,CLI-NEISV01OUNW1,Withdrawal,,173552.57,ARS,495.86,App,,,,Argentina,Córdoba,Approved,00,False,7.89,,
TRX-YY69R7430Q3VJ6MSWS2R,2026-05-28 15:23:16,2026-05-28,PRD-CKV7QMQKCGMK,CLI-8IOIRS1N7V8C,Payment,Entertainment,300660.78,ARS,859.03,ATM,SUC-RRCPMD2D,,,Argentina,La Plata,Approved,00,False,,,
TRX-8X0RWPL1V194FLNVHO35,2026-05-29 03:57:59,2026-05-28,PRD-40GRQIS53ZAT,CLI-3ZEM0HQUGB1R,Deposit,,1363.25,USD,,POS,,,,México,Ciudad de México,Approved,00,False,1.48,,
TRX-RLW0DMTM3LRCG4ZO9LJ4,2026-05-28 17:19:14,2026-05-28,PRD-0VXQ5BM7308W,CLI-YJSORNB52JA9,Withdrawal,,1534318.13,COP,383.58,ATM,SUC-01J639PQ,,,Colombia,Cartagena,Approved,00,False,21.68,,
TRX-B2HBDAEBEMVYAGXUJEKV,2026-05-28 14:01:15,2026-05-28,PRD-M6W8Y62WNFYR,CLI-A6I963INZ6ZM,Withdrawal,,477.99,USD,,ATM,SUC-4ZFT9FN6,,,México,Puebla,Approved,00,False,19.65,,
TRX-UEUXJMXUWL7NVJGTMCL7,2026-05-28 22:05:28,2026-05-28,PRD-QEOU7E8VGEJW,CLI-RKUH06E6S0K0,Payment,Entertainment,1510.41,USD,,Web,,,,México,Puebla,Approved,00,False,,,
TRX-86EVKPOTM46TKBJIDRCM,2026-05-29 04:35:25,2026-05-28,PRD-YOWWTNYNYKQ5,CLI-8W4VW5MKWZG3,Transfer,,2019895.62,ARS,5771.13,Transfer,,,,Argentina,Córdoba,Approved,00,False,22.61,,
TRX-VOGQO5BV7LOJ0UI6GNSD,2026-05-29 02:23:45,2026-05-28,PRD-OP8A7FUABVAI,CLI-VC47FVR7KMMQ,Purchase,Entertainment,318.35,USD,,POS,,Cine Premium,Entertainment,México,Ciudad de México,Approved,00,False,16.67,,
TRX-KK888L5FYHB36F71FE8U,2026-05-28 16:01:16,2026-05-28,PRD-CJ9HYUH6YIME,CLI-B6M9WWJ3NTS1,Transfer,,6128.38,USD,,App,,,,México,Guadalajara,Approved,00,False,27.8,,
TRX-4AEAR67TBVEGZOK4WBHE,2026-05-28 10:53:01,2026-05-28,PRD-JSYEL5RDCGPG,CLI-2ORYE1OZB4WA,Payment,Other,7544840.38,COP,1886.21,ATM,SUC-01J639PQ,,,Colombia,Cartagena,Approved,00,False,,,
TRX-TQAVT9K1O1GRTDSF63SR,2026-05-28 09:11:42,2026-05-28,PRD-TMZYNWITKKEK,CLI-Y7IF8VSU0P42,Withdrawal,,316.15,USD,,Web,,,,México,Guadalajara,Approved,00,False,17.84,,
TRX-KXI2DU7R4P0O1V7MNOGK,2026-05-28 20:55:13,2026-05-28,PRD-UUIC1VBPKNMR,CLI-EFI3I41PWFJE,Purchase,,76.84,USD,,POS,,Estación de Servicio,Transport,México,Puebla,Approved,00,False,,,
TRX-SJDE4TW30G4041S3EP07,2026-05-28 18:30:24,2026-05-28,PRD-CSWDUN8URD04,CLI-6E53RDF1JX80,Purchase,Entertainment,736029.54,COP,184.01,ATM,SUC-GPTCLR0Q,Cine Premium,Entertainment,Colombia,Bogotá,Approved,00,False,20.94,4.6539466,
TRX-WFD6F6MZ0ICBB3QTPY0U,2026-05-28 23:27:12,2026-05-28,PRD-GDXDMH62D33B,CLI-DAF549OOTABY,Deposit,,540151.72,ARS,1543.29,ATM,SUC-7TUK3JBL,,,Argentina,Buenos Aires,Approved,00,False,28.07,-33.7189427,-58.2313962
TRX-QBSB2U3V9QDOQR8YQ5LC,2026-05-28 14:08:29,2026-05-28,PRD-7BV4SRA08OZ3,CLI-4ENK4EUINUZ0,Payment,Services,1038.03,USD,,App,,,,México,Ciudad de México,Approved,00,False,15.26,,
TRX-ZT9Q9ZNY6W9DOWPG1L3I,2026-05-28 21:50:29,2026-05-28,PRD-UYAVUEBID7DV,CLI-40TRJ1AT6SLE,Payment,Food,880.47,USD,,Web,,,,México,Guadalajara,Approved,00,False,29.25,,
TRX-J6P46QP00I0V252ROBDA,2026-05-28 08:23:50,2026-05-28,PRD-MAG7X61V7CWT,CLI-XM9J2TXBNCE9,Withdrawal,,174.18,USD,,App,,,,México,Guadalajara,Approved,00,False,22.98,,
TRX-B2IN0MZRW3RD5J7LMCY5,2026-05-28 11:52:37,2026-05-28,PRD-TDS4CEVA2FRW,CLI-MYB9V6TMQJ4R,Payment,Food,120259.42,ARS,,POS,,,,Argentina,Mendoza,Approved,00,False,17.52,,
TRX-VY9FA10Q0JA16OINGTI2,2026-05-28 20:25:23,2026-05-28,PRD-GMJ97K42D353,CLI-7Q9C3B67AV4U,Payment,Entertainment,1303.43,USD,,POS,,,,México,Puebla,Approved,00,False,,,
TRX-AD8EQ6VPENS1T7MD70GD,2026-05-28 18:10:08,2026-05-28,PRD-BDYZPNS62EV3,CLI-ZTTFKS4TJLHC,Withdrawal,,647590.55,COP,161.9,ATM,SUC-HTV8A64G,,,Colombia,Cartagena,Approved,00,False,6.27,,
TRX-9GSO1Q8EHF5826HTL2OJ,2026-05-29 03:49:33,2026-05-28,PRD-A2G03JGNFX40,CLI-TDS8IODLQWLB,Withdrawal,,383.24,USD,,ATM,SUC-BDUFJ6GZ,,,México,Ciudad de México,Approved,00,False,2.13,,
TRX-2CXY4VWPO1PJW19FF7ML,2026-05-28 20:01:16,2026-05-28,PRD-SMERRW5LWITA,CLI-RHCJ9KZOMAX5,Transfer,,4849.7,USD,,POS,,,,México,,Approved,00,False,2.79,-0.2153031,0.8664579
TRX-K8T7MEC7FJ2F7WW5YMOR,2026-05-29 00:38:53,2026-05-28,PRD-ACDGJ3UPTILM,CLI-AZDDNLXNZA1Q,Transfer,,1938183.7,ARS,5537.67,POS,,,,Argentina,,Approved,00,False,29.29,,
TRX-O7YWDS7PEUTPMFYHJAMT,2026-05-28 12:57:52,2026-05-28,PRD-ILHU1L83LGBL,CLI-GE4428VSGDG3,Payment,Other,296901.2,ARS,848.29,POS,,,,Argentina,La Plata,Approved,,False,14.34,,
TRX-68K8HC92TCELUJZV6T74,2026-05-28 20:03:23,2026-05-28,PRD-M4Y7JMVHAN0P,CLI-RE5Z7YE0MSGB,Transfer,,4806.13,USD,,ATM,SUC-7G8CGE3F,,,México,Tijuana,Approved,00,False,17.41,,
TRX-ZOEC91R3IYYOT0FYR5EM,2026-05-28 23:03:30,2026-05-28,PRD-XGTMRPDARAYE,CLI-44SADU9NME8K,Payment,Services,284.85,USD,,POS,,,,México,Querétaro,Approved,00,False,1.91,-0.4966093,-0.3890409
TRX-NNXQ2R1AJOXEKVGJD2H0,2026-05-29 05:08:38,2026-05-28,PRD-VX2SHWO3IF12,CLI-KT2KNAR05R0I,Deposit,,514.79,USD,,ATM,SUC-UB0LXRUU,,,México,,Approved,00,False,17.74,,
TRX-ZPX6Q8LE4VBKKAOBLHHJ,2026-05-28 08:55:51,2026-05-28,PRD-LOWYHH13XHML,CLI-OSQDXR6NW8JX,Payment,Services,508292.81,ARS,1452.27,ATM,SUC-Y7VHYCDG,,,Argentina,La Plata,Approved,00,False,,,
TRX-8M7E0SQ1YFU4AR1XWMNY,2026-05-28 15:11:49,2026-05-28,PRD-HAJQ18AH1NTB,CLI-V0W57TV5N8RI,Payment,Transport,1291.93,USD,,POS,,,,México,Tijuana,Declined,14,False,3.46,-0.6521669,-0.4905615
TRX-PUVHMOOGYOKAJ35LFWON,2026-05-28 14:50:23,2026-05-28,PRD-ARJOF5N0KO7Y,CLI-ZK3SUUQ64TLR,Purchase,Other,461.84,USD,,POS,,Boutique Moda,Other,Colombia,Cartagena,Approved,00,False,18.2,4.535766,-73.4104718
TRX-AQPM9FW79HUTPR18FDJ8,2026-05-28 15:16:24,2026-05-28,PRD-WW4JEMNEQVPG,CLI-657TGKPTRLXF,Purchase,Transport,169.03,USD,,POS,,Estación de Servicio,Transport,México,Guadalajara,Approved,00,False,9.21,,
TRX-2X2MFDYKTE4M9WFQ6YIP,2026-05-28 15:14:01,2026-05-28,PRD-XDBK4KWO73A7,CLI-E6F2HI7984N5,Payment,Food,283425.01,ARS,809.79,Branch,SUC-UUF77WSC,,,Argentina,Córdoba,Approved,00,False,11.79,,
TRX-Y13RUXT1JVKPH0USBTDU,2026-05-29 04:08:22,2026-05-28,PRD-TOW5JZF09BAB,CLI-4RX2W3D2DMZ5,Payment,Transport,1432.72,USD,,ATM,SUC-XEEDD28B,,,México,Tijuana,Approved,00,False,,,
TRX-U0HHAAO4UKJNQGU7OVXJ,2026-05-28 10:06:25,2026-05-28,PRD-P3YKN5YNF6MV,CLI-3B07H98IN6P5,Deposit,,1626.65,USD,,POS,,,,Argentina,Rosario,Approved,00,False,29.09,,
TRX-SZADYZTE6K2FZJ2JWL5I,2026-05-28 21:50:01,2026-05-28,PRD-F9HUTB3Q9UMG,CLI-ODKCQH48OXKG,Payment,Food,1102.84,USD,,Web,,,,México,Monterrey,Approved,00,False,27.54,,
TRX-HDA52JZJEXHN7J4FXLER,2026-05-29 01:35:38,2026-05-28,PRD-W0OXS1HQ2AEV,CLI-MSIEE2Y9410T,Purchase,Food,142.96,USD,,POS,,Restaurante El Buen Sabor,Food,México,Puebla,Approved,00,False,18.78,0.4592522,0.8822274
TRX-28IG36K34E5F82HW9LPQ,2026-05-28 22:16:52,2026-05-28,PRD-ZO8RLYK25VIF,CLI-QBZAZPX15RJC,Deposit,,11479892.03,COP,,ATM,SUC-DIHJMBN3,,,Colombia,Cartagena,Approved,00,False,1.4,,
TRX-WXBOPBD70LZEMK2PXS1K,2026-05-28 19:45:38,2026-05-28,PRD-PKTPY5E5JN81,CLI-U3BVE5REO0U9,Purchase,Services,1661573.11,COP,415.39,App,,Cable TV,Services,Colombia,Medellín,Approved,00,False,9.27,,
TRX-USRC2GJAC4WVCNQI0EYU,2026-05-29 04:09:02,2026-05-28,PRD-PTY10NBLZR0X,CLI-NGLD22GWUPWX,Withdrawal,,787741.02,COP,196.94,POS,,,,Colombia,Cartagena,Approved,00,False,15.83,4.5947778,-74.4950455
TRX-LHBWZ6XER0Z7BBX99NE0,2026-05-28 19:32:24,2026-05-28,PRD-BR7XA4OS5RCW,CLI-K4NWP41XXAFU,Purchase,Transport,17546.89,ARS,50.13,Web,,,Transport,Argentina,Mendoza,Approved,00,False,28.58,,
TRX-P2CUTCCJC52ZUAOU7XVL,2026-05-28 10:32:39,2026-05-28,PRD-X2R2YKHG5K36,CLI-PJAPKV8CHA5F,Withdrawal,,450.49,USD,,ATM,SUC-M8AEJ2A4,,,México,Monterrey,Approved,00,False,28.4,,
TRX-D95XDGTO3BLQ8TFWENME,2026-05-29 02:18:53,2026-05-28,PRD-KSDDMNWXPXD3,CLI-19GT2PBQ7Q1C,Withdrawal,,85464.12,ARS,244.18,ATM,SUC-RAI81ICG,,,Argentina,Córdoba,Approved,00,False,,,
TRX-VP6IPV2NKQH8SSY9W9VH,2026-05-28 23:19:53,2026-05-28,PRD-YKGBXMXMK8QB,CLI-NRLYPCUN9K6X,Withdrawal,,110.52,USD,,POS,,,,México,Tijuana,Approved,00,False,26.28,0.8557645,0.4710677
TRX-L1C1L7DTYM6JPIGGZFFB,2026-05-28 22:52:53,2026-05-28,PRD-X7VJF7GQ0C1K,CLI-V5E03B9W5D2G,Deposit,,4558.69,USD,,POS,,,,México,Puebla,Approved,00,False,14.77,,
TRX-BZIBTUM3KE3CC2QR4QJH,2026-05-28 13:56:24,2026-05-28,PRD-NU0WCSBNL913,CLI-NRP4BB00SAOC,Withdrawal,,326.9,USD,,POS,,,,México,Guadalajara,Approved,00,False,3.04,,
TRX-VIT8SUWWIF2GG9AAQ81U,2026-05-28 18:08:21,2026-05-28,PRD-84MFUYNA2580,CLI-C2JNJO7UQISJ,Purchase,Services,63739.17,ARS,182.11,POS,,Cable TV,Services,Argentina,Rosario,Approved,00,False,,,
TRX-Q8IQBPG6J92MY1W6G11V,2026-05-29 00:27:59,2026-05-28,PRD-QELE68SIVLV8,CLI-DCP1G1TUP37I,Payment,,360936.04,ARS,1031.25,ATM,SUC-7L3EZA71,,,Argentina,Buenos Aires,Approved,00,False,6.74,,
TRX-JE56FJ6ABAFOSU4HMZER,2026-05-28 10:38:09,2026-05-28,PRD-0O3UCY5STHOQ,CLI-RJYS6JKZRJPO,Adjustment,,759.14,USD,,Web,,,,México,Ciudad de México,Approved,00,False,28.7,,
TRX-4T23SG84SHH2IJE8W9ZQ,2026-05-28 18:40:21,2026-05-28,PRD-PDAN2ABSP5N8,CLI-SEICVLNOBNAO,Withdrawal,,106839.47,ARS,,ATM,SUC-V5DT47YR,,,Argentina,Córdoba,Approved,00,False,16.66,,
TRX-NGPFTPBAYDY4KC1IX73U,2026-05-28 11:09:48,2026-05-28,PRD-L54U5MOHAFA5,CLI-PVLXTLJ8VGAP,Transfer,,7327.69,USD,,ATM,SUC-Z39EOE70,,,México,Guadalajara,Approved,00,False,22.82,,
TRX-IU35V9CXZDHM9EKUP330,2026-05-28 13:35:09,2026-05-28,PRD-7V9K9JNQHMTO,CLI-RTP9TNPSWGOL,Deposit,,1231.73,USD,,Web,,,,México,Ciudad de México,Approved,00,False,13.03,,
TRX-X358XLASOQMW2L4UJE9V,2026-05-28 07:10:32,2026-05-28,PRD-6CM6ORX8MTX7,CLI-F4LLWNTJSQV7,Transfer,,32049844.56,COP,8012.46,POS,,,,Colombia,Barranquilla,Approved,00,False,,3.9723073,
TRX-40DM429D1XNNWJYY1H6B,2026-05-28 12:54:52,2026-05-28,PRD-FA8YY8CTTLKC,CLI-WNIWRTAG5EVI,Withdrawal,,1979874.32,COP,494.97,App,,,,Colombia,Cartagena,Approved,00,False,6.87,,
TRX-IOBTGIHX800451I15JMJ,2026-05-28 16:51:41,2026-05-28,PRD-SY8ET7M1U49R,CLI-UXRVKXX1YW5W,Transfer,,27204894.18,COP,6801.22,App,,,,Colombia,Cartagena,Approved,00,False,22.08,,
TRX-U8O6YMOP594KUP5IFEPT,2026-05-29 03:46:19,2026-05-28,PRD-0ZE5DKGZ86UX,CLI-3WROV6ADSDJB,Withdrawal,,173.29,USD,,ATM,SUC-JGJN78RV,,,México,Monterrey,Approved,00,False,17.91,,
TRX-O8XKVMFM4U5YDD9ITGNB,2026-05-29 03:20:48,2026-05-28,PRD-U78WNYT84O05,CLI-ZS7EGKV5T3R1,Purchase,Services,302238.03,COP,75.56,POS,,Internet Plus,Services,Colombia,Bogotá,Approved,,False,10.73,,
TRX-4QNUKVQP5JC6MQESRT3U,2026-05-28 13:41:10,2026-05-28,PRD-GOGPDVCF6VTY,CLI-6QV27UTCY9M6,Withdrawal,,123729.4,ARS,353.51,POS,,,,Argentina,Rosario,Approved,00,False,,-34.4922689,-59.1800775
TRX-N3WSIL396Z1VEV3HA0GX,2026-05-28 10:57:20,2026-05-28,PRD-9VHPOIYV397H,CLI-9OS6ZOY6N0W9,Withdrawal,,120182.53,ARS,343.38,ATM,,,,Argentina,Córdoba,Approved,00,False,0.83,-34.6198109,-58.0115457
TRX-W7MWR2T4Z8XH2JIG4DBB,2026-05-29 02:41:44,2026-05-28,PRD-IJD28CZIBLM1,CLI-H0IONW5NW07F,Withdrawal,,440.9,USD,,ATM,SUC-UBOAYTJG,,,México,Monterrey,Approved,00,False,11.44,,
TRX-LYF38ORNIZK8DAK5PUQI,2026-05-28 09:19:09,2026-05-28,PRD-1AKIIHNYHWDX,CLI-U0HK0P34OUWA,Withdrawal,,886327.02,COP,221.58,POS,,,,Colombia,Barranquilla,Approved,00,False,,,
TRX-11QVIP40ZU6EFHDQVYIL,2026-05-29 02:50:25,2026-05-28,PRD-VRD1RME9TQD4,CLI-YFSI017MZ983,Transfer,,5344225.01,COP,,POS,,,,Colombia,Cartagena,Approved,00,False,1.99,,
TRX-KI5HO2X44IWGEGCSKBW5,2026-05-28 06:00:29,2026-05-28,PRD-5BPBXN1BUQEK,CLI-83YGLZ13UN79,Withdrawal,,29480.23,ARS,84.23,Web,,,,Argentina,Buenos Aires,Approved,00,False,24.43,,
TRX-GI7E4C4C4PB3BXE1FGG9,2026-05-29 02:03:18,2026-05-28,PRD-858ZOU3I44NK,CLI-AEZSTFI2UMNL,Purchase,Entertainment,1683687.37,COP,420.92,ATM,SUC-DLYE60QN,Streaming Music,Entertainment,Colombia,Medellín,Approved,00,False,8.84,,
TRX-1ZS884MNN3L9J4FHCUWN,2026-05-28 14:23:47,2026-05-28,PRD-C1C3PIMRXITH,CLI-A89S1NGH0Z7M,Withdrawal,,298.06,USD,,POS,,,,Argentina,La Plata,Approved,00,False,18.09,,
TRX-VCKEOB6FIEOPX4CGQXGK,2026-05-28 22:09:58,2026-05-28,PRD-5FUN467PB9PP,CLI-00EJ0N1D944P,Deposit,,794.42,USD,,POS,,,,México,,Approved,00,False,13.5,,
TRX-M6S5586JWWG9TF7B85F0,2026-05-28 22:10:28,2026-05-28,PRD-O39TCUOOPYAE,CLI-UIEIN0PG8WWD,Purchase,Food,253.67,USD,,Web,,Restaurante El Buen Sabor,Food,México,Ciudad de México,Approved,00,False,5.66,,
TRX-09QGHWBXB47CAF2VWTWS,2026-05-28 21:13:25,2026-05-28,PRD-APQP5TWQ5DXJ,CLI-CJ2OEPWGI9ZR,Purchase,Food,157606.0,ARS,450.3,Branch,SUC-TUCFOESJ,Restaurante El Buen Sabor,Food,Colombia,Barranquilla,Approved,00,False,24.47,,
TRX-D6A73DUX7OEXWAHI6OAP,2026-05-29 00:00:47,2026-05-28,PRD-FT9OK0K40AF6,CLI-K773F9UOY5C7,Deposit,,4195.58,USD,,POS,,,,Mexico,Monterrey,Approved,00,False,3.84,,
TRX-6A1JPF26Z4HH81VZCM3M,2026-05-29 04:31:21,2026-05-28,PRD-TUITQM5AFAZW,CLI-GI8XCRCBD514,Transfer,,10666645.98,COP,2666.66,Web,,,,Colombia,Medellín,Approved,,False,,,
TRX-8MWKWOZE25IW10K3EIH1,2026-05-28 22:06:06,2026-05-28,PRD-6NLSPD7AQ1OK,CLI-K1CQR2QCRL0N,Deposit,,9211223.64,COP,2302.81,ATM,SUC-WH83BE50,,,Colombia,Bogotá,Approved,00,False,26.01,,
TRX-GEUJTK25B5L3GPFC9GOM,2026-05-28 07:46:34,2026-05-28,PRD-UCCTD5EK66RT,CLI-N1SK5W9ZQ5HG,Withdrawal,,993157.71,COP,248.29,POS,,,,Colombia,Cali,Approved,,False,29.6,,
TRX-FHKIYFU34DQGQ3TJOKRV,2026-05-28 06:55:56,2026-05-28,PRD-F94O61HDV6TR,CLI-0C67IO97BO9M,Deposit,,11608726.54,COP,2902.18,ATM,SUC-3NEGSLF6,,,Colombia,Bogotá,Approved,00,False,1.78,4.0066505,-74.3153112
TRX-RT92VYKAR3FOCW9Y3KVH,2026-05-29 04:00:27,2026-05-28,PRD-QXB37R316ZHZ,CLI-Q3AH1R5LDP4J,Purchase,Other,27468.2,ARS,78.48,ATM,SUC-ZSZKWMJL,Ferretería,Other,Argentina,La Plata,Approved,00,False,8.86,,
TRX-DSFZZNPE5WACY5D64PCO,2026-05-28 11:20:02,2026-05-28,PRD-F3SQ4U6E8CRB,CLI-BH3NTILUAZ7Q,Transfer,,1381499.0,ARS,3947.14,Web,,,,Argentina,,Approved,00,False,,,
TRX-G499MDGRXOJAFZFDSGCB,2026-05-29 02:50:15,2026-05-28,PRD-923LSJX1UJ3K,CLI-UJHSIVX3UY25,Adjustment,,83.63,USD,,POS,,,,México,Monterrey,Approved,00,False,8.29,,
TRX-238NGBHSBCUDJQ1EG44R,2026-05-29 00:29:26,2026-05-28,PRD-9328A6ULZ7WJ,CLI-9Q5JWKB3AE0F,Transfer,,1921518.7,ARS,5490.05,POS,,,,Argentina,Mendoza,Declined,14,False,23.35,,
TRX-MB6RSPDXJYUDJ63A7PAE,2026-05-29 03:06:22,2026-05-28,PRD-G9X1ZXHWJNLZ,CLI-IZEWSPW7685W,Purchase,Health,788327.39,COP,197.08,ATM,SUC-MU9A5O88,Laboratorio Central,Health,Colombia,Bogotá,Approved,00,False,12.07,,
TRX-AHJ4WGHMCTFXKYJ2MPSG,2026-05-28 15:43:11,2026-05-28,PRD-LNJNYXRBQXGS,CLI-5KQA6LU5IHWF,Purchase,Services,136942.22,ARS,,ATM,SUC-UE04XBQH,,Services,Argentina,Córdoba,Approved,00,False,16.91,,
TRX-JD85FMBUEIOKORKT23SP,2026-05-28 18:09:42,2026-05-28,PRD-23O2TMW88ELF,CLI-Q0OXNE0Z0C1N,Deposit,,1679.39,USD,,Web,,,,México,Puebla,Approved,00,False,6.88,,
TRX-XQVQ3A4KMKB61H5RIBNK,2026-05-28 20:10:48,2026-05-28,PRD-HU7AWTXKHQWW,CLI-BLU96FP3WADY,Deposit,,2375.69,USD,,Web,,,,México,,Approved,00,False,22.63,,
TRX-A0G0FO2BQF4WNSN4UU94,2026-05-28 07:33:24,2026-05-28,PRD-QWPRBZCKMGR4,CLI-R0C0NEQ8MMQ0,Purchase,Transport,1806240.56,COP,451.56,POS,,,Transport,Colombia,Cartagena,Approved,00,False,13.28,,
TRX-ACER1OKSJDZJ86K8I2LF,2026-05-29 03:19:10,2026-05-28,PRD-CHRVKDQE4BIB,CLI-Z2C1SBRJNJHM,Deposit,,1556.42,USD,,App,,,,México,,Approved,00,False,27.17,,
TRX-FPPXFPMBNFQA9VTF2RYE,2026-05-28 09:36:52,2026-05-28,PRD-6LL7GYBTLCA3,CLI-46MII87PVGG4,Purchase,Other,750765.16,COP,187.69,Web,,Ferretería,Other,Colombia,Cartagena,Approved,00,False,28.27,,
TRX-A2FATAYPS609J9VC37VS,2026-05-28 08:25:01,2026-05-28,PRD-S68XUAJZJ08O,CLI-RUGOBSYK6YN9,Deposit,,4683.87,USD,,Web,,,,México,Querétaro,Declined,51,False,10.03,,
TRX-1YHLUC43CRL2QPYKY21J,2026-05-29 04:46:00,2026-05-28,PRD-LB88Z483TSBF,CLI-QV1Q6R4GO39W,Deposit,,148762.44,ARS,425.04,POS,,,,Argentina,La Plata,Approved,00,False,27.12,,
TRX-TT6J7KG3JTG4T19HIJUF,2026-05-29 00:13:26,2026-05-28,PRD-XGTT5HHH9X4F,CLI-HJC0QP02JU3B,Purchase,Transport,4773.62,ARS,13.64,ATM,SUC-NRVN9ND4,,Transport,Argentina,,Declined,14,False,29.21,,
TRX-U01Z8SVVPIEZYX2NZMXU,2026-05-28 19:58:16,2026-05-28,PRD-A38D78ADVNSH,CLI-OA7WXC96EXO4,Transfer,,610.26,USD,,POS,,,,México,Ciudad de México,Approved,00,False,23.07,,
TRX-1JBM27HGAZ58IVBF6FRA,2026-05-28 10:43:15,2026-05-28,PRD-E3FOHONPY1CJ,CLI-RB6KM7K09RHU,Payment,Transport,690029.17,ARS,1971.51,ATM,SUC-RKWUVL31,,,Argentina,Mendoza,Approved,00,False,9.35,,
TRX-F9OR95VNC3AUTTT0T9RX,2026-05-28 22:13:43,2026-05-28,PRD-90SB3X442V41,CLI-86EB7I73XXLU,Deposit,,3541.78,USD,,POS,,,,México,Ciudad de México,Declined,54,False,,0.6526788,-0.7337914
TRX-30C0FI18LCT5WBQD2T6F,2026-05-28 06:59:13,2026-05-28,PRD-6ZS97MPPWNOO,CLI-YQHNPZWX5ZH2,Payment,Entertainment,1428.73,USD,,App,,,,México,Ciudad de México,Declined,51,False,20.27,,
TRX-U4QMZ4DQGN8S197FMAVZ,2026-05-28 22:07:16,2026-05-28,PRD-TJOWQZ0FFSFG,CLI-P6NZ3FB68NZO,Withdrawal,,222.6,USD,,ATM,SUC-7TVQFT2O,,,México,Monterrey,Approved,00,False,4.45,0.7445222,-0.4630788
TRX-THTZ7H68MRGE3YHEZ6XS,2026-05-28 22:39:25,2026-05-28,PRD-G0QR0FBJZJAV,CLI-EMU8EOV636GI,Payment,Services,61.03,USD,,App,,,,México,,Approved,00,False,13.13,,
TRX-H9ZGUOPPQOEC83ZC3V7V,2026-05-28 21:11:32,2026-05-28,PRD-1T19Y5GS9F32,CLI-3VNTMFZVGA1T,Transfer,,39048905.97,COP,9762.23,POS,,,,Colombia,Bogotá,Approved,00,False,15.43,,
TRX-H8RDNMCBMSEZO9X7C1N5,2026-05-28 07:53:06,2026-05-28,PRD-OKW2W1A8IMU1,CLI-SVODOBQ4W9AL,Deposit,,3730.37,USD,,Web,,,,México,Querétaro,Approved,,False,27.94,,
TRX-7WR4OJ3BFLHH3SHD2QN3,2026-05-28 10:17:33,2026-05-28,PRD-PDNGL8RUNH5Q,CLI-AA1DWFC2VLCJ,Transfer,,3699.74,USD,,Web,,,,México,Ciudad de México,Approved,00,False,20.83,,
TRX-2BY3L5X54EWLW9OGLE1B,2026-05-29 05:57:01,2026-05-28,PRD-TKCPIU4H97RG,CLI-YAM5ILZ8A40H,Purchase,Food,110371.65,ARS,315.35,POS,,Mercado Central,Food,Argentina,La Plata,Approved,00,False,7.01,,
TRX-DTDORQG4VPHRKI26AXJC,2026-05-28 19:23:41,2026-05-28,PRD-MSE8324EE9DM,CLI-CCQGECJLE0QG,Purchase,Transport,159108.26,ARS,454.6,POS,,Taxi Seguro,Transport,Spain,Madrid,Approved,00,False,,-34.7884655,-58.5974826
TRX-BH4B9U80Q9W4LV16B8M2,2026-05-29 02:56:20,2026-05-28,PRD-AQXH5OB5A2QA,CLI-4Y6M78MY0O2D,Purchase,Food,216.31,USD,,POS,,Super Ahorro,Food,México,Monterrey,Approved,00,False,3.86,,
TRX-6QZEIJO501T4AOXIWE75,2026-05-28 07:27:06,2026-05-28,PRD-897RYYXKU5L3,CLI-80A2OC65RS8J,Transfer,,6847.32,USD,,App,,,,México,Monterrey,Approved,00,False,,,
TRX-I2AB8FRNSN1K7AAA3Y24,2026-05-28 09:09:45,2026-05-28,PRD-PH026TNIDIN0,CLI-B1OP8NDVVZ19,Adjustment,,817.63,USD,,ATM,SUC-Y15GDF24,,,México,Monterrey,Approved,00,False,4.73,,
TRX-5BV7XPZND06ONKOBB20I,2026-05-28 10:05:12,2026-05-28,PRD-S7C8PWZ2GXJB,CLI-YP5JKWS97DWO,Withdrawal,,1269073.36,COP,317.27,POS,,,,Colombia,Barranquilla,Approved,00,False,20.71,,
TRX-3YN8SCKW9UW41AR3IDTD,2026-05-28 10:03:10,2026-05-28,PRD-B28462VEUPTW,CLI-TSFSETFI1ZAE,Withdrawal,,433.79,USD,,POS,,,,México,Querétaro,Approved,00,False,17.18,,
TRX-WB6VBB20AJCTK7K8K7FB,2026-05-29 05:10:31,2026-05-28,PRD-DRPCAWT7BRF3,CLI-DTPRIIL8CLKN,Withdrawal,,384.72,USD,,POS,,,,Brazil,Brasília,Approved,00,False,3.2,,
TRX-II8JOUIWDN54IQGP3WIZ,2026-05-28 15:17:22,2026-05-28,PRD-ZFMH3O9GKZ3Z,CLI-0FF885I7VVA6,Deposit,,16264869.4,COP,4066.22,POS,,,,Colombia,Bogotá,Approved,00,False,10.57,4.387682,-73.3543578
TRX-QPSGNA5GCKPXLWIKEIF1,2026-05-29 03:11:13,2026-05-28,PRD-MGP14JLZDB8H,CLI-CRQTG030BBYZ,Transfer,,5103513.05,COP,1275.88,POS,,,,Colombia,,Approved,00,False,,,
TRX-E5Z8YWWNKPFD0JZCJCVA,2026-05-28 14:17:26,2026-05-28,PRD-TPEE3S38U3ET,CLI-3GVYADWQ3YJH,Payment,Entertainment,1950.08,USD,,POS,,,,México,Puebla,Declined,54,False,,,
TRX-51Q4WH4Z2HU74TOJ4Q7C,2026-05-28 22:20:31,2026-05-28,PRD-SIDJHET96J1L,CLI-P07LST6YG5D1,Transfer,,2572825.02,ARS,7350.93,Web,,,,Argentina,Buenos Aires,Approved,00,False,,,
TRX-5GQCU9383W6KWWCTB04N,2026-05-29 03:01:25,2026-05-28,PRD-A2QMZX4C1L7F,CLI-V5ZCMII512HM,Withdrawal,,489.32,USD,,Web,,,,México,Monterrey,Approved,00,False,,,
TRX-DH936BI7ONSLL8OS0VWY,2026-05-28 20:37:49,2026-05-28,PRD-LP7AHSDEUJSZ,CLI-A7U70XIU79NX,Purchase,Entertainment,15.29,USD,,App,,Conciertos Live,Entertainment,Mexico,Guadalajara,Approved,00,False,0.96,,
TRX-KN0M9JDA0R2NJQ5HNW7V,2026-05-28 22:00:33,2026-05-28,PRD-2WKL2PDXJLJD,CLI-PWGGZVE4J37E,Transfer,,5049.24,USD,,Web,,,,Colombia,Barranquilla,Approved,00,False,20.49,,
TRX-SOZ48DL4ZFSJK02V2DEB,2026-05-28 15:48:39,2026-05-28,PRD-63ITA22D3MLD,CLI-ABJ7981U4QWY,Withdrawal,,1817415.98,COP,454.35,Branch,SUC-EXKJNP13,,,Colombia,,Approved,,False,6.51,,
TRX-N2DQ68XHJG9SAUGE4V2O,2026-05-28 13:11:11,2026-05-28,PRD-1XMK0I8ZQKJU,CLI-AK5CQY8RYRBM,Transfer,,33436281.72,COP,8359.07,ATM,SUC-2NNWC3AV,,,Colombia,Cali,Approved,00,False,,,
TRX-105RQXB924351D3VLJI4,2026-05-28 12:43:00,2026-05-28,PRD-X1AW6OG27KOU,CLI-YOJDE0EWI6LM,Purchase,Other,22.41,USD,,Web,,Ferretería,Other,México,Monterrey,Approved,00,False,24.97,,
TRX-TUT91ZJFPD36OHKDA655,2026-05-28 07:58:26,2026-05-28,PRD-8WNVF9SVVRT9,CLI-0MSSTB9Z53NI,Transfer,,1474859.43,ARS,4213.88,App,,,,Argentina,Córdoba,Approved,00,False,9.87,,
TRX-MLMR0VHMAFTJF38OUBBT,2026-05-28 21:30:42,2026-05-28,PRD-DTEAUDKG8CA1,CLI-OLSVSMQW9C4Q,Purchase,Transport,360.62,USD,,POS,,Uber,Transport,Mexico,Monterrey,Declined,51,False,29.16,0.226986,-0.9325095
TRX-GOB9F0ITJB6JQOIH899E,2026-05-28 13:04:20,2026-05-28,PRD-KN1OR1GO8FEB,CLI-BLTU8W8BW8XY,Withdrawal,,605997.85,COP,151.5,App,,,,Colombia,Barranquilla,Approved,00,False,10.37,,
TRX-5IQUEG0ZR3AF7OWHY8K4,2026-05-29 05:58:34,2026-05-28,PRD-MNAM1VGVXFFB,CLI-NTRVDGSQZ12Z,Payment,Food,1981.76,USD,,POS,,,,México,Guadalajara,Approved,00,False,16.75,-0.5864352,-0.2111038
TRX-2ETENCWMQGY0LZHRRZ79,2026-05-28 11:23:08,2026-05-28,PRD-F2M6UZ6HTNTF,CLI-48WDF24WN9ZJ,Withdrawal,,34658.83,ARS,99.03,POS,,,,Argentina,Buenos Aires,Approved,00,False,12.32,-34.6992644,-57.6248379
TRX-WMBYGWU0BMHYXWRG3GPB,2026-05-28 16:57:32,2026-05-28,PRD-FZBOJ0R8KXFL,CLI-Q3EM9I4IJIQC,Deposit,,2187.21,USD,,Web,,,,Mexico,Puebla,Approved,00,False,28.23,,
TRX-MLICR2J6R4MTG59AAKD5,2026-05-29 01:05:34,2026-05-28,PRD-F3BO50VSMI5A,CLI-47A2UJ9UL9RJ,Deposit,,637714.15,ARS,1822.04,POS,,,,Mexico,,Approved,00,False,,,
TRX-WOVQ1JA4IWG12AUBFKNS,2026-05-29 00:33:11,2026-05-28,PRD-C0CR2FEV29S7,CLI-Z1DGTROIS9IF,Transfer,,4191.84,USD,,App,,,,México,Ciudad de México,Approved,00,False,5.88,,
TRX-JYHH0S160HHYIY85TTNB,2026-05-29 04:09:55,2026-05-28,PRD-4T1WAFS7WF45,CLI-TUJA4HCTLGHJ,Purchase,Services,24.6,USD,,ATM,SUC-S3V4CSL0,Empresa Telefónica,Services,México,Puebla,Approved,00,False,24.68,,
TRX-4MOJXYKJHRESCCTYMXLL,2026-05-28 21:57:05,2026-05-28,PRD-BGQUGFU3BLJB,CLI-H2RQXKREF7Z7,Transfer,,5376.71,USD,,POS,,,,Colombia,Bogotá,Approved,,False,25.33,,
TRX-U78UCFOLRP7DGNBPDAB1,2026-05-28 20:22:09,2026-05-28,PRD-CY2P9BOMU4IY,CLI-U1PM0A0ZWEAS,Transfer,,2393.75,USD,,App,,,,México,Guadalajara,Approved,00,False,25.38,,
TRX-FFF8J1NEOPS0CG8SAT5W,2026-05-28 09:06:00,2026-05-28,PRD-05ZHCZXEXDUY,CLI-56SVYPW18Z0S,Transfer,,3898.38,USD,,App,,,,México,Guadalajara,Approved,00,False,14.96,,
TRX-9PNGUKXH0F3NXKTM4S4N,2026-05-29 02:29:49,2026-05-28,PRD-DVE7G0WO7AD5,CLI-JAEQ01L0OO0Q,Payment,Other,1777.13,USD,,Web,,,,México,Ciudad de México,Approved,00,False,8.13,,
TRX-S5WAKCTM5L1FUA5GXGLS,2026-05-28 18:13:44,2026-05-28,PRD-BN9XP2Z2OOE8,CLI-I9HUQ9IHGF8Q,Transfer,,38771002.65,COP,9692.75,App,,,,Colombia,Cartagena,Declined,05,False,28.97,,
TRX-U7EA3IQMZ7OCE3GSWEIR,2026-05-29 01:47:20,2026-05-28,PRD-V2SG06FOJDZ4,CLI-4D1JEB97FC6G,Purchase,Services,462243.89,COP,115.56,Web,,Servicios Públicos,Services,Colombia,Cartagena,Approved,00,False,14.73,,
TRX-JKFXFN8DBPU3ZH5NHKJ2,2026-05-29 00:38:01,2026-05-28,PRD-MZPTSWTSE96G,CLI-CL3E9W7758J3,Transfer,,9760.7,USD,,App,,,,México,Guadalajara,Declined,05,False,23.68,,
TRX-P34LU5W4480IIX3Z34E4,2026-05-28 06:28:13,2026-05-28,PRD-GH18J79Q1TL4,CLI-DGHWJID78CNS,Transfer,,889632.27,ARS,2541.81,POS,,,,Argentina,Córdoba,Approved,00,False,4.59,,
TRX-TKAGVFM6MBLKOLQIFR6M,2026-05-28 19:52:28,2026-05-28,PRD-O04CW0JB65O4,CLI-H792GVR1YL8M,Transfer,,5090.92,USD,,Web,,,,México,Puebla,Approved,00,False,28.14,,
TRX-R59P1ZEJ7A7SHCRXWHFZ,2026-05-28 23:25:38,2026-05-28,PRD-6243R5WL16H3,CLI-GDJ7GU84F5UE,Withdrawal,,119.57,USD,,Web,,,,México,,Approved,00,False,21.79,,
TRX-V7ESMISM8R2FE5EVG1YA,2026-05-28 18:07:52,2026-05-28,PRD-CU8ZJEHIPVWD,CLI-JPLJ80M1UHKW,Payment,Health,4323240.04,COP,1080.81,App,,,,Colombia,Medellín,Approved,00,False,25.28,,
TRX-3W2UOW2N7P52WEEMLBNS,2026-05-29 02:02:12,2026-05-28,PRD-U1S5EZU1Q20F,CLI-BAYMTADDFEM2,Withdrawal,,150536.41,ARS,430.1,Transfer,,,,Argentina,Córdoba,Approved,00,False,22.33,,
TRX-8R1333DH8VS9Z1LRBYUI,2026-05-28 13:54:16,2026-05-28,PRD-SYOKYBQ9SR7I,CLI-5JZWTIPOGBNB,Purchase,Services,193.76,USD,,ATM,SUC-1PSI5W5X,Servicios Públicos,Services,México,Querétaro,Reversed,54,False,15.98,0.7765354,
TRX-UAQ5IBO613C5BMILDP7G,2026-05-29 00:01:21,2026-05-28,PRD-LC19KHMTNJS2,CLI-XG4T1IDU163G,Transfer,,7426165.46,COP,1856.54,POS,,,,Colombia,Medellín,Declined,54,False,13.89,,
TRX-2YONR165WQXQQGAKV8WJ,2026-05-29 01:38:03,2026-05-28,PRD-QK8GGY1O6R4W,CLI-A0WB1C9QYOZQ,Purchase,,615163.69,COP,153.79,ATM,SUC-O4G07J7I,Tienda General,Other,Colombia,Barranquilla,Approved,00,False,26.1,3.8916037,-74.5443473
TRX-3S27JMK52XYM7YRC6826,2026-05-29 05:05:14,2026-05-28,PRD-HIJHLPVC5P0D,CLI-F8O7QPBOGJVW,Purchase,Health,388.77,USD,,Branch,SUC-8P0IDMOM,Laboratorio Central,Health,México,Querétaro,Declined,51,False,5.43,-0.7258845,0.467465
TRX-4XVMII7HKCWX0DGXQBDK,2026-05-29 00:16:44,2026-05-28,PRD-66AP24EEIBUX,CLI-7LM9VRC029R8,Withdrawal,,1952076.6,COP,488.02,POS,,,,Colombia,Cartagena,Approved,00,False,11.38,,
TRX-I26UHB3AWVICDLOZG517,2026-05-29 02:25:28,2026-05-28,PRD-OMLULTAUBCJJ,CLI-NXKTR9490ASX,Deposit,,10393794.66,COP,2598.45,App,,,,Colombia,Barranquilla,Approved,00,False,19.92,,
TRX-XWNM6C48IDCQR8SY165Y,2026-05-29 02:10:16,2026-05-28,PRD-X5KLD7UMFC2A,CLI-PH4TSBT5PLZZ,Withdrawal,,95.64,USD,,App,,,,México,Tijuana,Approved,00,False,27.95,,
TRX-D8NH4EO6CUYA1QSG3LLR,2026-05-28 16:41:21,2026-05-28,PRD-LANRR58PEXI2,CLI-TOE2SUAEI7WR,Withdrawal,,462.17,USD,,POS,,,,México,Querétaro,Approved,00,False,,-0.2047245,-0.2094994
TRX-VB1Q90UBQMBVW8F1FP4C,2026-05-29 02:56:20,2026-05-28,PRD-CZFLKP8KCWDJ,CLI-UF44T3217R9T,Deposit,,4620.05,USD,,App,,,,México,Guadalajara,Approved,00,False,16.65,,
TRX-MYW6O456AOMFEMRP2LAT,2026-05-28 18:59:50,2026-05-28,PRD-XQQ3KK12Q57U,CLI-O2UNFECLJ41H,Payment,Transport,1806.07,USD,,POS,,,,México,Monterrey,Approved,00,False,20.35,,
TRX-NGY6OGYLOBUMW1ZFNG7C,2026-05-28 12:32:53,2026-05-28,PRD-YBUI0USK11V8,CLI-RTCIF95TI2Q2,Payment,Services,234.06,USD,,App,,,,México,Puebla,Approved,00,False,15.71,,
TRX-5399HQACZP3QVPX5OVWX,2026-05-28 17:51:07,2026-05-28,PRD-MGUBDCAZMUUC,CLI-JN4F2RQYCT9V,Purchase,Entertainment,82403.71,ARS,235.44,POS,,Teatro Nacional,Entertainment,Argentina,Córdoba,Approved,00,False,,-33.6161792,-58.7564203
TRX-0ZKVWVYWUN76L0GTNFBK,2026-05-28 10:45:41,2026-05-28,PRD-Z526392EZ59L,CLI-W57WOOZ0SFFW,Purchase,Food,154.69,USD,,ATM,SUC-GOTE3INU,Mercado Central,Food,México,,Approved,00,False,2.76,-0.2982241,-0.795807
TRX-NHRVQG1HZI3F1J0LN2Q3,2026-05-29 02:14:33,2026-05-28,PRD-7LQBVFZH4O0R,CLI-XR810A086JOO,Withdrawal,,296.86,USD,,ATM,SUC-JGJN78RV,,,México,,Approved,00,False,25.17,-0.899774,-0.0839366
TRX-SROLL25QWQAJW0A9TLXE,2026-05-28 15:37:10,2026-05-28,PRD-S7TKUQIWWKDM,CLI-ZYXKMTC6PHRB,Withdrawal,,78223.9,ARS,223.5,App,,,,Argentina,Mendoza,Approved,00,False,,,
TRX-05GO8P1DM62PNEF8NIN4,2026-05-28 09:37:50,2026-05-28,PRD-SIDD60F6BEV4,CLI-1EX56HBYFWEN,Withdrawal,,362.92,USD,,Web,,,,México,,Approved,00,False,,,
TRX-YXOD36P4H4S21N41MCM9,2026-05-28 18:08:51,2026-05-28,PRD-1PGI8Q5DWTV4,CLI-I7I3SAE0LI88,Purchase,Entertainment,133768.02,ARS,382.19,Web,,Cine Premium,Entertainment,Argentina,,Declined,54,False,11.26,,
TRX-KNJO37MYO9GVKWHBWXES,2026-05-29 04:31:36,2026-05-28,PRD-CSBBNCOB5N4B,CLI-824MLTT5LYKB,Transfer,,2046.89,USD,,POS,,,,México,Monterrey,Approved,00,False,20.63,,
TRX-ZVCR594U20ZNYLUJG2GG,2026-05-28 20:59:59,2026-05-28,PRD-X1KFJM69QY3Z,CLI-CAVDZIX24QN8,Transfer,,36411998.42,COP,9103.0,ATM,SUC-4OOB7ZFR,,,Colombia,Bogotá,Approved,,False,,,
TRX-Y06SCUM3VE3VWSWFF5CB,2026-05-28 13:01:58,2026-05-28,PRD-HTYK2R5UJCLY,CLI-DYE884A83NQF,Payment,Services,1512.53,USD,,App,,,,México,Tijuana,Approved,00,False,,,
TRX-UJFP1GL48K6J4Q2WMPRU,2026-05-28 22:28:02,2026-05-28,PRD-XT5POH9LEC3N,CLI-6FOHZT3PE93V,Withdrawal,,478.98,USD,,Web,,,,México,Ciudad de México,Approved,00,False,29.89,,
TRX-6XP1MFNL76TIDHJ6OPSK,2026-05-29 01:04:37,2026-05-28,PRD-WNYBYAR4H357,CLI-KWTB1BAY5L44,Payment,Food,214.88,USD,,POS,,,,México,Ciudad de México,Reversed,05,False,4.28,,
TRX-4NJGBOND697W6UE473N9,2026-05-28 15:59:40,2026-05-28,PRD-F2B5FVUIZMFV,CLI-ZI2LKDCVXSZR,Payment,,491.83,USD,,ATM,SUC-RZNFZDVW,,,México,Puebla,Approved,00,False,16.26,,
TRX-WFKU140JHUBKUIJF150M,2026-05-28 10:15:02,2026-05-28,PRD-USIRDDTF7PS7,CLI-GMIOJPAWPAF6,Transfer,,8561926.9,COP,2140.48,POS,,,,Colombia,Barranquilla,Approved,00,False,6.84,,
TRX-IQXACFAOE33XDPGG78WF,2026-05-28 22:00:56,2026-05-28,PRD-WXQBW227Y4SX,CLI-4TMQQ99NXEXJ,Transfer,,4619.46,USD,,ATM,SUC-JDXIVV9S,,,México,Puebla,Approved,00,False,22.07,,
TRX-WB4GLZSOYAW7BOS105BN,2026-05-29 00:21:57,2026-05-28,PRD-4T6JF9QY87FZ,CLI-MJ0DSISBADAI,Payment,Entertainment,1921.67,USD,,ATM,SUC-LBPQUZ4D,,,México,Monterrey,Approved,00,False,23.11,,
TRX-L66TGJYZCM6TZ200WE0H,2026-05-28 11:22:28,2026-05-28,PRD-1YWV620TTZ5Y,CLI-QIGHMYOMIDU1,Purchase,Food,559283.28,COP,139.82,POS,,Super Ahorro,,Colombia,Bogotá,Approved,00,False,,,
TRX-3FS49AT091UDTSMALK8D,2026-05-29 04:23:28,2026-05-28,PRD-BWJ6QTYD17UN,CLI-PAE9RWE6PM63,Withdrawal,,373.73,USD,,App,,,,México,Monterrey,Approved,00,False,5.0,,
TRX-ACILI9AK8CURZRHUVBD1,2026-05-28 08:22:28,2026-05-28,PRD-Y74P4G6JKQQ3,CLI-PBZM9FM8MTH1,Transfer,,3012664.81,ARS,8607.61,POS,,,,Argentina,Mendoza,Approved,00,False,,,
TRX-0YKNHN0ETLA5RWQRZX8Z,2026-05-28 07:45:18,2026-05-28,PRD-T9ZKKZUMGJVH,CLI-KUVRNUYQDQF2,Transfer,,600.53,USD,,ATM,SUC-ISPO1DES,,,Colombia,Cali,Approved,00,False,28.37,0.6405762,-0.5912133
TRX-3GOQVF0YRAV6M8V7UX1Z,2026-05-28 15:15:58,2026-05-28,PRD-U5ZP2NCG6B5V,CLI-G1CYKBA5WQ85,Withdrawal,,612154.73,COP,153.04,App,,,,Colombia,Bogotá,Approved,00,False,1.52,,
TRX-BZ48J11YL1TV8VKPGZ9W,2026-05-28 15:09:07,2026-05-28,PRD-R3PCX4YOIZZC,CLI-Y2U4E0Y80EYE,Withdrawal,,181.04,USD,,App,,,,México,Monterrey,Approved,,False,27.12,,
TRX-IWOU9TVTWFSW1ELP1QTN,2026-05-28 07:54:54,2026-05-28,PRD-NRABHGCVFGS3,CLI-C6SK3EYXOVPS,Purchase,,130626.31,ARS,373.22,POS,,Uber,Transport,Argentina,Mendoza,Approved,00,False,10.42,,
TRX-5IK548TQOK819C1Z7GUO,2026-05-28 07:23:40,2026-05-28,PRD-P14HNI2ZXE86,CLI-48H4455F4DDI,Deposit,,849071.71,ARS,2425.92,ATM,SUC-F321UEME,,,Argentina,La Plata,Approved,00,False,15.72,,
TRX-53V061EDBRLCVL1R7JP8,2026-05-29 02:13:18,2026-05-28,PRD-RWQOV17KH08W,CLI-IWAK2K23D4VT,Purchase,Services,196427.71,COP,49.11,POS,,Servicios Públicos,Services,Colombia,Cartagena,Approved,00,False,28.3,,
TRX-8RWI9YA88GCALAL1WOZT,2026-05-28 20:39:16,2026-05-28,PRD-VMPM3ZFK9KYW,CLI-2AX5Q1EJ7CXT,Transfer,,4616.8,USD,,ATM,SUC-SKR8GS10,,,México,Puebla,Approved,00,False,16.81,,
TRX-XDTHNUHNPSUG299LVM3D,2026-05-28 08:48:58,2026-05-28,PRD-RHBXHNBH6YNE,CLI-3M82VPZ5DWZU,Purchase,Other,339.86,USD,,POS,,Ferretería,Other,México,Ciudad de México,Approved,00,False,4.22,,
TRX-QVLZD2GVJSSWR29AOWVO,2026-05-28 16:36:44,2026-05-28,PRD-TNUDJY400KZ6,CLI-2M6CGW8EFOI2,Withdrawal,,1809180.97,COP,452.3,Transfer,,,,Spain,,Approved,00,False,1.22,,
TRX-WNCJ9EI9CIWKR0EU233Y,2026-05-29 04:03:46,2026-05-28,PRD-PSWD2NYG6ANB,CLI-LDHOYGX949LA,Purchase,Food,1828176.24,COP,457.04,ATM,SUC-IV7HG0FV,Mercado Central,Food,Colombia,Barranquilla,Approved,00,False,26.4,,
TRX-4MF46O117518T9FH3G71,2026-05-28 19:43:12,2026-05-28,PRD-L02LUDJHTA4R,CLI-N7I4G6KQ37A6,Purchase,Food,327.07,USD,,POS,,Super Ahorro,Food,México,Querétaro,Approved,00,False,29.86,,
TRX-4CXPM8B3V79SG3LSK6T9,2026-05-28 21:26:38,2026-05-28,PRD-QWSSSVLFF6DF,CLI-KVTR7ZH7N3OU,Transfer,,37485346.89,COP,9371.34,POS,,,,Colombia,Cali,Approved,00,False,8.26,,
TRX-U419AAOJB0HUTEMXP3UN,2026-05-29 00:03:15,2026-05-28,PRD-7U4CY4OAYQDS,CLI-L5DQ13N4APN8,Payment,Transport,605539.86,ARS,1730.11,POS,,,,Argentina,La Plata,Approved,00,False,24.48,,
TRX-JCEHKFRDL025BHGM4WC5,2026-05-28 11:01:23,2026-05-28,PRD-HRWA26GCGBS9,CLI-VIP16RELK654,Deposit,,3397.23,USD,,Branch,SUC-P5YISP64,,,México,Tijuana,Approved,00,False,11.1,,
TRX-6QKJQ3SPQQ1EL970MKLK,2026-05-29 04:54:18,2026-05-28,PRD-L5V86NLZ8NHI,CLI-CYG76ZEUZPXP,Transfer,,25981016.64,COP,6495.25,App,,,,Colombia,Cartagena,Reversed,54,False,12.19,,
TRX-NSNGSF70TF0EW4MPNJSN,2026-05-28 19:39:51,2026-05-28,PRD-TEHPAH6EDJKQ,CLI-9N6FS4AIDML2,Transfer,,7744.85,USD,,POS,,,,Colombia,Bogotá,Approved,00,False,17.37,,-74.0867658
TRX-P6CVM341P5SYVQC1WZHQ,2026-05-29 02:08:44,2026-05-28,PRD-UEMQ5NITH2NB,CLI-QDF6T6PWD0DH,Transfer,,1708.18,USD,,ATM,SUC-KUOJDQSO,,,México,Monterrey,Approved,00,False,,,
TRX-W3RB69653A2Q2S120L88,2026-05-29 04:02:19,2026-05-28,PRD-K40MPN4ZYESI,CLI-YO3ZFDRGMKX2,Purchase,Services,232.77,USD,,POS,,Cable TV,Services,México,Ciudad de México,Declined,14,False,,,
TRX-73K8B4QBAVOMBY9ASBPN,2026-05-28 21:52:48,2026-05-28,PRD-LYE5DG17VH4J,CLI-A486NM666QBN,Deposit,,1024.61,USD,,App,,,,México,Puebla,Approved,00,False,9.5,,
TRX-333YLTO7YBRVLOUF6SVU,2026-05-28 16:43:59,2026-05-28,PRD-HUWASCJD6YLY,CLI-W6K298ZVI260,Adjustment,,46.76,USD,,Web,,,,México,Tijuana,Approved,00,False,6.6,,
TRX-U7AR3RO25JHSQD95ONK9,2026-05-28 17:29:22,2026-05-28,PRD-BUXGQNYHCUYL,CLI-7VVQ47LBYHCV,Payment,Food,192791.8,ARS,550.83,ATM,SUC-TUCFOESJ,,,Argentina,Mendoza,Approved,00,False,4.14,,
TRX-EZO4OAKHWIDRNTWSOHOP,2026-05-29 00:59:19,2026-05-28,PRD-60VQBO54S19X,CLI-0GMEFHJ8YU6R,Withdrawal,,451007.73,COP,112.75,POS,,,,Colombia,Bogotá,Approved,00,False,4.85,,
TRX-54B7QX4JSRSBTHHIG6V2,2026-05-28 17:41:30,2026-05-28,PRD-GXEDTWB4F8PI,CLI-X8RRB6BFEJOQ,Withdrawal,,84721.24,ARS,242.06,POS,,,,Argentina,Mendoza,Approved,00,False,,,
TRX-SZZ4IT9JMFTE1K15JIHH,2026-05-28 22:42:44,2026-05-28,PRD-WX8WRU10DKOW,CLI-T0GWGALJXYZI,Transfer,,1142306.82,ARS,3263.73,Web,,,,Argentina,Córdoba,Approved,00,False,7.18,,
TRX-CIR4J6MOQQ71GT36UM12,2026-05-28 09:50:11,2026-05-28,PRD-AIN5BYTD0QB5,CLI-V1F7L0A74CLE,Purchase,Health,1109056.29,COP,277.26,App,,Laboratorio Central,Health,Colombia,Cartagena,Approved,00,False,13.74,,
TRX-WVA8AUF87PLXZMXR9R9R,2026-05-28 18:48:19,2026-05-28,PRD-EATCB7K4W1M1,CLI-LAW8ETX1WT5B,Transfer,,255937.91,ARS,731.25,POS,,,,Argentina,La Plata,Approved,00,False,19.42,,
TRX-PGUGHP4H9JOMCIWG5NBH,2026-05-28 16:31:01,2026-05-28,PRD-A25BQG9AZO7Z,CLI-ZDCYBLRDX5B9,Purchase,Health,1189305.14,COP,297.33,POS,,Clínica Médica,,Colombia,Medellín,Approved,00,False,3.94,,
TRX-NJC4ENN20IR41PR0W59Y,2026-05-28 18:48:01,2026-05-28,PRD-217BW0GD7K99,CLI-0GU9J7S93CZG,Deposit,,1257.15,USD,,POS,,,,México,Guadalajara,Approved,00,False,23.56,,
TRX-T2O4DAA38U5E1ASIPFD4,2026-05-29 00:41:10,2026-05-28,PRD-Z8RDVNT79TMW,CLI-K570370P79WN,Transfer,,2724609.2,ARS,7784.6,App,,,,Argentina,Rosario,Approved,00,False,21.38,,
TRX-AX4DH5MX46HMEJNZD7QG,2026-05-28 22:15:54,2026-05-28,PRD-SR52KHXETEXG,CLI-LM7J1DC3UKNL,Purchase,Services,1278338.6,COP,319.58,POS,,Empresa Telefónica,Services,Colombia,Cartagena,Approved,00,False,19.37,4.2348678,-73.4031257
TRX-G0DP27SWSLU6XN5CETUH,2026-05-28 07:53:23,2026-05-28,PRD-IM3YMQPDGIPM,CLI-HX03W2M7Q7B8,Payment,Health,4781090.08,COP,1195.27,ATM,SUC-Q56PLH2J,,,Colombia,Medellín,Approved,00,False,1.39,,
TRX-OU0RK4LA3L797UMV3GPJ,2026-05-28 16:58:49,2026-05-28,PRD-RPUNHHQDDI28,CLI-SHTA4CTON62O,Payment,Entertainment,567.7,USD,,ATM,SUC-T4RE29NP,,,México,,Approved,00,False,6.49,,
TRX-9RZ72CIP9WPROKB0XAGX,2026-05-28 07:29:05,2026-05-28,PRD-Z6F0Q5EVWRZ9,CLI-AEH4WEFATIHE,Transfer,,7303.34,USD,,POS,,,,México,Puebla,Approved,00,False,5.77,,
TRX-3PHQ84MLZR931QW9VLAL,2026-05-28 19:43:33,2026-05-28,PRD-5QEYASPGJW4O,CLI-B9NRUCA5ILH2,Withdrawal,,408.42,USD,,Web,,,,México,Ciudad de México,Approved,00,False,28.54,,
TRX-6F9CIGQLMPT25UCYP2C1,2026-05-28 19:33:25,2026-05-28,PRD-NOB819TYUQUU,CLI-U2CI99S6UFBZ,Adjustment,,160103.29,ARS,457.44,Web,,,,Argentina,Mendoza,Approved,00,False,6.0,,
TRX-MQXM1JTB2UBF50HDRFAF,2026-05-28 20:01:19,2026-05-28,PRD-AE6U41QFS9AC,CLI-6DP9V685IJ8A,Payment,Services,329707.08,ARS,942.02,POS,,,,Argentina,Rosario,Approved,00,False,9.98,,
TRX-ZX7V7ZAASUBAYCN71TK2,2026-05-29 01:19:12,2026-05-28,PRD-B8XEVSI1EZYM,CLI-NR049ESXEGZD,Payment,Transport,455.15,USD,,ATM,SUC-UV1CR4D5,,,México,Ciudad de México,Approved,00,False,,,
TRX-D85FND06YXXUSI9P6IPR,2026-05-28 20:18:29,2026-05-28,PRD-90EYF3B86VPB,CLI-O117VVWOWZ0G,Purchase,Transport,73.71,USD,,ATM,SUC-M8AEJ2A4,Uber,,México,Tijuana,Declined,51,False,18.07,,
TRX-XHHBV5POPYUVE2XZTT7X,2026-05-29 00:26:50,2026-05-28,PRD-FHHWF80FFU47,CLI-YYZNI0VTJDO7,Payment,Transport,176.58,USD,,POS,,,,México,Querétaro,Approved,00,False,17.3,,
TRX-0TOK5MVRF6SN9902HXXP,2026-05-29 03:48:09,2026-05-28,PRD-XK4RD0WXMOMK,CLI-ZDV4DGQONNVH,Transfer,,1773.66,USD,,ATM,SUC-LQXENAY2,,,México,Querétaro,Approved,00,False,,,
TRX-IZSS6LU3OO1QUB93TJ5N,2026-05-28 13:52:44,2026-05-28,PRD-N8C000TF1KFO,CLI-NSQ5YUIR7XF4,Withdrawal,,338.35,USD,,ATM,,,,México,,Approved,00,False,,,
TRX-494O7TQPV7K6JHXUFAHV,2026-05-28 15:26:29,2026-05-28,PRD-XN2R45EM4MNQ,CLI-N62J1XFGWXFG,Purchase,Food,51.37,USD,,Web,,Tienda Don José,Food,México,Querétaro,Approved,00,False,14.53,,
TRX-25U4ZE9Y6Y6M8N36X3I9,2026-05-28 16:54:33,2026-05-28,PRD-COS5I6J4D3ST,CLI-C3715N2383RM,Purchase,Food,500891.4,COP,125.22,Web,,Restaurante El Buen Sabor,Food,Colombia,,Approved,00,False,12.2,,
TRX-FJU8DFVBDLP9BOXSVQS1,2026-05-29 05:51:33,2026-05-28,PRD-EW9D3M2GPEMW,CLI-ZY0IW3C42TPU,Payment,Transport,120.7,USD,,App,,,,México,Puebla,Approved,00,False,14.25,,
TRX-0R63AGYDFJMHI1KOOKDN,2026-05-28 21:33:42,2026-05-28,PRD-SO9BI0AHWZ38,CLI-YM4AA34LZKYQ,Payment,Food,1121.74,USD,,POS,,,,Argentina,Córdoba,Approved,00,False,,,
TRX-DUNKHLGW2FAQUQ71IWWT,2026-05-29 05:33:46,2026-05-28,PRD-ZU73FGWOZ6FL,CLI-OPA0I5SUJFJA,Withdrawal,,128464.86,ARS,367.04,ATM,SUC-Y7VHYCDG,,,Argentina,Buenos Aires,Approved,00,False,,,
TRX-1UEZBYHF3AWMVCHGS034,2026-05-28 12:44:13,2026-05-28,PRD-KFNVCQXUOL1E,CLI-2ZQWY2BNS4HA,Payment,Transport,1225.94,USD,,ATM,SUC-1AT6YUKJ,,,México,,Approved,00,False,2.66,,
TRX-TWD2XXQ1BOEQBV4B3799,2026-05-28 07:47:00,2026-05-28,PRD-20EC0WJNT3LY,CLI-AAMOHVNODPCQ,Deposit,,8759532.41,COP,2189.88,ATM,SUC-X7W6C3UX,,,Colombia,Cartagena,Approved,00,False,10.74,5.6993857,
TRX-QFYHFEVB2W8BYY69EB8W,2026-05-28 11:32:23,2026-05-28,PRD-WEWJUA8YGMRG,CLI-M7QSV3C0T7Z4,Deposit,,8586465.17,COP,2146.62,POS,,,,Colombia,Medellín,Approved,00,False,14.37,5.1112619,-74.2995639
TRX-R9110CWSTG31Q2R476Y8,2026-05-28 15:26:04,2026-05-28,PRD-HUBNKKMJ1YM4,CLI-HGH4ZGS03BNU,Transfer,,3962.96,USD,,Web,,,,México,Puebla,Approved,00,False,4.95,,
TRX-X9IC13ZYVYTKC0G33SUK,2026-05-28 21:09:17,2026-05-28,PRD-DYXPXEI80CJ7,CLI-5Q7EUOEXVCND,Withdrawal,,1048937.87,COP,,ATM,SUC-XXUHP6O3,,,Colombia,Cali,Approved,00,False,29.8,5.1738248,-74.656348
TRX-GHQZM9YKDF5C4OWBDAXE,2026-05-28 07:30:32,2026-05-28,PRD-M2S9LKBUJ17K,CLI-9X61X9W1J7O5,Purchase,Health,357.86,USD,,Branch,,Farmacia Salud,Health,México,Tijuana,Declined,14,False,7.17,,
TRX-W40PDTCDQ7D5LJ61VF8J,2026-05-28 15:06:30,2026-05-28,PRD-5AO0416HM0WF,CLI-H6OV6I0CT5IX,Transfer,,9497.67,USD,,Transfer,,,,México,Querétaro,Declined,,False,18.56,,
TRX-BA1BS2T9EXKM5EQOCJGC,2026-05-29 02:16:59,2026-05-28,PRD-VV1DJVTWBYY9,CLI-SS6KNGLR93VF,Adjustment,,3967813.63,COP,991.95,App,,,,Colombia,Medellín,Approved,00,False,4.75,,
TRX-VPBWP1OQKNKC99CQWH73,2026-05-28 19:13:15,2026-05-28,PRD-4R0D8QK3M1GJ,CLI-Y4O06Z2549DZ,Purchase,Food,498604.87,COP,124.65,Web,,Restaurante El Buen Sabor,Food,Colombia,Barranquilla,Approved,00,False,4.93,,
TRX-CSSVPBNMC3IL51M7R6OV,2026-05-28 16:08:57,2026-05-28,PRD-RGJ3HZAXJJS1,CLI-395JDRE9JZ9H,Withdrawal,,370.26,USD,,POS,,,,México,Monterrey,Approved,00,False,22.12,,
TRX-A21WUOUJS0P5X2TWA1TT,2026-05-28 07:39:30,2026-05-28,PRD-MCTOZFGR9ODL,CLI-UMJHSH4P6ING,Purchase,Food,370.04,USD,,POS,,Super Ahorro,Food,México,Tijuana,Approved,00,False,,,
TRX-DLEYUQ74CS7G97E12E2N,2026-05-29 01:41:26,2026-05-28,PRD-10JHV7N0THZQ,CLI-J6CRKJLJ7O51,Deposit,,3327.17,USD,,Web,,,,Spain,Madrid,Approved,00,False,16.52,,
TRX-P8VJ4WF3A8GHU0L9XJAR,2026-05-29 05:23:13,2026-05-28,PRD-AROFOUSCJMSL,CLI-AAU04N8Y901J,Transfer,,1295.04,USD,,POS,,,,México,Puebla,Approved,00,False,6.42,,
TRX-QWOYOPAWNV7TF0489ZS3,2026-05-28 17:09:28,2026-05-28,PRD-3HOET69RF6UP,CLI-Y3O9KX9VNOX5,Withdrawal,,82.69,USD,,Web,,,,México,Tijuana,Approved,00,False,20.91,,
TRX-FBM914K275FZMSX7BNDI,2026-05-28 17:41:21,2026-05-28,PRD-7CUYUPW4Y1LE,CLI-HE9RVAXEB3OA,Withdrawal,,167290.51,ARS,477.97,ATM,SUC-XCP0A6C8,,,Argentina,Buenos Aires,Approved,00,False,28.08,,
TRX-IVJN69VNUP0J4SUUGIAJ,2026-05-29 03:19:43,2026-05-28,PRD-DEFJUXCYUIT7,CLI-MG51D088METP,Deposit,,1158175.22,ARS,3309.07,App,,,,Argentina,Mendoza,Approved,00,False,15.31,,
TRX-AZDTCWOOBQG8TB0GLO13,2026-05-28 21:29:38,2026-05-28,PRD-DH6BU856HZPI,CLI-3JL2M0LYTSJC,Purchase,Food,152.81,USD,,ATM,SUC-8XAGRKOC,Super Ahorro,Food,México,,Approved,00,False,6.03,,
TRX-9A6QMZ5YUA1HI0HFGR0M,2026-05-28 16:30:03,2026-05-28,PRD-XQOCTTX8FY3Y,CLI-QE0LJ1U26ZE8,Payment,Entertainment,7081166.75,COP,1770.29,POS,,,,Colombia,Cartagena,Approved,00,False,,,
TRX-ZZUB6XW8BI92XLHYN3X7,2026-05-29 03:27:32,2026-05-28,PRD-AN48KUNUW56S,CLI-NRMFNEMXDIP0,Purchase,Services,304.35,USD,,POS,,Servicios Públicos,Services,México,Tijuana,Approved,00,False,5.98,,
TRX-F6KZ9LWS56ZF8666HW0Q,2026-05-29 02:45:47,2026-05-28,PRD-6CQ9NCI8K93Q,CLI-JXGDZD8QNJ4E,Withdrawal,,35318.43,ARS,100.91,ATM,SUC-NRVN9ND4,,,Argentina,La Plata,Approved,00,False,19.23,,
TRX-753LRR3HZ426MQGKM4P1,2026-05-29 00:50:47,2026-05-28,PRD-XFMVY9W39KP6,CLI-WXCWVMCD4V92,Withdrawal,,1795049.96,COP,448.76,POS,,,,Colombia,Cali,Declined,51,False,,,
TRX-60ZWVOOSVOQTKWWGZ1Z7,2026-05-28 06:59:19,2026-05-28,PRD-T8W22XQDEFD2,CLI-DDZ6W232471D,Payment,Entertainment,1323102.31,COP,330.78,Web,,,,Colombia,Bogotá,Pending,05,False,12.53,,
TRX-8NCHHOO1SZUPHP8MVLB1,2026-05-29 05:52:47,2026-05-28,PRD-25EZ7I26425L,CLI-VMT2CMSGK5GZ,Transfer,,1239.88,USD,,App,,,,México,Monterrey,Approved,00,False,18.45,,
TRX-AT8Z0W3BAACHW82K28QO,2026-05-28 07:48:59,2026-05-28,PRD-GYJAW558C1PY,CLI-KISO8KLO6QMJ,Transfer,,1505047.03,ARS,4300.13,ATM,SUC-0LZRXHCF,,,Argentina,Buenos Aires,Approved,00,False,29.01,-34.0336,-58.845199
TRX-5MEXFJWJGYLIN6FP854D,2026-05-28 12:30:11,2026-05-28,PRD-Q5A3XHZ9NGHF,CLI-A720KTUYND0X,Purchase,Entertainment,1322777.52,COP,330.69,ATM,SUC-PNT72MIS,,Entertainment,Colombia,Bogotá,Approved,00,False,13.82,,
TRX-VPBO52FE98F5530EY6P3,2026-05-28 22:30:55,2026-05-28,PRD-JE4D4DXJ577O,CLI-MIGNRBSZ84B6,Withdrawal,,496.25,USD,,App,,,,México,Querétaro,Approved,00,False,4.81,,
TRX-8POLNMW7XVTUVEEZACM9,2026-05-28 23:43:31,2026-05-28,PRD-3ON9VLBBMTVX,CLI-9R6UC3NJNCV2,Transfer,,24743246.67,COP,6185.81,ATM,SUC-DLYE60QN,,,Colombia,Medellín,Approved,00,False,24.16,3.7365973,-74.0468759
TRX-PC62ZLYATRSERU8D19PJ,2026-05-29 01:04:31,2026-05-28,PRD-MGQA31EEY25R,CLI-Y8VDAIIRHZXQ,Withdrawal,,378.94,USD,,ATM,SUC-6RHR3MME,,,México,Tijuana,Approved,00,False,4.61,,
TRX-OBMZBE1I9DU988V1305M,2026-05-29 01:14:00,2026-05-28,PRD-055C97WU4YEB,CLI-BMY4USSOGSRB,Purchase,Food,824627.54,COP,206.16,Web,,Restaurante El Buen Sabor,Food,Colombia,Medellín,Approved,00,False,29.43,,
TRX-5SICNBQZM197EG39TWI3,2026-05-28 13:52:40,2026-05-28,PRD-5R975VUY4BL1,CLI-97A8HJKHQ7DZ,Payment,Services,948.32,USD,,ATM,SUC-SCFDICUT,,,México,Tijuana,Approved,00,False,29.73,,
TRX-NLY6K0LDAIL7U99XJJA8,2026-05-28 16:28:33,2026-05-28,PRD-KSGX31AEVO41,CLI-AN7RHWCFHYO0,Purchase,Other,350.12,USD,,POS,,Ferretería,Other,México,Querétaro,Approved,00,False,21.48,0.7660706,0.4297767
TRX-IDNL01DWGL063TQHNB0Y,2026-05-28 23:39:41,2026-05-28,PRD-AY2YRVBW0WII,CLI-AHHUZZHL3T2L,Payment,Transport,6072868.79,COP,1518.22,Web,,,,Colombia,,Approved,00,False,2.05,,
TRX-XF7V8NRDEJGX6DBZPRZ8,2026-05-29 02:18:28,2026-05-28,PRD-B1UNIR1HPFEX,CLI-ZC43CIZ4TLSY,Withdrawal,,98.71,USD,,ATM,SUC-KYUNO9E0,,,México,,Approved,00,False,14.69,0.3047503,0.7893204
TRX-5I0LYCRYPXGMS4E66T52,2026-05-29 02:39:14,2026-05-28,PRD-0F9ME15RVV46,CLI-4Z4OQS22DRTI,Payment,Food,924.6,USD,,POS,,,,México,Tijuana,Approved,00,False,1.58,,
TRX-Z0PZFF39KP3IOE1XNMN4,2026-05-28 10:59:54,2026-05-28,PRD-TWVH9XT17W4C,CLI-O46FP6TPKQYY,Payment,Services,2609305.29,COP,652.33,POS,,,,Colombia,Barranquilla,Approved,00,False,24.88,5.5494951,-74.0332472
TRX-1WBDTT4AOW88H9WR6CJ5,2026-05-28 10:13:50,2026-05-28,PRD-3ZA79ETW0ELJ,CLI-LT6D037LLK6D,Deposit,,589879.64,ARS,1685.37,Web,,,,Argentina,La Plata,Approved,00,False,0.83,,
TRX-UVXPLMW205KW6YEHMH04,2026-05-29 03:00:49,2026-05-28,PRD-QMLLL4T7QZ6Z,CLI-S3A6YZ2ZO4R6,Purchase,Entertainment,412.32,USD,,Web,,Conciertos Live,Entertainment,México,Monterrey,Approved,00,False,,,
TRX-C4VQ2CE6NZUZM5P8H5XW,2026-05-28 13:51:10,2026-05-28,PRD-FZJ407UQZY9L,CLI-BET5PXZZ2ANB,Transfer,,9727.77,USD,,ATM,SUC-7TVQFT2O,,,México,Querétaro,Approved,00,False,14.63,-0.591522,
TRX-8QRKSYGVBQDZ2KIR158Y,2026-05-28 10:18:56,2026-05-28,PRD-76N532J1217O,CLI-HULL0V1CT88Y,Deposit,,12363593.21,COP,3090.9,ATM,SUC-H9U13579,,,Colombia,Barranquilla,Approved,00,False,13.64,,
TRX-TT7SQ8ZXAS6IWQPR2QVK,2026-05-29 03:49:18,2026-05-28,PRD-D46VEPD0NMR3,CLI-RVLG06XD8VDH,Deposit,,2360.35,USD,,ATM,SUC-A9BJ48OP,,,México,Puebla,Approved,00,False,15.09,,
TRX-NVA0E986E2J8FACYAFI1,2026-05-28 19:34:27,2026-05-28,PRD-QOSAT801XWYA,CLI-EXHTDUF7MWKR,Withdrawal,,1708759.55,COP,427.19,Web,,,,Colombia,Cali,Approved,00,False,28.13,,
TRX-1KXLF7KAVRVGV0E3ORKG,2026-05-28 18:14:00,2026-05-28,PRD-FN3SY5GJW56U,CLI-6X51U8QQD24L,Purchase,Health,217.44,USD,,ATM,,Farmacia Salud,Health,México,Ciudad de México,Approved,00,False,,,
TRX-1B0CJY5KXP09HSACYORM,2026-05-28 08:53:09,2026-05-28,PRD-XRDPL58XTAV6,CLI-QMMRO2E11BL3,Transfer,,5622.84,USD,,Web,,,,México,Guadalajara,Declined,51,False,15.33,,
TRX-LRSTBJG21V7KSVOARROQ,2026-05-28 06:08:45,2026-05-28,PRD-3615HC87KFTN,CLI-EF3J885GS8NK,Transfer,,12458060.92,COP,3114.52,ATM,SUC-GPHM9NB1,,,Colombia,Cartagena,Approved,00,False,,,
TRX-JIOMEAMZOZEQATKYAHJN,2026-05-28 08:12:47,2026-05-28,PRD-BBO4XXOILGH0,CLI-ZUU5GDMFRB66,Transfer,,7690.8,USD,,ATM,SUC-2Z7NT3UT,,,México,Ciudad de México,Declined,,False,15.24,-0.2655118,0.5304359
TRX-8S2ESZKA3OO0RINYUS6C,2026-05-28 10:42:32,2026-05-28,PRD-Q4I1SLQNIQ82,CLI-5I0RZ4FDP6UB,Purchase,Entertainment,174937.86,ARS,,POS,,Teatro Nacional,Entertainment,Argentina,Buenos Aires,Approved,00,False,,,
TRX-I6IIG0YVOW3JO9B8BQDG,2026-05-29 05:32:20,2026-05-28,PRD-CBWBUPOV66XA,CLI-UPHMA025SLNV,Withdrawal,,141599.31,ARS,404.57,Branch,SUC-7ZY1HPL0,,,Argentina,,Approved,00,False,3.56,-34.1530114,-59.1298848
TRX-ED1A1HQQUGNL1M6OGYCI,2026-05-28 22:13:01,2026-05-28,PRD-STTWR2JZKCSK,CLI-VPIP2G9ED3EP,Transfer,,18771051.43,COP,4692.76,ATM,SUC-X3OFCBL0,,,Colombia,Cali,Approved,00,False,24.68,4.9722399,-74.6008598
TRX-UBUXAED28LBNC3K6N4LB,2026-05-29 04:58:19,2026-05-28,PRD-3L4B8UQ0WKEX,CLI-Z253V7X0UPSQ,Transfer,,15252300.28,COP,3813.08,App,,,,Colombia,Bogotá,Approved,00,False,,,
TRX-M1LASE06I1F8XZYCYLIR,2026-05-28 17:37:49,2026-05-28,PRD-H33B9A2B2JY1,CLI-Z7B763YPLDC9,Withdrawal,,1904769.39,COP,476.19,POS,,,,Colombia,Cali,Approved,00,False,1.74,,
TRX-8C1W9LVOBND75EA5AMR6,2026-05-28 22:40:39,2026-05-28,PRD-92SG952Y8GJ8,CLI-W19AQ4AQHP3Z,Payment,Services,3607424.27,COP,901.86,Web,,,,Colombia,Bogotá,Pending,54,False,,,
TRX-7NJ6DIEFN7542C1LKW0Q,2026-05-28 15:51:12,2026-05-28,PRD-FDV1GJCQCJOT,CLI-XKD014E5Q1YI,Purchase,Food,1015778.39,COP,253.94,POS,,Restaurante El Buen Sabor,Food,Colombia,Bogotá,Approved,,False,,,
TRX-081KXUN5UT5M5655UN4V,2026-05-29 00:02:52,2026-05-28,PRD-EN71Y7INEIIX,CLI-YUR3I308KH3S,Purchase,,135443.69,ARS,386.98,ATM,SUC-FXWYIOXF,Servicios Públicos,Services,Colombia,Cali,Approved,00,False,6.3,,
TRX-R17N1RVOT4QWOK4E09LB,2026-05-28 07:50:36,2026-05-28,PRD-2HYYO27YQH5B,CLI-RNPVHD0I6G02,Transfer,,7483597.36,COP,1870.9,Web,,,,Colombia,Barranquilla,Approved,00,False,20.21,,
TRX-QNR0H48UNHGOHWYI4SG4,2026-05-28 11:33:10,2026-05-28,PRD-2OZWO5W55EN3,CLI-863C9ONJVMLP,Transfer,,4284.53,USD,,POS,,,,México,,Pending,51,False,6.95,-0.7284492,-0.7475159
TRX-AXIH3BPCU6FNB5HW6Q1S,2026-05-28 19:51:56,2026-05-28,PRD-G0CIA5BAY62F,CLI-F7KNMH4LA9GR,Deposit,,4370.53,USD,,Web,,,,México,Puebla,Approved,00,False,27.44,,
TRX-RQTYX80JHV58L9PAN3WG,2026-05-28 22:07:25,2026-05-28,PRD-E189RZYW7OQP,CLI-45Y2C2Y68SI9,Transfer,,33456883.08,COP,8364.22,ATM,SUC-7P0XNXTG,,,Colombia,Bogotá,Approved,00,False,14.64,4.2649308,-74.7458322
TRX-W2HZRGYOEHLIP55DUDBM,2026-05-29 00:52:49,2026-05-28,PRD-G21OEPQ40QJO,CLI-CDZQV0NI5L1X,Purchase,Food,339.26,USD,,ATM,SUC-VTIA5X8Y,Mercado Central,Food,México,Monterrey,Approved,00,False,,,
TRX-GB6UUC72JU2TC3KMQ65D,2026-05-29 05:32:57,2026-05-28,PRD-OLD3U6PKVF18,CLI-4NTT7NOPTLND,Purchase,Entertainment,91.87,USD,,Branch,SUC-JGJN78RV,Conciertos Live,Entertainment,México,Ciudad de México,Approved,,False,,,
TRX-YEEUNU2AZ9XUTV6CZKWW,2026-05-28 22:26:13,2026-05-28,PRD-KNAH0M73U7BI,CLI-PBDU8SV62DLI,Transfer,,32557901.15,COP,8139.48,ATM,SUC-8UUCS42Y,,,Colombia,Cartagena,Approved,00,False,13.04,,
TRX-UUV3FDU208Q6FBVPVXOY,2026-05-28 20:01:13,2026-05-28,PRD-G84ZOE83140D,CLI-N8QXKADIMX5Y,Deposit,,815.09,USD,,App,,,,México,Puebla,Approved,00,False,29.64,,
TRX-5F45AXABS2YJJ688FCGZ,2026-05-28 08:46:14,2026-05-28,PRD-9IWIYRQS844D,CLI-KHXH1ZLZF66B,Transfer,,35112313.91,COP,8778.08,POS,,,,Colombia,Medellín,Pending,,False,,,
TRX-4D26BFD8EZQRTCXQGSXO,2026-05-29 05:53:47,2026-05-28,PRD-Z8QB6BBPBH5M,CLI-N6E81E9T5SJ9,Purchase,Services,312.99,USD,,POS,,Internet Plus,Services,México,Monterrey,Approved,00,False,20.18,,
TRX-RHSJXL80NH2BJSHFYGSC,2026-05-29 00:27:52,2026-05-28,PRD-L0F04RBLTDHT,CLI-P4OQH758KNK3,Transfer,,553.39,USD,,ATM,SUC-C28AFJAZ,,,México,Guadalajara,Approved,,False,9.35,,
TRX-JZW35BGI37IY5E3SG40M,2026-05-28 14:16:27,2026-05-28,PRD-2NHVG02KPAG2,CLI-XHZ890V4STAW,Withdrawal,,471762.37,COP,117.94,Branch,SUC-HAC1OZ8F,,,Colombia,Cali,Approved,00,False,15.03,,
TRX-HHM7H3TR2QZ34GUXYYXN,2026-05-28 15:58:10,2026-05-28,PRD-76NVZN1OXBGI,CLI-D6RHXVZE4O9A,Purchase,Food,443.71,USD,,POS,,Tienda Don José,Food,México,Monterrey,Approved,00,False,1.42,,
TRX-NSYPFAU6R9QJMZTHI3DB,2026-05-29 01:53:36,2026-05-28,PRD-OADJ7AMRSJCR,CLI-3XT1G7YGWR6R,Payment,Entertainment,1336734.39,COP,334.18,ATM,SUC-WH83BE50,,,Colombia,Cartagena,Approved,00,False,10.3,,
TRX-Q8WGIY6H8UUKALTV474U,2026-05-29 02:40:49,2026-05-28,PRD-AQDK80O7FXGW,CLI-JJQL3J29V8G1,Transfer,,1806.2,USD,,Branch,SUC-7T5LBQT3,,,México,Querétaro,Declined,14,False,24.56,,
TRX-APNQE6LF8VOM2H4P8WYV,2026-05-29 00:50:01,2026-05-28,PRD-4NJNLXZBTOR7,CLI-KOFYWEDHG465,Adjustment,,146409.32,ARS,418.31,App,,,,Argentina,La Plata,Approved,00,False,22.07,,
TRX-JZSB4LWWC1IC5923HPHG,2026-05-29 04:44:36,2026-05-28,PRD-BTI565YOUL6M,CLI-1AFGRGRDZH5W,Withdrawal,,302.19,USD,,POS,,,,México,Monterrey,Approved,00,False,,,
TRX-4FLVANSSGAGX54GDCZ16,2026-05-29 05:56:23,2026-05-28,PRD-HXF3CWEQ2MBV,CLI-NXWPHB60A8FI,Purchase,Food,137.56,USD,,POS,,Mercado Central,Food,México,Guadalajara,Approved,00,False,,0.207643,0.2053166
TRX-7GFDL201CYUQHVOEGEUM,2026-05-28 23:25:35,2026-05-28,PRD-3QTTF7WRGNZR,CLI-0H0T9RERMJBC,Adjustment,,364.31,USD,,Web,,,,Argentina,Buenos Aires,Approved,00,False,,,
TRX-9H8TTXPE21DQHT2JA9LO,2026-05-29 01:17:46,2026-05-28,PRD-KQS1MFJRDALC,CLI-BPIIUQAWEBG6,Payment,Services,260755.29,ARS,745.02,POS,,,,Argentina,Rosario,Approved,00,False,12.41,,
TRX-0UBNTTQ62VQLNQ4Q0NYU,2026-05-29 02:21:53,2026-05-28,PRD-5O1X611DM8XX,CLI-36MB6KCYBZUB,Payment,Transport,283.63,USD,,ATM,SUC-KYUNO9E0,,,México,Ciudad de México,Approved,00,False,16.1,,
TRX-OA29NR69GEASSMW5E5I4,2026-05-28 23:20:12,2026-05-28,PRD-FNI1URRBBTJF,CLI-F9FBXD2667A1,Payment,Other,409.33,USD,,POS,,,,México,Querétaro,Approved,00,False,25.78,,
TRX-1ON1SWE6KMXLAE2PIX3L,2026-05-28 21:58:38,2026-05-28,PRD-MAHF8WVS28JU,CLI-VNEB8048W3UY,Withdrawal,,399868.49,COP,99.97,ATM,SUC-A4SSWF0H,,,Colombia,Cali,Approved,00,False,3.4,4.2458422,-73.1783199
TRX-58JUJPRRANPGUAN67VS7,2026-05-29 03:15:52,2026-05-28,PRD-86E1ZNSNHEEJ,CLI-T2GX3ESU85IG,Purchase,Other,1237206.36,COP,,POS,,Centro Comercial,Other,Colombia,Barranquilla,Declined,54,False,0.49,,
TRX-FLBOCUXU6AM14WBRZKRO,2026-05-28 19:19:22,2026-05-28,PRD-Z72UCP2OIJXJ,CLI-NDNJ57A7TY9F,Withdrawal,,208.32,USD,,Transfer,,,,México,Guadalajara,Approved,00,False,2.43,,
TRX-4MDEBQ0UCOSYBQ8QHKRM,2026-05-28 12:40:49,2026-05-28,PRD-KGBYH5OAR5T7,CLI-TRTFRJ80GI53,Payment,Food,45350.77,ARS,129.57,ATM,SUC-VPCJ60UW,,,Argentina,Buenos Aires,Approved,00,False,,-34.2976763,-59.0087466
TRX-AYZC3EBIKU1BPVQZ7QBJ,2026-05-29 01:42:21,2026-05-28,PRD-86O9CRRCFUN3,CLI-9MAR30JWM596,Purchase,Food,141.56,USD,,POS,,Restaurante El Buen Sabor,Food,USA,Los Angeles,Approved,00,False,4.91,,
TRX-PV1HGSJO4C6QN9QNX6YM,2026-05-28 13:16:29,2026-05-28,PRD-3O7T6DWSN02S,CLI-JBFIH4Y4P46J,Purchase,Food,92147.23,COP,23.04,POS,,Super Ahorro,Food,Colombia,Bogotá,Approved,00,False,4.91,5.5320688,-73.7412221
TRX-2WINZMEZIYAUSDI42F33,2026-05-28 21:58:43,2026-05-28,PRD-GK1AYQHLABC0,CLI-WS13H8EBE88X,Purchase,Food,191.33,USD,,POS,,Restaurante El Buen Sabor,Food,México,Guadalajara,Approved,00,False,22.15,,
TRX-D8WYM2HKUXGOMR39FHLX,2026-05-29 05:43:18,2026-05-28,PRD-IHRAV3R1LZ3K,CLI-19LJMAO9EVG5,Deposit,,2550.58,USD,,ATM,SUC-XT96PBC0,,,México,Ciudad de México,Approved,00,False,3.36,,
TRX-GLUTT2XGZ0PT2JJTC0RC,2026-05-28 16:09:09,2026-05-28,PRD-7IU4ZF7LSS1D,CLI-QLBZ8DKO1IDY,Purchase,Other,93.98,USD,,ATM,SUC-9DE11KDA,Boutique Moda,Other,México,Querétaro,Approved,00,False,9.53,,
TRX-F7WOA1P7T48FVF6IPWI0,2026-05-29 01:25:54,2026-05-28,PRD-CRNUBR9H5Q1A,CLI-B8RLT4KUVQZC,Deposit,,14696714.6,COP,3674.18,App,,,,Colombia,Cali,Approved,00,False,,,
TRX-WLXPZHC1DZW76QE9C0ET,2026-05-29 05:44:54,2026-05-28,PRD-NCH25AXKT7ZG,CLI-5HK16IFF2K2V,Withdrawal,,304.58,USD,,App,,,,México,Guadalajara,Approved,00,False,29.16,,
TRX-BIKWJBDJ4ISL3PC03EZ0,2026-05-28 09:20:16,2026-05-28,PRD-97X5DNZYRDS9,CLI-0U7QTL6TETUT,Payment,Food,71.85,USD,,Web,,,,México,Ciudad de México,Approved,00,False,13.13,,
TRX-O0FGXGU02QM6KEY9N5P3,2026-05-29 02:53:05,2026-05-28,PRD-JTSUJTNVHFK5,CLI-47M26IG5B67H,Payment,Entertainment,197503.94,ARS,564.3,App,,,,Argentina,Buenos Aires,Approved,00,False,,,
TRX-VM9Y17GTPNA3IXTAJ3QG,2026-05-29 04:32:44,2026-05-28,PRD-86W9U0IYEIKA,CLI-0XTGVSGP3OWF,Transfer,,23072540.52,COP,5768.14,App,,,,Colombia,Bogotá,Approved,00,False,5.78,,
TRX-SLQUQXGDICUWUZ0WM3BZ,2026-05-28 19:38:04,2026-05-28,PRD-QDIGK4W5LSFM,CLI-S9MP2AWEPRSH,Transfer,,517.94,USD,,POS,,,,México,Puebla,Approved,00,False,,,
TRX-AGN4SZ3DLVBF851WZ8LW,2026-05-28 22:32:21,2026-05-28,PRD-HD2607GKHMTA,CLI-UDES8FVE44HU,Transfer,,7880.44,USD,,Branch,SUC-4ZFT9FN6,,,México,Monterrey,Approved,00,False,19.8,,
TRX-6UA97XJOHF8HW08FCSOX,2026-05-28 13:50:11,2026-05-28,PRD-RV087XH9WKCH,CLI-YFYBOROJAAPB,Transfer,,3162278.68,ARS,9035.08,Web,,,,Argentina,La Plata,Approved,00,False,20.99,,
TRX-49VXPHUDXY439BQD1PB3,2026-05-28 07:09:13,2026-05-28,PRD-JOMHHVZKIKPL,CLI-XHN9FCJ6L5ZY,Deposit,,231.47,USD,,App,,,,México,Ciudad de México,Approved,00,False,18.57,,
TRX-IHOPDFU7H4Z4RHF1M0O6,2026-05-28 16:02:45,2026-05-28,PRD-2IA57Z358WT3,CLI-3JTXM7AP9J9X,Transfer,,2236538.42,ARS,6390.11,ATM,SUC-FXWYIOXF,,,Argentina,Buenos Aires,Approved,00,False,,,
TRX-27BP8XEPDOK45RLR6ONU,2026-05-29 00:41:50,2026-05-28,PRD-3L75HYKFMHMS,CLI-LHPF1HOZNNAH,Payment,Other,5559962.64,COP,1389.99,App,,,,Colombia,Barranquilla,Approved,00,False,3.9,,
TRX-NLRZLZCGAYC4WNH66DBS,2026-05-28 15:43:53,2026-05-28,PRD-2E5FP9KZU8FV,CLI-DTSBSNI93SAQ,Deposit,,939286.64,ARS,2683.68,ATM,SUC-BMVBUHCL,,,Argentina,Buenos Aires,Approved,00,False,2.43,-33.6615715,-58.3846131
TRX-4THYWHWQL8RYGJYE64M5,2026-05-28 18:27:00,2026-05-28,PRD-B43YKCNYGFU5,CLI-QZZL0MQAN9XY,Transfer,,34355979.56,COP,8588.99,ATM,SUC-4B1UVBW3,,,Colombia,Barranquilla,Approved,00,False,7.12,,
TRX-LNS7MB49U1GRA7WHAF23,2026-05-28 11:02:06,2026-05-28,PRD-0OYKZG5NZE2F,CLI-O0CFV6M5URLI,Purchase,Other,121533.2,ARS,347.24,ATM,SUC-NXELWI6F,Centro Comercial,Other,Argentina,Mendoza,Approved,00,False,7.88,,
TRX-5AXZEK5A2PWITLMSEBAW,2026-05-28 20:02:41,2026-05-28,PRD-7N3HYL0Z7C42,CLI-C353FYAON148,Purchase,Services,167.45,USD,,Web,,Empresa Telefónica,Services,México,Guadalajara,Approved,00,False,,,
TRX-2NZ0IR504JLHUQ4EA81P,2026-05-28 23:28:12,2026-05-28,PRD-KUKDWB93817L,CLI-7W1JDNJ8I87Z,Withdrawal,,273.27,USD,,Transfer,,,,México,Guadalajara,Approved,00,False,21.77,,
TRX-N9PFN9VWLAQ8B1NJQEWA,2026-05-28 21:19:10,2026-05-28,PRD-7AKXVY84G1YN,CLI-HPZ1LTM7SC56,Payment,Health,7971231.88,COP,1992.81,ATM,SUC-4B1UVBW3,,,Colombia,,Approved,00,False,12.09,4.2951915,-74.6877858
TRX-NEEA558PAQG5ERQR8I19,2026-05-28 19:47:54,2026-05-28,PRD-VIAVKKELNUY1,CLI-W4FCAH93UGNI,Purchase,Entertainment,417.57,USD,,Branch,SUC-XSMNXFJN,Cine Premium,Entertainment,México,,Approved,00,False,7.22,,
TRX-ERZI1FRXE6ILZTVIX59M,2026-05-29 05:34:09,2026-05-28,PRD-WWFX4E7FLUDA,CLI-VGGGFBJ04Q90,Purchase,Entertainment,11434.93,ARS,32.67,ATM,SUC-2T5PUX8Q,Cine Premium,,Argentina,Mendoza,Approved,00,False,27.65,-33.9254778,-57.780908
TRX-ZH6PVVQ9102BHZHGYFX1,2026-05-28 20:53:32,2026-05-28,PRD-VZUQ74UW5DHB,CLI-H53FIB23PQSO,Payment,Food,940.88,USD,,ATM,,,,México,Tijuana,Approved,00,False,1.3,,
TRX-0HEM1M9RO2TDUINWSPK9,2026-05-28 12:56:36,2026-05-28,PRD-JD4OBWTS6JFS,CLI-146C0X4CXDHJ,Deposit,,4463.61,USD,,POS,,,,México,Querétaro,Approved,00,False,24.0,,
TRX-GFNKMYFQWYD3QI5C6AN3,2026-05-28 13:49:25,2026-05-28,PRD-73FW10Z3NKPU,CLI-QKZ45SG1HX4G,Transfer,,704564.0,ARS,2013.04,POS,,,,Argentina,Mendoza,Approved,00,False,20.2,,
TRX-FUDV2QHDKKITDB707ZUU,2026-05-28 22:17:47,2026-05-28,PRD-DYFB0SGXBA1L,CLI-BR923W57OM04,Transfer,,8408.5,USD,,POS,,,,México,Puebla,Approved,00,False,,,
TRX-YPEEB0B9Y3OV5FHPINCE,2026-05-28 07:51:19,2026-05-28,PRD-M5GSTDS8PWNT,CLI-NBEIID490KB2,Transfer,,701541.4,ARS,2004.4,ATM,SUC-5S93Z8YS,,,Argentina,Buenos Aires,Approved,00,False,29.81,,
TRX-QKLV7RZXIFYJYPYL5P6W,2026-05-28 11:35:32,2026-05-28,PRD-HLOHXVJDI574,CLI-F689TPCGJ56E,Payment,Food,194160.92,ARS,554.75,Web,,,,Argentina,,Approved,00,False,22.53,,
TRX-6KXHBVJMR0ATULHLMKV2,2026-05-28 15:17:33,2026-05-28,PRD-4NZ0CDBEAYQO,CLI-KIB7CJND4H14,Deposit,,1355.77,USD,,App,,,,México,Ciudad de México,Approved,00,False,1.97,,
TRX-BLOYO0X1ELF6LGDREHG4,2026-05-28 11:12:48,2026-05-28,PRD-R9J0WBGQC3QF,CLI-HWNTQVSQPNSZ,Withdrawal,,82074.74,ARS,234.5,ATM,SUC-46JOBFMX,,,Argentina,Córdoba,Approved,00,False,0.04,-34.6028169,-57.8373705
TRX-LD2PX6D9NPLXDN2EBUCH,2026-05-28 23:44:35,2026-05-28,PRD-CFUJCLAMT0D3,CLI-SKC48HCA7ANS,Payment,Transport,571356.71,COP,142.84,POS,,,,Colombia,Cali,Approved,00,False,0.03,,-73.2349457
TRX-BSTD740IY2FX2CON5CC9,2026-05-28 18:06:08,2026-05-28,PRD-ZXGIKI8PXRC5,CLI-320RB3KQYH83,Adjustment,,786.89,USD,,POS,,,,México,Guadalajara,Approved,00,False,8.31,,
TRX-OILZN86HOIT8705NGF8F,2026-05-29 01:45:32,2026-05-28,PRD-77TLWAMIJTR0,CLI-VWAN8N87LGUX,Purchase,Food,426.52,USD,,Web,,Mercado Central,Food,Colombia,Cali,Approved,00,False,,,
TRX-SNYG45XZEJ6LB7DWBUY8,2026-05-28 18:36:20,2026-05-28,PRD-OYBVPR1NG4A5,CLI-0F3ROSZ1FBM7,Transfer,,4569.14,USD,,Web,,,,México,Puebla,Approved,00,False,,,
TRX-JJ2PQ00A8ZVYLNYT97OV,2026-05-29 01:08:18,2026-05-28,PRD-Z4PNGL3Y07CU,CLI-IKX6BVDD6XXS,Withdrawal,,377.19,USD,,App,,,,México,Monterrey,Approved,00,False,,,
TRX-6SVJLIPPOIY0T9APRCRU,2026-05-28 13:04:34,2026-05-28,PRD-NOFAHG113QL7,CLI-97ZC8NQGPW4U,Transfer,,560874.67,ARS,1602.5,App,,,,Argentina,Buenos Aires,Approved,00,False,24.02,,
TRX-XUC8PYWILBG088IH15YF,2026-05-29 05:32:10,2026-05-28,PRD-PIWXUVYR3O5X,CLI-10M403BMQBWF,Payment,Entertainment,698.86,USD,,Web,,,,Spain,Valencia,Approved,00,False,11.94,,
TRX-O267B336HY76EFPXBSV4,2026-05-28 07:54:13,2026-05-28,PRD-I10SEDVQEKKI,CLI-RA6740XJZTFE,Transfer,,1546489.67,ARS,4418.54,App,,,,Argentina,Rosario,Approved,00,False,,,
TRX-6W8FOXW9H2VLIDYLTO3S,2026-05-28 13:54:34,2026-05-28,PRD-TJR8J08TPA7X,CLI-M94Y9VW89WZO,Purchase,Services,64.9,USD,,Branch,SUC-JYU0POJ9,Servicios Públicos,Services,México,Ciudad de México,Approved,00,False,9.49,,
TRX-8PILTHQGLRSFP20MCR23,2026-05-29 05:57:56,2026-05-28,PRD-MLZO8MC8DZIA,CLI-GUQF8U49QNYL,Deposit,,2958627.36,COP,739.66,ATM,SUC-OGCB7RT2,,,Colombia,Cartagena,Pending,14,False,23.0,,
TRX-OQ7LO5E6NFYX80OYL9T1,2026-05-28 06:55:18,2026-05-28,PRD-QSO2KKJXOFYQ,CLI-01RAVBQX08IP,Adjustment,,281.26,USD,,POS,,,,México,Querétaro,Approved,00,False,28.58,,
TRX-DF3VOMQZPV7G0VVFBMVY,2026-05-28 13:11:12,2026-05-28,PRD-2DZQCQOD1RB1,CLI-MTTR6SNWY972,Withdrawal,,116.43,USD,,App,,,,México,Guadalajara,Approved,00,False,9.23,,
TRX-JL5MH7MDB5KE1E7QZFON,2026-05-28 13:49:40,2026-05-28,PRD-DDBGVGYTVSIE,CLI-MUH1GEOL8NF8,Purchase,Health,136994.03,ARS,391.41,POS,,Laboratorio Central,Health,Argentina,,Pending,51,False,2.7,-34.274241,-58.2660437
TRX-PCEENQ7UOVLV2Q8HF48Y,2026-05-29 03:51:42,2026-05-28,PRD-LOADDL8JHWLD,CLI-JWYTV3XH5IMM,Purchase,Food,383.57,USD,,POS,,Restaurante El Buen Sabor,Food,México,Ciudad de México,Approved,,False,14.45,-0.0270727,0.233355
TRX-1ARKHOJZF4SB94HE4I8M,2026-05-28 07:52:32,2026-05-28,PRD-2WMJ96U969SZ,CLI-X5B8V8RASPWC,Withdrawal,,403.64,USD,,POS,,,,Mexico,Ciudad de México,Approved,00,False,18.57,-0.465523,-0.6481358
TRX-WC6P9RY9LLNYET20ASTN,2026-05-28 14:06:03,2026-05-28,PRD-RNRXD7CHHYTB,CLI-EX7LX9EHOFCT,Transfer,,1360.7,USD,,POS,,,,México,Guadalajara,Approved,00,False,7.17,,
TRX-PS1VFK2605LRYGSMS1HW,2026-05-28 21:17:06,2026-05-28,PRD-4DX3V3DML27Z,CLI-QPMS6LJFSMW8,Transfer,,26700379.74,COP,6675.09,POS,,,,Colombia,Cali,Approved,00,False,4.54,5.0618521,
TRX-D66BOI17OX5J11X6ZHY8,2026-05-29 05:23:57,2026-05-28,PRD-13104F0UOIDU,CLI-VFP92BKZ2FZ4,Transfer,,5411.0,USD,,ATM,SUC-8QU1XFUX,,,México,Puebla,Declined,54,False,29.1,,
TRX-OH3TPL9LEUTPXQP3W5T3,2026-05-28 23:29:44,2026-05-28,PRD-YMP4EVEZ9Z8X,CLI-D21L9UE2DFLV,Payment,Food,950.51,USD,,POS,,,,Argentina,Rosario,Approved,00,False,28.88,4.7137615,-74.2984122
TRX-4X3GNDNY4DXOP0O0FMF7,2026-05-28 10:11:54,2026-05-28,PRD-DBE7NZ53ZDFI,CLI-JKUGV5OVSGTT,Transfer,,3699.76,USD,,Web,,,,Brazil,Brasília,Approved,00,False,18.6,,
TRX-KLKF5LJO4R4AR8WC8FVY,2026-05-29 00:18:20,2026-05-28,PRD-ORDU9OK9GVDO,CLI-0YVATC8KGKU9,Deposit,,1513743.52,ARS,4324.98,Branch,SUC-HBYNA6O6,,,Argentina,La Plata,Declined,54,False,10.98,,
TRX-QSW4NHE53OCV9ITA6FET,2026-05-28 09:19:08,2026-05-28,PRD-LFKKD9VD2967,CLI-CUDUFP2ZJBO6,Deposit,,1070031.85,ARS,3057.23,App,,,,Argentina,Mendoza,Approved,00,False,6.04,,
TRX-WB37KP7AY7BBLJA1022V,2026-05-28 09:09:33,2026-05-28,PRD-70C2FSR1JNI4,CLI-HF1NGQXV218K,Transfer,,9164.45,USD,,POS,,,,México,Guadalajara,Approved,00,False,,0.4092345,0.8146272
TRX-4OYE5LV1O5G53H533DG7,2026-05-28 14:44:05,2026-05-28,PRD-N2ZYZB7HFMFH,CLI-PI575TV3NMIQ,Withdrawal,,219.37,USD,,ATM,SUC-CUMTPAM3,,,México,Guadalajara,Approved,00,False,,,
TRX-R1X95TJD2QG9DXGM2RVL,2026-05-28 19:14:20,2026-05-28,PRD-A0UALAP6C25E,CLI-QVQ9S31VHLBD,Payment,Food,4444442.45,COP,1111.11,POS,,,,Colombia,Barranquilla,Approved,00,False,7.53,,
TRX-XHW40KDL40SD1O8D3RTV,2026-05-28 08:55:58,2026-05-28,PRD-DX2GZLONZQA4,CLI-69KHNB4TQQF4,Payment,Food,1865.54,USD,,App,,,,México,Ciudad de México,Approved,00,False,17.03,,
TRX-EZTNFGO35HM1M20JJ8PZ,2026-05-28 11:22:20,2026-05-28,PRD-Z7LQOJACJCFB,CLI-6GZ2FTDTNP3J,Transfer,,6948.15,USD,,ATM,SUC-ZXOSBE5D,,,México,,Approved,00,False,6.96,,
TRX-3KBZPTW36DWF3EB1C3CD,2026-05-28 09:53:32,2026-05-28,PRD-6S7AOI2UNXUW,CLI-8E2W3HRHTJ0G,Purchase,Transport,807925.24,COP,201.98,POS,,Uber,Transport,Brazil,Rio de Janeiro,Approved,00,False,27.01,5.2636702,-73.5524717
TRX-9HUCXZ5RNLQR2ARTMXRJ,2026-05-28 15:37:03,2026-05-28,PRD-95FTJLH5VPLW,CLI-DBHSTOJ0GJOO,Withdrawal,,1928908.12,COP,482.23,Web,,,,Colombia,Cali,Approved,00,False,14.56,,
TRX-54UITMGZVM9UFVGTY3B8,2026-05-28 16:07:32,2026-05-28,PRD-R2BMAHX4OEEV,CLI-40EJ5045YTIV,Transfer,,3144.62,USD,,App,,,,México,Ciudad de México,Approved,00,False,,,
TRX-IAQ5E4RX9XF3MJX55KGS,2026-05-28 13:53:34,2026-05-28,PRD-G9NXKHO97DYU,CLI-YCR72MBCBHJ4,Payment,Health,7320041.44,COP,1830.01,POS,,,,Colombia,Medellín,Approved,00,False,12.1,,
TRX-FPWYYPSI53E80VHAHSM4,2026-05-29 05:18:54,2026-05-28,PRD-NVF8VBH5EG4U,CLI-D1OF5498SUYX,Payment,Food,730.78,USD,,Web,,,,México,Tijuana,Approved,,False,19.08,,
TRX-FQ1A2ERGDEXJNUG6NN3A,2026-05-28 18:21:44,2026-05-28,PRD-U1KXGL6MWTYN,CLI-9UDL08IDMBFM,Withdrawal,,146.57,USD,,POS,,,,Argentina,Rosario,Approved,00,False,28.16,-34.3157176,-57.9190461
TRX-AKAAEM3BF8NQOITYT5VE,2026-05-28 15:48:26,2026-05-28,PRD-1EMOIHX8V1Z1,CLI-V2JSUXASC4XY,Transfer,,18621827.44,COP,4655.46,POS,,,,Colombia,Medellín,Approved,00,False,5.08,5.1728147,-74.5267126
TRX-XU3WQ8CT1L4H2KEPNKO7,2026-05-28 21:38:11,2026-05-28,PRD-F4YURL4G312F,CLI-E3FP2RP37LIW,Transfer,,3020.61,USD,,Web,,,,México,Puebla,Approved,,False,22.24,,
TRX-CVXPPRT5S40ZW7KK72L0,2026-05-29 03:14:35,2026-05-28,PRD-2WNR7SOK2SQ4,CLI-VQXAI1OIT1OG,Purchase,Services,84844.6,ARS,242.41,ATM,SUC-RAI81ICG,Internet Plus,Services,Argentina,La Plata,Approved,00,False,10.78,,
TRX-CQHZDLJ9BM33S5PHC5JB,2026-05-28 15:47:36,2026-05-28,PRD-3MIJUSW28Z2Z,CLI-M9JPQSC7NNSV,Transfer,,3558.72,USD,,POS,,,,México,Puebla,Approved,00,False,25.59,,
TRX-0JSVZCXUQFATYYT6FNEO,2026-05-28 09:39:07,2026-05-28,PRD-23ARZP7CZ8XI,CLI-6QLOD5RCGU0M,Purchase,,514395.91,COP,,App,,Uber,Transport,Argentina,Buenos Aires,Approved,,False,23.8,,
TRX-BMNZVODD11SL7FSLGEPW,2026-05-29 03:57:24,2026-05-28,PRD-19UGE00ELEQB,CLI-ZTLQE4EA51GH,Withdrawal,,168839.15,ARS,482.4,POS,,,,Argentina,Buenos Aires,Approved,00,False,0.63,,
TRX-7CHL9P1XPSUQM3NYSUW1,2026-05-28 09:26:50,2026-05-28,PRD-2367LAZHPS10,CLI-HPTF9ZDU6CP0,Purchase,Entertainment,1536449.2,COP,384.11,ATM,SUC-A4SSWF0H,Streaming Music,Entertainment,Colombia,Barranquilla,Approved,00,False,20.14,,
TRX-B279WN6FEU8DE06RX6MG,2026-05-28 11:42:16,2026-05-28,PRD-P5O6D5RS68LO,CLI-BQ7JPYG0VNJ8,Payment,Food,1058220.8,COP,,POS,,,,Colombia,Cartagena,Approved,00,False,,,
TRX-07A7OCS6IGB4T2OWO564,2026-05-29 05:46:34,2026-05-28,PRD-KFH4G2E54UKP,CLI-EQF8L7TDVSKB,Payment,Other,2954518.3,COP,738.63,App,,,,Colombia,Barranquilla,Approved,00,False,24.92,,
TRX-NQN8TR7NBTDV4AKUFSSN,2026-05-28 09:32:34,2026-05-28,PRD-4U9KA3XJTQ3F,CLI-Z3BAWPSGPXZ6,Payment,Services,409.04,USD,,Web,,,,México,Querétaro,Approved,00,False,21.02,,
TRX-RMGEOYZK61ZITGHROR0R,2026-05-29 01:46:53,2026-05-28,PRD-Y81MSQ3LIXNZ,CLI-29N80CT510TH,Payment,Other,1175.84,USD,,ATM,SUC-HWG24EKK,,,México,Guadalajara,Approved,,False,14.62,,
TRX-HTWPSDFU1QHOBCPVLNVF,2026-05-28 18:45:03,2026-05-28,PRD-Q0JNFLCIX17F,CLI-V799T9BB1CWW,Purchase,Services,111962.15,ARS,319.89,POS,,Servicios Públicos,Services,Argentina,Rosario,Approved,00,False,23.97,,
TRX-PQ2ARBU42GLUY6O7GTDA,2026-05-28 14:57:45,2026-05-28,PRD-FATCIU8MEENT,CLI-LOIJYLGLJQZ7,Deposit,,274696.37,ARS,784.85,POS,,,,Argentina,Buenos Aires,Approved,00,False,3.49,,
TRX-G0BNP23P723PV51H4OQ7,2026-05-28 13:23:22,2026-05-28,PRD-IPE78713R279,CLI-32SWVDVW3TAY,Payment,Food,1679.58,USD,,POS,,,,México,Tijuana,Approved,00,False,24.7,,
TRX-WJ228K2XJYI9CIBM5SA0,2026-05-28 12:41:46,2026-05-28,PRD-VGZLK7HXNP41,CLI-ONBZP608QPWM,Payment,Other,1206.67,USD,,App,,,,México,,Declined,14,False,24.54,,
TRX-2QKCOUQGI7P5MEBCXPHM,2026-05-28 17:53:35,2026-05-28,PRD-1FNS5UPU28GW,CLI-922RVYEXAW4E,Adjustment,,283.06,USD,,Web,,,,México,Querétaro,Approved,00,False,24.73,,
TRX-GFV3T6AEQO6T8JL2CWX7,2026-05-29 00:02:33,2026-05-28,PRD-ZXET292A64WE,CLI-WUKRE6QAQNN9,Purchase,,851309.8,COP,212.83,POS,,Tienda Don José,Food,Colombia,Bogotá,Approved,00,False,,,
TRX-FBA60IMQDBP8H2CBOGHG,2026-05-28 20:51:47,2026-05-28,PRD-76YKDFEZ0XBZ,CLI-9XT9NUCP7IEX,Payment,Food,272.67,USD,,ATM,SUC-F1BZEJXJ,,,México,Ciudad de México,Approved,00,False,15.3,,
TRX-8WY6J7HT9MQP6FUVK247,2026-05-28 22:33:00,2026-05-28,PRD-774DJV6VAGAH,CLI-2A7ZBCXS4Z00,Payment,Food,1634.11,USD,,POS,,,,México,Tijuana,Approved,00,False,17.14,,
TRX-1UWWOJI1J8QXYH8JH9HY,2026-05-28 23:36:17,2026-05-28,PRD-NS4IMSWJ2JUV,CLI-L2QES5R83O8G,Purchase,Other,1704042.52,COP,426.01,ATM,SUC-07AK38PR,Tienda General,Other,Colombia,Cartagena,Approved,00,False,,4.0696919,-74.3566731
TRX-SW30N885HKQCKJKPNQXE,2026-05-28 19:18:21,2026-05-28,PRD-WLPS2FS8LWU1,CLI-HQB8JNSGQWND,Transfer,,9336.47,USD,,ATM,SUC-RDJC9IH3,,,México,Guadalajara,Approved,00,False,20.45,-0.8535239,-0.0819909
TRX-I11NCBN61N579CHUC63E,2026-05-28 19:35:14,2026-05-28,PRD-CEQRDZJSM8MF,CLI-H92FLNUO5L2K,Purchase,Entertainment,1380970.07,COP,345.24,POS,,Cine Premium,Entertainment,Colombia,Medellín,Approved,00,False,,,
TRX-OF63IALCZ3M6GXCHEQDN,2026-05-28 13:31:58,2026-05-28,PRD-6R9TQEIKX3MD,CLI-PNEHQKW61NAX,Purchase,Food,221.36,USD,,Web,,Restaurante El Buen Sabor,Food,México,Puebla,Approved,00,False,20.24,,
TRX-08RYQDI67X5AC0E0N4ZP,2026-05-28 06:29:33,2026-05-28,PRD-OPRTSILGY9IK,CLI-X5WYY0ZQMGWK,Deposit,,2258.69,USD,,POS,,,,México,Guadalajara,Declined,05,False,2.13,,
TRX-WZDV383TNS7R7FW9UB7Z,2026-05-29 02:25:36,2026-05-28,PRD-V0F6NW7TH3IV,CLI-PHDK65DDGKGB,Withdrawal,,1802748.17,COP,450.69,App,,,,Colombia,Cartagena,Approved,00,False,20.1,,
TRX-4FC83T4RTC9MWPC6ED38,2026-05-28 09:50:46,2026-05-28,PRD-JI7Y9TI20PJ6,CLI-1BRRW2PXVJWN,Deposit,,1245972.85,ARS,,Branch,SUC-10TO2Y3U,,,Argentina,Rosario,Approved,00,False,,,
TRX-6A2Q7V26VKFXEAD9Q75C,2026-05-28 08:10:19,2026-05-28,PRD-IS0PS7MM0G1I,CLI-GYTZVVS4EF27,Deposit,,1644.62,USD,,ATM,SUC-74OJEV5Z,,,México,Tijuana,Approved,00,False,,,
TRX-SR6XGOQNECCS0MXO5TC3,2026-05-29 02:43:41,2026-05-28,PRD-D9DSZW1IGBJD,CLI-H7DHP3E21NN9,Payment,Transport,1878.92,USD,,ATM,SUC-RF3372LI,,,México,Guadalajara,Approved,00,False,7.28,0.8533234,0.3803585
TRX-ILAUZYBR5PYK0FTKJQUH,2026-05-28 23:14:26,2026-05-28,PRD-ZZIKXQZ4RVRB,CLI-EI9VRIJBBNB0,Withdrawal,,190.12,USD,,ATM,SUC-N1ZUF3PF,,,México,,Approved,00,False,3.74,-0.2550847,-0.8006099
TRX-0QCEZQ5IHSQO6KKEJ7NU,2026-05-29 01:24:33,2026-05-28,PRD-DP42SHG8LMOD,CLI-Z0G9P4VZD23B,Withdrawal,,26.13,USD,,Web,,,,México,Monterrey,Approved,00,False,16.11,,
TRX-6JKZQMQ8XE936R3YIJIN,2026-05-29 02:55:47,2026-05-28,PRD-2MKRX6TIHGXZ,CLI-RJZMWUOBAIP8,Adjustment,,313995.56,ARS,897.13,POS,,,,Argentina,,Declined,14,False,,-34.3153886,-58.844495
TRX-VE3CYFPUOFF8LRW1PGQH,2026-05-28 16:21:24,2026-05-28,PRD-A96HL2XLVJ3L,CLI-U9TJKRZSJ987,Withdrawal,,52.78,USD,,ATM,SUC-LQXENAY2,,,México,Monterrey,Approved,00,False,5.11,,
TRX-F3OJDRQRAZLCGSBJ0SNW,2026-05-28 17:39:41,2026-05-28,PRD-0MUUP6R1W7G9,CLI-CUIT5BT6SPFX,Payment,Entertainment,118.6,USD,,ATM,SUC-4CNRVPYL,,,México,Monterrey,Approved,00,False,20.83,,
TRX-YG8KD9IXSX4XD1ECFT4I,2026-05-28 22:24:10,2026-05-28,PRD-O403WO8A9FPY,CLI-QUP9CSGOKHQX,Deposit,,2741.1,USD,,ATM,SUC-RJSJ0B0X,,,México,Guadalajara,Approved,00,False,23.55,0.8721501,-0.2882993
TRX-J3EKQX3KQXUIEVE2EF9Q,2026-05-28 10:54:57,2026-05-28,PRD-4RB1NAT3WEFC,CLI-PEIUKOX47PJW,Transfer,,2646.75,USD,,Web,,,,México,,Approved,00,False,18.77,,
TRX-FP5GLXDVEJ7U0OHF7WHA,2026-05-29 05:05:23,2026-05-28,PRD-U71PNH19A88S,CLI-AE59VWMN7IRH,Withdrawal,,1107740.55,COP,276.94,POS,,,,Colombia,Bogotá,Approved,00,False,4.66,5.5036488,-73.8152101
TRX-U2O5QFMXQVBUO5FJLNVT,2026-05-28 17:14:18,2026-05-28,PRD-UOZ0QQTL1RP5,CLI-B0TCOCPYZG8K,Purchase,Entertainment,1360018.98,COP,340.0,POS,,Teatro Nacional,Entertainment,Colombia,Barranquilla,Approved,00,False,12.26,4.6205083,
TRX-VKOB946F657LO5RT6H20,2026-05-28 13:04:15,2026-05-28,PRD-03GP8CXLDPJF,CLI-5U2JNXTPSQHY,Withdrawal,,496.5,USD,,ATM,SUC-XUG645G9,,,México,Monterrey,Approved,00,False,,,
TRX-CJGDBKFJRUHKYR8VXC90,2026-05-28 10:47:21,2026-05-28,PRD-1XKEBM7527U2,CLI-2WQ6ZAS6AM61,Purchase,Food,409.7,USD,,ATM,SUC-UBOAYTJG,Mercado Central,Food,México,Tijuana,Approved,00,False,8.04,,
TRX-IQZC5L051CLAS4A9OWTV,2026-05-29 04:05:33,2026-05-28,PRD-6K3ILSTJZL7O,CLI-XB6ECTLE8BB4,Transfer,,7912.79,USD,,ATM,SUC-2ATW7QMQ,,,México,,Reversed,05,False,11.12,0.9354232,-0.7134687
TRX-KSLAYM2AQIMGRX8LHNTL,2026-05-28 16:11:52,2026-05-28,PRD-AOQQKH8O8W01,CLI-FD8CSU9L6IGB,Purchase,Food,1546486.03,COP,386.62,POS,,Super Ahorro,Food,Colombia,Bogotá,Approved,00,False,14.93,,
TRX-LZBYDSN27WXJIHFI2G6F,2026-05-28 08:41:10,2026-05-28,PRD-CDC4O9WTREXW,CLI-QCPGRYC1Y44U,Purchase,Food,391970.44,COP,97.99,App,,Restaurante El Buen Sabor,Food,Colombia,Barranquilla,Approved,00,False,2.95,,
TRX-9IG8WM8OCQ1B3ETJXSVT,2026-05-28 18:53:20,2026-05-28,PRD-XKQHZO7T584O,CLI-U9JH9P31LZPQ,Deposit,,3490.86,USD,,POS,,,,México,Monterrey,Approved,00,False,,,
TRX-48CX8WHYEMUD3Q387IO2,2026-05-28 18:33:31,2026-05-28,PRD-E8GD4KN8GUJG,CLI-KUYSPMNFLMRV,Purchase,Entertainment,1195964.14,COP,,ATM,SUC-FF1CG8O5,Teatro Nacional,Entertainment,Colombia,Cali,Approved,,False,21.7,,-73.136336
TRX-UG70MZ89WD2WS4YZRID7,2026-05-28 19:49:33,2026-05-28,PRD-NSB5REYU0YDQ,CLI-SJ9W4SU4YIBD,Payment,Food,1551.71,USD,,Web,,,,México,Tijuana,Declined,14,False,17.17,,
TRX-2B7Z3CDLSKFVFQF0PBPX,2026-05-28 15:12:26,2026-05-28,PRD-8RE94RGSSNZM,CLI-4Q6KJYHM9T9J,Purchase,Services,1782337.19,COP,445.58,POS,,,Services,Colombia,Bogotá,Approved,00,False,,,
TRX-UIMCTRO9OL4O4N5FN588,2026-05-28 21:16:44,2026-05-28,PRD-TJTT6AS293DK,CLI-NLTP3K8M6QMA,Withdrawal,,865629.82,COP,216.41,POS,,,,Colombia,Bogotá,Approved,00,False,6.8,5.4635556,
TRX-V6T7A4FYEMSIKDN7YMUM,2026-05-28 07:07:13,2026-05-28,PRD-84LWKS6O572T,CLI-CYN98MIHC16X,Payment,Food,1408369.38,COP,352.09,ATM,SUC-85YWBJ74,,,Colombia,Cali,Approved,00,False,8.44,,
TRX-1ELUVVGHWMC9BSKH7BEF,2026-05-28 13:58:04,2026-05-28,PRD-M6BB0VSHH4WY,CLI-OHEF9S8VR43Y,Withdrawal,,493.61,USD,,POS,,,,México,,Approved,,False,6.66,,
TRX-QEI6ZIINO96G5ZY0EGFI,2026-05-29 02:59:41,2026-05-28,PRD-DHB46M3FHJJM,CLI-GE5U0P38HNLI,Transfer,,33005088.45,COP,8251.27,App,,,,Colombia,Barranquilla,Approved,00,False,12.32,,
TRX-VMNDHRGTP6E80LXAGR3G,2026-05-28 13:37:56,2026-05-28,PRD-F01RZKMR5WBJ,CLI-AYGZDIWKSD1N,Deposit,,9223513.54,COP,2305.88,POS,,,,Colombia,Cali,Approved,00,False,,,
TRX-XYIMQT5DXJDX6UOJQHAH,2026-05-28 23:08:01,2026-05-28,PRD-4IEUP2W3NGS8,CLI-DP4J5AP71F88,Purchase,Transport,223.77,USD,,ATM,SUC-1G7XCTV8,Gasolinera Express,Transport,México,Ciudad de México,Approved,00,False,28.81,-0.4606725,
TRX-UZ3R3JV59LR7O9TGW1RP,2026-05-28 18:00:12,2026-05-28,PRD-OOTJLO6NIISM,CLI-PA8KSQAQW9VR,Withdrawal,,78151.58,ARS,,Branch,SUC-KHBP7W0V,,,Spain,Sevilla,Declined,05,False,20.5,,
TRX-KNJFLA2FWDTYY0L2C8TR,2026-05-28 06:19:13,2026-05-28,PRD-PR8M16LK8CIC,CLI-9MIUCGDHAA1N,Withdrawal,,1482285.09,COP,,POS,,,,Colombia,Barranquilla,Approved,00,False,,,
TRX-SQMFALL9W4E362O5YOCC,2026-05-28 16:45:08,2026-05-28,PRD-U1I41KDALYN9,CLI-P4STVKTBJV7O,Transfer,,8144.33,USD,,POS,,,,México,Puebla,Approved,00,False,5.19,,
TRX-0538MJ5GBRRN2V0BLKPI,2026-05-28 21:19:09,2026-05-28,PRD-UPSVQPM4K2HT,CLI-J5MQX1PUYDH4,Withdrawal,,336.76,USD,,ATM,SUC-4ZFT9FN6,,,México,Guadalajara,Declined,54,False,6.74,,
TRX-PAQV605XSIBVJ7EMMJ6Z,2026-05-28 17:57:29,2026-05-28,PRD-14AYBXOQBWPV,CLI-7P1C88WOE3QS,Payment,Other,1500.14,USD,,POS,,,,Colombia,,Approved,,False,11.02,0.128531,0.4680045
TRX-D544T2YA7AWF1RMJ64LD,2026-05-28 14:43:06,2026-05-28,PRD-AYIFURX9QHEO,CLI-7FF3F4PA6W8U,Withdrawal,,362.33,USD,,POS,,,,México,Guadalajara,Approved,00,False,0.38,,
TRX-NXAJF1BBDADD6KX85YDG,2026-05-28 17:47:50,2026-05-28,PRD-65X770G932WX,CLI-CVBQWW4LXPFF,Withdrawal,,170864.63,ARS,488.18,App,,,,Argentina,Mendoza,Approved,00,False,2.31,,
TRX-7SB45DLE7D33NTV776BM,2026-05-28 23:17:22,2026-05-28,PRD-2UM6IDP2FCXG,CLI-487MJN7S2XL3,Transfer,,4589.25,USD,,ATM,SUC-OLTX380V,,,México,Querétaro,Approved,00,False,25.5,,
TRX-WKCED3G3LYMXEIDHV8I6,2026-05-28 11:26:37,2026-05-28,PRD-FVGPKZI2ID67,CLI-EFWA291ABY5A,Transfer,,16014747.05,COP,4003.69,POS,,,,Colombia,Cartagena,Approved,00,False,1.31,5.4905636,-73.1472928
TRX-TWF9HPGZQW748JV3EOQH,2026-05-29 02:32:04,2026-05-28,PRD-2W7R7SDQQ7XF,CLI-5I96WG734V98,Withdrawal,,1850956.97,COP,462.74,Transfer,,,,Colombia,Barranquilla,Approved,00,False,2.8,,
TRX-6VLIMQLM475I7DATU58V,2026-05-28 09:00:17,2026-05-28,PRD-DTY0316A4FSG,CLI-HFKJIWGP6968,Withdrawal,,10971.4,ARS,31.35,POS,,,,Argentina,Buenos Aires,Approved,00,False,7.58,,
TRX-TW4ZHHQJ0DDL4ZMDKP5D,2026-05-29 02:55:15,2026-05-28,PRD-4DOLM2C47INY,CLI-MQQKSBFF336H,Withdrawal,,339.05,USD,,App,,,,México,Puebla,Approved,00,False,21.86,,
TRX-IBNRN1GVHODA982U4KRT,2026-05-29 03:25:01,2026-05-28,PRD-XHZQKQKNZ6BH,CLI-B3VANA1S9RW3,Payment,Food,3648899.2,COP,912.22,ATM,SUC-2NNWC3AV,,,Colombia,Cali,Approved,00,False,23.31,,
TRX-Z4GHE497AYOO19RA8R11,2026-05-28 06:21:19,2026-05-28,PRD-KBZIYUAZ4EIP,CLI-70QGRNC0ZD6Q,Payment,Other,233788.1,ARS,667.97,ATM,SUC-UUF77WSC,,,Argentina,Buenos Aires,Approved,00,False,21.39,,
TRX-E29YJ7ZUD8TUD7CCENVJ,2026-05-28 06:32:21,2026-05-28,PRD-454ZA4QJS6MQ,CLI-EE5T1SBL0YYL,Purchase,Food,387.74,USD,,POS,,Restaurante El Buen Sabor,Food,México,Ciudad de México,Approved,00,False,11.29,,
TRX-WNXNRWQP350QOBNLCWQS,2026-05-29 05:07:06,2026-05-28,PRD-SDCN6H0EVMGV,CLI-D6ZAJJGRV7XB,Deposit,,297.97,USD,,ATM,SUC-KYUNO9E0,,,México,Guadalajara,Approved,00,False,5.44,-0.4263459,-0.5649564
TRX-16EPJHXANVRS9IWHRP9F,2026-05-28 06:43:40,2026-05-28,PRD-G392IUC48PM0,CLI-09E7666E3ONT,Purchase,Services,84606.12,ARS,241.73,App,,Cable TV,Services,Argentina,Buenos Aires,Approved,,False,13.86,,
TRX-F3LY6DAJF2HZGCYURKVH,2026-05-28 13:52:19,2026-05-28,PRD-XWLK6R2V6OH5,CLI-MCOIDYCT6STW,Purchase,,152151.36,ARS,434.72,POS,,,Entertainment,Argentina,Buenos Aires,Approved,00,False,,-34.7874271,-58.7362899
TRX-UQ23VBW7SQWJC9Q3E768,2026-05-28 12:56:03,2026-05-28,PRD-NWL3039AZXN9,CLI-7KTBYU1EJ0P5,Transfer,,3001779.12,ARS,8576.51,App,,,,Argentina,Córdoba,Approved,00,False,,,
TRX-Z9RHPC0L0XK88W0LBJJU,2026-05-28 16:18:45,2026-05-28,PRD-QSVF8ZBS3T3S,CLI-4RREU8OTNGU4,Adjustment,,680.66,USD,,POS,,,,México,Monterrey,Approved,00,False,1.21,,
TRX-FTIQRCAI4E17YO48F8QJ,2026-05-28 16:40:50,2026-05-28,PRD-73ZAU8F2MFDG,CLI-KYNVAV328E0P,Transfer,,827.23,USD,,POS,,,,México,Puebla,Approved,00,False,3.74,,
TRX-AK06Z1TDGXKXFGINCOSW,2026-05-29 00:53:04,2026-05-28,PRD-MCNIYRYNZU7S,CLI-LXBURRS9G1JC,Purchase,Services,1439208.81,COP,359.8,Web,,Internet Plus,Services,Colombia,,Approved,00,False,5.19,,
TRX-1QV9RFMI9PW87OO1MAHO,2026-05-28 19:35:04,2026-05-28,PRD-5MM2S1KK6RW3,CLI-4D2IQ05BJAWY,Transfer,,36137617.69,COP,9034.4,Web,,,,Colombia,Cartagena,Approved,00,False,25.74,,
TRX-0KCN2ANGQWG2WNPBW0AO,2026-05-28 22:07:47,2026-05-28,PRD-GX21J7YWOXVR,CLI-Q91EIFVVH33N,Payment,,1328.86,USD,,ATM,SUC-2NNWC3AV,,,Colombia,Medellín,Approved,00,False,16.96,,
TRX-VEX946R5VAPJ5EVIKQMN,2026-05-29 00:55:22,2026-05-28,PRD-NJY3QIWE0WM4,CLI-7EVOOUM7KFO8,Adjustment,,418.88,USD,,POS,,,,México,Puebla,Approved,00,False,3.08,0.4499056,-0.1465358
TRX-VAME3ZRI5OTXONU0TIBG,2026-05-28 12:30:39,2026-05-28,PRD-5Q1TZJ83HYW6,CLI-8SNMHTJDIZA7,Payment,Transport,1675.87,USD,,POS,,,,México,Querétaro,Approved,00,False,28.95,,
TRX-0ZY6QLGWYWIH73CH9V2T,2026-05-29 03:22:56,2026-05-28,PRD-GFMGPM35LIQP,CLI-TO0MU2B2BSL6,Withdrawal,,822146.83,COP,205.54,POS,,,,Colombia,Cartagena,Approved,00,False,5.49,4.8339384,-73.7567758
TRX-0V41036A8PV5O4JCYJY2,2026-05-29 00:41:46,2026-05-28,PRD-YE9PXO01BOX5,CLI-IU47PJSF6Q72,Purchase,Services,194.27,USD,,Branch,SUC-Y18NE8GS,Servicios Públicos,Services,México,Ciudad de México,Approved,00,False,,-0.8887704,0.388961
TRX-N75UOP10FWZSNP4SO9L3,2026-05-28 14:17:33,2026-05-28,PRD-7M85XMQXR0CW,CLI-MEFUWPRKL1CV,Transfer,,36214431.26,COP,9053.61,Web,,,,Colombia,Barranquilla,Approved,00,False,8.46,,
TRX-G853RF39CJNHKBOLQ386,2026-05-28 08:05:38,2026-05-28,PRD-ES3H0AGHO2S2,CLI-Z2S1XHT0FWDG,Deposit,,3858.37,USD,,ATM,SUC-JDXIVV9S,,,México,,Approved,00,False,16.84,,
TRX-FQ07VEWS04FQP4UZ1S58,2026-05-28 19:31:19,2026-05-28,PRD-KCD4IB3LBS9U,CLI-0Z9RHM3BQ9EH,Payment,Transport,1378397.12,COP,344.6,POS,,,,Colombia,Cartagena,Approved,00,False,16.18,,
TRX-0CZE3I2D1G67YHC2YMBB,2026-05-28 15:53:08,2026-05-28,PRD-IOF5J8A8LP8P,CLI-AP13P0RUUQ6R,Purchase,Transport,3033.55,ARS,8.67,POS,,Gasolinera Express,Transport,Colombia,Medellín,Approved,00,False,1.46,,
TRX-OS7PFCIA8TZ9LF7QSJVO,2026-05-28 22:34:29,2026-05-28,PRD-TVMTIF3SKKVE,CLI-USZZJRQDY9XF,Withdrawal,,296.65,USD,,ATM,SUC-KI33JLSV,,,México,,Approved,00,True,52.66,-0.2608078,0.0428747
TRX-P89PYER8XML311858Z1G,2026-05-28 21:41:24,2026-05-28,PRD-ML3YMC7K2CUV,CLI-KPXKHMN8VX8Y,Purchase,Services,359091.5,COP,89.77,ATM,SUC-9S92DZ9T,Internet Plus,Services,Colombia,Barranquilla,Approved,00,False,21.93,,
TRX-DGOY5F6TYMDTYX4VUKL6,2026-05-28 23:35:15,2026-05-28,PRD-IIF9XBZWWJAU,CLI-D4IVSC770MBR,Purchase,Entertainment,100002.55,ARS,285.72,POS,,Conciertos Live,Entertainment,Argentina,Buenos Aires,Approved,00,False,20.07,,
TRX-HMWW85LIURSB4STI03Q7,2026-05-28 15:28:15,2026-05-28,PRD-PAH2OAJQA87F,CLI-SZSRVU5YKAF3,Deposit,,937216.64,ARS,2677.76,POS,,,,Argentina,Buenos Aires,Pending,,False,13.34,,
TRX-M4KG2U3WBLNNNPEU0FIT,2026-05-28 07:43:14,2026-05-28,PRD-HO9GQ7KGD1FH,CLI-VM8JTV8XCV5K,Purchase,Transport,203.11,USD,,ATM,SUC-NBZZWX8W,Uber,Transport,México,Puebla,Approved,00,False,3.67,,
TRX-SVDRAP30RGZZZKP11E50,2026-05-28 22:12:13,2026-05-28,PRD-T55HFKV44CLP,CLI-KHS144D9TB1Z,Deposit,,5414222.66,COP,1353.56,Web,,,,Colombia,Cali,Approved,00,False,18.47,,
TRX-AFFGFVPE9R8SHQHMS1YN,2026-05-28 15:26:24,2026-05-28,PRD-34PLLUC6O33Y,CLI-0F0UJ8USYTX8,Withdrawal,,334.81,USD,,POS,,,,México,Puebla,Approved,00,False,0.9,0.4147597,0.7711176
TRX-J4HXTAOOQZS2OTS6VRD0,2026-05-29 01:38:18,2026-05-28,PRD-NLML07E5BN98,CLI-BVQQYIPRFNLL,Purchase,Entertainment,172.34,USD,,POS,,Teatro Nacional,Entertainment,México,Ciudad de México,Approved,00,False,14.09,,
TRX-B1G1EM5C8H9G4WBE3MSC,2026-05-28 18:10:32,2026-05-28,PRD-LBC7OITU3URH,CLI-AZQL1DO1ADXS,Transfer,,17032783.54,COP,4258.2,Web,,,,Colombia,Medellín,Approved,00,False,23.15,,
TRX-0DXVUQB6A6JXTYC4179X,2026-05-28 09:07:29,2026-05-28,PRD-4EB3ZGQD8IR5,CLI-GKW3ZD2VSHBC,Transfer,,31870009.63,COP,7967.5,Web,,,,Colombia,Barranquilla,Approved,00,False,9.77,,
TRX-ZNX5586CXL907I00IFEI,2026-05-28 10:16:49,2026-05-28,PRD-QC3ZC6K0B0TN,CLI-KFZAQTC0P8WW,Purchase,Services,992235.9,COP,248.06,POS,,Cable TV,Services,Colombia,Barranquilla,Approved,00,False,22.82,,
TRX-PYVFDMQN7H8YGUOO91ZA,2026-05-29 05:42:28,2026-05-28,PRD-0C5KYZVAB7VV,CLI-7F1ASCW0VVVN,Payment,Entertainment,1560.08,USD,,POS,,,,México,,Approved,00,False,26.18,,
TRX-733SCOOIGV0TL39FQDL1,2026-05-29 03:00:32,2026-05-28,PRD-1W11YXCR3I6P,CLI-VLZ78EH4XFPK,Deposit,,8288661.88,COP,2072.17,App,,,,Colombia,Barranquilla,Declined,14,False,26.65,,
TRX-GAN6GD6PR5DDCIXJN3CX,2026-05-29 02:52:43,2026-05-28,PRD-OUH3GLCNXARQ,CLI-5TR4MO7WDY2I,Purchase,Entertainment,400.55,USD,,POS,,Teatro Nacional,Entertainment,Colombia,Cartagena,Approved,00,False,24.14,,
TRX-VLFBX1H0MSU5NJY89T1A,2026-05-28 20:47:49,2026-05-28,PRD-JDYIBNRTY5KY,CLI-QYDYCBK2DZY5,Payment,Transport,6624759.86,COP,1656.19,App,,,,Colombia,Bogotá,Approved,,False,19.31,,
TRX-48S066VYGF4JQQGQKLZI,2026-05-28 18:23:41,2026-05-28,PRD-VFWV38HABMQH,CLI-LFTJO2RH63MI,Transfer,,6508.17,USD,,ATM,SUC-KNGCTTUB,,,México,Querétaro,Approved,00,False,6.15,,
TRX-SJD9NHM3VPOB2X4PIQQB,2026-05-28 17:05:22,2026-05-28,PRD-MZXXMKLP3HUT,CLI-34RSCECRPAGI,Withdrawal,,386.11,USD,,ATM,SUC-9L4T3P44,,,México,Guadalajara,Approved,00,False,,0.81414,-0.0926679
TRX-Y6LEGRH9L099G323T1MQ,2026-05-29 05:54:29,2026-05-28,PRD-PI0XX42MBAZN,CLI-GNQQNID5W66Q,Withdrawal,,103212.37,ARS,294.89,App,,,,Argentina,Córdoba,Approved,00,False,25.18,,
TRX-P7IAM5UJOIRXJMPYS8MD,2026-05-29 02:05:02,2026-05-28,PRD-6WD4VGE6JMBX,CLI-K4K7HT8WJ7RU,Transfer,,7651.91,USD,,POS,,,,México,Ciudad de México,Approved,00,False,20.27,,
TRX-0EEFLNBL57TS60XW2D2G,2026-05-28 13:30:06,2026-05-28,PRD-RI1QBP7D1CNP,CLI-PITUL5Q17QWG,Withdrawal,,1765079.72,COP,441.27,App,,,,Colombia,Bogotá,Approved,00,False,2.48,,
TRX-5WR8WB1FNHOB68UICAYW,2026-05-28 15:06:26,2026-05-28,PRD-40FGM41B0P5W,CLI-31EIQ5KFUN8K,Transfer,,23591333.36,COP,5897.83,ATM,SUC-YAQTMQ56,,,Colombia,Medellín,Approved,00,False,26.94,,
TRX-S1P6G8HPOAYCPYDIVGU7,2026-05-29 01:46:41,2026-05-28,PRD-BTK568TYBMYH,CLI-3SVEF8F14VDW,Purchase,Food,114111.51,ARS,326.03,ATM,SUC-2T5PUX8Q,Mercado Central,Food,Argentina,Rosario,Approved,00,False,6.41,,
TRX-7WWASJ1E7TD80Z2G9V6M,2026-05-29 03:16:27,2026-05-28,PRD-RQNDTK6TYEW1,CLI-KXXSCHLG1NPM,Purchase,Services,405.47,USD,,ATM,SUC-MGUQPIKZ,Empresa Telefónica,Services,México,,Approved,00,False,10.6,,
TRX-XHCZNM6KUJ5XP6NSXYKA,2026-05-28 13:31:38,2026-05-28,PRD-DST5C5MLXMQM,CLI-L4UT940DE08X,Transfer,,8651.55,USD,,App,,,,México,Ciudad de México,Approved,00,False,14.11,,
TRX-PZB2089XM1DEM93ANVT6,2026-05-28 09:07:19,2026-05-28,PRD-WVGDBYRW0ZVT,CLI-YYD4DEAEO5J1,Deposit,,2067.53,USD,,App,,,,México,Tijuana,Approved,00,False,24.43,,
TRX-P9QH0NQ6E1RLLIQXRL1G,2026-05-28 22:19:45,2026-05-28,PRD-DQK9XC12ARGM,CLI-IO9TI88T8CA2,Transfer,,3146.93,USD,,ATM,SUC-7TVQFT2O,,,México,Monterrey,Approved,00,False,17.86,-0.4853286,0.3849731
TRX-GVTKBBF9WFQCZ0V4RK2M,2026-05-28 06:18:12,2026-05-28,PRD-F6LK70TXSGQV,CLI-GBDWNZ81AJBN,Transfer,,105.76,USD,,POS,,,,México,Guadalajara,Approved,00,False,15.46,,
TRX-3ST376Q5JASYDADNZR8U,2026-05-28 20:03:25,2026-05-28,PRD-1KE0JCKIZIOW,CLI-H2X1D0GYDN32,Purchase,,104548.52,ARS,298.71,POS,,Ferretería,Other,Argentina,,Approved,00,False,16.31,,
TRX-A6ZFLS8CG43R7L96YWRS,2026-05-28 16:12:02,2026-05-28,PRD-MG08RDIHHZY6,CLI-6427F78IG1HQ,Adjustment,,831.35,USD,,POS,,,,Argentina,Rosario,Approved,00,False,9.92,,
TRX-1KWWNVIZFGFB8AT2J0B9,2026-05-28 10:20:50,2026-05-28,PRD-6R31SERWZ1O3,CLI-KN05N1P2ZOP5,Withdrawal,,43377.47,ARS,,Web,,,,Argentina,Mendoza,Approved,00,False,26.45,,
TRX-ZB86C940K76PSRKMIWQJ,2026-05-29 00:56:26,2026-05-28,PRD-MXX8T95FP5MA,CLI-PDZUH1ZGRQI3,Withdrawal,,537935.25,COP,134.48,Web,,,,Colombia,,Approved,00,False,28.09,,
TRX-SCNQZZH3VCBSVIS2XM9B,2026-05-28 16:50:56,2026-05-28,PRD-5LGCMPUXUS1R,CLI-OC0ENMUKBVQB,Payment,Health,1492.79,USD,,ATM,SUC-JQ7BZNFI,,,México,Guadalajara,Approved,00,False,24.11,,
TRX-X9PNALNX1CEMQMBH4FG9,2026-05-29 00:19:11,2026-05-28,PRD-PQ8OKV61S5PL,CLI-Y90MD9F5XFQ9,Payment,Services,1240.94,USD,,Web,,,,México,Guadalajara,Approved,00,False,8.87,,
TRX-5WXB79C4US979TSMENC5,2026-05-28 20:28:16,2026-05-28,PRD-JHOSQH7XIBFY,CLI-288URABL3RHN,Transfer,,7082.82,USD,,ATM,SUC-QO0HYSRK,,,México,Querétaro,Approved,00,False,,,
TRX-6QEJIU71ZWLNSXB5ZD4R,2026-05-29 00:49:42,2026-05-28,PRD-LTGV0RQPRIPW,CLI-ZSBXUV9YF31N,Deposit,,8360402.09,COP,2090.1,POS,,,,Colombia,Cali,Approved,00,False,14.31,5.461216,-74.1954008
TRX-WPW66A8U7QPSPWC8J0EK,2026-05-28 21:44:43,2026-05-28,PRD-1PO0GSVRW8B1,CLI-XZL74OQAWJSD,Purchase,Entertainment,113.35,USD,,POS,,Streaming Music,Entertainment,México,Tijuana,Approved,00,False,16.27,,
TRX-G15XB9P7F3XPQWVGGBA9,2026-05-28 17:06:51,2026-05-28,PRD-YJY8HP9CQQ1V,CLI-M611QY3ZQU9B,Purchase,Food,1901327.26,COP,475.33,POS,,Super Ahorro,Food,Colombia,Bogotá,Reversed,54,False,27.5,,
TRX-S8XEQMUUJ9HYITPWKNUV,2026-05-29 05:37:46,2026-05-28,PRD-YDM8DQFA9CF2,CLI-XJIU1Y754P6K,Payment,Other,181933.6,ARS,519.81,POS,,,,Argentina,La Plata,Approved,00,False,28.08,,
TRX-GXLJP5N2VS510K4VVUFM,2026-05-29 04:26:14,2026-05-28,PRD-QGA2HAVF32T4,CLI-7YMK8SSQG0LP,Purchase,Food,1797742.13,COP,449.44,ATM,SUC-4USRLC45,Super Ahorro,Food,Colombia,Barranquilla,Approved,00,False,8.33,,
TRX-TS43DWPJC7Z832488RK6,2026-05-29 01:14:19,2026-05-28,PRD-XM0NRHP0GAN3,CLI-972Q1BVKYEQ4,Payment,Other,545257.54,ARS,1557.88,POS,,,,Argentina,Rosario,Approved,00,False,2.39,,
TRX-HJLCL7PCFO79WUDAZRQE,2026-05-28 17:47:31,2026-05-28,PRD-E7CGUTJHP2PF,CLI-6VYV8YXNMWZ7,Deposit,,423.78,USD,,POS,,,,México,,Approved,00,False,,,
TRX-IJUAY446CO9APM1WIS91,2026-05-28 22:07:36,2026-05-28,PRD-JX4K4FDPMLNX,CLI-HG5H6Z26LITR,Purchase,Food,90313.07,ARS,258.04,POS,,Restaurante El Buen Sabor,Food,Argentina,Córdoba,Approved,00,False,11.83,-33.7949963,-58.9602366
TRX-3DKH2HW7X0MS02GESP0Z,2026-05-29 04:16:00,2026-05-28,PRD-DEWB8MI31YPQ,CLI-BZ4OQHF0C95U,Purchase,Transport,91.86,USD,,App,,Taxi Seguro,Transport,Brazil,Salvador,Approved,00,False,,,
TRX-00PLGT08R3XRULCUBR7D,2026-05-28 15:23:09,2026-05-28,PRD-2CRI9LHNG3GP,CLI-LUM99LRZE7CA,Transfer,,2291.9,USD,,POS,,,,México,Ciudad de México,Approved,00,False,7.72,,
TRX-I1QE4BD3AKKAVQ90XS6Y,2026-05-28 13:30:33,2026-05-28,PRD-DTAEJN3XKX6T,CLI-XXT4ULWJUKTI,Withdrawal,,60.73,USD,,POS,,,,México,Ciudad de México,Approved,00,False,,,
TRX-7ZX0S28QTHJZI8F1H404,2026-05-28 18:28:58,2026-05-28,PRD-EX70Y9CLY43X,CLI-PWC61J0WT2WQ,Purchase,Transport,284.12,USD,,POS,,Estación de Servicio,Transport,México,Ciudad de México,Approved,00,False,16.99,,
TRX-LDDYICJ802FWG3HZAHB3,2026-05-28 19:45:10,2026-05-28,PRD-D906O2AD7JW4,CLI-DVBFGN82DPCR,Purchase,Services,141359.63,ARS,403.88,POS,,Internet Plus,Services,Argentina,,Approved,00,False,14.72,,
TRX-NFIOHRTSFKPS3WTUZ0FM,2026-05-28 15:19:19,2026-05-28,PRD-VD1DPCVVN17F,CLI-TDS8IODLQWLB,Purchase,Transport,232.63,USD,,Branch,SUC-F1BZEJXJ,Taxi Seguro,Transport,México,Ciudad de México,Approved,00,False,25.33,,
TRX-JB0EIQMMIV6BHAJFPOKA,2026-05-29 01:19:34,2026-05-28,PRD-P0RY2RA8EIV8,CLI-JEOF6ZXU4Q3B,Payment,Health,1374.84,USD,,POS,,,,México,Tijuana,Approved,00,False,3.06,,
TRX-F4ZDHEYF65PUXW3E68AN,2026-05-29 01:24:03,2026-05-28,PRD-QJEE7M3NRS2H,CLI-ONVECD9CL0BZ,Withdrawal,,1937559.98,COP,484.39,ATM,SUC-I7CB5PA8,,,Colombia,Medellín,Approved,00,False,,,
TRX-CE9J3V84FCN6BGDZNM41,2026-05-28 13:14:13,2026-05-28,PRD-MPC00LO5UPH5,CLI-S499R94DHQAA,Withdrawal,,524612.9,COP,131.15,Branch,SUC-PNT72MIS,,,Colombia,Barranquilla,Declined,51,False,20.45,,
TRX-PSNC4QYO5NYZO7JHC1L3,2026-05-28 17:11:19,2026-05-28,PRD-XQ9CMVO21CG5,CLI-XII4H2MBBXFZ,Purchase,Other,114772.8,ARS,327.92,POS,,Boutique Moda,Other,Argentina,La Plata,Approved,00,False,22.79,,
TRX-GKH67K3FJFFEVVUQEUCH,2026-05-28 06:56:35,2026-05-28,PRD-PF3BLVPCEFD7,CLI-HDVFANMOO6TO,Withdrawal,,270.98,USD,,ATM,SUC-WSUW783S,,,México,,Approved,00,False,5.84,0.6745152,-0.3662306
TRX-1OZO0NO9EM3K1NIID4KG,2026-05-28 14:28:27,2026-05-28,PRD-KOFI532T4Y15,CLI-Z4HGVZRI5KS2,Purchase,Entertainment,20.46,USD,,POS,,Teatro Nacional,Entertainment,México,Querétaro,Approved,00,False,,0.2167678,-0.5371037
TRX-ZG2CHEJY0EAKWBUENMQO,2026-05-28 11:33:17,2026-05-28,PRD-S9JPBGAPQJZ7,CLI-KA4WN01SQ50C,Deposit,,4541605.89,COP,1135.4,ATM,SUC-DG6C9C1K,,,Colombia,Barranquilla,Approved,00,False,19.96,,
TRX-TXORUGSEP4XYHT5CUGAF,2026-05-28 16:07:52,2026-05-28,PRD-IZENINLAQFML,CLI-I9QC4CHVOQHO,Withdrawal,,1977970.54,COP,494.49,POS,,,,Colombia,Barranquilla,Approved,,False,12.04,4.5517209,
TRX-7MAFDRBLFMDDG5774NTW,2026-05-29 04:07:05,2026-05-28,PRD-FGIKWI28BCNU,CLI-HB9M7JKWAZOG,Transfer,,1902.29,USD,,ATM,SUC-SKR8GS10,,,México,Guadalajara,Approved,00,False,21.03,0.7461237,-0.1746719
TRX-5I2NCQ5KH1981P1DGDPX,2026-05-29 01:51:49,2026-05-28,PRD-IH5W67R0O6PJ,CLI-8GARHHO4MGJT,Transfer,,2567.27,USD,,POS,,,,Argentina,Buenos Aires,Approved,00,False,26.63,-34.1604312,-59.0784367
TRX-5OCVR5H0155L39SJECIL,2026-05-29 03:43:37,2026-05-28,PRD-ENKY2O67Y5FE,CLI-TMZLIITIGJWI,Purchase,Services,1900227.67,COP,475.06,Branch,SUC-TQX7379E,Servicios Públicos,Services,Colombia,Medellín,Approved,00,False,16.39,,
TRX-V60II0ER0R5A1I2BLI9O,2026-05-28 09:48:07,2026-05-28,PRD-F6WB6RPUVEIM,CLI-AFNTEOFBFS1D,Withdrawal,,76538.87,ARS,218.68,ATM,SUC-ZVFW3M23,,,Argentina,Rosario,Approved,00,False,,,
TRX-VESEKXUW5E5WHCT3K2Q2,2026-05-28 22:26:56,2026-05-28,PRD-9FS6F2T41XDB,CLI-RTAKDP0G3LN1,Payment,Transport,3049829.87,COP,762.46,App,,,,Colombia,Cartagena,Approved,00,False,4.81,,
TRX-B912IGXR4NAPPAIB7PO4,2026-05-29 05:32:20,2026-05-28,PRD-W9SCVTC9B99K,CLI-4J5OLAPCT6TF,Withdrawal,,1647820.91,COP,,ATM,SUC-DLYE60QN,,,Brazil,Salvador,Approved,00,False,13.51,,
TRX-8RMT5QXIH8IQR5N4IU9O,2026-05-29 04:02:16,2026-05-28,PRD-GPH2N2YX2H0D,CLI-WR3E89TOT9SU,Payment,Transport,963.9,USD,,ATM,SUC-VTIA5X8Y,,,México,Guadalajara,Approved,00,False,21.1,,
TRX-1V5KZL42Z14TX2TIHJSX,2026-05-29 03:24:08,2026-05-28,PRD-CQOWXQ4MKCI1,CLI-57LIHO46DEJG,Withdrawal,,1640744.34,COP,410.19,Web,,,,Colombia,Cali,Approved,00,False,18.61,,
TRX-YJCWK429B2OCG7RE4POY,2026-05-28 07:52:57,2026-05-28,PRD-EK8ASUCXDX6I,CLI-0502IQGCZ5B8,Withdrawal,,83517.32,ARS,238.62,ATM,SUC-K32WS6T0,,,Argentina,La Plata,Reversed,05,False,16.87,,
TRX-4SZBA0LUQ5GOJLHSCZA8,2026-05-28 15:33:32,2026-05-28,PRD-N2QG731VRTOD,CLI-FO5GKOVF8ELZ,Purchase,Food,40758.74,ARS,116.45,ATM,,,Food,Argentina,,Approved,00,False,10.24,,
TRX-8WSSAI8NWEXOFSQ26OMT,2026-05-28 18:43:32,2026-05-28,PRD-ANW82M3O3HAK,CLI-02BVUE2J7LLI,Payment,,467784.79,ARS,1336.53,POS,,,,Argentina,,Approved,00,False,7.12,,
TRX-UQ01CKJFHODMJIT2TEBI,2026-05-28 10:07:02,2026-05-28,PRD-7LNQBL3UPWIV,CLI-H5RRIBDGOMT9,Payment,Food,1640.22,USD,,Branch,SUC-A9BJ48OP,,,México,Puebla,Approved,00,False,8.86,,
TRX-T2C9HHA7FM1U3BUBEOZ2,2026-05-28 17:18:51,2026-05-28,PRD-9VI2DEX2JJTS,CLI-BKKVOXFBKV4Q,Purchase,Entertainment,92.65,USD,,App,,Streaming Music,Entertainment,México,Monterrey,Approved,00,False,17.71,,
TRX-8JYD3B9YIMOIIBVQTD9L,2026-05-28 12:29:16,2026-05-28,PRD-MUTL46NB3J8F,CLI-176ECJ2GUHO2,Purchase,Transport,58403.15,ARS,166.87,Web,,Gasolinera Express,Transport,Argentina,Córdoba,Approved,00,False,,,
TRX-FHSB8GD48SAY09T1EBBY,2026-05-28 12:59:06,2026-05-28,PRD-5ZCIIJUNNZES,CLI-R1TONT6QXBRF,Transfer,,37442646.71,COP,9360.66,ATM,SUC-P6VSAH4U,,,Colombia,Medellín,Reversed,54,False,21.02,,
TRX-4KPEN0L5ZBH5B3FM0RSU,2026-05-28 12:13:48,2026-05-28,PRD-J6DRRHLCMR35,CLI-C1NO2TJ3TZAL,Purchase,Other,1690553.81,COP,422.64,ATM,,Boutique Moda,Other,Colombia,Medellín,Approved,00,False,22.86,4.6574697,-73.9430146
TRX-6MJTQHYBIEN8O9WG5UK5,2026-05-28 07:51:17,2026-05-28,PRD-3ABO5DDX6NUB,CLI-22RWNDAI1LPT,Transfer,,7421.87,USD,,ATM,SUC-HFPBAT4U,,,México,Ciudad de México,Approved,00,False,2.37,0.9294602,0.5030791
TRX-EBNJ0RTEE12MXN0WOJ3B,2026-05-28 13:43:50,2026-05-28,PRD-ONM94HD4OH34,CLI-IDLDCSARFFXA,Withdrawal,,1763081.47,COP,440.77,POS,,,,Colombia,Barranquilla,Approved,00,False,4.55,,
TRX-MX1S6F60TOADKIIRSYU3,2026-05-29 04:19:00,2026-05-28,PRD-LH6GKHSDKPXA,CLI-KBZFL1E06P30,Withdrawal,,154.3,USD,,POS,,,,México,Puebla,Approved,00,False,9.98,,
TRX-1OXWJRJNBOP7GHT5H510,2026-05-28 09:30:30,2026-05-28,PRD-6NEZZ19R55MN,CLI-SDDAQFAWKQI6,Purchase,Health,151074.94,ARS,431.64,App,,Clínica Médica,Health,Argentina,Córdoba,Approved,00,False,0.85,,
TRX-0734YSI4VO91ATHT9Y04,2026-05-28 16:37:41,2026-05-28,PRD-GIHQOKJQ1L06,CLI-KTS9LOXPMK7Q,Deposit,,4407.12,USD,,POS,,,,México,Monterrey,Approved,00,False,29.32,,
TRX-QMFU4RZO8FNL6A0VAQVJ,2026-05-28 07:05:56,2026-05-28,PRD-BC29WKP8ZDG5,CLI-QCQ9EMPBO7SK,Withdrawal,,129548.28,ARS,370.14,POS,,,,Argentina,Rosario,Approved,00,False,0.1,,
TRX-D98QHG7ZAL357ZM4JTC4,2026-05-28 11:43:48,2026-05-28,PRD-6IQLA7LRUIIB,CLI-SAHFCS7U1PQI,Transfer,,4474.61,USD,,ATM,SUC-NBZZWX8W,,,México,Monterrey,Approved,00,False,22.53,,
TRX-61BDV5RJ9FC9V7A26DRI,2026-05-28 12:08:24,2026-05-28,PRD-RDMG6CKA6TZD,CLI-KCVESQ3BUT0N,Withdrawal,,765334.0,COP,191.33,Web,,,,Colombia,Bogotá,Approved,00,False,29.8,,
TRX-R86KJQQ33KQIM9V3U0QW,2026-05-28 23:23:07,2026-05-28,PRD-WECHJ9SEIT5V,CLI-HFKTJ9GXULRV,Transfer,,1054.19,USD,,POS,,,,México,Guadalajara,Approved,00,False,3.15,-0.546153,-0.2688495
TRX-PTJ67104HVO8OYNWN7VI,2026-05-29 00:36:38,2026-05-28,PRD-SWWUKUB2TNFV,CLI-2R6KPQ4DWUSV,Purchase,Services,138502.55,ARS,395.72,ATM,SUC-NXELWI6F,Internet Plus,Services,Argentina,La Plata,Approved,00,False,28.01,,
TRX-NVLLK76YWYX15FVRXNC7,2026-05-29 05:54:56,2026-05-28,PRD-KR9W8I585KPH,CLI-FB16U4O5AGDF,Purchase,Entertainment,135878.85,ARS,388.23,ATM,SUC-RNIHGBDP,Streaming Music,Entertainment,Argentina,La Plata,Approved,00,False,4.49,-35.3564523,-57.8722399
TRX-JAE0HRW96ZL0XT2JZU9W,2026-05-28 20:35:59,2026-05-28,PRD-5KKKMUJ0RI48,CLI-BTNZOS9EVQAX,Deposit,,3066.8,USD,,POS,,,,México,Monterrey,Approved,00,False,16.96,0.6614437,-0.9267857
TRX-FJUG7OP0580GL4ZG0E8F,2026-05-28 17:34:57,2026-05-28,PRD-891J5IAJEZTN,CLI-T33XXM3QR9DM,Deposit,,3017.26,USD,,Web,,,,México,Ciudad de México,Approved,00,False,6.86,,
TRX-WVQQGJPVMXIQS88K4QK1,2026-05-28 19:01:57,2026-05-28,PRD-ZEPX8MPOM4RG,CLI-Y7FQ487H89FA,Transfer,,2465.9,USD,,ATM,SUC-8GXP9TIM,,,México,Querétaro,Pending,54,False,8.26,,
TRX-MS3MLS7ABCVZRMR68UBE,2026-05-28 06:52:31,2026-05-28,PRD-MLRVL2PVV4VM,CLI-LXGVQ7Y6KWAD,Payment,Food,1322.82,USD,,POS,,,,México,Puebla,Approved,00,False,7.87,,
TRX-0EEJK0UY2XN7MI4KCGNG,2026-05-28 09:10:08,2026-05-28,PRD-CIAINRUV6UWT,CLI-C2WRBQW9QJZG,Transfer,,6711.72,USD,,ATM,SUC-I3D08YZO,,,México,Tijuana,Approved,00,False,5.81,,
TRX-B47D1DA16YL1S8DX7I5M,2026-05-29 00:26:51,2026-05-28,PRD-83FOBIDUREKF,CLI-16NZFC2NT63H,Deposit,,2904.6,USD,,ATM,SUC-FQBLIDK9,,,USA,Los Angeles,Approved,00,False,,,
TRX-CBGM134B9WRMKD4TNJMJ,2026-05-28 18:51:20,2026-05-28,PRD-G3SLZQ09BDBV,CLI-09FBRZCLHKRO,Withdrawal,,395.88,USD,,ATM,SUC-XEEDD28B,,,México,Puebla,Approved,00,False,4.09,,
TRX-8R1T3SNMECGOJ81L6SIB,2026-05-28 17:02:56,2026-05-28,PRD-0SSUSZINIRBO,CLI-NSZD9H0BLRJL,Purchase,Services,739779.45,COP,184.94,POS,,Empresa Telefónica,Services,Colombia,Barranquilla,Approved,00,False,2.5,3.9637187,-73.1541801
TRX-QJ7LHR2XCZTEIFTHJMKF,2026-05-28 16:49:50,2026-05-28,PRD-TSBJ3PV40RXD,CLI-VB8RV77XQ6ST,Withdrawal,,126.4,USD,,App,,,,México,,Approved,00,False,,,
TRX-H73F70OJEVBZY343FHXV,2026-05-28 16:03:01,2026-05-28,PRD-0DKG9AQRYGAY,CLI-BQIR84W34UM5,Deposit,,4523.81,USD,,App,,,,México,Ciudad de México,Approved,00,False,15.48,,
TRX-H9UPXDPVDX2BJGSP0K9R,2026-05-28 23:39:32,2026-05-28,PRD-8WOTJHIIHZSK,CLI-N24VOT48C5EW,Transfer,,4428894.97,COP,1107.22,POS,,,,Colombia,Barranquilla,Approved,00,False,,,
TRX-8PT1K58RTFNTAUTLY3EK,2026-05-29 03:55:44,2026-05-28,PRD-9L412TFUI5GP,CLI-8ABW0B59FGZ6,Purchase,Food,401.04,USD,,App,,,Food,México,,Approved,00,False,25.91,,
TRX-ZDD4627RXQ82LNDRZ1XO,2026-05-28 15:42:05,2026-05-28,PRD-07WY5VPO42GE,CLI-6WZZFQ6P3W3U,Payment,Food,360.08,USD,,ATM,SUC-9W1MT1C4,,,México,Ciudad de México,Approved,00,False,,,
TRX-A4PBA5USRWKEXVC1K4FM,2026-05-28 09:58:10,2026-05-28,PRD-HJ200Q859DN0,CLI-KKMBJ6IAF1ZY,Purchase,Services,1612286.62,COP,403.07,POS,,Servicios Públicos,Services,Colombia,Bogotá,Approved,00,False,26.41,3.7509761,-74.7120137
TRX-EF0T7ZV6XZY7BHJ3GPUQ,2026-05-28 22:29:23,2026-05-28,PRD-OUBA8ZKLWXK6,CLI-RB5XPLWU29F6,Purchase,Services,467.95,USD,,Web,,Cable TV,Services,Argentina,Buenos Aires,Approved,00,False,23.98,,
TRX-5KNPEUQGK09X469RR4GL,2026-05-28 19:28:33,2026-05-28,PRD-R9SJ4E41WYZ1,CLI-JC6BX0Z8GOU5,Transfer,,2163.76,USD,,POS,,,,México,Tijuana,Approved,00,False,29.38,-0.4981877,
TRX-EW2GTQ7JI0OYQBAUOUJL,2026-05-28 07:29:42,2026-05-28,PRD-VJYZ348BY15Y,CLI-6UPDJ9HPV6MY,Transfer,,3343276.45,COP,835.82,POS,,,,Colombia,Bogotá,Approved,00,False,19.41,,
TRX-BLRPGZMIEK81S6Q9FO8U,2026-05-29 03:19:51,2026-05-28,PRD-LM0A71802HNY,CLI-V4W578OOH2SS,Deposit,,3205.68,USD,,Transfer,,,,México,Puebla,Approved,00,False,,,
TRX-O6CR9X8JI1A44ONJ5FA2,2026-05-29 03:40:48,2026-05-28,PRD-45PQYVTV6X8K,CLI-RYS5YTBNPEY7,Withdrawal,,99623.37,ARS,284.64,ATM,SUC-RAI81ICG,,,Argentina,Córdoba,Declined,14,False,5.83,-34.6320739,-59.1256843
TRX-QLVQSE97S0YP3RY8F4GD,2026-05-28 18:52:45,2026-05-28,PRD-EUSPNB8AUNXM,CLI-XF4LENP508Z9,Withdrawal,,141541.33,ARS,404.4,Web,,,,Spain,Valencia,Approved,00,False,22.67,,
TRX-79YWA30C9T3GDTLISBSS,2026-05-28 14:44:27,2026-05-28,PRD-ZWVK7633ZHML,CLI-Y0CPZYELW7NU,Adjustment,,895.86,USD,,Web,,,,Colombia,Cali,Approved,00,False,3.07,,
TRX-CT3FRHO63L8MIWKJ2WKH,2026-05-28 22:52:39,2026-05-28,PRD-CLWYPRNJG18Y,CLI-YW3O9W9GND7B,Purchase,Food,347.85,USD,,ATM,SUC-WSSLNOPN,Mercado Central,Food,México,Ciudad de México,Approved,00,False,11.21,0.5063572,-0.2517327
TRX-0A2HX9S2ZUKNEYNFHXS7,2026-05-28 15:50:07,2026-05-28,PRD-YPOIV55ZKBVT,CLI-U86SW9CDSBI0,Deposit,,3880.34,USD,,ATM,,,,México,Tijuana,Approved,00,False,2.2,,
TRX-MEZ7A9OI1V1FQBE3HZ8M,2026-05-28 07:44:02,2026-05-28,PRD-435UB7UVYVWK,CLI-MRLUZ9VHIRNI,Withdrawal,,958199.37,COP,239.55,ATM,SUC-HO849Z2Q,,,Colombia,Medellín,Approved,00,False,1.37,,
TRX-YOZQ762M7P3CCOCWJ565,2026-05-28 11:26:52,2026-05-28,PRD-LDUAU3Y89Z3E,CLI-SF6TIIELRV4L,Deposit,,135.15,USD,,ATM,SUC-1G7XCTV8,,,México,Querétaro,Approved,00,False,29.92,,
TRX-0FAYXXLVELZ69TMEHOAZ,2026-05-29 03:12:50,2026-05-28,PRD-DS8LKA5LV0FW,CLI-TQZ0QU6VZUOO,Deposit,,1413126.43,ARS,4037.5,ATM,SUC-HYTTI82L,,,Argentina,La Plata,Approved,00,False,13.71,,
TRX-OVAICGDH37IA5JLI84O1,2026-05-28 22:00:48,2026-05-28,PRD-B3FYYX7R1KB3,CLI-U4ZLZCKQ1DPN,Withdrawal,,16642.16,ARS,47.55,POS,,,,Argentina,Mendoza,Approved,00,False,,,
TRX-RRK1AC7G88W2K22SJRB5,2026-05-28 06:10:22,2026-05-28,PRD-V9NOQ7ETRET9,CLI-APFPUH56YWXC,Purchase,Other,38923.99,ARS,111.21,App,,Tienda General,Other,Argentina,Córdoba,Approved,00,False,9.23,,
TRX-P1QJ4RVD357TJKBPEHOI,2026-05-29 04:55:32,2026-05-28,PRD-1IM7NUISHJAK,CLI-ZPYE5LDWFW95,Purchase,Other,18113.56,ARS,51.75,POS,,Tienda General,Other,Argentina,Rosario,Approved,00,False,20.38,-33.9467914,-59.2074779
TRX-H9Q80GUHSXZUC0NVVRJV,2026-05-28 10:10:54,2026-05-28,PRD-GC31BJACJE21,CLI-YL50H9SBRQ8D,Deposit,,1699067.6,ARS,4854.48,Web,,,,Argentina,Córdoba,Approved,00,False,15.82,,
TRX-754B6IWM03NVD9QN4HY2,2026-05-29 01:59:00,2026-05-28,PRD-B0F30ATCUF7S,CLI-VSOMCFDAU7CG,Payment,Services,1671.54,USD,,POS,,,,México,Querétaro,Approved,00,False,3.29,,
TRX-5DZIIIHO72ED27BDQZUY,2026-05-28 11:39:46,2026-05-28,PRD-B3E137HIBMPF,CLI-204MN8CPBOC1,Withdrawal,,411.5,USD,,POS,,,,México,Tijuana,Approved,00,False,3.28,0.9867228,-0.8599261
TRX-DH8FQ85MR9GWN8I6I4VD,2026-05-28 10:45:56,2026-05-28,PRD-23A3ODQ980Z5,CLI-PHDK65DDGKGB,Withdrawal,,1305325.07,COP,326.33,ATM,,,,Colombia,Cartagena,Approved,00,False,6.72,,
TRX-GJOQ15G3CRSGWUOTLJ7C,2026-05-28 10:01:47,2026-05-28,PRD-2LIIWHSVHGMI,CLI-UV0BZFROD3L7,Transfer,,27833041.18,COP,6958.26,POS,,,,Colombia,Cali,Approved,00,False,,,
TRX-QR04O744F932GIX7NP92,2026-05-28 10:25:53,2026-05-28,PRD-WNKKPT2XHAGZ,CLI-I3JSI7RDB46O,Withdrawal,,269.23,USD,,POS,,,,México,Ciudad de México,Approved,00,False,,,
TRX-IPUNVW2LQW0PDQCUBLE9,2026-05-28 19:50:42,2026-05-28,PRD-A89C0DLPPQM6,CLI-BUZ79YPR4U34,Payment,Services,36363.42,ARS,103.9,POS,,,,Argentina,Córdoba,Approved,00,False,7.73,,
TRX-XYGYA1TB1GUHL1P2MCDK,2026-05-28 15:25:06,2026-05-28,PRD-C7X5BK3ZFOPP,CLI-38EKQXBQCE5B,Withdrawal,,363.5,USD,,POS,,,,México,Puebla,Approved,00,False,2.64,0.899304,0.7758193
TRX-3VTPK3O06IL05UFV8CWH,2026-05-29 03:39:58,2026-05-28,PRD-T64IULONK17X,CLI-GIKIFL1EAMHK,Payment,Transport,2436343.02,COP,609.09,Web,,,,Colombia,Cartagena,Approved,00,False,,,
TRX-R0GQWAS6QNPHAAIZSW9B,2026-05-28 21:24:16,2026-05-28,PRD-5RZMDYY566SA,CLI-R38O0HRARSMP,Deposit,,16956529.49,COP,4239.13,App,,,,Colombia,Medellín,Approved,00,False,5.87,,
TRX-2D5FDDOER9I7RTASEBAE,2026-05-29 05:07:03,2026-05-28,PRD-A2CAU9TLHUAS,CLI-8T0W6XSOJ3DR,Payment,Other,96.79,USD,,POS,,,,Colombia,Bogotá,Approved,00,False,22.45,,
TRX-0A67ZKC57RFQBKNA00U4,2026-05-29 02:28:13,2026-05-28,PRD-M7Z6S3Q0HM2P,CLI-QUUTPEU7PBV4,Transfer,,740.08,USD,,App,,,,México,Querétaro,Approved,00,False,10.99,,
TRX-V38K2QNGM589S6HYWBX2,2026-05-29 00:09:19,2026-05-28,PRD-03VEJE5KEXKN,CLI-RPUSEPQO2AT7,Transfer,,1539.91,USD,,Transfer,,,,Argentina,Buenos Aires,Approved,00,False,20.97,,
TRX-T90HJ2QEP4EFLCUC4IAT,2026-05-28 17:00:17,2026-05-28,PRD-ZQAHNXGH23QQ,CLI-6K1WN994H4R6,Transfer,,9145.73,USD,,App,,,,México,Querétaro,Approved,00,False,28.35,,
TRX-GQ12T1C7A14W8S48H5XQ,2026-05-28 08:24:44,2026-05-28,PRD-0JFC7UG7BNIO,CLI-CS73CFBFCGWN,Payment,Other,1001.86,USD,,POS,,,,México,Guadalajara,Approved,00,False,7.44,-0.6672212,-0.2921599
TRX-24T7UGQXGGFO58IZMGMD,2026-05-29 05:41:19,2026-05-28,PRD-NBM9UPH5NQE1,CLI-DC1TA30NO6Y1,Transfer,,7231.47,USD,,Web,,,,México,Monterrey,Approved,00,False,13.78,,
TRX-PJ2D81BO3RE30CATTFRM,2026-05-29 00:26:13,2026-05-28,PRD-7X89KINYIPCW,CLI-C5TK0VWP8UX8,Purchase,Food,62394.36,ARS,178.27,ATM,SUC-0N077NAM,Mercado Central,Food,Argentina,Córdoba,Approved,00,False,6.44,,
TRX-D1UZRNGSRZGW4LTNK6GL,2026-05-28 06:14:04,2026-05-28,PRD-Z0EYKQXQ6L4T,CLI-CCV85MG2U4VJ,Transfer,,5834.63,USD,,ATM,SUC-HFPBAT4U,,,Colombia,Medellín,Approved,00,False,,-0.406181,0.8929173
TRX-DFPQ1LCB8T4CA4IYXDEN,2026-05-28 21:33:38,2026-05-28,PRD-RFTAYQMH5JBN,CLI-3ZGSYAWSIOL3,Transfer,,883169.13,ARS,2523.34,ATM,SUC-4ICHM641,,,Argentina,Buenos Aires,Approved,00,False,9.99,,
TRX-9G3DN0HTWB3RJTXIDCTM,2026-05-28 19:51:23,2026-05-28,PRD-EQYGL2XECEOV,CLI-IS44FNIXFI3M,Deposit,,18022392.83,COP,4505.6,ATM,SUC-YAQTMQ56,,,Colombia,Barranquilla,Approved,00,False,3.78,,
TRX-3BDME9YBJBQG5KLF0F6Q,2026-05-28 16:53:51,2026-05-28,PRD-9ANKVBM5GR1G,CLI-Z9RLK1XKUTHN,Deposit,,3355.44,USD,,ATM,SUC-IC4I9JS9,,,México,Puebla,Approved,00,False,,,
TRX-A3NGEEDHL7CX2UT26XNZ,2026-05-28 14:40:05,2026-05-28,PRD-1R8SF6GMF9PH,CLI-X3AQJUQM052Z,Withdrawal,,426.07,USD,,POS,,,,México,Monterrey,Reversed,54,False,13.75,0.730608,0.7058132
TRX-8YTRICEXPTOXAMBWDU85,2026-05-28 19:28:46,2026-05-28,PRD-8RAHZ1U367AK,CLI-JJ7ULGI7JOBK,Withdrawal,,125260.63,ARS,357.89,Branch,SUC-MAWPQ7HZ,,,Spain,Madrid,Approved,00,False,15.57,,
TRX-W57E5EGUFW7ORQH1LA9E,2026-05-28 12:42:46,2026-05-28,PRD-UCTCX1TAF7Y5,CLI-WPUUL9CXDFQ6,Purchase,Health,18.71,USD,,POS,,Farmacia Salud,Health,México,,Approved,00,False,25.31,,
TRX-OW6FNHURO7SZ41IS6G41,2026-05-29 05:33:21,2026-05-28,PRD-S5TXFD8HU6FE,CLI-C2NP8SKP8GRJ,Purchase,Services,314.81,USD,,POS,,Internet Plus,Services,México,Querétaro,Approved,00,False,20.29,,
TRX-2ZDVUA7NRP9MZ5LHWLSB,2026-05-29 04:54:32,2026-05-28,PRD-WHIGT3AB2Q8Z,CLI-BO385P57GSVS,Payment,Health,74.29,USD,,ATM,SUC-4AVH1MSP,,,México,Tijuana,Pending,,False,23.98,-0.3229238,0.0844023
TRX-G9W75HWLY2FKKA7930HM,2026-05-28 09:16:25,2026-05-28,PRD-D1ZQUEYKY9S3,CLI-F8MGG02WUEDZ,Deposit,,2286.63,USD,,POS,,,,México,Guadalajara,Approved,00,False,,0.15102,0.4436407
TRX-WMWKAEB957JJL79FJSRG,2026-05-28 11:03:49,2026-05-28,PRD-YF5B5YZIAFS7,CLI-JB6QUBPUHNM3,Purchase,Services,317.11,USD,,POS,,Empresa Telefónica,Services,Argentina,La Plata,Approved,00,False,18.08,-34.2218925,-58.658893
TRX-M4A9MI461UKSDVGSYQK7,2026-05-28 22:11:56,2026-05-28,PRD-WQ1GJOGL2FL4,CLI-FQ9DZQIZ6Q41,Deposit,,2684.42,USD,,POS,,,,México,Tijuana,Approved,00,False,,,
TRX-RU89QWIX18BXPFLQRV5W,2026-05-28 11:28:46,2026-05-28,PRD-9SQKGTFQ7TMP,CLI-GGPABTSPNE1G,Deposit,,1668006.69,ARS,4765.73,Web,,,,Argentina,Mendoza,Approved,,False,28.5,,
TRX-EP9VSOSPG0MV3T1OVVR5,2026-05-28 18:16:22,2026-05-28,PRD-OGA6YOOJZH2S,CLI-TQ5ZAQVVUFZM,Purchase,,891916.13,COP,222.98,ATM,SUC-3NEGSLF6,Taxi Seguro,Transport,Colombia,Barranquilla,Approved,,False,,5.173295,-74.2806003
TRX-7WCPED8UHFF7ZOIBRLCI,2026-05-29 00:43:41,2026-05-28,PRD-1QPQXKUQBSIM,CLI-VE103YZVYSV6,Payment,Transport,441084.47,ARS,1260.24,Web,,,,Argentina,Buenos Aires,Declined,05,False,14.93,,
TRX-NRMX1WU4TDJBZ3OBCWO2,2026-05-28 09:56:05,2026-05-28,PRD-WH6ALOFNJCWW,CLI-Z743ZV42TH2Z,Deposit,,4809.68,USD,,App,,,,México,Guadalajara,Approved,00,False,,,
TRX-EIEVIR1XZETQLL7KL7BV,2026-05-28 13:17:27,2026-05-28,PRD-Z81RCZP2C7S1,CLI-7QXWTC10B582,Purchase,Food,69992.76,ARS,199.98,App,,Super Ahorro,Food,Argentina,Buenos Aires,Approved,00,False,2.7,,
TRX-ERXTZYLP3QR6NDPMGA6C,2026-05-29 02:49:26,2026-05-28,PRD-7FJ8H6C6I3TT,CLI-R7HQ1PGYQUGM,Transfer,,3874.34,USD,,ATM,SUC-1TATGCL8,,,México,,Approved,00,False,26.22,,
TRX-UNKAVU628AWPI7F6RDRT,2026-05-29 02:57:08,2026-05-28,PRD-38GQ7TMN2OPX,CLI-7P1HCGYP3XU5,Purchase,,77.57,USD,,POS,,Ferretería,Other,México,Guadalajara,Reversed,51,False,27.27,,
TRX-IWXBZXECY2TDS8BCFI94,2026-05-28 23:52:12,2026-05-28,PRD-R405U9M17AKK,CLI-NDH12YBTAZTS,Payment,Entertainment,592.53,USD,,Web,,,,México,Ciudad de México,Approved,00,False,6.04,,
TRX-88346XNFKKIM6NF1ZVIM,2026-05-28 11:39:28,2026-05-28,PRD-15B65E6HXVMY,CLI-1BJRLWVAO87E,Transfer,,1947061.97,ARS,5563.03,ATM,SUC-SN21TOOC,,,Argentina,,Approved,00,False,22.35,,
TRX-8LO54O2PPZLK3WAS913L,2026-05-28 17:58:17,2026-05-28,PRD-60K38FRJ088X,CLI-YXCCCI2EVT2P,Transfer,,9886.29,USD,,App,,,,México,,Approved,00,False,17.23,,
TRX-AONKI0V5FIW96X3RACY3,2026-05-28 11:30:14,2026-05-28,PRD-7R8JJPUL52D7,CLI-DNLA32ZNV9PW,Withdrawal,,10052.86,ARS,28.72,POS,,,,Argentina,La Plata,Approved,00,False,15.93,,
TRX-6773PLA9X173P304A57W,2026-05-28 16:25:32,2026-05-28,PRD-CEJEKE39P5QE,CLI-07DIS0FHNMI6,Transfer,,8306.88,USD,,POS,,,,México,Puebla,Approved,00,False,,0.4399494,-0.3122735
TRX-FNYI85UV53IB743X0J0X,2026-05-29 03:53:30,2026-05-28,PRD-I1PL1N0241EO,CLI-BOX38HJE9NIP,Payment,Other,1844.64,USD,,ATM,SUC-XUG645G9,,,México,Guadalajara,Approved,,False,0.69,,
TRX-75PI0V14VNRJIGOY7UBO,2026-05-28 06:42:11,2026-05-28,PRD-CNNNWB7IOT8Z,CLI-JEHDM5EZ238J,Withdrawal,,378.8,USD,,POS,,,,México,Querétaro,Pending,14,False,,,
TRX-E1ZBFJ49LU53BGEEEGUT,2026-05-28 10:26:34,2026-05-28,PRD-53V7CSCAHWKF,CLI-OAABW0HHATDO,Purchase,Services,208050.65,COP,52.01,Branch,SUC-07AK38PR,Servicios Públicos,Services,Colombia,Barranquilla,Approved,00,False,11.46,4.8454754,-73.5515242
TRX-PBITR4H9GC607EF873J6,2026-05-28 13:31:16,2026-05-28,PRD-F07ND405CA1H,CLI-5OHS3QM2QRPK,Withdrawal,,152912.44,ARS,436.89,Web,,,,Argentina,Buenos Aires,Approved,00,False,8.14,,
TRX-10BNFC5POI72K6B96Y05,2026-05-28 12:53:13,2026-05-28,PRD-HZ2W7RZ6QGVR,CLI-QE24Y8D9IQSW,Deposit,,9699299.2,COP,2424.82,POS,,,,Colombia,Bogotá,Approved,00,False,,,
TRX-EJSR1LHFKV30XR72MHU3,2026-05-29 03:20:22,2026-05-28,PRD-0W7U3P6WTG6N,CLI-Z29UEWP79NQ5,Withdrawal,,1616276.47,COP,404.07,POS,,,,Colombia,Bogotá,Approved,00,False,15.59,4.2083521,-74.8076751
TRX-6VART7IVH1OHTRB5TW1O,2026-05-28 15:30:51,2026-05-28,PRD-2S2KK5PXGSX9,CLI-8GTNYTV704PW,Withdrawal,,220460.48,COP,55.12,POS,,,,Colombia,Cali,Approved,00,False,5.75,,
TRX-8VJ2AADZEK7N7J61681Z,2026-05-29 05:10:44,2026-05-28,PRD-7M88XRV49JZO,CLI-RLR4OAGM0MIF,Purchase,Food,134921.23,ARS,385.49,POS,,Restaurante El Buen Sabor,Food,Argentina,Mendoza,Approved,00,False,,-34.4107917,-58.5140939
TRX-RD88H7QO1C78YKZKFWRY,2026-05-28 13:34:05,2026-05-28,PRD-LF6B2WWPBE6O,CLI-L702KJ6ZSB9V,Purchase,Services,32754.77,ARS,93.59,POS,,Empresa Telefónica,,Argentina,Rosario,Pending,54,False,25.73,,
TRX-K6WHQZ09LVD73L52WJNK,2026-05-28 11:02:54,2026-05-28,PRD-UWPMNIT4TON7,CLI-K2JZH5UL9BIK,Payment,Transport,1971.84,USD,,App,,,,México,Puebla,Declined,05,False,16.15,,
TRX-84LC2GAQSHEACL58ICO1,2026-05-28 06:37:39,2026-05-28,PRD-SCGLK6MX4RCO,CLI-A6940B94208M,Purchase,Other,156.57,USD,,POS,,Tienda General,Other,México,Tijuana,Approved,00,False,,-0.8756039,0.1094766
TRX-VT3KNGXDC0ZS3YGAC4NE,2026-05-28 07:28:22,2026-05-28,PRD-F3ZF5M1WZRRF,CLI-7PYMGWIYKCCN,Transfer,,26869887.82,COP,,ATM,SUC-DLYE60QN,,,Colombia,Cartagena,Approved,00,False,17.35,,
TRX-Q8ATOIJ2A8NPW7NSFTZE,2026-05-29 05:14:28,2026-05-28,PRD-1D7N2P43B15H,CLI-BNB4TMRSMR5V,Withdrawal,,190.85,USD,,Web,,,,Argentina,Buenos Aires,Approved,00,False,14.25,,
TRX-815SQOWCUDX01NWOSH2I,2026-05-28 16:28:43,2026-05-28,PRD-RCX9ROV0BPGG,CLI-KDB2J0KJEQFT,Transfer,,9482827.38,COP,2370.71,POS,,,,Colombia,Barranquilla,Approved,00,False,1.64,,
TRX-E7XSXG5VJTGC1WMSDMCA,2026-05-28 18:42:59,2026-05-28,PRD-5127TPJG7BBK,CLI-WAGR5KG17YBF,Transfer,,994685.27,ARS,2841.96,ATM,,,,Argentina,Córdoba,Approved,00,False,25.27,-34.7456055,-59.0308674
TRX-GEM7KPCIQBC4Q46P5H9L,2026-05-28 12:31:01,2026-05-28,PRD-V4EAULOTS7K5,CLI-WV0P98ZMG2TI,Purchase,Other,41.22,USD,,POS,,Boutique Moda,Other,México,Guadalajara,Approved,00,False,13.83,0.9917094,-0.5648832
TRX-7U21I19BUKWE84MD0GZE,2026-05-28 06:19:14,2026-05-28,PRD-SWKUWIE6UBOY,CLI-928SC91HFSN8,Purchase,Services,26125.17,ARS,74.64,Web,,Empresa Telefónica,Services,Argentina,Rosario,Approved,00,False,29.52,,
TRX-XUYOBP0WTHE5W0A7BSZL,2026-05-28 20:51:37,2026-05-28,PRD-X6FM1YLGP18U,CLI-DDF0H7GM1NQG,Transfer,,8629.84,USD,,ATM,SUC-1PYKK6ZV,,,México,,Approved,00,False,20.93,,
TRX-ZGGCGZ0GFM50M9VLQKAV,2026-05-28 09:00:19,2026-05-28,PRD-OHDGZQ1MXRON,CLI-WIGUEUAXAFNK,Withdrawal,,624834.76,COP,156.21,POS,,,,Colombia,Cartagena,Approved,00,False,0.19,,
TRX-IA6XOQZ55W3KVT982D54,2026-05-28 21:21:14,2026-05-28,PRD-PED5FMEACA02,CLI-EXON7L4L1D4E,Payment,Other,343558.83,ARS,981.6,App,,,,Argentina,Buenos Aires,Approved,00,False,27.54,,
TRX-G4UUVQMALFM9BU011FD1,2026-05-28 19:25:12,2026-05-28,PRD-0040UXP3T5BR,CLI-1FH4CA625TOU,Payment,Food,379.13,USD,,Web,,,,México,Guadalajara,Approved,00,False,26.35,,
TRX-LFEV7QNNHHE3XOD4QYLF,2026-05-29 00:41:42,2026-05-28,PRD-PHU47HC4ZDJX,CLI-BU9U9IK4NSYJ,Deposit,,1548574.04,ARS,4424.5,POS,,,,Argentina,,Approved,00,False,16.99,,
TRX-S54WD2AJ0PYY7QVTJ187,2026-05-28 21:19:28,2026-05-28,PRD-6X44FVC3V8L9,CLI-OA7OVBF0HEF0,Purchase,Other,69.78,USD,,ATM,SUC-YZRQJS5X,Centro Comercial,Other,México,Tijuana,Approved,00,False,13.42,0.1428464,-0.9805024
TRX-6KI2ZEOUSZTXO48GKCAX,2026-05-28 12:23:04,2026-05-28,PRD-Q715PKJGI4ZB,CLI-1ZOYHBF1CMTF,Deposit,,2955.08,USD,,Web,,,,México,Tijuana,Approved,00,False,29.51,,
TRX-ZXPAYW5ZQHHQO9SNO122,2026-05-29 02:31:13,2026-05-28,PRD-4O42DHSU8NLI,CLI-N89ZR1VJL5W7,Withdrawal,,514198.03,COP,128.55,POS,,,,Colombia,Cali,Approved,00,False,10.5,,
TRX-VWU1VLH40TI9YYFJYXF7,2026-05-29 03:36:13,2026-05-28,PRD-MHBB6MEX4CNZ,CLI-ZW1VGCSLRKWS,Purchase,Entertainment,302345.5,COP,75.59,Transfer,,Conciertos Live,Entertainment,Colombia,,Approved,00,False,21.27,,
TRX-BIWD5DZFP4KOA1DQA4RM,2026-05-29 05:12:25,2026-05-28,PRD-OL10N7W4FXVO,CLI-IYRZ1LH4TM1P,Transfer,,7627.51,USD,,POS,,,,Brazil,Rio de Janeiro,Approved,00,False,7.12,,
TRX-HVY8HF9441T11STB43FQ,2026-05-29 05:18:44,2026-05-28,PRD-MABSKVOCL7TA,CLI-CG2VR4I3I3MO,Purchase,Transport,132.36,USD,,Web,,Taxi Seguro,Transport,México,Puebla,Approved,00,False,,,
TRX-PCPQ9PTTSPSU4NSZGZ6G,2026-05-28 11:20:12,2026-05-28,PRD-6MCV7M0J0ZUF,CLI-9N9HQ4CNMU9G,Purchase,Services,391.11,USD,,ATM,,Cable TV,Services,Argentina,Córdoba,Approved,00,False,4.61,,
TRX-F3U40ROBAHSOXTTIFX56,2026-05-28 20:22:49,2026-05-28,PRD-OJEZQ5OG3GHS,CLI-MEBZA5Z164QM,Purchase,Food,1054152.61,COP,263.54,ATM,SUC-ZCLZ4UQA,Super Ahorro,Food,Colombia,Barranquilla,Approved,00,False,5.43,5.6836488,-74.5778938
TRX-RUK4ACPQ50REIF6FJQIM,2026-05-28 18:36:30,2026-05-28,PRD-NM2ALEJVIG8B,CLI-TAN4YXAY6KW5,Withdrawal,,334.66,USD,,App,,,,México,Querétaro,Approved,00,False,0.15,,
TRX-9MPI6ZWFC98CUMPU38PH,2026-05-28 20:20:32,2026-05-28,PRD-UTUHQ6S5B62T,CLI-LV1VBE6JHZ4I,Purchase,,164061.2,ARS,468.75,ATM,SUC-4ICHM641,Super Ahorro,Food,Argentina,Buenos Aires,Approved,00,False,9.34,,
TRX-P3IF2K0ULDL2LSD0YT2R,2026-05-29 05:18:24,2026-05-28,PRD-X88LNGJJC9IX,CLI-N106BBXXKLFG,Transfer,,2215462.29,ARS,6329.89,Web,,,,Argentina,,Approved,00,False,14.42,,
TRX-XJ649ZEJCG524GYOMF18,2026-05-28 11:12:44,2026-05-28,PRD-7Z7GWKSB0IH6,CLI-1UKJ229ZD0X9,Purchase,Food,29.37,USD,,Web,,Tienda Don José,Food,México,Puebla,Approved,00,False,25.81,,
TRX-MWBWMPCB7AIGTFA3Q62X,2026-05-28 11:49:06,2026-05-28,PRD-ZWCDHHQXKL3Q,CLI-4WU6P1BQBZ7H,Payment,Entertainment,1302.82,USD,,POS,,,,México,Puebla,Approved,00,False,0.88,,
TRX-0A8FS5C29EOBD9ESK80V,2026-05-29 05:52:00,2026-05-28,PRD-KLG3AACSHQAB,CLI-02FOZFCE1700,Deposit,,944.42,USD,,POS,,,,México,Monterrey,Approved,00,False,17.74,,
TRX-NICVG2HBA75GGDAHDXE6,2026-05-28 07:51:17,2026-05-28,PRD-MTYAM4NQTHRF,CLI-5LGD6ZH24R5H,Purchase,,133.06,USD,,Web,,Restaurante El Buen Sabor,Food,México,Querétaro,Approved,00,False,2.69,,
TRX-X7QOZHDFFVIX4DFWMP20,2026-05-28 06:45:42,2026-05-28,PRD-MCNSI5W6X8VM,CLI-7964M69WN30R,Deposit,,410185.87,COP,102.55,App,,,,Colombia,Barranquilla,Approved,00,False,,,
TRX-9VMC6EPAXFRIM5IJBI7A,2026-05-28 19:25:50,2026-05-28,PRD-D7G3TLYQ7ZHQ,CLI-BFRP9ZWUS969,Withdrawal,,1424154.65,COP,356.04,POS,,,,Colombia,Cali,Approved,00,False,,,
TRX-YGORQ470O8GI6P2DKO97,2026-05-28 18:16:16,2026-05-28,PRD-Q9TACK3MTLBV,CLI-Y3SNBLQ5I0YC,Purchase,Transport,1607492.03,COP,401.87,Transfer,,Estación de Servicio,Transport,Colombia,Cartagena,Approved,00,False,20.69,,
TRX-04P2VPP6D8NW6A3KZM5Y,2026-05-28 20:31:25,2026-05-28,PRD-UQ4JX8EVVXQ4,CLI-HVHLAFR3YBZ0,Payment,Entertainment,568.11,USD,,Web,,,,México,Monterrey,Approved,00,False,7.09,,
TRX-V165B99GEVFD7L3OW9OI,2026-05-29 04:59:43,2026-05-28,PRD-4K9B4DGG8LAC,CLI-UTMRKCFT5N7Y,Deposit,,4754314.25,COP,1188.58,ATM,SUC-01J639PQ,,,Colombia,Barranquilla,Approved,00,False,,,
TRX-0XA5X95O5F1GGXBU06NV,2026-05-28 07:13:53,2026-05-28,PRD-00DRZ72AXU5E,CLI-4CX603VQ1J7D,Deposit,,4780.56,USD,,ATM,SUC-5FCLNF9U,,,México,Guadalajara,Approved,00,False,22.08,,
TRX-VL2OUXG20KJZYTQWZJ1R,2026-05-28 11:05:31,2026-05-28,PRD-6T9ZATN4MF1H,CLI-U1H15DEK7FN8,Transfer,,354.04,USD,,ATM,SUC-CJYLJUTF,,,Argentina,Rosario,Approved,00,False,7.19,,
TRX-CF90ARTUCSKV6HJO05NO,2026-05-29 00:58:08,2026-05-28,PRD-7S47ZYBH68WL,CLI-TAMDTGLW5RGY,Purchase,Services,786225.12,COP,196.56,Web,,Servicios Públicos,Services,Colombia,Medellín,Approved,00,False,3.43,,
TRX-2G30CNSDA4A1JUB41Q92,2026-05-29 01:00:48,2026-05-28,PRD-GM8227RN71MN,CLI-YTN6NT0K79VD,Payment,Transport,277.9,USD,,ATM,,,,México,Ciudad de México,Approved,00,False,,0.6449338,0.3856798
TRX-8P274C67GLIINX12YQGJ,2026-05-28 14:17:28,2026-05-28,PRD-7115U68IW7E0,CLI-6LQADI33D3A6,Purchase,Services,341.89,USD,,ATM,SUC-GPTCLR0Q,Servicios Públicos,,Mexico,Monterrey,Approved,00,False,20.71,,
TRX-ZK1035YJT43KZXZ9P2LG,2026-05-28 22:21:05,2026-05-28,PRD-CIHX8ETPB9CW,CLI-DBZAYZJ5GMMM,Purchase,Services,68606.21,ARS,196.02,POS,,Servicios Públicos,Services,Argentina,Mendoza,Approved,00,False,11.25,,
TRX-G1TGZJ4BA7JDHBSMP3DX,2026-05-29 01:37:25,2026-05-28,PRD-IVHHNX6JSD4V,CLI-01S2EVO9FZW6,Withdrawal,,376.74,USD,,App,,,,México,Guadalajara,Approved,00,False,26.38,,
TRX-O6VYQ5DFVB3XS0VS8LMK,2026-05-28 07:09:30,2026-05-28,PRD-9CRMDRKV3EKS,CLI-4CNQVTAXLHTF,Withdrawal,,435.67,USD,,POS,,,,México,Ciudad de México,Approved,00,False,,,
TRX-K1JKY0YGQMLP8O92LHCU,2026-05-29 00:00:01,2026-05-28,PRD-FLEZ1TU8IXF2,CLI-QITAGXCUR83U,Transfer,,7724.59,USD,,ATM,SUC-QL08OUL0,,,USA,Miami,Approved,00,False,,,
TRX-QMA3TQKOSXQG6LJBECUY,2026-05-28 09:08:58,2026-05-28,PRD-143GKT3HXV55,CLI-41Z5FY3IOO7Y,Withdrawal,,425.57,USD,,POS,,,,México,,Approved,00,False,,0.8167496,-0.5826985
TRX-6BJR9V3D37S06MH2QLX1,2026-05-28 17:58:02,2026-05-28,PRD-S149EF4903YM,CLI-HGB816EMMAX3,Withdrawal,,1306603.44,COP,326.65,POS,,,,Colombia,Medellín,Approved,00,False,12.8,,
TRX-G8G8DPMLCN6WMO97NDEO,2026-05-28 23:13:49,2026-05-28,PRD-6Q8WH2QOBCAO,CLI-OZESAJKH84NU,Purchase,Health,244.44,USD,,POS,,Laboratorio Central,Health,México,Monterrey,Approved,00,False,26.78,,
TRX-T7LP38CJL5B5NPOEVOKH,2026-05-28 09:48:59,2026-05-28,PRD-ULXNRD758J8K,CLI-GQ4CBLIHATSQ,Payment,Transport,587153.61,ARS,1677.58,POS,,,,Spain,Madrid,Approved,00,False,,,
TRX-O9X5BDV4BKLCMH5ZJKEN,2026-05-29 04:42:15,2026-05-28,PRD-T1552KJBKSV9,CLI-EAS8S7XV8JWW,Deposit,,450738.11,ARS,1287.82,App,,,,Argentina,La Plata,Approved,00,False,18.4,,
TRX-8N9B057KM6URAT6WZ0HX,2026-05-29 02:10:10,2026-05-28,PRD-0AS169PNBWDP,CLI-EUMMFO7JVVS4,Purchase,Entertainment,177.45,USD,,POS,,Streaming Music,Entertainment,México,Ciudad de México,Approved,00,False,,,
TRX-QCX0DHSW9OPV2MDIU0UW,2026-05-29 03:35:17,2026-05-28,PRD-V7UYW6BXX0V9,CLI-MNZTOIN3646P,Payment,Entertainment,3507847.58,COP,876.96,POS,,,,Mexico,Guadalajara,Approved,00,False,0.65,,
TRX-Q7O9OQ628HBARQEVJ4AY,2026-05-28 09:57:50,2026-05-28,PRD-2MMOXO79G47L,CLI-UF0HYX6I0W7S,Deposit,,700.54,USD,,POS,,,,México,Guadalajara,Approved,00,False,,0.0459277,-0.1476213
TRX-P2EOC6K594T8M8QQ3K5P,2026-05-28 16:08:50,2026-05-28,PRD-9YYLIS8DE3EY,CLI-4KG97KA40SS8,Withdrawal,,177.35,USD,,POS,,,,México,Monterrey,Approved,00,False,26.06,-0.1940545,0.7110725
TRX-U9SW3IDKUTHLBXZPLJX2,2026-05-28 13:37:01,2026-05-28,PRD-ZDTXZBWPHB76,CLI-SFO4QXXX0HZF,Payment,Services,940.63,USD,,POS,,,,México,Guadalajara,Approved,00,False,8.87,,
TRX-EYKQ1GBOHI4QBZ4ABYBA,2026-05-29 02:51:30,2026-05-28,PRD-VC2XLVMKR99T,CLI-2NHZ7ZDBHCRT,Transfer,,4092.82,USD,,Web,,,,México,Tijuana,Approved,00,False,14.55,,
TRX-M1U06VXE5Y3AMUXAE4XU,2026-05-28 11:59:11,2026-05-28,PRD-HVFNJNKXKYHZ,CLI-DJS5IPO226Q9,Transfer,,28124898.46,COP,7031.22,POS,,,,Colombia,Cartagena,Approved,00,False,6.31,,
TRX-3B8K0C5UT2UIQ8EV505Z,2026-05-29 04:53:48,2026-05-28,PRD-5535FLNAD58S,CLI-CKCZ1UNUSJOZ,Transfer,,1375491.49,ARS,3929.98,POS,,,,Argentina,La Plata,Approved,00,False,18.92,,
TRX-42XLVDONQ10BBMDTOY5F,2026-05-28 07:39:25,2026-05-28,PRD-T4AXUQ7PBR85,CLI-V8MYYG03J4I2,Withdrawal,,185.59,USD,,App,,,,México,Querétaro,Approved,00,False,,,
TRX-JEM6S01T6WOB1H9NPX96,2026-05-29 01:25:34,2026-05-28,PRD-H7XKN0704155,CLI-V1396H445A9F,Withdrawal,,25.71,USD,,ATM,SUC-QZU3WHKF,,,México,Monterrey,Approved,00,False,0.95,,
TRX-011HRD4FHI79MHRW82YM,2026-05-28 12:38:52,2026-05-28,PRD-YE70Q9MO6XFU,CLI-U4280KSDQXJ1,Transfer,,12165555.89,COP,3041.39,Web,,,,Colombia,Bogotá,Approved,00,False,,,
TRX-QNWNX56JG6NNXIRLPCNH,2026-05-28 14:55:57,2026-05-28,PRD-0FJ9IGF4Y8MH,CLI-BNTV6M3T8ZJN,Purchase,Other,968384.98,COP,242.1,ATM,SUC-MU9A5O88,Ferretería,Other,Colombia,Cartagena,Approved,00,False,8.55,,
TRX-71M9AYOWZHF937O2XBZ6,2026-05-29 05:10:59,2026-05-28,PRD-UWW0YCWPWEK2,CLI-YC6GR7D9SHQD,Transfer,,27779975.41,COP,6944.99,Web,,,,Colombia,Cartagena,Approved,00,False,8.76,,
TRX-OX7AY2VECPJEUAKHY3TQ,2026-05-28 19:29:15,2026-05-28,PRD-HDUALUL2RYR8,CLI-SF6H17OUMJ8S,Deposit,,929.53,USD,,App,,,,Colombia,Cali,Approved,00,False,23.96,,
TRX-WCZVYZC94W9WLPDV98TX,2026-05-28 15:21:26,2026-05-28,PRD-2LZPXTYI535O,CLI-21Q0Y00C2Z5J,Purchase,Other,1261265.36,COP,315.32,ATM,SUC-C93NERQQ,Boutique Moda,Other,Colombia,Medellín,Approved,00,False,5.55,,
TRX-F402Y1P6Y11EIH3GKZTT,2026-05-28 15:37:58,2026-05-28,PRD-ME0MWASL0ISI,CLI-H9SS191H5DNS,Transfer,,8168.14,USD,,POS,,,,México,Ciudad de México,Approved,00,False,1.19,0.0798359,0.4802435
TRX-1983DGP2VSU19UEY7ZWL,2026-05-28 06:32:53,2026-05-28,PRD-O3B6LLWB62I9,CLI-T59OWC6C69W0,Deposit,,1216.64,USD,,ATM,SUC-Y15GDF24,,,México,Puebla,Approved,00,False,26.72,0.2804607,0.7225688
TRX-P6I2XXMHIORJTJ8WJ59V,2026-05-29 01:35:32,2026-05-28,PRD-GS07UH3PTNDD,CLI-YEV4Z1XT87CC,Withdrawal,,408.83,USD,,App,,,,México,Monterrey,Approved,00,False,18.89,,
TRX-4AE2PM66OMLYNFOI2Y84,2026-05-28 17:28:22,2026-05-28,PRD-BPJA9N5SK6T1,CLI-RI2FAIX1DT08,Purchase,Transport,190.71,USD,,POS,,Taxi Seguro,Transport,México,Querétaro,Declined,51,False,,,
TRX-ERV2ZTNNKI390XP18I9Y,2026-05-28 15:49:49,2026-05-28,PRD-JPLEA2NCGJU5,CLI-URLL4GKFYTHH,Purchase,Food,497.61,USD,,Web,,Mercado Central,Food,Colombia,Bogotá,Approved,00,False,11.35,,
TRX-89UA1AWX1N6US043C85C,2026-05-28 08:07:48,2026-05-28,PRD-WSQXD6OUI6H1,CLI-E09PAWLJGWSE,Purchase,Health,464.87,USD,,ATM,SUC-2Z7NT3UT,Clínica Médica,Health,México,Guadalajara,Approved,00,False,,-0.3364235,0.992926
TRX-LWTOWQ028O5MRCM8MKF2,2026-05-28 15:15:52,2026-05-28,PRD-7VRCUQZQJQH2,CLI-27AKRX2XNVPV,Transfer,,3826.07,USD,,App,,,,México,Tijuana,Approved,00,False,16.48,,
TRX-57ZM036ESKFNPXTJSDWZ,2026-05-28 21:33:00,2026-05-28,PRD-RDC9A85S1ZQ6,CLI-0V6TX93RZNBR,Payment,Food,993.44,USD,,ATM,SUC-BSMTX3U8,,,México,Monterrey,Approved,00,False,27.59,,
TRX-IAKIMIXA08VVW1Z6JF4Q,2026-05-28 21:43:38,2026-05-28,PRD-KGXEXAGD1UMM,CLI-UQDW51ODSKJ1,Transfer,,981.19,USD,,ATM,SUC-D4W8JR4A,,,Argentina,Rosario,Approved,00,False,11.16,,
TRX-M6SAFEOESUC4EYE8VO9Z,2026-05-28 09:31:40,2026-05-28,PRD-10VB3R2IM47L,CLI-2JMBUJVYVCZA,Deposit,,2723.21,USD,,ATM,SUC-HFPBAT4U,,,México,Puebla,Declined,14,False,24.44,,
TRX-ERT0YEMUV79OABT53YLD,2026-05-28 08:29:47,2026-05-28,PRD-79653TTE2S24,CLI-LRD47NUEFDE6,Payment,Entertainment,413.23,USD,,POS,,,,México,Monterrey,Approved,00,False,2.54,-0.472858,0.6192653
TRX-HAE3T2DQAUZCV0IEKVRJ,2026-05-29 03:53:22,2026-05-28,PRD-69QLTXHHAH53,CLI-XDVNRPWR4ZXU,Withdrawal,,240.88,USD,,App,,,,México,,Approved,00,False,,,
TRX-RKMGGY8E27K72LRWFCPD,2026-05-28 21:07:31,2026-05-28,PRD-249HCGFZHR8C,CLI-PR2CK3XKYCYI,Withdrawal,,1207174.44,COP,301.79,POS,,,,Colombia,Cartagena,Approved,00,False,,,
TRX-XWQ6FEVS77ZREW3494F7,2026-05-28 16:53:41,2026-05-28,PRD-5PC50VJOZG0V,CLI-2984EO22F9QG,Withdrawal,,485.18,USD,,POS,,,,Brazil,Rio de Janeiro,Approved,00,False,,,
TRX-DEES1QBUOLO8S6T0A3TD,2026-05-28 07:19:29,2026-05-28,PRD-H4V337HC3030,CLI-9RUHFE4Q58EK,Deposit,,413053.21,ARS,1180.15,ATM,SUC-V5DT47YR,,,Argentina,Buenos Aires,Approved,00,False,23.65,,
TRX-V400KJ41H5IVCQUHK743,2026-05-28 21:53:13,2026-05-28,PRD-J840ZRSCGMF6,CLI-Y57FSFHHJPP5,Deposit,,1063.24,USD,,ATM,SUC-JYJWT9TH,,,México,Guadalajara,Approved,00,False,0.94,,
TRX-TWT7I2OAIL2CW4LX9CT7,2026-05-28 17:12:30,2026-05-28,PRD-X2EC483X9PL0,CLI-JF6OXB11S490,Adjustment,,532.22,USD,,ATM,SUC-VTIA5X8Y,,,México,Tijuana,Approved,00,False,,,
TRX-LE2FSAJIWRXT51ZLV6D7,2026-05-28 12:43:09,2026-05-28,PRD-BT3WFS38GCXC,CLI-3MLEZNLUI82W,Withdrawal,,98.54,USD,,POS,,,,México,Ciudad de México,Approved,00,False,,-0.0045652,-0.9299924
TRX-TM1PDR4A8T6I8AUCINS7,2026-05-28 18:10:08,2026-05-28,PRD-09E3B8Z9SSSD,CLI-D80WREPJTYI6,Withdrawal,,225.65,USD,,POS,,,,México,Tijuana,Approved,00,False,26.04,,
TRX-IKS88UB3X2QWBEM1FK5T,2026-05-29 01:43:58,2026-05-28,PRD-JSYSX5UBCDCX,CLI-E0RGHWK8J9LQ,Transfer,,33432512.32,COP,8358.13,App,,,,Colombia,,Approved,00,False,19.85,,
TRX-01G0UKQ1UVDMN037BG2I,2026-05-28 19:13:18,2026-05-28,PRD-OYPGX7JJGTEB,CLI-VKG1LRJX27RS,Purchase,Entertainment,85744.87,ARS,244.99,POS,,Conciertos Live,Entertainment,Argentina,Córdoba,Approved,00,False,27.83,,
TRX-77XOOYE0A8JZ26MGKMAI,2026-05-28 17:16:24,2026-05-28,PRD-83B0N077NAM1,CLI-Z5X0VCAKAMK5,Withdrawal,,46.66,USD,,POS,,,,México,Monterrey,Approved,00,False,,,
TRX-FI6Q843GMBKFEL99ZHU7,2026-05-28 22:28:48,2026-05-28,PRD-TEUIHJ3DC5RP,CLI-030Z8G4SK86R,Transfer,,4678831.49,COP,1169.71,Web,,,,Colombia,Cartagena,Approved,00,False,16.66,,
TRX-W57SNMGAWKJVCIFP35HM,2026-05-28 12:02:42,2026-05-28,PRD-65IK92FGCV4Q,CLI-DNRD88SYE3TS,Transfer,,7484.34,USD,,POS,,,,México,Querétaro,Approved,00,False,16.36,,
TRX-I7EY1FI9NPMTVLACWVKV,2026-05-29 03:49:49,2026-05-28,PRD-8Z203Q75FY8R,CLI-2I6PBG28G1EW,Deposit,,1640924.25,ARS,4688.35,POS,,,,Argentina,Rosario,Approved,00,False,10.58,,
TRX-T9JU1SDUG4CYUJ0MPM2E,2026-05-29 05:56:05,2026-05-28,PRD-V6E1PGJYLLRN,CLI-V2EUGORRIJNH,Purchase,Food,678056.12,COP,169.51,Web,,Super Ahorro,Food,Spain,Barcelona,Approved,00,False,10.94,,
TRX-3PDMHU09M3QX9W4BK3BN,2026-05-28 17:14:10,2026-05-28,PRD-Y7CAAZME5W87,CLI-161MV7M5VOCV,Transfer,,27660224.93,COP,6915.06,App,,,,Colombia,Medellín,Approved,00,False,0.86,,
TRX-0EWO52CO4FVTSQHV8R1N,2026-05-28 10:01:47,2026-05-28,PRD-QWELLCYF86V0,CLI-IHLMNG8UUALA,Transfer,,5592.35,USD,,POS,,,,México,Puebla,Approved,00,False,27.56,,
TRX-KE4F4PBVIF89F05J5L37,2026-05-28 21:12:08,2026-05-28,PRD-MR1Y4OKMBFP0,CLI-85LMG8XPFRRU,Deposit,,3748.42,USD,,ATM,SUC-HBYNA6O6,,,Argentina,Córdoba,Approved,00,False,26.47,-35.3009988,-58.3177703
TRX-G31741Y66MJ39HCE2S7V,2026-05-28 10:59:51,2026-05-28,PRD-G72Q107TGRR4,CLI-T2JGKJGNV2QI,Withdrawal,,68894.12,ARS,196.84,ATM,SUC-ZVPEMWQP,,,Argentina,Rosario,Approved,00,False,17.45,,
TRX-J119B0CVWY04VZDU8GDD,2026-05-28 06:35:35,2026-05-28,PRD-OKM658KF04IS,CLI-AFFCUGH6LWN8,Transfer,,5313.53,USD,,ATM,SUC-I8M9CS2Y,,,USA,Miami,Approved,00,False,7.99,,
TRX-W9P4YC0UTU5K7BP3QYYR,2026-05-29 05:09:21,2026-05-28,PRD-ZQZTVLALSX5Z,CLI-CSV7QTN9PHTJ,Purchase,Entertainment,1112349.55,COP,278.09,POS,,Conciertos Live,Entertainment,Colombia,Medellín,Approved,00,False,22.1,,
TRX-4QJGEOLGLV4YCF8J98CR,2026-05-28 09:14:49,2026-05-28,PRD-YAS0YKOLCS9N,CLI-679Y99Y2ITIZ,Payment,Other,1205.63,USD,,Web,,,,México,Tijuana,Approved,00,False,27.22,,
TRX-NNSO72DIV2STK3AMBMSE,2026-05-28 18:45:36,2026-05-28,PRD-6HJ2ZJSN7662,CLI-1K4OTI39SX4K,Payment,Services,808.14,USD,,App,,,,México,Tijuana,Approved,00,False,13.84,,
TRX-3VAHF3DNYGABG4Z8RVSZ,2026-05-28 06:37:02,2026-05-28,PRD-NXYOTF6BIA73,CLI-KSJTFUGQD3HB,Deposit,,1335834.64,ARS,3816.67,App,,,,Argentina,,Approved,00,False,24.32,,
TRX-98AKNW787PA2AOBS7UZ5,2026-05-28 16:31:35,2026-05-28,PRD-AB2WZ1A4V26C,CLI-QYQSLD0ARJQV,Payment,Food,170.97,USD,,App,,,,México,Ciudad de México,Approved,00,False,3.25,,
TRX-EKAWS955UPOEYQG2MER8,2026-05-28 06:59:55,2026-05-28,PRD-KVEOMLI8W01Z,CLI-7UG7E5GNOLMF,Deposit,,9461105.6,COP,2365.28,App,,,,Colombia,Cartagena,Approved,00,False,16.89,,
TRX-RJRWJ9WARCZ95F1AYMPK,2026-05-28 07:36:29,2026-05-28,PRD-B6USPPGSGCMG,CLI-HHJ496JZ0CQW,Purchase,Food,101914.38,ARS,291.18,App,,Tienda Don José,Food,Argentina,Córdoba,Approved,00,False,20.36,,
TRX-6NBHPX0SAQQX2D3H9ZF7,2026-05-28 20:48:28,2026-05-28,PRD-HIAR20SMMDVR,CLI-T4FB7DRJU0O7,Transfer,,2050.06,USD,,ATM,SUC-P92DIW6S,,,México,Ciudad de México,Approved,00,False,5.05,,
TRX-S7HBX62TROBGE92VRFGW,2026-05-28 16:51:12,2026-05-28,PRD-V9IDMX0LMJXM,CLI-PGX767V84JXF,Transfer,,3303.77,USD,,Web,,,,México,Monterrey,Approved,00,False,8.52,,
TRX-IRXNGJR50L7RXBTGGWHF,2026-05-28 13:23:22,2026-05-28,PRD-DI19Z01O6UZ2,CLI-XY74ZNPQ70AB,Withdrawal,,159824.45,ARS,456.64,App,,,,Argentina,Mendoza,Approved,00,False,11.46,,
TRX-PRPVHQVXJBGIKNV16SGI,2026-05-28 17:21:55,2026-05-28,PRD-T893NLE7IHAY,CLI-9Q1V0HT0VM86,Deposit,,572.4,USD,,POS,,,,Colombia,Bogotá,Approved,00,False,10.73,,
TRX-DNLWG4TAW7QFD0VW3SOW,2026-05-29 04:44:56,2026-05-28,PRD-DYMDSEKMKV8Q,CLI-LJ31J6QI2MXT,Transfer,,4167923.44,COP,1041.98,POS,,,,Colombia,Cali,Approved,00,False,5.44,,
TRX-QBBV5DFBB4OVW3YHVS5H,2026-05-28 10:57:57,2026-05-28,PRD-TP48FJS3TMUU,CLI-17WTHPHCM5M5,Withdrawal,,277.64,USD,,POS,,,,Colombia,Barranquilla,Declined,54,False,5.35,,
TRX-WQJDTS2XR6RXXVI1IM0I,2026-05-29 03:07:27,2026-05-28,PRD-3CTM0BKQTD3M,CLI-0ZR8KOSEFPRS,Transfer,,1177.29,USD,,Web,,,,México,Tijuana,Approved,00,False,16.57,,
TRX-KHIEBA8PYT8G5P3E2H0Q,2026-05-29 00:38:40,2026-05-28,PRD-ZRFR5ZZRCTS5,CLI-4VNGIWUOVTOM,Purchase,Other,1351529.89,COP,337.88,ATM,SUC-HO849Z2Q,,Other,Colombia,,Approved,00,False,26.06,,
TRX-VU74DX47OJMA0XTQO8XY,2026-05-28 12:19:30,2026-05-28,PRD-5ZA6L5XVZGME,CLI-M4XBLHJWL8D8,Deposit,,4230.06,USD,,POS,,,,México,Ciudad de México,Approved,00,False,14.08,,
TRX-0OQISVC171802PFRXR89,2026-05-28 06:00:40,2026-05-28,PRD-935SO5JZBFTM,CLI-94BDG543LIYH,Purchase,Transport,276062.97,COP,69.02,POS,,Taxi Seguro,Transport,Colombia,Barranquilla,Approved,00,False,11.37,,
TRX-7BPK6ZOQZAHSQSFU5EE3,2026-05-28 19:46:07,2026-05-28,PRD-YSOVIIMMUK2O,CLI-YB7ZI9ZDW7ZE,Transfer,,4623.53,USD,,ATM,SUC-2Z7NT3UT,,,México,Guadalajara,Approved,00,False,9.49,,0.8591502
TRX-RVNTTQX7JHRN32OUMQZ1,2026-05-28 14:26:56,2026-05-28,PRD-PNXAXV06QIT9,CLI-8RJ5OUE4D8MX,Transfer,,17994192.36,COP,4498.55,POS,,,,Colombia,Cali,Approved,,False,3.7,5.0666423,-73.3175088
TRX-QHV7PXBLP9UWGQH6HPDE,2026-05-29 04:44:26,2026-05-28,PRD-6ZGTKD0S5VBO,CLI-7VISJR36ISBU,Payment,Services,318544.31,COP,79.64,App,,,,Colombia,Medellín,Approved,00,False,18.62,,
TRX-ERB46SDLSR618OHM7L92,2026-05-28 17:42:28,2026-05-28,PRD-H7X4AY60TQSC,CLI-677UQX8674IP,Withdrawal,,154209.55,ARS,440.6,POS,,,,Argentina,Buenos Aires,Approved,00,False,21.35,,
TRX-K1P2SG5W7ZGHTBR4BXXI,2026-05-29 04:06:13,2026-05-28,PRD-6IYID6VMZ3BO,CLI-XSYU92XVVEJI,Transfer,,3516.07,USD,,Web,,,,México,Puebla,Approved,00,False,13.5,,
TRX-WS267ZCXHO9W9ZPICUAX,2026-05-29 04:25:24,2026-05-28,PRD-3XBZVKZOGOWV,CLI-ERJ5ECAFUH92,Payment,Health,7315922.25,COP,1828.98,ATM,SUC-3FS5CHQJ,,,Colombia,Medellín,Approved,,False,9.83,4.7496271,-75.0583585
TRX-5FW9108DHHX3Q8Q0D3QD,2026-05-28 15:31:15,2026-05-28,PRD-ONDDHIK0K2Z5,CLI-PBW8T8XH2W4L,Payment,Entertainment,1938.65,USD,,App,,,,México,Guadalajara,Approved,00,False,0.4,,
TRX-TDH0KF6WBJ46VTQW49CD,2026-05-28 20:26:02,2026-05-28,PRD-ZNPX9PEFKVPK,CLI-1G3R51HUEZM9,Payment,Services,726.38,USD,,POS,,,,México,Ciudad de México,Approved,00,False,21.72,,
TRX-IWS0RXE2O5QFKESMQ1AA,2026-05-28 22:28:38,2026-05-28,PRD-RJTHSVLKWVRD,CLI-5JRZ8TN364RA,Payment,Services,1744.1,USD,,App,,,,México,Ciudad de México,Approved,00,False,13.16,,
TRX-F3G2S4MT8SOGBHZCC4WG,2026-05-28 19:10:26,2026-05-28,PRD-JU0JL92BZ9GX,CLI-JBKUBA0WV3KR,Purchase,Services,299.39,USD,,POS,,,Services,México,,Approved,00,False,24.32,-0.6456504,-0.270651
TRX-2K7HYBWMSAI4N9WRE70M,2026-05-28 23:24:09,2026-05-28,PRD-CBMRPSWAZU0Q,CLI-EQNQH9VX9PA3,Withdrawal,,170276.05,ARS,486.5,POS,,,,Argentina,Mendoza,Approved,00,False,,,
TRX-49Y081XO4Q4MFE04KYCN,2026-05-29 00:28:06,2026-05-28,PRD-W4WYTT7BSNOM,CLI-NIVEQRFR4L4V,Deposit,,1873.2,USD,,ATM,SUC-KY2QIURA,,,Colombia,Cartagena,Approved,00,False,23.38,,
TRX-NE9Q2E64BSE0DV73Y704,2026-05-28 10:25:17,2026-05-28,PRD-UBQ16KY8CXT3,CLI-7HE9UZSAS8NC,Withdrawal,,651192.24,COP,162.8,ATM,SUC-9FWCAJXI,,,Colombia,,Approved,00,False,15.05,5.6440126,-74.9747861
TRX-702NBOSE5RQF7284YAMV,2026-05-28 16:42:41,2026-05-28,PRD-SKFPNYDOTHKC,CLI-8V1OBD05RC0R,Purchase,Other,122.12,USD,,Web,,Centro Comercial,Other,México,Monterrey,Approved,00,False,,,
TRX-63CBBZD29ZUHP4PNVO9J,2026-05-28 07:42:27,2026-05-28,PRD-8MSK6W8WRFZS,CLI-YJAWGHDGCOFO,Deposit,,3821.78,USD,,POS,,,,México,Tijuana,Approved,00,False,6.25,,
TRX-VNYOS4F29M47IUDPY95Y,2026-05-28 12:42:31,2026-05-28,PRD-TLYQBHSZ0U4F,CLI-VNUR7OGZZ6VR,Transfer,,18053546.5,COP,4513.39,App,,,,Mexico,Guadalajara,Approved,00,False,28.14,,
TRX-AELZMADWUX47747YZD03,2026-05-28 08:09:56,2026-05-28,PRD-QMGRD0G2WCXQ,CLI-OUIVY8DJ2TG9,Payment,,1175.4,USD,,POS,,,,México,Monterrey,Approved,00,False,14.31,,
TRX-0VN67SQXGCZJKOVQ5SKS,2026-05-28 11:36:30,2026-05-28,PRD-BCBFMIP7D90G,CLI-JS994DRJRJSS,Deposit,,1544047.03,COP,386.01,ATM,SUC-U7NNFMS6,,,Colombia,Barranquilla,Declined,05,False,16.56,,
TRX-V5WPDXTT9W8484JE6ERA,2026-05-28 17:20:14,2026-05-28,PRD-NRMBR51R4NEF,CLI-X2LAB6UFVC3Y,Transfer,,30330706.44,COP,7582.68,POS,,,,Mexico,Guadalajara,Approved,00,False,,4.4145315,-73.5709943
TRX-HPRL9C8QLF0LZPCK4HFS,2026-05-29 05:12:51,2026-05-28,PRD-77GG4CRP0BHL,CLI-KCJYHVIIVA40,Payment,Other,1580.19,USD,,POS,,,,México,Tijuana,Approved,00,False,27.27,,
TRX-GULICAM6YOYR0Z7EYQCW,2026-05-28 10:34:39,2026-05-28,PRD-Z78FG4TBKY4W,CLI-R8MDY0M049GZ,Deposit,,4480.31,USD,,ATM,SUC-VTIA5X8Y,,,México,Querétaro,Declined,14,False,18.88,0.479185,0.3097988
TRX-57MRSPUQOLYIKKJ79JN5,2026-05-29 02:29:34,2026-05-28,PRD-8KW3N0MM6ZRG,CLI-B99WY9L7ISQ6,Purchase,Health,167.26,USD,,POS,,Laboratorio Central,Health,México,Ciudad de México,Approved,00,False,20.92,,
TRX-JUIFXMRE3TJ0VF4TPPSO,2026-05-28 15:21:51,2026-05-28,PRD-N1C7JCYLIM14,CLI-D6KNL1UYJ4LR,Payment,Food,983.68,USD,,Branch,SUC-9W1MT1C4,,,México,Querétaro,Approved,00,False,24.32,-0.6909342,0.4588645
TRX-WPJ30FCC7PFLNGNZBJCA,2026-05-28 07:15:50,2026-05-28,PRD-A7BVKHXNQ57J,CLI-176EP9X4PRUI,Withdrawal,,450.76,USD,,ATM,SUC-KKZOCIP3,,,México,Querétaro,Declined,14,False,23.51,,
TRX-1ZTHHV9HRV5Z5VHD2FUE,2026-05-28 19:10:33,2026-05-28,PRD-693INQZOZCOD,CLI-9OHWKZINAKD5,Payment,Health,4359392.24,COP,1089.85,POS,,,,Colombia,Medellín,Declined,14,False,21.15,,
TRX-BSUMVKLYKW7N1M1EHX0N,2026-05-28 16:41:14,2026-05-28,PRD-YGBV5FUWGY8U,CLI-8AP1GKSABGAR,Withdrawal,,1775727.51,COP,443.93,App,,,,Colombia,Barranquilla,Approved,00,False,28.37,,
TRX-F3IRW6U00FRTLXA5I3HR,2026-05-29 01:30:11,2026-05-28,PRD-O90V7AVJMUVJ,CLI-50BID5ZA60SZ,Payment,Health,1098.69,USD,,Web,,,,México,Monterrey,Approved,00,False,6.42,,
TRX-KXIKVL7CEXTZ3VG112AX,2026-05-28 21:14:26,2026-05-28,PRD-K2GV6LSEVWWV,CLI-8SYBSIPHN9GF,Transfer,,4563.9,USD,,App,,,,México,Querétaro,Approved,00,False,1.9,,
TRX-97NCSPHD9ZSNCU5OV7L7,2026-05-29 00:42:57,2026-05-28,PRD-TDWNQJ0Z6UYI,CLI-0XJ6MJU4C2X3,Payment,Entertainment,716.16,USD,,Web,,,,México,Guadalajara,Approved,00,False,10.38,,
TRX-7OY57BGYVO8H4XTKJ4R8,2026-05-28 22:09:29,2026-05-28,PRD-H6V9E4Z8ZV9O,CLI-DL5SBNITQY0O,Withdrawal,,382.65,USD,,POS,,,,México,Querétaro,Approved,00,False,29.63,,
TRX-MFST084V452HWO0ATT1R,2026-05-28 06:44:16,2026-05-28,PRD-B86PZU6Z1O0S,CLI-APDXEICSQ47U,Payment,Food,44509.48,ARS,127.17,App,,,,Argentina,Córdoba,Approved,00,False,18.17,,
TRX-QTJ3HC49K1FKLPBMDIZK,2026-05-28 23:26:59,2026-05-28,PRD-ZSR80DZO26SM,CLI-WUK6CG7S9YIQ,Payment,,3334122.03,COP,833.53,Branch,SUC-GPTCLR0Q,,,Colombia,Cali,Approved,00,False,,,
TRX-UPMLUW6GTWPV4GAIWC7E,2026-05-28 17:15:17,2026-05-28,PRD-2ECFXA7RH4GN,CLI-W9WJ679FHSXG,Withdrawal,,152.7,USD,,ATM,SUC-4XKHST63,,,México,Guadalajara,Approved,00,False,14.33,,-0.7638999
TRX-PHRDMV7FHQ2915HWGOKG,2026-05-28 17:00:29,2026-05-28,PRD-GMER3Y6DQGBZ,CLI-ID5QLJ8SBIL9,Deposit,,2758.22,USD,,App,,,,México,Ciudad de México,Approved,00,False,14.61,,
TRX-VMFFI8VYHW1XK6H9PFPE,2026-05-28 07:59:32,2026-05-28,PRD-4RD8NYZJU00L,CLI-JLS80GGDR0TG,Withdrawal,,103871.93,ARS,296.78,POS,,,,Argentina,,Approved,00,False,0.7,,
TRX-9RSR0APMEH3ZKWICHYGV,2026-05-28 20:36:34,2026-05-28,PRD-ME2S23DTDFSS,CLI-3SQZSZNHBVPN,Withdrawal,,88715.09,ARS,253.47,ATM,SUC-BMVBUHCL,,,Argentina,Mendoza,Approved,00,False,14.33,-33.9334855,-58.1326613
TRX-7QK2UTXU9N76QNVDTKMD,2026-05-28 11:48:50,2026-05-28,PRD-6QW3HGJ7P9NZ,CLI-YWNW0RFWVPEV,Withdrawal,,439.66,USD,,POS,,,,México,Querétaro,Approved,00,False,27.3,-0.8021913,-0.8703242
TRX-PBLN4T4WTCVG9L90ZYZJ,2026-05-28 11:47:11,2026-05-28,PRD-UV354EXWUPQM,CLI-9QTPBI8DM4OC,Payment,Food,1413.92,USD,,POS,,,,México,,Approved,00,False,12.3,0.2438277,-0.3471223
TRX-4IRYBWZHSPUBJ9950RJN,2026-05-28 18:57:18,2026-05-28,PRD-FGRQ8TYWQWOK,CLI-17GYWMPP6N7Z,Adjustment,,629.55,USD,,Web,,,,México,Querétaro,Approved,,False,,,
TRX-WPVXDWZ98OMLPQ9JCX64,2026-05-29 02:25:19,2026-05-28,PRD-33REH3DJW6DZ,CLI-OQ2K9Q09071H,Withdrawal,,154.24,USD,,POS,,,,México,Monterrey,Approved,00,False,,,
TRX-5ZQOSC89B1J5NNR1W2N3,2026-05-28 12:58:11,2026-05-28,PRD-I8BN2AOZJZYG,CLI-3866UY4ERN06,Payment,Transport,81.88,USD,,POS,,,,México,Tijuana,Approved,00,False,17.96,-0.5527473,0.1315696
TRX-VVWEDFFNDCOAOBI1ZZT0,2026-05-28 17:49:56,2026-05-28,PRD-79I635G19319,CLI-B4AIGFTVHXRD,Payment,Health,1749.69,USD,,POS,,,,Argentina,Rosario,Approved,00,False,,,
TRX-WPDUZRYNQLUY1IL7YKJF,2026-05-28 06:28:15,2026-05-28,PRD-ZJ07TL26MZN7,CLI-FTCN6LOP5JVW,Payment,Entertainment,1367.03,USD,,Web,,,,México,Monterrey,Approved,00,False,3.0,,
TRX-Q5IDTJJZGN7NYX8YK7BB,2026-05-29 02:02:50,2026-05-28,PRD-C7GB625J9AS9,CLI-XSSP6YXYLN8E,Purchase,Services,167.57,USD,,App,,Cable TV,Services,Colombia,Bogotá,Approved,00,False,2.82,,
TRX-HNAEJR5CB1KWMBN4X6S9,2026-05-28 09:06:26,2026-05-28,PRD-LU3XLKGC30MH,CLI-A3LUJ73AU69O,Deposit,,16769345.11,COP,4192.34,ATM,SUC-I7CB5PA8,,,Colombia,Bogotá,Approved,00,False,5.03,,
TRX-5ZLO8OBAHM8VJ0N1MJT3,2026-05-28 19:47:53,2026-05-28,PRD-8T1ULFMRTQ5Z,CLI-XK2R5PA9P0OM,Purchase,Entertainment,41.06,USD,,App,,,Entertainment,México,Monterrey,Approved,00,False,0.71,,
TRX-73RRLEYB1VUKWFSQ5LTG,2026-05-28 17:44:15,2026-05-28,PRD-E151IT3LU1JW,CLI-6SGDNRL817P0,Withdrawal,,133.39,USD,,ATM,SUC-8P0IDMOM,,,México,Tijuana,Approved,00,False,2.8,0.762321,0.6990184
TRX-1D85RRKECNEQE7KELR6C,2026-05-28 18:28:11,2026-05-28,PRD-ZUT324BTNIUQ,CLI-BZ2GSMKAPA9Q,Withdrawal,,52759.89,ARS,150.74,App,,,,Argentina,Buenos Aires,Approved,00,False,27.66,,
TRX-64A509NVBT0AT9QURTZB,2026-05-28 16:52:32,2026-05-28,PRD-TRVAA3IT8GK1,CLI-YAV8O5PS230V,Withdrawal,,625233.46,COP,156.31,App,,,,Colombia,Cartagena,Approved,00,False,24.6,,
TRX-ZAZ5JZ374PR35TGZ8GQX,2026-05-28 07:23:48,2026-05-28,PRD-YYFNGE2BH13C,CLI-VH0DTL17VMW1,Payment,Services,177.12,USD,,App,,,,México,Monterrey,Approved,00,False,19.04,,
TRX-RNOSLC5FKUDBW43XIZQW,2026-05-28 22:14:57,2026-05-28,PRD-P2L8U1CRTB44,CLI-GDRW2563PQT2,Deposit,,1194737.78,ARS,3413.54,ATM,SUC-YO2Y6PA3,,,Argentina,Rosario,Approved,00,False,,-35.4446232,-58.5033148
TRX-8ZFKE4DHHAH0Y1UOU1I6,2026-05-28 19:36:37,2026-05-28,PRD-6CZIEHO2NUR4,CLI-ZVB3WH7JTU6P,Payment,,1708.48,USD,,ATM,SUC-HFPBAT4U,,,México,Puebla,Approved,00,False,17.21,,
TRX-H99GYZ24KORJC2QUZKB5,2026-05-28 08:29:22,2026-05-28,PRD-CV5DMKFM9PL5,CLI-S4ZK8QJNC0JX,Payment,Food,7623384.63,COP,1905.85,ATM,SUC-06LBAMRN,,,Colombia,Cali,Approved,00,False,8.26,,
TRX-PW14DRDJF79ZDDUPE5H9,2026-05-28 21:31:13,2026-05-28,PRD-7FBTLR9F9L2B,CLI-A6ONM3NFGUGA,Withdrawal,,289.82,USD,,App,,,,México,Ciudad de México,Approved,00,False,2.1,,
TRX-D4A18Y7VTW0K3MVPHM9N,2026-05-28 07:29:25,2026-05-28,PRD-IJ7744WRI63G,CLI-0UMADPDF14AN,Purchase,Services,85.26,USD,,App,,Empresa Telefónica,Services,Brazil,Salvador,Approved,00,False,13.85,,
TRX-PDUXRJSV8C7AT4OFGZ83,2026-05-28 18:51:24,2026-05-28,PRD-RTIHF113IRUL,CLI-672ZPF47335C,Deposit,,1276.21,USD,,POS,,,,México,Guadalajara,Approved,00,False,3.66,,
TRX-55RFSHUJ1E4P0A94KEG4,2026-05-28 10:37:28,2026-05-28,PRD-V36I618KEC06,CLI-RD74L4XXHBRO,Deposit,,2057.13,USD,,ATM,SUC-QO0HYSRK,,,México,Guadalajara,Approved,00,False,18.11,,
TRX-FR7AP3VISFIFO9ZX774E,2026-05-29 05:53:07,2026-05-28,PRD-3G7PDGN06ADD,CLI-GABLBNOIO3DR,Withdrawal,,70.56,USD,,POS,,,,México,Tijuana,Pending,14,False,25.01,,
TRX-UF7P1JERC7079N3GPB61,2026-05-28 10:01:27,2026-05-28,PRD-X1LQDIWZ28VJ,CLI-OFNLR49OUHO2,Deposit,,608220.37,ARS,1737.77,POS,,,,Argentina,Rosario,Approved,00,False,20.52,,
TRX-U9BCPEV61D3MA9Q8JS9K,2026-05-28 08:25:01,2026-05-28,PRD-XQD9U76I8I0W,CLI-TY2Z7DYUL684,Payment,Food,1464.35,USD,,POS,,,,México,Monterrey,Declined,51,False,24.1,,
TRX-HZNFQQRA4Q5PFT7RMXO9,2026-05-28 11:27:55,2026-05-28,PRD-NF5T2PIFI84E,CLI-TRD0IQB604RL,Withdrawal,,174770.22,ARS,499.34,POS,,,,Argentina,Córdoba,Approved,00,False,21.83,,
TRX-FM3KG2FXNIRE4NMGUD40,2026-05-28 20:11:36,2026-05-28,PRD-Z0JRTCCA642Y,CLI-1OTTV2Q29BMG,Withdrawal,,267.22,USD,,POS,,,,México,,Approved,00,False,,0.1702129,-0.6741025
TRX-7PJ6S6C9PGP9301SUVTK,2026-05-28 21:04:39,2026-05-28,PRD-5EJ33BF9B7V1,CLI-8UFVTV7Q58TW,Withdrawal,,369.85,USD,,ATM,SUC-E4V48SY3,,,México,,Approved,,False,,,
TRX-T6UD8OSZ17RK7U4RFRL3,2026-05-28 16:10:31,2026-05-28,PRD-NNUN75DSLPZU,CLI-O70V89L3SJMC,Withdrawal,,186772.18,COP,46.69,ATM,SUC-XZM2NPS4,,,Brazil,Rio de Janeiro,Approved,00,False,9.22,4.2653552,-74.1327273
TRX-F2V7V21IJLJSP39H1YR8,2026-05-28 20:12:01,2026-05-28,PRD-0WHOASM8DG0K,CLI-5YQX06Y3RB79,Deposit,,2863.82,USD,,ATM,SUC-J532XZ5B,,,México,Monterrey,Approved,00,False,14.55,,
TRX-LWMVIBNKYVXDTSO3AIMN,2026-05-28 06:21:27,2026-05-28,PRD-GRVW622DIHXU,CLI-FT69XRKISR85,Withdrawal,,87.61,USD,,ATM,SUC-PJ6NDQ6K,,,México,Monterrey,Approved,00,False,8.29,,
TRX-RMH2IWLOB6JVABW7IXVR,2026-05-28 10:04:38,2026-05-28,PRD-DZMQSOYVKXWJ,CLI-V5KW9AWCPMEY,Withdrawal,,70.92,USD,,ATM,SUC-SCFDICUT,,,México,Tijuana,Approved,00,False,5.55,,
TRX-SGHQL7KUIJV25BO8QU73,2026-05-29 03:28:53,2026-05-28,PRD-G6NJ0L16AHPK,CLI-EOE5COOUZ2WG,Withdrawal,,367.53,USD,,Web,,,,México,Monterrey,Approved,00,False,12.71,,
TRX-FP3GUDQVSNCWFX99DR0H,2026-05-28 19:13:03,2026-05-28,PRD-UM74BSSQ24F3,CLI-WNSXWTHQ1ECN,Payment,Transport,3550255.17,COP,887.56,ATM,SUC-7P0XNXTG,,,Colombia,Bogotá,Approved,,False,6.46,4.7557481,-73.9705798
TRX-705L057LQ0QLVEFSP1J9,2026-05-29 00:30:26,2026-05-28,PRD-NRXS6PAQCYJ0,CLI-2FF1R90QME5J,Deposit,,3994.17,USD,,Transfer,,,,México,Querétaro,Approved,00,False,1.77,,
TRX-KET1FB1YFUSMKJRSQE3U,2026-05-28 18:35:34,2026-05-28,PRD-U3ZI9JHAVW1M,CLI-8XJCRDY0C3ZB,Withdrawal,,91156.74,ARS,260.45,ATM,SUC-KHBP7W0V,,,Argentina,,Approved,00,False,13.78,,
TRX-27KLO31A3UI30G3TXRST,2026-05-28 15:43:52,2026-05-28,PRD-QPJHB1EU03AR,CLI-WVJE4JEPE1PA,Withdrawal,,38.04,USD,,POS,,,,México,Tijuana,Approved,00,False,6.14,,
TRX-DC5DMPQ6FDEE0Z71BMKM,2026-05-28 09:26:27,2026-05-28,PRD-HJQ0HTAI7A5R,CLI-UD8ANJFQ3U2Z,Transfer,,7041.61,USD,,App,,,,México,,Approved,00,False,13.37,,
TRX-5DCUI63YRRBHFJR4WDM5,2026-05-29 01:48:20,2026-05-28,PRD-E059PHEJP5M4,CLI-N0786826B84Y,Transfer,,6608.51,USD,,ATM,SUC-IC4I9JS9,,,México,Puebla,Approved,00,False,25.78,-0.8918854,0.3165654
TRX-G2OQDDKLYJI5ZE0WTT8R,2026-05-28 10:22:35,2026-05-28,PRD-SNCYUWHCAPE9,CLI-EESJ8UN6PB8R,Transfer,,6812.35,USD,,POS,,,,México,Querétaro,Approved,00,False,4.4,,
TRX-X9V0AWQJTLPHKFNUXIAM,2026-05-28 07:27:56,2026-05-28,PRD-BIG4HD7JB81F,CLI-EEGHA07URSSE,Payment,Food,1121.13,USD,,POS,,,,México,Ciudad de México,Approved,00,False,24.38,0.640782,-0.9383024
TRX-AIER9GDNQ2FDRKCNBYL7,2026-05-28 20:49:49,2026-05-28,PRD-O7B7O2RBTPKA,CLI-RMY26IEKS1UA,Payment,Services,7476239.26,COP,1869.06,App,,,,Colombia,Barranquilla,Approved,00,False,,,
TRX-YWFCSOQGAUK2GYOZV8R5,2026-05-28 16:00:06,2026-05-28,PRD-D2F0ADALPW8J,CLI-U0C03P743PLP,Purchase,Transport,26227.23,ARS,74.93,ATM,SUC-QZP6DNTL,Gasolinera Express,Transport,Argentina,Buenos Aires,Approved,00,False,,-35.3359665,-58.7949727
TRX-L4VLK6NBVUAUJNHMMGL1,2026-05-28 18:22:50,2026-05-28,PRD-VGHUVQKS9Z0C,CLI-8KST3I1BYMBK,Deposit,,2213.57,USD,,POS,,,,México,Monterrey,Approved,00,False,8.3,,
TRX-HO530WLLGI5MYIXUHT41,2026-05-28 13:56:15,2026-05-28,PRD-UQTRP3TGCFC0,CLI-P7A0R0AI6WWJ,Payment,Other,649.69,USD,,Transfer,,,,Argentina,La Plata,Approved,00,False,8.84,,
TRX-T7S1QUSKSM9211L2FR2C,2026-05-28 22:45:53,2026-05-28,PRD-MBAQ0CCWMX9Z,CLI-WB02FM6ZDP7Z,Payment,Services,832.33,USD,,POS,,,,México,Guadalajara,Approved,00,False,3.46,,
TRX-4RPA8AWL9M5PWFDQ5E4H,2026-05-29 00:24:27,2026-05-28,PRD-9JJ0LIRVTEMC,CLI-M0H7ZP542A5K,Transfer,,2314247.26,ARS,6612.14,POS,,,,Argentina,La Plata,Approved,00,False,,,
TRX-LXJHXOMZO7GVO4AH397I,2026-05-28 08:08:38,2026-05-28,PRD-8K2NHXIAML2D,CLI-IKGBCUSO96HR,Withdrawal,,417.16,USD,,POS,,,,México,Monterrey,Approved,00,False,28.54,,
TRX-Z3J8D862RWYKRN6IQYFM,2026-05-29 00:54:45,2026-05-28,PRD-47EHKIF8ZO8S,CLI-MC2SXXFQ3VI9,Payment,Entertainment,828.74,USD,,POS,,,,México,Querétaro,Approved,00,False,17.8,,
TRX-SIGJHX1IZXVQ973WEFWZ,2026-05-28 22:58:52,2026-05-28,PRD-JDMATBTKGXWQ,CLI-4TWYGHAQTUM7,Purchase,Entertainment,294.65,USD,,Web,,Conciertos Live,Entertainment,México,Querétaro,Approved,00,False,7.24,,
TRX-W4500RXBV0ZRFE4VJC5W,2026-05-28 20:23:35,2026-05-28,PRD-BB65PIUHRP1W,CLI-4S24WI5BMHWB,Payment,Health,2617398.67,COP,654.35,ATM,SUC-AXEH5GB0,,,Colombia,Bogotá,Approved,00,False,7.28,,
TRX-WTVXIIQTNRWMZQXB6P51,2026-05-28 13:07:09,2026-05-28,PRD-7SL3AME8T4LQ,CLI-Z795YDN9EAR2,Payment,Entertainment,639.41,USD,,Web,,,,México,Querétaro,Approved,00,False,4.93,,
TRX-NWL8WF0N1B6KY9D3MK8B,2026-05-29 01:50:27,2026-05-28,PRD-E2G3RAJA33WJ,CLI-E5IMTS6T8TU8,Withdrawal,,310.2,USD,,POS,,,,México,Ciudad de México,Approved,00,False,,,
TRX-BAM5VFX5E6M8WMGKTL2D,2026-05-28 07:35:44,2026-05-28,PRD-V5UQCFYWGGDA,CLI-GJOOZ01OPOH3,Payment,Food,466587.93,ARS,1333.11,App,,,,Argentina,Buenos Aires,Approved,00,False,25.4,,
TRX-CLKQ73AA5XZAS1S5WY0E,2026-05-28 17:22:55,2026-05-28,PRD-B9Q0H5M9TTCK,CLI-BLUJKWNF8FA2,Transfer,,3436832.05,ARS,9819.52,Web,,,,Argentina,Rosario,Pending,51,False,24.44,,
TRX-85NHQBHDAK4J00O9FPN9,2026-05-28 17:57:44,2026-05-28,PRD-AE52771HR0T5,CLI-3XCRS10AOFAJ,Deposit,,17607879.43,COP,4401.97,POS,,,,Colombia,Cartagena,Approved,00,False,23.36,,
TRX-IAKO3724U9P6CX2TAGOP,2026-05-28 12:16:43,2026-05-28,PRD-BS4Z5GMNOEFY,CLI-BXT81EBD25QU,Transfer,,534.92,USD,,ATM,SUC-KD93KQ8I,,,México,Querétaro,Approved,00,False,22.62,,
TRX-4Q073MNOW7YIQ9IVJ7M3,2026-05-28 20:21:03,2026-05-28,PRD-OQBZ6AHCL3ZG,CLI-8RRY6CWUTORI,Adjustment,,174197.13,ARS,497.71,Web,,,,Argentina,,Approved,00,False,14.39,,
TRX-KU2NR9A1U38HRK5T9K6F,2026-05-28 12:07:10,2026-05-28,PRD-0EUWPSB2CDIK,CLI-GPBBO1EV6JL1,Payment,Services,111139.38,ARS,317.54,POS,,,,Argentina,Rosario,Pending,51,False,6.9,,
TRX-WKFAT4O3BURH75LS61X5,2026-05-28 11:30:12,2026-05-28,PRD-5TUDXWUIT6CM,CLI-UGHFOD4KECHD,Purchase,Food,6.55,USD,,POS,,,Food,México,Tijuana,Reversed,54,False,25.51,,
TRX-J82CH2DV3UFLZ5C9ADH5,2026-05-29 03:55:41,2026-05-28,PRD-2F26OE56G8TZ,CLI-CDTCI0MLCI7T,Transfer,,39954900.24,COP,9988.73,ATM,SUC-2L4DTLRM,,,Colombia,Cali,Approved,,False,,,
TRX-TVIV6MMR5OCLD0QO35HL,2026-05-28 23:21:36,2026-05-28,PRD-JA7OX92TD8HC,CLI-26V6GK9I972Q,Deposit,,211636.46,ARS,,App,,,,Argentina,Córdoba,Approved,00,False,1.3,,
TRX-AKBA7HFNIFZ305OKC6OX,2026-05-28 14:40:42,2026-05-28,PRD-FKSG4WHPKUJ6,CLI-V3PPWLHEAV0X,Withdrawal,,464.0,USD,,App,,,,México,Tijuana,Approved,00,False,5.44,,
TRX-GOE84LCDFS18ZJQF78GD,2026-05-28 14:16:45,2026-05-28,PRD-IWNYL9M9Y49Z,CLI-FY17AESVGQA7,Transfer,,488.03,USD,,Web,,,,México,Tijuana,Approved,00,False,,,
TRX-HXD32YLFE88A33SKVYSZ,2026-05-28 21:08:59,2026-05-28,PRD-4PHN6TF8WYD0,CLI-0GJR9YIATTGB,Purchase,Services,141556.43,ARS,404.45,Branch,SUC-2T5PUX8Q,Servicios Públicos,Services,Argentina,La Plata,Approved,00,False,,,
TRX-8786OU4ZFAXG7N1MHLS1,2026-05-28 15:30:05,2026-05-28,PRD-O9CIP1ZJJJT0,CLI-Y674NPSG270H,Purchase,Transport,288.51,USD,,ATM,SUC-JYJWT9TH,Uber,Transport,México,Ciudad de México,Approved,00,False,25.57,,
TRX-L4XF27Z5L00OLDGNAQGU,2026-05-28 14:51:52,2026-05-28,PRD-ZIHY2PSW523Y,CLI-U0K9VVFBMSHA,Transfer,,7502.33,USD,,App,,,,Colombia,Cartagena,Approved,00,False,3.87,,
TRX-XM66YW5WNA27GJCP3BK8,2026-05-28 10:32:36,2026-05-28,PRD-5E8Q5I5NIL24,CLI-K2JZH5UL9BIK,Deposit,,1305.59,USD,,App,,,,México,Puebla,Approved,00,False,16.03,,
TRX-9PV4PJ8LQFHJKBWHV9EI,2026-05-29 04:57:53,2026-05-28,PRD-QGI1BHU88OA2,CLI-3YW56U6OMNN0,Withdrawal,,382.52,USD,,ATM,SUC-OW1SAD5J,,,México,Puebla,Approved,00,False,23.62,,
TRX-PIX3FB0XM26W62AK4QA3,2026-05-29 05:33:22,2026-05-28,PRD-EEDYO7XYHQDW,CLI-CMTL62U7K3LT,Withdrawal,,28.94,USD,,POS,,,,México,Monterrey,Approved,00,False,23.18,,
TRX-USZHORJKEW76C3AQBWPZ,2026-05-28 12:51:17,2026-05-28,PRD-JJV6OS5GUZO0,CLI-HB1LKFGPIRKD,Withdrawal,,253.84,USD,,ATM,SUC-3DCC91G4,,,México,Guadalajara,Pending,54,False,7.76,0.67099,-0.7532051
TRX-0INS76OSOPFNRIA54GOW,2026-05-29 04:43:16,2026-05-28,PRD-8WNMDBQLKBDU,CLI-AETR1NLVNRBG,Payment,Food,734.66,USD,,Web,,,,México,Querétaro,Approved,00,False,6.48,,
TRX-79VZDKP6IP0HQZUKM45R,2026-05-28 16:48:14,2026-05-28,PRD-JBGBF0DNBLBL,CLI-9C51YKT2V0MF,Deposit,,781.01,USD,,POS,,,,México,Querétaro,Approved,00,False,25.54,,
TRX-JYB79BDCOE2R8208QFJ0,2026-05-28 18:49:41,2026-05-28,PRD-H54JIQLU2F3J,CLI-BEFCFHJK18WB,Transfer,,3164.49,USD,,App,,,,Colombia,Bogotá,Declined,,False,,,
TRX-I6LSXUUPNJKIVMWYMWUD,2026-05-28 06:12:48,2026-05-28,PRD-G05W9VZ3QQBE,CLI-HG76OX1JI208,Transfer,,9016.95,USD,,POS,,,,México,,Approved,,False,25.45,,
TRX-W064VVIF5QS8ENSHH0QA,2026-05-28 08:34:01,2026-05-28,PRD-1UIV6R5MN4WR,CLI-HC0KLO3KAYG4,Transfer,,26612970.25,COP,6653.24,ATM,SUC-3NEGSLF6,,,Argentina,Mendoza,Approved,00,False,4.85,,
TRX-6IMSONG3CNJHOJJ31SPK,2026-05-28 08:19:11,2026-05-28,PRD-O8205BHXBISP,CLI-GI7J4QHDE13J,Transfer,,9681005.55,COP,2420.25,Web,,,,Colombia,,Declined,54,False,27.23,,
TRX-FFGS894998J04JBXXJ6K,2026-05-28 12:57:02,2026-05-28,PRD-U2D83259WQSC,CLI-INOMR6DFMTSV,Deposit,,1194493.24,ARS,3412.84,App,,,,Argentina,Mendoza,Reversed,05,False,0.58,,
TRX-L7WWF2V5FIAFU7421E0Y,2026-05-28 09:37:11,2026-05-28,PRD-WK1QF1EKQHHP,CLI-HXBO1I36KRWK,Withdrawal,,450.33,USD,,POS,,,,México,Tijuana,Approved,00,False,26.5,,
TRX-0W4IEMJGP358FLFCYRYP,2026-05-28 14:25:51,2026-05-28,PRD-3FHTY4PXP0DK,CLI-UGWPBUCBXABZ,Withdrawal,,477.71,USD,,POS,,,,México,Puebla,Approved,00,False,4.16,,
TRX-2DEDNKXZ8YWSY1G8DC94,2026-05-29 04:16:49,2026-05-28,PRD-EPUBE8WF7EK9,CLI-HFGQZJPQ8751,Withdrawal,,274.73,USD,,ATM,SUC-T4RE29NP,,,México,Tijuana,Approved,00,False,29.56,,
TRX-EP21XSMOJ9O70CRWLN45,2026-05-29 01:56:37,2026-05-28,PRD-EECTEHYLPN28,CLI-HBOEQM66U2OW,Purchase,Food,214.72,USD,,Web,,Super Ahorro,Food,México,Tijuana,Approved,00,False,25.88,,
TRX-YR1583QTLS8843EDLMFT,2026-05-28 22:59:16,2026-05-28,PRD-H2VUTMT3JQIA,CLI-8WWGH4KLG2E8,Transfer,,335430.83,ARS,958.37,POS,,,,Argentina,Rosario,Approved,00,False,29.21,,
TRX-IRXTIOSTEA8R5DC9E9PC,2026-05-29 00:43:05,2026-05-28,PRD-KFTWM7BVXT3D,CLI-YRTOD34PYTSO,Withdrawal,,382.12,USD,,ATM,SUC-8GXP9TIM,,,México,Puebla,Approved,00,False,5.05,,
TRX-PEZSYNCIR0A37CT100B9,2026-05-28 23:29:40,2026-05-28,PRD-MI6TCYVWNKR2,CLI-YA2EPK08TXRY,Deposit,,4613.3,USD,,POS,,,,México,Puebla,Approved,00,False,19.93,,
TRX-B5VRZAX7J2ZK4KBC9K2F,2026-05-28 16:08:50,2026-05-28,PRD-SADV2ORWQYJU,CLI-D62RA1F6CM8B,Purchase,Other,266.25,USD,,ATM,SUC-8QU1XFUX,Ferretería,Other,México,Puebla,Declined,51,False,19.67,,
TRX-1GHK9VGVICSJB5JDDQY7,2026-05-28 15:40:04,2026-05-28,PRD-KYA99TSCGU1D,CLI-F8LPH5LRP7TP,Purchase,,259.97,USD,,ATM,SUC-9W1MT1C4,Tienda General,Other,México,Tijuana,Approved,00,False,7.87,,
TRX-3WC79DFH2FQPTJDOEDJ4,2026-05-28 22:51:47,2026-05-28,PRD-21X67QNJHVQI,CLI-HIDZIMY7QXGP,Adjustment,,128.12,USD,,POS,,,,México,Tijuana,Approved,00,False,4.85,-0.0480745,-0.3119152
TRX-MDYKFM41F6H8TZANKN6Z,2026-05-28 23:41:15,2026-05-28,PRD-66MTYPW6A7XG,CLI-EEIMH7TR4V12,Adjustment,,351.47,USD,,Web,,,,México,Puebla,Approved,00,False,10.58,,
TRX-HE89FCS3B953ZRA7YDPY,2026-05-28 15:18:51,2026-05-28,PRD-PDYTID7SHN40,CLI-75TWYTELYKMM,Purchase,Other,494.35,USD,,Web,,Boutique Moda,Other,México,Tijuana,Approved,00,False,25.66,,
TRX-YU92P4D1YAFBT6GVGWK1,2026-05-29 02:53:54,2026-05-28,PRD-TUL24XT13K4I,CLI-THC7IZ64JQEW,Deposit,,670895.09,COP,167.72,Web,,,,Colombia,Cartagena,Approved,00,False,0.34,,
TRX-VZMRJ0VU95Y7VGPT1NRX,2026-05-28 06:39:06,2026-05-28,PRD-5TOQMECUPRXP,CLI-OVIQP3ACXJJ2,Payment,Transport,646.91,USD,,ATM,SUC-P65ZGVH3,,,México,Guadalajara,Approved,00,False,8.32,0.6551677,-0.0686011
TRX-8O4QFMKDC11OTN65RL0Y,2026-05-28 21:39:38,2026-05-28,PRD-WG93YQCHJL63,CLI-8D94G41EKW0K,Purchase,Services,138675.99,ARS,396.22,ATM,SUC-PJ3BSV1X,Servicios Públicos,Services,Argentina,La Plata,Approved,00,False,8.78,,
TRX-IRLGRMN4EU3SJB86YFAU,2026-05-28 15:06:06,2026-05-28,PRD-YNTJ055D7U0M,CLI-XTO8ZS3I6OXK,Payment,Food,1631.1,USD,,POS,,,,México,Tijuana,Approved,00,False,20.41,,
TRX-4YGX3MYLASK4O6MF8Y8Y,2026-05-29 02:40:15,2026-05-28,PRD-KKLVDAZY79W0,CLI-Y4JVYRFNUK8P,Payment,Food,4776763.13,COP,1194.19,POS,,,,Colombia,Medellín,Approved,00,False,7.01,5.5909538,-74.3156887
TRX-L5I30WXV718CZ4CFM5VV,2026-05-28 18:02:09,2026-05-28,PRD-Z0EZ80K64VES,CLI-TFE9NDNZNHD9,Purchase,Other,9.98,USD,,App,,Boutique Moda,Other,México,Puebla,Approved,00,False,10.71,,
TRX-JH0JTSVHMNIHOGQMFBI2,2026-05-28 08:09:15,2026-05-28,PRD-KUKRGVCPYBC8,CLI-NYF54I4AYIFZ,Transfer,,7225.77,USD,,Web,,,,México,Tijuana,Approved,00,False,5.48,,
TRX-YIF4P49HHPYZSSV9A7MV,2026-05-29 01:43:03,2026-05-28,PRD-ECRY2INLBUDA,CLI-AEE22F3ML3LG,Withdrawal,,131.46,USD,,POS,,,,Argentina,,Approved,00,False,,3.8283917,-75.0390429
TRX-B79LVLY9UWRM1P05W36K,2026-05-29 03:45:11,2026-05-28,PRD-DP0AN1GVNBBD,CLI-VZVAQEIDB6YM,Withdrawal,,381.19,USD,,ATM,SUC-ISPO1DES,,,México,Querétaro,Approved,00,False,13.28,0.4427562,-0.8839421
TRX-J1DTETIL4F0XWWE3685H,2026-05-28 20:42:25,2026-05-28,PRD-NEP3NPC7EQ7X,CLI-FI10OTREKPJJ,Transfer,,25418030.64,COP,6354.51,POS,,,,Colombia,Bogotá,Approved,,False,6.52,,
TRX-6YY5RC5NT1AHQB49HDOU,2026-05-28 10:35:08,2026-05-28,PRD-TRLF22CLL7L8,CLI-HO03T1G1AVG1,Purchase,Health,455.58,USD,,POS,,Laboratorio Central,Health,México,Monterrey,Approved,00,False,,,
TRX-0K527UEZV3SLD0UDEUAP,2026-05-28 19:49:09,2026-05-28,PRD-UVF3QBQ1LSO6,CLI-Z2KOY2CX6FJ9,Withdrawal,,1533284.56,COP,383.32,ATM,SUC-H4WPLB7O,,,Colombia,Bogotá,Approved,00,False,14.64,,
TRX-AL894XEGLXUSGSIKFMM8,2026-05-29 01:10:04,2026-05-28,PRD-CEZ7Q93O1A3F,CLI-CCHYMERP83C6,Purchase,Services,1017104.32,COP,254.28,POS,,Internet Plus,Services,Colombia,Cartagena,Approved,00,False,22.26,,
TRX-VPPONLZIPSRUJS4VCZ0Z,2026-05-28 21:20:02,2026-05-28,PRD-33WJ7UMXQ780,CLI-H5JAEZ2S9OM8,Deposit,,1502.87,USD,,ATM,SUC-SFEFYC6O,,,México,Querétaro,Approved,00,False,21.92,,
TRX-Y2BA2YP67FS6240IEJMU,2026-05-28 09:33:51,2026-05-28,PRD-S8732LM45HZJ,CLI-164XNUE7E9AC,Payment,Food,826473.95,COP,206.62,Web,,,,Colombia,Barranquilla,Approved,00,False,22.36,,
TRX-59GDPIMFAP06ES2K102O,2026-05-28 09:19:13,2026-05-28,PRD-6OVBPI0SY45Q,CLI-8KUVXSSR1YD1,Transfer,,27778746.3,COP,6944.69,POS,,,,Colombia,Medellín,Approved,00,False,12.27,,
TRX-QMX500YL1ZKPA27D3E1L,2026-05-28 10:02:40,2026-05-28,PRD-A19S07KGZAPB,CLI-JH95R0V4G5RP,Withdrawal,,67050.44,ARS,191.57,ATM,,,,Argentina,Buenos Aires,Approved,00,False,,,
TRX-THIKUMNMAHB72FPI4KLM,2026-05-29 01:10:33,2026-05-28,PRD-1EJGMNMQTJP7,CLI-82UGUCQVBR5T,Payment,Transport,355.57,USD,,ATM,SUC-NZJH5BG1,,,Spain,Barcelona,Approved,00,False,16.57,,
TRX-G8UVQZE6NH5W26TW0XJ2,2026-05-29 05:29:07,2026-05-28,PRD-7AZK4SH8DGKA,CLI-IQUYTLB9MQ84,Payment,Other,1759.07,USD,,POS,,,,México,,Approved,00,False,22.0,,
TRX-KNB3HQHVSK1HKJOTD79R,2026-05-28 16:11:42,2026-05-28,PRD-L711AW6RS0YR,CLI-B7MR6JX0NZZR,Purchase,Other,170.45,USD,,ATM,SUC-CJYLJUTF,,,México,Querétaro,Approved,00,False,11.83,0.8496016,-0.6917188
TRX-BON42DQGQJLJPB7VIHSU,2026-05-28 10:30:12,2026-05-28,PRD-43ZYF632U5AT,CLI-5JU071UDS9J9,Withdrawal,,42.43,USD,,App,,,,México,Querétaro,Approved,00,False,6.85,,
TRX-3PEYBTJBJW1KHRKYXWHT,2026-05-28 12:18:48,2026-05-28,PRD-400LX8LIO6U1,CLI-ATCG6K5L5UU1,Payment,Services,1984624.27,COP,496.16,ATM,SUC-X57ITSKO,,,Colombia,Medellín,Approved,00,False,3.21,4.0723467,-73.9084945
TRX-SASDEZBW65TXS6W5NOES,2026-05-28 12:43:24,2026-05-28,PRD-HPOFIGYDC3ZL,CLI-PO28LAWYXL7F,Purchase,Entertainment,1336813.6,COP,334.2,POS,,Teatro Nacional,Entertainment,Colombia,Bogotá,Approved,00,False,23.45,,
TRX-GI9EO9LA2D8AT7R98VTW,2026-05-29 01:57:02,2026-05-28,PRD-M1BC4P5S4SI6,CLI-OLY7VNQGZG99,Transfer,,2602.92,USD,,POS,,,,México,Monterrey,Approved,00,False,21.49,,
TRX-WCAAS1KY0G7T408WMBR1,2026-05-28 13:32:37,2026-05-28,PRD-T1KZS1POR3J8,CLI-TPH0T8N8FE32,Transfer,,24764459.76,COP,6191.11,ATM,SUC-H4WPLB7O,,,Colombia,Cali,Approved,00,False,,,
TRX-F6220LHRXLAOERM77QZ4,2026-05-28 09:48:20,2026-05-28,PRD-EYRH9PFY6U8G,CLI-7BBPJXY8CIFZ,Transfer,,8307.89,USD,,ATM,SUC-GV2TU3NJ,,,México,Guadalajara,Approved,00,False,3.76,-0.9124607,0.7847393
TRX-DZVRCOIMVAA4P8G5WIH7,2026-05-29 00:51:34,2026-05-28,PRD-NK2AYHWS4SVB,CLI-4CK6T7JPAY5W,Transfer,,6647.22,USD,,Web,,,,México,Tijuana,Approved,00,False,,,
TRX-NIDMI4QDSGK53WEH3PAJ,2026-05-28 18:58:10,2026-05-28,PRD-JH5OP9Z7XOB6,CLI-UXVRLFB4XJ7C,Transfer,,3633.0,USD,,Web,,,,México,,Approved,00,False,14.31,,
TRX-Q4PI5EZYLW1OT69FBI5D,2026-05-28 11:24:48,2026-05-28,PRD-VR9DH1KS789P,CLI-51GZYG50NOFO,Transfer,,3856.49,USD,,ATM,SUC-KX44GJKB,,,México,Querétaro,Approved,00,False,,,
TRX-5PE8T20UUPT9JKXLOSF6,2026-05-28 21:36:36,2026-05-28,PRD-6ANDOUR2XMOI,CLI-56RX9MPV8YSW,Deposit,,11686971.14,COP,2921.74,POS,,,,Colombia,Cartagena,Approved,00,False,2.0,,
TRX-0V656EYGPZ9GM6MJ5F0G,2026-05-28 21:51:37,2026-05-28,PRD-55VS4OJPRVTQ,CLI-0MT9N4H2YFW6,Payment,Entertainment,4656817.73,COP,1164.2,App,,,,Colombia,,Approved,00,False,15.83,,
TRX-C40UWHL044G5QZ467KSX,2026-05-28 22:25:47,2026-05-28,PRD-LIPKPO28NLFT,CLI-7FR7CZKE0EDR,Payment,Entertainment,1946.11,USD,,POS,,,,México,Querétaro,Approved,00,False,2.58,,
TRX-EQPH45YK61TCIJI9Y7ZN,2026-05-28 11:06:03,2026-05-28,PRD-0UU30L3DMGES,CLI-GPRS0GCZPMPR,Transfer,,6548431.66,COP,1637.11,ATM,SUC-HO849Z2Q,,,Colombia,Medellín,Approved,00,False,22.57,,
TRX-0VGUH5SPDGZQ8TJA81RS,2026-05-28 21:22:07,2026-05-28,PRD-8JRQEN7O26B4,CLI-LV8JBLY1E8OT,Withdrawal,,426.48,USD,,Web,,,,México,,Approved,00,False,,,
TRX-ACEZ8O66TCZYO9PB1YHY,2026-05-29 01:54:01,2026-05-28,PRD-B98H9CF6DKVH,CLI-R954FHQE1BDH,Transfer,,6815.31,USD,,ATM,SUC-T4RE29NP,,,México,Guadalajara,Approved,00,False,7.87,,
TRX-2OH1MTEOOAVOM7L0JAAT,2026-05-29 02:38:07,2026-05-28,PRD-W7KEWVUX117J,CLI-QZ4QWNMZ6M3J,Purchase,Services,354.3,USD,,POS,,Cable TV,Services,México,,Approved,00,False,,,
TRX-R08FLDXO4PZ0P5ZWKQM0,2026-05-28 16:49:09,2026-05-28,PRD-48URRXPWLRY1,CLI-A44BTQ8J94MK,Withdrawal,,54.31,USD,,Web,,,,México,Ciudad de México,Approved,00,False,24.25,,
TRX-JR5U2O8E0LF6SNLP5Y9J,2026-05-28 11:22:10,2026-05-28,PRD-27MU3EQJTL3P,CLI-H53FIB23PQSO,Withdrawal,,343.17,USD,,POS,,,,México,Tijuana,Approved,00,False,19.01,0.1240008,-0.2279975
TRX-NS2LCIDFY4UX8BN6J6BH,2026-05-28 07:55:02,2026-05-28,PRD-OK8T24O5E9QU,CLI-3BIT413N67AS,Payment,Health,1254.6,USD,,ATM,SUC-OW1SAD5J,,,México,Guadalajara,Declined,05,False,,,
TRX-GD7R3IZFJ1NUW14N6DHL,2026-05-28 09:47:59,2026-05-28,PRD-XMDZEGY2BE2O,CLI-GUXXUOXQTFM3,Withdrawal,,39.69,USD,,ATM,SUC-3DCC91G4,,,México,Monterrey,Approved,00,False,7.91,-0.5062218,-0.3642083
TRX-4E5Y79HT7T5L0F0GW097,2026-05-29 05:04:07,2026-05-28,PRD-9FJUKU8BU66J,CLI-Y3H6I1JH7A1V,Payment,Food,7649156.43,COP,1912.29,ATM,SUC-KXMF616G,,,Colombia,Bogotá,Approved,00,False,19.74,,
TRX-I90XEIV35UGQZHREYY8M,2026-05-28 17:45:46,2026-05-28,PRD-77DE6S1FTVLK,CLI-1F00I1JGQ4FX,Purchase,Food,363.62,USD,,ATM,SUC-JJT8C9XQ,Super Ahorro,Food,México,Tijuana,Approved,00,False,0.58,-0.2824698,0.7994333
TRX-WMQG80F5VR0JEDK8TTP4,2026-05-28 19:33:38,2026-05-28,PRD-MZFZWVS8DJX8,CLI-Z4893YFGBGQZ,Payment,Health,158061.56,ARS,451.6,Web,,,,Argentina,Buenos Aires,Approved,00,False,12.32,,
TRX-9MMA7SAMBUQE7NJ9C8ZA,2026-05-28 20:31:12,2026-05-28,PRD-XOD6VE8V13ZY,CLI-JM1CQPHQS782,Payment,Entertainment,1643.46,USD,,App,,,,México,,Approved,,False,19.32,,
TRX-GADCJ5TQM7V364R8REIZ,2026-05-28 18:27:56,2026-05-28,PRD-DF3I0S8LZNYZ,CLI-FUUTOTXPFFTA,Withdrawal,,401.78,USD,,ATM,SUC-KNGCTTUB,,,México,Monterrey,Approved,00,False,,,
TRX-EW99FV3QRVJSY358KJNW,2026-05-29 03:55:35,2026-05-28,PRD-N9V9YIBFUMR6,CLI-QJ3E4RXBWV12,Purchase,Food,10399.31,ARS,,Branch,SUC-2VHGDILI,Mercado Central,Food,Argentina,Mendoza,Approved,00,False,7.49,,
TRX-Z856DTXQVGFNE8OUAB4T,2026-05-28 23:31:31,2026-05-28,PRD-PYPODB9MP0Y4,CLI-XMWSM9TXMSEE,Purchase,Services,1213769.69,COP,303.44,ATM,SUC-U7NNFMS6,Servicios Públicos,Services,Colombia,Cali,Approved,00,False,10.59,,
TRX-RIXDSLTRGSNJOXD0IVWQ,2026-05-28 17:42:25,2026-05-28,PRD-9S5PM058YY4D,CLI-L3OQV486JFTC,Payment,Food,973312.34,COP,243.33,App,,,,Colombia,Bogotá,Approved,00,False,20.13,,
TRX-I9M4SNKTUI3QW46NQO7P,2026-05-29 03:23:51,2026-05-28,PRD-DE4U0R4VEGD3,CLI-92289ZF5H8O4,Payment,Entertainment,1672585.21,COP,418.15,POS,,,,Colombia,Medellín,Approved,00,False,,5.5201056,-74.7158446
TRX-LC31D05VESLM3B74L3OP,2026-05-29 01:49:51,2026-05-28,PRD-KBEM2CWAWZE8,CLI-JJNK672WNVN3,Payment,Health,2282620.43,COP,570.66,App,,,,Colombia,Medellín,Approved,00,False,3.48,,
TRX-HOURPX0IJPWQRU47GNJR,2026-05-28 23:53:11,2026-05-28,PRD-2TY0VRZW3YOV,CLI-XGUBOSTKZ5YU,Transfer,,6139.07,USD,,Web,,,,México,Guadalajara,Approved,00,False,19.69,,
TRX-YHD2NF0CUAENMKFT4LXX,2026-05-28 14:45:17,2026-05-28,PRD-P4N13ZWB9SM6,CLI-HF00ENLE5MKU,Deposit,,1016.27,USD,,Web,,,,México,Tijuana,Approved,00,False,,,
TRX-R53I8E8JZLWFC5MFULP1,2026-05-29 02:08:31,2026-05-28,PRD-VVZTYR5F22F4,CLI-I3RM6CQKE08K,Purchase,Entertainment,77.86,USD,,ATM,SUC-98QOW3F1,Streaming Music,Entertainment,México,Tijuana,Approved,00,False,24.13,,
TRX-EJYINF43OSRWF8EREIVL,2026-05-28 21:07:02,2026-05-28,PRD-IST7BNII4WIC,CLI-0FEIBDHEGTZ7,Withdrawal,,299.48,USD,,ATM,SUC-CUMTPAM3,,,México,Querétaro,Approved,00,False,,,
TRX-9JIN7511XZQ31KGC8ORI,2026-05-28 17:16:54,2026-05-28,PRD-AIC2VDDCP137,CLI-UQR3JVNTH29S,Withdrawal,,283.03,USD,,Web,,,,México,Guadalajara,Approved,,False,19.68,,
TRX-PFZ8FIO7IJVKXLXXRV7F,2026-05-28 19:30:04,2026-05-28,PRD-2KBYTEH2TTKE,CLI-UURBW2R23MX6,Transfer,,5092217.21,COP,1273.05,ATM,SUC-Q56PLH2J,,,Colombia,Cartagena,Approved,00,False,26.31,,
TRX-GY19OYXKI8AY0W8XMUHP,2026-05-28 19:30:42,2026-05-28,PRD-LVIHXJ33UV30,CLI-MHGDVM0IRV35,Deposit,,2015.18,USD,,POS,,,,México,Puebla,Approved,00,False,16.28,,
TRX-GYDDX90V0PMP0N1ZGRB6,2026-05-28 08:03:35,2026-05-28,PRD-7DBU51H4ADMR,CLI-CBDUELPBFFTH,Payment,Services,943.44,USD,,ATM,SUC-5FDGLKJX,,,México,Querétaro,Approved,00,False,12.0,,
TRX-RLPH9AMOU1VQ0X6HO5QL,2026-05-28 15:34:26,2026-05-28,PRD-QI8K791IWAWQ,CLI-5L0H89KL72QO,Withdrawal,,148164.54,ARS,423.33,ATM,SUC-2T5PUX8Q,,,Argentina,Rosario,Approved,00,False,1.01,,
TRX-27J8OD6NB3Y5VJG3O69T,2026-05-28 06:50:32,2026-05-28,PRD-UE3YAG4A7N0G,CLI-92SJDJ2S5UHP,Payment,Services,1552.43,USD,,Branch,SUC-EN5GYCON,,,México,Guadalajara,Approved,00,False,,-0.239985,0.1258068
TRX-FJIN66Z6AQ6F00CVTEO3,2026-05-28 07:40:05,2026-05-28,PRD-4HMRJ0B1TVN9,CLI-2ZP6V62BTCUA,Deposit,,683.22,USD,,App,,,,México,Tijuana,Approved,00,False,22.21,,
TRX-A4DLVW8LHZDPPGRWP26R,2026-05-29 02:27:38,2026-05-28,PRD-C47OP1ZYYYLI,CLI-9W4UM8160IMK,Payment,Transport,1256.43,USD,,POS,,,,México,Querétaro,Approved,,False,8.38,0.5367248,-0.6377488
TRX-RLYVYPFYXCUR43X9VH3F,2026-05-29 03:42:53,2026-05-28,PRD-R9JRO7ULP8XZ,CLI-VNEQ7K7QOJW7,Withdrawal,,705410.51,COP,176.35,POS,,,,Colombia,,Approved,00,False,26.01,4.7276902,-74.0375397
TRX-H0AU7VM7A031RSOM8C5C,2026-05-28 06:38:38,2026-05-28,PRD-L7U2TAE7O8OE,CLI-GH8O1JFSOSEZ,Payment,Food,6137165.72,COP,1534.29,Web,,,,Colombia,Medellín,Approved,00,False,11.06,,
TRX-LLGFLBCQ2AADO1LI39IZ,2026-05-28 11:49:20,2026-05-28,PRD-L2TWWGMQECJT,CLI-QVUE89P0AR33,Deposit,,1586.14,USD,,POS,,,,México,Tijuana,Approved,00,False,18.98,0.7941356,-0.3833391
TRX-864K2RUJ1MWX2W7772TI,2026-05-29 04:23:13,2026-05-28,PRD-GYNF7FVMS8V9,CLI-6RMLB21CIVQ4,Adjustment,,616.15,USD,,POS,,,,México,Puebla,Declined,05,False,24.55,,
TRX-OE9FHML9SC5EWG7YJBSA,2026-05-28 19:47:07,2026-05-28,PRD-2VQXUFDQQB0X,CLI-MW4R2TG1B35P,Purchase,Food,198.77,USD,,POS,,Mercado Central,Food,México,Guadalajara,Approved,,False,11.66,0.291027,-0.7837585
TRX-J162DLYT4YIQIXRTX9E7,2026-05-29 01:47:21,2026-05-28,PRD-17Q54M1MS83S,CLI-JAWTDU6M1DYX,Purchase,Food,48836.69,ARS,139.53,Web,,Tienda Don José,Food,Argentina,Mendoza,Approved,00,False,,,
TRX-II0PTWI8WAKMYR0YB09U,2026-05-28 06:32:29,2026-05-28,PRD-9FX8LG8EOVZJ,CLI-FWKAFJZ43BMG,Withdrawal,,76432.65,ARS,218.38,ATM,SUC-4ICHM641,,,Argentina,Buenos Aires,Approved,00,False,,-34.6551421,-58.9192073
TRX-5DKEYG0TNTS5KZYBD6O0,2026-05-28 08:57:00,2026-05-28,PRD-690F0IYMG0Q9,CLI-4PU4YHBMZF7N,Transfer,,816.75,USD,,ATM,SUC-NBZZWX8W,,,México,Puebla,Approved,00,False,22.07,,
TRX-WMB9EF0G41BTA4RI5CKH,2026-05-29 03:56:38,2026-05-28,PRD-1QAL4R2SQ6TD,CLI-SD4MWEOGGTDK,Withdrawal,,29.11,USD,,ATM,SUC-GOTE3INU,,,México,Querétaro,Approved,00,False,,,
TRX-56HHC13G1AJPB2IXOMU1,2026-05-28 21:45:25,2026-05-28,PRD-7TYG09TOUMP4,CLI-KU46ZBH4SDN6,Purchase,Health,258908.17,COP,64.73,Web,,Farmacia Salud,Health,Colombia,Bogotá,Approved,00,False,,,
TRX-7T7RKWTAKVGEAJ8J59KB,2026-05-28 14:54:03,2026-05-28,PRD-GU1XEFVE54OD,CLI-GAORBXRK9LFF,Purchase,Services,492.39,USD,,POS,,Internet Plus,Services,México,Ciudad de México,Approved,00,False,22.17,,
TRX-M3LIY01VI46F7UW6N0PN,2026-05-28 16:31:12,2026-05-28,PRD-4WVMAS0W3LNK,CLI-IYW4697LHZI0,Purchase,Services,53.75,USD,,POS,,Cable TV,Services,México,Ciudad de México,Approved,00,False,5.08,,
TRX-DZJWVUFLTFUA0DGVOFES,2026-05-28 23:13:07,2026-05-28,PRD-EWUXWA8Z8QUG,CLI-XRCZGN2M7JB9,Deposit,,571.02,USD,,ATM,SUC-N1ZUF3PF,,,México,Querétaro,Approved,00,False,28.79,0.5171668,-0.664701
TRX-SBS7LS28XKSIWITFR6ZD,2026-05-28 17:02:49,2026-05-28,PRD-XAPTZA0F1NJ5,CLI-EW285940ZDLZ,Withdrawal,,225.43,USD,,ATM,SUC-P5YISP64,,,México,Tijuana,Approved,00,False,22.05,-0.7421821,-0.6259854
TRX-N6GZAE8XHA0I2CYPS9NP,2026-05-28 09:40:42,2026-05-28,PRD-Y0GFA9OOI8GX,CLI-5W04CPLRS5N2,Transfer,,31416748.07,COP,7854.19,ATM,SUC-CBGK7VQE,,,Colombia,Medellín,Approved,00,False,,5.5023507,-74.7751964
TRX-3M5M0QOZFINH2I1JEAIX,2026-05-28 13:28:55,2026-05-28,PRD-HQMZTLBNPQYZ,CLI-PK0YTLGXP4XH,Purchase,Food,88.03,USD,,ATM,SUC-4CNRVPYL,Mercado Central,Food,México,Monterrey,Approved,00,False,23.0,,
TRX-R5IBAZ042PDKMBEHRJ4S,2026-05-29 02:24:28,2026-05-28,PRD-TD8EMFNIY3G4,CLI-XSF3M82OWDJK,Transfer,,2190.55,USD,,ATM,SUC-LQXENAY2,,,México,Tijuana,Approved,00,False,3.91,-0.1105857,-0.9079394
TRX-L76KYKTKLHOA77ZT9S6X,2026-05-28 23:54:23,2026-05-28,PRD-1CS7HBQQUJQF,CLI-9XIXW98P8YP4,Payment,Services,858.23,USD,,ATM,SUC-R1MU0X5G,,,México,Tijuana,Approved,00,False,24.47,,
TRX-ULTYM260NKJAF9JPJUVR,2026-05-28 07:40:48,2026-05-28,PRD-LJ8XLH8S0SXU,CLI-BQF2VOY27G20,Purchase,Food,133484.62,ARS,381.38,App,,Super Ahorro,Food,Colombia,Bogotá,Pending,51,False,18.15,,
TRX-HXH92YYK7RQVPDVPKJZL,2026-05-29 01:36:18,2026-05-28,PRD-LBBR2VXJIOW9,CLI-HJ81NGA0Q3W7,Purchase,Food,182.25,USD,,POS,,Tienda Don José,Food,México,Tijuana,Approved,00,False,25.05,,
TRX-U506404MD202K7QP63OQ,2026-05-28 11:22:44,2026-05-28,PRD-1FE6NX5S08VV,CLI-XELTGX66J39J,Withdrawal,,486.37,USD,,POS,,,,México,Puebla,Approved,00,False,11.36,,
TRX-H3Z6LT2C8N9E2CC7G8JF,2026-05-28 21:48:49,2026-05-28,PRD-E7KU4VK1A3QB,CLI-SYN58XWN568P,Payment,,275.69,USD,,POS,,,,Brazil,Rio de Janeiro,Approved,00,False,25.67,,
TRX-02JASE91O9BBC6FTTXXU,2026-05-28 21:13:36,2026-05-28,PRD-NY4W21GSA8VF,CLI-PDVBH20W0MXS,Deposit,,18553346.26,COP,4638.34,POS,,,,Colombia,Bogotá,Approved,00,False,13.12,,
TRX-GD6JAKSVRQVTS4SV0MF6,2026-05-29 04:44:44,2026-05-28,PRD-CX9LPML81QCM,CLI-F7SJ2B072X9L,Transfer,,1277.6,USD,,ATM,SUC-8P0IDMOM,,,México,,Approved,00,False,26.99,,
TRX-KSFD9VCF7FO7GLKSGM5Z,2026-05-28 06:52:26,2026-05-28,PRD-9ZP4CPFDY2DU,CLI-R7D2SYOPZ28Z,Payment,Transport,3088890.97,COP,772.22,POS,,,,Colombia,Medellín,Approved,00,False,10.16,,
TRX-OS4DR9EUI27CUCT836YA,2026-05-29 03:54:08,2026-05-28,PRD-2JEGN7J2T8KL,CLI-DO54C5U13KR9,Transfer,,2805668.63,ARS,,POS,,,,Brazil,São Paulo,Declined,14,False,,,
TRX-NM19TI13J75E5BCM23RX,2026-05-28 11:27:07,2026-05-28,PRD-ODP8YM0ART6P,CLI-1AVNILW2LK6F,Purchase,,68667.88,ARS,196.19,App,,Mercado Central,Food,Argentina,Mendoza,Declined,51,False,,,
TRX-675YJMGQLLT1NRZSPLW3,2026-05-28 11:05:57,2026-05-28,PRD-0X4OOV4TI1NH,CLI-2S0R81CX4VV9,Withdrawal,,36694.36,ARS,104.84,Web,,,,Argentina,Rosario,Approved,00,False,2.52,,
TRX-YJS1GYN8C03S6QWD0DHS,2026-05-28 14:39:07,2026-05-28,PRD-S7D5YICRXPCW,CLI-XURCCVXWE8HE,Payment,Health,6621641.76,COP,1655.41,POS,,,,Mexico,,Approved,00,False,8.02,,
TRX-ZR4V9O6SS55O8I68P5O8,2026-05-28 10:31:57,2026-05-28,PRD-OAMPNTG4ZY7Q,CLI-I7PD1NF2BNLN,Payment,Services,6618012.34,COP,1654.5,ATM,SUC-EMGR60PV,,,Colombia,Medellín,Approved,00,False,18.1,,
TRX-GEWY5RFB0NY79PCJSX1W,2026-05-28 10:32:16,2026-05-28,PRD-3SES35I2WP8G,CLI-XBXPIQZF6OOX,Purchase,Entertainment,443.6,USD,,Transfer,,Streaming Music,Entertainment,México,Ciudad de México,Approved,00,False,26.29,,
TRX-VZBIIVPIP26FAPL9ELTG,2026-05-28 08:14:25,2026-05-28,PRD-CW2P6WQJP86R,CLI-35CY1B05YYBV,Transfer,,6620.99,USD,,Web,,,,México,Ciudad de México,Approved,00,False,10.63,,
TRX-CS2WSJLUUX0XL93LH1OA,2026-05-28 12:20:45,2026-05-28,PRD-874SIUR919R5,CLI-FR64KJ72T47T,Purchase,Services,109.07,USD,,POS,,Internet Plus,Services,México,Ciudad de México,Approved,00,False,16.25,,
TRX-D4CV2T8H4R0Z3N6XOGY5,2026-05-28 09:48:23,2026-05-28,PRD-TTFDQKZAOFFH,CLI-RS4EZ24IQ3TM,Transfer,,1008.49,USD,,Web,,,,México,Guadalajara,Approved,00,False,24.96,,
TRX-82R96YEZ4UISM9GPGQFJ,2026-05-28 21:30:56,2026-05-28,PRD-J5D9RRYEY9JU,CLI-MJCES8JK1JXM,Transfer,,1254.23,USD,,Web,,,,México,Querétaro,Approved,00,False,16.6,,
TRX-VA3ANXAF5B1SQZGK2G4H,2026-05-28 13:11:29,2026-05-28,PRD-YKF93A7HO49C,CLI-5ZE01XY84WEN,Payment,Entertainment,4209457.88,COP,1052.36,POS,,,,Colombia,Cartagena,Approved,00,False,13.73,,
TRX-RWDSYZBTBD36SZ3K3GK9,2026-05-28 06:38:35,2026-05-28,PRD-8Y5M1FZIPFV2,CLI-7SKEJ0A30MVT,Payment,Health,1960.62,USD,,POS,,,,México,Monterrey,Approved,00,False,0.3,,
TRX-UO47ZBNY85MIWZHBZLDW,2026-05-28 19:48:22,2026-05-28,PRD-QPUXDZ43K16F,CLI-G3DEO24I7LC9,Withdrawal,,380.26,USD,,Web,,,,Argentina,Mendoza,Approved,00,False,,,
TRX-8JOQPRBG9U4HKHD5JQQU,2026-05-28 17:55:07,2026-05-28,PRD-E3LX11W3Y2T1,CLI-XJ56P3Y7G0JE,Purchase,Transport,1478773.95,COP,369.69,POS,,Taxi Seguro,Transport,Colombia,Bogotá,Approved,,False,7.55,4.2062791,-73.5113533
TRX-IU0RE8DAZ2S1PYW7I1V0,2026-05-28 08:07:17,2026-05-28,PRD-86JGK1P096ET,CLI-S0PUFLXEK4L1,Purchase,Food,1250896.87,COP,312.72,Web,,Mercado Central,Food,Colombia,Cali,Approved,,False,22.55,,
TRX-YX5AKRDRFD2M3MVM9X7R,2026-05-28 07:48:27,2026-05-28,PRD-RYC8O89B1OKK,CLI-E76PIAS3MXY5,Transfer,,17748064.31,COP,4437.02,Branch,SUC-E5CCM8ZI,,,Argentina,,Approved,00,False,28.11,,
TRX-87YNLZN46NOONQ9M1C4V,2026-05-28 17:11:03,2026-05-28,PRD-SJT0E4CM8XQ4,CLI-M6MHHJIZDC3B,Withdrawal,,128.33,USD,,ATM,SUC-CJYLJUTF,,,México,Monterrey,Approved,00,False,10.97,,
TRX-7UJ5CQUV3OKIVW36WBAO,2026-05-28 17:11:52,2026-05-28,PRD-3GJ3PKW661EQ,CLI-K4ELED9P80GW,Payment,Services,1627.33,USD,,POS,,,,México,Tijuana,Approved,00,False,21.68,,
TRX-LJAP55GZOPJ7VMCLZOZP,2026-05-28 14:26:46,2026-05-28,PRD-PBZPVGEO6QSH,CLI-7FZZ277WPS2I,Withdrawal,,112.54,USD,,ATM,SUC-6IDFK4L9,,,México,Monterrey,Approved,00,False,,-0.1019135,0.1815534
TRX-8OU2P2DD50MGZ5S91SK5,2026-05-28 15:40:41,2026-05-28,PRD-0QDTQEGOFK17,CLI-V9GVPRR52N3A,Payment,Entertainment,3477559.97,COP,869.39,POS,,,,Colombia,Cartagena,Approved,00,False,,,
TRX-HD4Q04ROWKJQKZS5JOXJ,2026-05-28 13:07:42,2026-05-28,PRD-RHX6RXED2JTD,CLI-AFBI4ED3BXNU,Transfer,,1647.77,USD,,ATM,SUC-SKR8GS10,,,México,Ciudad de México,Approved,00,False,9.2,,
TRX-Y98DZQ12RQ0N93BIU0Y9,2026-05-28 09:27:30,2026-05-28,PRD-7NC30ENGM12S,CLI-E8U3B12FGMGW,Withdrawal,,1888833.98,COP,472.21,POS,,,,Colombia,Medellín,Approved,00,False,17.67,,
TRX-HCDW49S0SNMCNTI0SPUT,2026-05-28 06:16:01,2026-05-28,PRD-794OUXT8GS2Z,CLI-4C6QCMBUHJQR,Withdrawal,,752286.83,COP,188.07,Web,,,,Colombia,,Approved,00,False,11.53,,
TRX-627VUJWYIDARYVY8S45V,2026-05-28 11:29:58,2026-05-28,PRD-JXW9HPW83HC4,CLI-17FYF8RW61YN,Withdrawal,,418.68,USD,,ATM,SUC-F321UEME,,,Argentina,Mendoza,Approved,00,False,18.97,,
TRX-HWELVTGHJITID3LEZB27,2026-05-28 12:00:39,2026-05-28,PRD-W269WJTAQXNP,CLI-E98011UDW1WH,Purchase,Other,121.81,USD,,Web,,Centro Comercial,Other,México,Puebla,Pending,54,False,,,
TRX-W8AOM4S2DIB392B5JUNH,2026-05-28 17:23:39,2026-05-28,PRD-UP6URERH04S1,CLI-VX0A2XYJZ2BK,Deposit,,1472.91,USD,,POS,,,,México,Querétaro,Approved,00,False,,0.9859824,0.9438086
TRX-88J0HAAKPTRWMYRWLB3M,2026-05-28 16:16:01,2026-05-28,PRD-TLXFRG7LDC61,CLI-N2R9OQEUO3ZK,Payment,Transport,436.39,USD,,Branch,SUC-P5YISP64,,,Spain,Madrid,Approved,00,False,17.11,,
TRX-Q21F0QPYUNJV6LP99ULP,2026-05-28 09:55:50,2026-05-28,PRD-LWN9R88PFFSQ,CLI-J1WJ26BHO8VU,Deposit,,3021.31,USD,,App,,,,México,,Approved,00,False,,,
TRX-OO5NRYQBHFMTSHF2AO99,2026-05-28 20:25:09,2026-05-28,PRD-FG6PQRB7YB3S,CLI-3IEHMP32F6VN,Withdrawal,,331.51,USD,,Branch,SUC-KUOJDQSO,,,México,,Approved,00,False,,0.4566872,-0.8244424
TRX-Y6J23YIFKBRGIUWARWO7,2026-05-28 21:16:53,2026-05-28,PRD-PA3CGIN73WT7,CLI-WBF2WGOGG8HZ,Payment,Food,472001.38,COP,118.0,App,,,,Colombia,Medellín,Approved,00,False,1.27,,
TRX-X9G5GW70PC2VAH2TRLL6,2026-05-29 01:28:35,2026-05-28,PRD-MCB2UM5CCU6D,CLI-U4XC82BZS12Z,Withdrawal,,397.33,USD,,POS,,,,México,Querétaro,Approved,00,False,27.52,,
TRX-6RN25B02PZZMF6BE88H7,2026-05-28 11:37:38,2026-05-28,PRD-RJ4BM1BDEEUS,CLI-3C2ZM97A8PEW,Transfer,,5377.42,USD,,POS,,,,México,Puebla,Declined,54,False,27.0,,
TRX-EIUWQP73OK89RAVE49FQ,2026-05-28 12:38:16,2026-05-28,PRD-BWWXIPZL19GD,CLI-WX5Q40MEH0U6,Payment,Services,2107555.68,COP,526.89,Branch,SUC-A1FLMPEF,,,Colombia,,Approved,00,False,28.89,,
TRX-RE30PYOLCCRW68U23L8U,2026-05-28 18:03:10,2026-05-28,PRD-1A6DGA1603V9,CLI-T6XFYSA5TFYR,Withdrawal,,208249.28,COP,52.06,POS,,,,Spain,Valencia,Approved,00,False,28.58,,
TRX-HM7N07SVYJMRXA4G5M5H,2026-05-28 20:21:21,2026-05-28,PRD-ZLJGT3SJYQNI,CLI-5XA8WTJ4P4AO,Withdrawal,,429.55,USD,,POS,,,,México,Tijuana,Approved,00,False,,,
TRX-AYPKVI6R6FHYO9Y397MV,2026-05-28 09:48:26,2026-05-28,PRD-HEIXC7P18GO9,CLI-RKIZB4FMTKLK,Adjustment,,400.2,USD,,POS,,,,México,Tijuana,Approved,00,False,5.33,,
TRX-IGEO1IPQIKLSOCGQML3V,2026-05-29 00:57:17,2026-05-28,PRD-WDIRIX7OLFCD,CLI-TAYC8RD1ZIOU,Purchase,Food,998947.43,COP,249.74,ATM,SUC-7P0XNXTG,Tienda Don José,Food,Colombia,Cali,Approved,00,False,17.48,,
TRX-U7VDFTFI8JIT0EI23AQ1,2026-05-28 16:38:43,2026-05-28,PRD-V0DBOVRTYANL,CLI-6VGW7OTKNYYO,Withdrawal,,333.56,USD,,ATM,SUC-8XAGRKOC,,,México,,Approved,,False,,,
TRX-DWBUAC85N33LN0P08B9G,2026-05-29 05:44:08,2026-05-28,PRD-YSXF1QD2LC9Z,CLI-EAFG33Q9P594,Transfer,,9278.23,USD,,ATM,SUC-RDJC9IH3,,,México,,Approved,00,False,9.5,,
TRX-ILMGPH0G7GWHVGTT8ZG4,2026-05-28 09:15:28,2026-05-28,PRD-O3S5UQ2DTKDB,CLI-TZ1VWTZALG7S,Transfer,,6372.77,USD,,ATM,SUC-YZRQJS5X,,,México,Monterrey,Approved,00,False,,0.0846068,0.7372088
TRX-IGA42KN19JD0NV4ZVLEM,2026-05-28 18:35:40,2026-05-28,PRD-IYKADM1OSW4K,CLI-S82V8D5BK4B3,Transfer,,4449.91,USD,,POS,,,,México,Guadalajara,Approved,00,False,8.7,0.2472803,-0.0747732
TRX-W58NRSQYHVKVAJ09UGUW,2026-05-28 23:01:10,2026-05-28,PRD-H3OH7EQC0BY6,CLI-I8MFSUOPEDDF,Withdrawal,,700684.24,COP,175.17,Branch,SUC-F16NSV5F,,,Colombia,Bogotá,Approved,00,False,10.69,,
TRX-NVN63ZVTG7FO48HTT9ZU,2026-05-28 11:26:50,2026-05-28,PRD-GOYCNLG1IP95,CLI-OB33PRRXBVX2,Purchase,Entertainment,363.83,USD,,POS,,Teatro Nacional,Entertainment,México,Guadalajara,Declined,14,False,8.06,-0.9555337,-0.4203287
TRX-9SYBJHKZ8IMXPAS56RFM,2026-05-28 12:43:02,2026-05-28,PRD-4D6T35TZ7AIC,CLI-R4WXRY63B7WI,Purchase,Services,1146805.45,COP,286.7,POS,,Internet Plus,Services,Colombia,,Approved,00,False,23.29,3.7208367,-73.2336941
TRX-25NDR59M6K58EE2BNAHD,2026-05-29 03:55:51,2026-05-28,PRD-I3L7L25H3LQK,CLI-S0SV4E8HPER1,Withdrawal,,1948844.21,COP,487.21,ATM,SUC-KY2QIURA,,,Colombia,Barranquilla,Approved,00,False,15.32,,-74.7921559
TRX-C1A6LI598CNX1PKRLFR6,2026-05-28 06:21:28,2026-05-28,PRD-XG581BULC7TF,CLI-59EIDPF1EOKK,Deposit,,4623.46,USD,,POS,,,,México,Puebla,Pending,05,False,23.22,0.1836569,-0.4952749
TRX-LEB94BGUZCIZKXM69JM0,2026-05-28 08:05:45,2026-05-28,PRD-1XVGMV7ZYSFX,CLI-GBXWTII50PD0,Purchase,Entertainment,152531.85,ARS,435.81,App,,Cine Premium,Entertainment,Argentina,Buenos Aires,Approved,00,False,,,
TRX-KOQI1TYVKH42APJR2QD9,2026-05-28 13:27:37,2026-05-28,PRD-SSDO7OCPUWWL,CLI-KH8JD97SJEBE,Payment,Food,830.88,USD,,ATM,SUC-MU9A5O88,,,Colombia,Cali,Declined,05,False,16.24,5.648167,-73.4057299
TRX-Z36M3ESLTA6X1KTVPTWH,2026-05-29 00:18:38,2026-05-28,PRD-FTTDMSUR9YOJ,CLI-SGYJWIJVJ1CZ,Purchase,Entertainment,216.47,USD,,POS,,Cine Premium,,Argentina,Rosario,Declined,05,False,3.08,,
TRX-87BTZ2DHSBJSWLX6E2Z0,2026-05-28 12:27:05,2026-05-28,PRD-27SE3Q19LT5Y,CLI-AP5FILRDZRAP,Deposit,,423.32,USD,,POS,,,,México,Ciudad de México,Approved,00,False,21.5,,
TRX-WCV6CVQQJKI3TL3MSSFG,2026-05-28 07:43:09,2026-05-28,PRD-OUIDI33XB9KC,CLI-PHLS7SUFR0L5,Purchase,Services,43044.54,ARS,122.98,App,,Internet Plus,,Argentina,Mendoza,Approved,00,False,7.83,,
TRX-8TW4DVXIF7N6XQIU0AX7,2026-05-28 23:07:49,2026-05-28,PRD-WM2KQZHI1WH6,CLI-RP0Q81C37Y7X,Withdrawal,,339.63,USD,,ATM,,,,México,Puebla,Approved,00,False,14.64,,
TRX-VLBS6R5QX69VAMV27KX1,2026-05-29 05:42:13,2026-05-28,PRD-HNU9Q98V1KRD,CLI-34Y9ZH91I2TY,Deposit,,1312.82,USD,,Web,,,,México,Puebla,Approved,00,False,21.91,,
TRX-MR98WCOP5QLCZVO30JUW,2026-05-28 23:08:31,2026-05-28,PRD-FWS1GEP0LDEY,CLI-4W6JNOYQCBQC,Payment,Transport,3776563.31,COP,944.14,Web,,,,Colombia,Cartagena,Approved,00,False,,,
TRX-LTYBAMX1JA73IJ1D96FX,2026-05-28 12:12:11,2026-05-28,PRD-BDX8XTQXY2PC,CLI-73Q4GWTAFK9A,Purchase,Health,334.72,USD,,POS,,Clínica Médica,Health,México,Ciudad de México,Approved,00,False,8.34,0.5567634,-0.4868095
TRX-MUZTNXS3TKWL1SFC7E9D,2026-05-28 22:39:05,2026-05-28,PRD-5ZV14JUNWPGC,CLI-GRQB9H5Q9Q3Y,Payment,Entertainment,705.1,USD,,App,,,,México,Ciudad de México,Approved,00,False,5.12,,
TRX-Y12QWBK1EBK9LC26X3S1,2026-05-28 22:57:22,2026-05-28,PRD-GNUO6L10YVAK,CLI-NESFTCKCWL45,Purchase,Services,372.39,USD,,Web,,Empresa Telefónica,Services,México,Tijuana,Approved,00,False,15.78,,
TRX-6BI80YU69S7WT6T7COSM,2026-05-28 20:00:43,2026-05-28,PRD-M9NMJ8UKZ5Q8,CLI-IJTXLP55IKHP,Purchase,Transport,331.46,USD,,Web,,Uber,Transport,México,Tijuana,Approved,00,False,25.06,,
TRX-XG3JQU9IGP5OXLAWIAKA,2026-05-28 09:07:21,2026-05-28,PRD-T8S3M8VETX6A,CLI-ON2OZ3C1DW75,Withdrawal,,900521.67,COP,225.13,ATM,SUC-KXMF616G,,,Colombia,,Approved,00,False,0.71,,-73.5187251
TRX-LCJKDE724U20HRQRFPQS,2026-05-28 13:01:24,2026-05-28,PRD-LM7CQ5F988PP,CLI-AXWNXOOICVGJ,Withdrawal,,80.96,USD,,App,,,,México,,Approved,00,False,,,
TRX-HX5KE5UCTTF2VQKAOXGS,2026-05-28 16:32:36,2026-05-28,PRD-NDUIUFOFHXUQ,CLI-I24TIMCQKT1Z,Payment,Other,1875.08,USD,,POS,,,,México,,Approved,00,False,,,
TRX-SI1E4P5W1LISG88JF02L,2026-05-28 15:20:05,2026-05-28,PRD-GF99FQN0ZUVK,CLI-0PPPWH3RABNY,Transfer,,7343199.36,COP,1835.8,POS,,,,Colombia,Bogotá,Reversed,51,False,1.32,,
TRX-LL3N9J29MDV4BZH6OXLD,2026-05-29 00:10:21,2026-05-28,PRD-A1KJ69XOZYC5,CLI-P1JWMA2QVV45,Transfer,,6097.6,USD,,ATM,SUC-FV69BGCV,,,México,Ciudad de México,Approved,00,False,,,
TRX-LJDU2KD371BKF07L3KQU,2026-05-28 18:54:16,2026-05-28,PRD-4D0DR8V86BYR,CLI-KH0XCD0BSAOM,Adjustment,,171.34,USD,,POS,,,,México,,Approved,00,False,,,
TRX-4XWQCWSB0GAH4Y2OZDC2,2026-05-28 21:23:51,2026-05-28,PRD-MJ56ZUSNC37E,CLI-SJRZZ28JBG3L,Payment,Services,435.89,USD,,Web,,,,México,Ciudad de México,Approved,00,False,,,
TRX-QU4BM4FW8M91Z1A6DWLX,2026-05-28 22:15:17,2026-05-28,PRD-BB9454VWWBRR,CLI-Z8GMUA2PLEEG,Withdrawal,,460.41,USD,,POS,,,,México,Monterrey,Approved,00,False,26.1,,
TRX-SVOQMX2K5T08GSWRIETJ,2026-05-28 18:42:39,2026-05-28,PRD-TWUWL4Y31EFD,CLI-ISI2H95GXJ7K,Purchase,,197.03,USD,,Web,,Estación de Servicio,Transport,México,Guadalajara,Approved,00,False,26.5,,
TRX-OSEBGLOPYF3C72E55CIW,2026-05-28 06:30:35,2026-05-28,PRD-Z6P7CL8O0DFQ,CLI-0Q75QC1DRWOM,Withdrawal,,96.64,USD,,POS,,,,México,Guadalajara,Approved,00,False,10.58,,
TRX-XE1Y9T41NVJ216TL5INJ,2026-05-28 13:22:56,2026-05-28,PRD-JCFGXNT8VOHR,CLI-UMDZEY0E76JX,Deposit,,2425.54,USD,,Transfer,,,,México,Ciudad de México,Approved,00,False,16.9,,
TRX-V9OSLSWWYLEI1N1T8OWH,2026-05-28 22:10:16,2026-05-28,PRD-W1HUDR8ORMNU,CLI-5TMOVKZFOGLO,Transfer,,1026.45,USD,,Web,,,,México,Tijuana,Approved,00,False,7.32,,
TRX-BFAQZHOJRXDHMGW4H43G,2026-05-28 12:58:21,2026-05-28,PRD-ZTK7J01LLKS8,CLI-AG7EM42C6U4P,Adjustment,,214686.96,COP,53.67,ATM,SUC-HQWDAM56,,,Colombia,Cartagena,Approved,00,False,20.97,,
TRX-CHUEJKTKT1H9ORXN6N8B,2026-05-29 02:46:18,2026-05-28,PRD-X1JZHZER8B64,CLI-8RHPU11PGZKV,Payment,Health,1038.56,USD,,POS,,,,México,Monterrey,Approved,00,False,2.91,,
TRX-MPCJL7PD07YWMZ95VB8B,2026-05-28 20:23:48,2026-05-28,PRD-6F7QLYQBHZJ1,CLI-PFEF2PHO62C0,Purchase,Services,239.7,USD,,ATM,SUC-RZNFZDVW,Empresa Telefónica,Services,México,Monterrey,Approved,00,False,3.36,,
TRX-QQG0R8XA4JJM2U9S1KGT,2026-05-28 09:21:26,2026-05-28,PRD-1I7E51VGT3H5,CLI-HHBB4RUVNIJ5,Deposit,,6618064.61,COP,1654.52,POS,,,,Colombia,Cartagena,Approved,00,False,0.91,,
TRX-J1T4RTHIP34HZG12YES9,2026-05-28 14:00:42,2026-05-28,PRD-YP6LGAHJ3JOV,CLI-OHHLVQR4L6LJ,Withdrawal,,261.49,USD,,ATM,SUC-VV9NKH6E,,,México,Tijuana,Approved,00,False,18.06,-0.4965609,-0.7641558
TRX-NWREFRSSDVCZWKY5FF6H,2026-05-28 07:22:01,2026-05-28,PRD-RCM4MX9UYXY6,CLI-VC4Q9WROF3UK,Deposit,,4716.54,USD,,ATM,SUC-S49Q0IRI,,,México,Puebla,Reversed,14,False,5.11,,
TRX-555IXOR8DVJZNBCTG90B,2026-05-28 06:25:16,2026-05-28,PRD-M8FQFJ7XEB7J,CLI-I6Z8K64T0SVZ,Withdrawal,,113831.83,ARS,325.23,ATM,SUC-7EJG5XUH,,,Argentina,Rosario,Approved,00,False,,,
TRX-D9VX97L5NIR7H9H0182D,2026-05-28 18:04:45,2026-05-28,PRD-2YQ1A53WPCM2,CLI-0C4CX1GP19AQ,Withdrawal,,346186.97,COP,86.55,POS,,,,Colombia,Bogotá,Declined,14,False,16.77,,
TRX-5CMIX7D91S9MAFUEB8LB,2026-05-28 15:25:58,2026-05-28,PRD-S7HJJML75QD5,CLI-Y0C7CUVEOVHV,Payment,Services,3821042.99,COP,955.26,POS,,,,Colombia,Cali,Approved,00,False,6.91,,
TRX-7S0QB3NG3GQ2SP08LE63,2026-05-28 21:24:59,2026-05-28,PRD-UQBJBVMQZVZ9,CLI-5XI8CHJ41LIM,Purchase,Food,470.76,USD,,ATM,SUC-P5YISP64,Tienda Don José,Food,México,Guadalajara,Approved,00,False,4.0,0.7175246,-0.0510045
TRX-YN7ORC8Y2XBWVO5EJMRV,2026-05-28 09:15:46,2026-05-28,PRD-YWGTLD3662GX,CLI-CBTJRTY19RKC,Deposit,,2437.32,USD,,App,,,,Mexico,Ciudad de México,Approved,00,False,12.21,,
TRX-J6KUPMWCIOGAQ92TC462,2026-05-28 22:42:27,2026-05-28,PRD-Z16A01F6W71M,CLI-TYVP5170U8CY,Deposit,,1908.58,USD,,ATM,SUC-6A2UBEHN,,,México,Ciudad de México,Approved,00,False,,0.9505913,0.9138784
TRX-SLKGKZ188CGLFNVZK1PQ,2026-05-28 23:04:36,2026-05-28,PRD-P3W607R8GFPT,CLI-ZYDEVOYJ2LF0,Withdrawal,,67.13,USD,,ATM,SUC-M3Y8BT51,,,México,Querétaro,Approved,,False,15.14,,
TRX-7YDDC5D34NMZQ1TT7QI3,2026-05-29 04:40:28,2026-05-28,PRD-T49Q8NAOQCL4,CLI-0RC9JC6VEECL,Purchase,Other,229109.79,COP,57.28,Web,,Tienda General,Other,Colombia,Barranquilla,Approved,00,False,11.81,,
TRX-L1JIYFOSJGTH4WRO6I4Y,2026-05-28 10:23:22,2026-05-28,PRD-CH12UATE3YDH,CLI-HLU36GLJ0ABE,Purchase,Transport,79127.93,ARS,226.08,ATM,SUC-0N077NAM,,Transport,Argentina,La Plata,Approved,00,False,11.36,-34.0466956,-59.1741931
TRX-A96FW8NW0NT3JUMVADL3,2026-05-28 15:11:19,2026-05-28,PRD-LLA8JRRPPSJJ,CLI-3YTP0SQXYJN1,Withdrawal,,98.36,USD,,POS,,,,México,Puebla,Approved,00,False,19.55,,
TRX-QCFOLUZU5D0IEKLCZSOM,2026-05-28 08:09:33,2026-05-28,PRD-B5WOEPN43VJJ,CLI-C1ZH7SU11HZY,Withdrawal,,406.1,USD,,App,,,,México,Querétaro,Approved,,False,8.42,,
TRX-RONJ6RD8EDYXZ8WLQQUE,2026-05-28 07:53:56,2026-05-28,PRD-RYXLG2I4HO2W,CLI-SNRYOEDF4L6J,Transfer,,9729.05,USD,,Web,,,,USA,Houston,Approved,00,False,11.68,,
TRX-3186U1P3ERQDFEN7KKCB,2026-05-28 22:56:06,2026-05-28,PRD-SZTOUEXSFWYB,CLI-08YQM0BNF5FE,Transfer,,3059049.17,ARS,,Web,,,,Argentina,La Plata,Declined,54,False,22.39,,
TRX-01GJXENSCK5RIC78PFXA,2026-05-28 22:33:14,2026-05-28,PRD-LKB5IVBC94SP,CLI-OIEI4132C1J5,Transfer,,6383.85,USD,,ATM,SUC-QTWR8S76,,,México,,Approved,00,False,2.59,0.9188019,0.659538
TRX-2O8U4MX3TMJ16KESKINS,2026-05-28 15:50:42,2026-05-28,PRD-BM1FFDL037O0,CLI-JTNGCYBE553M,Withdrawal,,1367463.93,COP,341.87,App,,,,Colombia,Medellín,Approved,00,False,9.61,,
TRX-378ION85XGNHLGVR5AJX,2026-05-28 08:54:41,2026-05-28,PRD-I1M9TOZ82E6F,CLI-N3XGI9Z46UTG,Deposit,,13193656.11,COP,3298.41,POS,,,,Colombia,,Approved,00,False,28.53,4.1953844,-74.2894097
TRX-132TQ3HGWLFSU8S1NSN7,2026-05-28 17:33:31,2026-05-28,PRD-173NGCIAS5QF,CLI-7H7VVV37VLZM,Payment,Food,1112.7,USD,,POS,,,,México,Ciudad de México,Approved,00,False,29.15,-0.5200121,0.854082
TRX-H4XLIIUQO662B5M1WS2P,2026-05-28 13:24:23,2026-05-28,PRD-ZQCXQ3QEK5E2,CLI-Z0E6EYOFBNZU,Payment,Services,694.13,USD,,ATM,SUC-Y15GDF24,,,México,Monterrey,Approved,00,False,15.76,0.5433635,-0.3848805
TRX-WN5ZFS4T4KXT9X2SWLUE,2026-05-28 15:32:13,2026-05-28,PRD-ONR3QHYZBBTL,CLI-TXZPWJQD7TEF,Payment,Services,5643484.85,COP,1410.87,App,,,,Colombia,Cartagena,Approved,00,False,10.49,,
TRX-U4XWEY4B9599OALPDTAY,2026-05-29 04:27:31,2026-05-28,PRD-M0S6QGZ43FYG,CLI-WWVHRRPN4W9J,Purchase,Health,309.12,USD,,Web,,Farmacia Salud,Health,México,Monterrey,Approved,00,False,21.01,,
TRX-3RHFDEN73D3JKVZI0IBL,2026-05-28 06:43:13,2026-05-28,PRD-VJF9GHNYQHFE,CLI-2HVR2HT59Z2H,Transfer,,6764.81,USD,,POS,,,,México,Guadalajara,Approved,00,False,,,
TRX-ACWFAXA3FPVOV8T38DHK,2026-05-28 22:35:03,2026-05-28,PRD-IX126N3M572F,CLI-E27XC4599H5K,Transfer,,2545284.16,COP,636.32,App,,,,Colombia,Medellín,Approved,00,False,13.79,,
TRX-3U4OSGESPIVV4P9MCT1F,2026-05-28 14:18:15,2026-05-28,PRD-T5AWCVDQ1926,CLI-S7HWTVKTS35Y,Deposit,,1495671.1,COP,373.92,App,,,,Mexico,Monterrey,Approved,00,False,,,
TRX-8BSZMPJZUM1483A09E6B,2026-05-28 12:31:25,2026-05-28,PRD-IVL5DZS4O6SD,CLI-AH4XL6UFO83H,Purchase,Food,343.1,USD,,Transfer,,Super Ahorro,Food,México,Guadalajara,Approved,00,False,0.2,,
TRX-GVCDFEZJV8J09C4BJQET,2026-05-29 05:08:29,2026-05-28,PRD-KWQ9V8ZIATQL,CLI-PC4N9PZBLNI0,Withdrawal,,289.44,USD,,App,,,,México,Guadalajara,Approved,00,False,,,
TRX-EYFE8V1LSEVVY4H6Z0BU,2026-05-28 07:49:34,2026-05-28,PRD-E0UBDBCIXT6U,CLI-S219563EP2BF,Purchase,Entertainment,201.42,USD,,POS,,Streaming Music,Entertainment,México,Querétaro,Approved,00,False,7.24,,
TRX-LG6GPGV2SCMNDXJFR61O,2026-05-28 07:56:54,2026-05-28,PRD-TE5WQIP374VC,CLI-IQ7DLCZG8YQA,Payment,Other,1274.87,USD,,ATM,SUC-JD6LDRA8,,,México,Puebla,Declined,54,False,,,
TRX-SJHVSDFFRLL7054HPRJP,2026-05-28 08:40:56,2026-05-28,PRD-7IC3GI63PJUG,CLI-6MTJNBJB9BR9,Withdrawal,,257452.09,COP,64.36,Web,,,,Colombia,Bogotá,Approved,00,False,20.83,,
TRX-IODWDB0DPEC2ZXUYMPBI,2026-05-28 18:07:20,2026-05-28,PRD-N0FDOJT62POP,CLI-0GN99TSJ6LY9,Deposit,,228495.29,ARS,652.84,ATM,SUC-FXWYIOXF,,,Colombia,Cali,Approved,00,False,3.18,,
TRX-29GM1G7T5X3UG6QW3E1P,2026-05-28 10:04:11,2026-05-28,PRD-O8F0J1Q6FHOP,CLI-BLRSX57NJ0OX,Transfer,,1337096.49,COP,334.27,POS,,,,Mexico,,Approved,00,False,24.68,,
TRX-2YB659JZY9QUOVISKJN3,2026-05-28 10:00:30,2026-05-28,PRD-363E4F3NXMHR,CLI-ZSDE1F18N6J3,Purchase,Transport,145438.09,ARS,415.54,POS,,Uber,Transport,Argentina,Córdoba,Approved,00,False,4.33,,
TRX-UEEEAD4RB927BE6EBTZC,2026-05-28 15:03:11,2026-05-28,PRD-QNA6218UZ99C,CLI-G0VWCYV6P21W,Transfer,,496.39,USD,,POS,,,,México,Puebla,Approved,00,False,14.57,0.7502174,0.4539622
TRX-BLRR24UHG58AK5L8PFHQ,2026-05-29 01:42:59,2026-05-28,PRD-65BKSSHJK7JW,CLI-PNTTXCK5S5R6,Payment,Services,1944.85,USD,,Web,,,,México,,Approved,00,False,14.2,,
TRX-Q5B92D4A7OG4N1UYKIZ4,2026-05-28 17:16:38,2026-05-28,PRD-XK7MWL2KVZHP,CLI-SJUPL93HJ7B7,Purchase,Health,334.25,USD,,ATM,SUC-F03D129S,Laboratorio Central,Health,México,Monterrey,Approved,00,False,16.27,-0.8301722,0.3790637
TRX-OAX2A5S0ZOU8JFH5FEQP,2026-05-28 07:23:41,2026-05-28,PRD-R4DLM6RCF21P,CLI-RFLAII8AFHH4,Purchase,Food,414.37,USD,,ATM,SUC-74OJEV5Z,Super Ahorro,Food,México,,Approved,00,False,5.59,,
TRX-Q0RJNQPCJYY51N9X1E3E,2026-05-28 22:27:12,2026-05-28,PRD-OWXE0K0RC6U1,CLI-M7L36IZ1KJPQ,Deposit,,846781.85,ARS,2419.38,Web,,,,Argentina,Buenos Aires,Approved,,False,25.33,,
TRX-S0BCJH2CNU81AB05N9RY,2026-05-28 20:09:13,2026-05-28,PRD-02XUOW36CRCT,CLI-WVADSG6FRISX,Transfer,,28576277.48,COP,7144.07,POS,,,,Colombia,Medellín,Approved,00,False,14.74,,
TRX-4X4EEJ0FWH3DU5AB4TWW,2026-05-28 17:15:44,2026-05-28,PRD-PIX1UPMT3M0F,CLI-UI8NDX2D8VD5,Payment,Health,393.31,USD,,ATM,SUC-DYPJLQVN,,,México,,Approved,,False,10.33,0.6311696,-0.3965611
TRX-N68CA1G5E21IBX4JX3AP,2026-05-28 13:55:50,2026-05-28,PRD-BEWF07PAD0N4,CLI-4B5EH8ADH88V,Deposit,,12419872.57,COP,3104.97,Branch,SUC-MSYTX2WG,,,Colombia,Cali,Declined,14,False,14.29,4.4428371,-74.7409093
TRX-VHDTU4T18WOAWK8Y6VNA,2026-05-28 14:04:37,2026-05-28,PRD-5IF8XR1RG9BJ,CLI-1I6LBBR42SJI,Adjustment,,2846947.48,COP,711.74,ATM,SUC-QTKN7Z0R,,,Colombia,Medellín,Approved,00,True,33.01,,
TRX-0C3PS6RRK4OBZMGCL614,2026-05-28 17:22:52,2026-05-28,PRD-JFB1LHL4ZGFT,CLI-PENNGLJPTJAC,Purchase,Other,131466.65,ARS,375.62,POS,,Ferretería,Other,Argentina,Córdoba,Approved,00,False,,,
TRX-32RGPO3HY8YY66T09F50,2026-05-29 01:32:48,2026-05-28,PRD-KNUFL5ICWE3X,CLI-1AME0GSTBADT,Withdrawal,,275.38,USD,,Transfer,,,,Spain,Barcelona,Approved,00,False,15.56,,
TRX-UDHFQJQPIO05TL55VZNT,2026-05-28 22:07:55,2026-05-28,PRD-9LZ12T21DVHV,CLI-OCVJKG5TSTSQ,Withdrawal,,373784.37,COP,93.45,App,,,,Colombia,Cartagena,Approved,00,False,,,
TRX-G4H2RW7HNZ4BPJ0BCQ36,2026-05-28 21:24:12,2026-05-28,PRD-UCGQRUSXJ22P,CLI-XN4TPRL34U3F,Purchase,,159.08,USD,,Web,,Tienda Don José,Food,Argentina,Mendoza,Approved,00,False,4.29,,
TRX-X97UAH8PDIO4NG2STMHN,2026-05-28 15:08:18,2026-05-28,PRD-T3ONE57F9RSK,CLI-UH5B6RUUUST4,Withdrawal,,163625.13,ARS,,Web,,,,Argentina,Rosario,Approved,00,False,21.95,,
TRX-P7HL8PWB1A6SFBNKL7W6,2026-05-28 13:46:50,2026-05-28,PRD-Z572940WD26O,CLI-9SUAFYJ4IPCS,Withdrawal,,617872.6,COP,154.47,ATM,SUC-1NFIF0G0,,,Colombia,Barranquilla,Approved,00,False,4.53,,
TRX-6RNCJEGCTIPQVW3XRLJK,2026-05-29 02:29:58,2026-05-28,PRD-FWI8LH04IBSC,CLI-WHSQMLV9AAK8,Purchase,Other,212.9,USD,,App,,Ferretería,Other,México,Querétaro,Approved,00,False,12.6,,
TRX-1ZIGN7M6M094BNXDOTB3,2026-05-28 08:40:06,2026-05-28,PRD-8BIOX5ZMVD7K,CLI-S6J07K5U275L,Purchase,Other,1650644.29,COP,412.66,Web,,Boutique Moda,Other,Colombia,,Approved,00,False,24.88,,
TRX-7OH367F9RFCMOWTYS34X,2026-05-28 21:54:43,2026-05-28,PRD-80KEEN072906,CLI-LUYX4M3UAH1R,Withdrawal,,161.57,USD,,ATM,SUC-1TATGCL8,,,México,Monterrey,Approved,00,False,29.42,,
TRX-L2DBNBEOEOOFOGE8DU7I,2026-05-28 17:28:38,2026-05-28,PRD-ML0HY06R9TLN,CLI-LTXEOPVW6E7T,Payment,Other,1812.01,USD,,App,,,,México,Ciudad de México,Approved,00,False,24.11,,
TRX-OQNP161O72XU2UD15DPI,2026-05-28 14:38:29,2026-05-28,PRD-3Q2L8YO8RXB3,CLI-VG6VCVFWRUR2,Transfer,,7947.23,USD,,ATM,SUC-1DANZ3LD,,,México,Monterrey,Approved,00,False,3.52,,
TRX-CENZCIT6OBQAI69WAIBO,2026-05-29 05:34:23,2026-05-28,PRD-3AYDYW02FLFS,CLI-DXLKAZZZYZMT,Transfer,,8535.89,USD,,Web,,,,México,Puebla,Approved,00,False,14.79,,
TRX-0K0WOEVGF8HJQDTUOZKE,2026-05-28 23:38:23,2026-05-28,PRD-UH986SQ4AEC0,CLI-27SUU9A9YA8R,Transfer,,2364.6,USD,,ATM,SUC-QZU3WHKF,,,México,Monterrey,Approved,00,False,21.06,,
TRX-32RU3IMFAHMNLDE46E28,2026-05-28 23:33:22,2026-05-28,PRD-941ZMTGTL2JS,CLI-MWYIQF23SXI1,Transfer,,1826802.26,ARS,5219.44,Web,,,,Argentina,Córdoba,Approved,00,False,4.88,,
TRX-BUL5JNO4BEAEFI86UZYS,2026-05-28 14:00:01,2026-05-28,PRD-1R8SF6GMF9PH,CLI-X3AQJUQM052Z,Withdrawal,,254.11,USD,,POS,,,,México,,Approved,00,False,27.54,,
TRX-IJOOR7DVJJ9L8D5J8JQQ,2026-05-28 09:36:29,2026-05-28,PRD-FUCWU7N0AZ94,CLI-I5GW15C0XLL1,Purchase,Entertainment,1432352.16,COP,358.09,ATM,SUC-JZCA1ZND,Streaming Music,Entertainment,Colombia,Bogotá,Approved,00,False,7.89,4.854026,-73.4043396
TRX-WW1TJWYNFJI4YN1XQBC7,2026-05-28 22:45:19,2026-05-28,PRD-K49MTM6VL4F4,CLI-H2AYMJVZY5GY,Deposit,,341.94,USD,,POS,,,,México,Ciudad de México,Approved,00,False,13.76,0.9831753,-0.1289714
TRX-C9BFX07YR6N7KTK4DK3P,2026-05-28 19:50:54,2026-05-28,PRD-VDUEY1XEZMXZ,CLI-W3XDZ37BYPJE,Transfer,,21155820.37,COP,5288.96,Branch,SUC-H2ROE7C8,,,Colombia,Bogotá,Approved,00,False,0.83,,
TRX-IICII8MIHWO3EWA4A829,2026-05-29 05:30:10,2026-05-28,PRD-NG8Y3CLMF6HK,CLI-1FPP1HPZ4BKZ,Transfer,,4779.36,USD,,ATM,SUC-KUOJDQSO,,,México,Monterrey,Approved,00,False,22.27,,
TRX-62N60EXR1MCIHHNHM840,2026-05-28 21:49:53,2026-05-28,PRD-INDUDDOM65SE,CLI-QLDI5GFR74T7,Transfer,,346.62,USD,,POS,,,,México,Tijuana,Approved,00,False,9.58,,
TRX-LFG3X7TZMHRHIM2O6GQZ,2026-05-28 18:30:55,2026-05-28,PRD-HA4FSHUQG9UJ,CLI-7UKXLABHCPJ7,Transfer,,7518.48,USD,,POS,,,,México,Ciudad de México,Approved,00,False,22.49,,
TRX-DOMM3BXDLSB50VMOTXHC,2026-05-28 12:24:03,2026-05-28,PRD-8J46BVH7WSVM,CLI-VSH1T1I5876S,Withdrawal,,359.6,USD,,POS,,,,México,Tijuana,Approved,00,False,13.66,,
TRX-8HG1WI5LXSY0Y80Y0EQC,2026-05-28 11:28:24,2026-05-28,PRD-PUETKYF5QPJY,CLI-MJUYZVUBNXES,Withdrawal,,948598.07,COP,237.15,ATM,SUC-3FS5CHQJ,,,Colombia,Cartagena,Approved,00,False,,,
TRX-9XUBFS8Z21L0DJERGAHR,2026-05-28 13:44:20,2026-05-28,PRD-YQQ674NN35JQ,CLI-ZJCPKZZRXUR8,Purchase,Food,974079.69,COP,243.52,ATM,SUC-XZM2NPS4,Restaurante El Buen Sabor,Food,Colombia,Medellín,Declined,05,False,28.27,,
TRX-QMB15IIQ0AGRTUIHXFJN,2026-05-29 01:34:39,2026-05-28,PRD-XQKB41NAJJ5W,CLI-1673FD91KCML,Withdrawal,,302.96,USD,,App,,,,México,Ciudad de México,Approved,00,False,0.61,,
TRX-3APZJJ710OX24BGGLCIT,2026-05-28 11:16:51,2026-05-28,PRD-D6901EY1ALFF,CLI-BBSJO1NK6M5S,Transfer,,36170048.5,COP,9042.51,Web,,,,Colombia,Cartagena,Approved,00,False,0.09,,
TRX-BOWLXAXVLON7LNE6SF7C,2026-05-28 06:30:47,2026-05-28,PRD-JY4RF1DS7KK8,CLI-E6LKPDS2W4ZH,Deposit,,895.56,USD,,ATM,SUC-OLTX380V,,,México,Querétaro,Approved,00,False,,,
TRX-H63Z2LAS5P2A4SE4V5GY,2026-05-28 17:24:32,2026-05-28,PRD-3Q5E9KP5V0ZT,CLI-42ILQFQR3IZD,Purchase,Services,96.43,USD,,Web,,Cable TV,Services,México,Guadalajara,Approved,00,False,,,
TRX-EHJASCRWBHW60BN31TYL,2026-05-28 14:51:52,2026-05-28,PRD-0E1XF6VU1O5K,CLI-BIA7IP0U9HP6,Transfer,,2864.84,USD,,ATM,SUC-F1BZEJXJ,,,México,Puebla,Approved,00,False,8.81,,
TRX-XP3H5SD5WD81VH6UWAUN,2026-05-29 03:32:06,2026-05-28,PRD-WJCD646WUNCE,CLI-JHMW9JBW0BQJ,Withdrawal,,378.02,USD,,POS,,,,México,Guadalajara,Approved,00,False,29.57,0.703213,0.6198652
TRX-6857F4BP5OE5SVM8RYEQ,2026-05-29 04:50:10,2026-05-28,PRD-1LN92KOROHS7,CLI-90XM1QWCHHK0,Payment,Services,358.96,USD,,ATM,SUC-QTWR8S76,,,México,Tijuana,Approved,00,False,12.56,,
TRX-ALCQJUD05QUVQ6Y8D2UO,2026-05-29 03:32:33,2026-05-28,PRD-G6V2Y5BE17N5,CLI-CX31YBLLRRLX,Transfer,,1627146.45,ARS,4648.99,Branch,SUC-SX32177B,,,Argentina,La Plata,Approved,00,False,6.31,,
TRX-Q4MOTLKRXAQZO3EYJB3T,2026-05-28 18:37:29,2026-05-28,PRD-2KORZ2YF0W9J,CLI-A75GKMDLTUOO,Payment,Other,478.6,USD,,POS,,,,México,Querétaro,Approved,00,False,5.87,,
TRX-PZMDEK4AD16YJM30IJN4,2026-05-28 12:19:59,2026-05-28,PRD-KLEA4UMSEHMX,CLI-PLHR9QFA57H7,Transfer,,38590676.99,COP,9647.67,App,,,,Colombia,Cartagena,Approved,00,False,14.84,,
TRX-W27X0VGONI05VSO5B48J,2026-05-29 02:42:08,2026-05-28,PRD-NAQ3NKXDMJ33,CLI-D2IE0YMWVRXB,Payment,Services,811.34,USD,,POS,,,,México,Tijuana,Approved,00,False,10.81,-0.4196931,0.4117096
TRX-N2HAADLNMY32RAOSK7TR,2026-05-28 18:35:17,2026-05-28,PRD-FODDQ5AJKGM2,CLI-0WEIDZGB6XBO,Adjustment,,2450242.33,COP,612.56,POS,,,,Colombia,Cartagena,Approved,00,False,23.25,4.3597611,-74.6432772
TRX-B34JFIYRU8JALVO695W3,2026-05-29 03:55:28,2026-05-28,PRD-T2P6P42UUF29,CLI-TWLD7FP3KI9K,Purchase,Food,98315.29,COP,24.58,ATM,SUC-2LW7L4Y3,Tienda Don José,Food,Colombia,Bogotá,Approved,00,False,15.01,,
TRX-KMK5HEFOZ3HDY37KR3A2,2026-05-28 15:20:39,2026-05-28,PRD-DQMOGNJJ1FV0,CLI-9YJMYWJKO1RP,Payment,Entertainment,1058.94,USD,,App,,,,México,Querétaro,Approved,00,False,4.62,,
TRX-WA3WDN028S8H3U4NPFMD,2026-05-28 09:21:02,2026-05-28,PRD-9B2PDX1ZJ0J0,CLI-0NCKAR59R9RU,Payment,Transport,971.35,USD,,POS,,,,México,Querétaro,Pending,14,False,22.71,-0.9083032,0.8012799
TRX-2DKJ8SE2JW0K7ZZ59L0Z,2026-05-28 10:45:28,2026-05-28,PRD-OUAXCC668596,CLI-AZS0DH01X1YR,Purchase,,85.56,USD,,POS,,,Food,México,Puebla,Approved,00,False,20.4,,
TRX-VKXF6H762HF5UDJNHXNI,2026-05-28 08:07:39,2026-05-28,PRD-KST2BQYLDIEL,CLI-VA6PB0M7T13E,Deposit,,4230.68,USD,,POS,,,,México,Querétaro,Approved,,False,6.43,,
TRX-2KPJISANJIYO4UG6NVHF,2026-05-29 01:51:49,2026-05-28,PRD-SCBUXYUXB7ST,CLI-BSRUVA6E1V6P,Withdrawal,,1282885.3,COP,320.72,POS,,,,Spain,Valencia,Approved,00,False,28.75,3.8080034,
TRX-2K13J8XD7P8WB1RTTRQJ,2026-05-28 15:29:03,2026-05-28,PRD-ITVBXQE9NIN5,CLI-9R7P6ASUCQPG,Transfer,,247.43,USD,,POS,,,,México,Guadalajara,Approved,00,False,21.94,,
TRX-RO94TWDJWSZXM41CQUPO,2026-05-29 03:44:45,2026-05-28,PRD-Y9IGBPF1ABO8,CLI-Z24QZQ5M8WB3,Withdrawal,,97197.15,ARS,277.71,POS,,,,Argentina,Córdoba,Approved,00,False,26.79,,
TRX-T6R2IDE532OZVF7E8FFP,2026-05-28 21:10:31,2026-05-28,PRD-TOCEMH2USPS1,CLI-AQUGP5CFDD0V,Deposit,,3705.55,USD,,POS,,,,México,,Approved,00,False,16.25,,
TRX-ZA3CFIV7DFYLXLRHB1NE,2026-05-28 16:09:20,2026-05-28,PRD-IRB6Y2ZUWD4O,CLI-FV5MOVORSCDH,Payment,Health,2264313.18,COP,566.08,POS,,,,Colombia,Medellín,Approved,,False,10.77,,
TRX-T5HT274NX45LBAQ8ISOC,2026-05-28 18:15:29,2026-05-28,PRD-30K7JGEW6T4W,CLI-VEEOVH31BZOL,Transfer,,5304.23,USD,,Web,,,,México,Guadalajara,Approved,00,False,,,
TRX-K52NE2AJC2FUOBCYGIY7,2026-05-28 18:38:33,2026-05-28,PRD-0SD0U8T20EPW,CLI-IHPDMC8PEQUV,Deposit,,1155224.91,COP,288.81,App,,,,Colombia,Cali,Approved,00,False,0.88,,
TRX-S0JN8P1L95KLXEYY7YW5,2026-05-29 00:42:55,2026-05-28,PRD-IHRWPMWIOHIK,CLI-BTLT5UGIR4CC,Deposit,,14807781.67,COP,3701.95,App,,,,Colombia,Medellín,Approved,00,False,12.58,,
TRX-N81OH9IZ0H1PU7KL2P69,2026-05-28 16:13:10,2026-05-28,PRD-MZX7ULO2JMQR,CLI-YSYDOVN0ZWWB,Withdrawal,,268.75,USD,,App,,,,México,,Approved,00,False,13.42,,
TRX-H8IDPNSYPMBD5EG5A1CU,2026-05-28 06:25:16,2026-05-28,PRD-4931KXS0X23K,CLI-M4RRUWMSRK41,Payment,Services,1563.27,USD,,ATM,SUC-T4RE29NP,,,México,Monterrey,Approved,00,False,13.09,-0.9115136,0.3703655
TRX-A4ZCS68MQDZ7QVIBD2W7,2026-05-28 09:52:26,2026-05-28,PRD-QHQS4NSLYOP3,CLI-Y5PPGC4LQK1K,Withdrawal,,151.6,USD,,POS,,,,México,Puebla,Approved,00,False,19.79,-0.7142614,0.3243412
TRX-BA6D1M8MKIH3JCAQNME6,2026-05-28 08:13:22,2026-05-28,PRD-NV9HBGVBALP2,CLI-B5EZV0RBLI1B,Purchase,Health,497.67,USD,,POS,,Farmacia Salud,Health,USA,Los Angeles,Approved,00,False,,,
TRX-L9OLGIOSL8ET82AQV5JU,2026-05-28 12:46:49,2026-05-28,PRD-E6R466EZJ2RS,CLI-VT0Z1S1HYVB3,Transfer,,4378.1,USD,,Branch,SUC-YIS5JECV,,,México,Querétaro,Approved,00,False,12.57,0.3461282,0.6951944
TRX-1MGV7X10F7OXP6G8MXSV,2026-05-28 18:50:12,2026-05-28,PRD-UDEK6XCQ9BP2,CLI-UMV1REOSZDUR,Withdrawal,,27280.96,ARS,77.95,POS,,,,Argentina,,Approved,00,False,,,
TRX-FIWIGHV7JNR9SFUJ0ZA1,2026-05-28 19:22:25,2026-05-28,PRD-418D27CZXTTX,CLI-A7TGDDAMYJZJ,Withdrawal,,247.86,USD,,ATM,SUC-POHHKXPA,,,México,Monterrey,Declined,14,False,,,
TRX-OTCGN7E7KBUOCX5X3RYI,2026-05-28 19:15:44,2026-05-28,PRD-MI08XJMHY49C,CLI-DH20MM2CLYPX,Purchase,Food,110961.01,ARS,317.03,POS,,Restaurante El Buen Sabor,Food,Argentina,Córdoba,Approved,00,False,,,
TRX-1P7LJSFM5SMYGIPI16ZS,2026-05-28 19:17:41,2026-05-28,PRD-ZPKBX8AYWAWL,CLI-QHFBFK0OXFCB,Deposit,,396.27,USD,,App,,,,Argentina,,Approved,00,False,8.11,,
TRX-2DF41XUQOA93AP33RLCQ,2026-05-28 13:21:20,2026-05-28,PRD-5EWY5OFPRAW9,CLI-9V3WJT241AXA,Transfer,,6077.62,USD,,Web,,,,México,Ciudad de México,Approved,00,False,,,
TRX-CJVFE0GU18AUNDH3WH0F,2026-05-28 11:16:56,2026-05-28,PRD-Q2ENN87BTNO4,CLI-9VZG3IEW85U9,Withdrawal,,39461.01,ARS,112.75,POS,,,,Argentina,Córdoba,Approved,00,False,9.87,,
TRX-BGOLECPUU4UKY13KEZM9,2026-05-28 22:12:55,2026-05-28,PRD-ARTKN2WLV8HM,CLI-FSS2EI47OOJL,Withdrawal,,446.79,USD,,POS,,,,México,Querétaro,Approved,00,False,29.68,-0.8519503,0.5742867
TRX-I6P2CLUNPT6JEERGGW2O,2026-05-28 12:37:12,2026-05-28,PRD-OIT93BSAM1UA,CLI-L38A2I1N9N4N,Withdrawal,,402.68,USD,,POS,,,,México,Ciudad de México,Approved,00,False,20.5,,
TRX-RUO62T3FMJO1SOM3O0UP,2026-05-29 00:54:26,2026-05-28,PRD-3LAZ5CWYHZMD,CLI-TPNZ42WTWMFR,Deposit,,4060769.3,COP,1015.19,POS,,,,Colombia,Medellín,Approved,00,False,11.23,,
TRX-OQ5SGPO3E4HR0ML8ADCR,2026-05-28 06:55:05,2026-05-28,PRD-XK1D304C8JPO,CLI-7HQLPE55W75N,Payment,Transport,1175.87,USD,,Web,,,,México,,Approved,,False,14.12,,
TRX-D5Q8EA98SXWNFY8GIQ6M,2026-05-28 20:15:07,2026-05-28,PRD-L6SDCALMQFM1,CLI-6Q6KSI006KIG,Withdrawal,,373.98,USD,,POS,,,,México,Guadalajara,Approved,00,False,22.83,,
TRX-DWEUWVII3INKDPDGXSWJ,2026-05-28 17:55:36,2026-05-28,PRD-9NDNBC2NO2AN,CLI-180ZS0HY52DI,Purchase,Food,140193.65,ARS,400.55,ATM,SUC-K32WS6T0,,Food,Argentina,La Plata,Pending,54,False,17.49,,
TRX-OFKA97LMY0RLF7FE526L,2026-05-28 12:49:40,2026-05-28,PRD-1QM4GYH92L3F,CLI-8HCGSI0LY6RN,Transfer,,970809.68,ARS,2773.74,Branch,SUC-RAI81ICG,,,Argentina,Mendoza,Approved,00,False,5.32,,
TRX-NYWRVMJAOTVZL3957H27,2026-05-29 02:48:22,2026-05-28,PRD-M0SY9GXSSLUS,CLI-CV4A8IQC687Z,Purchase,Food,1783594.53,COP,,ATM,SUC-EMGR60PV,Super Ahorro,Food,Colombia,Cartagena,Approved,00,False,10.13,5.4443994,-74.6192759
TRX-T2CU9UHHSBC85YN5E11F,2026-05-29 04:06:15,2026-05-28,PRD-KRDBH41PSRN7,CLI-FFXQKMTU1YKN,Payment,,69220.58,ARS,197.77,POS,,,,Argentina,Buenos Aires,Approved,00,False,19.66,-34.2355638,-59.3333549
TRX-BJSBCF06HW0FGVVTQ47Y,2026-05-28 15:49:24,2026-05-28,PRD-5GHI9WNQ7MQS,CLI-UVYIYQOA18QV,Payment,Food,6543734.95,COP,1635.93,App,,,,Colombia,Medellín,Approved,00,False,1.18,,
TRX-VVWX9T6WS9QAWFOL0SE8,2026-05-28 09:36:27,2026-05-28,PRD-FU6JDMZGUDDA,CLI-R5PJL3M998FT,Withdrawal,,272.17,USD,,POS,,,,México,Guadalajara,Approved,00,False,7.67,,
TRX-WNQE6ZJBTVSJAK93VXZ4,2026-05-29 05:33:23,2026-05-28,PRD-ZQD2ZSS5YPDS,CLI-IA2OQ1VN7X6X,Payment,,1264.88,USD,,POS,,,,México,,Pending,51,False,8.19,,
TRX-XQSFAYWGDTBLMRB8C7W8,2026-05-28 15:58:11,2026-05-28,PRD-RIJORC57PHOJ,CLI-EVZSO2F7F3W7,Adjustment,,262365.21,ARS,749.61,ATM,SUC-JBECVTZ8,,,Argentina,Mendoza,Approved,00,False,11.26,,
TRX-KONPYMJ8Y5W85K67BNR9,2026-05-28 06:22:33,2026-05-28,PRD-M9XYN5QQDDHL,CLI-GW7GZVWF9M35,Payment,Food,1539.28,USD,,POS,,,,México,Guadalajara,Approved,00,False,25.98,,
TRX-IHAJ3WGHKYYH29OFQYPQ,2026-05-29 01:15:57,2026-05-28,PRD-58BGELBFW3EQ,CLI-LH4WGKEV0EJA,Deposit,,12271540.28,COP,3067.89,POS,,,,Colombia,Medellín,Approved,00,False,17.52,,
TRX-GKHXH6BE62JOGU4UP1WB,2026-05-29 05:30:27,2026-05-28,PRD-VLLI7SXVQ5WC,CLI-G3RQXA52QRFP,Payment,,6907459.25,COP,1726.86,App,,,,Colombia,Medellín,Approved,00,False,9.45,,
TRX-8WRBA8Y08NEWBXLJBWLM,2026-05-28 12:38:56,2026-05-28,PRD-C4H1L2E0DEZE,CLI-1EGS8OI2EVMR,Transfer,,1938.83,USD,,POS,,,,México,,Approved,00,False,15.59,,
TRX-7L6WCZNUS6XWTF9PRB0D,2026-05-29 03:57:45,2026-05-28,PRD-SPWYIW2H2HM9,CLI-N0IW80JOWPKE,Deposit,,23231.69,ARS,66.38,ATM,SUC-3JIR51SL,,,Argentina,,Approved,00,False,25.97,-34.2299106,-57.5297038
TRX-FJDEN5YX14EGDZCIRMQB,2026-05-28 10:00:52,2026-05-28,PRD-MIOQS6IZ2DUL,CLI-NI3CACL64BHV,Purchase,Entertainment,12.52,USD,,App,,Conciertos Live,Entertainment,México,Puebla,Approved,00,False,12.33,,
TRX-1RRASL8LVS18ZSBKIDCD,2026-05-29 05:59:51,2026-05-28,PRD-5U9NVL2BR4JO,CLI-MOGQG9CP6I2D,Payment,Services,104472.57,ARS,298.49,App,,,,Argentina,La Plata,Approved,00,False,24.91,,
TRX-ZIL71AYB55EX9F0YJ1HX,2026-05-28 09:15:06,2026-05-28,PRD-K6JWX6TBJR1E,CLI-2FKTBMDQS59W,Transfer,,553.75,USD,,App,,,,México,Monterrey,Approved,00,False,24.56,,
TRX-8ZMX5LLPGNLH9BL3O2IA,2026-05-28 15:46:50,2026-05-28,PRD-PFRRRM0ZC4UQ,CLI-XGCIOAUV8GCJ,Payment,Services,385.49,USD,,POS,,,,México,Querétaro,Approved,00,False,18.85,,
TRX-W61JUZVIH6CWXODV60RQ,2026-05-29 00:57:28,2026-05-28,PRD-HDSDWYXAH0SX,CLI-2IUKNLETS0C2,Transfer,,21667387.04,COP,5416.85,POS,,,,Colombia,Cartagena,Approved,00,False,2.28,4.8753234,-73.887461
TRX-0S57149PB6S6THW9QSZK,2026-05-29 04:49:31,2026-05-28,PRD-5Z23BB9TNC5C,CLI-W5MR5GM16H48,Withdrawal,,497.88,USD,,Web,,,,México,,Approved,00,False,1.8,,
TRX-30DPKCNU22UIQMQI5BEP,2026-05-29 01:46:13,2026-05-28,PRD-7XV44O71RD3H,CLI-KD9PF4HIO88E,Withdrawal,,152294.06,ARS,435.13,Web,,,,Argentina,,Approved,00,False,,,
TRX-F00WKCUMVE6V2KGQ3Q6Z,2026-05-29 00:48:49,2026-05-28,PRD-F825HUEPUUFU,CLI-Z6H4QIN2LIC8,Withdrawal,,279.59,USD,,POS,,,,México,Puebla,Approved,00,False,6.1,-0.5929997,0.3274339
TRX-6FD6ZQT6PF3G5WSSM1FS,2026-05-28 10:22:39,2026-05-28,PRD-9UJKWY3AMVH8,CLI-0V3NGHQ204UD,Purchase,Food,385.38,USD,,App,,Restaurante El Buen Sabor,Food,México,Monterrey,Approved,00,False,3.53,,
TRX-ULMTJXH4MBBPVT9TD1MM,2026-05-28 20:13:23,2026-05-28,PRD-RLVV23D6VPG0,CLI-0HL6338HMF12,Adjustment,,622563.54,COP,155.64,POS,,,,Colombia,Cali,Approved,00,False,8.33,,
TRX-17DDPU9WZZNOEEWO1XS6,2026-05-28 16:09:19,2026-05-28,PRD-UDJ5BU7F2NWR,CLI-FCL1DVDWKD62,Payment,Entertainment,1563.91,USD,,POS,,,,Colombia,Medellín,Approved,00,False,15.09,,
TRX-5UYS3OXAVI47ILQ25L3R,2026-05-28 18:14:28,2026-05-28,PRD-JR9A1I5359A0,CLI-6AWUB5GORA26,Withdrawal,,574194.43,COP,143.55,Web,,,,Colombia,Bogotá,Approved,00,False,20.48,,
TRX-9W0HG6K0WHPXRDD82VD1,2026-05-28 07:27:06,2026-05-28,PRD-J8DUG83QZNWE,CLI-DVJ1GJS2LS74,Purchase,Other,352.99,USD,,POS,,Boutique Moda,Other,México,Querétaro,Approved,00,False,,,
TRX-YPK59IHODKLTBAS0NAJK,2026-05-29 01:44:22,2026-05-28,PRD-RF6NIUJDY5V7,CLI-0OL3XBNCQVPV,Deposit,,1324386.46,ARS,3783.96,ATM,SUC-EHE8V9YO,,,Argentina,,Approved,00,False,14.25,,
TRX-L2SSZ3PIHV8TPH1BERX9,2026-05-28 10:52:27,2026-05-28,PRD-P365CVR97YYH,CLI-XWJQVFCHO5CZ,Deposit,,1360.66,USD,,ATM,SUC-8GXP9TIM,,,México,Tijuana,Approved,00,False,24.23,,
TRX-KJCEB7PT4KP62WZHU3ED,2026-05-28 13:02:39,2026-05-28,PRD-ZMGNVQ7TFE0S,CLI-8PDU06U232OH,Transfer,,2389.01,USD,,ATM,SUC-1DANZ3LD,,,México,Monterrey,Approved,00,False,0.11,,
TRX-JKSWPDA2ULUQ0KPNZ62N,2026-05-28 08:35:14,2026-05-28,PRD-PQTIM2O1WSQ8,CLI-SP4TLKTX7UYD,Transfer,,2304143.78,ARS,6583.27,POS,,,,Argentina,Buenos Aires,Approved,00,False,10.49,-34.4691722,-58.9189082
TRX-0QXSXSLQJ6PIJB5RCE2G,2026-05-29 05:13:58,2026-05-28,PRD-S58LQNDJIRVE,CLI-35WCTZWPUI3Q,Deposit,,3435.1,USD,,App,,,,México,Querétaro,Approved,00,False,6.7,,
TRX-W3UJXB46KEKJ8XRU58TH,2026-05-28 08:18:19,2026-05-28,PRD-SMHJUAOYIJKS,CLI-CI9SL03LZKMJ,Payment,Other,725.55,USD,,POS,,,,México,,Approved,00,False,6.87,,
TRX-7LUVYV68VSFLT20FW0YS,2026-05-28 09:54:00,2026-05-28,PRD-QKRD3AF36P2X,CLI-8VCSF1KA0BBO,Transfer,,8027123.12,COP,2006.78,POS,,,,Colombia,Barranquilla,Approved,00,False,9.47,3.9614454,-73.8939879
TRX-0A4LKSFBVI0U2LT6I5C5,2026-05-28 07:25:31,2026-05-28,PRD-GZBDYR90IS3H,CLI-L5MWMTKGSK3V,Transfer,,6752.53,USD,,Web,,,,México,Querétaro,Approved,,False,8.43,,
TRX-54E5C3NT83GTDEMGL0AH,2026-05-29 02:12:53,2026-05-28,PRD-IGVBM6RLL9OK,CLI-9HXU23HV52B1,Payment,Transport,4994775.23,COP,1248.69,POS,,,,Colombia,Medellín,Approved,00,False,21.59,,
TRX-MH05LYDGCJA7XNDE90KA,2026-05-28 15:05:35,2026-05-28,PRD-QSVXBQ2FHVOM,CLI-7OZBH7QARZ0D,Deposit,,319.26,USD,,ATM,SUC-OZH64PX1,,,México,Puebla,Approved,00,False,10.29,-0.0019261,-0.9169366
TRX-BLHRH6MGC948TE8KBF8O,2026-05-29 02:17:21,2026-05-28,PRD-3YIIE0APMVTI,CLI-QXM1GGQ394SC,Purchase,Services,11.77,USD,,Web,,Empresa Telefónica,Services,México,Puebla,Approved,00,False,5.93,,
TRX-TKH3YBSXRQMKRD2W4GAW,2026-05-28 18:35:23,2026-05-28,PRD-ENU89KQLJ7WN,CLI-Q3G7K4HHBYEQ,Payment,Food,1957.05,USD,,POS,,,,USA,New York,Approved,00,False,1.93,,
TRX-4EFH6GIXNX59ONQMJIWQ,2026-05-28 22:47:05,2026-05-28,PRD-AIGK8RJNR5D4,CLI-8KQUWNG99QD6,Transfer,,2575.24,USD,,POS,,,,México,Tijuana,Approved,00,False,5.85,,
TRX-NCCN8TXC5WOG2C8VO1FM,2026-05-29 00:25:33,2026-05-28,PRD-7NP3T8D84FKE,CLI-OLTZDUIUSZPD,Purchase,Food,423.77,USD,,POS,,,Food,México,Ciudad de México,Approved,00,False,21.55,-0.6448569,0.3256234
TRX-LO5SJEGVNXF1MZXCO44E,2026-05-29 03:31:21,2026-05-28,PRD-YKM0SWPJY1RM,CLI-JOTKN3SH1FDD,Transfer,,6927.96,USD,,POS,,,,México,Puebla,Approved,00,False,,,
TRX-1IXD12J7NCVIIRJZREZQ,2026-05-28 14:21:04,2026-05-28,PRD-JHBMYWR4SKQZ,CLI-TYVJCHOHPUR6,Withdrawal,,33642.17,ARS,96.12,Web,,,,Argentina,Buenos Aires,Approved,00,False,20.81,,
TRX-BYX21B61I4T85ZX1NOLP,2026-05-28 17:31:26,2026-05-28,PRD-G5L8D69CDNC4,CLI-HO0VH8E6JNDC,Withdrawal,,342.32,USD,,Web,,,,Colombia,Barranquilla,Approved,00,False,9.21,,
TRX-R26GW8NZ22E8KRGW3E69,2026-05-28 14:11:12,2026-05-28,PRD-QOA8QRUDTU55,CLI-57B3FALP5G5H,Payment,Health,1674.49,USD,,Web,,,,México,Querétaro,Approved,00,False,18.04,,
TRX-ORM1A65NVGWWECW3F8X0,2026-05-28 19:54:07,2026-05-28,PRD-NOTZPXB6O4LM,CLI-LVJX4MLSABZY,Purchase,Entertainment,1013867.3,COP,253.47,ATM,SUC-YH0U3LVW,Conciertos Live,Entertainment,Colombia,Barranquilla,Approved,,False,0.36,,
TRX-0RTSJYBDDDKKYDYDHS5E,2026-05-28 18:31:22,2026-05-28,PRD-B9Q6208Q34YG,CLI-Q1PKL19DZ76U,Purchase,Transport,1810665.7,COP,452.67,ATM,SUC-06LBAMRN,Estación de Servicio,Transport,Colombia,Cali,Declined,51,False,5.85,,
TRX-BW8T721KB2YE3JL7CESY,2026-05-28 19:54:46,2026-05-28,PRD-CWBBRZL0AIV8,CLI-4JHV1NFCXS2T,Transfer,,2153322.36,ARS,,POS,,,,Argentina,,Approved,00,False,25.02,,
TRX-502JFHIO3HK5L6XPERZC,2026-05-28 21:36:40,2026-05-28,PRD-6949MC4E3AZ5,CLI-JXTCH8XYYWUA,Payment,Food,1410.36,USD,,ATM,SUC-I3D08YZO,,,México,Puebla,Approved,00,False,17.35,,
TRX-UHII4TJTG70YUQHLBCK2,2026-05-29 03:18:31,2026-05-28,PRD-SVNGVP8UMIAX,CLI-MT2O090HS4FL,Transfer,,1850.19,USD,,POS,,,,México,Querétaro,Approved,00,False,14.77,,
TRX-EJ6YRBY8377AN3H7U3ZH,2026-05-29 05:17:54,2026-05-28,PRD-MXEOD3X6IRVP,CLI-GX2YQPQJAVOS,Adjustment,,353.4,USD,,ATM,SUC-8RYAQ0NO,,,México,Tijuana,Approved,00,False,1.78,0.7433837,-0.8209674
TRX-9WU255OUB5HWAOJFC48F,2026-05-28 15:09:16,2026-05-28,PRD-F76KMAV2TSGL,CLI-WVFOME018NBD,Transfer,,1970.74,USD,,POS,,,,México,Puebla,Approved,00,False,27.72,,
TRX-1DR4QC36BLKMQOP1RH8Q,2026-05-29 03:01:34,2026-05-28,PRD-K17M9P9R277I,CLI-TTQOE2OH6TUR,Payment,Food,1637.55,USD,,ATM,,,,México,Monterrey,Approved,00,False,1.59,-0.072274,-0.7286411
TRX-4XYNFM9OWRK9XWC1W2EK,2026-05-29 05:09:40,2026-05-28,PRD-MNQG8CYG9XNP,CLI-E96S0MJWNQXE,Purchase,Entertainment,1099495.8,COP,,POS,,,Entertainment,Colombia,Cali,Approved,00,False,13.23,4.2322846,-75.0621389
TRX-VJAL6PQAFCIH9HXEBQPN,2026-05-29 00:08:16,2026-05-28,PRD-4OW08ZVKR3CJ,CLI-Q2RPJB2ETYDG,Payment,Services,6012068.62,COP,1503.02,ATM,SUC-P44GDIDS,,,Colombia,Barranquilla,Approved,00,False,11.22,,
TRX-5Y8DFN2ST3MZ962QTF4Y,2026-05-28 14:14:10,2026-05-28,PRD-JKHE21VZUWCH,CLI-WOAAZFJ0BE17,Purchase,Food,233.09,USD,,App,,Mercado Central,Food,México,Tijuana,Approved,00,False,27.66,,
TRX-S8CNVKP3WE9WB7Y37JUR,2026-05-28 20:11:15,2026-05-28,PRD-LQSE32JJ98VI,CLI-0QDUQUR179P5,Purchase,Services,27621.37,ARS,78.92,POS,,Servicios Públicos,Services,Argentina,Mendoza,Approved,00,False,17.76,-35.3565742,-58.9125363
TRX-RB71JMF84ZG5CUJZ8LOZ,2026-05-28 09:32:32,2026-05-28,PRD-51SUJOCCQ8K5,CLI-I7GXRRCCSGJ0,Transfer,,6085.65,USD,,App,,,,México,Ciudad de México,Approved,00,False,,,
TRX-DJ95M0RG2GBBOWMF5G4N,2026-05-29 00:15:12,2026-05-28,PRD-6OQVYS236O05,CLI-GEW8WPZJLOT9,Withdrawal,,116859.9,ARS,333.89,ATM,,,,Argentina,Córdoba,Approved,00,False,2.93,,
TRX-CM41I0Q9F8IXD3XO05ZX,2026-05-28 17:12:26,2026-05-28,PRD-O7X3T1D1U7KP,CLI-VRS8DFZ4EFG1,Transfer,,2206902.66,COP,551.73,POS,,,,Colombia,Cartagena,Approved,00,False,0.01,,
TRX-H6MTR57RN5N9WBSYBYZW,2026-05-28 07:50:05,2026-05-28,PRD-ETWCDPVKNLMY,CLI-DSF64TVR186A,Purchase,Health,441.69,USD,,ATM,SUC-YJSI0V1D,Farmacia Salud,Health,México,Puebla,Approved,00,False,16.7,0.3640632,0.2932174
TRX-S6V0PPI817SMIPXLPXWZ,2026-05-28 11:12:41,2026-05-28,PRD-CXP5F4JFN61A,CLI-FRJFICKG8SOY,Deposit,,9441949.79,COP,2360.49,Web,,,,Colombia,Cali,Approved,00,False,18.57,,
TRX-1DDH7AYLSNTWYJ2H68UC,2026-05-29 01:57:05,2026-05-28,PRD-XBBF1W7ZJOBQ,CLI-UOTN32NSBLLL,Purchase,Food,727180.07,COP,181.8,ATM,SUC-06LBAMRN,Mercado Central,Food,Colombia,Bogotá,Approved,00,False,13.03,,
TRX-RJEMLD6GWBUV5YKQHVZJ,2026-05-29 00:58:03,2026-05-28,PRD-1814KKEKU38M,CLI-II38SW4I4QEM,Transfer,,4595.23,USD,,App,,,,México,Monterrey,Approved,00,False,14.41,,
TRX-ZM3IFBDQVJYNRZNDWMFJ,2026-05-28 22:41:15,2026-05-28,PRD-P3W100SJH8V3,CLI-NRGJVAOX2PAX,Withdrawal,,363.26,USD,,ATM,SUC-OZH64PX1,,,México,,Declined,05,False,19.75,,
TRX-86MM0CD5YSVGEQUXQMSC,2026-05-28 12:22:11,2026-05-28,PRD-9O3B71VAWRV3,CLI-GLEJXF7WV86A,Purchase,Food,333371.09,COP,83.34,ATM,SUC-E5CCM8ZI,Tienda Don José,Food,Colombia,Medellín,Approved,00,False,11.25,4.6111157,-73.4544323
TRX-J9TL4JR92I4QAYYEHY59,2026-05-29 05:12:55,2026-05-28,PRD-70JEWR5LFE2Y,CLI-YQ50X93QDLDD,Transfer,,285.67,USD,,ATM,SUC-1PSI5W5X,,,Colombia,Medellín,Approved,00,False,21.51,,
TRX-3DHGO3B1AKROCV253J2B,2026-05-28 15:16:43,2026-05-28,PRD-P4UF5MZLTUOT,CLI-BL5EVX36ZWVP,Adjustment,,72.01,USD,,POS,,,,México,Puebla,Approved,00,False,6.38,,
TRX-47RJ1C5QVYMLWK5TXBF3,2026-05-28 11:05:04,2026-05-28,PRD-ELY03U4UTX4U,CLI-B63VTSOX0TIX,Withdrawal,,114130.51,ARS,326.09,ATM,SUC-UE04XBQH,,,Argentina,La Plata,Approved,00,False,5.22,-35.5043598,-58.2101201
TRX-7Y3WP0UO94E5YK669DEE,2026-05-28 07:12:06,2026-05-28,PRD-EAED23KB7ZOZ,CLI-ANE2A99FSV6T,Deposit,,13303109.77,COP,3325.78,POS,,,,Colombia,Cali,Approved,00,False,3.67,,
TRX-JDMNZOIL720IR71HGTKB,2026-05-28 07:23:26,2026-05-28,PRD-JZZXP308CP7X,CLI-2LGVG0M7JWQD,Purchase,Food,970802.18,COP,242.7,ATM,SUC-X57ITSKO,Restaurante El Buen Sabor,Food,Colombia,Cali,Approved,00,False,13.09,,
TRX-J2W12MY5FDEIL8WNM9HI,2026-05-28 18:19:26,2026-05-28,PRD-1C6AEVPB7N4H,CLI-7UFKENT8NWBP,Purchase,Food,462.66,USD,,POS,,Super Ahorro,Food,México,Puebla,Approved,00,False,17.4,-0.3267268,0.3298801
TRX-UV9FACLYVIUV7P8AF0K1,2026-05-29 02:45:35,2026-05-28,PRD-PKOU4M3W0DFM,CLI-4HQQJC333LYS,Transfer,,3402.53,USD,,ATM,SUC-UHIX6KQ4,,,México,Querétaro,Approved,00,False,12.9,,
TRX-D84YYNFZE0575HLBDBLZ,2026-05-28 22:12:03,2026-05-28,PRD-MDIF3WORPUEP,CLI-WPRHBNW6NR1A,Withdrawal,,220.19,USD,,Web,,,,México,Querétaro,Approved,00,False,21.48,,
TRX-ZFCJENW768EC1V81MWEC,2026-05-28 10:15:25,2026-05-28,PRD-AMNCUGE57DB8,CLI-MFEI0EHH2JSM,Transfer,,9335.99,USD,,ATM,SUC-SDXPHMG4,,,México,Monterrey,Approved,00,False,3.68,,
TRX-EMEYKCNAUOUBV0U80BES,2026-05-29 00:06:04,2026-05-28,PRD-EOKQLH7Y7YQP,CLI-Q6CRKQH0URCK,Purchase,Entertainment,154.54,USD,,POS,,Conciertos Live,Entertainment,México,Guadalajara,Declined,51,False,21.29,,
TRX-EYED5R0MPRMWO0RY2JGM,2026-05-28 07:03:32,2026-05-28,PRD-C5Y99SX2RFHI,CLI-8AOQJ0OHBF41,Withdrawal,,1193331.28,COP,298.33,App,,,,Colombia,Cali,Approved,00,False,16.1,,
TRX-97TYK3UFHJOLWULATJ2K,2026-05-28 16:57:09,2026-05-28,PRD-J30MJRSWE6LT,CLI-YEYN8I4K7555,Withdrawal,,219.11,USD,,ATM,SUC-XEEDD28B,,,México,Tijuana,Approved,00,False,,-0.8087027,0.2501968
TRX-NMDCX08THL5X7O7X4AHU,2026-05-28 07:12:53,2026-05-28,PRD-V694VO0TAZ0O,CLI-3M9THH642BWU,Transfer,,2400254.59,ARS,6857.87,Web,,,,Argentina,,Approved,00,False,19.93,,
TRX-JSE9TF7AOY5N9YXL15KF,2026-05-28 07:52:06,2026-05-28,PRD-PX26U02XKFJB,CLI-HF39E0T1UYKE,Purchase,Services,328.65,USD,,App,,Servicios Públicos,Services,México,Monterrey,Approved,00,False,7.61,,
TRX-77HLO0RUPD0AJJOW674C,2026-05-28 13:56:38,2026-05-28,PRD-QYXOY5R2ILVT,CLI-1X5HSHBYBW1F,Deposit,,2656.7,USD,,POS,,,,México,Puebla,Declined,54,False,,-0.1547625,0.3235769
TRX-C50PD93SEJYCRWMLHYJ6,2026-05-28 18:42:44,2026-05-28,PRD-HG5934DWSEN9,CLI-U7MB8V2155CF,Purchase,Other,450.03,USD,,POS,,Centro Comercial,Other,México,Guadalajara,Declined,14,False,26.56,,
TRX-Z9UNSVJZW3ELNPGB2VPG,2026-05-28 07:05:57,2026-05-28,PRD-3EAI5IR00B8Q,CLI-OM9WDIRB9UPS,Purchase,Transport,317.86,USD,,POS,,Taxi Seguro,Transport,México,Puebla,Approved,00,False,0.83,,
TRX-VV8G223NDRC9HPRUC9WI,2026-05-29 04:10:53,2026-05-28,PRD-M2RP25V1Q4IO,CLI-E9JM9BN4P9T9,Withdrawal,,120.72,USD,,App,,,,Colombia,Cali,Approved,00,False,24.5,,
TRX-4ZL2AF2LWWCOT7RS8RWL,2026-05-28 07:38:22,2026-05-28,PRD-A48XR83AI89A,CLI-K0SRTSATCBCB,Withdrawal,,1327543.16,COP,331.89,POS,,,,Colombia,Barranquilla,Declined,54,False,28.33,,
TRX-177C16LWMKZHAIL6BNE9,2026-05-28 14:58:57,2026-05-28,PRD-4TG9J6IY8UJK,CLI-M4BW274SW4VJ,Purchase,Entertainment,40369.68,ARS,115.34,ATM,SUC-7TUK3JBL,Cine Premium,Entertainment,Argentina,La Plata,Approved,00,False,8.64,,
TRX-X3U1KI06URZRBWA37DAK,2026-05-29 05:19:46,2026-05-28,PRD-N16L7MLCK0IS,CLI-ZOR8MNTRNN16,Withdrawal,,1845363.91,COP,461.34,Transfer,,,,Colombia,Bogotá,Approved,00,False,24.42,,
TRX-KTXDOH6ESPO54GYNZGKP,2026-05-28 23:28:17,2026-05-28,PRD-VU3O5YIE1EA3,CLI-YN9J8XCBAYOA,Withdrawal,,16728.87,ARS,47.8,ATM,SUC-7TH4CVFK,,,Argentina,Mendoza,Approved,,False,10.85,,
TRX-DA0EZUCSOP1XYLUYXUMK,2026-05-28 15:11:05,2026-05-28,PRD-S3K0HOYJKWE3,CLI-HA6A99V4ODQU,Transfer,,6492.66,USD,,ATM,SUC-552N76DP,,,México,Ciudad de México,Approved,00,False,,,
TRX-L207FZG185KK52YR37BT,2026-05-28 23:39:27,2026-05-28,PRD-WFRBSPY3JAZ5,CLI-XAX3N25GQPO9,Withdrawal,,170644.7,COP,42.66,Web,,,,Colombia,Cali,Approved,00,False,9.84,,
TRX-JYMNT9DF67HSXG7A8DWU,2026-05-28 22:44:31,2026-05-28,PRD-46QJG8CF5K3C,CLI-V9ZH4EZWY8LB,Withdrawal,,62728.94,ARS,179.23,App,,,,Argentina,,Approved,00,False,,,
TRX-SJ2S7IV7MOISBWXL8I9A,2026-05-28 06:55:25,2026-05-28,PRD-TDI2KVEOD9WR,CLI-ERVQLELOH7PJ,Purchase,Transport,480.85,USD,,Web,,Estación de Servicio,Transport,Argentina,Córdoba,Approved,00,False,21.14,,
TRX-XJU4WGS31CABI43YX75D,2026-05-28 23:03:35,2026-05-28,PRD-PD6PCCRPVXV0,CLI-ODKZR51TR7C2,Transfer,,9776.96,USD,,ATM,SUC-4ML8OJM1,,,México,,Approved,00,False,25.71,,
TRX-MQP8R1WQXG093SSHG7D1,2026-05-28 06:34:00,2026-05-28,PRD-BPLB21KPAS8R,CLI-D1W6NKCTPESM,Payment,Services,1183.15,USD,,POS,,,,México,Ciudad de México,Approved,00,False,0.6,,
TRX-423M09T1UOJ07QEPERG7,2026-05-28 23:17:56,2026-05-28,PRD-05O76EQ0OJM8,CLI-9I8HE8NMNOQE,Withdrawal,,217.57,USD,,POS,,,,México,Tijuana,Approved,00,False,0.85,,
TRX-HYSID30FPC1FM3N6P4KY,2026-05-28 12:15:30,2026-05-28,PRD-PGVS7M4U3ROY,CLI-J3JY0MH9YM5J,Withdrawal,,232.49,USD,,Web,,,,México,Tijuana,Approved,00,False,0.44,,
TRX-5RP3YRQPE4B8IC8H5PEB,2026-05-28 09:44:54,2026-05-28,PRD-PFYMO9W01ACW,CLI-QSI7XFI23HWK,Purchase,Transport,314.57,USD,,ATM,SUC-SUAMAVYV,Estación de Servicio,Transport,México,Puebla,Approved,00,False,20.81,,
TRX-HT75OVP5TOMYRVKDBDJY,2026-05-28 17:16:50,2026-05-28,PRD-U1R5VNXJXB98,CLI-F6N3A6L9FU9C,Transfer,,6534.92,USD,,ATM,SUC-JJT8C9XQ,,,México,Puebla,Approved,00,False,11.77,,
TRX-3QGEU5A7SUHYDG9IEQBB,2026-05-29 05:09:31,2026-05-28,PRD-U4BB8NFPPJ17,CLI-8S6HW5S4UWVK,Transfer,,7070.18,USD,,ATM,SUC-7G8CGE3F,,,México,Puebla,Approved,00,False,20.59,,
TRX-E33L7RGLGBW0C74T4LED,2026-05-28 08:55:33,2026-05-28,PRD-QZEHZE0W8M6Q,CLI-S613EQ5IV9Z1,Payment,Other,609.72,USD,,Web,,,,Argentina,La Plata,Approved,00,False,2.16,,
TRX-2E9O8ULJF08RHA2KDZXK,2026-05-28 14:45:35,2026-05-28,PRD-WF4TYXURYXEO,CLI-Q8NYA2ZRG6EE,Purchase,Health,1398740.04,COP,349.69,Web,,Farmacia Salud,Health,Colombia,Barranquilla,Approved,00,False,,,
TRX-H08JLF6X6PW56CY4S9WF,2026-05-29 02:51:53,2026-05-28,PRD-2QX0YCTSX10I,CLI-8KXEAQFX5MNK,Purchase,Transport,143.82,USD,,POS,,Gasolinera Express,Transport,México,Puebla,Approved,00,False,21.03,,
TRX-1S4BOUJJF4RWHWRLURMX,2026-05-29 05:29:37,2026-05-28,PRD-V1ZT0D262UV3,CLI-OA7WXC96EXO4,Payment,Entertainment,177.97,USD,,ATM,SUC-P65ZGVH3,,,México,Ciudad de México,Approved,00,False,0.76,,
TRX-MXGG0VKYLQG8I6DGKPKO,2026-05-28 13:08:53,2026-05-28,PRD-87NEERHB3PCU,CLI-EW16FJYBXPZG,Withdrawal,,106.73,USD,,Web,,,,México,Monterrey,Approved,00,False,11.95,,
TRX-MSQ3UFBP4WLHKE88MOSI,2026-05-28 14:46:52,2026-05-28,PRD-OZXRQISM9BDU,CLI-DMXWNYF7Q473,Transfer,,3108638.75,ARS,,ATM,SUC-G7HRTTDE,,,Argentina,Mendoza,Approved,00,False,25.8,,
TRX-SIX7APN8U4WEM1DG12EA,2026-05-29 02:46:09,2026-05-28,PRD-VDUEY1XEZMXZ,CLI-W3XDZ37BYPJE,Withdrawal,,1803179.25,COP,450.79,Branch,SUC-X3OFCBL0,,,Colombia,Bogotá,Approved,00,False,26.5,,
TRX-F5EHVGEPSSPED0XF4V4W,2026-05-28 11:54:17,2026-05-28,PRD-1W2TKARX31SQ,CLI-PKZYZTNAHVJQ,Purchase,Transport,13983.63,ARS,39.95,POS,,Taxi Seguro,Transport,Argentina,Rosario,Approved,00,False,23.88,,
TRX-PBJ64KART4W3099262W0,2026-05-28 07:01:29,2026-05-28,PRD-FZXMBD4QNM3Z,CLI-F1BQ1BXOAG7I,Payment,Other,325576.35,ARS,930.22,App,,,,Argentina,,Approved,00,False,,,
TRX-J6I2CQ7IQHQX1ZPQN1D0,2026-05-28 16:44:30,2026-05-28,PRD-2CW0MKQY122R,CLI-1BBDF0X4GCJC,Payment,Entertainment,1124.25,USD,,Web,,,,México,Puebla,Approved,00,False,,,
TRX-7K35MNXP0I3LIHVQW6X9,2026-05-28 13:17:29,2026-05-28,PRD-K16XVKXCT5AB,CLI-ZODILZQW73FS,Withdrawal,,202.93,USD,,POS,,,,México,,Approved,00,False,10.12,,
TRX-RN4S495CIWJH3M654FX3,2026-05-28 22:50:05,2026-05-28,PRD-K4QIMQEHBY7J,CLI-OS97PAXLLI5Z,Payment,Food,6133801.46,COP,1533.45,POS,,,,Colombia,Bogotá,Approved,00,False,13.33,,
TRX-Q4ZAVNW10UOW0UHFHPML,2026-05-28 23:33:44,2026-05-28,PRD-2GB7EO7VSWQW,CLI-RYNA357HFKNJ,Payment,Food,5582566.04,COP,1395.64,ATM,SUC-4IFX1CUR,,,Colombia,Cartagena,Approved,00,False,,,
TRX-OW5BLKIE38FI4K2JJX0O,2026-05-28 12:25:13,2026-05-28,PRD-64F33D3BX6TW,CLI-Y7K6EQU0SVFY,Payment,Entertainment,4035279.17,COP,1008.82,App,,,,Colombia,Medellín,Approved,00,False,12.99,,
TRX-8H2N5UWQZV3YC3TM0HT5,2026-05-28 18:44:54,2026-05-28,PRD-DYSS8LTSSLEA,CLI-GOO3DNJ0W0W1,Deposit,,103831.84,ARS,296.66,App,,,,Argentina,Córdoba,Approved,00,False,1.14,,
TRX-I4OCW0T1IK04HE4D9KGF,2026-05-28 14:36:52,2026-05-28,PRD-AJMWIW6J70KQ,CLI-Q30JAJG7E235,Purchase,Food,78631.98,ARS,224.66,Branch,SUC-IPX8M3BR,Restaurante El Buen Sabor,Food,Argentina,Buenos Aires,Approved,00,False,24.35,-34.7502388,-58.1089101
TRX-6QXBWQGQ8DFXS1LM8N3T,2026-05-28 09:21:17,2026-05-28,PRD-PPQ12LHVJVOW,CLI-IMKU6SG5FNWU,Payment,Food,783.15,USD,,POS,,,,México,Ciudad de México,Approved,00,False,20.18,,0.5549199
TRX-MBYA6Y6FWNMMFP1E1ERA,2026-05-28 12:17:29,2026-05-28,PRD-W4AD70P757BH,CLI-NAT06FGCMOBG,Transfer,,5860.97,USD,,ATM,SUC-3DCC91G4,,,México,Guadalajara,Approved,00,False,,,
TRX-ESD7I5MJXJ01MN9J3P80,2026-05-28 08:24:00,2026-05-28,PRD-H51DZ240YCEV,CLI-V29R9VPNN2XC,Purchase,Other,194.33,USD,,App,,Tienda General,Other,México,Monterrey,Approved,00,False,16.5,,
TRX-6S0ORELYHK5B0ZHX3WIM,2026-05-28 08:04:04,2026-05-28,PRD-TXKJGE9JBR0V,CLI-KEPEGLRC5FMZ,Withdrawal,,266.01,USD,,App,,,,Argentina,Mendoza,Approved,00,False,0.99,,
TRX-6HZOYK8GKGUVSWJNBVXH,2026-05-28 19:17:32,2026-05-28,PRD-PSQN8T4VMLUC,CLI-PH7Q9FHGJ8LL,Purchase,Services,957695.35,COP,239.42,App,,Internet Plus,Services,Colombia,Medellín,Approved,,False,7.99,,
TRX-5QAAL7VFFHC78GCOZQGZ,2026-05-28 23:03:34,2026-05-28,PRD-HFVZ3RS6J8RB,CLI-MP6WP2WQ08TK,Purchase,Food,246.08,USD,,Web,,,Food,México,Puebla,Approved,00,False,21.27,,
TRX-K1H3BNCKC9PKLGPL1KFF,2026-05-29 02:51:23,2026-05-28,PRD-PJZWFA2KQM3Z,CLI-KQ01CGDYP8GS,Transfer,,6496.99,USD,,ATM,SUC-LQXENAY2,,,México,Tijuana,Approved,,False,4.1,,
TRX-WGIKOV6FHPIND8SO2KI2,2026-05-28 08:22:37,2026-05-28,PRD-RM0J5WJH4SSG,CLI-66M4A6TT5YAO,Adjustment,,456.55,USD,,Web,,,,México,Puebla,Approved,00,False,23.61,,
TRX-8A0OM7EGU3WREVDHBXC9,2026-05-28 13:50:01,2026-05-28,PRD-MF9QB01XKNL5,CLI-D0JZ5JHAKJ5Z,Withdrawal,,1007900.69,COP,251.98,POS,,,,Colombia,Cartagena,Approved,00,False,9.46,4.5522005,-74.2355297
TRX-LU7G6WUO0CL8QYNO9F7W,2026-05-28 15:26:34,2026-05-28,PRD-RGWPBTQ35N9U,CLI-EK3YEGGVW1FN,Withdrawal,,245.65,USD,,Web,,,,México,Puebla,Approved,00,False,,,
TRX-LSRG0IDR961SF1V0J9NT,2026-05-28 12:39:45,2026-05-28,PRD-P35119CNPVRO,CLI-WQWBP9EYV7VF,Purchase,Entertainment,134601.32,ARS,384.58,Transfer,,Streaming Music,Entertainment,Argentina,Córdoba,Approved,00,False,1.44,,
TRX-TSZLJ37FJ4IGO3HP7MY6,2026-05-28 23:53:02,2026-05-28,PRD-QA80524NL9JW,CLI-3S0W6TBRH8KK,Payment,Transport,2048049.28,COP,,ATM,SUC-F16NSV5F,,,Colombia,Bogotá,Approved,00,False,,,
TRX-49J1Q165730IQI2EZAGO,2026-05-28 09:18:27,2026-05-28,PRD-HVN8OABXMGBR,CLI-ZO4VYA80JUHV,Payment,Entertainment,1754.14,USD,,POS,,,,México,Guadalajara,Approved,00,False,24.41,,
TRX-B7V6F3NELTDD38LM43U4,2026-05-28 11:46:19,2026-05-28,PRD-ORM6Q9OYPSHQ,CLI-P9H50ERKBI23,Purchase,Services,153.51,USD,,POS,,Cable TV,Services,México,Ciudad de México,Approved,00,False,,,
TRX-9UB3YZEWR2DUZJ6IGRNU,2026-05-29 00:09:36,2026-05-28,PRD-8DDGRV901PLN,CLI-VT60PIZD5LJ8,Payment,Food,436010.15,ARS,1245.74,App,,,,Argentina,Buenos Aires,Approved,00,False,,,
TRX-S2GUU9VHV136KLPM4KRU,2026-05-28 15:30:41,2026-05-28,PRD-JTBOKU7OE4ZH,CLI-2J9J6I0DISE4,Withdrawal,,51.99,USD,,ATM,SUC-GV2TU3NJ,,,México,Ciudad de México,Approved,00,False,8.34,,
TRX-PFFB68HFZHSM5L5NFJT5,2026-05-28 15:25:32,2026-05-28,PRD-7D3KC4EIP4CR,CLI-K4SIW2U4HSBZ,Transfer,,6620.58,USD,,Web,,,,Colombia,Bogotá,Approved,00,False,21.6,,
TRX-6Q05R8441HDH0TQF7TWE,2026-05-29 02:24:10,2026-05-28,PRD-CZ6WIKHEZSSW,CLI-EF70WD91TBJQ,Deposit,,409619.73,ARS,1170.34,POS,,,,Argentina,Mendoza,Declined,51,False,7.63,,
TRX-Q29T6A43F4799FKF3C65,2026-05-28 13:26:00,2026-05-28,PRD-V2IGGPPJR6UB,CLI-CJ3KA05ND5XU,Transfer,,660.13,USD,,POS,,,,México,Monterrey,Approved,00,False,28.69,,
TRX-NFM0WNQ81QXN3NUBOYMR,2026-05-28 10:52:22,2026-05-28,PRD-4VXICQHOWONR,CLI-I5GRGP4WE5FW,Purchase,Transport,55.83,USD,,Web,,Taxi Seguro,Transport,México,Querétaro,Approved,,False,19.87,,
TRX-8Z7HKNW1O0Z4I4WAHJ7P,2026-05-28 06:56:46,2026-05-28,PRD-5BLRKBDN317P,CLI-7HQQDRMBZ5YM,Transfer,,38997672.35,COP,9749.42,ATM,SUC-Q56PLH2J,,,Colombia,Cartagena,Approved,00,False,22.03,,
TRX-HYTX1985UO0M8B3A9NUN,2026-05-28 14:01:05,2026-05-28,PRD-NXW4QAOM4VGP,CLI-845TIAQUQNZZ,Deposit,,4589.05,USD,,Web,,,,México,Puebla,Approved,00,False,,,
TRX-G14LLNKDB2BJWV0VUK76,2026-05-28 18:51:32,2026-05-28,PRD-QOWNX0QDOULG,CLI-ABL05Y25N3VI,Transfer,,6087.74,USD,,ATM,SUC-KNGCTTUB,,,México,,Approved,,False,,0.1281185,0.6820239
TRX-YGW0P32RUIXJ2T5NM56S,2026-05-28 21:35:14,2026-05-28,PRD-J1GZM7S7K25C,CLI-Z9GB044C9B2N,Withdrawal,,35.73,USD,,Web,,,,México,Querétaro,Approved,00,False,4.74,,
TRX-IXU3UKXJ0F1JHV93SXVA,2026-05-28 16:15:13,2026-05-28,PRD-44N2EICY0K3N,CLI-RYX14973HOJO,Transfer,,9848.96,USD,,POS,,,,Argentina,Rosario,Approved,00,False,5.86,,
TRX-UIRSESZ1LA0AB7LFF7L3,2026-05-28 17:59:46,2026-05-28,PRD-RWYR6UX6O0FF,CLI-U77KVN4BFRNV,Transfer,,2620.54,USD,,App,,,,México,Guadalajara,Approved,00,False,25.31,,
TRX-XT07XP9HBKBBKLA3VWRI,2026-05-28 19:44:32,2026-05-28,PRD-G8VFXP8R64OI,CLI-VMHA27IOB49F,Deposit,,14663007.14,COP,3665.75,Web,,,,Colombia,Bogotá,Approved,00,False,9.08,,
TRX-ZU51Q27A0NVI8ADKGG8D,2026-05-29 05:27:37,2026-05-28,PRD-2ZPSAFZZ81AT,CLI-9T02XN9KO6Y7,Payment,Food,5264353.08,COP,1316.09,ATM,SUC-MU9A5O88,,,Colombia,Medellín,Approved,00,False,19.2,,
TRX-CEK541V8QDSXMK0SJ5V7,2026-05-28 08:33:01,2026-05-28,PRD-MCGJ2M0UED3E,CLI-WJG0V8K0OHP1,Withdrawal,,1649495.39,COP,412.37,ATM,SUC-4IFX1CUR,,,Colombia,Barranquilla,Approved,00,False,14.89,,
TRX-A848WWAMS946HKPF37LU,2026-05-29 01:54:36,2026-05-28,PRD-JS9VRAQHU3XZ,CLI-RJYCTRZVXVEX,Purchase,Services,428.7,USD,,App,,Servicios Públicos,Services,México,Querétaro,Approved,00,False,21.99,,
TRX-N6PHQ6NLZUHVUYBWZVVV,2026-05-28 20:16:38,2026-05-28,PRD-5BSUXE298VXY,CLI-NZIKNUUQX58K,Deposit,,6430678.86,COP,1607.67,ATM,SUC-GPTCLR0Q,,,Colombia,Bogotá,Approved,00,False,20.94,4.505369,-73.0756673
TRX-BKBV9FT4LYB9BWKZ4OOM,2026-05-29 02:39:29,2026-05-28,PRD-XNCR0KKF13LG,CLI-1BIGZHHKHO4F,Transfer,,4917.76,USD,,ATM,SUC-PFXHRCSW,,,México,Guadalajara,Approved,00,False,5.97,,
TRX-K4XMHNN6SAAPIX52TR5W,2026-05-28 16:25:14,2026-05-28,PRD-LBPD1FRXNCNP,CLI-5M3QFH1S6YV0,Purchase,Food,190.76,USD,,POS,,Super Ahorro,Food,Spain,Madrid,Approved,00,False,,,
TRX-ELFMN2LIILQOCAN61D7L,2026-05-29 00:15:00,2026-05-28,PRD-VPHOJK2LQIP8,CLI-VF75GRB5ES8I,Purchase,Entertainment,120116.16,ARS,343.19,POS,,Conciertos Live,Entertainment,Argentina,Córdoba,Approved,,False,28.69,,
TRX-1VJ5DKVQ852QV91ADWOB,2026-05-28 23:44:09,2026-05-28,PRD-5LFAA8LNT5PI,CLI-LOMDWVV6TNL2,Deposit,,956122.36,ARS,2731.78,POS,,,,Argentina,Rosario,Approved,00,False,14.14,,
TRX-TWN9CRS67U80HMTV3KEK,2026-05-28 21:03:02,2026-05-28,PRD-3N9UDCB6RWO6,CLI-PJ6AMHHVGA5M,Transfer,,7002.95,USD,,ATM,SUC-BGMBLKDB,,,México,Guadalajara,Approved,00,False,19.16,,0.0908089
TRX-M58BHLWG3E4L7MJVQ2GK,2026-05-28 22:31:18,2026-05-28,PRD-1QL2BO8AQ1E0,CLI-KG594TYB3SOP,Deposit,,3019.89,USD,,App,,,,México,Querétaro,Approved,00,False,11.65,,
TRX-ZCX69X4JUYQDYUT0LZWK,2026-05-28 12:11:07,2026-05-28,PRD-PHDVLMI88JHB,CLI-UJR23HM1M3DE,Transfer,,1887.27,USD,,POS,,,,México,,Approved,00,False,10.82,0.5088456,0.8189263
TRX-XCXX944A5E6QD5T34T90,2026-05-29 00:40:16,2026-05-28,PRD-O14WY9PBX3Z1,CLI-W075GRK27NTX,Transfer,,9058.27,USD,,App,,,,México,,Approved,00,False,22.02,,
TRX-PROTA6KUMVT087S1DAQV,2026-05-29 05:22:28,2026-05-28,PRD-16BYG695ERM7,CLI-Y2ITK2TD4SR5,Withdrawal,,148.69,USD,,POS,,,,Argentina,Buenos Aires,Approved,00,False,,-0.0705909,-0.9330092
TRX-2MEULURWCMRK5MMPO5L3,2026-05-28 11:40:42,2026-05-28,PRD-4HOENHY417FK,CLI-4KX9OPP67HX2,Withdrawal,,422.68,USD,,POS,,,,Argentina,Rosario,Approved,00,False,8.8,,
TRX-Q0Z9I646XL2ECGQHFEMU,2026-05-28 17:23:20,2026-05-28,PRD-7851TEJSJN1A,CLI-TL016PWBHD6A,Purchase,Health,131.54,USD,,ATM,SUC-I4AA1FSG,Farmacia Salud,Health,México,Querétaro,Approved,,False,22.66,,
TRX-8O4TV1LTDSPAUJ9O5J5E,2026-05-28 18:16:56,2026-05-28,PRD-8CJ5DLJPOQKP,CLI-L7SDUMVED770,Payment,Services,1043.36,USD,,ATM,SUC-QE974U7T,,,México,Tijuana,Reversed,05,False,4.42,,
TRX-5UI9DZ1Y9Y7PHLPDXXOZ,2026-05-28 23:32:04,2026-05-28,PRD-UBGLQXXJA5GA,CLI-Z6TFBVSZXMNE,Purchase,Entertainment,1777786.26,COP,444.45,App,,Teatro Nacional,Entertainment,Colombia,Medellín,Approved,00,False,20.17,,
TRX-M6GCQD6GZZ6LFYEWVQ7T,2026-05-28 06:58:35,2026-05-28,PRD-CKOYWRCUNBZ3,CLI-FJMP3TAZ6SM0,Payment,Services,71590.82,ARS,204.55,POS,,,,Argentina,Mendoza,Approved,00,False,6.89,,
TRX-1FG3U3IJMBSSWDEOLQT4,2026-05-29 03:30:39,2026-05-28,PRD-RDLAE6V8UVM5,CLI-SV4EZPV4E0SQ,Deposit,,9037797.94,COP,2259.45,Branch,SUC-4IFX1CUR,,,Colombia,Medellín,Approved,00,False,,3.7715193,-73.9430663
TRX-M0UB7QKXP5OUEANCTEJO,2026-05-29 03:13:26,2026-05-28,PRD-ZIBLHK91J1E0,CLI-BA2088IG1BLP,Withdrawal,,365.81,USD,,App,,,,México,Puebla,Approved,00,False,29.15,,
TRX-ITFG5CYX34CYL4R3WBHQ,2026-05-28 13:12:49,2026-05-28,PRD-XB6XG51D1KE9,CLI-5WXB3GWLFOLG,Transfer,,4486.6,USD,,Branch,,,,México,Ciudad de México,Approved,00,False,1.71,,
TRX-68TXJTMCB7OPQ9AAWEPR,2026-05-28 06:10:54,2026-05-28,PRD-TELSSH3MSBQ8,CLI-HSLEYF7D2AVG,Deposit,,75.68,USD,,ATM,,,,México,Monterrey,Approved,00,False,24.57,,
TRX-E5MY15AOPERL5WSSQHKN,2026-05-28 13:13:31,2026-05-28,PRD-K6XX9LO9OY0X,CLI-SRE5ZF0X5NTY,Withdrawal,,116668.99,ARS,333.34,POS,,,,Argentina,La Plata,Approved,00,False,6.39,,-59.2256068
TRX-G2FLVUJI75THVDGC5ZQB,2026-05-28 18:08:00,2026-05-28,PRD-66T5IXJIOZX3,CLI-HZZQAOBZZAEY,Transfer,,7555.2,USD,,POS,,,,México,Guadalajara,Approved,00,False,17.31,-0.980234,0.5712242
TRX-075TJAVI0IUAEJM8O1KL,2026-05-28 08:17:41,2026-05-28,PRD-9MX98S3PU7OV,CLI-7LRVKKYSLC4J,Transfer,,13422756.68,COP,,POS,,,,Colombia,,Approved,00,False,,5.3664491,-73.4946891
TRX-13NIP7PEO7N0XF1KEQEW,2026-05-28 15:32:08,2026-05-28,PRD-IG870MKW71C6,CLI-QGZ7QV3P0AMD,Transfer,,7811.38,USD,,Web,,,,México,Querétaro,Approved,00,False,,,
TRX-8Q77HLK0YI0E145SL8TP,2026-05-29 02:59:48,2026-05-28,PRD-NJTJ906J0243,CLI-BM0XDZ1DZOB5,Deposit,,3761.59,USD,,App,,,,México,Querétaro,Approved,00,False,15.63,,
TRX-7V4RMZKCJFVS4GUGLQ5M,2026-05-28 19:32:18,2026-05-28,PRD-4BIQFJUE5ZKT,CLI-4SM6HGF2COA5,Deposit,,4089.53,USD,,ATM,SUC-552N76DP,,,México,Tijuana,Approved,00,False,6.7,,
TRX-EBQLI18T2E21GHVL7YPT,2026-05-28 21:26:28,2026-05-28,PRD-QXI2VVP61CNO,CLI-98JOC1PXXA6Y,Transfer,,842.16,USD,,App,,,,Colombia,Cali,Approved,00,False,29.61,,
TRX-6NU036SCIEKDCJE0Q8V9,2026-05-28 13:09:56,2026-05-28,PRD-UH70Z22K31TV,CLI-JPUOBDSJ3J15,Purchase,Health,121218.4,ARS,346.34,POS,,Laboratorio Central,Health,Argentina,Rosario,Approved,00,False,11.96,,
TRX-IW2D614M0ZB6SWY00K20,2026-05-29 03:19:20,2026-05-28,PRD-IOKLVLZ8KWRB,CLI-ZOJI8JXAE8FT,Purchase,Health,250.98,USD,,App,,Laboratorio Central,Health,México,Querétaro,Approved,00,False,18.2,,
TRX-IYM51GZS88OHXLC69ROH,2026-05-29 00:12:45,2026-05-28,PRD-05LIFBO6ZLFA,CLI-OMDE3IP7MSUJ,Transfer,,246757.48,ARS,705.02,App,,,,Argentina,Rosario,Approved,00,False,0.68,,
TRX-GI2DEU0UNXOG6YMYJ4EO,2026-05-28 19:33:24,2026-05-28,PRD-SAETLC3YBZAC,CLI-ZJD36H3WGU49,Transfer,,5879.79,USD,,ATM,SUC-F61XHTE2,,,México,Querétaro,Approved,00,False,22.18,-0.4875731,-0.4292468
TRX-GV23IIS928G17GN4A884,2026-05-29 01:54:00,2026-05-28,PRD-WMZA2GMPHXJ0,CLI-SWJC7FZ8KLKR,Deposit,,16584597.82,COP,4146.15,App,,,,Colombia,Cali,Pending,05,False,20.66,,
TRX-GMLB1Q80YLQE082CUFAM,2026-05-28 06:42:16,2026-05-28,PRD-6K78LCHXV21X,CLI-M7EQR6A0697T,Deposit,,4908.35,USD,,POS,,,,México,Monterrey,Approved,00,False,,,
TRX-ZQE9NNRPKNVLAE2JTUIO,2026-05-28 11:41:44,2026-05-28,PRD-H6XTE8RXH5FF,CLI-SSTGOE0DNORB,Transfer,,7678004.33,COP,1919.5,POS,,,,Colombia,Barranquilla,Approved,,False,1.56,,
TRX-AOXPSZADJ1M2A1BZRPZI,2026-05-28 15:40:26,2026-05-28,PRD-YPL12VJ2Q87E,CLI-HVBYRPL0I2TV,Deposit,,8778523.76,COP,2194.63,Web,,,,Colombia,Bogotá,Approved,00,False,,,
TRX-RBO5RFBYJ1YDU6OWFVF0,2026-05-28 19:13:43,2026-05-28,PRD-WFJ1XA6LG12J,CLI-9XIENRJCHEXQ,Purchase,Health,324.57,USD,,Web,,Laboratorio Central,Health,México,Ciudad de México,Approved,00,False,19.13,,
TRX-4E8ZHSHJEKJPQ3W1JMT1,2026-05-28 21:05:24,2026-05-28,PRD-BYG1HPQ69AUP,CLI-ZI3ZNLMORFDQ,Withdrawal,,47971.45,ARS,137.06,Web,,,,Argentina,Mendoza,Approved,00,False,14.97,,
TRX-643XRWSY4UDSAZGMZEG6,2026-05-28 06:44:50,2026-05-28,PRD-DNHNVHLZ3ARG,CLI-CG2FVIBLO8I7,Payment,Entertainment,131.33,USD,,POS,,,,México,,Approved,00,False,22.09,,
TRX-XCU6ICEB4W7GGBI5Y6Q9,2026-05-28 06:24:33,2026-05-28,PRD-YR00QGV7IZ0O,CLI-7L51E76W68FS,Transfer,,26237053.53,COP,6559.26,POS,,,,Colombia,Cartagena,Approved,00,False,,,
TRX-WQNYWM2D1PSBHW9K7RFN,2026-05-29 00:16:09,2026-05-28,PRD-NS13K0NU0VUP,CLI-XUEEY0VZ5CUS,Purchase,Food,4352.87,ARS,12.44,POS,,Tienda Don José,Food,Argentina,Córdoba,Approved,00,False,16.05,-33.9689633,-58.9514592
TRX-QEFGA3GFCJYHFMQ6B7J5,2026-05-29 00:48:02,2026-05-28,PRD-YN1OU3CCRORU,CLI-RV10JN6B583Y,Purchase,Services,297.79,USD,,POS,,Servicios Públicos,,México,Ciudad de México,Approved,00,False,,0.5741185,0.2201841
TRX-21UIU3F138ZJLZYAQTG0,2026-05-28 08:04:50,2026-05-28,PRD-97G8KQM18MNB,CLI-WI9SECQFDKQ1,Payment,Other,1374.02,USD,,POS,,,,México,,Declined,54,False,21.28,,
TRX-RX1ENVJQ5J26GXX7T8F7,2026-05-28 15:32:48,2026-05-28,PRD-0Z61E1KSEEMC,CLI-UBR2NCZWTD4K,Purchase,Services,41.11,USD,,App,,Cable TV,Services,Argentina,,Declined,54,False,20.72,,
TRX-QKM1O4M2Y98YO7V96UEK,2026-05-28 10:53:41,2026-05-28,PRD-DTH2PQXLWS4T,CLI-2BJYUF710BOF,Purchase,Entertainment,440.05,USD,,ATM,SUC-F1BZEJXJ,Streaming Music,,México,Tijuana,Approved,00,False,24.82,,
TRX-34SPM6G38Z8E8D7MB7WV,2026-05-28 17:18:29,2026-05-28,PRD-8CVW4GVU48CM,CLI-WW15U26M45BD,Withdrawal,,27.67,USD,,Web,,,,México,Tijuana,Approved,00,False,16.12,,
TRX-7WIJZTQOJ661ZOY3K9V2,2026-05-29 01:25:46,2026-05-28,PRD-JMU5O9VBZ4MY,CLI-8PUW2235MI8T,Transfer,,37076901.0,COP,9269.23,ATM,SUC-KJBGVLU5,,,Colombia,Barranquilla,Approved,00,False,17.47,,
TRX-2BKR4NFVJ3FF7RQEHSRK,2026-05-28 19:44:26,2026-05-28,PRD-7TN167M96B5B,CLI-AI1L3BWMNGTI,Withdrawal,,1668038.11,COP,417.01,POS,,,,Colombia,Bogotá,Approved,00,False,14.31,,
TRX-CKR18UFDOV6X0M9OAOB8,2026-05-28 15:44:07,2026-05-28,PRD-BNAS4IA8EJNI,CLI-P7Y04S13LVKL,Purchase,Entertainment,413.7,USD,,App,,Cine Premium,Entertainment,México,Tijuana,Approved,00,False,25.62,,
TRX-WSWCF5SZX2C3CKIYX2VD,2026-05-28 16:19:12,2026-05-28,PRD-ZWW379PEXGIX,CLI-W102MEXV8Y3X,Purchase,Other,854982.92,COP,213.75,ATM,,Centro Comercial,Other,Colombia,Barranquilla,Approved,00,False,21.64,5.2952119,-74.3842363
TRX-HTZKTH4G691QSMTE6NID,2026-05-28 18:42:56,2026-05-28,PRD-LX4P9KWQN2QA,CLI-JCJE2HCUYINK,Transfer,,3178703.44,ARS,9082.01,ATM,SUC-G7HRTTDE,,,Argentina,La Plata,Approved,00,False,8.14,,
TRX-T5UZP7RUGZCIUWIL008F,2026-05-28 18:57:23,2026-05-28,PRD-5OU4ZDY8006N,CLI-3PS8BLO0U4XU,Withdrawal,,1897560.37,COP,474.39,App,,,,Colombia,Cali,Declined,51,False,,,
TRX-65KA4XU97XX2FBIP6G95,2026-05-28 14:26:43,2026-05-28,PRD-X70220QMWW9G,CLI-VPIP2G9ED3EP,Payment,Transport,3588026.0,COP,897.01,POS,,,,Colombia,,Approved,00,False,,,
TRX-B91UKYRV96BSLIXK1Q7D,2026-05-28 18:50:31,2026-05-28,PRD-OGE29OKRGV5M,CLI-H29C00ATVYUM,Purchase,Food,70664.68,ARS,201.9,POS,,Restaurante El Buen Sabor,Food,Argentina,La Plata,Approved,00,False,16.05,-33.7019812,-57.9365171
TRX-EKBP52US3MX5M1NI0K0Q,2026-05-28 07:24:32,2026-05-28,PRD-31QDEXN4SXN6,CLI-IC227BMTFJBX,Withdrawal,,278.92,USD,,POS,,,,Argentina,Mendoza,Declined,05,False,13.18,,
TRX-WF4CBBSBSW0EV75LT5RV,2026-05-28 15:46:27,2026-05-28,PRD-PO0V602ZTXXR,CLI-DZ0QFJRQ3PIK,Withdrawal,,114213.12,ARS,326.32,Branch,SUC-XCP0A6C8,,,Argentina,Rosario,Approved,00,False,16.76,-34.6296818,-58.564373
TRX-1Y38FB6OU3DRQ0HCOU6E,2026-05-28 13:13:35,2026-05-28,PRD-WZLS06GKZWNG,CLI-8XKMEM6RZ7AD,Purchase,Food,482.58,USD,,ATM,SUC-FGQWMFNS,,Food,México,Guadalajara,Approved,00,False,4.19,,
TRX-LG7K0Y0DRZX69DH5E93T,2026-05-28 17:19:32,2026-05-28,PRD-PUOX0KGUVP8N,CLI-TOM2EWGTUOYM,Payment,Other,6024833.69,COP,1506.21,Web,,,,Colombia,,Approved,,False,,,
TRX-YDLGMAUZ4MDBXEQLN61N,2026-05-28 22:37:21,2026-05-28,PRD-MTEI50CYQMKC,CLI-0YBANMQ5I9FT,Withdrawal,,42248.07,ARS,120.71,Web,,,,Argentina,Mendoza,Approved,00,False,16.25,,
TRX-FQE4YZ8J5XDYT2WVF373,2026-05-28 17:30:40,2026-05-28,PRD-XIT6LCL4J0UD,CLI-3EAB0XUCTIES,Transfer,,9182.87,USD,,POS,,,,Colombia,Bogotá,Approved,00,False,16.78,,
TRX-0LW14MH8G26N6J9IIXKP,2026-05-28 10:35:53,2026-05-28,PRD-7MNSTFMIDRQ1,CLI-49DANH7P9LTJ,Withdrawal,,26.75,USD,,ATM,SUC-LQXENAY2,,,México,Querétaro,Approved,00,False,,,
TRX-NY9C59HGH18MOG6ZPJMZ,2026-05-28 09:22:38,2026-05-28,PRD-6XB99ODYQL79,CLI-ZDXS0BMYJ9LO,Transfer,,1007.42,USD,,App,,,,Argentina,Mendoza,Approved,00,False,21.26,,
TRX-9S0OU2Y3OTKBZSVQVT3O,2026-05-28 21:52:42,2026-05-28,PRD-OD07HX0RRJTK,CLI-SL214XJHCT83,Transfer,,4431.41,USD,,ATM,SUC-N1ZUF3PF,,,México,Querétaro,Approved,00,False,15.39,,
TRX-K3XLZMWDW0X9DVNQCGCV,2026-05-28 12:47:00,2026-05-28,PRD-RMG1IZ99B70S,CLI-H48050P54GQ8,Purchase,Food,436.95,USD,,POS,,Restaurante El Buen Sabor,Food,México,Puebla,Approved,00,False,19.4,,
TRX-U2QXQBTJZM3VUKU9YDWE,2026-05-28 09:43:08,2026-05-28,PRD-3L6WIFSGG6JY,CLI-DVQNWBLDNRWN,Transfer,,2687.29,USD,,Web,,,,México,Querétaro,Approved,00,False,0.41,,
TRX-IW38FFNZLX2ZJOW1AK35,2026-05-28 20:33:19,2026-05-28,PRD-GJXWSXHMS7RB,CLI-EHZ52JJHAEP0,Withdrawal,,644432.68,COP,161.11,POS,,,,Colombia,Bogotá,Approved,,False,17.23,,
TRX-WSGSXTP6MV1KCT81M8YV,2026-05-28 17:30:05,2026-05-28,PRD-A5F0A6MHPT6Q,CLI-WGOIUWC79T6B,Payment,Services,4527268.84,COP,1131.82,App,,,,Colombia,,Approved,00,False,11.7,,
TRX-YBGO3PCGAYPGKIFZE6U5,2026-05-29 05:30:32,2026-05-28,PRD-F4EU5UFV3RSY,CLI-9OUYRBVRKRVL,Transfer,,883132.04,ARS,2523.23,ATM,SUC-SX32177B,,,Argentina,Rosario,Approved,00,False,8.07,,
TRX-CBKY45USISN8D0V2GWSP,2026-05-28 18:51:01,2026-05-28,PRD-W6BL0RG9V66K,CLI-8KQWJTYE4F37,Transfer,,8308.34,USD,,App,,,,México,Puebla,Approved,00,False,29.43,,
TRX-XY255FCAYAEK5H1DGOUT,2026-05-29 01:49:14,2026-05-28,PRD-I797E0DSXCQS,CLI-VBSPS95Q666F,Purchase,Food,1791021.93,COP,447.76,ATM,SUC-4OOB7ZFR,Mercado Central,Food,Colombia,Barranquilla,Approved,00,False,23.04,,
TRX-2XI85YNZ1K1JNYYEFTT8,2026-05-29 01:53:01,2026-05-28,PRD-3IBI59J8L4UF,CLI-V7R0W2AU3DZ2,Purchase,Other,1012711.18,COP,253.18,App,,Centro Comercial,Other,Colombia,,Approved,00,False,21.27,,
TRX-I6WSEJG15AO63FY9R0ZI,2026-05-29 00:52:03,2026-05-28,PRD-T3DSC0N8R3HV,CLI-ADOSK67DDN0L,Purchase,Health,138.26,USD,,POS,,Óptica Visión,Health,México,Querétaro,Approved,,False,25.6,,
TRX-T6EYBDBB3YC33EQHXVBT,2026-05-28 13:32:58,2026-05-28,PRD-45KS2LO2K88Z,CLI-TMIQ43WES68W,Transfer,,3368.5,USD,,POS,,,,México,Tijuana,Approved,00,False,,,
TRX-XUPKFSKIL25IVGUET90J,2026-05-28 21:39:59,2026-05-28,PRD-7UCOGVOBE1RY,CLI-K25IMEQGV9CZ,Adjustment,,983.9,USD,,POS,,,,México,Puebla,Approved,00,False,0.81,0.6937557,0.4500457
TRX-ZK0JK9QIMBQX5GENZBGV,2026-05-28 19:56:41,2026-05-28,PRD-BD5FHQA7MPBF,CLI-HHPICXJBRNAK,Deposit,,16713754.08,COP,4178.44,POS,,,,Colombia,Bogotá,Approved,00,False,7.66,,
TRX-IEVGHR2DFQ0BYPGB4I1E,2026-05-28 16:42:19,2026-05-28,PRD-41JQJUB3U1D0,CLI-001FRQ98IGKY,Transfer,,6409.61,USD,,ATM,,,,México,Tijuana,Approved,00,False,21.71,,
TRX-1WOKVWKBHW7J2B56LU1L,2026-05-29 05:37:45,2026-05-28,PRD-0GZP2663RUU9,CLI-Q0B6LMN4BP0U,Transfer,,3786.26,USD,,ATM,SUC-LBPQUZ4D,,,México,Tijuana,Approved,00,False,23.97,,
TRX-9AH4299V0IJB7ON204X1,2026-05-29 00:57:28,2026-05-28,PRD-HP5TE66EJ5KP,CLI-VGKCJ2AYDEBZ,Purchase,Services,45443.58,ARS,129.84,ATM,,Internet Plus,Services,Argentina,La Plata,Approved,00,False,12.9,,
TRX-4YONK3X5FN0Y2V037CKL,2026-05-29 00:22:12,2026-05-28,PRD-HU8KECPFAVMJ,CLI-JA3KMJDVF4FB,Purchase,Entertainment,130492.46,ARS,372.84,Web,,Teatro Nacional,Entertainment,Argentina,Buenos Aires,Approved,00,False,27.11,,
TRX-AU999FSUX077HP9W9SLE,2026-05-28 07:23:56,2026-05-28,PRD-ZBEKS2WWD2K0,CLI-IF35WUM64SVE,Purchase,Transport,130.24,USD,,App,,Uber,Transport,México,Puebla,Approved,00,False,9.16,,
TRX-5BIJDDA0SJJ7SSRICWLN,2026-05-28 23:20:55,2026-05-28,PRD-X2J6XRQRJD03,CLI-WKKNSIJPA82O,Withdrawal,,114.47,USD,,App,,,,México,Puebla,Approved,00,False,0.5,,
TRX-9KON6K6WK04C8VS2I738,2026-05-28 21:45:21,2026-05-28,PRD-GV37UUD98PLO,CLI-F3SBS26XMBGT,Purchase,Entertainment,1574834.09,COP,393.71,POS,,Teatro Nacional,Entertainment,Colombia,Cali,Approved,,False,22.79,4.3430822,-73.5062886
TRX-NVLH3RVGEK0VO2CQWV7E,2026-05-28 11:07:41,2026-05-28,PRD-BBMPB4BXLPIP,CLI-65WDH3W7N2C7,Transfer,,10886431.72,COP,2721.61,App,,,,Colombia,Medellín,Approved,00,False,6.57,,
TRX-U5U8LGAIMT6WRU487PXL,2026-05-28 16:18:11,2026-05-28,PRD-2G2WNBO6IUR8,CLI-5UCPDDFEAXME,Deposit,,826807.34,ARS,2362.31,ATM,SUC-ZVPEMWQP,,,Argentina,La Plata,Approved,00,False,24.19,,
TRX-S5MCBV0IKFI4Q6KNM1BP,2026-05-28 23:48:49,2026-05-28,PRD-K1U4Y7M9QK33,CLI-5KM7G3FJEFHP,Deposit,,4635831.87,COP,1158.96,POS,,,,Colombia,Bogotá,Approved,00,False,,3.9432551,
TRX-FMNXOCAAHZ9V3DWH93BT,2026-05-28 11:36:32,2026-05-28,PRD-CD4FIIHIJSQW,CLI-X98XM4NQN78I,Withdrawal,,163.0,USD,,Web,,,,México,Tijuana,Approved,00,False,,,
TRX-9KPJ7O3THXMGJDBELCA1,2026-05-28 23:14:45,2026-05-28,PRD-ZSVDBTJ91QYY,CLI-WH00HXYSY3HG,Withdrawal,,511712.09,COP,127.93,ATM,SUC-E5CCM8ZI,,,Colombia,,Approved,00,False,25.44,,
TRX-X2DTKTZSBIUS5OKNEREJ,2026-05-28 14:42:04,2026-05-28,PRD-OQRVQATEH90B,CLI-EQG4OD63LMDY,Purchase,Food,365.36,USD,,POS,,Super Ahorro,Food,México,Guadalajara,Approved,00,False,,,
TRX-I6IG05VPZC8R3KTU7VLD,2026-05-28 16:08:09,2026-05-28,PRD-ZDBX0K68LJR9,CLI-NPJN8PE53JJG,Purchase,Food,300.01,USD,,ATM,SUC-RDJC9IH3,Restaurante El Buen Sabor,Food,México,Tijuana,Approved,00,False,7.78,,
TRX-CUGQKSJZO7QQ9AHQT89J,2026-05-29 03:56:40,2026-05-28,PRD-EE40FANT9X3S,CLI-3R031Z3LUNUY,Purchase,Food,250.91,USD,,App,,Tienda Don José,Food,México,Puebla,Approved,00,False,9.66,,
TRX-UALG7TJOY4WJFHMGOC6T,2026-05-28 12:56:50,2026-05-28,PRD-W5DFFP01YXSZ,CLI-62SSYBGGAOKI,Transfer,,12850692.17,COP,3212.67,POS,,,,Colombia,Barranquilla,Approved,00,False,,,
TRX-164281YWZ6BREBYLOTDX,2026-05-28 12:47:24,2026-05-28,PRD-K9TFCRI94BXI,CLI-3KYW3GNA3DQ1,Purchase,Other,59.88,USD,,ATM,SUC-P65ZGVH3,Ferretería,Other,México,Monterrey,Approved,00,False,24.96,,
TRX-Y0UGGUOT76IKZCFMOS4W,2026-05-29 00:53:15,2026-05-28,PRD-45EBOT47GSAS,CLI-0J1BU3O9DVOZ,Payment,Food,5635811.02,COP,1408.95,Web,,,,Colombia,Cartagena,Approved,00,False,11.44,,
TRX-RET7HRM340C99YB9Y6OV,2026-05-28 12:23:24,2026-05-28,PRD-8CYROOHD3SYV,CLI-4TNRGHGASRKL,Withdrawal,,82857.86,ARS,236.74,App,,,,Argentina,,Approved,00,False,24.85,,
TRX-AMS8YOOM2F7BMHU8IU6I,2026-05-28 14:04:06,2026-05-28,PRD-RUJCGZU92G2T,CLI-RBZ25FOYZ1YI,Payment,Transport,1381.29,USD,,POS,,,,México,Puebla,Approved,00,False,,,
TRX-ZJ4IAGF47SN8YZTXO9TP,2026-05-28 17:23:00,2026-05-28,PRD-7FYGDB99D060,CLI-W5T6RLEAMU1N,Transfer,,1276894.56,COP,319.22,App,,,,Colombia,Cali,Approved,00,False,5.87,,
TRX-NMIVN3MYMAWJNCMF1UUI,2026-05-29 00:17:49,2026-05-28,PRD-Q0Z9VW2KWFED,CLI-HTPF7HKUXDQV,Withdrawal,,1867226.49,COP,466.81,ATM,,,,Colombia,Cali,Approved,00,False,13.43,,
TRX-P15S70V2NQOKU89I0C2G,2026-05-28 23:57:33,2026-05-28,PRD-M0PXY2X9X3E7,CLI-IX9G3Z7TY8FO,Purchase,Health,353.42,USD,,POS,,Óptica Visión,Health,México,Monterrey,Approved,00,False,14.52,-0.9164887,0.1450187
TRX-I0NE7Y1VP6NUB59GMKLP,2026-05-28 13:59:54,2026-05-28,PRD-30L4ZRBRK333,CLI-BB5QNXRAJ369,Withdrawal,,376.54,USD,,Branch,SUC-TVNO2KL5,,,México,,Approved,00,False,1.09,,
TRX-S8WYTG4B66OYXR419KTP,2026-05-28 17:14:43,2026-05-28,PRD-6QO0W8ZOCLBK,CLI-Y2YW639853M2,Payment,Services,854.98,USD,,POS,,,,México,Querétaro,Approved,00,False,23.73,,
TRX-GF3U2S4TZES023COWLFM,2026-05-28 14:15:23,2026-05-28,PRD-NTFPQWCESL5M,CLI-MVE8JEG1ZBVK,Payment,Food,834.15,USD,,POS,,,,México,Querétaro,Approved,00,False,,,
TRX-GR6MCHIH80DJRAH1PXX5,2026-05-28 06:51:09,2026-05-28,PRD-EQ06CMNTCP79,CLI-4N8J0ZGU8OBV,Transfer,,3304791.48,ARS,9442.26,App,,,,Argentina,Buenos Aires,Approved,00,False,,,
TRX-1VC1GEVGMB876BTEN3LL,2026-05-29 01:59:38,2026-05-28,PRD-6WK5GQDZXEJG,CLI-HHXY5IXVMF1E,Withdrawal,,143.06,USD,,Transfer,,,,México,Tijuana,Approved,00,False,13.19,,
TRX-RY5WD8P4NAYT5X57S1W0,2026-05-28 15:26:02,2026-05-28,PRD-P575HV253KIP,CLI-585ZAQ3KBSXB,Transfer,,4494.91,USD,,POS,,,,México,Ciudad de México,Approved,00,False,14.45,0.0213498,0.8095219
TRX-CUR0CFD2KXNBQ3R3U2BY,2026-05-29 04:43:52,2026-05-28,PRD-US5U3U3IGGFI,CLI-355Q77GF4ZMP,Withdrawal,,1621164.22,COP,405.29,Transfer,,,,Colombia,Medellín,Approved,00,False,,,
TRX-RK8FYA7C3IY42KNXEG8C,2026-05-28 18:47:28,2026-05-28,PRD-RTS6Z2TVMQAU,CLI-Y76W47GS5FHX,Transfer,,3461473.55,ARS,9889.92,Web,,,,Argentina,Córdoba,Approved,,False,,,
TRX-138IULQAVZPVF5WXRHZF,2026-05-28 16:30:37,2026-05-28,PRD-PGA70MMBMBWM,CLI-R4VNZISTH725,Transfer,,9593.14,USD,,App,,,,México,Guadalajara,Approved,,False,10.21,,
TRX-IQC9G47GUH8V5OQWIIJ3,2026-05-29 03:12:41,2026-05-28,PRD-RISJKVT399SZ,CLI-SRC80NY3TKAE,Withdrawal,,270.79,USD,,ATM,SUC-NOBD5N9U,,,México,Puebla,Approved,00,False,29.16,,
TRX-SMRK69QQNSJW0UZPCHYD,2026-05-28 06:19:36,2026-05-28,PRD-WO1BLCY3XIO6,CLI-K6S0O8I4UGXH,Purchase,Health,366075.63,COP,91.52,POS,,Clínica Médica,Health,Spain,Barcelona,Approved,00,False,,,
TRX-N9ESJPZUDE2JUTL64EUF,2026-05-28 11:14:21,2026-05-28,PRD-LJ07Q4AYSZZS,CLI-38IITIQR1YIB,Payment,Entertainment,5693254.76,COP,1423.31,App,,,,Colombia,Barranquilla,Approved,00,False,29.02,,
TRX-BZYL8MN0OYR4SEO1NG9K,2026-05-28 20:35:12,2026-05-28,PRD-HBR8PLIAJNIV,CLI-30STBHW93P8D,Deposit,,1245923.97,ARS,3559.78,ATM,SUC-RRCPMD2D,,,Argentina,Rosario,Approved,00,False,5.57,,
TRX-J8V7IOK7U7T7VBGBNG07,2026-05-28 23:34:39,2026-05-28,PRD-7W1Q7CU1LSM7,CLI-JH9SN86LS1CU,Deposit,,1948.05,USD,,App,,,,México,Tijuana,Approved,00,False,20.21,,
TRX-C4PKMC7TSP41FU5ERAT1,2026-05-28 19:04:34,2026-05-28,PRD-3G0C4HQNY3JB,CLI-PS7I0LI8LC8A,Transfer,,6702.36,USD,,App,,,,Spain,Sevilla,Approved,00,False,28.93,,
TRX-L5LF33BHRS9YMRBBJN7B,2026-05-28 11:28:11,2026-05-28,PRD-MK9DEZI7ZLHV,CLI-GRMN0LFSLG1J,Purchase,Entertainment,495.98,USD,,Branch,SUC-KHBP7W0V,Cine Premium,Entertainment,Argentina,Buenos Aires,Approved,00,False,,,
TRX-ZICIQUWQISKN5SK6SCLW,2026-05-28 21:03:29,2026-05-28,PRD-3BOTUDI0HTXV,CLI-31PGKQU4WQ4K,Withdrawal,,263773.74,COP,,POS,,,,Colombia,Barranquilla,Approved,00,False,8.12,,
TRX-Z261CX8YUDKRZ94MRFKH,2026-05-28 18:45:56,2026-05-28,PRD-GAI3AX981B8M,CLI-68M6WOROU2LB,Payment,,271473.53,ARS,775.64,App,,,,Argentina,Buenos Aires,Approved,00,False,11.69,,
TRX-EXSVJVVGD4R33LW0IWPM,2026-05-28 08:43:42,2026-05-28,PRD-3TAXIK8L0QXC,CLI-EOM33CIXHWNZ,Purchase,Other,97788.54,ARS,279.4,ATM,SUC-PJ3BSV1X,Tienda General,Other,Argentina,Buenos Aires,Approved,00,False,7.57,-34.8142366,-57.9978873
TRX-OVPBLEVCEUR0RVIXD2GV,2026-05-29 00:20:54,2026-05-28,PRD-0URQCQLK470U,CLI-IS4MJJP2TZWW,Payment,Food,1948.52,USD,,POS,,,,México,Querétaro,Approved,00,False,6.12,,
TRX-DUWHT4NE50BUBXFSMZVC,2026-05-28 23:34:08,2026-05-28,PRD-H4BVZDPULU07,CLI-A8SH8UPSVHA9,Payment,Health,4298449.63,COP,1074.61,ATM,SUC-CFNA2V8Y,,,Colombia,Cali,Approved,00,False,16.09,4.8643721,-74.9482331
TRX-DY968E91G612TL0590RD,2026-05-28 14:35:46,2026-05-28,PRD-0WRO1CMF8T26,CLI-4VDJKRQY0K1F,Withdrawal,,1943541.42,COP,485.89,POS,,,,Colombia,Cartagena,Approved,00,False,5.89,,
TRX-XC5FDDVJKFILQKD9OW6Z,2026-05-28 06:16:58,2026-05-28,PRD-CCPAFH2W7IJ7,CLI-AEGDDL36SJBI,Payment,Services,175083.43,ARS,,POS,,,,Argentina,Buenos Aires,Declined,54,False,15.54,-34.0839643,-59.0035317
TRX-RVQRGADQWRFWCU9GPMG0,2026-05-28 18:52:05,2026-05-28,PRD-W6FBCFYNE2XY,CLI-OWREHN3Y6CZL,Withdrawal,,137958.5,ARS,394.17,POS,,,,Argentina,Córdoba,Approved,00,False,4.29,,
TRX-QYSVFK60BYTS666598MS,2026-05-28 12:08:56,2026-05-28,PRD-NEFZ2UXIIRVG,CLI-Z5N906LW7KXT,Deposit,,1096.96,USD,,ATM,SUC-U3Q69OLV,,,México,Puebla,Approved,00,False,13.71,,
TRX-UPO2FHSTO6HYMGVTKKTR,2026-05-28 15:53:57,2026-05-28,PRD-K9C9OIVBC5Y9,CLI-2RZT4KTL7VC3,Deposit,,2040.13,USD,,ATM,SUC-033KHYS2,,,México,Puebla,Approved,00,False,19.93,-0.7129085,0.0027299
TRX-WNF3T017SE1A7RTQ11GA,2026-05-28 10:27:56,2026-05-28,PRD-63VTTF1W5KQZ,CLI-HP2G81S09C6U,Withdrawal,,516362.0,COP,129.09,ATM,SUC-06LBAMRN,,,Colombia,Medellín,Approved,00,False,27.49,5.1839014,-73.3157195
TRX-0652216M221405JV27PR,2026-05-28 12:43:05,2026-05-28,PRD-0FYR71K65XMI,CLI-A0JL6NJ6R15Q,Deposit,,1321427.91,ARS,3775.51,ATM,SUC-10TO2Y3U,,,Argentina,La Plata,Approved,00,False,9.27,,
TRX-HU9LOVN2LES10CWZTBGW,2026-05-28 16:49:55,2026-05-28,PRD-K2VRF6U0PU0C,CLI-EAMSULJS0NWT,Purchase,Services,12675.06,ARS,36.21,App,,Cable TV,Services,Argentina,La Plata,Approved,00,False,23.46,,
TRX-AVSYRF21XOND508HZ93J,2026-05-28 06:19:26,2026-05-28,PRD-S55JVSE44PIM,CLI-YB31ZGTH9NNJ,Payment,Food,1513547.2,COP,378.39,ATM,SUC-DIHJMBN3,,,Colombia,Cartagena,Approved,00,False,,,
TRX-OIZU8RS3MH69D290339J,2026-05-28 21:02:46,2026-05-28,PRD-MZTNBSU6KT5Z,CLI-AVW27609T9K6,Transfer,,4533.54,USD,,ATM,SUC-JRR5Z8WK,,,México,Querétaro,Approved,00,False,,-0.9804718,-0.2837931
TRX-DBJ6UNYLJFQA46QT83JG,2026-05-28 23:28:42,2026-05-28,PRD-C13UINLXPARE,CLI-WUELYV9AMUC6,Purchase,Entertainment,128872.22,ARS,368.21,Web,,Teatro Nacional,,Argentina,Mendoza,Approved,00,False,27.16,,
TRX-Q062DFJ88AAINW1O3X6N,2026-05-28 11:20:14,2026-05-28,PRD-OULYZUQ46A7E,CLI-R15NOMQUCGYW,Transfer,,6815.83,USD,,Web,,,,México,Guadalajara,Approved,00,False,,,
TRX-78TNF8D6K4JTLFQJHMPN,2026-05-28 12:09:33,2026-05-28,PRD-OZL5G8VGCAW3,CLI-AZIGYB56VFUW,Withdrawal,,229.26,USD,,POS,,,,México,,Declined,51,False,14.55,0.6056654,0.7697961
TRX-LMM9C6YWHBVU2JFWDAZ2,2026-05-28 09:56:01,2026-05-28,PRD-6YI1RA2Z2VWO,CLI-556AX42YUR6K,Withdrawal,,80340.69,ARS,229.54,Web,,,,Argentina,Buenos Aires,Approved,00,False,,,
TRX-8HDD50AWTCAAUWKIXSV1,2026-05-28 17:12:50,2026-05-28,PRD-4NK59LS10LO0,CLI-6G11F3W5CDH7,Payment,Other,1021.72,USD,,App,,,,México,,Approved,00,False,23.24,,
TRX-GXMMFRN6IATKB8K1XRSP,2026-05-29 04:14:50,2026-05-28,PRD-QHMEYDNUI2YK,CLI-7P66HIUSVP6J,Payment,Services,368500.76,ARS,1052.86,Web,,,,Argentina,La Plata,Approved,00,False,9.17,,
TRX-KADPAFKISB8MY28TL13S,2026-05-28 11:30:49,2026-05-28,PRD-X9SKA41J3W64,CLI-23XZ1N5OJ9L0,Transfer,,1704834.21,ARS,4870.95,ATM,SUC-GKQAVGPP,,,Mexico,Puebla,Approved,00,False,28.13,-34.8795948,-58.9170212
TRX-2YCPRZKLTL3LVIZ1ZJ0F,2026-05-29 04:00:32,2026-05-28,PRD-OMAVF1QJ2QIX,CLI-AAOUS5QT6YMC,Withdrawal,,223.55,USD,,POS,,,,México,Puebla,Approved,00,False,9.98,-0.6753025,0.5833541
TRX-7WFQOQ5CZZLDDGFWRDG7,2026-05-28 23:02:19,2026-05-28,PRD-W7UY35008EKJ,CLI-AN56HM3V1TMR,Purchase,Services,50514.47,ARS,144.33,POS,,Servicios Públicos,Services,Argentina,,Approved,00,False,0.47,,
TRX-Y17FQILASAKR7IDV83M1,2026-05-28 17:33:04,2026-05-28,PRD-OR795X50W3NW,CLI-UPTIZV6SNCM0,Purchase,Services,160.39,USD,,Web,,Servicios Públicos,Services,México,,Approved,00,False,20.87,,
TRX-8WWTUWBQ7POHE38WWJ8A,2026-05-28 12:09:40,2026-05-28,PRD-60L5E3853ZCA,CLI-PR7GCEBG0487,Payment,Transport,2780689.62,COP,695.17,POS,,,,Colombia,Barranquilla,Approved,00,False,2.44,,
TRX-JF800IXN4MODAG8IVDKY,2026-05-28 12:15:14,2026-05-28,PRD-S4IILN21YEHR,CLI-G0YW8KSURXDR,Withdrawal,,635123.48,COP,158.78,ATM,SUC-UNXOS8JB,,,Colombia,Medellín,Approved,00,False,6.47,,
TRX-WJI92NUOBL66A3EH66Y7,2026-05-29 02:47:20,2026-05-28,PRD-NOAJ59OYVHTK,CLI-4S34R69C1DLF,Withdrawal,,1995957.62,COP,498.99,POS,,,,Colombia,Medellín,Declined,14,False,15.61,,
TRX-44XOERASYWSCPAY6GDER,2026-05-28 07:35:23,2026-05-28,PRD-LC8V9BI8TF8T,CLI-6DHLE88F1X0R,Payment,Health,447235.23,ARS,1277.81,Web,,,,Argentina,Rosario,Approved,00,False,18.14,,
TRX-DC8SO9SBGSPT70WQMAO7,2026-05-28 17:58:32,2026-05-28,PRD-EDLT4TRCPP5V,CLI-XRNQGNDAG0T3,Adjustment,,304.78,USD,,ATM,SUC-UV1CR4D5,,,México,Ciudad de México,Pending,51,False,,,
TRX-4NEYGUBL328ZQDTC08Z0,2026-05-28 08:04:22,2026-05-28,PRD-WUGHSZ05HKAO,CLI-Z4X1QGCYNU5U,Withdrawal,,354.67,USD,,Web,,,,México,Tijuana,Approved,00,False,,,
TRX-EI0YVAW2MM45HM3RQUCV,2026-05-28 11:00:27,2026-05-28,PRD-RIG5B8YABWZP,CLI-XUVVXQGKME2G,Deposit,,17428675.65,COP,4357.17,POS,,,,Colombia,Medellín,Approved,00,False,9.21,,
TRX-40K3EXDR4HVLBFSIS49C,2026-05-28 08:30:06,2026-05-28,PRD-NONDQVYHTA7J,CLI-UF23LD67ZNZE,Withdrawal,,126746.77,ARS,362.13,POS,,,,Argentina,Mendoza,Approved,00,False,19.48,-34.9576045,-57.4615964
TRX-7YYEXZ1CIXQJOCMI8SM8,2026-05-29 05:46:18,2026-05-28,PRD-M3P6E5VV9Q8M,CLI-POVNZVK3MZ03,Purchase,Health,180.18,USD,,ATM,,Óptica Visión,Health,México,Guadalajara,Approved,00,False,,,
TRX-QY086PNEDL6SP0YTOSK8,2026-05-28 06:41:42,2026-05-28,PRD-U9J0CEQZRR2C,CLI-OG784EEUAKCD,Purchase,Services,460.25,USD,,POS,,Empresa Telefónica,Services,México,Querétaro,Approved,00,False,25.2,,
TRX-Q9Y36RKDH59S2JOXC6A9,2026-05-28 07:01:44,2026-05-28,PRD-AZQMD8PBVE0T,CLI-W98CRKCIN3WI,Payment,Other,270.03,USD,,App,,,,México,Tijuana,Approved,00,False,29.18,,
TRX-8ISDQYOM8DT49QFVS844,2026-05-28 07:53:50,2026-05-28,PRD-FDWLO96GP3G7,CLI-737KIZQUG3UJ,Withdrawal,,637024.74,COP,159.26,Web,,,,Colombia,Bogotá,Approved,00,False,14.01,,
TRX-T0SH41DSW93JIQXLP2RA,2026-05-28 21:31:48,2026-05-28,PRD-CD23DYY1XHVR,CLI-7KRLWY6NO2QO,Withdrawal,,152.78,USD,,ATM,SUC-9L4T3P44,,,México,Ciudad de México,Approved,00,False,14.15,,
TRX-5CMCRWPBF8S0Q7CAVOF9,2026-05-29 00:17:49,2026-05-28,PRD-ZQRGJZTNGLOI,CLI-YYRI21RRQDXS,Withdrawal,,134331.8,ARS,383.81,ATM,SUC-F321UEME,,,Argentina,,Approved,00,False,0.49,,
TRX-WMM53DO7N5WMFNMKWF6L,2026-05-29 03:14:34,2026-05-28,PRD-Z3YKU0INRCK7,CLI-D5QMUKY0V8U7,Withdrawal,,607593.15,COP,151.9,POS,,,,Colombia,Cartagena,Approved,00,False,,,
TRX-5HRJIH4XFT36RB21NLFU,2026-05-28 20:34:30,2026-05-28,PRD-4HTYD7WA2FDJ,CLI-YZBU4HU9IEDH,Withdrawal,,117.75,USD,,POS,,,,México,Monterrey,Approved,00,False,5.3,,
TRX-2TS82WMZ4F3ASL95RBUG,2026-05-28 19:51:18,2026-05-28,PRD-ABYBYRKZP9IT,CLI-C2VT3HWA486V,Purchase,Entertainment,66467.97,ARS,189.91,Web,,Streaming Music,Entertainment,Argentina,Buenos Aires,Approved,00,False,24.03,,
TRX-Z6H88TZPAII5X2S9LKR9,2026-05-28 20:44:36,2026-05-28,PRD-K7933X9ARENA,CLI-HHYYZY7Q34IG,Purchase,Other,17653.27,ARS,50.44,ATM,SUC-UE04XBQH,Ferretería,Other,Argentina,Buenos Aires,Approved,00,False,7.65,,
TRX-SY8YLZV0C9LIZXXOH4D5,2026-05-28 22:23:06,2026-05-28,PRD-7VF2N67IGPLG,CLI-FWRAJPB5SKSC,Purchase,Services,476.97,USD,,POS,,Internet Plus,Services,México,,Approved,00,False,26.17,,
TRX-ADTTACIEZQ07Y1UD5I92,2026-05-28 20:39:20,2026-05-28,PRD-QQ8BKWL5K0Z1,CLI-HZLF4BCQ5P87,Payment,Food,7349357.25,COP,1837.34,ATM,SUC-YAQTMQ56,,,Colombia,Bogotá,Approved,00,False,3.97,4.2335855,-74.5486922
TRX-LRYWOQ7CCJEQFBVJY7V1,2026-05-28 23:23:29,2026-05-28,PRD-AZJP11M6E8UQ,CLI-X6LROD5MVHFF,Payment,Entertainment,517569.02,ARS,1478.77,Branch,SUC-4ICHM641,,,Argentina,Rosario,Approved,00,False,28.58,-34.462165,-59.3363531
TRX-SBNZWDM5LUL64WT20EJY,2026-05-28 12:54:57,2026-05-28,PRD-IGLK13BLW09Y,CLI-347B4Z795LL7,Purchase,Services,459.19,USD,,POS,,Empresa Telefónica,Services,Colombia,Bogotá,Approved,00,False,,,
TRX-H4YVFV5ROJR19WZX4CF9,2026-05-28 18:11:01,2026-05-28,PRD-3V5DJVUW74S0,CLI-XGOK9T00MRHO,Deposit,,1473404.86,COP,368.35,ATM,SUC-8UUCS42Y,,,Colombia,Cali,Approved,00,False,20.21,,
TRX-BHWG9H5O9PBGBAUDMXYQ,2026-05-29 00:21:36,2026-05-28,PRD-1SGE9WNS9QM1,CLI-PGLOM6QPMITO,Withdrawal,,484.16,USD,,ATM,,,,México,Puebla,Approved,00,False,25.22,0.8824095,-0.1257567
TRX-5U72WKV7EJJRVTUH0INI,2026-05-28 20:42:13,2026-05-28,PRD-BPJ2QJEFQTWY,CLI-OJV5GIDQTY43,Payment,Transport,3924740.42,COP,981.19,ATM,SUC-EMGR60PV,,,Colombia,Cali,Approved,00,False,19.11,,
TRX-9UM5VHKXGJ5O3AYVXGTO,2026-05-28 11:36:45,2026-05-28,PRD-936IV30XHP1H,CLI-N2Q703MZWPJJ,Purchase,Food,12102.24,ARS,34.58,ATM,SUC-RKWUVL31,Tienda Don José,Food,Argentina,La Plata,Approved,00,False,1.65,-34.7849127,-58.0977213
TRX-TTVCFVKXQRJUU6RCQTYS,2026-05-29 05:30:12,2026-05-28,PRD-UC7X6PK490ZY,CLI-VW6Y441PBXV2,Transfer,,936044.26,COP,234.01,ATM,SUC-U5SARN4H,,,Colombia,,Approved,00,False,12.15,4.4254967,-74.7849799
TRX-7QKIQLFSJ99A0YY00EH4,2026-05-29 00:57:10,2026-05-28,PRD-BV4G29J3N0TE,CLI-IAQC45U7VNC8,Transfer,,9885445.21,COP,2471.36,ATM,SUC-XPLAOSH4,,,Colombia,Cartagena,Approved,00,False,,,
TRX-NV91644PE2039LB5SBYY,2026-05-28 12:31:36,2026-05-28,PRD-2H7JOWE6FBKT,CLI-DIZIAOMN6SHF,Purchase,Other,47.99,USD,,POS,,Ferretería,,México,Tijuana,Approved,00,False,3.31,,
TRX-HCFRIFIWPMS5NHCIS8BQ,2026-05-28 10:05:20,2026-05-28,PRD-M0TI19M8GL12,CLI-8HAGOGQN2YXK,Transfer,,1176977.21,ARS,3362.79,POS,,,,Argentina,La Plata,Approved,00,False,5.35,,
TRX-HDUI7H53B00AX77OL15M,2026-05-28 11:47:07,2026-05-28,PRD-Q4VSU9UWQ2SS,CLI-PGF5AZZN4W1J,Deposit,,690493.81,ARS,1972.84,POS,,,,Argentina,Córdoba,Approved,00,False,11.69,,
TRX-R9JAS824LECMBKMRTDM5,2026-05-28 14:05:39,2026-05-28,PRD-T5Y5LG3BKR31,CLI-5O1FN2MVTN95,Adjustment,,365.61,USD,,App,,,,México,Tijuana,Approved,00,False,17.42,,
TRX-L6HS6G9LKTVBW39D0S7S,2026-05-28 15:21:39,2026-05-28,PRD-YAWN93D8Z0RA,CLI-UQDUFB56LWUK,Deposit,,1374.83,USD,,ATM,SUC-6V3PNVG9,,,México,Querétaro,Reversed,,False,19.58,0.2378823,0.5758455
TRX-H6Q02VK39ALK9S94V0NL,2026-05-28 18:26:43,2026-05-28,PRD-JNE8CZBT1T7T,CLI-I3ZDP1NBIIP7,Payment,Services,6302541.38,COP,1575.64,ATM,SUC-U7NNFMS6,,,Colombia,Medellín,Approved,00,False,1.48,5.2797151,-73.5042716
TRX-F31X79P6U0J8N1QNV6QS,2026-05-28 06:10:30,2026-05-28,PRD-TRPXB63CFBX6,CLI-NADEH6W17087,Payment,Food,484014.1,ARS,1382.9,ATM,SUC-GKQAVGPP,,,Argentina,Mendoza,Approved,,False,12.11,,
TRX-6VHBOZG2N1MV0P2ZMAKU,2026-05-28 06:26:24,2026-05-28,PRD-N0BJWE2E4RJL,CLI-MXJDGFU5U556,Deposit,,1701.07,USD,,POS,,,,México,,Approved,00,False,15.63,-0.7315169,0.3583334
TRX-IGKEGZX6EGDJ0LZWKWHC,2026-05-28 19:06:13,2026-05-28,PRD-ARJTQ1YT4ZLO,CLI-F8PZ2I0FYO1Y,Deposit,,57895.55,ARS,165.42,ATM,SUC-RKWUVL31,,,Argentina,Rosario,Approved,00,False,10.42,,
TRX-MS7T5BKE98R1CP7JHTFL,2026-05-28 19:50:10,2026-05-28,PRD-H0IYK1W0ADX6,CLI-GSF0CXRLU7SZ,Transfer,,38990793.97,COP,,Web,,,,Colombia,Barranquilla,Approved,00,False,27.43,,
TRX-7Y4OXHWZIO5K66S8RZZ6,2026-05-29 05:50:30,2026-05-28,PRD-PRLJ2AAY1C32,CLI-PSJRPMNW1EB8,Purchase,Health,374.15,USD,,POS,,Clínica Médica,Health,México,Puebla,Approved,00,False,14.67,,
TRX-YNZFT47YIBTPGACI2E41,2026-05-29 05:59:23,2026-05-28,PRD-47MNQD9VM3WP,CLI-7ZKW7JAS08C9,Transfer,,8671.8,USD,,Web,,,,México,Puebla,Approved,00,False,8.41,,
TRX-LTSXJR74I5ILB208O9Y1,2026-05-28 18:57:45,2026-05-28,PRD-QMNNM8D42N7D,CLI-KKES77A5CLQJ,Withdrawal,,1326801.96,COP,331.7,ATM,SUC-YH0U3LVW,,,Colombia,Cali,Approved,00,False,11.43,,
TRX-Q3DUPBMAGQGI3MO7MBQP,2026-05-28 19:52:59,2026-05-28,PRD-5UJYGTIS388J,CLI-Q2BSUBLO4PD1,Deposit,,132.15,USD,,App,,,,México,Ciudad de México,Approved,00,False,24.66,,
TRX-5PR8OSZKFCDCGCV6X6FU,2026-05-28 06:32:04,2026-05-28,PRD-UUUXLCLEM2O9,CLI-AX286M3OS9N3,Transfer,,4511.04,USD,,App,,,,México,,Approved,00,False,28.43,,
TRX-NILMJ4N3H058MZFSU5RU,2026-05-28 10:40:33,2026-05-28,PRD-UNPPLH8ISS02,CLI-45YJ1QS92KU9,Purchase,Food,285.07,USD,,ATM,SUC-QMYSBASD,Restaurante El Buen Sabor,Food,México,Ciudad de México,Approved,00,False,21.34,,
TRX-QS0WZ47XR2IYUWDVZJLP,2026-05-28 21:00:43,2026-05-28,PRD-QA51K4NC5WGB,CLI-RT391ZH31KNN,Withdrawal,,284.84,USD,,Web,,,,México,Monterrey,Approved,00,False,29.87,,
TRX-OFZSH0CYY5BCZBKDB3N1,2026-05-28 16:39:48,2026-05-28,PRD-1VG20HLU1OAA,CLI-4D38XBGGWLX9,Payment,Entertainment,636670.46,ARS,1819.06,POS,,,,Argentina,Mendoza,Approved,00,False,26.7,,
TRX-F7YZO0R9UQ7T19T9D85X,2026-05-28 23:32:59,2026-05-28,PRD-XHXXERALZUK0,CLI-QFGGFGU2R04G,Payment,Transport,1563.77,USD,,POS,,,,Brazil,Brasília,Approved,00,False,0.71,4.4175112,-73.1138294
TRX-TW658XSC2PBQPUKMNXJ9,2026-05-28 22:57:29,2026-05-28,PRD-7WV1NIMF4PU1,CLI-BYW0Y1WRJ98J,Withdrawal,,127405.72,ARS,364.02,App,,,,Argentina,La Plata,Approved,00,False,16.43,,
TRX-FOWNPK4A5FOAJGAOQTNC,2026-05-29 00:57:23,2026-05-28,PRD-QQQQ4T5CV0LF,CLI-R333952OYVF0,Payment,Transport,7588075.52,COP,1897.02,POS,,,,Colombia,Medellín,Approved,00,False,,,
TRX-WAAY94ZZ34CG88EAF1QD,2026-05-28 07:47:02,2026-05-28,PRD-4AFH0YCAKZ2E,CLI-MAHJ8ZXGYGVZ,Purchase,Entertainment,48062.58,COP,12.02,App,,Conciertos Live,Entertainment,Colombia,Bogotá,Approved,00,False,26.18,,
TRX-EUF309D3QP60IQOBY1BS,2026-05-29 00:07:32,2026-05-28,PRD-0YQHYVKIWD8J,CLI-EJWEV3HH94KV,Payment,Transport,1576.39,USD,,POS,,,,México,Querétaro,Approved,00,False,25.4,-0.4929754,-0.6878823
TRX-9T7C0IMSHH74WF6C2M6H,2026-05-28 10:36:55,2026-05-28,PRD-0R9M0CABVB5W,CLI-88J8QKP76VKR,Withdrawal,,43768.87,ARS,125.05,POS,,,,Argentina,Rosario,Approved,00,False,9.52,,
TRX-ETH5OGD7CIGK1DWQACHZ,2026-05-29 04:54:11,2026-05-28,PRD-QP6F64CE489P,CLI-FBEX0G97417D,Payment,Services,2949197.75,COP,737.3,POS,,,,Colombia,Barranquilla,Approved,00,False,18.15,,
TRX-A9GG1WUM86ZRJUI3DZMK,2026-05-28 12:35:03,2026-05-28,PRD-RO9H99DD5D9W,CLI-MEU0MQSZLTCH,Payment,Services,1272.33,USD,,ATM,SUC-4B1UVBW3,,,Colombia,Cali,Approved,00,False,1.68,,
TRX-EOA6RL0BM46231GK9QRS,2026-05-28 15:43:20,2026-05-28,PRD-JM2QSODUTKBV,CLI-A1T1MQGTI98C,Payment,Transport,321.99,USD,,App,,,,México,Guadalajara,Approved,00,False,,,
TRX-JZ8VCUUOP9MJ03L2W2OO,2026-05-28 14:26:22,2026-05-28,PRD-PAJ70620D7D6,CLI-M2AD7L6JIS42,Purchase,Health,91.93,USD,,ATM,SUC-QL08OUL0,Óptica Visión,Health,México,Tijuana,Approved,00,False,7.23,0.5802438,0.2503444
TRX-5SH5ZGGBN1XFAJC2PA62,2026-05-28 09:49:10,2026-05-28,PRD-DOB92YCZ4F3G,CLI-590AJI92UF45,Payment,Transport,7331309.18,COP,1832.83,Web,,,,Colombia,Bogotá,Reversed,14,False,26.56,,
TRX-WQ7V6Z4LDK2GGJGX3TLX,2026-05-28 07:04:54,2026-05-28,PRD-AM4ZY4R8XPFD,CLI-EB10UTVQ4TG5,Withdrawal,,219.88,USD,,App,,,,México,Ciudad de México,Approved,,False,7.9,,
TRX-4LMBYWJAT1YL3J1CM398,2026-05-28 12:18:52,2026-05-28,PRD-YCCX5JT219AT,CLI-P7LWT778XQ0C,Withdrawal,,468.6,USD,,POS,,,,México,Ciudad de México,Approved,00,False,11.17,-0.215741,0.4417032
TRX-FOA6RN727B4CGPJZEKAB,2026-05-29 03:14:17,2026-05-28,PRD-5R3JXYLLSS31,CLI-SZ8UWVA2FQK9,Transfer,,4295.72,USD,,App,,,,Colombia,Barranquilla,Approved,00,False,3.08,,
TRX-MK931Z1NF3M8MTKCTPZF,2026-05-28 10:26:04,2026-05-28,PRD-9UL14WO0P6MO,CLI-I5VLXQ7LXI8V,Deposit,,805570.79,ARS,2301.63,POS,,,,Argentina,Mendoza,Approved,00,False,13.36,,
TRX-KNMLLY4IK30BMDADT04T,2026-05-28 10:03:50,2026-05-28,PRD-S0I04TIJMZI1,CLI-Q6PCCBJTCCWA,Transfer,,5766.31,USD,,POS,,,,Argentina,Rosario,Approved,,False,22.35,,
TRX-LW3FL0GG7BC0V84TL4TC,2026-05-28 16:38:22,2026-05-28,PRD-XJHE22F287SA,CLI-8C6KW9NG21E8,Deposit,,4153.74,USD,,POS,,,,México,Puebla,Approved,00,False,22.59,,
TRX-RIC7WQBJWB7IA8YXIAOP,2026-05-28 07:07:48,2026-05-28,PRD-I2UMW2X7FEHE,CLI-6516CFF21J3D,Purchase,Transport,114.39,USD,,ATM,,Uber,Transport,México,Monterrey,Approved,00,False,29.61,-0.0423494,0.0527869
TRX-UVHSB7SOS8FJ7NZ9PWLU,2026-05-28 14:14:44,2026-05-28,PRD-41XCX9O5UVSE,CLI-DEJTKLWZKEBI,Transfer,,7322.83,USD,,POS,,,,México,,Approved,00,False,16.59,,
TRX-FCSG810C5QD5GK1QNWDV,2026-05-28 23:01:09,2026-05-28,PRD-X0707I1JDVN3,CLI-CQ6XFX1AUGD2,Deposit,,3514.2,USD,,POS,,,,México,Guadalajara,Approved,00,False,18.8,,
TRX-GV64CO9R3TC9WF5VGIHC,2026-05-28 18:24:31,2026-05-28,PRD-ZOWFI9VTLKYX,CLI-D94XZP738G3D,Withdrawal,,108.47,USD,,ATM,SUC-RZNFZDVW,,,México,Tijuana,Approved,00,False,27.21,,
TRX-MSPEZGEU867LRENZNNY0,2026-05-28 18:55:57,2026-05-28,PRD-0D3IBZY1PIO4,CLI-D3CR9MJ4FMDP,Purchase,Transport,1412259.51,COP,353.06,Web,,Uber,Transport,Colombia,Medellín,Approved,00,False,11.15,,
TRX-DHO33JUG5L6LA3IZ6RUI,2026-05-28 07:35:15,2026-05-28,PRD-24MYH7270II6,CLI-MHNCYZWYPB5Q,Payment,Services,1393.77,USD,,ATM,SUC-033KHYS2,,,México,Puebla,Approved,00,False,12.08,,
TRX-VNOZB6FUH8BJ1EOXWQP3,2026-05-28 20:29:57,2026-05-28,PRD-MDD2Q04VDBN6,CLI-0D0DEXTW2486,Withdrawal,,32515.34,ARS,92.9,POS,,,,Argentina,La Plata,Approved,00,False,21.42,,
TRX-8C7NH5GX46NG39FJVAM9,2026-05-28 20:45:41,2026-05-28,PRD-77DE6S1FTVLK,CLI-1F00I1JGQ4FX,Purchase,Entertainment,459.06,USD,,POS,,Streaming Music,Entertainment,México,Tijuana,Approved,00,False,1.17,,
TRX-6SHRU3B5MRDFF85GZ2SX,2026-05-28 10:53:54,2026-05-28,PRD-PMOGDB5JS3RF,CLI-4VOFLUB6IUO6,Withdrawal,,11671.21,ARS,33.35,Web,,,,Argentina,Córdoba,Approved,00,False,7.13,,
TRX-95BQZT1GUO64NV35K6D7,2026-05-29 00:59:40,2026-05-28,PRD-NDT2RBWFCU0S,CLI-4P4ZTB0QZF3F,Deposit,,4188545.95,COP,1047.14,Web,,,,USA,New York,Approved,00,False,13.52,,
TRX-ASBRB87LQ1E7FCMBXXZM,2026-05-28 22:39:13,2026-05-28,PRD-YS3ZXH97GXW8,CLI-FTZBDSJDT046,Deposit,,1957.6,USD,,Web,,,,México,,Approved,00,False,,,
TRX-0BPJHRU6FBUP8742GM1I,2026-05-28 13:03:56,2026-05-28,PRD-8W5S629VTNED,CLI-SJT4E9QNSOA9,Payment,Food,1050.3,USD,,POS,,,,México,Guadalajara,Approved,00,False,25.01,,
TRX-XRNE21L7VK09DLNO2TEZ,2026-05-28 21:41:29,2026-05-28,PRD-0O3Z4G7ESO7Y,CLI-KJ9GSSJLJPAZ,Payment,Services,1177.41,USD,,ATM,SUC-SDXPHMG4,,,México,Monterrey,Approved,00,False,8.79,,
TRX-NHRU5JYHRJADZZW6NLSQ,2026-05-29 05:04:47,2026-05-28,PRD-4PLCHZQ3DHZA,CLI-IIHX5KF1ZQLK,Transfer,,10470720.31,COP,2617.68,App,,,,Colombia,Bogotá,Approved,00,False,22.62,,
TRX-LE79Q45RXDAXLYSF05RH,2026-05-28 06:43:02,2026-05-28,PRD-IXQ0FOM5EGFG,CLI-X903D2USJ0YF,Withdrawal,,840197.4,COP,210.05,ATM,SUC-6W9D0ZPD,,,Colombia,Cartagena,Declined,51,False,16.68,,
TRX-N7QWITPJXO9RQNK35QMP,2026-05-28 08:51:46,2026-05-28,PRD-N6D264RVFJUS,CLI-NTHGHPIFGV26,Purchase,Transport,815869.08,COP,203.97,POS,,Uber,Transport,Colombia,Bogotá,Approved,00,False,14.71,,
TRX-WSD4U2DG9G5PUN42NZJN,2026-05-29 01:42:53,2026-05-28,PRD-J2RJI82CIMZ5,CLI-YB10DK152W80,Transfer,,5268.88,USD,,ATM,SUC-3JIR51SL,,,USA,Miami,Approved,00,False,10.8,,
TRX-NGFL0R3NIW0A21SCIZAG,2026-05-29 01:41:53,2026-05-28,PRD-KPIU33BCKAD0,CLI-WKT3AVFQ5CJ1,Withdrawal,,50019.96,ARS,142.91,POS,,,,Argentina,La Plata,Approved,00,False,2.01,-35.4622546,-59.1120674
TRX-0M5A21H2K9ZGSL2AB2DK,2026-05-28 07:30:27,2026-05-28,PRD-BUNBE8BNFVZ6,CLI-T4ENICU4TB6N,Purchase,Food,304.95,USD,,POS,,Super Ahorro,Food,México,Ciudad de México,Approved,00,False,12.11,-0.8777019,0.9118426
TRX-5FWVWID8D4JJ60EBGYQP,2026-05-28 22:15:30,2026-05-28,PRD-CKIMM4H3XBRS,CLI-Y4VKINZ6PX3O,Deposit,,4036113.64,COP,1009.03,POS,,,,Colombia,,Approved,00,False,7.53,,
TRX-EE0Q155CDOKQ22TKONHG,2026-05-28 12:01:52,2026-05-28,PRD-ZKTFNNVNHOQL,CLI-PGLM6R3AHDNP,Purchase,Other,250.16,USD,,Web,,,Other,México,Monterrey,Approved,00,False,13.56,,
TRX-KHE8VQEN5V1AP2D562D7,2026-05-28 14:47:51,2026-05-28,PRD-ZGU8Z48UR8Y9,CLI-PBP69RWCGPR0,Deposit,,1779.65,USD,,POS,,,,México,Querétaro,Declined,54,False,3.26,,
TRX-DX6IO3GXID1DF9H92K4X,2026-05-29 00:27:36,2026-05-28,PRD-6WHDWBHWWQX8,CLI-VO39DFC2N2F3,Purchase,Food,97.1,USD,,POS,,Super Ahorro,Food,México,Monterrey,Approved,,False,7.49,,
TRX-IIIN5M2TNYK0JJLRSL5C,2026-05-28 11:11:55,2026-05-28,PRD-0FE2APZ3BC0X,CLI-9S40YA6NZO28,Purchase,Food,279.34,USD,,POS,,Restaurante El Buen Sabor,Food,México,Tijuana,Approved,00,False,,,
TRX-Y80988YQEAIHBQB8DWRT,2026-05-29 01:52:24,2026-05-28,PRD-F6LK70TXSGQV,CLI-GBDWNZ81AJBN,Deposit,,1602.68,USD,,Web,,,,México,Guadalajara,Approved,00,False,13.16,,
TRX-ZH7I1PO7C4YJLIEJ1IOU,2026-05-28 13:23:35,2026-05-28,PRD-Q4BMQPVMA9J8,CLI-0P2ZTMWTNBLI,Deposit,,4342.29,USD,,ATM,SUC-P65ZGVH3,,,México,Tijuana,Approved,00,False,1.35,,
TRX-YWKRTO6RZ3WAW95I9ER7,2026-05-28 20:56:18,2026-05-28,PRD-01EKO7RNHKO2,CLI-GCQPW28D1AL4,Purchase,Entertainment,328597.67,COP,82.15,ATM,SUC-8AM4U1NU,Teatro Nacional,Entertainment,Colombia,Cali,Approved,00,False,,,
TRX-TU99TL7ORZWZR3JH63X4,2026-05-28 22:23:02,2026-05-28,PRD-GMRF5U240MON,CLI-5LWN36505N96,Payment,Food,95891.86,ARS,273.98,POS,,,,Argentina,,Approved,00,False,29.11,,
TRX-SZZBZOE9BQV1YJRYDRDJ,2026-05-28 22:39:04,2026-05-28,PRD-9600O7EI3M0X,CLI-C9FYUHLZ3SFQ,Withdrawal,,71659.37,ARS,204.74,App,,,,Argentina,,Approved,00,False,27.96,,
TRX-D684F8EG7SD449CF6JPY,2026-05-28 17:27:06,2026-05-28,PRD-WLUJQW9UYSO7,CLI-8VOWENZOIDR1,Payment,Food,849.08,USD,,Web,,,,México,Tijuana,Pending,14,False,4.23,,
TRX-AJP563SITNXMZQ6AX4H6,2026-05-29 01:42:30,2026-05-28,PRD-UV59B0AILZVK,CLI-ZMYQCWRO8H21,Purchase,Entertainment,178.51,USD,,POS,,Conciertos Live,Entertainment,México,Monterrey,Approved,00,False,17.94,0.3628759,-0.6404686
TRX-2LHL4EFDJ24RBVEFOPIX,2026-05-29 03:51:08,2026-05-28,PRD-SQQY3R1ZGKOX,CLI-DGVYIDCVG76Q,Transfer,,1513662.92,ARS,4324.75,POS,,,,Argentina,Córdoba,Approved,00,False,,,
TRX-XYFUAUSBFI4BXR77EOH0,2026-05-28 13:51:23,2026-05-28,PRD-5LVKLRP10OWH,CLI-SSZ2WV75MZR3,Withdrawal,,385.06,USD,,POS,,,,México,Querétaro,Approved,00,False,,,
TRX-AQ12UG1V5W2YIIZM65ES,2026-05-29 00:50:17,2026-05-28,PRD-KBKLU6BNKD8N,CLI-H92LHD22N66Y,Purchase,,454638.67,COP,113.66,ATM,SUC-JA4P9IIP,Estación de Servicio,Transport,Colombia,Bogotá,Approved,00,False,27.41,,
TRX-A3OI083KKT9DAX7Q9CAF,2026-05-28 06:24:04,2026-05-28,PRD-5BK7VMDDUJJQ,CLI-X8LO61MRD18K,Purchase,Food,51.49,USD,,POS,,Mercado Central,Food,México,Querétaro,Approved,00,False,,,
TRX-1JPFYR033RZ9ERKERGQI,2026-05-28 23:45:38,2026-05-28,PRD-HJICEI87V47R,CLI-CZDHYPO2L8TR,Payment,Transport,888513.65,COP,222.13,App,,,,Colombia,Barranquilla,Approved,00,False,,,
TRX-XDW1FAXUNBYSH46FLR68,2026-05-28 20:38:17,2026-05-28,PRD-767M50NY69PN,CLI-V1BYX5ZYG7MP,Purchase,Food,1650917.96,COP,412.73,POS,,Tienda Don José,Food,Colombia,,Approved,00,False,,,
TRX-42HJQP0XLI4ULUMDBO8Z,2026-05-29 04:49:00,2026-05-28,PRD-QGQQBJ4DK2OI,CLI-039UB4L6O2VJ,Deposit,,3797.16,USD,,App,,,,México,Tijuana,Approved,00,False,,,
TRX-4QIX44CFQNE6YJ2ADRZT,2026-05-28 08:26:50,2026-05-28,PRD-PNH0PCI01T1L,CLI-MNFRQQ4QD79O,Purchase,Entertainment,1494768.02,COP,373.69,POS,,Streaming Music,Entertainment,Colombia,,Approved,00,False,12.77,,
TRX-OKFXFRW71XBQUTHYZNGI,2026-05-28 07:10:14,2026-05-28,PRD-6QR1GJLMZMKF,CLI-D5UV4V1K3DN2,Deposit,,2137.33,USD,,ATM,SUC-9J6GQRJ4,,,México,Monterrey,Approved,00,False,5.52,,
TRX-7B1OOFOK9XEPHPQBXGJX,2026-05-29 03:46:46,2026-05-28,PRD-JXCLSOXXOY85,CLI-3WKXIPQDUWQD,Adjustment,,405.31,USD,,ATM,SUC-8XAGRKOC,,,México,Monterrey,Declined,51,False,18.77,,
TRX-V8PN9YDITIGUQFT7X0ML,2026-05-28 14:34:28,2026-05-28,PRD-H9564XUQXOBC,CLI-IPDK3M3LLKCM,Withdrawal,,634761.5,COP,158.69,POS,,,,Colombia,Cali,Approved,00,False,21.7,,
TRX-11CKMEEYFZSWG92PXQI1,2026-05-28 19:25:34,2026-05-28,PRD-JUCEKJ7MBF14,CLI-7RGVFV3ANN6D,Payment,Health,272364.41,ARS,778.18,POS,,,,Argentina,Mendoza,Approved,00,False,23.09,-35.4534739,-59.170602
TRX-0XVF252JY1AC706F2PHX,2026-05-28 06:00:28,2026-05-28,PRD-R4GHRYRDGFVQ,CLI-QX31K75G6Y1L,Withdrawal,,830175.73,COP,207.54,App,,,,Colombia,Barranquilla,Approved,00,False,27.29,,
TRX-Z31Z4VJBB2DELNOU8FMM,2026-05-29 03:07:19,2026-05-28,PRD-F2X7QLX8F8N6,CLI-JLCVG9O46ZIN,Purchase,Services,231.04,USD,,POS,,Empresa Telefónica,Services,México,Ciudad de México,Approved,00,False,27.25,,
TRX-DIUV7AP55PMKIARD4A1I,2026-05-29 05:32:50,2026-05-28,PRD-U5E7X4W6DGIL,CLI-PZA6YS5B9GRE,Withdrawal,,80.26,USD,,ATM,SUC-JDSJM3BZ,,,México,Guadalajara,Approved,00,False,26.89,0.7534268,-0.6861626
TRX-HFHTH8B7BWW8Y8FZ1KPQ,2026-05-29 05:17:02,2026-05-28,PRD-BFJE5E9NF5SS,CLI-SRFKMHUUNRPW,Deposit,,1611820.51,COP,402.96,ATM,SUC-85YWBJ74,,,Colombia,Medellín,Approved,00,False,6.54,,
TRX-JEVNINUFVIAB7ECAEG3M,2026-05-29 04:37:10,2026-05-28,PRD-MUKQV31LFIPP,CLI-SOCI9YCIWMNJ,Deposit,,3681.91,USD,,POS,,,,México,Monterrey,Approved,00,False,25.66,-0.7249344,-0.8882482
TRX-SODCKXO234GMMUP8J1CJ,2026-05-28 17:31:39,2026-05-28,PRD-EU7GJ1H82ZX9,CLI-CDGJE8SODAZR,Withdrawal,,77.92,USD,,POS,,,,México,Puebla,Approved,00,False,23.82,,
TRX-EHZ0J4W3RM5SNAMUJSYR,2026-05-29 00:39:09,2026-05-28,PRD-A94PPS3OE4XB,CLI-910NZVDI5TW2,Purchase,Food,240.15,USD,,ATM,SUC-SDXPHMG4,Restaurante El Buen Sabor,Food,México,,Approved,00,False,,,
TRX-K832S716F8Z0ZDK4DGP9,2026-05-28 21:58:24,2026-05-28,PRD-B4MDKYPYN70B,CLI-NNZQ6I2ZT3IM,Purchase,Transport,244.61,USD,,ATM,SUC-8GXP9TIM,Gasolinera Express,Transport,México,Querétaro,Approved,00,False,7.37,,
TRX-2U0FMT1LVCLB2HXMND6F,2026-05-28 23:11:07,2026-05-28,PRD-32K2EP2K894L,CLI-T9OCQ498O8JQ,Withdrawal,,253.76,USD,,Transfer,,,,México,Ciudad de México,Approved,,False,,,
TRX-3MV25BFNV5C4PYB44MOY,2026-05-29 01:02:47,2026-05-28,PRD-7XJ5AKZNR5JV,CLI-BTHO9TGJDB68,Purchase,Health,8999.29,ARS,25.71,POS,,Clínica Médica,Health,Argentina,La Plata,Approved,00,False,,,
TRX-5B9QE7X2B6GY5SL40431,2026-05-28 08:00:14,2026-05-28,PRD-EQLM7GJ29ZUD,CLI-W9582508EHCR,Payment,Services,214.33,USD,,POS,,,,México,Querétaro,Declined,14,False,19.74,,
TRX-I7W9YBIO8N2517DP9FZN,2026-05-29 01:24:24,2026-05-28,PRD-FHDZXUFUHKNU,CLI-PGLM6R3AHDNP,Withdrawal,,194.66,USD,,POS,,,,México,Monterrey,Approved,00,False,28.38,-0.4012137,0.6613686
TRX-301CTCWIZPCXNIYZNZEJ,2026-05-29 04:05:01,2026-05-28,PRD-FVAG1PJW058Y,CLI-ZY0VEAR78XS1,Payment,Health,1371.33,USD,,Web,,,,México,Querétaro,Approved,,False,11.02,,
TRX-KL9ZU33LZ7UH52IRZCGR,2026-05-28 16:26:01,2026-05-28,PRD-SB4VZ0MMT4OZ,CLI-CGCWSS2ARUBT,Transfer,,5042.9,USD,,POS,,,,Argentina,Buenos Aires,Approved,00,False,11.19,-34.737144,-57.9547629
TRX-5VNP5FK0QRSSI8BP4DVE,2026-05-29 05:26:49,2026-05-28,PRD-CX5936XYQ40N,CLI-PUC3SY2OL5HN,Withdrawal,,1134331.42,COP,283.58,ATM,SUC-E1VTXGEU,,,Colombia,Bogotá,Approved,00,False,26.96,,
TRX-Z09ZMJVHFB58C2L3DKXZ,2026-05-28 21:27:57,2026-05-28,PRD-XX6LHX4YXTT3,CLI-WVIJ0QA3DLVK,Adjustment,,409.4,USD,,App,,,,México,Querétaro,Approved,00,False,15.38,,
TRX-C93WX6PZUQ7C7TVZRB3W,2026-05-28 19:30:55,2026-05-28,PRD-WPI6YP8GFGNC,CLI-SKG1ZYVYCWSL,Withdrawal,,70.97,USD,,POS,,,,México,Querétaro,Reversed,51,False,5.22,,
TRX-XTI7QP6RGZO90ZSOCVVT,2026-05-28 12:45:25,2026-05-28,PRD-UEX0DQS25T5B,CLI-XFRYO11HHXII,Payment,Transport,497299.24,ARS,,POS,,,,Argentina,Buenos Aires,Approved,00,False,2.71,,
TRX-MFYZ86JOLUZY90KFEUKH,2026-05-28 14:12:20,2026-05-28,PRD-6FUDYDGYKPIF,CLI-KTSPOT471M3O,Purchase,Transport,475.97,USD,,POS,,Uber,Transport,México,Querétaro,Approved,00,False,10.82,,
TRX-4S7RISGW1EHW2H223ROP,2026-05-29 01:50:54,2026-05-28,PRD-0EX0YHF3PHUQ,CLI-VFP9JADCFDCN,Withdrawal,,1072827.27,COP,268.21,ATM,SUC-9FWCAJXI,,,Colombia,,Approved,00,False,11.2,,
TRX-2JJ1FXWFKOPVCEADWME3,2026-05-28 19:41:50,2026-05-28,PRD-HGKOLIMQV5F5,CLI-CLRGIV1UE0NS,Withdrawal,,260630.9,COP,65.16,ATM,SUC-6NKYKKQR,,,Colombia,Medellín,Pending,54,False,9.57,,
TRX-YTEF3VI9O2L1USQA5OEG,2026-05-28 08:22:33,2026-05-28,PRD-MTCWKISGRC1E,CLI-ILCYUZN0Q43M,Deposit,,3741.28,USD,,POS,,,,México,Guadalajara,Approved,00,False,8.43,-0.1665408,-0.5552474
TRX-SXCWP6BHWJN9OSGDA7QI,2026-05-29 01:01:09,2026-05-28,PRD-RGBL7KSHTPBR,CLI-9JH731IECW1W,Transfer,,1248.61,USD,,App,,,,México,Querétaro,Approved,00,False,,,
TRX-IGNB7JNV5FZUW441O3AY,2026-05-28 08:32:15,2026-05-28,PRD-K35WYITF8X82,CLI-P3EKMPCO7S79,Payment,Other,176.35,USD,,Branch,SUC-5FCLNF9U,,,México,Ciudad de México,Approved,00,False,15.08,,
TRX-JSTRA1DAOFNHQL6LB3BI,2026-05-29 00:34:24,2026-05-28,PRD-TU6NQ3Y0W6EX,CLI-4VL2TA1SUHIH,Transfer,,5078.23,USD,,POS,,,,Argentina,La Plata,Approved,00,False,2.96,-34.9111568,-59.3258485
TRX-BDXIAZYI4RIMHYTPB7UK,2026-05-28 12:50:23,2026-05-28,PRD-72U5ZOTP4QGT,CLI-OH1CONGTW5I8,Deposit,,1238.95,USD,,Web,,,,México,Ciudad de México,Approved,00,False,21.05,,
TRX-O3YNTXBVWADCGOA4EEUR,2026-05-28 21:35:52,2026-05-28,PRD-MCAY6NJLV9NE,CLI-6JB4HL0A6UBR,Purchase,Services,247.19,USD,,ATM,SUC-N8LPAX0U,Internet Plus,Services,México,Querétaro,Approved,00,False,1.39,-0.3662913,
TRX-23YSXQMFSCC8CHTDVXT4,2026-05-29 01:33:19,2026-05-28,PRD-JLKT7IJVA57O,CLI-R7BLE1VGW7H6,Payment,,286485.64,ARS,818.53,ATM,SUC-7HQXDYLE,,,Argentina,Buenos Aires,Approved,,False,16.63,-34.1086966,-59.1486482
TRX-ACL68VHJE633VRDB1ET9,2026-05-29 03:46:08,2026-05-28,PRD-N6NH3DAAQGBA,CLI-AHL7ZSHHTUU8,Payment,Services,225727.9,ARS,644.94,ATM,SUC-ZVFW3M23,,,USA,Miami,Approved,,False,,,
TRX-VE6VUGN0B1QX9MWGJ1ES,2026-05-29 01:31:15,2026-05-28,PRD-BWGHTD653BWE,CLI-L9FDOFHDWOBO,Purchase,Transport,378.93,USD,,Web,,Gasolinera Express,Transport,México,Querétaro,Approved,00,False,,,
TRX-60PZG8IQK8W03VH8FK91,2026-05-28 18:54:53,2026-05-28,PRD-87AQHKNY56XB,CLI-ZTJNTR9K4TN8,Payment,Health,1212.49,USD,,ATM,SUC-84HXKY7Q,,,Colombia,Medellín,Approved,00,False,4.16,,-73.5238631
TRX-1XWGC70309RBUFO45Q53,2026-05-28 23:24:05,2026-05-28,PRD-KZTVTQSNCRKW,CLI-ZTKK9EUERHH2,Adjustment,,935.95,USD,,App,,,,Colombia,Cali,Approved,00,False,10.26,,
TRX-MX1ZZ1YDWLD6FE8I3S5Y,2026-05-29 03:58:59,2026-05-28,PRD-6GV9Q4TVDAPW,CLI-ZYK41PN4FTY0,Purchase,Other,467327.33,COP,116.83,ATM,SUC-UNXOS8JB,Tienda General,Other,Colombia,Barranquilla,Declined,54,False,5.56,5.6424825,-75.0225634
TRX-07P100SOTAO734WASJHK,2026-05-28 07:27:06,2026-05-28,PRD-CXSHDKBIHUI8,CLI-341NPK6OUYAR,Withdrawal,,358.75,USD,,Web,,,,México,Guadalajara,Approved,00,False,11.17,,
TRX-58515P1PEFR844M3EDVN,2026-05-28 10:14:05,2026-05-28,PRD-MHTI8QBSZAM0,CLI-8V4YCRC5DKXS,Purchase,Entertainment,351.68,USD,,App,,Conciertos Live,Entertainment,México,Tijuana,Approved,00,False,27.46,,
TRX-HRSRDTKK2L610OM8GSWD,2026-05-28 14:39:51,2026-05-28,PRD-06W3PVJBMFC4,CLI-XKQIF7TRUITV,Deposit,,4512.05,USD,,POS,,,,México,Tijuana,Approved,00,False,9.55,,
TRX-4JMNJZZXV6BBP0X1DYIR,2026-05-28 09:36:22,2026-05-28,PRD-5ZGGSNRKNJ0E,CLI-6KFF38ELJQDD,Deposit,,4572.66,USD,,Web,,,,México,,Approved,00,False,25.25,,
TRX-OIKAQCPGXSJ07X53IDKL,2026-05-28 19:56:44,2026-05-28,PRD-82EF2TQJ41I1,CLI-ED49SIPZ88VN,Withdrawal,,56306.59,ARS,160.88,ATM,SUC-C1OF9350,,,Argentina,Buenos Aires,Approved,00,False,17.99,,
TRX-AOQDTYQ3W9RSIHRKDA65,2026-05-28 10:06:46,2026-05-28,PRD-FBITH3TXDQ9L,CLI-4SHKC7PO8YN9,Withdrawal,,440.57,USD,,ATM,SUC-EN5GYCON,,,México,Ciudad de México,Approved,00,False,26.28,,
TRX-J79JP90U73HS2VL9U2SY,2026-05-29 04:09:32,2026-05-28,PRD-IMLTPEZH1HFP,CLI-TP1QXI0QZID9,Transfer,,18823097.95,COP,4705.77,App,,,,Colombia,Cali,Approved,00,False,,,
TRX-Q504XCTL62USKSTULOEC,2026-05-29 05:19:13,2026-05-28,PRD-E5VHSVCQYVY8,CLI-22W5AK8PSGRG,Purchase,Food,986504.47,COP,,Web,,Mercado Central,Food,Colombia,Barranquilla,Approved,00,False,10.7,,
TRX-RTJ9N6Q0NQ6SGD6PCQ6Q,2026-05-28 06:20:17,2026-05-28,PRD-CA90OIQDUB7S,CLI-P2M0XC9RLO4E,Deposit,,4365.13,USD,,App,,,,México,Puebla,Approved,00,False,15.87,,
TRX-GG93V8RQOSZBLPSHXDYD,2026-05-28 19:54:07,2026-05-28,PRD-J01JVX3TA8LF,CLI-9QJPYIIBRFO1,Payment,Food,2518703.51,COP,629.68,POS,,,,USA,Houston,Approved,00,False,5.76,,
TRX-LK3K91X9SGP7JLKTO3B8,2026-05-29 02:11:44,2026-05-28,PRD-AMCNAQMNPNUZ,CLI-UBK4EXBO6R75,Withdrawal,,491.92,USD,,ATM,SUC-7G8CGE3F,,,México,,Approved,00,False,1.01,-0.9574529,0.7157421
TRX-0HTHUT72UKWO2WE9YSI0,2026-05-28 13:19:12,2026-05-28,PRD-TK3986Q3QYX4,CLI-NEC3X43AL3QF,Purchase,Food,60659.83,ARS,173.31,Web,,Restaurante El Buen Sabor,Food,Argentina,Buenos Aires,Approved,00,False,26.44,,
TRX-AX5GOPBD9ALBT5HHK2JD,2026-05-28 16:05:09,2026-05-28,PRD-YSOYU9TNIJA3,CLI-2P4YV26NUHI9,Deposit,,2783281.75,COP,695.82,Web,,,,Colombia,Bogotá,Approved,00,False,3.26,,
TRX-A2XN5U1M6318BKNUV6B1,2026-05-29 05:17:19,2026-05-28,PRD-74O85GMSCEO0,CLI-4839NW7N3LSN,Payment,Entertainment,597789.98,ARS,1707.97,Web,,,,Argentina,Mendoza,Approved,00,False,4.18,,
TRX-DSZQV2V5AMP33KRLL1K6,2026-05-28 17:06:25,2026-05-28,PRD-L84UNAY7AI3V,CLI-6I2ZP7WV3TNS,Deposit,,903590.62,ARS,2581.69,POS,,,,Argentina,Rosario,Approved,00,False,12.25,-33.6739839,-58.5620573
TRX-Y79T619C264W9XD70NIQ,2026-05-29 02:01:33,2026-05-28,PRD-EPLMQSINFIPK,CLI-L39F64HT79M5,Payment,Services,430786.21,COP,107.7,Web,,,,Colombia,Barranquilla,Approved,00,False,,,
TRX-M5MB3K2DUJZ0N55XAD9H,2026-05-28 22:08:05,2026-05-28,PRD-IAL8CI3YFNN5,CLI-QHURY7KZ6LLQ,Purchase,Transport,1675754.92,COP,418.94,ATM,SUC-A1FLMPEF,Uber,,Colombia,Barranquilla,Declined,51,False,8.47,5.0194793,-74.6583465
TRX-AWY7VEUZJMSQUW9K1UES,2026-05-28 18:11:23,2026-05-28,PRD-5VGLNNLYVT5J,CLI-BID80D4XVFIF,Deposit,,3337.97,USD,,App,,,,México,Guadalajara,Approved,00,False,11.67,,
TRX-UN066AYVVJMSGJWSNNZ3,2026-05-28 17:54:10,2026-05-28,PRD-NUTKJVYSHP4R,CLI-EXGG9REQ39NV,Withdrawal,,1526328.99,COP,381.58,ATM,SUC-KJBGVLU5,,,Colombia,Cartagena,Approved,00,False,2.32,5.3275839,-74.0446875
TRX-9Y17UI4MPS2E2PTWP8F1,2026-05-28 15:22:19,2026-05-28,PRD-3CMUP6DTNJCG,CLI-ONAGSMMQMHGG,Payment,Transport,720.8,USD,,App,,,,México,Ciudad de México,Approved,00,False,,,
TRX-88Q3RNCAHPKOZ4R576GM,2026-05-28 06:58:09,2026-05-28,PRD-3LGJX8AX1NTM,CLI-2TA0KH08CMBB,Deposit,,696.31,USD,,ATM,SUC-RZNFZDVW,,,México,,Approved,00,False,22.67,,
TRX-IOF1TV35GMQG1SVWYLD0,2026-05-28 07:20:02,2026-05-28,PRD-DR26DKUP6FDF,CLI-I1ATNO2JFETT,Payment,Food,409142.77,ARS,1168.98,ATM,SUC-F321UEME,,,Argentina,Mendoza,Approved,00,False,20.47,,
TRX-791LJZ4TGF1Y404LXZJW,2026-05-28 18:29:24,2026-05-28,PRD-JKMIZHPQ42H1,CLI-LU3LHFRQRQWK,Purchase,Other,214.36,USD,,Web,,Ferretería,Other,México,Guadalajara,Approved,00,False,2.84,,
TRX-ZGNE2ZOP4239QG2F62FL,2026-05-29 02:58:37,2026-05-28,PRD-6NURK4LRKPAN,CLI-RLMJUSI3NRLG,Withdrawal,,101338.02,ARS,289.54,ATM,SUC-TUCFOESJ,,,Argentina,Buenos Aires,Approved,00,False,0.44,,
TRX-280Z1EF88X6UWQNS12Y6,2026-05-28 11:29:32,2026-05-28,PRD-JIUMQYTLQ6TH,CLI-0O419B1KVKVN,Withdrawal,,722435.5,COP,180.61,Branch,,,,Colombia,Barranquilla,Approved,00,False,23.46,,
TRX-CPP1CB4O7R73TKKS59EO,2026-05-28 11:18:01,2026-05-28,PRD-FRWK2VTBWDHJ,CLI-9DK79BZZ8TBJ,Withdrawal,,96251.39,ARS,275.0,POS,,,,Argentina,La Plata,Approved,00,False,12.54,,
TRX-UQY58WIS7VA0ZGJ8CDVP,2026-05-28 23:18:48,2026-05-28,PRD-CH3NILULVRL2,CLI-92O2BG8PI2QB,Withdrawal,,123736.03,ARS,353.53,POS,,,,Argentina,Córdoba,Approved,00,False,,,
TRX-83695E72LB17MTRFFBUK,2026-05-29 02:43:55,2026-05-28,PRD-E9EPUK4A7FTX,CLI-ZQGNXURSX4AW,Withdrawal,,473633.05,COP,118.41,ATM,SUC-P44GDIDS,,,Colombia,Cartagena,Approved,00,False,0.67,,
TRX-3BYUT5GDXKTYEQARSSPF,2026-05-29 03:51:41,2026-05-28,PRD-R58NW6H8PAQN,CLI-COC1B3VFKA3Z,Purchase,Entertainment,475.02,USD,,POS,,Cine Premium,Entertainment,México,Ciudad de México,Pending,51,False,4.77,,
TRX-A1RNAMRZ12XDD343ARYR,2026-05-28 17:39:24,2026-05-28,PRD-ZYZ5ZG98HOFL,CLI-5YZPTTW2YQ63,Payment,Transport,1114.8,USD,,ATM,,,,México,Tijuana,Approved,,False,9.96,,
TRX-1OG3OY2W2N6PZ2JIWDKB,2026-05-28 08:07:47,2026-05-28,PRD-KW4XRBXVPXZ5,CLI-97WH4JERNC4R,Withdrawal,,26569.33,ARS,75.91,POS,,,,Argentina,,Approved,00,False,9.75,,
TRX-9FPM37MBQA6D6IQDPZ4K,2026-05-29 01:36:20,2026-05-28,PRD-BLOUJV2Q7GJC,CLI-LF022MAIE99C,Deposit,,3057.78,USD,,ATM,SUC-12NKB9OB,,,México,Ciudad de México,Pending,14,False,,,-0.5405384
TRX-2ZYXW7HIDJ71Y6NK4XAV,2026-05-29 02:06:29,2026-05-28,PRD-XA103TK92T9R,CLI-9Y1B5C1DY2RN,Transfer,,28045931.96,COP,7011.48,POS,,,,Colombia,,Approved,00,False,18.55,5.4244954,-74.0773422
TRX-L040DD21R5U7Q6N390H9,2026-05-28 21:28:12,2026-05-28,PRD-GI7KY5090B8D,CLI-7LI7MTJAIVX0,Transfer,,6831.13,USD,,ATM,SUC-KI33JLSV,,,México,Tijuana,Approved,00,False,21.89,,
TRX-O274NDNRXKXK1HAZ1ECO,2026-05-28 12:52:57,2026-05-28,PRD-6ROL4N84LLUR,CLI-83VCRCX0OD8A,Withdrawal,,1764173.7,COP,441.04,POS,,,,Colombia,,Approved,00,False,11.95,4.3236735,-73.9371296
TRX-ZYNM0NGEDMRLUOTPGMGD,2026-05-28 23:03:06,2026-05-28,PRD-QW6XPT1TVXFR,CLI-VMNCEFXERTUG,Withdrawal,,335.49,USD,,POS,,,,México,Puebla,Approved,00,False,21.76,,
TRX-EVOBJJG2DP115C4W95CG,2026-05-28 18:01:40,2026-05-28,PRD-D8GOCCK6HVF8,CLI-KXK25ELXRMGA,Withdrawal,,756266.68,COP,189.07,ATM,SUC-GHHYX8OE,,,Colombia,Bogotá,Approved,00,False,16.51,,
TRX-PZUI7WARD8PON67AASEI,2026-05-28 17:22:30,2026-05-28,PRD-XXFHSQYLIMXF,CLI-GAFKDOMYF11J,Payment,Food,1628.12,USD,,POS,,,,México,Ciudad de México,Approved,00,False,0.26,,
TRX-MBDSSJFF7PPZJYI6V4V3,2026-05-29 03:03:40,2026-05-28,PRD-6BJ1BSJ9UP1T,CLI-2TPMOVBCVIVQ,Deposit,,61.25,USD,,App,,,,México,Tijuana,Pending,51,False,22.95,,
TRX-PP5EATNSBQL6EXGXKODR,2026-05-28 17:35:27,2026-05-28,PRD-22NL3VK5JJJ7,CLI-TPUVBOPXU695,Purchase,Other,435.12,USD,,POS,,Centro Comercial,Other,México,Querétaro,Approved,00,False,10.76,,
TRX-83MAECYBJX2QV45C9DLN,2026-05-28 17:57:14,2026-05-28,PRD-58K2KVAK785L,CLI-5PNRBCZAKOV1,Transfer,,6826.41,USD,,ATM,SUC-U3Q69OLV,,,USA,Los Angeles,Approved,00,False,,,
TRX-N9BX28ZHSKVQ8Q9FFX9D,2026-05-28 08:39:41,2026-05-28,PRD-R7MGU5693E6A,CLI-XZBWQ94XSHE5,Withdrawal,,22.19,USD,,App,,,,México,Monterrey,Approved,00,False,20.2,,
TRX-ZDI8QGAKXUX4IXZU16E7,2026-05-28 13:16:54,2026-05-28,PRD-6LTENT8P3VJA,CLI-5K9DLGT24M6Z,Purchase,Transport,1833729.4,COP,458.43,Web,,Taxi Seguro,Transport,Colombia,Bogotá,Approved,00,False,23.25,,
TRX-0C3G00TE9JPZA2LRUS3R,2026-05-29 05:51:32,2026-05-28,PRD-3RD6ZJ61VK18,CLI-DLFFTBRRW5LL,Deposit,,766045.74,ARS,2188.7,Web,,,,Argentina,Rosario,Approved,00,False,,,
TRX-DG2SBKOUBT7J7XRGGEPQ,2026-05-28 06:12:52,2026-05-28,PRD-9MWQKMLFOZBV,CLI-B2I98JRVXG5Y,Purchase,,145907.12,ARS,416.88,POS,,Ferretería,Other,Argentina,Buenos Aires,Approved,00,False,22.43,-35.3223547,-58.8726704
TRX-78IE4M2ETO3W7S25RYKY,2026-05-28 22:28:13,2026-05-28,PRD-HADWIJ8XWALL,CLI-O2AS8TK1GC6P,Withdrawal,,123.28,USD,,POS,,,,Argentina,Mendoza,Declined,54,False,13.71,,
TRX-H0A8JZUONY1EM9STDRU5,2026-05-29 04:55:21,2026-05-28,PRD-PA899YWSVICP,CLI-E8CI0QBYXJEG,Deposit,,6008880.44,COP,1502.22,POS,,,,Colombia,Cartagena,Approved,00,False,0.79,,
TRX-H3ZGZEK86MQ3A6M3TIKL,2026-05-28 09:57:21,2026-05-28,PRD-QG3EJTZ5CWIB,CLI-MP8PN3WWIXVB,Payment,Food,621.33,USD,,App,,,,México,,Approved,00,False,13.9,,
TRX-6AAD7I175W5VL38VTMB6,2026-05-28 18:20:10,2026-05-28,PRD-CIU7YVOI2803,CLI-H01X4CWW3X4V,Payment,Food,639.95,USD,,Web,,,,México,Monterrey,Approved,00,False,,,
TRX-U1CCHSXMYCFZ70ZGWHKG,2026-05-28 19:17:50,2026-05-28,PRD-L8YWN7JW40VN,CLI-9I8B7WD9IRC2,Withdrawal,,351.08,USD,,App,,,,México,Guadalajara,Approved,00,False,13.34,,
TRX-J20O4DYS8TBGQG8Y98NG,2026-05-29 03:43:18,2026-05-28,PRD-X9GBR519QK4V,CLI-12QUMKAQQS22,Purchase,Food,35.0,USD,,POS,,Mercado Central,Food,México,Querétaro,Approved,,False,,,
TRX-EUVA00OTFR6SEDJA3LSM,2026-05-28 07:57:20,2026-05-28,PRD-UUUVJ9JSKOB8,CLI-BRY0O5E5TR76,Transfer,,3809171.21,COP,952.29,POS,,,,Colombia,Barranquilla,Declined,05,False,19.52,,
TRX-M8V8TEUVUG7F6J3L44EO,2026-05-28 08:53:54,2026-05-28,PRD-3VTZ117YJH02,CLI-F3130VGC4JO4,Payment,Food,1298379.79,COP,324.59,Transfer,,,,Colombia,Barranquilla,Approved,00,False,1.47,,
TRX-C1672YV8YB6OTDM7EB2E,2026-05-28 08:59:13,2026-05-28,PRD-BFTSE9OWCU26,CLI-QFGJI9VBBQ3I,Withdrawal,,127.9,USD,,ATM,SUC-CUMTPAM3,,,México,Monterrey,Declined,05,False,10.13,,
TRX-7B9R1E1VO20R14E0IR77,2026-05-28 16:15:01,2026-05-28,PRD-F8O2Z3LRGM86,CLI-53P1BS2F64MR,Transfer,,2416226.48,ARS,6903.5,POS,,,,Argentina,,Declined,14,False,6.25,-34.3462726,
TRX-S3LPYM6QZY8LSKE9PCBP,2026-05-28 08:25:04,2026-05-28,PRD-ASO2Z0EMK77P,CLI-35G44DJIK2U9,Purchase,Services,845707.09,COP,211.43,POS,,Servicios Públicos,Services,Colombia,Cali,Approved,00,False,14.11,,
TRX-G1PNLGQ43O8B6DEJ2G9J,2026-05-29 02:44:34,2026-05-28,PRD-K9ZXJK7RPXLW,CLI-HXQ9WPS6U0E9,Purchase,Food,268.01,USD,,Branch,SUC-NBZZWX8W,Tienda Don José,Food,México,Guadalajara,Declined,,False,25.82,,
TRX-T9WMZ4PUD7TFW1802F0D,2026-05-29 04:19:36,2026-05-28,PRD-G1WEK4N6Y89A,CLI-MFNA5U5YUOJ8,Purchase,Health,255395.33,COP,63.85,POS,,Óptica Visión,Health,Colombia,Cartagena,Approved,00,False,,,
TRX-1SJFLIKL9WZNJZZRO1ZK,2026-05-29 04:48:19,2026-05-28,PRD-O2A2LXO6I29M,CLI-WNIWRTAG5EVI,Deposit,,4887.5,USD,,POS,,,,Colombia,Cartagena,Pending,51,False,,,
TRX-J699OIDPNK9CGM2P3OHS,2026-05-28 23:03:15,2026-05-28,PRD-7O7U5IG5BPDY,CLI-SKV5WIWKZ0IS,Withdrawal,,1228780.33,COP,307.2,ATM,SUC-6NKYKKQR,,,Colombia,Cali,Approved,00,False,,,
TRX-T3V81AWNQNWRVCBE93KK,2026-05-29 00:06:04,2026-05-28,PRD-QSXO56P36FKG,CLI-EBQZU0LEWHZI,Transfer,,4942.04,USD,,POS,,,,México,Monterrey,Approved,00,False,27.07,,
TRX-LTHK6N5JXPX2GLBXO2MB,2026-05-28 18:37:46,2026-05-28,PRD-ATEEKFH7KN9E,CLI-DVBSRCHKD9OV,Purchase,Transport,1678757.22,COP,419.69,POS,,Gasolinera Express,Transport,Colombia,Cali,Approved,00,False,19.76,,
TRX-EQM9UDTQ1LEWEGX1ORVN,2026-05-28 06:33:47,2026-05-28,PRD-H3NVKFA8YBQX,CLI-YYJ8XFUEGWQ9,Transfer,,9850.47,USD,,POS,,,,México,Querétaro,Approved,,False,,0.5892131,0.7603914
TRX-WWWNR6CE9O4W37S1KFHP,2026-05-28 12:12:27,2026-05-28,PRD-EWAR7Z5R0TTJ,CLI-X6ALXE4VO0EK,Payment,Other,1732.46,USD,,POS,,,,México,Tijuana,Approved,00,False,3.3,0.766072,-0.5397867
TRX-14FDVVP26B61NBZQSZDF,2026-05-28 17:09:38,2026-05-28,PRD-5K8TWJVLFHGY,CLI-PTLU5JV9JYKY,Transfer,,1509300.75,ARS,4312.29,POS,,,,Argentina,Córdoba,Approved,00,False,0.62,,
TRX-BUIGTMKCSAYZU6I3ACTI,2026-05-28 22:43:59,2026-05-28,PRD-LNNYZL7Y3CKY,CLI-2UP1SB435M6Y,Transfer,,8260.0,USD,,POS,,,,Argentina,Córdoba,Approved,00,False,20.02,-35.4888566,-58.4398653
TRX-0GNZB1YN2LO0SDLVY2GO,2026-05-28 18:02:07,2026-05-28,PRD-ZIPNZ6012GQ9,CLI-D80IJW5MR4IS,Transfer,,26112575.71,COP,6528.14,POS,,,,Colombia,Barranquilla,Approved,00,False,15.82,4.4222319,-74.8582657
TRX-HA1N5EXHGQ99C1VJBIX4,2026-05-28 16:30:36,2026-05-28,PRD-8NIMZG9X7V64,CLI-E3SKBMD2TLGB,Transfer,,3099.89,USD,,POS,,,,México,Querétaro,Declined,14,False,3.39,0.3710094,0.6359604
TRX-I1EHQN8FLS1WS5Z7X2KU,2026-05-29 05:45:52,2026-05-28,PRD-X07GAP5FW7JW,CLI-FT0I732NIQPI,Purchase,Food,230.48,USD,,Branch,SUC-9J6GQRJ4,Tienda Don José,Food,México,Tijuana,Approved,00,False,7.98,,
TRX-F9IUOK128UI6X06NR8T2,2026-05-28 15:45:40,2026-05-28,PRD-TUGHYHKJDTBJ,CLI-KJJN3WZQ9C8Y,Transfer,,8926.19,USD,,POS,,,,México,Guadalajara,Approved,00,False,1.78,-0.859581,0.6568644
TRX-UO4DXLYBVTPS4FE43XHP,2026-05-29 00:11:02,2026-05-28,PRD-B00YMS2A68QD,CLI-K8R7JYM80FTD,Withdrawal,,1024777.55,COP,256.19,Branch,SUC-DH7PDUA6,,,Colombia,Barranquilla,Approved,00,False,7.17,,
TRX-RYG50PF3YWE3L3LJDLPH,2026-05-29 01:57:21,2026-05-28,PRD-9U0YUDS3GFBW,CLI-9VYE5B9QOCBU,Withdrawal,,51.34,USD,,POS,,,,México,Tijuana,Approved,00,False,,,
TRX-P9OEPIZOLRKPY5T1DMJ7,2026-05-28 07:56:07,2026-05-28,PRD-Y6ZP1Q37TX8P,CLI-3YTP0SQXYJN1,Payment,Entertainment,430.37,USD,,POS,,,,México,Puebla,Approved,00,False,,,
TRX-75VKO8434DN6SKQR3W0S,2026-05-29 05:44:59,2026-05-28,PRD-GPFZYZ8SXSMO,CLI-2UP1SB435M6Y,Transfer,,3087982.64,ARS,8822.81,App,,,,Argentina,Córdoba,Approved,00,False,,,
TRX-FWX6XP0JHK0ORYHX3VQS,2026-05-28 22:42:46,2026-05-28,PRD-NNMKOWH31CN9,CLI-I6RS8Z9ELMAC,Purchase,Other,31.7,USD,,Web,,Tienda General,Other,USA,Miami,Approved,00,False,22.49,,
TRX-4NFEFK9ZF2UAGXOGNBOV,2026-05-28 15:08:25,2026-05-28,PRD-DX01B0JO3R45,CLI-9MHZZ95CLN69,Purchase,Transport,96456.89,ARS,275.59,Branch,SUC-RNIHGBDP,Gasolinera Express,Transport,Argentina,,Approved,00,False,16.64,-34.0341271,-57.9805014
TRX-VWMXK8IK76YXR1ZSHUUC,2026-05-29 05:56:55,2026-05-28,PRD-U4ATR4UYK56C,CLI-ZCOB91O10DNA,Deposit,,160.08,USD,,Web,,,,México,,Approved,00,False,13.44,,
TRX-BTC9WQZM44ZBXKWHO6DB,2026-05-29 03:38:14,2026-05-28,PRD-VAIQLVCS1MMW,CLI-FBU21DZ0LC6U,Payment,Food,234.08,USD,,ATM,SUC-9L4T3P44,,,México,Tijuana,Approved,00,False,0.03,,
TRX-BE2T4YJYOTW4YROTLZ5I,2026-05-28 18:50:59,2026-05-28,PRD-9XDDOP3L831N,CLI-46YQH8H6RDOO,Purchase,Entertainment,1339149.97,COP,334.79,Web,,Streaming Music,Entertainment,Colombia,Barranquilla,Approved,00,False,28.37,,
TRX-U27E49PU7E2RJCKXILBB,2026-05-28 21:21:33,2026-05-28,PRD-JX88FLUWIPTI,CLI-S4FPTOW62LC6,Withdrawal,,346.35,USD,,POS,,,,USA,Los Angeles,Approved,00,False,12.3,,
TRX-TKJ218R6QQQKJR8FQ7K8,2026-05-29 02:04:45,2026-05-28,PRD-4G7BOTQZPDYQ,CLI-FTOLV7MR4TLS,Transfer,,2989015.86,ARS,8540.05,ATM,SUC-RAI81ICG,,,Argentina,Rosario,Approved,00,False,14.23,-34.2761949,-58.0925643
TRX-GGNHA7K7C4584VP2M7Y3,2026-05-28 18:45:38,2026-05-28,PRD-BTS4PXO70ZIN,CLI-CNPMEAQ0WMG6,Purchase,,1222619.5,COP,,ATM,,Super Ahorro,Food,USA,New York,Approved,00,False,18.65,,
TRX-L9K2AA9OVIU6UPZ1I1M9,2026-05-28 22:05:20,2026-05-28,PRD-4VRNN7LO4A00,CLI-DOQN0CKQUH63,Payment,Health,4367394.46,COP,1091.85,POS,,,,Colombia,Cali,Approved,00,False,25.34,,
TRX-F7G3UGX80IERYCDVIDS0,2026-05-29 02:56:31,2026-05-28,PRD-5CZSZWKQEVG0,CLI-60AC9QJBPHPA,Withdrawal,,136284.14,ARS,389.38,App,,,,Argentina,Mendoza,Approved,00,False,,,
TRX-UP3AT3Q72E8IYZEVXHB1,2026-05-28 20:55:42,2026-05-28,PRD-0C8QH8ZUPVNT,CLI-X7NEA7STU88L,Transfer,,2435271.16,ARS,6957.92,Branch,SUC-QZP6DNTL,,,Argentina,Buenos Aires,Approved,00,False,29.95,,
TRX-O29UFTX4D528FN3KY162,2026-05-28 20:36:12,2026-05-28,PRD-EKEMZGB5Q94N,CLI-9I3E81PPAX8M,Purchase,Other,1536262.77,COP,384.07,Branch,SUC-8AM4U1NU,Centro Comercial,Other,Colombia,Barranquilla,Approved,00,False,,,
TRX-T967LIMBRXAO7Q8AV56D,2026-05-28 20:42:51,2026-05-28,PRD-K7CVFM8EK04Q,CLI-IXW14SM1BKF0,Deposit,,4857.1,USD,,Web,,,,México,,Approved,00,False,,,
TRX-QN3A9X86YCH0T8LO7LL1,2026-05-28 10:07:22,2026-05-28,PRD-0Z267R4GKW9O,CLI-LGM0G2KS2JUP,Purchase,Services,139.41,USD,,Web,,Empresa Telefónica,Services,México,Querétaro,Approved,00,False,29.28,,
TRX-264EBRNPJ1K3QC0RA8R3,2026-05-28 08:17:09,2026-05-28,PRD-G587P5MY2EXJ,CLI-H8Y2YM1MES43,Purchase,Entertainment,241.09,USD,,ATM,SUC-KYUNO9E0,Streaming Music,Entertainment,México,Monterrey,Approved,00,False,,0.7584137,0.4167593
TRX-X5BMFLKJW6S74LWUSZSI,2026-05-28 17:02:59,2026-05-28,PRD-RDA6NAGWDJ7C,CLI-VW125YK8224Z,Payment,Services,1090.0,USD,,POS,,,,México,Tijuana,Approved,00,False,,,
TRX-TW3XZ2EA3AV75IF5LNWS,2026-05-28 22:35:44,2026-05-28,PRD-3XM610095T3I,CLI-J4R1R5JAB5VG,Purchase,Food,302.31,USD,,Web,,Restaurante El Buen Sabor,Food,México,Monterrey,Approved,00,False,18.64,,
TRX-P1FKFCKK3XMS3DUS7CBL,2026-05-28 09:46:47,2026-05-28,PRD-J74XD7M931FP,CLI-XA7WGJJS8RQO,Adjustment,,511.33,USD,,POS,,,,México,Puebla,Approved,00,False,4.28,,
TRX-HIX27GTRW1QTYVLXGXO3,2026-05-29 00:16:09,2026-05-28,PRD-WSQCJPQ3R99Q,CLI-QY2TBMGKPOCB,Deposit,,293.33,USD,,ATM,SUC-XAEWUJQS,,,México,Ciudad de México,Approved,00,False,11.15,0.1964563,0.8284221
TRX-HBTZE34YI8FMB93I0YOK,2026-05-28 21:55:35,2026-05-28,PRD-5VLT46AW7NTD,CLI-VL4CP5ZKD2B7,Purchase,Other,246272.54,COP,61.57,ATM,SUC-DLYE60QN,Centro Comercial,Other,Colombia,Medellín,Approved,00,False,26.79,,
TRX-MFHX8BWPO4D1HOJQJBCP,2026-05-28 07:48:03,2026-05-28,PRD-TUV1LGR1J3J2,CLI-LA2BONJ3P0GO,Withdrawal,,340.27,USD,,POS,,,,USA,Houston,Approved,00,False,17.97,-0.5017897,-0.1153966
TRX-OK6KHCOQ724L4FIB8GH6,2026-05-28 12:07:58,2026-05-28,PRD-JJM4X6F3EWCG,CLI-HG9UNJ8OOWT4,Purchase,Food,418.47,USD,,ATM,SUC-Z39EOE70,Super Ahorro,Food,México,Guadalajara,Approved,00,False,25.85,-0.9483434,-0.6251087
TRX-91PDR2JJ6ZT3FWPMZ39A,2026-05-28 19:35:49,2026-05-28,PRD-3WUHFUR4510Z,CLI-2KE4X7NFJE0Y,Purchase,Transport,34.94,USD,,ATM,,Estación de Servicio,Transport,México,Guadalajara,Approved,00,False,16.92,,
TRX-EH8Z3HUH0ERBHTUXMSKY,2026-05-28 09:11:50,2026-05-28,PRD-RKOJFG6VFO7A,CLI-YPU49UAPRRKO,Transfer,,2421.95,USD,,POS,,,,México,Monterrey,Approved,00,False,,,
TRX-CYX6X4G9NSZPIFX5VYYR,2026-05-28 17:53:46,2026-05-28,PRD-ZT3WZOM7Q14V,CLI-YVN063C74GYZ,Withdrawal,,237822.19,COP,59.46,POS,,,,Colombia,Bogotá,Approved,00,False,24.44,,
TRX-D6LL31AA6EK1BZGWG05K,2026-05-28 17:08:06,2026-05-28,PRD-347XGU9ZVS5N,CLI-YCS3CGJRTB6R,Deposit,,13770014.06,COP,3442.5,POS,,,,Colombia,Bogotá,Approved,00,False,18.59,,
TRX-RVUX4USEJS0DJBK59B5R,2026-05-29 00:45:12,2026-05-28,PRD-0MB2IKOOGOMY,CLI-KND7UEEHYHSG,Payment,Transport,7750226.38,COP,1937.56,ATM,SUC-U7NNFMS6,,,Colombia,Medellín,Approved,00,False,,,
TRX-9CLU13POKNU2CY8ESEYS,2026-05-28 22:28:48,2026-05-28,PRD-IDRQXO0CDU93,CLI-4KQ4SJD5C1I8,Purchase,Entertainment,446.73,USD,,Web,,Cine Premium,Entertainment,Argentina,Mendoza,Pending,14,False,,,
TRX-DT3N21MYTXP3SDPEW0HR,2026-05-28 23:05:33,2026-05-28,PRD-NNSNUY5AKRQK,CLI-8VA858BEQFYM,Purchase,Other,320.55,USD,,ATM,SUC-XSMNXFJN,Ferretería,Other,México,Puebla,Approved,00,False,,,
TRX-8QDAMWP1WA4ZDSMZXEXF,2026-05-29 03:31:23,2026-05-28,PRD-2YOC7EDQJTF7,CLI-SG53FWBVA4SN,Transfer,,1470.87,USD,,POS,,,,México,Puebla,Approved,00,False,28.87,-0.5991786,
TRX-Z00MAKK0NKUEMCGNIM2M,2026-05-28 08:55:17,2026-05-28,PRD-6RDDEBWHF2BM,CLI-8FS8IILABNC6,Deposit,,2772.12,USD,,ATM,SUC-SDXPHMG4,,,México,Guadalajara,Approved,00,False,10.18,0.551155,0.9677597
TRX-5854X7OAKPHKHAK8NGR0,2026-05-29 00:26:12,2026-05-28,PRD-KO7Z9KRCB2U1,CLI-YV2H1DTAWQRO,Withdrawal,,278.81,USD,,ATM,SUC-1AT6YUKJ,,,México,Tijuana,Approved,00,False,27.06,,
TRX-7CG012RNWTR2K0A4DGPP,2026-05-29 05:48:59,2026-05-28,PRD-S36ASIJNMLCL,CLI-DJHOMQ7J4J6P,Purchase,Food,154969.83,ARS,442.77,ATM,SUC-46JOBFMX,Super Ahorro,Food,Argentina,Córdoba,Approved,00,False,0.8,,
TRX-TU6FBTQ8N1RMV6H0BIXW,2026-05-29 02:30:49,2026-05-28,PRD-P7K6G5JF2YF5,CLI-0NAPR4Y0LULZ,Purchase,Entertainment,1711345.67,COP,427.84,Transfer,,Cine Premium,Entertainment,Colombia,Barranquilla,Approved,00,False,13.58,,
TRX-2C61F5EFGK1936B1WF54,2026-05-29 00:28:20,2026-05-28,PRD-KF846E7SFBEG,CLI-2HKYWJ1AM2LJ,Deposit,,745867.64,ARS,2131.05,ATM,SUC-O09F6PWJ,,,Argentina,Rosario,Approved,00,False,2.52,,
TRX-FQX7DWOI38Q88Y9F1OKC,2026-05-28 21:54:39,2026-05-28,PRD-BOURIAZ97OQR,CLI-OM8T5LW8F733,Purchase,Health,378.1,USD,,POS,,Farmacia Salud,Health,México,Guadalajara,Declined,54,False,,,
TRX-TIENUW8AB0BAWRRF7UPU,2026-05-28 23:44:41,2026-05-28,PRD-M36C16WU4OXM,CLI-6519GPPQQ9CZ,Deposit,,686828.49,ARS,,ATM,,,,Argentina,Córdoba,Approved,00,False,,,
TRX-WKXBS279WOOPZVVZ0YJK,2026-05-28 13:31:32,2026-05-28,PRD-3RSCQUJMMQXE,CLI-RG7G1A2OXLX3,Purchase,Other,23968.79,COP,5.99,Web,,Tienda General,Other,Colombia,Medellín,Approved,00,False,,,
TRX-1X66HCZER9UO2QE7YE2C,2026-05-28 06:49:49,2026-05-28,PRD-68CPS6DD4R34,CLI-GH8JBUYWA658,Payment,Other,6501260.08,COP,1625.32,Web,,,,Colombia,Medellín,Approved,00,False,24.42,,
TRX-Z8LZBYPYI9HV5PRNVQXW,2026-05-28 23:44:01,2026-05-28,PRD-96PQ15SJMW3T,CLI-8WDCCMRNCFZ4,Purchase,Health,1679391.29,COP,419.85,App,,Farmacia Salud,Health,Colombia,Cartagena,Approved,00,False,0.87,,
TRX-B9SIVHV22J151KUFA4K3,2026-05-28 10:21:40,2026-05-28,PRD-C0ZPGFIPUGBZ,CLI-RYKY4HSRCKA4,Withdrawal,,347.61,USD,,POS,,,,México,Tijuana,Approved,00,False,10.79,-0.5848781,0.8678344
TRX-ITIEIE9XVUPIRFMIUWBJ,2026-05-28 22:38:19,2026-05-28,PRD-ZIII4DUPVR2N,CLI-8EOMXJAILGAA,Transfer,,1183425.86,ARS,3381.22,ATM,SUC-SX32177B,,,Argentina,Mendoza,Approved,00,False,22.09,,
TRX-VL448EEDJVNQ9YBEP0F5,2026-05-28 06:47:50,2026-05-28,PRD-0EIKFLJD8RDU,CLI-3BDI5XW039AA,Withdrawal,,350.41,USD,,POS,,,,México,Querétaro,Approved,00,False,13.54,,
TRX-QRSJYKIR3TGLMNYIVG8Y,2026-05-28 20:35:21,2026-05-28,PRD-GF6I1O5MZEKX,CLI-H3JJG3FJT04Y,Transfer,,32334360.65,COP,8083.59,App,,,,Colombia,Medellín,Approved,00,False,3.89,,
TRX-KM83L856S1S5TEB0IYMU,2026-05-28 13:29:06,2026-05-28,PRD-R4BL83P4AUX7,CLI-8EOEO2RU725C,Deposit,,1536.89,USD,,Web,,,,México,Puebla,Approved,00,False,6.77,,
TRX-DASBL5HH4OOMMSXVLWV0,2026-05-28 14:52:16,2026-05-28,PRD-A324VVWCDMFY,CLI-PTIKDDOG2I96,Withdrawal,,81017.78,ARS,231.48,App,,,,Argentina,Córdoba,Approved,00,False,8.3,,
TRX-SXR9I6JXKB40Q4F09372,2026-05-28 22:28:22,2026-05-28,PRD-9GUIRSTCB7T1,CLI-DS0HD76MPV28,Withdrawal,,413.38,USD,,POS,,,,México,Tijuana,Approved,00,False,14.66,0.9420826,-0.7427523
TRX-WL0RJRRUPMZ6E6A3V1O9,2026-05-28 12:14:20,2026-05-28,PRD-SARSKPX9XM5L,CLI-EXPPCHCE2N98,Transfer,,4842.78,USD,,App,,,,México,,Approved,00,False,27.57,,
TRX-U4B3GES0KS4ZPI6GOJ17,2026-05-28 20:32:00,2026-05-28,PRD-7TXGY5PLSVQF,CLI-3YAFDFSJCU3L,Transfer,,2617874.07,ARS,7479.64,ATM,SUC-115U74JL,,,Argentina,Rosario,Pending,14,False,24.61,,
TRX-821XZD3D8NHJUGVFEXYA,2026-05-28 13:34:56,2026-05-28,PRD-UJPPHQQGQG9V,CLI-TDB15ZVD28ZR,Transfer,,9983.52,USD,,POS,,,,México,,Approved,00,False,15.88,,
TRX-ONVLKC3LTHJ3NE8WA9QL,2026-05-29 00:33:01,2026-05-28,PRD-1XJH5JSZDTM9,CLI-28AO6JUHSZSO,Purchase,Other,1011979.77,COP,252.99,Web,,Ferretería,Other,Colombia,Bogotá,Approved,00,False,,,
TRX-RYXU79CXAVHT866641H6,2026-05-28 07:39:34,2026-05-28,PRD-0RMNEGQUVEBH,CLI-0CZG7O4H0MV6,Transfer,,6605.79,USD,,App,,,,México,,Approved,00,False,15.75,,
TRX-9BAFTHM2QU7VJKX30CTU,2026-05-28 08:00:51,2026-05-28,PRD-5QK0OT7OR015,CLI-IREVNX60TQNB,Withdrawal,,181.11,USD,,App,,,,México,Puebla,Approved,00,False,2.45,,
TRX-TA1ZVG33IV39KAVUSDUU,2026-05-28 19:58:30,2026-05-28,PRD-AO6CU6Q1GHXV,CLI-46UWU6SQ6VCY,Purchase,Entertainment,339.28,USD,,ATM,SUC-SKR8GS10,Conciertos Live,Entertainment,México,,Approved,00,False,23.26,,
TRX-TVRKV71Y1ITS8OUUYNNW,2026-05-29 03:51:53,2026-05-28,PRD-2QIP15E094GQ,CLI-OM6LHCHUO82J,Purchase,Transport,879184.02,COP,219.8,Web,,Taxi Seguro,Transport,Colombia,Cali,Approved,00,False,,,
TRX-AUF07R97830YXDP35LQG,2026-05-28 22:18:55,2026-05-28,PRD-JU051JIHB0LM,CLI-I577SUFSV6JN,Transfer,,9768.57,USD,,ATM,SUC-HVN55QJQ,,,México,Puebla,Approved,00,False,5.48,,
TRX-8T275ZGMHMVE1GSPRUP6,2026-05-28 14:52:17,2026-05-28,PRD-UK2GUMMCWLNA,CLI-6DSU8PD3ITRT,Transfer,,6433.4,USD,,ATM,SUC-CBGK7VQE,,,Colombia,Cali,Approved,00,False,13.61,,
TRX-B27VDXVVGIEKK27MEBH4,2026-05-28 19:23:58,2026-05-28,PRD-0M9SLG4ISDAT,CLI-21OWZC02OJJE,Purchase,Services,483.69,USD,,Web,,Servicios Públicos,Services,México,Ciudad de México,Approved,00,False,21.86,,
TRX-KDRG4TMDLR461QMWUK7S,2026-05-28 10:44:15,2026-05-28,PRD-MFL96VH2PUSN,CLI-4N0JS0392RR5,Purchase,Food,236.45,USD,,Web,,,Food,México,Tijuana,Approved,00,False,,,
TRX-JV1MPGZOQ316ZXSMFF83,2026-05-28 18:30:51,2026-05-28,PRD-111FWFEGQ3A0,CLI-026J1J3WO9I9,Payment,Transport,1195.48,USD,,POS,,,,México,Monterrey,Approved,00,False,,,
TRX-6QEHERZ19S45ARUVJH1M,2026-05-28 16:23:20,2026-05-28,PRD-VFLUCW2OBHIT,CLI-FSAYKR25XOKH,Transfer,,708.83,USD,,App,,,,Colombia,Barranquilla,Approved,00,False,7.45,,
TRX-BYGTSSE39J0JSUKGX0VI,2026-05-28 16:15:02,2026-05-28,PRD-JY2G7BYCYXAI,CLI-J1JY789FE63L,Payment,Transport,3022371.86,COP,755.59,ATM,SUC-C93NERQQ,,,Colombia,Bogotá,Approved,00,False,1.11,4.6424382,-73.3241134
TRX-SJTCMB77VZMUQGJRTGO2,2026-05-28 17:55:41,2026-05-28,PRD-P169UODK39VI,CLI-5KH9OMO0ZDNJ,Transfer,,2015.37,USD,,ATM,SUC-4AVH1MSP,,,México,Guadalajara,Approved,00,False,,,
TRX-OCLSX01QCIOGXNPGRTXY,2026-05-28 12:00:08,2026-05-28,PRD-W09U0FJ3XR8E,CLI-QBO6T9BLYMYC,Withdrawal,,360.16,USD,,ATM,SUC-9L4T3P44,,,México,Querétaro,Approved,00,False,14.88,,
TRX-QEOANOQJESIODV1ACQDZ,2026-05-28 11:48:32,2026-05-28,PRD-MH2TJCRLZ1SJ,CLI-ZLIB9L1MHV1H,Adjustment,,671.25,USD,,POS,,,,México,Guadalajara,Approved,00,False,,,
TRX-XODR4D6BYXQNW4LMJUA8,2026-05-29 01:25:08,2026-05-28,PRD-YEIREG152XN9,CLI-02004WE8M1HK,Transfer,,7058.31,USD,,ATM,SUC-8P0IDMOM,,,México,Querétaro,Approved,00,False,,,
TRX-S4M3Q4C0MTTYSPNWNC8L,2026-05-29 03:29:01,2026-05-28,PRD-CF957SXTVU8F,CLI-5N4T6FEBEI3C,Deposit,,479.12,USD,,ATM,SUC-SFEFYC6O,,,Argentina,Mendoza,Approved,00,False,25.55,,
TRX-0I1I6T6WWWO5HQAW03VI,2026-05-29 01:49:50,2026-05-28,PRD-VAP46PBB0Y4I,CLI-NJ41H5J14AB3,Deposit,,4239.87,USD,,POS,,,,México,Ciudad de México,Declined,51,False,4.1,,-0.3490031
TRX-1VEFOXN9H1SUX4DN0K85,2026-05-28 12:45:39,2026-05-28,PRD-YJBWREPYIXE7,CLI-XDG0GBD3ADKP,Deposit,,2763.58,USD,,ATM,SUC-SN21TOOC,,,Argentina,Rosario,Declined,54,False,18.19,,
TRX-OPXXIPLTEMIU7H24201S,2026-05-29 05:37:49,2026-05-28,PRD-VFK59JY5DYAJ,CLI-EFEF99XTG312,Withdrawal,,98.79,USD,,POS,,,,México,,Approved,00,False,23.18,-0.9236038,-0.9197249
TRX-9ZOBW5J9N07FMPFRL0P5,2026-05-28 06:19:34,2026-05-28,PRD-V2ZTGMXH1PL2,CLI-944TLLAPPLDE,Deposit,,2622.86,USD,,App,,,,México,Monterrey,Approved,00,False,10.97,,
TRX-7NNHWPRX5FXI3VGV5MQ0,2026-05-28 14:28:19,2026-05-28,PRD-R5MK5GRK6MFH,CLI-GN9CU2OGSUJM,Purchase,Transport,10.83,USD,,Web,,Uber,,México,,Approved,00,False,9.86,,
TRX-XD32OF5S2SGGUWGDI1JQ,2026-05-28 17:01:44,2026-05-28,PRD-UBGSRN3YFGT6,CLI-328SMQRAXO6B,Purchase,Transport,347.88,USD,,POS,,Taxi Seguro,Transport,México,,Approved,00,False,27.42,,
TRX-S0O2660FKCZS0R460PGU,2026-05-28 22:57:13,2026-05-28,PRD-JOVJHOCUUEKD,CLI-L7G7K4TKDRAG,Purchase,Food,85273.51,ARS,243.64,ATM,SUC-NRVN9ND4,Mercado Central,Food,Argentina,La Plata,Approved,00,False,28.9,,
TRX-UG857UG4I8CSME0TS0NO,2026-05-29 05:29:57,2026-05-28,PRD-Q79HEXXOAZL9,CLI-XGZN7BDECHUB,Withdrawal,,331729.29,COP,82.93,Transfer,,,,Colombia,Cali,Approved,00,False,7.75,,
TRX-0F1PJKI1CS5KNHLJQFHC,2026-05-28 18:11:31,2026-05-28,PRD-I4KO8FNJRETP,CLI-ZFLY2PTYP49V,Withdrawal,,253.69,USD,,POS,,,,México,Ciudad de México,Approved,00,False,7.32,,
TRX-9W6VYQ2K8INU7EOF0DQS,2026-05-28 08:59:25,2026-05-28,PRD-MRHI3PQ9D2UJ,CLI-ZAHNBD9QAJGS,Payment,Services,337942.08,ARS,965.55,POS,,,,Argentina,Rosario,Approved,00,False,5.64,,
TRX-0HBXZE4UWK9X45JQZY6Q,2026-05-28 07:47:32,2026-05-28,PRD-NQ92TDC2O11X,CLI-Z3AEA9OSZMMX,Withdrawal,,253.44,USD,,Web,,,,México,Guadalajara,Approved,00,False,11.81,,
TRX-G36LT35WJVZCILT857R4,2026-05-28 20:23:46,2026-05-28,PRD-SPSW11CLJVF4,CLI-PT06Y7HB7A8V,Purchase,Other,384.27,USD,,ATM,SUC-QVGF07AP,Centro Comercial,Other,México,Ciudad de México,Approved,00,False,19.62,,
TRX-FW35QNKP21784W5ZQGHN,2026-05-28 23:47:34,2026-05-28,PRD-UCWTCH8EBZCU,CLI-3KBCAYF94V2R,Payment,Transport,822.1,USD,,Web,,,,México,Tijuana,Approved,00,False,6.0,,
TRX-GOFE9RKT00GUNNL9BD1B,2026-05-28 23:25:21,2026-05-28,PRD-QMDCN6V682G2,CLI-K1DDKSE23KNC,Withdrawal,,82496.68,COP,20.62,App,,,,Colombia,Medellín,Approved,00,False,2.53,,
TRX-MLQONA29VL5IH4NGA3OK,2026-05-28 13:44:49,2026-05-28,PRD-63XBAV7QH7ZT,CLI-J941LWSGH3YF,Transfer,,9320.55,USD,,POS,,,,México,Querétaro,Approved,00,False,,,
TRX-68VSRDUEJJW03WWW2V3C,2026-05-29 01:59:26,2026-05-28,PRD-GG4JHWYX52Z2,CLI-6T816T7A2GM1,Payment,Food,812.54,USD,,ATM,SUC-ADIYTS49,,,USA,Miami,Approved,00,False,7.59,,
TRX-88G5EDG9F961QLVTMI9Q,2026-05-28 08:13:08,2026-05-28,PRD-E6EANJNKEI83,CLI-KRZDKJC7U0Y0,Purchase,Entertainment,56687.71,ARS,161.96,ATM,SUC-BMVBUHCL,Cine Premium,Entertainment,Argentina,La Plata,Declined,14,False,10.84,,
TRX-CEKNGUYTBI08ZU2RIEEQ,2026-05-29 04:52:41,2026-05-28,PRD-0V0K9V4WQ750,CLI-BPIUPTA0XMX8,Withdrawal,,37.69,USD,,POS,,,,México,Puebla,Approved,00,False,23.74,0.5438775,-0.6006545
TRX-860E0B7504GO3KZJL633,2026-05-28 15:14:46,2026-05-28,PRD-LF5LINTVWV4R,CLI-T3R9TVWYEU63,Payment,Entertainment,3000161.06,COP,750.04,App,,,,Colombia,Cali,Approved,,False,2.27,,
TRX-IQ0FCZ1DU5SDA0M0OCHG,2026-05-29 04:12:46,2026-05-28,PRD-JHDPYW1X5TFM,CLI-T5HBF8E3ANWM,Payment,Food,2574058.6,COP,643.51,App,,,,Colombia,Barranquilla,Approved,00,False,11.07,,
TRX-DEKKBEZ90EQM58NAHVCD,2026-05-28 13:29:52,2026-05-28,PRD-BNN73FC8FBIB,CLI-SRRPY6OQ6CKI,Deposit,,4116.21,USD,,Branch,SUC-4ML8OJM1,,,México,Tijuana,Approved,00,False,16.49,0.3961609,-0.1852113
TRX-W9O85NR6OXZHJUNNT2W7,2026-05-28 06:17:36,2026-05-28,PRD-WGSJD836509E,CLI-N24BP84U18UY,Purchase,Entertainment,106.15,USD,,App,,Teatro Nacional,Entertainment,Spain,Sevilla,Approved,00,False,10.69,,
TRX-39H7Y5RYJWTMSBSYX1UZ,2026-05-29 04:50:31,2026-05-28,PRD-SEHO4LEORAO5,CLI-7JQRKGVQ6K7O,Payment,Food,825.33,USD,,ATM,SUC-S3V4CSL0,,,México,Tijuana,Approved,00,False,18.2,,
TRX-SKE8HXUCP8XLNCMDDGTJ,2026-05-28 11:13:33,2026-05-28,PRD-87CPUK934Y8A,CLI-68KRU8UGY5EH,Purchase,Transport,361.1,USD,,ATM,SUC-OLTX380V,Gasolinera Express,Transport,México,Puebla,Approved,00,False,1.8,0.7192373,0.057876
TRX-5A63N1MS0BDDS2BLTHKM,2026-05-29 02:06:53,2026-05-28,PRD-GWU5OSWAI9R1,CLI-T5J6P3FE6CBY,Purchase,Entertainment,24.64,USD,,App,,Conciertos Live,Entertainment,México,Guadalajara,Approved,00,False,,,
TRX-Z0XAQ5QCO65OUYIRXWXL,2026-05-28 17:56:15,2026-05-28,PRD-0LCLUYRRPALG,CLI-GROLZ0R6XASG,Adjustment,,135.8,USD,,App,,,,México,Guadalajara,Approved,00,False,,,
TRX-AI1S5HTLMVDQHNKMFOJW,2026-05-28 20:31:44,2026-05-28,PRD-QMDMCISVEZRB,CLI-VJOSITBVSEUK,Transfer,,9512.96,USD,,POS,,,,México,Guadalajara,Approved,00,False,10.0,,
TRX-MFS7R3F9RJGT1PF4YZZP,2026-05-28 07:33:25,2026-05-28,PRD-38NIZYX34RG8,CLI-KDA5JBCSZIUX,Withdrawal,,30841.49,ARS,88.12,ATM,SUC-115U74JL,,,Argentina,Córdoba,Approved,00,False,5.99,,
TRX-042DRAFRRQ3J0GFMVGCK,2026-05-28 19:29:15,2026-05-28,PRD-PEP9NG6KTPFK,CLI-HUVIOZOPO1L7,Payment,Food,593.92,USD,,POS,,,,México,Puebla,Approved,00,False,10.3,,
TRX-6J4UAEUTIWXFQ0PEQVQN,2026-05-29 00:26:57,2026-05-28,PRD-BPQL2HOFCHQM,CLI-N66S6ABI1I9C,Withdrawal,,242.08,USD,,Web,,,,México,,Declined,14,False,26.23,,
TRX-R629DTS5Q4D0AKUI3PZQ,2026-05-28 14:33:00,2026-05-28,PRD-Q3U1RI4KXO32,CLI-LU6YQWLGTNHB,Payment,Health,963.0,USD,,POS,,,,México,Puebla,Approved,00,False,29.88,,
TRX-ABZKQNI2JQUKEGJTGFA4,2026-05-28 09:41:21,2026-05-28,PRD-OS8R1P3JM8A1,CLI-1QDQV38UGJXM,Transfer,,3054.08,USD,,POS,,,,México,Querétaro,Approved,00,False,27.78,-0.3893318,-0.8428614
TRX-0AA9G4JX8DWEVMJOJW0S,2026-05-28 22:38:23,2026-05-28,PRD-QUCFCQMY2JU0,CLI-EJ02S8LPFABV,Payment,Services,4895571.45,COP,1223.89,POS,,,,Colombia,Medellín,Approved,00,False,3.92,,
TRX-XPU99AEP9VGYBTW1UTEI,2026-05-28 22:35:47,2026-05-28,PRD-CTUXL3X04P4D,CLI-SS6602LPCV4H,Deposit,,2312.74,USD,,ATM,SUC-VV9NKH6E,,,México,Querétaro,Approved,00,False,,,
TRX-T5ZOQTZ4SP2JC2V2QJXD,2026-05-29 03:31:51,2026-05-28,PRD-HY5PRBBXBQ8Y,CLI-IC3T10A5FANZ,Payment,Health,707.93,USD,,POS,,,,México,Querétaro,Approved,00,False,14.45,,
TRX-B6XMJE7KU5LU4LJM3G5P,2026-05-28 21:40:55,2026-05-28,PRD-PUXP28KR5HD0,CLI-RSIACPLEMQ0I,Withdrawal,,40427.01,ARS,115.51,POS,,,,Argentina,,Approved,00,False,28.56,-33.8046983,-58.214664
TRX-4L1AVWMN1OQI6IQEXEVF,2026-05-28 19:11:46,2026-05-28,PRD-X0LT802DAXFQ,CLI-IKHKL6XUH7NY,Withdrawal,,153.88,USD,,ATM,SUC-I4AA1FSG,,,México,Querétaro,Approved,00,False,19.56,-0.0922038,0.0841177
TRX-F744O4O2W2QKMG70RJZA,2026-05-28 08:29:10,2026-05-28,PRD-IIH3UWO2GRPT,CLI-HP4KU7XLTLZY,Deposit,,515.37,USD,,App,,,,México,Puebla,Approved,00,False,16.24,,
TRX-NFCGCKEVPOKEIZBIKOVC,2026-05-28 20:02:38,2026-05-28,PRD-27EWWH38UIZN,CLI-0MQ16Y9R78OI,Purchase,Transport,1734626.36,COP,433.66,ATM,SUC-P44GDIDS,Uber,Transport,Colombia,Cartagena,Approved,00,False,16.38,,
TRX-L8S5NPZ2MEUBRB66UBFU,2026-05-28 16:49:29,2026-05-28,PRD-1BI33OTXMTQE,CLI-4FK19S79W844,Withdrawal,,486.5,USD,,ATM,SUC-57LRN6RH,,,México,Guadalajara,Pending,51,False,13.1,,
TRX-11BIFVDW7Q0CVCP9SUJH,2026-05-28 19:06:39,2026-05-28,PRD-NBNJPJDLD5QR,CLI-0VFQVZ68R58M,Transfer,,9964.28,USD,,ATM,,,,México,Ciudad de México,Approved,00,False,13.31,,
TRX-VC62P2ZYYKE7IGTQLCP9,2026-05-28 21:19:35,2026-05-28,PRD-WFZ3WI7IIHVC,CLI-UBKC6T2QSVXD,Deposit,,4494.92,USD,,POS,,,,Argentina,Rosario,Approved,00,False,10.18,,-58.6401309
TRX-N0LVF3YH4US3CCMN2EUF,2026-05-29 02:49:19,2026-05-28,PRD-UYE6SX7G0BWM,CLI-VB57BXXDICJD,Transfer,,3399509.57,COP,849.88,App,,,,Colombia,Cali,Pending,14,False,5.43,,
TRX-846EQJTQ83ZWACBD4ANH,2026-05-28 10:15:19,2026-05-28,PRD-CB0OR6DZAIIQ,CLI-0QAQMJEX33XU,Purchase,Services,116932.06,ARS,334.09,ATM,SUC-Y7VHYCDG,Internet Plus,Services,Argentina,Córdoba,Approved,00,False,,,
TRX-6UXX37VVPBMMQ6T9PTJT,2026-05-28 11:29:28,2026-05-28,PRD-8H7X5HF9CAVD,CLI-HV1WOCEA19EM,Withdrawal,,175.4,USD,,POS,,,,México,Puebla,Approved,00,False,3.93,,
TRX-IFRMZ7WX2TX2N1BEGOZ5,2026-05-28 22:44:16,2026-05-28,PRD-7OXEPM2E6UPR,CLI-4N4UD61JP036,Payment,Health,2824438.66,COP,706.11,Branch,SUC-9FWCAJXI,,,Colombia,Cali,Approved,00,False,9.94,,
TRX-975HRCCOG9SIAQ44NE9N,2026-05-28 13:34:22,2026-05-28,PRD-YMW5X1WZNX0I,CLI-VY13EFLL5PO9,Purchase,Services,462.86,USD,,App,,Servicios Públicos,,México,Monterrey,Declined,,False,1.92,,
TRX-LRTDAZJLZ8UT7QE4NDPT,2026-05-28 20:51:08,2026-05-28,PRD-IOKIWUZBO6QU,CLI-1D4EV5DZQDFL,Payment,Entertainment,735.55,USD,,ATM,SUC-KX44GJKB,,,México,Ciudad de México,Approved,00,False,,-0.5524844,0.6554293
TRX-NLKEZ1998NB3KJCLL5C7,2026-05-28 18:26:35,2026-05-28,PRD-WOUKQ3OOG06Y,CLI-79UZNXESQIDK,Deposit,,1723.1,USD,,ATM,SUC-J532XZ5B,,,México,Guadalajara,Approved,00,False,26.11,,
TRX-UM9PHD7X6VHIGTD9AVV6,2026-05-29 02:17:48,2026-05-28,PRD-I7P92U36BM5Q,CLI-PQOZ7KMW740J,Deposit,,1417.04,USD,,Transfer,,,,México,Guadalajara,Approved,00,False,23.39,,
TRX-10WAWB4RECSEHHV5ZT0X,2026-05-28 15:30:34,2026-05-28,PRD-G8KU8097IANS,CLI-OYTGO9J92XYS,Transfer,,26649398.17,COP,6662.35,App,,,,Colombia,Bogotá,Reversed,54,False,29.04,,
TRX-SUR5DQDP5E2MAYPNJDIK,2026-05-29 01:01:38,2026-05-28,PRD-9M9FSY2V75NX,CLI-7W3CGIYJ1NUA,Payment,Services,266.88,USD,,App,,,,México,Querétaro,Approved,00,False,14.69,,
TRX-V1GWX1LNQD3XCA1W9O6V,2026-05-28 21:05:39,2026-05-28,PRD-58WU7L4E96MM,CLI-SPX3Y5FCK3TW,Deposit,,4310.1,USD,,ATM,SUC-PUPXM7MA,,,México,Monterrey,Approved,00,False,6.01,,
TRX-13MG3P2QNEI3TY924N49,2026-05-28 11:26:12,2026-05-28,PRD-R1O5YUJXLDA4,CLI-ANEMQYJ648H7,Withdrawal,,192.2,USD,,POS,,,,México,Monterrey,Approved,00,False,25.52,,
TRX-ECSOIEVG3TGWO24MRH2Q,2026-05-28 14:55:28,2026-05-28,PRD-T90P2EZPH6LF,CLI-KFZAQTC0P8WW,Deposit,,3460565.79,COP,865.14,POS,,,,Colombia,Barranquilla,Approved,00,False,20.01,,
TRX-JL594UK13BBHKK50TLST,2026-05-28 19:33:26,2026-05-28,PRD-LLC56925FSS9,CLI-2BBKV4Q2Z5PP,Withdrawal,,1509716.08,COP,377.43,POS,,,,Colombia,Cali,Approved,00,False,22.64,,
TRX-147RFMP7PLF4A1TNLTNZ,2026-05-28 20:06:54,2026-05-28,PRD-C4JTM4UB3GFU,CLI-SXBTHL4QEJU4,Withdrawal,,156.97,USD,,Web,,,,Colombia,Medellín,Approved,00,False,,,
TRX-BGQI5MRXSBDML5N3ED9C,2026-05-29 03:43:16,2026-05-28,PRD-8MM1MUE3LSNF,CLI-QFDFI04W5WAW,Deposit,,5780989.65,COP,1445.25,Web,,,,Colombia,Medellín,Approved,00,False,,,
TRX-VOUAQQN6KBSZD62DJ0XU,2026-05-29 01:38:28,2026-05-28,PRD-Y26P8V1DNJ1W,CLI-5D3RN4U2O8IR,Adjustment,,60106.62,ARS,171.73,Web,,,,Argentina,Córdoba,Approved,00,False,15.04,,
TRX-6XAE18BCUT3RIOGLM48C,2026-05-28 13:37:00,2026-05-28,PRD-IZH8UHO93NYB,CLI-MGVSLP39CFH0,Deposit,,4503.34,USD,,App,,,,Spain,Sevilla,Approved,00,False,17.8,,
TRX-4TD0KLC3XCUTIJQPEF5X,2026-05-28 06:43:19,2026-05-28,PRD-KCX8Q7KUGOVK,CLI-KLNAYXN97C4I,Payment,Entertainment,891.18,USD,,ATM,SUC-EN5GYCON,,,México,Querétaro,Approved,,False,1.48,,
TRX-R1VEMUDN1ORQZDD889I8,2026-05-28 11:59:18,2026-05-28,PRD-E2UL217W4XKG,CLI-X15BBC190AAA,Adjustment,,2121006.54,COP,530.25,App,,,,Colombia,Medellín,Approved,00,False,29.91,,
TRX-6EOZOXRWYND4XFHFRLCV,2026-05-28 22:02:26,2026-05-28,PRD-5FPX0F212ROH,CLI-DR0D5FIQC27T,Payment,Services,1760.88,USD,,POS,,,,Colombia,Cartagena,Approved,00,False,20.76,,
TRX-NZKVECGHF22OSEQDXG6S,2026-05-28 21:50:16,2026-05-28,PRD-UIWRFLGR1219,CLI-TJPWX9LWJ24J,Deposit,,3760.19,USD,,App,,,,México,Monterrey,Approved,00,False,11.92,,
TRX-MXVIFG4U60EA65KF8KF2,2026-05-29 02:25:32,2026-05-28,PRD-VVCPA4VXQXO9,CLI-8XJC81HXYYWV,Transfer,,2713272.14,COP,678.32,App,,,,Colombia,,Approved,00,False,11.03,,
TRX-1V68FUMMLKXUXHETTAUT,2026-05-29 04:29:05,2026-05-28,PRD-CXSWY8I0XYDN,CLI-8LSKVNVOJLHB,Payment,Services,160553.3,ARS,458.72,POS,,,,Argentina,Buenos Aires,Approved,,False,12.74,,
TRX-6I0KD7OYOZUFUU7EPBHK,2026-05-28 19:08:55,2026-05-28,PRD-NZ9Q5JCQUWAS,CLI-ZHHRUX73EHDX,Purchase,Other,607073.91,COP,151.77,Web,,Tienda General,Other,Colombia,Medellín,Approved,00,False,9.44,,
TRX-NQE9Z7FWAY2HW3D26ZUE,2026-05-28 14:33:07,2026-05-28,PRD-KSNZTO7ZV8HY,CLI-ELWJJZGRD8RQ,Deposit,,1089.76,USD,,Web,,,,México,Monterrey,Approved,00,False,10.73,,
TRX-HIDWIJWBA7U305QU7SGD,2026-05-28 18:23:48,2026-05-28,PRD-JSLPNCQBHPYP,CLI-D5FFO51LV3AE,Purchase,Health,290156.46,COP,72.54,POS,,Laboratorio Central,Health,Colombia,Medellín,Approved,00,False,,3.7234309,-73.7717891
TRX-TGA3UA2ST90FMZDQCUAF,2026-05-29 02:13:33,2026-05-28,PRD-9LZ2H3JPV525,CLI-UT071V0P8DPO,Payment,Transport,451.01,USD,,POS,,,,México,Tijuana,Approved,00,False,19.81,,
TRX-KSDCCVN4PNUGDDE7R7EY,2026-05-29 05:26:50,2026-05-28,PRD-LY5XZX5SJ5BJ,CLI-2NP2OE10FFN5,Withdrawal,,328.75,USD,,Web,,,,México,Puebla,Approved,00,False,5.12,,
TRX-ESMMGE9CNE2CESEEI0EO,2026-05-28 20:00:53,2026-05-28,PRD-CRJBRY7XDQZ2,CLI-SEM16YJ8C6NK,Transfer,,1830.71,USD,,POS,,,,México,,Approved,00,False,1.18,,
TRX-42ISZS2T7YWLM3P612UF,2026-05-28 13:01:19,2026-05-28,PRD-MD600KY4OFPQ,CLI-U05ANJLC07JT,Withdrawal,,485717.76,COP,121.43,ATM,SUC-2L4DTLRM,,,Colombia,Cali,Approved,00,False,26.64,,
TRX-D0QV27JEWB00172Y5CRJ,2026-05-28 13:15:46,2026-05-28,PRD-OI3YL6GPV12X,CLI-IFPCLR7Y8ZK2,Withdrawal,,37024.14,ARS,105.78,Web,,,,Argentina,Córdoba,Approved,00,False,18.75,,
TRX-2HQDXJSMRYYHVD00TKPO,2026-05-28 18:56:35,2026-05-28,PRD-OMU8MHHEU0RG,CLI-7OLLDWFY0IE1,Deposit,,385.06,USD,,POS,,,,México,Tijuana,Approved,00,False,29.4,,
TRX-S6PMSNCE7T1TWA47QTBI,2026-05-28 11:40:22,2026-05-28,PRD-BQD8DIQNXG16,CLI-D7YJJKZIWISN,Withdrawal,,499.99,USD,,POS,,,,México,Guadalajara,Approved,00,False,22.45,,
TRX-48294FUYF0LNJZYERI17,2026-05-29 03:18:57,2026-05-28,PRD-TOKZCSA5IUKV,CLI-D9H5B26FRSKQ,Purchase,Other,927630.52,COP,231.91,App,,Boutique Moda,Other,Colombia,Bogotá,Pending,51,False,27.77,,
TRX-VK7BEG3WSM6QFG48CTN2,2026-05-29 00:22:19,2026-05-28,PRD-KYUEWY6KPRYB,CLI-2QBRPCUFKMIY,Payment,Health,5469232.49,COP,1367.31,App,,,,Colombia,Cartagena,Declined,05,False,9.15,,
TRX-946I6PTOKL8OSLML8W06,2026-05-28 08:14:33,2026-05-28,PRD-K33OF2EK30PV,CLI-MOBXLUWUFXGA,Payment,Transport,444.24,USD,,POS,,,,México,Puebla,Approved,00,False,,,
TRX-339QSILA43O07BKE8QJO,2026-05-29 03:12:50,2026-05-28,PRD-ESNJ661TP1AQ,CLI-1JBB5JCW4CWE,Transfer,,768.17,USD,,Transfer,,,,México,Guadalajara,Approved,00,False,18.19,,
TRX-7Y71XOCVNVT6BZM3H6SF,2026-05-29 04:54:39,2026-05-28,PRD-CLBJK1QMT4XV,CLI-SUMYRXZDZQI5,Adjustment,,665.41,USD,,ATM,SUC-6RHR3MME,,,México,Tijuana,Approved,00,False,4.61,-0.3296679,0.5542923
TRX-467VUO9FIL4U3GPPDZYH,2026-05-28 13:22:32,2026-05-28,PRD-L3KH8B1LWVYN,CLI-0VK116QLL7CE,Deposit,,1989.77,USD,,POS,,,,Colombia,Cartagena,Approved,00,False,,,
TRX-403Q35TK11JKQ8C69TJ3,2026-05-28 09:07:03,2026-05-28,PRD-EQ8LFG596QTZ,CLI-SQ8ASACM65U0,Transfer,,6536.1,USD,,ATM,SUC-1PSI5W5X,,,México,Tijuana,Approved,00,False,9.9,,
TRX-MSOJVZB1FZKJLTJED5HL,2026-05-28 06:31:45,2026-05-28,PRD-83VITQBUC368,CLI-SDXTNU5OQD4K,Purchase,Food,389055.63,COP,97.26,App,,Tienda Don José,Food,Colombia,Medellín,Approved,00,False,10.92,,
TRX-FBLXO6S61E6IPYKBBKQN,2026-05-29 02:47:53,2026-05-28,PRD-QM7ECC0CXS1Q,CLI-DWVC5G3YYLFU,Transfer,,23252324.67,COP,5813.08,POS,,,,Colombia,Cartagena,Approved,00,False,25.25,,
TRX-J30PUVBVS6RDPDFMKQLB,2026-05-28 20:31:59,2026-05-28,PRD-YSAIZZH9OY77,CLI-H26YTB8MSHQL,Payment,Food,170.78,USD,,App,,,,México,Puebla,Approved,00,False,1.56,,
TRX-TSL3CPXP5OR12KQXXHAF,2026-05-28 21:01:16,2026-05-28,PRD-JHMHRZHPKPGV,CLI-A5TWUSW9777T,Deposit,,1298.23,USD,,App,,,,México,Tijuana,Approved,00,False,20.51,,
TRX-EQYKM14Y227H47O4S4JL,2026-05-28 12:05:59,2026-05-28,PRD-IIZI9DHRYRE6,CLI-LGX1FCJUFI0U,Payment,Services,7782964.84,COP,1945.74,Branch,SUC-H9U13579,,,Colombia,Medellín,Approved,00,False,6.3,,
TRX-VHGZE3MMG6EIECQSRSD7,2026-05-29 01:18:08,2026-05-28,PRD-LD6KMT1BQ0NK,CLI-KYXH4PUG30OD,Payment,Health,201.83,USD,,POS,,,,México,,Approved,00,False,12.35,,
TRX-01P4AMNNBIYW5FT601QZ,2026-05-28 19:31:40,2026-05-28,PRD-4IWUG15Q3073,CLI-Z8JV1GMXT05K,Withdrawal,,405.28,USD,,POS,,,,México,Monterrey,Approved,00,False,23.36,,
TRX-Z09TZ7SQU93O27K8M6VE,2026-05-28 16:54:16,2026-05-28,PRD-FLR3O5F3C3MT,CLI-ANMH5SZKD5BD,Transfer,,1432.33,USD,,POS,,,,México,Monterrey,Approved,00,False,25.36,,
TRX-9Q7KWL30NS9AZ3G14FH6,2026-05-29 05:40:27,2026-05-28,PRD-47NDNAOB8LLA,CLI-U0EYP7I0EAYE,Deposit,,188.17,USD,,Web,,,,México,,Approved,00,False,7.53,,
TRX-UK42JX0GZKLHY5J9RHRY,2026-05-28 06:03:05,2026-05-28,PRD-FB2L88HIVC12,CLI-M1KB08Y6I4LN,Payment,Health,1983.56,USD,,ATM,SUC-QMYSBASD,,,México,,Approved,00,False,3.8,,
TRX-2EOWG4AMXL4XPF8D8CLP,2026-05-28 23:58:35,2026-05-28,PRD-139WKQLXVLLF,CLI-KNLWQ9VUGULL,Payment,Health,6393218.19,COP,1598.3,Web,,,,Colombia,Barranquilla,Approved,00,False,26.89,,
TRX-Q4RZ0PARE3NUQPNHI4X6,2026-05-29 05:57:53,2026-05-28,PRD-OUFBM33RVSD2,CLI-Q35JKHW6X4A3,Adjustment,,938318.83,COP,234.58,POS,,,,Colombia,Bogotá,Approved,00,False,,,
TRX-03WZXBJ2GXWCZW43HDP5,2026-05-28 11:55:00,2026-05-28,PRD-EY97FHOXTQXC,CLI-PJ3EP5KVCWGA,Transfer,,1273.87,USD,,ATM,SUC-1G7XCTV8,,,México,Puebla,Approved,00,False,25.24,,
TRX-SD9NNBPXCMXIB47IH9Y8,2026-05-28 17:24:51,2026-05-28,PRD-8T3ITVAZV3F8,CLI-INRX7DILH9TR,Transfer,,30894741.31,COP,7723.69,ATM,SUC-7P0XNXTG,,,Colombia,Bogotá,Approved,00,False,28.76,,
TRX-3UK5YCQ03F3FO22NBH65,2026-05-28 10:08:00,2026-05-28,PRD-0P3QAD14YJK1,CLI-Y6WPTM1CLHGK,Withdrawal,,410.47,USD,,POS,,,,México,Ciudad de México,Approved,00,False,22.4,,
TRX-UADMTRBASG15V494KETC,2026-05-28 16:18:33,2026-05-28,PRD-1LD55T2FIVT0,CLI-6DI6FP53DNWH,Transfer,,6412.09,USD,,POS,,,,México,Querétaro,Declined,54,False,13.44,,
TRX-CZOOIHGHP9U5RI16GP40,2026-05-28 22:16:33,2026-05-28,PRD-AABO04BC7APO,CLI-JLD20UFTSX72,Purchase,Entertainment,1383474.51,COP,345.87,ATM,SUC-JZCA1ZND,Teatro Nacional,Entertainment,Colombia,Cali,Approved,00,False,17.33,,
TRX-1LG38KLA7R4TYS7BOJQ9,2026-05-28 20:38:42,2026-05-28,PRD-OO3VXS5M2MC4,CLI-R38QKVW4S9JA,Payment,Transport,1914.54,USD,,ATM,SUC-ISPO1DES,,,México,Monterrey,Approved,00,False,0.42,-0.9704355,0.907735
TRX-Z6L49RIHHRG0M8FQA07U,2026-05-28 15:02:13,2026-05-28,PRD-0UIHAONZITJJ,CLI-FZFP0W2B0EH7,Purchase,Services,479.08,USD,,ATM,SUC-P65ZGVH3,Empresa Telefónica,Services,México,Monterrey,Approved,00,False,24.89,0.6099593,-0.7073401
TRX-UJ37J6XQZLHLPIQUNP43,2026-05-28 10:35:07,2026-05-28,PRD-BLGZOZYMP1QP,CLI-S4V1JYYH5ANJ,Purchase,Food,347.55,USD,,App,,Tienda Don José,Food,México,Guadalajara,Approved,00,False,25.36,,
TRX-HQ6S213PR0FZQLBHB5ZJ,2026-05-28 09:28:38,2026-05-28,PRD-U6U260DSHSW9,CLI-D7TE8DK8VWVH,Purchase,Entertainment,382.2,USD,,ATM,SUC-TVNO2KL5,Conciertos Live,Entertainment,México,Ciudad de México,Approved,00,False,,,
TRX-1E44YY4SU4ZRD4ILT1TZ,2026-05-28 13:54:47,2026-05-28,PRD-GZT4983AKGO4,CLI-SZ56PB8ABM3N,Withdrawal,,170681.27,ARS,487.66,POS,,,,Argentina,La Plata,Approved,00,False,18.43,,
TRX-Q6AMDX185JI1D8128MW1,2026-05-29 00:46:25,2026-05-28,PRD-8L2BRV3PBRQL,CLI-IJZ2CZ9V6DQ1,Transfer,,9386.96,USD,,App,,,,México,Monterrey,Approved,00,False,28.53,,
TRX-OZ5DZTRB27EZM5XCIJI7,2026-05-28 23:03:47,2026-05-28,PRD-S3VJUG5BXUVA,CLI-3BBZW3GLSYR9,Deposit,,8729102.36,COP,2182.28,POS,,,,Colombia,Cartagena,Approved,00,False,,,
TRX-ONOD322FBFHDI4IMKBPI,2026-05-28 11:39:10,2026-05-28,PRD-HRE1PRNXQ247,CLI-P7NVTQ5Q5AUK,Purchase,Services,145.62,USD,,POS,,Cable TV,Services,México,Ciudad de México,Approved,00,False,,,
TRX-H2O1713D6DC9677PY8TC,2026-05-29 05:50:49,2026-05-28,PRD-YGBZ1WGO3MSF,CLI-70EMXQ9H92V8,Purchase,Food,375904.43,COP,93.98,POS,,Mercado Central,Food,Colombia,Bogotá,Approved,00,False,,,
TRX-EGPSPFVIUYTVXGABJKYH,2026-05-28 06:47:01,2026-05-28,PRD-YHOLOP1AGT9F,CLI-8EQA8ZLR1HXQ,Withdrawal,,152588.07,ARS,435.97,Web,,,,Argentina,La Plata,Approved,,False,16.65,,
TRX-BPSB3ACYC11K14V90KJ3,2026-05-28 11:53:13,2026-05-28,PRD-LH69AUR3I075,CLI-P1F6FU7EYCVC,Transfer,,5648.55,USD,,ATM,SUC-3XWIPDZ3,,,México,Puebla,Approved,00,False,16.52,,
TRX-MP1CXHSNWQMOHEBRYNOO,2026-05-29 02:10:19,2026-05-28,PRD-0IVS2CDYVPDI,CLI-L73P1U41T79J,Purchase,Food,41.48,USD,,ATM,SUC-TVNO2KL5,Mercado Central,Food,México,Guadalajara,Approved,00,False,7.59,,
TRX-KK258M3K0P99ROTMOFEB,2026-05-28 20:25:31,2026-05-28,PRD-RWP4K00QNQHQ,CLI-86KP5TFJO1CW,Transfer,,6024.69,USD,,POS,,,,México,Ciudad de México,Approved,00,False,,0.3002414,0.7920416
TRX-RNIS3HOI1R9XJHUDP9E8,2026-05-28 13:23:57,2026-05-28,PRD-D3Q0ULXZQHZU,CLI-MPUZ8SVQRS0K,Purchase,Health,301.39,USD,,Web,,Óptica Visión,Health,México,Querétaro,Approved,00,False,4.31,,
TRX-ALBP6TGYKXW6K6H5Q7MX,2026-05-28 11:27:12,2026-05-28,PRD-92GWUUZYT6BM,CLI-T2Y2SSC3LFU6,Purchase,Services,43.96,USD,,POS,,Cable TV,Services,México,Guadalajara,Approved,00,False,,-0.0319681,
TRX-X9U4OAKXARWACVJILJFW,2026-05-28 15:22:50,2026-05-28,PRD-SA2CG9QX8KKJ,CLI-K7XZB9ZIPRCZ,Deposit,,17716649.9,COP,4429.16,ATM,SUC-XXUHP6O3,,,Colombia,Cali,Approved,,False,19.08,,
TRX-XXSD8VIRJSWGUGF1MSBN,2026-05-29 05:54:28,2026-05-28,PRD-QJ4BO3SEIDAG,CLI-RSXUE7XHNM44,Purchase,Food,148539.24,COP,37.13,App,,Tienda Don José,Food,Colombia,Medellín,Approved,00,False,5.02,,
TRX-LQ7MQVKLR65GGWYF8JXR,2026-05-28 19:39:20,2026-05-28,PRD-XE0VGS90BW2Y,CLI-TMVPC46B5DXX,Purchase,Services,283.37,USD,,ATM,SUC-SUAMAVYV,Cable TV,Services,México,Ciudad de México,Pending,05,False,,0.7792015,0.0042909
TRX-NIC7H8JMMDFH9TS8UKWY,2026-05-28 06:01:50,2026-05-28,PRD-13MR51E8K9QY,CLI-2P5BHAKX2X7U,Transfer,,13482017.75,COP,3370.5,POS,,,,Colombia,Barranquilla,Approved,00,False,,,
TRX-7EE4F33IG6GGA9O3QYPN,2026-05-28 07:30:27,2026-05-28,PRD-PIA2EFMVWPFM,CLI-NBW9NZXBX4T5,Deposit,,11447595.28,COP,2861.9,POS,,,,Mexico,Monterrey,Approved,00,False,1.07,5.0182457,-74.638193
TRX-XWW8ZD3AQFVV33F7LJZ9,2026-05-28 14:07:01,2026-05-28,PRD-OODZWMGNQYU2,CLI-T2JGKJGNV2QI,Deposit,,1740089.53,ARS,4971.68,ATM,SUC-0LZRXHCF,,,Argentina,Rosario,Approved,00,False,1.55,,
TRX-CEZ4877TFG4NZ0TC51DP,2026-05-29 00:18:12,2026-05-28,PRD-NPDM8KRGBBEQ,CLI-6SPILXH7SIUR,Payment,Entertainment,1341.33,USD,,App,,,,Colombia,Cali,Approved,00,False,8.01,,
TRX-XS2J1PBR0UF92M37LRQU,2026-05-29 03:26:38,2026-05-28,PRD-TXHYGDCBG0FD,CLI-W1ZTNCXEUTX2,Transfer,,826212.29,ARS,2360.61,POS,,,,Spain,Sevilla,Approved,00,False,3.89,-33.6633251,-57.6255141
TRX-Y66LU997ZIHP2I6A9FCZ,2026-05-28 08:28:21,2026-05-28,PRD-6Q8BPU7B3KGB,CLI-P26B57NUIOI6,Withdrawal,,20.46,USD,,Web,,,,México,Puebla,Approved,00,False,,,
TRX-MBRUA1RCZND4D05L2DS8,2026-05-28 20:41:31,2026-05-28,PRD-02GLZTHS4JVW,CLI-0OII81C9MR6A,Withdrawal,,1625694.59,COP,406.42,Web,,,,Colombia,,Approved,00,False,,,
TRX-9B81JWEN2RFJ1YSS8U80,2026-05-28 22:01:44,2026-05-28,PRD-6X3UOEVB8F5B,CLI-6N3NJZR0VTQ9,Transfer,,32983297.08,COP,8245.82,ATM,SUC-3NEGSLF6,,,Colombia,Medellín,Approved,00,False,29.83,5.6822856,
TRX-9UOMO1NFKFTMKXN3F51N,2026-05-28 20:15:00,2026-05-28,PRD-HPNLXKJIB8P1,CLI-NOHO9XI4TZC4,Purchase,Food,1710917.14,COP,427.73,POS,,Tienda Don José,Food,Colombia,Cartagena,Approved,00,False,4.46,,
TRX-GIAP3BB77KV9QGTF8CZ7,2026-05-28 21:05:27,2026-05-28,PRD-I2JUGTEPQM5A,CLI-FC80J8M8NUF7,Transfer,,34544595.04,COP,8636.15,App,,,,Colombia,Medellín,Approved,00,False,13.36,,
TRX-C0SFJU8B4HZWJNPEMTLS,2026-05-29 03:43:16,2026-05-28,PRD-82MEV0QK9L76,CLI-G2BF3THETAJM,Purchase,Entertainment,184.62,USD,,POS,,Conciertos Live,Entertainment,México,Guadalajara,Approved,00,False,25.09,,
TRX-Y07ANIYM11JNDN05Y95X,2026-05-28 17:30:20,2026-05-28,PRD-V5PR2XH19ABB,CLI-BPS9U8OBUV14,Transfer,,4437.47,USD,,Branch,SUC-CJYLJUTF,,,México,Puebla,Approved,00,False,22.99,-0.727186,-0.8481417
TRX-M83E1AJBFFPFUISYV9V0,2026-05-28 18:48:05,2026-05-28,PRD-WDHOPT98734C,CLI-XLTVHQ43SY9P,Purchase,Food,137739.63,ARS,393.54,App,,Tienda Don José,Food,Argentina,Rosario,Approved,00,False,8.54,,
TRX-KR84IHZ1GEG9MEYNTL7T,2026-05-28 08:39:21,2026-05-28,PRD-VF2NRE8KA673,CLI-EXYLAJYU0JW9,Deposit,,2982.62,USD,,ATM,SUC-R1MU0X5G,,,México,Puebla,Approved,00,False,,-0.3644943,0.597237
TRX-5FLPOFK5BWIVMQICOTVK,2026-05-28 07:57:40,2026-05-28,PRD-DXBJSCXXA1WE,CLI-AE8L0IWFYQWX,Purchase,Services,1502610.92,COP,375.65,Web,,,Services,Mexico,Guadalajara,Approved,00,False,1.18,,
TRX-UV3M0KWYIU509ADDSE29,2026-05-28 09:47:43,2026-05-28,PRD-8XR21TJXM0IE,CLI-YT7TT1MD8RJQ,Deposit,,3369959.22,COP,842.49,ATM,SUC-2NNWC3AV,,,Colombia,Medellín,Pending,05,False,,,
TRX-XNKV9NAE3EXKF2TGIMOY,2026-05-28 09:15:03,2026-05-28,PRD-LKURRHDR28WE,CLI-WF9MQ1TQ88TD,Payment,Entertainment,7771234.52,COP,1942.81,POS,,,,Colombia,Bogotá,Approved,00,False,28.68,,
TRX-TYVCXSSYSPNUUVVOXTV9,2026-05-29 02:20:10,2026-05-28,PRD-AKD54QC9ONGA,CLI-O1XKU1OC3ZST,Deposit,,4586.25,USD,,POS,,,,México,Monterrey,Approved,00,False,2.53,,
TRX-V4HX2Q4MPOPJR8J4LRX0,2026-05-29 00:12:53,2026-05-28,PRD-WDTWELOZFA90,CLI-BQ6LXDUYRBIP,Purchase,Other,974967.61,COP,243.74,App,,Tienda General,Other,Colombia,Barranquilla,Approved,00,False,18.31,,
TRX-2MZXCSPC3Q42OVT42BGE,2026-05-29 01:02:16,2026-05-28,PRD-YMICL6WOZO7P,CLI-BZNOJ1M0X7H3,Payment,Other,1837.65,USD,,App,,,,México,Querétaro,Approved,00,False,21.91,,
TRX-51UJEK90A80FV81YM6C0,2026-05-28 19:06:39,2026-05-28,PRD-7Q1BOVD6AH3T,CLI-GPKR8NVJQURC,Payment,Entertainment,578.48,USD,,POS,,,,Colombia,Bogotá,Approved,00,False,20.65,,
TRX-UEUF27F9GBA27DUXA6GE,2026-05-28 15:28:05,2026-05-28,PRD-CPY3VK2C7XXG,CLI-BCTL109UCLCN,Deposit,,1338.21,USD,,App,,,,México,Tijuana,Approved,00,False,10.18,,
TRX-TX5OK7RTBRJJVNUQMS29,2026-05-29 01:22:18,2026-05-28,PRD-2CFV40A4UCCJ,CLI-OMT74MRYWYHG,Purchase,Food,53.08,USD,,POS,,Mercado Central,Food,México,Monterrey,Approved,00,False,,0.2881189,0.1436046
TRX-ZB3CCRJG9Y7DVJMJA4Z9,2026-05-28 06:54:15,2026-05-28,PRD-JE8HCCDN0TNK,CLI-W411599OXN1V,Transfer,,9019.77,USD,,POS,,,,México,Ciudad de México,Approved,00,False,,,0.3398329
TRX-5GXCJI15J0XSVWJLC3KQ,2026-05-28 11:26:07,2026-05-28,PRD-1A6DGA1603V9,CLI-T6XFYSA5TFYR,Deposit,,13066089.04,COP,3266.52,POS,,,,Colombia,Cali,Approved,00,False,,4.5960908,-73.1801132
TRX-CN5O7AQO1XR6WONV4SYM,2026-05-28 12:24:36,2026-05-28,PRD-VQFFJ24OKB99,CLI-Y9NXOHRVQ1WX,Transfer,,2790.43,USD,,POS,,,,México,Tijuana,Approved,00,False,29.86,,
TRX-CAB3J2PS9CO7T2AAFGZH,2026-05-29 00:41:53,2026-05-28,PRD-A94PYPEGCMQ9,CLI-EWCE5JO4WTY6,Deposit,,2872.37,USD,,POS,,,,México,Ciudad de México,Approved,00,False,15.23,,
TRX-ZQIVTFF4WUHUHYGTZL6L,2026-05-28 09:42:58,2026-05-28,PRD-L32PAW3DZ51Z,CLI-KIE0E38ZQMCL,Withdrawal,,295.06,USD,,App,,,,México,Querétaro,Approved,00,False,8.02,,
TRX-7VLNO6SGHOTUNANOSEOK,2026-05-28 21:04:28,2026-05-28,PRD-42FP633RKK4M,CLI-ZGDL1VGP7UKD,Adjustment,,3593358.43,COP,898.34,Web,,,,Colombia,Medellín,Approved,00,False,21.23,,
TRX-WR9AG000ZVLNZJO946QN,2026-05-28 06:44:38,2026-05-28,PRD-73MNSQC9IJN2,CLI-RWBMBK8Q0M3F,Payment,Food,1356.53,USD,,ATM,SUC-HVN55QJQ,,,México,Monterrey,Approved,00,False,28.99,,
TRX-BXT5EMFUVQSRMJZ1VAGF,2026-05-28 21:27:33,2026-05-28,PRD-LAMDVAFLZKI1,CLI-PCKJNFVCU6ZA,Payment,Food,43345.3,ARS,123.84,POS,,,,Spain,Barcelona,Approved,00,False,1.14,-33.9613154,-58.7014121
TRX-97IIK81HQ5SV5LG4M8LB,2026-05-28 08:41:56,2026-05-28,PRD-I2MKHI1UADAN,CLI-W7ZAMDJKXYEB,Deposit,,4540.0,USD,,ATM,,,,Colombia,Bogotá,Approved,00,False,17.81,,
TRX-WNWXWDX00YI0HY90YAG4,2026-05-28 22:16:10,2026-05-28,PRD-3Q6D24MNVTS9,CLI-KCHH2C7XXH79,Transfer,,1857.6,USD,,ATM,SUC-74OJEV5Z,,,México,Puebla,Approved,00,False,,0.7037509,-0.1024227
TRX-C6R0JY08N0PCT5UV4J0X,2026-05-28 16:11:50,2026-05-28,PRD-2X6U8WFVE24A,CLI-JHMEY4DB5H79,Transfer,,12701163.05,COP,3175.29,POS,,,,Colombia,,Approved,00,False,,4.8787045,-74.1042285
TRX-9R08W5MJ1EC4OOWKYZIJ,2026-05-28 15:45:52,2026-05-28,PRD-OS2YNPF81BAL,CLI-UX2ULXHWSVFG,Deposit,,2670.49,USD,,Web,,,,México,Querétaro,Approved,00,False,17.77,,
TRX-EDGJH5I9IO8OQT1MYD2W,2026-05-28 12:44:50,2026-05-28,PRD-L50H0Q9QNIFN,CLI-OVNHEPHM66JX,Transfer,,2439702.76,ARS,6970.58,App,,,,Argentina,La Plata,Approved,00,False,24.75,,
TRX-3Z11QS8X7SIHLQF7ZFNG,2026-05-28 10:57:58,2026-05-28,PRD-5VUA7F02PAZQ,CLI-R2V724J5K21M,Purchase,Entertainment,307.34,USD,,Transfer,,Cine Premium,Entertainment,México,Guadalajara,Approved,00,False,25.79,,
TRX-DS48PZK1UDZ3VQ09BI85,2026-05-29 02:46:24,2026-05-28,PRD-56DYH8WQG55Y,CLI-0ZT7KWUAS7WI,Purchase,Health,93462.27,ARS,267.04,POS,,Farmacia Salud,Health,Argentina,Rosario,Approved,00,False,17.34,,
TRX-EQHLTA56EKCPTV8ADMMN,2026-05-28 09:43:21,2026-05-28,PRD-BVM981XPNIT1,CLI-CMU24RZ2MGVB,Deposit,,7281976.07,COP,1820.49,App,,,,Colombia,Bogotá,Approved,00,False,26.56,,
TRX-VSMUQYWTUS8X7P1YR6R7,2026-05-28 20:06:53,2026-05-28,PRD-ZLMY2UKKTWEK,CLI-MFNIGOWGG632,Deposit,,1141.4,USD,,Web,,,,México,Querétaro,Approved,00,False,11.15,,
TRX-FSDRYMNRXROETJ63B9T7,2026-05-29 00:07:27,2026-05-28,PRD-85PSTTW570PH,CLI-5HII5PBDLSR9,Adjustment,,127.82,USD,,POS,,,,México,Puebla,Approved,00,False,7.84,,
TRX-WTVKK765DQ4GU5P2UKL1,2026-05-28 10:44:45,2026-05-28,PRD-MKVEJGR08FRP,CLI-LXWQP2874DK8,Purchase,Services,24.87,USD,,Web,,,Services,México,Monterrey,Approved,00,False,,,
TRX-O5LN9LRB8N7LCVMXVLK3,2026-05-29 04:52:46,2026-05-28,PRD-P06XNUEX4P9Z,CLI-C3UNKOR5ETND,Payment,Transport,392169.91,COP,98.04,POS,,,,Colombia,Cali,Approved,,False,4.29,3.8079936,-74.1009706
TRX-MQG10EX2ELLI23KSYZUO,2026-05-28 07:01:12,2026-05-28,PRD-RZI3JAJBGHCX,CLI-UOSP27SS49A4,Purchase,Other,923698.13,COP,230.92,Web,,Boutique Moda,Other,Colombia,,Approved,00,False,,,
TRX-WG6G4KR1NNIF9WMI7U1L,2026-05-28 11:34:03,2026-05-28,PRD-ECVW56XHETZY,CLI-IMIT1T0Y1CVY,Purchase,Services,110695.69,ARS,316.27,POS,,Cable TV,Services,Argentina,Córdoba,Approved,,False,2.74,-33.6222344,-59.2676965
TRX-J8Q4EXVQ6H70YZJOD3V5,2026-05-28 14:38:40,2026-05-28,PRD-0JW57LX9K9CW,CLI-FGLU8GAFI19H,Purchase,Food,185.81,USD,,Web,,Super Ahorro,Food,México,Ciudad de México,Approved,00,False,29.63,,
TRX-X68DIH767ZVJC78DHICY,2026-05-29 04:49:05,2026-05-28,PRD-GP8P73U2Q3JW,CLI-MMRQO8EDNSE3,Payment,Health,801.02,USD,,POS,,,,México,Querétaro,Approved,00,False,,,0.3018564
TRX-PY3R5KFOFCK0S6AO1HRV,2026-05-28 11:54:44,2026-05-28,PRD-MGR2XY2D0I5B,CLI-FF4Z4E5OYXX2,Payment,Transport,602196.91,ARS,1720.56,Web,,,,Argentina,Buenos Aires,Approved,00,False,29.76,,
TRX-1XZ98FGZ2PD3YSZ8M9ZE,2026-05-28 09:15:40,2026-05-28,PRD-1B1Z8E0UZBR5,CLI-QARH9PSFTLPE,Withdrawal,,76.9,USD,,ATM,,,,Mexico,Puebla,Approved,00,False,28.33,,
TRX-HW3068XBU2X5V11CQXK6,2026-05-28 18:50:59,2026-05-28,PRD-RBC3WN3WINBF,CLI-VW4LUUL9Q1NR,Purchase,Food,490.1,USD,,ATM,SUC-QMYSBASD,Restaurante El Buen Sabor,Food,México,Puebla,Approved,00,False,14.56,,
TRX-TZF2C9SFP22HCYH4HFXA,2026-05-28 11:10:55,2026-05-28,PRD-1UDR91CN94LM,CLI-G30JYLKO1VY7,Withdrawal,,256.24,USD,,POS,,,,Spain,Barcelona,Approved,00,False,7.31,,
TRX-KLDBOGADJYKKUFF835VD,2026-05-28 20:24:32,2026-05-28,PRD-8TVB4VJQLMT4,CLI-6HMIPUQHM1OQ,Purchase,Transport,76447.35,ARS,218.42,ATM,SUC-TUCFOESJ,Uber,Transport,Argentina,Buenos Aires,Pending,14,False,24.55,,
TRX-ZD8IZ3XC21VU5NE4R48W,2026-05-28 22:09:36,2026-05-28,PRD-FA0NVPHZO6Z0,CLI-RK7M0P1I61OH,Payment,Entertainment,232.27,USD,,Transfer,,,,México,Monterrey,Approved,00,False,,,
TRX-U0MXKTW4L8FUPOXTW8A3,2026-05-28 20:47:15,2026-05-28,PRD-O2TJPRLFEJMF,CLI-O3Y1H8BKTN1P,Deposit,,6050586.99,COP,,POS,,,,Colombia,Cali,Approved,00,False,0.27,,
TRX-WYV64P1DK7JO2TYEQSRX,2026-05-28 14:04:22,2026-05-28,PRD-0629334VNNUJ,CLI-VMRXDOEXB0DM,Withdrawal,,266198.6,COP,66.55,ATM,SUC-JA4P9IIP,,,Colombia,Cartagena,Approved,00,False,17.93,,
TRX-ZUK1RKPZ2ACA8E6X63LF,2026-05-28 06:13:30,2026-05-28,PRD-3QB8HS962JND,CLI-20ZLESHHBMUC,Withdrawal,,326.32,USD,,POS,,,,México,Guadalajara,Approved,00,False,23.74,,
TRX-ULSLD06OPV78W0476RI8,2026-05-28 23:42:03,2026-05-28,PRD-KLW8ATYTNOKM,CLI-GC04HNCEIK09,Payment,Transport,1697.89,USD,,Web,,,,México,Querétaro,Approved,,False,,,
TRX-HG3WGGCFTDKZTNICV533,2026-05-28 23:38:36,2026-05-28,PRD-RU8978VIF7WB,CLI-Y2GPK4U7RW0R,Adjustment,,28339.4,ARS,80.97,POS,,,,Argentina,Córdoba,Pending,14,False,15.9,,
TRX-5EMX925ZWBQWCO0BXNW1,2026-05-28 21:30:35,2026-05-28,PRD-1Y34ESAN1YUI,CLI-NSQ5YUIR7XF4,Deposit,,2983.0,USD,,ATM,SUC-DYPJLQVN,,,México,,Approved,00,False,28.93,0.2173574,0.220228
TRX-CYPAUVLGWMBC2WLIH3OZ,2026-05-29 02:39:34,2026-05-28,PRD-EUEQVTEZDDV7,CLI-9AGSALMS77FV,Withdrawal,,33785.57,ARS,96.53,ATM,SUC-571XLYQB,,,Argentina,La Plata,Approved,00,False,12.92,,
TRX-9JNBTVF177ESI3LAVNFI,2026-05-28 11:27:48,2026-05-28,PRD-TLHW6OBVTCCG,CLI-LE52ZFBME2A4,Purchase,Services,82.17,USD,,POS,,Internet Plus,Services,Argentina,Buenos Aires,Approved,00,False,0.29,,
TRX-YFM5V8SEO4DZVJNP7PQ1,2026-05-28 20:11:24,2026-05-28,PRD-962GFL4PWBON,CLI-OC2CSK9KAUBN,Deposit,,4915.73,USD,,POS,,,,México,Ciudad de México,Approved,00,False,,,
TRX-XXVS0SEQGM0CIGAAQ0PW,2026-05-29 05:49:21,2026-05-28,PRD-0S8S6RTKYXOR,CLI-A0FLXDDZ6TTI,Transfer,,7352984.92,COP,1838.25,POS,,,,Colombia,Cali,Approved,00,False,21.93,,
TRX-DBD2AL5U0HLX84U3DFUM,2026-05-28 20:36:25,2026-05-28,PRD-9TJ98XP7ZY14,CLI-OVIQP3ACXJJ2,Withdrawal,,206.63,USD,,Branch,SUC-IW55XIEY,,,México,Guadalajara,Approved,00,False,14.42,,
TRX-Q5D79QH8RGDKLVEDTM13,2026-05-28 15:10:51,2026-05-28,PRD-KOI1DZ4ZAWOD,CLI-VFVZ5LJ1F4G4,Purchase,Services,42.79,USD,,POS,,Empresa Telefónica,Services,México,Querétaro,Approved,00,False,8.41,,
TRX-F881DT2A3QUMPBZ39EPG,2026-05-28 12:34:43,2026-05-28,PRD-RJB6HTI9JY24,CLI-JVQFU7B5WK5R,Purchase,Services,29.61,USD,,POS,,Empresa Telefónica,Services,México,Puebla,Approved,00,False,2.25,,
TRX-8COUQDPF3E4RU5H8UQMT,2026-05-28 23:30:28,2026-05-28,PRD-6A2NNWN33DAG,CLI-MTB7WP05EZR4,Deposit,,1157.34,USD,,Web,,,,México,Monterrey,Approved,00,False,6.45,,
TRX-RNPRXN1GGBC921B7Q4I7,2026-05-28 14:56:36,2026-05-28,PRD-379AQ9YT0TSF,CLI-PDREK82T5V2T,Withdrawal,,402.77,USD,,POS,,,,México,,Approved,00,False,,,
TRX-6QZ7L9PW4XNCYTL0TS48,2026-05-28 18:07:41,2026-05-28,PRD-DUVM0JHVBZ0R,CLI-5M8ITD04H1UJ,Deposit,,930739.28,ARS,2659.26,ATM,SUC-YV8Q78LJ,,,Argentina,,Pending,14,False,,,
TRX-5NI5EC6JG6H1QVALQLL9,2026-05-28 17:48:15,2026-05-28,PRD-2BEAHXAIFF4H,CLI-ETT44IVBQKRJ,Deposit,,2118042.21,COP,529.51,POS,,,,Colombia,Barranquilla,Approved,00,False,,,
TRX-LJLZEK1ZYYKSS9QL815O,2026-05-29 02:56:27,2026-05-28,PRD-FLW4TEA2Q9JC,CLI-7JJPCNH3MN12,Deposit,,220.52,USD,,ATM,SUC-W04NBWY9,,,México,Monterrey,Approved,00,False,4.34,,
TRX-YNXY70QBGBL91RZSCKCF,2026-05-28 19:13:30,2026-05-28,PRD-92HITDWN8EW3,CLI-KLHTBAHBBAR5,Transfer,,1576694.64,ARS,4504.84,Branch,SUC-PJ3BSV1X,,,Argentina,La Plata,Approved,00,False,27.51,-34.1061507,-58.1353575
TRX-4MVEI4VSD7QQWOCNU49H,2026-05-28 09:16:14,2026-05-28,PRD-JKPVT669IV6V,CLI-37OZ2Z7NO1WL,Purchase,Transport,81.55,USD,,POS,,Estación de Servicio,Transport,México,Ciudad de México,Approved,00,False,,0.0883223,0.3383688
TRX-YYWWGD9A6Y3B20NRE8P9,2026-05-29 01:48:16,2026-05-28,PRD-NNQW9740IKYR,CLI-6SYAVPOP293E,Purchase,Transport,141791.86,ARS,405.12,POS,,Taxi Seguro,Transport,Argentina,Rosario,Approved,00,False,4.08,,
TRX-C6N6GU25EFBQYOZI0M19,2026-05-28 17:00:29,2026-05-28,PRD-VIARICF9WQ8S,CLI-NBWE5LB6WQ7H,Purchase,Other,173981.44,ARS,497.09,POS,,Ferretería,Other,Argentina,,Approved,00,False,,,
TRX-IR8848M4QVWM8EY2UC1H,2026-05-28 18:07:56,2026-05-28,PRD-EUIP6SIEH3FM,CLI-B6Q0R0IXTU4S,Deposit,,1350.73,USD,,App,,,,México,Guadalajara,Approved,00,False,13.72,,
TRX-71UY53O3JFE4S8ZPBH0V,2026-05-29 03:48:18,2026-05-28,PRD-S1FESDVINKOF,CLI-8XML4CISMU9P,Transfer,,5870786.37,COP,1467.7,App,,,,Colombia,Barranquilla,Approved,00,False,,,
TRX-726RM16UX6MBKK6L0RNG,2026-05-28 06:38:48,2026-05-28,PRD-0B83H13YL5H8,CLI-4AD9IKI6G5TI,Purchase,Other,177.55,USD,,ATM,SUC-4AVH1MSP,Centro Comercial,Other,México,Guadalajara,Approved,,False,28.92,0.206967,0.4906674
TRX-7WY6BGZFXZMWFVRD7T0L,2026-05-28 18:42:01,2026-05-28,PRD-TB3YH4EYSSRP,CLI-70XG6XXAMLLX,Withdrawal,,221.69,USD,,POS,,,,México,Tijuana,Approved,00,False,25.8,,
TRX-Q1EFNWU25FYN9RZ4DLA2,2026-05-28 06:08:39,2026-05-28,PRD-HOVKV2KHP393,CLI-MQHG6N83N928,Deposit,,2968.14,USD,,POS,,,,México,Querétaro,Approved,00,False,5.92,-0.2264625,-0.8131083
TRX-QGI0Y8IMKMOTNU0GM3KZ,2026-05-29 02:33:47,2026-05-28,PRD-ROIQ5UJGC15E,CLI-Q209QYBIPERB,Withdrawal,,337.82,USD,,POS,,,,México,Guadalajara,Approved,00,False,5.36,,
TRX-NY32AC1NO682Q8VMAPO6,2026-05-28 15:44:39,2026-05-28,PRD-B7QKLJ0HGY2X,CLI-IJXXBIAWDTJ9,Deposit,,875205.42,ARS,2500.59,Web,,,,Argentina,Buenos Aires,Approved,00,False,15.03,,
TRX-6ER4MNFCCIW61WHGEP3Q,2026-05-29 04:09:40,2026-05-28,PRD-KKO7GQAGXIXB,CLI-Q2REETEANOUA,Withdrawal,,116.43,USD,,POS,,,,México,Querétaro,Approved,00,False,,,
TRX-NT0Y7PPU0CWVD0RL67H2,2026-05-28 19:37:43,2026-05-28,PRD-4DPR83503QX5,CLI-QV7GIHTQJX70,Withdrawal,,190.9,USD,,POS,,,,México,Guadalajara,Approved,00,False,,,
TRX-LV9MZU4WEIRGVE97R0IA,2026-05-28 16:14:31,2026-05-28,PRD-QNTNLZAIQOZP,CLI-QARTWMA7FCMT,Withdrawal,,49490.71,ARS,141.4,ATM,SUC-2VHGDILI,,,Argentina,Córdoba,Approved,00,False,20.42,,
TRX-WFM8FKNESGPZ4V0DSMDE,2026-05-29 04:14:34,2026-05-28,PRD-YK1H3482IX58,CLI-EASYW6YX364P,Deposit,,15653747.6,COP,3913.44,ATM,SUC-XXUHP6O3,,,Colombia,Bogotá,Approved,00,False,,,
TRX-Y1R33HSDJ9AX6C67MIAM,2026-05-28 18:51:18,2026-05-28,PRD-QEJQ8ARY3XZ8,CLI-1DFUT4FW46TV,Transfer,,908.47,USD,,POS,,,,México,Monterrey,Approved,00,False,25.87,-0.5774656,-0.4820192
TRX-SMV23RS8W2S395U4UPZ7,2026-05-28 15:57:20,2026-05-28,PRD-A19EY6T7MWV7,CLI-7ZUSRV03MNJK,Payment,Transport,1683.96,USD,,POS,,,,México,Puebla,Approved,00,False,12.82,,
TRX-BF3CS4FBSUXSNG0QE8ND,2026-05-28 11:26:00,2026-05-28,PRD-S9NHG1U1EIGP,CLI-K0DP3CI7HWZG,Transfer,,3411414.2,ARS,9746.9,ATM,SUC-5YFUX3Z6,,,Argentina,Córdoba,Approved,00,False,29.92,,
TRX-7I9K47OE99IF34T3CJNZ,2026-05-28 14:54:09,2026-05-28,PRD-GF6YC6PNEWFY,CLI-XGP32CNUFIRK,Transfer,,1028.88,USD,,POS,,,,México,Guadalajara,Approved,00,False,22.91,,
TRX-G6G1EJQNVYW6AUG41PRZ,2026-05-28 22:06:18,2026-05-28,PRD-CNHNSCO6WXXZ,CLI-B05G4GG7GNJG,Transfer,,3488.81,USD,,POS,,,,México,Guadalajara,Approved,00,False,24.72,,
TRX-L1E7J3M1Z7FMD2T01CHR,2026-05-28 15:30:15,2026-05-28,PRD-7AJGTDOB0UKP,CLI-14U72GW3KCF1,Payment,Food,171373.8,ARS,489.64,POS,,,,Argentina,Córdoba,Approved,00,False,2.74,,
TRX-PAMETVYC3IFPYG5YOJ4J,2026-05-28 17:34:33,2026-05-28,PRD-4QX3UQ7OZRBG,CLI-7I7VU4ZH11QB,Payment,Entertainment,6351478.42,COP,1587.87,Web,,,,Colombia,Barranquilla,Approved,00,False,,,
TRX-IX7PV11EQI4RQQ9SGYTX,2026-05-28 13:37:26,2026-05-28,PRD-A5QFS2L9AI7X,CLI-SSA6V858W52H,Purchase,Entertainment,1194401.89,COP,298.6,ATM,SUC-EXKJNP13,Conciertos Live,,Colombia,Bogotá,Approved,,False,27.35,,
TRX-CNCVRKFRU87QJSGTUXX6,2026-05-29 02:58:02,2026-05-28,PRD-6AU4XONR6MJE,CLI-FHXX3M9Z0AG8,Purchase,Other,386387.67,COP,96.6,POS,,Boutique Moda,Other,Colombia,Barranquilla,Approved,00,False,15.71,,
TRX-1C4LISQI8CYMENVABU78,2026-05-29 01:26:57,2026-05-28,PRD-7OM1LHP1CLKM,CLI-JQJRDJFHLN58,Deposit,,822.94,USD,,ATM,SUC-KX44GJKB,,,México,,Approved,00,False,6.43,,
TRX-6BVW0XWPHEUO14LS09HD,2026-05-28 10:19:02,2026-05-28,PRD-3JGBQSZ86IJI,CLI-Q7UCJY9CDLLP,Deposit,,3965984.63,COP,991.5,POS,,,,Colombia,Bogotá,Approved,00,False,25.54,4.3081336,-74.7604777
TRX-D55J5JDFUGAB2GL0LEIR,2026-05-28 20:41:58,2026-05-28,PRD-3G1V0S6M90AX,CLI-QFC8UVJTSPD5,Deposit,,11856677.75,COP,2964.17,App,,,,Colombia,Cali,Approved,00,False,14.99,,
TRX-SJNMJ88GFHAMXLAHIMEO,2026-05-29 02:07:51,2026-05-28,PRD-0CSJMDW2AA7F,CLI-CA64Z3Z6A2LT,Payment,Other,6406864.14,COP,1601.72,POS,,,,Colombia,,Approved,00,False,0.37,5.0102548,-74.7464688
TRX-DA2L593UPJ52WE7MG5G4,2026-05-28 09:38:32,2026-05-28,PRD-O8PBGWWCCXXF,CLI-9XRZI8SO7NXW,Deposit,,947015.73,ARS,2705.76,ATM,SUC-G7HRTTDE,,,Argentina,La Plata,Approved,00,False,2.86,,
TRX-5BVCUOMIPCD08EO6OJW6,2026-05-28 11:56:31,2026-05-28,PRD-RKVI6FM61EJN,CLI-SPJORNWVPH9Q,Payment,Entertainment,779.9,USD,,ATM,SUC-JDXIVV9S,,,México,Tijuana,Approved,00,False,17.69,0.1147561,0.2010487
TRX-MA2S89TO9YW14ESKURSZ,2026-05-28 23:51:58,2026-05-28,PRD-B4R48OG4MFF4,CLI-67M0NBIW1M5J,Deposit,,6357426.92,COP,1589.36,POS,,,,Colombia,Medellín,Approved,00,False,,,
TRX-47G9KYJ5WA5Q7F4QYXHN,2026-05-28 23:17:23,2026-05-28,PRD-0CY0MW3TEXJA,CLI-714PN0OOE0WX,Purchase,Transport,25918.05,ARS,74.05,App,,Estación de Servicio,Transport,Argentina,Buenos Aires,Approved,00,False,,,
TRX-18EU5HLTT6G7N2WCHVX9,2026-05-28 15:55:11,2026-05-28,PRD-2N2E4V3KMWVU,CLI-CPWMSBAA92O7,Purchase,Entertainment,1971569.97,COP,492.89,Web,,Cine Premium,Entertainment,Colombia,Barranquilla,Declined,05,False,10.22,,
TRX-G6OUEBHO3U4VUWOIZKWS,2026-05-28 16:41:37,2026-05-28,PRD-25JRRO203D9I,CLI-H61TFFBOHR8R,Deposit,,4032.71,USD,,POS,,,,México,Ciudad de México,Approved,00,False,26.74,0.7003476,-0.6686845
TRX-2Q74FXQN16VEMBBP3IT9,2026-05-29 03:28:44,2026-05-28,PRD-0FQJD8LRBPKG,CLI-00KWML00C0O1,Deposit,,340.19,USD,,POS,,,,México,Guadalajara,Approved,,False,28.78,-0.8160501,
TRX-3OK34BH2LC7A39ZOB7O4,2026-05-28 10:57:28,2026-05-28,PRD-Z68WK1HUX8ER,CLI-87GVKD6DRCV8,Deposit,,4853.04,USD,,POS,,,,Argentina,Mendoza,Approved,00,False,5.01,,
TRX-I74NRPMINISFO16IN3YB,2026-05-29 03:25:41,2026-05-28,PRD-JXMLP6PRKCPT,CLI-SQPE1Z2DY6E5,Payment,Food,1424.86,USD,,Branch,SUC-H4YG9DLY,,,México,Guadalajara,Approved,00,False,26.75,0.2279609,
TRX-1HSC44FVF1S7KSI3DDZ1,2026-05-28 19:22:51,2026-05-28,PRD-2LOVKHT6CTVV,CLI-O98SGFEAK68K,Transfer,,3269.08,USD,,App,,,,México,Ciudad de México,Approved,00,False,17.51,,
TRX-FXN7SETDRTRQJ9DXRGBH,2026-05-29 00:33:36,2026-05-28,PRD-VWP5NS78M7R5,CLI-IKF2VQGRBBVY,Payment,Services,386775.72,ARS,1105.07,ATM,SUC-JH2YV47F,,,Argentina,Buenos Aires,Approved,00,False,7.16,,
TRX-0IVYC9OYO5LP3C76ISLJ,2026-05-29 05:59:45,2026-05-28,PRD-02F015KQ7IKJ,CLI-2BXEDAURJLG1,Payment,Entertainment,1977.11,USD,,POS,,,,México,Ciudad de México,Approved,00,False,24.8,,
TRX-5QHYMSGG2Z4ZR2NLWRAX,2026-05-29 02:50:12,2026-05-28,PRD-8HAP7A0Z2455,CLI-53KZ384IRRTG,Transfer,,7183.67,USD,,ATM,SUC-KD93KQ8I,,,México,,Approved,00,False,5.12,,
TRX-4BN7M0JFVJC58V2IV0AF,2026-05-28 17:23:30,2026-05-28,PRD-QTUN84VKSVJX,CLI-ZUKMSPZB7W0W,Purchase,Entertainment,93391.27,COP,23.35,POS,,Teatro Nacional,Entertainment,Argentina,Buenos Aires,Approved,00,False,14.27,,
TRX-3R53ZVL0UNB5LQIQCPZ0,2026-05-28 13:40:31,2026-05-28,PRD-RDDPVXU4CU9O,CLI-GZAFDBW5NFVU,Withdrawal,,1191585.67,COP,297.9,POS,,,,Colombia,Barranquilla,Approved,00,False,10.86,,
TRX-X5353WFET64DTBS1T3JO,2026-05-29 00:56:44,2026-05-28,PRD-7LJ6B41H0QAH,CLI-YM9BX0K3462J,Transfer,,250.42,USD,,App,,,,México,Guadalajara,Approved,00,False,27.45,,
TRX-DY4XMUFXGPD9YWFBKN8B,2026-05-28 10:43:28,2026-05-28,PRD-LFI219UC07WL,CLI-J2LM6ANE0URB,Deposit,,1075024.36,ARS,3071.5,POS,,,,Argentina,Mendoza,Approved,00,False,8.07,,
TRX-X53FLDM604RHXXYP18I4,2026-05-28 08:29:23,2026-05-28,PRD-UPPJLMTG678H,CLI-T5I7RA05DRQ8,Deposit,,190888.72,ARS,545.4,Web,,,,Argentina,La Plata,Approved,00,False,14.1,,
TRX-Z1FJZM84SGNN0KHG7K6Z,2026-05-28 12:14:13,2026-05-28,PRD-4D6T35TZ7AIC,CLI-R4WXRY63B7WI,Purchase,Food,1807404.71,COP,451.85,ATM,SUC-FF1CG8O5,Tienda Don José,Food,Colombia,,Pending,54,False,28.1,3.9798217,-73.3185184
TRX-RDOLUN1XYKB2GNF2ETTD,2026-05-28 22:23:13,2026-05-28,PRD-ERF9ATT1LUH3,CLI-A1T1MQGTI98C,Transfer,,396.55,USD,,POS,,,,México,Guadalajara,Approved,00,False,,,
TRX-XOGXUG6L78BZJDS0NUEV,2026-05-28 07:46:11,2026-05-28,PRD-EAUXYXBMYGN5,CLI-BRDZR74UIBD9,Purchase,Services,58.95,USD,,App,,Empresa Telefónica,Services,México,,Approved,00,False,,,
TRX-GSJDP83ZUCWOI27P2BEO,2026-05-28 14:43:09,2026-05-28,PRD-SAVOESSNR3Q3,CLI-YUMY89BJUNQG,Adjustment,,709.58,USD,,POS,,,,USA,Miami,Approved,00,False,,-0.4381776,-0.3909353
TRX-Y948QI7SMFXQ2W7NHXPN,2026-05-28 18:54:14,2026-05-28,PRD-CUH2BPNNOZ8Q,CLI-JXHKVP1J5E0E,Payment,Other,254.47,USD,,ATM,SUC-S3V4CSL0,,,México,Monterrey,Approved,00,False,1.91,,
TRX-3AIEQKKEC7Z3P8EL3N35,2026-05-28 20:01:00,2026-05-28,PRD-C2KT4E27XE7H,CLI-5RPTK43ASJDT,Payment,Food,1165.79,USD,,POS,,,,México,Guadalajara,Approved,00,False,14.59,-0.2309774,-0.7249733
TRX-831KCYLI7ZN3VA7RXDFS,2026-05-28 17:33:50,2026-05-28,PRD-9UUGNEOEBDXT,CLI-RHTGENKMMUSZ,Withdrawal,,107.94,USD,,ATM,SUC-I3D08YZO,,,USA,Houston,Approved,00,False,27.53,,
TRX-XUG8IQX6GSE14QWKYJQB,2026-05-28 20:22:28,2026-05-28,PRD-ZG9VMJ3IOD5M,CLI-29B0Z2YJM84O,Withdrawal,,147.35,USD,,Web,,,,Mexico,Puebla,Approved,00,False,,,
TRX-A3JJVO8LFOWUGSTKIG0L,2026-05-29 01:11:38,2026-05-28,PRD-AZI2V6ESW2AS,CLI-92GGR72QY373,Transfer,,237.82,USD,,App,,,,México,Monterrey,Approved,00,False,26.91,,
TRX-JE8OEH84E6VHYIPHE77Y,2026-05-28 13:21:22,2026-05-28,PRD-0TMIXGMP2BRA,CLI-KUC2TJ7Z4ZRB,Withdrawal,,73.05,USD,,Web,,,,México,Guadalajara,Approved,00,False,26.1,,
TRX-82JSMR20GYB004S8TPLB,2026-05-29 02:03:13,2026-05-28,PRD-F5CV0AZR81IY,CLI-6IFNN9P7PJ46,Payment,Entertainment,611672.14,COP,152.92,POS,,,,Colombia,Cali,Approved,00,False,15.79,3.7255365,-74.1062714
TRX-JPOXQ1F9BXAKHORSR9ON,2026-05-28 09:31:33,2026-05-28,PRD-U92TB82A9WFC,CLI-KPLZH6NG4Z3S,Transfer,,1307299.24,ARS,3735.14,ATM,SUC-06H3RFFA,,,Argentina,Buenos Aires,Approved,00,False,22.2,-34.1766376,-58.2065585
TRX-4ONG3HFC8MSA3OXM8IXE,2026-05-28 21:30:25,2026-05-28,PRD-HJPCMF0DMI07,CLI-QIXKULWCSI45,Payment,Entertainment,1030.38,USD,,ATM,SUC-JGB6PK8R,,,México,Guadalajara,Approved,00,False,21.73,-0.9456512,-0.004838
TRX-LOT7Z0BL7LQHRWVGXW1M,2026-05-28 20:56:19,2026-05-28,PRD-RBXRY398TGSN,CLI-7PI3BI2A75U2,Deposit,,17209914.37,COP,4302.48,ATM,SUC-YH0U3LVW,,,Colombia,Cali,Pending,54,False,12.94,,
TRX-MQQDQZWFMIFRDULO8ZTJ,2026-05-28 19:00:45,2026-05-28,PRD-BVK98ZGXL96K,CLI-ZGZIMWCOW2RW,Withdrawal,,391.27,USD,,App,,,,México,Querétaro,Approved,00,False,10.05,,
TRX-ZKFHB99WRVL8CGPUNQAM,2026-05-28 10:23:00,2026-05-28,PRD-3H7MX445ZFZ9,CLI-BKXIGYO7PPU9,Transfer,,747.93,USD,,POS,,,,México,Monterrey,Approved,00,False,27.61,0.5492914,0.2738959
TRX-VJV9HXGJ2BN6KGGI0ZXV,2026-05-29 04:08:33,2026-05-28,PRD-7WX5J3UMH926,CLI-7RDA8ALD286H,Withdrawal,,152148.95,ARS,434.71,Web,,,,Argentina,Mendoza,Approved,00,False,29.55,,
TRX-KUXA6KC08ZFMGPH09NSV,2026-05-29 04:49:35,2026-05-28,PRD-HNFX1TUQ3IPL,CLI-1EP6H78KKIQX,Purchase,Transport,823084.93,COP,205.77,POS,,Gasolinera Express,Transport,Colombia,Cartagena,Approved,00,False,3.54,5.1880156,-73.6565198
TRX-FD77WM8LGNUDBTPZ5CAH,2026-05-28 10:24:05,2026-05-28,PRD-PJT4AFM5ZX4X,CLI-YKY11AHQ0EGR,Withdrawal,,1162762.54,COP,290.69,POS,,,,Colombia,Barranquilla,Approved,,False,26.46,4.9706338,-74.1181052
TRX-KYHQE5RAJNGBGTF0EI5S,2026-05-28 22:52:34,2026-05-28,PRD-IGD0NWAOSMLC,CLI-PJXXKK887AKS,Purchase,Transport,145.43,USD,,POS,,Taxi Seguro,Transport,México,Ciudad de México,Approved,00,False,22.11,-0.2481311,
TRX-857HDTJR6XU2MVCFL5XB,2026-05-28 19:43:05,2026-05-28,PRD-3TCDJGOSMKO7,CLI-Y60HZX5EZKTP,Payment,Other,57088.13,ARS,163.11,POS,,,,Argentina,Mendoza,Approved,00,False,5.91,,
TRX-J9N6S06SDIZDX79TINDB,2026-05-28 20:21:25,2026-05-28,PRD-LOAWDE8VAUJT,CLI-GO768S6SRX0V,Adjustment,,679.88,USD,,Web,,,,México,Tijuana,Approved,00,False,12.92,,
TRX-U4TJZOLM34VD3W3NZEOI,2026-05-28 21:57:33,2026-05-28,PRD-EQGYTHY3575K,CLI-KOUXLN69V5MO,Transfer,,6166.16,USD,,POS,,,,México,Tijuana,Approved,00,False,,,
TRX-YSAESA6U7XN6DPLM64QP,2026-05-28 21:45:40,2026-05-28,PRD-MX2F4VY9GR05,CLI-0HCLN1TJ0A18,Adjustment,,718.59,USD,,Web,,,,México,Tijuana,Approved,,False,23.64,,
TRX-ZBDLN5PS3X8TO20YMSOP,2026-05-28 21:10:59,2026-05-28,PRD-Z2CX1I2FZT5E,CLI-HJK3PLTU8HCN,Deposit,,1107.73,USD,,ATM,SUC-VTIA5X8Y,,,México,Monterrey,Approved,00,False,29.66,,
TRX-AAXYMGF6K0VK6CI7WYBF,2026-05-29 03:43:19,2026-05-28,PRD-W2ABTX2WIQ9E,CLI-A191V1OJULMH,Payment,Food,6049444.55,COP,1512.36,Branch,SUC-EMGR60PV,,,Colombia,Medellín,Approved,00,False,,,-74.2168583
TRX-BRFTJ8QPW5WT3YL2VY2N,2026-05-28 14:32:09,2026-05-28,PRD-EWS3ZP07K117,CLI-56PD4JBM1T5B,Purchase,Other,453.23,USD,,App,,Centro Comercial,Other,México,Puebla,Approved,00,False,21.27,,
TRX-LMWK5Z29MH92AA06T223,2026-05-28 16:29:10,2026-05-28,PRD-7I79RFI1TYDZ,CLI-KGOIP7YSY3AZ,Payment,Food,592.41,USD,,ATM,SUC-74OJEV5Z,,,México,Ciudad de México,Approved,00,False,26.31,0.31151,-0.4703495
TRX-4Y3TE5HHQZD9K7MFMNF7,2026-05-28 11:33:51,2026-05-28,PRD-T25WZNQZ9UF4,CLI-5WUPMRVMUA69,Payment,Services,952.21,USD,,Transfer,,,,México,Ciudad de México,Approved,00,False,0.4,,
TRX-N4DAME9LZJJZZMBAN4Z7,2026-05-29 05:58:20,2026-05-28,PRD-SSMTMXI3OCR5,CLI-P5SPWMXFJ8GU,Deposit,,8420981.87,COP,2105.25,App,,,,Colombia,Bogotá,Approved,00,False,,,
TRX-KPAU8E26MGAP1MATO0IS,2026-05-29 04:38:56,2026-05-28,PRD-RWCE3B6EXR19,CLI-I9USUQ15CAUN,Payment,Health,1332.9,USD,,App,,,,México,Ciudad de México,Approved,00,False,,,
TRX-VDL9YHDWFI891C8VQ185,2026-05-29 05:20:50,2026-05-28,PRD-HVVT80AOBOXM,CLI-VU98IVOFEARC,Transfer,,17475749.29,COP,4368.94,ATM,SUC-A4SSWF0H,,,Colombia,Bogotá,Approved,00,False,26.58,,
TRX-LH0JA26KS66MBLT2UGKG,2026-05-28 12:58:42,2026-05-28,PRD-EHOWK2TRFK6Y,CLI-PS8V824REOO8,Transfer,,2341732.93,ARS,6690.67,Web,,,,Argentina,Mendoza,Approved,00,False,21.73,,
TRX-LXO03OT97B9WUGU8M04C,2026-05-28 21:40:13,2026-05-28,PRD-O3K0XPLW8TBL,CLI-2CFPDW6P9CYO,Payment,Entertainment,1192.87,USD,,ATM,SUC-PFXHRCSW,,,México,Querétaro,Declined,14,False,0.57,,
TRX-HAFRR958NME26BXINBWB,2026-05-28 19:32:16,2026-05-28,PRD-C0ETQIBID1EC,CLI-VYJ1BNNUFXLC,Withdrawal,,330.67,USD,,ATM,SUC-98QOW3F1,,,México,Querétaro,Approved,00,False,,-0.7570326,0.8805479
TRX-JA2O01RFLD7H3AF29JQQ,2026-05-28 16:18:07,2026-05-28,PRD-6XZ4WUKO4JJ2,CLI-8I0UQUJ60KVW,Withdrawal,,111859.76,ARS,319.6,Web,,,,Argentina,Buenos Aires,Approved,00,False,18.44,,
TRX-MLJ4HPLXQE0OX7MPUPES,2026-05-28 10:12:39,2026-05-28,PRD-A9TZINWEORVT,CLI-EDV4OEL51I6N,Transfer,,7727.71,USD,,ATM,SUC-YOXS8L6B,,,México,Puebla,Approved,00,False,7.26,,
TRX-POIDMPJRYXBJCQGSTX00,2026-05-28 10:44:48,2026-05-28,PRD-6OWLXGPGC55N,CLI-9TKVRGIS9787,Payment,Food,4225881.43,COP,1056.47,Web,,,,Colombia,Cartagena,Approved,00,False,3.28,,
TRX-1UHEBR07YS9P4GXE3LD4,2026-05-28 06:47:42,2026-05-28,PRD-WSLCFP6F88SM,CLI-GRIXZNYFJTFY,Purchase,Health,1341771.28,COP,335.44,App,,Clínica Médica,Health,Colombia,,Approved,00,False,29.33,,
TRX-CYFT5WVTB5Y600ZHLFG9,2026-05-28 07:09:05,2026-05-28,PRD-2JJ25OFN79UF,CLI-XO5F0NRLAT37,Purchase,Entertainment,148827.16,COP,37.21,App,,Teatro Nacional,Entertainment,Colombia,Cartagena,Approved,00,False,22.41,,
TRX-ZMURJ3YFYWL9KNAQOHF0,2026-05-28 09:57:59,2026-05-28,PRD-JZ84VYLTSK9F,CLI-JXJ392H38EDY,Transfer,,16239364.45,COP,4059.84,ATM,SUC-XV4BJ541,,,Colombia,,Approved,00,False,27.8,4.0037035,-74.3002319
TRX-VC6CW3VTRPEWEG241MEN,2026-05-28 08:31:38,2026-05-28,PRD-JCU10UG0F941,CLI-1E65JPCXYSME,Deposit,,4784.5,USD,,ATM,SUC-F03D129S,,,Brazil,Brasília,Approved,00,False,29.78,,
TRX-ZXJEAFIZDUDNBIA29R5Z,2026-05-28 06:57:18,2026-05-28,PRD-M5OIA9J8APFM,CLI-ONSGC8GRJMAN,Withdrawal,,96.89,USD,,App,,,,México,Puebla,Pending,51,False,26.22,,
TRX-L1I7O4P08CS2IIZSMR78,2026-05-28 15:33:49,2026-05-28,PRD-XJSB54BBTD2F,CLI-MZSJ59IWJKJP,Payment,Transport,213.01,USD,,POS,,,,México,Ciudad de México,Approved,00,False,3.87,,
TRX-FNDMLBCH385TKJ0G5TYY,2026-05-28 22:34:54,2026-05-28,PRD-V4GT8HIDRKLY,CLI-GW7VH3MIYC1S,Withdrawal,,898735.03,COP,224.68,Transfer,,,,Colombia,Bogotá,Approved,00,False,12.57,,
TRX-SU5M3UL96C6Y6U64AIID,2026-05-29 01:14:48,2026-05-28,PRD-1C8O25A69DKL,CLI-1DQ45LLOBN32,Transfer,,2202563.62,ARS,6293.04,POS,,,,Mexico,Guadalajara,Approved,00,False,1.84,-35.1969946,-57.4379718
TRX-JYOKBTIM2822NKBQC82P,2026-05-28 14:25:23,2026-05-28,PRD-AMMNYO5LKV4N,CLI-1GPPZ2NSA70V,Payment,Health,1520.0,USD,,Web,,,,México,Guadalajara,Approved,00,False,24.94,,
TRX-D496KCY569GNQXE9JY3F,2026-05-28 17:47:01,2026-05-28,PRD-8QRA7QFC3BMO,CLI-3ZDZEPS8C9GE,Deposit,,1192293.99,ARS,3406.55,Web,,,,Argentina,Buenos Aires,Approved,00,False,22.11,,
TRX-CPFOPGMIRFQSOWIK47DP,2026-05-28 09:36:05,2026-05-28,PRD-G2Z2REMC5Q2R,CLI-PP3UPSFUN1MO,Purchase,Health,58227.4,ARS,166.36,App,,Clínica Médica,Health,Argentina,Buenos Aires,Approved,00,False,28.67,,
TRX-QP1F92OHB0PNJDE7PN6Z,2026-05-28 22:09:41,2026-05-28,PRD-V6KMINBGS5WQ,CLI-ALZCG1ZRQZI2,Deposit,,4765.42,USD,,App,,,,Argentina,Córdoba,Approved,00,False,,,
TRX-6L9ODOD87A03X911G7MB,2026-05-28 13:31:13,2026-05-28,PRD-0SH0R0V7Q3TQ,CLI-8KJ6FSCJEDZL,Withdrawal,,53.94,USD,,POS,,,,México,Puebla,Approved,00,False,22.94,,
TRX-4T5ID3XGCDUTB96RM5NG,2026-05-29 02:49:40,2026-05-28,PRD-NVI9YA2C2HBM,CLI-F042H6ERS8BY,Deposit,,3189.81,USD,,ATM,SUC-5R12FFLE,,,México,,Approved,00,False,6.91,,
TRX-6XWK5HTJI77AZ3QI798T,2026-05-28 20:45:26,2026-05-28,PRD-5YJ8BOFOHU64,CLI-NVEHMHO4ZO8G,Purchase,Other,127974.44,ARS,365.64,POS,,Tienda General,,Argentina,La Plata,Approved,00,False,7.79,,
TRX-KX63OMJFWOBCX7GFGXZH,2026-05-29 02:11:28,2026-05-28,PRD-PZMK3OJQQCIF,CLI-E27XC4599H5K,Deposit,,4482423.55,COP,1120.61,ATM,SUC-5AXOWGN3,,,Colombia,Medellín,Approved,00,False,,,
TRX-Z2P9SXPRYRPQP8ATRI81,2026-05-29 04:31:00,2026-05-28,PRD-2W3EM95YWGQM,CLI-PQZ2T9Y4CIK6,Transfer,,13472705.56,COP,3368.18,POS,,,,Colombia,Cali,Approved,00,False,17.06,5.1683492,-74.0139278
TRX-DJRE3OS90EQJT3YUMEHN,2026-05-28 22:04:16,2026-05-28,PRD-13O7KA2IGL7E,CLI-A4SR94MER4SG,Purchase,Entertainment,382454.02,COP,95.61,Web,,Streaming Music,Entertainment,Colombia,Cartagena,Approved,00,False,12.48,,
TRX-1WODN7MBWGTG48UGBR1W,2026-05-28 19:00:59,2026-05-28,PRD-KBXBJU657KID,CLI-ZTMTUF6QJ5LV,Deposit,,4131.69,USD,,Web,,,,México,Ciudad de México,Approved,00,False,2.24,,
TRX-GVWZSU7TWSP4Z619E1D2,2026-05-28 17:50:43,2026-05-28,PRD-SQM8OD7GSTF0,CLI-OD2XOQN57G44,Transfer,,9231304.55,COP,2307.83,App,,,,Colombia,,Approved,00,False,,,
TRX-QF61UDTZ476SXZXU1WIO,2026-05-28 20:43:03,2026-05-28,PRD-4L7HPKENK9PA,CLI-5KFJNOJE8VHK,Withdrawal,,1126530.61,COP,281.63,POS,,,,Colombia,,Approved,00,False,23.36,4.3347176,-74.8325824
TRX-9DR4WPDIGZV8SH737UOY,2026-05-28 20:14:33,2026-05-28,PRD-QWOVR5NMGR20,CLI-ZHJMWQ4OGH69,Payment,Food,1013.14,USD,,Branch,SUC-XSMNXFJN,,,México,Querétaro,Approved,00,False,3.63,,
TRX-XVOQIH13TF1VOCYJDJXY,2026-05-28 18:05:15,2026-05-28,PRD-WWPFST1AOEC8,CLI-8ASHYJJOFC8T,Transfer,,1320.96,USD,,POS,,,,México,Guadalajara,Approved,00,False,13.13,-0.3341687,-0.2658086
TRX-C55GPDJ1H49841H8C12Q,2026-05-28 18:13:33,2026-05-28,PRD-CIUD42C5708R,CLI-8BNI8HNQ6UTN,Deposit,,11143866.06,COP,2785.97,POS,,,,Colombia,Medellín,Approved,00,False,12.62,,
TRX-4FQII9J5A0326UMK3UJ4,2026-05-29 00:54:47,2026-05-28,PRD-73JP9F66CMMX,CLI-EADWFFJ4AU97,Deposit,,4929.88,USD,,POS,,,,México,Puebla,Approved,00,False,6.5,,
TRX-6P5Y1H0VFDHLZWPZAYK7,2026-05-28 14:08:19,2026-05-28,PRD-3PIJDD95NZ3F,CLI-QM49IIDQRFGB,Purchase,Entertainment,79543.43,ARS,227.27,Web,,Cine Premium,Entertainment,Argentina,La Plata,Declined,54,False,4.16,,
TRX-FOL29H4P58RNB6F7OYJY,2026-05-28 15:43:00,2026-05-28,PRD-QLPLRC1V3N9I,CLI-BEHB35GRWZS7,Deposit,,4351810.05,COP,1087.95,App,,,,Colombia,Cartagena,Approved,00,False,5.15,,
TRX-N5C7KIM50I6FD4ZK3Z1B,2026-05-28 15:46:59,2026-05-28,PRD-OSNCU0O5VZZT,CLI-KB6YYCDVWOL7,Deposit,,6564603.74,COP,1641.15,ATM,SUC-CG5XPAZU,,,Colombia,Bogotá,Approved,00,False,3.18,5.3689943,-73.6841149
TRX-7EK979TN65UHACPR9K5O,2026-05-28 12:08:42,2026-05-28,PRD-1QT3Y8TS8RJB,CLI-TTIRVYRY9L53,Deposit,,13690018.79,COP,,POS,,,,Argentina,Buenos Aires,Approved,00,False,,,
TRX-XYRMFC80X9ATVFQ216M5,2026-05-28 20:56:08,2026-05-28,PRD-KOTIK7H8L8PU,CLI-77UYOWKE4NSH,Withdrawal,,116859.36,ARS,333.88,ATM,,,,Argentina,Mendoza,Approved,00,False,10.75,,
TRX-V5CXXSFC0M7L7SS9CB98,2026-05-28 20:53:27,2026-05-28,PRD-OIXMLUQHH5BE,CLI-NZ5030Z9RTI8,Deposit,,17337652.83,COP,4334.41,Web,,,,Colombia,Bogotá,Approved,00,False,29.93,,
TRX-69URD5JGH65BQDOCKVZ4,2026-05-28 21:10:06,2026-05-28,PRD-MD05TDJI37WB,CLI-WB1QBEGBO9G1,Purchase,Health,473.05,USD,,ATM,SUC-6RHR3MME,Clínica Médica,Health,México,Puebla,Approved,,False,23.72,,-0.0321736
TRX-ASJVOG9AWF9XF6E9UTX4,2026-05-28 22:17:19,2026-05-28,PRD-NM74J389RQ0B,CLI-1HRHSZ05P024,Purchase,Food,81842.46,ARS,233.84,Web,,Mercado Central,Food,Argentina,Rosario,Approved,,False,12.44,,
TRX-FJK9QXWVCLHKKVODLZN6,2026-05-29 04:40:22,2026-05-28,PRD-5YKNWG70Z1JX,CLI-9KVLCQ0ZWKT1,Payment,Transport,354543.06,COP,88.64,POS,,,,Colombia,Cali,Approved,00,False,7.04,3.9080416,-73.5632146
TRX-1CB5FH7N8Y2E4Q6LHOMJ,2026-05-28 13:41:48,2026-05-28,PRD-I4B1215Y0WB6,CLI-IT8WM9GO1XUT,Purchase,Transport,106037.96,ARS,302.97,POS,,Taxi Seguro,Transport,Argentina,Buenos Aires,Approved,00,False,,,
TRX-1XK1MKJB9Y8VV7C0GG14,2026-05-28 09:20:08,2026-05-28,PRD-AJ49FZV067PD,CLI-WE3Z04BZINQN,Withdrawal,,146.97,USD,,ATM,SUC-PUPXM7MA,,,México,,Approved,00,False,3.59,,
TRX-JGPQBTKXIV9T7E10WG6N,2026-05-29 00:48:50,2026-05-28,PRD-DXG9AMK078GL,CLI-RN6SRDE9C6ZY,Purchase,Entertainment,337.57,USD,,Web,,Teatro Nacional,,México,,Approved,00,False,,,
TRX-VSWXZNQ5Q7978ZH0QLFG,2026-05-28 20:57:47,2026-05-28,PRD-Z1PMX6JAH6Q1,CLI-97WW3J2D3ABT,Purchase,Transport,1048001.12,COP,262.0,App,,,Transport,Colombia,Bogotá,Approved,00,False,14.54,,
TRX-R4LVPTPZIP4N3VR1JZDR,2026-05-29 02:25:58,2026-05-28,PRD-DII6OLUPKUSR,CLI-QSWGLEV5A2JC,Payment,Transport,1521658.35,COP,380.41,Web,,,,Colombia,Medellín,Pending,05,False,25.98,,
TRX-6SYW84TVHWCGAMXRQE44,2026-05-28 20:37:42,2026-05-28,PRD-XV6QRE9OURDY,CLI-F0PCTFRT4GBK,Purchase,Food,134626.62,ARS,384.65,ATM,SUC-6M2HY1ZX,Restaurante El Buen Sabor,Food,Argentina,Rosario,Approved,00,False,7.26,,
TRX-IN3774AEUVRE61BXO8HO,2026-05-29 03:08:24,2026-05-28,PRD-4TL8PIEWYCS6,CLI-Q1DBF5X31E85,Withdrawal,,309.01,USD,,Web,,,,México,Puebla,Approved,00,False,,,
TRX-86K1FJW8FRL4ARS1J5OJ,2026-05-28 06:32:54,2026-05-28,PRD-L15E908B8WJV,CLI-PRMTLXLCD5E5,Withdrawal,,240193.29,COP,60.05,POS,,,,Colombia,Medellín,Approved,00,False,23.99,,
TRX-W6JJR12YBE4PYLS75CB0,2026-05-29 00:51:38,2026-05-28,PRD-64KLJVQVRW32,CLI-7LTYHMY87IWA,Purchase,Entertainment,106904.66,COP,26.73,POS,,Cine Premium,Entertainment,Colombia,,Pending,05,False,2.35,,
TRX-0S4GGPAF2N2YKQU75936,2026-05-28 07:12:42,2026-05-28,PRD-XTJB406TR7CD,CLI-EFG2KARKL3Y3,Transfer,,9245939.34,COP,2311.48,POS,,,,Brazil,Rio de Janeiro,Approved,00,False,14.14,,
TRX-D892T6IBPTQZD0RTJSSY,2026-05-28 14:23:49,2026-05-28,PRD-TXKJGE9JBR0V,CLI-KEPEGLRC5FMZ,Deposit,,2708.57,USD,,ATM,SUC-7L3EZA71,,,Argentina,Mendoza,Approved,00,False,,-33.7997302,-57.4653013
TRX-9128GCCQYR0IDKD3OCPD,2026-05-28 09:47:41,2026-05-28,PRD-BU1IZRXXNLWT,CLI-IP91WC4ZC4EP,Withdrawal,,112998.92,ARS,322.85,ATM,SUC-G7HRTTDE,,,Argentina,Mendoza,Approved,00,False,,-34.6345116,-58.3401076
TRX-KCJVP4WA80COTEAKVRTD,2026-05-29 02:40:15,2026-05-28,PRD-PIHQU0DWFKPW,CLI-6XB1YA7VXIFK,Withdrawal,,418.85,USD,,Web,,,,México,,Approved,00,False,23.4,,
TRX-RUD5LEDY6SD4U4L9WBQA,2026-05-28 09:53:36,2026-05-28,PRD-GIQI026WY9F6,CLI-RCZLV76I0041,Transfer,,23444981.8,COP,5861.25,Web,,,,Colombia,Bogotá,Approved,00,False,26.67,,
TRX-E2H0961LRMF2KTT8WKO2,2026-05-28 22:13:37,2026-05-28,PRD-JXN27U8Q0EH1,CLI-45MCDYUWCOMH,Transfer,,10017632.01,COP,2504.41,Web,,,,Colombia,Cartagena,Approved,00,False,7.4,,
TRX-ZWUNCB2OEZJTT1HZ0SRX,2026-05-28 16:02:49,2026-05-28,PRD-6MJI843VQ3IZ,CLI-Z7YN8VJ6UZI5,Withdrawal,,90.22,USD,,POS,,,,México,Tijuana,Approved,00,False,20.52,,
TRX-37VXQ0L03GOU8A33478X,2026-05-28 08:52:13,2026-05-28,PRD-ID57K0K137HF,CLI-CDROEKW73TYB,Transfer,,37300969.99,COP,9325.24,POS,,,,Colombia,Cali,Approved,00,False,24.03,,
TRX-KBQQOAEXIESLRB9DSPD2,2026-05-28 06:32:17,2026-05-28,PRD-D5BO8XAPYGA0,CLI-185BR4XPHCNQ,Payment,Other,59370.97,ARS,169.63,POS,,,,Argentina,Mendoza,Approved,00,False,12.01,,
TRX-RKDUOR1MK0YAHCU38JRY,2026-05-29 04:03:19,2026-05-28,PRD-AJW196739GM3,CLI-51E38PP378QT,Withdrawal,,168374.6,ARS,481.07,Web,,,,Argentina,La Plata,Approved,00,False,16.47,,
TRX-H5J81DLZSAC9T6UAI4XY,2026-05-29 03:14:21,2026-05-28,PRD-EYLRKBXX60GM,CLI-TGHJ4SBNGPKL,Transfer,,11488504.81,COP,2872.13,Transfer,,,,Colombia,,Approved,,False,13.87,,
TRX-KUK3USDXD94YTNQCWTWR,2026-05-28 21:15:16,2026-05-28,PRD-JL721MNXHXYL,CLI-8B2BKNJ8YK08,Transfer,,39607124.61,COP,9901.78,POS,,,,Colombia,Bogotá,Approved,00,False,11.57,,
TRX-6N6Z2HBVM5HPUVJIEG5R,2026-05-28 08:44:56,2026-05-28,PRD-HAAGXQE5IOBD,CLI-AXRN4GPYOJUC,Purchase,Other,102.02,USD,,ATM,SUC-8RYAQ0NO,Centro Comercial,Other,México,Tijuana,Approved,00,False,7.15,-0.4428308,-0.9454409
TRX-5ZLII7PPS7XNZB58J5Q7,2026-05-28 12:52:34,2026-05-28,PRD-ZICCGFPI0R4U,CLI-GSNG3PNQ1GPA,Transfer,,4942.52,USD,,Web,,,,México,Monterrey,Approved,00,False,17.0,,
TRX-CO8TFMF0NBAIMVAIJ6RC,2026-05-28 10:08:56,2026-05-28,PRD-BPA1NKLNQ7TJ,CLI-OP0R7TFZK4HS,Withdrawal,,1184629.89,COP,296.16,ATM,SUC-WH83BE50,,,Colombia,Cali,Declined,05,False,,,
TRX-XY40YPE32XB4V8A9HB6R,2026-05-28 20:19:51,2026-05-28,PRD-DDKP108NMJ08,CLI-1BGAG8OMT2WJ,Transfer,,6372.46,USD,,Web,,,,México,Ciudad de México,Approved,00,False,,,
TRX-UYIJNN7JTR6PD672X5OQ,2026-05-28 13:19:41,2026-05-28,PRD-5ZMZA0O3MA7E,CLI-FV10CG227OU8,Purchase,Health,1663938.02,COP,415.98,POS,,Óptica Visión,Health,Colombia,Bogotá,Approved,00,False,26.57,,
TRX-3EDT2UQCD99HB4F3NLPH,2026-05-28 23:29:54,2026-05-28,PRD-4IKFQGVW1C3F,CLI-PFR13H57XW73,Transfer,,5263.36,USD,,POS,,,,México,Guadalajara,Approved,00,False,13.32,,
TRX-FE3LSD78N2B3BVGLGDH4,2026-05-28 09:18:10,2026-05-28,PRD-ZGLKPL1QTLTG,CLI-P9NR6PTFY2SK,Deposit,,818461.13,ARS,2338.46,POS,,,,Argentina,Mendoza,Declined,05,False,6.57,,
TRX-FEBMG7X5HQGSPM7LH45G,2026-05-29 00:31:10,2026-05-28,PRD-8R0TE6X1NAON,CLI-4CXBYM8C3EZD,Transfer,,6638.69,USD,,POS,,,,México,Guadalajara,Approved,00,False,,,
TRX-EXV2MLEUTEQ35P3DFZ8F,2026-05-28 23:43:00,2026-05-28,PRD-933ECMMEQSXR,CLI-2UTH3LAK0EE8,Transfer,,35366578.51,COP,8841.64,Web,,,,Colombia,Cartagena,Approved,00,False,5.72,,
TRX-WBUYC11T9W18XCLJO77S,2026-05-28 09:58:17,2026-05-28,PRD-B2RJYIAMDIOU,CLI-OBOPXVNJ6S3A,Purchase,Transport,1424421.36,COP,356.11,POS,,Estación de Servicio,Transport,Colombia,Cali,Approved,00,False,,5.6586305,-73.6943844
TRX-N368CXCFQ1GU4UGZK33B,2026-05-28 10:23:45,2026-05-28,PRD-9Y0W4MZP5SKN,CLI-DH781B0B4QCC,Deposit,,844012.86,ARS,2411.47,Web,,,,Argentina,Mendoza,Approved,00,False,19.04,,
TRX-A8ECKCG4G27PWF9OSM1R,2026-05-28 22:29:51,2026-05-28,PRD-GXTHW9GIS347,CLI-E2L3DB32ODGI,Withdrawal,,1714188.69,COP,428.55,POS,,,,Colombia,Cartagena,Approved,00,False,26.91,,
TRX-1C8AU66YXIBU10RVVSN2,2026-05-28 17:49:17,2026-05-28,PRD-QGHZWELNERUJ,CLI-MZ2BB1IQWWCT,Purchase,Services,59.42,USD,,ATM,SUC-T4RE29NP,Cable TV,Services,México,Querétaro,Pending,51,False,,,
TRX-17HJF0ZJQI734SNTC81G,2026-05-28 11:39:42,2026-05-28,PRD-17QJ9CHBTD08,CLI-QVRPDDOT686N,Payment,Entertainment,547.55,USD,,Web,,,,México,Querétaro,Approved,00,False,11.01,,
TRX-ZSRLEAM97QDQYC458ZMT,2026-05-28 09:56:45,2026-05-28,PRD-1TUEYPSE5CF8,CLI-MXUHO3VU15LC,Transfer,,37282744.27,COP,9320.69,Web,,,,Colombia,,Approved,00,False,,,
TRX-G8T44IYK476AI6042WAP,2026-05-29 01:11:12,2026-05-28,PRD-M28T9UWMIW69,CLI-EJDKGT9IKV4W,Payment,Food,1582.07,USD,,ATM,SUC-KNGCTTUB,,,México,Puebla,Approved,00,False,16.07,,
TRX-IXXCYDPKM8449VEK0FCZ,2026-05-28 06:41:23,2026-05-28,PRD-3SHEG6F1OKI9,CLI-LJ1N8IFMVIZR,Transfer,,1196403.25,ARS,3418.3,Branch,SUC-UVQ9U0YO,,,Colombia,Medellín,Approved,00,False,25.51,,
TRX-MSZLJVH2DI3ALUDBFB4Q,2026-05-29 00:25:37,2026-05-28,PRD-W3QMJ5SAKHIQ,CLI-AZDDNLXNZA1Q,Deposit,,1238525.73,ARS,3538.64,App,,,,Argentina,Rosario,Approved,00,False,14.51,,
TRX-6KKL93HLL7HGBN60P83V,2026-05-29 04:04:20,2026-05-28,PRD-YCW6Z9CKQO9H,CLI-C59SOF8SFAMB,Purchase,Food,278.77,USD,,ATM,SUC-RJSJ0B0X,Mercado Central,,México,Monterrey,Approved,00,False,16.68,-0.22226,-0.6611246
TRX-J29UQPWO1NZAMFZ7O3TV,2026-05-28 09:26:54,2026-05-28,PRD-3ZP6W1F2UODD,CLI-CD6EINVG4INP,Withdrawal,,43.97,USD,,ATM,SUC-JJT8C9XQ,,,México,Ciudad de México,Approved,00,False,9.11,,-0.4500355
TRX-J773WKIQFCWAFXE2G74C,2026-05-28 10:11:38,2026-05-28,PRD-QHNHQXAEWKY0,CLI-Q8CITUN5EBA9,Withdrawal,,1372504.76,COP,343.13,Web,,,,Colombia,Barranquilla,Approved,00,False,18.2,,
TRX-CG6YR0KOJP4UV1MAWJLI,2026-05-28 11:15:18,2026-05-28,PRD-5CTR8GNAILQY,CLI-DDCV728OBN18,Transfer,,14683685.03,COP,3670.92,Web,,,,Colombia,Bogotá,Approved,00,False,,,
TRX-SMVYJUW305IIUYE2PO98,2026-05-28 11:22:07,2026-05-28,PRD-3EEUKVTNT5LW,CLI-ZIN8M0ZW2JSQ,Payment,Other,1717.73,USD,,POS,,,,México,Ciudad de México,Approved,00,False,6.65,-0.3178102,0.8776528
TRX-BBWRXKQCN1KV4MI0ECRE,2026-05-28 12:18:31,2026-05-28,PRD-8JTEJMFJ89OV,CLI-7WK8JXI7RGPQ,Payment,Transport,87.89,USD,,Web,,,,México,Tijuana,Approved,00,False,7.68,,
TRX-NDI7TSSCT9ZF2VTA1028,2026-05-28 20:00:21,2026-05-28,PRD-Q9AESZK7QJOQ,CLI-HZKGHLDS0496,Transfer,,8218.32,USD,,Web,,,,México,Guadalajara,Approved,00,False,10.13,,
TRX-E4VGM5M683CKPWBAV1SM,2026-05-28 23:33:52,2026-05-28,PRD-RUG0WJXA01D5,CLI-OU32JOOXR18K,Purchase,,148.22,USD,,App,,Tienda General,Other,México,Querétaro,Approved,00,False,,,
TRX-78Z8TOCYRBCSEUJ9EUOM,2026-05-28 21:15:30,2026-05-28,PRD-OCGDCZPT02PG,CLI-N0PX6KRHM00L,Payment,Food,584.54,USD,,POS,,,,Argentina,,Approved,00,False,15.28,,
TRX-61O4ULBORRJ34AC3TR0K,2026-05-28 21:39:52,2026-05-28,PRD-SA21N0CY3F2O,CLI-X1DX0UJ5G5WM,Payment,Entertainment,1088.75,USD,,POS,,,,México,Guadalajara,Approved,00,False,18.45,0.363698,-0.1743516
TRX-9PILB94KJALMMQPRZ1PJ,2026-05-28 15:46:54,2026-05-28,PRD-BGRNOVXCXW1B,CLI-YB6M6QT3381Y,Payment,Transport,1640.01,USD,,ATM,SUC-1TATGCL8,,,México,,Approved,00,False,15.67,,
TRX-KNQXMH2WHOHZTJLX1UPG,2026-05-28 06:32:57,2026-05-28,PRD-OJJE1Z7913S5,CLI-6N2FUJ88O9DQ,Transfer,,8128.85,USD,,Web,,,,México,Ciudad de México,Declined,05,False,24.62,,
TRX-6SZ055VJL5T1CZKM3B6B,2026-05-28 19:33:30,2026-05-28,PRD-BF6L7U9F4ADA,CLI-KGIE808GMR0R,Purchase,Food,405.0,USD,,ATM,SUC-7SL55GEJ,Super Ahorro,Food,México,Monterrey,Approved,00,False,26.79,0.8913731,-0.5122102
TRX-2RLLM97JDBYY9TAWBDG6,2026-05-28 12:02:48,2026-05-28,PRD-TX9MGKVLZL42,CLI-GBSN2FH4BR7R,Payment,Health,459.76,USD,,ATM,SUC-ZCLZ4UQA,,,Colombia,Medellín,Approved,00,False,29.66,,
TRX-XW33I6INQ02ZAQS1CE3N,2026-05-28 20:56:26,2026-05-28,PRD-TOD34PYTSOKK,CLI-EPVFFPETJ6F7,Purchase,Other,8737.89,ARS,24.97,App,,Tienda General,Other,Argentina,Mendoza,Approved,00,False,17.66,,
TRX-XJ6YYCQHBM4357FKDRS3,2026-05-28 12:06:20,2026-05-28,PRD-LRVDO6ECZYGP,CLI-FS081BSTMVBX,Transfer,,3317423.83,ARS,9478.35,Web,,,,Argentina,Rosario,Approved,00,False,3.4,,
TRX-Y5TU840WV5RR2AXB3W43,2026-05-28 14:12:45,2026-05-28,PRD-M7IJHOFQQTOS,CLI-0YIPJUQ08WXI,Transfer,,15189034.58,COP,3797.26,POS,,,,Colombia,Bogotá,Approved,00,False,9.88,,
TRX-8BJ04VEDO1997XS6UA9O,2026-05-28 21:25:08,2026-05-28,PRD-9EI31X000JF8,CLI-AKH3DDALUIYM,Withdrawal,,67811.17,ARS,193.75,Web,,,,Argentina,,Approved,00,False,5.68,,
TRX-OZDI5MI6PUXFL9N9028R,2026-05-28 06:05:45,2026-05-28,PRD-KO7NIJKLEKA6,CLI-NSRYZ6KR42DI,Transfer,,504857.19,ARS,1442.45,ATM,SUC-3JIR51SL,,,Argentina,Rosario,Approved,00,False,,-35.0845869,-58.7962942
TRX-RBOGTERQ2QPT13NC50LS,2026-05-28 11:51:42,2026-05-28,PRD-RW3BJYS04RGN,CLI-J1FI9NLX98Z2,Transfer,,2530.25,USD,,POS,,,,México,Querétaro,Approved,00,False,3.95,,
TRX-6VWL727930MQR1A7HVKZ,2026-05-28 18:44:38,2026-05-28,PRD-42I7YX61TNPV,CLI-DR2HYSTA146R,Transfer,,18374022.88,COP,4593.51,POS,,,,Colombia,Barranquilla,Approved,00,False,27.45,,
TRX-X9D2SF4C4KHYB2I0FD1R,2026-05-29 05:20:49,2026-05-28,PRD-IVAATIT3EU7B,CLI-87CSYEX12BHI,Withdrawal,,434.44,USD,,App,,,,México,Tijuana,Approved,,False,22.54,,
TRX-UIOFSSIDMC7AG29RD4BV,2026-05-28 18:28:09,2026-05-28,PRD-NJQ72A3WAARF,CLI-53R14D80ALNP,Withdrawal,,89.69,USD,,ATM,SUC-0KBWS25U,,,Colombia,Bogotá,Approved,00,False,24.14,,
TRX-0WCWFAB8S4LR6XVUJX6V,2026-05-28 08:33:38,2026-05-28,PRD-P259BIUOSFU7,CLI-FG6BM9O5XQYI,Transfer,,5310.82,USD,,App,,,,México,Tijuana,Approved,00,False,,,
TRX-9N7C04LF18O6NW7UK4NK,2026-05-28 07:35:36,2026-05-28,PRD-Q1MVX1O2I000,CLI-VL6HTFXEMEQ7,Deposit,,2334.35,USD,,POS,,,,México,Guadalajara,Approved,00,False,9.9,-0.3091119,0.9200319
TRX-9XVFYSAQNL5KP6N7DB2W,2026-05-28 22:17:11,2026-05-28,PRD-A5QUPDF2GW02,CLI-TPOYX4B9YHYI,Purchase,Services,256.97,USD,,Transfer,,Cable TV,Services,México,Tijuana,Approved,00,False,27.06,,
TRX-R3K2U3JKPB95LC92VDSV,2026-05-28 22:42:16,2026-05-28,PRD-7I8QOJS8JB8C,CLI-9CWQMWMRHSYL,Deposit,,4202.57,USD,,POS,,,,México,Tijuana,Approved,00,False,20.58,,
TRX-V0K9Y4S8KXZI64IP60NS,2026-05-28 18:09:40,2026-05-28,PRD-2A70NIHIINWW,CLI-I3JEG8JWBS0U,Deposit,,2098.07,USD,,POS,,,,México,Monterrey,Approved,00,False,9.14,,
TRX-OQAX6A2TQV39T6588DPC,2026-05-29 02:55:04,2026-05-28,PRD-MQT0QRT95078,CLI-0JFVTC6CXPP8,Withdrawal,,272.94,USD,,Web,,,,México,Querétaro,Approved,00,False,0.73,,
TRX-8572L6H3D45Z7Q490IWC,2026-05-28 06:04:42,2026-05-28,PRD-IGY12UA0990Y,CLI-J8RN7VEVZQLB,Payment,Health,641857.5,COP,160.46,App,,,,Colombia,Medellín,Approved,00,False,29.42,,
TRX-KN9DDZ26XJXVJAHPGUNR,2026-05-28 19:40:49,2026-05-28,PRD-0AAREAIFNS6A,CLI-1C7BVKST3TL5,Transfer,,1785.26,USD,,App,,,,México,Puebla,Approved,00,False,18.63,,
TRX-BJC6DXGIP19ZI7Y3HNI1,2026-05-29 00:38:01,2026-05-28,PRD-CJMJJUB1J71G,CLI-26Z95XB3V6GK,Withdrawal,,1693012.07,COP,423.25,App,,,,Colombia,Bogotá,Pending,51,False,5.23,,
TRX-7JXDH6J7BHEZX3YEGQHT,2026-05-28 11:33:08,2026-05-28,PRD-3IHBR2OC8QXQ,CLI-BMMZ4OC9ZNQF,Withdrawal,,260.68,USD,,POS,,,,México,Tijuana,Approved,00,False,6.23,,
TRX-KYR8LVV35UJ7PTYD87C3,2026-05-28 13:48:01,2026-05-28,PRD-NE676HD9G5JX,CLI-MXRYU2LP13TV,Deposit,,1744676.89,ARS,4984.79,Web,,,,Argentina,Buenos Aires,Approved,00,False,21.66,,
TRX-EJG609UJOSCJAJ5OUXHI,2026-05-28 07:46:22,2026-05-28,PRD-MKXRP4U70YRS,CLI-OLZRW8CS5UXH,Purchase,Transport,254.09,USD,,POS,,Estación de Servicio,,México,Querétaro,Approved,00,False,,,
TRX-EPQ4U9L4PN8HG5G80LYK,2026-05-29 02:00:22,2026-05-28,PRD-HD9I8FVZ1SNS,CLI-CVYC9CL749JL,Purchase,Other,202.56,USD,,POS,,Ferretería,Other,México,,Approved,00,False,21.13,,
TRX-2MOFUHDUA7N3EJ403Y2J,2026-05-28 19:03:20,2026-05-28,PRD-ECPUQF0JZIYA,CLI-IR8IISR290VU,Deposit,,3759.09,USD,,App,,,,México,Tijuana,Approved,00,False,7.5,,
TRX-36NE5QS4MBRC0AGH5U3M,2026-05-28 18:03:47,2026-05-28,PRD-W5E78ZQQORF5,CLI-PU2SK2KFSHP2,Withdrawal,,701460.41,COP,175.37,POS,,,,Brazil,Salvador,Approved,00,False,,,
TRX-4QVDP2VJI9J992783FD7,2026-05-28 18:34:12,2026-05-28,PRD-7K2WBKKLDWGJ,CLI-N3ASSO25Y05X,Transfer,,9241.75,USD,,POS,,,,México,Querétaro,Approved,00,False,14.9,-0.2159076,-0.6577449
TRX-916150FZIDTVI47FQBTU,2026-05-29 05:51:21,2026-05-28,PRD-OGZHXSCRMYFI,CLI-VD8UV27GSZD8,Transfer,,1769.84,USD,,ATM,SUC-JGJN78RV,,,México,Monterrey,Approved,00,False,27.84,,
TRX-Z0TBMV9V9S1EI695D4AS,2026-05-28 19:42:15,2026-05-28,PRD-8D63WE80Y2ZC,CLI-TW1T5B8LJXMO,Withdrawal,,232.1,USD,,ATM,SUC-8GXP9TIM,,,México,Puebla,Approved,00,False,8.52,,
TRX-WC2FPTL1GKFBVOTVHET7,2026-05-28 22:15:17,2026-05-28,PRD-TRCQUFUIECDW,CLI-W68UR8T4F2BS,Purchase,Services,56.15,USD,,ATM,SUC-DN1V9J1Z,Empresa Telefónica,Services,México,Tijuana,Approved,00,False,22.1,,
TRX-75PCC4ZF54YSM1CA148M,2026-05-28 19:38:50,2026-05-28,PRD-CVBN75IH1A1W,CLI-A3PENN4HGYOM,Payment,Food,432.82,USD,,POS,,,,México,,Approved,00,False,,,
TRX-Z89FUAAFUF16R5MXROFZ,2026-05-29 04:16:23,2026-05-28,PRD-1D6VUUEGZVTQ,CLI-3U051YJOGTI0,Transfer,,567957.7,ARS,1622.74,ATM,,,,Argentina,Rosario,Approved,00,False,26.7,-34.6155399,-57.4775652
TRX-15YVILNIVKSYQIXJBAAW,2026-05-28 21:31:29,2026-05-28,PRD-9SDHDYOIA5X6,CLI-O3UF2ICNJDN2,Deposit,,3954820.94,COP,988.71,Web,,,,Colombia,Barranquilla,Approved,00,False,18.39,,
TRX-MG6J7KQZZQ7FTN9QAQMP,2026-05-28 07:44:24,2026-05-28,PRD-I7KN1AADNU28,CLI-5PEBKE1VH0VP,Purchase,Transport,378.3,USD,,Web,,Uber,Transport,México,Puebla,Approved,00,False,,,
TRX-8VHNH2I96E7FRVYPRFZK,2026-05-28 12:28:15,2026-05-28,PRD-M32WGNJYL7J2,CLI-8V5Y14TMFF3L,Purchase,Services,504024.4,COP,126.01,POS,,Servicios Públicos,Services,Colombia,Cartagena,Approved,00,False,,,
TRX-CH4V3QXPWTSZV66LRGJ1,2026-05-28 10:23:57,2026-05-28,PRD-PEQEVX9UBZAW,CLI-XDU4XL9POW8A,Withdrawal,,150757.31,ARS,430.74,ATM,SUC-YO2Y6PA3,,,Argentina,,Approved,00,False,,,
TRX-OUFV60KQEYFMP17XNB0S,2026-05-29 03:04:52,2026-05-28,PRD-K9NDN1DPFEE1,CLI-MF7BM38WUGO9,Purchase,Transport,144082.04,ARS,411.66,App,,Estación de Servicio,,Argentina,Rosario,Approved,00,False,23.92,,
TRX-5KRLTOP882MKOI44I0V5,2026-05-28 09:56:49,2026-05-28,PRD-6JX08BUTWSRU,CLI-7TI8L6NFAPFW,Payment,Entertainment,249729.08,ARS,713.51,POS,,,,Argentina,La Plata,Approved,00,False,17.87,,
TRX-PHZVCY903TNXF095TA0M,2026-05-28 11:54:52,2026-05-28,PRD-H2IMIYG3H6K4,CLI-SSXQWAUJTI37,Purchase,,1131950.38,COP,282.99,ATM,SUC-H24HUACK,Uber,Transport,Colombia,Medellín,Approved,00,False,16.46,,
TRX-QB87O335TIKYGQBWZDGR,2026-05-29 04:20:14,2026-05-28,PRD-2KMY2DO57SHV,CLI-WN56053JD1R7,Payment,Health,361.67,USD,,POS,,,,Argentina,Rosario,Approved,00,False,28.29,,
TRX-45IK0T6XSGD7GRK4W9TE,2026-05-28 13:42:00,2026-05-28,PRD-21CVQNFI1I4R,CLI-IB9AQQIURMU3,Transfer,,5585.45,USD,,POS,,,,México,Guadalajara,Approved,00,False,17.98,0.3052017,0.9070657
TRX-H2KNPD4JEL6N2DPPQNR3,2026-05-28 21:09:00,2026-05-28,PRD-C5UYXM0FLVKO,CLI-3MU2EAFAH41O,Payment,,879.53,USD,,POS,,,,México,Querétaro,Approved,00,False,20.75,0.3468177,-0.4090703
TRX-QI7HV4KQ5993PQFK3P8H,2026-05-29 01:16:59,2026-05-28,PRD-CLY6A6R3TR85,CLI-22WQT9NBWYGS,Deposit,,4339.65,USD,,POS,,,,México,Guadalajara,Approved,00,False,,,
TRX-CMIUO8TGXTC6MMFN2Z5Q,2026-05-28 21:47:00,2026-05-28,PRD-IJM3WI8CI07B,CLI-Z4KYHT15TFAB,Transfer,,27166793.76,COP,6791.7,POS,,,,Colombia,Cartagena,Approved,00,False,16.06,,
TRX-66SMELY1GBNBXZ2O4C4R,2026-05-29 04:44:54,2026-05-28,PRD-1FWEF9M5T563,CLI-C0K26TEASW8J,Purchase,Food,1824536.37,COP,456.13,POS,,Restaurante El Buen Sabor,Food,Colombia,Cartagena,Declined,51,False,18.51,3.7557417,-74.0837006
TRX-57DFXUEKJT6XT9CPJ752,2026-05-28 14:43:42,2026-05-28,PRD-SYAJRS8Q1F6D,CLI-CPE5R8EDGORU,Transfer,,3832.08,USD,,App,,,,México,Querétaro,Pending,,False,27.57,,
TRX-0PS6Q6SOSM6BP8HCBJ7K,2026-05-28 12:34:08,2026-05-28,PRD-VWDHRV5NS3NN,CLI-W696SXZ8KOZR,Deposit,,19611351.39,COP,4902.84,POS,,,,Colombia,Cali,Approved,00,False,19.91,,
TRX-8DHELUJ8NN207BRZLRQ5,2026-05-28 13:25:22,2026-05-28,PRD-K5I9HNVH2REM,CLI-XL62E79P5N4Z,Withdrawal,,1903208.8,COP,475.8,POS,,,,Brazil,São Paulo,Approved,00,False,20.04,,
TRX-BX7552E1HV39GCSUIFMW,2026-05-28 18:29:30,2026-05-28,PRD-FQ9UQBVPO7HO,CLI-SLNIDMLILBCL,Transfer,,2544.71,USD,,Web,,,,México,Tijuana,Approved,00,False,18.52,,
TRX-1T0PTO5R1OYEU3MQFAFQ,2026-05-29 00:14:52,2026-05-28,PRD-AEMD3NEJ2107,CLI-4E565ZB3SYC1,Withdrawal,,491.75,USD,,Web,,,,México,Ciudad de México,Approved,00,False,23.26,,
TRX-DUZEPEWL2908WQSZWA5G,2026-05-28 06:35:14,2026-05-28,PRD-0W525HVPWCZ9,CLI-GWZMKGZCU688,Transfer,,4666.99,USD,,Web,,,,México,,Approved,00,False,9.09,,
TRX-OO4T3BFAZ0FRNMG1048C,2026-05-28 11:03:15,2026-05-28,PRD-RQD6RE4HR1JT,CLI-DD7G8VZCNAS0,Payment,Entertainment,5842840.2,COP,1460.71,App,,,,Colombia,Cali,Approved,00,False,21.71,,
TRX-9JMHHJ3BWT0TW5NE7KMA,2026-05-28 06:20:04,2026-05-28,PRD-R41L3IQGQ9J6,CLI-IYKX967LQMR8,Payment,Other,1482.39,USD,,POS,,,,México,Querétaro,Approved,00,False,19.13,-0.9809669,0.8374676
TRX-WLTNDZUF6IN7MXLWOCU4,2026-05-28 22:59:13,2026-05-28,PRD-UTOH1J3OTH10,CLI-8KWHL99ABJIC,Purchase,Health,91.55,USD,,ATM,SUC-98QOW3F1,Farmacia Salud,Health,México,Puebla,Approved,00,False,29.0,-0.4464434,
TRX-WVR6NJ8DTA45EVYT8DYV,2026-05-29 02:53:03,2026-05-28,PRD-FVNCK5KXN8X5,CLI-8A40VMRBSHQ8,Payment,Food,481.71,USD,,Web,,,,México,Monterrey,Approved,00,False,24.49,,
TRX-7ALNCHZZAG0T4AGOR87P,2026-05-28 07:16:55,2026-05-28,PRD-QJ782E0K4ENZ,CLI-9VVKKWB5515N,Transfer,,3142710.17,ARS,8979.17,POS,,,,Argentina,Buenos Aires,Approved,00,False,,,
TRX-7GI7EFJTKEBY6WKIP0JN,2026-05-29 03:18:25,2026-05-28,PRD-88ID1TO61XUX,CLI-13CUGB9HJVUO,Purchase,Food,379158.66,COP,94.79,App,,Super Ahorro,Food,Colombia,Bogotá,Approved,00,False,20.5,,
TRX-I7XXIZ6J3V6XI4HPN290,2026-05-28 09:40:56,2026-05-28,PRD-KZDZ9YWYVRT3,CLI-MHIWNVJMA7GM,Adjustment,,574.65,USD,,ATM,SUC-0OJNMRLP,,,México,Querétaro,Approved,00,False,4.02,0.3064329,-0.1480949
TRX-B9PITAZX5YPYPBILK7MF,2026-05-28 06:58:38,2026-05-28,PRD-QKKGDEXFS9JU,CLI-SZCJTLDS6XX3,Withdrawal,,67.46,USD,,ATM,,,,México,,Approved,00,False,,,
TRX-1II35DB7BJ4PQJY3RHPZ,2026-05-29 03:12:01,2026-05-28,PRD-3HCK3PHWW6S0,CLI-G2BJCGJWD57I,Purchase,Transport,284.54,USD,,App,,Estación de Servicio,Transport,México,,Approved,00,False,,,
TRX-UUTUU0GO49DFN5J1MVKP,2026-05-28 15:28:16,2026-05-28,PRD-CQSM0NZAYFEY,CLI-RB05MOH0U1IU,Withdrawal,,379.92,USD,,ATM,SUC-2Z7NT3UT,,,México,,Approved,00,False,3.97,-0.9769533,-0.8629843
TRX-BNM1VQKJMJUFJ8B8JAA6,2026-05-28 08:56:34,2026-05-28,PRD-99NSH0XHET9L,CLI-267T1ISO0EP1,Purchase,Services,40789.28,ARS,116.54,Web,,Servicios Públicos,Services,Argentina,Córdoba,Approved,00,False,2.82,,
TRX-XH8YNPT5SMB7R0RDQWV6,2026-05-28 07:51:02,2026-05-28,PRD-MO1MGX2O4T6V,CLI-5531BKJQPCYF,Withdrawal,,430.5,USD,,ATM,SUC-FV69BGCV,,,México,,Approved,,False,3.73,,
TRX-3X8RD7X78UIQP2GXYEV9,2026-05-28 21:19:04,2026-05-28,PRD-DK9GGHURYW40,CLI-K25IDCK4ZCPE,Transfer,,23223676.12,COP,5805.92,POS,,,,Colombia,Bogotá,Approved,00,False,9.5,,
TRX-MM83HSET7P6GN23X9ZF9,2026-05-28 08:56:48,2026-05-28,PRD-HZ1OWXY8SX1B,CLI-GL0F8FY9UIW0,Transfer,,2343.68,USD,,POS,,,,México,Puebla,Approved,00,False,,,
TRX-C0Z6ULHLEF7HHJWJFJK4,2026-05-28 19:17:09,2026-05-28,PRD-XYANVPM09ELH,CLI-W9ZPI5SRBUP5,Transfer,,36116593.46,COP,9029.15,POS,,,,Argentina,Rosario,Approved,00,False,,5.3074059,-73.4629066
TRX-CO9LXOJFCLZIFUS8ELIV,2026-05-29 01:43:10,2026-05-28,PRD-XZB8ABAL4ZWC,CLI-63K6FMF13A74,Deposit,,983.79,USD,,Web,,,,México,Querétaro,Approved,00,False,,,
TRX-O9LYN6KPSRWDTJEZQ0DT,2026-05-29 01:30:53,2026-05-28,PRD-XF9POTMN7EK7,CLI-D1JTA38KM3MK,Withdrawal,,1966856.76,COP,491.71,ATM,SUC-MSYTX2WG,,,Colombia,Barranquilla,Approved,00,False,13.01,,
TRX-404NLO9RRYSIINXLWK2G,2026-05-28 10:34:07,2026-05-28,PRD-S9R4GYIUB45B,CLI-MGMBM3C46EJA,Payment,Food,1868885.91,COP,467.22,POS,,,,Colombia,Barranquilla,Approved,00,False,17.37,,
TRX-LVYQCTOO3PL5R1LL3SK8,2026-05-29 04:10:35,2026-05-28,PRD-P0IXPTUHE15H,CLI-UZF6MU3PU4KW,Purchase,Transport,1816646.29,COP,454.16,Web,,Taxi Seguro,Transport,Colombia,Bogotá,Approved,00,False,20.68,,
TRX-KW69A3ZJT5TMH0W32N5R,2026-05-28 08:40:47,2026-05-28,PRD-CZ23VZL3ADWO,CLI-OIDBU22Y5O5C,Transfer,,9254.23,USD,,ATM,SUC-4ML8OJM1,,,México,,Approved,00,False,,,
TRX-MFWSWV1E5JVTAUA74P46,2026-05-28 09:53:16,2026-05-28,PRD-EXB1U0A4B32B,CLI-HX6AZF7IPFDU,Withdrawal,,309.38,USD,,POS,,,,México,Monterrey,Approved,00,False,4.83,,
TRX-OG0RVY5KNIT5YRICF780,2026-05-28 19:51:12,2026-05-28,PRD-2Q07AEW3OV1N,CLI-BXRSLEC71XEI,Purchase,Services,470.49,USD,,ATM,SUC-QVGF07AP,Servicios Públicos,Services,México,Monterrey,Approved,00,False,15.56,,
TRX-NU9DH78BU5N0F2P3QHA5,2026-05-28 07:14:02,2026-05-28,PRD-SMLA14XIPYD2,CLI-WR1OWENOOYFX,Payment,Food,1075.59,USD,,Web,,,,México,Monterrey,Approved,00,False,,,
TRX-9GK7DAFN67CFWJ9MXE2Z,2026-05-28 20:55:40,2026-05-28,PRD-4MSM9HI2AE3O,CLI-XLZD7C9UL718,Transfer,,23591132.74,COP,5897.78,ATM,SUC-4IFX1CUR,,,Colombia,Cali,Approved,00,False,16.38,,
TRX-O29NF7GMX2LL49F59RIO,2026-05-29 05:27:25,2026-05-28,PRD-K5MCAEXK63VW,CLI-Q6EULO9PCOSO,Deposit,,3889.29,USD,,POS,,,,México,Guadalajara,Approved,00,False,18.88,-0.077801,-0.1710843
TRX-N4C0XT66TLERCRCI7UKM,2026-05-28 08:50:26,2026-05-28,PRD-PL8I3CHRY2CP,CLI-F8XHXT8ZYHMF,Transfer,,6440.69,USD,,App,,,,Argentina,Rosario,Approved,00,False,7.92,,
TRX-WVE5O50E1QKFRRH04X0N,2026-05-28 18:37:55,2026-05-28,PRD-N6XJNBJ0WMLC,CLI-LB07Q4ZRHAKB,Transfer,,28156966.87,COP,7039.24,ATM,SUC-KXMF616G,,,Colombia,Barranquilla,Approved,00,False,,,
TRX-7XRQ4EZNFKH0WKRQWIMA,2026-05-28 18:26:03,2026-05-28,PRD-3KDZXIZW0UGH,CLI-FNPMBFF5WIQG,Purchase,Food,46625.72,ARS,133.22,POS,,Tienda Don José,Food,Argentina,Rosario,Approved,00,False,20.97,,
TRX-7783CGU3TKH457QBWSZ7,2026-05-28 08:28:56,2026-05-28,PRD-LUDOBBN6BZBP,CLI-3DX0LTMDN6HQ,Purchase,Services,84.49,USD,,ATM,SUC-IC4I9JS9,Internet Plus,Services,México,Guadalajara,Approved,,False,16.36,,
TRX-EOJ7GN4HNQQSN0IIZWR4,2026-05-28 06:48:17,2026-05-28,PRD-6LUIU9SLWB10,CLI-F6SMOTOEKOMF,Purchase,Other,364.37,USD,,ATM,SUC-ISPO1DES,Tienda General,Other,México,Ciudad de México,Approved,00,False,23.71,,
TRX-J2U671ATBP0AWVIMQQRY,2026-05-28 15:25:54,2026-05-28,PRD-POPW0Z7T7F05,CLI-SFI922ZF16HR,Payment,Other,70.25,USD,,ATM,SUC-0OJNMRLP,,,México,,Pending,05,False,2.79,,
TRX-FM00I5XZNRAB9444C8W0,2026-05-28 09:12:44,2026-05-28,PRD-ZLB49Y35J902,CLI-08D3617NNJSY,Transfer,,14334067.06,COP,3583.52,POS,,,,Colombia,Cartagena,Approved,00,False,29.92,4.0085568,-73.1494321
TRX-08X8V8PANIYX0V31Y2FV,2026-05-28 07:49:14,2026-05-28,PRD-39LXKZD8G2Y0,CLI-UDK9277ZPSYF,Deposit,,372.32,USD,,ATM,SUC-9J6GQRJ4,,,México,Querétaro,Approved,00,False,6.74,,
TRX-IL57SXAHQKC2H4L50EKC,2026-05-28 23:27:59,2026-05-28,PRD-92XL6HFQDYYG,CLI-XWF84F0OCL37,Payment,Transport,144044.74,ARS,411.56,ATM,SUC-O09F6PWJ,,,Argentina,La Plata,Approved,00,False,5.37,-35.1274658,-58.5804386
TRX-9X0HYT7NNG1N9NNZRIL1,2026-05-28 11:02:53,2026-05-28,PRD-SX290E2S3490,CLI-Q19DCBZXZM7Y,Withdrawal,,164.37,USD,,ATM,SUC-FV69BGCV,,,México,Ciudad de México,Approved,00,False,,,
TRX-I9FFU0UDUQ3JGKYN1854,2026-05-28 12:31:44,2026-05-28,PRD-0HPRG186DUJW,CLI-I65VF425LGH0,Purchase,Transport,1611978.23,COP,402.99,Web,,Uber,Transport,Colombia,Barranquilla,Approved,00,False,,,
TRX-R6MFBNFJ5X9FUMA9V55L,2026-05-28 23:56:59,2026-05-28,PRD-TYUKONVXVEJ0,CLI-2WZQK41IFHY7,Deposit,,240.44,USD,,ATM,SUC-N1ZUF3PF,,,México,Ciudad de México,Approved,00,False,26.31,,
TRX-9BNTBODI5557URDBYLMD,2026-05-28 06:51:00,2026-05-28,PRD-TNT69BSLGBXJ,CLI-YT9XOJOGFQGA,Transfer,,39955343.34,COP,9988.84,Branch,SUC-U7NNFMS6,,,Colombia,Medellín,Approved,00,False,15.22,,
TRX-C8X1VT4UPBW0RBDWFDW2,2026-05-28 18:22:05,2026-05-28,PRD-HZYZU5ZJTAEZ,CLI-WZ247NVI9P1C,Payment,Services,1793.74,USD,,POS,,,,México,,Approved,00,False,26.49,0.0279335,-0.9954822
TRX-YNASOI9007QVLH2DKVN7,2026-05-28 06:59:06,2026-05-28,PRD-NTXLKZ9VY4W3,CLI-5XE5CZ2HN1S1,Purchase,Health,134038.13,ARS,382.97,POS,,Clínica Médica,Health,Argentina,Córdoba,Approved,00,False,22.54,-34.6152433,-57.8578836
TRX-LUAFFIPQQJ71GF8056JC,2026-05-28 21:01:33,2026-05-28,PRD-6SURID35XJBX,CLI-A8C93RSQ4FZE,Purchase,Transport,287.63,USD,,Web,,Estación de Servicio,,México,Guadalajara,Approved,,False,4.12,,
TRX-1A3TMFHK8VFEHC1N2TOC,2026-05-28 06:22:37,2026-05-28,PRD-H04LNUSLI1DV,CLI-YDSRIQ636LFN,Purchase,Transport,1966681.76,COP,491.67,App,,Gasolinera Express,Transport,Colombia,Bogotá,Approved,00,False,,,
TRX-3C4RIP9EIIIIWK8278RS,2026-05-28 18:26:00,2026-05-28,PRD-3SLOPS6LLYW3,CLI-XRJJ0MLF8L6M,Purchase,Health,666608.01,COP,166.65,POS,,Laboratorio Central,Health,Colombia,Cali,Approved,00,False,6.22,,
TRX-JB3EJSNDX5F3H1O6B2J1,2026-05-28 13:54:15,2026-05-28,PRD-2DLM9UDDQGOC,CLI-X6NE22Q5LAR2,Adjustment,,1873640.37,COP,468.41,ATM,SUC-HTV8A64G,,,Colombia,Cartagena,Approved,00,False,15.17,,
TRX-P11IEVVEFBRYBVXF72LC,2026-05-29 01:17:39,2026-05-28,PRD-EXXF4IAIBZRL,CLI-4UOMPZMB4ZKX,Purchase,,1523395.5,COP,380.85,App,,Centro Comercial,Other,Colombia,,Approved,00,False,29.29,,
TRX-LSI810CZZZ9EOIAUSXTE,2026-05-29 01:09:22,2026-05-28,PRD-8MLEF87U46QZ,CLI-D0EUHS09IY1P,Purchase,Services,99663.58,ARS,284.75,ATM,SUC-Y7VHYCDG,Internet Plus,Services,Argentina,Mendoza,Approved,00,False,28.08,,
TRX-RNLBJ4OBOA5JA1Q60YDY,2026-05-29 04:40:04,2026-05-28,PRD-TETKYCLSXLRX,CLI-UYX1NARIHY2F,Purchase,Other,126.89,USD,,App,,Boutique Moda,Other,México,Tijuana,Declined,54,False,21.11,,
TRX-U6QFYYF4BV55IT9EG7A6,2026-05-28 23:55:55,2026-05-28,PRD-6FNK6X7N9CZW,CLI-GYN6FK49MPZU,Payment,Food,1063.91,USD,,App,,,,México,Querétaro,Approved,00,False,5.0,,
TRX-ERR7SDDU36EILYSWSD1B,2026-05-29 05:14:37,2026-05-28,PRD-ZH4MYDVJ4ITT,CLI-MDS1KMK1M72N,Payment,Transport,1683.01,USD,,App,,,,México,Monterrey,Approved,00,False,,,
TRX-EYSK9UZOXZK6JOIMFYOO,2026-05-28 15:23:27,2026-05-28,PRD-E23NMUGXLKJL,CLI-DUCLY2SFR1G9,Purchase,Food,107301.02,ARS,306.57,App,,Restaurante El Buen Sabor,Food,Argentina,Rosario,Approved,00,False,,,
TRX-UU6IMKRAUXQQXUD95XXW,2026-05-28 16:20:26,2026-05-28,PRD-LTOF0MDW7TBI,CLI-7U2U07O0ONGQ,Withdrawal,,361.26,USD,,ATM,SUC-RJSJ0B0X,,,México,Querétaro,Approved,00,False,,,
TRX-JSCBKK4GR6AF7HO8916L,2026-05-28 18:55:49,2026-05-28,PRD-J6NN82P31CUH,CLI-9ZJHJ4B0ATVQ,Transfer,,2496.32,USD,,Web,,,,México,Tijuana,Approved,00,False,22.11,,
TRX-OJ2FJZM9X5FAXWZLCDWV,2026-05-29 03:49:59,2026-05-28,PRD-DKDNQI969695,CLI-F1HRY78IKRSY,Payment,Food,547.18,USD,,Web,,,,México,Ciudad de México,Approved,00,False,18.69,,
TRX-SGE8KWWB5D498QQHBJBG,2026-05-28 07:37:14,2026-05-28,PRD-90HBSN7ZE09V,CLI-OPCCD9XIFCBP,Payment,Health,1861.3,USD,,App,,,,México,Querétaro,Approved,00,False,3.18,,
TRX-G3P5D83XMB8EP9N3MXLR,2026-05-29 02:27:00,2026-05-28,PRD-P3B166E8N34H,CLI-5POEUGE3VV2S,Transfer,,17169333.22,COP,4292.33,POS,,,,Colombia,Medellín,Declined,51,False,18.9,,
TRX-PL12IR7WEFP4FBPAGSMT,2026-05-28 10:21:51,2026-05-28,PRD-XLJO9KJOGD5C,CLI-JV265G7DBBBE,Deposit,,939902.84,ARS,2685.44,Web,,,,Argentina,Mendoza,Approved,00,False,10.87,,
TRX-LEAM8D4E4WCHFVTRF68H,2026-05-28 22:18:02,2026-05-28,PRD-HHV6VK7TWUZF,CLI-0BH4KA4FU1WW,Purchase,Services,267935.04,COP,66.98,App,,Cable TV,Services,Colombia,Bogotá,Approved,00,False,,,
TRX-H5ABKXZTKGZNRTWW4GSH,2026-05-28 21:17:16,2026-05-28,PRD-MTB0E7JHH9GI,CLI-UQDXC5T1ZJ55,Transfer,,7988.86,USD,,ATM,SUC-4ZFT9FN6,,,México,Querétaro,Approved,00,False,19.07,,
TRX-RLAWP0ZJFAOH43O7M28C,2026-05-28 18:48:38,2026-05-28,PRD-2Z1NHUCUDLWA,CLI-WQTD65GHNBQ6,Purchase,Food,24022.73,ARS,68.64,Branch,SUC-0LZRXHCF,Tienda Don José,Food,USA,Miami,Approved,00,False,,,
TRX-7MVRF8VGOPPO5OFQKJSQ,2026-05-28 15:10:07,2026-05-28,PRD-I7NEFZTDM8V4,CLI-N6PC7W2O0DEB,Purchase,Food,415.58,USD,,POS,,Restaurante El Buen Sabor,Food,México,Guadalajara,Approved,00,False,24.3,,
TRX-UO5K2692N8UPC32AF88K,2026-05-28 17:00:02,2026-05-28,PRD-QB56RV7WU86P,CLI-YPMYRMIF6W19,Payment,Food,378810.74,ARS,1082.32,POS,,,,Argentina,,Approved,00,False,23.93,-34.7229571,-57.5204288
TRX-N1OP1UALRQC21D9RTMPF,2026-05-28 16:27:47,2026-05-28,PRD-88IAY5GTCA3K,CLI-Q01OGXKXPLT1,Purchase,Health,31741.82,COP,7.94,Web,,Óptica Visión,Health,Colombia,Medellín,Approved,00,False,,,
TRX-T93LMWI1RIONRIWO5HO7,2026-05-28 21:08:48,2026-05-28,PRD-VGMFW8MVWQXF,CLI-16KECPGRYECU,Transfer,,4770666.18,COP,1192.67,Web,,,,Colombia,Medellín,Approved,00,False,3.15,,
TRX-L0M4H5OC7KEWN2O0TZ0Z,2026-05-28 18:52:53,2026-05-28,PRD-EG0S33E10YBF,CLI-NJSUUIROKIM3,Withdrawal,,82945.67,ARS,236.99,ATM,SUC-RNIHGBDP,,,Argentina,La Plata,Approved,00,False,,,
TRX-61J1SIUWPIUU4HUZQS3N,2026-05-29 00:09:14,2026-05-28,PRD-B0HAWZMUR0H3,CLI-MA9HKF1Z7WWA,Withdrawal,,225.13,USD,,POS,,,,México,Puebla,Approved,00,False,17.73,-0.8867574,0.7459954
TRX-UH7C3ADRXYHKW4RXXH8Z,2026-05-29 03:59:55,2026-05-28,PRD-8GXA91XXBZM2,CLI-BZZNU3VZXX5X,Purchase,Food,25807.69,ARS,73.74,ATM,SUC-5S93Z8YS,Tienda Don José,Food,Argentina,La Plata,Approved,00,False,20.8,-33.7610177,-57.9470799
TRX-0IKMFH60B6PQYCYWF11B,2026-05-29 05:12:08,2026-05-28,PRD-XI6E2JQN72T0,CLI-24X44XAKULPF,Withdrawal,,358.04,USD,,App,,,,México,Querétaro,Approved,00,False,12.19,,
TRX-OSJ21GPWFZ8ERRHZD2LX,2026-05-29 01:44:33,2026-05-28,PRD-POY7402ODV34,CLI-MDXDSQZTBEC6,Withdrawal,,257.74,USD,,POS,,,,Colombia,Barranquilla,Approved,,False,15.84,,
TRX-40KFAVCXYN0U4BG2NPMK,2026-05-28 23:00:23,2026-05-28,PRD-UURXO5SF21P9,CLI-CPW812X17JVT,Transfer,,7917.98,USD,,App,,,,Colombia,Cartagena,Approved,00,False,23.96,,
TRX-ZZJPQTJRX9XTNJ4EM2VA,2026-05-28 12:53:47,2026-05-28,PRD-E6T8YBHKX258,CLI-CWVRRUSGE30O,Transfer,,2040.77,USD,,Web,,,,México,Puebla,Approved,00,False,22.11,,
TRX-SFMRK065VBL543VAO1VE,2026-05-29 02:27:53,2026-05-28,PRD-8GW6SSG7E0VN,CLI-U7N93ADKK5QZ,Deposit,,2855253.84,COP,,ATM,SUC-2LW7L4Y3,,,Colombia,Medellín,Approved,00,False,17.84,,
TRX-51II6KSJMLHQN608R6T9,2026-05-28 06:33:50,2026-05-28,PRD-E5RX8IRK5LCM,CLI-0OKBWV1IHKNC,Purchase,Entertainment,1516902.61,COP,379.23,Web,,Cine Premium,Entertainment,Colombia,Bogotá,Approved,00,False,2.15,,
TRX-QQ77A3FKKE7HNFBKRMDK,2026-05-28 17:35:22,2026-05-28,PRD-JXYSVKOGOZPZ,CLI-77CPF5ZTWTAZ,Purchase,Food,41.34,USD,,App,,Mercado Central,Food,México,Tijuana,Approved,00,False,13.8,,
TRX-2OHQAXSDK8E6U7VL1QSB,2026-05-29 04:46:26,2026-05-28,PRD-XJMUE6H1B7BH,CLI-BAAQ2LSUMMSS,Payment,Services,1429.66,USD,,App,,,,México,,Approved,00,False,8.51,,
TRX-OBBA33GA9NRLYC0CYOJ6,2026-05-28 19:53:18,2026-05-28,PRD-NSLIWDDPU7WJ,CLI-CHN3DSTWKNPN,Purchase,Food,487.11,USD,,App,,Restaurante El Buen Sabor,Food,México,,Approved,00,False,21.36,,
TRX-FMHRNREMR173VKS8HFLL,2026-05-28 10:22:30,2026-05-28,PRD-MHOZ2EMRAUER,CLI-BDBCKRYMD5FS,Deposit,,2631.92,USD,,POS,,,,México,Ciudad de México,Approved,00,False,21.27,,
TRX-WW5WSFHHG9QINJM6RPUA,2026-05-28 15:15:02,2026-05-28,PRD-T3NTH92J9ZB1,CLI-L2QRLVSYGZD6,Withdrawal,,375.06,USD,,Web,,,,México,Ciudad de México,Approved,00,False,21.9,,
TRX-JTWEJGJ6QQC0016MVRKY,2026-05-28 14:02:14,2026-05-28,PRD-8NGHSA5KHMG2,CLI-XR7NR7L4LLNK,Payment,Services,2878500.76,COP,719.63,Transfer,,,,Colombia,,Approved,00,False,13.29,,
TRX-D08RUS65KXJSFSN56TJN,2026-05-28 13:45:32,2026-05-28,PRD-WCBC1SVDCV1U,CLI-Z7P2BEFLNV2U,Payment,Health,788.53,USD,,POS,,,,México,Monterrey,Approved,00,False,28.7,,
TRX-JC94FUZK6FDD0I2P6567,2026-05-28 17:44:11,2026-05-28,PRD-06DE4WEX43RO,CLI-5RZVZXFLRN5S,Deposit,,16458591.85,COP,4114.65,ATM,SUC-LWQND6S8,,,Colombia,Barranquilla,Approved,00,False,2.54,,
TRX-HP5PT3SQYPZ9CNQRIN3C,2026-05-28 16:12:13,2026-05-28,PRD-5Q4H1SUJTZK9,CLI-YHUZA81KQC7K,Purchase,Entertainment,8352.61,ARS,23.86,Web,,Cine Premium,Entertainment,Argentina,La Plata,Approved,00,False,3.22,,
TRX-GFGRC225PQ68JX8MAAVR,2026-05-28 23:56:29,2026-05-28,PRD-24DL47N570E9,CLI-J6CCS8L5M8ND,Deposit,,1947.19,USD,,ATM,SUC-W04NBWY9,,,México,Monterrey,Approved,00,False,20.84,,
TRX-XUATMF7ONVQAT525YGPT,2026-05-28 20:11:38,2026-05-28,PRD-MESUGJRS4GJB,CLI-ZOS8Z4AVQW16,Purchase,Services,640083.36,COP,160.02,Web,,Cable TV,Services,Colombia,Cali,Approved,,False,,,
TRX-V7MMSQ7YQYGQE4ZVM7EG,2026-05-28 16:32:02,2026-05-28,PRD-UM4U5E6H8G2Z,CLI-CJ7GRFOX795V,Withdrawal,,52.02,USD,,POS,,,,Colombia,Cartagena,Approved,00,False,20.23,,
TRX-6FSUJ53XPK6TBO76XVVM,2026-05-28 18:16:38,2026-05-28,PRD-0HPBVBZBLIOS,CLI-MVYZ295D212F,Purchase,Services,404.14,USD,,Branch,SUC-CGL8D37U,Servicios Públicos,Services,México,Querétaro,Approved,00,False,,0.9754022,-0.6495667
TRX-PGCHKQHW80XT1W9VZIPT,2026-05-29 00:27:36,2026-05-28,PRD-R6GIZP2HCCAA,CLI-VGX8N6F3OQ1Y,Payment,Other,896.26,USD,,ATM,SUC-RDJC9IH3,,,México,Querétaro,Approved,00,False,,,
TRX-TIAOISOUN7IW5EKMH6E2,2026-05-28 09:51:29,2026-05-28,PRD-07LSPJICPLFX,CLI-61Y7DKEEVZEO,Purchase,Services,114.2,USD,,POS,,Internet Plus,Services,México,Tijuana,Approved,00,False,,,
TRX-PU6CRJT9WUNKQS8BJY43,2026-05-28 06:55:00,2026-05-28,PRD-909T3E5LC3G9,CLI-2K47OVW7817Y,Deposit,,2677.08,USD,,Web,,,,México,,Approved,00,False,21.72,,
TRX-G549TA5OXMEN4SRCJBH1,2026-05-29 05:21:18,2026-05-28,PRD-2Y537LSCU91Q,CLI-ZQZBKC66KX03,Payment,Transport,405.54,USD,,POS,,,,México,Querétaro,Approved,00,False,20.34,,
TRX-QQXLYQ55PAR8JSDA5AY2,2026-05-28 09:30:35,2026-05-28,PRD-6XV9JOP6TF70,CLI-K43RW88UO605,Withdrawal,,162611.46,ARS,464.6,ATM,SUC-2T5PUX8Q,,,Argentina,Rosario,Reversed,05,False,21.33,-33.6168577,-58.9588797
TRX-K7SVIX386MBQA9KXTR5H,2026-05-28 18:27:00,2026-05-28,PRD-29XQ36QJUVXY,CLI-78CW0NWPCH7S,Purchase,Entertainment,78707.03,ARS,224.88,ATM,SUC-VPCJ60UW,Conciertos Live,Entertainment,Argentina,Córdoba,Approved,00,False,26.48,,
TRX-Q3F15FMU282O3W1DG5AM,2026-05-28 11:18:47,2026-05-28,PRD-MQT0QRT95078,CLI-0JFVTC6CXPP8,Transfer,,3227.04,USD,,POS,,,,México,Querétaro,Approved,00,False,14.36,,
TRX-AWZXTYKL17BWM8FIW7V3,2026-05-28 13:52:49,2026-05-28,PRD-2A5UOKMGPZM0,CLI-WNNTTZCE9BAP,Purchase,Transport,455778.48,COP,113.94,Web,,Gasolinera Express,Transport,Colombia,Bogotá,Approved,00,False,8.3,,
TRX-Q2E8UNV3UN0RKF63JZMA,2026-05-29 05:56:25,2026-05-28,PRD-GEUUPXOHPVZW,CLI-YYLW0QK4QU0L,Withdrawal,,537431.61,COP,134.36,ATM,SUC-X3OFCBL0,,,Colombia,Medellín,Approved,00,False,10.73,,
TRX-5SJA77E6BLWAIFG7W2Y1,2026-05-28 11:39:53,2026-05-28,PRD-9GX0O2GOOBEJ,CLI-WFXST6RTOHFZ,Purchase,Other,1528579.49,COP,382.14,POS,,Centro Comercial,Other,Colombia,Cali,Approved,00,False,28.98,,
TRX-NUDDTG76CEN0N5RFKTQD,2026-05-29 02:49:26,2026-05-28,PRD-83GU85EYSNEM,CLI-MY5U7NN1ZAZ9,Payment,Entertainment,820446.95,COP,205.11,ATM,SUC-DH7PDUA6,,,Colombia,Medellín,Approved,00,False,7.42,,
TRX-0M1SKIT2JM815K5NMRSX,2026-05-29 00:47:50,2026-05-28,PRD-DZK6UK3TUHHR,CLI-VCRKMHG3HM5V,Purchase,Entertainment,498.81,USD,,ATM,SUC-QO0HYSRK,Teatro Nacional,Entertainment,México,Monterrey,Approved,00,False,24.72,-0.5879664,-0.9458884
TRX-IWMYO586SNYAE39RDB31,2026-05-29 04:48:40,2026-05-28,PRD-AVS5WQPEC9UB,CLI-8BPC84OL8JZO,Purchase,Health,181.45,USD,,POS,,Farmacia Salud,Health,México,Guadalajara,Approved,00,False,0.51,,
TRX-58MEW1I91S3F0URPVRI4,2026-05-28 10:09:15,2026-05-28,PRD-ELADT0MRHYJ5,CLI-THF0PZXE2B0B,Purchase,Health,27.14,USD,,App,,Clínica Médica,Health,Colombia,Cali,Approved,00,False,26.24,,
TRX-A1RKOEC44J8RP1URWWTU,2026-05-28 08:59:57,2026-05-28,PRD-BOR9BMNC210O,CLI-BXO940CXKXO5,Deposit,,4433.84,USD,,ATM,SUC-1PYKK6ZV,,,México,Querétaro,Approved,00,False,22.46,,
TRX-E0RTX1S29RBDQTEDHYET,2026-05-29 00:58:44,2026-05-28,PRD-9EBPFLKFN4MX,CLI-T3E6EFVLJ6UM,Purchase,Other,1696522.8,COP,424.13,POS,,,Other,Colombia,Medellín,Approved,00,False,,4.875585,-74.3071246
TRX-1O7YRXCY4FEQMCHU6BV6,2026-05-28 17:39:26,2026-05-28,PRD-YA412PCEPVJX,CLI-KCU0XX2HNFNE,Transfer,,3041.42,USD,,App,,,,México,Ciudad de México,Approved,00,False,,,
TRX-0YXAE16S37Z62AYT534A,2026-05-29 01:29:30,2026-05-28,PRD-D4FYP9HSLQFA,CLI-Y47EAWU5VSRE,Deposit,,169932.51,ARS,485.52,Web,,,,Argentina,Buenos Aires,Approved,00,False,11.3,,
TRX-P7J9DM8HBBQ9Y9DU5BIY,2026-05-29 02:38:20,2026-05-28,PRD-JZXS0YH58Z1Q,CLI-B769AYCWNR3F,Adjustment,,568.06,USD,,POS,,,,México,Querétaro,Approved,00,False,13.44,,
TRX-9M43XBHHWOOSXVVEXS40,2026-05-28 06:43:21,2026-05-28,PRD-HHC9IXLL8EJI,CLI-SY5SX76O9DS2,Withdrawal,,354.68,USD,,POS,,,,México,Guadalajara,Approved,00,False,4.33,0.932708,0.0526364
TRX-VZVE0BU9301NU4DXW7WR,2026-05-28 15:30:11,2026-05-28,PRD-AQJB323FWCSU,CLI-4O78XQHN3774,Deposit,,4896.03,USD,,App,,,,México,Querétaro,Approved,00,False,3.11,,
TRX-QHF6XLKOB8EAAISEUP97,2026-05-28 08:06:38,2026-05-28,PRD-WD989SF95YBO,CLI-ZGNT6W8SO15L,Transfer,,6108.62,USD,,POS,,,,México,Guadalajara,Approved,00,False,,,
TRX-Q8D0U6SP5U2IJZH9CN1Q,2026-05-28 10:35:31,2026-05-28,PRD-PSKK2C3MQ2VX,CLI-6I26CJZFDXFT,Payment,Other,1521.72,USD,,POS,,,,Argentina,Rosario,Approved,00,False,2.15,,
TRX-ACYMOE8F06JNRPM3617L,2026-05-28 06:01:31,2026-05-28,PRD-QEAAQE91GKRR,CLI-J4KH1UU8WHAS,Transfer,,1515.25,USD,,POS,,,,Argentina,Buenos Aires,Approved,00,False,16.45,,
TRX-BHORZLGY4FCU8XQI1VPE,2026-05-29 00:33:14,2026-05-28,PRD-8SQAW1W5QGEF,CLI-B2FOACODG8AG,Transfer,,3404.83,USD,,App,,,,México,Ciudad de México,Approved,,False,2.79,,
TRX-CO7YU4F6LD0W2NG9XL7U,2026-05-28 20:46:22,2026-05-28,PRD-GU2CD3JCIMTN,CLI-U8L5HL6A0CO7,Transfer,,6934.08,USD,,POS,,,,México,,Approved,00,False,25.88,0.0901043,0.845968
TRX-DXW0X51O44YUU6OWE4OG,2026-05-28 23:32:56,2026-05-28,PRD-UGA6E8II0T54,CLI-8DTYOTT5X76X,Payment,Transport,2617086.64,COP,654.27,ATM,SUC-85YWBJ74,,,Colombia,Bogotá,Approved,00,False,,4.4036965,-74.9017038
TRX-5IHD2F1X2X2V1QDQTBKO,2026-05-28 23:05:31,2026-05-28,PRD-NJ58Q0SK8N7D,CLI-W55B7MMF4DNG,Purchase,Other,1731588.08,COP,432.9,POS,,Ferretería,Other,Colombia,Barranquilla,Approved,00,False,1.09,5.3542332,-74.8688465
TRX-UCBIJKMFARX44UQEXD37,2026-05-29 02:34:51,2026-05-28,PRD-7J412BSSXE3F,CLI-R9EYJCFNX1V5,Withdrawal,,1575367.21,COP,393.84,App,,,,Colombia,Barranquilla,Approved,,False,25.0,,
TRX-3OOIDYR4QDPYQEBCHKJL,2026-05-29 00:13:20,2026-05-28,PRD-5FOUV1CYN3O4,CLI-E48GX0RRZ8R0,Payment,Transport,622120.9,ARS,1777.49,Web,,,,Argentina,Buenos Aires,Approved,,False,,,
TRX-HETT62BKLSD9ANYIXBPN,2026-05-28 23:14:57,2026-05-28,PRD-IQM4KDI84WY9,CLI-R96GG9FHZU3K,Purchase,Other,143593.2,ARS,410.27,App,,Tienda General,Other,Argentina,Buenos Aires,Approved,00,False,5.24,,
TRX-YDO77D4CL4ORP3ZSGL29,2026-05-29 04:11:44,2026-05-28,PRD-XRPFT2BYIHPS,CLI-EPAXIRV2IM8K,Adjustment,,1766510.74,COP,441.63,POS,,,,Colombia,Cartagena,Approved,00,False,,,
TRX-3XD2HZWHI5OQEBLWCQFO,2026-05-29 00:21:11,2026-05-28,PRD-W9947BNJXARG,CLI-795OSP5A6ZKZ,Purchase,Transport,383.67,USD,,App,,Gasolinera Express,Transport,México,Tijuana,Approved,00,False,1.63,,
TRX-P1P3S224YCK4QD1C9U2E,2026-05-28 18:39:31,2026-05-28,PRD-YOVBU2VXQEDQ,CLI-C920B9NXDWAH,Transfer,,1280198.15,ARS,3657.71,ATM,SUC-2T5PUX8Q,,,Argentina,Buenos Aires,Approved,00,False,,-34.8938947,-59.0040579
TRX-TM5HVRYVI9NQU5F13IWY,2026-05-28 12:00:12,2026-05-28,PRD-ECV0T3VAJY4Z,CLI-YV2XY20HNHHR,Deposit,,1313.52,USD,,POS,,,,México,Ciudad de México,Approved,00,False,12.83,,
TRX-3FR3HE4VJXMUXMCZZES3,2026-05-28 16:28:44,2026-05-28,PRD-7K7NKDH78GT8,CLI-PNS54JC9J6FZ,Payment,Services,743.64,USD,,App,,,,México,,Approved,00,False,17.95,,
TRX-B3PPC8K5WA2PL49FU32X,2026-05-28 06:15:23,2026-05-28,PRD-ZX9P7SC3LF5F,CLI-0R576OXZ3Q3H,Deposit,,6771509.73,COP,1692.88,App,,,,Colombia,Medellín,Approved,00,False,25.47,,
TRX-OXLD38SZ3EQJ90R5TT0S,2026-05-28 07:20:06,2026-05-28,PRD-U4GA655DGUGE,CLI-RHD7ERU2PLX3,Transfer,,3532.54,USD,,Web,,,,México,Monterrey,Approved,00,False,7.73,,
TRX-DA51HSQUZ944APL18G8Y,2026-05-28 13:39:14,2026-05-28,PRD-ND0TPV5XUCNZ,CLI-JZC4OY1M5P81,Payment,Health,437986.06,ARS,1251.39,ATM,SUC-HBYNA6O6,,,Argentina,Córdoba,Approved,,False,,,
TRX-GOPRHH80V2N6XV1LS06A,2026-05-29 05:48:39,2026-05-28,PRD-UKPSR4L80HMD,CLI-L8BWN1W5OXD5,Purchase,Food,1001230.95,COP,250.31,ATM,SUC-XV4BJ541,Mercado Central,Food,Colombia,Bogotá,Approved,00,False,7.02,3.7759726,-73.8293937
TRX-6AF2U2F4DGZZ3RFC6EX5,2026-05-29 03:09:16,2026-05-28,PRD-3PSA85GATM9V,CLI-TPWLD5XQZM6R,Transfer,,6234.68,USD,,POS,,,,México,Querétaro,Approved,00,False,13.15,,
TRX-1Y1P108P5Q07INK4P4FL,2026-05-28 07:00:25,2026-05-28,PRD-57NRBKQWMH1Z,CLI-FQG0R3BNCZTC,Adjustment,,173.19,USD,,Web,,,,México,Ciudad de México,Approved,00,False,1.78,,
TRX-KG5VDD14YKUF6WHTEQAS,2026-05-28 12:05:32,2026-05-28,PRD-6DDC9RTEJ68C,CLI-SYFDM96UNHQS,Withdrawal,,663846.87,COP,,ATM,SUC-IKK3G59W,,,Colombia,Cali,Approved,00,False,12.66,3.771532,-73.6168004
TRX-SBC9ERKZ3073IULBMD9K,2026-05-28 14:17:45,2026-05-28,PRD-N22HHNW12UZ1,CLI-0DKZ6SXC05W1,Purchase,Other,63.5,USD,,POS,,Tienda General,Other,México,Puebla,Approved,00,False,26.2,,
TRX-KSOK1P251A9VZ34LMEZ4,2026-05-28 14:15:22,2026-05-28,PRD-OHE9112XTTRL,CLI-TZLRRP58QBLN,Adjustment,,635.06,USD,,Transfer,,,,Colombia,Barranquilla,Declined,14,False,,,
TRX-GQO7UEN0HZIXO8F359HE,2026-05-28 12:10:31,2026-05-28,PRD-I6936FGJLYGU,CLI-JHBKRUVLKQD5,Purchase,Services,141.68,USD,,POS,,Cable TV,Services,México,Monterrey,Approved,00,False,25.12,,
TRX-9BBYNDX0G8CGCYUZI7SU,2026-05-28 15:11:37,2026-05-28,PRD-IAYR76MQ7L8H,CLI-FG6BM9O5XQYI,Purchase,Transport,422.96,USD,,POS,,Taxi Seguro,Transport,México,Tijuana,Approved,00,False,1.4,0.917823,0.9765875
TRX-IGS2A8EJB8NAU51WV6ME,2026-05-29 05:05:02,2026-05-28,PRD-QIO40R7P5NTH,CLI-XGGUY1BP4UXL,Deposit,,1550.56,USD,,POS,,,,México,Monterrey,Approved,00,False,3.64,,
TRX-IPRG8C4JTLRV1SKNCH9N,2026-05-29 00:38:08,2026-05-28,PRD-A18DTB6HRV04,CLI-TJT6WW79K2TW,Withdrawal,,368.96,USD,,Web,,,,México,Querétaro,Approved,00,False,5.78,,
TRX-Z5Q7KNP0TN09H5INN6DH,2026-05-28 20:55:44,2026-05-28,PRD-OLW43P4CNLCY,CLI-JQMEDABJ5K1E,Purchase,Health,163.19,USD,,POS,,Óptica Visión,Health,México,Guadalajara,Approved,00,False,,,
TRX-7LURJYVRGZ3PZO6WOVOW,2026-05-28 08:13:19,2026-05-28,PRD-ABU2BSC65GTZ,CLI-ASTKBKIXTZ0P,Purchase,Transport,100.57,USD,,App,,Taxi Seguro,Transport,México,Querétaro,Approved,00,False,15.7,,
TRX-ZYXRU7HDODUIESV1TZ2Q,2026-05-28 21:54:16,2026-05-28,PRD-JDGQ6B7NC88Y,CLI-52WRPS68VLRP,Transfer,,8295.09,USD,,POS,,,,México,Ciudad de México,Approved,00,False,15.92,,
TRX-VSE058FY7HCELNGPGS2O,2026-05-28 19:29:55,2026-05-28,PRD-5H46NXP4GGXC,CLI-WSQPEOAZFL46,Transfer,,1981.66,USD,,POS,,,,México,,Approved,00,False,4.25,-0.8030609,-0.0332494
TRX-LKBN523IYBAVDA2RPWCJ,2026-05-28 13:49:38,2026-05-28,PRD-IXEZNSCET6AU,CLI-6FI0ZWU6VSX3,Withdrawal,,169.86,USD,,ATM,SUC-46JOBFMX,,,Argentina,La Plata,Approved,00,False,,,
TRX-WCSPEN7DM9BX5S42BRGQ,2026-05-28 09:36:42,2026-05-28,PRD-M3XPXM8FV8FY,CLI-9WM0JNLGBV2H,Payment,Food,7409964.69,COP,1852.49,Web,,,,Colombia,Barranquilla,Approved,00,False,,,
TRX-BTP0M926DC36TRWLTCTH,2026-05-28 12:08:29,2026-05-28,PRD-FKEMGI9KJU4A,CLI-X7JSCROO0NV7,Withdrawal,,114439.24,ARS,326.97,ATM,SUC-ZSZKWMJL,,,Argentina,Rosario,Approved,,False,23.45,,
TRX-63SQVAMZXM3814GPD0CX,2026-05-28 09:03:32,2026-05-28,PRD-3S36B7Y50HZQ,CLI-41PAMS5D6O6Q,Transfer,,16873631.41,COP,4218.41,Web,,,,Colombia,Medellín,Approved,00,False,13.79,,
TRX-89N140WGNVAE2E6O4AC1,2026-05-28 14:59:36,2026-05-28,PRD-KS6OMH37QN06,CLI-Y2PW758UMBWT,Purchase,Food,260.08,USD,,ATM,SUC-KUOJDQSO,Super Ahorro,Food,México,Monterrey,Declined,54,False,25.65,,
TRX-88VINGODC02A9HJL2XIQ,2026-05-28 15:16:15,2026-05-28,PRD-IYNSITVIPYFG,CLI-ZZY5M2BRTIWL,Adjustment,,12.41,USD,,POS,,,,Brazil,Brasília,Approved,00,False,7.42,,
TRX-YHXPJGQ49UYPIAET4S0B,2026-05-29 05:26:46,2026-05-28,PRD-82UEZMJO27ZX,CLI-CTHTQXAWROJ8,Transfer,,559.65,USD,,POS,,,,México,Monterrey,Approved,00,False,13.97,,
TRX-4U5G1OE90F46WLZNQFUC,2026-05-28 09:23:48,2026-05-28,PRD-7J8UAJQZ1G05,CLI-2E0LVQS1FQN2,Withdrawal,,129.73,USD,,App,,,,México,Tijuana,Approved,00,False,3.4,,
TRX-N38CR5S4L7MJCJ8L55NR,2026-05-28 21:49:12,2026-05-28,PRD-6CFIQXADR72X,CLI-GM1HQNY2OI1G,Deposit,,4362.58,USD,,ATM,SUC-M8AEJ2A4,,,México,,Approved,00,False,,0.6726879,-0.7454302
TRX-38I60NJ1XFTB9RCXTNSD,2026-05-28 17:34:48,2026-05-28,PRD-TDJOFZ2JC3YE,CLI-RVTASOBWDUZX,Transfer,,8174.58,USD,,Web,,,,México,Tijuana,Declined,54,False,23.42,,
TRX-NO7XZJXY40YJ5YYZJTB6,2026-05-28 11:59:42,2026-05-28,PRD-UO42L4SJEJW7,CLI-MJIYF6XKJA8F,Deposit,,3672.93,USD,,ATM,SUC-UB0LXRUU,,,México,Ciudad de México,Approved,00,False,,,
TRX-GDM7YJS89W4AE1QJEJ6L,2026-05-29 03:17:36,2026-05-28,PRD-U37BJSQ9J232,CLI-701Q1NND15GY,Adjustment,,868.82,USD,,POS,,,,Argentina,Mendoza,Approved,00,False,15.14,-35.4289356,-58.4102934
TRX-7OXSOKEIVUF82BBNLG3Y,2026-05-28 09:17:35,2026-05-28,PRD-14JXAYX2MFVC,CLI-81WYORCFDQPY,Purchase,Health,251.93,USD,,App,,Óptica Visión,Health,México,Ciudad de México,Approved,00,False,2.39,,
TRX-F4NDUJCBR9AJQUCGWS3X,2026-05-28 15:41:36,2026-05-28,PRD-FPJYUVUSV3LP,CLI-R2H892FARSKZ,Deposit,,4362.98,USD,,App,,,,México,Guadalajara,Approved,00,False,2.83,,
TRX-BK1KN4WGWJD2NIVUN84A,2026-05-28 19:16:07,2026-05-28,PRD-ZZERJRHNO6Z4,CLI-V591RLSB3AK5,Purchase,Other,69743.35,ARS,199.27,POS,,Tienda General,Other,Argentina,Mendoza,Approved,00,False,3.23,,
TRX-ZGPE0017X6F043JHFTQ4,2026-05-28 23:38:48,2026-05-28,PRD-ADELLC4EUV49,CLI-H2B6G6HU9SGS,Purchase,Other,322.3,USD,,ATM,SUC-8RYAQ0NO,Tienda General,Other,México,Monterrey,Approved,00,False,0.65,,
TRX-AVZ2VW70V0WGRSUKM961,2026-05-29 01:14:34,2026-05-28,PRD-CA2AO5WGXBR1,CLI-GFZQT0VK1CG7,Transfer,,3221.23,USD,,App,,,,Colombia,Cali,Declined,14,False,21.38,,
TRX-F2LP0W6R32ZQX3LSLSOQ,2026-05-28 22:27:05,2026-05-28,PRD-PSKK2C3MQ2VX,CLI-6I26CJZFDXFT,Adjustment,,822.51,USD,,ATM,SUC-7EJG5XUH,,,Argentina,Rosario,Approved,00,False,,,
TRX-RDBPSNMIY6KPSQIYJWO1,2026-05-28 20:45:11,2026-05-28,PRD-6G23QJM4EFDI,CLI-JUDQ42DNB01R,Deposit,,3189.9,USD,,Transfer,,,,México,Querétaro,Approved,00,False,22.62,,
TRX-8BE0KUJ5VV6ALEKL51PZ,2026-05-28 22:22:26,2026-05-28,PRD-QF0IQNAKB0YQ,CLI-CH2ARQHFDUGR,Withdrawal,,128942.16,ARS,368.41,POS,,,,Argentina,,Approved,00,False,1.81,,
TRX-L7MVN5NSKI1F8LQL2TQ0,2026-05-28 09:31:50,2026-05-28,PRD-28X5RYU6NMKS,CLI-F8BZV2KXBSY6,Purchase,Services,50.04,USD,,POS,,,Services,México,Guadalajara,Approved,00,False,12.56,0.4371604,-0.5029071
TRX-5LHKOMNU0933KI9TQV9A,2026-05-28 08:50:10,2026-05-28,PRD-N6T7US4VOO8W,CLI-1PO7DH0N24WC,Purchase,Other,82449.22,ARS,235.57,App,,Boutique Moda,Other,Argentina,Córdoba,Approved,00,False,,,
TRX-JVZ5X8N7A4NZ4SPB3J0A,2026-05-28 15:56:05,2026-05-28,PRD-DL4J66G6F2FZ,CLI-1AAIZOB5GXIE,Purchase,,491.96,USD,,POS,,Taxi Seguro,Transport,México,Tijuana,Approved,00,False,5.01,0.405291,-0.0452212
TRX-SUGJMKH6J8N3UN45MJ8S,2026-05-28 23:38:52,2026-05-28,PRD-ZZQY5ZQABO40,CLI-4U9NTEJ7F6W2,Withdrawal,,171.99,USD,,ATM,SUC-IW55XIEY,,,México,,Approved,00,False,13.03,,
TRX-KJBKNSN45IGDQ7YJ62T1,2026-05-28 18:37:07,2026-05-28,PRD-V1V44GAL6KPG,CLI-FJPA0I82NQE8,Purchase,Services,32138.34,ARS,91.82,POS,,Internet Plus,Services,Argentina,Buenos Aires,Approved,00,False,7.6,,
TRX-K01UHW4AC8EDZVLJEBQO,2026-05-29 00:35:52,2026-05-28,PRD-5EA0CF49YG7Q,CLI-SSW2ZPS5KZR8,Purchase,Transport,200.32,USD,,App,,Taxi Seguro,Transport,México,Monterrey,Approved,00,False,29.69,,
TRX-CBBEU64H3M2R3RCTNK2J,2026-05-29 01:00:18,2026-05-28,PRD-SUHGG0TH98RF,CLI-PNGUHN3QBCN3,Transfer,,7514.46,USD,,Web,,,,México,Puebla,Approved,,False,27.96,,
TRX-E3NHWLTOZIXZ7BIKA47T,2026-05-28 16:57:07,2026-05-28,PRD-VZZ6B7NZYHDU,CLI-1KV177WRUTN8,Deposit,,3045503.25,COP,761.38,ATM,SUC-O4G07J7I,,,Colombia,Cali,Approved,00,False,9.25,,
TRX-B5RMUPL4Q1S0CFWXB6NT,2026-05-29 05:28:47,2026-05-28,PRD-CZOWPEWLUWFM,CLI-ML1HVD4BGVTQ,Transfer,,9339.56,USD,,ATM,SUC-FQBLIDK9,,,México,Puebla,Approved,00,False,10.15,0.5430592,0.5409203
TRX-GHRCXAVH9G781EAIN020,2026-05-29 02:13:28,2026-05-28,PRD-5FRZIWUAVYRO,CLI-I4FK6B91C8GR,Transfer,,4607.09,USD,,ATM,SUC-YZKP5AYK,,,México,Monterrey,Approved,00,False,7.2,0.1103438,0.8500739
TRX-RHXZLAC0H43NG9TYTHR3,2026-05-28 22:02:36,2026-05-28,PRD-I49VN51ZE0IH,CLI-IHJDDXYRI5JX,Purchase,Transport,219.53,USD,,ATM,SUC-C28AFJAZ,Uber,Transport,México,Puebla,Approved,00,False,29.16,-0.8477119,0.5770659
TRX-84J38Z9Q4RGDJXW8SXYF,2026-05-28 20:54:31,2026-05-28,PRD-GIYE5OVTBMEA,CLI-KPEOOHWZ4KAJ,Payment,Food,1739.63,USD,,POS,,,,México,Guadalajara,Approved,00,False,11.2,,
TRX-9KQXLJMH2K4CHZVNOO9M,2026-05-29 03:56:01,2026-05-28,PRD-NIFTGNJC94PW,CLI-FA7OV75R13JW,Deposit,,6215744.36,COP,1553.94,POS,,,,Colombia,Medellín,Approved,00,False,19.53,,
TRX-P24QMM3CXWXUBSGOWBMZ,2026-05-28 16:40:47,2026-05-28,PRD-WJ30DHM7KD9M,CLI-C7EJ6EMZ5XFP,Withdrawal,,1642278.68,COP,410.57,ATM,SUC-TQX7379E,,,Colombia,Cali,Approved,00,False,,,
TRX-KI78UVYP4DVPU03MU3A0,2026-05-28 10:15:38,2026-05-28,PRD-IFTOFOIB57HE,CLI-06MUGUGYXXCN,Transfer,,3807.1,USD,,POS,,,,México,Ciudad de México,Approved,00,False,,-0.9898369,0.5089331
TRX-U5SWMU1IWUCL8N3JHH4Z,2026-05-28 06:48:16,2026-05-28,PRD-CB3Z3AXBOVH0,CLI-VRL5IODEAGTM,Deposit,,2541933.91,COP,635.48,POS,,,,Colombia,Cali,Approved,00,False,26.44,,
TRX-39SNDZCXEI4NBCEW0958,2026-05-28 17:39:13,2026-05-28,PRD-6YWA1MGFZ4YE,CLI-RCQSA6N0CT0J,Transfer,,1232.65,USD,,Web,,,,México,Querétaro,Approved,00,False,14.47,,
TRX-CO6SJEHE2QQ07950FM70,2026-05-29 00:02:57,2026-05-28,PRD-I3VGIMDAR4FJ,CLI-D3MWU1BKJSVP,Deposit,,13223756.43,COP,3305.94,ATM,SUC-22RCTEVV,,,Colombia,Cartagena,Approved,00,False,4.37,,
TRX-A6UUZ2IQA5DF7X5H7K6T,2026-05-28 15:21:20,2026-05-28,PRD-IE77BU9D0VE5,CLI-4RESGE31U95O,Purchase,Transport,577773.18,COP,144.44,POS,,Gasolinera Express,Transport,Colombia,Bogotá,Approved,00,False,8.05,,
TRX-MOP7CED0JYPNWQLHC75A,2026-05-28 12:09:16,2026-05-28,PRD-2NOLIT7JL9C2,CLI-25FPZA18P6QQ,Purchase,Other,1295359.75,COP,323.84,Transfer,,Boutique Moda,Other,Colombia,Cartagena,Approved,00,False,21.66,,
TRX-6T8JUDNYQL6ARF5ICKWV,2026-05-29 04:51:40,2026-05-28,PRD-N6K2T4UWB55T,CLI-13P3UHA3VJ4O,Payment,Entertainment,1659.72,USD,,POS,,,,México,Ciudad de México,Approved,00,False,,,
TRX-BCXGNJCVEI5FGELUJI1L,2026-05-29 03:33:56,2026-05-28,PRD-HFF0V2MA35HU,CLI-OURY1QKYHAPR,Transfer,,6690.49,USD,,Web,,,,México,Puebla,Approved,00,False,9.23,,
TRX-UVNELMQMGQUX833T3NT8,2026-05-28 18:31:17,2026-05-28,PRD-YMGJ2WC8H5V0,CLI-OX8EDA5YQRVP,Purchase,Services,1951074.29,COP,487.77,ATM,,Empresa Telefónica,Services,Colombia,Cali,Approved,00,False,2.59,4.1499588,-73.3816212
TRX-HGGDYPVBQXCPZILOCK9O,2026-05-28 11:36:08,2026-05-28,PRD-YK057ZGV57CN,CLI-8P72GMKOFTN2,Transfer,,6335.31,USD,,Transfer,,,,México,Ciudad de México,Approved,00,False,,,
TRX-HOI953Z5YYV9TGRZ6C73,2026-05-29 00:26:14,2026-05-28,PRD-4WHOQWY6I6G6,CLI-PY9PH24JFF6C,Withdrawal,,87500.53,ARS,250.0,Web,,,,Argentina,La Plata,Approved,00,False,,,
TRX-WQLH6O83UTNO6P8EIWSU,2026-05-29 02:55:49,2026-05-28,PRD-GSY5VV6BSGH7,CLI-B0I5F8HLPSAH,Withdrawal,,1987114.14,COP,496.78,Web,,,,Colombia,Barranquilla,Approved,00,False,2.31,,
TRX-496AV9JQVUT0YSLSKLC8,2026-05-28 23:30:09,2026-05-28,PRD-5CVGE8MSMOIB,CLI-VFV8C3WSCXJ2,Withdrawal,,41.55,USD,,POS,,,,Colombia,Barranquilla,Approved,,False,5.13,,
TRX-O0VS8HH8ICMBQ58SXMIV,2026-05-29 01:35:39,2026-05-28,PRD-8MJPS3UCUJFZ,CLI-U6K7DVPS7RP6,Deposit,,2207.73,USD,,Web,,,,México,Tijuana,Approved,00,False,13.56,,
TRX-0RM1PAZB98LFRE55B5A8,2026-05-28 12:47:14,2026-05-28,PRD-KZKMN71E3Q9J,CLI-I87WR3TH7IS6,Payment,Transport,778.38,USD,,Web,,,,México,Querétaro,Approved,00,False,29.87,,
TRX-5TJAQREKOMMB6Q6ZDGPW,2026-05-28 07:02:16,2026-05-28,PRD-9WK6FZ888XCD,CLI-5C2ZKOK8Z1KD,Purchase,Services,147647.0,COP,36.91,ATM,SUC-X3OFCBL0,Cable TV,Services,Colombia,Cartagena,Approved,00,False,11.51,,
TRX-5EU6NQS5OCKW4VQT5RIA,2026-05-28 07:26:04,2026-05-28,PRD-BIK1HR708XXB,CLI-MYBCH9HERFZO,Deposit,,504.76,USD,,ATM,SUC-349TR6OC,,,México,,Approved,00,False,,,
TRX-LI7VROB6Y07APAY5JOX8,2026-05-28 13:48:58,2026-05-28,PRD-1BRGLTBYB22W,CLI-L3KQEAUUMT12,Deposit,,3979.39,USD,,POS,,,,México,Ciudad de México,Approved,00,False,18.81,,
TRX-OZXN9OJZVRDMUI61PEHM,2026-05-28 19:19:57,2026-05-28,PRD-PLET5M7608NM,CLI-Y03HO8R0E337,Withdrawal,,1066566.33,COP,266.64,POS,,,,Colombia,Medellín,Approved,00,False,5.2,5.6584266,-74.2406841
TRX-G6VF8FUM8HSTYBPB0MC7,2026-05-28 18:55:50,2026-05-28,PRD-OS5HIR9AMHIO,CLI-P8J0CELVBL78,Withdrawal,,103647.42,ARS,296.14,ATM,SUC-Y7VHYCDG,,,Argentina,Buenos Aires,Reversed,54,False,15.39,,
TRX-84JQM6WZHXUSC5KYBOEU,2026-05-28 14:17:01,2026-05-28,PRD-VLVHODQG6LRH,CLI-I39VFTLFRS0A,Purchase,Food,64714.04,ARS,184.9,Web,,Restaurante El Buen Sabor,Food,Argentina,,Approved,00,False,29.68,,
TRX-113K4E7U2IBGZ97CH1AW,2026-05-29 02:45:40,2026-05-28,PRD-W8Q06T6Z04YC,CLI-EM95YWGQMW01,Transfer,,34408901.2,COP,8602.23,Web,,,,Colombia,Barranquilla,Approved,00,False,25.19,,
TRX-LANTT8PNKKHQTJ8SPWP7,2026-05-28 17:39:24,2026-05-28,PRD-TRJDPIIDU57Z,CLI-OGV4D6MAAZYJ,Withdrawal,,44.96,USD,,POS,,,,México,Guadalajara,Approved,00,False,11.94,,
TRX-MJVF7ZF1TTAZ0RR41FPI,2026-05-28 09:46:56,2026-05-28,PRD-QOR1DI5TIM8T,CLI-IP87TTRLEYOA,Purchase,Services,57010.47,ARS,162.89,ATM,SUC-5XWR79HW,,Services,Brazil,Rio de Janeiro,Approved,00,False,27.86,-34.3618983,-58.1690392
TRX-HAB1M4LSSEKDK3YTHPC9,2026-05-28 12:10:11,2026-05-28,PRD-MVPXC4R5ZQSE,CLI-9MV8D97SZYT7,Deposit,,4217.73,USD,,POS,,,,México,Tijuana,Approved,00,False,26.43,,
TRX-4YZEAXDPFLRQCDTRI0I1,2026-05-29 04:58:32,2026-05-28,PRD-NJOM6U4I7THS,CLI-EPYPL9VASIPE,Transfer,,5395.6,USD,,ATM,SUC-ADIYTS49,,,México,Ciudad de México,Approved,00,False,,-0.0424989,-0.8609916
TRX-QALGO4LZ3SPVLHY9XIBK,2026-05-28 21:57:43,2026-05-28,PRD-MFJDZHIFIAX9,CLI-0J5DR4QC5JM5,Deposit,,4686.84,USD,,Web,,,,México,Querétaro,Approved,00,False,15.74,,
TRX-084UMO0OM472WE6X13HP,2026-05-29 05:16:54,2026-05-28,PRD-QE5HFA4JQNE3,CLI-S7EKKV0JHVJB,Payment,Services,678078.21,ARS,,POS,,,,Argentina,,Approved,00,False,29.93,,
TRX-D3XKQGH47RXL1MNGRFBL,2026-05-28 20:57:50,2026-05-28,PRD-V3OP5A78S09F,CLI-42IS1LEL8TDD,Transfer,,2548828.91,ARS,7282.37,Web,,,,Argentina,La Plata,Approved,00,False,10.17,,
TRX-WNWJNFUVJEFWQM10Q25M,2026-05-28 19:18:29,2026-05-28,PRD-YLP3HIWZWVCG,CLI-FTBDK4JIXF2N,Withdrawal,,474.41,USD,,ATM,SUC-S3V4CSL0,,,México,,Approved,00,False,17.53,,
TRX-TTW4BR2SW12RR0W79C3S,2026-05-29 01:27:17,2026-05-28,PRD-49V75FJMKZ6M,CLI-HJTCFF9H1TYC,Deposit,,13376812.28,COP,3344.2,POS,,,,Colombia,Barranquilla,Approved,00,False,2.87,,
TRX-CU27IEIPF60AGZZP0CWY,2026-05-28 14:34:30,2026-05-28,PRD-2LXWFNG8AR8N,CLI-CH2WKKYZ6NJE,Transfer,,2102178.92,ARS,6006.23,Web,,,,Argentina,Córdoba,Approved,00,False,1.71,,
TRX-QSACEML8BFASJHKIKVLB,2026-05-28 17:17:54,2026-05-28,PRD-RCJ66KCQZQKR,CLI-YF4JORTILP83,Transfer,,35341453.35,COP,8835.36,Web,,,,Colombia,Cali,Approved,00,False,,,
TRX-Y7FE9QKWLOQ7SLK67A4T,2026-05-28 21:09:22,2026-05-28,PRD-ARQ8FDWRL9ER,CLI-2HAXIEE8J1JE,Withdrawal,,1062689.6,COP,265.67,ATM,SUC-9FWCAJXI,,,Colombia,Cali,Approved,00,False,24.92,4.1326215,-73.7823058
TRX-J2W9RSBZLM8KLY7NZXLA,2026-05-28 23:45:06,2026-05-28,PRD-RSSEH2N009BT,CLI-PBYREJW7Z75X,Transfer,,5217.54,USD,,ATM,SUC-H4WPLB7O,,,Colombia,Bogotá,Approved,00,False,28.07,,
TRX-AUPXZRY0NLCSNUR9I398,2026-05-29 02:56:22,2026-05-28,PRD-J2RWMNME59LU,CLI-4FN4HBLI61LR,Withdrawal,,181.55,USD,,ATM,SUC-JD6LDRA8,,,Colombia,Cali,Approved,00,False,8.59,,
TRX-2QG9Z0VJQ33VXWMWAFCG,2026-05-28 11:40:50,2026-05-28,PRD-05N45RO2Z7VS,CLI-KNESNMCDMGOU,Deposit,,2911.57,USD,,POS,,,,México,Monterrey,Approved,00,False,2.47,0.9167048,-0.0671281
TRX-MCAPURYG4FLPUQBJ6EOC,2026-05-28 22:28:44,2026-05-28,PRD-VGGHD2T84SYR,CLI-5PSOJGO193F8,Transfer,,4198.73,USD,,POS,,,,México,Puebla,Approved,00,False,3.7,0.6418439,-0.0992512
TRX-L63HEWT6U0XMK8SGPJ13,2026-05-28 14:05:32,2026-05-28,PRD-RTSS5CYUVJUW,CLI-SVAY0TQ5YLFL,Withdrawal,,417.1,USD,,Web,,,,México,Ciudad de México,Approved,00,False,10.66,,
TRX-J3NOT8XRRWD97TFFRPQ6,2026-05-28 08:00:54,2026-05-28,PRD-XTYDNZPCFA46,CLI-GYVTUUP8O91N,Payment,Transport,1409.53,USD,,App,,,,México,Monterrey,Approved,00,False,16.18,,
TRX-NNF5XBKY3CTPARJAOEQZ,2026-05-28 14:30:16,2026-05-28,PRD-230DBV3FUV3G,CLI-S22TY534SAPS,Transfer,,1928331.97,ARS,5509.52,ATM,SUC-ISVYMZP9,,,Argentina,Buenos Aires,Approved,,False,22.54,,
TRX-1KOX8EXHSUJZ7NKK1JZ9,2026-05-29 05:31:47,2026-05-28,PRD-G5ZR7IOGZ1SJ,CLI-SP98RMMHQ55F,Purchase,Entertainment,14459.74,ARS,41.31,POS,,Streaming Music,,Argentina,Buenos Aires,Approved,00,False,5.63,-34.2578887,-57.8700282
TRX-UDXN65DOUN98R4WMC43R,2026-05-28 20:30:24,2026-05-28,PRD-IJ3DYBMVAEXE,CLI-L5KF2W3PXNHI,Purchase,Other,171.91,USD,,Web,,Ferretería,Other,México,Tijuana,Approved,00,False,2.82,,
TRX-ENVYQYS1Q7K5MNFBC5GB,2026-05-28 23:20:20,2026-05-28,PRD-HTUH0KWPUU7O,CLI-QSZ1H0J3MA8B,Payment,Health,529.94,USD,,App,,,,México,,Approved,00,False,4.39,,
TRX-H1SHDRDJNW14KUOTPK0M,2026-05-29 02:03:15,2026-05-28,PRD-ZLI8X78PVPGI,CLI-3EZLUD8F1FNT,Purchase,Health,190066.35,COP,47.52,ATM,SUC-FF1CG8O5,Laboratorio Central,Health,Colombia,Medellín,Reversed,05,False,28.24,,
TRX-YBZNYI9LKXA5NC3Q2AET,2026-05-28 18:28:07,2026-05-28,PRD-EIKAVA8IF3ZW,CLI-CXRGXF5XARC1,Purchase,Food,16959.48,ARS,48.46,ATM,SUC-SX32177B,Mercado Central,Food,Argentina,Buenos Aires,Approved,00,False,18.69,-34.3268901,-57.5738097
TRX-V0Y48D1B46HWO07C8PK1,2026-05-28 15:52:33,2026-05-28,PRD-STA5WRXLSK6A,CLI-O9LZPNJUBAD8,Withdrawal,,306.16,USD,,ATM,SUC-KD93KQ8I,,,México,Ciudad de México,Approved,00,False,8.93,,
TRX-GQ97USSL0L3D0NAW3J7F,2026-05-29 03:02:57,2026-05-28,PRD-C7R3V0Q7G90Z,CLI-8TN3TVGDNRI0,Payment,Other,2410806.72,COP,602.7,ATM,SUC-H9U13579,,,Argentina,Mendoza,Approved,00,False,22.9,,
TRX-R1M0SSXXP07KEQOITG84,2026-05-28 10:45:37,2026-05-28,PRD-XTB5FJ40ZBOY,CLI-RK8SFEFWP23S,Withdrawal,,75.2,USD,,Web,,,,México,,Approved,00,False,,,
TRX-S3CAUQI0S9GFN2TO0P9D,2026-05-28 14:06:11,2026-05-28,PRD-M5ZP095YKXZP,CLI-3F92N4B2SEPA,Withdrawal,,177.4,USD,,POS,,,,Colombia,Barranquilla,Approved,00,False,14.11,,
TRX-DJE57YDGAJP576EEA5OJ,2026-05-28 09:46:55,2026-05-28,PRD-K2YS084L2WI5,CLI-ASWOLNWFVNJ0,Adjustment,,877.33,USD,,Branch,SUC-BDUHNO9T,,,México,Guadalajara,Approved,00,False,29.55,,
TRX-YGU89F5LE8KQV545CVWW,2026-05-28 09:16:08,2026-05-28,PRD-0BG69IAY5GQD,CLI-ROY4S8YKVAQQ,Withdrawal,,1378906.81,COP,344.73,ATM,SUC-P44GDIDS,,,Colombia,Cartagena,Approved,00,False,8.81,,
TRX-UHPWMXDZLV6F73V5L4E7,2026-05-28 16:31:03,2026-05-28,PRD-FL3Y1JV6UEPQ,CLI-D9KD28355TZC,Withdrawal,,1171725.62,COP,292.93,POS,,,,Colombia,Cartagena,Approved,00,False,20.88,5.5269524,-73.1055327
TRX-49X91Q6GRUYGQ5VP0WBG,2026-05-28 15:06:29,2026-05-28,PRD-GM2F28CJLVYQ,CLI-M8WFLDJ6S64Y,Transfer,,5688.82,USD,,POS,,,,México,Guadalajara,Approved,00,False,20.42,-0.945655,-0.8525202
TRX-7MQX8TZKBGH4VW2UMLHC,2026-05-28 06:57:14,2026-05-28,PRD-D4KRX6AJI02U,CLI-19A32WE7U59A,Purchase,Transport,368.62,USD,,ATM,SUC-KX44GJKB,Gasolinera Express,Transport,México,Puebla,Approved,,False,14.05,0.5530811,-0.8221187
TRX-LZJJCU3RX9K664GEQZM7,2026-05-28 14:21:54,2026-05-28,PRD-UNMD9HIGMCN6,CLI-SIXGA1VDWMVU,Purchase,Transport,83985.84,ARS,239.96,Web,,Gasolinera Express,Transport,Mexico,Ciudad de México,Approved,00,False,4.55,,
TRX-KQLFUUTIGVTEPFXEX85H,2026-05-28 08:02:44,2026-05-28,PRD-JTWYMEJL94GZ,CLI-X11WP5AUDWAY,Purchase,Entertainment,273.57,USD,,App,,Conciertos Live,Entertainment,México,Ciudad de México,Approved,00,False,0.88,,
TRX-H09UPKRVEMAM1IR8YI5Q,2026-05-29 04:43:28,2026-05-28,PRD-A5JG9JZMKWBG,CLI-KAEXURMBQTE2,Deposit,,453743.9,ARS,1296.41,POS,,,,Argentina,,Pending,51,False,17.92,,
TRX-69SCWV5TN317W9HRFKD7,2026-05-28 09:14:05,2026-05-28,PRD-QUCSUEZMNVOV,CLI-MGBJAAHM19HC,Withdrawal,,1485278.21,COP,371.32,App,,,,Mexico,,Approved,00,False,15.15,,
TRX-9TPFOSXR7KV6ZULMCSFB,2026-05-28 16:35:14,2026-05-28,PRD-JP4UUAFD6NGL,CLI-RPU9OV0GT34R,Transfer,,3998.5,USD,,POS,,,,México,Guadalajara,Approved,00,False,21.64,-0.2156783,0.2983522
TRX-FGNHCG5CVYJ5F0KU7Z19,2026-05-28 21:45:06,2026-05-28,PRD-795CJNR9EL3A,CLI-QBC2NWADLZ78,Purchase,Food,372.03,USD,,Web,,Restaurante El Buen Sabor,Food,México,Puebla,Approved,00,False,,,
TRX-C99T2V22IV5PQH4T2HLE,2026-05-28 08:59:34,2026-05-28,PRD-4ZJGLX409PNQ,CLI-9J0AZRWF69TR,Withdrawal,,1552496.74,COP,388.12,POS,,,,Spain,Sevilla,Approved,00,False,5.01,,
TRX-H95IJI7X2NZ7ZP9K819B,2026-05-29 02:20:35,2026-05-28,PRD-SRLAOKC6HG11,CLI-T6CM05H9MPNV,Purchase,Food,1548378.1,COP,387.09,ATM,SUC-DLYE60QN,Restaurante El Buen Sabor,Food,Colombia,Bogotá,Approved,00,False,0.29,,
TRX-2WNLDVAA1WZPSG973Y1B,2026-05-29 02:21:40,2026-05-28,PRD-9NEC7MCH4AI7,CLI-BILFBT70MIQI,Transfer,,5310.96,USD,,App,,,,México,Puebla,Approved,00,False,10.28,,
TRX-JYX3NV36TG3AX8C5LIGY,2026-05-28 15:26:25,2026-05-28,PRD-ZPX8ZR83V2LY,CLI-GDXF4KM3JOIK,Purchase,Entertainment,1201314.54,COP,300.33,POS,,Conciertos Live,Entertainment,Colombia,Bogotá,Approved,00,False,7.7,,
TRX-K9OMA0X6BBSGACSQIRNV,2026-05-28 11:54:00,2026-05-28,PRD-OLN5H27NDW3D,CLI-A9BGMHLKB874,Withdrawal,,173675.54,ARS,496.22,Web,,,,Argentina,Córdoba,Approved,00,False,29.28,,
TRX-U7LTEOH1NPYHLFTGSU7X,2026-05-29 03:57:14,2026-05-28,PRD-R0GGWZRXO4VK,CLI-36FQC3PJM9P0,Payment,Other,1345.48,USD,,Web,,,,México,Ciudad de México,Approved,00,False,7.49,,
TRX-ABV690OQFL5H13JZXXNB,2026-05-29 01:53:41,2026-05-28,PRD-VPDRNEF3WD11,CLI-4T3S1SJI9NJF,Purchase,Services,146.68,USD,,ATM,SUC-PUPXM7MA,Cable TV,Services,México,Guadalajara,Approved,00,False,12.29,0.243347,0.3792521
TRX-PFFB2MCIB3RBVD039RXR,2026-05-28 14:11:43,2026-05-28,PRD-NH03P77301CN,CLI-SBYC0JUZ7WKE,Purchase,Services,118.18,USD,,POS,,Internet Plus,Services,México,Puebla,Approved,00,False,3.45,,
TRX-Y9733PDUGOBR6Z2E5UAB,2026-05-28 10:51:36,2026-05-28,PRD-FP8J2W8J0FDV,CLI-EHRPSLW2X1BB,Purchase,Food,149902.71,ARS,428.29,Web,,Mercado Central,Food,Argentina,,Approved,00,False,,,
TRX-8MLOUSO3HUBS6EHZATKX,2026-05-28 07:15:25,2026-05-28,PRD-2A27KQG5Q800,CLI-GENWF32CS4V0,Transfer,,9716.63,USD,,ATM,SUC-74OJEV5Z,,,México,Monterrey,Approved,00,False,8.12,,
TRX-PTKQ1AAAEX84SUSPDBY8,2026-05-28 09:12:58,2026-05-28,PRD-GLGXT8YQ29Y6,CLI-T0QZVHJZJVV3,Adjustment,,612.42,USD,,App,,,,México,Querétaro,Approved,00,False,8.73,,
TRX-538GHV6O6052UMP5LGMV,2026-05-28 20:04:23,2026-05-28,PRD-P3P13RQ140A5,CLI-ST9UGF5Q1B73,Payment,Food,25629.11,ARS,73.23,POS,,,,Argentina,La Plata,Declined,05,False,27.9,,
TRX-UNHJI864UI314QURY3NK,2026-05-28 23:08:12,2026-05-28,PRD-15RNRF6YZDWC,CLI-LEQND4KLXO7Z,Payment,Other,1713.71,USD,,POS,,,,USA,Miami,Approved,00,False,14.48,0.0361497,-0.837519
TRX-ENG1RQG55ZRRXWQTBP0X,2026-05-28 18:48:36,2026-05-28,PRD-PZZLO7Z6LKZV,CLI-JA7RY91CTA5R,Withdrawal,,1892128.14,COP,473.03,POS,,,,Colombia,Cali,Approved,00,False,3.92,,
TRX-BAV3LWW0W6J0BTUMA2ZX,2026-05-29 02:41:44,2026-05-28,PRD-3LH0HC475JM5,CLI-IMSAUCV63EJM,Purchase,Other,26.97,USD,,ATM,SUC-5S93Z8YS,Ferretería,Other,Argentina,Buenos Aires,Approved,00,False,,,
TRX-JNKASR2NU1DU6S6PBG7P,2026-05-29 00:55:59,2026-05-28,PRD-074RU1HN28Y8,CLI-H6FP0FCYG5HO,Payment,Entertainment,546.35,USD,,POS,,,,Colombia,Cali,Approved,00,False,17.75,,
TRX-4RNPRCNOZ2P0VNOXRTC3,2026-05-29 03:10:54,2026-05-28,PRD-4VCS8633KNIV,CLI-DKZ7P1S0Y0NT,Deposit,,4357.89,USD,,ATM,SUC-552N76DP,,,México,Puebla,Approved,00,False,17.37,-0.3049112,4.17e-05
TRX-M302OSNYF550EBFKSDW6,2026-05-29 01:25:20,2026-05-28,PRD-QA728E7I9OH8,CLI-0FRHJXBWPL0F,Purchase,,393.53,USD,,POS,,Empresa Telefónica,Services,México,Monterrey,Approved,00,False,24.78,,
TRX-GP9EBK698N82WH9E0Y0I,2026-05-29 03:19:31,2026-05-28,PRD-K4GESJRR90DF,CLI-GU0UXETUVK1B,Deposit,,1247.84,USD,,POS,,,,México,Monterrey,Approved,00,False,19.12,,
TRX-LLQ8TNF1UO56UDKEG59I,2026-05-28 06:26:03,2026-05-28,PRD-C7BQREO2Z23R,CLI-Y9QEU7R7P9X2,Payment,Food,5332024.12,COP,1333.01,Transfer,,,,Colombia,Cali,Approved,00,True,,,
TRX-Y63BWPLZPIAA4XXV4JC4,2026-05-28 22:37:17,2026-05-28,PRD-B1ECGXLT47LY,CLI-0VS1ZTQDPRUN,Withdrawal,,1767094.44,COP,441.77,ATM,SUC-3NEGSLF6,,,Colombia,Medellín,Approved,00,False,15.63,4.9155213,-73.8081132
TRX-Y6GMJA23JG72JCJ3DDG4,2026-05-29 01:00:26,2026-05-28,PRD-8AHEOC8AHE7Y,CLI-PX2YXD1GTZ8S,Withdrawal,,104.63,USD,,ATM,SUC-BDUHNO9T,,,Argentina,Mendoza,Approved,00,False,18.95,,
TRX-ATAVQ0REV5X47M0QT0QK,2026-05-28 10:14:38,2026-05-28,PRD-PNJLX0E1IKMJ,CLI-EHXNH8VYYW6K,Transfer,,8200.7,USD,,ATM,SUC-MAWPQ7HZ,,,Argentina,Mendoza,Approved,00,False,15.79,-34.2141543,-57.9710459
TRX-5BGL7X7XPYK6X2A6ERHZ,2026-05-28 22:58:28,2026-05-28,PRD-UUYQ1ZT8MOAM,CLI-LCNXLFNU2XGT,Withdrawal,,1272833.25,COP,318.21,POS,,,,Colombia,Bogotá,Approved,00,False,10.86,,
TRX-6M5D2OIXVJ00O4G1RDOD,2026-05-28 17:26:33,2026-05-28,PRD-GWSWBIK88T59,CLI-85GCUJFMN49Q,Deposit,,3425.61,USD,,ATM,SUC-I3D08YZO,,,México,Puebla,Approved,00,False,12.85,0.5803134,0.9563338
TRX-XQYPM2063M6CYQWM1OA8,2026-05-28 21:25:10,2026-05-28,PRD-U6NFPD0ARATM,CLI-VC47FVR7KMMQ,Withdrawal,,307.72,USD,,POS,,,,México,Ciudad de México,Approved,00,False,18.56,,
TRX-P78ITLW05OGF8P30EM69,2026-05-28 13:16:15,2026-05-28,PRD-U9NNQ4KOU3X9,CLI-AADUDKD6REOG,Purchase,Food,28036.93,COP,7.01,Transfer,,Mercado Central,,Colombia,Cartagena,Approved,00,False,19.39,,
TRX-P3YEQGLUWM6FQQ2TUHPR,2026-05-28 14:01:54,2026-05-28,PRD-BC6R4T7L4AV3,CLI-O3D3COJKT70V,Purchase,Food,410.21,USD,,Web,,,Food,México,Puebla,Approved,00,False,,,
TRX-1B34F09OI2XWEF8I0LO2,2026-05-29 01:02:27,2026-05-28,PRD-X8HWZ8EC95HN,CLI-G3JO7K2GEVIF,Purchase,Entertainment,330.56,USD,,POS,,Teatro Nacional,Entertainment,México,,Approved,00,False,28.67,,
TRX-QVX89QGU34I9T75HT8H7,2026-05-29 00:06:24,2026-05-28,PRD-LNAZDASH7QXA,CLI-NRIIXA2KZF8Q,Transfer,,2682752.31,ARS,7665.01,ATM,SUC-GKQAVGPP,,,Argentina,Rosario,Approved,,False,8.58,,
TRX-JT693A4GM9PK52QLAK5B,2026-05-28 19:41:49,2026-05-28,PRD-VXUHUN88JO34,CLI-17E1UNJM153T,Withdrawal,,199.87,USD,,ATM,SUC-S49Q0IRI,,,México,Tijuana,Approved,00,False,16.91,,
TRX-H2R0ZHXYPUYQKPR2ZD2B,2026-05-29 04:35:29,2026-05-28,PRD-FTTAYFVWV0H1,CLI-WSHNONUC8LBV,Deposit,,1629920.17,ARS,4656.91,App,,,,Argentina,Buenos Aires,Approved,00,False,7.38,,
TRX-GQKEZJXWZ9ZKD4C1BE6L,2026-05-29 05:55:01,2026-05-28,PRD-GID8A6EWKDQ4,CLI-HPNDWJ8D1V1O,Transfer,,2352234.58,ARS,6720.67,Web,,,,Argentina,La Plata,Approved,00,False,29.11,,
TRX-3IFD3REZIZTNZ9I44MAK,2026-05-29 01:23:26,2026-05-28,PRD-YW32S5DNKJXQ,CLI-3DLSC89GRUG6,Deposit,,3399.95,USD,,Web,,,,México,Ciudad de México,Approved,00,False,24.44,,
TRX-3V2KOP5ZEJGQS9WEJI75,2026-05-28 15:03:44,2026-05-28,PRD-FWJ5DUVCXYK9,CLI-5L0J34OHI662,Transfer,,16672450.76,COP,4168.11,Web,,,,Colombia,Bogotá,Approved,00,False,10.74,,
TRX-PVF4HQAJ5J1QMD19CGVD,2026-05-28 11:31:30,2026-05-28,PRD-NTC1HZLGQ80A,CLI-LE0ZUH4E28UQ,Withdrawal,,436.57,USD,,Web,,,,México,Tijuana,Pending,05,False,18.13,,
TRX-C2I5UEYUQUNBWRM0GRZE,2026-05-28 10:17:59,2026-05-28,PRD-X6ZV81RV4YUI,CLI-PR8NNIREEY7O,Transfer,,1713847.23,ARS,4896.71,POS,,,,Argentina,La Plata,Approved,,False,5.45,,
TRX-8D6V3BFT6KHS5LVFHDWE,2026-05-28 21:46:14,2026-05-28,PRD-7W1YXFQLTQN8,CLI-CM4MGOFUAQB4,Transfer,,3444189.64,COP,861.05,Web,,,,Colombia,Medellín,Approved,00,False,13.29,,
TRX-QH0F0ZXU9PTZXAPHW4C6,2026-05-28 22:12:15,2026-05-28,PRD-NT88DVWHCBYO,CLI-W8FO953VWMYF,Payment,,275.31,USD,,POS,,,,México,Ciudad de México,Approved,00,False,16.44,,
TRX-0TP56L1TLPWULBZMDX08,2026-05-28 23:46:31,2026-05-28,PRD-F5KR2OHYJI3Y,CLI-99ANHZSZXWKS,Deposit,,3318.09,USD,,Branch,SUC-KXMF616G,,,Colombia,Medellín,Approved,00,False,,,
TRX-JUDYEYCCB2OXGV3P0A2F,2026-05-29 00:14:53,2026-05-28,PRD-S7QPPOB1BUGJ,CLI-QR1BRCYGWKYB,Purchase,Other,212.19,USD,,Web,,Tienda General,Other,México,Ciudad de México,Approved,00,False,22.64,,
TRX-QKP4ELZALM4DAI5933Y4,2026-05-29 03:33:09,2026-05-28,PRD-SVTCE92IG1IU,CLI-QL3WHZU1SBBE,Purchase,Other,103751.33,COP,25.94,ATM,SUC-IV7HG0FV,Centro Comercial,Other,Brazil,Brasília,Approved,00,False,26.78,,
TRX-74JT6U6G46UY3O645IPT,2026-05-28 09:24:11,2026-05-28,PRD-44F8SGYDKBBV,CLI-PMETR18CV23B,Purchase,Entertainment,358.0,USD,,POS,,Teatro Nacional,Entertainment,Colombia,,Approved,00,False,13.45,,
TRX-UUHH4QL6YIG8NIMFLLZN,2026-05-29 05:32:09,2026-05-28,PRD-DHJZ6018VXHG,CLI-WIZ67A7BLWGG,Purchase,Food,683244.67,COP,170.81,Web,,Tienda Don José,Food,Colombia,Barranquilla,Approved,00,False,9.73,,
TRX-NS8ZQ10T23TK87LBX3ZK,2026-05-28 19:02:40,2026-05-28,PRD-WUWMVUNQ2NX7,CLI-T1CB2MOGX6JW,Transfer,,8320.32,USD,,ATM,SUC-POHHKXPA,,,México,Ciudad de México,Approved,00,False,26.42,,
TRX-QAWQK0VSYPPEU9OWOXBU,2026-05-28 09:36:25,2026-05-28,PRD-UG4XTQGWYGOA,CLI-MSJAWVXGP4CG,Withdrawal,,125070.08,ARS,357.34,ATM,SUC-OJAQW0AJ,,,Argentina,,Approved,00,False,17.01,,
TRX-JZ30YCF0KUJO8G3ZAO5N,2026-05-29 04:31:37,2026-05-28,PRD-BBPQF25U7G72,CLI-PKR1M7BO2LFE,Payment,Food,158711.5,ARS,453.46,POS,,,,Argentina,Córdoba,Approved,00,False,13.49,,
TRX-V8NMQOYOEJ6IHFN7FC2I,2026-05-28 18:33:51,2026-05-28,PRD-C6PLVDN8SAQ6,CLI-MKMI6M0X7SF8,Payment,Food,1072851.48,COP,268.21,ATM,,,,Colombia,Cartagena,Approved,00,False,24.83,3.9639665,-73.9780702
TRX-PVV9PH084K84VD804NZT,2026-05-28 20:08:55,2026-05-28,PRD-AROQLBY540X3,CLI-CK3SP2DCNF5N,Purchase,Entertainment,353.51,USD,,ATM,SUC-CGL8D37U,Teatro Nacional,Entertainment,México,Querétaro,Approved,00,False,22.49,,
TRX-03Y2VVOM7G8S0M8RACF5,2026-05-28 23:16:30,2026-05-28,PRD-YRX52QEV1C1R,CLI-0P60DUTR29WR,Payment,Entertainment,1889.63,USD,,ATM,SUC-CJYLJUTF,,,México,Puebla,Approved,00,False,10.1,,
TRX-6N8WTDOOA1SY88N2QK47,2026-05-29 05:39:03,2026-05-28,PRD-13YXXDYVNX4K,CLI-YTOERHKH74WR,Adjustment,,371.59,USD,,POS,,,,México,Querétaro,Approved,00,False,,-0.618313,0.6467861
TRX-W5YGODND14DTZFA1MQ2U,2026-05-28 10:00:58,2026-05-28,PRD-4BL0C7S713G9,CLI-BMMY5XM201XN,Withdrawal,,100.0,USD,,Web,,,,México,Ciudad de México,Approved,00,False,,,
TRX-KPP5DSXQVNQPW4099SA5,2026-05-28 22:44:38,2026-05-28,PRD-AIJH835VH1WX,CLI-KXS2J1VP2D11,Purchase,Food,404934.27,COP,101.23,ATM,SUC-H2ROE7C8,Super Ahorro,Food,Colombia,Medellín,Approved,00,False,24.5,,
TRX-LRNUMFHZ4OSNR9N1IZUX,2026-05-29 04:13:29,2026-05-28,PRD-89GKIQHUKHF4,CLI-BIUXQGWR6TNQ,Deposit,,5924235.25,COP,1481.06,ATM,,,,Colombia,Bogotá,Approved,00,False,20.24,,
TRX-QP81TQWM4A4BQT0LZ7VB,2026-05-29 03:20:00,2026-05-28,PRD-D7QDIKBN8V15,CLI-A4EYPNVIDPK2,Withdrawal,,357.98,USD,,ATM,SUC-4AVH1MSP,,,México,Monterrey,Approved,00,False,6.24,,
TRX-X034NX0CISDAFDA4SS3H,2026-05-28 20:47:42,2026-05-28,PRD-4EY20ZJQTC9M,CLI-OLEEYB6TWQD1,Transfer,,2865161.77,ARS,8186.18,POS,,,,Argentina,Buenos Aires,Approved,00,False,14.69,,
TRX-434GLJDR0QGL95BTKE4C,2026-05-28 18:38:38,2026-05-28,PRD-KAHDGXHL6PAW,CLI-E4W34JMPVEJU,Withdrawal,,581232.43,COP,145.31,App,,,,Colombia,,Approved,00,False,5.15,,
TRX-TCOHSHYEA9H4QJBCM5OX,2026-05-28 19:34:42,2026-05-28,PRD-MR49JAHQ4G6F,CLI-BFRGQOULPDEV,Adjustment,,3436224.74,COP,859.06,Web,,,,Colombia,,Approved,00,False,4.08,,
TRX-3Z2WVSEC8YPDF4ANGA16,2026-05-28 10:41:42,2026-05-28,PRD-2EFIIH0SKQUU,CLI-69M4MMSTFPAA,Transfer,,4337.8,USD,,App,,,,México,Tijuana,Approved,00,False,3.38,,
TRX-S8MZ5H417XT3BIQ9AQ76,2026-05-28 13:02:03,2026-05-28,PRD-YGOOQ3FDMF0O,CLI-KSC15W2L3X0S,Transfer,,18750047.33,COP,4687.51,POS,,,,Colombia,Bogotá,Approved,00,False,,,
TRX-WB5W1S4IRABM7AKLQG7R,2026-05-28 12:52:01,2026-05-28,PRD-451R8ON4YNGS,CLI-8JF4KNGUR6KT,Purchase,Entertainment,200.62,USD,,Web,,Cine Premium,Entertainment,Argentina,,Approved,00,False,,,
TRX-GHM0IJOUIP9FEHLH6KYU,2026-05-28 16:01:34,2026-05-28,PRD-ZLH2LRDJ6JOK,CLI-9WVJUUONKCWJ,Purchase,Entertainment,1920509.66,COP,480.13,POS,,Streaming Music,Entertainment,Colombia,Cali,Approved,00,False,6.92,,
TRX-Z0Y7Q6R23IX7TY0V6KF3,2026-05-28 15:36:08,2026-05-28,PRD-DYQDOA5T1TBP,CLI-2IK4N52AXYM2,Purchase,Other,40259.03,ARS,,ATM,SUC-7L3EZA71,Boutique Moda,Other,Argentina,,Approved,00,False,22.4,,
TRX-14TSGISJAGUKPD8TT97P,2026-05-28 19:49:45,2026-05-28,PRD-TBDKQI6CKM1X,CLI-9O8TG5PNI60J,Purchase,Transport,461.65,USD,,App,,,Transport,México,Ciudad de México,Approved,00,False,20.41,,
TRX-6TYZ53IDOXSMZM6NWC1V,2026-05-28 18:32:34,2026-05-28,PRD-LNU8ZLZZQZM9,CLI-4BRC7XWB34JU,Withdrawal,,56.34,USD,,POS,,,,México,Monterrey,Approved,00,False,6.33,0.9665233,-0.7780077
TRX-BKDHJPLNC3GJ8Y54GM4P,2026-05-28 09:38:08,2026-05-28,PRD-YAL40E920QGR,CLI-L8QJE41HL9ZH,Purchase,Entertainment,210.02,USD,,Branch,SUC-4HF4J8KO,Conciertos Live,Entertainment,México,Guadalajara,Approved,00,False,0.87,,
TRX-XKQ9H30AMRQUDQA5SB8Z,2026-05-28 15:04:33,2026-05-28,PRD-1FYSO2G8SBYE,CLI-75JRAQ8IWUFS,Purchase,Food,361.79,USD,,App,,Super Ahorro,Food,México,,Approved,00,False,5.65,,
TRX-WGHODM6D9FAP2Y39MDRM,2026-05-29 02:20:37,2026-05-28,PRD-TSS7HVIEI2QM,CLI-Z121KLZ3PEN0,Withdrawal,,334.58,USD,,ATM,SUC-6NKYKKQR,,,Colombia,Barranquilla,Approved,00,False,28.79,,
TRX-OV2ZLEMQM2OLEC18QM36,2026-05-28 11:05:19,2026-05-28,PRD-TOUNPDA4CAY9,CLI-2RGP56SQ3TLO,Payment,Services,1035.13,USD,,ATM,SUC-ZXOSBE5D,,,México,Puebla,Pending,05,False,18.43,,
TRX-68G8W96AY6UZTKJOF9GJ,2026-05-28 13:53:55,2026-05-28,PRD-CCMB94E06L6N,CLI-QY4JCZAMDJ1C,Deposit,,4161.08,USD,,App,,,,México,Querétaro,Approved,00,False,,,
TRX-USRS5U7PYHB3VKNGNBOY,2026-05-29 05:39:49,2026-05-28,PRD-HSWLSEJ4GL0Y,CLI-J3S8IVJCZVG4,Deposit,,2741.61,USD,,Web,,,,México,Tijuana,Approved,00,False,8.41,,
TRX-P6Z7LQOY19H6UQJSH4PR,2026-05-28 13:51:54,2026-05-28,PRD-1XU5JLN2KALF,CLI-5929BON03GFM,Deposit,,991118.29,ARS,2831.77,ATM,SUC-ZSZKWMJL,,,Argentina,Buenos Aires,Approved,00,False,1.95,-34.6307731,-58.8118222
TRX-MJ9W1Z2T0C552WZJ92NY,2026-05-28 12:03:33,2026-05-28,PRD-KMQWSQBS472F,CLI-3MRFDK80MPXV,Purchase,Transport,118.48,USD,,POS,,Taxi Seguro,Transport,México,Puebla,Approved,00,False,,,
TRX-XFSJCN9YHPB0Z3Z903YV,2026-05-29 02:58:57,2026-05-28,PRD-UZ65EQ27OK9O,CLI-8NSDOLUO3BTF,Withdrawal,,1524057.55,COP,381.01,ATM,SUC-8YXNMWZ7,,,Colombia,Bogotá,Approved,00,False,,,
TRX-S760X6NWEMIGIIKGB1HG,2026-05-28 14:20:02,2026-05-28,PRD-9560BQJR7Z27,CLI-E4EIM53A33K6,Transfer,,2221666.76,ARS,6347.62,POS,,,,Brazil,São Paulo,Approved,00,False,1.79,,
TRX-Z47V8VI4SN2FYBRSQ4C3,2026-05-28 17:04:23,2026-05-28,PRD-QAE7QMQ6JRRM,CLI-53N0OO6VPFL4,Purchase,Services,116.64,USD,,Transfer,,Empresa Telefónica,Services,México,,Approved,00,False,26.6,,
TRX-5XCBDMA53SV3BTT87XTS,2026-05-28 16:42:09,2026-05-28,PRD-8D035MPQ216B,CLI-5ETBU4LGHBFO,Payment,Health,479357.17,ARS,1369.59,POS,,,,Argentina,Buenos Aires,Approved,00,False,10.88,,
TRX-0ZL5GR94QUS99DMJQYHO,2026-05-29 01:55:41,2026-05-28,PRD-SNO4WJQ2RBK5,CLI-HHF246FQE5YS,Purchase,Transport,154.36,USD,,App,,Uber,Transport,México,,Approved,00,False,9.81,,
TRX-LAK8EPL7H28I8NYTDN1J,2026-05-28 07:28:22,2026-05-28,PRD-R84JVH9TE58U,CLI-WLK4KRP1PTSC,Adjustment,,482.27,USD,,POS,,,,México,Querétaro,Approved,00,False,20.03,,
TRX-G29VNCKK1CWE1X9RFWPY,2026-05-28 21:49:34,2026-05-28,PRD-Q0ATA7W6NVSU,CLI-GULQU6ERTYN8,Purchase,Food,270.35,USD,,App,,Restaurante El Buen Sabor,Food,México,Guadalajara,Approved,00,False,,,
TRX-L7G9FHEI7J3RDF5MMRCJ,2026-05-28 19:18:15,2026-05-28,PRD-8NM65PY60A1R,CLI-23BL6Q6X7UHL,Withdrawal,,285.74,USD,,POS,,,,México,Querétaro,Approved,00,False,3.75,,
TRX-JCXYX4RN8JZGM9Q05R4W,2026-05-28 07:37:23,2026-05-28,PRD-56WO898MTER6,CLI-M93DPSK78Y2O,Withdrawal,,1894298.44,COP,473.57,ATM,SUC-WH83BE50,,,Colombia,Barranquilla,Approved,00,False,11.55,,
TRX-ZUNC5FMBLWXAJMMNYXL8,2026-05-28 06:44:03,2026-05-28,PRD-ZI20W8G91VRB,CLI-84KIDUR03LXO,Transfer,,61168.96,ARS,174.77,ATM,SUC-HBYNA6O6,,,Argentina,Buenos Aires,Approved,00,False,16.28,,
TRX-LVPQNASF2ZTFV6KJWSZQ,2026-05-28 13:07:12,2026-05-28,PRD-7CX8RLFYMQ5Y,CLI-NMNRW1M5TF4I,Payment,Other,340.72,USD,,POS,,,,Argentina,Buenos Aires,Approved,00,False,22.05,-33.8697293,-58.965332
TRX-AAI76PD4B1JOM7J6KJ21,2026-05-28 19:21:03,2026-05-28,PRD-O6HV5D7IS9BO,CLI-MI2IPNT6A0P6,Deposit,,4279.96,USD,,ATM,SUC-6V3PNVG9,,,México,Guadalajara,Approved,00,False,29.18,-0.3450107,-0.5504617
TRX-8B02IXVB1QON77SKDZRR,2026-05-29 04:36:39,2026-05-28,PRD-NWE9P1IP9SV4,CLI-XQGK0Y7Q36KJ,Payment,Services,1866.03,USD,,ATM,SUC-1PSI5W5X,,,México,Tijuana,Approved,,False,,0.0786969,-0.1871614
TRX-KGRY352N80GCX38XDJAI,2026-05-29 03:22:40,2026-05-28,PRD-YF8TQ057SCKI,CLI-TOBYWNIR34JS,Deposit,,8529858.56,COP,2132.46,Web,,,,Colombia,Barranquilla,Approved,00,False,21.35,,
TRX-RIESK5K1EALMR9RVH2Q7,2026-05-28 10:35:42,2026-05-28,PRD-XKOZ3WLYX71U,CLI-HMBLMOUULAK8,Transfer,,665.12,USD,,POS,,,,México,Tijuana,Approved,00,False,,,
TRX-GJXQH067B2C44SOCP7HE,2026-05-29 01:25:51,2026-05-28,PRD-KISHIDIBMB4X,CLI-EKH8R0K3GG3G,Purchase,Transport,210.48,USD,,POS,,Uber,Transport,México,Puebla,Approved,00,False,29.28,,
TRX-U7H5ZB2UIB2G2GYWI9J6,2026-05-28 09:02:29,2026-05-28,PRD-QNDWHTRNV4UO,CLI-UO93D5K3QLW4,Transfer,,697.77,USD,,POS,,,,México,Ciudad de México,Approved,00,False,22.7,,
TRX-4711ZA9SPGLR5A4669SB,2026-05-28 22:42:19,2026-05-28,PRD-CM7LLJAY2Z6C,CLI-ZUWBS8VAS5W3,Deposit,,11908932.13,COP,2977.23,ATM,SUC-HQWDAM56,,,Colombia,Barranquilla,Approved,00,False,3.61,,
TRX-XB4Z8BKNZYBUGE8RUPOM,2026-05-29 01:57:04,2026-05-28,PRD-FRP8MCWUV58E,CLI-MNYO6ODWD3OM,Purchase,Services,73.66,USD,,App,,Servicios Públicos,Services,Argentina,La Plata,Approved,00,False,,,
TRX-BD5HKQJVR6PCFJ9MHIJ2,2026-05-29 03:07:20,2026-05-28,PRD-PI6ZKGCUIZ47,CLI-UDCBKX43DKA4,Withdrawal,,488.37,USD,,Web,,,,México,Guadalajara,Approved,00,False,28.72,,
TRX-IWVQ30XG84PMSGHCSXAG,2026-05-28 13:38:19,2026-05-28,PRD-7QYDP2V5PQ9I,CLI-CRETYAM2ZDXA,Withdrawal,,1554740.89,COP,388.69,POS,,,,Colombia,Barranquilla,Approved,00,False,3.91,5.544966,-73.2065038
TRX-4UZHEVPK9O5BGMHRIYQT,2026-05-28 11:11:19,2026-05-28,PRD-L6QUQYZUAQMA,CLI-QESK37YEYZPD,Transfer,,151756.02,ARS,433.59,POS,,,,Argentina,Buenos Aires,Approved,00,False,19.16,,
TRX-14UO0KKXWZSXWYPBLO9L,2026-05-29 03:55:03,2026-05-28,PRD-DG5F6EM9YP3X,CLI-04L9FT37EGTJ,Transfer,,9130.7,USD,,POS,,,,México,Ciudad de México,Approved,,False,28.82,,
TRX-RTFF8OQW0GUKNIG9JWCR,2026-05-28 23:23:11,2026-05-28,PRD-KWHY7A9JN0S9,CLI-6X7LQSWT20O3,Deposit,,15150797.95,COP,,POS,,,,Colombia,Cali,Approved,00,False,10.98,,
TRX-YWL7DK0ZZPZ4G8YNXBX0,2026-05-28 22:40:05,2026-05-28,PRD-PHIST215JPGE,CLI-L5IO24RXHPQF,Withdrawal,,127.72,USD,,ATM,SUC-FV69BGCV,,,México,Guadalajara,Approved,00,False,1.68,0.0086552,-0.4235389
TRX-8KJV1073892C5J28FN21,2026-05-28 22:19:21,2026-05-28,PRD-PP3NUF52TNFB,CLI-BYOS10EI6P4I,Purchase,Food,496.64,USD,,POS,,Super Ahorro,Food,México,Tijuana,Approved,00,False,26.33,,
TRX-HWSHBJUEN1C9YM5O7DO3,2026-05-29 05:09:57,2026-05-28,PRD-MWGZ5SFDYYN0,CLI-21NIQNNAWFB7,Deposit,,1186.25,USD,,POS,,,,México,Querétaro,Approved,00,False,28.45,,
TRX-DBHGDOADO3DQTIAKWU7H,2026-05-28 06:13:21,2026-05-28,PRD-LNTM162FHFS4,CLI-D4G44X7YZCSB,Purchase,Entertainment,17172.52,ARS,49.06,ATM,SUC-FXWYIOXF,Streaming Music,Entertainment,Argentina,Rosario,Approved,00,False,,,
TRX-5TF5H9I8KKZMTPM3OIJX,2026-05-28 21:35:49,2026-05-28,PRD-1WGTU4BI0C5Z,CLI-SJZOFDJ08KK6,Withdrawal,,497.22,USD,,POS,,,,Argentina,Mendoza,Approved,00,False,7.22,,
TRX-3Q1J2FOBIGS5BHCVQZTE,2026-05-28 15:28:06,2026-05-28,PRD-PQCTDS2114PM,CLI-0TOJQTYN9S74,Purchase,Entertainment,174.47,USD,,ATM,SUC-12NKB9OB,Streaming Music,Entertainment,México,Puebla,Approved,00,False,8.46,,-0.8731699
TRX-4WMKADK2YSL7V8P3LBYI,2026-05-28 20:54:15,2026-05-28,PRD-SKSI7MLS4J30,CLI-S4FFZZFI0VS2,Transfer,,9339.31,USD,,Web,,,,México,Guadalajara,Approved,00,False,,,
TRX-HR7395Y32W1E5CTSSTG9,2026-05-28 19:45:33,2026-05-28,PRD-72YEXC9LRDNH,CLI-NUSOF8TCG82Q,Withdrawal,,487.0,USD,,POS,,,,USA,Los Angeles,Approved,00,False,,0.4686811,0.7882838
TRX-RAGPT4WEIKN70TPHWL6L,2026-05-28 22:52:32,2026-05-28,PRD-LS2DJN23H5QL,CLI-UXDQCEHRP3E1,Withdrawal,,91830.37,ARS,262.37,Web,,,,Argentina,Rosario,Approved,00,False,,,
TRX-E0PA7DPV1XFQF9P8Y7ID,2026-05-28 19:05:22,2026-05-28,PRD-WBEBD1YXGN0W,CLI-1KBO0R10KJX3,Withdrawal,,973243.97,COP,243.31,ATM,SUC-U7NNFMS6,,,Colombia,Medellín,Approved,00,False,27.2,,
TRX-3ZGR8272WTF2AZVL6LY9,2026-05-28 06:02:35,2026-05-28,PRD-ZZ2EUX7ABVKL,CLI-ZO6ZT2M09RG4,Payment,Food,272.13,USD,,ATM,SUC-JJT8C9XQ,,,México,Puebla,Approved,00,False,5.24,0.333844,0.07963
TRX-8PV4TE3FPVU4S1ZJZ3TK,2026-05-28 14:35:13,2026-05-28,PRD-ABPR3K1L28NC,CLI-ZUNGEFDXZOLF,Purchase,Entertainment,297.69,USD,,ATM,SUC-T4RE29NP,Conciertos Live,Entertainment,México,Ciudad de México,Approved,00,False,,0.4614921,
TRX-LP4HIGNNISWH70LH7OI6,2026-05-28 07:09:41,2026-05-28,PRD-HKHBYK6HELQI,CLI-TVOZEDMA8UCK,Withdrawal,,429823.37,COP,107.46,POS,,,,Colombia,Bogotá,Approved,00,False,,,
TRX-Y1GMI7MR8LA5PXC9VJYF,2026-05-28 16:07:26,2026-05-28,PRD-JBI54BJ5N9W4,CLI-0G8U6EKFZEK4,Deposit,,2275.66,USD,,Web,,,,México,Guadalajara,Approved,00,False,12.2,,
TRX-UZUUQRSLNW5C3BRJS2A5,2026-05-28 08:01:01,2026-05-28,PRD-KD4O1ZP9ZD3S,CLI-MQZLS8MW5EBZ,Purchase,Entertainment,1117507.19,COP,279.38,POS,,Conciertos Live,Entertainment,Colombia,Bogotá,Approved,00,False,7.74,,
TRX-HDD6WE6BZZU6CSA1H66L,2026-05-28 19:11:06,2026-05-28,PRD-MECTLV0VUH71,CLI-QH6SRVFBKDS4,Payment,Entertainment,6489983.88,COP,1622.5,POS,,,,Colombia,Bogotá,Approved,00,False,21.86,4.6885057,-73.7105893
TRX-4L5ED9FLQB73RB550KXT,2026-05-28 18:39:56,2026-05-28,PRD-GZ0Q4NEABA52,CLI-PSZYO7JWQO52,Purchase,Food,11.7,USD,,POS,,Super Ahorro,Food,México,Puebla,Approved,00,False,23.98,,
TRX-TMMEQVQ2ZVEIA8WQI4P4,2026-05-28 08:44:58,2026-05-28,PRD-A0HG8WSSZ2OY,CLI-58JOTQ3W48ZR,Payment,Other,1757.17,USD,,Web,,,,México,Guadalajara,Approved,00,False,28.64,,
TRX-VDDD7ATSY6W8V4YKNV39,2026-05-28 08:32:12,2026-05-28,PRD-3BRWWAGP9DZR,CLI-Y1LNJJO7GNPY,Transfer,,5832.59,USD,,POS,,,,México,Ciudad de México,Approved,00,False,7.83,,
TRX-J2LPMG8C3H08I6CC2F49,2026-05-29 00:39:29,2026-05-28,PRD-S2YSTZK91P5F,CLI-KWR8ZIRVQ7A6,Purchase,Services,376.85,USD,,ATM,SUC-8GXP9TIM,Internet Plus,Services,México,,Declined,54,False,29.92,,
TRX-QDLWADWYNC4MNPYFX6GE,2026-05-28 07:04:41,2026-05-28,PRD-OGSLVBVGCEI0,CLI-71LRVBI4G1UB,Deposit,,11637771.55,COP,2909.44,POS,,,,Colombia,Bogotá,Approved,00,False,18.49,5.2476736,-73.622822
TRX-KFEO1ZBPQP9DQ6KZMUAR,2026-05-28 12:44:07,2026-05-28,PRD-9E8TF9Q4574T,CLI-QR1CX0F2BL1D,Withdrawal,,15421.22,ARS,44.06,ATM,SUC-2T5PUX8Q,,,Argentina,Rosario,Approved,00,False,18.71,,
TRX-8Q6YYFZP4H8A97FJYM2X,2026-05-29 05:11:08,2026-05-28,PRD-71JZ9OMQLJKV,CLI-WWG7ETM3UDA9,Payment,Services,1164.24,USD,,Web,,,,USA,Los Angeles,Pending,14,False,26.7,,
TRX-9SZB76LTFREVFS7ZGIE9,2026-05-29 05:43:37,2026-05-28,PRD-MTQSJIKIC9MK,CLI-TRFWX6YMZG7G,Withdrawal,,1202711.03,COP,300.68,App,,,,Colombia,Barranquilla,Approved,00,False,22.0,,
TRX-7A1DY15SK8DK979K2UBX,2026-05-28 23:54:16,2026-05-28,PRD-OVDXEFEKL5B5,CLI-HEG4OILJ1HWM,Payment,Services,1345.61,USD,,ATM,SUC-F16NSV5F,,,Colombia,Cartagena,Approved,00,False,10.24,,
TRX-MH7EEWGZZZOKNPETA5NI,2026-05-28 15:14:06,2026-05-28,PRD-EQVR034ODUC4,CLI-7MHBVFWNYYXF,Purchase,Entertainment,76.66,USD,,POS,,Cine Premium,Entertainment,Colombia,Medellín,Approved,00,False,18.39,,
TRX-YWMM6OZDJMEEHD0ZWA6Z,2026-05-29 00:21:37,2026-05-28,PRD-5QI66VQL932B,CLI-0Z3LIMZTVK9K,Purchase,Other,366854.1,COP,91.71,ATM,SUC-HO849Z2Q,Ferretería,Other,Colombia,Bogotá,Approved,00,False,11.11,,
TRX-NHRPHLFKT0CNSU9UNE8B,2026-05-29 01:24:48,2026-05-28,PRD-9N9D7WNS8SLK,CLI-RM8TCZT7TLB9,Deposit,,1953.53,USD,,POS,,,,México,Monterrey,Approved,00,False,2.11,,
TRX-QHNF7QSN6EKNSB761307,2026-05-28 09:50:36,2026-05-28,PRD-0BD9SDCC64ML,CLI-S45BS438PYM6,Transfer,,17064746.08,COP,,Web,,,,Colombia,Barranquilla,Approved,00,False,2.73,,
TRX-5BS94V0IHEVQL0GHWONG,2026-05-28 21:21:23,2026-05-28,PRD-7T818IJ1318R,CLI-6011TD94ZE8Q,Withdrawal,,454.84,USD,,ATM,SUC-QZU3WHKF,,,México,,Approved,00,False,4.61,,
TRX-1VUKV6376QCNTMSPX53U,2026-05-29 04:53:23,2026-05-28,PRD-NUXAHGEQFRRZ,CLI-87HSBFZGP1I9,Withdrawal,,454.38,USD,,POS,,,,Argentina,Córdoba,Approved,00,False,21.63,,
TRX-YO2UC4E82HEA0198OTCS,2026-05-28 12:33:02,2026-05-28,PRD-3OPHCTWIHHJ0,CLI-Y5ITIIH5XP01,Purchase,Entertainment,384.45,USD,,POS,,Cine Premium,Entertainment,México,Puebla,Approved,00,False,2.65,,
TRX-92J20CPT7FN1543CHGFD,2026-05-28 07:02:25,2026-05-28,PRD-5HFXQFLBO3ED,CLI-YZNUTT014KGS,Payment,Food,95.69,USD,,POS,,,,México,,Approved,00,False,11.65,,
TRX-OSE11OX2F8SO29VWGKTN,2026-05-28 14:52:45,2026-05-28,PRD-O8V0T0PN5KFJ,CLI-0SL7H4EF622H,Deposit,,8753820.9,COP,2188.46,ATM,SUC-06LBAMRN,,,Colombia,Cali,Approved,00,False,,4.8183735,-73.9972739
TRX-H54BU527F6LULDHPAA7K,2026-05-28 09:08:19,2026-05-28,PRD-ZFNRI158G85J,CLI-63XNSR2W4W9R,Transfer,,4225.26,USD,,ATM,,,,México,Guadalajara,Approved,00,False,,,
TRX-LQFMJTOFLPX0J1HBJJC9,2026-05-28 09:01:33,2026-05-28,PRD-ICARHOB8T56X,CLI-0PKXIU2MEQ4Z,Deposit,,60.6,USD,,POS,,,,México,Ciudad de México,Declined,51,False,0.96,-0.4086849,0.0839462
TRX-6ZZ1O3NQ3DCPLBQ55GMG,2026-05-28 11:08:52,2026-05-28,PRD-EM3N1BWH1VIZ,CLI-QCLWMS96PT5F,Purchase,Health,1770147.0,COP,442.54,ATM,SUC-84HXKY7Q,Clínica Médica,Health,Colombia,Barranquilla,Declined,05,False,13.59,,
TRX-CMZID54XL9HIOABRNZO7,2026-05-28 23:13:35,2026-05-28,PRD-P7BEA41FQ9X1,CLI-Y1WIMK6F8PIT,Payment,Entertainment,2737078.77,COP,,POS,,,,Colombia,Cali,Approved,00,False,4.04,4.216861,-74.5709904
TRX-X8FIBBYGAMNNH2RLXR03,2026-05-29 00:56:53,2026-05-28,PRD-WIMZ689Q2HRU,CLI-GKRT2UT0DYHX,Adjustment,,143607.72,ARS,410.31,Web,,,,Argentina,Buenos Aires,Approved,00,False,17.59,,
TRX-TNPFO21KSX28V9FDTXMD,2026-05-28 08:18:14,2026-05-28,PRD-QCSHDZA0BSPU,CLI-T9P8KDDFPUCS,Purchase,,260.83,USD,,App,,Uber,Transport,México,Tijuana,Approved,00,False,9.68,,
TRX-6G7CZOPQA0A9QZETWP6D,2026-05-28 13:51:01,2026-05-28,PRD-RYS3HFPD4X8P,CLI-S87NMQRF6G6B,Purchase,Food,353.23,USD,,ATM,SUC-PJ6NDQ6K,Mercado Central,Food,México,Puebla,Declined,05,False,27.15,-0.0219292,0.8274203
TRX-RUJSEK923ZRC7BYXV2RN,2026-05-28 07:11:46,2026-05-28,PRD-UYKU0T94E5ZR,CLI-CIKAPV3U0TD5,Purchase,Entertainment,36057.29,ARS,103.02,ATM,SUC-RNIHGBDP,Cine Premium,,Argentina,Mendoza,Approved,00,False,8.47,,
TRX-5XQ0WALN0KOC074GPQOD,2026-05-29 00:00:13,2026-05-28,PRD-QAAAMAP50ASU,CLI-82E2X93SV2XP,Adjustment,,958.46,USD,,Branch,SUC-UHIX6KQ4,,,México,Guadalajara,Approved,00,False,19.65,0.3074542,-0.1989527
TRX-1CN8Z0CGHD4WD5SHD2U7,2026-05-29 03:30:57,2026-05-28,PRD-FMRNUL5GIMQ4,CLI-YIJ01UG1TAC0,Deposit,,8183622.32,COP,2045.91,ATM,,,,Spain,Madrid,Approved,00,False,,4.5991525,-73.0759088
TRX-RZJ5LRD8YTXL1TKT970O,2026-05-28 13:00:10,2026-05-28,PRD-YUQ25Y2NCMIF,CLI-XHI0MZ963HS1,Deposit,,4360.53,USD,,Web,,,,México,Ciudad de México,Approved,00,False,18.36,,
TRX-HANNXUJWLL1NPR4WEBWR,2026-05-28 20:38:53,2026-05-28,PRD-J1W9WJCH9YKN,CLI-W4C1EXTKW2DR,Withdrawal,,1148303.82,COP,287.08,ATM,SUC-7P0XNXTG,,,Colombia,Medellín,Approved,00,False,28.45,,
TRX-SUFS4YXGM4OEXW588QCS,2026-05-28 16:31:31,2026-05-28,PRD-0U5AEOTZMTGE,CLI-BMSW1Q47TW7F,Withdrawal,,240.89,USD,,ATM,SUC-YOXS8L6B,,,México,Guadalajara,Approved,00,False,15.16,-0.3832686,-0.4090181
TRX-OV8YK1NN3QUUZEWMKAZC,2026-05-28 21:45:10,2026-05-28,PRD-F5NDNX2CAMLN,CLI-EX6BOAOEFZHQ,Deposit,,4521.77,USD,,POS,,,,Mexico,Puebla,Approved,00,False,,,
TRX-CGP2ZEVBPN5TD96FUX9Q,2026-05-28 17:43:48,2026-05-28,PRD-1QLBQVQO2AAD,CLI-H33MCGIGUW9T,Withdrawal,,28.84,USD,,App,,,,México,Monterrey,Approved,00,False,,,
TRX-APH6DSH7Z5KDCTDB4UN7,2026-05-29 03:03:40,2026-05-28,PRD-6WARKTDGTY20,CLI-V0U0G0S9GPIF,Deposit,,433800.35,ARS,1239.43,ATM,SUC-GTAY0XHL,,,Argentina,La Plata,Approved,00,False,13.62,-33.9423823,-57.7894219
TRX-209I7RVP7KN06609EOGY,2026-05-28 13:06:53,2026-05-28,PRD-FDJO68JUEQ29,CLI-H4RVJ5ZPRPYZ,Purchase,Food,1892003.6,COP,473.0,Web,,Restaurante El Buen Sabor,Food,Colombia,Bogotá,Declined,51,False,27.62,,
TRX-LAW2EP3S748E41MXBB46,2026-05-28 16:24:57,2026-05-28,PRD-BBZL71GFM9FO,CLI-RZJ9XZH48EZ1,Purchase,Other,912059.29,COP,228.01,POS,,Tienda General,Other,Colombia,Barranquilla,Approved,00,False,11.19,,
TRX-NO6PLCJ335C9DKBR6VJJ,2026-05-28 17:46:18,2026-05-28,PRD-NMPOZRSL9I1S,CLI-2MKMN25OC9R2,Deposit,,7940050.56,COP,1985.01,POS,,,,Colombia,Cali,Approved,00,False,9.41,4.6336195,-73.869939
TRX-WCY0UD6VX0QRDT1XU9CU,2026-05-28 21:34:13,2026-05-28,PRD-LSEQ8NYHC8L4,CLI-PIQ2IGHP125P,Payment,Services,453261.29,ARS,1295.03,POS,,,,Argentina,Rosario,Approved,00,False,25.96,-35.3105421,-58.3372606
TRX-QALE5BK41BYD2E8W2PZC,2026-05-28 20:45:34,2026-05-28,PRD-XB34SWXLUB4J,CLI-W910Q8XJMMGX,Deposit,,2149.52,USD,,POS,,,,México,Monterrey,Declined,14,False,11.73,-0.1390657,-0.8866139
TRX-BR2S6WLFU28G69NF91W0,2026-05-29 03:26:51,2026-05-28,PRD-73AI49J10CIE,CLI-WRMJINYG0Q0S,Purchase,Services,729592.62,COP,182.4,POS,,Empresa Telefónica,Services,Colombia,Bogotá,Declined,51,False,2.24,,
TRX-5C3E8YOCH2HET9JK5DML,2026-05-28 21:01:37,2026-05-28,PRD-DGUHYOLKM7F9,CLI-I41JDAY0X0IY,Purchase,Food,412.04,USD,,POS,,Restaurante El Buen Sabor,Food,México,Tijuana,Approved,00,False,,,
TRX-1XQ62UK4GXDDLFDMTEZ6,2026-05-29 03:41:10,2026-05-28,PRD-I8GPNLQMD7BF,CLI-YPSV0GWK7K9O,Transfer,,2673457.06,ARS,7638.45,POS,,,,Argentina,Rosario,Approved,00,False,23.47,-34.9946896,-58.4565751
TRX-33JW5XNDJG5O6FM9U5TH,2026-05-29 05:26:23,2026-05-28,PRD-SV6XOMVVCAQ4,CLI-ZNNACGFNVDJ7,Deposit,,1203.08,USD,,Branch,SUC-6RHR3MME,,,México,Puebla,Approved,,False,0.82,,
TRX-E4VFHFBKMY85EASPXKOA,2026-05-28 15:40:44,2026-05-28,PRD-LSD9BAKQGWQV,CLI-2I7V48H8V5SU,Purchase,Transport,469273.68,COP,117.32,Web,,Uber,Transport,Colombia,Barranquilla,Approved,00,False,15.19,,
TRX-Z4ZXH9D9QKISLW2KM7VN,2026-05-28 16:55:16,2026-05-28,PRD-RGJL97LUQ36C,CLI-MD6EXVRATW4U,Transfer,,5240.7,USD,,POS,,,,México,Tijuana,Approved,00,False,21.84,,
TRX-KR1DML3IVZJEPRRBEJHJ,2026-05-28 16:31:27,2026-05-28,PRD-8CNNNDYA90OL,CLI-6FCG06T89EJO,Payment,Food,245.64,USD,,POS,,,,México,,Approved,00,False,0.18,,
TRX-JG8T1IQEG2OKHMXB39V8,2026-05-29 01:12:09,2026-05-28,PRD-T9PC3YBHK7HY,CLI-DF8P1N4ZIHLN,Purchase,Entertainment,28284.18,COP,7.07,ATM,SUC-6NKYKKQR,Streaming Music,Entertainment,Colombia,Barranquilla,Approved,00,False,29.74,,
TRX-FILNT5XUSDY12XC6WLJO,2026-05-28 20:49:40,2026-05-28,PRD-7E6KJ3LUID66,CLI-EQE2SI6U26AW,Deposit,,9567378.42,COP,2391.84,POS,,,,Colombia,Barranquilla,Approved,00,False,,,
TRX-LY592XVH8NWAYK8XJK58,2026-05-29 03:28:16,2026-05-28,PRD-10KFNL33ZISA,CLI-897ZM1NGVD0Z,Withdrawal,,152332.67,ARS,435.24,POS,,,,Argentina,Buenos Aires,Approved,00,False,1.47,-35.1863293,-57.9526203
TRX-TRSYVYK4BPY4Q833L34I,2026-05-28 10:01:55,2026-05-28,PRD-LCPDV7SELWSU,CLI-COJ6K3KQWO70,Payment,Entertainment,3028060.9,COP,757.02,POS,,,,Colombia,Medellín,Approved,00,False,,4.3336275,-75.0068197
TRX-OL1NK2L0QQIKTNAGQ9N0,2026-05-28 12:41:57,2026-05-28,PRD-ZXDJ8DHCXAJO,CLI-IH64GRX6S6IS,Purchase,Services,1315803.92,COP,328.95,POS,,Servicios Públicos,Services,Argentina,Buenos Aires,Declined,14,False,5.78,,
TRX-WCDAMYJ109SL6M9S8TUQ,2026-05-28 20:21:39,2026-05-28,PRD-C59QQ3DRDOXS,CLI-ETTCLYQCO4I2,Withdrawal,,56808.63,ARS,162.31,App,,,,Argentina,La Plata,Approved,00,False,7.42,,
TRX-INHIWDMM1JEMH10DZVAI,2026-05-28 23:44:30,2026-05-28,PRD-HAK85ZS1EW16,CLI-D7YJJKZIWISN,Purchase,Services,244.63,USD,,POS,,Servicios Públicos,Services,México,Guadalajara,Approved,00,False,6.33,,
TRX-NKCQ2KY2RVG4APNYLG5L,2026-05-28 08:54:37,2026-05-28,PRD-F68LT3A1XFMH,CLI-8BX3HFWTHV6M,Withdrawal,,250.86,USD,,App,,,,México,Ciudad de México,Pending,05,False,6.6,,
TRX-LNOWLWLQNNBQ7PPEHMDG,2026-05-28 19:01:35,2026-05-28,PRD-E005NZI638YE,CLI-A5Q9F6LEMGTZ,Transfer,,8529.74,USD,,Web,,,,México,Tijuana,Approved,00,False,21.25,,
TRX-M9BR9N6MQN0AB2FNK6BP,2026-05-29 04:17:24,2026-05-28,PRD-XRZTZSPON1TC,CLI-ZIH6QVPARMI1,Payment,Food,1389.13,USD,,ATM,SUC-QTWR8S76,,,Argentina,Rosario,Approved,00,False,,,
TRX-M3CVJ4KXIDJ1J6YSU0CZ,2026-05-28 11:25:25,2026-05-28,PRD-4P5A55UJ3KRO,CLI-VJU1W5FO8C1J,Payment,Entertainment,1872.68,USD,,ATM,SUC-KX44GJKB,,,México,Ciudad de México,Approved,00,False,,,
TRX-ME0CQ0IRTZKM2K5Q619F,2026-05-28 15:18:51,2026-05-28,PRD-7MHJIHU4NBTC,CLI-ZAEJ0M345AKW,Transfer,,34819516.29,COP,8704.88,POS,,,,Colombia,Cali,Approved,00,False,4.41,4.0705538,-73.4722064
TRX-FA9APF3IOMX656ZWV452,2026-05-28 18:23:36,2026-05-28,PRD-9X5R36HE21I5,CLI-R84QBBEU04L5,Payment,,1140.4,USD,,Web,,,,México,Guadalajara,Approved,00,False,29.77,,
TRX-3R0YAVABHGS3OLB1LTEK,2026-05-28 09:47:51,2026-05-28,PRD-2ONZM33QNGNN,CLI-WGPFU6JFIW4L,Withdrawal,,120744.91,COP,30.19,ATM,SUC-HTV8A64G,,,Colombia,,Approved,,False,,,
TRX-VLHCYJ12WDUPZCGVKCX3,2026-05-28 09:36:30,2026-05-28,PRD-HAJRGHG9WW0Z,CLI-5CYIZC22GSDL,Payment,Transport,1795.1,USD,,ATM,SUC-8P0IDMOM,,,México,Puebla,Approved,00,False,13.03,,
TRX-NQX9FAQ3IH3APZEWY706,2026-05-28 22:50:16,2026-05-28,PRD-B1NSA22P1JUV,CLI-KIKU07230D88,Payment,Services,170.28,USD,,POS,,,,México,Tijuana,Approved,,False,29.06,,
TRX-PCW02HLZIQO4YEOATWEX,2026-05-28 06:02:53,2026-05-28,PRD-NMY38UZK5XDT,CLI-9H9R8TPV0P7W,Withdrawal,,472.37,USD,,POS,,,,México,Ciudad de México,Approved,00,False,3.25,,
TRX-O93LOK5LQ6ZUZOV8RNTG,2026-05-28 08:30:54,2026-05-28,PRD-AXTIWWTJC813,CLI-DV6PHA417MCA,Transfer,,5053.78,USD,,Web,,,,México,Monterrey,Approved,00,False,24.87,,
TRX-NIW58SPOY2L0OBXXHCHT,2026-05-28 19:38:32,2026-05-28,PRD-VDX48RPQ5JGT,CLI-OS6SETDAPG8A,Withdrawal,,224.7,USD,,POS,,,,México,Guadalajara,Approved,00,False,16.68,0.2034843,-0.5672983
TRX-TN9GZEUO23NVD835DLUY,2026-05-29 00:16:34,2026-05-28,PRD-AC0VOB30PA7E,CLI-EQBKPIDOBXY8,Payment,Transport,988.04,USD,,App,,,,México,Monterrey,Approved,,False,16.2,,
TRX-5RYQ4EXA8Q5QS3ZKQ026,2026-05-28 17:16:45,2026-05-28,PRD-CPRJDDR2L5F6,CLI-PX7N0O5J0446,Purchase,Other,480.97,USD,,App,,Tienda General,Other,Argentina,Rosario,Approved,00,False,7.02,,
TRX-CVS6IBFZR7B7YWLNHV56,2026-05-28 17:03:20,2026-05-28,PRD-4CJ85JV3TDVZ,CLI-QL4958KM00U9,Withdrawal,,161.89,USD,,POS,,,,México,Guadalajara,Approved,00,False,4.15,,
TRX-OBLWUD5V8Y1SMRIKDQX6,2026-05-28 11:52:41,2026-05-28,PRD-GV3SCUETHNR1,CLI-60N6HSW5PFNJ,Deposit,,742484.38,COP,185.62,ATM,SUC-ZCLZ4UQA,,,Colombia,Medellín,Approved,00,False,,,
TRX-0XYA69VL741CRCT9AXES,2026-05-28 19:04:47,2026-05-28,PRD-RJEP64A2GVU6,CLI-AKCZYHQDPIVL,Withdrawal,,999493.39,COP,249.87,ATM,SUC-HQWDAM56,,,Colombia,Cali,Approved,00,False,11.33,4.998243,-74.1206542
TRX-M9ZNQZ8LVHJC6W8PK9RC,2026-05-28 11:03:07,2026-05-28,PRD-V8SL7Q2NJZUB,CLI-PPCFXS33DAQ5,Payment,Other,738051.12,COP,184.51,POS,,,,Colombia,Barranquilla,Approved,00,False,29.47,,
TRX-TE9U26ULJ9JKDMIKUTE1,2026-05-28 07:21:59,2026-05-28,PRD-I4BR9N5S147L,CLI-A3QL6H82Q9P1,Transfer,,24941527.17,COP,6235.38,POS,,,,Colombia,Cartagena,Approved,00,False,22.11,,
TRX-YON37JWCBGC9K41I0IZD,2026-05-28 10:57:52,2026-05-28,PRD-MSE6HHJ9W9RI,CLI-PC7081O216HT,Purchase,Other,58807.08,ARS,168.02,App,,Centro Comercial,Other,Argentina,Buenos Aires,Approved,00,False,9.93,,
TRX-KAYL694I74HW9XWFR6T9,2026-05-28 15:11:03,2026-05-28,PRD-6IHNNKFRJTRW,CLI-1PANNOU49I2R,Payment,Food,347.45,USD,,POS,,,,México,Monterrey,Approved,00,False,24.87,0.470084,0.1764882
TRX-JFFQC73R17WXGU0SYC0O,2026-05-29 01:25:23,2026-05-28,PRD-1D3WVY2DWWKC,CLI-MK5OBZET5GWV,Payment,Transport,1083506.93,COP,270.88,App,,,,Colombia,,Approved,00,False,13.39,,
TRX-SZD3UGWQBKCXCDLRUFJI,2026-05-28 11:56:45,2026-05-28,PRD-NNFNLYJML5IE,CLI-DK4CGCR1AC8A,Transfer,,2357371.39,ARS,6735.35,Web,,,,Argentina,Córdoba,Approved,00,False,27.77,,
TRX-OX95SHBLDM9VCSY8N83K,2026-05-28 07:50:34,2026-05-28,PRD-5O6B7VZH9CIL,CLI-YQIIJW2HJ7CZ,Transfer,,2787.86,USD,,App,,,,México,Puebla,Approved,00,False,25.32,,
TRX-E5NZ4UOD253VL3QTI8BY,2026-05-29 01:54:59,2026-05-28,PRD-O95G8YTPZXJC,CLI-EQ4M5GEE0BRG,Transfer,,29785597.4,COP,7446.4,Web,,,,Colombia,Cartagena,Approved,00,False,7.32,,
TRX-T39H5O34YG9KBI88MRE2,2026-05-29 02:05:35,2026-05-28,PRD-IGLJQUTOTEW8,CLI-JXC6NM0NVH4C,Purchase,Transport,1785177.39,COP,446.29,App,,Uber,Transport,Colombia,Bogotá,Approved,00,False,4.55,,
TRX-BMN7OWFRI5PR2V17RIG1,2026-05-29 05:24:34,2026-05-28,PRD-XFZ9ZJQG8TKO,CLI-J0DIUPV1RJUR,Withdrawal,,65148.12,ARS,186.14,POS,,,,Argentina,Mendoza,Approved,00,False,27.35,-33.9258444,-57.6089077
TRX-F2UXFVSFFPZV3NCDI4FY,2026-05-28 12:22:23,2026-05-28,PRD-ZKW9FEQ3DEUV,CLI-YFOFWWSSFW5U,Withdrawal,,346.78,USD,,App,,,,México,Tijuana,Approved,00,False,25.75,,
TRX-CLB61MOGUA2PDROGZGPX,2026-05-29 01:00:46,2026-05-28,PRD-BRIEC6SU7JOR,CLI-S7LRPRRR11OG,Transfer,,1581775.96,ARS,4519.36,Web,,,,Argentina,Córdoba,Approved,00,False,23.59,,
TRX-L4ZIKSOIC8FVXX5N5USI,2026-05-28 16:47:38,2026-05-28,PRD-HIR13M7E16Y5,CLI-0JCQS5S1FF6N,Withdrawal,,478.95,USD,,ATM,SUC-6RHR3MME,,,México,Querétaro,Approved,00,False,,0.8778373,-0.3536485
TRX-C4NB5W3GPAVBJBI7E34B,2026-05-29 03:26:06,2026-05-28,PRD-7KR2UKSJFOGI,CLI-OVWWSI3VOQKT,Deposit,,3540991.22,COP,885.25,ATM,SUC-QTKN7Z0R,,,Colombia,Bogotá,Approved,00,False,25.64,3.8983414,
TRX-RNSXWLHVNRV2KCQPRWKV,2026-05-28 11:21:53,2026-05-28,PRD-Y0MWJHPPX1LB,CLI-6GXY560A9PSW,Withdrawal,,125982.37,ARS,359.95,POS,,,,Argentina,Córdoba,Approved,00,False,27.11,,
TRX-PX6HNVY9V5PSFY4AE5S0,2026-05-28 09:06:08,2026-05-28,PRD-1J3LOTF7U264,CLI-KU1SQO73RLJV,Transfer,,9030.18,USD,,Branch,SUC-9DE11KDA,,,México,Ciudad de México,Approved,00,False,3.1,,-0.1648814
TRX-HXKAEA76N0GFOUVNSKRU,2026-05-28 15:15:24,2026-05-28,PRD-MRVOJPGLVAY3,CLI-42FW73X8SD72,Transfer,,33551314.84,COP,8387.83,Branch,SUC-5NGX1P46,,,Colombia,Cartagena,Approved,00,False,10.83,5.3357417,-74.3412106
TRX-F5E77W4RA135LDBXNAN3,2026-05-29 01:16:26,2026-05-28,PRD-FGLOU722RTEA,CLI-9J4SPM6WMH19,Deposit,,19306766.79,COP,4826.69,ATM,SUC-01J639PQ,,,Colombia,Cartagena,Approved,00,False,19.69,,
TRX-7K93L8D21QLUKSAAD3NN,2026-05-28 10:00:48,2026-05-28,PRD-Z55QXDF6DWI5,CLI-JOO4CV93DVSL,Purchase,Transport,156124.98,ARS,446.07,ATM,SUC-HBYNA6O6,Gasolinera Express,Transport,Argentina,Buenos Aires,Approved,00,False,,-34.592916,-57.8787398
TRX-HZADGAU7DFKIO2ONJR34,2026-05-28 07:53:59,2026-05-28,PRD-1147ZXCYWN8V,CLI-O56X19XT7CBO,Payment,Food,4997178.21,COP,1249.29,ATM,SUC-HQWDAM56,,,Colombia,Bogotá,Approved,00,False,16.51,,
TRX-DVSVLUM2HU17OAFV2T4Q,2026-05-28 17:49:00,2026-05-28,PRD-R3NWYSZQZFAF,CLI-TO2NGET5I3VL,Withdrawal,,83.63,USD,,POS,,,,México,Monterrey,Approved,00,False,,,
TRX-ZPNM12Q54ZS9W929JKBS,2026-05-28 06:01:57,2026-05-28,PRD-U4PHPGPKYN4X,CLI-QX2J30Q5PIFD,Withdrawal,,1680411.28,COP,420.1,ATM,SUC-PNT72MIS,,,Colombia,Barranquilla,Approved,00,False,,5.5079613,-74.1104213
TRX-CHFBYHHU0UZKZ9Y4J7VS,2026-05-28 20:28:08,2026-05-28,PRD-9T6GUNQR88VW,CLI-AL3F51RCJZM1,Transfer,,37390508.59,COP,9347.63,App,,,,Colombia,Cartagena,Approved,00,False,16.6,,
TRX-NRNDXGFPYWIB5P82GHRT,2026-05-28 19:19:59,2026-05-28,PRD-6V41MY24XPGF,CLI-XPV9FJTCII7A,Payment,Health,1550.34,USD,,Web,,,,México,,Approved,00,False,19.44,,
TRX-FF7EFFF5PMCR6QQHDYBE,2026-05-28 22:14:53,2026-05-28,PRD-1TYCVQ7R5634,CLI-C0KZSOAXL3EJ,Payment,,4109271.98,COP,1027.32,ATM,SUC-CG5XPAZU,,,USA,New York,Approved,00,False,15.12,,
TRX-7JL604ZXTLPPUL4UK9KS,2026-05-28 09:08:15,2026-05-28,PRD-HGV9Y2TBIWV2,CLI-W806AW9VS731,Transfer,,1642960.06,ARS,4694.17,ATM,SUC-UUF77WSC,,,Argentina,La Plata,Approved,00,False,17.44,,
TRX-ED8HCWOY3UF3TTS8Y6RU,2026-05-28 07:06:04,2026-05-28,PRD-VJPUQL7KZFV3,CLI-OW19NMFL19V8,Transfer,,22686100.64,COP,5671.53,ATM,SUC-2NNWC3AV,,,Colombia,,Approved,00,False,,,
TRX-H1M4JFQ15TEGI4LGPVXG,2026-05-29 01:10:39,2026-05-28,PRD-4AAJ71SK6RH7,CLI-LSBG43W4I8HP,Withdrawal,,118.3,USD,,Web,,,,México,Puebla,Approved,,False,7.96,,
TRX-9X1VPP8JBWBDQAQI2D58,2026-05-29 04:25:32,2026-05-28,PRD-4WC1Y9NO2LWP,CLI-3VEQWR79AC7R,Purchase,Health,147262.86,ARS,420.75,POS,,Clínica Médica,Health,Argentina,La Plata,Approved,00,False,19.61,,
TRX-WSGVE4PC8C9QAQ9ZM7KO,2026-05-28 06:04:34,2026-05-28,PRD-4IVSIGKYFKAX,CLI-BO9R8RCELYI6,Purchase,Services,111394.83,ARS,318.27,Web,,,Services,Argentina,La Plata,Approved,00,False,2.99,,
TRX-BV6MBQXKKV03MFK17C1H,2026-05-28 06:41:57,2026-05-28,PRD-UHDIHXBFAWBC,CLI-KTZKLG0AGK18,Purchase,Health,404.01,USD,,ATM,SUC-F1BZEJXJ,Óptica Visión,Health,México,Querétaro,Approved,00,False,2.86,,
TRX-6IE6RF0GI2H3W4CDFC3L,2026-05-28 11:59:22,2026-05-28,PRD-LOF3DJIKXZ41,CLI-38JH017HH7HD,Transfer,,5242.59,USD,,ATM,SUC-I3D08YZO,,,México,Tijuana,Approved,00,False,15.17,,
TRX-DAYKM3BD6SL5MBIJA3OP,2026-05-28 07:56:48,2026-05-28,PRD-N8UJWEGMMCXO,CLI-4A5F0ZFYRYYO,Withdrawal,,386.01,USD,,App,,,,México,Guadalajara,Approved,00,False,,,
TRX-5MOCR3F0D45MQDGOX3N3,2026-05-28 10:38:28,2026-05-28,PRD-G642PVJTT661,CLI-6OYYLLYN7EJ5,Transfer,,7985.48,USD,,ATM,SUC-I3D08YZO,,,México,Puebla,Approved,00,False,23.88,,
TRX-9RJEXHRKLLSOPMP86ZA4,2026-05-29 03:11:21,2026-05-28,PRD-YFC6L48BWYS0,CLI-LTOTBCGTTVLW,Withdrawal,,407.03,USD,,POS,,,,México,Monterrey,Approved,00,False,16.51,,
TRX-AGJ841A8WLX9B9SDLK9I,2026-05-29 05:16:39,2026-05-28,PRD-QWZNJWRMK56P,CLI-JYZ8SNIZ0A8X,Payment,Food,241.14,USD,,App,,,,México,Puebla,Approved,00,False,18.46,,
TRX-E8TBC5DXO1LU6VX86JMQ,2026-05-29 04:23:34,2026-05-28,PRD-AUVLPAZ2RV25,CLI-QYOMI7YI2I7X,Withdrawal,,281.24,USD,,Web,,,,México,Guadalajara,Approved,00,False,8.41,,
TRX-YLK7SZDLBXVDYI6OHYOD,2026-05-28 19:13:24,2026-05-28,PRD-ETALQBR6AIQC,CLI-1559MTQZ35WN,Adjustment,,144797.05,ARS,413.71,Transfer,,,,Argentina,Rosario,Declined,14,False,,,
TRX-JZIN7P579IO48RVKPYJC,2026-05-28 07:34:56,2026-05-28,PRD-Y25IKECY72XG,CLI-WRXOBT686VKX,Payment,Health,392.81,USD,,ATM,SUC-9YYT37NY,,,México,Querétaro,Approved,00,False,,,
TRX-8HHHMFR7PUT9SGEN3BSY,2026-05-28 20:24:31,2026-05-28,PRD-ARH7KZCCAEWQ,CLI-CELKSPZPSVTT,Transfer,,5217.48,USD,,ATM,SUC-NBZZWX8W,,,México,Tijuana,Approved,00,False,17.96,,
TRX-MAL2YTIFFHHX96TACJ5L,2026-05-28 17:07:34,2026-05-28,PRD-4NBDLLUHJ8NA,CLI-NMWIE0XA5C5D,Payment,Entertainment,238.67,USD,,POS,,,,México,Ciudad de México,Declined,05,False,,0.7571383,-0.9706066
TRX-PTO4RRN00ZVI68ZOS6SL,2026-05-29 02:48:31,2026-05-28,PRD-NU3MX314CGMD,CLI-V63OT2DAX08K,Payment,Entertainment,763.8,USD,,POS,,,,México,Tijuana,Approved,00,False,4.12,,
TRX-XJYKWR5DT9JGPVK8CY1B,2026-05-28 11:56:00,2026-05-28,PRD-IEKQ2Y986P7O,CLI-HAJ53ZHGHSD5,Purchase,Services,76.9,USD,,Web,,Servicios Públicos,Services,México,Guadalajara,Declined,54,False,,,
TRX-KF4A641U0QLAZXYMNUZN,2026-05-28 13:38:11,2026-05-28,PRD-7P8HLJUF00ST,CLI-L049JQ5A6GWU,Purchase,,243.22,USD,,POS,,Uber,Transport,México,Tijuana,Approved,00,False,14.85,,
TRX-1M053S4X518QCB43X44V,2026-05-29 01:53:31,2026-05-28,PRD-K7Z376JP4JA1,CLI-39DMYOOY9UKP,Deposit,,1622549.42,ARS,4635.86,Transfer,,,,USA,Los Angeles,Approved,,False,4.34,,
TRX-K6YQ0FB8WCHNCWKX2MPM,2026-05-29 04:04:02,2026-05-28,PRD-3QB683IQAIYO,CLI-M6CSSX7Y1VJ5,Withdrawal,,192.55,USD,,ATM,SUC-AXDYB0RQ,,,México,Ciudad de México,Approved,00,False,,0.9046853,-0.0353483
TRX-ONY6NMPVBEK8N3B8R1GM,2026-05-28 17:18:43,2026-05-28,PRD-F7TN19TRDFOK,CLI-FW1R2EM76C8S,Purchase,Entertainment,444.2,USD,,POS,,Teatro Nacional,Entertainment,Colombia,Bogotá,Approved,00,False,11.29,5.6434616,-73.8386582
TRX-S6HK09BHMXOX0T04O5W2,2026-05-28 09:28:31,2026-05-28,PRD-1G29LJQBHJ5C,CLI-P3JU7R7ZBH0A,Transfer,,8547.01,USD,,App,,,,México,Monterrey,Approved,00,False,28.92,,
TRX-KQCRJTGK9QLXQFKTSY0C,2026-05-28 09:38:13,2026-05-28,PRD-0J6NADVBDL3M,CLI-ZE55J7B0GTV4,Withdrawal,,11408.76,ARS,32.6,POS,,,,Argentina,Córdoba,Approved,00,False,9.3,,
TRX-NFMUFMND30ZB1OLRD5GD,2026-05-29 05:10:27,2026-05-28,PRD-G6FS54539TCJ,CLI-8ZVVNDZP359T,Purchase,Services,1294207.37,COP,323.55,App,,Servicios Públicos,Services,Colombia,Cartagena,Approved,00,False,4.65,,
TRX-Q34DPW5WYIFBJB4I4JKZ,2026-05-28 14:19:03,2026-05-28,PRD-K04N6PIXY4MB,CLI-LMV2DAWLQJ73,Purchase,Entertainment,486.2,USD,,POS,,Cine Premium,Entertainment,México,Tijuana,Approved,00,False,13.52,-0.7465068,-0.1954973
TRX-N28DBJP0VYYI29ZF86UG,2026-05-28 16:23:50,2026-05-28,PRD-PIUAPZBS12K5,CLI-SFIT0YGTT055,Purchase,Entertainment,35986.9,ARS,102.82,POS,,Conciertos Live,Entertainment,Argentina,Mendoza,Approved,00,False,,,
TRX-I8L9S9B9J7JNM4B17RVG,2026-05-29 01:35:30,2026-05-28,PRD-74932VM5WLB1,CLI-FGDGBJLQWCIZ,Purchase,Food,66.6,USD,,App,,Tienda Don José,Food,México,Monterrey,Approved,00,False,,,
TRX-7B61BFUWRQJ2K8AFGO13,2026-05-29 02:29:12,2026-05-28,PRD-E3YQMWTC1N53,CLI-QFK86XNLFOYF,Transfer,,5198.03,USD,,Web,,,,México,,Approved,00,False,9.93,,
TRX-APQGEF3LLMEE1PJR37FC,2026-05-28 08:20:05,2026-05-28,PRD-X0TB2W9FCB47,CLI-E4Y2RZY5VPDL,Payment,Services,59.13,USD,,POS,,,,México,Puebla,Approved,00,False,,,
TRX-J9BEQZQABBUVN7TFM6CW,2026-05-28 20:51:43,2026-05-28,PRD-5QG9FKTBYBFG,CLI-9KMMW645RPDG,Withdrawal,,795318.41,COP,198.83,ATM,SUC-XPLAOSH4,,,Colombia,Medellín,Approved,00,False,17.52,,
TRX-QQQ89XEGLXAYKV9CTPBJ,2026-05-28 23:38:50,2026-05-28,PRD-VBWDOHLER1NP,CLI-CW0YWEVWGV7X,Transfer,,1064.81,USD,,Web,,,,México,Tijuana,Approved,00,False,0.73,,
TRX-0LA4BDAJ84JK0QKNERQ5,2026-05-28 21:36:07,2026-05-28,PRD-IH23A2PZX512,CLI-WMO18L3TZVFW,Purchase,Services,1961493.87,COP,490.37,ATM,SUC-EXKJNP13,Servicios Públicos,Services,Colombia,Barranquilla,Approved,00,False,17.75,4.2186774,-74.9550558
TRX-ZPPYIVWEDQC3969TICNG,2026-05-28 19:00:28,2026-05-28,PRD-LMW71YLPZBU7,CLI-EJ3R54JPRXU3,Purchase,Services,1586241.6,COP,396.56,Transfer,,Internet Plus,Services,Colombia,,Approved,00,False,26.93,,
TRX-P3V4Z4OJBGORMUISUQOY,2026-05-28 07:40:25,2026-05-28,PRD-S9PMBVRION9F,CLI-5HLMP5CX9ACF,Transfer,,610.23,USD,,ATM,SUC-SKR8GS10,,,México,Guadalajara,Approved,00,False,12.18,-0.0184925,-0.0351816
TRX-0OBKFJCYW9VYD5N1CJCP,2026-05-28 20:43:38,2026-05-28,PRD-1ZU6N4QQP2FB,CLI-I6U68D0M251J,Deposit,,4687.45,USD,,ATM,,,,México,Puebla,Approved,00,False,4.23,,
TRX-87U27NOD37M0N4O2MI9B,2026-05-28 09:14:33,2026-05-28,PRD-HX5AEA8XWHYE,CLI-BGNKIQSI3TFD,Deposit,,831102.67,ARS,2374.58,Web,,,,Argentina,Córdoba,Approved,00,False,,,
TRX-8D6WQWHYHRKOFF6I0B7P,2026-05-28 21:27:41,2026-05-28,PRD-26LFNAJINZKE,CLI-WBQ2HTX5YURF,Payment,Other,1592.31,USD,,POS,,,,México,Tijuana,Declined,54,False,6.77,,
TRX-RJ42O76JM7BP9VVZQ8L7,2026-05-29 03:40:59,2026-05-28,PRD-808QROLGGYT1,CLI-5AKIL7QZ1DVJ,Purchase,Health,65957.32,ARS,188.45,Branch,SUC-RNIHGBDP,Óptica Visión,Health,Brazil,,Approved,00,False,17.25,,
TRX-9UPUJVZYTF28JPI2882N,2026-05-28 14:48:30,2026-05-28,PRD-3V4E2BFG858H,CLI-VEZGAFOMIO28,Transfer,,1130840.37,ARS,3230.97,ATM,SUC-06H3RFFA,,,Argentina,Mendoza,Approved,00,False,0.96,,
TRX-H59ADDKGVSBW2STTYRX9,2026-05-29 04:26:38,2026-05-28,PRD-FQ4HI5R9NAOS,CLI-PL6TZJ7LBVZY,Purchase,Food,469.19,USD,,POS,,Tienda Don José,Food,México,Monterrey,Approved,00,False,,,
TRX-EQFLPXOC4M0518034LP3,2026-05-29 04:12:57,2026-05-28,PRD-RLESVKLGAWB6,CLI-YTGP7F7A0B9M,Purchase,Other,287.17,USD,,ATM,SUC-5FCLNF9U,,Other,México,Tijuana,Declined,54,False,6.45,,
TRX-E1NZ3EY3DYJ2129EIU7T,2026-05-28 20:25:08,2026-05-28,PRD-Y68CR0325LJ1,CLI-R16JS085YWSM,Deposit,,314930.07,COP,78.73,POS,,,,Colombia,Cali,Approved,00,False,3.65,,
TRX-GYE64UI9M0C4G9BBVN4D,2026-05-28 08:22:46,2026-05-28,PRD-6KU883AZO83B,CLI-GS13AH2GJQCR,Withdrawal,,197.04,USD,,ATM,SUC-9DE11KDA,,,México,Ciudad de México,Approved,00,False,10.8,,
TRX-GXN8GMH06YFK1K9FCXR8,2026-05-29 04:39:46,2026-05-28,PRD-OALDJ98TIMNK,CLI-GYQ8OFXW0SXV,Transfer,,9027.7,USD,,ATM,SUC-12NKB9OB,,,México,Monterrey,Approved,00,False,,,
TRX-HXLROXHWZ0I6ULFM5W83,2026-05-28 19:15:13,2026-05-28,PRD-6ZINH59D66CL,CLI-25VIB086WSGJ,Purchase,Entertainment,1188115.3,COP,297.03,App,,Streaming Music,Entertainment,Colombia,Cali,Approved,00,False,25.64,,
TRX-I4PQXZKXR6JVFXGHU866,2026-05-28 18:32:25,2026-05-28,PRD-451R8ON4YNGS,CLI-8JF4KNGUR6KT,Withdrawal,,449.12,USD,,POS,,,,Argentina,La Plata,Approved,00,False,,,
TRX-I11ZKF540RS7QVJ3ZOKI,2026-05-28 17:55:45,2026-05-28,PRD-QR8IWND5LPDZ,CLI-GHFQ4LSJFL15,Adjustment,,2560742.46,COP,640.19,App,,,,Colombia,Bogotá,Approved,00,False,19.8,,
TRX-MVQVDOZS8DW84NIN2C3R,2026-05-28 16:27:09,2026-05-28,PRD-2L8KE389GA5V,CLI-YN1H8D5JX6SK,Purchase,Other,23.08,USD,,POS,,Tienda General,Other,México,Ciudad de México,Declined,05,False,23.05,,
TRX-706S37Y1X2EYD3IFK40E,2026-05-28 11:53:45,2026-05-28,PRD-7KJCTPO8OY5Z,CLI-LN8EOM863BBN,Transfer,,2909113.96,ARS,,App,,,,Argentina,Buenos Aires,Approved,00,False,3.03,,
TRX-AYJC6MO1J25WRBETCDYZ,2026-05-29 01:08:37,2026-05-28,PRD-QUM0PJXKNYFD,CLI-I3THLEZ9JJM9,Deposit,,2700409.78,COP,675.1,ATM,SUC-XPLAOSH4,,,Colombia,Medellín,Reversed,,False,10.73,,
TRX-WCHLCB5UYIL3PYIR47C2,2026-05-28 18:09:02,2026-05-28,PRD-9CD92YP5UFB5,CLI-ASD15BTCRWHO,Withdrawal,,1606854.98,COP,401.71,ATM,SUC-H4WPLB7O,,,Colombia,Barranquilla,Approved,00,False,,,
TRX-H8FUZHG5ATM6AEFSDVNT,2026-05-28 08:30:05,2026-05-28,PRD-VYUJSH4E40AB,CLI-GSGFQW8IKDO6,Payment,Transport,1312.49,USD,,ATM,SUC-552N76DP,,,México,,Approved,00,False,14.46,,
TRX-LYP13MJN2JBIKEKDAXBS,2026-05-29 01:53:17,2026-05-28,PRD-RW0AQ2DPQU7P,CLI-UKH76WSZKSZE,Withdrawal,,482.12,USD,,POS,,,,México,Ciudad de México,Approved,00,False,7.17,,
TRX-OSKD4KRGFPL0D9E51D1E,2026-05-28 07:06:52,2026-05-28,PRD-G515ZAW30YTU,CLI-YMR1ORR8IR0O,Payment,Health,1965.81,USD,,ATM,SUC-DYPJLQVN,,,México,Guadalajara,Approved,00,False,25.87,,
TRX-LSOKC8OYA6L6T217V9MB,2026-05-29 00:56:06,2026-05-28,PRD-JMI3TEW4UN0I,CLI-WSG8K246XY72,Transfer,,24898971.53,COP,6224.74,Web,,,,Colombia,Medellín,Approved,00,False,20.83,,
TRX-GUJS1UILOSPDIKSXE86G,2026-05-29 05:47:33,2026-05-28,PRD-8511G7MKYVE7,CLI-JF0D4WXVGA7A,Transfer,,7828.64,USD,,POS,,,,México,Monterrey,Approved,00,False,,,
TRX-JCVBH35PNRQI76AYS1MC,2026-05-28 19:26:15,2026-05-28,PRD-9YVX9NDAGZ68,CLI-A7RDGDE98Y10,Deposit,,18373848.69,COP,4593.46,POS,,,,Colombia,Cali,Approved,00,False,0.03,,
TRX-2AUOY6PC13QLZ8FRQW7K,2026-05-29 00:06:58,2026-05-28,PRD-JLLN1ZXO83TQ,CLI-J0X2Y00VETQ2,Purchase,Entertainment,114461.47,ARS,327.03,ATM,SUC-MAWPQ7HZ,Streaming Music,Entertainment,Argentina,Mendoza,Approved,00,False,6.9,-33.8435019,-57.483388
TRX-CO8BBLZ9K0MA1JRPZZLA,2026-05-28 12:57:59,2026-05-28,PRD-E4LPHF4XFAK1,CLI-EVQQF5AS518V,Withdrawal,,44578.85,ARS,127.37,POS,,,,Argentina,Córdoba,Approved,00,False,29.81,,
TRX-LQ3WRX5DXMI0GZCFBCOC,2026-05-28 08:54:42,2026-05-28,PRD-H85QV3GGVHDW,CLI-YYTL9GDJITAB,Adjustment,,1708076.25,COP,427.02,Web,,,,Colombia,Cali,Approved,00,False,7.12,,
TRX-3YPLIFMVMB4MJWXP2BY2,2026-05-28 07:28:42,2026-05-28,PRD-BRFM3TBV8D0N,CLI-0Q8OITSBNWGL,Transfer,,5987.73,USD,,Web,,,,Colombia,Bogotá,Approved,00,False,4.24,,
TRX-7ZCUJDQWV3U0OURRYF65,2026-05-28 09:40:18,2026-05-28,PRD-N7UY9J74F8S7,CLI-PEJLD52KBRY5,Payment,Services,730.72,USD,,App,,,,México,Puebla,Approved,00,False,8.87,,
TRX-X82FDBC2LR2TQ6YQH3CQ,2026-05-29 01:04:53,2026-05-28,PRD-EWVN9617KV4M,CLI-SB7CBGVEFS5B,Purchase,Food,1794509.13,COP,448.63,App,,Super Ahorro,Food,Colombia,Medellín,Approved,00,False,12.53,,
TRX-MTZM7H0QORE5MIA9CQA5,2026-05-28 10:19:44,2026-05-28,PRD-DUU707YUP560,CLI-4UQWFCC1WNXW,Transfer,,23124063.97,COP,5781.02,ATM,SUC-DLYE60QN,,,Colombia,Barranquilla,Approved,00,False,6.66,,
TRX-G5N2WJW32UYIPTXQCWPW,2026-05-29 00:40:42,2026-05-28,PRD-4JYO12KP35O2,CLI-G1EZZPJB2K3N,Withdrawal,,215.11,USD,,Web,,,,México,Monterrey,Approved,00,False,7.31,,
TRX-1EDMF6VI9GT5WI4TPNX3,2026-05-28 13:08:43,2026-05-28,PRD-6JPWM2DCOLFX,CLI-4V8RCNQH8PS9,Purchase,Food,171.96,USD,,ATM,SUC-J532XZ5B,Restaurante El Buen Sabor,Food,México,Querétaro,Approved,00,False,26.87,,
TRX-JDC3FDN7RIEOJ0KQ0HK1,2026-05-29 02:13:23,2026-05-28,PRD-UT65UY81V4PM,CLI-R5UXAMIK10TR,Deposit,,12302382.67,COP,3075.6,ATM,SUC-JARPMK7O,,,Colombia,Barranquilla,Approved,00,False,16.72,,
TRX-W1O2YDK9BNTVCKFBWRFR,2026-05-28 12:30:11,2026-05-28,PRD-2VHYY9NGWQBN,CLI-7MU15NA27BS6,Purchase,Food,159773.96,ARS,456.5,POS,,Tienda Don José,Food,Argentina,Rosario,Approved,00,False,21.23,-35.4780234,-57.3932983
TRX-7G3GBWM6Z4VKWFC7KEVH,2026-05-28 22:02:17,2026-05-28,PRD-SVT9D2M2SPNE,CLI-QL2929QQHXWP,Withdrawal,,498.19,USD,,App,,,,México,Querétaro,Approved,00,False,,,
TRX-TIRWDY2JRV7B6TU3QC4M,2026-05-28 23:33:36,2026-05-28,PRD-CJC78XRP1HZT,CLI-297JL3G2HV2J,Purchase,Food,231.48,USD,,POS,,Super Ahorro,Food,México,Puebla,Approved,00,False,17.56,,
TRX-2UXQ8V0HZN4E0MBDT5Z2,2026-05-29 01:45:07,2026-05-28,PRD-W1XMTOJYRIDU,CLI-U7W41TMOW7KG,Purchase,Services,559922.24,COP,139.98,Web,,Servicios Públicos,,Colombia,Cartagena,Approved,00,False,5.0,,
TRX-IRN93GP81OHQLMG963LR,2026-05-28 17:11:16,2026-05-28,PRD-PJWO72ZQ7OWE,CLI-Z7O4P30Z6BT3,Transfer,,848482.3,ARS,2424.24,ATM,SUC-ZVPEMWQP,,,Argentina,Mendoza,Approved,00,False,15.27,,
TRX-BB4G1UE4WOZY7G87NEEU,2026-05-28 08:29:37,2026-05-28,PRD-PJIBGKQDNJWH,CLI-F8W2ONJDJFU0,Adjustment,,658.1,USD,,App,,,,México,Querétaro,Approved,00,False,16.35,,
TRX-QY30TU3EGB9XBTOYYJSN,2026-05-28 15:34:15,2026-05-28,PRD-TOO5R4X8CY7R,CLI-XDXBD2EVOTGR,Transfer,,13456727.08,COP,3364.18,ATM,SUC-QLV3J046,,,Colombia,Bogotá,Approved,00,False,8.53,4.7069451,-73.8424176
TRX-M5O08XM6YAYF6I5WG5TG,2026-05-29 05:28:32,2026-05-28,PRD-49QLD98XCJO7,CLI-FG83W7YW1OVG,Purchase,Food,224.8,USD,,POS,,Super Ahorro,Food,Colombia,Medellín,Approved,00,False,4.64,-0.5981912,0.9721418
TRX-BSW8MNEAXNNKIMTXJZWH,2026-05-28 17:15:55,2026-05-28,PRD-S5JQJ8DFVAPH,CLI-1XS9UC5FQYJ9,Withdrawal,,60.22,USD,,App,,,,México,,Approved,00,False,,,
TRX-WH5G6LEIYE8HOZB5JS9U,2026-05-28 16:39:36,2026-05-28,PRD-9AE9ZONSQ2X5,CLI-R1K1LETOOOAL,Transfer,,628135.59,ARS,,POS,,,,Argentina,La Plata,Approved,00,False,21.33,,
TRX-DB3KWJQ2SDN4BUFX5DY1,2026-05-28 12:11:08,2026-05-28,PRD-K96QRRR5GAVQ,CLI-SAG9FX7FYY25,Transfer,,7843.6,USD,,POS,,,,México,Guadalajara,Approved,00,False,18.97,0.2328007,0.8234147
TRX-YTN1BBOZGK75J1E5CQH9,2026-05-28 17:11:57,2026-05-28,PRD-SGW9DK0SV36R,CLI-5PX2PMJJ6PRG,Purchase,Food,30.42,USD,,ATM,SUC-VV9NKH6E,Super Ahorro,Food,México,Querétaro,Approved,00,False,,,
TRX-AW4L4PD0C55MIBF75Y8W,2026-05-28 22:58:39,2026-05-28,PRD-KZVDJQQC6LZ9,CLI-TXRYMPT2ERI7,Deposit,,4164.93,USD,,ATM,SUC-NOBD5N9U,,,México,Tijuana,Approved,00,False,22.84,,
TRX-DADC64OF11YU4ZWSL4LE,2026-05-28 08:37:06,2026-05-28,PRD-10DGO4Z5H1FP,CLI-0YHKXHY08WLS,Transfer,,271286.81,ARS,775.11,App,,,,Argentina,Buenos Aires,Approved,00,False,29.37,,
TRX-B6XZ39PML0BDKYB66CIS,2026-05-28 22:06:48,2026-05-28,PRD-1GZVFFHDGZRE,CLI-YDGVWO6A89G4,Payment,Health,5237861.63,COP,1309.47,ATM,SUC-JA4P9IIP,,,Mexico,Monterrey,Approved,00,False,9.51,,
TRX-V4J5B5K78G2L124X0L5Y,2026-05-28 06:12:28,2026-05-28,PRD-DZTNI3P5OD55,CLI-M34DRCD6G3N4,Payment,Food,1908.69,USD,,Web,,,,México,Puebla,Approved,00,False,29.91,,
TRX-453IK54KL9WD51W9ACW5,2026-05-28 22:29:57,2026-05-28,PRD-P8FZCZGV900S,CLI-WDPA7NYBT9PA,Purchase,Food,225412.11,COP,56.35,Web,,Mercado Central,Food,Colombia,Barranquilla,Approved,00,False,14.95,,
TRX-HM6U3LD16SQXBL5XAW15,2026-05-28 18:02:53,2026-05-28,PRD-B1REPS1LNEJU,CLI-EDDF1MIHE3SV,Purchase,Food,256.11,USD,,POS,,Restaurante El Buen Sabor,Food,Colombia,,Approved,00,False,23.41,,
TRX-GBJJPVF8UV7XEKYB7TMN,2026-05-29 00:37:57,2026-05-28,PRD-Y37JC2Z09ILV,CLI-BHFEJGIU0L20,Purchase,Food,149119.36,ARS,426.06,POS,,Restaurante El Buen Sabor,Food,Argentina,Buenos Aires,Approved,00,False,13.94,,
TRX-LV8B6Q2PYQTS9RFX7EG3,2026-05-28 22:38:36,2026-05-28,PRD-VZPN4FR6O0N7,CLI-DINNZH4WLXXZ,Payment,Food,667.3,USD,,App,,,,México,,Approved,00,False,24.86,,
TRX-SXPVHO0R8LT1B9CI6WBP,2026-05-28 10:23:25,2026-05-28,PRD-Y6SCOLFHYRZT,CLI-42MA1M15A3MB,Transfer,,6693.24,USD,,POS,,,,México,Tijuana,Approved,00,False,20.28,-0.058383,-0.8817346
TRX-4F3WR3UM9FC2KYWGW5MS,2026-05-29 04:30:15,2026-05-28,PRD-RAHYIBROFMK2,CLI-UI1QS1HATN1E,Purchase,Food,85.84,USD,,Branch,SUC-LQXENAY2,Super Ahorro,Food,México,Guadalajara,Declined,51,False,23.66,-0.1480486,-0.0549555
TRX-QHXJEHZXMKII9LE4UZJL,2026-05-28 10:40:55,2026-05-28,PRD-AG93WAGBUZND,CLI-713OPDRUP5XO,Purchase,Health,119555.32,ARS,341.59,ATM,SUC-YO2Y6PA3,Farmacia Salud,Health,Argentina,Rosario,Approved,00,False,17.59,,
TRX-NHRIRW15X8KXJ7DOLPVG,2026-05-28 23:45:21,2026-05-28,PRD-CF7TTW9VEJZY,CLI-AXQJWUZEVRAU,Payment,Entertainment,335999.43,ARS,960.0,POS,,,,Argentina,Córdoba,Approved,00,False,8.86,-34.3279002,-57.4832658
TRX-Y8GUSIIDQLXQBDT67XMC,2026-05-28 15:38:58,2026-05-28,PRD-Y2DS3TPGZ4KA,CLI-1BUKTSMLEMKY,Payment,Food,962.08,USD,,Web,,,,México,Ciudad de México,Approved,00,False,15.66,,
TRX-NXN55BO68IP2R4RHY8DJ,2026-05-28 22:10:35,2026-05-28,PRD-WHWQYEGS59D2,CLI-5GZNU8I26MBY,Purchase,Other,13169.48,ARS,37.63,Web,,Ferretería,Other,Argentina,Buenos Aires,Approved,00,False,23.27,,
TRX-RWNLFHB2U9U789DCEPIQ,2026-05-28 13:10:05,2026-05-28,PRD-7IG8Y0R4X2UF,CLI-7N2ZMV2W7ZIG,Purchase,Food,1663164.6,COP,415.79,ATM,SUC-CBGK7VQE,Mercado Central,Food,Colombia,Bogotá,Approved,,False,,5.3260519,-73.5962384
TRX-V4BU3IVFY7YIJY4BMPZF,2026-05-28 10:54:54,2026-05-28,PRD-EWUUIYNLZ3X0,CLI-U5XDZ6H0XZZI,Transfer,,1083420.37,ARS,3095.49,POS,,,,Argentina,Córdoba,Approved,00,False,,,
TRX-8HBF579GJ3LH77ESO68A,2026-05-29 05:09:19,2026-05-28,PRD-NJTJ093QBQB7,CLI-O7ZH085CYRYB,Payment,Food,490991.07,ARS,1402.83,POS,,,,Argentina,Buenos Aires,Approved,00,False,22.57,,
TRX-X89BLRTELDSB8N16HITL,2026-05-28 09:47:26,2026-05-28,PRD-H3C4Y7A9OZVY,CLI-A76PV1D90AM8,Deposit,,3018.46,USD,,ATM,SUC-F61XHTE2,,,México,Querétaro,Approved,00,False,12.4,0.1197207,0.6555177
TRX-PRWCU7S81Z01IP8010V6,2026-05-29 02:51:48,2026-05-28,PRD-20ZJ10YU1F88,CLI-A2YWTUGLOLT8,Transfer,,19711178.93,COP,4927.79,POS,,,,Colombia,Medellín,Approved,00,False,7.89,5.4286472,-73.3832851
TRX-2Y884E9NJGVHASB2Z3B1,2026-05-28 19:38:18,2026-05-28,PRD-L9GIIICYUCW8,CLI-V4C8ZUH6H6G6,Transfer,,3033.65,USD,,POS,,,,México,Ciudad de México,Approved,00,False,15.73,-0.2086401,0.3267898
TRX-SM9GC9COLMHM1GPTXOJI,2026-05-28 12:43:56,2026-05-28,PRD-JJDSD2W64UUD,CLI-NIW6SFHVJQL7,Payment,Health,7387932.51,COP,1846.98,App,,,,Colombia,Bogotá,Approved,00,False,3.62,,
TRX-LBPNNFLUS6KCFLWSE2DW,2026-05-28 08:36:03,2026-05-28,PRD-TSEULBRACJR6,CLI-QSRV71ZOOBCP,Withdrawal,,656747.39,COP,164.19,POS,,,,Colombia,Cali,Approved,00,False,10.58,,-73.5923227
TRX-PINU7QD0XR8FS96F5I3C,2026-05-29 02:42:38,2026-05-28,PRD-SQI2YOL4UTYP,CLI-0MWSOJCLVMOE,Withdrawal,,187.38,USD,,Web,,,,México,Puebla,Declined,54,False,2.17,,
TRX-P3VX6XKNHEJZCM2EQG85,2026-05-28 11:01:21,2026-05-28,PRD-2FMI5JUJMBOH,CLI-BDJ1VXOQAJG4,Transfer,,6176.28,USD,,POS,,,,México,Querétaro,Approved,,False,4.36,,
TRX-ND1YP68MFSYW744JMO1Y,2026-05-28 18:33:59,2026-05-28,PRD-SHLSTZCE5JWO,CLI-I10VGBLZOEX5,Withdrawal,,160.62,USD,,POS,,,,México,Querétaro,Approved,00,False,2.45,-0.0384661,-0.7404351
TRX-UXTK8GC37BG5YMK7WANF,2026-05-28 06:28:11,2026-05-28,PRD-R9NQBQ94IVHC,CLI-0AQDKB5CJX2A,Purchase,Food,476.87,USD,,POS,,Super Ahorro,Food,México,Ciudad de México,Approved,00,False,7.35,-0.4867832,-0.9699184
TRX-29ASCD0JH43DFWUXRT31,2026-05-29 01:06:21,2026-05-28,PRD-G1KPFRBY4JOB,CLI-EZVW7G3FUQIO,Payment,Other,299323.87,ARS,855.21,ATM,SUC-MAWPQ7HZ,,,Argentina,Rosario,Approved,00,False,15.59,,
TRX-R3UQPWUJHG54HVTWFS24,2026-05-28 17:00:32,2026-05-28,PRD-YW7SVK1Y8T3V,CLI-S3CC2CNDB66X,Withdrawal,,409.8,USD,,Web,,,,Mexico,Puebla,Approved,00,False,26.09,,
TRX-9NY1S5EL3TVOXWLKYEWB,2026-05-29 03:52:53,2026-05-28,PRD-ABMKQAKJU4NA,CLI-H2KC8TY8L6PB,Purchase,Food,155053.4,ARS,443.01,POS,,Mercado Central,Food,Argentina,Buenos Aires,Approved,,False,25.53,-35.2348665,-57.7670116
TRX-EAIZIACERVEHXSQQND3J,2026-05-28 16:19:50,2026-05-28,PRD-S3HE4Y5ZSLBM,CLI-53X9R4G8U1PG,Purchase,Entertainment,134.31,USD,,POS,,,Entertainment,Spain,Madrid,Approved,00,False,17.66,,
TRX-WM0T3OIY4HPGC7JZ3F6O,2026-05-28 23:27:27,2026-05-28,PRD-JU06FCMU87M6,CLI-UM8G7L76CS8J,Purchase,Entertainment,150.19,USD,,ATM,SUC-QTWR8S76,Conciertos Live,Entertainment,México,,Approved,00,False,7.63,,
TRX-6F852RVWI35QIZFHPX24,2026-05-29 02:39:48,2026-05-28,PRD-IT658RPJKM37,CLI-B0HEU1UE1479,Purchase,Entertainment,345.68,USD,,ATM,,Cine Premium,Entertainment,México,Puebla,Approved,00,False,20.28,-0.1642872,-0.9002049
TRX-5Y7EHWWCP3LISB2KTKZP,2026-05-28 08:23:57,2026-05-28,PRD-NEEFH13VE6G6,CLI-0WE2Q8N2DRCU,Withdrawal,,87050.88,COP,21.76,Web,,,,Colombia,Barranquilla,Approved,00,False,8.9,,
TRX-2FYHKBCE43J18KUSOUR7,2026-05-28 15:59:10,2026-05-28,PRD-TBQ498OOW2TB,CLI-2DVMR3RJ3WZ4,Adjustment,,360.07,USD,,App,,,,Argentina,Córdoba,Approved,00,False,13.89,,
TRX-OHEDDXNK63NDIK8YXEF4,2026-05-29 05:29:07,2026-05-28,PRD-4LBCVHC2B479,CLI-EU7Y2GG2B90U,Purchase,,212184.35,COP,53.05,ATM,SUC-X3OFCBL0,Teatro Nacional,Entertainment,Colombia,,Approved,00,False,24.14,4.0298564,-73.4280934
TRX-2QGIOWD0A27UNOQ4FKS7,2026-05-28 15:18:49,2026-05-28,PRD-I60L5IK7GNOK,CLI-MMLCCJH0IF1H,Payment,Food,4262718.08,COP,1065.68,POS,,,,Colombia,,Approved,00,False,5.09,5.6393675,-74.4313283
TRX-INABQIPNOU95TSDVWJ5T,2026-05-28 22:42:00,2026-05-28,PRD-HWVBSG48KD0E,CLI-F5NCTDSS22B0,Purchase,Other,775664.7,COP,193.92,POS,,Tienda General,Other,Colombia,Bogotá,Approved,00,False,17.94,,
TRX-8828RZ18EVYAUZXVFVA6,2026-05-28 06:45:45,2026-05-28,PRD-BISQL3H9UM4E,CLI-WA7O8MGOJF6F,Adjustment,,39874.11,ARS,113.93,POS,,,,Argentina,Buenos Aires,Approved,00,False,20.21,-35.5835676,-58.1330978
TRX-G3E03K5NW63B6USZ5KG5,2026-05-28 15:27:03,2026-05-28,PRD-5N8PW5B0PUQX,CLI-RSOKGLAQX2WX,Purchase,Entertainment,301.11,USD,,Web,,Streaming Music,Entertainment,México,Querétaro,Approved,00,False,20.84,,
TRX-4K33Q5CA0C23KOGBIB0T,2026-05-28 10:36:06,2026-05-28,PRD-YTN5PKUJF9CR,CLI-20F1MK1ZTJAM,Transfer,,9538.67,USD,,ATM,SUC-N8LPAX0U,,,Argentina,Mendoza,Approved,00,False,17.15,,
TRX-TQGTKSUY6DTD4YTON82Q,2026-05-28 16:14:45,2026-05-28,PRD-GJ1B0HW6YQDS,CLI-8RBV7LKK5KTM,Withdrawal,,313.31,USD,,ATM,SUC-WSUW783S,,,México,Querétaro,Declined,05,False,7.24,0.9649587,
TRX-3BVV4JZVJPCQIXIO360Y,2026-05-28 21:20:43,2026-05-28,PRD-57MDIE8JRRRN,CLI-JBILHJSM5TPD,Withdrawal,,238.52,USD,,App,,,,Argentina,Mendoza,Approved,00,False,,,
TRX-LX1SJT5P0RMF94DDXS37,2026-05-28 12:34:04,2026-05-28,PRD-QNNVAW9UVZHB,CLI-QTDOWX4FV4TP,Purchase,Food,174.36,USD,,ATM,SUC-KD93KQ8I,Restaurante El Buen Sabor,Food,México,Puebla,Approved,00,False,13.06,0.9647738,
TRX-0S77LACLP8DRBK4VOO82,2026-05-28 07:33:17,2026-05-28,PRD-F0LQFQYO0GVB,CLI-7IU0E9QYDO1L,Adjustment,,3259463.38,COP,814.87,POS,,,,Colombia,,Approved,00,False,,,
TRX-0YTZ4O2YVCTGFI77P7ZV,2026-05-29 03:23:27,2026-05-28,PRD-1DSYSUF83CXG,CLI-VVCTX1PU9RPE,Payment,Food,1954.12,USD,,Web,,,,Brazil,Brasília,Approved,00,False,14.23,,
TRX-S8N9SM737M11G8FKGAAV,2026-05-28 11:03:03,2026-05-28,PRD-WT51TO2IKJGS,CLI-KWIM6A4J3VWB,Purchase,Transport,16.97,USD,,ATM,SUC-XXUHP6O3,Uber,Transport,Colombia,Medellín,Approved,00,False,9.29,5.3351224,-74.8234499
TRX-6C48JKS5T0CMCG7F1OFF,2026-05-28 22:55:55,2026-05-28,PRD-2NYMWVGC1U1L,CLI-MVJVH4CV2SYR,Deposit,,6742261.29,COP,1685.57,ATM,,,,Colombia,Bogotá,Approved,00,False,22.22,,
TRX-MEQCVIWCSG3C89S4NEIE,2026-05-28 07:33:43,2026-05-28,PRD-BCGPPAIWAYUH,CLI-4F3DHXHUDEA7,Transfer,,7221.06,USD,,POS,,,,México,Guadalajara,Approved,00,False,,0.8712248,0.056549
TRX-AJXYCSRCLWD5AGZCWKUF,2026-05-28 13:37:53,2026-05-28,PRD-S8HX2QZK80IH,CLI-2JZ4J0PJWYTE,Transfer,,3046544.29,ARS,8704.41,ATM,SUC-UE04XBQH,,,Argentina,Córdoba,Approved,00,False,,,
TRX-PXWHRSQBQSYN0MX48BRX,2026-05-28 12:15:02,2026-05-28,PRD-E60FS9NPQWTP,CLI-9R1GD62UJDZU,Transfer,,3875.64,USD,,POS,,,,México,Querétaro,Approved,00,False,5.27,,
TRX-4R9VR7W590UHWFEE940F,2026-05-28 21:47:19,2026-05-28,PRD-GCHAZXTVKW7A,CLI-7V38F6WCQ63S,Transfer,,8430037.4,COP,2107.51,Web,,,,Colombia,Cali,Approved,00,False,26.25,,
TRX-Y4RGSTJZ0NBKM776JIGI,2026-05-28 17:16:26,2026-05-28,PRD-9B15EAK9V1D9,CLI-8VCUML6S0VOV,Adjustment,,1515137.87,COP,378.78,POS,,,,Colombia,Medellín,Approved,00,False,26.16,,
TRX-A3GCPCQDXWG7XDA14TY4,2026-05-28 11:34:26,2026-05-28,PRD-QKV5LJVQWMSM,CLI-N15DLSBBRKEO,Payment,Other,620679.6,ARS,1773.37,App,,,,Argentina,Mendoza,Approved,00,False,6.52,,
TRX-3NJG8IDVDCE52GKKRYHH,2026-05-28 14:18:20,2026-05-28,PRD-UG4AU7LIFD40,CLI-AJRUXMV57740,Adjustment,,457.5,USD,,ATM,SUC-U3Q69OLV,,,México,Monterrey,Approved,00,False,0.47,,
TRX-QQ8G7R0360S4RUHNJ5IG,2026-05-29 00:17:50,2026-05-28,PRD-5XKU3HYNJQU2,CLI-KRKWZIA0YE7H,Withdrawal,,49081.17,ARS,140.23,ATM,SUC-GTAY0XHL,,,Argentina,Buenos Aires,Approved,00,False,26.26,,
TRX-F2F3ZMCA4JL6C9K1LO07,2026-05-29 02:30:53,2026-05-28,PRD-RM7IQITJ7PEK,CLI-M7LDL8PGYXZG,Withdrawal,,252.62,USD,,Web,,,,México,Guadalajara,Approved,00,False,3.35,,
TRX-593LWHP285GSC8WDIUNK,2026-05-28 06:01:36,2026-05-28,PRD-HGG7860ZR5UM,CLI-NRVQIJZYFQ7H,Adjustment,,142.87,USD,,ATM,SUC-RJSJ0B0X,,,México,Querétaro,Approved,00,False,18.65,,
TRX-FEDLS9EI3GTE8GFU5FGC,2026-05-28 15:57:58,2026-05-28,PRD-HZS51IMIETZO,CLI-ZLY7WQ27Z7E9,Purchase,Other,264.22,USD,,App,,Ferretería,Other,México,Puebla,Approved,00,False,9.07,,
TRX-7F2UHRR5YK1XGHFBZZNC,2026-05-28 19:23:56,2026-05-28,PRD-FKSHCE9J8L20,CLI-8M9J0YYS9EP8,Purchase,Entertainment,539832.17,COP,134.96,POS,,,Entertainment,Colombia,Cali,Declined,54,False,27.96,,
TRX-FZEYJ5IS4VLSYQXAUPTJ,2026-05-28 09:16:54,2026-05-28,PRD-EV9CQD8RIIY3,CLI-VF4QM27CYXQ6,Transfer,,8907.54,USD,,ATM,SUC-9J6GQRJ4,,,México,Querétaro,Approved,00,False,7.79,,
TRX-WOWDGM33HME1Y1JYCALK,2026-05-28 22:05:26,2026-05-28,PRD-CIKS7U6AZSSZ,CLI-NF4VUIY00T9F,Purchase,Entertainment,200956.91,COP,50.24,Branch,SUC-UH461R09,Teatro Nacional,Entertainment,Colombia,Cartagena,Approved,00,False,29.11,4.0495139,
TRX-6UHWWIOBMY8MM3KBMRND,2026-05-28 12:05:50,2026-05-28,PRD-0F4S1X3MTQFV,CLI-Y3JJVVOP146U,Withdrawal,,170.33,USD,,Web,,,,México,Tijuana,Approved,00,False,,,
TRX-13XMS727PG1TJYO0H4M2,2026-05-28 10:32:34,2026-05-28,PRD-56GQTDSMAGVJ,CLI-OO3NMJ2M7P47,Withdrawal,,374.61,USD,,POS,,,,México,Monterrey,Approved,00,False,24.05,,
TRX-EG0LKWLW6B5IHR3Y0C3Z,2026-05-28 15:49:27,2026-05-28,PRD-VOY0645R5J95,CLI-3WUTCLWOI9U3,Withdrawal,,221.44,USD,,ATM,SUC-337QKO7D,,,México,Querétaro,Approved,00,False,29.61,,
TRX-RMNSLKLBNSWVAE1BNU21,2026-05-28 22:37:01,2026-05-28,PRD-O8QQZCUJ46EC,CLI-S7VFZV1CC1VS,Payment,Services,755.34,USD,,POS,,,,México,,Approved,00,False,18.28,,
TRX-LW0SNSAKLXE6MQTAQBIC,2026-05-28 12:10:05,2026-05-28,PRD-I1G0ESKQS73S,CLI-JWFSV1P65361,Withdrawal,,496.54,USD,,Web,,,,México,Querétaro,Approved,00,False,,,
TRX-1GIGJWCEB3ZXSRWSA1YM,2026-05-28 21:26:39,2026-05-28,PRD-M7UQDGO2C0TC,CLI-8H60W7MUK105,Purchase,Food,31085.68,COP,7.77,Web,,Restaurante El Buen Sabor,Food,Argentina,Rosario,Approved,00,False,25.88,,
TRX-1DGZ5PQOE8ZO4IVFA7VL,2026-05-29 03:49:15,2026-05-28,PRD-AJ9DB1LKIXAQ,CLI-537WM5JTUKRB,Payment,Other,2635229.69,COP,658.81,ATM,SUC-22RCTEVV,,,Colombia,Medellín,Approved,00,False,0.92,,
TRX-OORBM6Y9MTWRM2SMPGQ1,2026-05-28 12:30:54,2026-05-28,PRD-JC6OTHB5ZC6G,CLI-RZDBHJAFPZKR,Transfer,,2296981.65,ARS,6562.8,POS,,,,Argentina,Mendoza,Approved,00,False,29.68,-33.8649913,-57.7408925
TRX-EXY6PNP8EBWYFH5BSSO3,2026-05-28 23:10:59,2026-05-28,PRD-ZNXXWRCLBHOD,CLI-PUWOWUKGP05X,Payment,Services,1211.56,USD,,POS,,,,México,Ciudad de México,Approved,00,False,3.3,,
TRX-QOCEC450JQYIL6G4SHY9,2026-05-28 09:43:50,2026-05-28,PRD-9DP3PJCAVWD9,CLI-WA9NDM46OVPP,Deposit,,3306.98,USD,,App,,,,México,Querétaro,Approved,00,False,13.33,,
TRX-G3IVVZKXI0KPV96118E8,2026-05-28 22:40:11,2026-05-28,PRD-KYK0UC9AL4YX,CLI-53AMH9TZ5ETK,Purchase,Food,114.81,USD,,App,,Tienda Don José,Food,Argentina,Rosario,Approved,00,False,22.75,,
TRX-8X1P18UMU6D09BXB1MA3,2026-05-28 21:41:23,2026-05-28,PRD-PDPEFUUVPBW7,CLI-NISTFSWRUN0U,Payment,Other,7494853.31,COP,1873.71,POS,,,,Colombia,Bogotá,Approved,00,False,13.09,,
TRX-CU2ZX5ZA2XN9SUJAFBAP,2026-05-29 01:26:01,2026-05-28,PRD-EGYCQ0T6FFRO,CLI-NVC5XNXI95RL,Withdrawal,,422.45,USD,,ATM,SUC-M3Y8BT51,,,México,Puebla,Approved,00,False,,,
TRX-B4MCUAY0GS19Y8D04SE4,2026-05-28 16:36:49,2026-05-28,PRD-QIO40R7P5NTH,CLI-XGGUY1BP4UXL,Transfer,,4397.64,USD,,POS,,,,Colombia,Bogotá,Approved,00,False,16.95,-0.5983943,0.8270938
TRX-ZL2TOY8BV9GMPNJHL1XZ,2026-05-29 04:41:48,2026-05-28,PRD-8B1RSCZROKNM,CLI-T87AIORRVWBU,Deposit,,3326.98,USD,,App,,,,México,Guadalajara,Approved,00,False,19.7,,
TRX-YAFHYPFUYM6VVGJCNSCX,2026-05-28 09:27:11,2026-05-28,PRD-FFJJQ8HFUOKE,CLI-5ESRKDCSKTIP,Purchase,Transport,381.56,USD,,ATM,SUC-LBPQUZ4D,Taxi Seguro,Transport,México,Monterrey,Approved,00,False,7.04,,
TRX-0DXEGHWAR2WX8WF6M8JG,2026-05-28 21:14:19,2026-05-28,PRD-HK6E44Y3TNEX,CLI-I65JL5T7DY36,Payment,Other,200916.66,COP,50.23,App,,,,Colombia,Cartagena,Approved,00,False,12.16,,
TRX-ZEO7WIY05AJ3UWELNGUA,2026-05-28 12:15:14,2026-05-28,PRD-VIORGAYE86GN,CLI-CKOOJMG7Z62C,Payment,Food,1991.02,USD,,POS,,,,Colombia,Bogotá,Declined,54,False,18.45,,
TRX-8NAFATJR2NRZNTW4NP5M,2026-05-28 22:55:12,2026-05-28,PRD-YLM1BT5EAN58,CLI-5NPZ8LOMDIJT,Deposit,,72.76,USD,,ATM,SUC-UHIX6KQ4,,,México,Guadalajara,Approved,00,False,6.57,,
TRX-EBEMEFU21YR45INEAB6Y,2026-05-28 08:08:41,2026-05-28,PRD-2GENX843OTJ6,CLI-XPKRUK8TH73X,Transfer,,37532234.62,COP,9383.06,Transfer,,,,Colombia,Cali,Approved,00,False,15.11,,
TRX-RQ5GL5MHLRHG31JUWGL8,2026-05-29 04:15:17,2026-05-28,PRD-FXUW8R4EZDTS,CLI-HIM8S19VZHKC,Payment,Other,289580.94,ARS,827.37,ATM,SUC-QZP6DNTL,,,Argentina,Buenos Aires,Approved,00,False,10.7,,
TRX-6FXB4I9F9C5WQVCQ48FP,2026-05-29 04:46:06,2026-05-28,PRD-OPZJFO6U09MF,CLI-JQTXKA1BFY8Q,Transfer,,549.16,USD,,POS,,,,México,Querétaro,Approved,00,False,15.77,,
TRX-3K6S54BUA1N4S544RIQX,2026-05-28 22:24:11,2026-05-28,PRD-7DHZULNZBJJ1,CLI-0VFQVZ68R58M,Payment,,125.22,USD,,POS,,,,México,Ciudad de México,Approved,00,False,28.82,,
TRX-XX7SE6CEHRRD7O8PIQP5,2026-05-28 07:16:25,2026-05-28,PRD-09967IHISF0P,CLI-56I36TD7WRC3,Payment,Entertainment,1745.14,USD,,POS,,,,México,Tijuana,Approved,,False,,,
TRX-W80U298RO5PAO61SXJ7M,2026-05-28 16:46:31,2026-05-28,PRD-5Y9GQ5CTGVQQ,CLI-06DQWQBA3NB2,Payment,Food,340731.78,COP,85.18,POS,,,,Colombia,Barranquilla,Approved,00,False,27.87,3.7817427,-74.2088896
TRX-YPUVQRGIRLTS97O0B4VE,2026-05-28 13:58:33,2026-05-28,PRD-URIQ06GFG7M7,CLI-NVPGF7P482R0,Withdrawal,,162231.37,ARS,463.52,POS,,,,Argentina,Mendoza,Pending,51,False,4.33,,
TRX-8V3X53DE3PCHVO5N9W4G,2026-05-29 00:35:17,2026-05-28,PRD-OW5K0OUEJ63H,CLI-GGPASHJOMXYZ,Withdrawal,,134.73,USD,,ATM,SUC-N1ZUF3PF,,,Brazil,Brasília,Approved,00,False,11.92,,
TRX-6UL7OHQ357AZ767HJZW8,2026-05-28 21:50:20,2026-05-28,PRD-ZGYVENB0FYGF,CLI-5N8U9JVDXNCN,Deposit,,3438.99,USD,,POS,,,,México,Puebla,Approved,00,False,6.25,,
TRX-P3LN0XLCS23DZ1R8H6AY,2026-05-29 04:51:00,2026-05-28,PRD-LT8XSFSC5J4Q,CLI-7SKQJJMVRV4E,Payment,Food,2817310.91,COP,704.33,Web,,,,Colombia,Bogotá,Declined,05,False,,,
TRX-0HKP3LO4G339DUA7R3BO,2026-05-28 11:16:11,2026-05-28,PRD-VVJ9ZIWPJY7N,CLI-UEVBDR2YVKQW,Withdrawal,,353.03,USD,,ATM,SUC-7SL55GEJ,,,USA,New York,Approved,00,False,13.25,,
TRX-ZJ78N1D7DE4ZZH07T2HQ,2026-05-28 21:36:16,2026-05-28,PRD-VGQCPVQGYBGH,CLI-H32CD0NJIKVO,Transfer,,28273921.65,COP,7068.48,ATM,SUC-2LW7L4Y3,,,Colombia,Medellín,Approved,00,False,7.42,,
TRX-GB9S0L649T2VIN3DEN8V,2026-05-28 18:09:34,2026-05-28,PRD-OKKIGZQM1C68,CLI-C248KEAB589E,Purchase,Transport,1265641.02,COP,316.41,ATM,SUC-MU9A5O88,Gasolinera Express,Transport,Colombia,Cartagena,Approved,00,False,22.91,4.851015,-73.6431035
TRX-6XR3K52Q96ITNAL8ZI24,2026-05-28 19:43:41,2026-05-28,PRD-0NU3L3SEC63W,CLI-BUR4NE6WXHGE,Transfer,,6469.17,USD,,Branch,SUC-P5YISP64,,,México,Puebla,Approved,00,True,45.3,0.9848937,0.3083993
TRX-SQOBA0ZMQFCGT3XEG9L3,2026-05-29 02:53:23,2026-05-28,PRD-RJD60HAN05G2,CLI-OOUVXZKXEMMA,Purchase,Services,385.62,USD,,POS,,Cable TV,Services,México,Guadalajara,Approved,00,False,19.85,-0.7768822,-0.6267481
TRX-EBKIUXP0BZV1J9Q5G593,2026-05-29 03:08:18,2026-05-28,PRD-OER1W8K5BNK5,CLI-6GY4HBUQXL99,Withdrawal,,497.99,USD,,POS,,,,México,Tijuana,Approved,00,False,10.74,,
TRX-DZBDRR1UAGP3CQP2MCL1,2026-05-28 16:16:23,2026-05-28,PRD-FBWEXS8A0AAZ,CLI-X4TV0UZHJCD2,Purchase,Other,300.51,USD,,ATM,SUC-I7CB5PA8,Centro Comercial,Other,Colombia,Cartagena,Approved,00,False,,,
TRX-GG7ON7MUPBPVAUW1EB3O,2026-05-28 15:55:32,2026-05-28,PRD-PMK3KNOE7AI5,CLI-6VUH82M4AHQY,Deposit,,1703198.11,ARS,4866.28,App,,,,Argentina,La Plata,Approved,00,False,16.63,,
TRX-FFXWELPXD9B39T71Z123,2026-05-28 23:36:53,2026-05-28,PRD-0JQNS0KCB2Y3,CLI-58HEUVQP60FY,Transfer,,4746.66,USD,,ATM,SUC-UH461R09,,,Colombia,Barranquilla,Approved,00,False,26.75,,
TRX-WAYZDCV22IH5CFAQFV93,2026-05-28 09:25:16,2026-05-28,PRD-RYGUMYG3AUKX,CLI-DKFPMTC4VNNJ,Withdrawal,,1167979.17,COP,291.99,POS,,,,Colombia,Medellín,Declined,,False,26.68,,
TRX-DUWIV76FAA03M0W0GQZR,2026-05-28 21:59:58,2026-05-28,PRD-K9A4LDDIPHDA,CLI-GH3J147HP09T,Deposit,,930.79,USD,,ATM,SUC-CUMTPAM3,,,México,Querétaro,Approved,00,False,10.04,,
TRX-DFWVBE200FAK8S0FLMRC,2026-05-28 08:12:58,2026-05-28,PRD-THBH5VXEU4XI,CLI-8M34YU9M4XRD,Deposit,,3416.83,USD,,POS,,,,México,Guadalajara,Approved,00,False,20.38,,
TRX-0W4L951Q99P9I6UNWFTQ,2026-05-28 12:44:38,2026-05-28,PRD-GD52TOQIFMG8,CLI-2CAJK01BU3JH,Transfer,,37823281.51,COP,9455.82,ATM,SUC-0KBWS25U,,,Colombia,Cartagena,Approved,00,False,7.13,,-74.9642791
TRX-UTENOR1XIL8Q7BJTY6M3,2026-05-29 00:30:26,2026-05-28,PRD-X1A5HARGCCNR,CLI-5EO4M8WNK3DE,Payment,Health,5081000.24,COP,1270.25,POS,,,,USA,New York,Declined,14,False,20.03,,
TRX-FW4NKGEXUHAFL6GRDQF8,2026-05-28 18:59:07,2026-05-28,PRD-STCECXG7H5UP,CLI-P0U0HARJHWD4,Purchase,Services,805740.64,COP,201.44,POS,,Internet Plus,Services,Colombia,Medellín,Approved,00,False,9.45,,
TRX-28FPTSBIUDJZH5UL20MD,2026-05-29 01:07:53,2026-05-28,PRD-008UW4ZBAQC1,CLI-K8X9MJ6R3P77,Transfer,,6350.82,USD,,App,,,,México,,Approved,00,False,10.33,,
TRX-8KCH5038MBWH0V4ZTXDF,2026-05-28 11:33:24,2026-05-28,PRD-ZFB9IRTPFHJ1,CLI-W6YTEWYPYTKU,Deposit,,1000.04,USD,,POS,,,,México,Monterrey,Approved,00,False,17.46,,
TRX-DH1MIEHLN8NRCM4H9UXH,2026-05-28 13:53:44,2026-05-28,PRD-PH17YJCVL2H2,CLI-2UTKY0T6GIXC,Payment,Entertainment,1566.02,USD,,Web,,,,Colombia,Barranquilla,Approved,00,False,29.62,,
TRX-WQP3B43F6J4D3WK8RR73,2026-05-28 23:09:46,2026-05-28,PRD-IHQDZDHBQXHY,CLI-DE21Q4DP73C9,Payment,Entertainment,1060.28,USD,,ATM,SUC-8XAGRKOC,,,México,Monterrey,Approved,00,False,7.88,,
TRX-9ZGGGU2HK0GLCWBOGD7T,2026-05-29 04:36:09,2026-05-28,PRD-I1EGVM8KQC2P,CLI-BTFBWLAVDM9W,Withdrawal,,206.34,USD,,ATM,SUC-HAC1OZ8F,,,Colombia,Cali,Approved,00,False,13.21,,
TRX-0N2FWWDAYC60DLQVA5QW,2026-05-28 16:49:06,2026-05-28,PRD-X7O9HWNVHQ0H,CLI-SRO4SS3P86EX,Transfer,,29934107.26,COP,7483.53,ATM,SUC-X7W6C3UX,,,Colombia,Medellín,Approved,00,False,0.83,5.1057038,-74.4626827
TRX-S7MGPRSVM5MMSAQNFDR1,2026-05-28 15:09:03,2026-05-28,PRD-EL49GKFVCR0X,CLI-23W3T7MSJGGI,Payment,Food,2739794.78,COP,,POS,,,,Colombia,Bogotá,Approved,00,False,2.37,,
TRX-YMPHTB4IVXIPA48ZAC4R,2026-05-28 13:33:58,2026-05-28,PRD-Y0YY96JLQXQZ,CLI-4RV1B0A2PMCQ,Purchase,Transport,215491.64,COP,53.87,POS,,,Transport,Colombia,Medellín,Approved,00,False,,,
TRX-UKS2AQ0UQL9UG0PLEFAC,2026-05-28 23:56:11,2026-05-28,PRD-ECQ9DHAWMLNE,CLI-BTHO9TGJDB68,Payment,Other,119717.8,ARS,342.05,App,,,,Argentina,La Plata,Approved,00,False,16.31,,
TRX-UZNVAQE3H517GPAH3UUO,2026-05-28 11:41:40,2026-05-28,PRD-K0101MRP30LG,CLI-7GV5FO4CD40O,Transfer,,2002.08,USD,,ATM,SUC-349TR6OC,,,México,Guadalajara,Approved,00,False,0.35,,
TRX-XSYCA2KUZIEPSD0GOP6U,2026-05-29 01:07:45,2026-05-28,PRD-3SDS07BNCOCE,CLI-5MO3UWCSVXI1,Transfer,,2233506.32,ARS,,ATM,SUC-K32WS6T0,,,Argentina,Buenos Aires,Approved,00,False,,,
TRX-Y5049PLM8BOYI4O6W985,2026-05-28 19:34:46,2026-05-28,PRD-GDTVFLRDR7UE,CLI-THF0PZXE2B0B,Payment,Other,1083427.08,COP,270.86,POS,,,,Colombia,Cali,Approved,00,False,18.11,,
TRX-41M56LEZ1OODNPC9UHC8,2026-05-28 11:27:59,2026-05-28,PRD-SRUV19CYUXU0,CLI-UIG6DFW7EF66,Purchase,Services,32504.8,ARS,92.87,App,,Empresa Telefónica,Services,Argentina,Córdoba,Approved,00,False,14.78,,
TRX-T8IX16J5N9KVRZ6Q83WH,2026-05-29 00:32:54,2026-05-28,PRD-N42R1OVSKDL8,CLI-1AOHD6J2J0NK,Withdrawal,,896224.25,COP,224.06,App,,,,Colombia,Bogotá,Approved,00,False,19.6,,
TRX-Y6NMY05HXVGOQSU1XMQC,2026-05-28 19:36:03,2026-05-28,PRD-B1IP43ROZNCE,CLI-N0MTGO70QPI0,Withdrawal,,187.65,USD,,ATM,SUC-F61XHTE2,,,México,,Approved,00,False,,,
