transaction_id,transaction_date,process_date,product_id,customer_id,transaction_type,transaction_category,amount,currency,amount_usd,channel,branch_id,merchant_name,merchant_category,transaction_country,transaction_city,transaction_status,response_code,is_fraud,fraud_score,latitude,longitude
TRX-BUE4P222XTB67XMCIZZJ,2026-05-27 10:39:05,2026-05-27,PRD-GOZWC383AF2J,CLI-713P9WAE9ENB,Payment,Other,1465.97,USD,,App,,,,México,Tijuana,Approved,00,False,4.97,,
TRX-A4Y2VRWBQG57Q9YEP23C,2026-05-27 18:21:24,2026-05-27,PRD-B7V9Z6GNJORW,CLI-CX6I9PMU21RA,Withdrawal,,155.7,USD,,ATM,SUC-SUAMAVYV,,,México,Tijuana,Approved,00,False,26.32,,
TRX-ZYBY435C002V1AYFLV3A,2026-05-27 22:43:41,2026-05-27,PRD-SCG4DIRAVX67,CLI-8BT1A5I45UTT,Payment,Entertainment,5201791.72,COP,1300.45,POS,,,,Colombia,Bogotá,Approved,00,False,24.79,5.5818765,-73.0826035
TRX-1QB5QROR4099XUL76FV9,2026-05-27 22:34:04,2026-05-27,PRD-36Y5NOIIT1ZE,CLI-95MGS60P47ZG,Purchase,Health,234.62,USD,,POS,,Farmacia Salud,Health,México,Querétaro,Approved,00,False,22.83,-0.4348481,-0.1404598
TRX-KUYAYVHSWQMFZ28JN2LX,2026-05-27 12:16:38,2026-05-27,PRD-4FK6YACVS0PM,CLI-9RWAE910VPUC,Purchase,Food,421.7,USD,,Web,,Tienda Don José,Food,México,Monterrey,Approved,00,False,,,
TRX-72R1IO4HUEJT0S4BF84O,2026-05-27 06:27:58,2026-05-27,PRD-9L1DPXZWQ2V6,CLI-1FCRNJI0O61J,Transfer,,2036338.58,ARS,5818.11,ATM,SUC-K32WS6T0,,,Argentina,La Plata,Approved,00,False,10.14,,-59.3648782
TRX-DGCZ3TB75AX1NB8G41H2,2026-05-27 20:41:15,2026-05-27,PRD-H5682VDFXK0D,CLI-4P3X896GI87V,Deposit,,743956.17,ARS,2125.59,ATM,SUC-ZVFW3M23,,,Argentina,Buenos Aires,Approved,00,False,28.31,-33.6232906,-58.3994963
TRX-I3RYS6WRN0SF9TKU1RO5,2026-05-27 13:50:32,2026-05-27,PRD-THK89NFJQD3F,CLI-OZYP5E1O20UL,Payment,Services,1880.75,USD,,Web,,,,México,Puebla,Approved,00,False,27.88,,
TRX-RRXK1QXQ7TNMI1QVNKZ2,2026-05-27 14:49:30,2026-05-27,PRD-IRY4Z8CBWE77,CLI-ILSD2DCVRGPY,Payment,Health,215.28,USD,,Branch,SUC-U3Q69OLV,,,México,Guadalajara,Approved,00,False,,,
TRX-7ORLG3MMEP4OPFBX74EP,2026-05-27 10:32:11,2026-05-27,PRD-7ZYJ91KR0CEB,CLI-PGR5HRIEECWW,Payment,Transport,1184.54,USD,,POS,,,,México,Puebla,Approved,00,False,4.1,,
TRX-FVN5UAEDSI34PIYOHASL,2026-05-27 07:49:40,2026-05-27,PRD-IT2F90UKS873,CLI-ZSKBV4LMJKPA,Withdrawal,,851463.77,COP,212.87,App,,,,Colombia,Medellín,Approved,00,False,,,
TRX-VLAOO9U6U6B94XE8FE1R,2026-05-27 17:34:38,2026-05-27,PRD-PHOJDQFGUHXO,CLI-M66IYO7OSP2U,Purchase,Food,627863.64,COP,156.97,ATM,,Restaurante El Buen Sabor,Food,Colombia,Medellín,Approved,00,False,1.03,5.4813375,-74.8153306
TRX-NEK94OEEYLLJYMVURIV0,2026-05-27 22:03:10,2026-05-27,PRD-AQYUCJ3ST7BK,CLI-OCB9XRTKQ8VK,Transfer,,6985.05,USD,,POS,,,,México,Guadalajara,Approved,00,False,21.04,,
TRX-ZMIK1ZVFVSJOY7S945ZP,2026-05-28 03:51:23,2026-05-27,PRD-FHDAZ1TS7M0V,CLI-ROPZEUFCAFT6,Withdrawal,,106295.64,ARS,303.7,POS,,,,Argentina,Mendoza,Approved,00,False,16.48,,
TRX-IKC5CWKNT823BZM0AX7A,2026-05-27 16:29:54,2026-05-27,PRD-VTHWEGB5VEBZ,CLI-1ZUK4F7ZQL00,Purchase,Entertainment,299.45,USD,,POS,,Conciertos Live,Entertainment,Mexico,Monterrey,Approved,00,False,,,
TRX-FSRKGW365HLBLQ85HL5F,2026-05-27 06:23:15,2026-05-27,PRD-U0HCRJJ7BQEL,CLI-JNUONM7QVF8T,Purchase,Health,61.1,USD,,Web,,Clínica Médica,Health,Colombia,Bogotá,Approved,00,False,24.79,,
TRX-D1QMZT1V1H8ZRU058C7D,2026-05-27 07:38:07,2026-05-27,PRD-75L8VWHH38PM,CLI-AQAN3VY02J2F,Purchase,Entertainment,79.86,USD,,POS,,Teatro Nacional,Entertainment,México,Querétaro,Approved,00,False,,0.9418658,-0.8203001
TRX-BU24WG6MKCTMYYXW87KQ,2026-05-28 00:52:53,2026-05-27,PRD-KYFCDWNC0IDI,CLI-GUI47I5JJ2P3,Withdrawal,,79540.49,ARS,227.26,ATM,,,,Argentina,Córdoba,Approved,00,False,,-34.4066983,-58.34156
TRX-EL7S7A0A7O4AZV2LLAA6,2026-05-27 19:33:01,2026-05-27,PRD-AWI1MX51AONH,CLI-U8L5HL6A0CO7,Deposit,,3278.5,USD,,POS,,,,USA,New York,Approved,00,False,1.27,0.269885,0.7764353
TRX-755OZJBAXKJQKO1J9A2D,2026-05-28 01:32:40,2026-05-27,PRD-MGUETQ5I9P29,CLI-O6DM1FHYHWV0,Deposit,,2823.97,USD,,POS,,,,México,,Approved,00,False,10.83,,-0.5831382
TRX-IDE5KGCFUYB43BTE5W3K,2026-05-27 18:51:02,2026-05-27,PRD-SAIMDPLL4QMI,CLI-RJXJYCVQJWSH,Purchase,Other,1893803.35,COP,473.45,POS,,Ferretería,Other,Colombia,Barranquilla,Declined,51,False,17.71,,
TRX-JUP238ZVUO7X4KCLWACY,2026-05-28 01:52:12,2026-05-27,PRD-VLZTL36BS75Y,CLI-Z8ALBUL464PL,Purchase,Other,1402752.81,COP,350.69,Web,,Ferretería,Other,Colombia,Medellín,Approved,00,False,15.87,,
TRX-PEOZ0SLTDBWMFCP3YI26,2026-05-27 17:18:27,2026-05-27,PRD-BSB3AJ73L1HQ,CLI-PML15D6HVZ15,Withdrawal,,183.73,USD,,Web,,,,México,Ciudad de México,Approved,00,False,1.61,,
TRX-WZJSV93HHCSXLWLIYECN,2026-05-27 20:51:49,2026-05-27,PRD-BX34XDNN7EIJ,CLI-6S3FN9HJ448L,Withdrawal,,35.56,USD,,App,,,,México,Guadalajara,Approved,00,False,27.45,,
TRX-JZWZDG5KVDF416867QUN,2026-05-27 12:56:42,2026-05-27,PRD-PHFG1CERBNLV,CLI-4UMLTZQG5VQR,Transfer,,5922058.74,COP,1480.51,ATM,SUC-4USRLC45,,,Colombia,Cali,Approved,00,False,1.37,,
TRX-KUSSQGBK3E30XH2S2Q2E,2026-05-27 22:06:24,2026-05-27,PRD-IS4D90K9AED1,CLI-4EJJBMN3N1PI,Transfer,,2572673.34,COP,643.17,ATM,SUC-GHHYX8OE,,,Colombia,Cali,Approved,00,False,25.09,,
TRX-KNVMKPUW2K1AMOXS0DKE,2026-05-27 17:03:13,2026-05-27,PRD-I2ASVA655XDN,CLI-N8AXYDF39OSG,Transfer,,7467.46,USD,,Web,,,,México,,Approved,00,False,,,
TRX-DK62B9JEVKWGNQYF6QE5,2026-05-27 09:57:29,2026-05-27,PRD-36GBJH456KX1,CLI-M8QKX7DYAX1M,Withdrawal,,1958299.26,COP,489.57,ATM,,,,Colombia,Medellín,Approved,00,False,24.4,,
TRX-17Z8MPQQJKJZA6IC487I,2026-05-27 21:44:18,2026-05-27,PRD-AKTOQSTT03QK,CLI-OVGPDOLKCLPM,Payment,Health,1459.01,USD,,ATM,SUC-8RYAQ0NO,,,Mexico,Ciudad de México,Approved,00,False,7.45,,
TRX-P024EHF5SZNFICTHYICB,2026-05-27 18:02:07,2026-05-27,PRD-LQGOJEGL0ZXO,CLI-Z89KWHK3CRJZ,Deposit,,293.93,USD,,POS,,,,México,Querétaro,Approved,00,False,,-0.0337902,0.3414014
TRX-B51ANQ0I66FA1892Z60M,2026-05-27 17:50:24,2026-05-27,PRD-JY7CKDSEKYHZ,CLI-H9O8CP394WZ1,Adjustment,,2732395.93,COP,683.1,Branch,SUC-QLV3J046,,,Colombia,Medellín,Approved,00,False,27.13,,
TRX-0XO8QEJ9HYF9CGRYE9FS,2026-05-28 00:09:57,2026-05-27,PRD-CFFU2FTHBTZ5,CLI-GWCX03RR8X6F,Purchase,Services,375.32,USD,,App,,Empresa Telefónica,Services,México,Puebla,Declined,51,False,28.15,,
TRX-6WFAURYIIA59KGSIP48A,2026-05-28 00:33:20,2026-05-27,PRD-I3H33PZVXRQ8,CLI-XIJ82RLAUGH3,Withdrawal,,497.93,USD,,ATM,SUC-PFXHRCSW,,,Argentina,Mendoza,Approved,00,False,24.01,,
TRX-CYH5O6D01TIZOH9MOWKX,2026-05-27 10:27:54,2026-05-27,PRD-8INANUZXI0PM,CLI-3P04O5QOZGSS,Withdrawal,,364.1,USD,,App,,,,México,Ciudad de México,Approved,00,False,14.08,,
TRX-E5HZMM3WN2EMPRLTK6KN,2026-05-27 10:12:18,2026-05-27,PRD-8X005S4X4WBG,CLI-G8G0QAAUFLK9,Purchase,Transport,882317.43,COP,220.58,ATM,SUC-H4WPLB7O,Taxi Seguro,Transport,Colombia,Medellín,Approved,00,False,1.41,,
TRX-P20IQGAA9MM4HRDOG3OG,2026-05-28 02:47:21,2026-05-27,PRD-CUFAI8EMJQ4I,CLI-27A6N9CH798V,Deposit,,955.42,USD,,App,,,,México,Tijuana,Declined,14,False,3.55,,
TRX-0CBZ7LDIG7Y8FJHC3KI6,2026-05-28 04:58:35,2026-05-27,PRD-KEW9DAXN1HIW,CLI-DTW5AJLUTU0B,Deposit,,477.16,USD,,Web,,,,México,Tijuana,Approved,00,False,3.02,,
TRX-PCRK6PXLCMR8YQTFPH96,2026-05-27 09:18:43,2026-05-27,PRD-AUBUUV0LBZPY,CLI-95BK5KQSQIAS,Deposit,,12644829.17,COP,3161.21,POS,,,,Colombia,,Approved,00,False,23.78,5.3238208,-74.9117435
TRX-PKHO4IZFOXES07FEOH97,2026-05-27 10:13:07,2026-05-27,PRD-ATGVA2LYEDPL,CLI-KIS53109G3XQ,Deposit,,663.12,USD,,Web,,,,México,Querétaro,Approved,00,False,,,
TRX-SS5SMC52D76O21VD7M0B,2026-05-27 22:11:35,2026-05-27,PRD-J19A2CBMRPQQ,CLI-3A02NED0X3OD,Purchase,Food,304.92,USD,,POS,,Super Ahorro,Food,México,,Approved,00,False,11.48,0.9696497,-0.2886274
TRX-0PXOTV66AHWGFSDEF6F8,2026-05-27 18:54:25,2026-05-27,PRD-K8L3K0UQEL51,CLI-OLWPZ69SIOVU,Transfer,,8784.97,USD,,App,,,,México,,Approved,00,False,9.12,,
TRX-O8YPQ0ZKDCZQ9KNTWO59,2026-05-27 19:26:31,2026-05-27,PRD-RG50E2X5UWOG,CLI-XVJP9BTNHDSA,Transfer,,9420.95,USD,,Web,,,,México,,Approved,00,False,12.74,,
TRX-UVPRDX1EP35R06QEJQB5,2026-05-27 16:43:57,2026-05-27,PRD-HYEU47ZBHDEE,CLI-J3LHYEJAEF4H,Withdrawal,,164196.09,ARS,469.13,POS,,,,Argentina,La Plata,Approved,00,False,1.94,,
TRX-FS1EE08ZHGZ98V5QMI24,2026-05-27 10:16:30,2026-05-27,PRD-KWJ197P8M6PO,CLI-XNRZ0DPG36KV,Withdrawal,,197.52,USD,,ATM,,,,México,Monterrey,Approved,00,False,13.19,,
TRX-WLVTU7COUDUTPZI4YQMU,2026-05-27 20:53:05,2026-05-27,PRD-Z0L523L2Q0F3,CLI-6JR10CKMVGB4,Purchase,Entertainment,1176440.21,COP,294.11,ATM,SUC-A4SSWF0H,Cine Premium,Entertainment,Colombia,Cali,Approved,00,False,15.5,5.1858729,-74.0903791
TRX-U49L7CZA9L60RNQ8O6KW,2026-05-27 18:26:04,2026-05-27,PRD-I5A4BKWMKM14,CLI-ODCKZKPUOEFI,Purchase,Transport,1948941.15,COP,487.24,App,,Taxi Seguro,Transport,Colombia,Medellín,Approved,00,False,27.69,,
TRX-LC8TBYMB3S17OXWI1V2S,2026-05-27 16:05:24,2026-05-27,PRD-9C12PFWWB7BT,CLI-HPKNMMQ8CR4X,Deposit,,539.55,USD,,POS,,,,México,Querétaro,Approved,00,False,5.61,,
TRX-3CNVXUI9YSTTPAFBGGUT,2026-05-27 17:03:20,2026-05-27,PRD-HDWGWBQ8QEK4,CLI-PB08JE6O0KP0,Transfer,,4056.37,USD,,ATM,SUC-UH461R09,,,Colombia,Bogotá,Approved,00,False,,,
TRX-EZ2I8DA53TV0P5W1NAMJ,2026-05-28 05:43:20,2026-05-27,PRD-6ANYZEB6XUFG,CLI-A5TWUSW9777T,Payment,,924.41,USD,,POS,,,,México,Tijuana,Approved,00,False,16.99,-0.650461,-0.8132489
TRX-O2ZJ3C5Z5FSXUTRHBDAL,2026-05-27 16:09:49,2026-05-27,PRD-MVGV3UOLVZ2B,CLI-TCSOEHEV3I71,Purchase,Entertainment,1166742.55,COP,291.69,ATM,SUC-5AXOWGN3,Streaming Music,Entertainment,Colombia,Cali,Approved,00,False,,,
TRX-3ASL8LG553GS7ZVWFERM,2026-05-27 18:20:53,2026-05-27,PRD-OAS1LU8KENKR,CLI-NY8VUIWW5YQT,Purchase,Food,38631.02,ARS,110.37,App,,Tienda Don José,Food,Argentina,Rosario,Approved,00,False,8.07,,
TRX-3EWFA9G6VI1S2GJZII7T,2026-05-28 02:34:45,2026-05-27,PRD-1Z5XSPM5TJ3T,CLI-QO43C2OV1OU2,Transfer,,1557.09,USD,,POS,,,,México,Tijuana,Approved,00,False,15.95,,
TRX-HU4M03UOW62AFKT4WE7O,2026-05-28 05:47:01,2026-05-27,PRD-VDZX3FWDEBS8,CLI-0N5FE7QTVXCW,Purchase,Entertainment,165867.36,ARS,473.91,Web,,Streaming Music,Entertainment,Argentina,Buenos Aires,Declined,51,False,27.92,,
TRX-4TUAAVUSX58CF4MU4IOV,2026-05-27 19:33:26,2026-05-27,PRD-8NVSRIMOLOST,CLI-5O8SQ6KO167J,Payment,Services,3630292.25,COP,907.57,ATM,SUC-22RCTEVV,,,Colombia,Barranquilla,Declined,51,False,21.43,,
TRX-LBTLVEI00S1PUE0H49V0,2026-05-27 11:28:49,2026-05-27,PRD-S9DMMFSOEZFP,CLI-GS1X8C60HYJA,Transfer,,17610505.8,COP,,ATM,,,,Colombia,Medellín,Approved,00,False,0.93,,
TRX-AADI2OXWHGOMC8XSB04K,2026-05-27 11:30:45,2026-05-27,PRD-1NUYYUJWJ4XH,CLI-PO28LAWYXL7F,Transfer,,3429160.39,COP,857.29,ATM,SUC-IKK3G59W,,,Colombia,Bogotá,Approved,00,False,22.34,4.005302,-73.1528746
TRX-PW4YDUT2A5EJQTB4FF2N,2026-05-27 09:21:22,2026-05-27,PRD-8XCU0FT7SJ1G,CLI-5SCZ6N746FNZ,Withdrawal,,11077.1,ARS,,ATM,SUC-GTAY0XHL,,,Argentina,La Plata,Approved,00,False,2.5,-35.1350178,-58.4451544
TRX-13SN3SP6Y01DPVU7O9N6,2026-05-27 07:54:33,2026-05-27,PRD-0CFVSHM5HRXI,CLI-T81G56RM07PX,Payment,Services,1152.53,USD,,ATM,SUC-8HPG0AE8,,,Colombia,Cali,Approved,00,False,0.89,,
TRX-56WVRQANHDZ7D0Y3V58E,2026-05-27 22:14:20,2026-05-27,PRD-YXZQNM0M1J03,CLI-66ZSGR5SDWOX,Deposit,,1955.8,USD,,App,,,,México,Puebla,Approved,00,False,6.41,,
TRX-6QLO3XEVM82BG4T5AP3J,2026-05-28 03:21:12,2026-05-27,PRD-QGHZWELNERUJ,CLI-MZ2BB1IQWWCT,Payment,Entertainment,421.7,USD,,POS,,,,México,Querétaro,Approved,00,False,15.24,,
TRX-9H6YXHWWSVE97XFHKKGA,2026-05-27 20:37:28,2026-05-27,PRD-8K45G5ZDTKTA,CLI-63U29OZMGHGS,Deposit,,4533.15,USD,,App,,,,México,Ciudad de México,Approved,00,False,4.72,,
TRX-GU8N5LGNKPEEFIA5KAX4,2026-05-27 22:07:33,2026-05-27,PRD-6K866N35HJ9Z,CLI-CJGFE3S8ELC2,Withdrawal,,161.68,USD,,POS,,,,México,Ciudad de México,Approved,00,False,16.46,,
TRX-6NAW43P8Z6IL2GJ4E48J,2026-05-27 18:30:42,2026-05-27,PRD-CVSDASE5A3YW,CLI-SQ990HM3CMUP,Withdrawal,,300.0,USD,,POS,,,,México,Puebla,Approved,00,False,24.67,,
TRX-RLBOFJ0Z4PK90Q70EWKO,2026-05-28 00:15:39,2026-05-27,PRD-HM50HM1FZC0G,CLI-W7DGRI6AUGYJ,Withdrawal,,319.69,USD,,ATM,SUC-I7CB5PA8,,,Colombia,Barranquilla,Declined,05,False,16.05,,
TRX-6CAPWUAZ54W1WMCXBQCV,2026-05-28 05:39:35,2026-05-27,PRD-2WAFI6PU1C82,CLI-IKBYIV2UA4B6,Payment,,596893.77,ARS,1705.41,ATM,SUC-RRCPMD2D,,,Argentina,Mendoza,Approved,00,False,,-35.5305872,-57.7033909
TRX-8Z46FBPJKK5CR3NXKO61,2026-05-27 11:39:11,2026-05-27,PRD-6F137K1U1WBQ,CLI-UINE1OGTX7QN,Adjustment,,56591.71,COP,14.15,ATM,SUC-KJBGVLU5,,,Colombia,Medellín,Approved,00,False,,,
TRX-1BPW1SYATGDNH914GU9S,2026-05-28 00:51:11,2026-05-27,PRD-RD0O8VLW3ZWY,CLI-18CU4QIDP7UJ,Payment,Other,463.33,USD,,ATM,,,,México,Puebla,Approved,00,False,27.61,-0.5112317,0.0327779
TRX-WLV5T5B2KMOMDUHI4S7W,2026-05-27 23:44:05,2026-05-27,PRD-VVOMF7V72KI5,CLI-VT90HAKC932W,Purchase,Food,58956.48,ARS,168.45,Branch,SUC-571XLYQB,,Food,Argentina,Rosario,Approved,00,False,3.52,,
TRX-SXBW2PO4D2RMOIPXZ9YA,2026-05-28 01:08:16,2026-05-27,PRD-M95QC2I2YJ8N,CLI-P8CY31FUMPED,Payment,Other,432.59,USD,,POS,,,,Mexico,Ciudad de México,Approved,00,False,21.18,,
TRX-U17ALUCI1JVTT5HFVN8O,2026-05-27 07:33:54,2026-05-27,PRD-IM4M0XHR9I47,CLI-E89IFFD8U117,Transfer,,1690.64,USD,,Web,,,,México,Puebla,Approved,00,False,17.47,,
TRX-CAG0L5Z3FWADAEEMFJ3F,2026-05-27 22:45:26,2026-05-27,PRD-Y8PMGTA2UI1E,CLI-UIL5M854P5PK,Purchase,Services,95495.64,ARS,272.84,Web,,Empresa Telefónica,Services,Argentina,Córdoba,Approved,00,False,9.46,,
TRX-2PJ2DQ2BZ1HJ0D178VCL,2026-05-28 04:11:38,2026-05-27,PRD-B6DOFPOYLFQ7,CLI-D3BC3F0D7ME8,Payment,,471223.74,ARS,1346.35,POS,,,,Argentina,La Plata,Approved,00,False,19.8,,
TRX-BDHKCOKKOY97YWF3FJQM,2026-05-27 08:47:45,2026-05-27,PRD-ETIXIX1M0ON1,CLI-OTKL80WE687D,Withdrawal,,340.81,USD,,ATM,SUC-DN1V9J1Z,,,México,Querétaro,Approved,00,False,3.86,,
TRX-5NDI7DRAHM5WF5GFPYTS,2026-05-27 18:04:34,2026-05-27,PRD-UPWXKNQ3U9ZD,CLI-MU7HX1M0IZ9I,Deposit,,1465.39,USD,,App,,,,México,Puebla,Approved,00,False,29.18,,
TRX-QPH620BFHGI4M8M2UN2H,2026-05-27 22:47:28,2026-05-27,PRD-ZPX72U7MD9K1,CLI-752D2M921803,Deposit,,3881.24,USD,,POS,,,,México,Querétaro,Approved,00,False,,,
TRX-EEIS3MFA37H868C1X1HV,2026-05-27 06:04:06,2026-05-27,PRD-YY2QPE19FDPS,CLI-OMJJ0RVPT5FI,Deposit,,16780277.0,COP,4195.07,Web,,,,Colombia,Medellín,Approved,00,False,,,
TRX-188O0QTAN9SN45WN9XL5,2026-05-27 22:04:32,2026-05-27,PRD-0D0P8MYJWUZG,CLI-KK3KEPPZYOB4,Deposit,,3749919.06,COP,937.48,POS,,,,Colombia,Bogotá,Approved,00,False,15.38,4.8348468,-74.3579306
TRX-ERL74FIIU16KEKYPVJMM,2026-05-27 12:34:49,2026-05-27,PRD-CJSDGAOI2XH7,CLI-PHMA53EF8B35,Payment,Services,1565.85,USD,,POS,,,,México,Guadalajara,Approved,00,False,10.39,,
TRX-YX2X8PE8V2GKI9UTG9H6,2026-05-27 20:30:24,2026-05-27,PRD-EJH00LEGLBH5,CLI-IAX9UD1Y2P0W,Transfer,,3094.58,USD,,ATM,SUC-KD93KQ8I,,,México,Querétaro,Approved,00,False,25.71,,
TRX-1ME50K4J2ZKKY1481ZC4,2026-05-27 07:49:07,2026-05-27,PRD-XOGX5F7KDECJ,CLI-K8G6CQIUNOML,Purchase,Entertainment,93.15,USD,,POS,,Teatro Nacional,Entertainment,Argentina,Córdoba,Approved,00,False,15.27,,
TRX-4IKZU1GGX8FCC256UF0R,2026-05-27 20:27:16,2026-05-27,PRD-A7QYAN6W6VDE,CLI-Q0UPZZQDRBJL,Withdrawal,,325.36,USD,,POS,,,,Argentina,Buenos Aires,Approved,00,False,17.81,,
TRX-4SD04EISWC37ILUJRBP6,2026-05-28 01:03:23,2026-05-27,PRD-DYN1KAO5AH7O,CLI-J8RCMQFD427K,Transfer,,24074568.76,COP,6018.64,Web,,,,Colombia,Barranquilla,Approved,00,False,,,
TRX-AW0DCDOGQOX0GUQKTAGQ,2026-05-28 04:13:23,2026-05-27,PRD-3FWCBE97L4PT,CLI-UVDN8OKTH132,Withdrawal,,1018833.81,COP,254.71,ATM,SUC-8AM4U1NU,,,Colombia,Cali,Approved,,False,11.72,,
TRX-QQELD1VTPV07TI3SWBLE,2026-05-27 23:51:58,2026-05-27,PRD-FMJTAS7GV7FP,CLI-4FLA43SHZ4D9,Withdrawal,,708583.38,COP,177.15,Web,,,,Colombia,Bogotá,Approved,00,False,24.3,,
TRX-LLDMFD9ESWJCDD136RNU,2026-05-27 06:58:05,2026-05-27,PRD-FEQ75HOGFN1T,CLI-NQ1XY4UIQQUL,Transfer,,3190055.55,ARS,9114.44,Web,,,,Argentina,Córdoba,Approved,00,False,,,
TRX-068OBTZT62UBI21H24VH,2026-05-27 20:01:49,2026-05-27,PRD-0EXSNT8KJ986,CLI-03MRT5MSX6BF,Transfer,,6856.79,USD,,Web,,,,México,,Approved,,False,5.89,,
TRX-2JU6ER5JEYJ6GLPCUV7W,2026-05-27 06:58:55,2026-05-27,PRD-I2M43PKYPUWW,CLI-V0TCNNNRG0IO,Withdrawal,,106999.18,ARS,305.71,Branch,SUC-GKQAVGPP,,,Argentina,Rosario,Approved,00,False,13.86,,
TRX-7ZNWPGP1KJXP4RY39MM5,2026-05-28 00:55:17,2026-05-27,PRD-WPKK3EKAI4GI,CLI-CVNGYCRLQ6ML,Withdrawal,,20.47,USD,,POS,,,,Argentina,Rosario,Approved,00,False,26.69,,
TRX-8KWVJ9B0JQBK1VY6OQKZ,2026-05-27 22:44:13,2026-05-27,PRD-C24DT3EVTAM5,CLI-FPU4KEVEWXA5,Withdrawal,,87764.06,ARS,250.75,Web,,,,Argentina,Buenos Aires,Approved,00,False,0.6,,
TRX-M8B14AEK3PCU8JN9ZU7F,2026-05-27 20:57:38,2026-05-27,PRD-ZZTL5W8LHPIE,CLI-1KJR3GMUJWSA,Transfer,,3051.06,USD,,App,,,,Brazil,Brasília,Approved,00,False,,,
TRX-EGIPZTHKWDWE07JWARHR,2026-05-27 10:06:33,2026-05-27,PRD-ZOFRBUUW680P,CLI-QMQQ2UNIFCQK,Purchase,Services,131.4,USD,,Web,,Empresa Telefónica,Services,México,Monterrey,Approved,00,False,,,
TRX-S0JJH0VWD3F8A7IDHEMQ,2026-05-27 08:05:38,2026-05-27,PRD-4UPK9KQJABHS,CLI-ROUAJV9NZSYS,Purchase,Food,299.1,USD,,ATM,SUC-I8M9CS2Y,,Food,Argentina,Córdoba,Approved,,False,16.06,,
TRX-4O65LR78MJPX61RRJXYE,2026-05-27 19:28:45,2026-05-27,PRD-YGIF00NX04N8,CLI-Z5S871F7MVA3,Payment,,831.28,USD,,Web,,,,México,Guadalajara,Approved,00,False,21.1,,
TRX-TGT7GQQJCEJD419KMZSX,2026-05-27 11:26:45,2026-05-27,PRD-WS52F2HN6QI0,CLI-41XQ6FDC9GXJ,Deposit,,4729989.35,COP,1182.5,Web,,,,Colombia,Medellín,Approved,00,False,3.44,,
TRX-C0PA5CKOXNW00AJSNX9X,2026-05-27 07:32:35,2026-05-27,PRD-U32B06Q7A6CN,CLI-TRMNCAE5ETGP,Purchase,Other,496.21,USD,,Transfer,,Tienda General,,México,Querétaro,Approved,00,False,12.32,,
TRX-N2T1027O94YTM7X9MJPQ,2026-05-27 16:35:56,2026-05-27,PRD-72AOPJTVJFLG,CLI-2RJ2BP8175UA,Deposit,,14965552.42,COP,3741.39,ATM,SUC-MU9A5O88,,,Colombia,,Approved,00,False,,,
TRX-OKCV1X67INR5A3WP6N13,2026-05-28 01:35:29,2026-05-27,PRD-XJVF9HLA4NHZ,CLI-P0S2GWV4M11Z,Payment,Services,3765332.66,COP,941.33,App,,,,Colombia,Barranquilla,Approved,00,False,3.37,,
TRX-CXHQ3TS8OWXY5BGVHO7F,2026-05-27 21:23:51,2026-05-27,PRD-OM5YKWVFSGI0,CLI-MZFEVTJDEFCW,Withdrawal,,79.3,USD,,ATM,SUC-033KHYS2,,,México,Puebla,Approved,00,False,8.32,,
TRX-AUCDEMGW925LX7ZAZS29,2026-05-27 09:55:54,2026-05-27,PRD-KUTIJR72GQJO,CLI-T7OJJK9KS0NR,Deposit,,3431.02,USD,,POS,,,,México,Tijuana,Approved,00,False,24.13,,
TRX-0T86YU07KN4KRTX8Q1PG,2026-05-27 17:55:53,2026-05-27,PRD-1ISNSVHW6YLL,CLI-PAJCDUWR3PE3,Withdrawal,,853270.14,COP,,POS,,,,Colombia,Bogotá,Approved,00,False,23.49,,
TRX-DW3FOVL5X2G3NVGL07VV,2026-05-27 06:07:04,2026-05-27,PRD-OJHUQLGBKUVA,CLI-R96YGOE0QU2T,Purchase,Other,498.43,USD,,POS,,Boutique Moda,Other,México,Monterrey,Approved,00,False,,0.4241838,-0.3458004
TRX-Z6068FPGWNO29MWTKTZY,2026-05-28 01:11:04,2026-05-27,PRD-20UIGPJY2HLX,CLI-X362P32N9AJ5,Purchase,Entertainment,1736518.72,COP,434.13,POS,,Cine Premium,Entertainment,Argentina,Mendoza,Declined,51,False,28.7,,
TRX-J5LP5E7F0F8Y8L31UT7G,2026-05-27 06:51:04,2026-05-27,PRD-421GYOOCDURL,CLI-02VJCCQAKDDU,Transfer,,7228.25,USD,,POS,,,,México,Querétaro,Approved,00,False,2.04,,
TRX-5D5XNVEA03FV4B448R70,2026-05-27 10:37:06,2026-05-27,PRD-VH0VCQRMGW6L,CLI-F2UWNWRAA28S,Purchase,Health,1721616.79,COP,430.4,Web,,Clínica Médica,Health,Colombia,Barranquilla,Approved,00,False,8.85,,
TRX-5EWAKIKWZ2OPJ2NC428U,2026-05-27 15:11:40,2026-05-27,PRD-UUB2EYVQKKPV,CLI-I5ZGNJKKDPKJ,Payment,Other,674091.02,ARS,1925.97,POS,,,,Argentina,Buenos Aires,Pending,54,False,6.72,,
TRX-5HINHYRXU2T41NUXNDWS,2026-05-27 20:01:01,2026-05-27,PRD-ZHUY8KUT7RVH,CLI-LTJK6EEX7UN7,Purchase,Other,1001342.46,COP,250.34,Transfer,,Centro Comercial,Other,Colombia,Bogotá,Approved,00,False,10.46,,
TRX-2O11XYWS6WT4WMRKSU5G,2026-05-28 05:39:42,2026-05-27,PRD-Z0303F4O4E92,CLI-IYUM4FBH9D5F,Adjustment,,504.98,USD,,App,,,,Colombia,Barranquilla,Approved,00,False,4.92,,
TRX-GJRCBJLKHG8KV4MD13J8,2026-05-27 18:05:54,2026-05-27,PRD-ONSZXZMP643X,CLI-72079NFGV9RJ,Withdrawal,,1871226.19,COP,467.81,Web,,,,Argentina,Buenos Aires,Approved,00,False,20.76,,
TRX-3E3I7O2B0ULTASFFIHJB,2026-05-27 18:27:21,2026-05-27,PRD-WYIOXFRPI2CE,CLI-O9U6H0YFQFX2,Purchase,Other,109522.79,ARS,312.92,POS,,Tienda General,Other,Argentina,Rosario,Approved,00,False,3.66,-33.9031172,-59.3656141
TRX-E9E77QKDB1A72WLNM6QP,2026-05-28 01:38:31,2026-05-27,PRD-PX3YKNHVIOYL,CLI-WWAQUFBI21NZ,Deposit,,2586984.0,COP,646.75,Web,,,,Colombia,Cartagena,Approved,00,False,23.51,,
TRX-8JLJC6BQW5KQZQ27DURK,2026-05-27 07:42:04,2026-05-27,PRD-JTD8ZPB82FGN,CLI-JPQNXZURVNA7,Transfer,,1702.5,USD,,POS,,,,México,Querétaro,Approved,00,False,,,-0.4524969
TRX-8CTJL2SJ93ZUAUR55PW6,2026-05-27 14:35:17,2026-05-27,PRD-X24A746RWEZ8,CLI-JIUD623W3NK2,Withdrawal,,994172.79,COP,248.54,POS,,,,Colombia,Cali,Approved,00,False,26.61,,
TRX-IGLDANFYUKDN3U0RQXFE,2026-05-27 22:33:30,2026-05-27,PRD-FQ41DV4EXLT5,CLI-RJW5SZ1ML4UY,Transfer,,7953.68,USD,,ATM,SUC-IC4I9JS9,,,México,Monterrey,Approved,00,False,2.95,,
TRX-UQGU6FC0GL6AOLQFQR2D,2026-05-27 08:53:32,2026-05-27,PRD-LP7AHSDEUJSZ,CLI-A7U70XIU79NX,Purchase,Transport,293.93,USD,,ATM,SUC-4B1UVBW3,,Transport,Colombia,,Approved,,False,,,
TRX-8JM6CHJ0Z83LL3DMJ298,2026-05-27 21:23:03,2026-05-27,PRD-0JPYG9VKG44T,CLI-ZD5VY92IA3S2,Withdrawal,,239.45,USD,,POS,,,,México,Tijuana,Approved,00,False,28.77,,
TRX-01590258QPBLWZAF3JWF,2026-05-27 09:10:56,2026-05-27,PRD-XYUE4XVUSXQX,CLI-DJSZ4ACHH6E3,Transfer,,3766.56,USD,,ATM,SUC-OW1SAD5J,,,México,Querétaro,Approved,00,False,20.58,,
TRX-8LGFOSVFZC19D5HDHFU3,2026-05-27 15:58:30,2026-05-27,PRD-WXNSUERIVE5C,CLI-HTYZSK9SMXV5,Transfer,,467.23,USD,,App,,,,México,,Approved,00,False,3.3,,
TRX-H24VWV43CZX0TE2DOGLE,2026-05-27 17:14:08,2026-05-27,PRD-IZKRVS6WN9VC,CLI-9R102BV48AGI,Payment,Transport,6636857.19,COP,1659.21,ATM,SUC-H9U13579,,,Colombia,Cartagena,Approved,00,False,,,
TRX-I8ULU4KW8YD454J2FJ4L,2026-05-27 23:24:50,2026-05-27,PRD-E6VQYKVLCC9I,CLI-TNN40KYRUW8G,Withdrawal,,334.23,USD,,ATM,SUC-8GXP9TIM,,,México,Ciudad de México,Approved,00,False,21.02,,
TRX-9HA5C7A1D8IAXLQOGZQR,2026-05-27 09:51:34,2026-05-27,PRD-V5DBLUICUQXR,CLI-3ZRKU4WL773V,Transfer,,9690.15,USD,,ATM,SUC-5FDGLKJX,,,México,Ciudad de México,Approved,00,False,,,
TRX-89D3FPXBU4GNMN9QFX8N,2026-05-27 08:28:01,2026-05-27,PRD-DCSGQ8EX6FB6,CLI-YLG91CRRHRWQ,Payment,Other,3246339.19,COP,811.58,POS,,,,Colombia,Medellín,Approved,00,False,21.23,,
TRX-ZIRH00EDDL7DEY0Z2DYZ,2026-05-27 12:17:28,2026-05-27,PRD-H1K11LJT2JKM,CLI-Q282UM6IDP2F,Purchase,Services,60917.85,ARS,174.05,Web,,Empresa Telefónica,Services,Argentina,Mendoza,Approved,00,False,26.4,,
TRX-ACS1ECFI6ZIBFJEQ9VOZ,2026-05-27 22:46:16,2026-05-27,PRD-P4FQ2ZMH5IAM,CLI-2PGNUM79UZKO,Adjustment,,306486.67,COP,76.62,ATM,SUC-HQWDAM56,,,Colombia,Bogotá,Approved,00,False,9.72,,
TRX-58GNARVELIOSI1PTHWCT,2026-05-27 13:27:06,2026-05-27,PRD-T68SCKWD8076,CLI-DHRA80G5DEFH,Purchase,,1165922.48,COP,291.48,ATM,SUC-UNXOS8JB,Super Ahorro,Food,Colombia,Cali,Approved,00,False,,,
TRX-GY17YNV7FYOJXK4W41B4,2026-05-27 19:42:51,2026-05-27,PRD-EPYU5C271WJO,CLI-08U7DPWB6CD9,Payment,Services,1408.65,USD,,ATM,SUC-DH7PDUA6,,,Colombia,Cartagena,Approved,00,False,28.28,,
TRX-2EV0NJFM1UJZ4S6S8CYV,2026-05-27 19:04:20,2026-05-27,PRD-P4TWHRKFT2Y8,CLI-VRI1PG4N7XU2,Transfer,,27529753.01,COP,6882.44,Web,,,,Colombia,Cali,Approved,00,False,22.58,,
TRX-AGE1BMSQYGHUL3GT264Z,2026-05-28 04:25:07,2026-05-27,PRD-VHQSVNDAFXF5,CLI-QWPNWB18AEKL,Purchase,Other,1739572.22,COP,434.89,POS,,Tienda General,Other,Colombia,Medellín,Approved,00,False,,,
TRX-PX8LLT6M7ZMAIF259HKI,2026-05-27 17:11:42,2026-05-27,PRD-D4TOD39V735Q,CLI-INR97SWGK2L9,Purchase,Services,125037.01,ARS,357.25,POS,,Cable TV,Services,Argentina,Rosario,Approved,00,False,20.39,,
TRX-SH6QYYLP6MMTSMKTAGU2,2026-05-27 16:22:26,2026-05-27,PRD-FZ7RTZ5ZJNC9,CLI-18HWETVYA8TL,Transfer,,1592.5,USD,,POS,,,,México,Monterrey,Approved,,False,5.03,,
TRX-IJ763CMYV61SEA5Y70NO,2026-05-28 00:47:44,2026-05-27,PRD-YTTAH2ZRYNR0,CLI-CHODG1PT53X0,Purchase,,360.07,USD,,ATM,SUC-S3V4CSL0,Estación de Servicio,Transport,México,Querétaro,Approved,00,False,22.47,-0.8581811,-0.8581001
TRX-ED40J7SC1HYC6QPJP0OC,2026-05-28 03:52:03,2026-05-27,PRD-FXPZIHI9IY3B,CLI-R4CN3GC6IUYB,Deposit,,1263138.87,ARS,3608.97,ATM,SUC-5S93Z8YS,,,Argentina,Rosario,Approved,00,False,15.81,,-59.0615003
TRX-QOWVUI5WCN7XBYN9KLT8,2026-05-27 17:05:05,2026-05-27,PRD-PICU5RJ7L9G9,CLI-SFBNEKV44PTD,Payment,Entertainment,204.68,USD,,POS,,,,México,Puebla,Approved,00,False,22.94,,
TRX-CG2TE2XO3WW1O1LXA7KY,2026-05-28 04:05:25,2026-05-27,PRD-NWHKAQBFYZ5W,CLI-5A5VP7XPF010,Purchase,Health,306.17,USD,,Web,,Laboratorio Central,Health,México,Querétaro,Declined,51,False,20.15,,
TRX-3EHJ49W7R9U2Q47YF3AA,2026-05-28 01:11:02,2026-05-27,PRD-YD5UPOQFPXZM,CLI-RCFQW8O4K2GE,Purchase,Other,192.1,USD,,ATM,SUC-ADIYTS49,Ferretería,Other,México,Tijuana,Approved,00,False,4.94,,
TRX-HZUAEJR29A438MG219EY,2026-05-28 04:31:18,2026-05-27,PRD-KMXLHT0YK28Y,CLI-B9DIUWBCE8NP,Payment,Services,1674.58,USD,,ATM,SUC-57LRN6RH,,,México,Guadalajara,Approved,00,False,0.42,,
TRX-XCLYBFR1IPKJ8FDOXNHP,2026-05-27 10:42:53,2026-05-27,PRD-MOBYIXYXKBF2,CLI-7U2KFJ2GTOWB,Transfer,,18329391.49,COP,4582.35,POS,,,,Colombia,,Approved,00,False,9.69,,
TRX-9MXPJYECLAEYA4IC2BXN,2026-05-27 09:22:51,2026-05-27,PRD-1AFLA1R0QXGH,CLI-NHMUFKSO1GNE,Withdrawal,,758346.39,COP,189.59,POS,,,,USA,,Approved,00,False,,,
TRX-PI5VG7B0ERRI75UP41O4,2026-05-27 16:57:10,2026-05-27,PRD-IEHUZW4V2HAA,CLI-UJZPZJNRMRE1,Purchase,Transport,421.11,USD,,POS,,Gasolinera Express,Transport,México,Guadalajara,Approved,00,False,19.69,,
TRX-SLVQ1IJO9THPJHVX9KBL,2026-05-27 06:08:08,2026-05-27,PRD-ASIX5HHXDQ7L,CLI-1PYIO454G04L,Adjustment,,120601.16,COP,30.15,Web,,,,Brazil,Salvador,Approved,00,False,14.19,,
TRX-26Z6PJ0IQ9D113AFJTWA,2026-05-27 15:10:13,2026-05-27,PRD-28WQSC6S54KX,CLI-H97ZOYPCSE85,Purchase,,143.43,USD,,ATM,SUC-H2ROE7C8,Cine Premium,Entertainment,Colombia,Barranquilla,Declined,54,False,,,
TRX-3J7UWI3WATKSUARIRI7P,2026-05-27 08:40:22,2026-05-27,PRD-HHPOK25FN6G4,CLI-7GZ66WOMXM12,Withdrawal,,103.88,USD,,App,,,,México,Ciudad de México,Approved,00,False,13.32,,
TRX-4XEQMM40RQRHMY18NK3N,2026-05-27 14:47:06,2026-05-27,PRD-NLFM20MNV30P,CLI-OWTKZT50J9K8,Purchase,Transport,365.18,USD,,POS,,Taxi Seguro,Transport,México,Monterrey,Declined,54,False,7.13,,
TRX-1QW19XOPVIIRSMW1W77Y,2026-05-27 19:41:03,2026-05-27,PRD-I8W0LK0J4F64,CLI-RIUHK1JQI2BD,Transfer,,2087.72,USD,,ATM,SUC-74OJEV5Z,,,México,Guadalajara,Approved,00,False,5.91,,
TRX-IVPKZVFIJ2KXZ4ZDJJ1M,2026-05-28 05:01:18,2026-05-27,PRD-N9TDM9HA4DAM,CLI-LWOQBGWULW2I,Purchase,Other,241.43,USD,,POS,,Centro Comercial,,México,Puebla,Approved,00,False,2.42,,
TRX-97NEJ85J1RMKEPKQVPIJ,2026-05-28 02:55:25,2026-05-27,PRD-MUJM99LLQPWF,CLI-84Y3B4V7VY3G,Deposit,,1734177.73,ARS,4954.79,Branch,SUC-7EJG5XUH,,,Argentina,Mendoza,Approved,00,False,6.58,-34.0288161,-58.0756503
TRX-DWNT2XDEBI27DSFWLAVL,2026-05-27 11:28:11,2026-05-27,PRD-0OQP3O2QIAAR,CLI-V41KS16LBIUY,Withdrawal,,1445220.92,COP,361.31,App,,,,Colombia,Cartagena,Approved,00,False,15.21,,
TRX-BFL6V7AI1AQGPRL6Q4QZ,2026-05-27 20:53:07,2026-05-27,PRD-9D6VYO4QPH6W,CLI-9IZDP4T6S29F,Purchase,Food,333.81,USD,,ATM,SUC-1TATGCL8,Tienda Don José,Food,México,Monterrey,Approved,00,False,3.76,,
TRX-YMT1WIBPRMPARH78FJIS,2026-05-27 20:34:31,2026-05-27,PRD-YOBXKBAO3MEG,CLI-30OPVDE9HVZF,Purchase,Other,153.15,USD,,ATM,SUC-IW55XIEY,Tienda General,Other,México,Puebla,Approved,00,False,29.35,,
TRX-QCGJRMYGBKN00HXHHO9U,2026-05-27 16:42:10,2026-05-27,PRD-Q9MXLMNUR9RC,CLI-PE7ZI1O7HUN8,Purchase,Other,403.89,USD,,ATM,SUC-GV2TU3NJ,Tienda General,Other,México,Guadalajara,Approved,00,False,3.03,,
TRX-U4WS1GZJD6GAZ22QW2K7,2026-05-27 09:29:00,2026-05-27,PRD-E2KKJENV4F3U,CLI-S0GN1S7CV689,Transfer,,6042.11,USD,,App,,,,México,Monterrey,Approved,00,False,8.14,,
TRX-FBO7LWATJIQQTJFCH471,2026-05-27 10:21:45,2026-05-27,PRD-COA0TJ6RDBH0,CLI-ECLY417EDFB4,Transfer,,3656.69,USD,,POS,,,,Mexico,Monterrey,Approved,00,False,11.62,,
TRX-RJR6UMR9Z7AJFDH2AQCH,2026-05-27 13:23:11,2026-05-27,PRD-YLOZ88SJMOWN,CLI-P0CSAA5B8JO9,Withdrawal,,480.74,USD,,Web,,,,México,Querétaro,Approved,00,False,,,
TRX-6SJTAFGXV6QWHTILOVK7,2026-05-27 06:23:57,2026-05-27,PRD-WM7X3OYNDNSP,CLI-C4GUJZWTLNSP,Transfer,,17296481.42,COP,4324.12,POS,,,,Colombia,Medellín,Approved,00,False,0.62,,
TRX-9OB74HS4HKZBSBUX99L1,2026-05-27 16:11:46,2026-05-27,PRD-6X3N0COFXV1P,CLI-YBCNW01J144J,Purchase,Health,545860.51,COP,136.47,POS,,,Health,Colombia,Medellín,Approved,00,False,,,
TRX-XC08I86XSD1MRGA8IC68,2026-05-28 00:39:55,2026-05-27,PRD-65FSU9IFG0ZE,CLI-C8142KM33OKK,Deposit,,206977.48,COP,51.74,ATM,SUC-H4WPLB7O,,,Spain,Sevilla,Approved,,False,18.14,,
TRX-AFC8VGO7I3EFY9HU17GU,2026-05-27 10:58:42,2026-05-27,PRD-HN4UN8S9630F,CLI-EWGW4KUQ7PHZ,Transfer,,31703743.02,COP,7925.94,ATM,SUC-JA4P9IIP,,,Colombia,Cartagena,Approved,00,False,27.31,,
TRX-LAYP8MZ05RMNHM9FDH9D,2026-05-27 22:47:27,2026-05-27,PRD-VA4N6WOO748F,CLI-G1P5BE4HOO8X,Purchase,,128131.0,ARS,,Web,,Mercado Central,Food,Mexico,Puebla,Approved,00,False,22.9,,
TRX-3EI3XIQP2HLK2HW3OCBF,2026-05-28 01:25:32,2026-05-27,PRD-L08X44Q8RLUJ,CLI-7L12SCZ12Y23,Transfer,,365111.39,ARS,1043.18,POS,,,,Argentina,Córdoba,Declined,54,False,20.05,,
TRX-AYE9AOYX70AG9813LMA6,2026-05-27 22:40:27,2026-05-27,PRD-RWPBN3SC2PUV,CLI-AS8K3414VZBN,Purchase,Services,186.43,USD,,POS,,Empresa Telefónica,Services,México,Guadalajara,Approved,00,False,14.95,,
TRX-96FPD0L2XYUC87T4BU9X,2026-05-27 16:57:18,2026-05-27,PRD-X1KU9ADELEIG,CLI-CB9PGFPNNRWW,Payment,Transport,677753.14,ARS,1936.44,POS,,,,Argentina,,Approved,00,False,7.78,,
TRX-O46Q1FQD5HDEMN5QKDNI,2026-05-27 18:19:16,2026-05-27,PRD-WKY39ZOBYWRC,CLI-OHIPXSS7Z7EQ,Withdrawal,,698869.0,COP,174.72,Web,,,,Colombia,Cali,Declined,05,False,,,
TRX-6DYGEMFKU45BPE6KCDLV,2026-05-27 09:48:17,2026-05-27,PRD-6GM1X38NLPAY,CLI-Z3LQUHFCDYC3,Deposit,,1694.97,USD,,App,,,,México,Guadalajara,Declined,14,False,23.86,,
TRX-N6I5PC6SWKVIQ7TKR10O,2026-05-27 08:27:32,2026-05-27,PRD-NDZEHE0I7PUZ,CLI-ZH2V1F1P44MP,Transfer,,120.76,USD,,App,,,,México,Monterrey,Approved,00,False,,,
TRX-UEHR7Z25K6AE9F9DBG2T,2026-05-27 12:25:08,2026-05-27,PRD-XXOZ544FXNFS,CLI-89MIGBTYA8JD,Payment,Other,411110.05,ARS,1174.6,POS,,,,Argentina,Mendoza,Approved,00,False,18.41,,
TRX-Q66UIDJ60O2407N7S62N,2026-05-27 12:09:33,2026-05-27,PRD-HZ6JS0IRKZB5,CLI-PYFLB2YMP46Y,Purchase,Services,414.67,USD,,Web,,Empresa Telefónica,Services,México,Tijuana,Approved,00,False,8.53,,
TRX-OC67T7BJNC93DIUYGSH6,2026-05-27 11:02:30,2026-05-27,PRD-WB2IJ41I2FDH,CLI-95QH3RN8YH36,Withdrawal,,21.24,USD,,Web,,,,México,Puebla,Approved,00,False,10.6,,
TRX-YPGHWIUOGKVELWE4O229,2026-05-27 20:24:44,2026-05-27,PRD-JB2GHSXCU0S7,CLI-4P347E2X3P48,Deposit,,1359151.17,ARS,3883.29,POS,,,,Argentina,Córdoba,Approved,00,False,2.43,,
TRX-BSC0V811G5WPEOI1AQEM,2026-05-27 11:49:17,2026-05-27,PRD-F7BQSVGFAT0B,CLI-YVMXO4NDOMMF,Transfer,,4690755.16,COP,1172.69,Web,,,,Colombia,Barranquilla,Approved,00,False,16.78,,
TRX-5AOEAZRLM00FRO93JORS,2026-05-27 13:53:01,2026-05-27,PRD-BL3H9QQHYBLE,CLI-AI1RT8AP942C,Purchase,Food,229.71,USD,,Transfer,,Tienda Don José,,México,Tijuana,Approved,00,False,19.11,,
TRX-LTZ4A6HBNL2AGHKBCVTG,2026-05-27 11:43:24,2026-05-27,PRD-JC94O91ZRKU1,CLI-LHCD0K7BMB7K,Payment,Health,1105.49,USD,,ATM,SUC-JRR5Z8WK,,,México,Tijuana,Approved,00,False,,,
TRX-I2VPF6SXGXTG7H8D9PD8,2026-05-27 11:22:22,2026-05-27,PRD-Y9KHFOJXJAXU,CLI-MF7JWJ6T7ZH4,Withdrawal,,377.34,USD,,App,,,,México,Guadalajara,Approved,00,False,11.82,,
TRX-CVIDVMRL2JMUX9KVVQN4,2026-05-27 20:06:11,2026-05-27,PRD-5CI6S6YNMUNS,CLI-6BFQUB2UOBAK,Deposit,,3305.91,USD,,ATM,SUC-RF3372LI,,,México,Guadalajara,Approved,00,False,21.04,,
TRX-ZI9UP7RAG4E1FBQ7H4ZD,2026-05-27 14:50:14,2026-05-27,PRD-4UKKUV5TLBT4,CLI-IRYMHKG9Z4EP,Adjustment,,13.61,USD,,Web,,,,Brazil,Rio de Janeiro,Approved,,False,7.19,,
TRX-H8BQJF9168Q2602BWY80,2026-05-27 07:05:31,2026-05-27,PRD-WHI8L8ROQGKP,CLI-H8W96XH6JIPW,Transfer,,1653.66,USD,,Web,,,,México,Tijuana,Approved,00,False,21.27,,
TRX-NTNC3HGS5IO72Z9XPKQV,2026-05-27 06:02:48,2026-05-27,PRD-0FDGV6YU4NLF,CLI-NUFJIR6D39CI,Deposit,,17281985.7,COP,4320.5,ATM,SUC-85YWBJ74,,,Colombia,Barranquilla,Approved,00,False,26.5,4.8031725,-73.496123
TRX-2AGJ5FELCW83CP0LYUUV,2026-05-27 11:39:49,2026-05-27,PRD-G19RPBUFU2JH,CLI-7YE9Z3SNVVV9,Withdrawal,,31223.22,ARS,89.21,POS,,,,Argentina,Córdoba,Approved,00,False,0.09,,
TRX-6G4KX6RDBEAGNG3YR0SP,2026-05-27 18:07:22,2026-05-27,PRD-3W1PB529VLU8,CLI-KDD1WHIZZODT,Payment,Transport,4792073.84,COP,1198.02,Web,,,,Colombia,Cartagena,Approved,00,False,17.33,,
TRX-63V54YTM43HG82A3UTQX,2026-05-28 01:33:22,2026-05-27,PRD-T8YAN9Z23X0S,CLI-K6HJ4TYGENJ6,Adjustment,,522.53,USD,,ATM,SUC-S49Q0IRI,,,México,Ciudad de México,Approved,00,False,29.74,,
TRX-CNYF71MPUHUPFVF3TCF4,2026-05-28 03:45:25,2026-05-27,PRD-YKI0QMK0VU2B,CLI-HBW3WBHTG6KX,Adjustment,,1682733.81,COP,,ATM,SUC-C93NERQQ,,,Colombia,Bogotá,Approved,00,False,0.92,,
TRX-JIP8RXMNCFNUGNOW5A9G,2026-05-27 16:49:41,2026-05-27,PRD-PRJ1L20XM9LV,CLI-EM9I9E1CVICY,Withdrawal,,163270.25,ARS,466.49,Web,,,,Argentina,Buenos Aires,Approved,00,False,2.49,,
TRX-U6BQYI1QS3W7BNLYB4S8,2026-05-27 13:03:01,2026-05-27,PRD-LK77LHYOPP1D,CLI-EWV5B07V56MQ,Purchase,Health,448.64,USD,,Transfer,,Clínica Médica,Health,Argentina,Mendoza,Approved,00,False,29.14,,
TRX-3RMZJ2UAUDOYASMKX27R,2026-05-27 07:15:20,2026-05-27,PRD-7WW9YDRECHKV,CLI-U7KJ3KP849C4,Deposit,,9131995.38,COP,2283.0,App,,,,Colombia,Barranquilla,Pending,51,False,,,
TRX-E4FEQ2TKS2KH6ONB6UVP,2026-05-27 16:32:19,2026-05-27,PRD-CQ1EQISI3VGO,CLI-XLZD7C9UL718,Deposit,,1020659.0,COP,255.16,ATM,SUC-EMGR60PV,,,Colombia,Cali,Approved,00,False,16.99,,
TRX-4UJLODEU9A7NAFW8PUJR,2026-05-28 01:07:08,2026-05-27,PRD-DQ2BITL8TDRS,CLI-3MLEZNLUI82W,Transfer,,8423.14,USD,,Branch,SUC-XUG645G9,,,México,,Approved,00,False,23.88,,
TRX-N73ORF9E83N09X8SPX9W,2026-05-27 22:44:28,2026-05-27,PRD-NC78FN3D8YBS,CLI-6K0D4QTWJDJD,Withdrawal,,327.61,USD,,Transfer,,,,México,Puebla,Approved,00,False,4.83,,
TRX-4YF1NUHJ1TEDF6MWLCA0,2026-05-27 17:30:03,2026-05-27,PRD-23P7XMZ9JV5F,CLI-J0KL19MHYAKX,Purchase,Entertainment,1872734.46,COP,468.18,POS,,Streaming Music,Entertainment,Colombia,Barranquilla,Approved,00,False,,,
TRX-G1M6ES62FD545PIVXQ1U,2026-05-28 03:22:51,2026-05-27,PRD-3H29PC1XDKPY,CLI-VQL2F4EI6BN9,Purchase,Food,1843529.49,COP,460.88,Web,,Super Ahorro,Food,Colombia,Cali,Approved,00,False,,,
TRX-P996AVY4I517M029X3TJ,2026-05-28 02:46:54,2026-05-27,PRD-ZD1X0NYJJY85,CLI-72549KIQ074D,Purchase,Health,491.11,USD,,POS,,Óptica Visión,Health,México,Monterrey,Approved,00,False,14.69,,
TRX-SHHTHGXC9OSKMSCBGLO2,2026-05-28 03:16:45,2026-05-27,PRD-KMPINTI0TV58,CLI-E9CVFB2851P1,Purchase,Transport,131760.61,ARS,376.46,POS,,Gasolinera Express,Transport,Argentina,Córdoba,Declined,05,False,1.36,,
TRX-P01IUXUL68L1JCHPUCWF,2026-05-28 05:02:34,2026-05-27,PRD-55T4V67FB267,CLI-SJIO0NMQYU65,Withdrawal,,465.99,USD,,POS,,,,Colombia,Barranquilla,Approved,00,False,,,
TRX-5IHK94VPV7JOS0E1FF11,2026-05-27 19:57:41,2026-05-27,PRD-R27SHF1G5RO5,CLI-TTYG43KLJR61,Transfer,,4175.52,USD,,Web,,,,Colombia,Barranquilla,Approved,00,False,15.61,,
TRX-EQMBXE7IJ49QAVB57HM1,2026-05-27 09:13:43,2026-05-27,PRD-I95REZM1JNJ9,CLI-JQZBB8T2M4CD,Payment,Food,6247814.12,COP,,Web,,,,Colombia,Barranquilla,Approved,00,False,,,
TRX-NO7QBK3OPE82ZT9MRFE4,2026-05-27 12:06:28,2026-05-27,PRD-LI2FFAG1EMI0,CLI-4RESGE31U95O,Withdrawal,,819264.39,COP,204.82,ATM,SUC-85YWBJ74,,,Colombia,Bogotá,Approved,00,False,,,
TRX-V53X0R50WLRVQU08I1M4,2026-05-27 20:50:43,2026-05-27,PRD-Z8C7TJBK2TYM,CLI-90RX1ODRL0PX,Purchase,,172610.0,ARS,493.17,POS,,Empresa Telefónica,Services,Argentina,Rosario,Approved,00,False,,-35.4655117,-58.8602263
TRX-Z5XP9Y34G9YY6IM23RVT,2026-05-27 17:46:52,2026-05-27,PRD-ZFMHIE55XZYQ,CLI-O8V27DXF9GJE,Purchase,Other,419.83,USD,,Web,,Centro Comercial,Other,México,Guadalajara,Approved,00,False,20.97,,
TRX-91SM2JI5YGIA78AOG24R,2026-05-27 13:58:36,2026-05-27,PRD-T50JIH0DHHLS,CLI-8A2PSHH8YVIN,Payment,Other,100.83,USD,,POS,,,,México,Querétaro,Approved,00,False,,,
TRX-A3K0WMICBJ2BNLMBBFLQ,2026-05-28 02:53:42,2026-05-27,PRD-K1UZC0QDV1K2,CLI-93AHZMNVN0W3,Purchase,Other,462.16,USD,,POS,,Ferretería,Other,México,Tijuana,Declined,,False,28.09,,
TRX-RE8P0T04XAXVZ3X4LOI4,2026-05-28 04:52:43,2026-05-27,PRD-EH4MOPV50PZ3,CLI-MYQL4YEANCOM,Payment,Services,6896771.27,COP,1724.19,App,,,,Colombia,,Approved,00,False,4.64,,
TRX-XGJ5DWCJN1YNIK6FNQ8X,2026-05-27 16:05:24,2026-05-27,PRD-BMED6PK54VNI,CLI-VJI1PI0E6WPN,Transfer,,7471069.7,COP,1867.77,ATM,SUC-H2ROE7C8,,,Colombia,Barranquilla,Approved,00,False,6.94,,
TRX-VFTOBBXYW0X85GONR394,2026-05-27 14:46:38,2026-05-27,PRD-236EH3SV25RM,CLI-Y0S0RGCSOKGP,Purchase,Services,341954.4,COP,85.49,POS,,Internet Plus,Services,Colombia,Barranquilla,Approved,00,False,1.53,3.8239014,-74.7702394
TRX-4V6VPXG8TZ1NEB7RIL9Y,2026-05-27 13:48:48,2026-05-27,PRD-JLSOW4BQX3KN,CLI-SA57VV6S4KEM,Withdrawal,,417.33,USD,,ATM,SUC-SDXPHMG4,,,México,Puebla,Approved,00,False,,,
TRX-ZH3DNFPWASGLVPB24K2D,2026-05-28 00:30:01,2026-05-27,PRD-G9BJDKE8DNLP,CLI-CP51T0K3TZRK,Purchase,Other,474.86,USD,,App,,Boutique Moda,Other,Colombia,Cali,Approved,00,False,18.18,,
TRX-N7L4SNU832UESCAZ5J6I,2026-05-28 00:41:12,2026-05-27,PRD-ZNG6JT4IP34T,CLI-SZZX8ORFEZHQ,Withdrawal,,1426359.19,COP,356.59,POS,,,,Colombia,Medellín,Approved,00,False,16.54,,
TRX-14WKKSTA6W1KAOL5JRMB,2026-05-27 18:55:01,2026-05-27,PRD-PLHDL8KLUE9B,CLI-SSL4ZD9R3VKR,Transfer,,1297423.76,ARS,3706.93,ATM,SUC-7TH4CVFK,,,Argentina,Buenos Aires,Approved,00,False,10.13,,
TRX-XISBZFBZRE2UVSQZZD66,2026-05-28 00:02:05,2026-05-27,PRD-AS1O8N4O5CHV,CLI-VTVKVGRQ8WIX,Payment,Health,888.52,USD,,POS,,,,México,Puebla,Approved,00,False,20.09,,
TRX-GO7G7F2SPJANHI07DCEI,2026-05-27 06:54:08,2026-05-27,PRD-U5UU03Y7XROR,CLI-B1NSOLS66ZX1,Withdrawal,,80.21,USD,,ATM,SUC-Y18NE8GS,,,México,Guadalajara,Approved,00,False,,,
TRX-4EA5CNW6K1ICLLOEVYGW,2026-05-28 05:30:10,2026-05-27,PRD-C6I3U5KTX4IV,CLI-0GPWFLERKOW6,Transfer,,9248673.85,COP,2312.17,POS,,,,Argentina,Rosario,Approved,00,False,5.27,,
TRX-8W9KFT2FGE2YX7Y2AWFJ,2026-05-27 12:48:08,2026-05-27,PRD-R2SV2ZNQH4EY,CLI-7H7AML5RJ1HL,Payment,Entertainment,4268922.47,COP,1067.23,ATM,SUC-HO849Z2Q,,,Colombia,Barranquilla,Approved,00,False,14.5,,-73.4520159
TRX-08NK0PA6SELB787LSE93,2026-05-27 22:21:41,2026-05-27,PRD-6MQO3XWZPJ16,CLI-9R2C2YKCJSYM,Transfer,,2707.57,USD,,POS,,,,México,Ciudad de México,Approved,00,False,17.42,-0.9730388,-0.2750233
TRX-VCSXSD8HACZHTAMVL5B6,2026-05-27 15:42:41,2026-05-27,PRD-G0H5D78L8Q8A,CLI-V0IKI4ZS6PFO,Withdrawal,,68.62,USD,,POS,,,,Mexico,Puebla,Approved,00,False,0.53,,
TRX-11LQRG7RJ00XSCAHC39U,2026-05-27 08:08:59,2026-05-27,PRD-LX5ZT0NCU1IB,CLI-4MS3QM7JRM0O,Payment,Transport,215630.59,ARS,616.09,Web,,,,Argentina,Mendoza,Approved,00,False,6.21,,
TRX-TECZAO75AE1Q3G37DVZA,2026-05-27 11:53:00,2026-05-27,PRD-PEUQ0TDBBMA7,CLI-HNVTZXEHFYG0,Purchase,Entertainment,858427.64,COP,214.61,POS,,Streaming Music,Entertainment,Colombia,Cali,Approved,00,False,24.81,,
TRX-E08WKYFXOQILHGZ6PT5A,2026-05-27 21:02:11,2026-05-27,PRD-ZD5Y5ZAQLICF,CLI-3CB0FRT28LUT,Purchase,Transport,681407.56,COP,170.35,POS,,Gasolinera Express,Transport,Argentina,Buenos Aires,Approved,00,False,19.97,,
TRX-15R8RC21T0TMEIBBZ0UG,2026-05-27 06:14:02,2026-05-27,PRD-987U088TF2E9,CLI-1NWT71SMCO1Z,Payment,Health,4971664.06,COP,1242.92,App,,,,Colombia,Cartagena,Approved,00,False,12.17,,
TRX-5UML6VPPM6VANJMDXJR5,2026-05-27 08:18:07,2026-05-27,PRD-QF6SB22QFQ01,CLI-EM0D9FVFATIQ,Transfer,,3941.76,USD,,POS,,,,México,Querétaro,Approved,00,False,10.77,-0.0166036,0.5248015
TRX-BSZIKWDSJM9QZ5EBXZQA,2026-05-27 18:03:59,2026-05-27,PRD-04JG7R1FP5FI,CLI-I8U2AUM5MKUK,Purchase,Services,232.61,USD,,App,,Empresa Telefónica,Services,México,Monterrey,Approved,00,False,,,
TRX-L0N3O53T0ODETKFO4TEX,2026-05-27 20:58:19,2026-05-27,PRD-DMDD4F21YMN4,CLI-MCEHSZY7MQ2F,Transfer,,18189366.43,COP,4547.34,ATM,SUC-IV7HG0FV,,,Colombia,Bogotá,Approved,,False,7.15,,
TRX-Z2YV7XEV09SOC04C2G0J,2026-05-28 05:23:11,2026-05-27,PRD-YCYK2UCF53DG,CLI-1LYJK5Y1HJZU,Withdrawal,,147538.52,ARS,421.54,App,,,,Argentina,Córdoba,Approved,00,False,20.07,,
TRX-U8CBYC0JGD86HQ8W4HDZ,2026-05-28 03:21:31,2026-05-27,PRD-Q1DDI1WI230S,CLI-DZFFJKYED96V,Transfer,,29192415.6,COP,7298.1,ATM,SUC-E1VTXGEU,,,Colombia,,Approved,00,False,18.94,,
TRX-76Q645Y3EQBNJARJQ8XL,2026-05-27 17:08:20,2026-05-27,PRD-S10NEV9C6NPT,CLI-HP9LXGLDSFG0,Transfer,,14306995.86,COP,,POS,,,,Colombia,Cali,Approved,00,False,21.67,4.5478773,-74.8323359
TRX-EBSYZOWYRMSBQA90GOJ3,2026-05-27 22:25:25,2026-05-27,PRD-JT4Y63KRF4SQ,CLI-2LWP0JGKGTHE,Transfer,,2739415.61,ARS,7826.9,App,,,,Argentina,Córdoba,Approved,00,False,8.83,,
TRX-4XCVZ6AYMDUBZHJTKGG0,2026-05-28 04:45:17,2026-05-27,PRD-2JVIHRCX6K6J,CLI-29L8KIE2YGZH,Purchase,Entertainment,1566026.22,COP,391.51,POS,,Teatro Nacional,Entertainment,Colombia,Barranquilla,Pending,51,False,2.79,,
TRX-8HMQFHA591S5ZHJ78M2S,2026-05-27 18:47:12,2026-05-27,PRD-SCZH5N22599F,CLI-I25MZM7IGBYU,Deposit,,965.26,USD,,Web,,,,México,Tijuana,Approved,00,False,,,
TRX-3OO6C5BNZQUDG5O9HEXJ,2026-05-27 22:30:58,2026-05-27,PRD-6W1HIB30CW1V,CLI-AKGBFKQJMLS8,Deposit,,1449.47,USD,,POS,,,,México,Querétaro,Approved,00,False,5.38,,
TRX-HR7JEEDVZQJTR2V53RZB,2026-05-27 07:28:41,2026-05-27,PRD-VL37Z4E2RE9Y,CLI-3BDOBXRUFZG2,Deposit,,3166.98,USD,,ATM,SUC-T4RE29NP,,,México,,Approved,00,False,11.82,0.3356881,0.8776865
TRX-4BLUQW2XO5HGSWXBRMFM,2026-05-27 10:46:01,2026-05-27,PRD-NKBURN8IMACD,CLI-EXNOBGIOL0I0,Purchase,,111427.26,ARS,318.36,ATM,SUC-5XWR79HW,Teatro Nacional,Entertainment,Argentina,Córdoba,Approved,00,False,11.04,,
TRX-H8I1MPN6J8V7MG00TJRU,2026-05-27 12:03:06,2026-05-27,PRD-EGD9MGUAWJN9,CLI-014LNC1S8660,Adjustment,,984.12,USD,,ATM,,,,México,Guadalajara,Declined,14,False,22.11,,
TRX-V350VNX17DCNS9E5RWAL,2026-05-28 05:26:03,2026-05-27,PRD-3KX4YQX0O2TJ,CLI-3GT6XYPWBYFL,Payment,Services,5232862.74,COP,1308.22,ATM,SUC-U7NNFMS6,,,Colombia,Barranquilla,Approved,00,False,2.93,,
TRX-DLL0ASR7AJ3UC2GJ48JJ,2026-05-27 15:35:02,2026-05-27,PRD-4259CMFB0R7E,CLI-EDAAHB5CO1KO,Purchase,Entertainment,1073418.19,COP,268.35,POS,,Cine Premium,,Colombia,Barranquilla,Approved,00,False,14.55,5.3029812,-73.7113848
TRX-DBC4BD30WFU0QI3T0FDX,2026-05-27 22:29:03,2026-05-27,PRD-84S0WGLCSSJZ,CLI-Y0168K9PQJT5,Payment,Food,119419.55,ARS,341.2,App,,,,Argentina,Rosario,Approved,,False,23.93,,
TRX-UL09QVCL0HZFJ5J1EB0Y,2026-05-27 06:28:27,2026-05-27,PRD-2YZCUHR24UKJ,CLI-708AE0FK8XS3,Deposit,,1126927.52,COP,281.73,POS,,,,Colombia,Cartagena,Approved,00,False,22.48,,
TRX-8YJY3A9VRO7QVNM6HNI4,2026-05-27 22:23:38,2026-05-27,PRD-TWQHBW8410EZ,CLI-ZRQSEHMB0H0K,Purchase,Services,148.33,USD,,POS,,Cable TV,Services,México,,Approved,00,False,,,
TRX-05E6H3MYI3NCWZR67KUC,2026-05-27 19:28:50,2026-05-27,PRD-CX9OCUDL28UW,CLI-XMSFIG1W46UA,Transfer,,12156970.8,COP,3039.24,Web,,,,Spain,Madrid,Declined,14,False,5.02,,
TRX-M9SHOE0M5MEM7GAC07GP,2026-05-27 20:44:47,2026-05-27,PRD-TOUK884H7COX,CLI-KS5KUSYUBSMP,Deposit,,14070716.38,COP,3517.68,ATM,SUC-WH83BE50,,,Colombia,Medellín,Approved,00,False,4.65,3.758489,-74.3350171
TRX-6USZIIM3KINZ3BZM5GTU,2026-05-27 20:10:27,2026-05-27,PRD-35KNZ3C2BB61,CLI-L85XAC2MPUIF,Payment,Services,1217.18,USD,,POS,,,,México,,Approved,00,False,,,
TRX-69OM5DHJ5U98G4K20W46,2026-05-27 21:39:37,2026-05-27,PRD-VGRG2CB9DUZB,CLI-ADL9Y27KJ54D,Purchase,Other,70.77,USD,,App,,Centro Comercial,Other,Colombia,Medellín,Approved,00,False,17.64,,
TRX-QL32D3EPT9L8U9ZJ9E11,2026-05-27 23:00:13,2026-05-27,PRD-0WDUDJPGM8BW,CLI-DBL3Z5K3C9G9,Withdrawal,,218.67,USD,,ATM,SUC-QVGF07AP,,,México,Ciudad de México,Approved,00,False,27.34,,-0.195294
TRX-OHFC8DW892PEI92Y4LQI,2026-05-28 01:05:32,2026-05-27,PRD-O1PAXPANS9MA,CLI-PDC8Z6PXIRTY,Transfer,,7216.89,USD,,POS,,,,Colombia,Cali,Declined,54,False,,,
TRX-7OLPFS83UA6JS5UIOJRK,2026-05-28 02:26:18,2026-05-27,PRD-W095Y1171I41,CLI-U97SMKNYISGZ,Transfer,,2278.26,USD,,Branch,SUC-1PSI5W5X,,,México,Guadalajara,Approved,00,False,23.23,,
TRX-6AU024WIQ452LX1KB1X1,2026-05-27 18:50:24,2026-05-27,PRD-536PO5K9IKPT,CLI-HBWKILYP7QZ1,Deposit,,1632379.71,ARS,4663.94,POS,,,,Argentina,Buenos Aires,Approved,00,False,2.56,-34.7068994,-59.2905379
TRX-EOXUKSR5CQ9SBMJGCA91,2026-05-27 16:52:33,2026-05-27,PRD-E4036P9QFJYV,CLI-UVX6DL10UT89,Withdrawal,,36.99,USD,,App,,,,México,Tijuana,Approved,00,False,,,
TRX-O44ME61VDDN3DP9T7R1J,2026-05-27 18:27:20,2026-05-27,PRD-CPP545FQC5A2,CLI-D10F52UQOWWZ,Withdrawal,,198739.41,COP,49.68,ATM,,,,Colombia,Cartagena,Approved,00,False,,,
TRX-AEJG4JLFCV5S186BU5CN,2026-05-27 13:55:22,2026-05-27,PRD-RS79KRC82YKN,CLI-G9H9UKQZ2U8I,Deposit,,1487.18,USD,,Transfer,,,,México,Puebla,Approved,00,False,1.05,,
TRX-VRY4BS1QQ421FPJOVH0R,2026-05-28 00:04:08,2026-05-27,PRD-H79JHTQC1R6J,CLI-02C7TXAEGKS5,Purchase,Services,134312.19,ARS,383.75,ATM,SUC-4JYR8GOV,Servicios Públicos,Services,Argentina,Buenos Aires,Approved,00,False,26.7,,
TRX-VQZVYV3QLVG817QCX89L,2026-05-27 23:19:46,2026-05-27,PRD-L9RPTTUFUELR,CLI-4LETK7202KGZ,Purchase,,156845.08,ARS,448.13,App,,Gasolinera Express,Transport,Argentina,La Plata,Approved,00,False,8.87,,
TRX-TXRTHTBY9I8B64ACD3D5,2026-05-27 07:12:43,2026-05-27,PRD-VAD97X228N8Z,CLI-K91BE8YCF8FK,Deposit,,4522.57,USD,,App,,,,México,Tijuana,Approved,00,False,13.94,,
TRX-WCLM2DTVZJI1645TPV86,2026-05-28 00:43:28,2026-05-27,PRD-XBNB1V7021ET,CLI-UZ5PEIZD1HXY,Payment,Food,437862.74,ARS,1251.04,Web,,,,Argentina,Mendoza,Approved,00,False,14.29,,
TRX-WL74KODRRT1ERA7UY5V7,2026-05-27 06:36:36,2026-05-27,PRD-ASAAZEZLNRGZ,CLI-I5AX9P64BXIR,Purchase,,134.16,USD,,App,,Ferretería,Other,México,,Approved,00,False,26.41,,
TRX-NFUOLBBJTLOE4E8V7KFA,2026-05-27 17:11:35,2026-05-27,PRD-HWZUBG64895X,CLI-N3ZCK0E2AKH1,Withdrawal,,167074.85,ARS,,POS,,,,Argentina,Mendoza,Approved,00,False,,-34.3333196,-57.8028078
TRX-NYFG2ELWE2OGPK0O28P5,2026-05-28 02:44:08,2026-05-27,PRD-OU3INTM70GXG,CLI-5U6VS5LBEOE1,Deposit,,1231628.29,COP,307.91,POS,,,,Colombia,Medellín,Approved,00,False,20.64,,
TRX-CNZIR1EBKXYK13C421QX,2026-05-27 15:51:09,2026-05-27,PRD-1005OWUYZEVN,CLI-CXGP22REFUZF,Transfer,,1621174.99,ARS,4631.93,POS,,,,Argentina,Rosario,Approved,00,False,0.18,,
TRX-XTJ8WZ5XTHR3V2HXGD0U,2026-05-27 10:21:27,2026-05-27,PRD-IJ9IDTL4IK2A,CLI-XQII15Q22Q6M,Purchase,Other,717128.7,COP,179.28,POS,,Ferretería,Other,Colombia,Medellín,Approved,00,False,12.77,,
TRX-J310PEIR9OPJQEZWONSY,2026-05-27 23:05:08,2026-05-27,PRD-YT7QVFWZ32SF,CLI-VKGMW1ZMVPGM,Withdrawal,,52569.22,ARS,150.2,ATM,SUC-PJ3BSV1X,,,Argentina,La Plata,Approved,00,False,26.83,,
TRX-0TRYJIELENNXHLGGLCHL,2026-05-27 16:07:22,2026-05-27,PRD-03RM82914UMW,CLI-SHR2QF3ZXSGP,Purchase,Services,476.19,USD,,POS,,Internet Plus,Services,México,Querétaro,Declined,54,False,17.37,,
TRX-NBZ3BVSV8NPDO1W1OB2G,2026-05-27 21:34:40,2026-05-27,PRD-9AMWF4TV0E2O,CLI-W1A7Y4DEVQOB,Withdrawal,,424.43,USD,,POS,,,,Colombia,Cali,Approved,00,False,29.19,,
TRX-QW3HYLK4HYYG6SO7IYBI,2026-05-27 12:24:54,2026-05-27,PRD-BNAPJFWL7N7U,CLI-5864BGAZMA5P,Purchase,Transport,1184656.74,COP,296.16,POS,,Uber,Transport,Colombia,Bogotá,Approved,00,False,21.75,4.7723855,-73.4026486
TRX-CHQBLNWPTY6M6VEJ18OK,2026-05-27 18:46:40,2026-05-27,PRD-NFDYBMSSLC4E,CLI-E0BD53YS884E,Withdrawal,,390.33,USD,,Web,,,,Brazil,São Paulo,Approved,00,False,13.24,,
TRX-VNGJI9BWIS5ECY59T6SE,2026-05-27 15:36:10,2026-05-27,PRD-VJCYT2QE3UT3,CLI-244AWI7328J6,Deposit,,2621.15,USD,,App,,,,México,Guadalajara,Approved,00,False,15.26,,
TRX-KLG7U7IZ68J1AS2MMKF1,2026-05-27 14:39:29,2026-05-27,PRD-KLRV5LXFWD6R,CLI-JDO5WLNC3130,Payment,Entertainment,387.0,USD,,ATM,SUC-6V3PNVG9,,,México,Ciudad de México,Approved,00,False,10.01,,
TRX-MIT5OC1H75H28QMRE7MZ,2026-05-27 08:43:33,2026-05-27,PRD-6TIRU9UZI9WR,CLI-6YGKGNU0ANKZ,Deposit,,19202550.18,COP,4800.64,App,,,,Colombia,Cali,Approved,00,False,1.98,,
TRX-60H27XVA50EX8CP2TQ08,2026-05-27 11:48:48,2026-05-27,PRD-XVHECI4ZFL3N,CLI-QMI2L0IY3R9W,Withdrawal,,264.76,USD,,App,,,,México,Tijuana,Approved,00,False,,,
TRX-CUC14SU1URAAJ9GZXJOM,2026-05-27 11:45:51,2026-05-27,PRD-ZDGV8MCCYQKS,CLI-RF47YSJBZSWP,Transfer,,3907.96,USD,,ATM,SUC-ECJP9AEQ,,,México,,Approved,00,False,23.71,-0.8003677,0.3331381
TRX-HU297W9ZEFBUS51JAPQ9,2026-05-28 03:10:17,2026-05-27,PRD-GG55N6H4W1LA,CLI-TH9R4DLF4JUW,Withdrawal,,115.96,USD,,Web,,,,Colombia,Medellín,Approved,00,False,0.22,,
TRX-S067YIZN72XA4NDXXTAE,2026-05-27 10:55:10,2026-05-27,PRD-938ZNKM9GOK7,CLI-IHXMNQUWMBA8,Purchase,Other,124.62,USD,,POS,,Ferretería,,México,Querétaro,Approved,00,False,,0.1642647,-0.0544368
TRX-X43Q0QLB0KH4IW7M5YSU,2026-05-27 22:47:47,2026-05-27,PRD-SCMKQUW38R7A,CLI-7Q1IH28CRPGK,Transfer,,31784452.89,COP,7946.11,ATM,SUC-H9U13579,,,Brazil,Salvador,Approved,00,False,28.24,,
TRX-HU4820NZZGR4O3DXBISH,2026-05-27 19:13:12,2026-05-27,PRD-YE4GFEYHKULP,CLI-60BQABBJBUV6,Deposit,,3995.34,USD,,POS,,,,México,Querétaro,Approved,00,False,19.58,,
TRX-OHPZ4QC2X5CGY4CTW5G0,2026-05-28 03:05:25,2026-05-27,PRD-IYXNCGTVD3UZ,CLI-KH7GPGXMADS4,Deposit,,2991.89,USD,,Web,,,,México,Monterrey,Approved,00,False,29.61,,
TRX-ACZO37X8LYBNDN2U3Q28,2026-05-27 10:31:59,2026-05-27,PRD-HOOSFGXHOGAT,CLI-VG9SLCX3SMJL,Withdrawal,,322.51,USD,,Web,,,,México,Ciudad de México,Approved,00,False,21.35,,
TRX-ATXLZNDU4UBSLSSJCBTB,2026-05-27 19:27:10,2026-05-27,PRD-1U73AY5OP826,CLI-YCBG7MUZO5C8,Deposit,,3378.48,USD,,Branch,SUC-1PYKK6ZV,,,México,Monterrey,Approved,00,False,11.29,,
TRX-QT51EZFLT0PW4ABDNX7R,2026-05-27 15:59:39,2026-05-27,PRD-3HJ76UMEBP3J,CLI-SJJB1A10AINQ,Deposit,,8463949.14,COP,2115.99,POS,,,,Colombia,Cartagena,Approved,00,False,19.38,3.9772009,-74.1528134
TRX-D4FFYGRAGVWMCMUAEME9,2026-05-27 06:17:33,2026-05-27,PRD-A9D0OVEE1DU1,CLI-CEG78O30EEDU,Payment,Transport,1417.4,USD,,App,,,,México,Puebla,Approved,00,False,21.11,,
TRX-86DA7TB21E3YJS0KP9DK,2026-05-27 13:03:30,2026-05-27,PRD-BBFCMGZHX2MK,CLI-X7VLL4NT45TK,Transfer,,1942682.04,ARS,5550.52,Web,,,,Argentina,,Approved,00,False,25.6,,
TRX-B38KPRYUHHE5QUI37882,2026-05-28 00:44:04,2026-05-27,PRD-8Q96S8NUAS3R,CLI-QGJWQEYRRWUF,Deposit,,4165797.84,COP,1041.45,POS,,,,Colombia,Cartagena,Approved,00,False,29.58,4.1837201,-73.6777469
TRX-GNEWPHQHICRHCQOK7V1B,2026-05-28 04:56:16,2026-05-27,PRD-M561G08DHXZC,CLI-JQI75YO0GD8G,Payment,Services,675131.28,COP,168.78,ATM,SUC-KXMF616G,,,Colombia,Cartagena,Declined,54,False,25.01,,
TRX-07SODD202BOJMU5SQD1K,2026-05-27 15:44:24,2026-05-27,PRD-XHEZL87RUD8X,CLI-U3MX0V2FHBN6,Withdrawal,,206.44,USD,,POS,,,,México,Monterrey,Approved,00,False,,,
TRX-O81CBBNIL7DZLX18KNDA,2026-05-27 15:44:06,2026-05-27,PRD-AOEZ2HIY7FRZ,CLI-0KQGQZBAIDTJ,Payment,,1561.31,USD,,Web,,,,Argentina,La Plata,Approved,00,False,,,
TRX-2KV8J1BUVI56X2SWTTG5,2026-05-28 02:03:17,2026-05-27,PRD-4QA7YB01KWK8,CLI-WLVGLQHVTAQT,Purchase,Entertainment,78335.05,COP,19.58,App,,Streaming Music,Entertainment,Colombia,Cali,Approved,00,False,14.2,,
TRX-XI614ING3Z74YI9ZXVT7,2026-05-28 00:40:04,2026-05-27,PRD-BNSHC0YAE1T5,CLI-V3MW7WJXO8Q7,Purchase,Entertainment,222.94,USD,,ATM,SUC-6IDFK4L9,Cine Premium,Entertainment,México,Tijuana,Approved,00,False,8.28,0.9224663,0.4701801
TRX-MGYL9V4JH139B35KDD1N,2026-05-27 07:09:56,2026-05-27,PRD-OBNWHOFU3OJ1,CLI-2E41JBCJ3LIO,Transfer,,7207645.52,COP,1801.91,POS,,,,Colombia,Bogotá,Approved,00,False,,,
TRX-UHOJ74QRS6HO7JKAFKOY,2026-05-28 00:19:54,2026-05-27,PRD-IS5L78HYBTMO,CLI-VHBPW221S7ZN,Payment,Food,708.83,USD,,Web,,,,México,Ciudad de México,Approved,00,False,6.51,,
TRX-IZ0CELZCLHSTC9B8C29N,2026-05-27 12:48:36,2026-05-27,PRD-B6NOFMD7AJ62,CLI-9ZBT79FMEY6O,Purchase,Entertainment,96403.53,ARS,,ATM,SUC-GTAY0XHL,Teatro Nacional,Entertainment,Argentina,Córdoba,Approved,00,False,29.34,,
TRX-Q4986TRR1GBZZ02DGBEA,2026-05-28 01:31:01,2026-05-27,PRD-A2CRDHX60OW9,CLI-GXMUVV24RNLN,Transfer,,6656.41,USD,,POS,,,,México,Querétaro,Approved,,False,12.47,,
TRX-EU7UCZ6DXGWJ2W551391,2026-05-27 19:43:35,2026-05-27,PRD-WI5WYE2RLQNV,CLI-1ZNR5RRGBN6W,Purchase,,138.4,USD,,App,,Tienda Don José,Food,México,Guadalajara,Approved,00,False,8.4,,
TRX-CKYU9Y8Z8V0DN1UHJMKN,2026-05-28 00:46:09,2026-05-27,PRD-CTJH9VP1DP7W,CLI-ZBMY9D39KQG4,Deposit,,2290.19,USD,,ATM,SUC-IW55XIEY,,,México,Querétaro,Pending,51,False,10.55,0.8735373,0.7664732
TRX-KV2AJWGIAPUT0U3YAQYV,2026-05-27 23:27:58,2026-05-27,PRD-LMFSQTKTDLBC,CLI-N0786826B84Y,Transfer,,4001.3,USD,,POS,,,,México,Puebla,Approved,00,False,10.99,,
TRX-IFG5ZGNL47XM0OKRB6VH,2026-05-27 07:05:23,2026-05-27,PRD-7AZWZBT7UAHH,CLI-851ALVGYXA1M,Transfer,,7467.46,USD,,POS,,,,México,Querétaro,Approved,00,False,4.31,,
TRX-O1Q05E4J6G7RLP617SAR,2026-05-27 22:36:28,2026-05-27,PRD-W5MJOB1HGWAZ,CLI-EC4HR4H8XTBU,Purchase,Food,602300.65,COP,150.58,POS,,Restaurante El Buen Sabor,Food,USA,New York,Approved,00,False,4.45,,
TRX-YJZL2HGRAFDURAAKFMHJ,2026-05-27 20:28:11,2026-05-27,PRD-UI6XSBIS4H08,CLI-73I7YP1W00DY,Transfer,,103.8,USD,,Web,,,,México,Querétaro,Approved,00,False,23.61,,
TRX-TBVF9242LPI7JG3LI9PW,2026-05-28 00:34:28,2026-05-27,PRD-1QM4GYH92L3F,CLI-8HCGSI0LY6RN,Deposit,,57036.69,ARS,162.96,POS,,,,Argentina,Mendoza,Approved,00,False,22.92,,
TRX-Q9NZJXC2ORMMYO0P71RT,2026-05-28 04:28:03,2026-05-27,PRD-DJ1ZWXYA7JNS,CLI-R03W69TUD5IS,Transfer,,2692.85,USD,,App,,,,México,Guadalajara,Approved,00,False,14.72,,
TRX-G5S0UKOUEUCK6TC3PRBC,2026-05-27 18:35:32,2026-05-27,PRD-GRA74CYKH5BG,CLI-59E6MR7S24LC,Transfer,,21400802.39,COP,5350.2,POS,,,,Colombia,Barranquilla,Pending,14,False,,,
TRX-2GWXF169EGEW381K9LLV,2026-05-28 01:27:15,2026-05-27,PRD-FDKQHT71YCLO,CLI-LTFM6Z5GOU0M,Deposit,,2526.49,USD,,Branch,SUC-7TVQFT2O,,,México,Tijuana,Approved,00,False,,,
TRX-Q427W4N2TFHEMSERX3RK,2026-05-28 03:19:41,2026-05-27,PRD-90AY1XL5JYHV,CLI-SCC7MHUAU424,Purchase,Other,419.4,USD,,App,,Tienda General,Other,México,Guadalajara,Approved,00,False,29.12,,
TRX-Q2KZJHKSU9NI97L23XD1,2026-05-27 06:15:07,2026-05-27,PRD-C5I2TW3JJ7SB,CLI-3C41CTWOTQSP,Payment,Other,413100.79,ARS,1180.29,ATM,SUC-571XLYQB,,,Argentina,Rosario,Approved,00,False,15.2,,
TRX-ATI3M50RO8PG5X8PUD5Q,2026-05-27 23:13:20,2026-05-27,PRD-PR12ANY5R6A1,CLI-9XRGL8DHACRY,Purchase,Transport,157.22,USD,,POS,,Uber,Transport,México,Monterrey,Declined,14,False,12.47,,
TRX-59QP6R2X10CSWFH0S6VJ,2026-05-27 07:30:06,2026-05-27,PRD-V9FHKYKAUTHU,CLI-FRXINV99RXKH,Transfer,,2378327.33,COP,594.58,POS,,,,Colombia,Cali,Approved,00,False,18.42,5.1422576,-74.5938869
TRX-VCA065AQL6D5CNFH27L0,2026-05-27 11:50:12,2026-05-27,PRD-R6MOA0UYAHL4,CLI-SJTPYBWU5YI4,Payment,Food,178.08,USD,,ATM,SUC-337QKO7D,,,México,Querétaro,Approved,,False,,,
TRX-0EE89W711IUDSBYF8M39,2026-05-27 14:47:09,2026-05-27,PRD-QVXVM5DVO5JT,CLI-3GIWOTAW30AC,Withdrawal,,438.79,USD,,ATM,SUC-4CNRVPYL,,,México,,Approved,00,False,4.83,,
TRX-HR7IH7VG2A650UHPNQVI,2026-05-27 13:51:21,2026-05-27,PRD-IRKIUPWZ6Z2M,CLI-TEZ77PJTD4K9,Purchase,Transport,309.58,USD,,ATM,SUC-4ZFT9FN6,Gasolinera Express,Transport,México,Querétaro,Reversed,14,False,5.7,-0.0343743,-0.6977137
TRX-VII40ZWNB2LQVWSJT29I,2026-05-27 18:33:52,2026-05-27,PRD-XKVEW2Q2KS57,CLI-JE90ML94K4EC,Deposit,,4872.81,USD,,ATM,SUC-5FDGLKJX,,,México,,Approved,00,False,6.24,,
TRX-598GFQMHX2UWBZR2AUC4,2026-05-27 21:08:00,2026-05-27,PRD-QPN3VJTL90D1,CLI-BRAKYQQBBXNY,Deposit,,16844063.26,COP,,POS,,,,Colombia,Cali,Approved,00,False,,5.4928116,-73.1099181
TRX-BPIX8LASC2K2NRNR5DDM,2026-05-27 16:59:56,2026-05-27,PRD-P92G4YTBKAKB,CLI-B90BBWWMFT8F,Payment,Transport,956.5,USD,,Web,,,,México,Monterrey,Approved,00,False,29.49,,
TRX-CV7C5Q0LX9GZRW2E4WLI,2026-05-27 19:49:41,2026-05-27,PRD-3CKKLDR01PSN,CLI-R01J8V4DC3MU,Purchase,Services,1913017.38,COP,478.25,ATM,,Empresa Telefónica,Services,Colombia,Bogotá,Approved,00,False,14.52,5.2261576,-73.4285406
TRX-F9GDFQ1QX9W5WVKZI50S,2026-05-27 13:02:19,2026-05-27,PRD-BMNS3LYZX0K0,CLI-LT1YKATLOBL2,Transfer,,21042503.32,COP,5260.63,POS,,,,Colombia,Bogotá,Approved,00,False,17.72,,
TRX-DPDGARNTJXLV9R1S9F7A,2026-05-27 20:38:41,2026-05-27,PRD-TYNRJ74LG75S,CLI-WU1X0ER0UXXN,Deposit,,8827077.56,COP,2206.77,ATM,SUC-UH461R09,,,Colombia,Bogotá,Approved,00,False,24.66,,
TRX-PLAB32L2N6K2HMWM2BU1,2026-05-27 19:08:43,2026-05-27,PRD-VY0NX664ZX8A,CLI-UCJD04FL9FVV,Purchase,Services,1953540.59,COP,488.39,POS,,Cable TV,Services,Colombia,,Approved,00,False,29.85,,
TRX-WYNXJJ54CRJP46PEM8OR,2026-05-27 10:16:36,2026-05-27,PRD-ZL6TZ3RQYNT3,CLI-KEXATD2RWJRN,Deposit,,1185.33,USD,,POS,,,,México,Tijuana,Approved,00,False,20.62,,
TRX-3KD2DAO7OPNCNHX6MJN0,2026-05-27 19:26:16,2026-05-27,PRD-NZMQ9TC232K2,CLI-SD9EI1Y7YA5D,Purchase,,86.35,USD,,Transfer,,Super Ahorro,Food,México,Ciudad de México,Approved,00,False,7.62,,
TRX-C4G1E09CY26H0DCL1W3V,2026-05-28 05:03:13,2026-05-27,PRD-06NSASYYOU7D,CLI-3F8V82RDZVV0,Purchase,Health,33.57,USD,,Web,,Laboratorio Central,Health,México,,Approved,00,False,1.45,,
TRX-6VTZSORUTG5W8BHLEI6V,2026-05-27 06:49:46,2026-05-27,PRD-BYRTKG2I3XHG,CLI-HGK1HC142LLK,Withdrawal,,1276264.95,COP,319.07,App,,,,Colombia,Bogotá,Approved,00,False,5.92,,
TRX-Z2ZJV9V4HKWHXD8AWLTT,2026-05-28 01:14:44,2026-05-27,PRD-LE8EDXYHHUTR,CLI-R4F94R9ZGEUW,Payment,Transport,512506.29,ARS,1464.3,ATM,SUC-RNIHGBDP,,,Argentina,La Plata,Approved,00,False,14.44,,
TRX-9X0T6A8YM91U0IENGRSY,2026-05-28 01:40:14,2026-05-27,PRD-JZJP34MYIHA8,CLI-LTTZVOCYES9Q,Purchase,Other,87.61,USD,,ATM,SUC-N8LPAX0U,Centro Comercial,,México,Querétaro,Approved,00,False,22.98,,
TRX-GZ1GKN8OXA82WUJWW8WZ,2026-05-27 08:26:13,2026-05-27,PRD-S5WUGVSAGP2U,CLI-ZIJEYDN2U1E8,Purchase,Entertainment,199.44,USD,,POS,,Conciertos Live,,México,Tijuana,Approved,00,False,26.73,,
TRX-4P6X27UTGMKWGJ6VI249,2026-05-28 00:13:40,2026-05-27,PRD-GXJBPHZDCIG0,CLI-VJ3PELUO0701,Withdrawal,,1375048.64,COP,343.76,POS,,,,Mexico,Ciudad de México,Approved,00,False,13.97,4.0564493,-73.9976836
TRX-2MSSIUDXPUJ9HCCQ1Z8N,2026-05-27 19:25:49,2026-05-27,PRD-0X12OX2KKV69,CLI-ACQCO82LJUOP,Withdrawal,,116.3,USD,,ATM,SUC-Z7426PZT,,,México,Tijuana,Approved,00,False,3.86,-0.4044555,
TRX-MUL68KX7O60PH3SMG5NS,2026-05-28 05:52:25,2026-05-27,PRD-GLG05GPM3Y5F,CLI-YMFC3TQZUOOT,Payment,Health,279154.74,ARS,797.58,App,,,,Argentina,Rosario,Approved,00,False,18.73,,
TRX-2930BX7PY1SV66YTKH0A,2026-05-27 22:05:28,2026-05-27,PRD-AQKLSNEZQVNI,CLI-KP3QCCIEBTXC,Withdrawal,,45.83,USD,,POS,,,,México,Tijuana,Approved,00,False,,0.074201,-0.5477571
TRX-X729FSZ30ZFPTNDHZ3T8,2026-05-28 00:24:44,2026-05-27,PRD-7XCWO52FN27M,CLI-2357XFZ7DY4T,Transfer,,4273.93,USD,,ATM,SUC-SUAMAVYV,,,México,Ciudad de México,Approved,00,False,20.39,,
TRX-GK0CQ4RO5KVW6GIBKNLD,2026-05-27 13:09:03,2026-05-27,PRD-HSARTJD7KEYB,CLI-5K5QBGZ27BZV,Withdrawal,,43.26,USD,,Web,,,,Argentina,Rosario,Approved,,False,10.53,,
TRX-AVKCUR8XZEL2S8Y0V5RR,2026-05-27 17:56:15,2026-05-27,PRD-3BQQFH7LM8D3,CLI-WII3DOMFB0WX,Transfer,,4482893.02,COP,1120.72,POS,,,,Colombia,Cali,Approved,00,False,15.1,5.2275787,-74.4703258
TRX-D0Z92RJ354KZ6XAO18VR,2026-05-27 18:58:14,2026-05-27,PRD-9YBK1KB52PDT,CLI-GOV0RGUU3D5Z,Deposit,,1056.45,USD,,ATM,SUC-X57ITSKO,,,Colombia,,Approved,00,False,17.84,,
TRX-AD827NZPA6V4HJ4ODZSB,2026-05-28 02:13:02,2026-05-27,PRD-5JBV298YRM7D,CLI-JKFQQS0U2Y7P,Transfer,,1788.59,USD,,Web,,,,Colombia,Barranquilla,Approved,00,False,25.86,,
TRX-STPPXPAF08FLCUSSTMMJ,2026-05-27 16:52:17,2026-05-27,PRD-KM8730GCRER9,CLI-TXOB7PFJ14MY,Withdrawal,,452.32,USD,,ATM,SUC-OLTX380V,,,México,Monterrey,Approved,00,False,17.63,,
TRX-GETZ7NXX2EW9JJ79H5LL,2026-05-27 12:25:13,2026-05-27,PRD-TUS4B075F6RT,CLI-XLUEWDFBDDKV,Payment,Health,2557216.73,COP,639.3,App,,,,Colombia,Cartagena,Approved,,False,8.68,,
TRX-K33S7JUHB3EWA11WHOVU,2026-05-28 05:43:14,2026-05-27,PRD-X5WLX5TSVUX9,CLI-TAGGJLX52XAM,Deposit,,3480.52,USD,,ATM,SUC-JYU0POJ9,,,México,Monterrey,Approved,00,False,,,
TRX-KJNT2TDPSZWLJDHHOB8Q,2026-05-28 04:51:06,2026-05-27,PRD-AIMM75VTDI3Z,CLI-GSM5A0C9FA7R,Payment,Other,688.35,USD,,App,,,,México,Monterrey,Approved,00,False,6.56,,
TRX-7YXG9O9N74SU0PL3RNPK,2026-05-27 16:30:44,2026-05-27,PRD-IMQL9PE9R4GE,CLI-YA65FUG89S2R,Purchase,Services,274881.18,COP,68.72,ATM,SUC-C93NERQQ,Servicios Públicos,Services,Colombia,Cali,Approved,00,False,7.06,3.8310807,-74.2731664
TRX-NPQJTQPFF6FN3JY3PVT4,2026-05-27 12:49:19,2026-05-27,PRD-IR7ETZCEU416,CLI-CD6CQQTQD449,Transfer,,477863.05,ARS,1365.32,ATM,SUC-V5DT47YR,,,Argentina,Buenos Aires,Approved,00,False,20.75,-34.4537417,-57.4905503
TRX-MDM10T7IJG19134BK5GM,2026-05-27 23:42:05,2026-05-27,PRD-YE7S6WYOOANC,CLI-LYBP9LBU6ED1,Transfer,,6421.32,USD,,POS,,,,México,Puebla,Approved,00,False,27.31,,
TRX-6FKSN8GFRW1PCJEX6421,2026-05-27 17:40:30,2026-05-27,PRD-SCHTTT6LM6L9,CLI-D96NWFCB9ORB,Adjustment,,1514395.84,COP,378.6,ATM,SUC-5AXOWGN3,,,Colombia,Barranquilla,Approved,00,False,,4.5199357,-73.2245337
TRX-PQYE8JE8A1VUUSTHA1TN,2026-05-27 06:55:52,2026-05-27,PRD-P7Y7NJKUVXKZ,CLI-AYF6RR1K9V9S,Deposit,,2384.27,USD,,POS,,,,México,Querétaro,Approved,00,False,24.49,,
TRX-BHXM41DSWQ1WHGKKT3GH,2026-05-28 00:50:01,2026-05-27,PRD-D2H8BO4X68FQ,CLI-ZV8V5UEREV70,Withdrawal,,434.68,USD,,ATM,SUC-8GXP9TIM,,,México,Puebla,Approved,00,False,24.84,-0.6926129,0.4704705
TRX-LH2X93EYIUSJ6DT6BZO7,2026-05-27 13:00:16,2026-05-27,PRD-YLOQDFPM7X37,CLI-XUW17FLFJS5E,Deposit,,1266.84,USD,,POS,,,,Argentina,,Approved,,False,1.82,-35.2335113,-58.0567836
TRX-0TNJ3GYXTFCNZ0IEWQKC,2026-05-27 06:37:47,2026-05-27,PRD-ETPEOPR6QXIS,CLI-0YODWBBLDAEB,Payment,Food,3713293.91,COP,928.32,ATM,SUC-KJBGVLU5,,,Colombia,Barranquilla,Declined,14,False,,,
TRX-AKZ1888DF6BNKH9X0M3Z,2026-05-27 23:24:31,2026-05-27,PRD-01E7TITTC102,CLI-9L3RYIBIELS3,Payment,Other,7984796.41,COP,,ATM,SUC-XXUHP6O3,,,Colombia,Bogotá,Approved,00,False,,,
TRX-J24W6CON3W5LTRPRM77H,2026-05-28 01:02:31,2026-05-27,PRD-DPU0NJRYWWLD,CLI-QQZZA36NPJIJ,Deposit,,1312.11,USD,,POS,,,,México,Guadalajara,Approved,00,False,10.49,,
TRX-ZPLKWRHQYPKA66FA1N61,2026-05-27 14:20:16,2026-05-27,PRD-A6HEM4EI2K1A,CLI-FYG34BH6DV2I,Transfer,,1071.94,USD,,POS,,,,México,Ciudad de México,Approved,00,False,29.72,,
TRX-8FTH85P8PHX93KGGCQ77,2026-05-27 19:11:07,2026-05-27,PRD-A3E4X3ZHNBJT,CLI-MM4P3BO5GU4G,Transfer,,3486212.87,ARS,9960.61,ATM,SUC-5XWR79HW,,,Argentina,La Plata,Declined,14,False,3.28,,
TRX-TYJ09VB2L48ON8AR4KD3,2026-05-27 18:37:25,2026-05-27,PRD-2FHPV5O7TDPO,CLI-AXWK7UWBKVIR,Withdrawal,,104481.1,ARS,298.52,Web,,,,Argentina,La Plata,Approved,00,False,18.58,,
TRX-JNCNQRRYFDKKZ9QULQ8K,2026-05-27 22:17:41,2026-05-27,PRD-L0TS8U8URRVA,CLI-Z3H10V6P8GT3,Purchase,Transport,313.36,USD,,ATM,SUC-8QU1XFUX,Taxi Seguro,Transport,México,Guadalajara,Approved,00,False,22.18,,
TRX-86JIOMYPVR9F0EYD1E0Q,2026-05-27 06:22:40,2026-05-27,PRD-LQMRXEAMSX0P,CLI-3RP7GU1CC460,Payment,Health,867.49,USD,,App,,,,México,,Approved,00,False,9.52,,
TRX-V6D6GGC0Z3E6GYLUMYCN,2026-05-28 02:50:10,2026-05-27,PRD-HLZC4XXW12HX,CLI-FBID3AUHJWM8,Purchase,Food,459.64,USD,,POS,,Tienda Don José,Food,Colombia,Cartagena,Approved,00,False,19.68,,
TRX-UMTDEJOK3VB9O29S7F9A,2026-05-27 11:25:39,2026-05-27,PRD-X6VZGW3QE294,CLI-Z24EZ61SOWWA,Purchase,Health,369.0,USD,,ATM,SUC-JYJWT9TH,Farmacia Salud,,México,Puebla,Declined,,False,14.22,,
TRX-WX0RYJU5T1BN8R127EY4,2026-05-27 19:38:56,2026-05-27,PRD-AU7FCDCYQKRQ,CLI-1LJBM7CL5PQ7,Transfer,,18651876.7,COP,4662.97,POS,,,,Colombia,Cali,Approved,00,False,,,
TRX-DNWQ7AOYWBWYGJ43GHRX,2026-05-28 05:32:25,2026-05-27,PRD-908VM17WQVSB,CLI-WL44Z84EQTI2,Transfer,,986.4,USD,,App,,,,México,Puebla,Approved,00,False,8.98,,
TRX-765IUHK0V2YEYLFXAB17,2026-05-27 14:51:15,2026-05-27,PRD-BQAJONBHBOJ1,CLI-ENGI4PLDTPH6,Payment,Entertainment,4904593.68,COP,1226.15,ATM,SUC-PNT72MIS,,,Colombia,,Approved,00,False,15.39,,
TRX-M3KS6WYXFEHRF9BMNDOJ,2026-05-28 02:36:09,2026-05-27,PRD-KQ81THRFU0GN,CLI-D5DP38HDTD5U,Payment,Other,4870723.67,COP,1217.68,ATM,SUC-X3OFCBL0,,,Colombia,Cartagena,Approved,00,False,16.55,,
TRX-TLEZG62YML3LRIL70623,2026-05-28 05:26:25,2026-05-27,PRD-ARK7K3U7CABR,CLI-EK5Z32YD9A4M,Withdrawal,,327.39,USD,,ATM,SUC-2Z7NT3UT,,,México,Guadalajara,Approved,00,False,23.58,-0.2377547,-0.8992374
TRX-2KDTM6T1TBPUOH22OJPT,2026-05-28 02:37:02,2026-05-27,PRD-7KE9KDZC5TPS,CLI-D14VV9E6JOH9,Purchase,Entertainment,125741.17,ARS,359.26,App,,Conciertos Live,Entertainment,Argentina,,Approved,00,False,17.27,,
TRX-YSZXP47LLW4GXXA34UHB,2026-05-28 05:31:39,2026-05-27,PRD-OB5BR5GNHAR3,CLI-3A5OKRCXSAG5,Purchase,Services,166.65,USD,,App,,Internet Plus,Services,México,Puebla,Approved,00,False,0.11,,
TRX-D7XZJK9RHKG078A3ZCWS,2026-05-27 16:26:22,2026-05-27,PRD-0OJOWH7G83VC,CLI-PWJYY73Y7DPC,Transfer,,33899027.85,COP,8474.76,ATM,SUC-RNGAMG7V,,,Colombia,Bogotá,Approved,,False,0.04,,
TRX-BDQVCI0LSAJJ4MIKYQ0D,2026-05-27 14:07:45,2026-05-27,PRD-24S3PV3G3DQA,CLI-UH6BRC7QG09H,Withdrawal,,431.42,USD,,POS,,,,Colombia,Bogotá,Approved,00,False,,4.8446005,
TRX-30LWRWM98BQV2PYI7Q88,2026-05-27 17:59:21,2026-05-27,PRD-GXL4IKRI5LSK,CLI-O699UIHXO9FY,Transfer,,21207302.76,COP,5301.83,POS,,,,Colombia,Bogotá,Approved,00,False,19.67,5.1915601,-73.2515467
TRX-NE2YG7C2VQ8X0J2VAKYC,2026-05-28 04:22:10,2026-05-27,PRD-IE1F255B6178,CLI-B4JVU3T0WIYK,Deposit,,4377.09,USD,,ATM,SUC-QE974U7T,,,México,Monterrey,Approved,00,False,12.93,,
TRX-OHT38WP4668BLO4A8VJG,2026-05-27 17:46:38,2026-05-27,PRD-D3G3JXUE7MOE,CLI-V1ZNO29VQDGP,Withdrawal,,250.98,USD,,POS,,,,México,Querétaro,Declined,51,False,13.6,,
TRX-LJFCFGGGW8AMMUX2NIM4,2026-05-27 16:06:27,2026-05-27,PRD-6V6R0UN0LURB,CLI-M9ZK0GTPPHES,Withdrawal,,326533.61,COP,81.63,ATM,SUC-4BEKYT6U,,,Colombia,,Approved,00,False,,,
TRX-2CUMGXKQLLESK7GCJU1B,2026-05-28 04:13:26,2026-05-27,PRD-PWFT73WUX5J4,CLI-KTRHCR1WO18L,Transfer,,2473.36,USD,,Branch,SUC-I4AA1FSG,,,México,Querétaro,Approved,00,False,26.89,-0.3949427,0.2032981
TRX-KJWPB7ZC2NFPOY5QPK1N,2026-05-27 07:21:45,2026-05-27,PRD-PDKEB6GC2HEW,CLI-MJMGMKJNV5S3,Transfer,,1164365.32,ARS,3326.76,ATM,SUC-46JOBFMX,,,Argentina,Mendoza,Approved,00,False,19.83,-33.6938759,-58.5019815
TRX-VEFAGVJWL5ZHRBLO7OG1,2026-05-27 10:31:16,2026-05-27,PRD-ZLRSMJ7MZCSK,CLI-O763CP7KI3F4,Withdrawal,,1079921.47,COP,269.98,App,,,,Colombia,Bogotá,Declined,51,False,27.11,,
TRX-LA7G276AB9P47IM7PVTY,2026-05-27 15:05:25,2026-05-27,PRD-ODG93IBEM4SO,CLI-JN0ICHHM48DH,Deposit,,7016940.94,COP,1754.24,ATM,SUC-PNT72MIS,,,Colombia,Cartagena,Approved,00,False,15.19,,
TRX-B0ZFD7JC01NV7003FQ48,2026-05-27 11:11:41,2026-05-27,PRD-604OXS719615,CLI-0FFDPU30XGGF,Purchase,Transport,118890.76,ARS,339.69,ATM,SUC-BMVBUHCL,Uber,Transport,Argentina,Rosario,Approved,00,False,4.51,-35.0974679,
TRX-3UGMQIS8S7RNH1W6B358,2026-05-27 14:19:50,2026-05-27,PRD-UYI2M5GUQCR0,CLI-SFN7V6IRLB00,Purchase,Food,399.75,USD,,Web,,Restaurante El Buen Sabor,Food,México,Guadalajara,Approved,00,False,29.97,,
TRX-1SZKQPO472A3AWQX1U05,2026-05-27 19:36:10,2026-05-27,PRD-1VW8C37UXV6I,CLI-GFS4OYJ92WPO,Payment,Food,1256.22,USD,,Web,,,,México,Ciudad de México,Approved,00,False,8.21,,
TRX-9D7L4W3UUQAAKDNXIJRY,2026-05-28 02:39:36,2026-05-27,PRD-FW1VET4YYJQC,CLI-QR3I5DWZSXD9,Withdrawal,,1927918.73,COP,481.98,Web,,,,Colombia,Barranquilla,Approved,,False,1.4,,
TRX-B6ZP3XJ65DLLYI0W5KMC,2026-05-27 23:23:07,2026-05-27,PRD-DJSO26KPP8FZ,CLI-R4OHF9IN4R85,Payment,Food,1613481.66,COP,403.37,POS,,,,Colombia,Cali,Approved,00,False,6.55,,
TRX-Y9GHL7PH7CQYGSF8PNNI,2026-05-28 05:46:30,2026-05-27,PRD-J6IE2WGVC3SV,CLI-F68V5OK2RD9P,Transfer,,918.74,USD,,ATM,SUC-UBOAYTJG,,,México,Querétaro,Approved,00,False,12.46,0.8233146,
TRX-HUD8VQ8DIH1JKWC963HO,2026-05-27 09:50:50,2026-05-27,PRD-C3KN1ZFUWU7N,CLI-N77LAJH8OM7B,Payment,Services,4251071.13,COP,1062.77,Web,,,,Colombia,Barranquilla,Approved,00,False,20.92,,
TRX-R8UP5075NG7OPHLMC6YK,2026-05-27 13:59:35,2026-05-27,PRD-RUDMSUTEGOH2,CLI-PLI1M1EHJ2OO,Withdrawal,,153.92,USD,,Web,,,,México,Querétaro,Approved,00,False,24.96,,
TRX-P43F5U4EVAEKDX1PH0DE,2026-05-27 18:38:57,2026-05-27,PRD-8AHFFHFN0SCS,CLI-XYAVSG2R8OOE,Transfer,,1901211.31,ARS,5432.03,ATM,,,,Argentina,La Plata,Approved,00,False,23.67,-35.3470881,
TRX-21EFP9H4QYNBP7S4CJH3,2026-05-27 19:22:56,2026-05-27,PRD-1CEOAUZYJAFW,CLI-DDNXQ33D4DC4,Withdrawal,,251.04,USD,,POS,,,,México,Tijuana,Approved,00,False,8.07,,
TRX-QIU2GR8EIIDPA0E9D44U,2026-05-27 15:10:52,2026-05-27,PRD-LZG0BBHU2M7H,CLI-ZMAI6LJ6S2CK,Withdrawal,,231.13,USD,,POS,,,,México,Ciudad de México,Approved,00,False,,,
TRX-1ZJLDPLYEXKRMMVLJQKK,2026-05-27 10:10:06,2026-05-27,PRD-P8WCT9TSSYFD,CLI-CBOO28S0L5EZ,Transfer,,261.41,USD,,POS,,,,México,Puebla,Approved,00,False,24.41,,
TRX-F7MQ9HPAL5GQE6AXUDOD,2026-05-27 09:30:54,2026-05-27,PRD-FTDIU4IBBI6D,CLI-NQ2PG2G78157,Payment,Food,184106.94,ARS,526.02,POS,,,,Argentina,Mendoza,Approved,00,False,5.0,,
TRX-Y3GFVAJ8A6Y44QUK527D,2026-05-27 09:48:50,2026-05-27,PRD-BO9J1Y5JVIEJ,CLI-KJI12ST8UIUR,Payment,,673886.86,ARS,1925.39,Web,,,,Argentina,Buenos Aires,Approved,00,False,27.7,,
TRX-BMQG8FIEM22JTJRD8MR8,2026-05-27 18:18:57,2026-05-27,PRD-YQ9MQKEFY7CZ,CLI-DGDBLUCQ9E2H,Payment,Transport,242965.82,ARS,694.19,Web,,,,Argentina,Rosario,Approved,00,False,15.34,,
TRX-HUKU6E0CK5DQYKU6D838,2026-05-27 21:36:02,2026-05-27,PRD-P2Q4QE2KSSO5,CLI-9E5FABNUJ74F,Transfer,,219.71,USD,,Branch,SUC-8XAGRKOC,,,México,Ciudad de México,Approved,00,False,8.96,0.2630941,0.9382038
TRX-CMJ7MX1LMZ2IHCC9P3U7,2026-05-27 14:47:39,2026-05-27,PRD-NBKCE5EHQNFX,CLI-JDJEVO3IAXRB,Withdrawal,,34067.32,ARS,97.34,POS,,,,Argentina,Rosario,Approved,00,False,20.64,,
TRX-SQ9VHXXJNFQBR22OTGYI,2026-05-27 08:52:02,2026-05-27,PRD-OEWBKWBO7IJX,CLI-A30RYAYWAJ2D,Payment,Food,6088457.34,COP,1522.11,POS,,,,Colombia,Bogotá,Approved,00,False,25.1,,
TRX-2IPR6JX340Z8UH6YTF7C,2026-05-28 02:07:17,2026-05-27,PRD-RJHRS6ZCN3DG,CLI-9SBQC34LCP03,Withdrawal,,489.15,USD,,ATM,SUC-7T5LBQT3,,,México,Tijuana,Approved,00,False,,,
TRX-RSCN6QG9DD074U4G6VAN,2026-05-27 17:56:19,2026-05-27,PRD-I7B9Y8X7CSS1,CLI-V4UHJ5Q2K6S4,Purchase,Food,878200.69,COP,219.55,ATM,SUC-H24HUACK,Tienda Don José,Food,Colombia,Barranquilla,Approved,00,False,6.96,,
TRX-X57ZMIMXFEIVWLFZZKUH,2026-05-27 07:02:36,2026-05-27,PRD-I3Q73ULYEMNJ,CLI-2ZJ1RR4U7ZF9,Purchase,Entertainment,448.43,USD,,ATM,SUC-8GXP9TIM,,Entertainment,México,Querétaro,Pending,54,False,4.21,,
TRX-1NZDJQNWOJGUJA1TVW2O,2026-05-27 21:37:38,2026-05-27,PRD-G8AUTJRSKX55,CLI-1U7K7VM62XOM,Transfer,,6971.22,USD,,ATM,SUC-8P0IDMOM,,,Spain,Barcelona,Approved,00,False,20.83,,
TRX-YMYT61R3CVJM8QQMXL4F,2026-05-27 11:45:14,2026-05-27,PRD-JRZC9D2P6HF9,CLI-DG0J7XSQ8Q49,Payment,Entertainment,1864.72,USD,,POS,,,,México,Tijuana,Reversed,51,False,,,
TRX-NS75RO8703V96GJ6YFID,2026-05-27 10:50:34,2026-05-27,PRD-J0J924M3C5T8,CLI-OT38M80UZE0G,Withdrawal,,1686607.53,COP,421.65,ATM,SUC-QTKN7Z0R,,,Colombia,,Approved,00,False,,4.7154661,
TRX-9ADM220R6CUNLSEKMI43,2026-05-28 04:36:55,2026-05-27,PRD-Y3FJV1UC5C4T,CLI-KA6CBUPE5W2S,Transfer,,6813.68,USD,,POS,,,,México,Querétaro,Approved,00,False,,,
TRX-QMF1R2Z01VPDQ6SAA97K,2026-05-27 08:04:17,2026-05-27,PRD-T9ADGM4HZTZM,CLI-Q6LXOCMCGR2Y,Withdrawal,,300564.21,COP,75.14,POS,,,,Colombia,Cali,Approved,,False,29.07,,
TRX-OXDM9WKJY62XNS9AX57N,2026-05-27 06:10:02,2026-05-27,PRD-BFQSDGWBWA5S,CLI-RT2WTGQRJA71,Payment,Transport,942.2,USD,,App,,,,Argentina,,Approved,,False,19.5,,
TRX-14G7BH9GMRPI65EF69ZU,2026-05-27 22:32:21,2026-05-27,PRD-P70L5BO9LFEL,CLI-YWOD8X1FWB7W,Transfer,,9476.8,USD,,POS,,,,México,Guadalajara,Approved,00,False,0.28,,
TRX-N057PAOQGXOCMAUKKSR9,2026-05-28 00:19:19,2026-05-27,PRD-VLFNXB3Q1T9V,CLI-R7KLJXVL5S4G,Purchase,Services,196.75,USD,,POS,,Internet Plus,Services,Argentina,La Plata,Approved,00,False,,,
TRX-ELBK6RRANHMS7RYH4MI2,2026-05-28 04:24:10,2026-05-27,PRD-CUYI3LO4UEPG,CLI-2ZIKLCFJ275E,Purchase,Services,290.39,USD,,Web,,Empresa Telefónica,Services,México,,Approved,00,False,0.11,,
TRX-WO5MUHRT39BMWIYF2N6A,2026-05-27 12:45:02,2026-05-27,PRD-ZZBVF27KB933,CLI-MPAVNAZKH5GA,Transfer,,29905767.92,COP,7476.44,POS,,,,Colombia,Medellín,Approved,00,False,,,
TRX-50Y00OCHP64SKFM56GMF,2026-05-27 12:55:36,2026-05-27,PRD-GWX93ENSAHLK,CLI-CD6EINVG4INP,Deposit,,3470.73,USD,,ATM,SUC-6A2UBEHN,,,México,Ciudad de México,Approved,00,False,24.72,,
TRX-JSITNTIT45QX2U3PZIBZ,2026-05-28 01:22:09,2026-05-27,PRD-B2AJTJW6F0H2,CLI-YMGNO4US9L3L,Purchase,Services,61417.18,ARS,175.48,POS,,Empresa Telefónica,Services,Argentina,Buenos Aires,Approved,00,False,23.83,,
TRX-72782NWH7RUPWXW5P9KH,2026-05-28 04:16:42,2026-05-27,PRD-FAFSHE12Q57L,CLI-0XJ7WO82NZAC,Transfer,,3435632.83,ARS,9816.09,POS,,,,Argentina,Córdoba,Approved,00,False,,,
TRX-TH8PMRKBLVZOVNK26T8R,2026-05-27 17:48:33,2026-05-27,PRD-NVUVKEPV36WN,CLI-556AKHFIBXBD,Payment,Services,1428.52,USD,,ATM,SUC-571XLYQB,,,Argentina,La Plata,Approved,00,False,,,
TRX-AUS37IUEVYUEDNP8L8PC,2026-05-27 23:16:17,2026-05-27,PRD-0YEDHTAITI6X,CLI-LGZHQW2AJXOF,Purchase,Entertainment,54058.89,ARS,154.45,ATM,SUC-115U74JL,Teatro Nacional,Entertainment,Argentina,Mendoza,Approved,00,False,11.32,,
TRX-Y5LTSX5B40XF1IVXH0QW,2026-05-28 05:38:00,2026-05-27,PRD-3UIMMZ180F1L,CLI-CF0DJ06EPRB5,Payment,Other,329.54,USD,,Branch,,,,México,Puebla,Approved,00,False,3.81,,
TRX-6RYCYQAEQBG27WARCLM8,2026-05-27 23:04:17,2026-05-27,PRD-YR33X84HVHR2,CLI-9JFWHWKO4H9K,Transfer,,11057540.37,COP,2764.39,App,,,,Colombia,Barranquilla,Approved,00,False,1.74,,
TRX-TONLQVI2P87ASBU05R9H,2026-05-27 12:48:43,2026-05-27,PRD-0S597IZ9MASF,CLI-DMYB3ZFO44H0,Withdrawal,,183283.14,COP,45.82,POS,,,,Colombia,Barranquilla,Approved,00,False,24.8,3.7794542,-74.6414612
TRX-ERSPHZKKYI0RHY1N16VV,2026-05-27 09:48:29,2026-05-27,PRD-HW47O4T4Q1FU,CLI-N6SOWPDTXNUZ,Transfer,,590.75,USD,,ATM,SUC-0OJNMRLP,,,México,Tijuana,Approved,00,False,27.22,,
TRX-H10ZCQT0W3Y8XKQOYA8G,2026-05-28 01:43:27,2026-05-27,PRD-WPEL6A3O58SI,CLI-BHU6IBDCOH9R,Withdrawal,,1064890.42,COP,266.22,POS,,,,Colombia,Medellín,Approved,00,False,19.84,,
TRX-EDO4NIXANEYEIJ18PK1U,2026-05-28 01:33:23,2026-05-27,PRD-JZK9ZU053PWK,CLI-1F3NRXJLFHIW,Payment,Entertainment,322.74,USD,,POS,,,,México,Guadalajara,Approved,,False,12.46,-0.3649689,0.1500291
TRX-BLUNJJ1J9BBPPN6HD81F,2026-05-27 13:45:39,2026-05-27,PRD-QWCIF70MYYNU,CLI-1934M4HSRCWA,Deposit,,2862.55,USD,,POS,,,,México,Puebla,Approved,00,False,,,
TRX-NHN1PQW0U42VJ1H7HH98,2026-05-27 10:52:51,2026-05-27,PRD-IGBTVKXBDMFJ,CLI-PI2FN3UJ2OJ4,Transfer,,563094.41,ARS,1608.84,App,,,,Argentina,Córdoba,Approved,00,False,14.46,,
TRX-9D1RVAN9E4SRZV2QQJTK,2026-05-27 13:21:38,2026-05-27,PRD-XD3MQQAG73UN,CLI-IKC1XH3JF2R7,Purchase,Transport,270.03,USD,,App,,Taxi Seguro,Transport,México,Ciudad de México,Approved,00,False,,,
TRX-DR90511XLRA8VPOR1DFD,2026-05-27 22:20:44,2026-05-27,PRD-YC0UTYKA34KU,CLI-WIGG7854TID2,Purchase,Food,639057.14,COP,159.76,POS,,Restaurante El Buen Sabor,Food,Colombia,Bogotá,Approved,00,False,11.78,4.8268148,-73.4971961
TRX-7DVMN3O2IC7GMPEPSP60,2026-05-28 03:10:46,2026-05-27,PRD-EA7HIVS5G7BV,CLI-7CH9N3PUK99E,Withdrawal,,1822976.88,COP,455.74,POS,,,,Colombia,Cali,Approved,00,False,3.98,,
TRX-VF6BU9EN4VGIEEX05CS3,2026-05-28 05:16:16,2026-05-27,PRD-FBOFVODZ5SLO,CLI-LYZ8IBWDRWLY,Purchase,Transport,30.5,USD,,POS,,Gasolinera Express,Transport,México,Puebla,Approved,00,False,,,
TRX-UYTM630KNJGZZVSXQ5M3,2026-05-27 12:50:56,2026-05-27,PRD-VBJR6CK07W9G,CLI-MOH9SJZAZDHT,Purchase,,247.12,USD,,POS,,Super Ahorro,Food,México,Querétaro,Approved,00,False,4.0,,
TRX-H5OPNY581BAUM8CFPYQA,2026-05-28 05:43:18,2026-05-27,PRD-19LT1VP2LHQG,CLI-CQFCYHC6RCKR,Withdrawal,,365.3,USD,,ATM,SUC-M8AEJ2A4,,,México,Querétaro,Approved,00,False,6.99,,
TRX-YVSQP98MIPBHF7HNOHYO,2026-05-27 07:12:50,2026-05-27,PRD-QA5YGEF487BZ,CLI-2PSERJYDEXQU,Withdrawal,,1092595.92,COP,273.15,ATM,SUC-XZM2NPS4,,,Colombia,Cali,Approved,00,False,5.54,3.8474864,-74.0648434
TRX-61XC1Q53HL4FJSJR155H,2026-05-28 00:26:17,2026-05-27,PRD-J3LJN6809J8Q,CLI-XFLXWECCXHOG,Transfer,,5860.59,USD,,ATM,SUC-XUG645G9,,,México,,Approved,00,False,17.48,,
TRX-C6CWVC2HS8ZIM7R6HNYK,2026-05-28 00:29:13,2026-05-27,PRD-GZ7MGBT29L8I,CLI-VIA28O0DP7GV,Adjustment,,94.32,USD,,Web,,,,México,Querétaro,Approved,00,False,8.43,,
TRX-4O687PBSMFBWP5L0UW6B,2026-05-28 00:14:34,2026-05-27,PRD-5R6CV7DKNKKM,CLI-G0VVFA8HHJGG,Deposit,,737852.95,ARS,2108.15,Web,,,,Argentina,Mendoza,Approved,00,False,10.17,,
TRX-VNYEVPXIJ1KRVOY5IONP,2026-05-27 13:01:57,2026-05-27,PRD-TPK1OPMT1SOH,CLI-50L1PMS37B8I,Purchase,Health,271.37,USD,,POS,,Laboratorio Central,Health,Argentina,Córdoba,Approved,00,False,0.65,,
TRX-6Z8X62DHZ24GW68XFY9T,2026-05-28 05:57:47,2026-05-27,PRD-SBG3QSGFONNK,CLI-3HCKLGIEW7ZC,Purchase,Transport,219.56,USD,,App,,Gasolinera Express,Transport,México,Puebla,Approved,00,False,25.32,,
TRX-QW5AILGQ6SDITRITA7Y1,2026-05-27 16:41:42,2026-05-27,PRD-3L6JKDUXOZP6,CLI-WK6M63WGCL70,Purchase,,1296204.9,COP,324.05,POS,,Streaming Music,Entertainment,Colombia,Bogotá,Declined,54,False,,4.2707165,-73.9997699
TRX-WYAEK3AJ1ZDJWY0ZSQ4Q,2026-05-27 17:58:33,2026-05-27,PRD-RLLEC8JM22JK,CLI-5CON5RAKBBDE,Withdrawal,,234.73,USD,,POS,,,,México,Querétaro,Approved,00,False,19.29,,
TRX-HF2OXZMPM22TMTTXKF0F,2026-05-27 18:21:48,2026-05-27,PRD-T75ZUMS7KXVV,CLI-QZSEEY08GRX6,Adjustment,,2961553.48,COP,740.39,POS,,,,Colombia,Barranquilla,Approved,00,False,7.75,,
TRX-BKXZXLPVD3WJ9Y6AMOZF,2026-05-27 12:14:08,2026-05-27,PRD-JMSVX0D0H4PW,CLI-TXJNKLXJMQ2D,Purchase,Food,53.21,USD,,POS,,Super Ahorro,Food,México,,Approved,00,False,22.8,,
TRX-U8SSQW6KLOPVVK3LH3S2,2026-05-27 21:50:59,2026-05-27,PRD-FZLNFFY2VQ7W,CLI-6T77QN8FHPG3,Transfer,,1121.64,USD,,App,,,,USA,New York,Approved,00,False,6.23,,
TRX-Q0ZE4V5TO5Z9K6HT1OJN,2026-05-27 09:52:52,2026-05-27,PRD-3W5BDK31FPFG,CLI-ORL1NR4P5KL0,Deposit,,4641.72,USD,,Web,,,,México,Ciudad de México,Approved,,False,10.85,,
TRX-S1FKOYL5GXGYS1NUPCC1,2026-05-27 08:49:07,2026-05-27,PRD-Q1ZUO4OUZ46K,CLI-MPAVNAZKH5GA,Deposit,,6656390.41,COP,1664.1,POS,,,,Colombia,Medellín,Approved,00,False,26.38,,
TRX-AK8M4YJYT7J6H5WK1M04,2026-05-27 23:28:48,2026-05-27,PRD-8J9R7WNWT4UB,CLI-G6NF8GVSU2PA,Purchase,Transport,1357277.86,COP,339.32,App,,Taxi Seguro,Transport,Colombia,,Approved,00,False,,,
TRX-N4XEE5NG1O8Q8H9RAGRK,2026-05-27 07:59:32,2026-05-27,PRD-66571Y9TMNPK,CLI-NEKLIOXYML6F,Purchase,Health,293.12,USD,,ATM,SUC-CGL8D37U,Óptica Visión,Health,México,Querétaro,Approved,00,False,28.47,,
TRX-BDDB910A6Z0JAM3LI2GN,2026-05-27 14:49:38,2026-05-27,PRD-JDOVZU2K9CPI,CLI-5W9MOFMV9R8H,Deposit,,211.43,USD,,ATM,SUC-349TR6OC,,,México,Monterrey,Approved,00,False,,,
TRX-EIMCU2W72CZ90LAVSKHI,2026-05-27 23:39:03,2026-05-27,PRD-L13OZ128HA05,CLI-SOO90KAA3PDD,Withdrawal,,52.47,USD,,ATM,SUC-DL6TAAQL,,,México,Querétaro,Approved,00,False,9.59,,0.2409661
TRX-BL1BZVNNLMBG9DGTJTLZ,2026-05-27 19:53:41,2026-05-27,PRD-T6UGJJJ62LIS,CLI-VTYSZ92VO2VD,Adjustment,,482408.02,COP,120.6,ATM,SUC-RNGAMG7V,,,Colombia,Cartagena,Approved,00,False,18.62,,
TRX-RY7MYPOAEMLC0AO16IHK,2026-05-27 11:40:52,2026-05-27,PRD-G00ALXW4S8UV,CLI-1F0IKMHT2QEL,Deposit,,1418181.3,COP,354.55,POS,,,,Colombia,Medellín,Approved,00,False,9.87,,
TRX-NXVNR9BTBTE4EDR0JBG7,2026-05-27 17:08:17,2026-05-27,PRD-K7DHEV0QHBPT,CLI-F75739JN5OBO,Purchase,Other,300.21,USD,,POS,,Ferretería,Other,México,Puebla,Approved,00,False,,,
TRX-W147G4DW26RL3V9J7WVB,2026-05-28 05:30:13,2026-05-27,PRD-MPDE455M0OAO,CLI-75VFLQSO1AZY,Transfer,,2851.07,USD,,ATM,SUC-ADIYTS49,,,Brazil,Salvador,Approved,00,False,13.62,,
TRX-SX0RJ1J9N4NLI1QGM6DA,2026-05-27 15:33:51,2026-05-27,PRD-UTVKTUZ508YD,CLI-QVRUZNAB8DZA,Payment,Other,883.04,USD,,ATM,SUC-CUMTPAM3,,,México,Ciudad de México,Approved,,False,1.75,,
TRX-2FAAI0CMX7JINPAJNMVK,2026-05-27 21:43:49,2026-05-27,PRD-EC44R1KF4SG0,CLI-LAB8R6NX2TQ6,Transfer,,30827704.72,COP,7706.93,POS,,,,Colombia,,Approved,00,False,17.23,3.9967733,-74.367824
TRX-83XVHNH2T9FD7FWT3TO2,2026-05-27 14:01:00,2026-05-27,PRD-KIN8IHR7EXS6,CLI-ZUGYS5JRJQMI,Purchase,Entertainment,206.64,USD,,POS,,Teatro Nacional,Entertainment,México,Puebla,Approved,00,False,19.84,0.3570135,-0.5864346
TRX-7IN6UO2UVOBL1EKSEFQR,2026-05-28 02:01:47,2026-05-27,PRD-Y9RI3IHRNETJ,CLI-1C8KAV57CZ5D,Payment,Entertainment,1694.62,USD,,ATM,SUC-KUOJDQSO,,,México,Guadalajara,Approved,00,False,16.61,,
TRX-XT96OF96ICT71AWTX8Q4,2026-05-27 23:51:58,2026-05-27,PRD-623E09L4LDX6,CLI-SRNO7RU85BGB,Withdrawal,,380.6,USD,,ATM,SUC-SDXPHMG4,,,México,Puebla,Approved,00,False,,,
TRX-HLFAXDQLD2OS6DG835KN,2026-05-28 04:14:49,2026-05-27,PRD-XB21QH90QC5A,CLI-RDWJE1VRBEXW,Withdrawal,,149636.71,ARS,427.53,ATM,SUC-XHNP3DLP,,,Argentina,Rosario,Approved,00,False,3.97,,
TRX-O1CU1ZC6CHHXL6WOHC19,2026-05-27 19:24:14,2026-05-27,PRD-PGAJCWRI4PST,CLI-JUDRIL3T0JRA,Payment,Food,6641723.97,COP,1660.43,POS,,,,Colombia,Cartagena,Approved,,False,10.41,,
TRX-39X15SBUFH9MUAA5R4HJ,2026-05-28 04:02:58,2026-05-27,PRD-P9I80PDA185Y,CLI-LCCHJ0CO5YFT,Deposit,,8877427.57,COP,2219.36,POS,,,,Colombia,Cartagena,Declined,51,False,5.97,,
TRX-ZAOG2KKOAYD8O6N5Z493,2026-05-27 17:48:04,2026-05-27,PRD-G8BLVGFDIF67,CLI-LMJD7ZGS6Z90,Purchase,Transport,115.13,USD,,ATM,SUC-4ZFT9FN6,Uber,Transport,México,Puebla,Approved,00,False,11.23,,
TRX-JRJMF2U0V3NXG6HF06W1,2026-05-27 11:38:21,2026-05-27,PRD-AVMD0QF8PJN6,CLI-UK0QYGXG1XWD,Deposit,,3076.96,USD,,POS,,,,México,Ciudad de México,Pending,14,False,27.68,-0.4583814,0.9748517
TRX-OZFKL7B7MLDM6RFUNHYA,2026-05-28 00:57:59,2026-05-27,PRD-T4XY9VURSAB9,CLI-6QBSH7NP5LCL,Deposit,,1022860.32,COP,255.72,Transfer,,,,Colombia,Cartagena,Approved,00,False,15.38,,
TRX-K6MMX8IP5B2V6ZMFWEPC,2026-05-27 06:01:04,2026-05-27,PRD-1YUG06GWNB1N,CLI-PDNKW9FQSO50,Withdrawal,,173931.06,COP,43.48,Web,,,,Colombia,,Approved,00,False,,,
TRX-79WUM40QDWE2POT5D3NR,2026-05-27 12:57:54,2026-05-27,PRD-GNBZHSGVRWFA,CLI-6209Z05VM0OL,Withdrawal,,1090155.94,COP,272.54,Web,,,,Colombia,Bogotá,Approved,00,False,1.49,,
TRX-YQQBG13IB53C394NCRGG,2026-05-28 02:25:05,2026-05-27,PRD-W66HPSU9ZB56,CLI-DSQT3ZE9AI70,Transfer,,5853.64,USD,,POS,,,,México,Tijuana,Approved,00,False,,-0.7805615,0.6665565
TRX-HYND4TYHM49POBISB429,2026-05-27 19:20:24,2026-05-27,PRD-WGT7L12G0G5Z,CLI-OY46B2QSQHC0,Adjustment,,392.24,USD,,Transfer,,,,México,,Approved,00,False,3.39,,
TRX-WOA5J9WHAM2U77CE0J3L,2026-05-27 07:45:21,2026-05-27,PRD-4AXI3CSKAU86,CLI-TS0FH896QYLK,Purchase,Other,399.89,USD,,POS,,Boutique Moda,Other,Brazil,São Paulo,Approved,00,False,25.25,,
TRX-GVAN62MOE5ZC9E9ZQJHG,2026-05-27 21:46:21,2026-05-27,PRD-BZWQCVUVSQPI,CLI-47WQ6SG0QT53,Purchase,Services,108425.31,ARS,309.79,POS,,Empresa Telefónica,,Argentina,Rosario,Approved,00,False,,,
TRX-MRJVMYSXXZ8HOX3QJHC7,2026-05-27 17:04:41,2026-05-27,PRD-QQR9QGLU1S5N,CLI-H169D8HMAWS6,Payment,Other,525.95,USD,,Transfer,,,,Argentina,La Plata,Approved,00,False,8.53,,
TRX-CXZ85RFY1DHRONZG019T,2026-05-27 22:22:08,2026-05-27,PRD-ON192SMEBECV,CLI-L5SYRRING2Y3,Payment,Entertainment,1927.34,USD,,App,,,,México,Guadalajara,Approved,00,False,,,
TRX-50HO3BVAUT4JUA9XJ59O,2026-05-27 21:17:48,2026-05-27,PRD-JQGE1JDPPFX7,CLI-GBOS829SEUAZ,Deposit,,2480.04,USD,,POS,,,,México,Monterrey,Approved,00,False,14.43,,
TRX-MSPRSNSH0SLZECU084K6,2026-05-27 22:18:38,2026-05-27,PRD-4MEER9GUPPLL,CLI-N0ZXO9DEVOVJ,Deposit,,3985.87,USD,,ATM,,,,México,Guadalajara,Approved,00,False,,,
TRX-TDUQOPUBPSZKM81ALSLT,2026-05-27 12:22:50,2026-05-27,PRD-QXLSG9MMB3NI,CLI-C5NV182BWYB5,Transfer,,7537.71,USD,,App,,,,México,Monterrey,Approved,00,False,27.66,,
TRX-9L54EWJFRZ4W8OAI1C6L,2026-05-27 09:22:08,2026-05-27,PRD-65IEEKTBNTTN,CLI-WC46WP2RQDE9,Payment,Transport,426937.66,ARS,1219.82,ATM,SUC-0MPZUQLJ,,,Argentina,,Approved,00,False,14.5,,
TRX-XRP5H5AWLJX0UFN4OMN9,2026-05-27 22:01:47,2026-05-27,PRD-OBC0L7J82HJ9,CLI-PZDI3RJPC534,Payment,Other,1901.96,USD,,ATM,SUC-F321UEME,,,Argentina,Rosario,Approved,,False,7.62,,
TRX-FNU8FF12I5LH0LMSNKJQ,2026-05-27 18:45:52,2026-05-27,PRD-WZPY9T8S7UVI,CLI-YVRC8UEQL69B,Deposit,,1385.29,USD,,POS,,,,México,Tijuana,Approved,00,False,2.44,-0.0048419,0.4048637
TRX-SYNCIRD9HW3WWLPAVAE9,2026-05-27 22:03:00,2026-05-27,PRD-I5W7VDL5FQZH,CLI-LIDQNNQRDMPS,Withdrawal,,402.38,USD,,POS,,,,México,Monterrey,Approved,00,False,14.73,,
TRX-TVAJRJJZLVT68B5CPNY7,2026-05-27 08:37:33,2026-05-27,PRD-PQ50RYP1BVG6,CLI-OGUNBD2TIIFG,Adjustment,,241.68,USD,,ATM,SUC-P5YISP64,,,México,Puebla,Reversed,14,False,14.58,-0.7543842,0.5312876
TRX-1JQA15KJK9YS4GMGLSTZ,2026-05-27 09:16:22,2026-05-27,PRD-97UD2B0A9Z58,CLI-HZSB5YQYCW9P,Deposit,,1515013.89,ARS,4328.61,Web,,,,Argentina,Buenos Aires,Approved,00,False,24.58,,
TRX-94LALDZV0VTCGY2ADE0X,2026-05-27 20:30:10,2026-05-27,PRD-7JYUNBS9P4FA,CLI-WEPUTCCWIGII,Transfer,,17209136.56,COP,4302.28,App,,,,Colombia,,Approved,00,False,18.08,,
TRX-VCCRAK1PH6LIY6BB48TA,2026-05-27 14:14:47,2026-05-27,PRD-8O94VUBI1P1N,CLI-08AVLWGQZ611,Purchase,Food,7324.09,ARS,20.93,POS,,Tienda Don José,Food,Argentina,Mendoza,Approved,00,False,25.12,,
TRX-KSN0L1S9K24ZE70XF73M,2026-05-27 12:33:56,2026-05-27,PRD-BV8OZG5MO5HW,CLI-DKFUNVAUH0TU,Payment,Services,1927083.47,COP,,POS,,,,Colombia,Cartagena,Approved,00,False,17.03,3.9825676,-74.2584031
TRX-2LG368CRVVEZJAYBGSGN,2026-05-27 17:56:06,2026-05-27,PRD-FD66UQEAPNV2,CLI-A6HT5SPIADQ5,Purchase,Entertainment,246.55,USD,,ATM,SUC-QMYSBASD,Conciertos Live,Entertainment,México,Monterrey,Approved,00,False,10.1,,
TRX-2H3APWBNBOV9KMFYMLAR,2026-05-27 18:09:39,2026-05-27,PRD-0GKCYVC1FIBG,CLI-NQO2B0414K75,Payment,Transport,714.46,USD,,App,,,,México,Monterrey,Approved,00,False,8.23,,
TRX-ZN9QYFFLHBBKK8044XVR,2026-05-27 08:47:47,2026-05-27,PRD-MPTQNB1ZNZS5,CLI-NOCNKRW1DUVK,Purchase,Food,341.11,USD,,ATM,SUC-FFI5DAEC,Restaurante El Buen Sabor,Food,México,Puebla,Approved,00,False,0.42,0.1744935,-0.3075139
TRX-900TMN8XU10QXLEM4GZM,2026-05-27 07:11:20,2026-05-27,PRD-7809Y7367Z53,CLI-SBP6COLS0S5Y,Deposit,,8601438.55,COP,2150.36,POS,,,,Colombia,Cartagena,Pending,05,False,29.87,5.1824304,-74.4068093
TRX-88M3CRH7W0ZS6Y9U3ROH,2026-05-27 09:22:27,2026-05-27,PRD-9627PNWB86L2,CLI-9R2C2YKCJSYM,Deposit,,4458.08,USD,,App,,,,México,Ciudad de México,Approved,00,False,18.69,,
TRX-5EYRB5GXMOK3RMACBEN5,2026-05-27 13:20:13,2026-05-27,PRD-JSWWUDS0SRDR,CLI-AULFHQHQJ0MS,Payment,Services,1164.81,USD,,Web,,,,México,Guadalajara,Approved,00,False,29.71,,
TRX-VTIWVHQMC7VFE2AFBN5L,2026-05-27 12:57:24,2026-05-27,PRD-P0JQNN5BM6JD,CLI-IZJNXD1E31DK,Transfer,,403632.74,COP,100.91,POS,,,,Colombia,Cali,Approved,00,False,21.69,,
TRX-K2XW9KT8I0K8J8Z9FZW8,2026-05-27 15:15:53,2026-05-27,PRD-7YG7QVCP41EC,CLI-UK0QYGXG1XWD,Purchase,Other,287.4,USD,,Web,,Boutique Moda,Other,México,Ciudad de México,Approved,00,False,21.59,,
TRX-OXFY44CZEFFJXKSD68YP,2026-05-27 12:14:31,2026-05-27,PRD-BY2CFS6JT62U,CLI-6XA357MUY326,Payment,Services,125695.81,ARS,359.13,POS,,,,Argentina,Rosario,Approved,00,False,27.23,-34.130222,-57.6322896
TRX-6K0JJAI0FEQVPY2ZSCVO,2026-05-28 00:50:48,2026-05-27,PRD-Q5PPVNEHQ3IJ,CLI-DPXBOXRPMCJR,Transfer,,9043.43,USD,,App,,,,México,Guadalajara,Approved,00,False,18.12,,
TRX-UHMJDC6PR3NXLVDA1GDW,2026-05-27 17:40:09,2026-05-27,PRD-1E3VHI78H9P9,CLI-4ZXDADSA0IVM,Transfer,,3759.81,USD,,POS,,,,México,Puebla,Pending,14,False,16.29,,
TRX-U7UYL3I7C9ZAB53VH3ZR,2026-05-28 04:17:08,2026-05-27,PRD-R8F9N6AHBSYO,CLI-FRZ0KQT6XL26,Payment,Transport,160.47,USD,,Web,,,,México,Monterrey,Approved,00,False,17.99,,
TRX-DWD17SPOMYG558A6IJEU,2026-05-27 12:53:56,2026-05-27,PRD-7158M7AS8UBJ,CLI-8FQEVX2YLGUX,Payment,,2420680.84,COP,605.17,POS,,,,Colombia,Barranquilla,Approved,00,False,22.11,3.9720201,-73.3954881
TRX-PU6DLZ17A267FFAI4CO6,2026-05-27 10:39:36,2026-05-27,PRD-K7T2YO0BALQX,CLI-0YGSPMIOESUA,Transfer,,9017.54,USD,,POS,,,,México,Monterrey,Approved,00,False,14.99,0.5313266,0.7317307
TRX-CIVV3YAXFC5GYIP3ZQR8,2026-05-27 21:53:36,2026-05-27,PRD-5OMDAAZECTXE,CLI-YEUL4V7YMRPM,Transfer,,2131271.3,ARS,6089.35,ATM,,,,Argentina,La Plata,Approved,00,False,3.38,,
TRX-V8XFX49KLGHYSW1MYHK8,2026-05-27 06:32:34,2026-05-27,PRD-KC55V3UTXC37,CLI-6IQBZ8PJ4BZ3,Purchase,Other,1334793.31,COP,333.7,ATM,SUC-H2ROE7C8,Centro Comercial,Other,Colombia,Bogotá,Approved,00,False,,,
TRX-14VNN7KLKQ31EMKYFBNR,2026-05-27 16:59:38,2026-05-27,PRD-GE1NI0M8K95Z,CLI-J5250Z3O0SCL,Withdrawal,,191.65,USD,,POS,,,,México,,Approved,00,False,,,
TRX-CZ2ASQCQM484J483L6F3,2026-05-27 20:32:09,2026-05-27,PRD-Y8FW0DBDQFRI,CLI-01RVJQBAXJV3,Purchase,Health,139.24,USD,,App,,Farmacia Salud,Health,México,Puebla,Approved,00,False,,,
TRX-NBH6YQUXKUEAOWEH7OMC,2026-05-27 14:08:07,2026-05-27,PRD-PS74GYSE3UYA,CLI-AY0YNFKCBWXT,Payment,Services,1727.24,USD,,Web,,,,México,Tijuana,Approved,,False,7.59,,
TRX-MJQCVI1ZOW56U0V2LICD,2026-05-27 22:56:52,2026-05-27,PRD-WKGQXSOA8FIO,CLI-V6RZCML35CP3,Purchase,Health,170.37,USD,,POS,,Óptica Visión,Health,México,,Approved,00,False,25.07,,
TRX-V3BMS2TTM9HTXGRUUVKC,2026-05-27 20:20:06,2026-05-27,PRD-Q1CT34KPC3EE,CLI-97BRXZGKYHYG,Transfer,,8038.93,USD,,App,,,,México,Tijuana,Approved,00,False,15.82,,
TRX-QL1DN0JZ038G0XW1SSPO,2026-05-27 19:24:56,2026-05-27,PRD-UG08IUR73V21,CLI-Y4PWZ1PWKL3X,Withdrawal,,222.09,USD,,POS,,,,Argentina,Buenos Aires,Approved,00,False,4.47,,
TRX-UABO0AR307I8DGVIX909,2026-05-27 14:17:56,2026-05-27,PRD-2HPIJK2DMVOU,CLI-L0RYJFMUF6MQ,Deposit,,6693687.28,COP,1673.42,Web,,,,Colombia,Medellín,Approved,00,False,17.59,,
TRX-D65D2MO81BVTSR2399SB,2026-05-27 12:12:48,2026-05-27,PRD-OUAQY1KPTVLO,CLI-IICQ6PP8P0NG,Withdrawal,,590233.65,COP,147.56,App,,,,Colombia,Cali,Approved,00,False,12.71,,
TRX-0V449AUEC301B9OF89JN,2026-05-27 16:22:01,2026-05-27,PRD-4D170N5PEB1Z,CLI-VSF2TIEY6JK6,Transfer,,2793209.41,ARS,7980.6,ATM,SUC-XCP0A6C8,,,Argentina,Córdoba,Approved,00,False,21.34,,
TRX-J91XOL9LPCGWRYU41KGY,2026-05-27 22:32:16,2026-05-27,PRD-XSDZAG2AGMV3,CLI-VRCOFD7W2GSU,Purchase,Entertainment,303.73,USD,,POS,,Cine Premium,Entertainment,México,Monterrey,Approved,00,False,4.17,0.9039258,-0.2911611
TRX-UE13OLVDXTUPQ83PYC5H,2026-05-27 16:51:27,2026-05-27,PRD-ZG8913C5IIKG,CLI-XGEIXZP66FSS,Transfer,,5197.35,USD,,Web,,,,México,Tijuana,Approved,00,False,0.9,,
TRX-SJ4KFOE6N3D25N2NJPQW,2026-05-27 08:25:26,2026-05-27,PRD-MPJVAIDW5PEX,CLI-IP91WC4ZC4EP,Withdrawal,,151785.94,ARS,433.67,POS,,,,Argentina,Mendoza,Approved,,False,,-35.2729554,-58.3483257
TRX-VPW08C6JTPIYUQ97UUV5,2026-05-28 04:08:59,2026-05-27,PRD-CEZ7Q93O1A3F,CLI-CCHYMERP83C6,Purchase,Food,638997.52,COP,159.75,POS,,Tienda Don José,Food,Colombia,,Approved,00,False,13.67,,
TRX-WV2IS0D0DNRN89RXPIPR,2026-05-27 06:04:57,2026-05-27,PRD-W73H1R4WVB8I,CLI-GUDWSP8VG4Y8,Transfer,,6926.27,USD,,App,,,,México,Monterrey,Approved,00,False,3.86,,
TRX-1XVGE9IJILJJUTBFI4DU,2026-05-27 21:14:30,2026-05-27,PRD-DS45YE0PX9EF,CLI-RKB2Q332R6TB,Transfer,,9322.53,USD,,ATM,SUC-RFQLK7RX,,,Colombia,Bogotá,Approved,,False,,4.1725488,-73.1859924
TRX-YG0VC0Q8LCTT9ADA02EL,2026-05-27 06:28:54,2026-05-27,PRD-FCMEXZG7JQMU,CLI-PE0OZ5A2BXW4,Withdrawal,,81041.9,ARS,231.55,ATM,SUC-XCP0A6C8,,,Argentina,Rosario,Approved,00,False,8.67,,
TRX-X1V8G4UKNQ2SK38IDIFC,2026-05-27 20:02:12,2026-05-27,PRD-XC2TJB0RRAMN,CLI-8169EE1EDMU2,Purchase,Transport,170073.78,ARS,485.93,ATM,SUC-2VHGDILI,Gasolinera Express,Transport,Argentina,Córdoba,Approved,00,False,,-35.1942704,-57.8177341
TRX-6B178CP3ORVYP8N3OPGH,2026-05-27 17:24:00,2026-05-27,PRD-0RJUM1TGMIFU,CLI-W01TFJHAFW4L,Deposit,,2432.08,USD,,POS,,,,Colombia,Barranquilla,Approved,00,False,5.36,4.9368861,-73.479788
TRX-P2574THOVCCBPA9L7XDF,2026-05-28 04:08:43,2026-05-27,PRD-7KAOK8SC2295,CLI-V65QD8Y86542,Transfer,,468.66,USD,,ATM,SUC-FQBLIDK9,,,México,Guadalajara,Approved,00,False,15.8,-0.1173108,0.5347296
TRX-85MH1DTOE1TC36H5P3BC,2026-05-27 06:58:01,2026-05-27,PRD-0CEPN33A7GVJ,CLI-79X5GWFECRLQ,Transfer,,3694.23,USD,,App,,,,México,Querétaro,Approved,00,False,26.09,,
TRX-MMXWZ5DUR2TJJENPPARU,2026-05-27 09:41:22,2026-05-27,PRD-ZZWY84BRT375,CLI-UOFAMVOONQT4,Transfer,,8089.14,USD,,POS,,,,Argentina,Córdoba,Approved,00,False,3.71,-34.9315142,-58.794335
TRX-U7HBSJ6N0YBEB6ZOVEDG,2026-05-27 09:04:56,2026-05-27,PRD-TL3P4HDILUJN,CLI-VBMBMNXOFOYJ,Payment,Services,1456.47,USD,,Web,,,,México,Guadalajara,Approved,00,False,27.93,,
TRX-FG5KHV8OSO6E06PQE3AN,2026-05-27 20:04:20,2026-05-27,PRD-4H107B89CK69,CLI-JR4SH7GM9FA1,Withdrawal,,140.39,USD,,Web,,,,México,Ciudad de México,Approved,00,False,9.86,,
TRX-5ZF1I9P3PJ61BEZKX4Y8,2026-05-27 10:49:12,2026-05-27,PRD-R4ISW8K2Y4QO,CLI-PGAXZ3C8YVLD,Transfer,,7517.96,USD,,Web,,,,Colombia,Medellín,Approved,00,False,22.9,,
TRX-R1IE5MU8HQWCGTBKMYRV,2026-05-27 19:23:00,2026-05-27,PRD-B7KQG4VW15TM,CLI-2X9E5SYW9TFD,Purchase,Entertainment,29.46,USD,,POS,,Cine Premium,Entertainment,México,Monterrey,Approved,00,False,22.56,,
TRX-K807QTFGLE7CJM2A5ZK4,2026-05-27 13:29:13,2026-05-27,PRD-UEU5PUR764ZK,CLI-RFJTPOHHRYCA,Payment,Transport,593910.26,COP,148.48,POS,,,,Colombia,Bogotá,Approved,00,False,10.7,,
TRX-VV9Z7K4KG43Q0187UW16,2026-05-27 15:19:19,2026-05-27,PRD-JNJSRJOGNOS8,CLI-V4RV0XO4CFG6,Purchase,Transport,307045.05,COP,,Web,,Uber,Transport,Colombia,Medellín,Approved,00,False,4.62,,
TRX-GTEOZBEGU21S1AKOO9A2,2026-05-27 13:08:04,2026-05-27,PRD-ECWOGIM881BZ,CLI-JOO4CV93DVSL,Withdrawal,,75740.09,ARS,216.4,POS,,,,Argentina,,Approved,00,False,,,
TRX-VM87HW6RFAME7OIXN6VR,2026-05-27 15:23:02,2026-05-27,PRD-WV68PAW8HHHK,CLI-KN9T5LQ288OF,Deposit,,3654.7,USD,,POS,,,,México,Guadalajara,Approved,00,False,3.41,,
TRX-9Y7K2S4YW6SAG3UXV2F3,2026-05-28 00:52:03,2026-05-27,PRD-QVARY9VV6WGF,CLI-RF47YSJBZSWP,Withdrawal,,493.92,USD,,ATM,SUC-UB0LXRUU,,,México,Guadalajara,Approved,00,False,,,
TRX-5B2D4NAIW10BYWIPV9QJ,2026-05-27 21:39:38,2026-05-27,PRD-OMU4GGRDNK8O,CLI-TJQNALHTG9Z8,Transfer,,3435835.81,ARS,9816.67,ATM,SUC-46JOBFMX,,,Argentina,Mendoza,Approved,00,False,13.88,,
TRX-6CFCGC2RQ8ZYLU0UX9Y5,2026-05-27 19:12:10,2026-05-27,PRD-0ENY6555C306,CLI-IBUVVQVNVHG0,Payment,Other,1345.22,USD,,Web,,,,México,Monterrey,Approved,00,False,25.62,,
TRX-8WF87IF549PI31HDQFQI,2026-05-27 19:55:44,2026-05-27,PRD-8C930MHPXDXK,CLI-8QEX2U41NSB3,Deposit,,3850.99,USD,,POS,,,,México,,Approved,00,False,,,
TRX-HGT7ZLTHTCU2748NIIBQ,2026-05-28 00:53:49,2026-05-27,PRD-NUE3G6EY5LJT,CLI-211OUUDU6PP2,Deposit,,18658620.68,COP,4664.66,POS,,,,Colombia,Bogotá,Approved,,False,2.2,,
TRX-Y903NE5R5KAU2TWXGNYP,2026-05-27 10:27:35,2026-05-27,PRD-JWMHZE4YFVN0,CLI-MECNT7IPH4UP,Purchase,Other,638285.24,COP,159.57,App,,Ferretería,Other,Colombia,Barranquilla,Approved,00,False,13.95,,
TRX-IACJWLO24UDQQ9SC45VI,2026-05-27 18:34:09,2026-05-27,PRD-U2DZWDU3VNKH,CLI-KW0E15UABMB0,Withdrawal,,1914784.55,COP,478.7,ATM,SUC-RFQLK7RX,,,Colombia,Barranquilla,Approved,00,False,,,
TRX-9MZOBA4VZH1CNRPCITNX,2026-05-27 12:20:15,2026-05-27,PRD-I0E7Z9B15580,CLI-4LS1XJ7MTY26,Purchase,Other,157251.78,ARS,449.29,App,,Boutique Moda,Other,Argentina,La Plata,Approved,00,False,20.61,,
TRX-J76A43P02FNSQSIP3HHN,2026-05-27 06:03:24,2026-05-27,PRD-YSL33EM860LQ,CLI-LHNXVWEE9MHN,Payment,Other,7431853.16,COP,1857.96,POS,,,,Colombia,Medellín,Approved,00,False,5.5,,
TRX-VMWI609GDUODHFBQ5ULX,2026-05-27 07:16:02,2026-05-27,PRD-D2ROP6LVYKG3,CLI-5S30GJY32Y3D,Transfer,,7638132.64,COP,1909.53,POS,,,,Colombia,Medellín,Approved,00,False,24.4,,
TRX-KWB67LQNKCB7USA6N5VS,2026-05-27 07:31:29,2026-05-27,PRD-PBYLK2PBA6DA,CLI-WYCBUHQLCSEV,Withdrawal,,306.86,USD,,ATM,SUC-HVN55QJQ,,,México,Puebla,Approved,00,False,6.91,0.4060018,-0.6524722
TRX-4AB7W7CT32ASGL403UY1,2026-05-27 15:51:26,2026-05-27,PRD-A865HTSBPHX4,CLI-N09SXKTS9L78,Deposit,,2865778.04,COP,716.44,Web,,,,Colombia,Cartagena,Approved,00,False,3.74,,
TRX-7ZYE8YAI2PTZGMR059LE,2026-05-27 07:43:04,2026-05-27,PRD-KN5PAOZI798K,CLI-SL6RNC7U687E,Withdrawal,,296.18,USD,,ATM,SUC-UB0LXRUU,,,México,,Approved,00,False,,,
TRX-QYY2I2YGP5BA79MGHOL3,2026-05-27 17:44:20,2026-05-27,PRD-1436WW7RDQZA,CLI-SCILDYEEAT5J,Purchase,Transport,401.03,USD,,Web,,Estación de Servicio,Transport,México,Monterrey,Approved,00,False,1.51,,
TRX-KE6W7OHOUDO6DFO0CYTB,2026-05-27 18:33:49,2026-05-27,PRD-91XTPEKW6PGI,CLI-LEI0EE80CEZL,Adjustment,,755.47,USD,,POS,,,,México,Puebla,Approved,00,False,28.08,,
TRX-IB8EL7I3IMPVAKQW24KM,2026-05-27 06:11:24,2026-05-27,PRD-39J7W4ATVN5O,CLI-QTTTH1654HJ0,Withdrawal,,1575478.26,COP,393.87,POS,,,,Colombia,Cartagena,Approved,00,False,17.44,,
TRX-QZ0NLPD5KYLIDL2PN5EA,2026-05-27 15:03:15,2026-05-27,PRD-N591BGPFWU7N,CLI-YIRMJ2GWGPT4,Transfer,,5632.59,USD,,Branch,SUC-4ZFT9FN6,,,México,Guadalajara,Approved,00,False,26.16,0.8194565,0.3214875
TRX-4TIFGHCTDP6W0WEZ42YJ,2026-05-27 23:43:29,2026-05-27,PRD-WFBLYOZ1AMX7,CLI-SZ56PB8ABM3N,Transfer,,4239.55,USD,,Web,,,,Argentina,La Plata,Approved,00,False,1.78,,
TRX-EIUF0O177SH9PCRRBN1B,2026-05-27 12:11:23,2026-05-27,PRD-MIPOWS7VV2S8,CLI-BSLA309JV34W,Payment,Transport,3148058.8,COP,787.01,ATM,SUC-CG5XPAZU,,,Colombia,Cartagena,Approved,00,False,1.86,,
TRX-LDVDHS5C4CVTNSJGB03B,2026-05-27 23:33:46,2026-05-27,PRD-88Z9G6715R62,CLI-9VH3KYGA6JMZ,Purchase,Food,289.24,USD,,ATM,SUC-ZXOSBE5D,Tienda Don José,Food,México,Ciudad de México,Approved,00,False,11.87,,
TRX-F0M5BYJBGVFQV3E966QL,2026-05-28 04:19:14,2026-05-27,PRD-T6EZLR13BC1I,CLI-O02NHUPWLBNU,Purchase,Food,72644.77,ARS,207.56,App,,Mercado Central,Food,Argentina,Rosario,Declined,14,False,21.67,,
TRX-EWWDOGNW5M4NS6DHK8TH,2026-05-28 03:53:37,2026-05-27,PRD-LSI1IPV8ZHG6,CLI-1S9M976RBZUH,Transfer,,35848530.09,COP,8962.13,POS,,,,Colombia,Cali,Approved,00,False,24.56,,
TRX-TDH7W04AVQLIN3ZTM14Y,2026-05-27 07:31:13,2026-05-27,PRD-5ID6CZRTWJ39,CLI-O3EY8GJ1Y7K4,Purchase,Entertainment,322.8,USD,,App,,Streaming Music,Entertainment,México,Guadalajara,Pending,54,False,,,
TRX-DPY02G59D1S0Z4PWT7E0,2026-05-27 09:37:38,2026-05-27,PRD-LAMPTHITJ20W,CLI-XW2XFPXF5N3U,Purchase,Entertainment,95205.57,ARS,,POS,,Cine Premium,Entertainment,Argentina,Buenos Aires,Approved,00,False,10.91,,
TRX-7ZT2GJ3V5WPBYW7CYUXM,2026-05-28 02:59:34,2026-05-27,PRD-4WATOI8D87FV,CLI-H9ICP8S93FHD,Deposit,,16919928.51,COP,4229.98,POS,,,,Colombia,Medellín,Approved,00,False,19.87,,
TRX-QVKU77GXFKDQADEOJOSI,2026-05-27 23:49:14,2026-05-27,PRD-ZGG54E70M0LE,CLI-RF8VUAWI0JAV,Purchase,Entertainment,441.5,USD,,Web,,Teatro Nacional,Entertainment,Argentina,La Plata,Approved,00,False,8.88,,
TRX-2WU94HTPVTKOW485Z9B2,2026-05-27 07:09:56,2026-05-27,PRD-YDB0Y0F3BR52,CLI-K6F4UILNDIGI,Withdrawal,,149.55,USD,,Web,,,,Colombia,Cartagena,Approved,00,False,16.15,,
TRX-XR9IYVPRHRSQX6LRKME6,2026-05-27 11:03:09,2026-05-27,PRD-ITHDTT035C1S,CLI-CD17ATQATAG2,Deposit,,1017340.69,COP,254.34,POS,,,,Colombia,Cartagena,Approved,00,False,,,
TRX-HFMQNHF5NHB85Y1AXDEQ,2026-05-28 02:53:35,2026-05-27,PRD-NQUBWIVKGTW5,CLI-CYJAZ0AT3AGP,Transfer,,323437.49,ARS,924.11,POS,,,,Argentina,Rosario,Approved,00,False,16.92,,
TRX-X96WSMIHTVUP4AO2YXOJ,2026-05-27 19:48:50,2026-05-27,PRD-FNU3V19BL554,CLI-P1BXMQHWVOQQ,Purchase,Transport,136210.11,ARS,389.17,Web,,Taxi Seguro,Transport,Argentina,Rosario,Approved,00,False,8.61,,
TRX-UJTHMCRYCHPHL1KR7WI9,2026-05-28 00:07:17,2026-05-27,PRD-TFFNSG12T8BO,CLI-4UJVIQBJCI7Y,Withdrawal,,170.56,USD,,Web,,,,México,Tijuana,Approved,00,False,23.86,,
TRX-D8B23P1Q3GRRIKUJEN27,2026-05-27 14:45:17,2026-05-27,PRD-DCEL3DH3HEGR,CLI-P5EY1RY85FTA,Payment,Food,1841.33,USD,,Web,,,,México,Puebla,Approved,00,False,0.34,,
TRX-PNBUXI7H6NPAWIVQHMKL,2026-05-27 07:14:06,2026-05-27,PRD-76DXD1LZ4GJ0,CLI-0JSJ5FUXK409,Payment,Entertainment,885.77,USD,,ATM,SUC-M8AEJ2A4,,,México,Tijuana,Approved,00,False,,,
TRX-3PULM8GFUGH7NQERYB3H,2026-05-28 02:48:25,2026-05-27,PRD-7AS4MWCBVBIE,CLI-ERRK5RSL12Q6,Payment,Other,618.78,USD,,App,,,,México,Ciudad de México,Approved,00,False,,,
TRX-R20DNM05LILWNG23QFHJ,2026-05-28 05:22:45,2026-05-27,PRD-15NYE8WC0AZU,CLI-V4X77CKVLBDF,Transfer,,3012.64,USD,,ATM,SUC-GOTE3INU,,,México,,Approved,00,False,26.48,,
TRX-PGW1JKEW34077L2SN87R,2026-05-27 07:13:50,2026-05-27,PRD-KIIATQJU6YN8,CLI-E1X12U5A8XA1,Payment,Food,1981.1,USD,,POS,,,,Argentina,La Plata,Approved,00,False,14.49,-34.5545496,-58.3810864
TRX-UV7DGOEHAVWL3I7Z3SYH,2026-05-27 12:51:05,2026-05-27,PRD-8WRI1X6XJ8F5,CLI-8QSHGDXYX9K6,Deposit,,462.76,USD,,POS,,,,México,Ciudad de México,Approved,00,False,29.63,,
TRX-8R4BNTINWAVGR49NVAY6,2026-05-27 13:37:19,2026-05-27,PRD-TOHFG7MGM2GI,CLI-71G3UIKYHX5Y,Withdrawal,,389.88,USD,,ATM,SUC-M3Y8BT51,,,México,Guadalajara,Approved,00,False,29.18,0.4406081,0.7038267
TRX-SP9PUWIYLQX6N1PXLJ07,2026-05-27 21:53:19,2026-05-27,PRD-TJ99SP0GJYO1,CLI-JECYQKQNYWCD,Withdrawal,,9109.55,ARS,26.03,ATM,SUC-FXWYIOXF,,,Argentina,Córdoba,Approved,00,False,5.6,-33.7026064,-59.2351621
TRX-9UM1I6Q2L5AP4MX8LB7L,2026-05-27 17:28:23,2026-05-27,PRD-J6L3RVTIF8GG,CLI-12CXBPWTE81E,Transfer,,31926108.9,COP,7981.53,ATM,SUC-F16NSV5F,,,Colombia,Bogotá,Pending,51,False,22.58,,
TRX-ED29QGZHGLCJ8WOW0LCZ,2026-05-28 00:23:32,2026-05-27,PRD-WWL6FP64XLXW,CLI-2GTAQJNQ2ASN,Purchase,Health,162340.59,ARS,463.83,Web,,Laboratorio Central,Health,Argentina,La Plata,Approved,,False,15.54,,
TRX-DJ59IHG0ZNMS3OZKAGMS,2026-05-27 19:57:47,2026-05-27,PRD-YGAY7FMYRVBV,CLI-RACRD123XRHY,Payment,Services,282375.02,ARS,806.79,ATM,SUC-10TO2Y3U,,,Mexico,Ciudad de México,Approved,00,False,,,
TRX-BM2IENSQTPFLI6A1JJ6B,2026-05-27 07:54:57,2026-05-27,PRD-E0LO6QSUEZRB,CLI-K0DZ8V39X3G5,Transfer,,5624.48,USD,,POS,,,,México,Ciudad de México,Approved,00,False,24.56,0.4630048,0.2192151
TRX-MSHVYVE1P5EIGS4Y5S4L,2026-05-28 01:27:01,2026-05-27,PRD-GPK3FL7D3CBJ,CLI-9YSOY4IAQ0OW,Withdrawal,,408.82,USD,,POS,,,,México,Ciudad de México,Approved,00,False,21.46,,
TRX-P9W9IV9XZ4SKRKIVLIHW,2026-05-28 03:01:14,2026-05-27,PRD-DZ28511O1FT7,CLI-M09ODJUO3PDR,Deposit,,717.72,USD,,POS,,,,México,Monterrey,Approved,00,False,23.46,,
TRX-QJF8YVHCR5I4AL5Q9UOW,2026-05-27 23:03:08,2026-05-27,PRD-K0SDNRB7D4M8,CLI-356WA8ZIR7FB,Payment,Services,5647452.89,COP,,ATM,SUC-MU9A5O88,,,Colombia,Cartagena,Approved,00,False,18.33,,
TRX-3LA0LN9U8R6JK3MNS5P4,2026-05-28 00:28:51,2026-05-27,PRD-MA8DRP0OOCA1,CLI-7I1DQWBWGDOH,Payment,Food,1421.29,USD,,ATM,SUC-8XAGRKOC,,,México,Monterrey,Approved,00,False,13.99,,
TRX-PN2P2KWI49F5X1BVBZJ6,2026-05-27 15:35:54,2026-05-27,PRD-IC0U6ZLCUGF6,CLI-HCZF8OY5UCA3,Transfer,,4620.34,USD,,App,,,,México,Ciudad de México,Approved,00,False,6.36,,
TRX-X7DATSL5LAIXRGIX3QAR,2026-05-27 12:36:37,2026-05-27,PRD-DWMD9YWA0IZZ,CLI-9QPV2RMNSCHY,Withdrawal,,537251.15,COP,134.31,App,,,,Colombia,Bogotá,Approved,00,False,14.88,,
TRX-R223OEQF71QX6VEUZRVI,2026-05-28 05:40:35,2026-05-27,PRD-LHDNP06CEG18,CLI-8JFYN8PSQH09,Transfer,,1739.5,USD,,ATM,SUC-KI33JLSV,,,Argentina,,Approved,00,False,19.68,,
TRX-54QYB1W2AKHMYVKDWY15,2026-05-27 09:42:51,2026-05-27,PRD-8MB38T8U5FXV,CLI-08AAU7IVK5EG,Transfer,,7059.39,USD,,ATM,SUC-JGJN78RV,,,México,Monterrey,Approved,00,False,8.23,,
TRX-N89XCHZCIM7ZJ2GKHVYB,2026-05-27 07:58:37,2026-05-27,PRD-8S1WK51XH9RX,CLI-GKZOJ8YYZPV9,Purchase,Entertainment,4296.39,ARS,12.28,Web,,Teatro Nacional,Entertainment,Argentina,,Reversed,54,False,10.99,,
TRX-ZL8OEK7HHPR1QQ4B6Z77,2026-05-27 18:33:00,2026-05-27,PRD-Y4A4DGGGIAG2,CLI-X584UOR45NCK,Withdrawal,,1102324.77,COP,275.58,Web,,,,Colombia,Cartagena,Declined,51,False,28.53,,
TRX-CQ6OXJUWXLZ1QK7HPNNS,2026-05-27 11:35:03,2026-05-27,PRD-YOFXIN3SCQ13,CLI-VQEZ0KPRCD80,Transfer,,5774.25,USD,,Web,,,,México,Puebla,Approved,00,False,6.42,,
TRX-P6AZ9AVQ5SC0VXRO4RNS,2026-05-27 18:15:22,2026-05-27,PRD-ISMJNDVKJ316,CLI-WDYJ6YHJED08,Purchase,Other,681584.72,COP,170.4,App,,Tienda General,Other,Colombia,Cartagena,Approved,00,False,,,
TRX-H6ATHGN8CZJYFGALHC14,2026-05-28 05:29:12,2026-05-27,PRD-R4IY7939RF9Z,CLI-MKZ0IG2K2EH1,Transfer,,1998657.29,ARS,5710.45,POS,,,,Argentina,La Plata,Approved,00,False,,,
TRX-4D23IKTLQDL96UW8IA9D,2026-05-27 09:16:07,2026-05-27,PRD-U3AOC3IPB00L,CLI-444P36PSA9WT,Purchase,Services,414.86,USD,,Web,,Servicios Públicos,Services,México,Puebla,Reversed,51,False,,,
TRX-8WBZZ2NRXJLA58RQ86IA,2026-05-27 16:09:22,2026-05-27,PRD-TM9UEGM7B6ZF,CLI-4LF5D2NZZWAW,Payment,Transport,396483.31,ARS,1132.81,POS,,,,Argentina,Córdoba,Approved,00,False,27.07,,
TRX-0DVHHB3OKYWKP7GP6XDY,2026-05-27 09:34:08,2026-05-27,PRD-9FG19J7JZLGT,CLI-H36RBWNDPYO2,Purchase,Services,130.45,USD,,POS,,Empresa Telefónica,Services,México,Tijuana,Approved,00,False,,-0.3975835,-0.3129302
TRX-B1F0O4BGWVY0T13KKQCS,2026-05-27 17:07:18,2026-05-27,PRD-XRTF99ZBAQEQ,CLI-JQXCC1L9SNSU,Deposit,,19342256.86,COP,4835.56,POS,,,,Colombia,Bogotá,Approved,00,False,9.62,,
TRX-8XA2QZUVGN3Q773X6VAO,2026-05-27 07:04:00,2026-05-27,PRD-2XWGDI83SDFV,CLI-TIVT0Q9RQ4YO,Transfer,,1164587.17,ARS,3327.39,ATM,SUC-5S93Z8YS,,,Argentina,Buenos Aires,Approved,00,False,,,
TRX-1WTR5MU3YG8W5FNQHSJI,2026-05-27 11:40:36,2026-05-27,PRD-NJO6F577TAP6,CLI-0QVH8N7ZNBPU,Withdrawal,,48.67,USD,,Web,,,,México,Monterrey,Approved,00,False,14.06,,
TRX-R9K9CC5KR9HUVD9D7Q99,2026-05-28 01:38:05,2026-05-27,PRD-WWE8MNAOEOTJ,CLI-1AI3L2REXO1E,Withdrawal,,880129.63,COP,220.03,POS,,,,Colombia,Barranquilla,Approved,00,False,5.86,,
TRX-XH4NPEPFGKT9D0MVFCK8,2026-05-27 13:34:34,2026-05-27,PRD-ZGTNP9EQMY96,CLI-OE57YY24NAAZ,Withdrawal,,384.45,USD,,ATM,SUC-P5YISP64,,,México,Puebla,Approved,00,False,21.57,0.8537704,0.3444947
TRX-AKNMVYSZYDK2V5LUDED5,2026-05-27 12:27:38,2026-05-27,PRD-O8WJ9ZJG2XI5,CLI-1XYS0QXMT1VS,Transfer,,5338.87,USD,,POS,,,,México,Monterrey,Approved,00,False,9.95,-0.1913359,-0.812582
TRX-DJK3EN7NXTRF8NPQ0OG7,2026-05-27 13:02:51,2026-05-27,PRD-B90XYLKLA0WE,CLI-DWDNKTTSFOG0,Transfer,,8637.45,USD,,Web,,,,México,Tijuana,Approved,00,False,20.34,,
TRX-1SMXTZDJDOGPILSBOUM8,2026-05-27 07:56:53,2026-05-27,PRD-I6DSIK2H6ZEQ,CLI-MST3BC2BKNM5,Withdrawal,,10026.62,ARS,28.65,ATM,SUC-ZVFW3M23,,,Argentina,Buenos Aires,Approved,00,False,16.29,,
TRX-FEKNKSOBZNKTG2Z4VNEF,2026-05-27 15:06:11,2026-05-27,PRD-1BQ04W9IHWKA,CLI-VCZEVAM2U8V0,Payment,Health,589.1,USD,,ATM,SUC-KYUNO9E0,,,México,Monterrey,Approved,00,False,2.33,,0.5511135
TRX-9SVN7RTJ9QFHBMUW9YVN,2026-05-27 23:37:50,2026-05-27,PRD-SU0Q0AV4AEAK,CLI-MXAELPSCXA7P,Adjustment,,723.71,USD,,POS,,,,México,Puebla,Approved,00,False,9.3,-0.3432723,-0.1782586
TRX-T7Y65KU8PETCQWULW2FC,2026-05-27 07:42:05,2026-05-27,PRD-VUQQ55VYWINW,CLI-TCFU4M2RU7HQ,Purchase,Other,995233.86,COP,248.81,ATM,SUC-RNGAMG7V,Centro Comercial,Other,Colombia,,Declined,05,False,1.19,,
TRX-0HLAA4UJWVFZT7692HCV,2026-05-27 07:43:34,2026-05-27,PRD-MH7UH4ZKMH4X,CLI-PRXF58E1FYMZ,Withdrawal,,307.0,USD,,App,,,,Brazil,São Paulo,Approved,00,False,,,
TRX-6EN64M22OEU0VM0X9IQD,2026-05-27 15:04:31,2026-05-27,PRD-SLBCOGN20A6V,CLI-YF9Y415JIRXV,Transfer,,39727758.72,COP,9931.94,POS,,,,Colombia,,Approved,00,False,,,
TRX-SBFWDZ54Q90M4PGWJYEG,2026-05-27 15:43:51,2026-05-27,PRD-CZWUWICSGPPE,CLI-QG8FAMFPMO4P,Deposit,,6602323.05,COP,1650.58,POS,,,,Colombia,,Approved,00,False,3.76,3.9694646,-74.2312123
TRX-61A35SQSNLZDTTEOWLQ3,2026-05-28 00:17:14,2026-05-27,PRD-ZWRGXKZGB7KJ,CLI-B9EGWQGQV90K,Transfer,,5750.02,USD,,Web,,,,México,Guadalajara,Approved,00,False,22.88,,
TRX-48DHJ9Y7EQB1MGHTIWW8,2026-05-27 21:06:03,2026-05-27,PRD-42ZFNAMMIZ73,CLI-65BEJH84KBQ2,Withdrawal,,187.8,USD,,ATM,SUC-OW1SAD5J,,,México,Monterrey,Approved,00,False,22.4,0.2094551,0.5707931
TRX-ZSBIUV1P7EYA64MTWWTY,2026-05-27 12:20:30,2026-05-27,PRD-ABJU1JPK3GBL,CLI-VIINRQKEBDWR,Withdrawal,,297.62,USD,,ATM,SUC-P65ZGVH3,,,México,Guadalajara,Approved,00,False,20.33,0.1063609,-0.2304925
TRX-KUJF1ROWFO3I6C84NPWT,2026-05-27 23:14:24,2026-05-27,PRD-XMEL4MMWNV6I,CLI-TH3ZV9VIRSPI,Payment,,507512.49,COP,126.88,App,,,,Colombia,,Approved,00,False,8.12,,
TRX-ZHXEOJ85CNBMUJY73FMA,2026-05-27 18:58:37,2026-05-27,PRD-0IFJ3MA6ZL41,CLI-TFEHDX6MS35T,Purchase,Health,119059.27,ARS,340.17,ATM,SUC-7EJG5XUH,Óptica Visión,Health,Argentina,,Approved,00,False,4.07,,
TRX-8DLGHDQEV619CS5YFAJK,2026-05-27 14:32:13,2026-05-27,PRD-AR0QXDXDGMFW,CLI-DUR0YCQH6JS3,Deposit,,781655.33,ARS,2233.3,ATM,SUC-PJ3BSV1X,,,Argentina,Mendoza,Approved,00,False,22.32,,
TRX-8FPN5JS6TYLAGF37D1LD,2026-05-27 10:30:54,2026-05-27,PRD-8S3QR4CDYSGJ,CLI-GYZBFHO44KUQ,Payment,Food,492517.16,ARS,,ATM,SUC-NRVN9ND4,,,Argentina,Rosario,Declined,,False,22.87,,
TRX-4LVA8ED8VDUERFPY0MVF,2026-05-27 15:35:20,2026-05-27,PRD-9EH1XOMTFWJM,CLI-O7RTZ098QIH4,Deposit,,10248765.14,COP,2562.19,POS,,,,Colombia,Barranquilla,Approved,00,False,6.96,5.6625386,-74.8726189
TRX-UO27QVN0L8NZIKV125BU,2026-05-27 10:28:08,2026-05-27,PRD-OZZM9XXR13LX,CLI-A5SD2PJ23UX1,Withdrawal,,1374578.01,COP,343.64,Web,,,,Colombia,Medellín,Approved,00,False,8.9,,
TRX-TT96N9BC2CLV2X1ZOTFH,2026-05-27 15:12:02,2026-05-27,PRD-7BAL35I2KT8R,CLI-YB2V4CAAF4IF,Transfer,,941.69,USD,,App,,,,México,Guadalajara,Approved,00,False,,,
TRX-E8X6YJSVCPOAUZOTCVNL,2026-05-27 19:32:03,2026-05-27,PRD-SD5KED4VQN4Q,CLI-XO6JPEFAUAAB,Purchase,Entertainment,256.44,USD,,POS,,Conciertos Live,Entertainment,México,Guadalajara,Approved,00,False,,,
TRX-CW7NEZ9J1U2PURBR2KTP,2026-05-28 01:53:04,2026-05-27,PRD-D293PHMSJ97G,CLI-QI5L98EHETG0,Purchase,Food,316.53,USD,,POS,,Restaurante El Buen Sabor,Food,México,Puebla,Approved,00,False,17.7,,
TRX-5R3IP6MLZHK1YACP99AU,2026-05-27 08:54:38,2026-05-27,PRD-D9ZA3K8VYLZ4,CLI-RL9C3VZVWKCU,Deposit,,11168435.95,COP,2792.11,POS,,,,Colombia,Cali,Declined,05,False,26.06,4.0894177,-74.9631513
TRX-3OAGE8L56YHZMR9RDI4E,2026-05-27 22:22:12,2026-05-27,PRD-CG2S5FGHGAMD,CLI-AZI86OVJWDGX,Transfer,,4524.49,USD,,POS,,,,México,Puebla,Approved,00,False,10.22,-0.839662,-0.077614
TRX-0MRCSWR4I6PSHDZ9SUIP,2026-05-27 07:04:20,2026-05-27,PRD-RYUHAMQV7SDH,CLI-BGUDY4RIUI8V,Withdrawal,,1889964.28,COP,472.49,POS,,,,Colombia,Medellín,Approved,00,False,13.99,,
TRX-QQ6H319428ISE61PS6BS,2026-05-27 14:02:03,2026-05-27,PRD-IGSM1ENRQCUX,CLI-8T6HE5U6M2BO,Transfer,,2100991.98,ARS,6002.83,App,,,,Argentina,Córdoba,Approved,00,False,4.12,,
TRX-MBS9Z1UQ628YFAOF2XGE,2026-05-27 08:03:49,2026-05-27,PRD-FHOLYA4L7ATH,CLI-4QMZ1IJXP7LO,Withdrawal,,97109.85,ARS,277.46,POS,,,,Argentina,Rosario,Approved,00,False,14.13,,
TRX-ZZHVNE6LO7KPXWZCHE8I,2026-05-27 19:38:25,2026-05-27,PRD-2OAT2BRQ253J,CLI-J8POTAACYF0E,Withdrawal,,653448.44,COP,163.36,ATM,SUC-KJBGVLU5,,,Colombia,Cali,Approved,00,False,14.24,,
TRX-QKSATUASDTS4RQ1MJXN2,2026-05-28 05:40:06,2026-05-27,PRD-1YH90S5DBE9S,CLI-OU1GT5CA0Q6Q,Payment,Food,699275.36,ARS,1997.93,POS,,,,Argentina,Buenos Aires,Approved,,False,29.17,,
TRX-5GWK7S69WDDLGL953JH1,2026-05-28 03:50:41,2026-05-27,PRD-I4GF415VKSLZ,CLI-XTMCX1ZMCZYQ,Payment,Services,1291.61,USD,,ATM,SUC-1G7XCTV8,,,México,Ciudad de México,Approved,00,False,16.94,,
TRX-GGK3BNDIHI6MXNRVPLQN,2026-05-27 09:59:10,2026-05-27,PRD-LG3A9SALPDGB,CLI-XIMMWIQERCY9,Deposit,,1099514.1,ARS,3141.47,POS,,,,Argentina,Buenos Aires,Approved,00,False,,,
TRX-QLLD6E1NNTVKMXO9IZQV,2026-05-27 08:13:27,2026-05-27,PRD-1APZT66RODDY,CLI-TKQA9KGO4O67,Purchase,,669401.42,COP,167.35,ATM,SUC-RFQLK7RX,Super Ahorro,Food,Colombia,,Approved,00,False,,,
TRX-AXFVD5RCZYMZ406UXP58,2026-05-27 10:53:09,2026-05-27,PRD-79N959XOTNK1,CLI-A41ZTFWH91IE,Purchase,Food,283.71,USD,,POS,,Restaurante El Buen Sabor,Food,México,Ciudad de México,Approved,00,False,15.52,,
TRX-H4UWP8E2G81EK8GB846X,2026-05-27 14:04:51,2026-05-27,PRD-34D6ZTPBYTUF,CLI-TGIM7P1HDKPY,Transfer,,6403.18,USD,,POS,,,,México,Querétaro,Approved,00,False,25.68,-0.9300341,0.819052
TRX-NOH3KQZRU0SVLFJM1KMV,2026-05-27 10:33:36,2026-05-27,PRD-33XJTP6VEVKN,CLI-YL6ZEUWL2U6O,Deposit,,2358.97,USD,,POS,,,,México,Monterrey,Approved,00,False,25.37,,
TRX-N6S4HVD9L15Z5ZX6EA11,2026-05-28 03:14:07,2026-05-27,PRD-Z2Q8Q4YMU0RE,CLI-8LDJXV23UXDL,Transfer,,2029622.81,ARS,5798.92,Branch,SUC-7TH4CVFK,,,Argentina,La Plata,Approved,00,False,19.76,,
TRX-M883RF1KV4FA60K2IYNT,2026-05-27 07:49:29,2026-05-27,PRD-VI6OMOBGW2KS,CLI-6YUSYQ88LGUS,Purchase,Transport,80885.75,ARS,231.1,ATM,SUC-4JYR8GOV,Taxi Seguro,Transport,Argentina,Rosario,Approved,00,False,3.63,,
TRX-NFLJAPRXCCMEF38WOY7U,2026-05-28 05:51:56,2026-05-27,PRD-YA7JMEBLFB5O,CLI-HOL32IKD40HL,Payment,Other,3366466.1,COP,,ATM,SUC-A4SSWF0H,,,Colombia,Cali,Approved,00,False,9.64,,
TRX-WLOH5TXRKX39GBTHQM5X,2026-05-28 05:54:58,2026-05-27,PRD-1K6I9KBQ4YRW,CLI-669JEDD000O2,Deposit,,2435.0,USD,,POS,,,,México,Tijuana,Approved,00,False,,,
TRX-ADS4HVGG6GXKJOABY1SR,2026-05-27 22:22:58,2026-05-27,PRD-IAG45WLRYA2R,CLI-BT2DSPX0OWUQ,Payment,Services,7778756.13,COP,1944.69,POS,,,,Colombia,Barranquilla,Approved,00,False,4.65,5.4860007,-73.638156
TRX-FHZYSOU8EAAZGK4GGZTO,2026-05-28 01:52:30,2026-05-27,PRD-GK0KH1YUBF4J,CLI-KAYHDPOTL361,Deposit,,6376286.83,COP,1594.07,Web,,,,Colombia,,Approved,00,False,14.49,,
TRX-H3GD0NJ39Z9GTP75WRYR,2026-05-27 13:30:35,2026-05-27,PRD-GCS0QIM5SK0X,CLI-8XIQO9O80G1F,Payment,Food,7068919.58,COP,1767.23,ATM,SUC-CBL7ISR7,,,Colombia,Bogotá,Approved,00,False,20.88,,
TRX-WG0SVGDOFI2RBJ5G4V8I,2026-05-27 07:04:33,2026-05-27,PRD-WY2LHZBWUQ96,CLI-ULU27M7KEX4R,Payment,Services,1088.59,USD,,ATM,SUC-LBPQUZ4D,,,México,Puebla,Pending,05,False,0.24,,
TRX-F2TXKTZAHI31WW53XQOC,2026-05-27 07:14:46,2026-05-27,PRD-WXYED5GQKA00,CLI-DDOKWJCYX2BW,Transfer,,28993496.39,COP,7248.37,App,,,,Colombia,Bogotá,Approved,00,False,6.12,,
TRX-C212DTVUJKF87Y7VNOLX,2026-05-28 02:13:36,2026-05-27,PRD-3Q9T4HEIMDK3,CLI-EXPM41DGQIN1,Transfer,,9637.42,USD,,Transfer,,,,Colombia,Medellín,Approved,00,False,5.43,,
TRX-5XVGCYI1751RB3SNK0BD,2026-05-27 23:31:32,2026-05-27,PRD-D4PZSE9GRYXJ,CLI-KZ5PHTERMQH0,Payment,Food,1714.11,USD,,ATM,SUC-C1OF9350,,,Argentina,Córdoba,Approved,00,False,10.65,,
TRX-YGLPF34RXE611N891JAY,2026-05-27 13:12:20,2026-05-27,PRD-V3CJDGDDV52K,CLI-NBUSZN4RH07G,Transfer,,28457457.05,COP,7114.36,Branch,SUC-CBGK7VQE,,,Colombia,Bogotá,Approved,00,False,7.97,,
TRX-NM6AEQCVL4JTH49E8GP6,2026-05-28 01:05:26,2026-05-27,PRD-KK89M96GX8SS,CLI-164UE6I60EAM,Transfer,,29093908.4,COP,7273.48,Web,,,,Colombia,Cartagena,Approved,00,False,8.12,,
TRX-NDSDMGSNB8K9LTFIT07R,2026-05-28 05:47:01,2026-05-27,PRD-1119HQLOHX3K,CLI-HF2CQ9IFJ91S,Deposit,,866.31,USD,,App,,,,México,Querétaro,Approved,00,False,9.24,,
TRX-7YAQN56H5YN7AZLD3XBB,2026-05-27 18:17:09,2026-05-27,PRD-2L20GBKXCLD2,CLI-QTBWJJDMP0NC,Payment,Other,576922.56,ARS,1648.35,App,,,,Argentina,,Approved,00,False,11.54,,
TRX-U1KTTB58NBETDJEAKZ4L,2026-05-27 11:52:54,2026-05-27,PRD-M0G3MEYNM0VZ,CLI-UL1GYRSQVT21,Transfer,,7965.91,USD,,App,,,,Argentina,Mendoza,Approved,00,False,22.74,,
TRX-HE43CJ6QF92DVYGVNL01,2026-05-28 00:33:43,2026-05-27,PRD-ZM0XHITZS6F6,CLI-G0VVFA8HHJGG,Purchase,Food,132433.9,ARS,378.38,Web,,Restaurante El Buen Sabor,Food,Argentina,Mendoza,Approved,00,False,0.53,,
TRX-YJ7W39VQDNET8Q9LWH52,2026-05-28 00:32:59,2026-05-27,PRD-8AD93GWC1BZ5,CLI-JQG9VR343LOD,Purchase,Transport,330.03,USD,,ATM,SUC-8RYAQ0NO,Estación de Servicio,Transport,México,Guadalajara,Approved,00,False,21.28,,
TRX-MTR4ORI9CS19U9251JVN,2026-05-27 10:27:43,2026-05-27,PRD-3CQD6XVSBUCX,CLI-Y5S0NV8345PQ,Withdrawal,,1595631.93,COP,398.91,Transfer,,,,Colombia,Medellín,Approved,00,False,29.71,,
TRX-2JGBHJ57IXW1PBMXGO8D,2026-05-27 20:09:48,2026-05-27,PRD-4NG1V2YAWDTI,CLI-V2SQW7WK2LYN,Deposit,,8194597.13,COP,,ATM,,,,Colombia,,Pending,14,False,,,
TRX-4A02YWBOKECUSQGMIVGG,2026-05-27 14:24:41,2026-05-27,PRD-7AD3P5RL1UXJ,CLI-VQM66EH2XWDP,Transfer,,1696054.39,COP,424.01,App,,,,Colombia,Medellín,Approved,00,False,13.48,,
TRX-M0IJIHUO994KBP9VLA9N,2026-05-27 19:39:58,2026-05-27,PRD-0SQXP0LNPD9X,CLI-SHVYLE1YOFWQ,Withdrawal,,73875.4,ARS,211.07,Web,,,,Argentina,Mendoza,Approved,00,False,5.36,,
TRX-VGEQN44VTD4SB7D8QHXE,2026-05-27 22:22:50,2026-05-27,PRD-VCQEGWLISSNJ,CLI-UZ9DWMW7E0TC,Transfer,,2435424.98,ARS,6958.36,ATM,SUC-39R34AY6,,,Argentina,Mendoza,Approved,00,False,,-34.239587,-57.7533592
TRX-T2U0QC63V3HD4J5QTCRR,2026-05-27 15:04:58,2026-05-27,PRD-N6TNGX1BOAF5,CLI-4RVH793VJDRD,Withdrawal,,130090.18,ARS,371.69,ATM,SUC-0LZRXHCF,,,Spain,Sevilla,Approved,00,False,5.64,,
TRX-91OZ9NJVIMREOJL8UW4E,2026-05-27 23:30:48,2026-05-27,PRD-L7MT8670IAIE,CLI-3MRFDK80MPXV,Withdrawal,,484.64,USD,,App,,,,México,Puebla,Approved,00,False,,,
TRX-CPDP73NC34L5WLSL4GSH,2026-05-27 09:55:09,2026-05-27,PRD-W5YMON8LZFPK,CLI-466JHDG7Q79Z,Withdrawal,,146713.36,COP,36.68,ATM,SUC-GPHM9NB1,,,Colombia,,Approved,00,False,8.42,,
TRX-88UDZKUNYEXZ504PU0KL,2026-05-27 14:07:19,2026-05-27,PRD-I189SPMWD5ZU,CLI-JJ0U4GG8HZLH,Transfer,,2911.76,USD,,POS,,,,Brazil,Rio de Janeiro,Approved,00,False,29.47,,
TRX-673GN8KFRYWX2WNYEV2Y,2026-05-27 18:30:03,2026-05-27,PRD-AAYXDVWBPDJ9,CLI-EG7S6P7WZHNS,Transfer,,2651344.47,ARS,7575.27,App,,,,Argentina,Rosario,Approved,00,False,16.73,,
TRX-APUIGRVRDICFRCJWTTJ9,2026-05-27 20:24:51,2026-05-27,PRD-LLZYC4XEW1J4,CLI-XQQ3ZPBLR8C2,Purchase,Health,1224421.68,COP,306.11,ATM,SUC-XV4BJ541,Clínica Médica,Health,Colombia,Barranquilla,Approved,00,False,11.5,,-73.5364671
TRX-IF65IH654V6MKGCY1ZO5,2026-05-28 00:52:36,2026-05-27,PRD-98SXESGL78DR,CLI-DHAPQG3L69KG,Transfer,,1749574.41,ARS,,ATM,SUC-7TH4CVFK,,,Argentina,Rosario,Approved,00,False,11.15,,
TRX-2GEDDW6V743EH0QDBT6B,2026-05-27 09:14:29,2026-05-27,PRD-4IDGDIB6V5KE,CLI-Q4X1SKFE375S,Payment,Services,165486.09,ARS,472.82,Web,,,,Argentina,Córdoba,Approved,00,False,24.99,,
TRX-7Z3BQA5BV7L9NU8CQEUI,2026-05-27 22:20:39,2026-05-27,PRD-3ZLHLYUTBAZI,CLI-U965GC0FUYTP,Payment,Transport,3212809.48,COP,803.2,App,,,,Colombia,Barranquilla,Approved,00,False,23.66,,
TRX-AYZJHB5W5F0H0N8WHPSW,2026-05-27 18:26:14,2026-05-27,PRD-4EE0ZWTOXKUQ,CLI-8FCC6CGVLPTJ,Payment,Services,724.45,USD,,ATM,SUC-IW55XIEY,,,México,Guadalajara,Approved,00,False,7.79,,
TRX-9NY6LYC63LS3PW7CLDTZ,2026-05-27 12:19:24,2026-05-27,PRD-PUW2EV02RKD0,CLI-7JHNR77L0W5I,Deposit,,3736780.02,COP,934.2,Web,,,,Colombia,Cali,Approved,00,False,,,
TRX-PBBISP7UVKRPHXSSDPE7,2026-05-27 07:28:51,2026-05-27,PRD-6MKRAU8Z6AOM,CLI-DH72UM7S2G38,Transfer,,4952670.92,COP,1238.17,ATM,SUC-H24HUACK,,,Colombia,Medellín,Approved,00,False,17.79,,
TRX-YSCBQDCW2Z6EUYEDMIAN,2026-05-27 08:21:05,2026-05-27,PRD-RWYFWPC4JQ4R,CLI-V5AEVOJ0LG8T,Purchase,Entertainment,1965710.21,COP,491.43,Web,,Conciertos Live,Entertainment,Colombia,Medellín,Approved,00,False,,,
TRX-AMQOR5XLPK6BE7YLLRTX,2026-05-27 06:17:54,2026-05-27,PRD-EV73VW3IMLIB,CLI-N7BLD2FE211H,Transfer,,9379.24,USD,,Web,,,,México,,Declined,51,False,,,
TRX-S8LGC9UIZJQT4O0AWNY2,2026-05-28 00:43:39,2026-05-27,PRD-CJDC4RRX170G,CLI-V0MPJON1H799,Payment,Transport,1150.36,USD,,Web,,,,México,Ciudad de México,Approved,00,False,,,
TRX-CULJSEW29HU8NGPS2L4V,2026-05-28 03:38:54,2026-05-27,PRD-Y0DA2VNU6XZ4,CLI-H2610GIMPDF1,Withdrawal,,8695.98,ARS,,ATM,SUC-ZSZKWMJL,,,Argentina,Córdoba,Approved,00,False,,,
TRX-AJ5G2I4KS6DKLJ2WD1KI,2026-05-28 02:00:49,2026-05-27,PRD-JSYQC5GTUF8V,CLI-OAIDKBHZ1VU9,Payment,Entertainment,1552.29,USD,,Transfer,,,,México,,Approved,00,False,3.52,,
TRX-DEPGB0BWR7RTHUVBW70E,2026-05-28 01:37:34,2026-05-27,PRD-K7N5CLFVYWZ2,CLI-2ZJNVF2BQKN3,Payment,Health,362.64,USD,,POS,,,,México,Puebla,Approved,00,False,9.17,0.0721465,0.5603036
TRX-6G874IBMSFYMAAUP6HO2,2026-05-27 13:05:11,2026-05-27,PRD-XC9YG1Q0ZGF4,CLI-8BLDQFCL2QG8,Purchase,Food,28423.62,COP,7.11,ATM,SUC-KJBGVLU5,Super Ahorro,Food,Colombia,,Approved,00,False,20.63,,
TRX-5VBJU3KWIV74OJC3CCDT,2026-05-27 06:18:07,2026-05-27,PRD-C8AF5MZEWSJ2,CLI-IVUP7U744NS7,Withdrawal,,450.54,USD,,POS,,,,México,Querétaro,Approved,00,False,,,
TRX-APXXIJC2M85CAQTCSU9N,2026-05-27 11:19:30,2026-05-27,PRD-5XWSJD94IY1C,CLI-10RMXHAN4U7C,Transfer,,4996.54,USD,,POS,,,,México,,Approved,00,False,5.66,,
TRX-KCHVUEFPPCPNP9FI4E3E,2026-05-27 23:58:01,2026-05-27,PRD-FLN5YNHJBI1V,CLI-2PH57T978AJ7,Purchase,Food,1056883.77,COP,264.22,Web,,Restaurante El Buen Sabor,Food,Colombia,Cali,Approved,00,False,1.45,,
TRX-TJ9UG7Q4GPY6PW3HE3J5,2026-05-27 15:56:37,2026-05-27,PRD-AXMOQE3F0GF7,CLI-MQPT452MSZR4,Payment,Services,1703.31,USD,,Transfer,,,,Argentina,La Plata,Approved,00,False,4.71,,
TRX-RV1H0YMU8KZK1JFLO44M,2026-05-27 12:52:27,2026-05-27,PRD-Y9D34GKKLTEN,CLI-C6L3DX0TZINQ,Payment,Services,1024.82,USD,,POS,,,,México,Guadalajara,Approved,00,False,26.83,,
TRX-IKI9FC90FG3SD9BY0PAK,2026-05-27 09:26:23,2026-05-27,PRD-CRGCLZWM21LC,CLI-NAGXBQ2FTIPB,Payment,Other,642.47,USD,,App,,,,México,Monterrey,Approved,00,False,,,
TRX-4JHIOCHPVKEU8CRKZSOK,2026-05-28 01:59:56,2026-05-27,PRD-281Z72HTXSYI,CLI-2SWV7T3WVD4N,Transfer,,24497969.91,COP,6124.49,POS,,,,Colombia,Bogotá,Pending,05,False,2.55,,
TRX-NC0QXZB1QU47N8J5W3G1,2026-05-27 20:11:48,2026-05-27,PRD-896SQ2UCNZOP,CLI-9F7GG4TIV2OD,Withdrawal,,319.8,USD,,POS,,,,México,Guadalajara,Approved,00,False,2.96,0.2548408,-0.0697977
TRX-ZS73AHW18QF6P9G6P9AA,2026-05-28 03:28:48,2026-05-27,PRD-8TKB37SLZZRD,CLI-I5F0GNFIJ8T8,Withdrawal,,591376.06,COP,147.84,ATM,SUC-QTKN7Z0R,,,Colombia,Bogotá,Pending,05,False,16.53,,
TRX-UQ3IK2UCON2AUFMBIMWM,2026-05-27 09:36:03,2026-05-27,PRD-0GFE6SS4KY8D,CLI-WEYFMT5A2S7J,Transfer,,4361698.66,COP,1090.42,POS,,,,Colombia,Cali,Approved,00,False,,5.4211335,-74.8391423
TRX-NCMKY449573YBTJ41GZD,2026-05-28 00:43:52,2026-05-27,PRD-IBX2KMF6RIYW,CLI-OOMR7FM219P8,Purchase,Transport,159.93,USD,,ATM,SUC-YV8Q78LJ,,Transport,Argentina,Buenos Aires,Declined,05,False,28.93,,
TRX-XPNWQPVYUPD54YPSMHT3,2026-05-27 06:33:07,2026-05-27,PRD-4CNUFTMCCZ72,CLI-803ONNVKF45H,Purchase,Entertainment,106.17,USD,,POS,,,Entertainment,México,Tijuana,Approved,00,False,27.36,-0.3542438,-0.5247997
TRX-403500QL5ZF4LOOY5DMP,2026-05-28 05:46:15,2026-05-27,PRD-57RPC5HLWQNW,CLI-ORT69DUFW5LB,Withdrawal,,370.91,USD,,Web,,,,México,Tijuana,Declined,05,False,10.75,,
TRX-HVI85F7EPJDX6B3X2RLU,2026-05-28 01:50:09,2026-05-27,PRD-XBDFGAEQUPKP,CLI-QDR8QPX7QDT4,Adjustment,,54.05,USD,,POS,,,,México,,Declined,54,False,,,
TRX-C97OM509CC2NCRX3C9ME,2026-05-27 09:22:16,2026-05-27,PRD-MZXFQXFWM052,CLI-OVWKRC2V7MWZ,Adjustment,,129.15,USD,,POS,,,,Argentina,Buenos Aires,Approved,00,False,12.85,,
TRX-TZJLS925HI4GCOG18K9B,2026-05-28 04:56:36,2026-05-27,PRD-L3IYSVWBCSG8,CLI-GXF59HS9QKOK,Payment,Transport,7798677.01,COP,1949.67,ATM,SUC-M96GKW7T,,,Colombia,Barranquilla,Approved,00,False,11.07,,
TRX-KC12S92F4CE194OYCDQD,2026-05-27 15:56:21,2026-05-27,PRD-VG2YFZ3PDS3E,CLI-A7V1ZCUB5KCV,Withdrawal,,10466.65,ARS,29.9,ATM,SUC-0LZRXHCF,,,Argentina,Rosario,Reversed,51,False,17.39,,
TRX-JRH0ZDJ3PMCO4HS60M9T,2026-05-27 19:55:52,2026-05-27,PRD-4XAE8HRHOQAU,CLI-BJLPCJ16IEWE,Withdrawal,,42979.08,ARS,122.8,POS,,,,Argentina,Mendoza,Approved,00,False,18.78,,
TRX-M7L68RD0CHLH6VOJO1OO,2026-05-28 00:02:35,2026-05-27,PRD-7K5KTGH9IPMB,CLI-77PJCND3WS6Q,Purchase,Food,121273.16,ARS,346.49,App,,Restaurante El Buen Sabor,Food,Argentina,Mendoza,Approved,00,False,,,
TRX-UG0DNJUBFICRDLE4X4OE,2026-05-27 17:20:34,2026-05-27,PRD-IPP0KIQFMZPY,CLI-LH7IVROWAIOU,Deposit,,1826.14,USD,,Web,,,,México,Puebla,Approved,00,False,7.34,,
TRX-95BKO455NUI9AXN692ME,2026-05-28 04:16:50,2026-05-27,PRD-LG5D01DYA8T8,CLI-OFWY7W9A1NQU,Purchase,Food,254.56,USD,,ATM,,Tienda Don José,Food,México,Querétaro,Approved,00,False,14.5,-0.7902053,0.6823485
TRX-YULID9E93XHND2EI4W2P,2026-05-27 19:13:53,2026-05-27,PRD-A39WT30M7SVJ,CLI-O4789AIJNHEO,Transfer,,7692.03,USD,,Web,,,,México,Guadalajara,Approved,00,False,13.49,,
TRX-2CGQCK9F07MUC590PJO8,2026-05-27 06:16:47,2026-05-27,PRD-S872IK3AZ39K,CLI-9GXB5I0LTA8W,Deposit,,4371.28,USD,,POS,,,,México,Puebla,Approved,00,False,27.14,,
TRX-OLQHGSMGTVX31G3K6MZ8,2026-05-27 21:38:48,2026-05-27,PRD-IAKD55V6DI27,CLI-HFBUCZPGFAYR,Transfer,,3249859.13,ARS,9285.31,Web,,,,Argentina,Rosario,Approved,00,False,16.33,,
TRX-YUSZXV24U6J5XX3H8VZP,2026-05-28 05:56:42,2026-05-27,PRD-B7DAAHT34J39,CLI-65LOR1741LHZ,Purchase,Transport,269.54,USD,,Web,,Gasolinera Express,Transport,México,,Approved,00,False,28.02,,
TRX-GYOC0GSDXFN4J65AHDL6,2026-05-27 15:45:38,2026-05-27,PRD-BPLIKXUMY5H6,CLI-C2PMHY5PII2E,Withdrawal,,55323.69,ARS,158.07,App,,,,Argentina,Mendoza,Approved,00,False,24.43,,
TRX-9WOB3SE4C36DUMFIM6IC,2026-05-28 00:08:35,2026-05-27,PRD-OEX91PW7METS,CLI-5BWFGZXOYWC4,Purchase,Other,123390.44,ARS,352.54,App,,Ferretería,Other,Argentina,La Plata,Approved,00,False,3.54,,
TRX-QR1908PFPT8MUX5QMR0I,2026-05-27 08:13:25,2026-05-27,PRD-988EIZRKKMKD,CLI-PSDLGD5TEW1V,Transfer,,6610.16,USD,,POS,,,,México,Querétaro,Approved,00,False,0.25,,
TRX-U5WI46FWAIPVUE4PK0E8,2026-05-27 06:47:09,2026-05-27,PRD-QLG0WV5BQLRI,CLI-UUBEGXSSJUZY,Payment,Other,922.7,USD,,POS,,,,México,Puebla,Approved,00,False,,,
TRX-7UCVXJ8P8RRCJABH6489,2026-05-27 10:17:17,2026-05-27,PRD-UPQA1TFQP1FQ,CLI-CF0T9RS5FFQC,Purchase,Other,352.63,USD,,ATM,SUC-WSSLNOPN,Ferretería,Other,México,Querétaro,Approved,00,False,28.01,,
TRX-1JWNURR8DDN869BTO021,2026-05-27 09:23:08,2026-05-27,PRD-BCQZPTE7TKCH,CLI-8196AANIW7W2,Withdrawal,,131.09,USD,,ATM,SUC-SUAMAVYV,,,México,Puebla,Approved,00,False,21.37,,
TRX-6J9CUVC7LYR6Z0ULTMTY,2026-05-27 23:19:05,2026-05-27,PRD-67HSL2FFGSJP,CLI-4IHD8VOAX8AC,Deposit,,2241.68,USD,,ATM,SUC-1AT6YUKJ,,,México,Guadalajara,Approved,00,False,4.4,,
TRX-FNDWGHFGTTQAGT37G8R8,2026-05-27 22:15:40,2026-05-27,PRD-ISV0UJ5ZJLFM,CLI-HE7OAPA2IDDQ,Transfer,,1123.82,USD,,App,,,,México,Guadalajara,Declined,05,False,13.88,,
TRX-ZD24E2CGJI05R67SRVYZ,2026-05-27 18:58:50,2026-05-27,PRD-H44I3BCKG9AT,CLI-7FDBRW3LYCNY,Purchase,Services,572478.56,COP,143.12,Web,,Servicios Públicos,Services,Colombia,Medellín,Approved,00,False,27.51,,
TRX-MKLDL47SWFO3JDIAW5D7,2026-05-27 09:30:50,2026-05-27,PRD-AW9LIDVIIIXS,CLI-2XMFD3GQB2K9,Transfer,,26212185.41,COP,6553.05,Web,,,,Colombia,Cali,Approved,00,False,9.89,,
TRX-TEOZITKO9UCJV77BCI4M,2026-05-28 05:30:38,2026-05-27,PRD-UK9NQ7BW9BUY,CLI-FN1KXYHUWRR6,Payment,Food,1285.2,USD,,ATM,SUC-2Z7NT3UT,,,México,Guadalajara,Approved,00,False,4.65,,
TRX-LLJFVJ2UCSW42G4IT82C,2026-05-28 04:41:30,2026-05-27,PRD-1BMGW7QNOWO1,CLI-EQSGWJPI94OJ,Deposit,,17060693.2,COP,4265.17,POS,,,,Colombia,Cartagena,Approved,00,False,2.56,5.1709429,-73.8234265
TRX-QRHZTNS3JRQOXVEJXT8J,2026-05-27 08:13:56,2026-05-27,PRD-1YFS1BT06RIY,CLI-M5652O1PGPQM,Transfer,,672919.34,ARS,1922.63,POS,,,,Argentina,,Approved,00,False,16.22,,
TRX-NN0AQ4B61L8CCOE2N0S0,2026-05-27 15:01:39,2026-05-27,PRD-MVOQMGZFNQHN,CLI-0EGPAQFO00UD,Adjustment,,945.02,USD,,POS,,,,México,Puebla,Approved,00,False,,,
TRX-3LEPUKNGAD9I3TZMVKM8,2026-05-27 23:41:29,2026-05-27,PRD-DAC2ABHLKPIF,CLI-VPW43WDUNYH6,Withdrawal,,42323.85,ARS,120.93,ATM,SUC-UVQ9U0YO,,,Argentina,Mendoza,Approved,00,False,,,
TRX-UHWEI2BHPVY0GPOHB5DA,2026-05-27 09:11:24,2026-05-27,PRD-J1OKOG2P2UWO,CLI-TZ1U4DESEG2V,Payment,Health,1325.86,USD,,ATM,SUC-VV9NKH6E,,,México,Guadalajara,Approved,00,False,14.15,,
TRX-IOZHNB7X5WSDG0IPN3SD,2026-05-27 10:56:54,2026-05-27,PRD-NQXMOVF24UM1,CLI-GO5KI2EBQEQY,Payment,Health,1960.47,USD,,ATM,SUC-OW1SAD5J,,,México,Tijuana,Approved,00,False,,-0.2470213,0.800923
TRX-ZMM82NB3OHWA2WT19GMZ,2026-05-27 12:17:37,2026-05-27,PRD-S9UXCXQNMMRP,CLI-YYM06X8ZBSKF,Purchase,Food,146547.75,COP,36.64,POS,,Tienda Don José,Food,Colombia,,Approved,00,False,20.04,,
TRX-TVMCJLT3ONKI7EFV781Z,2026-05-27 15:37:36,2026-05-27,PRD-05W71UEJ93I9,CLI-WUKIV6X7TZT9,Deposit,,813994.5,ARS,2325.7,POS,,,,Argentina,Córdoba,Approved,00,False,27.61,,
TRX-TB2P0P56Y75GY971K3QL,2026-05-28 03:48:38,2026-05-27,PRD-5TGTO0SKRYQ6,CLI-NM905I4E5D2N,Payment,Transport,1150.81,USD,,Branch,SUC-I8M9CS2Y,,,México,Puebla,Approved,00,False,,,
TRX-C355XKD36AM860IB69DE,2026-05-27 09:37:36,2026-05-27,PRD-JHCA3M5M81DJ,CLI-K255NVGKTETJ,Payment,Transport,380.03,USD,,POS,,,,México,Monterrey,Approved,00,False,1.29,,
TRX-OHCCPQFC0IIO6WQ3W2DA,2026-05-28 03:07:41,2026-05-27,PRD-ILZQ2NSRINYQ,CLI-K2JZH5UL9BIK,Transfer,,873.81,USD,,ATM,SUC-A9BJ48OP,,,México,Puebla,Approved,00,False,7.66,,
TRX-WPOB9N75O1V22D402JLO,2026-05-27 12:48:19,2026-05-27,PRD-VF0D0I998MJK,CLI-CWX7U82O73K1,Withdrawal,,131760.97,ARS,376.46,ATM,SUC-571XLYQB,,,Argentina,Rosario,Approved,00,False,,,
TRX-S19KJW6UAM9DTP7QFOZ5,2026-05-27 19:55:10,2026-05-27,PRD-GWXBUAN4IASG,CLI-HB0HA73D67QB,Withdrawal,,23241.79,ARS,66.41,POS,,,,Argentina,Rosario,Approved,,False,,,
TRX-JIRDLFBE2GM29AQIQQDA,2026-05-27 23:34:18,2026-05-27,PRD-PFVH6OR6LL4D,CLI-5QR1KZ9W6MF7,Transfer,,4627.58,USD,,Web,,,,México,Ciudad de México,Declined,54,False,22.01,,
TRX-I2NRBQB5YA03BJX6CO1Z,2026-05-28 01:22:02,2026-05-27,PRD-HETBRJY7QRK5,CLI-SJN74IPJ2EWS,Purchase,Services,448.55,USD,,Web,,Internet Plus,,México,Monterrey,Reversed,51,False,27.91,,
TRX-LEULJUBTQXGVA7HRGO9S,2026-05-27 07:48:22,2026-05-27,PRD-3RJ9FLHFO9SH,CLI-OG1TI653OCR1,Purchase,Food,263.42,USD,,App,,Tienda Don José,Food,México,Ciudad de México,Approved,00,False,,,
TRX-1XV4FHRK332YKU2SSCXG,2026-05-27 19:35:26,2026-05-27,PRD-GMFEVKIZMJ3G,CLI-RJ4H123X8UI2,Purchase,Other,226731.69,COP,56.68,POS,,Centro Comercial,Other,Colombia,Barranquilla,Declined,05,False,,,
TRX-BAODKFOMAJUN6756TDYK,2026-05-27 18:52:39,2026-05-27,PRD-3SJ8ML0JN68D,CLI-R8UHURJ0EY86,Purchase,Services,152995.66,ARS,437.13,ATM,SUC-39R34AY6,Empresa Telefónica,Services,Argentina,Mendoza,Approved,00,False,15.0,,
TRX-11TD3MSCNWGXNKN5YHPG,2026-05-27 08:26:31,2026-05-27,PRD-Y0KB8C7W9CH6,CLI-L3PX35IKH93O,Transfer,,3349.89,USD,,POS,,,,México,Monterrey,Approved,00,False,19.42,,
TRX-FCM1NXTV7P473VG75Z3V,2026-05-27 07:14:11,2026-05-27,PRD-1YJZW9Y2C0U1,CLI-IOFHTCPONNWL,Deposit,,712.22,USD,,POS,,,,México,Ciudad de México,Approved,00,False,12.2,,0.0760772
TRX-XYOAK106HNKVFM9UECXP,2026-05-27 13:34:51,2026-05-27,PRD-B5PS3Q72R0L9,CLI-50JED5TUYVVI,Withdrawal,,233.86,USD,,ATM,SUC-8XAGRKOC,,,México,Querétaro,Approved,00,False,18.55,,
TRX-P25PZ3TBEYNSRFMBNBJS,2026-05-27 15:43:30,2026-05-27,PRD-WM8XJEQXGSRY,CLI-Y3HAUPU1JA0K,Purchase,Food,39126.32,ARS,111.79,ATM,SUC-GTAY0XHL,Mercado Central,Food,Argentina,Córdoba,Approved,00,False,11.78,,
TRX-7YMC65JLRC93Z0XMQ2FF,2026-05-27 08:38:41,2026-05-27,PRD-A5HV0ACLA53Y,CLI-Y1UV4MNBKGQ3,Purchase,Entertainment,204.82,USD,,ATM,SUC-JYU0POJ9,Cine Premium,Entertainment,México,Tijuana,Approved,00,False,13.04,0.3823065,0.70209
TRX-MFJXUBTFU6DCI8RIKF5I,2026-05-27 13:38:57,2026-05-27,PRD-UYWKZJ3CJN4D,CLI-FBU21DZ0LC6U,Withdrawal,,78.52,USD,,App,,,,México,Tijuana,Approved,00,False,10.68,,
TRX-H2KGA8JRYF5556WC4FLH,2026-05-27 15:40:38,2026-05-27,PRD-J1ZHZAT0FZQV,CLI-PRE56DQ1TB0F,Purchase,Services,1537048.08,COP,384.26,Transfer,,Servicios Públicos,Services,USA,Houston,Declined,54,False,15.56,,
TRX-8RTI5P13D6IVNF32TXEV,2026-05-27 13:48:43,2026-05-27,PRD-TVRJJ8J2VLJV,CLI-OVGB0K0H0IR0,Transfer,,9219.93,USD,,App,,,,México,Monterrey,Approved,00,False,10.95,,
TRX-HYIAFFPV65AOEG2A7V2J,2026-05-27 12:47:46,2026-05-27,PRD-ML6MAIFIYYFE,CLI-5LD8A9BROMJF,Transfer,,5795.9,USD,,POS,,,,Argentina,Mendoza,Approved,00,False,28.05,-33.8854068,-58.4944823
TRX-4VM8ZW9UT6LDC7TD3FHW,2026-05-27 15:26:52,2026-05-27,PRD-0RA3DA928XQB,CLI-HJLAOBQTLH0F,Purchase,Food,1450206.21,COP,362.55,POS,,Mercado Central,,Colombia,Barranquilla,Approved,00,False,4.0,,
TRX-G0TSQNIKWJTHJ81I4HWX,2026-05-27 19:50:46,2026-05-27,PRD-RUVQMOS1QQ95,CLI-WIGP93IUILLS,Purchase,Services,184.79,USD,,POS,,Empresa Telefónica,Services,México,Guadalajara,Approved,00,False,17.65,,
TRX-2P7KEKNR1B6YT01Z06BF,2026-05-27 14:52:58,2026-05-27,PRD-81SBW2550AA8,CLI-CQCQPU4U021Z,Withdrawal,,68.23,USD,,ATM,SUC-4XKHST63,,,México,,Approved,00,False,,,
TRX-0DUJIZCZHOP5KLNDF0BE,2026-05-28 01:34:45,2026-05-27,PRD-NWVASVGQKD7O,CLI-O93BKADZ1KWG,Deposit,,1449.96,USD,,ATM,SUC-YZRQJS5X,,,México,Tijuana,Approved,00,False,1.74,,
TRX-CHS3Y6QQR0NQO4DLU5CZ,2026-05-28 02:21:44,2026-05-27,PRD-HUESGXMHF8Q2,CLI-74BX1Y8T2N8Y,Purchase,Other,145.48,USD,,POS,,Tienda General,Other,México,Ciudad de México,Declined,54,False,8.61,,
TRX-UUU7P7GRHLDEK1FQLFSU,2026-05-27 06:22:56,2026-05-27,PRD-SGAEN39J01MO,CLI-LT0XWRTXRYX6,Transfer,,7917.15,USD,,ATM,SUC-XUG645G9,,,Colombia,Cali,Approved,00,False,15.31,,
TRX-MEQZN6MY9QV1SHE5WY90,2026-05-27 18:44:44,2026-05-27,PRD-QAZIPZZ4C57I,CLI-EWSIIIAUBHV2,Transfer,,15411130.8,COP,3852.78,POS,,,,Colombia,,Approved,00,False,4.03,5.1213325,-74.8523346
TRX-IWTW3BI8R65FKN25TEKP,2026-05-28 05:55:03,2026-05-27,PRD-I9L76LUIFNZU,CLI-USIKHI19PP3U,Transfer,,8462.57,USD,,ATM,SUC-BGMBLKDB,,,México,Puebla,Approved,00,False,10.97,,
TRX-S6E880DKIDQ5J4C7WWPD,2026-05-28 03:13:17,2026-05-27,PRD-3VO2EHP0M00Q,CLI-2GK73KOTGDHT,Withdrawal,,321.46,USD,,ATM,,,,México,Ciudad de México,Approved,00,False,24.6,,
TRX-QAVHS2J20RQ2OY9J6W7J,2026-05-27 12:18:25,2026-05-27,PRD-HRCH6WX6MMEX,CLI-IGSJ1NRVYWH8,Purchase,Food,410.65,USD,,Transfer,,Tienda Don José,Food,México,Querétaro,Approved,00,False,25.61,,
TRX-F585IEHOA4Y46IUWRHWT,2026-05-28 05:08:34,2026-05-27,PRD-9RT7L9Y02FEH,CLI-VUG6KDHUY8BK,Purchase,Food,349.1,USD,,POS,,Tienda Don José,Food,México,Querétaro,Approved,00,False,,,
TRX-0B48N1K9AM97A5QXBU8O,2026-05-28 00:21:46,2026-05-27,PRD-12S3EP0ZNI4L,CLI-EEYXPQGQTAQJ,Purchase,Other,116956.21,ARS,334.16,Web,,Tienda General,Other,Argentina,Buenos Aires,Approved,00,False,16.46,,
TRX-5KHCJ406PYNMC1ZY819Q,2026-05-27 13:36:23,2026-05-27,PRD-R79EW9WCDLOJ,CLI-F43Y6GCJF0X0,Transfer,,4344.63,USD,,App,,,,México,Guadalajara,Approved,00,False,28.77,,
TRX-CPGKGYS8595XK3ALZKU7,2026-05-27 23:36:19,2026-05-27,PRD-QZK4K7HT8WJ7,CLI-DAGJ39N6K6LY,Withdrawal,,453.27,USD,,ATM,SUC-VV9NKH6E,,,México,Guadalajara,Approved,00,False,5.59,,
TRX-GFMPOS1U02QF9MDB7372,2026-05-27 13:20:15,2026-05-27,PRD-78A9KC6L7ZIN,CLI-SAW9EFGVJOL4,Purchase,Transport,162960.78,ARS,465.6,App,,Gasolinera Express,Transport,Argentina,Mendoza,Approved,00,False,0.35,,
TRX-M4BU7V5JG4HIFR0EZ3OX,2026-05-27 07:51:29,2026-05-27,PRD-QJEIF0L8X4QU,CLI-HUX54TMNSGNG,Purchase,Entertainment,59.76,USD,,POS,,Cine Premium,Entertainment,México,Querétaro,Approved,00,False,20.07,,
TRX-E3HS54CLNXN22V1SRYQU,2026-05-27 16:38:47,2026-05-27,PRD-Q5KUT73206F9,CLI-ZNNACGFNVDJ7,Withdrawal,,169.65,USD,,Web,,,,México,Puebla,Approved,00,False,2.63,,
TRX-1GDJ8NA8DNHHI0J395LV,2026-05-28 00:22:59,2026-05-27,PRD-LC2B5RGD0ZFR,CLI-KYG90ZMR4YFL,Transfer,,18801203.87,COP,4700.3,App,,,,Colombia,Cali,Approved,00,False,2.94,,
TRX-1HP3YAMXD0TB53X5A8SI,2026-05-27 08:07:32,2026-05-27,PRD-WHP80DSIB3ET,CLI-N3K9WVU1JV80,Purchase,Other,58.77,USD,,ATM,SUC-YZRQJS5X,Centro Comercial,Other,México,Puebla,Approved,00,False,4.67,0.5739034,0.1470531
TRX-H4Z8M5EOU3Z7YAQGD1I2,2026-05-27 20:45:24,2026-05-27,PRD-R0VWXSJIEC8Q,CLI-DLBVQC1OYN1Q,Payment,Other,818.12,USD,,POS,,,,México,Querétaro,Approved,,False,26.88,,0.2082407
TRX-1SW6G3WRW1JNJTB4BNLW,2026-05-27 17:04:34,2026-05-27,PRD-VMQSIJ0K56VG,CLI-24CAM123JUIM,Transfer,,1573528.35,ARS,4495.8,POS,,,,Argentina,La Plata,Approved,00,False,28.65,,
TRX-K7W8UO0S212OKLPNR20N,2026-05-27 08:33:44,2026-05-27,PRD-14BP6B8CD3TS,CLI-3WCDOR3XMBJT,Payment,Transport,125.35,USD,,ATM,SUC-57LRN6RH,,,México,Ciudad de México,Approved,00,False,5.18,,
TRX-TJAXZL9LGVVS4V5BAE39,2026-05-27 19:39:49,2026-05-27,PRD-BMKT8PCGLZ30,CLI-8PJCLXAPMNKZ,Deposit,,80.87,USD,,Web,,,,Colombia,,Declined,05,False,8.98,,
TRX-WVPV9OFT21FX0TF5H0RV,2026-05-27 23:12:04,2026-05-27,PRD-WWWY7AO6GTT8,CLI-M98KIBAWT6FE,Transfer,,18795282.58,COP,4698.82,POS,,,,Colombia,Cartagena,Approved,,False,8.0,,
TRX-K4J2Y55MT0QUZZYHBZCZ,2026-05-27 13:57:50,2026-05-27,PRD-TVVR8GC6HC3W,CLI-1TYRO4YQRQUS,Purchase,Transport,260.6,USD,,Web,,Gasolinera Express,Transport,México,,Approved,,False,19.48,,
TRX-4HEKHDXVP21PFMYDL0CK,2026-05-28 00:32:53,2026-05-27,PRD-LZ4VLS08ACYH,CLI-D6CFGQ0BPSZ4,Purchase,Services,404.57,USD,,Web,,Empresa Telefónica,Services,Colombia,Cali,Approved,00,False,6.15,,
TRX-3QCGDTKPAG5SJHC18ZH6,2026-05-28 02:10:07,2026-05-27,PRD-NOKWKC55R4RA,CLI-34V8FTAXJCLU,Purchase,Food,1248511.5,COP,312.13,ATM,SUC-MSYTX2WG,Restaurante El Buen Sabor,Food,Colombia,Medellín,Approved,00,False,10.06,4.614069,-73.5723151
TRX-H13YGDWNHI3QV1DV8QI7,2026-05-27 06:12:11,2026-05-27,PRD-OTNPNBMZYBX7,CLI-76SLH3G28JI7,Adjustment,,125481.86,ARS,358.52,POS,,,,Argentina,Rosario,Approved,00,False,12.57,-34.9165657,-58.4904021
TRX-W63UOWK8G7AWN0PBUYZ6,2026-05-28 04:00:59,2026-05-27,PRD-628FEQM03FSL,CLI-DTZZXTB4Q7UW,Withdrawal,,344.83,USD,,ATM,SUC-T4RE29NP,,,México,,Approved,00,False,24.26,,
TRX-EBIADW9V401WMAJI8YO0,2026-05-27 22:43:30,2026-05-27,PRD-DJ2JFI7AVE12,CLI-PKL2MYHDP2KQ,Payment,Transport,592412.26,ARS,1692.61,App,,,,Argentina,Córdoba,Approved,00,False,7.54,,
TRX-JJ8WK91ENDNCQ45AM7UQ,2026-05-27 08:30:27,2026-05-27,PRD-XHOD5T9PXNTZ,CLI-6LNAOJ0O5OWQ,Payment,Services,119731.8,ARS,342.09,POS,,,,Argentina,Buenos Aires,Approved,00,False,21.54,,
TRX-5IP9G3832GC0XD2RP8NI,2026-05-28 01:25:13,2026-05-27,PRD-RH969D76EZ1V,CLI-GCQYP0RYW4RG,Withdrawal,,136338.54,ARS,389.54,ATM,SUC-7L3EZA71,,,Argentina,Córdoba,Approved,00,False,,-34.3355361,-59.3277863
TRX-XOSD92BHVADW1KIGQW4P,2026-05-27 06:21:48,2026-05-27,PRD-A9MWQ3X2655A,CLI-1PXU6CHEQMNU,Purchase,Transport,185.77,USD,,Branch,SUC-A9BJ48OP,Estación de Servicio,Transport,Brazil,Rio de Janeiro,Approved,00,False,3.28,0.803364,0.4681978
TRX-PJ2N6HR2LE1RUXJPGUQD,2026-05-27 12:21:52,2026-05-27,PRD-WRJZ453WQBZS,CLI-YIVSCRL8AUJR,Transfer,,10270032.48,COP,2567.51,POS,,,,Colombia,Cali,Approved,00,False,2.07,4.5764918,-74.0372465
TRX-7QWAIPU26KP9THF8B6MW,2026-05-27 14:58:59,2026-05-27,PRD-NR3H4137PI2Q,CLI-BIQFGZ4PMSLN,Transfer,,2968.51,USD,,ATM,SUC-0OJNMRLP,,,México,Guadalajara,Approved,00,False,26.96,-0.0091588,-0.6581687
TRX-OLL4LW0VVG96HK0PKQJV,2026-05-27 07:51:19,2026-05-27,PRD-7SBMAJM0Z1N8,CLI-MH9UQSYAZT14,Purchase,Health,95025.65,ARS,271.5,POS,,Laboratorio Central,Health,Argentina,Rosario,Approved,00,False,,-34.4147163,-58.742062
TRX-VF4JRB0STVDOLDZPLX5B,2026-05-27 08:21:16,2026-05-27,PRD-HP3NJZ00RDJF,CLI-MJMPRIJOH4W4,Withdrawal,,239483.72,COP,59.87,POS,,,,Mexico,Guadalajara,Approved,00,False,6.89,,
TRX-1YDF8P74EWQY5CT3LZA2,2026-05-27 23:07:05,2026-05-27,PRD-UA85LMP0VYM8,CLI-0HIO2KX19MEI,Withdrawal,,143.79,USD,,App,,,,México,Guadalajara,Approved,00,False,26.65,,
TRX-E2HRPCAU8ZR8UVLUXLR8,2026-05-27 12:43:37,2026-05-27,PRD-FDA63Y015IYT,CLI-3YUO8JURKVBM,Withdrawal,,238.49,USD,,App,,,,México,Guadalajara,Approved,00,False,24.75,,
TRX-FURISTWRVL1YGC64WKJ3,2026-05-28 00:13:46,2026-05-27,PRD-QQTCQTGL9FTO,CLI-WW4KE0P1LJ4V,Payment,Health,563755.93,ARS,1610.73,POS,,,,Argentina,,Approved,00,False,,,
TRX-UKDGPDL68HXYFSAAATCK,2026-05-27 14:07:44,2026-05-27,PRD-TE6QQD357P7B,CLI-HG2WDABKR9RK,Withdrawal,,1041923.18,COP,260.48,App,,,,Colombia,Cali,Approved,00,False,,,
TRX-NAVUR1JRQYTG0XM40ZNX,2026-05-28 04:36:09,2026-05-27,PRD-2TLSX4D6RD6B,CLI-P9WX7KZDGJK9,Transfer,,3110743.98,ARS,8887.84,ATM,SUC-4JYR8GOV,,,Argentina,La Plata,Approved,00,False,,,
TRX-YLRFCC1ZCG7BG0XAIROG,2026-05-27 08:50:09,2026-05-27,PRD-IYFY7I8BSN25,CLI-O2VNYYX79B6Y,Purchase,Other,695234.92,COP,173.81,ATM,SUC-4BEKYT6U,Centro Comercial,Other,Colombia,Cali,Approved,00,False,,,
TRX-CE7A1D6NQQMM854VTDCM,2026-05-27 13:38:06,2026-05-27,PRD-1F0ACS8VWPTL,CLI-4SY1O4XJ6IQU,Withdrawal,,33.75,USD,,POS,,,,México,Tijuana,Approved,00,False,23.76,,
TRX-QUOZUPKAIYS6QBRL62KH,2026-05-27 17:05:14,2026-05-27,PRD-6HCWGVH3NBNX,CLI-XP9DQOR08549,Purchase,Food,259.26,USD,,App,,Super Ahorro,Food,México,,Approved,00,False,18.52,,
TRX-AUAFWCSV1G7D6NWNI8AF,2026-05-27 16:04:12,2026-05-27,PRD-ALX5B1NGJFFV,CLI-ZA9858VQ2F2P,Payment,Entertainment,999.52,USD,,ATM,SUC-8RYAQ0NO,,,México,Ciudad de México,Approved,00,False,7.62,,
TRX-HK61QFZAN8WTMYRBTMM4,2026-05-27 13:46:17,2026-05-27,PRD-KGYWLF9O6492,CLI-CZ7U3T9VTXZ1,Purchase,Other,64.16,USD,,ATM,SUC-KI33JLSV,,Other,México,Querétaro,Approved,00,False,5.16,,0.358768
TRX-A4DGVRW7Q1N8G5J4WCPI,2026-05-27 06:50:32,2026-05-27,PRD-WQL1O74U1U5L,CLI-0KR93MBD7HXU,Payment,Entertainment,865.18,USD,,POS,,,,México,Querétaro,Approved,00,False,4.65,-0.1848986,0.8612868
TRX-FIGNV27KURQ7M1UATRUC,2026-05-27 13:12:43,2026-05-27,PRD-YBPTTBJLFM3G,CLI-4NBKTA108LTC,Purchase,Entertainment,1498896.43,COP,374.72,ATM,SUC-LBZFJAU6,Cine Premium,Entertainment,Colombia,Barranquilla,Approved,00,False,,4.4986821,-73.1489083
TRX-5WERHPMCLM7DAPMYM0V5,2026-05-28 05:51:18,2026-05-27,PRD-38M0BH5CUMEA,CLI-G96CQ4AP0YC1,Transfer,,5888.67,USD,,Web,,,,México,Ciudad de México,Approved,00,False,,,
TRX-B3UCXQ3OHV3TKOOSMEEU,2026-05-28 01:05:11,2026-05-27,PRD-4IK04R6HA4JH,CLI-Z817WG0UUJWS,Purchase,Transport,150227.13,COP,37.56,ATM,SUC-KJBGVLU5,Estación de Servicio,Transport,Colombia,Cartagena,Approved,00,False,14.27,,
TRX-BNPHYFM8RROT8U0WU6PR,2026-05-27 08:26:19,2026-05-27,PRD-4CHWLYMZANKF,CLI-EMDLMXHBZHGB,Transfer,,8951.7,USD,,POS,,,,Colombia,Bogotá,Approved,00,False,0.25,,
TRX-RUY5QVYU8N1ZZGW5M90E,2026-05-27 12:53:13,2026-05-27,PRD-M1HVEQKSY97J,CLI-FC1RLQ5BC24L,Purchase,Transport,18.63,USD,,Web,,Estación de Servicio,Transport,México,Tijuana,Approved,00,False,3.6,,
TRX-9HVAMZY9199GG380PS4O,2026-05-27 18:16:18,2026-05-27,PRD-VMR1644VKBBP,CLI-QOPWMNGBV8V6,Deposit,,4435.86,USD,,App,,,,México,Querétaro,Approved,00,False,11.54,,
TRX-YCLX2BXUZ2VJIIXK0UYS,2026-05-27 22:58:51,2026-05-27,PRD-M3MBU9G3WS0P,CLI-SCZVQRPVTWC9,Purchase,Services,1276119.0,COP,319.03,Web,,Internet Plus,Services,Colombia,Cartagena,Approved,00,False,6.94,,
TRX-37TT23HYVMUA4QN2L0JZ,2026-05-27 07:08:53,2026-05-27,PRD-CRO17FUUOREE,CLI-9Z8A501UQFUB,Withdrawal,,73.53,USD,,POS,,,,México,Ciudad de México,Approved,,False,2.87,,
TRX-MB1HSI4RU4YW2J8ED7AQ,2026-05-27 22:51:09,2026-05-27,PRD-XBH8A0EV9166,CLI-953B6KX8NQ91,Transfer,,3461.74,USD,,ATM,SUC-H2ROE7C8,,,Colombia,Cali,Approved,00,False,,4.5823612,
TRX-Q1PMSA0CNY60XEREJRF3,2026-05-27 18:28:47,2026-05-27,PRD-HBCEHCZDVP35,CLI-DTVPSDZSULXJ,Deposit,,603.28,USD,,ATM,SUC-5R12FFLE,,,México,Guadalajara,Approved,00,False,12.68,-0.5978006,-0.0194028
TRX-RYQCFRUZBD7KE7U5D3S2,2026-05-28 03:01:53,2026-05-27,PRD-RS72Y56NIAIU,CLI-9Z1VLPZSVS03,Purchase,Services,168806.62,ARS,482.3,ATM,SUC-6M2HY1ZX,Servicios Públicos,Services,Argentina,Rosario,Approved,00,False,,,
TRX-3X3I6PS5FO9IKZ5XV6L4,2026-05-28 04:15:09,2026-05-27,PRD-2ZV6946APIO3,CLI-RCZCTNF1RXAE,Deposit,,4862.54,USD,,ATM,,,,México,Querétaro,Approved,00,False,,-0.1312405,0.1851114
TRX-RWO78B5S0GUGD1HHJHJD,2026-05-27 06:54:21,2026-05-27,PRD-64L3Y1KGRQKC,CLI-HN33U75Y7EYE,Transfer,,2609443.47,ARS,7455.55,ATM,SUC-K32WS6T0,,,Argentina,Buenos Aires,Approved,00,False,,,
TRX-M8Q6TDU05T6RAJOT847F,2026-05-27 10:03:23,2026-05-27,PRD-JWULPSDYJXRQ,CLI-J5VLXYHPWARV,Withdrawal,,1578552.02,COP,394.64,ATM,SUC-EXKJNP13,,,Colombia,Medellín,Approved,00,False,,5.1814586,-75.014078
TRX-1R7ZMAODXJIM44YXYCI5,2026-05-27 11:56:42,2026-05-27,PRD-0K2NMITUXFFZ,CLI-GASJ8L25SDXA,Withdrawal,,1465430.27,COP,366.36,POS,,,,Colombia,,Approved,00,False,29.95,,
TRX-MO6VB5B10EJLD5TIOS5C,2026-05-28 05:22:14,2026-05-27,PRD-S5IHZOI5GSCQ,CLI-BLYP6FB16MXX,Withdrawal,,838232.33,COP,209.56,ATM,SUC-UJA1ZE8Q,,,Colombia,Bogotá,Approved,00,False,0.44,,
TRX-77XKMPROE4QRHWJD29LO,2026-05-27 11:13:12,2026-05-27,PRD-MDI7SGDWJPBG,CLI-AILUKIXGQEOF,Deposit,,1270187.68,ARS,3629.11,POS,,,,Argentina,Buenos Aires,Approved,00,False,24.21,-35.2029223,-58.2382198
TRX-3MM9MBR0YLPR8NVFO40T,2026-05-27 16:07:52,2026-05-27,PRD-6C7KDSVB3QRZ,CLI-1MUOT8HLN313,Purchase,Other,1651774.49,COP,412.94,ATM,SUC-TQX7379E,Boutique Moda,Other,Colombia,Cartagena,Approved,00,False,26.71,,
TRX-D3ZEB97QAPFZ2F50OX0M,2026-05-27 20:31:41,2026-05-27,PRD-5NDBZMU0VZL7,CLI-887O2RB44KB3,Purchase,Health,299.69,USD,,ATM,SUC-I4AA1FSG,Farmacia Salud,Health,México,Monterrey,Approved,00,False,29.67,,
TRX-P54YRLL8S9R4UE9CBSNI,2026-05-27 16:44:43,2026-05-27,PRD-RS354TGTTU6N,CLI-LGN3EOUPWZXU,Deposit,,14230342.2,COP,3557.59,ATM,SUC-22RCTEVV,,,Argentina,,Approved,00,False,26.84,5.0794292,
TRX-GGC92WM0D6JHOD0V28YL,2026-05-28 04:35:39,2026-05-27,PRD-9S8O08WWDMBU,CLI-DL29KV545KKU,Withdrawal,,112913.55,ARS,322.61,ATM,SUC-QZP6DNTL,,,Argentina,,Approved,00,False,18.61,-33.9719794,-59.3291004
TRX-IZOV1Y9IZOI56DT37UUK,2026-05-27 08:11:38,2026-05-27,PRD-GZF7EFZHCQNL,CLI-LG5VF2NCA3SJ,Transfer,,851980.16,ARS,2434.23,POS,,,,Argentina,Buenos Aires,Approved,00,False,0.84,-35.090338,-58.3647535
TRX-ID4QDDR2WNK8IK9TA2AF,2026-05-27 06:42:08,2026-05-27,PRD-82JEBDUL06ZW,CLI-RWTO1AF5QVDA,Transfer,,5103.43,USD,,POS,,,,México,Puebla,Declined,51,False,9.65,,
TRX-LEHF3T5S1WJY3OSF6F8F,2026-05-27 18:19:47,2026-05-27,PRD-SD2SJUF9J791,CLI-BIHMR35S4OFV,Transfer,,8192.73,USD,,Web,,,,Argentina,Córdoba,Approved,00,False,21.23,,
TRX-65Z3EFFI7FKUZSVXTDBG,2026-05-27 06:36:20,2026-05-27,PRD-34WPMBE3TAD5,CLI-IH30II3TMC56,Transfer,,10593661.71,COP,2648.42,ATM,SUC-O4G07J7I,,,Brazil,,Approved,00,False,18.61,4.1313048,-74.1246006
TRX-MRUGZDVD3NOV9PDY3HLY,2026-05-27 18:19:45,2026-05-27,PRD-E3JRHNC511E2,CLI-VJGHB3KXR5O2,Purchase,Entertainment,487.03,USD,,POS,,Cine Premium,Entertainment,México,,Approved,00,False,27.83,,
TRX-VQMQ3JM5L5XM95YT768P,2026-05-27 22:28:18,2026-05-27,PRD-QVLQOPU4JA8B,CLI-TA0OPQVOZTPK,Withdrawal,,1785208.41,COP,446.3,Web,,,,Colombia,Medellín,Approved,00,False,4.88,,
TRX-ZCYN72GSJ1G8M3MJOF50,2026-05-27 11:03:04,2026-05-27,PRD-M58D2N7FULLG,CLI-M2KH04CRIMD3,Payment,Services,4198404.61,COP,1049.6,POS,,,,Colombia,Bogotá,Approved,00,False,19.67,,
TRX-MT289ZO96UOLILWBV0MS,2026-05-28 03:40:55,2026-05-27,PRD-G2BXX05UR3HZ,CLI-8F9WJY3CBB5W,Adjustment,,340.75,USD,,Web,,,,México,Guadalajara,Approved,00,False,10.17,,
TRX-GSC306AAV5CWN0P0ZV7L,2026-05-27 11:32:29,2026-05-27,PRD-253TBIQ6A4DI,CLI-BDDD18QVD2SH,Withdrawal,,31.9,USD,,POS,,,,México,,Approved,00,False,16.59,,
TRX-B8ESVKZPUTY9GLYAESUS,2026-05-27 12:04:21,2026-05-27,PRD-4SW9HE4GT4CW,CLI-HCGEAWYN3JTL,Withdrawal,,1500263.99,COP,375.07,ATM,SUC-XPLAOSH4,,,Colombia,Cartagena,Approved,00,False,1.47,,
TRX-VTT5TX7BBCPSP4DF7H7I,2026-05-28 01:30:56,2026-05-27,PRD-Z7OOLZI20ITW,CLI-QPQ12XUN0GB4,Purchase,Entertainment,107.93,USD,,Web,,Conciertos Live,Entertainment,Argentina,Mendoza,Approved,00,False,,,
TRX-KJZYJT48IK0H3E6XD9WJ,2026-05-28 04:21:34,2026-05-27,PRD-YOOKBERU59U2,CLI-NBEHWCMU1DZE,Withdrawal,,1700886.84,COP,425.22,POS,,,,Colombia,Cali,Approved,00,False,17.82,,
TRX-U1I6571DC0064SL19H9I,2026-05-27 23:44:23,2026-05-27,PRD-ELMCSN69HQ78,CLI-IG0YZG7VBJY4,Transfer,,2140031.66,ARS,6114.38,Transfer,,,,Argentina,Buenos Aires,Approved,00,False,5.34,,
TRX-02VHM3HYL6TQ8IZUQL6I,2026-05-28 02:13:13,2026-05-27,PRD-9BCYXJ33MH9V,CLI-9ERZS071BJIM,Purchase,Services,299.32,USD,,Web,,Servicios Públicos,Services,México,Tijuana,Approved,00,False,19.94,,
TRX-EL8OO2S7VSVVR9YUAIBH,2026-05-27 15:03:00,2026-05-27,PRD-UVTVGYFCEXQS,CLI-HUY1FNSLTA7E,Payment,Health,5872949.57,COP,1468.24,POS,,,,Colombia,Barranquilla,Approved,00,False,18.11,3.9655495,-74.7234989
TRX-KQ1QXD7EYH9LLF11636H,2026-05-28 02:49:45,2026-05-27,PRD-873AZ241JDN7,CLI-P056N2LF03BD,Purchase,Food,917108.32,COP,229.28,POS,,Tienda Don José,Food,Colombia,Cartagena,Approved,00,False,3.12,3.7470275,-73.5187327
TRX-JQWIWJ9KFXLVF2QRDG7J,2026-05-27 23:22:15,2026-05-27,PRD-UXZAROQT4ZYZ,CLI-LC11PGXY4UAA,Transfer,,18469567.97,COP,4617.39,App,,,,Colombia,Barranquilla,Approved,00,False,8.72,,
TRX-R8IENR7A5ZZ3DTW7XGCM,2026-05-27 15:39:13,2026-05-27,PRD-KG5AUUHJE2ZP,CLI-FGS482NA9F6Y,Transfer,,965.84,USD,,ATM,SUC-JGB6PK8R,,,México,Ciudad de México,Approved,00,False,2.57,-0.014122,0.9384444
TRX-21GPWJYK0C99ATAD8CF3,2026-05-28 01:43:58,2026-05-27,PRD-NLEN3UMGXJ99,CLI-OD54TJYMNPCY,Transfer,,6242.67,USD,,POS,,,,México,Ciudad de México,Approved,00,False,27.11,,
TRX-5VXQU5YYTODL7EYH0E9Z,2026-05-27 06:50:38,2026-05-27,PRD-M6YPIH5U79X9,CLI-Z5570ONVAHB9,Purchase,Entertainment,224.73,USD,,App,,Conciertos Live,Entertainment,México,Ciudad de México,Approved,00,False,21.31,,
TRX-LU3VLWPNJ6MVOQEY9QFU,2026-05-27 09:51:26,2026-05-27,PRD-R9TIDSBNEHCM,CLI-56ZUPV9JWL3J,Deposit,,763.66,USD,,ATM,SUC-XUG645G9,,,México,Ciudad de México,Approved,00,False,13.18,,
TRX-YTZ2BN9X8CL1N9Q4VIBU,2026-05-27 14:50:19,2026-05-27,PRD-K54ZH1UC1OL1,CLI-N4AUL6ZK6G1L,Transfer,,2978.26,USD,,Web,,,,México,Tijuana,Approved,00,False,,,
TRX-G08RSRGPKLAL2YG2GTE0,2026-05-27 09:49:14,2026-05-27,PRD-3ZEIG1D1ZM4R,CLI-F0SZKTZ45PA4,Purchase,Entertainment,168033.93,ARS,480.1,ATM,SUC-C1OF9350,Teatro Nacional,Entertainment,Brazil,,Approved,00,False,3.47,,
TRX-IZ6U8OYFZW4U2C63EA5M,2026-05-28 04:25:19,2026-05-27,PRD-2N163GMSC13T,CLI-SRI81F13MQE8,Deposit,,1489.0,USD,,ATM,SUC-9DE11KDA,,,México,Tijuana,Approved,00,False,27.57,,
TRX-0JKR7IO5YVHMWNQILSM7,2026-05-28 02:37:10,2026-05-27,PRD-99HROIVDX6MP,CLI-1Z7OXCG5RQBY,Payment,Entertainment,925.74,USD,,POS,,,,Colombia,Bogotá,Approved,,False,21.2,,
TRX-C4M5VNYEXK18YPISM4T7,2026-05-27 09:09:27,2026-05-27,PRD-3WPYQ6L5RSYP,CLI-W61UWTLLGOZ7,Withdrawal,,421.06,USD,,Web,,,,México,Ciudad de México,Approved,00,False,4.54,,
TRX-6IL80ZWFMWSXHNIPE4BD,2026-05-27 19:02:06,2026-05-27,PRD-VV215LVKIW6J,CLI-MB6HZLCB1X8M,Withdrawal,,51.23,USD,,POS,,,,México,,Approved,00,False,11.35,,
TRX-AE6BOPT312UI663LC9CS,2026-05-27 23:42:06,2026-05-27,PRD-5G4SNWPGDHP1,CLI-FHC6IAYKUCRR,Withdrawal,,826748.2,COP,206.69,ATM,SUC-QLV3J046,,,Colombia,Barranquilla,Approved,00,False,10.21,,
TRX-FTS1WUH091XM21YYY4C7,2026-05-27 09:41:30,2026-05-27,PRD-URIK8VIMS758,CLI-1GXEZWDRVC9K,Deposit,,1167348.16,ARS,3335.28,POS,,,,Argentina,Rosario,Approved,00,False,,-34.8489193,
TRX-JTDREDEFKP76VS051H93,2026-05-28 02:11:31,2026-05-27,PRD-I6VSEPTXM86F,CLI-Y42SAPLDN3JG,Transfer,,6561.02,USD,,App,,,,México,,Approved,00,False,27.22,,
TRX-XX4296R4OJLMQJLMTCMS,2026-05-28 03:09:28,2026-05-27,PRD-XUQJWAHXDLAA,CLI-AYLBNN4HQ3YR,Payment,Entertainment,963.93,USD,,App,,,,México,Monterrey,Approved,00,False,0.41,,
TRX-C89A900657E51EAYOJVW,2026-05-27 06:48:50,2026-05-27,PRD-CTQQIP0V2AC2,CLI-NPPEMCG1UZYT,Payment,Health,3985339.72,COP,,POS,,,,Colombia,Medellín,Approved,00,False,1.15,4.8672826,-74.3365103
TRX-7ZZ6KWIVLSUCNEPC2I58,2026-05-27 14:02:13,2026-05-27,PRD-EU9ZAH4843I2,CLI-1V9FU4ADVVC7,Withdrawal,,486.82,USD,,ATM,SUC-XEEDD28B,,,México,Puebla,Approved,,False,2.37,,
TRX-4GWI0AT27QWL9GK9T97P,2026-05-27 13:42:26,2026-05-27,PRD-UF1ZIP7E9ZG0,CLI-TM4PGQPBOOHK,Payment,Other,371.74,USD,,POS,,,,México,Querétaro,Approved,00,False,,,
TRX-0EHHSICQ5ZEC2J22JZK4,2026-05-28 02:42:12,2026-05-27,PRD-I7TTY2V1KEMW,CLI-XS5LYXMY2H37,Purchase,Services,162180.93,ARS,463.37,App,,Servicios Públicos,Services,Argentina,Córdoba,Approved,00,False,7.57,,
TRX-R0XSL3C4S9D3S4G6XLDU,2026-05-27 19:06:15,2026-05-27,PRD-SOY4LBFJA14C,CLI-1A3WBHSG7QPU,Transfer,,8664.77,USD,,ATM,SUC-QE974U7T,,,México,Ciudad de México,Declined,51,False,27.87,,
TRX-9JYAL21YC1VTVKDZ0UKO,2026-05-27 06:56:25,2026-05-27,PRD-46JDN5TOCHPD,CLI-BIVTIWGSRM4N,Payment,Transport,1064.53,USD,,Web,,,,México,Ciudad de México,Approved,00,False,,,
TRX-OTNT7FS962TJO9THZGCH,2026-05-27 22:45:03,2026-05-27,PRD-8XT38DYRU7QR,CLI-065NDNMZG5QY,Withdrawal,,114345.2,ARS,326.7,POS,,,,Argentina,La Plata,Approved,00,False,,,
TRX-ZITFZG0FQQQVM4M8O3D8,2026-05-27 13:28:59,2026-05-27,PRD-L6SS1WVIVF95,CLI-1BKTL5S522N2,Transfer,,1000.63,USD,,ATM,SUC-CGL8D37U,,,México,Ciudad de México,Approved,00,False,23.36,-0.567108,0.6848016
TRX-T5J982LNVXQLEYWOMOF1,2026-05-27 10:16:41,2026-05-27,PRD-XXFD4CS2GOS0,CLI-AXH0WKLL85HU,Withdrawal,,1477374.44,COP,369.34,Web,,,,Colombia,Medellín,Approved,00,False,21.88,,
TRX-FI80GXBOPB4BJP4ZO998,2026-05-28 01:30:24,2026-05-27,PRD-V1TF5RV4VA4M,CLI-BUECP0BJP24V,Payment,Other,5634542.77,COP,1408.64,Web,,,,Colombia,Medellín,Approved,00,False,12.92,,
TRX-5I8CWBOCVTKAP5J7X0RJ,2026-05-27 11:56:46,2026-05-27,PRD-WDYYY7Y0T16S,CLI-XICNJVIXJT3O,Transfer,,4286.41,USD,,ATM,SUC-NOBD5N9U,,,México,Guadalajara,Approved,00,False,5.0,-0.0559958,-0.535453
TRX-ZFKN79J9932JO879ALVZ,2026-05-27 12:10:51,2026-05-27,PRD-9QA6M9FIHL61,CLI-OBWU1K1XZ2W0,Withdrawal,,307.32,USD,,ATM,SUC-ZXOSBE5D,,,México,Tijuana,Approved,00,False,24.38,,
TRX-VE0BP3H14PCCAYN7XCI5,2026-05-27 15:17:27,2026-05-27,PRD-Q4ABN2D7MS1R,CLI-BKD17IZHN9QV,Payment,Services,265.01,USD,,ATM,SUC-KNGCTTUB,,,México,Guadalajara,Approved,00,False,30.0,,-0.2514501
TRX-T57GTF74VGIIPDY4X43A,2026-05-28 03:11:47,2026-05-27,PRD-WBTS6HOBQ4WJ,CLI-UQC3CAWU79QP,Payment,Other,119.96,USD,,POS,,,,México,Ciudad de México,Approved,00,False,14.41,,
TRX-WKCAM0ZYRQB90OV6E6ZH,2026-05-27 12:53:30,2026-05-27,PRD-KTZDOHY5GYQF,CLI-H6BA6P6K78B2,Purchase,Entertainment,87657.48,ARS,250.45,ATM,SUC-UUF77WSC,,Entertainment,Argentina,La Plata,Approved,00,False,28.94,,
TRX-8WH4BV58UOI81W3LCHB6,2026-05-27 14:22:32,2026-05-27,PRD-97IE8VJ6IIST,CLI-WY2LENPIDHRP,Purchase,Services,385529.17,COP,96.38,POS,,Cable TV,Services,Colombia,,Approved,00,False,4.75,,
TRX-0NM3IFHXUNYBG41VS0J7,2026-05-27 16:28:21,2026-05-27,PRD-K70VW1SPPTGF,CLI-RTG3FK04D983,Purchase,Transport,458.63,USD,,Web,,Uber,Transport,México,Puebla,Approved,00,False,,,
TRX-RX8KUABTUMWCK25URK7G,2026-05-28 01:16:20,2026-05-27,PRD-WP29DCI4XTGS,CLI-VF3T8P4JZ4SA,Deposit,,1198.32,USD,,POS,,,,México,Guadalajara,Approved,00,False,29.73,-0.5291129,-0.3828542
TRX-387APG81WL8BZLXA8V97,2026-05-27 06:38:31,2026-05-27,PRD-CIJFY0085GE8,CLI-KIDEB1N7XU1E,Purchase,,404.95,USD,,Web,,Teatro Nacional,Entertainment,México,Guadalajara,Approved,,False,,,
TRX-ZRE6N75DQIK8S92Y7GGN,2026-05-28 02:03:33,2026-05-27,PRD-JCOWMV2KRPAT,CLI-7ESMMQMVXYSP,Purchase,Health,146.99,USD,,POS,,Óptica Visión,Health,México,Querétaro,Approved,00,False,2.82,0.1920411,0.7110669
TRX-LHRZWZKX7ABI868R57VY,2026-05-27 07:10:47,2026-05-27,PRD-4FWTCF4EDV7G,CLI-8EDX19Z88NA9,Payment,Food,358308.21,ARS,1023.74,POS,,,,Argentina,La Plata,Approved,00,False,18.88,,
TRX-PCGNSN92FEK9VFEXZ7NV,2026-05-28 04:58:27,2026-05-27,PRD-3O0OHNGVOU87,CLI-HQRIMTZYHX9P,Purchase,Transport,373884.33,COP,93.47,ATM,SUC-U5SARN4H,Gasolinera Express,Transport,Colombia,Cartagena,Approved,00,False,3.71,5.2624719,
TRX-0JU8QXLL6I9UDQ3BLIWW,2026-05-27 11:12:40,2026-05-27,PRD-HZEC4LR8YW9N,CLI-NW4L9ZZCXA83,Purchase,Transport,560170.19,COP,140.04,POS,,Gasolinera Express,Transport,Colombia,,Approved,00,False,6.42,,
TRX-ER4SUR0LS8XN89BL1QWC,2026-05-27 17:28:16,2026-05-27,PRD-BN93K2DLIRA4,CLI-Q7KGD1FH7T3Y,Payment,Services,261.2,USD,,POS,,,,México,Guadalajara,Approved,00,False,25.56,,
TRX-7UPXX9PB242P54BESUTE,2026-05-28 04:43:56,2026-05-27,PRD-CBHEJBVP9Q31,CLI-YQLSWM7HOYL9,Deposit,,2638.37,USD,,Web,,,,México,Tijuana,Approved,00,False,25.27,,
TRX-2Y9QSFKMOUUVCAZ7COZD,2026-05-28 03:50:47,2026-05-27,PRD-74CRTXL82WCZ,CLI-ZF1M3HBX4BC7,Withdrawal,,109146.25,ARS,311.85,ATM,SUC-FXWYIOXF,,,Argentina,Rosario,Approved,00,False,4.18,,
TRX-4RTFVJHHMBCMC45FMAIR,2026-05-27 15:48:11,2026-05-27,PRD-VCUR5UXXM8UZ,CLI-HQMBVWNA13Z2,Payment,Transport,1266.73,USD,,POS,,,,México,Puebla,Approved,00,False,2.15,,
TRX-0NBZ0M898OINFS84YNHC,2026-05-27 21:57:57,2026-05-27,PRD-R4XV1ILUTO8C,CLI-2LI6NT17IC1W,Transfer,,7449.24,USD,,POS,,,,México,Monterrey,Approved,00,False,,,
TRX-6HXGPLTVXMS2F6B2V5NZ,2026-05-27 18:12:33,2026-05-27,PRD-V0IZ6V0PRGMV,CLI-R02V6PW7I74M,Purchase,Transport,49.79,USD,,App,,Uber,Transport,USA,New York,Approved,00,False,7.78,,
TRX-F0TH4WSC9WDHVHMQRFE0,2026-05-28 04:26:13,2026-05-27,PRD-IB7XTP1EN802,CLI-5R0ULFZZDXK9,Transfer,,38860111.81,COP,9715.03,ATM,SUC-RNGAMG7V,,,Colombia,Medellín,Approved,00,False,6.73,,
TRX-1SV16F3CWVEF4RDG9IBX,2026-05-27 20:25:58,2026-05-27,PRD-YN69HTH2IB41,CLI-U9YAXS8AY1PR,Transfer,,9153.3,USD,,POS,,,,México,,Approved,00,False,13.64,,
TRX-YTG5K6B8K9EAJJDG9PMN,2026-05-27 20:20:07,2026-05-27,PRD-QV1VW5W6ADWA,CLI-39YF0MVTTHVH,Deposit,,18611011.64,COP,4652.75,POS,,,,Colombia,Medellín,Approved,00,False,22.34,4.5638424,-73.9240261
TRX-1OSIPP7MXIXNMJNXV2DM,2026-05-27 22:34:03,2026-05-27,PRD-JC9HB1PRKL0N,CLI-CJ5248IKZLDE,Payment,,5477658.79,COP,1369.41,ATM,SUC-H4WPLB7O,,,Colombia,Medellín,Approved,00,False,2.8,5.5116704,-74.4872249
TRX-3SYJ8U8MBNJCZTWMK7TU,2026-05-27 10:04:45,2026-05-27,PRD-HXE6C4E92QQI,CLI-16EM9029ZYZ3,Transfer,,2736207.3,ARS,7817.74,Branch,SUC-F321UEME,,,Argentina,Buenos Aires,Approved,00,False,,-33.6573537,-58.4056871
TRX-JR0GSGF0QUU3LCSKLINZ,2026-05-27 09:23:54,2026-05-27,PRD-JBTWCEGQEC2U,CLI-7Z2H9PKZOS85,Deposit,,547.78,USD,,ATM,SUC-M3Y8BT51,,,México,Ciudad de México,Approved,00,False,21.58,,
TRX-F1UQYNRUK0Q0GZW46ENU,2026-05-28 03:19:21,2026-05-27,PRD-OX4PD7VR3RVB,CLI-IRY1Q52VLEC6,Transfer,,6713.03,USD,,Web,,,,México,,Approved,00,False,4.85,,
TRX-SMCS9EDYQA0DD8VNIHEM,2026-05-27 11:49:36,2026-05-27,PRD-M0BO8DQKIC3A,CLI-A6Y6TXO8DOG8,Withdrawal,,340.38,USD,,POS,,,,México,Monterrey,Approved,00,False,29.24,-0.057067,-0.8111876
TRX-XMKPHAQ0L86QFKRSUQO9,2026-05-27 19:16:06,2026-05-27,PRD-JCV7J6QBKV9M,CLI-NRIV2S5EDVEX,Withdrawal,,1032718.41,COP,258.18,POS,,,,Colombia,Cartagena,Approved,00,False,4.04,5.0528673,-73.9373646
TRX-M55MHNQ10NI7EF5XEE9W,2026-05-27 12:37:42,2026-05-27,PRD-ZEGAZWQ9W6US,CLI-7M7K0U921UV5,Deposit,,13829461.65,COP,3457.37,POS,,,,Colombia,Bogotá,Approved,00,False,,,
TRX-JLBTSYBX8WWP4DEB95N3,2026-05-27 18:34:12,2026-05-27,PRD-4B33XGYOVHOA,CLI-Y6HEAN39Y88H,Payment,Transport,5572407.26,COP,1393.1,ATM,SUC-6NKYKKQR,,,Colombia,,Approved,00,False,1.48,,
TRX-Y4A9T45U7JQT28L7NAC4,2026-05-27 13:55:38,2026-05-27,PRD-ZCB7CJX0O226,CLI-6CWMB1V1N67J,Deposit,,5145108.45,COP,1286.28,ATM,SUC-DIHJMBN3,,,Colombia,Medellín,Approved,00,False,22.33,,
TRX-UZIA9E0T7CBLYK6E78FP,2026-05-27 19:12:15,2026-05-27,PRD-KAWWZXH5ROH8,CLI-UY89E4VHEL0K,Payment,Health,519773.49,ARS,1485.07,Transfer,,,,Argentina,Buenos Aires,Approved,00,False,12.38,,
TRX-5FQIW3ML1I955DDH03QP,2026-05-28 02:25:02,2026-05-27,PRD-APKG5F306N2K,CLI-BGM354AMTAT5,Transfer,,7249.39,USD,,App,,,,México,Guadalajara,Approved,00,False,0.05,,
TRX-T5VUN8NZBPGQNUKTZDGN,2026-05-28 03:22:40,2026-05-27,PRD-8IPUGKZQPDXT,CLI-2YQGS69UJQIV,Deposit,,624.23,USD,,POS,,,,México,Puebla,Approved,00,False,,,
TRX-04RK275WHCBXWH69A7Z5,2026-05-27 22:52:42,2026-05-27,PRD-Y0PP4HWOB8PL,CLI-6DN517FFUF03,Payment,Other,493.95,USD,,ATM,SUC-KKZOCIP3,,,México,Tijuana,Reversed,14,False,14.17,,
TRX-TYMOPRC8W1O4FKC9Z7GG,2026-05-27 16:42:49,2026-05-27,PRD-UDRP2253QV9F,CLI-33OHJOIYAPKT,Purchase,Transport,247.81,USD,,POS,,Gasolinera Express,Transport,México,,Approved,00,False,28.73,,
TRX-5Z65S0R0VI27HXEF7SOQ,2026-05-27 23:17:09,2026-05-27,PRD-8PFLMV08WZTA,CLI-0PWYQ09AY0BM,Purchase,Services,438954.16,COP,109.74,ATM,,,Services,Colombia,Bogotá,Approved,00,False,10.52,4.6300716,-73.2015505
TRX-UFLAH73UN85VNDIM9ZZ7,2026-05-27 07:28:59,2026-05-27,PRD-QZEM1TZBQYPM,CLI-HXTQ4OTS4QOH,Payment,Other,1551.21,USD,,ATM,SUC-U3Q69OLV,,,México,Querétaro,Approved,00,False,29.0,,
TRX-PSRX9N6LAPMCHCIT2IIK,2026-05-27 18:12:27,2026-05-27,PRD-WKABGF0O3EMO,CLI-0JMFSXZU9IE0,Deposit,,14889113.26,COP,3722.28,App,,,,Colombia,Barranquilla,Declined,51,False,14.18,,
TRX-YCRO69UPFTUYP9YJW2UP,2026-05-28 04:06:23,2026-05-27,PRD-3X0EDAFGE9U8,CLI-2QJTTKOG123X,Deposit,,43671.69,ARS,124.78,App,,,,Mexico,Ciudad de México,Approved,00,False,22.8,,
TRX-46GM5SOUZ3ULZMTLC56I,2026-05-27 21:00:03,2026-05-27,PRD-Z2H117OX58CO,CLI-G3UUJJQ3TK04,Withdrawal,,407.68,USD,,App,,,,México,Ciudad de México,Approved,00,False,16.97,,
TRX-F95C9TMWWFGFLJLVPPSG,2026-05-27 07:09:10,2026-05-27,PRD-R790VX2H0E18,CLI-M2F34VQF6LCF,Transfer,,33591661.32,COP,8397.92,Web,,,,Colombia,Bogotá,Approved,00,False,8.33,,
TRX-0RGEF203P0XHXBX12RLS,2026-05-27 10:33:35,2026-05-27,PRD-A5S7S5LA23GR,CLI-70DTKFSJELK0,Deposit,,18937779.31,COP,4734.44,App,,,,Colombia,Bogotá,Approved,00,False,19.93,,
TRX-0BHGDSS26HKT2XSDLHSE,2026-05-28 05:49:49,2026-05-27,PRD-B0FDZULFRA5W,CLI-99R3Z7KJW4CL,Transfer,,8704.8,USD,,ATM,SUC-F61XHTE2,,,México,Puebla,Approved,,False,20.07,,
TRX-ADBYV3MI5LXJFERZ7W5Z,2026-05-28 00:39:32,2026-05-27,PRD-AST3HKOJHYLP,CLI-WAVAUIN0CCZE,Deposit,,2655.3,USD,,App,,,,México,Puebla,Approved,,False,25.67,,
TRX-J7IV3EWS2OKRS4XG5JMI,2026-05-27 11:34:21,2026-05-27,PRD-EB9YHHZKLCZ3,CLI-OUYFOQT0PD6B,Withdrawal,,149.18,USD,,ATM,SUC-BSMTX3U8,,,México,Monterrey,Approved,00,False,13.44,,
TRX-IJ3PL6FCY53W4IHERJRB,2026-05-27 16:22:36,2026-05-27,PRD-HAUNVDZMF468,CLI-EAJ1QOYGUC3A,Transfer,,2501.01,USD,,POS,,,,Brazil,Brasília,Approved,00,False,,,
TRX-6MMAS0OHSVW6L9QPLPHB,2026-05-27 23:45:58,2026-05-27,PRD-NNXFN01CMSGU,CLI-1BK2BBQUSKAZ,Payment,Food,76172.3,ARS,217.64,POS,,,,Argentina,,Approved,00,False,2.29,,
TRX-2EWZTT4IAJXOVTLKPSOY,2026-05-27 15:46:26,2026-05-27,PRD-SKMZSCAJBNX0,CLI-UJJO0SIAZ5CV,Purchase,Transport,284195.34,COP,71.05,POS,,Estación de Servicio,Transport,Colombia,Cali,Approved,00,False,26.6,,
TRX-LZFPD7C16XWAPFMS2HYV,2026-05-27 18:41:54,2026-05-27,PRD-PXYEL7VEC383,CLI-FI9ZAWVBXCRN,Purchase,Food,266.75,USD,,POS,,Restaurante El Buen Sabor,Food,México,Tijuana,Declined,14,False,22.65,,
TRX-918NXVQ33Y46K85D9G45,2026-05-27 11:09:14,2026-05-27,PRD-S4NWMTJE33JK,CLI-TBSVPVPAEQ9D,Adjustment,,3443264.06,COP,860.82,Branch,SUC-PNT72MIS,,,Colombia,Barranquilla,Approved,00,False,16.29,,
TRX-IY3FLA55I7GFA2X4TOBV,2026-05-27 14:29:41,2026-05-27,PRD-2R6PL5CD9XL1,CLI-MJW3TVRODY2V,Payment,Entertainment,6783300.21,COP,1695.83,Web,,,,Colombia,Cartagena,Approved,00,False,28.94,,
TRX-BLFD3M638J4TKL38I2OL,2026-05-27 11:23:46,2026-05-27,PRD-WQHFL2EFGKTH,CLI-50KLH81M63Y2,Deposit,,4357.52,USD,,App,,,,México,Guadalajara,Reversed,05,False,1.58,,
TRX-LDITS5R1VGFPRHPFA6Y0,2026-05-27 20:59:08,2026-05-27,PRD-GAVEKPEFRVUE,CLI-IQ7DLCZG8YQA,Payment,Transport,726.53,USD,,POS,,,,México,Puebla,Approved,00,False,,,
TRX-FY4W8UPGYMLH3JW52H5G,2026-05-27 16:23:18,2026-05-27,PRD-UNFKLBLNRBRK,CLI-OOVZBFZMD255,Payment,,1140.6,USD,,ATM,SUC-QVGF07AP,,,México,Monterrey,Approved,00,False,25.02,-0.2449289,-0.1358552
TRX-OADPOS6VFUI4BT7P9ILJ,2026-05-28 02:59:17,2026-05-27,PRD-GUHXMQSER65X,CLI-RUBHHMOH3TO8,Deposit,,11883404.8,COP,2970.85,ATM,SUC-0KBWS25U,,,Colombia,Cartagena,Declined,51,False,0.35,,
TRX-U6JVA62KPCD52TPF9XVL,2026-05-27 23:00:23,2026-05-27,PRD-XAJTJKBK0MU1,CLI-9K6IYIFXUQ1I,Purchase,Transport,994943.25,COP,248.74,ATM,SUC-A4SSWF0H,,Transport,Colombia,Cartagena,Approved,00,False,,,
TRX-H4D3IKM0Z13L9OZWZDD9,2026-05-28 02:45:02,2026-05-27,PRD-LCH0JNTCG327,CLI-4I5VSBY80AZZ,Transfer,,16661352.07,COP,4165.34,ATM,,,,Colombia,Medellín,Approved,00,False,8.45,5.2493556,-73.1067855
TRX-8H9R3PIJKQM0ONE6IXJ5,2026-05-28 01:46:29,2026-05-27,PRD-EA3CH8QUF6PV,CLI-CGBYCMPGGLFV,Transfer,,3290647.05,ARS,9401.85,POS,,,,Argentina,Rosario,Approved,00,False,,,
TRX-Q9XYP5BLLE48N5LO6JW5,2026-05-27 11:12:01,2026-05-27,PRD-FZNP4VBDR28W,CLI-FXST1TU5XN2U,Deposit,,255.71,USD,,POS,,,,México,Puebla,Approved,00,False,5.09,,
TRX-OCM8NUKQIX547ZUPZRCP,2026-05-27 17:00:23,2026-05-27,PRD-VZJTCUJADOG4,CLI-RPP9MU9E5IG4,Purchase,Services,92.67,USD,,ATM,SUC-5FCLNF9U,Empresa Telefónica,Services,México,Querétaro,Approved,00,False,13.33,,
TRX-BLC5HM5UXQW09BZSMDSV,2026-05-27 21:13:11,2026-05-27,PRD-E7R2AC421JIY,CLI-L4V6GO0ONIIN,Deposit,,2624.78,USD,,ATM,SUC-T4RE29NP,,,México,Puebla,Pending,,False,20.53,,
TRX-YHTQSKQWO9QNJTORPNMC,2026-05-27 20:37:19,2026-05-27,PRD-RD7RO8NP4254,CLI-GEW8WPZJLOT9,Withdrawal,,161140.39,ARS,460.4,POS,,,,Argentina,Córdoba,Approved,00,False,17.04,-33.6495098,
TRX-BFYI0WXKJVPDCS4A70SP,2026-05-27 21:24:29,2026-05-27,PRD-W89DMUKB9AAA,CLI-7UQ37QGIOJSE,Transfer,,2501207.45,ARS,7146.31,POS,,,,Argentina,Mendoza,Approved,00,False,7.02,,
TRX-W5MQ3OJCH8SJ1WS3OOK6,2026-05-27 21:53:14,2026-05-27,PRD-7NJ0PPMJBIZS,CLI-YSVKZ5SBNKK7,Withdrawal,,227.32,USD,,Branch,SUC-DN1V9J1Z,,,México,Tijuana,Approved,00,False,26.2,,
TRX-OWB782Z6HP1JQM1IX1JO,2026-05-27 16:10:02,2026-05-27,PRD-UHDIHXBFAWBC,CLI-KTZKLG0AGK18,Purchase,Other,357.35,USD,,ATM,SUC-XAEWUJQS,Boutique Moda,Other,México,Querétaro,Approved,00,False,22.88,,
TRX-OJ688X08LVKY9RAJWZ0U,2026-05-28 03:47:57,2026-05-27,PRD-AVKNFXYI7X93,CLI-XXWIV7AFB48S,Payment,Services,352.18,USD,,POS,,,,México,Ciudad de México,Approved,00,False,,,
TRX-1H6B00D1WIHQK8ZHSLC5,2026-05-27 08:51:41,2026-05-27,PRD-3PXOHA8J68RR,CLI-UL0Z65BI0AS0,Transfer,,9438.23,USD,,POS,,,,México,Puebla,Approved,00,False,21.67,,
TRX-4AF37PVA109GFANFPLW7,2026-05-28 03:29:12,2026-05-27,PRD-BH5XKE2DK1WA,CLI-A3AX4QGLW3QN,Purchase,Services,24625.05,ARS,70.36,App,,Cable TV,Services,Argentina,Buenos Aires,Approved,00,False,3.63,,
TRX-F24AP9YAHUUCEGA3XR4V,2026-05-27 23:41:03,2026-05-27,PRD-SCZV1ATWT0YU,CLI-G48SA6LED6AZ,Transfer,,7250.36,USD,,POS,,,,Colombia,Barranquilla,Approved,00,False,11.06,-0.6592965,-0.0894515
TRX-041K04VOTL1A8JS5R3O6,2026-05-27 07:05:00,2026-05-27,PRD-XQK1XR5RK4FG,CLI-4Q64T6SE6W7R,Payment,Other,1484.44,USD,,POS,,,,México,Puebla,Approved,,False,3.26,,
TRX-6OTEU2KMIGSA6N84JR41,2026-05-27 23:26:01,2026-05-27,PRD-V85U7MIYF9X0,CLI-H1UV0QI9WPGG,Transfer,,1783.82,USD,,ATM,SUC-2ATW7QMQ,,,México,Monterrey,Approved,,False,16.8,,
TRX-PTIKPUQV2JFP1C1BUMZU,2026-05-28 04:04:38,2026-05-27,PRD-S094E2P0WAYV,CLI-Y2WND40LYHH3,Payment,Entertainment,69236.12,ARS,197.82,POS,,,,Argentina,Buenos Aires,Approved,00,False,14.67,,
TRX-65A6SIZT9GQD4NSTMKDD,2026-05-28 01:09:50,2026-05-27,PRD-I5ITOOO0IKS7,CLI-SVPVW91939H6,Transfer,,3893.43,USD,,POS,,,,México,Puebla,Approved,00,False,24.03,,
TRX-DO0HL8SHR8ZHGQ0G67SR,2026-05-27 09:27:41,2026-05-27,PRD-OQJBXYJLJHMG,CLI-8PU9EEBYKVR1,Deposit,,15099766.08,COP,3774.94,POS,,,,Colombia,Barranquilla,Approved,00,False,1.11,5.5353849,-74.3938913
TRX-SQWN0I9YAPH3059OJ320,2026-05-27 11:08:42,2026-05-27,PRD-UTHDAKV8RL7E,CLI-VBSYR6B5AJCX,Withdrawal,,160.48,USD,,POS,,,,México,Querétaro,Approved,,False,12.13,,
TRX-FDYKBBD8B1ZIJPFU6I8D,2026-05-28 03:24:10,2026-05-27,PRD-SW7X1I3Q0QFO,CLI-GSAVCM1TJ6PB,Adjustment,,546.58,USD,,ATM,,,,México,Monterrey,Declined,54,False,,-0.3380883,-0.6224
TRX-BJEKSOPOZQIXQE5VZFKL,2026-05-27 15:53:20,2026-05-27,PRD-28O83GHHSS4Z,CLI-L5VY5GE9SMSJ,Transfer,,6839.43,USD,,ATM,SUC-0MPZUQLJ,,,Argentina,Buenos Aires,Approved,00,False,6.81,,
TRX-25JBCE2AKXLU8IW9JLUJ,2026-05-28 05:37:21,2026-05-27,PRD-GYSVIPNQEWGA,CLI-M8IH6X6UUKYE,Purchase,Health,127609.67,ARS,364.6,POS,,Laboratorio Central,Health,Argentina,Mendoza,Approved,00,False,20.41,,
TRX-M1IFSO5R0QP130D45AT2,2026-05-28 01:04:04,2026-05-27,PRD-EQEPHKI0VOBG,CLI-GE01EDELO4TD,Deposit,,8469593.89,COP,2117.4,POS,,,,Colombia,Cartagena,Approved,00,False,18.24,,
TRX-9LBK9X2Z8JQOPMU37297,2026-05-27 11:49:54,2026-05-27,PRD-8IJKAHQ3JAYG,CLI-X5Y9I6O8XPKT,Withdrawal,,144.51,USD,,Web,,,,México,Puebla,Approved,00,False,8.43,,
TRX-B0PGQRDIQFNTQDQAW48J,2026-05-27 15:25:59,2026-05-27,PRD-I9RUHPLE53SN,CLI-RRZVRTWDOX9Z,Deposit,,15647862.74,COP,3911.97,POS,,,,Colombia,Cali,Approved,00,False,28.65,,
TRX-8EFZVNGX2KKV268S45O3,2026-05-27 19:43:03,2026-05-27,PRD-28DIYECAFEG2,CLI-77X94WWYXDT6,Transfer,,6218.32,USD,,ATM,SUC-COPO2MJ8,,,México,,Approved,00,False,16.48,,
TRX-KITRXQ6M893U0SFOREUQ,2026-05-27 08:37:55,2026-05-27,PRD-JME6X5G67HGA,CLI-69HTIZPA6Q8M,Purchase,Food,26.25,USD,,POS,,Restaurante El Buen Sabor,Food,México,Monterrey,Approved,00,False,17.93,,
TRX-ADLBV4ODGASG8I6JLDCK,2026-05-27 11:53:01,2026-05-27,PRD-YXE0MCK3RZLL,CLI-D2X625PHFT52,Purchase,Transport,55918.49,ARS,159.77,POS,,Estación de Servicio,Transport,Argentina,,Approved,00,False,23.94,,
TRX-JZG4Y3S7WXG3O1PY5B5L,2026-05-27 08:54:45,2026-05-27,PRD-KJRY4X1E9CAN,CLI-J1ZY64CU84B3,Transfer,,4202.98,USD,,Branch,SUC-6A2UBEHN,,,México,Ciudad de México,Approved,00,False,26.04,-0.2172032,-0.792052
TRX-C70MY8P1OYUYOTL4EMD3,2026-05-28 03:11:58,2026-05-27,PRD-MMML2FKX3BMU,CLI-N8TC5WF88WJ9,Deposit,,1697.33,USD,,POS,,,,México,Tijuana,Approved,00,False,5.32,-0.3387683,0.0471357
TRX-L82ZOITKVF0R6TABZKR2,2026-05-27 17:50:46,2026-05-27,PRD-KQQYDB5V227S,CLI-BE03VAKUV97R,Transfer,,2514096.78,ARS,7183.13,Branch,SUC-GKQAVGPP,,,Colombia,Barranquilla,Approved,00,False,28.24,,
TRX-YQG4Q3F3OPLS0GY3M8FE,2026-05-28 02:55:11,2026-05-27,PRD-0DBNXJFEJGU9,CLI-5Y8UGTWPBDBA,Withdrawal,,45.6,USD,,ATM,SUC-337QKO7D,,,México,Puebla,Approved,00,False,17.37,,
TRX-XECS78O1PIDEDLHQ2FV8,2026-05-28 03:18:49,2026-05-27,PRD-NN9P9OZVU5G1,CLI-3QUB1C7M6DCV,Purchase,Services,95.9,USD,,ATM,SUC-KD93KQ8I,Cable TV,Services,México,Guadalajara,Approved,00,False,5.45,,
TRX-1S9ZNBQ1DQ4LRR4IDZTV,2026-05-27 23:40:54,2026-05-27,PRD-VZG1D1G428YH,CLI-PYI1XM3F84GO,Deposit,,17808927.59,COP,4452.23,Web,,,,Colombia,Cartagena,Approved,00,False,12.27,,
TRX-IH1BAG33P7X71Y2WWU3V,2026-05-28 03:07:10,2026-05-27,PRD-XM2Q5QGOXWVV,CLI-56Q66KL8WN38,Adjustment,,36.8,USD,,Web,,,,México,Ciudad de México,Approved,00,False,8.3,,
TRX-8HAX1KD0YSHTGK1VWTXK,2026-05-27 06:50:56,2026-05-27,PRD-SWFZGH7ZTCRT,CLI-G725SP8PEZXA,Payment,,889.67,USD,,POS,,,,México,Ciudad de México,Approved,00,False,3.77,,
TRX-6SMBGJWNHK5P2TB43B5H,2026-05-27 16:50:33,2026-05-27,PRD-A0U2F1UP8MPC,CLI-POAQEIKJUZOL,Purchase,Food,128.22,USD,,Transfer,,Super Ahorro,Food,México,Puebla,Approved,00,False,26.18,,
TRX-HG3XZPU1NVH54CG61ON9,2026-05-27 19:06:23,2026-05-27,PRD-UTAJ1952284Z,CLI-07O4ZY96RUIP,Adjustment,,41826.08,ARS,119.5,ATM,SUC-KHBP7W0V,,,Argentina,Buenos Aires,Approved,00,False,,-33.7762407,-58.8522824
TRX-VJ9J7Q7DMHEZXPMGPJ7M,2026-05-27 21:27:08,2026-05-27,PRD-77HOTGST7VAI,CLI-M7CT8S50GOK2,Withdrawal,,288.6,USD,,POS,,,,México,Guadalajara,Approved,00,False,15.28,,
TRX-3WHFJJECGPBZB3YATWGC,2026-05-27 19:40:02,2026-05-27,PRD-SNBQS6CVX6PJ,CLI-5MEW40JGX6YW,Transfer,,4094.04,USD,,App,,,,México,Querétaro,Approved,00,False,9.62,,
TRX-7IA8FAHZJIVQQ0ITM0M2,2026-05-27 20:03:40,2026-05-27,PRD-VKGIBZDJDM8M,CLI-ZM3UYB38Y54T,Withdrawal,,100795.87,ARS,,Web,,,,Argentina,Buenos Aires,Approved,00,False,4.62,,
TRX-UWW9G1QBG6WW2JT6BO6W,2026-05-27 06:25:51,2026-05-27,PRD-E7VJAAXQ07JX,CLI-DF8VTHOQPZO9,Purchase,Transport,404.09,USD,,ATM,SUC-RJSJ0B0X,Taxi Seguro,Transport,Spain,Madrid,Approved,00,False,10.15,,
TRX-47VLU4XOJB67OJ1IZC0Q,2026-05-27 19:14:50,2026-05-27,PRD-BKCD7AAARYX6,CLI-P8UMC3P2WJFL,Transfer,,425.47,USD,,App,,,,México,Monterrey,Approved,00,False,,,
TRX-SX4LHA1D2JKFF8CNHMKG,2026-05-27 13:12:56,2026-05-27,PRD-JBTXIJ639FFM,CLI-1JBB5JCW4CWE,Payment,Food,881.22,USD,,ATM,SUC-JRR5Z8WK,,,México,Guadalajara,Approved,00,False,,0.752756,
TRX-9ZEKZH0JK1QLSYPDHET2,2026-05-28 02:21:01,2026-05-27,PRD-ZL7SG4ATG4ES,CLI-J47QRITMCK2P,Transfer,,6121.28,USD,,ATM,SUC-5FDGLKJX,,,México,Monterrey,Approved,00,False,19.98,,
TRX-S2WO536M60K39Y4SZ6QE,2026-05-28 01:32:49,2026-05-27,PRD-X1TK8R73MUY7,CLI-QJT6GUDN4OUQ,Deposit,,6312426.12,COP,1578.11,Branch,SUC-ZCLZ4UQA,,,Colombia,Cali,Approved,00,False,17.24,,
TRX-K4II6PZERASEXG9E7RM0,2026-05-27 11:33:22,2026-05-27,PRD-DZ81X9G9ZQDT,CLI-OENNEUJ9GX00,Withdrawal,,303.29,USD,,POS,,,,México,Monterrey,Approved,00,False,10.1,,
TRX-MMYW6C40M8KBLG9O1445,2026-05-27 09:55:58,2026-05-27,PRD-64719FDM00BK,CLI-GEQH1G5CGHT1,Adjustment,,217.85,USD,,Transfer,,,,México,,Approved,00,False,11.52,,
TRX-Z6FRA9TEFC4ILKVMYC0X,2026-05-27 18:24:15,2026-05-27,PRD-R6DCMRMP4KVE,CLI-H2F9ZZS9MA3X,Purchase,Services,451.35,USD,,Web,,Internet Plus,Services,México,,Approved,00,False,24.29,,
TRX-TTY1SQEE47GGZXH60NVC,2026-05-27 08:37:18,2026-05-27,PRD-NJWNFBOEYTLJ,CLI-QHNOYRGPM4KR,Adjustment,,16.97,USD,,ATM,SUC-3XWIPDZ3,,,México,Querétaro,Approved,00,False,12.88,-0.5818344,0.4761045
TRX-3ERPS60E3KCPESKRN407,2026-05-28 00:48:12,2026-05-27,PRD-3DQIEAHOBKE4,CLI-BY4NSK8TVJVT,Withdrawal,,90888.49,COP,22.72,POS,,,,Colombia,Cartagena,Approved,00,False,,,
TRX-UEPOM7MEVUBCJAB3K1K5,2026-05-27 20:47:00,2026-05-27,PRD-AK9QP2X9G3K4,CLI-SJG778NRUC8L,Purchase,Food,436.48,USD,,POS,,Super Ahorro,Food,México,Puebla,Approved,00,False,,,
TRX-GTMOIMHPM4PZ4SOS3YI3,2026-05-27 19:42:57,2026-05-27,PRD-C4JN2F7RW7OQ,CLI-ETCLV4572TAY,Withdrawal,,94.29,USD,,ATM,SUC-YOXS8L6B,,,México,Ciudad de México,Declined,51,False,29.58,,
TRX-TSK3RFIJWD9F6QQ9UDYO,2026-05-27 16:27:32,2026-05-27,PRD-CMYQUOOQL6X8,CLI-5BEYKA31IK2U,Payment,Transport,4300863.12,COP,1075.22,Web,,,,Colombia,Medellín,Approved,00,False,,,
TRX-OJTW0LI7JOIECQCV5YOD,2026-05-28 01:14:25,2026-05-27,PRD-QELK0FOW0MQW,CLI-7TV4SSL5R1PS,Payment,Transport,308388.55,ARS,881.11,ATM,SUC-XCP0A6C8,,,Argentina,Rosario,Pending,51,False,9.09,,
TRX-3ENQP13E02L6ZRZS6IZK,2026-05-27 10:22:10,2026-05-27,PRD-9EQAX04TL3JD,CLI-STNM866M6NM8,Deposit,,13858167.03,COP,,ATM,SUC-VZIGM714,,,Mexico,Guadalajara,Approved,00,False,12.75,,
TRX-NR4EL09PZFGOP4MTFMAO,2026-05-27 23:28:34,2026-05-27,PRD-GZ9S7RJBECTU,CLI-P86IYNZB2NVN,Purchase,Services,395.17,USD,,App,,Servicios Públicos,Services,México,Guadalajara,Approved,00,False,,,
TRX-Z9LDFEIJNT663QP84CWS,2026-05-28 05:34:31,2026-05-27,PRD-AFS51KQSONCE,CLI-SUCJ5V14YX62,Payment,Services,839.36,USD,,POS,,,,Spain,Madrid,Approved,00,False,,-0.2759812,-0.4478145
TRX-23QZYPIPMEBROCCQ3PDV,2026-05-28 01:56:01,2026-05-27,PRD-SJN5446BRIPO,CLI-M8R0JX61S9TF,Purchase,Other,101.27,USD,,POS,,Centro Comercial,Other,México,Monterrey,Approved,00,False,21.69,0.6796185,-0.1905203
TRX-6JOO8WNXF7NW45U6RXYU,2026-05-27 09:43:29,2026-05-27,PRD-V5ZYPX043V0G,CLI-RC34GHZ8TSL3,Withdrawal,,467889.59,COP,116.97,ATM,SUC-4BEKYT6U,,,Colombia,Cartagena,Approved,00,False,10.19,,
TRX-C75YFB9OA2WAA3RJU1HZ,2026-05-28 05:34:33,2026-05-27,PRD-E1FWBX0C6RS1,CLI-A06KJ2S6FF8A,Transfer,,30183277.93,COP,7545.82,Web,,,,Colombia,Medellín,Approved,00,False,19.26,,
TRX-XSSJH86UNL7AYHKT7C79,2026-05-28 00:02:52,2026-05-27,PRD-TBHF8MXHYLIW,CLI-T6EO9IDOUB0C,Purchase,Health,332.32,USD,,POS,,Clínica Médica,Health,México,Ciudad de México,Declined,51,False,13.65,,
TRX-8I0UWSS1GPCSRUY94GK8,2026-05-28 04:25:08,2026-05-27,PRD-KS9Z76RDAVAK,CLI-72JB0CAIOJ5W,Deposit,,256.27,USD,,POS,,,,México,Monterrey,Approved,00,False,,,
TRX-4CEZYT3TJB3PXN7VRUVX,2026-05-27 16:14:55,2026-05-27,PRD-NXHWIL85PQW6,CLI-JTZPJ9PDMYUX,Purchase,Other,620562.51,COP,155.14,Web,,Ferretería,Other,Colombia,Cali,Approved,00,False,,,
TRX-UIT5P3DWBCSDI0DB6BR2,2026-05-27 12:03:57,2026-05-27,PRD-221GTF51JVO9,CLI-Z3SVGKH8D83C,Withdrawal,,148036.7,ARS,422.96,ATM,SUC-7HQXDYLE,,,Argentina,Mendoza,Approved,00,False,26.3,,
TRX-ABNPR0PM9K43AJVXDNTT,2026-05-27 22:43:52,2026-05-27,PRD-R5YVMOTAR7TL,CLI-43IIEFH3URN2,Payment,Transport,4648236.58,COP,1162.06,Web,,,,Colombia,Bogotá,Approved,00,False,16.39,,
TRX-CCNBOSLTPAOC1NVPTEO4,2026-05-27 13:18:20,2026-05-27,PRD-CUM6BND46AX4,CLI-Z3S01MBTUN92,Payment,Other,1297.44,USD,,POS,,,,Colombia,Cali,Approved,00,False,29.28,4.4753088,-73.3526719
TRX-1N1ZU327XHWILNU91ID4,2026-05-28 05:51:17,2026-05-27,PRD-963FCID3PMQZ,CLI-7UG7E5GNOLMF,Withdrawal,,530616.84,COP,132.65,App,,,,Colombia,Cartagena,Approved,00,False,7.21,,
TRX-1MIXRWQGREQ3N80VFB73,2026-05-27 17:47:32,2026-05-27,PRD-40KRA2MQJSF5,CLI-T8U10IY2YPFY,Withdrawal,,69717.24,ARS,199.19,ATM,SUC-SN21TOOC,,,Argentina,La Plata,Approved,00,False,16.99,,
TRX-TUGEZLLBQ2OPTHDEFN51,2026-05-28 04:05:07,2026-05-27,PRD-XD0CWO04HVW3,CLI-UY3UH6ROW7W8,Deposit,,17140250.46,COP,4285.06,ATM,SUC-2L4DTLRM,,,Colombia,Cali,Approved,00,False,23.15,3.9135065,-74.4024048
TRX-KTJ4MO21Z6ESW6LNKCYO,2026-05-28 00:14:45,2026-05-27,PRD-HWX9EUSOYXDJ,CLI-8D9PMLJX165C,Transfer,,3974.03,USD,,ATM,SUC-I8M9CS2Y,,,México,,Approved,00,False,,,
TRX-FBUYE0VKIGASN0KIECBV,2026-05-27 11:38:42,2026-05-27,PRD-6QUP5502K3AM,CLI-YTIHCI0VR6QX,Transfer,,1828.12,USD,,ATM,SUC-XV4BJ541,,,Colombia,Medellín,Approved,00,False,11.7,,
TRX-VTPQTEQ5ZHYG6SLQED02,2026-05-27 11:03:26,2026-05-27,PRD-A43OAK72MS6E,CLI-0FIM39DMBAUN,Withdrawal,,416.83,USD,,Web,,,,México,Querétaro,Approved,00,False,3.53,,
TRX-PMN12U7NPFR16TFSI65E,2026-05-27 22:26:41,2026-05-27,PRD-EC6HT8E445QN,CLI-1EZXL9HN6IHS,Withdrawal,,209848.29,COP,52.46,ATM,SUC-EXKJNP13,,,Colombia,Cartagena,Approved,00,False,,5.3572056,-74.4323288
TRX-LC1HJ40SJU751XC32UBK,2026-05-28 02:33:45,2026-05-27,PRD-899UC3CP901R,CLI-992OD2P9PWZI,Transfer,,1105.55,USD,,POS,,,,Argentina,La Plata,Approved,00,False,17.16,,
TRX-AS0AOHLFKITH5XII7ACB,2026-05-28 01:23:51,2026-05-27,PRD-YN5XGRSR87KQ,CLI-UCY5BCAUDGWM,Purchase,Other,221.13,USD,,POS,,Centro Comercial,Other,México,Guadalajara,Approved,00,False,,-0.5824437,-0.7608549
TRX-SNAE6NZQPCKN9M01UQXV,2026-05-28 05:30:41,2026-05-27,PRD-XKW9NCNS2JM9,CLI-S2PESIK6V721,Transfer,,3598.11,USD,,ATM,SUC-WSUW783S,,,México,Monterrey,Approved,00,False,,,
TRX-BZ6AGBJHKQ622FJ4YOKG,2026-05-27 21:36:02,2026-05-27,PRD-NOFOXWLZIOCL,CLI-96K93VO5EZRJ,Payment,Transport,6026912.73,COP,1506.73,ATM,SUC-7P0XNXTG,,,Colombia,Cartagena,Approved,00,False,,5.6303516,-74.7795497
TRX-L7X3GMMXRXYWLBT0R6NV,2026-05-28 00:04:00,2026-05-27,PRD-03FBSZKW70PG,CLI-SXEQJGO3RTTI,Withdrawal,,48397.25,ARS,138.28,POS,,,,Colombia,,Approved,00,False,8.43,,
TRX-7115EJMC8FBT2YGEIUFA,2026-05-28 02:27:49,2026-05-27,PRD-PR9NJ9U5FX3Z,CLI-303EEN0AHN1N,Withdrawal,,618519.65,COP,154.63,ATM,SUC-07AK38PR,,,Colombia,Medellín,Approved,00,False,25.79,,
TRX-O9D2S7HCTB9TEFF0ADDV,2026-05-27 10:58:53,2026-05-27,PRD-298P1BQX8G4J,CLI-D2TXW37MLNPN,Withdrawal,,306876.82,COP,76.72,Transfer,,,,Colombia,Barranquilla,Approved,00,False,27.13,,
TRX-3Z8AJM95P0DWRO1HHOQM,2026-05-27 06:22:48,2026-05-27,PRD-SIXU8LI1IM6X,CLI-PQXZ83MFBMYZ,Withdrawal,,539466.55,COP,134.87,Web,,,,Colombia,Cartagena,Approved,00,False,28.76,,
TRX-0FKM9DZ4H7CP0E6GK0RE,2026-05-27 16:11:43,2026-05-27,PRD-6HTS584O93BS,CLI-0IW92LYNBLD3,Deposit,,10163557.34,COP,2540.89,ATM,,,,Colombia,Cali,Approved,00,False,15.73,5.1646922,-73.2870851
TRX-TPROJIQHFFAZYGWLIKW3,2026-05-28 04:40:11,2026-05-27,PRD-7I3AYCLSP179,CLI-U77FYK40X1OH,Payment,Food,1465.13,USD,,ATM,SUC-6RHR3MME,,,México,,Approved,00,False,6.14,,
TRX-V33W0JUBLA3IDSOLJ4XX,2026-05-27 22:18:10,2026-05-27,PRD-WVW4AW72JQSA,CLI-EUT4LZM916J4,Purchase,Food,170.38,USD,,POS,,Restaurante El Buen Sabor,Food,México,Tijuana,Approved,00,False,21.3,-0.1912829,-0.8486238
TRX-KDXE2Y8OTAOLEC56VLLG,2026-05-27 18:59:25,2026-05-27,PRD-I95NTW4WUVHZ,CLI-B98X4RECKKFP,Transfer,,6528.76,USD,,ATM,SUC-YZRQJS5X,,,México,Puebla,Approved,00,False,,,
TRX-XEZJECYK6LXJGW982Z2Y,2026-05-27 09:13:03,2026-05-27,PRD-YWD051V3AUHB,CLI-OHGU16L8GW0D,Payment,Other,861.76,USD,,App,,,,México,Monterrey,Approved,00,False,19.86,,
TRX-GS6IL67WRYNCHI77PBQ5,2026-05-27 20:10:43,2026-05-27,PRD-P04ILL99IB0I,CLI-8I0UQUJ60KVW,Payment,Transport,1901.59,USD,,Web,,,,Argentina,Buenos Aires,Approved,00,False,29.33,,
TRX-CVKY0R1KN5ZJ0Y2NAG52,2026-05-28 05:18:58,2026-05-27,PRD-G7C64BLS5BV3,CLI-TFWVV0B9L1MJ,Withdrawal,,1632898.67,COP,408.22,Transfer,,,,Colombia,Cartagena,Approved,00,False,,,
TRX-DK9YV8OA1C5F9CVX1234,2026-05-28 03:36:15,2026-05-27,PRD-Q9DKK37WOMC0,CLI-BCI8PCOJMCPR,Purchase,Health,1455741.46,COP,363.94,Branch,SUC-O4G07J7I,Óptica Visión,Health,Colombia,Bogotá,Approved,00,False,7.85,,
TRX-JO2G2HEISXBF3HEDAUPW,2026-05-27 16:21:49,2026-05-27,PRD-DIN7OSLQH1ON,CLI-HTDT6060GE2P,Transfer,,8622.81,USD,,Branch,SUC-0LZRXHCF,,,Argentina,,Approved,00,False,21.29,-34.086355,-58.9147557
TRX-G4MHIKQ9ZAC3L5OZDBUG,2026-05-27 22:45:50,2026-05-27,PRD-LOZ9LNOM5YRZ,CLI-OTWKD12U992K,Payment,Services,2575617.09,COP,643.9,ATM,SUC-EXKJNP13,,,Colombia,Cartagena,Approved,00,False,19.76,,
TRX-G7K4CTID2IB1OPGQWKHE,2026-05-27 11:22:52,2026-05-27,PRD-085TPUVE85QC,CLI-B0G17NKR53LQ,Purchase,Transport,196.01,USD,,ATM,SUC-NBZZWX8W,Gasolinera Express,Transport,México,,Approved,00,False,11.13,0.2326364,0.4880755
TRX-EBRJCLTE6KEKV9301SCO,2026-05-27 19:40:06,2026-05-27,PRD-1RUV8H8JVOVX,CLI-8JMU7R0FCP9L,Payment,Health,771.0,USD,,ATM,SUC-OLTX380V,,,México,,Approved,,False,,,
TRX-QOBMJIT56C728DBJTEJH,2026-05-27 14:23:48,2026-05-27,PRD-OXFJNIO2SK8B,CLI-FZ9A9QFDX0YW,Withdrawal,,1239614.81,COP,309.9,POS,,,,Colombia,Medellín,Approved,00,False,11.7,,
TRX-RCSUCXZK3459R0RRF2N5,2026-05-27 14:47:49,2026-05-27,PRD-0G2TXKNANDLW,CLI-7M9XGW5FSBAB,Payment,Health,1847.88,USD,,Web,,,,México,Puebla,Approved,00,False,2.75,,
TRX-N7J1WZJFSX7FQTCSOBUO,2026-05-27 22:16:27,2026-05-27,PRD-U5C3W2D1MEJO,CLI-96UNG5YYJP1G,Purchase,Other,398.85,USD,,POS,,Ferretería,Other,México,Querétaro,Approved,00,False,2.27,,
TRX-R7O3FVRUY2MDXV8L34N9,2026-05-27 16:15:27,2026-05-27,PRD-HSVSERH2VTG7,CLI-HLU36GLJ0ABE,Payment,Transport,88983.38,ARS,254.24,App,,,,Argentina,La Plata,Approved,00,False,18.58,,
TRX-EZFC2GZYOFJ3D2GAEYOL,2026-05-28 02:21:17,2026-05-27,PRD-NDNOPWMSYEC3,CLI-7SFX4HW3G1YY,Transfer,,262.73,USD,,ATM,SUC-BDUHNO9T,,,México,Monterrey,Approved,00,False,28.51,,
TRX-PTIZLA7S6B9UBUKX5WTP,2026-05-27 08:55:09,2026-05-27,PRD-A53UGN2V5VO8,CLI-ZLQT2CMW4B41,Purchase,Entertainment,353753.21,COP,88.44,App,,Streaming Music,,Colombia,Bogotá,Approved,00,False,25.45,,
TRX-J7L6LRKFWS2K03SSM3F4,2026-05-28 00:29:18,2026-05-27,PRD-SQHHCCOF4225,CLI-FDTG9LXU5O65,Withdrawal,,284.21,USD,,POS,,,,México,Guadalajara,Approved,00,False,24.99,-0.4609063,0.4159504
TRX-65FFNSGH40KN2IG3V246,2026-05-27 20:48:57,2026-05-27,PRD-8QW9DQ17476N,CLI-RIURM6BW1DFB,Payment,Food,180903.8,ARS,516.87,ATM,SUC-5YFUX3Z6,,,Argentina,La Plata,Approved,00,False,,,
TRX-FAXR3V1F70G3A24JL5II,2026-05-27 15:49:54,2026-05-27,PRD-16AHD9XARSVT,CLI-IGWDXEDUUJB9,Purchase,Health,1209909.48,COP,302.48,App,,Óptica Visión,Health,Colombia,Cali,Approved,00,False,27.72,,
TRX-95XKQZ8AWVE8XVI4UZ55,2026-05-28 01:19:58,2026-05-27,PRD-9U738FZ2ZGDP,CLI-SDXUBGR2PDC2,Payment,Food,7224932.31,COP,1806.23,POS,,,,Colombia,Cartagena,Approved,00,False,,,
TRX-8X6VVANFTUV1XHGLVQ4Z,2026-05-28 03:54:29,2026-05-27,PRD-EWFZ7EC09O7A,CLI-R0GPU0LVOE6T,Transfer,,8365.73,USD,,Web,,,,México,Tijuana,Approved,00,False,16.49,,
TRX-WXL8J00TLLE5K4OJ3XTU,2026-05-27 16:50:08,2026-05-27,PRD-AV8J6WOCSHZ5,CLI-0NCKAR59R9RU,Withdrawal,,260.82,USD,,POS,,,,México,Querétaro,Approved,00,False,29.71,,
TRX-OLBMYVR124K7L72P2LNR,2026-05-27 16:31:57,2026-05-27,PRD-O9OG1WAR8RRQ,CLI-VYNBF4XUNLVQ,Purchase,Entertainment,1061820.18,COP,265.46,POS,,Conciertos Live,Entertainment,Colombia,Bogotá,Approved,00,False,22.86,3.8790358,-73.8334154
TRX-Y3Y2HHAGJFB4Z8163KGS,2026-05-27 08:22:04,2026-05-27,PRD-OL2ADFPXQX3J,CLI-F5GOWPO2F1O1,Transfer,,2974.48,USD,,ATM,SUC-YOXS8L6B,,,México,Tijuana,Approved,00,False,22.38,,
TRX-F9FHZDSYT7KE0PO859D1,2026-05-27 08:40:35,2026-05-27,PRD-IJ10N8WQ6TG6,CLI-7HIO2NRMT4YQ,Purchase,,1262911.15,COP,315.73,POS,,Super Ahorro,Food,Colombia,Medellín,Approved,00,False,12.11,,
TRX-GMSW59U428KO2WZWLZLI,2026-05-27 22:01:20,2026-05-27,PRD-JUQAXJIJVDKY,CLI-N955H17WXT23,Purchase,Food,65449.96,ARS,187.0,App,,Tienda Don José,Food,Argentina,Mendoza,Approved,00,False,15.23,,
TRX-XWZ914AF2KRAFKHMD42P,2026-05-27 20:07:00,2026-05-27,PRD-ZV462U0SW3HQ,CLI-7J1I3HP3PU8I,Payment,Services,667.31,USD,,POS,,,,México,Monterrey,Approved,00,False,23.38,,
TRX-NQVBLMAMC1HS5T8YKDIM,2026-05-27 19:39:37,2026-05-27,PRD-JMI9IT93P1J2,CLI-3D3KS2OY5MUK,Purchase,Transport,7.55,USD,,POS,,Gasolinera Express,Transport,México,Guadalajara,Approved,00,False,,,
TRX-KGPMN02359TY5SYY32AV,2026-05-27 23:51:19,2026-05-27,PRD-B7V95HKBP49E,CLI-R3GFFW1YT4Z9,Payment,Other,337999.07,ARS,965.71,Transfer,,,,Argentina,La Plata,Approved,00,False,2.69,,
TRX-DBLWFUKDCJDJTFECITKQ,2026-05-27 10:04:43,2026-05-27,PRD-YU96J73NS8XL,CLI-XZFX1XZA5F3G,Payment,Transport,1481.34,USD,,POS,,,,México,Puebla,Approved,00,False,2.67,,
TRX-L6FRC1GCAPJY568IPBCQ,2026-05-27 10:31:11,2026-05-27,PRD-YQFQBRXKIH7P,CLI-VCFY9XOTHVSW,Transfer,,624932.24,ARS,1785.52,ATM,SUC-06H3RFFA,,,Argentina,Mendoza,Approved,00,False,0.02,,
TRX-AMZSY9QC1KTYT1MNQ2WA,2026-05-27 16:09:10,2026-05-27,PRD-WDBJRR9P8I2M,CLI-3W83YN2KNRC2,Purchase,Transport,28089.23,ARS,80.25,Transfer,,Gasolinera Express,,Argentina,Buenos Aires,Approved,00,False,23.74,,
TRX-ISP2GVXQRKWE5DO5UX0N,2026-05-27 09:21:44,2026-05-27,PRD-M2TSCMUFPW5W,CLI-GW5CM8OOJXPO,Withdrawal,,490.33,USD,,POS,,,,México,Puebla,Approved,00,False,13.85,,
TRX-C4ZM7WKKV7VK18F5P87T,2026-05-27 23:15:21,2026-05-27,PRD-LC35CW10FCO7,CLI-H7CUGSW5OVES,Transfer,,919541.65,ARS,,App,,,,Argentina,La Plata,Approved,00,False,18.08,,
TRX-OMD2VVI69F60164T0RLB,2026-05-27 10:19:13,2026-05-27,PRD-UL5CGB8P988H,CLI-TCQ0CL0W2CNO,Purchase,Food,130240.11,COP,32.56,ATM,SUC-KXMF616G,Tienda Don José,Food,Colombia,Bogotá,Approved,00,False,,,
TRX-KIYQVT3WUN0TSLAEQWYL,2026-05-27 14:30:35,2026-05-27,PRD-NSXOV6HUNAQT,CLI-GGXN01BXZACZ,Withdrawal,,1130565.27,COP,282.64,ATM,SUC-XPLAOSH4,,,Colombia,Cali,Approved,,False,0.56,,
TRX-EE8G5PLF2ZMMZ3DCALP7,2026-05-28 03:44:23,2026-05-27,PRD-MA8DRP0OOCA1,CLI-7I1DQWBWGDOH,Transfer,,4699.31,USD,,POS,,,,México,Monterrey,Approved,00,False,,,
TRX-S5GNVS5ZUNI2KY0IMMGG,2026-05-27 11:43:04,2026-05-27,PRD-BPY7D7IQG6YD,CLI-OY5CIIK9CVT7,Transfer,,1062.47,USD,,POS,,,,México,,Declined,05,False,29.07,,
TRX-Y3ROJ90AP8RSCQOFRSQB,2026-05-27 22:48:05,2026-05-27,PRD-3V5ILQVN08FT,CLI-D9GZW4FAP1QP,Payment,Food,2814333.18,COP,703.58,Web,,,,Colombia,Bogotá,Approved,00,False,,,
TRX-L3L0TWI5VQKUH91898N0,2026-05-27 12:32:30,2026-05-27,PRD-V9VIIRI5IHQ6,CLI-AQSYUBYVG7I6,Deposit,,14462134.86,COP,,ATM,SUC-JARPMK7O,,,Colombia,Cartagena,Approved,00,False,,,
TRX-5BNFBGHGIIE35BX3V328,2026-05-27 21:38:30,2026-05-27,PRD-VMLIMEEXL7BO,CLI-DSUK9D6YV2M3,Withdrawal,,299.12,USD,,App,,,,México,Puebla,Approved,00,False,,,
TRX-YCMXZGVXRMB2P12ARJOQ,2026-05-27 23:39:30,2026-05-27,PRD-0C5DJOCVBANP,CLI-P4VJ1BL44RN8,Transfer,,9146.53,USD,,App,,,,México,Monterrey,Approved,00,False,12.15,,
TRX-T3B1F3VE2PHBAK8U7UMU,2026-05-27 15:37:54,2026-05-27,PRD-MR4DHWBTE8NT,CLI-7U1FB36VJMNX,Transfer,,1349.33,USD,,Web,,,,México,Tijuana,Declined,51,False,,,
TRX-XNXYYYE62E19LMW1M0IV,2026-05-27 16:06:30,2026-05-27,PRD-ZD8CDPJUI6D0,CLI-6U5XQS6AZM5V,Transfer,,8037.24,USD,,POS,,,,Colombia,Bogotá,Approved,00,False,19.81,,
TRX-T13UZBUKIUTK08ZSHWS3,2026-05-27 23:59:29,2026-05-27,PRD-UNTG5NYIVRVU,CLI-OID7KSR64HR2,Transfer,,7039.25,USD,,App,,,,México,Ciudad de México,Approved,00,False,28.9,,
TRX-UR1I14BH37GJP7L8173L,2026-05-27 23:43:32,2026-05-27,PRD-A7EQMJ0L3N7C,CLI-7N0ALMVV7DI4,Withdrawal,,128735.39,ARS,367.82,POS,,,,Argentina,La Plata,Approved,00,False,19.81,,
TRX-FDCQB28QBQLTQ44HOEQH,2026-05-27 12:34:46,2026-05-27,PRD-C2TW4GR5O700,CLI-1SMPS01VOJF4,Purchase,Services,81.75,USD,,Web,,Servicios Públicos,Services,México,Tijuana,Approved,00,False,,,
TRX-BPF3ROHCE1UDC88E8487,2026-05-27 15:50:52,2026-05-27,PRD-AR586BJ5395N,CLI-PDTQ4JNYLH7T,Withdrawal,,354.7,USD,,ATM,SUC-KD93KQ8I,,,México,Ciudad de México,Approved,00,False,26.14,,
TRX-KXHSSWVQLZ196YWODD5U,2026-05-28 02:18:40,2026-05-27,PRD-5JYBEITYIFK6,CLI-ZG7HRR36KN3C,Transfer,,5087165.11,COP,1271.79,ATM,SUC-A4SSWF0H,,,Colombia,Cartagena,Approved,00,False,8.02,,
TRX-WU1OQ9QOP90DX7EFP33U,2026-05-27 20:53:42,2026-05-27,PRD-TJNMZ0GFV4OC,CLI-8OM67RQNM1MD,Transfer,,33762484.82,COP,,Web,,,,Colombia,,Approved,,False,11.16,,
TRX-HTESKXEQGXKEOE45WKKU,2026-05-28 05:36:59,2026-05-27,PRD-25VOZAP14GRP,CLI-BQSDMGA9R9BT,Transfer,,5482.57,USD,,POS,,,,México,Guadalajara,Approved,00,False,7.55,-0.8180311,-0.0977202
TRX-OIGJ9NWV08CZWHUGKY67,2026-05-27 21:58:30,2026-05-27,PRD-FTT68KDM4B09,CLI-NW94FNHYQDDA,Purchase,Entertainment,434.04,USD,,App,,Streaming Music,Entertainment,México,Monterrey,Approved,00,False,17.32,,
TRX-W7AUKMSRXNGKXECCE2UM,2026-05-27 10:30:00,2026-05-27,PRD-XXDVDO6H6B7E,CLI-IS5RPS94D7F4,Withdrawal,,1493733.97,COP,,POS,,,,Colombia,Bogotá,Approved,00,False,0.49,4.8039984,-73.6630337
TRX-4D6LVYSOZLWXA5V5U0OT,2026-05-27 13:05:45,2026-05-27,PRD-PK6YJL4NX1L1,CLI-TH0E5KHC9HI5,Withdrawal,,943172.03,COP,235.79,ATM,SUC-DG6C9C1K,,,Colombia,Bogotá,Approved,00,False,,,
TRX-QHAK8F1MH2OABR0C5OKM,2026-05-27 14:18:40,2026-05-27,PRD-E1OCCEQBPAQN,CLI-5N0XTT276I32,Payment,,7308156.91,COP,1827.04,Web,,,,Colombia,Barranquilla,Approved,00,False,7.86,,
TRX-89IKOJ9RHEMUA8QP5GSJ,2026-05-27 19:49:30,2026-05-27,PRD-CD17ATQATAG2,CLI-Z9ONS8PT30IY,Payment,Services,402967.93,ARS,1151.34,POS,,,,Argentina,Buenos Aires,Approved,00,False,19.28,-34.3885043,-57.9846879
TRX-S8YOEM7Y8IKLCD2IN00G,2026-05-27 06:09:28,2026-05-27,PRD-KED4HJB17XX3,CLI-E0RBGNOG6X8G,Payment,Food,1619789.15,COP,404.95,ATM,SUC-CBGK7VQE,,,Colombia,Cali,Approved,00,False,29.56,,
TRX-W0569ZDWLN2P1UJXJGFV,2026-05-27 10:24:04,2026-05-27,PRD-R89IS0KM90NV,CLI-OUE3AU38LKM6,Deposit,,1593560.13,ARS,4553.03,Web,,,,Argentina,Córdoba,Approved,00,False,22.55,,
TRX-GKA37XHFVHECTHOF7LU3,2026-05-28 04:21:56,2026-05-27,PRD-3X0T1KGYB8A8,CLI-0YG6XKRZJAHO,Payment,,460491.58,ARS,1315.69,POS,,,,Argentina,Rosario,Approved,00,False,23.46,,
TRX-0VF6W9TOM1F0RFAD2YIQ,2026-05-27 16:35:24,2026-05-27,PRD-78UEC3MFGWUP,CLI-XKCU5CPSZA15,Transfer,,30344284.78,COP,7586.07,App,,,,Colombia,Cartagena,Approved,00,False,4.58,,
TRX-6Q20TR6BVC6I4KOOXT9A,2026-05-27 18:54:46,2026-05-27,PRD-V41J9GX08WVC,CLI-S49DG3OHJ8EZ,Withdrawal,,55268.48,ARS,157.91,POS,,,,Argentina,Mendoza,Approved,00,False,7.81,,
TRX-JGMQZZURMS7SNM7DYRCO,2026-05-27 16:47:47,2026-05-27,PRD-P3X45L18YXVM,CLI-8E156VU22HW8,Payment,Services,1746.62,USD,,App,,,,México,Tijuana,Approved,00,False,6.41,,
TRX-7RH9C16YIYJ3X2LWHRBM,2026-05-27 18:57:08,2026-05-27,PRD-94PY2D4KATAE,CLI-S82KFXQLZQ7M,Purchase,Food,321.08,USD,,POS,,Restaurante El Buen Sabor,Food,México,Puebla,Approved,00,False,,,
TRX-00G93BHEMM5ISQY7Z6F1,2026-05-27 14:49:45,2026-05-27,PRD-NPKLGFBUY1KZ,CLI-J2DOAMABZ7BV,Transfer,,6069.36,USD,,App,,,,México,Ciudad de México,Approved,,False,3.66,,
TRX-TH3D1EXRPYPD16W5C6UT,2026-05-27 22:00:02,2026-05-27,PRD-P56XOL4K08IW,CLI-GO91HZCCT2YB,Payment,Other,667586.24,ARS,1907.39,POS,,,,Argentina,Buenos Aires,Approved,00,False,27.48,-34.316333,
TRX-9P2M5AT2XXW5WCAME393,2026-05-27 06:50:39,2026-05-27,PRD-9G53E0A2CMBV,CLI-FP6SZGJ7BW5F,Payment,Entertainment,356440.25,ARS,1018.4,App,,,,Argentina,Buenos Aires,Approved,00,False,26.37,,
TRX-9QM5I8IGH3FXQ7MEAST9,2026-05-28 01:42:47,2026-05-27,PRD-WPYKRWX60T15,CLI-CWY7KMQZ6X54,Withdrawal,,1199982.35,COP,300.0,ATM,SUC-DG6C9C1K,,,Colombia,Medellín,Approved,00,False,26.98,5.6430314,-73.9057171
TRX-BAZPRSLYSSHUCB3XY355,2026-05-27 20:09:24,2026-05-27,PRD-VKZ765G7BOQW,CLI-QF2LJFA4TQGU,Purchase,Food,1323866.35,COP,330.97,ATM,SUC-KY2QIURA,Restaurante El Buen Sabor,Food,Colombia,Bogotá,Approved,00,False,29.41,3.8005837,-74.1814716
TRX-WHVCYSJ6KI1DIOC98QLV,2026-05-27 08:54:49,2026-05-27,PRD-JKXH0YN80S7L,CLI-SIQFJCT6FFD9,Adjustment,,177110.29,ARS,506.03,App,,,,Argentina,La Plata,Approved,00,False,18.0,,
TRX-BH6ZXSUUVAXRFHJHV8IF,2026-05-27 07:14:36,2026-05-27,PRD-GOLMNQP7WIM4,CLI-BRGVZQX1TTI1,Transfer,,31278264.39,COP,7819.57,App,,,,Colombia,Bogotá,Approved,00,False,15.56,,
TRX-5ZO65WZGMC2HS2QPSN87,2026-05-27 17:47:59,2026-05-27,PRD-O9TB577KV4PW,CLI-9XYX9Z8A1X2T,Withdrawal,,192.25,USD,,ATM,SUC-YZRQJS5X,,,México,Ciudad de México,Approved,00,False,,0.4485875,-0.8939962
TRX-WSY4U1Z2YD71KS0ZW2MX,2026-05-27 07:00:00,2026-05-27,PRD-D5Q7PLLWXN4B,CLI-8VBUDEOI9VXU,Payment,Health,4610450.44,COP,1152.61,ATM,,,,Colombia,,Declined,14,False,16.89,,
TRX-JQQPXD40Z8PBR30H86D8,2026-05-28 02:56:10,2026-05-27,PRD-W71IZA4GIJ1K,CLI-KAE77ONZCTRA,Purchase,Food,151538.36,COP,37.88,Web,,Mercado Central,Food,Colombia,Cartagena,Approved,00,False,,,
TRX-H5ZAP3MWL3OAZPY0BICC,2026-05-27 07:18:05,2026-05-27,PRD-DPFMY2AFA8TL,CLI-N966QZK2WP5R,Withdrawal,,96.37,USD,,POS,,,,México,Tijuana,Approved,00,False,25.49,0.7293921,0.6015156
TRX-754WOQ0XTW6OTE1JHXRE,2026-05-27 13:36:52,2026-05-27,PRD-QWU55ZMFI8EB,CLI-N2MUQ02CZPX7,Transfer,,7302.86,USD,,ATM,SUC-1TATGCL8,,,México,Ciudad de México,Approved,00,False,23.18,-0.1003711,0.4092147
TRX-O77976EOMF0LS4E6EKWC,2026-05-27 15:29:42,2026-05-27,PRD-ZMZ3POSF3XLV,CLI-GURN0NKLDR8M,Deposit,,7890187.4,COP,1972.55,Branch,SUC-8AM4U1NU,,,Colombia,Barranquilla,Declined,,False,8.09,,
TRX-7AV3KYMEI4NS1D8TNM1V,2026-05-27 23:05:59,2026-05-27,PRD-5IPCBDBTUZ6W,CLI-SJ4433H6GJ03,Deposit,,156.53,USD,,POS,,,,México,Querétaro,Approved,00,False,3.9,,
TRX-PFLRGN85NMEC6IOF6XP4,2026-05-27 20:21:45,2026-05-27,PRD-G5EZTBVB4RM0,CLI-4DYNGNCYCLT8,Purchase,Food,67.09,USD,,POS,,Super Ahorro,Food,México,Guadalajara,Approved,00,False,10.4,,
TRX-WS540M152RLL7M2F8AS7,2026-05-27 23:24:41,2026-05-27,PRD-GWPEAEQBA1RV,CLI-0UMZ930ECQ7F,Transfer,,3309325.81,ARS,9455.22,ATM,SUC-SN21TOOC,,,Argentina,Córdoba,Approved,00,False,25.45,,
TRX-GJYPMQ5T2GFPYEPC7Y12,2026-05-27 18:55:59,2026-05-27,PRD-FAVBC5AH86X9,CLI-78CW0NWPCH7S,Purchase,Health,136410.34,ARS,389.74,POS,,Óptica Visión,Health,Argentina,Córdoba,Approved,00,False,,-34.8288313,-58.7888202
TRX-REG72X0IODP2L8Y2HLX5,2026-05-28 00:34:24,2026-05-27,PRD-JL98JA09PJ9A,CLI-5C9D3MI4G9UJ,Withdrawal,,329.32,USD,,App,,,,Colombia,Cali,Approved,00,False,22.61,,
TRX-2U4LS8PXKNB7ML3QDUT5,2026-05-27 23:50:58,2026-05-27,PRD-59O8MXWFZJVA,CLI-BIXNKV9ZSQXL,Adjustment,,3974757.55,COP,993.69,POS,,,,Colombia,Bogotá,Declined,54,False,0.0,,
TRX-GITXMB1NNGTVRREATEIZ,2026-05-27 18:46:36,2026-05-27,PRD-FCU884MER7SB,CLI-9UM158QUZDBJ,Purchase,Entertainment,23.82,USD,,POS,,Conciertos Live,Entertainment,Argentina,,Approved,00,False,,-35.1359346,-58.6959189
TRX-VV5G7EN2JBNEYUXPUSLV,2026-05-27 11:22:17,2026-05-27,PRD-VVY0MTGLCZ8K,CLI-N90CQGVBZTMR,Purchase,Health,1006210.69,COP,251.55,ATM,SUC-HQWDAM56,Óptica Visión,Health,Colombia,Barranquilla,Approved,00,False,15.18,,
TRX-RM81ZLU3WLZE9U79ZV9G,2026-05-27 10:37:57,2026-05-27,PRD-MV874KV23G8L,CLI-FOW7VF4A2KYZ,Purchase,Services,10.95,USD,,ATM,SUC-KT11NKNR,Empresa Telefónica,Services,México,Ciudad de México,Approved,00,False,15.35,,
TRX-1JV2XXRFU59P6T2DYSIP,2026-05-28 00:35:17,2026-05-27,PRD-2BO27VEVABZ7,CLI-SDACXZMTHH8J,Purchase,Other,160746.34,ARS,459.28,POS,,Centro Comercial,,Argentina,Rosario,Approved,00,False,22.13,,
TRX-GGEVDETTQ8HQU9NJW1JU,2026-05-27 14:22:31,2026-05-27,PRD-BVHPJS721FY3,CLI-JWV1JTH51039,Deposit,,3346.69,USD,,POS,,,,México,Tijuana,Pending,51,False,,,
TRX-NSTJC49FJGOOT7OS1M2R,2026-05-27 07:10:34,2026-05-27,PRD-2NA02JHU3DMD,CLI-9N980SD0UFEB,Transfer,,5837.39,USD,,POS,,,,México,Guadalajara,Approved,,False,18.2,,
TRX-WYCNA9WSVLGDYMHHIJYJ,2026-05-27 20:35:30,2026-05-27,PRD-HN2KE55K17VP,CLI-MVGHZI4QVX8X,Payment,,1107087.75,COP,276.77,Web,,,,Colombia,Cali,Approved,00,False,27.85,,
TRX-S8JQR1DWJSL39J85K0VR,2026-05-27 12:30:51,2026-05-27,PRD-LF3JZ6BZJ1XV,CLI-TNDXCXS0TW0O,Withdrawal,,198.12,USD,,POS,,,,México,Puebla,Approved,,False,5.92,,
TRX-2R0NQ8SCD01J0134JD9E,2026-05-28 05:29:08,2026-05-27,PRD-S6T92Q1AYIKA,CLI-23XU4NZYP49F,Purchase,Food,68.3,USD,,App,,Restaurante El Buen Sabor,,México,Monterrey,Approved,,False,13.17,,
TRX-RWVGVMDIPLNETRZAOO90,2026-05-27 16:22:45,2026-05-27,PRD-W5BTYUAF6BT2,CLI-N3GAG3WX0ZP6,Transfer,,8029.71,USD,,ATM,SUC-RJSJ0B0X,,,México,Guadalajara,Approved,00,False,10.11,,
TRX-YBEZ3Y313SII0RICENTY,2026-05-27 23:47:54,2026-05-27,PRD-QEAAG024GFK5,CLI-3RM75Y0T7JZC,Purchase,Health,124.02,USD,,App,,Laboratorio Central,Health,México,Querétaro,Approved,00,False,28.2,,
TRX-D1H92T1YSNEUXHIW059S,2026-05-27 06:42:52,2026-05-27,PRD-28YTRLEK1PDV,CLI-OVGHIZAQKMVO,Purchase,Food,62395.83,ARS,178.27,ATM,SUC-ZVFW3M23,Mercado Central,Food,Argentina,Córdoba,Declined,54,False,17.77,,
TRX-95LNUOMIJUAJYTALXK6H,2026-05-27 09:01:56,2026-05-27,PRD-4517JN9D5X1G,CLI-YBLYKB92IC8O,Purchase,Entertainment,160.77,USD,,POS,,Streaming Music,Entertainment,México,,Approved,00,False,,,
TRX-476IE665XQR03J1ZQ0K5,2026-05-27 07:04:44,2026-05-27,PRD-YCGLSMSNGV27,CLI-M57E3FMIRVVZ,Payment,Transport,437984.26,COP,109.5,App,,,,Colombia,Bogotá,Approved,00,False,0.77,,
TRX-3DQHR0FEV7DQ6E8PGMRQ,2026-05-27 11:11:56,2026-05-27,PRD-9R0QBSB0PLS4,CLI-PPLCVFVMFXF8,Purchase,Other,410.6,USD,,POS,,Centro Comercial,Other,México,Querétaro,Approved,00,False,10.43,,
TRX-5Y6BI4BZ8IRPFFJ4USP8,2026-05-27 21:43:21,2026-05-27,PRD-TV04L1J8NCBK,CLI-O48XVWV0NJJJ,Purchase,Food,875215.47,COP,218.8,POS,,Restaurante El Buen Sabor,Food,Colombia,Bogotá,Approved,,False,,,
TRX-6ECXLW71PDFRSYQH23ZG,2026-05-27 20:33:17,2026-05-27,PRD-UZRIIOOSBEP7,CLI-23XZ5J9UWDO2,Deposit,,3139.06,USD,,App,,,,México,Tijuana,Approved,00,False,17.81,,
TRX-4U2Y3V8JMDQE4RO1O9CJ,2026-05-27 06:53:50,2026-05-27,PRD-VQ557YBIY87H,CLI-IFRTYEI3W0WP,Payment,Food,1292501.74,COP,323.13,ATM,SUC-UNXOS8JB,,,Colombia,,Pending,14,False,24.98,,
TRX-S8AT06RF59NXU3IS2228,2026-05-28 03:12:55,2026-05-27,PRD-IBZYZX6PKBMN,CLI-R0C0NEQ8MMQ0,Purchase,Other,470815.1,COP,117.7,POS,,Boutique Moda,Other,Colombia,Cartagena,Pending,54,False,20.69,,
TRX-JJ47BCKMRDM121Z12KRB,2026-05-27 21:13:48,2026-05-27,PRD-ZMSN8WK5WB2J,CLI-FO4ND9D6UTKS,Withdrawal,,404.09,USD,,App,,,,México,Querétaro,Approved,00,False,20.97,,
TRX-BLZ1U8MKDVOBRO34GCM9,2026-05-27 12:22:06,2026-05-27,PRD-73MZ6OBXNLEQ,CLI-PS8G4898FWOI,Payment,Food,1840.2,USD,,App,,,,México,Ciudad de México,Approved,00,False,22.41,,
TRX-8HCLCZFNE9WGKKW73OMI,2026-05-27 20:19:25,2026-05-27,PRD-LV5LU4UH1CV0,CLI-RY2MDL1M38JV,Purchase,Other,172.55,USD,,Web,,Centro Comercial,Other,México,Ciudad de México,Declined,54,False,10.98,,
TRX-W489SGVJHEKXAB5Z6E1G,2026-05-27 13:43:27,2026-05-27,PRD-V4WEL2N2LYZS,CLI-FXFDVUMCRMDW,Transfer,,1731.72,USD,,POS,,,,México,Puebla,Approved,00,False,6.33,,
TRX-P25X0VKOS7P7DN6GPQWQ,2026-05-27 20:46:13,2026-05-27,PRD-0V6KAIH8C0FN,CLI-V5JI4YMMDP38,Withdrawal,,446.67,USD,,ATM,SUC-8AM4U1NU,,,Colombia,Medellín,Approved,00,False,,,
TRX-RGV7OS90Y8BY72SJXTBP,2026-05-27 11:39:31,2026-05-27,PRD-GPIABONQ2TEI,CLI-V40OZTPMYKLK,Withdrawal,,1515253.61,COP,378.81,ATM,SUC-YH0U3LVW,,,Colombia,Medellín,Approved,00,False,4.25,,
TRX-UN89UOTH3HW4DJZWGS9K,2026-05-27 07:59:11,2026-05-27,PRD-RHQ2G1UFX16D,CLI-2PGODYOH9OD7,Purchase,Food,385.2,USD,,Transfer,,Tienda Don José,Food,México,Guadalajara,Approved,00,False,6.75,,
TRX-VTVOF50EW8HIH2F4Y6TQ,2026-05-28 04:21:39,2026-05-27,PRD-V6QBWZHNWL2T,CLI-SNPEG7607YLO,Purchase,Food,151281.2,ARS,432.23,POS,,Restaurante El Buen Sabor,,Argentina,Buenos Aires,Approved,00,False,,,
TRX-R50TZAQCOMZNIJ9BIYRM,2026-05-27 18:05:09,2026-05-27,PRD-HRC0VA19E1ZU,CLI-C02CLZQZ7U6V,Withdrawal,,213.84,USD,,ATM,SUC-F03D129S,,,México,Puebla,Approved,00,False,25.78,,
TRX-NZUYNXZG6YWYV7Z8II6V,2026-05-28 00:01:48,2026-05-27,PRD-6VMS4SDQWRUP,CLI-9PSA00K6PBSI,Deposit,,1572955.28,ARS,,ATM,SUC-HYTTI82L,,,Argentina,La Plata,Approved,00,False,21.94,,
TRX-4KI0K9G0HBN2SOPZ1CMG,2026-05-27 22:10:31,2026-05-27,PRD-FDUGBXHWKZ13,CLI-GS9L942EL1PC,Transfer,,693.22,USD,,ATM,SUC-4IFX1CUR,,,Colombia,Cali,Approved,,False,18.86,,
TRX-HLGFDPM1BWDBLYOLN1JE,2026-05-28 00:02:58,2026-05-27,PRD-CAVES9GJB0ON,CLI-4T53AWK7RRJ3,Purchase,Transport,587113.83,COP,146.78,Branch,SUC-HTV8A64G,Uber,Transport,Colombia,Medellín,Approved,,False,1.16,,
TRX-42A9L6CKC45444FR4C14,2026-05-27 16:07:58,2026-05-27,PRD-UIY45EX6XV1T,CLI-DM444ZCYYZ1J,Withdrawal,,446.45,USD,,Web,,,,México,,Declined,54,False,1.84,,
TRX-NEVIH5EYWSNKI9QPFGEX,2026-05-28 04:30:26,2026-05-27,PRD-XP5DKEIVOP2N,CLI-FPM1UKOMEMC5,Payment,Transport,53504.88,ARS,152.87,POS,,,,Argentina,Mendoza,Approved,00,False,28.95,-35.1394913,-58.4808896
TRX-7VNUM134F1H7RZ3ATX5L,2026-05-27 15:11:58,2026-05-27,PRD-0O67RSMWH657,CLI-YY892COSH0MT,Transfer,,2638.95,USD,,Web,,,,México,Tijuana,Approved,00,False,,,
TRX-2BLEEEUB20SCQCMOEC5F,2026-05-27 14:55:46,2026-05-27,PRD-EIZJ73D34NMC,CLI-TBRX4T4FZJEP,Purchase,Other,139340.67,ARS,398.12,ATM,SUC-115U74JL,Tienda General,Other,Argentina,Rosario,Approved,00,False,,-33.9901703,-58.9706248
TRX-LXBYZLURP81P3C6HG9J7,2026-05-27 08:28:43,2026-05-27,PRD-Q14OWB4ZE491,CLI-DYPUPTENYREL,Purchase,Transport,345.58,USD,,POS,,Gasolinera Express,Transport,México,Guadalajara,Approved,00,False,27.35,,
TRX-VL8GSQX6X0M9V1GVLCUV,2026-05-28 00:22:47,2026-05-27,PRD-B3CQLFLS9NUO,CLI-V2WIZKB0S7GW,Withdrawal,,190.98,USD,,POS,,,,México,Ciudad de México,Approved,00,False,3.05,,
TRX-KBOE1G4QKESNY8QTCP18,2026-05-27 17:24:21,2026-05-27,PRD-47BX5WB4XW09,CLI-L91MYN25PAHH,Payment,Food,854.48,USD,,App,,,,México,,Approved,00,False,,,
TRX-Q49KTIWVOLXWWP5DS4ID,2026-05-28 02:14:34,2026-05-27,PRD-BYX2BTQ9H9JM,CLI-HVJ0EOWP6ORS,Withdrawal,,235.83,USD,,ATM,SUC-CGL8D37U,,,México,Querétaro,Approved,00,False,8.06,,
TRX-EGEKL57K9FNM83OP835S,2026-05-27 20:53:04,2026-05-27,PRD-GKCT08LD1U44,CLI-DIUO7ZGVTLNF,Deposit,,3934.86,USD,,Web,,,,México,Ciudad de México,Approved,00,False,3.16,,
TRX-T4X3OJZGN91YKGVHQ7KI,2026-05-27 15:02:50,2026-05-27,PRD-98MAL3833XP2,CLI-2QN3HU12ROJW,Withdrawal,,1019513.84,COP,254.88,Web,,,,Argentina,Mendoza,Approved,00,False,23.89,,
TRX-TQED7V0A4BBN4F6ZP3KG,2026-05-28 04:38:13,2026-05-27,PRD-XWHYA7YEI11K,CLI-Q7U5OSI23QEI,Withdrawal,,191.95,USD,,Web,,,,Spain,,Approved,00,False,29.24,,
TRX-7KH9UL8HWJWEJ582QTBA,2026-05-28 01:37:54,2026-05-27,PRD-4K610716F75G,CLI-7H9CJVI0V5VD,Purchase,Food,39773.17,ARS,113.64,POS,,Tienda Don José,Food,Colombia,Barranquilla,Approved,00,False,5.94,,
TRX-06PFHND2953VBO3XKHTY,2026-05-27 15:10:23,2026-05-27,PRD-BN231U0RJOQN,CLI-HM94JIIDBONE,Payment,Food,566.46,USD,,POS,,,,México,Ciudad de México,Approved,00,False,11.83,,
TRX-46UN8RVHN92EH3T0Z36F,2026-05-27 15:17:09,2026-05-27,PRD-S2I49403H4NF,CLI-ZD08BSWSEYYR,Payment,Other,414373.82,ARS,1183.93,App,,,,Argentina,La Plata,Approved,00,False,18.59,,
TRX-918JA7O11VF0HN3854OY,2026-05-28 03:45:12,2026-05-27,PRD-OV9FDNRSMX6H,CLI-RR2HEIZ9BXHA,Payment,Other,2114553.48,COP,528.64,ATM,SUC-3FS5CHQJ,,,Colombia,Barranquilla,Approved,00,False,6.15,,
TRX-GRONA5FAATBF5REUUQZP,2026-05-28 03:53:40,2026-05-27,PRD-M3CKRGDT30B0,CLI-SRN45HFNA8UV,Deposit,,1958.41,USD,,POS,,,,Argentina,Buenos Aires,Approved,00,False,6.86,,
TRX-TFM9XSP3ZJ0AIJFLOLVI,2026-05-27 16:11:09,2026-05-27,PRD-GFOD7ECQF4W4,CLI-AMH9JUR4ULDA,Deposit,,3639.49,USD,,POS,,,,México,Puebla,Approved,00,False,,-0.4412159,0.5322969
TRX-OAI2TZ09G0U9RM4L3ADJ,2026-05-28 00:27:20,2026-05-27,PRD-DGVH7H0B0E2Q,CLI-7J8TN8I0D715,Payment,Entertainment,73.33,USD,,ATM,SUC-2ATW7QMQ,,,México,Guadalajara,Declined,51,False,16.41,,
TRX-IQ4HC6N9RRBP19MODW72,2026-05-27 11:40:13,2026-05-27,PRD-J4AJDU2C85BI,CLI-QIWSUVD3U02X,Deposit,,4386.54,USD,,ATM,SUC-A6PLAS9M,,,Colombia,Barranquilla,Approved,00,False,27.33,,
TRX-NB8EGUV6TMEB7MWPPZ82,2026-05-28 02:16:14,2026-05-27,PRD-A2CDGCM6B3FJ,CLI-7A7DTZUPNK23,Withdrawal,,1567979.53,COP,391.99,ATM,SUC-22RCTEVV,,,Colombia,Barranquilla,Declined,51,False,2.99,4.8357043,-73.4094449
TRX-WGO1O67AKCZ3DE5VK2KZ,2026-05-27 09:12:54,2026-05-27,PRD-BWU4KOFNBRU9,CLI-XSOQIOGKZOYJ,Deposit,,1725891.15,ARS,,POS,,,,Argentina,Córdoba,Approved,00,False,,-33.7916694,-57.8132565
TRX-1CEZP9J7WDLBK8XFUZKF,2026-05-27 08:42:33,2026-05-27,PRD-YRQE4WBAUW4N,CLI-H61TFFBOHR8R,Withdrawal,,204.11,USD,,POS,,,,México,Ciudad de México,Approved,00,False,,,
TRX-KZ7GAK4R5Q3PQY5YCB5K,2026-05-27 18:58:49,2026-05-27,PRD-K7WFXNSBD3OK,CLI-X3H1IUC4JLU5,Transfer,,33695479.13,COP,8423.87,POS,,,,Colombia,Bogotá,Approved,00,False,0.57,,
TRX-1PEB1WA2Y7OVOCIIMVZY,2026-05-27 20:54:46,2026-05-27,PRD-6E7DGRJPW86L,CLI-AF1ZG3OFFE9M,Purchase,Other,209.35,USD,,Branch,SUC-P65ZGVH3,Tienda General,Other,México,Guadalajara,Approved,00,False,19.92,,
TRX-LQS5URARMAO4BPE4KUS2,2026-05-28 02:42:40,2026-05-27,PRD-D78NOJCYRW84,CLI-QJ2QMHLE97RY,Payment,Entertainment,1081.64,USD,,Web,,,,México,Guadalajara,Approved,00,False,,,
TRX-GKWBI7J1V018R7FGZ37Q,2026-05-28 02:33:54,2026-05-27,PRD-R7T67XWKABXB,CLI-LKW0TRAP72XH,Payment,Other,257.05,USD,,App,,,,México,Monterrey,Approved,00,False,9.53,,
TRX-1B5HQLDOVBBY6WB69IFA,2026-05-27 07:41:56,2026-05-27,PRD-SZRFSSLNBKJU,CLI-8WBUUHLP1LBN,Transfer,,344.32,USD,,POS,,,,México,Ciudad de México,Approved,00,False,20.62,,
TRX-QEW0QUHZ3MTD7YP541JS,2026-05-28 00:24:04,2026-05-27,PRD-6R0AVT6OTNWJ,CLI-D80B823TIJAG,Withdrawal,,497.89,USD,,App,,,,México,Guadalajara,Declined,51,False,10.65,,
TRX-XQG5FZ2606UIDXPH7TRQ,2026-05-28 00:59:52,2026-05-27,PRD-VQUJ7WTNDKID,CLI-99AD8JFNHODA,Payment,Entertainment,1726.32,USD,,POS,,,,México,Ciudad de México,Approved,00,False,10.42,,
TRX-C6NSO9NL5JMH94V1RK1R,2026-05-27 21:33:04,2026-05-27,PRD-BMJ4ACSW1AMF,CLI-L1V0F1EZCQFM,Payment,Transport,3610700.7,COP,902.68,Web,,,,Colombia,Bogotá,Approved,00,False,13.69,,
TRX-0T1VOXNKAOPRDYTX75LZ,2026-05-28 03:26:21,2026-05-27,PRD-XU2NLBAJFM4J,CLI-RYNA357HFKNJ,Withdrawal,,1518027.62,COP,379.51,Web,,,,Colombia,,Approved,00,False,28.08,,
TRX-4EFE4HJKQP3QFSVY0CJB,2026-05-27 12:08:30,2026-05-27,PRD-YKZYS56L7MI4,CLI-6H0FS96LPUPE,Transfer,,7155.21,USD,,POS,,,,México,,Approved,00,False,25.57,,
TRX-OMF55ZIWZ7H0RETR1B6M,2026-05-28 01:16:46,2026-05-27,PRD-YHCK2381DKDJ,CLI-3FRSKW66F8CQ,Withdrawal,,17427.06,ARS,49.79,Web,,,,Argentina,Buenos Aires,Approved,00,False,6.35,,
TRX-OQXWMCHXUQS2J6GQHWP3,2026-05-27 21:39:03,2026-05-27,PRD-T8LYEOKK5GFY,CLI-J6OYPTSHYFYX,Adjustment,,435193.7,COP,108.8,ATM,SUC-U7NNFMS6,,,USA,Miami,Declined,14,False,11.3,4.4293794,-74.1615591
TRX-YQZR39FGHW8AG5IC8RXF,2026-05-27 13:44:47,2026-05-27,PRD-5QORK1EMI0MC,CLI-XS6VF94ZFP98,Payment,Services,435.78,USD,,ATM,,,,México,Puebla,Approved,00,False,7.45,0.2210144,0.8184882
TRX-YD63ICBKLT18U7YJUZRR,2026-05-27 20:35:41,2026-05-27,PRD-M0GG94FFRSOQ,CLI-7G2XMRUT9ARP,Withdrawal,,357.16,USD,,POS,,,,México,Puebla,Approved,00,False,17.25,,
TRX-ZZKBHD8BWX2T37ZFL60F,2026-05-27 06:41:49,2026-05-27,PRD-N9MZN5MUEBPX,CLI-75OBZOHDA0B9,Deposit,,8240494.72,COP,2060.12,Web,,,,Colombia,Cartagena,Approved,00,False,21.76,,
TRX-0H3EANN4SAVPGB8R957X,2026-05-27 06:15:18,2026-05-27,PRD-9WVMY92QNIZ3,CLI-E5TZBP0NXW9O,Withdrawal,,1778709.85,COP,444.68,POS,,,,Colombia,Cartagena,Approved,00,False,19.68,,
TRX-ALW3YBURBJ3Z1QMRLN56,2026-05-27 16:17:11,2026-05-27,PRD-VFX6WGQUJA3X,CLI-UQHEMTTVM5EF,Transfer,,12577958.38,COP,3144.49,ATM,SUC-2QR0HN01,,,Colombia,Cali,Approved,00,False,1.35,,
TRX-D91JNC1YLGVDC5WT56MJ,2026-05-27 07:38:52,2026-05-27,PRD-GZMMZZ18R7C5,CLI-HE0W2JLJI3ED,Withdrawal,,254.82,USD,,POS,,,,México,Monterrey,Pending,51,False,15.8,,
TRX-5MS40SZ175LJBK3DN6ZO,2026-05-27 16:01:15,2026-05-27,PRD-K8R3U6BYD2D9,CLI-1B6PFKZAYI9S,Purchase,Food,50.72,USD,,Web,,Tienda Don José,Food,México,,Approved,00,False,12.33,,
TRX-PCYU2V2R2UIXRYDGKSSP,2026-05-28 04:26:09,2026-05-27,PRD-Q6ZVS461WY5W,CLI-7HMVPL8TIXOY,Withdrawal,,146.42,USD,,POS,,,,México,Puebla,Approved,,False,11.74,,
TRX-RD72T0M0XCYEIB41XUSJ,2026-05-28 02:55:26,2026-05-27,PRD-JX46EM1H3I1M,CLI-TP86KKOATNBC,Withdrawal,,263.5,USD,,App,,,,Colombia,Medellín,Approved,00,False,23.28,,
TRX-JVKJ48RTJ255K8SW18T2,2026-05-27 21:44:13,2026-05-27,PRD-HI8320DYQKM0,CLI-M7XTRB5O71GG,Payment,Food,269162.76,ARS,769.04,POS,,,,Argentina,Buenos Aires,Approved,00,False,10.69,,
TRX-8JMEMAAFI8U13HJ1PGJ1,2026-05-27 15:30:35,2026-05-27,PRD-G2UQGRD27Z5G,CLI-UCV25X9AOUBK,Payment,,829.2,USD,,App,,,,México,Monterrey,Approved,00,False,10.57,,
TRX-AQL22UFX4DK8J3CP2C03,2026-05-28 04:16:48,2026-05-27,PRD-RD3Q0ABECJZY,CLI-B33MT2DBU74Q,Purchase,Other,2912.52,ARS,,ATM,SUC-UVQ9U0YO,Boutique Moda,Other,Argentina,Buenos Aires,Approved,00,False,,,
TRX-HDPLK9G5GA3N1IY0OTJ3,2026-05-28 02:02:02,2026-05-27,PRD-UV0IMW4YHU44,CLI-HO8PDMFA0KAV,Transfer,,2614638.01,ARS,7470.39,App,,,,Colombia,Barranquilla,Approved,00,False,2.86,,
TRX-9FGOGPQCCAUWS3SMUKWK,2026-05-27 11:19:27,2026-05-27,PRD-CTC0QVQY72K8,CLI-3MMLSCEZODFT,Deposit,,12073577.61,COP,3018.39,App,,,,Colombia,Cartagena,Approved,00,False,28.57,,
TRX-MBSD21V04N6HX83UR1UI,2026-05-27 13:18:38,2026-05-27,PRD-I6PFF8H1HFXD,CLI-8UDKRABTDV30,Withdrawal,,344.2,USD,,Transfer,,,,México,Monterrey,Approved,00,False,13.64,,
TRX-127F3NXHKK3JT57DGLFY,2026-05-28 04:56:31,2026-05-27,PRD-EVWDVEK68NPC,CLI-DDYHCW5345FZ,Transfer,,2446271.17,ARS,6989.35,ATM,SUC-JH2YV47F,,,Argentina,Rosario,Reversed,05,False,27.99,,
TRX-APVYBGUR7698DR775K5Q,2026-05-27 09:43:52,2026-05-27,PRD-FHDZXUFUHKNU,CLI-PGLM6R3AHDNP,Deposit,,2413.01,USD,,Branch,SUC-5R12FFLE,,,México,Monterrey,Approved,00,False,6.48,,
TRX-8QUHXXJ8458YS2O4HY5F,2026-05-27 12:47:26,2026-05-27,PRD-C21AP1NC3UI0,CLI-LCNXLFNU2XGT,Deposit,,5317056.96,COP,1329.26,POS,,,,Colombia,Bogotá,Approved,00,False,,,
TRX-FY02NVII9LPJRT4DG93R,2026-05-27 11:25:05,2026-05-27,PRD-Z2QW2P6WHU62,CLI-OXU3ZFZTF4LA,Withdrawal,,328.7,USD,,Web,,,,México,Querétaro,Approved,00,False,25.54,,
TRX-KNXUFEQZ8BSHLOK7ZPZD,2026-05-27 12:14:40,2026-05-27,PRD-3ODWFM0U3UT2,CLI-4I65RBN83PSD,Purchase,Food,133749.31,ARS,382.14,ATM,SUC-5XWR79HW,Restaurante El Buen Sabor,Food,Argentina,Rosario,Approved,00,False,19.66,,
TRX-M8571WIQXUFUJOIDU1TL,2026-05-27 18:20:04,2026-05-27,PRD-RCGP0IBZAJUY,CLI-DA09U2JFP4MK,Transfer,,22386622.54,COP,5596.66,App,,,,Colombia,Barranquilla,Approved,00,False,21.98,,
TRX-XCZ57ZI1BKOMSBCP4B1D,2026-05-28 01:34:54,2026-05-27,PRD-VXMLZ9WCULZ7,CLI-PO62K5QQO7KT,Purchase,Transport,77331.33,ARS,220.95,POS,,Gasolinera Express,Transport,Argentina,,Approved,00,False,25.54,-35.3807496,-58.3489046
TRX-F78UTUZVZ7TI70A2YM2V,2026-05-28 02:02:27,2026-05-27,PRD-P7U2Q2AYE37A,CLI-XYLJV7V4A9KN,Transfer,,31821353.41,COP,7955.34,POS,,,,Colombia,Barranquilla,Approved,00,False,26.92,,
TRX-CHI56RS6U6QLNPURG108,2026-05-27 18:19:31,2026-05-27,PRD-N4G2XI5C3GRL,CLI-Z5PX4K1YRHTG,Transfer,,8745.6,USD,,Branch,SUC-SUAMAVYV,,,México,Ciudad de México,Approved,00,False,25.99,,
TRX-BTZHJ9Z7SGFD416FBQQX,2026-05-27 17:09:38,2026-05-27,PRD-M3CFP6AF7N5F,CLI-DMM27FPGZFOQ,Payment,Other,2226843.49,COP,556.71,ATM,SUC-HTV8A64G,,,Colombia,Cali,Approved,00,False,3.18,5.2187859,-74.2385877
TRX-ULZ9GXC1HKYUG74JEVEY,2026-05-27 23:24:36,2026-05-27,PRD-GBD0Q500BG3M,CLI-BGOZ2GGC01T3,Withdrawal,,62.22,USD,,App,,,,México,Ciudad de México,Approved,00,False,27.78,,
TRX-BPIB69MY13Z0U68LLQ8D,2026-05-28 05:46:15,2026-05-27,PRD-OLWNWMISBR5L,CLI-Y5AN4JTMGHKW,Deposit,,387.6,USD,,App,,,,México,Guadalajara,Approved,00,False,25.87,,
TRX-1F3PFQB7GVRWRO24DSW9,2026-05-27 13:30:33,2026-05-27,PRD-HCW5KGYUVQCB,CLI-AEAML6WXY2VJ,Withdrawal,,477.93,USD,,ATM,SUC-JYJWT9TH,,,México,Ciudad de México,Approved,00,False,,,
TRX-CFVE2UDPVWSGI7DR2QC5,2026-05-27 15:45:22,2026-05-27,PRD-CHI2ZHT49Y27,CLI-UURMOMK31IRO,Payment,Food,373729.55,ARS,1067.8,Web,,,,Argentina,Mendoza,Approved,00,False,,,
TRX-HJ4HG9D28O4AA83AK1G6,2026-05-27 20:14:36,2026-05-27,PRD-51MU3RRMI2BA,CLI-30AQTRRNRQWQ,Purchase,Entertainment,422.26,USD,,App,,Streaming Music,Entertainment,México,Tijuana,Approved,00,False,15.54,,
TRX-ECC8ITXJMLBJ815M9WMI,2026-05-27 11:19:39,2026-05-27,PRD-IVEAQE715U4A,CLI-QPDMIWWFGWCQ,Deposit,,938.8,USD,,Web,,,,México,Guadalajara,Approved,00,False,,,
TRX-5UOZBTISDNL1TMROA6DZ,2026-05-27 15:04:51,2026-05-27,PRD-ZJAOM82X1ZBF,CLI-B9WYJZJ4CY9O,Transfer,,3328357.42,ARS,9509.59,App,,,,Argentina,Rosario,Approved,00,False,27.94,,
TRX-P7IZG7G92U8WZDP95FV3,2026-05-27 07:06:27,2026-05-27,PRD-07NCEBJ38UMA,CLI-HZISXSA5BZ9L,Withdrawal,,344.61,USD,,POS,,,,México,,Approved,00,False,5.39,,
TRX-VR76UUFX9MK3ZUHVKZM7,2026-05-27 12:14:09,2026-05-27,PRD-OVMEF6KP7N3T,CLI-YFWLDHKFWMZ2,Deposit,,14204042.41,COP,3551.01,ATM,SUC-8AM4U1NU,,,Colombia,,Approved,00,False,,,
TRX-D4MWE4G1FZ1E1EQ9IJZS,2026-05-28 05:42:23,2026-05-27,PRD-2VCFHBZN0LIY,CLI-QX5AGSOLVFG8,Withdrawal,,1519541.24,COP,379.89,POS,,,,Colombia,Barranquilla,Approved,00,False,6.72,,
TRX-KOUWMHH5CT0AWG2E4L3F,2026-05-27 12:45:15,2026-05-27,PRD-7GX3ZIT893F0,CLI-W6S34VDM32WG,Withdrawal,,128.86,USD,,POS,,,,México,Tijuana,Approved,00,False,3.15,,
TRX-D4QNOWREYVUW1HMLBEKC,2026-05-27 06:36:18,2026-05-27,PRD-LP3WFTYFJHWD,CLI-WE9A2SVX37L8,Deposit,,1318.97,USD,,ATM,SUC-LBPQUZ4D,,,México,Ciudad de México,Approved,00,False,,-0.8699866,-0.4285461
TRX-IYEIYSUOW7MNF8NYDXN4,2026-05-28 04:55:13,2026-05-27,PRD-UVQAOK2I4ZDN,CLI-SXJ73GIBWIPK,Adjustment,,498.6,USD,,Web,,,,México,Guadalajara,Pending,14,False,5.29,,
TRX-U4W9SXSPBLB74VZSJG1J,2026-05-27 10:59:29,2026-05-27,PRD-Z4HVSZJRQ5DF,CLI-UFIHOH6TNOH2,Deposit,,1281068.26,ARS,3660.2,ATM,SUC-QZP6DNTL,,,Argentina,Rosario,Approved,,False,27.93,,
TRX-74RDTNGYV3U83A4KX9OF,2026-05-27 14:16:09,2026-05-27,PRD-NAFNX3BFSGYG,CLI-C8RDU46DD5A7,Payment,Transport,5792191.5,COP,1448.05,POS,,,,Colombia,Cali,Approved,00,False,10.14,,
TRX-IETHA19C5S6282GQMB18,2026-05-27 18:05:22,2026-05-27,PRD-5PIRUSCMNMZO,CLI-PEJLD52KBRY5,Payment,Transport,1437.42,USD,,POS,,,,México,Puebla,Declined,05,False,18.3,,
TRX-LABCWD0K5R6K34WN8Z7G,2026-05-27 19:29:36,2026-05-27,PRD-2KJ1XKBHHC91,CLI-QHPJ80IF934U,Payment,Food,1035.26,USD,,POS,,,,Brazil,São Paulo,Approved,00,False,16.98,,
TRX-TLAISPHU2L0F3IRURZ30,2026-05-28 02:31:35,2026-05-27,PRD-T1861ONYIMUH,CLI-6509BQS53MHU,Transfer,,28559241.84,COP,7139.81,ATM,SUC-KJBGVLU5,,,Colombia,Medellín,Approved,00,False,28.85,5.5695468,-73.4995304
TRX-UZM8T1PDEWW37CCUU3OC,2026-05-27 17:50:39,2026-05-27,PRD-W5LJFUGW8R4D,CLI-GKEMAB324W5V,Withdrawal,,70978.0,ARS,202.79,ATM,SUC-G7HRTTDE,,,Argentina,La Plata,Approved,00,False,,,
TRX-K2WQAXSBM6Z9JW6WGR80,2026-05-27 16:24:38,2026-05-27,PRD-1K3U829CM9AL,CLI-Q3P46V189FW6,Withdrawal,,80275.55,ARS,,ATM,SUC-5XWR79HW,,,Argentina,Buenos Aires,Approved,00,False,,,
TRX-NHEQ5SFYNRY6IFQBFJFK,2026-05-27 21:33:20,2026-05-27,PRD-M1DCA9ZJUSB6,CLI-9L2RRU607O9U,Transfer,,7369.18,USD,,ATM,SUC-349TR6OC,,,México,Ciudad de México,Approved,00,False,29.1,,
TRX-N1ZU8QA35D5FZ1YSOKIR,2026-05-28 02:05:56,2026-05-27,PRD-VU7NR6NA3Z81,CLI-VONMYXS0M6N2,Transfer,,8637.78,USD,,Web,,,,México,Guadalajara,Approved,00,False,,,
TRX-FFIY0DSYFP4LGZTR8M74,2026-05-27 08:06:03,2026-05-27,PRD-F9T72O69OT0J,CLI-PAQB5UCEHWBI,Deposit,,19237841.21,COP,4809.46,ATM,SUC-EMGR60PV,,,Colombia,Medellín,Approved,,False,18.12,,
TRX-03IBOGG43UZZWOKKLKSW,2026-05-27 14:55:25,2026-05-27,PRD-YJ2TLF8QHK0Q,CLI-P6NES63CAD35,Deposit,,3639.81,USD,,Web,,,,México,Querétaro,Approved,00,False,11.38,,
TRX-1RLA0I3T2EQZSWJO6EA0,2026-05-27 14:34:56,2026-05-27,PRD-3A4J9NZZ37KO,CLI-NS0W4IISD5FT,Deposit,,2498.09,USD,,ATM,SUC-WU56M94O,,,México,Ciudad de México,Approved,00,False,10.93,,
TRX-ZMCYUMTRH8MHC6U814MG,2026-05-27 06:18:50,2026-05-27,PRD-CRD1AOV178IP,CLI-7EVOOUM7KFO8,Transfer,,8786.08,USD,,POS,,,,México,Puebla,Approved,00,False,1.93,0.9042707,-0.2404827
TRX-TLHCOPR3KFQKH84ZOXEQ,2026-05-27 17:09:17,2026-05-27,PRD-MVPDX5VH1LS3,CLI-O60P14LFVJGR,Deposit,,4731.06,USD,,Web,,,,México,Puebla,Approved,00,False,,,
TRX-M2HX432ODVQZISTBQL2N,2026-05-27 17:27:55,2026-05-27,PRD-O7T6A5HTQ2AO,CLI-G936E1CXUUUE,Purchase,Other,100683.04,ARS,,App,,Ferretería,Other,Argentina,Mendoza,Approved,00,False,8.76,,
TRX-7Y5QME1BRRDW64E8A6XR,2026-05-27 07:18:57,2026-05-27,PRD-FM2STCO7WNE2,CLI-9WGJY17DHSZ1,Deposit,,997.3,USD,,ATM,SUC-349TR6OC,,,México,Monterrey,Declined,14,False,10.91,,
TRX-PBW9IIZOGFAB1O8X2H6M,2026-05-27 11:48:53,2026-05-27,PRD-921XGB2RCCDD,CLI-TDXFCPO3ZYBN,Deposit,,804.63,USD,,POS,,,,México,Tijuana,Approved,00,False,27.84,0.5829719,0.3452952
TRX-HRO86LDXZHTYE3J7ABJ6,2026-05-27 20:06:21,2026-05-27,PRD-3D4FPW1MEQH2,CLI-T6428GHTEMC6,Payment,Entertainment,1097.21,USD,,Web,,,,México,Tijuana,Approved,00,False,23.87,,
TRX-UTN2BZY4VZ4RINLRZG1E,2026-05-27 10:15:49,2026-05-27,PRD-GGXN01BXZACZ,CLI-1XIJF34T762T,Purchase,Entertainment,308.75,USD,,POS,,Streaming Music,Entertainment,México,Monterrey,Pending,51,False,4.34,,
TRX-QPL8WS4FPJAQYHY53ANG,2026-05-27 10:13:31,2026-05-27,PRD-NKN11IY0KN11,CLI-DSD993J2XHOZ,Purchase,Other,244.69,USD,,ATM,SUC-349TR6OC,Ferretería,Other,México,Ciudad de México,Approved,00,False,,,
TRX-TEGFP0YG5RIIYQGG0BAW,2026-05-28 03:00:50,2026-05-27,PRD-D0OEHIGQHX72,CLI-3155KNTFKPIX,Transfer,,3207.16,USD,,ATM,SUC-OLTX380V,,,México,Monterrey,Approved,00,False,11.63,,
TRX-PHKD5Y2CIPCZDRKY1A8R,2026-05-27 19:26:10,2026-05-27,PRD-RMZLOFYM5DYO,CLI-DMKFCKTW3K9O,Transfer,,1862.63,USD,,POS,,,,México,Puebla,Approved,00,False,12.66,-0.3398136,-0.9772147
TRX-RLE549EBL27RH38612AM,2026-05-27 21:47:08,2026-05-27,PRD-9TT0AE208043,CLI-QILLBYIPGMJM,Withdrawal,,149.1,USD,,ATM,,,,México,Ciudad de México,Approved,00,False,2.89,,
TRX-MJ2TPWYW3438BTYPIXLB,2026-05-27 11:56:18,2026-05-27,PRD-FMFVFD8OP1JM,CLI-5RP1FD269166,Transfer,,7701.46,USD,,ATM,SUC-JD6LDRA8,,,México,Querétaro,Declined,54,False,,,
TRX-PGKMJDCFREBUFMLTF2H3,2026-05-27 23:04:15,2026-05-27,PRD-IZKJCB9VB57W,CLI-P9WJZ4WWJLKP,Payment,Services,4828926.07,COP,1207.23,App,,,,Colombia,,Approved,00,False,2.68,,
TRX-6KVJ8YRTK9TXC3ERF47Q,2026-05-27 23:37:13,2026-05-27,PRD-8AW7Q5E0VNEB,CLI-ZB5XNYMEA6JA,Transfer,,38752332.01,COP,9688.08,POS,,,,Colombia,Medellín,Approved,00,False,,,
TRX-48EMSE692K1XFZVXR2ZM,2026-05-27 11:10:08,2026-05-27,PRD-06QFU66NTCYQ,CLI-975OCYQXFN9N,Deposit,,1176.05,USD,,ATM,SUC-0MPZUQLJ,,,Argentina,Mendoza,Approved,00,False,19.05,,
TRX-0ZEE8HMXIYQDSRROXCJA,2026-05-27 12:45:42,2026-05-27,PRD-OO5X0V67AN1D,CLI-KFLCOJLQTXUS,Withdrawal,,885847.32,COP,221.46,App,,,,Colombia,,Approved,00,False,8.88,,
TRX-N203FWLBTCGOZ6PMNGN0,2026-05-27 20:57:42,2026-05-27,PRD-M591KAC11KFO,CLI-2LNNLPM0LBHP,Withdrawal,,132666.67,ARS,379.05,Web,,,,Argentina,Rosario,Approved,00,False,,,
TRX-085FPDCSOUOP1YJOPI6A,2026-05-28 02:51:13,2026-05-27,PRD-L5WFMUGGDT17,CLI-9GAESS0KZ1GY,Withdrawal,,116.8,USD,,App,,,,México,Querétaro,Approved,00,False,,,
TRX-IWOZYT98L5CZCKBHOM6N,2026-05-27 19:46:41,2026-05-27,PRD-T11ZEF4QIF7I,CLI-RYQY1ADQSXLK,Purchase,Services,308.42,USD,,Web,,Internet Plus,Services,México,Querétaro,Approved,00,False,16.94,,
TRX-YCUMUYTCMXK7QPC9N3ME,2026-05-27 09:14:04,2026-05-27,PRD-SAQJYJDJC7RU,CLI-CKUHHWI52ZL4,Withdrawal,,282.22,USD,,POS,,,,México,Guadalajara,Declined,54,False,18.92,,
TRX-2HBT0PECXSAIMZ0XRM4J,2026-05-27 07:53:45,2026-05-27,PRD-EMIYDJN5I81J,CLI-1P9VRCIZJX3M,Transfer,,7367.09,USD,,App,,,,Argentina,Rosario,Approved,,False,15.73,,
TRX-C5OLBIVTABTCX5BIAQAW,2026-05-27 19:48:35,2026-05-27,PRD-LO4TDFSI4RR7,CLI-SHUYPHE2OZCE,Withdrawal,,470.55,USD,,ATM,SUC-AXDYB0RQ,,,Colombia,Bogotá,Approved,00,False,,,-0.0183765
TRX-6UK26OC9K7F7I87CZA1O,2026-05-28 01:43:43,2026-05-27,PRD-QSR8AW5IXPLD,CLI-V2NJQE74Q47C,Transfer,,27547718.99,COP,6886.93,POS,,,,Colombia,,Approved,00,False,5.89,,
TRX-8FBI687WV1W9QUEWIH94,2026-05-27 18:20:06,2026-05-27,PRD-39ABU1EC1NNU,CLI-PHMA53EF8B35,Payment,Other,1836.9,USD,,Web,,,,México,Guadalajara,Declined,54,False,18.64,,
TRX-TMDN9AJFZAXNQPALOZMJ,2026-05-27 13:06:45,2026-05-27,PRD-8QIK49LM99EZ,CLI-1AXX7U4DXJIG,Withdrawal,,54408.35,ARS,155.45,POS,,,,Argentina,Córdoba,Approved,00,False,23.61,,
TRX-SP73URGJI3SR8S6709IR,2026-05-28 04:17:59,2026-05-27,PRD-E5LTDYW0FTGI,CLI-GC549DS4URS8,Purchase,Transport,231.02,USD,,ATM,SUC-KD93KQ8I,,Transport,México,Ciudad de México,Approved,00,False,5.99,,
TRX-RJM87LN4ZMJH2DN4PC7H,2026-05-28 00:57:44,2026-05-27,PRD-41OH1BYWSP3C,CLI-TLET4IOZJL8M,Payment,Food,1476.82,USD,,POS,,,,México,Tijuana,Approved,00,False,3.74,0.4150234,-0.0800267
TRX-F1IOJZOP0CGDEG9QD7AB,2026-05-28 02:59:43,2026-05-27,PRD-8F6WZBKPVFHP,CLI-573EBUY0NLCX,Deposit,,4715.12,USD,,ATM,SUC-8QU1XFUX,,,México,,Approved,00,False,14.63,0.0038148,0.2628868
TRX-G3F6JVRVR32UQSN7QALC,2026-05-27 21:48:49,2026-05-27,PRD-F16D6X8CFUFD,CLI-A1JB8MS0M8QD,Transfer,,8605.92,USD,,POS,,,,México,Guadalajara,Approved,00,False,1.29,,
TRX-37DNXLQT9HLRESYHB7V3,2026-05-27 10:57:09,2026-05-27,PRD-821S7NZF00OH,CLI-RMLLUMS7RHJB,Withdrawal,,299.4,USD,,Transfer,,,,México,Querétaro,Approved,00,False,10.76,,
TRX-SBJK3J8WQVL2TO6JHNX7,2026-05-27 06:32:08,2026-05-27,PRD-3WGNDJE5UN4L,CLI-BUPJEU54EDBJ,Purchase,Transport,475960.18,COP,,POS,,Taxi Seguro,Transport,Colombia,Cartagena,Approved,00,False,17.36,,
TRX-10ZX6KXQT34TYCSHT56Z,2026-05-27 11:45:46,2026-05-27,PRD-9MDJ9EAS2YCM,CLI-X05Q3J9V2FWF,Transfer,,566.78,USD,,POS,,,,México,Querétaro,Approved,00,False,12.72,0.8011952,-0.1776499
TRX-4BYNAI1R06HD2D1FF27S,2026-05-28 02:49:38,2026-05-27,PRD-SQUY116WR132,CLI-F7PQP3J4AS6X,Payment,Services,692.02,USD,,ATM,SUC-MGUQPIKZ,,,México,Monterrey,Approved,00,False,10.92,,
TRX-LZG1OKLSBD3XLFIOMK1U,2026-05-28 04:04:33,2026-05-27,PRD-L551C1BPYLBP,CLI-IOQEZA0OH89N,Payment,Entertainment,1530.33,USD,,Web,,,,Colombia,Medellín,Approved,00,False,27.83,,
TRX-7FK7KED6CM0A62YR9MQE,2026-05-27 20:34:41,2026-05-27,PRD-OF3VZ2OTFSHT,CLI-F963TQISR20K,Purchase,,198.03,USD,,POS,,Estación de Servicio,Transport,Colombia,Medellín,Approved,00,False,,,
TRX-87YPD00LCZAHBEJTWSX7,2026-05-28 01:52:20,2026-05-27,PRD-28YCB7L740OI,CLI-71N2BSIA8NMM,Purchase,Entertainment,331.65,USD,,ATM,SUC-552N76DP,Streaming Music,Entertainment,México,Puebla,Approved,00,False,8.41,-0.0196733,0.3199187
TRX-MDS09LUSIVPMVH9TZDVA,2026-05-27 07:34:38,2026-05-27,PRD-AO9AD7Q9WFAF,CLI-OMJ4WPMYT7UC,Purchase,Transport,335.2,USD,,ATM,SUC-XAEWUJQS,Estación de Servicio,Transport,México,,Approved,00,False,14.46,0.0189067,0.261364
TRX-BCF3AGIGDT7GDPBL7LYE,2026-05-27 19:19:09,2026-05-27,PRD-OBJ7AZVX3JE6,CLI-7KQV61HV6YVX,Payment,Health,2852322.89,COP,713.08,POS,,,,Colombia,Bogotá,Declined,14,False,21.75,4.5059834,-73.9711274
TRX-WMXWNM1DOUUDSEJ0VZ5L,2026-05-28 01:39:41,2026-05-27,PRD-NK8N870C2K5A,CLI-WXFV5DLAEHFA,Transfer,,7123446.42,COP,1780.86,App,,,,Colombia,Barranquilla,Approved,00,False,20.05,,
TRX-ZAUN83IRD8AMC1A5H18R,2026-05-28 03:01:12,2026-05-27,PRD-GU2Y818JMQTF,CLI-56I7V2M7OPOR,Withdrawal,,67.31,USD,,Branch,SUC-POHHKXPA,,,México,Monterrey,Approved,00,False,,,
TRX-2AH83PJLVSI9TQAAP2BX,2026-05-27 12:27:13,2026-05-27,PRD-33DBRK0FANS9,CLI-QR771IY1THN4,Transfer,,6345.49,USD,,ATM,SUC-SCFDICUT,,,USA,New York,Approved,00,False,24.84,-0.5668475,-0.8496207
TRX-DP2RMY15790OT7RBUZ71,2026-05-28 02:28:31,2026-05-27,PRD-44KT2IE4WOGS,CLI-Y4MCDB4JQPH3,Deposit,,2461.4,USD,,ATM,SUC-YZRQJS5X,,,México,Guadalajara,Approved,00,False,27.06,,
TRX-AB7DFK2NURSIOPIXGIBJ,2026-05-27 12:43:06,2026-05-27,PRD-FT8QNBT1OXN1,CLI-CK71Y3P5DJ4H,Withdrawal,,1570249.58,COP,392.56,Web,,,,Colombia,Barranquilla,Approved,00,False,16.85,,
TRX-E3UMIFBRESMQB02O4UT0,2026-05-28 01:09:19,2026-05-27,PRD-VNY2I1XNWTSW,CLI-XNWMZ85AD18R,Purchase,Food,145.38,USD,,ATM,SUC-7T5LBQT3,Tienda Don José,Food,México,,Approved,00,False,9.89,,
TRX-ADGFST4CXZUX0JB2D70T,2026-05-27 17:41:45,2026-05-27,PRD-19TCT5HK8DOL,CLI-XC5R7PGGAWCK,Transfer,,732.34,USD,,POS,,,,México,,Approved,00,False,22.24,0.8738325,0.3000161
TRX-0BR3NV3JFC59STCT0VZA,2026-05-28 05:59:30,2026-05-27,PRD-KUFD34078CAB,CLI-I9BVI6PP6AER,Purchase,Entertainment,232.14,USD,,ATM,,Conciertos Live,Entertainment,México,Tijuana,Approved,00,False,,,
TRX-I28XDS16W8SX5QD6S07O,2026-05-27 08:54:01,2026-05-27,PRD-1WLAF6KL7KQR,CLI-QJP1SZXV8K16,Withdrawal,,127.31,USD,,POS,,,,Argentina,La Plata,Approved,00,False,18.98,,
TRX-I5N5KZDOEVZOL263UD7K,2026-05-27 07:38:56,2026-05-27,PRD-A6R3CFTK4QQG,CLI-FCZ953U6Z5AO,Withdrawal,,1360501.05,COP,340.13,ATM,SUC-LBZFJAU6,,,Colombia,,Approved,00,False,25.68,,
TRX-H3GAOJ9C70NFIHLFSDZ4,2026-05-27 08:04:12,2026-05-27,PRD-HWX3BFM5GSJ8,CLI-BSNWPG27PDN2,Payment,Other,1817.98,USD,,App,,,,México,Querétaro,Approved,00,False,10.97,,
TRX-8OZQ0Q27RM0A2TKPAEXK,2026-05-27 06:41:48,2026-05-27,PRD-ZBW3BAHFK24Q,CLI-GIPK399GBR18,Deposit,,9852214.21,COP,2463.05,POS,,,,Colombia,Cali,Approved,00,False,25.96,,
TRX-R2OWNQT5TNKRZG3YUX4S,2026-05-27 14:20:22,2026-05-27,PRD-3D15PFFS34ON,CLI-K2ERL9I1QVW3,Withdrawal,,416.29,USD,,App,,,,México,,Approved,00,False,9.45,,
TRX-OMVSQ3R9XU1NZPFNB6C2,2026-05-27 13:28:03,2026-05-27,PRD-HYGI1K9PE25P,CLI-LTXEOPVW6E7T,Purchase,Services,65.87,USD,,POS,,Internet Plus,,México,Ciudad de México,Approved,00,False,,,
TRX-O7BBJ3UM2JW29XJANQQB,2026-05-27 17:23:33,2026-05-27,PRD-RZFZ2DSPJLAH,CLI-GXM6LZKNBA7Y,Payment,Services,1676.96,USD,,Web,,,,México,Tijuana,Declined,54,False,2.05,,
TRX-5HYWM6LFAVT465ARFEJU,2026-05-28 05:42:41,2026-05-27,PRD-179F57W7MVZY,CLI-RJ8TUT7HD2K7,Deposit,,89.18,USD,,App,,,,México,Monterrey,Approved,00,False,,,
TRX-G4L16TNNDPNAH710G7XF,2026-05-27 21:57:14,2026-05-27,PRD-UBUYEIAOM2ZF,CLI-A52DINIAVE0J,Deposit,,1150409.28,ARS,3286.88,ATM,SUC-IPX8M3BR,,,Argentina,Mendoza,Pending,05,False,7.21,-35.5819924,-58.514247
TRX-JUIJRZVKPJPTJSC5PY8S,2026-05-27 21:19:15,2026-05-27,PRD-WTCF92994LNA,CLI-YR363CDRKNKH,Payment,Health,1593.34,USD,,Web,,,,México,Querétaro,Approved,00,False,,,
TRX-ZTLILL5TUAOFT8GJ1I0P,2026-05-27 08:36:32,2026-05-27,PRD-IEODEQ1FLZX5,CLI-Y1QWXA3Y7W8X,Transfer,,997.45,USD,,POS,,,,México,Ciudad de México,Approved,00,False,,,
TRX-19JF5G19OQ3ADJT35DSR,2026-05-28 00:17:28,2026-05-27,PRD-5Q1NAKX884R0,CLI-4QVWM8VQ5VHD,Payment,Entertainment,304.49,USD,,POS,,,,México,Ciudad de México,Approved,00,False,7.27,,
TRX-PLTRQDN6TJHDLTAR9G8J,2026-05-27 17:53:12,2026-05-27,PRD-LJEYAEWG4MGU,CLI-SH403199T1JK,Withdrawal,,379.99,USD,,POS,,,,México,Guadalajara,Approved,00,False,5.57,,
TRX-A0HA1Z6SIZ1L3GJMR1RJ,2026-05-28 03:49:23,2026-05-27,PRD-05GD6FRGD5WR,CLI-TM0B2PM6R5DF,Transfer,,1654.19,USD,,ATM,SUC-BDUHNO9T,,,México,Tijuana,Approved,00,False,5.71,0.9035018,-0.5904392
TRX-F7VU9ZEHT6O8LFW4F0UG,2026-05-28 00:23:37,2026-05-27,PRD-UTZA0Y4YZ6JU,CLI-PYKTU75HHHEW,Deposit,,919922.0,ARS,,POS,,,,Argentina,La Plata,Approved,00,False,,-34.7178235,-58.5602002
TRX-RPYU24DDXGBJRFTEO4PP,2026-05-27 16:04:12,2026-05-27,PRD-AXQ84L3RZ01M,CLI-JNHEUT5HLJRL,Withdrawal,,1696639.54,COP,424.16,POS,,,,Colombia,Cartagena,Approved,00,False,25.21,,
TRX-VO0O1Z2C0DNMITEXI8JD,2026-05-27 18:49:19,2026-05-27,PRD-X0SRZ66UQI4M,CLI-FCWYAYANN1YQ,Purchase,Food,1213454.4,COP,303.36,Web,,Super Ahorro,Food,Colombia,Medellín,Approved,00,False,4.85,,
TRX-3QGPM8U25TE5AAEB5FON,2026-05-27 09:27:46,2026-05-27,PRD-42YMOIGWIM02,CLI-FLC3QJTU423Q,Payment,Food,481041.55,ARS,1374.4,Transfer,,,,Argentina,Mendoza,Approved,00,False,19.08,,
TRX-LNZXW36EHF3Z6JROBJJI,2026-05-28 04:00:42,2026-05-27,PRD-LS7UX8R4XGVW,CLI-ZOFB1NQTMLAV,Withdrawal,,1425452.71,COP,356.36,ATM,SUC-06LBAMRN,,,Mexico,Ciudad de México,Approved,00,False,3.4,,
TRX-R4JRFDOWMVLK4MKMTMNF,2026-05-28 04:03:10,2026-05-27,PRD-G9Z0S64BHCI4,CLI-24Y63TB5P7KK,Withdrawal,,60899.67,ARS,174.0,POS,,,,Argentina,Mendoza,Reversed,54,False,16.14,,
TRX-Z614V8OLM6222KZO09IL,2026-05-27 18:23:51,2026-05-27,PRD-WTC2OUU57TRT,CLI-RFWKUOI57LPV,Transfer,,7416.85,USD,,ATM,SUC-9L4T3P44,,,México,Guadalajara,Approved,00,False,21.22,,
TRX-K9Y2HYFA878SB15DMJQW,2026-05-27 07:27:07,2026-05-27,PRD-767LSZXKDJBJ,CLI-6BMFADG4UXTB,Withdrawal,,245.43,USD,,ATM,,,,México,Puebla,Approved,00,False,15.04,,
TRX-ORJ6DC02YBAS5NQ49VFU,2026-05-27 09:09:06,2026-05-27,PRD-AXSVHMX8NEBX,CLI-7675ZQICMKIY,Purchase,Transport,350.4,USD,,ATM,SUC-YIS5JECV,Uber,Transport,México,Tijuana,Approved,00,False,25.6,,
TRX-YVWR5T3SQMKVQGU6H53Q,2026-05-27 13:14:14,2026-05-27,PRD-7UYQQ4EZZCHD,CLI-HE3M4HF9F49G,Deposit,,4800.33,USD,,App,,,,Argentina,Buenos Aires,Approved,00,False,12.02,,
TRX-5TSIX74M99BA6RZ0259W,2026-05-27 11:26:20,2026-05-27,PRD-VJUF9XGF0U8Z,CLI-4LQHQ00KXT7M,Payment,Transport,1090246.76,COP,272.56,ATM,SUC-M447M9GU,,,Colombia,Cartagena,Approved,00,False,22.93,,
TRX-2DGE35TEHVU9KI066D8X,2026-05-27 22:14:42,2026-05-27,PRD-TPQQ4Y824RO3,CLI-RLW2VPZDD79S,Purchase,Transport,1899535.35,COP,474.88,Web,,Gasolinera Express,Transport,Colombia,,Approved,00,False,28.0,,
TRX-DDW7E4P0YA2NIMR90P3H,2026-05-27 22:51:58,2026-05-27,PRD-PPOPWMHZ5HXC,CLI-GFLS9LQRHNF5,Withdrawal,,250.78,USD,,POS,,,,México,Puebla,Approved,00,False,26.72,,
TRX-W93SUS17L59DJP93EIT1,2026-05-27 06:34:16,2026-05-27,PRD-GXHT4HKWN8JE,CLI-O12MDX6QDOB5,Purchase,Services,497.04,USD,,Transfer,,Cable TV,Services,Argentina,Mendoza,Approved,00,False,23.36,,
TRX-FLKH9K1QRHEZLQ95QWFS,2026-05-27 22:35:54,2026-05-27,PRD-1RCFQRXNXJTD,CLI-06FPGBZ0BN6C,Withdrawal,,373.34,USD,,App,,,,México,,Approved,00,False,25.27,,
TRX-UX0DADKIVOJ7Q66JLASZ,2026-05-28 02:27:27,2026-05-27,PRD-910BBMEZR4E3,CLI-127LFJ75QKNF,Withdrawal,,1842283.8,COP,460.57,POS,,,,Colombia,Medellín,Approved,00,False,,,
TRX-8QJHHJGMNJE1UK2Y9CKB,2026-05-27 10:18:23,2026-05-27,PRD-4FP9R9I16WAR,CLI-HCQV4E386DYU,Deposit,,1588.04,USD,,POS,,,,México,Puebla,Approved,,False,29.6,,
TRX-45036C8A8TGM2Z5IQDPA,2026-05-28 05:03:42,2026-05-27,PRD-HC3IT8YSO3GE,CLI-OECKCKFE6WYJ,Withdrawal,,13406.48,ARS,38.3,POS,,,,Argentina,Buenos Aires,Approved,00,False,28.84,,
TRX-5B0N7ZJV6C6G2FJ5KJU7,2026-05-27 12:14:03,2026-05-27,PRD-AW0YQHFQEM53,CLI-3F5S1IE4SP0H,Withdrawal,,304.92,USD,,POS,,,,México,Querétaro,Approved,00,False,24.34,,
TRX-OU7TX7YBAL748I47T38V,2026-05-27 10:22:10,2026-05-27,PRD-MLF8HX8DYBUK,CLI-G009822WIKSN,Transfer,,3937.82,USD,,ATM,SUC-O4G07J7I,,,Colombia,Cartagena,Approved,00,False,,,
TRX-UGPV45JPLEV4EQ2FVORQ,2026-05-27 23:43:19,2026-05-27,PRD-XLJRSM0URS7R,CLI-NW5I9XZED4CI,Payment,Entertainment,25554.72,ARS,73.01,App,,,,Argentina,Mendoza,Approved,00,False,10.17,,
TRX-1A7JZPYUD7MZUX6EV9II,2026-05-27 11:15:45,2026-05-27,PRD-G0ZOIG6N2062,CLI-1UOA2GSAUUGX,Deposit,,1428841.75,ARS,4082.41,ATM,SUC-2T5PUX8Q,,,Argentina,Mendoza,Approved,00,False,24.7,,
TRX-8F1I13S8R3QYM4VS0QC7,2026-05-27 07:22:01,2026-05-27,PRD-6PPZ92CLR3Z3,CLI-TOE74ZDFYAHV,Payment,Food,1045.56,USD,,POS,,,,México,,Approved,00,False,11.98,,
TRX-ZN5KTC8ICVK5NVDIHOOO,2026-05-27 07:19:55,2026-05-27,PRD-D0BPIH2WC3TP,CLI-10T3UI3DKVK2,Purchase,Food,170098.6,ARS,486.0,Web,,Super Ahorro,Food,Argentina,Rosario,Approved,00,False,,,
TRX-R84IOM9L3QI3OOM2ZAB3,2026-05-27 19:26:03,2026-05-27,PRD-R7GEEOAP9IZZ,CLI-7S20KP1J8HF9,Payment,Entertainment,703.08,USD,,POS,,,,México,Puebla,Approved,00,False,7.15,-0.0344118,-0.2085001
TRX-UE5G6PLVG86CFMBO8D6H,2026-05-28 03:33:56,2026-05-27,PRD-33YHUOQPN9I6,CLI-1YQXBEW8EBP7,Deposit,,2297.67,USD,,ATM,SUC-YIS5JECV,,,México,Monterrey,Approved,00,False,18.02,,
TRX-V8N6TCY4QN6K3ZCYIVQL,2026-05-27 17:09:47,2026-05-27,PRD-IERHZI1L10YN,CLI-DAODRPBW9GFM,Transfer,,966508.69,ARS,2761.45,POS,,,,Argentina,Rosario,Approved,00,False,10.57,,
TRX-1S7CDUR0GBWO0AGQSR3Y,2026-05-27 07:01:21,2026-05-27,PRD-LVU7TLDQNEBW,CLI-8Q3T0CI8NZHD,Transfer,,4721.92,USD,,ATM,SUC-BDUFJ6GZ,,,México,Ciudad de México,Approved,00,False,22.91,,
TRX-G2ZWAMT20Z6O4T65DSZW,2026-05-28 04:07:08,2026-05-27,PRD-C1OPNFR15NTZ,CLI-645VFHCZP6X9,Purchase,Health,161.15,USD,,App,,Óptica Visión,Health,México,,Approved,00,False,27.57,,
TRX-1M9WRLUYEY1YH5OSQWNZ,2026-05-27 06:48:55,2026-05-27,PRD-R8OR1KEGE51B,CLI-BRIQY1S0MR7U,Deposit,,4529.77,USD,,POS,,,,México,Tijuana,Approved,00,False,17.23,,
TRX-IPL3A7G0F77EIPWB0IH0,2026-05-27 10:36:40,2026-05-27,PRD-M70H0S2WQQIK,CLI-D7Z6CHVME4W5,Deposit,,8775408.77,COP,2193.85,POS,,,,Colombia,Cartagena,Approved,00,False,16.09,3.7185797,-74.1676125
TRX-FYMP49R72VTJ80CEDM5N,2026-05-28 05:37:09,2026-05-27,PRD-G3V8YR8FLE97,CLI-GDXF4KM3JOIK,Transfer,,6251417.37,COP,1562.85,Transfer,,,,Colombia,Bogotá,Approved,00,False,26.22,,
TRX-C9SOQUCW9HO39863HJWX,2026-05-27 23:29:42,2026-05-27,PRD-PEJV9YDTX5FK,CLI-40KS6TDMDEWM,Transfer,,4872.81,USD,,App,,,,México,Ciudad de México,Approved,00,False,27.09,,
TRX-PI7BW907PEH1JRFEM924,2026-05-27 07:39:43,2026-05-27,PRD-S129T1JZNY78,CLI-D7PNAQEOMKR8,Deposit,,3573.57,USD,,ATM,SUC-P44GDIDS,,,Colombia,Bogotá,Approved,00,False,,,
TRX-N9YIVASC9R307ITRRJ8A,2026-05-27 20:32:49,2026-05-27,PRD-JWBJ8RVO63LS,CLI-NU6UHSWL9N9V,Payment,Food,1597.87,USD,,ATM,SUC-C28AFJAZ,,,México,Puebla,Approved,00,False,,0.6326847,0.1323178
TRX-VYFBLX1DQ5PEY03YKBTS,2026-05-27 22:46:01,2026-05-27,PRD-DGSZ4UASXLUM,CLI-7EC6UCDZMSKV,Withdrawal,,85301.53,ARS,243.72,ATM,SUC-IPX8M3BR,,,Argentina,La Plata,Approved,00,False,9.57,-33.7425196,-59.2582181
TRX-49UI9HWCRIAGXACOOPXA,2026-05-27 11:50:40,2026-05-27,PRD-20Z66LR24MQF,CLI-6ECRE0LHYV8J,Adjustment,,172984.9,ARS,494.24,ATM,,,,Argentina,Córdoba,Approved,00,False,14.0,-34.74544,-57.4019171
TRX-K70L1H0XHIROSKGN274Y,2026-05-27 16:45:13,2026-05-27,PRD-SCSE8S8T3T39,CLI-FM0OKBH4HP3F,Payment,Services,1364.35,USD,,Branch,SUC-PFXHRCSW,,,Colombia,Medellín,Approved,00,False,,,
TRX-TYXP7YOS3RMM68UOQ2V3,2026-05-27 06:56:22,2026-05-27,PRD-AXM6ANUPJ49X,CLI-AMINYE2OU47F,Deposit,,4113.11,USD,,POS,,,,México,Querétaro,Approved,00,False,14.24,0.8403017,0.4392257
TRX-87R2Z1YESQQKOR39B15D,2026-05-27 21:27:12,2026-05-27,PRD-6QHK8AUVS0ZP,CLI-OHUIUZSCARBP,Purchase,Transport,25.4,USD,,ATM,SUC-4CNRVPYL,Gasolinera Express,Transport,México,Puebla,Approved,,False,9.97,,
TRX-0ML6IMG2HKEIMKQJH7K6,2026-05-27 15:24:20,2026-05-27,PRD-NH4243I9A0VP,CLI-K9MF5E89MAER,Withdrawal,,365.11,USD,,POS,,,,México,,Approved,00,False,26.5,,
TRX-DTOXRXLT8M6HR4WPR1RX,2026-05-28 00:15:20,2026-05-27,PRD-7OTOPGP3Z379,CLI-BC9U8UBTYVWN,Payment,Entertainment,1873.44,USD,,ATM,SUC-9L4T3P44,,,México,Tijuana,Approved,00,False,9.57,-0.2109884,-0.4435635
TRX-IM79KIRJQ6BW7YMIU6CG,2026-05-27 17:19:15,2026-05-27,PRD-ZUUT50YO9WHR,CLI-XYJME6AEKRU8,Payment,Services,4662543.51,COP,1165.64,POS,,,,Colombia,Barranquilla,Approved,00,False,15.16,,
TRX-0PXBSIGKEN7JB0UVWO1U,2026-05-27 14:46:04,2026-05-27,PRD-A7ZSKL7LUHMA,CLI-4WTC1HA1VY65,Transfer,,1502921.28,ARS,4294.06,POS,,,,Argentina,Buenos Aires,Approved,00,False,,,
TRX-1YAIZCPZ2MNVQ6H90J32,2026-05-27 14:51:01,2026-05-27,PRD-97Z46LBDBCUN,CLI-EKRZEHBM6C19,Adjustment,,533177.49,COP,133.29,ATM,SUC-ZCLZ4UQA,,,Colombia,Medellín,Approved,00,False,3.01,,
TRX-33KQE4STDWZEA6H2FNCQ,2026-05-27 11:04:23,2026-05-27,PRD-FWDKE34GBIUN,CLI-Z2WTFIC5LETO,Withdrawal,,200.29,USD,,POS,,,,México,Ciudad de México,Approved,00,False,29.4,,
TRX-CU7JNUWKZHENHZMQ4MAZ,2026-05-28 03:25:15,2026-05-27,PRD-UM9DFT6RY5U0,CLI-VDQYPJ0IFVGS,Deposit,,4606.18,USD,,POS,,,,México,Ciudad de México,Approved,00,False,22.66,,
TRX-1ZZOUC3NPKOVV9GJLHM8,2026-05-27 09:25:45,2026-05-27,PRD-XT33AZENVWXP,CLI-162ZUI2JNT2K,Withdrawal,,368.9,USD,,Web,,,,México,Puebla,Approved,00,False,,,
TRX-Y5YM74E08QRRGDCZ257R,2026-05-27 08:35:27,2026-05-27,PRD-RLIQYUNF9L4K,CLI-4NZZJ4SF2FOH,Withdrawal,,259.8,USD,,Web,,,,México,Tijuana,Approved,00,False,,,
TRX-QA7QY7Y7CPORZAE04HH3,2026-05-27 07:17:45,2026-05-27,PRD-I9JZYU264ODM,CLI-U10OIV2VKVCS,Purchase,,270.04,USD,,ATM,SUC-4XKHST63,Ferretería,Other,México,Ciudad de México,Pending,51,False,,,
TRX-QN2H5PIIMAYR8SBLWFOP,2026-05-27 12:02:18,2026-05-27,PRD-XM1CWTSP6CSZ,CLI-VYSEA528LKNS,Withdrawal,,358.31,USD,,ATM,SUC-KNGCTTUB,,,México,Monterrey,Declined,54,False,11.63,,
TRX-6HFF3O49XFECN2S91287,2026-05-27 08:28:12,2026-05-27,PRD-PI2S1XBLRD9G,CLI-DCWXR98R6MZJ,Purchase,Services,731745.24,COP,182.94,POS,,Servicios Públicos,,Colombia,Bogotá,Approved,,False,28.52,4.9082855,-74.2342609
TRX-MJ97KGGFWTC8XD62YI36,2026-05-27 18:23:32,2026-05-27,PRD-OGFQGB5OF5Y7,CLI-2YXNQEHV5WGY,Purchase,Entertainment,666754.72,COP,166.69,POS,,Cine Premium,Entertainment,Argentina,Rosario,Approved,00,False,11.32,5.1082811,-74.4284665
TRX-K4WRUVUDZWC0VJQK464N,2026-05-27 14:30:19,2026-05-27,PRD-100D4B1GTAW7,CLI-4IOEPL1HYZ6H,Withdrawal,,339.39,USD,,ATM,SUC-RDJC9IH3,,,México,Puebla,Approved,00,False,,,
TRX-PRLK24EUZC5RXYE5372O,2026-05-28 01:37:36,2026-05-27,PRD-R85YCMMTK50H,CLI-TWHXPAM60H31,Transfer,,3947.65,USD,,POS,,,,México,Ciudad de México,Approved,00,False,7.85,-0.5836489,-0.1569591
TRX-1HM9TR4M83AF3TUN9DPI,2026-05-27 06:39:23,2026-05-27,PRD-YE70Q9MO6XFU,CLI-U4280KSDQXJ1,Withdrawal,,946063.03,COP,236.52,POS,,,,Colombia,Bogotá,Approved,00,False,24.09,4.5018857,-73.6571277
TRX-4MM67HCO32AOJFHPNW2H,2026-05-27 17:25:24,2026-05-27,PRD-LR0IJGTWIQSO,CLI-MFRF8YAQ72OH,Deposit,,4264.3,USD,,App,,,,México,Guadalajara,Approved,00,False,0.5,,
TRX-KOJKJ2X00PBW82S016CQ,2026-05-28 01:02:42,2026-05-27,PRD-2UOGC1Y3UOP6,CLI-T9Y88J1ICHWK,Withdrawal,,276.45,USD,,POS,,,,México,Monterrey,Approved,00,False,10.36,,
TRX-LSI4B5TXF0GR0LWQ0M0C,2026-05-28 01:36:46,2026-05-27,PRD-H9BHIJF4BT9C,CLI-FDDU44166QBG,Purchase,Transport,66170.59,COP,16.54,App,,Estación de Servicio,Transport,Colombia,Barranquilla,Approved,00,False,20.98,,
TRX-7T4YG36QJVWK2J229NQE,2026-05-28 05:30:24,2026-05-27,PRD-G1ZB7E6TMZUR,CLI-PKTK88FRYHTW,Purchase,Entertainment,542336.26,COP,135.58,Branch,SUC-KJBGVLU5,Cine Premium,Entertainment,Colombia,Cartagena,Approved,00,False,,,
TRX-O5YNIEX1NVFBVYZXTA7G,2026-05-27 21:29:11,2026-05-27,PRD-2O1HN4DMWBP4,CLI-3TMKXG9DJ9IK,Payment,Health,1132.38,USD,,ATM,SUC-WSUW783S,,,México,Ciudad de México,Reversed,54,False,,0.8478887,0.23445
TRX-6ZBT6B67WTMR2XZYAH4G,2026-05-27 06:03:34,2026-05-27,PRD-HQMNBLY2WBU9,CLI-F8KFG598YSNY,Adjustment,,468.47,USD,,Branch,SUC-QVGF07AP,,,México,Tijuana,Approved,00,False,19.22,-0.1298669,-0.9528982
TRX-TVWR8U11SZW2M9MFI3FQ,2026-05-28 03:34:48,2026-05-27,PRD-X66TIVZKC1L7,CLI-WHWNNDOJRMNN,Deposit,,4439.95,USD,,ATM,SUC-JD6LDRA8,,,México,Tijuana,Approved,00,False,21.07,0.3074203,-0.8141508
TRX-L3AFD8WQXW2CRXBQ2ESO,2026-05-27 06:46:14,2026-05-27,PRD-NAPW4MPS7231,CLI-7GZXXYMBRCU6,Adjustment,,1749683.35,COP,437.42,ATM,SUC-AXEH5GB0,,,Colombia,Bogotá,Approved,00,False,27.41,,
TRX-DCE41MNUOY4AK06R0N0O,2026-05-28 05:06:37,2026-05-27,PRD-TZHHEIRMQDIZ,CLI-5EW3KJ3QM63K,Withdrawal,,428.4,USD,,App,,,,México,Monterrey,Approved,00,False,23.62,,
TRX-EWI06S0RNLFTRYTU24R7,2026-05-27 13:42:13,2026-05-27,PRD-N07UGJJEF9DL,CLI-86P78YIXBRGP,Transfer,,4873.85,USD,,POS,,,,México,Puebla,Approved,00,False,,,
TRX-AT00AJYA2BYBBQX6QQI5,2026-05-27 21:57:30,2026-05-27,PRD-X4IK2O7A0VI1,CLI-0EF3ZM5G1E89,Payment,Entertainment,1663.24,USD,,Branch,SUC-Z39EOE70,,,México,Querétaro,Approved,00,False,11.36,-0.6694572,0.0198806
TRX-R4OQC5WCGZE1674UKTEI,2026-05-27 08:32:22,2026-05-27,PRD-382LIM1354LF,CLI-0R6YBGJAXCW8,Payment,Food,1022.35,USD,,ATM,SUC-ZAMLQY77,,,México,Puebla,Approved,00,False,21.19,,
TRX-D7UII4MRVBN9NDLBJUHN,2026-05-27 15:40:12,2026-05-27,PRD-E19THB4JGZXN,CLI-W9CQJEI9NG0A,Transfer,,13774746.07,COP,,ATM,SUC-0KBWS25U,,,Colombia,Cali,Reversed,05,False,,,
TRX-CD5CBBFM6ZV5I9ZU2M9R,2026-05-27 19:01:44,2026-05-27,PRD-BVD07C6L2FQ9,CLI-8YISC5RBZM62,Deposit,,12250421.63,COP,3062.61,App,,,,Colombia,Cali,Approved,00,False,26.85,,
TRX-PO5C348HY2X6QV76936Q,2026-05-28 01:42:05,2026-05-27,PRD-040J2EWYDQH2,CLI-CCIG15R77TXY,Withdrawal,,60661.66,ARS,173.32,App,,,,Colombia,,Approved,00,False,26.35,,
TRX-4G5BQ2AYR103CDJS7TPI,2026-05-27 12:48:21,2026-05-27,PRD-IVIMLGAX8KES,CLI-T73JL1S9YEY7,Deposit,,1198.41,USD,,Branch,SUC-F1BZEJXJ,,,México,Ciudad de México,Approved,00,False,23.34,0.0108489,-0.2532543
TRX-83NBBPY1YASST45NICFQ,2026-05-27 18:15:00,2026-05-27,PRD-FQ952J4D63JH,CLI-N2LRC3O4PZ9J,Transfer,,2602.85,USD,,App,,,,México,,Approved,00,False,9.76,,
TRX-SIIDEF1FTE41FYGBDMI9,2026-05-27 14:13:06,2026-05-27,PRD-3LDCPKAS6VWM,CLI-SA9XKQWJ5LDI,Payment,Health,1703795.14,COP,425.95,POS,,,,Colombia,Cali,Approved,00,False,,,
TRX-TFQ2IVWI0E7TDK30CYLS,2026-05-28 00:53:40,2026-05-27,PRD-PXVR1HYAHMO6,CLI-F3SX463657IC,Payment,Transport,1571.91,USD,,App,,,,México,Puebla,Approved,00,False,,,
TRX-DB5JTJL8CJAIKS52RMP5,2026-05-27 20:39:48,2026-05-27,PRD-4V37DJ3AHKRN,CLI-HX5DFJCV9763,Payment,Services,1551.84,USD,,ATM,SUC-4AVH1MSP,,,México,Tijuana,Approved,00,False,9.63,,
TRX-LV8ASYCYMBRIREOBRLM0,2026-05-27 14:34:41,2026-05-27,PRD-IT5Q0A2MOFB7,CLI-DOFDEI15UKFB,Withdrawal,,487.85,USD,,App,,,,México,Monterrey,Approved,00,False,21.63,,
TRX-N3X3XRMONBUYG2XT0JDW,2026-05-27 18:11:06,2026-05-27,PRD-64SSBOYT8FO1,CLI-A6DUXJJ7JQHF,Transfer,,24628501.28,COP,6157.13,ATM,SUC-U5SARN4H,,,Colombia,Medellín,Approved,00,False,,,
TRX-CJBWYYMLW7U3I2XJ1M6W,2026-05-27 22:58:25,2026-05-27,PRD-YYUS8QNO2R93,CLI-MJDR5XNSBXUI,Payment,Food,490943.52,ARS,1402.7,POS,,,,Argentina,Buenos Aires,Approved,00,False,15.44,,
TRX-MI3P7ZGT6F02PN4GHFU4,2026-05-27 18:21:54,2026-05-27,PRD-5XXQZ1LOHJFS,CLI-0ON37SAC7D4A,Transfer,,14950079.82,COP,3737.52,POS,,,,Colombia,Cali,Approved,00,False,8.28,,
TRX-ONIS847LS9BU6T6E9VWJ,2026-05-27 21:34:59,2026-05-27,PRD-YSQ1E3YK4WSP,CLI-16G0BQKRKN52,Deposit,,17472792.34,COP,4368.2,ATM,SUC-MSYTX2WG,,,Colombia,Barranquilla,Approved,,False,14.69,,
TRX-CI63S3OWQJQH7E6S4HX1,2026-05-27 22:53:56,2026-05-27,PRD-AAKU38JL48BT,CLI-PIIKRJ64EFY4,Withdrawal,,93.51,USD,,POS,,,,México,Tijuana,Approved,00,False,,0.9470396,-0.4154959
TRX-W8511LX7PKCF9PJSW2UT,2026-05-28 03:01:55,2026-05-27,PRD-JUXM02LMCR4J,CLI-X0TJ6J9LEUT7,Deposit,,1117.49,USD,,ATM,SUC-BSMTX3U8,,,México,Ciudad de México,Approved,00,False,5.03,,
TRX-5FO42N9T4261XKQDPMM3,2026-05-27 18:23:54,2026-05-27,PRD-8R4O6Q4UMP9M,CLI-XBZ5TAGAKI58,Withdrawal,,113.04,USD,,Web,,,,México,Tijuana,Approved,00,False,17.17,,
TRX-WVMN049BK47G838H335T,2026-05-28 05:42:37,2026-05-27,PRD-WHRT5CQELV60,CLI-FX6JLWJK8MAO,Payment,Food,509.41,USD,,POS,,,,México,Querétaro,Approved,00,False,26.06,,
TRX-RB3OL1MG3V8SA8ERG3AA,2026-05-27 23:25:25,2026-05-27,PRD-7G1GK01DP0X5,CLI-BK8YVC54NWE0,Transfer,,5377.99,USD,,ATM,SUC-12NKB9OB,,,México,Guadalajara,Declined,51,False,24.46,,
TRX-JDTW3QIP494CI1KYLB3Q,2026-05-27 21:29:10,2026-05-27,PRD-IM8RKD6J2A54,CLI-AFIINNUVUXYZ,Purchase,Services,85286.18,ARS,243.67,App,,Servicios Públicos,Services,Argentina,Córdoba,Approved,00,False,12.56,,
TRX-FA66Q2ZMQYTKF7W21H1E,2026-05-27 17:38:54,2026-05-27,PRD-1HOD0MHM0DKK,CLI-29Q05O8CKGR9,Purchase,Entertainment,421645.69,COP,105.41,POS,,Cine Premium,Entertainment,Colombia,Barranquilla,Approved,00,False,17.01,5.0927544,-73.3276016
TRX-YQ295NTOCZ9J5Z0DA8RC,2026-05-27 12:14:04,2026-05-27,PRD-4L72OVAUWBOM,CLI-7KARZ0XJ7P7A,Withdrawal,,1091420.92,COP,272.86,ATM,SUC-P44GDIDS,,,Colombia,Medellín,Approved,00,False,,,
TRX-W0QUWA04TIQ8M88O5PRD,2026-05-28 00:17:35,2026-05-27,PRD-C8DNNXTZ1KOB,CLI-7Z9Z4SPHA3Z8,Purchase,Entertainment,430.27,USD,,POS,,Streaming Music,Entertainment,México,Ciudad de México,Approved,00,False,,,
TRX-7M300A0D0VHRTU5X8HHH,2026-05-27 10:48:52,2026-05-27,PRD-5QTDH4KWB1Q7,CLI-3K0GNLC6CHX0,Purchase,Other,389.48,USD,,Transfer,,Centro Comercial,Other,México,Tijuana,Approved,00,False,7.88,,
TRX-JNTIMLYBS920ZOB6OVHO,2026-05-28 02:18:12,2026-05-27,PRD-5I491OUNW9DW,CLI-CYD0B9QMVCBO,Payment,Health,32667.27,ARS,93.34,ATM,SUC-QZP6DNTL,,,Argentina,Rosario,Approved,00,False,19.57,,
TRX-LCGZOL8MHY4CQ7WZ15MA,2026-05-27 07:29:30,2026-05-27,PRD-CU9KCTKD24V6,CLI-U9O8SGZN893R,Deposit,,16363052.72,COP,4090.76,ATM,SUC-E1VTXGEU,,,Colombia,Cartagena,Declined,54,False,15.83,5.5653274,-73.1878
TRX-L2OPATD5XOR9TJS4X88K,2026-05-27 21:10:18,2026-05-27,PRD-X34D5LF9S86N,CLI-N62S5I3ARQ0L,Deposit,,1078056.85,ARS,3080.16,App,,,,Argentina,Córdoba,Declined,51,False,8.15,,
TRX-LVLTV166J2B26LTGRICW,2026-05-27 19:33:33,2026-05-27,PRD-SQCSQLEXNKU9,CLI-X3YT1H5PMNYE,Purchase,Transport,562713.96,COP,140.68,POS,,Taxi Seguro,Transport,Colombia,Medellín,Approved,00,False,22.78,4.2451805,-74.4752845
TRX-PD2R66IL9NNW1NWGNDDI,2026-05-27 08:01:14,2026-05-27,PRD-91NCNCTQ3MUL,CLI-96ZZUK4KLTJX,Payment,Entertainment,1935.49,USD,,App,,,,México,,Approved,00,False,,,
TRX-6SWL7OC2Q81MN9FVLP4H,2026-05-28 01:38:34,2026-05-27,PRD-2947XCKR7HPY,CLI-UU7UEIR7HFZR,Deposit,,3844.28,USD,,ATM,SUC-R1MU0X5G,,,México,Guadalajara,Approved,00,False,,-0.0686958,0.5795131
TRX-KPKN5ZH0WD5L4ALXKKXZ,2026-05-27 06:41:02,2026-05-27,PRD-7O7U5IG5BPDY,CLI-SKV5WIWKZ0IS,Deposit,,18440054.87,COP,4610.01,POS,,,,Colombia,Cali,Approved,00,False,25.35,,
TRX-N67XABFS1UPVZAKFSK5I,2026-05-28 01:07:35,2026-05-27,PRD-YKN8S4R9NTZY,CLI-3IHEPCJBGFDE,Withdrawal,,105439.63,ARS,301.26,POS,,,,Argentina,,Approved,00,False,16.43,-33.8154023,-58.1156716
TRX-WYW44LVH0CBDKG4MI8UU,2026-05-27 18:39:36,2026-05-27,PRD-A4BUEV8W25QW,CLI-S19O60GOIMSF,Deposit,,2888.97,USD,,ATM,SUC-COPO2MJ8,,,México,Monterrey,Approved,00,False,9.28,-0.2392165,-0.2269318
TRX-U2SDCX97MCSV7BW6S7ME,2026-05-27 22:14:36,2026-05-27,PRD-XX4E7CN1WPV4,CLI-PY0HI9VE9Q0D,Deposit,,2317.9,USD,,Web,,,,México,Puebla,Approved,00,False,,,
TRX-IOHN0CPFLDRD6PKEXN50,2026-05-27 15:45:15,2026-05-27,PRD-2HKTWG3KXEXL,CLI-K26TQ5ZM20MP,Purchase,Food,136.41,USD,,Web,,Tienda Don José,Food,México,,Approved,00,False,2.61,,
TRX-LREY41AMFHKFHNGBDXV5,2026-05-27 21:08:39,2026-05-27,PRD-8GSVPI9BAS3R,CLI-W7Q3PDU1AK2Q,Payment,Food,317899.85,ARS,,App,,,,Argentina,Rosario,Reversed,05,False,19.19,,
TRX-WT5W7REJH93FGJSM25TI,2026-05-28 05:25:07,2026-05-27,PRD-YER1LG3Y8BK5,CLI-4SB4NS842J8K,Purchase,Entertainment,260.66,USD,,App,,Streaming Music,Entertainment,México,,Approved,00,False,6.87,,
TRX-Q7DM9UWRXFEL82U7ZKTT,2026-05-27 23:52:07,2026-05-27,PRD-2RXNLEMD32SH,CLI-KBM5D4BD6VTV,Deposit,,1009311.58,ARS,2883.75,POS,,,,Mexico,Puebla,Approved,00,False,4.48,,
TRX-8J5B82TXPPOOK3JWUARP,2026-05-28 00:35:18,2026-05-27,PRD-U6LWV0X14UVW,CLI-CHYTG5E972RF,Payment,Food,20800.72,ARS,59.43,ATM,SUC-HYTTI82L,,,Argentina,Mendoza,Approved,00,False,,,
TRX-IR113HQH2ARK0AMRE1A1,2026-05-27 20:16:47,2026-05-27,PRD-S1YS3JVC24LK,CLI-39LPF7DBPPUY,Deposit,,2213.62,USD,,ATM,SUC-KX44GJKB,,,México,Guadalajara,Approved,,False,,0.6229439,0.3660068
TRX-DKA3G45B529RLQ2H791N,2026-05-27 17:33:54,2026-05-27,PRD-P8M5P6ZNP2K2,CLI-WFTC9MRR17H9,Transfer,,6965.0,USD,,App,,,,Colombia,Medellín,Approved,00,False,19.82,,
TRX-EWXCM7V5SPTA5WOKLG81,2026-05-27 19:18:58,2026-05-27,PRD-XNSV0W28RT3W,CLI-DDTKG40HE3CM,Purchase,Other,93207.39,ARS,266.31,POS,,Boutique Moda,Other,Argentina,Rosario,Approved,00,False,12.0,,
TRX-DH9JMU5ICRJ5XOXNWVOQ,2026-05-27 10:59:10,2026-05-27,PRD-CZBL6OKVQRQW,CLI-LPDKSJDSDFBM,Withdrawal,,499.93,USD,,POS,,,,México,Ciudad de México,Approved,00,False,11.84,,
TRX-UZPVSCW5CNAZCM1WLOVF,2026-05-27 16:44:28,2026-05-27,PRD-8U70JLSYYSOX,CLI-WLVGLQHVTAQT,Payment,Other,1162536.15,COP,290.63,Branch,SUC-CFNA2V8Y,,,Colombia,Cali,Approved,00,False,8.85,,
TRX-WIEBF2Y6WOPRUKMBAV5V,2026-05-27 18:40:03,2026-05-27,PRD-NUYQFOGVFK3Q,CLI-I4TKB8TDEU2P,Deposit,,2919593.39,COP,729.9,ATM,SUC-O4G07J7I,,,Colombia,Cali,Approved,00,False,,3.9439123,-74.4156409
TRX-8RP24KZ96UF6ZQ3IYCD3,2026-05-27 16:02:04,2026-05-27,PRD-3SHOX1YYJTKN,CLI-JJ0ANA9EEYV6,Payment,Services,173.62,USD,,App,,,,México,Puebla,Approved,00,False,0.93,,
TRX-E8GPEF8B9S3YPESVDIX7,2026-05-27 20:12:17,2026-05-27,PRD-4M2ZC4NGX09U,CLI-2NC33VXKFSBX,Deposit,,4179.19,USD,,ATM,SUC-I3D08YZO,,,México,Monterrey,Approved,00,False,12.28,,
TRX-FEQ78SQZFZ8IXLTYCL9W,2026-05-27 10:30:45,2026-05-27,PRD-UYLVVK1BKFQF,CLI-11LM9Q32F3DW,Purchase,Other,411.83,USD,,POS,,Tienda General,Other,México,Puebla,Approved,00,False,8.11,-0.5781488,-0.829426
TRX-E1OBYM1E9976EM59FX4X,2026-05-28 00:43:52,2026-05-27,PRD-1W655BYC2AZ4,CLI-SR5692XDDL7Z,Withdrawal,,106075.86,ARS,303.07,App,,,,Argentina,Buenos Aires,Reversed,54,False,2.78,,
TRX-2N7DXP8V9VVQHGKCOXSU,2026-05-27 06:05:22,2026-05-27,PRD-IPY92QBY1PH2,CLI-A3STVA4TJEOF,Transfer,,37362994.01,COP,9340.75,Branch,SUC-HAC1OZ8F,,,Argentina,Rosario,Approved,00,False,8.44,4.9356577,-74.1900243
TRX-R10W51MVXWUMH6ROTRRL,2026-05-27 15:23:31,2026-05-27,PRD-UK82OZNW730Y,CLI-XPL0OURQZ00X,Deposit,,2187256.94,COP,546.81,ATM,SUC-22RCTEVV,,,Colombia,Barranquilla,Approved,00,False,17.25,,
TRX-QHIWSOARX3Z5240XGE6U,2026-05-27 06:26:16,2026-05-27,PRD-9UFLVT7MCS31,CLI-HKW9W7WPNVBN,Deposit,,6855489.57,COP,1713.87,POS,,,,Colombia,Bogotá,Approved,00,False,25.3,,
TRX-FJFZ96IKBZEZQ1E8Y7OR,2026-05-27 23:05:11,2026-05-27,PRD-V070O4Y6EHJ9,CLI-1VP5JWR2PTME,Purchase,Entertainment,295.72,USD,,Branch,SUC-QO0HYSRK,Cine Premium,Entertainment,México,Puebla,Approved,00,False,8.89,,
TRX-2YVG3DV6DKH1H7ZEL09P,2026-05-27 06:56:50,2026-05-27,PRD-KUEKREBPOSS3,CLI-L1F0DULP49J9,Withdrawal,,1087551.23,COP,271.89,Web,,,,Colombia,Medellín,Approved,00,False,12.85,,
TRX-I98XKRP8LR7NSYSZPWLK,2026-05-27 16:04:46,2026-05-27,PRD-8GL4T42TPJMJ,CLI-1JLGI6UFKTGU,Deposit,,19829783.88,COP,4957.45,Web,,,,Colombia,Cartagena,Approved,00,False,,,
TRX-SCTEL9608G6D06CTRC85,2026-05-27 15:15:03,2026-05-27,PRD-6MGCU6VC1THA,CLI-ORQFVLRP6TI0,Withdrawal,,91171.74,ARS,260.49,ATM,SUC-EHE8V9YO,,,Argentina,La Plata,Approved,00,False,,-35.5262158,-57.7447809
TRX-3AHQNTH34SPO873EGHPD,2026-05-27 14:56:28,2026-05-27,PRD-OZBREWK4IAER,CLI-AW0K92LY0I3Q,Withdrawal,,1163201.4,COP,290.8,POS,,,,Colombia,Cartagena,Approved,00,False,13.78,4.2908491,-73.2969253
TRX-5BE2O6H4W33SGIK90ZJC,2026-05-27 18:44:02,2026-05-27,PRD-8A1U4VPDZZSS,CLI-6C1XICVBHK28,Adjustment,,3402929.17,COP,850.73,POS,,,,Colombia,Bogotá,Declined,05,False,19.02,4.2159402,-74.3337849
TRX-GKK3K4PLCTT9JCKJA1DT,2026-05-28 04:38:40,2026-05-27,PRD-G90WZRCIFZ8J,CLI-E3CLSB4K2VHA,Withdrawal,,427.24,USD,,POS,,,,México,Querétaro,Approved,00,False,,-0.1334533,0.4213308
TRX-SGN6ZIHNOXSF8L0G4KQQ,2026-05-27 16:45:58,2026-05-27,PRD-X0KTRLKIMMAB,CLI-QN9Z7VO6G2BE,Purchase,Services,389436.5,COP,97.36,POS,,Internet Plus,Services,Colombia,Cartagena,Approved,,False,14.89,3.821911,-73.5713944
TRX-J6IHYDES9CP9FA8ICWQG,2026-05-27 06:05:16,2026-05-27,PRD-O0HWM3AYTI3T,CLI-ZLMEQZPH1EI5,Purchase,Health,364.64,USD,,POS,,Farmacia Salud,Health,México,Tijuana,Approved,00,False,17.29,,
TRX-JD45IPDPQM9FXGDDPJ0F,2026-05-27 22:44:35,2026-05-27,PRD-1V08LLB91ORI,CLI-4IJGURWDXWLL,Purchase,Transport,1427056.52,COP,356.76,ATM,SUC-XV4BJ541,Taxi Seguro,Transport,Colombia,Cali,Approved,00,False,6.53,,
TRX-BLM6EWVVPHYGTTMYF0J3,2026-05-27 10:47:09,2026-05-27,PRD-9YGTRXUMOWEQ,CLI-1T8DTXDGQJ9S,Payment,Food,1209.27,USD,,ATM,SUC-POHHKXPA,,,México,Monterrey,Approved,,False,25.43,,
TRX-A6CFFXIQ48KWXM7OUOVN,2026-05-27 19:38:25,2026-05-27,PRD-V0WNSOSE87LN,CLI-JTWR2COLT94L,Withdrawal,,457.64,USD,,ATM,SUC-SDXPHMG4,,,México,Tijuana,Approved,00,False,29.69,,
TRX-C4DQ8VMSS6C1IADUZDE7,2026-05-27 17:53:04,2026-05-27,PRD-QIHX2EC7GTN2,CLI-P127ME5X31WA,Payment,Food,896.57,USD,,App,,,,México,Tijuana,Approved,00,False,14.16,,
TRX-LBNF17MPBHEQGKYJ9FSW,2026-05-27 19:33:51,2026-05-27,PRD-62ISTZ27VK3G,CLI-UX6CLQSRVSR5,Transfer,,2530607.61,ARS,7230.31,ATM,SUC-571XLYQB,,,Argentina,La Plata,Approved,00,False,8.31,,
TRX-2H42E6G3LB8W5KGRMSVM,2026-05-27 21:12:29,2026-05-27,PRD-YJLMY74L858I,CLI-WECNJ9Z78PLG,Payment,Food,1258.46,USD,,POS,,,,México,Guadalajara,Approved,00,False,22.06,0.2026586,0.2314591
TRX-3R26QSOT86X5TAPEL388,2026-05-28 05:38:03,2026-05-27,PRD-5HG30E906CPU,CLI-5UK4WORYNWTA,Purchase,Food,1220374.08,COP,305.09,POS,,Restaurante El Buen Sabor,Food,Colombia,,Approved,00,False,0.18,,
TRX-1B2UI90WE7S9Z1IEOTTZ,2026-05-27 17:06:29,2026-05-27,PRD-ASNMPD3LZFRL,CLI-HH58ZYYJX2KH,Purchase,Services,15456.48,ARS,44.16,POS,,Internet Plus,Services,Argentina,Rosario,Approved,00,False,18.63,,
TRX-5WUJI8H51OG6MK483FTL,2026-05-27 21:00:11,2026-05-27,PRD-RJQWSRA7RBIU,CLI-6IL7YRHLT4ST,Withdrawal,,620428.6,COP,155.11,POS,,,,Mexico,Puebla,Approved,00,False,,,
TRX-1YKR4MGR5BCGPGBKEUAL,2026-05-27 23:22:45,2026-05-27,PRD-HT0428ZQQP0J,CLI-T7E2X8ZT19TQ,Purchase,Services,132357.79,ARS,378.17,POS,,Servicios Públicos,Services,Argentina,Córdoba,Approved,00,False,2.73,,
TRX-Z7UAV0CSINBFWV7I43N6,2026-05-27 19:42:47,2026-05-27,PRD-BWCHOU9N1KJL,CLI-QFGI33FBYAHV,Withdrawal,,118557.09,ARS,338.73,POS,,,,Argentina,La Plata,Approved,00,False,,,
TRX-0N0ABHONKJHV11CAWAUI,2026-05-27 21:33:45,2026-05-27,PRD-T4TNQA42GF7X,CLI-RSP2UZ9JZF41,Withdrawal,,1346652.19,COP,336.66,ATM,SUC-JZCA1ZND,,,Colombia,Barranquilla,Approved,00,False,11.25,,
TRX-WMS1KFIEA7F3MLSBGK6Y,2026-05-27 23:19:32,2026-05-27,PRD-O5OAVBU3UN5A,CLI-BQOLEU5MYCVH,Withdrawal,,208.73,USD,,App,,,,México,Monterrey,Approved,00,False,28.66,,
TRX-GZ5A9FDAWSWOA38YI00Q,2026-05-27 08:46:01,2026-05-27,PRD-2UUBIUQAI4KB,CLI-RGUB8CRBI2W2,Payment,Health,857.01,USD,,POS,,,,México,Ciudad de México,Approved,00,False,20.32,-0.2874266,0.1346942
TRX-HOXXSGJWM368QGPEZHHZ,2026-05-27 11:07:05,2026-05-27,PRD-XWZ2LS2X5PK3,CLI-5C3GITNOSD4D,Deposit,,17252856.11,COP,4313.21,Branch,SUC-XPLAOSH4,,,Colombia,Cali,Declined,51,False,,,
TRX-AU15F5TYMRAAC0IZBMYG,2026-05-27 11:45:28,2026-05-27,PRD-OVRIDCA4V9TS,CLI-LP2BQNTMC2F5,Purchase,Other,139850.6,ARS,399.57,ATM,SUC-6M2HY1ZX,Centro Comercial,,Argentina,La Plata,Approved,00,True,89.05,,
TRX-XK4IW92OX6WP3SHE5X93,2026-05-27 13:30:47,2026-05-27,PRD-KQVCRMFYIPDK,CLI-KMUPYJ1TAV9D,Transfer,,2865475.68,ARS,8187.07,POS,,,,Argentina,Buenos Aires,Approved,00,False,0.17,,
TRX-D69YURCCLQZYTNKE6D9Q,2026-05-28 01:40:05,2026-05-27,PRD-MYMOX301F1E1,CLI-UOSUT7SSBCS0,Purchase,Food,319.85,USD,,Web,,Tienda Don José,Food,México,Ciudad de México,Approved,00,False,25.31,,
TRX-4ZVCWF6DUJXZIGGYDH1Y,2026-05-27 14:23:11,2026-05-27,PRD-44Q1SKYOM3IC,CLI-T6R7D3XE2VUY,Payment,Entertainment,4378516.25,COP,1094.63,POS,,,,Colombia,Bogotá,Approved,00,False,,,
TRX-PUPOYED2DD2H8DA1VH1O,2026-05-27 19:08:19,2026-05-27,PRD-IUXBN0O0BUWK,CLI-6H1EWMWT7ZMF,Payment,Entertainment,63601.68,ARS,181.72,ATM,SUC-HYTTI82L,,,USA,Houston,Approved,00,False,12.08,,
TRX-6LDO5M14NSVB1ZTBH6G4,2026-05-27 09:07:45,2026-05-27,PRD-5CEA5SA3R74X,CLI-6LXBY28Z8IF6,Payment,Food,1631.12,USD,,POS,,,,México,Puebla,Approved,00,False,24.55,,
TRX-HXLCOK2MTNR67P4WD3NH,2026-05-27 12:24:13,2026-05-27,PRD-OBG6X9VEJBQY,CLI-ZGZVYV684M3O,Deposit,,3941.92,USD,,POS,,,,México,Tijuana,Approved,00,False,24.35,0.2846537,-0.951711
TRX-WM13CS3OC5IT4ANVNE00,2026-05-28 03:01:04,2026-05-27,PRD-0240MVFWKC8I,CLI-I4TKB8TDEU2P,Payment,Transport,861477.58,COP,215.37,Web,,,,Colombia,Cali,Approved,00,False,10.84,,
TRX-R8FUPLXDDF0CLG7OJCTO,2026-05-27 22:25:06,2026-05-27,PRD-F5QLM9L22OS7,CLI-FD4GQEEX2EFA,Purchase,Entertainment,464.49,USD,,POS,,Teatro Nacional,Entertainment,México,Tijuana,Approved,00,False,4.11,,
TRX-2DCP58ZIKCMKOC0BQTLH,2026-05-27 15:05:22,2026-05-27,PRD-RS77B2F5LGU8,CLI-SBENPWLTAIBR,Transfer,,4475.07,USD,,App,,,,Colombia,,Approved,00,False,1.83,,
TRX-4O0A7NMIX8UDOESVR9RY,2026-05-28 02:40:24,2026-05-27,PRD-KUZODIIZ7UKA,CLI-V5LZPOZZ1T43,Deposit,,2371733.0,COP,592.93,Branch,SUC-84HXKY7Q,,,Colombia,Cartagena,Approved,00,False,,,
TRX-Q3ZH69QHLNMY544U2S3K,2026-05-27 19:22:14,2026-05-27,PRD-CJFWE34AINAD,CLI-AXSTTJGVVFRL,Withdrawal,,1639361.85,COP,409.84,POS,,,,Colombia,Bogotá,Approved,00,False,8.1,,
TRX-9O16QFD0K5ATBEB358HM,2026-05-27 06:08:32,2026-05-27,PRD-XBESJG0QSW9F,CLI-VELS9ZTZWD6D,Purchase,Transport,400.58,USD,,App,,Taxi Seguro,Transport,México,Puebla,Approved,00,False,7.28,,
TRX-WS5H9Z1AO6NTNP8RFE5W,2026-05-27 21:40:30,2026-05-27,PRD-5DBCYXS0XLQO,CLI-02WY09FPDKT8,Purchase,Other,470.67,USD,,App,,Boutique Moda,Other,México,Monterrey,Approved,00,False,6.22,,
TRX-9XADKVQQSYLN4M0HSKN0,2026-05-27 20:15:10,2026-05-27,PRD-0B04DS5RW1KR,CLI-SXB4YA4RDMPD,Purchase,,1874621.95,COP,468.66,Branch,SUC-2NNWC3AV,Tienda Don José,Food,Colombia,Barranquilla,Approved,00,False,5.18,,
TRX-9Y39K671K7IVDRQDUGHA,2026-05-27 13:03:16,2026-05-27,PRD-APBZRNQBZYI1,CLI-30U9WMEDS68O,Withdrawal,,469.68,USD,,App,,,,México,Monterrey,Declined,51,False,23.07,,
TRX-QLMV0QUDNRH9BPLTG63G,2026-05-27 11:16:26,2026-05-27,PRD-PJF3X7JGJP3J,CLI-KE9BJ7D4Q1GS,Payment,Other,899.81,USD,,Web,,,,México,Monterrey,Approved,00,False,,,
TRX-G0VUYGHVYN4FJTHB00WQ,2026-05-27 08:14:48,2026-05-27,PRD-D4QIJF328P6Z,CLI-UVFUH2MDWXA8,Transfer,,4129707.52,COP,1032.43,ATM,SUC-M96GKW7T,,,Colombia,Bogotá,Approved,00,False,20.89,,
TRX-SBBR32M94XPXQ095BS7Q,2026-05-27 12:44:56,2026-05-27,PRD-HEFOJB02922C,CLI-VLREZ70KG5V2,Withdrawal,,1521772.68,COP,380.44,POS,,,,Colombia,Barranquilla,Declined,54,False,23.59,,
TRX-BD6ZCU637JO4Q9T96IOC,2026-05-27 22:44:59,2026-05-27,PRD-LJQQPF9V23VT,CLI-0W1EMKGSDVFZ,Transfer,,49763.21,ARS,142.18,Web,,,,Argentina,Córdoba,Approved,00,False,27.28,,
TRX-40HKXKCYEQMWY9Y1JVT8,2026-05-27 18:32:45,2026-05-27,PRD-LYVYGJACBF9Y,CLI-N94MCCUQAFO7,Transfer,,16627090.63,COP,4156.77,POS,,,,Colombia,Medellín,Approved,00,False,,,
TRX-QQ5IQ88HRVK2TN7M7NZ3,2026-05-28 03:29:51,2026-05-27,PRD-YDU8XPZXWXH9,CLI-3W7PAYFAX46U,Transfer,,2974.48,USD,,POS,,,,México,Guadalajara,Approved,00,False,13.57,,
TRX-WSYUA9M9XA1MQJGZORFQ,2026-05-27 16:09:57,2026-05-27,PRD-L2ZFDTVH61T8,CLI-46VRQAOC91Y6,Deposit,,578704.93,ARS,1653.44,ATM,SUC-5S93Z8YS,,,Argentina,La Plata,Declined,54,False,0.04,-34.5754002,-57.5226335
TRX-DEGZMBDTZJW4LG6X5KP5,2026-05-28 05:43:50,2026-05-27,PRD-0FE2APZ3BC0X,CLI-9S40YA6NZO28,Purchase,Entertainment,496.04,USD,,POS,,Streaming Music,,México,Tijuana,Approved,00,False,27.9,0.700502,-0.8695293
TRX-871QWKPRGMW71X5PVAXW,2026-05-28 02:55:07,2026-05-27,PRD-QPPN3L7OZ9DM,CLI-EJYKKX8FDCLM,Payment,Transport,1923.99,USD,,POS,,,,México,Guadalajara,Approved,00,False,28.29,-0.9280846,0.1277694
TRX-HFYYH0446Y47HKNIVQZF,2026-05-28 04:06:58,2026-05-27,PRD-P7DHZY9CXCX3,CLI-5TIZCYO8QTYP,Transfer,,6687.96,USD,,ATM,SUC-1AT6YUKJ,,,México,Puebla,Approved,00,False,16.12,0.1427982,-0.1470177
TRX-52LIO7MI4SNU3A6HNYHB,2026-05-28 00:30:43,2026-05-27,PRD-5BKI7L3UQP04,CLI-Y009R89YBEU3,Transfer,,766629.23,ARS,2190.37,POS,,,,Argentina,Mendoza,Approved,00,False,18.19,-33.7879121,
TRX-ZP7QBL3025DCMAJZCJ3W,2026-05-27 17:20:51,2026-05-27,PRD-CSBD5U2B8D4K,CLI-T6WAEMCDAQHT,Transfer,,7090.05,USD,,POS,,,,México,Monterrey,Approved,00,False,27.33,,
TRX-I1LTD7JEZK2UM5BQMGDP,2026-05-27 19:23:52,2026-05-27,PRD-JZYYX6ER967Q,CLI-3NDZBWZTKICH,Purchase,Food,201.37,USD,,Web,,Mercado Central,Food,México,Guadalajara,Approved,,False,2.78,,
TRX-QG2U3DAQKV28SYLZYBUF,2026-05-27 08:22:11,2026-05-27,PRD-Z1R65J8IFEU6,CLI-CHN3DSTWKNPN,Purchase,Health,122.02,USD,,App,,Laboratorio Central,Health,México,Querétaro,Approved,00,False,23.9,,
TRX-W2RVK56HSW9NDRZ4L7N8,2026-05-28 03:54:40,2026-05-27,PRD-4HL0Q0U8S6RG,CLI-HIPXDYCLEL8K,Deposit,,2544.04,USD,,Web,,,,México,Querétaro,Approved,00,False,,,
TRX-XQ4UKMIL9Y2G0UTLFAV3,2026-05-27 11:25:33,2026-05-27,PRD-QJFXFKWSIHKS,CLI-8FS8IILABNC6,Payment,Food,1008.95,USD,,POS,,,,México,Guadalajara,Approved,00,False,16.78,,
TRX-W5FSJHKGTGIB1E963CPW,2026-05-27 19:51:59,2026-05-27,PRD-8KIW2HTODPQ0,CLI-A6QYUCOMB1ZG,Transfer,,7087.14,USD,,ATM,SUC-5R12FFLE,,,México,,Approved,00,False,6.34,,
TRX-A3PA2RZN3H2ZBBFLIOBG,2026-05-28 03:45:46,2026-05-27,PRD-DLSIO3AKH9EE,CLI-BOF6EUO8GMXX,Transfer,,10870211.67,COP,2717.55,POS,,,,Colombia,Medellín,Approved,00,False,5.67,,
TRX-O63K2EGXONTSHYP9S305,2026-05-28 01:55:15,2026-05-27,PRD-XFA3ADN6YCO1,CLI-ZW04RB3XB8XN,Withdrawal,,135178.76,ARS,386.23,POS,,,,Argentina,Mendoza,Declined,14,False,11.63,-33.7449327,-58.4204958
TRX-C7Q1LA5KVSZKCI4UOXHE,2026-05-28 01:19:11,2026-05-27,PRD-5V619QTYWIVK,CLI-NMGG1L3Z95V4,Payment,Health,769511.36,COP,192.38,Web,,,,Colombia,Cartagena,Approved,00,False,7.81,,
TRX-5HXJJLF34A3SD5RCEI71,2026-05-27 19:09:45,2026-05-27,PRD-TLZYYODX8GZF,CLI-4PZWNWHA52EK,Purchase,Other,11585.89,ARS,33.1,POS,,Ferretería,Other,Argentina,Buenos Aires,Approved,00,False,10.46,-34.7534477,-57.742556
TRX-Z5BB3GNZ8IESB079OIJY,2026-05-27 20:47:11,2026-05-27,PRD-NPFWEJBP63BJ,CLI-6L5W5U7E83WY,Purchase,Food,447718.03,COP,111.93,ATM,SUC-1C51KLB3,Super Ahorro,Food,Colombia,Cartagena,Approved,,False,17.98,,
TRX-BK5TFDCE5H7BHX17F5ZS,2026-05-27 06:22:53,2026-05-27,PRD-46KWOH0CDUPT,CLI-Z67C4XDEVHIY,Transfer,,4819.32,USD,,ATM,SUC-F61XHTE2,,,México,Tijuana,Approved,00,False,,,
TRX-SO9UO4NCA9VRVM4WWA4Y,2026-05-27 07:26:12,2026-05-27,PRD-DSBEMAQLP4LO,CLI-Z7IBH501BLK2,Transfer,,3323.18,USD,,ATM,SUC-NBZZWX8W,,,México,,Approved,00,False,2.85,-0.8380337,0.6769704
TRX-RBDRXVO36PLZO95K8BLQ,2026-05-28 03:08:06,2026-05-27,PRD-HLZHPXE3GW01,CLI-XOSWFKPJINUA,Transfer,,2304.77,USD,,Branch,SUC-N1ZUF3PF,,,Mexico,Guadalajara,Declined,51,False,24.52,0.9661733,-0.5853882
TRX-9H3GYCKDUFWWIYMO6IME,2026-05-27 07:50:33,2026-05-27,PRD-ATT5CDVYQYDJ,CLI-H9NGWZ59YGMF,Purchase,Services,798940.53,COP,199.74,Branch,SUC-JZCA1ZND,Cable TV,Services,Colombia,Barranquilla,Approved,00,False,23.23,5.4281999,-74.6984619
TRX-7FIQUU0FVC7AGDLQ38HW,2026-05-27 20:05:07,2026-05-27,PRD-DAFI7XLCQ67F,CLI-BX08PT55SNMJ,Payment,Entertainment,1544.65,USD,,POS,,,,México,Guadalajara,Approved,00,False,21.83,0.5210495,-0.9846494
TRX-HPEBIY0TJU2BG0LIL0NN,2026-05-27 12:07:05,2026-05-27,PRD-B7GPCLH4SV02,CLI-DDEFONIVUQMF,Withdrawal,,43243.66,ARS,123.55,POS,,,,Argentina,Rosario,Approved,00,False,,,
TRX-MUUXP612BRP1ZWJN0OOR,2026-05-27 18:45:42,2026-05-27,PRD-SN763Y53WNGG,CLI-HQGHY29CI3HC,Purchase,Food,254.34,USD,,Web,,Tienda Don José,Food,México,Monterrey,Pending,05,False,25.97,,
TRX-E1V46CSPSNS7IZU1XTLI,2026-05-27 20:23:39,2026-05-27,PRD-J8LUURB3LTGC,CLI-H2B8GMFXL7AD,Withdrawal,,76.67,USD,,POS,,,,México,Tijuana,Approved,00,False,8.65,,
TRX-MY0ZWWGI9LTKNDN1QKZ1,2026-05-27 21:18:15,2026-05-27,PRD-3A1EGUD73KS6,CLI-V7WA0SP4LJCB,Purchase,Transport,1124575.26,COP,281.14,POS,,Gasolinera Express,Transport,Colombia,,Approved,00,False,24.67,,
TRX-OKN8R0TKBC25KI7LAIDN,2026-05-27 12:37:06,2026-05-27,PRD-0JY5SZWABRX2,CLI-3YK9WH5BMI62,Purchase,Other,61884.83,ARS,176.81,POS,,,Other,Argentina,La Plata,Approved,00,False,11.7,,
TRX-YXKKGVJQ99ZSAJ6G7QJG,2026-05-27 18:53:09,2026-05-27,PRD-KLGVFCSXZ3I9,CLI-37XO370BJJ09,Payment,Entertainment,417.49,USD,,Web,,,,México,Monterrey,Approved,00,False,22.42,,
TRX-7VXIN4TYBMQZLXXFVT9D,2026-05-27 10:40:21,2026-05-27,PRD-I6XE1NF3UF90,CLI-DGU7EDCRRPOP,Withdrawal,,370.62,USD,,POS,,,,México,Guadalajara,Approved,00,False,26.91,-0.4282088,
TRX-M2O7EGNZH8SR6LV6B95Z,2026-05-28 01:04:59,2026-05-27,PRD-EX5CROBOTMRF,CLI-IKKU21TCRB2S,Withdrawal,,30445.01,ARS,86.99,ATM,SUC-5YFUX3Z6,,,Argentina,Córdoba,Pending,54,False,,,
TRX-6UD8O2SQ9LUSL3GJ4R4X,2026-05-27 18:05:09,2026-05-27,PRD-R728J8B43R19,CLI-3MJAWG9FJIED,Payment,Other,5361584.86,COP,1340.4,Web,,,,Colombia,Barranquilla,Approved,00,False,26.16,,
TRX-SMWZE2919NJCLV3IR9RU,2026-05-28 02:42:39,2026-05-27,PRD-L5HVFPBMVP71,CLI-MBP2FQCS1PCR,Payment,Entertainment,144.15,USD,,ATM,SUC-XT96PBC0,,,México,Guadalajara,Approved,00,False,26.7,,
TRX-RIN5SAYRXSFJ18PYMJNA,2026-05-28 04:36:26,2026-05-27,PRD-1VE2Z2C9IGU1,CLI-C6ECGAGKF25M,Purchase,Health,457.58,USD,,Web,,Óptica Visión,Health,México,,Approved,00,False,15.74,,
TRX-MN8DQS6GNMEAPTD6GSUI,2026-05-27 14:03:03,2026-05-27,PRD-P7QS08Y90YQQ,CLI-JK5A83YBP6CX,Adjustment,,764.44,USD,,POS,,,,México,Tijuana,Approved,00,False,29.3,,
TRX-FR15DNYIEOWV9ZF2RAHH,2026-05-28 03:37:00,2026-05-27,PRD-V455O8IW3R4Q,CLI-QHBGQ853AW7I,Withdrawal,,344.42,USD,,Web,,,,México,Monterrey,Approved,00,False,24.18,,
TRX-D1038G9KQPROHJGP02R8,2026-05-27 16:55:54,2026-05-27,PRD-YIMXI3QY1J4L,CLI-TKGPJ3YH6AIP,Payment,Transport,604.52,USD,,Branch,SUC-ECJP9AEQ,,,México,Puebla,Declined,14,False,,,
TRX-ZFGHRUMYGH0IYGL7L6U5,2026-05-27 14:11:55,2026-05-27,PRD-TEI3U5QHYITG,CLI-ZKEXD5LN9ZR1,Purchase,Food,1519031.92,COP,379.76,POS,,Mercado Central,Food,Colombia,Cali,Approved,00,False,0.71,,
TRX-8XENJ3WMGKCBVQXQSW36,2026-05-27 11:30:58,2026-05-27,PRD-CMHZOI891EJB,CLI-DKQ84YIGRS95,Withdrawal,,361.16,USD,,POS,,,,México,Guadalajara,Approved,00,False,,0.3030831,0.7583534
TRX-G77D6IOX8X3B0W6O3ZOE,2026-05-27 10:02:36,2026-05-27,PRD-J06TI66VOO25,CLI-S9TJ8ULR7GZT,Transfer,,1440879.82,ARS,4116.8,POS,,,,Argentina,Rosario,Approved,00,False,,,
TRX-KFFTVF1QSHHB6UIYQ83J,2026-05-27 06:07:59,2026-05-27,PRD-NK4BRMFPWQ4E,CLI-LCFENNEGM7MK,Withdrawal,,950036.06,COP,237.51,Web,,,,Colombia,Bogotá,Approved,00,False,28.18,,
TRX-JFX8D2O6XGKVOA54JLDD,2026-05-27 10:20:10,2026-05-27,PRD-TBLR0T8J0COV,CLI-TSSFM0JAIYL5,Deposit,,1173.98,USD,,ATM,SUC-6IDFK4L9,,,México,Guadalajara,Approved,00,False,,-0.7997873,
TRX-A94763BTZC7OKZ3Z8OYL,2026-05-28 04:08:03,2026-05-27,PRD-76YKDFEZ0XBZ,CLI-9XT9NUCP7IEX,Payment,,1236.66,USD,,POS,,,,México,Ciudad de México,Approved,00,False,,,
TRX-SRGEWCQQ1P7YMP3UF7RX,2026-05-28 00:22:38,2026-05-27,PRD-HR0IKFWIPF7P,CLI-LFN9QHYP1B8T,Withdrawal,,151584.09,ARS,433.1,ATM,SUC-MAWPQ7HZ,,,Argentina,Rosario,Approved,00,False,,,
TRX-LGRTJXZS6228B5S1B5DE,2026-05-28 02:54:39,2026-05-27,PRD-6S4TIE4VWLC1,CLI-AXUETYEI7F1P,Transfer,,658.37,USD,,Web,,,,México,,Approved,00,False,12.43,,
TRX-KEAWGM8J0OZ4A3FO7K6F,2026-05-27 06:27:21,2026-05-27,PRD-UYLWJDRNG7YZ,CLI-CVP99HDXYKH4,Purchase,Entertainment,7755.59,ARS,22.16,Web,,Cine Premium,Entertainment,Argentina,Córdoba,Approved,00,False,29.55,,
TRX-ZIRVH5M1LRXQ4OG45O6H,2026-05-27 19:57:37,2026-05-27,PRD-U91QQJ70EDVH,CLI-ZU5T7VQCAHR5,Withdrawal,,30146.83,ARS,86.13,ATM,SUC-UUF77WSC,,,Argentina,Córdoba,Approved,00,False,8.81,,
TRX-Y6O1OM7URDIWOKLIIVH5,2026-05-27 06:09:01,2026-05-27,PRD-CMIBLAMWOQ7T,CLI-ASMXUE0SAIP1,Transfer,,9144.74,USD,,POS,,,,México,Tijuana,Approved,00,False,6.27,0.4062624,-0.4376027
TRX-8IBEVDGMH8KUIA9YB6TE,2026-05-27 09:09:29,2026-05-27,PRD-F1LZ2L2JP25B,CLI-05JGIT4QZXBA,Withdrawal,,72.0,USD,,ATM,SUC-WU56M94O,,,México,Monterrey,Approved,00,False,0.68,,
TRX-GUKU7SO90T17BHBAKOFC,2026-05-27 14:34:58,2026-05-27,PRD-IZP20B7G77XO,CLI-MD67U09X1NO4,Transfer,,4596.89,USD,,POS,,,,México,Monterrey,Approved,00,False,27.37,,
TRX-2HZSSV3IU9H7Y08HWKQX,2026-05-28 00:57:26,2026-05-27,PRD-5BP92CNB8THF,CLI-QYJ2MYYOLJFM,Transfer,,4464.53,USD,,ATM,SUC-JYJWT9TH,,,México,Guadalajara,Approved,00,False,0.87,,
TRX-6PTKKNNCEBG7VPV1HSO0,2026-05-27 14:31:39,2026-05-27,PRD-PY2LDYDFYFHC,CLI-HACXYK3XNYC8,Transfer,,9797.45,USD,,Web,,,,México,Tijuana,Reversed,14,False,,,
TRX-XEOOPU8LL0S6J9UFCPVW,2026-05-27 20:52:29,2026-05-27,PRD-MS3TF2XX00N5,CLI-XHYK9QPDRX6D,Purchase,Entertainment,1460958.56,COP,365.24,App,,Streaming Music,Entertainment,Colombia,Bogotá,Approved,00,False,26.66,,
TRX-SMFWQHPNJ4DGS830BRS0,2026-05-27 18:22:37,2026-05-27,PRD-JP54Q2GJ9QNR,CLI-SJBI7G0YM0PK,Transfer,,4238.03,USD,,App,,,,México,Puebla,Approved,00,False,,,
TRX-GI1MHBBJW84RFHL3KTP2,2026-05-28 04:51:31,2026-05-27,PRD-MNZ7N2779EAX,CLI-V62V1JJVKIPF,Transfer,,7372.5,USD,,POS,,,,México,,Approved,00,False,8.01,,
TRX-YQBY7XXQUBFMOWOURUW5,2026-05-28 04:13:16,2026-05-27,PRD-AFOBC841KKSP,CLI-0HRLY8QJ1GFT,Payment,Transport,1152.08,USD,,POS,,,,México,Tijuana,Approved,,False,2.95,,
TRX-T8OP24LK2EMY5T7YOJNT,2026-05-28 03:38:34,2026-05-27,PRD-NWN5LPPQMOHT,CLI-4RZ9DQ8H95AC,Deposit,,2366.9,USD,,Branch,SUC-KD93KQ8I,,,México,Tijuana,Approved,00,False,29.57,,
TRX-EKDWXH0J1GNC2GJS56Y7,2026-05-27 11:34:17,2026-05-27,PRD-8LIPMEPREE04,CLI-74UPJ1XFIE9D,Transfer,,567.45,USD,,POS,,,,Colombia,Cartagena,Approved,00,False,5.53,,
TRX-VTYRMM0YQ7U141TKQVTE,2026-05-27 18:46:54,2026-05-27,PRD-3AQ6DJHVLW8Z,CLI-4HUZG0SRIF63,Transfer,,36811290.98,COP,9202.82,POS,,,,Colombia,Medellín,Approved,00,False,7.73,,
TRX-6M8MMGMD00HPAJFL7O6J,2026-05-27 13:55:52,2026-05-27,PRD-0ZBQ4LWOMCAC,CLI-QQG52BEHDSVL,Purchase,Transport,227.4,USD,,POS,,Uber,Transport,México,Guadalajara,Approved,00,False,28.05,,
TRX-SJ8RPKLCD5XUMKCVNM2B,2026-05-27 16:36:25,2026-05-27,PRD-1Z8EXRHC8HYJ,CLI-0JTZG8QNL3AE,Purchase,Other,32.59,USD,,App,,Centro Comercial,Other,México,Querétaro,Approved,00,False,19.58,,
TRX-HX6QK4B53C31J020TAUW,2026-05-28 05:03:48,2026-05-27,PRD-GB4N2PXOFGCP,CLI-A4HTUTHOSCLU,Payment,Entertainment,1597.51,USD,,ATM,SUC-Y7VHYCDG,,,Argentina,Córdoba,Approved,00,False,5.04,,
TRX-VEK7JBGP4TSE3L633U39,2026-05-28 05:56:31,2026-05-27,PRD-3693UM2N0KLC,CLI-ITNR10MZPVED,Purchase,Other,292.84,USD,,App,,Boutique Moda,Other,México,Puebla,Reversed,54,False,5.91,,
TRX-BSBJE5DJBGKRULC47WQL,2026-05-27 07:24:53,2026-05-27,PRD-MQCQJ7O6R2OI,CLI-RRJ6901PL2YM,Withdrawal,,54.32,USD,,Web,,,,Argentina,Córdoba,Approved,00,False,11.92,,
TRX-CMPM4KKVW3KR3QV4SKX7,2026-05-28 00:26:44,2026-05-27,PRD-L6E90YPPHXE9,CLI-2P4YV26NUHI9,Transfer,,32726797.26,COP,8181.7,POS,,,,Colombia,Bogotá,Approved,00,False,27.5,4.425059,-75.0063442
TRX-DWLLDO9B6FX79ME4TEAK,2026-05-28 03:26:09,2026-05-27,PRD-NHEGFB2T2IYJ,CLI-P9BHS769DY0V,Purchase,Food,274.81,USD,,Web,,Tienda Don José,Food,México,Ciudad de México,Approved,00,False,,,
TRX-F2R0T78D2QGZ9K3BPW9T,2026-05-27 13:45:59,2026-05-27,PRD-BRNXR3EBFJMX,CLI-FLWKZJEQE6H6,Withdrawal,,419.55,USD,,Web,,,,México,Guadalajara,Approved,00,False,1.45,,
TRX-6VGWLJ7JPRQRW5Y7ELQL,2026-05-27 19:08:36,2026-05-27,PRD-8KSW2V90L9NO,CLI-H53GY8AZ6YUK,Deposit,,630434.48,ARS,1801.24,Web,,,,Colombia,Barranquilla,Approved,00,False,,,
TRX-Y13D7M07ONXX8UM3JKKU,2026-05-27 23:49:00,2026-05-27,PRD-IVO6Y8MH79VP,CLI-5YXIMRAZCZUK,Withdrawal,,249.18,USD,,POS,,,,México,Ciudad de México,Approved,00,False,4.43,-0.3726941,0.7274683
TRX-VHKTDFPAQM3EUIW1S0OC,2026-05-27 18:16:28,2026-05-27,PRD-WGOJ7LZEJ81O,CLI-48YWROIIBUI8,Payment,Food,791.1,USD,,POS,,,,México,Querétaro,Approved,00,False,,,
TRX-3ILN4SASYCC2QIV8JG0L,2026-05-27 16:16:23,2026-05-27,PRD-38PTDZTSG1HJ,CLI-C5ZPLIMGOUCB,Deposit,,747.28,USD,,POS,,,,México,Tijuana,Approved,00,False,,,
TRX-WIE8J42NJGZ6QW38V0SH,2026-05-27 14:33:33,2026-05-27,PRD-FDQ4KYCDFH17,CLI-M959GZCPKEM4,Deposit,,2163.29,USD,,POS,,,,México,Guadalajara,Approved,00,False,20.97,-0.7572921,-0.9178519
TRX-2HHGHXRW91AILAN7VHFH,2026-05-27 20:46:23,2026-05-27,PRD-KGN0CJBNZGYU,CLI-5TAS37K7JAEG,Withdrawal,,1823141.27,COP,455.79,POS,,,,Colombia,Cartagena,Approved,00,False,15.45,,
TRX-FW2AVRAG4CKJJR8XFHFI,2026-05-28 03:05:39,2026-05-27,PRD-D1VNC1UC1UCW,CLI-4TAC4RMZQJ5X,Withdrawal,,56.19,USD,,POS,,,,México,Guadalajara,Approved,00,False,3.23,-0.6193593,0.1703832
TRX-NJOTXF21RRLBQZQY0KLD,2026-05-27 12:11:18,2026-05-27,PRD-SP3R8QDDQVXB,CLI-R7TGCIKVAKTT,Purchase,Health,209.39,USD,,ATM,SUC-JRR5Z8WK,Clínica Médica,Health,México,Monterrey,Approved,00,False,15.47,,
TRX-9C1OVT66M7E214HXNOWP,2026-05-27 22:18:29,2026-05-27,PRD-PD1217A13V2I,CLI-61P1NBYA6IEK,Purchase,Other,664534.53,COP,166.13,POS,,Ferretería,Other,Colombia,,Approved,00,False,5.61,,
TRX-HSFPSRXETHQZ9XJYZ8UW,2026-05-28 03:45:06,2026-05-27,PRD-SMF5QDT0W2L6,CLI-CPAAJPJDNOZN,Deposit,,1349244.39,ARS,3854.98,Web,,,,Mexico,Monterrey,Approved,00,False,1.93,,
TRX-E7QIRN9SEGLZG1FIJ7X4,2026-05-28 00:26:28,2026-05-27,PRD-OO0T7JG2DIQD,CLI-6SBCP8KLQVN2,Withdrawal,,1809604.16,COP,452.4,ATM,SUC-M447M9GU,,,Colombia,Medellín,Approved,00,False,24.06,,
TRX-NMNSNBYOV8W0B60E193O,2026-05-28 05:58:46,2026-05-27,PRD-GJE4YLE79DKP,CLI-DU8AT1QC2LHE,Transfer,,13060164.26,COP,3265.04,POS,,,,Colombia,Bogotá,Approved,00,False,,,
TRX-JC6V1BJWP78S86CSP8NG,2026-05-28 02:05:33,2026-05-27,PRD-EQ1KAPU4K9GO,CLI-8JJTLMEVT2PQ,Purchase,Entertainment,989095.26,COP,247.27,ATM,SUC-RNGAMG7V,Teatro Nacional,Entertainment,Colombia,Barranquilla,Approved,00,False,8.65,,
TRX-PUU6QLM7E8WEMFVA3C4D,2026-05-27 10:09:57,2026-05-27,PRD-RXC1B7QDUQRK,CLI-LRJIQSZFTDFT,Withdrawal,,73.88,USD,,POS,,,,México,Puebla,Approved,00,False,22.73,0.3286163,-0.5185132
TRX-4ZEP2WJP0CADNE6FL6R3,2026-05-27 19:00:25,2026-05-27,PRD-OJO4EKVEO8JE,CLI-LF967QBYNJFU,Withdrawal,,802856.51,COP,200.71,Branch,SUC-1C51KLB3,,,Colombia,Medellín,Approved,00,False,,3.859378,-75.0338782
TRX-HZJHYUJ472EJ10E1UDOR,2026-05-28 04:34:07,2026-05-27,PRD-AMDDMW3TOEM5,CLI-VXF17U0XKR0D,Payment,Transport,6371237.14,COP,1592.81,App,,,,Colombia,Bogotá,Approved,,False,,,
TRX-IA0O4IVZLO1BYLHCKQ41,2026-05-28 01:07:01,2026-05-27,PRD-7M6EVUF57RVP,CLI-V3HFW48J3AY8,Withdrawal,,459725.11,COP,114.93,POS,,,,Colombia,Medellín,Approved,00,False,16.92,,
TRX-SUYWVJX3328SCEOFZ0WM,2026-05-28 00:22:48,2026-05-27,PRD-3XS2CPPLRGF4,CLI-MAE9KYUX0B0F,Adjustment,,278266.66,ARS,795.05,App,,,,Argentina,Rosario,Approved,00,False,0.86,,
TRX-MHQ6PJ8PT1IZMXV9CKSX,2026-05-27 23:46:01,2026-05-27,PRD-LG60TVTCRZ3C,CLI-73G0MCCGWPVZ,Transfer,,2465.2,USD,,ATM,SUC-7SL55GEJ,,,México,Monterrey,Approved,00,False,12.34,,
TRX-2R279LWRWGTLTR9CFN78,2026-05-27 18:56:35,2026-05-27,PRD-ENDMRA1L5MT1,CLI-IUGP24V9N9PJ,Transfer,,1365.93,USD,,Branch,SUC-TQX7379E,,,Colombia,Bogotá,Approved,,False,3.61,3.805207,-74.5434924
TRX-J4F61CCUVBKEVFD96LAJ,2026-05-28 00:51:18,2026-05-27,PRD-N720S38W7B94,CLI-JQOLYPBDBNMP,Transfer,,2921.8,USD,,Web,,,,México,Puebla,Approved,00,False,,,
TRX-WLQPWO7USW4ILGSSYM5E,2026-05-27 21:36:21,2026-05-27,PRD-0PZGBFZCLG43,CLI-HYBPWI69CKUF,Payment,Food,685857.03,COP,171.46,App,,,,Colombia,,Approved,00,False,1.03,,
TRX-CBGTLLA50CDGAZY2X7UN,2026-05-27 21:57:08,2026-05-27,PRD-T3K2XTMI08JB,CLI-KG43YNLUK3WY,Withdrawal,,497.52,USD,,POS,,,,Argentina,Mendoza,Approved,00,False,14.01,,
TRX-2K1FTWM8GG5AJVAN3M1C,2026-05-28 03:50:57,2026-05-27,PRD-D5UJZEWO7IDG,CLI-B5ENBSHZ93VP,Deposit,,3221.67,USD,,App,,,,México,,Approved,00,False,,,
TRX-RT1PK9YLH6C90K595IM8,2026-05-27 19:40:16,2026-05-27,PRD-911LFDGV3RB8,CLI-XZTXTAH7WV7Z,Withdrawal,,288.57,USD,,Web,,,,Colombia,Cartagena,Approved,00,False,14.35,,
TRX-EVBW6FVINEMVMTHL99I1,2026-05-27 17:22:18,2026-05-27,PRD-C8F7SKO6QAVZ,CLI-ITFEK2EEL3HZ,Transfer,,2551265.09,ARS,7289.33,Transfer,,,,Argentina,Córdoba,Approved,00,False,4.61,,
TRX-XGYQXX4U4453CWFZYYJN,2026-05-27 09:29:22,2026-05-27,PRD-9MGC49X0ZJYP,CLI-0VQKPZKIWSJU,Payment,Services,1581.96,USD,,ATM,SUC-VV9NKH6E,,,Colombia,Barranquilla,Approved,00,False,9.61,,
TRX-20Q751Y0R1ATQS5176JX,2026-05-27 17:15:06,2026-05-27,PRD-C1FYGY5PW15M,CLI-I1IVJ3CFP54K,Transfer,,6803.9,USD,,Web,,,,Brazil,Salvador,Approved,00,False,,,
TRX-S15Y0U1G5JZMB3UJLHL3,2026-05-27 21:41:25,2026-05-27,PRD-MFH84VNQVTLG,CLI-NLYF74CQ1JHR,Withdrawal,,335.84,USD,,Web,,,,México,,Approved,00,False,5.02,,
TRX-SK9ANDXORU3FDGDHZG1Z,2026-05-28 00:03:41,2026-05-27,PRD-CLO0JRD67FNL,CLI-ODGP4H52QG9F,Transfer,,2657963.11,ARS,,POS,,,,Argentina,Mendoza,Approved,00,False,23.29,-34.9623079,-57.490661
TRX-X8YCIGRK9AE4DX4PPOOV,2026-05-28 00:26:15,2026-05-27,PRD-0JI0VX6OP3MK,CLI-6YBNK7T4XQA4,Payment,Transport,1194.3,USD,,App,,,,México,Ciudad de México,Approved,00,False,11.9,,
TRX-SPEW9HUAIX71TP60KBIS,2026-05-27 09:24:29,2026-05-27,PRD-GKFZYMSCQWKT,CLI-2MFSYGXTT2G0,Payment,Health,2837292.71,COP,709.32,Web,,,,Colombia,Cartagena,Approved,00,False,22.97,,
TRX-Q54YJZSV5BJBWJQ8JMJW,2026-05-27 16:53:36,2026-05-27,PRD-G42NYNI897OG,CLI-I8M8F697SO2L,Payment,Entertainment,6804723.84,COP,1701.18,Web,,,,Colombia,Bogotá,Approved,00,False,9.92,,
TRX-G7Y4310TOYV9TNE87JX8,2026-05-27 06:16:14,2026-05-27,PRD-2GUPCQC9FGXM,CLI-B4TOYNPBZB0Q,Transfer,,1540836.13,ARS,4402.39,POS,,,,Argentina,Buenos Aires,Approved,,False,8.61,,
TRX-MIGW6C8QEK38BECQSL0W,2026-05-27 07:28:38,2026-05-27,PRD-OSDOMQC8A1GW,CLI-EJXBYCD0J96O,Payment,Food,1479.85,USD,,ATM,SUC-57LRN6RH,,,México,Puebla,Approved,00,False,,,
TRX-E5DRDGZ0JZYF6GB0R6VM,2026-05-27 16:23:06,2026-05-27,PRD-JALEPFI17UVQ,CLI-TC7NOZG1NUWA,Deposit,,4166.1,USD,,App,,,,México,Ciudad de México,Approved,00,False,6.16,,
TRX-KPXAILM3NR64ELH5H8MQ,2026-05-27 19:36:02,2026-05-27,PRD-HPYO9F5LXSAI,CLI-DL2UUOW9LN82,Purchase,Services,862549.65,COP,215.64,App,,Internet Plus,Services,Colombia,Cali,Approved,00,False,,,
TRX-9QK45H7AEIL9I7SJWB1S,2026-05-27 06:13:35,2026-05-27,PRD-VUAUBIY5R26R,CLI-FKH666FMCYRV,Purchase,Food,405.1,USD,,App,,Super Ahorro,Food,México,Guadalajara,Approved,00,False,29.18,,
TRX-H2S3RWHEJC6GBIGI36OP,2026-05-27 07:26:15,2026-05-27,PRD-8JHEB98QAT73,CLI-V2IESN6A2M29,Purchase,Other,285.16,USD,,Web,,Centro Comercial,,México,Querétaro,Approved,00,False,26.8,,
TRX-AT76YBE3YRL0YV5ZX8YA,2026-05-28 01:54:20,2026-05-27,PRD-12L9DB073F5Z,CLI-7YSWC23G2GZF,Transfer,,33023335.26,COP,8255.83,ATM,SUC-GPHM9NB1,,,Colombia,Cartagena,Approved,00,False,2.53,,
TRX-CG7HD8EQM2EMAR5TK2A5,2026-05-27 07:43:50,2026-05-27,PRD-NYXCAQCTG06V,CLI-5DTPSCD3KCBP,Transfer,,37828690.83,COP,9457.17,POS,,,,Colombia,Medellín,Approved,00,False,20.99,4.1270473,-73.0840728
TRX-QP38GON3LO3PNMZJGMNP,2026-05-27 12:34:58,2026-05-27,PRD-112TLM4BAFDB,CLI-5MBCM6MW70HQ,Purchase,Transport,126294.87,ARS,360.84,POS,,Uber,Transport,Argentina,Rosario,Approved,00,False,4.63,,
TRX-RK3RVFJZOWTQWJUUIJ89,2026-05-27 21:19:18,2026-05-27,PRD-ITJZYY6OUCMP,CLI-1G6RLCLTLJZJ,Deposit,,3029.88,USD,,Web,,,,México,Guadalajara,Approved,00,False,,,
TRX-Y74F9N4DK8TJMD9XQR7L,2026-05-27 18:51:07,2026-05-27,PRD-PJLERC0MRITL,CLI-2096O7G2M4H8,Payment,Other,684.33,USD,,ATM,SUC-ZAMLQY77,,,México,Ciudad de México,Approved,00,False,24.48,,
TRX-YGY90FCGQKRQZJ9WIE5M,2026-05-27 23:08:07,2026-05-27,PRD-TITO98H30ZP0,CLI-NJ4S25KVPXX6,Deposit,,16591436.2,COP,4147.86,App,,,,Colombia,,Approved,00,False,2.39,,
TRX-J8QQIDK4PXTIULOXNGSY,2026-05-27 07:47:26,2026-05-27,PRD-SQSHPR7R18SX,CLI-YMKUW89UEAI7,Purchase,Entertainment,96933.53,ARS,276.95,POS,,Conciertos Live,Entertainment,Argentina,Buenos Aires,Approved,00,False,12.1,,
TRX-93Y2DJLP4T12I9PWC5D4,2026-05-28 01:12:13,2026-05-27,PRD-5OIQQ90V95NL,CLI-BBDLAI5TXF9C,Deposit,,4841.78,USD,,App,,,,México,Puebla,Declined,51,False,6.76,,
TRX-IYSOX5C6KHF25Y1B1PO6,2026-05-28 01:31:40,2026-05-27,PRD-7P0MGWMQVIZJ,CLI-PR6JNVP5M4GB,Payment,Transport,1939.34,USD,,Web,,,,Colombia,Bogotá,Approved,00,False,17.05,,
TRX-SIOE8AXSKA1YPKJL0QHZ,2026-05-28 04:39:42,2026-05-27,PRD-9WCYUUTDIYY3,CLI-UZCGR9SV1YCG,Purchase,Health,306.48,USD,,ATM,SUC-QVGF07AP,Laboratorio Central,Health,México,Puebla,Approved,,False,16.82,0.4945997,0.0735036
TRX-Q5M1D90ULP3YOLBOXM1A,2026-05-28 03:42:38,2026-05-27,PRD-7BN4A702XV6D,CLI-EK87HFZDL7WP,Withdrawal,,226.41,USD,,Transfer,,,,México,Monterrey,Approved,,False,,,
TRX-Q32M8GETHKL6MTH76EP2,2026-05-27 06:44:50,2026-05-27,PRD-VUYDS36J0JJM,CLI-44O51QDNFB6N,Withdrawal,,1738339.44,COP,434.58,POS,,,,Colombia,Bogotá,Approved,00,False,,,
TRX-3DJVZCIOS44DOYKK57EA,2026-05-27 07:24:42,2026-05-27,PRD-7D46JUVDL886,CLI-AA9FPMOCZGGC,Withdrawal,,1607097.12,COP,401.77,App,,,,Colombia,Cali,Approved,00,False,8.15,,
TRX-GFV0K95GEY25UKIZCRDD,2026-05-28 03:39:38,2026-05-27,PRD-73FXHQFO4IMX,CLI-48YWDC2ZAWGA,Purchase,Transport,133132.45,ARS,380.38,POS,,Taxi Seguro,Transport,Argentina,Buenos Aires,Approved,00,False,4.66,,
TRX-7XUD8AH04I9RXBGU3P5M,2026-05-27 19:27:48,2026-05-27,PRD-C2CQEB4YZ7FQ,CLI-L54IPNSC5YRR,Withdrawal,,244530.22,COP,61.13,App,,,,Colombia,Cali,Approved,00,False,5.09,,
TRX-1OPU7XW9TVNG2AQ88QDJ,2026-05-27 09:51:20,2026-05-27,PRD-TX1K1BHSZKK1,CLI-2QOJYVL9MSHM,Adjustment,,881.88,USD,,ATM,SUC-4ML8OJM1,,,México,Tijuana,Approved,00,False,6.62,,
TRX-6EG7LG1PHZ93IOFVVXV2,2026-05-27 14:49:55,2026-05-27,PRD-LGJ9IYSR2N0L,CLI-7X4ZBBLOBSPK,Deposit,,986848.43,ARS,2819.57,App,,,,Argentina,Córdoba,Approved,00,False,20.22,,
TRX-XVUTXNKWJOSZ511DWZV5,2026-05-28 02:14:17,2026-05-27,PRD-GKNSI8ZASM6Q,CLI-0VK116QLL7CE,Deposit,,200.76,USD,,App,,,,Colombia,Cartagena,Approved,00,False,,,
TRX-82OKYQZAZXQMXE8LPSBD,2026-05-28 00:14:27,2026-05-27,PRD-DYKFH3DNOZBH,CLI-Z0Q19SAQ50GP,Transfer,,6548.28,USD,,POS,,,,USA,Miami,Approved,00,False,15.58,,
TRX-TF5Q6USXJPLLMPXCBMCX,2026-05-27 15:22:32,2026-05-27,PRD-GTYJG3PCHSBT,CLI-MYBCH9HERFZO,Purchase,Services,454.75,USD,,POS,,,Services,México,Monterrey,Approved,00,False,14.58,0.4284422,-0.8882022
TRX-5L682ALP2IKJC1966P7K,2026-05-27 17:12:17,2026-05-27,PRD-W8BEJQ74PY90,CLI-3NZ520KO69WE,Payment,Entertainment,5652636.0,COP,1413.16,POS,,,,Colombia,,Approved,00,False,12.35,,
TRX-SK3CE5KWTIY5OCIS431B,2026-05-27 18:42:06,2026-05-27,PRD-T4N8T5J7Y8DO,CLI-N3183D7JT187,Purchase,Health,82697.1,ARS,236.28,ATM,SUC-OJAQW0AJ,Óptica Visión,Health,Argentina,Buenos Aires,Approved,00,False,22.02,-33.8839348,-58.4942554
TRX-NVLMOL8E3TUKU0UWFA4N,2026-05-27 16:22:19,2026-05-27,PRD-J5S0C9VXLOC6,CLI-QUZXI5SCDPV8,Deposit,,4314.26,USD,,App,,,,México,Guadalajara,Approved,00,False,11.23,,
TRX-CNNZWB2GNZ6GJBP2ET3U,2026-05-27 23:55:24,2026-05-27,PRD-2WDDHGSLN4HV,CLI-2QDR3A6JLO55,Deposit,,4266.8,USD,,POS,,,,México,Monterrey,Approved,00,False,9.67,,
TRX-B8QKKZRUXU3PONSUQ6BB,2026-05-27 14:18:24,2026-05-27,PRD-ZN3HBN02WFCU,CLI-M9PJLLCO82KG,Transfer,,1329288.4,ARS,3797.97,POS,,,,Argentina,Mendoza,Approved,00,False,14.43,,
TRX-EVW9M9CHIO49HB4XBYL3,2026-05-28 02:02:03,2026-05-27,PRD-6TH83GZD2ERT,CLI-R5X2SNYTH6XR,Purchase,Transport,102446.58,ARS,292.7,POS,,Estación de Servicio,Transport,Argentina,Rosario,Approved,00,False,9.7,,
TRX-Z6XZJDVT827SK82AP2LS,2026-05-27 17:19:58,2026-05-27,PRD-28V7O7OII8E6,CLI-KEDQ2318UZIO,Withdrawal,,427.48,USD,,POS,,,,México,Monterrey,Declined,51,False,26.32,-0.0353994,-0.9587829
TRX-RPC9WA3M8WN1K068FYCS,2026-05-28 01:16:46,2026-05-27,PRD-HGXIM9GSUND5,CLI-AN3KZKPALFYF,Payment,Other,839.75,USD,,Branch,SUC-RJSJ0B0X,,,México,Guadalajara,Approved,00,False,28.73,,
TRX-T3AFWR3FGTO1XHH4AS5F,2026-05-28 05:44:07,2026-05-27,PRD-RA6YEWDDV9XV,CLI-J2E5M40ES4E2,Purchase,Health,41374.45,ARS,118.21,Branch,SUC-5YFUX3Z6,Clínica Médica,Health,Mexico,,Approved,00,False,22.71,,
TRX-E0Q843I9PGDAZMKOHNSU,2026-05-27 21:01:02,2026-05-27,PRD-XH518858MAP9,CLI-UW93MGXUWKQX,Withdrawal,,357477.8,COP,89.37,ATM,SUC-H4WPLB7O,,,Colombia,Barranquilla,Approved,00,False,21.14,,
TRX-9BFGHCDC59H2LVQVJPTR,2026-05-27 23:12:06,2026-05-27,PRD-NUPYHNZ2ZT7S,CLI-BTTJPJ5EWI59,Deposit,,88.24,USD,,POS,,,,México,Tijuana,Approved,00,False,16.71,,
TRX-KMY4UJWMIGY6J09OMK5J,2026-05-27 08:14:50,2026-05-27,PRD-YED48UC6UNOZ,CLI-KRZG4X3FT5VZ,Payment,Services,90019.27,ARS,257.2,Web,,,,Argentina,Buenos Aires,Approved,00,False,15.7,,
TRX-B5BTEU6ZOTNYILYMPY6E,2026-05-28 04:36:58,2026-05-27,PRD-XJSB54BBTD2F,CLI-MZSJ59IWJKJP,Withdrawal,,104.73,USD,,POS,,,,México,Ciudad de México,Approved,00,False,13.74,,
TRX-CU8HI1W8VHNJ3AK32H1K,2026-05-27 21:30:16,2026-05-27,PRD-SR4LD0029KJW,CLI-AE1IVOX1EVJV,Payment,Food,271.55,USD,,App,,,,México,Puebla,Approved,00,False,,,
TRX-WZ2V4DUT7N02QHQ7I6OD,2026-05-27 11:10:58,2026-05-27,PRD-ICQS865AG0SU,CLI-NAAO8ZY2HBKI,Deposit,,661333.43,ARS,1889.52,POS,,,,Argentina,Buenos Aires,Approved,00,False,,,
TRX-WKIMZCKZ7Q2MP70QEIJG,2026-05-27 11:54:56,2026-05-27,PRD-SY4XX9JYGAUV,CLI-075T6INRUTER,Payment,Transport,418408.9,ARS,1195.45,Transfer,,,,Argentina,Mendoza,Approved,00,False,,,
TRX-TA6OSXUS4BDBI7M6ZCZ2,2026-05-28 04:43:50,2026-05-27,PRD-LDKGIML9FV28,CLI-AD5DO9M41IQK,Transfer,,3315260.46,ARS,9472.17,App,,,,Argentina,Córdoba,Approved,00,False,18.35,,
TRX-SWEMP2CVWE0TBHUA2AZP,2026-05-27 07:28:41,2026-05-27,PRD-HWIHL9ZVFEY5,CLI-Q2A0LMFVWV91,Withdrawal,,822582.87,COP,205.65,POS,,,,Colombia,Cali,Approved,00,False,,,
TRX-JHRX8FCFXB3I8LH7RRUX,2026-05-27 08:52:55,2026-05-27,PRD-3QJCDUYNKRU0,CLI-21DML4OHAJR0,Purchase,Food,47213.95,ARS,134.9,ATM,SUC-7TH4CVFK,Super Ahorro,Food,Argentina,Córdoba,Approved,00,False,26.55,-35.5062868,-59.3402146
TRX-CTXBMIFMUZV12D3ZWCJ6,2026-05-27 11:03:26,2026-05-27,PRD-TIG52TOD9J3Y,CLI-XIN60Z3TUIDT,Purchase,Entertainment,404196.09,COP,101.05,Web,,Cine Premium,Entertainment,Colombia,Barranquilla,Approved,00,False,15.95,,
TRX-KSGCBR743Q3VXN9T8XQM,2026-05-27 16:49:02,2026-05-27,PRD-QINQAB7QJWSX,CLI-QP0YK6CCNUK5,Transfer,,3147981.22,ARS,8994.23,ATM,SUC-NRVN9ND4,,,Argentina,Córdoba,Declined,14,False,24.95,,
TRX-7LWP0UZKENPAKIFDVEM1,2026-05-28 01:02:40,2026-05-27,PRD-CJ2WW0RN14Q8,CLI-LTTBKNPIHM5T,Purchase,Food,258.32,USD,,POS,,Tienda Don José,Food,México,Guadalajara,Approved,00,False,4.24,,
TRX-V1QKOY9RADAV5PT4YHPR,2026-05-27 21:09:27,2026-05-27,PRD-UE95TSJU3UGI,CLI-VLHQH4F5JT8C,Withdrawal,,430249.67,COP,107.56,Web,,,,Colombia,Barranquilla,Approved,00,False,29.03,,
TRX-PR074ZYT1OD6EMP9Q2F3,2026-05-27 15:16:43,2026-05-27,PRD-PWD4O3H1MJC0,CLI-ILF9HGIA698N,Withdrawal,,338.15,USD,,POS,,,,Colombia,Barranquilla,Approved,00,False,8.37,,
TRX-1YJSTLGLQ504FM8DM2XY,2026-05-27 23:07:44,2026-05-27,PRD-XDHE9BCFQSUN,CLI-OQCKPEN8AWPL,Payment,Services,1626.32,USD,,App,,,,Colombia,Cartagena,Approved,00,False,,,
TRX-RDKVBNN2F4EJ0QCOHDTQ,2026-05-27 07:53:41,2026-05-27,PRD-08ZPJA2L4ILI,CLI-5MZ32OUBL0WT,Payment,Entertainment,1625.92,USD,,POS,,,,México,Ciudad de México,Pending,14,False,17.35,,
TRX-LIC9MUC90FNEN7CJ159X,2026-05-28 03:01:23,2026-05-27,PRD-SD7K8KBHU1OY,CLI-OXA59BJGPIDR,Withdrawal,,379405.81,COP,94.85,POS,,,,Colombia,Cali,Approved,00,False,,,
TRX-4LOGKN2FHYJCN2LNX0SV,2026-05-27 13:26:57,2026-05-27,PRD-5JAMNF6VHDTI,CLI-GB7B4IU8K5QG,Withdrawal,,1347617.69,COP,336.9,ATM,SUC-VZIGM714,,,Colombia,Bogotá,Approved,00,False,22.74,,
TRX-S1VU7SD7UY4SXXP1PJ5N,2026-05-27 20:09:37,2026-05-27,PRD-PJ42AOXBR8P6,CLI-3NVJ2EVDG96D,Payment,Services,1350.37,USD,,App,,,,México,Tijuana,Approved,00,False,16.69,,
TRX-4WDQTEKYZ7DSR9U8GOMU,2026-05-27 11:40:51,2026-05-27,PRD-MXCRYCSSTQ0U,CLI-6IMHQMPQPYRI,Withdrawal,,200.73,USD,,ATM,SUC-PFXHRCSW,,,México,Monterrey,Approved,00,False,14.17,,
TRX-HW1RWCN01RL2SKGOQGF0,2026-05-27 15:54:28,2026-05-27,PRD-FCVGKSSG995V,CLI-P0PP7LK33J9Q,Adjustment,,773.27,USD,,ATM,SUC-I4AA1FSG,,,México,Monterrey,Approved,00,False,,,
TRX-XF85N9QRV8VU0QC9A2IQ,2026-05-28 01:46:57,2026-05-27,PRD-S6S66B0CQGNA,CLI-J9HE16CNS4AL,Transfer,,7994.74,USD,,Branch,SUC-8XAGRKOC,,,México,Ciudad de México,Approved,00,False,,,
TRX-H07OXEDL5RWPWHNILO5L,2026-05-27 16:18:44,2026-05-27,PRD-GY9TFPGJ5S0R,CLI-P0U9Y077XY4I,Payment,Transport,7926213.89,COP,1981.55,Web,,,,Colombia,Barranquilla,Approved,00,False,8.79,,
TRX-EP7M1RRS8HRJ8NQ87KNJ,2026-05-27 19:48:44,2026-05-27,PRD-GTH4K3YZXGBD,CLI-IJYAO8Z7N39F,Payment,Other,335.64,USD,,App,,,,México,Tijuana,Approved,00,False,22.44,,
TRX-XONEA3EUD43M9C5H5BJ8,2026-05-27 11:56:15,2026-05-27,PRD-165W2WCVYCZ6,CLI-MO4I20CKH583,Transfer,,8940.15,USD,,Web,,,,México,Ciudad de México,Approved,00,False,20.2,,
TRX-2RQHD6BJ893APIX79ZAQ,2026-05-27 14:10:52,2026-05-27,PRD-MX3UDKUNNYBK,CLI-KCYUB5RTB1I1,Withdrawal,,105.0,USD,,ATM,SUC-OGCB7RT2,,,Argentina,,Approved,00,False,,,
TRX-0621RBWXYRQWFD176T5J,2026-05-27 21:09:38,2026-05-27,PRD-PTOS4PP4LJO4,CLI-GTMGTT01FWLF,Withdrawal,,788594.19,COP,,Transfer,,,,Colombia,,Approved,00,False,18.08,,
TRX-TG36K95H2A2U5K9MV3HP,2026-05-28 01:04:16,2026-05-27,PRD-2GA5T5WG1WP6,CLI-N5VS0MX6R4JZ,Withdrawal,,386.37,USD,,Branch,SUC-4AVH1MSP,,,México,,Approved,00,False,3.31,,
TRX-5WC81CYU4PG711T3OVM3,2026-05-28 03:52:39,2026-05-27,PRD-GE80E7OFJO8S,CLI-KOLJ119O05NU,Transfer,,488.87,USD,,POS,,,,México,Ciudad de México,Approved,00,False,,,
TRX-PO2R760HK8MRIW95X8C1,2026-05-27 12:39:54,2026-05-27,PRD-XRUY1X1ZZOCS,CLI-QM0JYGLZOMS3,Purchase,Food,973329.07,COP,243.33,POS,,Tienda Don José,Food,Colombia,Cartagena,Approved,00,False,,4.7473127,-73.4936938
TRX-ZWJDH5SCRG3557FJTH5J,2026-05-28 05:29:00,2026-05-27,PRD-PE7XHHDPIQT5,CLI-56TZNVUXUDR1,Deposit,,3854.72,USD,,Web,,,,México,Guadalajara,Approved,00,False,11.91,,
TRX-P59KCTELL5G74OD4F5N7,2026-05-27 08:38:50,2026-05-27,PRD-GNOT0EZ3UN8D,CLI-2T32N5RFKGK4,Deposit,,821.95,USD,,POS,,,,México,Tijuana,Approved,00,False,18.27,,
TRX-80XKW7TJLQSXBCGRFUV2,2026-05-28 00:17:24,2026-05-27,PRD-3EMZ3OZCH6NH,CLI-1G651G498BA6,Purchase,Food,49505.93,ARS,141.45,POS,,Mercado Central,Food,Argentina,Córdoba,Approved,00,False,17.89,,
TRX-TNXCDQYVMMP6OW32H0O1,2026-05-27 23:54:27,2026-05-27,PRD-C0PCAFLYX196,CLI-K4K7HT8WJ7RU,Deposit,,1753.52,USD,,App,,,,México,Ciudad de México,Approved,00,False,15.33,,
TRX-J12FXLRB8Y2RMR1M5FDT,2026-05-27 13:25:16,2026-05-27,PRD-2URYKOI2CS18,CLI-GV919CK111L5,Payment,Food,1675.8,USD,,Web,,,,México,Querétaro,Declined,,False,4.33,,
TRX-CSVVCZDBUWWV4V3K3ZKS,2026-05-27 08:14:01,2026-05-27,PRD-RS5G13MV0C2K,CLI-M0OB1L0GY83T,Deposit,,773583.26,ARS,2210.24,ATM,SUC-NRVN9ND4,,,Argentina,Buenos Aires,Approved,00,False,,,
TRX-8KFZ3SAYUMOAAQDQKBCC,2026-05-27 11:45:33,2026-05-27,PRD-ZXARGOMTTG22,CLI-IFA4YN2LU3W4,Purchase,Transport,374.53,USD,,Web,,Gasolinera Express,Transport,México,Guadalajara,Declined,14,False,7.76,,
TRX-43HI7B39M9W6IA4GTYSS,2026-05-27 15:21:01,2026-05-27,PRD-NSHZ13KBVL6A,CLI-2H24OSIQCCEB,Transfer,,668802.86,ARS,1910.87,POS,,,,Argentina,Mendoza,Approved,00,False,5.95,,
TRX-8QM4GGFEB07GB3FFH948,2026-05-27 07:05:19,2026-05-27,PRD-839HLO0V5Q6W,CLI-UZ9DWMW7E0TC,Deposit,,4878.43,USD,,POS,,,,Argentina,Mendoza,Approved,00,False,14.09,-35.159876,-58.7060235
TRX-XPJGYBS48GNEECSJY8IV,2026-05-27 19:04:04,2026-05-27,PRD-LV6HEQBS3D2X,CLI-94VOYWMS0W66,Deposit,,3326.84,USD,,App,,,,México,Tijuana,Approved,00,False,2.22,,
TRX-BCUBOUWM505N2Z665BOB,2026-05-27 17:00:34,2026-05-27,PRD-29V5IIDSXD0J,CLI-6DM1TXDOAQ5P,Payment,Food,4473623.24,COP,1118.41,ATM,SUC-H4WPLB7O,,,Colombia,Cartagena,Approved,00,False,10.36,,
TRX-VFKIZDX8M14EF5A8H0QW,2026-05-27 14:44:24,2026-05-27,PRD-IIYCE14LH6EW,CLI-2ECNK751DUD0,Purchase,Entertainment,55.55,USD,,App,,Streaming Music,Entertainment,México,Guadalajara,Approved,00,False,10.33,,
TRX-FJ2TY2Y9IBE2VBEM1CED,2026-05-27 12:12:07,2026-05-27,PRD-PS44G9GB2IXD,CLI-WII3DOMFB0WX,Withdrawal,,447779.87,COP,111.94,ATM,SUC-5AXOWGN3,,,Colombia,Cali,Declined,14,False,4.62,,
TRX-GBEIF7P9VVOZGUH5TX8Q,2026-05-28 03:44:28,2026-05-27,PRD-IH771QYKWAPS,CLI-UOPDVPYPL9KY,Transfer,,4615.41,USD,,POS,,,,México,Querétaro,Approved,00,False,6.71,,
TRX-DAGK649USB3HRQ0FV9D1,2026-05-28 05:43:32,2026-05-27,PRD-T3VB5747H4R0,CLI-RDK33FYO5OIW,Deposit,,9900208.68,COP,2475.05,Web,,,,Colombia,Bogotá,Approved,00,False,28.11,,
TRX-NE8LT4VRQPUTUQR1FVSZ,2026-05-27 17:40:40,2026-05-27,PRD-625A8B1GW1P0,CLI-OLP0QZRYUA1B,Payment,Food,1208.73,USD,,POS,,,,México,,Approved,00,False,19.8,0.959809,0.5903303
TRX-AH0U97D8TY94YIMO2X2A,2026-05-27 10:12:19,2026-05-27,PRD-CRVD7TBOB9FK,CLI-SYLCEOL0U6Y4,Withdrawal,,169.87,USD,,Web,,,,Colombia,,Declined,,False,,,
TRX-ZTERCWVDJFPIA3MV30EN,2026-05-27 16:56:38,2026-05-27,PRD-WF04VYODFUJZ,CLI-NZEX3MJWU8TB,Payment,,1758.76,USD,,POS,,,,México,Tijuana,Approved,00,False,20.55,,
TRX-CB669LAY6B50E2J4SVKD,2026-05-27 15:54:14,2026-05-27,PRD-DQ5XO8YQOTFD,CLI-L27HP4X5I6FN,Withdrawal,,1878223.86,COP,469.56,Web,,,,Colombia,Barranquilla,Approved,00,False,7.97,,
TRX-A4NXBVSN736UZQ8DJSB6,2026-05-28 00:45:21,2026-05-27,PRD-UMCNJD666E0H,CLI-T0ES3S8ZX3KE,Purchase,Food,173688.66,COP,43.42,App,,Restaurante El Buen Sabor,Food,Colombia,,Approved,00,False,29.97,,
TRX-4J3H5KW1WW9TE8YDQ7NJ,2026-05-28 05:11:35,2026-05-27,PRD-Y4O0LS9D8778,CLI-Q8F5MNVE355A,Deposit,,936418.32,ARS,2675.48,ATM,SUC-ZVPEMWQP,,,Argentina,Mendoza,Approved,00,False,15.59,-34.6764361,-58.6710194
TRX-9535U600DYX32UC22WG8,2026-05-27 08:38:50,2026-05-27,PRD-MYH19CX3M6RE,CLI-A6332X9USDXL,Purchase,Services,120656.98,ARS,344.73,App,,Cable TV,Services,Spain,Sevilla,Approved,00,False,20.26,,
TRX-9UYPBDMJVJAZHS22OPA0,2026-05-28 01:25:33,2026-05-27,PRD-GGA1LK41RCQP,CLI-NS401BQLKZO0,Deposit,,14023517.44,COP,3505.88,Web,,,,Colombia,Barranquilla,Approved,00,False,,,
TRX-678XLVTI7PL6CDURWZ2B,2026-05-27 23:31:21,2026-05-27,PRD-LHM4BZ3LA8XZ,CLI-QC6F3W6R9M58,Deposit,,2494.47,USD,,ATM,SUC-JJT8C9XQ,,,México,Tijuana,Approved,00,False,29.23,-0.2959251,0.393255
TRX-Z4EB5JM8J70TK5T9UGN1,2026-05-28 05:45:10,2026-05-27,PRD-D7CZED781YW4,CLI-9K53AH8ONTIM,Payment,Transport,1979.34,USD,,POS,,,,México,Querétaro,Approved,00,False,,,
TRX-SPX2K09I1M1MSS183PEP,2026-05-27 16:24:35,2026-05-27,PRD-QZLCRJRIH6WV,CLI-65P87WANCJ2D,Withdrawal,,494.82,USD,,ATM,SUC-XAEWUJQS,,,México,,Approved,00,False,,,
TRX-ZGN4LJRW9GZUVDRXV6PC,2026-05-27 20:31:24,2026-05-27,PRD-JK3MZF63SUQO,CLI-9HHK7SF37VBI,Purchase,Services,304.45,USD,,ATM,SUC-I3D08YZO,Servicios Públicos,Services,Spain,Madrid,Approved,00,False,13.89,-0.6490911,-0.101273
TRX-XLQIR97J7NDZW87DSN5B,2026-05-27 17:18:18,2026-05-27,PRD-4EDN59F1L8OS,CLI-ZG4NR9ZJXLSB,Payment,Entertainment,217.23,USD,,POS,,,,Argentina,Rosario,Approved,00,False,26.59,,
TRX-45291O87DUE5I1ZYOV8K,2026-05-28 04:00:53,2026-05-27,PRD-8OPQO6KLSRIL,CLI-MW6BMPUDT9B2,Payment,Health,1570.82,USD,,POS,,,,México,Querétaro,Approved,00,False,21.16,-0.092186,-0.8637522
TRX-B9GUG707H2HKH6W28R4L,2026-05-28 05:12:36,2026-05-27,PRD-9JISH5ZQ9VEA,CLI-WUNM7XT5QHY8,Purchase,Food,1794936.1,COP,448.73,ATM,SUC-HO849Z2Q,Restaurante El Buen Sabor,Food,Colombia,Cartagena,Approved,00,False,13.76,,
TRX-T4TZUXBIZPN9XMN7H73E,2026-05-27 20:58:52,2026-05-27,PRD-RGBEIC0DGHW9,CLI-L3V0VB7M9ZH4,Transfer,,3792.09,USD,,POS,,,,México,Querétaro,Approved,00,False,19.45,,
TRX-A8QO9MKWDLJK1L7A5FWJ,2026-05-27 17:48:33,2026-05-27,PRD-UA1ARXLEYGB5,CLI-QD21K4U2IEFZ,Withdrawal,,431.12,USD,,POS,,,,México,Guadalajara,Approved,00,False,5.02,,
TRX-K78V9GXVPY3DNC387N2W,2026-05-27 23:18:13,2026-05-27,PRD-HSYBBY6Y14TA,CLI-F39GXD65G8SS,Deposit,,18939635.65,COP,4734.91,App,,,,Colombia,Cartagena,Approved,00,False,18.74,,
TRX-WJ4UGL81MB90VTW87ZF7,2026-05-27 15:09:42,2026-05-27,PRD-TRCNLAQ0OX49,CLI-79DPMWWAI6W9,Payment,Health,1066.55,USD,,Web,,,,México,Querétaro,Approved,00,False,25.29,,
TRX-XRRVZ9D4KPQXO4NJNWGN,2026-05-28 00:16:27,2026-05-27,PRD-ZGSHELT5H0PE,CLI-9OKYDFIKH55Y,Payment,Health,285598.33,ARS,816.0,ATM,SUC-7HQXDYLE,,,Argentina,Rosario,Approved,00,False,11.44,-34.6100246,-59.0099115
TRX-A36NN9YSMNUTSWDDR3KO,2026-05-28 01:19:04,2026-05-27,PRD-HD2607GKHMTA,CLI-UDES8FVE44HU,Withdrawal,,51.59,USD,,POS,,,,México,Monterrey,Approved,00,False,5.04,,
TRX-8ZQWA0S69F0KSNOV038U,2026-05-28 05:45:14,2026-05-27,PRD-EY60TG3AY2UQ,CLI-929ZM8UR6MGM,Deposit,,4080.64,USD,,ATM,SUC-WSSLNOPN,,,México,Monterrey,Approved,00,False,28.62,,
TRX-E4DJQS0JA3THZ1RC8XIR,2026-05-27 12:33:31,2026-05-27,PRD-4Z55ILBB9MFZ,CLI-TVRP31VP41GQ,Purchase,Entertainment,422.85,USD,,POS,,Streaming Music,Entertainment,México,Puebla,Declined,54,False,,0.3072686,0.1494141
TRX-UCV92BZ19YY0S97XRHX2,2026-05-27 14:03:53,2026-05-27,PRD-QEPCG4S57PMC,CLI-9PX7UG39KCBR,Withdrawal,,363.28,USD,,Branch,SUC-WU56M94O,,,México,Monterrey,Approved,,False,29.78,0.5356147,0.0379188
TRX-0NE2QY6P9KYZVCDP6SVF,2026-05-28 02:30:05,2026-05-27,PRD-2HZ3X1XKZSKN,CLI-M2YUW0H744AV,Withdrawal,,1253537.66,COP,313.38,POS,,,,Colombia,Barranquilla,Approved,00,False,14.58,4.0531218,-74.8024284
TRX-39BZG5NRH2WQ1V9BEWSX,2026-05-27 22:14:03,2026-05-27,PRD-3NO0GPGFJK93,CLI-PPHTPR2BFEP2,Transfer,,2355.94,USD,,ATM,,,,México,Puebla,Approved,00,False,6.54,-0.6594526,-0.4451597
TRX-294PE14XCETV2E1VJR0W,2026-05-27 20:23:01,2026-05-27,PRD-YWAGDYHS40XP,CLI-80JPB0YF84K5,Transfer,,4336.17,USD,,POS,,,,México,Tijuana,Approved,00,False,7.29,,
TRX-Y9EXQYFLAC6QF4FJ5CQ6,2026-05-28 02:15:05,2026-05-27,PRD-K0X77VS67WGG,CLI-R2161MX6PIR8,Purchase,Other,588115.7,COP,147.03,App,,Boutique Moda,Other,Colombia,Cali,Approved,00,False,4.41,,
TRX-LX5FANHGY0F9YN28OPEE,2026-05-27 19:42:53,2026-05-27,PRD-435U61Z1LJAG,CLI-4FSK2RPVJH16,Transfer,,8893.97,USD,,Web,,,,México,,Approved,00,False,0.27,,
TRX-Y1ST61QKM7EPD164FMXP,2026-05-27 17:26:36,2026-05-27,PRD-KQ6YD4B7M7RI,CLI-5VYSBECR8I2T,Withdrawal,,265.75,USD,,Web,,,,México,,Approved,00,False,29.32,,
TRX-VZY0ACKMPLIA9C76VJXG,2026-05-28 03:53:08,2026-05-27,PRD-AT396SJ536PE,CLI-FNN56LBWQ7IA,Purchase,Entertainment,131.02,USD,,POS,,Teatro Nacional,Entertainment,México,Tijuana,Approved,,False,12.02,,
TRX-NN2ADR1JY3PAWHBLFP3D,2026-05-27 08:09:55,2026-05-27,PRD-51ZAX0VAS1IE,CLI-Z1IFJPZ22QF8,Transfer,,2716069.52,ARS,7760.2,Web,,,,Argentina,Mendoza,Approved,00,False,,,
TRX-MIR96RBGQEA7XWVXXNU8,2026-05-27 11:06:20,2026-05-27,PRD-C6ZI8FULK72R,CLI-GMNLPH6O7M72,Payment,Other,467.55,USD,,ATM,SUC-8XAGRKOC,,,Mexico,Ciudad de México,Approved,00,False,16.94,,
TRX-2PD1G9LR40L5NO72X7DR,2026-05-27 08:17:22,2026-05-27,PRD-7Q9GKJ9H9FDM,CLI-DDD7A2LOX5E2,Purchase,Food,1019524.77,COP,254.88,POS,,Restaurante El Buen Sabor,Food,Colombia,Bogotá,Approved,00,False,17.3,,
TRX-AFCIT6CHHEB6DS3JN8CI,2026-05-28 05:25:50,2026-05-27,PRD-Q6BK9OXR5Y15,CLI-UPBY1H6T3TJM,Purchase,Food,275.3,USD,,Web,,Tienda Don José,Food,México,Ciudad de México,Approved,00,False,15.67,,
TRX-DSV3M6LFTFSBWDX39UK9,2026-05-27 13:21:42,2026-05-27,PRD-ZY3SS0WSAAWO,CLI-4CE2ZCTOXHGS,Purchase,Transport,114066.54,ARS,325.9,Web,,Gasolinera Express,Transport,Argentina,Rosario,Approved,00,False,23.15,,
TRX-79OVBO2UAK3DF027SMID,2026-05-27 12:55:14,2026-05-27,PRD-9G3NLWS3QVC2,CLI-S7WOF7IQRTRG,Transfer,,565929.83,ARS,,App,,,,Argentina,Rosario,Approved,00,False,27.93,,
TRX-UPIXEUFNWZMGJVD5XPG5,2026-05-27 18:40:11,2026-05-27,PRD-18QUGIOFJLUH,CLI-3FY6KH62BYRW,Transfer,,2494.91,USD,,Branch,SUC-KUOJDQSO,,,México,Puebla,Approved,00,False,6.16,,
TRX-FRI67CNSSG2ESUZQKGZU,2026-05-27 14:56:43,2026-05-27,PRD-ESMXH94XE63Q,CLI-ZD74GPNN4YMZ,Deposit,,224.78,USD,,POS,,,,México,Puebla,Approved,00,False,16.09,0.6068078,-0.2520804
TRX-F6Z69V8C5QAQVF8VJIFM,2026-05-28 04:04:24,2026-05-27,PRD-5C7IUC2NZT7O,CLI-R99XTZUSFRSQ,Withdrawal,,12528.74,ARS,35.8,App,,,,Argentina,Rosario,Approved,00,False,18.06,,
TRX-EVNQU8SSXDQKQBG320CN,2026-05-28 03:41:52,2026-05-27,PRD-XY8L7VQGV08B,CLI-902SS9DO5OXU,Payment,,951906.46,COP,237.98,POS,,,,Colombia,Cali,Approved,00,False,27.08,,
TRX-QG47J30OLO4BYNWZQFMA,2026-05-27 17:08:36,2026-05-27,PRD-E5ZIDXDM7N4M,CLI-A8D9BGI4DDMY,Withdrawal,,1563936.8,COP,390.98,POS,,,,Colombia,Medellín,Approved,00,False,29.8,,
TRX-157NEJ7SIUGIGJHVU998,2026-05-28 05:10:35,2026-05-27,PRD-6UJ8SKYDIQ83,CLI-ADOOOYH3ZSAA,Deposit,,2507.45,USD,,ATM,SUC-GKQAVGPP,,,Argentina,Córdoba,Approved,00,False,0.84,-34.8758592,-58.6074841
TRX-DNJFUBZIRFF7PP9YOLD6,2026-05-27 12:14:12,2026-05-27,PRD-1CAARWHLT4SY,CLI-7L74EAN2RMTP,Transfer,,7972.56,USD,,App,,,,México,Tijuana,Declined,14,False,,,
TRX-O07BWFKBBLHHYA0HGV6G,2026-05-27 15:00:50,2026-05-27,PRD-NYYMR41IJMEE,CLI-526QVSZXSV72,Purchase,Entertainment,46183.52,ARS,131.95,Web,,Streaming Music,Entertainment,Argentina,Rosario,Approved,00,False,24.66,,
TRX-H4Q2A6KEI05H165YBT5Y,2026-05-27 22:19:15,2026-05-27,PRD-2W0CPSSPLE5N,CLI-Y9VL1C8NPDVM,Payment,Transport,553918.71,ARS,1582.62,POS,,,,Argentina,La Plata,Approved,00,False,19.12,,
TRX-BHYCUCXSSE68K0XR7991,2026-05-27 14:07:29,2026-05-27,PRD-IJKQHE3JVJWW,CLI-C4KJ4XQ2SHTV,Purchase,Other,1982465.77,COP,495.62,ATM,SUC-PNT72MIS,Ferretería,Other,Colombia,Barranquilla,Approved,00,False,6.84,,
TRX-NSMIJQVO8ISBMJ3IH6WH,2026-05-27 22:40:25,2026-05-27,PRD-HGQL56K9OU0L,CLI-GOV0RGUU3D5Z,Transfer,,29040595.38,COP,7260.15,ATM,,,,Colombia,Barranquilla,Approved,00,False,8.81,,
TRX-WO63800YV2I9RLENZUEK,2026-05-27 22:17:05,2026-05-27,PRD-9XMC7KVN2AJ8,CLI-AYC3B2PPWBKL,Transfer,,7024.87,USD,,ATM,SUC-I3D08YZO,,,México,Guadalajara,Approved,00,False,9.24,,
TRX-0IAYIB9R5XW1E7COYE3V,2026-05-27 21:29:49,2026-05-27,PRD-VUV9F28D5P5U,CLI-L8ML9SD9WXUQ,Payment,Food,648051.14,ARS,1851.57,Branch,,,,Brazil,Salvador,Approved,00,False,4.27,,
TRX-JNLKL2289KEM8449P9W1,2026-05-27 10:17:33,2026-05-27,PRD-BI43GX1HLX8C,CLI-33SYP8GQWTWK,Payment,Food,477.54,USD,,Branch,SUC-VV9NKH6E,,,México,Querétaro,Approved,00,False,1.92,,
TRX-63134VRRA2BN5VMN23ZG,2026-05-28 01:36:28,2026-05-27,PRD-ECY3AD0M6T9M,CLI-4ZJ2GZBVOURZ,Purchase,Services,147.55,USD,,Web,,Servicios Públicos,Services,México,Ciudad de México,Approved,00,False,18.65,,
TRX-XIWC7KAZKP210H88K9JD,2026-05-27 22:09:42,2026-05-27,PRD-6LXM01DWDQHH,CLI-NPAAH4QGPBWP,Payment,Transport,1224.7,USD,,App,,,,México,Puebla,Approved,00,False,21.21,,
TRX-Z0337P9AWCG2ZCFSEW9O,2026-05-27 08:19:31,2026-05-27,PRD-1LTUG3871H20,CLI-DJSZ4ACHH6E3,Payment,Other,272.28,USD,,POS,,,,USA,Houston,Approved,00,False,,-0.7789097,-0.9990707
TRX-ZCL194TGUUO9JLRUSAL5,2026-05-27 20:39:17,2026-05-27,PRD-LWTQURM7IQHF,CLI-VH3IQY2TAFG0,Purchase,Entertainment,332.56,USD,,POS,,,Entertainment,México,Monterrey,Approved,00,False,0.75,,
TRX-1B6WOGGWU8IMZU4K4OLM,2026-05-27 20:53:02,2026-05-27,PRD-WJEGYA5HW3EK,CLI-PCAY2VXMATG5,Transfer,,5521.67,USD,,POS,,,,México,Ciudad de México,Approved,,False,,,
TRX-J59H39Z0DB03RGG0U7Z8,2026-05-27 19:15:11,2026-05-27,PRD-QMAN867TWCYV,CLI-JGOJMCNHQHN8,Payment,Entertainment,6468506.33,COP,1617.13,ATM,,,,Colombia,Bogotá,Approved,00,False,13.31,4.9989137,-73.4823111
TRX-RBBIDANBOT6C6TTZCKAB,2026-05-27 10:33:17,2026-05-27,PRD-A76EOQ5GE8XM,CLI-D42XPBFAQ6A2,Purchase,Services,206.51,USD,,Web,,Servicios Públicos,Services,México,Ciudad de México,Approved,00,False,7.08,,
TRX-963CUARTL9ZA6K0Q584F,2026-05-27 23:00:22,2026-05-27,PRD-40U65IDUMN0W,CLI-NFAB2EYODF96,Transfer,,492033.36,ARS,1405.81,POS,,,,Argentina,Mendoza,Approved,00,False,,-34.7976558,-58.7198286
TRX-FWQEKW1NBTLA8NXVL2QC,2026-05-27 12:37:35,2026-05-27,PRD-5QJ2W2QQS62G,CLI-8RBV7LKK5KTM,Withdrawal,,487.69,USD,,POS,,,,México,Querétaro,Approved,00,False,25.17,-0.3987006,0.1424843
TRX-SUDBVWFOVEJGBJB7FV9L,2026-05-27 15:36:09,2026-05-27,PRD-JVV9XXO4V93F,CLI-R5OHDVQDUZHW,Transfer,,27378151.67,COP,,POS,,,,Colombia,Cali,Approved,00,False,20.26,3.7534071,-73.1126295
TRX-II4A3SI536PBXXU3N2Q0,2026-05-27 12:10:55,2026-05-27,PRD-UD5ROUCE1MDO,CLI-2K0Q1NH8FMJ7,Transfer,,25110896.35,COP,6277.72,POS,,,,Colombia,,Approved,00,False,18.74,,
TRX-0LJ3KQWTGZ18U7IGY1V7,2026-05-27 20:54:13,2026-05-27,PRD-76W022A8U9BY,CLI-JJS2P9HWOZQZ,Withdrawal,,281.91,USD,,ATM,SUC-98QOW3F1,,,México,Ciudad de México,Approved,00,False,29.84,,
TRX-1FZMQEQ2SHTXLGVPX3OD,2026-05-27 13:27:57,2026-05-27,PRD-0WUFGYAHAJW6,CLI-E8UCJKURLRWZ,Purchase,Transport,494.11,USD,,App,,Uber,Transport,México,Querétaro,Approved,00,False,24.63,,
TRX-F0KGLAYBUG0UXM8UX8BU,2026-05-27 16:12:03,2026-05-27,PRD-QBWXJP6UB2M3,CLI-SE35C71J85DF,Deposit,,14845107.65,COP,3711.28,Web,,,,Colombia,,Approved,00,False,4.98,,
TRX-1OHRBC6ARXPPWWTOCRC2,2026-05-27 17:24:33,2026-05-27,PRD-USZ4QO3HBKG4,CLI-3A1FQWVAUJ50,Transfer,,4427.94,USD,,POS,,,,México,Tijuana,Pending,54,False,15.73,-0.1620504,0.8571053
TRX-M2OEMV93GERPTI5TT0PU,2026-05-27 06:18:39,2026-05-27,PRD-JYWM3LTTA5G3,CLI-2BVZRQ5GMDFC,Deposit,,161301.27,ARS,460.86,ATM,SUC-RRCPMD2D,,,Argentina,Córdoba,Approved,00,False,13.1,,
TRX-1YBB0PA66ZOMMWBFVW3M,2026-05-27 11:57:04,2026-05-27,PRD-8CLFXRTJBIN2,CLI-A6A2X3LWRXD9,Transfer,,545.66,USD,,ATM,SUC-9W1MT1C4,,,México,Ciudad de México,Approved,00,False,0.49,-0.3365951,-0.4548551
TRX-CSETW109KXOPMHA6FEQ5,2026-05-27 11:22:38,2026-05-27,PRD-8DPMOKFOF38N,CLI-IGITUJE75MJ2,Withdrawal,,314.94,USD,,ATM,SUC-FQBLIDK9,,,México,Querétaro,Approved,00,False,24.06,,
TRX-UVQZHTG3G0B1D5SZR4GZ,2026-05-27 07:10:19,2026-05-27,PRD-CM548INSSVNA,CLI-JL46D9O41VY5,Withdrawal,,90714.76,ARS,259.19,POS,,,,Argentina,La Plata,Approved,00,False,1.27,-34.0283399,-59.3793369
TRX-5HU43CCVYRLPSFO0P195,2026-05-27 23:20:39,2026-05-27,PRD-6ITGJSHYUFDK,CLI-7XKELHPP1HFZ,Payment,Entertainment,376782.41,COP,94.2,App,,,,Colombia,,Approved,00,False,,,
TRX-VYGZWUU747PIGHWGYLG8,2026-05-27 22:06:12,2026-05-27,PRD-QZQUQTB644WF,CLI-DZK3BJGHGRNZ,Purchase,Entertainment,979785.94,COP,244.95,POS,,Teatro Nacional,Entertainment,Colombia,Cali,Approved,00,False,0.33,5.5441362,-74.4221157
TRX-15N8OEHLSTPR8JFFL1SD,2026-05-27 19:14:26,2026-05-27,PRD-UHDKGAKD9S9W,CLI-Y01YS8ZY0ROS,Purchase,Services,36634.91,ARS,104.67,ATM,SUC-JBECVTZ8,Empresa Telefónica,Services,Argentina,Mendoza,Approved,00,False,12.11,,
TRX-44X7QAB5POENCSVCADLL,2026-05-27 12:06:51,2026-05-27,PRD-9717I4SSWZ4U,CLI-WFE6VACZOZ6P,Transfer,,2107.79,USD,,POS,,,,México,Guadalajara,Approved,00,False,11.47,-0.0087461,-0.068305
TRX-F3DU10IQIZOXBXX819V4,2026-05-27 08:44:39,2026-05-27,PRD-9T3C7RJI670V,CLI-SI6TLDBW7594,Purchase,Health,299.78,USD,,POS,,Clínica Médica,Health,México,Monterrey,Approved,00,False,15.58,,
TRX-K3WP1THBMWU7YVCZLEK6,2026-05-27 21:02:48,2026-05-27,PRD-9GXX73XVMMX5,CLI-TWJ2KPZRFAQL,Transfer,,720531.67,ARS,2058.66,ATM,SUC-TUCFOESJ,,,Argentina,Mendoza,Approved,00,False,22.7,-34.6201376,-58.362806
TRX-LNXKBUC1BEO8MFR4CHG2,2026-05-27 06:46:19,2026-05-27,PRD-6VUOPQUBP0MH,CLI-GN50WY6W91N6,Transfer,,544.79,USD,,POS,,,,México,Monterrey,Approved,00,False,,,
TRX-QYHY1C4GIXMGR1Y3TQE9,2026-05-27 23:00:15,2026-05-27,PRD-MVP89Y6N17YR,CLI-QAOIXRAVQAC9,Transfer,,5572.24,USD,,App,,,,México,Tijuana,Approved,00,False,14.14,,
TRX-9IHMZDPFV7ZO2TUH2M7O,2026-05-27 15:22:31,2026-05-27,PRD-QJVWEQAL1GBT,CLI-F9YD8FQY84XP,Deposit,,4713.06,USD,,POS,,,,México,,Approved,00,False,4.41,,
TRX-A8LXUDWVOS5P3VOWEISY,2026-05-28 00:25:44,2026-05-27,PRD-TL6TCE6PCMB0,CLI-YY3BUZWSM05A,Withdrawal,,53.71,USD,,Web,,,,México,Querétaro,Approved,00,False,17.94,,
TRX-E6YHRKA6ZNAWFI1MHQVW,2026-05-27 08:03:58,2026-05-27,PRD-2ORSX7W6C3UX,CLI-TNM7PIG9HUT6,Deposit,,14054024.31,COP,3513.51,ATM,SUC-HO849Z2Q,,,Colombia,Cartagena,Approved,00,False,22.07,3.7191584,-73.7087827
TRX-P8MWGAWB12NI0WBBX02T,2026-05-27 06:04:13,2026-05-27,PRD-DDUTN6A5C6TQ,CLI-T8RZRV7JJM0N,Purchase,Other,368.63,USD,,POS,,Ferretería,,México,Querétaro,Approved,00,False,18.53,,
TRX-IXZLUOMBMNSUE899ZZMC,2026-05-28 01:25:05,2026-05-27,PRD-D45BPF9VN62E,CLI-GCCFDI5AE0YK,Payment,Food,550560.58,ARS,1573.03,POS,,,,Argentina,Rosario,Approved,00,False,11.16,,
TRX-2GHFT2Z3W06NPK0KKJ6Y,2026-05-27 14:19:08,2026-05-27,PRD-D0ML3PLRZVUX,CLI-J2KE1ZINXYP3,Deposit,,12924205.0,COP,3231.05,ATM,SUC-AXEH5GB0,,,Colombia,Cartagena,Approved,00,False,,3.8673841,-74.3041974
TRX-TVB0FGJBZ9EKVH3SZD3O,2026-05-27 18:15:50,2026-05-27,PRD-UIGAIJD7UMWT,CLI-3TP47K80NJC6,Transfer,,4970.68,USD,,App,,,,Argentina,Buenos Aires,Approved,00,False,22.51,,
TRX-4M2PGL3RK5LGDOUIOOM1,2026-05-27 21:57:48,2026-05-27,PRD-BUPRRYZXJ8SG,CLI-2FNOUF9JMWVO,Deposit,,4911.61,USD,,ATM,SUC-2ATW7QMQ,,,México,,Approved,00,False,5.0,,
TRX-OYZ9Y99AAN1AFZR7M0DW,2026-05-27 11:12:04,2026-05-27,PRD-OTZ8AEOWD1ZS,CLI-0KPA47LOKJHR,Purchase,,284.75,USD,,ATM,SUC-3NEGSLF6,Super Ahorro,Food,Colombia,Cartagena,Approved,00,False,27.53,4.5449754,-74.7825948
TRX-XJXX5EDLO8LT48ULSQB2,2026-05-27 08:05:13,2026-05-27,PRD-4H230N5F962L,CLI-3D9JD7E2NY9C,Withdrawal,,286.19,USD,,POS,,,,México,Ciudad de México,Approved,,False,8.48,-0.5300407,-0.3764013
TRX-G067CIK7QQHGLZP9OI94,2026-05-27 10:13:03,2026-05-27,PRD-E7F9WVI0Q9V8,CLI-W60QYLC39F27,Deposit,,945.5,USD,,POS,,,,México,Tijuana,Approved,00,False,25.27,0.8172682,-0.2187609
TRX-KOEBSOYET7M1O01CFFO5,2026-05-27 06:46:32,2026-05-27,PRD-H86EORTIU9P7,CLI-JPWHR3QAFLCR,Withdrawal,,281.61,USD,,POS,,,,Argentina,Mendoza,Approved,00,False,1.01,,
TRX-HV8KGZFKPA32VGGMH8JX,2026-05-27 13:16:05,2026-05-27,PRD-DBFY84K4Q754,CLI-RSWXYKBQPKSA,Transfer,,6340.27,USD,,Branch,SUC-P65ZGVH3,,,México,,Approved,00,False,14.32,,
TRX-L1WGC4C9B05PQZMZ56ZL,2026-05-27 08:37:56,2026-05-27,PRD-QZ0PDY2KFUA0,CLI-NUXB78VQSI8Y,Purchase,Food,1615274.0,COP,403.82,POS,,Mercado Central,Food,Colombia,Bogotá,Approved,00,False,23.26,,
TRX-TL3E65Q4X4TWVTWWH6US,2026-05-27 12:02:20,2026-05-27,PRD-8CAZ9MN5E2P2,CLI-NM2HLG73MDLR,Deposit,,13199976.08,COP,3299.99,App,,,,Colombia,Cartagena,Approved,00,False,26.11,,
TRX-EZEGWQ0YDN2EL5TXQ62B,2026-05-27 22:17:47,2026-05-27,PRD-G9UD84AKNPIU,CLI-P7QXWZGFYHEW,Transfer,,3321.14,USD,,App,,,,México,Ciudad de México,Approved,00,False,,,
TRX-XJZ12E3J2Q76J640SAI1,2026-05-27 16:09:41,2026-05-27,PRD-XKPPOVEZ1SON,CLI-4U9NTEJ7F6W2,Transfer,,2717.08,USD,,POS,,,,México,Puebla,Approved,00,False,8.01,,
TRX-8K8027UX5ACLS8QY268C,2026-05-27 20:27:30,2026-05-27,PRD-5ZNUROM3FL2A,CLI-UGS2I65MJLJP,Withdrawal,,297.5,USD,,App,,,,México,Ciudad de México,Approved,00,False,17.45,,
TRX-9XBKJHP55S2L4WS7FPLN,2026-05-28 03:09:04,2026-05-27,PRD-LFL57SXRXYMR,CLI-I8RQETQ96L1A,Transfer,,2772.37,USD,,ATM,SUC-MGUQPIKZ,,,México,Guadalajara,Approved,00,False,29.87,,
TRX-YLR8KUP42VG3SGRS3EZ3,2026-05-28 01:41:22,2026-05-27,PRD-DTCJZF8D1XFK,CLI-IG4GNPUYET2Z,Purchase,Entertainment,48.8,USD,,ATM,SUC-8RYAQ0NO,Conciertos Live,Entertainment,México,Ciudad de México,Approved,00,False,4.72,,
TRX-Y4DUACQQ80AAODR5VCLC,2026-05-27 06:15:30,2026-05-27,PRD-2Y6YOCDUPUG7,CLI-42A7IV1S79SE,Adjustment,,480534.42,COP,,ATM,SUC-8AM4U1NU,,,Spain,Valencia,Approved,00,False,8.59,,
TRX-JM39UI66TVEDU3IY6JSS,2026-05-27 17:22:13,2026-05-27,PRD-CY6WVWF15AC6,CLI-2VMXLQ8L09YI,Purchase,Transport,490.02,USD,,POS,,Gasolinera Express,Transport,Argentina,,Approved,00,False,,-34.1918308,-58.894051
TRX-7J6303QFUQL7FD38X41N,2026-05-27 08:49:07,2026-05-27,PRD-C8NMW6EJOM4C,CLI-FHRB0YQHWAVF,Withdrawal,,375.36,USD,,Web,,,,México,,Approved,00,False,,,
TRX-ND17KUIN3EVNLCRPUCSJ,2026-05-27 16:36:45,2026-05-27,PRD-ICV93VTNUO20,CLI-JVZUOEKM1P0H,Payment,Food,5793452.19,COP,1448.36,ATM,SUC-UNXOS8JB,,,Colombia,Barranquilla,Approved,00,False,27.92,4.3404836,-74.6474518
TRX-WCWET02LFQL8RLOB95FA,2026-05-27 16:48:53,2026-05-27,PRD-2Z4GZ96ZQZ0I,CLI-II4I742IHVMU,Transfer,,462372.93,ARS,,POS,,,,Argentina,La Plata,Approved,00,False,21.85,,
TRX-DJ230CBB59LTHY0WASIX,2026-05-27 13:01:20,2026-05-27,PRD-KKL5667RS0SG,CLI-DJ1D9GED5DKG,Purchase,Entertainment,326.46,USD,,ATM,SUC-2QR0HN01,Conciertos Live,,Colombia,Cali,Approved,00,False,28.9,,
TRX-V3NO56PKOJMWEW88TW6K,2026-05-27 09:00:14,2026-05-27,PRD-ACHDXPHG601C,CLI-FZM8JXDWDZKS,Transfer,,16515119.46,COP,4128.78,POS,,,,Colombia,Cartagena,Approved,00,False,13.34,5.5908102,-73.7419589
TRX-ZHIJSRZ3SSFT0UUK5BPC,2026-05-27 08:53:07,2026-05-27,PRD-WIYP771H0U04,CLI-KA6ANAWB855Z,Deposit,,1652.28,USD,,ATM,SUC-552N76DP,,,México,Guadalajara,Approved,00,False,7.67,,
TRX-2BLILPEB410A3V68B5DQ,2026-05-28 00:13:28,2026-05-27,PRD-XVLQ0BG0255G,CLI-FMQB5GFW3LPH,Transfer,,3333626.65,ARS,9524.65,POS,,,,Argentina,Córdoba,Approved,00,False,3.16,-34.9686799,
TRX-54LTB8ATACD7UNUTO98K,2026-05-28 05:50:38,2026-05-27,PRD-KZBFMY0BUL2I,CLI-4DG5PHV9DQBB,Transfer,,35804841.39,COP,8951.21,POS,,,,Colombia,Cartagena,Approved,00,False,,,
TRX-UYCCJ0JE11R7MO829IXA,2026-05-27 08:31:56,2026-05-27,PRD-W3P11TD8EDA3,CLI-YSVC5IWVQL41,Withdrawal,,137642.95,ARS,393.27,ATM,SUC-MAWPQ7HZ,,,Argentina,Buenos Aires,Approved,00,False,,-33.9825005,-57.5456444
TRX-Q3VX9SDO42XFU1XVE9PO,2026-05-28 05:35:13,2026-05-27,PRD-KFYSZ79M2YUN,CLI-EAM0CCRKFBEJ,Withdrawal,,124.53,USD,,POS,,,,México,Tijuana,Approved,00,False,20.02,,
TRX-RH031CPFUU6B3CRC6JII,2026-05-27 20:57:30,2026-05-27,PRD-Q625S0YPRI6E,CLI-YLZNQWB5CYWX,Withdrawal,,110654.1,ARS,316.15,POS,,,,Argentina,Rosario,Approved,00,False,1.01,-33.7297062,-59.2619125
TRX-D4WKVIA5FEW3XHKY7U3Y,2026-05-27 06:00:55,2026-05-27,PRD-RG81DDOC4N7R,CLI-U8EHZ2I7K3PI,Transfer,,535461.9,ARS,1529.89,Web,,,,Brazil,São Paulo,Approved,00,False,,,
TRX-IUQ4CNAX81IPHIYTPJ0O,2026-05-27 15:44:16,2026-05-27,PRD-JYSR9GTESLOW,CLI-71K8NQZL6F2Y,Purchase,Entertainment,1281173.94,COP,320.29,POS,,Teatro Nacional,Entertainment,Colombia,Cali,Approved,00,False,5.33,,
TRX-E7LJVL0A7B6SOUBU0YQQ,2026-05-27 19:11:24,2026-05-27,PRD-KI33JLSV0ESQ,CLI-WNEQYWBDBSN8,Deposit,,18980917.28,COP,4745.23,POS,,,,Colombia,Barranquilla,Pending,14,False,28.44,5.0330144,-73.2314955
TRX-6E0R3H4H0IS5448W1P5N,2026-05-27 11:30:14,2026-05-27,PRD-6S7U6C0VZEYX,CLI-4XL7KBXKISLD,Deposit,,16764512.69,COP,4191.13,Web,,,,Colombia,,Approved,00,False,21.79,,
TRX-ZGN5U9PMAMQCKO7HRJ20,2026-05-27 10:34:27,2026-05-27,PRD-60F9LCAG1SF3,CLI-C5R1JIMPL80D,Deposit,,3151269.36,COP,787.82,ATM,SUC-4OOB7ZFR,,,Colombia,Barranquilla,Pending,05,False,27.75,,
TRX-UTN7ACWS4KHRNI4HFWQN,2026-05-28 03:33:54,2026-05-27,PRD-9H330ESAV3CE,CLI-J3QTXE52FMRL,Adjustment,,325406.16,ARS,929.73,ATM,SUC-UE04XBQH,,,Argentina,Buenos Aires,Approved,00,False,28.1,,
TRX-H2Q5FD5KF8X39G6DX2OR,2026-05-28 01:59:17,2026-05-27,PRD-TP81OR0SM9Y3,CLI-Y3NYWLEBLT48,Withdrawal,,321.0,USD,,POS,,,,México,Monterrey,Approved,00,False,5.47,-0.314065,0.4732037
TRX-BLS17DBSNI9OPRE6T1H4,2026-05-28 02:06:14,2026-05-27,PRD-QPEZEU7DF2WH,CLI-FOTAXNDUU9QV,Payment,Health,1358.04,USD,,ATM,SUC-KKZOCIP3,,,México,Guadalajara,Approved,00,False,,0.5474962,-0.8120622
TRX-9T573CKY5Y8HUB0F0RLC,2026-05-27 16:54:54,2026-05-27,PRD-7G0M4F9X14NJ,CLI-G7KGHAI0O9WS,Transfer,,678.07,USD,,Web,,,,México,Ciudad de México,Approved,00,False,16.66,,
TRX-LGI0UVFMB3BDKSM3SYAJ,2026-05-27 17:19:17,2026-05-27,PRD-LCKNZARFJOY1,CLI-KNNWWF6NAEKE,Payment,Transport,1478.51,USD,,POS,,,,Mexico,Ciudad de México,Approved,00,False,26.65,-0.3873586,0.4176941
TRX-Y9ZI04IGK6OWMOX9O163,2026-05-28 05:25:17,2026-05-27,PRD-OO8MWKH8ZC20,CLI-R2Y5NI1R21J9,Deposit,,4129.57,USD,,ATM,SUC-SFEFYC6O,,,México,,Approved,00,False,8.86,,
TRX-MY7377UW4WUQEK5G52MW,2026-05-28 05:01:54,2026-05-27,PRD-MR3YUKUW0AMA,CLI-T9LHBTXPI8C3,Withdrawal,,218302.27,COP,54.58,ATM,SUC-JA4P9IIP,,,Colombia,,Approved,00,False,2.42,,
TRX-Z0QQY6VTYO55156QZZ5A,2026-05-27 22:40:57,2026-05-27,PRD-XWMRCWQ7BPFF,CLI-ZJ4R6F58JGVN,Purchase,Health,217.98,USD,,App,,,Health,México,Puebla,Approved,00,False,11.07,,
TRX-E89ZBHN4QRULID1S9JDN,2026-05-27 06:41:49,2026-05-27,PRD-ZCD219NE841S,CLI-D8EQXKJJ35E4,Deposit,,11628077.02,COP,2907.02,App,,,,Colombia,,Approved,00,False,,,
TRX-EM8YUSAAQ0CW1GL3VEGH,2026-05-27 12:38:47,2026-05-27,PRD-M5OBOJYX5YGD,CLI-CUAWII191OFK,Purchase,Other,225.82,USD,,POS,,Centro Comercial,Other,México,Querétaro,Approved,00,False,24.66,,
TRX-13G7RUF717DL9RO0RCTX,2026-05-27 14:36:30,2026-05-27,PRD-E23NMUGXLKJL,CLI-DUCLY2SFR1G9,Purchase,Other,42439.51,ARS,121.26,ATM,SUC-7HQXDYLE,,Other,Argentina,Rosario,Approved,00,False,25.86,,-58.5008659
TRX-7N981TXWYFC5ZZ312MKD,2026-05-27 08:59:24,2026-05-27,PRD-WPUNK384J73H,CLI-PQH94T7VTKZS,Withdrawal,,150403.96,ARS,429.73,Web,,,,Argentina,La Plata,Approved,00,False,19.36,,
TRX-TCUDPE2Q9GPYWZZ4X40S,2026-05-28 03:27:37,2026-05-27,PRD-3LAF8WWOPKMG,CLI-4SFRBBLO5RY5,Withdrawal,,1449388.52,COP,362.35,Branch,SUC-4BEKYT6U,,,Colombia,Barranquilla,Approved,00,False,21.35,,
TRX-KNCLY6TWWMAKLU3V6CWK,2026-05-27 08:06:57,2026-05-27,PRD-0ZYJ72N9PWWW,CLI-DU2HNXXTOZIF,Purchase,Transport,1421255.49,COP,355.31,Web,,Taxi Seguro,Transport,Colombia,Medellín,Approved,00,False,8.24,,
TRX-EDQ3FGKXB3XB0Y5UM0V8,2026-05-27 23:51:34,2026-05-27,PRD-8Q0B4E4WQK72,CLI-XG9UD4GIMPLF,Deposit,,4722.82,USD,,POS,,,,México,Puebla,Approved,00,False,28.98,,
TRX-R3W52ZCTN80TFVMR1KZP,2026-05-27 14:12:18,2026-05-27,PRD-LN2QIBC7QEXQ,CLI-FY1FXQBSYRGR,Withdrawal,,116978.93,ARS,334.23,Web,,,,Argentina,Rosario,Approved,00,False,29.66,,
TRX-KK3QZLXBWJE0LAEVFG99,2026-05-28 00:44:23,2026-05-27,PRD-08O0FJOHFKSH,CLI-V4H1PVPG7GYI,Purchase,Other,249.2,USD,,ATM,SUC-IW55XIEY,Tienda General,Other,México,Puebla,Approved,00,False,8.75,,
TRX-T152XMI6J82PMAXQAKR7,2026-05-27 06:01:50,2026-05-27,PRD-QGUVI35E6ALD,CLI-SL51A4OYOCEF,Transfer,,5945.86,USD,,ATM,SUC-DN1V9J1Z,,,México,Puebla,Approved,00,False,24.81,,
TRX-OXCRL140B5C835M488DE,2026-05-28 05:54:12,2026-05-27,PRD-N2D7PAP3WUKV,CLI-W1PDX6E830N8,Transfer,,27554466.27,COP,,Web,,,,Colombia,,Approved,00,False,19.43,,
TRX-FAE0GF4N59OUZDWMC3F4,2026-05-28 01:05:36,2026-05-27,PRD-SB9RZG8U0Z81,CLI-WSPYTCP0SLGF,Purchase,Services,244.06,USD,,Web,,Empresa Telefónica,Services,México,Guadalajara,Approved,00,False,29.41,,
TRX-T44PYKO6L2K9ZYCUWT8K,2026-05-28 00:05:44,2026-05-27,PRD-5VEHGW3J0L8D,CLI-ZR83BSW5QNIR,Purchase,Food,59230.79,ARS,169.23,POS,,Restaurante El Buen Sabor,Food,Argentina,Mendoza,Approved,00,False,,,
TRX-11SEMAEZZEP5MW8VLSOZ,2026-05-27 20:16:19,2026-05-27,PRD-2GB6E4Q1DFLU,CLI-JYTY7J1QHK13,Purchase,Transport,234.4,USD,,ATM,SUC-JGJN78RV,Taxi Seguro,Transport,México,Querétaro,Approved,00,False,13.26,,
TRX-B8W5AFUO6OHWVJEHVL35,2026-05-27 07:06:22,2026-05-27,PRD-SP0SAVQVRCQ7,CLI-T5PGLI356Q0H,Withdrawal,,75638.79,ARS,216.11,ATM,SUC-5XWR79HW,,,Argentina,Córdoba,Declined,14,False,16.1,-34.8193161,-59.2014733
TRX-OFPKNLB0GBEIJWVW3MLH,2026-05-27 07:30:32,2026-05-27,PRD-7S44LC5MUZJD,CLI-37XZE500TU90,Purchase,Health,155689.59,ARS,444.83,ATM,SUC-D4W8JR4A,Clínica Médica,Health,Argentina,Rosario,Approved,00,False,,-34.6138695,-58.2142249
TRX-EQ2F0VG0SN0GL3LAJMLK,2026-05-28 05:55:09,2026-05-27,PRD-W7JANOQMZQVJ,CLI-1PANNOU49I2R,Purchase,Food,44.46,USD,,ATM,SUC-KT11NKNR,Restaurante El Buen Sabor,Food,Spain,Sevilla,Approved,00,False,21.57,,
TRX-ZLLIZ4GGASOAGGNE4SFG,2026-05-28 02:00:12,2026-05-27,PRD-C1RYALWO6KU8,CLI-NW9LRI4AQSNN,Payment,Food,947.51,USD,,Transfer,,,,México,Guadalajara,Approved,00,False,,,
TRX-Q001LQK90OM2I4JJ5RJX,2026-05-27 17:44:04,2026-05-27,PRD-34RAY5J6SYSI,CLI-LR3TA5TRBK7A,Purchase,Services,206.72,USD,,Web,,Cable TV,Services,México,Guadalajara,Approved,00,False,13.02,,
TRX-M1EY2VO7GFI37Q1PGKPL,2026-05-27 18:51:00,2026-05-27,PRD-3GRTZCD3UU5T,CLI-DJF67TBJMUTX,Deposit,,2670.89,USD,,POS,,,,México,Puebla,Approved,00,False,1.34,,
TRX-NZ1DBNF18MXBQ0GXTEZ7,2026-05-28 05:11:13,2026-05-27,PRD-3AY9K2WOZXBJ,CLI-C4GUJZWTLNSP,Transfer,,39272032.08,COP,9818.01,POS,,,,Colombia,Medellín,Approved,00,False,16.44,,
TRX-8Y21FNPSAG465YCQEKCG,2026-05-27 16:44:52,2026-05-27,PRD-QUWIM2VVLA7U,CLI-KK5RAS7IQCK9,Withdrawal,,200.7,USD,,POS,,,,México,,Approved,00,False,7.4,,
TRX-T1VMK9DZEVHYGFFQ7IHC,2026-05-27 12:03:45,2026-05-27,PRD-ZNK70P4M1JKP,CLI-8JAP1O9HK8LL,Purchase,Other,355.01,USD,,Web,,Tienda General,Other,México,Puebla,Approved,00,False,,,
TRX-BVG4FGPLVDU5EUN3HOJC,2026-05-28 00:07:52,2026-05-27,PRD-01OQAMU7JPYC,CLI-5J47LMH7MC8O,Transfer,,21508063.91,COP,5377.02,POS,,,,Colombia,Bogotá,Approved,00,False,29.21,,
TRX-UGB95N7AV5VJG1U1XYHL,2026-05-27 07:11:47,2026-05-27,PRD-NB540G4JNGGN,CLI-OQB4KY5MARBE,Payment,Other,554.12,USD,,ATM,SUC-9DE11KDA,,,México,Tijuana,Approved,00,False,17.26,0.9209812,-0.0120501
TRX-8LWBK93P506XHF8BF1DN,2026-05-28 02:12:44,2026-05-27,PRD-7GEJVK9S3U6O,CLI-ET4QD37EX5NN,Transfer,,8416.91,USD,,ATM,SUC-WSUW783S,,,México,Querétaro,Approved,00,False,,,
TRX-ACDN7TWQZX18GLL60KSD,2026-05-27 16:49:57,2026-05-27,PRD-T2TJM5S58UG1,CLI-VT3GAVAY4UYV,Purchase,Services,1935397.98,COP,,POS,,Internet Plus,Services,Colombia,Bogotá,Approved,00,False,15.46,4.93427,
TRX-CQY5G956C6MVO6XE0J5T,2026-05-28 03:36:00,2026-05-27,PRD-L0U36KLXY0EC,CLI-D62RA1F6CM8B,Transfer,,6325.23,USD,,POS,,,,México,Puebla,Approved,00,False,14.01,-0.5552232,0.8541466
TRX-ERJK53LY4HYHFO6P08C9,2026-05-27 08:35:13,2026-05-27,PRD-8FFSMP03J606,CLI-EZ8R41JLOT59,Purchase,,50161.25,ARS,143.32,POS,,Cable TV,Services,Argentina,La Plata,Approved,00,False,23.04,,
TRX-3D159I152GH1KOEBBFJT,2026-05-27 16:38:10,2026-05-27,PRD-IXEHNATU5IHZ,CLI-2PZABKNO60FC,Withdrawal,,36400.35,ARS,104.0,POS,,,,Argentina,Rosario,Approved,00,False,17.54,-35.4653331,-57.7407945
TRX-O6DX0LM1W277REZQ6MK8,2026-05-28 02:57:42,2026-05-27,PRD-ZCVL6VTDUIQB,CLI-PMSJWPKU5ZYM,Payment,Food,393519.28,ARS,1124.34,ATM,SUC-RAI81ICG,,,Argentina,La Plata,Approved,,False,20.42,,
TRX-A0HF4HJQSTHDEXG7G2C8,2026-05-27 14:54:08,2026-05-27,PRD-F02IBBGLGE6R,CLI-CGVGWQKXI073,Transfer,,1725.31,USD,,App,,,,México,,Approved,00,False,0.59,,
TRX-J3QMBQ9OQ8P2QT680CG4,2026-05-28 00:17:49,2026-05-27,PRD-6MJE2U6M9E1B,CLI-X85VVABZ0KXG,Purchase,,117318.8,ARS,335.2,App,,Boutique Moda,Other,Argentina,La Plata,Approved,00,False,14.15,,
TRX-3P7K7N7S2N6VQCD53LIY,2026-05-27 07:04:39,2026-05-27,PRD-X7YPH4CXN0QJ,CLI-4A2C0I0IZBBR,Adjustment,,896.91,USD,,Web,,,,México,Monterrey,Approved,00,False,8.96,,
TRX-N55QYMP4QNNRGRXBT8NY,2026-05-27 08:24:18,2026-05-27,PRD-YMUIA3Q7CC0O,CLI-ORPUPI2SD9NF,Withdrawal,,1126970.95,COP,281.74,POS,,,,Colombia,Bogotá,Approved,00,False,8.33,5.7108034,-73.0794261
TRX-9YXB0RSHA5MB4A756PTA,2026-05-27 11:08:26,2026-05-27,PRD-IHQSKBZL3P79,CLI-67X79N872OB9,Deposit,,74331.8,ARS,212.38,POS,,,,Argentina,Mendoza,Approved,00,False,10.71,-33.7077537,-57.9566737
TRX-GJPUYG8O9FL8I4JILONC,2026-05-27 13:47:51,2026-05-27,PRD-B6KDOPCCNH5K,CLI-KLI3PGAJTNX7,Payment,Health,2517032.0,COP,629.26,ATM,SUC-E1VTXGEU,,,Colombia,Bogotá,Approved,00,False,8.87,5.2142987,-74.4599757
TRX-K1J5W8PWYV6BYCUU2AVJ,2026-05-27 22:34:27,2026-05-27,PRD-A6B0YKVSWDUY,CLI-PKSGDG192ZWP,Withdrawal,,441172.39,COP,110.29,ATM,SUC-E1VTXGEU,,,Colombia,Barranquilla,Approved,00,False,25.55,,
TRX-CP22HZ3SWIVCHO3SO47J,2026-05-27 16:03:56,2026-05-27,PRD-KFECDT0H62JN,CLI-7YPSI5SPLA5I,Withdrawal,,350.76,USD,,POS,,,,México,Querétaro,Approved,00,False,6.9,,
TRX-KWHN6DHBC0X8ZNPU31BZ,2026-05-27 08:20:03,2026-05-27,PRD-8WRI1X6XJ8F5,CLI-8QSHGDXYX9K6,Payment,Entertainment,981.41,USD,,POS,,,,México,Ciudad de México,Approved,00,False,11.13,,
TRX-ASCRX81SLJYODVXP9AWQ,2026-05-28 04:21:49,2026-05-27,PRD-L888FT7YU4RT,CLI-FZVREWCL95KL,Payment,Other,624935.53,ARS,1785.53,Web,,,,Argentina,Rosario,Approved,00,False,,,
TRX-FCCS54STGLQN1Z2N1VHA,2026-05-27 17:56:57,2026-05-27,PRD-PRR0QDX5N667,CLI-E9FPI781O3SK,Deposit,,2555.81,USD,,App,,,,México,Guadalajara,Approved,00,False,26.99,,
TRX-0P2RQ2RSAYRVO04OP38F,2026-05-27 06:24:12,2026-05-27,PRD-S4XMYF25OL92,CLI-OCSNOVOCB9F4,Deposit,,1585631.86,ARS,4530.38,POS,,,,Argentina,Mendoza,Approved,00,False,28.01,,
TRX-LD0SMU4AB8NLCARG3ZGR,2026-05-27 13:09:32,2026-05-27,PRD-AWMFYNN36OAI,CLI-EW3LCB5ORJFB,Purchase,Entertainment,419.53,USD,,Web,,Teatro Nacional,Entertainment,México,,Approved,00,False,7.95,,
TRX-WYRO52CTWXSET7C030PZ,2026-05-28 02:59:43,2026-05-27,PRD-XL0V7JGMSR37,CLI-YZEYXAAV8Q1B,Withdrawal,,287.91,USD,,ATM,SUC-YZRQJS5X,,,México,,Approved,00,False,,0.9102452,-0.6084143
TRX-WWFNB6YUOQ90ADULCFFU,2026-05-28 01:00:01,2026-05-27,PRD-FD33AQ7RF4SB,CLI-SOG378QQX40E,Transfer,,1491.52,USD,,POS,,,,México,Guadalajara,Approved,,False,23.28,0.8781445,-0.404274
TRX-MV7YJY3WWNHET6666UQP,2026-05-28 03:15:51,2026-05-27,PRD-MGTCO05006KO,CLI-6FOCGFGTRK9B,Withdrawal,,125.71,USD,,Web,,,,Argentina,Buenos Aires,Approved,00,False,10.91,,
TRX-QBNKX6R6QY02F56VTL8Y,2026-05-27 20:55:44,2026-05-27,PRD-Z9QD2HUDFE18,CLI-K7ZMI1AUMQNT,Purchase,Services,488.33,USD,,POS,,Internet Plus,Services,México,Monterrey,Approved,00,False,27.74,,
TRX-RKE3FRO2YIF8MCK6ARH1,2026-05-27 21:48:16,2026-05-27,PRD-RELWIGMST11D,CLI-XLCNI9ZSYZTV,Deposit,,2008.55,USD,,POS,,,,México,Puebla,Approved,00,False,9.42,,
TRX-ZB4OWVCF7IWMKFZJRJTU,2026-05-28 03:24:59,2026-05-27,PRD-1PLOEYN12BLH,CLI-1LCYULUGTLZ8,Transfer,,1440.7,USD,,POS,,,,México,Puebla,Pending,51,False,0.34,,
TRX-ETQAILEP6ITAXYEG5UXX,2026-05-27 19:38:21,2026-05-27,PRD-1YXEYVKCBRW2,CLI-8TLFR4N4G8RW,Payment,Services,1839.99,USD,,App,,,,México,Ciudad de México,Approved,00,False,12.73,,
TRX-5Y0RXL4V9U8U9E0XE8XG,2026-05-27 19:48:33,2026-05-27,PRD-AQD2PIJTZ9M8,CLI-47GHUEVW8EBQ,Purchase,Other,357.8,USD,,POS,,Tienda General,Other,México,Tijuana,Approved,00,False,0.59,-0.8532252,-0.6759135
TRX-640GWNVBE5ELAO4G5BQ3,2026-05-27 09:30:33,2026-05-27,PRD-BPZBZ1BQG1RU,CLI-OY35OQA3JNL0,Transfer,,2951.89,USD,,POS,,,,México,Monterrey,Approved,00,False,,,
TRX-Q5E3H7C03VBGZARTQ8XY,2026-05-27 09:56:42,2026-05-27,PRD-M65H1RKBINJ2,CLI-AMW8PILA7U43,Transfer,,3608.53,USD,,App,,,,México,Monterrey,Approved,00,False,10.48,,
TRX-2H9G8UVE28VWOKJPA0IX,2026-05-27 16:08:05,2026-05-27,PRD-KIQY1O92QVYS,CLI-P0P47AQE1SD8,Payment,Food,914.65,USD,,POS,,,,Colombia,Medellín,Approved,00,False,25.9,,
TRX-Z4LGAYZ6MVHVZGJRH9A2,2026-05-27 12:42:57,2026-05-27,PRD-I3G91AAGQCIA,CLI-UZKLUZWN2HAC,Withdrawal,,31.01,USD,,POS,,,,México,Puebla,Approved,00,False,15.22,-0.8611955,0.4946364
TRX-0YS0L7MNNPBWRJWQ6CX8,2026-05-27 06:14:14,2026-05-27,PRD-GOCAWWDSVK0G,CLI-BNH6JTR3D7OA,Purchase,Food,34667.49,ARS,99.05,App,,Tienda Don José,Food,Brazil,Salvador,Approved,00,False,17.45,,
TRX-4MU0DAT71MZ7TCBQGDOH,2026-05-27 19:34:04,2026-05-27,PRD-R5BAYZ3F9BL3,CLI-EK5Z45AXD9H1,Purchase,Food,226.4,USD,,POS,,Tienda Don José,Food,México,Querétaro,Approved,00,False,1.35,,
TRX-047Y3JV1M094WQ1LMPJC,2026-05-27 11:57:26,2026-05-27,PRD-K5KJY2IXNPY2,CLI-Y3U9KWB8THEN,Withdrawal,,374.39,USD,,ATM,SUC-GOTE3INU,,,México,Ciudad de México,Approved,00,False,,0.3465583,-0.8311454
TRX-DTLGTCLYI2H5W3NGVBNT,2026-05-28 00:54:05,2026-05-27,PRD-FMBRN0UI9KPC,CLI-PALEK3CZ1MBD,Purchase,Health,30.55,USD,,App,,Laboratorio Central,Health,México,Ciudad de México,Approved,00,False,24.65,,
TRX-O5O8V9G33OY5X9J6K8B3,2026-05-27 12:53:49,2026-05-27,PRD-OYEYDVGP6908,CLI-0T0RQV0QIAZY,Withdrawal,,1316136.26,COP,329.03,App,,,,Colombia,Bogotá,Approved,00,False,17.3,,
TRX-MPQBQ6E6IWB7BUBHX10R,2026-05-27 11:59:39,2026-05-27,PRD-WT4FFG7LCTAZ,CLI-IQ1P3VE50HU4,Payment,Food,83989.42,ARS,239.97,POS,,,,Argentina,Córdoba,Approved,00,False,13.46,,
TRX-E2BMKL7RXC2U6P9GSJM9,2026-05-27 17:04:57,2026-05-27,PRD-35WKFVCTISJV,CLI-W5M6KKCFJI63,Withdrawal,,1721439.91,COP,430.36,POS,,,,Colombia,Cali,Approved,00,False,8.51,,
TRX-HNZ3G2B8O9EEDQWBIRSI,2026-05-27 08:14:32,2026-05-27,PRD-HNO1S4ME9L84,CLI-N6KE1M5ME73K,Payment,Services,678.8,USD,,Web,,,,México,Tijuana,Approved,00,False,19.56,,
TRX-EVNTWPHCALUANRARUQ2E,2026-05-27 10:40:34,2026-05-27,PRD-SIDP3AT3WTRJ,CLI-XFNAOIK11IOD,Deposit,,218023.03,ARS,622.92,ATM,SUC-UE04XBQH,,,Argentina,Córdoba,Reversed,54,False,19.9,,
TRX-UISFKUDK2L74ZX4BTH7N,2026-05-27 17:39:45,2026-05-27,PRD-1MUMQXGLZ6BF,CLI-C7OV3VWWTXWO,Payment,Transport,1457.51,USD,,POS,,,,México,Tijuana,Approved,00,False,23.27,,
TRX-0AHX77N9ZLCJV2Q82K4B,2026-05-27 20:03:33,2026-05-27,PRD-QAF4OAZ9TBAB,CLI-TZH5NP5EL398,Purchase,Health,350.85,USD,,POS,,Óptica Visión,Health,México,Ciudad de México,Declined,05,False,6.05,,
TRX-M8K91XBPI99KRGFFFZ31,2026-05-27 11:00:59,2026-05-27,PRD-HX9OQX1JPDT2,CLI-JDSQXC8TOUH8,Transfer,,9849.91,USD,,Web,,,,México,Monterrey,Approved,00,False,4.87,,
TRX-ZK92X4CMPF6J1FNVHDT8,2026-05-27 19:00:16,2026-05-27,PRD-427JUR5FLL92,CLI-5Z6QKNRCYOX5,Withdrawal,,120.26,USD,,POS,,,,México,Tijuana,Approved,00,False,,,
TRX-FK02YX23C07UU6A9TOTH,2026-05-27 07:30:32,2026-05-27,PRD-D73U2UHFSQ6N,CLI-WRJCE51OO8CN,Adjustment,,831.92,USD,,Web,,,,México,Ciudad de México,Approved,00,False,13.97,,
TRX-18RI47TQUGB1D96H2NRN,2026-05-28 00:55:30,2026-05-27,PRD-34FSAWJS9H5X,CLI-NXS2167CGK7I,Withdrawal,,885014.5,COP,221.25,POS,,,,Colombia,Cartagena,Approved,00,False,10.15,5.5414411,-73.1402267
TRX-GJP5PLNF1D94R0W31PMO,2026-05-28 02:33:49,2026-05-27,PRD-R7E9INZRQ10M,CLI-XW6COYM6S7EN,Withdrawal,,379.5,USD,,POS,,,,México,Puebla,Approved,00,False,27.23,,
TRX-08NQ7TEZX1FYA0DSOB7N,2026-05-27 12:04:34,2026-05-27,PRD-027PL53NH3MD,CLI-2V02LCQMTV8B,Payment,Health,1716.86,USD,,ATM,SUC-SDXPHMG4,,,México,Tijuana,Approved,00,False,5.84,,
TRX-00W6K0K04BL47GIHZRL7,2026-05-27 10:53:04,2026-05-27,PRD-J43QLHUYNJXI,CLI-EEQJ04X6CNVF,Withdrawal,,103.13,USD,,Web,,,,México,Ciudad de México,Approved,00,False,11.34,,
TRX-6OV1LY9QECHLA1GANZJJ,2026-05-27 18:14:56,2026-05-27,PRD-2B4BWTN7RLI3,CLI-GAX1SG5XW0XP,Purchase,Health,24585.19,ARS,70.24,POS,,Laboratorio Central,,Argentina,Mendoza,Approved,00,False,8.6,,
TRX-BTYQTUSLSHZIIMBJUU9X,2026-05-28 02:09:51,2026-05-27,PRD-R6NZB6FYJFQP,CLI-GMHS5H1GSEDG,Purchase,Transport,887413.57,COP,221.85,ATM,SUC-VZIGM714,,Transport,Colombia,Barranquilla,Approved,00,False,2.72,3.9991532,-73.8142304
TRX-7RN5TY31ATM0R68QZDGW,2026-05-28 00:00:43,2026-05-27,PRD-SJDU0PV14EFM,CLI-OJIS9RP7MCIE,Deposit,,2215.76,USD,,POS,,,,México,Guadalajara,Approved,00,False,28.53,-0.3812458,0.5515341
TRX-G2YX38Y0H6BVTY6B8XM3,2026-05-27 15:18:17,2026-05-27,PRD-5YN0BELJL8NQ,CLI-T65F8KTBHHWR,Payment,Food,679355.16,ARS,1941.01,POS,,,,Argentina,Mendoza,Approved,,False,27.3,-34.4304859,-57.6134643
TRX-UG484YYNG34HPQSAAX5S,2026-05-28 00:40:04,2026-05-27,PRD-DHEWWH8ZP1UU,CLI-4IN03SDPDX5K,Purchase,Entertainment,34.02,USD,,ATM,SUC-BSMTX3U8,Cine Premium,Entertainment,México,Puebla,Approved,00,False,10.2,,
TRX-CQUAN2CG874ZAAHQJYU6,2026-05-27 06:51:20,2026-05-27,PRD-LIJ9NBS12JL9,CLI-FXR91JODS8RZ,Adjustment,,227.28,USD,,POS,,,,México,,Approved,00,False,,,
TRX-S4GUCHL6F3XSZ9XPEM0B,2026-05-28 02:01:29,2026-05-27,PRD-1VQTQEKYD07G,CLI-VVMFS7QQ301P,Purchase,Services,345.65,USD,,POS,,Empresa Telefónica,Services,México,Monterrey,Approved,00,False,3.85,,
TRX-AV1PZEC38JC7A86CF8BF,2026-05-27 09:32:47,2026-05-27,PRD-71OG2FGZCU2K,CLI-QB39R0D3O16Q,Payment,,1691.4,USD,,ATM,SUC-S49Q0IRI,,,México,Ciudad de México,Approved,00,False,20.85,,
TRX-93HNJU1KMB2VW94VMACE,2026-05-27 13:42:56,2026-05-27,PRD-RMJ5SAN15SRL,CLI-Y7SHSYWMLX76,Withdrawal,,98467.54,COP,24.62,POS,,,,Colombia,Cali,Approved,00,False,28.22,,
TRX-H9AYBBTVVARGR1HU8SGD,2026-05-27 16:00:02,2026-05-27,PRD-5P3G22PJTLQW,CLI-4GBTCV8U5K5Q,Payment,Other,2904476.75,COP,726.12,Web,,,,Colombia,Medellín,Approved,00,False,,,
TRX-WFTCG9ZILVIG2KFGO7WP,2026-05-27 09:19:23,2026-05-27,PRD-IN0HJR95OPGP,CLI-QXLNFNUL2M0T,Deposit,,3767.79,USD,,ATM,SUC-QMYSBASD,,,México,Ciudad de México,Approved,00,False,,,
TRX-G0J5UDQXX1GZ5ALSRWLL,2026-05-27 23:47:22,2026-05-27,PRD-53FQQ0J3R2C8,CLI-JCQYKV8JP7D1,Purchase,Transport,447.01,USD,,POS,,Estación de Servicio,Transport,México,Puebla,Approved,00,False,,0.4304124,-0.6571561
TRX-KNC1PYLJAOHBFNZ41CIN,2026-05-27 21:25:32,2026-05-27,PRD-E53VKWRRFUC2,CLI-JMP6AJZ16U56,Payment,Food,1268.53,USD,,POS,,,,México,Monterrey,Approved,00,False,13.34,,
TRX-BR6CL064XX6R0H7OMKN5,2026-05-27 10:15:59,2026-05-27,PRD-LHHMLB6TNVLT,CLI-G5JZGULF1XQ2,Deposit,,9428939.55,COP,2357.23,POS,,,,Colombia,Barranquilla,Approved,00,False,17.42,,
TRX-UDMYEG3U8EDIDN5NPFR8,2026-05-27 10:34:49,2026-05-27,PRD-Q14H06DIRX2V,CLI-G8QGHUTCOX0M,Transfer,,12082864.92,COP,3020.72,ATM,,,,Colombia,Medellín,Approved,00,False,0.39,,
TRX-JP4LP0PMBPSC3E2SVYXG,2026-05-28 02:39:14,2026-05-27,PRD-BFQ9O39J4KK6,CLI-4DES0QZD31ZA,Transfer,,4287.21,USD,,ATM,SUC-NZJH5BG1,,,México,Puebla,Approved,00,False,2.25,0.4884879,-0.6594535
TRX-XCZNP2O65TLH2RKTWTZC,2026-05-27 19:49:48,2026-05-27,PRD-J90LVHCNX6IU,CLI-Q9P9N33IL0NI,Transfer,,39648651.21,COP,9912.16,POS,,,,Colombia,Medellín,Approved,00,False,22.97,4.2950068,-75.0537369
TRX-VJ4MKBON4FAXQCQY5NWC,2026-05-28 02:12:50,2026-05-27,PRD-6VIOI0CA0R59,CLI-VVLWH0DW1UCL,Withdrawal,,821193.28,COP,205.3,POS,,,,Colombia,Medellín,Approved,00,False,8.83,,
TRX-N5Y2JUOWCHX64GEBRYTO,2026-05-27 22:55:50,2026-05-27,PRD-D54HKVOHT6P2,CLI-EJS3YMB0Q0AC,Purchase,Entertainment,432.12,USD,,POS,,Streaming Music,Entertainment,México,Monterrey,Approved,00,False,7.51,,
TRX-437C0BMM6E0YMDHWPNE8,2026-05-27 17:59:20,2026-05-27,PRD-M5DQXYL0B3YA,CLI-GZLDWL0943DR,Transfer,,4163.83,USD,,POS,,,,México,Monterrey,Approved,00,False,0.36,,
TRX-X1ZO63TDPUXAQEXPYMUA,2026-05-27 18:32:16,2026-05-27,PRD-M8UMOT1AS2E6,CLI-OLV2BMR8DTDH,Withdrawal,,114.36,USD,,POS,,,,México,,Approved,00,False,11.29,,
TRX-2186PCM5LGOJGQUC2LE7,2026-05-27 16:34:44,2026-05-27,PRD-TYVE377F0TG4,CLI-GGB7823JF8P3,Deposit,,150.16,USD,,POS,,,,México,Monterrey,Approved,00,False,24.04,-0.9308617,-0.5271264
TRX-85RY15IDN19YW6AL3BL1,2026-05-28 00:32:18,2026-05-27,PRD-EQXPB2R7YKG2,CLI-5CGZOUJY0M7Q,Deposit,,18617028.71,COP,4654.26,POS,,,,Colombia,Medellín,Approved,00,False,25.91,,
TRX-FN2I8LVH06JBO5PHC1DA,2026-05-27 17:51:21,2026-05-27,PRD-NM4WL67Y4I5C,CLI-80BE2R93C4PT,Withdrawal,,319.58,USD,,Web,,,,México,Guadalajara,Approved,00,False,4.7,,
TRX-LDBY51ZRTQLVCDHGDQ7V,2026-05-28 04:14:52,2026-05-27,PRD-DVEUHPYVTTR4,CLI-3EJMYUL2WRM3,Transfer,,7964.57,USD,,Web,,,,México,Ciudad de México,Declined,14,False,17.39,,
TRX-V97XCEJAHDEYE8LTS1AE,2026-05-27 10:23:36,2026-05-27,PRD-665X1RT3IXLI,CLI-42N3N1FU05YQ,Withdrawal,,335.42,USD,,POS,,,,México,Monterrey,Approved,00,False,27.14,,
TRX-DUSGXIRV6HWVTROJT2G9,2026-05-28 03:02:27,2026-05-27,PRD-TEKBVL9DLDS8,CLI-ASMXUE0SAIP1,Purchase,Food,406.34,USD,,ATM,SUC-UBOAYTJG,Restaurante El Buen Sabor,Food,México,Tijuana,Approved,00,False,4.64,,
TRX-L0X68XDZZUUN4Y1X6RPY,2026-05-27 23:56:40,2026-05-27,PRD-D5YLONL8MTXO,CLI-8KO4FVC6P1U3,Purchase,Transport,1479098.24,COP,369.77,Web,,Gasolinera Express,Transport,Colombia,Cali,Approved,00,False,,,
TRX-MJZNV1D03EMAIUV3Y6MK,2026-05-27 06:27:49,2026-05-27,PRD-MZNABMJ130IF,CLI-T5Y8ZFN6QJTX,Purchase,Food,1259770.83,COP,314.94,ATM,SUC-XZM2NPS4,Super Ahorro,Food,Colombia,Cartagena,Declined,51,False,5.97,,
TRX-MX4NWB2W1QY33I6PKE3Z,2026-05-27 13:04:42,2026-05-27,PRD-B2Z1ALCQK3GQ,CLI-93OI6IT02FS0,Transfer,,8788.22,USD,,App,,,,México,,Approved,00,False,1.13,,
TRX-UFVIYFHEK84WQOOAOYZW,2026-05-27 08:56:10,2026-05-27,PRD-10XDKGSP0PKS,CLI-0OQ9YL92Z1K7,Withdrawal,,191.1,USD,,Transfer,,,,México,Guadalajara,Approved,00,False,21.48,,
TRX-BYC9LSFXL4G2A0UY2IC9,2026-05-27 14:00:29,2026-05-27,PRD-K4DJ4DNUPZ7Z,CLI-HMT89QZBI4J4,Deposit,,1230304.97,ARS,3515.16,App,,,,Argentina,Mendoza,Approved,00,False,27.17,,
TRX-8QJOB0ZHW9JT686WL7VI,2026-05-28 01:18:07,2026-05-27,PRD-RA2SH02UNPLR,CLI-I59OGBERLS83,Payment,Transport,553.03,USD,,POS,,,,México,Monterrey,Approved,00,False,3.31,,
TRX-TTCVJBGEXZWZ5E50LJWZ,2026-05-27 12:17:05,2026-05-27,PRD-BN9DQL19P98V,CLI-1NENVJVPBQRO,Withdrawal,,71.74,USD,,Transfer,,,,México,Puebla,Approved,00,False,,,
TRX-CVRTZOOEGY7QFOMONQOA,2026-05-27 21:13:26,2026-05-27,PRD-HUMPU390292P,CLI-T41HFIJMG3ZJ,Purchase,Food,252.27,USD,,App,,Tienda Don José,Food,México,,Approved,00,False,2.67,,
TRX-SFZGOAY9L6T3MPIFYO0V,2026-05-27 21:23:12,2026-05-27,PRD-W5H30RL9P8KT,CLI-GY6HAB53QDPN,Transfer,,3203.64,USD,,Web,,,,México,Guadalajara,Approved,00,False,7.87,,
TRX-PS5F7T8G55H0199X7M3G,2026-05-27 14:26:56,2026-05-27,PRD-C0GN5SR70MDN,CLI-G70K28V255LS,Deposit,,12203627.03,COP,3050.91,ATM,SUC-M447M9GU,,,Colombia,Cali,Declined,05,False,11.08,5.1123932,-74.438426
TRX-49DY421FD0K4KJM4S8DU,2026-05-27 15:05:26,2026-05-27,PRD-2W0OA7RJQLBO,CLI-QYJAH6JXTAPN,Purchase,Transport,16.93,USD,,ATM,SUC-JDSJM3BZ,Gasolinera Express,Transport,México,Monterrey,Approved,00,False,24.01,-0.3065561,-0.4983036
TRX-QYWSCX32BL25DHHGMYL8,2026-05-27 14:23:45,2026-05-27,PRD-A6M1SNTIR6IT,CLI-OI750NQ2S1OC,Transfer,,2536092.62,ARS,7245.98,App,,,,Argentina,Mendoza,Pending,05,False,,,
TRX-LQV82JAM3H0H83UKEM2K,2026-05-27 21:14:26,2026-05-27,PRD-5M7U41IZWGYY,CLI-SY4EEU4ZC2W2,Purchase,Health,286.72,USD,,App,,Clínica Médica,Health,México,Guadalajara,Approved,00,False,9.39,,
TRX-5YOZRCMJ3Q3Q4OMQLG76,2026-05-27 21:53:46,2026-05-27,PRD-0TQ3E7D6EHZL,CLI-HJ5GBV6UCOJ9,Withdrawal,,53.22,USD,,POS,,,,México,Puebla,Approved,00,False,5.3,,0.8691508
TRX-F8UZWLPKI6U92PF70694,2026-05-27 14:29:46,2026-05-27,PRD-ZGIXGDV1RNQM,CLI-TYU66933IJL3,Transfer,,4741.14,USD,,ATM,SUC-QE974U7T,,,México,Querétaro,Approved,00,False,10.17,-0.1999748,-0.9424008
TRX-RY15JZUAKGF2J94IINNH,2026-05-27 14:47:48,2026-05-27,PRD-DWELNTG1IOY4,CLI-0YODWBBLDAEB,Withdrawal,,1290078.93,COP,322.52,POS,,,,Colombia,Barranquilla,Approved,00,False,,4.6317996,-74.758705
TRX-ZDIC8TE3T0I76EJYSO71,2026-05-27 16:46:32,2026-05-27,PRD-YXUZBU6OEWRM,CLI-2TR4M2R3MV99,Withdrawal,,158.64,USD,,ATM,SUC-MGUQPIKZ,,,Brazil,Rio de Janeiro,Approved,00,False,19.77,0.6711592,0.5218447
TRX-0DSBKFM8E634CERWXWVH,2026-05-27 21:57:23,2026-05-27,PRD-96D79EF1XFZN,CLI-PN5UNGRUC0P7,Purchase,Food,280.75,USD,,Web,,Mercado Central,Food,México,Tijuana,Approved,00,False,27.27,,
TRX-VARXHV2KHNBAXH04ESF8,2026-05-27 20:29:15,2026-05-27,PRD-IKUHYZ6WS244,CLI-AE0UE10EFU49,Payment,Food,58.13,USD,,App,,,,México,Guadalajara,Approved,00,False,6.51,,
TRX-CJYGQV2KH541ELE3JTFX,2026-05-27 13:17:28,2026-05-27,PRD-411H5C34M8I5,CLI-8DD7HD1LGV0E,Purchase,Transport,127.81,USD,,POS,,Estación de Servicio,Transport,México,Querétaro,Approved,00,False,,,
TRX-Q675YHYZ43DQ4UWYOUSY,2026-05-27 18:22:33,2026-05-27,PRD-PULX952ZEX6I,CLI-D8WZGWUN5HB9,Payment,Services,7204566.73,COP,1801.14,App,,,,Colombia,Barranquilla,Approved,00,False,25.82,,
TRX-GZ3G6JX3UUQ5QZ2UMS10,2026-05-27 19:56:48,2026-05-27,PRD-2Z0SRZRPNBOR,CLI-WPPYCIVHBTUR,Payment,Services,339.52,USD,,Web,,,,México,,Approved,00,False,,,
TRX-LLMS2TWP1562SMKNMEG4,2026-05-28 00:05:27,2026-05-27,PRD-43F9E891IWUQ,CLI-VDASD44BKLMR,Withdrawal,,398.48,USD,,App,,,,Colombia,Bogotá,Approved,00,False,2.33,,
TRX-U41XD5TJN8B8GWOCAGDU,2026-05-27 15:30:07,2026-05-27,PRD-J9ARA2D9WR10,CLI-TSPE74N6ADFL,Purchase,Entertainment,235.15,USD,,POS,,Teatro Nacional,Entertainment,México,Puebla,Pending,51,False,27.86,,
TRX-LCTIIAFK8TJ1HXSDQRL3,2026-05-27 21:56:09,2026-05-27,PRD-8MROMY192TJS,CLI-KVLSC5HJ4AJW,Deposit,,1132479.96,ARS,3235.66,Web,,,,Argentina,,Declined,14,False,22.05,,
TRX-OEGRP4IP90B7G2PUGSFK,2026-05-27 12:47:24,2026-05-27,PRD-EOYVZAYZRKP4,CLI-KHHJZZV33HE4,Transfer,,3021.17,USD,,POS,,,,México,Querétaro,Approved,00,False,,-0.3684326,0.6661955
TRX-WPS254NJ1HLOTHYDCWBL,2026-05-28 00:39:24,2026-05-27,PRD-TT5ZWRGAKPAI,CLI-BN3LU0Z3E6K2,Purchase,Food,41932.84,COP,10.48,ATM,SUC-H24HUACK,Tienda Don José,Food,Colombia,Medellín,Approved,00,False,26.8,3.8263079,-74.0011294
TRX-F32UOQXAYC9PPNZX5R73,2026-05-27 19:01:01,2026-05-27,PRD-X0GYLPXRR0QD,CLI-S6PGV4YKJOJA,Withdrawal,,1333458.04,COP,333.36,ATM,SUC-CBL7ISR7,,,Colombia,Medellín,Approved,00,False,23.58,3.7444414,-73.0800949
TRX-TIOODMOEQ1E9OE59UF63,2026-05-27 22:50:45,2026-05-27,PRD-3F38CIKMIHBY,CLI-3Q2XE6X9ZKZY,Transfer,,706860.82,ARS,2019.6,ATM,SUC-QZP6DNTL,,,Argentina,Mendoza,Approved,00,False,,-34.5491909,-58.3977777
TRX-NCOLXZIQ5PETI86LOUBI,2026-05-27 09:59:10,2026-05-27,PRD-T637KBABMBJ8,CLI-7YF7NZNPJZ2G,Payment,Services,524398.87,ARS,1498.28,App,,,,Argentina,Mendoza,Declined,14,False,,,
TRX-Z26Q7E1JJ629ZP7W46JP,2026-05-27 10:30:57,2026-05-27,PRD-62A38JXBRIZD,CLI-L0SQRI9WIHK9,Withdrawal,,457.21,USD,,ATM,SUC-COPO2MJ8,,,México,Tijuana,Approved,00,False,20.72,,
TRX-TLB9T7M32URAO50RQN6Z,2026-05-28 02:58:22,2026-05-27,PRD-N00ETJ968U1L,CLI-CA2IEOHAKQK8,Transfer,,1672978.2,ARS,4779.94,ATM,SUC-115U74JL,,,Argentina,,Approved,00,False,,,
TRX-T6909O8EFZHR021V72WI,2026-05-27 12:15:36,2026-05-27,PRD-9KQ25XUOODUL,CLI-LEN77LQH5L26,Withdrawal,,458.77,USD,,App,,,,México,Querétaro,Approved,00,False,26.9,,
TRX-EXZEDLT61DCPC8SL87NN,2026-05-27 12:31:04,2026-05-27,PRD-YHCK2381DKDJ,CLI-3FRSKW66F8CQ,Withdrawal,,47746.91,ARS,136.42,ATM,SUC-KHBP7W0V,,,Argentina,Buenos Aires,Approved,00,False,,,
TRX-X125GGP4UJ4R3Q09BI2T,2026-05-28 02:45:16,2026-05-27,PRD-H70MGYKWGTTJ,CLI-QWRO7BGXK6HR,Transfer,,36717024.95,COP,9179.26,POS,,,,Colombia,Bogotá,Approved,00,False,15.3,,
TRX-M0OV4X49QS4QPUEK3SCC,2026-05-27 21:37:55,2026-05-27,PRD-JT90YHX3ENH3,CLI-8NVM605XWJ02,Transfer,,2699.03,USD,,POS,,,,México,Querétaro,Approved,00,False,15.2,-0.5284569,-0.1358691
TRX-6CFNVHQTJC2AE7NM44KM,2026-05-27 14:47:27,2026-05-27,PRD-UCBKYKYVW0M0,CLI-KSO3M1Y6F2SV,Transfer,,12535590.82,COP,3133.9,Branch,SUC-06LBAMRN,,,Spain,Sevilla,Approved,00,False,0.33,,
TRX-2M47F03HO7GBDDGK40BY,2026-05-27 20:09:02,2026-05-27,PRD-JDZ7BMF02U7J,CLI-J4J0XVSRBJE9,Purchase,Other,1873503.91,COP,468.38,POS,,Boutique Moda,Other,Colombia,Cartagena,Approved,,False,13.15,,
TRX-3N9NQOZI2GY7NRLHPCEA,2026-05-27 20:02:45,2026-05-27,PRD-6T9QUBQDTRWL,CLI-L2YFOYV3YR35,Payment,,493.51,USD,,POS,,,,México,Ciudad de México,Approved,00,False,8.82,0.3300563,-0.1871851
TRX-2BW5QYSNNXETX8EZUVST,2026-05-28 04:31:12,2026-05-27,PRD-Q4H70GYJ8LYI,CLI-U37FR4MYGYMM,Payment,Health,4348678.84,COP,1087.17,Web,,,,Colombia,Bogotá,Declined,54,False,,,
TRX-UR91OQ78AXMWNVRPO63H,2026-05-27 16:14:38,2026-05-27,PRD-2O8WJ8RS6CKE,CLI-D8MDAIL9J2IS,Payment,Transport,1304.25,USD,,ATM,,,,México,Querétaro,Approved,00,False,6.79,,
TRX-MTLTCTOUJD21F78MGA5Q,2026-05-27 11:38:06,2026-05-27,PRD-G8HF9XJZGFJA,CLI-QKCBUP6UBAQG,Purchase,Transport,162.09,USD,,POS,,Estación de Servicio,Transport,México,Querétaro,Approved,00,False,18.47,-0.3042592,-0.6317138
TRX-BO38MMVB2419TRWVEWC1,2026-05-28 05:26:27,2026-05-27,PRD-GKV97Y9ARCJU,CLI-44ERSXSU7IIN,Payment,Health,813.71,USD,,Web,,,,Argentina,Rosario,Approved,00,False,25.37,,
TRX-F9DD9PH26PMGLMXBAB2D,2026-05-28 02:26:13,2026-05-27,PRD-NBXJUFXE4QV6,CLI-JHVW3VSFWVUH,Deposit,,422626.53,ARS,1207.5,POS,,,,Argentina,Mendoza,Approved,00,False,2.69,,
TRX-4Q32P0T3SVZTA5OQY76I,2026-05-27 21:31:27,2026-05-27,PRD-ZOOR43UY4L5U,CLI-B0QFECE3ALR8,Withdrawal,,72236.54,ARS,206.39,ATM,SUC-RRCPMD2D,,,Argentina,Mendoza,Approved,00,False,9.07,,
TRX-WQAW5UUSF50M9FGL6I7Z,2026-05-28 00:33:11,2026-05-27,PRD-U7A6ZCGMJLO4,CLI-2XZYXON7COR2,Purchase,Services,1407669.86,COP,351.92,POS,,Empresa Telefónica,Services,Colombia,Medellín,Approved,00,False,1.16,4.3651967,-74.455635
TRX-FGXEFK67ARB711J6F9LK,2026-05-28 05:45:57,2026-05-27,PRD-B2F5BLSJY1TZ,CLI-F8L8FM0VHM17,Deposit,,466340.45,ARS,1332.4,ATM,SUC-46JOBFMX,,,Argentina,La Plata,Declined,54,False,19.6,,
TRX-PI437Q5SBL7L34MON7NU,2026-05-28 00:38:37,2026-05-27,PRD-09N7EN1GD85C,CLI-MIDF7K3BNAL0,Transfer,,1703.42,USD,,POS,,,,México,Querétaro,Approved,00,False,15.46,,
TRX-2EP4WQ9OE30S9DXMCMV9,2026-05-28 00:09:21,2026-05-27,PRD-FOM9TI8UQ4SF,CLI-IJT69E3DNU6V,Withdrawal,,451.19,USD,,ATM,SUC-8YXNMWZ7,,,Colombia,Cali,Approved,00,False,3.14,5.4887971,-74.3081419
TRX-CNG82KBTW1DUM3AT405O,2026-05-27 18:47:07,2026-05-27,PRD-H67MPA06WMQU,CLI-BBO8U2V91LNJ,Deposit,,4849.72,USD,,Web,,,,Argentina,Mendoza,Approved,00,False,17.58,,
TRX-AYX175T1I1R3AUPV8XKE,2026-05-27 12:06:50,2026-05-27,PRD-P6K41ILNZ1UZ,CLI-ZL7EGD59BH2R,Purchase,Other,449.26,USD,,Web,,Boutique Moda,Other,México,Tijuana,Approved,00,False,24.0,,
TRX-XPQ1KV8VQ41ZPXVL34CD,2026-05-27 20:24:29,2026-05-27,PRD-ZGUQP9O763TX,CLI-K70AO9N13JRR,Transfer,,7443.7,USD,,App,,,,México,Querétaro,Approved,00,False,5.79,,
TRX-E6779EZY098IBZNWJH4E,2026-05-27 21:14:29,2026-05-27,PRD-HT77U3CNP76N,CLI-N88W2H2YQHRK,Purchase,Food,1084530.48,COP,271.13,POS,,Tienda Don José,,Colombia,,Approved,00,False,,,
TRX-JUPA39P2Y1847CQNRF07,2026-05-27 06:30:03,2026-05-27,PRD-3NPB6ANH1QWR,CLI-38FE6MKVVTHE,Withdrawal,,106.0,USD,,ATM,SUC-5FDGLKJX,,,México,Puebla,Approved,00,False,,,
TRX-4P8WC5HCYR72IY89TKIY,2026-05-27 23:38:19,2026-05-27,PRD-91EBFZGYG6SH,CLI-URTPVO9VWXKP,Purchase,,486.8,USD,,ATM,SUC-I4AA1FSG,Cine Premium,Entertainment,México,Tijuana,Approved,00,False,16.48,0.9403306,0.1631912
TRX-38OOFYUGL1BY3073MJ1E,2026-05-28 04:04:45,2026-05-27,PRD-WBAIY35CEZQU,CLI-HZW6RET0FPFS,Transfer,,4341414.01,COP,1085.35,App,,,,Colombia,Medellín,Approved,,False,26.21,,
TRX-K2XHF2US2V4MWM32763I,2026-05-27 13:44:03,2026-05-27,PRD-SQEGZ3X1S0F2,CLI-VPC61L4VZ2FZ,Transfer,,1034.91,USD,,POS,,,,México,Puebla,Approved,00,False,28.2,,
TRX-D0C6TVR2X0JJQAD98HXI,2026-05-27 09:57:55,2026-05-27,PRD-MZIJ6XDTZ6JV,CLI-V9YFFKQ2DU95,Withdrawal,,294.78,USD,,POS,,,,Argentina,La Plata,Approved,00,False,6.38,,
TRX-ZLY1XS6AMS3MLUVZRDHF,2026-05-27 06:08:30,2026-05-27,PRD-ISV7LPJRMLSN,CLI-YGLZHW4EXZVV,Purchase,Health,413.41,USD,,ATM,SUC-NBZZWX8W,Clínica Médica,Health,México,Puebla,Approved,00,False,,,
TRX-ZFNNPOWS9PB250L0ETPQ,2026-05-27 20:50:51,2026-05-27,PRD-TY6XAA1KNPHV,CLI-2Z2SIBKLSO6K,Transfer,,9043370.93,COP,2260.84,ATM,SUC-C93NERQQ,,,Colombia,Barranquilla,Declined,14,False,,,
TRX-QW37F64PP0E62C1SXKJB,2026-05-27 17:45:45,2026-05-27,PRD-NC51PR7BZEG1,CLI-NFDSWSGE938P,Payment,Food,603334.49,ARS,1723.81,ATM,SUC-GKQAVGPP,,,Argentina,La Plata,Approved,00,False,14.18,-35.3845954,-58.5322239
TRX-ZF22XWW4YREXUG5P7IR3,2026-05-27 19:42:29,2026-05-27,PRD-R2LWP3C9L9QR,CLI-M0P4XBB7BIGD,Payment,Entertainment,510.85,USD,,Web,,,,México,Ciudad de México,Approved,00,False,15.79,,
TRX-FFWHFT5NYMEBJ8M8Y0QM,2026-05-28 02:18:47,2026-05-27,PRD-E3TSG23EEE84,CLI-L10EY7HASN6T,Purchase,Transport,275854.63,COP,68.96,POS,,Taxi Seguro,Transport,Colombia,Barranquilla,Approved,00,False,15.19,,
TRX-S53W6IH5K1RCT82HZ8YG,2026-05-27 14:09:41,2026-05-27,PRD-E14CNI1EE2V7,CLI-KULU9WCEQZJR,Deposit,,4746648.19,COP,1186.66,Web,,,,Colombia,Bogotá,Approved,00,False,25.09,,
TRX-T098BDI5ETFIWKHCDDYD,2026-05-27 11:39:41,2026-05-27,PRD-31EV099FJ5XL,CLI-J39ESQPU2QCN,Deposit,,2695.26,USD,,ATM,SUC-H2ROE7C8,,,Colombia,Barranquilla,Approved,00,False,2.96,,
TRX-Z7SLTMND9PFN45BLO88O,2026-05-27 06:25:33,2026-05-27,PRD-X1XMAYN5Y6A9,CLI-TBYH6IU6HRRF,Withdrawal,,146390.61,ARS,418.26,App,,,,Argentina,Rosario,Approved,00,False,11.22,,
TRX-LXXC5LOJGNQ2HP9GUN4X,2026-05-27 13:13:40,2026-05-27,PRD-9EQSMFAXZ49R,CLI-64JOV03R7UY3,Adjustment,,441.49,USD,,ATM,SUC-1DANZ3LD,,,México,Querétaro,Approved,00,False,,,
TRX-5UPBTJI0KBUR6WLXO6L0,2026-05-27 16:21:29,2026-05-27,PRD-952TXAQM9LI2,CLI-4ZDWRRC10VJL,Deposit,,15767815.72,COP,3941.95,POS,,,,Colombia,Cali,Approved,00,False,,5.6548689,-74.3894419
TRX-2D46XKVWIMCH6VBQ7UX8,2026-05-27 09:20:07,2026-05-27,PRD-UC3U62CNPDOP,CLI-M60OYQ6Z0H6J,Purchase,Food,114.56,USD,,POS,,Super Ahorro,Food,México,Monterrey,Approved,00,False,29.41,,
TRX-57INQKUJBDTLNE8BP9UL,2026-05-27 22:46:36,2026-05-27,PRD-YID4ANFKA0DX,CLI-KI3PPP63HU13,Withdrawal,,409.34,USD,,POS,,,,México,Monterrey,Approved,,False,9.75,,
TRX-GRR65ENQG5WTDL3A8RZ6,2026-05-28 01:07:36,2026-05-27,PRD-2UR52NWZGUOT,CLI-T87P37B12E1U,Transfer,,743.1,USD,,Web,,,,México,Tijuana,Approved,00,False,27.27,,
TRX-SANK6EUFP6UEJDEIKZ00,2026-05-28 01:34:19,2026-05-27,PRD-1DNAQAP8OQSQ,CLI-4LR8XOB5IX8E,Payment,Transport,853.84,USD,,App,,,,México,Puebla,Approved,00,False,0.87,,
TRX-LNRO1WVUYVVJPHR0XXCQ,2026-05-27 16:50:16,2026-05-27,PRD-BKVAOE6K65NX,CLI-4SDGKXZF1KHC,Withdrawal,,265.26,USD,,Web,,,,México,Tijuana,Approved,00,False,27.74,,
TRX-8WAMD1DHKLG6AY2WUULJ,2026-05-27 20:05:15,2026-05-27,PRD-4B5N8P695T9Z,CLI-A2Z17BMTK1JM,Transfer,,714.22,USD,,App,,,,México,Ciudad de México,Declined,51,False,3.91,,
TRX-CL49041V3MEJ5N31Y4N0,2026-05-27 20:43:15,2026-05-27,PRD-YO0YHTF65H83,CLI-CVFDE8KLAB1U,Payment,Other,869.76,USD,,App,,,,México,Querétaro,Approved,00,False,28.52,,
TRX-QBSCDF0H31FSLZ2ESKX3,2026-05-28 00:32:06,2026-05-27,PRD-BYPY75IRASGI,CLI-EJWEV3HH94KV,Withdrawal,,244.98,USD,,POS,,,,México,Querétaro,Declined,51,False,6.89,,
TRX-XEO3VRKEZWDG3QUKITUV,2026-05-28 02:47:23,2026-05-27,PRD-9Y7BRB5YECWA,CLI-LZWZGGJR5M09,Transfer,,7140.42,USD,,POS,,,,México,Ciudad de México,Approved,00,False,14.51,0.6268991,-0.9499794
TRX-MRDH31C2G0HZL9F17SW2,2026-05-27 22:39:11,2026-05-27,PRD-UKY0UYEE88GZ,CLI-D14VV9E6JOH9,Purchase,Food,87886.39,ARS,,POS,,Super Ahorro,Food,Argentina,Mendoza,Approved,00,False,27.54,,
TRX-3KKK8WE43YK43OE68D13,2026-05-28 03:39:46,2026-05-27,PRD-J4RCZ6D0XFUL,CLI-VBFEMG7QRQJA,Withdrawal,,194998.9,COP,48.75,POS,,,,Colombia,Cartagena,Approved,00,False,2.51,,
TRX-XH9WL0KVASRVP9YGBO1J,2026-05-27 21:07:55,2026-05-27,PRD-FTLFV9NWG5NQ,CLI-7ZTSAAC7PNMN,Transfer,,4886.75,USD,,POS,,,,México,Puebla,Approved,00,False,22.17,,
TRX-KL3RLHJK8MMNJSOS6WD2,2026-05-28 00:51:08,2026-05-27,PRD-JPT1CFRQ3MXV,CLI-6GDJAM19NBB5,Withdrawal,,101350.62,ARS,,Web,,,,Argentina,Rosario,Approved,00,False,10.77,,
TRX-LCD6WZ3U83CLYXBIK40V,2026-05-27 20:10:12,2026-05-27,PRD-I5PL9KEU0RW9,CLI-DIXUPGNK87YY,Purchase,Health,309.59,USD,,POS,,Óptica Visión,Health,México,Ciudad de México,Approved,00,False,9.91,,
TRX-2VBALDOR0H10WMP81CB0,2026-05-27 16:50:44,2026-05-27,PRD-UTK8X28LIKVT,CLI-TH1X8SEG5Q03,Transfer,,8594.13,USD,,App,,,,México,,Approved,00,False,10.65,,
TRX-C5PATLK9SHOJ2RVN22XY,2026-05-27 09:03:57,2026-05-27,PRD-PVGOHJN2M4F0,CLI-BXO940CXKXO5,Purchase,Services,434.27,USD,,POS,,Empresa Telefónica,Services,Argentina,Buenos Aires,Approved,00,False,28.01,0.7312294,-0.6755293
TRX-HAAZK72WD0FIEQEMU8YX,2026-05-27 17:42:56,2026-05-27,PRD-VZ1WC94DBI24,CLI-1ZYXLNFO3GNH,Withdrawal,,1452232.93,COP,363.06,POS,,,,Colombia,Barranquilla,Approved,00,False,,4.3424204,-74.2377427
TRX-5UH6MS6D5D0ME6VR8RIO,2026-05-27 09:38:38,2026-05-27,PRD-VIKQO6P505IN,CLI-8OFAPZ42BQK4,Deposit,,11450865.77,COP,2862.72,ATM,SUC-AXEH5GB0,,,Colombia,Cali,Approved,00,False,7.66,,
TRX-CG6MS41A4LO14KNS69DM,2026-05-27 16:47:50,2026-05-27,PRD-NRTGRQIPBEW3,CLI-WDJ6ITMWL67M,Adjustment,,388.59,USD,,Branch,SUC-JJT8C9XQ,,,México,Monterrey,Approved,00,False,27.3,,
TRX-ZIXO01844HBAT0XPNMWK,2026-05-27 14:14:10,2026-05-27,PRD-DEYONKEC6WUR,CLI-KMHI1J5FPNHB,Withdrawal,,393.51,USD,,App,,,,México,Tijuana,Approved,00,False,27.68,,
TRX-LB5QTREF522MRZC2H8J9,2026-05-27 07:25:38,2026-05-27,PRD-BXTEGZH8UEJS,CLI-GIN4H9W10IY1,Transfer,,22208536.34,COP,5552.13,ATM,SUC-E5CCM8ZI,,,Colombia,Cali,Approved,00,False,0.56,,
TRX-NW09WPYC471C8Y0NRM7F,2026-05-27 06:02:42,2026-05-27,PRD-K0UW83R80RRD,CLI-7R18R8U31P62,Payment,Food,1324.95,USD,,POS,,,,México,Ciudad de México,Declined,05,False,4.79,,
TRX-K1E02HFE0C49LWMU1VKF,2026-05-27 17:41:30,2026-05-27,PRD-HN8IXM946ELB,CLI-MRYZUWRAP8JJ,Withdrawal,,440.17,USD,,Web,,,,México,Ciudad de México,Approved,00,False,,,
TRX-M5JFYSPX75YL92168Q7R,2026-05-27 21:42:00,2026-05-27,PRD-2P7NRLG6BSNS,CLI-DMGQUTVUJC8Y,Payment,Other,575866.6,ARS,1645.33,POS,,,,Argentina,La Plata,Approved,00,False,3.88,,
TRX-B09SQL2U603U3K9JFV7H,2026-05-27 21:19:33,2026-05-27,PRD-VL48P7ENXV8I,CLI-53ZA74WYXERD,Adjustment,,235.84,USD,,App,,,,México,Querétaro,Approved,00,False,10.99,,
TRX-PEWP17A0RB3LNP2FISMN,2026-05-27 06:35:07,2026-05-27,PRD-5KLQUAZR0690,CLI-NU2JZQ3LC890,Withdrawal,,149.36,USD,,ATM,SUC-XT96PBC0,,,México,Monterrey,Approved,00,False,13.4,,
TRX-X9FQ63MMHHJF2EM7STX1,2026-05-28 02:57:03,2026-05-27,PRD-1U48RTDMFG5D,CLI-9URU7TUXNSHG,Transfer,,5155.78,USD,,POS,,,,Mexico,Puebla,Approved,00,False,,,
TRX-NA65Q8KGS2IL9HELEWE0,2026-05-27 13:09:25,2026-05-27,PRD-RZGT4HERD81G,CLI-CLV0KZNAJXGM,Payment,Transport,3487030.75,COP,871.76,Web,,,,Colombia,Cartagena,Approved,00,False,5.04,,
TRX-X3YIMDF502ORH99CTQTQ,2026-05-27 14:06:20,2026-05-27,PRD-7XT8Q1WH83H1,CLI-0YDDMLAACYR0,Transfer,,1928043.25,ARS,5508.69,POS,,,,Argentina,Buenos Aires,Approved,00,False,,-34.1587932,-57.8202322
TRX-GXKCRRSGD6X1IABX9VK8,2026-05-27 15:50:32,2026-05-27,PRD-TZL30Z2LA57J,CLI-K3EC4IX5GNEC,Transfer,,6011.01,USD,,Web,,,,Mexico,Puebla,Approved,00,False,13.85,,
TRX-XZBZB4QOPZVMHDUHUE3Q,2026-05-27 07:44:14,2026-05-27,PRD-OSHOQ05C93Z4,CLI-JYAJRCGY7BQA,Payment,Food,629.8,USD,,Transfer,,,,México,Monterrey,Approved,00,False,24.69,,
TRX-QKIO9U2AXEGJSJ84YGN7,2026-05-27 18:48:31,2026-05-27,PRD-1I28R5X7KADS,CLI-OU2S6RJAMXFQ,Deposit,,1039547.43,ARS,2970.14,Web,,,,Argentina,Rosario,Approved,00,False,,,
TRX-3PJ14K4H3ELX3CZXCM2A,2026-05-27 08:17:51,2026-05-27,PRD-MZACPSZ87TLQ,CLI-0HLP90QCRQ7M,Payment,Entertainment,4325750.65,COP,1081.44,ATM,SUC-E1VTXGEU,,,Colombia,Cali,Approved,00,False,15.16,,
TRX-866XEDLB5PB6DJGZJBAA,2026-05-28 02:48:59,2026-05-27,PRD-R18UDJSQS7A7,CLI-7EESVH5FOCOD,Purchase,Food,418.57,USD,,ATM,SUC-F61XHTE2,Tienda Don José,Food,México,Querétaro,Declined,14,False,,,
TRX-U3ZR7KQA1VU9GHME05EP,2026-05-28 03:57:28,2026-05-27,PRD-89KSCIM2HKFQ,CLI-Z5S871F7MVA3,Transfer,,9369.87,USD,,ATM,SUC-YZKP5AYK,,,Mexico,Monterrey,Approved,00,False,29.34,,
TRX-C3DLZQGOTKTVGJQGNCZR,2026-05-27 17:20:26,2026-05-27,PRD-4NFTLFSUSBH3,CLI-QPQMK1LZJY6H,Transfer,,2951525.7,ARS,8432.93,POS,,,,Argentina,Córdoba,Approved,00,False,5.05,,
TRX-2M989MYBEKVB3IDN7OUG,2026-05-27 08:38:04,2026-05-27,PRD-B96GBUK9L47N,CLI-TNDTRHGVK9EV,Purchase,Services,829629.76,COP,207.41,ATM,SUC-GPHM9NB1,Cable TV,Services,Colombia,Medellín,Approved,00,False,,,
TRX-IGLTD7DR39TVEZ0NZPXE,2026-05-27 21:22:21,2026-05-27,PRD-DCJFQU3RTF63,CLI-IZKVKZG7TQOU,Payment,,7282072.2,COP,1820.52,Web,,,,Colombia,,Declined,54,False,3.16,,
TRX-W1SRYV41BL33YWG4591R,2026-05-28 01:56:25,2026-05-27,PRD-LNRH77SS1L0Q,CLI-TQTUL8R47IFX,Payment,Health,235155.36,ARS,671.87,POS,,,,Argentina,Rosario,Approved,00,False,6.09,,
TRX-WCRV6DH6S85ZHKC1NS96,2026-05-28 04:26:54,2026-05-27,PRD-DX12G8W6G2UF,CLI-0HFV7W62QI3C,Withdrawal,,440462.59,COP,110.12,POS,,,,Colombia,Barranquilla,Approved,00,False,26.41,4.0472633,-74.9282272
TRX-0U9O79BNBOVH7SDJEKN5,2026-05-27 14:10:03,2026-05-27,PRD-TFYQL4XIG488,CLI-ZMQU24PUQGQY,Withdrawal,,41.01,USD,,POS,,,,México,Monterrey,Approved,00,False,27.68,,
TRX-ST86JKJE9MNGTT2EIGFH,2026-05-27 09:08:25,2026-05-27,PRD-N2XRQXZ1P6M4,CLI-WKU8DUC0TTTJ,Transfer,,8478.55,USD,,Web,,,,México,Puebla,Approved,00,False,,,
TRX-FNDWHHX4SBJM05H31WTZ,2026-05-27 09:40:55,2026-05-27,PRD-DRDPAPPXK3ZR,CLI-6D64CX0AQFT3,Deposit,,7129446.04,COP,1782.36,POS,,,,Colombia,Bogotá,Approved,00,False,17.88,,-74.9875817
TRX-F7LFZCIXSRHQU3SGQ2GD,2026-05-28 01:16:21,2026-05-27,PRD-W7L580BI0L00,CLI-NZIIGUQC7TWJ,Purchase,,505648.62,COP,126.41,ATM,SUC-WH83BE50,Mercado Central,Food,Colombia,Bogotá,Approved,00,False,,,
TRX-L6RWCWMW24EQGN1LFKWD,2026-05-27 19:07:43,2026-05-27,PRD-V5LSZLXJJDU7,CLI-KDERGFEM2PKC,Withdrawal,,200.89,USD,,Web,,,,Argentina,Córdoba,Approved,00,False,13.21,,
TRX-7X38V5XC1E9NCNJQTMEW,2026-05-27 20:58:08,2026-05-27,PRD-I6OWWWEUK2NZ,CLI-C4TDHDG9TXWR,Withdrawal,,107106.37,ARS,306.02,ATM,SUC-OSJVEL9O,,,Argentina,Rosario,Approved,00,False,26.37,,
TRX-EELHVZEB2978JV4Y3JOK,2026-05-27 23:08:37,2026-05-27,PRD-HG9MR2SZ8NEK,CLI-5IVCEVEVKD5O,Deposit,,464551.6,ARS,1327.29,Web,,,,Argentina,Buenos Aires,Approved,00,False,,,
TRX-DNIJXA0LCVSN6FN5NIOE,2026-05-27 19:48:06,2026-05-27,PRD-4QGHDG1UWUN0,CLI-9LXKCLP6SBGM,Purchase,Other,192.09,USD,,POS,,Tienda General,Other,México,Querétaro,Approved,00,False,25.05,,
TRX-33TPMVFNZCC0MAOV445G,2026-05-28 04:16:58,2026-05-27,PRD-H2UTZ6C52VH5,CLI-5L5OYNRP5UWT,Withdrawal,,282.96,USD,,ATM,SUC-NOBD5N9U,,,México,,Approved,00,False,13.27,,
TRX-YYHX0BZQUREFEPB62Y07,2026-05-27 19:26:59,2026-05-27,PRD-AD3Y7AMUAAW5,CLI-04PISUDCZ3E4,Payment,Other,6550876.7,COP,1637.72,ATM,SUC-EXKJNP13,,,Colombia,Medellín,Approved,00,False,14.98,,
TRX-UUY61UE6BO25UAZK73UD,2026-05-27 07:44:29,2026-05-27,PRD-MWCD1TG4JF8N,CLI-WOHYFB0EPBIV,Withdrawal,,122117.33,ARS,348.91,ATM,SUC-HBYNA6O6,,,Argentina,Córdoba,Approved,00,False,28.06,,
TRX-CI2J4AHAYVNXO2NPY1W7,2026-05-28 03:26:34,2026-05-27,PRD-Y411PHOMR0UU,CLI-1TWBNP6670GC,Purchase,Entertainment,104.75,USD,,Web,,Teatro Nacional,Entertainment,México,,Declined,51,False,20.22,,
TRX-FSPDKXKUHU4MLV7TVJ8Y,2026-05-28 03:50:02,2026-05-27,PRD-G5WMRP0115M6,CLI-NUV8WDV6366C,Purchase,Other,450.64,USD,,App,,Centro Comercial,Other,Argentina,Córdoba,Approved,00,False,10.13,,
TRX-7F0GT9R0TWFDCIM0RK85,2026-05-27 06:19:53,2026-05-27,PRD-MX2Y251RW73U,CLI-CVQ31E38JE7Y,Purchase,Other,1461269.28,COP,365.32,Web,,Boutique Moda,Other,Colombia,Bogotá,Approved,00,False,13.89,,
TRX-PEKQ531JGTTQS233B6CE,2026-05-27 19:47:11,2026-05-27,PRD-B2C6XFXXJCBB,CLI-S7OBSA94AICJ,Transfer,,19953659.9,COP,4988.41,Web,,,,Colombia,Cali,Approved,00,False,26.04,,
TRX-KPRWIJ00IC0L8ROO8547,2026-05-27 12:20:24,2026-05-27,PRD-7R4QBEZC1YT9,CLI-T9Q6MJ1MIAT2,Purchase,Services,71395.82,ARS,203.99,ATM,SUC-571XLYQB,Internet Plus,Services,Argentina,,Approved,00,False,15.37,-34.6680052,-59.1567039
TRX-XFGFDCX0VKDEMEIGMY67,2026-05-27 07:37:20,2026-05-27,PRD-VFK5HSGXLBSX,CLI-IKXTQAYR8LP9,Deposit,,2331.89,USD,,POS,,,,USA,Los Angeles,Approved,00,False,18.53,,
TRX-P39ZOPMV8UWVK2V8V785,2026-05-27 17:41:55,2026-05-27,PRD-6AS4RNVRCUID,CLI-TQPZN6MEG727,Withdrawal,,687843.06,COP,171.96,App,,,,Colombia,Cartagena,Approved,00,False,0.73,,
TRX-EXHIFR1IPZ4UG8L634AU,2026-05-27 09:11:41,2026-05-27,PRD-OTJR6JGVYQ1G,CLI-32IPFL8QEST0,Adjustment,,311804.39,ARS,,ATM,SUC-0LZRXHCF,,,Argentina,La Plata,Approved,00,False,28.0,-34.8595174,-58.3844309
TRX-1EQPXZHFS2SCUKZCLFO0,2026-05-27 09:53:36,2026-05-27,PRD-LLI1TCUQCOVO,CLI-UYGB4MT0GBLB,Deposit,,3254.83,USD,,POS,,,,Colombia,Bogotá,Approved,,False,,,
TRX-BYPHV6BCPLCF6TH8JMIV,2026-05-27 12:33:04,2026-05-27,PRD-7PSDK4JNTWQ6,CLI-7T0SFPR4LQS2,Deposit,,1487.61,USD,,Web,,,,México,Tijuana,Approved,00,False,21.76,,
TRX-Z8PES4H9P87A8Y98G4BO,2026-05-27 07:50:00,2026-05-27,PRD-8FRVJ9RJMLNR,CLI-C1FNCO9E3WIE,Deposit,,232.08,USD,,POS,,,,Colombia,Cartagena,Approved,00,False,21.38,,
TRX-UDGMTJTQHU0C7K34K2T3,2026-05-27 22:14:30,2026-05-27,PRD-3I24HYOG1W1V,CLI-0AJUZU3D31J1,Purchase,Other,168541.84,ARS,481.55,App,,Ferretería,Other,Argentina,La Plata,Approved,00,False,29.25,,
TRX-776DVLUIMO24SA455Y0O,2026-05-27 18:25:06,2026-05-27,PRD-QP0U3Z97HV1M,CLI-9SXDW3QZLUHV,Deposit,,16126124.18,COP,4031.53,App,,,,Colombia,,Approved,00,False,,,
TRX-7349UDI7MO017KB4S35W,2026-05-27 21:12:51,2026-05-27,PRD-KUPRBD1ZXNLA,CLI-9HWTSHMKLQUA,Transfer,,8495.68,USD,,App,,,,México,Monterrey,Approved,00,False,18.2,,
TRX-2T2LO6O38MQZHRUHIME5,2026-05-28 01:56:17,2026-05-27,PRD-WW0TF6TKU9RK,CLI-ZIWJ9MF3OAHQ,Withdrawal,,52447.26,ARS,149.85,Branch,SUC-NRVN9ND4,,,Argentina,Rosario,Approved,00,False,10.09,,
TRX-AD7L2MYZ7EESDACMU9PW,2026-05-27 08:05:34,2026-05-27,PRD-H2WW7WQDRA86,CLI-YJCYM82WQ2VI,Purchase,Transport,18034.2,ARS,,ATM,SUC-UUF77WSC,Taxi Seguro,Transport,Argentina,Mendoza,Approved,00,False,,,
TRX-FSWH5TD0C3CKJ3NAK7HB,2026-05-28 01:45:10,2026-05-27,PRD-2DLEMGFWMJ5D,CLI-ZVQKM7GA5RD1,Withdrawal,,44274.61,ARS,126.5,POS,,,,Argentina,La Plata,Approved,,False,27.38,,
TRX-5ESD3V4W38084VHAR8BU,2026-05-27 12:53:51,2026-05-27,PRD-12NPY1UD38GZ,CLI-26TGVBVQOAWU,Purchase,Transport,593352.63,COP,148.34,Web,,Estación de Servicio,Transport,Colombia,Cartagena,Approved,00,False,20.14,,
TRX-W0NG4Y1XAKP7KBWBVH56,2026-05-27 07:19:28,2026-05-27,PRD-RWWHJUSP41UT,CLI-FWAP71V0GOMR,Transfer,,7380.39,USD,,ATM,SUC-ISPO1DES,,,México,Tijuana,Approved,00,False,26.98,,
TRX-AGHSPGBDSD6ZNLLMA4IZ,2026-05-27 23:11:44,2026-05-27,PRD-867QNFH476JC,CLI-AL7FUML3026S,Payment,Food,5901532.76,COP,1475.38,Web,,,,Colombia,Cartagena,Approved,00,False,24.44,,
TRX-GA43VP73WPFEIWOICGHY,2026-05-28 03:37:08,2026-05-27,PRD-JDBCDQKC63OX,CLI-9DN64OFGILWX,Purchase,Food,75.5,USD,,ATM,SUC-2ATW7QMQ,Tienda Don José,Food,México,Puebla,Declined,54,False,4.17,,
TRX-MSAWLTCS91NR4G41YT9P,2026-05-28 02:56:02,2026-05-27,PRD-0QY5ZU6XCBNB,CLI-F37CPWET5I3C,Purchase,Other,161405.16,ARS,461.16,ATM,,Tienda General,Other,Argentina,,Approved,00,False,7.11,,
TRX-PW97NRSC8U2NAKS1YK7H,2026-05-27 07:10:10,2026-05-27,PRD-JRHMB9WKS1XB,CLI-USA6G0GFIS97,Purchase,,1890149.96,COP,472.54,App,,Super Ahorro,Food,Colombia,Cartagena,Approved,00,False,28.27,,
TRX-2EYG7FCGL8GUS2TKJYVI,2026-05-27 23:02:58,2026-05-27,PRD-9MAPWICDABMK,CLI-DYFULJ90FGEO,Transfer,,28226788.36,COP,7056.7,POS,,,,Colombia,Cartagena,Approved,00,False,16.58,,
TRX-ZSM48G6GTOVN85NC9OUN,2026-05-27 16:20:59,2026-05-27,PRD-K24TEZFT9II1,CLI-7JZ0LA5JPWTK,Withdrawal,,173.98,USD,,App,,,,México,Ciudad de México,Approved,00,False,9.86,,
TRX-LPZ0UIZ51U3G5XJPZXTU,2026-05-27 12:36:07,2026-05-27,PRD-9HMLDA8IHADU,CLI-HXESWAS491SX,Withdrawal,,1015434.86,COP,253.86,POS,,,,Colombia,Bogotá,Approved,00,False,3.3,4.5293585,
TRX-484PJGD32NVY499MWKWG,2026-05-27 12:33:48,2026-05-27,PRD-NXH1SGP3HPLJ,CLI-5EYHECFIZT7V,Deposit,,1610.07,USD,,Web,,,,México,Monterrey,Approved,00,False,26.07,,
TRX-9PGZG24DBNLX43U4QC4N,2026-05-28 02:54:26,2026-05-27,PRD-K7ROXOYRFW0S,CLI-A6RT5UQPIWJT,Purchase,Other,221.76,USD,,POS,,,Other,México,Monterrey,Approved,00,False,,,
TRX-RZ65BS6BHEUOVTV6RAMJ,2026-05-27 23:38:47,2026-05-27,PRD-V7QQ3F233G0H,CLI-SM2M4EE4PCJZ,Payment,Services,321.55,USD,,ATM,SUC-POHHKXPA,,,México,,Approved,00,False,29.01,,
TRX-NF2SVAC3JDPSZX67AVER,2026-05-27 16:30:07,2026-05-27,PRD-55IW2432LCPJ,CLI-J3TU3QOWKXM9,Transfer,,5242.11,USD,,POS,,,,México,Tijuana,Approved,00,False,28.87,,
TRX-7K3C6SS8XA1TXNHLT3CN,2026-05-27 16:40:10,2026-05-27,PRD-FVR4XBEKY3LG,CLI-N254FJ8ZAUGK,Transfer,,37673939.56,COP,9418.48,Web,,,,Colombia,Barranquilla,Declined,51,False,,,
TRX-FK9LW64C3OUVI34I0SA5,2026-05-27 13:00:38,2026-05-27,PRD-25JRRO203D9I,CLI-H61TFFBOHR8R,Withdrawal,,169.35,USD,,POS,,,,México,Ciudad de México,Approved,00,False,23.67,,
TRX-BY6I6F6L8J39XTRX2041,2026-05-28 00:21:15,2026-05-27,PRD-DL2J2IRLOD0F,CLI-6E56XUK0KYTR,Purchase,Services,115184.34,ARS,329.1,App,,Cable TV,Services,Argentina,La Plata,Approved,00,False,,,
TRX-K1CPZCW8Q58OFI8HSE2D,2026-05-27 16:14:31,2026-05-27,PRD-Q2PC49H1FXV5,CLI-RTQG38DKE2LH,Purchase,Food,94.14,USD,,POS,,Mercado Central,Food,México,,Approved,00,False,13.26,,
TRX-3JOWHS7FDTSY0PADAPF6,2026-05-27 11:19:20,2026-05-27,PRD-QKJRC1YOF7BW,CLI-88P8TMNSYNYX,Withdrawal,,287.35,USD,,POS,,,,México,Tijuana,Approved,00,False,,-0.2815317,0.1011286
TRX-DE91J7HFAV91CSZQE6IM,2026-05-27 23:42:05,2026-05-27,PRD-LV7SXJYMKLZ9,CLI-57S0MLK5BI60,Payment,,4173514.36,COP,1043.38,App,,,,Colombia,Barranquilla,Declined,54,False,12.66,,
TRX-VOU7I71MFCSBXUDV1NA4,2026-05-28 03:33:54,2026-05-27,PRD-9R2MEXDUP4SB,CLI-B9VWG6L6P4R9,Deposit,,256.57,USD,,Web,,,,México,,Approved,00,False,2.56,,
TRX-IEZG2U261C1AFEK1OO99,2026-05-27 16:42:19,2026-05-27,PRD-VXAK42OT8QOF,CLI-510UVL2T0HW9,Purchase,Services,1877094.19,COP,469.27,App,,Servicios Públicos,,Colombia,Barranquilla,Approved,00,False,,,
TRX-TNAFBOKV3AI8B6G1B04B,2026-05-28 04:39:53,2026-05-27,PRD-9YHPC8RDYCWW,CLI-AQKDUJFTKYC9,Withdrawal,,165.49,USD,,ATM,SUC-GTAY0XHL,,,Argentina,Rosario,Approved,00,False,,,
TRX-VTX5OLDS9XMPCAAFPFMC,2026-05-28 03:09:19,2026-05-27,PRD-4P9QTP70E4JQ,CLI-KI1TSGPIJE5E,Transfer,,24558584.2,COP,6139.65,POS,,,,Colombia,Medellín,Approved,00,False,23.35,,
TRX-SYYR5YQT2U2WY1HTZZOI,2026-05-27 16:21:43,2026-05-27,PRD-ZNE16BFGKRSZ,CLI-MM0GI540KFW3,Purchase,Entertainment,1628916.89,COP,407.23,POS,,Cine Premium,Entertainment,Colombia,Barranquilla,Approved,00,False,,,
TRX-PV3UC8ZEQL5RAFE1E4OD,2026-05-27 06:55:19,2026-05-27,PRD-AX14O521BJMF,CLI-DXY8TLT3H7SM,Deposit,,1288.71,USD,,ATM,SUC-SKR8GS10,,,México,Querétaro,Approved,00,False,29.5,,
TRX-6DPBISTIMEDV2F0QFEJ0,2026-05-27 18:15:17,2026-05-27,PRD-ZTJJH7ZQ22BB,CLI-LJSR8H6Z8XOC,Payment,Transport,846.84,USD,,POS,,,,México,Tijuana,Approved,00,False,,0.6954049,-0.2345612
TRX-6KXJ220P3ACIU1HWPJ36,2026-05-27 21:44:37,2026-05-27,PRD-PSKK2C3MQ2VX,CLI-6I26CJZFDXFT,Adjustment,,255.7,USD,,Web,,,,Argentina,Rosario,Approved,00,False,18.21,,
TRX-XY3C6XAGZ0YM4RZZ3GKW,2026-05-27 22:34:55,2026-05-27,PRD-J0R9BVOHMNRG,CLI-9ZNIPYC7GDAF,Purchase,Entertainment,221.58,USD,,App,,Streaming Music,Entertainment,México,,Approved,00,False,1.86,,
TRX-O4UZTA0P90K95FRK51OO,2026-05-27 16:21:40,2026-05-27,PRD-62JBIJGH6HB3,CLI-UNXOFGKWW2PB,Withdrawal,,63.4,USD,,App,,,,México,Puebla,Approved,00,False,12.14,,
TRX-8UMIPUF9CLB79AKKJJYK,2026-05-28 05:24:42,2026-05-27,PRD-1LSXHC2XR3TI,CLI-ROVH795SE4TU,Withdrawal,,420.22,USD,,POS,,,,México,Monterrey,Declined,,False,13.42,,
TRX-2LCSSJU3WQRNIY5AD0JV,2026-05-27 13:50:44,2026-05-27,PRD-K27C5HXWC7UU,CLI-ACQ2HPM645L7,Transfer,,18119318.24,COP,4529.83,Web,,,,Colombia,Bogotá,Approved,00,False,10.2,,
TRX-KOUYBE5QSXY8HCSF18MN,2026-05-27 20:32:22,2026-05-27,PRD-A3NS7ZZF8X0I,CLI-8DD77JVXL05T,Purchase,Health,141.12,USD,,POS,,Óptica Visión,Health,México,Ciudad de México,Approved,00,False,20.64,,
TRX-9EEGAXADYMAO5PL3GR9G,2026-05-27 16:29:07,2026-05-27,PRD-GLLAMMPM7UB9,CLI-3FEAEHGL6H68,Purchase,Other,195.89,USD,,ATM,SUC-DL6TAAQL,Ferretería,,México,Tijuana,Approved,00,False,16.69,0.4208516,0.8729049
TRX-AN2WLGI3BPZHQFCHCDJO,2026-05-27 10:36:08,2026-05-27,PRD-MKZ5U1ZPH7R8,CLI-2WZQK41IFHY7,Purchase,Health,104.09,USD,,App,,Laboratorio Central,Health,México,Ciudad de México,Approved,00,False,25.94,,
TRX-CX3NT2V0FPSTPHE28LNJ,2026-05-27 23:41:22,2026-05-27,PRD-72ZBEODILUJR,CLI-0DPZWPUFV3AZ,Payment,Other,750.91,USD,,Web,,,,USA,Miami,Approved,00,False,21.1,,
TRX-Y9PJR1E77WLQYGPGIYIC,2026-05-27 09:36:43,2026-05-27,PRD-4QMAEOGLYPHD,CLI-B5JDWJFLH7P2,Purchase,Entertainment,737772.99,COP,184.44,App,,Teatro Nacional,Entertainment,Colombia,Medellín,Approved,00,False,23.5,,
TRX-YU9BVPUMOM4U4IA1JC5Z,2026-05-27 17:24:49,2026-05-27,PRD-6T5E6VKKZOV1,CLI-UJWP3PL4T9LA,Deposit,,5103047.37,COP,1275.76,Web,,,,Colombia,Bogotá,Approved,00,False,2.4,,
TRX-W0XN4V63XTUHW3GOC66P,2026-05-27 15:26:20,2026-05-27,PRD-7KSXRJ4HGLZX,CLI-5QPS2POBT9XM,Transfer,,5309.4,USD,,ATM,SUC-NZJH5BG1,,,México,Querétaro,Approved,00,False,10.46,,
TRX-265KOUV115QVXWM9IVRC,2026-05-28 03:45:04,2026-05-27,PRD-N4CTY5E2OS70,CLI-OR7GM63GBYVY,Payment,,490398.41,ARS,1401.14,Branch,SUC-2VHGDILI,,,Argentina,,Approved,00,False,6.81,,
TRX-ZUPXFAF49XMTQ82DQG96,2026-05-27 21:54:51,2026-05-27,PRD-42Y0D9TP5NCY,CLI-DYQVY3LMT0C4,Purchase,Health,1071964.22,COP,267.99,POS,,Óptica Visión,,Colombia,Bogotá,Approved,00,False,,4.9749681,-73.7028546
TRX-T8Y9L07YJ7FWBSAZKU3Z,2026-05-27 23:09:20,2026-05-27,PRD-F1DYHPO7MFPF,CLI-1QBAMZMFPF8K,Payment,Entertainment,426654.67,COP,106.66,ATM,SUC-DG6C9C1K,,,Colombia,Cartagena,Approved,00,False,4.08,,
TRX-LXMCGMXJPB8I22BS2WL8,2026-05-28 02:29:00,2026-05-27,PRD-5KIQYLQNW77D,CLI-O6XXM6UCOR2Q,Purchase,Health,474.95,USD,,POS,,,Health,México,Monterrey,Approved,00,False,8.5,,
TRX-Y1FF2ANTVXE9N8KHJ3C9,2026-05-27 20:51:24,2026-05-27,PRD-JGJ45YMD1AX9,CLI-KWI1D2ATYXEH,Adjustment,,496.18,USD,,Web,,,,México,Puebla,Approved,00,False,18.28,,
TRX-RDI7V9QVSGAF95W0GI2K,2026-05-27 23:28:31,2026-05-27,PRD-FTAGSCASVBY5,CLI-JG2T1IEI0I4W,Payment,Transport,1705.03,USD,,POS,,,,Argentina,Buenos Aires,Approved,00,False,29.86,-33.7433073,-58.0749338
TRX-BVEW0XPHQFPBSBUURMTZ,2026-05-27 12:35:24,2026-05-27,PRD-ZXZMPBI41110,CLI-IQRMD5HDFZKI,Purchase,Transport,1152839.02,COP,288.21,POS,,Taxi Seguro,Transport,Colombia,Bogotá,Approved,00,False,18.02,,
TRX-UY3OAF2L98TIQM2KP2NW,2026-05-28 00:18:31,2026-05-27,PRD-S2S32EDHJJVR,CLI-CURLCS8CE5GE,Withdrawal,,362.63,USD,,ATM,SUC-COPO2MJ8,,,México,Tijuana,Approved,00,False,8.49,,
TRX-IMERPTXMW3UIWF6X1K01,2026-05-28 00:14:56,2026-05-27,PRD-FKA2ISYWZIUK,CLI-LONTVB77BCDR,Transfer,,4975.86,USD,,ATM,SUC-EHE8V9YO,,,Colombia,Barranquilla,Approved,00,False,19.59,,
TRX-TA7PBNFSPAEBOBGC7IXP,2026-05-27 06:40:59,2026-05-27,PRD-J618F25HG6WA,CLI-2YQHV32DJ2D1,Purchase,Other,403.87,USD,,POS,,Tienda General,Other,México,Tijuana,Approved,00,False,,,
TRX-Z145IFWEY0JT3EPGNLT9,2026-05-27 11:51:37,2026-05-27,PRD-GWLIJJ9D0ND1,CLI-C2JNJO7UQISJ,Adjustment,,264671.89,ARS,756.21,ATM,SUC-TUCFOESJ,,,Argentina,Rosario,Approved,00,False,24.57,,
TRX-E72C8I6CWHQQ0GMMSMKA,2026-05-28 04:17:18,2026-05-27,PRD-LVMFTATCXGP2,CLI-PD52L4SOJW8X,Withdrawal,,378.57,USD,,App,,,,México,Ciudad de México,Approved,00,False,16.34,,
TRX-R4OVCNO6BVVSVWGAX17Z,2026-05-27 06:28:39,2026-05-27,PRD-93L18IX3IO5D,CLI-D4RRKZNU02R1,Withdrawal,,380842.97,COP,95.21,POS,,,,Colombia,Barranquilla,Approved,00,False,10.93,,
TRX-ZYRD3FCGGJNQLF54JRGW,2026-05-28 01:24:30,2026-05-27,PRD-GNB0QFAKRILT,CLI-3J5CXGFCSSBB,Payment,Services,182.36,USD,,POS,,,,México,Puebla,Approved,00,False,20.26,,
TRX-99I5P93K8HY0OQWLOY06,2026-05-28 04:05:49,2026-05-27,PRD-YMJ9Z2JAZD1G,CLI-766OQHU28FDM,Payment,Health,492.96,USD,,POS,,,,Colombia,Barranquilla,Declined,14,False,,3.9834756,-73.8386601
TRX-VA059JAGLLIPQJALM4U5,2026-05-27 08:29:33,2026-05-27,PRD-UAARPE3UBP8P,CLI-HT4CPX85GILD,Withdrawal,,86541.52,ARS,247.26,ATM,SUC-K32WS6T0,,,Argentina,Mendoza,Approved,00,False,,-34.6502795,-59.0768721
TRX-ESHEFA7B8D1AG34C18V0,2026-05-27 06:38:22,2026-05-27,PRD-J6HK5MVY8Q9V,CLI-27G9WMR6T5EY,Withdrawal,,332.49,USD,,POS,,,,México,Ciudad de México,Approved,00,False,12.11,0.893043,0.9364162
TRX-CJPXW07P6BRIAXBH5IO6,2026-05-27 20:34:49,2026-05-27,PRD-R9WAV63CSVQV,CLI-5DR58TMW8M9B,Payment,Services,43878.5,ARS,125.37,Web,,,,Argentina,Buenos Aires,Approved,00,False,17.77,,
TRX-TVBDAPBWD5RDT4SL4FBR,2026-05-28 03:40:13,2026-05-27,PRD-IUNH7ERCG53J,CLI-61W1AUADV6MK,Withdrawal,,24.15,USD,,POS,,,,México,Puebla,Approved,00,False,,,
TRX-QEWMRJ206UA3B8VL2MT3,2026-05-28 00:00:19,2026-05-27,PRD-WVOP12AK0YAX,CLI-GUJOIDKSAIS0,Withdrawal,,52860.16,ARS,151.03,Web,,,,Argentina,Mendoza,Approved,00,False,0.27,,
TRX-ZRY304R61NS2G4XMQDBZ,2026-05-27 20:51:38,2026-05-27,PRD-TWYU0LXUH4O4,CLI-URKDYPSP61UP,Deposit,,4051.42,USD,,POS,,,,México,Monterrey,Approved,00,False,21.51,0.72482,-0.2146102
TRX-W0MJ82JC7IRLH9BP1TE1,2026-05-27 08:59:59,2026-05-27,PRD-K10J0JRSQSHC,CLI-FOC0M1ND40H4,Deposit,,1375.34,USD,,Web,,,,México,Guadalajara,Approved,00,False,23.52,,
TRX-Z6ZGGQF2ZPITWKC3MLPU,2026-05-27 07:52:33,2026-05-27,PRD-52MVFZFXOI76,CLI-TX14FWWYYYW3,Purchase,Food,408.34,USD,,App,,Tienda Don José,Food,México,Ciudad de México,Approved,00,False,,,
TRX-2K7NJQW07KLWBR0OXFM9,2026-05-27 14:41:39,2026-05-27,PRD-HMAGVWYA89Z3,CLI-Z08OPQEZIV8A,Adjustment,,397.65,USD,,ATM,SUC-SKR8GS10,,,México,Guadalajara,Approved,00,False,10.74,,
TRX-2O1TTQ5BD6QGYTOCFQF6,2026-05-28 05:45:53,2026-05-27,PRD-ZXS8SZUD1XC9,CLI-Q1P1VQ27IILI,Payment,Health,514.81,USD,,App,,,,México,Tijuana,Approved,00,False,,,
TRX-OHQVYHTY1I4CR756M9JH,2026-05-27 20:17:55,2026-05-27,PRD-095Z6PYCH9ON,CLI-XYT0PIJXHM8R,Adjustment,,851.87,USD,,POS,,,,Colombia,Medellín,Approved,00,False,8.6,,
TRX-WVGS5HEQX5DNWX6JDRN4,2026-05-27 20:22:07,2026-05-27,PRD-O64OZ0IN0YGK,CLI-LUGLI6GECUN5,Deposit,,274362.37,COP,68.59,App,,,,Colombia,Cartagena,Approved,00,False,,,
TRX-03PQ0XY096K5T56SY8TF,2026-05-27 16:26:50,2026-05-27,PRD-4LN9P8WQF3XI,CLI-DPPXKCA73DB7,Purchase,Food,811808.75,COP,202.95,POS,,Super Ahorro,,Colombia,Cartagena,Approved,00,False,,4.2813084,-73.48577
TRX-SLAXNN7MPJQ7YZAC34SC,2026-05-27 17:34:24,2026-05-27,PRD-I4472N02T4CT,CLI-DJS63040IYPL,Purchase,Transport,118942.19,ARS,339.83,POS,,Taxi Seguro,Transport,Argentina,Buenos Aires,Approved,00,False,12.03,,
TRX-AOLL8S3RGYVOL0FX501N,2026-05-27 12:44:15,2026-05-27,PRD-F5C3MPE3GHCS,CLI-2FF7S5MBHUOQ,Purchase,Services,973202.87,COP,243.3,Web,,Cable TV,Services,Colombia,Cali,Approved,00,False,0.39,,
TRX-32FQY05WRVYEA6PI2WL7,2026-05-27 19:36:31,2026-05-27,PRD-IIIESVMKJD4J,CLI-EOUVP2Y2ZI3R,Deposit,,7827912.38,COP,1956.98,App,,,,Colombia,Bogotá,Approved,00,False,14.5,,
TRX-OSU2YAEFAKZ58NLG09CL,2026-05-27 08:19:53,2026-05-27,PRD-528H0GM2P01L,CLI-KKTFBUOHAA9O,Deposit,,1956.5,USD,,App,,,,México,Tijuana,Declined,51,False,20.32,,
TRX-KI6CFIT6SEOGCG8KLJ08,2026-05-28 01:42:54,2026-05-27,PRD-ZSYRP3WVA32V,CLI-J1WUSWVAYRMW,Payment,Transport,292.14,USD,,App,,,,México,,Approved,00,False,7.76,,
TRX-I9JUGAH4LTROUEG98K3O,2026-05-28 04:54:27,2026-05-27,PRD-2LA96F293OYN,CLI-OBKKKROLGDF1,Withdrawal,,213.11,USD,,POS,,,,México,Monterrey,Approved,00,False,7.51,,
TRX-UCQFS35O0PSXRNGOLCQM,2026-05-27 08:12:05,2026-05-27,PRD-ZUYTIDJ91MG4,CLI-1L3VJSXJOFIV,Withdrawal,,1396653.64,COP,349.16,POS,,,,Colombia,Barranquilla,Approved,00,False,15.14,,
TRX-8US5S96V1IIY7U5Q8SW8,2026-05-27 10:12:50,2026-05-27,PRD-N6Y5MNPJTRWO,CLI-GPN5ZWZH0DNJ,Purchase,Services,90.23,USD,,ATM,SUC-U3Q69OLV,Servicios Públicos,Services,México,Ciudad de México,Approved,00,False,12.54,,
TRX-8DAHO46U24Q2SYM8A8JQ,2026-05-27 17:54:40,2026-05-27,PRD-3WAJDBAFFTJ4,CLI-21EOV1A6CG1K,Transfer,,11898544.28,COP,2974.64,POS,,,,Colombia,Bogotá,Approved,00,False,13.83,,
TRX-AJW4YN625M2ZF15QOP4Z,2026-05-27 12:30:41,2026-05-27,PRD-NL4ESAN1N0X7,CLI-T5GAKGO4T6VY,Withdrawal,,88.53,USD,,POS,,,,México,Ciudad de México,Approved,00,False,,-0.5190469,-0.8747266
TRX-VGHG588NZEA364UNS08A,2026-05-27 12:42:12,2026-05-27,PRD-YQ2QS4RCEA19,CLI-OBTW6YIBF9KG,Transfer,,6487.25,USD,,App,,,,México,Monterrey,Approved,00,False,,,
TRX-DA5OJSXVI3DTPSKI9COG,2026-05-27 20:34:42,2026-05-27,PRD-JDYO8ZS0JGGC,CLI-6Z2DDIA5NYTH,Payment,Services,1978.56,USD,,ATM,SUC-I4AA1FSG,,,USA,New York,Approved,00,False,16.6,,
TRX-0AXJ3ZNCDFRYS15XH6GY,2026-05-27 08:05:12,2026-05-27,PRD-1I0WQZX8RXHY,CLI-PY9CHDRFZXR2,Purchase,Other,1204028.28,COP,301.01,POS,,Centro Comercial,Other,Colombia,Barranquilla,Approved,00,False,22.57,,
TRX-5X60V0ZF2DFLZADMNEBF,2026-05-27 08:41:24,2026-05-27,PRD-TYIIPPME56SA,CLI-536Q72G8OTB8,Deposit,,4327.21,USD,,ATM,SUC-YZRQJS5X,,,México,Tijuana,Approved,00,False,29.11,0.5882993,0.1374263
TRX-6VAKP4CE9AW2AN861HAA,2026-05-27 21:06:15,2026-05-27,PRD-ME9WBSKNU6TK,CLI-3QFZ4X5ZAMW5,Transfer,,1424.55,USD,,POS,,,,México,Guadalajara,Approved,00,False,,,
TRX-3T6PABA2RL6PDPOI2KJ3,2026-05-27 20:58:53,2026-05-27,PRD-DFSVETL1TRCA,CLI-268260P88CHZ,Transfer,,2179886.07,ARS,6228.25,POS,,,,Argentina,Mendoza,Approved,00,False,24.51,,
TRX-BRGFVV8A65PYZR5QMXEV,2026-05-27 13:30:59,2026-05-27,PRD-JUXH7I41N3DR,CLI-72KI8MAHMXFC,Purchase,Services,119.59,USD,,ATM,SUC-QVGF07AP,Internet Plus,Services,México,Querétaro,Approved,00,False,13.69,0.2508579,0.3504194
TRX-2S339SIZ6E5AQQUTQE7T,2026-05-28 02:59:22,2026-05-27,PRD-9OAHOMXMK539,CLI-R7V88SZRB80M,Deposit,,255.1,USD,,POS,,,,Brazil,Salvador,Reversed,05,False,6.1,,
TRX-GLVMCEPR5O0WJCDCE7O4,2026-05-28 00:30:43,2026-05-27,PRD-ZFAG37BQYV6M,CLI-OM51MTORSMSY,Payment,Services,6285376.98,COP,1571.34,ATM,SUC-HQWDAM56,,,Colombia,,Declined,54,False,2.76,,
TRX-QZEY4WYHU879AC5HTYQ2,2026-05-27 21:29:07,2026-05-27,PRD-GF22R4NX2M9G,CLI-MAHKP4I8U5QS,Deposit,,4835.52,USD,,ATM,SUC-VV9NKH6E,,,México,Tijuana,Approved,00,False,14.93,,
TRX-3JFQUZOB8HXS4DTXU9YV,2026-05-27 23:48:29,2026-05-27,PRD-FOX2VNECIM5M,CLI-VTSZVNV744KJ,Purchase,Health,401.3,USD,,ATM,SUC-9YYT37NY,Farmacia Salud,Health,México,,Approved,00,False,13.11,0.1360179,0.4264066
TRX-89BDTBKYSSDSYU2Z02DQ,2026-05-27 08:00:52,2026-05-27,PRD-VNZY0Q2XZ537,CLI-7W1CLB3VSOSM,Purchase,Food,159927.9,ARS,456.94,Branch,SUC-XHNP3DLP,Super Ahorro,Food,Argentina,,Approved,00,False,13.36,,
TRX-ZWZQC629T2L9T87FF9DM,2026-05-28 05:35:59,2026-05-27,PRD-YFETV0DA8GGZ,CLI-RNIKGSX45MFW,Transfer,,3903.56,USD,,ATM,SUC-JDXIVV9S,,,México,Puebla,Approved,00,False,,,
TRX-GRC4WCGIYEYZMFJY57D5,2026-05-27 20:22:52,2026-05-27,PRD-G9JB4HGD68UI,CLI-PVHDG1CO2RO6,Payment,Services,1414.76,USD,,ATM,SUC-39R34AY6,,,Argentina,Córdoba,Approved,00,False,12.22,,
TRX-3K6WQXIK4UL58EHY7PHD,2026-05-27 20:04:34,2026-05-27,PRD-4Z0QDTGSXIX8,CLI-BHO0Z9BGQ64K,Purchase,Services,260.3,USD,,POS,,Servicios Públicos,Services,México,Monterrey,Approved,00,False,24.62,0.8229663,0.0819858
TRX-2O0D235P12OY7F6V26EO,2026-05-27 06:29:01,2026-05-27,PRD-G9OHAS4SMC30,CLI-FNDXUNRBKGO1,Purchase,Transport,527988.38,COP,132.0,POS,,Uber,Transport,Colombia,Barranquilla,Approved,00,False,16.84,,
TRX-4PSL1F6DQV4G96D5GPKX,2026-05-27 12:36:00,2026-05-27,PRD-TLLGNSA5BQTR,CLI-IMIT1T0Y1CVY,Payment,Food,1212.02,USD,,App,,,,Argentina,Córdoba,Approved,00,False,25.76,,
TRX-2CIF7XFZGPEPLBK7T3U8,2026-05-27 13:13:21,2026-05-27,PRD-EJMU6HNUQUZH,CLI-6HABGAPTB5U5,Withdrawal,,323.22,USD,,Web,,,,México,Ciudad de México,Approved,00,False,13.03,,
TRX-2YX7WMKZNIS5PCKIE90X,2026-05-28 03:42:13,2026-05-27,PRD-8MQ2CYJ3XG3H,CLI-6KHG68KE04XO,Withdrawal,,150387.4,ARS,429.68,ATM,,,,Argentina,Córdoba,Approved,00,False,10.06,-33.7834367,
TRX-DIY3DT960US9YK7Z99AI,2026-05-28 03:43:32,2026-05-27,PRD-B8814O49OM86,CLI-LRMSQLE8U1SA,Transfer,,2886.27,USD,,Web,,,,México,Querétaro,Declined,51,False,14.12,,
TRX-OCALUL1O9YBX9V0U5HVH,2026-05-28 05:14:58,2026-05-27,PRD-E6MTW158I33N,CLI-75CU5TJ2O581,Transfer,,4679.79,USD,,Web,,,,México,Guadalajara,Approved,00,False,16.7,,
TRX-MZ290U8S2DR6V3WVS9OQ,2026-05-28 02:56:22,2026-05-27,PRD-I614Z13OAE93,CLI-2CUKWMA7MD34,Deposit,,4907.27,USD,,POS,,,,México,,Approved,00,False,19.11,0.4306616,
TRX-DDV9Z8705B8FD29C9PSJ,2026-05-27 15:01:27,2026-05-27,PRD-0WMVWS9AQX10,CLI-9KFWCBC9Q3WJ,Transfer,,9231.94,USD,,App,,,,México,Querétaro,Approved,,False,7.06,,
TRX-GOXF563V5U8B5QVEZOJX,2026-05-27 19:20:58,2026-05-27,PRD-D8A34WBO4WL3,CLI-XBVHXB4Z0LPO,Purchase,Health,20.13,USD,,ATM,SUC-F61XHTE2,Farmacia Salud,Health,México,Ciudad de México,Pending,54,False,2.44,,
TRX-R5N2W1W4TCP6ZMFGY777,2026-05-28 02:01:59,2026-05-27,PRD-PVWWE6YK1VJH,CLI-92WLDO9MOS5N,Withdrawal,,424.52,USD,,POS,,,,Argentina,Rosario,Reversed,05,False,,,
TRX-FXFNBCSFI15Y6Y7HGTVE,2026-05-27 13:27:24,2026-05-27,PRD-RRPSURRE49VN,CLI-FS0R8IZD74ZK,Withdrawal,,43379.85,ARS,123.94,App,,,,Argentina,Córdoba,Approved,00,False,15.42,,
TRX-0C7MI8WU73TIC9MPFYYM,2026-05-28 02:32:39,2026-05-27,PRD-FL2NHN38P1QU,CLI-CR2QOXMB9EF2,Payment,Food,1857.58,USD,,ATM,SUC-349TR6OC,,,México,,Approved,00,False,28.73,-0.3189907,-0.8629948
TRX-LD8MC5I1CAJKTYSTSASX,2026-05-27 20:53:12,2026-05-27,PRD-YBWLBQ2TUJQE,CLI-6ZGXSM49PV7T,Withdrawal,,87.55,USD,,POS,,,,México,Monterrey,Approved,00,False,20.05,,
TRX-G6B090AJ2GIC2KEABLTX,2026-05-28 02:05:23,2026-05-27,PRD-RIVOYGEP9AWC,CLI-2LWP0JGKGTHE,Purchase,Food,45082.31,ARS,128.81,ATM,SUC-KHBP7W0V,Restaurante El Buen Sabor,Food,Argentina,,Approved,00,False,1.21,,
TRX-5HA71VQDPPEB922GNY2I,2026-05-27 12:09:18,2026-05-27,PRD-E058BJWJOBAM,CLI-D12VSLCBXK9F,Withdrawal,,146.7,USD,,Web,,,,México,Guadalajara,Declined,51,False,24.93,,
TRX-2CSZ6FN3W7UHBZQKA5NN,2026-05-27 11:01:21,2026-05-27,PRD-QG1NU3SF8CCW,CLI-9YBQ5GOJMVIY,Purchase,Entertainment,11921.52,ARS,34.06,Web,,Streaming Music,Entertainment,Argentina,Buenos Aires,Approved,00,False,21.36,,
TRX-GLI2AQNPJK0SO8O2WWRS,2026-05-27 17:38:31,2026-05-27,PRD-KYM1XRXP3XL2,CLI-J6I9ESCDB2G4,Payment,Other,4031666.86,COP,1007.92,POS,,,,Colombia,Cali,Approved,00,False,,,
TRX-XJVIV3DEHB8SGC9HB4JY,2026-05-27 20:00:05,2026-05-27,PRD-3AM2DUU7KUZ0,CLI-5FMHBD3XGN20,Transfer,,3205.1,USD,,App,,,,México,Querétaro,Approved,00,False,29.36,,
TRX-F94U23N1PK4GPCLUJ60R,2026-05-27 16:42:44,2026-05-27,PRD-6NBGQIVHC9F2,CLI-LK9CGISTHGM5,Withdrawal,,129.67,USD,,App,,,,México,Guadalajara,Approved,00,False,3.83,,
TRX-0LV3QDHRRB3U80SQJQ4C,2026-05-27 23:41:55,2026-05-27,PRD-768A80EEDGPU,CLI-WZKPQRNJTU7I,Transfer,,6307.1,USD,,Transfer,,,,México,Querétaro,Approved,00,False,25.88,,
TRX-YIUZL3YP89M2TMT137UA,2026-05-28 05:01:32,2026-05-27,PRD-2EPBP2YQ0S7X,CLI-35ECY2DTXAVN,Transfer,,6057.08,USD,,POS,,,,México,Tijuana,Approved,00,False,11.29,,
TRX-GG15MNPTJPSQB0IR4351,2026-05-27 23:23:14,2026-05-27,PRD-R7RM8PZL8Y4I,CLI-N1B5JC1AMZ3T,Transfer,,29302019.77,COP,7325.5,POS,,,,Colombia,Medellín,Approved,00,False,20.63,,
TRX-JJDSNLXMFCGCEVFU3YO2,2026-05-28 05:44:40,2026-05-27,PRD-3AVRDYPIL2QP,CLI-9P6IN1TRAZGY,Payment,Other,4509321.54,COP,1127.33,POS,,,,Colombia,Cali,Approved,00,False,5.25,,
TRX-DLMN9DS4BLHNNCBLF35E,2026-05-28 01:28:23,2026-05-27,PRD-LU0J2XFHJC1F,CLI-5DZEBGEALDAS,Payment,Other,935064.69,COP,233.77,ATM,SUC-6W9D0ZPD,,,Colombia,Medellín,Approved,00,False,2.78,,
TRX-OV46O7GSRAOR2E5550FY,2026-05-27 17:30:30,2026-05-27,PRD-13JYSD90LU7E,CLI-00WIG5GITVHY,Deposit,,2798.08,USD,,ATM,SUC-12NKB9OB,,,México,,Approved,00,False,5.23,0.3054666,-0.0208159
TRX-05X4RZES63HPE05UBAJH,2026-05-28 01:37:38,2026-05-27,PRD-CTNTWKCHZZS0,CLI-LIAV4PVFMA69,Deposit,,4727.9,USD,,Web,,,,México,Tijuana,Approved,00,False,18.16,,
TRX-883RF60EBI8QFYKI7GEO,2026-05-27 21:53:21,2026-05-27,PRD-AK73MI7YTKOJ,CLI-0NGA2POKCUL2,Withdrawal,,448.52,USD,,App,,,,México,Querétaro,Approved,00,False,3.76,,
TRX-5DOQD71MEAEIR60753U9,2026-05-27 07:20:40,2026-05-27,PRD-LA7TZNRN26Q7,CLI-MP927WK0BQ6F,Withdrawal,,413.94,USD,,ATM,SUC-UBOAYTJG,,,México,Monterrey,Approved,00,False,21.28,,0.14158
TRX-382ZRSV1MP6FS2V7C9WJ,2026-05-28 00:21:25,2026-05-27,PRD-9Y755AOONIKJ,CLI-BNR3O0F17I2B,Purchase,Other,12784.18,ARS,36.53,POS,,Ferretería,Other,Argentina,Buenos Aires,Approved,00,False,20.94,-35.0583897,-59.2348291
TRX-17YG3C0ZIH1B3WYS8F14,2026-05-27 06:35:17,2026-05-27,PRD-3QJDDF8TFSVS,CLI-LYW7JUJHWSIG,Transfer,,2828553.96,ARS,,POS,,,,Argentina,Córdoba,Approved,00,False,5.5,,
TRX-LNDQD9IJHJLU478LI6W2,2026-05-27 11:09:46,2026-05-27,PRD-HBF7AL77Z5LZ,CLI-UO72KTXLVRF0,Purchase,Services,466.88,USD,,App,,Empresa Telefónica,,Colombia,,Approved,,False,27.4,,
TRX-YET8545GXKNU5H5EJZ6I,2026-05-27 13:25:35,2026-05-27,PRD-TFCMTTMIB8ZW,CLI-D48ERNNERFP7,Transfer,,5825303.2,COP,1456.33,Web,,,,Colombia,Medellín,Approved,00,False,18.02,,
TRX-W684EVWKE70Z6MQWBFOD,2026-05-27 11:03:52,2026-05-27,PRD-9DH8LCRK0SO1,CLI-RL6LEY4K9TSH,Withdrawal,,27726.53,ARS,79.22,POS,,,,Argentina,,Approved,00,False,17.23,,
TRX-D1NNAEM9K6FFARCYOZ35,2026-05-27 10:13:16,2026-05-27,PRD-LM3LCMNRJW6W,CLI-EL7YQT5R78AB,Deposit,,1858.42,USD,,ATM,SUC-UB0LXRUU,,,México,Monterrey,Approved,00,False,26.61,0.4630671,
TRX-974C3911BDTRTNVTFLRK,2026-05-27 19:26:57,2026-05-27,PRD-I7OD1ID87W99,CLI-VXCSHME0DWK6,Purchase,Entertainment,193.67,USD,,POS,,Teatro Nacional,Entertainment,México,Tijuana,Approved,00,False,19.62,,
TRX-PMJYKKMFSC7JOLDQW8A7,2026-05-27 23:25:14,2026-05-27,PRD-WZRO3JFT1F2V,CLI-34KXMZ47KE9B,Withdrawal,,1648119.01,COP,412.03,App,,,,Colombia,,Approved,00,False,,,
TRX-V1HM9EPJ06H2X53YHP1P,2026-05-27 14:20:33,2026-05-27,PRD-9U7ZH7BG3WWP,CLI-4O2C52CIRMXF,Withdrawal,,281.77,USD,,ATM,SUC-RJSJ0B0X,,,México,Puebla,Approved,00,False,27.26,,
TRX-4P6J3YXL2NM9ETPGYQFV,2026-05-27 10:42:38,2026-05-27,PRD-Y24BZBF5ZVY7,CLI-0PSDO7VBKEAC,Purchase,Health,272.7,USD,,POS,,Óptica Visión,Health,México,Puebla,Approved,00,False,,,
TRX-26DY621NDDVVEBGXDEW7,2026-05-27 23:58:44,2026-05-27,PRD-NQ5D2RMJC3A9,CLI-1T8N2WFFOIYQ,Payment,Other,171.01,USD,,POS,,,,México,,Approved,00,False,27.51,,
TRX-MJV5J1N7WOEATHUVXL11,2026-05-28 01:20:51,2026-05-27,PRD-MKOP0F6YAG77,CLI-WSQIRYDP7FLP,Payment,Food,126056.95,ARS,360.16,Web,,,,Argentina,Mendoza,Approved,00,False,15.74,,
TRX-2V34ZPVQKC8JZE894XH7,2026-05-27 16:35:04,2026-05-27,PRD-2HZ3X1XKZSKN,CLI-M2YUW0H744AV,Withdrawal,,488178.93,COP,122.04,Web,,,,Colombia,Barranquilla,Approved,00,False,,,
TRX-8Y7Q5GCCRE2MD3DC2UOH,2026-05-27 12:56:30,2026-05-27,PRD-3CC8RTYI73FI,CLI-4FGMIJ0GM8LQ,Payment,Food,1341.06,USD,,Web,,,,México,Monterrey,Approved,00,False,27.93,,
TRX-RFLOB38T341J7SMMUL42,2026-05-27 21:49:23,2026-05-27,PRD-793LR0MU5DNQ,CLI-TEPSST12NOTV,Transfer,,9347.21,USD,,POS,,,,México,Ciudad de México,Pending,,False,3.53,,
TRX-09MUW6VVEYVR568J1OIZ,2026-05-27 15:21:46,2026-05-27,PRD-P4DSPPW1TC3L,CLI-QN0ZEXJC0MAJ,Purchase,Other,180.99,USD,,Web,,Ferretería,Other,México,Querétaro,Approved,00,False,0.12,,
TRX-3HYNORZ1FSW9TMG13KAL,2026-05-27 19:23:03,2026-05-27,PRD-OCAX40UMNB99,CLI-PRG0ZEAODP0I,Withdrawal,,492.61,USD,,POS,,,,México,Querétaro,Approved,00,False,24.62,,
TRX-BJD130XFCM4BHA29D11F,2026-05-28 01:18:12,2026-05-27,PRD-AWPIMUNK4SJR,CLI-H1PXOF51UZLG,Purchase,Food,50444.09,ARS,144.13,POS,,Restaurante El Buen Sabor,Food,Argentina,La Plata,Approved,00,False,,,
TRX-YOYWMT6WPPID9NYBVO4I,2026-05-27 19:58:49,2026-05-27,PRD-6QNHAQBUSQTO,CLI-EYORI6SW3NZF,Purchase,Transport,336.71,USD,,Web,,Taxi Seguro,Transport,México,Querétaro,Approved,00,False,,,
TRX-OR2JQ8E7E1PZSGLGPB83,2026-05-27 08:13:32,2026-05-27,PRD-TXKB6B337HZ7,CLI-06RUYDY8BVWA,Purchase,Transport,234.5,USD,,POS,,Estación de Servicio,Transport,México,Querétaro,Approved,00,False,8.78,,
TRX-3C8RFAQF5MI0MFPBDM2E,2026-05-28 02:34:55,2026-05-27,PRD-0GD178W09PF1,CLI-F8E9DHV6RK6W,Withdrawal,,803750.59,COP,200.94,POS,,,,Colombia,Barranquilla,Approved,00,False,29.52,,
TRX-H24SUW22IWY9M8G8CHZC,2026-05-28 04:14:43,2026-05-27,PRD-95CHCG5ZEVJI,CLI-GVPXUUEWPZSG,Withdrawal,,1947644.17,COP,486.91,ATM,SUC-GHHYX8OE,,,Colombia,Medellín,Approved,00,False,18.43,,
TRX-2VCTU5L639ZUAXVV8FQM,2026-05-27 10:13:28,2026-05-27,PRD-ZMVLOV2K6G2F,CLI-GN9UPGGWLDMR,Transfer,,7748.32,USD,,Web,,,,México,,Approved,00,False,5.37,,
TRX-4EUIESNG42589JER5QCR,2026-05-27 10:04:02,2026-05-27,PRD-84JPW9IFW4A0,CLI-FFXJZWUTV5UT,Withdrawal,,162.59,USD,,App,,,,México,Ciudad de México,Approved,00,False,0.06,,
TRX-4BJ5KEYWBXN35OSV1DPM,2026-05-28 04:08:07,2026-05-27,PRD-99IX2YBORXRS,CLI-EIQC4IJ7064L,Deposit,,11247946.86,COP,2811.99,Web,,,,Colombia,Cali,Approved,00,False,,,
TRX-0AFIOJSEKHF9FHCBHNSO,2026-05-28 02:07:00,2026-05-27,PRD-18DIADJDAV1K,CLI-PFMJYUZASE8Z,Withdrawal,,85043.96,ARS,242.98,Web,,,,Argentina,Mendoza,Approved,00,False,21.97,,
TRX-4HXAFF91AK8A7QLAVV5A,2026-05-27 10:29:41,2026-05-27,PRD-WWIJCI90UVCA,CLI-CS5CUV8NS0B5,Purchase,Services,220.03,USD,,ATM,SUC-IC4I9JS9,,Services,México,Monterrey,Approved,00,False,27.01,,
TRX-928VWYOCP6QCIUPJMFIL,2026-05-27 16:25:52,2026-05-27,PRD-694GO4IBK5OE,CLI-3EAO5R387OIP,Purchase,Transport,72963.49,ARS,208.47,Transfer,,Estación de Servicio,Transport,Argentina,Buenos Aires,Approved,00,False,0.29,,
TRX-R94E4LH6OX8SOTKKOWLH,2026-05-27 12:44:52,2026-05-27,PRD-VH0SHT6J27W8,CLI-IQUYTLB9MQ84,Payment,Food,1760.78,USD,,App,,,,México,,Approved,00,False,16.47,,
TRX-36JV720OG4X2PSCQOST1,2026-05-28 04:33:57,2026-05-27,PRD-4IEUP2W3NGS8,CLI-DP4J5AP71F88,Withdrawal,,82.31,USD,,POS,,,,México,Ciudad de México,Approved,00,False,,,
TRX-STHOIHYHE4EEK7O84BMS,2026-05-27 22:11:04,2026-05-27,PRD-2Q3QUZ813EZO,CLI-G9HJGK1V392Y,Transfer,,34821252.73,COP,8705.31,POS,,,,Colombia,Cartagena,Approved,00,False,22.51,4.3151752,-74.6455895
TRX-U87V2YV55UBWGFAAU8TI,2026-05-27 12:03:33,2026-05-27,PRD-P7S3TL7TG7WB,CLI-RNLF4NV6GSM6,Transfer,,8731.07,USD,,ATM,SUC-A9BJ48OP,,,México,Guadalajara,Approved,00,False,27.09,,
TRX-DSJIMIL40GWGL3HZPLNC,2026-05-27 18:29:21,2026-05-27,PRD-H0U893TGAMGH,CLI-ZYAZVJPRW70U,Deposit,,2656.51,USD,,Web,,,,México,Tijuana,Approved,00,False,26.73,,
TRX-526AI0AXTAXDJBIXOTTO,2026-05-27 20:09:11,2026-05-27,PRD-WEM3QUVPMDJQ,CLI-VO30ZND6JTV7,Adjustment,,727.66,USD,,POS,,,,México,Monterrey,Approved,00,False,9.4,-0.4635895,-0.811623
TRX-DJJUDHQL3VIBDMEBCN3D,2026-05-27 09:49:52,2026-05-27,PRD-ZNT9V1QAVEEE,CLI-MOCZS1G3RRCR,Transfer,,628.08,USD,,App,,,,México,Monterrey,Approved,00,False,,,
TRX-7M8DDCTXRBMGZTYSMKV7,2026-05-27 23:17:28,2026-05-27,PRD-A6WB0DQIO9MS,CLI-ZVG48K8IG5EC,Withdrawal,,105340.75,ARS,300.97,ATM,SUC-IPX8M3BR,,,Argentina,Buenos Aires,Approved,00,False,,,
TRX-ZRY5SYYG675WNO8GVMP6,2026-05-27 21:53:44,2026-05-27,PRD-BQKEZEQ1MPPB,CLI-SVD5EH69RFPI,Deposit,,4425.31,USD,,Branch,SUC-6RHR3MME,,,México,Tijuana,Approved,00,False,,,
TRX-FO2EFQ0LTUIAOLMGW3M9,2026-05-27 14:14:35,2026-05-27,PRD-5UCPV0U7KTTK,CLI-ZH0FTOBOQ2T9,Transfer,,1982.85,USD,,POS,,,,México,Tijuana,Approved,00,False,,,
TRX-7SV1YFH91RZCRIK7DMDO,2026-05-27 18:31:11,2026-05-27,PRD-FTIHW0HZLYDK,CLI-42G8UG5Z5HDX,Deposit,,3412.62,USD,,POS,,,,México,Tijuana,Approved,00,False,,,
TRX-NCZIGQ73FZAL84A13BU7,2026-05-27 10:42:49,2026-05-27,PRD-T30RN2O6BHA5,CLI-Q6HQ37DPCO67,Withdrawal,,1906575.67,COP,476.64,POS,,,,Colombia,Bogotá,Approved,00,False,4.11,,
TRX-YNET0IS76EFR4LS1MW5P,2026-05-27 22:51:00,2026-05-27,PRD-ONLJQN1Y7YLE,CLI-YQ8WFOKOAAEL,Payment,Food,155158.91,ARS,443.31,POS,,,,Argentina,Mendoza,Declined,14,False,14.48,,
TRX-IYXZ7YCIUBF8S2M9CGQ2,2026-05-27 13:14:22,2026-05-27,PRD-NF0EJ4YDSL38,CLI-89STKI0YUSMM,Purchase,Services,871420.01,COP,217.86,Web,,Internet Plus,Services,Mexico,Guadalajara,Approved,,False,27.65,,
TRX-UQR40QKA81FMHTP1VN0Z,2026-05-27 11:38:18,2026-05-27,PRD-YLNS6DFEU45F,CLI-3I03ACOPA1B7,Transfer,,1180.03,USD,,App,,,,México,Guadalajara,Approved,00,False,13.03,,
TRX-H2XNZAA1PU40MSE8Z3B2,2026-05-28 02:03:12,2026-05-27,PRD-WOTIJ7NMZ5OQ,CLI-X48ZL7SQF6DG,Transfer,,4729.72,USD,,ATM,SUC-JRR5Z8WK,,,México,Monterrey,Approved,00,False,24.74,-0.996898,0.5839663
TRX-L1RMA9EURXW8GZGCQUQ6,2026-05-28 02:57:08,2026-05-27,PRD-2EIDLF7WAFY0,CLI-HH9R8CTALBXK,Purchase,Other,134155.4,ARS,383.3,POS,,Boutique Moda,Other,Argentina,Mendoza,Approved,00,False,,-34.1417087,-59.0762764
TRX-1I9WYPEO5NJE9LK9ULBB,2026-05-28 00:12:12,2026-05-27,PRD-N016IET1NATX,CLI-I2G14IIB64JW,Purchase,Services,47871.07,ARS,136.77,App,,Internet Plus,Services,Argentina,La Plata,Approved,00,False,4.65,,
TRX-XJXHUEP0UI8TJM53MOAQ,2026-05-27 06:21:56,2026-05-27,PRD-AL9CF3JOM67O,CLI-HV640WDIAR0P,Deposit,,579382.62,ARS,1655.38,POS,,,,Argentina,La Plata,Approved,00,False,,,
TRX-YUT3KJQFKDK6YDQDCL2O,2026-05-27 15:20:35,2026-05-27,PRD-JW851SRH7PXU,CLI-7Z1R2T4WK17F,Purchase,Transport,323257.48,COP,80.81,ATM,SUC-8UUCS42Y,Uber,Transport,Colombia,,Approved,00,False,22.75,5.1536049,-74.6064836
TRX-1FSH26BAJHUMXRHT539B,2026-05-27 15:41:08,2026-05-27,PRD-OI178E9X3SBS,CLI-JAEU0VTQXMTC,Purchase,Transport,369.69,USD,,POS,,Estación de Servicio,Transport,México,Guadalajara,Approved,00,False,,,
TRX-DZZF519W639T2O8WDF59,2026-05-27 11:48:34,2026-05-27,PRD-FYMK6WXUVF0I,CLI-TY4HAWAEUXKS,Withdrawal,,238.42,USD,,Transfer,,,,México,Puebla,Approved,00,False,2.58,,
TRX-VA4PTE8H9IO3X0FKMG9L,2026-05-27 21:04:56,2026-05-27,PRD-ZSFVXDYR24QC,CLI-12HVPGA8WWD3,Transfer,,6483.84,USD,,ATM,SUC-PUPXM7MA,,,México,Monterrey,Approved,00,False,,0.299902,-0.9397377
TRX-VHWD59WYNLNQ7C2V1XHA,2026-05-27 22:47:06,2026-05-27,PRD-FU2GTAQJNQ2A,CLI-Y6RISMNMC0XA,Withdrawal,,1690710.65,COP,422.68,POS,,,,Colombia,Medellín,Approved,00,False,25.92,,
TRX-H8KK8H93OGF473ZSVEEI,2026-05-27 07:23:44,2026-05-27,PRD-4SAU29IY8UJX,CLI-9DWDD8XIORSE,Deposit,,2469.37,USD,,POS,,,,Argentina,Mendoza,Approved,00,False,4.54,,
TRX-N8D6MNUKALTUMP8JSMOV,2026-05-27 20:02:20,2026-05-27,PRD-DS0BE27XSMYZ,CLI-7L0JOMWEFOCY,Purchase,Services,157.23,USD,,App,,Empresa Telefónica,Services,México,Guadalajara,Pending,05,False,13.98,,
TRX-80FMMTNM76W96J17MJL8,2026-05-27 12:49:58,2026-05-27,PRD-DQUZ9A3SN1MY,CLI-OBW4ZZ45ZJWR,Purchase,Food,402850.46,COP,100.71,ATM,SUC-MU9A5O88,Restaurante El Buen Sabor,Food,Colombia,Barranquilla,Approved,00,False,15.26,4.9457746,-74.5567685
TRX-HSN6GNJ6XFAUNGTSTX23,2026-05-28 00:32:12,2026-05-27,PRD-OEHFUWCAV7MB,CLI-BLDAORM7D6QA,Transfer,,22374572.43,COP,5593.64,Web,,,,Colombia,Medellín,Approved,00,False,,,
TRX-8IKYJ9NKTD6MZU2TUFL6,2026-05-27 11:03:44,2026-05-27,PRD-0RHGUXYW8SAT,CLI-CDCWW9CMGLQN,Transfer,,2262.05,USD,,ATM,SUC-1TATGCL8,,,México,Guadalajara,Approved,,False,25.23,0.084599,0.2640008
TRX-KKTP9HSKJI359NC4OSTM,2026-05-28 00:02:12,2026-05-27,PRD-5CFEKRSO19ZE,CLI-K0CO83TKJUHU,Withdrawal,,74.43,USD,,POS,,,,México,Puebla,Approved,00,False,25.85,,
TRX-BSBNXAKVJ0DB7OAYN56L,2026-05-28 01:13:12,2026-05-27,PRD-XZR94BGRQYV8,CLI-AS0NXGZSATN6,Payment,,1247.16,USD,,ATM,SUC-552N76DP,,,México,,Approved,00,False,10.44,,
TRX-PWVF5M8P04T66P1HMA8L,2026-05-27 08:37:38,2026-05-27,PRD-DA0W268G8YRT,CLI-8KI60TI8AF8E,Transfer,,31076286.01,COP,7769.07,POS,,,,Colombia,Medellín,Approved,00,False,20.62,4.1643503,-73.6479904
TRX-5NEF2WTE4DPKTVA101FM,2026-05-27 13:54:58,2026-05-27,PRD-CKUK1G0VJHQ6,CLI-UQXWN1F25JUO,Withdrawal,,336.93,USD,,ATM,SUC-57LRN6RH,,,México,Puebla,Pending,51,False,,,
TRX-364I3GYXLG64LPMDC6M8,2026-05-28 05:56:13,2026-05-27,PRD-JRZ7W4GLQ0MS,CLI-VK5FVP5WUCCK,Withdrawal,,475.77,USD,,App,,,,México,Ciudad de México,Declined,14,False,22.53,,
TRX-YLY5LVB5VC74Y7UK75Z8,2026-05-27 21:00:46,2026-05-27,PRD-FG4JZ8FIUNQ6,CLI-W59BYP9SOHKO,Payment,,200924.34,ARS,574.07,Web,,,,Argentina,Mendoza,Approved,00,False,1.29,,
TRX-ZVI70GPLZ5QSKF6XDRLF,2026-05-28 00:29:58,2026-05-27,PRD-WS03SXGR796X,CLI-7GW2FYTV33FR,Payment,Services,337.92,USD,,ATM,SUC-XT96PBC0,,,México,Tijuana,Approved,00,False,1.66,0.0937625,0.6331437
TRX-8XS9L0N5SLDLOJYXIB1Z,2026-05-28 04:24:59,2026-05-27,PRD-HSID8NEYIWJ6,CLI-TE4OLSB7MWDN,Transfer,,2106782.38,ARS,6019.38,ATM,SUC-3JIR51SL,,,Argentina,Mendoza,Approved,00,False,8.14,,
TRX-FAY7YO4ROHE0F9DYV2TB,2026-05-27 19:34:23,2026-05-27,PRD-DXE2VPB40TIK,CLI-JXHKVP1J5E0E,Withdrawal,,437.74,USD,,Branch,SUC-S49Q0IRI,,,México,,Approved,,False,,,
TRX-EAWU3JMMVGA5JVU0T2GT,2026-05-27 14:24:52,2026-05-27,PRD-QB36B52P86G7,CLI-NORPOL135HPY,Transfer,,8396.89,USD,,POS,,,,México,Querétaro,Approved,00,False,9.34,,
TRX-V1E2QYZCFIWU8XBQZR1N,2026-05-28 03:00:56,2026-05-27,PRD-E7N7B286WRSA,CLI-4Y65B7XI2OGO,Transfer,,590.09,USD,,ATM,SUC-4AVH1MSP,,,México,Querétaro,Approved,00,False,3.82,0.1443161,-0.4402708
TRX-ISMNCSU779Q43SVSUGE1,2026-05-27 16:22:39,2026-05-27,PRD-440V7XZHLO5L,CLI-W3GY18ILSLU5,Withdrawal,,331.55,USD,,App,,,,Colombia,Bogotá,Approved,00,False,,,
TRX-Z8TLHNF3MYAMT80N6RPI,2026-05-27 08:14:10,2026-05-27,PRD-SKJ8I01IV3CV,CLI-ZJEPDA5RTVH0,Purchase,Services,167883.65,COP,41.97,ATM,,Internet Plus,Services,Colombia,Cali,Approved,00,False,17.18,5.7063156,-73.9954845
TRX-C29SYQWJA3BXL39QPYCD,2026-05-27 21:27:12,2026-05-27,PRD-B09OHQ2W16B2,CLI-DVA5I0GIS5PG,Withdrawal,,198.94,USD,,Web,,,,México,Ciudad de México,Approved,00,False,8.72,,
TRX-PV1JTURNOLZHI7MCQTMB,2026-05-27 13:23:21,2026-05-27,PRD-90XDLNNSVSBK,CLI-72AKN91EY6PX,Transfer,,26499197.91,COP,6624.8,Web,,,,Colombia,Bogotá,Approved,00,False,12.87,,
TRX-JY1IZMP4AIMM5J75TU8Y,2026-05-27 15:17:19,2026-05-27,PRD-EGLHPIWU3Y17,CLI-8CA0I0U1XJRJ,Purchase,Food,74.03,USD,,POS,,Super Ahorro,Food,Brazil,Rio de Janeiro,Approved,00,False,25.52,,
TRX-7OGUTFPTT7V70FB9TKF8,2026-05-28 01:58:48,2026-05-27,PRD-MDKDB2NSPB8R,CLI-UPW6QTWPSO3O,Payment,,224.46,USD,,POS,,,,México,Querétaro,Approved,00,False,2.44,,
TRX-I1A819QFR0Q7BW9MWSU0,2026-05-27 20:42:18,2026-05-27,PRD-UC0OI6LFT9YC,CLI-AE6YTP8RGGSS,Payment,Services,444.35,USD,,ATM,SUC-S3V4CSL0,,,México,Guadalajara,Approved,00,False,,,
TRX-S443LXHCHEMWOM3FOE5N,2026-05-27 07:58:04,2026-05-27,PRD-O8BAAC4ELW2S,CLI-4BF171VNK9LK,Payment,Food,285.86,USD,,Web,,,,México,Tijuana,Approved,00,False,3.76,,
TRX-SF2H1WMW2DUHL4EADLC9,2026-05-27 08:43:06,2026-05-27,PRD-JP3C26M7QPU8,CLI-9QDP52NC2ZTE,Transfer,,7351.01,USD,,Web,,,,México,Tijuana,Approved,00,False,5.44,,
TRX-XRN8YLB539XLXNX91YF5,2026-05-27 10:10:50,2026-05-27,PRD-8UPO4I84HHYY,CLI-YLK19QD96E56,Withdrawal,,114.04,USD,,ATM,SUC-YOXS8L6B,,,México,Querétaro,Approved,00,False,5.18,,
TRX-1T4PZV7YZWF1ZQR18ZTS,2026-05-27 12:26:52,2026-05-27,PRD-BEQGERJ6B4MG,CLI-U91DYG0I4OK5,Purchase,Health,339.64,USD,,POS,,Clínica Médica,Health,Argentina,La Plata,Approved,00,False,27.51,-34.5407813,-57.6910518
TRX-GN2J2E7HJ11XGTGQB5ZX,2026-05-28 05:18:30,2026-05-27,PRD-754ET7BFSBJ6,CLI-ZLRNVIBPFPGO,Withdrawal,,236742.71,COP,59.19,POS,,,,Colombia,Cartagena,Approved,00,False,18.81,4.3220558,-73.9146676
TRX-HJC8NF4RIFWKMNL7S1Y1,2026-05-27 19:03:54,2026-05-27,PRD-SGWXUC0C5QHH,CLI-4RTW5OD7ZMNF,Transfer,,3298400.54,COP,824.6,ATM,SUC-M96GKW7T,,,Colombia,,Approved,00,False,6.89,,
TRX-ZT7KNU8ESQ0IEM51L6B1,2026-05-28 04:49:10,2026-05-27,PRD-Q602WN5IVAA0,CLI-2IJ0P00R2USN,Payment,Health,6873106.75,COP,1718.28,Web,,,,Colombia,Bogotá,Approved,00,False,1.7,,
TRX-HOIXR22IKAIOF8NE9YC4,2026-05-28 00:43:53,2026-05-27,PRD-N5IW8346LU97,CLI-SQD5MB19KAMM,Transfer,,9062.09,USD,,Branch,SUC-YO2Y6PA3,,,Argentina,Buenos Aires,Approved,00,False,,,
TRX-H2893WB2W1NIMMVACQ30,2026-05-28 04:28:02,2026-05-27,PRD-NC17H5W2CBAQ,CLI-ZI7TVFVPB19S,Purchase,Food,420.38,USD,,ATM,SUC-I8M9CS2Y,Tienda Don José,Food,México,Puebla,Approved,00,False,2.32,,
TRX-I0TVJG5FAS4LAFR3Y7R9,2026-05-28 03:02:50,2026-05-27,PRD-I3F0IPDFJS03,CLI-NTG1L9VR02UT,Transfer,,333751.65,ARS,953.58,ATM,SUC-2VHGDILI,,,Argentina,Córdoba,Approved,00,False,28.98,,
TRX-UQUGYIVU5CGA89T6EDIW,2026-05-28 03:12:52,2026-05-27,PRD-NTWMKOYLKZNA,CLI-2VQKNGCZSBT9,Withdrawal,,301.96,USD,,ATM,,,,México,Puebla,Pending,51,False,,,
TRX-RBCIW4JHV1K8BQUW74MV,2026-05-27 14:19:48,2026-05-27,PRD-JYIGU305FWHU,CLI-89LZHUI7BTHG,Withdrawal,,929462.09,COP,232.37,ATM,SUC-AXEH5GB0,,,Colombia,Barranquilla,Approved,00,False,8.92,,
TRX-77MQAR981UICXKNEU3RK,2026-05-28 03:44:25,2026-05-27,PRD-WFS9RYWVP8AT,CLI-77CPF5ZTWTAZ,Withdrawal,,164.29,USD,,ATM,SUC-PFXHRCSW,,,México,Tijuana,Approved,00,False,,,
TRX-TXHIGVFGPAIIDPV4TYDR,2026-05-27 18:01:10,2026-05-27,PRD-8FZ686V8ZE49,CLI-FHUIFI4EKDA5,Purchase,Other,145959.09,ARS,,POS,,Tienda General,Other,Argentina,Buenos Aires,Approved,00,False,24.53,-34.5556011,-57.5638276
TRX-VRGXPNQ7PV2XM7NMVTYB,2026-05-28 04:02:33,2026-05-27,PRD-VET0V3RJ1GCK,CLI-EVDFQ42DCMU8,Withdrawal,,425.59,USD,,Web,,,,México,Ciudad de México,Approved,00,False,29.13,,
TRX-5VW8FM2Z9FT4J23U28W6,2026-05-28 03:41:35,2026-05-27,PRD-JZMNBYYG2J26,CLI-VWBM8LPQ8ICZ,Purchase,Food,531239.99,COP,132.81,Web,,Tienda Don José,Food,Colombia,Bogotá,Approved,00,False,,,
TRX-9OPY42O029617UBJBJDF,2026-05-27 09:41:38,2026-05-27,PRD-APD2EDF5I1WI,CLI-OB3PX8QMJRL9,Purchase,Transport,449.47,USD,,Web,,Gasolinera Express,Transport,México,Guadalajara,Approved,00,False,12.74,,
TRX-GHDHJMSJDAX734GXW4E9,2026-05-28 05:35:14,2026-05-27,PRD-MD0KCKV1GSYN,CLI-2PRWVU1Z0LC9,Withdrawal,,389.2,USD,,POS,,,,México,Querétaro,Approved,00,False,,,
TRX-Q4Z51IZAJM0GI3HEOGV2,2026-05-27 12:52:08,2026-05-27,PRD-TM79MU26XUDM,CLI-QN4OGP77VLGU,Adjustment,,740.87,USD,,POS,,,,México,Puebla,Approved,00,False,21.25,,
TRX-P9WWIZLBCVWX3NSCPH8Z,2026-05-27 20:01:05,2026-05-27,PRD-1D6CV9GLBNP8,CLI-NZ2YR6XEGYNH,Withdrawal,,493.44,USD,,Web,,,,México,Monterrey,Approved,00,False,11.93,,
TRX-35LWPXNJ4C7LXNNL424J,2026-05-27 11:07:06,2026-05-27,PRD-FJCF41D18R15,CLI-6DUB5LHA0P5W,Purchase,Food,33.7,USD,,Web,,Tienda Don José,Food,México,Puebla,Approved,00,False,24.44,,
TRX-MKYL8J1HRLZCW9V6F6YU,2026-05-27 18:15:10,2026-05-27,PRD-GOGCNC4XF39I,CLI-VPL9LUO9IPQJ,Transfer,,3182.45,USD,,App,,,,México,Ciudad de México,Approved,00,False,,,
TRX-BR9PA3DVDJ35TCCY4QJL,2026-05-27 16:19:01,2026-05-27,PRD-TUTU9XJGR280,CLI-4P4GT6DDGJ0V,Transfer,,9341.25,USD,,App,,,,México,Puebla,Approved,00,False,3.71,,
TRX-A1KZKY44V9DJXXWWJRFR,2026-05-28 02:49:17,2026-05-27,PRD-SREV7WKKYGUR,CLI-H53FIB23PQSO,Withdrawal,,462.28,USD,,App,,,,México,Tijuana,Approved,00,False,12.25,,
TRX-GDFKEKYCTJE5KEKBJL1L,2026-05-27 09:09:08,2026-05-27,PRD-YAEN1JTAYMPP,CLI-ETHS6Z6GSPGJ,Payment,Services,1406.3,USD,,POS,,,,México,Querétaro,Declined,05,False,7.61,0.5131475,-0.6011134
TRX-GQQYP4GAGTWAW13RLQXP,2026-05-27 14:48:46,2026-05-27,PRD-WL1WU1JB8RJJ,CLI-QI7219RKL9D8,Payment,,2157399.72,COP,539.35,App,,,,Colombia,Medellín,Approved,00,False,6.51,,
TRX-2KOTN9V5FML4YF4VVI5F,2026-05-27 09:18:09,2026-05-27,PRD-INDMZNSNJR5H,CLI-FDH2TPAJUFW2,Transfer,,8944.89,USD,,ATM,SUC-AXDYB0RQ,,,México,Guadalajara,Approved,00,False,7.25,,
TRX-9WJSIJ7KYSS8BKJAHB9K,2026-05-27 17:23:26,2026-05-27,PRD-KDN6K86G8IGU,CLI-UQ0AY474K1CF,Payment,Other,1585.83,USD,,ATM,SUC-CJYLJUTF,,,México,Ciudad de México,Approved,00,False,25.8,0.8297941,0.1566935
TRX-N2G67ZSBGQ7H5F4I4FNI,2026-05-28 00:32:03,2026-05-27,PRD-DPQI7EZQ8FHO,CLI-NFV3TC67R6Z7,Deposit,,1658159.42,ARS,4737.6,App,,,,Argentina,Mendoza,Approved,,False,,,
TRX-MN1YFU7N4RJSU1ISHFCG,2026-05-27 23:29:48,2026-05-27,PRD-QH33H6YT0B5D,CLI-LVOQI7PQG0CO,Deposit,,3197973.34,COP,799.49,POS,,,,Colombia,Medellín,Approved,00,False,8.6,,
TRX-KGF1YWD6DTEWW4P0WU3Q,2026-05-27 06:31:23,2026-05-27,PRD-5QI8NJJBQUTY,CLI-4ZQ1F5L8Z9U0,Payment,Other,198230.39,ARS,566.37,POS,,,,Argentina,Córdoba,Approved,00,False,21.45,-33.8319836,-58.4511352
TRX-B8SP2UI8PT5PQSB77FMS,2026-05-27 12:57:41,2026-05-27,PRD-JMMXWXFIJEGD,CLI-PDGO5DQIGLN6,Purchase,Entertainment,1341139.08,COP,335.28,Web,,,Entertainment,Colombia,Bogotá,Approved,00,False,28.28,,
TRX-SSTUK6K0PPTOK0V7UK0M,2026-05-27 14:44:42,2026-05-27,PRD-130NU74KMTXZ,CLI-4QZIZZWFTV9B,Purchase,Food,39.18,USD,,Branch,SUC-JYU0POJ9,Tienda Don José,Food,México,Monterrey,Approved,00,False,6.27,-0.446534,-0.5456436
TRX-MDEF6VF500YGNTA7L38U,2026-05-28 02:20:41,2026-05-27,PRD-Q24WTRM5MTEE,CLI-N5ZKYXX6BK1T,Transfer,,3003.73,USD,,POS,,,,México,Tijuana,Approved,00,False,17.65,-0.2540407,0.5881513
TRX-25686IQVHZQGRA4UBBRY,2026-05-27 08:09:16,2026-05-27,PRD-AKDDE7KA9OH9,CLI-ECUWVEW2RYGZ,Withdrawal,,168841.13,ARS,482.4,ATM,SUC-KHBP7W0V,,,Argentina,Córdoba,Approved,00,False,1.97,,
TRX-J4DBLOB6I285BMXO1A9C,2026-05-27 22:43:41,2026-05-27,PRD-0TI0T37FUC49,CLI-5FALS0QYQ0Y9,Payment,Services,251.42,USD,,POS,,,,México,Guadalajara,Approved,00,False,21.6,,
TRX-CBSH104IMB98TTPL5031,2026-05-27 23:15:55,2026-05-27,PRD-EBXBM58TUNDL,CLI-Z3RLXOZZ4WZY,Payment,Health,244424.29,COP,61.11,POS,,,,Colombia,,Approved,00,False,,,
TRX-BXDJBHHN8WEF821Y6XWT,2026-05-27 15:58:42,2026-05-27,PRD-TSEULBRACJR6,CLI-QSRV71ZOOBCP,Deposit,,10687911.89,COP,2671.98,Web,,,,Colombia,Cali,Approved,00,False,,,
TRX-QBA0G8FYMPJ5MXKXI1Z4,2026-05-27 06:34:11,2026-05-27,PRD-6NOSWSRWB32S,CLI-IDISF22ICGPV,Payment,Entertainment,4986209.62,COP,1246.55,ATM,SUC-M447M9GU,,,Colombia,Cartagena,Approved,00,False,,5.5182374,-74.9293316
TRX-459O246BAKBRCWAIH64V,2026-05-28 01:00:20,2026-05-27,PRD-98N5MFDFOZA9,CLI-GQOPJIW1KD1S,Purchase,Food,321.8,USD,,POS,,Mercado Central,Food,México,Tijuana,Approved,00,False,10.36,,
TRX-74V3GCMM5C5LBE1LGCIX,2026-05-27 17:56:15,2026-05-27,PRD-VXQY81A1IDG0,CLI-6LVZX48CEJ25,Withdrawal,,98.02,USD,,App,,,,México,Puebla,Approved,00,False,,,
TRX-NMP12Z7J90J4HT6GY5P9,2026-05-28 05:43:58,2026-05-27,PRD-4HJNMYKKM0TP,CLI-T58U7FKJXW7B,Withdrawal,,1031841.69,COP,257.96,App,,,,Colombia,Cali,Approved,00,False,17.98,,
TRX-5X8I6P4QR04ZFDE5JDP2,2026-05-27 06:40:10,2026-05-27,PRD-KNM00DLJP1LO,CLI-BHGRATUTGG6T,Payment,Other,1304.94,USD,,POS,,,,México,Monterrey,Approved,00,False,15.46,,
TRX-U22UER0JEQY70MKGG53H,2026-05-27 17:33:55,2026-05-27,PRD-08ZYCPM0W77X,CLI-PMEZ8543SD9P,Deposit,,1412.02,USD,,ATM,SUC-1G7XCTV8,,,México,Guadalajara,Approved,00,False,19.45,,
TRX-6TA3A2R3GFY7UTSDB7HE,2026-05-27 09:02:53,2026-05-27,PRD-6F137K1U1WBQ,CLI-UINE1OGTX7QN,Adjustment,,2442823.37,COP,610.71,POS,,,,Colombia,Medellín,Approved,00,False,7.69,,
TRX-Y6SLBY2YFRNAWODF8IS5,2026-05-27 19:36:45,2026-05-27,PRD-PK85CB7AD027,CLI-Y3RQ8VFR9KC0,Purchase,Food,163792.59,ARS,467.98,POS,,Restaurante El Buen Sabor,Food,Argentina,Rosario,Approved,00,False,17.19,,
TRX-BNUX66XE8I43AJE72JSY,2026-05-27 11:47:03,2026-05-27,PRD-5H67N2PJBMPX,CLI-PJXWBV4QD769,Transfer,,25209169.11,COP,6302.29,Transfer,,,,Colombia,,Approved,00,False,13.93,,
TRX-59ADLKKD7VKUOM68HQW9,2026-05-27 19:39:40,2026-05-27,PRD-NW0HB1FI6HPS,CLI-H6PRWKMD4T2T,Transfer,,8382.23,USD,,ATM,SUC-YIS5JECV,,,México,Puebla,Reversed,51,False,1.86,0.9901984,0.8121451
TRX-USDQZJ82ZFVZ3R0JDZL5,2026-05-27 12:50:33,2026-05-27,PRD-4FSXITY58X2R,CLI-11I8PD5F9CAN,Transfer,,1105.23,USD,,ATM,SUC-FV69BGCV,,,México,Ciudad de México,Approved,00,False,16.24,,
TRX-CKF2KS3Q2RB77B9UE4ML,2026-05-27 19:21:35,2026-05-27,PRD-LE92C8SNAH16,CLI-0EB5KF3LFPRL,Purchase,Transport,36908.33,COP,9.23,POS,,Gasolinera Express,,Colombia,Barranquilla,Approved,00,False,17.52,,
TRX-X0UBOG3LS2AUFXNO90F2,2026-05-28 01:10:41,2026-05-27,PRD-9JLKFCH9W7S5,CLI-QMQU3IKUQ6BJ,Withdrawal,,142778.22,COP,35.69,ATM,SUC-C93NERQQ,,,Colombia,Barranquilla,Approved,00,False,16.53,,
TRX-39FZ0J9IQUD56GM8BQQS,2026-05-27 14:39:52,2026-05-27,PRD-5I05EOYLAIHX,CLI-7ZLPYTOWB9Q1,Purchase,Food,380.9,USD,,ATM,SUC-RNIHGBDP,Restaurante El Buen Sabor,Food,Argentina,Buenos Aires,Approved,00,False,12.66,-34.0201565,-58.7476923
TRX-MRQIOUBUI19F2LLQ4C4O,2026-05-27 17:03:47,2026-05-27,PRD-5LKWJ7UKEKNG,CLI-9FTQ8OOOVB5W,Deposit,,1446916.07,ARS,4134.05,ATM,SUC-YV8Q78LJ,,,Argentina,Buenos Aires,Approved,00,False,12.34,,
TRX-KNK6HOVYTZVONAS2P44C,2026-05-28 02:42:48,2026-05-27,PRD-CRGCLZWM21LC,CLI-NAGXBQ2FTIPB,Adjustment,,386.72,USD,,App,,,,México,Monterrey,Approved,00,False,3.97,,
TRX-BQUGT70OQCOKP0GZX81H,2026-05-27 10:16:15,2026-05-27,PRD-AKDKWB48UVT7,CLI-77R3BE39ASZQ,Withdrawal,,1455006.25,COP,363.75,ATM,SUC-XXUHP6O3,,,Colombia,Cartagena,Approved,00,False,,,
TRX-EVOXQACW4S98B8T5R2R7,2026-05-27 09:22:38,2026-05-27,PRD-UEV2QQMW4MO0,CLI-GHEEO4NZRTNR,Transfer,,7554.04,USD,,POS,,,,México,Ciudad de México,Approved,00,False,,,
TRX-K84J0PMQQDRQPZG440GR,2026-05-27 18:00:42,2026-05-27,PRD-PGXPEI4LWQT3,CLI-E6T93OMKL7D6,Withdrawal,,283.76,USD,,ATM,SUC-RJSJ0B0X,,,México,,Approved,00,False,10.02,,
TRX-QBI88N0KJ3C2LHQZ8CV1,2026-05-27 06:30:12,2026-05-27,PRD-TWD4X4R6N860,CLI-WZJ7CBS4QMNV,Withdrawal,,221.89,USD,,Web,,,,México,Querétaro,Approved,00,False,18.01,,
TRX-LAEAZMHU6D8OE4DN61Z8,2026-05-28 00:13:52,2026-05-27,PRD-ZW1IGBGBIMG0,CLI-EB8C32BSNQ1U,Purchase,Food,313.03,USD,,ATM,SUC-RJSJ0B0X,Super Ahorro,Food,México,Ciudad de México,Approved,00,False,8.95,,
TRX-GWNSSQO1B898F9O9MM0U,2026-05-28 00:56:27,2026-05-27,PRD-6ZYXH6IB6RIN,CLI-1CCWFG7Y5ACG,Withdrawal,,269.25,USD,,POS,,,,México,Puebla,Approved,00,False,2.35,,
TRX-V0R4C962A8XM2RZA3N9W,2026-05-27 11:24:59,2026-05-27,PRD-CCXSP0Y9TJMC,CLI-FN7FSVRENXQ7,Withdrawal,,378.71,USD,,POS,,,,México,Ciudad de México,Approved,00,False,7.52,,
TRX-FWEZ6UG8Y917SIW80BGD,2026-05-27 08:04:18,2026-05-27,PRD-MDW31PEJAYDC,CLI-IUVCSF5WKGJN,Deposit,,2656.51,USD,,App,,,,México,Guadalajara,Approved,00,False,21.98,,
TRX-FRE8A2SLVS7U5EBZDMMX,2026-05-27 12:08:51,2026-05-27,PRD-5LKAKZA6HLWU,CLI-HLNKWKSM7FRF,Withdrawal,,268.53,USD,,POS,,,,México,Tijuana,Pending,14,False,6.84,,
TRX-Y0ZC2XTW1JVMK3BXQCEN,2026-05-27 11:00:22,2026-05-27,PRD-7YYIK3FHMX8R,CLI-F5HZHYM6BR7F,Purchase,Services,711778.63,COP,177.94,ATM,SUC-IKK3G59W,Empresa Telefónica,Services,Colombia,Bogotá,Approved,00,False,12.03,4.337455,-73.7428897
TRX-XMMQP1WE9N3X17PV59LP,2026-05-27 14:10:19,2026-05-27,PRD-VYU58DZXNJQI,CLI-0QORXQ7Q28EM,Withdrawal,,445.24,USD,,Web,,,,USA,New York,Approved,00,False,3.1,,
TRX-4T3LGZAQOFJQVWHCVNKU,2026-05-27 16:43:51,2026-05-27,PRD-NBUAR9GM768Y,CLI-SRA40V9LCUVF,Deposit,,101.02,USD,,App,,,,México,,Approved,00,False,3.91,,
TRX-D4TXJ768IH7YTMEP3B5G,2026-05-27 22:22:52,2026-05-27,PRD-HPOFIGYDC3ZL,CLI-PO28LAWYXL7F,Purchase,Health,1046637.14,COP,261.66,App,,Clínica Médica,Health,Colombia,Bogotá,Approved,00,False,7.85,,
TRX-ZU4BR1HHBKOY3QARMM25,2026-05-27 10:53:28,2026-05-27,PRD-4LWNEAAOR9CN,CLI-9FNWYIPWGEPU,Deposit,,1730767.43,ARS,,App,,,,Argentina,Buenos Aires,Approved,00,False,19.13,,
TRX-RYP0HPIFUJCH2K09LTHY,2026-05-28 00:56:39,2026-05-27,PRD-F6LMJW1SWLLK,CLI-JV4KOGRBHKPJ,Withdrawal,,228199.49,COP,,Web,,,,Colombia,Medellín,Approved,00,False,9.01,,
TRX-33YNC8AVMLYHF953DZXH,2026-05-27 11:58:16,2026-05-27,PRD-C87PJ1KGCNAW,CLI-DQBRSHHPYVH3,Adjustment,,3064931.33,COP,766.23,POS,,,,Colombia,Cartagena,Pending,54,False,,,
TRX-F3Q7VTITOP06OUDXXZ4U,2026-05-27 16:40:59,2026-05-27,PRD-230LGCDIGXXX,CLI-SDII2X6O7GX2,Payment,Food,1271.64,USD,,POS,,,,México,Puebla,Approved,00,False,,,
TRX-I61OZOEFOAK18X83GERN,2026-05-28 01:46:05,2026-05-27,PRD-8QDVG5TJ7IWC,CLI-S984MPDX2T6V,Purchase,Transport,147.78,USD,,App,,Gasolinera Express,Transport,México,Tijuana,Approved,00,False,,,
TRX-0K5YZA0TFTARZ0G5L7U0,2026-05-27 10:52:44,2026-05-27,PRD-HLXQIC6HRXYR,CLI-4QB7ZVIM0EKF,Purchase,Food,1064775.51,COP,266.19,POS,,Mercado Central,Food,Colombia,Cali,Approved,00,False,5.38,4.8339701,-73.3478869
TRX-DSAIGADI7Q23ZSF30CV5,2026-05-27 15:04:14,2026-05-27,PRD-RL7HXVHNYU1S,CLI-KOUXLN69V5MO,Transfer,,6156.03,USD,,Web,,,,México,Tijuana,Approved,00,False,6.9,,
TRX-9KFDQ0W8BAGP77MP6BUE,2026-05-27 16:11:15,2026-05-27,PRD-J3TRZMZKQSIW,CLI-31J8DIJ2DN6B,Transfer,,8921.79,USD,,App,,,,México,Guadalajara,Approved,00,False,0.89,,
TRX-SF8UITKRGSX38TYVWI74,2026-05-27 15:13:45,2026-05-27,PRD-59XTNTVJ444M,CLI-OB8C7EAC7OW8,Payment,Services,411326.19,ARS,1175.22,POS,,,,Argentina,Rosario,Approved,00,False,28.86,-33.8606575,-58.2255283
TRX-B7J44WNHBC527SIZ296D,2026-05-27 20:08:56,2026-05-27,PRD-7HM655KRCPDR,CLI-YZV9Z8PX6TZG,Payment,Food,86.5,USD,,POS,,,,México,Guadalajara,Approved,00,False,13.13,,
TRX-BQW70FJNRFPU6GT4RSQ8,2026-05-27 13:30:35,2026-05-27,PRD-NY1UAF0TDG48,CLI-GJNOTKXNQMBZ,Payment,Health,169603.96,ARS,484.58,ATM,SUC-BMVBUHCL,,,Argentina,Buenos Aires,Approved,00,False,1.21,,
TRX-HPR7EUK6I1X2EAGPN5Z6,2026-05-27 13:21:37,2026-05-27,PRD-6V8NJ2XJIWJ0,CLI-IXZ0Z5BX4AEX,Purchase,Entertainment,27.35,USD,,App,,Streaming Music,Entertainment,México,Querétaro,Approved,00,False,0.12,,
TRX-AOU8F8YRDBWD0PJEH1KF,2026-05-27 21:10:13,2026-05-27,PRD-1OQNX5M2SI4X,CLI-613TUOQ6QQZA,Transfer,,3553.89,USD,,ATM,SUC-XV1N3YM9,,,México,Puebla,Approved,00,False,,,
TRX-0739LES7HIZ4V9GIFQT8,2026-05-27 10:24:07,2026-05-27,PRD-EET7CINBCX9Q,CLI-XU1R54RQVTET,Deposit,,1056580.47,ARS,3018.8,App,,,,Argentina,Buenos Aires,Approved,00,False,10.58,,
TRX-2JZB8P8A8A528CUYXILI,2026-05-27 09:28:52,2026-05-27,PRD-XY1HVLUR5XKN,CLI-3KN042RF1NRX,Withdrawal,,188.7,USD,,POS,,,,México,Guadalajara,Approved,00,False,5.71,,
TRX-UCI5MP34N83MMLB3EYZG,2026-05-27 09:35:53,2026-05-27,PRD-R70CQIYWCVMI,CLI-2C5ZSYFZRE6J,Purchase,Health,420535.36,COP,105.13,App,,Óptica Visión,Health,Colombia,Cali,Approved,00,False,,,
TRX-PSU5L0Z4STHW3OVRPH3E,2026-05-27 11:43:41,2026-05-27,PRD-AWQ53L663JLA,CLI-1NPM1EUEPIP0,Purchase,Transport,440.65,USD,,Web,,Uber,Transport,México,Guadalajara,Approved,00,False,28.65,,
TRX-XKXIKWX9ENAEII6BW865,2026-05-27 13:07:28,2026-05-27,PRD-WRWB3PQFVQ12,CLI-5LT3A2BKE6CV,Payment,Food,3085334.77,COP,771.33,Branch,SUC-JA4P9IIP,,,Colombia,Bogotá,Declined,05,False,,5.3355619,-74.3358309
TRX-O5RMPTOWLCL0XQ3XI0E9,2026-05-27 21:17:44,2026-05-27,PRD-2X35FLMI0YDA,CLI-4PRNP08H9JOP,Payment,Food,5745247.76,COP,1436.31,Web,,,,Colombia,Cartagena,Approved,00,False,3.74,,
TRX-H1QXRFNT8GE0Y2Q87SJP,2026-05-27 18:03:30,2026-05-27,PRD-YLJA0E46HX91,CLI-YCNUGZ5SZBI9,Payment,Entertainment,403975.58,ARS,1154.22,Web,,,,Brazil,São Paulo,Approved,00,False,18.46,,
TRX-TJ0HMAZWWIJ2QWFFN9WQ,2026-05-27 13:09:43,2026-05-27,PRD-M6UC1BLYSM92,CLI-JAC77UBBEMBJ,Deposit,,288272.92,ARS,823.64,ATM,SUC-SX32177B,,,Argentina,Córdoba,Approved,00,False,10.65,,
TRX-IZTWT1416VBJZMUWIXAG,2026-05-27 19:06:06,2026-05-27,PRD-5SH9UV63JNQJ,CLI-N0V6L9OP8W0L,Transfer,,39741606.31,COP,9935.4,App,,,,Colombia,Cali,Approved,00,False,7.31,,
TRX-8LSU9DY8LGEYTMVTUZT4,2026-05-27 09:46:16,2026-05-27,PRD-DZIE1BUGIL8F,CLI-J7TQOX1PLY3V,Deposit,,51.31,USD,,ATM,SUC-COPO2MJ8,,,México,Tijuana,Approved,00,False,,,
TRX-G3I8M485HAGTD5ZAJ5LP,2026-05-27 17:00:24,2026-05-27,PRD-GIR176GL3XSW,CLI-0MDBDDRGE07Q,Purchase,Food,492.47,USD,,Branch,SUC-98QOW3F1,Tienda Don José,Food,México,Guadalajara,Approved,00,False,20.8,,
TRX-G6A40SGEZQ864HEZ3MXY,2026-05-27 16:53:23,2026-05-27,PRD-5J9EX5HHBBP2,CLI-I7BYE9XS3AL4,Purchase,Food,280992.56,COP,70.25,App,,Tienda Don José,Food,Colombia,Cartagena,Approved,00,False,25.68,,
TRX-KLAP322TOHMNTXN88J16,2026-05-28 03:46:54,2026-05-27,PRD-Y6DL2A0N02CT,CLI-QP9U6WAMQUKG,Withdrawal,,388.86,USD,,ATM,SUC-UB0LXRUU,,,Spain,Barcelona,Approved,00,False,0.63,,
TRX-PAIF6BAASWKK3V19M773,2026-05-28 05:38:02,2026-05-27,PRD-B5GSJ41HJL7P,CLI-OUOKG8CM1ESH,Transfer,,2979154.87,ARS,8511.87,Branch,SUC-4JYR8GOV,,,Argentina,,Approved,00,False,18.01,,
TRX-0ZED6NU9SAFTHD9VFFRO,2026-05-28 01:10:27,2026-05-27,PRD-BYV8MT61ZCI7,CLI-RA2NTNA0ICBF,Payment,Other,754.49,USD,,ATM,SUC-4XKHST63,,,México,,Approved,,False,11.82,,
TRX-4NMA09PZCWK0TDA5HNP0,2026-05-27 14:26:52,2026-05-27,PRD-8PNWKC1RDZU3,CLI-3BCY2DA3WKIR,Withdrawal,,902408.24,COP,225.6,POS,,,,Colombia,,Approved,00,False,28.12,,
TRX-6W6LPQ1SDF6JL3BWK65M,2026-05-27 11:55:00,2026-05-27,PRD-A5W16AM8FSUK,CLI-BCQLRRPSDQVS,Payment,Entertainment,4069849.44,COP,1017.46,Branch,SUC-XPLAOSH4,,,Colombia,Bogotá,Pending,,False,18.58,,
TRX-FZ6D3PIWU2C5KYEBAYMN,2026-05-28 02:14:19,2026-05-27,PRD-TUQTBDE1KUVO,CLI-TV9S0WPSL5CG,Withdrawal,,353.43,USD,,App,,,,Colombia,Barranquilla,Approved,00,False,8.36,,
TRX-KBYZXY232G32NJM29IOR,2026-05-27 12:49:38,2026-05-27,PRD-TI8F55GLUA97,CLI-DWVC5G3YYLFU,Payment,Transport,4810163.36,COP,1202.54,Web,,,,Colombia,Cartagena,Approved,00,False,3.42,,
TRX-AH5YMC2LD457F9FCILPO,2026-05-27 07:59:26,2026-05-27,PRD-CO8K6UCIJPWH,CLI-2INQUGYX8D0E,Purchase,Health,433399.34,COP,108.35,POS,,Óptica Visión,Health,Colombia,Barranquilla,Approved,00,False,4.75,,
TRX-XZBSWGQGRRI9LYIXYKGM,2026-05-27 17:20:49,2026-05-27,PRD-FPK0PV8D6UZ4,CLI-JK60YV62YZIH,Transfer,,2565487.89,ARS,7329.97,Web,,,,Argentina,Mendoza,Approved,00,False,,,
TRX-SC96ANZFNAIN0M9BRGML,2026-05-27 15:17:56,2026-05-27,PRD-6OCUY1KHAFGT,CLI-5V9ALGHIV8OO,Adjustment,,184813.87,ARS,528.04,POS,,,,Argentina,Córdoba,Approved,,False,,,
TRX-B69PYAHLY99QWLFR649U,2026-05-27 17:32:14,2026-05-27,PRD-RZI51DV0O89A,CLI-32H5NBWFQJ3F,Adjustment,,1290117.14,COP,322.53,Branch,SUC-RNGAMG7V,,,Colombia,Bogotá,Approved,00,False,6.15,,
TRX-V3MLXULJL0QH2HHE63R4,2026-05-27 11:57:10,2026-05-27,PRD-FYQ9T2DKQDG1,CLI-0JYKFEU6HJ8F,Transfer,,2775.01,USD,,POS,,,,México,Puebla,Approved,00,False,18.88,,
TRX-5RAV3JGETB6JMK9K2F1S,2026-05-27 07:00:31,2026-05-27,PRD-VU6INMORZ3U6,CLI-06IPRRS0DV7R,Withdrawal,,59449.2,ARS,169.85,POS,,,,Argentina,Buenos Aires,Approved,00,False,10.78,,
TRX-29OYF0BCZDU88HC4G93O,2026-05-27 13:41:33,2026-05-27,PRD-NV5Q6SZKOTC6,CLI-SEEBOOUB4PT4,Withdrawal,,715154.14,COP,,ATM,SUC-MSYTX2WG,,,Colombia,Bogotá,Approved,00,False,8.94,,
TRX-TFV6C3LX5GJEZCW9J6W4,2026-05-28 04:41:40,2026-05-27,PRD-ZYNIRBQKS904,CLI-JRTEPBQJGINB,Purchase,Food,1753681.03,COP,438.42,ATM,SUC-KY2QIURA,Restaurante El Buen Sabor,Food,Colombia,,Approved,00,False,24.46,,
TRX-45XALAYGQYUMNO7TJAFB,2026-05-27 11:35:00,2026-05-27,PRD-MZ1TRQ55Z6IZ,CLI-ZBQ5DJT57F8X,Payment,Services,210.19,USD,,ATM,SUC-IW55XIEY,,,México,Querétaro,Approved,00,False,14.06,-0.5178801,0.8697314
TRX-SADJMEXXOZBUPE8NL9UY,2026-05-27 15:11:09,2026-05-27,PRD-5BOSBBFYNUMF,CLI-9NSZ8QS3X51Y,Transfer,,7410.2,USD,,POS,,,,México,Guadalajara,Approved,00,False,24.06,,
TRX-39D3N4T072ZJ7V7XCHA9,2026-05-27 21:02:46,2026-05-27,PRD-OJQHRUC3RJFY,CLI-KTPCVY7OHO5L,Purchase,Entertainment,144533.6,COP,36.13,App,,Streaming Music,Entertainment,Colombia,Cartagena,Approved,00,False,8.39,,
TRX-YCLCUZOCQMN4FZ3P9CR3,2026-05-28 04:52:54,2026-05-27,PRD-ONOFR29UELKG,CLI-LL1GA37NAG8J,Purchase,Food,111881.22,COP,27.97,POS,,Tienda Don José,Food,Colombia,Cartagena,Approved,00,False,5.54,,
TRX-14SGYN86OF6O3H3ZC1SE,2026-05-27 09:02:08,2026-05-27,PRD-EXLKIO9C1TFK,CLI-M0E7JLFCVMO8,Payment,Health,3812052.66,COP,953.01,ATM,SUC-H24HUACK,,,Colombia,Cartagena,Approved,00,False,,4.60996,-73.9404361
TRX-V6YFIKT3SJP322TULL24,2026-05-27 09:42:48,2026-05-27,PRD-K02HWHWOC87L,CLI-DIZ5BAD43XHM,Purchase,Other,968682.4,COP,242.17,Web,,Boutique Moda,Other,Colombia,Medellín,Approved,00,False,21.07,,
TRX-4CO0IGRMBZ6JW5H4UXI6,2026-05-27 10:59:16,2026-05-27,PRD-C8CVWUHS4YZM,CLI-F1HZ55UE0BGI,Deposit,,2304.75,USD,,POS,,,,México,Ciudad de México,Approved,00,False,,0.9753684,0.6802796
TRX-FLRYUQ9U6T5Z46K4YAI5,2026-05-27 14:51:58,2026-05-27,PRD-T99NVK9JWDLS,CLI-USFOS2811WCK,Purchase,,325.46,USD,,Web,,Estación de Servicio,Transport,México,Puebla,Approved,00,False,28.68,,
TRX-UYLQH1YBH6RLSH96K735,2026-05-27 07:00:16,2026-05-27,PRD-OQK3JCJIT5V8,CLI-EC0ZCOEN43DU,Transfer,,493.22,USD,,Web,,,,México,Guadalajara,Approved,00,False,8.22,,
TRX-KI5Y0TDHJEDOJ4XVHOLQ,2026-05-27 16:53:09,2026-05-27,PRD-CXVTS50G4FUN,CLI-RCF5Z68DQ8Y8,Transfer,,9074.03,USD,,ATM,SUC-M3Y8BT51,,,México,Ciudad de México,Approved,00,False,4.87,-0.5296134,0.3575715
TRX-D8CGM5FK54I0YVLYOCG5,2026-05-27 09:36:40,2026-05-27,PRD-RVEVN1W2U2RA,CLI-0TZXK6L8IWE9,Withdrawal,,138.6,USD,,ATM,SUC-337QKO7D,,,México,Monterrey,Approved,00,False,3.64,,
TRX-FXRQEXM6JOR96WGFV6L6,2026-05-27 13:54:02,2026-05-27,PRD-Y5QG2N7J6IW2,CLI-03IZ9JUZRC3T,Transfer,,7800.18,USD,,POS,,,,México,,Approved,00,False,16.73,,
TRX-C93V12G3CX2C1Y8AHBMN,2026-05-28 01:43:55,2026-05-27,PRD-7JF4708DG4QC,CLI-AGH4TIFGGB20,Payment,Transport,716.82,USD,,POS,,,,México,Monterrey,Approved,00,False,27.37,0.9142794,0.8452056
TRX-DHOYVQRX5OU35XZESMMO,2026-05-27 23:08:29,2026-05-27,PRD-VEBCLBBHPT1U,CLI-LK2FM9XV2CHK,Payment,Food,305185.53,ARS,871.96,App,,,,Argentina,Córdoba,Approved,,False,21.12,,
TRX-6HV3MCYRWD449M16RCZP,2026-05-27 07:02:17,2026-05-27,PRD-QDFYLMNP0KT4,CLI-529THZCTCAEQ,Deposit,,4994.16,USD,,ATM,SUC-ZVPEMWQP,,,Argentina,Rosario,Approved,00,False,8.66,,
TRX-J06BHNQRC9ASESWJG8IG,2026-05-28 01:00:20,2026-05-27,PRD-AOAGRWVGJWD3,CLI-SNZQIHQXOAJY,Transfer,,106.56,USD,,POS,,,,México,Puebla,Approved,00,False,24.49,,
TRX-RNCY3GQ2QC99SAKVJ2MQ,2026-05-27 13:06:31,2026-05-27,PRD-2S087SXKADHR,CLI-6DUR5ZBDUDNU,Transfer,,21847401.65,COP,5461.85,App,,,,Colombia,Bogotá,Approved,00,False,23.5,,
TRX-K0IHVLKYU6EJCENKIM7Z,2026-05-28 01:34:48,2026-05-27,PRD-ZO1ETBDN77K0,CLI-PV65CNIM12EM,Withdrawal,,427.59,USD,,Web,,,,México,Querétaro,Approved,00,False,12.31,,
TRX-QHH7HJRTZVFOPVIAMA8P,2026-05-27 19:59:54,2026-05-27,PRD-IP6AUAW5G3RL,CLI-RSI9QOYAO47F,Withdrawal,,211.92,USD,,Transfer,,,,Argentina,Rosario,Approved,,False,5.48,,
TRX-WXQXOZJZ0WN2MZQ7AHXI,2026-05-27 20:26:54,2026-05-27,PRD-D8U84ZF7M3YN,CLI-I5WYZXG6HQQJ,Payment,Food,517522.9,ARS,1478.64,ATM,SUC-F321UEME,,,Argentina,Buenos Aires,Approved,00,False,6.76,-34.5588356,-57.3929306
TRX-BNOV5LU23K83944XNI8O,2026-05-27 21:53:19,2026-05-27,PRD-ZV31IHAQ4HZA,CLI-DL6X9UIL58K2,Withdrawal,,1831382.51,COP,457.85,Branch,SUC-AXEH5GB0,,,Colombia,Cali,Approved,00,False,24.8,5.6458258,-74.5880993
TRX-YN0Y1OUT2U3TTZ45MEVI,2026-05-27 12:14:30,2026-05-27,PRD-6NTZ3TF8N1RC,CLI-Z26RLC1FZYCB,Deposit,,12071828.63,COP,3017.96,POS,,,,Colombia,Medellín,Approved,00,False,22.27,,
TRX-8513QO17QCTDW1GOJP4W,2026-05-27 17:10:36,2026-05-27,PRD-JQEVYQGIXF5X,CLI-8TPNHSJ9TB04,Deposit,,1240598.07,ARS,3544.57,Branch,SUC-TUCFOESJ,,,Argentina,Córdoba,Approved,00,False,0.36,,
TRX-PP4R0VUEZZENUHZFQCK2,2026-05-27 17:55:32,2026-05-27,PRD-45M0F2Y3HHNT,CLI-EIZ1W84BPI6N,Transfer,,8443.46,USD,,App,,,,México,Monterrey,Approved,00,False,23.78,,
TRX-Y348TMNHYTEVSY0XRT63,2026-05-27 17:58:47,2026-05-27,PRD-B70UNNHGQME5,CLI-KPAF3QZRB4IL,Transfer,,13702144.08,COP,3425.54,POS,,,,Colombia,Barranquilla,Approved,00,False,23.66,,
TRX-2L5RVDBYV1Y2BCVECNKI,2026-05-27 19:05:58,2026-05-27,PRD-12W0U2BQ5CJH,CLI-78UYOVOK1VHU,Adjustment,,135.22,USD,,Web,,,,México,Tijuana,Approved,00,False,23.14,,
TRX-IRTT4FOQ8SMLFW4QWYL7,2026-05-28 01:25:36,2026-05-27,PRD-3I8NGHJDX9AR,CLI-O4MS0JO56AVR,Transfer,,4113.41,USD,,App,,,,México,,Approved,00,False,0.73,,
TRX-DQLYWUOQX8U2JDODLBJP,2026-05-28 02:43:00,2026-05-27,PRD-2J2IRNKN8EW8,CLI-DWOYLZDYZLK2,Withdrawal,,271.66,USD,,POS,,,,México,Puebla,Approved,00,False,,,
TRX-PLJOYSPXJK0WS9A5W262,2026-05-27 17:04:37,2026-05-27,PRD-ZQ8HMY923PTC,CLI-KS21ZAHF8Z8E,Withdrawal,,31.7,USD,,Web,,,,México,Monterrey,Approved,00,False,,,
TRX-MKPV1ANITAVU2PMGA659,2026-05-28 00:05:38,2026-05-27,PRD-09PEQMUDP33T,CLI-X6HTQ1KN9J38,Payment,Transport,44023.78,ARS,125.78,Web,,,,Argentina,Córdoba,Approved,00,False,28.57,,
TRX-5H9SILZ3VZ6A1X86IQNQ,2026-05-28 02:50:30,2026-05-27,PRD-4TKHM7EFROU9,CLI-DOERSGWMPAQQ,Adjustment,,333.66,USD,,App,,,,México,Monterrey,Approved,00,False,,,
TRX-F5JXHTWLL2SZ3TUW55CR,2026-05-27 06:24:29,2026-05-27,PRD-FD8QI4MROUAM,CLI-WH69MMIS2HBX,Withdrawal,,82682.51,ARS,236.24,ATM,SUC-7L3EZA71,,,Argentina,Mendoza,Approved,00,False,10.95,,
TRX-GSIXYM3JSA4ZSFLN72VF,2026-05-27 06:46:12,2026-05-27,PRD-I5D1UNRV693W,CLI-T7C4K1ZEXE17,Transfer,,5078.46,USD,,POS,,,,México,Puebla,Approved,00,False,,-0.8736136,0.6374837
TRX-34JENH28D1GY8BMG23B0,2026-05-27 13:14:41,2026-05-27,PRD-A8A1L35TE902,CLI-7DIZ8USO31YA,Payment,Food,978.48,USD,,ATM,SUC-KT11NKNR,,,México,Guadalajara,Approved,00,False,16.87,0.2152932,-0.3089749
TRX-IS9RX8VAA8BDHGDDOO58,2026-05-28 04:12:52,2026-05-27,PRD-E3MUM2SDTP8M,CLI-6QYEKMZE8B63,Deposit,,4058.88,USD,,POS,,,,México,Querétaro,Approved,00,False,18.8,,
TRX-B6421IVUEB7FT2EGL0SW,2026-05-27 10:05:52,2026-05-27,PRD-JC2FP3MLZIC8,CLI-VWEM1MGHE46W,Purchase,Transport,151440.43,ARS,432.69,POS,,,Transport,Argentina,,Approved,00,False,11.75,,
TRX-DC3LW273UEDA0J99IML4,2026-05-28 02:47:50,2026-05-27,PRD-0ALBIQ44KKQA,CLI-ABLSSMBNGROX,Withdrawal,,45878.37,ARS,131.08,ATM,SUC-ZVPEMWQP,,,Argentina,La Plata,Approved,00,False,16.61,,
TRX-TQX3AJDFVQG802QVFKZB,2026-05-27 08:20:12,2026-05-27,PRD-FXASNC0KE65P,CLI-8ILXU6MS0J90,Transfer,,1039125.27,ARS,2968.93,App,,,,Argentina,Mendoza,Approved,00,False,,,
TRX-V2XA7RDLWKNT5I6MCDGC,2026-05-27 23:26:02,2026-05-27,PRD-3D4FPW1MEQH2,CLI-T6428GHTEMC6,Payment,Entertainment,160.52,USD,,POS,,,,México,Tijuana,Approved,00,False,,,
TRX-LQHO57LHS1NCHNC0XION,2026-05-27 06:20:29,2026-05-27,PRD-J2M9BK8GGHVI,CLI-AG06PK8AJH48,Withdrawal,,385.29,USD,,ATM,SUC-EN5GYCON,,,México,Ciudad de México,Approved,00,False,8.53,-0.1651369,0.8541836
TRX-0VNY31S05FKSTMD5NDB6,2026-05-27 16:11:19,2026-05-27,PRD-C0F97DMB4PG8,CLI-R9O7O7QZUD68,Purchase,Transport,75.1,USD,,App,,Uber,Transport,Colombia,Bogotá,Approved,00,False,,,
TRX-Q0S3H3O98B8FHCUVFWC9,2026-05-27 15:32:46,2026-05-27,PRD-Z5R1F9808H1U,CLI-8BI1TCNQSM1C,Withdrawal,,1213841.57,COP,303.46,POS,,,,Colombia,Barranquilla,Approved,00,False,28.41,,
TRX-S4BNYBVMQ2RBSOUGYN35,2026-05-28 02:49:32,2026-05-27,PRD-Y9U3OTZ42LQI,CLI-SQJJBOSAG0HC,Transfer,,8113924.62,COP,2028.48,POS,,,,Colombia,Cali,Approved,00,False,11.12,,
TRX-AU5W2FSVBEMUXO9SF3PV,2026-05-27 08:31:09,2026-05-27,PRD-ROUSJPUA5XHI,CLI-6RY33WL5LSMM,Withdrawal,,187.37,USD,,Web,,,,México,Guadalajara,Approved,00,False,24.96,,
TRX-ODKHQSKB0IRUPOP4WGS7,2026-05-28 05:06:19,2026-05-27,PRD-NLIZXCP4VJKU,CLI-V8TL6EXI2TV5,Deposit,,1900.34,USD,,POS,,,,México,Ciudad de México,Approved,00,False,3.7,-0.5985799,0.0508966
TRX-KIEIEWM62DJK4LO4G1WS,2026-05-27 15:53:38,2026-05-27,PRD-BJ4YRTX1C9TK,CLI-HBCC3LOTWQ82,Payment,Food,5180396.51,COP,1295.1,ATM,SUC-F16NSV5F,,,Colombia,Medellín,Approved,00,False,27.91,,
TRX-TIJ3W2F6NSOIHOEWAY2Y,2026-05-27 19:21:04,2026-05-27,PRD-K7Q2IZDD1DE8,CLI-LO46ON3T2SME,Adjustment,,240.85,USD,,POS,,,,México,Monterrey,Approved,00,False,15.66,,
TRX-SLPW0174R36C8CYQ2VXH,2026-05-27 06:56:48,2026-05-27,PRD-S8YJT9043WVD,CLI-6QMQ5FWU2ANJ,Deposit,,12256921.11,COP,3064.23,Web,,,,Colombia,Barranquilla,Approved,00,False,22.11,,
TRX-CO4NAAVDFNNPX2O9J64K,2026-05-27 20:11:42,2026-05-27,PRD-OYC0T4EP6B5S,CLI-WY1O21MJGK2X,Purchase,Health,429322.46,COP,,POS,,Laboratorio Central,Health,Colombia,Bogotá,Pending,51,False,,,
TRX-4OUV7DCCQI22CSIR7I18,2026-05-27 08:25:28,2026-05-27,PRD-W16K3P1L4N3F,CLI-R9FZE0O05W7Y,Withdrawal,,31.75,USD,,Web,,,,México,Ciudad de México,Approved,00,False,22.33,,
TRX-I42DL3KBWONR4ZTE9FOR,2026-05-27 15:04:57,2026-05-27,PRD-ZISZ7OA3TGNR,CLI-GEXDPBZFMATW,Transfer,,383.39,USD,,POS,,,,México,,Approved,00,False,5.43,,
TRX-EW8XBC0XLL686QIDCAUO,2026-05-27 11:47:31,2026-05-27,PRD-RFCB8X0F3YCE,CLI-TP6BDVN0EN0V,Payment,Entertainment,1111.7,USD,,Branch,SUC-UB0LXRUU,,,México,,Approved,00,False,15.35,,
TRX-TK8VX0CZEVOX7U5HK8UH,2026-05-27 10:30:42,2026-05-27,PRD-XDEPVG1Z77TY,CLI-O3S1P8ETL10S,Payment,Services,567.81,USD,,POS,,,,México,Monterrey,Approved,00,False,22.6,0.2268831,0.2167394
TRX-6TICCG8GPVZH5NJ8YWTR,2026-05-27 18:51:40,2026-05-27,PRD-952TXAQM9LI2,CLI-4ZDWRRC10VJL,Deposit,,4470218.22,COP,1117.55,ATM,SUC-MU9A5O88,,,Colombia,Cali,Pending,54,False,4.01,,
TRX-1LNSKSLVTKSTMNJ8JXPW,2026-05-27 08:09:09,2026-05-27,PRD-TSSDGUXS9NM8,CLI-QTYVQEVXOQNT,Purchase,Transport,164.7,USD,,POS,,Taxi Seguro,Transport,México,Tijuana,Approved,00,False,25.33,0.1481624,0.5616115
TRX-VPPDF5TPAJSR10FOCEYP,2026-05-27 17:48:57,2026-05-27,PRD-GRCHLESZPS82,CLI-M41WCHQCLFM9,Adjustment,,1675192.7,COP,418.8,POS,,,,Colombia,Medellín,Approved,00,False,27.02,5.43252,-74.195001
TRX-R48OMK80EZ9TGKV9OHD0,2026-05-27 23:32:49,2026-05-27,PRD-NTAWFJVLGK5H,CLI-W7BVF601O1CH,Purchase,Food,71.18,USD,,POS,,Super Ahorro,Food,México,Querétaro,Approved,00,False,12.64,,
TRX-FQ39D6UER2LEBY97PTZU,2026-05-27 11:20:44,2026-05-27,PRD-96UWIUIID13J,CLI-EC8O5Z52JXJ7,Transfer,,1241667.8,ARS,3547.62,App,,,,Argentina,Rosario,Approved,00,False,2.38,,
TRX-3TYXKOVXAGJZYHB9BUHS,2026-05-27 21:31:28,2026-05-27,PRD-GXL4IKRI5LSK,CLI-O699UIHXO9FY,Withdrawal,,1486332.66,COP,371.58,ATM,SUC-3NEGSLF6,,,Colombia,Bogotá,Approved,00,False,10.54,4.6229009,-74.4868691
TRX-EHNPTEO1L233DES5R0OE,2026-05-27 14:48:22,2026-05-27,PRD-AC7JWYV6SA56,CLI-55DW6MJA0EPT,Deposit,,10054281.36,COP,2513.57,ATM,,,,Colombia,Barranquilla,Approved,00,False,20.17,,-73.2011685
TRX-P6UF6RJKTWHSU3FTQJS1,2026-05-27 22:26:59,2026-05-27,PRD-M0TG9ZQEXRAA,CLI-8P90EJOED62K,Purchase,Transport,198.76,USD,,App,,Uber,Transport,México,Querétaro,Approved,00,False,,,
TRX-4FOHAOO2NQ2TAOUVFVG7,2026-05-28 05:51:10,2026-05-27,PRD-IZKO8CMFB3W5,CLI-5WLSSIPDIUVQ,Deposit,,1731922.95,ARS,4948.35,POS,,,,Argentina,Rosario,Approved,00,False,28.98,-34.2554089,-58.636601
TRX-I8515A3XFVH3QY8EPN87,2026-05-28 05:08:21,2026-05-27,PRD-F3XPS4LECPIP,CLI-RNIC94VOMEL6,Withdrawal,,632967.44,COP,158.24,ATM,SUC-XZM2NPS4,,,Colombia,Bogotá,Approved,00,False,,,
TRX-1DBU9P3YE790V716UPNO,2026-05-28 00:17:40,2026-05-27,PRD-VPW4G2HIHS7G,CLI-8GN4AFIBKEPO,Transfer,,2875.4,USD,,ATM,SUC-JDXIVV9S,,,México,Monterrey,Approved,00,False,1.15,0.4325931,-0.4339786
TRX-8EYQ82CBNU6KWQ1RQYCL,2026-05-28 04:14:55,2026-05-27,PRD-ML7S1L4IQ8R2,CLI-5XN56SXSWCYK,Purchase,Food,154018.54,COP,38.5,Web,,Super Ahorro,,Colombia,Barranquilla,Approved,00,False,6.06,,
TRX-301AJBGDAWVBD3MXUVYS,2026-05-27 11:44:03,2026-05-27,PRD-0VAT1IVPR6LH,CLI-ZGZQOLYYXIT4,Deposit,,1700232.54,ARS,4857.81,POS,,,,Argentina,,Approved,00,False,28.31,,
TRX-OBOOI8Z5MBTCKZGOF7DC,2026-05-27 13:29:14,2026-05-27,PRD-6HRI3PG07AG2,CLI-J2NGPYB0DWKM,Transfer,,2676.99,USD,,Web,,,,México,Ciudad de México,Approved,00,False,,,
TRX-HQJDNZ2SY9TW3FXAGK90,2026-05-27 20:34:27,2026-05-27,PRD-YJZ67PFBH19Z,CLI-7B5FMMAJ1LCE,Payment,Entertainment,1733.43,USD,,App,,,,México,Tijuana,Approved,00,False,21.28,,
TRX-6QSELXV8C8RXMOM6EBT1,2026-05-28 04:00:38,2026-05-27,PRD-WV76G8RM7MQW,CLI-E0YGT44JARN3,Purchase,Services,846480.48,COP,211.62,App,,Internet Plus,Services,Colombia,Barranquilla,Approved,00,False,,,
TRX-J6J2NUSIPOW6VSM2N923,2026-05-27 16:14:16,2026-05-27,PRD-UMY4VNJMSCK2,CLI-9ZBEDR9F2TNI,Withdrawal,,131148.46,ARS,374.71,ATM,SUC-115U74JL,,,Argentina,La Plata,Pending,51,False,15.81,,
TRX-8R6FJNAGL17MIIXZIT4N,2026-05-27 08:29:44,2026-05-27,PRD-3V3STGHR2VPH,CLI-68HU3B3S8UP4,Transfer,,5020.21,USD,,Web,,,,México,Puebla,Approved,00,False,,,
TRX-B62W4Y2AJ04PX6YXQ2FC,2026-05-27 20:08:25,2026-05-27,PRD-1DZ5P8JYSABY,CLI-C54PS0PAP96K,Adjustment,,11.69,USD,,ATM,SUC-QE974U7T,,,México,Puebla,Approved,00,False,12.07,,0.7289603
TRX-JVWL4PN2YV719TXG7GV1,2026-05-27 13:05:10,2026-05-27,PRD-TTB4RH1C9167,CLI-0GC2ZJWU7ENI,Deposit,,267.6,USD,,POS,,,,México,Guadalajara,Approved,00,False,,,
TRX-456W97NBD5PZP9UTGGZT,2026-05-27 21:01:18,2026-05-27,PRD-32Z80DQRJ7OH,CLI-ZV1V5TOGPIW4,Payment,Food,1859.62,USD,,App,,,,México,Tijuana,Approved,00,False,,,
TRX-R0V7EFEW33BXWZ3AADJY,2026-05-27 16:27:01,2026-05-27,PRD-MAQSOKMYBARU,CLI-BU1OKF9ONOZE,Transfer,,952.73,USD,,Web,,,,Colombia,Medellín,Approved,00,False,18.89,,
TRX-F5CC5YNZ2OE7ZJ3TO9Q6,2026-05-27 09:25:22,2026-05-27,PRD-9P38XOXZOJQM,CLI-JECLSH2TGOEH,Purchase,Health,296.7,USD,,POS,,Farmacia Salud,Health,México,Monterrey,Approved,00,False,9.63,,
TRX-44VV2R6S0YT8A5YO74QC,2026-05-27 17:30:57,2026-05-27,PRD-6JRLJB2ZEDFL,CLI-LTENMHFII8LU,Transfer,,1670.23,USD,,App,,,,México,Ciudad de México,Approved,00,False,10.4,,
TRX-17KFZKWHP5L7VN7UQW3N,2026-05-27 10:58:12,2026-05-27,PRD-DV4Y19F89BJ0,CLI-BGQH8OCN0T93,Purchase,Entertainment,110651.67,COP,27.66,Web,,Teatro Nacional,Entertainment,Colombia,Cartagena,Approved,00,False,17.87,,
TRX-IOOZOJGKFKRDU05UPT80,2026-05-28 01:54:32,2026-05-27,PRD-Y83HYLHDKOO3,CLI-OOA8WSQ4MVMR,Withdrawal,,405189.33,COP,101.3,POS,,,,Brazil,Rio de Janeiro,Approved,00,False,19.66,4.9268013,-75.0580231
TRX-ID2CX3LOZ7WCB5MW3GIN,2026-05-27 11:28:30,2026-05-27,PRD-WPRX4A5PQNB6,CLI-88QUUF3Q1FEG,Purchase,Transport,153.05,USD,,ATM,SUC-5FDGLKJX,Gasolinera Express,Transport,USA,Los Angeles,Approved,00,False,10.15,-0.4602816,-0.4993406
TRX-LFYN1K30T36L0A2LKTJ4,2026-05-27 13:07:02,2026-05-27,PRD-OT7YPECT8NIH,CLI-A035NACSXCLS,Withdrawal,,85060.04,ARS,243.03,Web,,,,Argentina,Mendoza,Approved,00,False,22.65,,
TRX-P8ULJR1N8CSQ9XVMVP6Y,2026-05-27 15:17:19,2026-05-27,PRD-CGIRDNOL3RH2,CLI-9HUC1S56UKN9,Payment,Services,6147387.03,COP,1536.85,App,,,,Colombia,Bogotá,Approved,00,False,5.84,,
TRX-SAK9QFOLLBM755B06I31,2026-05-27 08:08:15,2026-05-27,PRD-KQA5JADO3IJ3,CLI-8JZVX16PH1VZ,Transfer,,5671.49,USD,,ATM,SUC-AXDYB0RQ,,,México,Tijuana,Approved,00,False,,,
TRX-FYBOIW3H6JFP9GJXHQZ2,2026-05-27 14:44:49,2026-05-27,PRD-4LGMPNASTFT2,CLI-4L8V93EVRD3K,Purchase,Transport,28583.16,ARS,81.67,ATM,SUC-6M2HY1ZX,Gasolinera Express,Transport,Argentina,Buenos Aires,Approved,00,False,21.28,,
TRX-W0KYO90WCEDQ196IXTPK,2026-05-27 09:52:37,2026-05-27,PRD-N6RIWUC2GW2L,CLI-AW4KAXJI5E9Z,Purchase,Services,92157.8,ARS,263.31,Web,,Cable TV,Services,Argentina,La Plata,Approved,00,False,1.19,,
TRX-UD9GSLN18QX3P4EQQWT8,2026-05-27 14:27:46,2026-05-27,PRD-7T6SC4AM6VD9,CLI-DTPRIIL8CLKN,Withdrawal,,274.33,USD,,App,,,,México,Guadalajara,Approved,00,False,29.81,,
TRX-6YUI1TE262HPMSBV1TST,2026-05-27 22:29:36,2026-05-27,PRD-EG1M4T7P50QC,CLI-YM4I17DWSPMB,Payment,Food,958.18,USD,,ATM,,,,México,Monterrey,Approved,00,False,9.15,,
TRX-1AB99DE5AVAGY3IFV1BL,2026-05-27 06:54:32,2026-05-27,PRD-OASXTOQUW3AM,CLI-ZMJ7XPID07P7,Payment,Food,1576672.82,COP,394.17,App,,,,Colombia,Cali,Approved,00,False,3.04,,
TRX-V00LM9D4P53TMN755IYM,2026-05-28 04:46:37,2026-05-27,PRD-8K999IY8JZM7,CLI-NROJDQ37HXPG,Payment,Entertainment,1428853.58,COP,357.21,Web,,,,Colombia,Cali,Approved,00,False,26.63,,
TRX-VHT81QXKBRRG3YAITE52,2026-05-28 00:46:54,2026-05-27,PRD-HF4VD40NJCCH,CLI-ASN1ZQM9DLXM,Withdrawal,,884038.75,COP,221.01,POS,,,,Colombia,Cartagena,Approved,00,False,0.22,4.4413152,-73.5325462
TRX-6FT5SWN8N0OK3ZZ4OYAG,2026-05-28 01:30:23,2026-05-27,PRD-DF7TZ6YAV1DF,CLI-K0PLEJVOW13T,Purchase,Transport,34145.75,ARS,97.56,POS,,Estación de Servicio,Transport,Argentina,La Plata,Approved,00,False,27.01,,
TRX-BMCBMCOOPDNWB2H4BE4A,2026-05-28 05:18:56,2026-05-27,PRD-8ZUR9H1CPB6C,CLI-5NYQUK7VDV8J,Purchase,Entertainment,295.15,USD,,ATM,SUC-5FDGLKJX,Conciertos Live,Entertainment,México,Monterrey,Approved,00,False,4.19,,
TRX-JF05DLY0PGWHAGAU7AXY,2026-05-27 17:13:40,2026-05-27,PRD-40W53N5SBH6W,CLI-59YSTO3TZ5A0,Deposit,,486529.35,COP,121.63,App,,,,Colombia,Medellín,Approved,00,False,26.73,,
TRX-3B1SJ1Q19N556BM6QCZW,2026-05-27 15:33:55,2026-05-27,PRD-S5EEDK2T5WQE,CLI-7YE9Z3SNVVV9,Withdrawal,,131661.63,ARS,376.18,Web,,,,Argentina,Córdoba,Approved,00,False,22.61,,
TRX-QO1CCU0B1Z84VS9ECQ3I,2026-05-27 07:32:17,2026-05-27,PRD-E5XZZAO7TPIS,CLI-QYG7FUUVJNGZ,Purchase,Food,1505086.4,COP,376.27,App,,Restaurante El Buen Sabor,Food,Colombia,Cali,Declined,05,False,29.79,,
TRX-UCDX6BF4CN0QPFZ1TX9T,2026-05-28 05:09:34,2026-05-27,PRD-6K60O3RQ47RL,CLI-ET4QD37EX5NN,Purchase,Food,399.37,USD,,Web,,Tienda Don José,Food,México,Querétaro,Approved,00,False,13.64,,
TRX-ZNOB64ANCW1X63BUFR5T,2026-05-27 10:28:34,2026-05-27,PRD-B9A2ID9KL8QU,CLI-1KT41CLJRFS3,Deposit,,728548.73,ARS,2081.57,POS,,,,Argentina,La Plata,Approved,00,False,,,
TRX-3BF7DA9K3WXM5P3Z1EHB,2026-05-28 00:19:03,2026-05-27,PRD-QU8GH3X4BOJK,CLI-3KDNGFSL21T5,Transfer,,3901.71,USD,,App,,,,Argentina,La Plata,Approved,00,False,13.44,,
TRX-FD5QCC8UEVKGXWOVUA5H,2026-05-27 08:59:04,2026-05-27,PRD-AS8FC3GT29EV,CLI-RG3EELFNV0ZY,Transfer,,28577596.57,COP,7144.4,ATM,SUC-XXUHP6O3,,,Colombia,Bogotá,Approved,00,False,24.25,,
TRX-8M58IAVZITELBKA2KNVU,2026-05-27 07:14:16,2026-05-27,PRD-TAXVGV65ZH41,CLI-K6VGY16M8H17,Withdrawal,,200.99,USD,,POS,,,,México,Ciudad de México,Approved,00,False,5.99,,
TRX-I0Y8OG58WPFKE658IC1K,2026-05-27 22:25:35,2026-05-27,PRD-CCFJYCWCWN8R,CLI-EWV5Q9Z6ES1R,Transfer,,2834131.79,ARS,8097.52,POS,,,,Argentina,Córdoba,Approved,00,False,3.51,-34.8455123,-59.3604403
TRX-JHFYDQHIKP90N1EQMREX,2026-05-28 02:47:10,2026-05-27,PRD-UNA90ANTGGCD,CLI-E8U76Z9NF2B5,Withdrawal,,83370.49,ARS,238.2,POS,,,,Argentina,La Plata,Approved,00,False,6.89,-35.4190292,-58.6353926
TRX-WJVSJMF3K2HIJ3SDMLY8,2026-05-28 04:54:51,2026-05-27,PRD-AER7CN1HP6QY,CLI-S8N1O0VRCK45,Purchase,Entertainment,331.42,USD,,App,,Cine Premium,Entertainment,México,Guadalajara,Approved,00,False,15.12,,
TRX-8QOOU6BZSI7MTZS63HXG,2026-05-27 22:17:02,2026-05-27,PRD-4F7W37GIS4FO,CLI-JE0J3BFFDFIV,Deposit,,4736.12,USD,,POS,,,,México,Querétaro,Approved,00,False,9.64,,
TRX-NSTAMCIJVXUORNV8VSBB,2026-05-27 19:42:29,2026-05-27,PRD-KEH506V1UH90,CLI-9UFM0UVMJX1Y,Transfer,,37894336.81,COP,9473.58,ATM,SUC-HO849Z2Q,,,Colombia,Medellín,Approved,00,False,16.09,4.7344817,-73.6740059
TRX-20WY920ID9S8RM2KA6M7,2026-05-27 17:21:45,2026-05-27,PRD-GXCFVIUOUHOJ,CLI-UHT0I7F2I7B6,Withdrawal,,333.61,USD,,App,,,,México,Querétaro,Approved,00,False,4.13,,
TRX-X4J3WTNZNE988UHBUFCB,2026-05-27 15:41:23,2026-05-27,PRD-VNZ1SIIXT8UX,CLI-NMG9IOY9V9JS,Purchase,Food,768822.43,COP,192.21,POS,,Super Ahorro,Food,Colombia,Cartagena,Approved,00,False,,,
TRX-IYW61ZGI3DH12HKHRN4O,2026-05-27 11:34:33,2026-05-27,PRD-03MEH954JA9T,CLI-GUFGTHT9ROCZ,Purchase,Food,9463.34,ARS,27.04,App,,Mercado Central,Food,Argentina,,Approved,00,False,11.14,,
TRX-ZIBQSG7GPLBPT4J5WJ56,2026-05-27 09:30:25,2026-05-27,PRD-Y0K3PZ4X8UV4,CLI-613YQWJ12QQH,Deposit,,904.5,USD,,POS,,,,México,Tijuana,Approved,00,False,19.5,,
TRX-663IOYDGOTC6LKGK9B3C,2026-05-28 04:24:58,2026-05-27,PRD-XPZQ5NVFYFSE,CLI-FTX3CPEEX9CF,Payment,Food,462.87,USD,,App,,,,México,Querétaro,Approved,00,False,28.43,,
TRX-8Y7D2GC4FEW2TH4IGS0M,2026-05-28 00:18:22,2026-05-27,PRD-URV7ZUPRD4X4,CLI-6UD1QX7QCOMZ,Purchase,Food,497794.15,COP,124.45,POS,,Tienda Don José,Food,Colombia,Medellín,Pending,51,False,17.23,3.8598104,-73.2460738
TRX-TL5HOM8UR824LC77ARH8,2026-05-27 12:18:24,2026-05-27,PRD-PUVLJG9BWLO5,CLI-0MT46O2VAGHS,Purchase,Transport,1928974.71,COP,482.24,ATM,SUC-H4WPLB7O,Estación de Servicio,Transport,Colombia,Barranquilla,Approved,00,False,7.66,4.0547226,-73.8358893
TRX-1IRZB3QT51YSF88SLCOZ,2026-05-28 02:43:26,2026-05-27,PRD-PCM3F80H7CBE,CLI-9U87SLAI3NN2,Transfer,,2503.09,USD,,App,,,,México,Monterrey,Approved,00,False,28.76,,
TRX-6579SC20JWB4N6ALPQYW,2026-05-27 12:19:11,2026-05-27,PRD-QCXDRE055C0N,CLI-QPJ5AGDTFN1G,Payment,Transport,1454.68,USD,,POS,,,,México,Puebla,Approved,00,False,12.31,,
TRX-PMYYGNLRP8FJCKV80OQ3,2026-05-27 11:44:05,2026-05-27,PRD-L3VDKJ30LD9K,CLI-HPNDWJ8D1V1O,Withdrawal,,21365.78,ARS,61.05,ATM,SUC-OSJVEL9O,,,Argentina,La Plata,Approved,00,False,28.89,,
TRX-7KKD8UVNZCUIFA9ML2IM,2026-05-27 07:58:23,2026-05-27,PRD-D8KRRBCCW23U,CLI-AFVJDUV5LOH2,Withdrawal,,137.11,USD,,ATM,SUC-XT96PBC0,,,México,Ciudad de México,Approved,00,True,23.72,,
TRX-8QE7UQ8MJLTJDVBT38MD,2026-05-27 10:59:27,2026-05-27,PRD-DB32AOVAJGUE,CLI-ZDC0X9U3J4IH,Withdrawal,,150.07,USD,,Transfer,,,,México,Ciudad de México,Approved,00,False,22.59,,
TRX-VO5A6V2ESXZ0QIUIK0T8,2026-05-27 10:46:58,2026-05-27,PRD-H29HFZVLVUB0,CLI-O31B0K1SVZ4O,Purchase,Services,494.84,USD,,Web,,Empresa Telefónica,Services,México,Guadalajara,Approved,00,False,6.68,,
TRX-UXNNGRO5DG6J5Q35A8ZZ,2026-05-27 21:06:00,2026-05-27,PRD-GQ22LGJIP1KD,CLI-9N6L8J4O2FM8,Withdrawal,,275810.93,COP,68.95,ATM,SUC-DG6C9C1K,,,Colombia,Medellín,Approved,00,False,25.19,,
TRX-5CH9LSFEN4EZEWR71XXS,2026-05-27 13:09:24,2026-05-27,PRD-R0VNUUOJRT6M,CLI-8WYE6T94MNK8,Transfer,,3725.89,USD,,POS,,,,México,Monterrey,Approved,00,False,18.48,,
TRX-1GWSHP1KWKLCXDHVOV2C,2026-05-27 19:42:54,2026-05-27,PRD-MVBXM9BTQ1WK,CLI-MP75UV31LE7E,Purchase,Other,192.07,USD,,ATM,SUC-JGJN78RV,Tienda General,Other,México,Querétaro,Approved,00,False,,,
TRX-PD7B6DGLZL7LM4S2WTG3,2026-05-27 23:33:41,2026-05-27,PRD-6T9IUD62WIWL,CLI-CVNIYQON3VJK,Withdrawal,,285.12,USD,,POS,,,,México,Monterrey,Approved,00,False,13.15,,
TRX-IX4ZLZUVQEQ1U3AU2NXW,2026-05-27 12:25:39,2026-05-27,PRD-UJ6CGHHK2B47,CLI-LKNYPISR0RGW,Purchase,Health,61.64,USD,,ATM,SUC-IC4I9JS9,Laboratorio Central,,México,Puebla,Approved,00,False,28.94,,
TRX-NZKKAKH14H2TMCGAAJZ5,2026-05-27 11:29:12,2026-05-27,PRD-HVOXCQEBLH4D,CLI-ZRB60AMCH5P9,Withdrawal,,531317.14,COP,132.83,ATM,SUC-5AXOWGN3,,,Colombia,Bogotá,Approved,00,False,24.19,,
TRX-QHY9J6UN5XEVARV5SFQR,2026-05-27 06:53:50,2026-05-27,PRD-SLI1D90DIS4A,CLI-RAGIYZRUEZKS,Purchase,,331.32,USD,,Web,,Streaming Music,Entertainment,México,Puebla,Approved,00,False,28.82,,
TRX-MHZM0BNZGT1A5CL3USKF,2026-05-27 20:42:18,2026-05-27,PRD-XVTH9N7JYA9J,CLI-J71O1R9KAQ4S,Purchase,Transport,150.88,USD,,Web,,Gasolinera Express,Transport,México,Tijuana,Approved,00,False,18.95,,
TRX-9QJXA45EEY7F8G03FMAF,2026-05-27 12:32:10,2026-05-27,PRD-19NM2XZ393W5,CLI-6EKH08H3Z8ZA,Transfer,,5098.77,USD,,POS,,,,México,Puebla,Approved,00,False,18.31,0.1470011,0.8240346
TRX-82QKL75K9CN7RUTY63Y6,2026-05-28 04:43:24,2026-05-27,PRD-PLTAROXUCY7U,CLI-O2XY6YRN43GZ,Withdrawal,,113119.79,ARS,323.2,ATM,SUC-2VHGDILI,,,Argentina,Mendoza,Pending,51,False,27.99,,
TRX-B941J86DZFD5VVY8HDGU,2026-05-28 01:47:23,2026-05-27,PRD-MLGSHH7UZVHQ,CLI-5M3O1MF1GPGR,Purchase,Entertainment,378610.86,COP,94.65,Web,,Streaming Music,Entertainment,Colombia,,Approved,00,False,,,
TRX-BL8LEM9G2W69RDS7EFGB,2026-05-27 17:35:14,2026-05-27,PRD-OBDLAAQIA6BJ,CLI-90LO3CLD5R6W,Transfer,,3188071.42,ARS,9108.78,ATM,SUC-RAI81ICG,,,Argentina,Rosario,Approved,00,False,7.58,,
TRX-ZFO96JG1PDF74PB39ZBX,2026-05-27 08:43:09,2026-05-27,PRD-E0N00C3PTF8M,CLI-I5BZP7AS5FZK,Payment,Food,426649.69,COP,106.66,POS,,,,Colombia,Medellín,Approved,00,False,11.09,5.1809754,-74.0555062
TRX-2D3BJMQ92PEU9ZV42IIU,2026-05-27 06:31:06,2026-05-27,PRD-MB8XLW1KVICB,CLI-I2AFPQEKLU9X,Payment,Entertainment,494.31,USD,,ATM,SUC-1DANZ3LD,,,México,Monterrey,Approved,00,False,6.15,,-0.9334638
TRX-2RV7IUE5EXAVIG65BCHJ,2026-05-27 16:26:39,2026-05-27,PRD-WMBS968IETOM,CLI-EB25DZE32XJV,Purchase,Food,1189528.39,COP,297.38,POS,,Tienda Don José,Food,Colombia,Medellín,Approved,,False,13.23,5.5000738,-74.0543885
TRX-OZ2NAWPJX9WF6CTY55QT,2026-05-28 04:27:59,2026-05-27,PRD-TPJ4TY1YGAK0,CLI-1RH0Y019OXKC,Payment,Food,119.03,USD,,Web,,,,México,Tijuana,Approved,00,False,19.74,,
TRX-NSUXQPTR3SAHDIJD59IG,2026-05-27 15:09:30,2026-05-27,PRD-C3ZE7JESWUSS,CLI-R8KWEMN60QGN,Purchase,Transport,149042.35,COP,37.26,Web,,Estación de Servicio,Transport,Colombia,Cartagena,Approved,00,False,17.63,,
TRX-4CGQ7FGN519KHDI9R70N,2026-05-27 09:18:09,2026-05-27,PRD-BRDUP703E0GV,CLI-27XC41Y98XM6,Transfer,,27503474.39,COP,6875.87,ATM,SUC-4IFX1CUR,,,Colombia,Cartagena,Approved,00,False,23.72,5.1722371,-73.9573531
TRX-M7DSH7B6HE30PR4ME909,2026-05-27 07:29:09,2026-05-27,PRD-0NZUZ5YW6DF9,CLI-L3YZULJR5VDL,Purchase,Food,49.89,USD,,ATM,SUC-YZRQJS5X,Mercado Central,Food,México,,Pending,05,False,22.59,0.3851866,-0.6691761
TRX-M95NTZANYKJ4NMH119NQ,2026-05-27 22:23:13,2026-05-27,PRD-YVOM8W4P8C0W,CLI-Q6IX3LYM357I,Purchase,Other,221.98,USD,,POS,,Tienda General,Other,México,Ciudad de México,Approved,00,False,9.45,,
TRX-00FT6Y4GFKZJWY8HQ3KN,2026-05-27 08:05:54,2026-05-27,PRD-OKICM5PRUY0B,CLI-A95R8P7H1RR4,Withdrawal,,217.7,USD,,POS,,,,México,Puebla,Reversed,54,False,15.59,,
TRX-VMK0M38QF8N5X9F815CI,2026-05-27 14:26:14,2026-05-27,PRD-SFR2KZKQU49K,CLI-K2OCY4HH1EYL,Purchase,Entertainment,1065745.69,COP,266.44,Transfer,,Conciertos Live,Entertainment,Colombia,Bogotá,Approved,00,False,28.2,,
TRX-X6H605S6993NE42VYP8A,2026-05-27 09:59:34,2026-05-27,PRD-BQUS3R35227I,CLI-78B6FAW9CYUB,Withdrawal,,77607.76,ARS,221.74,ATM,,,,Argentina,Buenos Aires,Approved,00,False,15.72,-34.9605657,-57.6910031
TRX-X3YCFFAG1J15XFMV3G9C,2026-05-28 00:59:38,2026-05-27,PRD-7AXXE16VULZ0,CLI-9TXMMEYYMUAZ,Transfer,,17292154.42,COP,4323.04,ATM,SUC-AXEH5GB0,,,Colombia,Cartagena,Approved,00,False,1.96,4.1999891,-73.455075
TRX-KUAADYNDQ70EWDT6JG9J,2026-05-27 20:55:46,2026-05-27,PRD-AV3Y0EH4QA19,CLI-NJ7OLTW5MIUH,Withdrawal,,318.31,USD,,Web,,,,México,Monterrey,Approved,00,False,5.0,,
TRX-XZM5ORLSJHOS09Q3K7DG,2026-05-28 00:28:01,2026-05-27,PRD-2DQDMI8WCN35,CLI-V8U2ZE7WVYX8,Payment,Transport,1042450.05,COP,,POS,,,,Brazil,Brasília,Approved,00,False,29.5,5.0532143,-74.838994
TRX-NDG00D5GQPKYU47VGJR2,2026-05-27 20:36:29,2026-05-27,PRD-3UJBBPTG02JD,CLI-T1IVLIV6KO8F,Withdrawal,,165024.7,ARS,471.5,Web,,,,Argentina,Córdoba,Approved,00,False,2.41,,
TRX-MM4XKPSSW64TBGQCM8F9,2026-05-27 20:13:42,2026-05-27,PRD-UW0C3F342OOX,CLI-E64IL9MP68M8,Payment,Services,236.64,USD,,App,,,,México,Tijuana,Approved,00,False,,,
TRX-32AN5HAZD835TPV447AZ,2026-05-28 00:56:32,2026-05-27,PRD-UNRJMLN23ME1,CLI-UFEA5UWXPVOR,Purchase,Other,513248.98,COP,128.31,Web,,Ferretería,Other,Colombia,Cali,Approved,00,False,2.96,,
TRX-BJF5GKK5I09D2JVL6Y4K,2026-05-27 14:41:03,2026-05-27,PRD-P166P1PWCP4J,CLI-H7O1YMNIVZWK,Purchase,Services,982056.93,COP,245.51,POS,,Internet Plus,Services,Colombia,Barranquilla,Approved,00,False,11.38,4.1442989,-73.3463122
TRX-VBUWBMGRJUTFFPXFEMCA,2026-05-28 00:14:04,2026-05-27,PRD-5SK3B8QNF35R,CLI-DY4Y6RYTJ95R,Purchase,,285.09,USD,,POS,,Mercado Central,Food,México,Puebla,Approved,00,False,8.77,,
TRX-NEQ2PKRB6IN79ZWSMPXM,2026-05-27 11:18:45,2026-05-27,PRD-R5G8KPIWDIY5,CLI-AYEMPNMDMW1V,Withdrawal,,450.9,USD,,ATM,SUC-7TVQFT2O,,,México,Tijuana,Approved,00,False,26.01,,
TRX-HC0L5RNN03ZVDT4TR81N,2026-05-27 15:29:31,2026-05-27,PRD-YH9F2LCVE736,CLI-XJ144ISZHC70,Purchase,Other,365014.78,COP,91.25,POS,,Tienda General,Other,Colombia,Medellín,Approved,00,False,1.95,,
TRX-CCCBYULJ3IVET4M0MOFU,2026-05-27 19:46:40,2026-05-27,PRD-WQVADS2EK7OR,CLI-ZFZCK0O9JNZW,Transfer,,890.84,USD,,ATM,SUC-RJSJ0B0X,,,México,Monterrey,Approved,00,False,23.59,,
TRX-TASUZ70XNNQCPPFRWPIY,2026-05-28 04:37:24,2026-05-27,PRD-1NJADXNRNIMN,CLI-ASC01DTIWJXQ,Payment,Food,199552.08,ARS,570.15,Branch,,,,Argentina,,Approved,00,False,8.9,,
TRX-XU963CHKU1JOVQJMSBH7,2026-05-27 17:05:05,2026-05-27,PRD-8PHFKZ8Z5PW0,CLI-1L4TGOG0A0PY,Withdrawal,,1262902.24,COP,315.73,Web,,,,Colombia,Cali,Approved,00,False,19.97,,
TRX-G8A0ECCGRQUHF1ZPY6NH,2026-05-28 00:48:17,2026-05-27,PRD-D7H9X5JZ2VL6,CLI-SZH2YVZD079T,Purchase,Services,195.62,USD,,ATM,SUC-BDUFJ6GZ,Empresa Telefónica,Services,México,Querétaro,Approved,00,False,,,
TRX-YSUQVY52T7DTS20NW1LQ,2026-05-27 15:12:53,2026-05-27,PRD-W313EULBCBP1,CLI-GAXF8R297V8V,Deposit,,2456930.07,COP,614.23,ATM,SUC-H24HUACK,,,Colombia,Medellín,Approved,00,False,7.57,5.4484894,-74.5343115
TRX-TQM4NFL0BXGDHG0EZIX3,2026-05-27 06:38:44,2026-05-27,PRD-WB6DABYDNZ6E,CLI-LP03H621FKJQ,Purchase,Transport,121348.67,ARS,346.71,POS,,Gasolinera Express,Transport,Argentina,Mendoza,Approved,00,False,21.47,,
TRX-0W0K8H87RNWLIXOCY6UT,2026-05-27 13:55:54,2026-05-27,PRD-3SHOX1YYJTKN,CLI-JJ0ANA9EEYV6,Adjustment,,502.61,USD,,POS,,,,México,Puebla,Approved,00,False,23.36,0.4242608,0.2397765
TRX-TNKM58FTZ0SXNPFPR36X,2026-05-27 23:17:25,2026-05-27,PRD-PL2BK7ERV9AC,CLI-VXZD313U42ND,Withdrawal,,1527842.04,COP,381.96,POS,,,,Colombia,Bogotá,Approved,00,False,12.83,,
TRX-MNI84A0140JY5OU8TO3A,2026-05-27 09:24:06,2026-05-27,PRD-3JT1B3UH3ML4,CLI-J9N2MO40MYB3,Purchase,Transport,22971.34,ARS,65.63,App,,Uber,Transport,Argentina,La Plata,Approved,00,False,22.15,,
TRX-ZRLMBPZSN6D9Z9BFUEWF,2026-05-27 22:07:33,2026-05-27,PRD-83439J05HNBR,CLI-FZYC5ULFJP19,Purchase,Other,51.96,USD,,App,,Ferretería,Other,México,Tijuana,Approved,00,False,24.72,,
TRX-89O8Q8CM7SS35329539T,2026-05-27 19:03:43,2026-05-27,PRD-U8I3A7MR2N4S,CLI-7BM4E60WA2MF,Transfer,,23020971.44,COP,5755.24,ATM,SUC-HTV8A64G,,,Colombia,Medellín,Approved,00,False,3.54,5.6376884,-74.0678311
TRX-9OTGDE6GOEQ82RME4LEZ,2026-05-27 14:36:49,2026-05-27,PRD-GUXGXZYLMLLG,CLI-JKQ11IWO78KO,Purchase,Food,594706.59,COP,148.68,POS,,Super Ahorro,Food,Colombia,Barranquilla,Approved,00,False,,5.0450286,-74.5766777
TRX-V823NL7LF1L1RRA7IWAX,2026-05-27 13:39:05,2026-05-27,PRD-92IKUXGRXIJW,CLI-QY16GYSUW5W0,Purchase,Services,387.98,USD,,ATM,SUC-Y18NE8GS,Internet Plus,Services,México,Tijuana,Approved,00,False,17.98,,
TRX-BUPTIIEU1BJRSYYM4653,2026-05-27 07:47:39,2026-05-27,PRD-J3RD4JJPR1OU,CLI-8PHU50FU967T,Purchase,Transport,1504428.46,COP,376.11,App,,Estación de Servicio,Transport,Colombia,,Approved,00,False,26.7,,
TRX-4QYKLAW5HZ4FQKB92FMS,2026-05-27 14:38:28,2026-05-27,PRD-BF57JON2BL3R,CLI-IHVFFGWTF8U9,Purchase,Services,33.18,USD,,POS,,Cable TV,Services,México,Guadalajara,Approved,00,False,21.43,,
TRX-8Y9I9PFGBL3CG73FREOL,2026-05-28 03:38:37,2026-05-27,PRD-KNB60XVL9VFZ,CLI-MEJ5E5I3HRLA,Deposit,,17212907.41,COP,4303.23,ATM,SUC-QTKN7Z0R,,,Colombia,Cartagena,Approved,00,False,0.99,,
TRX-CGM4H3KMYR2TD08FNHBL,2026-05-27 22:47:10,2026-05-27,PRD-P4TDVGGQGYQY,CLI-MU9LC6IDXVU7,Purchase,Other,445.8,USD,,POS,,Boutique Moda,Other,México,Ciudad de México,Approved,00,False,,,
TRX-I1WZY7I5USULKTNQOSHA,2026-05-27 12:29:34,2026-05-27,PRD-1OBPRTEDIFLO,CLI-WIBKH52J5OKR,Transfer,,1780.31,USD,,ATM,SUC-8GXP9TIM,,,México,Monterrey,Approved,00,False,,,
TRX-V0Z931CYETNL5WO9VZW1,2026-05-27 08:12:35,2026-05-27,PRD-F1Q3XBYU6UBW,CLI-M6IBPF9Y3B5P,Withdrawal,,742636.08,COP,185.66,ATM,SUC-HO849Z2Q,,,Colombia,Barranquilla,Approved,00,False,14.82,,
TRX-N5CFTHPYQ1L41OB451P5,2026-05-27 16:08:16,2026-05-27,PRD-F01RZKMR5WBJ,CLI-AYGZDIWKSD1N,Transfer,,38573725.86,COP,9643.43,POS,,,,Colombia,Cali,Approved,00,False,14.06,,
TRX-1D90P1T8MM1261WA5L3I,2026-05-27 19:01:10,2026-05-27,PRD-HPGRCXK4O67C,CLI-AQ776L2FGXDD,Deposit,,3805.02,USD,,App,,,,México,Puebla,Approved,00,False,11.07,,
TRX-P5WS0OCJWG8498PFOUGG,2026-05-28 00:45:52,2026-05-27,PRD-2LBYX19QK7OZ,CLI-1JGTARMXDRK4,Purchase,Entertainment,319.28,USD,,ATM,SUC-N1ZUF3PF,Cine Premium,Entertainment,México,Guadalajara,Approved,00,False,,,
TRX-HZISUAH71MU6AY2HTHTB,2026-05-27 17:36:20,2026-05-27,PRD-1F535R30ZLEJ,CLI-N02P6JP500F1,Purchase,Health,107110.99,ARS,306.03,Branch,SUC-YV8Q78LJ,Laboratorio Central,Health,Argentina,Rosario,Approved,00,False,1.3,-35.0075187,-58.2559781
TRX-HWY3D5XBUG1IGQ5TVN3C,2026-05-27 16:45:49,2026-05-27,PRD-RAZ7G49TUUGX,CLI-6EJ4YQORKCJF,Withdrawal,,175.08,USD,,ATM,SUC-HQWDAM56,,,Colombia,Bogotá,Approved,00,False,12.53,,
TRX-WBC9UWCCK06BJ4V8WVYE,2026-05-27 21:40:15,2026-05-27,PRD-CX2L02U2YZ2C,CLI-FWKAFJZ43BMG,Payment,Food,483735.52,ARS,1382.1,ATM,SUC-2T5PUX8Q,,,Argentina,Buenos Aires,Approved,00,False,23.23,,
TRX-JG84S85R6BYNPR3BTJTR,2026-05-27 21:04:07,2026-05-27,PRD-WO5SAQNH659X,CLI-RU5MLWUIHGEG,Withdrawal,,730832.57,COP,182.71,ATM,SUC-ZCLZ4UQA,,,Colombia,Barranquilla,Approved,00,False,5.45,,
TRX-Z5Y7TGCT0CS2SXN0338N,2026-05-27 16:13:54,2026-05-27,PRD-GPZLFBX4PDTL,CLI-4E5XP32NT5TK,Purchase,Services,43815.12,ARS,125.19,ATM,SUC-K32WS6T0,Cable TV,,Argentina,Rosario,Approved,00,False,21.4,,
TRX-8YTJTJ7NY4S3M5BGM3W5,2026-05-28 03:22:41,2026-05-27,PRD-N5ST7X50NRJ4,CLI-BMM2G53LORH3,Purchase,Entertainment,289.83,USD,,ATM,,Conciertos Live,Entertainment,Argentina,Rosario,Approved,00,False,23.59,,
TRX-W4H6USVOU6RAN9Q206NW,2026-05-28 00:28:47,2026-05-27,PRD-20TILOX3FE6I,CLI-EKOBVJ67ZNKR,Transfer,,3137278.05,ARS,8963.65,POS,,,,Argentina,Córdoba,Approved,00,False,10.75,,
TRX-9TDHM5VX6QV8R1A4QDTG,2026-05-28 01:13:28,2026-05-27,PRD-U8GY8F58A6VO,CLI-DJDVOC6BKC6D,Withdrawal,,302.59,USD,,POS,,,,Spain,Barcelona,Approved,00,False,9.96,0.310317,0.5399895
TRX-N4CFKVPPK6FBI5C98Y56,2026-05-27 23:32:02,2026-05-27,PRD-MA6R04PBJT2N,CLI-MKXQDSEXVKDQ,Transfer,,5877.81,USD,,POS,,,,México,Guadalajara,Approved,00,False,26.66,,
TRX-SEACYV664UDOVC2QRWMQ,2026-05-28 02:06:44,2026-05-27,PRD-VNE14J82B21A,CLI-7RMOWFE68T44,Purchase,Food,64.96,USD,,App,,Tienda Don José,Food,USA,Los Angeles,Approved,00,False,29.95,,
TRX-S8WG56DRTSE3QP775ZIG,2026-05-27 19:24:49,2026-05-27,PRD-ADU3YI1A41S9,CLI-FYUXR3ND2UA2,Payment,Services,3341017.16,COP,835.25,POS,,,,Colombia,Medellín,Approved,00,False,,4.9961881,-74.7575412
TRX-8Y1U05P0F5P79PJ201RK,2026-05-28 05:43:36,2026-05-27,PRD-WK17VCOYUH0J,CLI-1VE50J0YZPGL,Purchase,Entertainment,132.61,USD,,App,,Streaming Music,Entertainment,México,Guadalajara,Approved,00,False,24.12,,
TRX-QTQRFJMSFDQ37LPOHWQO,2026-05-27 21:59:37,2026-05-27,PRD-3HENEVXS48CY,CLI-HZ3V1Y8KL1YQ,Transfer,,1853.38,USD,,POS,,,,México,Ciudad de México,Approved,00,False,17.53,,
TRX-923KRRMJKBX8GBPBFXDE,2026-05-28 03:22:07,2026-05-27,PRD-YVQ089NSIYQB,CLI-76H2R0K8CA12,Deposit,,1680.27,USD,,ATM,SUC-7SL55GEJ,,,México,Tijuana,Approved,00,False,17.64,,
TRX-7LZTXRH1DSRD7OV09PNP,2026-05-27 14:32:14,2026-05-27,PRD-IV01O84MG2D4,CLI-2AYVFQ15FJS7,Transfer,,938.03,USD,,POS,,,,México,Ciudad de México,Approved,00,False,29.79,,
TRX-S66WJSAD7JXZH3P693IG,2026-05-27 14:24:38,2026-05-27,PRD-VNO6SU9SSICE,CLI-0OGH333Y8CRH,Payment,Food,593.67,USD,,POS,,,,México,Guadalajara,Reversed,51,False,9.55,0.7312004,0.7200772
TRX-941CZZHTDZVI3UFERA2B,2026-05-28 04:01:42,2026-05-27,PRD-IU8AQB8G1MXV,CLI-A6RT5UQPIWJT,Payment,Other,454.97,USD,,POS,,,,México,Monterrey,Approved,00,False,,,
TRX-ZUOX3O35CQCG0A63EA76,2026-05-27 21:53:10,2026-05-27,PRD-F0OLDRVPV8MI,CLI-XDGTHVUJ1UYH,Transfer,,224240.64,ARS,640.69,App,,,,Argentina,La Plata,Approved,00,False,19.12,,
TRX-JEGICVXOWKG44L7RRFFE,2026-05-27 21:53:11,2026-05-27,PRD-L7XI5YM5I1QP,CLI-H3720JMXL4BS,Purchase,Food,142079.95,ARS,405.94,ATM,SUC-7ZY1HPL0,Super Ahorro,Food,Argentina,Córdoba,Approved,00,False,6.9,,
TRX-35OM49QH2ZHVCBMTSRXD,2026-05-27 18:28:46,2026-05-27,PRD-59Q89VWW3KUT,CLI-6WQCM7XNNDGU,Withdrawal,,453.32,USD,,ATM,SUC-NOBD5N9U,,,México,Ciudad de México,Approved,00,False,,,
TRX-QYYI217H3GA74LRUU5NL,2026-05-27 20:21:03,2026-05-27,PRD-YOIYSBKIHSZ6,CLI-5XNDXK22SF1P,Withdrawal,,480.37,USD,,App,,,,México,Ciudad de México,Approved,00,False,24.39,,
TRX-YD5WERC13AQSNY9NT5F6,2026-05-27 16:30:06,2026-05-27,PRD-TDDAIETUBD08,CLI-EA7UP4L7O2P0,Payment,Other,1050.79,USD,,ATM,SUC-JDSJM3BZ,,,México,Guadalajara,Approved,00,False,9.46,,
TRX-PB6ABL9AQUTNQY2PC0CU,2026-05-27 10:33:52,2026-05-27,PRD-XUY4Y4H5BGQB,CLI-EHOIQ0HVBBEQ,Payment,Food,896.44,USD,,Web,,,,México,Guadalajara,Approved,00,False,5.94,,
TRX-9JA79GJ99H8VKXM0IJLX,2026-05-27 16:22:34,2026-05-27,PRD-W1GGCUR9KIXF,CLI-O2Q6KHH1X1WM,Withdrawal,,554697.61,COP,138.67,ATM,SUC-MU9A5O88,,,Colombia,,Approved,00,False,,5.4697656,-73.2017561
TRX-4U2LRX9X884QLV00HLGY,2026-05-27 10:05:50,2026-05-27,PRD-PS1ZCGH9PVDL,CLI-CMBE9NKRAYF9,Purchase,Services,74812.41,ARS,213.75,ATM,SUC-JBECVTZ8,Empresa Telefónica,Services,Argentina,La Plata,Approved,00,False,9.84,,
TRX-954VB4H2VN9HL8YGREZM,2026-05-27 17:34:50,2026-05-27,PRD-H8VRHNQ3K9HK,CLI-295TVS7JVPI6,Deposit,,4812.67,USD,,ATM,SUC-QVGF07AP,,,México,Guadalajara,Approved,00,False,5.62,,
TRX-LS9HDLPJY9ODIMH5UUOS,2026-05-27 15:11:37,2026-05-27,PRD-ZY2M6BOINZ53,CLI-BCT5GCW67S3U,Payment,Entertainment,413314.06,ARS,1180.9,Web,,,,Argentina,La Plata,Approved,,False,21.53,,
TRX-IUM0MHVVYX2D7FPGXTXA,2026-05-27 10:01:47,2026-05-27,PRD-W1GKHY4PNXLA,CLI-GD66NEH18FLY,Purchase,Other,1081151.49,COP,270.29,POS,,Tienda General,Other,Colombia,,Approved,00,False,9.38,4.6161934,-74.3757228
TRX-C65VU1DNS8L3PUJ4IADU,2026-05-27 23:23:15,2026-05-27,PRD-SVVP7CL0O1Y5,CLI-KEYURY8X5FWI,Purchase,Entertainment,106.78,USD,,POS,,Teatro Nacional,Entertainment,Argentina,,Approved,00,False,,,
TRX-FEE30H78U6FL0Y7VZBMX,2026-05-27 08:24:04,2026-05-27,PRD-PFBX81DUUB6J,CLI-VROVQEAIDFTU,Withdrawal,,385.94,USD,,App,,,,México,Puebla,Approved,00,False,1.67,,
TRX-C29HU78HNI22Q98R036N,2026-05-28 01:09:24,2026-05-27,PRD-36YUSCGUKNDL,CLI-EC61XZAG3P2B,Deposit,,4443.98,USD,,ATM,SUC-5FDGLKJX,,,México,Ciudad de México,Approved,00,False,4.17,,
TRX-CZ2E8Q8N4B1UJRQQ0ZYP,2026-05-27 19:49:02,2026-05-27,PRD-6MVRFBCONYUD,CLI-FPXRCDUFJ6ZE,Withdrawal,,435.37,USD,,App,,,,México,Tijuana,Approved,00,False,,,
TRX-LBZZ23PTKH7EBSF1CGV8,2026-05-27 08:27:06,2026-05-27,PRD-MXTSH1SEOBN6,CLI-M5AOX1QGM888,Deposit,,29797.1,ARS,85.13,ATM,SUC-MAWPQ7HZ,,,Argentina,La Plata,Approved,00,False,26.33,-33.9645142,-57.7229935
TRX-2M1QCWMCVZIJLLWCGS9U,2026-05-27 22:22:55,2026-05-27,PRD-LVS37URHD88K,CLI-XC59P8XQAX07,Withdrawal,,193.22,USD,,ATM,SUC-VTIA5X8Y,,,México,,Approved,00,False,26.56,0.6874914,-0.9905843
TRX-DXQQNXRSVRGX69FFGW3E,2026-05-27 21:40:03,2026-05-27,PRD-ESAGDXADOYG1,CLI-NJBZC34A5EER,Deposit,,3872662.52,COP,968.17,ATM,SUC-YAQTMQ56,,,Colombia,Cali,Approved,00,False,8.23,3.9672961,-74.4294143
TRX-E1860OUTN0HKSMPSG88P,2026-05-27 21:04:39,2026-05-27,PRD-OYZ4AROIPBAN,CLI-5YMJV5US87TE,Deposit,,1092.81,USD,,App,,,,México,Querétaro,Approved,00,False,23.71,,
TRX-41UCGBQX7KS0CHYIBTH4,2026-05-28 04:33:14,2026-05-27,PRD-DU8L6IA5GT7G,CLI-C8GKQ9TOONOS,Transfer,,1646.25,USD,,App,,,,Colombia,Cali,Approved,00,False,9.09,,
TRX-CWUIAJVL1Y6ZD8LFKUA2,2026-05-27 14:06:16,2026-05-27,PRD-REZSWMW8YLRH,CLI-ZYMO7IG3VWWX,Deposit,,3285.75,USD,,POS,,,,México,Guadalajara,Approved,00,False,26.01,,
TRX-9NKCSEJZ2RN3526E7K46,2026-05-28 00:12:26,2026-05-27,PRD-0MC0PGPBVVKB,CLI-TRVKRAD9S4JC,Transfer,,6004.3,USD,,POS,,,,México,Guadalajara,Approved,00,False,1.73,0.4829282,-0.5714056
TRX-VRVHGLE4FYYX6ZVGWEIW,2026-05-27 13:45:17,2026-05-27,PRD-ZUC2VCRE1BQ1,CLI-R7Y7LK8KQY6G,Payment,Food,948.29,USD,,App,,,,México,Ciudad de México,Approved,,False,,,
TRX-6M7X0K58P1ZON126EMGU,2026-05-27 18:29:48,2026-05-27,PRD-PBR7ON3DSPRI,CLI-U7VYH8WJEHR2,Payment,Health,1922.91,USD,,App,,,,México,Monterrey,Approved,00,False,26.78,,
TRX-G6U8Z4R9Y39LILO01WVP,2026-05-27 11:53:26,2026-05-27,PRD-8YKDGR6F1A0J,CLI-NLSXKIULWMHE,Deposit,,1168.96,USD,,App,,,,México,Guadalajara,Approved,00,False,9.43,,
TRX-V1Q75UATG3W2PWZWY69F,2026-05-28 03:12:17,2026-05-27,PRD-SD9LN3FEBZUE,CLI-DAACMNDF49OR,Transfer,,3365.97,USD,,ATM,SUC-4CNRVPYL,,,México,Monterrey,Approved,00,False,23.3,,
TRX-QK3DW9QUILJ8DPM16HE0,2026-05-27 19:39:30,2026-05-27,PRD-68WKK8QRM4N1,CLI-XED3X03ZGVVM,Purchase,Food,440.24,USD,,ATM,SUC-8XAGRKOC,Tienda Don José,Food,México,Tijuana,Approved,00,False,,,
TRX-4CJSQFFVVNI8Y5ZUVKAB,2026-05-27 06:40:04,2026-05-27,PRD-9JUEB6UU7L4Z,CLI-UW2SDO6FSM1D,Payment,Services,526877.47,ARS,1505.36,ATM,SUC-BMVBUHCL,,,Argentina,La Plata,Declined,14,False,7.64,,
TRX-I9CAM11P0I1J0RXIN7TJ,2026-05-28 05:21:45,2026-05-27,PRD-9R4CDVC98JO8,CLI-DACIOMDZZ4UB,Transfer,,8989.14,USD,,POS,,,,México,Querétaro,Approved,00,False,16.17,,
TRX-2XRXYQJVID0EF3X6PPWG,2026-05-27 17:28:16,2026-05-27,PRD-F3V1W62ZLQ8I,CLI-T9EYVHGUZZ09,Transfer,,39893463.7,COP,9973.37,Web,,,,Colombia,Cali,Approved,00,False,11.83,,
TRX-5N578FA0EQ918FC3QA7O,2026-05-28 00:24:48,2026-05-27,PRD-6GB0SZOH8GRV,CLI-ELQXAUDFKBFX,Transfer,,17286720.26,COP,4321.68,POS,,,,Colombia,Barranquilla,Approved,00,False,24.32,,
TRX-G79PVGZGZVM47HANNB50,2026-05-27 12:16:24,2026-05-27,PRD-AMZVWAI154KO,CLI-URGZK5VWPDCK,Withdrawal,,452.62,USD,,POS,,,,México,Monterrey,Approved,00,False,28.6,0.3859391,
TRX-6TVCP21TOW26Z9BW7JMN,2026-05-28 02:39:48,2026-05-27,PRD-Q890DFTN4WHS,CLI-3O4QA70LQAX6,Payment,Health,3339337.29,COP,834.83,ATM,SUC-2NNWC3AV,,,Colombia,Bogotá,Approved,00,False,24.66,,
TRX-QTVJZJIPBD3QRAVUJNCK,2026-05-28 01:28:47,2026-05-27,PRD-Q83D1QUEBD1Z,CLI-7VUM5C96BA7M,Withdrawal,,340.98,USD,,ATM,SUC-ZXOSBE5D,,,México,Querétaro,Approved,00,False,13.31,,
TRX-4PNB0PNJGW3BLYMXN6CB,2026-05-27 23:49:55,2026-05-27,PRD-OOBSSGPX8YTQ,CLI-869LWCKF388A,Withdrawal,,173688.01,ARS,496.25,POS,,,,Spain,Barcelona,Approved,00,False,15.15,-34.8736272,-57.4927296
TRX-KFGII3JG4CDA6ZU6UP52,2026-05-27 17:45:15,2026-05-27,PRD-D6HPLSDRMZY8,CLI-4KZUWOX5T3Y6,Purchase,Food,460.01,USD,,POS,,Mercado Central,Food,Mexico,Puebla,Approved,00,False,,,
TRX-6VEUNX0IGZ4UE1U59I2E,2026-05-27 21:56:29,2026-05-27,PRD-3O5I4R40900G,CLI-Y93GTYQCEEWM,Withdrawal,,239.6,USD,,Web,,,,México,Monterrey,Approved,00,False,3.3,,
TRX-14GHAYGA3FAVZ5C467PJ,2026-05-28 02:40:20,2026-05-27,PRD-ATZP6SDJ2E8J,CLI-K9V2AKEIN1FS,Purchase,Food,259.69,USD,,POS,,Tienda Don José,Food,México,Tijuana,Approved,00,False,,,
TRX-3DH5PCJE39PNNOKXMKJ9,2026-05-27 20:11:01,2026-05-27,PRD-5WRPTJURQV8Z,CLI-J47QRITMCK2P,Withdrawal,,284.17,USD,,ATM,SUC-KNGCTTUB,,,México,Monterrey,Approved,00,False,24.69,,
TRX-MNLBA41YVPI76ELL3ZO6,2026-05-27 15:01:16,2026-05-27,PRD-ZM5JZI3NKGDB,CLI-B28CLLWTQARP,Adjustment,,3997488.01,COP,999.37,POS,,,,Colombia,Cali,Approved,00,False,2.91,,
TRX-SYWQ5QL3D7Y5UCQWG8QU,2026-05-27 22:31:44,2026-05-27,PRD-JSRE7YMVX2T4,CLI-CKYN1UA2U9II,Transfer,,5900.62,USD,,POS,,,,México,Querétaro,Approved,00,False,,,
TRX-YZR1Z1OP31I4T05UTGDW,2026-05-27 09:19:57,2026-05-27,PRD-U5E7X4W6DGIL,CLI-PZA6YS5B9GRE,Transfer,,1651.44,USD,,POS,,,,México,Guadalajara,Approved,00,False,,,
TRX-5X7V229GZIMQ1U7TV9KZ,2026-05-28 05:44:02,2026-05-27,PRD-WJSCX8J6U9Q1,CLI-ME1Y4RR57PQ4,Purchase,Other,1940926.04,COP,485.23,POS,,Centro Comercial,Other,Colombia,Medellín,Approved,00,False,14.89,,
TRX-XWT9B6DKJM52ZN4TC2CY,2026-05-27 09:21:06,2026-05-27,PRD-HHPOK25FN6G4,CLI-7GZ66WOMXM12,Deposit,,1704.44,USD,,ATM,SUC-JD6LDRA8,,,México,Ciudad de México,Approved,00,False,15.82,,
TRX-K4BJ7CWH94D2IARA3TVO,2026-05-27 17:29:03,2026-05-27,PRD-W90JQTCIDCTP,CLI-Y3O9KX9VNOX5,Transfer,,7074.7,USD,,POS,,,,México,Tijuana,Approved,00,False,21.22,0.6496894,-0.3797749
TRX-2CHJC48DEG4UBILWBK6K,2026-05-27 15:32:20,2026-05-27,PRD-R3DOMEHM0B0U,CLI-HETSZET93T51,Withdrawal,,117.76,USD,,POS,,,,México,Puebla,Approved,00,False,,,
TRX-WPUTEPFNN0JUBCYYMF4O,2026-05-27 17:09:09,2026-05-27,PRD-GC9BWTNPX4TM,CLI-X7PJQOUSMLYA,Payment,Services,1272.65,USD,,ATM,,,,México,Querétaro,Approved,00,False,10.19,,
TRX-NBQI657OADV6DLN9EG7F,2026-05-27 22:17:38,2026-05-27,PRD-JB6QJD8BKBF6,CLI-7KKBKO6B8MUB,Deposit,,269.56,USD,,Web,,,,México,Ciudad de México,Approved,00,False,18.87,,
TRX-H5FYXNPN3DZ6V08GOKT9,2026-05-27 10:29:54,2026-05-27,PRD-T1GS7H47IT62,CLI-OT6QQQO4W814,Purchase,Food,59295.17,ARS,169.41,POS,,Super Ahorro,Food,Argentina,Mendoza,Approved,00,False,,,
TRX-C0GFSUZXHMAFQ0US5FO1,2026-05-27 09:13:58,2026-05-27,PRD-5OSNRMHAO7G7,CLI-ZF1HIMLWK3J5,Transfer,,4528.55,USD,,ATM,SUC-5R12FFLE,,,México,Querétaro,Approved,00,False,10.81,-0.6560221,-0.9912741
TRX-P8SA5GYRG0FXRJ6KTDI9,2026-05-27 09:58:16,2026-05-27,PRD-GRV84FB24BKG,CLI-C9BQKWQOQG6D,Deposit,,723.7,USD,,ATM,,,,México,Monterrey,Approved,00,False,14.92,,
TRX-N45LS3M53HD1AZHROHFA,2026-05-27 15:19:16,2026-05-27,PRD-WCCRF1PQ0N9N,CLI-CJ0PDTDZC6ZJ,Withdrawal,,473.55,USD,,POS,,,,México,Guadalajara,Reversed,54,False,9.21,,
TRX-0EQWPCT5POG8NQ7KRDUH,2026-05-28 05:01:46,2026-05-27,PRD-S631BWRIS1GY,CLI-411KSH4JVZ29,Transfer,,8021.28,USD,,Branch,SUC-YOXS8L6B,,,México,Monterrey,Approved,00,False,21.26,,
TRX-I2L3ZI3DUAEH80AH149B,2026-05-27 14:23:24,2026-05-27,PRD-27KG6WVPXHDO,CLI-LV0V4DW2DGO8,Payment,Other,659497.35,ARS,1884.28,POS,,,,Argentina,Buenos Aires,Declined,51,False,1.74,,
TRX-UO6X6QOSE9CKZBXRDAYE,2026-05-27 22:10:22,2026-05-27,PRD-IROZ0US72DF5,CLI-1VEDPMIMGC4D,Purchase,Services,1838208.61,COP,459.55,ATM,SUC-GPHM9NB1,Empresa Telefónica,Services,Colombia,Barranquilla,Approved,00,False,5.09,,
TRX-KK8VDF73YITRMLEX2JVG,2026-05-27 18:48:02,2026-05-27,PRD-AZEKJJYUQ91C,CLI-OVKXMETSW8XU,Payment,Other,1555.65,USD,,POS,,,,México,Tijuana,Approved,00,False,23.06,0.5869872,0.542282
TRX-WOKS4HSAN4ANCVS6NCZG,2026-05-27 10:22:45,2026-05-27,PRD-WW9FCNYAVIK7,CLI-7XNHCYY20P5Y,Withdrawal,,302.13,USD,,Web,,,,Argentina,Córdoba,Approved,00,False,5.37,,
TRX-7ETB0IWEXCV73GGW7F3L,2026-05-27 06:11:21,2026-05-27,PRD-VZ09FXCXGOR2,CLI-ATPTKEDRX3TS,Purchase,Health,239.54,USD,,Web,,,Health,USA,Los Angeles,Approved,00,False,4.67,,
TRX-FM16LA58W7UNGAU2BWH0,2026-05-28 03:36:16,2026-05-27,PRD-YGOMCD78FQ0G,CLI-CFUJ8ZSM8B3J,Deposit,,2494.96,USD,,ATM,SUC-KNGCTTUB,,,México,Puebla,Approved,00,False,6.86,,
TRX-5DDIPE0YBZJBLX95VD13,2026-05-28 00:12:32,2026-05-27,PRD-JR8H9N1R2UE2,CLI-WZWWZVTCE5EV,Purchase,Food,435.81,USD,,App,,Restaurante El Buen Sabor,Food,México,Monterrey,Approved,00,False,22.15,,
TRX-8J23INW3Z0ZIEIZ75GKH,2026-05-27 23:44:22,2026-05-27,PRD-HTMG5QZEUH3X,CLI-CW67DNMV6PG6,Purchase,Food,307.95,USD,,Web,,,Food,México,Querétaro,Approved,00,False,,,
TRX-GACJ3C5GWC972GWV2CP4,2026-05-27 16:13:38,2026-05-27,PRD-3W5BDK31FPFG,CLI-ORL1NR4P5KL0,Withdrawal,,426.23,USD,,Web,,,,México,Ciudad de México,Approved,00,False,4.12,,
TRX-AQN1VW8XKDVDP7KHZM6W,2026-05-27 16:54:50,2026-05-27,PRD-N80WUADMOTY0,CLI-TCYHAXYBDNAC,Withdrawal,,482.16,USD,,POS,,,,México,Tijuana,Approved,00,False,3.18,,
TRX-5PGNE9RHXVP6PZKD7XI7,2026-05-27 09:10:56,2026-05-27,PRD-NIH5G3FQG0G5,CLI-QVHEDGZUSEAF,Transfer,,32347842.92,COP,8086.96,Web,,,,Colombia,Medellín,Approved,00,False,29.47,,
TRX-LV60JP0FE2IK7454VD9S,2026-05-27 23:35:25,2026-05-27,PRD-SXQ4W2WNX2G5,CLI-SLONFYF9NWY4,Payment,Other,1800341.63,COP,450.09,POS,,,,Colombia,Cartagena,Approved,00,False,18.62,,
TRX-NXNIY0G8JLM1QUDPGPL3,2026-05-27 10:08:55,2026-05-27,PRD-JYVX68R5O8X0,CLI-CZNHT1PYJXLB,Purchase,Food,47799.98,ARS,136.57,POS,,Mercado Central,,Argentina,Córdoba,Approved,00,False,6.23,,
TRX-OAR18O5KU4GTIQMFJXGN,2026-05-27 08:36:51,2026-05-27,PRD-ITVBXQE9NIN5,CLI-9R7P6ASUCQPG,Transfer,,9132.54,USD,,App,,,,México,Guadalajara,Approved,00,False,,,
TRX-E63JID7UDNWWQK8NW4Q9,2026-05-28 04:04:56,2026-05-27,PRD-SWNE0MTZ2X7Z,CLI-0VY8JV0L96M4,Payment,Other,666196.24,ARS,1903.42,ATM,,,,Argentina,Córdoba,Approved,00,False,,,
TRX-V6AK80VMVK5KS3762ZYH,2026-05-27 08:28:28,2026-05-27,PRD-M308F1MIJCAG,CLI-WS0U86AH8DC6,Deposit,,18425305.93,COP,4606.33,App,,,,Colombia,Barranquilla,Approved,00,False,,,
TRX-RNACLLZG3OEITGN5O7C8,2026-05-27 11:11:45,2026-05-27,PRD-ZCXMD2HTDNBF,CLI-GU2V269OHJ7S,Deposit,,436.94,USD,,POS,,,,México,Monterrey,Approved,00,False,5.29,,
TRX-QHQCFMKJ19GWPEYMVWCU,2026-05-27 21:54:23,2026-05-27,PRD-XWET2NDAJTS6,CLI-67WR46V1AI0W,Withdrawal,,152.67,USD,,App,,,,México,Tijuana,Pending,54,False,27.78,,
TRX-H7FS5N9ZSOTBG0Y1ZQGE,2026-05-27 18:00:16,2026-05-27,PRD-HROF4R2P3OTA,CLI-RK0X5P9J39UR,Transfer,,7437.37,USD,,POS,,,,México,Querétaro,Approved,,False,4.3,,
TRX-KL1H2S0C3OMNBOMJ95BL,2026-05-27 07:48:01,2026-05-27,PRD-FIU2YWHR9FRQ,CLI-ASTKBKIXTZ0P,Transfer,,6137.52,USD,,ATM,SUC-XAEWUJQS,,,México,Querétaro,Approved,00,False,28.99,,
TRX-6JEWPUYNJWYL89NJT81P,2026-05-27 14:12:52,2026-05-27,PRD-KPWEYY5HGQV9,CLI-D5HXRGIUMUR6,Adjustment,,261153.65,ARS,746.15,POS,,,,Argentina,Córdoba,Approved,00,False,,-33.7433411,-59.3758969
TRX-F6JCV68TX1JK6YWLIH0J,2026-05-27 20:20:15,2026-05-27,PRD-C0GMKO3Z9GEI,CLI-WFY6UEC3U5GR,Withdrawal,,451.71,USD,,POS,,,,Spain,Valencia,Approved,00,False,29.35,,
TRX-QOB9KCTV71MZCP9HHV3R,2026-05-28 00:03:58,2026-05-27,PRD-XLQY1PGYNALZ,CLI-YK77PX7UYHTB,Purchase,Food,69.65,USD,,App,,Restaurante El Buen Sabor,Food,México,Querétaro,Approved,,False,13.49,,
TRX-5AC5CPMM97RJ61RTHJOO,2026-05-27 13:00:10,2026-05-27,PRD-ZIROKQ0GTD87,CLI-G5GYH8X9HWTD,Withdrawal,,46555.42,ARS,133.02,POS,,,,Argentina,Buenos Aires,Approved,00,False,,,
TRX-I9BMQ3QSGWC4O5XKW4MF,2026-05-27 16:11:31,2026-05-27,PRD-5950GWSECBX1,CLI-YQ2MWG00DF4U,Transfer,,6262039.18,COP,1565.51,Web,,,,Colombia,,Approved,,False,10.3,,
TRX-MOPAG6RQCBYSZ0PPJE9X,2026-05-27 19:43:15,2026-05-27,PRD-WWC7NLC5F8RA,CLI-EIUCZJQKJVF1,Purchase,Health,139693.75,ARS,399.12,App,,Laboratorio Central,Health,Argentina,,Declined,05,False,22.49,,
TRX-GSC1UBHUVKO464YDQFZ5,2026-05-27 06:23:20,2026-05-27,PRD-A1YHZADAGFKF,CLI-NNK2ADFIEVAV,Payment,Food,1842.25,USD,,Web,,,,México,Puebla,Approved,00,False,,,
TRX-5FV3HQ7DEZBOFOBPUE9D,2026-05-27 06:02:19,2026-05-27,PRD-2IE1VL90NCDS,CLI-ECR4N5MPTQUT,Purchase,,207.37,USD,,Web,,Internet Plus,Services,USA,,Pending,54,False,25.38,,
TRX-8XLZE33X32Z12NW03Y7U,2026-05-28 05:25:30,2026-05-27,PRD-SYIVEC3330HB,CLI-LBTO5L8CQ2SE,Transfer,,1859.98,USD,,POS,,,,México,Tijuana,Approved,00,False,15.04,,
TRX-G654TKQVV1J3MRU2KY58,2026-05-27 18:00:22,2026-05-27,PRD-CYVJ9S2HQ23X,CLI-UB5YQD343WZK,Transfer,,8883.55,USD,,ATM,SUC-JGB6PK8R,,,México,Monterrey,Pending,51,False,24.57,,
TRX-080WYNUKV9ZUTSYXQGB9,2026-05-27 23:19:13,2026-05-27,PRD-SCUPSVAZL0RX,CLI-PG79P5C5J36L,Deposit,,2960.92,USD,,ATM,SUC-Z39EOE70,,,México,Tijuana,Approved,00,False,,,
TRX-PBUOFN3KS318LOLBAINA,2026-05-28 03:34:19,2026-05-27,PRD-FK7EMWLYE7U3,CLI-1M8W0XXA65T3,Purchase,Entertainment,173.0,USD,,POS,,Streaming Music,Entertainment,Argentina,,Approved,,False,0.01,,
TRX-VH0CHA6D3GR339GUCI8F,2026-05-28 00:34:00,2026-05-27,PRD-GZG7HR9Y8IMD,CLI-YVCX413PEH7W,Deposit,,5331368.29,COP,1332.84,ATM,SUC-GPTCLR0Q,,,Colombia,Medellín,Approved,00,False,13.52,,-73.9078216
TRX-66FA84622BSVUZSAX7W3,2026-05-27 14:41:55,2026-05-27,PRD-SGJ4NVFNM7LO,CLI-3RNTDMPN9OHE,Purchase,Transport,489.17,USD,,Transfer,,Estación de Servicio,Transport,Colombia,Medellín,Approved,00,False,11.95,,
TRX-XM4AY1AEVKBSR2H5X77T,2026-05-28 03:10:27,2026-05-27,PRD-DP8UBRFPE0OU,CLI-NH0PK2O3UXIN,Purchase,Other,234.8,USD,,POS,,Ferretería,Other,México,Ciudad de México,Approved,00,False,,,
TRX-6XOOI5B8ZPOO79PTVMGX,2026-05-27 08:59:48,2026-05-27,PRD-M2Y7NP1GHAHR,CLI-UE6WNOA1LLY5,Withdrawal,,1934745.42,COP,483.69,POS,,,,Colombia,Cartagena,Approved,00,False,,,
TRX-EEJ4TWISR496KIEPJVL7,2026-05-27 19:58:12,2026-05-27,PRD-J9WMF4T3IDCH,CLI-D0WQWECRHGUC,Purchase,Services,142844.26,ARS,408.13,App,,Servicios Públicos,Services,Argentina,La Plata,Approved,00,False,19.86,,
TRX-SH3NFYPY4IEP36CBCFV5,2026-05-27 18:15:00,2026-05-27,PRD-ZPZON850C45J,CLI-XBSZINLP1X0W,Purchase,Food,34560.85,ARS,98.75,ATM,SUC-YV8Q78LJ,Restaurante El Buen Sabor,Food,Argentina,,Approved,00,False,16.04,-33.7892769,-57.530306
TRX-5IFKWMX4OJIT3SYE1IB7,2026-05-27 07:21:33,2026-05-27,PRD-ZADVWHV5KLCM,CLI-SEOLKG118WTJ,Payment,Other,437.24,USD,,ATM,SUC-KUOJDQSO,,,México,Guadalajara,Declined,51,False,13.48,,
TRX-KTKQXI9RUF4HIZDHQZN0,2026-05-27 06:58:13,2026-05-27,PRD-XCTXTDE2JHQ1,CLI-PVP19F5ZI7J7,Purchase,Transport,155.82,USD,,ATM,SUC-M3Y8BT51,Gasolinera Express,Transport,México,Guadalajara,Approved,00,False,23.03,-0.4815247,0.1429594
TRX-4792Q9AB5AKGDT04F9MX,2026-05-28 03:38:57,2026-05-27,PRD-P6J01YGQZJ1C,CLI-KJQD9Z307VDW,Transfer,,4101.3,USD,,Web,,,,México,Ciudad de México,Approved,00,False,,,
TRX-GM06L9MIAB31B6AE8SDY,2026-05-27 09:25:37,2026-05-27,PRD-ES02SJSJNS2T,CLI-YCJJIIQZEDC3,Purchase,Services,61648.07,ARS,176.14,ATM,SUC-MAWPQ7HZ,Servicios Públicos,Services,Argentina,La Plata,Approved,00,False,12.5,,
TRX-OBQ1GG5SE6S9DY7LA6KN,2026-05-27 09:49:23,2026-05-27,PRD-KNPWGVB0P8SK,CLI-NS71ONHYD1C9,Deposit,,18214778.88,COP,4553.69,ATM,SUC-OGCB7RT2,,,Colombia,Cali,Approved,00,False,5.84,,-74.5901838
TRX-2VTQOEXXI1D86VRQQ5D4,2026-05-27 08:49:39,2026-05-27,PRD-666BMB97TBX4,CLI-HMXN6E01QCQ1,Withdrawal,,171158.01,ARS,489.02,ATM,SUC-39R34AY6,,,Argentina,,Approved,00,False,27.75,-35.5025676,-59.3336766
TRX-DS4VBHI6K3T8322KV1G7,2026-05-28 02:59:26,2026-05-27,PRD-GHMQFA9HEMB6,CLI-OZ48E4CIRCR5,Withdrawal,,16037.93,ARS,45.82,POS,,,,Argentina,Buenos Aires,Approved,00,False,,-34.1737524,-58.8835004
TRX-21ADK8XHIX2MUYCEUQZR,2026-05-28 01:41:44,2026-05-27,PRD-FR1L9YOXAFWY,CLI-KCSTG3OCDLGF,Deposit,,1168607.86,ARS,3338.88,App,,,,Argentina,Rosario,Approved,00,False,,,
TRX-2WB514D5A6R4GNAEWW7B,2026-05-28 05:02:34,2026-05-27,PRD-W8W2RPX6EJNZ,CLI-U9F4S4YTXY59,Purchase,Other,250.7,USD,,POS,,Boutique Moda,Other,México,Tijuana,Approved,00,False,,,
TRX-EDY5BTWWN6I1LE1R66TW,2026-05-27 22:02:11,2026-05-27,PRD-YTSKHR8N0VZ5,CLI-00Q6FHOMQS0T,Withdrawal,,195.31,USD,,ATM,,,,México,Guadalajara,Approved,00,False,16.7,,
TRX-6R5CTG0UPU8I19B7XJG8,2026-05-28 02:49:03,2026-05-27,PRD-ZPJ3RT374QYZ,CLI-0OBH8VTQD9Z7,Payment,Entertainment,6040205.18,COP,1510.05,POS,,,,Colombia,Medellín,Approved,00,False,25.23,,
TRX-76886FEUCAX65LB8ZXNA,2026-05-27 08:16:34,2026-05-27,PRD-U156QN3GGMHZ,CLI-XTZWRWTXTYII,Transfer,,7151.39,USD,,POS,,,,México,Ciudad de México,Approved,,False,10.27,,
TRX-R13PDK7173SBTUML1KY3,2026-05-28 03:12:44,2026-05-27,PRD-FY16HVKLN990,CLI-Z4UBJ9M2I3D6,Transfer,,1804932.11,ARS,5156.95,POS,,,,Argentina,Córdoba,Declined,05,False,20.39,,
TRX-TGZM69H6TTNH4D18WUM9,2026-05-27 15:23:48,2026-05-27,PRD-KBVBQ9YR6J4T,CLI-T46KYYXEQNCU,Transfer,,9564.05,USD,,ATM,SUC-6M2HY1ZX,,,Argentina,La Plata,Declined,05,False,26.04,-34.7259953,-58.0192569
TRX-0J8S3UDPV79WMUJPEHLS,2026-05-28 02:01:37,2026-05-27,PRD-1E2WC73MATB1,CLI-DUM6SAFFHISP,Payment,Services,1021.27,USD,,Web,,,,México,Monterrey,Reversed,05,False,7.3,,
TRX-PJIBBXDO8W3GO5PBIEGK,2026-05-27 10:12:20,2026-05-27,PRD-TCM89YEHXYTJ,CLI-S0JRSIKLJP8X,Transfer,,21649030.9,COP,5412.26,App,,,,Colombia,Cartagena,Approved,00,False,,,
TRX-HN79GBPJNCZKSRBBMAWW,2026-05-28 04:13:32,2026-05-27,PRD-0IUA1JHFZN6N,CLI-0DTP7Q3US41J,Purchase,Food,229.49,USD,,ATM,SUC-CJYLJUTF,Restaurante El Buen Sabor,Food,México,Puebla,Approved,00,False,24.07,-0.171429,0.3050349
TRX-TJ4SGS8DEDTBW1GMC2V8,2026-05-28 02:34:30,2026-05-27,PRD-3OXSUONVMVOQ,CLI-J85OPGX2OC1C,Purchase,Health,87.6,USD,,ATM,SUC-QE974U7T,Farmacia Salud,Health,México,Querétaro,Approved,00,False,24.54,,
TRX-SQTSCCVW3JHL1GCE6XWJ,2026-05-27 13:41:04,2026-05-27,PRD-LNXCWFBN4IZA,CLI-M1U6XU7651X7,Deposit,,15628871.0,COP,3907.22,ATM,SUC-Q56PLH2J,,,Colombia,Bogotá,Approved,00,False,18.41,,
TRX-FQLMZ99RG50M4E004I1Y,2026-05-27 07:59:46,2026-05-27,PRD-G26BU6XXDBDZ,CLI-RWIWNMU7G3BO,Transfer,,1597076.58,ARS,4563.08,POS,,,,Argentina,Buenos Aires,Approved,00,False,23.32,,
TRX-S4P8GGM8ZNFK1IWAS0F7,2026-05-27 20:33:01,2026-05-27,PRD-CRKP0P5ESLC5,CLI-IAIELSVRIAA6,Payment,Services,484901.74,ARS,1385.43,Web,,,,Argentina,Buenos Aires,Approved,00,False,16.85,,
TRX-SEF4Y88LN41P1JQXX5ED,2026-05-27 09:37:16,2026-05-27,PRD-0GO413VNYCNO,CLI-LMKBCPUHJYM5,Transfer,,4201.98,USD,,App,,,,México,Guadalajara,Declined,54,False,22.82,,
TRX-2HZGWI54EF4GO853RHYT,2026-05-27 20:27:47,2026-05-27,PRD-A35NFM0UHGGL,CLI-7ZJ2847RQ5CT,Deposit,,340277.27,ARS,972.22,POS,,,,Argentina,Mendoza,Approved,00,False,,-33.6781054,-57.4574157
TRX-RQQ2E6H4KRULQO9PZ4QS,2026-05-27 12:11:23,2026-05-27,PRD-F4G9CEA471TX,CLI-WG98BA7RQGVY,Deposit,,1994.16,USD,,POS,,,,México,Puebla,Approved,00,False,,,
TRX-3VE3EUO7E9ZFX52MMEYV,2026-05-27 11:37:00,2026-05-27,PRD-3L8Z7H12H93P,CLI-EKOKG9QN5S5M,Deposit,,495043.06,ARS,1414.41,ATM,SUC-RRCPMD2D,,,Argentina,,Pending,14,False,,,
TRX-Z206IPUDO0I8UEPWN746,2026-05-27 22:56:51,2026-05-27,PRD-PMC0NS25HUYQ,CLI-63FBMQA4MWW8,Withdrawal,,1169565.4,COP,292.39,POS,,,,Colombia,Cartagena,Approved,00,False,19.48,,
TRX-F41U1CGEM4NUVLVJCHKP,2026-05-28 04:25:32,2026-05-27,PRD-OAFC1C12VGKR,CLI-OB0MXWQNW8OE,Withdrawal,,218.64,USD,,Web,,,,México,Guadalajara,Approved,00,False,1.04,,
TRX-PR0KONVQ3IQSZ5FRJL1A,2026-05-27 07:02:20,2026-05-27,PRD-REZNBIOAU8LG,CLI-WYJPSHIH4EH0,Payment,Health,363.4,USD,,ATM,SUC-57LRN6RH,,,México,Guadalajara,Approved,00,False,26.3,,0.2086272
TRX-7D7CR72CK88R4GWW8D24,2026-05-28 04:56:49,2026-05-27,PRD-42LXOZ0KMQ3M,CLI-FVXIXA7ZW7H2,Adjustment,,264.99,USD,,POS,,,,México,Monterrey,Approved,00,False,,,
TRX-PMPYCPEU4X6S4ZXM6Y2E,2026-05-27 23:51:32,2026-05-27,PRD-UJBGC61A8LYV,CLI-73OZ0DZW0DTH,Purchase,Services,110.83,USD,,POS,,Servicios Públicos,Services,México,,Approved,,False,28.15,,
TRX-4ON5QD3NAC2VTPWTI7UX,2026-05-27 17:15:23,2026-05-27,PRD-FRNS1PS4YLOP,CLI-3XS9APAL7HL2,Deposit,,793179.61,ARS,,POS,,,,Argentina,Rosario,Approved,00,False,19.76,,
TRX-O4HELWQDYN6HIA11MAL4,2026-05-27 16:44:29,2026-05-27,PRD-DKID2QQ4DYZ2,CLI-22FZOWUFFK5L,Withdrawal,,109763.06,ARS,313.61,Transfer,,,,Argentina,Mendoza,Approved,00,False,28.54,,
TRX-59W6YDWF0FBV8FE0RIFW,2026-05-27 17:47:46,2026-05-27,PRD-1C86K86O0074,CLI-SP0N83Z1FTQS,Withdrawal,,34891.71,ARS,99.69,POS,,,,Argentina,Buenos Aires,Approved,00,False,18.72,-34.9621595,-58.3720766
TRX-PZENJDKEH42KPENT92QT,2026-05-28 01:09:03,2026-05-27,PRD-XITN3OU3MZGL,CLI-7NQKGFGKXYW9,Payment,Food,909.36,USD,,App,,,,Colombia,Bogotá,Approved,00,False,24.57,,
TRX-E8048HUXBDTLV7W3W0SM,2026-05-27 20:14:47,2026-05-27,PRD-3PETTIFA8EST,CLI-L8OMVKC7I0E5,Payment,Entertainment,2675293.95,COP,668.82,Web,,,,Colombia,Barranquilla,Approved,00,False,12.5,,
TRX-XH1ZKWYY93CUFRLY17AM,2026-05-27 10:48:35,2026-05-27,PRD-L0WCS0WIDMEG,CLI-54I41CHAJH2C,Deposit,,1192455.56,ARS,,App,,,,Argentina,,Approved,00,False,8.09,,
TRX-ZIID2XQ8R68JE9S3DYD2,2026-05-27 08:55:01,2026-05-27,PRD-RH3MI2ETQWGK,CLI-TVJA80N91HOX,Withdrawal,,420203.35,COP,105.05,Transfer,,,,Colombia,Bogotá,Approved,00,False,15.38,,
TRX-Q6WBAKHY442DL4DLA5OH,2026-05-27 10:53:11,2026-05-27,PRD-OPD6V4E9FQSE,CLI-ZTGGSZ443IUS,Withdrawal,,126727.3,ARS,362.08,Web,,,,Argentina,Rosario,Approved,00,False,20.7,,
TRX-V5O9Z8ANZ9032UCDMVQ4,2026-05-27 07:16:02,2026-05-27,PRD-VQT3T0P2U4A1,CLI-DEPIFFE5LNXE,Purchase,Transport,262.16,USD,,ATM,SUC-OW1SAD5J,,Transport,México,Guadalajara,Approved,00,False,4.55,,
TRX-185YTNY5TVRKGLLAI4AD,2026-05-28 02:33:50,2026-05-27,PRD-XT04K2TUIXMC,CLI-3BRRYRA5G8VC,Transfer,,5812.61,USD,,POS,,,,México,Monterrey,Approved,00,False,2.71,,
TRX-YN8EKTCVVD61VNJLR1A4,2026-05-27 18:54:44,2026-05-27,PRD-05WV8TME0DE0,CLI-FSSAPA7XXZ35,Withdrawal,,288.2,USD,,Web,,,,México,Monterrey,Approved,00,False,,,
TRX-665X9C7VT45X1XD3RTFB,2026-05-27 20:55:06,2026-05-27,PRD-F3OE1A3HRE6D,CLI-58HHXIQHQULF,Payment,Entertainment,412.86,USD,,ATM,SUC-9DE11KDA,,,México,Querétaro,Approved,00,False,16.16,,
TRX-RN8PZVPJLOD4QQHXNK3D,2026-05-27 12:48:37,2026-05-27,PRD-CHHI8ON75WED,CLI-CAIP7IW6IDPF,Transfer,,6323.17,USD,,POS,,,,México,,Approved,,False,11.29,-0.102236,0.9237941
TRX-1K7GQKDYLPGURQ4F0R4R,2026-05-27 07:02:18,2026-05-27,PRD-HP2SAA05OI0R,CLI-JLLN90NYDFPN,Payment,Entertainment,727.91,USD,,ATM,SUC-98QOW3F1,,,México,Ciudad de México,Approved,,False,12.98,,
TRX-JLWH2YJSS5JEAJTP6V2K,2026-05-27 21:23:03,2026-05-27,PRD-BLRRXDMASGC8,CLI-I01VPOH2SXQ9,Purchase,Health,211647.88,COP,52.91,POS,,Laboratorio Central,Health,Colombia,Medellín,Declined,,False,2.9,,
TRX-KJTJI9ILLKMKS3RS1D90,2026-05-27 23:19:10,2026-05-27,PRD-W71H6JSYGY0I,CLI-JU0KAGEAQ68U,Deposit,,4648.43,USD,,Web,,,,México,Guadalajara,Approved,00,False,21.79,,
TRX-8VTWJ3435AGWUGZHYQ2V,2026-05-28 02:07:15,2026-05-27,PRD-7HHEND9O8NGL,CLI-8XG8TKC43MF5,Purchase,,158.83,USD,,POS,,Estación de Servicio,Transport,México,Monterrey,Approved,00,False,15.83,,
TRX-ZXWBIBWDWZVI6H4ZPN3C,2026-05-28 00:03:57,2026-05-27,PRD-FWS6Y149LX1O,CLI-TJH02VE12BM1,Purchase,Transport,278.18,USD,,ATM,SUC-349TR6OC,Uber,Transport,México,Querétaro,Approved,00,False,27.67,,
TRX-APCULZCKEL7R519CKRBY,2026-05-27 07:20:18,2026-05-27,PRD-4GXNNRMTW2E4,CLI-016E0ACPWUB0,Purchase,Health,151823.59,ARS,433.78,Web,,Clínica Médica,Health,Argentina,Rosario,Approved,00,False,28.26,,
TRX-3B2HCZVBRZ1YTC0J3TOT,2026-05-27 08:52:00,2026-05-27,PRD-QT1JF7Y6RULK,CLI-YJRAMQH3EEZ6,Transfer,,4581.91,USD,,POS,,,,México,Guadalajara,Approved,00,False,12.97,,
TRX-YHRU0A0U7M3D3H1XE8BS,2026-05-27 22:06:37,2026-05-27,PRD-RNUEO9CWWQK1,CLI-UNWTXQJQ3YCY,Payment,Food,2912843.07,COP,728.21,POS,,,,Colombia,Medellín,Approved,00,False,15.94,,
TRX-5E81DRJ9T2C1S4Q7IB0D,2026-05-28 03:00:42,2026-05-27,PRD-62Q5WBOC9GJ2,CLI-HMZRKO0S07TC,Transfer,,8115693.94,COP,2028.92,POS,,,,Colombia,Cartagena,Approved,00,False,24.89,,
TRX-HC0PEDNX6KVJDFZ3L53M,2026-05-27 19:46:39,2026-05-27,PRD-PQHXABNDN1AZ,CLI-OBL36UYSM6LQ,Payment,Health,6645079.02,COP,1661.27,Web,,,,Colombia,Bogotá,Approved,00,False,,,
TRX-9ZG2KKMI6RZ6I86X61P6,2026-05-27 18:49:40,2026-05-27,PRD-L856L9GGHU47,CLI-3NAVNB09VK0P,Purchase,Food,393.39,USD,,POS,,Tienda Don José,,México,Tijuana,Approved,00,False,22.27,,
TRX-D7A98R3XR3NRY811GQ76,2026-05-27 12:41:28,2026-05-27,PRD-TMWZ7AQBJWI4,CLI-90JJANJGS7WU,Payment,Food,1388.8,USD,,ATM,SUC-V3V4T7QO,,,México,,Approved,00,False,28.15,,
TRX-ZYHMVFO56LKT4FQXR4RZ,2026-05-28 03:42:59,2026-05-27,PRD-I2CX75VD5FWO,CLI-E1UI4ECK0UR2,Transfer,,3990.38,USD,,ATM,SUC-BDUFJ6GZ,,,México,Monterrey,Approved,00,False,7.44,,
TRX-HTANCPQ776CDFTHEJQ7Q,2026-05-27 17:22:10,2026-05-27,PRD-NUTHYCYX3HX1,CLI-P7RFBO774ORD,Payment,Other,717.84,USD,,POS,,,,México,Guadalajara,Approved,00,False,9.25,,
TRX-SD5M021NL8VPNOLA1WT1,2026-05-27 08:56:23,2026-05-27,PRD-BP0SE7TL69XI,CLI-D278NQWPHR6F,Purchase,Entertainment,1746233.08,COP,436.56,App,,Teatro Nacional,Entertainment,Colombia,Barranquilla,Approved,00,False,5.42,,
TRX-D0HSLR9ALJ8ZYM2A8BHS,2026-05-28 02:56:37,2026-05-27,PRD-HUTLDJ3LW8DS,CLI-QST03GBG31EO,Payment,Food,1199107.25,COP,299.78,POS,,,,Colombia,Cartagena,Declined,54,False,19.95,,
TRX-76N87PLRAFUXP5Y5QS20,2026-05-27 14:39:54,2026-05-27,PRD-RUCA9T529YCS,CLI-TILUZMMFSLIM,Payment,Entertainment,1384.86,USD,,POS,,,,México,Monterrey,Approved,00,False,19.52,,
TRX-M0J6QZUTXEN1GRNFN6DG,2026-05-28 04:31:46,2026-05-27,PRD-JM6V5ACE1VZP,CLI-PUTH93LMXTGM,Payment,Food,1303.48,USD,,ATM,SUC-4ML8OJM1,,,México,Querétaro,Approved,00,False,7.25,,
TRX-X7YO79GNJW436FVIUMBU,2026-05-27 19:41:32,2026-05-27,PRD-IEGNZQXOG83I,CLI-WU4LV57ACYBW,Purchase,Food,263752.64,COP,,ATM,SUC-I7CB5PA8,Super Ahorro,Food,Colombia,Medellín,Approved,00,False,2.79,4.1937178,-73.0918825
TRX-A4BZ7I35MUHMX777TM55,2026-05-27 22:38:06,2026-05-27,PRD-S96ED35C49UL,CLI-Z43A9OXSBP0T,Transfer,,25459098.04,COP,6364.77,ATM,SUC-LWQND6S8,,,Colombia,Bogotá,Approved,00,False,1.69,,
TRX-R7G5253EV54O43JGTVX1,2026-05-27 13:46:45,2026-05-27,PRD-EE9JMBA1HCSO,CLI-I7VGIZTUCUG9,Deposit,,72936.09,ARS,208.39,Web,,,,Argentina,La Plata,Approved,00,False,,,
TRX-YVHMX958FFAA4OZV1JVE,2026-05-27 06:15:37,2026-05-27,PRD-R09AZ0TUSFJN,CLI-980SHW29B6P4,Transfer,,3012.78,USD,,ATM,SUC-033KHYS2,,,México,Puebla,Approved,00,False,20.72,,
TRX-AMNLF4E19OHK2CON6XU5,2026-05-28 05:21:36,2026-05-27,PRD-L6SI6JQM7UHU,CLI-LAB8R6NX2TQ6,Purchase,Food,312.96,USD,,App,,Mercado Central,Food,Colombia,Cartagena,Approved,00,False,17.51,,
TRX-XZ1O7LIIL1DJ04OKODQA,2026-05-27 19:43:08,2026-05-27,PRD-2I0KCURRSWSW,CLI-FOJ1LG4D2RCV,Purchase,Services,90.33,USD,,ATM,SUC-9YYT37NY,Cable TV,Services,México,Ciudad de México,Approved,00,False,11.36,,
TRX-REB3SHBHG50KQVFKZIGV,2026-05-27 22:05:16,2026-05-27,PRD-N2DBKDNSPJF2,CLI-W91T5GDQXMLU,Transfer,,3548.45,USD,,App,,,,México,Tijuana,Pending,14,False,15.35,,
TRX-G7E9IMFRP1VXC38FRZEZ,2026-05-27 17:16:03,2026-05-27,PRD-PADQ467MO5R8,CLI-0SWKT1V8SH1V,Withdrawal,,147273.71,ARS,,Web,,,,Argentina,Buenos Aires,Approved,00,False,20.18,,
TRX-FGDDK133NHZ4AUSRMGAX,2026-05-27 23:52:03,2026-05-27,PRD-B5T6UVOQSTRP,CLI-AM2TOWRZ7P13,Purchase,Transport,425.89,USD,,App,,Uber,Transport,México,Puebla,Pending,51,False,14.92,,
TRX-UBKDS132QYROWZIUH32Z,2026-05-27 22:09:42,2026-05-27,PRD-QPN3VJTL90D1,CLI-BRAKYQQBBXNY,Deposit,,19210445.26,COP,4802.61,Web,,,,Colombia,Cali,Approved,00,False,,,
TRX-8TRO3X627PCK83V7QXN0,2026-05-28 05:49:39,2026-05-27,PRD-QR72OA19ZNCM,CLI-1V8TD32QDYK2,Transfer,,27626137.58,COP,6906.53,App,,,,Colombia,Barranquilla,Approved,00,False,,,
TRX-2XG5KNFKLQ1TNM4XXTVQ,2026-05-28 05:17:30,2026-05-27,PRD-Q6QJKI4V0958,CLI-5885DLUXTRKV,Deposit,,1320666.28,ARS,3773.33,ATM,SUC-QZP6DNTL,,,Argentina,Rosario,Approved,00,False,26.05,,
TRX-BDVFUQ5L2C9S5M618Q2F,2026-05-28 03:14:52,2026-05-27,PRD-BRHYRJ308L5Q,CLI-YB2T8GU2PBT8,Purchase,Entertainment,306.19,USD,,POS,,Streaming Music,,México,Monterrey,Declined,51,False,23.42,,
TRX-CXW85S0V29151TYEAEA2,2026-05-27 21:28:57,2026-05-27,PRD-7Q2HTNK4BX1D,CLI-E14QS1BZHXRU,Adjustment,,85795.95,ARS,245.13,POS,,,,Argentina,La Plata,Approved,00,False,12.96,-34.9430836,-58.069191
TRX-356ASRBQK7AAM0BFMZVQ,2026-05-27 19:44:40,2026-05-27,PRD-F2HVT16BGC3A,CLI-7LKLT8HGE1XY,Payment,Transport,515359.12,ARS,,POS,,,,Argentina,La Plata,Approved,00,False,25.28,,
TRX-VXV6TXH9UMAF4AMZDM3U,2026-05-28 04:27:19,2026-05-27,PRD-NY2FBTYFQ34V,CLI-HP38S1K8PGXG,Transfer,,147.33,USD,,POS,,,,México,Ciudad de México,Approved,00,False,2.16,,
TRX-Z8JHBEAM9JU241ZKRQ1R,2026-05-27 06:35:01,2026-05-27,PRD-JMC0H83Y8552,CLI-VJN2HMSX16C4,Transfer,,2609581.3,ARS,7455.95,POS,,,,Argentina,Rosario,Approved,00,False,,,
TRX-BSB6UKQNQY2FGES96XGV,2026-05-27 08:58:42,2026-05-27,PRD-36CCPG4BLV4E,CLI-Q55Y0Q5ZCS4H,Withdrawal,,955261.9,COP,238.82,ATM,SUC-MU9A5O88,,,Colombia,Cali,Approved,00,False,11.45,,
TRX-MP7J0GP724ITFP8NEW9M,2026-05-28 05:47:58,2026-05-27,PRD-M2D5QYZ6CY20,CLI-QWDBPH96MKAZ,Deposit,,884348.1,ARS,2526.71,App,,,,Argentina,Córdoba,Approved,00,False,,,
TRX-8YNSQJ9BPAS8FBRD06TI,2026-05-27 14:02:00,2026-05-27,PRD-M2Y1EWS27FCR,CLI-DSJW8USVGMDF,Payment,,819.34,USD,,ATM,,,,México,Querétaro,Approved,00,False,29.0,,
TRX-S742XCUUSDCHKIKVPZM5,2026-05-28 00:39:18,2026-05-27,PRD-A34VAB4GX6P3,CLI-IFXNOM3ABZNM,Purchase,Entertainment,161252.5,ARS,460.72,App,,Streaming Music,Entertainment,Argentina,Córdoba,Approved,00,False,8.31,,
TRX-F72QVQ35AR5T5SP951YA,2026-05-27 06:27:45,2026-05-27,PRD-UHZ1O94M9A6F,CLI-KF4CALRX4O96,Payment,Services,29195.87,ARS,83.42,POS,,,,Argentina,Rosario,Approved,00,False,,-33.7109107,-58.8221423
TRX-5R2QW4HWG591P2VNTUGI,2026-05-27 09:56:57,2026-05-27,PRD-ZVRGJBFDW2RS,CLI-LMQ4PYGSZOPP,Payment,Services,1570.9,USD,,POS,,,,México,Monterrey,Approved,00,False,17.82,,
TRX-ZLV5LUIYONH79C5DZ7SE,2026-05-27 18:21:41,2026-05-27,PRD-C2IYRRXNOZKC,CLI-ECTO54LCW7UW,Withdrawal,,69.07,USD,,POS,,,,México,Tijuana,Approved,00,False,8.9,0.8338022,-0.4797201
TRX-V1PFC2OHWXXOTN60MQUU,2026-05-27 23:01:29,2026-05-27,PRD-5G9L07D0M25G,CLI-59ZWS7FB5H1F,Deposit,,4588.35,USD,,POS,,,,Colombia,,Approved,00,False,26.5,-0.8639629,-0.745727
TRX-NKMMI5FD07QR5ZW6MMA2,2026-05-27 17:30:30,2026-05-27,PRD-DRSRXFVBJ8GM,CLI-8F9Q0DTG0U80,Payment,Services,486714.5,ARS,1390.61,POS,,,,USA,New York,Approved,00,False,3.22,,
TRX-KV52XYEH3B0AIZ47LFFB,2026-05-27 20:29:14,2026-05-27,PRD-RFHF1MQV3W2V,CLI-WRBY7HYP6PH4,Purchase,Food,359.04,USD,,App,,Tienda Don José,Food,México,Guadalajara,Approved,00,False,23.34,,
TRX-T1Q5QMOLENY6DVB2LA5G,2026-05-28 03:26:45,2026-05-27,PRD-AWF9CL6XND2D,CLI-OZ8TH76SGC1E,Payment,Services,1515.12,USD,,ATM,SUC-1TATGCL8,,,México,Tijuana,Approved,00,False,26.24,,
TRX-3QSH3SC7O4MG0Z7AQSP9,2026-05-27 19:25:32,2026-05-27,PRD-HUKTD9H1938R,CLI-6B8ALAL6GIJD,Transfer,,26997772.41,COP,6749.44,Web,,,,Colombia,Bogotá,Approved,00,False,,,
TRX-EC6M8GX6EIIAMECHNVRF,2026-05-27 17:43:24,2026-05-27,PRD-C38JOELHF2SW,CLI-FOG5LUNQARKV,Deposit,,3570953.75,COP,892.74,POS,,,,Colombia,Bogotá,Approved,00,False,,4.9939089,-74.7755666
TRX-Z7I396EG1VJ9FWEBICZN,2026-05-28 02:15:16,2026-05-27,PRD-RMXSIT5XTTQ4,CLI-CW5RZ34QK36C,Withdrawal,,60.95,USD,,Web,,,,México,,Approved,00,False,9.02,,
TRX-ZZ55CXA85MBQQUES7Y3G,2026-05-28 03:21:18,2026-05-27,PRD-JGNXYSGOP47F,CLI-GKW60VZVI5JT,Transfer,,6709.71,USD,,App,,,,México,Querétaro,Approved,00,False,9.01,,
TRX-UAN9K868QYEE20AL1FRX,2026-05-27 12:01:38,2026-05-27,PRD-06498B0VU7SV,CLI-QU10J1WNWFCP,Transfer,,23837847.84,COP,5959.46,App,,,,Colombia,Barranquilla,Approved,00,False,21.47,,
TRX-4OQ7PZ3VCSXZ4GNSP0AZ,2026-05-27 14:58:43,2026-05-27,PRD-UFTIY6UGK7FD,CLI-1421SX084FRM,Payment,Entertainment,1970599.85,COP,492.65,POS,,,,Colombia,,Approved,00,False,19.02,,
TRX-NVSIXEWJ4999LXYK1DXT,2026-05-27 16:04:41,2026-05-27,PRD-MJ6NNM1FWXPT,CLI-DFOH4GKXNH9J,Payment,Health,57437.62,ARS,164.11,POS,,,,Argentina,,Approved,00,False,7.58,-34.2986746,-58.4201965
TRX-RDB6NP4UFSNNQ1U7JEY2,2026-05-27 17:13:31,2026-05-27,PRD-H63L7A7493FR,CLI-1G62CXY0FVX6,Payment,Health,1666.65,USD,,ATM,SUC-RZNFZDVW,,,México,Guadalajara,Approved,00,False,7.4,-0.4980173,0.8803112
TRX-M5AN5ULEWMUCJGDG62OK,2026-05-27 08:30:17,2026-05-27,PRD-0TXMNGWFMTVQ,CLI-TQ4AWX5XR2C4,Purchase,Health,27962.19,COP,6.99,Web,,Óptica Visión,Health,Colombia,Cartagena,Approved,00,False,26.76,,
TRX-8BPBFQGHIIU5CQS8HIZP,2026-05-28 02:59:23,2026-05-27,PRD-NR3ANAV7EM1B,CLI-BB18C2R45AI9,Deposit,,14227356.04,COP,3556.84,POS,,,,Colombia,Barranquilla,Approved,00,False,24.65,5.1126403,-75.046481
TRX-WNKPKNCQ88R4UVBND315,2026-05-27 23:33:04,2026-05-27,PRD-VE0QVH1QB759,CLI-4AEIHPXM8RUV,Purchase,Food,417.7,USD,,POS,,Super Ahorro,Food,USA,Los Angeles,Approved,00,False,,,
TRX-Y1E8T611LM0D7VWLTZFG,2026-05-28 02:37:33,2026-05-27,PRD-YV7WL80N3GAH,CLI-S5WCWCVE5PC9,Deposit,,2972.49,USD,,App,,,,México,Monterrey,Approved,,False,6.87,,
TRX-0NLMJ977F1I4QIU55001,2026-05-28 03:53:37,2026-05-27,PRD-1NI26FP3EMWO,CLI-KQPRVWSVNQTP,Transfer,,4220.67,USD,,POS,,,,México,Guadalajara,Approved,00,False,18.92,,
TRX-YGZ1KRPE5AXDUER2UCVL,2026-05-28 04:21:09,2026-05-27,PRD-Z5J3N993H0VG,CLI-53GFYX7JPE4P,Withdrawal,,239.68,USD,,App,,,,México,Querétaro,Approved,00,False,10.32,,
TRX-D5B1H80CBMNRAX8BJ5T9,2026-05-28 02:12:51,2026-05-27,PRD-G9WNX0V4FKK4,CLI-8Y1OLX4UFDPN,Withdrawal,,128073.0,ARS,365.92,POS,,,,Argentina,La Plata,Declined,05,False,9.57,,
TRX-FDPOY6LDPH6QHNZV8Y1K,2026-05-28 00:31:35,2026-05-27,PRD-61OP2IL8O6N6,CLI-8DC9NDP3766G,Purchase,Other,105.78,USD,,ATM,SUC-YZKP5AYK,Ferretería,Other,México,Querétaro,Approved,00,False,,,
TRX-XDBK0KCWV5YFH8T6T7GY,2026-05-27 17:24:16,2026-05-27,PRD-C6DW73HCY4IT,CLI-BN8J3E9NDSE9,Withdrawal,,1443715.2,COP,360.93,Web,,,,Colombia,Bogotá,Approved,00,False,3.14,,
TRX-CMPA44C82NF1MHESICGV,2026-05-27 11:47:18,2026-05-27,PRD-816SPW1JVP65,CLI-IOAA1RP86CT6,Purchase,Other,382.16,USD,,ATM,SUC-P3KNB4PY,Centro Comercial,Other,México,,Approved,00,False,17.06,,
TRX-N0IDVOMG9W62UOWS6TA4,2026-05-27 19:26:49,2026-05-27,PRD-2EENJCJ3U420,CLI-4JGZUPVD1X6M,Adjustment,,314.92,USD,,POS,,,,México,Monterrey,Approved,00,False,11.37,,
TRX-SB0TQJGYB4HSLRSIHKGI,2026-05-28 01:34:33,2026-05-27,PRD-T98AS94TMH8P,CLI-RE63W27AQWKM,Withdrawal,,432.32,USD,,Web,,,,México,Ciudad de México,Approved,00,False,22.92,,
TRX-5FDN75U4VLTOT10P9LZ5,2026-05-27 10:51:15,2026-05-27,PRD-H2CSL7HPT11P,CLI-ZC43CIZ4TLSY,Transfer,,1674.55,USD,,POS,,,,México,Tijuana,Approved,00,False,12.93,-0.9759419,0.7843746
TRX-0DI6VSKVOTRLXILFC3ST,2026-05-27 22:40:19,2026-05-27,PRD-6CV7W4MMLPJR,CLI-MFVLXKJ1I2WR,Withdrawal,,137.48,USD,,POS,,,,Colombia,Bogotá,Approved,,False,7.43,,
TRX-GR4JQA08YOIC2P07A6LL,2026-05-27 16:36:47,2026-05-27,PRD-5HJNA4RBDOBE,CLI-EH4596ZMK1NQ,Withdrawal,,71.8,USD,,Web,,,,México,Puebla,Approved,00,False,24.94,,
TRX-0I2FWTPFSFCGI26T7W7Z,2026-05-27 19:34:13,2026-05-27,PRD-BZZKKYWJT9R0,CLI-9V3W4XZPDDPY,Transfer,,5326.94,USD,,ATM,SUC-F1BZEJXJ,,,México,Puebla,Approved,00,False,18.24,,
TRX-R98WFKUA78APMVM79OR0,2026-05-27 17:49:15,2026-05-27,PRD-O635H433MCT2,CLI-I3RCUTUCXMHB,Purchase,Food,72808.79,ARS,208.03,POS,,,Food,Argentina,Mendoza,Declined,14,False,27.02,,-57.9525186
TRX-SAEUEDASROC5CXEOPSCQ,2026-05-27 06:40:14,2026-05-27,PRD-NPLAEKPOJA29,CLI-UH4J9MWC177C,Purchase,Services,1434418.37,COP,,App,,Empresa Telefónica,Services,Colombia,Cartagena,Approved,00,False,23.68,,
TRX-KISJH8UD2THAZO4445D3,2026-05-28 03:00:23,2026-05-27,PRD-FMGVMW2KUOH2,CLI-DGBUUWWJP57I,Payment,Other,500751.75,ARS,1430.72,Transfer,,,,Argentina,Córdoba,Approved,00,False,19.46,,
TRX-E9RJK4XWAJEWEX93WIZ6,2026-05-28 00:29:50,2026-05-27,PRD-UUXEGJSRBXW7,CLI-H5MESUE0G2HS,Withdrawal,,327.5,USD,,POS,,,,México,Ciudad de México,Approved,00,False,8.45,0.7113334,0.557701
TRX-VBJDNTYJHAB078ZBKQOJ,2026-05-27 09:59:57,2026-05-27,PRD-LZE60XW0QHZV,CLI-2ONTOBQ9U2Z2,Deposit,,721821.68,ARS,2062.35,Web,,,,Argentina,Mendoza,Approved,00,False,15.87,,
TRX-K8WNVQEU8604H8Z204KQ,2026-05-27 23:17:26,2026-05-27,PRD-8P21W3UWNL7H,CLI-05GOPOAKCTO2,Purchase,Food,770842.44,COP,192.71,App,,Tienda Don José,Food,Spain,Barcelona,Declined,54,False,15.1,,
TRX-ZM7LP17EL5J07VUDEKPQ,2026-05-28 05:58:23,2026-05-27,PRD-9NP1V73KG3FC,CLI-1KXMO8SZ6KM4,Purchase,Services,13.07,USD,,POS,,Empresa Telefónica,Services,Mexico,Puebla,Approved,00,False,11.12,-0.0671985,0.8775239
TRX-BYSI5WYAI8IN4T97XRG7,2026-05-27 08:09:12,2026-05-27,PRD-ML8UBSE1A0FT,CLI-S0L8O2RHGWP7,Purchase,Food,366.62,USD,,POS,,Mercado Central,Food,México,Monterrey,Pending,05,False,26.96,,
TRX-GEQ1TH63NQORLB6C0WIA,2026-05-27 22:55:06,2026-05-27,PRD-MTXF1F4FP7OB,CLI-AMKKWKVPS6C5,Deposit,,5043539.71,COP,1260.88,POS,,,,Colombia,Barranquilla,Approved,00,False,26.47,4.7206575,-73.3886174
TRX-PUNE01R1VBCSESKR5LEN,2026-05-27 08:48:38,2026-05-27,PRD-P82HL9ULGNH9,CLI-TB56IL7139H5,Payment,Other,1414.05,USD,,ATM,SUC-XT96PBC0,,,Spain,Sevilla,Approved,00,False,21.47,0.9842258,0.5325981
TRX-W4O1691M9WG5HDUW1THD,2026-05-27 16:14:34,2026-05-27,PRD-AQHH914PHKR3,CLI-BEHIHAQVR7DH,Withdrawal,,1138308.33,COP,284.58,ATM,SUC-2LW7L4Y3,,,Colombia,Barranquilla,Approved,00,False,,,-75.0720969
TRX-OEA1JZO8FZSRHBUPQYPU,2026-05-27 09:55:48,2026-05-27,PRD-MV5EBHWP0W74,CLI-9MAMGQJQ39WG,Payment,Transport,7158312.45,COP,1789.58,App,,,,Colombia,Barranquilla,Approved,00,False,,,
TRX-TIDC3DUHPCPQBZJ671OT,2026-05-27 10:23:35,2026-05-27,PRD-U4AK8O20DIK4,CLI-3HPRDKRVTA71,Transfer,,9949.91,USD,,App,,,,Brazil,Rio de Janeiro,Approved,00,False,18.78,,
TRX-NVHCV3V9PK40GGDFQ79P,2026-05-27 11:23:54,2026-05-27,PRD-ECPCCEZUYCSU,CLI-GE7TAPXRAAI0,Payment,Services,4073186.59,COP,1018.3,ATM,SUC-MU9A5O88,,,Colombia,Bogotá,Approved,00,False,,,
TRX-D5D8NG672MWTFEWK4Z38,2026-05-27 13:41:23,2026-05-27,PRD-TYKMEQWSO4CH,CLI-Y084041KITZ5,Withdrawal,,1402586.71,COP,350.65,Web,,,,Colombia,Cartagena,Approved,00,False,3.8,,
TRX-CLXZRIX4ACETX2JC807F,2026-05-27 11:23:00,2026-05-27,PRD-5LZN9FMAYOPF,CLI-O8DDV9XULII2,Purchase,Health,350.1,USD,,Web,,Óptica Visión,Health,Colombia,Cartagena,Approved,00,False,,,
TRX-2F3V98FCL2GMRA0YT60S,2026-05-27 09:40:47,2026-05-27,PRD-CE71EV84F8IT,CLI-ZMA6YQ6VUS98,Withdrawal,,141.28,USD,,POS,,,,Spain,Madrid,Approved,00,False,8.85,-0.9376043,-0.91113
TRX-K5PLGD673SUXIVQOX0FV,2026-05-27 11:05:08,2026-05-27,PRD-ZDM7OQUAUDGB,CLI-5T5ZW8SM6FWO,Transfer,,9670.1,USD,,POS,,,,México,Puebla,Approved,,False,9.25,,
TRX-1EU3BAXJHLZW30ATW27F,2026-05-27 22:08:15,2026-05-27,PRD-B23V8OI0GABL,CLI-GU839KTQRKR1,Withdrawal,,1284966.29,COP,,POS,,,,Colombia,Medellín,Approved,00,False,9.59,,
TRX-4N7D4TGRPI8DE1Q4F3XX,2026-05-27 06:58:32,2026-05-27,PRD-8D1O8APO1TA0,CLI-2A14I1U9USB8,Withdrawal,,484.68,USD,,POS,,,,Colombia,Barranquilla,Approved,00,False,7.68,5.5715619,-74.4986613
TRX-Y0UDOOT8A9ZT5U7K8PA1,2026-05-27 20:56:08,2026-05-27,PRD-KP7NXS358HAL,CLI-PPJU5OGXD0UA,Purchase,Food,232.61,USD,,ATM,SUC-JYU0POJ9,Tienda Don José,Food,México,Ciudad de México,Approved,00,False,11.91,-0.3392753,0.6144131
TRX-7SW4BORQGLBTZIT9ULAG,2026-05-27 21:13:39,2026-05-27,PRD-64WMV9SAB7YJ,CLI-X5CZMXL0X4Q3,Transfer,,30127714.69,COP,7531.93,Web,,,,Colombia,Cali,Approved,00,False,,,
TRX-V2NDQNSU2VM6DE8A07RR,2026-05-27 18:48:42,2026-05-27,PRD-NA5AHUSBUCE4,CLI-IOFHTCPONNWL,Transfer,,9436.75,USD,,Branch,SUC-UHIX6KQ4,,,México,Ciudad de México,Declined,51,False,20.46,,
TRX-G693JLJBSRDUHCJWRX1B,2026-05-27 08:06:44,2026-05-27,PRD-QZPFK7NNKDXG,CLI-RGWIY40PZ20J,Purchase,,96.81,USD,,POS,,Restaurante El Buen Sabor,Food,México,Monterrey,Approved,00,False,7.59,,
TRX-XMH36QM9AXJC6PNCH9FI,2026-05-27 18:07:55,2026-05-27,PRD-GYRHH1RO8U0S,CLI-4DJ4L052ZCYC,Deposit,,3409.5,USD,,App,,,,México,Ciudad de México,Approved,,False,26.75,,
TRX-BRV92SPPITHR3G5VBLNT,2026-05-27 09:07:28,2026-05-27,PRD-7X0UZQ7V2NXT,CLI-JWEDQ0IEYLYG,Transfer,,1360.28,USD,,App,,,,México,Guadalajara,Approved,00,False,,,
TRX-KF7WAPHSQHZ8X31LGBIC,2026-05-27 13:19:18,2026-05-27,PRD-UCT0JRP4G8AC,CLI-KMNNG5PEUTP5,Payment,Other,178.39,USD,,Web,,,,México,Tijuana,Approved,00,False,,,
TRX-QTE30IQLQPA9YD32KU8N,2026-05-27 17:57:20,2026-05-27,PRD-SCJBBEHKNMG9,CLI-0U2VJNWYSFUU,Payment,Other,915.3,USD,,POS,,,,México,Guadalajara,Approved,00,False,23.1,,
TRX-9AN1C845SUFCLDI8Y8VS,2026-05-27 15:31:47,2026-05-27,PRD-BK1XYA14MYEZ,CLI-VKFMJN7U31ZY,Withdrawal,,173.13,USD,,ATM,SUC-V3V4T7QO,,,México,Tijuana,Approved,00,False,5.66,,
TRX-WF4HSOYNMRPJ1X3B5ATZ,2026-05-28 03:03:23,2026-05-27,PRD-VZHGZWT3STFL,CLI-QRRQ6W022RG2,Payment,Transport,591.19,USD,,ATM,SUC-ZXOSBE5D,,,México,Monterrey,Approved,00,False,12.78,0.6275084,0.3134218
TRX-G3JHQZRG2I9X3B5LLU0U,2026-05-27 22:32:40,2026-05-27,PRD-6XVFRKURASMI,CLI-6NYBT29PX7AZ,Transfer,,2056.75,USD,,POS,,,,Argentina,Córdoba,Approved,00,False,14.72,,
TRX-DICKQ9ZLTV00I3GRZ053,2026-05-27 23:25:37,2026-05-27,PRD-EYX108TBVLTV,CLI-IOFHTCPONNWL,Withdrawal,,400.16,USD,,ATM,SUC-JYU0POJ9,,,México,Ciudad de México,Approved,00,False,25.03,,
TRX-ZM8RZ7308F6UGLM90757,2026-05-28 00:42:02,2026-05-27,PRD-26S9GSOATYIS,CLI-0JEA5PJEVX6M,Purchase,Food,165.82,USD,,ATM,SUC-YZRQJS5X,Tienda Don José,Food,México,Guadalajara,Approved,00,False,16.57,,
TRX-27RH6456O954V0RWPY4W,2026-05-28 02:44:40,2026-05-27,PRD-C527DRKC2MK5,CLI-OSWLSOOQFE57,Purchase,Services,57528.35,ARS,164.37,Web,,Internet Plus,Services,Argentina,Mendoza,Approved,00,False,,,
TRX-OJHUT5IK8MRFT6PGD7HB,2026-05-27 11:09:22,2026-05-27,PRD-06RVLN6WPGDC,CLI-I4YRZQSVF4CN,Purchase,Entertainment,271.69,USD,,Web,,Conciertos Live,Entertainment,México,Puebla,Approved,00,False,,,
TRX-5JHXW58WO7VVLZCH8ZSZ,2026-05-27 09:55:49,2026-05-27,PRD-MVLA3QNRZW9P,CLI-1QUA9YIG8S5D,Withdrawal,,65.11,USD,,Branch,SUC-GOTE3INU,,,México,Tijuana,Approved,00,False,,,
TRX-I6BIJ2JOQUM83TW6MR2V,2026-05-27 19:30:12,2026-05-27,PRD-65LZUV2P1TAO,CLI-1HWLP6BNSAIP,Transfer,,519.93,USD,,Web,,,,México,Monterrey,Approved,00,False,29.68,,
TRX-YLH0NF3EWTG0CK1B6XUZ,2026-05-28 03:30:20,2026-05-27,PRD-HTEEH4J8U5GO,CLI-76M7Z4C2FZC4,Transfer,,2959471.84,ARS,8455.63,POS,,,,Argentina,Córdoba,Approved,00,False,,,
TRX-DUZ3BIOLHDU865QCWQSI,2026-05-27 21:21:42,2026-05-27,PRD-OWORANBEN699,CLI-AYPFZILK6Q0I,Withdrawal,,300.5,USD,,POS,,,,México,Ciudad de México,Approved,00,False,16.49,,
TRX-U3JJ3XRRDXHXS8HEPOSW,2026-05-27 20:00:37,2026-05-27,PRD-6YJW0WO1O84P,CLI-R80CAIN8M8E0,Transfer,,6774.78,USD,,POS,,,,México,,Approved,00,False,12.72,,
TRX-VGEPKBINIB2JMVCJ2HZK,2026-05-27 13:55:13,2026-05-27,PRD-IG0JW35N87GF,CLI-TY0YR704NX2C,Purchase,Entertainment,187.7,USD,,App,,Teatro Nacional,Entertainment,México,Querétaro,Approved,00,False,27.95,,
TRX-HIDOSTO7YAMZK9LU8M0W,2026-05-27 16:57:14,2026-05-27,PRD-GIAXUVVEU5SS,CLI-SX2BHQYPTQMP,Purchase,Food,62524.65,COP,15.63,POS,,Restaurante El Buen Sabor,Food,Colombia,Medellín,Approved,00,False,29.56,,
TRX-4QC32SCQAYQBJESLQYF3,2026-05-28 02:39:15,2026-05-27,PRD-8MY6VDW4LGME,CLI-FR1MV4DFZVTX,Transfer,,1314933.24,COP,328.73,POS,,,,Mexico,,Approved,00,False,11.95,,
TRX-XE7M54WBGZ3HT5PQIAZO,2026-05-28 03:06:09,2026-05-27,PRD-5CEAHL6P3F2N,CLI-PSSJ5J42ED48,Purchase,Entertainment,39608.55,ARS,113.17,Web,,Conciertos Live,Entertainment,Argentina,La Plata,Approved,00,False,27.67,,
TRX-DY529DBIX03VBI8FQHNM,2026-05-27 15:24:09,2026-05-27,PRD-RBYDZBPEDJUT,CLI-46JMKDWLAJFU,Withdrawal,,353.91,USD,,POS,,,,México,Tijuana,Approved,00,False,0.16,,
TRX-HDNRVKBQ9XKVTMH5303K,2026-05-27 19:04:11,2026-05-27,PRD-KYFCDWNC0IDI,CLI-GUI47I5JJ2P3,Purchase,Food,56520.14,ARS,161.49,POS,,Mercado Central,Food,Argentina,Córdoba,Approved,00,False,4.42,,
TRX-FE85FZJOQVBN782FJQ04,2026-05-27 17:26:16,2026-05-27,PRD-19ZZCGXZAVYW,CLI-RBRNS122QD01,Withdrawal,,615793.64,COP,153.95,POS,,,,Colombia,Medellín,Approved,00,False,24.23,,
TRX-XDC5C2HX9MEZC760L6PI,2026-05-27 23:58:27,2026-05-27,PRD-WLUNTQ4EQPIE,CLI-OBS7TFVMZV0N,Deposit,,15498670.98,COP,3874.67,ATM,SUC-X3OFCBL0,,,Colombia,Barranquilla,Approved,00,False,16.66,5.4720501,-74.4244379
TRX-3PE4OHYH0CYJCQDWMXWL,2026-05-27 16:41:15,2026-05-27,PRD-98EM9RTMNPXE,CLI-DZ2PK6T47IIK,Adjustment,,908.17,USD,,POS,,,,México,Ciudad de México,Declined,05,False,22.87,,
TRX-28W86QSW1T7HSIQLWDIR,2026-05-27 08:15:43,2026-05-27,PRD-86YLD506ZURK,CLI-EP08XZ62WRJ1,Withdrawal,,102722.57,COP,25.68,ATM,SUC-2NNWC3AV,,,Colombia,Barranquilla,Approved,00,False,24.8,,
TRX-ZPHDI0R7EQMJGDXF9MX3,2026-05-28 04:54:41,2026-05-27,PRD-C9EO847TOETA,CLI-M16RYRFPDBKS,Purchase,Food,64067.42,ARS,183.05,Web,,Restaurante El Buen Sabor,Food,Argentina,Mendoza,Approved,00,False,4.55,,
TRX-OWHXTBL2I4I5803NTR9G,2026-05-27 14:06:06,2026-05-27,PRD-1EQUX0LS4I0F,CLI-X68EEY6IOI9T,Purchase,Entertainment,36.7,USD,,POS,,Cine Premium,,México,Querétaro,Approved,00,False,11.41,,
TRX-60GU4BJ045DQI6XXX9EH,2026-05-28 05:34:44,2026-05-27,PRD-C5VVNYJVU0DV,CLI-B81FSAUSJ6IG,Withdrawal,,272.47,USD,,POS,,,,México,Tijuana,Declined,54,False,,-0.0797028,0.9049455
TRX-BQ73C50CS02UO4B4IXQM,2026-05-27 20:00:57,2026-05-27,PRD-0TSPBHFIQJSA,CLI-9Z9G0SO517YZ,Payment,Other,4572452.08,COP,1143.11,Web,,,,Colombia,Barranquilla,Approved,00,False,8.12,,
TRX-3ER599162A8NAX1IK34M,2026-05-27 19:56:39,2026-05-27,PRD-ABY16RP6UJKJ,CLI-ZGO38SMXB8IK,Payment,Entertainment,3901066.54,COP,975.27,POS,,,,Colombia,Bogotá,Declined,54,False,18.95,,
TRX-RZKFXHAVUMOWUPFJOJC3,2026-05-27 23:21:58,2026-05-27,PRD-3JVWDA7LCMV2,CLI-L1VYUXGZS9BF,Adjustment,,191.48,USD,,App,,,,México,Monterrey,Approved,00,False,13.78,,
TRX-2ZN7JQG8ET8A8PG01HKD,2026-05-27 10:32:46,2026-05-27,PRD-UVY6OPW1586U,CLI-JLBPWDPAT72P,Withdrawal,,148.94,USD,,App,,,,México,Puebla,Approved,00,False,28.23,,
TRX-KNFGDFYUAPKT3FSZMX5S,2026-05-27 21:34:56,2026-05-27,PRD-U4GHJJ7V3VN6,CLI-P5FW01UBKFUX,Deposit,,260.2,USD,,ATM,SUC-RDJC9IH3,,,México,,Approved,00,False,16.14,,
TRX-67VGNJLKBE9A7LA1ZR3O,2026-05-27 19:28:51,2026-05-27,PRD-RICBW7S2HP7G,CLI-J4VLYHTDVZZ2,Purchase,Food,338.84,USD,,Web,,Mercado Central,Food,México,Guadalajara,Approved,00,False,2.88,,
TRX-4W51EH54LYUMK489T6MN,2026-05-27 13:48:59,2026-05-27,PRD-18KXXLR8WD0A,CLI-H9WAENDDGIZT,Deposit,,618027.25,ARS,1765.79,POS,,,,Argentina,Mendoza,Approved,00,False,,-35.306149,
TRX-2C2M7F5R01ZV5M4PB6HM,2026-05-28 04:45:06,2026-05-27,PRD-UN42YIEK6ANM,CLI-CC1MGFGG8LNL,Payment,Entertainment,98.35,USD,,POS,,,,México,Tijuana,Approved,00,False,18.51,,
TRX-PHWLG5R3T93NWSSG6CVQ,2026-05-28 02:57:40,2026-05-27,PRD-DH0VIEWMQN4Y,CLI-ZTU5XEIEQZIP,Purchase,Services,721531.82,COP,180.38,ATM,SUC-HAC1OZ8F,Cable TV,Services,Colombia,,Approved,00,False,1.36,4.3998283,-73.3748555
TRX-688Q6X354A1C7Y9185WY,2026-05-27 09:27:32,2026-05-27,PRD-W2N9JQB456OU,CLI-DSQOJ3UWRZJO,Purchase,Transport,445.19,USD,,POS,,,Transport,México,Puebla,Approved,00,True,,,
TRX-DG3HUGUDVS0RHTMX82AR,2026-05-27 06:00:12,2026-05-27,PRD-6LVOLCXBRE93,CLI-1DCIE56YUZQ5,Transfer,,5050.82,USD,,POS,,,,México,Monterrey,Approved,00,False,10.42,0.6871135,-0.17155
TRX-1EP9KEC9WDPPGPD0RUG4,2026-05-27 11:17:03,2026-05-27,PRD-A1J0M5SXLPE5,CLI-2HAXIEE8J1JE,Payment,,6816813.45,COP,1704.2,POS,,,,Colombia,Cali,Approved,00,False,8.08,3.9128279,-74.0913699
TRX-60BG2YSZU5BQWQM4YDXO,2026-05-28 01:19:24,2026-05-27,PRD-V8H17PB5BOSQ,CLI-ZYT3IHI6N1A5,Payment,Services,7407149.82,COP,1851.79,ATM,SUC-OGCB7RT2,,,Colombia,Medellín,Approved,00,False,26.89,,
TRX-PC0O8RA04ZLF3GS6FSC8,2026-05-27 09:00:45,2026-05-27,PRD-BYBIOMD59GAV,CLI-0DA21YXWAF2Q,Transfer,,1255496.84,ARS,3587.13,ATM,SUC-GKQAVGPP,,,Argentina,Mendoza,Approved,00,False,16.59,-33.6090068,-58.0145412
TRX-JZGMK3VUC13HLDTFW7ZG,2026-05-27 14:30:52,2026-05-27,PRD-FBVVNNT3CIX5,CLI-F303A2A26SPR,Withdrawal,,479.07,USD,,ATM,SUC-1C51KLB3,,,Colombia,Medellín,Approved,00,False,24.61,,
TRX-17KT0S0ODBO5S5BVD9ON,2026-05-28 00:49:51,2026-05-27,PRD-9FGOVVTT4XEM,CLI-292QBLVO8Q72,Payment,Health,1492.74,USD,,ATM,SUC-SX32177B,,,Argentina,Mendoza,Approved,00,False,26.55,,
TRX-CRRUIV6TGS8IMBX352AD,2026-05-27 12:43:27,2026-05-27,PRD-FY1IXC8LIAY1,CLI-SPYDJUFGJ7B9,Transfer,,2819.42,USD,,ATM,SUC-F61XHTE2,,,México,Ciudad de México,Approved,00,False,22.31,,
TRX-7ET3VYS1HM5XX82LZIUY,2026-05-27 21:15:59,2026-05-27,PRD-ZJIWNOGZ774Q,CLI-NCEM9ZAK3HMJ,Withdrawal,,212.39,USD,,POS,,,,México,Ciudad de México,Approved,00,False,29.49,,
TRX-58HMMYJHIIHF5GD4ILZB,2026-05-27 10:50:10,2026-05-27,PRD-YZKM8P9XP5LH,CLI-F04QPMLU98SR,Purchase,Other,156036.24,ARS,445.82,Web,,Tienda General,Other,Argentina,Mendoza,Approved,00,False,,,
TRX-6BHGOFC0QXPNEWD41ZUG,2026-05-27 07:13:40,2026-05-27,PRD-5LUQTUVZMA4W,CLI-D9890A4LQSC8,Deposit,,11856313.83,COP,2964.08,POS,,,,Colombia,Bogotá,Approved,00,False,,,
TRX-6OT78WEOLYTLJHDDKIPY,2026-05-28 04:49:11,2026-05-27,PRD-XJ50QCVOHRU8,CLI-8SRTYFF8OZ7U,Transfer,,715837.91,ARS,2045.25,ATM,SUC-39R34AY6,,,Argentina,La Plata,Approved,00,False,12.61,,
TRX-6UXIFDE398NBYYLUTN3T,2026-05-27 12:17:20,2026-05-27,PRD-9YOBHFHFJA9P,CLI-IXVWEGUUAFUK,Purchase,Services,405.51,USD,,ATM,SUC-UB0LXRUU,Empresa Telefónica,Services,México,Querétaro,Approved,00,False,,,
TRX-0UG099CZO6NJP30EXPWC,2026-05-27 16:31:07,2026-05-27,PRD-WUTIJLI2022C,CLI-8VG74RNFVL1V,Withdrawal,,147.17,USD,,Branch,SUC-A9BJ48OP,,,México,Puebla,Approved,00,False,16.47,-0.7115492,0.8067994
TRX-1MNV2MZUMRPI2Q5SOW3B,2026-05-27 06:52:29,2026-05-27,PRD-UEPYO80JQ48X,CLI-KXW1YTK9QZ0I,Purchase,Transport,1557770.68,COP,389.44,Web,,Gasolinera Express,Transport,Colombia,Medellín,Approved,00,False,29.19,,
TRX-EEUQOF32LQUH2CRB2WEC,2026-05-27 20:34:21,2026-05-27,PRD-7VIS0PXZHAS0,CLI-K6M1IEMUCS7Q,Withdrawal,,203.9,USD,,ATM,SUC-JZCA1ZND,,,Colombia,Medellín,Approved,00,False,,3.7802591,-75.0331254
TRX-O234RO4A70RLF6TVZ0I5,2026-05-27 12:19:36,2026-05-27,PRD-PUV1Q0QUB5GI,CLI-QQVK0H3JVOKN,Withdrawal,,1980608.53,COP,495.15,ATM,SUC-22RCTEVV,,,Colombia,Barranquilla,Approved,,False,6.89,,
TRX-5H67P7QM8S2ZHBLWGFWS,2026-05-27 18:54:58,2026-05-27,PRD-HG5ACRLKJFPN,CLI-VLAY9AVFIG7E,Withdrawal,,337.68,USD,,POS,,,,México,Querétaro,Approved,00,False,24.18,-0.3947484,-0.136895
TRX-XTTRPFNKYNPC2VL1PCB2,2026-05-27 23:45:22,2026-05-27,PRD-U4Q11M60OY75,CLI-8PV7VYNOIGEH,Payment,,1278.28,USD,,POS,,,,Argentina,Córdoba,Approved,00,False,11.37,,
TRX-J0GDHKZ6DP0UIWMWDU9K,2026-05-28 05:41:08,2026-05-27,PRD-TLQGVTNBK610,CLI-AA6DPZ3XWAXZ,Purchase,Transport,312.44,USD,,Web,,Gasolinera Express,Transport,Mexico,Monterrey,Declined,,False,29.09,,
TRX-0RKGMFQ704F7AQLZ5I99,2026-05-27 18:19:05,2026-05-27,PRD-SCKD2G78FPKD,CLI-2VK76133AXW6,Deposit,,4805.99,USD,,App,,,,México,Querétaro,Approved,00,False,7.26,,
TRX-P2BT70NAKNPUW9E8KDM4,2026-05-27 22:55:14,2026-05-27,PRD-JT55TSFH8U89,CLI-IK5ZDR41U2SF,Transfer,,21588449.35,COP,5397.11,ATM,SUC-84HXKY7Q,,,Colombia,Medellín,Approved,00,False,27.58,5.1528137,-73.5851332
TRX-20YSY1LUZV8MJGPGY2SO,2026-05-27 20:32:04,2026-05-27,PRD-DJB9G31EE040,CLI-MOM9CJFJR7QX,Payment,Transport,1667.81,USD,,POS,,,,México,Querétaro,Approved,00,False,14.35,,
TRX-UDUS0HDWWXKUQPDLV2SH,2026-05-28 04:40:21,2026-05-27,PRD-P2Q3TC7N551J,CLI-5C4TQSLQS1RF,Transfer,,38125076.09,COP,9531.27,POS,,,,Colombia,Cali,Approved,00,False,5.21,3.7188403,-74.8030652
TRX-QAYB4MSPBFN1PXRJ3W4D,2026-05-27 19:22:16,2026-05-27,PRD-70H5RA6A4WU7,CLI-BZK4KGUEXTJ3,Purchase,Services,4285.37,ARS,12.24,Web,,Empresa Telefónica,Services,Argentina,Córdoba,Approved,00,False,8.99,,
TRX-IX6PB6DR11GXIVNQROFV,2026-05-28 00:10:04,2026-05-27,PRD-LENCJ9W086UV,CLI-WHY1TKGBNF34,Withdrawal,,98838.46,ARS,282.4,Web,,,,Argentina,Buenos Aires,Approved,,False,25.29,,
TRX-0EA0TI2Q8LXJGNNOHN1Q,2026-05-27 11:03:04,2026-05-27,PRD-MF42NPXEHO8W,CLI-P8MHRK798LZ0,Deposit,,2975.1,USD,,App,,,,México,Ciudad de México,Approved,,False,27.27,,
TRX-42ZHXKNRMR9507981E04,2026-05-28 01:32:31,2026-05-27,PRD-78JPGV5QQD1Y,CLI-PMVIQKB8RJ4I,Transfer,,31108325.2,COP,7777.08,ATM,SUC-UJA1ZE8Q,,,Colombia,,Approved,00,False,28.6,,
TRX-T4XV5R990D7CT07QC4YS,2026-05-28 02:15:04,2026-05-27,PRD-POP3NVDVR7EK,CLI-AIZGITUL7M5S,Transfer,,3226.59,USD,,POS,,,,México,Monterrey,Approved,00,False,27.71,-0.2194079,-0.8493543
TRX-7E5JPX540M18NXNAGNM2,2026-05-28 02:25:47,2026-05-27,PRD-0NFF10Z8P4AX,CLI-VPSWLTI8WJDT,Withdrawal,,196.28,USD,,POS,,,,México,Monterrey,Approved,00,False,27.73,-0.1517618,0.5028104
TRX-UIUZX109INCJ09ARU5SV,2026-05-27 13:32:47,2026-05-27,PRD-H9K1K0JGDBZ8,CLI-Q0XWZFQIPL0V,Payment,Other,793.52,USD,,ATM,SUC-QTWR8S76,,,México,Ciudad de México,Approved,00,False,20.7,,
TRX-0F2PLYFYE6GO8MGWNOJB,2026-05-28 03:06:41,2026-05-27,PRD-3GTB62FYTMAW,CLI-3ZT85BMAA0IV,Payment,Food,591359.02,ARS,1689.6,App,,,,Argentina,La Plata,Approved,00,False,,,
TRX-UHULNXMPLB6LHF7LJ0OE,2026-05-27 13:10:37,2026-05-27,PRD-UF3O230ZI2JV,CLI-78TVR4XFMK9V,Withdrawal,,352.77,USD,,Branch,SUC-552N76DP,,,México,Ciudad de México,Approved,00,False,1.65,-0.8714917,-0.5035755
TRX-CAL5C3NPS8ULQGJ6N3WJ,2026-05-27 12:03:09,2026-05-27,PRD-VGLJYAOA3VHJ,CLI-9AQC3QNFGPI7,Payment,Health,1157560.18,COP,289.39,ATM,SUC-DG6C9C1K,,,Colombia,Cartagena,Approved,00,False,26.16,,
TRX-TAV3YYS3EDE2DVS5FSXW,2026-05-27 22:21:12,2026-05-27,PRD-34MYOINC1W9C,CLI-J2VI7W3UO5EG,Withdrawal,,343.16,USD,,Branch,SUC-571XLYQB,,,Argentina,Buenos Aires,Approved,00,False,5.86,,
TRX-Y20D1U3EK44WBOFYL2Q2,2026-05-28 02:47:54,2026-05-27,PRD-ULAC44PV8W34,CLI-VB0TDZ0MSKEG,Deposit,,352.65,USD,,POS,,,,México,Monterrey,Approved,00,False,29.24,-0.1029504,0.6474553
TRX-90NQ38S3AR3YON046R6Z,2026-05-28 05:10:55,2026-05-27,PRD-OQKPPSIZ1JGZ,CLI-3Y8G4Y2YGPZI,Adjustment,,106160.54,COP,26.54,ATM,SUC-84HXKY7Q,,,Colombia,Bogotá,Declined,54,False,29.82,,
TRX-IYRA9PVZ5BNGIHV2QC9V,2026-05-27 13:20:07,2026-05-27,PRD-QF8K1SSR6MS5,CLI-N2PYN3J3EV6G,Payment,Services,1270.42,USD,,POS,,,,México,,Approved,00,False,2.94,,
TRX-UP9Z9FV4BI3RYOZYQV32,2026-05-28 03:16:35,2026-05-27,PRD-9ZR703IECICB,CLI-M5Z62PDXVZ78,Transfer,,17385121.55,COP,4346.28,POS,,,,Colombia,Barranquilla,Approved,00,False,17.05,,
TRX-WWY6QN71AK83R3OONXEU,2026-05-28 04:28:56,2026-05-27,PRD-AB2BJZU8XTCR,CLI-U41LQ8YXY7IK,Transfer,,2681228.43,ARS,7660.65,Web,,,,Argentina,Mendoza,Approved,00,False,9.89,,
TRX-FGSZBNU2SSC6A8OJ3FK7,2026-05-27 13:05:33,2026-05-27,PRD-5GJAQ6HIRYQ4,CLI-IJ1FCZ1RMVVB,Purchase,Transport,127.79,USD,,POS,,Uber,Transport,México,Monterrey,Approved,00,False,7.81,,
TRX-M39ACXOCLSTOXE0VVOJN,2026-05-27 08:21:53,2026-05-27,PRD-1I9V22QARWRA,CLI-T8RY4F0XQ7LX,Deposit,,968429.56,ARS,2766.94,App,,,,Argentina,Córdoba,Approved,00,False,12.72,,
TRX-PAGFZ0MO8O1M0EU5EK1A,2026-05-28 00:07:31,2026-05-27,PRD-KT2WWCSG49VV,CLI-TT8R6C31P2RG,Withdrawal,,346.06,USD,,App,,,,Argentina,Buenos Aires,Approved,00,False,,,
TRX-3Q6OL4TD20TN5GOQBGVA,2026-05-27 17:07:22,2026-05-27,PRD-WL5HNSB4DXUV,CLI-F0Y1EBR1RDXT,Purchase,Transport,461.0,USD,,POS,,Taxi Seguro,Transport,México,,Approved,00,False,18.04,,
TRX-REE2X4C1A9HMVPPZGU2D,2026-05-28 01:21:28,2026-05-27,PRD-JN508BU5VZ03,CLI-HOKAMBEM4AXP,Purchase,Entertainment,94.97,USD,,ATM,SUC-QVGF07AP,Teatro Nacional,Entertainment,México,Puebla,Approved,00,False,11.87,0.6738211,-0.5785817
TRX-A93SWYXHQVFX7SBALHH6,2026-05-27 20:30:17,2026-05-27,PRD-95F53Y9EKAIC,CLI-RGZC318V1S4R,Transfer,,3501.84,USD,,POS,,,,México,Puebla,Approved,00,False,11.93,,
TRX-ZLQDJ17GPEMM4JZU1MIV,2026-05-27 11:50:44,2026-05-27,PRD-UTZSVO707FIL,CLI-L4YUYFPLFIAR,Withdrawal,,1232409.11,COP,308.1,POS,,,,Colombia,Cali,Pending,05,False,20.85,,
TRX-N9OOOA2H29GQXJI3MQNK,2026-05-27 14:46:38,2026-05-27,PRD-PBW288BMTI6D,CLI-H0HDPEB6JN31,Purchase,Other,47.1,USD,,App,,Centro Comercial,Other,Colombia,Cali,Approved,00,False,,,
TRX-UYGMW2BFT9C5UP3WY1UR,2026-05-27 10:00:12,2026-05-27,PRD-62AZMJ2I3S7B,CLI-LZ9JJMFD0L0H,Withdrawal,,131.68,USD,,POS,,,,México,Ciudad de México,Reversed,51,False,17.27,,
TRX-RGLONL5YGHMQHH4NT236,2026-05-27 18:10:12,2026-05-27,PRD-94VBMPZMZ9O3,CLI-8Q2C1MR1B8AS,Transfer,,8043.24,USD,,POS,,,,México,Querétaro,Approved,00,False,,,
TRX-6R8GHNAMNKBJWXQU72DS,2026-05-27 07:41:09,2026-05-27,PRD-QH2JD89A9HUU,CLI-VDKPKY5NLGHA,Withdrawal,,1408711.96,COP,352.18,POS,,,,USA,,Approved,00,False,5.38,5.0883638,-74.5091965
TRX-L613YHMT6P7RBKUL6IF3,2026-05-27 22:41:38,2026-05-27,PRD-SYHHR9K849QW,CLI-52GPHEDS4NU2,Payment,Food,891.57,USD,,App,,,,México,Guadalajara,Approved,00,False,,,
TRX-DZN4X3PM9JFLCXJWZ7SK,2026-05-27 22:04:22,2026-05-27,PRD-M04R01TP2XI3,CLI-UPM9E45NUI3M,Payment,Other,722.02,USD,,Transfer,,,,México,Tijuana,Approved,00,False,14.41,,
TRX-GLS224MH2UR3AD3BLY3G,2026-05-27 22:45:45,2026-05-27,PRD-JK1AYX8ZD1S9,CLI-57WT3WAKMEDS,Purchase,Other,62067.62,ARS,177.34,POS,,Centro Comercial,Other,Argentina,Buenos Aires,Approved,00,False,8.73,-34.4533225,-58.4663243
TRX-MX2JNHRSGVC7B0MFE78H,2026-05-27 07:04:41,2026-05-27,PRD-E6ZEECBK5Q40,CLI-HGB816EMMAX3,Transfer,,24727733.03,COP,6181.93,Web,,,,Colombia,Medellín,Approved,00,False,27.8,,
TRX-FAW2WF0MBBUC5NQEVG12,2026-05-27 14:38:02,2026-05-27,PRD-Z4G9TLC9ZZ53,CLI-8A8W02O686QE,Transfer,,4693.26,USD,,ATM,SUC-FFI5DAEC,,,México,Tijuana,Approved,00,False,9.83,,
TRX-F2P85WFF9ZZ6T0FMCLCH,2026-05-27 06:52:42,2026-05-27,PRD-YCNVNO2JWIHH,CLI-ZI5QS5OQK7LJ,Purchase,Food,155181.02,ARS,443.37,Web,,Tienda Don José,Food,Mexico,,Approved,00,False,15.56,,
TRX-EEOHFV3TH8UWUSK41YF5,2026-05-27 23:34:38,2026-05-27,PRD-U4S8FOWDB5B3,CLI-T523NPVXY1SV,Transfer,,548.83,USD,,POS,,,,México,Puebla,Approved,00,False,,,
TRX-RV7QMILQ21S2GNCSDMWU,2026-05-27 08:27:39,2026-05-27,PRD-ONX0GV5V7RUU,CLI-BZK1W4TAY6H6,Payment,Services,1269.75,USD,,Branch,SUC-F61XHTE2,,,México,Ciudad de México,Approved,00,False,2.91,,
TRX-93BJZU7C10JHLKH44BG6,2026-05-27 22:24:08,2026-05-27,PRD-UD2U3T20JXWS,CLI-0PH5TKXR9VMJ,Deposit,,10462146.02,COP,,Web,,,,Colombia,Medellín,Approved,00,False,1.8,,
TRX-CQIXH7OJR6CZNX8R2FZD,2026-05-28 04:15:23,2026-05-27,PRD-FIOZAJGILFV2,CLI-6UP6P0LDEA77,Purchase,Food,141.53,USD,,ATM,SUC-COPO2MJ8,Tienda Don José,Food,México,,Approved,00,False,3.31,,
TRX-G7LWRG7A3A5MZRQ2PQ65,2026-05-27 11:39:51,2026-05-27,PRD-TMWBVU82X9FQ,CLI-PM85AD8EK343,Withdrawal,,173428.49,ARS,495.51,POS,,,,Argentina,La Plata,Approved,00,False,27.18,,
TRX-DB1JOFD31KXYQCSGUJAF,2026-05-27 23:09:48,2026-05-27,PRD-VGRT4Y9G5RP5,CLI-AR9MEOK2MPJ0,Purchase,Services,226.91,USD,,ATM,SUC-KNGCTTUB,Servicios Públicos,Services,México,Ciudad de México,Approved,00,False,,,
TRX-W0ZBL5X1L1I1TUEJFJE2,2026-05-28 03:17:15,2026-05-27,PRD-E3S1USUU2N3U,CLI-WL7A0JWA3H9V,Transfer,,8970.34,USD,,App,,,,México,Guadalajara,Approved,,False,,,
TRX-DOGTXPKWFS9TTNQURKAK,2026-05-28 04:13:26,2026-05-27,PRD-VZX5C0VE0M8N,CLI-AIARCMXTI73J,Purchase,Transport,80.34,USD,,POS,,Estación de Servicio,Transport,México,Ciudad de México,Approved,00,False,11.33,,
TRX-TBKDM3ZL85JXIED8XHCQ,2026-05-27 07:07:22,2026-05-27,PRD-AWMRT4VLN9ZB,CLI-CM2GX72T9VPL,Withdrawal,,1318009.73,COP,329.5,ATM,SUC-M96GKW7T,,,Colombia,Cali,Approved,00,False,2.99,,
TRX-FPZQVERLXKU124X7POTH,2026-05-27 18:23:40,2026-05-27,PRD-C75XPZE7PLKC,CLI-FLEUCGTWGAHL,Purchase,,302.35,USD,,ATM,SUC-ZAMLQY77,Empresa Telefónica,Services,México,Tijuana,Approved,00,False,9.43,0.4117855,-0.2298879
TRX-LC5WDK5HYBNI3ZPNH7HX,2026-05-28 04:21:11,2026-05-27,PRD-WU4WS6Q69RQT,CLI-AW2FJPC88WVQ,Payment,Health,314.92,USD,,App,,,,Argentina,Rosario,Approved,00,False,9.72,,
TRX-WOZ7E4M7CECDRB6V9YK0,2026-05-27 20:30:25,2026-05-27,PRD-M6ENOLQWTNN6,CLI-57B3FALP5G5H,Payment,Other,182.56,USD,,App,,,,México,Querétaro,Approved,00,False,28.76,,
TRX-8DZR5TUJ7143ZXDJWZVD,2026-05-27 17:32:56,2026-05-27,PRD-P7XHJDXBNRRV,CLI-Q6WYWJ27XUB1,Purchase,Transport,106.64,USD,,ATM,SUC-OLTX380V,,Transport,México,Querétaro,Approved,00,False,29.31,,
TRX-G1MGP2C91TJ5OOU07ZKT,2026-05-27 11:50:21,2026-05-27,PRD-JSEMC8L5R4CP,CLI-1NTCA628PN8Y,Transfer,,5588.88,USD,,POS,,,,México,Querétaro,Approved,00,False,18.04,,
TRX-CDL34R7QZEKY11NJUGJ7,2026-05-28 04:45:44,2026-05-27,PRD-U19ZW04RX6BS,CLI-HD4NB5C77ZA9,Transfer,,11220363.08,COP,2805.09,POS,,,,Colombia,Cartagena,Approved,00,False,26.18,,
TRX-LW7PQ4HF3U7724OOP5NB,2026-05-27 06:14:54,2026-05-27,PRD-UV53WTK1SRE3,CLI-RC5AUJ1QG2FV,Withdrawal,,52.52,USD,,ATM,SUC-3XWIPDZ3,,,México,Tijuana,Approved,00,False,2.8,0.7575134,0.8002776
TRX-SMANXE3RXRFGN4SXIFF2,2026-05-27 09:01:28,2026-05-27,PRD-CCTNDX71KC8A,CLI-FDR8MLQTI3Y4,Adjustment,,904.16,USD,,App,,,,México,Querétaro,Approved,00,False,12.9,,
TRX-DBEK4STS57VD5M41UKKU,2026-05-27 17:58:43,2026-05-27,PRD-W9P70VGHUXBW,CLI-DECGM36SIY7E,Withdrawal,,84417.09,ARS,241.19,ATM,SUC-7HQXDYLE,,,Argentina,Córdoba,Approved,00,False,18.2,,
TRX-XE4YXL4364CMDHSTGHFB,2026-05-27 19:53:18,2026-05-27,PRD-OJPC86EBE5BG,CLI-KMBFIBWRORJE,Purchase,Transport,1068615.06,COP,267.15,ATM,SUC-P6VSAH4U,Estación de Servicio,Transport,Colombia,Barranquilla,Approved,00,False,,4.5913667,-74.6670298
TRX-OQR3MI8ASXBSHOVSUROP,2026-05-28 00:33:54,2026-05-27,PRD-J6M6SM4AIQRM,CLI-SV8S9CTOSFD4,Transfer,,6048.58,USD,,POS,,,,Argentina,Córdoba,Approved,00,False,1.7,-34.1898957,-57.7374039
TRX-A0QSS3VR68N3GGR8QFIY,2026-05-27 09:56:23,2026-05-27,PRD-ITQXTU1ECYT4,CLI-QVCT9RJ9T0JA,Purchase,Transport,1647661.26,COP,411.92,ATM,SUC-4USRLC45,Gasolinera Express,Transport,Colombia,Cali,Approved,00,False,24.5,,
TRX-KOUDP7ZJSRSLLG4UXAUJ,2026-05-27 09:00:50,2026-05-27,PRD-GLM333TQD0UL,CLI-R7Y0KKYG6NJ0,Deposit,,4649.69,USD,,ATM,SUC-WSSLNOPN,,,México,Querétaro,Approved,00,False,11.69,0.8684286,0.943745
TRX-P6JZIU5UTHSPUVNABHYT,2026-05-27 17:15:11,2026-05-27,PRD-JIHT48KNAF2H,CLI-P3375B06MBRT,Payment,Services,3440687.48,COP,860.17,ATM,SUC-ZCLZ4UQA,,,Colombia,Cali,Approved,00,False,22.58,,
TRX-AXB7RL8XK3GLDGDGJDXQ,2026-05-27 21:38:48,2026-05-27,PRD-HSMFCTL52IDU,CLI-GNJ1E3MSZ5WC,Purchase,Health,326.52,USD,,ATM,SUC-QL08OUL0,Laboratorio Central,Health,México,Monterrey,Approved,00,False,26.86,-0.4387584,-0.7129621
TRX-OPQQIHC5Z1J7Z2PQIIW5,2026-05-28 02:36:00,2026-05-27,PRD-MD77JXSDIR18,CLI-YJS8AES373DU,Transfer,,9163.71,USD,,POS,,,,México,Querétaro,Declined,05,False,,-0.0700454,-0.3375853
TRX-PTPYGG1ORW44N2Q95RFT,2026-05-28 04:45:49,2026-05-27,PRD-6Y4GCV88OQPV,CLI-9PHTA6NIJGBF,Withdrawal,,437388.44,COP,109.35,App,,,,Colombia,Cartagena,Approved,00,False,26.85,,
TRX-I4JXAU83A9JCCTPOZHRP,2026-05-27 17:41:01,2026-05-27,PRD-VACGFHHQK8SR,CLI-J82F21JOIE4R,Withdrawal,,135923.61,COP,33.98,Web,,,,Colombia,Barranquilla,Approved,00,False,15.69,,
TRX-VU07HLW0GUIRRODC8I4X,2026-05-27 11:09:28,2026-05-27,PRD-0HO8UIU6TM9O,CLI-PGEF33V0ZHH8,Transfer,,12703425.74,COP,3175.86,POS,,,,Colombia,Cali,Approved,00,False,,4.2570916,-74.5438185
TRX-PHIV4C5269MHMUACEAIQ,2026-05-28 03:16:56,2026-05-27,PRD-LGPP7ROYGPIY,CLI-7JPA4HIWPVEF,Payment,Services,115701.96,ARS,330.58,ATM,SUC-SX32177B,,,Argentina,La Plata,Approved,00,False,25.91,-35.0989497,-58.7403231
TRX-8RTG4TUGJE7JPBBOOZFY,2026-05-27 21:31:44,2026-05-27,PRD-UHNLID2X4WIC,CLI-TD66PQG2ZLCO,Payment,Food,1482.07,USD,,POS,,,,México,Monterrey,Approved,00,False,17.28,,
TRX-4H98PSSJOUKCY7SV6HRK,2026-05-28 05:16:31,2026-05-27,PRD-QYSUPS1PQTPF,CLI-LG1WFL6ROVNB,Payment,Services,598090.18,ARS,1708.83,App,,,,Argentina,La Plata,Approved,00,False,,,
TRX-YZ6UMD1L6JLJLVK748IP,2026-05-27 13:22:56,2026-05-27,PRD-UQMO01SY9V52,CLI-BP275GDYPIJV,Withdrawal,,160.17,USD,,ATM,SUC-LQXENAY2,,,México,Tijuana,Declined,51,False,24.13,,
TRX-Z9D0IOA5JYBP8GSJQB06,2026-05-27 17:28:58,2026-05-27,PRD-MTJYLNVU9SJW,CLI-FLNAREKG1R4S,Deposit,,10463297.02,COP,,ATM,SUC-QLV3J046,,,Colombia,Medellín,Approved,00,False,15.82,4.884196,-74.2174588
TRX-78UIZ7U62V77AG4VCUZM,2026-05-28 00:55:05,2026-05-27,PRD-E4UC6524PMYR,CLI-PAOWISIKLWXY,Payment,Services,1729.44,USD,,App,,,,México,Querétaro,Approved,00,False,14.98,,
TRX-5UBG3HBWLD3NHYQUCL0G,2026-05-27 14:50:03,2026-05-27,PRD-1K3U829CM9AL,CLI-Q3P46V189FW6,Withdrawal,,119745.52,ARS,342.13,Web,,,,Argentina,,Approved,,False,23.27,,
TRX-BAOFLQO8GJSF14TPTYHL,2026-05-27 13:47:06,2026-05-27,PRD-9XVW22ZHYGEW,CLI-HNG2S9MOST1Q,Withdrawal,,81823.44,ARS,233.78,POS,,,,Argentina,Buenos Aires,Approved,00,False,8.71,,
TRX-1G8ZJLN5RY11H60FZQL6,2026-05-28 02:11:05,2026-05-27,PRD-OQJV5NFC3P2F,CLI-MENC9Y8NO6GO,Deposit,,733518.94,ARS,2095.77,ATM,SUC-115U74JL,,,Argentina,La Plata,Approved,00,False,,,
TRX-V7CH6Q67U9UDU5FI9J56,2026-05-27 17:09:51,2026-05-27,PRD-18BUI6DSCCDF,CLI-FDKOGHS68TQ6,Payment,Health,78908.09,ARS,225.45,POS,,,,Argentina,La Plata,Approved,00,False,27.11,,
TRX-DGHNPRIVQKLRO4WOUBWK,2026-05-27 18:46:53,2026-05-27,PRD-PYVA7X7D6E9K,CLI-2T1OQY5QE345,Withdrawal,,1117965.21,COP,279.49,ATM,SUC-X7W6C3UX,,,Colombia,Cartagena,Approved,00,False,11.95,,
TRX-IVO15VON3G1GGX11XK9O,2026-05-27 19:05:51,2026-05-27,PRD-CSXET2X8J1U5,CLI-0QK9AL0YFE8I,Transfer,,9011437.25,COP,2252.86,POS,,,,Colombia,Cartagena,Approved,00,False,19.59,,
TRX-WSDI868EE92K8LY0QYEB,2026-05-27 06:18:07,2026-05-27,PRD-NXELKXJY4I3F,CLI-J9SJDV7SQ765,Payment,Health,332014.12,ARS,948.61,POS,,,,Argentina,Córdoba,Approved,00,False,28.14,-34.3037054,-58.3720521
TRX-B0YCEOMYBD61J72LULXQ,2026-05-27 07:52:31,2026-05-27,PRD-XL08QXNS2GGU,CLI-NMO513EX55OV,Deposit,,4919.7,USD,,Branch,SUC-MGUQPIKZ,,,México,Tijuana,Approved,00,False,,,
TRX-FB4CSR744EHTQZPMNF27,2026-05-27 07:55:13,2026-05-27,PRD-X6X4S929OTNR,CLI-2AL5BO6A7ZXA,Deposit,,350233.07,ARS,1000.67,ATM,SUC-0LZRXHCF,,,Argentina,Buenos Aires,Approved,00,False,23.63,,
TRX-YVDJYOO9GQJUTO77CSH2,2026-05-27 21:18:35,2026-05-27,PRD-D0R1U6AKL049,CLI-HE9GI99UAUCK,Deposit,,483050.49,ARS,1380.14,App,,,,Argentina,Rosario,Approved,00,False,13.49,,
TRX-2UTTEJJPQ2ICOL0ZBQD9,2026-05-27 08:09:04,2026-05-27,PRD-M0CR7EIVXUX9,CLI-VXWNAAWSI9PS,Purchase,Food,112691.77,ARS,321.98,POS,,Restaurante El Buen Sabor,Food,Argentina,Mendoza,Approved,00,False,5.03,,
TRX-F2JA1VZ9CUR1X6BNARX2,2026-05-27 22:08:58,2026-05-27,PRD-5INGSGDOBIN8,CLI-8D83I5Q3Q3T9,Withdrawal,,328.73,USD,,ATM,SUC-7G8CGE3F,,,México,Monterrey,Approved,00,False,26.06,,
TRX-956AUUQVNGROWL7J5DE7,2026-05-27 07:36:31,2026-05-27,PRD-A9G110SWY5XC,CLI-KOQYNJ7DN2WX,Deposit,,89.43,USD,,App,,,,Colombia,Medellín,Approved,00,False,17.64,,
TRX-GYSEEI2KR73Y9BJ4U9YS,2026-05-27 06:54:40,2026-05-27,PRD-XVASEJ2M3BWD,CLI-PFGCH74JRN71,Withdrawal,,219.39,USD,,POS,,,,Colombia,Cali,Approved,00,False,19.88,,
TRX-SZ987AXFXDYKDRSQG5BC,2026-05-27 07:12:58,2026-05-27,PRD-4MN4L2RMTZ7J,CLI-3QFD4VGSVZPB,Deposit,,639708.45,ARS,1827.74,ATM,SUC-7EJG5XUH,,,Argentina,Córdoba,Approved,00,False,7.97,,
TRX-YG8VI52WHU3FZCRB1VKK,2026-05-28 05:57:46,2026-05-27,PRD-UY46CE1T5OWW,CLI-UCA0KTU8RUE6,Purchase,Transport,311.11,USD,,ATM,SUC-2ATW7QMQ,Estación de Servicio,Transport,México,Querétaro,Approved,00,False,,0.2695404,-0.8530651
TRX-M0G0OSA1OKFJR99B6AF5,2026-05-27 19:13:08,2026-05-27,PRD-GV1YD44QDIKS,CLI-C5J201FJKIX1,Payment,Other,4443937.8,COP,1110.98,App,,,,Colombia,Medellín,Approved,00,False,23.58,,
TRX-9VKD7LMMO12LDDJR11CC,2026-05-28 01:15:54,2026-05-27,PRD-DAP280ECF5S9,CLI-H3U41PHYX7U4,Withdrawal,,98.52,USD,,ATM,SUC-SKR8GS10,,,México,Guadalajara,Approved,00,False,11.26,0.0706245,0.0083484
TRX-JVOFUSQW5N8A83BSIAAZ,2026-05-27 16:54:52,2026-05-27,PRD-0OX2QD5F9QFR,CLI-QYWVR3OUGNG2,Deposit,,3166.66,USD,,POS,,,,México,,Approved,00,False,19.7,,
TRX-CSQ7DYITHDVCBCHH200S,2026-05-27 10:23:01,2026-05-27,PRD-6V2ENAW2EJ9S,CLI-2984EO22F9QG,Purchase,Transport,30.83,USD,,ATM,SUC-UBOAYTJG,Uber,Transport,México,Monterrey,Approved,00,False,20.81,,
TRX-LGAWREBXH7SZBD6PJ2YP,2026-05-27 17:02:53,2026-05-27,PRD-YZE00N8YELM4,CLI-X0GKU3P4AVG4,Withdrawal,,408.03,USD,,Branch,SUC-X57ITSKO,,,Colombia,Cartagena,Approved,00,False,29.85,4.2902387,-74.6181254
TRX-676SDB9CY6Q5Z7OAUOSN,2026-05-28 01:16:38,2026-05-27,PRD-U1JJD9AMOF2M,CLI-MJJLOUDBEJRT,Purchase,Entertainment,104011.4,ARS,297.18,App,,Cine Premium,Entertainment,Argentina,Rosario,Approved,,False,6.29,,
TRX-JFXY8JQKML5ZIX4A508U,2026-05-27 07:26:42,2026-05-27,PRD-YXZQNM0M1J03,CLI-66ZSGR5SDWOX,Transfer,,7397.14,USD,,Web,,,,México,Puebla,Approved,00,False,19.5,,
TRX-XGDC9FWDX4OVD2NK2F2J,2026-05-27 22:47:26,2026-05-27,PRD-EOR0ZYPCJFT8,CLI-8149PRW2FD6P,Transfer,,18117338.08,COP,4529.33,POS,,,,Colombia,Medellín,Approved,00,False,18.04,,
TRX-HGLZ2IAK0WEPYKG4LL9V,2026-05-27 13:20:34,2026-05-27,PRD-Y7SXSGEXJMK6,CLI-LE6QGZSR0RF0,Payment,Other,1543.66,USD,,POS,,,,México,Tijuana,Approved,00,False,,,
TRX-M3HUWQ1SZPO62NH713D6,2026-05-27 07:14:54,2026-05-27,PRD-E57WJ6X36N7Z,CLI-H79KEXI1N7PY,Withdrawal,,26.32,USD,,ATM,SUC-12NKB9OB,,,México,Tijuana,Approved,00,False,,0.8692067,0.6143709
TRX-SZTRMS4E8FYK007KU6E5,2026-05-28 05:55:53,2026-05-27,PRD-0TEHNIGAB1BM,CLI-N25NHW0NHYXX,Payment,Entertainment,719.36,USD,,App,,,,México,,Approved,00,False,29.17,,
TRX-6DT33TEDICR22GCN68CK,2026-05-27 10:06:35,2026-05-27,PRD-CCF4K6E1F93T,CLI-ARBFRD65CKPP,Payment,Other,1581097.91,COP,395.27,Web,,,,Colombia,Bogotá,Approved,00,False,0.87,,
TRX-PLM1XACCR82P8H82CB86,2026-05-27 23:09:00,2026-05-27,PRD-SYWIDRUCCEBH,CLI-SB8PYMQOLKFW,Deposit,,394186.65,ARS,1126.25,App,,,,Argentina,La Plata,Approved,00,False,,,
TRX-DM0FE9PDVB1D6RZ9CU9G,2026-05-28 04:01:20,2026-05-27,PRD-0BC6UDGT4QQL,CLI-DLF5L0NIUJOB,Transfer,,23497032.62,COP,5874.26,App,,,,Colombia,Cali,Approved,00,False,10.54,,
TRX-151NPLCYRWVS0IXFO0CM,2026-05-27 06:43:53,2026-05-27,PRD-M3WW3Y8XUC7K,CLI-CHKNDL7IZSEL,Transfer,,3218.55,USD,,ATM,SUC-EN5GYCON,,,México,Puebla,Approved,00,False,0.19,0.9110013,-0.9969186
TRX-BK0NZAF8KJNP8A3KE6ZA,2026-05-27 14:10:06,2026-05-27,PRD-FYE7A87117N1,CLI-1G6H9LT1HOUO,Transfer,,15212446.19,COP,3803.11,App,,,,Colombia,Cartagena,Approved,00,False,19.94,,
TRX-W0Y89VPMOOXCUZ1BEGFT,2026-05-27 20:57:58,2026-05-27,PRD-BT6CS2OXSN87,CLI-NVMWCIKSVK36,Deposit,,524.12,USD,,ATM,SUC-MGUQPIKZ,,,México,Guadalajara,Approved,00,False,27.75,,
TRX-S4GHVGMBEF0EYSVW85GO,2026-05-27 22:48:33,2026-05-27,PRD-ZZ94OEQM50XG,CLI-0T8YLJ1R3YKH,Purchase,Transport,204562.18,COP,51.14,POS,,Estación de Servicio,Transport,Colombia,Bogotá,Approved,00,False,,,
TRX-AHYOEK6KU9EBKI213ETT,2026-05-27 16:03:15,2026-05-27,PRD-8IK6YHB17AJB,CLI-CCBCTF7G3I62,Withdrawal,,108.1,USD,,POS,,,,México,Ciudad de México,Approved,00,False,2.07,,
TRX-QDXBW3J1ZPBWZRVSWP7W,2026-05-28 04:07:45,2026-05-27,PRD-GISJSRGDKIZM,CLI-X3VIJRERN4OR,Purchase,Food,29084.49,ARS,83.1,POS,,Mercado Central,Food,Argentina,La Plata,Approved,00,False,21.21,,
TRX-STD0DKBWLWPDA4JW68M7,2026-05-27 14:07:54,2026-05-27,PRD-24ZEJK7FZH84,CLI-PKL2MYHDP2KQ,Withdrawal,,81787.6,ARS,233.68,POS,,,,Argentina,Córdoba,Approved,00,False,19.03,,
TRX-0I8963YX1ZAMHAMQ9LKC,2026-05-28 01:20:22,2026-05-27,PRD-RTOJMXGQ7J3R,CLI-0LD2X7NZRVCC,Transfer,,8186.08,USD,,App,,,,México,Puebla,Approved,,False,6.44,,
TRX-N2O4PZATBCY6Z5Z72UD0,2026-05-27 11:44:17,2026-05-27,PRD-G23HYCZVRX03,CLI-8TEOXSRLLU39,Transfer,,3391138.99,ARS,9688.97,App,,,,Argentina,La Plata,Declined,51,False,8.96,,
TRX-2CM9PSEKKFFGO6USQTRL,2026-05-28 05:57:59,2026-05-27,PRD-2IAMUX9BKBFF,CLI-8DUWYQTLCVGA,Transfer,,16502106.26,COP,4125.53,POS,,,,Colombia,Bogotá,Approved,00,False,2.32,,
TRX-KGTT39H8O1XZ0SS64EHP,2026-05-28 05:15:21,2026-05-27,PRD-T1MIOVUWTQTP,CLI-Q982UIOOK29K,Deposit,,124.46,USD,,ATM,SUC-I8M9CS2Y,,,USA,Los Angeles,Approved,00,False,9.68,,
TRX-SHNUAY643FEDP9SE4RV4,2026-05-27 14:52:24,2026-05-27,PRD-QGE28S78NFS1,CLI-YPG6U7P9JEML,Payment,,212271.11,ARS,606.49,Transfer,,,,Argentina,La Plata,Pending,,False,,,
TRX-0AHDQ31WFWA439SQR7JS,2026-05-27 11:20:33,2026-05-27,PRD-FWT3AGYFIYKT,CLI-46CCILEU75LT,Deposit,,3105.95,USD,,Web,,,,México,Ciudad de México,Approved,00,False,22.4,,
TRX-DMIBGZMSE7EA49D2AYC1,2026-05-27 12:11:02,2026-05-27,PRD-A33VRK33T2S1,CLI-IRNSXWL2ODUI,Transfer,,4542.86,USD,,POS,,,,México,Monterrey,Approved,00,False,,-0.8610088,-0.4750653
TRX-5HN369JJ0PLVY0L7TY0U,2026-05-28 03:32:03,2026-05-27,PRD-XPY5KZG3IGIF,CLI-KBFRABWOQ9JL,Purchase,,400.39,USD,,Transfer,,Uber,Transport,México,Monterrey,Reversed,14,False,,,
TRX-XBER7B16WKT9IFL77CXG,2026-05-27 07:22:03,2026-05-27,PRD-3JP7G90FLTF8,CLI-RERF1NLEJIBI,Transfer,,734831.87,ARS,2099.52,POS,,,,Spain,,Approved,00,False,,-34.5906934,-59.0255791
TRX-CE081UM23P2C2L8LJX4M,2026-05-27 10:09:28,2026-05-27,PRD-3BS3JOB3D89S,CLI-ZA164ZUDX8O0,Withdrawal,,1394040.14,COP,348.51,POS,,,,Colombia,,Approved,00,False,17.99,,
TRX-SKXNB5J0IUJ4CDQN1XFD,2026-05-28 01:24:42,2026-05-27,PRD-NEHGIIF8AHE3,CLI-SMTORFCVJ5AC,Transfer,,16204765.09,COP,4051.19,App,,,,Colombia,Cartagena,Approved,00,False,26.43,,
TRX-V99X30IKZ30DP612YDXF,2026-05-28 03:37:34,2026-05-27,PRD-YQXKOJ00R1QP,CLI-JKQXYWXZXZXL,Withdrawal,,83.77,USD,,ATM,SUC-HTV8A64G,,,Colombia,Cali,Approved,00,False,11.89,,
TRX-BS3JZILN3NYSOW0QLFMB,2026-05-27 15:56:56,2026-05-27,PRD-GPKKXZFVIX41,CLI-JODKUQQI1ZT8,Purchase,Other,14659.06,ARS,41.88,ATM,SUC-5YFUX3Z6,Ferretería,Other,Argentina,Córdoba,Reversed,,False,2.65,-34.5599125,-59.3659793
TRX-7FU6OS95MX4RQWBJ7VZ4,2026-05-27 13:11:13,2026-05-27,PRD-7CQKGWLPGWCT,CLI-AU79XJB3055A,Withdrawal,,1378360.41,COP,344.59,ATM,SUC-U7NNFMS6,,,Colombia,Bogotá,Approved,00,False,2.27,,
TRX-BLHR8LGRZ6WSM9ZZM2Z8,2026-05-27 09:56:54,2026-05-27,PRD-VNZPXRAFV1U8,CLI-48PLZ31MQ0CP,Transfer,,7155.8,USD,,POS,,,,México,Querétaro,Approved,00,False,3.34,,
TRX-9TRC7I2D5UBZ7AT0R0R2,2026-05-27 19:23:51,2026-05-27,PRD-DDHZIZCKINMN,CLI-KUWSRGZI1WRD,Payment,Health,4142488.17,COP,1035.62,Transfer,,,,Colombia,Medellín,Approved,00,False,16.27,,
TRX-G8UI5CZQM35U2Q4D86O2,2026-05-27 08:32:10,2026-05-27,PRD-CEUUYRNKII4G,CLI-Y9GXQU11VHDS,Transfer,,29935663.99,COP,7483.92,POS,,,,Colombia,Barranquilla,Approved,00,False,5.19,,
TRX-2GA2RTPJ1ZC0PDSPXRUQ,2026-05-27 09:03:08,2026-05-27,PRD-NZX6HHP4IFLS,CLI-5JITT552ZYK6,Payment,Other,405.92,USD,,ATM,,,,México,Guadalajara,Approved,00,False,10.08,,
TRX-UJ8YBOM2QHXUGBS4H912,2026-05-28 04:51:08,2026-05-27,PRD-T78PVHCSSP3E,CLI-4D13QLQD99WT,Purchase,Entertainment,606172.87,COP,151.54,App,,Streaming Music,Entertainment,Colombia,Bogotá,Approved,00,False,,,
TRX-EVSRQGNY127TOURWK9ER,2026-05-27 12:12:29,2026-05-27,PRD-CGLIQH7ES6RY,CLI-KA1EA0NF0C6M,Deposit,,1124.69,USD,,ATM,SUC-UB0LXRUU,,,México,Querétaro,Approved,00,False,,,
TRX-2JY4FYNX47W83W217IVZ,2026-05-28 03:06:24,2026-05-27,PRD-FRYETWQ3GS3E,CLI-YGDNX1LQB03K,Transfer,,964972.81,ARS,,ATM,SUC-4JYR8GOV,,,Argentina,Córdoba,Approved,00,False,5.56,-34.8508641,-58.1297503
TRX-GZRXWBLEW07FNBJOT9BK,2026-05-27 23:13:34,2026-05-27,PRD-ZOI1J3RM53DN,CLI-8HLCT90ENLGG,Payment,Health,1758.09,USD,,POS,,,,México,Ciudad de México,Approved,00,False,,,
TRX-BYCJ51ZD6I80PU4H709K,2026-05-27 19:24:48,2026-05-27,PRD-26L85JCR9I73,CLI-F740LHA75JXE,Withdrawal,,221.31,USD,,ATM,SUC-SCFDICUT,,,México,Querétaro,Approved,00,False,,,
TRX-SRPOD2A0ENMT5WGPAT8E,2026-05-28 03:36:59,2026-05-27,PRD-VYGPFANSFL5Z,CLI-SRI81F13MQE8,Payment,Services,1814.28,USD,,POS,,,,México,Tijuana,Approved,00,False,8.58,,
TRX-T68BQM1S6TM1FJVLBCYP,2026-05-27 07:00:32,2026-05-27,PRD-8TWRDE5TK9OF,CLI-E5512S4595ZI,Payment,Services,1369.16,USD,,POS,,,,México,,Approved,00,False,28.43,,
TRX-9SDJ2KERHUKD3QKYZAIU,2026-05-27 21:39:01,2026-05-27,PRD-NPATT05E37MS,CLI-CT6KFA9CK299,Withdrawal,,133711.97,COP,33.43,Web,,,,Colombia,,Approved,00,False,0.73,,
TRX-Q66275PS5FKZQV4TLQSG,2026-05-27 16:36:03,2026-05-27,PRD-YJHNE2LETTSD,CLI-9L4P6DUU5XW9,Transfer,,9218.42,USD,,Transfer,,,,Mexico,Puebla,Approved,00,False,18.68,,
TRX-A224GA024626DSXZZA2W,2026-05-27 19:25:20,2026-05-27,PRD-J30R9DWJZCV0,CLI-0SEC4GR7QKEM,Purchase,Other,263.06,USD,,Transfer,,Centro Comercial,Other,México,Puebla,Approved,00,False,26.09,,
TRX-BHENCIOLGAMFWPOX0BRN,2026-05-27 07:00:33,2026-05-27,PRD-JBIO1QM05WT5,CLI-6P6B2Q948Y11,Transfer,,11413631.41,COP,2853.41,Branch,SUC-3FS5CHQJ,,,Colombia,Cartagena,Approved,00,False,8.71,,
TRX-NQR1X0O8NLU2E05DTROD,2026-05-27 11:50:40,2026-05-27,PRD-MU9VS5BWKPTL,CLI-79U5BUQLNJYT,Transfer,,33883382.57,COP,8470.85,ATM,SUC-O4G07J7I,,,Colombia,Barranquilla,Approved,00,False,,,
TRX-LA0ZP7GTH3JVAMFZMARA,2026-05-28 00:12:04,2026-05-27,PRD-LOI3AE3KKH2P,CLI-YXVVHKQ27RYZ,Purchase,Health,859730.81,COP,214.93,Web,,Farmacia Salud,Health,Colombia,Cartagena,Approved,00,False,26.07,,
TRX-6QG8XB6A4VSI1B8H8697,2026-05-28 01:30:24,2026-05-27,PRD-T5WDT3WOMAXH,CLI-L50P6M0VX7LD,Deposit,,808.59,USD,,POS,,,,México,Tijuana,Approved,00,False,7.94,,
TRX-AEFUTATV2PCJYSGU8C48,2026-05-28 01:02:10,2026-05-27,PRD-U9QFQQWVL3GK,CLI-VPC8FZ2MFVTJ,Transfer,,26437105.47,COP,6609.28,POS,,,,Colombia,Cali,Approved,00,False,17.81,,
TRX-6HACWF85H4M9XETL8Z85,2026-05-28 00:29:03,2026-05-27,PRD-FKN4NB1SQHWA,CLI-0ORLQNTYUQXQ,Payment,Other,1637.21,USD,,ATM,SUC-S49Q0IRI,,,México,Monterrey,Approved,00,False,25.52,-0.7139592,-0.9554437
TRX-9YKUJBCZ8P92ASMZC7D3,2026-05-27 18:46:46,2026-05-27,PRD-VN6IGD0XAX98,CLI-FCUCD9WBISZH,Transfer,,2670.36,USD,,ATM,SUC-N8LPAX0U,,,México,Guadalajara,Approved,00,False,21.88,,
TRX-59LXWRXH3XH54K1DTH9Z,2026-05-27 11:04:49,2026-05-27,PRD-4J24BOABQIK6,CLI-N7L7EAVLCQN4,Deposit,,1226797.17,ARS,3505.13,Web,,,,Argentina,Córdoba,Approved,00,False,20.41,,
TRX-388BGG7CY9V7IUG6TLYE,2026-05-27 10:28:34,2026-05-27,PRD-W6THL779MYOD,CLI-2FFQP7BQW9P2,Withdrawal,,422.31,USD,,App,,,,Argentina,Buenos Aires,Approved,00,False,6.24,,
TRX-I7AM1IZRPJQFKNCRV4H4,2026-05-27 13:03:34,2026-05-27,PRD-8OSGUVKQ6986,CLI-JJBDMLBAOYUO,Withdrawal,,380.52,USD,,Web,,,,México,Monterrey,Approved,00,False,1.38,,
TRX-DRUL7VG27X9QV9NYMAR9,2026-05-27 15:53:55,2026-05-27,PRD-W74GN0ECVYPN,CLI-30OHIECD5HKM,Payment,Entertainment,533.19,USD,,ATM,SUC-KI33JLSV,,,México,Puebla,Approved,00,False,6.32,-0.2519577,-0.7164371
TRX-DN5ENXV4DJ77SMV6WWMZ,2026-05-28 04:36:40,2026-05-27,PRD-14FN6X6TD4FQ,CLI-XWXXLISLBD6Z,Payment,Other,190395.26,ARS,543.99,POS,,,,Argentina,Rosario,Approved,00,False,17.95,,
TRX-YR7D32N9M4XGNIFTSTNT,2026-05-27 12:48:38,2026-05-27,PRD-BJOVDES4DKID,CLI-RNS4ZUQWH4DR,Withdrawal,,479.16,USD,,ATM,SUC-3XWIPDZ3,,,México,Puebla,Approved,00,False,8.27,,
TRX-BQ9PXE83RPLDCWGBR0B5,2026-05-28 04:23:56,2026-05-27,PRD-GF82YK5ISGTQ,CLI-RL5JXJ25KBXS,Transfer,,7035.08,USD,,ATM,SUC-C28AFJAZ,,,México,Querétaro,Approved,00,False,2.12,0.7240375,0.008897
TRX-185IULNSQEVQY0LLUI5H,2026-05-27 17:01:49,2026-05-27,PRD-JXBOXOW1JUMM,CLI-J4LXL1M9R4W0,Transfer,,4482.99,USD,,POS,,,,México,Guadalajara,Approved,00,False,22.81,,
TRX-OO5ZGOZEX9GO2LTSQX5S,2026-05-27 11:38:59,2026-05-27,PRD-0NP7CGCWPDEA,CLI-D3B1NV9KBDT9,Transfer,,38825109.27,COP,9706.28,App,,,,Colombia,Barranquilla,Approved,00,False,6.96,,
TRX-SSHYOHJGRJGCGXKRSITD,2026-05-27 06:44:51,2026-05-27,PRD-XLAFJSVRJ4FQ,CLI-AFQLJ6C5IYC0,Deposit,,1284.49,USD,,ATM,SUC-ZSZKWMJL,,,Argentina,Mendoza,Approved,00,False,3.84,,
TRX-TMEK03CYAWVN8SM6S8ZU,2026-05-27 16:25:29,2026-05-27,PRD-534LIMUIHLN7,CLI-K0SUJBMCEBFI,Purchase,Health,966223.38,COP,241.56,App,,Óptica Visión,Health,Colombia,Barranquilla,Reversed,14,False,11.16,,
TRX-1MJ3W9D0SW5APE9RT8BE,2026-05-27 06:11:44,2026-05-27,PRD-Z68X09TE36RL,CLI-LMB3LHKSCO77,Payment,Food,998.8,USD,,ATM,SUC-KUOJDQSO,,,México,Puebla,Declined,54,False,22.19,,
TRX-WQHSXYFG8TG22P0V22JM,2026-05-27 09:02:45,2026-05-27,PRD-GH0THM08HWGT,CLI-8O3EZOL3KESX,Purchase,Food,134621.53,ARS,384.63,POS,,Super Ahorro,,Argentina,Buenos Aires,Approved,00,False,15.79,,
TRX-V7RLAAAQ36883L4RJXHC,2026-05-27 16:07:08,2026-05-27,PRD-6MMSACWT4FQI,CLI-LZPLXJOLZSEY,Deposit,,349.06,USD,,Web,,,,Colombia,Bogotá,Approved,00,False,9.29,,
TRX-MH45KB7RQDCN363HE8Z5,2026-05-27 08:27:01,2026-05-27,PRD-1521HPZ2EA1A,CLI-ZDE9SWLB7QCM,Payment,Services,502.95,USD,,POS,,,,Colombia,Cali,Approved,00,False,2.06,,
TRX-UH6JMDPGCTCU7WV665Q4,2026-05-27 23:52:54,2026-05-27,PRD-2MEGT6MT7Z2U,CLI-TQPOXBVXVWAG,Payment,Other,6418625.94,COP,1604.66,Web,,,,Colombia,Barranquilla,Approved,00,False,17.15,,
TRX-06IT4LSOPK4BXJF0VQ2C,2026-05-27 12:00:22,2026-05-27,PRD-5YD1ALJ7EOF9,CLI-SOVUYYVJ37SZ,Purchase,Food,216.18,USD,,ATM,SUC-CJYLJUTF,Restaurante El Buen Sabor,Food,México,Puebla,Approved,00,False,24.04,,
TRX-1GLKU4I28SRHMS8GP04Y,2026-05-27 14:14:00,2026-05-27,PRD-ETOC78496UYQ,CLI-TC9XYPJJID01,Payment,Food,490707.89,ARS,1402.02,POS,,,,Argentina,Buenos Aires,Approved,00,False,11.3,,
TRX-SPHLQJF1IGZAC7JWZF5B,2026-05-27 21:59:44,2026-05-27,PRD-M5FKJ2YSGVW2,CLI-ULFVNZOIMJXE,Withdrawal,,47659.37,ARS,136.17,App,,,,Argentina,Mendoza,Approved,00,False,12.93,,
TRX-Q9OZXUK578HF0X5FXR6O,2026-05-27 18:18:35,2026-05-27,PRD-YRBESPFMEXCI,CLI-HV1G6QXRW6J9,Deposit,,164802.66,ARS,470.86,ATM,SUC-SX32177B,,,Argentina,,Approved,00,False,19.94,,
TRX-2DCPJREEODZTAMLECGSL,2026-05-28 01:30:12,2026-05-27,PRD-6B06GPMIQLVN,CLI-RAND0RQYEXA4,Withdrawal,,122230.62,ARS,349.23,ATM,SUC-IPX8M3BR,,,Spain,,Approved,00,False,4.77,,
TRX-UIEA7HA1IWAWXTDWN0SM,2026-05-28 01:56:23,2026-05-27,PRD-IXBP1PKWFXB0,CLI-BO1JQHTWSHAR,Transfer,,37256066.67,COP,9314.02,ATM,SUC-U7NNFMS6,,,Colombia,Cali,Approved,00,False,9.68,,
TRX-2MSQ1CG4OJZCW4QM78IP,2026-05-28 05:56:27,2026-05-27,PRD-ETMBZ758YWK0,CLI-1MUR9BD3Q2CC,Purchase,Food,343.59,USD,,ATM,SUC-JGJN78RV,Mercado Central,Food,México,Querétaro,Approved,00,False,19.61,,
TRX-BEVDPA4UPNGRO5A51WA6,2026-05-27 16:30:39,2026-05-27,PRD-UNQ5F0LNH0D5,CLI-M5F0HVZ30CW0,Transfer,,1970006.58,ARS,5628.59,ATM,SUC-ISVYMZP9,,,Argentina,Mendoza,Approved,,False,5.85,-35.2038049,-58.1521615
TRX-81I4BQUZU8XYY4HLXU1I,2026-05-28 04:15:26,2026-05-27,PRD-7IM36WBY1HSE,CLI-HPYTBU1CLU5Y,Purchase,Food,142.42,USD,,App,,Restaurante El Buen Sabor,Food,México,Querétaro,Approved,00,False,,,
TRX-XCC6H15XTATO0KH1SS8L,2026-05-27 20:44:53,2026-05-27,PRD-SOBGHH54BYDA,CLI-L0BW64VUNVLE,Adjustment,,2584607.56,COP,646.15,ATM,SUC-UJA1ZE8Q,,,Colombia,Barranquilla,Approved,00,False,15.08,,
TRX-MMCVRI9WAXDK9H1I2NIU,2026-05-27 21:25:42,2026-05-27,PRD-KBUUSXEILAXF,CLI-9NUSC1TM80MS,Transfer,,2826157.38,ARS,8074.74,App,,,,Argentina,Mendoza,Approved,00,False,26.6,,
TRX-UN4BDP1L2CY5EJLYPPVX,2026-05-27 22:43:59,2026-05-27,PRD-X78RR6JOO94V,CLI-SXLF7YBQ4MTL,Purchase,Food,1303425.74,COP,325.86,ATM,SUC-Q56PLH2J,Super Ahorro,Food,Colombia,,Approved,00,False,10.54,5.1260767,-74.21813
TRX-HO4HRR811EDKNVV9NR87,2026-05-28 05:44:32,2026-05-27,PRD-YNJ3P1DTSKA8,CLI-NXVIP2ZLPWFU,Payment,Food,348602.57,ARS,996.01,App,,,,Argentina,Rosario,Approved,00,False,24.83,,
TRX-75BELAPBYPWX18VLWIAQ,2026-05-27 15:18:59,2026-05-27,PRD-YG7D9ZZYMUS4,CLI-EREQ5WH8G2GM,Withdrawal,,848854.73,COP,212.21,ATM,SUC-1NFIF0G0,,,Colombia,Bogotá,Approved,00,False,9.22,5.270019,-75.0682745
TRX-9X710I5W05HJS7IKOG8R,2026-05-28 05:52:04,2026-05-27,PRD-MYTXUXMX3WXX,CLI-569OWEYDSVAR,Adjustment,,411.28,USD,,ATM,SUC-5FCLNF9U,,,México,Tijuana,Approved,,False,3.74,,
TRX-8TL9KUK6VC7OBHUNOY8B,2026-05-27 12:23:18,2026-05-27,PRD-CFGIFB1TS3YC,CLI-6QYEKMZE8B63,Transfer,,3171.2,USD,,POS,,,,México,,Approved,00,False,,,
TRX-NJ1FFFT59I280TXH574E,2026-05-27 23:50:10,2026-05-27,PRD-L37SEMUOC1GF,CLI-DD09ERG680SK,Transfer,,471178.51,ARS,1346.22,ATM,SUC-0MPZUQLJ,,,Argentina,Córdoba,Approved,00,False,,-34.6255411,-57.7890902
TRX-EF2Q2PJWMQWVLRXWPN1V,2026-05-27 12:07:13,2026-05-27,PRD-9QN6U4ZIHV9T,CLI-BFCM17EJRGQN,Deposit,,875.5,USD,,ATM,SUC-7TVQFT2O,,,México,Ciudad de México,Approved,00,False,9.1,,
TRX-W8USU4OAJXKOOUS5FS1Y,2026-05-27 07:17:25,2026-05-27,PRD-YJB54QKTFK3Q,CLI-Q549QVVFPFBM,Withdrawal,,1054445.47,COP,263.61,ATM,SUC-OGCB7RT2,,,Mexico,Monterrey,Approved,,False,29.7,4.5969242,-75.0631947
TRX-0DJI3WYPKOIS9RW52M28,2026-05-27 06:53:24,2026-05-27,PRD-A61ASSQGSY69,CLI-1D0BZCO0FV6Q,Transfer,,9587.55,USD,,ATM,SUC-LQXENAY2,,,México,Puebla,Approved,00,False,8.41,,
TRX-K06V8GL42KQEMXQOPMWQ,2026-05-27 13:10:37,2026-05-27,PRD-RQAGPBEGOOFH,CLI-3IOMM3UIDKVV,Purchase,Services,43464.49,COP,,ATM,,Internet Plus,Services,Argentina,Rosario,Approved,00,False,,5.0439293,-74.9379082
TRX-4EFOHUOJKR1NP7FKAORP,2026-05-27 08:25:26,2026-05-27,PRD-4EK5BE2YO7TE,CLI-76570ZCRF4DQ,Deposit,,10303713.18,COP,,App,,,,Colombia,Bogotá,Approved,00,False,8.69,,
TRX-Y2CU0JAAK4L31TO80R4D,2026-05-28 00:33:45,2026-05-27,PRD-U20BKUS9LC7P,CLI-8O8MNWA7V45Y,Deposit,,2753.35,USD,,Branch,SUC-6IDFK4L9,,,México,Querétaro,Approved,00,False,27.45,,
TRX-OKN8ZI4ZS3OCKPB2GSFQ,2026-05-27 14:30:26,2026-05-27,PRD-D9P6FC0SMIK2,CLI-D9OF4TKFE9XZ,Withdrawal,,341.83,USD,,Web,,,,México,Tijuana,Approved,00,False,13.09,,
TRX-MFEQURYVR0L780VYB33R,2026-05-27 18:06:16,2026-05-27,PRD-W82BOBNR0LAN,CLI-KBM5D4BD6VTV,Deposit,,637464.84,ARS,1821.33,POS,,,,Argentina,Córdoba,Approved,00,False,29.0,,
TRX-W57PRPPQ7JJJ8FG223NG,2026-05-27 21:46:20,2026-05-27,PRD-0HIN8F4KV39N,CLI-21FI0BY96KUZ,Withdrawal,,400.78,USD,,POS,,,,Spain,Barcelona,Approved,00,False,4.88,,
TRX-T8SGJECY6W6MJDGD8T4H,2026-05-28 05:58:30,2026-05-27,PRD-CWLHX4LFH4D3,CLI-PLAHLCQBU17H,Deposit,,4719.97,USD,,Branch,SUC-3XWIPDZ3,,,México,Monterrey,Approved,00,False,26.36,,
TRX-V3F7BISQ4YCUM8TOFJX1,2026-05-28 04:08:39,2026-05-27,PRD-7FZRSW73A2L1,CLI-WKEYU2S9O40G,Withdrawal,,463.74,USD,,POS,,,,México,Puebla,Approved,00,False,2.09,-0.5467884,0.7397098
TRX-77CUZRDQX17VPGU4VGOW,2026-05-27 10:26:46,2026-05-27,PRD-BPA1NKLNQ7TJ,CLI-OP0R7TFZK4HS,Withdrawal,,147849.03,COP,36.96,POS,,,,Colombia,Cali,Approved,00,False,15.52,,
TRX-0ZKCQU0MB220Z20ETXQP,2026-05-27 21:11:53,2026-05-27,PRD-ARFAKYV2XNKW,CLI-Z9Z6FNMWV38X,Deposit,,19586049.62,COP,4896.51,Web,,,,Colombia,Cali,Approved,00,False,20.51,,
TRX-PG6XBZT7S1R8956QOSD9,2026-05-27 19:31:00,2026-05-27,PRD-U4JBWBFJN6PH,CLI-5UIG8P9RH2KG,Transfer,,8705.12,USD,,POS,,,,Colombia,Medellín,Approved,00,False,10.37,,-74.5224874
TRX-6ESQDOD7WJ5Q1YYDN1SW,2026-05-27 11:11:48,2026-05-27,PRD-DCJCH7LKJ19Y,CLI-RLS2PDP0GL4F,Purchase,Health,33.26,USD,,App,,Óptica Visión,Health,Argentina,Rosario,Approved,00,False,16.49,,
TRX-JCPF0NO9VKPGHEUDDZ2G,2026-05-27 06:16:43,2026-05-27,PRD-WB8CMMEUV2P8,CLI-9GPKMDCG9LGU,Deposit,,2745.55,USD,,POS,,,,México,Ciudad de México,Approved,00,False,10.35,,
TRX-ZOT7P1317D5LMSJYGZO3,2026-05-28 02:29:25,2026-05-27,PRD-TMGYLS53UD4G,CLI-RLS2PDP0GL4F,Adjustment,,128065.33,ARS,365.9,App,,,,Argentina,Rosario,Approved,00,False,1.06,,
TRX-85C2T1Z6RRHOHUKOFO6M,2026-05-27 17:16:31,2026-05-27,PRD-W52E0JUG4G4Z,CLI-5J9W8CKLESV2,Withdrawal,,188.44,USD,,Web,,,,México,Tijuana,Approved,00,False,6.64,,
TRX-F2QJJU5RPI9TA6T6FDG1,2026-05-28 04:22:04,2026-05-27,PRD-AJPABC7CYMKY,CLI-ND09RK82O3GX,Deposit,,269413.56,ARS,769.75,ATM,SUC-F321UEME,,,Argentina,Córdoba,Approved,00,False,,,
TRX-BUOP933N8EBSMR64RGN6,2026-05-27 07:43:54,2026-05-27,PRD-E636SW36I3OG,CLI-T3ZRNSOUFJCD,Payment,Services,1987.21,USD,,Web,,,,México,Tijuana,Approved,00,False,5.33,,
TRX-BJ4VL0YP77K97VRTRQZJ,2026-05-27 09:03:48,2026-05-27,PRD-HVTLARQY9B58,CLI-HZRQMD1Q7N4D,Transfer,,2017.84,USD,,POS,,,,México,Guadalajara,Approved,00,False,12.28,,
TRX-6NOX95HDSRP4UPM0QX3E,2026-05-27 22:24:43,2026-05-27,PRD-WLDZKEXLU33F,CLI-54GQTZX1JA07,Payment,Services,675523.92,ARS,1930.07,App,,,,Argentina,Mendoza,Approved,00,False,,,
TRX-AW2NSEAF503A258ROY93,2026-05-27 09:38:12,2026-05-27,PRD-EUCYN0YUMC24,CLI-O52ND89NWVJP,Withdrawal,,78.13,USD,,Branch,SUC-4CNRVPYL,,,México,Monterrey,Approved,00,False,21.7,,
TRX-Q4K3O8RUI4DWUKJ421G2,2026-05-28 05:42:36,2026-05-27,PRD-BX52AV0ZK72V,CLI-1DGNJCW6YREK,Withdrawal,,1768489.22,COP,442.12,Branch,SUC-8YXNMWZ7,,,Colombia,Medellín,Approved,00,False,,,
TRX-KKD6EAWWOEGREEOLA782,2026-05-27 10:09:33,2026-05-27,PRD-PQVL35ZZ3CT8,CLI-JLQB6THGTV8A,Purchase,Food,243.17,USD,,POS,,Tienda Don José,Food,México,Tijuana,Approved,00,False,24.64,,
TRX-MKO673XFBMORS2D851EI,2026-05-27 10:26:36,2026-05-27,PRD-T1365XD3AQID,CLI-TBNOWL66W75U,Transfer,,3145.94,USD,,App,,,,México,Monterrey,Approved,00,False,,,
TRX-1OOQ855DDYWY9UC6NO8Q,2026-05-27 08:38:04,2026-05-27,PRD-R6QN7CXS6YFJ,CLI-ONGINNWDT5QW,Transfer,,3406.73,USD,,Web,,,,México,Guadalajara,Approved,00,False,21.92,,
TRX-14YBGVAWVPK0LGHYTR82,2026-05-27 16:12:22,2026-05-27,PRD-K0EYA18KYWKI,CLI-UHZ00366KIME,Payment,Transport,1330.97,USD,,Web,,,,México,Guadalajara,Approved,00,False,22.0,,
TRX-7NYVQ8OHP6PUUTL0WXQ9,2026-05-27 17:46:32,2026-05-27,PRD-U4NVX2446JYZ,CLI-KA154VOMXRH1,Transfer,,31452722.17,COP,7863.18,App,,,,Colombia,,Approved,00,False,19.48,,
TRX-Q82BROCSEB9HPI9C5F98,2026-05-27 10:58:53,2026-05-27,PRD-UVWXBDWED1Z4,CLI-V2RY52VD63K4,Payment,Services,1961.51,USD,,POS,,,,México,Guadalajara,Approved,00,False,,,
TRX-PMXO7QH7PJV8S1JAF91B,2026-05-27 15:07:36,2026-05-27,PRD-XFTLENMV6V92,CLI-OHH6QIG5XYCY,Deposit,,7170509.26,COP,1792.63,ATM,SUC-KXMF616G,,,Colombia,Cali,Approved,00,False,25.54,,
TRX-56DVM27ZUVM155I2SFE4,2026-05-28 03:45:19,2026-05-27,PRD-0QH3EP0CNKIE,CLI-DWT6A3E2AUTR,Withdrawal,,235.23,USD,,POS,,,,México,Tijuana,Approved,00,False,,0.7801665,0.4390909
TRX-AE0VQAW9XA9SH2IDYQBW,2026-05-27 15:18:56,2026-05-27,PRD-DSAO9I4ZHE4A,CLI-SN0SVWDDSNG0,Transfer,,231196.54,ARS,660.56,ATM,SUC-KHBP7W0V,,,Argentina,Buenos Aires,Approved,00,False,25.36,,
TRX-KJC8JPC935O7M204TRR7,2026-05-27 10:55:56,2026-05-27,PRD-WDA1J125HDKC,CLI-WR5ADX9GBPNR,Withdrawal,,292.16,USD,,POS,,,,México,Tijuana,Approved,00,False,1.52,,
TRX-Q2JWFZMCBCJ85A56FE2T,2026-05-27 17:10:51,2026-05-27,PRD-IUEEB3USE8YX,CLI-8KWL1I7EY0XT,Payment,Services,1766.84,USD,,POS,,,,México,Querétaro,Pending,05,False,26.52,,
TRX-GXKCRK15LJ9AYB6X0ZH8,2026-05-27 10:18:51,2026-05-27,PRD-H368C9QG1VKO,CLI-0ET4ET9UQQJR,Purchase,Food,240.62,USD,,POS,,Restaurante El Buen Sabor,Food,México,Querétaro,Approved,00,False,22.93,,
TRX-SSIX3WK37V3UUFT604G9,2026-05-27 10:22:46,2026-05-27,PRD-D2JDTOX76B7X,CLI-GPC9GZARWBQZ,Payment,Other,252819.95,ARS,722.34,POS,,,,Argentina,Córdoba,Approved,00,False,27.73,,
TRX-8T46I9MXWHYRU4ZBXG5P,2026-05-27 12:23:47,2026-05-27,PRD-YMXIJVYGWW3B,CLI-TS6L0JWBXVKJ,Purchase,Other,1005616.97,COP,251.4,ATM,SUC-EXKJNP13,Tienda General,Other,Colombia,Cartagena,Approved,00,False,15.1,5.4075173,-73.0785071
TRX-O7ET6720UPQ9O19F5G5E,2026-05-27 22:21:14,2026-05-27,PRD-DUPINYECIDJW,CLI-1WPXL8GKEQ0A,Withdrawal,,112.0,USD,,App,,,,Colombia,Cali,Approved,00,False,,,
TRX-ALIWBTY0TFAI7TIVNVVM,2026-05-28 01:30:04,2026-05-27,PRD-A1T4ST5FL8MZ,CLI-CGD85U21QSVV,Payment,Services,762.8,USD,,ATM,SUC-HWG24EKK,,,USA,Miami,Approved,00,False,13.8,,
TRX-YDI9PMX9SD7VSXVV9DX8,2026-05-28 01:40:41,2026-05-27,PRD-RPMXHJ9ADP6D,CLI-04D2DIK4W2NS,Payment,Entertainment,130.3,USD,,POS,,,,México,Puebla,Approved,00,False,1.37,,
TRX-BDDTO44FKQYORTCYVH84,2026-05-27 13:12:58,2026-05-27,PRD-WXXGNT4B3P9K,CLI-KLG4V3ABE0HJ,Transfer,,9575.78,USD,,ATM,SUC-S3V4CSL0,,,México,Ciudad de México,Approved,00,False,,,
TRX-FUJOESIHCQSA39HKH8AO,2026-05-27 23:10:15,2026-05-27,PRD-KBG0XJT6NWP3,CLI-V93CGGVDVXIU,Payment,Transport,268415.67,ARS,766.9,ATM,SUC-VPCJ60UW,,,Argentina,Mendoza,Approved,00,False,1.12,,
TRX-JI5DMCEENYBLCKAFTA0W,2026-05-27 09:28:18,2026-05-27,PRD-TIZ0G3QAH0OZ,CLI-A5276AJTBFOT,Deposit,,932.85,USD,,Branch,SUC-A9BJ48OP,,,México,Puebla,Approved,00,False,21.62,0.4838421,-0.9277719
TRX-YXOYX1B0KFSZX46MCQLH,2026-05-27 14:10:06,2026-05-27,PRD-4RW4WE9RIMYR,CLI-PQWJMCX3DOAS,Deposit,,6576605.61,COP,1644.15,ATM,SUC-8YXNMWZ7,,,Colombia,Barranquilla,Approved,00,False,4.02,,
TRX-TWRFIXOJSOWA4I52V3AN,2026-05-27 10:28:56,2026-05-27,PRD-ZILUW4P81E2Y,CLI-JJP704GLE33B,Purchase,Other,627805.6,COP,156.95,Transfer,,Tienda General,Other,Colombia,Barranquilla,Approved,00,False,16.54,,
TRX-NOL1RIQNJ0BNC7Z3NSYK,2026-05-27 16:39:22,2026-05-27,PRD-WVC21H7SKMUH,CLI-RRJ7SJVYNOLK,Payment,Transport,1669.23,USD,,POS,,,,México,Guadalajara,Declined,54,False,18.11,,
TRX-4CEDF0SS8MHCFZN5JJ3Q,2026-05-27 19:42:56,2026-05-27,PRD-ESPT251IUAMY,CLI-OUJD5VQKCV93,Payment,Services,92057.51,ARS,263.02,ATM,SUC-UUF77WSC,,,Argentina,La Plata,Approved,00,False,5.38,-34.0511452,
TRX-472W5WFSYJENPG3I1RZO,2026-05-28 00:30:31,2026-05-27,PRD-HZG7GJCENU1M,CLI-BL1I08EOPCCD,Payment,Entertainment,3366551.08,COP,841.64,ATM,SUC-2LW7L4Y3,,,Colombia,Cali,Approved,00,False,27.76,5.1217288,-74.6029616
TRX-PSMPFXKFLA429JFLS15S,2026-05-27 16:48:43,2026-05-27,PRD-ME7LHBDINI0N,CLI-MNM4J4UYC9I1,Payment,Transport,7508938.77,COP,1877.23,ATM,SUC-EMGR60PV,,,Colombia,Bogotá,Approved,00,False,9.25,,
TRX-NU6BA0DTGJWCFXTICIW3,2026-05-28 02:56:48,2026-05-27,PRD-15DWSQQ71V7E,CLI-3AW8QT0C7DSG,Transfer,,1959107.59,ARS,5597.45,ATM,SUC-BMVBUHCL,,,Argentina,Rosario,Approved,00,False,,,
TRX-APQIKR1H8UJKE1CPUVNL,2026-05-27 12:58:16,2026-05-27,PRD-2V5N2K9ULPY5,CLI-JB8D7ZEAWRCY,Withdrawal,,1760604.49,COP,440.15,Web,,,,Colombia,Cali,Approved,00,False,16.3,,
TRX-YP8A4NKBPYUHPPERKUO1,2026-05-27 23:53:49,2026-05-27,PRD-64UEWMSCTH49,CLI-9YA4USYTH9FQ,Purchase,Services,220.26,USD,,POS,,Internet Plus,Services,México,,Approved,00,False,21.34,,
TRX-JQI9D8UC1G5RR4LOROT9,2026-05-27 14:44:15,2026-05-27,PRD-1CM6PDX6F5UE,CLI-TEFRHCHTG0PG,Purchase,Entertainment,223.62,USD,,POS,,Cine Premium,Entertainment,México,Ciudad de México,Approved,00,False,24.11,,
TRX-UIA9VT91S9IA61GVT7G4,2026-05-27 08:12:30,2026-05-27,PRD-NXIX4PB9PNQ5,CLI-DKQ84YIGRS95,Purchase,Food,484.37,USD,,POS,,Super Ahorro,,México,Guadalajara,Approved,00,False,9.62,,
TRX-6UG4E4ZN16SUMKWHV70N,2026-05-27 15:22:25,2026-05-27,PRD-ALQ72HX5K7U6,CLI-DV2K2AS0DKHR,Adjustment,,361.75,USD,,Web,,,,México,Monterrey,Approved,00,False,,,
TRX-BWD29VLB7YI333TPCUDZ,2026-05-27 10:08:23,2026-05-27,PRD-20EC0WJNT3LY,CLI-AAMOHVNODPCQ,Withdrawal,,654922.37,COP,,ATM,SUC-A1FLMPEF,,,Colombia,Cartagena,Approved,00,False,26.4,3.8755922,-74.5659897
TRX-DFKELJUQMJLPRTU7RMWO,2026-05-27 17:15:46,2026-05-27,PRD-QNN50BIWR81Y,CLI-HX03W2M7Q7B8,Deposit,,19854832.25,COP,4963.71,Web,,,,Colombia,Medellín,Approved,00,False,4.62,,
TRX-99TVWCTI97AXZBUHVVWB,2026-05-27 09:06:46,2026-05-27,PRD-WIF4KQJZ56NX,CLI-98DWTURUFZ8A,Withdrawal,,169885.39,ARS,485.39,ATM,SUC-7EJG5XUH,,,Mexico,Guadalajara,Pending,,False,25.57,-34.1958587,-57.8605256
TRX-4WWEK8T5P5PEX6ZN49DJ,2026-05-27 12:34:34,2026-05-27,PRD-49KAJECUHATQ,CLI-QPRYV1TB57CE,Purchase,Services,145736.95,ARS,416.39,POS,,Internet Plus,Services,Argentina,,Approved,00,False,4.88,,
TRX-BYC5PS24JJXIZA0SH345,2026-05-27 09:48:24,2026-05-27,PRD-HSEJFDOP5J5Y,CLI-HXLHUITCD8CS,Payment,Services,1367.42,USD,,POS,,,,México,Monterrey,Pending,14,False,,0.2690191,0.0026408
TRX-LKJXPDQW5Y1160ZOUHQN,2026-05-28 00:12:20,2026-05-27,PRD-D868BOMB8G1P,CLI-GOQA9GFJ80RF,Withdrawal,,122.38,USD,,ATM,SUC-5R12FFLE,,,México,,Approved,00,False,,0.2219205,-0.1755035
TRX-RZU7VPDPJN0RJEL5TKRT,2026-05-28 02:46:02,2026-05-27,PRD-G6LX2F6PKALA,CLI-QCSU5PVONMI3,Deposit,,505.73,USD,,POS,,,,Argentina,Rosario,Approved,00,False,27.46,,
TRX-CXEMW322YFPS8OEGD88E,2026-05-27 16:16:18,2026-05-27,PRD-V1C3BLO6NWKQ,CLI-I1ATNO2JFETT,Transfer,,2034397.36,ARS,5812.56,Transfer,,,,Argentina,Mendoza,Approved,00,False,,,
TRX-AFRW47UFDRYC4EO7W0Y3,2026-05-28 02:58:30,2026-05-27,PRD-8IGAELFESTWW,CLI-EL0B4DTI2D37,Withdrawal,,189.48,USD,,POS,,,,México,Guadalajara,Approved,00,False,19.57,-0.9629592,0.5704186
TRX-8AOP86SK7AUEOIOZGOMH,2026-05-28 04:23:59,2026-05-27,PRD-J312R8LSOHFF,CLI-LZH1I0H5FBDJ,Withdrawal,,858199.8,COP,214.55,POS,,,,Colombia,Barranquilla,Approved,00,False,11.53,,
TRX-GAXCOI0RNFZNRYJVOPHH,2026-05-27 08:28:32,2026-05-27,PRD-4OAQ8K5M8RDD,CLI-8KBJP8YHJ19I,Withdrawal,,77580.58,ARS,221.66,POS,,,,Argentina,Rosario,Approved,00,False,,,
TRX-GROZLIEWG18DMSE3WD62,2026-05-27 11:59:03,2026-05-27,PRD-TF2U6E5AEQ5V,CLI-FZDL9OG0CM9P,Payment,Transport,1276.49,USD,,App,,,,México,Tijuana,Approved,00,False,25.49,,
TRX-D8DCLSUPUDDVZKITH9XV,2026-05-27 08:43:37,2026-05-27,PRD-BF21YZCT4TZO,CLI-PNSBL42AOLPC,Withdrawal,,191.9,USD,,POS,,,,Colombia,Cali,Approved,00,False,10.64,5.4687651,-73.7252215
TRX-MY7FQOO71WRZWEBF5YDT,2026-05-27 16:14:38,2026-05-27,PRD-BL1RXFNOQH8U,CLI-69B5PWY0QNYH,Adjustment,,156.41,USD,,POS,,,,Colombia,,Approved,00,False,16.86,,
TRX-JTP7T2Y2W6TKGNFEGQUJ,2026-05-27 21:57:08,2026-05-27,PRD-8PWP9O061VT0,CLI-NG2EZR1VP95Q,Payment,Services,799.95,USD,,Web,,,,México,Querétaro,Approved,00,False,17.25,,
TRX-JONU9GZXYSQ9N82FCN43,2026-05-28 00:03:48,2026-05-27,PRD-XP15XG84AA4I,CLI-CXZYUA4AJLVM,Purchase,Other,283.1,USD,,POS,,Centro Comercial,Other,México,Monterrey,Approved,00,False,15.0,,
TRX-RBEM6QD677UHYAVL57ST,2026-05-27 18:00:05,2026-05-27,PRD-SR0SM1P5P9ME,CLI-2YUV0IUV2MES,Payment,Other,255.23,USD,,ATM,SUC-0OJNMRLP,,,México,Guadalajara,Declined,51,False,29.92,,-0.6423283
TRX-DOO6NQHOURAA3U8X13I7,2026-05-28 03:05:09,2026-05-27,PRD-R9YMPLPU20GA,CLI-QYYFB4Z36UJV,Payment,Food,314561.87,ARS,898.75,Web,,,,Argentina,Buenos Aires,Approved,00,False,18.03,,
TRX-ZATPMBH9BWLTR07PERL8,2026-05-27 10:35:31,2026-05-27,PRD-Q24KAEYXU7A8,CLI-SUXR8L4ZMPB3,Deposit,,53.19,USD,,ATM,SUC-4XKHST63,,,México,Guadalajara,Approved,00,False,6.11,,
TRX-A00TL0PFEWY22JUR2Z3I,2026-05-28 04:14:14,2026-05-27,PRD-QR8CK3791XW0,CLI-RJJ7M5VCLLUE,Deposit,,1519013.75,COP,379.75,POS,,,,Colombia,Cartagena,Approved,00,False,6.82,,
TRX-4L2ZXFETBDFXNEG4190K,2026-05-27 20:04:50,2026-05-27,PRD-YG8VUVZHHBH9,CLI-6QZVCSCQU4SZ,Purchase,Entertainment,153.33,USD,,Transfer,,Streaming Music,Entertainment,México,Guadalajara,Approved,00,False,10.96,,
TRX-5CW9FZXXSNZ605T07KTY,2026-05-27 06:02:38,2026-05-27,PRD-HB5VXCS8NG9J,CLI-P22M41Z8DRCE,Withdrawal,,828739.67,COP,207.18,App,,,,Colombia,Barranquilla,Approved,00,False,15.78,,
TRX-JT0A9IQFCDS0VK9RUJXG,2026-05-27 12:43:20,2026-05-27,PRD-55Y86TG3HWX7,CLI-Y58B8NPSI8YG,Transfer,,1926312.2,ARS,5503.75,ATM,SUC-5S93Z8YS,,,Argentina,Córdoba,Approved,00,False,3.76,,
TRX-HGHMXWDLODOFV1WKC8P2,2026-05-27 17:51:14,2026-05-27,PRD-TV8GQKOK5JUN,CLI-QSIW80G1BQLO,Deposit,,3876.25,USD,,Web,,,,México,Monterrey,Approved,00,False,14.63,,
TRX-QFIXB9TK7N4FLUZ2PCG9,2026-05-27 17:31:32,2026-05-27,PRD-GV58B3X0X2RA,CLI-7NGN7VT165EL,Withdrawal,,303.22,USD,,App,,,,México,Puebla,Approved,00,False,0.09,,
TRX-7G3BTWCQ8IP49I00Y48B,2026-05-27 13:16:28,2026-05-27,PRD-R2UUHARO47K9,CLI-SAMU4FPVD79N,Transfer,,1617294.04,ARS,4620.84,App,,,,Argentina,Buenos Aires,Approved,00,False,20.82,,
TRX-4PYLC3IQVR0O5WVMOQGI,2026-05-27 08:42:07,2026-05-27,PRD-57NLR7EC9R18,CLI-LDVS1XDT32US,Deposit,,2990.98,USD,,Web,,,,México,,Approved,00,False,5.44,,
TRX-7WVPO0FISJMKR9SIHK3G,2026-05-27 12:41:40,2026-05-27,PRD-Q8BRPIJDFB9K,CLI-JRUQ91WW58DD,Purchase,Other,423.7,USD,,POS,,Centro Comercial,Other,Argentina,Buenos Aires,Approved,00,False,7.44,-34.2862639,
TRX-Q3LGTCWLI46GIEK2G9OV,2026-05-27 21:51:10,2026-05-27,PRD-8QC5YVT1BN37,CLI-KPVU7HUWY0OF,Purchase,Food,1557502.85,COP,389.38,Web,,Tienda Don José,Food,Colombia,Medellín,Approved,00,False,,,
TRX-68KBDSCJYD2Q5EFFUUJS,2026-05-27 13:01:39,2026-05-27,PRD-OIORI3HUVWI9,CLI-04R5L5VOD1LN,Purchase,Entertainment,34.69,USD,,App,,Streaming Music,Entertainment,México,Guadalajara,Approved,00,False,24.47,,
TRX-21QI1QT7KS1TEG9WGXHC,2026-05-27 12:54:27,2026-05-27,PRD-FLHPMTPH3U0K,CLI-S7QLXU12QN9X,Transfer,,4766.58,USD,,Branch,SUC-JD6LDRA8,,,México,Monterrey,Approved,00,False,20.65,-0.1555235,-0.1168944
TRX-DSRWV0DAMHYTD2ZZCCWK,2026-05-28 05:49:21,2026-05-27,PRD-OBCUEVJ23IUX,CLI-NHIGRPTFY5I3,Transfer,,5946.11,USD,,ATM,SUC-3DCC91G4,,,México,Querétaro,Approved,00,False,20.47,,
TRX-ZWYMJINMUVU4HBY4Y8U3,2026-05-28 05:48:38,2026-05-27,PRD-UFPMW8C9LTO2,CLI-XYJME6AEKRU8,Deposit,,9264050.03,COP,2316.01,App,,,,Colombia,,Approved,00,False,,,
TRX-FY0258G0SLX4MM69PBAJ,2026-05-28 01:46:52,2026-05-27,PRD-K0P4X71E4RZ0,CLI-2JK1LLLYRCMS,Purchase,Services,306.65,USD,,ATM,SUC-KKZOCIP3,Internet Plus,Services,México,Ciudad de México,Approved,00,False,1.54,,
TRX-Z5JLWW8KIPCVT67H00N7,2026-05-27 07:06:47,2026-05-27,PRD-BWEBYNVC90V7,CLI-PUZ09NC6MZPM,Payment,Food,150956.56,ARS,431.3,POS,,,,Argentina,Mendoza,Approved,00,False,,,
TRX-5RIRA9XV65UGT1GCNO91,2026-05-27 17:51:14,2026-05-27,PRD-DOYILPMR79LA,CLI-UDW7BW99VIW1,Deposit,,1463710.03,ARS,4182.03,ATM,SUC-OJAQW0AJ,,,Argentina,,Approved,00,False,5.28,,
TRX-AKASVBJM8LBW8HYSB6EG,2026-05-28 00:42:47,2026-05-27,PRD-M1RC8F9YJ65G,CLI-ZEH3JQG9TCU8,Purchase,Entertainment,490.76,USD,,POS,,Teatro Nacional,Entertainment,México,Guadalajara,Approved,00,False,,,
TRX-3UJA0AZIXK0VB1RYECSJ,2026-05-27 06:14:25,2026-05-27,PRD-J0V5X91AUUOS,CLI-IO5PWOA2B2O6,Payment,Food,1701.48,USD,,Web,,,,México,Puebla,Approved,00,False,,,
TRX-BXGCIDKQ7L92261B6CUB,2026-05-28 04:14:58,2026-05-27,PRD-SCYH2IGRE9OB,CLI-MBGS0V5VFYRH,Purchase,Health,193.28,USD,,POS,,Óptica Visión,Health,México,Querétaro,Approved,00,False,6.33,-0.3001915,0.8430942
TRX-NU7DN9T3DXT63UMY7ZE7,2026-05-27 22:29:11,2026-05-27,PRD-BQNYC5RU6UY9,CLI-RFA4O85ZU0OF,Purchase,Entertainment,448.39,USD,,App,,Teatro Nacional,Entertainment,México,Guadalajara,Approved,00,False,19.01,,
TRX-40MFLMO49Q4TCSG3DCKF,2026-05-28 05:52:22,2026-05-27,PRD-N1W7MJWDFBHJ,CLI-1NJOWU1089HF,Withdrawal,,212.08,USD,,ATM,SUC-QL08OUL0,,,México,,Approved,00,False,0.97,,
TRX-OKY8OYL4CUG5KD9PXS1D,2026-05-28 02:34:12,2026-05-27,PRD-0EY3PUPH4DTJ,CLI-5PQBZJNGDKSO,Payment,Transport,143.45,USD,,ATM,SUC-H4YG9DLY,,,México,Guadalajara,Declined,54,False,6.66,0.5445415,0.0957303
TRX-25BWXXFFNSB9J1T7YNFK,2026-05-27 19:56:08,2026-05-27,PRD-U7H5GXN4UKR9,CLI-8MD2MBH5AVQK,Deposit,,4812.08,USD,,Transfer,,,,México,Puebla,Approved,00,False,10.98,,
TRX-HYXKWCIUR9B8A2ZW9NKR,2026-05-27 10:02:28,2026-05-27,PRD-UNSVDHM71E9B,CLI-RTC10HW1B03M,Deposit,,12911916.27,COP,3227.98,POS,,,,Colombia,Cali,Approved,00,False,2.62,3.8100405,-74.1467448
TRX-OMNBK6AZLL7948NAPECB,2026-05-27 13:02:09,2026-05-27,PRD-9NZ1UOJZW1BQ,CLI-M9HZ4XD6TRFZ,Withdrawal,,224602.54,COP,56.15,App,,,,Colombia,Bogotá,Declined,05,False,,,
TRX-4F8IA2H0QGUEE0P6T466,2026-05-27 16:17:16,2026-05-27,PRD-6HX1QI1MTHGM,CLI-QDAW7PP2R2U4,Transfer,,4315.57,USD,,ATM,SUC-JBECVTZ8,,,Argentina,Rosario,Approved,00,False,5.87,,
TRX-EM9WSMJ4GNMI8TXVKIKI,2026-05-27 08:03:05,2026-05-27,PRD-9RJWMCJA72MV,CLI-C1LY5LV4YRB4,Withdrawal,,141553.32,ARS,404.44,POS,,,,Argentina,Buenos Aires,Approved,00,False,0.4,-34.0719585,-57.5900761
TRX-A12G4VQPWWBUH5DW6QSW,2026-05-27 20:46:51,2026-05-27,PRD-HTV3KGOPDJ2T,CLI-YAG8S2SMN086,Deposit,,1391.39,USD,,Web,,,,México,,Approved,00,False,16.95,,
TRX-M80FF2LG88KWLDDAEHQ1,2026-05-27 11:33:52,2026-05-27,PRD-K0PW2CDSVM2W,CLI-C38PIPIUVG1K,Payment,Other,839.56,USD,,ATM,SUC-ZXOSBE5D,,,México,Ciudad de México,Approved,00,False,1.41,,
TRX-BY3DW3MNB44OESO355KU,2026-05-27 23:15:46,2026-05-27,PRD-59ID3QMZ7034,CLI-UZEXMLF55Z6U,Purchase,Services,268.15,USD,,App,,Servicios Públicos,Services,México,Guadalajara,Approved,00,False,0.88,,
TRX-18YLHAF0I1REA1AT9XM0,2026-05-28 00:02:04,2026-05-27,PRD-ENAPLA31XLM8,CLI-9DUUBKIL13N5,Purchase,Health,1696660.57,COP,424.17,ATM,SUC-E5CCM8ZI,Óptica Visión,Health,Colombia,Bogotá,Approved,00,False,15.25,4.8733501,-73.9006253
TRX-RE6QCAX37C0YSCJ1CDS9,2026-05-27 08:05:22,2026-05-27,PRD-S1C8MPVDP9K8,CLI-3UWZLUQNA243,Purchase,Food,1583670.91,COP,395.92,Web,,Tienda Don José,Food,Colombia,Cartagena,Approved,00,False,2.25,,
TRX-GPZHGX6E9J8ZHD7EWUIG,2026-05-27 09:32:17,2026-05-27,PRD-7DGVXLBCIUG5,CLI-LC5SLHAMJTMO,Transfer,,3996.87,USD,,POS,,,,México,Querétaro,Approved,00,False,13.35,,
TRX-WVMCB776OOL2KQNRZE2P,2026-05-27 13:24:45,2026-05-27,PRD-B1PZ4NZO4J5J,CLI-NL0QM7ZNSUU1,Deposit,,705.15,USD,,POS,,,,Argentina,Mendoza,Approved,00,False,27.93,-34.5247534,-57.5873698
TRX-HBVTKMRCLVDJIJCZ3JIU,2026-05-27 11:15:16,2026-05-27,PRD-7JSZVIPZBAR3,CLI-YANRL6THV8YA,Deposit,,824.66,USD,,POS,,,,México,Ciudad de México,Approved,00,False,1.84,,
TRX-DDDFA6Y8CWLYAPGDGFU1,2026-05-27 12:44:13,2026-05-27,PRD-FPGOLHRW2JSQ,CLI-N5ADEL8BCG9D,Transfer,,6938.04,USD,,POS,,,,México,Ciudad de México,Approved,00,False,12.8,,
TRX-6UB8IAF8LWEWAPNZIYQS,2026-05-27 15:47:03,2026-05-27,PRD-QFFI5SDNWEZB,CLI-X69QJOBKFH1J,Deposit,,4323.04,USD,,POS,,,,México,Monterrey,Declined,51,False,29.81,,
TRX-D1A5W1NJAHMW12GPS4P6,2026-05-27 07:27:45,2026-05-27,PRD-GL7RIRG23U0U,CLI-KNTMRZ2L3EAB,Purchase,Food,1495836.15,COP,,POS,,Mercado Central,Food,Colombia,Bogotá,Approved,00,False,15.47,5.2495676,-74.4043437
TRX-2TAAR8N5TYYD4VOSL80H,2026-05-27 16:53:15,2026-05-27,PRD-I7TIC88D9V01,CLI-UZPMEBGWVRUC,Purchase,Services,50.46,USD,,ATM,SUC-HWG24EKK,Cable TV,Services,México,Monterrey,Approved,00,False,12.53,,
TRX-GC34XDCD9AYWE6LO4BCD,2026-05-27 09:56:17,2026-05-27,PRD-4URCECYEXZTC,CLI-RV0393NKZPQI,Withdrawal,,79627.94,ARS,227.51,POS,,,,Argentina,Mendoza,Approved,00,False,5.84,,
TRX-FQ95YAXCV3JT1IUOXHMT,2026-05-28 04:59:15,2026-05-27,PRD-G5AYLEN18V74,CLI-09VYS91A1KY9,Transfer,,8092959.61,COP,2023.24,ATM,SUC-H4WPLB7O,,,Colombia,Bogotá,Approved,00,False,,,
TRX-IMRWEJYD0ONKZPSJSW7E,2026-05-28 03:10:41,2026-05-27,PRD-PUAK675ISGYA,CLI-PK59DA29IFKP,Purchase,Food,429.01,USD,,POS,,Restaurante El Buen Sabor,Food,México,Tijuana,Approved,00,False,23.55,,
TRX-1AGG0VMI8GORSD6FNPG0,2026-05-27 11:14:50,2026-05-27,PRD-1I5ZD9MG3B41,CLI-IV3RZUUTW9XP,Transfer,,9025.98,USD,,POS,,,,Argentina,La Plata,Approved,00,False,5.81,,
TRX-ER0ZX6MVZGVWKAJS8535,2026-05-27 11:59:56,2026-05-27,PRD-CV77ARVB4QE3,CLI-943QHFM1698H,Transfer,,32240563.76,COP,8060.14,ATM,,,,Colombia,Cartagena,Approved,00,False,,,
TRX-NNYHZUOWG1T4JGGK8H21,2026-05-27 12:42:18,2026-05-27,PRD-PVGT31LIBXI7,CLI-9XOU2TQZID8B,Deposit,,1652.12,USD,,App,,,,México,Tijuana,Approved,00,False,11.15,,
TRX-GVRDH0HJU2JLMX63XVB5,2026-05-27 08:34:38,2026-05-27,PRD-X6SDHYDCNP9S,CLI-48ZOT2MBV7GY,Purchase,Transport,200101.26,COP,50.03,Web,,Gasolinera Express,Transport,Colombia,Barranquilla,Approved,00,False,22.19,,
TRX-XT70S2NLQY8XJRMUGC7R,2026-05-27 13:43:04,2026-05-27,PRD-BSY6IBVUFPUR,CLI-1WF522QX2ZZD,Payment,Services,2515516.73,COP,628.88,POS,,,,Mexico,Ciudad de México,Approved,,False,5.64,,
TRX-9SMI05JIDL3AFDZ5B9BF,2026-05-28 05:30:33,2026-05-27,PRD-PJLVLGUEKYDF,CLI-G8ISMW1OBHKA,Purchase,Services,448.85,USD,,Web,,,Services,México,Guadalajara,Approved,00,False,10.16,,
TRX-U0OQ9YK53T6704SNZ75M,2026-05-28 00:04:53,2026-05-27,PRD-92WWIKPWX7B9,CLI-ES8NG7KCP87F,Withdrawal,,487.3,USD,,POS,,,,Argentina,,Approved,00,False,7.34,-0.0555464,-0.7475464
TRX-UCZHAZ3KEJBHHZOK7VR4,2026-05-27 21:10:53,2026-05-27,PRD-MWUNOBAX6CGG,CLI-NPAHGE9NJAV2,Transfer,,5129.9,USD,,POS,,,,México,Guadalajara,Approved,00,False,4.29,-0.5291679,-0.747608
TRX-M3KO8X57J056M1KCYEQS,2026-05-27 23:37:03,2026-05-27,PRD-RQOVAIFHKORJ,CLI-YUN6WUYNGBFP,Purchase,Other,398.79,USD,,ATM,SUC-JRR5Z8WK,Centro Comercial,Other,México,Guadalajara,Approved,00,False,,,
TRX-P9AYGB3XMOGNEQMJS4HV,2026-05-28 01:36:48,2026-05-27,PRD-DADPQHZXF61F,CLI-2K4JB3NHR1CD,Purchase,Services,4767.39,ARS,13.62,Web,,Internet Plus,Services,Argentina,Mendoza,Approved,00,False,24.08,,
TRX-NR76I04Q9RT7LYXVZHSS,2026-05-27 08:17:04,2026-05-27,PRD-C2JFI5EQRS7S,CLI-HTJ1KOIZZ3Q6,Payment,Food,965.13,USD,,Web,,,,México,Monterrey,Approved,00,False,,,
TRX-UE0TI1KNRXPR4LZE3JH9,2026-05-28 02:57:14,2026-05-27,PRD-TNVJYVY8YTVY,CLI-08GG0N6NZHXV,Purchase,Services,129.09,USD,,ATM,SUC-1G7XCTV8,Servicios Públicos,Services,México,Puebla,Approved,00,False,20.04,0.6192452,0.477154
TRX-TLE0041SC9USA2V0APJW,2026-05-28 05:29:51,2026-05-27,PRD-LDDAVJ7STMZ4,CLI-LYC0BGGXUTN9,Purchase,Other,255.32,USD,,POS,,Boutique Moda,Other,México,Puebla,Approved,00,False,26.07,,
TRX-ILTB6A2HYFC00Z4B67I8,2026-05-28 00:54:15,2026-05-27,PRD-8CPGX06WRF5O,CLI-CO81JI00TAQF,Withdrawal,,1437958.21,COP,359.49,POS,,,,Colombia,Cali,Approved,00,False,,,
TRX-8GT9527LTI9531ZD7KBK,2026-05-27 18:39:50,2026-05-27,PRD-QJWAAGVLXTUI,CLI-BMHDT0BX7RPJ,Withdrawal,,406.67,USD,,POS,,,,México,Guadalajara,Declined,05,False,24.74,-0.4852451,-0.3352477
TRX-S8BVXGB45SNBF1F2AZUG,2026-05-27 20:31:06,2026-05-27,PRD-MM2FTQ8VKTWC,CLI-JVO7UW0CWQJE,Purchase,Transport,99964.04,ARS,285.61,Web,,Taxi Seguro,Transport,Argentina,La Plata,Approved,00,False,15.19,,
TRX-BC0515AVTZ3UNWSF7RWT,2026-05-27 21:14:51,2026-05-27,PRD-B9MH5UDMY291,CLI-QGN6D3HN9CQN,Purchase,Entertainment,462.08,USD,,POS,,Teatro Nacional,Entertainment,México,Guadalajara,Approved,00,False,,,
TRX-HCPES3SABB385VCDN28Z,2026-05-27 17:46:02,2026-05-27,PRD-NUZFAKWQAPKQ,CLI-69DY8SFJK39Z,Withdrawal,,184.78,USD,,ATM,,,,México,,Approved,00,False,11.97,-0.0400824,-0.1658443
TRX-4X3BUAGKTJ3X8VVL84V5,2026-05-27 17:20:34,2026-05-27,PRD-FTXOIP6CVFAC,CLI-MIWJNDFUOL1B,Withdrawal,,498.5,USD,,ATM,SUC-7TVQFT2O,,,México,Monterrey,Approved,00,False,,,
TRX-ZTAQ4MBUDYNRLA50VE4D,2026-05-27 17:35:51,2026-05-27,PRD-PM8PBZUWCVTD,CLI-DR59WI1ICPRN,Payment,Services,1556.66,USD,,App,,,,México,,Approved,00,False,10.54,,
TRX-Y0D2CN3E990HT3L0SYYP,2026-05-27 16:42:18,2026-05-27,PRD-INDMZNSNJR5H,CLI-FDH2TPAJUFW2,Transfer,,8238.87,USD,,ATM,SUC-AXDYB0RQ,,,México,Guadalajara,Approved,,False,,-0.8857322,-0.3219908
TRX-61FDN2ETF5RQGRIO4SS3,2026-05-27 15:39:16,2026-05-27,PRD-NKOODQCF58BQ,CLI-G99NHA4SIJUN,Withdrawal,,241.69,USD,,POS,,,,México,Querétaro,Approved,,False,20.55,,
TRX-R815PXQXI431OXCYIV4L,2026-05-28 00:41:20,2026-05-27,PRD-H6K9CJOLXKML,CLI-NILSI57ZQ2O2,Deposit,,1713594.06,ARS,4895.98,App,,,,Argentina,La Plata,Approved,00,False,10.91,,
TRX-9FTNLBWPK86XZJXKJDJ6,2026-05-27 06:49:23,2026-05-27,PRD-IUHZEWMX10KM,CLI-J4KGNGRDIT1Q,Purchase,Transport,405.47,USD,,Web,,Estación de Servicio,Transport,México,Querétaro,Approved,00,False,12.85,,
TRX-606IUEI616CZPAO183CW,2026-05-27 14:29:11,2026-05-27,PRD-N8ROWBWPIAXZ,CLI-CYPW7NCLHO72,Withdrawal,,111100.72,ARS,317.43,ATM,SUC-3JIR51SL,,,Argentina,Córdoba,Approved,00,False,2.8,,
TRX-FV4FVJLUQZFIS0FZ5DNM,2026-05-27 08:03:06,2026-05-27,PRD-CAJYZ6PQUF06,CLI-NZRTL5ECFK77,Withdrawal,,727145.31,COP,181.79,POS,,,,Colombia,,Approved,00,False,,,
TRX-NOT49XAVB8JS2OYG8YJI,2026-05-27 14:47:48,2026-05-27,PRD-7KZ8NGWQDTO6,CLI-6NUV8NSHD9TA,Transfer,,5825.23,USD,,POS,,,,México,Tijuana,Approved,00,False,21.01,,
TRX-Z4Q7SNUHUP5AHEVRMDHF,2026-05-28 05:35:29,2026-05-27,PRD-B7KN6QW7E3Q1,CLI-QZG4GIFSR47H,Payment,Other,573503.99,ARS,1638.58,App,,,,Argentina,Mendoza,Approved,00,False,6.72,,
TRX-PHXOKTCA4HD5UZNTRWBZ,2026-05-27 06:40:33,2026-05-27,PRD-96NZHI7E6TQC,CLI-CTH9AQJ1JWEA,Transfer,,6417.88,USD,,POS,,,,México,Querétaro,Approved,00,False,9.3,,
TRX-HOZCV6Y3B2WLTR9KJ82G,2026-05-27 13:54:22,2026-05-27,PRD-ULGC9EM302MJ,CLI-7HDO6MG961U5,Transfer,,720792.57,ARS,2059.41,POS,,,,Argentina,,Approved,00,False,15.92,,
TRX-ZIKYKXUKXR8QUQNQDMI7,2026-05-28 02:05:35,2026-05-27,PRD-9BM4G4PQYUW3,CLI-R0EQBR8YS2F9,Payment,Food,147.44,USD,,POS,,,,México,Tijuana,Approved,00,False,3.19,0.8375526,
TRX-RJJ9GVLRO4449KRKNYM5,2026-05-27 14:36:29,2026-05-27,PRD-16FJXJC6HYXD,CLI-NID42O1E7RZX,Purchase,Food,263878.52,COP,65.97,POS,,Tienda Don José,Food,Colombia,Medellín,Approved,00,False,19.83,,
TRX-JM5YZPLLQHNAYFRAP6KR,2026-05-27 18:17:54,2026-05-27,PRD-144VS0S4A2M4,CLI-FM9L7ID3BKON,Withdrawal,,71660.12,ARS,204.74,ATM,SUC-GKQAVGPP,,,Argentina,Mendoza,Approved,00,False,27.67,,
TRX-XX8BOJ3RNVE00QQICELM,2026-05-27 13:56:56,2026-05-27,PRD-JZH8X17XGILK,CLI-XNJYRYOV1I74,Purchase,Other,1652388.41,COP,413.1,POS,,Centro Comercial,Other,Colombia,Cali,Approved,00,False,0.4,,
TRX-LGNRN9HFP39MXZ0QMIUR,2026-05-27 19:12:49,2026-05-27,PRD-8KNG3GV079KM,CLI-OPGH0TCNFF2E,Transfer,,7705.67,USD,,POS,,,,México,Monterrey,Approved,00,False,23.8,,
TRX-KQHCK5C98RIYWA3HQ57U,2026-05-27 23:52:37,2026-05-27,PRD-GF6XEETBWFW9,CLI-857KMNGODF5B,Purchase,Transport,399450.02,COP,99.86,App,,,Transport,Colombia,Cali,Approved,00,False,0.18,,
TRX-BT7FXFRZJ2X2Y5SLFVZB,2026-05-27 11:41:24,2026-05-27,PRD-7PIN8QVFQMD4,CLI-EMMRNN28PDJ9,Purchase,Services,604898.4,COP,151.22,POS,,Internet Plus,Services,Colombia,Barranquilla,Approved,00,False,29.7,4.209423,-74.1306968
TRX-6GCWZU8G24UJ83GCGNE0,2026-05-28 03:50:31,2026-05-27,PRD-WLNWHVYDBYMG,CLI-9FZU24KBGOE3,Deposit,,1115.73,USD,,App,,,,México,Querétaro,Approved,00,False,15.13,,
TRX-A1MJPW13Z21IMLIK3CAW,2026-05-27 19:51:05,2026-05-27,PRD-FLVJZLTQ7OWE,CLI-NP5KE9XCHHYC,Withdrawal,,230.11,USD,,POS,,,,México,Monterrey,Approved,00,False,19.68,,
TRX-K4KN8B83J1HKAXHXWD9X,2026-05-27 20:40:29,2026-05-27,PRD-Q35MX3XRR680,CLI-CP2CT3XRHXSI,Withdrawal,,304.97,USD,,ATM,SUC-UBOAYTJG,,,México,Ciudad de México,Declined,14,False,,,
TRX-UVD433S9L14U05CBVIXZ,2026-05-27 07:27:42,2026-05-27,PRD-5KAO1A13KNCH,CLI-LAW13DSKI5S5,Purchase,Food,313.72,USD,,POS,,Super Ahorro,Food,México,Ciudad de México,Approved,00,False,8.53,,
TRX-O5WEBMNIS99EU0QX5CNM,2026-05-27 22:09:55,2026-05-27,PRD-5N0C87SG9M8K,CLI-8Y1JMOACR0VX,Purchase,Food,163.31,USD,,POS,,Super Ahorro,Food,México,Tijuana,Approved,00,False,22.87,,
TRX-7OAEII6RQBT6UP2QPJZX,2026-05-27 20:55:27,2026-05-27,PRD-IYM0C5YH3ZG6,CLI-J1KXLT9MOUWA,Withdrawal,,58.33,USD,,POS,,,,México,,Approved,00,False,9.61,,
TRX-KI60MVDH8S1087URTRTZ,2026-05-27 23:13:41,2026-05-27,PRD-2OXHC3Y2GKD8,CLI-0KUUURIURXP0,Purchase,Transport,1062439.38,COP,265.61,Transfer,,Gasolinera Express,Transport,Colombia,Bogotá,Approved,00,False,28.3,,
TRX-D0JRSCJY9P3MFJ40JP9G,2026-05-27 18:34:29,2026-05-27,PRD-JMPMPDDSBACG,CLI-M9RJAZXAX8F9,Purchase,Food,496.45,USD,,ATM,SUC-WU56M94O,Tienda Don José,Food,México,Guadalajara,Approved,00,False,20.95,-0.5760825,0.9246268
TRX-Q01SIF5K31Q6RBGN0BIF,2026-05-27 10:05:27,2026-05-27,PRD-6AJL3GFV1UZA,CLI-56PELTTCW9WV,Purchase,Services,107.76,USD,,App,,Cable TV,Services,México,Guadalajara,Approved,00,False,21.12,,
TRX-YFXP7K9VD1OLDJVGY0QX,2026-05-27 20:58:45,2026-05-27,PRD-ZALOHB7XAD69,CLI-GALB7WW7UH6C,Withdrawal,,120733.33,ARS,344.95,ATM,SUC-6M2HY1ZX,,,Argentina,Buenos Aires,Approved,00,False,28.46,,
TRX-U3D0RDHD5E5V73GDUO4N,2026-05-27 11:44:21,2026-05-27,PRD-RIBMTJ79K9BF,CLI-CI1IRWWGP70E,Purchase,Food,142.76,USD,,POS,,Super Ahorro,Food,México,Puebla,Approved,00,False,0.19,,
TRX-L2C6YR32AG0GDEIMPLIY,2026-05-27 22:37:45,2026-05-27,PRD-WO2XIYL70RSL,CLI-WK7Y3MVT959Y,Purchase,Services,403.99,USD,,ATM,SUC-5FCLNF9U,Servicios Públicos,Services,México,Puebla,Approved,00,False,20.18,,
TRX-KYON38JAMX1F4VYLGA2P,2026-05-27 19:31:39,2026-05-27,PRD-DVCWVC7A6EKC,CLI-JPNM5USZPSEJ,Deposit,,11880498.51,COP,2970.12,POS,,,,Colombia,Cartagena,Approved,00,False,,,
TRX-6KM9VBKMRPNQB5DDN3V5,2026-05-27 09:00:01,2026-05-27,PRD-C1ITLI5Q2BGN,CLI-KO599RZFXRVP,Adjustment,,3317199.79,COP,829.3,ATM,SUC-UJA1ZE8Q,,,Colombia,Bogotá,Approved,00,False,9.8,,
TRX-1SRAH9C9EL8O2IZVK90H,2026-05-27 21:40:44,2026-05-27,PRD-ZD03W6XBSO69,CLI-OL5I4KSQDMMC,Payment,Services,1904795.24,COP,476.2,Web,,,,Colombia,Barranquilla,Approved,00,False,6.75,,
TRX-VEBRXPX3HZ40JLBYRO29,2026-05-27 15:33:21,2026-05-27,PRD-S7BK2OXSPGL8,CLI-N2IHK1J2VTX2,Payment,Other,1257.76,USD,,POS,,,,México,Guadalajara,Approved,00,False,15.44,,
TRX-GDSTUQ4N5VXF4ZWTLWDG,2026-05-27 18:48:25,2026-05-27,PRD-5CKO8AQTSZ65,CLI-7LJWDX6I96XO,Purchase,Services,165680.8,ARS,473.37,ATM,SUC-K32WS6T0,Cable TV,Services,Argentina,Rosario,Approved,00,False,9.33,,
TRX-WQLNYQY880O0D28DQ1ES,2026-05-27 17:48:51,2026-05-27,PRD-OUUB82Y62PEL,CLI-80AZYWU6XTA1,Payment,Entertainment,141240.27,ARS,403.54,App,,,,Argentina,Córdoba,Approved,00,False,24.9,,
TRX-K7JGHQRLZ7NIBYCSA7XM,2026-05-27 06:09:46,2026-05-27,PRD-B8Q8SQPE4J0L,CLI-UNB63B7GUCP8,Purchase,Food,40.7,USD,,App,,Mercado Central,Food,México,Ciudad de México,Approved,00,False,25.69,,
TRX-495PNOX2NU4X0RR4TTHG,2026-05-27 06:04:24,2026-05-27,PRD-S7161K1HKBTA,CLI-KRI6RZ7TRSK8,Adjustment,,83.56,USD,,App,,,,México,Monterrey,Approved,00,False,23.91,,
TRX-3POUWRIX1CHW7EPO087J,2026-05-27 13:44:33,2026-05-27,PRD-UBJ77WNHKBRT,CLI-BJGBAZYJI9RG,Withdrawal,,155016.28,ARS,442.9,Web,,,,Argentina,La Plata,Declined,05,False,15.38,,
TRX-UGR4365NRB2XKCKT1SXB,2026-05-28 05:48:01,2026-05-27,PRD-R3ALWLJQP180,CLI-TOYRK0PUFYNA,Payment,Services,654068.72,ARS,1868.77,Web,,,,Argentina,Mendoza,Approved,00,False,21.16,,
TRX-GWSGFTYUW257AGOMVJ5D,2026-05-27 20:26:32,2026-05-27,PRD-AYGXIDWJW2YC,CLI-9CMV7R9OFWZP,Deposit,,978.79,USD,,App,,,,México,Querétaro,Approved,00,False,,,
TRX-C7E5ZCP5GKKG1I2VYRJ2,2026-05-27 09:30:03,2026-05-27,PRD-WOBBO4BICMFS,CLI-GTZR97IQGCGG,Withdrawal,,221.86,USD,,ATM,SUC-NZJH5BG1,,,México,Puebla,Approved,00,False,6.24,-0.8408107,0.7535186
TRX-KJ37BXSPXBB294WUIPX6,2026-05-28 00:54:11,2026-05-27,PRD-OCT1ICDEA8LP,CLI-D62UNLN9DJCO,Purchase,Health,48379.53,ARS,138.23,ATM,,Farmacia Salud,Health,Argentina,Buenos Aires,Declined,05,False,15.42,-34.5188147,-57.6623368
TRX-HOY7E7XC6K7E5FW8N4XA,2026-05-27 16:14:11,2026-05-27,PRD-O3OCAFDH76GJ,CLI-6XRBFG5W399H,Deposit,,3008.26,USD,,POS,,,,México,,Approved,00,False,3.03,,
TRX-9SI6NBXS25F5HCUSTWH5,2026-05-27 11:02:26,2026-05-27,PRD-DMN5OLI06OMR,CLI-2SDEPA51CBBR,Deposit,,2473.02,USD,,Web,,,,México,Ciudad de México,Approved,00,False,0.8,,
TRX-AEBBU5BJ46PYJTK72T22,2026-05-27 22:08:18,2026-05-27,PRD-6K215DNHBUXL,CLI-7CBMEBQI4Z4K,Withdrawal,,578785.24,COP,144.7,App,,,,Colombia,Medellín,Approved,00,False,,,
TRX-RED7H5C3SS43TVY7LTA3,2026-05-27 14:20:24,2026-05-27,PRD-ULR8HQD5H7QB,CLI-HUT4UP9DQMOK,Purchase,Services,1605490.19,COP,401.37,ATM,SUC-TQX7379E,Internet Plus,Services,Colombia,Cali,Approved,00,False,27.35,4.9809801,-73.0886844
TRX-12HMOHGB79WJDD0O59GZ,2026-05-27 08:05:03,2026-05-27,PRD-MIC792ZIQ34H,CLI-W0PNDY45O8XO,Payment,Other,674793.35,ARS,1927.98,POS,,,,Argentina,La Plata,Approved,00,False,22.98,,
TRX-NARJQ3UAJDE8BKG7YJPH,2026-05-27 20:10:23,2026-05-27,PRD-HIUAD6PG2WNY,CLI-6C4ZJWHOY6UE,Transfer,,37099985.14,COP,9275.0,ATM,SUC-HQWDAM56,,,Colombia,Medellín,Approved,00,False,22.91,,
TRX-0O0ME1HS2BC2X2FYVRZ2,2026-05-27 07:43:56,2026-05-27,PRD-80MCQ0RBG3GD,CLI-TSR97TTNNKXB,Purchase,Entertainment,801450.8,COP,200.36,ATM,SUC-XZM2NPS4,Teatro Nacional,Entertainment,Colombia,Medellín,Approved,00,False,0.96,4.9172399,-74.3292846
TRX-HZ43GDP189FQJOPFAZ06,2026-05-27 20:21:59,2026-05-27,PRD-F2ADUF4N9VDW,CLI-DR8MRYSGZTGJ,Transfer,,3944.15,USD,,POS,,,,México,Monterrey,Approved,00,False,28.48,,
TRX-OATGCMKVECU91I107OVF,2026-05-27 22:03:43,2026-05-27,PRD-MC0Z8NIAMO4N,CLI-AAHMZZCK1ZG1,Withdrawal,,74.22,USD,,POS,,,,México,Tijuana,Approved,00,False,13.23,,
TRX-13CAXIQ5BTHGETFHGMI2,2026-05-27 16:56:15,2026-05-27,PRD-98R6DFZ45Z23,CLI-MGS6Y3XAL2MP,Withdrawal,,399.71,USD,,POS,,,,México,Ciudad de México,Approved,00,False,29.76,,
TRX-JHIFHZSPDL82TBZDHL4F,2026-05-28 02:03:20,2026-05-27,PRD-9XPR98Q95FE5,CLI-7QC4V68ZHQDS,Transfer,,7983.64,USD,,Web,,,,México,Tijuana,Approved,00,False,,,
TRX-BJ2P8H1QEH463XVYVJ9W,2026-05-27 06:11:35,2026-05-27,PRD-TT1Y0DRYO8WC,CLI-NE5U6SMUTE84,Purchase,Other,119370.36,ARS,341.06,POS,,Tienda General,Other,Argentina,Buenos Aires,Approved,00,False,23.4,-35.4374555,-59.2208964
TRX-36COUELRY3EPCGNUFBQE,2026-05-27 16:04:47,2026-05-27,PRD-1R09331RFMDZ,CLI-RG3OQ2JR65SZ,Transfer,,10162156.59,COP,2540.54,App,,,,Colombia,Barranquilla,Approved,00,False,10.53,,
TRX-MUMQKQ4WHSPPD5N2NSL1,2026-05-27 22:51:02,2026-05-27,PRD-S4A3GZT9W5BR,CLI-I0ZCDBBILULZ,Adjustment,,602.16,USD,,ATM,SUC-V3V4T7QO,,,México,Ciudad de México,Approved,00,False,,,
TRX-0Y21NB9XRJ2OOJYFURPN,2026-05-27 17:15:34,2026-05-27,PRD-PG79RQB9IDZ0,CLI-XSJDCR515JS9,Purchase,Health,257415.36,COP,64.35,ATM,SUC-LBZFJAU6,Farmacia Salud,Health,Colombia,Bogotá,Approved,00,False,17.27,,
TRX-UQKH7NOW7AR6KL70Y9VV,2026-05-28 00:48:46,2026-05-27,PRD-ABCACQXO5PN1,CLI-3AUNJ8FY5JRY,Transfer,,5066.51,USD,,POS,,,,México,Monterrey,Approved,00,False,,0.5853046,0.5851157
TRX-8IIP9U1FNTVTPJSO7KW4,2026-05-27 22:47:23,2026-05-27,PRD-A9A4ZR6RMRXK,CLI-1W70E04E5RVF,Deposit,,11011155.79,COP,2752.79,Web,,,,Colombia,Bogotá,Approved,00,False,14.75,,
TRX-54YUTZ4Y6OUP7Z66265Q,2026-05-27 07:16:05,2026-05-27,PRD-YML6F3GWDIIY,CLI-K7FHAOQQ5MZC,Payment,Transport,1012.6,USD,,POS,,,,Colombia,Cali,Approved,00,False,7.11,4.619979,-74.5488545
TRX-3UTSDD6JMB635MERZ3SI,2026-05-27 11:19:17,2026-05-27,PRD-RO9LOFMSFWYO,CLI-H0A46P15AC8C,Transfer,,3902.85,USD,,ATM,SUC-PUPXM7MA,,,México,Monterrey,Approved,,False,20.66,-0.6563004,-0.4553525
TRX-RJ5ITMY6RC7CLJ4UPUVI,2026-05-28 02:32:08,2026-05-27,PRD-5Y99FZT6BE53,CLI-XUXTIPRVU1HJ,Transfer,,5967.65,USD,,ATM,SUC-FQBLIDK9,,,México,Querétaro,Approved,00,False,11.95,0.0489597,0.7056929
TRX-0F3L474DWXAOR65UVIRM,2026-05-27 23:02:19,2026-05-27,PRD-NCVE0XIZRK9I,CLI-66NCZTN8TGPU,Withdrawal,,295.23,USD,,App,,,,México,,Approved,00,False,,,
TRX-PYT33187YL36KBZ79AFK,2026-05-28 00:42:05,2026-05-27,PRD-1KT4H4HMUWWK,CLI-LKXFWWALECO3,Adjustment,,182409.55,ARS,521.17,POS,,,,USA,New York,Approved,00,False,13.77,,
TRX-XKVISSF99K3549FM5GFY,2026-05-28 00:55:46,2026-05-27,PRD-S34NOSC78P96,CLI-46JGXCVQ9E51,Payment,Transport,1734425.95,COP,,App,,,,Colombia,Cartagena,Approved,00,False,,,
TRX-YTDYF5UPUYH9EN4HE5O5,2026-05-27 06:09:54,2026-05-27,PRD-72ESBD4HQ4RV,CLI-9SPK7ZBKVURT,Purchase,Entertainment,482.05,USD,,POS,,Conciertos Live,Entertainment,México,Guadalajara,Approved,00,False,,,
TRX-D54AZFPJU1QDMGUQ00J0,2026-05-28 02:20:53,2026-05-27,PRD-MS0Y9FSW9AGF,CLI-PV977OVZMPKI,Withdrawal,,633898.4,COP,158.47,Web,,,,Colombia,Cali,Approved,00,False,1.1,,
TRX-EYZS4O0KQEIEL4LZKZ96,2026-05-27 11:39:17,2026-05-27,PRD-1UL5FRU40DVX,CLI-9HISCFY3AGUW,Purchase,Health,400.45,USD,,POS,,Óptica Visión,Health,Spain,Barcelona,Approved,00,False,15.85,-0.142362,-0.6298499
TRX-GVCWZ72SVQ98NG0C51UQ,2026-05-27 11:25:54,2026-05-27,PRD-94U5BKZ9NCV5,CLI-Y2YK64HUGB74,Purchase,Health,80974.53,ARS,231.36,POS,,,Health,Argentina,Rosario,Approved,00,False,3.86,,
TRX-WKU4RTMXN2TVNXITTRRR,2026-05-27 11:01:27,2026-05-27,PRD-VETVR2FD4H7G,CLI-NQ6VOLXESYEM,Purchase,Other,28.22,USD,,Web,,Ferretería,Other,México,Monterrey,Approved,00,False,26.41,,
TRX-ESZEKNZ2M48OB78HNVJO,2026-05-28 04:23:28,2026-05-27,PRD-VWQWSVZNNLEQ,CLI-HBS3PGGRAKVJ,Withdrawal,,121437.81,COP,30.36,ATM,SUC-E5CCM8ZI,,,Colombia,Bogotá,Approved,00,False,6.65,5.1322359,-74.381752
TRX-YEG1G2PC76RBUGAHF2VV,2026-05-27 13:02:47,2026-05-27,PRD-W2V5EU79KGGP,CLI-O70V89L3SJMC,Payment,Entertainment,6103741.34,COP,,POS,,,,Colombia,Barranquilla,Approved,00,False,18.24,,
TRX-XHDJQQWK8TE4IZP02TKX,2026-05-28 02:20:15,2026-05-27,PRD-KHBZ2W1NUAJ4,CLI-P8A8JEWPRR85,Deposit,,16285862.26,COP,4071.47,ATM,SUC-QTKN7Z0R,,,Colombia,Bogotá,Approved,00,False,2.07,5.2466669,-73.0924213
TRX-GTL2O4BSUU6AMN2IQ9NH,2026-05-27 11:50:26,2026-05-27,PRD-2U3NTXM20AXO,CLI-IDYX3XT6PVRM,Payment,Transport,3116457.09,COP,779.11,POS,,,,Colombia,Medellín,Approved,00,False,12.45,,
TRX-6T9XFWMTCCQR88ZWYUEV,2026-05-27 17:07:04,2026-05-27,PRD-SK82287HMQXS,CLI-QBF5RENEE2ZA,Withdrawal,,24.39,USD,,POS,,,,México,Guadalajara,Approved,00,False,17.73,,
TRX-5UH1GZUL2C6A7J91RNIL,2026-05-27 22:47:38,2026-05-27,PRD-FWCK8CQS0OF3,CLI-BQUYJSAMWT23,Deposit,,354.79,USD,,ATM,SUC-5FDGLKJX,,,México,Guadalajara,Approved,00,False,29.27,0.5798937,-0.7421449
TRX-JJ01RUWWOMJ4PAPSZ4XU,2026-05-27 20:31:17,2026-05-27,PRD-CAD8JK6BXM0W,CLI-IA0TK8CY86C0,Payment,Food,1052.26,USD,,POS,,,,México,Guadalajara,Approved,00,False,17.53,,
TRX-CHN40654GJ4O4CURYL0E,2026-05-27 08:27:39,2026-05-27,PRD-WSMC2BGTSKXV,CLI-QMSXOE2ELE9X,Purchase,Entertainment,70275.05,ARS,200.79,App,,Conciertos Live,Entertainment,Argentina,,Approved,00,False,11.93,,
TRX-WXBSSOUCUZ6IEXLQU5F3,2026-05-27 20:53:29,2026-05-27,PRD-L8OQVNV12XI0,CLI-JRAXHCM68C0S,Payment,Entertainment,550448.39,ARS,1572.71,App,,,,Argentina,Mendoza,Pending,51,False,1.19,,
TRX-HXLF8167MBBR3E11MIDC,2026-05-27 12:55:20,2026-05-27,PRD-F5TUIAA1QJ4O,CLI-JW63F4A7UTTZ,Payment,Food,267.61,USD,,POS,,,,México,Querétaro,Approved,00,False,16.88,,
TRX-K7DO09RYVFBP5RZNW363,2026-05-28 04:09:48,2026-05-27,PRD-NFQI22YJXVXH,CLI-XYYJGYVE3YUS,Transfer,,7341.29,USD,,ATM,SUC-RJSJ0B0X,,,México,Guadalajara,Approved,00,False,,,
TRX-CRQTZXN96U04VEO6AFRD,2026-05-27 07:40:28,2026-05-27,PRD-PEUR4I8I4QNI,CLI-D99S234RII14,Withdrawal,,172.77,USD,,App,,,,México,Querétaro,Approved,00,False,2.31,,
TRX-X74XZ84O9IMVJF3QHQW1,2026-05-28 01:30:21,2026-05-27,PRD-XFKG3SQLFWDT,CLI-LOSHLCUAY3F6,Transfer,,1163461.02,ARS,3324.17,POS,,,,Argentina,La Plata,Approved,00,False,9.76,-35.300401,-58.778931
TRX-B6GQC98XL6WXRS12WXAI,2026-05-28 05:46:56,2026-05-27,PRD-W7I26NXLM1ZJ,CLI-WQU7JI9A06CH,Deposit,,10966337.07,COP,2741.58,ATM,SUC-4BEKYT6U,,,Colombia,Cali,Approved,00,False,,,
TRX-EU1A5O9X028Q6IZESL2V,2026-05-27 23:11:07,2026-05-27,PRD-EQDIA87OT1MM,CLI-CSZ5Q148GEC4,Withdrawal,,454.86,USD,,POS,,,,México,Tijuana,Approved,00,False,,,
TRX-PD8ZGPSQ59KEBDMX8HF8,2026-05-27 14:52:40,2026-05-27,PRD-ITRYQIEJQ3JB,CLI-5BU17HQGAAU5,Purchase,Transport,152.49,USD,,POS,,Gasolinera Express,Transport,Mexico,Monterrey,Approved,00,False,,,
TRX-9O0E587SM3QLSB3AW9W2,2026-05-27 10:17:08,2026-05-27,PRD-B3R2HMUNB2I8,CLI-GH7JOST856FS,Purchase,Food,193.34,USD,,POS,,Super Ahorro,Food,México,Guadalajara,Approved,00,False,25.77,0.6518964,0.1078344
TRX-5XCL4WKZXKZZL32F5LCJ,2026-05-27 22:23:33,2026-05-27,PRD-CCSQZI3ALSN1,CLI-FO42LXSBC7BO,Withdrawal,,1660680.98,COP,415.17,ATM,SUC-YAQTMQ56,,,Colombia,Medellín,Approved,00,False,,,
TRX-QCBIK2MJ1XW8A07DD2LL,2026-05-27 17:50:46,2026-05-27,PRD-7ADP38N4IE3N,CLI-I2747JL09DM8,Purchase,Services,422.37,USD,,POS,,Cable TV,Services,Spain,Barcelona,Approved,00,False,13.36,,
TRX-RSF3DYMPBRT2Y1JDQSUI,2026-05-27 23:51:30,2026-05-27,PRD-68E3AJ3A8NWF,CLI-OHDJTP61W4R9,Purchase,Entertainment,298.27,USD,,Web,,Cine Premium,Entertainment,México,Tijuana,Approved,00,False,24.49,,
TRX-RJHHNI81WKSN9GQ5ITFE,2026-05-27 06:46:47,2026-05-27,PRD-WC1OGIM630XL,CLI-CJSHVC360HXU,Payment,Health,4673589.8,COP,1168.4,POS,,,,Colombia,Cali,Approved,00,False,23.38,,
TRX-RHQE7V2NBV376QERFED9,2026-05-27 23:41:21,2026-05-27,PRD-XUS33LJM3XEO,CLI-HMFC0M2N0O84,Payment,Services,1156.89,USD,,Web,,,,México,Querétaro,Approved,00,False,28.02,,
TRX-DDDJVLJ03KL8FIU724L9,2026-05-27 15:04:52,2026-05-27,PRD-NRF6D6QW6J7P,CLI-BLSA6YDXFA9B,Deposit,,4603.1,USD,,ATM,SUC-QO0HYSRK,,,México,Querétaro,Approved,00,False,,,
TRX-1ZLRQ4F1JFSAJTFV0UW5,2026-05-27 09:01:34,2026-05-27,PRD-LCII64Z8A7N1,CLI-8PP2Z6KOYISR,Transfer,,1293856.0,ARS,3696.73,POS,,,,Argentina,Córdoba,Approved,00,False,15.44,-33.7686807,-59.1843407
TRX-00HCITQW1IHQUPF8CLB7,2026-05-28 02:08:54,2026-05-27,PRD-GKA4E4IXOHUT,CLI-B1TZR5BH2JUQ,Withdrawal,,52.76,USD,,ATM,SUC-H4YG9DLY,,,México,Puebla,Approved,00,False,27.39,,
TRX-YMGKMZ0Z5SRY4F9E4C4H,2026-05-27 08:04:58,2026-05-27,PRD-IARAPESGY199,CLI-TZL1D7LP6SDU,Transfer,,868.94,USD,,POS,,,,México,Monterrey,Approved,00,False,13.24,,
TRX-X9ATKQARZLXCA5E5H94B,2026-05-27 08:23:17,2026-05-27,PRD-4DP3R6WTL3O2,CLI-CP054DMMM3Y2,Purchase,Food,206.01,USD,,POS,,Tienda Don José,Food,México,,Approved,00,False,12.52,0.9412529,0.1791071
TRX-O2KK98JQA8SJJ8HDVFO1,2026-05-28 00:52:43,2026-05-27,PRD-DA8ZD4P1FULC,CLI-FUWPZMZSGDWQ,Deposit,,14572028.46,COP,3643.01,POS,,,,Colombia,Cartagena,Approved,,False,13.68,4.3929914,-73.1873912
TRX-ME3UPYRDQMQLHJWJF324,2026-05-28 05:37:41,2026-05-27,PRD-2V8LMKJPG6FG,CLI-T9L3LAWTTH1P,Purchase,Other,441.43,USD,,ATM,,Centro Comercial,Other,México,Tijuana,Approved,00,False,7.8,,
TRX-L4F2G5BQ2XU4D703RJAC,2026-05-27 13:38:56,2026-05-27,PRD-RU1LCGRHGCA3,CLI-C94GNIYCUPUW,Purchase,Entertainment,173.92,USD,,POS,,Conciertos Live,Entertainment,México,Monterrey,Approved,00,False,22.99,-0.04552,0.1395564
TRX-MHJZ0FNI2BQX25XTQOEC,2026-05-27 09:01:39,2026-05-27,PRD-PI1MVJE4JB9X,CLI-TEBZMKKQS7Z9,Transfer,,1124.39,USD,,ATM,SUC-R1MU0X5G,,,México,Monterrey,Declined,14,False,4.91,0.0550642,-0.2676893
TRX-6CAFW4XHP4SVAMJY7S6C,2026-05-27 17:07:53,2026-05-27,PRD-HAFL8S2XHM4Z,CLI-IY4F47L8RSXF,Purchase,,62938.69,ARS,179.82,Web,,Taxi Seguro,Transport,Argentina,Mendoza,Approved,00,False,17.52,,
TRX-OF06YJS6BIY95RHTOK47,2026-05-27 23:45:47,2026-05-27,PRD-J8S8XY5MIBGK,CLI-X3P4MRNLWUNL,Deposit,,2521.51,USD,,App,,,,México,Querétaro,Pending,14,False,25.13,,
TRX-7ZZ0KLUIW656RS967S3R,2026-05-28 03:16:59,2026-05-27,PRD-J2V91HHSC2LK,CLI-TGR6OBI08058,Deposit,,211621.24,ARS,604.63,ATM,SUC-YV8Q78LJ,,,Argentina,Rosario,Approved,00,False,18.84,,
TRX-X564ZDHONX7NI28SMAWA,2026-05-27 08:38:58,2026-05-27,PRD-XYAOEGEH5NSL,CLI-L6N7WH6N2IGM,Deposit,,8387717.02,COP,2096.93,ATM,SUC-U7NNFMS6,,,Colombia,Cartagena,Approved,00,False,,,
TRX-TNIEFIACANQDY1O7PAPT,2026-05-27 07:28:35,2026-05-27,PRD-4SY366JPEKAP,CLI-ZUP2N62DTL62,Withdrawal,,300.01,USD,,Branch,SUC-PJ6NDQ6K,,,México,Monterrey,Approved,00,False,17.73,,
TRX-LUM17K7AFIRRWE712VKG,2026-05-27 19:53:16,2026-05-27,PRD-CDM9IUEJWW62,CLI-8P8FCKLG797I,Withdrawal,,513641.92,COP,128.41,POS,,,,Colombia,,Approved,00,False,18.08,,
TRX-C1GPS3AIT36BBBT4TLXM,2026-05-27 08:52:42,2026-05-27,PRD-XXSXV8660KRF,CLI-95U9NST5ZKCP,Deposit,,4213.13,USD,,POS,,,,México,Guadalajara,Approved,00,False,13.0,,
TRX-126GEAM9CF644S116SUG,2026-05-28 05:32:42,2026-05-27,PRD-3VNXWUADEIV9,CLI-TP6JW6JRXHIU,Withdrawal,,224512.39,COP,56.13,POS,,,,Colombia,Barranquilla,Approved,00,False,9.44,,
TRX-2S2GV51OAIZF1HT94YRF,2026-05-28 00:30:09,2026-05-27,PRD-D4J16QY05V5H,CLI-3CN5HSMKYEA1,Withdrawal,,216277.64,COP,54.07,App,,,,Colombia,Barranquilla,Approved,00,False,14.68,,
TRX-Q23GFUC4Y6R1463ZCKUE,2026-05-27 20:49:11,2026-05-27,PRD-Q5AL7IVFRS5Z,CLI-E5W3NGRBYU29,Withdrawal,,313.41,USD,,POS,,,,México,Guadalajara,Approved,00,False,14.66,,
TRX-8CP4RGJF8UWED8QGORH0,2026-05-27 10:22:58,2026-05-27,PRD-OBW5HBQOK5U1,CLI-XPL70DXX1A88,Payment,Services,3461134.36,COP,865.28,POS,,,,Colombia,Barranquilla,Approved,00,False,23.09,,
TRX-TOCFEOENC44ES80B0WJH,2026-05-27 09:33:16,2026-05-27,PRD-99HSGC4GWCGC,CLI-QCLWTXZVI4RK,Transfer,,2742.01,USD,,POS,,,,México,Puebla,Approved,00,False,24.42,,
TRX-RZSYL2B7D3G0OIVU3BZ0,2026-05-28 03:10:50,2026-05-27,PRD-G8S6683QTJZK,CLI-Q6J3PNWIUJLJ,Purchase,Food,1464404.02,COP,366.1,Web,,Tienda Don José,Food,Colombia,Cartagena,Approved,00,False,28.03,,
TRX-JCS95RXM7FU212E6I1FR,2026-05-27 10:19:54,2026-05-27,PRD-BAACHBQ6HNJD,CLI-C25BRS5AP4WC,Transfer,,4963.99,USD,,POS,,,,México,,Approved,00,False,6.43,,
TRX-GBQHY2OZ8U7NVA8ZJDP0,2026-05-27 17:03:15,2026-05-27,PRD-WITRAXY7HIVT,CLI-QMR9S29W63FX,Purchase,Services,273.65,USD,,Transfer,,,Services,México,Tijuana,Approved,00,False,,,
TRX-JZSCFC7ZC6GXAB7FJY4V,2026-05-27 08:46:10,2026-05-27,PRD-5C95IBY7HQ3N,CLI-9HNHH27KKBOF,Payment,Entertainment,136.42,USD,,ATM,SUC-P5YISP64,,,México,,Approved,00,False,9.31,,
TRX-TL4W2M1A54PJXN6LLMN4,2026-05-27 14:14:21,2026-05-27,PRD-6R8KKGTYCI6L,CLI-W716Q9G4R40U,Payment,Food,1702327.48,COP,425.58,ATM,SUC-X57ITSKO,,,Colombia,Cartagena,Approved,00,False,6.2,,
TRX-XEFIHRM8LQ7AZXGKRIY9,2026-05-27 21:43:12,2026-05-27,PRD-BMXTZ78X7ZF0,CLI-LXFF00P9V03Q,Payment,Services,478.33,USD,,Web,,,,México,Monterrey,Declined,51,False,24.84,,
TRX-YWVJTEUB8D00TYBMM8PK,2026-05-27 20:56:15,2026-05-27,PRD-IXE2ZQZTZVIB,CLI-1706R1V3OBV4,Deposit,,4831.55,USD,,POS,,,,México,Querétaro,Approved,00,False,15.86,,
TRX-K0VKL7YNMPR6YHU08YVL,2026-05-27 18:41:52,2026-05-27,PRD-VBV0NKGOEFDX,CLI-35V84VLNNT3U,Withdrawal,,1857355.04,COP,464.34,App,,,,Colombia,Barranquilla,Approved,00,False,1.14,,
TRX-32HE7Q55Q42MQFEHGFGH,2026-05-28 03:51:56,2026-05-27,PRD-1F861M8E9CQC,CLI-393LH6IGI8QK,Transfer,,1789002.25,ARS,5111.44,App,,,,Argentina,Buenos Aires,Approved,,False,,,
TRX-Z15VDLS2468OY19L6RG3,2026-05-27 15:49:39,2026-05-27,PRD-RDR7711Y4X02,CLI-T4J5PFZ1UPOG,Payment,Other,951.43,USD,,POS,,,,México,Puebla,Approved,00,False,28.12,,
TRX-QNDO3K56GLWWILE8D44D,2026-05-27 20:47:39,2026-05-27,PRD-44PDJAVDNN4W,CLI-XVFMNRGK649N,Deposit,,1357.79,USD,,POS,,,,México,Monterrey,Approved,00,False,14.64,,
TRX-WFDO6WTGFY7DRSI5503Z,2026-05-27 09:44:27,2026-05-27,PRD-J65T6Q5GU3JI,CLI-9B5K7P14H6SX,Transfer,,15407291.89,COP,3851.82,ATM,SUC-P44GDIDS,,,Colombia,Barranquilla,Approved,00,False,1.61,5.1211506,-75.0387906
TRX-183GI6ZKYUQCU65O0HNL,2026-05-27 14:46:49,2026-05-27,PRD-6RRV423CTOVX,CLI-GQ56R0YAA74L,Withdrawal,,259.16,USD,,ATM,SUC-HYTTI82L,,,Argentina,Mendoza,Approved,00,False,13.21,,
TRX-CE6I3AH3UCKGLO37W4EC,2026-05-27 22:13:11,2026-05-27,PRD-IPKY37XOFWH9,CLI-AK5CKX0F7KXF,Purchase,Entertainment,319.86,USD,,App,,Cine Premium,Entertainment,México,Monterrey,Approved,00,False,,,
TRX-D791PUV8L5XZUBF5ODNW,2026-05-27 06:52:14,2026-05-27,PRD-RDPVGMJC422I,CLI-SHUYPHE2OZCE,Payment,Other,1184.42,USD,,ATM,SUC-N1ZUF3PF,,,México,Querétaro,Declined,05,False,5.74,0.6932927,0.5756912
TRX-8ALG4GWZ6PWN6RLQOA1J,2026-05-28 02:52:56,2026-05-27,PRD-0B7WD7ICI10Y,CLI-R4WNQV3OAG0G,Withdrawal,,375.5,USD,,ATM,SUC-W04NBWY9,,,México,Guadalajara,Approved,00,False,23.75,-0.9456789,0.7789717
TRX-T2ZDJFJJMO4H9X749G1P,2026-05-27 18:08:19,2026-05-27,PRD-27PJ3SDAJSTZ,CLI-QKG88M6BA7HR,Adjustment,,609.82,USD,,Web,,,,Colombia,Cali,Approved,00,False,17.96,,
TRX-QIUMAIAM5UOEYGZMCLSW,2026-05-28 00:48:24,2026-05-27,PRD-LVW5G2VZ4DFL,CLI-8PLHN4OKLLUE,Deposit,,3111.53,USD,,ATM,SUC-I3D08YZO,,,México,Monterrey,Approved,00,False,22.23,,
TRX-JOT9BCOOFGTJBQQK9C7N,2026-05-27 13:42:29,2026-05-27,PRD-RZNNQ6YUP8I0,CLI-5VLPLN84YX2E,Payment,Services,738.29,USD,,POS,,,,México,Guadalajara,Approved,00,False,8.95,,
TRX-902SR26T1OLC3XU3YH3W,2026-05-27 14:14:22,2026-05-27,PRD-FT0WOAUS831R,CLI-D4ZDGIHMT3EO,Purchase,Transport,1890473.73,COP,472.62,ATM,SUC-GPTCLR0Q,Taxi Seguro,Transport,Colombia,Bogotá,Approved,00,False,29.31,,-73.9735391
TRX-5E3Z1TWQZQ3V029IH6DN,2026-05-27 07:13:34,2026-05-27,PRD-GHS74FPDJD5K,CLI-7T9ZANI59WGU,Transfer,,6751.79,USD,,Transfer,,,,México,,Approved,00,False,18.33,,
TRX-O7N3C0BDHKUABQRI3SAF,2026-05-27 21:40:53,2026-05-27,PRD-J2KH5R4OL50X,CLI-YNYT9WPTCG99,Withdrawal,,436103.75,COP,109.03,POS,,,,Colombia,Bogotá,Approved,00,False,0.64,,
TRX-3QGSV5CCHIH4QQ7WKVST,2026-05-27 09:59:58,2026-05-27,PRD-OFEU7V5OFVBE,CLI-H7DFUVT48STW,Withdrawal,,429.3,USD,,POS,,,,México,Guadalajara,Approved,00,False,,,
TRX-UGE8XV6VYHZ4E2B53D02,2026-05-27 09:25:51,2026-05-27,PRD-6YVOE9D0DY7G,CLI-WHNDTRUUOEJQ,Transfer,,1610313.93,ARS,4600.9,POS,,,,Argentina,Rosario,Approved,00,False,,,
TRX-65THS9DIFX6I6MVAY0GE,2026-05-27 22:59:29,2026-05-27,PRD-VZ51M1F6UHHI,CLI-ICMP2V5OD6MO,Transfer,,207945.11,ARS,594.13,App,,,,Argentina,Buenos Aires,Approved,00,False,8.88,,
TRX-8I7COVKC6GLT7QOAWGED,2026-05-27 19:25:41,2026-05-27,PRD-DPPI12AZV8AU,CLI-14CFF1H0HIGA,Transfer,,4042147.86,COP,1010.54,ATM,SUC-4IFX1CUR,,,Colombia,Cali,Approved,00,False,10.42,,
TRX-VBFX1MHSH66G0121ZL94,2026-05-27 14:04:21,2026-05-27,PRD-4DHO22P1QKJY,CLI-HOGAZ1CCTVEI,Withdrawal,,380.73,USD,,ATM,SUC-7T5LBQT3,,,México,Tijuana,Approved,00,False,,,
TRX-6EY7X9RZ9EQLHPTC3TPV,2026-05-27 17:43:23,2026-05-27,PRD-FI3US3HXR9S7,CLI-SJGLBB6TLEA8,Withdrawal,,424.36,USD,,POS,,,,México,Puebla,Approved,00,False,20.53,,
TRX-REHBC3P0E3YDJX66X4IG,2026-05-27 12:25:08,2026-05-27,PRD-U9QMT8D45YKN,CLI-0K9HSUOLRPJS,Withdrawal,,308.52,USD,,Web,,,,México,Querétaro,Declined,51,False,4.1,,
TRX-VI2BM3PGHKYDXNSYB9CK,2026-05-28 03:14:56,2026-05-27,PRD-61MQZ3A527YP,CLI-QFUP4D8EZN13,Payment,,1442.32,USD,,ATM,SUC-VTIA5X8Y,,,México,Monterrey,Approved,00,False,2.63,,
TRX-LAQGELM9JF3WNSHZRPQS,2026-05-27 10:57:38,2026-05-27,PRD-M1CWENHDFXJ3,CLI-1VEB6CX8API8,Transfer,,2169842.96,ARS,6199.55,POS,,,,Argentina,Mendoza,Approved,00,False,6.29,,
TRX-E2TZVF7SZ8CT7TIO6EAF,2026-05-27 12:38:48,2026-05-27,PRD-WFALTDA390L8,CLI-U9RF95GE9X6J,Purchase,Services,168453.07,ARS,481.29,POS,,Cable TV,Services,Argentina,Rosario,Approved,00,False,20.51,,
TRX-P6IPKAIB110YQBD91BKG,2026-05-28 04:13:45,2026-05-27,PRD-KKII6HTNINNQ,CLI-19G6O38UV8NA,Withdrawal,,89328.05,ARS,255.22,Transfer,,,,Argentina,Buenos Aires,Approved,00,False,,,
TRX-238MC72H1KX6YOX3B8U4,2026-05-27 09:09:12,2026-05-27,PRD-T32JI2XKTQK5,CLI-7QQ0FMZOX20P,Transfer,,2563680.21,ARS,7324.8,POS,,,,Argentina,La Plata,Approved,00,False,12.33,,-57.4061657
TRX-NIQT36H6SA6DTN8B1FMF,2026-05-28 04:01:44,2026-05-27,PRD-NHXRM2XDM7Q4,CLI-GYIPWH663X3U,Deposit,,3520085.77,COP,880.02,Web,,,,Colombia,Medellín,Approved,00,False,26.19,,
TRX-FHCZQ33W7H6DBTYI7L99,2026-05-27 20:32:10,2026-05-27,PRD-K5J2VE318RYK,CLI-LZ9D0VLN3ROF,Withdrawal,,64301.46,ARS,183.72,POS,,,,Argentina,La Plata,Approved,00,False,29.36,,
TRX-NVN7GOR2H81T0334OCWE,2026-05-27 18:54:12,2026-05-27,PRD-0I8WPCOBMG3C,CLI-WS82LQ4JYIUH,Purchase,Food,95205.76,ARS,,ATM,SUC-0LZRXHCF,Restaurante El Buen Sabor,Food,Argentina,Rosario,Approved,00,False,2.99,-34.1439649,-57.9004267
TRX-3SRQ4ZP53DH6KG94RVF0,2026-05-27 20:34:05,2026-05-27,PRD-JVPAF7C3YP3R,CLI-4UMLTZQG5VQR,Withdrawal,,299708.21,COP,74.93,POS,,,,Colombia,Cali,Approved,00,False,9.79,4.2258636,-74.9623389
TRX-KLM3SBVOJ28VHNGRKWBV,2026-05-27 15:51:12,2026-05-27,PRD-B9OFMYT4Y0IT,CLI-84OP8EWW8VL0,Deposit,,17696624.29,COP,4424.16,ATM,SUC-I7CB5PA8,,,Colombia,,Approved,00,False,17.08,,
TRX-6WY6UAV061SS0W3WI1ZB,2026-05-28 02:36:18,2026-05-27,PRD-4RUK1EG8YHVH,CLI-178UYCLJ18OY,Payment,Entertainment,1340.32,USD,,Web,,,,México,Tijuana,Approved,00,False,,,
TRX-DLOAHCT0DRVOKGAHQT7K,2026-05-27 13:34:11,2026-05-27,PRD-7ZFZVJMD8EE8,CLI-WXTX8R2EOHBD,Deposit,,6638441.78,COP,1659.61,POS,,,,Colombia,Cartagena,Approved,00,False,5.84,,
TRX-5V200BJ6WULP98Q2OEO4,2026-05-28 05:54:58,2026-05-27,PRD-9CPBFX3Y8GPX,CLI-SU1WZO9PTR5P,Transfer,,35820619.15,COP,8955.15,App,,,,Colombia,Bogotá,Approved,00,False,11.86,,
TRX-KWAWY9R1QZK1ZCIA4OWM,2026-05-28 04:09:22,2026-05-27,PRD-A1OX2RYF4UT9,CLI-AW9PCU3W48ZS,Purchase,Food,1256913.2,COP,314.23,Web,,Restaurante El Buen Sabor,Food,Colombia,Cali,Approved,00,False,16.48,,
TRX-S8JKC8R4ZPLNUCR9PWLS,2026-05-28 05:51:58,2026-05-27,PRD-EJ18JTUE3S1T,CLI-9BHD6SGNICA4,Purchase,Services,34.77,USD,,ATM,,Empresa Telefónica,Services,México,Guadalajara,Approved,00,False,5.97,,
TRX-3IHGIYNX6ICAU18NQ1SL,2026-05-27 15:24:13,2026-05-27,PRD-GRYOY6D75A7D,CLI-NMOLHFKUA27Q,Payment,Food,4653884.81,COP,,Transfer,,,,Colombia,Cartagena,Approved,00,False,9.85,,
TRX-DK6FMBQBPG297SUW4SBL,2026-05-27 08:11:12,2026-05-27,PRD-EIEXO8KS1QE2,CLI-7X5REOFW6OTG,Purchase,Entertainment,276.05,USD,,Branch,,Conciertos Live,Entertainment,México,Puebla,Approved,00,False,5.26,,
TRX-ZZ1JEI0PX4PD7ELA151B,2026-05-28 00:18:57,2026-05-27,PRD-TB1H2HBVQDZR,CLI-WP1H52T0HM2A,Withdrawal,,1203937.49,COP,300.98,ATM,SUC-07AK38PR,,,Colombia,,Approved,00,False,7.15,,
TRX-Q8HPQ8QBGKTHSY1WDOCO,2026-05-27 12:54:02,2026-05-27,PRD-R2XRN2VJC3WF,CLI-ZMFIQ1ZUO4OU,Deposit,,3704.95,USD,,Web,,,,México,Guadalajara,Approved,00,False,2.48,,
TRX-W0CDTV8AJVF0VE1D3KE2,2026-05-27 17:17:13,2026-05-27,PRD-FVYZFMQXZHC1,CLI-I9137OLB2HSB,Transfer,,17020749.0,COP,4255.19,Web,,,,Colombia,Barranquilla,Approved,00,False,23.29,,
TRX-93SPGDROC9DB0BNC7B9H,2026-05-27 08:42:43,2026-05-27,PRD-80VGUX82XKDC,CLI-M1ZYY9ZIEXAC,Transfer,,2038.71,USD,,POS,,,,México,,Declined,14,False,,,
TRX-M2LU0IC7QIY0MTF9YU2V,2026-05-27 23:13:57,2026-05-27,PRD-XNLKKSKH1WMT,CLI-V9LTCG7ISYGY,Transfer,,894676.05,ARS,2556.22,POS,,,,Argentina,La Plata,Approved,00,False,,,
TRX-Y5213L6R3FJ6UY67RUX6,2026-05-27 07:25:11,2026-05-27,PRD-22NYDBBD7ZWW,CLI-GJSZD4TJ5J2B,Purchase,Other,207.78,USD,,POS,,Ferretería,Other,México,Querétaro,Approved,00,False,,,
TRX-CQR8US1FUXWZA5W36TZU,2026-05-27 07:40:38,2026-05-27,PRD-OY72FRAPO13G,CLI-RPRNK30XCSCR,Payment,,1514.26,USD,,POS,,,,México,Querétaro,Approved,00,False,27.19,,
TRX-X8C3YW0EC4L38LWA1OQB,2026-05-27 11:17:44,2026-05-27,PRD-2P8KT161R4RI,CLI-WKAKMF8T1UFL,Deposit,,11318440.97,COP,2829.61,App,,,,Colombia,Bogotá,Approved,00,False,,,
TRX-MD1V8SZJQ56D6FKVHVO3,2026-05-28 04:51:35,2026-05-27,PRD-JIT8RQ8LUUTD,CLI-05W53Q2C793I,Purchase,Food,39783.54,ARS,113.67,POS,,Tienda Don José,Food,Argentina,Mendoza,Approved,00,False,27.32,-34.0916894,
TRX-O5K1K9B2Y7PNLC5LV2WC,2026-05-27 09:22:02,2026-05-27,PRD-TMH5DLKUDFDC,CLI-C0MSC0EX021F,Purchase,Transport,1357259.93,COP,339.31,Web,,Gasolinera Express,Transport,Colombia,Bogotá,Approved,,False,,,
TRX-0GNKM9RULOGJB6F62Y1G,2026-05-27 12:13:20,2026-05-27,PRD-OZ3ZTNZFSY1L,CLI-ZO4VYA80JUHV,Payment,Food,1724.16,USD,,Web,,,,México,Guadalajara,Approved,00,False,,,
TRX-US5XBGPPV05QKX3G9KA7,2026-05-27 21:44:35,2026-05-27,PRD-DK3Z9A33LECL,CLI-SX83DDNWJ6QP,Transfer,,15150578.63,COP,3787.64,POS,,,,Colombia,Medellín,Approved,00,False,2.24,,-73.9715764
TRX-JH2Z05HZS4UX1XRTB52I,2026-05-27 16:57:48,2026-05-27,PRD-1CWOCV0FXMT1,CLI-W8PBT0JTW6G1,Payment,Transport,313292.49,ARS,895.12,App,,,,Argentina,Buenos Aires,Approved,,False,24.47,,
TRX-E1O1J8HECAX261NSVG6F,2026-05-27 20:39:04,2026-05-27,PRD-V1O8643Y3JB6,CLI-QFBX1FOH917W,Transfer,,3352670.99,ARS,9579.06,POS,,,,Argentina,Buenos Aires,Approved,00,False,29.39,,
TRX-9ZM049LQAKF35O4DWTGA,2026-05-27 22:28:09,2026-05-27,PRD-ZB0YRD0YCTWL,CLI-LBMIV0NNTT7G,Transfer,,4439.07,USD,,App,,,,México,Guadalajara,Approved,,False,16.84,,
TRX-726GMC6HQ44GAP4V2SPR,2026-05-27 06:23:41,2026-05-27,PRD-XJHE22F287SA,CLI-8C6KW9NG21E8,Transfer,,4967.59,USD,,Web,,,,México,Puebla,Approved,,False,13.56,,
TRX-VGDCKE6EQ9KJM4X71SGY,2026-05-27 14:29:05,2026-05-27,PRD-U1EDQ8403XWS,CLI-IK8A62HFP7PB,Purchase,Services,597991.68,COP,149.5,POS,,Cable TV,Services,Colombia,Medellín,Approved,00,False,23.89,5.2200738,-73.8992969
TRX-NCNKDOPCJSDCIIJBOC1G,2026-05-27 11:34:41,2026-05-27,PRD-HTO2NO7HE5IM,CLI-S03O8M9Q3B5M,Purchase,Entertainment,327067.24,COP,81.77,POS,,Teatro Nacional,Entertainment,Colombia,Cali,Approved,00,False,,,
TRX-MQFKXJ7EJPUY51HUL5KK,2026-05-27 07:36:27,2026-05-27,PRD-RT6JCACFKM6K,CLI-4VIVHBZ9EB8W,Transfer,,1796.24,USD,,POS,,,,México,Monterrey,Approved,00,False,6.65,-0.1997629,0.5114083
TRX-YDKK56M05Z3LG6YQ7PRN,2026-05-27 09:33:58,2026-05-27,PRD-WFEK0E5KOP8B,CLI-YYKL3O2AK3Y9,Purchase,Food,50.03,USD,,POS,,Mercado Central,Food,México,Querétaro,Approved,00,False,7.93,,
TRX-BMAYFMMQGCXQL40CEAD9,2026-05-27 15:52:40,2026-05-27,PRD-RHMT09IP3Q52,CLI-W4NETGC4RHW6,Transfer,,17326615.82,COP,4331.65,ATM,SUC-4B1UVBW3,,,Colombia,Barranquilla,Declined,05,False,,4.6920074,-74.8172598
TRX-TPSRXP76EC1FSJBJO4BM,2026-05-27 22:31:00,2026-05-27,PRD-SUPTODXBC0VF,CLI-4FZSW02RQLWK,Withdrawal,,1749297.13,COP,437.32,POS,,,,Colombia,Bogotá,Approved,00,False,11.83,,
TRX-SUPKA61LVTTQII548TYQ,2026-05-27 19:36:37,2026-05-27,PRD-5KNRD2XT8N9D,CLI-GDQ6G1A8FGN8,Transfer,,27537550.51,COP,6884.39,POS,,,,Colombia,Barranquilla,Approved,00,False,24.09,,
TRX-587ALXH7RG5D3WQ3WM89,2026-05-27 20:35:19,2026-05-27,PRD-T631N8LLEQ5S,CLI-UWXCYLPCD8IH,Adjustment,,63.92,USD,,POS,,,,México,Guadalajara,Approved,00,False,,,
TRX-VHDXJKAF9A3VDEDGJD8J,2026-05-27 11:03:11,2026-05-27,PRD-5UTXC769GV6Y,CLI-YQ201HZ5O657,Deposit,,3011691.73,COP,752.92,ATM,SUC-A4SSWF0H,,,Colombia,Cali,Approved,00,False,2.07,4.0953777,-74.886453
TRX-X8GC5DC0XDWOLCI78Y02,2026-05-27 22:23:17,2026-05-27,PRD-UL1SERAZA0G1,CLI-N95ZZRJ74MLO,Purchase,Food,355.08,USD,,ATM,SUC-V3V4T7QO,Super Ahorro,Food,México,Guadalajara,Approved,00,False,,-0.0669767,-0.413921
TRX-TOIQHTRQQ68W2EBKYVMN,2026-05-28 01:28:50,2026-05-27,PRD-LGPGL3EB4LGB,CLI-H3A841XLY4RL,Withdrawal,,1383466.93,COP,345.87,App,,,,Colombia,Medellín,Approved,00,False,20.37,,
TRX-JHCDGD63ON578C468HTO,2026-05-27 14:06:07,2026-05-27,PRD-N1RITO3R4FXU,CLI-IGIYOWX14CZT,Withdrawal,,374.01,USD,,Web,,,,México,Puebla,Approved,00,False,14.5,,
TRX-HJ5BOVWWXSD7AK3C427Y,2026-05-27 21:57:19,2026-05-27,PRD-4ROVMB028NRZ,CLI-ISRQ6MHKCTTG,Payment,Food,1589.04,USD,,Web,,,,México,,Approved,00,False,17.06,,
TRX-CP3QEZ9XKSNO4OHW8YYQ,2026-05-27 14:28:41,2026-05-27,PRD-0E3ZXQAZBDIJ,CLI-WUFE1R1ID0D8,Withdrawal,,92220.18,ARS,263.49,Web,,,,USA,Los Angeles,Approved,00,False,,,
TRX-H9LLHDRLLQ1WAQ2SZFRZ,2026-05-27 06:50:26,2026-05-27,PRD-HMJ6CCBC0YDH,CLI-4XFCRT99ASA7,Purchase,Entertainment,358.48,USD,,POS,,Conciertos Live,Entertainment,México,,Approved,00,False,24.59,,
TRX-4RVJE7ZECX9JWFU3FMR7,2026-05-28 02:25:49,2026-05-27,PRD-Y9RIKLN64AAF,CLI-6LRJ5TYXDLGE,Deposit,,16786421.69,COP,4196.61,POS,,,,Colombia,Cartagena,Approved,00,False,5.12,,
TRX-XTVJULABY9TKKQ6WLBZE,2026-05-27 19:36:29,2026-05-27,PRD-QROJVSZQISC8,CLI-IZFG4MOVK8N3,Payment,Services,248.72,USD,,ATM,SUC-7G8CGE3F,,,México,Querétaro,Approved,00,False,23.9,,
TRX-4RYQPJIUA3J2S9DUYP4F,2026-05-27 06:19:35,2026-05-27,PRD-GHGNBLZHS9PA,CLI-P7ROGOJUQ3ZD,Payment,Food,269164.08,ARS,769.04,ATM,SUC-C1OF9350,,,Spain,Valencia,Approved,,False,22.47,,
TRX-PJPNKFAZ35R5HEPHL5Z2,2026-05-27 19:41:28,2026-05-27,PRD-BRNU7OD21F8T,CLI-2DCEV6FD51EU,Transfer,,20298832.5,COP,5074.71,ATM,SUC-JZCA1ZND,,,Colombia,Cali,Approved,00,False,,,
TRX-SYMIGNUSQ9VVQB0Y0BL7,2026-05-28 00:19:24,2026-05-27,PRD-7TG62WQPX6VL,CLI-PNGNPHO7TC3N,Purchase,Other,94.28,USD,,Web,,Tienda General,,Colombia,Medellín,Approved,00,False,,,
TRX-MARGTE3SB6KOMLYN5PEO,2026-05-27 08:48:44,2026-05-27,PRD-HTFQVXNYJAXJ,CLI-WUNC57HB73IV,Transfer,,9631.29,USD,,POS,,,,México,Querétaro,Approved,00,False,13.47,,
TRX-P2ISNN5CUBL5OBZV4S5V,2026-05-27 07:00:37,2026-05-27,PRD-Y5081VDS414Q,CLI-IPUFNSQSQ981,Withdrawal,,66015.37,ARS,188.62,Web,,,,Argentina,Mendoza,Approved,00,False,,,
TRX-5B9LJ770FVHG9SIULMHV,2026-05-27 21:29:40,2026-05-27,PRD-HFM3R9HQZRS8,CLI-MKP0LTJ0O2DC,Transfer,,9031.5,USD,,POS,,,,Colombia,Medellín,Approved,00,False,2.33,4.5988752,-74.9630707
TRX-3J13TCPIN4DECNF8PIMH,2026-05-27 19:25:45,2026-05-27,PRD-IL61N5VMAMOW,CLI-ILTN5P7L4DHN,Purchase,Services,65723.54,ARS,187.78,ATM,SUC-RNIHGBDP,Servicios Públicos,Services,Argentina,La Plata,Declined,54,False,19.82,-33.6465229,-57.8160998
TRX-9Z370QCBBZDP5DVZ67YS,2026-05-27 09:04:05,2026-05-27,PRD-YODPS8TZMWBS,CLI-DU9EB4GIRJT3,Purchase,Food,1149152.23,COP,287.29,ATM,SUC-JZCA1ZND,Super Ahorro,Food,Colombia,,Approved,00,False,10.38,,
TRX-MEY654TJ8KLMZ3NGWEBD,2026-05-27 17:59:02,2026-05-27,PRD-GEZKYP3O2LTG,CLI-7B6NQ6XA1IMW,Withdrawal,,121662.43,COP,30.42,POS,,,,Colombia,Barranquilla,Declined,14,False,18.62,,
TRX-BDA7EN244VC3U9ALYX78,2026-05-27 11:06:39,2026-05-27,PRD-26F0491U42T9,CLI-3SJZ3XC42X7F,Transfer,,3811.92,USD,,POS,,,,Brazil,Salvador,Approved,00,False,19.96,,
TRX-SUTNLRNWXHRIDMYDGE4D,2026-05-27 22:02:12,2026-05-27,PRD-SKEOXHH5NPOA,CLI-LN5S3C8VEPJ3,Deposit,,359.64,USD,,Web,,,,México,Puebla,Pending,54,False,7.36,,
TRX-4BW3RVWF356KYWHZGZ7Q,2026-05-27 15:10:05,2026-05-27,PRD-9IGY2JPVMXGM,CLI-89I21XWWCO9W,Payment,Food,2157807.23,COP,539.45,App,,,,Colombia,Barranquilla,Approved,00,False,10.18,,
TRX-A7EM8KQKKYQN0VN8BAIW,2026-05-27 22:05:03,2026-05-27,PRD-BEECFTL9XKEE,CLI-LOZY13YT4W8N,Withdrawal,,1342215.75,COP,335.55,App,,,,Colombia,,Approved,00,False,0.01,,
TRX-CKOVVVYZOCVB7JRZMPW2,2026-05-27 06:58:27,2026-05-27,PRD-AOYQ9FHQH1CN,CLI-6PW4AWVHWAQI,Purchase,Health,273.73,USD,,App,,Óptica Visión,Health,México,,Approved,00,False,,,
TRX-VGXFQ0S32JU3R4LA9PDP,2026-05-27 11:03:54,2026-05-27,PRD-VDDSDXMDNRXS,CLI-6OQ1XTPJP912,Transfer,,36668411.75,COP,9167.1,App,,,,Colombia,Barranquilla,Approved,00,False,9.19,,
TRX-XH06KQJ0J415E9RWCWAS,2026-05-27 14:23:02,2026-05-27,PRD-RYHNSMTRR3N3,CLI-J9I55I128Z3D,Withdrawal,,349.3,USD,,POS,,,,México,Guadalajara,Approved,00,False,10.5,,
TRX-95I2ALWATD4LLB4SJEUQ,2026-05-27 13:07:38,2026-05-27,PRD-TS9RBLA8OJHU,CLI-44Y057DL5UAD,Transfer,,7966.36,USD,,ATM,SUC-N8LPAX0U,,,México,,Approved,00,False,,,
TRX-KIG21Y8PX3IGZGNLW1YC,2026-05-28 01:44:34,2026-05-27,PRD-01NZHH5HXDVN,CLI-GLFR1KGN6UG3,Payment,Health,6039183.99,COP,1509.8,ATM,SUC-DG6C9C1K,,,Colombia,Medellín,Approved,00,False,6.71,,
TRX-BCOISYVWVA0M7OEYU6UX,2026-05-27 18:11:08,2026-05-27,PRD-RUIS2YH8D2Q3,CLI-RN0W757919PD,Adjustment,,204.27,USD,,App,,,,Mexico,Puebla,Approved,00,False,,,
TRX-LNHK9QP99ZLGPZM2OV42,2026-05-27 07:28:28,2026-05-27,PRD-178LHN5GQ4GC,CLI-UUT9CPZI7LLR,Purchase,Health,105.95,USD,,POS,,Óptica Visión,Health,México,Tijuana,Approved,00,False,,,
TRX-KVQR8URKTFGR55W2K6SR,2026-05-28 05:25:06,2026-05-27,PRD-VC2Z7K6CKT3C,CLI-JZ8S51WFS1OX,Transfer,,2506.34,USD,,ATM,SUC-I4AA1FSG,,,México,Monterrey,Approved,00,False,2.57,,
TRX-ZWC120UBYDMKO78J38V7,2026-05-27 18:08:54,2026-05-27,PRD-MLPFHN2DS17S,CLI-PLNCEG37NG0D,Withdrawal,,1901028.48,COP,475.26,POS,,,,Colombia,Cali,Approved,00,False,17.75,,
TRX-47FTGCTW2LWAUSYTWGGS,2026-05-27 15:43:27,2026-05-27,PRD-HBX36I1Z4MCO,CLI-XU34M3WIO21P,Adjustment,,74974.07,ARS,214.21,POS,,,,Argentina,Mendoza,Approved,00,False,19.9,,
TRX-ZUM3G2AC1ZGNVBQ6FKDQ,2026-05-27 19:37:34,2026-05-27,PRD-GXWOMZQ55XYG,CLI-7R0ZJ7MS9AKX,Withdrawal,,63.96,USD,,App,,,,Colombia,Barranquilla,Approved,00,False,,,
TRX-06ODIK031WM23G2X8KN5,2026-05-28 03:27:05,2026-05-27,PRD-AG8WYYFDQHI2,CLI-J12FG0UZT3W8,Withdrawal,,121.22,USD,,ATM,,,,México,Ciudad de México,Approved,00,False,17.56,,
TRX-WADV0AY3FCIQGFBE6RCQ,2026-05-28 04:41:07,2026-05-27,PRD-PAN7QS8E6VTK,CLI-B706D3D71BGN,Deposit,,3104.44,USD,,Web,,,,Brazil,Rio de Janeiro,Approved,00,False,7.49,,
TRX-N462H68ROGT20TT497RR,2026-05-27 07:09:35,2026-05-27,PRD-8Z838AMFLMO8,CLI-DZQO0PT7URSU,Deposit,,4234.17,USD,,ATM,SUC-JRR5Z8WK,,,México,Querétaro,Approved,00,False,11.39,0.4487962,-0.8071731
TRX-63VFP4O3QIB8BYE99BKD,2026-05-27 17:52:38,2026-05-27,PRD-YWRJRTRX3X78,CLI-SXKAKJDQK6IG,Withdrawal,,286.94,USD,,ATM,SUC-PUPXM7MA,,,Brazil,Salvador,Approved,00,False,24.14,-0.0995133,0.7251817
TRX-WD7908FWEFJGZH6ZQ5HO,2026-05-27 12:58:44,2026-05-27,PRD-CKWKNSHDWZQC,CLI-CYLHYQDP34PE,Purchase,Food,1444679.23,COP,361.17,ATM,SUC-YAQTMQ56,Mercado Central,Food,Colombia,Cartagena,Approved,00,False,25.24,,
TRX-61Y08614KY3Z4YT9PORI,2026-05-27 10:50:53,2026-05-27,PRD-SN67D84UW9R6,CLI-OGBYHTVMADND,Withdrawal,,82.96,USD,,ATM,SUC-DYPJLQVN,,,México,Ciudad de México,Approved,00,False,17.85,,
TRX-0NW1S6CEW162N4LPGJX7,2026-05-27 17:38:54,2026-05-27,PRD-2DQEVPZA2P5M,CLI-ZLMRJ9QUNI0U,Transfer,,3089.0,USD,,App,,,,México,Monterrey,Approved,00,False,25.18,,
TRX-DQMGQQJ89CB2P7KMADFB,2026-05-27 12:28:21,2026-05-27,PRD-W1MPJF1JOUAU,CLI-MXHWPWNP9C6T,Transfer,,976070.78,COP,244.02,POS,,,,Colombia,Bogotá,Approved,00,False,,4.4351076,-74.7123844
TRX-714PQMK4MLGAGY4TFLSW,2026-05-27 11:21:20,2026-05-27,PRD-E1XIP3RETQ5H,CLI-FCYHCNBL7WSQ,Withdrawal,,198.53,USD,,ATM,SUC-8QU1XFUX,,,México,Puebla,Approved,00,False,10.91,,
TRX-4ZI68HJ6QOPME348S7BQ,2026-05-27 11:25:03,2026-05-27,PRD-8QV7X8VWE0VU,CLI-65NR01S392W5,Transfer,,20059698.0,COP,5014.92,Web,,,,Colombia,Bogotá,Approved,00,False,21.44,,
TRX-4QI3VKWY5EJTTEPBIJGT,2026-05-27 19:30:21,2026-05-27,PRD-3B93T1MYX524,CLI-56PELTTCW9WV,Transfer,,3240.03,USD,,Web,,,,USA,Houston,Approved,00,False,,,
TRX-CZGO5A6C9H41IOYZ2QXG,2026-05-27 08:12:22,2026-05-27,PRD-IS0HPUZXE2B8,CLI-LPMNYIT2VZRF,Transfer,,23891607.22,COP,5972.9,POS,,,,Colombia,Cali,Approved,00,False,26.25,,
TRX-V1SJP2BPL4J7NHMC6GEU,2026-05-27 06:28:20,2026-05-27,PRD-LV2XJ7HGKIQ2,CLI-LG45GUYLB2LX,Payment,Health,676755.67,ARS,1933.59,ATM,SUC-8433QXQ4,,,Argentina,Buenos Aires,Approved,00,False,1.99,,
TRX-J5GTR5A72UH0N83BO0J7,2026-05-28 04:23:14,2026-05-27,PRD-KPHP9SZNZLFX,CLI-JZPWMN8JBYUQ,Payment,Other,1966.0,USD,,App,,,,México,,Declined,54,False,5.52,,
TRX-MO9CAM4TM3JOCL3LF2M3,2026-05-27 07:12:35,2026-05-27,PRD-F13YM1VXE8JS,CLI-KLDLVC5W46QJ,Withdrawal,,390.8,USD,,POS,,,,México,Tijuana,Approved,00,False,,0.3221964,-0.6809316
TRX-UJMKM2PX4GICGFQ4436D,2026-05-27 08:22:17,2026-05-27,PRD-M1LC6J95Z3AK,CLI-XIDXSNLFOVY1,Purchase,Entertainment,1887942.88,COP,471.99,ATM,SUC-AXEH5GB0,Conciertos Live,Entertainment,Colombia,Medellín,Approved,00,False,25.13,5.3897406,-74.5158495
TRX-7JAJJW5UX7X2FYGHDK4C,2026-05-27 08:31:09,2026-05-27,PRD-NAVD3941B8ZR,CLI-7T6B34S2O9UL,Purchase,Other,170.6,USD,,ATM,SUC-12NKB9OB,Ferretería,Other,México,Querétaro,Approved,00,False,,,
TRX-5173D1QYOI5MG9ZAOWMA,2026-05-27 19:51:02,2026-05-27,PRD-PPR4ME7WFCP4,CLI-82IU8AAICBIG,Purchase,,234.05,USD,,POS,,Centro Comercial,Other,México,Monterrey,Approved,00,False,,-0.4464712,0.6404927
TRX-KNKLQ4OA3GABY9ZNUDOV,2026-05-27 19:49:42,2026-05-27,PRD-UTVKTUZ508YD,CLI-QVRUZNAB8DZA,Payment,Services,288.93,USD,,Web,,,,México,Ciudad de México,Declined,51,False,,,
TRX-41HHMN4OJD6P7GDZ733R,2026-05-28 00:49:16,2026-05-27,PRD-R8ZKDNLTW3MB,CLI-RKO5U8SOOJHS,Deposit,,17996903.43,COP,4499.23,POS,,,,Colombia,Barranquilla,Approved,00,False,,,
TRX-O2B5YSSB5P06W3KONHMP,2026-05-27 21:07:56,2026-05-27,PRD-EWSORUYSZQ55,CLI-W964SBEEDXAK,Payment,Food,6440786.88,COP,1610.2,ATM,SUC-FF1CG8O5,,,Colombia,Barranquilla,Approved,00,False,4.79,,
TRX-J8LM3C3EM88FY3IHLXJX,2026-05-27 16:48:28,2026-05-27,PRD-0CJVFQO2A1XD,CLI-OPRD8T94IO45,Purchase,Other,29297.56,ARS,83.71,POS,,Tienda General,Other,Argentina,,Approved,00,False,13.2,,
TRX-TCSQZUYFTGZZ7HC544EZ,2026-05-28 00:16:24,2026-05-27,PRD-VAGYB8SLXPY6,CLI-WKHRHDKZ11XX,Withdrawal,,159.89,USD,,ATM,SUC-OLTX380V,,,México,Querétaro,Approved,,False,2.14,,
TRX-234L9BAYZJ5SI5X3NKEC,2026-05-27 13:49:41,2026-05-27,PRD-R4PG1DF03HCQ,CLI-YFBC7FM7Z5RS,Withdrawal,,1672565.07,COP,418.14,POS,,,,Colombia,Barranquilla,Approved,00,False,,3.7780785,-73.571232
TRX-619G76XKFY911WPULDOO,2026-05-28 02:47:11,2026-05-27,PRD-YVLLMNG2RTO4,CLI-3ZUTSZ0ZHJ48,Deposit,,1038.66,USD,,POS,,,,México,Guadalajara,Pending,05,False,27.63,-0.0068446,-0.5235121
TRX-U44GGZI3P0PIF27VR22F,2026-05-27 23:22:07,2026-05-27,PRD-2QF0B6GE3L10,CLI-IN2TFTMM48X3,Withdrawal,,411.25,USD,,POS,,,,Argentina,Rosario,Approved,00,False,20.13,,
TRX-NKSYEIUJG25A0USRA5MA,2026-05-27 17:59:30,2026-05-27,PRD-DTDO80BH0WCP,CLI-XNNKTU2B2XO6,Withdrawal,,99.77,USD,,ATM,SUC-8RYAQ0NO,,,México,Querétaro,Approved,00,False,5.14,,
TRX-ZAL8BW6YZF5AGT4UMDIF,2026-05-28 03:28:19,2026-05-27,PRD-Y9D7YMU5AW6M,CLI-4QKBLFNTWIIE,Purchase,Health,925209.53,COP,231.3,POS,,Óptica Visión,Health,Colombia,Barranquilla,Approved,00,False,14.88,,
TRX-0PZ4ZUZHP3ZP7GN53QF1,2026-05-28 03:33:14,2026-05-27,PRD-Q6QQZAHM6KUF,CLI-34OZ38QVAE7C,Transfer,,14253670.69,COP,3563.42,ATM,SUC-LBZFJAU6,,,Colombia,Cartagena,Approved,00,False,22.33,4.0985932,-74.1295564
TRX-LOYVAOOHSMSLYHU1N5F9,2026-05-27 08:44:05,2026-05-27,PRD-9EW9X9M7MC8B,CLI-BJWXMX0OIGEA,Purchase,Food,341.36,USD,,POS,,Super Ahorro,Food,México,Tijuana,Approved,00,False,3.73,0.9409857,0.1996728
TRX-P2UDEYWFDJ1U59RNBFAC,2026-05-27 15:49:03,2026-05-27,PRD-D6HXKFBB5PXI,CLI-NHMUFKSO1GNE,Purchase,Health,1431718.9,COP,357.93,Branch,SUC-DLYE60QN,Óptica Visión,Health,Colombia,Medellín,Approved,00,False,6.52,4.4721372,-74.415533
TRX-RZG3GNGGWI3822CIOK59,2026-05-27 16:00:44,2026-05-27,PRD-U8P6Z99QQXW4,CLI-O3E3B638B4YD,Purchase,Services,1589788.24,COP,397.45,POS,,Cable TV,Services,Colombia,,Approved,00,False,6.13,4.3608224,-73.2434307
TRX-U0YO6GOIBP9WOHN5TFSK,2026-05-28 02:14:59,2026-05-27,PRD-3O7E8PYNV7FB,CLI-UUJE4I313MY5,Withdrawal,,83415.82,ARS,238.33,POS,,,,Argentina,Mendoza,Approved,00,False,,,
TRX-0STQFYA6Y1UFXDZ43XPE,2026-05-27 15:47:37,2026-05-27,PRD-GBWDXZ0D05OU,CLI-UTIAKE2KBIIS,Withdrawal,,140.84,USD,,POS,,,,Colombia,Cali,Approved,00,False,18.18,,
TRX-JW58HZKQKN4L3L06P3DN,2026-05-27 16:00:27,2026-05-27,PRD-9OF68CO6GZ46,CLI-OPAYVNRN0YUV,Transfer,,2659.5,USD,,App,,,,México,Guadalajara,Approved,00,False,,,
TRX-SMEFUNH6FCZ5HTL7595A,2026-05-27 13:30:41,2026-05-27,PRD-G9A7YZ46OH7C,CLI-CPGMTDFRP1GZ,Purchase,Transport,1127609.33,COP,281.9,POS,,Uber,Transport,Colombia,Medellín,Approved,,False,16.51,,
TRX-HJAL8G0D0ONUIEWWIK6J,2026-05-27 23:27:18,2026-05-27,PRD-QVJTE6B7Y8Y6,CLI-5HWOENU839WI,Transfer,,23070945.92,COP,5767.74,POS,,,,Colombia,Bogotá,Approved,00,False,15.05,4.1052999,-73.5756711
TRX-3T6JHUL1831D0L0QR5SI,2026-05-27 06:43:59,2026-05-27,PRD-01QTL7V7TMZB,CLI-CER1E5H5AAWR,Transfer,,4884.26,USD,,ATM,SUC-XV1N3YM9,,,México,Ciudad de México,Approved,00,False,17.24,,
TRX-R25K8OI7DBHPD1R4KJ1U,2026-05-27 17:15:51,2026-05-27,PRD-EGG759LVTYLM,CLI-T3DLUE5FHECT,Purchase,Food,84.02,USD,,POS,,Tienda Don José,Food,Argentina,Rosario,Approved,00,False,12.84,,
TRX-LJIAAKWMFKDBZSPUYIQG,2026-05-27 22:31:00,2026-05-27,PRD-TLIZI1EUCOZC,CLI-RBAE9DJB2EC6,Deposit,,839.36,USD,,Web,,,,México,,Approved,00,False,16.15,,
TRX-1T5AFSPUSV0RNV9XWC66,2026-05-27 20:29:22,2026-05-27,PRD-73T6UYB92WCJ,CLI-318SWDPLMXJJ,Payment,,668539.6,COP,167.13,Web,,,,Colombia,Barranquilla,Approved,00,False,9.88,,
TRX-7JV1IY0EMWODBCDAWYMD,2026-05-28 04:03:01,2026-05-27,PRD-SZVH66LXSZ0R,CLI-M0T9Q5HQUIQE,Withdrawal,,307.95,USD,,POS,,,,México,,Approved,00,False,26.85,,
TRX-VW9RM40AMRTODDK8ZSJ6,2026-05-28 01:43:50,2026-05-27,PRD-EZOR5JZRCIJ2,CLI-P9VSZNTAM7VW,Transfer,,3214.76,USD,,App,,,,Colombia,Cartagena,Declined,14,False,3.0,,
TRX-PMUX15JB1BMO76BWL4NK,2026-05-27 07:38:00,2026-05-27,PRD-FQ4T005IK4V0,CLI-0MSSRNHBCPEU,Payment,Entertainment,1113.61,USD,,ATM,SUC-57LRN6RH,,,USA,Miami,Approved,00,False,24.98,-0.5285143,-0.159784
TRX-PG8TKX1LOGQEXD7X7B36,2026-05-28 05:39:41,2026-05-27,PRD-BW8NQR53LHNX,CLI-BTAT3I3OWRF1,Deposit,,2875.86,USD,,Branch,SUC-BDUFJ6GZ,,,México,Puebla,Approved,00,False,7.74,,
TRX-I1OE6RC1W4ZJGQR035XV,2026-05-28 02:47:02,2026-05-27,PRD-HRC1DP7L41Y3,CLI-KWWTLC2NR8N7,Withdrawal,,60.74,USD,,ATM,SUC-5FCLNF9U,,,México,Querétaro,Approved,00,False,19.61,,
TRX-4PY253QT23TXPWC6RJF1,2026-05-27 20:20:06,2026-05-27,PRD-IZLG6VVNGHPM,CLI-HXAGW3P43QJ6,Transfer,,632.1,USD,,ATM,SUC-SCFDICUT,,,México,Guadalajara,Approved,00,False,,,
TRX-6Y5F48M51CL0RKLFOZNO,2026-05-28 04:57:26,2026-05-27,PRD-OX8RTE55FJYU,CLI-KM56NSN2AB6B,Transfer,,2275.58,USD,,App,,,,México,Querétaro,Approved,00,False,18.83,,
TRX-E5K3478NE0RVR0XZUESF,2026-05-27 20:35:39,2026-05-27,PRD-HKV8BQGLZZX3,CLI-HQWSWQDY6C08,Withdrawal,,1803513.63,COP,450.88,Web,,,,Colombia,Cartagena,Approved,00,False,22.0,,
TRX-47JP9CV46XHJG33CBWDU,2026-05-28 05:12:41,2026-05-27,PRD-1TRU52F1EJST,CLI-SL8KCVEFCJ2C,Deposit,,17920459.7,COP,4480.11,Web,,,,Colombia,Cartagena,Approved,00,False,27.04,,
TRX-UMSB996I5J6G6WAK5HW2,2026-05-27 07:44:53,2026-05-27,PRD-WTWAZNUEW3UU,CLI-N409V6CR6CWC,Payment,Food,137.15,USD,,ATM,SUC-7SL55GEJ,,,México,Puebla,Approved,00,False,,,
TRX-HY1O2AFOSCC5OJ65GSAZ,2026-05-27 10:31:13,2026-05-27,PRD-4NISOYOEEXN4,CLI-DSDO2XLT93XA,Withdrawal,,367.47,USD,,POS,,,,México,Ciudad de México,Approved,00,False,16.25,,
TRX-1H4OLP7XRTBBXE7EZEG2,2026-05-27 16:27:06,2026-05-27,PRD-R9O2X9L6A1CU,CLI-H3YMO2EUUAX4,Withdrawal,,94982.23,ARS,271.38,ATM,SUC-IPX8M3BR,,,Argentina,Mendoza,Approved,00,False,,,
TRX-I5OVH74YM2275IX4TEQ5,2026-05-27 12:22:06,2026-05-27,PRD-DF3MB5OG6SEK,CLI-H0GYE77M1FTD,Transfer,,1786.48,USD,,ATM,SUC-JRR5Z8WK,,,México,Tijuana,Approved,00,False,11.18,,
TRX-Y44VM5ACEAT1QF7PAV4S,2026-05-27 19:03:39,2026-05-27,PRD-5Z9EQLB0IC71,CLI-BHDHSAO1T63W,Transfer,,4366.59,USD,,Web,,,,México,Ciudad de México,Declined,14,False,,,
TRX-R7YAT1JMFCH5QYIRH9JT,2026-05-27 16:33:50,2026-05-27,PRD-MA61467ZPR51,CLI-06LX4I2HTQPM,Purchase,Transport,1526288.28,COP,381.57,POS,,Uber,Transport,Colombia,Bogotá,Approved,00,False,26.78,,
TRX-KM4N4RSQ7SZ7XV76ED3P,2026-05-27 17:28:03,2026-05-27,PRD-CZ3E1NWRG8GW,CLI-FLYXAU0G1U58,Withdrawal,,1930454.59,COP,482.61,POS,,,,Colombia,Cali,Approved,00,False,19.95,,
TRX-7NVD3LAC5LN293I3ZRAK,2026-05-27 07:48:42,2026-05-27,PRD-GH3FVOLZTDVR,CLI-DKQKZ0VQIO0A,Transfer,,1322.66,USD,,Branch,SUC-SKR8GS10,,,México,Monterrey,Approved,00,False,18.62,,
TRX-MEMA14WF7792ZH54JVHN,2026-05-27 11:16:01,2026-05-27,PRD-IDU4NJGP4QNE,CLI-IRB28PXPF8XG,Transfer,,8971.29,USD,,ATM,SUC-JYJWT9TH,,,México,Monterrey,Approved,00,False,18.79,,
TRX-CQJTYLKEG0ZBSSLD4789,2026-05-27 23:41:20,2026-05-27,PRD-RFUX8G4M1FZH,CLI-N63WOM3SWT1A,Withdrawal,,1080920.69,COP,270.23,POS,,,,Colombia,Medellín,Approved,00,False,20.53,,
TRX-PK951HRFQ46CBTWAXSW8,2026-05-27 13:40:16,2026-05-27,PRD-M9P2EK7U6SWX,CLI-Z6B12GJ0YFMM,Purchase,Services,1876184.04,COP,469.05,ATM,SUC-MU9A5O88,Servicios Públicos,Services,Colombia,Barranquilla,Approved,00,False,19.51,,
TRX-LQWVIAXPLCKUJZUWCBHV,2026-05-27 09:36:40,2026-05-27,PRD-Q1GRYJ6U5381,CLI-3JKFYG45USQ3,Purchase,Food,188.27,USD,,POS,,Restaurante El Buen Sabor,Food,México,Guadalajara,Approved,00,False,,,
TRX-EIWEU8UZ85KSQEV9K05W,2026-05-28 04:24:05,2026-05-27,PRD-FGZVGCCEL4BD,CLI-2PIURXMJ13JB,Transfer,,3260292.73,ARS,9315.12,Web,,,,Argentina,,Approved,,False,,,
TRX-2F8EBN2OGM3T2589JBYG,2026-05-27 16:53:05,2026-05-27,PRD-5K91DTOVSK9F,CLI-NXDONLZY4HF0,Purchase,Entertainment,292.46,USD,,POS,,Cine Premium,Entertainment,México,Querétaro,Approved,,False,,,
TRX-0TPAVG4OU3ADPEMS2L9B,2026-05-27 14:12:35,2026-05-27,PRD-9I52XPXL8LXM,CLI-4VPA0LF1MA8F,Deposit,,4772.12,USD,,Web,,,,México,Querétaro,Approved,00,False,15.16,,
TRX-8J9CDYQW6N7O34TWSH0B,2026-05-28 04:14:08,2026-05-27,PRD-7VA4ENA45ARY,CLI-VE6969SLLQXA,Transfer,,17489823.76,COP,4372.46,ATM,SUC-GPTCLR0Q,,,Colombia,Medellín,Approved,00,False,5.04,4.3118052,-73.2306574
TRX-MXTGUEOPAR1RORL92421,2026-05-27 20:02:33,2026-05-27,PRD-7J6XG91X1B94,CLI-ZNO9H9Q20695,Payment,Health,6166626.08,COP,1541.66,ATM,SUC-3FS5CHQJ,,,Colombia,Barranquilla,Approved,00,False,,,
TRX-5ODMPY8T9RIQPQOO1Y1G,2026-05-28 02:42:11,2026-05-27,PRD-C7O967JJ86W1,CLI-XIXC15ZEH08G,Transfer,,26942050.05,COP,6735.51,POS,,,,Colombia,Medellín,Approved,00,False,27.74,,-73.277273
TRX-NM9G3FBRI2AEUSQO9MW9,2026-05-28 04:51:29,2026-05-27,PRD-BKO784SDGKXZ,CLI-S208BIJGFQ0I,Deposit,,2007.98,USD,,ATM,SUC-M8AEJ2A4,,,México,Guadalajara,Approved,00,False,9.51,,
TRX-2XJYCMFZUW43YOUTIFJD,2026-05-27 23:50:06,2026-05-27,PRD-U77RVQ98FNAR,CLI-R5VM8W45XK9T,Deposit,,15536598.4,COP,3884.15,POS,,,,Colombia,Cali,Approved,00,False,11.01,5.1516544,-73.7306331
TRX-LKI01H4O36LIXTC669UN,2026-05-27 11:18:35,2026-05-27,PRD-MXMN6IV21F8E,CLI-6Z2QFX589E4L,Purchase,Health,1751540.04,COP,437.89,ATM,SUC-5AXOWGN3,Farmacia Salud,Health,Colombia,Medellín,Approved,,False,,,
TRX-25F5O8Y1BZIAE65ZX5MD,2026-05-27 07:16:06,2026-05-27,PRD-KAHPGVEKJFWP,CLI-N28NKMDQEQCH,Transfer,,3781.16,USD,,ATM,SUC-H4YG9DLY,,,México,Tijuana,Approved,00,False,15.61,,
TRX-HFKA3GX9Y5K1R2IUXLCD,2026-05-28 04:17:30,2026-05-27,PRD-LHLAQNWVRJ86,CLI-KRG8P97IULJH,Payment,Food,829.46,USD,,POS,,,,México,Querétaro,Approved,00,False,1.72,,
TRX-W3PJWGQDAF6FZ7004Z96,2026-05-28 04:27:56,2026-05-27,PRD-S07Q3NRKGZ1K,CLI-B0CFZAV0XAI5,Purchase,Services,238.4,USD,,ATM,SUC-KX44GJKB,Internet Plus,Services,México,Guadalajara,Approved,00,False,27.22,-0.7017578,-0.544961
TRX-386FB3JFCVWSMK9WBKUI,2026-05-27 12:58:00,2026-05-27,PRD-1R0FHXZCNM0H,CLI-C6PII8FOZO46,Purchase,Services,499.66,USD,,ATM,SUC-AXEH5GB0,Internet Plus,Services,Colombia,Medellín,Approved,00,False,12.86,,
TRX-3BPTIE4R8VVCR9WXE3SR,2026-05-27 13:29:23,2026-05-27,PRD-PQMDMT74LMW9,CLI-WOITTMSIEOM4,Withdrawal,,412.1,USD,,Web,,,,Brazil,Brasília,Approved,00,False,22.73,,
TRX-GRYHMUBAITMLTWUYYZ6V,2026-05-28 05:24:20,2026-05-27,PRD-7HXB4T0R3O4D,CLI-QMI9WGVFCQUH,Purchase,Food,220847.04,COP,55.21,POS,,Restaurante El Buen Sabor,Food,Colombia,Cali,Approved,00,False,18.16,,
TRX-XAKGYQROD2UM7J1VW2QD,2026-05-27 20:50:35,2026-05-27,PRD-I6E6RUKG5SNA,CLI-LXZFX05TPNFR,Deposit,,17409076.64,COP,4352.27,Web,,,,Colombia,Cali,Approved,00,False,15.26,,
TRX-JI4CC8VRVP19QCWRXC9T,2026-05-27 13:37:04,2026-05-27,PRD-IV7LJQVR8M4H,CLI-HGATW9D5RKFY,Payment,Transport,652848.03,ARS,1865.28,POS,,,,Argentina,,Approved,,False,22.13,-35.2733555,-58.965011
TRX-FKE1T3F1ASIZ85SMPK2U,2026-05-27 10:35:52,2026-05-27,PRD-FYZC03NC1LNK,CLI-2HPYW87YD3FB,Transfer,,2417.18,USD,,App,,,,México,Guadalajara,Approved,00,False,14.71,,
TRX-FKKLJYWT6X8DQE025W0N,2026-05-28 00:28:30,2026-05-27,PRD-KPWEYY5HGQV9,CLI-D5HXRGIUMUR6,Payment,Services,257310.01,ARS,735.17,App,,,,Argentina,Córdoba,Approved,00,False,26.23,,
TRX-TH1R62G42ASJEUCEK6WT,2026-05-28 05:49:07,2026-05-27,PRD-4PO8KCXWLGGB,CLI-ZCMVQB1HYUHB,Transfer,,6989.75,USD,,Web,,,,México,Tijuana,Approved,00,False,14.85,,
TRX-YU8I739MU6O4VGGBCJO3,2026-05-28 01:59:20,2026-05-27,PRD-1S592D9LXUBH,CLI-IW1MNPKCW8TS,Withdrawal,,998585.93,COP,249.65,Web,,,,Colombia,Medellín,Approved,00,False,8.45,,
TRX-98P1POO3R4GKGF9UXS4R,2026-05-27 22:34:47,2026-05-27,PRD-RKL7QEJAFE38,CLI-TATYSKYM5172,Purchase,Services,690338.17,COP,,POS,,Internet Plus,Services,Colombia,Cartagena,Approved,00,False,9.88,,
TRX-28361C2Y3WH7V7IJMDYZ,2026-05-27 06:38:38,2026-05-27,PRD-JZ04CFYIUU2W,CLI-1RCHFYMKVHIO,Deposit,,10259778.96,COP,2564.94,App,,,,Colombia,Bogotá,Approved,00,False,25.23,,
TRX-VPQDYPJ2UDKK68U6IQ8S,2026-05-28 00:36:41,2026-05-27,PRD-BZKIT8KBB54X,CLI-UJ95GFP94NH7,Deposit,,4303.64,USD,,POS,,,,México,Puebla,Approved,00,False,27.66,,
TRX-9WUHT2OMG6SE0GKTYST6,2026-05-27 13:04:46,2026-05-27,PRD-2D7THILWKEH7,CLI-B30NMWQFD9QJ,Withdrawal,,322.87,USD,,POS,,,,México,Guadalajara,Approved,00,False,,,
TRX-9O67Z3D5SU3AYQHXNQT2,2026-05-27 18:58:30,2026-05-27,PRD-27RC1VVVD0M7,CLI-P97H8ATKOEVZ,Deposit,,16077754.48,COP,4019.44,ATM,SUC-H24HUACK,,,Colombia,Barranquilla,Approved,00,False,1.48,4.9184976,-73.8399851
TRX-NUS72J7L0SU5BECRV70Y,2026-05-27 10:02:56,2026-05-27,PRD-B4JXV9ZD7ERZ,CLI-YL8PWIVBEMP3,Payment,Food,145.22,USD,,App,,,,Colombia,Medellín,Approved,00,False,23.85,,
TRX-ZOUDQ1VPELAT4JBC3JAX,2026-05-27 16:24:49,2026-05-27,PRD-900EEDX77TWA,CLI-ZF6UVCV1J21F,Purchase,Food,111092.46,ARS,317.41,Web,,Tienda Don José,Food,Argentina,Córdoba,Approved,00,False,3.11,,
TRX-CVJA0F8WP6JSQ7X6H246,2026-05-27 19:19:34,2026-05-27,PRD-YG36Z22O59RQ,CLI-GVICAWFR9G9B,Purchase,Health,256.55,USD,,Branch,SUC-SCFDICUT,Clínica Médica,Health,México,,Approved,00,False,,-0.80955,0.8806301
TRX-680QZ2EXA02OHQR4RH0H,2026-05-27 17:38:10,2026-05-27,PRD-8ELCDW254MHV,CLI-Q0KG2Q7ELI76,Purchase,Transport,43254.8,ARS,123.59,POS,,Taxi Seguro,Transport,Argentina,Córdoba,Approved,00,False,10.52,,
TRX-4FK9T54FF9I2HKAZOWIN,2026-05-27 20:35:19,2026-05-27,PRD-QLS6W10YSQQ2,CLI-U57EV464TPNX,Purchase,Services,180864.71,COP,45.22,Transfer,,Empresa Telefónica,Services,Colombia,Bogotá,Approved,00,False,17.55,,
TRX-PSLD5K71OHSIQGW4SOGY,2026-05-27 07:51:20,2026-05-27,PRD-7ZAXKJ8143OQ,CLI-ZGGB0FNNPWDQ,Withdrawal,,196.18,USD,,ATM,SUC-XT96PBC0,,,México,,Approved,00,False,22.48,,
TRX-JRK5KGCH43PYHZ7A4VHK,2026-05-27 20:03:41,2026-05-27,PRD-05V7RTO1QNVD,CLI-2M2YJ69RGOOJ,Purchase,Entertainment,1395059.95,COP,348.76,App,,Teatro Nacional,Entertainment,Colombia,Bogotá,Approved,00,False,,,
TRX-V6VS64QQE58ZADZ5UNBA,2026-05-27 14:18:43,2026-05-27,PRD-6FAZSLRG3LQF,CLI-DWTZW3VA1HCM,Withdrawal,,129416.42,ARS,369.76,POS,,,,Argentina,Mendoza,Approved,00,False,17.3,,
TRX-Y0BMD3U6K1QBGO7JFS7S,2026-05-27 22:43:50,2026-05-27,PRD-QZGZUDQFKFUY,CLI-GVS8D45PMWUZ,Purchase,Entertainment,459.74,USD,,ATM,SUC-IW55XIEY,Streaming Music,,México,Guadalajara,Approved,00,False,20.26,0.5617125,0.7635123
TRX-JCVCANBGH4822NGJ58FI,2026-05-27 19:10:03,2026-05-27,PRD-FGMYQ62LJKTA,CLI-PPRGQJZYVDWE,Transfer,,1776.82,USD,,POS,,,,México,Querétaro,Approved,00,False,6.92,-0.6166718,-0.4420725
TRX-YGCGZT0BAEQLPHSQFMGE,2026-05-27 07:51:45,2026-05-27,PRD-10V0Q2PA9NH6,CLI-XN5Y5DF0GXZW,Payment,Entertainment,5229906.82,COP,1307.48,POS,,,,Colombia,Bogotá,Declined,54,False,7.78,,
TRX-1H6RIFJVWLN1FQEP2NQF,2026-05-27 16:59:06,2026-05-27,PRD-UJ8SI9X74D43,CLI-N0W22PFJQL39,Withdrawal,,363.02,USD,,POS,,,,México,Tijuana,Approved,00,False,10.23,,
TRX-C9HQI9E31GAAMP6I4S7X,2026-05-28 01:46:28,2026-05-27,PRD-7W8KEKZCHHNT,CLI-LG1WFL6ROVNB,Payment,Services,352265.9,ARS,,App,,,,Argentina,La Plata,Reversed,05,False,18.49,,
TRX-5M2KNFSNDBEJCDY6B3GP,2026-05-27 06:18:40,2026-05-27,PRD-FBQ4CXRUXE4J,CLI-KXMECDU038AL,Withdrawal,,220.67,USD,,ATM,SUC-H4YG9DLY,,,México,Querétaro,Approved,00,False,,-0.2126726,
TRX-FY74K5CFKEQE8OO0P8VE,2026-05-27 16:43:30,2026-05-27,PRD-DQ8UFUQBNIP9,CLI-9RC2RT7PRGCN,Deposit,,4035.67,USD,,App,,,,México,Tijuana,Approved,00,False,27.63,,
TRX-ZZOFWHK20AXRIYM727J4,2026-05-28 05:04:03,2026-05-27,PRD-7VC8NJLVIJU2,CLI-R8EQKD8BQ2LV,Deposit,,1238.25,USD,,Transfer,,,,México,Ciudad de México,Approved,00,False,7.08,,
TRX-6GF8ZVL5Y7AD6J6ERM4N,2026-05-28 01:23:18,2026-05-27,PRD-EUVQ8W6F762P,CLI-G1F0316I04D4,Purchase,,1632861.95,COP,408.22,App,,Tienda Don José,Food,Colombia,Medellín,Approved,00,False,,,
TRX-BW8D0Y5EHPK23C3W450G,2026-05-27 10:42:07,2026-05-27,PRD-PFIF7UGIEWRK,CLI-ESM757AVFZJA,Adjustment,,324761.15,ARS,927.89,ATM,SUC-4JYR8GOV,,,Argentina,Buenos Aires,Approved,00,False,17.71,-35.3388245,
TRX-RN3PSDJW33I3BE0IV99T,2026-05-27 11:56:07,2026-05-27,PRD-LNHW6BC69B6K,CLI-7LB27W34TWMU,Deposit,,3394.42,USD,,POS,,,,México,Ciudad de México,Approved,00,False,29.25,,
TRX-GJCDF9RECZU3OCMJ0TFA,2026-05-27 21:57:08,2026-05-27,PRD-SSX3PO5A607Q,CLI-WW10YCQKXOR5,Withdrawal,,66.57,USD,,Web,,,,México,Tijuana,Pending,,False,18.01,,
TRX-8J9P1KAEHW827VULSSBI,2026-05-27 14:41:15,2026-05-27,PRD-PDSS1OK76UJW,CLI-B3LGGP39J4BI,Deposit,,1278571.17,ARS,3653.06,ATM,SUC-7EJG5XUH,,,Argentina,La Plata,Approved,00,False,3.42,,
TRX-831EI2APMSHJXMW1G1L7,2026-05-28 05:25:19,2026-05-27,PRD-7E9IL1TOSERG,CLI-OQI8FNYYKF35,Withdrawal,,324.91,USD,,POS,,,,Colombia,Cartagena,Approved,00,False,9.5,4.1783747,-74.3641694
TRX-APEWR5Y2ZMJ3OZQ8NLC2,2026-05-28 03:16:41,2026-05-27,PRD-NDBNZ8OT5RLY,CLI-IPZ4IK3NKJA7,Purchase,Food,136.12,USD,,ATM,SUC-FQBLIDK9,Restaurante El Buen Sabor,Food,México,Tijuana,Approved,00,False,11.17,-0.1749892,
TRX-MKJTRSFT6Q67BA3M93UF,2026-05-28 02:26:58,2026-05-27,PRD-OP0XJM2O9OTZ,CLI-37CQSVBFJHVD,Transfer,,9050.75,USD,,Web,,,,México,Guadalajara,Approved,00,False,18.5,,
TRX-2EU65EQRUD58NOFODV0G,2026-05-27 06:11:37,2026-05-27,PRD-MUNSIX02PGJO,CLI-CAULWBMS55NA,Deposit,,14054738.83,COP,3513.68,POS,,,,Colombia,Barranquilla,Approved,00,False,27.26,,
TRX-BYVPQ4JQPTYMCYGZGE2U,2026-05-27 07:38:36,2026-05-27,PRD-F4FWE455PRYE,CLI-QPGUE6J46PEN,Transfer,,1132983.11,ARS,3237.09,App,,,,Argentina,Buenos Aires,Approved,00,False,3.86,,
TRX-GAB5OV8G9CI68K6FW6Q0,2026-05-27 21:02:09,2026-05-27,PRD-3VVX8UD4MPD6,CLI-PKWZK883U6R4,Withdrawal,,338.71,USD,,Web,,,,México,Ciudad de México,Approved,00,False,22.51,,
TRX-IPKTTNYP25QMR7CV4E0D,2026-05-28 01:52:08,2026-05-27,PRD-YY2ENKYAUOH7,CLI-1BZKWFL7LL2S,Withdrawal,,480.86,USD,,POS,,,,México,Ciudad de México,Approved,00,False,7.74,,
TRX-VMFNY0CPSPOAGH8PQXZK,2026-05-27 15:15:28,2026-05-27,PRD-Y9HCMRPDRE78,CLI-HGQFNCKGUGFA,Deposit,,4892.94,USD,,ATM,SUC-XPLAOSH4,,,Colombia,Medellín,Approved,00,False,,,
TRX-HBL1GZO676B7Z05SXWOT,2026-05-28 03:15:20,2026-05-27,PRD-7IDWCJVC9IP4,CLI-59ODM7XL7A1I,Deposit,,3384.13,USD,,POS,,,,México,Querétaro,Approved,00,False,5.59,,
TRX-K3O8CZYQF1GXIVEXKNE6,2026-05-27 10:01:43,2026-05-27,PRD-2API9W6CRAHT,CLI-35JFMOL0HWJR,Transfer,,8894.92,USD,,POS,,,,México,Monterrey,Approved,00,False,,,
TRX-BC4MOVU9BSLZSXBMA7I0,2026-05-27 11:27:57,2026-05-27,PRD-7KSYWWQOVKYY,CLI-SBC6ZG4OAPOZ,Withdrawal,,1268179.06,COP,317.04,App,,,,Colombia,Bogotá,Approved,00,False,9.16,,
TRX-HA5G7KI7E9DWO2Z8Y0YD,2026-05-27 12:53:47,2026-05-27,PRD-4616QCLUQ7CZ,CLI-G1QE33P9NDDX,Transfer,,30573099.27,COP,7643.27,ATM,SUC-WH83BE50,,,Colombia,Medellín,Approved,00,False,22.67,,
TRX-DCEHERBSGMXQ53CNT9BT,2026-05-27 14:44:37,2026-05-27,PRD-6LH38L1527RE,CLI-24WG7JXM105M,Deposit,,604528.89,ARS,1727.23,ATM,SUC-UVQ9U0YO,,,Argentina,,Approved,00,False,28.56,,
TRX-PPMKYBX3USWXW7BZ5NN4,2026-05-27 20:40:29,2026-05-27,PRD-WIHXVLRR39W4,CLI-LFCJ55SEG63Q,Purchase,Entertainment,1448207.12,COP,362.05,POS,,Conciertos Live,Entertainment,Colombia,Cartagena,Approved,00,False,6.03,5.5293373,-73.1928282
TRX-56PEV3JYUV692CZ4BRF8,2026-05-27 21:41:59,2026-05-27,PRD-LF8SJ6NCGUQL,CLI-LXOSF5R28QES,Purchase,Services,454.78,USD,,ATM,SUC-GOTE3INU,Empresa Telefónica,Services,México,Puebla,Approved,00,False,26.3,0.3477877,0.4071793
TRX-NHEET799EA5MKYOBCUQ3,2026-05-27 23:00:39,2026-05-27,PRD-JS8YGK8KEUD4,CLI-JF4OMNVSEL8I,Payment,Services,1114.15,USD,,POS,,,,México,Puebla,Approved,00,False,,,
TRX-U782H74702OV30MNVI8K,2026-05-27 14:54:38,2026-05-27,PRD-LCDAXO0WQIC9,CLI-Q30YZO5RZPWT,Payment,Food,4833873.47,COP,1208.47,ATM,SUC-HO849Z2Q,,,USA,Houston,Approved,00,False,29.65,,
TRX-KLRTVG5S8W7NCG04BY1H,2026-05-27 12:27:30,2026-05-27,PRD-AN9FA039BMPG,CLI-3N72574W29IK,Withdrawal,,956900.78,COP,239.23,POS,,,,Colombia,Medellín,Approved,00,False,25.24,,
TRX-HLDGFNUY0I6KI8IRYBPS,2026-05-27 06:42:42,2026-05-27,PRD-VUBSDJQ91S0R,CLI-NKLZZ1ROLB6M,Transfer,,5537.27,USD,,ATM,SUC-NOBD5N9U,,,México,Tijuana,Approved,00,False,12.52,-0.0719532,0.5285446
TRX-KB5AK7DWW6OXO8YVPE7G,2026-05-27 09:32:48,2026-05-27,PRD-9EQNOT0HCX40,CLI-HRAEJH7R6F3S,Payment,Food,788.83,USD,,POS,,,,México,Ciudad de México,Approved,00,False,11.53,-0.5193389,-0.5767529
TRX-U2IKC253EHT9EPOIFGED,2026-05-27 08:56:33,2026-05-27,PRD-HA2IBSNO4GQA,CLI-1ENI1N9BOLXF,Withdrawal,,183.69,USD,,App,,,,México,Puebla,Approved,00,False,26.88,,
TRX-JL6575VSED023XND4PPA,2026-05-27 20:10:59,2026-05-27,PRD-4IZHDGRH41KU,CLI-FEAWS8Q4L7UN,Purchase,Transport,263.48,USD,,Web,,Estación de Servicio,Transport,México,Guadalajara,Approved,00,False,,,
TRX-K7C35KSS4ZRCRTP04HHL,2026-05-27 20:15:47,2026-05-27,PRD-OC7QPOJG81DE,CLI-LGN17T6VC8Y7,Deposit,,9247916.34,COP,2311.98,App,,,,Colombia,Cali,Declined,14,False,,,
TRX-0BOC7L84MTPZHPTDV50T,2026-05-27 11:23:35,2026-05-27,PRD-Q0GHC6UB70AD,CLI-LSVMVJ2EIGXY,Transfer,,27556276.44,COP,6889.07,App,,,,Colombia,Cartagena,Approved,00,False,,,
TRX-4CF9JSMQPDPQ9S65QXNF,2026-05-27 15:40:05,2026-05-27,PRD-NBGNPT7Q83ZO,CLI-4PIC2NIAZAO4,Withdrawal,,391.19,USD,,Web,,,,México,,Approved,00,False,,,
TRX-DTPVBXRF15NFVNH10851,2026-05-27 11:04:03,2026-05-27,PRD-J9CGMI0AVTMD,CLI-Z9N7FQMMA4VZ,Withdrawal,,295.3,USD,,ATM,SUC-S3V4CSL0,,,México,Guadalajara,Approved,00,False,13.57,0.3350856,0.9483407
TRX-G9K3IBONTIO0YD8GAKPB,2026-05-27 16:27:41,2026-05-27,PRD-YGN71JDL7K21,CLI-DR5NGA6XLBT8,Payment,Entertainment,761.47,USD,,ATM,SUC-E4V48SY3,,,México,Tijuana,Approved,00,False,26.61,,
TRX-GVL3SKMNJG0UL6D0E9G5,2026-05-27 06:38:06,2026-05-27,PRD-GX91NZAXCD2J,CLI-7HK6TMNB2Z0D,Purchase,Food,406.89,USD,,ATM,SUC-PUPXM7MA,,Food,México,Monterrey,Approved,00,False,8.77,,
TRX-PI7RT28IZI0FHMOX4BQT,2026-05-27 15:35:58,2026-05-27,PRD-972N7F1CQYHW,CLI-DH5NK3MI2BWO,Purchase,Services,219.92,USD,,ATM,,Internet Plus,Services,México,Ciudad de México,Approved,00,False,14.99,,
TRX-9C6DYG3BP4R36D7HV3ML,2026-05-27 22:32:09,2026-05-27,PRD-QF22O1XIRT3H,CLI-90ZGPBET8JHW,Transfer,,8460.53,USD,,ATM,SUC-8GXP9TIM,,,México,Tijuana,Approved,00,False,14.45,,
TRX-CLMXTV4N7JKS4H3S3SSH,2026-05-27 14:12:55,2026-05-27,PRD-M966YL3FT9GT,CLI-6JR10CKMVGB4,Payment,Other,1563702.93,COP,390.93,App,,,,Colombia,Cali,Approved,00,False,14.72,,
TRX-B3ZD9JHHVFQHKWP6DR1Q,2026-05-27 20:57:35,2026-05-27,PRD-ABGMH6TAPOS1,CLI-097N5HMN33DK,Deposit,,4660.72,USD,,POS,,,,México,Tijuana,Approved,00,False,29.23,0.3750515,0.1957323
TRX-L69JPTQZ9Q96JRGNR902,2026-05-27 14:44:18,2026-05-27,PRD-BTMIUHPIY7CR,CLI-CA8A70H3CCVF,Withdrawal,,239.9,USD,,POS,,,,México,,Approved,00,False,8.48,,
TRX-E2XNDJ115VJSVKDZAN95,2026-05-28 04:57:07,2026-05-27,PRD-8MCE67L3CH0L,CLI-6EJYR7VFGE4W,Transfer,,22657924.55,COP,5664.48,ATM,SUC-EMGR60PV,,,Colombia,Cartagena,Approved,00,False,16.43,,
TRX-9W1CJSSLUZHALXR7ULZQ,2026-05-27 18:19:13,2026-05-27,PRD-R9MPW3ZCAB8C,CLI-D2X0LE8T7N0A,Purchase,Services,370.79,USD,,App,,,Services,Colombia,Barranquilla,Approved,00,False,9.16,,
TRX-UR01Z9WSHWDGXPU4MU25,2026-05-27 13:30:37,2026-05-27,PRD-2WKYPHLJ96IE,CLI-6L0GUWJV5VD7,Payment,Other,737.25,USD,,POS,,,,Colombia,Barranquilla,Approved,00,False,28.56,,
TRX-CPKS1NEWX5GNO2F7R4ET,2026-05-27 20:08:52,2026-05-27,PRD-P42NNHPUWBQO,CLI-VLPY8H93C9FM,Withdrawal,,178.21,USD,,ATM,SUC-M8AEJ2A4,,,México,Monterrey,Approved,00,False,12.21,-0.92115,-0.45928
TRX-96ZS4GE9GGPB6LEIJJT0,2026-05-27 20:21:17,2026-05-27,PRD-6YVMX8JRY4OD,CLI-SNYVCU6SX8DW,Purchase,Food,1819375.37,COP,454.84,ATM,SUC-P6VSAH4U,Super Ahorro,Food,Colombia,Barranquilla,Approved,00,False,7.12,,
TRX-UGFY1EJAQD4SECLM11VQ,2026-05-27 09:18:15,2026-05-27,PRD-8ADRK5UZTBYU,CLI-H9QEOKGVZET0,Deposit,,11441950.48,COP,2860.49,Web,,,,Colombia,Barranquilla,Approved,00,False,11.71,,
TRX-9FJDASEJKUVKOJ272YPI,2026-05-28 01:32:05,2026-05-27,PRD-Q21CZ0K51DW3,CLI-6AMMGGDC8Q0R,Withdrawal,,27.57,USD,,App,,,,México,Monterrey,Approved,00,False,6.42,,
TRX-PGZPYC11BFK7A0HI6Q5U,2026-05-27 15:55:13,2026-05-27,PRD-R63NOVYM2ZBO,CLI-7W7T4RPBWXZ2,Withdrawal,,90093.37,ARS,257.41,POS,,,,Argentina,La Plata,Approved,00,False,3.72,-33.6720443,-59.2572388
TRX-839HFSON3FJ88YF0TO6J,2026-05-27 06:31:48,2026-05-27,PRD-HTSNK8ZFCOB5,CLI-4I9WSBWD6C6W,Payment,Food,198779.34,ARS,567.94,ATM,SUC-2T5PUX8Q,,,Argentina,Mendoza,Approved,00,False,7.74,,
TRX-5QKI6CF1REL7UCJDWH4V,2026-05-27 21:35:42,2026-05-27,PRD-CF04VMBHDNKH,CLI-P3X74YQTHAUV,Payment,Services,186.61,USD,,ATM,SUC-FQBLIDK9,,,México,,Approved,00,False,,,
TRX-9APD7OTN6DXV02K9G4WP,2026-05-28 00:24:01,2026-05-27,PRD-UWZLNKMMYUPJ,CLI-1F06X329PIDA,Payment,Transport,828.36,USD,,ATM,SUC-OLTX380V,,,Mexico,Puebla,Approved,00,False,27.38,0.2368312,-0.8885969
TRX-3HL5344YHH8S9XL2KETZ,2026-05-27 20:39:59,2026-05-27,PRD-Y3YZN2FF4Y14,CLI-JK2PT12QK6XX,Purchase,Food,426.87,USD,,Web,,Super Ahorro,Food,México,Tijuana,Approved,00,False,29.94,,
TRX-36MHB186VXBETF6OLXOJ,2026-05-27 22:13:29,2026-05-27,PRD-2HUQG11LFJUU,CLI-S7KSPGTU6VSV,Withdrawal,,1489211.11,COP,372.3,POS,,,,Colombia,Medellín,Approved,00,False,9.95,,
TRX-RLY0PCJXGKHEOP7902EJ,2026-05-27 10:59:02,2026-05-27,PRD-74WYHGZYLTIP,CLI-YX6NAGNHAU5Z,Purchase,Other,29172.08,ARS,83.35,App,,Centro Comercial,Other,Argentina,La Plata,Declined,51,False,18.94,,
TRX-IE0F4IYBJADHZ3XZN1TE,2026-05-27 15:04:19,2026-05-27,PRD-5WEH2KUUGJVJ,CLI-NECWR69705NC,Withdrawal,,870679.96,COP,217.67,App,,,,Colombia,Cartagena,Approved,00,False,6.23,,
TRX-XFWCJK48JHNDKNF6G0DI,2026-05-28 04:21:54,2026-05-27,PRD-E0KRGZEK9NEK,CLI-U0943O1SDZDR,Purchase,Food,336143.53,COP,84.04,App,,Tienda Don José,Food,USA,Miami,Approved,00,False,0.39,,
TRX-ZF97ORQL6R2UKX9OP0CC,2026-05-27 21:50:12,2026-05-27,PRD-AUAPZB7677BN,CLI-BD0EBB1DRHTT,Payment,Food,730.74,USD,,ATM,SUC-AXDYB0RQ,,,México,Ciudad de México,Approved,00,False,6.51,0.1011294,
TRX-9F7813JN9FQEYR1IVLX7,2026-05-28 01:59:48,2026-05-27,PRD-X7SEUCTPG6M8,CLI-CX405E8NXJB1,Purchase,Other,51610.45,ARS,147.46,ATM,SUC-7EJG5XUH,Boutique Moda,Other,Argentina,Mendoza,Approved,00,False,29.2,,
TRX-O7SYDWJVFJUGW72W01CM,2026-05-28 03:23:43,2026-05-27,PRD-0BQTMFY5XHE7,CLI-18F5ZMSIG9PN,Payment,Health,6389524.73,COP,1597.38,Web,,,,Colombia,Cali,Declined,51,False,4.6,,
TRX-UOYY43649FMQ3P6E4MIV,2026-05-27 10:27:32,2026-05-27,PRD-C880Y96N8JMK,CLI-LXXZ6ISQCAF8,Transfer,,5535.07,USD,,ATM,SUC-LQXENAY2,,,México,Ciudad de México,Approved,00,False,,,
TRX-KAPGC1DVXMD8YH6GQERL,2026-05-27 14:00:09,2026-05-27,PRD-JGD3AXSPULIN,CLI-HH2WEZ3BCKLX,Payment,Services,1530.53,USD,,POS,,,,México,Monterrey,Approved,00,False,16.59,,
TRX-VT53CGGQI2EC33OD6BVY,2026-05-27 23:49:34,2026-05-27,PRD-5BGUOILUTAQK,CLI-G9BC6GOSJN85,Purchase,Entertainment,6.08,USD,,Web,,Cine Premium,Entertainment,México,Puebla,Approved,00,False,22.1,,
TRX-AI9KS8J3DS65KDWDD3B8,2026-05-27 19:55:23,2026-05-27,PRD-6LQ7AQDZK2MN,CLI-ALULF2T77MS3,Withdrawal,,16579.94,ARS,47.37,Web,,,,Argentina,La Plata,Approved,00,False,24.28,,
TRX-2CCWAYG1UBWAVW0KYR6G,2026-05-27 07:15:28,2026-05-27,PRD-UW8NF1QC1P8R,CLI-F5XHLOTUPEML,Purchase,Food,125.51,USD,,POS,,,Food,Argentina,La Plata,Approved,00,False,15.33,,
TRX-68LGTDFF0N4L9J0ERF0I,2026-05-28 04:58:20,2026-05-27,PRD-3NXJ6O7T905H,CLI-KAMU50E0CCUI,Purchase,Other,73822.06,ARS,210.92,App,,Tienda General,Other,Argentina,Buenos Aires,Approved,00,False,24.79,,
TRX-Y4WXGUHHTGP59TM0T5A8,2026-05-27 17:08:08,2026-05-27,PRD-P9NY9IJ78JIV,CLI-C2AEWJ9CP74N,Transfer,,8556.08,USD,,POS,,,,México,Querétaro,Approved,00,False,12.1,,
TRX-TT4HKQI9Z35EIXCULQKO,2026-05-28 01:45:21,2026-05-27,PRD-W75VMA1UHGST,CLI-4PZEBJ5FJ8PC,Payment,Other,1160.95,USD,,ATM,SUC-HVN55QJQ,,,México,Ciudad de México,Approved,00,False,15.88,,
TRX-MFIDL3VR73HAMIHE6Q70,2026-05-27 13:13:29,2026-05-27,PRD-GEGTF5HQIX0Y,CLI-1HY7VS3I07Y9,Transfer,,8497.26,USD,,ATM,SUC-FV69BGCV,,,México,Tijuana,Approved,,False,11.7,0.3019805,0.523905
TRX-VWAM1EJ5KLLI1DA1EX7K,2026-05-27 11:24:43,2026-05-27,PRD-AR03GU3CG29X,CLI-3M2JKMYHS6EH,Deposit,,1093884.97,ARS,3125.39,POS,,,,Argentina,Córdoba,Approved,00,False,14.84,,
TRX-9WU0X4P5SHC0Y9SQI9HQ,2026-05-27 19:26:10,2026-05-27,PRD-PXI5FKAYBV5T,CLI-3X8MXCUP740Y,Payment,,1979018.98,COP,494.75,ATM,SUC-YAQTMQ56,,,Colombia,Bogotá,Approved,00,False,,,
TRX-6RXUT0FGA72SALLC0WXG,2026-05-28 03:10:52,2026-05-27,PRD-666E7KU2FOMH,CLI-UCOM2MGA7PE0,Transfer,,3407475.78,ARS,9735.65,ATM,SUC-4JYR8GOV,,,Argentina,Buenos Aires,Approved,00,False,,,
TRX-QED6TWA5D2DCUWKZQK3B,2026-05-28 02:06:28,2026-05-27,PRD-2YPB7JOF6ELT,CLI-J6PRVKVWSSIB,Payment,Food,225.78,USD,,Web,,,,México,Tijuana,Approved,00,False,5.77,,
TRX-WDOSBUI6NGSWC03Z0DS3,2026-05-28 04:12:42,2026-05-27,PRD-78RW0GEVPPL6,CLI-3MVGBOV1JW89,Transfer,,1453.1,USD,,POS,,,,México,Guadalajara,Approved,00,False,6.62,,
TRX-B8G4OSNKF0MWUK35KLIH,2026-05-28 03:31:46,2026-05-27,PRD-YCHFGG3K8JYC,CLI-CGTDYTVNK8JO,Purchase,Transport,168.41,USD,,POS,,Uber,Transport,México,Tijuana,Approved,00,False,,-0.4595562,0.2063237
TRX-IDRNTON6F0XNNJM15CDU,2026-05-27 10:24:43,2026-05-27,PRD-2LWFRT76ZX7L,CLI-HRW8YJQPBSDU,Withdrawal,,56591.25,ARS,161.69,POS,,,,Argentina,La Plata,Approved,,False,,,
TRX-ZY5ZV6394GSUKBYQ8PXL,2026-05-27 17:10:23,2026-05-27,PRD-WL24FRQWPRN3,CLI-6FLO1X7VCU30,Payment,Transport,1950.62,USD,,App,,,,México,Querétaro,Approved,00,False,,,
TRX-OLDX5W45OJABATC60AEV,2026-05-27 14:32:17,2026-05-27,PRD-K4UPLWJTBMYM,CLI-S1NA6WLKXYR2,Payment,Other,144429.46,ARS,412.66,App,,,,Argentina,Rosario,Approved,00,False,,,
TRX-F7J9A3FCRCYPDQQDQYND,2026-05-27 22:26:06,2026-05-27,PRD-RNYKTDQUG4J1,CLI-10SH13V55MTE,Purchase,Services,1280633.51,COP,320.16,POS,,Empresa Telefónica,Services,Colombia,Cali,Approved,00,False,29.88,,
TRX-1D5JNXGDP7KSUEV77SOR,2026-05-28 01:02:30,2026-05-27,PRD-EEGRHR22L31X,CLI-A5MMWRYX58SL,Withdrawal,,144.87,USD,,App,,,,México,,Approved,00,False,,,
TRX-VXQFDLPG7GSHBZ5SO05Z,2026-05-27 07:38:39,2026-05-27,PRD-A3C2241L5IV1,CLI-4XXTH93ZB9XU,Deposit,,3601.85,USD,,Web,,,,México,Monterrey,Approved,00,False,18.5,,
TRX-49K836X6WWC6K78H7A6W,2026-05-27 21:45:40,2026-05-27,PRD-H71NLMOXNMHE,CLI-YU7ZURJSHQQE,Withdrawal,,307.9,USD,,POS,,,,México,Puebla,Approved,00,False,,,
TRX-XI0Y4JKBO95U908ZSD5N,2026-05-27 09:13:07,2026-05-27,PRD-9ZTTVYZCC3PJ,CLI-P0R2ZEYKH6LS,Purchase,Services,794537.13,COP,198.63,POS,,Empresa Telefónica,Services,Colombia,,Approved,00,False,18.93,,
TRX-88ZY4XXLLBWPHUIUPBVT,2026-05-27 15:33:22,2026-05-27,PRD-RJM8PQ2FNH8V,CLI-757GHZDUG4NL,Purchase,Services,490.18,USD,,App,,Servicios Públicos,Services,México,Monterrey,Approved,00,False,3.95,,
TRX-0LQN7C9PFSIY7YQMN82O,2026-05-27 22:48:33,2026-05-27,PRD-S7IDW3RO7Y3I,CLI-N9MWNNYTIL04,Deposit,,8839219.39,COP,2209.8,Web,,,,Colombia,Medellín,Approved,00,False,6.52,,
TRX-8ZXCZQARJGMQZW7UYLXG,2026-05-27 08:17:33,2026-05-27,PRD-PC5AC1NGWFVC,CLI-KKXBDIZ3W7SA,Payment,Entertainment,517631.15,ARS,1478.95,App,,,,Argentina,Mendoza,Approved,00,False,18.57,,
TRX-KW1BCG61KT9E8XW1ZSVM,2026-05-27 07:45:34,2026-05-27,PRD-LZL68TPFATXL,CLI-TFWYN2ELFDBV,Transfer,,593.39,USD,,Web,,,,México,Querétaro,Approved,00,False,4.14,,
TRX-06U9S8HH5U8B8YSK2XR2,2026-05-27 14:55:35,2026-05-27,PRD-MNSWYJM6S6A1,CLI-3N6TM05SA3W5,Withdrawal,,79227.06,ARS,226.36,ATM,SUC-NRVN9ND4,,,Argentina,La Plata,Approved,00,False,11.32,,
TRX-DC0FP6LH8VGI1X1RXBLC,2026-05-27 16:26:36,2026-05-27,PRD-T8XYIJ9JXXW8,CLI-RS1KX3N40VLP,Purchase,Transport,417.91,USD,,POS,,Gasolinera Express,Transport,Colombia,Cartagena,Approved,00,False,2.35,,
TRX-Y0FEHCTIRI5PBQC1AWOX,2026-05-27 15:03:15,2026-05-27,PRD-TF1DJ54YF5YC,CLI-0L18DUGNX76O,Payment,Health,348.04,USD,,POS,,,,México,Ciudad de México,Approved,00,False,26.09,-0.5401596,-0.5894334
TRX-KOY5PWJ2VLFBASFWWZUO,2026-05-27 13:29:04,2026-05-27,PRD-E47RJNS8FPS4,CLI-CB8JRBPKB5RT,Transfer,,5895.13,USD,,ATM,SUC-KYUNO9E0,,,México,Querétaro,Reversed,51,False,11.43,,
TRX-XQXU00B0UXKFPLZE7B1Y,2026-05-27 22:19:46,2026-05-27,PRD-AZ3A7YHGNBI8,CLI-3MBQXOYGB5UT,Withdrawal,,405843.82,COP,,ATM,SUC-5AXOWGN3,,,Colombia,Medellín,Approved,,False,5.44,3.8759323,
TRX-YM558PC45IF0N42ZB81I,2026-05-28 01:35:33,2026-05-27,PRD-0HEV4TCYBA0Q,CLI-CGJZM0X25PP0,Transfer,,19399489.15,COP,4849.87,POS,,,,Colombia,,Approved,00,False,24.26,,
TRX-4I9RUMKV5G05IWXLJ4PB,2026-05-27 23:18:17,2026-05-27,PRD-WLPPQJKW68EM,CLI-46YIUGN9WEGF,Deposit,,1353501.36,ARS,,ATM,SUC-GKQAVGPP,,,Argentina,,Approved,00,False,4.76,,
TRX-SW9YRVCUTG9XMHBA8I8A,2026-05-27 11:06:30,2026-05-27,PRD-853CGYJHFSJ1,CLI-4SKYLQUYZCOG,Purchase,Entertainment,313357.69,COP,78.34,ATM,SUC-0KBWS25U,Conciertos Live,Entertainment,Colombia,Medellín,Approved,00,False,21.37,,
TRX-R9JVRZOFC8OR8VAHATYU,2026-05-27 19:05:57,2026-05-27,PRD-VTFARHTPC5ES,CLI-P3GXMXZWSDGI,Withdrawal,,35186.9,ARS,100.53,POS,,,,Brazil,,Declined,51,False,2.9,,
TRX-6177QZADH4C9YNNN2WUF,2026-05-27 23:15:54,2026-05-27,PRD-5WM09Q8RLVAK,CLI-UZ9HT5SGDDVH,Withdrawal,,341.04,USD,,App,,,,México,Ciudad de México,Approved,00,False,,,
TRX-1AQFE95KZ8VVNMHKYAZ2,2026-05-27 22:40:33,2026-05-27,PRD-BZ7H4Z2V0XYL,CLI-SN9MPFI74TUT,Deposit,,3071.23,USD,,App,,,,USA,New York,Approved,00,False,10.83,,
TRX-6VG8F427KGRBJXK3H60Z,2026-05-28 02:53:52,2026-05-27,PRD-S8NONB9U6PVC,CLI-Q30YZO5RZPWT,Purchase,Services,746138.19,COP,186.53,POS,,Cable TV,Services,Colombia,,Approved,00,False,6.54,,
TRX-OW5MJA3TCHDV4U8NJSSB,2026-05-27 18:57:29,2026-05-27,PRD-NJ9N7TRP4J3V,CLI-ERI5MOJ1XB1B,Payment,Other,1963.81,USD,,ATM,,,,México,Puebla,Approved,00,False,23.88,,
TRX-JVQNI9OQ4GT6QOJV5IL7,2026-05-27 17:20:50,2026-05-27,PRD-1FY14MVF565Q,CLI-DA8HLTMU4NRO,Withdrawal,,765415.51,COP,191.35,POS,,,,Colombia,Bogotá,Approved,00,False,28.12,,
TRX-UHVHKFCPVWU1PNZX3WYJ,2026-05-27 10:57:18,2026-05-27,PRD-NVK42LYPCTTT,CLI-HVDVMRQD7ETN,Deposit,,243.17,USD,,ATM,SUC-337QKO7D,,,México,Tijuana,Approved,00,False,1.22,0.6281861,
TRX-UP3CFQAAPJ4HA5P1Z9RN,2026-05-28 04:27:55,2026-05-27,PRD-FCH6208IGKP3,CLI-LM3CK6F4GO8N,Payment,Entertainment,3529271.85,COP,882.32,Web,,,,Colombia,Cartagena,Approved,00,False,5.33,,
TRX-STW4MVY9FK1WEGXUCQ86,2026-05-27 14:44:35,2026-05-27,PRD-KE6O8ZD8RLYO,CLI-SMP8LECW3DRM,Payment,Entertainment,240694.58,ARS,687.7,ATM,SUC-06H3RFFA,,,Argentina,Rosario,Approved,00,False,12.37,,
TRX-A7K6V7F8HM4U7ED6MTIP,2026-05-28 02:46:57,2026-05-27,PRD-T7UDDROC4AVU,CLI-9ZNXTRT4UDDJ,Deposit,,7615628.68,COP,1903.91,Web,,,,Colombia,Barranquilla,Approved,00,False,,,
TRX-1LF3DAVQNB9RLZU71UOJ,2026-05-27 20:06:15,2026-05-27,PRD-RP1GPKUWWCRI,CLI-99T0BB61GGH2,Purchase,Services,288.5,USD,,POS,,Internet Plus,Services,México,Querétaro,Approved,00,False,2.79,,
TRX-CHN19IES8WAEFGMSD5A1,2026-05-28 00:37:06,2026-05-27,PRD-5I3WSGUIUJU6,CLI-II0Z9ZMWI3C6,Transfer,,4830.59,USD,,POS,,,,México,Tijuana,Approved,00,False,15.71,,
TRX-4FB6V1TCZ1WQ4LL9K4EZ,2026-05-27 14:28:01,2026-05-27,PRD-FNO2KPH90E7O,CLI-JVU4NKRP2FU6,Transfer,,2463.75,USD,,ATM,SUC-UV1CR4D5,,,México,Puebla,Approved,00,False,,,-0.1143274
TRX-S940Q3YK4185C5VUHK8N,2026-05-28 01:05:58,2026-05-27,PRD-3TK853BHNZST,CLI-H53VMXIDGCEV,Adjustment,,802.76,USD,,POS,,,,México,Puebla,Approved,00,False,0.12,-0.8107402,0.554767
TRX-6YAYB73Z7SN3WTFWOFY3,2026-05-27 10:00:27,2026-05-27,PRD-OOIRJ7296X5M,CLI-XKNYWUB3XAYK,Payment,Entertainment,717.72,USD,,ATM,SUC-N1ZUF3PF,,,México,Querétaro,Approved,,False,21.01,,
TRX-EGCDPTA704I20W81GA89,2026-05-28 00:46:56,2026-05-27,PRD-VTO7FK657NTQ,CLI-SZPTT043BWIK,Withdrawal,,288.35,USD,,ATM,SUC-P5YISP64,,,México,Guadalajara,Approved,00,False,17.84,,
TRX-CSZUS2SC7SUSC5ME0NZ0,2026-05-27 20:13:16,2026-05-27,PRD-MTIZ95F64LM6,CLI-X98VWEVPD0AP,Payment,Health,1560.08,USD,,Branch,SUC-VTIA5X8Y,,,México,Guadalajara,Approved,00,False,,,
TRX-QU9BNE7VZIPR0IYV96F2,2026-05-27 20:48:21,2026-05-27,PRD-TV1UJBJ7FFPC,CLI-HDXVW6U3IXS9,Transfer,,2122799.58,ARS,6065.14,App,,,,Argentina,,Approved,00,False,5.94,,
TRX-RDEQB6F0NBRW6PA3T2NS,2026-05-27 23:33:39,2026-05-27,PRD-NZDQODTNWYWI,CLI-B7Q6WMN5LYD0,Withdrawal,,97.68,USD,,POS,,,,México,Tijuana,Approved,00,False,,,
TRX-O9ZBUGBBJ7PS4B288X8T,2026-05-28 01:19:39,2026-05-27,PRD-3BCZYYF8GGJN,CLI-LQC3MJ6GO8XU,Deposit,,2905.96,USD,,POS,,,,Argentina,Córdoba,Approved,00,False,28.84,,
TRX-T1SUPKTXQE03MYLCGLM2,2026-05-27 07:14:15,2026-05-27,PRD-HTOFMZYQ6JEK,CLI-8CJP04O69NVJ,Withdrawal,,87008.12,ARS,248.59,POS,,,,Argentina,,Approved,00,False,12.98,,
TRX-GCC3HOKWJ7VAENRGFZ60,2026-05-27 22:06:11,2026-05-27,PRD-X9OEJ97JHIU3,CLI-HBOKJ1HXOLLB,Purchase,Services,419.52,USD,,ATM,SUC-6IDFK4L9,Internet Plus,Services,México,Guadalajara,Approved,,False,,-0.6514348,0.1909165
TRX-QRMER7XTPLZMWIMWQ3B8,2026-05-27 22:07:03,2026-05-27,PRD-BPWDNAEGRVN0,CLI-JER2U69YNA05,Withdrawal,,61.12,USD,,App,,,,México,Ciudad de México,Approved,00,False,20.98,,
TRX-ZPDG2PEW0JHBG3OEC8K7,2026-05-27 11:45:22,2026-05-27,PRD-YLOQDFPM7X37,CLI-XUW17FLFJS5E,Deposit,,4718.7,USD,,ATM,SUC-RNIHGBDP,,,Argentina,Mendoza,Approved,00,False,21.06,,
TRX-DCIZIZ1L2XZG84YAWDRY,2026-05-28 02:40:57,2026-05-27,PRD-A7JR8UF63482,CLI-N488G148EF7W,Transfer,,9795.34,USD,,POS,,,,México,Tijuana,Approved,00,False,17.45,,
TRX-O4LBAZAR7MUPLH9O7OWU,2026-05-27 23:48:42,2026-05-27,PRD-UV5DA3R62QU0,CLI-E3CHIC0IQ8CH,Adjustment,,292551.74,ARS,835.86,POS,,,,Argentina,Rosario,Declined,54,False,21.94,,
TRX-9XAGOS7IAZFY5TNREUVG,2026-05-28 01:33:17,2026-05-27,PRD-D48RCGOR70DC,CLI-RQQQUZH0ZKCG,Withdrawal,,1789249.17,COP,447.31,ATM,SUC-0KBWS25U,,,Colombia,Bogotá,Reversed,54,False,6.57,,
TRX-MG9QWE75IDSL0WVVXVUD,2026-05-28 05:04:14,2026-05-27,PRD-J03BXM2VEFL6,CLI-PW22APXNWZ94,Payment,Food,127.67,USD,,POS,,,,México,Tijuana,Approved,00,False,16.32,0.1210278,-0.2991555
TRX-SG2Z11C2VI04WH1I2OY1,2026-05-28 01:09:12,2026-05-27,PRD-UNJEOGU66S1A,CLI-F8PZ2I0FYO1Y,Purchase,Health,128769.7,ARS,,POS,,Clínica Médica,Health,Argentina,Rosario,Approved,00,False,,,
TRX-F4SO5S5UEG6BJ51VPZY2,2026-05-27 19:46:12,2026-05-27,PRD-I4ANK5E6IE1E,CLI-H7OD06XW7YI5,Deposit,,9911078.59,COP,2477.77,POS,,,,Colombia,,Declined,54,False,20.69,5.5952145,-73.4199483
TRX-75TN43B8J0NN62VACF76,2026-05-28 01:06:21,2026-05-27,PRD-AMM5NQM30UMH,CLI-CV36LTGLQ3D3,Withdrawal,,179933.06,COP,44.98,ATM,SUC-C93NERQQ,,,Colombia,Cartagena,Approved,00,False,28.83,,
TRX-0HBXMDRMP94RV8IKEWMN,2026-05-27 15:10:39,2026-05-27,PRD-AFT5QU264P4C,CLI-6J0TK5A8LZME,Purchase,Transport,289680.64,COP,72.42,Web,,Uber,Transport,Colombia,Cali,Approved,00,False,28.21,,
TRX-KTN42WWECQLWZVUB9742,2026-05-27 21:20:48,2026-05-27,PRD-0IJDUYI58XRG,CLI-FBVY3YJSGF2F,Adjustment,,2429271.83,COP,,Web,,,,Colombia,Medellín,Approved,00,False,4.85,,
TRX-ZP4NIFICLJ0L76VUB0XT,2026-05-27 06:03:56,2026-05-27,PRD-EQD3F12XD6CC,CLI-RBE3CTQU538I,Deposit,,33740.21,ARS,96.4,Branch,SUC-F321UEME,,,Argentina,,Approved,00,False,23.74,-34.1427312,-57.9487201
TRX-25EO6BPQBD6HNAY77U24,2026-05-27 07:45:48,2026-05-27,PRD-D1AFZ8BTN6OE,CLI-XRVM40ZIUVL6,Payment,Food,1554.21,USD,,POS,,,,Argentina,Rosario,Approved,00,False,17.33,,
TRX-GU34AXKFC40IK105BP5P,2026-05-27 11:23:30,2026-05-27,PRD-PUF5K0TGN9KU,CLI-ZCEMBPE0O0PQ,Deposit,,828982.07,COP,207.25,POS,,,,Colombia,Barranquilla,Approved,00,False,27.52,,
TRX-9CLO96YXT7G74QA6NRQL,2026-05-27 06:14:41,2026-05-27,PRD-QFUMDW6HEJP3,CLI-KOJNJY8I1EH7,Transfer,,5044.66,USD,,Web,,,,México,Puebla,Approved,00,False,25.37,,
TRX-CPP6XP2BQBWY1278BKBK,2026-05-27 11:40:55,2026-05-27,PRD-SNQ6RLT1ZRB9,CLI-K3GOUF2DOY35,Purchase,Health,117.94,USD,,Transfer,,Clínica Médica,Health,México,Querétaro,Approved,00,False,0.8,,
TRX-JAFKGUFBWOJUTTEIYE4A,2026-05-27 11:38:46,2026-05-27,PRD-H3HK7X35WEBM,CLI-R47DJJR94ICF,Transfer,,5910341.65,COP,1477.59,App,,,,Colombia,Cartagena,Approved,00,False,26.12,,
TRX-Y1867XAK07NKYBIU7R83,2026-05-27 19:21:54,2026-05-27,PRD-82QUMYWUKCLJ,CLI-105LYXZUNPJM,Adjustment,,1518454.92,COP,379.61,POS,,,,Colombia,Cartagena,Approved,00,False,,,
TRX-3BGDC4OSDC12BKX9XZAG,2026-05-28 00:17:17,2026-05-27,PRD-EATUQS34ANOJ,CLI-G0J3JLNW7V5G,Payment,Health,675289.52,COP,168.82,POS,,,,Colombia,Cartagena,Approved,00,False,23.46,5.6827598,-74.6626253
TRX-XPL81EY9L9QLZGW9CEIQ,2026-05-27 14:21:21,2026-05-27,PRD-GCR2O81UNXXZ,CLI-B5ETS4RW992M,Purchase,Services,363602.85,COP,90.9,ATM,SUC-I7CB5PA8,Internet Plus,,Colombia,,Approved,00,False,13.96,,
TRX-S58LZQDGRC5XQ2GNAQKE,2026-05-27 13:30:15,2026-05-27,PRD-8CG40PU9H7NS,CLI-8VYFF9S1AJUC,Purchase,Entertainment,356719.0,COP,89.18,POS,,Conciertos Live,Entertainment,Colombia,Cartagena,Approved,00,False,15.65,4.2507426,-74.0448492
TRX-HUKI4ES6CFP3320PREDD,2026-05-27 23:22:38,2026-05-27,PRD-AW3I0HPMEU88,CLI-SI8EYPE44QVZ,Withdrawal,,341.5,USD,,App,,,,México,Puebla,Approved,00,False,,,
TRX-M9ZC40XL2PP49ZBJMOD8,2026-05-27 06:38:41,2026-05-27,PRD-KZIIIS1DRTN6,CLI-TR8QQS7YNO03,Withdrawal,,47.98,USD,,Web,,,,Colombia,Bogotá,Approved,00,False,23.04,,
TRX-WCGTISUVTGV01Y2P3N7Z,2026-05-27 15:59:23,2026-05-27,PRD-0HWWYUDO7UYO,CLI-PHZGPSKQG0E6,Transfer,,8632.94,USD,,POS,,,,México,Monterrey,Approved,00,False,26.29,0.4729011,-0.7846309
TRX-HXAR3998J8SM0R0F3VZE,2026-05-27 17:12:14,2026-05-27,PRD-C842SLBISFGX,CLI-0NA10MXXIHJA,Deposit,,5947006.13,COP,1486.75,POS,,,,Colombia,Cartagena,Approved,00,False,7.21,,
TRX-1R8YVYZ29JRHANZTZBXP,2026-05-28 00:38:13,2026-05-27,PRD-8DPSL5QIDOGV,CLI-7UJTESPV2VK4,Withdrawal,,712113.48,COP,178.03,POS,,,,Colombia,Barranquilla,Approved,00,False,3.99,,
TRX-L8RJ3VNLZI1DDS96SWO5,2026-05-28 01:17:51,2026-05-27,PRD-84QHOX7QB57P,CLI-TIRHLV5BD9CI,Transfer,,1108093.02,ARS,3165.98,POS,,,,Argentina,Mendoza,Approved,00,False,26.85,,
TRX-DO9GDFGJAJKE88INLHTB,2026-05-27 23:02:14,2026-05-27,PRD-HHAAE7MFOF9D,CLI-I4ZL2CT4T3BI,Purchase,Other,902296.12,COP,225.57,App,,Ferretería,Other,Colombia,,Approved,00,False,26.3,,
TRX-O1ZLAJ3JV5UD4T8NVMKX,2026-05-27 10:15:11,2026-05-27,PRD-OZSC2CBQPSTI,CLI-6BU44BWYEJ4E,Withdrawal,,346.67,USD,,App,,,,México,Tijuana,Approved,00,False,9.03,,
TRX-0SMF3T2WOVV4F3JCU535,2026-05-27 14:50:51,2026-05-27,PRD-LZ6W20W56Y3G,CLI-YVW2LXXTWGD6,Purchase,Services,474.29,USD,,POS,,Cable TV,Services,México,Querétaro,Approved,00,False,10.75,,
TRX-B00NT1KT5JNW0FWIPOP7,2026-05-27 23:50:54,2026-05-27,PRD-O0YTQBR9KSFB,CLI-P1FNRC37QA94,Payment,Transport,6113272.37,COP,1528.32,Web,,,,Colombia,Barranquilla,Approved,00,False,4.2,,
TRX-FG8PGZRL5O9MV5I7BJ7H,2026-05-28 03:57:01,2026-05-27,PRD-BYUJZAVAPGDS,CLI-8OFX5GR8GEE6,Transfer,,6443.79,USD,,Web,,,,México,Querétaro,Approved,00,False,,,
TRX-BIP242LBVV55CHTO93VS,2026-05-27 10:37:33,2026-05-27,PRD-JNZCMCOZ64FC,CLI-V1OFDJUOJXQL,Payment,Entertainment,343.68,USD,,App,,,,México,Tijuana,Approved,00,False,,,
TRX-8P7XM8LKUPCCEC3WNZUO,2026-05-28 05:32:56,2026-05-27,PRD-3HN6GSYP2AJY,CLI-8AH0GMCPUEB6,Purchase,Health,922193.68,COP,230.55,ATM,SUC-HQWDAM56,Óptica Visión,Health,Colombia,Cali,Approved,00,False,21.0,,
TRX-RKUR0UD9JLZU8L5RQCOQ,2026-05-27 13:00:11,2026-05-27,PRD-7QLO3YXDVCCS,CLI-H1RAJ1OQL1EF,Payment,Services,770.78,USD,,POS,,,,México,Monterrey,Approved,00,False,11.56,,
TRX-OV71M51O2CMB1WDHSFB0,2026-05-27 19:44:27,2026-05-27,PRD-G5Z1HSJYFXKZ,CLI-N32RL728C9CH,Purchase,Food,100.27,USD,,App,,Mercado Central,Food,México,Querétaro,Approved,00,False,,,
TRX-IQKZXS9JXPTHXRQC5IDC,2026-05-27 07:59:51,2026-05-27,PRD-WA7W78LRATN1,CLI-RYPQRQL3W3C9,Payment,Other,2317640.18,COP,579.41,POS,,,,Colombia,Bogotá,Approved,00,False,,4.6714255,
TRX-WR7G7LUOMPNA61Z07STG,2026-05-27 11:58:46,2026-05-27,PRD-L5AD31B5GW9T,CLI-QDR8QPX7QDT4,Adjustment,,288.35,USD,,Transfer,,,,México,Ciudad de México,Approved,00,False,5.35,,
TRX-BDAZFWYVRGAFZNTJZO5S,2026-05-28 01:33:25,2026-05-27,PRD-4NM0FA2DK7KJ,CLI-DGCSVNDPJ0QU,Withdrawal,,562468.65,COP,140.62,Web,,,,Colombia,,Approved,00,False,,,
TRX-FALUYNT7LM936VW765SV,2026-05-27 10:16:52,2026-05-27,PRD-VI58BX4SISKY,CLI-IE0KDYLQWSLQ,Transfer,,32019535.1,COP,8004.88,POS,,,,Colombia,,Approved,00,False,17.34,,
TRX-PYCFCNJQK7KTFVIYTUSD,2026-05-27 13:18:50,2026-05-27,PRD-A741PXFOJ08N,CLI-BN4JWVEI7RST,Payment,Other,300.59,USD,,ATM,SUC-4XKHST63,,,México,Ciudad de México,Approved,00,False,10.22,,
TRX-1IFMXC3KF0Q4TZBMRONC,2026-05-28 00:40:21,2026-05-27,PRD-RLOIG7U4E2CF,CLI-AMSKEHKDG394,Transfer,,112814.37,ARS,322.33,POS,,,,Argentina,La Plata,Pending,14,False,,,
TRX-H73L6O2MTVRLWZ30UKWM,2026-05-27 20:56:49,2026-05-27,PRD-P4L4KAV8F9B3,CLI-3BXIJJTAYI3Q,Payment,Entertainment,774.67,USD,,POS,,,,México,Ciudad de México,Approved,00,False,6.67,0.6151296,-0.7943907
TRX-PY9R60TCLOR8KD7CB3PP,2026-05-28 03:41:47,2026-05-27,PRD-0LS7EITCSCLO,CLI-K6S0O8I4UGXH,Purchase,Transport,1399839.44,COP,349.96,POS,,Uber,Transport,Colombia,,Approved,00,False,,4.2771691,-74.6606589
TRX-J0J9SBDLFPG6H2WEZZBW,2026-05-27 16:54:47,2026-05-27,PRD-699CFA0126UA,CLI-JXKUX1SPWUH5,Transfer,,1271879.9,COP,317.97,App,,,,Colombia,Medellín,Approved,00,False,6.03,,
TRX-WFB5HFEHE2XL5T5RG0C2,2026-05-28 01:45:55,2026-05-27,PRD-N7UX2O5EYMXM,CLI-XK2R5PA9P0OM,Withdrawal,,315.97,USD,,ATM,SUC-9YYT37NY,,,México,Monterrey,Approved,00,False,15.73,,
TRX-EDBANT5RAEC8GGGSYXR7,2026-05-28 01:48:09,2026-05-27,PRD-ZREUZBHDPAXD,CLI-5557634P126E,Deposit,,383857.74,ARS,1096.74,POS,,,,Argentina,Rosario,Approved,00,False,10.43,,
TRX-RNC9LS9OVDG2TEGD027E,2026-05-27 20:53:41,2026-05-27,PRD-25SXRNV2F76O,CLI-QCQ9EMPBO7SK,Payment,Food,648985.35,ARS,1854.24,Web,,,,Argentina,,Approved,00,False,,,
TRX-01LJ7MEX5RXNNSAIZSSX,2026-05-27 12:22:08,2026-05-27,PRD-STEJINYEYLV7,CLI-YR839HIUSEFI,Withdrawal,,342.32,USD,,POS,,,,México,Puebla,Approved,00,False,14.06,-0.8732386,-0.4398662
TRX-P9QC4XVH8AR9O075UKDR,2026-05-27 13:49:52,2026-05-27,PRD-RNR1W4M48PBM,CLI-Y5FA5IJ5K5FT,Withdrawal,,164637.72,ARS,470.39,ATM,SUC-2T5PUX8Q,,,Argentina,Buenos Aires,Approved,00,False,20.71,,
TRX-JL73LYSOH7R6Z8H55444,2026-05-27 22:34:40,2026-05-27,PRD-8M6LHGFO6236,CLI-X8RYGJXUHWYZ,Deposit,,3523100.13,COP,880.78,POS,,,,Colombia,Bogotá,Approved,00,False,5.96,,
TRX-HFBRTWHIPZ6LAEBJJI9E,2026-05-27 17:59:36,2026-05-27,PRD-PW0209EM8FYQ,CLI-5ZTJU8M2CHUW,Purchase,Food,1894820.26,COP,473.71,Branch,SUC-HO849Z2Q,Restaurante El Buen Sabor,Food,Colombia,Cali,Approved,00,False,9.5,,
TRX-TIX3AX2ENO33QBG0DM5X,2026-05-27 07:57:33,2026-05-27,PRD-BU8H8SNT8WQO,CLI-QVNQ4E4GW01J,Transfer,,1174478.94,ARS,3355.65,Web,,,,Argentina,,Approved,00,False,,,
TRX-7AOQZ0RGD6LHKOD9AZ4Q,2026-05-27 08:06:30,2026-05-27,PRD-DSD8QEFYUCIX,CLI-BXO594ZHYTNU,Purchase,Entertainment,172.48,USD,,POS,,Conciertos Live,Entertainment,México,,Approved,00,False,,0.9482447,-0.7610584
TRX-RS28FNNOM3D6TG6JMRSN,2026-05-27 06:56:14,2026-05-27,PRD-4QN48GDMJK0N,CLI-P0VARXDFA6VI,Transfer,,3553.46,USD,,Web,,,,México,,Approved,00,False,1.99,,
TRX-I25FPYQJGC18PZ9CF2B2,2026-05-27 13:53:35,2026-05-27,PRD-WUZBE483EP02,CLI-JWHCZ0ZTBB1R,Transfer,,6143.1,USD,,App,,,,México,,Approved,00,False,,,
TRX-GZVYNBRED7C7PHUEA6PX,2026-05-28 03:52:44,2026-05-27,PRD-DMVY9Z3X095V,CLI-L9K5L7PQJO2B,Deposit,,3875.15,USD,,POS,,,,USA,Miami,Approved,00,False,19.29,-0.2534043,0.1830561
TRX-M5YWVKKJ106ORU1RECJO,2026-05-28 01:49:04,2026-05-27,PRD-QZQIBYU342V4,CLI-U4FU2USVPYCO,Withdrawal,,810344.81,COP,202.59,App,,,,Colombia,Cali,Approved,00,False,17.18,,
TRX-6NMJ0FI7YC71RZNL5AF5,2026-05-27 15:42:27,2026-05-27,PRD-MEXQC0GC050U,CLI-XP5L51CJF8LV,Payment,Food,1606.92,USD,,POS,,,,México,Guadalajara,Approved,00,False,10.01,,
TRX-H12WXCDTLN0KSE42OUTZ,2026-05-27 15:27:24,2026-05-27,PRD-IL3BJMUCFRIH,CLI-R0D8GV5R2IRR,Withdrawal,,354.99,USD,,POS,,,,México,Tijuana,Approved,00,False,25.37,0.3539379,-0.4917314
TRX-QQV08GRDSKOX2YYPA4NZ,2026-05-28 01:12:18,2026-05-27,PRD-9YN6BID0LNC8,CLI-5UNVLVECGFCT,Withdrawal,,168995.49,ARS,482.84,Web,,,,Argentina,Córdoba,Approved,,False,16.15,,
TRX-CQE2ILXHN3M0WM0PF9HR,2026-05-27 20:06:24,2026-05-27,PRD-RB0314NAP8Z1,CLI-S49JV1AZT9OO,Purchase,Entertainment,69.71,USD,,POS,,Conciertos Live,Entertainment,México,Ciudad de México,Approved,00,False,23.28,,
TRX-FDZWJEMEOF8KXJ832XR8,2026-05-27 23:28:21,2026-05-27,PRD-DCQW66IJWM34,CLI-F6NPGDH75KUA,Withdrawal,,48123.56,ARS,137.5,Web,,,,Argentina,La Plata,Approved,00,False,,,
TRX-H0BW368FUS27FSPVRW6N,2026-05-27 22:07:58,2026-05-27,PRD-6A2IE7ZGLW3Q,CLI-IPD0754U1V8F,Transfer,,9760242.8,COP,2440.06,ATM,SUC-KJBGVLU5,,,Colombia,Cali,Approved,00,False,10.22,,
TRX-RXWK9BG9PCEPPG3DL4V2,2026-05-27 19:19:30,2026-05-27,PRD-A9X58LRV17XT,CLI-ZU1AVERNHXPS,Withdrawal,,418.09,USD,,ATM,SUC-A9BJ48OP,,,México,Tijuana,Approved,00,False,6.72,-0.7956631,0.9441645
TRX-NFDZ4Y28F0ZZ6IQXDG0V,2026-05-28 05:29:12,2026-05-27,PRD-4MD6FP8D78WF,CLI-PF7VV1BJ25B2,Deposit,,890578.12,ARS,2544.51,ATM,SUC-OSJVEL9O,,,Argentina,Rosario,Approved,00,False,18.31,,
TRX-XYV89JYEOXYHJO7VCDLQ,2026-05-27 10:56:27,2026-05-27,PRD-F5J5E5VY96WZ,CLI-C57WFWU4K68Y,Adjustment,,511054.29,COP,127.76,POS,,,,Colombia,Cali,Approved,00,False,1.93,,
TRX-J5TSDW0490HRPNRXRP2V,2026-05-27 16:27:42,2026-05-27,PRD-0O24QGTZQ0MC,CLI-ZH5GSHPF9BWB,Payment,Services,4875320.07,COP,1218.83,Branch,SUC-DG6C9C1K,,,Colombia,,Approved,00,False,1.71,,
TRX-0QKY96C7KAMQUJTW1I9C,2026-05-27 06:59:14,2026-05-27,PRD-C1B42MN3XJB2,CLI-72ATS7623W4Q,Transfer,,8315.69,USD,,Web,,,,México,Ciudad de México,Approved,00,False,,,
TRX-Y2FZSZVR2RITWY7H22ZQ,2026-05-27 11:55:48,2026-05-27,PRD-U86LXTYS3DPG,CLI-P6VCJPIRK6IG,Purchase,Services,351095.17,COP,87.77,ATM,SUC-M96GKW7T,Internet Plus,Services,Colombia,Cali,Declined,05,False,12.32,,
TRX-AT3C5294N3HK14VM7U4I,2026-05-27 14:04:41,2026-05-27,PRD-R58ODZZ56QVX,CLI-O473BNWMFXL9,Deposit,,13477703.44,COP,3369.43,Web,,,,Colombia,Barranquilla,Pending,51,False,,,
TRX-88P69MVR74K4A6HLWI32,2026-05-28 00:57:25,2026-05-27,PRD-KA2ELHN8J8PO,CLI-GFMY1A2X16XJ,Transfer,,14979793.08,COP,,ATM,SUC-1C51KLB3,,,Colombia,Cali,Declined,05,False,,4.590011,-73.161977
TRX-B9S2PETMPEQ2DJ8XXDTD,2026-05-27 19:31:15,2026-05-27,PRD-A5MEDPWBM8LC,CLI-32A78MOZE03Q,Withdrawal,,591689.21,COP,147.92,POS,,,,Colombia,Cartagena,Approved,00,False,6.73,,
TRX-X4X3ZJX3E084ZR21CHXG,2026-05-27 08:12:30,2026-05-27,PRD-MUECUD1CFP2G,CLI-CGDTJMYW78XO,Transfer,,8904.79,USD,,ATM,SUC-1TATGCL8,,,México,Ciudad de México,Approved,00,False,16.37,-0.9586488,-0.6690612
TRX-RYNHHLY3H2I47YX8B8XV,2026-05-28 00:28:38,2026-05-27,PRD-ULLJTAKE5SK2,CLI-E2X9F3W5SUYJ,Payment,Entertainment,1584.47,USD,,ATM,SUC-ZAMLQY77,,,México,Puebla,Approved,00,False,,,
TRX-K225DWQ4HGOFRLH6UUC8,2026-05-28 01:52:24,2026-05-27,PRD-FXQKMTU1YKNI,CLI-0P88NYKLO709,Purchase,Entertainment,140.31,USD,,App,,Teatro Nacional,Entertainment,México,Ciudad de México,Approved,00,False,,,
TRX-M3NLQ10LWJXBOGN7BHN9,2026-05-27 15:13:50,2026-05-27,PRD-2C5B8QX5975U,CLI-950ZBOC8DCJW,Transfer,,438886.83,ARS,1253.96,POS,,,,Argentina,Córdoba,Approved,00,False,21.6,,
TRX-58U7D6DLDVY4SK45YKXO,2026-05-27 08:04:31,2026-05-27,PRD-KCORTB0HN87H,CLI-XWWBFRM2UQ3F,Transfer,,2410510.53,ARS,6887.17,Web,,,,Argentina,La Plata,Approved,00,False,6.6,,
TRX-MI57NK5WTHWRLWWO2789,2026-05-27 15:08:51,2026-05-27,PRD-V0KWQL4IKI2P,CLI-6FQ3WQ5LDXLF,Withdrawal,,371582.69,COP,92.9,POS,,,,Colombia,Bogotá,Approved,00,False,7.64,4.1846501,-73.7038204
TRX-OPS5W3ZWBTARAG5CP8DE,2026-05-27 19:23:28,2026-05-27,PRD-RSP7W3GFR3HJ,CLI-8HXQZXH5Y94B,Withdrawal,,1895299.33,COP,473.82,ATM,SUC-X7W6C3UX,,,Colombia,Cartagena,Approved,00,False,18.66,,
TRX-TB54UYVSR0LKVET07OVH,2026-05-27 19:53:40,2026-05-27,PRD-W70NIE5Z52DL,CLI-BZZM03J0PX0B,Transfer,,7357.74,USD,,ATM,SUC-DN1V9J1Z,,,Spain,Valencia,Approved,00,False,28.38,,
TRX-0MNVRBOF1U1EYPNUWKWP,2026-05-27 20:06:52,2026-05-27,PRD-4IBOKNBJBQUW,CLI-6Q1Z3XPA27ZU,Transfer,,823.15,USD,,App,,,,México,Monterrey,Approved,00,False,19.96,,
TRX-POGW3E4NX0QTXZ8XY0MP,2026-05-27 22:54:22,2026-05-27,PRD-EFN6MQ88NZRH,CLI-Z4HT3VSHY44Y,Withdrawal,,132004.48,ARS,377.16,POS,,,,Argentina,Buenos Aires,Approved,00,False,18.09,,
TRX-9VHS6RN5C6LDOM7UPYE5,2026-05-28 04:27:13,2026-05-27,PRD-9AIPEWPNGN50,CLI-4DUE8SFG76DR,Withdrawal,,73.27,USD,,POS,,,,México,Querétaro,Approved,00,False,18.04,,
TRX-9OM6U7JC1G1IWI1EAERX,2026-05-27 22:43:03,2026-05-27,PRD-GTAU76BBJFLW,CLI-R69IMEJ2OXTM,Purchase,Food,139341.72,ARS,398.12,POS,,Super Ahorro,,Argentina,Mendoza,Approved,00,False,9.76,,
TRX-OXJM51NEYHP3TLNF46T4,2026-05-27 11:36:29,2026-05-27,PRD-E4IGZZH0SXQD,CLI-11I01CDV02V7,Transfer,,281290.17,ARS,803.69,POS,,,,Argentina,Rosario,Approved,00,False,15.19,,
TRX-CI5WB23IW6C5FB9VSCJ6,2026-05-27 15:49:46,2026-05-27,PRD-FP7CE1B3CSQN,CLI-B889CH3F6T1S,Purchase,Entertainment,388.09,USD,,POS,,Teatro Nacional,Entertainment,México,Tijuana,Approved,,False,20.45,-0.6722195,0.0213892
TRX-1VGGEBOQF2M8R5IA5GID,2026-05-28 04:24:52,2026-05-27,PRD-X3OLJ7G269GT,CLI-S85MOT8QXA3L,Payment,Food,446217.91,COP,111.55,Web,,,,Colombia,Barranquilla,Approved,00,False,14.39,,
TRX-QVOH0HFO8J51HPQSJCKY,2026-05-27 14:39:53,2026-05-27,PRD-4GV9J9WSG76P,CLI-R7FBZ6SWQOGY,Payment,Services,1501.87,USD,,App,,,,México,Guadalajara,Approved,00,False,,,
TRX-DV8I6ZAVZC6S4U9RMO9O,2026-05-28 03:20:27,2026-05-27,PRD-VD7XNYFL110I,CLI-BJ5HEXCTI07V,Payment,Services,685158.74,ARS,1957.6,ATM,SUC-115U74JL,,,Argentina,,Approved,00,False,20.26,,
TRX-RXN3O4MZ5Q9A7ZMSKBFW,2026-05-27 19:30:52,2026-05-27,PRD-F83L2M4WD788,CLI-LUVCXURYAA6M,Payment,Food,1388.39,USD,,POS,,,,México,Querétaro,Approved,00,False,,,
TRX-1QIDAL92RVCSMGXU2P60,2026-05-27 12:28:40,2026-05-27,PRD-I4WJ5V52LDGX,CLI-LL0Z6VSN5VEC,Transfer,,9330186.31,COP,2332.55,ATM,SUC-UNXOS8JB,,,Colombia,Barranquilla,Approved,00,False,,4.0906513,-73.9479362
TRX-U1VG5B6U0T16QC5QGWLZ,2026-05-27 06:45:18,2026-05-27,PRD-132SXKP0VC79,CLI-KPW92G4C2YSM,Transfer,,3592916.87,COP,898.23,ATM,SUC-WH83BE50,,,Colombia,Cali,Approved,00,False,7.34,,
TRX-FEHNX98PWBQ225TZ0PK1,2026-05-27 20:25:23,2026-05-27,PRD-UNWB9RACWKRI,CLI-9437Y8AX3MU1,Withdrawal,,346.87,USD,,ATM,SUC-ZXOSBE5D,,,México,Tijuana,Approved,,False,,,
TRX-OBAQVD8WBH8F5BNW8248,2026-05-27 07:57:43,2026-05-27,PRD-JSCJHYPYNZDS,CLI-KHBQJ9P8ZFP5,Deposit,,4596817.33,COP,1149.2,ATM,SUC-UNXOS8JB,,,Colombia,Cali,Approved,00,False,28.77,4.3957124,-73.9866336
TRX-6G7AJSXXVYRMZMHI4498,2026-05-28 04:12:17,2026-05-27,PRD-LCZ8YAD7I1TY,CLI-GY2NPD311QAX,Withdrawal,,81.34,USD,,POS,,,,México,Guadalajara,Approved,00,False,25.45,,
TRX-RZC96WUQBWL9PKZKJ2NQ,2026-05-28 00:30:20,2026-05-27,PRD-ROS4T7XMXV0C,CLI-5YN9U6EQAPO4,Transfer,,13645949.17,COP,3411.49,Transfer,,,,Colombia,Cartagena,Approved,00,False,,,
TRX-F39U184XL5EE20HGIJ3B,2026-05-27 23:36:25,2026-05-27,PRD-BX7HWKO5NQHH,CLI-4KF6KKPOVY24,Withdrawal,,390.65,USD,,App,,,,México,Guadalajara,Approved,00,False,0.23,,
TRX-24PHN5H7S33GVT0LBSZP,2026-05-28 01:09:35,2026-05-27,PRD-ILF0ZNONQKZF,CLI-V3O9ZVODOPBY,Purchase,,424725.09,COP,106.18,App,,Teatro Nacional,Entertainment,Colombia,Bogotá,Approved,00,False,4.65,,
TRX-OGH6D1N1FMYQK5FWQ8VH,2026-05-28 01:40:01,2026-05-27,PRD-0C093ZF5G0WM,CLI-4OAA8KZ5BUBN,Purchase,Food,38657.92,COP,9.66,POS,,Mercado Central,,Colombia,Cartagena,Approved,00,False,9.97,,
TRX-LV6HWPXQFC4BZX8A8LNY,2026-05-27 21:38:44,2026-05-27,PRD-R7KRNUS6HKDK,CLI-RLL3UYJCUW0L,Purchase,Other,437.44,USD,,Web,,Tienda General,Other,México,Tijuana,Approved,00,False,,,
TRX-V6AU8IYSL1FRZ4DYQ2U5,2026-05-27 19:09:23,2026-05-27,PRD-3V7J1MZPW0R9,CLI-55V81MBP54U9,Adjustment,,2506084.1,COP,626.52,POS,,,,Colombia,Medellín,Approved,00,False,,,
TRX-F7VQFH9L79UZYO3OMR3K,2026-05-27 08:51:20,2026-05-27,PRD-BGGG5346O44E,CLI-6ARXP4QIJH70,Deposit,,2392.95,USD,,POS,,,,México,,Approved,,False,22.38,,
TRX-NZCQWA0I3O2H1TE256FH,2026-05-27 19:10:32,2026-05-27,PRD-YO945BOPSBWH,CLI-YORW6M69RV7G,Withdrawal,,23.69,USD,,ATM,SUC-3DCC91G4,,,México,Guadalajara,Approved,00,False,,,
TRX-9SJXA9PL46V9VLU1K3XC,2026-05-27 21:03:29,2026-05-27,PRD-UC6ZRCTKHGPN,CLI-JHVN1UZE5HXS,Purchase,Food,120.15,USD,,Web,,Super Ahorro,Food,México,Querétaro,Approved,,False,9.99,,
TRX-YMPKZ55KPJMRRXS2OR7Z,2026-05-27 18:48:12,2026-05-27,PRD-Z7DQ569DDVXD,CLI-CMU56J0GZY4I,Transfer,,210363.18,ARS,601.04,POS,,,,Argentina,Buenos Aires,Approved,00,False,18.4,-33.6904194,-58.6046485
TRX-7A8R3JAUVMIJI6BTNE0H,2026-05-28 01:26:10,2026-05-27,PRD-6N6AFVH54UZL,CLI-FC0YDECSAX5J,Adjustment,,243.37,USD,,Web,,,,México,,Approved,00,False,14.44,,
TRX-VMWAU3T3LNA1XK5MYKNK,2026-05-27 07:32:26,2026-05-27,PRD-FX2JCTRBH2OO,CLI-J5GGT68YG9PC,Transfer,,1268225.72,ARS,3623.5,ATM,SUC-K32WS6T0,,,Argentina,Buenos Aires,Approved,00,False,21.43,,
TRX-KZRYD477GSZD8WS8N086,2026-05-27 21:34:11,2026-05-27,PRD-JNMZ3ONPRGRO,CLI-JH95R0V4G5RP,Withdrawal,,148101.8,ARS,423.15,ATM,SUC-46JOBFMX,,,Argentina,,Approved,00,False,21.91,,
TRX-EZP18N6PYOD30G594XV8,2026-05-27 15:28:42,2026-05-27,PRD-7UQ4TYNAJLDC,CLI-33CR2TS4VGIM,Withdrawal,,49355.61,ARS,141.02,POS,,,,Argentina,La Plata,Approved,00,False,21.12,,
TRX-9ZDNMQQPMQYXHEQUHY4D,2026-05-27 22:31:08,2026-05-27,PRD-UOCVZE89J1BQ,CLI-3WEHNRUFPV3O,Transfer,,671067.34,ARS,1917.34,ATM,SUC-2T5PUX8Q,,,Argentina,Buenos Aires,Approved,00,False,,,
TRX-QB3N0SZ8G56MRXZG5UT5,2026-05-27 11:55:39,2026-05-27,PRD-91JHRGNIRI8R,CLI-81D92025B829,Deposit,,3222.1,USD,,ATM,SUC-H4YG9DLY,,,México,Ciudad de México,Approved,00,False,,,
TRX-47F4T9FPYH0IC4E5Q8QT,2026-05-28 05:53:07,2026-05-27,PRD-4MSQ06M2E9A5,CLI-2RCVXIWQ7MKE,Payment,Entertainment,3860596.66,COP,965.15,ATM,SUC-QTKN7Z0R,,,Colombia,Barranquilla,Approved,00,False,,,
TRX-LLGQUZH8CZVS8JO70TAZ,2026-05-27 07:11:22,2026-05-27,PRD-RM3L02KE9R8E,CLI-8R6UEMDLZLR0,Withdrawal,,58.21,USD,,App,,,,México,Ciudad de México,Approved,,False,,,
TRX-JNP3KOJYK6Z6AZXJ8K8M,2026-05-28 02:16:26,2026-05-27,PRD-ZJJFI53D1BIG,CLI-ZXC373YT93N1,Transfer,,37877604.71,COP,9469.4,App,,,,Colombia,,Approved,00,False,,,
TRX-7VF12AA1BYJOBHSJKPQX,2026-05-27 14:50:58,2026-05-27,PRD-JOBRH58BSPSL,CLI-6BUFOHOQD0KF,Withdrawal,,250.1,USD,,ATM,SUC-349TR6OC,,,México,Ciudad de México,Approved,00,False,,-0.4812066,-0.5017282
TRX-4G2IREZPAMY1O02IPNXA,2026-05-28 04:11:31,2026-05-27,PRD-79YDYGIQL0VX,CLI-TCJZ4IUIZ2WY,Purchase,Health,751788.5,COP,,App,,Farmacia Salud,Health,Colombia,Bogotá,Approved,00,False,,,
TRX-QYAC28991VC9XFKGCSHE,2026-05-27 19:22:26,2026-05-27,PRD-51149C7Y1WTH,CLI-HFYXZ555DLX6,Withdrawal,,319.11,USD,,ATM,,,,México,Ciudad de México,Approved,00,False,,,
TRX-PVXCF55WX24YFFTYECFW,2026-05-27 12:05:40,2026-05-27,PRD-N12ZLB9U6153,CLI-6SNCHVEKV0WZ,Withdrawal,,1589906.83,COP,397.48,ATM,SUC-01J639PQ,,,Colombia,Medellín,Approved,00,False,5.48,,
TRX-UT5V66LWZR6JTBRJZA88,2026-05-27 07:31:59,2026-05-27,PRD-FJN55YDPMUWK,CLI-TOBWEU5EGO5Y,Withdrawal,,322.16,USD,,POS,,,,México,Puebla,Approved,00,False,27.69,,
TRX-I2EC2S4F4AOPGTZ3DM5W,2026-05-27 14:54:31,2026-05-27,PRD-XJR7MGHHPC14,CLI-IF4T0MTGH5MR,Payment,Services,618176.74,ARS,1766.22,App,,,,Argentina,Buenos Aires,Approved,00,False,28.41,,
TRX-P9C0QKCHU614G4AWXGU5,2026-05-27 14:27:06,2026-05-27,PRD-5QJFVLQYU6U9,CLI-4RGCBVCGJY46,Purchase,Services,1119302.36,COP,279.83,ATM,SUC-A6PLAS9M,Empresa Telefónica,Services,Colombia,Cartagena,Approved,00,False,,,
TRX-5RZHMYEYZ330MIPEQ3WD,2026-05-27 06:57:42,2026-05-27,PRD-V8OZ56OO069P,CLI-2DX503I2IAF7,Withdrawal,,1194261.88,COP,298.57,ATM,SUC-8YXNMWZ7,,,Argentina,Mendoza,Approved,00,False,22.28,,
TRX-M4GXRSQ5FY3ISRHDU5UV,2026-05-28 05:55:37,2026-05-27,PRD-9AZ8D1M4W6H4,CLI-73R133S9TVEJ,Deposit,,19485661.3,COP,4871.42,ATM,SUC-QLV3J046,,,Colombia,Cartagena,Approved,,False,7.07,,
TRX-ILU47R6ME9VBE92TJNXV,2026-05-28 00:25:10,2026-05-27,PRD-2J177JSGWH0L,CLI-E9MH09G6PSYD,Withdrawal,,142405.94,COP,35.6,ATM,SUC-RFQLK7RX,,,Colombia,,Approved,00,False,23.85,3.832727,-73.7281018
TRX-ZWNHS2WPMKM76BHT8YH0,2026-05-28 01:32:21,2026-05-27,PRD-LEAZF50OULT1,CLI-E06M0N1SWWBK,Payment,Health,5904917.87,COP,,ATM,SUC-HQWDAM56,,,Colombia,Bogotá,Approved,00,False,,,
TRX-IZVF0H9WJ3MH7PGV91Q0,2026-05-27 18:39:58,2026-05-27,PRD-6EY4NY7KCLQG,CLI-438BYJD6C0KA,Payment,Health,408.72,USD,,POS,,,,México,Puebla,Approved,00,False,,,
TRX-CVTTAGR2GRUK42VCKLN9,2026-05-28 02:09:42,2026-05-27,PRD-EYWIU0YOHHRA,CLI-FC3NMWAQ15VN,Withdrawal,,107.85,USD,,ATM,SUC-4CNRVPYL,,,México,Puebla,Approved,,False,,0.9323102,0.5836265
TRX-93ITL41RTIC2BKB3AKUY,2026-05-28 02:17:38,2026-05-27,PRD-2XMZ1K7C8BML,CLI-23BEW253QGA8,Deposit,,1312.5,USD,,POS,,,,Colombia,,Approved,00,False,,,
TRX-9UQ8COITVWB6M9BEQCHK,2026-05-27 16:19:46,2026-05-27,PRD-LK249IPI2YKF,CLI-9JH5DXAZF2DH,Payment,Other,819.96,USD,,Web,,,,México,Tijuana,Approved,00,False,9.47,,
TRX-3PMEIDBHP6QNXVFVUSPE,2026-05-27 16:47:28,2026-05-27,PRD-QD2M5KZALU95,CLI-534BGWP9FZDP,Deposit,,1133824.8,ARS,3239.5,POS,,,,Argentina,Buenos Aires,Approved,00,False,22.13,,
TRX-8ZK29KV5E2TU5V6GXEWW,2026-05-27 09:06:18,2026-05-27,PRD-22Y9IJI8CIPN,CLI-7MPS3ZOPSN4Q,Purchase,Entertainment,190.87,USD,,Web,,Teatro Nacional,Entertainment,Colombia,Barranquilla,Approved,00,False,,,
TRX-81EV0L45PWM7M156Z7TI,2026-05-27 23:15:01,2026-05-27,PRD-AZOBK7SRY8GP,CLI-NM63SV0CGRFW,Adjustment,,983.27,USD,,ATM,SUC-KD93KQ8I,,,México,Tijuana,Approved,00,False,28.2,0.3307822,0.3210168
TRX-ITBUR1ZAPZMR012Q376Q,2026-05-27 19:57:04,2026-05-27,PRD-PR3W0LQBC2XT,CLI-SH0CYL7Z0I6H,Deposit,,663084.93,ARS,1894.53,Web,,,,Argentina,Rosario,Approved,00,False,23.05,,
TRX-0LCEA6W0WXB0W438GY80,2026-05-27 18:22:50,2026-05-27,PRD-LH3S22RFQ9U2,CLI-EFUKCZ3HU1MX,Purchase,Transport,1203116.39,COP,300.78,ATM,SUC-OPPQ932B,Taxi Seguro,Transport,Colombia,Bogotá,Approved,00,False,25.25,,
TRX-EV2S0S70N29ZS6YGPSFO,2026-05-28 04:57:01,2026-05-27,PRD-ULB0GT79B332,CLI-JK3JVXCHR3HJ,Payment,Food,876.42,USD,,ATM,SUC-J532XZ5B,,,México,,Approved,00,False,16.81,-0.0162838,0.3735079
TRX-AV6C2STIMVKZCAGPQHF8,2026-05-28 00:27:08,2026-05-27,PRD-GAOHCZ73KMQ8,CLI-T5KLAEF67IGU,Withdrawal,,174430.45,ARS,498.37,App,,,,Argentina,La Plata,Approved,00,False,18.52,,
TRX-TO3265UPXLQQRWS2KBSZ,2026-05-27 18:04:52,2026-05-27,PRD-74Z6JYYBC4DF,CLI-DIY86EN1ZPA8,Purchase,Entertainment,320622.76,COP,80.16,App,,Cine Premium,Entertainment,Colombia,Barranquilla,Approved,00,False,23.94,,
TRX-BSNHWHV5J30L6XMALCM2,2026-05-27 07:25:01,2026-05-27,PRD-W33FKTVLUGQN,CLI-L4GL7C085IJN,Payment,Entertainment,1366.74,USD,,ATM,SUC-7G8CGE3F,,,México,Ciudad de México,Approved,00,False,25.41,-0.4610264,-0.4398551
TRX-5HVPEED352Z39AXQ31OU,2026-05-28 03:24:40,2026-05-27,PRD-UWU90RT8SY86,CLI-EKOXY456DEHX,Deposit,,1334.86,USD,,Web,,,,México,Puebla,Approved,00,False,18.25,,
TRX-JJU1IMH09ZO40JP0TKDJ,2026-05-27 11:55:30,2026-05-27,PRD-MCC218XQUK31,CLI-JHMEY4DB5H79,Transfer,,5306.97,USD,,ATM,SUC-EXKJNP13,,,Colombia,Bogotá,Approved,00,False,,,
TRX-MW4OXMTQUBKBQTD9SVDA,2026-05-27 10:52:45,2026-05-27,PRD-F12AQUZAQ529,CLI-0RRO7ICVXW60,Purchase,Services,231.38,USD,,ATM,SUC-JA4P9IIP,,Services,Colombia,Cali,Approved,00,False,23.28,4.355661,-73.1222096
TRX-ULPM1ZQ65O9KJJLGSSOM,2026-05-27 22:02:19,2026-05-27,PRD-PLPDRFE87MJ1,CLI-TLMSQMQNK9I8,Adjustment,,28.51,USD,,App,,,,México,Puebla,Approved,00,False,10.81,,
TRX-E2SOBIUDFHWIMTL0VU0U,2026-05-27 06:16:07,2026-05-27,PRD-OBLBMTXZE15O,CLI-74H7R0WBRGFC,Deposit,,1957.52,USD,,ATM,SUC-OW1SAD5J,,,México,Querétaro,Approved,00,False,23.39,,
TRX-NV0JD1WZT757IB5029FI,2026-05-27 11:20:37,2026-05-27,PRD-0FRM6NK9TZUW,CLI-90VOC8HBSM47,Deposit,,291559.29,COP,72.89,POS,,,,Colombia,Barranquilla,Approved,00,False,15.25,,
TRX-GXQMG05BEYLLZYOSAKP0,2026-05-28 02:59:08,2026-05-27,PRD-E7P9JLH1ZJOJ,CLI-5TZYT3EUDDR4,Payment,Transport,5426736.18,COP,,POS,,,,Colombia,Barranquilla,Approved,00,False,14.31,4.9488603,-74.5469339
TRX-9R3G20RPG0BU4YJ8TCRN,2026-05-27 12:38:16,2026-05-27,PRD-JO1G9ZWRJZPS,CLI-B7BOVKPRXQ62,Purchase,Entertainment,233.68,USD,,Branch,SUC-6RHR3MME,Teatro Nacional,Entertainment,México,Monterrey,Declined,51,False,10.66,-0.4057217,-0.0380591
TRX-UB6BY1GDOZ26WQTA0MFH,2026-05-28 02:04:22,2026-05-27,PRD-UOILJIM3EZCV,CLI-PHD5N8JPC3JZ,Transfer,,8168.29,USD,,App,,,,México,Guadalajara,Approved,00,False,,,
TRX-CRIWIOKBAOJHKHHFV19Y,2026-05-27 17:03:18,2026-05-27,PRD-5BSY7XLH8C08,CLI-SBU8MAL5CHRD,Adjustment,,1383178.93,COP,345.79,ATM,SUC-TQX7379E,,,Colombia,Cali,Approved,00,False,3.4,,
TRX-5XMY867H5S1V1NWDXPY8,2026-05-28 01:16:08,2026-05-27,PRD-BR9V59M13EB2,CLI-Q964X9DJOJPW,Deposit,,943559.63,ARS,2695.88,POS,,,,Argentina,Rosario,Reversed,54,False,23.4,,
TRX-AIXDMJGL5HHXJE508G8O,2026-05-28 04:36:50,2026-05-27,PRD-8B10GEACAX7I,CLI-B4T3MG36YQYO,Withdrawal,,236.6,USD,,POS,,,,México,,Approved,00,False,8.11,0.0351615,-0.5479652
TRX-XKY4G99VYOHEUTRT34UG,2026-05-27 06:30:06,2026-05-27,PRD-AU1RXGA9YOBP,CLI-8GAF9T08842I,Purchase,Services,371.53,USD,,ATM,SUC-PFXHRCSW,Internet Plus,,México,Monterrey,Approved,00,False,,,
TRX-BKD0A9VL0C2E3H70UO4W,2026-05-27 15:32:02,2026-05-27,PRD-XQK8H80T8S7G,CLI-NRZOX9FSPHD6,Deposit,,706781.13,ARS,2019.37,ATM,SUC-7TH4CVFK,,,Argentina,Rosario,Approved,00,False,15.15,,
TRX-MCK7BR3S7UWFP970AIPK,2026-05-28 01:03:47,2026-05-27,PRD-J97KLUZOO08X,CLI-YKLXM2O1DFD9,Withdrawal,,272.35,USD,,Web,,,,México,Guadalajara,Approved,00,False,,,
TRX-XXO4VMAQJPO6CCP0SX8L,2026-05-27 16:13:10,2026-05-27,PRD-9IXIYVVF0C7N,CLI-M3HB2SD4QT9X,Payment,Entertainment,859.55,USD,,App,,,,México,Tijuana,Approved,00,False,9.16,,
TRX-APQTP3C37V8PTJYTB511,2026-05-28 03:18:44,2026-05-27,PRD-8AUZM7I5W7LU,CLI-XO03GJZMWVBK,Purchase,Entertainment,345646.45,COP,86.41,App,,Streaming Music,Entertainment,Colombia,Bogotá,Approved,00,False,18.72,,
TRX-1ZH90F7CZR686DWJS24W,2026-05-27 12:00:22,2026-05-27,PRD-OXNJ5VORC3OY,CLI-RSIKIFWLRMT5,Transfer,,7177.02,USD,,ATM,SUC-P3KNB4PY,,,México,Ciudad de México,Approved,00,False,9.65,-0.1238715,-0.6522714
TRX-YN6EL9XJNK73KESU3TYV,2026-05-28 05:35:16,2026-05-27,PRD-E1D0TPG0M86Z,CLI-AN7OS8UYF7TF,Transfer,,6725.86,USD,,Transfer,,,,México,Tijuana,Approved,00,False,,,
TRX-ORP8BY0Q7HSB1S7WZDBW,2026-05-28 03:35:33,2026-05-27,PRD-27LACY7Y2AEO,CLI-NJBQF9NUPDDP,Deposit,,1199300.32,ARS,3426.57,POS,,,,Argentina,Rosario,Approved,00,False,4.26,,
TRX-F25LCFY7H9KSQYMRQL56,2026-05-27 18:44:33,2026-05-27,PRD-LMDI1ORNHYYU,CLI-3A9FOUKDG9A1,Withdrawal,,1374621.02,COP,343.66,POS,,,,Colombia,,Approved,00,False,20.77,4.7121809,-73.5128801
TRX-UV5QVGDUXKLG95UKNA60,2026-05-27 13:02:17,2026-05-27,PRD-F6JE2ZAT8H1U,CLI-B635BI2QIQDQ,Purchase,Transport,133.21,USD,,POS,,Gasolinera Express,Transport,México,Querétaro,Pending,54,False,16.49,0.6777544,-0.7005251
TRX-8DGGGO8JYQAMUVP2Q18W,2026-05-27 11:54:37,2026-05-27,PRD-KVX3M2IHAJLQ,CLI-2IWDUC7T97CO,Transfer,,8755.77,USD,,Web,,,,México,Monterrey,Approved,00,False,10.13,,
TRX-GNYXOH64O2TDH8JQYC9S,2026-05-27 14:33:00,2026-05-27,PRD-10KFNL33ZISA,CLI-897ZM1NGVD0Z,Deposit,,1020417.94,ARS,2915.48,POS,,,,Argentina,Buenos Aires,Approved,00,False,9.38,,
TRX-M3KSTDLJN4OFT7L07TKF,2026-05-27 11:59:27,2026-05-27,PRD-AA2ZOUX9TIKB,CLI-18H9HDUWOZH4,Payment,Food,1118.31,USD,,Web,,,,Colombia,Barranquilla,Approved,,False,15.91,,
TRX-99NGHSHD1GYKUB365VOM,2026-05-27 18:09:42,2026-05-27,PRD-RSZMME1HKPE8,CLI-K9CLXA808J55,Withdrawal,,160680.69,ARS,459.09,ATM,SUC-GTAY0XHL,,,Argentina,,Pending,05,False,10.27,,
TRX-IEZNB1Y7NNGBZVCFOFCY,2026-05-27 15:35:32,2026-05-27,PRD-XR7DOV8VQ91D,CLI-QSIBQS784UVG,Purchase,Food,704579.7,COP,176.14,Transfer,,,Food,Colombia,Cartagena,Pending,54,False,23.48,,
TRX-S4WSDEWPTAOQYHYVE1Y3,2026-05-27 11:39:10,2026-05-27,PRD-DC7Y7YOT020X,CLI-QPGINMVTCT33,Withdrawal,,1257318.05,COP,314.33,ATM,SUC-JARPMK7O,,,Colombia,Medellín,Approved,00,False,,4.7511674,-73.6640352
TRX-1G165NIR85YD86EUVF50,2026-05-27 21:54:24,2026-05-27,PRD-8H3VB41XHYT8,CLI-BV6574F3YE10,Deposit,,354331.92,ARS,1012.38,ATM,SUC-6M2HY1ZX,,,Argentina,Mendoza,Approved,00,True,37.3,-34.5777532,
TRX-TL1P9AG96553C8WY0NY1,2026-05-28 05:54:11,2026-05-27,PRD-5ORDO1ENOYX7,CLI-BSWDTBIEPNLZ,Transfer,,2489.29,USD,,App,,,,Colombia,Cali,Pending,,False,,,
TRX-A9YXGPXCLDNNF1ZBMXQ6,2026-05-27 19:17:39,2026-05-27,PRD-JND6PZWUBBU0,CLI-HECHL4KC0JCP,Payment,Services,374.52,USD,,POS,,,,México,Monterrey,Approved,00,False,8.44,0.6596319,-0.8957587
TRX-XS9WE7KD4WJE58CKOLTA,2026-05-27 20:54:49,2026-05-27,PRD-VIYR7VB3974M,CLI-N94MCCUQAFO7,Payment,Other,4314642.06,COP,1078.66,POS,,,,Brazil,,Approved,00,False,5.59,,
TRX-FWW9A5GQH7Q6MQRNZDI9,2026-05-27 19:28:40,2026-05-27,PRD-PN30Z97V7RHU,CLI-5ZRB8VGFXUCY,Payment,Food,7175941.82,COP,1793.99,POS,,,,Colombia,,Approved,00,False,26.94,,
TRX-QI2CR5ZIPYLDRJXBJX3B,2026-05-27 20:46:02,2026-05-27,PRD-DFD4RZV6YXB8,CLI-1UA7CCL20ZFX,Payment,Entertainment,1111433.14,COP,277.86,Web,,,,Colombia,Bogotá,Approved,00,False,2.93,,
TRX-8HB8ASIBBX7ZOHNCHJQ4,2026-05-27 07:52:00,2026-05-27,PRD-NX5KEQZD9DY4,CLI-KDT1QLOW4C9S,Purchase,Health,81.33,USD,,POS,,Farmacia Salud,Health,México,Tijuana,Approved,,False,6.71,,
TRX-M5KK224OELKIUPO2XQIQ,2026-05-27 23:24:33,2026-05-27,PRD-RUIXKQXBMRTQ,CLI-DEHBFZT7Z3DW,Payment,Entertainment,618.67,USD,,App,,,,México,Ciudad de México,Approved,00,False,,,
TRX-CN7RO1VAX20MQL4UEZUI,2026-05-28 01:31:48,2026-05-27,PRD-ZX00FFTRRXZ5,CLI-TU3CL21UMCKQ,Withdrawal,,141407.61,COP,35.35,POS,,,,Colombia,Medellín,Approved,00,False,11.66,,
TRX-ZF9T7TEUJG2Z2SNAV4X9,2026-05-27 08:29:38,2026-05-27,PRD-H4NB2RGLN541,CLI-YDIP07YNX9DH,Withdrawal,,194.64,USD,,App,,,,México,Tijuana,Declined,14,False,15.51,,
TRX-ZP11N0ZITOW0OU9X582W,2026-05-27 16:22:40,2026-05-27,PRD-XVLGFN6QB81R,CLI-K1IPX7LAX472,Purchase,Food,120721.8,ARS,344.92,POS,,Mercado Central,Food,Argentina,,Approved,00,False,13.21,,
TRX-K1L2QSCMJX8N8B4XMANZ,2026-05-27 06:27:02,2026-05-27,PRD-TIYK10MMC514,CLI-RMM503PTWC43,Payment,Food,690.51,USD,,POS,,,,México,Querétaro,Approved,00,False,6.19,,
TRX-AZQ4K8QRV074UY869JQ2,2026-05-27 11:49:55,2026-05-27,PRD-E0DCRMCV809W,CLI-TXN4OG5I93KY,Payment,Transport,1610.95,USD,,ATM,SUC-COPO2MJ8,,,México,Tijuana,Approved,00,False,13.77,,
TRX-1INZVIVJLYHLZ98EU5C7,2026-05-28 03:53:57,2026-05-27,PRD-U44JFPBZMR9Z,CLI-9AWY2QOSO1YG,Withdrawal,,337.89,USD,,ATM,,,,México,Querétaro,Approved,00,False,18.87,,
TRX-PWP292855FUDUFBKXB8R,2026-05-28 01:12:38,2026-05-27,PRD-7LD7MVQ4XNJP,CLI-MNLK3N53F4IH,Withdrawal,,364.16,USD,,POS,,,,México,,Approved,00,False,20.6,,
TRX-N9I3J98UEI27AFPA78U3,2026-05-27 20:07:37,2026-05-27,PRD-JJD7AJT03WXK,CLI-JTYUN4GB8GTM,Payment,Other,1709.55,USD,,ATM,SUC-UB0LXRUU,,,México,Puebla,Approved,00,False,15.61,0.8938031,-0.1051798
TRX-2TPCHAXUVJ5Q3JTTQAM9,2026-05-28 02:33:17,2026-05-27,PRD-S8VZDTV5AQI6,CLI-LKYUOVCD42KR,Payment,Food,403957.63,ARS,1154.16,POS,,,,Argentina,Mendoza,Declined,54,False,3.91,,
TRX-0OALAHR14S50BM5JO8VJ,2026-05-28 05:15:52,2026-05-27,PRD-00G1EVVXS009,CLI-D6NJGFGAJ67H,Withdrawal,,84650.44,ARS,241.86,App,,,,Argentina,Rosario,Approved,00,False,,,
TRX-0G8249UXNPA6ERZ0MY4V,2026-05-27 12:57:11,2026-05-27,PRD-Y1K7PK27DEDC,CLI-ZH1JG7I7VJYS,Withdrawal,,570332.65,COP,142.58,POS,,,,Colombia,Cali,Approved,00,False,28.4,,
TRX-JNLNI5QMNTV0N9CZTAJG,2026-05-27 06:54:31,2026-05-27,PRD-3X84GZQ5ZVT7,CLI-3CJIFT3E6T8G,Payment,Entertainment,918.66,USD,,POS,,,,México,Monterrey,Approved,00,False,17.33,,
TRX-GKZ1E7HBRHRSSQ63CI1S,2026-05-27 09:28:59,2026-05-27,PRD-AVMVCT48GN4O,CLI-45E2ES1I78AI,Purchase,Other,221.92,USD,,POS,,Tienda General,Other,México,Tijuana,Approved,00,False,14.43,,
TRX-HAMN105F3IUB8OH6ULH0,2026-05-27 22:40:18,2026-05-27,PRD-FVZIACSEWUPZ,CLI-HR0M3CAEZNRN,Transfer,,657991.8,ARS,1879.98,ATM,SUC-ZSZKWMJL,,,Argentina,Córdoba,Approved,00,False,17.27,-35.0263048,-59.1426257
TRX-PEE3BCZIAT8HCNXGOQAL,2026-05-27 14:54:50,2026-05-27,PRD-1W6HAEVKG84W,CLI-8B4L78FTQN37,Payment,Entertainment,124290.4,ARS,355.12,Web,,,,Argentina,Buenos Aires,Approved,00,False,16.26,,
TRX-CKEGYXJQF9OFAMGML782,2026-05-27 06:51:20,2026-05-27,PRD-Z7MW0FPP076Z,CLI-1VRQ7E2B9QNR,Withdrawal,,767838.6,COP,191.96,ATM,SUC-LBZFJAU6,,,Colombia,Cartagena,Approved,00,False,,,
TRX-W2J1SZDBRCGS8ISH06WY,2026-05-27 19:50:15,2026-05-27,PRD-LCIP7NSCLF1Z,CLI-WLDJWEUHIBDC,Withdrawal,,62.01,USD,,POS,,,,México,Tijuana,Approved,00,False,5.79,,
TRX-639NH2155UZII0X19N0B,2026-05-27 09:29:58,2026-05-27,PRD-98R7B9TEERSV,CLI-LHJK79OEM0NW,Deposit,,5845201.65,COP,1461.3,Branch,SUC-MSYTX2WG,,,Spain,Barcelona,Approved,00,False,21.64,,
TRX-MPV5M6UVAUNR2VV7LRXH,2026-05-27 15:37:19,2026-05-27,PRD-PQY0LUHUSLHH,CLI-HHM50IQ09REW,Deposit,,3053.13,USD,,ATM,SUC-6M2HY1ZX,,,Argentina,,Approved,00,False,24.65,,
TRX-D543ENI8Q773EJFM1IM5,2026-05-27 10:05:40,2026-05-27,PRD-D2K3TUEOFM18,CLI-NB460B1XB3DG,Purchase,Health,461.02,USD,,ATM,SUC-KJBGVLU5,Óptica Visión,Health,Colombia,Bogotá,Approved,00,False,23.11,,
TRX-MF5LCF81A8TPY3VLICJK,2026-05-27 17:40:07,2026-05-27,PRD-LNCTIRKSYB86,CLI-3ZENE3N3ITXN,Deposit,,3963.1,USD,,ATM,SUC-IW55XIEY,,,México,,Approved,00,False,,,
TRX-YZEV8VFAY1FBUA4NZKCB,2026-05-27 06:04:52,2026-05-27,PRD-39LMUF6H0L37,CLI-OKDP2YZZ98UR,Withdrawal,,1294453.28,COP,323.61,POS,,,,Colombia,Bogotá,Approved,00,False,1.55,4.2076457,-74.5832044
TRX-A010YJMBZ7LLKN0A7ACC,2026-05-28 04:27:13,2026-05-27,PRD-NISZHNUY39YL,CLI-UHTZJX71YYRJ,Payment,,261.74,USD,,Web,,,,México,Querétaro,Approved,00,False,,,
TRX-0T8O9Q84NQAW1QN0ALQL,2026-05-27 21:17:35,2026-05-27,PRD-LN4L2NFU2D3C,CLI-S5V98OGICB4I,Purchase,Other,130826.46,ARS,373.79,Web,,Boutique Moda,Other,Mexico,Monterrey,Approved,,False,28.36,,
TRX-VYYC9Q9T484S3MFCGJ4W,2026-05-27 12:19:56,2026-05-27,PRD-JGAFZ3OIRI98,CLI-JAJYWVD054BP,Withdrawal,,164432.67,ARS,469.81,POS,,,,Argentina,,Approved,00,False,29.02,-35.1568394,-58.094169
TRX-NHMV4KRFBPXOG131FMD8,2026-05-27 14:18:02,2026-05-27,PRD-0NXGQHIXD07X,CLI-4F9P3YGCKQWI,Deposit,,10765032.7,COP,2691.26,POS,,,,Colombia,Cali,Approved,00,False,26.78,5.0423622,-74.3322801
TRX-VQUV9MD74GCSLP6KCRSB,2026-05-27 22:15:58,2026-05-27,PRD-GVU5ZTIIO3BE,CLI-APF2VREROUQ4,Transfer,,558943.74,ARS,1596.98,POS,,,,Argentina,Córdoba,Declined,14,False,26.03,,
TRX-RVSR5GMD1A2LCF4NRZV9,2026-05-27 17:55:26,2026-05-27,PRD-8C930MHPXDXK,CLI-8QEX2U41NSB3,Deposit,,3552.38,USD,,POS,,,,México,Querétaro,Approved,00,False,,,
TRX-2Z8PTW0Y5IB5RCBY6QFE,2026-05-27 12:43:25,2026-05-27,PRD-DEX3P6X703WA,CLI-3ZEM0HQUGB1R,Payment,Other,184.76,USD,,ATM,SUC-F61XHTE2,,,México,Ciudad de México,Approved,00,False,3.83,0.3533467,0.1710614
TRX-A987EFBL46X4RE9ZC1KX,2026-05-27 13:00:31,2026-05-27,PRD-0TRHP9KYEP5A,CLI-YSUDA6B9PWB5,Purchase,Other,371.9,USD,,App,,Ferretería,Other,México,Guadalajara,Approved,00,False,27.35,,
TRX-AKT2WUWX2O9DJQG7GF3A,2026-05-28 02:00:14,2026-05-27,PRD-3ATP9EH0QXZB,CLI-CM9EIL9Q3IVZ,Deposit,,664760.29,ARS,1899.32,ATM,SUC-2VHGDILI,,,Argentina,Buenos Aires,Approved,00,False,15.33,-35.0851967,-59.3009877
TRX-RU9HNFLBPJM37FGI4ZW2,2026-05-27 23:17:54,2026-05-27,PRD-GZLZPUVT3NSR,CLI-WV5U58KVU4PN,Transfer,,23270901.86,COP,5817.73,ATM,SUC-GHHYX8OE,,,Colombia,Cartagena,Approved,00,False,0.23,3.9495777,-73.0996998
TRX-73Z33WY8R2H70D21KQ0Y,2026-05-27 12:49:03,2026-05-27,PRD-5MQQ0YIBVB1D,CLI-819925AF6FU2,Adjustment,,902.51,USD,,POS,,,,México,Guadalajara,Approved,00,False,23.13,,
TRX-UXAX0OSZOYBH6QXCDU8U,2026-05-27 15:25:17,2026-05-27,PRD-ROVFF7JBRZ8V,CLI-OS3DUC815HRK,Adjustment,,117164.11,ARS,334.75,POS,,,,Argentina,Buenos Aires,Approved,00,False,17.16,-34.165551,-57.6480429
TRX-JGYILTAR771EP9RTZJ3L,2026-05-27 17:20:10,2026-05-27,PRD-49WB1A2QOOZZ,CLI-68QXXFNNO44L,Payment,Food,308.82,USD,,ATM,SUC-V3V4T7QO,,,México,Ciudad de México,Approved,00,False,,,
TRX-HTE05YS6HOGZVED2O93B,2026-05-28 04:01:10,2026-05-27,PRD-YKYQXXJE0BT2,CLI-HGCU3PM6SIIN,Transfer,,2153.46,USD,,ATM,SUC-CUMTPAM3,,,México,Guadalajara,Approved,00,False,28.09,0.1300241,0.4363732
TRX-MS018XPPSLFW7X0CMY54,2026-05-27 06:18:28,2026-05-27,PRD-V5TBI8M48R95,CLI-52WJW2QH2UR0,Withdrawal,,169308.31,ARS,483.74,POS,,,,Argentina,Rosario,Approved,,False,20.88,-33.6861552,-59.372508
TRX-G7FR5R1P4CNNE4WMO9LL,2026-05-27 15:22:17,2026-05-27,PRD-HUWY6ICKL5X7,CLI-U1EJVG17G86H,Deposit,,290379.29,ARS,829.66,ATM,SUC-GKQAVGPP,,,Argentina,Mendoza,Approved,00,False,,-34.3333628,-57.9832663
TRX-7SB1PAOPM6HZNX60G9CZ,2026-05-27 07:41:01,2026-05-27,PRD-VJTUW5UC76LW,CLI-FTZTCT5L5Y0H,Withdrawal,,1185835.43,COP,296.46,Branch,SUC-I7CB5PA8,,,Colombia,Cali,Approved,00,False,10.42,,
TRX-86KOS3RBLJ1W2C0W45MI,2026-05-28 00:30:29,2026-05-27,PRD-OM67F6PCIPW1,CLI-53X9R4G8U1PG,Transfer,,5964.34,USD,,POS,,,,Spain,Valencia,Approved,00,False,,,
TRX-JC6SPSBBC6L0Y4XBKUNI,2026-05-27 09:01:09,2026-05-27,PRD-CF4FMAUCKT81,CLI-6KR3WIPWMQ0F,Purchase,Food,20412.77,ARS,58.32,POS,,,Food,Argentina,Córdoba,Approved,,False,,,
TRX-G9UMBYFO43P00Q0B92AG,2026-05-27 17:53:49,2026-05-27,PRD-DHT2TSW75KKO,CLI-6VYZ741ZM96J,Transfer,,9906.35,USD,,ATM,SUC-OPPQ932B,,,Colombia,Barranquilla,Approved,00,False,,5.6650087,-74.0772308
TRX-3UJB1UVV4RYYIYCF6P08,2026-05-28 03:41:08,2026-05-27,PRD-X1CI1460OXLR,CLI-TYR9ZC2V23XF,Transfer,,9351369.98,COP,2337.84,POS,,,,Colombia,Medellín,Approved,00,False,,,
TRX-WUWYMWWTXXBA9TQV0PTS,2026-05-27 16:58:51,2026-05-27,PRD-GDI7PBCL5MYS,CLI-0ASFUDZOB2IP,Transfer,,1329.51,USD,,Branch,SUC-JQ7BZNFI,,,México,Guadalajara,Approved,00,False,22.91,-0.3234386,-0.8003683
TRX-DZ63955K039DXNHXB8LE,2026-05-27 17:12:51,2026-05-27,PRD-H24OBZW3NZ8P,CLI-E8VMLE0IT52E,Withdrawal,,474.9,USD,,ATM,SUC-VTIA5X8Y,,,México,Monterrey,Approved,00,False,12.37,,
TRX-OXIZ70C8P29GINHTFR4E,2026-05-27 23:30:38,2026-05-27,PRD-LS0KLMHGQ0XY,CLI-4E8MK4OHGRSU,Transfer,,2337.97,USD,,POS,,,,México,Monterrey,Approved,00,False,26.79,,
TRX-S4ZY37U92AH7VNK34MDE,2026-05-28 01:50:40,2026-05-27,PRD-BEP759M9176J,CLI-NFORK4Q2XOEK,Deposit,,7809723.15,COP,1952.43,POS,,,,Colombia,Barranquilla,Declined,05,False,16.28,,
TRX-WX5W2M4I4XKPLWMTA2K0,2026-05-27 13:56:36,2026-05-27,PRD-GEMSLLRBIJE3,CLI-YP91KRL0Q46A,Payment,Health,1725.39,USD,,POS,,,,México,Querétaro,Approved,00,False,17.23,,
TRX-DLLQDW1V7L9GEQ1RVYCN,2026-05-27 11:46:14,2026-05-27,PRD-JEHVJO73MW6H,CLI-MZGZN3LGC1AO,Transfer,,7819932.45,COP,1954.98,ATM,SUC-CFNA2V8Y,,,Colombia,Cartagena,Approved,00,False,14.18,,
TRX-BPV6SO7HM2CM9VP2NHJH,2026-05-27 07:43:11,2026-05-27,PRD-CEYRVTWFDYJ5,CLI-9JG404GS85G1,Payment,Food,2511404.36,COP,,App,,,,Colombia,Medellín,Approved,,False,4.48,,
TRX-U2FNU17LGFC4LXTFM61K,2026-05-27 17:45:56,2026-05-27,PRD-USUTNGXF6RBB,CLI-CGPXFVHJUUTW,Payment,Health,23685.0,ARS,67.67,Web,,,,Argentina,Mendoza,Approved,00,False,12.89,,
TRX-YWL84L0F1CTXAZDAGV49,2026-05-27 20:28:13,2026-05-27,PRD-2JE2U9OKEFJG,CLI-MN2A62ZV7H6V,Withdrawal,,377.87,USD,,ATM,SUC-1PSI5W5X,,,México,Monterrey,Approved,00,False,16.37,,
TRX-I7PXU844RZ0A4Z8T7TK3,2026-05-28 02:35:16,2026-05-27,PRD-N79A1XX6N7HP,CLI-CVYC9CL749JL,Purchase,Other,81.46,USD,,ATM,SUC-VTIA5X8Y,Ferretería,Other,México,,Approved,00,False,5.79,,
TRX-XA5W24Z2Y9S6AA53DOBD,2026-05-28 04:26:07,2026-05-27,PRD-RGC86RPV5CKN,CLI-542FQD6TX358,Withdrawal,,266.39,USD,,App,,,,México,Monterrey,Declined,14,False,1.71,,
TRX-IK1Q608I0FN3K9EVY06K,2026-05-27 11:30:06,2026-05-27,PRD-24S24VQUARSY,CLI-PBSEHIGKOHLC,Payment,Services,131171.74,ARS,374.78,POS,,,,Argentina,Mendoza,Approved,00,False,26.09,,
TRX-LV8X3OROR4ADVV3CD1V8,2026-05-27 15:03:04,2026-05-27,PRD-MPSNZJ79FUH7,CLI-0NYHT7K2IVOS,Transfer,,7596.01,USD,,POS,,,,México,Ciudad de México,Declined,54,False,,,
TRX-1C7JLADZD0NPFPUQ1A11,2026-05-27 10:51:56,2026-05-27,PRD-30PUK7AJO8W0,CLI-71DFYFCK6UF7,Purchase,Services,29544.59,ARS,84.41,ATM,SUC-EHE8V9YO,Internet Plus,Services,Argentina,Buenos Aires,Approved,00,False,8.22,,
TRX-FU2DUVGGSSIOYZME7RCF,2026-05-27 08:28:07,2026-05-27,PRD-UJF3I1PAZ3F2,CLI-A90A6YW7C5MQ,Purchase,Other,397.83,USD,,Web,,Centro Comercial,Other,México,Tijuana,Approved,,False,,,
TRX-SGYCR1D0T2OR1MO8VRI2,2026-05-27 16:50:27,2026-05-27,PRD-VJV5DPM9L7M3,CLI-XMZHRCL7UN2F,Purchase,Health,357.7,USD,,POS,,Óptica Visión,Health,México,Tijuana,Pending,51,False,10.74,,
TRX-VXI98SVE5UDN65KWDZR5,2026-05-27 17:55:05,2026-05-27,PRD-9997XRRQ5YT7,CLI-TYC9JLQQZKP6,Payment,Transport,982.59,USD,,ATM,SUC-P6VSAH4U,,,Colombia,Medellín,Approved,00,False,27.71,3.7611299,-73.2541926
TRX-A4YH9Z82WIHGNLYD34IM,2026-05-27 07:41:47,2026-05-27,PRD-A2B9T8HIB24J,CLI-75XX89FECCUK,Deposit,,18907510.43,COP,4726.88,ATM,SUC-HQWDAM56,,,Colombia,Bogotá,Approved,00,False,,,
TRX-K417TTA9GTCATQ3XQI59,2026-05-27 20:35:10,2026-05-27,PRD-NFNHMTL6C8S2,CLI-ELPTGYK602LP,Withdrawal,,87741.92,ARS,250.69,ATM,SUC-XCP0A6C8,,,Argentina,Buenos Aires,Approved,00,False,29.77,,
TRX-3ZC6ZK668MTR8FLO4JQ6,2026-05-27 06:40:29,2026-05-27,PRD-8ID2THA4PMWV,CLI-XB8Z413DZAOF,Transfer,,3810.99,USD,,ATM,SUC-F03D129S,,,México,Ciudad de México,Approved,00,False,26.53,0.2172765,-0.7705015
TRX-I3CCILA0FDPBNIUBOWMC,2026-05-27 08:51:23,2026-05-27,PRD-7ZTEZU6J2Z4Q,CLI-QYVSEF9XRPH2,Deposit,,2323.32,USD,,POS,,,,México,Ciudad de México,Approved,00,False,,,
TRX-5GYX75BTFM8K8AHDQZF7,2026-05-27 16:05:58,2026-05-27,PRD-KK7062S86OXE,CLI-3FGY6VBJM4MI,Purchase,Food,1121281.83,COP,,POS,,Tienda Don José,Food,Colombia,Cartagena,Approved,00,False,20.24,,
TRX-JMKPCNXV487QVD25AKCS,2026-05-28 04:22:04,2026-05-27,PRD-AGJA0RF9U3N8,CLI-WHKU9Z45YKA0,Withdrawal,,56.72,USD,,POS,,,,México,Guadalajara,Declined,05,False,10.01,,
TRX-D8FMP9JHRG6CN21PQW8G,2026-05-28 02:13:19,2026-05-27,PRD-L6XY7AI9V0ZG,CLI-4ZBDBONO5FUZ,Payment,Entertainment,1463.25,USD,,App,,,,México,Guadalajara,Approved,00,False,29.34,,
TRX-KJDUKIEX4NTKWO38YP55,2026-05-27 12:41:09,2026-05-27,PRD-SZ0SCWZ6BVF4,CLI-4PW7D00IU1VL,Deposit,,17886924.01,COP,4471.73,ATM,SUC-GHHYX8OE,,,Colombia,Bogotá,Approved,00,False,14.87,,
TRX-U3NYGL66RRJ2H2HYVUU7,2026-05-27 22:23:30,2026-05-27,PRD-03QVW0SP5M54,CLI-9Y5RH8R2ZD95,Withdrawal,,201.37,USD,,Web,,,,México,Querétaro,Approved,00,False,,,
TRX-MH3GGHZLM4CZTOMH8KNZ,2026-05-27 16:06:33,2026-05-27,PRD-VG9CLTVAWDNY,CLI-Y0VK1ZPJ9YFL,Transfer,,2357270.92,ARS,6735.06,Branch,SUC-6M2HY1ZX,,,Argentina,Córdoba,Approved,00,False,5.32,,
TRX-NIPUXEVW1YDTENPFDQQ7,2026-05-27 10:36:48,2026-05-27,PRD-NCWUSNP0UB2E,CLI-1ORA4CXA7LOT,Withdrawal,,315.4,USD,,ATM,SUC-JQ7BZNFI,,,México,Ciudad de México,Approved,00,False,,-0.3507594,0.1787656
TRX-ZE3JU6A5HJ71OO4K1RDN,2026-05-28 03:03:53,2026-05-27,PRD-Y9P4OYGDJFGI,CLI-ZNEZVPO7VLCO,Payment,Other,134177.64,ARS,383.36,Web,,,,Argentina,Córdoba,Approved,00,False,10.0,,
TRX-0CROV51CQNLA6HT1IVWB,2026-05-27 20:30:42,2026-05-27,PRD-WV4KKXMHILRT,CLI-X65HL0DYX92W,Purchase,Services,185.54,USD,,POS,,Internet Plus,Services,Mexico,Guadalajara,Approved,00,False,,,
TRX-LFHQSG1RUM2EX5JOH7AX,2026-05-27 15:03:03,2026-05-27,PRD-3SXZ4KDYREDG,CLI-HYABVHKCNCY3,Withdrawal,,133.6,USD,,POS,,,,México,Tijuana,Approved,00,False,8.45,,
TRX-3ERB05C2B6M92ESZZ0EZ,2026-05-27 15:29:19,2026-05-27,PRD-FCSJ8V8DNO60,CLI-JZ631I2V93L9,Transfer,,1597441.5,ARS,4564.12,App,,,,Argentina,La Plata,Approved,00,False,27.5,,
TRX-GNA2C4J94MZUIDKHO9O0,2026-05-27 14:58:21,2026-05-27,PRD-6J3PAB8GMDT0,CLI-34ZP4YHYEAFY,Deposit,,322302.99,ARS,920.87,App,,,,Argentina,Córdoba,Approved,00,False,0.83,,
TRX-YDUF614AHV0S7BN0XWX5,2026-05-27 15:48:11,2026-05-27,PRD-025I5WP5OUQ8,CLI-J9M5Z18Q45ZU,Purchase,Food,60.69,USD,,Transfer,,Mercado Central,Food,México,Puebla,Approved,,False,8.19,,
TRX-GJY6NAXH6X0JXDBH6AZK,2026-05-28 01:45:11,2026-05-27,PRD-2ZO21KYZRLXF,CLI-3A510O82QLWX,Withdrawal,,64676.54,ARS,184.79,App,,,,Argentina,La Plata,Approved,00,False,15.24,,
TRX-IE78MOK6FQJ7J60DBGD8,2026-05-27 21:31:54,2026-05-27,PRD-GFK2LOME52MM,CLI-UHJWK5U9JPWT,Purchase,Entertainment,101464.84,ARS,289.9,POS,,Cine Premium,Entertainment,Argentina,Buenos Aires,Approved,00,False,27.96,,
TRX-S83LXX7LWEPA6T7ONSC3,2026-05-27 23:19:03,2026-05-27,PRD-0J6MWEZOCWUR,CLI-A35OF3XYLD87,Purchase,Health,450966.93,COP,112.74,App,,Óptica Visión,Health,Colombia,,Approved,00,False,20.1,,
TRX-Z357YP1MGJE9XA4RKVQX,2026-05-27 20:24:09,2026-05-27,PRD-3WPZ9AAUR4P5,CLI-2IF0FF16DYBD,Withdrawal,,105.51,USD,,App,,,,México,Querétaro,Approved,00,False,17.66,,
TRX-PZAYLYWWWG17NI2JVZ39,2026-05-27 08:29:00,2026-05-27,PRD-1WQ4PSEE6VLO,CLI-0X6TSMKG6BUQ,Purchase,Food,438.47,USD,,App,,Restaurante El Buen Sabor,Food,México,Guadalajara,Declined,14,False,27.23,,
TRX-P2XCR61BENVNES4EB9YR,2026-05-27 21:03:40,2026-05-27,PRD-IKLL2YML7RLY,CLI-CPQL5Y43URUF,Payment,Services,506.71,USD,,Web,,,,México,Tijuana,Approved,00,False,20.89,,
TRX-C7HO8YFWBAWQ1VN2GRYP,2026-05-27 20:02:35,2026-05-27,PRD-JC7Z7LUZBVAX,CLI-R6VAJK9PKLWY,Deposit,,4258.78,USD,,POS,,,,México,Tijuana,Approved,00,False,27.19,-0.0658678,-0.2553195
TRX-T60VTPKVOMFJJHTOH3TF,2026-05-27 23:01:18,2026-05-27,PRD-MDPZCKGHAEJS,CLI-N16W4W5PPYEV,Purchase,Services,30333.49,ARS,86.67,Web,,Empresa Telefónica,Services,Argentina,Rosario,Approved,00,False,9.07,,
TRX-SL5NTLIFNPTW27QBQUQ3,2026-05-27 10:29:12,2026-05-27,PRD-B9K9Z6BQS3FP,CLI-OFGCK8XZTB5A,Purchase,Transport,944091.07,COP,236.02,Transfer,,Estación de Servicio,Transport,Colombia,Bogotá,Approved,00,False,12.68,,
TRX-489LQ4SNM1Y0TL21SFT0,2026-05-27 06:45:17,2026-05-27,PRD-H709GU31TZFI,CLI-AJBVSQD3AIFP,Withdrawal,,1779227.73,COP,444.81,ATM,SUC-PNT72MIS,,,Colombia,Barranquilla,Approved,00,False,,,
TRX-9KPZLLBHOJJS0XMHRV35,2026-05-27 16:24:13,2026-05-27,PRD-0FMJZQKNVX12,CLI-O8IQ53YVZGIQ,Payment,Transport,5903769.81,COP,1475.94,Branch,SUC-JZCA1ZND,,,Colombia,Cali,Approved,00,False,8.1,3.871572,-73.4858187
TRX-QRHLDAFL0N4C78WO4J4B,2026-05-27 19:59:03,2026-05-27,PRD-WS98JEOG5DZI,CLI-0LHXBIQWP90J,Deposit,,418974.38,ARS,1197.07,Web,,,,Argentina,Mendoza,Approved,00,False,,,
TRX-4RBG10X6KM2PDJVMNB7Q,2026-05-27 12:27:46,2026-05-27,PRD-Z87902GE3NCC,CLI-3QPF8RPO0SLH,Payment,Entertainment,6292647.6,COP,1573.16,POS,,,,Colombia,Bogotá,Approved,00,False,11.3,,
TRX-7ZZJOS96MBMMIOGG4RU8,2026-05-27 11:35:05,2026-05-27,PRD-FO1XYNUNSU2E,CLI-ZJTA74IS8XWN,Purchase,Services,142798.94,ARS,408.0,Transfer,,Internet Plus,Services,Argentina,Buenos Aires,Approved,00,False,13.87,,
TRX-SUW5F0SITAZ5IDP1SFNK,2026-05-27 20:43:09,2026-05-27,PRD-US3RT3XMAAMM,CLI-75X2ZEY74ISA,Transfer,,28343031.15,COP,7085.76,POS,,,,Colombia,Barranquilla,Approved,00,False,7.53,3.9424592,-75.0692081
TRX-2IUZ5YB2KU46YSG2OI4F,2026-05-27 09:22:54,2026-05-27,PRD-P1NIL6006XUM,CLI-ZMW9HQX22LRM,Payment,Entertainment,468.59,USD,,ATM,SUC-8RYAQ0NO,,,México,Tijuana,Approved,00,False,14.21,,
TRX-6VM9CRNOH4QVMNS3NSY4,2026-05-27 19:22:01,2026-05-27,PRD-49YJ4PYC45SZ,CLI-L71CANTSZIGQ,Withdrawal,,257.35,USD,,Web,,,,México,Puebla,Approved,00,False,14.57,,
TRX-4WNB1DVQ3Y646OUBLHNX,2026-05-27 17:43:36,2026-05-27,PRD-67591OXNCD7Y,CLI-JZ4YOAOHH4A6,Purchase,Other,15129.34,ARS,43.23,Web,,Centro Comercial,Other,Argentina,Córdoba,Approved,00,False,,,
TRX-4YZU7PL1RC4ADT5A8K1O,2026-05-27 14:09:31,2026-05-27,PRD-HLREFLQT3AJG,CLI-DTPXOHRMCHYE,Withdrawal,,83.56,USD,,POS,,,,México,Ciudad de México,Approved,00,False,17.47,0.6941288,-0.1862134
TRX-QS6G25NDKX02P4GTR7EK,2026-05-28 02:26:44,2026-05-27,PRD-NORQNQPZV0T5,CLI-NY7A74OFNZS6,Payment,Other,4540253.78,COP,1135.06,ATM,SUC-P6VSAH4U,,,Colombia,Medellín,Approved,00,False,28.44,5.1862814,-74.1704664
TRX-6HH698YAWHC8RLQH5HQU,2026-05-27 14:24:49,2026-05-27,PRD-Q3PCDDCMHP64,CLI-8RMAXQLVX32S,Withdrawal,,285233.46,COP,71.31,App,,,,Colombia,Medellín,Approved,00,False,11.14,,
TRX-38TW77HJYQK3U0A3RFL5,2026-05-27 06:02:53,2026-05-27,PRD-YU6DAUHY9YBT,CLI-72YXTR2RMYRE,Purchase,Other,479.67,USD,,POS,,Ferretería,Other,México,Guadalajara,Approved,00,False,12.36,,
TRX-CZCPZ57HWBS6YGDNKZW8,2026-05-27 23:08:34,2026-05-27,PRD-FGJLV473TCJS,CLI-UDAFVK15XMWU,Purchase,Food,435.14,USD,,Web,,Tienda Don José,Food,México,Tijuana,Approved,00,False,8.33,,
TRX-YGR30ZP2GB5U8X0OCYIN,2026-05-27 16:14:34,2026-05-27,PRD-X4S1UYBRD1UU,CLI-2H1XDWKYDLVX,Deposit,,629.44,USD,,App,,,,México,Ciudad de México,Approved,00,False,9.76,,
TRX-YDY8V3AOF7AJ57QDD57O,2026-05-27 10:09:38,2026-05-27,PRD-T12JX5PS0QWK,CLI-RP8TYZ9IYFA7,Purchase,Food,172.08,USD,,ATM,SUC-H4YG9DLY,Mercado Central,Food,Mexico,Ciudad de México,Declined,05,False,,-0.651618,
TRX-SSV57D6I153JQRD6AV86,2026-05-27 06:47:41,2026-05-27,PRD-9JPG3D1TMI99,CLI-P0IMQTZ8X3DA,Withdrawal,,89616.84,ARS,256.05,Branch,SUC-D4W8JR4A,,,Argentina,Rosario,Approved,00,True,17.73,,
TRX-84700HNAFWZN5Q1CTXLT,2026-05-27 21:03:41,2026-05-27,PRD-W3PHLCQCOI3Y,CLI-TX48B91MRPDW,Purchase,Food,292.02,USD,,ATM,SUC-CUMTPAM3,Tienda Don José,Food,México,Guadalajara,Approved,00,False,2.59,-0.3001006,0.3282525
TRX-STDNPCNYTARJWK5JSBXK,2026-05-27 10:36:36,2026-05-27,PRD-L41QDOZ9UPOE,CLI-HRKA43S9AILO,Transfer,,9600.76,USD,,Web,,,,México,Ciudad de México,Approved,00,False,13.52,,
TRX-I9PZWXMDCZ5CV827RF4V,2026-05-28 04:13:01,2026-05-27,PRD-UI29ZPHUPP82,CLI-2UG6T1TZ54QG,Transfer,,336.05,USD,,POS,,,,México,Puebla,Approved,00,False,15.97,-0.445763,0.7822497
TRX-XBKSZR4DQ2HVB4BQM6M9,2026-05-27 19:23:16,2026-05-27,PRD-05QWZ668Y74L,CLI-D9Q962GOOH4V,Withdrawal,,311.11,USD,,POS,,,,México,Tijuana,Approved,00,False,5.92,,
TRX-7W8EUKP5Y2CU5K5VT2C0,2026-05-27 13:02:00,2026-05-27,PRD-0719LN0TNYOV,CLI-VOORORUL0ZVJ,Purchase,Transport,77294.2,ARS,220.84,App,,Taxi Seguro,Transport,Argentina,Buenos Aires,Approved,00,False,14.41,,
TRX-EK21EQYYWGV7C9EV37E0,2026-05-27 06:35:35,2026-05-27,PRD-D8UDNNIM5VLS,CLI-5JZBY12SL8G6,Deposit,,3055.0,USD,,POS,,,,Spain,Madrid,Approved,00,False,23.45,,
TRX-IYC74M1OFCL7VLHYB3AN,2026-05-27 08:07:16,2026-05-27,PRD-ZOKRGMG5RU38,CLI-G5A1KPZ1L4SM,Deposit,,6396960.96,COP,1599.24,ATM,SUC-Q56PLH2J,,,Colombia,Medellín,Approved,,False,,4.4540231,-74.364061
TRX-YF7AH4ONIW21ZK4UJ7BE,2026-05-28 05:27:07,2026-05-27,PRD-FN1OVPYFCPIG,CLI-AVFTH4NP0ZWS,Transfer,,9739.8,USD,,POS,,,,México,Guadalajara,Approved,00,False,,,
TRX-753B5A45DUY1GDW3V545,2026-05-27 14:28:36,2026-05-27,PRD-QDRKZY2885QF,CLI-2MK60TKS9HR7,Deposit,,690731.84,ARS,1973.52,Web,,,,Argentina,Córdoba,Approved,00,False,2.22,,
TRX-2NZ1YUX2T7PLNH0XG33Y,2026-05-28 00:29:37,2026-05-27,PRD-6MTTVV9VUILK,CLI-8BJ22CNC7ZZY,Purchase,,224.23,USD,,Web,,Restaurante El Buen Sabor,Food,México,Puebla,Approved,00,False,20.91,,
TRX-FMYDXA7U375OZTCN8WAJ,2026-05-27 06:54:37,2026-05-27,PRD-7VXXN4B3UM0A,CLI-F41D0QYEOVSE,Purchase,Food,1355500.78,COP,338.88,App,,Super Ahorro,Food,Colombia,,Approved,00,False,8.22,,
TRX-6ATB5WWA2KZL3W2UWY4O,2026-05-27 13:02:27,2026-05-27,PRD-4E72EUQOLOMK,CLI-6V1U1V1OHOZ2,Deposit,,4823.4,USD,,POS,,,,México,Querétaro,Approved,00,False,17.07,-0.8113488,0.4135142
TRX-XCXWKND98BJ77HT72JV9,2026-05-27 08:55:19,2026-05-27,PRD-0H759O4G4XO6,CLI-070WXM2MVYSH,Withdrawal,,1351014.66,COP,337.75,ATM,SUC-Q56PLH2J,,,Colombia,Bogotá,Approved,00,False,,,
TRX-S2JR4OJWA90ND85JH83Y,2026-05-27 06:59:38,2026-05-27,PRD-DHXUE7VH0KMO,CLI-BUNC1NU5ACAD,Payment,Entertainment,572107.34,ARS,1634.59,ATM,SUC-MAWPQ7HZ,,,Argentina,Córdoba,Approved,00,False,17.41,,
TRX-4XCLZPULF31X4DQZALF1,2026-05-28 05:48:27,2026-05-27,PRD-F8QPKQ8UHBCA,CLI-DYY0BWD2HV4D,Payment,Health,320510.23,ARS,915.74,POS,,,,Argentina,Córdoba,Approved,00,False,29.91,,
TRX-5TKY5KKBIA4P6FPKU0GP,2026-05-28 03:09:58,2026-05-27,PRD-IS16P5HQ86WP,CLI-9SVOB53ZG6GD,Payment,Transport,100153.88,ARS,286.15,ATM,SUC-4JYR8GOV,,,Argentina,Mendoza,Declined,54,False,7.82,,
TRX-PZS48ZX34YJESC3B6QZT,2026-05-27 09:54:28,2026-05-27,PRD-JYIKW13V623T,CLI-3GYBW7RIMJY3,Purchase,Other,1781103.36,COP,445.28,POS,,Boutique Moda,Other,Colombia,Bogotá,Declined,05,False,24.35,,
TRX-1R311F0AYL8S3K6YS3YP,2026-05-28 04:39:42,2026-05-27,PRD-PRVN2EN9PVV9,CLI-1Z3K6S5AOGK7,Deposit,,4142.03,USD,,ATM,SUC-P5YISP64,,,México,Ciudad de México,Approved,00,False,17.68,,
TRX-O4Z3928O377TD4MCQSDN,2026-05-27 17:46:12,2026-05-27,PRD-JYFX7EROQNVF,CLI-661BU2C2HFDR,Withdrawal,,188847.12,COP,47.21,ATM,SUC-A4SSWF0H,,,Colombia,Cartagena,Approved,00,False,6.0,,
TRX-4JBX2W45NT5ZSWOEJI3L,2026-05-28 01:09:19,2026-05-27,PRD-6OAK9FAJZB2N,CLI-SV3A1BNM1IXM,Withdrawal,,95475.78,COP,23.87,POS,,,,Colombia,Barranquilla,Approved,00,False,24.09,,
TRX-38DFROCNSFH21HBHE8DO,2026-05-27 16:27:12,2026-05-27,PRD-ZBPVE4MK2Y94,CLI-FZ8I4V795WQ2,Transfer,,6414.18,USD,,App,,,,México,Guadalajara,Approved,00,False,12.77,,
TRX-FQO6H9B75DWQ39M1RL5R,2026-05-28 01:32:41,2026-05-27,PRD-V0OYKSY3671L,CLI-S7LRPRRR11OG,Transfer,,260026.97,ARS,742.93,ATM,SUC-RRCPMD2D,,,Argentina,,Approved,,False,9.04,,
TRX-H35PSX2D3HSHIMISD5ZO,2026-05-27 09:19:21,2026-05-27,PRD-NU92H201U7VW,CLI-V5HNVP47MJSC,Payment,Transport,477189.43,ARS,1363.4,ATM,SUC-HYTTI82L,,,Brazil,Rio de Janeiro,Pending,54,False,4.91,,
TRX-5T71G5F0AQN88MBTYCGO,2026-05-27 11:03:21,2026-05-27,PRD-8WSWLB341X4H,CLI-XZ9IQK14VXPM,Deposit,,1471.13,USD,,POS,,,,México,,Declined,51,False,22.55,,
TRX-ETSY9WJZA1DM033LI5I9,2026-05-28 03:22:44,2026-05-27,PRD-Y2LWLWKKRUID,CLI-D1HTHGAKJLIY,Withdrawal,,434.5,USD,,ATM,SUC-E4V48SY3,,,México,Monterrey,Approved,00,False,17.58,,
TRX-FDIVQ1EBS6ZA6UMDZB8W,2026-05-27 19:40:59,2026-05-27,PRD-M04301KBK0P3,CLI-O3OFF5FDXRAJ,Transfer,,6581.36,USD,,App,,,,México,Guadalajara,Approved,00,False,,,
TRX-G1D6EXYS1P67O09NDP85,2026-05-28 01:18:19,2026-05-27,PRD-ANDN8JU8H2YM,CLI-G8OOATSI2YBD,Withdrawal,,329.74,USD,,Web,,,,México,Querétaro,Approved,00,False,,,
TRX-7KJO16XP583B1GSJHDIP,2026-05-27 19:25:27,2026-05-27,PRD-OV88MGV2ZYSM,CLI-0ZACHADIWEQW,Purchase,Other,598364.72,COP,149.59,Web,,Centro Comercial,Other,Colombia,Cali,Declined,05,False,,,
TRX-KYQ1BU1QG51BGAVJTP8W,2026-05-27 21:50:54,2026-05-27,PRD-GASN71BQP1AK,CLI-S7K5COUSBF6U,Withdrawal,,159996.86,ARS,457.13,POS,,,,Argentina,Buenos Aires,Approved,00,False,,,
TRX-FFHYZVBDX4EMUMGB7ASV,2026-05-27 18:48:03,2026-05-27,PRD-209CSQGD7I1T,CLI-DP1USUFM4NLC,Purchase,Food,57359.12,ARS,,POS,,Mercado Central,Food,Argentina,Buenos Aires,Approved,00,False,2.2,,
TRX-5DJOZ1DTL7HOJEGCFQWT,2026-05-27 21:03:21,2026-05-27,PRD-Y834QMITW8E5,CLI-ON9DHJZH5KZG,Deposit,,1403.44,USD,,POS,,,,México,Guadalajara,Approved,00,False,,0.417253,0.6592982
TRX-6JHVTLY28ASUABBUBQ66,2026-05-27 17:53:41,2026-05-27,PRD-I7QD7BQTGE54,CLI-WEVIVIRV338X,Payment,Other,137.64,USD,,Web,,,,México,Puebla,Approved,00,False,5.43,,
TRX-HXM2TE2Q6HSCFL053U1S,2026-05-27 19:14:39,2026-05-27,PRD-6W2QBTG0L50O,CLI-JH8QJV48WQOM,Payment,Services,485.96,USD,,App,,,,México,Ciudad de México,Approved,00,False,15.32,,
TRX-9YZU8J2KECDDXBIA7K5B,2026-05-27 17:45:37,2026-05-27,PRD-33G457M6L2DK,CLI-GC7W963CDODX,Payment,Health,1832.65,USD,,POS,,,,México,Ciudad de México,Approved,00,False,,,
TRX-DZTF7EY3J36XT2XSHETG,2026-05-27 17:51:38,2026-05-27,PRD-U6W8JPKEONN9,CLI-FLHTNPIIHLK2,Payment,Food,1050.52,USD,,ATM,SUC-HYTTI82L,,,Argentina,Buenos Aires,Approved,00,False,17.05,,
TRX-4DUPZJ1IUZUUYBBLQKBF,2026-05-28 01:31:58,2026-05-27,PRD-E57P9ZLWSK1Y,CLI-JXINPKJP0HI7,Withdrawal,,33.81,USD,,POS,,,,México,Monterrey,Approved,00,False,,,
TRX-USCZ02FDCLRWX20GDMDM,2026-05-27 20:08:47,2026-05-27,PRD-LY2U0WUVYTE0,CLI-YI46KE6S1BXG,Deposit,,2127.63,USD,,App,,,,Colombia,,Reversed,54,False,22.65,,
TRX-3FU489UUG22ANOKDGUMR,2026-05-27 16:30:48,2026-05-27,PRD-ZHUY8KUT7RVH,CLI-LTJK6EEX7UN7,Purchase,Entertainment,1048148.26,COP,262.04,ATM,SUC-DH7PDUA6,Cine Premium,Entertainment,Colombia,Bogotá,Approved,00,False,4.24,,
TRX-HEJ4DIS6Q3P59K5NPV5Q,2026-05-27 07:46:51,2026-05-27,PRD-E6MSNTO9LAVS,CLI-XGL6U21ZROF0,Deposit,,472992.87,ARS,1351.41,Branch,SUC-7EJG5XUH,,,Argentina,Córdoba,Approved,00,False,20.03,,
TRX-LBFQ6S5EKMAG1QOA8SMP,2026-05-27 22:49:18,2026-05-27,PRD-FMQSMVFE1AMY,CLI-7G1T323XV4SK,Transfer,,2974375.51,ARS,8498.22,Branch,SUC-OJAQW0AJ,,,Argentina,Rosario,Approved,00,False,26.81,,
TRX-NPSE73WF6R627S6D2XIJ,2026-05-28 00:43:09,2026-05-27,PRD-JOGKMBNOX1X2,CLI-JLSRTRBGD5ZN,Purchase,Entertainment,972401.5,COP,243.1,App,,Streaming Music,Entertainment,Colombia,Bogotá,Approved,00,False,,,
TRX-LHICWKW2OSL3HGHXAWHI,2026-05-27 16:14:24,2026-05-27,PRD-BOYUP9XMS5JQ,CLI-UGQWX2IPLKJ1,Deposit,,4164.13,USD,,Web,,,,México,Guadalajara,Approved,00,False,24.14,,
TRX-D8TORCM2F1L6A2I9OIOI,2026-05-27 14:46:18,2026-05-27,PRD-WAXAX865QS1L,CLI-EF3SRR56UHSN,Withdrawal,,793489.42,COP,198.37,App,,,,Colombia,Bogotá,Declined,54,False,11.19,,
TRX-5CN88X9VIW6KMXKFV5HM,2026-05-27 12:54:55,2026-05-27,PRD-LC7V5IDEKN6J,CLI-Q3P46V189FW6,Transfer,,1130.89,USD,,POS,,,,Argentina,Buenos Aires,Approved,00,False,6.35,-34.350533,-59.062994
TRX-M1MZSQZ1BSFH9QWO40N0,2026-05-28 00:00:58,2026-05-27,PRD-WEB3E9GA9OE8,CLI-PGUVMPE364ZC,Purchase,Food,1254851.52,COP,313.71,ATM,SUC-AXEH5GB0,Restaurante El Buen Sabor,Food,Colombia,Medellín,Approved,00,False,19.73,4.7294733,-73.8212979
TRX-U8MIZGQ8U38BCLLV1KQY,2026-05-27 17:38:36,2026-05-27,PRD-U8C7B38YFUC1,CLI-0CRXZA7Q9DHC,Withdrawal,,188.06,USD,,Web,,,,México,Tijuana,Approved,00,False,1.21,,
TRX-SK25XT8MM3FFJVP61IMY,2026-05-27 06:32:52,2026-05-27,PRD-0YPE6CVSK2MI,CLI-X7XN0H378Q4B,Payment,Transport,481.24,USD,,Web,,,,México,Puebla,Approved,00,False,,,
TRX-TUSO5Y79PR83IRTSABQM,2026-05-27 09:17:23,2026-05-27,PRD-EOIZ0O03UW75,CLI-0H5OORYAL1MX,Purchase,Transport,430.51,USD,,POS,,Taxi Seguro,Transport,México,Tijuana,Approved,,False,13.74,-0.2515241,0.6185346
TRX-NKZF06HEKMKWN1MMW1G0,2026-05-27 08:03:34,2026-05-27,PRD-OADWBXRTA974,CLI-X6DNX4F059YB,Purchase,Transport,245.84,USD,,Transfer,,Gasolinera Express,Transport,México,Puebla,Approved,00,False,10.51,,
TRX-EM4RXX4HPGIYN5KMPT82,2026-05-27 16:22:52,2026-05-27,PRD-NGYDUCL7IU2Q,CLI-ZFQUJXKVHYY0,Payment,Entertainment,1809.41,USD,,POS,,,,México,Puebla,Approved,00,False,0.69,,
TRX-CG7DEQ4NVVJ242RK5D83,2026-05-27 12:33:03,2026-05-27,PRD-LUTM89DAFRU3,CLI-P5ZDNWO42LTY,Transfer,,3051.34,USD,,Web,,,,México,Ciudad de México,Approved,00,False,23.19,,
TRX-WRYEVFZEN2XEH8CUQQO8,2026-05-28 01:57:38,2026-05-27,PRD-CP3MHWARFVXH,CLI-OBY8B2FCLY34,Withdrawal,,1304246.98,COP,326.06,App,,,,Colombia,Bogotá,Approved,00,False,10.22,,
TRX-KZ1ERHKR83EWAMO7W3KE,2026-05-27 13:37:05,2026-05-27,PRD-CQXK4T9YJX3M,CLI-TYXWIQ1UNG76,Deposit,,4732.77,USD,,Web,,,,Spain,Madrid,Approved,,False,3.87,,
TRX-EZ924ZPAESWSQ8OCMOSS,2026-05-27 18:07:14,2026-05-27,PRD-4G7ZEQEQRUMV,CLI-KDLUSO7CCW33,Withdrawal,,115.94,USD,,ATM,SUC-F1BZEJXJ,,,México,Puebla,Pending,54,False,19.32,0.2934156,0.9398894
TRX-1KH1RGW5AYYGT9240P9E,2026-05-28 00:14:45,2026-05-27,PRD-K8YM3ZUJY4JS,CLI-E460C4TBZJWK,Purchase,Other,308.18,USD,,Web,,Tienda General,Other,México,Ciudad de México,Approved,00,False,10.27,,
TRX-QY2SNKRDWWHHPTZX5HTC,2026-05-28 02:21:24,2026-05-27,PRD-W5NPV6PZUEW6,CLI-GR1X89X3HYKD,Transfer,,5190.29,USD,,App,,,,Argentina,,Approved,00,False,,,
TRX-R770S7ZDYFKNBJ3RQL1Y,2026-05-28 02:27:46,2026-05-27,PRD-SK23G9ZLNL4F,CLI-ZNPKJUZKYANT,Payment,Entertainment,591951.03,ARS,1691.29,App,,,,Argentina,Córdoba,Declined,14,False,28.21,,
TRX-IQW8N69YNAI8DOJ0Z1B9,2026-05-28 03:51:45,2026-05-27,PRD-B0FA5HXVP4VG,CLI-6EX9ZPNW0Q23,Payment,Services,1616.1,USD,,POS,,,,México,Querétaro,Approved,00,False,,,
TRX-NZTRPQGQONS940496A0R,2026-05-27 17:13:15,2026-05-27,PRD-WHSEPYAM8AVP,CLI-F25OSOBRVAAV,Purchase,Services,19.14,USD,,ATM,SUC-Q9LRLZTA,Internet Plus,Services,Brazil,Rio de Janeiro,Reversed,05,False,20.17,-0.0756976,0.8748296
TRX-PZXUYZR12F803DXZL3LJ,2026-05-28 03:15:26,2026-05-27,PRD-YCIEQFR2JBUZ,CLI-V7C8GGR8OXP0,Payment,Transport,2471304.22,COP,617.83,POS,,,,Colombia,,Approved,00,False,28.74,,
TRX-E3R3W0FBDBF1V4KVK055,2026-05-27 09:06:31,2026-05-27,PRD-97ODZ99E83B7,CLI-1DFFSQCL1QFB,Transfer,,3116.43,USD,,App,,,,Brazil,Brasília,Approved,00,False,7.44,,
TRX-18Q374ORVK05W5RG1X6O,2026-05-28 03:03:55,2026-05-27,PRD-J71ALPAHFY78,CLI-CD4S3KA5DPNR,Withdrawal,,1306531.83,COP,326.63,Web,,,,Colombia,Medellín,Pending,51,False,12.74,,
TRX-7S7WXW4TT4Q77UVRITTE,2026-05-28 05:35:22,2026-05-27,PRD-FXPUF9EKCFD3,CLI-V3OOZTQHMNRJ,Withdrawal,,108.05,USD,,Web,,,,México,Ciudad de México,Approved,00,False,7.23,,
TRX-SX20ERIQZI5IHQOQ2AL9,2026-05-27 12:30:06,2026-05-27,PRD-1X2T7Q3WHCGY,CLI-GJ54WXRNL9LR,Purchase,,146811.09,ARS,419.46,POS,,Teatro Nacional,Entertainment,Argentina,Buenos Aires,Approved,00,False,10.85,-34.884176,-58.4162361
TRX-8CBIYDMCGDCK05R4YFJN,2026-05-27 14:08:28,2026-05-27,PRD-6SX7TFO908WJ,CLI-18SXC5DB425V,Withdrawal,,263.05,USD,,Web,,,,México,Tijuana,Pending,54,False,16.4,,
TRX-TXK9AO3HMN01DSTNNMCB,2026-05-27 08:28:04,2026-05-27,PRD-63SC9PNE7S2U,CLI-G3UHAH7ECG4L,Transfer,,1322.86,USD,,Web,,,,México,Ciudad de México,Approved,00,False,7.35,,
TRX-U1DY6MZWX9UW6RRME35R,2026-05-27 19:03:34,2026-05-27,PRD-IUX5TWC7E9VR,CLI-5CP5BT10LVOX,Payment,Transport,107345.79,ARS,306.7,ATM,SUC-39R34AY6,,,Argentina,La Plata,Approved,00,False,12.52,,
TRX-4P7DQHKION8O5DA2PZ1D,2026-05-28 02:19:38,2026-05-27,PRD-7J7CTN99LE31,CLI-ZB0CSPHYWB9W,Purchase,Food,28.06,USD,,POS,,Restaurante El Buen Sabor,Food,México,Ciudad de México,Approved,00,False,25.54,,
TRX-BTN6QN9762IM6N3Q81CT,2026-05-27 12:42:00,2026-05-27,PRD-0STRV4KWSZXH,CLI-OZCVZ5LBFHUA,Withdrawal,,1832431.02,COP,458.11,ATM,SUC-IKK3G59W,,,Colombia,Barranquilla,Approved,00,False,8.83,,
TRX-QCBIL91AVKT51O4LEQOK,2026-05-27 10:31:21,2026-05-27,PRD-NDP9UK6GE5XY,CLI-HNGEMAY44U4R,Purchase,Other,487.84,USD,,POS,,Ferretería,Other,México,Tijuana,Approved,00,False,3.38,,
TRX-ZG6MSE0L0VE0HH908SDK,2026-05-27 12:53:54,2026-05-27,PRD-PXHJ6WSK6FGR,CLI-OMU02OS4V7QJ,Withdrawal,,1111640.41,COP,277.91,ATM,SUC-1C51KLB3,,,Colombia,,Approved,00,False,27.1,,
TRX-3L4PBAGF70HC045HU7KW,2026-05-27 11:56:43,2026-05-27,PRD-5HMU55TP5671,CLI-AC6GB0PQOHEC,Transfer,,1731.47,USD,,POS,,,,México,Monterrey,Approved,00,False,22.82,,
TRX-GC6S9WOSZLYX4EJHOVR4,2026-05-27 07:20:34,2026-05-27,PRD-OI1TR81VJCM7,CLI-Y4IBHRB3ARO4,Payment,Other,338206.53,COP,84.55,Web,,,,Colombia,,Approved,00,False,17.43,,
TRX-W30S7CVU0TDSPD5VZFTI,2026-05-27 15:16:38,2026-05-27,PRD-E3MO9RQFXOEM,CLI-7FYK0OQ6E68G,Withdrawal,,1381102.23,COP,,App,,,,Colombia,Cartagena,Approved,00,False,19.3,,
TRX-ZGUANNRMNGQMS16Y3S4Z,2026-05-27 23:22:05,2026-05-27,PRD-VCU8NBOD4AK2,CLI-4LFL4H4IA0MH,Withdrawal,,1793868.16,COP,448.47,ATM,SUC-XPLAOSH4,,,Colombia,Cartagena,Approved,00,False,14.34,5.2305033,-74.4444
TRX-3TM11DGA1WR8AOAGYI8B,2026-05-27 20:42:03,2026-05-27,PRD-5VUQN5R1T4CU,CLI-YT18WP1U6I1K,Withdrawal,,429.81,USD,,ATM,SUC-SDXPHMG4,,,México,Monterrey,Approved,00,False,8.91,,
TRX-5B4SDWY4LS04XKAH1B38,2026-05-27 18:03:39,2026-05-27,PRD-YSZ2GLMHEVL0,CLI-C2J1W17TJAXR,Purchase,,53966.43,ARS,154.19,POS,,Conciertos Live,Entertainment,Brazil,Brasília,Approved,00,False,25.7,,
TRX-0KEE4I9RPVP8FJ6Q137Q,2026-05-27 08:07:32,2026-05-27,PRD-LN6OGAW9IACA,CLI-DLQAGHY1M2IN,Payment,Other,1219.42,USD,,App,,,,México,Monterrey,Approved,00,False,29.52,,
TRX-ULEFNL4QHACPQ8N8D1VK,2026-05-27 23:21:13,2026-05-27,PRD-H1TD2367PFRD,CLI-FMXX302M2HNB,Withdrawal,,1260598.61,COP,315.15,POS,,,,Colombia,Cartagena,Approved,00,False,15.49,,
TRX-2F52KWXF7J74RJ4FOYTW,2026-05-28 05:40:19,2026-05-27,PRD-9NHF15DY0HLK,CLI-J9EWXIOYWJ7R,Purchase,Transport,238.04,USD,,ATM,SUC-N8LPAX0U,,Transport,México,Puebla,Approved,00,False,27.94,,
TRX-G7P6G0JVGC0O2E3C22TH,2026-05-27 09:08:37,2026-05-27,PRD-NLZCH20E5KGI,CLI-JNK0Y5D41X4K,Withdrawal,,48.3,USD,,POS,,,,México,Guadalajara,Approved,00,False,15.21,-0.9604933,-0.1767108
TRX-JP43Q72NWU7E1TMCGT8D,2026-05-27 18:35:44,2026-05-27,PRD-VFB08FBQXE11,CLI-NAP58QEDRAYI,Purchase,Transport,1261669.46,COP,315.42,App,,Estación de Servicio,Transport,Colombia,,Approved,00,False,22.47,,
TRX-H94U2835B7WDK21PT9JF,2026-05-27 10:57:13,2026-05-27,PRD-6RIGLWSM8BEL,CLI-Z8K7UZUSJOMY,Withdrawal,,604425.9,COP,151.11,ATM,SUC-22RCTEVV,,,Colombia,Barranquilla,Approved,00,False,6.16,,
TRX-F5PRC5KNYT4C8OWLBLAP,2026-05-27 22:33:38,2026-05-27,PRD-BNAS4IA8EJNI,CLI-P7Y04S13LVKL,Purchase,Entertainment,98.75,USD,,ATM,SUC-12NKB9OB,Cine Premium,,México,Tijuana,Approved,00,False,22.25,-0.2780122,-0.9446224
TRX-12L1CUEVDO03L4RCPPGC,2026-05-27 11:57:00,2026-05-27,PRD-STDTJG5H039I,CLI-ZS2L1VHUVAZD,Purchase,Health,188.15,USD,,Web,,Clínica Médica,Health,México,Ciudad de México,Approved,00,False,10.72,,
TRX-MRBLPVNYXOJMWQAOMYJF,2026-05-27 14:49:47,2026-05-27,PRD-3BFA66R4HJ37,CLI-JNF56IK8A2DV,Payment,Other,916.27,USD,,POS,,,,México,Puebla,Declined,54,False,5.48,,
TRX-9HOHRGVGMNA7WY3TTXN1,2026-05-28 00:38:50,2026-05-27,PRD-VK24W9DPMRC4,CLI-3N6TM05SA3W5,Withdrawal,,37799.95,ARS,108.0,POS,,,,Argentina,La Plata,Approved,,False,18.51,,
TRX-37A7KLGFG9LCTHMFEW3K,2026-05-27 23:42:52,2026-05-27,PRD-U7T4169VCPR9,CLI-5R1XPJZD4Z5W,Purchase,Food,1953791.52,COP,488.45,ATM,SUC-H9U13579,Restaurante El Buen Sabor,Food,Colombia,Cartagena,Approved,00,False,4.42,,
TRX-FFJZ0IDASAY8KF4IXVY1,2026-05-28 03:22:20,2026-05-27,PRD-ZBS8Q6O5UPKM,CLI-A0TZEI7NVP2W,Withdrawal,,157353.92,ARS,449.58,POS,,,,Argentina,Buenos Aires,Approved,00,False,9.52,-34.2739624,-57.4360303
TRX-PL812G4YXYD5VKS42YH0,2026-05-27 09:44:48,2026-05-27,PRD-Z8BSM8RMHBGC,CLI-Z415BP762ECS,Transfer,,17323902.38,COP,4330.98,ATM,SUC-4IFX1CUR,,,Colombia,Bogotá,Approved,00,False,14.32,,
TRX-PC0OX355O06VXSMHQTVA,2026-05-28 00:07:25,2026-05-27,PRD-D7NINJ54HBJK,CLI-NAZJ82EI8RWT,Adjustment,,746.51,USD,,App,,,,México,Monterrey,Approved,00,False,28.55,,
TRX-F1U5YLNHTKXUUKQWPP0J,2026-05-27 14:34:37,2026-05-27,PRD-IOTXFBJ6A6T2,CLI-H67FVBE96T6M,Deposit,,2848.07,USD,,ATM,SUC-8RYAQ0NO,,,México,Puebla,Approved,00,False,,,
TRX-CVIODG7KEWAUMFYAPUS7,2026-05-28 01:57:45,2026-05-27,PRD-1I98QQ0WMMGC,CLI-RADXAJNTW1VN,Payment,Transport,1326.67,USD,,POS,,,,México,Guadalajara,Approved,00,False,12.9,,
TRX-31YUUA7GUDIEBV04QKWB,2026-05-27 21:15:44,2026-05-27,PRD-GXL4G3QGRXOK,CLI-3PXLPDWBYVDQ,Purchase,Transport,163810.55,ARS,468.03,App,,Taxi Seguro,Transport,Argentina,Buenos Aires,Approved,00,False,,,
TRX-9CF12R0I5AXN9NNIX1DL,2026-05-28 01:58:12,2026-05-27,PRD-HJB99DFTNZVQ,CLI-7S4RL448V0T0,Purchase,Transport,1897356.13,COP,474.34,POS,,Taxi Seguro,Transport,Colombia,Bogotá,Approved,00,False,12.01,,
TRX-ZDA111F1R5PS5DB9T8R8,2026-05-27 06:22:57,2026-05-27,PRD-K0PA8BQ1OL2I,CLI-UPA6GFJEWVUV,Payment,Services,1190.51,USD,,Web,,,,México,Guadalajara,Approved,00,False,29.52,,
TRX-839MR5RN52P8AY6AIYM1,2026-05-27 12:41:45,2026-05-27,PRD-EJFD5640GPOQ,CLI-UM4GPOWG4A1G,Withdrawal,,155594.6,COP,38.9,ATM,SUC-FF1CG8O5,,,Colombia,Bogotá,Approved,00,False,3.97,,
TRX-B35JGHPWMFN9WFJ6U5UV,2026-05-27 19:21:59,2026-05-27,PRD-9LD4AIQ8FDZ3,CLI-T6TIAAJB75FD,Withdrawal,,74.29,USD,,ATM,SUC-FGQWMFNS,,,México,Tijuana,Approved,00,False,0.32,,
TRX-UKHATUWWQFX5D3F7JSZF,2026-05-27 07:25:13,2026-05-27,PRD-MQVOCVM4I15K,CLI-MUATQ1WI8WSH,Withdrawal,,94.29,USD,,ATM,SUC-ZAMLQY77,,,México,Guadalajara,Approved,00,False,14.23,,
TRX-LAM7SA59TCGCMAFDTEJK,2026-05-27 14:32:15,2026-05-27,PRD-V1IUQKHALX7Q,CLI-RLC9SIO1SXQH,Adjustment,,754.34,USD,,ATM,SUC-KNGCTTUB,,,México,Puebla,Approved,00,True,92.17,,
TRX-SA8I1JNTTY8XOXJBVJVP,2026-05-27 22:28:05,2026-05-27,PRD-TQ2PK3HUR07P,CLI-VG4BD6IUETEQ,Transfer,,32051079.92,COP,8012.77,POS,,,,Colombia,Bogotá,Approved,00,False,24.06,,
TRX-J84WN3AHFMZ7SK8PA8BX,2026-05-28 05:28:04,2026-05-27,PRD-YJ3F7D0O2G52,CLI-52MQKSPNCDL2,Withdrawal,,92760.62,ARS,265.03,Web,,,,Argentina,Buenos Aires,Approved,00,False,23.13,,
TRX-C7XJIJEFJ9L7MUU7RO2X,2026-05-27 12:02:45,2026-05-27,PRD-K804H7A7UUGB,CLI-1BC29M43MJXN,Transfer,,5937983.12,COP,1484.5,POS,,,,Colombia,Bogotá,Approved,00,False,24.81,,
TRX-TJ7EGLHZ850JSTD12M18,2026-05-27 11:07:32,2026-05-27,PRD-09A0AWWAJJZK,CLI-SJRDRRC4XAFE,Transfer,,36593454.22,COP,9148.36,Web,,,,Colombia,Bogotá,Approved,00,False,27.0,,
TRX-SQ108DLDZCCYRYTJ7HKF,2026-05-27 19:08:17,2026-05-27,PRD-4LM4HO0LGNI6,CLI-3PQTW3W0NSW5,Purchase,Transport,243.52,USD,,Web,,Estación de Servicio,Transport,Argentina,Buenos Aires,Approved,00,False,1.4,,
TRX-RVPRMWJ778OJ0Z78JXQ9,2026-05-28 00:32:30,2026-05-27,PRD-22DSCLRCHDNC,CLI-W09AWNPDRDQ2,Withdrawal,,121.04,USD,,Web,,,,México,,Approved,00,False,22.4,,
TRX-91PTB66VAZ7OIUKW88U7,2026-05-28 05:28:54,2026-05-27,PRD-E9TJS4PIZOAC,CLI-N13T0BT6IUM2,Purchase,Entertainment,356.65,USD,,App,,Streaming Music,Entertainment,México,Querétaro,Approved,00,False,15.82,,
TRX-Q105342MG8PRZOR1JMWX,2026-05-28 00:25:37,2026-05-27,PRD-LMZC7WY89ONA,CLI-FYABJK6MF55T,Payment,Transport,1318.85,USD,,Branch,SUC-J532XZ5B,,,México,Puebla,Approved,00,False,28.72,,
TRX-EWAIGHZI0LPAMQ0ZIH2J,2026-05-27 16:38:03,2026-05-27,PRD-3UEA0EVS3AJU,CLI-34MKQQHJBJOS,Purchase,Transport,483767.57,COP,120.94,POS,,,Transport,Colombia,Bogotá,Approved,00,False,25.7,5.2221325,-73.1998549
TRX-B2IAN4M7X7IN9UU3YXFK,2026-05-27 21:02:03,2026-05-27,PRD-O4KJOYSYMG4E,CLI-PAUO7R1TJV67,Transfer,,16968636.72,COP,4242.16,POS,,,,Colombia,Cartagena,Approved,00,False,8.25,,
TRX-CO0JD4NJA4OPT3XRRZLV,2026-05-27 23:00:29,2026-05-27,PRD-UOMUTE9K8XEC,CLI-FOFF33XWG9XU,Withdrawal,,170943.03,ARS,488.41,POS,,,,Argentina,Rosario,Approved,00,False,2.82,-34.5867841,-57.9750971
TRX-7V4YJH3IIERMYKB9L4ZB,2026-05-28 02:31:03,2026-05-27,PRD-F3LPU8VEWB1M,CLI-M110KJUVCI2X,Purchase,Entertainment,139.99,USD,,ATM,SUC-115U74JL,Teatro Nacional,Entertainment,Argentina,Buenos Aires,Approved,00,False,12.65,,
TRX-KLOKIPG7DIP14SXZY4QN,2026-05-27 18:21:40,2026-05-27,PRD-PVQFI8F3QO80,CLI-CI0STN355EQE,Transfer,,8847.35,USD,,Web,,,,México,Tijuana,Approved,00,False,12.96,,
TRX-SQJ59UAG5G6BUI9J9TAY,2026-05-27 07:28:01,2026-05-27,PRD-MT2CCJAO3Z1Z,CLI-GWQ4KWL8BO7F,Payment,Services,920.1,USD,,ATM,SUC-8QU1XFUX,,,México,Querétaro,Approved,00,False,24.02,-0.1803745,0.1305268
TRX-VB0L9NO049AEJR3HXWQW,2026-05-28 05:57:05,2026-05-27,PRD-NNEVL68DBOMV,CLI-P4BND5X8Y4U9,Withdrawal,,74215.03,ARS,,POS,,,,Brazil,Brasília,Approved,,False,,-34.6751928,-59.2438842
TRX-KNTSIV8XT8UZ6RA8P1SO,2026-05-27 15:13:21,2026-05-27,PRD-1O1GSOVFIT72,CLI-06Z2E1JVB1AO,Withdrawal,,417.53,USD,,ATM,SUC-HO849Z2Q,,,Colombia,Cartagena,Approved,00,False,25.49,,
TRX-02MVAY7BSMICU7CE4I2D,2026-05-27 10:20:53,2026-05-27,PRD-ISPCLE7K9YHI,CLI-VUYUUY892TA4,Purchase,Other,33.31,USD,,ATM,SUC-DYPJLQVN,Boutique Moda,Other,México,Tijuana,Approved,00,False,,-0.7998075,-0.5984978
TRX-V58CFZE0NU11Z7PKCIVQ,2026-05-28 04:26:03,2026-05-27,PRD-GGCWJ8VEL7WK,CLI-01YWZGRM8JOQ,Purchase,Entertainment,583426.52,COP,,Web,,Conciertos Live,Entertainment,Colombia,Medellín,Approved,00,False,12.51,,
TRX-4KHTHEVWZO9KOUMTNJR7,2026-05-27 18:58:58,2026-05-27,PRD-FFPUTG0V9VVF,CLI-LTXYHPJFECX9,Transfer,,6739.04,USD,,Web,,,,México,Monterrey,Approved,00,False,6.86,,
TRX-DE2T9E1FUFZ4JA1CJ744,2026-05-27 08:02:31,2026-05-27,PRD-FWMRP6QRNF16,CLI-44DJUHUBB1SU,Withdrawal,,24999.01,ARS,71.43,Web,,,,Argentina,Buenos Aires,Approved,00,False,10.16,,
TRX-4R7ZA1VBLXAGY806CWL8,2026-05-27 12:19:07,2026-05-27,PRD-LWZG9BFF5ZHI,CLI-PYY9FOMMPSWP,Withdrawal,,323.83,USD,,ATM,SUC-RJSJ0B0X,,,México,Tijuana,Approved,00,False,5.17,,
TRX-L6S40IXYBM87IAH9H0GA,2026-05-28 03:31:56,2026-05-27,PRD-353K7RPZO60I,CLI-XM0OKCVEGUW7,Withdrawal,,60.8,USD,,ATM,SUC-P3KNB4PY,,,México,Querétaro,Approved,00,False,1.19,,
TRX-Z58GDWHT18ROADJ7KVP0,2026-05-27 21:49:20,2026-05-27,PRD-I2SWWZC9TBIR,CLI-PB1TIAWEV61B,Transfer,,11864016.99,COP,2966.0,POS,,,,Colombia,Cali,Approved,,False,17.5,5.4791148,
TRX-EWEBBKH4BKNFOEHJMVZR,2026-05-27 18:40:00,2026-05-27,PRD-7ZLPLI620YYL,CLI-47R0TFKFNY9O,Payment,Food,1252.48,USD,,App,,,,Argentina,Mendoza,Approved,00,False,7.57,,
TRX-EU7AOTF9VYUI3W4H9D7A,2026-05-27 08:05:59,2026-05-27,PRD-LEWVIA4D9HUD,CLI-M82YX5OU0L1H,Adjustment,,887.05,USD,,Web,,,,Colombia,Bogotá,Approved,00,False,5.31,,
TRX-SWV8BQBCJ23MMSO46AHI,2026-05-28 04:31:24,2026-05-27,PRD-CL9E3VC3ZHEE,CLI-NJ1KG5VER9BP,Payment,Food,203830.21,COP,50.96,Web,,,,Colombia,Cali,Reversed,54,False,27.58,,
TRX-VG7ZEIOZBYFZ9ZMXRRR0,2026-05-27 12:03:22,2026-05-27,PRD-244HKJN3DNR4,CLI-N24BP84U18UY,Payment,Food,445.09,USD,,POS,,,,México,Ciudad de México,Approved,00,False,11.23,,
TRX-BKDS75YXAXWHRVUXWBIM,2026-05-27 06:42:29,2026-05-27,PRD-D5SPNJ47CCAB,CLI-JTBVEFG55EDX,Withdrawal,,1497544.23,COP,374.39,ATM,SUC-EMGR60PV,,,Colombia,Medellín,Approved,00,False,,4.3369291,-73.9201383
TRX-1RQA00FYCTRFQZ8YO9QJ,2026-05-27 13:19:14,2026-05-27,PRD-IQ1ON5XH6BGC,CLI-L76RINNNP9AV,Withdrawal,,156.65,USD,,ATM,SUC-HBYNA6O6,,,Argentina,Mendoza,Approved,00,False,,,
TRX-5PG42J43N1QY4KZ781FJ,2026-05-27 23:31:27,2026-05-27,PRD-9MPRPERKC2S6,CLI-UK6R4LUWG5HZ,Purchase,Food,297.7,USD,,ATM,SUC-QE974U7T,Super Ahorro,Food,México,Monterrey,Approved,00,False,1.46,,
TRX-3LWP0Y4D269JCRGTVXYO,2026-05-28 00:18:39,2026-05-27,PRD-6OA3Q18Y7NTI,CLI-E00BIDYAR2KY,Deposit,,2462.35,USD,,POS,,,,México,Ciudad de México,Approved,00,False,15.87,,
TRX-UXOJQQ1H2EW3R90Y2U2B,2026-05-27 13:12:04,2026-05-27,PRD-1LIAI5WTXNUR,CLI-Y5GT7YKBVU67,Withdrawal,,36.97,USD,,App,,,,México,,Approved,00,False,,,
TRX-41FRUBE2L5FZEYQ4L5RB,2026-05-27 17:24:38,2026-05-27,PRD-8IBIB3N48166,CLI-UKWXU1EY989M,Deposit,,3373.05,USD,,ATM,SUC-QVGF07AP,,,México,Puebla,Approved,00,False,20.41,,
TRX-GCLHHCCF2NGI6D50WZMP,2026-05-27 07:15:30,2026-05-27,PRD-F6K0PXVCEW0V,CLI-WQ3TW798FFM1,Purchase,Services,51.23,USD,,ATM,SUC-BMVBUHCL,Empresa Telefónica,Services,Argentina,Córdoba,Approved,00,False,25.02,,
TRX-DV0A8991OETH6UYZXRJ3,2026-05-27 20:56:26,2026-05-27,PRD-1OA0H0TI09JN,CLI-MJBSSS3KM3CR,Purchase,Services,561238.87,COP,140.31,POS,,Cable TV,,Colombia,Medellín,Approved,00,False,,,
TRX-1GJ33O1FNXUXSIG2MLMH,2026-05-27 18:50:47,2026-05-27,PRD-0W2JLJI3EDN9,CLI-4AD9IKI6G5TI,Purchase,Services,79.28,USD,,POS,,Servicios Públicos,Services,México,Guadalajara,Approved,00,False,8.37,,
TRX-M51MRTYHY65OEUNR6ZBV,2026-05-27 17:14:12,2026-05-27,PRD-FSZ9BW09A5TO,CLI-QGT7ZK8KPEZ6,Payment,,1693.68,USD,,App,,,,México,Ciudad de México,Approved,00,False,2.05,,
TRX-PBUSPYOXPL9CAOFFCEZU,2026-05-27 19:20:48,2026-05-27,PRD-W3MEJYE422OB,CLI-O2KSSSLNVW89,Withdrawal,,313.52,USD,,App,,,,México,Puebla,Approved,00,False,19.15,,
TRX-7XNDMOBRR33ZA14THL6E,2026-05-28 00:58:09,2026-05-27,PRD-W0G1ECSTZ52N,CLI-GSJOB072C467,Purchase,Services,307.82,USD,,ATM,SUC-FGQWMFNS,Internet Plus,Services,México,Querétaro,Declined,14,False,19.9,0.6865241,0.5198584
TRX-JIAWLQ9V05CA19Y7HIAL,2026-05-27 11:18:37,2026-05-27,PRD-8106FCB7A621,CLI-O4X8K1F7EDX2,Transfer,,2391870.1,ARS,6833.91,App,,,,Argentina,Buenos Aires,Approved,00,False,,,
TRX-FGPUJGZ4O08BUIJZGKT5,2026-05-27 15:02:26,2026-05-27,PRD-KOTQ5XBEX5CF,CLI-RLQ0GHCFB9S2,Deposit,,3881.31,USD,,POS,,,,Argentina,Mendoza,Approved,00,False,26.14,,
TRX-NW1NYOXCHJT36Z21QHXF,2026-05-28 00:28:57,2026-05-27,PRD-Z4PZEBJ5FJ8P,CLI-RUAYR2N9XFGU,Purchase,Transport,347.89,USD,,App,,Gasolinera Express,Transport,México,Monterrey,Approved,00,False,10.53,,
TRX-GR4IKM7NI5KZOLULD1FU,2026-05-28 02:01:02,2026-05-27,PRD-5UYURXQN2IUS,CLI-4REVLQS5HZD6,Transfer,,18212104.65,COP,4553.03,ATM,SUC-KY2QIURA,,,Colombia,,Approved,00,False,,,
TRX-C5DFT4Q53FO3J3QAQE5N,2026-05-27 20:15:01,2026-05-27,PRD-R9IIIK5F1EM3,CLI-2J3RZDM28ZG8,Transfer,,1994.02,USD,,Web,,,,México,Guadalajara,Approved,00,False,12.88,,
TRX-99MC2Y75YFZ4WI7ZM544,2026-05-27 07:56:18,2026-05-27,PRD-3PK45P0H6AQV,CLI-BY3M5L64YXR5,Transfer,,30280856.96,COP,7570.21,ATM,SUC-C93NERQQ,,,Colombia,Cartagena,Approved,00,False,24.89,,
TRX-P2T9JQH09EYQAEZA8BSP,2026-05-28 03:08:30,2026-05-27,PRD-N1YCRSTS7EZT,CLI-9TRQZZHM6NTX,Purchase,Food,1344552.26,COP,336.14,Web,,Super Ahorro,Food,Colombia,Medellín,Declined,14,False,,,
TRX-UMM8E4E1DEUCAJDVC7JT,2026-05-27 07:52:49,2026-05-27,PRD-XFABMS3OSNQ6,CLI-EGBABZPPSZS2,Withdrawal,,170.61,USD,,ATM,SUC-JD6LDRA8,,,México,Querétaro,Approved,00,False,15.59,,
TRX-16BIFJ99036UYNDII9WE,2026-05-27 10:37:24,2026-05-27,PRD-VD2PD6WA3SB8,CLI-TQS22OOB56HL,Transfer,,4992.88,USD,,Branch,SUC-Q9LRLZTA,,,México,Ciudad de México,Approved,00,False,23.97,0.4050284,0.0676347
TRX-AHM3BGQYYX3JQTVZFLJF,2026-05-27 21:26:17,2026-05-27,PRD-28X4AYDGTJWU,CLI-5Z0WTSAD1A8Z,Transfer,,5388.22,USD,,ATM,SUC-4HF4J8KO,,,México,Querétaro,Approved,00,False,20.34,,0.3336318
TRX-E21YE6Y7BMW67TDK0HSR,2026-05-27 11:13:56,2026-05-27,PRD-ZB93EHZWV35F,CLI-Q873XW5XOTTF,Withdrawal,,406.13,USD,,ATM,SUC-QE974U7T,,,México,Guadalajara,Approved,00,False,,,
TRX-KQIAYAD3EW8C8FAP80CK,2026-05-28 00:27:46,2026-05-27,PRD-8OA8QAWTV12O,CLI-GX81JZHDJZ51,Payment,Services,746.42,USD,,App,,,,México,Querétaro,Approved,00,False,,,
TRX-29PDLXFCLY3GUONXM2BM,2026-05-27 20:12:06,2026-05-27,PRD-AEW3VLKHFKL9,CLI-XNWQ3KH1RJH3,Purchase,Services,376.71,USD,,POS,,Servicios Públicos,Services,México,,Approved,00,False,6.0,,
TRX-2GR3XWHA97PX1ZMJHEYT,2026-05-28 05:57:07,2026-05-27,PRD-VYB25KESJB6P,CLI-83YFN277HUBB,Deposit,,13519451.75,COP,3379.86,ATM,SUC-GPTCLR0Q,,,Colombia,Bogotá,Approved,00,False,17.92,,
TRX-Y28LUZZQX3STRMDOWZ26,2026-05-27 16:00:30,2026-05-27,PRD-JLQY6YAMWFJJ,CLI-2R4B5465FSXE,Transfer,,808750.44,COP,202.19,POS,,,,Colombia,Cali,Declined,54,False,13.85,,
TRX-8YFIQ00XHRA3K23ZC6B0,2026-05-27 21:48:22,2026-05-27,PRD-8WYPME7A7XL3,CLI-8N4R50N48O49,Transfer,,4421.06,USD,,ATM,SUC-CUMTPAM3,,,México,Puebla,Approved,00,False,20.26,,
TRX-N6TLQAIQ23GIEHJ6AKDF,2026-05-27 23:10:29,2026-05-27,PRD-I9HHR2BBH1UO,CLI-SU9RA1JHHKNF,Withdrawal,,242910.03,COP,60.73,Transfer,,,,Colombia,Bogotá,Approved,00,False,16.51,,
TRX-KNB9UNYREVSGR4MJFOIN,2026-05-27 22:55:07,2026-05-27,PRD-JNHGZ9WUPFIE,CLI-OL139RUGP2GF,Withdrawal,,23.95,USD,,App,,,,México,Ciudad de México,Approved,00,False,16.15,,
TRX-87G5MNEROASLAMM7JIJ5,2026-05-27 23:23:41,2026-05-27,PRD-BFXF18BCGA3Y,CLI-4JY4H2NKAZRW,Withdrawal,,291.07,USD,,Web,,,,México,Guadalajara,Approved,00,False,13.65,,
TRX-1GRA01ZGBOZH97C60CMN,2026-05-27 17:26:03,2026-05-27,PRD-G2PT26BZTKDQ,CLI-2IRJHXTNQEJX,Payment,Other,873.02,USD,,Web,,,,México,Querétaro,Approved,00,False,3.16,,
TRX-VR6TCMLY7AHIEZGJ6WVY,2026-05-27 09:43:53,2026-05-27,PRD-9R3S5QIFV8A5,CLI-7KVJT73QCZM5,Withdrawal,,344.45,USD,,POS,,,,México,Querétaro,Approved,00,False,23.86,-0.5344695,0.6999738
TRX-4YR3I4FAH1SHC5WGBGAI,2026-05-27 06:52:36,2026-05-27,PRD-4SG90JIX1KKD,CLI-4B0F5O0GG0X6,Payment,Food,118.66,USD,,Web,,,,México,,Approved,00,False,,,
TRX-D1LI2X5QU5CZKKBZ92K2,2026-05-27 08:57:53,2026-05-27,PRD-QUNY2NW6A3PA,CLI-U5I5TL9VFX39,Transfer,,360436.54,ARS,1029.82,App,,,,Argentina,Rosario,Approved,,False,0.4,,
TRX-NF2JFEOQFVTOLB9UTY60,2026-05-28 05:33:21,2026-05-27,PRD-PLC3LLZ8TTYL,CLI-JT16Z684AMBE,Purchase,Entertainment,172.3,USD,,POS,,,Entertainment,México,Tijuana,Approved,00,False,21.43,-0.6995304,-0.3450502
TRX-JR3WYXDO3QE2WC19BEB7,2026-05-27 15:47:37,2026-05-27,PRD-BVB1AIDM2AV1,CLI-4F9JA36JCPWK,Transfer,,4221.71,USD,,POS,,,,Argentina,Rosario,Approved,00,False,9.11,0.2735114,0.575125
TRX-IB7FH01NQWJYUIHME530,2026-05-27 23:31:01,2026-05-27,PRD-5Q9O6NAF0G87,CLI-M1H1KW91U2N2,Payment,Health,389555.44,ARS,1113.02,App,,,,Argentina,,Approved,00,False,26.35,,
TRX-NFFZSHS7G3NS7D3DZXCE,2026-05-28 01:48:41,2026-05-27,PRD-O9ELFIDWV3P8,CLI-0DHJNJ973SBU,Payment,Entertainment,584987.1,ARS,1671.39,ATM,SUC-2VHGDILI,,,Argentina,Rosario,Approved,00,False,21.32,,
TRX-DYJEX6JKN2C2LZQ6IDCR,2026-05-27 18:56:58,2026-05-27,PRD-VJPOIMASL2IV,CLI-790M8VHYWNC7,Transfer,,21397767.43,COP,5349.44,App,,,,Colombia,Barranquilla,Approved,00,False,9.22,,
TRX-BTV3YADZAC0JDM6LN93E,2026-05-27 15:57:14,2026-05-27,PRD-YYVH5KASMHU6,CLI-ELO1BGSEX2GQ,Withdrawal,,115062.21,ARS,328.75,ATM,SUC-ZVPEMWQP,,,Argentina,Córdoba,Approved,00,False,16.14,,
TRX-MMZSCYK1TJZPLNNUFA79,2026-05-28 05:31:08,2026-05-27,PRD-NG18PK19Y5VE,CLI-8192QTGYY7N2,Purchase,Transport,334.17,USD,,Web,,Uber,Transport,México,Monterrey,Approved,00,False,2.25,,
TRX-I41EZJDBOHXJMSAJC5Y9,2026-05-27 23:25:48,2026-05-27,PRD-YWHPJX1YKML6,CLI-ZO4VYA80JUHV,Deposit,,845.73,USD,,ATM,SUC-QZU3WHKF,,,México,Guadalajara,Approved,00,False,23.87,,
TRX-2HTO6Z7H47LBRFPCTXC8,2026-05-27 16:25:25,2026-05-27,PRD-TG6X9DK68KXU,CLI-BKWSIG5EXG4T,Withdrawal,,319518.88,COP,79.88,Transfer,,,,Colombia,Cali,Approved,00,False,,,
TRX-AKMFK4LH7Z44812MV2QV,2026-05-27 10:50:19,2026-05-27,PRD-I7WB7OZ58KC1,CLI-GETZJ0TL584X,Withdrawal,,644531.01,COP,161.13,ATM,SUC-22RCTEVV,,,Colombia,,Declined,54,False,0.4,,
TRX-6QJMW73X9YFATOYH2T7D,2026-05-28 05:11:31,2026-05-27,PRD-TYQEK53DWEBZ,CLI-1F02FQ6V8NJ2,Withdrawal,,111.87,USD,,POS,,,,México,Puebla,Approved,00,False,,,
TRX-3GIRKNKA5X2G7DCFHYSH,2026-05-28 05:20:17,2026-05-27,PRD-XQ7IL89L0JO8,CLI-XYKLLSM9DDFZ,Payment,Other,938.49,USD,,ATM,,,,México,Monterrey,Approved,00,False,,,
TRX-3JQ3Q3W649T3JQ9CS563,2026-05-28 03:47:11,2026-05-27,PRD-1EXHNHOX0Q9D,CLI-C9IGWGSJV78G,Withdrawal,,1128421.11,COP,282.11,POS,,,,Colombia,Barranquilla,Approved,00,False,0.33,,
TRX-SMZ0DIAGJKY8ZGWIMTS0,2026-05-27 07:56:13,2026-05-27,PRD-0JUPNH09FJ3K,CLI-1G91PQNSBF3Q,Deposit,,87811.57,ARS,250.89,POS,,,,Argentina,Buenos Aires,Approved,00,False,10.16,,
TRX-XN58M9KGHU6C7E3J7889,2026-05-28 03:37:30,2026-05-27,PRD-YL43K8C5XJ22,CLI-T2ACY1CBW7YW,Transfer,,3830.86,USD,,ATM,SUC-8P0IDMOM,,,México,,Approved,00,False,1.71,-0.2779198,-0.5202789
TRX-2BI00RSOWX4BAC2TRIIF,2026-05-27 14:26:04,2026-05-27,PRD-IYHOKH3OP8DM,CLI-GOFTL1KTV9CB,Purchase,Food,1424344.52,COP,356.09,Web,,Super Ahorro,Food,Colombia,Barranquilla,Approved,00,False,12.76,,
TRX-ESAJ67YK23J6Y74BQF3I,2026-05-27 19:35:52,2026-05-27,PRD-S16AB8Y4Z3NB,CLI-7YG62BD0I0CX,Adjustment,,120534.82,ARS,344.39,Branch,SUC-OSJVEL9O,,,Argentina,La Plata,Declined,54,False,11.12,,
TRX-K0OVYZPFWCKBDT2DB225,2026-05-27 20:49:29,2026-05-27,PRD-TVS3Q610QV25,CLI-KO7S8Q6YL6RQ,Transfer,,2555.09,USD,,ATM,SUC-85YWBJ74,,,Colombia,,Approved,00,False,,,
TRX-OKY3KOXXJB02A4OBWJYQ,2026-05-28 00:00:28,2026-05-27,PRD-D1ZTH9DB70N2,CLI-CZ8UAK11C75U,Deposit,,5498958.85,COP,1374.74,POS,,,,Colombia,Cartagena,Approved,00,False,17.98,4.7232524,-73.3965186
TRX-9L1S2GKJIXJEAE9HR9YB,2026-05-27 07:09:41,2026-05-27,PRD-QBRK1BIUOWIP,CLI-ZQDMAXPQ91K1,Transfer,,32031612.62,COP,8007.9,ATM,SUC-FF1CG8O5,,,Colombia,Cartagena,Approved,00,False,21.35,,
TRX-I6QDL68KBBSNSW5XZZ9K,2026-05-27 09:16:05,2026-05-27,PRD-WRI7MKXT6L3T,CLI-8PWB8DABFMRL,Transfer,,7096.14,USD,,ATM,SUC-2ATW7QMQ,,,México,Querétaro,Approved,00,False,17.0,0.0062663,0.3189921
TRX-W7W389VRCBSWYUJY5U8R,2026-05-27 15:03:34,2026-05-27,PRD-NDQC5N8C7L1M,CLI-EATL9A8LBBMT,Purchase,Services,1215025.33,COP,303.76,Transfer,,Internet Plus,Services,Colombia,Barranquilla,Approved,00,False,4.77,,
TRX-CPIYGDVVCLUUJDNTKCJN,2026-05-27 09:58:20,2026-05-27,PRD-UBPBKXY0INUD,CLI-LY5N8ZK7YP5G,Deposit,,4006.35,USD,,App,,,,México,Tijuana,Approved,00,False,,,
TRX-SMPXPQ1ZJG5DN1JXYEYG,2026-05-27 07:01:10,2026-05-27,PRD-5O0K30HE4LBW,CLI-NTT7LMQCD6AU,Deposit,,6680780.59,COP,1670.2,App,,,,Colombia,Bogotá,Approved,00,False,8.59,,
TRX-MYRCACOAN42V0EJZX6QX,2026-05-27 10:31:16,2026-05-27,PRD-881KB6H7MMKA,CLI-0GZ9Z48H6FGX,Adjustment,,947.32,USD,,Web,,,,México,,Approved,00,False,11.25,,
TRX-QF457FFMRAOZB26HHZKE,2026-05-28 02:56:20,2026-05-27,PRD-BI6IZLEDGQCG,CLI-YQ0W6TE83AUF,Transfer,,15223274.96,COP,3805.82,POS,,,,Colombia,Barranquilla,Approved,00,False,20.52,4.7545839,-73.854517
TRX-D11R9VEN012HT6GP5053,2026-05-27 19:20:51,2026-05-27,PRD-HP6GQRC441T8,CLI-E8U231WHSTLP,Withdrawal,,343.3,USD,,POS,,,,México,Monterrey,Approved,00,False,5.44,,
TRX-DEYTGPRXU86TNTC7S4T7,2026-05-27 10:21:23,2026-05-27,PRD-046WQ0V103BD,CLI-BAQ39OOHD3WT,Payment,Services,1876.89,USD,,App,,,,México,Guadalajara,Approved,00,False,15.58,,
TRX-XGGVVIXK63PFC4TTZZKW,2026-05-28 00:50:49,2026-05-27,PRD-LNXYOED168LM,CLI-WBW56ANHCAXI,Withdrawal,,220.25,USD,,Web,,,,México,Tijuana,Approved,00,False,5.45,,
TRX-ST0Y0WCP6N5BL8JV3LSY,2026-05-28 01:40:21,2026-05-27,PRD-APPG8T4SULFA,CLI-K2W7QQ9087HE,Purchase,,968207.13,COP,242.05,Web,,Ferretería,Other,Colombia,Barranquilla,Approved,00,False,,,
TRX-LFVE2E7A4QIEI82DHH9S,2026-05-28 02:23:23,2026-05-27,PRD-S847A77WNVYH,CLI-9P9HRK28YO11,Withdrawal,,358.75,USD,,ATM,SUC-4IFX1CUR,,,Colombia,Barranquilla,Approved,00,False,,,
TRX-USLAPZS30XTB1CP91T67,2026-05-27 08:18:48,2026-05-27,PRD-8BK5HHFZWF7A,CLI-65WFBJ6I31BV,Purchase,,151.23,USD,,ATM,SUC-KX44GJKB,Taxi Seguro,Transport,México,Ciudad de México,Approved,00,False,4.21,,
TRX-262L3LFQ2Z7JO13H1WPZ,2026-05-28 05:34:31,2026-05-27,PRD-4VJCM1KJJS1C,CLI-5T7CAZJ4UQD1,Payment,Transport,282700.0,ARS,807.71,ATM,SUC-XHNP3DLP,,,Argentina,Córdoba,Approved,00,False,19.65,-35.0632944,-58.9713724
TRX-6X6R06TVZTUTBHHKBZBY,2026-05-27 16:49:59,2026-05-27,PRD-T2CSTCLP0ORL,CLI-F47AA3IIF0ZO,Withdrawal,,200.45,USD,,Web,,,,México,Querétaro,Approved,00,False,0.89,,
TRX-MPGSGCJJX1CB8MLX78PU,2026-05-27 14:20:10,2026-05-27,PRD-LJTA7C8Q3UH4,CLI-LXLAMX2DBDS2,Purchase,Food,48329.36,ARS,138.08,ATM,SUC-V5DT47YR,Tienda Don José,Food,Argentina,Rosario,Approved,00,False,29.94,,
TRX-2WCABGR5W9SPTFUPW7O7,2026-05-27 12:09:22,2026-05-27,PRD-1O1O58NAUBU0,CLI-1S1QEOYVEJBD,Payment,Food,1417.09,USD,,ATM,SUC-0OJNMRLP,,,México,Ciudad de México,Approved,00,False,27.3,,
TRX-DKLEOAILKFD6GLUWJEFH,2026-05-28 00:53:52,2026-05-27,PRD-83C9Y0J06FRB,CLI-UA0NEW5STNB3,Transfer,,11085270.18,COP,2771.32,App,,,,Colombia,Medellín,Approved,00,False,0.05,,
TRX-Y3ZJ6CYN5DWSZDI8UAAO,2026-05-27 19:46:26,2026-05-27,PRD-AV05MDHF6BE7,CLI-TTZIW3NPJRGA,Payment,Entertainment,4820012.34,COP,1205.0,App,,,,Colombia,Barranquilla,Approved,00,False,1.99,,
TRX-BH9BE3VH8II4RPE183MI,2026-05-28 01:42:54,2026-05-27,PRD-3ZBC8XE5IAFZ,CLI-BJWXMX0OIGEA,Purchase,Transport,476.96,USD,,POS,,Taxi Seguro,Transport,México,Tijuana,Approved,00,False,,0.8963694,0.3617281
TRX-8FWPTPJVUZYAOLHXGKKC,2026-05-27 23:08:45,2026-05-27,PRD-JZNGKND8ZBMB,CLI-YMWY04SJCAJY,Withdrawal,,97.05,USD,,POS,,,,Colombia,Medellín,Approved,,False,20.55,4.9267126,-74.4034417
TRX-40CTXQZCIOSBW9ZX8LNF,2026-05-27 10:28:03,2026-05-27,PRD-7D8H445OZVB6,CLI-95NCX112JS8R,Purchase,Transport,144113.11,ARS,411.75,Web,,,Transport,Argentina,Mendoza,Approved,00,False,,,
TRX-5MC7ZID3SW462H2NFM0P,2026-05-27 23:43:25,2026-05-27,PRD-0H8C1KU7V3D9,CLI-QXGIXQDU2MW9,Payment,Transport,1356.05,USD,,POS,,,,México,Tijuana,Approved,00,False,,,
TRX-GIMDKDYM39CNXS15ILNQ,2026-05-27 20:13:40,2026-05-27,PRD-529WRAC4X4GK,CLI-BAO0B04OXDZ4,Withdrawal,,269.15,USD,,ATM,SUC-WSSLNOPN,,,México,Guadalajara,Approved,00,False,9.01,,-0.9424993
TRX-U42DODU2JCQVZUHMIKQF,2026-05-27 16:56:24,2026-05-27,PRD-DTJVVTA3FUID,CLI-ICWR1TC499KI,Withdrawal,,134.75,USD,,ATM,SUC-UHIX6KQ4,,,México,Tijuana,Approved,00,False,7.35,,
TRX-2137YOP1VJK4X2UBIMKU,2026-05-27 20:02:01,2026-05-27,PRD-J8WA2ORH38JW,CLI-S7HJOPXEEZGW,Purchase,Food,378.01,USD,,ATM,SUC-XSMNXFJN,Tienda Don José,Food,México,Puebla,Approved,00,False,22.11,,
TRX-0U3M582OP8DLVS3VB7NU,2026-05-27 19:13:17,2026-05-27,PRD-HOXXSEM2T0IY,CLI-MZIZ4U9MZWHY,Purchase,Food,45.36,USD,,POS,,Tienda Don José,Food,Spain,Sevilla,Approved,00,False,14.04,,
TRX-56WS5B1Z3AHCG914YDRE,2026-05-28 02:35:35,2026-05-27,PRD-RKJ8KVQSSDTG,CLI-NS2PFKNAEAA5,Deposit,,3882.61,USD,,App,,,,México,Querétaro,Approved,00,False,3.33,,
TRX-OQ9QJ9BMX5W6JP98E8RV,2026-05-27 10:51:16,2026-05-27,PRD-1IO60YDQU92K,CLI-7WGAIGYL7UT1,Withdrawal,,352.4,USD,,Web,,,,México,Tijuana,Approved,00,False,13.14,,
TRX-CCJ8W8FY1TLZGMXOZ30W,2026-05-27 19:48:48,2026-05-27,PRD-UATGQMJHZZEC,CLI-TJ7OLZS3GT3C,Deposit,,9853612.9,COP,2463.4,App,,,,Colombia,Barranquilla,Approved,00,False,18.09,,
TRX-7D1GI83K9X16GTKR3S49,2026-05-27 07:36:49,2026-05-27,PRD-MTP6TJIHKOFK,CLI-QSW1CU9DR1VU,Withdrawal,,453861.51,COP,113.47,POS,,,,Colombia,Medellín,Approved,00,False,1.6,,
TRX-88KVO7KU8VLJ172FRV50,2026-05-28 01:38:25,2026-05-27,PRD-XBT1O4XJZOHO,CLI-UQMMS207Z95F,Transfer,,6647.56,USD,,Web,,,,México,Tijuana,Approved,00,False,,,
TRX-910L6368ZQZDQS7GD36Y,2026-05-27 21:47:39,2026-05-27,PRD-87JYSYYU6TEN,CLI-C5CAEGR5AJLT,Payment,Services,426.37,USD,,POS,,,,México,Querétaro,Approved,00,False,16.0,,
TRX-NBX8HCYFFQYY0AN5G4QX,2026-05-27 23:38:33,2026-05-27,PRD-LEVZXO1M766A,CLI-6FUYG8FXHFZ3,Transfer,,995.4,USD,,POS,,,,México,Tijuana,Approved,00,False,,,
TRX-7ELAIJSJXUFX7B4FBPON,2026-05-27 23:04:57,2026-05-27,PRD-PXR17JLBHUYW,CLI-RZSFS1NPD2LH,Transfer,,3153676.92,ARS,9010.51,POS,,,,Argentina,Córdoba,Approved,00,False,24.21,-34.9993078,-58.2788758
TRX-D2WOX79Q1R04SKYW1PGP,2026-05-27 17:29:27,2026-05-27,PRD-04VH66Q10K0Z,CLI-0ARFKSUTVDW8,Deposit,,3098377.67,COP,774.59,POS,,,,Argentina,Rosario,Approved,00,False,26.57,,
TRX-X36TFYSCKIMGYSFTGWM8,2026-05-27 09:09:46,2026-05-27,PRD-MDKZMN4HLVM0,CLI-9BDH16342TT4,Transfer,,5938.35,USD,,POS,,,,México,,Approved,00,False,18.8,-0.0361633,0.7995727
TRX-R4UI0NGCOSOXDCKELYXB,2026-05-27 21:01:46,2026-05-27,PRD-173S4ZXNPHBP,CLI-HTE3IRTZWS5C,Transfer,,15583299.06,COP,3895.82,ATM,SUC-X7W6C3UX,,,Colombia,Medellín,Approved,00,False,10.9,4.3768882,-74.5290794
TRX-VMFMD9W40VB12T13AUK1,2026-05-27 11:00:54,2026-05-27,PRD-39K2Y7YOIF0Q,CLI-3G0HGX6GGQYI,Withdrawal,,25.04,USD,,Web,,,,México,Guadalajara,Approved,00,False,26.22,,
TRX-D39ITRFKIPEOR7K0FJX7,2026-05-27 17:14:23,2026-05-27,PRD-3PNYOOKX42VS,CLI-SJECJGO5OIL8,Purchase,Services,481.18,USD,,POS,,Empresa Telefónica,Services,México,Querétaro,Approved,00,False,13.72,-0.2864708,-0.9171704
TRX-H8R6XEQPKGDKT2RCBIU5,2026-05-27 19:59:46,2026-05-27,PRD-D42P7KVLPQ8S,CLI-KYERA9QTYTGH,Deposit,,3207.87,USD,,POS,,,,México,Monterrey,Approved,00,False,24.48,,
TRX-JWK46CRFG5M9BJXDQGY5,2026-05-27 09:55:28,2026-05-27,PRD-ECK8O4OAOJHT,CLI-XM4YMNHORXSV,Withdrawal,,142.83,USD,,POS,,,,México,Puebla,Approved,00,False,,,
TRX-UVKAOG7AUGLC90FOZMXI,2026-05-27 15:23:45,2026-05-27,PRD-KMLPJ6TD5P1J,CLI-BWF1RCWZOFPJ,Transfer,,31545294.83,COP,7886.32,POS,,,,Colombia,Barranquilla,Reversed,54,False,1.63,,
TRX-7P3YOF10MXC3OWDKKDVC,2026-05-27 14:29:41,2026-05-27,PRD-7XFS9A139T9Y,CLI-ZCZAFJPULRYV,Transfer,,7158.48,USD,,ATM,SUC-RZNFZDVW,,,Argentina,Mendoza,Approved,00,False,19.38,,
TRX-FDF8T57LMOE8JB0O32OZ,2026-05-27 07:10:55,2026-05-27,PRD-910BBMEZR4E3,CLI-127LFJ75QKNF,Payment,Food,3137336.45,COP,,POS,,,,Colombia,Medellín,Approved,00,False,27.09,,
TRX-60U0FPOCNB1ZH3I89I8D,2026-05-28 05:31:00,2026-05-27,PRD-B9Q4P43P441Y,CLI-N62U99Z5ZZGO,Withdrawal,,114201.72,ARS,326.29,POS,,,,Argentina,Rosario,Approved,00,False,,,
TRX-OBTCRY8UP5MQRB1GP274,2026-05-27 17:53:20,2026-05-27,PRD-FMR6TB8V0N78,CLI-YYGTZNU14LMC,Purchase,Other,428.12,USD,,Web,,Centro Comercial,Other,México,Querétaro,Approved,00,False,11.38,,
TRX-XUN7U4HQ3H5CZ2GHIXKV,2026-05-28 01:31:26,2026-05-27,PRD-0GI4RW76C9JE,CLI-0744SP83N4KD,Withdrawal,,1404231.05,COP,351.06,Web,,,,Colombia,Cali,Approved,00,False,4.71,,
TRX-6TAPQGO3XAKJFBR57OMF,2026-05-28 01:29:39,2026-05-27,PRD-LCSF96SLP0UO,CLI-5M4X71K9OKZI,Transfer,,2455.68,USD,,App,,,,México,Querétaro,Approved,00,False,13.43,,
TRX-G9514KBRYQ1P2H0DO4W6,2026-05-28 01:22:27,2026-05-27,PRD-O7MROFKIL4EB,CLI-J4J8S4UFXMF3,Withdrawal,,486.77,USD,,POS,,,,México,Guadalajara,Approved,00,False,8.16,,
TRX-U9PIIHTIVDUP627F82DV,2026-05-27 09:05:24,2026-05-27,PRD-QDYKDM5P5KUD,CLI-MJBFQ3V5N5EO,Purchase,Food,504654.86,COP,126.16,Web,,Mercado Central,Food,Colombia,Cali,Approved,00,False,8.17,,
TRX-DPOTPQHXVNC8AYB7NBX2,2026-05-27 11:07:11,2026-05-27,PRD-37UY3Y21MV1N,CLI-SBPYTS856LUN,Deposit,,909542.74,ARS,2598.69,ATM,SUC-4ICHM641,,,Argentina,Córdoba,Approved,00,False,4.4,,
TRX-KFEDBG41DME9Y2WG62ZR,2026-05-27 09:36:17,2026-05-27,PRD-GOD37XODV3DR,CLI-8W187GIORZMG,Transfer,,8240.26,USD,,POS,,,,México,Ciudad de México,Approved,,False,,,
TRX-WGZ647A1A2ZPEXI8E3NY,2026-05-27 17:38:07,2026-05-27,PRD-J3EYHZXQB1HP,CLI-HPD7FHBDACA8,Withdrawal,,55923.72,ARS,159.78,App,,,,Argentina,Córdoba,Approved,00,False,28.47,,
TRX-QTJWJZSRFVLI9X6B2RL7,2026-05-27 12:12:42,2026-05-27,PRD-O5BHSAA0T7PX,CLI-86AOYDYDXT0J,Withdrawal,,200.65,USD,,Transfer,,,,México,Querétaro,Approved,00,False,14.35,,
TRX-VODLWWQ549F6G92WGXWU,2026-05-27 15:28:57,2026-05-27,PRD-9HOAXTM26GQ4,CLI-Z4F0MQNJTYRJ,Adjustment,,84.33,USD,,ATM,SUC-1TATGCL8,,,México,,Approved,00,False,,,
TRX-2AQPG0NYWFOQPKO6S90O,2026-05-27 12:57:46,2026-05-27,PRD-8AC08EPY4TS0,CLI-58XRRGTS14YH,Deposit,,1753.68,USD,,ATM,SUC-WSUW783S,,,México,Puebla,Declined,14,False,9.16,0.6822566,-0.2082375
TRX-5NP8MCZHYK9C8O9WWJIS,2026-05-28 04:24:02,2026-05-27,PRD-UFVU3GEEURUQ,CLI-GKDMHK1ASRED,Purchase,Other,1185491.67,COP,296.37,App,,Boutique Moda,Other,Colombia,Barranquilla,Approved,00,False,15.61,,
TRX-QUPX18286II58NNKUMQ0,2026-05-28 02:17:50,2026-05-27,PRD-U5L0XBPL8SX9,CLI-GL929Z7993N2,Deposit,,12122168.79,COP,,POS,,,,Colombia,,Approved,00,False,13.6,,
TRX-L0ML6HH2UOZQHB6BPT9O,2026-05-27 15:04:41,2026-05-27,PRD-YWLRXA02PRZ5,CLI-IWFO6TBCPDXN,Withdrawal,,240.76,USD,,ATM,SUC-I8M9CS2Y,,,México,Querétaro,Approved,00,False,14.91,,
TRX-1UI54D1D517Z512YVF7W,2026-05-27 22:57:58,2026-05-27,PRD-QRJW869FTKHS,CLI-YE9JQ3FDFBVY,Deposit,,2076.53,USD,,ATM,SUC-H4YG9DLY,,,México,Querétaro,Approved,,False,,-0.7761593,-0.9998206
TRX-99SLA9EZY3FV0GXJ4XK1,2026-05-27 17:57:51,2026-05-27,PRD-Q94HZPSA0YSL,CLI-S92B4A7C2MO8,Payment,Services,75219.61,ARS,214.91,Branch,SUC-QZP6DNTL,,,Argentina,Buenos Aires,Approved,00,False,4.22,,
TRX-7ZINS0J2EABFM0AR9XZI,2026-05-27 13:50:22,2026-05-27,PRD-1D5X3Z8R1TMX,CLI-4J6INW514EZA,Transfer,,5202.15,USD,,ATM,SUC-4ML8OJM1,,,México,,Approved,00,False,16.5,0.9385268,-0.7372303
TRX-ZLBRGQ53VMV0B54ENWJ5,2026-05-27 10:31:45,2026-05-27,PRD-UQLYFXUWTEOG,CLI-ABXUGUWM8CSP,Withdrawal,,351.36,USD,,ATM,SUC-5R12FFLE,,,México,Guadalajara,Approved,00,False,18.64,,
TRX-E4PY33AM5Q5SYM9V3HBJ,2026-05-27 15:01:21,2026-05-27,PRD-8K1YCE77T9E2,CLI-8CN7OD7IRAIT,Transfer,,876.8,USD,,POS,,,,USA,Houston,Approved,00,False,,,
TRX-I1QRDQX1MX92E49PZL1T,2026-05-28 00:04:04,2026-05-27,PRD-Y2KDCDSE9P3W,CLI-YGXV18ZYDRLT,Withdrawal,,78928.36,ARS,225.51,POS,,,,Argentina,Rosario,Approved,00,False,,,
TRX-X1S2KQEV2N8868QW29OK,2026-05-28 00:19:45,2026-05-27,PRD-OQ1P32XQJIKM,CLI-6TI8Q0MTPD0T,Withdrawal,,306.44,USD,,POS,,,,México,Monterrey,Approved,,False,16.8,,
TRX-4PBAL67ZEVT289OKJJKZ,2026-05-27 20:41:41,2026-05-27,PRD-CLTISIGVNCI9,CLI-CM0OUVJGYM7C,Purchase,Entertainment,103.41,USD,,Web,,Teatro Nacional,Entertainment,Colombia,Cali,Approved,00,False,,,
TRX-7V7PA3L7DM3E571566Z0,2026-05-27 13:06:05,2026-05-27,PRD-8QDR23YGLS7Y,CLI-7L74EAN2RMTP,Purchase,Other,499.98,USD,,App,,Ferretería,Other,México,Tijuana,Declined,51,False,14.08,,
TRX-UWGPE4BQNVWTDJOO7O7N,2026-05-27 16:34:43,2026-05-27,PRD-WLSWYVRV66V4,CLI-VZIUK50N00SZ,Purchase,Other,173691.67,ARS,496.26,App,,Tienda General,Other,Argentina,La Plata,Approved,00,False,24.86,,
TRX-APFJV2WOPQKKVSLB1S6F,2026-05-27 06:42:04,2026-05-27,PRD-L4QMMCOWK0Y4,CLI-HD8ALNMKIVKA,Payment,Entertainment,1497.74,USD,,ATM,SUC-1DANZ3LD,,,México,Guadalajara,Declined,54,False,24.69,-0.7122355,-0.5889192
TRX-MFOXDOGVW5UHCKLR1ACN,2026-05-27 09:58:51,2026-05-27,PRD-E1JHMAKWKVIJ,CLI-YH1WW03O7Y2E,Payment,Transport,409376.3,ARS,1169.65,POS,,,,Argentina,Rosario,Approved,00,False,9.79,,
TRX-YAQJMOEZU228TPJYJ3PS,2026-05-27 08:33:27,2026-05-27,PRD-HLB1ZYBH8S3I,CLI-6E21B45GCK38,Purchase,Services,1226428.49,COP,306.61,POS,,Internet Plus,Services,Colombia,Cartagena,Approved,00,False,,,
TRX-5EUNQ7T8FYTQ65NF2FHZ,2026-05-27 14:33:42,2026-05-27,PRD-ZH77C1UY95P7,CLI-GUTWHD86UEDX,Payment,Health,814.43,USD,,App,,,,México,Guadalajara,Approved,00,False,24.46,,
TRX-NWESL86BAZMULGPEMS31,2026-05-27 08:04:01,2026-05-27,PRD-SX6MNM166CZL,CLI-S5XPZYX6U8W2,Withdrawal,,44086.16,ARS,125.96,ATM,SUC-GKQAVGPP,,,Argentina,Rosario,Approved,00,False,24.71,-35.0305243,-58.3087537
TRX-N4W57KTSQEJZRKSHDAOE,2026-05-27 16:36:53,2026-05-27,PRD-IALPS5NMFZAJ,CLI-ZNN1K4A76VPH,Transfer,,15385406.21,COP,3846.35,ATM,SUC-07AK38PR,,,Colombia,Bogotá,Approved,00,False,11.06,4.9623773,-74.9911607
TRX-TWLAR5U8TH6WKN8H3MEU,2026-05-27 23:33:15,2026-05-27,PRD-74F52J4O4QJU,CLI-5PBCNDTCPIIF,Purchase,Transport,412641.78,COP,103.16,POS,,Estación de Servicio,Transport,Colombia,Bogotá,Approved,00,False,6.76,,
TRX-Z5D958UQZK4BY34HWI49,2026-05-27 07:23:11,2026-05-27,PRD-BEOG3XHI2TCM,CLI-C9HVUG6MEW98,Withdrawal,,1150914.95,COP,287.73,ATM,SUC-X7W6C3UX,,,Colombia,Cartagena,Approved,00,False,6.44,,
TRX-9NSG6WI5ONE7JI10OTDC,2026-05-28 04:37:01,2026-05-27,PRD-1U6VZ54DKXOG,CLI-D96R4Q2ZRJEB,Purchase,Transport,290.89,USD,,POS,,Gasolinera Express,Transport,México,,Approved,00,False,3.04,,
TRX-3Y9P57VAH6C15UAE8IG2,2026-05-27 07:14:33,2026-05-27,PRD-S1JZT1AIYL3U,CLI-G9BCWIDE19KM,Withdrawal,,77523.23,ARS,221.49,POS,,,,Argentina,,Approved,00,False,22.06,,
TRX-K2JMU2CMDB7YVNAWUXY1,2026-05-28 00:44:12,2026-05-27,PRD-MP0ICRGBZRU7,CLI-0PBW1RZA8NYH,Deposit,,7768968.64,COP,1942.24,ATM,SUC-X57ITSKO,,,Colombia,Cartagena,Approved,00,False,27.63,,
TRX-ONKYHWZGQJ4EJ8259X31,2026-05-27 23:38:25,2026-05-27,PRD-ZE83NSDLLCUB,CLI-7DISBZ2LZL82,Purchase,Services,306.41,USD,,POS,,Cable TV,Services,México,Querétaro,Approved,00,False,17.65,,
TRX-S7SLVA515UY3R5JJB7W0,2026-05-28 01:13:36,2026-05-27,PRD-88Y1GWMVOVER,CLI-EUD6Z3M04BO8,Payment,Food,727.25,USD,,POS,,,,México,Querétaro,Approved,00,False,29.91,-0.6445772,-0.6036817
TRX-9WRT7C18WUTSVTBJXTJH,2026-05-27 19:33:20,2026-05-27,PRD-TGQUIAU4ZJAY,CLI-2HVS7H0G4SZ6,Purchase,Entertainment,403.49,USD,,Transfer,,Streaming Music,Entertainment,México,Querétaro,Approved,00,False,4.74,,
TRX-MGCYXTLXXVE9U66RY9FK,2026-05-28 03:17:03,2026-05-27,PRD-JB39XD2JZ568,CLI-J4JAVV2PGYP6,Purchase,Other,24815.83,ARS,70.9,POS,,Boutique Moda,Other,Argentina,Mendoza,Approved,00,False,,-35.2310433,-57.3958071
TRX-4C1NW49QOXR4ROY0ESNY,2026-05-28 04:20:12,2026-05-27,PRD-D7C06OGPL68V,CLI-E0K04FPNY1QM,Deposit,,8976449.33,COP,2244.11,POS,,,,Brazil,São Paulo,Approved,00,False,14.87,,
TRX-AV9O895H61T3PIF7G906,2026-05-27 13:14:43,2026-05-27,PRD-TMZN5RZ0W3VX,CLI-EBZ6MG51KG7L,Transfer,,345.87,USD,,App,,,,México,Monterrey,Approved,00,False,19.55,,
TRX-U91M8NZWDGG0NUFIL0QH,2026-05-27 14:34:51,2026-05-27,PRD-UH8AU72BDXJ0,CLI-ZX3WO6ZUDJOS,Payment,,285035.34,ARS,814.39,Branch,SUC-O09F6PWJ,,,Argentina,Rosario,Approved,,False,,,
TRX-MYEKOF5I5QCIVZ5LOV38,2026-05-27 15:22:56,2026-05-27,PRD-N9N0MPZRWO0C,CLI-X47IFWY72AP1,Purchase,Services,621855.91,COP,155.46,POS,,Servicios Públicos,Services,Colombia,Cartagena,Approved,00,False,27.28,,
TRX-DLQTCBOQ7BAV8X2VF4Q3,2026-05-28 05:56:52,2026-05-27,PRD-P2POEUQ5KPEB,CLI-TUOSAB8RSQZE,Transfer,,17708189.96,COP,4427.05,ATM,SUC-A1FLMPEF,,,Colombia,Cartagena,Approved,00,False,29.5,,-74.3487242
TRX-BA1Z22T3N4WB84PANVQL,2026-05-27 08:24:49,2026-05-27,PRD-O67XB7NT4Z9J,CLI-JTWZWSVQUCP1,Transfer,,8057.47,USD,,ATM,SUC-9J6GQRJ4,,,México,Querétaro,Approved,00,False,19.89,,
TRX-8MX28YB03SD0ZWL085O6,2026-05-27 15:15:19,2026-05-27,PRD-5U14UI13ERC5,CLI-VZA6G3QYJTTQ,Purchase,Food,197.48,USD,,POS,,Super Ahorro,Food,México,Tijuana,Approved,00,False,,0.1606173,-0.8578194
TRX-7MYJYXZZ7O8X1LT1UPA8,2026-05-27 22:20:43,2026-05-27,PRD-FAE2LULI2LJU,CLI-LVXDWWOKI07J,Deposit,,2971.33,USD,,ATM,SUC-7TVQFT2O,,,México,Puebla,Approved,00,False,28.94,,
TRX-GPXZJUGIL9KMP9QLN2TS,2026-05-28 02:16:17,2026-05-27,PRD-FTHPV0PFXCTQ,CLI-155YYZ4YQRCX,Withdrawal,,260.16,USD,,App,,,,México,Ciudad de México,Approved,00,False,5.81,,
TRX-7N0D6TF0SDZBQPDGTDPJ,2026-05-27 15:25:34,2026-05-27,PRD-B7GLEQA3157C,CLI-AUB8XQ17YDGC,Adjustment,,1115259.36,COP,278.81,App,,,,Colombia,Medellín,Approved,00,False,3.28,,
TRX-CGI6VNSA4IPMX2UQL3N9,2026-05-27 23:27:21,2026-05-27,PRD-VSK51AOAI5K9,CLI-U1E7CDKWKCS4,Transfer,,2727.0,USD,,Transfer,,,,Colombia,Cartagena,Approved,00,False,5.1,,
TRX-XO3JQ8XQ9JEGO981KVXL,2026-05-27 13:45:19,2026-05-27,PRD-G3EVGWWH63LB,CLI-2YUMGGYVKTK2,Transfer,,3043.79,USD,,POS,,,,México,Monterrey,Approved,00,False,,-0.8069219,-0.9644641
TRX-7AHQR724TMF714S1AKVA,2026-05-27 13:29:31,2026-05-27,PRD-D0KMDWXVL26R,CLI-806GWBF1IT66,Transfer,,242.84,USD,,Web,,,,México,,Approved,00,False,20.58,,
TRX-QBPNSQ2G58POZ0SKKVPZ,2026-05-27 19:29:08,2026-05-27,PRD-XRJW0O6HU2U5,CLI-S4HXUDJY78O9,Withdrawal,,997383.77,COP,249.35,ATM,SUC-FF1CG8O5,,,Colombia,Bogotá,Approved,00,False,,5.3487218,-74.6914707
TRX-O5WNK6E1H8XUUR2Q5C8E,2026-05-28 03:11:24,2026-05-27,PRD-CFH30MUS6409,CLI-52F2UZ42VUWE,Deposit,,2659818.04,COP,664.95,POS,,,,Colombia,Bogotá,Approved,00,False,25.9,,
TRX-WMH3YR4876FPTZOTOX7A,2026-05-27 10:16:32,2026-05-27,PRD-HZIBC9D6XDDZ,CLI-VFGWP39GRTIE,Purchase,,171.09,USD,,App,,Restaurante El Buen Sabor,Food,México,Querétaro,Pending,05,False,1.95,,
TRX-12A6F4PPFV763MXK58PO,2026-05-27 18:39:27,2026-05-27,PRD-1G87IWR72R7K,CLI-Q6XI848X7B1R,Withdrawal,,118.57,USD,,Web,,,,México,Ciudad de México,Approved,00,False,0.72,,
TRX-EGRDBXM52WZ20KW9HURF,2026-05-27 07:34:36,2026-05-27,PRD-05YA1KJH41OD,CLI-YVWZRQ01IIOI,Transfer,,885942.93,COP,221.49,POS,,,,Colombia,,Approved,00,False,2.93,5.4531714,-75.0437788
TRX-UCAOA0EIYXPW4W6H1APA,2026-05-27 06:38:46,2026-05-27,PRD-LMFJJIIVVH38,CLI-S285GLER99BM,Payment,Services,223.46,USD,,POS,,,,México,Querétaro,Approved,00,False,4.52,-0.6031215,-0.248817
TRX-GNSD0Q6045O0L452PPHK,2026-05-27 07:00:04,2026-05-27,PRD-B46C8N2PO1UF,CLI-9IQ4LK4EFDZZ,Payment,Other,327921.98,ARS,936.92,Web,,,,Argentina,Mendoza,Declined,54,False,4.69,,
TRX-712X6AW0UID4SI7O1I3I,2026-05-27 07:10:04,2026-05-27,PRD-WI3Q8WFU4PRD,CLI-WYVMGLD5IQHG,Purchase,Food,292.47,USD,,POS,,Super Ahorro,Food,México,Monterrey,Approved,00,False,26.13,,
TRX-NLQ26MIPUFC56HXN08NK,2026-05-27 18:41:02,2026-05-27,PRD-PP1H582K8VIL,CLI-KXM1KR9N8KME,Transfer,,27429602.32,COP,6857.4,POS,,,,Colombia,Medellín,Approved,00,False,1.83,3.8602059,-73.5905681
TRX-UCRMCY0J0EIPTPOI77GZ,2026-05-27 22:26:23,2026-05-27,PRD-MTBS64912LA4,CLI-T9Y88J1ICHWK,Purchase,Health,496.24,USD,,POS,,Laboratorio Central,Health,México,Monterrey,Approved,00,False,10.08,,
TRX-W1TS8LXNFDOLIA9PQ6OL,2026-05-27 06:54:01,2026-05-27,PRD-OH6F7GUSE72B,CLI-GW7U7D570HE4,Deposit,,891.27,USD,,ATM,SUC-LBPQUZ4D,,,México,Querétaro,Approved,00,False,8.46,0.9722835,
TRX-NNTS22PFJN8C5U627TSL,2026-05-27 09:05:32,2026-05-27,PRD-B2WGQQC5KGKL,CLI-XF4WVRCE52QJ,Payment,Health,3542921.22,COP,885.73,ATM,SUC-22RCTEVV,,,Colombia,,Approved,00,False,25.97,,
TRX-DS6K38HFO6N55ZV3M8EG,2026-05-28 00:56:24,2026-05-27,PRD-I4IMZGXM49PJ,CLI-71GKG68H0N2R,Transfer,,34952068.56,COP,8738.02,App,,,,Colombia,Cali,Approved,00,False,,,
TRX-TB8HMKQ4NNNHIA569HPQ,2026-05-27 10:27:04,2026-05-27,PRD-13YUM6WD1IPD,CLI-CW14YQKBR83O,Payment,Entertainment,422.94,USD,,POS,,,,México,Querétaro,Approved,00,False,22.39,,
TRX-COA92POK6QH1HM4FLQYG,2026-05-27 21:27:35,2026-05-27,PRD-0E2FS1TT50Y7,CLI-T46MLT0JWBMV,Withdrawal,,1650843.32,COP,412.71,POS,,,,Colombia,Barranquilla,Approved,,False,12.34,5.6606731,-74.064632
TRX-7TA7YOMPGE5YVINTPPC8,2026-05-27 09:06:27,2026-05-27,PRD-UR1NLFQD2BF9,CLI-YM6U6FNJVCRU,Withdrawal,,365011.28,COP,91.25,App,,,,Colombia,Barranquilla,Approved,00,False,10.44,,
TRX-XF40KU4YQ5M42SB7LXK9,2026-05-27 15:47:04,2026-05-27,PRD-IDBXE9QVVO5X,CLI-EDI4D0ZPYZ4B,Payment,Other,1199.57,USD,,ATM,SUC-JDXIVV9S,,,México,Ciudad de México,Approved,00,False,22.34,,
TRX-BVD12XL2DEEGWJS5UI31,2026-05-28 01:36:05,2026-05-27,PRD-53PYIJUT5HWL,CLI-YOD5WRBT38LA,Withdrawal,,117.19,USD,,App,,,,México,Puebla,Approved,00,False,,,
TRX-3L4DPXLCM88QWUZ24JEA,2026-05-27 06:59:52,2026-05-27,PRD-X6M04GKELI7W,CLI-K8KDHI4BOUA4,Withdrawal,,475059.39,COP,118.76,App,,,,Colombia,Medellín,Approved,00,False,4.99,,
TRX-DL6PA9LWOW43JSGD031O,2026-05-28 01:15:34,2026-05-27,PRD-XVOXF7WRNZL2,CLI-IHVW9QKUALGM,Purchase,Services,129420.6,ARS,369.77,Web,,Empresa Telefónica,Services,Argentina,Buenos Aires,Approved,00,False,,,
TRX-GN9TRS57QSV712T6AH44,2026-05-27 11:51:52,2026-05-27,PRD-YOFX9OED9V8U,CLI-WW2YNOXJ39OQ,Payment,Services,2107553.81,COP,526.89,POS,,,,Colombia,Barranquilla,Approved,,False,20.06,4.6908617,-73.3221121
TRX-GB2PIUG1TCZT25ANJZH0,2026-05-27 22:31:42,2026-05-27,PRD-OPZV476TAPMV,CLI-JRJW08SUW5I5,Transfer,,660.12,USD,,POS,,,,Argentina,Mendoza,Approved,00,False,7.16,-34.9589904,-59.0493392
TRX-JK8QLMUA83K6R6S98626,2026-05-28 05:37:33,2026-05-27,PRD-VI167NPI3BZU,CLI-CWJ16LB8439L,Purchase,Health,414.02,USD,,App,,Óptica Visión,Health,México,Tijuana,Approved,00,False,,,
TRX-WX22JPJN7EZQZEH56UDO,2026-05-28 04:40:51,2026-05-27,PRD-JK4MFNERTNP6,CLI-MSFRKORCPHTH,Transfer,,39368325.55,COP,9842.08,App,,,,Colombia,Cartagena,Declined,14,False,26.81,,
TRX-ZXW4GA1J65L5CTI9ALLD,2026-05-27 14:47:20,2026-05-27,PRD-WH3XSGSG8X1G,CLI-ZPJRDRALDQ0S,Withdrawal,,1644008.05,COP,411.0,App,,,,Colombia,Bogotá,Approved,00,False,,,
TRX-XWQXWZPJW22PX7600QHS,2026-05-27 11:48:26,2026-05-27,PRD-47MNQD9VM3WP,CLI-7ZKW7JAS08C9,Deposit,,594.68,USD,,Web,,,,México,Puebla,Approved,00,False,26.34,,
TRX-IB6FSBIOILZT9CKLHYXV,2026-05-27 20:06:20,2026-05-27,PRD-BBCYIEA0S8FT,CLI-PAITY49FB2VW,Deposit,,596521.4,ARS,1704.35,POS,,,,Argentina,La Plata,Approved,00,False,22.69,,
TRX-PQAIBNFJ6PQLT2W4NVVI,2026-05-28 05:22:33,2026-05-27,PRD-CFGZRMEQ9XPX,CLI-PMCF5EDW4QD6,Purchase,Services,256.51,USD,,ATM,,Servicios Públicos,Services,México,Guadalajara,Approved,00,False,1.22,-0.1593725,-0.4043483
TRX-2GKEOR7QI2WVHJE590KX,2026-05-28 03:26:51,2026-05-27,PRD-XPDDYGNG5EYZ,CLI-JDTZIT1IN92V,Deposit,,16990938.3,COP,4247.73,App,,,,Colombia,Medellín,Approved,00,False,,,
TRX-MDFULE12I8V942C8DN9J,2026-05-28 05:05:24,2026-05-27,PRD-HIR13M7E16Y5,CLI-0JCQS5S1FF6N,Withdrawal,,231.31,USD,,POS,,,,México,Querétaro,Approved,00,False,17.66,,
TRX-ITV0479NW5GY2R8SXG1F,2026-05-27 16:51:03,2026-05-27,PRD-I1OW294SSC7S,CLI-L4ORZNPDHFW0,Withdrawal,,361.6,USD,,POS,,,,México,,Approved,00,False,25.97,,-0.7542222
TRX-XSK384M85TUSO0S3ORZJ,2026-05-27 07:42:55,2026-05-27,PRD-1NJ9GR9KC7GU,CLI-DIM5KKE5EGGP,Purchase,Services,95650.57,ARS,273.29,Web,,Servicios Públicos,,Argentina,Córdoba,Approved,00,False,5.99,,
TRX-Z1JT2B3AUK4N5TWK1V9P,2026-05-28 01:46:47,2026-05-27,PRD-8QRHQ6DEECA4,CLI-91O0IDCW6M6Q,Adjustment,,3905444.96,COP,976.36,POS,,,,Colombia,Medellín,Approved,00,False,29.97,,
TRX-YH7S3VYGOS8BN8F8P6XT,2026-05-27 09:20:05,2026-05-27,PRD-AK2I3BDM7JMB,CLI-XKSOEV2XI7WK,Withdrawal,,406.07,USD,,POS,,,,México,Puebla,Approved,00,False,1.79,,
TRX-3HE0QO59O34HNB00D7RO,2026-05-28 03:01:56,2026-05-27,PRD-O7DQXYUMDAVF,CLI-3VQIJDFI0N88,Payment,Transport,552.68,USD,,ATM,SUC-Y15GDF24,,,México,,Approved,00,False,13.63,,
TRX-A31CE4X0XJCTMNNYC96T,2026-05-27 22:40:29,2026-05-27,PRD-J9P083HYS9XJ,CLI-G52PB5FO52VE,Transfer,,386265.52,ARS,1103.62,POS,,,,USA,Los Angeles,Approved,00,False,21.5,,
TRX-GA2Z68S6888MVPNRMIAO,2026-05-28 03:34:27,2026-05-27,PRD-EVCNUE8K2Q46,CLI-T6RRSRJN8VQ9,Withdrawal,,69004.09,ARS,197.15,Web,,,,Argentina,La Plata,Approved,00,False,26.29,,
TRX-2GIONLNVKTO0IZJJZM6I,2026-05-28 04:30:15,2026-05-27,PRD-UHCV7YLNWY99,CLI-A5OOFCD59WF2,Payment,Entertainment,6294775.15,COP,1573.69,ATM,SUC-U5SARN4H,,,Colombia,Medellín,Approved,00,False,25.86,,
TRX-YC25J8QJKSKC5UEVE5S9,2026-05-28 04:31:56,2026-05-27,PRD-TA2GT053IXUW,CLI-ZJWDEH5J8DHU,Purchase,Food,15469.21,ARS,44.2,Transfer,,Mercado Central,Food,Argentina,Rosario,Approved,00,False,5.69,,
TRX-D6J45OIY3H8DZHWFPEI7,2026-05-28 05:31:38,2026-05-27,PRD-S32G2OX1OL38,CLI-0E2ZG6ECMHHX,Transfer,,11872818.94,COP,2968.2,POS,,,,Colombia,Cali,Approved,00,False,18.0,,
TRX-8WVK0DZ9S3F0QQ7QLU5Y,2026-05-28 04:50:15,2026-05-27,PRD-OGQNG3UI6GTA,CLI-NVZPUG23VVRZ,Withdrawal,,137.26,USD,,Web,,,,México,Guadalajara,Approved,,False,8.37,,
TRX-AHOQ613JWSJOMJ45B4IF,2026-05-28 05:13:57,2026-05-27,PRD-5A0GCJW7O11V,CLI-29LB8OCJRGXB,Purchase,Services,17.09,USD,,Web,,Cable TV,Services,México,Guadalajara,Approved,00,False,,,
TRX-LSXARHTC4LWYIFLNPXXK,2026-05-27 20:00:32,2026-05-27,PRD-0WIS2QGVN79Q,CLI-8URRVABA1WVO,Withdrawal,,124.06,USD,,POS,,,,México,Tijuana,Approved,,False,2.01,0.1519407,-0.9468973
TRX-4TNEXUSZHX97ARVCO595,2026-05-27 10:03:33,2026-05-27,PRD-F1V0IP8PYH25,CLI-RHP0WFDWH88U,Deposit,,2248.59,USD,,Web,,,,México,Tijuana,Approved,00,False,,,
TRX-LAMN24WJYCHT5M3JBH4X,2026-05-27 08:49:53,2026-05-27,PRD-XDFG2428E22U,CLI-TCYLPVM8MH6F,Purchase,Services,10055.93,ARS,28.73,ATM,SUC-V5DT47YR,Servicios Públicos,Services,Argentina,Córdoba,Approved,00,False,,,
TRX-OWWYVR2JWSTFNO08VI2D,2026-05-28 01:03:34,2026-05-27,PRD-SII0MUK06POW,CLI-HOMZ2O7QEWUY,Transfer,,2483207.17,ARS,7094.88,POS,,,,Argentina,La Plata,Approved,00,False,9.21,,
TRX-35M5C86AJV5BKDHH7T8R,2026-05-27 15:12:13,2026-05-27,PRD-4Q6GDHM4N7VL,CLI-U9G8LKNA902V,Withdrawal,,198.66,USD,,POS,,,,México,Querétaro,Approved,,False,20.68,,
TRX-O2R6NY88OOFBRE2JWKZK,2026-05-27 14:13:26,2026-05-27,PRD-ZZXUX91ZQQJU,CLI-9HG3WNN31UGO,Purchase,Food,207.55,USD,,POS,,Restaurante El Buen Sabor,Food,México,Monterrey,Approved,00,False,4.87,,
TRX-OFN3D2QTVNRS7LM9YBP0,2026-05-28 03:02:44,2026-05-27,PRD-CVL65PG2VVC3,CLI-D1EJ7LH81HUK,Withdrawal,,257.93,USD,,Web,,,,México,Puebla,Approved,,False,,,
TRX-A0BK32XM1C6RXXG3UY14,2026-05-28 04:47:37,2026-05-27,PRD-KJQLH2LCS9OV,CLI-JSN5YI7OBX5D,Purchase,Transport,47213.93,COP,11.8,ATM,,Estación de Servicio,Transport,Colombia,Cartagena,Approved,00,False,,,
TRX-XK9Q9FX8LFELOIEJBK48,2026-05-27 17:51:51,2026-05-27,PRD-WRHN7AX8JTR8,CLI-55645V9HMKJS,Purchase,Services,76897.53,COP,19.22,ATM,,Cable TV,Services,Colombia,Medellín,Approved,00,False,9.5,,
TRX-UJ16ZLQ02JS7KENH32P1,2026-05-27 10:22:25,2026-05-27,PRD-10XS0BUNDPOR,CLI-MPZSNSJQKVEY,Withdrawal,,192.32,USD,,ATM,SUC-1DANZ3LD,,,México,,Approved,00,False,18.59,,
TRX-QEYPB2W67U1944TEU6GT,2026-05-28 05:03:10,2026-05-27,PRD-BHYTQ5NEMZ0J,CLI-P11UBOQ60X5I,Deposit,,181842.15,ARS,519.55,ATM,SUC-JH2YV47F,,,Argentina,Mendoza,Approved,00,False,24.69,,
TRX-SUUJ0D2NV1DPCZ14Q3E5,2026-05-28 04:06:15,2026-05-27,PRD-RWR2F5GX1NJ4,CLI-8SR1MSRKJIV5,Deposit,,2099.34,USD,,Web,,,,Argentina,Córdoba,Approved,00,False,14.49,,
TRX-VV3H0OC34EV8XJ149ZFG,2026-05-27 16:55:28,2026-05-27,PRD-FIR2W4BBH1HP,CLI-05S84RHFGGBK,Purchase,Services,65.86,USD,,App,,Empresa Telefónica,Services,México,Querétaro,Approved,00,False,16.04,,
TRX-QTV72Z2ZUWKUZ4IB4SF6,2026-05-27 08:57:42,2026-05-27,PRD-H5IS3PH3MCZ6,CLI-ZGJ4NE83HFQU,Adjustment,,69889.67,ARS,199.68,ATM,SUC-4JYR8GOV,,,Argentina,Rosario,Approved,00,False,28.25,,
TRX-GGGXVA0AR7YRKBK9AK6U,2026-05-28 03:29:29,2026-05-27,PRD-HFCYZCBZI6IP,CLI-JYDDHG0MDX0E,Withdrawal,,200.25,USD,,ATM,SUC-V5DT47YR,,,Argentina,Mendoza,Approved,00,False,14.39,,
TRX-FY7KMBBJNWGGI0A05U7P,2026-05-27 07:25:00,2026-05-27,PRD-LOZX66759MQX,CLI-9TB164D1AB4W,Payment,Services,1581.63,USD,,POS,,,,México,Tijuana,Approved,00,False,12.83,,
TRX-ZGOQ16CMN5QSCW9Q6U17,2026-05-27 21:24:21,2026-05-27,PRD-KGBDYYGCAS1X,CLI-2430E99SQYNJ,Transfer,,5406.3,USD,,Web,,,,México,Puebla,Approved,00,False,22.19,,
TRX-K5E2XXXQOHVAL0OZ2QXP,2026-05-28 01:35:31,2026-05-27,PRD-HI6VIG8YQSAN,CLI-6FG52MLG0EUT,Deposit,,1282.72,USD,,ATM,SUC-W04NBWY9,,,México,,Approved,00,False,,,
TRX-14D19LJHLWKM1VSCPGQH,2026-05-27 10:11:36,2026-05-27,PRD-LU3XLKGC30MH,CLI-A3LUJ73AU69O,Payment,Transport,6176135.05,COP,1544.03,POS,,,,Colombia,Bogotá,Approved,00,False,22.55,,
TRX-GJA3D50IJGN4WUUBA49D,2026-05-27 17:41:12,2026-05-27,PRD-MWB0X0BV0TFT,CLI-0CKSP2N65MVD,Withdrawal,,163043.78,ARS,465.84,POS,,,,Argentina,Rosario,Approved,00,False,28.55,-35.1462316,-58.8273874
TRX-RASLDZZDL5KPNG8JAM23,2026-05-27 20:29:02,2026-05-27,PRD-P6SVWKGMAMWD,CLI-NYPWMQNY5WKF,Purchase,Services,14054.47,ARS,40.16,Web,,Servicios Públicos,Services,Argentina,La Plata,Approved,00,False,7.81,,
TRX-0U0K4Q232C9CHNKBQ0H7,2026-05-27 12:05:47,2026-05-27,PRD-L1S8G3ABCVJF,CLI-CCPNMYWFICXF,Purchase,Services,168.43,USD,,POS,,Servicios Públicos,Services,Argentina,Mendoza,Approved,00,False,,,
TRX-JBVFDM7RZEKQX5616LN6,2026-05-27 17:05:38,2026-05-27,PRD-M29E621KG8ZT,CLI-RTGEC2QZ8S67,Purchase,Health,365.1,USD,,POS,,Laboratorio Central,Health,México,Puebla,Approved,,False,17.7,,
TRX-17WB25N87KCKE7NIYBHJ,2026-05-27 11:05:27,2026-05-27,PRD-BH4VKQ9REYI8,CLI-DC1JXIC96RVT,Payment,Transport,602.77,USD,,POS,,,,México,Ciudad de México,Approved,00,False,23.53,,
TRX-SO1RV38U2ODG6O2AFN4U,2026-05-27 07:29:26,2026-05-27,PRD-M8TU7YEHX75X,CLI-13XKI05L1MSG,Deposit,,1278.83,USD,,POS,,,,México,Puebla,Approved,00,False,29.13,0.7157601,0.7421527
TRX-P6P1Z7I9I0WNSCR6CJFR,2026-05-27 20:45:10,2026-05-27,PRD-EL0OYIBXAX0B,CLI-HFLF1Q775WZ3,Deposit,,15738780.75,COP,3934.7,App,,,,Colombia,Cali,Approved,00,False,27.52,,
TRX-08BASQEF0G8KYIACNL1G,2026-05-27 16:22:33,2026-05-27,PRD-OHVGIHZEGVBG,CLI-HPFHVYQAI6NQ,Transfer,,9627.81,USD,,Web,,,,México,Querétaro,Approved,00,False,,,
TRX-0XTQ20R2QILAG36ESEKM,2026-05-28 02:59:59,2026-05-27,PRD-51NTO09HN4MV,CLI-6UULQN67H0YW,Purchase,Other,47988.13,ARS,137.11,ATM,SUC-V5DT47YR,Ferretería,Other,Argentina,Córdoba,Approved,00,False,19.35,-34.5789544,-58.2041435
TRX-844GHLM8Y4GQ7I2FJHL5,2026-05-27 11:35:52,2026-05-27,PRD-506L8SIE3870,CLI-JGRBYOGZPPVO,Deposit,,4016.33,USD,,App,,,,México,Monterrey,Declined,05,False,27.54,,
TRX-LO5T99YG50EZ05Q8DJ1K,2026-05-27 08:28:33,2026-05-27,PRD-G23HYCZVRX03,CLI-8TEOXSRLLU39,Transfer,,2479686.97,ARS,7084.82,App,,,,Argentina,La Plata,Approved,00,False,2.77,,
TRX-AFOSBKDWJ2TNILNLKPP9,2026-05-27 16:24:36,2026-05-27,PRD-PMX72OQ48J0Y,CLI-MBKIKQN0NOIS,Payment,Entertainment,143602.05,ARS,410.29,ATM,,,,Argentina,Rosario,Approved,00,False,9.93,,
TRX-FAUV9Q72OQG2AA8M94WB,2026-05-27 10:53:07,2026-05-27,PRD-QSC7NNSV3830,CLI-K0Y8GM48VFIT,Deposit,,1536010.96,ARS,4388.6,ATM,SUC-VPCJ60UW,,,Argentina,Rosario,Approved,00,False,1.99,,
TRX-QBLDEKS5OQ60UKEBJFUP,2026-05-28 00:09:27,2026-05-27,PRD-F4UJPBAAMNK5,CLI-6VHKQB8LXJ0O,Withdrawal,,402.84,USD,,Web,,,,USA,,Approved,00,False,23.57,,
TRX-9QOWNWQEJJH6OTXNPD7D,2026-05-27 08:06:22,2026-05-27,PRD-D47TV4PXLAA2,CLI-I89J2OVQM2QV,Transfer,,2992.72,USD,,POS,,,,México,Guadalajara,Approved,00,False,3.61,,
TRX-RBAK8UVUAEVLWLFUYGZG,2026-05-27 20:41:42,2026-05-27,PRD-R90KQ1RH7NWK,CLI-MJMGMKJNV5S3,Purchase,Other,166733.18,ARS,476.38,POS,,Tienda General,Other,Argentina,Mendoza,Approved,00,False,13.17,-35.0051952,-59.2244235
TRX-MZ4QYOJTRH5ZPVJTK3SA,2026-05-27 20:45:52,2026-05-27,PRD-C9AAGFJZH11P,CLI-JF0EPYEFVLVX,Withdrawal,,768341.54,COP,192.09,ATM,SUC-X57ITSKO,,,Colombia,Cali,Approved,00,False,,,
TRX-E9H9SVNH2LP2PSLN4PV4,2026-05-28 02:27:12,2026-05-27,PRD-FH581U4TRZFA,CLI-1QFTCTYMXPCR,Payment,Entertainment,109.7,USD,,App,,,,México,Monterrey,Approved,00,False,,,
TRX-KLBQVFZDZ8120UR7IOKJ,2026-05-27 06:39:28,2026-05-27,PRD-S8W0STS6B99K,CLI-EO679P1CIIVL,Deposit,,1015840.13,ARS,2902.4,POS,,,,Argentina,Rosario,Approved,00,False,3.34,,
TRX-ZIVOYEW3G5I6OCM32Q81,2026-05-28 04:40:33,2026-05-27,PRD-VQANHQT5GFEW,CLI-G77ELPTZS4RC,Payment,Food,545.46,USD,,POS,,,,México,Monterrey,Approved,00,False,,,
TRX-LLL37V6W5UMTVR6632A5,2026-05-27 20:55:18,2026-05-27,PRD-3ZFZTTKGZQ2M,CLI-14HMD6ND4IO2,Purchase,Food,379.97,USD,,Branch,SUC-H4WPLB7O,Mercado Central,Food,Colombia,Cartagena,Approved,00,False,9.51,,
TRX-G1977V8UL40MS9RTHYVC,2026-05-27 20:33:00,2026-05-27,PRD-CDVFBNHKEWAM,CLI-61TAW2LK8B45,Transfer,,8720.27,USD,,ATM,SUC-BGMBLKDB,,,México,Guadalajara,Approved,00,False,21.79,-0.6188384,-0.2846005
TRX-DQSOAQ55DUJJXVUY1NCW,2026-05-27 06:03:43,2026-05-27,PRD-442XP5AB6WZC,CLI-PJXX5FBJJXF5,Transfer,,8301.8,USD,,App,,,,México,Guadalajara,Approved,00,False,,,
TRX-O1SFPFC6ERHEOX6EZ35I,2026-05-27 23:49:49,2026-05-27,PRD-P54VDDCF78Y4,CLI-7WPCI7D1O9S2,Transfer,,2930.64,USD,,ATM,SUC-ZAMLQY77,,,México,Puebla,Approved,00,False,23.35,0.0937383,0.9486715
TRX-1CJ80GULHHFYOR2HHNGK,2026-05-27 09:20:13,2026-05-27,PRD-OBQE5TYJQ4SV,CLI-JN18RJCF8NIB,Payment,Food,548714.4,ARS,1567.76,Web,,,,Argentina,Rosario,Approved,00,False,2.51,,
TRX-4NWLG4CJH9X7A8C3BG2V,2026-05-27 17:12:52,2026-05-27,PRD-H7423HQ9SFL9,CLI-H497MFRI4LSQ,Transfer,,1180862.96,ARS,3373.89,Web,,,,Argentina,Córdoba,Approved,00,False,,,
TRX-6WHDRMNKSVZOGLR72XIL,2026-05-28 01:20:30,2026-05-27,PRD-ZAMBHL9JU9WU,CLI-R7V88SZRB80M,Deposit,,2507.95,USD,,Web,,,,México,Puebla,Approved,,False,,,
TRX-U8L9N4RW51SHN3XXQHLJ,2026-05-27 12:47:47,2026-05-27,PRD-HELKA6DSU74G,CLI-AX3F8KHOIX55,Deposit,,5764170.99,COP,1441.04,Transfer,,,,Colombia,,Approved,00,False,29.56,,
TRX-P5TKI3Y7JNTP28VO0FST,2026-05-27 20:55:02,2026-05-27,PRD-K142Q55PLEFE,CLI-A1DNPRDDOPF1,Withdrawal,,177.32,USD,,App,,,,México,Monterrey,Approved,00,False,3.08,,
TRX-JS4P5ELPZQIT2TQ48YNR,2026-05-27 07:25:51,2026-05-27,PRD-DEL90CYTBRQZ,CLI-CI96YQ02YVYZ,Withdrawal,,143239.25,ARS,409.25,POS,,,,Argentina,La Plata,Approved,00,False,3.3,,
TRX-XK4JWPTVNJONZQFQBSEQ,2026-05-28 05:01:37,2026-05-27,PRD-PMTVYBRTGKL8,CLI-D8FDHJT13ALC,Payment,Health,462802.28,ARS,1322.29,App,,,,Argentina,Mendoza,Approved,00,False,12.04,,
TRX-0GAYGP465TBPIK83569X,2026-05-27 23:46:45,2026-05-27,PRD-EDSWOL31EHIC,CLI-JBWOAMZWOT04,Transfer,,1693.31,USD,,Branch,SUC-6RHR3MME,,,México,Tijuana,Approved,00,False,8.57,,
TRX-Q9P1RJ9XXJMJX4X97FK5,2026-05-27 19:57:27,2026-05-27,PRD-3Y28PRW8IM6Q,CLI-21NLHV2U59FL,Withdrawal,,378.93,USD,,ATM,,,,México,Querétaro,Declined,05,False,16.58,,
TRX-HMQGBE6G37ARRQ2UQX2C,2026-05-27 14:57:44,2026-05-27,PRD-SUEBNNP4JEKP,CLI-RAOOKQ0CUF4J,Purchase,Food,297.54,USD,,POS,,Mercado Central,Food,México,Puebla,Approved,00,False,26.22,,
TRX-3WEORSDJ7PYQ6S4RSG6Q,2026-05-27 22:12:56,2026-05-27,PRD-YYZI5WDLP95H,CLI-7HOAVG8CYIHC,Purchase,Services,152303.91,ARS,435.15,Web,,Empresa Telefónica,Services,Argentina,La Plata,Approved,00,False,17.98,,
TRX-1P6AQFGEQ0K1F7R13POV,2026-05-28 01:47:01,2026-05-27,PRD-3NGSXBY5WHO4,CLI-GVFUT5MS4D7W,Transfer,,5890683.95,COP,1472.67,ATM,SUC-5AXOWGN3,,,Colombia,Barranquilla,Approved,00,False,17.25,,
TRX-HQ0W6FA9JK2B3VXZ1XU0,2026-05-27 09:57:22,2026-05-27,PRD-XF5EQ8MMDF3V,CLI-ZR3C9QM5TTNZ,Deposit,,349160.36,ARS,,ATM,SUC-7L3EZA71,,,Argentina,Mendoza,Approved,00,False,,,
TRX-C921IQDX4ZOUD49WRFOK,2026-05-27 08:30:20,2026-05-27,PRD-Y3YZN2FF4Y14,CLI-JK2PT12QK6XX,Payment,Entertainment,782.12,USD,,App,,,,México,Tijuana,Approved,00,False,13.49,,
TRX-36I3JICSVFVMMTIRYZND,2026-05-27 08:17:39,2026-05-27,PRD-1WHWWN4LVQA8,CLI-A5UDDIDW88VZ,Transfer,,2151859.14,ARS,6148.17,POS,,,,Argentina,,Approved,00,False,,,
TRX-PAMBIALTQ3LYCMYO857A,2026-05-27 08:24:44,2026-05-27,PRD-VO4SX9OC3Y72,CLI-CGPXFVHJUUTW,Transfer,,344414.24,ARS,984.04,Web,,,,Argentina,Mendoza,Approved,00,False,16.79,,
TRX-OR2DACKDJMRAEG8ULUT4,2026-05-27 18:17:53,2026-05-27,PRD-O87FQTWGDN2B,CLI-NEMMQ0JNXOGQ,Payment,Services,1953.23,USD,,POS,,,,México,,Approved,,False,,-0.826129,0.4454484
TRX-OSK4GRBCQ59RRKEYPWK8,2026-05-27 22:18:26,2026-05-27,PRD-WY7TXE76VP6J,CLI-S6HZ3MKV2HO5,Purchase,Other,205019.67,COP,51.25,ATM,SUC-UJA1ZE8Q,Ferretería,Other,Colombia,Cali,Approved,00,False,13.91,3.8619883,-74.9630563
TRX-MJ961B3YD5ED24I8P7FW,2026-05-28 01:59:47,2026-05-27,PRD-HE2XOQ7U8P3O,CLI-FCX1UJ822ACO,Purchase,Services,1444140.85,COP,361.04,ATM,SUC-U7NNFMS6,,Services,Colombia,Cartagena,Approved,00,False,21.33,,
TRX-Q433CPG0JV16XE7PRAT9,2026-05-27 21:50:07,2026-05-27,PRD-DK80K3MVIX2Y,CLI-U7OUXWO4WCDD,Transfer,,3477.58,USD,,ATM,SUC-KX44GJKB,,,México,Monterrey,Approved,00,False,11.48,,
TRX-RYVLA29LP3LZ9HPX60K7,2026-05-27 18:55:22,2026-05-27,PRD-7QW4B8EEIM71,CLI-WUHLQS7L6DAN,Transfer,,35923978.98,COP,8980.99,POS,,,,Colombia,Cartagena,Approved,00,False,3.24,,
TRX-N8QTVW7GRYWFA2W2OY19,2026-05-27 18:07:49,2026-05-27,PRD-AS9P4C873YE2,CLI-TMV6L1E50AB7,Payment,Food,4780660.37,COP,1195.17,Web,,,,Colombia,Medellín,Approved,00,False,22.73,,
TRX-5E3B89QKGIBX1IWH3SJ7,2026-05-27 15:01:07,2026-05-27,PRD-UJNFSJUFCYO6,CLI-8VW4Y4HO9ZE2,Withdrawal,,72921.32,ARS,208.35,ATM,SUC-XCP0A6C8,,,Argentina,La Plata,Approved,00,False,4.88,-35.5696671,-57.9783429
TRX-UJT9XMGG8649GJ5GS5NG,2026-05-27 14:30:34,2026-05-27,PRD-D1GT99BYNKES,CLI-XZXF1YTA3LRZ,Deposit,,2376.67,USD,,Web,,,,México,Ciudad de México,Approved,00,False,,,
TRX-NP6RHGN5GF55WWMESONX,2026-05-27 06:31:45,2026-05-27,PRD-YBEIIW7ZM1X3,CLI-B0MLELDZJQAJ,Withdrawal,,401.42,USD,,POS,,,,México,Querétaro,Approved,00,False,5.55,,
TRX-5JH92QW3B1VN9KWONRAZ,2026-05-28 01:06:25,2026-05-27,PRD-F8IV65VG9MTB,CLI-N63WOM3SWT1A,Transfer,,32766631.63,COP,8191.66,ATM,SUC-LBZFJAU6,,,Colombia,Medellín,Approved,00,False,,,
TRX-V07DUVUNWMUOR4MRSK4M,2026-05-27 09:33:03,2026-05-27,PRD-9MPZH2IE5EY6,CLI-2096DYYH0205,Transfer,,1878.14,USD,,App,,,,México,Guadalajara,Approved,00,False,29.78,,
TRX-GWZEW6OOMP62LIS2ZP96,2026-05-27 09:47:01,2026-05-27,PRD-ILKPS59L03CP,CLI-B5T6RWJHK7QR,Purchase,Food,136973.26,ARS,391.35,ATM,SUC-D4W8JR4A,Mercado Central,Food,Argentina,Córdoba,Approved,00,False,,,
TRX-A5N94VH0KBS6I4WN0UX5,2026-05-28 01:14:53,2026-05-27,PRD-KU0BA357ZKI6,CLI-GYK0QC7MZHTD,Withdrawal,,1113583.51,COP,,POS,,,,Colombia,Bogotá,Approved,00,False,12.87,,
TRX-KZTHYHHH8KRD5PILNCHY,2026-05-27 10:50:23,2026-05-27,PRD-D732D8R2KJU4,CLI-L4RP1YKN4ICR,Transfer,,3756.62,USD,,Web,,,,México,,Pending,51,False,20.46,,
TRX-SL0QPSBR439NT2TNLI45,2026-05-27 09:34:16,2026-05-27,PRD-NX868Z0WGLKW,CLI-KF51N91OJ0Q6,Purchase,Entertainment,404.21,USD,,App,,Cine Premium,Entertainment,México,,Approved,00,False,25.89,,
TRX-0U1NNCT036YBLCMGB2DA,2026-05-28 00:08:54,2026-05-27,PRD-2QX0YCTSX10I,CLI-8KXEAQFX5MNK,Purchase,Food,386.57,USD,,Web,,Restaurante El Buen Sabor,Food,México,Puebla,Approved,00,False,5.77,,
TRX-828IBX3CDIE2VYK69D25,2026-05-28 02:38:42,2026-05-27,PRD-3U7E234FHLN8,CLI-F39DJ1M1AN7W,Payment,Health,35736.22,ARS,102.1,Web,,,,Argentina,Mendoza,Approved,00,False,23.88,,
TRX-BBMPQ2T4PHC6HN0GJWOU,2026-05-27 09:37:48,2026-05-27,PRD-0NOA9Z3BM9MP,CLI-KRRJ9Z1R4GXV,Purchase,Food,271.01,USD,,App,,Tienda Don José,Food,México,Monterrey,Approved,00,False,16.09,,
TRX-VG4SRXFPXVPF3XS8YONT,2026-05-27 12:27:57,2026-05-27,PRD-4LR7LO4A4ZI0,CLI-2OKU38V77IID,Transfer,,26412277.53,COP,6603.07,POS,,,,Colombia,,Approved,00,False,6.97,3.933422,-74.7775337
TRX-KAG8M5CT812KMTKTX2ZX,2026-05-27 19:38:28,2026-05-27,PRD-PIO15MX3PL70,CLI-9I1ITLQMHCDE,Purchase,Services,52.35,USD,,POS,,Empresa Telefónica,Services,Argentina,Buenos Aires,Approved,00,False,15.31,,
TRX-XJGMBI9MSNE1X8J8L1OS,2026-05-27 16:17:15,2026-05-27,PRD-GGPYQYLQSY0H,CLI-3M80W08HE6RW,Transfer,,12323107.12,COP,3080.78,ATM,SUC-UNXOS8JB,,,Colombia,Barranquilla,Approved,00,False,4.9,,
TRX-VSDGPB74PS6E5ICXKAIV,2026-05-28 05:10:32,2026-05-27,PRD-IW8VSMH5ZJ9M,CLI-CZ0VBZWWAG96,Deposit,,1495.22,USD,,Web,,,,México,Ciudad de México,Approved,00,False,26.6,,
TRX-0W6C32H0XNTD26YCSKNX,2026-05-27 20:04:36,2026-05-27,PRD-CGZ1IHGQZM1Z,CLI-RA1YV7RJPEMA,Deposit,,3998.88,USD,,POS,,,,México,Guadalajara,Approved,00,False,17.3,,0.2720126
TRX-1L13ODQ7GVMEBED0R6LP,2026-05-27 15:21:50,2026-05-27,PRD-B6I603U2CMWE,CLI-1WR0ZEISY1A6,Withdrawal,,106.51,USD,,Web,,,,México,Tijuana,Approved,00,False,20.27,,
TRX-YFK9TU3U3XEW1BX28TWG,2026-05-27 21:44:36,2026-05-27,PRD-T3U7DNP209T0,CLI-EK788K1ZAK7F,Payment,Health,369510.75,ARS,1055.74,POS,,,,Argentina,Mendoza,Approved,00,False,16.36,,
TRX-E744JQVN4R0Y51GCWALD,2026-05-27 19:31:17,2026-05-27,PRD-0U5006LU0CZE,CLI-6UGQJ6GLJO6X,Payment,Services,4159292.51,COP,,App,,,,Colombia,Bogotá,Approved,00,False,12.13,,
TRX-YSKUJ3I6PJ2IB4OECFW7,2026-05-27 22:40:11,2026-05-27,PRD-CBUOSNGRY4ZZ,CLI-LQE3732A9N5N,Deposit,,1353127.94,ARS,3866.08,Transfer,,,,Argentina,Rosario,Approved,00,False,12.43,,
TRX-WB93AXXTWA55TIKZ53HO,2026-05-28 00:28:06,2026-05-27,PRD-WZM9MPM4A6SK,CLI-W5QI03QPCNAV,Transfer,,2958788.03,COP,739.7,Web,,,,Colombia,Medellín,Approved,,False,,,
TRX-PYD6F064XKW6F7O3PYJS,2026-05-27 21:59:49,2026-05-27,PRD-H6CYOI5YAM4G,CLI-70N5OYJK472H,Transfer,,3343587.86,ARS,9553.11,ATM,SUC-10TO2Y3U,,,Argentina,Rosario,Approved,00,False,,-33.7043292,-57.4563083
TRX-3ACTJSGSDS4CXOUSFB75,2026-05-27 13:48:35,2026-05-27,PRD-ZTFPYA0FTOJ7,CLI-JE4OSHJ2ZJZL,Withdrawal,,300.37,USD,,ATM,SUC-H4YG9DLY,,,México,Ciudad de México,Approved,00,False,26.03,,
TRX-QQ80T0JCJYV9JNJCEA30,2026-05-27 22:45:07,2026-05-27,PRD-QMKGM5H7BAHB,CLI-RU5CGXZPT0G8,Withdrawal,,1739470.05,COP,434.87,Web,,,,Colombia,Cali,Declined,14,False,28.55,,
TRX-XF8UYACTB669W3F21PRU,2026-05-27 11:17:18,2026-05-27,PRD-IOYSRUPV736Q,CLI-GWL0E59ZA2I8,Withdrawal,,419.29,USD,,Branch,SUC-LBPQUZ4D,,,México,Querétaro,Approved,00,False,25.03,,
TRX-8LS70XV93QWKEECN8SH6,2026-05-28 01:27:33,2026-05-27,PRD-W6SV5Q06MM05,CLI-8ZV93JZOC1EU,Withdrawal,,1436492.43,COP,,POS,,,,Colombia,Cali,Approved,00,False,,,
TRX-SDRFJT6CFKLUFX3NZDHD,2026-05-27 21:34:32,2026-05-27,PRD-M9DIEP26UNVF,CLI-VT40XG8EM1Y5,Payment,Services,2890363.82,COP,722.59,ATM,SUC-HAC1OZ8F,,,Colombia,Cartagena,Pending,14,False,16.12,4.0881276,-74.1982103
TRX-KFOUS3F1ZWJYJDU455OY,2026-05-27 07:45:47,2026-05-27,PRD-3IFTYOETDCFT,CLI-R6549ITFD6B6,Withdrawal,,143.04,USD,,POS,,,,Argentina,Buenos Aires,Approved,00,False,15.48,,
TRX-OTHLFPDJ3MAFSKDIQEHV,2026-05-27 12:12:00,2026-05-27,PRD-QQ8X4JGKA783,CLI-N3OV5SVFFC1G,Purchase,Transport,298.17,USD,,POS,,Uber,Transport,México,Querétaro,Approved,00,False,19.54,-0.2793944,-0.0229752
TRX-3PJTDEVR3NBY9J4KSI5T,2026-05-27 22:54:23,2026-05-27,PRD-WC2Z75J3R649,CLI-O3CY9IF65YYO,Withdrawal,,304.96,USD,,Web,,,,México,Puebla,Approved,00,False,,,
TRX-L83UYXG61R7CM2AOILL5,2026-05-28 03:00:47,2026-05-27,PRD-46AUHT0GFZG2,CLI-VXZKQFMGK0MR,Withdrawal,,46.29,USD,,ATM,,,,México,Puebla,Approved,00,False,4.87,,
TRX-6EPQ6OORJHPQSN562I72,2026-05-27 16:11:27,2026-05-27,PRD-9CX2UXSTQF9X,CLI-5SLHTY696WHE,Withdrawal,,116613.88,ARS,333.18,Web,,,,Argentina,La Plata,Approved,00,False,3.89,,
TRX-4T71PTNJIULIN59ZP066,2026-05-28 03:50:18,2026-05-27,PRD-EQL6NGM25HEZ,CLI-RM3BKZHLG6DU,Purchase,Transport,1079038.39,COP,269.76,Web,,Estación de Servicio,Transport,Colombia,Cali,Approved,00,False,27.02,,
TRX-4DWGJ0HV0WG0SI6RW61Q,2026-05-27 19:26:06,2026-05-27,PRD-JLGJ1CPH8JS2,CLI-XA9HDNKIFCKC,Payment,Entertainment,1117.77,USD,,ATM,SUC-P5YISP64,,,México,Querétaro,Approved,00,False,0.05,,
TRX-7PXGI689GRQGJOAGMWU7,2026-05-27 13:18:06,2026-05-27,PRD-TUNAX2YSC46J,CLI-L6NZ64LOSWQG,Adjustment,,157594.56,ARS,450.27,ATM,SUC-ZSZKWMJL,,,Argentina,Rosario,Approved,00,False,20.01,,
TRX-3CM0WBY7JKCVIMXCXXRM,2026-05-27 11:05:18,2026-05-27,PRD-PKTZMLQ6ERHM,CLI-SC39MCT0HJW7,Transfer,,14502243.38,COP,3625.56,ATM,SUC-H2ROE7C8,,,Colombia,Cartagena,Approved,00,False,1.3,,
TRX-UD1DOHHNQBOM029XXF3R,2026-05-27 14:25:37,2026-05-27,PRD-UNCZC6ICOFU3,CLI-4DLCICAC6R9S,Deposit,,8569599.67,COP,2142.4,Branch,SUC-H9U13579,,,Colombia,,Declined,54,False,12.44,,
TRX-H85ZREK3ACE0JL93S5YE,2026-05-27 14:57:31,2026-05-27,PRD-W7RZYEM6J86C,CLI-U2DIOSJ8YRS0,Purchase,Services,402.74,USD,,ATM,SUC-XAEWUJQS,Empresa Telefónica,Services,México,Ciudad de México,Approved,00,False,19.83,0.760599,-0.3217534
TRX-0LZ35QFTY40ZM06XEXHB,2026-05-28 04:15:30,2026-05-27,PRD-6E1LGCL87OQ2,CLI-DNU93B4BWHBR,Purchase,Other,22750.63,ARS,65.0,Branch,SUC-HYTTI82L,Centro Comercial,Other,Argentina,Mendoza,Approved,00,False,15.85,-33.6413793,-59.1427426
TRX-MRTOOLOEF1K9MZ725UV9,2026-05-27 16:10:23,2026-05-27,PRD-J17O3FW4QC4S,CLI-ROKTOVQMBO25,Payment,Entertainment,3521050.84,COP,880.26,POS,,,,Colombia,Barranquilla,Approved,00,False,26.45,,
TRX-63IYP6HZYHKSN4KL9IZF,2026-05-27 14:06:29,2026-05-27,PRD-OFDUESTNP2J9,CLI-KY0NR1LX84MZ,Transfer,,9559.17,USD,,Web,,,,México,Ciudad de México,Approved,00,False,12.16,,
TRX-157HJQGZV828TX98JVPU,2026-05-27 12:41:12,2026-05-27,PRD-RBLZHCH413R8,CLI-YAJLFI5NIMR0,Deposit,,593719.06,COP,148.43,Web,,,,Colombia,Bogotá,Approved,00,False,18.56,,
TRX-V555C4NI3GYXFLEYEFZW,2026-05-27 10:11:48,2026-05-27,PRD-77D5CNRJ6765,CLI-LM0SA9WHART8,Purchase,Transport,1258017.17,COP,314.5,POS,,Estación de Servicio,,Colombia,Cartagena,Approved,00,False,13.5,,
TRX-GW47NTLF3FSY9LBAQ6TO,2026-05-27 16:36:42,2026-05-27,PRD-VVKP9G7Y22PA,CLI-KPRYPCBQP5LM,Adjustment,,60.7,USD,,ATM,SUC-DYPJLQVN,,,México,Puebla,Approved,00,False,17.26,,
TRX-E6J1H6YNMK4IEENHJX3Q,2026-05-27 13:20:36,2026-05-27,PRD-77SKGADBEDVM,CLI-EH7FQTW2TU7L,Transfer,,4870.38,USD,,Web,,,,México,Querétaro,Approved,00,False,,,
TRX-VRNX38L8HSCH3X543D6O,2026-05-28 03:09:08,2026-05-27,PRD-YVJZPDUGDSEO,CLI-9HYXBDQG2K18,Purchase,Other,356.47,USD,,POS,,Ferretería,Other,México,Monterrey,Approved,00,False,4.05,-0.241257,-0.7988535
TRX-VQLZLW7BHURTT144X6L9,2026-05-28 05:43:45,2026-05-27,PRD-3I9UA78IGMDM,CLI-JHGWH42QGIWF,Transfer,,1907602.08,ARS,5450.29,POS,,,,Argentina,Córdoba,Approved,00,False,,,
TRX-237SGGBTCTUTBA2YXPMX,2026-05-27 20:41:32,2026-05-27,PRD-ACYB2UO8OMB3,CLI-ZVG8QJSD6TDS,Payment,Services,2019770.95,COP,504.94,App,,,,Colombia,Cartagena,Approved,00,False,7.66,,
TRX-9UCI1H663W4S97ZXUKFV,2026-05-27 19:21:08,2026-05-27,PRD-Z7B31MH7ASM8,CLI-9JCE99QO1EJK,Purchase,Other,564783.13,COP,141.2,Transfer,,Ferretería,Other,Argentina,Córdoba,Approved,00,False,29.07,,
TRX-YIP8H4HKZS2DC6R5H1GR,2026-05-28 04:34:58,2026-05-27,PRD-4G44V6L3714M,CLI-EQO82G7KCL0F,Transfer,,2321597.34,ARS,6633.14,ATM,SUC-7HQXDYLE,,,Argentina,Rosario,Declined,54,False,29.5,,
TRX-DJW5IZA3ZL5IZYSC1ALW,2026-05-28 05:07:33,2026-05-27,PRD-I16S4TVFIMJO,CLI-9E71EVEE5B50,Withdrawal,,528247.59,COP,132.06,POS,,,,Colombia,Bogotá,Approved,00,False,14.1,,
TRX-G0GH10MUSNG70H54OWDX,2026-05-27 15:15:40,2026-05-27,PRD-JHH0WQRN4IJ3,CLI-YDCWPP314699,Payment,Health,50.82,USD,,ATM,SUC-YJSI0V1D,,,México,,Approved,00,False,11.58,0.592106,0.6911067
TRX-07CJXKO173E18J1QHSIW,2026-05-27 22:06:56,2026-05-27,PRD-UK2W1LHLWY9C,CLI-WTGS8N5H52I0,Transfer,,8170.32,USD,,ATM,SUC-CUMTPAM3,,,México,Monterrey,Approved,00,False,29.81,-0.6169986,-0.5477962
TRX-8PVV2Y2VN0ERQN6TSPIA,2026-05-27 08:54:31,2026-05-27,PRD-7EUQ3Z7A1566,CLI-6Y5ZVM2ESMFG,Transfer,,27403378.79,COP,6850.84,POS,,,,Spain,Sevilla,Approved,00,False,29.63,,
TRX-IRANOPJWHGE28F9GFVYO,2026-05-27 18:44:34,2026-05-27,PRD-K1YPP04HS66Z,CLI-0RQC93WYRTH6,Deposit,,2761.37,USD,,POS,,,,México,Querétaro,Approved,00,False,27.97,0.9245195,-0.4679349
TRX-URGV1VTUQW97B7SQ9QFU,2026-05-28 01:56:30,2026-05-27,PRD-KHFVMC13MYV7,CLI-DVKNFXSKSGZI,Transfer,,1791.04,USD,,Branch,SUC-BSMTX3U8,,,México,Monterrey,Approved,00,False,28.9,,
TRX-1513IL951BDXL94CS150,2026-05-27 20:35:05,2026-05-27,PRD-GNK1KHVX3FPO,CLI-H54VPWT4QGYG,Purchase,Other,444.67,USD,,Web,,Boutique Moda,Other,México,Puebla,Approved,00,False,15.24,,
TRX-8GF410GJ354RE5LFJFV3,2026-05-27 18:20:56,2026-05-27,PRD-3JZ4G3BKK4AP,CLI-4AF3FH0H6QJG,Withdrawal,,208.55,USD,,POS,,,,México,Puebla,Approved,00,False,9.75,,
TRX-P3QBY08USCVK8QJS2J5B,2026-05-27 10:33:15,2026-05-27,PRD-32SU3GWKU06Q,CLI-XFWR24BQR537,Purchase,Entertainment,147.86,USD,,App,,Cine Premium,Entertainment,México,,Declined,51,False,0.24,,
TRX-QM5SAMN9FPPXZ64DVX6E,2026-05-28 05:51:13,2026-05-27,PRD-WAEGDCQL0UCM,CLI-NQATDLBCXIJM,Deposit,,7633432.27,COP,1908.36,ATM,SUC-E5CCM8ZI,,,Colombia,Bogotá,Approved,00,False,,,
TRX-VEF1MJME8L0A7YO9IUKQ,2026-05-27 13:17:04,2026-05-27,PRD-RWETWBT0HVAD,CLI-XRAIIQYF2PXQ,Withdrawal,,1388998.05,COP,347.25,App,,,,Colombia,Bogotá,Approved,00,False,25.43,,
TRX-15QQD0ET71Q5KA56N63B,2026-05-27 13:10:58,2026-05-27,PRD-CN7K4P2PNUA1,CLI-4EI57ZFML4LR,Purchase,Food,230.07,USD,,Web,,Restaurante El Buen Sabor,Food,Argentina,Rosario,Approved,00,False,25.84,,
TRX-4C8UX5VM9O3NPORJRGNU,2026-05-27 19:37:57,2026-05-27,PRD-WEKTLB8VXDX4,CLI-QB4A4JPEET2V,Purchase,Services,410.13,USD,,POS,,Internet Plus,Services,México,Tijuana,Declined,51,False,4.49,,
TRX-9UIKZ8XK5FGIP42O4OT0,2026-05-27 20:25:33,2026-05-27,PRD-DV8D0CXJKL0P,CLI-IVOX0CSFWA2R,Transfer,,457.97,USD,,ATM,,,,México,Querétaro,Approved,00,False,22.98,0.1752904,0.9991837
TRX-BGZ6SHRXLQEEK1YSWLPW,2026-05-28 05:13:00,2026-05-27,PRD-52EXHEFTC443,CLI-R3SY8PQTXHHM,Payment,Other,6540824.46,COP,1635.21,App,,,,Colombia,Barranquilla,Approved,00,False,,,
TRX-P8PCL1TP7ZKUIBL0Q0H7,2026-05-27 18:22:52,2026-05-27,PRD-MTN54FG5BVAE,CLI-C6L3DX0TZINQ,Payment,Health,1314.68,USD,,POS,,,,México,Guadalajara,Approved,00,False,14.08,-0.7749809,-0.9351102
TRX-P6LN37FOIFXOHBAWFPFG,2026-05-27 15:55:09,2026-05-27,PRD-YAOGQGB62A4D,CLI-WU1X0ER0UXXN,Transfer,,30609842.13,COP,7652.46,Transfer,,,,Colombia,Bogotá,Approved,00,False,21.59,,
TRX-RP6I7GQ4MIIWW9PQ47P7,2026-05-28 03:34:33,2026-05-27,PRD-6EVK58FJ0M8U,CLI-ZELP7F4649NL,Transfer,,466285.32,ARS,1332.24,Web,,,,Argentina,Rosario,Approved,00,False,1.48,,
TRX-H96PYB87AN8K1IZ1CBCZ,2026-05-27 22:56:43,2026-05-27,PRD-NNCHR6Y0Q99H,CLI-PZPPHE868DXI,Adjustment,,182.62,USD,,ATM,SUC-57LRN6RH,,,México,Guadalajara,Approved,00,False,8.52,-0.8768654,0.2662407
TRX-CKI25KBT51NMIBOGEBTS,2026-05-27 08:34:57,2026-05-27,PRD-ZFMHIE55XZYQ,CLI-O8V27DXF9GJE,Purchase,,42.24,USD,,POS,,Empresa Telefónica,Services,México,Guadalajara,Approved,00,False,17.97,,
TRX-ZTO5FOEEDQI1U5VIS5MG,2026-05-27 09:31:59,2026-05-27,PRD-A9472CBNQV9H,CLI-7X4J0LE2VXNQ,Payment,Food,583263.91,ARS,1666.47,App,,,,Argentina,Rosario,Approved,00,False,17.54,,
TRX-ZX1XGXMZ1BL8E8M7QZXN,2026-05-27 12:58:45,2026-05-27,PRD-26RXLDT3GQAZ,CLI-Z4SPV8A9LUG1,Transfer,,5019.15,USD,,POS,,,,Colombia,Bogotá,Approved,00,False,,,
TRX-0CIJHBYHZD7B4QOE8AXF,2026-05-28 00:04:36,2026-05-27,PRD-ICR2X6F87GCW,CLI-TH5HAGENZW8I,Transfer,,2660044.6,ARS,7600.13,Web,,,,Argentina,La Plata,Approved,00,False,22.34,,
TRX-CE7BQZWFBWAMZP029L8Y,2026-05-27 10:11:07,2026-05-27,PRD-FVBZEWZHML76,CLI-3B53YLDQOKMD,Purchase,Transport,139097.19,ARS,397.42,POS,,Taxi Seguro,Transport,Argentina,,Approved,00,False,14.29,-33.7328114,-58.6724675
TRX-MQK576R4D6RYVBT2IA1O,2026-05-27 16:09:45,2026-05-27,PRD-5DACK98ZPKIN,CLI-D6LV4FX4402F,Withdrawal,,369.57,USD,,ATM,SUC-F61XHTE2,,,México,Puebla,Approved,00,False,8.17,0.6513778,-0.0867157
TRX-52LDPXUG4AEHVL0FDEAW,2026-05-27 12:53:48,2026-05-27,PRD-AXF02KPBD0GA,CLI-5J1BJU0J62ZN,Deposit,,843686.55,ARS,2410.53,POS,,,,Argentina,Mendoza,Approved,00,False,7.14,-34.4780642,-57.417489
TRX-NC24W6CKXZUGCSNQXPI7,2026-05-27 21:57:37,2026-05-27,PRD-RSBG0S4DRB9S,CLI-N2W09OR2JIIE,Payment,Transport,1405.02,USD,,ATM,SUC-MGUQPIKZ,,,México,,Approved,00,False,0.87,-0.2779399,0.0551135
TRX-ACCMCUMY5P1LXBYWFDWM,2026-05-27 20:02:19,2026-05-27,PRD-T9W3IZQJU9XM,CLI-SFTGLAQGOU3H,Payment,Other,1698.83,USD,,POS,,,,Argentina,,Approved,00,False,9.05,0.8009707,0.7900983
TRX-A0EL7694AAX86YJUZ60R,2026-05-28 03:11:36,2026-05-27,PRD-XGXVX8JUOY1J,CLI-R0MGY8AC1HOM,Purchase,Transport,26862.27,ARS,76.75,ATM,SUC-ZSZKWMJL,Taxi Seguro,Transport,Colombia,Bogotá,Approved,00,False,4.9,,
TRX-D2HKT8ZZ52RXVOPU44OE,2026-05-28 05:27:09,2026-05-27,PRD-IC2YJZS450Z7,CLI-ITZ7P151HPSJ,Purchase,Transport,38024.84,ARS,108.64,ATM,SUC-GKQAVGPP,Gasolinera Express,Transport,Argentina,Mendoza,Approved,00,False,4.11,,
TRX-70M8J20QY9ENR4FLUKT3,2026-05-27 07:45:16,2026-05-27,PRD-5U786K7HCWBQ,CLI-0DC05CHTLYCO,Transfer,,2912.71,USD,,ATM,SUC-I8M9CS2Y,,,México,Puebla,Approved,00,False,,0.4869063,0.5551678
TRX-OIHCLRCKD73MJH8TA0RW,2026-05-27 13:05:40,2026-05-27,PRD-AF13NK74EN3Q,CLI-GE1GM042FR4X,Withdrawal,,94221.38,ARS,269.2,ATM,SUC-G7HRTTDE,,,Argentina,Mendoza,Approved,00,False,25.89,-35.4020864,-58.7126271
TRX-DUMTUTVPRTBAQYDOMOLS,2026-05-27 23:47:00,2026-05-27,PRD-Y6U6NBYS1PIH,CLI-FWDEKJH6KOH6,Purchase,Transport,247.12,USD,,ATM,SUC-Q9LRLZTA,Uber,Transport,México,Querétaro,Approved,00,False,24.7,-0.2624385,0.5867063
TRX-5LCH0YUMIXU1E8UHSZHS,2026-05-27 10:27:18,2026-05-27,PRD-RMYW6XGR8392,CLI-4NS20UX13SWH,Purchase,Services,326267.08,COP,81.57,App,,Internet Plus,Services,Colombia,Barranquilla,Approved,00,False,2.01,,
TRX-OVA2QOU80PWZIZNLDO48,2026-05-28 00:08:07,2026-05-27,PRD-IX84P41IVWJL,CLI-6G9KRU1VQJQ4,Deposit,,609209.97,ARS,1740.6,ATM,SUC-OSJVEL9O,,,Argentina,Mendoza,Approved,00,False,8.51,,
TRX-5LGYVK0YUGE37P6KL10D,2026-05-28 04:19:13,2026-05-27,PRD-NQDM3BKZ5TK6,CLI-IFFNNPXK5577,Payment,Services,389914.58,ARS,1114.04,POS,,,,Argentina,Rosario,Approved,,False,,,
TRX-INCGAJY8PKEQNV80TCBL,2026-05-28 02:24:23,2026-05-27,PRD-KCW2WCJOFD36,CLI-W59FNKKFXWDO,Withdrawal,,159.0,USD,,ATM,SUC-P3KNB4PY,,,México,Ciudad de México,Approved,00,False,18.52,,
TRX-DPP3IC1MZSMP1G711SQK,2026-05-27 13:22:45,2026-05-27,PRD-G9M73ISJGMXH,CLI-JNUGB0WS00VN,Deposit,,539443.33,ARS,1541.27,Web,,,,Argentina,La Plata,Approved,00,False,8.41,,
TRX-IQ7QDQT6FI5XE1J0UR6J,2026-05-28 02:34:48,2026-05-27,PRD-M9KCLZMD4ISD,CLI-4OEMHVTBZ7CX,Purchase,Entertainment,1476973.39,COP,369.24,ATM,SUC-XXUHP6O3,Conciertos Live,Entertainment,USA,New York,Approved,00,False,6.7,,
TRX-93Z7Q8X0TNQ188YFFVSF,2026-05-27 14:32:13,2026-05-27,PRD-P6YF5IB54OCY,CLI-P1MQIWZTRKVH,Deposit,,4349.62,USD,,App,,,,México,,Approved,00,False,,,
TRX-JRJF48NIECH7Y5KH88N2,2026-05-27 08:08:24,2026-05-27,PRD-6QVIWO6W9H2D,CLI-0MMZ9X0W9Z68,Purchase,Services,278.71,USD,,ATM,SUC-7T5LBQT3,Cable TV,Services,México,Monterrey,Approved,00,False,,,
TRX-RI1ADZ9PGTKIHXTX5EHC,2026-05-28 02:32:31,2026-05-27,PRD-KZH1E3JM2UNV,CLI-BJINGS9LHJEX,Deposit,,3210.32,USD,,Web,,,,México,,Approved,00,False,17.09,,
TRX-PFEFMR2SSU9XCM0GVNWI,2026-05-27 20:04:41,2026-05-27,PRD-8E16BE5NM980,CLI-ZOSOEGDZ8999,Purchase,Services,72971.65,COP,18.24,Web,,Cable TV,Services,Colombia,Bogotá,Approved,00,False,21.44,,
TRX-RBU3NV9BBOVAHW2IKA4S,2026-05-27 15:28:41,2026-05-27,PRD-Z0XOR5JAN160,CLI-MRYLICZXC4JV,Purchase,Health,326.54,USD,,POS,,Laboratorio Central,Health,México,Guadalajara,Approved,00,False,,0.158689,-0.6880222
TRX-K11UY1D5HOMAZJLNZY81,2026-05-27 23:09:40,2026-05-27,PRD-E2LPM0MG03FB,CLI-GEF4GA4AFEC6,Payment,Other,1833.27,USD,,ATM,SUC-BDUHNO9T,,,Colombia,Bogotá,Approved,00,False,16.96,,
TRX-78IJPJ2WETK3G0N6E256,2026-05-28 02:28:45,2026-05-27,PRD-WF3APC1JY4H8,CLI-J0XHVYSAYGWU,Payment,Services,1937.77,USD,,ATM,SUC-YZRQJS5X,,,México,Querétaro,Declined,14,False,6.99,-0.4846428,0.7949399
TRX-20NLL494D6VTFEYNL7TU,2026-05-27 23:54:50,2026-05-27,PRD-Z7J8UIQQ4SY4,CLI-M9OHX8MAJAJB,Transfer,,2160.47,USD,,POS,,,,México,Puebla,Approved,00,False,8.72,-0.7141874,0.8230719
TRX-EJNQRBLH3I3WPQ8XL5NH,2026-05-27 21:04:56,2026-05-27,PRD-6JA0YQEI8B2F,CLI-TFC8W78MGEUV,Purchase,Entertainment,46621.88,ARS,133.21,App,,Conciertos Live,Entertainment,Argentina,La Plata,Declined,05,False,,,
TRX-LITGIE52BAP6GB431HPQ,2026-05-27 07:19:23,2026-05-27,PRD-L5XW1VB8SG1L,CLI-KO0CRM1CTJZS,Purchase,Entertainment,43.08,USD,,POS,,Cine Premium,Entertainment,Colombia,Cali,Approved,00,False,27.47,,
TRX-B8VKGAESCUUKSPXYLN2B,2026-05-27 08:24:12,2026-05-27,PRD-PE3BRW4RFAEG,CLI-E9MH09G6PSYD,Withdrawal,,1691472.51,COP,422.87,ATM,SUC-4USRLC45,,,Colombia,Medellín,Approved,00,False,27.11,,
TRX-MDXVVJYU4VZ9F894GKFQ,2026-05-28 05:36:09,2026-05-27,PRD-A7GMVISXDKCG,CLI-74BJDQCSBZSQ,Transfer,,8221.24,USD,,ATM,SUC-XAEWUJQS,,,México,Ciudad de México,Declined,51,False,5.96,,
TRX-C79EABPIXR99JEJN07D0,2026-05-27 10:42:11,2026-05-27,PRD-LDAUUYGO90IE,CLI-KSKVL6PTYCX3,Purchase,Other,496.13,USD,,ATM,,Centro Comercial,Other,Brazil,Brasília,Approved,00,False,0.61,0.9145521,0.7524432
TRX-20LUYDFIX9CRX2TAPVXZ,2026-05-27 21:01:35,2026-05-27,PRD-9E7GJZZO8HZN,CLI-BCFXL1IHWWMG,Transfer,,1750878.13,ARS,5002.51,ATM,,,,Argentina,Córdoba,Approved,,False,28.1,,
TRX-1678T8LPUGRH9OFAPSPG,2026-05-28 05:55:39,2026-05-27,PRD-KZLDEDGT92X9,CLI-BZR9H7PNQILO,Purchase,Health,1802493.33,COP,450.62,ATM,SUC-A1FLMPEF,Farmacia Salud,Health,Colombia,,Approved,00,False,16.53,5.07138,-73.6505406
TRX-CCT4CDZ6CU4E2NZ5BN5N,2026-05-28 00:26:25,2026-05-27,PRD-0SEBN7EMMY20,CLI-CJ6JVSSBC6BR,Withdrawal,,160.84,USD,,Transfer,,,,México,Puebla,Approved,00,False,27.25,,
TRX-JSV0F053RRRD9ZFDH2FA,2026-05-28 05:32:04,2026-05-27,PRD-ATGHH2PB1MA2,CLI-4OJASF55EVVC,Deposit,,12965873.46,COP,3241.47,ATM,SUC-CG5XPAZU,,,Colombia,Medellín,Approved,00,False,23.61,5.5701318,-74.5650243
TRX-M2BMK7SQ9OVJ61JW6GL4,2026-05-27 16:07:38,2026-05-27,PRD-QEC41YQ3OLAJ,CLI-645VFHCZP6X9,Purchase,Transport,216.19,USD,,App,,Taxi Seguro,Transport,México,Tijuana,Approved,00,False,1.88,,
TRX-581G1BWVMMNRQLIM68BZ,2026-05-27 08:33:37,2026-05-27,PRD-8P947LTX84GX,CLI-GDYMFLN6IMKF,Purchase,Other,430.66,USD,,POS,,,Other,México,Tijuana,Approved,00,False,19.56,,
TRX-PFG4M3R0DFC53ARADXHW,2026-05-27 07:38:42,2026-05-27,PRD-UDEF0GG5JMJL,CLI-XQZTY8T166G3,Transfer,,3689858.51,COP,922.46,POS,,,,Colombia,,Approved,00,False,,,
TRX-1EYEDHPTGPC4FSMP1STW,2026-05-28 05:03:02,2026-05-27,PRD-R6VOPN0NJSGF,CLI-53QNXE2M526L,Transfer,,3397.79,USD,,App,,,,México,,Approved,00,False,9.67,,
TRX-4X2P4VXCQ2C4URWQ54TR,2026-05-27 10:55:10,2026-05-27,PRD-AOGFKM76ZFUU,CLI-R0GWCG4BPNJ7,Transfer,,2841081.37,ARS,8117.38,ATM,SUC-FXWYIOXF,,,Argentina,,Approved,00,False,23.55,-35.0331402,-57.7472064
TRX-J1M7N89P61DJYT6SZ4WW,2026-05-27 20:28:54,2026-05-27,PRD-0K0QE7PEAIL5,CLI-PZ6JSQZCA4A9,Deposit,,6395388.76,COP,1598.85,Web,,,,Colombia,Cartagena,Approved,00,False,14.96,,
TRX-SBX632LIF3ZTL04K13UP,2026-05-27 23:31:00,2026-05-27,PRD-7DX96JK4BPEG,CLI-2CHTWRPE4S5A,Purchase,Other,12.07,USD,,App,,Boutique Moda,Other,Colombia,Cartagena,Declined,54,False,12.15,,
TRX-ZRYI5Z85YCVI0FW91ZXF,2026-05-27 15:41:36,2026-05-27,PRD-GHCA1RRXERBF,CLI-JI7WZWBBFVKQ,Transfer,,8716.82,USD,,Web,,,,México,Puebla,Approved,00,False,3.08,,
TRX-SVNBHQD463F8XHTEIP2G,2026-05-27 08:37:14,2026-05-27,PRD-XZ4TLBLG9AM8,CLI-WVDR1UP62FWN,Purchase,Other,141440.18,ARS,404.11,App,,Tienda General,Other,Argentina,La Plata,Approved,00,False,23.15,,
TRX-JQF2EG9UIWUXWW7BYKGN,2026-05-27 10:39:06,2026-05-27,PRD-X0ILB5ACXENW,CLI-HH8MCTTR86MM,Deposit,,17636707.53,COP,4409.18,POS,,,,Colombia,Cali,Approved,00,False,21.12,,
TRX-K14YPF9YLT6D8UF097D5,2026-05-27 23:21:19,2026-05-27,PRD-PEAVND6PEJ4M,CLI-OKP7O026ILV1,Withdrawal,,107.59,USD,,ATM,SUC-F03D129S,,,México,,Approved,00,False,,,
TRX-JIZ1VHTXQW373BT4PVNA,2026-05-28 02:49:05,2026-05-27,PRD-CD81QW9D7ZKB,CLI-UWENLWTA91ZA,Payment,Transport,1429.14,USD,,App,,,,México,,Approved,00,False,14.97,,
TRX-XURX1W0E1043UPK8Z7A8,2026-05-27 19:07:00,2026-05-27,PRD-GTH344Q32K6L,CLI-3WFETY45DI04,Transfer,,7709.49,USD,,ATM,SUC-KNGCTTUB,,,Mexico,Guadalajara,Approved,,False,20.03,-0.763275,0.7537093
TRX-Q4NY52M4D75VOW3R1YGG,2026-05-27 08:02:51,2026-05-27,PRD-LBZCBRRM48H0,CLI-BQ6AA65CAMD1,Transfer,,3764.33,USD,,ATM,SUC-JGJN78RV,,,México,Monterrey,Approved,00,False,12.93,,
TRX-1A1NZ78OQ4J0SFO80V0Q,2026-05-28 03:48:19,2026-05-27,PRD-TMGDFEYT5MBM,CLI-ZHS6YZP68PXC,Withdrawal,,244.34,USD,,ATM,SUC-P5YISP64,,,México,,Approved,,False,16.92,,
TRX-PTYA7Y685NKW9WCYGLWP,2026-05-27 12:12:56,2026-05-27,PRD-MCI786UXIFZB,CLI-CET6HSFZD42W,Withdrawal,,17268.31,ARS,,POS,,,,Argentina,,Approved,,False,,,
TRX-VR3I1UGME16PP12TI009,2026-05-27 16:32:29,2026-05-27,PRD-M3CBVGYPECV3,CLI-27VPZX23KLWW,Withdrawal,,1621203.57,COP,405.3,ATM,SUC-KY2QIURA,,,Colombia,Medellín,Approved,00,False,26.54,5.3215105,-73.4807962
TRX-T5JNQQLHLC1C5F4R2CA6,2026-05-27 18:42:08,2026-05-27,PRD-CX92AO5X6JXC,CLI-9TPMXWZY683H,Payment,Services,1063.09,USD,,Web,,,,México,,Approved,00,False,11.18,,
TRX-3X5U6FSUCZ9TH537LVWE,2026-05-28 00:19:20,2026-05-27,PRD-PICYWPGYMCQB,CLI-L23DOSF2SD7G,Deposit,,1636.28,USD,,POS,,,,México,Guadalajara,Pending,,False,27.82,0.6796624,0.55993
TRX-8KP085CQHGE2OQSG0U68,2026-05-28 04:53:29,2026-05-27,PRD-45K3UZCV2R7A,CLI-L7QGWSHWR72Q,Purchase,Other,303.65,USD,,ATM,SUC-FGQWMFNS,Centro Comercial,Other,México,Tijuana,Approved,00,False,,,0.8808059
TRX-M3FLTWGSSMUU4BUEO540,2026-05-27 10:28:43,2026-05-27,PRD-FDXBL7310ISJ,CLI-W0QTW3AH3JFX,Purchase,Entertainment,175532.79,COP,43.88,POS,,Teatro Nacional,Entertainment,Colombia,Cartagena,Approved,00,False,2.08,4.6741212,-74.0424069
TRX-OHJOBCN5ZNSJT2ND8VXB,2026-05-27 13:06:48,2026-05-27,PRD-RLXD4624GIT2,CLI-FE2O0ZVYVLZY,Withdrawal,,209.55,USD,,App,,,,México,Guadalajara,Approved,00,False,28.58,,
TRX-UJ26BX0261XDPBARM9SA,2026-05-27 19:39:57,2026-05-27,PRD-CWK13ELMMKYV,CLI-7KDLHUZPG25K,Withdrawal,,69984.26,ARS,199.96,POS,,,,Argentina,Buenos Aires,Approved,00,False,16.77,,
TRX-KAZSDOP4JOVNZWEMBXAO,2026-05-27 10:38:12,2026-05-27,PRD-FCQYEN1MGNGD,CLI-ASEFU4WUCNKY,Purchase,Transport,434.18,USD,,POS,,Gasolinera Express,Transport,México,,Approved,00,False,,-0.628359,-0.5038517
TRX-NC17GPW692MECSPIPI1J,2026-05-27 11:48:24,2026-05-27,PRD-Z4NYQHOWQ6WR,CLI-T0NOWJI77LYM,Withdrawal,,144322.97,ARS,412.35,POS,,,,Argentina,Mendoza,Approved,00,False,18.08,,
TRX-5QJMD3WT4UZEKHVDXT7M,2026-05-27 20:53:15,2026-05-27,PRD-K2DVTU40LI0E,CLI-H4II35YGCTA2,Transfer,,12382622.35,COP,3095.66,Web,,,,Colombia,Bogotá,Approved,00,False,,,
TRX-23VFS4MSFEYWL1PDWSMD,2026-05-27 18:22:18,2026-05-27,PRD-R6O3FPONUMQ0,CLI-YP2JA4Z92I9M,Purchase,Health,369.48,USD,,Web,,Clínica Médica,Health,México,Tijuana,Approved,00,False,,,
TRX-OTCK6KCWIV02Q8V0HONP,2026-05-28 02:46:37,2026-05-27,PRD-X3YIK7E777IM,CLI-BZ2BE7EBOS7N,Deposit,,1938.9,USD,,POS,,,,México,Tijuana,Approved,00,False,22.22,,-0.0314036
TRX-E6L5BBUOEFKJ5HJ0G7EO,2026-05-28 00:13:34,2026-05-27,PRD-A5W3MDVSPVEH,CLI-G99NHA4SIJUN,Purchase,Other,256.68,USD,,ATM,SUC-337QKO7D,Ferretería,Other,México,Querétaro,Approved,00,False,23.96,,
TRX-6F8XF1NCSYBC1RMRE3UH,2026-05-27 10:37:48,2026-05-27,PRD-N5YEYFQXDPEC,CLI-MSG94GVEIRVY,Adjustment,,282931.51,ARS,808.38,Web,,,,Argentina,La Plata,Approved,00,False,22.96,,
TRX-M92OGLSCU6NRDD7KNNKB,2026-05-27 19:15:13,2026-05-27,PRD-5BPBXN1BUQEK,CLI-83YGLZ13UN79,Payment,Other,180153.88,ARS,514.73,App,,,,Argentina,Buenos Aires,Approved,,False,11.48,,
TRX-7YAGKF8H4W9RJDOU1V3B,2026-05-27 06:13:19,2026-05-27,PRD-Q8PVZX06N7E6,CLI-0NQ40HN8W8IV,Payment,Transport,3303591.73,COP,825.9,Web,,,,Colombia,Barranquilla,Approved,00,False,0.75,,
TRX-75OBHJ4F7LIZK80YCP6U,2026-05-27 10:07:21,2026-05-27,PRD-HOIHQTRUD57G,CLI-SOI0HK9TZD1I,Payment,Services,119336.47,ARS,340.96,Web,,,,Argentina,Mendoza,Approved,,False,2.3,,
TRX-1RLVBJES69DUWMEW0QC9,2026-05-27 21:04:17,2026-05-27,PRD-LHJ7SOJWWHIP,CLI-BOP6L7I198JE,Transfer,,9790.79,USD,,App,,,,México,Monterrey,Approved,00,False,21.05,,
TRX-IIATXAGIKUSEAP18O6XR,2026-05-27 12:40:34,2026-05-27,PRD-QYK9GIZBCV8G,CLI-WR5YUPSHYEOE,Deposit,,549939.8,ARS,1571.26,ATM,SUC-7EJG5XUH,,,Argentina,Buenos Aires,Approved,00,False,25.92,,
TRX-TZCZP6TLB3G0AC1FY6O6,2026-05-27 18:20:39,2026-05-27,PRD-5X1DHWS5EPAV,CLI-22IW8WRLZD5V,Withdrawal,,37675.55,ARS,107.64,App,,,,Argentina,Córdoba,Approved,00,False,16.05,,
TRX-Y31RTP8YHJY0USRIPARP,2026-05-28 02:16:26,2026-05-27,PRD-NBL27FTIUVEP,CLI-ERET6LI5PBK0,Payment,Food,4997785.51,COP,1249.45,ATM,SUC-7P0XNXTG,,,Colombia,Bogotá,Approved,00,False,21.6,,
TRX-7D5ERPBEO33COEALXPTX,2026-05-27 16:46:17,2026-05-27,PRD-8QCS1ID0HBDN,CLI-XB1A60U5BRYG,Deposit,,708.87,USD,,Web,,,,México,Guadalajara,Approved,00,False,16.36,,
TRX-N2F7IA29GB72FQKDOBLG,2026-05-28 01:12:50,2026-05-27,PRD-LC9X1CQZDW1U,CLI-QPGF6RX60UYM,Transfer,,5001.19,USD,,App,,,,México,Ciudad de México,Approved,00,False,11.03,,
TRX-DRJWNG1CTA2PJW0LTD0S,2026-05-27 21:59:08,2026-05-27,PRD-0MGO65OH3HBE,CLI-HWCFWPKLOVNH,Transfer,,9276.77,USD,,ATM,SUC-F1BZEJXJ,,,México,Tijuana,Approved,00,False,0.5,,
TRX-GUS2GWZ2CRS9R98BPRNC,2026-05-27 11:03:36,2026-05-27,PRD-2PAS0N1FR476,CLI-O2GHATBL64FB,Transfer,,4665.11,USD,,App,,,,México,Monterrey,Approved,00,False,10.97,,
TRX-FF8L0JULSRKPK64V5XS9,2026-05-27 11:02:45,2026-05-27,PRD-U10FN9FW49RB,CLI-K7MY98VYBMD4,Withdrawal,,297912.21,COP,,Web,,,,Colombia,Bogotá,Approved,00,False,,,
TRX-MU6CM525HGYVBA0R7MFJ,2026-05-27 11:09:41,2026-05-27,PRD-8TCMZX5OS924,CLI-L9KJIGZJMOB1,Withdrawal,,54980.32,ARS,157.09,POS,,,,Argentina,Rosario,Approved,00,False,,-35.2491267,-59.087291
TRX-J1APFXKOVSEDTFPZB47U,2026-05-27 13:25:12,2026-05-27,PRD-0KW5FGWGTWK9,CLI-S9A1YOCMJNN0,Deposit,,1669.47,USD,,POS,,,,México,Querétaro,Approved,00,False,,0.2354506,0.8613859
TRX-VO68MS2L1209F49BH9EH,2026-05-27 21:07:45,2026-05-27,PRD-BY7J0MZELAYN,CLI-H0GYE77M1FTD,Withdrawal,,205.21,USD,,POS,,,,México,Tijuana,Reversed,14,False,24.62,,
TRX-8ZIJNGCDS8312G1ZRLLO,2026-05-28 04:24:38,2026-05-27,PRD-RPVXYGSLRQBH,CLI-NOIKFOI548QK,Transfer,,15658844.02,COP,3914.71,App,,,,Colombia,,Approved,00,False,,,
TRX-93VIYC2C0EGWCJYXA09H,2026-05-27 07:24:45,2026-05-27,PRD-SA1YXG449A9Q,CLI-DTPIOQNES7DJ,Payment,Services,1097313.16,COP,274.33,ATM,SUC-OGCB7RT2,,,Colombia,Barranquilla,Approved,00,False,2.27,,
TRX-T95Y5IKSO8JIRNIFXGYM,2026-05-27 22:08:30,2026-05-27,PRD-BQDDA1HZLNGH,CLI-MFNA5U5YUOJ8,Purchase,Other,1120498.24,COP,280.12,App,,Tienda General,Other,Colombia,Cartagena,Approved,00,False,15.97,,
TRX-QC26VUT4BRQROITVBZ9B,2026-05-27 06:53:34,2026-05-27,PRD-Q3B5ZXU7B8Z8,CLI-NJGA17AYK29X,Withdrawal,,390.63,USD,,App,,,,México,Querétaro,Approved,00,False,15.53,,
TRX-59QAJTHAXVI1TLUFAQXX,2026-05-27 12:33:34,2026-05-27,PRD-5H37QLCPU01Y,CLI-BTJAPFDZP3G4,Transfer,,17617255.34,COP,4404.31,ATM,,,,Spain,Barcelona,Approved,00,False,12.93,,
TRX-W0TG1M9MBCYBW3S17323,2026-05-28 00:11:01,2026-05-27,PRD-XWU73ZR46FNL,CLI-7VD5EV9XH2KN,Purchase,Services,471.35,USD,,Web,,Empresa Telefónica,Services,México,Guadalajara,Pending,05,False,1.24,,
TRX-NGZF9GKNDB8MTDTRHB3R,2026-05-28 04:59:17,2026-05-27,PRD-UMHYT2CPU3P6,CLI-HMN9M1AMFH65,Deposit,,5072203.55,COP,1268.05,App,,,,Colombia,Barranquilla,Approved,00,False,5.95,,
TRX-8PHLYUTYZ9I87HUPQPKY,2026-05-28 00:32:38,2026-05-27,PRD-ORAVUZ1Q9MGU,CLI-JCLKHWKYT3YB,Payment,Transport,3377879.67,COP,844.47,POS,,,,Colombia,Bogotá,Approved,00,False,15.7,,
TRX-T9F6X3EK24ZD1LKDO561,2026-05-27 10:11:40,2026-05-27,PRD-FBHXB7YSM4PC,CLI-W8YV3M3UUI4Q,Purchase,Services,249856.33,COP,62.46,POS,,Empresa Telefónica,,Colombia,Medellín,Approved,00,False,,4.074997,-74.9746616
TRX-MHX2E01E5MHG6SQT3FFP,2026-05-27 11:04:27,2026-05-27,PRD-DJZQGSD9CIKI,CLI-YLN9DNL1Q03P,Withdrawal,,598907.88,COP,149.73,ATM,SUC-CFNA2V8Y,,,Colombia,Cartagena,Approved,00,False,,,
TRX-7C07498J0B2TMAFB7HSL,2026-05-27 18:26:54,2026-05-27,PRD-WZIGWIP0DN4P,CLI-40YXYC6WUUX5,Payment,Food,1224.25,USD,,Web,,,,México,Monterrey,Approved,00,False,7.87,,
TRX-S50D8E6S0LXL38YIPV7T,2026-05-27 06:13:37,2026-05-27,PRD-HXXS2LPN7M3T,CLI-Q5OIF277P4KW,Payment,Transport,904.43,USD,,POS,,,,México,Querétaro,Approved,00,False,17.68,0.2982781,-0.8839237
TRX-2VAO45MS7AYUHORTO6L1,2026-05-27 23:07:34,2026-05-27,PRD-83OIQH1YCNBI,CLI-1SZHFWBI6KZ7,Adjustment,,3519787.55,COP,879.95,POS,,,,Colombia,Cali,Approved,00,False,24.23,,
TRX-AOKFZ77SSPET4KN2OKRV,2026-05-27 17:58:51,2026-05-27,PRD-8R2L5WDK6CVE,CLI-7FYK0OQ6E68G,Withdrawal,,295226.37,COP,73.81,POS,,,,Colombia,Cartagena,Approved,,False,,,
TRX-3S2L9MGFL2RTGCR1VE3S,2026-05-28 00:59:47,2026-05-27,PRD-8JNUYSNTF2N8,CLI-Q0YWG40G7BQJ,Payment,Food,501631.47,ARS,1433.23,Web,,,,Argentina,Buenos Aires,Approved,00,False,14.35,,
TRX-V0PUJCW5ASQF4L8G72DM,2026-05-27 10:15:24,2026-05-27,PRD-GGFRY6T8BN0I,CLI-FREBP23Y1DO8,Deposit,,4720.54,USD,,POS,,,,México,Querétaro,Approved,00,False,,0.9228979,-0.5708879
TRX-DJDMVNV6DLLUKCWJJTDT,2026-05-27 15:00:07,2026-05-27,PRD-HCW9YHLU40EK,CLI-CYPFLZMCF26U,Purchase,Transport,435.53,USD,,POS,,Uber,Transport,México,Guadalajara,Approved,00,False,21.17,,
TRX-M958WVBQV9KN05IZ83Z3,2026-05-28 03:03:00,2026-05-27,PRD-X4EYSOY8W1X6,CLI-6PRZHKPD6VE4,Withdrawal,,1290880.67,COP,322.72,POS,,,,Colombia,Barranquilla,Approved,00,False,2.45,3.9916447,-74.8176966
TRX-QR1OF5QUWV7WBN6J2IOH,2026-05-28 00:34:13,2026-05-27,PRD-2N6GCHFYW6DQ,CLI-DPUYKHSPUIRU,Withdrawal,,885617.81,COP,221.4,ATM,SUC-X3OFCBL0,,,Argentina,Córdoba,Declined,54,False,24.73,,
TRX-49Z4TZ2ZSJMHF1SJ0NVZ,2026-05-27 10:05:09,2026-05-27,PRD-2FMH77N55YXE,CLI-AZRQJKWMGHHQ,Deposit,,1460846.06,ARS,4173.85,Transfer,,,,Argentina,Mendoza,Approved,00,False,26.01,,
TRX-6T63T68A8BY5ZNJOZGHI,2026-05-27 12:59:15,2026-05-27,PRD-J535QF2ZG8RP,CLI-6AOK5VDDNW87,Withdrawal,,105.01,USD,,POS,,,,México,Querétaro,Approved,00,False,8.77,0.7337777,0.1844057
TRX-5K80VQBDH94DQ6CFD171,2026-05-27 10:20:28,2026-05-27,PRD-1R69FV4XGYY5,CLI-Q68EFL25HPOR,Purchase,Food,980674.67,COP,245.17,POS,,Mercado Central,Food,Spain,,Pending,05,False,15.53,5.6023854,-73.750209
TRX-KI6KU5Z67SHPULYX3BW9,2026-05-27 09:23:32,2026-05-27,PRD-27TMKPRLLBX9,CLI-K32LUGWV5USV,Transfer,,3097030.86,ARS,8848.66,ATM,SUC-5XWR79HW,,,Argentina,Mendoza,Approved,00,False,27.47,-33.8873107,-57.4091998
TRX-IH8D5KI1JT3P82BEI0DV,2026-05-28 00:51:13,2026-05-27,PRD-05S2H2OFAF30,CLI-NVLD5G7QC2N8,Deposit,,3243.36,USD,,App,,,,México,Monterrey,Approved,00,False,7.85,,
TRX-PIKGZMXVBXIWFVIA490L,2026-05-27 10:32:25,2026-05-27,PRD-HE7E6B4EHK9A,CLI-8TTKZH73IUKB,Withdrawal,,343.83,USD,,App,,,,Mexico,Monterrey,Approved,00,False,3.97,,
TRX-YVCFV9DWQQNDQLNKBGRU,2026-05-27 10:47:30,2026-05-27,PRD-N1JBANBNAR4R,CLI-3P5JYU5VNTFK,Purchase,Services,23962.54,ARS,68.46,Web,,Empresa Telefónica,Services,Argentina,Mendoza,Approved,00,False,,,
TRX-A5SKSPGGD5F6X8PV19LQ,2026-05-27 19:49:42,2026-05-27,PRD-3O44DP40TYAP,CLI-MU4B9LI76TRF,Purchase,Entertainment,1106216.39,COP,276.55,POS,,Conciertos Live,Entertainment,Mexico,Ciudad de México,Approved,00,False,18.4,,
TRX-498IDNOVJMYUX66FAGKL,2026-05-27 21:09:10,2026-05-27,PRD-UKZTAPPB3ILN,CLI-0FE18971PC03,Purchase,Services,318234.12,COP,79.56,App,,Servicios Públicos,Services,Colombia,Barranquilla,Approved,00,False,4.4,,
TRX-MP60Z5H1BTJNQHSYT7VV,2026-05-28 01:30:22,2026-05-27,PRD-42S2WL56G1II,CLI-LKFK553XQER6,Deposit,,3933.03,USD,,POS,,,,Colombia,Medellín,Approved,00,False,16.51,5.4014106,-74.1257943
TRX-Z6GROCX8D9B4DPPQ91SA,2026-05-27 10:49:54,2026-05-27,PRD-O0KTB5ZXZSIG,CLI-DUZOYQGIIPPZ,Withdrawal,,218.31,USD,,App,,,,México,Tijuana,Approved,00,False,10.21,,
TRX-TCRPF2LFY0DVIYV1NVUS,2026-05-27 09:39:58,2026-05-27,PRD-1BJVCQ2E6QAU,CLI-ZQCJNBGQP8SB,Purchase,Entertainment,41147.52,COP,10.29,App,,Conciertos Live,Entertainment,Brazil,Salvador,Approved,00,False,19.66,,
TRX-4Y1CI6N158H1KB7XJ91V,2026-05-27 13:39:06,2026-05-27,PRD-96UWIUIID13J,CLI-EC8O5Z52JXJ7,Withdrawal,,94021.78,ARS,268.63,ATM,SUC-Y7VHYCDG,,,Argentina,Rosario,Approved,00,False,7.92,-34.0538182,-59.1435645
TRX-EMZYDX0A711HK7TPS7FV,2026-05-27 15:38:56,2026-05-27,PRD-WUC5QNNSJQYB,CLI-EKOB6O4GNQ67,Transfer,,383402.3,ARS,1095.44,App,,,,Argentina,Rosario,Approved,00,False,27.69,,
TRX-36EW7Z27M26S4RFI1PUT,2026-05-28 00:11:52,2026-05-27,PRD-EHP2Q4C3MB7L,CLI-18CU4QIDP7UJ,Withdrawal,,78.85,USD,,App,,,,México,Puebla,Approved,00,False,2.04,,
TRX-4BU3RVB92ZA4E4DAOULX,2026-05-27 22:04:26,2026-05-27,PRD-7OAPU8DNN89W,CLI-USGOVC12O85Q,Purchase,Services,1159854.28,COP,289.96,ATM,SUC-IV7HG0FV,Internet Plus,Services,Colombia,Medellín,Approved,00,False,12.35,,
TRX-DK8LMJFMRAENCH8PH9XX,2026-05-27 18:40:40,2026-05-27,PRD-1QM4GYH92L3F,CLI-8HCGSI0LY6RN,Transfer,,1670541.86,ARS,4772.98,Web,,,,Argentina,Mendoza,Approved,00,False,24.72,,
TRX-LBXFQ6SAGYAB3GD3TRQX,2026-05-27 19:53:59,2026-05-27,PRD-7N55SXIBHS9Y,CLI-45W60QVTZ6L8,Purchase,Health,17457.57,ARS,49.88,App,,,Health,Argentina,Córdoba,Approved,00,False,4.91,,
TRX-116IOK9SVY51RPQ03NZ6,2026-05-27 12:48:59,2026-05-27,PRD-85WGUS680H33,CLI-IIHX5KF1ZQLK,Purchase,Entertainment,1062622.87,COP,265.66,POS,,Conciertos Live,Entertainment,Colombia,Bogotá,Approved,00,False,27.36,,-73.5657974
TRX-4Y6J5CD4B2LZQ9991V0K,2026-05-27 18:10:29,2026-05-27,PRD-NCW3UK1YPQXQ,CLI-R72UD05ZXEPL,Deposit,,467.3,USD,,Branch,,,,México,Monterrey,Approved,00,False,8.8,,
TRX-FWC2YPPKOJHAASGKANX3,2026-05-27 09:38:03,2026-05-27,PRD-YHRE1TABBESK,CLI-W2CEHO2J6PN5,Transfer,,30151558.43,COP,7537.89,POS,,,,Colombia,Barranquilla,Approved,00,False,23.09,,
TRX-FLZ4SFMMHNKCEM8J1AOS,2026-05-27 15:12:52,2026-05-27,PRD-STB8K7FT0E4K,CLI-C37BWZPG7TG0,Transfer,,13003567.75,COP,3250.89,POS,,,,Colombia,Cali,Approved,00,False,25.27,,
TRX-PKGWJ075K919VSZKJ1CN,2026-05-27 21:14:11,2026-05-27,PRD-GEAIVA6AA8E3,CLI-X71UQT20V2AD,Payment,Services,652625.55,ARS,1864.64,ATM,SUC-7L3EZA71,,,Argentina,Buenos Aires,Approved,00,False,,-33.8610222,-57.5686135
TRX-E1FQUROFPOGOQF63AZZ8,2026-05-27 20:12:39,2026-05-27,PRD-N6KCD3O45J0W,CLI-TRDZQL8FY65N,Payment,Other,1149.72,USD,,App,,,,México,Puebla,Approved,00,False,,,
TRX-SODN05DE1F5RQ61FOD4X,2026-05-27 08:20:38,2026-05-27,PRD-B3DG5YHOQLVN,CLI-5R8JFBGJSF67,Transfer,,762666.49,ARS,2179.05,POS,,,,Argentina,La Plata,Approved,00,False,28.48,,-58.1905897
TRX-RE6JL39O6DOR64PM31D3,2026-05-27 20:39:28,2026-05-27,PRD-ZPVT522IQCVB,CLI-7RNTIE1YLMVY,Payment,Transport,1587.38,USD,,ATM,SUC-QVGF07AP,,,México,Guadalajara,Approved,00,False,21.43,-0.4250403,0.1696071
TRX-2VW6AX8VA649K8TST9N7,2026-05-27 13:20:34,2026-05-27,PRD-HJO9V9D418EB,CLI-EGOWPGM9QHWU,Withdrawal,,12467.35,ARS,35.62,App,,,,Argentina,Buenos Aires,Approved,00,False,19.39,,
TRX-4T0FTCAS27VRPIAKQT2Z,2026-05-28 03:14:32,2026-05-27,PRD-HD6L4I6BJ26O,CLI-B8QH3GQI7EAR,Withdrawal,,319.05,USD,,POS,,,,México,Guadalajara,Approved,00,False,9.66,0.2536648,0.7738672
TRX-I4HQXZGWBHAXWT1LJ0YB,2026-05-27 16:13:28,2026-05-27,PRD-HOSD1U1BGLYC,CLI-ICZ7NW533WJM,Deposit,,1803.61,USD,,ATM,SUC-PUPXM7MA,,,México,Querétaro,Approved,00,False,,0.8379602,0.0855738
TRX-JZE64F8X6KJ2C4BCESC3,2026-05-27 21:41:27,2026-05-27,PRD-Y81YPQBRRR0Z,CLI-0DENU7DYFQRF,Withdrawal,,466.02,USD,,POS,,,,México,Ciudad de México,Approved,00,False,15.57,,
TRX-RM04Q8KQITKPOP27MCX9,2026-05-28 03:35:42,2026-05-27,PRD-8WMPLK41NIFZ,CLI-0JHFQ52Z5JUX,Transfer,,25041950.11,COP,6260.49,POS,,,,Colombia,Medellín,Approved,00,False,,,
TRX-AKPKY4TG98RQCAF82G9Z,2026-05-27 17:18:19,2026-05-27,PRD-S73Y0NIZ8R3L,CLI-OG4I52N3O3CE,Transfer,,2509712.42,ARS,7170.61,POS,,,,Argentina,Mendoza,Approved,00,False,7.45,,
TRX-MBKAO7SBQZA2DB6U66SX,2026-05-27 11:51:54,2026-05-27,PRD-FIGZQ5WDX6JS,CLI-KLZDTZHZEFB1,Purchase,Health,343.38,USD,,Web,,Clínica Médica,Health,México,,Approved,00,False,,,
TRX-4RIWP7D19EXIPF16R8KE,2026-05-27 09:10:38,2026-05-27,PRD-B9S21553XPRP,CLI-FWGQS4RK4WHV,Withdrawal,,8018.74,ARS,22.91,POS,,,,Argentina,Córdoba,Approved,00,False,6.73,,
TRX-TMROZZBZR8N80K6CW571,2026-05-27 10:48:03,2026-05-27,PRD-GI4K61ZZSJFA,CLI-5KRCKEPP1WHK,Purchase,Other,46395.25,ARS,132.56,Web,,Tienda General,Other,Argentina,Córdoba,Approved,00,False,,,
TRX-OUVHXOSP0KR7GXAPF48J,2026-05-27 20:28:02,2026-05-27,PRD-M8J9L3QBYNR3,CLI-OV5JUZ95VSOW,Deposit,,486.32,USD,,POS,,,,México,Guadalajara,Approved,00,False,7.94,,
TRX-XQDIKSULW6FOFIYJQ1FE,2026-05-27 13:15:01,2026-05-27,PRD-0SW707FTC848,CLI-7OPU7B2YQWIL,Withdrawal,,25551.93,ARS,73.01,App,,,,Argentina,Buenos Aires,Approved,00,False,,,
TRX-35M4WMCOQZF963GA7TSW,2026-05-28 03:06:19,2026-05-27,PRD-1KKEQW96ZHLI,CLI-P6KP91D3H7WI,Transfer,,4353.31,USD,,POS,,,,México,Tijuana,Declined,54,False,27.82,,
TRX-ACFZ28TSPR4LH7XPFOAL,2026-05-27 12:24:50,2026-05-27,PRD-ABL8CWWS2MRQ,CLI-UZPMEBGWVRUC,Withdrawal,,205.3,USD,,Web,,,,México,Monterrey,Approved,,False,,,
TRX-1HMUCDRSLTGHZ2B5BHUG,2026-05-27 09:02:51,2026-05-27,PRD-73CRERU873VM,CLI-KGPX31EJ2ZS2,Withdrawal,,325.1,USD,,App,,,,México,Ciudad de México,Approved,00,False,14.95,,
TRX-Q59OP798TF6XVZA6FUCH,2026-05-28 03:53:03,2026-05-27,PRD-11G10U5PVA9B,CLI-C62YLMOIEWPV,Deposit,,1859.67,USD,,POS,,,,México,Ciudad de México,Approved,00,False,,,
TRX-I5DQ7VD54SDESX5BQ65Y,2026-05-27 17:11:03,2026-05-27,PRD-YCSNZTBNCZ6Y,CLI-QL3ELJD6T8BD,Withdrawal,,191.88,USD,,POS,,,,México,Puebla,Approved,00,False,7.32,-0.3494271,-0.3150294
TRX-HG0QZ52ZSJVQF0DUYQJV,2026-05-27 16:24:32,2026-05-27,PRD-0AIOHBRQ5CNE,CLI-H6BZPHQTKKU0,Deposit,,12084270.71,COP,3021.07,ATM,SUC-KXMF616G,,,Colombia,Medellín,Approved,00,False,,,
TRX-RROON02JM9XTBES6VH7E,2026-05-27 09:05:50,2026-05-27,PRD-XW7ZYSVZLIID,CLI-QIXFBKOROQ7A,Deposit,,3163.29,USD,,POS,,,,México,Monterrey,Approved,00,False,,,
TRX-DUGX4AYVOS5KLH1QNCTC,2026-05-27 18:48:50,2026-05-27,PRD-O2A54B7XV4YY,CLI-9RWAE910VPUC,Purchase,Entertainment,407.96,USD,,ATM,SUC-YJSI0V1D,Cine Premium,Entertainment,México,Monterrey,Approved,00,False,16.01,,
TRX-L7TTI6JDZ99HIPF8NYA9,2026-05-28 02:25:29,2026-05-27,PRD-R0DXMSJHP8WE,CLI-TX9JE70PNJBG,Purchase,Entertainment,332.6,USD,,Web,,Teatro Nacional,Entertainment,México,Guadalajara,Approved,00,False,,,
TRX-4KS5LXXJP8OWINS73KRT,2026-05-27 22:16:59,2026-05-27,PRD-EH9673K10UHL,CLI-JB7OEEA16WNX,Deposit,,13178359.37,COP,3294.59,App,,,,Colombia,Medellín,Approved,00,False,15.54,,
TRX-RNARP14F298VFV1KUSUB,2026-05-27 23:10:12,2026-05-27,PRD-JFQ1P175PZ8T,CLI-VFM86EXVCFNW,Transfer,,5766.68,USD,,Web,,,,México,Guadalajara,Approved,00,False,24.89,,
TRX-7H02WQJ92ODCBMMZBA26,2026-05-27 20:56:02,2026-05-27,PRD-2MM901NNMDHI,CLI-K25EXLVOY7MP,Transfer,,35747829.5,COP,8936.96,ATM,SUC-06LBAMRN,,,Colombia,Cali,Approved,00,False,25.89,,
TRX-5XJ3F9J6VT6HG7I7JUNQ,2026-05-28 04:46:27,2026-05-27,PRD-JCFQJTZZLX1H,CLI-6WG6R5SZVPNB,Deposit,,17597466.03,COP,4399.37,App,,,,Colombia,Bogotá,Approved,00,False,26.98,,
TRX-HCE52QKXNNT2VJJRLVOK,2026-05-28 03:48:06,2026-05-27,PRD-4DB0BE6EJTKR,CLI-XHI0MZ963HS1,Withdrawal,,121.19,USD,,POS,,,,México,Ciudad de México,Approved,00,False,6.29,0.3439802,0.3959814
TRX-PHZ5YL58WKHBWQMPJ1VK,2026-05-27 08:13:36,2026-05-27,PRD-XVE0VMGGY95G,CLI-EJRW4CB8NPVU,Deposit,,3888419.11,COP,972.1,ATM,SUC-LBZFJAU6,,,Colombia,,Approved,00,False,25.0,,
TRX-DI7K117U7Q16Q1ZXQI93,2026-05-28 04:35:56,2026-05-27,PRD-C8ECQL1FC9I4,CLI-4MIV4F2856OR,Payment,Food,1338.24,USD,,POS,,,,México,Ciudad de México,Approved,00,False,3.83,,
TRX-7QAFBGGJE81RNUHFHQWQ,2026-05-28 01:04:21,2026-05-27,PRD-RG9GCVP0LLNE,CLI-MHAPMYWCDHCY,Transfer,,5220.39,USD,,ATM,SUC-Y18NE8GS,,,México,Puebla,Approved,00,False,5.07,,
TRX-OBDORNRF2K6J226UQFTV,2026-05-27 23:44:22,2026-05-27,PRD-95P88756OQ2F,CLI-SPDECBICSCFY,Purchase,Services,32.31,USD,,ATM,SUC-FQBLIDK9,Empresa Telefónica,Services,México,Ciudad de México,Approved,00,False,11.76,,
TRX-O7YT7GR3QADE0V65WWYW,2026-05-27 07:53:09,2026-05-27,PRD-0C4E82RF6M48,CLI-GLJTU71MW9MW,Deposit,,1202.63,USD,,POS,,,,México,Guadalajara,Approved,00,False,24.36,,
TRX-RHMZ18FV20KZB8MR25TJ,2026-05-27 14:33:10,2026-05-27,PRD-XO8TQBIFW0KC,CLI-QX684QJ7CM6U,Purchase,Services,59362.12,ARS,169.61,App,,Empresa Telefónica,Services,Argentina,Mendoza,Approved,00,False,27.12,,
TRX-D13Q3QQX2M44L4C6ML5J,2026-05-27 20:18:13,2026-05-27,PRD-DVIN2090RZK5,CLI-64XQKYMAZ6R8,Withdrawal,,66.21,USD,,POS,,,,México,Monterrey,Approved,00,False,6.91,,
TRX-KMBNVTP7EHDHLLN8H0DS,2026-05-27 10:07:54,2026-05-27,PRD-17ASY0ETJBZG,CLI-ITII0LV07VMK,Transfer,,24803872.88,COP,6200.97,ATM,SUC-KXMF616G,,,Mexico,Monterrey,Approved,00,False,6.32,,
TRX-GPRXCZ4DWM0AYHWA2G5D,2026-05-28 04:41:46,2026-05-27,PRD-7P256WEV8DUP,CLI-G577P1AKHDIO,Withdrawal,,330.88,USD,,App,,,,México,Puebla,Approved,00,False,,,
TRX-V26I51LQ0VTNU80SM5EQ,2026-05-27 21:20:28,2026-05-27,PRD-MGTLK6FONHR1,CLI-D1LO5819HYYC,Purchase,Transport,274.93,USD,,POS,,Estación de Servicio,Transport,México,Ciudad de México,Approved,00,False,,,
TRX-G2Y5WKOAVLU5VQK1I2L6,2026-05-27 14:21:27,2026-05-27,PRD-JEQJMNA2RLYT,CLI-5XBF38ATHNFV,Payment,Services,447.98,USD,,POS,,,,México,Guadalajara,Approved,,False,28.88,,
TRX-7CTAPDMRJBX2WVGYLUL6,2026-05-28 05:20:40,2026-05-27,PRD-3FEEH2IZPY11,CLI-FYXFKSRI01F6,Transfer,,7746.98,USD,,App,,,,México,Puebla,Approved,00,False,,,
TRX-4HLM4R43XA806NAKPLHR,2026-05-27 18:47:20,2026-05-27,PRD-ADGRKCYXGXS4,CLI-CA2NT92ZMWLW,Withdrawal,,84.88,USD,,Branch,SUC-P5YISP64,,,México,Puebla,Approved,00,False,22.52,,
TRX-VJO5GPKKQ8BSA0VH3EDE,2026-05-27 08:18:54,2026-05-27,PRD-R6LAKUBWX5MD,CLI-R5DWQZ8MJG9S,Withdrawal,,281.05,USD,,App,,,,México,Puebla,Approved,00,False,12.93,,
TRX-223WCIC928AUAAICFLQ2,2026-05-27 19:41:18,2026-05-27,PRD-C82MLKXR6WUV,CLI-KGCU0PZRJOB9,Transfer,,1486856.67,ARS,4248.16,App,,,,Argentina,Buenos Aires,Approved,00,False,9.62,,
TRX-6LVQ5HWU5S3GAVVMRVSY,2026-05-27 08:18:09,2026-05-27,PRD-OQWSC3B2BE84,CLI-CYMWMJ8XXFQZ,Withdrawal,,116.36,USD,,Web,,,,México,Guadalajara,Approved,00,False,18.72,,
TRX-ZI0ALH1CWB2AQFA1H5PW,2026-05-27 19:02:58,2026-05-27,PRD-LBEPCNK8LOM5,CLI-9ENW36QNQD32,Purchase,Health,398.92,USD,,POS,,Óptica Visión,Health,México,Tijuana,Approved,00,False,19.43,,
TRX-K2Y3QN2E206HAC26JL3M,2026-05-28 01:26:34,2026-05-27,PRD-NN2M8WK9OM04,CLI-YYGO48IGB2HX,Purchase,Entertainment,323.71,USD,,ATM,SUC-POHHKXPA,Streaming Music,Entertainment,México,Ciudad de México,Declined,51,False,24.87,-0.240175,0.2707913
TRX-46AGMZO7ENR86XL7MPEA,2026-05-27 17:59:29,2026-05-27,PRD-9334N1T73LD0,CLI-PBUVR9ITFOHT,Purchase,Transport,40823.58,COP,,App,,Taxi Seguro,Transport,Colombia,Cartagena,Pending,14,False,,,
TRX-CD6PV0CXE6GM10GV1PLB,2026-05-27 08:29:55,2026-05-27,PRD-S8MNA8OKY4ZY,CLI-A85VKEC19EOE,Withdrawal,,448.8,USD,,ATM,SUC-ECJP9AEQ,,,México,Tijuana,Approved,00,False,17.73,,
TRX-C8V7L1X4WOTTS1031ZL1,2026-05-28 00:34:57,2026-05-27,PRD-0MKKDJTYOESA,CLI-TQN9XEVO1JQ2,Transfer,,22240820.74,COP,5560.21,Transfer,,,,Argentina,Buenos Aires,Approved,00,False,19.67,,
TRX-EDJPRGORTMFA5UKZTOTP,2026-05-27 13:14:45,2026-05-27,PRD-ULD4PX6BKUUA,CLI-GXSHOSCWR75D,Withdrawal,,247.11,USD,,Web,,,,México,Puebla,Approved,00,False,20.75,,
TRX-AM3PIP0DIML5TAPW093T,2026-05-27 12:58:56,2026-05-27,PRD-KOAPI70PC0ZG,CLI-DSH10CVE0BPZ,Deposit,,4323.69,USD,,POS,,,,México,Monterrey,Approved,00,False,28.9,,
TRX-61O56OMQRPKNYVA7CW4X,2026-05-27 17:35:00,2026-05-27,PRD-QA203VUPGTB0,CLI-LQLTAQL93WOK,Withdrawal,,395.51,USD,,POS,,,,Colombia,Cali,Approved,00,False,13.01,,
TRX-XVGD6JJVF5GR187BNGYR,2026-05-27 12:26:55,2026-05-27,PRD-TSVMV6GIB8V7,CLI-KXDHB0RW9RTV,Withdrawal,,1419553.83,COP,354.89,POS,,,,Colombia,Cartagena,Approved,00,False,26.89,4.3279639,-74.3178422
TRX-TGJUN9Y1SBE858Q0O6QW,2026-05-27 12:50:49,2026-05-27,PRD-AAODPC67HYXY,CLI-DY026SXFZJHP,Withdrawal,,247.52,USD,,POS,,,,México,Tijuana,Approved,00,False,13.28,,
TRX-RP40RFPPIJZ788JO53G8,2026-05-27 23:46:28,2026-05-27,PRD-R4W9XI2OBTVV,CLI-CRKNL1HF8410,Withdrawal,,135036.64,ARS,385.82,POS,,,,Argentina,La Plata,Approved,00,False,,-34.4926927,-59.3045776
TRX-W49P1UHDWJDGPSBJP2MI,2026-05-27 08:18:23,2026-05-27,PRD-7ZT1K4N6DVNN,CLI-AWWGWLQGE7FI,Adjustment,,881.61,USD,,ATM,SUC-AXDYB0RQ,,,México,Querétaro,Approved,00,False,7.61,,
TRX-NOTRQ1Z4JE193RGPBGFY,2026-05-27 22:36:27,2026-05-27,PRD-G9828SQDTDKO,CLI-LYK8AAAQQPVI,Transfer,,2737183.63,ARS,7820.52,POS,,,,Argentina,La Plata,Approved,00,False,15.43,,
TRX-R5V3UKR6Y0THB641L34Q,2026-05-27 22:58:11,2026-05-27,PRD-7EVAKP8KOF86,CLI-GD1XLAOAKN83,Payment,Other,1349.45,USD,,POS,,,,México,Querétaro,Approved,00,False,15.62,,
TRX-JQAYNV93RNEVWBUKAH4H,2026-05-27 08:59:39,2026-05-27,PRD-86MDPCH4GX64,CLI-2P3HEKWVUPRV,Withdrawal,,271.56,USD,,Web,,,,Colombia,Barranquilla,Approved,00,False,3.85,,
TRX-BMQMUEBTM17U4G8TL3L3,2026-05-27 20:42:06,2026-05-27,PRD-X5K0GOWS4O8B,CLI-EMMXUS398BQV,Payment,Food,865.13,USD,,POS,,,,México,Ciudad de México,Approved,00,False,,,
TRX-VOUN1A3CCDO78RV1N7CJ,2026-05-28 01:18:14,2026-05-27,PRD-J5JU1FK4J7YT,CLI-EW6AR88RHWCF,Withdrawal,,173924.04,ARS,496.93,Branch,SUC-FXWYIOXF,,,Argentina,Mendoza,Approved,00,False,18.74,,
TRX-GLZU4OJN063Z4RA65JZ3,2026-05-27 15:46:15,2026-05-27,PRD-RW0AQ2DPQU7P,CLI-UKH76WSZKSZE,Withdrawal,,329.5,USD,,App,,,,México,Ciudad de México,Approved,00,False,12.42,,
TRX-ENHUOAP35JA7I4ZCA9SV,2026-05-28 01:40:36,2026-05-27,PRD-UFXWD6WK13HL,CLI-OEXNCC9685Q4,Purchase,Food,226.48,USD,,App,,,Food,México,Tijuana,Approved,,False,29.76,,
TRX-MBQJDG99NWH3DTMK175T,2026-05-27 07:51:43,2026-05-27,PRD-9J12BCNI7FSR,CLI-FU6VQBCJCEXC,Deposit,,18381690.64,COP,4595.42,Transfer,,,,Colombia,Medellín,Approved,00,False,3.29,,
TRX-QXHC3TI28QH7XTIJF3KW,2026-05-27 22:14:27,2026-05-27,PRD-F9OPVXUTM3HV,CLI-LANJ4P3PQD1Y,Transfer,,4861.62,USD,,POS,,,,México,Guadalajara,Approved,00,False,27.79,-0.829967,-0.170939
TRX-LN026WKJAJUU33TGOSHF,2026-05-28 04:35:05,2026-05-27,PRD-3BJ893EDOWBT,CLI-LJ5ZMQPDB6B0,Transfer,,463379.22,ARS,1323.94,POS,,,,Argentina,,Approved,00,False,0.19,,
TRX-PYA4EUOTO5E87WHNYL2Y,2026-05-27 17:29:58,2026-05-27,PRD-HOIOPUBG8IW2,CLI-GM6OWY2OGOJL,Withdrawal,,1261310.47,COP,,Web,,,,Colombia,Barranquilla,Approved,00,False,15.59,,
TRX-77ILTB6PL18UBF4WV3V6,2026-05-27 11:37:03,2026-05-27,PRD-P36R4UE0EMWS,CLI-7DRE7FWIST2Q,Purchase,Entertainment,83.45,USD,,Web,,Conciertos Live,Entertainment,México,Monterrey,Approved,00,False,16.93,,
TRX-CDWV1403VN5ATPGOTBT9,2026-05-27 18:36:32,2026-05-27,PRD-HITWXQPEU1YW,CLI-R9Q8TJOIKKEP,Payment,Health,1549.68,USD,,ATM,SUC-7T5LBQT3,,,México,Ciudad de México,Approved,00,False,16.86,-0.2381216,0.3460518
TRX-1FQ67NLHZFDUD7TI3KXR,2026-05-28 02:22:45,2026-05-27,PRD-D877QUSPGL9W,CLI-7RUR4PWI0QZB,Transfer,,1116.22,USD,,App,,,,México,Monterrey,Approved,00,False,,,
TRX-28W7EORQ5GCF4OQ7MLE2,2026-05-27 12:27:54,2026-05-27,PRD-7QW42DIXI8W2,CLI-7H9UNKVJFVM0,Deposit,,4782.73,USD,,ATM,,,,México,Querétaro,Approved,00,False,12.56,-0.9562537,0.0499713
TRX-30SQ7KFX0BLV4SJ34W9Z,2026-05-27 11:57:41,2026-05-27,PRD-79488LK8BNZ8,CLI-QCCONC0991O2,Purchase,Other,1709601.12,COP,427.4,Web,,Boutique Moda,Other,Colombia,Cartagena,Approved,00,False,27.5,,
TRX-QO61Y4F1OGKGOD93B0IE,2026-05-27 06:51:59,2026-05-27,PRD-JA8FBOIMOM7G,CLI-PPWKS7ZN16RT,Withdrawal,,208.13,USD,,POS,,,,Colombia,Medellín,Approved,00,False,,,
TRX-OTFBGB99J6HH2JYYDN8M,2026-05-27 13:53:22,2026-05-27,PRD-A1RYWK9JOCKR,CLI-3VTT1YIPRT0V,Withdrawal,,1457979.51,COP,364.49,Web,,,,Colombia,Cali,Approved,00,False,28.61,,
TRX-FXMZKHL6RDKD2X6JJM3F,2026-05-27 13:14:01,2026-05-27,PRD-QPXROL6JB0RV,CLI-CMYQPPBPVRBC,Deposit,,4183.74,USD,,POS,,,,México,Querétaro,Approved,00,False,,,
TRX-V9W0INEJ3UO12CMTREIG,2026-05-27 13:22:51,2026-05-27,PRD-NYSB4DX5W49R,CLI-6NWDIKNJBHXL,Deposit,,3036.07,USD,,Transfer,,,,México,Puebla,Approved,00,False,27.02,,
TRX-ECMRT3RONLBB63C0UQWF,2026-05-27 14:28:47,2026-05-27,PRD-L4N9TIQY9KA0,CLI-S1TJV4C2B6IC,Transfer,,7014.59,USD,,POS,,,,México,Tijuana,Approved,00,False,11.66,,
TRX-DGUAUNTLVD9474MR8408,2026-05-27 11:41:12,2026-05-27,PRD-RKVYQUMH3BDX,CLI-Z9HDKS1FL09X,Deposit,,13129841.96,COP,3282.46,POS,,,,Colombia,Cartagena,Approved,00,False,18.81,4.2778629,-73.4946093
TRX-COPKHKJS4W88LT5DO8R8,2026-05-27 17:58:25,2026-05-27,PRD-D552HCFZKX8B,CLI-D3UFV83O6D9X,Payment,Transport,1703.39,USD,,POS,,,,México,Puebla,Approved,00,False,17.05,-0.3794437,0.4217016
TRX-TXVVBVPY6VO4IKBE3JT3,2026-05-27 11:46:18,2026-05-27,PRD-D8E6ZA0HNUT2,CLI-FLKEM7XSZR0Z,Payment,Health,1687140.3,COP,421.79,POS,,,,Colombia,Cartagena,Approved,00,False,29.07,,
TRX-DNWLO0MP77I8BXZEZU5H,2026-05-27 07:33:18,2026-05-27,PRD-J80WD4SGRG4U,CLI-R9SKS472UWUX,Withdrawal,,116440.19,ARS,332.69,ATM,SUC-7EJG5XUH,,,Spain,Valencia,Declined,14,False,14.95,,
TRX-EETWE90EPVICAR3G9LKE,2026-05-27 14:19:07,2026-05-27,PRD-LYQU79W9AUIS,CLI-3IUGVDGN0IJH,Withdrawal,,27.81,USD,,POS,,,,México,,Approved,00,False,22.26,,
TRX-C335DI8W78T9Y3UCUDNS,2026-05-27 10:30:04,2026-05-27,PRD-2PYYEVP49F1D,CLI-7Q9C3B67AV4U,Deposit,,303.8,USD,,ATM,SUC-JD6LDRA8,,,México,Puebla,Approved,00,False,23.71,,
TRX-QVBAVGSH82OM4A7R3IOP,2026-05-27 13:53:16,2026-05-27,PRD-2C3SSZG10L7K,CLI-YG2OEWKSKKQS,Withdrawal,,185.43,USD,,App,,,,México,Guadalajara,Approved,00,False,19.51,,
TRX-NP6RWJ1S1LYQEW5JX9TQ,2026-05-27 06:57:40,2026-05-27,PRD-IQA4YUOLVS4I,CLI-EU1A6A579RVV,Payment,Food,3018140.82,COP,754.54,ATM,SUC-CG5XPAZU,,,Colombia,Barranquilla,Approved,00,False,21.86,5.6252976,-73.2426673
TRX-UFGGOU2A8OQQ82M9GNYE,2026-05-27 23:32:06,2026-05-27,PRD-YGCV5SCKIBT8,CLI-FPN0X8EAW35B,Purchase,,1085580.25,COP,271.4,POS,,Centro Comercial,Other,Colombia,Medellín,Pending,51,False,12.31,,
TRX-M6FUF7T72GD9M6X4WG71,2026-05-27 11:03:56,2026-05-27,PRD-WM0JQJ405HIU,CLI-ZLGL3GTFQI4U,Transfer,,6230.08,USD,,App,,,,México,Guadalajara,Approved,00,False,5.04,,
TRX-FT15KYIC9SLP9SORR49R,2026-05-27 12:22:50,2026-05-27,PRD-VAODPF18UXXY,CLI-K9YBXLYOKKUN,Withdrawal,,1202359.67,COP,300.59,ATM,SUC-P6VSAH4U,,,Colombia,Medellín,Approved,00,False,10.28,4.4274416,-74.0732923
TRX-3P5H3VG8DQ4SXM93N2H3,2026-05-27 20:23:25,2026-05-27,PRD-PFO6SB8OOPK3,CLI-G56LN32UEPPS,Purchase,Entertainment,55174.66,ARS,157.64,ATM,SUC-4JYR8GOV,Conciertos Live,Entertainment,Argentina,Mendoza,Approved,00,False,14.83,-33.7903514,-59.2009793
TRX-053GB8U6MKCMP2VAO52A,2026-05-27 11:36:41,2026-05-27,PRD-V1ZT0D262UV3,CLI-OA7WXC96EXO4,Adjustment,,996.67,USD,,ATM,SUC-WU56M94O,,,México,Ciudad de México,Approved,00,False,16.19,-0.7168019,0.6396129
TRX-HX1D531N0JYOZNKR7VGI,2026-05-27 13:44:59,2026-05-27,PRD-Y2UKES8YVAVD,CLI-56EIOG9PYOLQ,Transfer,,765.89,USD,,ATM,SUC-OLTX380V,,,México,Tijuana,Reversed,05,False,3.53,,
TRX-8Q010CRVYIV5D8C6MN9Z,2026-05-27 17:44:29,2026-05-27,PRD-BZVDYXLVDZQK,CLI-PK02W0W7XAV6,Purchase,Food,1712454.54,COP,428.11,POS,,Super Ahorro,Food,Colombia,Barranquilla,Approved,,False,,,
TRX-EV2SIC45JXH4VCK23G7R,2026-05-27 13:03:20,2026-05-27,PRD-UHFV5ZQ6HW35,CLI-IJ1KJYPXLU46,Withdrawal,,107.49,USD,,POS,,,,México,Tijuana,Declined,14,False,13.85,-0.4232662,-0.9198198
TRX-H1HCZR4LCLNB5420CV2X,2026-05-28 02:53:21,2026-05-27,PRD-YBRDUQVDVY2W,CLI-MLRUHOGX2PVW,Withdrawal,,132.84,USD,,POS,,,,México,Querétaro,Approved,00,False,6.0,,
TRX-ASQ5ESRD2I3F5M1U4LIH,2026-05-27 07:41:37,2026-05-27,PRD-IWNC1ESX1LCO,CLI-OYAZAE4PWVRV,Purchase,Services,110.2,USD,,Web,,Servicios Públicos,Services,México,Guadalajara,Approved,00,False,27.28,,
TRX-2TUN6M20T0IK0T032XKS,2026-05-28 01:44:22,2026-05-27,PRD-7HVHZ8C0K886,CLI-3FXCJIW3TUJS,Deposit,,166.58,USD,,App,,,,Colombia,Barranquilla,Approved,00,False,21.6,,
TRX-DOPK3L4PEWQ8ZX1Q9MON,2026-05-27 14:11:25,2026-05-27,PRD-4NZBROH8HPAT,CLI-90WMUG16I83H,Payment,,1966137.48,COP,491.53,ATM,,,,Colombia,,Approved,00,False,23.41,4.0386014,-73.4997027
TRX-WA8F8AW3ZS5DTECZ8OIF,2026-05-27 12:12:35,2026-05-27,PRD-79Z4BPSAYDIY,CLI-QOPVRK5C1RKL,Transfer,,5244.41,USD,,ATM,SUC-I3D08YZO,,,México,Querétaro,Approved,00,False,25.21,-0.1012269,0.7509242
TRX-SVZC8RLDWW0PNXELNNHW,2026-05-27 11:57:46,2026-05-27,PRD-5AWLBPGXLG8R,CLI-E9UJ6D19H4YK,Payment,Other,550.53,USD,,ATM,SUC-VV9NKH6E,,,México,Querétaro,Approved,00,False,11.29,,
TRX-BCJLVZ5J5RAAW9HE5EPT,2026-05-27 07:31:08,2026-05-27,PRD-P2J9477KMLL4,CLI-5VEZHWL3N2ZB,Purchase,Services,474845.5,COP,118.71,App,,Empresa Telefónica,Services,Colombia,Medellín,Approved,00,False,3.93,,
TRX-R8CAI790XOPBN4LU218D,2026-05-27 19:37:22,2026-05-27,PRD-9AL585PFLDLB,CLI-4C4QFX7HX7E0,Transfer,,12712402.79,COP,3178.1,Web,,,,Colombia,Medellín,Approved,00,False,15.19,,
TRX-C838NAGYO3VVH5EFOFV7,2026-05-27 13:56:56,2026-05-27,PRD-9OOXVC414WSD,CLI-IKQR7HPMMLF7,Deposit,,3099.85,USD,,ATM,SUC-JD6LDRA8,,,México,Guadalajara,Approved,00,False,11.67,-0.6515745,0.4697622
TRX-4XUD709O7EAE1K43G5KC,2026-05-27 14:48:37,2026-05-27,PRD-27MRG7H9M2YM,CLI-CSIPTKOPNHFW,Withdrawal,,82145.32,ARS,234.7,App,,,,Argentina,La Plata,Approved,00,False,28.82,,
TRX-XN1UMWEDCGLBTXIWKJGK,2026-05-27 06:21:26,2026-05-27,PRD-GM9A9A19QSIV,CLI-5K8E1TIJ7XZX,Purchase,Food,184.97,USD,,ATM,SUC-KD93KQ8I,Restaurante El Buen Sabor,Food,México,Ciudad de México,Approved,00,False,,,
TRX-LQUQEQ9GR2VJPWSOD7OZ,2026-05-27 14:04:53,2026-05-27,PRD-8FRUE5SOAQG8,CLI-S27OB8Q6HDLQ,Withdrawal,,51497.66,ARS,147.14,POS,,,,Argentina,Rosario,Approved,00,False,25.48,,
TRX-BAN7QGQFH4ZWVA5VKU4S,2026-05-27 15:24:25,2026-05-27,PRD-QP5ERU441846,CLI-0PBS6PN2D77M,Purchase,Entertainment,1050850.84,COP,262.71,Web,,Conciertos Live,Entertainment,Colombia,,Approved,00,False,19.51,,
TRX-HZT84K4VQNQ4Q2KIVQ32,2026-05-27 22:36:25,2026-05-27,PRD-8BLVRADVSDIK,CLI-AQ03VICJ1OLH,Withdrawal,,105042.36,ARS,300.12,POS,,,,Argentina,Rosario,Approved,,False,20.26,,
TRX-FOXWRM38T6BQA7T37BCC,2026-05-27 19:52:08,2026-05-27,PRD-58WMXHV6RJTO,CLI-AZFZ68O6DJPI,Transfer,,8530.4,USD,,App,,,,Argentina,Córdoba,Approved,00,False,19.36,,
TRX-UV590CJB6QGTPEIAQJAK,2026-05-27 13:31:05,2026-05-27,PRD-IBO8G9X76ROU,CLI-JM9HEWVM7EFD,Withdrawal,,1982808.88,COP,495.7,POS,,,,Colombia,Medellín,Approved,00,False,26.02,,
TRX-91J63BT6D8E1WN2CM1VH,2026-05-27 21:46:08,2026-05-27,PRD-OUFQNW38SINW,CLI-R5A3893FATGB,Payment,Food,667808.75,ARS,1908.03,POS,,,,Argentina,Córdoba,Approved,00,False,,,
TRX-Y4EIF6QUGCJNCF9H63NJ,2026-05-27 15:50:45,2026-05-27,PRD-TG4KJZ6ZRFKZ,CLI-DSPFIWZAKRHE,Withdrawal,,390968.03,COP,97.74,ATM,SUC-A6PLAS9M,,,Colombia,Barranquilla,Approved,00,False,,,
TRX-ZNGO2YTQFU9RKAW78D88,2026-05-27 14:30:21,2026-05-27,PRD-DVOPXLNKG3HC,CLI-4WWUF9YIX4CP,Purchase,Health,50645.5,ARS,144.7,ATM,,Laboratorio Central,Health,Argentina,La Plata,Approved,00,False,16.1,,
TRX-472OPITT071CL6LLY9U9,2026-05-28 05:13:14,2026-05-27,PRD-15CMJWI34H0X,CLI-BW2ZGGKNSBLN,Transfer,,1954.33,USD,,App,,,,México,Guadalajara,Approved,00,False,,,
TRX-B6UZVHKXRXCO8UB3E73K,2026-05-28 00:21:12,2026-05-27,PRD-TVN9ES64CM1T,CLI-ISLBJBQSXS5D,Withdrawal,,811807.14,COP,202.95,App,,,,Colombia,Medellín,Approved,00,False,,,
TRX-SKICA0FH6PD5BG9ILZH4,2026-05-27 15:46:56,2026-05-27,PRD-4N448PQSU8RB,CLI-R8RZLBOIYWOQ,Deposit,,4799.16,USD,,ATM,SUC-F61XHTE2,,,Spain,Sevilla,Approved,00,False,29.45,,
TRX-V1P3W8O96KUZRO5680UZ,2026-05-28 02:49:27,2026-05-27,PRD-9RFFEIKP9J3S,CLI-JJGMBC44TS5B,Adjustment,,244542.98,COP,61.14,ATM,SUC-3NEGSLF6,,,Colombia,Cartagena,Approved,00,False,15.93,,
TRX-ZQJ82XIQ7OW0KYJY2J6M,2026-05-27 23:48:57,2026-05-27,PRD-FU66PTR7AWJU,CLI-0XWGQVG73DZK,Payment,Entertainment,885.91,USD,,POS,,,,México,Ciudad de México,Approved,00,False,23.32,,
TRX-T45I6UV8TL1V57SE6W47,2026-05-27 23:17:26,2026-05-27,PRD-PDD7AVQGQQ99,CLI-Y2ITK2TD4SR5,Purchase,Transport,463.58,USD,,App,,Uber,Transport,México,Puebla,Approved,00,False,25.04,,
TRX-HB6L0NYS2KBDKPPLW5UM,2026-05-27 09:33:31,2026-05-27,PRD-7ALQG3ASVXH0,CLI-E0RTTNCKNVJ4,Purchase,Food,97.57,USD,,ATM,SUC-LBPQUZ4D,Restaurante El Buen Sabor,Food,México,Guadalajara,Approved,00,False,6.76,-0.6367685,0.9348327
TRX-HX89CBSQ068CR48ORNMD,2026-05-27 09:20:30,2026-05-27,PRD-REB43E952KWY,CLI-9EK2DU43ZA1E,Deposit,,3823.28,USD,,POS,,,,Colombia,Medellín,Approved,00,False,10.94,,
TRX-JYV8NHLLIJH4DK6G1L2R,2026-05-27 16:30:59,2026-05-27,PRD-DGZLKB1099RW,CLI-VVRUQGNCVINZ,Purchase,Food,819235.98,COP,204.81,ATM,SUC-4BEKYT6U,Super Ahorro,Food,Colombia,Medellín,Approved,00,False,4.91,,
TRX-CJHZ772T71Z7620NS4TO,2026-05-27 18:49:34,2026-05-27,PRD-74KFRG71S65T,CLI-0GN99TSJ6LY9,Deposit,,519016.31,ARS,1482.9,App,,,,Argentina,La Plata,Approved,00,False,25.39,,
TRX-5V10H48EDL1J0PXNCFA3,2026-05-27 07:35:02,2026-05-27,PRD-1P3UYJ1KFXSV,CLI-PQZ2T9Y4CIK6,Withdrawal,,531744.09,COP,132.94,POS,,,,Colombia,Cali,Approved,00,False,11.26,,
TRX-DKZY4VUP40DYAIYDYM8T,2026-05-28 02:27:19,2026-05-27,PRD-29T3OCEIQ1FP,CLI-K4AOX1KXFIUG,Payment,Transport,502064.55,ARS,1434.47,ATM,SUC-RKWUVL31,,,Argentina,Rosario,Approved,00,False,,-35.5957985,-59.2927027
TRX-78B3QEF15E4DY4EHLH0K,2026-05-27 22:14:50,2026-05-27,PRD-48NENLKZU2H0,CLI-RLCXSD6GBVIS,Transfer,,6862352.31,COP,1715.59,ATM,SUC-P44GDIDS,,,Colombia,Cartagena,Declined,54,False,12.93,,
TRX-OJP6GEUXF0P4HY4E2CDK,2026-05-27 18:07:17,2026-05-27,PRD-67SZDR6SEDP9,CLI-8DHHCKGEAKPX,Deposit,,3771.15,USD,,Branch,SUC-C28AFJAZ,,,México,,Approved,00,False,,,
TRX-CRGNCAJ98XZD8ND2HKIB,2026-05-27 09:08:34,2026-05-27,PRD-BRW3IVH9J0UN,CLI-0Z0OC5MC8JI7,Purchase,Food,180.94,USD,,ATM,SUC-4ZFT9FN6,Super Ahorro,Food,México,Tijuana,Approved,00,False,,,
TRX-3U8TQR70HE512L4Y1AXT,2026-05-27 21:39:39,2026-05-27,PRD-FGTD16CH9W1B,CLI-3M81G5ALA5VV,Withdrawal,,377.97,USD,,POS,,,,México,,Approved,00,False,23.6,,
TRX-3W7LKRSF3YD0MLOM1NWO,2026-05-27 12:35:13,2026-05-27,PRD-5MCMVQNEN20V,CLI-J7LFDLQ0ADYF,Deposit,,1669.23,USD,,POS,,,,México,Monterrey,Approved,00,False,29.96,,
TRX-Q1G3KU44TNDRLVKSQCQH,2026-05-27 15:00:44,2026-05-27,PRD-QERJN6DGI440,CLI-WAUF50BVEDEC,Transfer,,12445903.72,COP,3111.48,ATM,SUC-9FWCAJXI,,,Colombia,Bogotá,Approved,00,False,23.2,4.6617602,-74.8642516
TRX-FYS4L559ZVY50M9ARCKC,2026-05-27 23:41:49,2026-05-27,PRD-TL9GPNHCA31R,CLI-ZQKLZ6D4ZU2E,Purchase,Food,100.57,USD,,App,,Restaurante El Buen Sabor,,México,Guadalajara,Approved,00,False,1.12,,
TRX-1JDY6A1GVIH079EXAERN,2026-05-27 11:22:43,2026-05-27,PRD-O7Z1HSDPFSD9,CLI-NECLF6EDV2U0,Purchase,Other,50001.17,COP,12.5,ATM,SUC-U5SARN4H,Ferretería,Other,Colombia,Medellín,Approved,00,False,,,
TRX-PECP3ORC2QFLXQUPVRLM,2026-05-27 14:18:19,2026-05-27,PRD-XQNF1SAUUX49,CLI-2FXF6J1UXPKY,Payment,Services,4978710.21,COP,1244.68,ATM,SUC-LWQND6S8,,,Colombia,Cali,Approved,00,False,20.01,,
TRX-F4CQ4FJ0IDF60DPJJ0TV,2026-05-27 18:25:06,2026-05-27,PRD-SQ2E4S3P70LX,CLI-YXCUT82GG2GI,Withdrawal,,377.46,USD,,Branch,SUC-AXEH5GB0,,,Colombia,Cartagena,Approved,00,False,29.23,5.0312498,-73.7700513
TRX-NYDO46NR00GYT5IK31IW,2026-05-27 08:07:36,2026-05-27,PRD-9F5E5LBQX5YV,CLI-VT63U1XPEINK,Payment,Transport,666678.66,ARS,1904.8,POS,,,,Argentina,Córdoba,Declined,51,False,17.81,-34.9357554,-59.375656
TRX-GPVJ0SSO1S6XI9F9L7RT,2026-05-27 19:51:56,2026-05-27,PRD-S8TSQDK1VYKH,CLI-ZX14MAGTEFMI,Purchase,Transport,207.15,USD,,ATM,,Uber,Transport,México,Puebla,Declined,51,False,25.16,0.2399117,-0.607664
TRX-UFH7B177TJN4QP8UZE8S,2026-05-28 03:14:58,2026-05-27,PRD-1NHMXXWG52RT,CLI-IXSI6AKFVJMF,Deposit,,192.11,USD,,POS,,,,Argentina,Buenos Aires,Approved,00,False,,,
TRX-NT1LZA7HR7KQIJD1NDN6,2026-05-28 04:25:29,2026-05-27,PRD-6GPZUEYFEKP1,CLI-6W14PD4Q8D2X,Transfer,,38702460.09,COP,9675.62,ATM,SUC-GPTCLR0Q,,,Colombia,Medellín,Approved,00,False,4.83,4.5232475,-74.6060112
TRX-294O3JCBQ648MPVFSQYU,2026-05-27 11:43:57,2026-05-27,PRD-9T67W4ZEAMKG,CLI-XGWKEZCJV7EX,Payment,,515512.04,ARS,1472.89,ATM,SUC-XCP0A6C8,,,Colombia,Medellín,Approved,00,False,10.15,-34.3639629,-58.1105334
TRX-2BXQM9K4P25HAYQ33CHF,2026-05-27 15:58:39,2026-05-27,PRD-PBFVFPJILIX5,CLI-FZETQZ1E54QS,Purchase,Transport,56.05,USD,,POS,,Uber,Transport,México,Puebla,Approved,00,False,16.21,,
TRX-UTU9Z37UUFOXZR1C6ME5,2026-05-27 17:44:33,2026-05-27,PRD-FBCN3CA6KS1V,CLI-RY309LAMOJAK,Payment,Transport,1056.34,USD,,POS,,,,México,Puebla,Approved,00,False,23.68,-0.2666972,0.2962521
TRX-6YAXCP5OJNXCXM20IYUL,2026-05-28 05:57:08,2026-05-27,PRD-H6SH1EG5XQST,CLI-PAH942LV9PWP,Payment,Other,1500.48,USD,,POS,,,,México,Ciudad de México,Approved,00,False,27.88,-0.5409753,-0.5355629
TRX-PM0KQVEGN7PPG34IPU3Q,2026-05-28 02:53:03,2026-05-27,PRD-43YS7NDO78GT,CLI-H53FIB23PQSO,Transfer,,4876.62,USD,,App,,,,México,Tijuana,Approved,00,False,15.8,,
TRX-KU7JXP94EXELJ793B78E,2026-05-28 05:24:33,2026-05-27,PRD-RT59N21V80ZO,CLI-HGE3ID8VJZ8V,Withdrawal,,27.91,USD,,Web,,,,México,Guadalajara,Approved,00,False,1.69,,
TRX-FTFJ4NR8ARPPTGLUY3B5,2026-05-27 13:00:07,2026-05-27,PRD-2J95OYW618LK,CLI-0L20HWH3WMNM,Transfer,,6815.49,USD,,ATM,SUC-1PSI5W5X,,,México,Querétaro,Approved,00,False,26.06,,
TRX-232R757VK1M76PFMABH9,2026-05-27 18:27:09,2026-05-27,PRD-BB1T21E12Z6D,CLI-A9EVABQBIO79,Payment,Other,804559.72,COP,201.14,POS,,,,Colombia,Cali,Approved,,False,,4.5156349,
TRX-FY9XEB7UR4HNE9C2SK84,2026-05-27 15:41:52,2026-05-27,PRD-NXWIL3T3W8X0,CLI-6850VCV486T0,Withdrawal,,165806.36,ARS,473.73,POS,,,,Argentina,La Plata,Approved,00,False,21.81,,
TRX-FXIUSNSRG1RFFMTAWE43,2026-05-28 05:20:14,2026-05-27,PRD-KUEC79ZVGQ57,CLI-NY0AFSB7S9RX,Purchase,Other,1468898.58,COP,367.22,App,,,Other,Colombia,Barranquilla,Approved,00,False,18.05,,
TRX-3UPX6ZLYJ3JT82388NJF,2026-05-28 00:36:11,2026-05-27,PRD-65ILTJ3U5YWI,CLI-ZM8TTLS7UX8R,Withdrawal,,1938381.91,COP,484.6,POS,,,,Colombia,Bogotá,Approved,00,False,12.76,4.2924549,-73.8533533
TRX-514GE8NSXS0SCDM40V9N,2026-05-28 04:29:52,2026-05-27,PRD-QV548T6GRMEJ,CLI-E4O0QOVKBK9B,Transfer,,2800053.93,ARS,8000.15,ATM,SUC-46JOBFMX,,,Argentina,Buenos Aires,Approved,00,False,18.23,-35.0153288,-57.8114756
TRX-NY1RKBFSDFSI58N5EGW3,2026-05-27 18:47:42,2026-05-27,PRD-NLO5B0E1XTH0,CLI-7JJKLQWT9YCD,Purchase,Services,264.91,USD,,ATM,SUC-DYPJLQVN,Cable TV,Services,México,Ciudad de México,Approved,00,False,0.7,,
TRX-B721V04C8Z7OJ4DJPG3A,2026-05-28 02:11:24,2026-05-27,PRD-XW30ZLYJ1TG5,CLI-9162EF1I1NH8,Payment,Health,62.82,USD,,POS,,,,México,Ciudad de México,Approved,00,False,1.79,,
TRX-QY25Z8MW78PHOQUDETAP,2026-05-27 08:48:11,2026-05-27,PRD-2OT8Z7LUQ5UG,CLI-TWPRCLMTDUGH,Purchase,Food,690504.32,COP,172.63,App,,Tienda Don José,Food,Colombia,Cali,Approved,00,False,10.23,,
TRX-WZ0JWTG8PWQ1GQJZ1TJ3,2026-05-27 16:15:59,2026-05-27,PRD-XGJBU52IJMEQ,CLI-AHNAMS71LM6R,Transfer,,11353602.01,COP,2838.4,Web,,,,Colombia,Cali,Approved,00,False,5.28,,
TRX-CQGNRM7DXJXX7KCTT5FH,2026-05-27 11:13:31,2026-05-27,PRD-RI88VXO9BUVR,CLI-NCPOFX92RTGV,Purchase,Transport,270.2,USD,,ATM,SUC-QVGF07AP,Gasolinera Express,Transport,México,Querétaro,Approved,00,False,27.83,-0.6463739,0.0209098
TRX-ID7X12C4BAXW2RJDC36I,2026-05-28 05:04:26,2026-05-27,PRD-4GD6NK1K1BBU,CLI-NURII98WHBJD,Payment,Transport,1884.02,USD,,POS,,,,México,Tijuana,Approved,00,False,12.22,,
TRX-GTS9FZJ3ETZVQTV5CZPE,2026-05-27 20:17:34,2026-05-27,PRD-S8HY9RYE6VOK,CLI-0FMYQ8UEK8X9,Payment,Entertainment,1633.86,USD,,ATM,SUC-4XKHST63,,,México,Ciudad de México,Approved,00,False,,,
TRX-18TIQDMVGTMNIEU0JGWO,2026-05-27 18:32:34,2026-05-27,PRD-MTJMSXQA0ARP,CLI-FT65Q19Z81X1,Payment,Food,1204.07,USD,,POS,,,,México,Puebla,Approved,00,False,1.8,,
TRX-DYF0LP6N9FACWVX7L6QD,2026-05-28 02:37:20,2026-05-27,PRD-HN571GQ9UKTG,CLI-C6L949E6XN61,Withdrawal,,297.01,USD,,App,,,,México,Guadalajara,Approved,00,False,3.11,,
TRX-GG2Z16ZDV3FC4LXYO8B1,2026-05-27 15:15:49,2026-05-27,PRD-4CF568E6BA3Z,CLI-57FR0XK5XFQS,Purchase,Health,189.18,USD,,POS,,Farmacia Salud,Health,Colombia,Barranquilla,Approved,00,False,4.76,,
TRX-KFS043J1H6UZE67JM9W9,2026-05-27 16:46:11,2026-05-27,PRD-2TO2D0V4XLRN,CLI-6OSDPA4AN0DO,Transfer,,4070.5,USD,,POS,,,,Spain,Barcelona,Approved,00,False,21.96,0.5498514,-0.9301861
TRX-ULKV6ZPFTO7LR2SB475D,2026-05-28 04:55:19,2026-05-27,PRD-F40SFHWGXRYR,CLI-9IA1YMTS02XD,Purchase,Transport,173845.95,COP,43.46,Web,,Uber,Transport,Colombia,,Approved,00,False,,,
TRX-GZSVCI7QF35VDDHZZ312,2026-05-28 02:08:55,2026-05-27,PRD-RD2VNKGIS4ZN,CLI-UNIRV0EVN2KZ,Transfer,,4361.01,USD,,ATM,SUC-98QOW3F1,,,México,Guadalajara,Approved,00,False,18.11,,
TRX-AAV2QEGA56O2J5HKS440,2026-05-27 17:11:02,2026-05-27,PRD-C9T2P0NR5BQ1,CLI-3CT67GUN5795,Withdrawal,,142.31,USD,,App,,,,México,,Approved,00,False,9.19,,
TRX-FHI17WSCPPJ2IY2ZEBQ0,2026-05-28 00:09:38,2026-05-27,PRD-KQ7TSG6CZR5T,CLI-ICMRZGX2624B,Withdrawal,,44444.08,ARS,126.98,POS,,,,Argentina,La Plata,Approved,00,False,,,
TRX-X7LZUOF03DPKM55YOWEU,2026-05-27 09:38:46,2026-05-27,PRD-CK5WJ4JCFTFJ,CLI-LU8Y6E7AMPA0,Transfer,,3722.85,USD,,POS,,,,México,Querétaro,Declined,14,False,24.16,,
TRX-UTR8JXB5ZR6DF7HD3D4K,2026-05-27 19:53:03,2026-05-27,PRD-TETLTKBWD27M,CLI-RKRNJQC8IRX1,Payment,Food,1775.02,USD,,Transfer,,,,México,Monterrey,Approved,00,False,,,
TRX-FDNTCCDWCPT7FI35AMB4,2026-05-27 13:32:25,2026-05-27,PRD-J8E2WNZ0OV12,CLI-L75IITPCBCF9,Transfer,,13221146.51,COP,3305.29,POS,,,,Colombia,Bogotá,Approved,00,False,28.85,,
TRX-6661S81FGZIV94NHO0DQ,2026-05-27 23:31:04,2026-05-27,PRD-X84LP2DMJTG4,CLI-QB0WI2MG1YX3,Withdrawal,,344.67,USD,,App,,,,México,Guadalajara,Approved,00,False,4.41,,
TRX-F9H8YMI6YVQUZSHXYE4U,2026-05-27 07:00:11,2026-05-27,PRD-2JXN13UWA6Q6,CLI-YF0HMEJCYPZJ,Transfer,,1889.74,USD,,ATM,SUC-QZU3WHKF,,,México,Ciudad de México,Declined,14,False,13.76,,
TRX-ZEKA3LMCWP4AQLX9M11F,2026-05-27 14:14:34,2026-05-27,PRD-KG3PRY5DRYRJ,CLI-QAHMKB45MHOE,Transfer,,546.28,USD,,App,,,,México,Guadalajara,Declined,54,False,20.92,,
TRX-VCYZAIIBY3YMBRQBL9EA,2026-05-27 21:11:19,2026-05-27,PRD-LWRIW4272RXK,CLI-WD94G2FV8JL8,Purchase,Transport,190.4,USD,,Branch,SUC-4ML8OJM1,Taxi Seguro,Transport,México,Puebla,Approved,00,False,,0.8823526,0.4038543
TRX-FEICNDL51A3VHLCBZLJZ,2026-05-28 03:02:14,2026-05-27,PRD-K9N0U34DY1RM,CLI-UVUVC6GQJYKQ,Payment,Services,596.09,USD,,ATM,SUC-JYU0POJ9,,,México,,Approved,00,False,23.07,,
TRX-YK0GP4KEILHZO6QPET6C,2026-05-27 14:18:37,2026-05-27,PRD-PVGOHJN2M4F0,CLI-BXO940CXKXO5,Purchase,Transport,357.02,USD,,App,,Gasolinera Express,Transport,México,Querétaro,Approved,00,False,21.49,,
TRX-I0CQ014VSB7XDXWRRURC,2026-05-27 14:07:28,2026-05-27,PRD-2W7M8TCHC4W3,CLI-5P7D720LZASZ,Payment,Entertainment,1027.54,USD,,ATM,SUC-6A2UBEHN,,,Colombia,Cali,Declined,54,False,16.2,0.3055834,0.0163866
TRX-F919HSFBTTSMKBEMPMMG,2026-05-27 15:57:07,2026-05-27,PRD-G4G69DEQIJ2G,CLI-BUNYZRWGQZPK,Transfer,,2212.76,USD,,POS,,,,México,Monterrey,Approved,00,False,,,
TRX-Z94K6ZMTKC0XONR8HBS2,2026-05-27 06:22:14,2026-05-27,PRD-PTW97SIP2RK8,CLI-F5MOPRJGS5K0,Transfer,,4896.54,USD,,App,,,,Spain,Madrid,Approved,00,False,22.15,,
TRX-05TQAU9K8C4SYT103SZ9,2026-05-27 20:18:27,2026-05-27,PRD-Q47426L9WORI,CLI-2OHN37QE8P37,Transfer,,6276.81,USD,,Web,,,,México,Tijuana,Approved,00,False,28.03,,
TRX-HH4TEIR2COSS03NQLILH,2026-05-27 06:36:08,2026-05-27,PRD-3N3M5IRPZ1KI,CLI-9GXLZPIOTC62,Transfer,,20596953.5,COP,5149.24,Web,,,,Colombia,,Approved,00,False,8.49,,
TRX-Z6YGDP5WAHWUU8ZCQV4G,2026-05-27 11:48:51,2026-05-27,PRD-NLPFXP3LKVKL,CLI-7JNKI3PDP61B,Deposit,,19743367.22,COP,4935.84,ATM,SUC-LBZFJAU6,,,Colombia,Cali,Approved,00,False,15.32,,
TRX-CWW5WK643ZF52GQWB26M,2026-05-28 05:36:40,2026-05-27,PRD-NPJ2PNTKCAQS,CLI-PVZ2YZ11EBZM,Payment,Transport,1897.18,USD,,ATM,SUC-P5YISP64,,,México,Tijuana,Approved,00,False,5.12,-0.8224688,-0.8121684
TRX-TY9Q7W5RYDTA8J2P363L,2026-05-27 18:41:28,2026-05-27,PRD-Z9URZ9MYXG1U,CLI-7H8EGL248DEL,Withdrawal,,510436.0,COP,127.61,Branch,SUC-E5CCM8ZI,,,Colombia,Barranquilla,Approved,00,False,21.64,4.5000106,-74.2487703
TRX-EAOYF93R1NW0TNQZTKJL,2026-05-27 16:43:10,2026-05-27,PRD-ZUD5HNDYS8RQ,CLI-C2AS9XA8N10Z,Payment,Services,1306.6,USD,,POS,,,,México,Guadalajara,Approved,00,False,28.27,,
TRX-CQ9VW7LE87NHJTJ8T2UU,2026-05-27 12:58:27,2026-05-27,PRD-MO3RO88I5SQ6,CLI-QT8K2SP1BL2U,Purchase,Services,97.83,USD,,POS,,Internet Plus,Services,México,Querétaro,Approved,00,False,3.16,,
TRX-1SVAGKTI4P6SQO4EKDXI,2026-05-27 15:21:31,2026-05-27,PRD-JE7I0VG0EOQH,CLI-ZZQMRI41KGU4,Payment,Services,268.79,USD,,POS,,,,México,Puebla,Approved,00,False,0.81,-0.7674545,-0.5355464
TRX-GF1ED9KYYH2H31A0KYYP,2026-05-27 22:29:07,2026-05-27,PRD-9LSRVNLLTA4V,CLI-R616W5537TQ6,Transfer,,3003030.52,ARS,8580.09,Branch,SUC-3JIR51SL,,,Argentina,Rosario,Approved,00,False,,,
TRX-Z0VXAU0S8LCYMW5YJW5U,2026-05-27 15:54:39,2026-05-27,PRD-S7080RB5PHXV,CLI-KWPQNOPEVUNX,Purchase,Health,160.13,USD,,ATM,SUC-SUAMAVYV,Clínica Médica,Health,México,Querétaro,Approved,00,False,20.52,,
TRX-RU2DMFAF4KKP5G45C9A8,2026-05-27 22:46:13,2026-05-27,PRD-APUKUWA311FA,CLI-N1YPD9XOGZ3B,Deposit,,3841.78,USD,,App,,,,México,Ciudad de México,Approved,00,False,21.56,,
TRX-W9XUG5P9UYTN09ZQE8C8,2026-05-27 19:56:50,2026-05-27,PRD-8TGUDY2WFX1T,CLI-ZM08OX49IIVM,Transfer,,14207130.77,COP,3551.78,ATM,SUC-JARPMK7O,,,Colombia,Cali,Declined,05,False,16.12,,
TRX-1MJI4QAXF7TZO95HMJ49,2026-05-28 04:45:58,2026-05-27,PRD-BM10WU3IHYNX,CLI-IJW5ATG8SIME,Withdrawal,,61.19,USD,,POS,,,,México,,Approved,00,False,28.12,,
TRX-OM7GPYLHKIURHLDP47YV,2026-05-27 07:19:13,2026-05-27,PRD-X2UUPHM823UI,CLI-SOJMDCP7XRP2,Deposit,,17552961.87,COP,4388.24,POS,,,,Colombia,Bogotá,Approved,00,False,18.85,,
TRX-M0DNENU50H0A7U5C2311,2026-05-28 03:58:55,2026-05-27,PRD-XG4MJS9H53EA,CLI-8WQ2W88VMKV5,Deposit,,2763.31,USD,,POS,,,,México,Ciudad de México,Approved,00,False,3.46,,
TRX-085Z1FFVCZYJEGEBFKGJ,2026-05-27 11:56:13,2026-05-27,PRD-VSZT1KYR6PK3,CLI-K5AHRYVZO5D6,Deposit,,599.2,USD,,Web,,,,México,Tijuana,Approved,00,False,,,
TRX-726MVLR7E4JPP1V76PPE,2026-05-27 23:49:52,2026-05-27,PRD-1G8MILAW92W2,CLI-LT58HLN4BB71,Purchase,Food,71927.68,ARS,,POS,,Mercado Central,Food,Argentina,Córdoba,Approved,00,False,10.22,-34.2840835,
TRX-NBPDME8JMLTEBRRVG7VG,2026-05-27 13:24:26,2026-05-27,PRD-HYUHU3HP2J6N,CLI-V395SVWZL6I6,Transfer,,1559.32,USD,,ATM,SUC-KNGCTTUB,,,México,Guadalajara,Approved,00,False,20.67,,
TRX-L32XO84VJUKSLZSG1QJK,2026-05-27 14:41:27,2026-05-27,PRD-7LXD1CC1ZZVY,CLI-NQIG374AYXLK,Purchase,Food,945179.78,COP,236.29,POS,,Tienda Don José,Food,Colombia,Medellín,Approved,,False,,3.9634559,-74.56559
TRX-HUZ9MTP1N0CMIS4FIJTD,2026-05-27 20:09:52,2026-05-27,PRD-33T31TUE70V8,CLI-Q7RZ8V8T8ENU,Payment,Services,1173.92,USD,,POS,,,,México,Puebla,Approved,00,False,20.63,,
TRX-JTI8GF0R9BO33RZSQYA3,2026-05-27 08:01:01,2026-05-27,PRD-MJTF1OS20O8M,CLI-X9I9S37DNGVI,Transfer,,25786048.23,COP,6446.51,ATM,SUC-8UUCS42Y,,,Colombia,Bogotá,Approved,00,False,4.76,,
TRX-W9I4ZCGMQ5AIX2GMPRIG,2026-05-27 20:45:03,2026-05-27,PRD-AFK5GP3N5UVQ,CLI-EJ6TONVDFVCI,Withdrawal,,138282.19,ARS,395.09,ATM,SUC-0MPZUQLJ,,,Argentina,Buenos Aires,Declined,51,False,12.17,-34.3891238,-58.298531
TRX-TPPZX0N3Q2SXT1BTK727,2026-05-27 11:29:10,2026-05-27,PRD-AP954MZG8AKR,CLI-Y6FEFU1OD8J5,Payment,Entertainment,357791.79,ARS,1022.26,POS,,,,Argentina,Mendoza,Approved,00,False,0.79,-33.8628919,-58.3487675
TRX-1UJT73JYMOLLFLFFMZP4,2026-05-28 03:37:14,2026-05-27,PRD-IXBC0P4BP2ET,CLI-ISKZEP0I1MOK,Payment,Transport,662.67,USD,,POS,,,,México,Monterrey,Approved,00,False,0.82,,
TRX-E9YMY46FVDHPX7HR4IJL,2026-05-27 10:37:29,2026-05-27,PRD-H7GRPE9K98HM,CLI-2TMVFVFNMO61,Transfer,,327.57,USD,,POS,,,,México,Monterrey,Approved,00,False,11.58,,
TRX-8FWIAOELQOGB7I3NQTFY,2026-05-28 05:25:30,2026-05-27,PRD-V3B43JW951NK,CLI-MTEIK02DERBX,Purchase,Transport,72554.64,ARS,207.3,Web,,Estación de Servicio,Transport,Argentina,,Approved,00,False,1.55,,
TRX-MU6GUF3X2OM7YCTQ2ZYB,2026-05-27 17:15:35,2026-05-27,PRD-PJLBBB3X9RMD,CLI-FR1W0QEHC6GS,Payment,Food,1498.01,USD,,POS,,,,México,Puebla,Approved,00,False,2.75,0.93853,0.4781139
TRX-RXB027IUVAE73SMGPQA9,2026-05-28 04:39:16,2026-05-27,PRD-ICM678ETF76T,CLI-OXP8JJ0R9LQX,Payment,Other,7356343.48,COP,1839.09,POS,,,,Colombia,Medellín,Declined,51,False,,,
TRX-U32JO7AZWS0BM9PQ4SBW,2026-05-27 22:42:02,2026-05-27,PRD-7MT47SMLVE51,CLI-2U2FI4ZU3FIN,Purchase,Food,75.31,USD,,POS,,Super Ahorro,Food,Argentina,Mendoza,Approved,00,False,21.08,-33.7430659,-58.9016903
TRX-URO97V98304V0EDHTQZR,2026-05-27 14:28:42,2026-05-27,PRD-8PS0APES9P6I,CLI-63LNFW22D3MV,Withdrawal,,575311.79,COP,143.83,Web,,,,Colombia,Cali,Approved,,False,4.9,,
TRX-WWTCAEA1X3TWOIC3NK5T,2026-05-27 13:39:43,2026-05-27,PRD-4WESWJ43P0WF,CLI-L4XCB3IEJ59Z,Purchase,Entertainment,74.92,USD,,Transfer,,Teatro Nacional,Entertainment,México,Guadalajara,Approved,00,False,14.06,,
TRX-5YJCMU03C3KMW8WVPRUD,2026-05-28 05:30:43,2026-05-27,PRD-RVULHVTQBEG3,CLI-GF1NGO53E6KG,Transfer,,2520701.78,ARS,7202.01,ATM,SUC-UE04XBQH,,,Argentina,,Approved,00,False,4.44,-34.3081712,-57.8429008
TRX-WK6PLRUJ2D2K90OBZVHR,2026-05-28 05:59:53,2026-05-27,PRD-9AZHBGM0SI3D,CLI-TN140E8N0XO1,Withdrawal,,326.53,USD,,POS,,,,México,Ciudad de México,Approved,,False,26.95,,
TRX-WAJM44IEJQII0W8UULX4,2026-05-27 14:01:31,2026-05-27,PRD-FHAFD2BX5BGH,CLI-S7PR6ERNUGN6,Transfer,,3413.66,USD,,ATM,,,,México,Ciudad de México,Approved,00,False,6.57,,
TRX-B781BJXWI24VJC97J9PR,2026-05-27 13:33:28,2026-05-27,PRD-W35UKXM15C2H,CLI-N5P7GT5GQ12E,Withdrawal,,145.03,USD,,ATM,SUC-SFEFYC6O,,,México,Puebla,Approved,00,False,,,
TRX-JDTCFX3VXAO43YO91FUK,2026-05-27 19:56:42,2026-05-27,PRD-6LQMX5B3DT1B,CLI-SEQP2GK4QJL0,Transfer,,1259836.67,ARS,,POS,,,,Argentina,Mendoza,Approved,00,False,26.84,-33.7826869,-59.0588965
TRX-SBBSH4LUZQFC2YEWFJRV,2026-05-27 09:54:05,2026-05-27,PRD-T9HGNSQLVQSL,CLI-YF0HMEJCYPZJ,Transfer,,2620.96,USD,,ATM,SUC-WSSLNOPN,,,USA,,Approved,00,False,0.21,0.9004763,-0.7016305
TRX-JZULIHE4WPF4LSJKHGS9,2026-05-27 10:05:11,2026-05-27,PRD-FATMFG3QIWQQ,CLI-OL0ZG8UIHFGV,Transfer,,9137.17,USD,,Web,,,,México,Guadalajara,Approved,00,False,7.79,,
TRX-8YVTS55VZP81TI2UD1FY,2026-05-28 03:34:30,2026-05-27,PRD-608Y519QJSDJ,CLI-7VJUOLWXFOXU,Payment,Other,6721953.61,COP,1680.49,ATM,SUC-H9U13579,,,Colombia,Cali,Approved,00,False,1.56,,
TRX-O21VAIA1XMQ2ZEODD2AS,2026-05-27 08:05:36,2026-05-27,PRD-VPEQ5NRWDLMB,CLI-6EQYDSS4JRAZ,Purchase,Entertainment,28437.37,ARS,81.25,POS,,Teatro Nacional,Entertainment,Argentina,La Plata,Approved,00,False,19.4,,
TRX-68FD988F6UTNFF0OE747,2026-05-28 02:53:10,2026-05-27,PRD-4X9WBSC815P3,CLI-K3Q41SCGSDBS,Deposit,,4938.83,USD,,ATM,SUC-XEEDD28B,,,México,Puebla,Approved,00,False,2.2,-0.7621658,-0.379294
TRX-0SH4UKAAZQ54AC4QO99O,2026-05-28 03:16:52,2026-05-27,PRD-MYJDYCLD5DP8,CLI-JD2P5FJUULUP,Adjustment,,770.99,USD,,POS,,,,México,Ciudad de México,Declined,54,False,3.58,,
TRX-HAZWOOBGDDLXGMFBQ5T0,2026-05-27 12:28:23,2026-05-27,PRD-FVWY8QV5WCGC,CLI-ABU4O0ZXHT06,Deposit,,4789.61,USD,,ATM,SUC-KT11NKNR,,,México,Querétaro,Approved,00,False,9.2,-0.6424177,-0.3664799
TRX-511ACF5TYYS2CTI7UB6U,2026-05-27 21:34:15,2026-05-27,PRD-AI3XM865DTX2,CLI-5GLQIY73EV4A,Withdrawal,,329.4,USD,,ATM,SUC-QVGF07AP,,,México,Puebla,Approved,00,False,26.16,-0.129508,0.1936071
TRX-Z50ARHTB1WFPEWFCOGEZ,2026-05-28 05:19:00,2026-05-27,PRD-E0B2YFYNB2ZJ,CLI-UDH4I244UQUS,Deposit,,4437.39,USD,,Branch,SUC-2LW7L4Y3,,,Colombia,Barranquilla,Approved,00,False,18.92,,
TRX-YJGE1NXNI26KG8BMLVH6,2026-05-27 15:08:21,2026-05-27,PRD-3D6BL1DASBDP,CLI-OX32K367ZUQR,Purchase,Services,117.31,USD,,ATM,SUC-UV1CR4D5,Servicios Públicos,Services,México,Ciudad de México,Approved,00,False,8.03,,
TRX-78R5SSORZS5NP0EB97O2,2026-05-28 01:21:23,2026-05-27,PRD-YBGT07MRTAC6,CLI-XQ2DSUXX08RZ,Purchase,Transport,8.15,USD,,App,,Gasolinera Express,,México,Puebla,Approved,00,False,3.03,,
TRX-LIF7RS0HEW7TL8U6JBDM,2026-05-27 11:54:26,2026-05-27,PRD-AP7IYVJU8GCB,CLI-ZQCV77U24T4I,Transfer,,405.83,USD,,POS,,,,México,Tijuana,Approved,00,False,20.61,,
TRX-L9O275EXH0MZIW63M91Y,2026-05-27 08:23:41,2026-05-27,PRD-O1IQ9KD9KLU8,CLI-XSGCADV0NWQC,Deposit,,2345.53,USD,,POS,,,,México,,Approved,,False,16.67,,
TRX-RE012T5IT9RNZMI34F9E,2026-05-28 03:41:00,2026-05-27,PRD-OIP5OSIMLSPB,CLI-45YPOQ7DXZ5T,Transfer,,782462.27,ARS,2235.61,App,,,,Argentina,Córdoba,Approved,00,False,12.11,,
TRX-6X1C5T5QKSMLBPBY2266,2026-05-27 14:43:32,2026-05-27,PRD-UVGVG84FD3B4,CLI-DG9Z4JO6JCOK,Transfer,,1435.1,USD,,Web,,,,México,Ciudad de México,Approved,00,False,22.31,,
TRX-6L36JF02M46V98PG35QL,2026-05-27 18:25:19,2026-05-27,PRD-C4ZMSR21TIIS,CLI-235PTF5L7ZB4,Purchase,Services,170110.53,ARS,486.03,App,,Empresa Telefónica,Services,Argentina,Buenos Aires,Approved,00,False,0.81,,
TRX-4VMK6CQYRKT0SB7JXK62,2026-05-27 11:42:47,2026-05-27,PRD-AIOBTVBOOQNW,CLI-IYD7V8B1RA9A,Deposit,,3116.09,USD,,Web,,,,México,Guadalajara,Approved,00,False,27.03,,
TRX-AJ30W2MOXPPGNAQOPAYQ,2026-05-27 16:01:19,2026-05-27,PRD-XO5DLSWVPO24,CLI-1FRKCKN1LS1R,Withdrawal,,357.7,USD,,POS,,,,México,Monterrey,Approved,00,False,25.03,,
TRX-5B4TU8JLN5JKN1BL6KN5,2026-05-27 11:22:40,2026-05-27,PRD-KDS0XCTMBNKR,CLI-QL9LYOAAI0IP,Transfer,,7161.68,USD,,ATM,SUC-F61XHTE2,,,México,Ciudad de México,Approved,00,False,26.11,,
TRX-IENW8OLXZ60B80MP0VHX,2026-05-27 15:16:30,2026-05-27,PRD-0SCZ6XWC3OI8,CLI-90J5ZX1CLKC0,Transfer,,11199126.42,COP,2799.78,POS,,,,Colombia,Barranquilla,Approved,00,False,20.76,,
TRX-2YB7I48D3Y1N5R8BG5OE,2026-05-27 19:14:20,2026-05-27,PRD-RMXF6X6WIAIE,CLI-XBNDPX3C78V4,Transfer,,9259.88,USD,,App,,,,México,Monterrey,Approved,00,False,16.85,,
TRX-XTJOIUCS62G1RGKPOIVY,2026-05-28 04:54:08,2026-05-27,PRD-E7Y9TGGPDC9D,CLI-72289JX2ZS96,Purchase,Health,461.96,USD,,POS,,Farmacia Salud,Health,México,Puebla,Approved,00,False,,-0.6808841,
TRX-LD60YAJKS3U34KJD7P8U,2026-05-27 11:57:44,2026-05-27,PRD-QS1U1C7DI9Q6,CLI-N5YUVG4C5DEW,Withdrawal,,136376.77,ARS,,ATM,SUC-JBECVTZ8,,,Argentina,Mendoza,Approved,00,False,24.87,,
TRX-ZIXQ0NITXEKD4NASP17F,2026-05-28 00:52:31,2026-05-27,PRD-L927I0TP00US,CLI-JFIOCACKP4L5,Deposit,,8644160.06,COP,2161.04,App,,,,Colombia,Medellín,Approved,00,False,8.38,,
TRX-VNHZJUU4KPWYRYGBDDZK,2026-05-27 12:47:08,2026-05-27,PRD-X9Y63XQRSBKY,CLI-L33QLJQMGKG4,Withdrawal,,458.29,USD,,App,,,,México,Monterrey,Approved,00,False,,,
TRX-VJ5OK419RRA769O0FLO0,2026-05-27 06:26:45,2026-05-27,PRD-ICVVS228TO2M,CLI-8W6PJCKNQSMJ,Withdrawal,,241.24,USD,,POS,,,,México,Querétaro,Approved,00,False,18.48,,
TRX-8E7IZUH75I3ZZLRQNTTW,2026-05-27 07:20:56,2026-05-27,PRD-TBMRITAQR5G1,CLI-5C3GITNOSD4D,Withdrawal,,116614.33,COP,,App,,,,Colombia,Cali,Approved,00,False,5.56,,
TRX-H1YIORUDICITRVI8M6WT,2026-05-27 10:34:49,2026-05-27,PRD-DM0RC5XKUI6P,CLI-2ZQTL103UXRS,Deposit,,16775484.15,COP,4193.87,ATM,SUC-85YWBJ74,,,Colombia,Barranquilla,Approved,00,False,11.63,,
TRX-WM8XKKC7HS73DU8PXR3C,2026-05-27 07:59:04,2026-05-27,PRD-QX77ELR1MIW6,CLI-Y354UDEITL8L,Purchase,Health,405.45,USD,,Web,,Farmacia Salud,Health,Colombia,Barranquilla,Reversed,,False,18.98,,
TRX-AJTIGLAU65VT2R3ZHBPX,2026-05-27 17:58:29,2026-05-27,PRD-MBFEUUZF4SQS,CLI-WELRDVCWNPL6,Withdrawal,,461.63,USD,,Web,,,,México,Tijuana,Approved,00,False,27.3,,
TRX-3JZKE5A2DV6BEDE9YIF1,2026-05-27 08:30:21,2026-05-27,PRD-3FBE5NH78ODU,CLI-MBWFQWH9HDEJ,Transfer,,1120568.72,ARS,3201.62,POS,,,,Argentina,La Plata,Approved,00,False,,-35.498221,-57.9958167
TRX-RAP3SBQCGJUPAN3ABWZ3,2026-05-28 02:53:29,2026-05-27,PRD-IKAVGC9ZJ4LY,CLI-H79ZBMIH1W2R,Withdrawal,,317.93,USD,,Web,,,,USA,Miami,Approved,00,False,17.82,,
TRX-CG8BVD32CHOF3G4C0A6H,2026-05-27 13:56:26,2026-05-27,PRD-R4K1VATOMVRU,CLI-WL0ST3GAOYCN,Payment,Services,66734.18,ARS,190.67,POS,,,,Argentina,Mendoza,Approved,00,False,,-35.3443944,-58.6087955
TRX-RYS1BVRPI0THV6LI5JZR,2026-05-28 04:02:37,2026-05-27,PRD-2ZEAAGKG78KN,CLI-8BXG75YYLWCN,Purchase,Services,1600352.54,COP,400.09,POS,,Cable TV,Services,Colombia,Medellín,Approved,00,False,14.96,,
TRX-1BREOM3QGKKH092O2WUL,2026-05-27 19:01:24,2026-05-27,PRD-9CN2KEDZ96S4,CLI-B28NK3Y55AYT,Deposit,,14637314.99,COP,3659.33,POS,,,,Colombia,Cartagena,Approved,00,False,11.95,5.1764823,-73.5116296
TRX-ZJO5KTUUJELON7D1Q8Z9,2026-05-27 18:11:00,2026-05-27,PRD-Y3P45H6344EG,CLI-DC14QVIMW7SQ,Deposit,,432941.37,ARS,1236.98,App,,,,Argentina,La Plata,Approved,00,False,14.64,,
TRX-HZA6EIGQS580MMK04DDH,2026-05-28 00:55:26,2026-05-27,PRD-KS0NO4M64HPA,CLI-R99XTZUSFRSQ,Withdrawal,,70648.24,ARS,,Branch,SUC-RAI81ICG,,,Argentina,Rosario,Approved,00,False,20.65,,
TRX-MULSGO0878Z4NS05U3GS,2026-05-27 14:13:31,2026-05-27,PRD-UIEFRSH20IU4,CLI-0K9JMMV4070K,Adjustment,,42.78,USD,,POS,,,,Argentina,Rosario,Approved,00,False,4.07,,
TRX-3ROG4J1UC0IFNDCNV30C,2026-05-27 12:07:02,2026-05-27,PRD-PJMMX6LS4YI6,CLI-ICRY7YRPA9CR,Deposit,,3797.75,USD,,POS,,,,México,Querétaro,Approved,00,False,2.93,-0.2008142,-0.8083418
TRX-0E16S717VMRJO9KJXXVL,2026-05-27 13:30:47,2026-05-27,PRD-7N1US2X40E2R,CLI-Z8F7PM52MQC8,Purchase,,1541349.82,COP,385.34,POS,,Mercado Central,Food,USA,Los Angeles,Approved,00,False,28.51,,
TRX-XLYUPODQYT1XSSA5S4EZ,2026-05-27 11:36:30,2026-05-27,PRD-9WKLHKQCCV6J,CLI-LSZDDJ02T0MD,Payment,Food,424.65,USD,,ATM,SUC-YH0U3LVW,,,Colombia,Cartagena,Approved,00,False,24.26,4.073179,-74.8806746
TRX-CVOCRLBSZON3X1GTCG1R,2026-05-27 19:03:09,2026-05-27,PRD-F401M4WQHY42,CLI-UD4XIFGST6TV,Transfer,,2497331.47,ARS,7135.23,POS,,,,Spain,Sevilla,Approved,00,False,25.78,,
TRX-BQ7RDHK8M5O4ZT2MLVSO,2026-05-27 16:22:35,2026-05-27,PRD-43X3Q8MOAPN3,CLI-B6Z1DKUPAHSA,Deposit,,1347.25,USD,,App,,,,México,Monterrey,Approved,00,False,13.95,,
TRX-18IGTAGR9F5YQYNAH4MC,2026-05-27 16:56:38,2026-05-27,PRD-YWUNAOQ33N4D,CLI-NR6QQXLLKQJ6,Transfer,,2794.53,USD,,POS,,,,México,Monterrey,Approved,00,False,,,
TRX-FHXEC9HB1A7YHCIJWEZY,2026-05-28 01:58:50,2026-05-27,PRD-6IJ5VMOH9SYA,CLI-4P0SRRHZNEAW,Payment,Health,359.14,USD,,ATM,SUC-7TVQFT2O,,,México,Ciudad de México,Approved,00,False,12.39,0.8583614,-0.8075434
TRX-L1ZXOQXEOAJU5ATXMR0S,2026-05-27 17:37:30,2026-05-27,PRD-HQWYNH4VGZPU,CLI-K9V8J3ZBPOX2,Deposit,,9592598.28,COP,2398.15,ATM,SUC-I7CB5PA8,,,Colombia,Bogotá,Approved,00,False,6.61,5.2251794,-73.1282996
TRX-4HPER1LG8NVRJY7QJVTR,2026-05-27 15:42:33,2026-05-27,PRD-0ASETNMCJISA,CLI-R4MESRVUW158,Purchase,,237.99,USD,,ATM,SUC-BDUFJ6GZ,Tienda Don José,Food,México,,Approved,00,False,1.5,,
TRX-G5KB6WDAYI160F8DCT4N,2026-05-27 13:03:28,2026-05-27,PRD-F0QKNPYHXPIS,CLI-77C8QNFPEYTS,Purchase,Other,86.8,USD,,Web,,Ferretería,Other,México,Querétaro,Approved,00,False,22.97,,
TRX-YQRZ95M3GQJZVYONF6HO,2026-05-27 19:58:01,2026-05-27,PRD-JNTZF5LUPFBV,CLI-I8D76HLQJXAS,Withdrawal,,428.44,USD,,App,,,,México,Tijuana,Approved,00,False,10.95,,
TRX-GN9QXT74O4FU8MGYO3N2,2026-05-27 13:55:52,2026-05-27,PRD-2STY0D6WKNCJ,CLI-Q1X374Q6RPX6,Withdrawal,,144489.47,COP,36.12,ATM,SUC-A6PLAS9M,,,Colombia,Medellín,Approved,00,False,0.09,4.0180537,-74.7647902
TRX-QKSEHLHEAHGFSR3E43Z2,2026-05-27 18:25:22,2026-05-27,PRD-99VXE75JF4KZ,CLI-GMM7AYOSTWGU,Payment,Food,2502075.21,COP,,ATM,SUC-5AXOWGN3,,,Colombia,Bogotá,Approved,00,False,23.67,,
TRX-32G0JA6SON08LICJM2YV,2026-05-27 08:53:00,2026-05-27,PRD-ABVHSBCBVLHI,CLI-7SP0OLLJ4IHA,Purchase,Health,168.12,USD,,Transfer,,Óptica Visión,Health,México,Guadalajara,Approved,,False,8.99,,
TRX-4HSJC8I7OJAUQUYHBNK4,2026-05-27 08:59:25,2026-05-27,PRD-U13RFBD61EIC,CLI-JX5F2LM5OGAR,Purchase,Food,210.16,USD,,App,,Restaurante El Buen Sabor,Food,México,Ciudad de México,Approved,00,False,27.25,,
TRX-0SO203I5164NIBDSP6CM,2026-05-27 19:34:09,2026-05-27,PRD-RSK797IQ9BT8,CLI-A8MUZZ96PJK9,Withdrawal,,1335379.21,COP,333.84,ATM,SUC-ZCLZ4UQA,,,Colombia,Medellín,Approved,00,False,,,
TRX-XUQOKN7QKUXN3IWRSS5S,2026-05-28 03:26:03,2026-05-27,PRD-Q1CC45JCML7Z,CLI-ZS0FDLCC49B7,Purchase,Other,167383.51,ARS,478.24,ATM,SUC-XHNP3DLP,Boutique Moda,Other,Argentina,La Plata,Approved,00,False,27.47,,
TRX-LVJN8ZL1JJEWFPC4F55J,2026-05-27 21:12:56,2026-05-27,PRD-EM5MBQTX5MWD,CLI-XRAMY3YMTRCM,Transfer,,6741.84,USD,,ATM,SUC-7G8CGE3F,,,México,Querétaro,Declined,05,False,24.42,,
TRX-14WOQGIYDCVILF5SRCOW,2026-05-27 10:32:19,2026-05-27,PRD-5KTHQRMCTUCR,CLI-EFPWZP1UNTRF,Withdrawal,,500065.4,COP,125.02,App,,,,Colombia,,Declined,,False,7.44,,
TRX-PBTRA6WMNFDGCFIWTNM7,2026-05-27 22:04:37,2026-05-27,PRD-MJPVUUFHOCCO,CLI-7EYPFQOF3JLK,Transfer,,9495.05,USD,,Web,,,,Argentina,Buenos Aires,Approved,00,False,0.91,,
TRX-VCKNCI58PCCCS4PYXLNZ,2026-05-28 02:23:01,2026-05-27,PRD-4J6TARL78PGN,CLI-VKHSWF1T2J6T,Payment,Entertainment,662253.26,ARS,1892.15,ATM,SUC-ZVPEMWQP,,,Argentina,,Approved,00,False,27.43,,
TRX-S7XYPZ51NW7ONUIWZ2PK,2026-05-28 03:16:21,2026-05-27,PRD-0VIW5W71FYA9,CLI-MRES4O4NMJB8,Payment,Transport,190.57,USD,,POS,,,,Argentina,La Plata,Approved,00,False,19.94,,
TRX-R53W9IKRKPIK1VYQZW99,2026-05-27 16:17:08,2026-05-27,PRD-ZSC7JC5I72Q2,CLI-SXIUV8D22HLB,Transfer,,1419464.23,ARS,4055.61,ATM,SUC-YV8Q78LJ,,,Argentina,Mendoza,Approved,00,False,,,
TRX-L3VWY2ORV947T3YT90ED,2026-05-27 10:04:40,2026-05-27,PRD-5FVAUXFRCFCW,CLI-ULDI8CSZYCZX,Payment,Food,1499.15,USD,,POS,,,,México,Tijuana,Declined,54,False,26.66,,
TRX-QCU2TOLXEPVS68I2JQ3Y,2026-05-27 08:34:25,2026-05-27,PRD-WIUE6U08LS70,CLI-XJ2V11GNAKHV,Deposit,,2490.75,USD,,Web,,,,México,Tijuana,Approved,00,False,5.56,,
TRX-IMFTMX9ES33HJ37KTCFR,2026-05-27 19:39:06,2026-05-27,PRD-R6TDK5R4KSQH,CLI-4UA3IQIA8XMD,Purchase,Other,7.1,USD,,Web,,Centro Comercial,Other,México,Guadalajara,Approved,00,False,19.88,,
TRX-ABFKDS3ONOEWNXW0PJW9,2026-05-27 13:58:32,2026-05-27,PRD-LYPKVWBJ2SMB,CLI-ZBJCRUX49H5C,Deposit,,19189117.35,COP,4797.28,POS,,,,Colombia,Cartagena,Approved,00,False,17.21,4.493164,-74.8962398
TRX-7DIE8BP324DSINT9WN5E,2026-05-27 21:29:34,2026-05-27,PRD-ERD5Q55N55E5,CLI-Q2ITIPFZBLC9,Payment,Transport,2405162.42,COP,601.29,ATM,SUC-06LBAMRN,,,Colombia,Barranquilla,Approved,00,False,,4.3638158,-74.0434117
TRX-CLYNBHPB7Q5EYHCESC7Q,2026-05-27 20:47:06,2026-05-27,PRD-UN1ZE4GO9L8N,CLI-OIWNE66LI3B4,Payment,Transport,1019.18,USD,,Web,,,,México,Querétaro,Approved,00,False,29.04,,
TRX-UJ0KJHBGZLAIU0SICMJS,2026-05-27 18:44:28,2026-05-27,PRD-5OLK7YQCLH1A,CLI-ZH7QW70OMW6Z,Withdrawal,,1541029.24,COP,385.26,Web,,,,Colombia,,Approved,00,False,27.07,,
TRX-H22BO8DJR7AORMGIKUDD,2026-05-28 05:08:31,2026-05-27,PRD-UFU3782F0RJP,CLI-8C11XYAYVOOU,Payment,Entertainment,1163.23,USD,,Web,,,,México,,Approved,00,False,22.36,,
TRX-GNIEHJD5TS09Q967VUKX,2026-05-27 12:01:29,2026-05-27,PRD-IU01EY6HAQQI,CLI-23TRA15BZSSG,Purchase,Services,32.21,USD,,ATM,SUC-TVNO2KL5,Cable TV,Services,México,Monterrey,Approved,00,False,,-0.9608551,0.5271528
TRX-P4FBUXWNQO0MJSD9A0EL,2026-05-27 07:26:49,2026-05-27,PRD-541UOXPEXHNG,CLI-OSYXN4T7ZDZD,Payment,Entertainment,709.41,USD,,ATM,SUC-8QU1XFUX,,,México,Monterrey,Approved,00,False,4.87,,
TRX-KJWG8NEOLG89CZ6G13B9,2026-05-27 08:32:21,2026-05-27,PRD-MCN2Z3NU7DPJ,CLI-3TT0HQ8JDIYI,Deposit,,245.25,USD,,ATM,SUC-9L4T3P44,,,México,Guadalajara,Approved,00,False,23.32,0.535288,-0.058642
TRX-S9DTR2YUEW9U50OHPED3,2026-05-27 21:41:35,2026-05-27,PRD-2JNPIF3VK1PT,CLI-5BKG0JYCYXLF,Withdrawal,,160352.52,ARS,458.15,Web,,,,Argentina,Buenos Aires,Approved,00,False,,,
TRX-CNATZ0X85RXDIUUCWCBJ,2026-05-27 11:51:43,2026-05-27,PRD-HE96TPAK5S0V,CLI-8RT7TKR25BJ1,Purchase,Health,359.45,USD,,ATM,SUC-HFPBAT4U,Óptica Visión,Health,México,,Approved,00,False,10.68,,
TRX-D5FF0SV24A8V9EJ15E29,2026-05-27 19:35:23,2026-05-27,PRD-WGW1UPNYNADT,CLI-E5BIE95JID6U,Purchase,Health,104598.88,ARS,298.85,App,,,Health,Argentina,Buenos Aires,Approved,00,False,10.36,,
TRX-NUBTQ1E4L5Q1MG0WO805,2026-05-27 08:33:06,2026-05-27,PRD-ZVMG7F3EZAUD,CLI-AFH95O81HT0Z,Withdrawal,,177.24,USD,,App,,,,México,Monterrey,Approved,00,False,3.5,,
TRX-ML2U20ZI8F6C9R8QU7P1,2026-05-28 03:45:57,2026-05-27,PRD-7A68OGKPHYUF,CLI-UERMNB4IJXXM,Deposit,,918.92,USD,,App,,,,México,Puebla,Approved,00,False,0.42,,
TRX-Q1C9ZIY7CHMXDVCG52YR,2026-05-27 10:47:43,2026-05-27,PRD-1O550P9V50UK,CLI-KUC2TJ7Z4ZRB,Purchase,Entertainment,474.51,USD,,POS,,Cine Premium,Entertainment,México,Guadalajara,Approved,00,False,3.54,-0.6857037,0.1095087
TRX-TOJ5MBL5EZP2DMJQ9V9P,2026-05-27 09:16:08,2026-05-27,PRD-PVQD9M0BSBSV,CLI-FTTD53TOW9YN,Payment,,57115.11,ARS,163.19,POS,,,,Argentina,Córdoba,Approved,00,False,,-33.7613821,-58.9017797
TRX-SZ15V3WUAZLYI537TXYB,2026-05-27 06:14:25,2026-05-27,PRD-8GPUKH428M4P,CLI-WLUBOBE256CI,Adjustment,,3045696.51,COP,761.42,Web,,,,Colombia,Barranquilla,Approved,,False,0.15,,
TRX-XIRCCZ5JNV4M5S9714TT,2026-05-27 19:41:09,2026-05-27,PRD-28KNKJIWDIQV,CLI-5QJ5KAL2ZUHX,Transfer,,8941.37,USD,,POS,,,,México,Tijuana,Approved,00,False,,,
TRX-RF8BTVE478EI3Q5LKG8U,2026-05-27 14:19:24,2026-05-27,PRD-6P1YN6SIOVQK,CLI-OOLLHGAOPCA3,Withdrawal,,607886.11,COP,151.97,POS,,,,Colombia,Bogotá,Approved,00,False,23.61,4.5705976,-74.2438357
TRX-RP1C0G1WOYPCK98X4PAI,2026-05-27 16:09:08,2026-05-27,PRD-7VM3E8XTOVLE,CLI-Z27UUGA8PH65,Transfer,,431.33,USD,,POS,,,,México,Ciudad de México,Approved,00,False,,,
TRX-32BADUV026CNPNKH67LN,2026-05-27 06:48:49,2026-05-27,PRD-X4XE6ANXSEUF,CLI-00PBE7HR1VNN,Withdrawal,,139.29,USD,,ATM,SUC-WSSLNOPN,,,México,Ciudad de México,Approved,00,False,,,
TRX-UUTN0QXGNBZO00H7LVV4,2026-05-27 07:17:07,2026-05-27,PRD-GH3A5LH2MB06,CLI-YKIRDL5MRQRK,Transfer,,9838.59,USD,,App,,,,México,Querétaro,Approved,00,False,23.77,,
TRX-HJ001VYG7W6XG05CM6PQ,2026-05-27 11:59:08,2026-05-27,PRD-89LA51JP3BPR,CLI-PT092DOKR24W,Purchase,Transport,33631.62,ARS,96.09,Web,,Gasolinera Express,Transport,Argentina,La Plata,Approved,00,False,24.83,,
TRX-AYQR6IEZ32DEYKKU8GQ8,2026-05-27 19:09:14,2026-05-27,PRD-5YGLX8IUKD9T,CLI-MS862RP13SLY,Deposit,,84413.98,ARS,241.18,App,,,,Argentina,Córdoba,Approved,00,False,22.78,,
TRX-VJAHIMZYNHHI7RJ6BANM,2026-05-27 08:48:28,2026-05-27,PRD-HZG7GJCENU1M,CLI-BL1I08EOPCCD,Payment,Entertainment,4405300.13,COP,1101.33,App,,,,Colombia,Cali,Approved,00,False,6.56,,
TRX-ZWF0KMC9OD345ZMU6DWC,2026-05-27 22:35:09,2026-05-27,PRD-9OO4MOSRQQO1,CLI-GE1UJFQXBWDQ,Transfer,,35987273.62,COP,8996.82,Web,,,,Colombia,,Approved,00,False,22.56,,
TRX-ETBP9DCNMX3KQ9CRNJ92,2026-05-28 04:39:07,2026-05-27,PRD-QTG48BMXKYH9,CLI-38RPSF8C3EKH,Withdrawal,,330.53,USD,,App,,,,México,Guadalajara,Approved,00,False,20.21,,
TRX-FASCMBG26MLVVF2QOI8C,2026-05-28 04:18:03,2026-05-27,PRD-3180QW924N0T,CLI-JFMH0W4H65UM,Deposit,,4555.25,USD,,POS,,,,México,Guadalajara,Approved,00,False,23.44,,
TRX-6PVIG96G0BXTJ2MY05O0,2026-05-27 18:19:01,2026-05-27,PRD-3YMHQXDIY5GN,CLI-YKWRYMFNFD3P,Payment,Other,663.44,USD,,App,,,,México,Querétaro,Approved,00,False,2.04,,
TRX-S7XCW5IC3Z3PD3ZB40B8,2026-05-27 20:38:39,2026-05-27,PRD-EL9YKH6AGRY7,CLI-U4IK9PZEYWB4,Withdrawal,,320.95,USD,,POS,,,,Argentina,Buenos Aires,Approved,00,False,17.71,,
TRX-L8TSW0EB9OPWJ32G3JRL,2026-05-27 07:24:35,2026-05-27,PRD-OAA1KRIK8NVN,CLI-SQKGTFQ7TMPZ,Purchase,Health,208.55,USD,,ATM,SUC-XSMNXFJN,Laboratorio Central,,México,,Approved,00,False,16.49,,
TRX-S1VE4FTKXQW2UPMAPR69,2026-05-27 14:35:27,2026-05-27,PRD-0UI469V8YCSG,CLI-0MSSRNHBCPEU,Purchase,Services,157.16,USD,,ATM,SUC-UV1CR4D5,Internet Plus,Services,México,Puebla,Approved,00,False,22.4,,
TRX-MOW05YUMEX4ZXRA0USJ1,2026-05-28 05:47:37,2026-05-27,PRD-EA5962R92Q1L,CLI-4D24AG51BISS,Purchase,Entertainment,444.63,USD,,Web,,Streaming Music,Entertainment,México,Ciudad de México,Approved,,False,8.18,,
TRX-512TGCTYGS1UGOST80CK,2026-05-28 02:31:23,2026-05-27,PRD-X9MDTMC75ELN,CLI-817PEF2LSRG3,Purchase,Food,514315.97,COP,128.58,App,,Restaurante El Buen Sabor,Food,Colombia,Medellín,Approved,,False,17.01,,
TRX-JS5UDT2P4MHOA439UNJ8,2026-05-27 15:56:31,2026-05-27,PRD-F68R3JBAABIB,CLI-B6NX9P3KGKHX,Deposit,,1031847.67,COP,257.96,ATM,SUC-FF1CG8O5,,,Colombia,,Approved,00,False,13.53,,
TRX-C9KVCKFHX25Y9TCYS374,2026-05-27 08:39:55,2026-05-27,PRD-QIMHGUKB9CYZ,CLI-OL4FCCBH0FJ2,Payment,Other,1130.96,USD,,POS,,,,México,Puebla,Approved,00,False,9.19,-0.9121319,0.6450274
TRX-Z7IGYA8TPSKB60UHWX9X,2026-05-27 16:30:37,2026-05-27,PRD-AMKRZJ7WAV1O,CLI-8TT886170ZY0,Transfer,,8299.57,USD,,POS,,,,México,Ciudad de México,Approved,00,False,,-0.39997,-0.5342398
TRX-87UFHW6NO6VVYGVZ77US,2026-05-27 08:27:42,2026-05-27,PRD-L1ROIXGLH34K,CLI-L3XOBQKNSGT3,Transfer,,28739748.27,COP,7184.94,Web,,,,Colombia,Medellín,Approved,00,False,2.62,,
TRX-5C3HFO9JOCVKDSHE5OUQ,2026-05-27 09:45:35,2026-05-27,PRD-2GWTUR1OJ6SY,CLI-5ALLZUOSOVBP,Transfer,,9572.07,USD,,POS,,,,México,,Approved,00,False,3.38,,
TRX-IJETRERCO70XBNCG4FEZ,2026-05-27 22:57:57,2026-05-27,PRD-DKJAIX4CXTZB,CLI-1S9M976RBZUH,Purchase,Entertainment,1768919.61,COP,442.23,POS,,Streaming Music,Entertainment,Colombia,Cali,Approved,,False,18.14,,
TRX-S9J43P987H5JYVS9FGZ1,2026-05-27 09:04:03,2026-05-27,PRD-57OIW8X27UGG,CLI-W9KFE2CXM2VM,Purchase,Food,260.66,USD,,POS,,Restaurante El Buen Sabor,Food,México,Querétaro,Approved,00,False,19.26,,
TRX-RN4F61IQGZS8EGZ2NU5E,2026-05-27 06:55:06,2026-05-27,PRD-UUONHWB39G63,CLI-HXXSYJE5AFSP,Purchase,Food,25.5,USD,,POS,,,Food,México,Puebla,Approved,00,False,,0.1680335,0.1103193
TRX-J9AGCZXM0P8CY387EYFC,2026-05-27 07:15:29,2026-05-27,PRD-4NQISRYEH237,CLI-TW00FF8FZC70,Purchase,Entertainment,65195.3,ARS,186.27,Web,,Streaming Music,Entertainment,Argentina,Rosario,Declined,51,False,,,
TRX-OPINE0DP1WEUDKEGYX8A,2026-05-27 13:01:10,2026-05-27,PRD-ERIL9V9COLG5,CLI-MQ0NLA9VFAVW,Purchase,Services,21.2,USD,,ATM,SUC-MGUQPIKZ,Cable TV,Services,México,Querétaro,Approved,00,False,,-0.733681,-0.6495746
TRX-2U2BWYFLZTF0JZ2J5BVF,2026-05-27 09:37:26,2026-05-27,PRD-VRNLQC1QJ33Y,CLI-OAP994PVZAWQ,Purchase,Entertainment,411561.36,COP,102.89,Web,,Conciertos Live,Entertainment,Colombia,Medellín,Approved,00,False,19.94,,
TRX-HW8JMDQLZ9KWTVBGYPL7,2026-05-27 18:09:48,2026-05-27,PRD-WDPOCMLWIJII,CLI-ZHJ9UXK2L3XZ,Transfer,,1284.72,USD,,POS,,,,México,Guadalajara,Approved,00,False,2.51,,0.5441941
TRX-WB916PRR33O35KLNYRNK,2026-05-28 05:38:05,2026-05-27,PRD-BYRRFB7B4LKG,CLI-23FE17NO654M,Purchase,Food,111.46,USD,,App,,Super Ahorro,Food,USA,Los Angeles,Approved,00,False,23.61,,
TRX-KHRQF8BYQVEVTWOXEGMZ,2026-05-27 13:54:24,2026-05-27,PRD-DQIP1UO6VEA9,CLI-F608MFZOWX0I,Payment,Entertainment,284.17,USD,,Web,,,,México,Querétaro,Approved,00,False,25.32,,
TRX-KNAGJOUXK1J8ZYTLRPE3,2026-05-28 03:44:37,2026-05-27,PRD-VK694YR3G4YK,CLI-OLPWB7841PUY,Payment,Food,1366.54,USD,,POS,,,,México,,Reversed,,False,20.79,,
TRX-0H3IFFALEC7BZXCZNQ8Q,2026-05-27 08:06:38,2026-05-27,PRD-P011XZ34PCWP,CLI-S2HS37I3ED5F,Withdrawal,,379.25,USD,,ATM,SUC-8RYAQ0NO,,,México,Monterrey,Approved,,False,29.26,,
TRX-U3V6VGTMG9P9BLV2D3MB,2026-05-28 03:10:30,2026-05-27,PRD-P0W9C01GISUJ,CLI-5CXKJK0PUVU1,Purchase,Transport,166184.08,ARS,474.81,App,,Uber,Transport,Argentina,Mendoza,Approved,00,False,21.71,,
TRX-7X9N7JO32ISODMSIYTB5,2026-05-27 08:35:59,2026-05-27,PRD-FCKPLNUKC6SL,CLI-5UCC9C1P2QHR,Deposit,,3886.54,USD,,ATM,SUC-BGMBLKDB,,,México,Querétaro,Approved,,False,6.06,0.8799546,-0.034941
TRX-PMZKWUYSB674GE9WG181,2026-05-27 22:35:32,2026-05-27,PRD-0SDFN9OZKJWI,CLI-RR74I4310E1I,Deposit,,999.07,USD,,POS,,,,México,Puebla,Approved,00,False,,,
TRX-OAM87K2NXG3I0OMRHG5C,2026-05-28 05:39:08,2026-05-27,PRD-87B4TFNOCIAM,CLI-Y3V4EALR4QZN,Purchase,,1838020.77,COP,459.51,ATM,SUC-1NFIF0G0,Boutique Moda,Other,Colombia,Barranquilla,Approved,00,False,16.01,,
TRX-XTGSR25IITTXI5N1ZOIQ,2026-05-27 07:09:18,2026-05-27,PRD-HBGCFJILRKAR,CLI-GRAHU42X2IHS,Payment,Transport,1773.44,USD,,POS,,,,México,Ciudad de México,Approved,00,False,,0.0201241,0.1603582
TRX-W2BFQKW7DQ0L1JGDI765,2026-05-28 01:44:03,2026-05-27,PRD-DJI6CB29USUQ,CLI-RGKN0E0QBJML,Payment,Food,1712.72,USD,,Web,,,,México,Tijuana,Approved,00,False,,,
TRX-M61KIQ9429RO7TY676R2,2026-05-28 02:22:26,2026-05-27,PRD-JNYKCUJ0Y3I1,CLI-ZG0BSGLGRP09,Withdrawal,,356.25,USD,,Web,,,,México,Tijuana,Approved,,False,10.61,,
TRX-69N25WO74ALVR25SG5ZK,2026-05-27 06:03:40,2026-05-27,PRD-Z9N1XXEDPR7I,CLI-45UEJ6TAFF4R,Purchase,Entertainment,47673.77,ARS,136.21,POS,,Teatro Nacional,Entertainment,Argentina,La Plata,Approved,00,False,20.74,,
TRX-06ZU2GS2ZFRNHW03O6KL,2026-05-27 12:53:10,2026-05-27,PRD-YTL4HBKQ6L44,CLI-I4Q6216M3O65,Purchase,Food,463.17,USD,,ATM,SUC-P92DIW6S,Restaurante El Buen Sabor,Food,México,Querétaro,Declined,05,False,18.14,,
TRX-PO5EWMB6MJTUMKF8BVRQ,2026-05-28 05:06:20,2026-05-27,PRD-A1MVK7SJ8EHO,CLI-OOP580GVCK0S,Withdrawal,,11601.92,ARS,33.15,App,,,,Argentina,La Plata,Approved,00,False,,,
TRX-AXVOBHNLQO7SLEMW3MAO,2026-05-27 22:49:20,2026-05-27,PRD-M52YM0J3XORS,CLI-52WK5HIYBRZO,Withdrawal,,329.78,USD,,Branch,,,,México,Tijuana,Declined,14,False,10.92,,
TRX-QTZ6PJ9K0H9K169Z88EB,2026-05-27 06:28:59,2026-05-27,PRD-L63E5C0EAYJ8,CLI-DU0ZJP6KMIR9,Payment,Other,584.63,USD,,ATM,SUC-SKR8GS10,,,México,Ciudad de México,Approved,00,False,24.11,,
TRX-92BUK4VN6VOJTDB6HPXT,2026-05-27 15:45:37,2026-05-27,PRD-NEJMXAV7EF23,CLI-KIPWZ3U4GSTO,Deposit,,1025.44,USD,,Branch,SUC-9J6GQRJ4,,,México,Monterrey,Approved,00,False,29.46,,
TRX-JFA2BMGO1Y02UXYRGPDP,2026-05-28 02:13:01,2026-05-27,PRD-HPODIHPZZ9OP,CLI-XFTJYC1IVIPM,Deposit,,1516004.96,ARS,4331.44,ATM,SUC-JBECVTZ8,,,Argentina,Buenos Aires,Approved,00,False,1.92,,
TRX-2YAHB89TGC39N214ZXWM,2026-05-27 09:24:20,2026-05-27,PRD-BBZFZYG52VJY,CLI-VKGL4NPZY02W,Transfer,,5504.29,USD,,ATM,SUC-RZNFZDVW,,,México,Querétaro,Declined,05,False,7.64,,
TRX-MPI7JMN0GQJ0QP6ZR6LV,2026-05-27 18:59:52,2026-05-27,PRD-C6M13UPZG2ZC,CLI-V5C6BK9ELJX3,Purchase,Food,1584960.25,COP,396.24,App,,Mercado Central,Food,Colombia,Bogotá,Approved,00,False,,,
TRX-TMWQ2JTNN8C11A7DAD0U,2026-05-27 09:03:13,2026-05-27,PRD-TYLT24WQYEPL,CLI-AXDAG6OIZP7J,Purchase,Services,466.69,USD,,POS,,Servicios Públicos,Services,México,Puebla,Approved,00,False,,,
TRX-KBM64RU6WGGSLNY3T3CO,2026-05-27 06:19:04,2026-05-27,PRD-P70V63D8HE56,CLI-S75BYFWOFBBO,Payment,Transport,689488.43,ARS,1969.97,ATM,SUC-6M2HY1ZX,,,Argentina,Buenos Aires,Approved,00,False,28.3,,
TRX-ZKDW9X5D04FNVW3815YQ,2026-05-27 14:48:11,2026-05-27,PRD-AU3RT2C5B8M6,CLI-BX2H0210PIN6,Purchase,Transport,290.45,USD,,POS,,Estación de Servicio,Transport,México,Querétaro,Approved,00,False,6.61,,
TRX-MPRX4C8ZMQEX06G48R9C,2026-05-28 05:53:30,2026-05-27,PRD-IHTNK7LUMHNJ,CLI-PM8QOF0ZTTVO,Transfer,,39950919.58,COP,9987.73,Web,,,,Colombia,Medellín,Declined,05,False,23.54,,
TRX-A4S24ZNW9O64ZAGUPR8F,2026-05-27 16:17:09,2026-05-27,PRD-49GG2FMYE4ZI,CLI-ZUFUV6VCOWTO,Transfer,,1452177.66,ARS,4149.08,POS,,,,Argentina,Mendoza,Pending,14,False,15.19,,
TRX-RV5JTEJBS7G572MF7YLX,2026-05-27 23:35:57,2026-05-27,PRD-RW3RYRV6Q7XO,CLI-UDS1N4DDHRK5,Payment,Food,88.87,USD,,ATM,SUC-M3Y8BT51,,,México,,Approved,00,False,28.74,0.023559,-0.0440544
TRX-EP9HPTPN2M71PDTQID9U,2026-05-28 00:16:31,2026-05-27,PRD-QZEM1TZBQYPM,CLI-HXTQ4OTS4QOH,Withdrawal,,240.72,USD,,POS,,,,México,Querétaro,Approved,00,False,27.83,,
TRX-JZO16Y9XLL7I1IYYO2BX,2026-05-28 01:12:14,2026-05-27,PRD-CA2KRLWSN2L8,CLI-86D267PAMPEI,Withdrawal,,1957711.89,COP,489.43,ATM,SUC-XV4BJ541,,,Colombia,Medellín,Approved,00,False,4.35,4.0337247,-73.3046033
TRX-UDDJMPQ3K3GU78UUPSI2,2026-05-27 21:20:54,2026-05-27,PRD-WHTM1UJ3AY7M,CLI-1SSYEWG48ZIS,Deposit,,2383209.77,COP,595.8,App,,,,Colombia,Bogotá,Approved,00,False,25.91,,
TRX-IGJP14VQPI0MAFBXTWV9,2026-05-27 16:42:09,2026-05-27,PRD-QIWWU9V5JQL1,CLI-W86NHZO5UA08,Withdrawal,,235.43,USD,,App,,,,México,,Approved,00,False,29.43,,
TRX-QZR3C9RCKUCWL3KQDBDO,2026-05-27 16:37:28,2026-05-27,PRD-WNDQ6ERGJ8VW,CLI-M9B56QX9KMBU,Purchase,Food,118468.1,COP,29.62,Web,,Restaurante El Buen Sabor,Food,Mexico,Puebla,Approved,00,False,,,
TRX-NMHXF9R8MYHGQG288HSQ,2026-05-27 14:48:39,2026-05-27,PRD-2WALST3EVENV,CLI-5MZ81ILQZYIY,Withdrawal,,165.61,USD,,POS,,,,México,Ciudad de México,Pending,54,False,16.79,,
TRX-AY7ZORMJ2XZIS0GY9QYJ,2026-05-27 13:48:33,2026-05-27,PRD-4N6XWNHHLTW4,CLI-Y8VDAIIRHZXQ,Payment,Services,1114.79,USD,,App,,,,México,Tijuana,Approved,00,False,18.23,,
TRX-OPGAG057COH25HU8D1CJ,2026-05-27 17:18:01,2026-05-27,PRD-TR29NAIPCOT3,CLI-FLLVQKSH3GM0,Purchase,Services,234.18,USD,,POS,,Servicios Públicos,Services,México,Puebla,Declined,14,False,26.56,0.7487678,0.7333524
TRX-ETM4AWER6K3JJ2GVPU1Z,2026-05-27 23:28:21,2026-05-27,PRD-112FM9QLCXBX,CLI-0VFQVZ68R58M,Deposit,,2167.69,USD,,Web,,,,México,Ciudad de México,Approved,00,False,,,
TRX-G1SQLCY1CTE656CSFC7D,2026-05-27 15:36:08,2026-05-27,PRD-VJUUR42HP5XE,CLI-RTFUJ2NWELKX,Withdrawal,,1515242.14,COP,378.81,App,,,,Colombia,Medellín,Approved,00,False,,,
TRX-XFHGSDW5YSWIGSKFGL1P,2026-05-28 01:21:38,2026-05-27,PRD-V2SGBQTYD15B,CLI-TQK6C4FCSSVZ,Withdrawal,,470.31,USD,,Web,,,,USA,Miami,Approved,00,False,,,
TRX-ZARVQPAL4NVQ1P3E5JVS,2026-05-27 09:22:18,2026-05-27,PRD-6LMP0OZXBBW2,CLI-0JOODUA3DAGC,Withdrawal,,269.61,USD,,ATM,SUC-QTWR8S76,,,México,Tijuana,Approved,00,False,20.39,,
TRX-TZA5LBRCLK9RH7CY7M0N,2026-05-27 08:28:58,2026-05-27,PRD-G9PRCX6ITNWJ,CLI-574TE7DXTMHD,Purchase,Food,190.12,USD,,POS,,Super Ahorro,Food,México,Tijuana,Approved,00,False,8.66,,
TRX-6Y9JHRAWMSYD33ECLN9G,2026-05-27 14:59:59,2026-05-27,PRD-DHCWWLUND269,CLI-M8YWM42T8YAE,Purchase,Food,100639.34,ARS,287.54,App,,Restaurante El Buen Sabor,Food,Argentina,Córdoba,Approved,00,False,2.51,,
TRX-GAM32NP2BV3N95GUDD5A,2026-05-27 15:40:36,2026-05-27,PRD-R6Q02E1DZS4G,CLI-O8JAEIH6V0LY,Payment,Entertainment,1649.01,USD,,POS,,,,México,Guadalajara,Approved,00,False,8.8,0.8775938,0.895592
TRX-80FL2QHAQMN93KP188EB,2026-05-27 19:11:07,2026-05-27,PRD-O99PPRS9IVIZ,CLI-DSHNU2NV58DU,Purchase,Entertainment,52.24,USD,,POS,,Cine Premium,Entertainment,Colombia,Barranquilla,Approved,00,False,1.18,,
TRX-CZK5SZDLE6RXULUO1PYB,2026-05-28 02:46:22,2026-05-27,PRD-KNH4C9AF7EAQ,CLI-UGMIFJGORRXT,Withdrawal,,1626744.91,COP,,App,,,,Colombia,,Approved,00,False,0.6,,
TRX-QRCRMW9X91NL3WVZIDED,2026-05-27 08:08:30,2026-05-27,PRD-0JJ5CC1NNMVL,CLI-E1QIIF53072P,Withdrawal,,154.6,USD,,App,,,,Colombia,Cartagena,Approved,00,False,7.32,,
TRX-2QSCJU8CV3DDGJ200UEK,2026-05-28 05:59:41,2026-05-27,PRD-C38GELQMNR0N,CLI-HRYQRQNP5D6Z,Deposit,,458.03,USD,,ATM,SUC-9YYT37NY,,,México,Ciudad de México,Approved,00,False,21.65,,
TRX-0QJZOR76IFJUDL59E90Y,2026-05-27 23:06:47,2026-05-27,PRD-DQOHF9HH0KC2,CLI-UKDQW1ZLASDM,Payment,Services,1425.73,USD,,POS,,,,México,Tijuana,Approved,00,False,23.88,,
TRX-SPXMOZFWHUTVGDSTSXVG,2026-05-28 02:41:29,2026-05-27,PRD-GC11B9F9KH7C,CLI-78OPIPAZ1OEA,Payment,Food,130357.97,ARS,372.45,ATM,SUC-7ZY1HPL0,,,Argentina,La Plata,Approved,00,False,,,
TRX-YP6N5P6M7UUZ8S2D0YWN,2026-05-27 09:35:06,2026-05-27,PRD-54MXHOX3GG9J,CLI-W86BBCRQFIYK,Transfer,,2300339.09,ARS,6572.4,ATM,,,,Argentina,Mendoza,Approved,00,False,18.68,-33.9418282,-58.7137713
TRX-XX1IHAE5TZ9OC1AT1PNB,2026-05-27 21:42:01,2026-05-27,PRD-D7X6ENR6962B,CLI-38G7N2AU0TAU,Transfer,,2069.39,USD,,POS,,,,México,Tijuana,Approved,00,False,11.01,,
TRX-W28WF4FC64HYH3D3PJ3V,2026-05-27 20:11:17,2026-05-27,PRD-TZSNFGMZP1X6,CLI-KA8RA42GI3TE,Purchase,Food,376685.54,COP,94.17,Web,,Tienda Don José,Food,Colombia,Medellín,Approved,00,False,8.21,,
TRX-9F7E2V3ARRIJHGMRGNCB,2026-05-27 06:10:56,2026-05-27,PRD-NSQKP7X2Y0OB,CLI-QUIV5VR6C4FN,Payment,,271738.97,ARS,776.4,POS,,,,Argentina,,Approved,00,False,25.67,,
TRX-W8JL9FYIMM443QHNQ4ZP,2026-05-28 03:48:39,2026-05-27,PRD-217JC2JXCXPW,CLI-4CFYUQ1D6HXK,Adjustment,,3917182.52,COP,979.3,Web,,,,Colombia,Barranquilla,Approved,00,False,7.96,,
TRX-HR61FIZSWY106JEE8NVH,2026-05-27 08:14:24,2026-05-27,PRD-V0HQB95U48A3,CLI-6FWWDQBWIXHY,Payment,Entertainment,1609.0,USD,,POS,,,,México,Tijuana,Approved,00,False,16.32,-0.3799585,0.870089
TRX-TRLS2USV9F7ST2J432E3,2026-05-27 17:34:04,2026-05-27,PRD-TLOPIGLJ561S,CLI-DPW73SP1RXD0,Purchase,Food,190.49,USD,,ATM,SUC-4AVH1MSP,Mercado Central,Food,México,Monterrey,Declined,14,False,19.64,,
TRX-XQD5XZTEO91ZGWDE7KQU,2026-05-27 15:20:52,2026-05-27,PRD-2MLON1L73BVC,CLI-EBDNFF4OKCH8,Payment,Other,354703.54,COP,88.68,POS,,,,Colombia,Cali,Approved,00,False,18.38,5.2322621,-73.8898259
TRX-QLYN31OIOJW789PHV3KE,2026-05-28 05:17:58,2026-05-27,PRD-W6JUTMSU74ZN,CLI-DAOPHZ87PN23,Purchase,Entertainment,8.9,USD,,Web,,Streaming Music,Entertainment,México,Monterrey,Approved,00,False,24.6,,
TRX-XI70TH4WJGQ66B1DJMMV,2026-05-27 18:27:02,2026-05-27,PRD-MIXDAVXMN5A5,CLI-ZRE96ZYLQ7MA,Payment,Services,3516027.15,COP,879.01,POS,,,,Colombia,Medellín,Declined,54,False,27.08,5.1395236,-73.729217
TRX-ZO21AWJWZWWPYMTCOMQ5,2026-05-28 04:09:40,2026-05-27,PRD-6TYIW2EXLN7T,CLI-73KGUG3GIJVR,Withdrawal,,229.57,USD,,Web,,,,Colombia,Bogotá,Approved,00,False,,,
TRX-JC8GPAJ5EEW4V3S9NYJF,2026-05-27 19:13:43,2026-05-27,PRD-O99NJ9JVU2T5,CLI-J46COGERVIKT,Transfer,,3952.37,USD,,ATM,SUC-8P0IDMOM,,,México,Guadalajara,Declined,54,False,29.21,,
TRX-Y01GD35L02SM87JJHEXJ,2026-05-27 23:11:52,2026-05-27,PRD-4J78STCAZB08,CLI-5WYW47SFP9IZ,Transfer,,2306938.92,ARS,,POS,,,,Argentina,Mendoza,Approved,00,False,,,
TRX-ZO7OEWHTQ0DV9UNDHVVX,2026-05-27 18:29:10,2026-05-27,PRD-AJUYNO7C68YE,CLI-6SSUNSI1UUTJ,Withdrawal,,71.39,USD,,ATM,SUC-TVNO2KL5,,,México,Ciudad de México,Approved,00,False,19.11,,
TRX-0GHIZ24ECSDP6SJGK5T1,2026-05-27 19:01:19,2026-05-27,PRD-DHA7U0HUAJ7Z,CLI-DXKDNJY659VM,Transfer,,5447.56,USD,,ATM,SUC-5YFUX3Z6,,,Brazil,Brasília,Approved,00,False,19.6,-34.0584042,-59.2871174
TRX-KVM31MJSB02IJJC0G1EW,2026-05-28 03:15:18,2026-05-27,PRD-OXMUP5FTK6CA,CLI-SLOWQ4OOG5Z4,Purchase,Other,56395.72,ARS,161.13,POS,,Tienda General,Other,Argentina,Rosario,Approved,00,False,20.79,-34.3030023,-57.4405056
TRX-ONUS15IILTNNWGF7LVGS,2026-05-28 03:53:03,2026-05-27,PRD-H89NT3RYERZ1,CLI-LHSRSH26Q12N,Purchase,Other,135041.34,ARS,385.83,POS,,Boutique Moda,Other,Argentina,La Plata,Approved,00,False,,,
TRX-F0IKOM74KVSC5N42HECC,2026-05-28 03:14:31,2026-05-27,PRD-1N1PO27E3EWS,CLI-PGON6F86ING7,Deposit,,4386.65,USD,,POS,,,,México,Querétaro,Pending,51,False,20.99,0.8155329,0.4910872
TRX-XW62RVTN3703RJBTTTN5,2026-05-27 07:51:02,2026-05-27,PRD-9896N3OYU4EY,CLI-NUVSSUGVKQQ9,Withdrawal,,121.41,USD,,ATM,SUC-GOTE3INU,,,México,Puebla,Approved,00,False,11.91,,
TRX-I3D4BDXRHN1B2ANUOS4G,2026-05-27 14:47:33,2026-05-27,PRD-RN9NWAQWPT6E,CLI-45YJ1QS92KU9,Withdrawal,,192.25,USD,,App,,,,México,Ciudad de México,Approved,00,False,4.36,,
TRX-67578UL1I6FTSI85LJ7S,2026-05-28 03:48:52,2026-05-27,PRD-G0YKM677ATP6,CLI-IB22VGN5JL7G,Transfer,,2852277.81,ARS,8149.37,Web,,,,Argentina,Córdoba,Approved,00,False,17.31,,
TRX-FEY9ZTLS3HNIOMJN08CI,2026-05-27 23:44:03,2026-05-27,PRD-ZY2GQKDAFX4P,CLI-PGKQREB0PNSC,Deposit,,764248.1,ARS,2183.57,ATM,SUC-5YFUX3Z6,,,Argentina,Mendoza,Declined,05,False,7.65,-33.9951647,-58.0494055
TRX-ZTL4JFL8TW514RYTYGA6,2026-05-27 15:19:34,2026-05-27,PRD-08UJ86EUSH1P,CLI-5AU98KFEBHFT,Payment,Food,3733138.56,COP,933.28,ATM,SUC-H24HUACK,,,Colombia,Cali,Approved,00,False,5.21,3.8563434,-74.3349186
TRX-1OE190N8U6HTCU4WZ27A,2026-05-27 21:21:30,2026-05-27,PRD-L3KH6VVNIIT4,CLI-DO5BY7GSMYU8,Transfer,,6140.82,USD,,ATM,SUC-WSUW783S,,,México,,Approved,00,False,23.53,,
TRX-RDHZZVWCZQ0H527X10PV,2026-05-27 19:19:22,2026-05-27,PRD-8MOF7FMUMYY6,CLI-FWZET978O3Z7,Transfer,,18095189.21,COP,4523.8,ATM,SUC-LWQND6S8,,,Colombia,Cali,Approved,00,False,21.32,,
TRX-S1HXICAGFC9ISXKV8VM6,2026-05-28 05:32:54,2026-05-27,PRD-23218IXCWBJC,CLI-GZP713UYO5V1,Transfer,,2961600.49,ARS,8461.72,ATM,SUC-MAWPQ7HZ,,,Argentina,Buenos Aires,Approved,00,False,6.66,-34.8474451,-57.6931191
TRX-LN46UPLC507VSB2TH4DA,2026-05-28 00:02:52,2026-05-27,PRD-R1U5EPQQYGD3,CLI-0UHFMYZAQJSC,Withdrawal,,353.33,USD,,ATM,SUC-BDUFJ6GZ,,,México,Monterrey,Approved,00,False,11.72,,
TRX-V34YP8643DVF1NPXCML2,2026-05-27 13:21:27,2026-05-27,PRD-2HYD3SJ0LC98,CLI-G9MB42H8CP85,Purchase,Services,25412.21,ARS,72.61,Web,,Cable TV,Services,Argentina,Córdoba,Approved,00,False,15.4,,
TRX-W3K8L3ATTW25O3HDLKUH,2026-05-27 20:42:31,2026-05-27,PRD-44BS654DA16L,CLI-FTCFIF1I51WL,Transfer,,8987.97,USD,,ATM,SUC-MU9A5O88,,,Colombia,Barranquilla,Approved,00,False,21.85,,
TRX-X2B0LXHSEU93JN7NABLF,2026-05-27 19:10:09,2026-05-27,PRD-E4M7IO4WB2LD,CLI-DCZIXC0MTN2B,Purchase,Food,225.61,USD,,App,,Tienda Don José,Food,México,Querétaro,Approved,00,False,6.35,,
TRX-7KQSW5RXP4H0EC6YZS17,2026-05-28 03:57:59,2026-05-27,PRD-ND1595LXH0QD,CLI-R9TJEP433SAR,Withdrawal,,481.71,USD,,Branch,SUC-115U74JL,,,Argentina,Mendoza,Approved,00,False,21.62,,
TRX-7SEHD4LQ3WGV9KV5QJCO,2026-05-27 09:54:16,2026-05-27,PRD-53SD3H5Z9EE3,CLI-GNISFNU8ED9Z,Payment,Transport,7909033.76,COP,1977.26,Web,,,,Colombia,Barranquilla,Pending,54,False,5.42,,
TRX-OB5EKN6XH5A9XMWODJ5Y,2026-05-27 15:51:22,2026-05-27,PRD-VK6N1HOJ8LHU,CLI-Z4G62ZJFQURW,Payment,Services,1079.16,USD,,ATM,SUC-VV9NKH6E,,,México,,Approved,00,False,5.74,,
TRX-SGYLL8HMATVKET5MCVK1,2026-05-28 00:10:37,2026-05-27,PRD-YVQ8XD17OGH6,CLI-MVZYVJWIDHFS,Deposit,,4894.26,USD,,ATM,SUC-3DCC91G4,,,México,Querétaro,Approved,00,False,1.04,,
TRX-0PGTPPPVS838IMZMAGGT,2026-05-27 09:40:04,2026-05-27,PRD-AE83JFQAEBII,CLI-1KPP8YJ3PUJE,Transfer,,2530.86,USD,,Web,,,,México,Monterrey,Approved,00,False,16.98,,
TRX-C139W75UPQ4DGXAMTB2Z,2026-05-27 06:59:50,2026-05-27,PRD-L1ANA6EVYO42,CLI-GXE6RCF8AKH1,Transfer,,7404.1,USD,,POS,,,,México,Monterrey,Approved,00,False,21.11,,
TRX-I0LLPC2IJ283FW8PO306,2026-05-27 22:26:26,2026-05-27,PRD-JW4HL48ABJKN,CLI-V00OSSP2Q5S5,Withdrawal,,382.13,USD,,ATM,,,,México,Tijuana,Approved,00,False,25.58,,
TRX-6ZC2X6S2QDFAKI8QWVO4,2026-05-28 02:33:26,2026-05-27,PRD-YJQ40YJLROUF,CLI-YND5O6GAFLX8,Deposit,,559328.0,ARS,1598.08,App,,,,Argentina,Rosario,Approved,00,False,17.56,,
TRX-QTJ6S0EIX4VCCOUYU3FN,2026-05-27 14:48:11,2026-05-27,PRD-L6QCU6NVH19X,CLI-Y5CXDZQSXOU9,Payment,Transport,358.24,USD,,POS,,,,México,Guadalajara,Approved,00,False,15.44,,
TRX-BVGT3LFYPMR57UJ6ORTH,2026-05-27 09:46:52,2026-05-27,PRD-50BMFJ3X2D7F,CLI-STIZLNYAYU07,Payment,Entertainment,322103.26,ARS,920.3,ATM,SUC-HBYNA6O6,,,Argentina,Buenos Aires,Approved,00,False,11.14,,
TRX-I8Y1SNOGX12MO7QRQHHF,2026-05-27 22:58:21,2026-05-27,PRD-78O1ACAT0M5J,CLI-1VOL0PATRHYH,Purchase,Services,250.44,USD,,POS,,Internet Plus,Services,México,,Approved,00,False,13.57,,
TRX-4AKYL65W8IUHWZMOOAZX,2026-05-28 04:32:32,2026-05-27,PRD-ZIX24JXSQN45,CLI-SI08OM5NUIAL,Purchase,Other,92363.93,ARS,,App,,Tienda General,Other,USA,Los Angeles,Pending,14,False,21.68,,
TRX-WQWXXPC8MWARRCOKLVND,2026-05-27 14:50:50,2026-05-27,PRD-H9D480VB1QPB,CLI-0PH5TKXR9VMJ,Purchase,,746205.38,COP,186.55,App,,Cable TV,Services,Colombia,Medellín,Approved,00,False,28.17,,
TRX-FLIH3MBL43XSMYMNTMIC,2026-05-27 15:23:46,2026-05-27,PRD-4QLENX4Z6BM5,CLI-5JJWBH0A3PNV,Purchase,Services,472.28,USD,,POS,,Empresa Telefónica,Services,México,Guadalajara,Approved,00,False,0.71,,
TRX-J7ZRED4L8ZCRFWIVVI9Q,2026-05-27 14:01:29,2026-05-27,PRD-RVULHVTQBEG3,CLI-GF1NGO53E6KG,Withdrawal,,109458.85,ARS,312.74,Web,,,,Argentina,La Plata,Declined,05,False,9.25,,
TRX-K4I6J9IGILKY680VE4N9,2026-05-27 19:58:30,2026-05-27,PRD-TZNDQ2FQQ2FU,CLI-QVSMZ1G73XQT,Withdrawal,,129550.49,ARS,370.14,POS,,,,Argentina,Buenos Aires,Approved,00,False,23.71,-35.4873954,-58.5531602
TRX-EJUE66QL5KZFOQ0G2A56,2026-05-27 20:22:15,2026-05-27,PRD-THB1KWHCL2RT,CLI-XMNFXKLSAFFC,Deposit,,3657737.01,COP,914.43,Web,,,,Colombia,Cali,Approved,,False,,,
TRX-PS4PLD740NY25SSY1QFM,2026-05-27 13:50:37,2026-05-27,PRD-05O1MV0F69A4,CLI-2LFC4OD5RGD9,Withdrawal,,378.57,USD,,POS,,,,México,Ciudad de México,Approved,00,False,26.17,,
TRX-SQATOXHBYJ45C5EPZE6Q,2026-05-27 06:51:27,2026-05-27,PRD-WLZ5WO1U8RRS,CLI-E4EG0PR1RPV6,Deposit,,4346.32,USD,,ATM,SUC-JYJWT9TH,,,México,Puebla,Approved,00,False,11.6,,
TRX-U41D4UX9G5V6YW54MMGG,2026-05-27 17:00:44,2026-05-27,PRD-7690RZ11W4NU,CLI-4823CYJN77OV,Purchase,Food,234.56,USD,,POS,,Mercado Central,Food,México,Puebla,Approved,00,False,25.64,,
TRX-1K7OIMXVME8B1YS9RB3H,2026-05-27 08:38:40,2026-05-27,PRD-5E959BX62TMM,CLI-BATN8XITDU6D,Transfer,,761945.33,ARS,2176.99,App,,,,Argentina,,Pending,51,False,,,
TRX-5D8RC49RLCOTJVLH32BM,2026-05-27 06:54:01,2026-05-27,PRD-ERA0092ULNTM,CLI-TKPPEKFU8SIK,Withdrawal,,165.55,USD,,POS,,,,México,Monterrey,Approved,00,False,9.71,,
TRX-55JV1ARIRF2ANRVAA87U,2026-05-28 05:22:29,2026-05-27,PRD-J5ZW3ZC7DZDP,CLI-QFH2684H8R8M,Withdrawal,,113814.51,ARS,325.18,POS,,,,Argentina,Mendoza,Approved,00,False,14.84,-34.7554077,-58.1612417
TRX-BS91DSF6CADGN7KK1JSA,2026-05-28 00:32:50,2026-05-27,PRD-34Q2RXMLXBGI,CLI-EYYQ38WHKP7K,Purchase,Other,1784444.22,COP,446.11,POS,,,Other,Colombia,Cali,Declined,51,False,,,
TRX-B7W1IYQ43GTMKINTC02V,2026-05-27 21:21:20,2026-05-27,PRD-Q93LAFBAOPS4,CLI-KQIL824YGDFT,Deposit,,143627.03,ARS,410.36,Branch,SUC-SX32177B,,,Argentina,La Plata,Approved,00,False,2.81,,
TRX-D0MGDXZIRGHYF9QBF14M,2026-05-28 04:53:52,2026-05-27,PRD-OVDVF87VMHLL,CLI-U0KRCTEU5WWW,Transfer,,9318.64,USD,,ATM,,,,México,Monterrey,Approved,00,False,3.47,0.9837086,-0.8717936
TRX-2W7W8201GWL2YZA36AMI,2026-05-27 09:58:42,2026-05-27,PRD-CMQWV24PID3K,CLI-54I5ALU8CZ68,Payment,Other,311967.58,ARS,891.34,Web,,,,Argentina,Rosario,Approved,00,False,3.11,,
TRX-J25DR9RB0CL66XDG4GWM,2026-05-28 04:45:57,2026-05-27,PRD-R8WK9MUGVBXE,CLI-663XWJQUMOUY,Withdrawal,,178.58,USD,,POS,,,,México,Querétaro,Approved,00,False,14.47,,
TRX-H5OLTYGTPP5JW9LV3MX5,2026-05-27 20:21:57,2026-05-27,PRD-IT7LLVIT24RD,CLI-J031JDUR102Y,Payment,Transport,258599.23,ARS,738.85,App,,,,Argentina,,Approved,00,False,3.42,,
TRX-OWYNM99AKWNI865UIH8M,2026-05-27 19:40:24,2026-05-27,PRD-R1GOEH37F0R3,CLI-7SWWNXML54AY,Payment,Health,1627850.26,COP,406.96,App,,,,Colombia,Cali,Approved,00,False,17.14,,
TRX-7S7KNNXZJF5EOXEFI6BO,2026-05-28 00:59:13,2026-05-27,PRD-KM8AUYU51EGW,CLI-NPPE4JFIDWRB,Deposit,,19911747.43,COP,4977.94,ATM,SUC-4OOB7ZFR,,,Brazil,Rio de Janeiro,Approved,00,False,11.52,,
TRX-EKZ6TDT3OU07IOWKGE3C,2026-05-28 05:51:19,2026-05-27,PRD-9J3DHO86UA3E,CLI-TNT4BQFIHLFO,Payment,Services,63.57,USD,,POS,,,,Colombia,,Approved,00,False,,3.914664,-74.9219433
TRX-D2HXEXNEHDI2MKZYLL80,2026-05-28 03:25:29,2026-05-27,PRD-D1EA1J9VRFYL,CLI-KDFQRUBZGZCA,Purchase,Entertainment,71525.49,COP,17.88,App,,Conciertos Live,Entertainment,Colombia,,Approved,00,False,9.59,,
TRX-M2HR7UL6MSGFHWZJV53Q,2026-05-27 17:13:37,2026-05-27,PRD-B1KB6W20V8SU,CLI-EKSC31Y33HB6,Purchase,Services,80480.13,ARS,229.94,POS,,,Services,Argentina,Mendoza,Approved,00,False,2.06,,
TRX-60246BBALSS20AP76S6D,2026-05-27 09:04:22,2026-05-27,PRD-OVA3HE7PDRJ4,CLI-PERV6FWSG7XD,Withdrawal,,375.11,USD,,POS,,,,Colombia,Barranquilla,Approved,00,False,25.2,,
TRX-WCYNM82B9B4FA9EC1AY4,2026-05-27 23:04:26,2026-05-27,PRD-4E1WLRFLUS2W,CLI-N6MSPWI18HYV,Withdrawal,,37480.7,ARS,107.09,ATM,SUC-Y7VHYCDG,,,Argentina,Rosario,Approved,00,False,,-34.8544284,-59.1693675
TRX-UY81CN32SK42W5YBQTXH,2026-05-28 01:03:05,2026-05-27,PRD-WL5NCZOBVYYO,CLI-K86JLFYEQSEE,Withdrawal,,279.62,USD,,Web,,,,Argentina,Mendoza,Approved,00,False,22.73,,
TRX-Q7WFWIU6SW6MVVGDFFCA,2026-05-28 00:07:23,2026-05-27,PRD-50W7OWIH6FQN,CLI-25WO9GLIHF04,Payment,Services,1565.74,USD,,POS,,,,México,,Pending,51,False,22.33,,
TRX-8SG4S6GVDH8BPQJ4KMGK,2026-05-28 02:35:27,2026-05-27,PRD-BOESJ0G4IRF6,CLI-87CSYEX12BHI,Payment,Transport,1131.38,USD,,Web,,,,Brazil,Brasília,Approved,00,False,,,
TRX-GKC5XRBGS84IZ16KP7OM,2026-05-27 07:56:28,2026-05-27,PRD-2IQLMV6JV747,CLI-H0JCP1ELA03Y,Transfer,,21059572.92,COP,5264.89,App,,,,Colombia,Medellín,Approved,00,False,5.72,,
TRX-MVPEK2SPJ4K1MWV55RPC,2026-05-28 04:39:11,2026-05-27,PRD-GZ6CLEN7KXIH,CLI-1RRAP586XP43,Withdrawal,,433.35,USD,,POS,,,,México,Ciudad de México,Approved,00,False,27.52,,
TRX-DFVLT1AQDPNSZIC2LNJ8,2026-05-27 11:35:59,2026-05-27,PRD-14CKYJ0DKB4E,CLI-TMA3KWJ233GI,Withdrawal,,451.05,USD,,ATM,SUC-OZH64PX1,,,México,Guadalajara,Approved,00,False,,-0.2221677,-0.343113
TRX-X14RSXKTKC27TD4BC70X,2026-05-27 17:39:22,2026-05-27,PRD-UES3SZ5FGKUV,CLI-VPXXTEVZUAAX,Withdrawal,,132455.27,ARS,378.44,POS,,,,Argentina,Buenos Aires,Approved,00,False,20.39,,
TRX-1JBOBIN20KFMY2J0JCBF,2026-05-28 04:27:22,2026-05-27,PRD-KWFQ36KRQDKV,CLI-G9AMDK4K36VH,Transfer,,29766058.53,COP,7441.51,ATM,SUC-M447M9GU,,,Colombia,Cartagena,Approved,00,False,16.45,,
TRX-N5X5C96RHQVH7ZRA25IX,2026-05-27 06:25:34,2026-05-27,PRD-QT7TI3AW77RG,CLI-EJBRPYRUN7FI,Payment,Food,6699229.8,COP,1674.81,POS,,,,Colombia,Cali,Approved,00,False,23.35,,
TRX-T649EX7BKDVRQDW3GCGO,2026-05-27 08:28:54,2026-05-27,PRD-BLVNWKQA8V6F,CLI-7I8VP9TDVT2X,Transfer,,10098752.75,COP,2524.69,POS,,,,Colombia,Bogotá,Approved,00,False,15.87,,
TRX-JRMASK01MP177FK7I9T0,2026-05-28 05:16:56,2026-05-27,PRD-ZDK1FBE1YROK,CLI-AGBOH359330O,Transfer,,22780459.31,COP,5695.11,Web,,,,Colombia,Bogotá,Approved,00,False,22.7,,
TRX-H62HNKR3TPEAUP9YS80J,2026-05-28 04:46:45,2026-05-27,PRD-QYDJSU8DC3HD,CLI-DE13OXH291TR,Purchase,Transport,118049.76,ARS,337.29,Web,,Gasolinera Express,Transport,Argentina,La Plata,Approved,00,False,28.96,,
TRX-45SI7CNVWNJ95W0RWKAF,2026-05-27 23:45:20,2026-05-27,PRD-9ZCUTU1A9L7H,CLI-NBR0K2D04OIT,Withdrawal,,34.4,USD,,Web,,,,México,Tijuana,Approved,00,False,6.22,,
TRX-ARR5E07R0AZT8QT3YRMH,2026-05-27 17:41:05,2026-05-27,PRD-6D8RNS4SEPKQ,CLI-OQXK0Z738S0O,Purchase,Other,316.06,USD,,Transfer,,Tienda General,Other,México,Monterrey,Approved,00,False,12.22,,
TRX-2C2OR9FW6QX7U6I0I8P5,2026-05-28 01:16:49,2026-05-27,PRD-1DSYSUF83CXG,CLI-VVCTX1PU9RPE,Adjustment,,753.59,USD,,Web,,,,México,Ciudad de México,Approved,00,False,23.3,,
TRX-T0RRMR9WOEGVDZ20U6MB,2026-05-27 09:24:33,2026-05-27,PRD-0ORU5F0C52NK,CLI-ZCI5HUF7DHSP,Purchase,Transport,262.14,USD,,ATM,SUC-KY2QIURA,Estación de Servicio,Transport,Colombia,Bogotá,Approved,00,False,14.18,,
TRX-FTOVUSDMX4NROZNMXD8T,2026-05-27 07:02:21,2026-05-27,PRD-HSSZ1VHVMAYA,CLI-24SIP98OW31Q,Withdrawal,,68013.48,ARS,194.32,POS,,,,Argentina,Mendoza,Approved,00,False,,,
TRX-EXGY5NUJCZ4GF9797K8S,2026-05-27 14:06:27,2026-05-27,PRD-226UFAW364J8,CLI-W2JKGQHV1WPZ,Deposit,,13321640.89,COP,3330.41,ATM,SUC-84HXKY7Q,,,Colombia,,Approved,00,False,,,
TRX-9T49RG2A10RS8SDMMVMV,2026-05-27 10:04:14,2026-05-27,PRD-YP6C3H0NRZ8S,CLI-VUGI88W5BAYH,Deposit,,5898128.74,COP,1474.53,ATM,SUC-OGCB7RT2,,,Colombia,Bogotá,Approved,00,False,18.69,4.0249751,-74.050286
TRX-GCGWX7T9XODDJAUE21XL,2026-05-28 03:24:50,2026-05-27,PRD-YLIZU143VSV6,CLI-9U3F6O8FD0WS,Transfer,,1882.38,USD,,ATM,SUC-N1ZUF3PF,,,México,Tijuana,Approved,00,False,13.04,,
TRX-GW224JLOM1OTOXYUH0RB,2026-05-27 07:31:38,2026-05-27,PRD-2T9TZM3FD8O2,CLI-JSSGFWIZB6TP,Purchase,Transport,74971.4,ARS,214.2,Web,,Taxi Seguro,Transport,Argentina,Buenos Aires,Declined,14,False,1.88,,
TRX-YQD2FGQ6WFCJYB8OBAZ4,2026-05-27 15:17:04,2026-05-27,PRD-OZC2WS8QDS6P,CLI-OA0ZMB0I4KER,Withdrawal,,430.92,USD,,ATM,SUC-HVN55QJQ,,,México,Monterrey,Approved,00,False,15.51,,
TRX-N9QXKTYBJ147FVAPXZQW,2026-05-28 02:59:43,2026-05-27,PRD-SYFC340IKQDR,CLI-LRF3H1XVWRVQ,Payment,Entertainment,1168.96,USD,,App,,,,Colombia,Cali,Approved,,False,3.08,,
TRX-OUI085CK6ISWUI5FZL9U,2026-05-27 18:37:31,2026-05-27,PRD-027P6XKJ9V2U,CLI-8G3CPJLHCCK5,Deposit,,4526.01,USD,,ATM,SUC-552N76DP,,,México,Ciudad de México,Approved,00,False,1.87,,
TRX-R8V7O2DCO8DFGRX9FHWO,2026-05-27 17:11:49,2026-05-27,PRD-W917R701OOVE,CLI-QA5ZR8LHFV5N,Purchase,Other,125.91,USD,,Web,,Tienda General,Other,USA,Los Angeles,Declined,05,False,13.5,,
TRX-BZRBIMA3701QHWA84OZN,2026-05-28 01:14:31,2026-05-27,PRD-LXOXTPZ5MBCM,CLI-ZO4VYA80JUHV,Payment,Transport,754.27,USD,,POS,,,,México,Guadalajara,Approved,00,False,,,
TRX-DCFKN6518SLS7X4LL6SV,2026-05-27 11:30:04,2026-05-27,PRD-1EZ8NYIQMK09,CLI-U1CK0PIY7OW3,Transfer,,9681.04,USD,,POS,,,,México,Puebla,Approved,00,False,8.49,,-0.757784
TRX-MRBNEVHJDQZOCC5W9L5D,2026-05-27 09:13:46,2026-05-27,PRD-DRHMQKEDNN4G,CLI-IGITUJE75MJ2,Payment,Food,309.64,USD,,ATM,SUC-M8AEJ2A4,,,México,Querétaro,Approved,00,False,,,
TRX-QS10AO6XW4LF0F6H51VS,2026-05-27 19:17:02,2026-05-27,PRD-WM67V5CC5QH5,CLI-OJ92LR6DUM5F,Purchase,Health,461.11,USD,,App,,Óptica Visión,Health,México,Puebla,Reversed,14,False,,,
TRX-G7M31H5WFU2XIPVKCLE7,2026-05-28 01:17:29,2026-05-27,PRD-Y8YQLSTE3HT4,CLI-B1E9XR629AA8,Payment,Entertainment,753.45,USD,,ATM,SUC-FQBLIDK9,,,México,Guadalajara,Approved,00,False,14.52,,
TRX-L1JWYTJ8KNLVAFT43PNP,2026-05-28 04:13:22,2026-05-27,PRD-QDS0PRHDADE5,CLI-P3DWS8FIL4S2,Purchase,Food,59.96,USD,,POS,,Restaurante El Buen Sabor,Food,México,Ciudad de México,Approved,00,False,29.46,,
TRX-DM86QH0YX9N8RU3493P1,2026-05-27 15:02:35,2026-05-27,PRD-E9CDN21V4VI3,CLI-P0XTY3TR0QG3,Purchase,Other,460.5,USD,,App,,Ferretería,Other,México,Ciudad de México,Reversed,05,False,23.59,,
TRX-6UI9Z70DDNCOU4PNHSYB,2026-05-28 02:10:14,2026-05-27,PRD-YTXSYUA60GVE,CLI-FGVMQMQDHC4Z,Withdrawal,,468.65,USD,,POS,,,,México,Tijuana,Approved,00,False,29.16,,-0.13311
TRX-BV3ZSX7MDL8IOY9A5N1Q,2026-05-27 21:52:11,2026-05-27,PRD-XDF7SHV4X8C7,CLI-E0Z5ZJL3TDLX,Payment,Services,281515.02,ARS,804.33,App,,,,Argentina,Mendoza,Approved,00,False,17.76,,
TRX-4ZJVR68F28I2A2FIOTZB,2026-05-27 17:01:16,2026-05-27,PRD-ZAHATF35ZQ7H,CLI-007Q2YBOSD9N,Withdrawal,,395.53,USD,,POS,,,,México,Puebla,Approved,00,False,14.91,0.8645748,
TRX-QKYX7JZ95GODTESOZV72,2026-05-27 18:09:41,2026-05-27,PRD-4SSLEO3PDCZJ,CLI-8MKCDULQXEAU,Deposit,,866.28,USD,,ATM,,,,México,Tijuana,Approved,,False,8.84,0.3456756,-0.4272866
TRX-K57G9PPNZJHHAI6QZKD0,2026-05-27 18:09:05,2026-05-27,PRD-UM53V2OERA19,CLI-NT1XMLJ727L9,Withdrawal,,1520762.9,COP,380.19,ATM,SUC-7P0XNXTG,,,Colombia,Cali,Approved,00,False,14.83,,
TRX-AD6J4P8N6M202OT4WF3Y,2026-05-27 21:02:14,2026-05-27,PRD-CTQJKUOCGCA5,CLI-Z3RB8ALBP37H,Withdrawal,,438.14,USD,,ATM,SUC-VV9NKH6E,,,México,Querétaro,Approved,00,False,26.16,-0.3649959,-0.3947121
TRX-R5HS1QTPJXENMSUD78HC,2026-05-27 10:40:59,2026-05-27,PRD-3CAGC2518Z60,CLI-RB9DULBJQAR9,Deposit,,2373.13,USD,,ATM,SUC-YJSI0V1D,,,México,Querétaro,Approved,00,False,17.76,,
TRX-QX7HMDQTI13WZHMLIYKN,2026-05-27 10:56:56,2026-05-27,PRD-DSAETFW3946M,CLI-IMBZP2ENMV0H,Withdrawal,,137625.52,ARS,393.22,App,,,,Argentina,La Plata,Approved,00,False,,,
TRX-DRMGUNYC8257UQ5RT0VE,2026-05-27 13:55:19,2026-05-27,PRD-8441KTEFKE27,CLI-RCDBE9XZFNGN,Payment,Other,3882654.42,COP,970.66,ATM,SUC-8AM4U1NU,,,Colombia,Cali,Approved,00,False,,,
TRX-KT36O1IVSAWGOZGUPZ92,2026-05-27 09:50:26,2026-05-27,PRD-H8W732LMKP3N,CLI-N001DOKNU7UC,Withdrawal,,53.64,USD,,Web,,,,México,Puebla,Approved,00,False,8.47,,
TRX-1P8P3A0UCN69KBL71HPN,2026-05-27 22:46:15,2026-05-27,PRD-PPVNC5C30OB5,CLI-DNKAEOWUQBNA,Purchase,,1008701.18,COP,252.18,App,,Cable TV,Services,Colombia,Cali,Approved,00,False,,,
TRX-L417P927NPCIVSFOY2AU,2026-05-27 19:42:57,2026-05-27,PRD-HARUI13CF2VN,CLI-9L036MG9ZLQL,Purchase,Services,1310994.77,COP,327.75,App,,Servicios Públicos,Services,Colombia,Cali,Approved,00,False,13.43,,
TRX-HO4K30WMPY8RJJEW82H7,2026-05-27 23:07:45,2026-05-27,PRD-E2UOOHHFEBAM,CLI-LDMM8NA2HAQY,Transfer,,1762.98,USD,,POS,,,,Mexico,Puebla,Approved,00,False,12.38,,
TRX-XQ1XFFLJ1ZJRRA8Y94Y5,2026-05-27 13:46:46,2026-05-27,PRD-NST3THEU8AIH,CLI-QT81SY4O78DH,Transfer,,9553.08,USD,,Web,,,,USA,Miami,Approved,00,False,27.51,,
TRX-B1KKM4DI8U8F0E8VQTOT,2026-05-27 09:23:03,2026-05-27,PRD-UHYV5SFXKTH1,CLI-ZOIL6WJEURN6,Deposit,,3047.06,USD,,POS,,,,México,Querétaro,Approved,00,False,6.61,,
TRX-XWNMEK42WH0NZZTBKDWQ,2026-05-27 12:13:58,2026-05-27,PRD-SNK4MLQYNOSZ,CLI-BH40NF57SB5V,Payment,Food,427.04,USD,,ATM,,,,México,Tijuana,Approved,00,False,1.51,-0.2535323,0.5780997
TRX-8MH5MNI664R0JFF24U59,2026-05-27 23:25:36,2026-05-27,PRD-VJB1HDB9FLIW,CLI-TATVAWRVDPNR,Purchase,Health,94.35,USD,,ATM,SUC-DN1V9J1Z,Clínica Médica,Health,México,Monterrey,Approved,00,False,25.26,,
TRX-5GPJJ0UT9KRBQ7NLIFZ8,2026-05-27 06:25:56,2026-05-27,PRD-WKF728X07DVO,CLI-JP7CTVVZHF6L,Payment,Services,1555.35,USD,,App,,,,México,Ciudad de México,Approved,,False,0.66,,
TRX-RGWCTDPFPPP8F6693W3Q,2026-05-28 04:58:49,2026-05-27,PRD-64WJO2TBQ40U,CLI-GU8J6R2QU6TN,Purchase,Food,167.14,USD,,POS,,,Food,México,Puebla,Approved,00,False,8.81,,
TRX-15X98ZKHHI9ZAU127BU7,2026-05-27 12:46:24,2026-05-27,PRD-9RDQIWIXJ98Z,CLI-V895X3BEN4N6,Withdrawal,,421.67,USD,,Transfer,,,,México,Tijuana,Approved,00,False,5.42,,
TRX-D2JJFJ27RYXSD1MAW9LA,2026-05-28 03:23:22,2026-05-27,PRD-OX2MNSNQS4O8,CLI-YPPASZ63XWAY,Purchase,Food,334.44,USD,,POS,,Mercado Central,Food,México,Monterrey,Approved,00,False,1.43,-0.8403787,0.9550695
TRX-6ASBATN6RXC9K666YZ8S,2026-05-27 12:22:44,2026-05-27,PRD-IYXNCGTVD3UZ,CLI-KH7GPGXMADS4,Deposit,,504.08,USD,,ATM,SUC-1PSI5W5X,,,México,Monterrey,Approved,00,False,19.35,,
TRX-VEPIQQMQCRXA4DTFDY6Z,2026-05-27 17:59:38,2026-05-27,PRD-QX1IERPIB1IV,CLI-JL8LU6EPRIND,Purchase,Food,479.66,USD,,Web,,Restaurante El Buen Sabor,Food,México,Querétaro,Approved,00,False,,,
TRX-H7XJV565BA7MICJFTMVH,2026-05-27 09:59:01,2026-05-27,PRD-N0OHYF6AG3JS,CLI-4Y07PI9F82D3,Transfer,,3874.4,USD,,ATM,SUC-COPO2MJ8,,,México,Ciudad de México,Approved,00,False,9.29,,
TRX-DVZKDBRN2N6ET4MNQCU1,2026-05-27 22:39:27,2026-05-27,PRD-PPUAE43YD0P7,CLI-CZ8UAK11C75U,Transfer,,13053163.46,COP,3263.29,Web,,,,Colombia,Cartagena,Approved,00,False,,,
TRX-K403U72LPYXS35QG094I,2026-05-28 03:10:30,2026-05-27,PRD-9953Q8UWR2L1,CLI-GFANQRFMSSM7,Payment,Other,273501.0,ARS,781.43,POS,,,,Argentina,Mendoza,Approved,00,False,20.44,-34.0763721,-58.770298
TRX-M87DUHGZ6CDBR9ZSYVAR,2026-05-27 08:44:38,2026-05-27,PRD-LLL7IAGWM5Z6,CLI-EQDBX4P1WA3E,Transfer,,9891.79,USD,,App,,,,México,,Approved,00,False,29.58,,
TRX-97MVQE1WIEGP87VV5WLS,2026-05-27 16:48:15,2026-05-27,PRD-VMCI8QC1K13A,CLI-XG5JRE9JI8JQ,Adjustment,,998.13,USD,,POS,,,,México,Puebla,Approved,00,False,,,
TRX-IYQ2NVHP9ZW0UIECRBHC,2026-05-27 13:13:38,2026-05-27,PRD-MUMDR4SBIQS8,CLI-MRC2RT5M54K8,Withdrawal,,137.98,USD,,ATM,SUC-KT11NKNR,,,México,Guadalajara,Approved,00,False,,,
TRX-X0AFXZMWSLM0X6RW4H9X,2026-05-28 00:02:30,2026-05-27,PRD-DR4AF94GG1TL,CLI-V9NXW6021VQT,Withdrawal,,239.32,USD,,POS,,,,México,,Approved,00,False,0.74,-0.8738154,0.7607291
TRX-42CZ35U0KZWFGE4P477I,2026-05-27 10:04:55,2026-05-27,PRD-TXVCSMLJMJOX,CLI-8Y5P0TSELY4O,Payment,Transport,1603.02,USD,,POS,,,,México,Monterrey,Approved,00,False,17.7,,
TRX-YVL0D07N6BR2N6DZDVQ8,2026-05-28 03:32:35,2026-05-27,PRD-K8JQEW17AS30,CLI-99UA7H5DSIJX,Deposit,,2372.67,USD,,Web,,,,México,Puebla,Approved,00,False,20.77,,
TRX-W0KUMKRE7QHI1Q7LGEGW,2026-05-28 00:18:29,2026-05-27,PRD-0Q6K19PHNN4T,CLI-5F2GDA4SJ2BR,Withdrawal,,416.4,USD,,ATM,SUC-NOBD5N9U,,,México,,Approved,00,False,27.93,,
TRX-JNGLVRMF5LXAJ71L5P6V,2026-05-27 22:13:24,2026-05-27,PRD-Z6JZ8LHY8308,CLI-AB3GRUZ0X4RP,Transfer,,14913710.37,COP,3728.43,POS,,,,Colombia,Cali,Approved,00,False,8.99,,
TRX-86LCPWPEPCUGCDS3K4SF,2026-05-27 13:14:35,2026-05-27,PRD-GM1PNOH6UMAH,CLI-G443C5CA2OD8,Deposit,,16798048.99,COP,4199.51,ATM,SUC-06LBAMRN,,,Colombia,Cartagena,Approved,00,False,1.61,5.3397696,-75.0516289
TRX-TZIRMCLRQCUA1LIJR0L5,2026-05-27 20:53:22,2026-05-27,PRD-0Y6VMQNJAC7R,CLI-9ODQOA0WK6Q1,Payment,Transport,1508.72,USD,,ATM,SUC-P65ZGVH3,,,Spain,,Approved,00,False,22.2,,
TRX-4NV5VLTIW3EMQ05VGQPU,2026-05-27 13:48:00,2026-05-27,PRD-D3WXUQIW4JNO,CLI-T3GOB5ONMX0C,Transfer,,2233.47,USD,,ATM,SUC-H4YG9DLY,,,México,Tijuana,Approved,00,False,,-0.1917868,0.1973951
TRX-LP7BEN7RTQUVD9PEA6PQ,2026-05-28 04:33:18,2026-05-27,PRD-YWI47WT4DEZU,CLI-ZZKFIH68ZFYJ,Payment,Services,511586.97,ARS,1461.68,POS,,,,Argentina,Rosario,Approved,00,False,,,
TRX-44I1RC0ZOWVTDFOYMDCK,2026-05-27 09:01:50,2026-05-27,PRD-JLH6O4X4ZO4R,CLI-42K1EXUQPKKS,Purchase,Food,736109.82,COP,,POS,,Restaurante El Buen Sabor,,Colombia,Bogotá,Approved,00,False,25.11,,
TRX-ILLQQ2FP5Z76MJTC05CS,2026-05-27 20:25:11,2026-05-27,PRD-K9HINZPQ6G9G,CLI-S5N1LD8X2ODP,Payment,Other,5505445.71,COP,1376.36,POS,,,,Colombia,Cartagena,Reversed,51,False,22.35,5.0120083,-73.5956999
TRX-NRJWA9PUGBB1CORZRTCQ,2026-05-27 21:42:30,2026-05-27,PRD-PFB54OS7EE8H,CLI-MO42ABJ775TI,Withdrawal,,440.31,USD,,POS,,,,Colombia,Cartagena,Approved,00,False,29.4,4.0758285,-73.6321726
TRX-6LN9R6A1JZL6VX98FRYW,2026-05-27 07:09:33,2026-05-27,PRD-PO24B18U27TR,CLI-Z6T4XYRP4YA1,Withdrawal,,1416322.0,COP,354.08,ATM,SUC-HAC1OZ8F,,,Colombia,Barranquilla,Approved,00,False,19.63,,
TRX-HH7JIGPI0OA2KVHRF5UZ,2026-05-28 01:28:22,2026-05-27,PRD-D0KL45J7D276,CLI-L3UNKWH71I8B,Withdrawal,,158281.79,ARS,452.23,POS,,,,Argentina,Buenos Aires,Approved,00,False,17.07,,
TRX-JAZHJXR1F4JHEVSWH666,2026-05-27 20:05:54,2026-05-27,PRD-8MI8L41F10S9,CLI-HLGBSL3POT7J,Purchase,Food,29062.7,ARS,83.04,Web,,Mercado Central,Food,Argentina,Córdoba,Approved,00,False,,,
TRX-0TMYGUAMR8KRJJIPI96A,2026-05-27 16:35:08,2026-05-27,PRD-E42K6CSLQY26,CLI-QTDAYPU46QOY,Transfer,,5396.34,USD,,ATM,SUC-57LRN6RH,,,México,Puebla,Approved,00,False,9.29,,
TRX-Q093QETF9BZ31VETYNPH,2026-05-27 23:27:33,2026-05-27,PRD-RDHACT6LVS7B,CLI-8BQZ3EKBZ1M1,Deposit,,1904.48,USD,,ATM,SUC-F1BZEJXJ,,,México,Querétaro,Approved,00,False,7.48,,
TRX-2MJIFE3JPC6OPXIUO2IO,2026-05-27 18:13:56,2026-05-27,PRD-1TE0BB1C3PUJ,CLI-49WDNEKW4AAF,Purchase,Other,337.42,USD,,Web,,Centro Comercial,Other,USA,Houston,Approved,00,False,11.45,,
TRX-9B88FM9WKML5I12A6K2P,2026-05-27 20:34:08,2026-05-27,PRD-5GGMALH1P30Y,CLI-99QC68X8TT0K,Purchase,Health,98.98,USD,,POS,,Laboratorio Central,Health,México,Monterrey,Approved,00,False,,,
TRX-AT4FC4PG1UFMXSPPELJ1,2026-05-27 12:25:31,2026-05-27,PRD-TEJD72LRNS7N,CLI-3RZVZOAGCRK3,Purchase,Entertainment,258.44,USD,,ATM,SUC-YOXS8L6B,Conciertos Live,Entertainment,México,Puebla,Approved,00,False,,,
TRX-FLE7WHX2IENG6O7URF4Z,2026-05-28 01:07:41,2026-05-27,PRD-DI978LYMUQ3H,CLI-DP7CQ28D8KMU,Withdrawal,,72000.48,ARS,205.72,App,,,,Argentina,Buenos Aires,Approved,,False,7.5,,
TRX-ERMPDC30KYYJ1TVDY7L3,2026-05-27 19:32:52,2026-05-27,PRD-55F5PEVDU4W1,CLI-8FL73G8GIKYL,Withdrawal,,36518.09,ARS,104.34,App,,,,Argentina,,Approved,00,False,19.48,,
TRX-OQLUXLPK7UKN2A1VOK23,2026-05-28 00:34:48,2026-05-27,PRD-0C23EBFVCIMO,CLI-KQPTYNRYCDGH,Adjustment,,22684.05,ARS,64.81,POS,,,,Argentina,Rosario,Approved,00,False,17.52,,
TRX-CSCNIDK2F01EHP98S3DF,2026-05-27 19:50:52,2026-05-27,PRD-6MQA7XO5R7TD,CLI-5WIFKDGLHDLV,Transfer,,6291.43,USD,,Web,,,,México,Querétaro,Approved,00,False,29.17,,
TRX-30H9XBDPPUS5GQMPHDVQ,2026-05-27 16:06:44,2026-05-27,PRD-AS4RL00VCILB,CLI-XURB0X0G5SOT,Transfer,,32225427.47,COP,8056.36,Web,,,,Colombia,Barranquilla,Declined,54,False,15.27,,
TRX-A91PRM9DK78QM51SQMPX,2026-05-27 23:37:49,2026-05-27,PRD-JAO9NHOZBHA0,CLI-BNKHVJ35U5R8,Purchase,Entertainment,156661.39,ARS,447.6,ATM,SUC-8433QXQ4,Streaming Music,,Argentina,La Plata,Approved,00,False,25.22,-34.3203756,-57.8866658
TRX-V43346L0K2YBT82G153A,2026-05-28 01:34:49,2026-05-27,PRD-ONUAC1Q1HQ03,CLI-DOERSGWMPAQQ,Payment,Transport,905.05,USD,,POS,,,,México,Monterrey,Approved,00,False,20.28,,
TRX-IXNN5U0GMZHPTE1K9OOJ,2026-05-27 23:15:43,2026-05-27,PRD-UPS7RBVKLUH4,CLI-VINTSIDER5MQ,Deposit,,1891.59,USD,,POS,,,,México,Tijuana,Approved,00,False,9.27,,
TRX-YKCOQK4ZT8FZ0DDY1TAP,2026-05-27 22:08:49,2026-05-27,PRD-4IRQA3YB3OX0,CLI-4L9K33C83T8K,Payment,Food,1565.44,USD,,ATM,SUC-9J6GQRJ4,,,México,Querétaro,Approved,00,False,6.04,-0.5313215,-0.8139813
TRX-TNNHKJ53FHQSWZ8UGADM,2026-05-27 06:14:48,2026-05-27,PRD-VSMUT02JIRIW,CLI-VJ8XKEVTWHY0,Purchase,Entertainment,3978.37,ARS,11.37,POS,,Streaming Music,Entertainment,Argentina,Mendoza,Approved,00,False,8.93,,
TRX-CH57BEZQHI9AHSV12YJJ,2026-05-27 08:59:52,2026-05-27,PRD-CZDKAVNC83VB,CLI-ON3CFUSTDJ0G,Payment,Health,130.19,USD,,POS,,,,México,Tijuana,Declined,14,False,16.27,-0.6722833,-0.5009201
TRX-SRLAQ2OH4QR19XWFTEHT,2026-05-28 03:59:03,2026-05-27,PRD-P0364H8FE8XB,CLI-OIQ8IKKJD1MT,Purchase,Services,1917044.17,COP,479.26,App,,Servicios Públicos,Services,Colombia,Cartagena,Approved,00,False,8.82,,
TRX-6FHPM25GK8L1ROLHP3ZE,2026-05-28 05:07:24,2026-05-27,PRD-OEXLMD9HYNEX,CLI-7QPI68WF7QVK,Withdrawal,,19361.66,ARS,55.32,POS,,,,Argentina,Mendoza,Approved,00,False,10.0,,
TRX-S2LBR3NBPZTIEW7TYPKQ,2026-05-27 18:09:07,2026-05-27,PRD-CXSHDKBIHUI8,CLI-341NPK6OUYAR,Transfer,,781.86,USD,,ATM,SUC-I8M9CS2Y,,,Mexico,,Approved,00,False,11.5,,
TRX-GO5GFY6D56JD0PXITS6J,2026-05-27 09:28:15,2026-05-27,PRD-N2SDWW2Y0QSM,CLI-UPWCWUEQC0V4,Payment,Services,870.53,USD,,ATM,SUC-8GXP9TIM,,,Mexico,,Approved,00,False,15.43,,
TRX-UIUMGMX9RAO9E3P3MZZX,2026-05-27 15:51:02,2026-05-27,PRD-YBBNL4N5P4TH,CLI-54VR07PCBCV9,Purchase,Health,139235.58,ARS,397.82,App,,Óptica Visión,Health,Argentina,Buenos Aires,Approved,00,False,16.05,,
TRX-CG64049S30QKDK73RDFW,2026-05-27 10:28:19,2026-05-27,PRD-I26NUZW8RL5M,CLI-GRV8A1FDIMYO,Adjustment,,680397.55,COP,170.1,ATM,SUC-E5CCM8ZI,,,Colombia,Medellín,Approved,00,False,,,
TRX-1VV96J3PT4XJTNX68AE0,2026-05-27 16:03:19,2026-05-27,PRD-O74CLDME7KKZ,CLI-X8R7L2EQ6NF7,Adjustment,,3998628.33,COP,999.66,ATM,SUC-YAQTMQ56,,,Colombia,Bogotá,Approved,00,False,19.29,5.6147466,-73.712327
TRX-17LWZKZSGBED79FAF3LF,2026-05-27 08:13:54,2026-05-27,PRD-59WXEFAZ1CDR,CLI-U0Z6RVMHF8DG,Purchase,Other,318.47,USD,,ATM,SUC-R1MU0X5G,Tienda General,Other,México,Tijuana,Approved,00,False,1.71,,
TRX-GHTEULXJOPVHZ1T64M2D,2026-05-27 18:43:49,2026-05-27,PRD-WF7TL4AA68NH,CLI-KPLZH6NG4Z3S,Transfer,,3272340.95,ARS,9349.55,Web,,,,Brazil,São Paulo,Approved,00,False,0.41,,
TRX-3KMI6QZYVR9IUT6NHVDN,2026-05-27 18:57:55,2026-05-27,PRD-LEWG2M4ZJK37,CLI-BVJPJ17BDQ5L,Deposit,,4503.06,USD,,ATM,SUC-VTIA5X8Y,,,México,Puebla,Approved,00,False,5.36,-0.4271875,-0.1264596
TRX-7NHT2IANA4DI75FAZFGA,2026-05-27 23:18:03,2026-05-27,PRD-XP3H85RU9JRW,CLI-TAPRQEKRBF6J,Deposit,,394.25,USD,,POS,,,,México,Querétaro,Approved,00,False,11.97,,
TRX-GOBI8N7R3MB86A5ZA9IN,2026-05-27 09:07:07,2026-05-27,PRD-YF9J03AI8CSN,CLI-9XDEXYCQSR9L,Payment,Entertainment,226385.22,ARS,646.81,ATM,SUC-UUF77WSC,,,Argentina,Mendoza,Approved,00,False,17.29,-34.2469207,-58.7590949
TRX-WS8MX5X8KMBBEKU45QNF,2026-05-27 12:29:39,2026-05-27,PRD-6OEOAIV4JWCP,CLI-QEKPP70C2752,Purchase,Health,103735.44,ARS,296.39,App,,Óptica Visión,Health,Argentina,Buenos Aires,Declined,05,False,29.18,,
TRX-MFRUBTAPZJVWSH8HHQX6,2026-05-27 11:47:31,2026-05-27,PRD-5TF0GZE2UOC2,CLI-AAJHQEXH3953,Payment,Transport,868.21,USD,,POS,,,,México,,Approved,00,False,,,
TRX-2NYDRR7TS5KLL0T9FOYS,2026-05-27 18:06:12,2026-05-27,PRD-UTEYOWL56F4H,CLI-78RA8RVWEOF7,Transfer,,1809.69,USD,,ATM,SUC-WSUW783S,,,México,Querétaro,Approved,00,False,16.62,,
TRX-RQPXXO4UB0KXS2E4F2IA,2026-05-27 06:19:38,2026-05-27,PRD-JDD2AM6WWPZ7,CLI-VRS1UYQWN10L,Withdrawal,,85420.01,ARS,244.06,ATM,SUC-0MPZUQLJ,,,Argentina,Buenos Aires,Approved,00,False,11.73,,
TRX-DSQO13YUF2HQOCTE5QK1,2026-05-28 02:39:23,2026-05-27,PRD-U2B6J8CKV63S,CLI-YSDXG57KVZPO,Payment,Entertainment,1144.19,USD,,ATM,SUC-KNGCTTUB,,,México,,Approved,00,False,,-0.0812747,
TRX-GBULNOXBS1R0QZO74JD5,2026-05-28 01:17:46,2026-05-27,PRD-E6S1WZK7HY4G,CLI-IHJDDXYRI5JX,Withdrawal,,492.38,USD,,POS,,,,México,Puebla,Approved,00,False,14.26,-0.707744,-0.6608272
TRX-WI10SRWRGDCZOQYQFPYS,2026-05-27 08:35:50,2026-05-27,PRD-JSS9QUK2V5DK,CLI-ZMK1V1661BFH,Withdrawal,,131.76,USD,,POS,,,,Colombia,Medellín,Pending,05,False,7.33,,
TRX-CNNTI1GRPUMANEXHXU22,2026-05-27 19:46:38,2026-05-27,PRD-74FVF74BG9JM,CLI-RERLP7Z3LKD3,Withdrawal,,1703310.99,COP,425.83,App,,,,Colombia,Cali,Approved,00,False,10.56,,
TRX-ZR18VN6HF0RX1ZILUQD3,2026-05-27 19:31:22,2026-05-27,PRD-KS8ZYGLIM89R,CLI-E670R8KVVTVT,Purchase,Other,249.97,USD,,App,,,Other,México,Ciudad de México,Approved,00,False,,,
TRX-VSIOX5XPDULA3YE367VP,2026-05-27 20:35:29,2026-05-27,PRD-PZXO6FWNVX56,CLI-EBJ1I45UE9YD,Transfer,,2274.46,USD,,ATM,SUC-Y18NE8GS,,,México,Querétaro,Approved,00,False,10.56,,
TRX-KSIL8F31B2YZ4RGG7643,2026-05-28 01:13:40,2026-05-27,PRD-0AF2YVYKYR43,CLI-3ATCFYX0O28U,Purchase,Transport,97595.63,ARS,278.84,App,,Uber,Transport,Argentina,Córdoba,Approved,00,False,,,
TRX-ZHJQVS3FHLG03QZ6P5ND,2026-05-27 12:48:30,2026-05-27,PRD-1CKBAIUQINA4,CLI-CKXNCYDD5VI9,Withdrawal,,187.17,USD,,App,,,,México,Monterrey,Approved,00,False,27.72,,
TRX-WC4DAJ8XIJ5C6DKSJTI5,2026-05-27 09:54:08,2026-05-27,PRD-AWEMBWTPCYX7,CLI-VE12ESCU6N8J,Purchase,Transport,228.31,USD,,POS,,Taxi Seguro,Transport,México,Querétaro,Approved,00,False,,,
TRX-24IN3BV1LEDIRK79FVE9,2026-05-27 17:45:13,2026-05-27,PRD-MZ7NA81PCDSR,CLI-I9DHGGZA7MD4,Withdrawal,,47.46,USD,,App,,,,México,Tijuana,Approved,00,False,17.11,,
TRX-4P3H9GPDMJF4WZBX4YJI,2026-05-27 13:28:08,2026-05-27,PRD-NS3QJ0BYXF6I,CLI-9H5KIOA53G91,Adjustment,,219.11,USD,,POS,,,,Argentina,Rosario,Approved,00,False,,-34.8269143,
TRX-APBS1YQZP9FAWRD2Y99T,2026-05-27 15:26:50,2026-05-27,PRD-73MGRV2NPYF8,CLI-RHZPQGPXS3CK,Transfer,,4553.7,USD,,ATM,SUC-4XKHST63,,,México,Tijuana,Approved,00,False,18.04,,
TRX-38OAYZMH585H0JQ5OPT7,2026-05-27 10:32:17,2026-05-27,PRD-ISPCLE7K9YHI,CLI-VUYUUY892TA4,Withdrawal,,88.76,USD,,ATM,SUC-KD93KQ8I,,,México,Tijuana,Approved,00,False,7.91,,
TRX-1MAP1XLLNM6FW0E3WYK3,2026-05-27 09:24:35,2026-05-27,PRD-0F2HMAG2UGRF,CLI-8J4IRM8LJU7A,Withdrawal,,395.31,USD,,App,,,,México,Tijuana,Approved,00,False,6.61,,
TRX-00IC4B8WMC5FSQKNDF4A,2026-05-27 09:12:24,2026-05-27,PRD-HL55301GCRWE,CLI-74980RIFQFWD,Withdrawal,,675926.39,COP,168.98,POS,,,,Colombia,Cali,Approved,00,False,0.4,,
TRX-UCGUXULWKA3J2IHT0FW0,2026-05-28 02:14:25,2026-05-27,PRD-8KS68LEZTJ8M,CLI-GY62LAMV2VGQ,Withdrawal,,99.83,USD,,Branch,SUC-JYJWT9TH,,,México,Monterrey,Approved,00,False,15.32,,
TRX-S0UQUZJ9UCQD11M6SA48,2026-05-27 07:49:07,2026-05-27,PRD-UX8WRQCIMG5R,CLI-MDJQ78C07D16,Deposit,,3451702.1,COP,862.93,POS,,,,Colombia,Barranquilla,Approved,00,False,24.1,,
TRX-LYHZ1FVHL7FQ3CXSDC3K,2026-05-27 17:03:35,2026-05-27,PRD-UE6WNTPLRUA2,CLI-KMU2BTRG0XBS,Transfer,,6287.41,USD,,Web,,,,México,Ciudad de México,Approved,00,False,8.37,,
TRX-8LON1TB1IHOYYDWPEMIJ,2026-05-27 13:44:56,2026-05-27,PRD-Z8VEOWBLQ04G,CLI-E30ILTSY4OOB,Purchase,Services,1635942.31,COP,408.99,POS,,Servicios Públicos,Services,Colombia,Cali,Approved,00,False,24.67,,
TRX-FVXSLIJ5AM1IBO6RZ2ZL,2026-05-27 06:04:57,2026-05-27,PRD-A4JSTU7I1BFT,CLI-BW6KRTH1MG8K,Purchase,Food,423885.21,COP,105.97,ATM,SUC-M96GKW7T,Tienda Don José,Food,Colombia,Barranquilla,Approved,00,False,28.14,4.2810391,-73.1469065
TRX-UZLLDU2AGIIBTHW8TFTW,2026-05-27 07:00:41,2026-05-27,PRD-1Q8IFGKWVD77,CLI-YWSWD9FZ32ZA,Transfer,,7371.88,USD,,App,,,,México,Querétaro,Approved,00,False,12.56,,
TRX-UQKHTTB0EV272TYP69FA,2026-05-27 15:53:36,2026-05-27,PRD-OK275CKNI9TC,CLI-S1BMZYD90EPQ,Withdrawal,,49858.35,ARS,142.45,Web,,,,Argentina,,Approved,00,False,1.12,,
TRX-OEHC3QV4F8ZDFWUS5UG2,2026-05-28 01:11:34,2026-05-27,PRD-0L4OTRHD1ZN9,CLI-MOFYC69UJE8U,Payment,Other,2412808.41,COP,,Web,,,,Colombia,Bogotá,Approved,00,False,27.8,,
TRX-HHSOS3Y1LJYDTPGBZYF7,2026-05-27 16:41:02,2026-05-27,PRD-HRQVRO7WJGQX,CLI-OYJIL87OUQR6,Payment,Food,537.42,USD,,POS,,,,México,Puebla,Approved,00,False,18.47,-0.9901863,0.6134744
TRX-OUSW58X6YYC1KJ1PRC7W,2026-05-27 12:13:36,2026-05-27,PRD-PTLMKLPQY702,CLI-WR3T9ITS7K0Z,Transfer,,2956402.76,ARS,8446.87,Web,,,,Argentina,Buenos Aires,Approved,00,False,28.1,,
TRX-4ACNP5MVKQR17A5N0SRV,2026-05-27 14:03:24,2026-05-27,PRD-5LFXMZJOH9CR,CLI-M73WP5FQSU3I,Withdrawal,,320.82,USD,,App,,,,México,Tijuana,Approved,00,False,27.63,,
TRX-BU7FLCQA4S8Q4LC9GUN6,2026-05-27 20:50:16,2026-05-27,PRD-RR3B0LAAF15P,CLI-OAZ5LW2ITG0G,Purchase,Entertainment,146583.48,ARS,418.81,POS,,Cine Premium,Entertainment,Argentina,Córdoba,Approved,00,False,22.8,-35.0568471,-57.3964818
TRX-I72DG58VEPMPA1AXA3ZP,2026-05-27 11:10:03,2026-05-27,PRD-BJS1PVG9WUCM,CLI-TD45SWW7J5KA,Purchase,Food,92.76,USD,,POS,,Mercado Central,Food,USA,Miami,Approved,00,False,,,
TRX-JSIJ542A1MNDG9JC8W24,2026-05-27 15:42:20,2026-05-27,PRD-0ZL9H2QMT2VD,CLI-WML5K42DY0JM,Deposit,,3858.08,USD,,ATM,SUC-P92DIW6S,,,México,Ciudad de México,Approved,00,False,28.05,,
TRX-Q7L1OB32IR6HWQ5U9Z1J,2026-05-27 15:11:48,2026-05-27,PRD-7RWQYH4MV7NA,CLI-XN0C96MMA6L0,Deposit,,10526574.03,COP,2631.64,ATM,SUC-YAQTMQ56,,,Colombia,Bogotá,Approved,00,False,15.23,,
TRX-LDZVKQPSD4IOTZMKQBHP,2026-05-27 16:58:50,2026-05-27,PRD-78UMMUMTG1OM,CLI-3GY2ZF1EBQWQ,Transfer,,9039.63,USD,,POS,,,,México,Guadalajara,Approved,00,False,12.22,-0.1546166,0.0899137
TRX-KH2JD3E9H5CCUGE7L383,2026-05-28 02:35:08,2026-05-27,PRD-GCR2O81UNXXZ,CLI-B5ETS4RW992M,Purchase,,884209.34,COP,221.05,Web,,Clínica Médica,,Colombia,Cartagena,Approved,00,False,5.04,,
TRX-03H8V6K4OZXQFQSCNJ8L,2026-05-27 17:01:49,2026-05-27,PRD-ADVYXFA1EW3O,CLI-55Y7XHF68PUI,Withdrawal,,149.98,USD,,ATM,SUC-GV2TU3NJ,,,México,Puebla,Approved,00,False,,0.7673142,-0.7547359
TRX-JR3VG63F74Q42H43P4Z4,2026-05-27 06:02:08,2026-05-27,PRD-R33SF7829009,CLI-LX8EVXQJTO3C,Withdrawal,,74.36,USD,,POS,,,,México,Monterrey,Approved,00,False,6.85,,
TRX-QATNMWC278EEY28WUJP4,2026-05-27 16:23:48,2026-05-27,PRD-EP7G39HMD1QZ,CLI-P932KO0NGWDE,Payment,Food,1542.83,USD,,Web,,,,Argentina,,Approved,00,False,28.66,,
TRX-VIJYQRKV6BW2LAA40OUI,2026-05-27 07:25:27,2026-05-27,PRD-5VBP8IPC2MXO,CLI-UM9WN2VIUDZV,Transfer,,8583.21,USD,,ATM,SUC-RZNFZDVW,,,México,Guadalajara,Approved,00,False,,-0.8153355,-0.8309922
TRX-JWZ8JXSWOWZHMP4KTFB7,2026-05-27 07:52:59,2026-05-27,PRD-34VERV20V9RR,CLI-Q2M0N8B91N3A,Deposit,,838.23,USD,,ATM,SUC-WSSLNOPN,,,México,Guadalajara,Declined,,False,10.21,,
TRX-PR6R5MCFS2N6E914WH3B,2026-05-27 16:22:29,2026-05-27,PRD-RJBLSIFTB9DE,CLI-TDHC6JL8GRWI,Payment,Services,1471.92,USD,,Web,,,,México,Puebla,Approved,00,False,22.2,,
TRX-2OMMVB3P180N381S0CUH,2026-05-27 06:20:16,2026-05-27,PRD-I4RF48MSC21X,CLI-7SW3QOS8I3A5,Deposit,,888489.14,ARS,,Web,,,,Argentina,Rosario,Approved,00,False,15.28,,
TRX-774O3234IW659QZ7Y8BG,2026-05-28 04:53:20,2026-05-27,PRD-0LHYBRWSVDA1,CLI-O2ZIVKUCVSWC,Transfer,,1799581.76,ARS,5141.66,POS,,,,Argentina,Córdoba,Approved,00,False,9.32,,
TRX-U6PWQ2Y9RGFB5NV4MNWK,2026-05-27 21:51:54,2026-05-27,PRD-ACX9R2TDDT3U,CLI-NUNY1A4CFFAX,Payment,Entertainment,101.83,USD,,ATM,SUC-SKR8GS10,,,México,Tijuana,Approved,00,False,1.4,,
TRX-LF3L79LLIIQ5UJWY6U05,2026-05-27 13:24:02,2026-05-27,PRD-B62FNT9PC1H7,CLI-UQ4VDAONW6GB,Transfer,,716464.86,ARS,2047.04,App,,,,Argentina,La Plata,Approved,00,False,,,
TRX-S72KB5MQ74VRXGF6W8D7,2026-05-27 13:27:30,2026-05-27,PRD-5CGFA3KJMQPC,CLI-UXSMC2KBWNBR,Transfer,,469699.35,ARS,1342.0,POS,,,,Argentina,Mendoza,Approved,00,False,10.28,-33.953152,-58.4259328
TRX-UN7YWP3B4360PTJUNY9K,2026-05-27 23:34:14,2026-05-27,PRD-1ZH62S5PFU2R,CLI-DJ6C15GOCRKV,Withdrawal,,307.17,USD,,ATM,SUC-F1BZEJXJ,,,México,Ciudad de México,Approved,00,False,10.51,,
TRX-40BEZPV55U1YAA00WUJC,2026-05-27 19:22:34,2026-05-27,PRD-XB8LNCXZPEDV,CLI-UMD6HZXXULKP,Deposit,,951.87,USD,,POS,,,,México,,Declined,54,False,,,
TRX-B9AG9IIZTVYXOX2OQRNW,2026-05-27 12:37:19,2026-05-27,PRD-SE9FUVZ3APQ3,CLI-EOVGDA0XMQEO,Withdrawal,,44685.55,ARS,127.67,POS,,,,Argentina,La Plata,Approved,00,False,3.13,,
TRX-JZOANL113A4SBD8YD0OC,2026-05-28 01:59:25,2026-05-27,PRD-49YNJNTUDI2F,CLI-XGLCK9TE2PXY,Withdrawal,,328.22,USD,,POS,,,,México,Monterrey,Approved,,False,26.45,,
TRX-261PQJB0E9CDBZTUBQU1,2026-05-27 17:16:28,2026-05-27,PRD-6WMK8Y50H72F,CLI-JPYLU7JK6TF3,Withdrawal,,95.82,USD,,Web,,,,México,Querétaro,Approved,00,False,9.33,,
TRX-L3L4AVO8NDHY10KI0M51,2026-05-28 01:38:44,2026-05-27,PRD-HQVOH524DUM6,CLI-RB4RD66T9GDR,Transfer,,8438.73,USD,,Web,,,,México,,Approved,00,False,21.41,,
TRX-7A99HDSG3ZM3UOBMXI6E,2026-05-27 08:52:29,2026-05-27,PRD-4V1AHSGJ4DZW,CLI-4LQYX1VWA3NV,Payment,Entertainment,1701.78,USD,,POS,,,,México,Puebla,Approved,00,False,26.34,,
TRX-9K57KXQCL1OFC7FNCD4S,2026-05-28 02:42:18,2026-05-27,PRD-R7LMCKFZYKK8,CLI-MYFYYWP6OD6I,Withdrawal,,205.22,USD,,ATM,SUC-JQ7BZNFI,,,México,Puebla,Approved,00,False,28.98,0.7006426,0.4927095
TRX-HCVZX2HQYZX1UZNZWI8D,2026-05-28 03:53:25,2026-05-27,PRD-3SD3HRJ9IODT,CLI-K6Y1BIW19E3X,Purchase,Entertainment,383.62,USD,,ATM,SUC-JRR5Z8WK,Teatro Nacional,Entertainment,México,Tijuana,Approved,00,False,26.71,,
TRX-BJXEB893QDLHUNJP5DIG,2026-05-28 03:41:48,2026-05-27,PRD-OT4B49LEBCNJ,CLI-P2O1F3YPFK1E,Withdrawal,,75.42,USD,,POS,,,,México,Ciudad de México,Approved,00,False,25.34,,
TRX-8R1THAY4K28F96N1L5UL,2026-05-27 16:52:08,2026-05-27,PRD-22RSRO4DD1SJ,CLI-ND4IZBBJLYAI,Purchase,Health,309.71,USD,,ATM,SUC-OW1SAD5J,Laboratorio Central,Health,México,,Approved,00,False,28.47,,
TRX-T10U6ZKOEG1X4RO6J3U3,2026-05-27 19:21:09,2026-05-27,PRD-EIMP5LHQSWWR,CLI-SELN1FMBELVQ,Purchase,Food,130.18,USD,,POS,,Mercado Central,Food,México,Tijuana,Approved,00,False,,,
TRX-B5CIQA704C2YZO8459NF,2026-05-28 02:27:14,2026-05-27,PRD-IX61ICIWNNAH,CLI-4M3TSONKPVRZ,Deposit,,13947205.38,COP,3486.8,POS,,,,Colombia,Medellín,Approved,00,False,10.38,,
TRX-SK7VRIQY9SM49GXKY63U,2026-05-27 11:38:16,2026-05-27,PRD-XVL9USFUCB8F,CLI-KQCM3GO4ZY1A,Purchase,Services,338.81,USD,,ATM,SUC-BDUHNO9T,Internet Plus,Services,México,Querétaro,Approved,00,False,16.24,-0.2293057,
TRX-2X5D4E0JZ4P355YM5U0H,2026-05-27 08:01:18,2026-05-27,PRD-7KGWYFQKAWKX,CLI-V5LC3ABM20PK,Transfer,,298060.23,ARS,851.6,Web,,,,Argentina,La Plata,Approved,00,False,8.84,,
TRX-XBUGWLWMPS98I8CCT5KR,2026-05-27 20:15:56,2026-05-27,PRD-DC1LWRHVUKHE,CLI-BT38CCU6W9NZ,Withdrawal,,256.52,USD,,ATM,SUC-JGJN78RV,,,México,,Approved,00,False,17.89,,
TRX-Y1YAWABKCQCAPR3NFA3J,2026-05-27 06:15:53,2026-05-27,PRD-SW8IBZE53X55,CLI-4LATO5UMUCH7,Payment,Other,1564.97,USD,,ATM,SUC-IC4I9JS9,,,México,Monterrey,Approved,00,False,,,
TRX-6JY0X15ILFC7UQFTL3VJ,2026-05-27 17:06:21,2026-05-27,PRD-A90A4R23TVJC,CLI-MINB5Z1T5YNY,Payment,Transport,1702.92,USD,,App,,,,México,Guadalajara,Approved,00,False,,,
TRX-9UXOSDQ72REQEW16L6HA,2026-05-28 02:02:28,2026-05-27,PRD-TRVAA3IT8GK1,CLI-YAV8O5PS230V,Transfer,,7715761.96,COP,1928.94,ATM,SUC-DIHJMBN3,,,Colombia,Cartagena,Approved,00,False,21.05,,
TRX-83Y0JTOHSGUC4U03EM5K,2026-05-28 04:13:13,2026-05-27,PRD-F3TONIFPU1N6,CLI-T864HWURE1A3,Transfer,,4142.83,USD,,App,,,,Argentina,,Pending,05,False,14.65,,
TRX-1WJ8GHF09P1CH8X03FYZ,2026-05-27 08:58:57,2026-05-27,PRD-7E9JBJTKIPSX,CLI-YFHYIA5Q71RS,Payment,Other,1651.16,USD,,ATM,SUC-9J6GQRJ4,,,México,Querétaro,Approved,00,False,,,
TRX-9W5Z5SWVTVPFWT471FFK,2026-05-27 19:17:48,2026-05-27,PRD-UAJIZU6J76GM,CLI-DMOE2QUJXMML,Deposit,,1434058.95,ARS,4097.31,App,,,,Argentina,La Plata,Declined,51,False,,,
TRX-4KOBJGNYTQS5OYNDIJO3,2026-05-28 00:59:53,2026-05-27,PRD-H2AMDAF90ZMD,CLI-2NY0FIVCSW05,Purchase,Health,412.51,USD,,Branch,SUC-SFEFYC6O,Óptica Visión,Health,México,Guadalajara,Approved,00,False,16.99,0.075984,0.3601606
TRX-G8WFTHS3W1VAB7FC9ARC,2026-05-27 20:34:41,2026-05-27,PRD-MT26ATD7M7MC,CLI-SS7IDKXCCSD9,Transfer,,30905251.56,COP,7726.31,Transfer,,,,Colombia,Cartagena,Approved,00,False,,,
TRX-LO1SVXFB1L0F3Z95UU57,2026-05-28 03:27:29,2026-05-27,PRD-KUZRSX2M26MW,CLI-83ZWC5IDI3HF,Transfer,,1932.43,USD,,POS,,,,México,Ciudad de México,Declined,54,False,,,
TRX-DVTA1IPL16NU782FURVE,2026-05-27 20:12:25,2026-05-27,PRD-DE7ZX2H2F7VF,CLI-SSIOSROJ48O7,Deposit,,6965787.71,COP,1741.45,ATM,,,,Colombia,Bogotá,Approved,00,False,23.92,,
TRX-WYDY0QEELLZZOX1X3F89,2026-05-27 19:28:04,2026-05-27,PRD-EXC6U4QXZD60,CLI-6TIZTHMK342O,Deposit,,470.04,USD,,POS,,,,México,Querétaro,Reversed,14,False,4.77,-0.9197041,0.9082274
TRX-Y2Y87TD0YRU2HGHIC4QG,2026-05-27 21:50:21,2026-05-27,PRD-2QZI8K66QDWY,CLI-9A883RVWGR3G,Purchase,Services,118111.89,COP,29.53,Web,,Empresa Telefónica,Services,Colombia,Barranquilla,Approved,00,False,,,
TRX-FU4JM7PB87FB2L5NKPMH,2026-05-28 05:14:05,2026-05-27,PRD-VR2XIKFRMPR2,CLI-X914EKWIA5FP,Purchase,Transport,337.08,USD,,POS,,Taxi Seguro,Transport,México,Tijuana,Approved,00,False,2.93,0.0944804,-0.2317456
TRX-8T27R2OMT39E812NWYH0,2026-05-27 22:14:17,2026-05-27,PRD-6CV7W4MMLPJR,CLI-MFVLXKJ1I2WR,Transfer,,3934.43,USD,,POS,,,,Colombia,Bogotá,Approved,00,False,10.91,,
TRX-0TSCJYWFXEXIQ24R19LJ,2026-05-27 19:42:49,2026-05-27,PRD-XABL5IYPGCQF,CLI-D6J0TCVNFIBU,Adjustment,,620.49,USD,,POS,,,,México,Querétaro,Approved,00,False,15.64,,
TRX-5OQZNNERDH04LBPMJVDQ,2026-05-27 15:36:25,2026-05-27,PRD-HDWGWBQ8QEK4,CLI-PB08JE6O0KP0,Payment,Food,1406.7,USD,,POS,,,,Colombia,Bogotá,Approved,00,False,6.03,,
TRX-LPF77DQ1CFC2NFF942VZ,2026-05-27 06:30:17,2026-05-27,PRD-FMNSN5WVKSOW,CLI-JX304KZQJA0L,Payment,Transport,1979.77,USD,,App,,,,México,Tijuana,Approved,00,False,,,
TRX-GT9TUCJ1GYPVD7UUKPVB,2026-05-27 15:47:20,2026-05-27,PRD-XWNKHDTRVIRA,CLI-F0HDCDHMIGH3,Withdrawal,,62866.86,ARS,179.62,App,,,,Argentina,Mendoza,Approved,00,False,9.35,,
TRX-TP0AYQ67Q3VNPQTLSG57,2026-05-27 12:26:57,2026-05-27,PRD-SQ0U33ID8O7E,CLI-8M7FNOHR2D8O,Payment,,5552996.12,COP,1388.25,Web,,,,Colombia,Barranquilla,Approved,00,False,29.73,,
TRX-73W2RL1BPU07E5VX8K54,2026-05-27 10:13:38,2026-05-27,PRD-LRBDOV4E8UXE,CLI-Q3MGJDLO9S8I,Deposit,,1201224.27,COP,300.31,POS,,,,Colombia,Cali,Approved,00,False,23.79,,
TRX-3NVIL6WRQVJMOTB7UNRC,2026-05-28 02:10:08,2026-05-27,PRD-DJZQGSD9CIKI,CLI-YLN9DNL1Q03P,Transfer,,19668673.98,COP,4917.17,Web,,,,Argentina,,Approved,00,False,,,
TRX-NYRKZ2CZH9QZRCNZAW9T,2026-05-28 05:44:53,2026-05-27,PRD-9JDKYSI7XRTZ,CLI-QY31CERIWCJE,Purchase,Entertainment,60.65,USD,,App,,Conciertos Live,Entertainment,México,,Approved,00,False,7.99,,
TRX-A0KW39ZOVT6HQ0HRGJ1U,2026-05-27 07:49:55,2026-05-27,PRD-HM7LQZ1OD39A,CLI-NRF5NX6B22QN,Payment,Other,1783.71,USD,,POS,,,,México,,Approved,00,False,11.9,,
TRX-A5A8IB3X8A5UV2L1PIPD,2026-05-27 09:13:49,2026-05-27,PRD-GCN8BSNJL76H,CLI-G68PJU6CTZ53,Transfer,,3171.86,USD,,ATM,SUC-JGB6PK8R,,,México,Tijuana,Reversed,54,False,3.91,-0.2407292,-0.5653673
TRX-7PIOEAQWFD3OWZ8VE37C,2026-05-27 13:15:14,2026-05-27,PRD-FHXK94QSH0XF,CLI-2RF2WUMTC633,Payment,Entertainment,542.16,USD,,Web,,,,México,,Approved,00,False,7.96,,
TRX-VCXE498EKFZ1N0G47F9Y,2026-05-27 19:22:42,2026-05-27,PRD-JJAWU6BJOQU3,CLI-4PIVQS4VM8J2,Withdrawal,,436.28,USD,,ATM,SUC-JGJN78RV,,,México,Ciudad de México,Approved,,False,20.59,,
TRX-JJKJ7PJECLMBLZNX2JF2,2026-05-27 09:07:26,2026-05-27,PRD-I8Y5FOI6H3DB,CLI-BIXK6NGWZ69C,Purchase,Other,1301610.71,COP,325.4,ATM,SUC-6W9D0ZPD,Centro Comercial,Other,Colombia,Barranquilla,Declined,05,False,24.13,,
TRX-LMUJI265P7E44QV7BTIV,2026-05-27 23:29:53,2026-05-27,PRD-RT8O96A4VW9O,CLI-POGLIAJIL3T0,Purchase,Food,444.1,USD,,POS,,Super Ahorro,Food,México,Querétaro,Approved,00,False,22.47,,
TRX-U6SLOJR8NPFSRGH3EPEZ,2026-05-27 15:38:35,2026-05-27,PRD-XYNTQRK5FPS6,CLI-EQAMYWAXUOOG,Adjustment,,2414520.68,COP,603.63,POS,,,,Mexico,Ciudad de México,Approved,00,False,2.31,3.948867,-73.2465221
TRX-95DA2GMEETBY0AXNT0HQ,2026-05-28 03:53:23,2026-05-27,PRD-6ARRFVFEKNU0,CLI-AG8GZUHLDQ73,Adjustment,,3322842.22,COP,830.71,App,,,,Colombia,Cali,Approved,00,False,3.15,,
TRX-5QDDVQCESUYFMOQUDUCJ,2026-05-28 02:55:46,2026-05-27,PRD-6YXMU4MY7EKH,CLI-RCCUHY9YGK9G,Deposit,,3264831.76,COP,816.21,POS,,,,Colombia,Bogotá,Approved,00,False,8.22,5.1555738,-73.6354335
TRX-K9LROBBQMZ07QEVUOLMF,2026-05-27 08:39:15,2026-05-27,PRD-4GRQ5X80URI0,CLI-4BW3M9WX33FU,Transfer,,2987741.34,ARS,8536.4,App,,,,Argentina,Córdoba,Approved,00,False,6.57,,
TRX-2T2J6RZ9030B5N0ZLBIW,2026-05-27 12:38:27,2026-05-27,PRD-1EYIQLYVFADX,CLI-71F89WXIMUJ8,Purchase,Health,445.9,USD,,Web,,Óptica Visión,Health,México,Querétaro,Approved,00,False,4.74,,
TRX-92SNN43FJ6FBBZSUYBQJ,2026-05-28 02:02:15,2026-05-27,PRD-95BW2TLLH4W5,CLI-5MHZ1UX3MBHM,Payment,Entertainment,119.16,USD,,ATM,SUC-KNGCTTUB,,,México,,Approved,00,False,1.44,0.0661474,0.7704362
TRX-8LJLUWU63JQ0VPS8FAOX,2026-05-27 21:58:39,2026-05-27,PRD-1IMXJD6GVX57,CLI-L6XMHRVP0NLN,Withdrawal,,94.95,USD,,Web,,,,México,Puebla,Approved,00,False,3.75,,
TRX-0YIX7C09AO705X0UJ50R,2026-05-27 08:50:59,2026-05-27,PRD-8OPZXBM39R5D,CLI-NTJY4K4IP2KQ,Transfer,,6294.54,USD,,POS,,,,México,Monterrey,Approved,00,False,,,
TRX-A5CYERF3YXZTKID9NTH6,2026-05-27 10:54:28,2026-05-27,PRD-2QKC8W1HNPNX,CLI-XFFYJZBX0D0V,Deposit,,470087.57,ARS,1343.11,POS,,,,Argentina,Mendoza,Approved,00,False,18.32,,
TRX-YEPW2MK6EU6423VUI58C,2026-05-28 02:13:04,2026-05-27,PRD-IOGPGWQEBSC9,CLI-WGUQ22B90EDA,Transfer,,2137.99,USD,,ATM,SUC-JQ7BZNFI,,,Spain,Madrid,Approved,00,False,3.17,-0.2456668,0.6398745
TRX-T59JRI3KUKXX5R2LPB3A,2026-05-28 05:16:00,2026-05-27,PRD-PRSN7MZMVM83,CLI-2RMSA4VSIB92,Purchase,Services,344.78,USD,,POS,,Internet Plus,Services,USA,Los Angeles,Approved,00,False,,,
TRX-C5N5QDGTDORG17U35MFG,2026-05-28 00:50:14,2026-05-27,PRD-CNM7SRE0CBPC,CLI-M9V3ZOT2ZNFN,Withdrawal,,43.19,USD,,App,,,,México,Tijuana,Approved,00,False,8.08,,
TRX-GKR3OB96NVJSAV44J2EK,2026-05-27 18:25:04,2026-05-27,PRD-8OT7UZ1K6DO0,CLI-GLHXJU7XQQZZ,Payment,Food,5097817.34,COP,1274.45,App,,,,Colombia,Cartagena,Approved,,False,,,
TRX-GHGK8RXH27DXRXON2OGZ,2026-05-28 04:03:52,2026-05-27,PRD-2EJVSO3ZHRUQ,CLI-BEU9JVUKQSMT,Transfer,,4970.14,USD,,ATM,SUC-JQ7BZNFI,,,México,Querétaro,Approved,00,False,16.67,-0.0908799,0.9852723
TRX-O7H1TPNBANJK9GZGHFUB,2026-05-27 08:14:41,2026-05-27,PRD-7K9R0QAGCLAY,CLI-4NSXE7MLZN94,Withdrawal,,296.38,USD,,ATM,SUC-7T5LBQT3,,,México,Guadalajara,Approved,00,False,1.09,,
TRX-5FPGMDU65AEEJEKDE091,2026-05-27 12:29:34,2026-05-27,PRD-C7XK3MS29GG6,CLI-NHJ65MEQFQKE,Purchase,,217.23,USD,,ATM,SUC-ISPO1DES,Uber,Transport,México,Querétaro,Approved,00,False,23.73,,
TRX-0FP6UBYSUNGBJESKBTW8,2026-05-27 23:53:22,2026-05-27,PRD-JDO5EU9XHF1N,CLI-YLBZWV7DHUR9,Purchase,Other,41.82,USD,,Web,,,Other,México,Puebla,Approved,00,False,18.04,,
TRX-5ZFJIHEHWJIR9FNRKDSC,2026-05-27 09:50:41,2026-05-27,PRD-TJ50AAQZJM7N,CLI-IOL9QX7Z33NB,Payment,Food,1656.65,USD,,App,,,,Argentina,Buenos Aires,Approved,00,False,6.23,,
TRX-SQYXK1PQ74SEACPRDFRM,2026-05-27 20:59:35,2026-05-27,PRD-RB7CTC33U6NG,CLI-31JGL6ILZ5HP,Payment,Other,1600.82,USD,,ATM,SUC-H4WPLB7O,,,Colombia,,Approved,00,False,18.75,,
TRX-28PAQ05UV11Q5YE38VDA,2026-05-28 05:28:29,2026-05-27,PRD-JI8NK34TMURY,CLI-G21X5S7WEC02,Transfer,,6755664.42,COP,1688.92,POS,,,,Colombia,Bogotá,Approved,00,False,29.79,,
TRX-FXTZCY8YEOSVMDP18VTX,2026-05-28 05:33:08,2026-05-27,PRD-81TTR05WYN44,CLI-05UKY2J6QTH0,Payment,,1287.76,USD,,POS,,,,México,Guadalajara,Approved,00,False,12.43,,
TRX-5642BXTFGZ6DMB7OBWTK,2026-05-27 15:42:09,2026-05-27,PRD-9FL270F9K1TP,CLI-PR4MCXA0G1IV,Purchase,Other,1150687.58,COP,287.67,ATM,SUC-M96GKW7T,Centro Comercial,Other,Colombia,Medellín,Approved,00,False,,,
TRX-2UC2ZGOCYWKI7YQR4Q57,2026-05-27 09:09:24,2026-05-27,PRD-1OUIK03WB8B4,CLI-HI5HX1HT2MHL,Purchase,Food,112191.88,ARS,320.55,ATM,SUC-V5DT47YR,Super Ahorro,Food,Argentina,Córdoba,Approved,00,False,9.97,,
TRX-H8M1IN0K9S38IAS8LWUM,2026-05-28 00:12:00,2026-05-27,PRD-B44BFCCE1M75,CLI-IMRZBUV0R3O3,Payment,Food,434.77,USD,,POS,,,,México,Tijuana,Approved,00,False,18.48,,
TRX-ELDIP5IIEARDDAP4FESC,2026-05-28 00:12:13,2026-05-27,PRD-FPAB2OIQJ7NZ,CLI-NWSFPEI72XA1,Purchase,Other,150.06,USD,,POS,,Boutique Moda,Other,Argentina,Buenos Aires,Approved,00,False,,,
TRX-IC003P0E10QSTP0PDY3K,2026-05-27 15:46:18,2026-05-27,PRD-76U1XXZI3QXC,CLI-PKQC85NS7V7B,Payment,Food,1108.12,USD,,ATM,SUC-SKR8GS10,,,USA,Houston,Approved,00,False,1.76,,
TRX-XEJVGC308T5V1BSFV4F3,2026-05-27 06:48:15,2026-05-27,PRD-UMZDRSMUBP4W,CLI-5MGA5P6Q9B1N,Withdrawal,,473.85,USD,,POS,,,,México,Puebla,Approved,00,False,4.15,,
TRX-LABOYHRUB43MLJTF7SYK,2026-05-27 17:56:22,2026-05-27,PRD-5IBVU3CK8076,CLI-LF2G5ZCYNYJB,Transfer,,759760.56,COP,189.94,ATM,SUC-DH7PDUA6,,,Colombia,Cali,Approved,00,False,5.52,,
TRX-UG07P6JTIWPAIFQT3YCV,2026-05-27 18:38:20,2026-05-27,PRD-BK43438B74AQ,CLI-SIG5W1662UFV,Payment,Entertainment,1406.46,USD,,App,,,,México,Tijuana,Approved,00,False,0.38,,
TRX-7GAD5GAR5XQSZRO2EPYS,2026-05-27 07:21:32,2026-05-27,PRD-RE2S5YF3LPWX,CLI-F1QDVPTB59FT,Purchase,Transport,412.42,USD,,POS,,Taxi Seguro,Transport,México,Guadalajara,Approved,00,False,7.96,,
TRX-NIAP7UWOOCV7HL5C6F68,2026-05-27 17:11:48,2026-05-27,PRD-596WFNVH6YNJ,CLI-2GSCL9XRHDJK,Purchase,Transport,82319.15,ARS,235.2,Transfer,,Uber,Transport,Argentina,Mendoza,Approved,00,False,0.37,,
TRX-FOHNY71HKD5LCPA02ZA3,2026-05-27 07:52:13,2026-05-27,PRD-XDUXCA72ZNGA,CLI-Q2NKGZLOI8G7,Payment,Entertainment,2052368.96,COP,513.09,ATM,SUC-E5CCM8ZI,,,Colombia,Cali,Approved,00,False,21.07,,
TRX-2ZIR75FRSCW0VAL1QLPF,2026-05-27 21:56:45,2026-05-27,PRD-U3S3VFEWAWWQ,CLI-8NPDBL6LIV5T,Withdrawal,,88.69,USD,,App,,,,México,Ciudad de México,Approved,00,False,0.95,,
TRX-VFXOHHQLR90G2FO3590X,2026-05-27 15:39:15,2026-05-27,PRD-ADRNGNSZP6RS,CLI-3064H947SQHG,Purchase,Services,122005.05,ARS,348.59,Web,,Servicios Públicos,Services,Argentina,La Plata,Approved,00,False,13.98,,
TRX-NSF411XV4Q18VMQZDX2O,2026-05-28 02:50:31,2026-05-27,PRD-OUEP0SDYTN3D,CLI-TSER1DI952EO,Deposit,,3890.78,USD,,ATM,SUC-Q56PLH2J,,,Colombia,Bogotá,Approved,00,False,24.3,5.1827403,-73.8027691
TRX-1FNC1C27HCNIM4UVGSY1,2026-05-27 09:19:42,2026-05-27,PRD-5QW12QEDWX43,CLI-L4OQMHCPPC30,Withdrawal,,244.92,USD,,App,,,,México,Puebla,Approved,00,False,,,
TRX-2N3Y93R3FGAZLMVDXBAF,2026-05-28 05:56:29,2026-05-27,PRD-XG2EK8AFBHWU,CLI-R64X6G38Q3GZ,Transfer,,1476964.73,ARS,4219.9,POS,,,,Argentina,La Plata,Declined,54,False,,,
TRX-246PGILVZRN5VGGKDRWN,2026-05-27 22:00:10,2026-05-27,PRD-EOKBB7YBL2SL,CLI-89Q4Z146MRZV,Payment,Entertainment,6704406.87,COP,1676.1,POS,,,,Colombia,Bogotá,Approved,00,False,15.19,,
TRX-P0AUBAUV8PU5ZKSG8F3N,2026-05-27 18:16:51,2026-05-27,PRD-60FC0ECE3ZA5,CLI-4D0NLWBFHBVG,Payment,Services,5636235.06,COP,1409.06,POS,,,,Colombia,Barranquilla,Approved,00,False,8.87,,
TRX-IP106E65ZY74UK6E1IUP,2026-05-27 14:29:05,2026-05-27,PRD-NNIDBAAZC31N,CLI-OFGTW8HOJQS5,Payment,Transport,1218.38,USD,,ATM,SUC-J532XZ5B,,,México,,Declined,05,False,27.52,,
TRX-F1Y8EMCEVM4CB4KJ9PW9,2026-05-27 17:47:50,2026-05-27,PRD-IGY438F0M7QO,CLI-8C4BH96UIMD3,Payment,Transport,1920.45,USD,,Web,,,,México,Querétaro,Approved,00,False,8.32,,
TRX-KCPRY6GR9YFLS5QER8B1,2026-05-27 10:11:59,2026-05-27,PRD-PNNB2601CAV3,CLI-CSP8GKMUXYRI,Withdrawal,,431.65,USD,,Web,,,,México,Querétaro,Approved,00,False,1.93,,
TRX-7486V0NUPBBSZYHLBD3M,2026-05-27 06:03:03,2026-05-27,PRD-2PBWK7BTKOE8,CLI-61GFR3VE6K4T,Transfer,,23560601.44,COP,5890.15,Web,,,,Colombia,Cartagena,Approved,00,False,28.01,,
TRX-NFRETFWKPFOEO6N60TQD,2026-05-27 17:40:04,2026-05-27,PRD-51A2UCU5UMC5,CLI-PUTQ4B295JV4,Transfer,,9004866.36,COP,2251.22,POS,,,,Colombia,Barranquilla,Approved,00,False,3.17,5.2082255,-75.0166137
TRX-6XS2YH70GBGJHUXJW9YR,2026-05-28 05:02:09,2026-05-27,PRD-ZYNUBD3JSOU3,CLI-TTEWLUG3I2A5,Purchase,Other,89438.94,ARS,255.54,Web,,Ferretería,Other,Argentina,Mendoza,Approved,00,False,19.01,,
TRX-DX1NXLFMFZRFVOQHU3DW,2026-05-27 09:27:27,2026-05-27,PRD-BSY6IBVUFPUR,CLI-1WF522QX2ZZD,Withdrawal,,223589.44,COP,55.9,Web,,,,Colombia,,Approved,00,False,17.88,,
TRX-A36O1DXFMCIJTNYGY09X,2026-05-27 20:29:00,2026-05-27,PRD-4OHRGKI4AIK6,CLI-ZBX9OEA60CZA,Payment,Services,1390.02,USD,,POS,,,,México,Guadalajara,Approved,00,False,1.18,-0.7930024,-0.7831778
TRX-UHP8CDQRALZGDLLT5INO,2026-05-27 18:42:22,2026-05-27,PRD-D7JR9T351Z5N,CLI-ALNKH6CQ3L9J,Adjustment,,988017.37,COP,247.0,ATM,SUC-4IFX1CUR,,,Colombia,Cali,Approved,00,False,21.5,,
TRX-WBMMH6SRD7GZZM2Z3YOZ,2026-05-27 23:44:54,2026-05-27,PRD-8U9GHIAN3O0Y,CLI-JA1UFI7ES62I,Purchase,Services,1548610.21,COP,387.15,ATM,SUC-22RCTEVV,Servicios Públicos,Services,Colombia,,Approved,00,False,14.97,,
TRX-PO4ETN928OOKWGGHFHH3,2026-05-27 06:40:09,2026-05-27,PRD-ZMDFRUBZAIUU,CLI-829XHKMMVFUC,Transfer,,34448651.75,COP,8612.16,ATM,SUC-8YXNMWZ7,,,Colombia,Cali,Approved,,False,,,
TRX-6VRCZBC1PBZPNEI88HIB,2026-05-28 03:08:34,2026-05-27,PRD-OKYT7NP9X0T5,CLI-14UA9657WRWO,Deposit,,1319.81,USD,,POS,,,,México,Monterrey,Approved,00,False,29.94,,
TRX-CTWXSQG042CLG2XGC3AN,2026-05-27 10:47:53,2026-05-27,PRD-8IDQK3UOB2AQ,CLI-SKUZFH5GITHR,Transfer,,33479046.51,COP,8369.76,POS,,,,Colombia,Bogotá,Approved,00,False,,,
TRX-PUMH81G04KNM2SXBZMFQ,2026-05-27 23:27:43,2026-05-27,PRD-GE82VEM2L135,CLI-L2YFOYV3YR35,Transfer,,6494.75,USD,,POS,,,,México,Ciudad de México,Approved,00,False,,,
TRX-WEMWCV0EMMHMZEE8XDMR,2026-05-27 09:10:57,2026-05-27,PRD-VJ6HYU05RL1M,CLI-2RO8SDIU27N3,Deposit,,6865430.06,COP,1716.36,Branch,SUC-GPTCLR0Q,,,Colombia,Bogotá,Approved,00,False,23.44,,
TRX-SRXQLX0VAOEUXN2E5TAT,2026-05-27 22:42:59,2026-05-27,PRD-PJSYQC8NWLGG,CLI-1L652ON3NVQH,Withdrawal,,428.12,USD,,POS,,,,México,Monterrey,Approved,00,False,13.74,0.5232507,-0.5794477
TRX-CFABLHEKAVYNJRZPF2YJ,2026-05-27 15:38:19,2026-05-27,PRD-WC0QZL5OWPGE,CLI-O0GVWFLUPHDI,Deposit,,1478907.77,ARS,4225.45,ATM,SUC-7TUK3JBL,,,Argentina,La Plata,Approved,00,False,11.53,-35.0010362,
TRX-Q9Z1BGEK6F4GUA3707EV,2026-05-27 20:37:53,2026-05-27,PRD-92C1ILWPKZU4,CLI-WE2XUWHKC84N,Payment,Entertainment,1194.85,USD,,ATM,SUC-H4YG9DLY,,,México,Puebla,Approved,00,False,6.54,,
TRX-RM2TK92DQIJQNG1XQ6H4,2026-05-27 18:53:15,2026-05-27,PRD-73P5UQ54D89F,CLI-IC8ZQH509KQY,Payment,Health,1743.33,USD,,App,,,,México,Querétaro,Approved,00,False,,,
TRX-RUJ7LMWEMLEAAQAACUP8,2026-05-28 01:35:17,2026-05-27,PRD-5H607YLIZKEB,CLI-CVPQPX0FOANC,Withdrawal,,172.46,USD,,ATM,SUC-POHHKXPA,,,México,Tijuana,Approved,00,False,27.39,,
TRX-1J4YBCC92IH0IKEJN8RJ,2026-05-27 10:45:10,2026-05-27,PRD-E02T8P30RVME,CLI-BWQKXVDRO151,Withdrawal,,142550.26,ARS,407.29,POS,,,,Argentina,Buenos Aires,Approved,00,False,,,
TRX-KFPOT8U9N485ELC0VLKQ,2026-05-27 09:16:09,2026-05-27,PRD-6CAFEGY3SVIK,CLI-LINRQAPA9BGK,Withdrawal,,490.12,USD,,Transfer,,,,México,Puebla,Approved,00,False,28.47,,
TRX-V7UVUERO5ZCJV6FWFL7L,2026-05-27 22:31:15,2026-05-27,PRD-9ISBVAHOVZII,CLI-5UXYRYC8K88F,Purchase,Food,1949637.1,COP,487.41,ATM,SUC-RFQLK7RX,Restaurante El Buen Sabor,Food,Colombia,Barranquilla,Approved,00,False,0.9,,
TRX-BHCNGKC6H4U4X11988BV,2026-05-27 10:07:23,2026-05-27,PRD-6LHERJ79MWEJ,CLI-UQYVEQ9VUDAH,Purchase,Services,309.0,USD,,ATM,SUC-74OJEV5Z,Servicios Públicos,Services,México,Ciudad de México,Approved,00,False,15.69,,
TRX-PDN09T7T0H2EC45DYAOR,2026-05-28 03:08:03,2026-05-27,PRD-8TV6EW76CC1Y,CLI-XBYEIAPK5KA0,Purchase,Food,41694.44,ARS,119.13,ATM,SUC-JH2YV47F,Mercado Central,Food,Argentina,Mendoza,Approved,00,False,1.45,-33.7289994,-58.3569118
TRX-IZ7FNNJK8NBRPB8ZWWW3,2026-05-27 07:25:23,2026-05-27,PRD-4GC2OWLTGG40,CLI-FKHUMUZFC9N0,Transfer,,6664.61,USD,,POS,,,,México,,Approved,00,False,,,
TRX-UX5ZG0H5Q08RJ5VQALJA,2026-05-27 11:29:02,2026-05-27,PRD-AG4LXK7BKT2X,CLI-EJTK5XL12S1V,Payment,Other,496773.5,ARS,1419.35,Web,,,,Argentina,,Approved,00,False,1.01,,
TRX-WQ2VLWBUEC7SHGR3ZT89,2026-05-28 00:56:50,2026-05-27,PRD-9KA7Y6L3TGKS,CLI-EZ089OU8DTKC,Purchase,Transport,90945.3,ARS,259.84,POS,,Taxi Seguro,Transport,Argentina,Rosario,Approved,00,False,,,
TRX-VZSD3JCPB4FFXDYDQN64,2026-05-27 08:22:27,2026-05-27,PRD-TVA8DWSL4F7M,CLI-Y7M67BIP07Z9,Payment,Food,394917.79,ARS,1128.34,App,,,,Argentina,Rosario,Approved,00,False,17.27,,
TRX-ABVZ2QWWS6A00382J1EF,2026-05-27 18:43:09,2026-05-27,PRD-EQR6WV5969KL,CLI-XD1QH6UXG10V,Payment,Entertainment,3983008.12,COP,995.75,Branch,SUC-JZCA1ZND,,,Colombia,Cartagena,Approved,00,False,29.47,,
TRX-SXJM95LEF4AN5LIEI6ZN,2026-05-27 23:08:41,2026-05-27,PRD-IJOLU2AJHP82,CLI-HN5FRSAPJFE6,Withdrawal,,387.13,USD,,POS,,,,México,Guadalajara,Approved,00,False,28.65,,
TRX-39EG9OGBOMNUREYWUJIE,2026-05-27 10:28:58,2026-05-27,PRD-RQ27C63WUMEQ,CLI-R2YQHEKKRUGY,Purchase,Services,447.6,USD,,POS,,Cable TV,Services,México,,Approved,00,False,7.94,,
TRX-XC1DLFXVURNIY0P2N8GL,2026-05-27 12:59:47,2026-05-27,PRD-XIX0EL4VS44F,CLI-IZ0L3A9QBUZS,Transfer,,1370.8,USD,,POS,,,,México,Ciudad de México,Approved,00,False,,,
TRX-OHT9CUUS1S40Y1ASCKTN,2026-05-27 09:12:30,2026-05-27,PRD-CL1SIJV4SDLK,CLI-2VRTH7LWUVWN,Deposit,,16362009.12,COP,4090.5,POS,,,,Colombia,Bogotá,Approved,00,False,28.88,3.9602177,-73.1346176
TRX-GWFUP6ZKXKT130RJNLQ9,2026-05-27 07:14:38,2026-05-27,PRD-GOL7NED6K3PC,CLI-7Z8Y7NK9DLMN,Payment,Entertainment,1892.79,USD,,ATM,SUC-CG5XPAZU,,,Colombia,Medellín,Approved,00,False,21.06,5.1778619,-74.569802
TRX-Q1RUWI25XP099S4MIT5E,2026-05-27 21:37:24,2026-05-27,PRD-OY7N8ZHSE09S,CLI-PDOOP790YGLW,Transfer,,39557843.83,COP,9889.46,Web,,,,Colombia,Cali,Approved,00,False,1.89,,
TRX-ULUB1XHTG67G91GF7XTJ,2026-05-27 23:02:48,2026-05-27,PRD-PUQAO5FQOMJ8,CLI-5ZI373EKECJE,Purchase,Health,57976.95,ARS,165.65,POS,,Laboratorio Central,Health,Argentina,Mendoza,Approved,00,False,23.41,,
TRX-38BE4JFZF15E2WELUGBT,2026-05-27 09:03:58,2026-05-27,PRD-5J14TZVK5LB1,CLI-GSIPAU15URXE,Purchase,Transport,120702.82,ARS,344.87,App,,Taxi Seguro,,Argentina,La Plata,Approved,00,False,3.37,,
TRX-BJGEN7KNRPBSYSULSXJ8,2026-05-27 06:32:25,2026-05-27,PRD-4TRDMOQLAY2O,CLI-Y87XFJWNY0ML,Purchase,Food,1907010.07,COP,476.75,POS,,Tienda Don José,Food,Colombia,Medellín,Approved,00,False,22.59,4.6171161,-73.3523323
TRX-IL9GG5UDZSFFOGWQJ5BD,2026-05-27 07:46:54,2026-05-27,PRD-774SHWI34FL0,CLI-D8VA1OGQYJV1,Payment,,1412.27,USD,,Transfer,,,,México,,Approved,00,False,14.38,,
TRX-V6VUO5I29OL9XQXHJSFV,2026-05-27 12:59:39,2026-05-27,PRD-XYRRIDI8GLUB,CLI-ZL2IV6CL2HMU,Payment,,425.88,USD,,ATM,SUC-9YYT37NY,,,México,Guadalajara,Approved,00,False,29.24,,
TRX-N53X2F6KOSG2RHA6MJBG,2026-05-27 06:45:10,2026-05-27,PRD-XZX8EAAUD0N0,CLI-9WEQ4OYG07MQ,Deposit,,2223.59,USD,,ATM,SUC-6A2UBEHN,,,México,Puebla,Approved,00,False,10.56,,
TRX-U20SD08FO3W15E672QH8,2026-05-27 19:10:22,2026-05-27,PRD-GSVRN2H2WXS3,CLI-EFJ1FHJA4L0T,Payment,Other,401782.48,ARS,1147.95,POS,,,,Argentina,Buenos Aires,Approved,00,False,,-35.3762165,-58.912686
TRX-GMZXLBRJF6HBSTL0BK57,2026-05-27 15:46:44,2026-05-27,PRD-SMOCUVWA11CU,CLI-4EWU21Z4DIC1,Transfer,,2604.4,USD,,POS,,,,México,,Approved,00,False,20.09,,
TRX-WR6MVTHCTNSPZKMX66IT,2026-05-28 02:18:15,2026-05-27,PRD-FNRD0KATIRAD,CLI-BIOGQ1HBKQA5,Purchase,Services,413.06,USD,,Web,,Internet Plus,Services,Argentina,Buenos Aires,Approved,00,False,0.28,,
TRX-LGODIG1A8U6AQWYK6A8B,2026-05-27 22:36:39,2026-05-27,PRD-9ATRO02X47IO,CLI-7HDO6MG961U5,Payment,Transport,634483.71,ARS,1812.81,ATM,SUC-4ICHM641,,,Argentina,Buenos Aires,Declined,14,False,22.7,-35.5048987,-58.0695875
TRX-GSSB7I655EXH1A68MP27,2026-05-28 03:51:02,2026-05-27,PRD-SZP6PV52PN2U,CLI-R64J1W9ELACK,Deposit,,2904.07,USD,,POS,,,,Colombia,Barranquilla,Approved,,False,22.75,4.876474,-73.0973169
TRX-PTMZBVCNA1OVE37QCXRN,2026-05-27 17:56:52,2026-05-27,PRD-9M9SAPE2UZ84,CLI-9BVAJWM9NHAF,Purchase,Food,1743877.77,COP,435.97,Web,,Restaurante El Buen Sabor,Food,Colombia,,Approved,00,False,18.69,,
TRX-E2A10WJPW8V947BHGJ11,2026-05-27 13:53:22,2026-05-27,PRD-MCMQ4CRN83TD,CLI-75L4ROEAWCHJ,Purchase,Transport,549018.6,COP,137.25,ATM,SUC-OFZKCO6O,Gasolinera Express,Transport,Colombia,Bogotá,Approved,00,False,28.39,,
TRX-9SAYI20L0SWCVV8JCHCB,2026-05-28 02:56:52,2026-05-27,PRD-V8BXAYH2CCSH,CLI-JURF2ZMLSSZI,Payment,Food,3875494.92,COP,968.87,Web,,,,Colombia,Cali,Approved,00,False,,,
TRX-0YZ3C93EY1RUHZKAGFD7,2026-05-27 07:15:32,2026-05-27,PRD-0OK97ZLJ82BI,CLI-7L0SR2WM2DX8,Transfer,,1705.72,USD,,POS,,,,Argentina,Córdoba,Approved,,False,,,
TRX-7Z1WYIC7EB8BDH8HD2MX,2026-05-27 21:03:28,2026-05-27,PRD-I2IFQH6YJ1KG,CLI-F6VADRYFK4Y6,Purchase,Services,499.94,USD,,POS,,Servicios Públicos,Services,México,Querétaro,Approved,00,False,24.9,0.5608057,-0.774139
TRX-STUK4SXDWOEEG9LMJOD8,2026-05-27 22:17:05,2026-05-27,PRD-IXMEIC58ZEZZ,CLI-ICWR1TC499KI,Purchase,Transport,348.54,USD,,ATM,,Taxi Seguro,Transport,México,Tijuana,Approved,00,False,20.66,,
TRX-WF5B5STDTKZ915LV7ZVI,2026-05-27 23:01:47,2026-05-27,PRD-I4DW2GSEK84Y,CLI-GG6LETMIDI0W,Withdrawal,,141197.06,ARS,403.42,POS,,,,Argentina,,Approved,,False,,,
TRX-WCVF2NLJO2GNJ11A35QT,2026-05-27 08:34:26,2026-05-27,PRD-BQNQD54N1EZU,CLI-AEDIVKOGU10P,Purchase,Other,389.52,USD,,POS,,Tienda General,Other,México,Puebla,Approved,00,False,26.77,,
TRX-5Y3Y46V7FJ3PTF182BBR,2026-05-27 13:33:41,2026-05-27,PRD-K82R04A48FKB,CLI-HJJWKFZDQ1YC,Transfer,,31651486.72,COP,,POS,,,,Colombia,Cartagena,Approved,00,False,28.2,,
TRX-NDA8HBILMJSMWQ4X1O63,2026-05-28 05:20:34,2026-05-27,PRD-MH9VPT73F4KL,CLI-XE34S3015GKO,Transfer,,39545881.82,COP,9886.47,App,,,,Colombia,Cartagena,Approved,00,False,16.24,,
TRX-I2WHGSNJOXJF3JH4ARKW,2026-05-27 19:23:06,2026-05-27,PRD-I355Y9SBJ6GH,CLI-K2DPGLD7C9BO,Purchase,Health,1457314.18,COP,364.33,ATM,SUC-HO849Z2Q,Laboratorio Central,Health,Colombia,Bogotá,Approved,,False,,,
TRX-BETF2KYBTLLLJTN8UQLM,2026-05-27 06:54:56,2026-05-27,PRD-VHVHSXV68VAJ,CLI-IRLDYGN6BMDE,Transfer,,114.32,USD,,ATM,SUC-HVN55QJQ,,,México,Querétaro,Approved,00,False,13.51,-0.3281912,0.3165664
TRX-W13ACCAA700MMPMXY2VJ,2026-05-27 13:47:24,2026-05-27,PRD-3ZCN9OMCA01Q,CLI-PP5V3HU7TLTH,Payment,Entertainment,1019.98,USD,,App,,,,Argentina,Buenos Aires,Approved,00,False,5.54,,
TRX-56D4LYQY93BIHS13Y751,2026-05-28 05:36:01,2026-05-27,PRD-CRQ2NXVPTM8I,CLI-ERZMFECBRBPM,Transfer,,5128.26,USD,,ATM,SUC-KT11NKNR,,,México,Guadalajara,Approved,00,False,17.33,,
TRX-1J7JB5U2D83VTJV9FYRF,2026-05-27 09:30:00,2026-05-27,PRD-AX3XZJFR2XED,CLI-HY9HN78UK4D5,Payment,Services,627760.45,ARS,1793.6,POS,,,,Argentina,La Plata,Approved,00,False,5.5,-33.7671206,-58.2016619
TRX-41XPAIM6FWP6A4M5U8ZN,2026-05-27 23:28:43,2026-05-27,PRD-PJ95UJA5VEIZ,CLI-47GTHJ3PHYB6,Purchase,Food,380.23,USD,,POS,,Super Ahorro,Food,Colombia,Barranquilla,Approved,00,False,11.75,0.0819581,0.6899946
TRX-Y1MG47FC3WKR3SKQEIPQ,2026-05-27 22:56:10,2026-05-27,PRD-UQY0HZDU4FR6,CLI-B3WS6D61JBN2,Purchase,Transport,111.81,USD,,ATM,SUC-WSSLNOPN,Gasolinera Express,Transport,México,Querétaro,Declined,05,True,86.18,,-0.7600899
TRX-FCLGDUS2BLEVT7Y8M61P,2026-05-27 20:39:56,2026-05-27,PRD-8UJBEHR9MEDT,CLI-AYAOWSH91KPA,Withdrawal,,240.93,USD,,ATM,SUC-QL08OUL0,,,México,Querétaro,Approved,00,False,16.51,,
TRX-6VOTODD42EAF3FG7TNNI,2026-05-28 02:46:02,2026-05-27,PRD-3HDXP53549GP,CLI-SGX2LD97DHZ2,Deposit,,997.45,USD,,POS,,,,México,Tijuana,Approved,00,False,27.93,,
TRX-4CKOBF0O3FRV8RH9YYYR,2026-05-27 06:47:11,2026-05-27,PRD-CT1GW3FGSJA4,CLI-6C48VMYOBKDT,Purchase,Entertainment,339.08,USD,,POS,,Teatro Nacional,Entertainment,México,,Approved,,False,23.45,0.5362211,0.0583239
TRX-5ZKGSKO6Y5GUKT87GBE0,2026-05-27 11:36:47,2026-05-27,PRD-F3IBM3ODXBDI,CLI-7FIT5KNF60O3,Purchase,Health,364.94,USD,,App,,Farmacia Salud,Health,México,Monterrey,Approved,00,False,17.6,,
TRX-35MWECXYNU5N1FE1RX3X,2026-05-28 03:17:53,2026-05-27,PRD-91PE1I59LN8B,CLI-84HPK6Q04TCI,Transfer,,29697220.9,COP,7424.31,POS,,,,Colombia,Cartagena,Approved,00,False,11.62,4.8792117,-74.7955064
TRX-34D9FY02ZXFLZ2PFHO4D,2026-05-27 23:13:59,2026-05-27,PRD-KUJIL0T10GJ7,CLI-SC3DBST37VJ5,Transfer,,3066214.59,ARS,8760.61,POS,,,,Argentina,Buenos Aires,Approved,00,False,19.5,,-59.1138124
TRX-7KW1FX6AW7PYQS5Z75C3,2026-05-27 10:33:31,2026-05-27,PRD-D66EFESH1RCO,CLI-IBNL33AY6IES,Purchase,Food,194.25,USD,,POS,,Restaurante El Buen Sabor,Food,México,Querétaro,Approved,00,False,21.92,,
TRX-1PG11MJAGTRPUO6A83M7,2026-05-27 08:06:17,2026-05-27,PRD-KNPRX799NW1L,CLI-BBFCL0H4YOT0,Transfer,,3637.78,USD,,App,,,,México,Tijuana,Approved,00,False,,,
TRX-W69ZJM06G7SUJMNTLXA2,2026-05-27 13:42:31,2026-05-27,PRD-QMKB3CK6TDSK,CLI-4DD7TW2NNZQY,Transfer,,973875.81,ARS,,POS,,,,Argentina,Buenos Aires,Approved,00,False,,,
TRX-PM2WUO71VIYVDQ16NBJJ,2026-05-27 19:14:05,2026-05-27,PRD-H0QQYM59YI3Z,CLI-WG0LU6AC6K5O,Payment,Food,824.33,USD,,App,,,,México,Puebla,Approved,00,False,,,
TRX-S3TZYPF4P1CEARJPV3HI,2026-05-27 13:07:43,2026-05-27,PRD-Z4BP9C359S87,CLI-4J5TCE56K3SZ,Transfer,,1618.83,USD,,ATM,SUC-HWG24EKK,,,México,Tijuana,Approved,00,False,,,
TRX-ZTKA895L59PC09E7Z95X,2026-05-27 11:34:39,2026-05-27,PRD-WA1Z2MLMLSN4,CLI-GXIF0L4VAA06,Payment,Health,1088.06,USD,,App,,,,Argentina,Mendoza,Approved,00,False,12.41,,
TRX-D62ZFEIIM2QFZB4LDJNL,2026-05-27 11:20:13,2026-05-27,PRD-1XL68J63GUWE,CLI-CWCGT3EY22TM,Deposit,,8873667.98,COP,2218.42,Branch,SUC-85YWBJ74,,,Colombia,Cali,Declined,54,False,19.3,,
TRX-UL1E0WHDBRVRO8D61CV8,2026-05-28 02:42:02,2026-05-27,PRD-Y1CS6DC59KU3,CLI-344JZX960Y5Q,Payment,Transport,6167132.07,COP,1541.78,ATM,SUC-LWQND6S8,,,Colombia,Barranquilla,Approved,00,False,29.12,,
TRX-UDQR4DVPAQ2341CVG021,2026-05-27 15:59:50,2026-05-27,PRD-WSX3XQWV2OA3,CLI-PB7ATYJHB17O,Transfer,,24052761.31,COP,6013.19,Branch,SUC-KY2QIURA,,,Colombia,Cali,Approved,00,False,19.03,3.9562999,-74.5383167
TRX-PXRTLX0XUWHN9W6Q4ZIY,2026-05-28 02:18:17,2026-05-27,PRD-1G2337Q0VSSJ,CLI-HL0LRHBQSHLT,Payment,Other,5847614.68,COP,1461.9,App,,,,Colombia,Barranquilla,Approved,00,False,,,
TRX-XMKC0DTN0RRAQ4GMTOPB,2026-05-27 20:36:08,2026-05-27,PRD-3XEEPYJ0WW9J,CLI-XFB8T2UIHQZF,Withdrawal,,131.78,USD,,ATM,SUC-337QKO7D,,,México,Puebla,Pending,14,False,28.99,,
TRX-EZ2UNVO1CCHXQP4A6QBN,2026-05-28 01:08:27,2026-05-27,PRD-AD355X6QZ5GA,CLI-LG76KORGBOIE,Withdrawal,,874995.64,COP,218.75,ATM,SUC-5AXOWGN3,,,Colombia,Medellín,Approved,00,False,,,
TRX-1VVP28REVK93F6AWV0DQ,2026-05-27 11:29:19,2026-05-27,PRD-QCGL4W98JX70,CLI-SBI26LFNUBWH,Deposit,,879.99,USD,,Web,,,,México,Monterrey,Approved,00,False,18.82,,
TRX-PV35WPHV38HAPW01I7KI,2026-05-28 03:24:11,2026-05-27,PRD-UGXXIGT4WEQA,CLI-W8N8EIFEAM0J,Payment,Transport,6966617.0,COP,1741.65,ATM,SUC-E5CCM8ZI,,,Colombia,Barranquilla,Approved,00,False,6.03,,
TRX-MARMOXYG86ECPMPVN5TX,2026-05-28 00:22:52,2026-05-27,PRD-HCRZJWBGQV9E,CLI-C0CWGVPC88UV,Purchase,Services,1729901.54,COP,432.48,App,,Servicios Públicos,Services,Colombia,,Approved,00,False,24.82,,
TRX-MUU3RUNO81NAAEDEMZ5B,2026-05-28 04:06:09,2026-05-27,PRD-EA8IR7EZBEBC,CLI-YNB9T9N03LQ9,Withdrawal,,1121367.33,COP,280.34,ATM,SUC-4OOB7ZFR,,,Colombia,Cali,Approved,00,False,4.08,,
TRX-A0EXY3CKCU86L7MP2AKC,2026-05-27 15:44:28,2026-05-27,PRD-L68JQ9QTWC7Q,CLI-H0MUQF4GUC45,Purchase,Services,1862718.47,COP,465.68,ATM,SUC-DIHJMBN3,Cable TV,Services,Colombia,Medellín,Approved,00,False,15.85,,
TRX-LLC5IHVG4SWI0F59SKDE,2026-05-27 11:11:04,2026-05-27,PRD-G6QOBIJS0YSA,CLI-GJY40456SYCJ,Transfer,,5005.06,USD,,POS,,,,México,Ciudad de México,Approved,00,False,27.9,-0.5778134,0.5784956
TRX-YQE6HKJQPFQBDCVP6CAK,2026-05-27 22:17:53,2026-05-27,PRD-B23AIC062ITA,CLI-L9VV3OJKHEQ6,Purchase,Entertainment,428.33,USD,,App,,Conciertos Live,Entertainment,México,Tijuana,Approved,00,False,23.71,,
TRX-7XMVE7MU42M0VM89M1DP,2026-05-27 17:43:52,2026-05-27,PRD-JGY64V26ZNM3,CLI-BJH81E6P95BB,Adjustment,,651.57,USD,,App,,,,México,,Declined,05,False,22.7,,
TRX-MRJ227KN7QQSD0PESIEM,2026-05-28 04:00:50,2026-05-27,PRD-7TBIQWB8TEZF,CLI-IVICDF6K275N,Deposit,,3583.65,USD,,POS,,,,México,,Approved,00,False,,,0.5511798
TRX-M25665BX6X8449E7WHZ7,2026-05-27 23:13:49,2026-05-27,PRD-N9G6PJ1IIGM5,CLI-HOXMO2M4KN24,Transfer,,5564.75,USD,,ATM,SUC-M96GKW7T,,,USA,Houston,Approved,00,False,15.79,,
TRX-R9Y82Q9MS2V0TPK6T5SU,2026-05-27 19:32:25,2026-05-27,PRD-4UKS1UWR67EF,CLI-POL31H51I04X,Transfer,,574744.28,ARS,1642.13,POS,,,,Argentina,Mendoza,Approved,00,False,9.23,,
TRX-3QSP131FBF0NA77FW73T,2026-05-27 06:24:24,2026-05-27,PRD-3R9QPZEEMDQA,CLI-N8JFSOR2EZ7C,Withdrawal,,1602001.26,COP,400.5,POS,,,,Colombia,Medellín,Approved,00,False,6.3,5.5539474,-73.8043447
TRX-P7GX3DP5JZPDPZ4STUJN,2026-05-27 10:11:31,2026-05-27,PRD-OGZA8MA6GEGG,CLI-K4RR5N1F4US0,Payment,Food,6952328.54,COP,1738.08,ATM,SUC-XXUHP6O3,,,Colombia,Bogotá,Approved,00,False,,4.8146244,
TRX-L8616LUH0V95G152J4IK,2026-05-27 12:43:43,2026-05-27,PRD-SJN5446BRIPO,CLI-M8R0JX61S9TF,Purchase,Entertainment,482.35,USD,,Branch,SUC-KX44GJKB,Conciertos Live,Entertainment,México,Monterrey,Approved,00,False,,-0.6080275,0.1117206
TRX-86EY1R8ERH7DW5ONSJYK,2026-05-27 20:53:02,2026-05-27,PRD-H1HH2HIXWXLN,CLI-E83C1S3K4T5V,Payment,Transport,823.46,USD,,ATM,SUC-RZNFZDVW,,,México,Querétaro,Approved,00,False,17.35,,
TRX-22XFIDY6K1LJT23A2PLQ,2026-05-27 10:53:51,2026-05-27,PRD-R1P0GNSPT8NV,CLI-VDBQVEWHDVDE,Deposit,,889.51,USD,,POS,,,,México,Monterrey,Approved,00,False,7.27,,
TRX-5TGD75PZG0RKPP9MWEHG,2026-05-27 16:54:21,2026-05-27,PRD-UMP33QXE5Q3W,CLI-0R1Q666RCEXV,Purchase,Services,1240594.58,COP,310.15,ATM,SUC-FF1CG8O5,Internet Plus,Services,Colombia,Barranquilla,Approved,00,False,,,
TRX-R605GP5QNE266UFTTNUX,2026-05-27 18:32:08,2026-05-27,PRD-B4PD06JTFAFX,CLI-9Q97XOUB1K5Z,Purchase,Services,462.96,USD,,App,,Servicios Públicos,Services,México,,Declined,54,False,29.22,,
TRX-AVPGF85QY0BBX8PG6SUR,2026-05-27 10:16:59,2026-05-27,PRD-BWBQE5BFZLLW,CLI-FK01MQUAYNMH,Purchase,,168063.34,ARS,480.18,POS,,Gasolinera Express,Transport,Argentina,Córdoba,Approved,00,False,4.74,,
TRX-AZ9FGC8N08SOGV7W31DG,2026-05-27 13:01:37,2026-05-27,PRD-VMSN9CZDNQ8R,CLI-GRDX5MV11I7U,Transfer,,8193.77,USD,,POS,,,,México,Tijuana,Approved,00,False,12.53,,
TRX-J44N7D1D0G9GBU7HW6IJ,2026-05-28 00:50:22,2026-05-27,PRD-JNINSR8PUG2J,CLI-KSBOVJJ3ITY5,Transfer,,72277.06,ARS,206.51,Branch,SUC-0MPZUQLJ,,,Argentina,Rosario,Approved,00,False,19.17,,
TRX-UKOT7PA5ZMWZ9G9T2JD2,2026-05-27 09:34:30,2026-05-27,PRD-RSF3OBEJQL96,CLI-W99N1F6BGO4P,Deposit,,1749385.44,ARS,4998.24,Transfer,,,,Argentina,Córdoba,Approved,,False,19.06,,
TRX-RPIAQ3954V9Q5BV8AS3H,2026-05-27 16:49:32,2026-05-27,PRD-INIBQOWPOQNO,CLI-N1DYHACEWTBS,Withdrawal,,391.3,USD,,POS,,,,Argentina,Buenos Aires,Approved,00,False,18.71,,
TRX-B7RE977USU7YOF69N5ZL,2026-05-27 23:59:08,2026-05-27,PRD-J6A6YAAJNO9H,CLI-Y2NTHL5DL588,Transfer,,15642128.67,COP,3910.53,POS,,,,Colombia,Barranquilla,Approved,00,False,11.33,,
TRX-IINZLXPSEPPEBLSO2TVM,2026-05-28 00:48:12,2026-05-27,PRD-P2GGG9RYTWKK,CLI-X84FRC29Z8VH,Purchase,Services,139.45,USD,,POS,,Servicios Públicos,Services,Argentina,Rosario,Approved,00,False,,-35.3495017,-58.1881932
TRX-9HHIBJU6XX5TG1FV54MM,2026-05-27 20:53:29,2026-05-27,PRD-MZIDXZKFX8KZ,CLI-42TV3K2SL7OI,Withdrawal,,438738.83,COP,109.68,ATM,SUC-TQX7379E,,,Colombia,Barranquilla,Approved,00,False,,,
TRX-AA6PRSY9K0USS8SXP34C,2026-05-27 23:37:12,2026-05-27,PRD-YC6WIDTNR90H,CLI-BIOGQ1HBKQA5,Transfer,,5383.3,USD,,POS,,,,México,Puebla,Approved,00,False,,,
TRX-RYYCG3G278N594OR7C4R,2026-05-27 10:38:58,2026-05-27,PRD-EZQK7MOTR8RN,CLI-A7OO75SWAC31,Transfer,,2021588.07,ARS,5775.97,App,,,,Argentina,La Plata,Approved,00,False,10.88,,
TRX-WA7RXSSLCNA0VMEH13KL,2026-05-27 07:01:00,2026-05-27,PRD-YXSPW9TFF0D5,CLI-VI3NC77VX97M,Purchase,Transport,11.8,USD,,App,,Uber,Transport,México,Querétaro,Approved,00,False,29.33,,
TRX-OZAUABKBCHC8PRH9NMF3,2026-05-27 13:04:55,2026-05-27,PRD-J5YQWDINGEK5,CLI-BH1ZBAHAHTEN,Purchase,Food,81.28,USD,,ATM,SUC-F1BZEJXJ,Tienda Don José,Food,Argentina,Rosario,Approved,00,False,16.17,,
TRX-12YJ5LKJXVNI2JJ653YC,2026-05-27 22:32:42,2026-05-27,PRD-S0ROSLHH6DTH,CLI-JOLSVRRQGUIC,Transfer,,3564.06,USD,,Web,,,,Colombia,Barranquilla,Approved,00,False,2.91,,
TRX-QVPQ0AKTCSSMKTICC7FX,2026-05-27 22:01:15,2026-05-27,PRD-MMICE69CLJW4,CLI-6ZLSE4HZX7J0,Transfer,,7462928.63,COP,1865.73,ATM,SUC-DH7PDUA6,,,USA,Los Angeles,Approved,,False,3.68,,
TRX-NJH14HEGDRS4FYVP15VD,2026-05-27 08:38:13,2026-05-27,PRD-GWJ5NA7XRQJJ,CLI-M1JZDY3WJPWR,Deposit,,2117.66,USD,,ATM,SUC-QMYSBASD,,,México,Ciudad de México,Approved,00,False,9.77,,
TRX-0CI77VJMJVRV376BJJCA,2026-05-27 16:14:55,2026-05-27,PRD-MQC5UJE3PX6P,CLI-J8R48U7V5EOX,Purchase,Services,251.7,USD,,POS,,Internet Plus,Services,México,Querétaro,Approved,00,False,7.31,0.121383,0.8178819
TRX-UAYKMZZ167OWSKR50SV0,2026-05-27 06:23:27,2026-05-27,PRD-ZSV1C52819IG,CLI-9CE2J4EAUT38,Withdrawal,,89776.75,ARS,256.5,ATM,SUC-YO2Y6PA3,,,Argentina,Mendoza,Approved,00,False,3.33,,
TRX-6FAFGYGXANAALECZ1X2E,2026-05-27 10:06:55,2026-05-27,PRD-J4BB3BB1BEHG,CLI-VLTW54DK81QC,Transfer,,1611.94,USD,,POS,,,,México,Ciudad de México,Approved,00,False,14.97,,
TRX-H2MAINSEUA55ITJT761R,2026-05-27 22:27:00,2026-05-27,PRD-YYGF4IM49MGL,CLI-LN8EOM863BBN,Purchase,Other,8791.1,ARS,25.12,Transfer,,Ferretería,Other,Argentina,Buenos Aires,Declined,51,False,0.1,,
TRX-P8JW5INSVY55AQ0GQZ6R,2026-05-27 10:30:16,2026-05-27,PRD-Y28649BFOB4L,CLI-RHFFYFBQT209,Transfer,,9922.62,USD,,POS,,,,México,Guadalajara,Approved,00,False,23.52,,
TRX-IGFMYYPD2D7E4JQDK7KD,2026-05-28 01:54:06,2026-05-27,PRD-4HL8JDGVCB57,CLI-FGWGBOVB3WEI,Adjustment,,822.53,USD,,ATM,SUC-PFXHRCSW,,,México,Querétaro,Approved,,False,20.52,,
TRX-KPL73D6S98FT7GV49BQ2,2026-05-28 05:17:55,2026-05-27,PRD-L1E9RK3ARE18,CLI-3GCU1TWTZD10,Transfer,,18949447.95,COP,4737.36,POS,,,,Colombia,Barranquilla,Approved,00,False,22.93,4.1926121,-74.0407611
TRX-8V24VYBMUFBN2VAMHZLM,2026-05-27 19:58:29,2026-05-27,PRD-9ZCXKWEI7669,CLI-U3Y9U6VIPBGG,Transfer,,27507921.44,COP,6876.98,App,,,,Colombia,Cartagena,Approved,00,False,,,
TRX-I3MJ470B4YQGB42LWD4H,2026-05-27 18:35:42,2026-05-27,PRD-4QBEEK4A20NV,CLI-9NJKM2ZTANW5,Purchase,Entertainment,216.19,USD,,Web,,Conciertos Live,Entertainment,Colombia,Bogotá,Approved,00,False,17.85,,
TRX-YF88Q9F8QVMDFOVBA6GS,2026-05-28 02:57:30,2026-05-27,PRD-E1WC3U5LRKY0,CLI-K8UPLEZBP94Z,Purchase,Entertainment,310.63,USD,,POS,,Cine Premium,Entertainment,México,Querétaro,Approved,00,False,25.5,,
TRX-L0GXZLDQUB1L8MALP1OW,2026-05-27 07:17:35,2026-05-27,PRD-2TC8I0E123UZ,CLI-H17JRPNPDIGC,Transfer,,304.02,USD,,ATM,SUC-Z7426PZT,,,México,Ciudad de México,Approved,00,False,28.94,,
TRX-H9WGOQXNGW5D5AERDRZZ,2026-05-27 15:24:44,2026-05-27,PRD-DF28UA32JE2R,CLI-X6LFOJH4THIF,Deposit,,9635189.34,COP,2408.8,POS,,,,Colombia,Medellín,Approved,00,False,,4.8196042,-74.8323776
TRX-U8GOXSKUC8EJ3ULS47MJ,2026-05-28 03:43:31,2026-05-27,PRD-X6117WF2BLMD,CLI-TC5YYHTX6QBE,Payment,Transport,4182445.68,COP,1045.61,ATM,SUC-4USRLC45,,,Colombia,Bogotá,Approved,00,False,4.88,,
TRX-NMU16C6Y6QM6O99Z1QFH,2026-05-27 23:37:51,2026-05-27,PRD-R1JVRKC93JAK,CLI-2ULN9MR2W6H7,Deposit,,5156149.9,COP,1289.04,ATM,SUC-2L4DTLRM,,,Colombia,Cartagena,Approved,,False,0.72,,
TRX-YYY0OQGJBKP42AVPLJDY,2026-05-27 17:04:22,2026-05-27,PRD-OPSSCXM7NKJ6,CLI-95522HXXHID0,Purchase,Entertainment,153.89,USD,,ATM,SUC-7TVQFT2O,Streaming Music,Entertainment,México,Guadalajara,Approved,00,False,5.69,,
TRX-IRH9BONSCPUPNQO6TAEU,2026-05-27 17:06:23,2026-05-27,PRD-GQ63KPO5T7NF,CLI-YF4JORTILP83,Payment,Services,4608775.95,COP,1152.19,Web,,,,Colombia,Cali,Approved,00,False,1.08,,
TRX-H5LW45CZW89P57VISPS0,2026-05-28 03:34:30,2026-05-27,PRD-Y4U2VD45JQMS,CLI-41SRCO3BKOUP,Purchase,Transport,142999.66,ARS,408.57,POS,,Taxi Seguro,,Argentina,Buenos Aires,Approved,00,False,,,
TRX-OEP94VAL15LBOVJKYC1J,2026-05-28 02:53:07,2026-05-27,PRD-BWNICGWY6ZYN,CLI-K99I2I8375ZX,Withdrawal,,150.83,USD,,ATM,SUC-QVGF07AP,,,México,Guadalajara,Approved,00,False,6.13,0.8665646,-0.4037478
TRX-EKXPAVP60CI1AVNWRUY7,2026-05-27 18:15:47,2026-05-27,PRD-UFXQ8UTMXN3X,CLI-B2ZWOUFEUURY,Transfer,,9802.26,USD,,POS,,,,México,Ciudad de México,Approved,00,False,,,
TRX-1UHKL9BVONYQPRFMVGJ2,2026-05-28 02:45:13,2026-05-27,PRD-7HWSPBCMSI2O,CLI-QSOR82OO6JS2,Withdrawal,,764380.19,COP,191.1,ATM,SUC-KY2QIURA,,,Spain,Barcelona,Approved,00,False,0.53,,
TRX-ISSK35UNDEUQRHATB8UF,2026-05-27 10:47:56,2026-05-27,PRD-KDAKJCDUSVOM,CLI-TZ02QGOUNNLV,Withdrawal,,166598.49,COP,41.65,ATM,SUC-01J639PQ,,,Colombia,,Approved,00,False,26.05,,
TRX-8DD5MTKUIDN1TDS8U0T8,2026-05-28 02:14:56,2026-05-27,PRD-2IJAJBGN9H3C,CLI-IXNWJN98FD99,Withdrawal,,28.34,USD,,ATM,SUC-57LRN6RH,,,México,,Approved,00,False,24.04,,
TRX-IPIMG4OC0HKFR1W7WYSO,2026-05-27 19:52:03,2026-05-27,PRD-9UK3A7DQZFNM,CLI-DKJ5IHTTZ5KH,Deposit,,1600.89,USD,,ATM,SUC-SFEFYC6O,,,México,Querétaro,Approved,00,False,3.09,,
TRX-82MBT4FGFKUQSSG13T74,2026-05-27 23:40:32,2026-05-27,PRD-GF8H33MVKFBM,CLI-0ATS30QNZ7YS,Withdrawal,,52.5,USD,,Web,,,,Colombia,Medellín,Approved,00,False,27.17,,
TRX-Q9P28J2Z1G5MQVNS1SE0,2026-05-27 16:27:09,2026-05-27,PRD-1B0CA6I30S2I,CLI-JZ9P89MSEYR8,Withdrawal,,262.2,USD,,POS,,,,México,Querétaro,Approved,00,False,16.16,,
TRX-2ZU5ELDBXMRB67M57TRJ,2026-05-28 00:37:21,2026-05-27,PRD-WJT4H195BBN5,CLI-ON4VKWWDZKJ2,Withdrawal,,1211912.97,COP,302.98,ATM,SUC-HQWDAM56,,,Brazil,Salvador,Approved,00,False,29.13,,
TRX-GGUFIL8LF43Y784A2YYL,2026-05-27 07:34:09,2026-05-27,PRD-0K9PNUHHP861,CLI-4HFBR72K4K0X,Purchase,Transport,1624617.5,COP,406.15,ATM,SUC-XZM2NPS4,Uber,,Colombia,Cali,Declined,05,False,1.27,,
TRX-6X58IOC7HTOWRDI7LHNX,2026-05-27 13:22:35,2026-05-27,PRD-FAM2PSIODG6Q,CLI-C25BRS5AP4WC,Payment,Entertainment,945.04,USD,,ATM,SUC-XSMNXFJN,,,México,Querétaro,Approved,00,False,11.2,0.410565,-0.671487
TRX-3E0ESAEA7ILR16N3AYNX,2026-05-28 02:39:31,2026-05-27,PRD-0S7OXLG649JQ,CLI-F1N5B6HZQ9HF,Withdrawal,,382.07,USD,,ATM,SUC-QL08OUL0,,,México,Monterrey,Approved,00,False,12.57,,
TRX-HRE49M9SMBTHK3WU3BKA,2026-05-27 13:42:24,2026-05-27,PRD-OJVWR8EPD3GP,CLI-Y0VC1H7GVIM9,Transfer,,7196.48,USD,,ATM,SUC-RF3372LI,,,México,Puebla,Approved,00,False,7.75,,
TRX-KSCOOR4FIWNF5YW12ELV,2026-05-27 19:15:36,2026-05-27,PRD-SFYBTES9H4G1,CLI-SWAN3X6E8AUI,Deposit,,3328.3,USD,,ATM,SUC-U3Q69OLV,,,México,Ciudad de México,Approved,00,False,19.06,,0.3940938
TRX-Z25JIVC0VIFYWB2PQIXY,2026-05-27 07:49:56,2026-05-27,PRD-9BQ6TA2COIFV,CLI-FRZURGY548M9,Purchase,Entertainment,160.23,USD,,App,,Conciertos Live,Entertainment,México,Guadalajara,Approved,00,False,15.73,,
TRX-XJXUTEVXBKFETDJXMHT1,2026-05-27 13:55:14,2026-05-27,PRD-7JLVP90ISKVM,CLI-ZEFRB61XMPXQ,Payment,Transport,4578502.96,COP,1144.63,Transfer,,,,Colombia,Cali,Approved,00,False,23.14,,
TRX-FRKSYJ64IWV7F8V40Q8N,2026-05-27 15:34:11,2026-05-27,PRD-MLKITLWL043G,CLI-5YUYOCK9C9UJ,Withdrawal,,439.22,USD,,ATM,SUC-TVNO2KL5,,,USA,Los Angeles,Approved,00,False,,,
TRX-3DHIAUCY5SB2714K7NOA,2026-05-28 03:47:53,2026-05-27,PRD-YGUI3LTE7PRW,CLI-UCDUFE3F3Q3V,Purchase,Other,367.96,USD,,ATM,SUC-12NKB9OB,Tienda General,Other,México,Tijuana,Declined,54,False,29.3,,
TRX-UZU3VG9X9907HIQ6MDBQ,2026-05-27 18:25:29,2026-05-27,PRD-QBRSEXS9F0IL,CLI-F1LQPWHZSADT,Adjustment,,602.7,USD,,ATM,SUC-KX44GJKB,,,México,Ciudad de México,Approved,00,False,21.38,-0.788541,-0.9975438
TRX-EKRVW9YN4SCV2BCNTYFM,2026-05-27 06:50:27,2026-05-27,PRD-OQX3EWZZVYFO,CLI-92Q2IAELBHZC,Deposit,,4723.0,USD,,POS,,,,México,Puebla,Approved,00,False,8.66,0.0777749,-0.1238467
TRX-HMUFN76S6S4HJANNAOPK,2026-05-27 08:02:51,2026-05-27,PRD-WD8GFCYAFLFA,CLI-OCW3JX1BXLDA,Purchase,Food,9.28,USD,,POS,,Tienda Don José,Food,México,,Approved,00,False,23.48,,
TRX-EGHV70P4DI19HRKE6PM0,2026-05-27 15:07:36,2026-05-27,PRD-35LF39MBGNVX,CLI-ZFZ4RR28V6QH,Purchase,Services,133.34,USD,,POS,,Cable TV,,Argentina,Rosario,Approved,00,False,,,
TRX-GF2ZJ9GR9QDUYRV2WAM4,2026-05-27 16:41:20,2026-05-27,PRD-E81F9UEK8L3E,CLI-C0KZSOAXL3EJ,Withdrawal,,1474688.5,COP,368.67,Transfer,,,,Colombia,Bogotá,Approved,00,False,15.49,,
TRX-3SK0WHKA17PO09HCKDBF,2026-05-28 01:01:02,2026-05-27,PRD-PNSB3JEE6R2P,CLI-FRSSMYL6GWVG,Withdrawal,,424.11,USD,,ATM,SUC-N8LPAX0U,,,México,Querétaro,Declined,51,False,17.36,,
TRX-NKQCYUVL1XFXGCV4ARJN,2026-05-28 02:32:19,2026-05-27,PRD-BUXCYWAA9UAU,CLI-AE3YA36SRYVG,Withdrawal,,486.36,USD,,POS,,,,México,Tijuana,Approved,00,False,,0.1065366,-0.2728988
TRX-9FEL2XEPLZAR4OTB4BZR,2026-05-27 10:52:42,2026-05-27,PRD-UFE5E2ND5JG9,CLI-KVH8ORPW340A,Adjustment,,737.3,USD,,App,,,,México,Guadalajara,Approved,00,False,15.73,,
TRX-ATWAWEU7D842RHCGB7Q7,2026-05-27 21:57:20,2026-05-27,PRD-A1BEVG1M8XF5,CLI-LQ2TB9FORT2B,Purchase,,1845549.95,COP,461.39,Web,,Conciertos Live,Entertainment,Colombia,Barranquilla,Approved,00,False,15.92,,
TRX-KQ7LDAC0JM2FHYBG4BHM,2026-05-27 17:57:04,2026-05-27,PRD-C6WUOJ08Z174,CLI-3OHOW3JD7SOH,Withdrawal,,1791053.38,COP,,ATM,SUC-OPPQ932B,,,Colombia,Bogotá,Reversed,14,False,1.45,,
TRX-G1DFA4W6KUPTG97HA19O,2026-05-28 03:36:27,2026-05-27,PRD-8659FXFRCAM7,CLI-2WYNBWEN7YZ6,Withdrawal,,145118.82,COP,36.28,ATM,,,,Colombia,Cartagena,Approved,00,False,23.57,,
TRX-HZ5LZT0R06XI9VLSIHG8,2026-05-27 11:47:40,2026-05-27,PRD-I90VKYYKNGK0,CLI-6E94ZQ0HVKRW,Purchase,Transport,34.92,USD,,Transfer,,Uber,Transport,México,Puebla,Approved,00,False,9.95,,
TRX-8O3OJK26E448B7EVGL6S,2026-05-27 13:54:56,2026-05-27,PRD-YRHF7WEEPAN6,CLI-BIQD6G6OZ9FM,Purchase,Food,344.02,USD,,ATM,SUC-WU56M94O,Mercado Central,Food,México,Tijuana,Approved,00,False,0.5,,
TRX-XW4B8UEXF9L0YH848RBA,2026-05-27 23:30:49,2026-05-27,PRD-S3HE4Y5ZSLBM,CLI-53X9R4G8U1PG,Purchase,Other,465.21,USD,,POS,,Ferretería,Other,México,Ciudad de México,Approved,00,False,,,
TRX-HY6ITJOYM83182Z3YOMX,2026-05-27 13:20:56,2026-05-27,PRD-FI00HL18KCJG,CLI-4U717FFA08TR,Transfer,,1359.41,USD,,POS,,,,México,Ciudad de México,Approved,00,False,1.5,,
TRX-I34VOI24LELB7T8N3CPR,2026-05-27 14:57:55,2026-05-27,PRD-CI0JBFTSREEN,CLI-6F64DF5WY73N,Withdrawal,,148.56,USD,,ATM,SUC-FFI5DAEC,,,México,Ciudad de México,Approved,00,False,10.17,,
TRX-XN38R4J8QQQGSIVP3ZTG,2026-05-27 18:27:18,2026-05-27,PRD-79Q6R4ZNY8Z7,CLI-VQHN24436HNY,Payment,Transport,5794614.0,COP,1448.65,POS,,,,Colombia,Bogotá,Approved,00,False,12.84,,
TRX-5ENF9E08U1QOBAJVIQUK,2026-05-28 02:43:39,2026-05-27,PRD-I1ATSK8BQXVU,CLI-IXFQMHHKQEHE,Transfer,,331364.64,ARS,946.76,Branch,SUC-ZVPEMWQP,,,Argentina,Córdoba,Approved,00,False,25.93,,
TRX-93PC65GXBIRBX2SLJX3O,2026-05-27 23:58:55,2026-05-27,PRD-GMBL04UR0FG7,CLI-WP63O3VR54BR,Deposit,,1109.91,USD,,ATM,SUC-WSUW783S,,,México,Guadalajara,Approved,00,False,5.02,,
TRX-NA107IGOAMR9ZWJP9619,2026-05-27 09:31:10,2026-05-27,PRD-VGSXO1S8KZO2,CLI-1IHZ4RAXAKA5,Deposit,,607.62,USD,,POS,,,,México,Querétaro,Approved,00,False,4.06,,
TRX-ZK1XQ6G2ISTMTZY38HZF,2026-05-27 19:44:06,2026-05-27,PRD-UK9M4LJ7JRD9,CLI-IDHHY01AOCGB,Payment,Food,995.2,USD,,ATM,SUC-57LRN6RH,,,México,Monterrey,Approved,00,False,12.8,0.1961598,-0.1806873
TRX-0M5CYHE8GU6YOBCNTVLI,2026-05-27 15:47:23,2026-05-27,PRD-40O5DV4T7X9F,CLI-G0BMJ4BTP02X,Payment,Food,4413023.98,COP,1103.26,ATM,SUC-MU9A5O88,,,Colombia,Cali,Approved,00,False,,,
TRX-HKYC9D4TODWO98XEKRS7,2026-05-27 20:22:00,2026-05-27,PRD-BATX3LEFQWAF,CLI-WKK1996RPN1K,Purchase,Other,1329250.59,COP,332.31,App,,Ferretería,Other,USA,New York,Approved,00,False,16.51,,
TRX-2C10ZSMQNNYRDXEPNTQI,2026-05-28 04:58:33,2026-05-27,PRD-XT5GCCDNI2TC,CLI-WBUGJSC4EXK7,Purchase,Food,245.11,USD,,POS,,Tienda Don José,Food,México,Monterrey,Approved,00,False,25.75,,
TRX-FFXUXZO96UAFW8ZTV5A5,2026-05-28 05:55:31,2026-05-27,PRD-V4P3PF085VPU,CLI-DIU5RDFHNYK3,Transfer,,2182631.22,ARS,6236.09,POS,,,,Argentina,,Approved,00,False,28.04,,
TRX-NJSYP3YJM3Y1WFE3LLGV,2026-05-28 02:58:40,2026-05-27,PRD-O36OSFPCN3V7,CLI-OJMZIBTRMWVT,Purchase,Health,133.87,USD,,Web,,Clínica Médica,,México,Ciudad de México,Approved,,False,2.43,,
TRX-WTS8XTVDKG6544LW5UJT,2026-05-28 05:26:19,2026-05-27,PRD-XTATXUMQDQ74,CLI-4UT0FWDW4DFH,Payment,Food,820586.73,COP,205.15,ATM,SUC-C93NERQQ,,,Colombia,Cartagena,Approved,00,False,1.1,,
TRX-6YWYF75MXNWAHWN1VA1W,2026-05-27 15:53:03,2026-05-27,PRD-SFY47CVM3GAP,CLI-IRCNS6ANPK6Y,Withdrawal,,348.9,USD,,App,,,,México,Monterrey,Approved,00,False,0.56,,
TRX-TJF202922TUV7OMOZ3VB,2026-05-27 18:07:54,2026-05-27,PRD-6GZTZBGFP1VE,CLI-LL8TN38JP5GY,Payment,Transport,612.79,USD,,POS,,,,México,Ciudad de México,Approved,00,False,27.18,,
TRX-O76HYHE2N4ONYMW2PGW0,2026-05-28 01:24:54,2026-05-27,PRD-I26BP69N4L5I,CLI-LXLAMX2DBDS2,Purchase,Entertainment,479.24,USD,,Web,,Teatro Nacional,Entertainment,Argentina,Rosario,Approved,00,False,,,
TRX-ZGN1YFXVG9QJA7RG7PDZ,2026-05-28 05:11:02,2026-05-27,PRD-SMPV44EY5V4R,CLI-P2DSZY4WATTU,Purchase,Other,80401.63,ARS,229.72,ATM,SUC-VPCJ60UW,,Other,Argentina,Mendoza,Approved,00,False,27.46,,
TRX-IE6OTOEBUKDBD6BL7I4V,2026-05-27 17:18:34,2026-05-27,PRD-J8ZWLSIYCOE2,CLI-VNKN2KEFNJKH,Withdrawal,,102947.22,ARS,294.13,Web,,,,Argentina,Mendoza,Approved,,False,10.42,,
TRX-T0Y9BS04EXYKXPY9A8LH,2026-05-27 08:31:03,2026-05-27,PRD-M5ILBH1QYYV8,CLI-2ROLXY4BNO8O,Transfer,,11871635.75,COP,2967.91,App,,,,Colombia,Cartagena,Approved,00,False,2.67,,
TRX-5XET6OCW974572DB0GBR,2026-05-28 01:02:13,2026-05-27,PRD-6K8WDKKPOYNU,CLI-VDG4DP61MB5N,Payment,Food,1960.92,USD,,ATM,SUC-A4SSWF0H,,,Colombia,Barranquilla,Approved,00,False,19.79,4.9807594,-73.8126265
TRX-9R23DC2CP8L7OQM04U9V,2026-05-27 11:58:12,2026-05-27,PRD-AC2LO96TPY8J,CLI-R4AJE09M5R10,Purchase,Transport,175.02,USD,,App,,Uber,Transport,México,Ciudad de México,Approved,00,False,27.15,,
TRX-64ON4X6K31OHVR9H40IY,2026-05-27 12:10:44,2026-05-27,PRD-UD5MEKJCXMOY,CLI-9KSGLSUE71CQ,Deposit,,1414568.48,ARS,4041.62,Branch,SUC-Y7VHYCDG,,,Argentina,La Plata,Approved,,False,27.28,,
TRX-POENMNDZSV0Q0WBUSNGQ,2026-05-27 23:06:43,2026-05-27,PRD-QDALURBP9N1O,CLI-C4ZD6DO8AV4F,Purchase,Services,638698.19,COP,159.67,POS,,Servicios Públicos,Services,Colombia,Medellín,Approved,00,False,15.46,,
TRX-UJCRS76P9T8T63322X7B,2026-05-27 12:49:01,2026-05-27,PRD-POV0AQ6W97T9,CLI-QEIA4FEP8ETL,Transfer,,1036217.34,ARS,,ATM,SUC-K32WS6T0,,,Argentina,,Approved,00,False,,,
TRX-36MOZF8K8SEH4I472AIX,2026-05-28 03:01:14,2026-05-27,PRD-GA6KFTDZWXYK,CLI-OQAQEP33GOY7,Purchase,Services,372.51,USD,,ATM,SUC-UV1CR4D5,Internet Plus,Services,México,Ciudad de México,Approved,00,False,3.47,,
TRX-KRBCQNQ6HHE4SID1LHE9,2026-05-27 22:01:11,2026-05-27,PRD-U12TZHQP7MCV,CLI-5O7SHLTC468W,Withdrawal,,126827.92,ARS,362.37,Web,,,,Argentina,La Plata,Approved,00,False,7.99,,
TRX-7YFTKJW6MY75XHYVGL9Y,2026-05-28 01:39:30,2026-05-27,PRD-JSJUQUVVCQDA,CLI-66ZV4OBYA17A,Transfer,,35792447.61,COP,8948.11,POS,,,,Colombia,Barranquilla,Approved,00,False,8.35,5.526982,-74.9994999
TRX-JRVLSVPWZVIPQ15Q1AYV,2026-05-27 10:25:36,2026-05-27,PRD-LY6RXPES8Q39,CLI-AQF7KHX4FRL6,Withdrawal,,233.62,USD,,App,,,,Colombia,Bogotá,Approved,00,False,14.02,,
TRX-V4CS0EHKD7547FZ8VL5X,2026-05-27 16:37:31,2026-05-27,PRD-NZPLGRF1HRNN,CLI-PCGKIHU21HVX,Payment,Entertainment,544142.43,ARS,1554.69,POS,,,,Argentina,Mendoza,Approved,00,False,27.09,-34.4213435,-58.7215109
TRX-VN4ARP4Y7YJ30TW6QETC,2026-05-28 01:08:43,2026-05-27,PRD-J9DEGJV5QJEU,CLI-0EXCOGLEDN3F,Payment,Health,396696.86,ARS,1133.42,ATM,SUC-46JOBFMX,,,Argentina,,Approved,00,False,27.03,,
TRX-XBH8II2UGDAA7AAZQCG4,2026-05-28 01:07:23,2026-05-27,PRD-7RKAJWJEE5XG,CLI-HLNMY4258HUY,Purchase,Services,183059.35,COP,45.76,ATM,SUC-HQWDAM56,,Services,Colombia,Cartagena,Approved,00,False,23.71,4.4381594,-74.5810951
TRX-V7VG8FXCUFL5BS0V9WGS,2026-05-27 09:49:09,2026-05-27,PRD-CUAZADXSC3UH,CLI-0RRMOEVOG4GP,Payment,Entertainment,1216.38,USD,,Web,,,,Mexico,Guadalajara,Approved,,False,2.88,,
TRX-8W6098TWT51B5NDQN4EJ,2026-05-28 05:17:33,2026-05-27,PRD-Q9GQ1XC91AUN,CLI-UCTBBA0XL1FR,Transfer,,9268.59,USD,,POS,,,,México,Querétaro,Approved,00,False,28.05,,
TRX-2W8L0GMK1PML6R9OT201,2026-05-27 18:13:31,2026-05-27,PRD-732OCXF4E8ZO,CLI-IAJK47KMAG7B,Payment,Services,1035.54,USD,,ATM,SUC-ECJP9AEQ,,,Colombia,Barranquilla,Approved,00,False,,-0.7130797,-0.1704755
TRX-YQTQGF9O6GKQMAH9ZQBZ,2026-05-27 18:40:02,2026-05-27,PRD-7NIQUS7NI2Y0,CLI-AAEZUASKGCY2,Deposit,,4082.33,USD,,App,,,,México,Tijuana,Approved,00,False,20.73,,
TRX-L91G5E0MSSBKNRZ31G8A,2026-05-27 23:34:17,2026-05-27,PRD-2NGA1EKL9SVS,CLI-4S2IHX77T7JY,Transfer,,8601.82,USD,,ATM,SUC-9DE11KDA,,,México,,Declined,54,False,6.85,-0.0175541,-0.5134293
TRX-N3XIHFY8QEX2P0ALCO96,2026-05-27 23:21:51,2026-05-27,PRD-UMBUX6BQE10I,CLI-NZKDTW4NOH8J,Purchase,Food,46.45,USD,,POS,,Mercado Central,Food,Colombia,,Approved,00,False,,,
TRX-LGKJ9L7PW5Y26XMXSHV1,2026-05-28 01:45:01,2026-05-27,PRD-49GD779W8CDE,CLI-70ZKEYDKYJ0U,Purchase,,487.97,USD,,POS,,Tienda General,Other,México,Ciudad de México,Approved,00,False,5.32,,
TRX-GYFT28QDY6DKLB83F3D3,2026-05-28 05:22:37,2026-05-27,PRD-2OAKFZPALUH0,CLI-Y716D3XNZJEO,Purchase,Food,7547.08,ARS,21.56,Web,,Super Ahorro,Food,Argentina,,Approved,00,False,,,
TRX-PIUKV1V78QXWLYWWS90E,2026-05-28 01:22:17,2026-05-27,PRD-NMKBNNJ92OQA,CLI-GNFVIRO23BK1,Purchase,Transport,39401.45,ARS,112.58,App,,Estación de Servicio,Transport,Argentina,Mendoza,Approved,00,False,9.93,,
TRX-G7TVLM6E2SUT6H71Q6O1,2026-05-27 18:58:40,2026-05-27,PRD-HD3GKECK3EOK,CLI-HUUMZXW1HIDZ,Withdrawal,,181.1,USD,,ATM,SUC-E4V48SY3,,,México,Monterrey,Approved,,False,0.26,,
TRX-CZPRDCJYFDDITCG8G70E,2026-05-27 19:27:11,2026-05-27,PRD-Z3P2A8UKWKEN,CLI-SRWS05BQQ7HM,Withdrawal,,438.24,USD,,POS,,,,México,Querétaro,Approved,,False,21.45,,
TRX-BAG06KQ0CRJK6GEA0U8W,2026-05-27 14:14:58,2026-05-27,PRD-LDJZ7ZCDEMSI,CLI-281T72ZMM45V,Deposit,,10060899.9,COP,,ATM,SUC-H4WPLB7O,,,Colombia,Bogotá,Approved,00,False,12.72,,
TRX-HVUSDKCINA5629UIX6U4,2026-05-27 21:32:49,2026-05-27,PRD-BDN3RADLL8IU,CLI-YCZZXWLQ4GDE,Deposit,,2240.02,USD,,POS,,,,México,Guadalajara,Approved,00,False,12.36,,
TRX-AZTLFXSH43OFP7RF47YM,2026-05-28 04:26:29,2026-05-27,PRD-P495I0EN8425,CLI-3NXA48E1GIBV,Payment,Services,4200613.16,COP,1050.15,Branch,SUC-RNGAMG7V,,,Spain,Madrid,Approved,00,False,8.15,,
TRX-2F1S1GYCOZKOQ5GA9E20,2026-05-27 23:55:22,2026-05-27,PRD-HU8NCFSLVIUQ,CLI-V7QTJ4E9J1C5,Withdrawal,,139.39,USD,,ATM,SUC-EN5GYCON,,,México,Tijuana,Approved,00,False,11.82,0.6177422,0.7855431
TRX-EHW1NYPO1WHO66ASG0DF,2026-05-27 06:58:33,2026-05-27,PRD-DV1432DW6RU4,CLI-CXEE6JNVFAE7,Transfer,,5496.42,USD,,App,,,,México,Querétaro,Approved,00,False,29.75,,
TRX-BLIP26PCB0HXHOL60B43,2026-05-27 08:21:50,2026-05-27,PRD-WKMUFTA3ROS5,CLI-1CDNHKH49V5L,Purchase,Health,14.98,USD,,POS,,Clínica Médica,Health,México,Ciudad de México,Declined,05,False,26.33,,
TRX-TG5Z5OX28QF0NOVIM5WR,2026-05-27 09:05:32,2026-05-27,PRD-OFV9AGAAGO9S,CLI-RBQBNG3IU2IK,Transfer,,3123.3,USD,,Web,,,,México,,Pending,05,False,,,
TRX-0BK9D76R71UPWM3A3B6Q,2026-05-27 10:32:52,2026-05-27,PRD-BVD236G1WF23,CLI-UZGYFOLVHBTF,Withdrawal,,457.91,USD,,POS,,,,México,Puebla,Approved,00,False,12.82,,
TRX-U7NF2HH33K47BBAAYUYA,2026-05-28 05:34:03,2026-05-27,PRD-DHJWTOHHS048,CLI-5GZLA7PHEWFW,Purchase,Food,118106.47,ARS,337.45,ATM,SUC-0LZRXHCF,Tienda Don José,Food,Argentina,Mendoza,Approved,00,False,,,
TRX-Q7MXQ37SBLKXL0J4W3I3,2026-05-27 11:15:53,2026-05-27,PRD-IDPTP0Q8CP0Z,CLI-NX1CFYRGBLVR,Withdrawal,,17222.94,ARS,49.21,App,,,,Argentina,Córdoba,Approved,00,False,11.79,,
TRX-VS578DZD7TG89MC1WYV0,2026-05-27 15:42:12,2026-05-27,PRD-XWN6ZTAR6360,CLI-4OEFO45NJ8GM,Purchase,Services,1797789.36,COP,449.45,Web,,Empresa Telefónica,Services,Colombia,Cali,Approved,00,False,18.17,,
TRX-QOX6WDOQQPX066FG8WZC,2026-05-27 12:07:29,2026-05-27,PRD-JOYWLAIVFCTQ,CLI-MPE3SRS6AJKW,Purchase,Transport,325.63,USD,,ATM,SUC-5FDGLKJX,Gasolinera Express,Transport,México,Monterrey,Approved,00,False,6.58,,
TRX-71WGVQT8I5M691AJ5C22,2026-05-27 13:45:36,2026-05-27,PRD-U4YE1OGY20W2,CLI-AOIQWU054UO0,Withdrawal,,118.3,USD,,App,,,,México,Ciudad de México,Approved,00,False,24.71,,
TRX-Y3XEZZO11IY4M3INZMLJ,2026-05-28 03:46:31,2026-05-27,PRD-IYC09CEKN5OP,CLI-CI51GUNHUNHU,Transfer,,4224.6,USD,,App,,,,México,Ciudad de México,Approved,00,False,8.06,,
TRX-PY1UTZ2QJ0NSP6UEFHU6,2026-05-28 02:19:13,2026-05-27,PRD-03LO15XCIVD6,CLI-ESLZVT1V5AQD,Withdrawal,,783606.36,COP,195.9,App,,,,Colombia,Bogotá,Approved,00,False,9.79,,
TRX-3GG7P3UZY7UDN0OUQSCY,2026-05-27 22:37:35,2026-05-27,PRD-TEZUARP83LKS,CLI-547B6NCW8JYC,Deposit,,6439440.16,COP,1609.86,App,,,,Argentina,,Approved,00,False,13.1,,
TRX-PCZX1274CORH1TJKUXRE,2026-05-27 13:28:53,2026-05-27,PRD-VARGHYCDTXHZ,CLI-8DF7XIYNB7HR,Purchase,Services,1436939.86,COP,359.23,POS,,Servicios Públicos,Services,Colombia,Bogotá,Approved,00,False,7.16,,
TRX-KE17R0KU9ZT6R53MCF4U,2026-05-27 17:36:45,2026-05-27,PRD-EAIR2QBQ68LQ,CLI-9Z0LUQ9YA9ZO,Transfer,,1138040.12,ARS,3251.54,ATM,,,,Argentina,Mendoza,Approved,00,False,5.32,-34.4329907,-58.9923456
TRX-VPO16SEZF5R2E64IIASR,2026-05-27 19:13:34,2026-05-27,PRD-QMGWT6H1IVQG,CLI-AM672NQWGJB2,Purchase,Transport,1006105.51,COP,251.53,Web,,Taxi Seguro,Transport,Colombia,Cali,Approved,00,False,,,
TRX-ZZMRUNB9EF4MEF5ZJIJZ,2026-05-27 11:03:05,2026-05-27,PRD-7S2G1LV0LEAV,CLI-0SQ41BX1UFGY,Purchase,Food,82080.69,ARS,234.52,ATM,SUC-G7HRTTDE,Tienda Don José,Food,Argentina,Córdoba,Approved,00,False,17.77,-35.2048675,-57.6168292
TRX-XW2K5HKZR3GWCQPJIH4M,2026-05-28 01:07:49,2026-05-27,PRD-ZJCUU5I70Y48,CLI-ET5DDSLI4SZL,Purchase,Food,375.85,USD,,App,,Super Ahorro,Food,México,Tijuana,Approved,00,False,15.17,,
TRX-REA22FD5VMILDEJVB9LZ,2026-05-27 18:25:56,2026-05-27,PRD-R7QR2KUOW6PJ,CLI-DBF2OAUVYY6P,Payment,,119844.88,ARS,342.41,ATM,SUC-YV8Q78LJ,,,Argentina,,Declined,14,False,10.54,,
TRX-4APXZM5DG3MJ727ET1F6,2026-05-27 18:22:39,2026-05-27,PRD-HFAAIJWJCDWU,CLI-8T4LIOO6Y0ET,Transfer,,3752.64,USD,,ATM,,,,México,Monterrey,Approved,00,False,17.76,,
TRX-UGY45UFKKWMAXW8D1D7Y,2026-05-27 17:27:11,2026-05-27,PRD-L8J4O13ZJYW5,CLI-574LC44E2AT2,Withdrawal,,1181952.27,COP,295.49,Web,,,,Colombia,Barranquilla,Approved,00,False,21.58,,
TRX-2YQEZ34OGXEOGJGGLWED,2026-05-27 16:04:09,2026-05-27,PRD-5VJAUPC85J3A,CLI-6LAKVPOJ1PKW,Withdrawal,,396325.53,COP,99.08,POS,,,,Colombia,Barranquilla,Approved,00,False,,4.6351333,-75.0152794
TRX-IN60S9GWRLQVKGG2KN11,2026-05-28 02:48:46,2026-05-27,PRD-ZWMEB3MB14KR,CLI-WXP125E6NZLY,Purchase,Food,491.88,USD,,ATM,SUC-LQXENAY2,Mercado Central,Food,México,,Approved,00,False,2.17,0.5642391,0.724906
TRX-2N4RV95N1O9XGE7S8Y7T,2026-05-28 05:55:30,2026-05-27,PRD-4H8G0RL41H0C,CLI-LGWL2CZJN37B,Withdrawal,,44921.89,ARS,128.35,POS,,,,Argentina,La Plata,Approved,00,False,,,
TRX-Z0FZGCQCZMKR2QPS6C5B,2026-05-27 20:40:02,2026-05-27,PRD-A7KCEHNZJV1M,CLI-HVU5JJ97XL1P,Payment,Entertainment,3761136.08,COP,940.28,Web,,,,Colombia,Cartagena,Approved,00,False,26.83,,
TRX-RCTENSUG9SS52IA9Q9L9,2026-05-27 12:24:26,2026-05-27,PRD-ZGG05ZGQ84F5,CLI-D55GCMKQBJQU,Transfer,,2104.81,USD,,ATM,SUC-A9BJ48OP,,,México,Querétaro,Approved,00,False,14.16,,
TRX-HG7B7M4QECXWFA4U0GDM,2026-05-28 00:37:00,2026-05-27,PRD-Z4P40I3PL1CI,CLI-P7MB32GTRAYL,Withdrawal,,1040723.49,COP,260.18,POS,,,,Colombia,Bogotá,Approved,00,False,15.66,,
TRX-DDXMC1MWXJ5IAUWPIDKV,2026-05-27 13:31:11,2026-05-27,PRD-VNJI25A93AE7,CLI-1VUD2F1MQVTT,Deposit,,2073.9,USD,,ATM,SUC-E5CCM8ZI,,,Colombia,Barranquilla,Approved,00,False,15.72,4.8578218,-73.8954521
TRX-2XFW4IL34KWWUOST4L4J,2026-05-27 14:21:37,2026-05-27,PRD-XU6X3B02ABSM,CLI-CGBVPKORVIBG,Transfer,,8401.65,USD,,App,,,,Mexico,Ciudad de México,Approved,00,False,20.96,,
TRX-2N7BK7QM7UXCFXDWQ2FI,2026-05-27 14:57:48,2026-05-27,PRD-OUA38KSJBAPY,CLI-BV0AKGU477IC,Transfer,,4196.3,USD,,ATM,SUC-4XKHST63,,,México,Querétaro,Approved,00,False,29.39,-0.6029228,-0.8705235
TRX-EW1U5NU4HIW0ESFYMPKY,2026-05-28 02:39:34,2026-05-27,PRD-JJGC9I1UHCWN,CLI-XOJTT0FEN79K,Withdrawal,,378.86,USD,,App,,,,México,Ciudad de México,Approved,00,False,16.32,,
TRX-W3SW9DMISF894XCDUIC1,2026-05-27 14:56:31,2026-05-27,PRD-YWK2F9COFQPO,CLI-KAFKW2S4DFWG,Purchase,Health,91.42,USD,,ATM,SUC-8RYAQ0NO,,Health,Brazil,Salvador,Approved,00,False,19.15,-0.7785822,0.8649401
TRX-7D1MUP9278KQJY6NVXRX,2026-05-28 01:15:18,2026-05-27,PRD-GEZYT7S55SAH,CLI-4SWMWVQNJ6SQ,Payment,Services,541906.35,ARS,1548.3,ATM,SUC-RNIHGBDP,,,Argentina,Mendoza,Approved,00,False,0.98,,
TRX-SEROHV5D3C7OJ4TYTFTM,2026-05-27 12:00:38,2026-05-27,PRD-IWSP6XUTME1O,CLI-J7CLLH2X1INH,Purchase,Other,1755708.34,COP,438.93,App,,Centro Comercial,Other,Colombia,Medellín,Approved,00,False,7.74,,
TRX-MPW4GOW20R98Q1DQ5239,2026-05-27 08:41:34,2026-05-27,PRD-KTIAT2BBWKDG,CLI-GU3ZKVWMW11Z,Transfer,,9827883.96,COP,2456.97,ATM,SUC-X57ITSKO,,,Colombia,Barranquilla,Approved,00,False,16.16,,
TRX-7248QIB5RE1BPCMPU0UL,2026-05-28 02:48:34,2026-05-27,PRD-BLQ0XFNXR41Z,CLI-2P4N8EBZOU4D,Purchase,Food,56315.55,ARS,160.9,Web,,Mercado Central,Food,Argentina,Buenos Aires,Approved,00,False,17.15,,
TRX-C7T6F7LAIDDH5Z9AO241,2026-05-27 08:28:05,2026-05-27,PRD-H4C5X2H2R22U,CLI-PXDS0RDLVUUA,Transfer,,6678.86,USD,,ATM,SUC-4CNRVPYL,,,México,,Approved,00,False,13.36,0.5063294,0.6831655
TRX-G223ZZJ6HPA018TDSLS5,2026-05-28 04:05:53,2026-05-27,PRD-A03LJC90H44H,CLI-K6IPDUC9S7XS,Payment,Food,360.64,USD,,POS,,,,México,Guadalajara,Approved,00,False,7.97,,
TRX-Z9029IFTTUV56RH0W05D,2026-05-27 12:40:34,2026-05-27,PRD-FB9W8002TG2I,CLI-TQKKH0SZCQY6,Withdrawal,,205.72,USD,,Web,,,,México,Ciudad de México,Approved,00,False,22.52,,
TRX-3UJ943WBGTH2QXZ4RJNC,2026-05-27 18:05:31,2026-05-27,PRD-C2A579CXJRXZ,CLI-DOKYSAZ6IWMX,Deposit,,599489.88,ARS,1712.83,ATM,SUC-XHNP3DLP,,,Argentina,Mendoza,Approved,00,False,,,
TRX-QJLTSIXDD5LJ7598V4EZ,2026-05-28 04:04:01,2026-05-27,PRD-WVVZYMZ9RV82,CLI-164XNUE7E9AC,Deposit,,16130173.26,COP,4032.54,Web,,,,Colombia,Barranquilla,Approved,00,False,22.44,,
TRX-SK739J73JYVQTRXY6YSM,2026-05-27 14:21:46,2026-05-27,PRD-RC7NM0EYGZ2D,CLI-99SVPR12FGZ9,Transfer,,9914.85,USD,,POS,,,,México,Querétaro,Approved,00,False,8.81,,
TRX-UA8E11983KTT6PRBAZTG,2026-05-28 00:53:49,2026-05-27,PRD-BLKS2J4J5938,CLI-VXN98BQ28YES,Payment,Health,2376614.85,COP,594.15,POS,,,,Colombia,Medellín,Approved,00,False,9.21,4.0903858,-74.9768421
TRX-3T8PVTRVW01Z51RKYCVH,2026-05-28 04:05:33,2026-05-27,PRD-I8Q8GFXCMBCY,CLI-UBEEGZ4AF9PO,Payment,Food,731.73,USD,,Web,,,,México,Ciudad de México,Approved,00,False,22.93,,
TRX-7L0C71HQFE5SFDHGTLQC,2026-05-27 10:53:03,2026-05-27,PRD-3W7ZFOFDQ8VM,CLI-G68QZWIWZHVR,Withdrawal,,151860.69,ARS,433.89,Web,,,,Argentina,La Plata,Approved,00,False,13.76,,
TRX-B6X6R0648TVK24TP7UX8,2026-05-28 01:01:13,2026-05-27,PRD-UUVETDOHGSSI,CLI-PVP47QKN1GM1,Transfer,,5581.41,USD,,Web,,,,México,Puebla,Approved,00,False,,,
TRX-X2VAYT313SW7GYZLT7TE,2026-05-27 15:57:36,2026-05-27,PRD-1X5F5EYMROQR,CLI-P7S9EW4HGA5M,Purchase,,76306.68,ARS,218.02,ATM,SUC-UE04XBQH,Centro Comercial,Other,Argentina,Mendoza,Approved,00,False,9.52,,
TRX-PG9T2DOT8RYKN0WSRXZ5,2026-05-28 04:10:30,2026-05-27,PRD-DMNNN13J6FWZ,CLI-JVBLQEGSS39Q,Transfer,,12447443.63,COP,3111.86,POS,,,,Colombia,Medellín,Approved,00,False,8.25,3.9321168,-74.1658791
TRX-VACROHUSBP19DANBXTAX,2026-05-27 08:04:25,2026-05-27,PRD-OBBRO2DHGRO2,CLI-KQ34KXYPNS3R,Withdrawal,,1890490.6,COP,472.62,POS,,,,Colombia,,Approved,00,False,14.54,5.061328,-74.9229552
TRX-UN89E0M52WAY1LKFK0GJ,2026-05-27 12:06:02,2026-05-27,PRD-33AYI1KSJ224,CLI-NWB5YHWWSTO1,Deposit,,675010.3,ARS,1928.6,POS,,,,Argentina,Rosario,Approved,00,False,20.16,-34.6688019,-57.382035
TRX-26EBQD6VLQ6F3WM8KKDG,2026-05-27 23:19:38,2026-05-27,PRD-04ZVMB4JQ328,CLI-DY3BCZAWJ5S1,Payment,Health,47584.95,ARS,135.96,App,,,,Argentina,Buenos Aires,Approved,00,False,8.71,,
TRX-7YNQDFLZ42KHMAO38D0J,2026-05-28 05:40:12,2026-05-27,PRD-MLSFLKRNP6JF,CLI-MJEMCKRC1VWE,Transfer,,3208726.25,ARS,9167.79,POS,,,,Argentina,Mendoza,Approved,00,False,15.82,,
TRX-ATKTLV6ZMGSEOOURAE6S,2026-05-28 01:42:01,2026-05-27,PRD-82KBLFIH4ED3,CLI-SIOA877WKCXZ,Withdrawal,,222.14,USD,,ATM,SUC-VTIA5X8Y,,,México,Ciudad de México,Approved,00,False,20.18,,
TRX-8P2JFXHDNBPY7AF38ARS,2026-05-27 11:58:40,2026-05-27,PRD-0HLRNLR1U7U7,CLI-BRIPZEZSVD7D,Purchase,Entertainment,483.49,USD,,ATM,SUC-WSSLNOPN,Cine Premium,Entertainment,México,Querétaro,Approved,00,False,26.18,,
TRX-LA392UIX5TVWMK5AQ8MM,2026-05-27 23:49:32,2026-05-27,PRD-93UG6YJVC58L,CLI-74C8RJN9HSSY,Purchase,Food,1588795.59,COP,,POS,,Super Ahorro,Food,Argentina,Rosario,Approved,00,False,13.66,,
TRX-YLH4RK11NS4ICHE312B2,2026-05-27 08:46:24,2026-05-27,PRD-261EJW39ZHIS,CLI-PDT6C1C3LG5N,Withdrawal,,122213.03,ARS,349.18,Web,,,,Argentina,La Plata,Approved,,False,29.2,,
TRX-X2MBULWLHYY0E1STLF23,2026-05-27 16:05:18,2026-05-27,PRD-QRFV05UQ8SHC,CLI-4N9K72QDFQYE,Withdrawal,,1451123.5,COP,362.78,POS,,,,Colombia,Barranquilla,Approved,00,False,0.06,,
TRX-4O86E87L67GB283KGAR4,2026-05-28 03:46:32,2026-05-27,PRD-HVO3BCHGILOB,CLI-JE2YICL41YLG,Deposit,,3133.64,USD,,POS,,,,México,Querétaro,Approved,,False,20.74,,
TRX-RQQX6ADEL5XZQIIP69BZ,2026-05-27 11:37:07,2026-05-27,PRD-2OZIO3RQD4AR,CLI-A1H20CDU3VAA,Withdrawal,,53989.86,ARS,154.26,Web,,,,Argentina,Rosario,Approved,00,False,20.92,,
TRX-UV4BAB0DCTWYK05701WD,2026-05-27 08:23:45,2026-05-27,PRD-RS5GAY03VOSR,CLI-H5SXN8H51MK2,Withdrawal,,16189.23,ARS,46.25,Transfer,,,,Argentina,La Plata,Approved,00,False,12.71,,
TRX-E3RGFR3KJ7RI8K8UOXI5,2026-05-27 12:19:16,2026-05-27,PRD-JKAANUEZC1KE,CLI-2NHZ7ZDBHCRT,Deposit,,4270.12,USD,,POS,,,,México,Tijuana,Approved,00,False,,,
TRX-G21XCV3PJQQ43RWRSPQA,2026-05-27 09:58:02,2026-05-27,PRD-I55ZR5TQPA4Y,CLI-57XMIQQII509,Withdrawal,,17113.43,ARS,,Web,,,,Argentina,Rosario,Approved,00,False,12.97,,
TRX-E9X7W6U33Z4SPD8AK75I,2026-05-27 21:59:58,2026-05-27,PRD-GV8TNTKVFTF4,CLI-K7IHFPGAPPB3,Payment,Food,237.74,USD,,App,,,,México,Puebla,Approved,00,False,,,
TRX-ZTLX83TXCAJBIONFEKWR,2026-05-27 20:43:21,2026-05-27,PRD-LP56HSQDG6G0,CLI-T2PBLCZFTY4L,Purchase,Entertainment,651297.11,COP,162.82,POS,,Cine Premium,Entertainment,Colombia,Bogotá,Declined,05,False,29.98,,
TRX-9M5JYKN72VLZ5XWQ5OAN,2026-05-28 00:51:09,2026-05-27,PRD-VLXP9ZO6Q19H,CLI-QJBFI5GGZ9H3,Withdrawal,,461.94,USD,,ATM,SUC-XEEDD28B,,,México,Querétaro,Approved,00,False,11.56,,
TRX-4LXG0BANCOZML4DS3G0L,2026-05-27 07:14:04,2026-05-27,PRD-RJFD6HGOG53G,CLI-N0BZSCYVDU7K,Transfer,,7907.43,USD,,Web,,,,México,Guadalajara,Approved,00,False,9.39,,
TRX-EXUBQ8JO0ONRY3CJA784,2026-05-27 20:07:21,2026-05-27,PRD-J94GQF8XDM3D,CLI-4FLA8GL4XTCZ,Withdrawal,,458.58,USD,,POS,,,,México,Guadalajara,Approved,00,False,,0.2161068,-0.5773126
TRX-IRMZ5DKP30SJYFLUVYWG,2026-05-28 05:13:38,2026-05-27,PRD-3WK5IUGATQEG,CLI-KXFNVWT29NAQ,Deposit,,2838.53,USD,,App,,,,México,Ciudad de México,Approved,00,False,3.97,,
TRX-36ORJWFORF8US1GG9KRO,2026-05-27 14:51:26,2026-05-27,PRD-2PLZ6H1F82QW,CLI-DXO71FB1NCH7,Purchase,Health,29834.15,ARS,85.24,POS,,Clínica Médica,Health,Argentina,Mendoza,Approved,00,False,22.14,,
TRX-L64CZ5ZBC11FFA34720W,2026-05-27 21:01:35,2026-05-27,PRD-4S5K41MSI9K8,CLI-6L76LPUSJN9M,Purchase,Health,34.58,USD,,ATM,SUC-KT11NKNR,Óptica Visión,Health,México,Tijuana,Approved,00,False,1.61,0.7818826,-0.121084
TRX-6P65AI9F6IPK3AI8BAIY,2026-05-27 14:15:38,2026-05-27,PRD-D3BCSVS8PZQ4,CLI-86JKTPFPO1N0,Withdrawal,,98213.9,ARS,280.61,Web,,,,Argentina,,Approved,00,False,,,
TRX-RICQS3PUJSGV8JCWQMSX,2026-05-27 06:27:17,2026-05-27,PRD-HSC2L4PHBH4U,CLI-MCWE1W84WN6E,Deposit,,4595.92,USD,,POS,,,,México,Ciudad de México,Approved,,False,26.67,,
TRX-9NC54JQYRBKLDQ6P4CUO,2026-05-28 04:24:35,2026-05-27,PRD-Q0N8TM6PMWSU,CLI-YTQS3MQ9TWVQ,Purchase,Transport,398.47,USD,,ATM,SUC-4AVH1MSP,Gasolinera Express,Transport,México,Monterrey,Approved,00,False,2.0,,
TRX-K1PKI2SGZPVF8D7CQGY2,2026-05-27 10:36:48,2026-05-27,PRD-2C1GFHX8EF88,CLI-9652WNWWTD8E,Purchase,Services,49991.82,ARS,142.83,POS,,Internet Plus,Services,Argentina,Buenos Aires,Approved,00,False,15.34,,
TRX-WJF6944RVFAVO3TLQ8K2,2026-05-27 15:44:42,2026-05-27,PRD-DJI6CB29USUQ,CLI-RGKN0E0QBJML,Transfer,,1124.98,USD,,ATM,SUC-337QKO7D,,,México,,Approved,00,False,15.97,,
TRX-CXU8Y9N8SXYTBEVOVVWB,2026-05-28 03:28:42,2026-05-27,PRD-RY8C9JGNVH01,CLI-6CS6TWHTGDCL,Deposit,,9076154.31,COP,2269.04,Web,,,,Colombia,Cali,Approved,00,False,29.55,,
TRX-JRKFT4FNY3XT5HASE1IY,2026-05-28 05:46:52,2026-05-27,PRD-BKUGCNH1MHRU,CLI-K39ROWOBYWJG,Payment,Services,876.29,USD,,App,,,,México,Guadalajara,Approved,00,False,7.43,,
TRX-AG7AZTJVI5PRTFJ8KXVP,2026-05-27 15:05:56,2026-05-27,PRD-1SVFMQL0S9ZI,CLI-PW3BID0GV7ER,Withdrawal,,100811.8,ARS,288.03,Web,,,,Argentina,Mendoza,Approved,00,False,12.91,,
TRX-P96SSRB9HAHWT8U79ZYR,2026-05-27 06:58:46,2026-05-27,PRD-SBRX87HVRAP5,CLI-1KVT48QKY9DB,Payment,Other,1682.03,USD,,POS,,,,México,,Approved,00,False,10.49,,
TRX-B1WQ78PQKDMG8L9O2WPT,2026-05-28 04:49:11,2026-05-27,PRD-H5682VDFXK0D,CLI-4P3X896GI87V,Deposit,,405190.16,ARS,1157.69,POS,,,,Argentina,Buenos Aires,Approved,,False,14.19,-35.219765,-58.6206384
TRX-PHB5YCIQ4Q1QQ16S0YPO,2026-05-27 22:58:04,2026-05-27,PRD-BMR378NQTVF8,CLI-90C5DD9984L7,Payment,Entertainment,1624.35,USD,,App,,,,México,Monterrey,Approved,00,False,25.37,,
TRX-43WJU6BPOFJQX7U4WWP7,2026-05-27 23:14:29,2026-05-27,PRD-71004N4M0C2X,CLI-AMW7ORYTOX5Z,Deposit,,25328.63,ARS,72.37,POS,,,,Argentina,Córdoba,Approved,00,False,27.4,,
TRX-RAA9R9ENBT8A3EXZUZCZ,2026-05-28 05:42:10,2026-05-27,PRD-0PIRM8FM62HF,CLI-H9KZ2W70GWTT,Purchase,Services,235092.04,COP,58.77,POS,,Internet Plus,Services,Colombia,Bogotá,Approved,00,False,0.88,,
TRX-Y9SMYPM8PAGRLX3LH4WB,2026-05-27 09:00:11,2026-05-27,PRD-32JWL561X6CQ,CLI-ZIRU1YEMUPTA,Withdrawal,,377.06,USD,,ATM,SUC-I3D08YZO,,,México,Ciudad de México,Approved,00,False,23.5,,
TRX-TL555SCC4LJ3PA2LWT4A,2026-05-27 16:39:21,2026-05-27,PRD-4HAFEFEDHKRH,CLI-K8095732D3X8,Withdrawal,,50981.29,ARS,145.66,POS,,,,Argentina,Rosario,Approved,00,False,17.39,,
TRX-7CQ70DHKI32F9903PWAW,2026-05-27 08:21:42,2026-05-27,PRD-9BLW51Q8PWUO,CLI-MZ9FLO23M9BJ,Withdrawal,,48.15,USD,,POS,,,,México,Puebla,Approved,00,False,6.99,,
TRX-RAV2LOAFAFG8P5DBJ7FM,2026-05-27 12:59:24,2026-05-27,PRD-Y7BVNSCE9MEX,CLI-UWIGVHE6OOGP,Deposit,,3212.72,USD,,ATM,SUC-552N76DP,,,México,Tijuana,Approved,00,False,18.37,,
TRX-DO5PZJ11YO9BQK6QD87O,2026-05-28 00:18:28,2026-05-27,PRD-V4BHUBSBF2IV,CLI-H6NMT7TNS0W8,Deposit,,2468.36,USD,,POS,,,,México,Tijuana,Approved,00,False,27.27,-0.3963974,-0.2490289
TRX-DK224ITJSO4FT808KK3Q,2026-05-27 13:35:15,2026-05-27,PRD-O3JKRJZG40HN,CLI-EB586TIFTCSK,Purchase,Food,58.63,USD,,ATM,SUC-OZH64PX1,Mercado Central,Food,México,Guadalajara,Approved,00,False,22.22,,
TRX-ISMWW5P6W4PMBW0QYRFS,2026-05-27 10:08:24,2026-05-27,PRD-609Y2RNXDGZM,CLI-ZB8D2ASFJC9V,Adjustment,,228.68,USD,,Web,,,,México,Guadalajara,Approved,00,False,,,
TRX-VZF0FGCB662NSJFKOCMH,2026-05-27 20:20:06,2026-05-27,PRD-GGU46WX2HT4M,CLI-02L0F4G62GEX,Purchase,Food,150.31,USD,,App,,Tienda Don José,Food,México,Guadalajara,Approved,00,False,12.42,,
TRX-WQI9VX3DJ2L2I28AUUG1,2026-05-27 21:36:54,2026-05-27,PRD-1MRVMLNH9O8C,CLI-69XN0VZ3ANH8,Transfer,,333045.64,ARS,951.56,Web,,,,Argentina,Córdoba,Approved,00,False,8.78,,
TRX-GSBAM2ADA15W65HN2XO4,2026-05-27 07:37:35,2026-05-27,PRD-C57QJNG1QDCB,CLI-C34VC6IF53FC,Deposit,,3549499.73,COP,887.37,App,,,,Colombia,Medellín,Approved,00,False,15.4,,
TRX-BW6MYTDLQWZYO91S0ZVN,2026-05-28 04:49:46,2026-05-27,PRD-3WSEVSQSFHYK,CLI-431U20QZ15K4,Transfer,,19685681.53,COP,4921.42,ATM,SUC-H2ROE7C8,,,Colombia,Medellín,Approved,00,False,,,
TRX-QZZL0P20HOOJZND9MQQS,2026-05-27 18:47:11,2026-05-27,PRD-6EHHP7QNCL3I,CLI-TS775YZ08ME3,Payment,Food,652485.27,ARS,1864.24,ATM,SUC-0MPZUQLJ,,,Argentina,Rosario,Approved,,False,14.77,,
TRX-B6OPNYCMCL7YIP8DRJ7U,2026-05-28 04:58:35,2026-05-27,PRD-6DCES21UX77X,CLI-7B34P0QF3IOX,Payment,Services,557.97,USD,,POS,,,,México,Ciudad de México,Reversed,14,False,4.15,,
TRX-INKVQ4SVQ253FE42UUGS,2026-05-27 20:15:57,2026-05-27,PRD-VIORGAYE86GN,CLI-CKOOJMG7Z62C,Withdrawal,,286.43,USD,,Web,,,,Colombia,,Approved,00,False,6.77,,
TRX-JOFF6HVUZDSBEJKT8CSR,2026-05-27 12:05:48,2026-05-27,PRD-MXAZEGCOCOV0,CLI-SXQ7ITPH8JIO,Transfer,,1558725.4,ARS,4453.5,App,,,,Argentina,Mendoza,Approved,00,False,10.14,,
TRX-MN0QV1NMHP8W4WKGX5MB,2026-05-27 22:22:32,2026-05-27,PRD-L11I6IAASG9S,CLI-TC1MDM38Z8GG,Transfer,,2324.7,USD,,POS,,,,México,Puebla,Approved,00,False,,,
TRX-1LNV2GT580ZMGQ68BYE6,2026-05-27 10:18:29,2026-05-27,PRD-IQS9LCTIV1X0,CLI-C49LYH7VE4WM,Deposit,,4925.16,USD,,POS,,,,México,Tijuana,Pending,51,False,,,
TRX-VZZC97Y9BYA1G5JSRXNC,2026-05-27 20:29:48,2026-05-27,PRD-SERGD0UBVFRZ,CLI-Y4L1HNYKXTDA,Payment,Transport,612448.6,ARS,1749.85,POS,,,,Argentina,Córdoba,Approved,00,False,9.8,,
TRX-2E4GFO9RH2UKLT2W03ZW,2026-05-27 09:00:31,2026-05-27,PRD-BW797CYPD0SA,CLI-EO4LM52EO393,Withdrawal,,400437.22,COP,100.11,ATM,SUC-CG5XPAZU,,,Colombia,Cartagena,Approved,00,False,4.78,,
TRX-EUAYFH4O3ZQ38VLEW8XB,2026-05-27 13:38:37,2026-05-27,PRD-PLAVITHE9SC9,CLI-6TA9M0Y3L11E,Transfer,,5339.94,USD,,POS,,,,México,Monterrey,Approved,00,False,15.83,,
TRX-GETONM75ZORODRNV4CG1,2026-05-27 17:13:33,2026-05-27,PRD-0IJ5WH5QEKDK,CLI-DD3S79YE9I8U,Purchase,Transport,84.4,USD,,Web,,Gasolinera Express,Transport,México,Tijuana,Approved,00,False,3.83,,
TRX-FLZ00X7YMZ9RTNKS0XED,2026-05-28 01:32:01,2026-05-27,PRD-OZFBH8Z50YF8,CLI-BMCXFD96FQ3M,Purchase,Food,60109.41,ARS,,POS,,Restaurante El Buen Sabor,Food,Argentina,Rosario,Approved,00,False,11.35,,
TRX-G5NM352LL8VAWZ3AXYT4,2026-05-27 12:56:42,2026-05-27,PRD-UZ6SV6JQ64AZ,CLI-BG8T46C7Y53C,Purchase,Transport,95.01,USD,,Web,,Uber,Transport,Colombia,Medellín,Approved,00,False,5.54,,
TRX-X6NC4AK0AGT03SXWPLH7,2026-05-28 05:56:35,2026-05-27,PRD-NDD519UDY69C,CLI-HY0DG6LFCTVB,Withdrawal,,1544299.17,COP,386.07,ATM,SUC-MSYTX2WG,,,Colombia,Cartagena,Declined,05,False,29.03,5.6136296,-73.0853804
TRX-LJBXDKGV7NADAK4B5SQ4,2026-05-27 17:05:51,2026-05-27,PRD-OWTQSQADLAX8,CLI-DNYU8SSEOWQN,Transfer,,38120338.8,COP,9530.08,ATM,SUC-A1FLMPEF,,,Colombia,Cali,Approved,00,False,7.91,,
TRX-B61BNLQVHGLLJLT6FEN1,2026-05-27 10:07:26,2026-05-27,PRD-AEFUTI7GHPXV,CLI-QJZ9ENJCL9C0,Purchase,Food,453.9,USD,,App,,Restaurante El Buen Sabor,Food,México,Monterrey,Approved,00,False,26.66,,
TRX-QUE6HM2AHK2BISC8RA5E,2026-05-28 01:59:40,2026-05-27,PRD-389T8CHHIZZL,CLI-7B5I3AQ8G17V,Transfer,,5203.58,USD,,POS,,,,México,Ciudad de México,Approved,00,False,12.5,-0.7761084,-0.117564
TRX-207223XK496LEKJ6AH41,2026-05-27 18:48:13,2026-05-27,PRD-WNOIVOA2AIVY,CLI-C0W88WPRWWIF,Purchase,,476.73,USD,,ATM,SUC-QVGF07AP,Laboratorio Central,Health,Brazil,São Paulo,Approved,00,False,21.48,,
TRX-HAZ2KOXS6SJK8GYSOHTN,2026-05-27 15:53:53,2026-05-27,PRD-OZWRMKBAZTJC,CLI-QHBGQ853AW7I,Transfer,,7275.36,USD,,ATM,SUC-LBPQUZ4D,,,México,Monterrey,Approved,00,False,,,
TRX-H5TKS3B46O9G4O86Y0XI,2026-05-27 16:40:31,2026-05-27,PRD-5HMFT580IFFF,CLI-Q6ONPVY2GHX7,Withdrawal,,236.03,USD,,POS,,,,Mexico,Ciudad de México,Approved,00,False,,,
TRX-YENCT8YBUA9Q6UE2CK8X,2026-05-27 13:05:13,2026-05-27,PRD-7QJKGU73J3CZ,CLI-S4JM4RMH7EKY,Withdrawal,,349.53,USD,,POS,,,,México,,Approved,00,False,15.16,,
TRX-E6YRN77LDQHHYZC81RLY,2026-05-28 05:40:50,2026-05-27,PRD-L39HTJC6DWJC,CLI-AAQOQKCYWUXK,Payment,Transport,1407.33,USD,,Web,,,,México,Monterrey,Approved,00,False,,,
TRX-GI3SGOIEBHGH79E6IADM,2026-05-28 04:42:55,2026-05-27,PRD-JIB863SI147G,CLI-9GLMYZU7YLJF,Withdrawal,,441.56,USD,,POS,,,,México,Guadalajara,Approved,,False,28.36,,
TRX-LBB6AV23IZV4C2J9R6F7,2026-05-27 09:55:19,2026-05-27,PRD-WHBTU8I354FK,CLI-NHDZR8U2A1UP,Payment,Food,387.05,USD,,Web,,,,México,Monterrey,Approved,00,False,,,
TRX-W0S7CN4PCHJ8L1CB0LQV,2026-05-28 05:57:08,2026-05-27,PRD-NWWK5G0E3F7X,CLI-U5YHQE6H8F9O,Purchase,,419.8,USD,,Transfer,,Estación de Servicio,Transport,México,Querétaro,Approved,00,False,,,
TRX-O9E1T8WVCOBDQ2N1ER9A,2026-05-27 18:04:55,2026-05-27,PRD-KESGCVKM6BOU,CLI-2UKN2JNV7TM0,Purchase,Transport,378.32,USD,,POS,,Taxi Seguro,Transport,México,Guadalajara,Approved,00,False,1.97,,
TRX-03NWIVVHQKT9H4PKCMSM,2026-05-27 13:05:00,2026-05-27,PRD-8MPYAAJCH42L,CLI-FP5FMETQGYQ7,Withdrawal,,269.07,USD,,Web,,,,México,Tijuana,Approved,00,False,18.64,,
TRX-AYCIV84DVWZOQA7Q7AZY,2026-05-28 04:24:23,2026-05-27,PRD-YFCIJQ9U4ILE,CLI-3PEQEA33QOGB,Purchase,Entertainment,132.02,USD,,ATM,SUC-P92DIW6S,Cine Premium,Entertainment,México,Puebla,Approved,,False,,,
TRX-MVDQ24FQC8ODXXOTTTBR,2026-05-27 21:39:26,2026-05-27,PRD-87S0IQO5KC0B,CLI-P354SXZKTF4S,Payment,Services,3248856.56,COP,812.21,Web,,,,Colombia,Bogotá,Approved,00,False,2.14,,
TRX-CYIV9VBEO5V8H3US2ZH8,2026-05-27 12:22:43,2026-05-27,PRD-T686ASL119XE,CLI-90WXX7QKDNO0,Purchase,,271.49,USD,,POS,,Tienda General,Other,México,Puebla,Approved,00,False,16.29,,
TRX-KUXQXVGP5JVXAATMEMPZ,2026-05-27 18:40:12,2026-05-27,PRD-FKN4NB1SQHWA,CLI-0ORLQNTYUQXQ,Transfer,,4143.11,USD,,App,,,,México,Monterrey,Approved,00,False,13.33,,
TRX-8JNBLK14R47T2BOBD0JL,2026-05-27 14:28:41,2026-05-27,PRD-Z67JY4WVONP7,CLI-95TU3QMY6DMZ,Transfer,,13273007.84,COP,3318.25,ATM,SUC-JA4P9IIP,,,Colombia,Medellín,Approved,00,False,,,
TRX-87LR1DIYHGUYYLPMUF6A,2026-05-27 06:07:23,2026-05-27,PRD-EL5K8BR5LZDE,CLI-S1HJYC90NGNF,Purchase,Health,385.18,USD,,App,,Óptica Visión,Health,México,Tijuana,Approved,00,False,14.15,,
TRX-DHS4TEGUL5F8X1G5MML7,2026-05-27 08:09:19,2026-05-27,PRD-UKCGET0Y8WJ1,CLI-M1LDFFTEDL4F,Withdrawal,,224.57,USD,,Web,,,,México,Guadalajara,Declined,54,False,25.12,,
TRX-2ONYM1V383VOC70XLP2R,2026-05-27 07:30:41,2026-05-27,PRD-KTDZFJPTVW0E,CLI-PSGH0SJX1ZI8,Deposit,,2006.54,USD,,POS,,,,México,Ciudad de México,Approved,00,False,,,
TRX-FKAEX967N6WHHOGJEXE3,2026-05-28 04:57:28,2026-05-27,PRD-XG17UQLHLKYQ,CLI-9XJRLTB4KQM1,Purchase,Services,508637.71,COP,,POS,,Empresa Telefónica,Services,Colombia,Cali,Pending,51,False,14.39,,-74.7527354
TRX-883IDKHJB9SKPBV95C1D,2026-05-27 10:47:47,2026-05-27,PRD-92AW6LZ2BDQC,CLI-TJV6OMBVYE97,Withdrawal,,422.54,USD,,ATM,SUC-1PYKK6ZV,,,México,,Reversed,05,False,24.65,,
TRX-SB3WY3G4XDUGZRWDHQQI,2026-05-27 16:17:22,2026-05-27,PRD-HDLYE56ICYZX,CLI-8Y90N0N9VRZ1,Payment,Food,896.81,USD,,POS,,,,México,Guadalajara,Approved,00,False,22.22,,
TRX-J36H4AK5VU0HQLSAZZRP,2026-05-27 15:18:08,2026-05-27,PRD-ZN7NVOVNLEFN,CLI-R9GJ3NFBQY7K,Withdrawal,,1598029.93,COP,399.51,POS,,,,Colombia,Cartagena,Declined,05,False,,,
TRX-1NT5JDV9XPM0RROXK7DZ,2026-05-28 03:18:55,2026-05-27,PRD-7T6W7NZLJ4NU,CLI-MYG26LV19EMI,Transfer,,4852.07,USD,,ATM,SUC-6V3PNVG9,,,México,,Declined,54,False,3.2,,
TRX-PUKOSYFFCFYO4ICDVJT9,2026-05-28 05:02:28,2026-05-27,PRD-MXZGNRHVBZMS,CLI-8K81SLGANNGQ,Adjustment,,269.76,USD,,Web,,,,México,Puebla,Approved,00,False,15.37,,
TRX-4BW0X30H2C3NC0UTIRII,2026-05-27 18:16:06,2026-05-27,PRD-5IGPN4JJPDN3,CLI-RAHKWPSANIJ7,Deposit,,430462.86,ARS,1229.89,POS,,,,Argentina,Buenos Aires,Approved,00,False,,-34.6745146,-58.5717158
TRX-R4B19TS5C0QVPB9N3UDF,2026-05-28 03:24:37,2026-05-27,PRD-A7TO5IZ6NYUH,CLI-DT4ASV0D9QG4,Purchase,Food,41376.0,ARS,118.22,ATM,SUC-MAWPQ7HZ,Tienda Don José,Food,Argentina,Rosario,Approved,00,False,18.7,-35.3561516,-58.0163461
TRX-A5EBBFT1WJFLYZZL9CEF,2026-05-28 04:24:11,2026-05-27,PRD-F5FXTDT1Z9XR,CLI-UPZ8KUSKVZ8Q,Deposit,,8567092.03,COP,2141.77,ATM,SUC-MSYTX2WG,,,Colombia,Cali,Approved,00,False,,,
TRX-XU5ZI2T2Y1H40AD9KYOF,2026-05-28 02:54:09,2026-05-27,PRD-FEGS0OQFSHZ5,CLI-SRE0ZIY6FGE1,Transfer,,3732.01,USD,,App,,,,México,Tijuana,Approved,00,False,23.53,,
TRX-KHH8SP3ZWPIKJDN8632M,2026-05-27 09:31:42,2026-05-27,PRD-P6BS5A2IE0WO,CLI-BVLB0BRQWDZH,Payment,,2217925.3,COP,554.48,POS,,,,Colombia,Barranquilla,Declined,05,False,3.51,5.2366012,-74.9580711
TRX-NBKDKJU4HL0Q2QEQUWJN,2026-05-27 09:52:18,2026-05-27,PRD-F5VF0P6D7NVF,CLI-LXWN3JVPO593,Transfer,,4253.45,USD,,ATM,SUC-2Z7NT3UT,,,México,Monterrey,Approved,00,False,6.23,,
TRX-ZOI763FET77364EA0A63,2026-05-28 00:15:36,2026-05-27,PRD-3DUTKTNH1O85,CLI-S9DEYV4H9Q6X,Transfer,,3326.21,USD,,Branch,SUC-BGMBLKDB,,,México,Tijuana,Approved,00,False,14.57,,
TRX-R6WO9DCO8Y61WJQH1Y15,2026-05-27 11:38:14,2026-05-27,PRD-2UFVHMYA8WD4,CLI-WG68NGQTZA7X,Transfer,,4586.33,USD,,POS,,,,México,Querétaro,Pending,51,False,,0.4104477,-0.9381742
TRX-JHCM4J7K3D6IC8PZAA5H,2026-05-28 04:43:37,2026-05-27,PRD-6HMTFV9BP2QW,CLI-L4HTB84Y5IMR,Transfer,,8831.29,USD,,POS,,,,México,Tijuana,Approved,00,False,19.46,,
TRX-DUGB75SXW9CO4486L5D7,2026-05-27 09:57:05,2026-05-27,PRD-CUCULUFN1LWR,CLI-U6ELDDVUXLNN,Deposit,,5370435.79,COP,1342.61,POS,,,,Colombia,Barranquilla,Approved,00,False,29.86,,
TRX-PETCJ9710IPY7C5QI58R,2026-05-28 01:25:57,2026-05-27,PRD-WBI87YTC4MDM,CLI-EDDF1MIHE3SV,Deposit,,15380293.21,COP,3845.07,ATM,SUC-H24HUACK,,,Colombia,Cali,Approved,00,False,26.44,4.8089588,-74.2021763
TRX-GJ0081BR5WVNO0EZUD25,2026-05-27 12:32:58,2026-05-27,PRD-LLKFPCNNK3FQ,CLI-R4FMV985RI2Z,Transfer,,21423636.59,COP,5355.91,ATM,SUC-A1FLMPEF,,,Colombia,Medellín,Approved,00,False,28.16,,
TRX-BLFP6VYU6DEH7V0KNS5T,2026-05-27 23:00:07,2026-05-27,PRD-EA8YRIMUB02Z,CLI-617SCZ6I26EI,Withdrawal,,81359.11,COP,20.34,POS,,,,Colombia,Barranquilla,Approved,,False,2.49,,
TRX-AI1OBW75YZRTZ05IG217,2026-05-27 12:07:44,2026-05-27,PRD-I4BRSAY67N6A,CLI-G0OLGT1URA57,Deposit,,450421.9,ARS,1286.92,Web,,,,Argentina,Buenos Aires,Approved,00,False,,,
TRX-7YWNUQ4B8DKE1K4LP0WA,2026-05-27 23:44:27,2026-05-27,PRD-K7MQ6EAIUYUM,CLI-74LANULW9IIO,Withdrawal,,396.93,USD,,Web,,,,México,Ciudad de México,Approved,,False,19.02,,
TRX-7RT1P3IWQMKZ1AZH69VC,2026-05-27 06:53:01,2026-05-27,PRD-UAJJQGWT1V1A,CLI-0NR7ERTMTWP7,Purchase,Food,903044.28,COP,225.76,App,,Super Ahorro,Food,Colombia,Cali,Approved,00,False,6.42,,
TRX-GJWQTS8G0HEG6TNCQE5T,2026-05-27 18:12:46,2026-05-27,PRD-BDUDJEJ6K9G3,CLI-WWS7DDT0038N,Payment,Services,5949334.72,COP,1487.33,App,,,,Colombia,Cartagena,Approved,00,False,,,
TRX-VBNNC106F2M7JETO8C6C,2026-05-28 03:18:29,2026-05-27,PRD-KPXPJHGR0PM8,CLI-BO8L61O2MPTF,Withdrawal,,1807747.9,COP,451.94,POS,,,,Colombia,Cartagena,Approved,00,False,0.9,,
TRX-ID7UHMD4TF8IXURG0ZXI,2026-05-27 16:01:11,2026-05-27,PRD-0RMNEGQUVEBH,CLI-0CZG7O4H0MV6,Transfer,,3326.05,USD,,ATM,SUC-FV69BGCV,,,México,Guadalajara,Approved,00,False,25.73,,-0.0370709
TRX-NEWJ11LYERW1MSKHXDYU,2026-05-27 23:33:19,2026-05-27,PRD-K69VIT00DZC1,CLI-3Y43R1TJW6TD,Deposit,,4399.46,USD,,POS,,,,México,Guadalajara,Approved,00,False,27.68,,
TRX-VFUCXO0XJWCMBOHDEBGF,2026-05-27 09:05:01,2026-05-27,PRD-MRRTIMFCYUQE,CLI-9ZKGA457GJ6Q,Transfer,,25122240.12,COP,6280.56,POS,,,,Colombia,Barranquilla,Approved,00,False,,,
TRX-RGKXCL30IEHR5NR0TXWY,2026-05-27 10:23:56,2026-05-27,PRD-H7Y8S6PR8QYO,CLI-OAMGCO6HNFAK,Purchase,Other,10585.12,ARS,30.24,POS,,Boutique Moda,Other,Argentina,Córdoba,Approved,00,False,10.67,,
TRX-8DIW97S2JO6OX7G5KXDQ,2026-05-28 02:10:19,2026-05-27,PRD-PSV9HAIF6J6X,CLI-AFKYXOCML52P,Transfer,,9248.64,USD,,ATM,SUC-ISPO1DES,,,México,Puebla,Approved,00,False,27.28,0.7982226,-0.0693348
TRX-QKGXVURE4TM8K932NRI6,2026-05-27 13:49:47,2026-05-27,PRD-MIP47K03J1HN,CLI-O3LLK06308T8,Withdrawal,,1671554.61,COP,417.89,POS,,,,Colombia,Cali,Approved,00,False,16.97,,
TRX-5HKY0OHU86HSWHJ1NC2I,2026-05-28 00:38:54,2026-05-27,PRD-7G7GZDELTFMV,CLI-XG5E8HVSHQOI,Transfer,,3926.07,USD,,POS,,,,México,Puebla,Approved,00,False,,,
TRX-F72U2P6DM3OQ8FVB3I5S,2026-05-27 17:41:45,2026-05-27,PRD-A108LTCNHU2E,CLI-BEAYZKBRV0LL,Purchase,Services,131172.32,ARS,374.78,Web,,Empresa Telefónica,Services,Argentina,Córdoba,Approved,00,False,13.54,,
TRX-07H2H3E022944GLVIIS7,2026-05-27 11:47:57,2026-05-27,PRD-95NWKQZUJWOK,CLI-YB2NBEM86RC0,Withdrawal,,1906664.06,COP,,App,,,,Colombia,Barranquilla,Approved,00,False,0.62,,
TRX-HFEXREBDNN2RH8IAV59K,2026-05-27 16:10:56,2026-05-27,PRD-F658TJXTBCHD,CLI-3QUHFVPL50PS,Purchase,Health,22.23,USD,,ATM,SUC-FV69BGCV,Clínica Médica,Health,México,Puebla,Approved,00,False,,-0.661588,0.9728554
TRX-OR8LWJTOXPLB4N5OYHVJ,2026-05-27 08:21:53,2026-05-27,PRD-3U62BXA1HNXO,CLI-TASVM5Z782RM,Transfer,,975.93,USD,,ATM,SUC-4ML8OJM1,,,México,Querétaro,Approved,00,False,,,
TRX-1F8UWKA59FG5LXD637DE,2026-05-27 07:08:38,2026-05-27,PRD-TQO2DWAEBP84,CLI-E3SAXTDX10Y1,Payment,Other,1320.26,USD,,App,,,,México,Tijuana,Approved,00,False,26.08,,
TRX-9O786OEKFCZCEF3RFWWC,2026-05-28 04:32:38,2026-05-27,PRD-W3YCSOGSPUE0,CLI-UHT0I7F2I7B6,Payment,Transport,697.83,USD,,Transfer,,,,México,Querétaro,Approved,00,False,2.52,,
TRX-RJ4Q2N9F6NZBOHYHHYK7,2026-05-27 15:00:01,2026-05-27,PRD-NHW2IQNF71ZC,CLI-7HM503P77BCJ,Payment,Services,7632274.47,COP,1908.07,POS,,,,Colombia,Cali,Approved,00,False,,,
TRX-2P2A5N0HMWST4BSOWQVR,2026-05-27 18:21:08,2026-05-27,PRD-NVGX3HORRTUQ,CLI-BG1QAFB3KJR5,Purchase,Health,376.55,USD,,App,,Farmacia Salud,Health,Colombia,Medellín,Approved,00,False,29.87,,
TRX-GTTMQ6LID3BZHG53ETZJ,2026-05-27 17:13:28,2026-05-27,PRD-U9X824RZNMD2,CLI-TK5E4T1KHC23,Deposit,,1624.46,USD,,POS,,,,México,Monterrey,Approved,00,False,,,
TRX-GGGLRZ1W55NQNU0CXI9N,2026-05-28 02:02:26,2026-05-27,PRD-EQFMQAR64U1S,CLI-YVSY2YS1WNBC,Purchase,Entertainment,141.98,USD,,ATM,SUC-8P0IDMOM,Conciertos Live,Entertainment,México,Querétaro,Approved,00,False,5.2,,
TRX-ZLTO6E506GLL5T9LES94,2026-05-27 13:07:27,2026-05-27,PRD-QS7CY8B7KZPF,CLI-9KM4IVLM3CX8,Payment,Other,569.66,USD,,ATM,SUC-Y18NE8GS,,,Spain,Madrid,Approved,00,False,8.2,,
TRX-G9RNVNB3C1KIZC8AH3ZR,2026-05-27 16:15:22,2026-05-27,PRD-28KI92P6XA20,CLI-AVZLBC3XCXL7,Adjustment,,3084564.59,COP,771.14,ATM,SUC-3FS5CHQJ,,,Colombia,Barranquilla,Approved,00,False,,5.489633,
TRX-R0ML9DNCCBVOJOMMZFMW,2026-05-28 04:07:46,2026-05-27,PRD-0VK80PRTBIKB,CLI-GV0FRUSKQRXA,Withdrawal,,150.06,USD,,App,,,,México,Ciudad de México,Approved,00,False,3.1,,
TRX-QYPXZPE6DPK5X2THZ3A9,2026-05-27 15:17:58,2026-05-27,PRD-BMXVUT1WTD2Y,CLI-ZX8Y60B9GTZH,Purchase,Other,48.34,USD,,Web,,Boutique Moda,Other,Brazil,São Paulo,Approved,00,False,21.68,,
TRX-M84FS1QUJ3B1XMORNJAY,2026-05-27 07:32:50,2026-05-27,PRD-3HIQIOT5KD1Q,CLI-S2Q9O8D72PIV,Transfer,,9099.12,USD,,ATM,SUC-W04NBWY9,,,México,Querétaro,Approved,00,False,11.64,,
TRX-HY0C2FESWU9521GSIQFF,2026-05-27 18:57:56,2026-05-27,PRD-NBL4RQW7TU2J,CLI-UHGQZCEKJR91,Purchase,Services,791940.52,COP,197.99,Web,,Cable TV,Services,Colombia,Bogotá,Approved,00,False,,,
TRX-0Q3WB5SHYD2U53J6694D,2026-05-27 11:53:24,2026-05-27,PRD-12R3PU6BHPGO,CLI-R1YOUH7FB4CU,Withdrawal,,48277.46,ARS,137.94,POS,,,,Argentina,Córdoba,Declined,05,False,26.57,,
TRX-NJ8NM62TBRR9O2D38Z5H,2026-05-27 16:20:41,2026-05-27,PRD-JRL7DBA9N1KJ,CLI-5EVFSKNZ1OF6,Payment,Services,633393.78,ARS,1809.7,Web,,,,Argentina,Mendoza,Approved,00,False,0.97,,
TRX-ABXSD88J88KZ0EJDEQOE,2026-05-27 16:39:32,2026-05-27,PRD-830OO1DVGWXO,CLI-GM0JHAF87BPJ,Payment,Services,595.66,USD,,POS,,,,México,Monterrey,Approved,00,False,25.88,,
TRX-GOY9Y62R92WU9DXE99XS,2026-05-27 14:09:09,2026-05-27,PRD-KT071W9NS5HQ,CLI-YA15AH1LIS2N,Payment,Entertainment,836616.41,COP,209.15,POS,,,,Colombia,Medellín,Approved,00,False,20.54,5.6794617,-74.3049364
TRX-F7Z0XEC7PNO84JRSEOWH,2026-05-27 12:32:42,2026-05-27,PRD-GZTV49PI3JIS,CLI-RWDX7ZGCTY2A,Purchase,,532889.16,COP,133.22,POS,,Tienda General,Other,Colombia,Medellín,Approved,00,False,25.84,4.1321884,-74.9607701
TRX-DPE0RUHUANHM6QO7ZYNI,2026-05-28 02:40:25,2026-05-27,PRD-HUD0ZU89D8JV,CLI-2FZF6I1PYUDM,Transfer,,88336.65,ARS,252.39,Web,,,,Argentina,Buenos Aires,Approved,00,False,3.48,,
TRX-WVNTFTGIHHVS7HZPIZ6M,2026-05-27 18:25:39,2026-05-27,PRD-NHYZTHGW0E33,CLI-P02KV6JNXFV7,Payment,Services,1017.17,USD,,ATM,SUC-UH461R09,,,Colombia,Cali,Approved,00,False,11.78,,
TRX-GC2OIZNG2W3MA3M4R75Q,2026-05-27 22:37:28,2026-05-27,PRD-4J90YT914D2A,CLI-I2QURPRNO790,Withdrawal,,144.42,USD,,App,,,,México,Querétaro,Approved,00,False,21.1,,
TRX-NT0KUPRZMOOBFXZSRD2J,2026-05-27 15:22:21,2026-05-27,PRD-VHR8ATME8688,CLI-1N0MCE92HOVO,Transfer,,36387969.71,COP,9096.99,POS,,,,Colombia,Barranquilla,Approved,00,False,25.06,,
TRX-KWF3KI34ZM1QI5ISZ55F,2026-05-27 16:06:22,2026-05-27,PRD-QWHB86WN58QE,CLI-41B7X28IV5XV,Purchase,Entertainment,270.77,USD,,Transfer,,Teatro Nacional,Entertainment,México,Tijuana,Approved,00,False,20.35,,
TRX-AN2R6Y88T8VAYLIETTEI,2026-05-27 09:39:43,2026-05-27,PRD-FPNVIDCPVMB2,CLI-JICL61Q6XXLS,Withdrawal,,162559.92,ARS,464.46,ATM,SUC-EHE8V9YO,,,Argentina,La Plata,Approved,00,False,5.25,,
TRX-FVQ294Q27V5XIK34IHN1,2026-05-27 17:30:23,2026-05-27,PRD-CGAIXCZV66B5,CLI-CC7J69GJEMP4,Transfer,,29210850.78,COP,7302.71,Transfer,,,,USA,New York,Declined,14,False,22.32,,
TRX-M6ACYBSFA6X4653L6XX5,2026-05-27 16:52:48,2026-05-27,PRD-05YUVZY698XP,CLI-7UJU6ACI0IT7,Deposit,,2112.74,USD,,Web,,,,México,Tijuana,Approved,00,False,28.41,,
TRX-NOCC9RVMEY2S6WIZCR53,2026-05-27 16:22:07,2026-05-27,PRD-TZJ0ME7CTJ57,CLI-6HREMUFU79Q4,Purchase,Food,306.07,USD,,Web,,,Food,México,Guadalajara,Approved,00,False,27.62,,
TRX-7SZJBEVRLG4QK669UUFW,2026-05-27 06:24:15,2026-05-27,PRD-WL64S3VVDKOH,CLI-FX1VY8ABLUIH,Transfer,,3193247.94,ARS,9123.57,POS,,,,Argentina,,Approved,00,False,4.65,,
TRX-Q77LF9MSRLMNV0UZQ49S,2026-05-27 15:24:59,2026-05-27,PRD-HFMFDJQQY2GA,CLI-3AU46WD8ORV3,Purchase,Services,168.98,USD,,POS,,Internet Plus,Services,México,Querétaro,Approved,00,False,26.94,,
TRX-CBH79UXNDCQ4IQ37UYW2,2026-05-28 01:11:32,2026-05-27,PRD-GMN0ETSMUV7A,CLI-RVGVIYW9G9VF,Payment,Services,1734.61,USD,,ATM,SUC-DLYE60QN,,,Colombia,Barranquilla,Approved,00,False,,5.233739,-74.3570928
TRX-S00R46XHCDR4M4EZZXMI,2026-05-28 04:30:48,2026-05-27,PRD-OSF5I1W1PDHM,CLI-UGU15C53OZ40,Purchase,Health,1835071.24,COP,458.77,ATM,SUC-JARPMK7O,Laboratorio Central,Health,Colombia,Cartagena,Approved,00,False,16.51,,
TRX-I39IQ9SSDJUT5IDG5OVM,2026-05-28 00:05:00,2026-05-27,PRD-J4F1DQOTF5Z4,CLI-PXFAC9KER954,Payment,Services,1581.63,USD,,App,,,,México,,Approved,00,False,2.03,,
TRX-BD90TVTBIHFUEZ9VFTXO,2026-05-27 10:59:28,2026-05-27,PRD-OP6X858AM07V,CLI-V5U1XR99F800,Transfer,,1526283.58,ARS,4360.81,POS,,,,Argentina,,Approved,00,False,16.09,,
TRX-H77GBEUE8HN4L5L884SQ,2026-05-27 12:50:27,2026-05-27,PRD-GXZQ96EHZ6Q0,CLI-556AX42YUR6K,Purchase,,50996.78,ARS,145.71,ATM,SUC-ZVPEMWQP,Tienda General,Other,Argentina,Buenos Aires,Approved,00,False,7.91,,
TRX-5F7IU3HUB5K5E7MATS5Y,2026-05-28 02:04:48,2026-05-27,PRD-NZA41BID3LLQ,CLI-20DEXVY9SBF3,Transfer,,4923443.54,COP,1230.86,ATM,SUC-YH0U3LVW,,,Colombia,Bogotá,Approved,00,False,,5.63021,-74.915337
TRX-0I11Z7UZDEU7ME50S30S,2026-05-27 19:09:34,2026-05-27,PRD-VOSVQCPZWI8T,CLI-LXOSF5R28QES,Withdrawal,,58.86,USD,,ATM,SUC-VV9NKH6E,,,México,Puebla,Approved,00,False,1.03,,
TRX-CBK3G2VRM2NSXICUHUGK,2026-05-27 09:03:10,2026-05-27,PRD-JRODJ48YC6QN,CLI-534ZHDPXMD1A,Purchase,Other,403.19,USD,,POS,,Boutique Moda,Other,México,Ciudad de México,Approved,00,False,13.16,,
TRX-UO7I0G2EK8UCGIXI3ACA,2026-05-27 15:01:01,2026-05-27,PRD-2SR9ZCR7R0RC,CLI-CW0Q618152O3,Withdrawal,,68.9,USD,,POS,,,,México,Puebla,Approved,00,False,5.69,0.7804765,0.5071987
TRX-ZLDUPX7DWMBK12GSON89,2026-05-27 12:22:16,2026-05-27,PRD-RUTDUCEPUQY5,CLI-L85XAC2MPUIF,Purchase,Services,212.6,USD,,POS,,Servicios Públicos,Services,México,Guadalajara,Approved,00,False,,,
TRX-UBE7NNT6WTLGVRW62OBT,2026-05-27 18:35:16,2026-05-27,PRD-5NMA8XLAE6Q0,CLI-HVGGZUTCUNJT,Withdrawal,,84084.39,ARS,,App,,,,Argentina,La Plata,Declined,14,False,25.95,,
TRX-TSICQ80LBGCXMGJH6N3P,2026-05-27 13:35:03,2026-05-27,PRD-KZKXY9CVGENW,CLI-0JWSAYU4Z6ML,Purchase,Health,123.24,USD,,ATM,,Óptica Visión,Health,Colombia,Cali,Approved,00,False,28.68,,
TRX-VJ8BR2F8RKG0RQAB4RQY,2026-05-28 00:01:01,2026-05-27,PRD-898ZUBPAHG4I,CLI-1X0EDSH5KF30,Withdrawal,,65.84,USD,,ATM,SUC-OW1SAD5J,,,México,,Approved,00,False,18.73,0.893414,-0.7402512
TRX-1VBQWPRZEP9URI9WU3T8,2026-05-28 00:09:04,2026-05-27,PRD-45EQAEBJ20HV,CLI-O0L74UIP4SEN,Transfer,,8773.02,USD,,App,,,,México,Ciudad de México,Approved,00,False,16.1,,
TRX-EURYUFA6KJ38JEFE99P7,2026-05-27 20:02:29,2026-05-27,PRD-OLE3FPBPJSW2,CLI-1WPWAOBE0BSU,Deposit,,9281143.57,COP,2320.29,POS,,,,Colombia,Bogotá,Approved,00,False,12.24,,
TRX-4P7GV3ZAA3ZUFQDOODH9,2026-05-28 01:04:40,2026-05-27,PRD-7I8USM6MOGKD,CLI-FPP6XSRWR65H,Deposit,,2632.67,USD,,Web,,,,México,Guadalajara,Approved,00,False,3.43,,
TRX-QOJXIEXDPBIVUGK4PTNW,2026-05-28 00:24:03,2026-05-27,PRD-ABZ6T2XAXN2L,CLI-WRADB78ALCO5,Payment,Other,1452.64,USD,,Web,,,,Argentina,La Plata,Approved,00,False,3.23,,
TRX-4UIT7W6JDU419W9OIUX4,2026-05-28 02:02:30,2026-05-27,PRD-AUU1GUXATYGM,CLI-D6JLM5H0U8JT,Payment,Health,929.19,USD,,POS,,,,México,Ciudad de México,Approved,00,False,29.49,,
TRX-32X1H8ZU0B04Q6M90NYL,2026-05-28 03:40:40,2026-05-27,PRD-RZJUZD6DEIBJ,CLI-8DOZ10RQ74UC,Deposit,,605.66,USD,,Web,,,,México,Ciudad de México,Approved,00,False,18.05,,
TRX-SSJGUSPN3TNAN24O2SZS,2026-05-27 23:31:29,2026-05-27,PRD-0JRV1CER0083,CLI-3MVGBOV1JW89,Transfer,,377.24,USD,,ATM,SUC-XSMNXFJN,,,México,Guadalajara,Approved,00,False,14.1,,
TRX-KVJNSVJICBOAV30UA45M,2026-05-28 04:11:24,2026-05-27,PRD-W1NWXRXJSR1U,CLI-VIIBZLWHIDKV,Deposit,,4674.12,USD,,POS,,,,México,Tijuana,Approved,00,False,10.19,,
TRX-138HOMHRQXINV515KFG1,2026-05-27 18:54:10,2026-05-27,PRD-VR5C6XLROJ05,CLI-KSD9PAAEFWUC,Transfer,,5802.74,USD,,App,,,,México,Tijuana,Approved,00,False,,,
TRX-F2O9NPS6VFQE2KD6E2HJ,2026-05-27 08:43:41,2026-05-27,PRD-C09QL4J7CTCB,CLI-M4PR2UTFL1PK,Purchase,,108.61,USD,,ATM,SUC-H4YG9DLY,Cable TV,Services,México,Querétaro,Approved,00,False,25.89,0.9139962,0.3043802
TRX-Y86O5TRX3DQ9YZKGYB1O,2026-05-27 19:19:50,2026-05-27,PRD-51D0LSBHW8ET,CLI-R881WWANJUOS,Withdrawal,,15720.97,ARS,44.92,App,,,,USA,Los Angeles,Approved,00,False,24.33,,
TRX-LT10Q7N2FY9RE70W4Z7Y,2026-05-27 16:36:28,2026-05-27,PRD-0PU951GNFEFJ,CLI-ELNVUAKAE46J,Transfer,,2774.89,USD,,POS,,,,México,Puebla,Approved,00,False,15.61,,
TRX-D4LN3ORT32IYHCMRBUIM,2026-05-28 01:01:46,2026-05-27,PRD-XY108CWVUH3O,CLI-F283TQFVXZFG,Payment,Services,689.29,USD,,ATM,SUC-6RHR3MME,,,México,Tijuana,Approved,00,False,0.9,,
TRX-60V0CTBQ89ITHJYHVMZF,2026-05-27 10:56:51,2026-05-27,PRD-MLGFGLPR0YS7,CLI-SQ0ZO61INZ5W,Deposit,,349895.66,ARS,999.7,Web,,,,Colombia,Medellín,Approved,00,False,,,
TRX-ZTYROP4XELX3W4TRMNYH,2026-05-27 18:02:58,2026-05-27,PRD-KNZHTARVGI92,CLI-TCYLPVM8MH6F,Deposit,,1398437.62,ARS,3995.54,POS,,,,Argentina,Córdoba,Approved,00,False,,,
TRX-QRIS99ZXEYJ6UBL5SZQV,2026-05-27 20:43:12,2026-05-27,PRD-BOZQ9JXBSXZ4,CLI-SEFKLCCC9N2V,Payment,Entertainment,2303172.84,COP,575.79,POS,,,,Colombia,Cali,Approved,,False,,,
TRX-5BY0KX7XUTZZ3K0NEJBV,2026-05-27 07:40:45,2026-05-27,PRD-HXYA9XPC3S8S,CLI-3787AGUL59SQ,Transfer,,28204906.9,COP,7051.23,App,,,,USA,Los Angeles,Approved,00,False,27.56,,
TRX-ZX4FOX9HUX4K439NBX5S,2026-05-27 19:30:05,2026-05-27,PRD-0VXHFE9G0D0M,CLI-2ZN0R439WQ03,Transfer,,36408416.96,COP,9102.1,Web,,,,Colombia,Barranquilla,Approved,00,False,,,
TRX-NSOSHKTORDX02HBDFEVH,2026-05-27 08:56:18,2026-05-27,PRD-VKBM19GIP118,CLI-VE46ABBFOF8E,Deposit,,3479776.31,COP,869.94,POS,,,,Colombia,Barranquilla,Approved,00,False,2.63,,
TRX-6O5MB6B6VPPMAGP828O7,2026-05-27 10:09:55,2026-05-27,PRD-0XAKDAJ1PFS2,CLI-D1T8COLCB4GL,Purchase,Services,81.72,USD,,POS,,Servicios Públicos,Services,México,Querétaro,Approved,00,False,29.34,,
TRX-DCZ1JJPTBOTM425WN6HO,2026-05-27 10:34:56,2026-05-27,PRD-QZFCYKQDATVC,CLI-C136CGKV2MF1,Adjustment,,1003090.3,COP,250.77,ATM,SUC-6NKYKKQR,,,Spain,Madrid,Approved,00,False,21.4,,
TRX-UM49F96JIPH2D0A4WK9F,2026-05-27 08:34:12,2026-05-27,PRD-AWL6WKQLUBAP,CLI-QZ0WG03CB0WO,Purchase,Other,171.28,USD,,POS,,Ferretería,,México,Monterrey,Approved,00,False,14.1,,
TRX-62NNIHL4ICOP91X287JE,2026-05-28 01:29:34,2026-05-27,PRD-S356Y74NT0KY,CLI-Q445U9YC6IXI,Payment,Other,421.87,USD,,POS,,,,México,Guadalajara,Approved,00,False,17.97,,
TRX-R6DHUX79BAC8Y2OLBN37,2026-05-28 05:04:48,2026-05-27,PRD-TEXS67ARXPG2,CLI-PDREK82T5V2T,Transfer,,6955.64,USD,,App,,,,México,Guadalajara,Approved,00,False,0.4,,
TRX-IWAK1VMR1SNHRSJ33J7V,2026-05-28 02:37:50,2026-05-27,PRD-XPOAO16UA7BN,CLI-GXMTEMTZF4UT,Purchase,Food,363221.22,COP,90.81,POS,,Tienda Don José,Food,Colombia,Cali,Approved,00,False,24.3,,
TRX-ZF03Y549KOPNSONDTBPT,2026-05-28 05:58:47,2026-05-27,PRD-CAA6RBHOKRGJ,CLI-MT20U0IS3VN7,Purchase,Transport,886734.11,COP,221.68,POS,,Gasolinera Express,Transport,Colombia,Cali,Approved,00,False,19.83,,
TRX-RIE3GBKCW25MKBJ2UT0K,2026-05-27 17:05:18,2026-05-27,PRD-6O4GV0Z14FMG,CLI-9YT47X6QII0Q,Transfer,,727.2,USD,,App,,,,México,Guadalajara,Approved,00,False,29.24,,
TRX-P58L3HGIA1GNZAIQ8Z4E,2026-05-27 19:28:17,2026-05-27,PRD-BMDY1R2DIRD2,CLI-K6LOSIKFRUWF,Transfer,,17095944.01,COP,4273.99,ATM,SUC-O4G07J7I,,,Colombia,,Approved,00,False,,,
TRX-V4IC06W7DQV6UGC8UFRO,2026-05-28 02:13:20,2026-05-27,PRD-34MGIFQSD6C5,CLI-I7PD1NF2BNLN,Purchase,Transport,786140.7,COP,196.54,Web,,Taxi Seguro,Transport,Colombia,Medellín,Approved,,False,,,
TRX-AVS4RA0VHUSN7VAQVF9G,2026-05-27 12:12:52,2026-05-27,PRD-TFNABFS5C6AX,CLI-SSY3CSTHBBRW,Transfer,,4405.48,USD,,App,,,,México,Tijuana,Approved,00,False,,,
TRX-A1I12HVWD0ES4QB1JETT,2026-05-27 09:44:54,2026-05-27,PRD-URA5EWAXF00W,CLI-9BQ0DH0NFMMK,Deposit,,794476.91,ARS,2269.93,App,,,,Argentina,Buenos Aires,Approved,00,False,,,
TRX-FJCTT6FZLN4W9IT56J02,2026-05-27 17:49:13,2026-05-27,PRD-QOCD1B5VW01Z,CLI-BWDB5PA5VF7I,Transfer,,3829.48,USD,,POS,,,,México,Guadalajara,Approved,00,False,25.28,-0.1311872,0.7425392
TRX-0CII3F8JEAA7QZQOCVWS,2026-05-27 07:46:55,2026-05-27,PRD-2VUHAI2BHUYP,CLI-HKP25BU10Q83,Transfer,,15263668.42,COP,3815.92,ATM,SUC-OGCB7RT2,,,Colombia,Medellín,Approved,00,False,9.42,,
TRX-9BYX1J1QF3MAXRXIW3U0,2026-05-28 01:13:40,2026-05-27,PRD-MU9VS5BWKPTL,CLI-79U5BUQLNJYT,Deposit,,2966992.24,COP,741.75,ATM,SUC-H4WPLB7O,,,Colombia,Barranquilla,Approved,00,False,23.19,,
TRX-JZMLSZQKI3DDG8GF05LS,2026-05-27 06:54:30,2026-05-27,PRD-H3P9AD0QCV2P,CLI-VLBQ67WEKOKJ,Withdrawal,,381.41,USD,,ATM,SUC-KT11NKNR,,,México,Ciudad de México,Approved,00,False,20.83,0.2091606,-0.7784072
TRX-9QW74OM0BYZ4WWIGJV1V,2026-05-27 11:45:57,2026-05-27,PRD-E9RPNFHGB75M,CLI-UYLN85MWP9MM,Transfer,,1076.78,USD,,POS,,,,México,Tijuana,Approved,00,False,15.87,,
TRX-LJUP2FE5W9G09GC12RVN,2026-05-27 06:07:02,2026-05-27,PRD-Y6E6LRARYR51,CLI-MK1FKPBNCHOB,Payment,Food,1101.07,USD,,Web,,,,México,Guadalajara,Approved,00,False,12.9,,
TRX-QUCS5BWAO01AGSDYZXOK,2026-05-27 06:33:47,2026-05-27,PRD-6U7YP39B67FV,CLI-7R2DQP8I9N89,Payment,Services,1672.02,USD,,ATM,SUC-V3V4T7QO,,,México,Ciudad de México,Approved,00,False,29.43,,
TRX-SLAZQK9SZKABLMB9HBGZ,2026-05-27 16:32:53,2026-05-27,PRD-80OA6JRUXHD9,CLI-7HWLNTHGKIC3,Deposit,,3614.32,USD,,POS,,,,Brazil,São Paulo,Approved,00,False,29.3,,
TRX-ER1Q4ARM044PVXJNTIFU,2026-05-27 19:48:58,2026-05-27,PRD-BKVOAMIZLARC,CLI-H9RO8J1T6NV3,Payment,Food,1571.35,USD,,POS,,,,México,Tijuana,Approved,00,False,29.95,,
TRX-LPJRC37HVNNTQNCOFXLI,2026-05-27 17:51:47,2026-05-27,PRD-V2ONV754DQ3D,CLI-DQRM1LY7O7CL,Purchase,Food,224.67,USD,,App,,,Food,México,Querétaro,Approved,00,False,8.02,,
TRX-L2BKPAW4YLJLSE9AV63E,2026-05-27 12:16:36,2026-05-27,PRD-R9HIJASC8F49,CLI-O0KY1GBEGMRF,Deposit,,10151273.43,COP,2537.82,ATM,SUC-U5SARN4H,,,Colombia,,Approved,00,False,21.63,,
TRX-8TIKEPTT3ZW0IEBICQR6,2026-05-27 14:57:42,2026-05-27,PRD-NS2TT88LCR26,CLI-E6LKPDS2W4ZH,Deposit,,2294.54,USD,,Web,,,,México,Querétaro,Approved,00,False,,,
TRX-6BHY72PRRODBSVFNJ4U1,2026-05-27 14:52:20,2026-05-27,PRD-7W8KEKZCHHNT,CLI-LG1WFL6ROVNB,Transfer,,1620745.99,ARS,,POS,,,,Argentina,La Plata,Approved,00,False,5.02,,
TRX-AGQ24BF1R9KL2KDNNFAO,2026-05-27 22:21:30,2026-05-27,PRD-MOEY7245BDVC,CLI-IIRREH9IWNA3,Purchase,Food,314.09,USD,,Web,,Restaurante El Buen Sabor,Food,México,Querétaro,Approved,00,False,24.58,,
TRX-J6W4U6C6XSO1ZJSKJ6HO,2026-05-27 17:41:01,2026-05-27,PRD-W3VXOUVW5897,CLI-LTFM6Z5GOU0M,Payment,Services,1285.36,USD,,ATM,SUC-HVN55QJQ,,,México,Tijuana,Approved,00,False,21.67,,
TRX-ELXPKOS5X2M5MJ4XXLRV,2026-05-27 15:21:36,2026-05-27,PRD-TNK6DBZ0OF6D,CLI-V8XW7RQ737VU,Withdrawal,,108.02,USD,,Web,,,,México,Puebla,Approved,00,False,8.28,,
TRX-SNZ4JVYSY7ESFBWW8IYB,2026-05-28 01:17:10,2026-05-27,PRD-TA6PE1A8TAN7,CLI-16ZXCN4DKX79,Purchase,Other,2035.65,ARS,5.82,POS,,,Other,Argentina,Buenos Aires,Approved,,False,4.4,,
TRX-MJ6J62FCDIY3M7EA9UAJ,2026-05-28 05:36:03,2026-05-27,PRD-V7EKO3OWHK9R,CLI-QBHCTK9W68V3,Payment,Other,1623.2,USD,,ATM,SUC-T4RE29NP,,,México,Guadalajara,Approved,00,False,21.01,,
TRX-N0HSZMT1OP3YYXT8WD5G,2026-05-27 06:24:54,2026-05-27,PRD-YWT3D9HJ68Q9,CLI-HO5S236AZF2E,Payment,Health,2022291.18,COP,505.57,ATM,,,,Colombia,Barranquilla,Approved,00,False,11.13,,
TRX-O7S58EH97B7S0SBAWU2S,2026-05-27 09:00:42,2026-05-27,PRD-TB2XM66HQ90X,CLI-A8M0W1GM0XLD,Deposit,,109.32,USD,,Web,,,,México,Guadalajara,Approved,00,False,,,
TRX-YWOGJ2FQM60VZIV4OQR3,2026-05-27 07:03:02,2026-05-27,PRD-15TQPBY4AQ7R,CLI-OKZ3YGFFZE28,Purchase,Food,429226.61,COP,107.31,ATM,SUC-KY2QIURA,Restaurante El Buen Sabor,Food,Colombia,Cartagena,Approved,00,False,25.36,,
TRX-404YZPWCCV2JFA1QW504,2026-05-27 17:37:09,2026-05-27,PRD-L1PBLEASRGCT,CLI-U022BTTJXUEE,Withdrawal,,115075.45,ARS,328.79,Web,,,,Argentina,Buenos Aires,Approved,00,False,22.49,,
TRX-IR2IXP9O7E6SR6F4ZZVC,2026-05-27 20:37:59,2026-05-27,PRD-7GNKP8KZY38O,CLI-GDRW2563PQT2,Payment,Other,304837.38,ARS,870.96,POS,,,,Argentina,,Approved,00,False,1.06,,
TRX-DXJA7CGQ8UETQKLQ7GQK,2026-05-27 18:48:21,2026-05-27,PRD-XU0Q48BGATY6,CLI-D1LUUS7MZF24,Purchase,Food,77807.35,COP,19.45,App,,Restaurante El Buen Sabor,Food,Colombia,Cartagena,Approved,00,False,6.88,,
TRX-UKVVQ6LVGTBBI12G5H8Q,2026-05-27 06:18:09,2026-05-27,PRD-E7BEUH6IM3EH,CLI-NJXNRQZR7Y0H,Withdrawal,,1757744.16,COP,439.44,ATM,SUC-3FS5CHQJ,,,Colombia,Bogotá,Approved,00,False,5.16,4.8791096,-73.8557479
TRX-DWT4PZS8IPKFGKJTX3OU,2026-05-27 13:23:25,2026-05-27,PRD-TVRFNYVH3PO9,CLI-QJ8X8UILPCE0,Purchase,Services,468.45,USD,,Web,,Servicios Públicos,Services,México,Tijuana,Approved,00,False,20.99,,
