interaction_id,interaction_date,process_date,customer_id,agent_id,interaction_type,channel,contact_reason,reason_category,duration_seconds,wait_time_seconds,was_resolved,requires_followup,detected_sentiment,sentiment_score,customer_detected_accent,agent_used_accent,was_escalated,mentioned_products,has_transcript,has_recording
INT-SPVR6AD3H8SEC54C,2026-02-26 08:55:00,2026-02-26,CLI-44D6UC3BHT7X,AGT-3XH8D0QLBH,Inbound Call,Phone,Transaccional,Transaccional,148.0,125.0,True,False,Neutral,0.1,mexican,mexican,False,,True,True
INT-CD21HXZVEP5M3KSN,2026-02-26 22:40:30,2026-02-26,CLI-ZIHR4U6CN06K,AGT-VHAI3QYV8U,Inbound Call,Phone,Transaccional,Transaccional,255.0,169.0,True,True,Neutral,0.09,,,True,"PRD-NB3DFWUX3CGK,PRD-1S85B4NWOTHT,PRD-ZHTPMW6WAF7U",False,True
INT-L4UEUOXWCDQ2B0BT,2026-02-26 12:41:08,2026-02-26,CLI-8CROLXUWTLQO,AGT-1017M8ALDP,Inbound Call,Phone,Comercial,Comercial,605.0,199.0,False,True,Negativo,-0.56,argentine,argentine,False,"PRD-SBI3NWPZKSH1,PRD-ATRF8524RNXU,PRD-GK8DTN7Z9BVQ",False,True
INT-GFJ3Q98JYPU18W2M,2026-02-26 15:39:16,2026-02-26,CLI-3B5CMXVYAGIF,AGT-MOMHH0J0J9,Chat,App,Técnico,Técnico,,,True,False,Muy Negativo,-0.89,colombian,colombian,False,,True,False
INT-5SFGJWLP9Q2JEWU6,2026-02-27 00:26:44,2026-02-26,CLI-DFNT1E58VGK2,AGT-P8AKH6CJ9L,Inbound Call,Phone,Producto,Producto,233.0,84.0,True,True,Neutral,0.14,,,False,,False,True
INT-D8Z64QMWVI343KSM,2026-02-26 16:56:25,2026-02-26,CLI-SV3A1BNM1IXM,AGT-0SK7J9FAUM,Inbound Call,Phone,Transaccional,Transaccional,244.0,35.0,True,False,Neutral,0.08,colombian,colombian,False,"PRD-4FH54BEPQ6IW,PRD-7L9G7GZP1FQ0,PRD-LBSG0N6R8SZH",False,True
INT-6W5LBE34RGY8UHTN,2026-02-27 03:32:25,2026-02-26,CLI-L45YC2JE1EMN,AGT-ECV5AJ8IMB,Email,Email,Retención,Retención,,,True,False,Muy Negativo,-0.76,mexican,mexican,False,,False,False
INT-LEUZC5G8UOGBNBVY,2026-02-26 21:30:37,2026-02-26,CLI-ITXBE90LWDWI,AGT-B6KQJ1GE8L,Inbound Call,Phone,Queja,Queja,499.0,141.0,False,True,Neutral,0.04,,,False,,False,True
INT-SOJJ9RB88VL3H62K,2026-02-27 00:58:39,2026-02-26,CLI-EA7UP4L7O2P0,AGT-UJBX94QGQH,Inbound Call,Phone,Producto,Producto,276.0,68.0,True,True,Neutral,0.01,mexican,mexican,False,,False,True
INT-RBY1B8MR4M64C9VB,2026-02-27 00:32:22,2026-02-26,CLI-77GX2TN6Q1WP,AGT-DFWMTQOSYP,Inbound Call,Phone,Transaccional,Transaccional,186.0,69.0,True,False,Neutral,-0.23,mexican,colombian,False,"PRD-7VNI7PGLQMSN,PRD-UUGQBXOPRNDR,PRD-FO85V2HE2OGX",False,True
INT-U8HF8KZZZKMRCV5E,2026-02-26 09:37:16,2026-02-26,CLI-3W118OSU8OK4,AGT-AV2TPW9VGR,Inbound Call,Phone,Técnico,Técnico,413.0,108.0,True,False,Neutral,-0.21,,,False,"PRD-1V1GZ58SL41V,PRD-SS7I4LPPD7QM,PRD-XJ790XT06M11",False,True
INT-5I0SX7338K6DVDK8,2026-02-26 14:05:11,2026-02-26,CLI-NH72XJNRH33L,AGT-XX6WSQ2E5P,Inbound Call,Phone,Transaccional,Transaccional,156.0,66.0,True,False,Neutral,0.27,mexican,mexican,False,"PRD-PWP80SWUN3XC,PRD-GUORJY2ORFEQ",True,True
INT-5WPZIP39HTNDNYXX,2026-02-27 03:35:17,2026-02-26,CLI-CMD8CWC2ZMY3,AGT-JMA3MRKNWE,Inbound Call,Phone,Producto,Producto,287.0,155.0,True,False,Neutral,0.07,colombian,argentine,True,,False,True
INT-T2GQT0FPIGDUWCFY,2026-02-27 01:33:58,2026-02-26,CLI-QLT5XLKD8XFV,AGT-3AHB2QOQ17,Inbound Call,Phone,Comercial,Comercial,901.0,104.0,True,False,Neutral,0.2,colombian,mexican,False,"PRD-3D0MTVJQIH03,PRD-TW0FZFU3RBFU",False,True
INT-CVUQX2RH6O6C7PDZ,2026-02-27 07:59:16,2026-02-26,CLI-CS0Z8LWE8BOH,AGT-5DZNKOUR81,Inbound Call,Phone,Transaccional,Transaccional,107.0,210.0,True,False,Neutral,0.21,argentine,argentine,True,,True,True
INT-BHCJYW910TUN4QVJ,2026-02-27 06:45:10,2026-02-26,CLI-7I3TKB9UO34Z,AGT-WRGIA5DDCB,Inbound Call,Phone,Transaccional,Transaccional,186.0,85.0,True,False,Neutral,-0.19,argentine,argentine,False,,False,True
INT-7IYAE7C73WAQWTC2,2026-02-26 14:29:03,2026-02-26,CLI-WX5Q40MEH0U6,AGT-VJR3NWJ0XO,Outbound Call,Phone,Comercial,Comercial,175.0,,True,False,Positivo,0.47,,,False,,False,True
INT-6BDCI9MV4VS6PGQY,2026-02-26 12:36:06,2026-02-26,CLI-DZH5Q5EJ4GSV,AGT-45G96QSKR6,Outbound Call,Phone,Transaccional,Transaccional,228.0,,True,False,Neutral,0.09,argentine,argentine,False,PRD-WNQPN76E3X95,False,True
INT-BVXABCZHW5O1J4XS,2026-02-27 01:35:32,2026-02-26,CLI-M6JP37AHEKPM,AGT-3BOF66WDWZ,Inbound Call,Phone,Técnico,Técnico,237.0,137.0,True,False,Negativo,-0.64,,,False,,False,True
INT-4JS66705BL2N3P5J,2026-02-26 15:45:15,2026-02-26,CLI-MN01YF9L9MA8,AGT-6RJU5Z1O8U,Inbound Call,Phone,Transaccional,Transaccional,484.0,104.0,True,True,Neutral,0.05,mexican,mexican,False,"PRD-V0HWF3MK1VLO,PRD-R23V7IOQ3WOC,PRD-7W3UH68MTO17",False,True
INT-OD5I676FJLL2KZZN,2026-02-26 15:52:57,2026-02-26,CLI-P0HGSL94T4OP,AGT-A7BR2H7CSS,Inbound Call,Phone,Técnico,Técnico,277.0,32.0,True,True,Positivo,0.37,colombian,colombian,False,,False,True
INT-JFQQHKMOZB6R8J4V,2026-02-27 01:55:53,2026-02-26,CLI-KKSSK79EBCPI,AGT-PW8EIJKP76,Inbound Call,Phone,Producto,Producto,136.0,66.0,False,True,Neutral,-0.02,mexican,mexican,False,,False,True
INT-P3PHS6DH0HJO31GP,2026-02-27 05:31:54,2026-02-26,CLI-XVD0ZOB1R47P,AGT-1MJ1VGXYXN,Inbound Call,Phone,Producto,Producto,274.0,122.0,True,False,Neutral,0.16,mexican,mexican,False,"PRD-PAC604R41CQZ,PRD-4AVIHGSHWRCC",True,True
INT-2UGD0BPG4PLRRYCP,2026-02-26 21:42:47,2026-02-26,CLI-9G6MGQ80U9ZY,AGT-IA36860J9Z,Inbound Call,Phone,Técnico,Técnico,420.0,79.0,True,False,Negativo,-0.59,mexican,mexican,False,,True,True
INT-MFWG8VWJ3ONFDSMR,2026-02-26 22:28:19,2026-02-26,CLI-B5684IRA8GQ7,AGT-7SUVBV3ET6,Inbound Call,Phone,Técnico,Técnico,182.0,151.0,True,False,Negativo,-0.48,colombian,colombian,False,,False,True
INT-8MS6QB2Q64VAXZ49,2026-02-26 10:26:56,2026-02-26,CLI-A7H2QHTFXSO9,AGT-Z32DMC1N4A,Inbound Call,Phone,Técnico,Técnico,359.0,11.0,True,False,Neutral,-0.0,,,False,,False,True
INT-N9XO7ZL5MJNH8K9D,2026-02-27 01:07:34,2026-02-26,CLI-XQF3369RNDAT,AGT-BNB4Q12JTS,Chat,App,Comercial,Comercial,,,False,True,Muy Negativo,-0.82,,,False,,True,False
INT-WZC0Y9L7J78X6EVP,2026-02-27 03:47:41,2026-02-26,CLI-2UX5ENFJMKB0,AGT-0O9BVZZ68Z,Inbound Call,Phone,Comercial,Comercial,589.0,97.0,False,True,Positivo,0.31,colombian,colombian,False,,True,True
INT-AYBNJMAJZ1ORTM6N,2026-02-26 14:35:38,2026-02-26,CLI-7NS9XGV36ICT,AGT-703TCW9HY5,Inbound Call,Phone,Técnico,Técnico,379.0,136.0,False,True,Negativo,-0.48,,,False,,False,True
INT-X0VEC8D24E00T77U,2026-02-26 16:09:22,2026-02-26,CLI-IT1DPP5MF5XR,AGT-UOZ8AQRBQL,Inbound Call,Phone,Comercial,Comercial,716.0,132.0,True,False,Neutral,0.14,,,False,,False,True
INT-673UL55IJMQ9FOLG,2026-02-26 20:53:39,2026-02-26,CLI-IBYE2LGV3OGK,AGT-5JKM5LSJJK,Email,Email,Transaccional,Transaccional,,,True,False,Neutral,-0.07,mexican,mexican,False,PRD-ZX57HWG8B1U2,False,False
INT-BRATX664ERXVPWIW,2026-02-27 07:39:18,2026-02-26,CLI-VDWK93YYCEDQ,AGT-EP3R0JXEXV,Inbound Call,Phone,Producto,Producto,343.0,89.0,True,False,Neutral,0.25,colombian,mexican,True,,False,True
INT-WQ01OP2DG1V8ZQTG,2026-02-26 12:49:00,2026-02-26,CLI-YDJ8AKJTTY7E,AGT-71H194GLL8,Outbound Call,Phone,Técnico,Técnico,245.0,,True,False,Neutral,0.27,mexican,mexican,False,PRD-IGDOI6Y9OFL3,False,True
INT-7PS21CC4ZA8CGEJR,2026-02-26 15:02:56,2026-02-26,CLI-RDXZTKD1Z72M,AGT-UX3Z61ZNLY,Outbound Call,Phone,Producto,Producto,229.0,,True,False,Muy Negativo,-0.99,argentine,argentine,True,PRD-CZGO0FPOZD6K,True,True
INT-U6DA8M76DZBUN4DC,2026-02-27 07:40:30,2026-02-26,CLI-WJBQPRMBLF2Y,AGT-CTUYD8XUXN,Inbound Call,Phone,Transaccional,Transaccional,201.0,81.0,True,False,Neutral,0.12,argentine,colombian,False,"PRD-HEX9QW7KM5YQ,PRD-HEXZZOYYJUCS",False,True
INT-TSRJTN0FHC8FDR21,2026-02-26 20:08:38,2026-02-26,CLI-PXUF44SFY5K8,AGT-E3OHVF610Z,Inbound Call,Phone,Producto,Producto,416.0,44.0,True,False,Neutral,-0.13,colombian,mexican,False,"PRD-856FHP9DGXSP,PRD-40RA0NAQ9B2T,PRD-EZWEY9NR17FZ",False,True
INT-H1O3RNT06QXKZRYL,2026-02-26 19:43:54,2026-02-26,CLI-LSIYHKT1PNVK,AGT-E9GHB6WK02,Chat,WhatsApp,Producto,Producto,,,True,False,Neutral,0.21,argentine,argentine,False,"PRD-HU7TDDF5Y818,PRD-0V3CLP617LZT",False,False
INT-KDL0M8ER0CUWL86O,2026-02-26 19:22:26,2026-02-26,CLI-XRNQGNDAG0T3,AGT-BNSM435UTT,Inbound Call,Phone,Producto,Producto,285.0,51.0,True,False,Neutral,0.22,mexican,mexican,False,,False,True
INT-BQI5G879KNSATPAG,2026-02-26 10:26:55,2026-02-26,CLI-0VGM1OI502M2,AGT-MZEQR4UPDP,Inbound Call,Phone,Producto,Producto,284.0,22.0,True,False,Muy Negativo,-0.97,,,False,,False,True
INT-D7UJ4UWV507E3QST,2026-02-26 23:40:22,2026-02-26,CLI-3U5QZIFCCF6F,AGT-BV7L3GQC9A,Inbound Call,Phone,Producto,Producto,253.0,0.0,True,False,Neutral,0.16,colombian,mexican,False,,False,True
INT-5WUE25M1SC4MZZ2M,2026-02-26 16:11:36,2026-02-26,CLI-TXP5QGPIC8UG,AGT-G0XY2K72PJ,Inbound Call,Phone,Transaccional,Transaccional,356.0,53.0,True,True,Neutral,-0.23,mexican,mexican,False,PRD-HZQZI00V51NI,False,True
INT-D7QXK8HBE1WB6U97,2026-02-27 01:34:33,2026-02-26,CLI-JK09XGNY8UM2,AGT-NOB5KS50MS,Inbound Call,Phone,Queja,Queja,479.0,123.0,False,True,Negativo,-0.37,mexican,mexican,False,,False,True
INT-Z3XA1WUOB88YLCEE,2026-02-26 16:48:13,2026-02-26,CLI-K0PH9OQUCEVT,AGT-2GCBYGGPO4,Inbound Call,Phone,Comercial,Comercial,518.0,140.0,False,True,Muy Negativo,-0.81,argentine,argentine,False,"PRD-UHMWPME6NCPV,PRD-BIEPNDLU2SGJ",True,True
INT-IJAHYJ27WSTI9VMY,2026-02-27 07:23:20,2026-02-26,CLI-F26TANR1NA3R,AGT-ILZ3O4HNJ7,Inbound Call,Phone,Queja,Queja,314.0,108.0,False,True,Neutral,0.0,,,False,"PRD-TPM1T58HR2OK,PRD-T188PZUL0PD9",False,True
INT-PH8NMSCJ8QNLSPFF,2026-02-26 10:27:49,2026-02-26,CLI-JUIBA1LHC0HK,AGT-ZS742EP7U6,Chat,Web Chat,Queja,Queja,,,True,False,Muy Positivo,0.72,colombian,colombian,False,,False,False
INT-SW59LQOENHD4J5V3,2026-02-27 03:04:02,2026-02-26,CLI-Q6PV5OHBDD42,AGT-20ERALB37F,Outbound Call,Phone,Producto,Producto,264.0,,True,False,Neutral,-0.19,,,False,,False,True
INT-DKAVEXCFXKNFAOMP,2026-02-27 05:34:30,2026-02-26,CLI-L0KMGCBSWBZD,AGT-7XS8GUBKR1,Inbound Call,Phone,Comercial,Comercial,529.0,214.0,True,True,Neutral,0.23,mexican,mexican,False,PRD-GC8KM4SU8082,True,True
INT-WR80NR9NSJ5WDAW1,2026-02-27 03:04:41,2026-02-26,CLI-L9A2CTIY489I,AGT-XFS0SGZE95,Inbound Call,Phone,Retención,Retención,401.0,81.0,True,False,Muy Negativo,-0.74,colombian,mexican,False,PRD-W26UUNVQL85Q,False,True
INT-ZBUTBOYCT4MBN89H,2026-02-26 10:52:03,2026-02-26,CLI-PPUCSJKMXCFF,AGT-MGX0DXFXS8,Inbound Call,Phone,Retención,Retención,543.0,0.0,False,True,Negativo,-0.6,,,False,"PRD-VMNA69FWVJN1,PRD-8IBAV8IMNOU1,PRD-GV91XDW2YBQ9",False,True
INT-UNBWT2UFNPD051B9,2026-02-26 21:59:46,2026-02-26,CLI-S5RL0QD6GG1U,AGT-SHC2ZWX53S,Email,Email,Técnico,Técnico,,,False,True,Positivo,0.3,mexican,mexican,False,,False,False
INT-1IQ25SW7DZE6UNDO,2026-02-26 09:39:09,2026-02-26,CLI-I55OQ0A295Y5,AGT-EYD17D0BT6,Inbound Call,Phone,Queja,Queja,278.0,82.0,False,True,Negativo,-0.39,,,False,PRD-JQNZE80WTKZ6,False,True
INT-FC268HFYQOTX4FYA,2026-02-26 18:14:11,2026-02-26,CLI-N3574LH657XI,AGT-PSARAEWNDG,Inbound Call,Phone,Transaccional,Transaccional,318.0,191.0,True,False,Neutral,0.15,,,False,"PRD-4F5SFPOREXGS,PRD-FNVPSUL2NSAK",False,True
INT-3JPON1TY556BHG1W,2026-02-27 03:13:57,2026-02-26,CLI-W3HE623VV6FM,AGT-MAN3CDDLKC,Inbound Call,Phone,Transaccional,Transaccional,98.0,138.0,True,False,Neutral,0.11,argentine,argentine,False,,True,True
INT-E1E7JOU9E9NBDAH6,2026-02-26 22:04:41,2026-02-26,CLI-VKRKIXJPAL8T,AGT-Y9F01ICSEJ,Inbound Call,Phone,Producto,Producto,106.0,13.0,True,False,Neutral,-0.13,mexican,mexican,False,,False,True
INT-NE2N63S942TLIJ0Y,2026-02-26 23:55:21,2026-02-26,CLI-K57AVYR398OL,AGT-MJV5NGFRQL,Inbound Call,Phone,Transaccional,Transaccional,262.0,58.0,False,True,Neutral,0.21,argentine,argentine,False,,False,True
INT-T6G7H8D25667B0FV,2026-02-26 16:21:12,2026-02-26,CLI-PG5FKO1MQ19B,AGT-VSNRM7IQIT,Outbound Call,Phone,Producto,Producto,267.0,,True,False,Neutral,-0.19,colombian,colombian,False,"PRD-BC36WPSDKF5G,PRD-ZS09YKXQFDRZ,PRD-94PJH17ACLKY",False,True
INT-RF4A2PC76S4GHQXA,2026-02-26 23:16:14,2026-02-26,CLI-LB3AVHIWT8LB,AGT-1HFUQGD4SI,Inbound Call,Phone,Transaccional,Transaccional,206.0,72.0,True,False,Neutral,0.21,,,False,,False,True
INT-GD2NW8FBMB8LSUNA,2026-02-26 13:25:08,2026-02-26,CLI-9ASEZ9PL8K5O,AGT-HSAKSDDKYK,Email,Email,Comercial,Comercial,,,False,True,Negativo,-0.38,mexican,colombian,False,,False,False
INT-ZEZ5Y3O6KOSIWCTT,2026-02-26 19:39:52,2026-02-26,CLI-UOMY4TLKRCK5,AGT-ILZ3O4HNJ7,Chat,App,Transaccional,Transaccional,,,True,False,Neutral,0.27,,,False,"PRD-SKJG6V4MWGUR,PRD-QPHJJJ5H7AUX",True,False
INT-60QERX9H301EJMQ4,2026-02-26 08:45:37,2026-02-26,CLI-1398VOY1HSLM,AGT-F0YXXAXRAU,Inbound Call,Phone,Transaccional,Transaccional,198.0,195.0,True,False,Neutral,-0.17,mexican,mexican,False,,True,True
INT-GB9XKVHD6NBWBLEB,2026-02-26 08:10:13,2026-02-26,CLI-F568LKQME5CZ,AGT-TO6C4N5ZBE,Inbound Call,Phone,Queja,Queja,400.0,150.0,False,True,Neutral,0.24,colombian,colombian,False,,True,True
INT-QNALDXF00DS86UJL,2026-02-26 15:50:44,2026-02-26,CLI-J3NREJ9Q10U9,AGT-FNW1UWSWIS,Inbound Call,Phone,Técnico,Técnico,318.0,203.0,True,False,Neutral,0.02,,,False,,False,True
INT-DY3YCHWZGNII6OWA,2026-02-27 07:33:40,2026-02-26,CLI-HPKLJ240DLP0,AGT-G4ZXDWOS2S,Inbound Call,Phone,Transaccional,Transaccional,493.0,76.0,False,True,Neutral,0.11,mexican,mexican,False,PRD-XGKAQH4PMWLA,False,True
INT-4CFZHW9EIOIJBT49,2026-02-26 14:36:38,2026-02-26,CLI-KF8FCKUVNWV9,AGT-KUIILLCOPA,Inbound Call,Phone,Comercial,Comercial,493.0,134.0,True,True,Negativo,-0.57,,,True,"PRD-JXVVM9AZ4GGT,PRD-FB7ETWBA7VIY,PRD-GEG5RUOW7RFN",False,True
INT-NP8ZPJBW1BCEGQ6L,2026-02-27 04:25:43,2026-02-26,CLI-UOBY659H3TRN,AGT-04JD8RS9U4,Inbound Call,Phone,Técnico,Técnico,592.0,148.0,False,True,Negativo,-0.6,argentine,argentine,False,PRD-HDQ44ILDPJBW,True,True
INT-9AMLJ1BE19F63KSF,2026-02-26 08:17:44,2026-02-26,CLI-GUFOAEA5F8FF,AGT-A8JC05Z7T5,Inbound Call,Phone,Transaccional,Transaccional,256.0,124.0,False,True,Neutral,0.19,,,False,"PRD-VXCD257A72LT,PRD-0CLHZYABE6R2,PRD-MKZ1NSBJ95DX",False,True
INT-M223NF6ALE87LLSI,2026-02-26 21:26:54,2026-02-26,CLI-ELVVJMT5M1OG,AGT-1QOK2G45HI,Email,Email,Producto,Producto,,,False,True,Positivo,0.5,mexican,mexican,False,,False,False
INT-9KY8ACZJ2OM5KP3K,2026-02-27 05:21:30,2026-02-26,CLI-35CY1B05YYBV,AGT-3F64L1CQON,Inbound Call,Phone,Transaccional,Transaccional,198.0,95.0,True,False,Neutral,-0.12,mexican,mexican,False,,False,True
INT-8OZS4WKYF8803YC8,2026-02-27 05:57:32,2026-02-26,CLI-G3NYE6PAVZG0,AGT-JUB6V7KWTH,Inbound Call,Phone,Producto,Producto,231.0,61.0,True,False,Neutral,-0.22,mexican,mexican,False,,False,True
INT-IOW4UVBA59XIMBE9,2026-02-27 04:54:59,2026-02-26,CLI-PHNRH04NKF59,AGT-H4WPLB7OBS,Inbound Call,Phone,Transaccional,Transaccional,150.0,98.0,True,True,Neutral,0.14,mexican,mexican,False,,True,True
INT-V1T2BR5FUT528HMQ,2026-02-27 02:06:03,2026-02-26,CLI-7FQ84VN1O0OZ,AGT-WTHHY9FLGT,Inbound Call,Phone,Transaccional,Transaccional,85.0,94.0,True,False,Neutral,0.01,mexican,mexican,False,,False,True
INT-UD8GU9MUVCSRQWQE,2026-02-27 01:13:27,2026-02-26,CLI-ELDZ8CN72PJ6,AGT-7STCFNILU3,Inbound Call,Phone,Transaccional,Transaccional,326.0,140.0,True,False,Neutral,-0.07,mexican,mexican,False,,False,True
INT-JWDFSOVW6TGMMFMN,2026-02-26 22:45:27,2026-02-26,CLI-9IXWKZ7DX5DB,AGT-1HFUQGD4SI,Outbound Call,Phone,Producto,Producto,173.0,,False,True,Negativo,-0.57,mexican,mexican,False,PRD-3SV3ZUTDMN0E,False,True
INT-9UKS8M37SZN8NNTP,2026-02-26 12:01:49,2026-02-26,CLI-UJW8UTZAMUFH,AGT-HGVZ3WILY5,Inbound Call,Phone,Queja,Queja,388.0,177.0,False,True,Positivo,0.46,,,False,,False,True
INT-FFE89CBAMDGGR46D,2026-02-26 19:35:57,2026-02-26,CLI-S3SK243YRVWV,AGT-4WZQ2M1A4U,Chat,WhatsApp,Transaccional,Transaccional,,,False,True,Neutral,0.21,mexican,mexican,False,,False,False
INT-N9I645DBIASL84HV,2026-02-26 16:51:36,2026-02-26,CLI-W3NMWBRDZOJE,AGT-GJ089YSJS0,Inbound Call,Phone,Comercial,Comercial,654.0,137.0,True,True,Negativo,-0.33,,,False,,False,True
INT-GU37BUN7FB6XP6VR,2026-02-26 23:28:43,2026-02-26,CLI-8FBEJU1QJW2S,AGT-X775H4RLEY,Inbound Call,Phone,Transaccional,Transaccional,218.0,24.0,True,False,Neutral,0.28,mexican,mexican,False,,True,True
INT-HY3W98N4MT8QYM4Y,2026-02-27 03:59:53,2026-02-26,CLI-IP2WEAD83W3R,AGT-CG3PF9BZHZ,Inbound Call,Phone,Producto,Producto,337.0,73.0,True,False,Neutral,0.26,mexican,mexican,False,"PRD-BLMG9BR4CVHJ,PRD-NE8QYS9639V2,PRD-TWX44C9959G6",False,True
INT-NB207H2YT13Q2VH1,2026-02-27 06:17:09,2026-02-26,CLI-5JQS6ZKHL0SY,AGT-IZDFJFHSFH,Inbound Call,Phone,Transaccional,Transaccional,30.0,142.0,True,False,Neutral,0.07,mexican,mexican,True,"PRD-MXTC0EY43IG9,PRD-VB987AQYBMKM",False,True
INT-YFFRIZFPBZSQI46W,2026-02-26 12:07:05,2026-02-26,CLI-MR199Q7C9KME,AGT-I0RSC4IGXZ,Inbound Call,Phone,Producto,Producto,271.0,137.0,True,False,Negativo,-0.65,mexican,mexican,False,PRD-9WEN4MQMBO9D,False,True
INT-OWFU5RCRVA8L4THK,2026-02-26 21:46:20,2026-02-26,CLI-FBRAF4758Z82,AGT-020055Q6ET,Inbound Call,Phone,Transaccional,Transaccional,172.0,81.0,True,False,Neutral,-0.23,mexican,mexican,False,,False,True
INT-3F593XLQZZ635B26,2026-02-26 08:16:51,2026-02-26,CLI-QV9DMZY49BMS,AGT-Z6N2FYD0RW,Inbound Call,Phone,Transaccional,Transaccional,254.0,106.0,True,False,Neutral,-0.01,colombian,colombian,False,"PRD-4SJBU1JN8CRN,PRD-UGVYXT0BJ301,PRD-EW4FGYPQC012",False,True
INT-IY5DT0YFLZ4N1GLX,2026-02-27 00:15:10,2026-02-26,CLI-TBEFRTUWWCVL,AGT-LWM9P4ETLV,Outbound Call,Phone,Comercial,Comercial,409.0,,True,False,Neutral,0.11,argentine,argentine,False,,False,True
INT-HY2BZ6GZDTPNQ0YE,2026-02-27 03:50:46,2026-02-26,CLI-RYOEAWNR2EHD,AGT-703TCW9HY5,Inbound Call,Phone,Queja,Queja,460.0,91.0,True,False,Neutral,0.02,mexican,colombian,False,,False,True
INT-4K2WUA8IE8RHOZT5,2026-02-26 09:55:03,2026-02-26,CLI-LTRSJQV8DU8M,AGT-703TCW9HY5,Inbound Call,Phone,Producto,Producto,235.0,149.0,False,True,Neutral,-0.2,mexican,mexican,False,,False,True
INT-N4GH0Q7R2JFD6XR4,2026-02-26 19:40:17,2026-02-26,CLI-BEDG3YXTZSKO,AGT-HHYX8OE9JF,Inbound Call,Phone,Transaccional,Transaccional,101.0,71.0,True,False,Neutral,0.07,,,False,,False,True
INT-2GXFWD692VTIAS6A,2026-02-26 18:41:53,2026-02-26,CLI-2PS8OUHHDG46,AGT-4WZQ2M1A4U,Chat,WhatsApp,Producto,Producto,,,True,False,Negativo,-0.33,,,True,"PRD-JR18RABF11U4,PRD-MX1HROVORUX7,PRD-AJAYENK9S7LU",False,False
INT-3HM6AAJKDK9ADLOX,2026-02-27 06:43:18,2026-02-26,CLI-HLGQ1GABKOA8,AGT-LWM9P4ETLV,Outbound Call,Phone,Queja,Queja,419.0,,False,True,Neutral,-0.09,,,True,"PRD-MCA1KSS1679S,PRD-ROXXD9A0CXCO",False,True
INT-U7R5EWN17UPTWXQJ,2026-02-26 23:31:05,2026-02-26,CLI-CQ65L4BV1HYU,AGT-CL1ZPNLJ7U,Inbound Call,Phone,Transaccional,Transaccional,244.0,47.0,True,False,Neutral,-0.22,mexican,mexican,False,"PRD-C4V3B9RY8SBB,PRD-496OXB5OUEAR,PRD-EIBRIU85GS25",True,True
INT-9DDYPH7EWOM3C1DW,2026-02-27 00:03:32,2026-02-26,CLI-JRNJ8Q36OH7J,AGT-9WIE6SB1MJ,Inbound Call,Phone,Producto,Producto,198.0,81.0,True,False,Neutral,-0.06,mexican,mexican,False,,True,True
INT-KYRV5Q2WD615VDDD,2026-02-26 13:42:50,2026-02-26,CLI-2U0RSZ2KSSN1,AGT-HLGND96O59,Inbound Call,Phone,Producto,Producto,171.0,191.0,True,True,Neutral,0.27,mexican,argentine,False,"PRD-O2Z2VGUL02QA,PRD-ZRJ4ORZZ4MNY,PRD-ZC3VWBX96ILC",False,True
INT-DIYA0RN1CZXHVDIZ,2026-02-26 14:59:43,2026-02-26,CLI-IANC4FVWKZCI,AGT-2VV2VCM1M0,Inbound Call,Phone,Producto,Producto,228.0,266.0,True,False,Negativo,-0.67,mexican,colombian,False,"PRD-5DBRYEBVLPTX,PRD-4FAX4KUIL54S,PRD-Y1LFI2SJYUII",True,True
INT-0OA5DSPNFYOHVDL3,2026-02-26 20:47:01,2026-02-26,CLI-N2TZW48SQW9I,AGT-O0IO8DF56E,Inbound Call,Phone,Técnico,Técnico,229.0,72.0,True,False,Muy Negativo,-0.99,,,False,,False,True
INT-UEV8T5DEG3E43DJ8,2026-02-27 05:36:29,2026-02-26,CLI-G9CJRTK6ZBWV,AGT-9XS8S3F6F9,Email,Email,Transaccional,Transaccional,,,True,False,Neutral,-0.27,,,False,"PRD-YUJ5BCDC6M9H,PRD-VQSGDQJRV2ZP",False,False
INT-7QUQMYTOEFCPA1RI,2026-02-26 19:24:31,2026-02-26,CLI-LB71EZTXP7J6,AGT-3F64L1CQON,Outbound Call,Phone,Técnico,Técnico,304.0,,True,True,Muy Positivo,0.84,argentine,argentine,False,"PRD-DDEGABQ2J0GL,PRD-G432GXYMD168",False,True
INT-ZI0X4UWPT3J53A2F,2026-02-27 03:12:25,2026-02-26,CLI-X3E001NCVT3X,AGT-9OUCPLC2FI,Inbound Call,Phone,Comercial,Comercial,299.0,126.0,True,False,Negativo,-0.5,mexican,mexican,True,,False,True
INT-GV7R3HN84YX7DO49,2026-02-26 18:02:24,2026-02-26,CLI-WPZBPYBKO188,AGT-GL138CSY0G,Inbound Call,Phone,Transaccional,Transaccional,219.0,0.0,True,False,Neutral,0.25,colombian,colombian,False,,False,True
INT-P0FQ1F8631ZYE2VD,2026-02-27 07:24:08,2026-02-26,CLI-F3HGN7JEPPDW,AGT-HXJTIF9ZMH,Inbound Call,Phone,Técnico,Técnico,391.0,47.0,False,True,Neutral,-0.14,argentine,argentine,False,PRD-DFKLWBZVRJ5H,True,True
INT-UMAB7EWKYW9Y76PW,2026-02-27 00:34:38,2026-02-26,CLI-CKNIX8U8DCOV,AGT-9M45XHR1BB,Inbound Call,Phone,Producto,Producto,415.0,155.0,True,True,Neutral,-0.0,colombian,colombian,False,,False,True
INT-890AYIBJM40L5UMY,2026-02-26 19:33:14,2026-02-26,CLI-YUY9B20U0D27,AGT-VTQJ9SJZEV,Chat,WhatsApp,Retención,Retención,,,False,True,Positivo,0.47,argentine,mexican,False,PRD-BMAPZV70ATK5,True,False
INT-4OKU07XIV6S6O8QR,2026-02-26 10:16:21,2026-02-26,CLI-CB12UT7H1DGP,AGT-8UCMD0TC8H,Inbound Call,Phone,Transaccional,Transaccional,178.0,52.0,True,False,Neutral,0.13,argentine,argentine,True,,False,True
INT-JBJPE1PS3DGHDGPT,2026-02-26 15:51:56,2026-02-26,CLI-OGB06LAP2N39,AGT-7DXQDW91FT,Inbound Call,Phone,Transaccional,Transaccional,191.0,131.0,True,False,Neutral,0.12,mexican,mexican,False,,False,True
INT-KOFSMMRK55MYO9XC,2026-02-27 04:49:46,2026-02-26,CLI-36QZ7ARGJARN,AGT-5UL7ZJRT6U,Chat,Web Chat,Producto,Producto,,,True,True,Neutral,0.05,,,False,"PRD-O63DOLFF1JIV,PRD-O8QQ98A3BIHY",False,False
INT-QK5BEIZ2Z1V8IDEP,2026-02-26 17:27:31,2026-02-26,CLI-3QVQ17JM0WJ6,AGT-Z5RWNRU08X,Inbound Call,Phone,Técnico,Técnico,426.0,72.0,True,False,Muy Negativo,-0.91,argentine,argentine,False,,True,True
INT-IBIRIDYENE8XPONF,2026-02-27 05:17:04,2026-02-26,CLI-A6SLA4LH8Q0Z,AGT-PNYK14IYR3,Inbound Call,Phone,Comercial,Comercial,402.0,189.0,False,True,Neutral,-0.18,mexican,mexican,False,,False,True
INT-ZSW2SWO6HHNCW43P,2026-02-26 13:40:41,2026-02-26,CLI-4GHDFI0CSHXL,AGT-C8ND0CQOMI,Inbound Call,Phone,Retención,Retención,496.0,104.0,False,True,Neutral,-0.19,mexican,mexican,False,,False,True
INT-NJ677D10AM1MT09G,2026-02-26 23:05:52,2026-02-26,CLI-7COWRJ6SOUF0,AGT-9OUCPLC2FI,Inbound Call,Phone,Transaccional,Transaccional,193.0,92.0,True,True,Neutral,0.15,mexican,mexican,False,,False,True
INT-UFQ4EV8X4SKKUADU,2026-02-26 23:20:13,2026-02-26,CLI-ZC05QWDM8DZ9,AGT-6VICGVK5AY,Inbound Call,Phone,Queja,Queja,606.0,146.0,False,True,Negativo,-0.32,argentine,argentine,False,"PRD-0S770FBER18O,PRD-92LTDNQ1I4LE,PRD-N3TTVBMRSS2C",False,True
INT-6B77MXBSASC8FDVY,2026-02-27 02:42:29,2026-02-26,CLI-VSMUSO2LNULK,AGT-F46PV6WU87,Inbound Call,Phone,Transaccional,Transaccional,183.0,101.0,True,True,Neutral,-0.17,,,False,"PRD-UNMP3H3D47CJ,PRD-LHZRTNRH10OX,PRD-NGKXT5H6P48I",True,True
INT-32YQ9WYWUZ0MSG55,2026-02-26 17:35:55,2026-02-26,CLI-T059QI1VG5NA,AGT-3QQOA60CO9,Chat,WhatsApp,Queja,Queja,,,True,False,Neutral,0.15,,,False,,False,False
INT-0TZ7S7VB5E63TZNG,2026-02-26 20:07:37,2026-02-26,CLI-KDUWN5M4WUPE,AGT-FDYIW6O3N8,Inbound Call,Phone,Transaccional,Transaccional,199.0,136.0,True,False,Neutral,0.1,colombian,colombian,False,,True,True
INT-RH5S2NKCMXHT1X8K,2026-02-26 13:27:59,2026-02-26,CLI-0MPUTE3BAN6S,AGT-EYD17D0BT6,Inbound Call,Phone,Comercial,Comercial,400.0,262.0,False,True,Muy Negativo,-0.73,argentine,mexican,False,,False,True
INT-VY1XDLPQGAK4V6KV,2026-02-26 09:09:10,2026-02-26,CLI-GTXPTPGAJDG3,AGT-A0349DE11K,Inbound Call,Phone,Transaccional,Transaccional,301.0,82.0,True,False,Neutral,0.15,argentine,argentine,False,,False,True
INT-NW9VC4BLIYYSKQ02,2026-02-27 02:18:51,2026-02-26,CLI-D3WN8EKP6305,AGT-8GZ4DPZ9DX,Chat,App,Técnico,Técnico,,,True,False,Neutral,-0.15,mexican,mexican,False,,False,False
INT-KFSWZDPOUF1B1FQV,2026-02-27 04:09:52,2026-02-26,CLI-QHQOAD9XWRGG,AGT-EKYTTPV65Q,Inbound Call,Phone,Producto,Producto,345.0,85.0,True,False,Neutral,0.04,,,False,,False,True
INT-28N7JWG170XPPNOY,2026-02-26 20:42:47,2026-02-26,CLI-O43JUAWSQ2IT,AGT-FK6MI05PO5,Email,Email,Técnico,Técnico,,,False,True,Neutral,-0.25,mexican,mexican,False,,False,False
INT-ZSIVMW4QJ5HT23F6,2026-02-27 01:26:51,2026-02-26,CLI-O2DCGCGG6I9S,AGT-A0349DE11K,Inbound Call,Phone,Transaccional,Transaccional,208.0,218.0,True,False,Neutral,0.14,mexican,mexican,False,"PRD-S6IA62IP948J,PRD-NCYHO4KKE7BF,PRD-1WSY0VH58XBN",True,True
INT-T45MCXA7NW8WXJF7,2026-02-26 09:36:03,2026-02-26,CLI-EGUN49MQ8HQ6,AGT-ZVJM1G7IC2,Outbound Call,Phone,Retención,Retención,278.0,,True,True,Muy Negativo,-0.72,argentine,mexican,False,,False,True
INT-WD36J8PSYEOOZSWF,2026-02-26 12:15:09,2026-02-26,CLI-IN1R0UAYELFA,AGT-A2SCD6YQWM,Inbound Call,Phone,Producto,Producto,155.0,147.0,True,False,Negativo,-0.58,mexican,mexican,False,"PRD-XG7X1DRIQ9B9,PRD-R6T4NSGU5OP9",True,True
INT-RSXUHMWESIJSBS0I,2026-02-26 17:54:43,2026-02-26,CLI-C5MVHK9ZFSXD,AGT-ROT1G7EATP,Email,Email,Técnico,Técnico,,,False,True,Neutral,0.13,colombian,colombian,False,,True,False
INT-RP6TZ0TY971H2DY1,2026-02-27 03:15:02,2026-02-26,CLI-E0GXA29XASS8,AGT-RA3DSUKQ7L,Inbound Call,Phone,Producto,Producto,304.0,131.0,True,False,Neutral,-0.16,mexican,mexican,False,,False,True
INT-A17XB0H427DQK3RQ,2026-02-26 12:58:45,2026-02-26,CLI-UM14Q9KWCZUY,AGT-PFD0CBGK7V,Inbound Call,Phone,Queja,Queja,633.0,252.0,True,False,Positivo,0.5,mexican,mexican,False,,False,True
INT-2A7UM8GFBYO6Q76P,2026-02-26 19:28:57,2026-02-26,CLI-BL3H602K5506,AGT-CWR8ILK22F,Inbound Call,Phone,Queja,Queja,514.0,140.0,False,True,Neutral,-0.29,mexican,mexican,False,"PRD-P9Q38C41DHIF,PRD-PJGYZZYQGANJ",True,True
INT-WFJQCKGGV6Y4IK09,2026-02-26 18:35:52,2026-02-26,CLI-FYIX2SFDGR34,AGT-PB69L1LNLH,Inbound Call,Phone,Técnico,Técnico,326.0,167.0,True,False,Negativo,-0.56,,,False,,False,True
INT-VQFT116SVZRFZ0I0,2026-02-26 20:45:31,2026-02-26,CLI-QDMMCRH6B4H7,AGT-3BSCOF9JIO,Outbound Call,Phone,Técnico,Técnico,504.0,,True,True,Neutral,-0.22,mexican,mexican,False,,False,True
INT-I1CVOLD10IWEZIYP,2026-02-26 13:37:58,2026-02-26,CLI-0KAKQ2H0S7F4,AGT-N2UN9U0TIY,Inbound Call,Phone,Transaccional,Transaccional,98.0,203.0,True,False,Neutral,-0.27,mexican,mexican,False,,False,True
INT-1U5P6B88BYTXTL6T,2026-02-26 22:51:41,2026-02-26,CLI-QZBLZ6Z3HXCN,AGT-JF8XQ7A6D7,Inbound Call,Phone,Transaccional,Transaccional,233.0,58.0,False,True,Neutral,-0.29,mexican,mexican,False,"PRD-4Y24JTOVDD1L,PRD-2A4ZXALET1GW,PRD-V3BN03N7F4R1",False,True
INT-BTXSXUCUU74EY64Q,2026-02-26 11:13:53,2026-02-26,CLI-8BXUZM89OFPL,AGT-14RK669CGW,Chat,Web Chat,Queja,Queja,,,True,False,Muy Negativo,-0.73,mexican,argentine,False,,True,False
INT-B67OYR76UPTFCWJT,2026-02-26 18:16:16,2026-02-26,CLI-K4JSQK0WM8OF,AGT-6XP3TGQ4QT,Outbound Call,Phone,Transaccional,Transaccional,231.0,,True,False,Neutral,0.24,,,False,,False,True
INT-3STS5A91SVSPRIBQ,2026-02-26 22:40:22,2026-02-26,CLI-HF5X0F8NPT5F,AGT-7VLDSY7HW2,Inbound Call,Phone,Técnico,Técnico,254.0,139.0,True,True,Muy Negativo,-0.73,mexican,mexican,False,PRD-EZ74RQPSRHOU,True,True
INT-L5CIOQ88RSCK1KF0,2026-02-27 01:47:03,2026-02-26,CLI-ZVEGXN4PV98L,AGT-MZOYQF5IHG,Inbound Call,Phone,Transaccional,Transaccional,249.0,185.0,True,False,Neutral,0.09,mexican,mexican,False,,False,True
INT-XXXX5EIRS95HAU47,2026-02-27 00:40:24,2026-02-26,CLI-KT0GRZNAIRGX,AGT-5YUGOKFA7V,Email,Email,Queja,Queja,,,False,True,Positivo,0.55,mexican,mexican,False,PRD-UHFGPE5C0JIW,False,False
INT-8G9O7IUU8PWV5OD5,2026-02-27 05:34:51,2026-02-26,CLI-9X6XEU0DKV5K,AGT-GQXD9Y0S4T,Inbound Call,Phone,Técnico,Técnico,560.0,65.0,True,False,Positivo,0.56,argentine,argentine,False,,False,True
INT-O0Y226OITZ0EBGM6,2026-02-26 23:19:56,2026-02-26,CLI-PASEBOOJ6EHO,AGT-LTX82QBP86,Inbound Call,Phone,Producto,Producto,217.0,183.0,True,False,Muy Negativo,-0.71,,,False,"PRD-Z5V7LVJLLEAE,PRD-A2H2QNKFM0ZU",True,True
INT-6M0WZMKQ60THQZU4,2026-02-26 09:29:12,2026-02-26,CLI-4AE2QIB8NGFX,AGT-FGAVR5FA7R,Inbound Call,Phone,Queja,Queja,433.0,80.0,False,True,Neutral,0.24,argentine,argentine,False,,True,True
INT-ML56S23DE273TXZ3,2026-02-26 23:18:49,2026-02-26,CLI-PPRXIGZXCZIC,AGT-YDPN2UV1D2,Email,Email,Queja,Queja,,,False,True,Neutral,-0.06,mexican,mexican,False,PRD-Z761PNEOXHVY,False,False
INT-CQK0BHL03G16MYXJ,2026-02-26 11:12:11,2026-02-26,CLI-XPXKBHWJ42OL,AGT-JZD6GWJBLQ,Inbound Call,Phone,Técnico,Técnico,420.0,146.0,False,True,Neutral,0.09,,,False,,True,True
INT-HXXCZLFWLTZGSKYE,2026-02-26 18:53:15,2026-02-26,CLI-NDSSCFRHJ7Y6,AGT-QTX61K7PE2,Inbound Call,Phone,Queja,Queja,297.0,0.0,False,True,Positivo,0.64,colombian,colombian,False,,False,True
INT-YB3Q4RWY6NGFBRXR,2026-02-26 21:12:01,2026-02-26,CLI-MMLCCJH0IF1H,AGT-4XB5JSV7Y6,Inbound Call,Phone,Comercial,Comercial,418.0,60.0,False,True,Negativo,-0.58,colombian,colombian,False,"PRD-1K6I3T0MRSD1,PRD-9PY44VU95OS4",False,True
INT-T0PVVSO9AO7RVWXC,2026-02-26 17:13:53,2026-02-26,CLI-HBB8AO7YA1J8,AGT-OK1RZJN2O9,Chat,Web Chat,Producto,Producto,,,True,True,Neutral,0.21,mexican,mexican,False,,True,False
INT-D6LUL2NX9TNSMD98,2026-02-26 23:20:37,2026-02-26,CLI-5M39U0A3AVS6,AGT-F7WFZ9B08B,Inbound Call,Phone,Técnico,Técnico,181.0,97.0,True,False,Positivo,0.66,,,False,,True,True
INT-7XVZQE440I2OY3V9,2026-02-26 22:04:38,2026-02-26,CLI-U9KX6RICK81Y,AGT-BTCYXRD64J,Inbound Call,Phone,Comercial,Comercial,624.0,81.0,True,False,Muy Negativo,-0.76,colombian,colombian,True,,False,True
INT-OV7CTOLCVFXTXI5P,2026-02-27 01:09:34,2026-02-26,CLI-H6QHMYCLGVXZ,AGT-P71DS5U8E5,Inbound Call,Phone,Transaccional,Transaccional,218.0,0.0,True,False,Neutral,-0.0,mexican,mexican,False,,False,True
INT-B6G84LMCNGEBRC72,2026-02-27 04:00:12,2026-02-26,CLI-DB92D2IBFK9J,AGT-5U01K5M1K2,Inbound Call,Phone,Producto,Producto,204.0,47.0,True,True,Neutral,0.28,mexican,mexican,False,,False,True
INT-QD6CXT5YOOL52TZ1,2026-02-26 18:38:51,2026-02-26,CLI-1GBX9U8CZOK7,AGT-027UBQ07RA,Chat,App,Producto,Producto,,,False,True,Neutral,0.28,,,False,"PRD-1IC95R1L0W4H,PRD-7QUEJJ78M6E1",False,False
INT-T8R0LUJLLY2H3ZCT,2026-02-27 01:09:58,2026-02-26,CLI-1G28YZC8VVQ5,AGT-1HI8LTU9QQ,Inbound Call,Phone,Técnico,Técnico,197.0,122.0,True,False,Negativo,-0.61,mexican,mexican,False,,False,True
INT-7S1SNA65IXLXV9OZ,2026-02-26 11:36:56,2026-02-26,CLI-Y5AN4JTMGHKW,AGT-MZOYQF5IHG,Outbound Call,Phone,Queja,Queja,490.0,,False,True,Positivo,0.51,mexican,mexican,False,,False,True
INT-T8YVZBGZIZDXHGUV,2026-02-26 15:35:05,2026-02-26,CLI-PNW2F3VVS7HQ,AGT-KLMNE0JCP7,Inbound Call,Phone,Transaccional,Transaccional,179.0,105.0,True,False,Neutral,0.14,mexican,mexican,True,,True,True
INT-426GAQTP3DJ7L1SW,2026-02-26 09:16:14,2026-02-26,CLI-NOS4MFU8CR4P,AGT-BJAC223K45,Inbound Call,Phone,Transaccional,Transaccional,218.0,120.0,False,True,Neutral,-0.14,mexican,mexican,False,,False,True
INT-MDQTASM50V4FJK5M,2026-02-26 22:13:31,2026-02-26,CLI-RBQN6IK0MXBR,AGT-1QBYEZ82IZ,Inbound Call,Phone,Retención,Retención,376.0,83.0,True,True,Positivo,0.57,mexican,colombian,False,,False,True
INT-K52EUDM6VIJ70WYB,2026-02-26 17:48:00,2026-02-26,CLI-G03G1Q5QR8OR,AGT-M261ILATNY,Inbound Call,Phone,Producto,Producto,273.0,144.0,True,False,Neutral,-0.18,argentine,mexican,False,,True,True
INT-W5TEOR7L7UO8W5LD,2026-02-27 02:48:06,2026-02-26,CLI-9VVGDOZI6PXT,AGT-JNY9R22CQM,Email,Email,Producto,Producto,,,True,False,Muy Positivo,0.89,colombian,colombian,False,PRD-UWEDJ536NL3N,False,False
INT-3QO4YI0AIKDM3X9W,2026-02-27 06:31:42,2026-02-26,CLI-UKE2KS5FX9SP,AGT-JMIXZ2J7AY,Inbound Call,Phone,Técnico,Técnico,239.0,191.0,False,True,Muy Negativo,-0.7,,,False,,False,True
INT-UC7HKL4PVQDB8CXV,2026-02-26 19:57:27,2026-02-26,CLI-12OE1XU5MRP1,AGT-DHXTM6VCSZ,Inbound Call,Phone,Queja,Queja,414.0,126.0,True,False,Neutral,-0.06,mexican,mexican,False,PRD-7B4AR73MZMUT,True,True
INT-8U8SS09ZX6KB3IU4,2026-02-26 10:35:56,2026-02-26,CLI-T0N3B9WVSKR1,AGT-PMBI3UJHU6,Inbound Call,Phone,Queja,Queja,430.0,62.0,False,True,Positivo,0.54,mexican,mexican,False,"PRD-KCTWM8HF4TRF,PRD-Q0NVFE2QNXMK",True,True
INT-AK5UFGJBJ5WJGYHR,2026-02-27 05:00:34,2026-02-26,CLI-BADFSPTBSEGJ,AGT-PFD0CBGK7V,Inbound Call,Phone,Transaccional,Transaccional,484.0,46.0,True,False,Neutral,0.17,colombian,colombian,False,"PRD-Q5IIKTBI0E8M,PRD-7V4604BWUX8P,PRD-2S6EY4TOSSPL",False,True
INT-FSLVA92A57R3K8JA,2026-02-27 00:17:05,2026-02-26,CLI-I48W1N9VECDS,AGT-J65U3Y7UPF,Chat,App,Queja,Queja,,,True,False,Negativo,-0.63,argentine,argentine,False,,False,False
INT-2HTLG5YSSN5YBOZQ,2026-02-27 06:26:25,2026-02-26,CLI-9WS8GUTSIGQD,AGT-KMZE7JK6KH,Inbound Call,Phone,Transaccional,Transaccional,223.0,116.0,True,False,Neutral,-0.2,,,False,,True,True
INT-WCHUIDWAE9X9IWRL,2026-02-27 04:33:09,2026-02-26,CLI-9XFGF9EMTQ4W,AGT-ZZLDFFK5KX,Inbound Call,Phone,Transaccional,Transaccional,221.0,125.0,True,False,Neutral,-0.14,colombian,colombian,False,,False,True
INT-OM12N6NJUE2ARAL1,2026-02-26 22:38:40,2026-02-26,CLI-ZPCY2WH2RS08,AGT-EC4OBWIIR0,Inbound Call,Phone,Transaccional,Transaccional,158.0,188.0,True,False,Neutral,-0.28,,,False,"PRD-H6DX7XEQ00NZ,PRD-PKPA8RHVP5N1,PRD-V5IKWCVQHSKD",True,True
INT-UU30GTGC3JQTWKZT,2026-02-26 19:43:12,2026-02-26,CLI-AEAX8F2CDTT7,AGT-W8EI0WIZH2,Inbound Call,Phone,Comercial,Comercial,382.0,140.0,True,False,Negativo,-0.61,,,False,"PRD-M3K8G260QGXS,PRD-NL229XVW7ACN,PRD-ZOZLNQF5HGXU",True,True
INT-BGXMZAAMI7M758RQ,2026-02-26 16:38:08,2026-02-26,CLI-1WP8KAN8APFR,AGT-1JJ2DET54K,Outbound Call,Phone,Transaccional,Transaccional,189.0,,True,False,Neutral,-0.29,,,False,,True,True
INT-21OJXCDBQDZDO4JB,2026-02-26 19:46:22,2026-02-26,CLI-V9LX62IO8CDN,AGT-PTQZV7ISVY,Chat,Web Chat,Transaccional,Transaccional,,,True,False,Neutral,0.15,mexican,mexican,False,"PRD-BQ2U1ELBX3PC,PRD-YHQQ3S9AD2NJ",False,False
INT-HXVHOAC9BXIA1J83,2026-02-26 13:33:14,2026-02-26,CLI-MNBNAN6VWLY7,AGT-2VV2VCM1M0,Outbound Call,Phone,Queja,Queja,385.0,,False,True,Positivo,0.49,mexican,colombian,False,,True,True
INT-KDCM7D4CAP9H47A5,2026-02-26 23:51:42,2026-02-26,CLI-0N79LTSGZY8E,AGT-FDLM1Q1ROE,Email,Email,Técnico,Técnico,,,True,False,Positivo,0.32,mexican,argentine,False,"PRD-JV7GQ5XBFWHF,PRD-GNSSA77XF7TP",True,False
INT-VVDIJZJY8C1TEXLI,2026-02-27 01:25:29,2026-02-26,CLI-XFJQY5XC1I9J,AGT-8E5KSD2KSS,Inbound Call,Phone,Transaccional,Transaccional,244.0,84.0,False,True,Neutral,-0.27,argentine,argentine,False,,False,True
INT-K2YZPZHMUU4P0ISA,2026-02-26 17:11:08,2026-02-26,CLI-48TDOUQUOZIV,AGT-4ZD726MTT0,Chat,Web Chat,Transaccional,Transaccional,,,True,False,Neutral,0.08,mexican,mexican,True,,False,False
INT-FLOQLOQC96ZAWXTB,2026-02-26 22:56:52,2026-02-26,CLI-07YXUSM5I05D,AGT-OB1QMLOS9A,Inbound Call,Phone,Transaccional,Transaccional,173.0,144.0,True,False,Neutral,-0.08,colombian,colombian,False,,False,True
INT-016OBICIT6QWUWHC,2026-02-26 13:14:35,2026-02-26,CLI-A72TLWSQXZJR,AGT-P7UOO1A7J0,Chat,App,Técnico,Técnico,,,False,True,Negativo,-0.67,mexican,colombian,False,PRD-E2EI80640EMF,False,False
INT-41U7QFT56SI64HXW,2026-02-26 20:40:02,2026-02-26,CLI-989V75TXTHH3,AGT-Y8FJ2RWP4X,Inbound Call,Phone,Producto,Producto,236.0,50.0,True,False,Neutral,-0.0,mexican,mexican,False,,False,True
INT-N40XKHA247AIDAAE,2026-02-27 07:51:33,2026-02-26,CLI-P3D59OQ7PLOP,AGT-ZM1ICRUZC0,Inbound Call,Phone,Producto,Producto,188.0,104.0,False,True,Neutral,-0.07,mexican,argentine,False,,False,True
INT-DN07H8LI666J863C,2026-02-26 08:29:31,2026-02-26,CLI-WP1VINDQRHDZ,AGT-FU9KBINBYD,Inbound Call,Phone,Queja,Queja,459.0,94.0,False,True,Neutral,0.16,mexican,mexican,False,,False,True
INT-CEO1KUY10EISLMHZ,2026-02-27 05:09:36,2026-02-26,CLI-B1J5GKO7HMAS,AGT-TSMBWDEGRX,Inbound Call,Phone,Transaccional,Transaccional,262.0,37.0,True,True,Neutral,-0.13,mexican,argentine,False,,True,True
INT-LAQCUH7S4H2XOVAJ,2026-02-26 17:57:14,2026-02-26,CLI-7YFCRE52X9SM,AGT-632VJ0ER29,Email,Email,Producto,Producto,,,True,False,Neutral,0.18,,,False,,False,False
INT-TEOT4WVCSRJ6J2TW,2026-02-26 14:00:51,2026-02-26,CLI-ZVLT2UQAO0SV,AGT-E7F95ZYZZ5,Chat,Web Chat,Comercial,Comercial,,,False,True,Positivo,0.62,mexican,mexican,False,,False,False
INT-R3FWM9FORTRGFWWP,2026-02-27 03:31:05,2026-02-26,CLI-YJSORNB52JA9,AGT-JZD6GWJBLQ,Outbound Call,Phone,Producto,Producto,185.0,,True,False,Neutral,-0.27,,,False,,True,True
INT-MWD8LH6FDY32TOY4,2026-02-27 02:33:43,2026-02-26,CLI-4KSVF99067SF,AGT-G70AXC3MAP,Inbound Call,Phone,Transaccional,Transaccional,240.0,110.0,False,True,Neutral,0.04,,,True,PRD-KPFWTGFJR9VN,False,True
INT-RYPMGR8193KAK35E,2026-02-27 00:21:22,2026-02-26,CLI-SAGQDO3QDVKJ,AGT-XAD4RO1CPF,Outbound Call,Phone,Comercial,Comercial,817.0,,False,True,Negativo,-0.7,colombian,colombian,False,,True,True
INT-5PJ8LA9PA7CCHIZT,2026-02-26 10:42:18,2026-02-26,CLI-FPKSLH7DGSQB,AGT-904VY7KN6S,Inbound Call,Phone,Transaccional,Transaccional,247.0,126.0,True,False,Neutral,-0.04,argentine,argentine,False,"PRD-6VJ4SYOMIEQZ,PRD-TNMCJ4D5MJM6",False,True
INT-4IOWJ79QTGGGJ6EE,2026-02-26 10:53:55,2026-02-26,CLI-2MWFC8BNZZ9O,AGT-L4OQ0ZUN5H,Outbound Call,Phone,Producto,Producto,128.0,,True,False,Negativo,-0.52,mexican,mexican,True,,True,True
INT-SJJPGT9LGWWKZ423,2026-02-26 08:49:28,2026-02-26,CLI-WRR67QWU3OGH,AGT-KCVV5R760L,Inbound Call,Phone,Queja,Queja,379.0,35.0,True,False,Negativo,-0.34,argentine,argentine,True,,False,True
INT-XW08FED20AF90S62,2026-02-26 11:03:45,2026-02-26,CLI-IVUF4X56OO5F,AGT-OK1RZJN2O9,Inbound Call,Phone,Transaccional,Transaccional,265.0,186.0,True,False,Neutral,0.07,mexican,mexican,False,PRD-RRA9H0J4RUH6,False,True
INT-JJU3E4L9YH0CAYTH,2026-02-26 21:15:55,2026-02-26,CLI-RQBO11KE3POQ,AGT-DF77TQ66S1,Inbound Call,Phone,Transaccional,Transaccional,473.0,98.0,True,False,Neutral,0.12,colombian,colombian,False,,False,True
INT-62HQDLGQCCJWEXNU,2026-02-26 16:56:30,2026-02-26,CLI-5P29OHG9P9DK,AGT-8K2B7GS404,Inbound Call,Phone,Producto,Producto,362.0,102.0,True,True,Neutral,-0.23,,,False,"PRD-E1EZTOYUJVS6,PRD-CPGXW675X83W,PRD-IKYPLJTEO86F",False,True
INT-AX5462PPLT6QFMSS,2026-02-27 03:47:15,2026-02-26,CLI-Y5ULWJTSD3P4,AGT-613L388D8L,Inbound Call,Phone,Transaccional,Transaccional,145.0,201.0,True,False,Neutral,0.05,colombian,colombian,False,"PRD-EWFDHXNC4WZP,PRD-O1G3XZQN7G5C,PRD-KOG5US4TIWRR",False,True
INT-QEHKF2TY9KP9GGTX,2026-02-27 04:28:25,2026-02-26,CLI-3LKHJ9JW2BW7,AGT-L2GBNN6LWM,Inbound Call,Phone,Técnico,Técnico,434.0,95.0,True,False,Neutral,0.23,colombian,colombian,False,,False,True
INT-KMQ2B2OJG272I9JX,2026-02-26 23:42:40,2026-02-26,CLI-MOQQVT5YQNUZ,AGT-FDD67YH842,Chat,WhatsApp,Retención,Retención,,,False,True,Neutral,-0.02,colombian,mexican,False,,True,False
INT-LWM07ZDHLCMNI8MC,2026-02-27 03:16:56,2026-02-26,CLI-XBZ5TAGAKI58,AGT-155PP3L6XE,Inbound Call,Phone,Comercial,Comercial,743.0,74.0,False,True,Positivo,0.52,mexican,mexican,False,"PRD-SAFUYYRFOLHD,PRD-TUTKXMIPITFD,PRD-XP7ABOM2SVCV",True,True
INT-XFU4YUPTCDP54HSF,2026-02-27 07:47:50,2026-02-26,CLI-RQ8GWBJHQU2K,AGT-3MU2T4LM27,Chat,App,Transaccional,Transaccional,,,True,False,Neutral,-0.01,colombian,mexican,False,"PRD-ZINL28DFAXBP,PRD-THBLZYQ7MPZL",False,False
INT-Q8PRXN7ZEKQ2NEW8,2026-02-26 18:31:59,2026-02-26,CLI-Q8I0SV3B1ZWC,AGT-VJO068ZKEB,Outbound Call,Phone,Transaccional,Transaccional,338.0,,True,False,Neutral,-0.07,,,False,,False,True
INT-NCOCK3D4CAZR38MI,2026-02-26 21:39:40,2026-02-26,CLI-S4C4VYIK8X7J,AGT-U0ICPNUDA8,Outbound Call,Phone,Técnico,Técnico,489.0,,True,False,Negativo,-0.57,argentine,argentine,False,,False,True
INT-PT8LEL7IOGXM0QB4,2026-02-26 14:46:50,2026-02-26,CLI-M8DYA3BYUCSP,AGT-RZ4O8DO2E0,Inbound Call,Phone,Transaccional,Transaccional,350.0,109.0,True,True,Neutral,-0.22,,,True,PRD-S5ES4XLMR6XL,False,True
INT-HPFG6CASQ2N7CO2T,2026-02-26 08:50:02,2026-02-26,CLI-MPQS61T4CH71,AGT-VFQGSL284E,Email,Email,Técnico,Técnico,,,False,True,Neutral,-0.3,argentine,argentine,True,,False,False
INT-9N4BY5I7V0ZTJ3VM,2026-02-27 00:17:28,2026-02-26,CLI-QUSM7IZ2S4SV,AGT-MUGUW34H6Y,Inbound Call,Phone,Queja,Queja,518.0,129.0,False,True,Neutral,-0.05,,,False,,True,True
INT-Y1A0DBCCXIPG6B1N,2026-02-26 20:43:06,2026-02-26,CLI-IC0NYQQAVXL0,AGT-IT36OMS326,Inbound Call,Phone,Transaccional,Transaccional,163.0,195.0,True,False,Neutral,0.21,colombian,argentine,False,"PRD-9FEDBHL08FVJ,PRD-ZLZUB3IJ98XQ",False,True
INT-O3QS9ICCYD2DLEBC,2026-02-26 20:21:51,2026-02-26,CLI-30MPHOGGPK3L,AGT-HAN56V24NZ,Outbound Call,Phone,Retención,Retención,622.0,,True,False,Muy Negativo,-0.7,,,False,,False,True
INT-CGHR2AAZH30ZUWEG,2026-02-26 10:21:11,2026-02-26,CLI-QFZRUOXEV85M,AGT-70FM5VSQNA,Inbound Call,Phone,Producto,Producto,274.0,250.0,True,False,Negativo,-0.52,mexican,mexican,False,PRD-TCG7W6I9YD02,False,True
INT-RILDWKY5L7VLONQ2,2026-02-26 15:40:15,2026-02-26,CLI-M01BYVZ1I7LD,AGT-KMZE7JK6KH,Inbound Call,Phone,Transaccional,Transaccional,199.0,36.0,True,False,Neutral,-0.13,,,False,,False,True
INT-1C3QIBZWR9FFHKSI,2026-02-27 02:48:42,2026-02-26,CLI-SFUB7F1IG31W,AGT-DWXSXT9OP1,Inbound Call,Phone,Producto,Producto,381.0,74.0,True,True,Neutral,0.09,mexican,mexican,False,,False,True
INT-SW6BVIF4YD70XFZH,2026-02-26 13:58:20,2026-02-26,CLI-JXRDM5NYEFRQ,AGT-VBNZ1407P0,Inbound Call,Phone,Producto,Producto,350.0,238.0,True,False,Neutral,0.17,argentine,colombian,False,,True,True
INT-ZBBR21NN086FXMNM,2026-02-27 00:36:29,2026-02-26,CLI-FMNO78R4C1LE,AGT-CQBSB9AUGV,Inbound Call,Phone,Transaccional,Transaccional,221.0,189.0,True,True,Neutral,0.18,colombian,colombian,False,,False,True
INT-59JVQ1OUR2ZV1122,2026-02-26 23:06:13,2026-02-26,CLI-HHC9CW9UPHVK,AGT-0XMA3F473C,Inbound Call,Phone,Transaccional,Transaccional,177.0,122.0,True,False,Neutral,0.29,argentine,argentine,True,"PRD-73W46R0GQDUZ,PRD-XKJQEBPEGMAQ",False,True
INT-A8JH0P92SJM6WVDW,2026-02-27 01:45:02,2026-02-26,CLI-T3H9XXPA3CNQ,AGT-SBUNV1M04D,Outbound Call,Phone,Técnico,Técnico,513.0,,True,False,Positivo,0.7,,,False,"PRD-8L6HPV0Q9OQV,PRD-MG9H4LF8WJAE",False,True
INT-JQLX7MDZFSZL1JWY,2026-02-26 10:40:24,2026-02-26,CLI-S6V2G84R59QF,AGT-P7RT23V6BG,Inbound Call,Phone,Transaccional,Transaccional,154.0,112.0,True,False,Neutral,-0.1,mexican,mexican,True,,False,True
INT-TRBV8BRMPVBE8KAE,2026-02-27 00:55:26,2026-02-26,CLI-UBGU4AV3NLL7,AGT-799UGSN0G6,Inbound Call,Phone,Transaccional,Transaccional,155.0,191.0,True,False,Neutral,-0.07,,,False,PRD-S4FKIHS21G7H,False,True
INT-VF06AOGT0M8NTFYX,2026-02-26 15:41:48,2026-02-26,CLI-SJRINR3Y9LLY,AGT-PC5ULV8S9U,Inbound Call,Phone,Transaccional,Transaccional,258.0,189.0,True,False,Neutral,-0.05,argentine,mexican,False,,False,True
INT-0D1HEW5HQEU6QTXJ,2026-02-26 17:11:39,2026-02-26,CLI-J8GSDBFYGTE4,AGT-JF8XQ7A6D7,Email,Email,Transaccional,Transaccional,,,True,False,Neutral,0.29,,,False,,False,False
INT-P241HU7D6BSPQEJ4,2026-02-26 09:23:12,2026-02-26,CLI-KD6DY7PSAVTL,AGT-JMDX6MHRX7,Inbound Call,Phone,Comercial,Comercial,369.0,167.0,True,False,Positivo,0.56,mexican,colombian,False,"PRD-VW31PXEI2NRF,PRD-8323OX60MRHP",True,True
INT-6OWQTBV5CKAQNE9T,2026-02-26 15:17:33,2026-02-26,CLI-ARLVEJY7WV7Z,AGT-5JI29B48WM,Inbound Call,Phone,Transaccional,Transaccional,182.0,188.0,True,False,Neutral,-0.25,mexican,mexican,False,,False,True
INT-UYZ3QDQL51AECB41,2026-02-27 06:16:35,2026-02-26,CLI-ZLFPIG8K0GKK,AGT-3QK2IMDGCM,Inbound Call,Phone,Transaccional,Transaccional,559.0,131.0,True,False,Neutral,-0.24,mexican,mexican,False,,False,True
INT-I78S42ETZ2KR0EAF,2026-02-26 11:32:30,2026-02-26,CLI-4AY6215OY7KY,AGT-5UL7ZJRT6U,Chat,WhatsApp,Técnico,Técnico,,,True,True,Neutral,0.12,argentine,argentine,True,,False,False
INT-2BBXPJMIOAM5F7RF,2026-02-27 05:15:11,2026-02-26,CLI-7DCTPU1UJOJZ,AGT-4EBSCOM63S,Inbound Call,Phone,Producto,Producto,366.0,104.0,True,False,Neutral,-0.1,mexican,mexican,False,,False,True
INT-TZ5GV8ENLD8DVAEV,2026-02-26 22:24:25,2026-02-26,CLI-20P2CZ2E4B2R,AGT-29JHQCW7PX,Inbound Call,Phone,Producto,Producto,234.0,6.0,True,False,Neutral,-0.11,colombian,colombian,False,,False,True
INT-O0UB2DI1QLBRVHZG,2026-02-27 01:56:54,2026-02-26,CLI-Z4PEYDDOCGXV,AGT-FKCTSOFRV8,Inbound Call,Phone,Producto,Producto,135.0,45.0,True,False,Negativo,-0.62,mexican,mexican,True,"PRD-A37R86T2YS6D,PRD-T8NZRGAP4PCP,PRD-CQ3KWNTPWZ15",False,True
INT-BUSK58JGF0EPWDRY,2026-02-26 23:33:01,2026-02-26,CLI-TU3RCLMZPO7Z,AGT-MJV5NGFRQL,Outbound Call,Phone,Queja,Queja,189.0,,True,False,Negativo,-0.33,colombian,argentine,False,,True,True
INT-IQ3TY3WKWTPS454A,2026-02-27 02:21:59,2026-02-26,CLI-JI1UGF94BEL6,AGT-PE3Z64L6KA,Inbound Call,Phone,Comercial,Comercial,333.0,121.0,True,False,Negativo,-0.69,argentine,argentine,False,PRD-4EMML6H5MQ16,True,True
INT-UHE8QY2RV6E5WAIP,2026-02-26 10:44:00,2026-02-26,CLI-UD4BD1UQWLAO,AGT-AQSH0YRHNO,Outbound Call,Phone,Técnico,Técnico,339.0,,True,False,Neutral,0.09,,,False,,True,True
INT-0TGA13HOIKC34NIV,2026-02-26 12:46:58,2026-02-26,CLI-60IZUMNI8FTM,AGT-PL88YJFM3Q,Outbound Call,Phone,Queja,Queja,349.0,,False,True,Neutral,-0.02,,,False,,True,True
INT-EJVBWQ7ZK89Z4DQK,2026-02-26 22:37:50,2026-02-26,CLI-ZOFPSSQHGFZE,AGT-GSM38P7MQL,Inbound Call,Phone,Técnico,Técnico,285.0,212.0,True,False,Muy Negativo,-0.73,mexican,mexican,False,PRD-QCSYL30MB7R8,False,True
INT-18HLWA8W8CK8LVIN,2026-02-26 19:25:41,2026-02-26,CLI-QHOPFMA2ALYM,AGT-8OAKZ8LMXA,Chat,WhatsApp,Transaccional,Transaccional,,,True,False,Neutral,0.25,,,False,,False,False
INT-GQU7P4L3KRM7UUXR,2026-02-27 02:54:47,2026-02-26,CLI-F1N5B6HZQ9HF,AGT-G5GWLCT1OU,Inbound Call,Phone,Queja,Queja,336.0,201.0,False,True,Neutral,0.11,mexican,mexican,False,,True,True
INT-DNYPLSJTFH2FPKJN,2026-02-26 10:36:41,2026-02-26,CLI-W6EK3LKQY0EK,AGT-AY5LPIBFMB,Outbound Call,Phone,Queja,Queja,415.0,,True,True,Neutral,-0.08,,,False,"PRD-513BZLGZ18Q0,PRD-HY04B4K4ACDJ",True,True
INT-2EP4GM6CO5D7H2BQ,2026-02-26 14:01:23,2026-02-26,CLI-T10HNTNJN7L9,AGT-YXM23BG3PR,Outbound Call,Phone,Transaccional,Transaccional,242.0,,True,False,Neutral,-0.05,,,False,,False,True
INT-VHC6WRDR82IJ6P4E,2026-02-27 07:21:12,2026-02-26,CLI-BHKA8TEIHMYL,AGT-FY0JTX0WX4,Inbound Call,Phone,Transaccional,Transaccional,254.0,1.0,False,True,Neutral,-0.11,,,False,,True,True
INT-CKQ6N4VMHA4WVUNS,2026-02-26 16:13:24,2026-02-26,CLI-1BCTN6FRVYXL,AGT-Y9S7A0UC7Q,Inbound Call,Phone,Queja,Queja,685.0,126.0,False,True,Positivo,0.45,,,True,"PRD-RCQHXIDST4OQ,PRD-K4EJFYFF3AU7,PRD-6K6BXZWIP6VJ",True,True
INT-25BFJ4W9K9G6CKN0,2026-02-27 04:40:20,2026-02-26,CLI-3L02YZ6RPRVX,AGT-9BGLWS9RWM,Inbound Call,Phone,Comercial,Comercial,595.0,110.0,False,True,Muy Negativo,-0.97,mexican,mexican,False,,False,True
INT-3WMUSLSS8XKPZWOM,2026-02-27 01:21:58,2026-02-26,CLI-PUNVIGMK2JTW,AGT-FNW1UWSWIS,Inbound Call,Phone,Transaccional,Transaccional,146.0,63.0,True,False,Neutral,-0.12,,,False,PRD-D6CLROTGSSCT,True,True
INT-0TXYE14J2TG4UDLA,2026-02-26 17:08:28,2026-02-26,CLI-1H2CJBPF4IK6,AGT-JSX5PQZSR1,Outbound Call,Phone,Transaccional,Transaccional,206.0,,True,True,Neutral,0.26,mexican,mexican,False,PRD-0K2E1P8JBLA0,False,True
INT-ZWRO2ZQ9CVZ286MN,2026-02-26 10:29:25,2026-02-26,CLI-A0CNYXIERYO9,AGT-S2RR13SI24,Inbound Call,Phone,Transaccional,Transaccional,172.0,147.0,True,True,Neutral,0.08,colombian,colombian,False,"PRD-2RGU5V4ROZTE,PRD-BT1K122BWMPH,PRD-YB1BAX2QWPNU",True,True
INT-JN7RLV9TKTFIQVZ0,2026-02-26 19:40:02,2026-02-26,CLI-97CGVM28MOQO,AGT-ABK5SY60XE,Inbound Call,Phone,Retención,Retención,614.0,3.0,True,True,Neutral,0.28,,,False,,True,True
INT-ZWO1FGOSMG30KKTK,2026-02-26 19:51:39,2026-02-26,CLI-NYPWMQNY5WKF,AGT-R8G56XJJDR,Inbound Call,Phone,Retención,Retención,219.0,127.0,False,True,Negativo,-0.37,,,False,,False,True
INT-VR9372GMCAJ189PT,2026-02-26 11:00:41,2026-02-26,CLI-KT832P9R8AUB,AGT-NQ72Y207T6,Inbound Call,Phone,Producto,Producto,273.0,236.0,True,False,Neutral,-0.04,mexican,mexican,False,"PRD-KU8YBKZCPP54,PRD-AHMF4GH33R92,PRD-MMNCZZ47BWX5",True,True
INT-TLLRDSINR0QQ6YU9,2026-02-26 17:49:00,2026-02-26,CLI-2OZH809ACAFF,AGT-8NE8GSGUG4,Inbound Call,Phone,Transaccional,Transaccional,559.0,83.0,True,False,Neutral,-0.17,mexican,mexican,False,,False,True
INT-PTOQHNW8KY12TNGF,2026-02-26 23:51:08,2026-02-26,CLI-8JXK86GZ0DY2,AGT-ZQ5QQ96EUM,Inbound Call,Phone,Producto,Producto,323.0,27.0,False,True,Positivo,0.37,,,False,,False,True
INT-PVFCUW5YJ6TAOABZ,2026-02-26 12:47:52,2026-02-26,CLI-3S9S7W10MRQK,AGT-EBM3J7XZ6E,Inbound Call,Phone,Transaccional,Transaccional,179.0,181.0,True,False,Neutral,-0.14,mexican,mexican,False,,False,True
INT-4C3CRODPG334WU6N,2026-02-27 00:29:12,2026-02-26,CLI-9FRRBTMK7LMV,AGT-BNRGY5W9D6,Inbound Call,Phone,Queja,Queja,236.0,0.0,True,False,Neutral,-0.26,mexican,mexican,False,,False,True
INT-AOMYCE88QBMRPFJ8,2026-02-26 14:06:10,2026-02-26,CLI-HYTM2XWIQFHG,AGT-7QOULFMSTS,Inbound Call,Phone,Transaccional,Transaccional,138.0,244.0,True,False,Neutral,-0.21,colombian,mexican,False,,False,True
INT-TJL7O3ZRFGPDO3EM,2026-02-27 01:33:05,2026-02-26,CLI-FJNY59JIMFUV,AGT-G70AXC3MAP,Outbound Call,Phone,Queja,Queja,342.0,,True,False,Muy Negativo,-0.95,,,True,"PRD-BRTA0Y6A9L2E,PRD-7WK8QWCWEVZH,PRD-L1P5PBJ3997B",False,True
INT-XGXI5R1FLMR257RK,2026-02-27 04:33:48,2026-02-26,CLI-2SROVAH72RMK,AGT-BA5KT5UAR7,Inbound Call,Phone,Transaccional,Transaccional,142.0,89.0,True,False,Neutral,0.29,,,False,,True,True
INT-08WI4VW66KIUDK6E,2026-02-26 11:58:17,2026-02-26,CLI-51MDG0S17TPH,AGT-AY5LPIBFMB,Inbound Call,Phone,Producto,Producto,95.0,93.0,True,False,Positivo,0.6,colombian,colombian,False,,False,True
INT-9NYJ021AD333IR3Q,2026-02-26 17:17:50,2026-02-26,CLI-YHUZA81KQC7K,AGT-M261ILATNY,Inbound Call,Phone,Transaccional,Transaccional,147.0,154.0,True,False,Neutral,0.25,argentine,mexican,False,,False,True
INT-IPI9MAXN69LZCK0W,2026-02-27 06:06:00,2026-02-26,CLI-8X1DZKDCPCKN,AGT-6KXS33Z4GI,Inbound Call,Phone,Transaccional,Transaccional,271.0,128.0,True,True,Neutral,0.19,,,False,,False,True
INT-YJN6NNW0WSUQ2D7U,2026-02-26 15:50:18,2026-02-26,CLI-YC0L18X8V78O,AGT-2IRA439CDD,Chat,Web Chat,Transaccional,Transaccional,,,True,False,Neutral,0.25,colombian,colombian,False,"PRD-3C0QGR0CDLK2,PRD-1MWLO4WK80X1,PRD-VJAWTX0D57ND",False,False
INT-CK6A64PX0ZQL3DVI,2026-02-27 02:50:05,2026-02-26,CLI-LXXQK37VYRZX,AGT-9WIE6SB1MJ,Inbound Call,Phone,Transaccional,Transaccional,197.0,78.0,True,True,Neutral,-0.13,argentine,argentine,False,"PRD-6XS6PPGHPU6V,PRD-AFVDUJ9TXU2L,PRD-W36AHF4AKWA6",False,True
INT-J0EPIK23N23BRICW,2026-02-27 00:19:07,2026-02-26,CLI-PY1MMMG1CJ9M,AGT-09L5Z8WQAS,Chat,App,Producto,Producto,,,True,True,Neutral,0.08,argentine,argentine,True,,False,False
INT-KPVBMFYOY56MF012,2026-02-26 17:49:15,2026-02-26,CLI-F5VZWF5SISCS,AGT-GEHE8V9YO8,Inbound Call,Phone,Producto,Producto,265.0,149.0,True,False,Neutral,-0.19,argentine,mexican,False,"PRD-8K8YPUQRO66L,PRD-8GDMWI3FMA7J,PRD-K9NB5B9DVI3L",True,True
INT-202ODNKE6N5UHPMY,2026-02-26 09:06:59,2026-02-26,CLI-34G8N5AIFJN8,AGT-ZKZMQJ4VSL,Inbound Call,Phone,Queja,Queja,273.0,138.0,False,True,Neutral,0.11,colombian,colombian,False,,False,True
INT-TQKHVROB7UMY6Y4F,2026-02-26 17:49:03,2026-02-26,CLI-68OCD5LGUMGQ,AGT-J05KMZT48E,Inbound Call,Phone,Queja,Queja,290.0,221.0,False,True,Negativo,-0.52,mexican,mexican,False,,True,True
INT-P7LIRZVRDX999HQS,2026-02-26 09:01:51,2026-02-26,CLI-M06Q3DCLSSUM,AGT-VFOW1SAD5J,Inbound Call,Phone,Técnico,Técnico,383.0,62.0,True,False,Positivo,0.41,colombian,mexican,False,,False,True
INT-MDYLLVG0MZDEU5JA,2026-02-27 06:25:54,2026-02-26,CLI-617KFKL34Q0M,AGT-E2Y5OZOV43,Inbound Call,Phone,Transaccional,Transaccional,236.0,152.0,True,False,Neutral,-0.19,colombian,argentine,False,,False,True
INT-2AP8R13BT4PU8LQZ,2026-02-26 22:12:18,2026-02-26,CLI-J0KF6ZGLPYAU,AGT-BQWKT3AVFQ,Outbound Call,Phone,Queja,Queja,194.0,,True,True,Positivo,0.47,mexican,mexican,False,PRD-5QMEQ3RM606F,True,True
INT-24SPUNTI21SVIQAE,2026-02-27 00:01:05,2026-02-26,CLI-RCK91DTSBZVY,AGT-3CWPWNJ1YQ,Inbound Call,Phone,Técnico,Técnico,450.0,182.0,True,False,Neutral,0.19,mexican,mexican,True,PRD-UIKKBRGVRKOX,False,True
INT-FU9HDR9MP3Y7HTX9,2026-02-27 03:57:38,2026-02-26,CLI-DVT3WOJWRBE6,AGT-YTZ9ORZT0J,Inbound Call,Phone,Transaccional,Transaccional,220.0,114.0,True,False,Neutral,-0.16,mexican,argentine,False,PRD-H1QH1TONZU1R,True,True
INT-RLOKWLO8MLPPOWQU,2026-02-26 20:10:41,2026-02-26,CLI-RAML74B8YOQR,AGT-O0IO8DF56E,Inbound Call,Phone,Técnico,Técnico,505.0,55.0,True,False,Positivo,0.37,colombian,colombian,False,"PRD-2ZK1P7LDNHAS,PRD-EEX285IK2TQW",False,True
INT-PE9RUZOWLC046NG4,2026-02-27 07:40:36,2026-02-26,CLI-HD4PTB33WCUV,AGT-61QIQHSI3I,Chat,WhatsApp,Comercial,Comercial,,,True,False,Negativo,-0.42,,,False,"PRD-3X8ZETNHOVWJ,PRD-G4PAUIART8OL",False,False
INT-KT899GPJ29LR0UR6,2026-02-26 14:29:43,2026-02-26,CLI-D3PD1CW0LN91,AGT-V6HEZNUZJC,Inbound Call,Phone,Técnico,Técnico,603.0,69.0,True,False,Positivo,0.52,colombian,colombian,False,,False,True
INT-LZ6FFA1COSQH5GCQ,2026-02-26 17:13:50,2026-02-26,CLI-BDIMP91FOF3Y,AGT-KL8LWJNEC8,Inbound Call,Phone,Transaccional,Transaccional,360.0,215.0,True,True,Neutral,0.0,colombian,mexican,False,,False,True
INT-SXKPTVV7S3GP9KR2,2026-02-26 22:23:34,2026-02-26,CLI-AG0KCUE8I8F6,AGT-BSQ85EHHBB,Inbound Call,Phone,Transaccional,Transaccional,324.0,171.0,True,False,Neutral,0.08,,,False,,False,True
INT-OTMFXVRODYW7JWIO,2026-02-26 12:25:28,2026-02-26,CLI-2YI7A3W0S4KE,AGT-9OW6RQX6YE,Inbound Call,Phone,Producto,Producto,232.0,0.0,False,True,Negativo,-0.48,mexican,mexican,False,,False,True
INT-7A0CYFNPLFEX56C3,2026-02-26 22:39:58,2026-02-26,CLI-8XX5WHQRE4KC,AGT-T82UMP9J0W,Inbound Call,Phone,Técnico,Técnico,381.0,73.0,False,True,Negativo,-0.43,mexican,argentine,False,PRD-V7JOK9FWAYHX,True,True
INT-W8ZZYJTJWZUGICR3,2026-02-26 10:47:23,2026-02-26,CLI-1AFGRGRDZH5W,AGT-JZD6GWJBLQ,Outbound Call,Phone,Transaccional,Transaccional,167.0,,True,False,Neutral,-0.18,mexican,mexican,False,PRD-28IDXVWD3VVB,False,True
INT-NK3YBS3PA34L8AIX,2026-02-27 05:45:20,2026-02-26,CLI-6YL06ZKQWT4K,AGT-7XS8GUBKR1,Inbound Call,Phone,Producto,Producto,325.0,137.0,False,True,Negativo,-0.41,,,False,,False,True
INT-OSYW10CDQKFJPQA9,2026-02-27 07:38:28,2026-02-26,CLI-KC9IR6J598XO,AGT-ZZLDFFK5KX,Inbound Call,Phone,Queja,Queja,485.0,155.0,True,False,Positivo,0.52,argentine,argentine,False,"PRD-SOXBVLE9V4UY,PRD-BN7IWSE3LFCS",True,True
INT-XNFNX347F5OHFI9C,2026-02-26 16:21:55,2026-02-26,CLI-757F6USC57O7,AGT-MNK9T02WF4,Inbound Call,Phone,Comercial,Comercial,733.0,60.0,True,False,Neutral,0.29,colombian,mexican,False,"PRD-JYXL0BFCOCKX,PRD-UPF7ZL6PG3JO",True,True
INT-HO260KZVZKIZNJS1,2026-02-27 03:46:23,2026-02-26,CLI-I2747JL09DM8,AGT-VPHYTUW0MQ,Inbound Call,Phone,Producto,Producto,307.0,140.0,True,False,Positivo,0.32,mexican,mexican,False,PRD-4X5UUUC8R2UX,False,True
INT-FLMXJVCHQXG7CQYW,2026-02-26 08:12:56,2026-02-26,CLI-ASPQTSSKSJWV,AGT-9GUU6STJO8,Outbound Call,Phone,Queja,Queja,163.0,,False,True,Neutral,-0.03,mexican,mexican,False,,False,True
INT-PH0TEWL3YGU5T55C,2026-02-26 09:35:11,2026-02-26,CLI-OMFEM1HRVIRQ,AGT-PI0J3ZNGEF,Inbound Call,Phone,Transaccional,Transaccional,398.0,105.0,False,True,Neutral,0.04,,,False,,False,True
INT-QUUXZ36DKIYNUM0F,2026-02-26 22:15:04,2026-02-26,CLI-6HIMEIJYUJ11,AGT-C8ND0CQOMI,Outbound Call,Phone,Producto,Producto,276.0,,True,False,Positivo,0.34,,,False,,False,True
INT-L8OAPJUP5Q63L1OR,2026-02-26 23:19:08,2026-02-26,CLI-D523OAQ8WGRP,AGT-GDSRHZRHQ7,Inbound Call,Phone,Producto,Producto,288.0,184.0,True,False,Negativo,-0.6,mexican,mexican,False,"PRD-HOMLWE8DDQDO,PRD-LUQPKZ9XK186",False,True
INT-MF70BJ9UEQ2L0UK8,2026-02-27 07:56:15,2026-02-26,CLI-VDS4ETO5VCB4,AGT-SJLH5LUL0F,Chat,WhatsApp,Retención,Retención,,,True,True,Muy Negativo,-0.77,,,False,"PRD-H8I7YR394ACY,PRD-B556283BNBJT,PRD-ZC9MAZB5L71B",True,False
INT-E0DOR2RQJJ92YC6F,2026-02-26 16:52:13,2026-02-26,CLI-AE8HGE3AMC1U,AGT-Z6N2FYD0RW,Inbound Call,Phone,Técnico,Técnico,467.0,107.0,True,False,Positivo,0.37,argentine,argentine,False,"PRD-3F0ZUCX0MRXG,PRD-UXER5R20SJ8H,PRD-HHT4YEVH67T6",True,True
INT-6DXEES23B73NJXQR,2026-02-26 15:41:33,2026-02-26,CLI-WNN4Z26BTF14,AGT-A8JC05Z7T5,Outbound Call,Phone,Comercial,Comercial,658.0,,False,True,Positivo,0.67,argentine,argentine,False,"PRD-6CV4PXQOZH9N,PRD-VXR8LTIRF0SO,PRD-LBBAVJW4MXQZ",False,True
INT-YSE01OQ47KR8BZOS,2026-02-26 08:11:04,2026-02-26,CLI-CUT5JJFYADS4,AGT-HSNO92AITC,Inbound Call,Phone,Comercial,Comercial,596.0,30.0,True,False,Muy Negativo,-0.93,colombian,colombian,False,,False,True
INT-IHO6GE2X23V98UG0,2026-02-26 14:36:52,2026-02-26,CLI-VY9TOJA6FUAX,AGT-QQATMOYOS3,Inbound Call,Phone,Técnico,Técnico,230.0,79.0,False,True,Neutral,0.05,argentine,argentine,True,,True,True
INT-KM70NY0LFGOHO6YH,2026-02-26 10:36:47,2026-02-26,CLI-16M4VSTVVVA9,AGT-QTX61K7PE2,Inbound Call,Phone,Transaccional,Transaccional,131.0,198.0,True,False,Neutral,-0.07,,,False,,True,True
INT-BDMUKZZH7POWOQPI,2026-02-26 08:46:40,2026-02-26,CLI-T1889E59OSID,AGT-8F824H7DN8,Inbound Call,Phone,Queja,Queja,228.0,138.0,True,False,Positivo,0.39,colombian,mexican,False,"PRD-4S1DZT9Y7K8R,PRD-KZ80XS2XDSGL",False,True
INT-4B45UUBTCQD464R7,2026-02-26 11:17:57,2026-02-26,CLI-95GWUXQVP4ZZ,AGT-NVXKQOY9ML,Outbound Call,Phone,Queja,Queja,569.0,,False,True,Neutral,-0.09,,,True,,False,True
INT-1ZDAG1VEJNJYEB17,2026-02-26 18:35:15,2026-02-26,CLI-ZY3EAM9ACSKN,AGT-CTUYD8XUXN,Inbound Call,Phone,Transaccional,Transaccional,242.0,66.0,True,False,Neutral,0.03,argentine,colombian,True,,False,True
INT-9EOM8AO7IHBR5YH5,2026-02-27 04:48:35,2026-02-26,CLI-2R0NFAPQIER7,AGT-ERBZDOFKYX,Inbound Call,Phone,Producto,Producto,284.0,168.0,True,False,Neutral,0.13,,,False,"PRD-QB6EACWSGPN4,PRD-DLRJNT7FGUGK,PRD-4KZY3G04IKAM",False,True
INT-J2ZUKS9U803894FX,2026-02-26 13:55:13,2026-02-26,CLI-77VXGL34KRYW,AGT-VPGMWBYXFI,Inbound Call,Phone,Técnico,Técnico,615.0,89.0,True,True,Negativo,-0.64,,,False,,False,True
INT-LHXLH73TQVVITNN9,2026-02-26 23:37:31,2026-02-26,CLI-A03LP8H8AAUQ,AGT-X4R33GB4CR,Inbound Call,Phone,Transaccional,Transaccional,189.0,202.0,True,False,Neutral,0.18,,,False,,False,True
INT-62WSPWZKVX77OVWU,2026-02-27 04:33:18,2026-02-26,CLI-2NZBTL1QV47F,AGT-KL8LWJNEC8,Inbound Call,Phone,Técnico,Técnico,346.0,136.0,False,True,Negativo,-0.55,colombian,colombian,False,,True,True
INT-V33QS6VXK1D9QZOQ,2026-02-26 17:04:18,2026-02-26,CLI-4MFD3ANOOKK8,AGT-RHJINE5TTG,Inbound Call,Phone,Técnico,Técnico,453.0,32.0,True,False,Negativo,-0.63,mexican,mexican,False,,False,True
INT-Y5JI4XQCIY7CTPJN,2026-02-26 18:55:51,2026-02-26,CLI-IMTKMUJJFDEX,AGT-5U01K5M1K2,Inbound Call,Phone,Transaccional,Transaccional,220.0,187.0,True,False,Neutral,0.08,colombian,mexican,False,,False,True
INT-93SYZYBMZ7KQXSR0,2026-02-26 22:49:55,2026-02-26,CLI-JB9J5I460XM8,AGT-Y8VCCG4114,Inbound Call,Phone,Transaccional,Transaccional,272.0,137.0,True,False,Neutral,-0.11,colombian,colombian,True,,False,True
INT-AQS85MCVK4ULR6DG,2026-02-26 15:53:22,2026-02-26,CLI-NL7M268YXPN0,AGT-I54H5N8EAF,Inbound Call,Phone,Queja,Queja,224.0,43.0,True,True,Negativo,-0.4,colombian,mexican,False,"PRD-BZVRK4IT9QXS,PRD-K62LOPUFJWXN,PRD-OZQ8L4OJAGSP",True,True
INT-G0KG8F6AK73GZQCN,2026-02-26 23:38:10,2026-02-26,CLI-DDZ48V8NYPW6,AGT-SN6XXQN379,Inbound Call,Phone,Producto,Producto,423.0,202.0,True,False,Neutral,0.19,,,False,PRD-NFAM71KS2OIB,False,True
INT-S1T3E1XPFRWCLWG5,2026-02-26 21:34:58,2026-02-26,CLI-IFTUXVORHXU3,AGT-VDMGGUDE0K,Inbound Call,Phone,Técnico,Técnico,381.0,171.0,True,False,Negativo,-0.34,,,False,,False,True
INT-7KBYA1UFBX5RRV6Z,2026-02-26 09:26:27,2026-02-26,CLI-7HRBJDAVHH3K,AGT-FDLM1Q1ROE,Inbound Call,Phone,Producto,Producto,268.0,85.0,True,False,Muy Negativo,-0.86,,,False,"PRD-P4Y3T5D2L4NF,PRD-ICA116QU1AVC,PRD-FUC6WNGIPNYR",False,True
INT-8ASUM3K1LVZHHLIJ,2026-02-26 18:17:26,2026-02-26,CLI-LYJCF0TTZ6DZ,AGT-0YP9IMVFG1,Inbound Call,Phone,Técnico,Técnico,322.0,105.0,True,False,Neutral,0.16,,,False,,True,True
INT-COOBU0PFLO35ONS5,2026-02-26 18:17:55,2026-02-26,CLI-3NCNYDZQIYCG,AGT-0SK7J9FAUM,Inbound Call,Phone,Comercial,Comercial,706.0,92.0,True,False,Positivo,0.65,colombian,colombian,False,,False,True
INT-1ETX0SD75KHOR1H4,2026-02-26 20:11:05,2026-02-26,CLI-1UCXRSW7AF20,AGT-5RF05BZME0,Inbound Call,Phone,Transaccional,Transaccional,118.0,164.0,True,False,Neutral,0.04,mexican,mexican,False,"PRD-CFEHJXFV74K2,PRD-WX1I5UZS7D7S",True,True
INT-1OHBAK43JW5N236B,2026-02-27 00:24:12,2026-02-26,CLI-RA0CDZN1DSWA,AGT-OJC9BV7RWY,Inbound Call,Phone,Transaccional,Transaccional,228.0,117.0,True,False,Neutral,0.29,,,False,,False,True
INT-HMN9SDHWO5LGSZRW,2026-02-26 21:50:56,2026-02-26,CLI-Z9GM61FZCKBI,AGT-KITIHYNJSA,Inbound Call,Phone,Transaccional,Transaccional,180.0,204.0,True,True,Neutral,-0.25,,,False,,False,True
INT-13XGQHSS0ABNUDHT,2026-02-27 05:54:39,2026-02-26,CLI-11KCM1EFO4X6,AGT-34TVYJH4ZG,Inbound Call,Phone,Técnico,Técnico,430.0,111.0,False,True,Neutral,-0.24,colombian,colombian,False,PRD-PE6SA0RW25BR,False,True
INT-FJPBKG202H6N9YB6,2026-02-27 02:24:14,2026-02-26,CLI-AY5ZGUES7BVH,AGT-AQSH0YRHNO,Inbound Call,Phone,Producto,Producto,365.0,223.0,True,False,Neutral,0.1,mexican,mexican,False,,False,True
INT-T5R096GNR8J8RQOA,2026-02-26 09:57:08,2026-02-26,CLI-ZXYYTUIGSYEP,AGT-GV8AQYD95Q,Inbound Call,Phone,Producto,Producto,243.0,104.0,True,False,Neutral,0.15,colombian,colombian,False,,True,True
INT-IUMYQ6ISRBCFCMZ0,2026-02-26 16:50:38,2026-02-26,CLI-M4JUKFW8DO2Z,AGT-JSX5PQZSR1,Inbound Call,Phone,Queja,Queja,314.0,197.0,False,True,Neutral,0.25,argentine,argentine,False,,True,True
INT-7AF5WJU35LIP102G,2026-02-27 04:55:51,2026-02-26,CLI-U7KCF4C5W4TJ,AGT-Y27TPT34U4,Inbound Call,Phone,Transaccional,Transaccional,551.0,38.0,True,False,Neutral,0.2,argentine,argentine,False,,False,True
INT-23QNN9NQRXVKMLND,2026-02-26 21:49:20,2026-02-26,CLI-I3FNDY0BBYPN,AGT-FNW1UWSWIS,Chat,Web Chat,Producto,Producto,,,False,True,Neutral,0.28,,,False,PRD-GXQXI0MFQG3R,True,False
INT-EUINJJNJ3Q4B33IW,2026-02-26 18:21:13,2026-02-26,CLI-29F9KD822FLL,AGT-BOSIAA5J5O,Inbound Call,Phone,Queja,Queja,629.0,32.0,True,False,Muy Negativo,-0.97,mexican,mexican,True,"PRD-SWGQCCP6JJ1O,PRD-MYXXL159ZMNP,PRD-J4XTPR0TO6Y6",False,True
INT-OGJG26P69CJC606T,2026-02-26 19:35:58,2026-02-26,CLI-M07SBB04727H,AGT-1HFUQGD4SI,Inbound Call,Phone,Retención,Retención,498.0,288.0,False,True,Negativo,-0.68,mexican,mexican,False,"PRD-TGBEQ4WLCBMD,PRD-8EFMCJN6XFD5",False,True
INT-C6KNZ5KZKI03BX76,2026-02-27 04:35:55,2026-02-26,CLI-1SZ6B17XU6B1,AGT-QO0HKV2FTI,Inbound Call,Phone,Queja,Queja,191.0,193.0,False,True,Neutral,0.26,,,False,,True,True
INT-SE02ZKU1ND65NPUG,2026-02-27 02:58:54,2026-02-26,CLI-MVWKC0RZDOHU,AGT-QL32ARQUQL,Inbound Call,Phone,Transaccional,Transaccional,138.0,127.0,True,False,Neutral,0.06,argentine,argentine,False,,False,True
INT-KRPWUPKDVP4ADDZ5,2026-02-27 02:44:23,2026-02-26,CLI-BTT6LTNTMJ8N,AGT-1DX9VKAHY8,Outbound Call,Phone,Transaccional,Transaccional,131.0,,True,False,Neutral,-0.06,,,False,,False,True
INT-N700DRKWA3VSL4M9,2026-02-26 13:50:21,2026-02-26,CLI-EKGRSMR8SND2,AGT-DHXTM6VCSZ,Inbound Call,Phone,Transaccional,Transaccional,284.0,46.0,True,False,Neutral,-0.11,colombian,colombian,False,,True,True
INT-Y9JL0S8B1M0S9B8Q,2026-02-26 10:17:07,2026-02-26,CLI-JG3WOXW3PD5Q,AGT-CPLJJNES58,Email,Email,Técnico,Técnico,,,True,False,Neutral,0.09,argentine,argentine,False,,True,False
INT-F5UFX28O05E8MO5L,2026-02-26 12:26:13,2026-02-26,CLI-HT90CH88MKM3,AGT-904VY7KN6S,Outbound Call,Phone,Técnico,Técnico,455.0,,False,True,Negativo,-0.65,mexican,mexican,True,"PRD-2FJHSHHIQEUB,PRD-VORO21V5JJ7N",False,True
INT-V6HWEFP2F58QA5D2,2026-02-26 12:12:34,2026-02-26,CLI-1QQF8Q34AKQO,AGT-71H194GLL8,Outbound Call,Phone,Comercial,Comercial,720.0,,True,False,Negativo,-0.58,colombian,colombian,False,"PRD-PPPUOPWOEABR,PRD-1BE4K5QRHMS9,PRD-XFFLSRCS3LFD",False,True
INT-GJ6W5DQO98HBY4KF,2026-02-26 21:32:15,2026-02-26,CLI-UVL36JAWSNYI,AGT-2NVH86ET7M,Inbound Call,Phone,Transaccional,Transaccional,315.0,54.0,True,False,Neutral,-0.09,,,False,,False,True
INT-010JK2LPS56I3Z2Z,2026-02-26 20:50:05,2026-02-26,CLI-Z3EBORR833NY,AGT-71SU0OSLVY,Inbound Call,Phone,Técnico,Técnico,376.0,131.0,True,True,Muy Positivo,0.85,,,False,,True,True
INT-PVFGA1BQ26NPBKU3,2026-02-26 09:30:38,2026-02-26,CLI-54O333S8KD3X,AGT-1HFUQGD4SI,Outbound Call,Phone,Producto,Producto,182.0,,True,False,Neutral,-0.25,mexican,mexican,False,,False,True
INT-IZC62SRAEXQVMYXS,2026-02-26 23:33:45,2026-02-26,CLI-DS4HZGUEGT3V,AGT-MQJMFM7L5Y,Chat,App,Producto,Producto,,,True,False,Neutral,-0.17,mexican,argentine,False,,False,False
INT-8R52WNWB6YN6SEJA,2026-02-26 14:04:18,2026-02-26,CLI-D2Y0ITU00ELM,AGT-BQKJV90OIO,Inbound Call,Phone,Técnico,Técnico,144.0,256.0,True,False,Negativo,-0.38,mexican,mexican,False,"PRD-L8EO7Z117HZT,PRD-NDBIWK1H0HXJ,PRD-T0OTDLUTNYA7",True,True
INT-9TFR168L5ZOR0ONV,2026-02-26 16:11:14,2026-02-26,CLI-WHWNNDOJRMNN,AGT-MSMPY4CS16,Video,App,Producto,Producto,256.0,,True,False,Muy Negativo,-0.82,mexican,mexican,False,PRD-SWXMVYCJXPVA,False,True
INT-XI5T3RP5KOISS1VP,2026-02-27 06:03:14,2026-02-26,CLI-HSLKQ5DRSZC2,AGT-W2NEJNXW3S,Inbound Call,Phone,Queja,Queja,685.0,147.0,True,False,Neutral,-0.27,mexican,mexican,False,,False,True
INT-1X0U64RTABT68YI1,2026-02-26 23:57:53,2026-02-26,CLI-B2BPTQK4H53J,AGT-1LZC3FE0Y5,Inbound Call,Phone,Comercial,Comercial,654.0,175.0,True,False,Neutral,0.29,mexican,mexican,False,,False,True
INT-92107I5BHPF1A42V,2026-02-26 11:39:01,2026-02-26,CLI-A6HV76PCNWVN,AGT-RZ4O8DO2E0,Outbound Call,Phone,Técnico,Técnico,424.0,,True,False,Positivo,0.57,mexican,colombian,False,"PRD-CNI0JGT0R70A,PRD-CZ5FP5QKBEK4,PRD-03OO00ZU1EVM",False,True
INT-T326WWH3OKXG5MKE,2026-02-26 19:25:01,2026-02-26,CLI-JLS80GGDR0TG,AGT-JNY9R22CQM,Inbound Call,Phone,Queja,Queja,473.0,177.0,True,False,Positivo,0.37,argentine,argentine,False,,False,True
INT-C08AN445LDX9DKFH,2026-02-26 21:20:55,2026-02-26,CLI-2Q9E39YP019X,AGT-3F5II193NQ,Email,Email,Producto,Producto,,,True,False,Negativo,-0.56,colombian,colombian,False,"PRD-AQ3JVB3VLXWX,PRD-KHC216SF0B7H,PRD-3YUCUDW63NMV",False,False
INT-CT4X7TZZMHED7XVZ,2026-02-27 06:08:36,2026-02-26,CLI-V9KQJ1WQE1NR,AGT-BRSQ4J226H,Chat,WhatsApp,Transaccional,Transaccional,,,True,False,Neutral,-0.23,,,True,,True,False
INT-5IRYFPR8QDIYE0TD,2026-02-26 08:45:46,2026-02-26,CLI-WJLY19SYU96M,AGT-M8CHINA9AC,Outbound Call,Phone,Comercial,Comercial,655.0,,True,False,Muy Negativo,-0.74,mexican,mexican,True,"PRD-L26NF4I2J0UV,PRD-ZNR6LDSPU4K5",False,True
INT-NTIABR9O9XBGDONL,2026-02-27 01:05:03,2026-02-26,CLI-KQBCX6079NOR,AGT-QFOUTLLR71,Inbound Call,Phone,Queja,Queja,331.0,226.0,False,True,Muy Negativo,-0.73,,,False,,True,True
INT-4B1UD1VWLED96ZDN,2026-02-26 23:00:10,2026-02-26,CLI-L6X109YC575E,AGT-70FM5VSQNA,Inbound Call,Phone,Producto,Producto,209.0,96.0,True,True,Neutral,0.05,mexican,mexican,False,,False,True
INT-7MTJZYH0BJB8TPVO,2026-02-26 09:50:50,2026-02-26,CLI-NK9SUVK0ATWG,AGT-L0V4XUS6HH,Chat,Web Chat,Comercial,Comercial,,,True,False,Muy Positivo,0.81,,,False,,False,False
INT-TCCUFV98WNI4TL21,2026-02-26 19:41:20,2026-02-26,CLI-ZSLRGKXU6016,AGT-KFKEME1XFX,Chat,WhatsApp,Producto,Producto,,,True,False,Neutral,0.24,argentine,argentine,False,PRD-60VJCEN4OGVY,False,False
INT-G1AZIS1FDL617Z41,2026-02-26 08:13:37,2026-02-26,CLI-34MUX41QOQC9,AGT-VPHYTUW0MQ,Outbound Call,Phone,Producto,Producto,203.0,,True,False,Neutral,-0.03,,,False,,True,True
INT-HUUKGOM3P20ETOUG,2026-02-27 06:17:27,2026-02-26,CLI-QDIMPB6314BQ,AGT-BOSIAA5J5O,Inbound Call,Phone,Producto,Producto,242.0,166.0,True,False,Negativo,-0.54,,,False,,True,True
INT-7RVKROZ7OCBTDMIS,2026-02-26 16:19:07,2026-02-26,CLI-2F7OEOW1QUC0,AGT-GEHE8V9YO8,Outbound Call,Phone,Técnico,Técnico,324.0,,True,True,Neutral,0.25,mexican,mexican,False,,False,True
INT-CX6OG2WOVPS6PS7Y,2026-02-26 15:02:24,2026-02-26,CLI-DB5A0YP3A7WG,AGT-KCVV5R760L,Chat,WhatsApp,Transaccional,Transaccional,,,True,False,Neutral,0.26,mexican,mexican,False,,False,False
INT-IT7UA199B6WW9UIA,2026-02-26 14:14:47,2026-02-26,CLI-ZVY3R3TVDRKV,AGT-AN9S4PD9YK,Outbound Call,Phone,Técnico,Técnico,315.0,,True,False,Negativo,-0.39,colombian,colombian,False,,False,True
INT-8CDR5968Q0VGLORR,2026-02-27 01:32:18,2026-02-26,CLI-CXDSDBGJ59VM,AGT-70NA7XO37Z,Inbound Call,Phone,Técnico,Técnico,435.0,26.0,True,False,Neutral,0.09,mexican,mexican,False,"PRD-RUI5GVOXBN6Q,PRD-M2IVLUGD07F8,PRD-EI3C4CBZT9K8",False,True
INT-S4ASC5IT5N65Q5ZB,2026-02-26 12:27:46,2026-02-26,CLI-FL28M0WSQF9U,AGT-BIJKQ265S8,Outbound Call,Phone,Comercial,Comercial,711.0,,True,False,Neutral,-0.03,colombian,colombian,False,,False,True
INT-RST0T6GR9GS1TWYM,2026-02-26 13:19:57,2026-02-26,CLI-3N7XNSFM1WVP,AGT-YXM23BG3PR,Inbound Call,Phone,Técnico,Técnico,367.0,126.0,True,False,Neutral,-0.16,,,False,,False,True
INT-HX0DMUNHORXMXD3M,2026-02-27 04:21:49,2026-02-26,CLI-PBW8BC815UCD,AGT-9WEMMV5AD9,Inbound Call,Phone,Producto,Producto,368.0,49.0,True,False,Neutral,-0.27,mexican,mexican,False,,False,True
INT-FA2M3LW21S39J5IT,2026-02-26 16:01:00,2026-02-26,CLI-0KY45FUNIRCR,AGT-P76IVQDP9K,Inbound Call,Phone,Transaccional,Transaccional,242.0,268.0,True,True,Neutral,-0.22,argentine,argentine,True,,True,True
INT-A2LQ09ECHJ5T5B7J,2026-02-26 17:21:26,2026-02-26,CLI-ZNOOHG4IDN6J,AGT-TRV7Z7UODY,Email,Email,Queja,Queja,,,True,False,Positivo,0.56,mexican,mexican,False,,False,False
INT-GBV8JG2XKFE6N9UJ,2026-02-26 22:20:29,2026-02-26,CLI-HFTLWHZGOPAD,AGT-74NXI0E4E6,Inbound Call,Phone,Técnico,Técnico,249.0,182.0,True,False,Positivo,0.36,,,False,,False,True
INT-J7ZB4XJGNQ1TFAO0,2026-02-27 06:30:21,2026-02-26,CLI-IOL9QX7Z33NB,AGT-7928OR6G55,Inbound Call,Phone,Producto,Producto,288.0,161.0,True,False,Neutral,0.11,argentine,argentine,False,,False,True
INT-1QBPVS083OO7X7PB,2026-02-27 00:08:00,2026-02-26,CLI-8TNGP38ULKGE,AGT-X4R33GB4CR,Chat,App,Comercial,Comercial,,,False,True,Muy Negativo,-0.72,mexican,mexican,False,,False,False
INT-IPTWLJ88779SI5YA,2026-02-26 09:07:41,2026-02-26,CLI-50CUIBWH4LB5,AGT-LZE1XD1GMT,Inbound Call,Phone,Producto,Producto,173.0,237.0,False,True,Negativo,-0.53,mexican,colombian,False,,True,True
INT-ODQZLCCPDDRAM4KA,2026-02-26 18:56:55,2026-02-26,CLI-J4D1XXZEM781,AGT-YXSFAWZ23E,Outbound Call,Phone,Producto,Producto,252.0,,True,False,Negativo,-0.67,mexican,mexican,False,,False,True
INT-H193HNF9OWR3STEW,2026-02-26 20:19:41,2026-02-26,CLI-J4B46C8N2PO1,AGT-7STCFNILU3,Inbound Call,Phone,Transaccional,Transaccional,123.0,82.0,True,False,Neutral,0.27,colombian,colombian,False,,False,True
INT-OJZ504Q65Z1KZK16,2026-02-27 07:47:19,2026-02-26,CLI-SBENPWLTAIBR,AGT-SVZFVPVPBC,Inbound Call,Phone,Técnico,Técnico,341.0,85.0,True,False,Neutral,0.29,colombian,mexican,False,"PRD-MIS0W3AE6C4F,PRD-76SVUX15H9FG",False,True
INT-S3KFFO7J9C9H6PW9,2026-02-27 04:46:19,2026-02-26,CLI-CIGP0XN51SRU,AGT-PNYK14IYR3,Inbound Call,Phone,Técnico,Técnico,217.0,197.0,True,False,Muy Positivo,0.78,,,False,,True,True
INT-NOSIMML11QPEMXXY,2026-02-27 00:57:20,2026-02-26,CLI-3NZ520KO69WE,AGT-H01EG2K29X,Inbound Call,Phone,Transaccional,Transaccional,123.0,181.0,True,False,Neutral,0.21,,,False,"PRD-SOLBKSOD6Z0Q,PRD-R88F0058IV7A,PRD-EBFJ8GHGZ2D9",True,True
INT-YV5EKQ0NP0S5XBUG,2026-02-27 01:24:15,2026-02-26,CLI-ZAPNHMJN2C0S,AGT-MQMVGK3ALG,Inbound Call,Phone,Transaccional,Transaccional,508.0,213.0,False,True,Neutral,0.27,argentine,argentine,False,,False,True
INT-GDCZD460QIEN7ED4,2026-02-26 23:02:01,2026-02-26,CLI-69BNG6BI8C8C,AGT-NO19RXC65N,Chat,WhatsApp,Transaccional,Transaccional,,,False,True,Neutral,0.2,mexican,mexican,True,PRD-MAJG4K2QBHWH,True,False
INT-G7XPOHTFXOZSPV1J,2026-02-26 16:50:25,2026-02-26,CLI-R40UVXSZX01S,AGT-8OU6MJW3QV,Inbound Call,Phone,Producto,Producto,209.0,21.0,True,False,Negativo,-0.53,colombian,colombian,False,"PRD-UMKBRY16JB1S,PRD-OJR6DL1RWY73,PRD-HPO3LYZ95UCR",False,True
INT-OLVQKPPY5UNJ0K70,2026-02-27 05:04:01,2026-02-26,CLI-7L6J6SXXW5RB,AGT-PMTS32C7KD,Outbound Call,Phone,Transaccional,Transaccional,106.0,,True,False,Neutral,0.06,,,False,"PRD-TEB8G3B91N8P,PRD-RZD1H9KAWJC0,PRD-9UNL2V31BCA5",False,True
INT-XQFWHJN8IAEAFAPL,2026-02-27 04:37:23,2026-02-26,CLI-UWK2SAKS1CFB,AGT-0SK7J9FAUM,Inbound Call,Phone,Queja,Queja,132.0,166.0,False,True,Neutral,-0.28,colombian,colombian,False,,False,True
INT-K50S1LNZAZAGZBKY,2026-02-26 17:49:51,2026-02-26,CLI-48BSY3TY1DCL,AGT-YDPN2UV1D2,Chat,App,Técnico,Técnico,,,True,False,Muy Positivo,0.84,,,False,,True,False
INT-R5A7AR5Y877MRE3Q,2026-02-27 04:49:50,2026-02-26,CLI-AM5PP9E43BFX,AGT-MTF6I5TODX,Inbound Call,Phone,Producto,Producto,140.0,110.0,True,False,Neutral,-0.02,colombian,mexican,False,,False,True
INT-4VBBXXN47UB4UPEQ,2026-02-26 10:57:08,2026-02-26,CLI-2KTVCUP6H465,AGT-V879G2OOFG,Inbound Call,Phone,Transaccional,Transaccional,166.0,223.0,True,False,Neutral,-0.29,,,False,PRD-LRXZACHZI1KE,True,True
INT-GKITCYZP4V61CN1Q,2026-02-26 22:55:07,2026-02-26,CLI-6MEATCTWPUBD,AGT-5QGYHBW01W,Inbound Call,Phone,Técnico,Técnico,317.0,168.0,False,True,Neutral,-0.16,mexican,mexican,False,"PRD-7QS6RWF2APUF,PRD-K3T04E4J7HYR",True,True
INT-L57IXZUKXJZGMH1H,2026-02-26 08:16:11,2026-02-26,CLI-QH1W4R0I0GSX,AGT-CEXEFAB9WX,Inbound Call,Phone,Transaccional,Transaccional,313.0,125.0,True,False,Neutral,-0.17,mexican,mexican,False,"PRD-UOENID9T9XHX,PRD-RWSNBJT6P1ZJ",False,True
INT-4Z7KSCB7S78THIDF,2026-02-26 21:33:12,2026-02-26,CLI-1WCXWQX9588Z,AGT-C1BYBSUMTP,Inbound Call,Phone,Producto,Producto,296.0,71.0,True,False,Neutral,-0.28,mexican,mexican,False,"PRD-X0UTRJ8LIQT5,PRD-5GM7GRY6DPZE,PRD-TYRO0KHVDDF2",True,True
INT-MTU8GW7PNRCABXJW,2026-02-27 06:21:21,2026-02-26,CLI-B5V6SJPQSPOO,AGT-54VUKA8638,Inbound Call,Phone,Transaccional,Transaccional,557.0,194.0,True,True,Neutral,0.17,colombian,colombian,True,,True,True
INT-IKNE2U5JQQ14JOST,2026-02-26 09:22:26,2026-02-26,CLI-6RH1E474EMJE,AGT-995PFQJVX6,Inbound Call,Phone,Transaccional,Transaccional,151.0,116.0,True,False,Neutral,0.24,colombian,colombian,False,PRD-F8J5G4EWNN07,False,True
INT-MHZTJGLNY571UGCB,2026-02-26 18:38:12,2026-02-26,CLI-2895SUQ5430L,AGT-NN9QB41DVS,Inbound Call,Phone,Transaccional,Transaccional,181.0,135.0,True,False,Neutral,0.13,,,False,,True,True
INT-H2W7BAZ5XK9FNHO7,2026-02-26 21:12:51,2026-02-26,CLI-KXXQG3AX02L7,AGT-JZ4UT5EH9L,Inbound Call,Phone,Queja,Queja,622.0,175.0,False,True,Neutral,0.08,colombian,colombian,False,PRD-USZV4M0CL2N4,True,True
INT-P3H7WVG5P39HKZFX,2026-02-27 07:39:46,2026-02-26,CLI-AOAL1J9MPZJ1,AGT-GR5JJJRL3O,Inbound Call,Phone,Transaccional,Transaccional,211.0,61.0,True,False,Neutral,-0.19,mexican,mexican,False,"PRD-QZMWSOHE3LN8,PRD-IPDFONXPR5TK",True,True
INT-GM1ST4AF6JX9WW7N,2026-02-26 18:31:14,2026-02-26,CLI-EM0D9FVFATIQ,AGT-0BNYKOVLMJ,Inbound Call,Phone,Producto,Producto,218.0,119.0,True,False,Neutral,0.14,mexican,mexican,False,,False,True
INT-J8P291GX7GR3RKTO,2026-02-26 15:43:00,2026-02-26,CLI-6775M5SQYLJG,AGT-E9ZVJ2OXIN,Inbound Call,Phone,Comercial,Comercial,592.0,74.0,False,True,Negativo,-0.53,argentine,argentine,False,,False,True
INT-9BYQNY8AEU4Y59O5,2026-02-26 15:10:14,2026-02-26,CLI-C3L2AVGHSRK3,AGT-GMSZFOVA7S,Inbound Call,Phone,Transaccional,Transaccional,131.0,121.0,True,True,Neutral,-0.07,mexican,mexican,False,"PRD-9TZ6H9UNCVIH,PRD-WA5TSXQ8RDVT,PRD-JCCHWBTX4XLP",False,True
INT-G995YLF88UHJBAID,2026-02-26 20:11:43,2026-02-26,CLI-TYQ4IMH5B3MY,AGT-7STCFNILU3,Inbound Call,Phone,Producto,Producto,268.0,85.0,True,False,Muy Negativo,-0.77,,,False,,False,True
INT-HYONCFUYJJP59HRR,2026-02-26 19:39:27,2026-02-26,CLI-WL2OX4AS1NPP,AGT-TSSIHYMD02,Inbound Call,Phone,Queja,Queja,365.0,153.0,True,True,Neutral,-0.28,,,False,PRD-E4BXL2IFG4TY,False,True
INT-UEGK24KF0DQ7HQO4,2026-02-26 17:59:39,2026-02-26,CLI-VQ43HZZEJY9W,AGT-7XQCZE73IH,Inbound Call,Phone,Transaccional,Transaccional,166.0,106.0,True,False,Neutral,0.18,,,False,PRD-YTMDVOL4DBSG,False,True
INT-HQS8BIBJZN6D2R2M,2026-02-26 08:17:58,2026-02-26,CLI-4Z8477E2DQ3K,AGT-A8JC05Z7T5,Inbound Call,Phone,Producto,Producto,237.0,114.0,True,False,Neutral,-0.08,colombian,mexican,True,,True,True
INT-05UYTIM14ZZU7HMW,2026-02-27 02:57:52,2026-02-26,CLI-FG8YJ2MLUI7F,AGT-RRHWC3C1WE,Chat,Web Chat,Transaccional,Transaccional,,,True,False,Neutral,0.03,colombian,colombian,False,,False,False
INT-6ATOQG39LU3FIBGL,2026-02-26 16:56:23,2026-02-26,CLI-LTK2AM4JXAZR,AGT-S2ST06ZN2V,Inbound Call,Phone,Queja,Queja,541.0,142.0,True,True,Positivo,0.65,colombian,colombian,False,,False,True
INT-L0G1DQPCP6BQRCER,2026-02-27 02:08:22,2026-02-26,CLI-0K5ZZPZXD6C9,AGT-MKZIRVRLBZ,Inbound Call,Phone,Técnico,Técnico,338.0,0.0,False,True,Neutral,-0.1,mexican,mexican,False,PRD-C2WXOE195515,False,True
INT-15K2LFY1GW94WKFT,2026-02-27 06:48:58,2026-02-26,CLI-JK2BPR9UGGZY,AGT-0UA5E2DG3G,Outbound Call,Phone,Producto,Producto,235.0,,True,False,Positivo,0.38,colombian,colombian,False,,False,True
INT-FCL3HRR9LJT6ZU8Z,2026-02-26 08:23:22,2026-02-26,CLI-U5I12Q7KLDQG,AGT-ZXNEUYV3UL,Outbound Call,Phone,Técnico,Técnico,330.0,,True,False,Neutral,0.17,argentine,argentine,False,,False,True
INT-ZUJME1D5UIFDA342,2026-02-26 16:09:00,2026-02-26,CLI-XN0C96MMA6L0,AGT-772KZJ3QLS,Inbound Call,Phone,Transaccional,Transaccional,167.0,158.0,True,False,Neutral,-0.07,colombian,colombian,False,,False,True
INT-JNDIN0UUC1OVMPH4,2026-02-26 21:00:47,2026-02-26,CLI-39MJOTXJJSJW,AGT-E0B7SL6ZCI,Inbound Call,Phone,Queja,Queja,473.0,84.0,True,False,Muy Negativo,-0.75,argentine,mexican,False,,False,True
INT-XLAAG1V1PWO6QJIZ,2026-02-27 02:40:01,2026-02-26,CLI-L7GY497DLYY9,AGT-XBRLAWNT6Y,Outbound Call,Phone,Transaccional,Transaccional,139.0,,True,False,Neutral,-0.07,mexican,argentine,True,"PRD-AQ3COD7ZKG59,PRD-MH58D237JJNL,PRD-XTV8C5J2GX4B",False,True
INT-FRTG11WC0WJF10C5,2026-02-27 04:30:43,2026-02-26,CLI-3PVVVCAEJ7AM,AGT-YDBZL5HKAZ,Inbound Call,Phone,Retención,Retención,737.0,72.0,True,False,Muy Positivo,0.73,mexican,mexican,False,PRD-OSO1KJDYBR2A,False,True
INT-PD6D7CNG58SSO1ZB,2026-02-27 05:44:41,2026-02-26,CLI-E4IITZ3LOIPF,AGT-AUPZRFB0OO,Chat,WhatsApp,Transaccional,Transaccional,,,True,False,Neutral,-0.27,mexican,argentine,False,,False,False
INT-I79RXFX5XWZIFA5E,2026-02-26 09:27:11,2026-02-26,CLI-SGJ0BBAWE9Y0,AGT-5QGYHBW01W,Inbound Call,Phone,Producto,Producto,414.0,89.0,True,False,Neutral,-0.2,,,False,,True,True
INT-R6IQQ2BVEJ21JVCE,2026-02-26 12:05:59,2026-02-26,CLI-YKZ12MJPBLU3,AGT-ZAL4032JRP,Inbound Call,Phone,Técnico,Técnico,307.0,54.0,True,True,Negativo,-0.54,colombian,colombian,False,"PRD-LTBKU3XQM3AA,PRD-ZTDL3B4J8UUM,PRD-4Q3U2BA96XXO",False,True
INT-8PK01F3HIBZDTKF4,2026-02-26 12:27:56,2026-02-26,CLI-KTV1DNS42Q5V,AGT-8GZ4DPZ9DX,Inbound Call,Phone,Técnico,Técnico,435.0,12.0,True,False,Positivo,0.59,mexican,mexican,False,,False,True
INT-4LDVZ5H2ZOFPJM6H,2026-02-27 00:43:57,2026-02-26,CLI-UG8JYPQ1EDOG,AGT-NIV1UCW44H,Inbound Call,Phone,Transaccional,Transaccional,346.0,0.0,True,False,Neutral,-0.06,mexican,mexican,False,,False,True
INT-IMQZ73NK5973U9LR,2026-02-26 20:37:14,2026-02-26,CLI-PY0JVCJ13YBJ,AGT-Z1LLS9S26G,Inbound Call,Phone,Transaccional,Transaccional,291.0,91.0,True,False,Neutral,-0.24,,,False,PRD-EPI9R1KVM0DS,False,True
INT-SG1PYKDZD9YHJHMT,2026-02-26 12:52:24,2026-02-26,CLI-V7F81IZYQE04,AGT-7UKL3VB0OR,Inbound Call,Phone,Transaccional,Transaccional,136.0,154.0,True,False,Neutral,-0.0,mexican,argentine,False,,False,True
INT-UA9O1LFTT0BN9RI5,2026-02-26 17:10:26,2026-02-26,CLI-YU5595BHRYHD,AGT-CWR8ILK22F,Inbound Call,Phone,Queja,Queja,451.0,62.0,True,False,Positivo,0.65,argentine,argentine,False,"PRD-MHGLTDGAT26N,PRD-16G1OZYVX8G2,PRD-NSVYIE2ME0CQ",False,True
INT-C5J16SDN367YHOPP,2026-02-26 20:15:20,2026-02-26,CLI-2QXEIA6CCAB7,AGT-VT6AB8ZSIS,Outbound Call,Phone,Transaccional,Transaccional,168.0,,True,False,Neutral,0.09,mexican,mexican,True,PRD-U71HQ9NXW5K6,False,True
INT-XGXKVUF6WALXK558,2026-02-26 20:06:53,2026-02-26,CLI-3FOUQII9TEUK,AGT-QTX61K7PE2,Outbound Call,Phone,Producto,Producto,224.0,,True,False,Muy Positivo,0.72,mexican,colombian,False,,False,True
INT-32KAE2ZG1270XDLR,2026-02-26 11:11:24,2026-02-26,CLI-X08630VECNI0,AGT-KE2SZIG08B,Chat,WhatsApp,Comercial,Comercial,,,False,True,Positivo,0.56,argentine,argentine,False,"PRD-52I7R0D3DPIJ,PRD-MKJD74NCT832",True,False
INT-1MVM70XMMDFOO7DO,2026-02-26 15:31:07,2026-02-26,CLI-7HNQO2JZMD5L,AGT-QW7EGGQH00,Inbound Call,Phone,Producto,Producto,103.0,0.0,True,False,Neutral,0.21,mexican,mexican,False,"PRD-304XTVC2TZ3M,PRD-CA1YBBFZ7COL",False,True
INT-8W6XVY0QLWNBRLHC,2026-02-27 00:01:48,2026-02-26,CLI-33E4FH1MHNKX,AGT-5RHY2PG248,Inbound Call,Phone,Transaccional,Transaccional,329.0,120.0,True,True,Neutral,-0.12,mexican,mexican,False,,False,True
INT-O6AAD1TI1451Y3JE,2026-02-26 21:23:51,2026-02-26,CLI-W9M4EM590LFH,AGT-NBQ65Y4VZ9,Email,Email,Transaccional,Transaccional,,,True,True,Neutral,-0.2,argentine,argentine,False,,False,False
INT-0QBWGLLBJ5D6Y5RX,2026-02-26 16:45:26,2026-02-26,CLI-5I7ZAV0UHA3Q,AGT-K0O13JDQ01,Inbound Call,Phone,Producto,Producto,375.0,306.0,True,False,Neutral,0.22,mexican,mexican,False,"PRD-X6407RAZG1AR,PRD-O5UHPYT6AH1N,PRD-EV2CNFUJFTAK",False,True
INT-BM5VWYTF0ORTDTKV,2026-02-27 02:58:40,2026-02-26,CLI-PIBTQD7PFDQ7,AGT-UKN1ENEVJZ,Inbound Call,Phone,Técnico,Técnico,542.0,72.0,True,False,Muy Positivo,0.9,mexican,mexican,False,"PRD-GU7W364LM20K,PRD-ZJH2JA7NZLDR",False,True
INT-FDDNH7SV1FBM5CD1,2026-02-27 06:57:42,2026-02-26,CLI-QR3FTNUUE85D,AGT-ZF4Q739XEZ,Inbound Call,Phone,Transaccional,Transaccional,151.0,110.0,True,False,Neutral,-0.09,,,False,,True,True
INT-VR54TV1H24OT4CQ0,2026-02-27 01:18:56,2026-02-26,CLI-QSXLWMEOOX2E,AGT-23RRHYZ3YU,Outbound Call,Phone,Transaccional,Transaccional,332.0,,True,False,Neutral,0.01,mexican,mexican,False,,False,True
INT-GQE9OF9Q7AQWQK76,2026-02-26 22:32:46,2026-02-26,CLI-P0MYAVFHA4ZT,AGT-4EBSCOM63S,Inbound Call,Phone,Producto,Producto,408.0,121.0,True,False,Neutral,-0.19,mexican,argentine,False,,True,True
INT-NRLY7FC8SW58NROU,2026-02-27 03:34:17,2026-02-26,CLI-782DVMI62DI0,AGT-1HFUQGD4SI,Inbound Call,Phone,Producto,Producto,145.0,162.0,True,False,Neutral,-0.13,mexican,colombian,False,"PRD-142V4KBSKGVC,PRD-4C7ZZAH1PL9Z",False,True
INT-GS9VCSWGRIVQU2DC,2026-02-26 14:07:45,2026-02-26,CLI-IG7OG4JOZ0UC,AGT-CZXFOSPZWG,Inbound Call,Phone,Producto,Producto,281.0,133.0,True,True,Negativo,-0.53,colombian,colombian,False,,True,True
INT-6MXGB87YODR62CCS,2026-02-26 10:45:42,2026-02-26,CLI-KUZOQ0PR3F5O,AGT-V9MAWPQ7HZ,Outbound Call,Phone,Comercial,Comercial,680.0,,True,False,Positivo,0.43,colombian,mexican,False,,True,True
INT-Y8FJG7NVPQPZDJA6,2026-02-26 22:29:50,2026-02-26,CLI-CKCDYOZVICRB,AGT-XVTFWL1STE,Inbound Call,Phone,Transaccional,Transaccional,595.0,78.0,True,True,Neutral,0.19,mexican,argentine,False,"PRD-RY5XTBG1HRPG,PRD-X7ZA44DWY12W",False,True
INT-U5LYXMHB8ZCDVZ5X,2026-02-26 08:03:45,2026-02-26,CLI-1JRV9K1OEPVM,AGT-VBNZ1407P0,Inbound Call,Phone,Queja,Queja,406.0,68.0,False,True,Neutral,0.25,argentine,argentine,False,PRD-4Z8C2XRZUCDO,True,True
INT-DSMUIFL8H5FDV64G,2026-02-26 22:17:55,2026-02-26,CLI-T5KPDQ8SMXEG,AGT-YVWKQHAJE2,Chat,Web Chat,Transaccional,Transaccional,,,True,False,Neutral,0.1,colombian,colombian,False,,False,False
INT-P6DDRMNSKVSSCAE6,2026-02-26 10:20:29,2026-02-26,CLI-K0CL6H5IT4MV,AGT-RUOSBHQ9OT,Inbound Call,Phone,Técnico,Técnico,442.0,118.0,True,False,Neutral,0.03,colombian,colombian,False,,False,True
INT-JFGKZ5CDRLJLCE0U,2026-02-27 01:46:30,2026-02-26,CLI-0MMS7PRT3B8C,AGT-772KZJ3QLS,Inbound Call,Phone,Comercial,Comercial,623.0,151.0,True,False,Neutral,-0.13,mexican,mexican,False,,False,True
INT-3N0N5IA9EMHD920K,2026-02-26 22:01:29,2026-02-26,CLI-502SBROYR0RC,AGT-LTK3BMH5BL,Outbound Call,Phone,Transaccional,Transaccional,330.0,,True,False,Neutral,0.14,,,False,,False,True
INT-OSKSNMUMK30VMRDM,2026-02-27 01:49:26,2026-02-26,CLI-RKRF8HWIK48O,AGT-5VGRU9RH8F,Inbound Call,Phone,Producto,Producto,308.0,162.0,True,False,Neutral,0.01,mexican,mexican,False,,False,True
INT-5ZHL8INBGDJWHLLJ,2026-02-27 03:10:35,2026-02-26,CLI-MFJD9G48RGFI,AGT-T8LM02ABDZ,Inbound Call,Phone,Transaccional,Transaccional,89.0,146.0,True,False,Neutral,-0.03,,,False,,False,True
INT-JDBCRB47VGKXK8BL,2026-02-27 03:25:12,2026-02-26,CLI-89TTF01NNKEW,AGT-BUS9PDJC54,Chat,Web Chat,Producto,Producto,,,True,True,Neutral,0.23,colombian,mexican,False,PRD-M72SWP1Z01ZC,False,False
INT-TG3VS4M2105VHCFR,2026-02-27 07:00:44,2026-02-26,CLI-TLGWC241IYNZ,AGT-6KXS33Z4GI,Inbound Call,Phone,Transaccional,Transaccional,251.0,162.0,True,True,Neutral,-0.25,colombian,mexican,False,PRD-J5U7R4M6V13E,True,True
INT-36N0KWT5YGHKQJAG,2026-02-26 12:31:21,2026-02-26,CLI-JRNRZ6OR5U57,AGT-3VDTAI6D17,Inbound Call,Phone,Transaccional,Transaccional,203.0,117.0,True,False,Neutral,-0.3,argentine,argentine,False,,True,True
INT-0I7TM6QFIHB9MP27,2026-02-27 05:09:28,2026-02-26,CLI-V3D2FXW2B0L4,AGT-MJV5NGFRQL,Outbound Call,Phone,Producto,Producto,311.0,,True,False,Positivo,0.52,mexican,mexican,False,,False,True
INT-NH617Y0F0DXUL5Z0,2026-02-27 02:52:13,2026-02-26,CLI-VJZA57V6ZYCG,AGT-1QOK2G45HI,Outbound Call,Phone,Técnico,Técnico,521.0,,True,False,Negativo,-0.64,mexican,mexican,False,,False,True
INT-HL3UOFFKBFGWN7C0,2026-02-26 20:30:51,2026-02-26,CLI-2B22V9VKF071,AGT-3JXWWT2USN,Inbound Call,Phone,Producto,Producto,298.0,170.0,True,False,Neutral,-0.16,colombian,colombian,False,PRD-4ZRBF7LQN53S,True,True
INT-5D61AESDA1Y0NZU7,2026-02-26 09:47:37,2026-02-26,CLI-00LA0E5KEN0A,AGT-BUE4IHI1P1,Inbound Call,Phone,Transaccional,Transaccional,98.0,14.0,True,False,Neutral,-0.15,colombian,mexican,False,"PRD-ZPCGIOH9KQMI,PRD-XZDCDGVSSXON,PRD-NT0OLXYZ7JRC",True,True
INT-Y5YDMADD1ZF5W1EY,2026-02-27 05:34:16,2026-02-26,CLI-GYH5Y57LKJHL,AGT-MONXUP4C6Q,Inbound Call,Phone,Producto,Producto,373.0,89.0,True,False,Neutral,-0.09,colombian,mexican,False,,False,True
INT-B4GG61J1JM26X702,2026-02-26 11:07:51,2026-02-26,CLI-624D8APTZTN1,AGT-KE99505Y43,Inbound Call,Phone,Queja,Queja,329.0,106.0,False,True,Muy Negativo,-0.86,argentine,colombian,False,,True,True
INT-VBYBYYKBY3T7MEQM,2026-02-26 16:26:21,2026-02-26,CLI-N154UM5LCYYN,AGT-NQ72Y207T6,Email,Email,Producto,Producto,,,True,False,Neutral,-0.15,mexican,mexican,False,"PRD-VCFP8EJFY5X3,PRD-R5A2YR7BXLQI,PRD-C85IPBRO6J0T",True,False
INT-7XU8GO9UTKF5Y02Z,2026-02-27 06:34:33,2026-02-26,CLI-S0WZZ304M5I0,AGT-PL88YJFM3Q,Outbound Call,Phone,Transaccional,Transaccional,234.0,,True,False,Neutral,0.28,colombian,colombian,False,"PRD-RI146C9QBUJJ,PRD-7KTTIHY2FUC1,PRD-DEE03ZZ6YU9X",True,True
INT-S4A4D4RIVEUWXZEQ,2026-02-27 05:21:09,2026-02-26,CLI-49XUKHRHMGHB,AGT-8NE8GSGUG4,Inbound Call,Phone,Técnico,Técnico,322.0,76.0,True,False,Neutral,0.11,,,False,,False,True
INT-I61425HAVAZ0BDQL,2026-02-26 12:31:46,2026-02-26,CLI-D59FHHKF9KDM,AGT-V6HEZNUZJC,Inbound Call,Phone,Transaccional,Transaccional,476.0,135.0,True,True,Neutral,0.06,mexican,mexican,False,"PRD-UPZ4UW7IL271,PRD-3VKS5BC8KPCK,PRD-HSEXXAIM4S38",True,True
INT-XECIGKMU208IEEBB,2026-02-27 02:43:05,2026-02-26,CLI-0JMJ0TKYC78G,AGT-OU23TB8G0R,Inbound Call,Phone,Comercial,Comercial,956.0,78.0,False,True,Negativo,-0.66,,,True,,False,True
INT-B0QK1O0WLWAJUM01,2026-02-26 09:16:14,2026-02-26,CLI-15FY6ZXXSQ41,AGT-9U9K7MKVAX,Inbound Call,Phone,Queja,Queja,338.0,139.0,False,True,Neutral,0.29,,,False,"PRD-4521PWCANB8Z,PRD-U70Z0MD6J158",False,True
INT-YE149XSZLBZA95UD,2026-02-26 22:37:23,2026-02-26,CLI-ZMUB0YLD35IQ,AGT-Z77UHM1UV3,Inbound Call,Phone,Queja,Queja,490.0,229.0,False,True,Negativo,-0.67,,,False,,False,True
INT-08UDH3N460JB7DT1,2026-02-27 01:42:41,2026-02-26,CLI-XEL40CJWSTWL,AGT-SVZFVPVPBC,Inbound Call,Phone,Producto,Producto,376.0,181.0,True,True,Neutral,0.15,,,False,,False,True
INT-AL8P5FD1AQBI2UY7,2026-02-27 00:59:44,2026-02-26,CLI-RXWSDMELL1M3,AGT-ZVUQVJGIOG,Inbound Call,Phone,Transaccional,Transaccional,241.0,121.0,True,False,Neutral,0.08,mexican,mexican,False,,True,True
INT-BOW6GFPC06LPNK9W,2026-02-27 05:04:07,2026-02-26,CLI-LJYI3V8SPV5G,AGT-9M45XHR1BB,Video,Web,Técnico,Técnico,415.0,,True,False,Positivo,0.7,argentine,argentine,False,,False,True
INT-Z3MRCGPD7U6ASWJT,2026-02-26 11:23:25,2026-02-26,CLI-IVTCFRQS78K8,AGT-OUFV7MHOLX,Inbound Call,Phone,Queja,Queja,525.0,174.0,True,False,Negativo,-0.66,argentine,argentine,False,,False,True
INT-DL0EKP90VIGXNL40,2026-02-26 08:47:34,2026-02-26,CLI-OQ5S68ETGTHN,AGT-0ZKRYC3TIP,Inbound Call,Phone,Queja,Queja,467.0,187.0,True,False,Negativo,-0.4,,,False,"PRD-4FFETLSC3K7W,PRD-UVTMRZMD8OFH",False,True
INT-LRM723AKT5CNN15M,2026-02-26 12:43:27,2026-02-26,CLI-0L9H0727MD73,AGT-592VGF7W61,Inbound Call,Phone,Retención,Retención,715.0,28.0,False,True,Positivo,0.63,,,False,"PRD-JYBLXF77CJLG,PRD-LVF1YETQX8PL",True,True
INT-F06DGJJEJ53EW7FI,2026-02-26 12:41:07,2026-02-26,CLI-O831S7SH47JJ,AGT-Y4PTRJW4HG,Inbound Call,Phone,Técnico,Técnico,269.0,66.0,True,False,Positivo,0.61,,,False,,False,True
INT-KJD6IWV8J5S23YI2,2026-02-26 13:32:46,2026-02-26,CLI-AE2HZTHOPOSY,AGT-ERBZDOFKYX,Inbound Call,Phone,Queja,Queja,435.0,101.0,True,False,Neutral,-0.25,argentine,colombian,False,PRD-WEP7WEHHQWVQ,False,True
INT-BKTSJT3L9ABXLG3O,2026-02-26 11:18:42,2026-02-26,CLI-RP0Q81C37Y7X,AGT-MTF6I5TODX,Inbound Call,Phone,Queja,Queja,275.0,150.0,False,True,Positivo,0.4,,,False,,False,True
INT-D7M7EH8O52OLOODK,2026-02-26 08:48:08,2026-02-26,CLI-TL8HB0YHW93R,AGT-E76DUY8F1G,Outbound Call,Phone,Transaccional,Transaccional,177.0,,True,True,Neutral,-0.1,mexican,mexican,False,,False,True
INT-299NNVJSCTEO8INZ,2026-02-26 19:56:29,2026-02-26,CLI-9QYVU4A1XP34,AGT-BNB4Q12JTS,Inbound Call,Phone,Técnico,Técnico,444.0,153.0,True,False,Muy Positivo,0.91,mexican,mexican,False,,False,True
INT-PEHHZWI0VUVNP53Z,2026-02-26 20:19:34,2026-02-26,CLI-9UWRQ42JYLD4,AGT-3AHB2QOQ17,Inbound Call,Phone,Queja,Queja,496.0,89.0,True,False,Neutral,-0.21,,,False,,False,True
INT-3VK7EJ4ICTHSORFT,2026-02-27 07:19:13,2026-02-26,CLI-VHXKH3LJ5IQH,AGT-MTF6I5TODX,Inbound Call,Phone,Producto,Producto,175.0,144.0,True,False,Neutral,0.09,,,False,"PRD-N0KVZT0MRZVI,PRD-6R0VAR4S7FWU",False,True
INT-1XLAW8BCTCYRACUN,2026-02-26 18:06:47,2026-02-26,CLI-3LYY6FOIRDRT,AGT-FHXSFLATOK,Inbound Call,Phone,Producto,Producto,422.0,81.0,True,False,Neutral,-0.17,,,False,,True,True
INT-DLF3GSHUFJZO6DQ5,2026-02-26 11:38:25,2026-02-26,CLI-ZXYB74TZV1JC,AGT-71SU0OSLVY,Inbound Call,Phone,Queja,Queja,658.0,155.0,False,True,Negativo,-0.46,,,False,"PRD-H94SMZUFGB24,PRD-JZK7W6DJIQDH,PRD-3AFDRS3FRV6X",False,True
INT-OUQ98PBQQO6P3H5P,2026-02-26 13:03:13,2026-02-26,CLI-FH108FSDYX4M,AGT-7XS8GUBKR1,Inbound Call,Phone,Producto,Producto,148.0,126.0,True,False,Neutral,0.06,,,False,,True,True
INT-UNYMSW2IW9VJW94X,2026-02-27 03:05:43,2026-02-26,CLI-9NP04P4N00TO,AGT-1017M8ALDP,Inbound Call,Phone,Transaccional,Transaccional,453.0,137.0,False,True,Neutral,-0.06,,,False,"PRD-OVZGIPYV5BQP,PRD-I271XXJI4IS4,PRD-5L91YP8FDGDW",False,True
INT-8H0CKFA2DXO2PH14,2026-02-26 13:54:09,2026-02-26,CLI-27IE5U4X8R4M,AGT-H01EG2K29X,Outbound Call,Phone,Comercial,Comercial,632.0,,True,False,Positivo,0.46,mexican,mexican,True,,False,True
INT-98VXMDAK652BNIVM,2026-02-26 21:45:20,2026-02-26,CLI-P8TZCNWM41HD,AGT-RAIJ7RHMBA,Inbound Call,Phone,Técnico,Técnico,289.0,123.0,True,False,Positivo,0.56,argentine,colombian,True,PRD-C4QHAA5HZ64R,True,True
INT-MFDWQ1O6YBFNEVNW,2026-02-26 16:24:32,2026-02-26,CLI-TYGJS9XY1Y1S,AGT-KJJSUXEQ6N,Inbound Call,Phone,Comercial,Comercial,382.0,102.0,True,False,Neutral,-0.15,argentine,mexican,False,,True,True
INT-QQE7IHSFHI7BPVSD,2026-02-26 12:47:12,2026-02-26,CLI-F93BRYMOZYY9,AGT-L0V4XUS6HH,Inbound Call,Phone,Transaccional,Transaccional,199.0,233.0,True,False,Neutral,0.24,argentine,argentine,False,,False,True
INT-7KCOT9I4MFKDHG81,2026-02-26 18:11:20,2026-02-26,CLI-6GQRNW1LOMS7,AGT-VJYS33BX5A,Inbound Call,Phone,Producto,Producto,277.0,127.0,True,False,Neutral,0.28,,,False,,True,True
INT-IKD7SNRAYYZE7UZE,2026-02-27 01:39:20,2026-02-26,CLI-X14E57CN9DVR,AGT-1C2ZX2X1ER,Chat,Web Chat,Producto,Producto,,,True,True,Neutral,0.02,,,False,,False,False
INT-X2M1I36V55FA6RX3,2026-02-26 22:43:56,2026-02-26,CLI-GBNIK0C0K226,AGT-RAIJ7RHMBA,Outbound Call,Phone,Queja,Queja,499.0,,True,False,Negativo,-0.5,colombian,colombian,False,,False,True
INT-YBIY5COGUTYOIC7F,2026-02-27 05:25:07,2026-02-26,CLI-DVGNEQGA6R71,AGT-98ZSNF8YWV,Email,Email,Producto,Producto,,,True,False,Neutral,0.05,mexican,mexican,False,,True,False
INT-O6UUDMQWKSB5UN1Y,2026-02-26 10:05:00,2026-02-26,CLI-MRH35GTU6F3V,AGT-5ZON0CZXOE,Inbound Call,Phone,Transaccional,Transaccional,152.0,139.0,True,False,Neutral,-0.25,colombian,colombian,False,"PRD-TNFCOLY77OA2,PRD-0D024IPGPFAW,PRD-JUXQHQDX1V9T",True,True
INT-6UE2TDLM587N3JG5,2026-02-27 01:26:47,2026-02-26,CLI-5XX8VNOAZAG6,AGT-24LFEK8QEC,Inbound Call,Phone,Queja,Queja,279.0,13.0,True,False,Neutral,-0.08,,,False,,False,True
INT-KLBTRKMFPPSGX2ZP,2026-02-26 14:22:21,2026-02-26,CLI-SPD8Y4MDECJ8,AGT-OK1RZJN2O9,Inbound Call,Phone,Transaccional,Transaccional,229.0,125.0,True,False,Neutral,0.22,argentine,mexican,False,PRD-S5XFC9QTPOKF,False,True
INT-MBC90W9F0GYZMBN4,2026-02-26 11:48:54,2026-02-26,CLI-FOU5H9TJ41JJ,AGT-OUFV7MHOLX,Inbound Call,Phone,Transaccional,Transaccional,153.0,66.0,True,False,Neutral,-0.18,colombian,colombian,False,,True,True
INT-22O14Q4OOO7STYTJ,2026-02-27 03:23:57,2026-02-26,CLI-GRF6UL86F3ZY,AGT-5RF05BZME0,Inbound Call,Phone,Transaccional,Transaccional,194.0,110.0,True,True,Neutral,-0.15,argentine,mexican,False,,False,True
INT-PGERYIX0F1O43IRA,2026-02-26 09:59:16,2026-02-26,CLI-L42HB6JAHOMZ,AGT-ZZLDFFK5KX,Inbound Call,Phone,Queja,Queja,599.0,95.0,False,True,Muy Positivo,0.83,mexican,colombian,False,"PRD-QP6EQYYVR7IO,PRD-8HUDYAX4G4O9",False,True
INT-HYTKDLHP24FINGD9,2026-02-26 16:51:27,2026-02-26,CLI-RNCH1ES3SFYF,AGT-1283BYB67Y,Inbound Call,Phone,Transaccional,Transaccional,240.0,50.0,True,False,Neutral,-0.26,,,True,,False,True
INT-XVLRZB6XNHWQMAH0,2026-02-26 08:51:23,2026-02-26,CLI-VULUO0KKN0YG,AGT-I0U7X8BN8X,Inbound Call,Phone,Técnico,Técnico,411.0,172.0,True,False,Neutral,-0.11,,,False,"PRD-48D1YYHBPAY5,PRD-PM9UOPD7F67S,PRD-7PSUR20FWULH",False,True
INT-HCYU2CKGZFZZRWZQ,2026-02-26 20:54:40,2026-02-26,CLI-DOYU33AQDPOZ,AGT-M6VA6EL960,Inbound Call,Phone,Producto,Producto,322.0,254.0,True,False,Neutral,0.18,argentine,argentine,False,,False,True
INT-VVX200MR08TWP63J,2026-02-26 20:30:51,2026-02-26,CLI-AB9E1PSDBHED,AGT-ZQ5QQ96EUM,Inbound Call,Phone,Transaccional,Transaccional,73.0,167.0,True,False,Neutral,-0.04,colombian,colombian,False,,False,True
INT-5870Z4P6RN6XRQ3T,2026-02-26 11:09:38,2026-02-26,CLI-SIAUCFJCSDYM,AGT-VSNRM7IQIT,Inbound Call,Phone,Producto,Producto,217.0,66.0,True,True,Neutral,-0.06,mexican,mexican,False,,False,True
INT-MQ5S6OVTZUDD8CU8,2026-02-27 00:48:43,2026-02-26,CLI-AR1BJSWGQ5J4,AGT-LZE1XD1GMT,Inbound Call,Phone,Transaccional,Transaccional,199.0,167.0,True,False,Neutral,0.28,mexican,mexican,False,"PRD-T5P1L9BEPAPM,PRD-49EEJP4SLA9R,PRD-LXM14QQNURGP",False,True
INT-ZKNZLA8FKPD7XPVP,2026-02-26 11:13:05,2026-02-26,CLI-TK36UB9511DI,AGT-64T08W0ODF,Chat,WhatsApp,Producto,Producto,,,True,False,Neutral,-0.17,mexican,mexican,False,,True,False
INT-YC4BPBZEVKN48WBQ,2026-02-26 20:48:01,2026-02-26,CLI-B38WPSAAKZ14,AGT-ZS742EP7U6,Inbound Call,Phone,Comercial,Comercial,558.0,189.0,False,True,Neutral,0.29,,,False,,False,True
INT-5LISJG76J5RC0HYZ,2026-02-26 18:21:56,2026-02-26,CLI-XNVA8SVZT98J,AGT-Y0QWOVC870,Inbound Call,Phone,Queja,Queja,601.0,231.0,False,True,Neutral,0.07,argentine,argentine,False,,False,True
INT-9YXQ8UI0AD95WXLW,2026-02-26 19:06:27,2026-02-26,CLI-0SUV94JYNG30,AGT-NQ6WIG9OWH,Outbound Call,Phone,Producto,Producto,523.0,,True,False,Neutral,-0.1,mexican,mexican,False,,True,True
INT-QB0N2U0E95NWSP7D,2026-02-26 23:48:09,2026-02-26,CLI-5073GKDFSS52,AGT-G5GWLCT1OU,Outbound Call,Phone,Transaccional,Transaccional,226.0,,True,True,Neutral,0.02,argentine,argentine,False,,False,True
INT-QC2KE5Y0SJCGH1HW,2026-02-26 15:01:15,2026-02-26,CLI-70S5PJ2DFWWR,AGT-9AKK72BHHW,Inbound Call,Phone,Queja,Queja,432.0,246.0,True,True,Neutral,-0.1,,,False,"PRD-T4WYB4KXH0FQ,PRD-NVS6LAL88XLX,PRD-3H6V10ZAR71S",False,True
INT-RFJARP2DDIRJP7K6,2026-02-26 18:00:48,2026-02-26,CLI-WS020QLRT5PT,AGT-ZF4Q739XEZ,Inbound Call,Phone,Transaccional,Transaccional,246.0,108.0,True,False,Neutral,0.17,colombian,colombian,False,,False,True
INT-7JPJ4G6HG4ZZAS7P,2026-02-26 10:58:17,2026-02-26,CLI-HWITONAEMTCH,AGT-1G6T32CON1,Email,Email,Transaccional,Transaccional,,,True,False,Neutral,-0.26,colombian,colombian,False,,False,False
INT-451BVUSBY3SWBRI3,2026-02-27 03:05:03,2026-02-26,CLI-W963U7ZCP553,AGT-1QOK2G45HI,Inbound Call,Phone,Técnico,Técnico,412.0,133.0,False,True,Negativo,-0.3,,,False,,True,True
INT-038P2ZAK9UW8GX6F,2026-02-26 16:14:09,2026-02-26,CLI-NSEFPDELSWAY,AGT-J65U3Y7UPF,Inbound Call,Phone,Técnico,Técnico,239.0,61.0,True,False,Negativo,-0.63,colombian,mexican,True,"PRD-PWEW5D7Q09DH,PRD-EK2FF3BQKEBJ,PRD-SNTKN1ZQ80CK",False,True
INT-8IL25DH3HD0PTXNC,2026-02-27 04:41:41,2026-02-26,CLI-AH8ZS5S8PZ3U,AGT-6I9WLLYIKE,Outbound Call,Phone,Producto,Producto,216.0,,True,False,Neutral,-0.03,mexican,mexican,False,"PRD-E6CSQ7M80Q1M,PRD-EM5LB6NIJB73",False,True
INT-KGUDOJ97WXBMGGFS,2026-02-26 14:06:54,2026-02-26,CLI-FSAXJ484SWJT,AGT-2GSO6ODA8L,Chat,Web Chat,Producto,Producto,,,True,False,Neutral,0.0,,,False,,True,False
INT-EVSNGQMCUUJLNZRR,2026-02-26 08:14:21,2026-02-26,CLI-3NIDASVPYKM5,AGT-ZVUQVJGIOG,Inbound Call,Phone,Transaccional,Transaccional,248.0,31.0,True,False,Neutral,-0.22,colombian,colombian,True,,False,True
INT-QEUPXW3HPZF5VIWM,2026-02-26 22:57:23,2026-02-26,CLI-1VJ9P9OT2WFM,AGT-J65U3Y7UPF,Inbound Call,Phone,Transaccional,Transaccional,237.0,181.0,True,False,Neutral,-0.28,mexican,mexican,False,,False,True
INT-85N8C290D9S5PL7V,2026-02-26 13:23:40,2026-02-26,CLI-IQRM78K11EHB,AGT-GV8AQYD95Q,Inbound Call,Phone,Producto,Producto,229.0,101.0,True,False,Neutral,-0.1,mexican,mexican,False,PRD-L4IDRRAICRUD,False,True
INT-BR929O3NDBQMRKRG,2026-02-26 16:31:52,2026-02-26,CLI-9PYDDXXCHXN5,AGT-ISFC80OYCB,Outbound Call,Phone,Queja,Queja,400.0,,True,False,Neutral,0.06,colombian,colombian,False,"PRD-RRLVS2B7HKT2,PRD-03IVEH23YM92",False,True
INT-ZM367N9NXDXTJ9U4,2026-02-26 09:55:35,2026-02-26,CLI-58CE1248FK5H,AGT-FJRKLZU2YC,Inbound Call,Phone,Transaccional,Transaccional,499.0,115.0,True,False,Neutral,-0.2,colombian,colombian,False,,False,True
INT-WC248YIGOIQ0O4J7,2026-02-27 07:16:42,2026-02-26,CLI-DBG62GOCVF48,AGT-H600EXWVP2,Inbound Call,Phone,Producto,Producto,386.0,87.0,True,False,Neutral,0.0,mexican,mexican,False,,False,True
INT-PVO41OIZ618RE7S1,2026-02-27 06:36:13,2026-02-26,CLI-26SKDS3EE69N,AGT-AV2TPW9VGR,Outbound Call,Phone,Técnico,Técnico,425.0,,True,False,Neutral,0.27,argentine,mexican,True,,True,True
INT-CBFDQLMBKS39ZO9D,2026-02-26 15:43:14,2026-02-26,CLI-076Z4BERJZXQ,AGT-QS0490AK15,Inbound Call,Phone,Transaccional,Transaccional,275.0,140.0,True,False,Neutral,-0.0,mexican,argentine,False,,False,True
INT-2UGOVM0YVCNKW8D2,2026-02-26 10:51:52,2026-02-26,CLI-T6428GHTEMC6,AGT-0XMA3F473C,Inbound Call,Phone,Comercial,Comercial,318.0,103.0,True,False,Neutral,0.19,mexican,mexican,True,"PRD-AJA4XKORK61Z,PRD-N8ZYHQCFLEBI,PRD-WYYBNYUUXBU2",True,True
INT-X3WRC8DMNZH16004,2026-02-27 00:25:31,2026-02-26,CLI-YX9G6SF06TNV,AGT-9GUU6STJO8,Inbound Call,Phone,Queja,Queja,487.0,97.0,True,False,Positivo,0.42,mexican,mexican,False,"PRD-8O2M63UX89CP,PRD-LWE6O91N3FSG",False,True
INT-5F6Y5OX8QS6VFH40,2026-02-26 12:17:01,2026-02-26,CLI-BXO594ZHYTNU,AGT-XLUD39CV67,Email,Email,Queja,Queja,,,False,True,Neutral,0.04,,,False,,True,False
INT-YF94PDGGJCHVKUM6,2026-02-26 12:10:29,2026-02-26,CLI-L0KRLQSF42XU,AGT-TDSG1W6IY6,Outbound Call,Phone,Transaccional,Transaccional,177.0,,True,False,Neutral,0.06,colombian,colombian,False,,False,True
INT-B6CFR74XJY0SZS44,2026-02-26 19:20:07,2026-02-26,CLI-2YG28HAB3ZGK,AGT-96DP5PKDGS,Inbound Call,Phone,Técnico,Técnico,392.0,195.0,True,False,Muy Negativo,-0.89,mexican,mexican,False,,False,True
INT-PHO28CZZ7VXBC5Y7,2026-02-26 13:22:02,2026-02-26,CLI-SVQB2KG6VQZY,AGT-SHC2ZWX53S,Inbound Call,Phone,Transaccional,Transaccional,136.0,82.0,True,False,Neutral,-0.28,mexican,mexican,False,,False,True
INT-UJOQ9R8TX803FSHN,2026-02-26 19:13:09,2026-02-26,CLI-QG27OH7VMM4F,AGT-F8WMTYQSZS,Inbound Call,Phone,Queja,Queja,481.0,195.0,True,False,Negativo,-0.69,mexican,argentine,False,"PRD-36T9YW9YHEF8,PRD-OSDY9CQRNKYQ,PRD-F2AS0L4RX9FS",False,True
INT-PQLX664I1QIVOU62,2026-02-26 11:22:27,2026-02-26,CLI-TP3C9MSH6VTA,AGT-GL138CSY0G,Inbound Call,Phone,Técnico,Técnico,407.0,141.0,False,True,Muy Negativo,-0.82,,,False,"PRD-YP2TO054DFEU,PRD-0BJD55K13VTT,PRD-HDB1OCZEHBPG",True,True
INT-KS9D65PCU9FOH83L,2026-02-26 15:29:12,2026-02-26,CLI-JUDQ42DNB01R,AGT-6RVQHDLYE5,Outbound Call,Phone,Transaccional,Transaccional,119.0,,True,False,Neutral,0.18,,,False,"PRD-K5XZIFZC2YHW,PRD-SGLBJRLKRUMG",True,True
INT-49UGGH01THB4HGYF,2026-02-27 00:28:36,2026-02-26,CLI-SQJ7IL4JFTFD,AGT-CQBSB9AUGV,Inbound Call,Phone,Transaccional,Transaccional,338.0,100.0,True,False,Neutral,0.09,,,False,"PRD-BRKIBGHI8K9B,PRD-BRMJ1Q24ZGYB,PRD-UGMETKVEL8D4",False,True
INT-3001M2U9PU3MB82O,2026-02-26 22:49:36,2026-02-26,CLI-G83EG73SGFBR,AGT-ODN9VO7OYD,Inbound Call,Phone,Queja,Queja,403.0,190.0,True,False,Negativo,-0.39,mexican,mexican,False,PRD-RV7CYNKUFJ5L,True,True
INT-UJQJNVDND1R9XHFM,2026-02-27 05:19:04,2026-02-26,CLI-007SEY1JXFZW,AGT-GR5JJJRL3O,Video,App,Producto,Producto,283.0,,True,True,Neutral,0.25,mexican,mexican,False,,False,True
INT-05REQ50Z1X31ZDY4,2026-02-26 20:45:57,2026-02-26,CLI-UFXMTO5BYY6X,AGT-HHL6C35P9E,Inbound Call,Phone,Transaccional,Transaccional,257.0,130.0,True,False,Neutral,0.09,argentine,argentine,False,"PRD-1JJJHD5KQ5BW,PRD-R5AHEOTFSSN5,PRD-J7AUZRRCAXZU",False,True
INT-OZW2NQWUMICV6RFK,2026-02-26 09:58:59,2026-02-26,CLI-5J0AXHV32IVG,AGT-1YXVT0O4G0,Inbound Call,Phone,Transaccional,Transaccional,240.0,51.0,True,False,Neutral,0.17,mexican,mexican,False,,True,True
INT-2C0FOZIWYHN48NKU,2026-02-26 22:34:18,2026-02-26,CLI-68IK6BP4XW8W,AGT-01T1LJ1M61,Chat,WhatsApp,Transaccional,Transaccional,,,True,False,Neutral,-0.04,colombian,colombian,False,"PRD-YM9JJEXUEKSC,PRD-65CQ5KSDWZ2T",True,False
INT-J18QBFML35NNODLL,2026-02-27 03:33:25,2026-02-26,CLI-B2B4UTVY7TTJ,AGT-3AHB2QOQ17,Inbound Call,Phone,Comercial,Comercial,549.0,122.0,False,True,Neutral,-0.27,colombian,mexican,True,,False,True
INT-NTZYYVA090YSFU9M,2026-02-26 11:24:48,2026-02-26,CLI-TRTVY49Z260L,AGT-1DX9VKAHY8,Outbound Call,Phone,Técnico,Técnico,417.0,,True,False,Negativo,-0.33,mexican,mexican,False,"PRD-IU9DL1R0W1A8,PRD-Q5CICPB3KHGE",True,True
INT-QEAD9M9Q419W5QKC,2026-02-26 10:16:57,2026-02-26,CLI-9BNAF7JQ99IQ,AGT-B037R3NAN1,Chat,App,Producto,Producto,,,True,False,Neutral,-0.24,argentine,argentine,False,,False,False
INT-A1ORNJXUETAQMHPG,2026-02-26 11:57:12,2026-02-26,CLI-1706R1V3OBV4,AGT-HHYX8OE9JF,Inbound Call,Phone,Técnico,Técnico,655.0,131.0,False,True,Neutral,-0.06,mexican,mexican,True,PRD-35MPOXRYWZ4H,False,True
INT-G13HRH6IF3JLQM3O,2026-02-26 10:18:31,2026-02-26,CLI-C7PF9N9EVWWR,AGT-7YHGZDPWRS,Inbound Call,Phone,Comercial,Comercial,360.0,83.0,True,False,Muy Negativo,-0.77,argentine,argentine,False,,False,True
INT-H5K8TA5F39SL4VGO,2026-02-26 18:40:37,2026-02-26,CLI-22P6LPCP1FTG,AGT-FHXSFLATOK,Outbound Call,Phone,Transaccional,Transaccional,470.0,,False,True,Neutral,-0.14,mexican,mexican,False,,False,True
INT-3LN4BHWNJI56Y89S,2026-02-26 19:29:18,2026-02-26,CLI-7Q0VQURV7Z7N,AGT-9A52G9KAKH,Inbound Call,Phone,Transaccional,Transaccional,195.0,129.0,True,False,Neutral,-0.1,argentine,argentine,False,PRD-HLKCGHPIA0BT,True,True
INT-MB3C2ZP7MLDCFHPS,2026-02-27 06:56:12,2026-02-26,CLI-D6HSU863D8DS,AGT-0DEAGE60M6,Outbound Call,Phone,Transaccional,Transaccional,277.0,,True,True,Neutral,0.26,mexican,mexican,False,,False,True
INT-XR45CM4JBPVK4FLU,2026-02-26 17:05:25,2026-02-26,CLI-WWLME7JZ59CK,AGT-BTMN3HB2CB,Inbound Call,Phone,Transaccional,Transaccional,125.0,157.0,True,False,Neutral,-0.01,,,False,"PRD-CVC850SJP8BU,PRD-MV6MIKSJF61L",True,True
INT-5APJTY51A4NMRIT2,2026-02-27 06:34:41,2026-02-26,CLI-8UNFXZ1WMYV3,AGT-RVAZ2ERIA8,Inbound Call,Phone,Técnico,Técnico,177.0,128.0,True,True,Muy Negativo,-0.79,,,False,,False,True
INT-UI76K20IYPIN0GW2,2026-02-27 07:16:51,2026-02-26,CLI-W50IQ3UM2M5L,AGT-PW8EIJKP76,Inbound Call,Phone,Producto,Producto,109.0,61.0,True,False,Negativo,-0.58,,,False,PRD-2J6BJG82TF21,True,True
INT-XR34GN8XZ736RH5F,2026-02-26 14:04:41,2026-02-26,CLI-2AF6V63CR9OX,AGT-7NUDMBA6I3,Inbound Call,Phone,Comercial,Comercial,380.0,171.0,True,False,Positivo,0.4,,,False,,False,True
INT-83ZOT142STOMT5XO,2026-02-26 22:24:09,2026-02-26,CLI-8IAOM2EGVB3B,AGT-P4V46JOBFM,Inbound Call,Phone,Queja,Queja,647.0,154.0,True,False,Negativo,-0.61,colombian,colombian,False,"PRD-LXSK5E7KW51O,PRD-514NCSRM93YA",False,True
INT-4PD08OG1VXPY1I6I,2026-02-27 02:07:04,2026-02-26,CLI-5GPXYUXSGYWT,AGT-A8FKJXIIEG,Inbound Call,Phone,Transaccional,Transaccional,106.0,186.0,False,True,Neutral,-0.2,,,False,"PRD-VML3ZII08YNG,PRD-W9TMO42MYLJ4,PRD-5QWGL4SQHTB2",False,True
INT-0GKA8GURUY6HM2ZU,2026-02-26 17:30:07,2026-02-26,CLI-PQXI9VJ81EFX,AGT-W2DEB9GVSM,Inbound Call,Phone,Queja,Queja,385.0,158.0,False,True,Positivo,0.47,argentine,argentine,False,,False,True
INT-9KXM5SNF62059BBZ,2026-02-27 01:34:13,2026-02-26,CLI-I2S0AG51L284,AGT-LTK3BMH5BL,Outbound Call,Phone,Técnico,Técnico,376.0,,False,True,Muy Negativo,-1.0,colombian,colombian,False,,False,True
INT-HD2ARV6F3LNWULGC,2026-02-26 12:04:25,2026-02-26,CLI-EI2UIS7J2UHI,AGT-W4NDMPHQU7,Inbound Call,Phone,Queja,Queja,424.0,166.0,False,True,Neutral,0.22,mexican,mexican,False,PRD-PTGS85F0Z4TL,False,True
INT-6G2WWW54S0JC7PGU,2026-02-26 20:15:18,2026-02-26,CLI-9MP3Y2U4QJVN,AGT-1JJ2DET54K,Inbound Call,Phone,Técnico,Técnico,416.0,102.0,True,False,Negativo,-0.43,,,False,"PRD-64FB8UFA4Z7L,PRD-LL3WEKR4O618",False,True
INT-G92NTM2DDBP4RMCC,2026-02-27 04:08:59,2026-02-26,CLI-5NLPWXA0X16P,AGT-GR5JJJRL3O,Outbound Call,Phone,Transaccional,Transaccional,103.0,,True,False,Neutral,-0.1,mexican,mexican,False,"PRD-G9HP840WZBF3,PRD-WKQ9WR3CLORB",True,True
INT-KGCBQH2MJUG9VA9U,2026-02-26 12:28:58,2026-02-26,CLI-ZTLWERTD0CIJ,AGT-67FCNFADT1,Inbound Call,Phone,Técnico,Técnico,344.0,86.0,True,False,Neutral,-0.09,mexican,mexican,False,,True,True
INT-L2RJCOBOALZFR8Y1,2026-02-26 17:49:04,2026-02-26,CLI-2C8VR5HVWC2A,AGT-8431PDCJHS,Inbound Call,Phone,Técnico,Técnico,271.0,169.0,True,False,Negativo,-0.52,mexican,mexican,False,,False,True
INT-KIC4T3M8K3MMKV5Y,2026-02-26 17:06:19,2026-02-26,CLI-F5LWQXYNGISR,AGT-H01EG2K29X,Inbound Call,Phone,Producto,Producto,244.0,60.0,True,False,Muy Positivo,0.73,mexican,mexican,False,,False,True
INT-LC7MKPR5KN37I500,2026-02-26 23:48:20,2026-02-26,CLI-YWHQ8LX4IAYG,AGT-CYN53965R2,Inbound Call,Phone,Transaccional,Transaccional,310.0,144.0,True,False,Neutral,0.12,argentine,argentine,False,,False,True
INT-UQFT890FB0BWW2JJ,2026-02-26 22:36:34,2026-02-26,CLI-J7LFDLQ0ADYF,AGT-M6MXQC9YHN,Chat,WhatsApp,Producto,Producto,,,True,False,Neutral,-0.11,mexican,mexican,False,"PRD-K1LJELYHZGKZ,PRD-D1F1SLACMREH,PRD-ITZCRYOMDTLJ",False,False
INT-5TRYTS7E1MKM0YQZ,2026-02-26 17:08:35,2026-02-26,CLI-FII3QUMY4ML1,AGT-P6O3UZFIER,Inbound Call,Phone,Queja,Queja,553.0,36.0,False,True,Neutral,0.13,colombian,colombian,False,,False,True
INT-USD8A1KEU70VVPH9,2026-02-26 11:12:52,2026-02-26,CLI-1BBXYS0SG5CW,AGT-BH4XF8YM49,Outbound Call,Phone,Producto,Producto,400.0,,False,True,Neutral,-0.25,,,False,PRD-C6VY8ZRMQ9GE,False,True
INT-I541I9CHEVVMSS7Q,2026-02-26 14:21:13,2026-02-26,CLI-447SVK1RKTYA,AGT-632VJ0ER29,Inbound Call,Phone,Transaccional,Transaccional,238.0,84.0,True,False,Neutral,0.11,colombian,mexican,False,,False,True
INT-JKPR2NEVGEAYZ6Z7,2026-02-26 17:25:10,2026-02-26,CLI-AOVX5O2TIR95,AGT-PB69L1LNLH,Outbound Call,Phone,Comercial,Comercial,570.0,,True,False,Positivo,0.6,,,False,,False,True
INT-NAY9FGE6L6L8R7A0,2026-02-26 21:13:23,2026-02-26,CLI-2BCTYXF89X3X,AGT-B6KQJ1GE8L,Inbound Call,Phone,Transaccional,Transaccional,156.0,104.0,True,True,Neutral,-0.02,mexican,mexican,False,"PRD-MUJAHKXBPHWY,PRD-VYSN03DIYB6A,PRD-631A4TRDR3SR",False,True
INT-75HZWGE4NNFS6EFA,2026-02-26 21:25:29,2026-02-26,CLI-6U0R87175UZT,AGT-9U9K7MKVAX,Inbound Call,Phone,Producto,Producto,207.0,150.0,True,False,Neutral,0.19,argentine,argentine,False,"PRD-UVQ29M9HR23I,PRD-YLNGR4AP9LRZ,PRD-UK16UBCXDHAD",False,True
INT-LVQQDFV26UHVAKTV,2026-02-26 20:30:02,2026-02-26,CLI-CN3YY0IZNOQJ,AGT-BV7L3GQC9A,Inbound Call,Phone,Transaccional,Transaccional,178.0,77.0,True,False,Neutral,-0.06,mexican,mexican,False,PRD-UZM3UXRJ7YX4,False,True
INT-LZ7ZYNPW19TR6WFG,2026-02-26 17:04:26,2026-02-26,CLI-UF44NTDJUISG,AGT-J7A6SDZWYA,Email,Email,Producto,Producto,,,True,False,Neutral,0.14,colombian,colombian,False,,True,False
INT-K9WKV4ZYFDMC2HUP,2026-02-26 15:36:56,2026-02-26,CLI-4QCDNXRNGLHD,AGT-Q4TY30BOYE,Inbound Call,Phone,Producto,Producto,400.0,65.0,True,True,Neutral,0.26,,,False,,False,True
INT-HIKCT3FZLKODBTQA,2026-02-27 01:54:43,2026-02-26,CLI-2JPCCLH4ZXFA,AGT-5DZNKOUR81,Inbound Call,Phone,Técnico,Técnico,380.0,220.0,True,False,Neutral,0.23,mexican,mexican,False,,False,True
INT-65ULF663U6DKQOUT,2026-02-26 16:50:11,2026-02-26,CLI-WC09H6XQW7WV,AGT-9A52G9KAKH,Inbound Call,Phone,Producto,Producto,322.0,134.0,True,False,Positivo,0.44,mexican,mexican,False,,False,True
INT-ZJP389QZ73REK4IA,2026-02-26 19:22:03,2026-02-26,CLI-BBEHURPGQTTK,AGT-3OW146SSUR,Chat,App,Transaccional,Transaccional,,,True,False,Neutral,-0.25,mexican,colombian,True,"PRD-LR1DEFPLY8Y6,PRD-JR4ZIJP99MLN,PRD-E7226AM3BYP4",True,False
INT-D7F1COHM5LLL36W5,2026-02-26 08:16:16,2026-02-26,CLI-MSCTX6KP51TQ,AGT-R6BH0F3DT7,Inbound Call,Phone,Transaccional,Transaccional,195.0,111.0,False,True,Neutral,0.06,,,False,"PRD-4AYB7R12TYLX,PRD-BVPQCIRFA9ZU,PRD-3NK1ZA5E31HJ",False,True
INT-D3NFBA85PBKSB9L1,2026-02-26 09:07:23,2026-02-26,CLI-M9RIVFV6NBN7,AGT-74NXI0E4E6,Outbound Call,Phone,Transaccional,Transaccional,286.0,,True,True,Neutral,-0.07,colombian,colombian,False,"PRD-U8427VLSLFCO,PRD-QNT4LKQF1K8H,PRD-LQJZHZV2QNRI",False,True
INT-ZUM9LQ3I2LMR7NFG,2026-02-27 00:34:25,2026-02-26,CLI-6CWBFSQ6PCPP,AGT-HA58VTBBFQ,Inbound Call,Phone,Queja,Queja,282.0,92.0,False,True,Negativo,-0.5,,,False,,False,True
INT-UAAANYCJNVI3MEID,2026-02-26 22:58:45,2026-02-26,CLI-C9JXRCTM4HIW,AGT-CL1ZPNLJ7U,Inbound Call,Phone,Producto,Producto,349.0,39.0,True,False,Neutral,-0.24,mexican,mexican,False,,False,True
INT-HE3NZ5Z9QG0H0433,2026-02-26 11:51:50,2026-02-26,CLI-WFE7G3TE0Z4H,AGT-4VH0KX1M7P,Outbound Call,Phone,Técnico,Técnico,348.0,,True,False,Neutral,-0.28,,,False,PRD-QSKWPX8SKSX6,False,True
INT-Q2M0WTJW5ZWFC6VR,2026-02-26 08:11:17,2026-02-26,CLI-9MLQT11ZKB9N,AGT-BV7L3GQC9A,Inbound Call,Phone,Transaccional,Transaccional,306.0,173.0,True,False,Neutral,0.27,,,True,,True,True
INT-59ICOGEU6UXB8V9J,2026-02-27 00:52:45,2026-02-26,CLI-2I9J9INJN3WE,AGT-E2RO5C71O7,Inbound Call,Phone,Transaccional,Transaccional,187.0,114.0,False,True,Neutral,-0.1,argentine,argentine,False,"PRD-MFYIP60ZD12Q,PRD-1FJ7LHPQVHML,PRD-K1VB9BWFATI6",False,True
INT-JISQA6QTW4AABROM,2026-02-26 12:33:45,2026-02-26,CLI-9JV9CSWUGDEO,AGT-VPGMWBYXFI,Chat,WhatsApp,Transaccional,Transaccional,,,True,False,Neutral,-0.21,colombian,colombian,False,,False,False
INT-9YCXCW9UDK2JJ3XF,2026-02-27 00:07:59,2026-02-26,CLI-W0MEBHOGRSMY,AGT-KNAQ0H42S9,Chat,App,Transaccional,Transaccional,,,True,False,Neutral,0.13,mexican,mexican,True,"PRD-X0UWBL50SJRO,PRD-LASJT777HXZK",True,False
INT-PUBXTNY6Q9CN0JON,2026-02-26 17:04:36,2026-02-26,CLI-BYLI3C9GM76B,AGT-VUMXHFDA63,Email,Email,Técnico,Técnico,,,True,False,Neutral,-0.07,mexican,mexican,True,"PRD-ANUJXGBZ1WZV,PRD-18WK8TO2RP5I",True,False
INT-CJXBPXJ0A0LGC7D0,2026-02-27 04:58:01,2026-02-26,CLI-ZGM2YFY0RUJ1,AGT-AUOTS7C4F3,Inbound Call,Phone,Técnico,Técnico,523.0,41.0,True,False,Muy Negativo,-0.71,,,False,PRD-SEWGUM8SI6UQ,False,True
INT-H50I3ZEPKRHF6N7G,2026-02-27 01:20:31,2026-02-26,CLI-5KML29S7W5HJ,AGT-AN9S4PD9YK,Inbound Call,Phone,Transaccional,Transaccional,608.0,53.0,True,False,Neutral,-0.07,mexican,colombian,False,"PRD-WZZSFDQK5F9S,PRD-P197GEBDB96A",False,True
INT-SVAQA2OGLJMNLNBT,2026-02-27 04:42:17,2026-02-26,CLI-NS5W40RKORE0,AGT-GMSZFOVA7S,Chat,App,Técnico,Técnico,,,True,False,Negativo,-0.55,,,False,,False,False
INT-YNXVG2AWCVKZNQN4,2026-02-26 22:31:43,2026-02-26,CLI-9ARJDUBV05TO,AGT-A8I1YTWT37,Outbound Call,Phone,Transaccional,Transaccional,171.0,,True,False,Neutral,0.18,mexican,mexican,False,"PRD-D40W3RHBWA2F,PRD-TFAIHGVTR2ZT,PRD-NPN7LVKBQ7VL",False,True
INT-ZY1HQZMWUXFEX439,2026-02-26 12:10:31,2026-02-26,CLI-TPHZEFPU9DG0,AGT-UKNCM0RXY5,Chat,WhatsApp,Producto,Producto,,,True,False,Negativo,-0.33,mexican,mexican,False,"PRD-HXVCZ8HZCIDP,PRD-A9GYXQTGH7IJ,PRD-RP8Z9ZM84YG8",False,False
INT-DR52I29GV6TPCFRQ,2026-02-27 04:18:42,2026-02-26,CLI-UCAKXNM7P308,AGT-3QK2IMDGCM,Inbound Call,Phone,Producto,Producto,369.0,142.0,True,False,Neutral,0.26,mexican,mexican,False,,True,True
INT-CLT1NF8585MKE4C2,2026-02-27 00:37:20,2026-02-26,CLI-0CX063C6OFTH,AGT-AAM9ILQP8J,Outbound Call,Phone,Comercial,Comercial,704.0,,True,False,Neutral,-0.16,colombian,mexican,False,,False,True
INT-28UD2P30WTYQWSL0,2026-02-26 19:20:52,2026-02-26,CLI-4G7K606VYG6P,AGT-J65U3Y7UPF,Inbound Call,Phone,Comercial,Comercial,662.0,170.0,True,False,Positivo,0.34,colombian,colombian,False,,False,True
INT-XYBCMKWSD3NQRE6R,2026-02-26 15:32:39,2026-02-26,CLI-8SQXRWTN6R6X,AGT-7YHGZDPWRS,Inbound Call,Phone,Transaccional,Transaccional,194.0,119.0,True,False,Neutral,-0.23,,,True,,False,True
INT-KU1OH42OT5NZ3YPQ,2026-02-27 06:53:31,2026-02-26,CLI-AI0N914UFHMC,AGT-FDD67YH842,Inbound Call,Phone,Producto,Producto,333.0,19.0,True,False,Muy Positivo,0.93,,,False,"PRD-RTJJTYRYQPRY,PRD-IR57XP3C8MJP,PRD-C393FU7JJT7Y",False,True
INT-XYJUTAMT6JAYS1J6,2026-02-26 15:34:22,2026-02-26,CLI-LTP50S2FMEMU,AGT-GRCMX8W1NF,Inbound Call,Phone,Queja,Queja,440.0,128.0,False,True,Negativo,-0.58,mexican,mexican,False,,True,True
INT-S99N8G0YPGOYPHNW,2026-02-26 14:11:55,2026-02-26,CLI-5MSBA9CYEB4N,AGT-7RNBB5W4CT,Inbound Call,Phone,Técnico,Técnico,231.0,182.0,False,True,Negativo,-0.54,mexican,colombian,False,,False,True
INT-U3ZL7681UI2UDUAM,2026-02-27 02:14:56,2026-02-26,CLI-UKJ72RYD4SKM,AGT-A5DDBTLNU6,Inbound Call,Phone,Producto,Producto,234.0,51.0,True,True,Negativo,-0.52,,,False,,False,True
INT-WL514OZ44B3OXTQK,2026-02-26 13:06:40,2026-02-26,CLI-OBS7TFVMZV0N,AGT-XN0ST1JQ9M,Outbound Call,Phone,Comercial,Comercial,440.0,,True,False,Muy Negativo,-0.92,colombian,colombian,False,"PRD-Q9AUFKFLHD0U,PRD-II00PK80MZM6,PRD-T90TJYILS5YB",False,True
INT-1OYXGIK54TOHGBRZ,2026-02-27 07:27:48,2026-02-26,CLI-UDU1R65S2N25,AGT-HWATBOOPXF,Inbound Call,Phone,Queja,Queja,619.0,159.0,True,True,Muy Negativo,-0.98,,,False,,True,True
INT-XTHR3OS0MJ4S0WRC,2026-02-26 21:54:03,2026-02-26,CLI-S20X6G3A6GYP,AGT-8S2BFYRBVR,Inbound Call,Phone,Comercial,Comercial,327.0,187.0,True,False,Negativo,-0.55,mexican,mexican,False,,False,True
INT-Q3NW0P7K1OZR0LCD,2026-02-26 11:46:33,2026-02-26,CLI-98DY37A6YFUT,AGT-WJMHSLTJ60,Inbound Call,Phone,Transaccional,Transaccional,215.0,192.0,True,False,Neutral,-0.24,argentine,argentine,False,,False,True
INT-B3H4MIEEILKBD7LK,2026-02-27 00:59:22,2026-02-26,CLI-98JODDZWEDVZ,AGT-RA3DSUKQ7L,Inbound Call,Phone,Producto,Producto,200.0,111.0,True,True,Muy Negativo,-0.88,colombian,colombian,False,,False,True
INT-L1LN6GVQM1VLI94Y,2026-02-27 02:46:53,2026-02-26,CLI-7QVYHLYA5J0K,AGT-1YXVT0O4G0,Inbound Call,Phone,Queja,Queja,364.0,47.0,False,True,Positivo,0.57,colombian,colombian,False,,False,True
INT-TKTQOVNZ53XFSDLS,2026-02-27 06:42:42,2026-02-26,CLI-HZSOH7P9JPL2,AGT-SBUNV1M04D,Inbound Call,Phone,Técnico,Técnico,285.0,162.0,True,False,Neutral,-0.22,colombian,colombian,False,,True,True
INT-ZOP7JYAUQYGSYMF5,2026-02-26 10:55:10,2026-02-26,CLI-PX6QHPLNOR8J,AGT-GDP9DDIZFP,Inbound Call,Phone,Queja,Queja,184.0,72.0,False,True,Negativo,-0.61,argentine,argentine,False,,True,True
INT-9Q6AFFK2AETRJKOF,2026-02-27 06:55:11,2026-02-26,CLI-MJA4RPKQYW47,AGT-ECV5AJ8IMB,Inbound Call,Phone,Transaccional,Transaccional,365.0,108.0,True,False,Neutral,-0.12,,,False,"PRD-5837LMN3TFXJ,PRD-E10LHWOIXGBT",False,True
INT-NYMNF5SFPNS0F6RU,2026-02-26 11:27:27,2026-02-26,CLI-92H4AV7G5WLN,AGT-UU8LD3H21R,Inbound Call,Phone,Técnico,Técnico,296.0,93.0,True,False,Negativo,-0.5,argentine,argentine,False,,True,True
INT-HJISRPEO091C7TIP,2026-02-26 08:10:33,2026-02-26,CLI-VQVX1R7E45WQ,AGT-G4ZXDWOS2S,Inbound Call,Phone,Comercial,Comercial,944.0,194.0,False,True,Negativo,-0.32,argentine,mexican,False,PRD-ZLXW2R5B2KSF,False,True
INT-DDOPXT2NFAHXPD4O,2026-02-26 18:10:52,2026-02-26,CLI-YJRHWL0X2DKA,AGT-FDYIW6O3N8,Inbound Call,Phone,Transaccional,Transaccional,237.0,45.0,False,True,Neutral,-0.15,mexican,mexican,True,PRD-IBGL7B4N6FJ8,False,True
INT-SCNLJBKPVQMNNHLY,2026-02-26 21:57:20,2026-02-26,CLI-0DQ3D8VCI5WP,AGT-YBP5UDK1VN,Inbound Call,Phone,Transaccional,Transaccional,100.0,60.0,True,False,Neutral,-0.27,argentine,argentine,True,,False,True
INT-L2R86J36N8XZYRA7,2026-02-27 04:06:51,2026-02-26,CLI-KDR928XGV0QM,AGT-1ASM7PTCSR,Video,Web,Producto,Producto,102.0,,True,False,Neutral,-0.3,colombian,colombian,False,,False,True
INT-W9D6LWOAQDSL1U6R,2026-02-26 09:45:54,2026-02-26,CLI-JMFRHCVAX4PA,AGT-5LCOF9SDDE,Video,Web,Transaccional,Transaccional,175.0,,True,False,Neutral,-0.18,mexican,mexican,False,,False,True
INT-T7FFGO2EXE3ZG4T3,2026-02-26 13:48:29,2026-02-26,CLI-EVZSO2F7F3W7,AGT-0UA5E2DG3G,Inbound Call,Phone,Queja,Queja,445.0,157.0,False,True,Neutral,0.14,,,False,,False,True
INT-DYU4P6OP92QPFATH,2026-02-27 05:38:54,2026-02-26,CLI-YD5JWBXPYALD,AGT-VCZ9ZY2MDS,Outbound Call,Phone,Comercial,Comercial,406.0,,False,True,Positivo,0.36,,,False,,True,True
INT-IP3XF5Y8GS0CQ53H,2026-02-26 08:22:30,2026-02-26,CLI-HIXSUUDU8QC0,AGT-UF8UI4UA1B,Inbound Call,Phone,Producto,Producto,247.0,136.0,True,False,Negativo,-0.43,colombian,colombian,False,,True,True
INT-4RG6WWIXZFPOFGX4,2026-02-26 20:58:11,2026-02-26,CLI-L5ISMZQDLRKM,AGT-S2RR13SI24,Inbound Call,Phone,Transaccional,Transaccional,193.0,144.0,True,False,Neutral,-0.23,mexican,mexican,False,"PRD-LD20LECK58LD,PRD-5T2PYGHHTFVU",True,True
INT-0KBNHW6CVTUEXXW8,2026-02-26 23:38:04,2026-02-26,CLI-CU4TYVW3VGSJ,AGT-W18EQQEXSG,Outbound Call,Phone,Queja,Queja,530.0,,False,True,Neutral,0.07,argentine,argentine,False,,False,True
INT-TPWLDPGYEE4ZBT49,2026-02-26 23:57:45,2026-02-26,CLI-TCAKYGSEATME,AGT-YF9RO3EJZU,Inbound Call,Phone,Transaccional,Transaccional,173.0,89.0,True,False,Neutral,0.1,,,True,,True,True
INT-T2F35DTRY6TRUTBM,2026-02-26 22:15:26,2026-02-26,CLI-BX2IJQWHEWG6,AGT-2TAGK048H3,Outbound Call,Phone,Queja,Queja,462.0,,False,True,Neutral,-0.22,,,True,,False,True
INT-3H24U94E7WLB4HQA,2026-02-27 01:20:48,2026-02-26,CLI-3RJJ1ME41WGD,AGT-3WS5S93Z8Y,Chat,App,Transaccional,Transaccional,,,True,False,Neutral,-0.02,mexican,mexican,True,,False,False
INT-T12BJ04320ZTK9SK,2026-02-27 03:12:57,2026-02-26,CLI-XRT6UT4QEDU6,AGT-QU8T3PNBH6,Inbound Call,Phone,Técnico,Técnico,364.0,187.0,True,False,Positivo,0.66,,,False,"PRD-2GG3E9FGMRMA,PRD-L86VQ1V9WQRV",True,True
INT-KGGL4SNLYQ3POZ1O,2026-02-27 01:00:38,2026-02-26,CLI-AXJDNK5LUHYY,AGT-6NK9TIEVN9,Inbound Call,Phone,Producto,Producto,301.0,154.0,True,False,Neutral,-0.19,,,False,PRD-XCLC2DLOHWDG,False,True
INT-HQ718UDHXIP8H2PN,2026-02-27 02:12:36,2026-02-26,CLI-0KY4WSPB57F0,AGT-8GZ4DPZ9DX,Outbound Call,Phone,Queja,Queja,347.0,,False,True,Muy Negativo,-0.91,colombian,colombian,False,"PRD-LZZNP1LABK8U,PRD-O1MLUU56714U,PRD-DM3MLAGPMUV0",False,True
INT-H5L8V57SONVDNMH8,2026-02-27 02:18:29,2026-02-26,CLI-LPYZPDAUUFRS,AGT-XUBJTI8AW5,Inbound Call,Phone,Queja,Queja,722.0,99.0,False,True,Muy Positivo,0.73,,,False,PRD-6ZT2K2S0KUYC,True,True
INT-ZU1OIKEOSP7DVUC8,2026-02-27 07:19:45,2026-02-26,CLI-A51IS2WXI0RU,AGT-5TL2B7ELKV,Chat,Web Chat,Técnico,Técnico,,,False,True,Positivo,0.33,mexican,mexican,False,,True,False
INT-JATKH274GIMXHDCF,2026-02-26 22:55:15,2026-02-26,CLI-7A9ZJQG4Z5K5,AGT-GR5JJJRL3O,Inbound Call,Phone,Transaccional,Transaccional,209.0,218.0,True,False,Neutral,-0.3,colombian,colombian,False,,False,True
INT-1XBQEO74RPW8Y4O3,2026-02-26 21:07:39,2026-02-26,CLI-6PKK75B7SBKU,AGT-57TC8S3DE3,Chat,Web Chat,Transaccional,Transaccional,,,True,True,Neutral,0.14,colombian,colombian,False,,False,False
INT-88DRBP1L16NQN51B,2026-02-26 10:18:46,2026-02-26,CLI-A879W4GPC2D1,AGT-YKT9RW2X8X,Inbound Call,Phone,Transaccional,Transaccional,156.0,182.0,True,False,Neutral,0.11,,,False,,False,True
INT-0FT9MFUI1SXETD96,2026-02-26 09:05:36,2026-02-26,CLI-6UH8FEFDR6JJ,AGT-0WS31AIHF0,Inbound Call,Phone,Técnico,Técnico,413.0,219.0,True,False,Muy Positivo,0.9,,,False,"PRD-BU05AV1ODI51,PRD-7L8FPAQ25ETG",True,True
INT-A532ED7P8WCIH3AQ,2026-02-26 15:01:13,2026-02-26,CLI-PC5OBO3K2GF8,AGT-DDPUZDGTDB,Chat,Web Chat,Producto,Producto,,,True,True,Neutral,-0.16,,,True,"PRD-A5P0LB7TG7CE,PRD-A2IOZLSQKBQJ,PRD-UZVPOS3YHHA2",False,False
INT-JV1PBEIS7VCUZF6Q,2026-02-27 06:30:51,2026-02-26,CLI-GLXA8WY87247,AGT-1QOK2G45HI,Chat,App,Producto,Producto,,,False,True,Neutral,0.15,,,False,,False,False
INT-FJROUOMFNINGLXMS,2026-02-26 19:33:00,2026-02-26,CLI-BG2ZXVLS9NBS,AGT-5PR2VCD9EJ,Outbound Call,Phone,Técnico,Técnico,412.0,,False,True,Neutral,-0.21,colombian,colombian,False,,False,True
INT-88TUJMVM9TMETKYI,2026-02-26 15:52:22,2026-02-26,CLI-0UVA2NK2L7FJ,AGT-DTAYXVOKPJ,Inbound Call,Phone,Producto,Producto,207.0,141.0,True,False,Neutral,-0.23,mexican,colombian,False,,True,True
INT-2M4UGQGMYS3J9ENL,2026-02-26 21:40:40,2026-02-26,CLI-7EZJ4A54XNVY,AGT-7UKL3VB0OR,Outbound Call,Phone,Queja,Queja,349.0,,True,True,Muy Negativo,-0.99,colombian,colombian,False,"PRD-UB7FIY5ACH8N,PRD-8535MN6KF2KW,PRD-EHEVONFQW0I4",True,True
INT-4LTR6NANNDV38FPH,2026-02-27 06:40:15,2026-02-26,CLI-P4EYHBOMMH2Q,AGT-CEPAD7FLHM,Inbound Call,Phone,Transaccional,Transaccional,191.0,165.0,True,True,Neutral,0.0,colombian,colombian,False,"PRD-8U901BR3C5U5,PRD-9P2LUVJFNSJ3",True,True
INT-TCN982PRI8QQS7MP,2026-02-27 00:42:15,2026-02-26,CLI-NUHO2CGJH4ZB,AGT-HQP1WC8P45,Inbound Call,Phone,Comercial,Comercial,829.0,90.0,False,True,Neutral,-0.1,,,False,PRD-TK3RTK8IQI97,True,True
INT-GXB8TRZF1DX4VVR5,2026-02-26 17:02:05,2026-02-26,CLI-LFFGCCEBPJ0F,AGT-8F824H7DN8,Outbound Call,Phone,Transaccional,Transaccional,356.0,,True,False,Neutral,-0.15,,,False,,False,True
INT-TGFIYB5WU9K3UEBY,2026-02-26 13:21:58,2026-02-26,CLI-2LI00N4IMM1L,AGT-03BKII7RPZ,Inbound Call,Phone,Producto,Producto,228.0,173.0,True,False,Neutral,-0.24,,,False,"PRD-L3BG2HRFWXTI,PRD-F8C943PRZYDM,PRD-ECVBJ9CR8NQ4",False,True
INT-T9BR8C7M83X0FIS3,2026-02-26 13:04:14,2026-02-26,CLI-2DVB53RF3K22,AGT-RL5EQ6KNBS,Inbound Call,Phone,Queja,Queja,330.0,76.0,False,True,Muy Positivo,0.75,mexican,mexican,True,,False,True
INT-HILET18DUOGKQEOW,2026-02-26 22:33:26,2026-02-26,CLI-B411NXB0IO9K,AGT-5FYIMNGMBG,Chat,App,Comercial,Comercial,,,True,False,Positivo,0.61,mexican,mexican,False,"PRD-TBK3CI6CVCWK,PRD-WCI5Q12UT9WV,PRD-V9I6EIMTVOH7",False,False
INT-B39W5G5BCQP4U84Q,2026-02-27 02:21:32,2026-02-26,CLI-OBBBGHDONLS8,AGT-GT2O5MFVMB,Inbound Call,Phone,Transaccional,Transaccional,231.0,143.0,True,False,Neutral,0.03,,,False,PRD-721BHA5U2SIX,True,True
INT-ONZPEKFNIA5FWALU,2026-02-26 20:48:00,2026-02-26,CLI-W8QV838ZHNS3,AGT-N0HJHS1DBA,Inbound Call,Phone,Técnico,Técnico,290.0,159.0,True,False,Neutral,0.03,argentine,argentine,False,,False,True
INT-AKEWQCYT2BX8HLQL,2026-02-26 12:06:53,2026-02-26,CLI-QRP553KRGSDZ,AGT-BT05WAA543,Inbound Call,Phone,Transaccional,Transaccional,55.0,204.0,True,False,Neutral,-0.3,argentine,mexican,False,,True,True
INT-IFGJ7WZ7JUUS3YC5,2026-02-26 21:38:44,2026-02-26,CLI-FIQMWA15F96Q,AGT-KFVMJV5MAS,Inbound Call,Phone,Transaccional,Transaccional,142.0,135.0,True,False,Neutral,0.06,colombian,colombian,False,,False,True
INT-ATWXJJUHRNFZAS9P,2026-02-26 19:57:51,2026-02-26,CLI-LY14UC9MRNAL,AGT-1YCIZJAO9N,Outbound Call,Phone,Transaccional,Transaccional,99.0,,True,False,Neutral,0.03,mexican,mexican,False,,False,True
INT-MORGBRDHC7SZ9I09,2026-02-26 08:06:34,2026-02-26,CLI-3GD1GRSXXE0N,AGT-GX1XLRMUAS,Inbound Call,Phone,Producto,Producto,222.0,69.0,True,False,Neutral,0.28,,,False,"PRD-WID5RLRB5S30,PRD-J2KU9SLMYKK2,PRD-RC2F1005849M",False,True
INT-Q96909QIUN0IPB71,2026-02-26 17:55:31,2026-02-26,CLI-LO41E5PL3M4P,AGT-LTX82QBP86,Outbound Call,Phone,Transaccional,Transaccional,185.0,,True,False,Neutral,0.03,mexican,mexican,False,,False,True
INT-MQB0IXM3AHXMB83Q,2026-02-27 07:54:36,2026-02-26,CLI-T5XSAB8QDPED,AGT-ELSO6DC1OU,Inbound Call,Phone,Queja,Queja,385.0,112.0,False,True,Positivo,0.43,colombian,colombian,False,,True,True
INT-UMXBE9RTJCBAQWER,2026-02-26 12:15:24,2026-02-26,CLI-K8K5Z1MFZIF3,AGT-KNAQ0H42S9,Inbound Call,Phone,Técnico,Técnico,479.0,190.0,True,False,Neutral,-0.19,colombian,mexican,False,,False,True
INT-ZHG51LMRS7EBB0SI,2026-02-27 00:35:30,2026-02-26,CLI-DPIVW01R8CXH,AGT-KTG7GAP6JI,Outbound Call,Phone,Producto,Producto,229.0,,True,False,Negativo,-0.46,mexican,mexican,False,,False,True
INT-XDSVLL5H7RI8IXJ9,2026-02-26 20:05:08,2026-02-26,CLI-T4BMCA7CZMOM,AGT-VH1MSPB0E8,Inbound Call,Phone,Transaccional,Transaccional,226.0,97.0,True,False,Neutral,-0.1,mexican,mexican,False,,False,True
INT-M8WME4IYL6K8BFT5,2026-02-27 04:25:10,2026-02-26,CLI-L2CCZY7L38HN,AGT-BRSQ4J226H,Inbound Call,Phone,Transaccional,Transaccional,150.0,197.0,True,False,Neutral,0.06,colombian,argentine,False,,False,True
INT-E3XJEV9YEQA3393Q,2026-02-26 10:13:52,2026-02-26,CLI-R46HQEOJOINF,AGT-2F6DCW7N6Q,Outbound Call,Phone,Transaccional,Transaccional,75.0,,True,True,Neutral,0.27,,,False,,True,True
INT-5V6PISV2E7RTEWFQ,2026-02-26 09:51:24,2026-02-26,CLI-TZX35FVEJWOG,AGT-EUWMU9A5O8,Inbound Call,Phone,Transaccional,Transaccional,259.0,198.0,True,False,Neutral,0.18,argentine,argentine,False,,False,True
INT-KOH8AQ8T6L13TFEL,2026-02-26 15:47:44,2026-02-26,CLI-WXDRGQQBGG13,AGT-IT36OMS326,Inbound Call,Phone,Queja,Queja,222.0,149.0,False,True,Positivo,0.64,,,False,"PRD-76O9C259F7XY,PRD-U84TT7N7XH7O,PRD-N8WH65EWBLM6",False,True
INT-Y75I87U7EAK3MZVI,2026-02-26 11:50:25,2026-02-26,CLI-PS8G4898FWOI,AGT-29XBDSVSVM,Inbound Call,Phone,Transaccional,Transaccional,99.0,171.0,True,False,Neutral,-0.24,,,False,"PRD-GN2EZO815ZXB,PRD-3VSRGLYLEJC9",True,True
INT-SU918A7AW9LJCVH6,2026-02-27 07:12:35,2026-02-26,CLI-Y1FUA8TR5ZAR,AGT-E7AAXG6SU3,Outbound Call,Phone,Técnico,Técnico,316.0,,True,False,Positivo,0.45,,,False,,False,True
INT-T7RIDVTLJF2JDJW4,2026-02-26 18:16:29,2026-02-26,CLI-9KDZSFEWWGYO,AGT-3OW146SSUR,Inbound Call,Phone,Transaccional,Transaccional,243.0,55.0,True,False,Neutral,0.29,,,False,,False,True
INT-3EPLIMMVQMD2UZC9,2026-02-27 05:20:13,2026-02-26,CLI-DS92TR0R590E,AGT-24XX6P3FO7,Inbound Call,Phone,Producto,Producto,108.0,90.0,False,True,Negativo,-0.59,argentine,argentine,False,,False,True
INT-D3P0TDIMEKEPS17U,2026-02-26 11:12:50,2026-02-26,CLI-I6U5VOWGRZZ4,AGT-TSMBWDEGRX,Inbound Call,Phone,Producto,Producto,307.0,26.0,True,False,Neutral,-0.11,mexican,mexican,False,"PRD-PIYBK3U7IXRU,PRD-JYN8DEEFV3P5",True,True
INT-6N5D8YW2GSDAYV09,2026-02-27 04:00:00,2026-02-26,CLI-AD24NWPBEDQP,AGT-Q8AGV9WXXS,Inbound Call,Phone,Comercial,Comercial,389.0,108.0,True,False,Neutral,0.27,,,False,,True,True
INT-JOCNJYVPM4IDU9ME,2026-02-27 03:32:17,2026-02-26,CLI-995E3FRYX8RB,AGT-9U9K7MKVAX,Outbound Call,Phone,Queja,Queja,258.0,,True,False,Neutral,0.17,colombian,colombian,False,"PRD-G81SXAR0TCXD,PRD-WS6LBBBIHJHA,PRD-F30LFNY3OUHW",False,True
INT-BX5CQBJ715XPLU82,2026-02-26 18:55:53,2026-02-26,CLI-87CZUMW91JBS,AGT-MGX0DXFXS8,Inbound Call,Phone,Transaccional,Transaccional,30.0,176.0,True,False,Neutral,0.2,,,False,,True,True
INT-IJTYQAF9CKQFSAYB,2026-02-27 06:32:46,2026-02-26,CLI-RUHFJ6PVBT73,AGT-O48SLVX738,Inbound Call,Phone,Queja,Queja,372.0,91.0,False,True,Negativo,-0.52,,,False,"PRD-8I3D31YQGQJI,PRD-0ZGBRH2RFMK1,PRD-3I1YHSL02PDP",True,True
INT-1IFA1D087JE930YV,2026-02-26 17:56:57,2026-02-26,CLI-DSN4E8CB3F3F,AGT-LHW2K7HV3X,Inbound Call,Phone,Comercial,Comercial,656.0,80.0,False,True,Neutral,0.05,argentine,argentine,False,,False,True
INT-UCOZ3Z7CBAZRTF26,2026-02-26 14:36:01,2026-02-26,CLI-L4058WF6QKEL,AGT-4Q1DSUDT97,Outbound Call,Phone,Queja,Queja,366.0,,True,False,Neutral,-0.0,colombian,colombian,False,PRD-8R2KVO4VGRWB,True,True
INT-98KVGVPX96LYFT9K,2026-02-27 03:05:49,2026-02-26,CLI-7T9XAHB940XD,AGT-0QJX3LETUS,Chat,App,Queja,Queja,,,False,True,Neutral,0.07,mexican,mexican,False,"PRD-C7KTTQXBLBR8,PRD-0292XK5C55PL",False,False
INT-0RV3TFCJWSUURG53,2026-02-27 04:08:11,2026-02-26,CLI-HOXEIJ7MJSWZ,AGT-3F64L1CQON,Inbound Call,Phone,Queja,Queja,302.0,157.0,False,True,Negativo,-0.44,mexican,mexican,False,,False,True
INT-U4OQ395S1C65Y7AW,2026-02-26 14:32:57,2026-02-26,CLI-4W69A5OGK32U,AGT-QS0490AK15,Inbound Call,Phone,Comercial,Comercial,679.0,132.0,True,False,Muy Positivo,0.83,mexican,mexican,False,,False,True
INT-X5CZMIWKCQJJCDKO,2026-02-27 02:34:47,2026-02-26,CLI-L9BMLGRJMNYD,AGT-2L5W5ELAS7,Inbound Call,Phone,Transaccional,Transaccional,129.0,194.0,True,False,Neutral,-0.24,argentine,colombian,False,,True,True
INT-BK6AC8UD2DQFE7LU,2026-02-26 17:42:50,2026-02-26,CLI-4F0ZCYGHNENP,AGT-NIV1UCW44H,Outbound Call,Phone,Transaccional,Transaccional,166.0,,True,False,Neutral,0.22,,,False,,False,True
INT-QOAJQTZNRESPMRX4,2026-02-26 23:30:57,2026-02-26,CLI-LJWGNPQYJ1VD,AGT-C7L9UKCI6Z,Inbound Call,Phone,Transaccional,Transaccional,260.0,116.0,True,False,Neutral,-0.16,,,False,"PRD-TIY4HGLSB4QH,PRD-7WWHZI1QA1FI,PRD-NOB34LILMJ69",False,True
INT-PH31OL92UWXWXORX,2026-02-27 06:48:02,2026-02-26,CLI-RX3VLNX2IJ6O,AGT-1999NR0BNU,Inbound Call,Phone,Transaccional,Transaccional,128.0,179.0,False,True,Neutral,-0.11,,,False,,False,True
INT-E6DBPA16CGUHF03F,2026-02-26 08:47:46,2026-02-26,CLI-4SSFYLHUOW2K,AGT-WFVUMINGZI,Inbound Call,Phone,Transaccional,Transaccional,200.0,113.0,True,False,Neutral,-0.2,mexican,mexican,False,PRD-PHTKO8OEWH8S,True,True
INT-P0947X7QYQ46ER0G,2026-02-26 08:28:24,2026-02-26,CLI-3Y404A8S28N5,AGT-6Z6COALO6M,Inbound Call,Phone,Transaccional,Transaccional,217.0,123.0,True,False,Neutral,0.15,argentine,argentine,False,,False,True
INT-7X5KYI5SMLFWI5F9,2026-02-27 00:24:41,2026-02-26,CLI-0ZACHADIWEQW,AGT-Z6N2FYD0RW,Inbound Call,Phone,Transaccional,Transaccional,181.0,263.0,False,True,Neutral,-0.2,,,False,,True,True
INT-ESY9KFOSW9FPMU0N,2026-02-26 10:35:48,2026-02-26,CLI-0KGBSE6JJG7H,AGT-PW8EIJKP76,Inbound Call,Phone,Retención,Retención,257.0,216.0,False,True,Positivo,0.41,argentine,mexican,True,,False,True
INT-YTZH0O8KD3PZ2WQD,2026-02-27 06:37:46,2026-02-26,CLI-WZGDW6FSZXJ6,AGT-DF77TQ66S1,Inbound Call,Phone,Transaccional,Transaccional,151.0,91.0,True,False,Neutral,0.27,,,False,,False,True
INT-GWBPI3FFOHE1JJFQ,2026-02-26 21:37:26,2026-02-26,CLI-HHVT0QCDFVB0,AGT-E1HYYKT3NN,Inbound Call,Phone,Queja,Queja,211.0,86.0,True,False,Neutral,0.08,mexican,mexican,False,,False,True
INT-NA2NSEL3WHZPNR45,2026-02-26 16:35:12,2026-02-26,CLI-XH5EX292HBVF,AGT-E2RO5C71O7,Inbound Call,Phone,Técnico,Técnico,355.0,141.0,False,True,Neutral,0.03,mexican,mexican,False,,True,True
INT-UR7371055T3CV95X,2026-02-27 00:15:45,2026-02-26,CLI-0XFAOJD4D5U1,AGT-E2Y5OZOV43,Inbound Call,Phone,Producto,Producto,123.0,146.0,True,False,Neutral,-0.26,,,False,,False,True
INT-LFJ0YGKW3YI3CGCI,2026-02-27 01:35:23,2026-02-26,CLI-C4HEXS47XKLS,AGT-9OUCPLC2FI,Inbound Call,Phone,Transaccional,Transaccional,183.0,116.0,True,False,Neutral,-0.16,,,False,,False,True
INT-0MKK5USY6ARBA7CT,2026-02-26 16:41:42,2026-02-26,CLI-09WL8QCNU8ET,AGT-DFWMTQOSYP,Inbound Call,Phone,Transaccional,Transaccional,331.0,269.0,True,False,Neutral,-0.27,mexican,mexican,False,,False,True
INT-KH3IS6K7K8JW0GXB,2026-02-26 22:01:13,2026-02-26,CLI-TGXDHH4VOD4V,AGT-CEKT3DRJ9B,Inbound Call,Phone,Queja,Queja,260.0,141.0,True,False,Neutral,-0.04,mexican,mexican,False,"PRD-7076BI26RFF7,PRD-AGTGGX0BRO62",False,True
INT-OGRS92M96HI0G81M,2026-02-26 11:02:57,2026-02-26,CLI-6QOM55U5AYQE,AGT-JNY9R22CQM,Inbound Call,Phone,Queja,Queja,210.0,79.0,True,False,Muy Positivo,0.75,mexican,mexican,False,,False,True
INT-4U2HY2NIN1YCI451,2026-02-26 13:48:03,2026-02-26,CLI-UA9F4E1KB816,AGT-L9LMIGUHNZ,Outbound Call,Phone,Retención,Retención,576.0,,False,True,Negativo,-0.43,,,False,,False,True
INT-6TJ0ITZ48RZ0ZZH8,2026-02-26 10:07:48,2026-02-26,CLI-OGZLNTY4QJ0U,AGT-YTNF7NSA1L,Inbound Call,Phone,Técnico,Técnico,384.0,58.0,True,False,Neutral,0.05,argentine,argentine,False,"PRD-NBS9I3CK2X3H,PRD-Z28B3UX6E6SD",False,True
INT-HXTGYGVDB1DGPCLX,2026-02-26 16:43:07,2026-02-26,CLI-1F3MNHK5U2HR,AGT-P6ZSI9FXVT,Outbound Call,Phone,Transaccional,Transaccional,232.0,,True,False,Neutral,-0.09,colombian,mexican,True,,False,True
INT-KJ4LOXGKB2UPC8C2,2026-02-26 21:36:34,2026-02-26,CLI-PBP2ONZ0SPFM,AGT-NOB5KS50MS,Inbound Call,Phone,Transaccional,Transaccional,134.0,118.0,True,False,Neutral,-0.04,,,False,PRD-WNG93LBY4TR2,False,True
INT-DO69423HAHMP8QES,2026-02-26 10:46:01,2026-02-26,CLI-VL00DM1EX9KE,AGT-0QS3PWRJNI,Inbound Call,Phone,Producto,Producto,243.0,61.0,True,False,Neutral,0.14,,,False,,False,True
INT-CNUL5AZHUU3YA3XD,2026-02-27 00:52:36,2026-02-26,CLI-UYIEHD4PD8U0,AGT-8431PDCJHS,Inbound Call,Phone,Transaccional,Transaccional,177.0,39.0,True,False,Neutral,0.01,colombian,mexican,False,PRD-X0F5NRCPBPMZ,False,True
INT-HO5MLYDKTXNO7JT9,2026-02-26 14:09:17,2026-02-26,CLI-E3MBICFFZIAM,AGT-QW7EGGQH00,Inbound Call,Phone,Producto,Producto,415.0,179.0,True,False,Neutral,-0.05,,,True,,False,True
INT-60VQAL84L0S9PDLI,2026-02-26 13:41:30,2026-02-26,CLI-UK6FF0FV7BDF,AGT-PDS7BE8A8L,Inbound Call,Phone,Producto,Producto,207.0,111.0,False,True,Neutral,0.23,,,False,,True,True
INT-ZE7LZEC58KDTE8B4,2026-02-26 15:34:05,2026-02-26,CLI-JBWO6LLUKGZK,AGT-7SUVBV3ET6,Inbound Call,Phone,Queja,Queja,243.0,271.0,False,True,Neutral,-0.27,mexican,mexican,False,"PRD-WIWVCAPVJ7F7,PRD-3ECHRNATT2Z2,PRD-BMH1M14CQ4P7",False,True
INT-HEXRO1CD3WQC3O7S,2026-02-27 07:03:50,2026-02-26,CLI-DNLWY307C7SJ,AGT-KU6FVZPQSV,Inbound Call,Phone,Técnico,Técnico,220.0,70.0,True,False,Positivo,0.64,colombian,colombian,False,"PRD-IVJNMSQHCZTS,PRD-JXYQ3N299I1N,PRD-U63FMCE9Z4F3",False,True
INT-K0Q5V49O7AQZP5GY,2026-02-27 07:36:25,2026-02-26,CLI-O46KUZL4ZZYX,AGT-5FZN0GITJ6,Inbound Call,Phone,Transaccional,Transaccional,148.0,194.0,True,True,Neutral,-0.06,mexican,mexican,False,PRD-O6AX356YW9F2,False,True
INT-OF1VXKAU6Y4XLY7N,2026-02-26 08:45:39,2026-02-26,CLI-GZ3QBN0B1NUA,AGT-HSAKSDDKYK,Inbound Call,Phone,Transaccional,Transaccional,150.0,106.0,True,False,Neutral,-0.12,,,True,,False,True
INT-1I905AYP3BKAWTT5,2026-02-26 09:53:51,2026-02-26,CLI-LW28U6KSXXED,AGT-KU6FVZPQSV,Inbound Call,Phone,Técnico,Técnico,470.0,92.0,False,True,Negativo,-0.31,mexican,mexican,False,"PRD-LL1YG4DOTC8X,PRD-IAB6THH7QL8C",False,True
INT-Q44H356RBTQF8ARD,2026-02-26 09:23:04,2026-02-26,CLI-LP8XP3MWZI4V,AGT-ILZ3O4HNJ7,Outbound Call,Phone,Transaccional,Transaccional,235.0,,True,False,Neutral,0.05,,,False,,False,True
INT-P5PCWHU04NVOO5NF,2026-02-26 10:46:35,2026-02-26,CLI-X4E98GE5IO82,AGT-Q4TY30BOYE,Outbound Call,Phone,Queja,Queja,377.0,,True,True,Negativo,-0.63,argentine,mexican,False,,False,True
INT-H9UR7GCFN98JQWPI,2026-02-27 05:33:22,2026-02-26,CLI-RFQEXV2IO5OC,AGT-V6HEZNUZJC,Chat,App,Producto,Producto,,,True,False,Neutral,0.29,,,False,PRD-3WA9HDI36ZQM,False,False
INT-NURPEB35RNIUPP7N,2026-02-26 16:59:46,2026-02-26,CLI-HLYIAGNGLO0T,AGT-MCGNTSXO28,Inbound Call,Phone,Producto,Producto,325.0,121.0,True,False,Positivo,0.41,argentine,mexican,False,,True,True
INT-IYNGYNITS9298GG4,2026-02-27 04:53:36,2026-02-26,CLI-ULUNR5RXHAL0,AGT-TRZMD8W6Y4,Outbound Call,Phone,Técnico,Técnico,349.0,,True,False,Positivo,0.61,mexican,colombian,True,,True,True
INT-MFEXJ3JNZTVA7UWE,2026-02-26 19:52:19,2026-02-26,CLI-0RBNYYVHXVWE,AGT-TRV7Z7UODY,Inbound Call,Phone,Retención,Retención,494.0,203.0,True,False,Neutral,0.23,,,False,"PRD-1O9NU3AMSET8,PRD-L6Y96XMZMIR7,PRD-CESVNVQ91E4K",False,True
INT-JSMU1MHI3SSW3JHY,2026-02-27 03:49:18,2026-02-26,CLI-1UGYV60ZF9PK,AGT-EUWMU9A5O8,Inbound Call,Phone,Producto,Producto,208.0,106.0,True,False,Neutral,0.12,,,False,"PRD-2A4VF5SSUY3K,PRD-J6QCYEKYNLL2,PRD-IXD2UGKEZ7HB",False,True
INT-5O35K788LO87IW90,2026-02-27 04:51:04,2026-02-26,CLI-UMJHSH4P6ING,AGT-G4VQ2XMN69,Inbound Call,Phone,Transaccional,Transaccional,285.0,180.0,True,False,Neutral,0.08,mexican,mexican,False,,False,True
INT-WKASJWSZN0ZO74XJ,2026-02-26 21:08:10,2026-02-26,CLI-UF5E0VKGONO1,AGT-9WEMMV5AD9,Chat,Web Chat,Producto,Producto,,,True,False,Neutral,-0.02,,,False,"PRD-KDX51FEYL3W7,PRD-KMX5AVLVGIGG",False,False
INT-N9GW6KTRS2CB4A6H,2026-02-27 07:52:30,2026-02-26,CLI-A3D9O6HVSR24,AGT-BE8UFS60OG,Inbound Call,Phone,Comercial,Comercial,603.0,183.0,True,False,Neutral,0.27,mexican,mexican,False,,False,True
INT-H8IP9Y0GL33CIR1G,2026-02-26 19:56:16,2026-02-26,CLI-SF7ZHCC6TYGP,AGT-FA9EKIAVXG,Inbound Call,Phone,Queja,Queja,473.0,145.0,False,True,Muy Negativo,-0.82,mexican,colombian,False,"PRD-QLLF0QC9BQ5B,PRD-ES9Q2VHJCXDU,PRD-H0TK8YCP210C",False,True
INT-W184G4WFNJNGUFYR,2026-02-26 20:56:05,2026-02-26,CLI-9TB3ZQSFILYN,AGT-2MHKH3YW3K,Inbound Call,Phone,Producto,Producto,280.0,165.0,True,False,Neutral,-0.24,mexican,argentine,False,,True,True
INT-521ZUSKT26EC7WJ2,2026-02-26 22:44:27,2026-02-26,CLI-OSVV4EY212TJ,AGT-NB6AG6PT24,Inbound Call,Phone,Retención,Retención,775.0,108.0,False,True,Neutral,0.12,mexican,mexican,False,,True,True
INT-PT3IZU9AVM2QVUTR,2026-02-26 12:33:48,2026-02-26,CLI-N9ZGAA3BYCPM,AGT-Z1EIQXWV82,Inbound Call,Phone,Transaccional,Transaccional,201.0,98.0,True,False,Neutral,-0.11,mexican,mexican,False,,False,True
INT-NMG5Y52IS8DFZDW3,2026-02-26 17:44:12,2026-02-26,CLI-NMQVA5VYOYIC,AGT-NOB5KS50MS,Outbound Call,Phone,Transaccional,Transaccional,328.0,,True,False,Neutral,0.11,colombian,mexican,False,,False,True
INT-9DAWGJ8T82NH3Q54,2026-02-27 03:53:49,2026-02-26,CLI-8ESITANM855A,AGT-1MJ1VGXYXN,Outbound Call,Phone,Producto,Producto,297.0,,True,False,Neutral,0.24,colombian,colombian,False,,False,True
INT-NO6FGDHPHD0YCB1J,2026-02-26 19:01:16,2026-02-26,CLI-OG2QHYOMPWXO,AGT-H4WPLB7OBS,Chat,WhatsApp,Transaccional,Transaccional,,,True,False,Neutral,-0.02,,,False,,False,False
INT-AAJRXMZMH7YIO0AT,2026-02-26 13:20:36,2026-02-26,CLI-F4N1TJAV0OEK,AGT-VA28738OUD,Inbound Call,Phone,Comercial,Comercial,397.0,175.0,False,True,Muy Positivo,0.74,,,False,"PRD-QXXFRNAZR5AH,PRD-KZUXH5FA2UA7",True,True
INT-76PI687F8J5ROHVO,2026-02-27 04:03:25,2026-02-26,CLI-VM5HI9JTG3F5,AGT-MOMHH0J0J9,Chat,App,Transaccional,Transaccional,,,True,False,Neutral,-0.14,colombian,colombian,False,,False,False
INT-MLP2ZP5XNTCSZTI7,2026-02-26 13:12:56,2026-02-26,CLI-8RTS23YX3NGQ,AGT-ODN9VO7OYD,Inbound Call,Phone,Transaccional,Transaccional,144.0,74.0,True,False,Neutral,0.08,colombian,colombian,False,,False,True
INT-M4YKEX0VC5MP6455,2026-02-26 23:10:37,2026-02-26,CLI-UNJ3R1J7XS3E,AGT-KQP4TBDPA5,Outbound Call,Phone,Producto,Producto,306.0,,True,False,Neutral,-0.09,,,False,"PRD-S7TV54O4RWSU,PRD-FQ0FFSCI0VIC",False,True
INT-88GF245WMUUKW7XH,2026-02-27 02:50:19,2026-02-26,CLI-7447J9QW3TUF,AGT-YKT9RW2X8X,Inbound Call,Phone,Producto,Producto,200.0,166.0,True,False,Neutral,-0.08,argentine,argentine,False,,True,True
INT-D6AJKUXP0DBKLSBL,2026-02-26 23:13:04,2026-02-26,CLI-U9D05G00V6GU,AGT-Z1EIQXWV82,Inbound Call,Phone,Producto,Producto,474.0,112.0,True,True,Neutral,-0.03,argentine,argentine,False,"PRD-AD1TBHZ5P4OV,PRD-R4MAYS1GRPIM",False,True
INT-72R4XBY1XACMV3ZZ,2026-02-27 05:15:20,2026-02-26,CLI-R2D2EV1T3LIJ,AGT-O5RS2730K1,Inbound Call,Phone,Queja,Queja,439.0,75.0,True,False,Neutral,-0.19,mexican,mexican,False,PRD-ZVRPT156LCY6,False,True
INT-BM4XCJJF0ASR1KT1,2026-02-27 02:24:41,2026-02-26,CLI-QW98FU0RBH69,AGT-BA5KT5UAR7,Inbound Call,Phone,Producto,Producto,222.0,152.0,True,False,Neutral,-0.07,,,False,,False,True
INT-GQNI4XDSIJP8X37N,2026-02-27 05:34:12,2026-02-26,CLI-J1RK99L3TM32,AGT-4ZRJ45ERIZ,Inbound Call,Phone,Producto,Producto,160.0,160.0,True,False,Neutral,0.07,colombian,colombian,False,"PRD-NO0KOFI398PA,PRD-ELHB08EN6IKD,PRD-T82LH4WIFLCG",False,True
INT-HD6KVJYAWG4XUMEA,2026-02-27 00:06:25,2026-02-26,CLI-C4DQSSVK48TP,AGT-TE0VSZWQTW,Inbound Call,Phone,Producto,Producto,272.0,135.0,True,False,Negativo,-0.6,,,False,,False,True
INT-81FNCP3B81UXD7N9,2026-02-27 06:40:45,2026-02-26,CLI-HZHU5VPPABQ7,AGT-CJHWID6B7W,Inbound Call,Phone,Queja,Queja,349.0,48.0,False,True,Neutral,-0.28,,,False,PRD-UMWTF1UJE3AK,False,True
INT-W3S611R77DXAN7HH,2026-02-27 06:24:50,2026-02-26,CLI-0O4YFM2UDX6W,AGT-JPATDOZLSQ,Inbound Call,Phone,Queja,Queja,500.0,140.0,True,False,Neutral,0.04,,,False,,False,True
INT-LDAA1KH1QXJGM8VK,2026-02-26 22:28:01,2026-02-26,CLI-MT7CP37K3Y7S,AGT-ATT07XYOTE,Inbound Call,Phone,Producto,Producto,236.0,123.0,True,False,Neutral,0.17,argentine,argentine,False,PRD-OLFVQOFP5EWO,False,True
INT-WLWWDXJNAHMKYAL4,2026-02-26 14:45:39,2026-02-26,CLI-NPYEXW9DANI2,AGT-ZS742EP7U6,Inbound Call,Phone,Transaccional,Transaccional,139.0,106.0,True,False,Neutral,-0.26,mexican,argentine,False,,True,True
INT-5QVNCHM6HME0HM3S,2026-02-26 12:30:15,2026-02-26,CLI-F2W2HBDVVU4T,AGT-KFVMJV5MAS,Inbound Call,Phone,Queja,Queja,336.0,289.0,False,True,Neutral,0.03,colombian,colombian,True,"PRD-CTPI9IKGHDHM,PRD-1SFAF0Y60M39,PRD-1VN4BM0TAKXO",True,True
INT-PQ96TIAF3508DJN9,2026-02-26 14:15:32,2026-02-26,CLI-MT2CZ5FGUKEA,AGT-42595PIZVY,Inbound Call,Phone,Comercial,Comercial,469.0,83.0,False,True,Positivo,0.36,,,False,,False,True
INT-TO93YQLZH9CEOEV7,2026-02-26 08:58:52,2026-02-26,CLI-4PZSPL6IC8NB,AGT-FLSNDXOHFN,Inbound Call,Phone,Transaccional,Transaccional,155.0,148.0,True,True,Neutral,-0.25,,,False,"PRD-RSD5ZUMPH4DY,PRD-VESFMIF00DYY,PRD-2W7QFSNE9L6E",False,True
INT-GJUPL05PPSMKOQTZ,2026-02-26 21:48:31,2026-02-26,CLI-SIVTLBU49T15,AGT-H4WPLB7OBS,Outbound Call,Phone,Transaccional,Transaccional,220.0,,True,False,Neutral,-0.06,mexican,mexican,False,,True,True
INT-LNOHO3RUT8UVX1N1,2026-02-27 02:33:41,2026-02-26,CLI-RHD5RRCWLA0J,AGT-HP4JLBB1JN,Outbound Call,Phone,Retención,Retención,441.0,,True,False,Neutral,-0.25,,,False,"PRD-S123XJ26XUR1,PRD-NU84CIUOJF79,PRD-5O1J42FWA0SA",True,True
INT-PVTKOLS5XIZT0D68,2026-02-26 09:52:13,2026-02-26,CLI-4GHFCQJ8HU1Q,AGT-I1VYP1D801,Inbound Call,Phone,Queja,Queja,508.0,75.0,True,False,Positivo,0.34,,,False,PRD-VX3PS062GJHO,True,True
INT-XY63P7OKGGOA19M9,2026-02-26 21:59:47,2026-02-26,CLI-YARKJUEH5GS5,AGT-ERBZDOFKYX,Inbound Call,Phone,Técnico,Técnico,358.0,138.0,True,False,Negativo,-0.5,,,False,"PRD-XMPKFOJ923DV,PRD-PN4ON1YFD1AA,PRD-13IZO4FK61BH",False,True
INT-M3603178W5QSIXM6,2026-02-27 00:21:10,2026-02-26,CLI-8XIYIWP5JVF1,AGT-5UL7ZJRT6U,Inbound Call,Phone,Transaccional,Transaccional,147.0,2.0,True,False,Neutral,0.13,mexican,mexican,False,"PRD-JGNLCMFZ33LJ,PRD-OCSSMVA8LIRE,PRD-LFX25QKCDHGM",False,True
INT-HXJR1JJC7KGD3ZAM,2026-02-26 23:54:08,2026-02-26,CLI-9A0X89FI3AP2,AGT-KTWAJKP7QW,Video,App,Producto,Producto,241.0,,True,False,Negativo,-0.42,,,False,"PRD-KOAMQ83DL8IC,PRD-0IPW0Y5NS36K,PRD-2ZUUVOP5MO05",False,True
INT-8PXMMGNO9LVJGT48,2026-02-27 01:19:26,2026-02-26,CLI-AGJVQ6Y08RZY,AGT-TJ0RZV4GUF,Chat,App,Transaccional,Transaccional,,,True,True,Neutral,-0.28,,,False,,False,False
INT-NFFRQGJ5IRV4WTBH,2026-02-27 05:08:06,2026-02-26,CLI-M7YZN16GH42R,AGT-KTWAJKP7QW,Inbound Call,Phone,Transaccional,Transaccional,210.0,110.0,True,False,Neutral,0.2,,,True,PRD-2X8MZSP075WW,False,True
INT-4M7722EK3O1P27EQ,2026-02-26 15:27:53,2026-02-26,CLI-039AW5YE8TFF,AGT-B6KQJ1GE8L,Inbound Call,Phone,Técnico,Técnico,384.0,104.0,True,True,Muy Negativo,-0.76,mexican,mexican,False,,False,True
INT-8GIN6VN8SG1Y2MEV,2026-02-26 22:40:50,2026-02-26,CLI-FP2RGYMPX8B6,AGT-7RNBB5W4CT,Inbound Call,Phone,Producto,Producto,271.0,219.0,True,False,Neutral,0.21,,,False,,False,True
INT-GM8568FVVC5UCBUN,2026-02-26 12:17:09,2026-02-26,CLI-9VVKKWB5515N,AGT-PLUMVDKU8D,Inbound Call,Phone,Transaccional,Transaccional,335.0,239.0,True,False,Neutral,-0.13,,,False,,True,True
INT-X8FZM0GIY1GMLGKW,2026-02-26 09:46:39,2026-02-26,CLI-9SL0RZNOXO5R,AGT-M261ILATNY,Outbound Call,Phone,Transaccional,Transaccional,46.0,,True,False,Neutral,-0.18,mexican,mexican,False,,False,True
INT-9JVDT1SLZYS9HM96,2026-02-27 01:48:12,2026-02-26,CLI-9EFURSPDEOES,AGT-M6VA6EL960,Inbound Call,Phone,Transaccional,Transaccional,282.0,137.0,True,False,Neutral,-0.22,argentine,argentine,False,"PRD-H3LFGNN6QPUY,PRD-N4W12B3VXJRA,PRD-JCGB42SLMTFC",True,True
INT-0FHUXYUIMZKW7K2Q,2026-02-26 19:31:20,2026-02-26,CLI-H1KKW4X0EN1H,AGT-6KXS33Z4GI,Inbound Call,Phone,Técnico,Técnico,483.0,163.0,True,False,Negativo,-0.57,argentine,mexican,False,"PRD-B1VTCPIPWNXD,PRD-2KTC6JUEBHSB",False,True
INT-RZNG4C55ISMSJON7,2026-02-27 03:11:11,2026-02-26,CLI-O0WO3WI7RLKX,AGT-VFQGSL284E,Inbound Call,Phone,Transaccional,Transaccional,139.0,35.0,True,False,Neutral,0.28,mexican,mexican,False,PRD-L9OBY6YF8GP4,False,True
INT-B85VHL21QDH2IQFV,2026-02-26 10:43:03,2026-02-26,CLI-D4X026P0MVS6,AGT-PW8EIJKP76,Inbound Call,Phone,Producto,Producto,151.0,40.0,False,True,Muy Positivo,0.77,,,False,PRD-6L0OHON48JQP,True,True
INT-DB8U5IC9B1L1TE6P,2026-02-26 09:57:54,2026-02-26,CLI-15NFZXNZEMQD,AGT-3EYJYCLMVE,Inbound Call,Phone,Comercial,Comercial,676.0,36.0,False,True,Neutral,-0.18,,,True,,False,True
