interaction_id,interaction_date,process_date,customer_id,agent_id,interaction_type,channel,contact_reason,reason_category,duration_seconds,wait_time_seconds,was_resolved,requires_followup,detected_sentiment,sentiment_score,customer_detected_accent,agent_used_accent,was_escalated,mentioned_products,has_transcript,has_recording
INT-9CDVIFOXD3V8K1T1,2026-04-13 09:19:34,2026-04-13,CLI-AYA64A30J46Y,AGT-DIG702C4OF,Inbound Call,Phone,Transaccional,Transaccional,251.0,13.0,True,True,Neutral,-0.29,argentine,argentine,False,,False,True
INT-7UERLC7CPZLL6NIO,2026-04-13 16:41:46,2026-04-13,CLI-3L8L0KWWB9MK,AGT-0SFUB4MUFS,Inbound Call,Phone,Comercial,Comercial,661.0,117.0,False,True,Neutral,0.24,,,False,,False,True
INT-MFQ1FX6CG1ERUW1Z,2026-04-14 01:43:17,2026-04-13,CLI-EKO8LAP01RM2,AGT-TGN0MJ28ZI,Inbound Call,Phone,Comercial,Comercial,560.0,90.0,True,True,Negativo,-0.4,mexican,colombian,False,,False,True
INT-R7R36Y55L5KZ7PHV,2026-04-14 02:48:43,2026-04-13,CLI-T3L9AU4JUSUE,AGT-74NXI0E4E6,Outbound Call,Phone,Transaccional,Transaccional,206.0,,True,True,Neutral,-0.04,colombian,colombian,True,,False,True
INT-MV2W0K6J4NI3YJ1T,2026-04-13 19:11:40,2026-04-13,CLI-HARA47M4ZVV6,AGT-29XBDSVSVM,Outbound Call,Phone,Transaccional,Transaccional,169.0,,True,False,Neutral,0.3,argentine,argentine,False,"PRD-2E881WT9LMVJ,PRD-CG3W6FTUZWIA,PRD-MTHFAZKNNB4V",False,True
INT-LXX7A2GGFBF2MRE8,2026-04-13 15:00:02,2026-04-13,CLI-P0X7BZE3EBPU,AGT-VJR3NWJ0XO,Chat,App,Técnico,Técnico,,,True,True,Negativo,-0.39,argentine,argentine,False,"PRD-D37H6PDBF9HP,PRD-62CXZJ556KTU",False,False
INT-SCICGXK6SDHC2CDR,2026-04-13 12:35:15,2026-04-13,CLI-YXPYB6U5OMWQ,AGT-5JKM5LSJJK,Inbound Call,Phone,Transaccional,Transaccional,182.0,113.0,True,False,Neutral,-0.17,argentine,argentine,False,,False,True
INT-H23UYVOEDAL1DKVJ,2026-04-14 06:42:40,2026-04-13,CLI-2G91V1VYM67C,AGT-4EBSCOM63S,Inbound Call,Phone,Comercial,Comercial,581.0,175.0,True,False,Muy Negativo,-0.98,,,False,,True,True
INT-YBZX8FAPD49CCVSY,2026-04-13 17:16:23,2026-04-13,CLI-4K0BJIZNAL8V,AGT-S2ST06ZN2V,Outbound Call,Phone,Transaccional,Transaccional,292.0,,True,False,Neutral,-0.12,mexican,mexican,True,"PRD-FCPJXDN1E8O4,PRD-RPEHNOJKX9N6,PRD-NAS6HUZYYFP5",False,True
INT-ZORYWXUKITSTTH1G,2026-04-13 16:48:33,2026-04-13,CLI-MDMBZIN1XEQ2,AGT-2NVH86ET7M,Inbound Call,Phone,Queja,Queja,346.0,77.0,True,False,Negativo,-0.48,colombian,colombian,False,,False,True
INT-XHZTRS6ISJCE6K47,2026-04-13 08:02:22,2026-04-13,CLI-XTHQJYF6M7IN,AGT-I94LJIR7DW,Inbound Call,Phone,Comercial,Comercial,767.0,80.0,True,False,Positivo,0.39,argentine,argentine,False,"PRD-GQS1IFYJLITM,PRD-X3JNH2WR2OSE,PRD-P3ZYHL0969Q7",False,True
INT-QUZDLYLR42GT5CEC,2026-04-13 08:16:43,2026-04-13,CLI-XFEWVJB60JP9,AGT-1FE9KA8SIW,Inbound Call,Phone,Queja,Queja,422.0,6.0,False,True,Neutral,-0.21,mexican,mexican,False,"PRD-1XKK1PRQ17DQ,PRD-0IV4TS4KXF2R,PRD-O0LEDQPAFK1X",False,True
INT-EKMZXJGTSEXU42AI,2026-04-14 04:33:55,2026-04-13,CLI-JXU1MQS8AEHZ,AGT-O5RS2730K1,Inbound Call,Phone,Queja,Queja,486.0,72.0,False,True,Negativo,-0.53,mexican,mexican,False,,True,True
INT-88Y33UVZJ28VGJG2,2026-04-13 09:25:28,2026-04-13,CLI-LIWQT8SVQQK7,AGT-IT36OMS326,Inbound Call,Phone,Comercial,Comercial,623.0,167.0,True,False,Positivo,0.47,,,False,,True,True
INT-G965JC5B6F0N5QMU,2026-04-13 10:32:30,2026-04-13,CLI-L1408JL9K3M0,AGT-S2RR13SI24,Inbound Call,Phone,Técnico,Técnico,367.0,117.0,True,False,Negativo,-0.62,colombian,colombian,False,"PRD-UY31BUSSPUSL,PRD-AHIJLI1OOCYD",False,True
INT-P1187AVMXVY4YQJ2,2026-04-14 06:42:23,2026-04-13,CLI-VAI002NTLU3A,AGT-STFJ9VNIBA,Outbound Call,Phone,Transaccional,Transaccional,372.0,,True,False,Neutral,-0.1,colombian,colombian,False,"PRD-7O89VVFCAGLV,PRD-ESQIUIK3SQS8,PRD-DF9D04CH3GW1",False,True
INT-4WENTG3UUQ224XEW,2026-04-13 22:26:15,2026-04-13,CLI-C2ZD5ZJU54GM,AGT-YXM23BG3PR,Inbound Call,Phone,Transaccional,Transaccional,96.0,0.0,True,False,Neutral,-0.24,mexican,mexican,False,,False,True
INT-LQ7W0XM5NZS8NUAH,2026-04-13 13:58:52,2026-04-13,CLI-KP5XVUOPMD06,AGT-ZKZMQJ4VSL,Inbound Call,Phone,Retención,Retención,689.0,227.0,True,False,Muy Negativo,-0.8,colombian,colombian,False,PRD-H5R7UWMOEXK5,False,True
INT-5OZX27UQ9PKRLN3A,2026-04-14 03:23:48,2026-04-13,CLI-80UQZW2DAW4Y,AGT-9XS8S3F6F9,Inbound Call,Phone,Transaccional,Transaccional,280.0,76.0,True,False,Neutral,-0.12,mexican,argentine,True,"PRD-D0V8OTGVPSB1,PRD-W7K9HQ7BWPFK,PRD-2W32VPHU84LT",False,True
INT-3LXRXF6QU5EB34BM,2026-04-13 14:35:51,2026-04-13,CLI-V7A2PPJFOUDZ,AGT-P5P9SZOX29,Inbound Call,Phone,Producto,Producto,301.0,55.0,True,False,Negativo,-0.3,mexican,argentine,False,,False,True
INT-WO45WFKL15SH3RYD,2026-04-14 03:06:48,2026-04-13,CLI-8ORLR2MYN6R1,AGT-VH6I6W0YCB,Inbound Call,Phone,Producto,Producto,380.0,131.0,True,False,Neutral,0.23,argentine,argentine,False,,True,True
INT-C9D9IZZCZZS25M8P,2026-04-13 15:16:22,2026-04-13,CLI-W0K8Z5HJRF3D,AGT-UPPMVKAUI7,Inbound Call,Phone,Transaccional,Transaccional,252.0,126.0,True,False,Neutral,0.18,argentine,argentine,False,,False,True
INT-JNX5UG1U77I5TL9A,2026-04-13 12:30:51,2026-04-13,CLI-FHEATN8XD5H4,AGT-QO0HKV2FTI,Inbound Call,Phone,Transaccional,Transaccional,163.0,70.0,True,False,Neutral,-0.21,mexican,colombian,False,PRD-HPDKBRDAEV9T,False,True
INT-48TDSDFQPQIFYEDE,2026-04-14 07:39:59,2026-04-13,CLI-GLK7QFXV2F2O,AGT-C7L9UKCI6Z,Email,Email,Transaccional,Transaccional,,,True,True,Neutral,-0.22,colombian,colombian,False,,True,False
INT-S3PWN5GHLBL3564Y,2026-04-14 06:56:51,2026-04-13,CLI-8G80HNN16YAE,AGT-ZAL4032JRP,Inbound Call,Phone,Transaccional,Transaccional,99.0,136.0,True,False,Neutral,0.19,mexican,argentine,True,PRD-6D94QHCK9W8E,False,True
INT-ULVEEQI0X9TVV1HU,2026-04-13 20:07:59,2026-04-13,CLI-IQRFMY78AKLU,AGT-9BGLWS9RWM,Outbound Call,Phone,Transaccional,Transaccional,158.0,,True,False,Neutral,-0.1,mexican,mexican,True,PRD-9V0REXB34TVY,True,True
INT-GW9F0Y55SKW4KSPE,2026-04-13 22:52:48,2026-04-13,CLI-179154PTSUJ0,AGT-SU7O45SBQF,Inbound Call,Phone,Queja,Queja,727.0,187.0,True,False,Negativo,-0.58,mexican,argentine,False,,False,True
INT-2RED37Q9SQR2WP7K,2026-04-13 08:32:20,2026-04-13,CLI-FOR4P4V4IOBI,AGT-HKU44IP108,Outbound Call,Phone,Transaccional,Transaccional,325.0,,True,True,Neutral,-0.18,mexican,mexican,False,"PRD-AH85J80AONMY,PRD-D8F7163SOWLO",False,True
INT-JOWPRFNI6RYGD6I3,2026-04-13 14:49:54,2026-04-13,CLI-3O1MUF3KC70J,AGT-ZGQ4FYLRK2,Outbound Call,Phone,Transaccional,Transaccional,172.0,,True,False,Neutral,-0.14,mexican,mexican,True,,False,True
INT-S29J92JNJPWL8Z6E,2026-04-13 21:42:25,2026-04-13,CLI-85VSL3S5S0SU,AGT-QZBFN7LRWT,Inbound Call,Phone,Queja,Queja,527.0,131.0,True,False,Muy Positivo,0.76,colombian,mexican,False,"PRD-HDBJ18O4WUNU,PRD-WVK6PHIFBTWH,PRD-OBGPTF0DHP75",False,True
INT-OUI77BSEWJPVPJFZ,2026-04-14 04:32:10,2026-04-13,CLI-K3834B0UBHVF,AGT-E7F95ZYZZ5,Chat,Web Chat,Transaccional,Transaccional,,,True,True,Neutral,0.21,colombian,colombian,False,,False,False
INT-FMMLCAUM313ZDYP4,2026-04-13 13:07:53,2026-04-13,CLI-326GZ74T2TMD,AGT-VSNRM7IQIT,Inbound Call,Phone,Técnico,Técnico,316.0,104.0,True,False,Neutral,0.02,,,False,,False,True
INT-LIN0BSLSOHZO5RSG,2026-04-13 17:27:11,2026-04-13,CLI-MRTTTFWHFT9C,AGT-TJ0RZV4GUF,Inbound Call,Phone,Producto,Producto,286.0,165.0,True,False,Negativo,-0.57,colombian,colombian,False,,False,True
INT-X32IQ6EHOT3L7G01,2026-04-13 22:33:52,2026-04-13,CLI-TMRABE7GVLGR,AGT-E2Y5OZOV43,Outbound Call,Phone,Transaccional,Transaccional,226.0,,True,False,Neutral,0.12,argentine,argentine,False,"PRD-6IC7TS4Z23TU,PRD-VOPW5UQABU2Q,PRD-O4IFQG35C8S4",False,True
INT-WQD6FZHJNJVBDNBZ,2026-04-13 21:49:48,2026-04-13,CLI-NZCLX3K6M3O1,AGT-MTF6I5TODX,Inbound Call,Phone,Transaccional,Transaccional,262.0,147.0,False,True,Neutral,0.1,argentine,argentine,False,,False,True
INT-STQ2B82IV4W5A4ZC,2026-04-13 17:30:02,2026-04-13,CLI-H40EYQSSL9VO,AGT-VCHYT34SD6,Inbound Call,Phone,Transaccional,Transaccional,308.0,254.0,True,False,Neutral,-0.27,argentine,argentine,False,"PRD-24NZR1Z4WOL3,PRD-JLSU6CPRJO78",True,True
INT-SB5BLD96SZVTWQH8,2026-04-14 05:50:54,2026-04-13,CLI-XH310IPL8PI7,AGT-KMZE7JK6KH,Outbound Call,Phone,Transaccional,Transaccional,221.0,,True,False,Neutral,0.28,colombian,colombian,False,"PRD-I29L5D6BGOSC,PRD-OC2OWQ8W4QU1",True,True
INT-XWO6I7KORCVWMQ8U,2026-04-13 08:57:18,2026-04-13,CLI-XE35FXGURI6P,AGT-GQXD9Y0S4T,Inbound Call,Phone,Técnico,Técnico,314.0,203.0,False,True,Neutral,-0.19,mexican,mexican,False,,False,True
INT-O9Y48INSIRK9L9QD,2026-04-13 23:28:04,2026-04-13,CLI-B81FSAUSJ6IG,AGT-3VDTAI6D17,Inbound Call,Phone,Producto,Producto,246.0,0.0,True,False,Neutral,-0.22,mexican,mexican,False,,True,True
INT-C9MIS4JAZEJZ4RWZ,2026-04-14 04:11:39,2026-04-13,CLI-WJT58EK6VYLE,AGT-RVO9NVMTEP,Inbound Call,Phone,Transaccional,Transaccional,165.0,75.0,True,False,Neutral,-0.22,colombian,colombian,True,"PRD-YK6LSI471FRK,PRD-PJH0YEIX7VYS",False,True
INT-MLIV7DIYLXMNRPCE,2026-04-13 08:52:08,2026-04-13,CLI-67XW4T2EBIA9,AGT-KQP4TBDPA5,Inbound Call,Phone,Transaccional,Transaccional,121.0,21.0,True,False,Neutral,0.1,mexican,mexican,True,"PRD-E5UDR8AG8GM3,PRD-0VVVOAQ8UQZT,PRD-9ORODENVZARX",True,True
INT-Z3CN52SI2WE4ZW3N,2026-04-13 14:13:17,2026-04-13,CLI-JTMUPOC6KRQW,AGT-9PZ6W3LDGU,Video,Web,Técnico,Técnico,249.0,,True,True,Negativo,-0.31,,,False,PRD-DQV7S86EHAY8,True,True
INT-9BMPXZ0B6WH41CUJ,2026-04-13 22:01:35,2026-04-13,CLI-NXC2ILR2K9LK,AGT-PMBI3UJHU6,Chat,App,Queja,Queja,,,False,True,Neutral,-0.17,,,False,,False,False
INT-PGDKL8QSUKYPZU4L,2026-04-13 18:00:38,2026-04-13,CLI-J9NQU7N8STUR,AGT-7QOULFMSTS,Chat,WhatsApp,Queja,Queja,,,False,True,Neutral,-0.15,,,False,,False,False
INT-1UB2YVPJBM4MNA1G,2026-04-14 04:23:53,2026-04-13,CLI-L46R76SXQLE0,AGT-1MJ1VGXYXN,Inbound Call,Phone,Retención,Retención,532.0,135.0,False,True,Neutral,0.17,,,False,"PRD-2A70GHRLCTRR,PRD-390HUHZ9M0RO",False,True
INT-VXGLVQSI3G8U6RPO,2026-04-13 16:09:44,2026-04-13,CLI-RL6TSBXHIATD,AGT-M6MXQC9YHN,Email,Email,Técnico,Técnico,,,True,False,Negativo,-0.6,,,True,,False,False
INT-KTBBEG5YJDYO3S1A,2026-04-13 09:46:02,2026-04-13,CLI-IC91JI8KZMC2,AGT-45G96QSKR6,Inbound Call,Phone,Transaccional,Transaccional,187.0,76.0,True,True,Neutral,0.01,mexican,mexican,False,PRD-UZ2UU20LZ2TD,True,True
INT-HVW9HGEDUOI5Y8QJ,2026-04-13 11:44:49,2026-04-13,CLI-CUQH12YWSF6I,AGT-W4AYW4BGI9,Inbound Call,Phone,Producto,Producto,232.0,149.0,True,False,Neutral,-0.24,colombian,colombian,False,,True,True
INT-I45QQQYGE713KJNP,2026-04-13 16:42:05,2026-04-13,CLI-65ALUT5I1GCW,AGT-FXUY55EOMM,Inbound Call,Phone,Transaccional,Transaccional,492.0,227.0,False,True,Neutral,-0.09,,,False,,False,True
INT-0A6QX10JT0HD4KPP,2026-04-13 19:25:38,2026-04-13,CLI-HT13MGOF48X9,AGT-RQYFERL0UI,Inbound Call,Phone,Técnico,Técnico,332.0,191.0,True,False,Negativo,-0.51,mexican,mexican,False,,False,True
INT-N1Y5DLM46H3CTXER,2026-04-13 08:49:59,2026-04-13,CLI-BKC3NLHSC843,AGT-OVOS9HYAAX,Outbound Call,Phone,Producto,Producto,210.0,,True,True,Neutral,0.08,colombian,colombian,True,,False,True
INT-IJ31Z38PZQCMUQOY,2026-04-13 11:57:45,2026-04-13,CLI-7YSZF5WRJC0R,AGT-N0G051WG35,Inbound Call,Phone,Queja,Queja,416.0,67.0,False,True,Negativo,-0.7,colombian,colombian,True,,False,True
INT-3BE73EQLLD3W8B7J,2026-04-14 05:47:06,2026-04-13,CLI-K62YWGX4948G,AGT-C0S7V2IHHG,Inbound Call,Phone,Transaccional,Transaccional,181.0,134.0,True,False,Neutral,-0.08,mexican,mexican,True,,False,True
INT-WHSIRPPTA0WDFKVT,2026-04-14 04:57:35,2026-04-13,CLI-L0E7TBG0W23Q,AGT-IZDFJFHSFH,Inbound Call,Phone,Queja,Queja,309.0,195.0,False,True,Neutral,-0.25,mexican,mexican,True,,False,True
INT-T2KW6Z1QSEHUVLLT,2026-04-14 02:02:47,2026-04-13,CLI-7BS4D1UY04TP,AGT-KUIILLCOPA,Inbound Call,Phone,Queja,Queja,298.0,0.0,True,True,Neutral,-0.11,mexican,mexican,False,,True,True
INT-EFBZ5YFA98ZN9X7P,2026-04-14 02:05:18,2026-04-13,CLI-DRMKMUVKM1RR,AGT-CYN53965R2,Inbound Call,Phone,Producto,Producto,193.0,40.0,True,False,Positivo,0.36,mexican,mexican,False,"PRD-48MOVQKUS54M,PRD-WMLZ9MBL4X0L",False,True
INT-FWW562JZ1KU23P3A,2026-04-14 02:19:39,2026-04-13,CLI-K21FPS6BCN4T,AGT-V5AF0SJLCN,Inbound Call,Phone,Transaccional,Transaccional,192.0,108.0,False,True,Neutral,0.09,colombian,colombian,False,,False,True
INT-BILQXCV7FB5FCQJJ,2026-04-14 02:13:44,2026-04-13,CLI-AD3XJMY06VVR,AGT-IRQJXHNJ9D,Inbound Call,Phone,Producto,Producto,167.0,18.0,True,False,Negativo,-0.38,argentine,argentine,False,"PRD-S2AEGRCC43KN,PRD-IP5E37GPVJLG,PRD-IIF1HCRAKGUY",False,True
INT-DMV2NE9F617CWLNO,2026-04-14 01:28:13,2026-04-13,CLI-JFCWJYDUZNBR,AGT-N0G051WG35,Inbound Call,Phone,Transaccional,Transaccional,191.0,137.0,True,True,Neutral,-0.0,mexican,mexican,False,,True,True
INT-8FPP9AGAEAQ0QFIF,2026-04-14 05:34:18,2026-04-13,CLI-4N1LFZQ5LZB8,AGT-AQSH0YRHNO,Inbound Call,Phone,Queja,Queja,699.0,61.0,True,False,Neutral,0.16,mexican,mexican,False,"PRD-LGS0U7PZ59RY,PRD-XA5LW13PZL5H,PRD-HLIKPWAR1GJ0",False,True
INT-VGGISO6CJXGJ7AOU,2026-04-14 01:22:35,2026-04-13,CLI-2V3D1KLDAPU6,AGT-JF8XQ7A6D7,Inbound Call,Phone,Producto,Producto,182.0,261.0,True,False,Neutral,0.09,,,False,,False,True
INT-EUVKUZF3T10907WU,2026-04-13 10:24:40,2026-04-13,CLI-F1UE533J36ZX,AGT-V5U9CYHX0U,Inbound Call,Phone,Producto,Producto,197.0,86.0,True,False,Neutral,-0.22,colombian,colombian,False,,True,True
INT-CMG49W59H97XNKQN,2026-04-14 07:43:43,2026-04-13,CLI-8CTOGUT157QT,AGT-TSSIHYMD02,Outbound Call,Phone,Producto,Producto,204.0,,True,False,Positivo,0.55,,,True,,False,True
INT-Q90UR0P28BGB41R4,2026-04-14 07:35:41,2026-04-13,CLI-L2Z5AD1AAF1Q,AGT-CVMX70X6Z4,Inbound Call,Phone,Transaccional,Transaccional,260.0,113.0,True,True,Neutral,0.11,mexican,mexican,False,"PRD-5WXJ8D7VE1Y5,PRD-CHO0ZYCLGRO5,PRD-TPSYFLLDN2WC",False,True
INT-819K2XAW180RWHK4,2026-04-13 13:32:28,2026-04-13,CLI-V47ZUNNCI7YW,AGT-NVXKQOY9ML,Inbound Call,Phone,Técnico,Técnico,497.0,183.0,False,True,Neutral,0.09,colombian,colombian,False,"PRD-VWFNB11W8XS7,PRD-7BZ8N7U5FYZ2",True,True
INT-IFZZQSIYNQH416O0,2026-04-13 10:00:25,2026-04-13,CLI-SAK45F8R4WS8,AGT-ZVJM1G7IC2,Inbound Call,Phone,Técnico,Técnico,292.0,82.0,False,True,Negativo,-0.5,,,False,,False,True
INT-LAXIV5OYQQ2T01AV,2026-04-13 17:51:06,2026-04-13,CLI-EDV9MPKILKJ1,AGT-MCGNTSXO28,Inbound Call,Phone,Producto,Producto,113.0,87.0,True,False,Neutral,0.28,,,False,"PRD-3GZHJRZN9T5K,PRD-MLE77HVA5B2A",False,True
INT-E3KMMRNVO8388J8N,2026-04-14 00:34:30,2026-04-13,CLI-YDLWR8WPQDG3,AGT-S448G59QZX,Inbound Call,Phone,Transaccional,Transaccional,401.0,126.0,False,True,Neutral,-0.03,,,False,PRD-69KGL8D38QF5,False,True
INT-Z6J032Q5F17T38K7,2026-04-13 21:23:33,2026-04-13,CLI-DM21CFGGI10P,AGT-R3A802XCY2,Inbound Call,Phone,Comercial,Comercial,80.0,28.0,False,True,Neutral,0.01,colombian,colombian,False,,True,True
INT-AYSUCNXT4RVMCIM6,2026-04-14 05:55:26,2026-04-13,CLI-8TIAJXOYEUEF,AGT-RRHWC3C1WE,Inbound Call,Phone,Transaccional,Transaccional,150.0,123.0,True,True,Neutral,0.08,argentine,argentine,False,,False,True
INT-7B2K60K4EJ8VBKRD,2026-04-14 07:15:38,2026-04-13,CLI-JE1Z4GGZNCY3,AGT-F46PV6WU87,Outbound Call,Phone,Producto,Producto,349.0,,True,False,Neutral,0.29,mexican,mexican,False,"PRD-PYVYC55WIKYT,PRD-T28K2LBYJ1UX",False,True
INT-Y3A01PUTLCXB1GTS,2026-04-14 00:10:45,2026-04-13,CLI-LQLTAQL93WOK,AGT-BQKJV90OIO,Inbound Call,Phone,Queja,Queja,483.0,138.0,True,False,Neutral,-0.09,,,False,,False,True
INT-WH4Z1A0QNCZC6JQ6,2026-04-14 04:27:04,2026-04-13,CLI-M774W3OK0CGQ,AGT-E46F2FQTOO,Inbound Call,Phone,Transaccional,Transaccional,61.0,11.0,True,False,Neutral,-0.19,mexican,mexican,False,PRD-CJPWSYQ6AVKF,False,True
INT-NMWAWIC3YN0U4VS7,2026-04-13 19:47:12,2026-04-13,CLI-YWI5O0X3FXGP,AGT-NL92YNJI55,Chat,App,Transaccional,Transaccional,,,False,True,Neutral,0.25,mexican,colombian,False,,False,False
INT-8IP6VTSOY4YV4M50,2026-04-14 04:37:50,2026-04-13,CLI-87CZFTLFYXQ3,AGT-62OM5Q1Q05,Inbound Call,Phone,Transaccional,Transaccional,203.0,23.0,True,False,Neutral,-0.14,colombian,colombian,True,,False,True
INT-DPIETHV3UL8D7EVY,2026-04-13 20:47:25,2026-04-13,CLI-3JCADSZMOV47,AGT-75AK6CCKBJ,Chat,Web Chat,Queja,Queja,,,False,True,Negativo,-0.69,,,False,,False,False
INT-OIKD45GFKLEIGZU5,2026-04-13 15:39:52,2026-04-13,CLI-9BDLDZ9SYD6S,AGT-FK6MI05PO5,Inbound Call,Phone,Queja,Queja,453.0,167.0,False,True,Neutral,0.06,,,False,"PRD-WGE4VTHDQH38,PRD-2CLRJYMNPMNB,PRD-IFK6XEIUI97V",False,True
INT-CT76B891YVU8WQBO,2026-04-13 19:29:18,2026-04-13,CLI-HC3JAE5MH7A2,AGT-K2XLL46WK8,Inbound Call,Phone,Queja,Queja,431.0,128.0,True,False,Neutral,-0.21,argentine,argentine,True,"PRD-4NMCDNW56GRV,PRD-VK3HJEMDY7EF,PRD-6OQ9IRX7BFL3",False,True
INT-NYEF5DMJ9R2GP31W,2026-04-13 20:54:41,2026-04-13,CLI-BD6J209RZ318,AGT-L84W3K4FHJ,Inbound Call,Phone,Transaccional,Transaccional,165.0,47.0,True,False,Neutral,0.07,mexican,mexican,False,,True,True
INT-KWLIAPIFHHOD954X,2026-04-14 02:56:27,2026-04-13,CLI-KPWRM0LI0NZS,AGT-STFJ9VNIBA,Inbound Call,Phone,Transaccional,Transaccional,273.0,222.0,True,True,Neutral,0.17,argentine,argentine,False,,False,True
INT-GAUNI50GOW9TUEIA,2026-04-13 08:49:19,2026-04-13,CLI-FYUWN4Q19AZI,AGT-7U616EYKJ3,Inbound Call,Phone,Producto,Producto,225.0,271.0,True,False,Positivo,0.66,mexican,mexican,False,"PRD-64ZUGCUVQ6QX,PRD-6Z9Y4G5500KM,PRD-550U0NMZ3LTJ",False,True
INT-MHIJBFW53O92GMU5,2026-04-13 21:23:58,2026-04-13,CLI-LAUT1YD9I4WZ,AGT-2BNDJNBFKF,Email,Email,Transaccional,Transaccional,,,True,True,Neutral,-0.25,colombian,colombian,False,,False,False
INT-56JFINU5EEE5DD7T,2026-04-14 07:46:12,2026-04-13,CLI-D45V0GIWORYR,AGT-7XS8GUBKR1,Inbound Call,Phone,Queja,Queja,267.0,121.0,True,False,Neutral,0.22,,,False,,True,True
INT-FW9HSUUYX7OEQJKW,2026-04-13 12:33:40,2026-04-13,CLI-O9EZSDGQCR0K,AGT-QJDRG08QEG,Inbound Call,Phone,Queja,Queja,495.0,104.0,False,True,Neutral,-0.22,mexican,colombian,False,,False,True
INT-XWZEJ7WG3YR66IT3,2026-04-13 16:11:45,2026-04-13,CLI-ZC2F0MNGO8XE,AGT-XAD4RO1CPF,Inbound Call,Phone,Transaccional,Transaccional,183.0,218.0,True,False,Neutral,-0.02,,,False,PRD-KQSU4YPB0XJ0,True,True
INT-15THKD0M7KQG99TD,2026-04-13 18:09:58,2026-04-13,CLI-IT993EI0SSO3,AGT-ZLA03QJGS8,Inbound Call,Phone,Producto,Producto,287.0,66.0,True,False,Neutral,0.27,mexican,mexican,False,,False,True
INT-3ER6J268TRJAM72D,2026-04-13 16:26:28,2026-04-13,CLI-BK5UDOQBV7JD,AGT-9YCCQT0BUU,Inbound Call,Phone,Comercial,Comercial,584.0,115.0,False,True,Neutral,-0.04,mexican,mexican,False,"PRD-E8R5UXJT11LJ,PRD-RETYPX3PWULT",False,True
INT-KNGU5FSKNJ5OZ2IN,2026-04-14 02:50:01,2026-04-13,CLI-8RH9JYZMKIS3,AGT-0SUICKNSHN,Inbound Call,Phone,Queja,Queja,494.0,29.0,True,False,Negativo,-0.42,,,True,PRD-ZJ97G4NMCFQ3,True,True
INT-JEQ0VLK9TZY9C8NZ,2026-04-13 08:47:06,2026-04-13,CLI-H72ARNDDUFYM,AGT-E1ZTCO5D24,Inbound Call,Phone,Queja,Queja,663.0,70.0,False,True,Neutral,0.23,mexican,mexican,True,"PRD-NMDQ0XQ2YAPM,PRD-QSQUKHAS8CFE,PRD-CSVBNNCNHPDB",False,True
INT-MDCSQR4QFCASCGB3,2026-04-13 19:49:10,2026-04-13,CLI-TEV5XM3V2589,AGT-SJLH5LUL0F,Chat,WhatsApp,Transaccional,Transaccional,,,True,False,Neutral,0.07,,,False,,False,False
INT-SIEXG4QT83KA7MQ5,2026-04-13 15:10:26,2026-04-13,CLI-15OKOXQPV60U,AGT-QQ6Z4QXFC4,Inbound Call,Phone,Producto,Producto,312.0,89.0,True,False,Neutral,-0.21,mexican,mexican,False,"PRD-KIUTXK0VP3VL,PRD-HBPQU5QIV9EH,PRD-O9VWUJ1Z0XPT",False,True
INT-XVV2USNY1CYHBPB9,2026-04-13 15:06:34,2026-04-13,CLI-290PE09OKQM0,AGT-4YRVLDYBJS,Chat,App,Transaccional,Transaccional,,,True,False,Neutral,-0.22,,,False,,False,False
INT-Y57IJOH2CSLYD2SS,2026-04-14 02:58:19,2026-04-13,CLI-TL4JIO0PSPPJ,AGT-VNCMXKXLZE,Inbound Call,Phone,Transaccional,Transaccional,240.0,137.0,True,True,Neutral,0.12,mexican,argentine,False,PRD-EU37VSQC5JWY,False,True
INT-3ZTKO63O8DYMORBH,2026-04-13 15:36:24,2026-04-13,CLI-K54648Z4YIIF,AGT-94TSJ4VNVT,Inbound Call,Phone,Retención,Retención,433.0,212.0,False,True,Muy Negativo,-0.85,colombian,colombian,False,,False,True
INT-P81FJUWQY6GZM5M4,2026-04-14 04:14:01,2026-04-13,CLI-PIRJNAWA1RDW,AGT-MKZIRVRLBZ,Inbound Call,Phone,Técnico,Técnico,284.0,254.0,False,True,Neutral,0.28,mexican,mexican,False,"PRD-HVPUOMVEVWI8,PRD-N5YOVR1IZFVF",False,True
INT-G3WNAQOL35NKZINY,2026-04-13 23:28:26,2026-04-13,CLI-03X4UHW49HOX,AGT-P8AKH6CJ9L,Inbound Call,Phone,Producto,Producto,216.0,163.0,True,False,Neutral,0.13,,,False,,False,True
INT-VLH433Z84NUCNGQ6,2026-04-13 21:24:01,2026-04-13,CLI-IMIRNUM1WZVR,AGT-VA28738OUD,Inbound Call,Phone,Técnico,Técnico,408.0,109.0,False,True,Positivo,0.5,mexican,mexican,False,"PRD-GDQWHPI1LH0I,PRD-0EUC2WQNV3XN",False,True
INT-KK6HOB3EEKA60LUQ,2026-04-13 17:20:16,2026-04-13,CLI-7UO410G4JEJO,AGT-WTHHY9FLGT,Inbound Call,Phone,Técnico,Técnico,166.0,153.0,True,False,Muy Negativo,-0.8,colombian,colombian,False,,True,True
INT-0WR992OPYBDM266Z,2026-04-13 23:45:47,2026-04-13,CLI-13VN9Y9XRC24,AGT-0SFUB4MUFS,Inbound Call,Phone,Transaccional,Transaccional,70.0,186.0,True,True,Neutral,-0.0,,,False,"PRD-DKJGZOYXZ2NU,PRD-0JQTFXAT5P2K,PRD-SPDQ2TLJWWNQ",False,True
INT-GZCKB2YNMFN278BP,2026-04-13 23:13:58,2026-04-13,CLI-SH2R08UM78ND,AGT-7YHGZDPWRS,Outbound Call,Phone,Queja,Queja,402.0,,True,False,Negativo,-0.68,colombian,colombian,False,,False,True
INT-4VIL39L7HQB6B8VK,2026-04-13 21:06:33,2026-04-13,CLI-US7B14YMY67R,AGT-XPFEQBBG8N,Email,Email,Técnico,Técnico,,,True,False,Positivo,0.52,colombian,colombian,False,"PRD-7EUS67ES90V2,PRD-I52QKVGWKEG9",False,False
INT-0BXUKTX82PBT7QBD,2026-04-13 12:53:16,2026-04-13,CLI-T0A1OZ4QTU8Z,AGT-RLIC03EY4X,Inbound Call,Phone,Transaccional,Transaccional,169.0,90.0,True,False,Neutral,0.08,,,False,PRD-P6AMTMBMXTXF,False,True
INT-7QA6HBYE21GHTN6S,2026-04-13 22:25:06,2026-04-13,CLI-FD8NNOOQMZ6G,AGT-W2DEB9GVSM,Inbound Call,Phone,Transaccional,Transaccional,363.0,197.0,True,False,Neutral,-0.16,,,False,,False,True
INT-LX2D7RNWS8YPMDTI,2026-04-13 16:46:36,2026-04-13,CLI-DKAJ7ZSZAAC0,AGT-BHMTTUAA05,Inbound Call,Phone,Queja,Queja,449.0,177.0,True,False,Muy Negativo,-0.9,,,False,,False,True
INT-JMSUJJ35RWUPJH7G,2026-04-13 22:08:00,2026-04-13,CLI-CFLI2KRROW5O,AGT-FL833OQDNH,Inbound Call,Phone,Producto,Producto,305.0,102.0,True,False,Neutral,0.27,mexican,colombian,False,"PRD-5Z4PXGOJJXA2,PRD-GKPWQSRGB782",False,True
INT-B5AU8FS5XUZMSQVC,2026-04-13 11:12:18,2026-04-13,CLI-D47D98NDJKNM,AGT-B6KQJ1GE8L,Inbound Call,Phone,Transaccional,Transaccional,153.0,137.0,True,False,Neutral,-0.21,argentine,argentine,False,,False,True
INT-GQ5R0BPC39XTANPV,2026-04-13 09:59:43,2026-04-13,CLI-S03O8M9Q3B5M,AGT-HWATBOOPXF,Inbound Call,Phone,Transaccional,Transaccional,165.0,111.0,True,False,Neutral,-0.01,,,False,,False,True
INT-LN5I8D8SD2LIRMA0,2026-04-14 02:51:12,2026-04-13,CLI-W9QHK52GBPV0,AGT-RZPZ4QXWMO,Inbound Call,Phone,Producto,Producto,225.0,201.0,False,True,Positivo,0.45,,,False,,False,True
INT-RAA6MK524XFRJEZ6,2026-04-13 16:33:21,2026-04-13,CLI-Q8UGTXYZWVZU,AGT-OXGDKDP90E,Inbound Call,Phone,Transaccional,Transaccional,135.0,182.0,True,False,Neutral,0.01,,,False,,False,True
INT-RLGDHVP6LWREX635,2026-04-13 10:10:18,2026-04-13,CLI-JTEF3V7KE83Y,AGT-PMTS32C7KD,Inbound Call,Phone,Transaccional,Transaccional,521.0,48.0,True,False,Neutral,-0.19,,,False,PRD-WT6UHWOBMHNF,False,True
INT-XP6H31OX518NW1HY,2026-04-14 06:52:06,2026-04-13,CLI-6CWBFSQ6PCPP,AGT-FA9EKIAVXG,Inbound Call,Phone,Transaccional,Transaccional,596.0,111.0,True,False,Neutral,-0.0,,,False,,False,True
INT-SVMEV91I0IQT60NE,2026-04-13 21:19:42,2026-04-13,CLI-VZ8J2PBLUFBO,AGT-9OW6RQX6YE,Chat,Web Chat,Técnico,Técnico,,,False,True,Neutral,0.15,mexican,mexican,True,,False,False
INT-NRKL8XHM7OPPBDMP,2026-04-14 01:23:04,2026-04-13,CLI-P56H6PVVD4A4,AGT-ZZGWYHJ86X,Inbound Call,Phone,Transaccional,Transaccional,230.0,70.0,True,False,Neutral,-0.27,mexican,mexican,False,,True,True
INT-K9LLY19LJE4U25SH,2026-04-14 06:24:09,2026-04-13,CLI-S2I182D4866Q,AGT-ZZGWYHJ86X,Inbound Call,Phone,Transaccional,Transaccional,118.0,193.0,True,False,Neutral,0.06,colombian,colombian,False,PRD-Q5DEOCIMM666,False,True
INT-F5PHP58O630PNN09,2026-04-14 03:42:46,2026-04-13,CLI-UGWPBUCBXABZ,AGT-K79FA75TT6,Inbound Call,Phone,Queja,Queja,485.0,103.0,False,True,Negativo,-0.63,mexican,mexican,False,,True,True
INT-NIFRLQYYNCDE22IQ,2026-04-14 00:57:31,2026-04-13,CLI-3Z6322ZQGF1P,AGT-74NXI0E4E6,Inbound Call,Phone,Transaccional,Transaccional,178.0,74.0,True,True,Neutral,-0.14,,,False,,False,True
INT-D0P73DH75UDZXI2U,2026-04-14 07:47:31,2026-04-13,CLI-X0GQW8WIJ6W5,AGT-ZVS0XWYET1,Inbound Call,Phone,Transaccional,Transaccional,30.0,55.0,True,False,Neutral,0.26,,,False,,False,True
INT-DPSXW5YDW7VHWBPE,2026-04-14 05:39:43,2026-04-13,CLI-K43ZPKHVRO2C,AGT-X3WLDNDFIL,Inbound Call,Phone,Producto,Producto,239.0,223.0,True,True,Neutral,-0.11,mexican,mexican,False,PRD-IQHKTLAHDWNL,False,True
INT-RACRWBB10CU2WKEQ,2026-04-13 21:20:53,2026-04-13,CLI-WX706O689CW5,AGT-5QGYHBW01W,Video,Web,Técnico,Técnico,259.0,,True,False,Negativo,-0.47,mexican,mexican,False,,False,True
INT-6SQBGG02AXU0RTGB,2026-04-14 07:38:47,2026-04-13,CLI-9C42U4DRAJ3G,AGT-CRXE24TEPA,Inbound Call,Phone,Producto,Producto,190.0,287.0,True,False,Positivo,0.33,colombian,argentine,False,"PRD-OYA3MBOC7V36,PRD-572W2DD06HFT",False,True
INT-X308T7NSMRMRB8K6,2026-04-14 02:03:26,2026-04-13,CLI-65SBLWF4BI91,AGT-96XY80WRZG,Chat,App,Transaccional,Transaccional,,,True,False,Neutral,-0.01,,,False,,False,False
INT-JJ56YY69X5DTPOPA,2026-04-13 21:11:31,2026-04-13,CLI-YV7X49843S1S,AGT-TJ0RZV4GUF,Email,Email,Técnico,Técnico,,,False,True,Positivo,0.36,colombian,colombian,False,,False,False
INT-6OTAMUSFX35S1494,2026-04-13 19:27:20,2026-04-13,CLI-BL745ZYGXALP,AGT-ECPPYMNG3G,Inbound Call,Phone,Queja,Queja,522.0,213.0,False,True,Neutral,0.13,mexican,mexican,False,"PRD-SKZPOSUNBWOT,PRD-XCY6JYX8D6LK",False,True
INT-LW2LMW05Z13E5YPS,2026-04-13 19:07:13,2026-04-13,CLI-R7MTQSJIKIC9,AGT-MV4RR3NAKS,Inbound Call,Phone,Transaccional,Transaccional,614.0,135.0,True,False,Neutral,0.04,,,False,,True,True
INT-I5EYN9XZ0RH1K8EE,2026-04-13 17:21:38,2026-04-13,CLI-7WRRXOTP3IQK,AGT-SU7O45SBQF,Chat,App,Queja,Queja,,,False,True,Muy Negativo,-0.8,argentine,argentine,False,,True,False
INT-NVAW1P2MWZ1FIFWN,2026-04-13 09:47:58,2026-04-13,CLI-XMHJ93RQ4T0U,AGT-7QOULFMSTS,Inbound Call,Phone,Producto,Producto,91.0,51.0,True,False,Neutral,-0.17,mexican,mexican,False,,False,True
INT-YJBHZYXUVSC0UT67,2026-04-13 09:09:16,2026-04-13,CLI-LKSTBUCQIWVR,AGT-MVYH7DKNEH,Inbound Call,Phone,Producto,Producto,216.0,173.0,True,False,Muy Positivo,0.75,,,False,PRD-LSR9DIT8CXNR,False,True
INT-6YICW0LSWM3RR64S,2026-04-13 16:55:32,2026-04-13,CLI-P8WPKB4A6WA5,AGT-BT05WAA543,Inbound Call,Phone,Producto,Producto,330.0,81.0,True,True,Neutral,-0.21,mexican,mexican,False,,False,True
INT-6FBZSHO89ZGPA7DY,2026-04-14 07:25:19,2026-04-13,CLI-CL1ZMC9UPOF4,AGT-BIJKQ265S8,Inbound Call,Phone,Transaccional,Transaccional,178.0,109.0,True,False,Neutral,-0.19,colombian,colombian,True,"PRD-9UQQX3M8R4XP,PRD-09YW9IBFR6LF,PRD-C8FSUM9LF6JK",False,True
INT-6JJGPX649MOCZ0YX,2026-04-13 23:38:39,2026-04-13,CLI-EX1D0JX9W9VG,AGT-OR7DN8OOL8,Inbound Call,Phone,Técnico,Técnico,367.0,67.0,True,False,Muy Positivo,0.92,colombian,colombian,False,PRD-DBBZY3T40PVI,False,True
INT-88EW7F5UU2C9T2D0,2026-04-13 12:41:36,2026-04-13,CLI-UGS8VQBOPTCB,AGT-QXV7HN47JJ,Inbound Call,Phone,Producto,Producto,225.0,167.0,True,True,Neutral,0.19,mexican,mexican,False,,True,True
INT-HFUKTZDIQ2A7XN79,2026-04-14 01:46:00,2026-04-13,CLI-M9TGEV5QBPVP,AGT-12AFACXPXI,Inbound Call,Phone,Producto,Producto,385.0,93.0,True,False,Neutral,0.29,argentine,argentine,True,,False,True
INT-5H2FEB2JW9N7LNE0,2026-04-13 09:16:08,2026-04-13,CLI-OI8A5FGHT955,AGT-VTWBPCIYQU,Inbound Call,Phone,Transaccional,Transaccional,470.0,236.0,False,True,Neutral,-0.22,,,False,,False,True
INT-JAZAPO898X0ZIVCI,2026-04-14 04:55:19,2026-04-13,CLI-XB44ERDUT8S9,AGT-VT6AB8ZSIS,Chat,WhatsApp,Retención,Retención,,,False,True,Negativo,-0.45,mexican,mexican,False,"PRD-R5SXQ39P7E5B,PRD-7C6XTHE9R4LD,PRD-N50NLWRCYVPU",True,False
INT-0DXEYC88GDKUXFVT,2026-04-13 23:04:19,2026-04-13,CLI-S5OQCNPUWCW8,AGT-SJLH5LUL0F,Inbound Call,Phone,Queja,Queja,210.0,108.0,True,True,Positivo,0.62,colombian,argentine,False,,True,True
INT-T80OB4C0S4BLF7W9,2026-04-13 10:15:08,2026-04-13,CLI-6GL0JN5F4WD0,AGT-TUGUQ8RC2O,Inbound Call,Phone,Transaccional,Transaccional,216.0,171.0,True,True,Neutral,0.18,,,False,PRD-YEJXQKQF65T0,False,True
INT-KNPGA3800LELCLKR,2026-04-13 08:35:23,2026-04-13,CLI-3E2S3X1ISCM3,AGT-MOMHH0J0J9,Inbound Call,Phone,Queja,Queja,339.0,150.0,True,False,Positivo,0.54,,,False,,False,True
INT-69LTZE2URRPG6ZHM,2026-04-13 23:40:02,2026-04-13,CLI-CAANH8NXENF5,AGT-KE2SZIG08B,Inbound Call,Phone,Transaccional,Transaccional,270.0,133.0,True,True,Neutral,0.06,,,False,,False,True
INT-CQ4VFH2OXAFKCSYL,2026-04-14 06:03:34,2026-04-13,CLI-576CDIZJMA8J,AGT-FLVQCF7XLG,Inbound Call,Phone,Técnico,Técnico,434.0,115.0,True,False,Neutral,0.15,mexican,mexican,False,"PRD-LZXGKH64FXTF,PRD-6Z25KJ1N6014,PRD-JNRQ4QOX2NWQ",True,True
INT-E6DEZ4KIWPLBCZLA,2026-04-14 00:52:40,2026-04-13,CLI-TOM8A1NULSBU,AGT-RHJINE5TTG,Outbound Call,Phone,Comercial,Comercial,546.0,,True,False,Negativo,-0.45,,,False,"PRD-V8URU7OK9OJ4,PRD-I8IK7ETDODP4,PRD-MWAT37AIHNZA",False,True
INT-QRK1RHVKOBFGUCVX,2026-04-13 20:42:40,2026-04-13,CLI-4N7G45TMEGPM,AGT-56L27RI8NL,Inbound Call,Phone,Transaccional,Transaccional,209.0,126.0,True,False,Neutral,0.18,,,False,"PRD-9YIZOXAQ426N,PRD-4IYH8642CVYF,PRD-2XQK2JKYUJI7",True,True
INT-7HCQ40CJO3NN0QQS,2026-04-13 19:40:30,2026-04-13,CLI-KGAAVX6L6OL5,AGT-J7A6SDZWYA,Inbound Call,Phone,Transaccional,Transaccional,234.0,145.0,True,False,Neutral,0.1,,,False,"PRD-CH15I0H6O8IQ,PRD-E3CWNVS5IXVM",False,True
INT-BHE323GGM7B6QO0T,2026-04-13 21:10:43,2026-04-13,CLI-WK7Y3MVT959Y,AGT-LDEF25BE86,Inbound Call,Phone,Producto,Producto,330.0,77.0,True,True,Neutral,0.23,mexican,mexican,True,,False,True
INT-ICGWF2HVFIJXAVQP,2026-04-14 02:49:22,2026-04-13,CLI-P1QII0PWX8ID,AGT-8JD6LDRA82,Inbound Call,Phone,Comercial,Comercial,583.0,91.0,True,False,Neutral,-0.28,,,False,PRD-ID3WYSWRT6QP,False,True
INT-OTQI2B7G22YTJYC8,2026-04-13 11:10:00,2026-04-13,CLI-9UKD5SAK74FJ,AGT-RRH6ONQMMX,Chat,App,Comercial,Comercial,,,False,True,Neutral,-0.27,colombian,colombian,False,,False,False
INT-J6SG84LCLQZ7OP6P,2026-04-14 06:32:15,2026-04-13,CLI-8A7PCNYOQ8AL,AGT-RQYFERL0UI,Inbound Call,Phone,Queja,Queja,550.0,137.0,False,True,Positivo,0.4,,,False,,False,True
INT-LIEZ79HTRR1M9FXR,2026-04-13 21:23:32,2026-04-13,CLI-LXGVQ7Y6KWAD,AGT-JNY9R22CQM,Inbound Call,Phone,Comercial,Comercial,880.0,123.0,False,True,Negativo,-0.48,,,False,,True,True
INT-T3AQ9RFT1YQTGFH6,2026-04-13 13:49:17,2026-04-13,CLI-94AWM2301F56,AGT-70NA7XO37Z,Outbound Call,Phone,Transaccional,Transaccional,281.0,,True,False,Neutral,-0.02,,,False,PRD-GCUMA0451EMC,False,True
INT-D4GHGB01TVZTZJ44,2026-04-13 22:29:47,2026-04-13,CLI-RUUQB79GT4Z1,AGT-QJDRG08QEG,Inbound Call,Phone,Producto,Producto,231.0,0.0,True,False,Muy Negativo,-0.87,,,False,"PRD-2ARLVAWR53LD,PRD-N77H20ENHGJ2",False,True
INT-Z70AYVVXMJ1VI4ZI,2026-04-13 14:52:15,2026-04-13,CLI-XHDGG8SHCGHJ,AGT-A8JC05Z7T5,Inbound Call,Phone,Comercial,Comercial,814.0,47.0,True,False,Neutral,0.25,,,False,PRD-Y6DF2QSQFWAK,False,True
INT-ZNXE5H838RSZY183,2026-04-13 15:07:34,2026-04-13,CLI-KCH9YXB35Z91,AGT-MJV5NGFRQL,Inbound Call,Phone,Transaccional,Transaccional,284.0,80.0,True,False,Neutral,0.29,argentine,argentine,True,"PRD-EGJO813KS61V,PRD-00YUZUXWAJF4,PRD-DHGC8M7GDZY8",False,True
INT-PJ6D3FFX4SZXEXQE,2026-04-14 02:46:26,2026-04-13,CLI-P6JZM5D61COA,AGT-N0G051WG35,Inbound Call,Phone,Transaccional,Transaccional,60.0,133.0,True,False,Neutral,-0.06,,,True,,True,True
INT-KJ33QGG2XCG9B6FP,2026-04-13 21:26:31,2026-04-13,CLI-AE1K5QJDU2OL,AGT-KMZE7JK6KH,Inbound Call,Phone,Transaccional,Transaccional,242.0,164.0,True,False,Neutral,0.29,colombian,colombian,False,,False,True
INT-5XEVWMVC7ZD1OX5X,2026-04-13 15:52:53,2026-04-13,CLI-LM5IFST9RAU7,AGT-QZGRW0TABQ,Inbound Call,Phone,Transaccional,Transaccional,229.0,169.0,True,False,Neutral,-0.15,colombian,colombian,False,,False,True
INT-D8RQSYVGUVDFG9LV,2026-04-13 19:27:51,2026-04-13,CLI-6DRDTL7FE9AE,AGT-VEXQ0NMZLH,Chat,WhatsApp,Retención,Retención,,,True,False,Positivo,0.54,argentine,colombian,False,,False,False
INT-HRR4EKDES4ZUXTVL,2026-04-13 23:18:08,2026-04-13,CLI-KI2P1HO1OJ3P,AGT-MSVN62RUC2,Outbound Call,Phone,Transaccional,Transaccional,475.0,,True,False,Neutral,-0.2,,,False,,False,True
INT-CE676OQXCHX26JTX,2026-04-13 19:14:30,2026-04-13,CLI-4ZILJ90S2PG8,AGT-TXE9ZY1OJ4,Inbound Call,Phone,Transaccional,Transaccional,122.0,143.0,True,False,Neutral,-0.12,mexican,mexican,False,,True,True
INT-I20P56WQ0IPKCGNJ,2026-04-13 16:11:56,2026-04-13,CLI-ZPD3ZSBPJRPK,AGT-V6HEZNUZJC,Inbound Call,Phone,Producto,Producto,241.0,187.0,True,True,Positivo,0.66,mexican,mexican,False,"PRD-9YI7L0O4JUQJ,PRD-OKJ94Q49T5Y5,PRD-DOR5FYQR5YYS",False,True
INT-AV0X14HB4PNW0DGA,2026-04-14 03:32:44,2026-04-13,CLI-FG47FOOP57C7,AGT-0SUICKNSHN,Email,Email,Comercial,Comercial,,,True,False,Neutral,-0.29,,,False,,False,False
INT-B9QEZSMKW2MLCDGB,2026-04-14 05:30:07,2026-04-13,CLI-Q73DDGW3CSII,AGT-EUWMU9A5O8,Inbound Call,Phone,Retención,Retención,234.0,153.0,True,False,Neutral,-0.09,,,False,,False,True
INT-TQ94X5C9E9OETB5M,2026-04-14 07:55:05,2026-04-13,CLI-9GAESS0KZ1GY,AGT-WBG60TGKFE,Chat,Web Chat,Producto,Producto,,,True,False,Positivo,0.56,,,False,,False,False
INT-IWSA47SJS2U5VJ1E,2026-04-14 03:11:02,2026-04-13,CLI-A3H9H9Q365RL,AGT-PSARAEWNDG,Inbound Call,Phone,Queja,Queja,417.0,153.0,False,True,Neutral,0.04,argentine,argentine,True,,False,True
INT-K7ZDRKPTNQXTWVT3,2026-04-13 09:08:42,2026-04-13,CLI-U2D04TTCEHK1,AGT-ODN9VO7OYD,Inbound Call,Phone,Queja,Queja,302.0,104.0,True,False,Negativo,-0.63,colombian,mexican,False,,False,True
INT-KPAG42QICYIZE4QG,2026-04-13 20:03:58,2026-04-13,CLI-H1WK8UKC6NBS,AGT-YUKU1CJ7LZ,Chat,WhatsApp,Retención,Retención,,,False,True,Neutral,-0.22,mexican,mexican,False,,False,False
INT-20GE1S7LQHFQMT6D,2026-04-14 04:57:49,2026-04-13,CLI-YONASOLF3CFC,AGT-2QA9OU6KPZ,Inbound Call,Phone,Técnico,Técnico,465.0,103.0,True,False,Negativo,-0.68,colombian,colombian,False,,True,True
INT-IX261ONUZD015Q41,2026-04-13 12:21:45,2026-04-13,CLI-G60VXFLBQ56F,AGT-VUMXHFDA63,Inbound Call,Phone,Comercial,Comercial,571.0,66.0,True,False,Negativo,-0.32,,,False,"PRD-28QYTBGO5W9R,PRD-WDHSS9BXW57Y",False,True
INT-IXTZXLLO5AKWX5NC,2026-04-13 18:35:46,2026-04-13,CLI-QXJA2WZXHCMV,AGT-4IHMG1WJMD,Outbound Call,Phone,Transaccional,Transaccional,164.0,,True,False,Neutral,-0.24,mexican,mexican,False,,False,True
INT-13NKQ8LYSYRO7HFY,2026-04-13 21:26:51,2026-04-13,CLI-2VAU9MW3A1RS,AGT-XGAUAW8BI8,Inbound Call,Phone,Producto,Producto,109.0,111.0,True,False,Neutral,-0.29,,,False,PRD-SN3VTXHO6YSF,False,True
INT-NJ3BONH2SRV92GML,2026-04-14 02:49:02,2026-04-13,CLI-19EQEWCZ8E8C,AGT-0QS3PWRJNI,Inbound Call,Phone,Transaccional,Transaccional,454.0,87.0,False,True,Neutral,0.24,argentine,argentine,False,,False,True
INT-HR15XNJQC72O62ZI,2026-04-13 14:42:44,2026-04-13,CLI-TPW7RIEM4XFF,AGT-WI5ZDHCEPB,Chat,WhatsApp,Producto,Producto,,,False,True,Neutral,-0.26,,,False,"PRD-NC4GWDY2VFBO,PRD-II9343R0BFFS,PRD-CPCA5J9KQ4OC",False,False
INT-7R3RVR1WB49ZVDVN,2026-04-14 01:18:37,2026-04-13,CLI-BJYD3U4BM1X3,AGT-I627O1XJ7T,Outbound Call,Phone,Transaccional,Transaccional,179.0,,True,False,Neutral,-0.13,,,True,,False,True
INT-7LOOIF0GADIXURCG,2026-04-13 10:07:21,2026-04-13,CLI-1O1R7WLT3RJC,AGT-01T1LJ1M61,Inbound Call,Phone,Producto,Producto,290.0,72.0,False,True,Positivo,0.33,colombian,colombian,True,"PRD-3S3XTT75V7WH,PRD-7T4GX77VKBI3",False,True
INT-GQ3YK8G7RTB8O5EW,2026-04-13 13:14:49,2026-04-13,CLI-EDTXYBL4VX2I,AGT-KTG7GAP6JI,Email,Email,Transaccional,Transaccional,,,True,False,Neutral,-0.09,argentine,argentine,False,PRD-YEN3HU2BIRYM,False,False
INT-AUHI4ARNC2GHLU64,2026-04-13 19:29:19,2026-04-13,CLI-44O51QDNFB6N,AGT-BRSQ4J226H,Chat,Web Chat,Producto,Producto,,,True,False,Neutral,-0.09,colombian,colombian,False,"PRD-EYRDADKT4J3P,PRD-Z1PIHEVG6PV0",False,False
INT-UTE7Q9583864XUJM,2026-04-14 03:21:44,2026-04-13,CLI-YBWP8G5MBQM5,AGT-FXUY55EOMM,Outbound Call,Phone,Transaccional,Transaccional,152.0,,True,False,Neutral,-0.06,mexican,mexican,False,,False,True
INT-HNGZ0V3YSZLVKBF4,2026-04-13 08:01:32,2026-04-13,CLI-R4E14JJT3VEV,AGT-CPLJJNES58,Outbound Call,Phone,Comercial,Comercial,419.0,,True,True,Neutral,0.23,,,False,,False,True
INT-T9KEAICHBQSP61RH,2026-04-13 20:20:34,2026-04-13,CLI-W497K5VRM97B,AGT-2GSO6ODA8L,Inbound Call,Phone,Producto,Producto,255.0,180.0,True,False,Neutral,-0.18,,,False,"PRD-1TCMEJGBWH6H,PRD-XHX47PN1RU7K",False,True
INT-XSGK8DJU8OT8WF72,2026-04-13 12:16:06,2026-04-13,CLI-52OR2U746X15,AGT-027UBQ07RA,Inbound Call,Phone,Producto,Producto,96.0,126.0,True,False,Negativo,-0.56,,,False,"PRD-SX83XBUC04R7,PRD-SKV9ZZP9V9SJ,PRD-P44OAZDZBRDT",False,True
INT-6965AGTORQNPYYLE,2026-04-13 14:56:42,2026-04-13,CLI-CDOT65MJ7XSX,AGT-34TVYJH4ZG,Chat,App,Queja,Queja,,,False,True,Muy Negativo,-0.8,mexican,mexican,True,"PRD-TY2PCG4Q394D,PRD-ZA0NTYN6RBA9,PRD-3QYNYL942F44",True,False
INT-EPDSXX3F3S0PV188,2026-04-13 10:25:41,2026-04-13,CLI-K4NOL4XBN387,AGT-T6G3XMAHRJ,Inbound Call,Phone,Producto,Producto,378.0,174.0,True,False,Muy Positivo,0.83,colombian,mexican,False,,False,True
INT-CI6KRGF27XLI8WSE,2026-04-13 17:38:36,2026-04-13,CLI-CBF0B2X0ZR3J,AGT-KCVV5R760L,Inbound Call,Phone,Producto,Producto,304.0,36.0,True,False,Positivo,0.39,mexican,mexican,False,"PRD-K4X98PTZ5U5P,PRD-YVAEQBF8ZCAX,PRD-3IWHCCOD5ZG9",False,True
INT-ZF6Q24C2XT02AFUD,2026-04-13 17:09:58,2026-04-13,CLI-2357XFZ7DY4T,AGT-V9MAWPQ7HZ,Inbound Call,Phone,Técnico,Técnico,172.0,138.0,False,True,Neutral,0.09,mexican,mexican,False,,False,True
INT-XNYD6JCDOG5A7OES,2026-04-14 02:45:04,2026-04-13,CLI-7A5E99TR3HTD,AGT-QBRHZZCSAA,Inbound Call,Phone,Queja,Queja,300.0,71.0,True,False,Negativo,-0.53,argentine,argentine,False,,False,True
INT-L8ZZOYNUMITJ9Q4D,2026-04-14 06:43:28,2026-04-13,CLI-5O6QJIO26B65,AGT-K5E9XE6DZU,Inbound Call,Phone,Queja,Queja,426.0,144.0,False,True,Neutral,0.05,colombian,colombian,False,,False,True
INT-I8857KQM3HA2MW38,2026-04-14 01:46:03,2026-04-13,CLI-56YYLAW7KBWU,AGT-M6VA6EL960,Outbound Call,Phone,Comercial,Comercial,710.0,,True,False,Negativo,-0.56,,,False,,False,True
INT-SDGPHKM4JHWQFS8X,2026-04-13 10:59:26,2026-04-13,CLI-NBPTFSWER9NL,AGT-MV4RR3NAKS,Chat,WhatsApp,Queja,Queja,,,True,False,Neutral,0.02,mexican,mexican,False,"PRD-M0JK073FYTKH,PRD-53ARBGUCLG5C",False,False
INT-FR49D5MSWZ8TJW8W,2026-04-13 12:49:46,2026-04-13,CLI-YBSTLIHHGGJ2,AGT-54VUKA8638,Inbound Call,Phone,Comercial,Comercial,680.0,112.0,False,True,Positivo,0.56,colombian,mexican,False,,False,True
INT-CK7B5L18PKD2C367,2026-04-13 23:48:37,2026-04-13,CLI-RL3VFQ4TWB1G,AGT-T82UMP9J0W,Inbound Call,Phone,Técnico,Técnico,343.0,0.0,True,False,Negativo,-0.66,mexican,mexican,False,,False,True
INT-P172XABG8SRO03NT,2026-04-13 21:27:07,2026-04-13,CLI-XHLPUSC6AHET,AGT-U0ICPNUDA8,Inbound Call,Phone,Transaccional,Transaccional,188.0,149.0,True,False,Neutral,0.04,argentine,argentine,False,PRD-W8T79DUHP7E5,False,True
INT-YNL3SUWVP31CJDO9,2026-04-13 14:35:23,2026-04-13,CLI-0OWH4UZLJSAF,AGT-P4V46JOBFM,Inbound Call,Phone,Producto,Producto,459.0,102.0,True,False,Neutral,0.24,mexican,mexican,False,"PRD-D89JUS5GJH67,PRD-UQ4UWOUFNCVM",False,True
INT-2TTUC359EDQ7LVJ7,2026-04-14 07:50:28,2026-04-13,CLI-J871OCEVHDKL,AGT-YIGWTTH6CK,Inbound Call,Phone,Comercial,Comercial,699.0,64.0,True,False,Neutral,0.28,,,True,,False,True
INT-I2QARGSY9GBDL68B,2026-04-13 15:40:35,2026-04-13,CLI-TZVL9G1C33CW,AGT-EUE2HDH3QQ,Inbound Call,Phone,Queja,Queja,493.0,149.0,True,False,Positivo,0.33,mexican,mexican,False,,False,True
INT-4H7GJHP4WAJWB7JJ,2026-04-13 20:27:41,2026-04-13,CLI-F599OTDF2LEN,AGT-HEY1DFYU3O,Inbound Call,Phone,Transaccional,Transaccional,206.0,186.0,True,False,Neutral,-0.2,mexican,mexican,True,,False,True
INT-BVCTX4OPJUEN6UVB,2026-04-14 06:51:33,2026-04-13,CLI-QCS2H83KJJEF,AGT-ELSO6DC1OU,Inbound Call,Phone,Retención,Retención,624.0,48.0,True,False,Neutral,-0.18,,,False,,False,True
INT-UGVFB9WQ9FGPWW94,2026-04-14 00:50:03,2026-04-13,CLI-UPT1XZYW7VJN,AGT-592VGF7W61,Inbound Call,Phone,Retención,Retención,332.0,136.0,True,True,Negativo,-0.7,mexican,mexican,False,"PRD-0UV4A4GZ7LGA,PRD-B4OE1FNR51R6,PRD-I2NMFIILJ247",False,True
INT-H9H89FPVG6CUSRJE,2026-04-14 07:54:49,2026-04-13,CLI-2NNHBCOGAK76,AGT-0FULA5JB42,Inbound Call,Phone,Producto,Producto,334.0,74.0,True,False,Neutral,-0.24,argentine,argentine,False,"PRD-CY1Z4CHSITO2,PRD-15PT9ZZKM9KY",False,True
INT-37T6TC4WF70LGE8F,2026-04-14 07:00:20,2026-04-13,CLI-VAJEIOO0T1NA,AGT-FGELL8RONZ,Inbound Call,Phone,Transaccional,Transaccional,259.0,61.0,False,True,Neutral,-0.27,colombian,colombian,False,"PRD-QY4KR0WNHOTS,PRD-IFSOECUK8PK6",True,True
INT-1VZH5NHXXDZPC45X,2026-04-14 04:38:44,2026-04-13,CLI-G7YLK4MET512,AGT-GL138CSY0G,Inbound Call,Phone,Transaccional,Transaccional,255.0,180.0,True,False,Neutral,-0.1,argentine,mexican,False,,False,True
INT-OFDR3L8JSUF7F1N8,2026-04-13 16:21:36,2026-04-13,CLI-J4I58NTNI8I2,AGT-VM8IH2LFKP,Inbound Call,Phone,Queja,Queja,320.0,197.0,False,True,Positivo,0.6,mexican,mexican,True,,False,True
INT-0KPYLM4XULP1S2UT,2026-04-14 01:12:42,2026-04-13,CLI-IHLPKW9EJUMS,AGT-PTQZV7ISVY,Inbound Call,Phone,Transaccional,Transaccional,271.0,130.0,True,False,Neutral,-0.27,argentine,argentine,False,PRD-8KIYQCRR4O6C,False,True
INT-1TYE2E12LNCO51ZX,2026-04-13 18:54:19,2026-04-13,CLI-8HFE0Y24FQMO,AGT-U2B4DX2JUH,Inbound Call,Phone,Retención,Retención,687.0,100.0,True,False,Negativo,-0.62,colombian,colombian,False,,True,True
INT-XEYL0QNSDIN1IFPJ,2026-04-13 17:50:42,2026-04-13,CLI-NRQXYSXQJNOH,AGT-SRVYKVRU3O,Chat,App,Producto,Producto,,,True,False,Neutral,0.23,,,False,,False,False
INT-K7MXAK3AVXTKQ5LT,2026-04-13 15:24:54,2026-04-13,CLI-2HA2BYLM18UW,AGT-1QOK2G45HI,Chat,App,Transaccional,Transaccional,,,True,True,Neutral,-0.21,mexican,mexican,False,,False,False
INT-4GYB23LX4918M9FU,2026-04-14 00:43:57,2026-04-13,CLI-M0T9Q5HQUIQE,AGT-AAM9ILQP8J,Inbound Call,Phone,Queja,Queja,522.0,83.0,False,True,Negativo,-0.67,,,False,PRD-CUHHMVZ5JW1J,False,True
INT-A2E8DVGTIYT2IKFB,2026-04-13 12:27:24,2026-04-13,CLI-MIFI1I1WFLMS,AGT-G9OO88HUR6,Inbound Call,Phone,Transaccional,Transaccional,378.0,129.0,True,False,Neutral,-0.22,mexican,mexican,False,,False,True
INT-Z7ECTQSLU9XM3X0A,2026-04-13 16:49:43,2026-04-13,CLI-KH0RWNJCOHJA,AGT-6VICGVK5AY,Inbound Call,Phone,Queja,Queja,594.0,60.0,True,False,Neutral,0.22,,,False,,True,True
INT-2O4N5BM0JIV09T5U,2026-04-14 04:07:01,2026-04-13,CLI-8WYB5JGRBODS,AGT-KCVV5R760L,Inbound Call,Phone,Producto,Producto,458.0,105.0,True,False,Neutral,-0.02,,,False,,False,True
INT-PFM7NT4FAWCE297Z,2026-04-13 10:16:32,2026-04-13,CLI-IDUWGDTS7RWM,AGT-9XS8S3F6F9,Chat,App,Transaccional,Transaccional,,,True,False,Neutral,0.17,mexican,mexican,False,,False,False
INT-TZTYIXTSQXW1H2E4,2026-04-13 16:26:45,2026-04-13,CLI-SATA0GXEICWE,AGT-JMDX6MHRX7,Inbound Call,Phone,Transaccional,Transaccional,189.0,139.0,True,False,Neutral,0.04,,,False,,True,True
INT-F2021IOALNQN5423,2026-04-13 11:29:19,2026-04-13,CLI-80UM6C8VP6U3,AGT-L0XIIP9UA9,Inbound Call,Phone,Producto,Producto,409.0,30.0,True,False,Neutral,0.09,mexican,mexican,False,"PRD-CTNEUG2LR8EK,PRD-3OZCXCJTY0OB",False,True
INT-9HFHUBU9SJV1U0K5,2026-04-13 14:34:04,2026-04-13,CLI-QCQ9EMPBO7SK,AGT-HVHI1T24CL,Inbound Call,Phone,Queja,Queja,457.0,149.0,True,False,Negativo,-0.47,,,True,,False,True
INT-QLOGZMDA12Y9ULEX,2026-04-14 05:19:35,2026-04-13,CLI-7QXHO213F924,AGT-ELV4R7G13O,Outbound Call,Phone,Retención,Retención,518.0,,True,False,Muy Positivo,0.84,,,True,PRD-SVHNMUXVP135,False,True
INT-ZA447950B74ES0MA,2026-04-14 00:43:38,2026-04-13,CLI-SL2BFH6RPN3S,AGT-EC4OBWIIR0,Inbound Call,Phone,Transaccional,Transaccional,236.0,104.0,True,False,Neutral,-0.21,mexican,mexican,False,,True,True
INT-131NB3IS6PBRJHIH,2026-04-13 12:26:09,2026-04-13,CLI-F93KIJN6TSLH,AGT-DDPUZDGTDB,Inbound Call,Phone,Transaccional,Transaccional,186.0,135.0,True,False,Neutral,0.04,,,False,PRD-I211900L6K5L,False,True
INT-2SCMY792I046SG0A,2026-04-14 04:44:20,2026-04-13,CLI-PPMNFKBE1X62,AGT-3F64L1CQON,Outbound Call,Phone,Queja,Queja,319.0,,True,False,Negativo,-0.62,mexican,mexican,False,,False,True
INT-IY4CBCFX162U3N6M,2026-04-14 02:19:56,2026-04-13,CLI-61AR7EWZ27QU,AGT-SN6XXQN379,Chat,App,Transaccional,Transaccional,,,True,False,Neutral,0.16,,,False,,False,False
INT-HFZXJQAYB2GOCEV1,2026-04-13 14:31:01,2026-04-13,CLI-D5K3JIE4GT9V,AGT-S6T0KJTHIL,Chat,App,Producto,Producto,,,True,False,Positivo,0.48,,,False,PRD-PEAESCHMXQDO,False,False
INT-0VAIONAS6KQP5I3B,2026-04-13 10:09:57,2026-04-13,CLI-MM8UNFMPR3MB,AGT-PFD0CBGK7V,Inbound Call,Phone,Transaccional,Transaccional,149.0,101.0,True,False,Neutral,0.07,,,False,,False,True
INT-A2RCMROBE8DK8G9B,2026-04-14 00:06:50,2026-04-13,CLI-APX4IMEHYU47,AGT-HHL6C35P9E,Chat,Web Chat,Transaccional,Transaccional,,,True,False,Neutral,-0.23,mexican,colombian,False,,False,False
INT-HTAV5G7NHS4FEU1W,2026-04-13 09:38:00,2026-04-13,CLI-OLEYTJX5DEOZ,AGT-RXRI3WGAQW,Outbound Call,Phone,Producto,Producto,131.0,,True,False,Neutral,0.24,colombian,colombian,False,,False,True
INT-PE1U219D5VL75T9P,2026-04-13 19:10:08,2026-04-13,CLI-EQES1E63T0FS,AGT-MSMPY4CS16,Inbound Call,Phone,Comercial,Comercial,548.0,182.0,False,True,Neutral,-0.07,colombian,colombian,False,PRD-I2ESZIXVM0G3,False,True
INT-3XVUK4A54Q12ZJQB,2026-04-14 00:04:15,2026-04-13,CLI-C0452GI9TQNX,AGT-2QA9OU6KPZ,Inbound Call,Phone,Transaccional,Transaccional,227.0,55.0,True,False,Neutral,-0.15,argentine,argentine,False,"PRD-GWGPYK56MDHH,PRD-S7D89ZR93Z94,PRD-OZ9NABQY0WBK",False,True
INT-HCAFNO3D2AQYJYSG,2026-04-13 17:57:20,2026-04-13,CLI-YQKDBN2P5SN0,AGT-6UU2ZTXHKF,Inbound Call,Phone,Comercial,Comercial,449.0,129.0,False,True,Negativo,-0.48,,,False,,True,True
INT-PZBC5OLDMQGOZXA2,2026-04-14 01:07:21,2026-04-13,CLI-R954FHQE1BDH,AGT-DBEGJGWYVE,Inbound Call,Phone,Transaccional,Transaccional,201.0,136.0,True,True,Neutral,0.28,,,True,,False,True
INT-THOK17EZFL3A7LR8,2026-04-13 14:29:22,2026-04-13,CLI-SBU5SDR6UCTC,AGT-PRRCOBG991,Inbound Call,Phone,Producto,Producto,315.0,51.0,True,True,Neutral,0.09,mexican,mexican,False,,True,True
INT-N8MGKO677Y5WDKW8,2026-04-14 07:51:31,2026-04-13,CLI-XMG2W1QEVCHO,AGT-2ZICSG59FS,Outbound Call,Phone,Queja,Queja,364.0,,True,False,Neutral,-0.02,,,False,,False,True
INT-FIDWJIU3ZFYDPJHC,2026-04-14 04:19:26,2026-04-13,CLI-1X9EF18R6KLW,AGT-ERRAQZDJDY,Outbound Call,Phone,Técnico,Técnico,434.0,,True,False,Positivo,0.34,,,False,,True,True
INT-6GV2LGNB746W3FY7,2026-04-13 22:08:26,2026-04-13,CLI-04H7SROLDHCG,AGT-3F5II193NQ,Inbound Call,Phone,Transaccional,Transaccional,325.0,64.0,True,False,Neutral,-0.29,mexican,mexican,False,"PRD-BYTRJV1GQ6W0,PRD-TEJGGEMAKQ3A,PRD-3C9MUA97U2NI",True,True
INT-GQ7DN6M2TML5T5R2,2026-04-13 09:54:50,2026-04-13,CLI-3Y8KMNP1PFWS,AGT-VAGLG3O4LB,Inbound Call,Phone,Producto,Producto,264.0,58.0,True,False,Neutral,-0.23,argentine,argentine,False,"PRD-2EMRA2OC0E9T,PRD-I7TTKPIW27F4",False,True
INT-C56P3IVQETF04ZWG,2026-04-13 15:47:08,2026-04-13,CLI-LPAEKN3JLABG,AGT-N0753JMGIT,Outbound Call,Phone,Queja,Queja,344.0,,True,True,Neutral,0.0,mexican,mexican,False,,False,True
INT-ND7C8EZT9QKNTAON,2026-04-13 12:26:17,2026-04-13,CLI-CPAAJPJDNOZN,AGT-F46PV6WU87,Chat,App,Queja,Queja,,,False,True,Negativo,-0.52,,,False,,False,False
INT-LHM87XOTO5B372TH,2026-04-14 00:02:58,2026-04-13,CLI-QCBYFKPFAJI9,AGT-BQWKT3AVFQ,Inbound Call,Phone,Comercial,Comercial,657.0,152.0,True,False,Neutral,0.2,colombian,argentine,False,PRD-MD6R69TQPTA7,False,True
INT-SEEU1W8WIX0MDXFG,2026-04-13 20:05:16,2026-04-13,CLI-78QL7VP2WL61,AGT-VTQJ9SJZEV,Inbound Call,Phone,Producto,Producto,345.0,87.0,True,False,Neutral,0.13,mexican,mexican,True,,False,True
INT-Y7SVTF0TGZBH8EPB,2026-04-14 02:36:54,2026-04-13,CLI-E7WOO9FP40O9,AGT-3OW146SSUR,Inbound Call,Phone,Transaccional,Transaccional,266.0,56.0,True,False,Neutral,0.25,colombian,colombian,False,,False,True
INT-1Y6TRZXVX9OFD14P,2026-04-13 15:44:51,2026-04-13,CLI-FTT06WGQNLH4,AGT-E7F95ZYZZ5,Inbound Call,Phone,Queja,Queja,560.0,164.0,True,False,Neutral,-0.25,,,False,"PRD-W9VLD3WBBSN4,PRD-FIO8T18OOZEM",True,True
INT-ROT4ETW2ZT6W7XEW,2026-04-13 20:39:31,2026-04-13,CLI-6CUC2MS1OZJ6,AGT-CEXEFAB9WX,Outbound Call,Phone,Transaccional,Transaccional,161.0,,True,False,Neutral,-0.03,,,True,,True,True
INT-0DG7IGVWGWZ0FQTW,2026-04-14 04:03:20,2026-04-13,CLI-F4ENU3B8IOGM,AGT-BAQUFS4AR7,Inbound Call,Phone,Transaccional,Transaccional,161.0,137.0,True,False,Neutral,0.08,,,False,,False,True
INT-7Z345MJZ9JLLI9FS,2026-04-13 17:27:07,2026-04-13,CLI-EQU1EH8EL0NX,AGT-Y4PTRJW4HG,Outbound Call,Phone,Producto,Producto,294.0,,False,True,Negativo,-0.67,mexican,mexican,False,,False,True
INT-X8IMD9T66U9A0PK5,2026-04-13 15:38:22,2026-04-13,CLI-KSSXYORSUNHQ,AGT-N0HJHS1DBA,Inbound Call,Phone,Producto,Producto,178.0,125.0,True,False,Neutral,0.14,mexican,mexican,False,"PRD-66YTWFEUVVZS,PRD-AI6NXRIG72GA",False,True
INT-1NRACY8WD8EA5RT6,2026-04-13 08:52:18,2026-04-13,CLI-J7R4UKQ23BMY,AGT-O5RS2730K1,Inbound Call,Phone,Técnico,Técnico,346.0,137.0,True,False,Positivo,0.46,colombian,colombian,False,,False,True
INT-3KPNC00CC7Y1IWI7,2026-04-14 06:40:19,2026-04-13,CLI-JJ1KHO62M3MK,AGT-AIZL8E8598,Inbound Call,Phone,Queja,Queja,433.0,62.0,True,False,Muy Positivo,0.7,mexican,colombian,False,,False,True
INT-5U263QTK2FI5S875,2026-04-13 21:25:17,2026-04-13,CLI-QVIBJKJJTFJ6,AGT-5QGYHBW01W,Chat,App,Queja,Queja,,,False,True,Neutral,0.2,argentine,argentine,False,"PRD-5BQR0RQDARCC,PRD-U9H7IA2CYGRI,PRD-QQCK9U0NW8TW",False,False
INT-GRH5GXZSJZVQU41Y,2026-04-13 18:45:24,2026-04-13,CLI-QQ3GOF6BKVKN,AGT-QO0HKV2FTI,Inbound Call,Phone,Técnico,Técnico,228.0,137.0,True,False,Negativo,-0.31,,,False,"PRD-KSH1K67NZ9E7,PRD-A25FGV8JPB4G",True,True
INT-J5EE5KGPVMLWU54G,2026-04-14 03:04:14,2026-04-13,CLI-MGYBSHDL4OMW,AGT-4WZQ2M1A4U,Outbound Call,Phone,Queja,Queja,385.0,,False,True,Muy Negativo,-0.83,argentine,mexican,False,,False,True
INT-KV452N216Y8WILPQ,2026-04-14 03:58:07,2026-04-13,CLI-BFBM5NJUG5I5,AGT-WI5ZDHCEPB,Email,Email,Queja,Queja,,,True,False,Neutral,0.08,mexican,mexican,True,PRD-O7M2H3VW5TIU,False,False
INT-NMUCNOP43HCPCU4W,2026-04-14 01:26:18,2026-04-13,CLI-7PYZ6K285MU1,AGT-PRE6OQJV5N,Inbound Call,Phone,Transaccional,Transaccional,83.0,75.0,True,False,Neutral,0.04,argentine,argentine,False,,False,True
INT-1OAEF5580SNQCDYK,2026-04-13 21:55:36,2026-04-13,CLI-SKYOAW6ZAEYB,AGT-Q1CPMXVTZC,Inbound Call,Phone,Transaccional,Transaccional,186.0,76.0,True,True,Neutral,0.01,,,False,PRD-NEHWE7QISP3R,False,True
INT-N45ER8MWOH0HJEFG,2026-04-13 17:18:21,2026-04-13,CLI-OCUKELG1JY8U,AGT-56XIRH3EBF,Inbound Call,Phone,Queja,Queja,568.0,100.0,False,True,Neutral,0.04,mexican,mexican,False,,True,True
INT-5KCUMN86OGU0JB7O,2026-04-13 11:10:49,2026-04-13,CLI-03I0N1R62GVK,AGT-I54H5N8EAF,Inbound Call,Phone,Transaccional,Transaccional,241.0,248.0,True,False,Neutral,-0.03,colombian,mexican,False,,False,True
INT-EZGN1ZU409XD29P5,2026-04-13 11:48:03,2026-04-13,CLI-5C0CJH3KFQKM,AGT-M6MXQC9YHN,Inbound Call,Phone,Queja,Queja,247.0,73.0,False,True,Neutral,0.23,mexican,mexican,False,PRD-EPFLJ4AI854Z,False,True
INT-Y8Q6LZU5613DY43W,2026-04-13 17:22:28,2026-04-13,CLI-H1V98NF7KN66,AGT-3BWKH19I03,Outbound Call,Phone,Producto,Producto,322.0,,True,False,Positivo,0.52,,,False,,False,True
INT-R9VB5AC5U6RNIRBD,2026-04-13 16:14:45,2026-04-13,CLI-NORS8H8G7GGE,AGT-NVXKQOY9ML,Inbound Call,Phone,Retención,Retención,539.0,43.0,False,True,Muy Negativo,-0.94,mexican,mexican,False,,False,True
INT-WM10MS2SLXH6M5ZA,2026-04-14 03:08:07,2026-04-13,CLI-NE8L3OZJISNN,AGT-9K4W87HK9Z,Inbound Call,Phone,Transaccional,Transaccional,129.0,110.0,True,False,Neutral,0.12,argentine,argentine,False,,True,True
INT-9LRB91UAELIXM6T8,2026-04-13 08:29:43,2026-04-13,CLI-P3Y1X9A0O2D3,AGT-BRSQ4J226H,Inbound Call,Phone,Producto,Producto,275.0,170.0,True,False,Neutral,0.02,,,False,"PRD-S7WO0WBY78ZE,PRD-N0SX22TG64H9",False,True
INT-4HSH969OB9M4P65F,2026-04-14 03:08:33,2026-04-13,CLI-ZKGMG1YJV7TI,AGT-L2GBNN6LWM,Inbound Call,Phone,Técnico,Técnico,205.0,161.0,True,False,Negativo,-0.62,colombian,colombian,False,,False,True
INT-MAR2AXGBLNXEIX44,2026-04-13 11:14:31,2026-04-13,CLI-J31P4F79ODGB,AGT-9EQZR2XZVH,Inbound Call,Phone,Técnico,Técnico,197.0,174.0,True,False,Negativo,-0.66,mexican,mexican,False,,False,True
INT-NR734P36MGPGA0W2,2026-04-14 04:59:35,2026-04-13,CLI-LV0W5Z1P2WFJ,AGT-TT0NFU4K2U,Inbound Call,Phone,Transaccional,Transaccional,334.0,149.0,True,True,Neutral,-0.23,mexican,mexican,False,,False,True
INT-QHIHP28PVQHGEE62,2026-04-13 22:08:02,2026-04-13,CLI-Y4X06A6VVEYF,AGT-7HUT4X997D,Inbound Call,Phone,Producto,Producto,221.0,122.0,True,False,Positivo,0.38,colombian,argentine,True,,False,True
INT-SGIMN5FNK7B0Z0Q5,2026-04-14 07:50:46,2026-04-13,CLI-SMXT7VOX6Y2R,AGT-ZAYJ41JB3A,Outbound Call,Phone,Queja,Queja,238.0,,True,False,Neutral,-0.2,colombian,colombian,False,PRD-EHHVOU1ZV0MI,False,True
INT-LPWCBXIZFD6CHGB9,2026-04-14 04:36:54,2026-04-13,CLI-77YCP7FWZLP0,AGT-HVHI1T24CL,Inbound Call,Phone,Producto,Producto,168.0,142.0,True,True,Neutral,0.22,mexican,mexican,False,,False,True
INT-HUNVWW8J5EP54DCZ,2026-04-14 00:25:32,2026-04-13,CLI-VAEYAXEKBDKR,AGT-42595PIZVY,Outbound Call,Phone,Transaccional,Transaccional,145.0,,True,False,Neutral,0.19,mexican,colombian,False,"PRD-ZINC84MN1DMR,PRD-FODVS2PUGUJR,PRD-68T1ANEF25FC",False,True
INT-6J2IF9SUKGOC9IN7,2026-04-14 03:34:50,2026-04-13,CLI-LUC96TID3E4X,AGT-PK5PH38NS1,Chat,App,Técnico,Técnico,,,True,False,Neutral,0.15,argentine,argentine,False,"PRD-BAKL0NB4LEK8,PRD-8XP0RG0A6PL6,PRD-WGMNMI3X1FK4",False,False
INT-0AEJ7XEIQ16XODNW,2026-04-14 03:20:04,2026-04-13,CLI-KEHW6BQV89SY,AGT-QZ4OVGMGCA,Inbound Call,Phone,Transaccional,Transaccional,201.0,67.0,True,False,Neutral,-0.19,colombian,colombian,True,,False,True
INT-F6WB08F232558FGE,2026-04-13 16:10:31,2026-04-13,CLI-WREHE4DZEBDQ,AGT-RHJINE5TTG,Inbound Call,Phone,Técnico,Técnico,385.0,95.0,False,True,Muy Positivo,0.79,,,False,"PRD-E1YIFMHPAEID,PRD-C6O0EERF9RRG,PRD-89DH27P21IOD",False,True
INT-SB8BOU53NK6CVQRG,2026-04-14 06:42:34,2026-04-13,CLI-ZDYTR0S4S1YQ,AGT-3DLG9UKU56,Inbound Call,Phone,Transaccional,Transaccional,234.0,67.0,True,False,Neutral,-0.01,mexican,colombian,False,,False,True
INT-0TQWAYI5S5QXL0PW,2026-04-13 11:07:50,2026-04-13,CLI-NZ3SD10ZO6BB,AGT-OJC9BV7RWY,Inbound Call,Phone,Técnico,Técnico,434.0,164.0,True,False,Neutral,-0.02,argentine,argentine,False,"PRD-CDIKGU4KY0TF,PRD-YXY6FRJG8MGQ",False,True
INT-M5B2G7N6Z363941Z,2026-04-14 05:23:58,2026-04-13,CLI-89STKI0YUSMM,AGT-KNAQ0H42S9,Inbound Call,Phone,Transaccional,Transaccional,177.0,204.0,True,False,Neutral,-0.03,,,True,PRD-3UUKO74EOXB9,False,True
INT-0W7IIHVI9FSWE1FG,2026-04-14 07:11:52,2026-04-13,CLI-Q0COI4AUIN4Q,AGT-8GZ4DPZ9DX,Outbound Call,Phone,Transaccional,Transaccional,189.0,,True,False,Neutral,0.17,colombian,mexican,False,,False,True
INT-5JN7E56P0PQVBB6B,2026-04-14 05:26:31,2026-04-13,CLI-VCBN7XCO3141,AGT-5DKACXORKL,Inbound Call,Phone,Producto,Producto,201.0,151.0,False,True,Neutral,-0.0,mexican,mexican,False,,False,True
INT-5XN698691G8ELNAA,2026-04-13 16:01:19,2026-04-13,CLI-ZDXVAEN3RJXB,AGT-NOB5KS50MS,Outbound Call,Phone,Técnico,Técnico,211.0,,True,True,Negativo,-0.52,mexican,mexican,False,,False,True
INT-3PC17DJ4ZU9UAYEM,2026-04-13 15:19:16,2026-04-13,CLI-GEFHJCWAW0U4,AGT-9XS8S3F6F9,Outbound Call,Phone,Producto,Producto,267.0,,True,False,Neutral,-0.02,mexican,argentine,False,,False,True
INT-XR3ZQGJLO8M3AA8O,2026-04-14 01:55:02,2026-04-13,CLI-ZN7ZA7OG9F2Q,AGT-YDBZL5HKAZ,Outbound Call,Phone,Transaccional,Transaccional,287.0,,True,False,Neutral,0.09,mexican,mexican,False,,False,True
INT-TNI2B54VEUAC38T6,2026-04-13 16:06:28,2026-04-13,CLI-84HPK6Q04TCI,AGT-FIFKWZ2CD9,Inbound Call,Phone,Producto,Producto,141.0,114.0,True,False,Neutral,-0.26,,,False,,False,True
INT-JSMR4ZQDUESXJQY3,2026-04-14 02:12:26,2026-04-13,CLI-7LXYVWP00RAO,AGT-R03JWT0EJ6,Outbound Call,Phone,Transaccional,Transaccional,166.0,,True,True,Neutral,-0.28,mexican,mexican,False,,False,True
INT-OT4UL0CRMRE73WOM,2026-04-13 17:32:47,2026-04-13,CLI-48PLZ31MQ0CP,AGT-4VH0KX1M7P,Chat,App,Técnico,Técnico,,,True,False,Neutral,0.11,mexican,mexican,False,,True,False
INT-6Q2U8U7TKRXEPFZB,2026-04-13 22:32:21,2026-04-13,CLI-L7PWLFT0SYI7,AGT-7ID1M83527,Chat,App,Producto,Producto,,,True,True,Neutral,0.13,mexican,colombian,False,"PRD-V2O3LXC9H6UF,PRD-Q4TC2XXZC7W8",False,False
INT-3TA7TV3C4PQDJJ29,2026-04-13 19:50:43,2026-04-13,CLI-60OHLSNROMMY,AGT-Y8O10JEBE3,Inbound Call,Phone,Transaccional,Transaccional,235.0,169.0,True,True,Neutral,-0.27,,,False,,False,True
INT-69LY7246PSUCM3MN,2026-04-14 03:09:41,2026-04-13,CLI-AN7RHWCFHYO0,AGT-F8WMTYQSZS,Inbound Call,Phone,Retención,Retención,87.0,59.0,True,False,Positivo,0.56,mexican,argentine,False,"PRD-5F23AUC6HU7D,PRD-ZBRL2O9MHAHW",False,True
INT-2SN16ZN8ACW6VRTG,2026-04-14 07:17:12,2026-04-13,CLI-KKRGLKNM74NG,AGT-YVWKQHAJE2,Inbound Call,Phone,Producto,Producto,241.0,47.0,True,False,Neutral,0.06,argentine,argentine,False,PRD-T6KOHQ8SKXOH,False,True
INT-DNCYQKQG2SXNFPBR,2026-04-13 21:26:37,2026-04-13,CLI-NLW06ZUBWKWB,AGT-5FZN0GITJ6,Email,Email,Producto,Producto,,,True,False,Neutral,0.17,argentine,argentine,False,,False,False
INT-0MOE9ECLWYTNYJZS,2026-04-13 12:07:48,2026-04-13,CLI-FKG3E27O5MOR,AGT-7STCFNILU3,Outbound Call,Phone,Transaccional,Transaccional,152.0,,True,False,Neutral,0.06,colombian,colombian,False,PRD-MERZQZZXY89V,False,True
INT-9BHKOF4AQ5ZVEUPI,2026-04-14 01:25:36,2026-04-13,CLI-01IRGIB5XCS8,AGT-5FZN0GITJ6,Outbound Call,Phone,Técnico,Técnico,343.0,,False,True,Muy Negativo,-0.85,colombian,colombian,True,,False,True
INT-R4G9M3ZOBMCDNTNI,2026-04-13 13:55:29,2026-04-13,CLI-RZISDVCUSA8D,AGT-H4A9IXOK25,Inbound Call,Phone,Producto,Producto,145.0,185.0,True,False,Negativo,-0.6,,,True,,True,True
INT-REWU33ZUU6CK70JC,2026-04-13 16:24:33,2026-04-13,CLI-YKXC0VZQ5S20,AGT-CVMX70X6Z4,Chat,WhatsApp,Transaccional,Transaccional,,,True,False,Neutral,0.29,mexican,argentine,False,,True,False
INT-VUKTN33ZPVVG73IE,2026-04-13 20:31:24,2026-04-13,CLI-JNOK6NRWI8HN,AGT-6OR4WMM8YS,Email,Email,Comercial,Comercial,,,True,False,Neutral,0.09,colombian,argentine,True,,False,False
INT-OBXRSN8APSREPIT1,2026-04-13 08:54:16,2026-04-13,CLI-NSS4FKA2FYQN,AGT-WTHHY9FLGT,Inbound Call,Phone,Transaccional,Transaccional,245.0,177.0,True,False,Neutral,0.24,mexican,colombian,False,,False,True
INT-U5V8B92V7DXVYXEK,2026-04-13 20:31:41,2026-04-13,CLI-QG8KFGMNEC6G,AGT-7928OR6G55,Inbound Call,Phone,Producto,Producto,330.0,51.0,False,True,Neutral,-0.02,mexican,mexican,False,PRD-XND8CRG8H560,False,True
INT-04Y7VQ968AVJXZWU,2026-04-13 19:57:19,2026-04-13,CLI-3QCSISEVAYBZ,AGT-E8XE5LM9XO,Inbound Call,Phone,Transaccional,Transaccional,401.0,172.0,True,False,Neutral,-0.29,,,False,PRD-V59F4KO3NO7S,True,True
INT-3HMK1IWOJJJ9KOHU,2026-04-13 19:52:28,2026-04-13,CLI-OMYU19QDFBXI,AGT-XX6WSQ2E5P,Inbound Call,Phone,Queja,Queja,391.0,20.0,False,True,Muy Negativo,-0.94,argentine,argentine,False,,False,True
INT-WDY0DJSXXTQJCDVW,2026-04-13 15:06:55,2026-04-13,CLI-LWP6TS19J6AA,AGT-03D30TX4R9,Inbound Call,Phone,Queja,Queja,329.0,199.0,True,False,Negativo,-0.56,,,False,,True,True
INT-F1LRJ8OW92683TEE,2026-04-14 05:48:08,2026-04-13,CLI-T0JIFE12N8BP,AGT-4V4YDGZZ5H,Outbound Call,Phone,Queja,Queja,415.0,,False,True,Positivo,0.38,mexican,mexican,False,,False,True
INT-3BALXRE58F9H7HBP,2026-04-13 08:48:57,2026-04-13,CLI-N0C30YV4E63W,AGT-2H7OTPEC6D,Inbound Call,Phone,Transaccional,Transaccional,198.0,110.0,True,False,Neutral,0.14,,,False,,False,True
INT-T2JJWRMY4HIKV66I,2026-04-13 20:11:52,2026-04-13,CLI-HNX8YF3ZRJ8R,AGT-P7RT23V6BG,Inbound Call,Phone,Técnico,Técnico,355.0,149.0,True,False,Muy Negativo,-0.72,,,False,,False,True
INT-BD0LXGC1O9X5XFZV,2026-04-13 15:22:25,2026-04-13,CLI-9WAB1JWJGFBN,AGT-R4ODXQMRF5,Inbound Call,Phone,Producto,Producto,200.0,64.0,True,False,Neutral,-0.0,,,False,,False,True
INT-O5LGC65VY687B4VU,2026-04-13 08:34:08,2026-04-13,CLI-NO6SCD1GXNP1,AGT-IOAGLENSDV,Email,Email,Transaccional,Transaccional,,,False,True,Neutral,-0.26,colombian,mexican,False,"PRD-JRE50T6TXGFQ,PRD-9SV991H3VJ69",False,False
INT-4E8N5SSZZJONZGS4,2026-04-13 19:33:19,2026-04-13,CLI-FZU12L1ZVMVR,AGT-GV8AQYD95Q,Inbound Call,Phone,Producto,Producto,172.0,119.0,False,True,Neutral,-0.08,mexican,mexican,False,"PRD-3QM4FV4UDS2I,PRD-JO77HIOJPXBG",False,True
INT-AWRNPB7HXQVSAR81,2026-04-13 11:05:00,2026-04-13,CLI-CFP5PVT5NDMB,AGT-GJ9LKR80FA,Inbound Call,Phone,Transaccional,Transaccional,194.0,150.0,True,False,Neutral,0.25,mexican,mexican,False,"PRD-5I3E2CH40UL2,PRD-TSI4Q1D1GXCF,PRD-CDZWAS2HL89C",False,True
INT-6RAX14TA6837NBN3,2026-04-13 14:09:01,2026-04-13,CLI-C3UD1QN4RNLT,AGT-OR7DN8OOL8,Inbound Call,Phone,Comercial,Comercial,753.0,165.0,True,False,Negativo,-0.32,argentine,argentine,False,,False,True
INT-VAVCDH66DSJH8BOK,2026-04-14 03:12:45,2026-04-13,CLI-Q3QS4S92ZUQH,AGT-RL5EQ6KNBS,Inbound Call,Phone,Comercial,Comercial,626.0,115.0,False,True,Negativo,-0.33,mexican,colombian,False,PRD-SHXMLM9QX2VL,False,True
INT-ZF74CYT6MU4DPH6L,2026-04-13 13:26:50,2026-04-13,CLI-JCEKKTY7Y2CF,AGT-UX3Z61ZNLY,Inbound Call,Phone,Queja,Queja,661.0,48.0,False,True,Neutral,-0.14,,,True,,False,True
INT-KU7KUKDGUEFDY49K,2026-04-13 20:05:04,2026-04-13,CLI-U7EIX92B0F9L,AGT-GEHE8V9YO8,Inbound Call,Phone,Transaccional,Transaccional,190.0,29.0,True,False,Neutral,-0.01,mexican,mexican,False,,False,True
INT-CTNMADYAUD3Y7FRV,2026-04-13 08:53:47,2026-04-13,CLI-OSH7Z3LP4HLF,AGT-9BGLWS9RWM,Inbound Call,Phone,Comercial,Comercial,558.0,102.0,False,True,Neutral,0.19,,,False,"PRD-6ITURP857WUB,PRD-Q954EY8EL86D",False,True
INT-BGAGKR6F1Z0LK4VL,2026-04-13 23:17:51,2026-04-13,CLI-U7I362WPFG1B,AGT-TT0NFU4K2U,Inbound Call,Phone,Transaccional,Transaccional,122.0,191.0,True,False,Neutral,0.0,,,False,"PRD-VB5VHGGA5ZE2,PRD-7DRE3B93SQMU",True,True
INT-5NUHBE0UCBTXH0V4,2026-04-13 20:48:12,2026-04-13,CLI-GG210VNSEVJB,AGT-8E5KSD2KSS,Email,Email,Producto,Producto,,,False,True,Positivo,0.54,mexican,mexican,False,,True,False
INT-U8ZNSP38H6S2B3O3,2026-04-13 23:38:05,2026-04-13,CLI-EFPFRDCO8Y28,AGT-0O9BVZZ68Z,Outbound Call,Phone,Transaccional,Transaccional,178.0,,True,True,Neutral,-0.21,,,False,,False,True
INT-Q6WEWXXS7PPSZ0N4,2026-04-14 03:42:43,2026-04-13,CLI-991AUU3HPII6,AGT-83LR6Q5GXW,Outbound Call,Phone,Queja,Queja,728.0,,False,True,Neutral,-0.18,mexican,argentine,False,,True,True
INT-S6I2TFQ5QHYNU4EJ,2026-04-13 16:58:05,2026-04-13,CLI-2FD7Q4FTWKBU,AGT-7ID1M83527,Inbound Call,Phone,Técnico,Técnico,509.0,54.0,True,False,Negativo,-0.49,mexican,mexican,False,,False,True
INT-Z498716SRKUGX2S0,2026-04-13 14:59:01,2026-04-13,CLI-JM223N5JSAL8,AGT-FDYIW6O3N8,Outbound Call,Phone,Comercial,Comercial,570.0,,True,False,Neutral,-0.25,mexican,mexican,False,,False,True
INT-OEPSBT2LA6SFQ7FJ,2026-04-13 23:37:14,2026-04-13,CLI-4PDJIFXTR3NN,AGT-92W11NU8ER,Email,Email,Queja,Queja,,,True,False,Neutral,-0.18,,,False,"PRD-B6ISVXWAYX7S,PRD-7254AQ0T1GD3",False,False
INT-4JZ60EDJGNM0FC1J,2026-04-14 03:07:43,2026-04-13,CLI-GPVQ28TDMKAZ,AGT-JMA3MRKNWE,Outbound Call,Phone,Producto,Producto,274.0,,True,False,Neutral,-0.01,argentine,argentine,False,,False,True
INT-M6Z2XFK060TQBD3R,2026-04-14 03:34:49,2026-04-13,CLI-OIDHRGGGJ8GV,AGT-B49GEGZZF1,Inbound Call,Phone,Transaccional,Transaccional,218.0,196.0,True,False,Neutral,-0.03,mexican,mexican,False,,True,True
INT-S6C0HC368MCBH1LN,2026-04-14 00:55:27,2026-04-13,CLI-P38NHP5EKXRH,AGT-9W02U9H2GZ,Outbound Call,Phone,Técnico,Técnico,350.0,,True,False,Positivo,0.36,mexican,mexican,False,,True,True
INT-6POEBPL4KSWZU5L8,2026-04-13 19:34:06,2026-04-13,CLI-WF5DI5DDX6ER,AGT-EP3R0JXEXV,Chat,Web Chat,Transaccional,Transaccional,,,True,True,Neutral,0.0,colombian,colombian,False,,False,False
INT-32MSSFYYMYTU07C4,2026-04-14 07:12:36,2026-04-13,CLI-XWU4TH60L9A6,AGT-VFOW1SAD5J,Inbound Call,Phone,Transaccional,Transaccional,524.0,102.0,True,False,Neutral,0.0,,,False,,False,True
INT-8UFVWCQ0MVVOWNAQ,2026-04-13 23:57:05,2026-04-13,CLI-KFVM7I1LXHX4,AGT-XXSVZV4OUZ,Inbound Call,Phone,Producto,Producto,412.0,191.0,True,False,Neutral,0.28,colombian,argentine,False,,False,True
INT-0S7EPQQ1N5H3O9F1,2026-04-13 23:20:05,2026-04-13,CLI-4AMS3XG8SA2A,AGT-AV2TPW9VGR,Inbound Call,Phone,Comercial,Comercial,870.0,82.0,True,False,Neutral,0.14,mexican,mexican,False,,False,True
INT-3I2WWCY98PWZ7QQ9,2026-04-14 06:53:11,2026-04-13,CLI-BJF3XP4NE0WJ,AGT-OJD399EZD8,Inbound Call,Phone,Transaccional,Transaccional,359.0,55.0,True,False,Neutral,-0.3,mexican,colombian,True,"PRD-25LDF9XJB5PU,PRD-Y1DVX2RCV8TP",False,True
INT-63IS9Q6YQX4ZN7SL,2026-04-14 05:37:01,2026-04-13,CLI-81L2Y0ZYAX56,AGT-NUS3RT0T0E,Outbound Call,Phone,Transaccional,Transaccional,112.0,,True,False,Neutral,-0.23,mexican,mexican,False,"PRD-0O5O3QC2VN8P,PRD-GPMOI9UHFLE1,PRD-IA0BK95N6ZEB",False,True
INT-5LSZ3G17AAAZGVPX,2026-04-13 09:39:28,2026-04-13,CLI-8TS4T7K08J2J,AGT-98ZSNF8YWV,Inbound Call,Phone,Transaccional,Transaccional,118.0,95.0,True,False,Neutral,0.26,,,False,,False,True
INT-JGG79HH6AG776ZRE,2026-04-14 07:41:32,2026-04-13,CLI-JO4C0LDLP2EK,AGT-WBG60TGKFE,Email,Email,Producto,Producto,,,True,False,Negativo,-0.38,,,False,"PRD-6XGSWHEUFG8X,PRD-G8XJWIDE1R0M",True,False
INT-3OU8QH0ZKRI1KESG,2026-04-14 02:27:19,2026-04-13,CLI-YU3PA26L1R6L,AGT-CEA1C9BKKF,Inbound Call,Phone,Producto,Producto,168.0,51.0,True,False,Negativo,-0.62,colombian,colombian,False,,False,True
INT-KJX5YDRDUGCU7KW8,2026-04-13 20:41:28,2026-04-13,CLI-9FNF4A2XK8Q9,AGT-YDBZL5HKAZ,Inbound Call,Phone,Queja,Queja,575.0,41.0,False,True,Neutral,-0.29,mexican,mexican,False,,False,True
INT-P0G2TTQDQLNY84TD,2026-04-13 19:51:58,2026-04-13,CLI-4TZ8CSMFDES9,AGT-KE2SZIG08B,Outbound Call,Phone,Queja,Queja,236.0,,False,True,Neutral,0.27,argentine,colombian,False,"PRD-JFDTIKBHXYZI,PRD-101JZ6KA1HQK",False,True
INT-CVE3NBYD35GUO56D,2026-04-13 18:47:53,2026-04-13,CLI-21193XJBAAOP,AGT-8F824H7DN8,Outbound Call,Phone,Transaccional,Transaccional,94.0,,True,False,Neutral,0.03,argentine,argentine,False,"PRD-CMSRWOOY69UZ,PRD-VKS8IM584PF3",False,True
INT-568O9B43871A7LE8,2026-04-14 02:35:56,2026-04-13,CLI-VJ0ER295NVB8,AGT-RZ4O8DO2E0,Inbound Call,Phone,Transaccional,Transaccional,144.0,135.0,True,False,Neutral,0.17,colombian,colombian,True,"PRD-XQQY6C7PXZO2,PRD-WYUKLV3LDW4E,PRD-XIBGLS9OG6M4",False,True
INT-430ZZSCA8K2LAHKA,2026-04-13 19:14:10,2026-04-13,CLI-0JCS5D168DXD,AGT-9U9K7MKVAX,Outbound Call,Phone,Queja,Queja,300.0,,True,False,Positivo,0.51,mexican,argentine,False,,True,True
INT-OLEVHUJHZX8N3A4U,2026-04-13 18:30:23,2026-04-13,CLI-0V9RRQN01YUA,AGT-FDYIW6O3N8,Inbound Call,Phone,Transaccional,Transaccional,415.0,134.0,True,True,Neutral,-0.16,colombian,colombian,False,,False,True
INT-IB1T5VXFAJ5R2ZBZ,2026-04-13 09:36:50,2026-04-13,CLI-AIU29QYUA8HI,AGT-M7MKWO7LMD,Email,Email,Técnico,Técnico,,,True,True,Positivo,0.31,mexican,mexican,False,,False,False
INT-ZWJRJ0IULWIJ6YBM,2026-04-14 05:40:14,2026-04-13,CLI-U4HRG9PY6GB9,AGT-07DM6KZ1Y8,Chat,Web Chat,Transaccional,Transaccional,,,True,False,Neutral,0.23,mexican,mexican,False,,False,False
INT-Y1IEENPI36WQ9GQD,2026-04-13 19:16:27,2026-04-13,CLI-O0EY90LIDK37,AGT-9A52G9KAKH,Inbound Call,Phone,Producto,Producto,340.0,41.0,True,True,Neutral,0.28,mexican,mexican,False,"PRD-LI6YXJWYR150,PRD-DGX7JRGLR98H,PRD-V3O4O4DEQAHS",False,True
INT-KCQN65GRPH0UCRNS,2026-04-13 12:38:08,2026-04-13,CLI-RJYFJX5GK0R7,AGT-3CWPWNJ1YQ,Email,Email,Técnico,Técnico,,,True,False,Negativo,-0.53,mexican,mexican,False,,False,False
INT-3A0PEDL6KEULQCET,2026-04-13 22:11:12,2026-04-13,CLI-8XPLAUR05EKR,AGT-P6ZSI9FXVT,Chat,App,Queja,Queja,,,False,True,Positivo,0.6,,,False,PRD-QF2LS79JK6O7,True,False
INT-HDZ2UAXW5468J6ZV,2026-04-13 18:55:04,2026-04-13,CLI-02Y9X0QSJ58O,AGT-QJDRG08QEG,Inbound Call,Phone,Producto,Producto,321.0,126.0,True,False,Neutral,-0.21,argentine,argentine,False,,False,True
INT-VU8YVIHDHE90I57A,2026-04-14 03:35:31,2026-04-13,CLI-V5LFIAMNRM34,AGT-UP5VRYXEPO,Inbound Call,Phone,Queja,Queja,366.0,87.0,False,True,Neutral,0.04,,,False,PRD-B9U2BLOC1C4W,False,True
INT-0B0NNX2WVQZUPDRF,2026-04-14 07:34:47,2026-04-13,CLI-87KXFY8XJP6X,AGT-69430CDLET,Outbound Call,Phone,Producto,Producto,274.0,,True,False,Muy Negativo,-0.8,colombian,colombian,False,,False,True
INT-ERGVUJT1S7JSTW15,2026-04-13 19:45:40,2026-04-13,CLI-OR1X7OMA3I7O,AGT-GY37ZFJ5DC,Inbound Call,Phone,Transaccional,Transaccional,184.0,159.0,True,False,Neutral,0.09,colombian,colombian,False,,False,True
INT-HIUWZNCEY93XVRP0,2026-04-14 00:46:25,2026-04-13,CLI-9H2ZBMK9K34M,AGT-JNY9R22CQM,Inbound Call,Phone,Retención,Retención,542.0,194.0,False,True,Neutral,-0.19,mexican,mexican,False,,False,True
INT-T4U0IXV17LZ70ZC2,2026-04-13 14:05:38,2026-04-13,CLI-Z80RT7051UM2,AGT-OVOS9HYAAX,Outbound Call,Phone,Transaccional,Transaccional,240.0,,True,False,Neutral,0.12,mexican,mexican,False,"PRD-3KA0YQ2VRQSR,PRD-RDCQJF0UY9VC,PRD-VPVA1CHACH4C",False,True
INT-WT05DXDPLIN1WLNR,2026-04-13 15:42:08,2026-04-13,CLI-X5W58K3Y27MC,AGT-NO19RXC65N,Outbound Call,Phone,Producto,Producto,217.0,,True,False,Neutral,-0.01,mexican,mexican,False,,False,True
INT-OP6F94Y45YXB9TES,2026-04-13 21:11:55,2026-04-13,CLI-6A80MJGXQKAS,AGT-QIJA0QZRU0,Outbound Call,Phone,Queja,Queja,390.0,,False,True,Neutral,-0.27,mexican,mexican,False,,False,True
INT-FBLYIQHC0DBCZBRJ,2026-04-13 19:02:28,2026-04-13,CLI-G7972CRZ1P0Y,AGT-LFX460UJ80,Inbound Call,Phone,Transaccional,Transaccional,262.0,204.0,False,True,Neutral,-0.17,colombian,colombian,False,,False,True
INT-SCNPAVCYJIA345OW,2026-04-14 03:44:39,2026-04-13,CLI-6ZQGZV20V1PL,AGT-GRF6UL86F3,Chat,WhatsApp,Producto,Producto,,,True,False,Neutral,-0.23,mexican,mexican,False,PRD-03UACV9NZ4LA,True,False
INT-DRRLEW0QBYM25CKX,2026-04-13 10:59:23,2026-04-13,CLI-S3F7ZSII2SIH,AGT-5YUGOKFA7V,Outbound Call,Phone,Técnico,Técnico,496.0,,False,True,Positivo,0.63,,,False,"PRD-S5585RU399LF,PRD-6ETS9W88LQOG,PRD-JY1VFX2T3SHI",False,True
INT-UYSZLENZD0QE1P8R,2026-04-14 00:09:30,2026-04-13,CLI-GEHA3NOKBG8T,AGT-B69BF4590M,Inbound Call,Phone,Transaccional,Transaccional,207.0,179.0,True,False,Neutral,-0.04,,,False,,False,True
INT-D7XT9UOFS8O1VEKX,2026-04-13 17:10:40,2026-04-13,CLI-51EJGRYED8I7,AGT-5TL2B7ELKV,Inbound Call,Phone,Transaccional,Transaccional,213.0,243.0,True,False,Neutral,0.11,mexican,mexican,False,"PRD-XGHBYHBZ4ZZE,PRD-IJTGYHUT31K6",False,True
INT-2I9487SYTMJ4RNN1,2026-04-14 07:02:14,2026-04-13,CLI-AAEH559GWB6L,AGT-9OW6RQX6YE,Inbound Call,Phone,Técnico,Técnico,312.0,152.0,True,False,Muy Negativo,-0.99,colombian,mexican,False,,False,True
INT-PMAN8SRII64W1X91,2026-04-13 12:37:16,2026-04-13,CLI-INM36UKT7FJV,AGT-AQSH0YRHNO,Inbound Call,Phone,Transaccional,Transaccional,121.0,138.0,True,False,Neutral,0.12,argentine,argentine,False,,False,True
INT-35IPA6LEMA42J8IY,2026-04-13 20:00:42,2026-04-13,CLI-KK08CIXG1PGJ,AGT-P6ZSI9FXVT,Chat,Web Chat,Producto,Producto,,,True,False,Negativo,-0.55,,,False,"PRD-1S8SD5J99IRT,PRD-0QCFFF5NMIGB,PRD-DHIMNTHGF9RL",False,False
INT-10PN49JLIGYICIIK,2026-04-14 06:05:45,2026-04-13,CLI-USMQ8J47PVES,AGT-V0731LP1QE,Chat,WhatsApp,Producto,Producto,,,True,True,Neutral,-0.18,argentine,argentine,False,PRD-TYT4RPSIFZAQ,False,False
INT-X0H2ZMSC19AT92QQ,2026-04-13 20:00:38,2026-04-13,CLI-5U7FEPNMI8TM,AGT-XJKBDG6BI7,Inbound Call,Phone,Producto,Producto,144.0,176.0,True,False,Negativo,-0.46,mexican,mexican,False,"PRD-HCQM72P78P1V,PRD-1T1EF86KKFXL",True,True
INT-PQJKS90DEBC1MLTM,2026-04-13 16:47:11,2026-04-13,CLI-MGXJXSFVZMQL,AGT-FXUY55EOMM,Chat,App,Producto,Producto,,,False,True,Neutral,-0.06,argentine,argentine,False,,True,False
INT-KV55KJ24HJZ1DP6M,2026-04-14 07:59:44,2026-04-13,CLI-HE8OATCMDTDE,AGT-L3EZA710VC,Inbound Call,Phone,Transaccional,Transaccional,165.0,41.0,True,False,Neutral,0.14,mexican,mexican,False,,True,True
INT-ZY7S44YTP8OSHFWH,2026-04-13 08:04:05,2026-04-13,CLI-10ZUATF1RCD6,AGT-6KXS33Z4GI,Inbound Call,Phone,Transaccional,Transaccional,316.0,38.0,True,False,Neutral,0.11,colombian,mexican,False,,False,True
INT-92S7R73VSD9WA898,2026-04-14 06:20:24,2026-04-13,CLI-SP0NC340QDIT,AGT-HHZLM4XXDJ,Inbound Call,Phone,Técnico,Técnico,260.0,86.0,False,True,Neutral,-0.25,,,False,,False,True
INT-NTH490ZAKG5OS6ZJ,2026-04-13 18:22:55,2026-04-13,CLI-C2KOREA5OEAB,AGT-7XQCZE73IH,Outbound Call,Phone,Técnico,Técnico,391.0,,True,False,Muy Negativo,-0.76,,,False,PRD-BCBFT5XWN16D,False,True
INT-59X9UKRA6FPEEVEU,2026-04-13 08:29:39,2026-04-13,CLI-QPMS6LJFSMW8,AGT-E7F95ZYZZ5,Outbound Call,Phone,Transaccional,Transaccional,155.0,,True,False,Neutral,-0.21,colombian,colombian,False,,False,True
INT-1Q5U9V0V80P07971,2026-04-13 16:22:38,2026-04-13,CLI-YC4WNTUC93XN,AGT-HKU44IP108,Inbound Call,Phone,Comercial,Comercial,349.0,128.0,True,False,Positivo,0.66,,,False,,False,True
INT-HEZM4U2GO4EX491V,2026-04-13 19:59:15,2026-04-13,CLI-Y72YGBW2OQDI,AGT-64BBNY40AY,Email,Email,Técnico,Técnico,,,False,True,Neutral,0.12,colombian,colombian,False,,False,False
INT-HDY7F1KNH4N07S4L,2026-04-14 03:29:57,2026-04-13,CLI-DAMJJURSO4WN,AGT-GBHL3XZPKH,Inbound Call,Phone,Queja,Queja,379.0,73.0,True,False,Negativo,-0.41,argentine,argentine,False,"PRD-B8MEWO8B6M8Z,PRD-HF14O7YZ6R9G",False,True
INT-9YJGUOQO7R8YHWJ1,2026-04-13 14:06:02,2026-04-13,CLI-DKT9ZH59LB4K,AGT-EMSDKX98GM,Outbound Call,Phone,Transaccional,Transaccional,313.0,,True,False,Neutral,-0.01,colombian,colombian,False,"PRD-Z11V8HEUXB57,PRD-5QZAGUAKCMU4",False,True
INT-TO93EIYY9EW9RRBG,2026-04-13 09:53:18,2026-04-13,CLI-6XQ72YGOK692,AGT-M8CHINA9AC,Chat,WhatsApp,Transaccional,Transaccional,,,True,False,Neutral,0.16,,,False,,True,False
INT-DGQ7I0V2OUQZ8DFR,2026-04-14 00:10:43,2026-04-13,CLI-74P3WZADMWPH,AGT-B0WCQUOFHF,Inbound Call,Phone,Producto,Producto,290.0,98.0,True,False,Negativo,-0.45,mexican,mexican,False,,False,True
INT-JEEVWUEDUD7AB4JN,2026-04-13 09:46:51,2026-04-13,CLI-I5J1ZN9ZQ474,AGT-U0ICPNUDA8,Inbound Call,Phone,Producto,Producto,285.0,191.0,True,False,Neutral,0.24,argentine,argentine,False,"PRD-VDNRRK03I0J6,PRD-PR9LW9SA318Q,PRD-LB6NZT8AHFEG",False,True
INT-EBLU2X7P7ZS8PW0J,2026-04-14 05:28:35,2026-04-13,CLI-JEXIL8F1OW4V,AGT-VA28738OUD,Inbound Call,Phone,Transaccional,Transaccional,152.0,98.0,True,True,Neutral,-0.11,mexican,mexican,False,,True,True
INT-R0LKKEATLZ7JHE18,2026-04-13 13:45:33,2026-04-13,CLI-AOH39LQ7CVKO,AGT-CQBSB9AUGV,Chat,Web Chat,Técnico,Técnico,,,False,True,Positivo,0.55,colombian,colombian,False,"PRD-TEZ5UGZMLPOI,PRD-YD5O4776O6BG",False,False
INT-LPF88GNIXYGV8I3G,2026-04-13 15:36:06,2026-04-13,CLI-5MA3ZU01R0W5,AGT-8UCMD0TC8H,Inbound Call,Phone,Queja,Queja,511.0,118.0,True,True,Neutral,0.1,mexican,mexican,False,"PRD-WVGSRPEA5T0N,PRD-YL0DULVXIPDL",False,True
INT-4HDP4YHKNBUMJ9RB,2026-04-13 21:19:21,2026-04-13,CLI-14ZDGNJI8VRF,AGT-RL5EQ6KNBS,Inbound Call,Phone,Técnico,Técnico,486.0,60.0,True,False,Negativo,-0.58,mexican,colombian,False,,False,True
INT-X2YZRYBEGKY3PS5T,2026-04-13 11:41:09,2026-04-13,CLI-YS9LJ7B4XFLK,AGT-C6RUPPZPMR,Inbound Call,Phone,Transaccional,Transaccional,192.0,125.0,True,False,Neutral,0.02,mexican,mexican,False,,False,True
INT-WVP04F47TARVFBK9,2026-04-14 05:52:24,2026-04-13,CLI-IUFGN2CXZBDJ,AGT-Q4ZVLPZQ5R,Outbound Call,Phone,Queja,Queja,622.0,,False,True,Positivo,0.65,colombian,colombian,True,PRD-NFY6F7T6WT46,False,True
INT-22K7YKEGMK8M3775,2026-04-14 06:09:42,2026-04-13,CLI-0YZZGPL76IXP,AGT-GV8AQYD95Q,Inbound Call,Phone,Transaccional,Transaccional,296.0,50.0,True,False,Neutral,-0.18,,,False,,False,True
INT-M1HWAK9B72F1SXO4,2026-04-13 09:49:05,2026-04-13,CLI-V25V9DY7NEF7,AGT-57TC8S3DE3,Inbound Call,Phone,Producto,Producto,285.0,143.0,True,False,Neutral,0.1,,,True,"PRD-SEHRFZT2HDN5,PRD-XVOPLDCZWHL9",True,True
INT-Z5BYPOOMH9N61IHQ,2026-04-13 18:32:53,2026-04-13,CLI-R3472WCTT7HV,AGT-020055Q6ET,Inbound Call,Phone,Queja,Queja,522.0,59.0,False,True,Positivo,0.35,argentine,argentine,False,,False,True
INT-4IKD33BTZVGWV16Z,2026-04-14 02:35:01,2026-04-13,CLI-E1A9YZPMM8RC,AGT-QQATMOYOS3,Inbound Call,Phone,Queja,Queja,588.0,108.0,False,True,Neutral,-0.14,,,False,"PRD-SEF42NUYTVM2,PRD-WFJE6R5NBHND",False,True
INT-608VW29HTWIXYDER,2026-04-13 10:27:21,2026-04-13,CLI-KKA8TMFKK5MB,AGT-L84W3K4FHJ,Outbound Call,Phone,Transaccional,Transaccional,297.0,,True,False,Neutral,-0.17,,,False,,False,True
INT-R5X9J3SVNBCBSSMN,2026-04-13 22:23:29,2026-04-13,CLI-2M2YJ69RGOOJ,AGT-5QGYHBW01W,Inbound Call,Phone,Producto,Producto,374.0,146.0,True,False,Neutral,-0.28,colombian,argentine,False,"PRD-48EST9B2JIPP,PRD-RAK1XT51U3KS,PRD-W4HPQNW827X5",True,True
INT-7EE5OSZYNII6ARSP,2026-04-14 03:20:40,2026-04-13,CLI-487MJN7S2XL3,AGT-CYN53965R2,Inbound Call,Phone,Transaccional,Transaccional,441.0,127.0,True,True,Neutral,0.01,,,False,,False,True
INT-JWBXLGLBHKMC0N8T,2026-04-13 11:45:59,2026-04-13,CLI-MOT2RKMKWRUP,AGT-H4WPLB7OBS,Inbound Call,Phone,Queja,Queja,299.0,71.0,True,False,Neutral,-0.05,argentine,argentine,False,,False,True
INT-9495UNST7NOJC61N,2026-04-13 17:47:07,2026-04-13,CLI-YGN6DGTWZNQK,AGT-PIKPFEQPIH,Inbound Call,Phone,Retención,Retención,884.0,74.0,False,True,Negativo,-0.4,,,False,"PRD-JVYI9TKGCUXR,PRD-8X3MXXV8KU8U,PRD-KSS8QSE5ATTZ",True,True
INT-6KCKZB646SQ9EFGB,2026-04-13 20:15:13,2026-04-13,CLI-IJ8FR7AT11UU,AGT-0BNYKOVLMJ,Inbound Call,Phone,Producto,Producto,207.0,41.0,True,True,Muy Negativo,-0.89,mexican,mexican,False,"PRD-OETT6OURX3B0,PRD-8QL3IZ0NAU0D,PRD-6XUD3HHS7IUO",False,True
INT-A99K07CPTS2APQDN,2026-04-14 02:24:26,2026-04-13,CLI-3VNRVHV1SEQ4,AGT-YMCBMMLJCD,Inbound Call,Phone,Técnico,Técnico,311.0,17.0,True,True,Positivo,0.61,argentine,argentine,False,,True,True
INT-SMBESE7EJY5Z3LUU,2026-04-13 16:54:13,2026-04-13,CLI-RR2HEIZ9BXHA,AGT-MJV5NGFRQL,Outbound Call,Phone,Transaccional,Transaccional,142.0,,True,False,Neutral,-0.25,colombian,colombian,False,PRD-P59E8FPCM82Q,False,True
INT-SOPXATGPSD10L3K3,2026-04-13 18:13:04,2026-04-13,CLI-Q3VDX0AOZL42,AGT-TE0VSZWQTW,Video,Web,Técnico,Técnico,634.0,,True,False,Neutral,-0.06,mexican,mexican,False,,False,True
INT-CJM5U6T0W8FF4Z49,2026-04-14 03:26:00,2026-04-13,CLI-HA2VS9ZSHZMT,AGT-PTWKYK487N,Chat,Web Chat,Transaccional,Transaccional,,,True,False,Neutral,0.25,mexican,mexican,False,,False,False
INT-TPFY7KS3KWNQRDBS,2026-04-13 22:26:47,2026-04-13,CLI-QKD6N227ONNN,AGT-SRVYKVRU3O,Inbound Call,Phone,Transaccional,Transaccional,184.0,109.0,True,False,Neutral,0.07,mexican,mexican,False,,False,True
INT-NMX9VL9TUDPRRQID,2026-04-13 18:14:08,2026-04-13,CLI-S56Q668HXLKR,AGT-G0XY2K72PJ,Inbound Call,Phone,Técnico,Técnico,148.0,106.0,False,True,Negativo,-0.6,mexican,mexican,False,,True,True
INT-RK3BSN3NRU8K8QP9,2026-04-13 15:00:47,2026-04-13,CLI-NQK4YGIUB3B0,AGT-POXBE49GFN,Inbound Call,Phone,Queja,Queja,564.0,58.0,False,True,Negativo,-0.65,mexican,colombian,True,,False,True
INT-21ICMWAE63G9B09G,2026-04-14 04:58:22,2026-04-13,CLI-WJ2BH5K4I52A,AGT-4NKRIH3LRB,Inbound Call,Phone,Técnico,Técnico,394.0,51.0,True,False,Neutral,-0.03,,,False,,True,True
INT-WC26P5B4MQ8RCO9L,2026-04-14 03:24:23,2026-04-13,CLI-O23DAH9IKN8S,AGT-1ZSO508WOH,Inbound Call,Phone,Técnico,Técnico,552.0,126.0,False,True,Neutral,-0.01,mexican,mexican,False,,False,True
INT-G91448NYPTLCMFZN,2026-04-14 02:38:07,2026-04-13,CLI-AXILTO8QBQGR,AGT-4BISGJA4OM,Inbound Call,Phone,Transaccional,Transaccional,556.0,199.0,True,True,Neutral,-0.13,mexican,mexican,False,PRD-43M4NV5YATVL,False,True
INT-MZXXROK2KL6BSMH5,2026-04-14 01:48:59,2026-04-13,CLI-I96GS68QIH4Z,AGT-UF8UI4UA1B,Inbound Call,Phone,Transaccional,Transaccional,134.0,135.0,True,False,Neutral,-0.15,mexican,mexican,False,,True,True
INT-2UDNZ7K42CI4FJGT,2026-04-14 02:35:55,2026-04-13,CLI-XQSE5OOIH8C4,AGT-XUBJTI8AW5,Email,Email,Transaccional,Transaccional,,,True,False,Neutral,0.29,colombian,colombian,False,,False,False
INT-43HL8TH5MV1AA1ZI,2026-04-13 15:45:27,2026-04-13,CLI-H9WAENDDGIZT,AGT-BEKYT6UXHH,Inbound Call,Phone,Producto,Producto,292.0,170.0,True,False,Neutral,-0.21,,,False,,False,True
INT-FDNMBIIX8H8SMUHC,2026-04-14 01:00:34,2026-04-13,CLI-VLBQ67WEKOKJ,AGT-HLGND96O59,Inbound Call,Phone,Producto,Producto,230.0,62.0,True,False,Neutral,-0.07,,,False,PRD-3HO7V8OXYHOX,False,True
INT-IOW7VANFP5WXGJJV,2026-04-13 21:10:36,2026-04-13,CLI-HIQGA0E8W99Y,AGT-FKCTSOFRV8,Inbound Call,Phone,Transaccional,Transaccional,225.0,45.0,True,False,Neutral,0.17,,,False,,False,True
INT-NIUYMC2ZHC1SF804,2026-04-13 10:02:33,2026-04-13,CLI-Y09XD3Q54TNR,AGT-EUE2HDH3QQ,Inbound Call,Phone,Producto,Producto,282.0,207.0,False,True,Neutral,-0.23,mexican,argentine,False,"PRD-82NII38P96ZV,PRD-530CRXYL4BQ6,PRD-MEQBDG701P9A",False,True
INT-RA8B9K266OUVZ3ZX,2026-04-13 23:45:49,2026-04-13,CLI-0CX063C6OFTH,AGT-BAQUFS4AR7,Inbound Call,Phone,Transaccional,Transaccional,448.0,154.0,False,True,Neutral,0.22,colombian,mexican,False,"PRD-CXBXNIGLI0N4,PRD-039P8ZQYITFW",True,True
INT-79VQSP25KC8KJDD2,2026-04-13 16:00:22,2026-04-13,CLI-4JY63BOVSW5Z,AGT-CWR8ILK22F,Chat,WhatsApp,Transaccional,Transaccional,,,True,False,Neutral,-0.27,colombian,colombian,False,"PRD-SS5T0WVI3U77,PRD-VRWAQDDPWRSZ",False,False
INT-IMJLTMZZ7E19Y30O,2026-04-13 16:10:10,2026-04-13,CLI-KY2EVFOILMDL,AGT-155PP3L6XE,Inbound Call,Phone,Transaccional,Transaccional,167.0,107.0,True,False,Neutral,-0.16,,,False,"PRD-83RE4RQHM9CB,PRD-PH7YL5R4GFM2",True,True
INT-82KQCU6LYMODKVRH,2026-04-13 15:12:49,2026-04-13,CLI-B3XPJI0W9ONT,AGT-09L5Z8WQAS,Inbound Call,Phone,Transaccional,Transaccional,216.0,82.0,False,True,Neutral,0.17,mexican,mexican,False,,False,True
INT-ZOWWRIGM2XO6ZLUS,2026-04-13 09:11:54,2026-04-13,CLI-FZRHCBY4G1JE,AGT-OJ9N4FGYV9,Inbound Call,Phone,Transaccional,Transaccional,262.0,61.0,False,True,Neutral,-0.25,,,False,,False,True
INT-3CGNLGEBH5VAVCQY,2026-04-14 07:49:50,2026-04-13,CLI-FCM63F3WOJAB,AGT-VFOW1SAD5J,Inbound Call,Phone,Transaccional,Transaccional,421.0,158.0,False,True,Neutral,-0.17,mexican,mexican,False,,False,True
INT-XE4L579FO9KMGAEP,2026-04-13 20:21:42,2026-04-13,CLI-C96YUN1M95TA,AGT-DOUMKDE5OH,Inbound Call,Phone,Transaccional,Transaccional,436.0,145.0,True,True,Neutral,-0.17,argentine,argentine,False,PRD-3LKU2JW8GO2A,False,True
INT-0N8N5P88FAK5RS3P,2026-04-13 12:43:45,2026-04-13,CLI-U7ZK3XGZI55X,AGT-DF77TQ66S1,Outbound Call,Phone,Transaccional,Transaccional,219.0,,True,False,Neutral,-0.21,colombian,colombian,False,,False,True
INT-0BCBF2G04QAF7Y35,2026-04-13 18:08:51,2026-04-13,CLI-3K0IBDXIKG9K,AGT-YHIM4ZODIK,Outbound Call,Phone,Transaccional,Transaccional,163.0,,True,True,Neutral,0.22,colombian,colombian,False,,False,True
INT-YXZSF25R8DA0V1A1,2026-04-13 16:07:42,2026-04-13,CLI-RI23DPUC9J38,AGT-4YRVLDYBJS,Outbound Call,Phone,Transaccional,Transaccional,340.0,,True,True,Neutral,0.11,mexican,colombian,False,"PRD-B3CI5720EPEH,PRD-9TAS8LTNN9RY",False,True
INT-LEXQLZ7GHM31ETQO,2026-04-13 22:02:33,2026-04-13,CLI-BRH4TEX4L2VP,AGT-GV8AQYD95Q,Inbound Call,Phone,Producto,Producto,184.0,80.0,True,False,Positivo,0.44,mexican,mexican,False,"PRD-54BZJ2K27KRU,PRD-TJE1LA54CYQE,PRD-GGUONCHP9S1F",True,True
INT-XC11KENB02WHXI16,2026-04-13 14:33:44,2026-04-13,CLI-RPPAX0LRZWRK,AGT-AX80P6GQZV,Outbound Call,Phone,Producto,Producto,176.0,,False,True,Neutral,0.03,mexican,mexican,False,,False,True
INT-J7P8X5FGNSMYWOU5,2026-04-13 13:56:02,2026-04-13,CLI-LV0V4DW2DGO8,AGT-KCVV5R760L,Video,Web,Transaccional,Transaccional,491.0,,True,False,Neutral,-0.15,argentine,argentine,False,PRD-8IPSSX7S3IQW,True,True
INT-AL0ZNZD9JZFDTPJ9,2026-04-13 18:35:41,2026-04-13,CLI-LQZEJ3HT570C,AGT-FA8XFVJ1ZU,Inbound Call,Phone,Transaccional,Transaccional,243.0,45.0,False,True,Neutral,-0.1,,,False,,True,True
INT-O9NYMRKQON2F82IW,2026-04-13 20:01:52,2026-04-13,CLI-PV9YFMERULS5,AGT-8VKK9PHQ52,Outbound Call,Phone,Técnico,Técnico,123.0,,False,True,Muy Negativo,-0.81,,,False,,False,True
INT-7MZ36H7V6GH9DBU5,2026-04-13 08:54:28,2026-04-13,CLI-6RWXBW1BJLH2,AGT-PDS7BE8A8L,Inbound Call,Phone,Comercial,Comercial,644.0,124.0,True,False,Positivo,0.44,colombian,colombian,False,"PRD-EWJ986V37A1X,PRD-6IGTKYXEVZDL",False,True
INT-GXLI4E4U4ZCTMTZL,2026-04-13 12:53:12,2026-04-13,CLI-REW6WETA46JD,AGT-K4F3KPECPA,Inbound Call,Phone,Transaccional,Transaccional,224.0,157.0,True,False,Neutral,-0.28,mexican,mexican,False,,False,True
INT-ZFJILHMSPCAWWJWZ,2026-04-13 20:01:14,2026-04-13,CLI-G6W9AM27Y1ZS,AGT-6NAZTH7M7Q,Outbound Call,Phone,Producto,Producto,252.0,,True,True,Neutral,0.09,,,False,,False,True
INT-4XH7HWX6ZT3YP8MZ,2026-04-13 21:34:54,2026-04-13,CLI-4KJGW51FO4H7,AGT-X49CRHRG9G,Inbound Call,Phone,Transaccional,Transaccional,436.0,187.0,True,True,Neutral,0.11,mexican,mexican,False,"PRD-O893BWW42FK5,PRD-DK9WZS52LSI0,PRD-65AQALY60832",True,True
INT-LT6RNV767BRCGVEL,2026-04-13 22:36:32,2026-04-13,CLI-34TH1LP59ZDN,AGT-592VGF7W61,Inbound Call,Phone,Transaccional,Transaccional,204.0,157.0,True,False,Neutral,0.27,mexican,mexican,False,"PRD-088M20RC7P74,PRD-QHJPQ59I4C0F",False,True
INT-C0VIJS5YLEUT2NHV,2026-04-13 08:17:19,2026-04-13,CLI-ARVY17ZXNEZO,AGT-ABM94FMVNF,Inbound Call,Phone,Producto,Producto,334.0,107.0,True,False,Neutral,0.12,,,False,,False,True
INT-RE9XI6YQJM0TEO3C,2026-04-14 04:11:12,2026-04-13,CLI-SCTYM7I4WFLQ,AGT-IZHTXLTYWZ,Inbound Call,Phone,Queja,Queja,376.0,65.0,False,True,Positivo,0.31,argentine,colombian,False,,False,True
INT-BCICXRW4GQCHBME4,2026-04-14 07:33:25,2026-04-13,CLI-KV4SB1TX5IK0,AGT-2F6DCW7N6Q,Outbound Call,Phone,Producto,Producto,226.0,,True,True,Neutral,-0.26,colombian,colombian,False,,False,True
INT-BWGKYVYZA1G0EX3X,2026-04-13 13:04:53,2026-04-13,CLI-HQ03U579Z6WG,AGT-QFLBYTE30X,Inbound Call,Phone,Producto,Producto,369.0,71.0,True,False,Neutral,0.25,mexican,mexican,False,,False,True
INT-JXBXJYNBV5H7ZIG2,2026-04-14 05:49:17,2026-04-13,CLI-PUEH0AKA0UKL,AGT-VTQJ9SJZEV,Inbound Call,Phone,Queja,Queja,351.0,177.0,False,True,Negativo,-0.53,mexican,mexican,False,,True,True
INT-EJ55QZDZMGF9JUHU,2026-04-13 11:55:44,2026-04-13,CLI-U7H3L33O4X3I,AGT-57JWQAKI57,Inbound Call,Phone,Transaccional,Transaccional,208.0,83.0,True,False,Neutral,0.2,colombian,colombian,False,,False,True
INT-OUTF7H2FSB4T3KWH,2026-04-13 11:57:01,2026-04-13,CLI-43T5QOEJ0NZU,AGT-FL833OQDNH,Inbound Call,Phone,Producto,Producto,307.0,17.0,False,True,Positivo,0.59,argentine,argentine,False,,True,True
INT-A0B2K6TXPR3DGBWA,2026-04-14 02:33:54,2026-04-13,CLI-AT9LVMINOA3W,AGT-S2ST06ZN2V,Outbound Call,Phone,Técnico,Técnico,247.0,,True,False,Neutral,-0.19,mexican,mexican,True,,False,True
INT-MSMEYIU70UJ9A9VG,2026-04-14 07:16:51,2026-04-13,CLI-NF2KNB4Y1SMF,AGT-8NM2UHJMKP,Inbound Call,Phone,Transaccional,Transaccional,147.0,112.0,True,False,Neutral,-0.28,argentine,argentine,False,,False,True
INT-3425CRE3F0GLJAHV,2026-04-13 09:24:44,2026-04-13,CLI-BMICK9A23W24,AGT-MG70CMDJPJ,Inbound Call,Phone,Transaccional,Transaccional,131.0,97.0,True,False,Neutral,-0.24,,,False,,False,True
INT-GCZUIP9N5CQ0SO0P,2026-04-14 04:24:41,2026-04-13,CLI-91VANKHI2U2E,AGT-N766EWP73G,Chat,WhatsApp,Transaccional,Transaccional,,,True,False,Neutral,-0.28,argentine,argentine,False,,True,False
INT-6OYHC651GRCONAVM,2026-04-13 12:21:29,2026-04-13,CLI-66AQ5SLDTD93,AGT-DFZZM87N1N,Inbound Call,Phone,Transaccional,Transaccional,220.0,90.0,True,True,Neutral,0.28,,,False,,True,True
INT-B5HW4CUJF2PV2SXS,2026-04-13 14:17:05,2026-04-13,CLI-00K5DRIG1GZT,AGT-R3A802XCY2,Chat,App,Transaccional,Transaccional,,,True,False,Neutral,-0.05,colombian,colombian,False,,False,False
INT-XS179R6BGHLKB9NQ,2026-04-13 15:20:57,2026-04-13,CLI-ZIRCAW09B4E8,AGT-3BSCOF9JIO,Email,Email,Transaccional,Transaccional,,,True,False,Neutral,-0.08,,,False,,True,False
INT-BJGRFDFIOIWW1KGH,2026-04-13 17:34:53,2026-04-13,CLI-EP08XZ62WRJ1,AGT-JPATDOZLSQ,Email,Email,Queja,Queja,,,True,False,Negativo,-0.53,colombian,colombian,False,PRD-TXB4Z6MHK24D,False,False
INT-WW5SZTFDGM9ILL3P,2026-04-14 02:02:45,2026-04-13,CLI-CZ4S3XRCUT2N,AGT-P71DS5U8E5,Inbound Call,Phone,Técnico,Técnico,349.0,185.0,False,True,Neutral,0.04,argentine,argentine,True,"PRD-8MBA76519O6K,PRD-DDRXODQTZORJ,PRD-8NKHV6FF7TPY",False,True
INT-F0JUMRPGTA365LT3,2026-04-13 18:49:59,2026-04-13,CLI-TTDKQUHPU3AR,AGT-IN5R647MZH,Inbound Call,Phone,Queja,Queja,469.0,172.0,False,True,Neutral,0.04,colombian,argentine,False,,False,True
INT-RHBAXLXVN0AQU2CN,2026-04-14 03:06:59,2026-04-13,CLI-4O2C52CIRMXF,AGT-WRFG8F6YNC,Inbound Call,Phone,Queja,Queja,621.0,140.0,False,True,Negativo,-0.59,mexican,mexican,False,,False,True
INT-49VCEXVZ6D3G7WR9,2026-04-13 20:38:40,2026-04-13,CLI-N5GV3A6A58FW,AGT-HHL6C35P9E,Inbound Call,Phone,Queja,Queja,578.0,30.0,False,True,Neutral,0.08,mexican,mexican,False,,False,True
INT-R8JXWKX4BKM9UMLO,2026-04-13 11:18:18,2026-04-13,CLI-DR7BKB66YKYJ,AGT-V5AF0SJLCN,Inbound Call,Phone,Transaccional,Transaccional,179.0,196.0,True,False,Neutral,-0.19,,,False,"PRD-TOQXUZTGSCOF,PRD-OPUCABS2TSBL",False,True
INT-ATRM74GFTX4XAC96,2026-04-13 13:17:46,2026-04-13,CLI-T345ISH7D9DA,AGT-VH1MSPB0E8,Inbound Call,Phone,Producto,Producto,243.0,93.0,True,False,Neutral,0.1,mexican,mexican,True,,False,True
INT-2ZV3LN1PI8TWN7I1,2026-04-14 01:10:49,2026-04-13,CLI-UDU2S141CZXU,AGT-A5DDBTLNU6,Inbound Call,Phone,Producto,Producto,293.0,148.0,True,True,Positivo,0.41,,,False,PRD-UWP697YUWWHB,False,True
INT-M1DTRKE1V9255N51,2026-04-13 12:13:52,2026-04-13,CLI-0B1OZVORXQQU,AGT-9ES2CNB4EJ,Outbound Call,Phone,Queja,Queja,415.0,,True,False,Positivo,0.46,mexican,mexican,False,,False,True
INT-HQR6PLH6ZJEHC7IQ,2026-04-13 11:43:36,2026-04-13,CLI-ROPR8GXNFBWB,AGT-3J626YP5SB,Inbound Call,Phone,Comercial,Comercial,235.0,60.0,True,False,Muy Negativo,-0.94,mexican,mexican,True,,False,True
INT-N98S1GRFS5HLKONY,2026-04-14 06:14:40,2026-04-13,CLI-SY2T3OI5FIBX,AGT-3XH8D0QLBH,Inbound Call,Phone,Producto,Producto,213.0,214.0,True,False,Muy Positivo,0.76,mexican,mexican,False,PRD-VUKPNZWU61H0,False,True
INT-06W2ANKG5NT9YBJ2,2026-04-13 15:51:36,2026-04-13,CLI-BLD7C74BL39P,AGT-0QJX3LETUS,Inbound Call,Phone,Queja,Queja,456.0,222.0,False,True,Muy Negativo,-0.9,mexican,mexican,False,"PRD-TU5Z83FRGMV8,PRD-V2U1RXHE9K4C,PRD-NZGDOQI37VPB",False,True
INT-K5YTD9W2EUK34H07,2026-04-13 20:50:56,2026-04-13,CLI-SB1ILMX9LKYF,AGT-3EYJYCLMVE,Inbound Call,Phone,Comercial,Comercial,558.0,161.0,True,True,Neutral,-0.26,mexican,colombian,False,PRD-9P6GQI2EZUPL,False,True
INT-QZ0HL8Q7NIOWODZY,2026-04-13 08:02:58,2026-04-13,CLI-6OXKUJW0S78G,AGT-F8WMTYQSZS,Outbound Call,Phone,Queja,Queja,471.0,,False,True,Negativo,-0.54,mexican,argentine,False,,True,True
INT-GLA29011WK4FUW2I,2026-04-13 09:47:39,2026-04-13,CLI-LQ7WXSUVZH4K,AGT-TSMQUDNLVQ,Chat,Web Chat,Transaccional,Transaccional,,,False,True,Neutral,0.11,argentine,colombian,False,,False,False
INT-IHB6PE11ZHXXADHB,2026-04-13 19:42:15,2026-04-13,CLI-3IBS6X23ADW7,AGT-U2B4DX2JUH,Inbound Call,Phone,Técnico,Técnico,268.0,18.0,False,True,Neutral,0.28,argentine,colombian,False,,False,True
INT-K0APJJ26D6PFRZ3Z,2026-04-13 10:20:22,2026-04-13,CLI-AS1SVUBMW9FN,AGT-ZVUQVJGIOG,Inbound Call,Phone,Queja,Queja,578.0,143.0,False,True,Negativo,-0.51,mexican,mexican,False,,True,True
INT-L8HGOK88TB5S02YW,2026-04-14 02:32:17,2026-04-13,CLI-VFVTNSL2394G,AGT-9C6BRHB25D,Inbound Call,Phone,Técnico,Técnico,259.0,166.0,True,False,Muy Negativo,-0.92,,,False,PRD-SC6K6B8PQ2ER,True,True
INT-5PI71XWG2HCCT3LX,2026-04-13 10:01:41,2026-04-13,CLI-STYO6ZQ1JY0M,AGT-HWATBOOPXF,Inbound Call,Phone,Transaccional,Transaccional,567.0,121.0,True,True,Neutral,0.18,argentine,argentine,False,,False,True
INT-QW0JRNCBUC8MZXSK,2026-04-14 05:08:29,2026-04-13,CLI-HSEQ03U50M40,AGT-904VY7KN6S,Inbound Call,Phone,Transaccional,Transaccional,588.0,47.0,True,False,Neutral,0.26,,,False,,False,True
INT-ZNTQLDZLVGL59GYY,2026-04-14 02:30:24,2026-04-13,CLI-4TEXL87J96V2,AGT-4FZILKK4KX,Inbound Call,Phone,Producto,Producto,188.0,151.0,True,False,Neutral,-0.05,mexican,mexican,False,PRD-MWB3XI5M095P,False,True
INT-1O7XHLBIMJ1XH2ZE,2026-04-13 21:45:02,2026-04-13,CLI-V73NZ8V8HGOH,AGT-AN9S4PD9YK,Email,Email,Producto,Producto,,,True,False,Negativo,-0.51,mexican,mexican,False,"PRD-40ZMSVX7SV66,PRD-UF6M1L2M5CEJ,PRD-AXVX7YQ25O0F",False,False
INT-NGXTHCMYZWD2HQ0Z,2026-04-14 02:21:46,2026-04-13,CLI-Q5PZTPA38492,AGT-5YUGOKFA7V,Inbound Call,Phone,Transaccional,Transaccional,255.0,138.0,True,False,Neutral,-0.28,colombian,colombian,True,,False,True
INT-RJTP591MIKYANEZU,2026-04-13 11:04:26,2026-04-13,CLI-GTBGTPBQXU9O,AGT-V4FGNHLRXQ,Inbound Call,Phone,Transaccional,Transaccional,117.0,108.0,True,True,Neutral,-0.21,colombian,colombian,False,,False,True
INT-5WP8A7RCHFX55J1G,2026-04-14 01:15:55,2026-04-13,CLI-2JMX0BA1KPIH,AGT-DD88NRIADN,Inbound Call,Phone,Comercial,Comercial,390.0,229.0,True,False,Negativo,-0.38,,,False,,True,True
INT-WJPL5Y41ZNCCGONX,2026-04-14 04:43:47,2026-04-13,CLI-8NPFM4YKXA7L,AGT-6KXS33Z4GI,Inbound Call,Phone,Técnico,Técnico,356.0,60.0,False,True,Neutral,0.3,colombian,colombian,False,"PRD-6CUSJCNTSXT0,PRD-B9NY7ED1ZQ0H,PRD-HH7RIIQYNO0Z",True,True
INT-DVO8CA48WLJHFA6R,2026-04-13 11:08:00,2026-04-13,CLI-QSL6XL2GODKR,AGT-B4BYFBWKP0,Outbound Call,Phone,Transaccional,Transaccional,191.0,,True,False,Neutral,0.07,mexican,mexican,False,PRD-JAR54G87RME1,False,True
INT-09Y2OFSQ2CEONEN1,2026-04-13 17:54:42,2026-04-13,CLI-I20RUQAK2OX5,AGT-MZOYQF5IHG,Inbound Call,Phone,Queja,Queja,518.0,84.0,True,False,Neutral,0.1,colombian,colombian,False,"PRD-7GY21FS9P4OE,PRD-2ZATDRHFVNBU,PRD-A1V06Y1OX7QC",False,True
INT-7XJMPCC52F81BJ1P,2026-04-13 18:36:29,2026-04-13,CLI-VX4KYD88Q1GJ,AGT-1PCJWOWJBX,Outbound Call,Phone,Transaccional,Transaccional,174.0,,True,False,Neutral,-0.12,mexican,mexican,False,"PRD-0R5LD5Y4T1DY,PRD-U6T7CRGAGN67,PRD-HUPIKDS1LI3K",False,True
INT-W1OD1572UUU0C569,2026-04-13 10:52:57,2026-04-13,CLI-PKNMSYGOVS9Z,AGT-020055Q6ET,Chat,App,Transaccional,Transaccional,,,True,True,Neutral,-0.17,mexican,mexican,False,,False,False
INT-7JDTEHJSPYKFTDQ5,2026-04-13 12:55:25,2026-04-13,CLI-0ROBSGZTSNU3,AGT-X49CRHRG9G,Chat,Web Chat,Comercial,Comercial,,,True,False,Neutral,-0.0,,,False,,False,False
INT-LA1PC507Y8S35565,2026-04-13 19:33:45,2026-04-13,CLI-58G6TUWWKNPF,AGT-BTCYXRD64J,Inbound Call,Phone,Retención,Retención,379.0,37.0,True,False,Positivo,0.65,mexican,mexican,False,,False,True
INT-7MM2LVGVMQUXNCME,2026-04-13 09:53:39,2026-04-13,CLI-HAGRGXL671CR,AGT-GEHE8V9YO8,Inbound Call,Phone,Comercial,Comercial,508.0,105.0,True,False,Neutral,0.12,mexican,mexican,False,,False,True
INT-V6M330YO04M56VUF,2026-04-13 17:03:20,2026-04-13,CLI-4N5SIGQQ5GLZ,AGT-BBKR0X1EN5,Inbound Call,Phone,Queja,Queja,550.0,124.0,False,True,Positivo,0.7,argentine,argentine,False,,True,True
INT-92OW72A9CQC5R439,2026-04-13 11:56:02,2026-04-13,CLI-HN014ZLL60OY,AGT-POXBE49GFN,Inbound Call,Phone,Queja,Queja,320.0,117.0,False,True,Neutral,0.04,mexican,mexican,False,,False,True
INT-IU451J3RCQL16KFZ,2026-04-13 12:24:26,2026-04-13,CLI-KXFZ1OA4NC75,AGT-B69BF4590M,Inbound Call,Phone,Producto,Producto,290.0,164.0,True,True,Neutral,0.23,mexican,mexican,True,,False,True
INT-OLVO5BUG80GPLTAM,2026-04-13 10:49:51,2026-04-13,CLI-OGXFEP8SABIM,AGT-QBRHZZCSAA,Outbound Call,Phone,Queja,Queja,424.0,,True,False,Positivo,0.48,mexican,mexican,False,PRD-J2PN0YMEVRNO,False,True
INT-8H14ONYO0JSD8D2B,2026-04-13 11:38:16,2026-04-13,CLI-0LAFQT0C7VYS,AGT-UKNCM0RXY5,Inbound Call,Phone,Transaccional,Transaccional,113.0,83.0,True,False,Neutral,0.21,colombian,colombian,False,PRD-RE1IEZY26NI2,False,True
INT-4GX3EKN5NMK6HKHF,2026-04-14 05:15:29,2026-04-13,CLI-9XS6RDRBXWA0,AGT-1MJ1VGXYXN,Inbound Call,Phone,Producto,Producto,392.0,198.0,False,True,Neutral,-0.09,mexican,mexican,False,,False,True
INT-KRRTYGG34C9QS1AR,2026-04-13 21:03:00,2026-04-13,CLI-VYK02ELAD34P,AGT-WX8WOK9XOA,Inbound Call,Phone,Transaccional,Transaccional,232.0,144.0,True,False,Neutral,0.01,colombian,colombian,False,"PRD-7BWUNO0NJP0R,PRD-VGHIO2WEY7L3,PRD-1BJJIUTEINFD",False,True
INT-799JDK2SHNKR1YNF,2026-04-13 21:52:18,2026-04-13,CLI-V9K5JYW12R53,AGT-WBG60TGKFE,Inbound Call,Phone,Transaccional,Transaccional,353.0,98.0,True,False,Neutral,-0.11,,,False,,False,True
INT-NO8VM5KTIB5V6LY3,2026-04-13 09:59:03,2026-04-13,CLI-3ROBR1R4289T,AGT-9E9QSMOQK5,Inbound Call,Phone,Queja,Queja,67.0,142.0,True,True,Positivo,0.4,,,False,"PRD-RO5MY4TVVW0X,PRD-ZRH6UJSLOVGD",False,True
INT-0U0TXR8O52H3AN26,2026-04-13 12:10:10,2026-04-13,CLI-900D065CLNJZ,AGT-F19RDFACNQ,Email,Email,Transaccional,Transaccional,,,True,False,Neutral,0.04,,,False,"PRD-EGO6VSX8Q1IB,PRD-FKI41ATWCJQM,PRD-MQ1CY9JU9XUS",False,False
INT-VQ1YMTUAGOKXYYCY,2026-04-13 23:16:17,2026-04-13,CLI-0JHWQ7NMS0Z7,AGT-JI2PI1E2KY,Inbound Call,Phone,Producto,Producto,254.0,126.0,True,False,Neutral,-0.06,argentine,argentine,False,"PRD-HMCOEO5VNAQ4,PRD-JKIWCQ80KJT2,PRD-NALZ1NKTMIR3",True,True
INT-6O26UO4UFLBMWRQJ,2026-04-14 01:36:08,2026-04-13,CLI-LKV8RMODZBKY,AGT-E46F2FQTOO,Inbound Call,Phone,Queja,Queja,590.0,202.0,True,False,Muy Positivo,0.84,argentine,argentine,False,PRD-ZVYG33HL11OJ,False,True
INT-VOSYRI5GO2GKOSOQ,2026-04-13 13:54:16,2026-04-13,CLI-ARZ90XZYGBVS,AGT-0QS3PWRJNI,Inbound Call,Phone,Transaccional,Transaccional,176.0,117.0,True,True,Neutral,-0.24,,,False,,False,True
INT-V9TLVRD3DI8L5J7M,2026-04-13 17:24:53,2026-04-13,CLI-0WO7P9ZV2O16,AGT-95LE7E26SA,Chat,WhatsApp,Producto,Producto,,,True,False,Positivo,0.39,,,False,,True,False
INT-SEB99IK96MQSCPJ4,2026-04-13 09:54:47,2026-04-13,CLI-7UBUYZLWO5BL,AGT-2QA9OU6KPZ,Chat,App,Retención,Retención,,,False,True,Neutral,-0.08,mexican,mexican,False,,True,False
INT-P1HJ0YZZ28QBCO7Z,2026-04-13 10:23:57,2026-04-13,CLI-OEB9LQNB7O4V,AGT-Y0QWOVC870,Inbound Call,Phone,Retención,Retención,424.0,116.0,False,True,Positivo,0.45,,,False,"PRD-Z811YVDU0GSC,PRD-MSULJFH4BXQU",False,True
INT-QZS5UXW3AZRCBH7J,2026-04-13 23:16:35,2026-04-13,CLI-9B2ZFZRDJAJ7,AGT-BIJKQ265S8,Email,Email,Técnico,Técnico,,,True,False,Muy Negativo,-0.83,,,False,,True,False
INT-9PGZRHY0EMK2KZAK,2026-04-13 09:35:28,2026-04-13,CLI-HWXS4WNK7S80,AGT-E7F95ZYZZ5,Inbound Call,Phone,Transaccional,Transaccional,200.0,69.0,True,False,Neutral,0.3,,,False,"PRD-M0XAV5UMPZK9,PRD-L7RQM3D91ZOC",False,True
INT-CZYZ2FSZJISZH8RG,2026-04-13 19:23:23,2026-04-13,CLI-D0XZCJWT9BCM,AGT-TV0QBXSVT9,Outbound Call,Phone,Comercial,Comercial,568.0,,False,True,Positivo,0.5,argentine,argentine,False,,True,True
INT-DZRI1MSNOAB9F1O0,2026-04-13 16:34:18,2026-04-13,CLI-9SFPSCWIX7HC,AGT-J05KMZT48E,Chat,WhatsApp,Queja,Queja,,,False,True,Neutral,0.21,argentine,argentine,False,,True,False
INT-UKJ1W1FSNI0QOS05,2026-04-13 12:47:39,2026-04-13,CLI-X4UB0XGAHPHH,AGT-HVLXTQA5YL,Inbound Call,Phone,Técnico,Técnico,380.0,27.0,True,False,Muy Negativo,-0.72,argentine,argentine,False,,False,True
INT-FLFM9NT7DP44CFPM,2026-04-13 09:22:34,2026-04-13,CLI-Q8M5LEZYI5YS,AGT-60O1TBJA6T,Video,App,Transaccional,Transaccional,286.0,,False,True,Neutral,-0.09,colombian,colombian,False,"PRD-ZMA70QYN0XSS,PRD-61BMUB1H06NT",False,True
INT-REBVEW92M8WIL2QL,2026-04-13 09:52:36,2026-04-13,CLI-OY5KOX5IVW6S,AGT-ZLA03QJGS8,Chat,App,Transaccional,Transaccional,,,True,False,Neutral,-0.02,argentine,argentine,False,,True,False
INT-VYSP1Q206QKK668G,2026-04-13 22:13:33,2026-04-13,CLI-HE7CLBMPH61K,AGT-0QJX3LETUS,Outbound Call,Phone,Transaccional,Transaccional,147.0,,False,True,Neutral,0.25,mexican,mexican,False,,False,True
INT-JY487HU1Z1AKZ2TA,2026-04-13 20:22:03,2026-04-13,CLI-M4A7XEV8Q70F,AGT-Y8O10JEBE3,Inbound Call,Phone,Queja,Queja,383.0,99.0,True,False,Neutral,-0.0,mexican,mexican,False,,True,True
INT-2BWJ15YQ6XAWK14I,2026-04-13 21:24:19,2026-04-13,CLI-BORUP3FQ6UTV,AGT-4V9XEWH73V,Inbound Call,Phone,Queja,Queja,484.0,231.0,False,True,Muy Positivo,0.85,mexican,mexican,False,,False,True
INT-X25617CZHWWU10AC,2026-04-13 21:54:09,2026-04-13,CLI-JQ2RG9GLW14W,AGT-SRVYKVRU3O,Inbound Call,Phone,Transaccional,Transaccional,251.0,187.0,True,False,Neutral,0.18,colombian,colombian,False,"PRD-3LWMZTHPUOXJ,PRD-7CBQAYLU7211",False,True
INT-1L54MDS46EL6BJY7,2026-04-13 15:23:24,2026-04-13,CLI-TP872AJ2SQUD,AGT-6NK9TIEVN9,Inbound Call,Phone,Transaccional,Transaccional,175.0,117.0,False,True,Neutral,-0.07,mexican,mexican,False,,False,True
INT-0V86R9ZHONL1D0E3,2026-04-13 09:37:55,2026-04-13,CLI-NTY5VU6YQ85P,AGT-NBIE6M8191,Inbound Call,Phone,Técnico,Técnico,452.0,94.0,True,False,Muy Negativo,-0.77,mexican,mexican,False,PRD-526SXTBDOGFL,False,True
INT-TLGPZ8KECVC6JQ6V,2026-04-13 08:23:08,2026-04-13,CLI-WTS0WUSX9LWS,AGT-BGQP8SBV4K,Outbound Call,Phone,Queja,Queja,480.0,,True,False,Neutral,-0.19,mexican,mexican,True,"PRD-TX5Z37JXFEO9,PRD-70NUGJJF2AG9,PRD-L3FKO1S62J5R",False,True
INT-K8XMBMJT3Y3S2CSZ,2026-04-13 15:07:02,2026-04-13,CLI-JQOLYPBDBNMP,AGT-S2ST06ZN2V,Chat,Web Chat,Comercial,Comercial,,,True,True,Negativo,-0.38,mexican,mexican,False,"PRD-FZFHAZXQM0VP,PRD-1ROB8VFVTD9P,PRD-5E8LLYQ1A38G",False,False
INT-IBWHOI8UDST6NZBF,2026-04-14 04:16:25,2026-04-13,CLI-B2X5KDVT41MZ,AGT-7XQCZE73IH,Inbound Call,Phone,Transaccional,Transaccional,249.0,189.0,True,False,Neutral,0.1,mexican,mexican,False,,False,True
INT-AEKY0O634VZJV84U,2026-04-13 21:14:02,2026-04-13,CLI-NRI6OKS8Z2ZP,AGT-56L27RI8NL,Outbound Call,Phone,Comercial,Comercial,924.0,,True,False,Neutral,0.18,argentine,argentine,False,,False,True
INT-XKFWAJEUVCIX3MB8,2026-04-13 14:37:24,2026-04-13,CLI-6EXY8GMNV1J2,AGT-8JD6LDRA82,Inbound Call,Phone,Producto,Producto,179.0,99.0,True,False,Neutral,0.05,argentine,mexican,False,,False,True
INT-ENAZDWW40XOOK8UU,2026-04-13 22:51:06,2026-04-13,CLI-4QWSGJ8X2IEB,AGT-ABM94FMVNF,Inbound Call,Phone,Transaccional,Transaccional,164.0,136.0,True,False,Neutral,-0.0,mexican,mexican,False,"PRD-LM8LF30082LI,PRD-0SZ1Q6A90QQJ,PRD-3A36OSPUNE4K",False,True
INT-6QHB3GBZPK1FIXB0,2026-04-13 18:39:09,2026-04-13,CLI-NQG5LRB81RSV,AGT-PRE6OQJV5N,Inbound Call,Phone,Transaccional,Transaccional,465.0,78.0,False,True,Neutral,0.17,,,False,"PRD-C7N5B8TQXSA1,PRD-301OOQTSH1NE",False,True
INT-1N1ZDI2A5ERV483W,2026-04-13 18:08:03,2026-04-13,CLI-OP8IF7LZFRHJ,AGT-R34ROKZW06,Inbound Call,Phone,Transaccional,Transaccional,70.0,119.0,False,True,Neutral,0.08,,,False,,False,True
INT-DVGU8TGS180LQKXP,2026-04-13 18:21:05,2026-04-13,CLI-E5MUI8YRE4YP,AGT-PL88YJFM3Q,Inbound Call,Phone,Queja,Queja,351.0,25.0,True,False,Neutral,0.19,mexican,mexican,False,PRD-O7M54UYO9C6U,False,True
INT-DDFA4PLUGVHNXIY2,2026-04-13 19:58:30,2026-04-13,CLI-H78Q0EBCL9VN,AGT-Z1EG2FBXSK,Outbound Call,Phone,Queja,Queja,191.0,,True,False,Negativo,-0.48,mexican,mexican,False,"PRD-Z3EBWUDMX1UL,PRD-PHFP8S9J2OKF,PRD-QCPYOTJ066MJ",True,True
INT-3KJOKG3YUIY978BJ,2026-04-14 03:47:06,2026-04-13,CLI-5STEWJ9B6IR5,AGT-V4FGNHLRXQ,Inbound Call,Phone,Producto,Producto,202.0,180.0,True,True,Negativo,-0.45,mexican,mexican,False,,True,True
INT-UZR8G6VFKIEROUAW,2026-04-13 20:21:48,2026-04-13,CLI-4MPYSPYBUZJ1,AGT-2GCBYGGPO4,Inbound Call,Phone,Queja,Queja,350.0,162.0,False,True,Negativo,-0.32,mexican,mexican,False,"PRD-INTS5MMGI92R,PRD-58PBBUBGBHSO,PRD-RNY4NQZUX4P7",False,True
INT-9Z1RC9KQDUTQ7G4T,2026-04-14 04:56:35,2026-04-13,CLI-QL1TCFQ72XFH,AGT-HAN56V24NZ,Inbound Call,Phone,Transaccional,Transaccional,224.0,14.0,True,False,Neutral,-0.28,colombian,colombian,False,PRD-QA21IM6WA2O6,False,True
INT-RHBEP1OUEJS0MY3E,2026-04-13 19:15:55,2026-04-13,CLI-97PPR2KYS0XG,AGT-S4C0O1TFL0,Inbound Call,Phone,Transaccional,Transaccional,321.0,95.0,True,False,Neutral,-0.16,mexican,mexican,True,"PRD-GOZOKVO9PIM5,PRD-843B4PVJA62N,PRD-A54VPPER1PR0",False,True
INT-WCCFA3XSDM2OZXC7,2026-04-14 00:55:40,2026-04-13,CLI-68J8MNGMCF5N,AGT-265NTQ02ZF,Chat,Web Chat,Técnico,Técnico,,,True,False,Neutral,0.23,argentine,colombian,False,PRD-K0F47V3ESSC2,True,False
INT-SHPQIXTEQ3Q0E62X,2026-04-13 17:29:07,2026-04-13,CLI-1WMKW4JYDDR0,AGT-VPRRBWIF1D,Inbound Call,Phone,Transaccional,Transaccional,358.0,147.0,True,True,Neutral,0.1,mexican,mexican,False,,False,True
INT-RR0RJJTASKGWEZ2S,2026-04-13 16:47:13,2026-04-13,CLI-WL32HLDKYHG5,AGT-VBNZ1407P0,Inbound Call,Phone,Técnico,Técnico,495.0,160.0,True,False,Neutral,-0.3,mexican,colombian,False,"PRD-YYJ87A5ZQB06,PRD-X5UR02ZSAL5Y,PRD-0IWVH2MCYAC0",False,True
INT-NTFRNMGPG9ZHWKHL,2026-04-14 03:16:17,2026-04-13,CLI-A2H7XP179L18,AGT-6ZZW9BKBOC,Chat,App,Transaccional,Transaccional,,,True,False,Neutral,0.24,argentine,argentine,False,,False,False
INT-4I3A8R3O1GOBA8F3,2026-04-13 21:17:04,2026-04-13,CLI-MB97B5KAGTRQ,AGT-ANQRQONI3V,Chat,WhatsApp,Comercial,Comercial,,,True,False,Neutral,-0.03,,,False,,True,False
INT-JCDKE0NIT3JZYI5M,2026-04-14 01:31:56,2026-04-13,CLI-M8F4RNCR8FCV,AGT-61QIQHSI3I,Inbound Call,Phone,Comercial,Comercial,436.0,138.0,True,False,Negativo,-0.4,argentine,argentine,False,,False,True
INT-SD14XF93D0G8NKOO,2026-04-14 00:22:17,2026-04-13,CLI-H5MXOVUQASMC,AGT-904VY7KN6S,Inbound Call,Phone,Producto,Producto,221.0,155.0,True,False,Neutral,-0.26,,,True,"PRD-6FSJHWADD9U6,PRD-XJRREL8N4TH5,PRD-OTYXDEFJ5BYN",False,True
INT-OC2RJ0BV6K73ENTE,2026-04-13 14:49:36,2026-04-13,CLI-69OQ5BPGWYTF,AGT-VPHYTUW0MQ,Inbound Call,Phone,Transaccional,Transaccional,185.0,115.0,True,False,Neutral,-0.1,mexican,colombian,False,,False,True
INT-V48SN51B3XX28ZWB,2026-04-14 01:39:06,2026-04-13,CLI-0J4PFBC2E9XA,AGT-ZLA03QJGS8,Inbound Call,Phone,Transaccional,Transaccional,279.0,80.0,True,False,Neutral,0.12,,,False,"PRD-FL9X438ZRH8D,PRD-CQM4WCSZEAGV",False,True
INT-700M58GBSHF76EI8,2026-04-13 16:53:33,2026-04-13,CLI-V13RONH0NR3X,AGT-VBNZ1407P0,Inbound Call,Phone,Transaccional,Transaccional,281.0,126.0,True,True,Neutral,0.25,,,False,,True,True
INT-4VBK56KDUFCT41GH,2026-04-13 09:07:22,2026-04-13,CLI-WTSDID775X5Q,AGT-GT2O5MFVMB,Inbound Call,Phone,Transaccional,Transaccional,122.0,63.0,True,False,Neutral,-0.16,,,False,PRD-XOJO8T7DZMU2,False,True
INT-OBX0IAFVYVBB895R,2026-04-13 15:11:07,2026-04-13,CLI-0AHUQF9T6C8I,AGT-JCGMOK8NDI,Inbound Call,Phone,Comercial,Comercial,791.0,61.0,False,True,Negativo,-0.69,argentine,argentine,False,PRD-5R00AZ24PGEW,False,True
INT-I8Y8W6DE0YMFJT92,2026-04-13 14:19:33,2026-04-13,CLI-AY28BNYBR56K,AGT-0YP9IMVFG1,Inbound Call,Phone,Transaccional,Transaccional,290.0,145.0,True,False,Neutral,0.11,argentine,argentine,False,,False,True
INT-8I70LK5VZWWKQJML,2026-04-13 17:06:59,2026-04-13,CLI-AOOY8QDEYQXU,AGT-OHDGRCT0SL,Inbound Call,Phone,Producto,Producto,270.0,33.0,True,False,Neutral,0.14,argentine,argentine,False,,False,True
INT-6TP6129JDKVJD3E1,2026-04-14 00:48:39,2026-04-13,CLI-ETFLCAAXB0FQ,AGT-1FE9KA8SIW,Email,Email,Producto,Producto,,,True,False,Neutral,0.04,,,False,PRD-58S86Y6EEFTS,True,False
INT-S6Y0IKBSGK91TWYJ,2026-04-13 23:35:33,2026-04-13,CLI-3MG8W2F1W6NU,AGT-61QIQHSI3I,Inbound Call,Phone,Queja,Queja,457.0,64.0,True,False,Muy Positivo,0.86,colombian,colombian,True,,False,True
INT-N92TAWHLGZ8XCN09,2026-04-13 15:00:48,2026-04-13,CLI-BG2R5JLG30UD,AGT-VNCMXKXLZE,Inbound Call,Phone,Transaccional,Transaccional,422.0,7.0,True,False,Neutral,-0.02,mexican,argentine,False,,False,True
INT-YEUWDNM60QH27RCP,2026-04-13 09:22:19,2026-04-13,CLI-KS2AP7JVCQ3B,AGT-1B1LQT3IQC,Inbound Call,Phone,Comercial,Comercial,534.0,81.0,False,True,Neutral,-0.09,,,False,"PRD-JSQF2AVEBLBE,PRD-TSP9W11Z5J2A,PRD-QRS86Y9GJ964",True,True
INT-G8ILMCFTH0B2Y4Z8,2026-04-14 07:00:47,2026-04-13,CLI-0CV6EOJ8VPNH,AGT-1K3OXCN0Y0,Inbound Call,Phone,Producto,Producto,266.0,89.0,True,False,Neutral,-0.26,,,False,,False,True
INT-S6GS7WFZJ3SEM9KI,2026-04-14 01:53:49,2026-04-13,CLI-MV7OTMY56EZD,AGT-QMHTY08PP0,Email,Email,Queja,Queja,,,True,False,Negativo,-0.44,argentine,argentine,False,,False,False
INT-VH55BZAOELPP1MJ0,2026-04-14 03:39:02,2026-04-13,CLI-ZM08OX49IIVM,AGT-BNSM435UTT,Inbound Call,Phone,Producto,Producto,244.0,76.0,True,False,Negativo,-0.44,colombian,argentine,False,,False,True
INT-6279DWI14PJYIVF8,2026-04-14 06:16:04,2026-04-13,CLI-4S8C7ODUJ0CD,AGT-SBUNV1M04D,Outbound Call,Phone,Transaccional,Transaccional,156.0,,True,False,Neutral,-0.0,mexican,mexican,False,PRD-LC7O4E19FSR4,False,True
INT-RN9B10ZMJW1K232L,2026-04-13 13:45:01,2026-04-13,CLI-1C9I056ITPBP,AGT-XQJHLJ5CHC,Outbound Call,Phone,Transaccional,Transaccional,242.0,,True,False,Neutral,0.01,mexican,colombian,False,,False,True
INT-52BM73AFI3J9LHQM,2026-04-13 19:59:58,2026-04-13,CLI-6TLDSAFJ4TZS,AGT-ZVS0XWYET1,Inbound Call,Phone,Transaccional,Transaccional,278.0,127.0,True,True,Neutral,0.07,mexican,mexican,False,"PRD-PXHYOAV4XWB8,PRD-VL42GWDUGH9J",False,True
INT-X2N7WRPVWHU53R9H,2026-04-13 17:28:28,2026-04-13,CLI-RM99L45CX683,AGT-AX80P6GQZV,Inbound Call,Phone,Producto,Producto,260.0,170.0,True,True,Neutral,0.17,,,True,,True,True
INT-603H9HNW938DXP0F,2026-04-13 17:08:14,2026-04-13,CLI-70EHNVBEWQHC,AGT-64BBNY40AY,Inbound Call,Phone,Transaccional,Transaccional,133.0,120.0,True,False,Neutral,-0.0,colombian,colombian,False,,False,True
INT-MKRPRV584P8P76SY,2026-04-14 03:05:41,2026-04-13,CLI-GC88I86XOCE5,AGT-01T1LJ1M61,Inbound Call,Phone,Transaccional,Transaccional,158.0,109.0,True,False,Neutral,-0.14,,,False,"PRD-RNZ9NA9CI58H,PRD-YH7248B3Y3IH",False,True
INT-L98YG68G54JYCY8P,2026-04-13 11:51:15,2026-04-13,CLI-599SUGINHSTG,AGT-HLGND96O59,Inbound Call,Phone,Queja,Queja,357.0,71.0,True,True,Neutral,-0.28,argentine,argentine,False,,True,True
INT-U0ENZKS5W9ITL6X1,2026-04-13 15:48:26,2026-04-13,CLI-N3VWTG03VWGH,AGT-30WK4O4H1B,Inbound Call,Phone,Transaccional,Transaccional,173.0,109.0,True,False,Neutral,0.29,mexican,mexican,False,,False,True
INT-Z2QRU2YFHEBC2CNX,2026-04-13 08:59:33,2026-04-13,CLI-2BCTYXF89X3X,AGT-4W61FITOXQ,Inbound Call,Phone,Comercial,Comercial,779.0,14.0,False,True,Muy Positivo,0.77,mexican,mexican,False,,False,True
INT-3IKWGRSUIAGDLLHJ,2026-04-13 08:01:45,2026-04-13,CLI-EDUD6BMOM2AI,AGT-CVMX70X6Z4,Inbound Call,Phone,Técnico,Técnico,220.0,53.0,True,False,Positivo,0.43,,,False,,False,True
INT-1XUEOBOT77BRNNCT,2026-04-13 19:05:13,2026-04-13,CLI-MLDZ9WEQ02YX,AGT-1CPJD4QLU7,Outbound Call,Phone,Transaccional,Transaccional,188.0,,True,False,Neutral,0.13,mexican,mexican,False,PRD-DGAHOFDNSMBJ,False,True
INT-19H2RVWH8D4ZED83,2026-04-13 14:57:06,2026-04-13,CLI-W7630QNSYBPL,AGT-XODIBGCD8U,Outbound Call,Phone,Transaccional,Transaccional,362.0,,True,False,Neutral,0.03,argentine,argentine,False,,False,True
INT-KQMO6M7X2VVJ6VFQ,2026-04-14 01:53:09,2026-04-13,CLI-8RMUBD6HYCWI,AGT-Y9S7A0UC7Q,Inbound Call,Phone,Producto,Producto,294.0,207.0,True,False,Neutral,-0.11,mexican,mexican,False,PRD-3ET3QDKPSYBB,False,True
INT-TFGEWPRW5EHXUYKH,2026-04-14 03:02:16,2026-04-13,CLI-QV2EOC21HFUZ,AGT-SHC2ZWX53S,Inbound Call,Phone,Producto,Producto,302.0,226.0,True,False,Neutral,-0.04,,,False,"PRD-R16EMVRMDVZU,PRD-MK7GR5MW4LCJ,PRD-2HLQTU787F5D",False,True
INT-TMV5UAXO5P6EEM0C,2026-04-13 18:11:58,2026-04-13,CLI-FLP06JQIFDZJ,AGT-MONXUP4C6Q,Outbound Call,Phone,Técnico,Técnico,272.0,,True,False,Negativo,-0.69,colombian,mexican,False,,False,True
INT-4MYWAWXBCVMF9BUW,2026-04-13 13:58:32,2026-04-13,CLI-1QRO6GOI0C6M,AGT-19AY9LXE9C,Chat,WhatsApp,Transaccional,Transaccional,,,True,False,Neutral,0.1,mexican,mexican,False,,False,False
INT-BB08TIOQE8W6FNT8,2026-04-13 16:11:27,2026-04-13,CLI-L18O2HKGP7CG,AGT-HVHI1T24CL,Outbound Call,Phone,Producto,Producto,503.0,,True,False,Neutral,0.02,colombian,colombian,False,,True,True
INT-C9KPUKWTRGW58Q8C,2026-04-13 16:51:58,2026-04-13,CLI-X5P11TB01HXC,AGT-YF9RO3EJZU,Outbound Call,Phone,Transaccional,Transaccional,144.0,,True,False,Neutral,0.01,mexican,mexican,False,,False,True
INT-4K2MROKE9YVE4EE1,2026-04-13 17:26:17,2026-04-13,CLI-D962KQ5C96IP,AGT-7STCFNILU3,Inbound Call,Phone,Retención,Retención,399.0,8.0,True,False,Muy Negativo,-0.76,colombian,colombian,False,,False,True
INT-WGI01TAF2F9QMFG0,2026-04-14 02:44:20,2026-04-13,CLI-3TFRYRD3VEAX,AGT-F9WI50IQUB,Chat,App,Transaccional,Transaccional,,,True,False,Neutral,-0.23,,,False,"PRD-KHLITCPSVF3W,PRD-9IA09MO7AXXQ,PRD-L7BYXUT1N2HS",False,False
INT-VD4BXKY8OFYS9IMO,2026-04-13 23:58:07,2026-04-13,CLI-57YQOK1QUCZV,AGT-RL5TXXUWF5,Inbound Call,Phone,Técnico,Técnico,362.0,172.0,True,True,Positivo,0.4,,,False,"PRD-ZIC7US9714GM,PRD-REITH0PJ5S7F,PRD-4A8LEHULBIMY",False,True
INT-W917FQHBKQ1X3GQS,2026-04-13 23:50:13,2026-04-13,CLI-D7Z6CHVME4W5,AGT-BIJKQ265S8,Email,Email,Técnico,Técnico,,,False,True,Neutral,-0.08,colombian,colombian,False,,False,False
INT-SUWMXUD5VRR5PQ42,2026-04-13 21:10:25,2026-04-13,CLI-1GMCYY6V60D6,AGT-4ZRJ45ERIZ,Inbound Call,Phone,Comercial,Comercial,540.0,132.0,True,False,Positivo,0.43,,,False,"PRD-G4CQ0D9ILIIE,PRD-Y2XL7BFFWCJD",False,True
INT-3L0QKGWQ70IX79WK,2026-04-13 16:35:37,2026-04-13,CLI-V355AATEDTVO,AGT-96XY80WRZG,Chat,App,Transaccional,Transaccional,,,True,False,Neutral,0.28,argentine,argentine,False,"PRD-BI1JQ2KM8JHV,PRD-8O0BN5K08V78",False,False
INT-OHK7801UJF4P4HXN,2026-04-13 15:18:44,2026-04-13,CLI-ZIWWZQNAH9VS,AGT-I0RSC4IGXZ,Inbound Call,Phone,Transaccional,Transaccional,377.0,116.0,False,True,Neutral,-0.18,,,False,"PRD-XTU8XRKCAJNQ,PRD-KOE809FSJJ5C,PRD-1D10RBLKRM81",False,True
INT-JD0HYU1V5GOSJKHA,2026-04-13 19:02:29,2026-04-13,CLI-CUAWII191OFK,AGT-N0753JMGIT,Inbound Call,Phone,Producto,Producto,244.0,23.0,True,False,Negativo,-0.54,mexican,mexican,False,PRD-YNBO01ZP26YN,True,True
INT-AFHFCE1VHBCGDO6N,2026-04-14 01:35:38,2026-04-13,CLI-A2VD32KOMWCN,AGT-EKYTTPV65Q,Inbound Call,Phone,Queja,Queja,566.0,175.0,True,False,Negativo,-0.47,mexican,mexican,True,,False,True
INT-6HYKVNY09HKJ9JXZ,2026-04-13 08:48:57,2026-04-13,CLI-SUH2DTYXV223,AGT-V9MAWPQ7HZ,Inbound Call,Phone,Transaccional,Transaccional,200.0,232.0,True,True,Neutral,0.09,mexican,mexican,False,,False,True
INT-GH030FX2B3PUYMUU,2026-04-13 18:04:50,2026-04-13,CLI-W5FXTLTHZM8B,AGT-JMIXZ2J7AY,Email,Email,Retención,Retención,,,False,True,Negativo,-0.58,,,False,,False,False
INT-19GS7WZSBFXYISNT,2026-04-14 04:36:59,2026-04-13,CLI-00EJ0N1D944P,AGT-KJ8EIV7HG0,Inbound Call,Phone,Comercial,Comercial,583.0,60.0,False,True,Neutral,-0.1,mexican,mexican,False,,False,True
INT-7MI7AJ4PZ706AN20,2026-04-13 12:12:54,2026-04-13,CLI-0H94J2733KN9,AGT-1283BYB67Y,Inbound Call,Phone,Queja,Queja,515.0,89.0,True,False,Neutral,0.01,,,True,,True,True
INT-OP6OV178GK6T0LB4,2026-04-13 19:09:27,2026-04-13,CLI-FCX1UJ822ACO,AGT-E8XE5LM9XO,Inbound Call,Phone,Técnico,Técnico,341.0,93.0,True,True,Positivo,0.6,colombian,colombian,False,"PRD-59YXDCWQ7B13,PRD-RFCLR0CGHNWO",False,True
INT-OPSNAFW7IQXAKVM5,2026-04-14 00:25:58,2026-04-13,CLI-9T0YND1W25GC,AGT-0SK7J9FAUM,Inbound Call,Phone,Transaccional,Transaccional,332.0,30.0,True,False,Neutral,0.01,colombian,colombian,True,"PRD-3VWZ9MQ1LGIL,PRD-0PABVK4OVZAG,PRD-BES3PZEN583T",False,True
INT-UU1S8MD44SQLO5MF,2026-04-13 10:06:22,2026-04-13,CLI-IXSWS592LDK8,AGT-C0S7V2IHHG,Inbound Call,Phone,Producto,Producto,385.0,191.0,True,False,Neutral,-0.17,argentine,colombian,False,PRD-ZGXFOIYLWXIF,True,True
INT-Z687G7ITJGSZLVNS,2026-04-14 07:41:06,2026-04-13,CLI-TN92BHA03ZHD,AGT-69430CDLET,Inbound Call,Phone,Queja,Queja,486.0,166.0,False,True,Muy Negativo,-0.98,,,False,,False,True
INT-5BN76HRF51Z8W8L8,2026-04-13 22:24:08,2026-04-13,CLI-FQZ1OKCBKS1C,AGT-T6G3XMAHRJ,Chat,Web Chat,Técnico,Técnico,,,True,False,Muy Positivo,0.71,argentine,mexican,False,,False,False
INT-B8701U8SV6VQ931Q,2026-04-13 11:18:51,2026-04-13,CLI-4GTDWHHJ5YQA,AGT-6NAZTH7M7Q,Inbound Call,Phone,Técnico,Técnico,362.0,75.0,True,False,Neutral,0.03,,,False,"PRD-F2B0EK691D57,PRD-FKBA60VAJM5M",False,True
INT-SGBAUHV4499FH39M,2026-04-14 05:53:59,2026-04-13,CLI-P4BND5X8Y4U9,AGT-3MU2T4LM27,Inbound Call,Phone,Transaccional,Transaccional,257.0,79.0,True,True,Neutral,0.2,argentine,argentine,True,"PRD-IU10YTY12P5P,PRD-9DM8DNRTJ0GJ,PRD-NK12KYVISXLR",False,True
INT-IFY5R2JRY23Z2F5Q,2026-04-14 05:27:07,2026-04-13,CLI-6DS8UH8GR1EX,AGT-Z1EIQXWV82,Outbound Call,Phone,Comercial,Comercial,456.0,,True,False,Positivo,0.59,mexican,mexican,False,"PRD-NDPVMWDN1FU7,PRD-DICZYIRPBPEV,PRD-1UKQV2PGNCUZ",True,True
INT-NX4IHNXKJJHZZE3K,2026-04-13 16:13:55,2026-04-13,CLI-K2ZAI7CMDUWB,AGT-W4AYW4BGI9,Inbound Call,Phone,Transaccional,Transaccional,217.0,31.0,True,False,Neutral,-0.15,argentine,colombian,False,"PRD-5R9N4X4BYNBE,PRD-R3XDJ3YF22XF",True,True
INT-O63PHRASSUJVVZWE,2026-04-13 18:55:42,2026-04-13,CLI-2OM5WILTXAAA,AGT-LBM4G3WHV5,Inbound Call,Phone,Queja,Queja,332.0,167.0,True,False,Negativo,-0.58,colombian,colombian,False,,True,True
INT-IO7F4A7R2030P7ZU,2026-04-14 05:58:28,2026-04-13,CLI-KB3X8I4BW7DO,AGT-Q1CPMXVTZC,Inbound Call,Phone,Transaccional,Transaccional,149.0,146.0,True,False,Neutral,0.1,argentine,argentine,False,PRD-HPFNKZVRC5NR,False,True
INT-9BBSFFVNEIKE612L,2026-04-14 07:57:56,2026-04-13,CLI-KO3LQUJRVWDU,AGT-CVMX70X6Z4,Inbound Call,Phone,Transaccional,Transaccional,321.0,97.0,True,False,Neutral,-0.12,,,False,"PRD-XAEFKNPKH4Y9,PRD-XIIOJ8IA0XLZ,PRD-3HTI04J4HD90",False,True
INT-C1S24YE5QNEZEN75,2026-04-14 05:17:47,2026-04-13,CLI-UACUO9GGF1BI,AGT-SVZFVPVPBC,Outbound Call,Phone,Queja,Queja,641.0,,True,False,Negativo,-0.54,,,False,,False,True
INT-DCOBIBT3N9SMP80X,2026-04-13 09:48:22,2026-04-13,CLI-33DYY8U0BTYF,AGT-H4UGWG3OUB,Email,Email,Transaccional,Transaccional,,,True,False,Neutral,0.21,,,False,,False,False
INT-7RAD50K6WM3UONWB,2026-04-14 02:59:23,2026-04-13,CLI-8MVRY4XEKS03,AGT-8S2BFYRBVR,Chat,App,Producto,Producto,,,True,False,Neutral,-0.02,mexican,mexican,False,,True,False
INT-LOSY0UK2XMNGJ6ZN,2026-04-14 01:01:51,2026-04-13,CLI-EREQ5WH8G2GM,AGT-H600EXWVP2,Inbound Call,Phone,Queja,Queja,245.0,72.0,True,True,Positivo,0.7,colombian,colombian,False,"PRD-LUU8F40K06QI,PRD-RY8TH9W481QP",False,True
INT-KBDC8PAUKJW2WLQA,2026-04-13 20:43:10,2026-04-13,CLI-4K8RSZ7QBW2S,AGT-Y3KZLUV3T3,Inbound Call,Phone,Producto,Producto,248.0,116.0,True,True,Neutral,0.2,colombian,mexican,False,,False,True
INT-CG06ICRWVRDDGM46,2026-04-14 06:50:48,2026-04-13,CLI-613LO0BSBTL2,AGT-8QTE3U97HH,Chat,App,Transaccional,Transaccional,,,True,False,Neutral,-0.0,,,False,PRD-BK12W61O1SEJ,False,False
INT-JVE3ZGUUD3KI191P,2026-04-14 00:35:45,2026-04-13,CLI-E1ZOW2JLKVFR,AGT-M261ILATNY,Inbound Call,Phone,Queja,Queja,354.0,98.0,False,True,Muy Positivo,0.72,argentine,argentine,False,,False,True
INT-5ZX4SV29LD35LYMN,2026-04-14 00:25:28,2026-04-13,CLI-X7KOMTE7XE1C,AGT-M261ILATNY,Outbound Call,Phone,Transaccional,Transaccional,200.0,,True,True,Neutral,-0.17,colombian,colombian,False,"PRD-590ESBUX5KBU,PRD-VZYE4MINLLYK,PRD-AE5S0GET3UYJ",False,True
INT-GRVOVKGV1TL2ABOV,2026-04-13 23:33:23,2026-04-13,CLI-EFFBDTH8MG2O,AGT-5YUGOKFA7V,Inbound Call,Phone,Producto,Producto,190.0,160.0,True,False,Neutral,-0.26,mexican,mexican,False,,False,True
INT-QX762U8J0JG7YJRH,2026-04-14 00:27:35,2026-04-13,CLI-LBMU53OR2ZSL,AGT-FDYIW6O3N8,Inbound Call,Phone,Producto,Producto,171.0,141.0,True,False,Neutral,-0.15,,,False,,False,True
INT-YPPCDQR957QHXZVK,2026-04-13 22:14:40,2026-04-13,CLI-8XAH3TIJCM4L,AGT-QXV7HN47JJ,Email,Email,Producto,Producto,,,True,True,Neutral,0.08,,,False,,False,False
INT-AP8Z74UWN40Z207Y,2026-04-13 13:48:40,2026-04-13,CLI-0XFOGZWJAVBO,AGT-7PA84MWEHW,Chat,WhatsApp,Producto,Producto,,,True,False,Neutral,-0.16,mexican,mexican,False,,False,False
INT-OMHXSKSGGMOM85GY,2026-04-13 19:05:01,2026-04-13,CLI-UD17E4KXP5LY,AGT-PK5PH38NS1,Outbound Call,Phone,Transaccional,Transaccional,466.0,,True,False,Neutral,-0.08,argentine,argentine,False,,True,True
INT-XJZDZ6AW0J30IGYC,2026-04-14 06:30:18,2026-04-13,CLI-IG9OKP0YI1UY,AGT-NUS3RT0T0E,Outbound Call,Phone,Técnico,Técnico,272.0,,True,False,Positivo,0.68,,,True,"PRD-N5YNQ82MR7T0,PRD-GMWF663D25XX,PRD-C6NNCRT571VN",False,True
INT-QOPRJKL49365C3BS,2026-04-13 16:16:41,2026-04-13,CLI-EV3U7QE7IXM3,AGT-5J9V220I1K,Inbound Call,Phone,Queja,Queja,558.0,192.0,False,True,Neutral,-0.1,,,False,,False,True
INT-DYU8M7P0DCTLA621,2026-04-13 11:15:52,2026-04-13,CLI-6HFIGNNE5TZK,AGT-Y27TPT34U4,Chat,App,Retención,Retención,,,False,True,Muy Negativo,-0.72,,,False,PRD-YHTR7BK97FIW,False,False
INT-MYE85VSMB1SQ0I4K,2026-04-13 22:56:42,2026-04-13,CLI-8LQGE2Z01TWM,AGT-FLSNDXOHFN,Inbound Call,Phone,Queja,Queja,427.0,47.0,True,True,Positivo,0.67,,,True,"PRD-PRNFM6AGNA0K,PRD-M2ZRQCFWA7WV",True,True
INT-0FPVO33X3OQVNDF9,2026-04-13 14:47:28,2026-04-13,CLI-FLCYXWHCMI6Z,AGT-TRV7Z7UODY,Inbound Call,Phone,Transaccional,Transaccional,233.0,130.0,False,True,Neutral,0.04,colombian,colombian,False,"PRD-IKQ0B0CVLH1L,PRD-GVN1JGB2J50I",False,True
INT-35WDLQI17OSD0M61,2026-04-13 15:59:48,2026-04-13,CLI-PK6J0LS7IYC5,AGT-5JI29B48WM,Inbound Call,Phone,Producto,Producto,233.0,194.0,True,False,Neutral,-0.07,colombian,mexican,False,,False,True
INT-W5E19EDLC5YI1IDA,2026-04-14 07:01:53,2026-04-13,CLI-GQ4VM1SR25J9,AGT-BBKR0X1EN5,Inbound Call,Phone,Transaccional,Transaccional,135.0,124.0,True,False,Neutral,0.29,,,False,,False,True
INT-XM93MA6NOXKU2OYV,2026-04-13 10:08:53,2026-04-13,CLI-EG6TINLL9N1B,AGT-C1BYBSUMTP,Inbound Call,Phone,Técnico,Técnico,325.0,53.0,True,False,Neutral,0.06,mexican,mexican,False,,False,True
INT-3VUCJ9PUO0XYK86K,2026-04-14 03:15:26,2026-04-13,CLI-SNJCVMH0JBGL,AGT-I1VYP1D801,Inbound Call,Phone,Transaccional,Transaccional,143.0,77.0,True,False,Neutral,-0.19,mexican,argentine,False,,False,True
INT-XZA8F988RJEXM0NB,2026-04-13 08:38:48,2026-04-13,CLI-BEVY7HJ9F6SF,AGT-A8I1YTWT37,Outbound Call,Phone,Queja,Queja,630.0,,False,True,Neutral,0.23,colombian,colombian,False,,False,True
INT-OFL3ZUDY1Y3ZIC7Z,2026-04-13 08:04:20,2026-04-13,CLI-U438TOLO70OM,AGT-P32K9GW5NX,Inbound Call,Phone,Técnico,Técnico,627.0,58.0,True,False,Neutral,-0.11,colombian,mexican,False,,True,True
INT-W1HZYOFB7X2A8J38,2026-04-14 02:38:29,2026-04-13,CLI-T87HFF1OWR8H,AGT-ECV5AJ8IMB,Chat,App,Transaccional,Transaccional,,,True,False,Neutral,-0.09,mexican,mexican,False,,True,False
INT-H367WJWNCBQPN67T,2026-04-13 20:46:20,2026-04-13,CLI-FNV4PREQDRTC,AGT-GX1XLRMUAS,Inbound Call,Phone,Transaccional,Transaccional,216.0,89.0,True,False,Neutral,0.24,mexican,mexican,False,,True,True
INT-R2VNDT1RAHBR9TSW,2026-04-14 06:43:31,2026-04-13,CLI-87KHWIWKB9Y6,AGT-03BKII7RPZ,Inbound Call,Phone,Transaccional,Transaccional,284.0,223.0,True,False,Neutral,0.24,,,False,PRD-YOJJ2IWTVQAX,True,True
INT-6AV0CGW2Q675Y2GI,2026-04-13 15:53:28,2026-04-13,CLI-SOJMDCP7XRP2,AGT-ROT1G7EATP,Inbound Call,Phone,Transaccional,Transaccional,103.0,132.0,False,True,Neutral,0.09,colombian,mexican,False,"PRD-2VRH2SSIZN6T,PRD-2GUMHQQDICCG,PRD-U3M88JNFOK8H",False,True
INT-GAIASH0G9CATBH5U,2026-04-14 02:10:19,2026-04-13,CLI-Y1SVV1AH2GGL,AGT-UO6O5BGYNF,Inbound Call,Phone,Producto,Producto,203.0,148.0,True,False,Neutral,-0.17,mexican,mexican,False,,False,True
INT-HOQJFMODRFUTJV2X,2026-04-14 01:23:30,2026-04-13,CLI-B8TJXZ0P90UN,AGT-9BGLWS9RWM,Outbound Call,Phone,Transaccional,Transaccional,237.0,,True,False,Neutral,0.16,,,False,,False,True
INT-EQOVMQWF501M6OLE,2026-04-13 21:11:47,2026-04-13,CLI-ZP7YM3R4Y42A,AGT-7YEN4DGX91,Outbound Call,Phone,Retención,Retención,561.0,,True,False,Neutral,0.16,colombian,colombian,False,,False,True
INT-093Z2CQ2IGLF81JA,2026-04-14 01:52:41,2026-04-13,CLI-LMLTPDZWF8KH,AGT-RE07DENY5A,Inbound Call,Phone,Transaccional,Transaccional,208.0,199.0,True,True,Neutral,-0.17,argentine,argentine,False,"PRD-KD2NPCKAAOH7,PRD-8L7SSJUXA6MR,PRD-UHWL4A36HBV4",False,True
INT-91GN4H5GN25INVEU,2026-04-14 05:46:19,2026-04-13,CLI-NBYREZND39EJ,AGT-JF8XQ7A6D7,Inbound Call,Phone,Técnico,Técnico,240.0,198.0,True,True,Neutral,-0.01,mexican,mexican,False,,False,True
INT-KGJ5ZWXBIKIR60B0,2026-04-14 03:51:07,2026-04-13,CLI-QW8H0PP74M71,AGT-W8EI0WIZH2,Inbound Call,Phone,Transaccional,Transaccional,232.0,157.0,True,False,Neutral,-0.06,argentine,argentine,False,,False,True
INT-QJT0I90G9HGCJG9F,2026-04-14 05:20:47,2026-04-13,CLI-IOM3VOT0LP4A,AGT-4YRVLDYBJS,Inbound Call,Phone,Retención,Retención,642.0,120.0,True,False,Positivo,0.43,mexican,mexican,False,,True,True
INT-7RY7TNWHDCPYY6C8,2026-04-13 19:33:34,2026-04-13,CLI-6JPNNM678E7X,AGT-1JJ2DET54K,Chat,WhatsApp,Comercial,Comercial,,,True,False,Negativo,-0.65,mexican,mexican,False,"PRD-108TI4M68HFM,PRD-W08JRKO5QD98",True,False
INT-5HRL4PJO8MUDU7SC,2026-04-14 00:11:43,2026-04-13,CLI-VSFUYNXIX4CC,AGT-6BOP58P37C,Inbound Call,Phone,Retención,Retención,439.0,104.0,True,False,Negativo,-0.56,argentine,argentine,False,"PRD-O3NMM1570K58,PRD-8IPHC36QSPZ2,PRD-W4MQ2UXW2FI9",False,True
INT-5MCDEIY8S35L7MT3,2026-04-13 13:21:24,2026-04-13,CLI-N55IBEF66GFA,AGT-S4C0O1TFL0,Inbound Call,Phone,Retención,Retención,711.0,181.0,True,False,Negativo,-0.55,colombian,colombian,False,PRD-TWWVRC1BIO8X,False,True
INT-KT6JFZK52SGCQVPI,2026-04-13 19:03:44,2026-04-13,CLI-EF17J2NQ5YTG,AGT-0QJX3LETUS,Outbound Call,Phone,Retención,Retención,462.0,,True,False,Positivo,0.35,,,False,PRD-RHPT5H8EOJIW,False,True
INT-7WJVZNRH3XDPREUG,2026-04-13 10:55:37,2026-04-13,CLI-SWKFXO98B9VX,AGT-5M8UV0UVSQ,Outbound Call,Phone,Transaccional,Transaccional,302.0,,True,True,Neutral,0.16,mexican,mexican,False,PRD-HBQ2ESGLL2ED,True,True
INT-VB9GWW8FNEDVZ0O4,2026-04-13 16:05:03,2026-04-13,CLI-47W6V5NWO1R0,AGT-K5E9XE6DZU,Inbound Call,Phone,Transaccional,Transaccional,281.0,95.0,True,True,Neutral,-0.22,colombian,mexican,False,,False,True
INT-RQMB1EP0DHUZUVYR,2026-04-13 15:21:43,2026-04-13,CLI-I08S6FPJ4AJ7,AGT-5M8UV0UVSQ,Inbound Call,Phone,Técnico,Técnico,490.0,172.0,True,False,Neutral,-0.24,colombian,colombian,False,,False,True
INT-XUR8LOFWPX1OO6NM,2026-04-13 14:29:46,2026-04-13,CLI-7BBM5L0WM0H8,AGT-0UA5E2DG3G,Inbound Call,Phone,Producto,Producto,230.0,123.0,True,False,Positivo,0.54,argentine,mexican,False,"PRD-XZDP4X5BATGH,PRD-BGSH7CMQTSVY",False,True
INT-WYF5A6MR1EWBPHSV,2026-04-14 00:06:12,2026-04-13,CLI-9H9Z0KME4JIK,AGT-6EUQGZ68XW,Chat,WhatsApp,Queja,Queja,,,True,False,Neutral,-0.15,argentine,colombian,False,PRD-MM1KAAYTLQ3B,False,False
INT-RYB81EP0A735R5TF,2026-04-13 15:56:29,2026-04-13,CLI-0DHER1W85YG5,AGT-Y27TPT34U4,Inbound Call,Phone,Queja,Queja,565.0,122.0,True,False,Neutral,-0.11,mexican,mexican,False,PRD-BN72ZX97HNE6,False,True
INT-KR1NTHQLLKKQ2C0E,2026-04-13 16:45:05,2026-04-13,CLI-JOLSVRRQGUIC,AGT-Y8VCCG4114,Outbound Call,Phone,Transaccional,Transaccional,430.0,,True,False,Neutral,0.18,,,False,PRD-FA1WP0U42LFD,False,True
INT-S93ZXK0Y2YA0BQY5,2026-04-13 14:51:28,2026-04-13,CLI-MVCNLIX4F10X,AGT-TEJ4IKS7JJ,Inbound Call,Phone,Técnico,Técnico,194.0,208.0,False,True,Positivo,0.41,colombian,mexican,False,,False,True
INT-23E4PNHI1PF2Q9F1,2026-04-14 01:12:12,2026-04-13,CLI-VMDZH2NMU5X2,AGT-HKU44IP108,Inbound Call,Phone,Queja,Queja,457.0,0.0,False,True,Neutral,-0.12,argentine,argentine,False,,True,True
INT-OPDRE9A72CMDUI5I,2026-04-13 08:12:09,2026-04-13,CLI-EL73PZS1KWSY,AGT-V96WLTZ7C2,Video,Web,Transaccional,Transaccional,143.0,,True,False,Neutral,-0.25,colombian,colombian,False,PRD-TJ577L8MVG0K,False,True
INT-UICH9J7266WCBXDH,2026-04-13 20:54:14,2026-04-13,CLI-9ROXK8N96X73,AGT-Y3KZLUV3T3,Outbound Call,Phone,Comercial,Comercial,592.0,,True,False,Positivo,0.43,colombian,colombian,False,,False,True
INT-YJJV1G6PZBYUWGKV,2026-04-14 05:13:26,2026-04-13,CLI-V59Y72A0HBOV,AGT-4BISGJA4OM,Inbound Call,Phone,Comercial,Comercial,433.0,56.0,False,True,Neutral,0.2,colombian,colombian,False,"PRD-GYLEF16P2UV1,PRD-QLBJ0VLETKRB,PRD-NMLMQZ12NYQV",False,True
INT-O5FEKHJ7FWHIEGBK,2026-04-13 16:54:22,2026-04-13,CLI-4N27II0OKVWL,AGT-YDBZL5HKAZ,Inbound Call,Phone,Producto,Producto,252.0,56.0,True,False,Negativo,-0.68,,,False,"PRD-PN6T2WCL3SJ4,PRD-LJNRWK847T2B,PRD-USB0UGPU8S1T",True,True
INT-F4T85S6XILNRPFWQ,2026-04-13 15:16:02,2026-04-13,CLI-8V85GRZYYP2O,AGT-PB69L1LNLH,Inbound Call,Phone,Producto,Producto,352.0,134.0,False,True,Muy Negativo,-0.82,mexican,mexican,False,PRD-OQW7KYM2Q14N,False,True
INT-1UFJUXYF7WXO117K,2026-04-13 08:45:12,2026-04-13,CLI-DJIFY0MYF2OF,AGT-X4VHNHC9EF,Email,Email,Queja,Queja,,,True,True,Negativo,-0.46,argentine,argentine,False,,False,False
INT-2H8X7LVLJ6Q1G6JE,2026-04-13 14:28:34,2026-04-13,CLI-GMI5TT96W3UJ,AGT-TRV7Z7UODY,Outbound Call,Phone,Transaccional,Transaccional,194.0,,True,False,Neutral,0.19,mexican,mexican,False,"PRD-GHZOV5SMBMC7,PRD-B3EY5LALCL01",False,True
INT-MC3FR5I6D78ADISH,2026-04-14 06:54:31,2026-04-13,CLI-R7VTWB29AGSM,AGT-ZS742EP7U6,Inbound Call,Phone,Transaccional,Transaccional,161.0,157.0,True,False,Neutral,-0.19,mexican,mexican,True,,True,True
INT-GMTYI2AK2523IGH7,2026-04-14 01:17:45,2026-04-13,CLI-G0QGUCH7YR4C,AGT-OH0WV42QJM,Inbound Call,Phone,Producto,Producto,228.0,163.0,True,False,Positivo,0.66,,,False,,False,True
INT-NHKHET30WNWTS8QM,2026-04-14 00:33:07,2026-04-13,CLI-YLOMLD55S3W4,AGT-MQMVGK3ALG,Inbound Call,Phone,Transaccional,Transaccional,558.0,54.0,True,False,Neutral,0.03,colombian,colombian,False,,False,True
INT-ZBFB69V6QQ8NSDS5,2026-04-13 15:34:07,2026-04-13,CLI-P2RAM4O1YUMU,AGT-MGX0DXFXS8,Inbound Call,Phone,Queja,Queja,269.0,91.0,False,True,Positivo,0.4,mexican,mexican,True,"PRD-LUHOW56U712V,PRD-WY6YBFPG8T45",False,True
INT-THOUE7V8NOXN3RPB,2026-04-13 17:35:59,2026-04-13,CLI-1COOLIFFREDM,AGT-3QD3LV3C23,Inbound Call,Phone,Transaccional,Transaccional,368.0,142.0,True,False,Neutral,0.28,mexican,mexican,False,,False,True
INT-LH5CA96OC748HH4X,2026-04-13 17:58:45,2026-04-13,CLI-G4GLTVJRZR5Q,AGT-G5GWLCT1OU,Inbound Call,Phone,Queja,Queja,530.0,137.0,True,False,Neutral,-0.13,mexican,argentine,True,,True,True
INT-Y0LBE7J2PNT7P199,2026-04-13 12:17:39,2026-04-13,CLI-HUX1BGI47OF2,AGT-F7WFZ9B08B,Outbound Call,Phone,Transaccional,Transaccional,147.0,,True,False,Neutral,-0.28,,,False,,False,True
INT-51Q3TMUFL2NK88O1,2026-04-14 01:49:45,2026-04-13,CLI-7BOB93ZSRBT0,AGT-OI77O05LDK,Inbound Call,Phone,Transaccional,Transaccional,182.0,99.0,True,False,Neutral,0.16,mexican,mexican,False,"PRD-QID892G1XV0T,PRD-YWPZJ1PNLIDO,PRD-152YL717K6PY",False,True
INT-3RO5F0QP3MGSEQAN,2026-04-13 10:42:11,2026-04-13,CLI-RXGLK0XGRGXF,AGT-OR7DN8OOL8,Email,Email,Producto,Producto,,,True,False,Neutral,0.07,colombian,colombian,False,,False,False
INT-MLZOYQNR0ZUXRSMI,2026-04-14 00:30:05,2026-04-13,CLI-OYASL2N39G9F,AGT-2Z4O3TCODK,Inbound Call,Phone,Transaccional,Transaccional,197.0,34.0,True,False,Neutral,-0.18,argentine,argentine,False,,False,True
INT-646M9Y475IOMY9KI,2026-04-13 10:39:03,2026-04-13,CLI-0NS3GDSJFDMT,AGT-7XQCZE73IH,Chat,WhatsApp,Comercial,Comercial,,,False,True,Neutral,0.21,mexican,mexican,False,,False,False
INT-2QWOUF6X1T7F1JT6,2026-04-14 06:31:55,2026-04-13,CLI-VY9NCDISZT36,AGT-6OQPU4LB3G,Chat,App,Producto,Producto,,,True,True,Negativo,-0.51,mexican,mexican,False,"PRD-LBXDACJ9W7HZ,PRD-Z2TJ55NH65BU,PRD-KHG4J3KI12I7",False,False
INT-DDTU6CLI527FH53Z,2026-04-14 02:32:13,2026-04-13,CLI-882SC4XW17WI,AGT-7CQYEF4L7J,Inbound Call,Phone,Técnico,Técnico,440.0,216.0,True,False,Negativo,-0.53,colombian,mexican,False,"PRD-7SJ35ED0A0HM,PRD-ISWN2EZV8KKG,PRD-E7MITZABUN71",True,True
INT-MRJYI46VLKMDEVG5,2026-04-13 23:32:17,2026-04-13,CLI-QZHEIW91M06S,AGT-ABUH5G23QO,Chat,WhatsApp,Técnico,Técnico,,,False,True,Neutral,-0.25,,,False,PRD-FTZS8HH5JCI7,False,False
INT-D6HCGRIZDL70H7XV,2026-04-14 03:07:58,2026-04-13,CLI-3SAUI6O4NMYO,AGT-SVZFVPVPBC,Inbound Call,Phone,Queja,Queja,324.0,135.0,False,True,Muy Positivo,0.85,,,False,,False,True
INT-Y55KIFH7IC9F2LGD,2026-04-13 22:41:05,2026-04-13,CLI-E61Q9JZGIIXS,AGT-JF8XQ7A6D7,Outbound Call,Phone,Queja,Queja,310.0,,False,True,Neutral,0.08,mexican,mexican,False,,False,True
INT-G7JQK9CM1E5HN1FL,2026-04-13 17:17:32,2026-04-13,CLI-IC4XR6LXMBGF,AGT-OH0WV42QJM,Inbound Call,Phone,Producto,Producto,321.0,121.0,True,False,Neutral,-0.09,,,True,,False,True
INT-2M8JL1RTE8ZXDQ02,2026-04-13 09:43:59,2026-04-13,CLI-YX7JV9TDPL89,AGT-VUMXHFDA63,Outbound Call,Phone,Producto,Producto,232.0,,True,True,Neutral,0.27,mexican,argentine,False,PRD-0FUSL8FUAQYH,False,True
INT-6IQ6CE685DE65NEB,2026-04-14 00:01:23,2026-04-13,CLI-7SGBJXFK6AOV,AGT-CQBSB9AUGV,Inbound Call,Phone,Técnico,Técnico,398.0,119.0,False,True,Neutral,-0.21,,,False,,False,True
INT-WX2Z69KK6VLTK8QD,2026-04-13 10:14:14,2026-04-13,CLI-KZMQ4VAK5TKO,AGT-PIKPFEQPIH,Outbound Call,Phone,Comercial,Comercial,785.0,,True,False,Neutral,0.26,colombian,colombian,False,PRD-FMVWGJ6Q9FUF,True,True
INT-L2MMCWYWG0J87S7S,2026-04-13 21:06:14,2026-04-13,CLI-9LWPQ9TCJYGW,AGT-3J626YP5SB,Inbound Call,Phone,Producto,Producto,316.0,76.0,True,False,Neutral,-0.24,argentine,argentine,False,,False,True
INT-4NJ601XL6LAECH7J,2026-04-14 03:02:34,2026-04-13,CLI-5NS9FHARHHKW,AGT-I7AE42K1E3,Inbound Call,Phone,Producto,Producto,307.0,13.0,True,False,Positivo,0.56,mexican,mexican,False,PRD-J40W3S35MWDV,False,True
INT-QL31FMR61ZVWBNT5,2026-04-14 05:05:04,2026-04-13,CLI-F97KMARI1L6L,AGT-UX3Z61ZNLY,Inbound Call,Phone,Transaccional,Transaccional,164.0,134.0,True,False,Neutral,-0.29,mexican,mexican,False,PRD-1NT5M46YMYLB,False,True
INT-SZGQ13NZFWDFSXHB,2026-04-14 01:59:25,2026-04-13,CLI-7I73GULR4CJD,AGT-93R1FEUZ8C,Inbound Call,Phone,Comercial,Comercial,558.0,49.0,True,False,Neutral,-0.25,colombian,colombian,False,PRD-K1R73JSG4UOG,True,True
INT-IMRRWIM0ODVJLHCL,2026-04-13 19:54:34,2026-04-13,CLI-Z6R11A0T0UWK,AGT-MVYH7DKNEH,Outbound Call,Phone,Transaccional,Transaccional,197.0,,True,False,Neutral,-0.24,colombian,colombian,False,,False,True
INT-V3VKMZ2D80EQTNDZ,2026-04-13 19:43:22,2026-04-13,CLI-KGB75AZTGUWH,AGT-AN9S4PD9YK,Email,Email,Técnico,Técnico,,,True,False,Negativo,-0.32,mexican,mexican,False,PRD-7UMTZWCOCGUQ,False,False
INT-NFBI4URJAW7Q48OE,2026-04-13 22:39:48,2026-04-13,CLI-TAO90W6JZ57J,AGT-0965QQ774G,Outbound Call,Phone,Transaccional,Transaccional,151.0,,True,False,Neutral,0.07,mexican,mexican,False,,False,True
INT-DJDVMN9G4PN5I76M,2026-04-13 08:53:54,2026-04-13,CLI-5NLUIADSXXXB,AGT-UCOAAM33Z5,Inbound Call,Phone,Técnico,Técnico,449.0,197.0,True,True,Negativo,-0.6,,,False,"PRD-IEQZ30OCZ12P,PRD-Y335SY3RIX3W",False,True
INT-ELKWUY612GDB3X3X,2026-04-13 16:07:31,2026-04-13,CLI-YI8YL8UBP5CK,AGT-OJC9BV7RWY,Inbound Call,Phone,Técnico,Técnico,278.0,121.0,True,False,Positivo,0.5,,,False,,False,True
INT-QWVEA9JOPRSBWRT9,2026-04-14 02:11:44,2026-04-13,CLI-38M6MOV1YUI7,AGT-0FULA5JB42,Inbound Call,Phone,Técnico,Técnico,329.0,31.0,True,False,Muy Negativo,-0.99,mexican,mexican,False,,True,True
INT-2HTMDE846NF9SE82,2026-04-14 03:30:03,2026-04-13,CLI-3VHPTK3VW2N9,AGT-MZOYQF5IHG,Inbound Call,Phone,Producto,Producto,190.0,144.0,True,False,Positivo,0.61,argentine,argentine,False,"PRD-SL3MCXUEBKRO,PRD-ODGUFVUTH1QH,PRD-08W4YMPE2OJD",True,True
INT-NRMTT83X5ULR3ERG,2026-04-13 12:16:39,2026-04-13,CLI-HI34I8SSP4Q8,AGT-L84W3K4FHJ,Chat,App,Producto,Producto,,,True,False,Positivo,0.66,,,False,,False,False
INT-4HDLOZXQDLO47098,2026-04-13 09:02:56,2026-04-13,CLI-DOFMMH86C5ZR,AGT-8NE8GSGUG4,Inbound Call,Phone,Transaccional,Transaccional,201.0,12.0,False,True,Neutral,0.24,colombian,mexican,False,"PRD-I0XROTENZCNZ,PRD-PTN6VT30F414",False,True
INT-FOCCX70AFF9V0POX,2026-04-14 06:01:49,2026-04-13,CLI-48ZC5M3DQZ1M,AGT-9W2W01V6JD,Inbound Call,Phone,Producto,Producto,283.0,36.0,False,True,Muy Positivo,0.87,,,True,,False,True
INT-V8G2W5P1TPFPUTZB,2026-04-14 03:29:32,2026-04-13,CLI-UVM7RX1S4VQC,AGT-TSSIHYMD02,Inbound Call,Phone,Técnico,Técnico,434.0,64.0,False,True,Neutral,0.15,mexican,colombian,True,,False,True
INT-5R3QRF163LU4LRFE,2026-04-14 07:45:56,2026-04-13,CLI-PH79B9N23D3L,AGT-V0731LP1QE,Inbound Call,Phone,Queja,Queja,506.0,125.0,False,True,Positivo,0.65,mexican,mexican,False,,False,True
INT-761XWJKT1DD9SQUI,2026-04-13 09:38:06,2026-04-13,CLI-63QBFX9VT36H,AGT-9C6BRHB25D,Inbound Call,Phone,Producto,Producto,59.0,124.0,True,False,Muy Negativo,-0.89,,,True,,True,True
INT-221GCTK0PGJMNHGM,2026-04-14 02:02:22,2026-04-13,CLI-9Y03350XY6JO,AGT-M6VA6EL960,Inbound Call,Phone,Transaccional,Transaccional,174.0,237.0,True,True,Neutral,0.1,mexican,mexican,False,,False,True
INT-8JC9VUUV13OSEO5M,2026-04-14 06:45:39,2026-04-13,CLI-XAJNZYKKE9U9,AGT-V440PLMXD9,Inbound Call,Phone,Queja,Queja,459.0,118.0,False,True,Neutral,-0.28,,,False,,False,True
INT-TY21Y0T0IQVBK4II,2026-04-14 03:45:30,2026-04-13,CLI-3OSXZRX2VVIC,AGT-G0U5QILT5N,Inbound Call,Phone,Producto,Producto,236.0,116.0,True,False,Negativo,-0.64,colombian,colombian,False,,False,True
INT-74V7HJQ3Q7IF8SSQ,2026-04-14 06:41:31,2026-04-13,CLI-EJCZ8ER62Y80,AGT-2F6DCW7N6Q,Outbound Call,Phone,Transaccional,Transaccional,212.0,,True,True,Neutral,0.02,,,False,"PRD-I7BG284NPT5J,PRD-3L5S3QXHK746,PRD-8U7IDXXD4T28",False,True
INT-7ZLHCLWFMF2VO8QM,2026-04-13 12:43:36,2026-04-13,CLI-2CNGECJN8XNT,AGT-4EBSCOM63S,Inbound Call,Phone,Técnico,Técnico,309.0,169.0,True,False,Neutral,0.01,,,False,"PRD-PCS0HQ745V5Z,PRD-3GJ0PB73TXXJ,PRD-FZQX87M6PF9G",False,True
INT-J9D0H6A6WLYX18YV,2026-04-14 05:45:31,2026-04-13,CLI-RD4UINS59Z9N,AGT-NIV1UCW44H,Inbound Call,Phone,Técnico,Técnico,478.0,249.0,True,False,Negativo,-0.59,argentine,argentine,False,,False,True
INT-YM1ECVY0ZY7AHIGI,2026-04-14 03:22:34,2026-04-13,CLI-8DKHBP26CTRG,AGT-5CPTBAUR6F,Chat,WhatsApp,Transaccional,Transaccional,,,True,False,Neutral,0.18,,,False,,False,False
INT-Q4CS2Q3KM1IRYLHI,2026-04-13 10:02:35,2026-04-13,CLI-Z4OPUJ48EXDB,AGT-64T08W0ODF,Inbound Call,Phone,Técnico,Técnico,452.0,60.0,True,False,Neutral,-0.27,mexican,mexican,False,,True,True
INT-CJV6EQ5BP5EDLJP2,2026-04-14 03:56:30,2026-04-13,CLI-OWM3YAP5TG0R,AGT-HHL6C35P9E,Inbound Call,Phone,Retención,Retención,702.0,82.0,True,False,Neutral,-0.28,,,False,,True,True
INT-GJBETGLH84Z0CPV9,2026-04-14 07:43:36,2026-04-13,CLI-2GFVCX4NM887,AGT-XQOSHBUDXI,Inbound Call,Phone,Técnico,Técnico,229.0,114.0,True,False,Muy Positivo,0.87,mexican,mexican,False,,False,True
INT-4AE4ODJ3T7APUP8C,2026-04-13 13:02:38,2026-04-13,CLI-685VF1CKDKMS,AGT-SVZFVPVPBC,Inbound Call,Phone,Transaccional,Transaccional,183.0,115.0,True,False,Neutral,0.08,,,False,,False,True
INT-OE873E5SUT4ZNZYK,2026-04-13 14:47:16,2026-04-13,CLI-HK4S7RCZBDGH,AGT-LZE1XD1GMT,Inbound Call,Phone,Queja,Queja,204.0,121.0,False,True,Neutral,0.09,mexican,colombian,False,"PRD-C08H9UVIWWZQ,PRD-TGXEY2JWYDS7",False,True
INT-UVNXSJ5WKH0L58B3,2026-04-13 15:41:39,2026-04-13,CLI-J61EI6QB99CN,AGT-RL5EQ6KNBS,Inbound Call,Phone,Técnico,Técnico,310.0,117.0,False,True,Neutral,0.1,colombian,colombian,False,PRD-BT288GLBG4M4,True,True
INT-D64UKKZ14MS5Y7AN,2026-04-13 08:34:40,2026-04-13,CLI-OVGV738I8EN1,AGT-J65U3Y7UPF,Inbound Call,Phone,Producto,Producto,194.0,82.0,True,False,Neutral,0.29,mexican,mexican,False,,False,True
INT-WY5GO426FDBGMW29,2026-04-13 18:18:05,2026-04-13,CLI-6N0IVJTZXOD9,AGT-HLGND96O59,Inbound Call,Phone,Transaccional,Transaccional,132.0,232.0,False,True,Neutral,-0.27,mexican,argentine,True,,False,True
INT-Q8TKTMXCJ6F8J1I4,2026-04-13 23:49:19,2026-04-13,CLI-FG83Z6YDYAR9,AGT-GV8AQYD95Q,Inbound Call,Phone,Comercial,Comercial,695.0,98.0,True,False,Negativo,-0.55,,,False,"PRD-E91HMM749U5V,PRD-388UEZIVS63Y,PRD-CFBDKSNBG84U",False,True
INT-HMJGPJKVN5ZTGD1G,2026-04-13 14:27:06,2026-04-13,CLI-6IJP3F1W6YN9,AGT-8TUK3OR0F6,Chat,App,Transaccional,Transaccional,,,True,False,Neutral,0.2,argentine,argentine,False,,False,False
INT-LMUGUSIQ486MYXG3,2026-04-13 11:38:49,2026-04-13,CLI-QPJ2Z2GJJP8R,AGT-HSAKSDDKYK,Outbound Call,Phone,Técnico,Técnico,393.0,,True,False,Neutral,-0.03,argentine,argentine,False,PRD-RI0ORHT1C77R,True,True
INT-7XDTSS1F4DR5RMRR,2026-04-13 08:33:06,2026-04-13,CLI-SU7T55G35204,AGT-3F5II193NQ,Inbound Call,Phone,Transaccional,Transaccional,247.0,102.0,True,False,Neutral,-0.17,,,False,,True,True
INT-U0OSYGHCHOSVJ962,2026-04-14 02:33:27,2026-04-13,CLI-F85G0RWE6L9M,AGT-3D7OE6TIIB,Outbound Call,Phone,Transaccional,Transaccional,147.0,,True,False,Neutral,0.15,mexican,argentine,False,,False,True
INT-2YDG928HA6NDF6UM,2026-04-14 06:03:02,2026-04-13,CLI-OZTF06TS866T,AGT-EBM3J7XZ6E,Inbound Call,Phone,Producto,Producto,281.0,79.0,True,False,Neutral,0.25,colombian,colombian,False,,False,True
INT-BS2K3ZHV1LXY48ZU,2026-04-13 14:03:42,2026-04-13,CLI-3P3S2W7R7SDQ,AGT-4IHMG1WJMD,Chat,App,Retención,Retención,,,True,False,Negativo,-0.31,,,False,PRD-AJXVKKQOXQU9,False,False
INT-S82PFI8VTJ1HQZV0,2026-04-13 17:24:49,2026-04-13,CLI-8T6HE5U6M2BO,AGT-14RK669CGW,Inbound Call,Phone,Transaccional,Transaccional,141.0,172.0,True,False,Neutral,-0.22,argentine,argentine,False,"PRD-ESA3UBR0RW8Z,PRD-4TYWAPG4Q1QX,PRD-EH7XAZZEU5GK",True,True
INT-XAR22WITY2BE7S5Q,2026-04-13 20:59:35,2026-04-13,CLI-S9HJC1R20BXL,AGT-FU9KBINBYD,Inbound Call,Phone,Transaccional,Transaccional,208.0,139.0,True,False,Neutral,0.01,,,False,PRD-FWET3VIIVYMS,True,True
INT-II16XMQAPI61KD69,2026-04-13 22:10:15,2026-04-13,CLI-XDJI4EZFLHAY,AGT-U51WZ1NTS8,Inbound Call,Phone,Comercial,Comercial,743.0,63.0,True,False,Neutral,-0.2,,,False,,True,True
INT-JAOQU3WHKV2B6ZFS,2026-04-13 11:29:45,2026-04-13,CLI-WEXU5GN6Y5TG,AGT-92W11NU8ER,Inbound Call,Phone,Transaccional,Transaccional,202.0,136.0,True,False,Neutral,0.12,mexican,argentine,False,PRD-STVDEW2V6R4D,False,True
INT-9B1PTZYSSV3O7UUS,2026-04-13 20:37:12,2026-04-13,CLI-J62U2NIL8RBG,AGT-FRAJBL87DS,Outbound Call,Phone,Transaccional,Transaccional,137.0,,True,False,Neutral,-0.05,,,False,,True,True
INT-HTHQZY7TDWUC2KHD,2026-04-13 12:54:27,2026-04-13,CLI-SNPVSE7A1CQQ,AGT-0UA5E2DG3G,Inbound Call,Phone,Retención,Retención,681.0,125.0,True,False,Neutral,0.22,,,False,,False,True
INT-ZL2VAFIMV38JW1CM,2026-04-14 03:08:41,2026-04-13,CLI-0QNVNFXOHI71,AGT-OB1QMLOS9A,Outbound Call,Phone,Transaccional,Transaccional,174.0,,True,False,Neutral,-0.0,,,False,,False,True
INT-NG8QUK4RSIFY3KZY,2026-04-13 17:37:02,2026-04-13,CLI-LL2DSTJN3F2C,AGT-QI5O1LEA1K,Outbound Call,Phone,Producto,Producto,304.0,,True,False,Neutral,-0.22,,,False,PRD-R9L3Z84VI6F3,False,True
INT-R3ZY6P34IW0NTTB7,2026-04-14 02:03:29,2026-04-13,CLI-56G5QOVNM8X4,AGT-HSAKSDDKYK,Inbound Call,Phone,Queja,Queja,407.0,124.0,True,False,Neutral,0.22,mexican,mexican,True,,False,True
INT-FZ03OL88BKBM4F9J,2026-04-14 00:21:00,2026-04-13,CLI-Q1DO0P4SUE7W,AGT-FKUWKRVKJI,Chat,Web Chat,Técnico,Técnico,,,True,True,Neutral,0.11,colombian,colombian,False,,False,False
INT-SPFOSPNZF1OU73A7,2026-04-14 07:35:00,2026-04-13,CLI-ANOUPZ2B49NQ,AGT-JUB6V7KWTH,Inbound Call,Phone,Queja,Queja,388.0,131.0,True,False,Positivo,0.47,mexican,mexican,False,,False,True
INT-G6HE501RN5WTXDHL,2026-04-13 12:08:41,2026-04-13,CLI-GLRL5BK2V3OW,AGT-F9WI50IQUB,Inbound Call,Phone,Transaccional,Transaccional,56.0,94.0,True,False,Neutral,-0.12,colombian,colombian,False,PRD-MZM0XT6CET8O,True,True
INT-NGAWPMBHKXGRC5U3,2026-04-13 08:58:03,2026-04-13,CLI-RZZD2IFALKP1,AGT-0BNYKOVLMJ,Inbound Call,Phone,Producto,Producto,342.0,111.0,True,False,Negativo,-0.51,,,False,,True,True
INT-30HFY4JO5UITLWPJ,2026-04-13 19:47:41,2026-04-13,CLI-P4RGDOZ7KKK9,AGT-7YHGZDPWRS,Inbound Call,Phone,Transaccional,Transaccional,153.0,194.0,True,False,Neutral,-0.05,colombian,colombian,False,,True,True
INT-PNL3H0H1SN16KSLF,2026-04-14 02:27:16,2026-04-13,CLI-FF3KQY2XCM10,AGT-PKWCHKMDDW,Inbound Call,Phone,Transaccional,Transaccional,190.0,158.0,True,False,Neutral,0.11,,,False,"PRD-Z02ECKA4T05O,PRD-J1TVYM8SB04Z,PRD-VAWRNTY0ZIFU",False,True
INT-10MXDQ29FLLVQ6B8,2026-04-13 23:29:40,2026-04-13,CLI-XA7E4FPO0U4S,AGT-46FCJ4R4BY,Inbound Call,Phone,Técnico,Técnico,214.0,193.0,False,True,Muy Negativo,-0.97,,,False,,False,True
INT-AU1XABSS36WEAK2A,2026-04-13 22:36:14,2026-04-13,CLI-FRE65VZKVVQ8,AGT-2GCBYGGPO4,Outbound Call,Phone,Producto,Producto,80.0,,False,True,Negativo,-0.44,,,True,PRD-H9R9Y11ULHRA,False,True
INT-VBMQWEAM8U9DVM81,2026-04-13 18:34:29,2026-04-13,CLI-5A4BT0P7EUO9,AGT-P3D79O30AU,Inbound Call,Phone,Transaccional,Transaccional,144.0,117.0,True,False,Neutral,-0.23,argentine,colombian,False,,False,True
INT-XBI5H132OQIBY1ZO,2026-04-14 02:01:08,2026-04-13,CLI-QX684QJ7CM6U,AGT-R0C8IKREWX,Inbound Call,Phone,Transaccional,Transaccional,246.0,74.0,True,False,Neutral,0.14,,,False,PRD-1I5KEQGCG85S,False,True
INT-MEA6TEQBSUO39W9L,2026-04-14 00:41:59,2026-04-13,CLI-Y3YNH52T894Y,AGT-6L3BLQM63U,Inbound Call,Phone,Técnico,Técnico,351.0,6.0,True,False,Muy Positivo,0.74,mexican,mexican,False,,False,True
INT-DYHVIS2QAWJYZ0JG,2026-04-14 05:55:52,2026-04-13,CLI-YWJ1HKZAQ88H,AGT-Z8JR0B77VI,Inbound Call,Phone,Producto,Producto,119.0,227.0,True,False,Muy Negativo,-0.73,mexican,mexican,False,,False,True
INT-7ASZFTM9TFRM1RBZ,2026-04-13 12:48:51,2026-04-13,CLI-9E8AHGGKSR5J,AGT-BE8UFS60OG,Inbound Call,Phone,Técnico,Técnico,517.0,67.0,True,False,Negativo,-0.47,mexican,mexican,False,,False,True
INT-ZDWJCCNFPBLX94LU,2026-04-13 08:38:55,2026-04-13,CLI-M2HIXWCDCIEP,AGT-RXRI3WGAQW,Email,Email,Técnico,Técnico,,,True,False,Neutral,-0.26,,,False,,False,False
INT-6XKRGQ4F9S1KHOYY,2026-04-13 22:49:10,2026-04-13,CLI-FU05AMV1IVTN,AGT-S6T0KJTHIL,Inbound Call,Phone,Producto,Producto,288.0,34.0,False,True,Muy Negativo,-0.9,argentine,mexican,False,PRD-TC4J3T64ZX1T,False,True
INT-WMUYWD7H4PJHKNO4,2026-04-13 16:14:03,2026-04-13,CLI-L154ZZHU1BCI,AGT-E0B7SL6ZCI,Chat,WhatsApp,Transaccional,Transaccional,,,True,True,Neutral,-0.27,mexican,mexican,False,"PRD-RSS4SBJ192GU,PRD-5S35EAS5CARY,PRD-COR2RGE6LMAA",False,False
INT-JJV521JC5Z2DA6OT,2026-04-13 20:47:36,2026-04-13,CLI-EZQYCTI4U9BH,AGT-P6MGML9D12,Inbound Call,Phone,Transaccional,Transaccional,291.0,188.0,True,False,Neutral,-0.19,colombian,colombian,False,"PRD-89XATMNFWTQ2,PRD-5ZCZM1YFAIVA",False,True
INT-5Q60TPGCHWR38WII,2026-04-14 00:16:26,2026-04-13,CLI-8VW4Y4HO9ZE2,AGT-ELSO6DC1OU,Chat,WhatsApp,Transaccional,Transaccional,,,True,False,Neutral,-0.03,argentine,argentine,False,,True,False
INT-3JKA09GNZJ4DK09O,2026-04-13 17:56:54,2026-04-13,CLI-UNE94GSK8QS2,AGT-4NKRIH3LRB,Inbound Call,Phone,Transaccional,Transaccional,68.0,134.0,True,False,Neutral,-0.29,,,False,,True,True
INT-IVLIZH8JUUGFYD1K,2026-04-14 05:27:37,2026-04-13,CLI-1YIIX2XOCYGJ,AGT-MOP8GEKGPL,Inbound Call,Phone,Transaccional,Transaccional,172.0,84.0,True,False,Neutral,0.18,mexican,mexican,False,"PRD-B4588HJF18PP,PRD-8DC5G7R3XJTI",True,True
INT-X16VENWJ8OGTOKDJ,2026-04-13 22:14:23,2026-04-13,CLI-JVZ1T2ZBFX6W,AGT-W4NDMPHQU7,Inbound Call,Phone,Transaccional,Transaccional,89.0,107.0,True,False,Neutral,-0.05,mexican,mexican,False,,False,True
INT-R6BWJKBANMSNNL4K,2026-04-13 10:48:32,2026-04-13,CLI-YH1NNNRYM5F3,AGT-3WS5S93Z8Y,Inbound Call,Phone,Transaccional,Transaccional,389.0,151.0,False,True,Neutral,0.06,mexican,mexican,False,"PRD-MG31A79ZC8SQ,PRD-W8XAA3OOV2BL",False,True
INT-XAAREZI6DH2IEQ7B,2026-04-13 21:16:16,2026-04-13,CLI-XPADUJR0FXO3,AGT-ZF4Q739XEZ,Outbound Call,Phone,Producto,Producto,376.0,,True,False,Neutral,-0.12,mexican,mexican,False,,False,True
INT-T3YIWU7KTE430901,2026-04-13 20:49:37,2026-04-13,CLI-CP54XZUYSGS5,AGT-FGAVR5FA7R,Inbound Call,Phone,Producto,Producto,277.0,26.0,True,False,Neutral,0.04,,,False,"PRD-WC7F7Q4PC7IK,PRD-RFUWBFLMPYOA",False,True
INT-QBDUR5EEP2PRRXKY,2026-04-13 18:10:55,2026-04-13,CLI-WUYDCD8EFAGA,AGT-R0C8IKREWX,Inbound Call,Phone,Producto,Producto,299.0,9.0,True,False,Neutral,-0.19,,,False,PRD-NHL9S44SDDX5,True,True
INT-RS3Z9B5FKZ4IUD2D,2026-04-13 20:04:42,2026-04-13,CLI-VRNU8RUHIRQP,AGT-TXE9ZY1OJ4,Inbound Call,Phone,Queja,Queja,361.0,26.0,False,True,Neutral,-0.29,mexican,mexican,False,"PRD-EGUPVARWPYIF,PRD-T9A7Q0R5HOS8",False,True
INT-9WJPLD5JNMMB3AA3,2026-04-13 18:05:28,2026-04-13,CLI-CTJ48MBOYNXR,AGT-6Z6COALO6M,Inbound Call,Phone,Retención,Retención,657.0,170.0,True,False,Neutral,0.07,colombian,colombian,False,,False,True
INT-3SPQ2WNPO7NDV1D7,2026-04-14 07:47:22,2026-04-13,CLI-3EO1AQ2WBM7I,AGT-PX17SVBBET,Inbound Call,Phone,Transaccional,Transaccional,140.0,142.0,True,False,Neutral,0.22,argentine,mexican,False,,False,True
INT-K8HBFEGWV8JMR51I,2026-04-14 01:37:48,2026-04-13,CLI-DH20MM2CLYPX,AGT-WJMHSLTJ60,Inbound Call,Phone,Transaccional,Transaccional,166.0,43.0,True,False,Neutral,-0.2,,,False,,False,True
INT-2E8SV0F1XHLEPB6X,2026-04-14 00:49:31,2026-04-13,CLI-ZEN52RBPGMUA,AGT-4ZRJ45ERIZ,Chat,WhatsApp,Transaccional,Transaccional,,,True,False,Neutral,-0.04,mexican,colombian,False,"PRD-FMPPONBXYGSZ,PRD-L2T80X11OS3V",False,False
INT-L6ZLF5ZWBBTALXPQ,2026-04-13 21:42:52,2026-04-13,CLI-WQHUNBWTWRMK,AGT-TV0QBXSVT9,Outbound Call,Phone,Producto,Producto,232.0,,True,False,Negativo,-0.53,,,False,,False,True
INT-E7T48ICU3Z7558GR,2026-04-13 15:22:38,2026-04-13,CLI-HN94LW8M5YWI,AGT-9G892RO3CJ,Inbound Call,Phone,Transaccional,Transaccional,225.0,110.0,True,False,Neutral,0.15,argentine,argentine,False,,False,True
INT-5AT2VZBSZOOHF313,2026-04-13 16:24:37,2026-04-13,CLI-9R26NWNRIQMA,AGT-MQJMFM7L5Y,Inbound Call,Phone,Transaccional,Transaccional,210.0,67.0,True,False,Neutral,0.23,colombian,argentine,False,,True,True
INT-HFSQU8MV8Q21C3FX,2026-04-14 05:22:22,2026-04-13,CLI-KAEXJY2MM20V,AGT-6R937GMSL6,Inbound Call,Phone,Producto,Producto,405.0,41.0,True,False,Neutral,0.01,,,False,,True,True
INT-9W4K3CPP72N600JW,2026-04-13 10:06:20,2026-04-13,CLI-PR2AUV8N873A,AGT-BSQ85EHHBB,Inbound Call,Phone,Transaccional,Transaccional,160.0,36.0,True,False,Neutral,0.1,,,False,,False,True
INT-NKIOT6ENSI42MI4G,2026-04-13 23:30:36,2026-04-13,CLI-67Q9Q7GUU860,AGT-WRGIA5DDCB,Inbound Call,Phone,Producto,Producto,125.0,141.0,True,False,Positivo,0.69,mexican,mexican,False,,True,True
INT-YZKU5OD5R92B7QDC,2026-04-13 12:38:16,2026-04-13,CLI-HC4UGYI51KM1,AGT-BSQ85EHHBB,Outbound Call,Phone,Transaccional,Transaccional,642.0,,True,True,Neutral,0.25,mexican,mexican,False,,False,True
INT-LF4IFCQW3GM9RGU1,2026-04-14 03:01:11,2026-04-13,CLI-D5JDQL8C2NAH,AGT-PX17SVBBET,Inbound Call,Phone,Producto,Producto,321.0,45.0,True,False,Negativo,-0.61,mexican,mexican,False,,False,True
INT-P5IQ5QM1IOYSYC92,2026-04-13 08:10:56,2026-04-13,CLI-8T4FO1GCBVXR,AGT-7B0HRLOX7N,Chat,App,Retención,Retención,,,True,False,Positivo,0.41,colombian,colombian,False,,False,False
INT-W4Z2C2VDA2KVSEC9,2026-04-13 14:40:18,2026-04-13,CLI-9E53BMFMV479,AGT-3JXWWT2USN,Chat,Web Chat,Comercial,Comercial,,,True,False,Neutral,0.28,argentine,mexican,False,PRD-PJODCV55EOK5,False,False
INT-A3VWN5XSQ0JJ39EY,2026-04-13 16:38:01,2026-04-13,CLI-WMBRVGPFR3GQ,AGT-R0HHTLH7NG,Outbound Call,Phone,Producto,Producto,299.0,,False,True,Muy Positivo,0.88,,,False,,True,True
INT-BP9NY4BQL6SA285G,2026-04-14 03:47:23,2026-04-13,CLI-U37EDR57YZYB,AGT-BUS9PDJC54,Inbound Call,Phone,Producto,Producto,202.0,151.0,False,True,Neutral,0.03,argentine,argentine,False,,False,True
INT-YRZN9DMMH90Z5O8W,2026-04-13 16:26:04,2026-04-13,CLI-T8WK26EYY99A,AGT-VPGMWBYXFI,Chat,WhatsApp,Producto,Producto,,,True,False,Neutral,0.1,mexican,mexican,False,PRD-DLQO3WYYO211,False,False
INT-5HJPRBBHHB4PUZ75,2026-04-13 14:03:21,2026-04-13,CLI-XOEAHX33SAPH,AGT-8NM2UHJMKP,Inbound Call,Phone,Técnico,Técnico,252.0,78.0,True,False,Neutral,-0.19,,,True,"PRD-VVJS402L59KF,PRD-9P3TSSLLYXVK,PRD-ABB6MAYBB8G8",False,True
INT-02P53AVYJ048TGMY,2026-04-13 11:34:29,2026-04-13,CLI-XKINLRV5BPZD,AGT-KCVV5R760L,Inbound Call,Phone,Producto,Producto,241.0,17.0,True,True,Neutral,-0.23,argentine,argentine,False,,False,True
INT-DF8ILI3SGO9OJ6ME,2026-04-13 13:16:23,2026-04-13,CLI-1TEGL5K4QBLS,AGT-DBEGJGWYVE,Inbound Call,Phone,Transaccional,Transaccional,169.0,84.0,True,False,Neutral,-0.21,mexican,mexican,False,"PRD-5GZOGGMM6UIG,PRD-1F9TANEZU4ZT",False,True
INT-HTPDZ501WO04E2L0,2026-04-14 02:00:58,2026-04-13,CLI-2URAC90U80MI,AGT-OUFV7MHOLX,Inbound Call,Phone,Comercial,Comercial,585.0,117.0,True,False,Neutral,-0.23,mexican,mexican,False,,True,True
INT-ZP3RZ9QG25CC3LOU,2026-04-13 15:29:43,2026-04-13,CLI-E8AYLR6HO6IY,AGT-BQWKT3AVFQ,Inbound Call,Phone,Producto,Producto,229.0,258.0,True,False,Neutral,-0.22,colombian,colombian,False,PRD-Q268NIHVYKMB,False,True
INT-ZJL2CAHSDUVIP1EK,2026-04-13 16:59:07,2026-04-13,CLI-AU5N28PPVIIN,AGT-KU17P6Y4EJ,Chat,WhatsApp,Comercial,Comercial,,,False,True,Negativo,-0.33,,,False,,False,False
INT-NFH1M2E61F9BQJ9D,2026-04-14 06:47:39,2026-04-13,CLI-U0GQZ6L1HRKT,AGT-VTQJ9SJZEV,Inbound Call,Phone,Producto,Producto,331.0,200.0,True,False,Positivo,0.32,mexican,mexican,False,,False,True
INT-BI8N34H4J8E57RSL,2026-04-14 04:15:37,2026-04-13,CLI-G5JS7CFY2NSB,AGT-6OQPU4LB3G,Inbound Call,Phone,Comercial,Comercial,651.0,213.0,True,False,Neutral,0.19,,,False,,False,True
INT-MT1ZLOTLCQUT7GS5,2026-04-13 19:51:34,2026-04-13,CLI-OUWLZIAU2UDP,AGT-XVTFWL1STE,Email,Email,Técnico,Técnico,,,False,True,Negativo,-0.63,colombian,colombian,False,"PRD-51R4Z4B5FJ5A,PRD-1T8GOGAIO6NF,PRD-B85UUJOBG1O8",False,False
INT-82WUKLPU612YGHRZ,2026-04-13 23:02:59,2026-04-13,CLI-3D1OOMXZLRRQ,AGT-P8AKH6CJ9L,Inbound Call,Phone,Producto,Producto,216.0,174.0,True,False,Neutral,0.19,argentine,argentine,False,,True,True
INT-KEVQDOGDMEQG2H0U,2026-04-13 20:20:44,2026-04-13,CLI-52QUO2QEKO99,AGT-MONXUP4C6Q,Inbound Call,Phone,Producto,Producto,241.0,130.0,True,False,Neutral,0.21,colombian,colombian,False,,False,True
INT-2WBBNON4N6BBETWD,2026-04-14 01:55:31,2026-04-13,CLI-8TAKJE8M92L0,AGT-O41ZQQO47Y,Inbound Call,Phone,Producto,Producto,296.0,131.0,True,False,Muy Negativo,-0.88,argentine,argentine,True,PRD-RZJJO25LUDKW,True,True
INT-WH6I94AYPMJMRBIP,2026-04-14 05:23:15,2026-04-13,CLI-SNZQIHQXOAJY,AGT-CEPAD7FLHM,Chat,App,Queja,Queja,,,True,False,Negativo,-0.46,mexican,mexican,False,,True,False
INT-3BLU3AQFUXPU2A5Q,2026-04-13 19:07:02,2026-04-13,CLI-5LD2VC97JPV8,AGT-OR7DN8OOL8,Inbound Call,Phone,Queja,Queja,721.0,113.0,True,False,Neutral,0.23,,,False,,True,True
INT-TRQ1RUXEC73817G4,2026-04-13 20:12:28,2026-04-13,CLI-PS3DOEDZFNRP,AGT-IQ6LUGCFV9,Inbound Call,Phone,Técnico,Técnico,345.0,106.0,True,False,Positivo,0.65,argentine,argentine,False,,False,True
INT-5O3MT0JBUZ45V7OK,2026-04-13 18:14:24,2026-04-13,CLI-EJXX1J8WCKRH,AGT-0QJX3LETUS,Outbound Call,Phone,Producto,Producto,330.0,,True,False,Neutral,0.03,colombian,mexican,False,,False,True
INT-KA1TWKMNOK6B27TD,2026-04-14 02:10:59,2026-04-13,CLI-WACEG3AS2IF5,AGT-6XP3TGQ4QT,Outbound Call,Phone,Transaccional,Transaccional,142.0,,True,False,Neutral,-0.26,colombian,mexican,False,,False,True
INT-Q1N5J5RGCQUB5JMZ,2026-04-13 19:45:01,2026-04-13,CLI-H0CEWQ815C3Q,AGT-RFSAWCKQ3R,Inbound Call,Phone,Producto,Producto,317.0,45.0,True,False,Negativo,-0.44,,,False,,False,True
INT-KFUFDUTENJCECVQ1,2026-04-14 00:29:45,2026-04-13,CLI-GUXXUOXQTFM3,AGT-VH1MSPB0E8,Inbound Call,Phone,Técnico,Técnico,448.0,79.0,False,True,Muy Negativo,-0.99,mexican,mexican,False,,False,True
INT-Y8NEIAELX19WNTN9,2026-04-13 15:19:23,2026-04-13,CLI-TZJ5YT5ULXTV,AGT-CRXE24TEPA,Inbound Call,Phone,Comercial,Comercial,546.0,116.0,False,True,Muy Positivo,0.89,mexican,argentine,False,,False,True
INT-MYX6KSQ42J1LGWB8,2026-04-13 12:23:40,2026-04-13,CLI-5PPAH84HBOHR,AGT-OXGDKDP90E,Inbound Call,Phone,Queja,Queja,494.0,141.0,False,True,Neutral,0.2,mexican,mexican,False,,False,True
INT-RMUMBUJFSBNA5H3X,2026-04-13 21:28:07,2026-04-13,CLI-XK0K5XP8L94Q,AGT-W2NEJNXW3S,Inbound Call,Phone,Técnico,Técnico,374.0,193.0,True,False,Negativo,-0.39,,,False,,False,True
INT-VQ1D0E0V6TFD50ZU,2026-04-14 02:51:12,2026-04-13,CLI-MV2TWBW87I8Z,AGT-X3WLDNDFIL,Inbound Call,Phone,Técnico,Técnico,187.0,25.0,True,False,Positivo,0.65,mexican,mexican,False,PRD-KRKUPLBYW258,False,True
INT-XRUGQUOR7NPCFDOX,2026-04-14 06:07:22,2026-04-13,CLI-YSYR6Q5TW0EO,AGT-O8NXZF1HJ6,Outbound Call,Phone,Transaccional,Transaccional,141.0,,True,False,Neutral,0.03,,,False,,False,True
INT-Y6Y3NH063JP6PMPO,2026-04-13 22:18:12,2026-04-13,CLI-VQRMH8XEWI8E,AGT-KMZE7JK6KH,Inbound Call,Phone,Comercial,Comercial,497.0,58.0,True,False,Positivo,0.43,,,False,"PRD-5KP1HL8WIC82,PRD-WOQHX4BRSQ2I,PRD-0ZJV3FH06DL8",False,True
INT-KQGOF0U2B3GQ9VDJ,2026-04-13 17:11:00,2026-04-13,CLI-ZHZDT9PAEXFR,AGT-I54H5N8EAF,Inbound Call,Phone,Producto,Producto,304.0,161.0,True,False,Neutral,0.18,,,False,PRD-9ZHCQC7N9ZQI,False,True
INT-F20ST0X0M7OKM4W5,2026-04-14 05:27:15,2026-04-13,CLI-A6CVYL7BKR4B,AGT-P7UOO1A7J0,Inbound Call,Phone,Queja,Queja,369.0,55.0,True,False,Muy Negativo,-0.76,,,False,,True,True
INT-6LSL4USZIX1SXXMO,2026-04-13 16:13:59,2026-04-13,CLI-3USZXXKPXO0P,AGT-4V4YDGZZ5H,Inbound Call,Phone,Producto,Producto,286.0,256.0,True,False,Neutral,0.02,,,False,,False,True
INT-AU1WNTC1GGJY6W59,2026-04-14 00:01:08,2026-04-13,CLI-7L20IGH3RGMM,AGT-4NKRIH3LRB,Inbound Call,Phone,Retención,Retención,531.0,115.0,True,False,Positivo,0.53,argentine,argentine,False,,False,True
INT-FA4OQGRFPLK3B9FP,2026-04-14 00:17:15,2026-04-13,CLI-153SCHEMC3V1,AGT-3QK2IMDGCM,Inbound Call,Phone,Producto,Producto,260.0,95.0,True,False,Neutral,-0.03,colombian,colombian,False,,False,True
INT-E0QK53Y5JC6XCDQO,2026-04-13 13:15:28,2026-04-13,CLI-O8HQR2ZDFB46,AGT-Y3KZLUV3T3,Inbound Call,Phone,Técnico,Técnico,353.0,115.0,True,False,Neutral,-0.02,colombian,mexican,False,,True,True
INT-CLG08F3SED5C9ZXB,2026-04-13 08:13:56,2026-04-13,CLI-280XOSIH0ZTB,AGT-YLWHHOSM0W,Outbound Call,Phone,Producto,Producto,349.0,,True,True,Neutral,0.21,argentine,argentine,False,,True,True
INT-ZWGUE1ARFM85GXPU,2026-04-14 06:14:23,2026-04-13,CLI-G73862YLAN7H,AGT-9AKK72BHHW,Inbound Call,Phone,Técnico,Técnico,337.0,109.0,True,False,Neutral,0.1,argentine,mexican,False,,True,True
INT-C0ZZAAJLJEO3ZPFY,2026-04-13 16:25:51,2026-04-13,CLI-EDCMZKW1NG1N,AGT-BIJKQ265S8,Outbound Call,Phone,Retención,Retención,554.0,,False,True,Negativo,-0.61,mexican,mexican,False,PRD-IP3Q298FLVG3,False,True
INT-5PTPQXR8G3M9328T,2026-04-13 13:55:52,2026-04-13,CLI-FG6P8Q19IMSO,AGT-WFVUMINGZI,Email,Email,Comercial,Comercial,,,True,True,Negativo,-0.7,colombian,colombian,False,,False,False
INT-WU2RBMPWQUZGFW58,2026-04-13 11:25:13,2026-04-13,CLI-7RHMPG7CZ22Z,AGT-DBEGJGWYVE,Outbound Call,Phone,Queja,Queja,301.0,,False,True,Neutral,-0.07,,,False,,True,True
INT-30F7QOQ2XWLQSXZ0,2026-04-13 08:56:37,2026-04-13,CLI-M2XQ9EHDEI9P,AGT-BUS9PDJC54,Inbound Call,Phone,Comercial,Comercial,742.0,249.0,False,True,Positivo,0.52,argentine,argentine,True,"PRD-Y8209ZZUBAZB,PRD-JFC5KMWCIKHS,PRD-RJNBKSZYHHPO",False,True
INT-MP3QLDFS3U5LF1IQ,2026-04-14 07:46:36,2026-04-13,CLI-5CSO2RQ1HOKJ,AGT-G9OO88HUR6,Inbound Call,Phone,Transaccional,Transaccional,224.0,137.0,True,False,Neutral,0.24,mexican,mexican,False,,False,True
INT-HU88CSJ3RBCL4KLK,2026-04-14 02:43:46,2026-04-13,CLI-IAG8CDF39E8M,AGT-G4VQ2XMN69,Outbound Call,Phone,Técnico,Técnico,203.0,,True,False,Neutral,-0.04,mexican,mexican,False,"PRD-OI4MXVES70EH,PRD-3FC1ELWY54I9,PRD-8M7X3YYRL7HG",True,True
INT-Z4XWVOTLYMVRQQ4E,2026-04-13 12:06:05,2026-04-13,CLI-6DA4IL79UZJL,AGT-3SNWBE3W3Y,Inbound Call,Phone,Comercial,Comercial,713.0,121.0,True,False,Positivo,0.61,,,False,,False,True
INT-AIJVUPKS97ZFH26I,2026-04-14 00:00:41,2026-04-13,CLI-SQ21ZH8W9HPJ,AGT-Z32DMC1N4A,Inbound Call,Phone,Producto,Producto,296.0,45.0,True,False,Negativo,-0.46,colombian,colombian,False,"PRD-JX423YGRD2XF,PRD-FNHQ2IXNKJYM",False,True
INT-KB40EP90N9JCJBS2,2026-04-14 01:32:06,2026-04-13,CLI-UD8B73ERV7FL,AGT-XX6WSQ2E5P,Email,Email,Queja,Queja,,,True,False,Neutral,0.01,,,False,"PRD-F3A85JWMNQQW,PRD-K0O7ZVKZKEE5",True,False
INT-T94FVFA8S0HHCM4Y,2026-04-13 17:16:53,2026-04-13,CLI-XLDI1T19LTUQ,AGT-Q4TY30BOYE,Inbound Call,Phone,Transaccional,Transaccional,292.0,180.0,True,False,Neutral,-0.2,,,False,,False,True
INT-7AF9U4KD2ZOHQ3S1,2026-04-13 11:56:20,2026-04-13,CLI-Z9LTRAWIGUXT,AGT-D2H1LNA4JK,Inbound Call,Phone,Transaccional,Transaccional,297.0,88.0,True,True,Neutral,-0.09,,,False,,False,True
INT-S31LG1NT38L3ZIO4,2026-04-13 08:11:39,2026-04-13,CLI-51ZF6WT9D83W,AGT-H600EXWVP2,Inbound Call,Phone,Producto,Producto,300.0,125.0,False,True,Positivo,0.64,argentine,argentine,False,,True,True
INT-0PXKX18PHVCM8BL4,2026-04-14 04:31:43,2026-04-13,CLI-VMJ7YB0F5R1Q,AGT-Q97AQ8XCJF,Inbound Call,Phone,Producto,Producto,298.0,79.0,True,False,Positivo,0.32,,,False,,False,True
INT-F06Y9H18R6CAQ5CH,2026-04-13 10:16:32,2026-04-13,CLI-8S12322A39NH,AGT-A7BR2H7CSS,Inbound Call,Phone,Comercial,Comercial,590.0,84.0,True,False,Neutral,0.21,mexican,mexican,True,,False,True
INT-VGYMCST8G70EFQC2,2026-04-14 04:44:51,2026-04-13,CLI-FER9FRR3EYBW,AGT-A7BR2H7CSS,Outbound Call,Phone,Técnico,Técnico,304.0,,True,False,Neutral,-0.25,colombian,colombian,False,PRD-V8IJ71ER4K8S,True,True
INT-D67CW1HXG5P4QX76,2026-04-13 17:14:05,2026-04-13,CLI-9IJCY1RPIWHG,AGT-A8JC05Z7T5,Inbound Call,Phone,Técnico,Técnico,383.0,168.0,True,False,Negativo,-0.63,colombian,mexican,False,,False,True
INT-L524610HE34AFUR5,2026-04-13 10:48:40,2026-04-13,CLI-JJNQL240667V,AGT-Y01RTJUOQJ,Inbound Call,Phone,Queja,Queja,485.0,152.0,True,False,Negativo,-0.52,mexican,mexican,False,PRD-G3LTX5YQTA7E,True,True
INT-LPDM6P763ELTKC2B,2026-04-14 06:23:12,2026-04-13,CLI-CAF8XVV9P1CX,AGT-LWI6FT9AYN,Inbound Call,Phone,Producto,Producto,303.0,98.0,True,False,Positivo,0.31,colombian,mexican,False,,False,True
INT-YN60S1QG5BALMLUL,2026-04-13 13:08:31,2026-04-13,CLI-LBWIE9U0EP7N,AGT-BRSQ4J226H,Inbound Call,Phone,Transaccional,Transaccional,160.0,140.0,True,False,Neutral,-0.24,colombian,colombian,True,"PRD-TOV5DUSCB2MF,PRD-UI6TYFAYH4OR,PRD-5ISDFT6VP3MR",False,True
INT-01LIK3XER4LS3SSB,2026-04-13 09:16:23,2026-04-13,CLI-PSXXWE142BCC,AGT-R0C8IKREWX,Outbound Call,Phone,Transaccional,Transaccional,391.0,,True,True,Neutral,0.21,mexican,mexican,False,,True,True
INT-Z26K3OMYQK0MYNJQ,2026-04-13 13:16:07,2026-04-13,CLI-G69D3LDK54QW,AGT-LWI6FT9AYN,Inbound Call,Phone,Transaccional,Transaccional,167.0,82.0,True,False,Neutral,0.18,,,False,,False,True
INT-CRU7AP2WFV2I1FIL,2026-04-13 12:18:09,2026-04-13,CLI-MX2XPVZJS6XF,AGT-12AFACXPXI,Outbound Call,Phone,Comercial,Comercial,291.0,,True,False,Negativo,-0.65,,,False,,False,True
INT-5GH47K6ENUK13X77,2026-04-13 15:35:05,2026-04-13,CLI-BL6KUZ8UZAT2,AGT-VCHYT34SD6,Chat,Web Chat,Comercial,Comercial,,,False,True,Muy Negativo,-0.86,argentine,argentine,False,"PRD-OXRPQBQ8918J,PRD-93JI680AD965",False,False
INT-7GITRZOW76N8OWLH,2026-04-13 18:51:03,2026-04-13,CLI-R9I8H2PEOH1W,AGT-T8LM02ABDZ,Outbound Call,Phone,Comercial,Comercial,567.0,,True,True,Positivo,0.36,argentine,argentine,False,"PRD-EKZU47B5LBYN,PRD-OQBBSL00M01S,PRD-3UUCPY0GRGOA",True,True
INT-POZ8PW2UZDMAR0AT,2026-04-14 02:01:06,2026-04-13,CLI-L74UV8QJ5LNY,AGT-0UA5E2DG3G,Inbound Call,Phone,Producto,Producto,288.0,115.0,True,False,Negativo,-0.5,mexican,mexican,False,"PRD-EVI9HIH9FRHG,PRD-3359ZFJ3L8SA",False,True
INT-DEZGZSYQ0BSJADV5,2026-04-13 09:10:29,2026-04-13,CLI-HLKX9T6GTE4A,AGT-FA8XFVJ1ZU,Inbound Call,Phone,Comercial,Comercial,711.0,172.0,False,True,Muy Positivo,0.82,,,False,,False,True
INT-CZQAGH9XF49U2H84,2026-04-14 07:42:47,2026-04-13,CLI-PX1XODYCINBQ,AGT-74NXI0E4E6,Inbound Call,Phone,Producto,Producto,352.0,158.0,True,False,Neutral,0.03,,,False,"PRD-DEYDZ29T9MPA,PRD-62PQS5OLBT8D,PRD-0FTLOON55IIW",False,True
INT-D9FHMLG9XQ1SH40N,2026-04-13 16:23:36,2026-04-13,CLI-1PYM9EWW7I26,AGT-LWI6FT9AYN,Inbound Call,Phone,Queja,Queja,375.0,26.0,False,True,Positivo,0.32,colombian,colombian,False,,True,True
INT-Z8XE0W1JRHPF0PE7,2026-04-14 04:32:39,2026-04-13,CLI-4RYOGWR0JL2A,AGT-E1ZTCO5D24,Email,Email,Queja,Queja,,,True,False,Muy Negativo,-0.96,,,False,"PRD-YIZQ9GV22Q8C,PRD-DHUIT9I5X4WD",True,False
INT-4UMDGUNY6KV9K7ZQ,2026-04-13 20:09:05,2026-04-13,CLI-0D8LM7ASMH27,AGT-07DM6KZ1Y8,Inbound Call,Phone,Técnico,Técnico,399.0,80.0,True,False,Neutral,0.14,colombian,colombian,True,,False,True
INT-V5ODGGJXI5HH8QPU,2026-04-13 08:42:31,2026-04-13,CLI-KA0GQM8KDIAT,AGT-RFSAWCKQ3R,Inbound Call,Phone,Producto,Producto,267.0,183.0,True,False,Neutral,-0.28,colombian,colombian,False,,True,True
INT-YMZY6IXQOKG2I9NW,2026-04-13 15:50:13,2026-04-13,CLI-Y1EF33NSVWUA,AGT-VT6AB8ZSIS,Chat,App,Comercial,Comercial,,,True,False,Positivo,0.52,mexican,mexican,False,"PRD-4WMZWWW3PGK0,PRD-0U0767THP06D,PRD-0RBK23YV8C0W",False,False
INT-K1N0KAYOMD2X0WDG,2026-04-13 13:19:02,2026-04-13,CLI-SJH3EO0R1UVU,AGT-QQ6Z4QXFC4,Inbound Call,Phone,Transaccional,Transaccional,182.0,160.0,True,False,Neutral,0.15,mexican,mexican,False,"PRD-EDSTRZG9RDXJ,PRD-ZM91F8OKNXHD",False,True
INT-X2C2HS6FB8G335J4,2026-04-13 21:15:36,2026-04-13,CLI-UU6M80SEHGRE,AGT-BRSQ4J226H,Inbound Call,Phone,Técnico,Técnico,328.0,174.0,False,True,Negativo,-0.64,colombian,colombian,False,,False,True
INT-NAYGF9QONKG26QDY,2026-04-13 18:34:56,2026-04-13,CLI-QTVI0VFCCBG1,AGT-RE07DENY5A,Chat,App,Queja,Queja,,,False,True,Positivo,0.56,,,False,,False,False
INT-BAZI90KOTS1Z7KMM,2026-04-13 19:05:36,2026-04-13,CLI-S8IWYVIRW55N,AGT-RZPZ4QXWMO,Inbound Call,Phone,Producto,Producto,178.0,135.0,True,True,Neutral,0.16,,,False,,True,True
INT-ETN16ASG3VEORU5V,2026-04-13 16:23:25,2026-04-13,CLI-WXQ1MZPP23D6,AGT-RA3DSUKQ7L,Inbound Call,Phone,Queja,Queja,568.0,90.0,False,True,Neutral,-0.24,mexican,mexican,False,"PRD-ZECKC188EQTE,PRD-SR1AR8ZL7WZU",False,True
INT-S44Q4Y9PHFNGSLWV,2026-04-13 18:44:25,2026-04-13,CLI-RJWG178I4SH6,AGT-XFS0SGZE95,Inbound Call,Phone,Técnico,Técnico,302.0,169.0,False,True,Neutral,-0.27,,,False,,True,True
INT-D6GU4LHE77BDWGFV,2026-04-14 04:31:18,2026-04-13,CLI-72TFJMJKCQVX,AGT-ZJEV0XGD00,Inbound Call,Phone,Comercial,Comercial,609.0,46.0,True,False,Positivo,0.48,mexican,mexican,False,,False,True
INT-TUVFHSEFZLQYTIAQ,2026-04-13 17:56:30,2026-04-13,CLI-CU2U0HQV6ECH,AGT-WKXZRWYSSN,Inbound Call,Phone,Producto,Producto,248.0,212.0,True,False,Neutral,0.28,mexican,mexican,False,,True,True
INT-P7TXD20VUVK7UICS,2026-04-13 20:50:23,2026-04-13,CLI-8D24DDEUAKY5,AGT-AJ8SSRN9XM,Chat,Web Chat,Queja,Queja,,,True,True,Muy Positivo,0.8,mexican,mexican,True,,False,False
INT-DJTUA0501CX7IDU5,2026-04-14 03:49:18,2026-04-13,CLI-SV8RMSICQ8BN,AGT-ZG4P6VMP0M,Inbound Call,Phone,Transaccional,Transaccional,372.0,162.0,True,False,Neutral,-0.28,colombian,colombian,False,,False,True
INT-NA025MK4H25KANHQ,2026-04-13 21:39:20,2026-04-13,CLI-Q6L5A1RO28M8,AGT-1YCIZJAO9N,Inbound Call,Phone,Transaccional,Transaccional,172.0,15.0,True,False,Neutral,0.19,colombian,colombian,False,,True,True
INT-R0BF49Q0637X7AH8,2026-04-13 20:29:44,2026-04-13,CLI-MJFNI81AB0HI,AGT-C2WNAD4Y8J,Inbound Call,Phone,Transaccional,Transaccional,298.0,128.0,True,True,Neutral,-0.15,colombian,colombian,False,,False,True
INT-YR26X3G3P35UXLGE,2026-04-14 04:11:09,2026-04-13,CLI-3RUWYF1L1XYG,AGT-UV811V1O91,Inbound Call,Phone,Transaccional,Transaccional,198.0,177.0,True,False,Neutral,0.2,,,True,"PRD-HAPNHBO3T2Q4,PRD-8URYPNI7W4A5",False,True
INT-80RR9YQE1H9NEVTT,2026-04-13 19:31:41,2026-04-13,CLI-J8V4CTFLOLPH,AGT-GRF6UL86F3,Outbound Call,Phone,Transaccional,Transaccional,137.0,,True,False,Neutral,-0.01,argentine,argentine,False,PRD-T7GH6S3JBPC7,False,True
INT-KYEA2GGMID7XXMTV,2026-04-14 05:20:16,2026-04-13,CLI-CIEMV0XIDM0L,AGT-Z8YFQBMTYZ,Inbound Call,Phone,Queja,Queja,308.0,237.0,True,False,Negativo,-0.44,colombian,colombian,True,"PRD-OKKQ6ZG7VJC0,PRD-KAVCTQF005TQ",False,True
INT-RZ53C67ZLPHVMO7D,2026-04-14 06:16:26,2026-04-13,CLI-OBS8BK3BVE4X,AGT-JCQPNEURE8,Outbound Call,Phone,Producto,Producto,441.0,,True,True,Neutral,-0.08,mexican,colombian,False,,False,True
INT-FTWLKXNVDETKXO41,2026-04-13 23:24:43,2026-04-13,CLI-KZD5Y5ZAQLIC,AGT-155PP3L6XE,Inbound Call,Phone,Transaccional,Transaccional,188.0,145.0,True,False,Neutral,-0.09,,,False,PRD-12GYA48FG7D9,False,True
INT-IPGHGULUXCBYL60R,2026-04-13 10:21:18,2026-04-13,CLI-3SVZHNWWB1Z4,AGT-B49GEGZZF1,Outbound Call,Phone,Retención,Retención,811.0,,False,True,Positivo,0.33,mexican,mexican,False,,False,True
INT-BU8QG8GSWK1IP0Y5,2026-04-14 05:58:35,2026-04-13,CLI-ZXN0OIK1XAMO,AGT-TRZMD8W6Y4,Email,Email,Transaccional,Transaccional,,,True,False,Neutral,-0.06,colombian,colombian,False,"PRD-OH6TV9CRU554,PRD-MM3CNFP171RE",False,False
INT-8XYIM6KZPTYEYO97,2026-04-13 10:17:40,2026-04-13,CLI-KXSYADG2LRVR,AGT-9W2W01V6JD,Outbound Call,Phone,Técnico,Técnico,320.0,,True,False,Muy Positivo,0.87,colombian,colombian,False,,True,True
INT-DQ5VTRM1MG5669FU,2026-04-13 20:28:58,2026-04-13,CLI-PGAHCAM9Y21N,AGT-KL8LWJNEC8,Outbound Call,Phone,Comercial,Comercial,443.0,,True,False,Muy Negativo,-0.72,mexican,mexican,False,PRD-2JYY2OYZ8XY2,False,True
INT-7JNIT6HISB6NHKOP,2026-04-13 18:12:27,2026-04-13,CLI-XYZEKW22D937,AGT-AAM9ILQP8J,Inbound Call,Phone,Transaccional,Transaccional,82.0,77.0,False,True,Neutral,-0.01,,,True,,False,True
INT-GR8A6L3Z3VWJWPEM,2026-04-14 05:05:16,2026-04-13,CLI-FNXGHKKMU0J0,AGT-CEPAD7FLHM,Inbound Call,Phone,Transaccional,Transaccional,199.0,111.0,True,False,Neutral,0.1,,,False,,False,True
INT-FQ6LI9O5QHGT144C,2026-04-13 23:57:46,2026-04-13,CLI-RJVBLG05CFV6,AGT-9ES2CNB4EJ,Inbound Call,Phone,Técnico,Técnico,382.0,87.0,True,False,Neutral,-0.02,,,True,,False,True
INT-MK8AOZRMREXTNO7B,2026-04-13 12:40:16,2026-04-13,CLI-521T3DM906RV,AGT-OJ9N4FGYV9,Inbound Call,Phone,Queja,Queja,397.0,224.0,False,True,Neutral,0.05,colombian,colombian,False,,False,True
INT-4Z6NHJC0RHWMQJO7,2026-04-14 05:06:08,2026-04-13,CLI-AV40UOKF42K4,AGT-JCQPNEURE8,Outbound Call,Phone,Transaccional,Transaccional,244.0,,True,False,Neutral,-0.08,mexican,colombian,False,,False,True
INT-0C0EXTX7FZISGP6L,2026-04-13 13:06:04,2026-04-13,CLI-G6803V107O8E,AGT-V4FGNHLRXQ,Inbound Call,Phone,Transaccional,Transaccional,53.0,47.0,True,False,Neutral,-0.24,,,False,"PRD-AKJ1N9PRXANE,PRD-W2A5FATW26PS,PRD-EFKMFI6B16AH",False,True
INT-QWJ0SFOFVQXUO9JG,2026-04-13 16:10:41,2026-04-13,CLI-Q1XWZBE7TCYP,AGT-IW5KO2V0J3,Inbound Call,Phone,Transaccional,Transaccional,186.0,96.0,True,False,Neutral,-0.2,mexican,mexican,False,"PRD-2YHHM7EKAQQK,PRD-D31ATO2Z7FB8,PRD-S5P9KOBMTORD",False,True
INT-XPWL7H3I5HA0LLFE,2026-04-13 12:56:35,2026-04-13,CLI-CEUMGICTQ1KF,AGT-1ZSO508WOH,Inbound Call,Phone,Queja,Queja,609.0,87.0,False,True,Positivo,0.38,,,False,,False,True
INT-0T0YESXAUKPARP5S,2026-04-14 05:18:55,2026-04-13,CLI-UG5ZYFQKSBY0,AGT-HSNO92AITC,Inbound Call,Phone,Queja,Queja,533.0,172.0,False,True,Muy Negativo,-0.74,,,False,,False,True
INT-ZFYHYANBINNZJ3MW,2026-04-14 07:11:24,2026-04-13,CLI-LSYZZRHIM6F4,AGT-9OUCPLC2FI,Chat,WhatsApp,Transaccional,Transaccional,,,True,False,Neutral,-0.02,colombian,mexican,False,,False,False
INT-NDVME8EO5GVNBT9L,2026-04-13 22:31:28,2026-04-13,CLI-M6NBRH6193Y0,AGT-69430CDLET,Inbound Call,Phone,Transaccional,Transaccional,198.0,108.0,True,False,Neutral,-0.3,colombian,colombian,False,,False,True
INT-U42QL2ZE84W5K81R,2026-04-13 10:04:21,2026-04-13,CLI-ZJC37F6UMQHZ,AGT-L9LMIGUHNZ,Inbound Call,Phone,Técnico,Técnico,345.0,69.0,True,False,Positivo,0.35,mexican,mexican,True,,False,True
INT-O0MEEBS6SKZS7XNQ,2026-04-14 05:19:09,2026-04-13,CLI-XS0UB5VQZNSD,AGT-EC4OBWIIR0,Inbound Call,Phone,Producto,Producto,313.0,176.0,True,False,Neutral,-0.17,mexican,mexican,False,,False,True
INT-SH51QDH41DSMMXK9,2026-04-13 12:03:09,2026-04-13,CLI-QFQGQU5ZU5PY,AGT-ZVS0XWYET1,Chat,App,Producto,Producto,,,True,True,Neutral,0.16,argentine,mexican,False,"PRD-Y6S4Y6UN1WIN,PRD-VWDQ9IB03YI5,PRD-TH7A4TAN6FQ2",True,False
INT-QHWLTSUWB8E2C3XJ,2026-04-13 08:38:35,2026-04-13,CLI-RYX67J4YXO2T,AGT-VBNZ1407P0,Chat,App,Producto,Producto,,,True,False,Neutral,-0.13,colombian,colombian,False,,False,False
INT-DGD22PT61VOV1MGX,2026-04-13 22:59:52,2026-04-13,CLI-TKO8N7G3TTAP,AGT-KE99505Y43,Inbound Call,Phone,Queja,Queja,418.0,127.0,True,False,Positivo,0.54,mexican,mexican,False,,False,True
INT-UOLR2G1G5I5CL52X,2026-04-13 11:10:53,2026-04-13,CLI-5YP7DFWXJSVG,AGT-HWATBOOPXF,Email,Email,Técnico,Técnico,,,False,True,Neutral,0.13,mexican,mexican,False,,False,False
INT-QXX3W60LFCAHGMUL,2026-04-13 20:19:54,2026-04-13,CLI-JUO67KVXYGAP,AGT-IRQJXHNJ9D,Inbound Call,Phone,Producto,Producto,324.0,0.0,True,False,Neutral,-0.15,mexican,mexican,False,,False,True
INT-ND4SSAOLGLDTPAVQ,2026-04-13 14:11:04,2026-04-13,CLI-JSRVDEETTPPZ,AGT-1LZC3FE0Y5,Chat,WhatsApp,Producto,Producto,,,True,False,Negativo,-0.62,argentine,argentine,False,,True,False
INT-2BHPOY27HPTZZI6E,2026-04-13 23:36:06,2026-04-13,CLI-U0RNXELWI6FT,AGT-12AFACXPXI,Inbound Call,Phone,Transaccional,Transaccional,271.0,79.0,True,False,Neutral,-0.11,mexican,mexican,False,PRD-RUQ0284NP6D5,True,True
INT-LMTBO0FGVCF7OCAP,2026-04-13 17:08:46,2026-04-13,CLI-VYY9L90E64DC,AGT-1CPJD4QLU7,Inbound Call,Phone,Transaccional,Transaccional,164.0,90.0,True,False,Neutral,0.06,colombian,colombian,False,"PRD-0GT8PROHYD6U,PRD-PKIPU5FF8PFG,PRD-IR0F4IHRED8G",True,True
INT-VHRSV4QUV9C48PQZ,2026-04-13 17:26:57,2026-04-13,CLI-HUVTLI9L1TMF,AGT-QZBFN7LRWT,Outbound Call,Phone,Producto,Producto,467.0,,True,False,Neutral,-0.14,argentine,mexican,False,,False,True
INT-YOP127777Q5GORU7,2026-04-14 06:05:07,2026-04-13,CLI-J3ZWVWW3UBIX,AGT-S2G1OMBABG,Chat,Web Chat,Transaccional,Transaccional,,,False,True,Neutral,0.19,mexican,mexican,True,,True,False
INT-PA5VAHZWTJMKYF8J,2026-04-14 03:42:41,2026-04-13,CLI-PSALCTYEMP0L,AGT-DVVBAZK0MM,Inbound Call,Phone,Transaccional,Transaccional,112.0,151.0,True,True,Neutral,0.05,colombian,colombian,False,,False,True
INT-8WNA3O7IZABRD2D1,2026-04-13 15:22:52,2026-04-13,CLI-S8XWZVCA8WAS,AGT-QV4LVAPTDM,Outbound Call,Phone,Comercial,Comercial,464.0,,True,False,Neutral,0.21,colombian,colombian,False,,True,True
INT-0K30ABJJ0APXZ0VT,2026-04-14 05:48:30,2026-04-13,CLI-X9X61Q51CEQM,AGT-H814HN4WBQ,Inbound Call,Phone,Retención,Retención,558.0,104.0,True,False,Positivo,0.48,mexican,mexican,False,"PRD-L24ET8BP8SFF,PRD-JL33TLW7IKEU,PRD-NHWNK6523AGQ",False,True
INT-7R2TG7N9AUBM8EQY,2026-04-14 07:24:22,2026-04-13,CLI-263S3DT7QE45,AGT-DBGB5MKK8K,Inbound Call,Phone,Transaccional,Transaccional,298.0,85.0,True,False,Neutral,-0.03,colombian,colombian,False,"PRD-PK9GT0JONVQQ,PRD-EYJ0MY9O53XL",False,True
INT-5RQ8VM0Z3LUOG7UQ,2026-04-14 07:58:22,2026-04-13,CLI-QBDBF0HW3ZI3,AGT-U0ICPNUDA8,Inbound Call,Phone,Transaccional,Transaccional,237.0,59.0,True,False,Neutral,0.05,,,False,,True,True
INT-4IVYPFPRXJLRKYE6,2026-04-13 14:44:22,2026-04-13,CLI-851M7W14P6IQ,AGT-MQJMFM7L5Y,Inbound Call,Phone,Técnico,Técnico,607.0,50.0,True,False,Negativo,-0.44,mexican,mexican,False,PRD-LB8I70IY9ZG9,False,True
INT-ISXIARU6QDN90YQZ,2026-04-13 15:56:05,2026-04-13,CLI-7G5D9TF4N87M,AGT-3OW146SSUR,Outbound Call,Phone,Producto,Producto,229.0,,True,False,Neutral,-0.17,mexican,mexican,False,,True,True
INT-IXGVR2H6WIKQTKVK,2026-04-14 01:43:28,2026-04-13,CLI-A2DEO0BDKYFG,AGT-QW7EGGQH00,Inbound Call,Phone,Transaccional,Transaccional,205.0,55.0,True,False,Neutral,0.04,,,False,,False,True
