transaction_id,transaction_date,process_date,product_id,customer_id,transaction_type,transaction_category,amount,currency,amount_usd,channel,branch_id,merchant_name,merchant_category,transaction_country,transaction_city,transaction_status,response_code,is_fraud,fraud_score,latitude,longitude
TRX-D62JWH2NBCC20WGDWJST,2026-06-01 21:39:52,2026-06-01,PRD-LCNX7FOYPJ5C,CLI-ZRV3KZ8BMWUN,Transfer,,2502376.78,ARS,7149.65,Web,,,,Argentina,Rosario,Approved,00,False,2.22,,
TRX-MS62NOQ0892RKV5842CS,2026-06-01 12:22:28,2026-06-01,PRD-D3FUMHWZXIR1,CLI-AOP53LI0IXQF,Transfer,,7904.85,USD,,ATM,SUC-F03D129S,,,México,Tijuana,Approved,00,False,5.7,-0.5202069,-0.3375196
TRX-KB008KUQ110NMGKD5IHO,2026-06-01 07:12:53,2026-06-01,PRD-2QBM0CV5SL0J,CLI-FPBS8REWC9ZB,Transfer,,5051.66,USD,,ATM,SUC-A9BJ48OP,,,México,Querétaro,Approved,00,False,28.48,,
TRX-NLPP1ELIOWT1ESQUDLU2,2026-06-01 15:14:44,2026-06-01,PRD-RIG4NMXG18EP,CLI-QIAQQ36T0261,Payment,Services,537541.33,ARS,1535.83,ATM,SUC-OSJVEL9O,,,Argentina,Rosario,Approved,00,False,5.93,,
TRX-I7474P92BKZSN3ST2TMS,2026-06-01 15:09:40,2026-06-01,PRD-JHPGSYFTNJE0,CLI-TVKVGJMLY901,Deposit,,3615.01,USD,,POS,,,,México,Monterrey,Approved,,False,8.89,,
TRX-EAHPI1SVTUJ9GARV31KS,2026-06-01 11:19:57,2026-06-01,PRD-6K0BBL3CD6ZK,CLI-62UBNOXVGIKF,Deposit,,1272.0,USD,,ATM,,,,México,Querétaro,Approved,00,False,9.49,,
TRX-IFTI26LLS0V15NWXULSM,2026-06-01 10:39:32,2026-06-01,PRD-52JSG3S1JQBD,CLI-1MUY6ME43HDX,Purchase,Food,281877.05,COP,70.47,POS,,Restaurante El Buen Sabor,Food,Colombia,,Approved,00,False,6.79,,
TRX-QM88BKLBDZCS32VKO15T,2026-06-01 13:44:56,2026-06-01,PRD-8CU9FTMK4QWJ,CLI-SOBOL0XDSR0W,Adjustment,,686.3,USD,,ATM,SUC-4ML8OJM1,,,México,Querétaro,Approved,00,False,24.39,0.6336596,-0.6965901
TRX-DDVOQ1QAFN2RVCQMNODW,2026-06-01 11:36:15,2026-06-01,PRD-A3T6781WZA6B,CLI-LXOSF5R28QES,Purchase,Other,16.33,USD,,POS,,Ferretería,Other,México,Puebla,Approved,00,False,15.9,,
TRX-SRCB5PNC18ICT077NJ4J,2026-06-01 06:27:31,2026-06-01,PRD-4VJHBAWRUT09,CLI-XLILVGBKGJBO,Transfer,,36560622.75,COP,9140.16,App,,,,Colombia,Medellín,Approved,00,False,2.5,,
TRX-TLWTSOSC45YECOOWJW50,2026-06-01 22:28:18,2026-06-01,PRD-8E5EU7MCHFPH,CLI-GTKKIO4IR6A5,Deposit,,1188.08,USD,,POS,,,,México,Puebla,Approved,00,False,27.81,,
TRX-RSJRPHQ2LWT7GP3TZEUG,2026-06-01 18:01:57,2026-06-01,PRD-N26YHS9YU2GV,CLI-75J1REHAT31T,Payment,Other,371.57,USD,,POS,,,,Colombia,Bogotá,Approved,00,False,13.22,0.0713296,0.877595
TRX-59RHOW2ABWMM5DUX7VG7,2026-06-01 16:00:51,2026-06-01,PRD-ZPHOI41GX2E7,CLI-LRLQR7IG47YF,Deposit,,949.24,USD,,Web,,,,Colombia,,Approved,00,False,25.47,,
TRX-0V0TD6MOXSRGZP0GEVMJ,2026-06-01 10:28:26,2026-06-01,PRD-O63ZC592V6WF,CLI-X4YWBUXE4B4K,Withdrawal,,483.93,USD,,Web,,,,México,Querétaro,Approved,,False,11.28,,
TRX-W7FI5RQGWHBTCU1SBY1H,2026-06-01 22:30:29,2026-06-01,PRD-27QOI7PSM3PJ,CLI-AUXTUKIHHO11,Withdrawal,,111.69,USD,,Web,,,,Argentina,Córdoba,Approved,,False,25.33,,
TRX-T5K4VIJURFSJTB11VAVV,2026-06-01 20:02:54,2026-06-01,PRD-LN8O5VGCIRP6,CLI-ENGI4PLDTPH6,Transfer,,20637822.58,COP,5159.46,POS,,,,Colombia,Cali,Approved,00,False,15.23,4.121463,-74.9603679
TRX-A9EE8ODEZBUTVV5Z95RD,2026-06-01 10:35:39,2026-06-01,PRD-BELEMX4ZCAUR,CLI-KAFM7A78QNI7,Payment,Transport,5479399.46,COP,,POS,,,,Colombia,Barranquilla,Approved,00,False,15.71,,
TRX-ZOUV49V9ZNIJQS7QZML7,2026-06-01 23:26:00,2026-06-01,PRD-8SSC5J9H1SCW,CLI-4IH8O5RA7KA1,Payment,Services,1660.65,USD,,POS,,,,Colombia,Medellín,Approved,00,False,0.05,,
TRX-TFN382CV2K6OKHFMLEXF,2026-06-01 10:31:03,2026-06-01,PRD-330VPWDI6SKI,CLI-45J0051BJYNB,Purchase,Food,106.04,USD,,POS,,Mercado Central,,México,Ciudad de México,Approved,,False,15.43,-0.4053912,0.1760348
TRX-RUWJGHA8R9S7HQC9N81U,2026-06-01 14:31:58,2026-06-01,PRD-4OKI0N73EFN4,CLI-3D9AV4DKKLTR,Purchase,Entertainment,3180.08,ARS,9.09,Web,,Conciertos Live,Entertainment,Argentina,Buenos Aires,Approved,00,False,,,
TRX-HLY3B4XI7EG3JIH11ATM,2026-06-02 03:46:17,2026-06-01,PRD-YBNRUH2H6FT9,CLI-ZBRPBLFXQ0ZD,Withdrawal,,300.03,USD,,App,,,,México,Querétaro,Approved,00,False,9.0,,
TRX-F1XQ90EX7BG5LNDDTKL4,2026-06-01 23:04:31,2026-06-01,PRD-4GB6G3W8RR4T,CLI-N19UXRS44T1J,Payment,Other,662831.88,ARS,1893.81,App,,,,Argentina,,Approved,00,False,,,
TRX-98VLKXZF42BT8NAFY1JD,2026-06-01 10:12:54,2026-06-01,PRD-GTAU76BBJFLW,CLI-R69IMEJ2OXTM,Purchase,Transport,64565.53,ARS,184.47,App,,Estación de Servicio,Transport,Argentina,Mendoza,Approved,00,False,7.19,,
TRX-EZQCTT3CVD5YPPVT9H2M,2026-06-01 17:01:24,2026-06-01,PRD-5KXHSY339XW6,CLI-4LI4KMO6YRXR,Purchase,,248.5,USD,,POS,,Mercado Central,Food,México,Tijuana,Approved,00,False,,0.8509661,-0.2161521
TRX-9MNQQK5P2VQ9M2MAY68M,2026-06-01 12:17:24,2026-06-01,PRD-GFGXK27DET0T,CLI-JRP3A9ALSSBQ,Deposit,,679.94,USD,,ATM,SUC-9W1MT1C4,,,México,Guadalajara,Approved,00,False,,,
TRX-OQVXF3G46KAY60538IQM,2026-06-01 14:29:52,2026-06-01,PRD-HVJOJLUKF2IB,CLI-TEFRHCHTG0PG,Adjustment,,841.63,USD,,POS,,,,México,Ciudad de México,Approved,00,False,2.38,,
TRX-897P0REU9P9MOAKKYJ6G,2026-06-01 06:09:25,2026-06-01,PRD-TPKFG5KYMM39,CLI-9AZ6IVC5LNQO,Payment,Food,1710.87,USD,,POS,,,,México,Querétaro,Approved,00,False,16.18,,
TRX-41WXRR63QTRIT7MBR04K,2026-06-01 18:12:44,2026-06-01,PRD-G0RL3SGMEF7I,CLI-HPTF9ZDU6CP0,Transfer,,25417919.23,COP,6354.48,ATM,SUC-KJBGVLU5,,,Colombia,Barranquilla,Approved,00,False,,,
TRX-OVKR13FMWU6TZZCSTQE3,2026-06-01 16:12:38,2026-06-01,PRD-L8N0KSB499XZ,CLI-NAPZES5Z73CQ,Purchase,Food,1165630.69,COP,291.41,POS,,Restaurante El Buen Sabor,,Colombia,Barranquilla,Approved,00,False,,5.6989188,-74.7993985
TRX-IGO1FJX9S7DE454VGV7O,2026-06-01 14:43:37,2026-06-01,PRD-OBBHVGONFEPW,CLI-09U89SOJTR34,Deposit,,13365669.4,COP,3341.42,ATM,SUC-RFQLK7RX,,,Colombia,Medellín,Approved,00,False,2.14,,
TRX-49L6DWWWDOAF4ZRC9JQ3,2026-06-01 10:10:20,2026-06-01,PRD-L41GUKPKAPII,CLI-J3NMD4G0FQJ7,Transfer,,3136.47,USD,,App,,,,México,Monterrey,Approved,00,False,5.8,,
TRX-R7HOFE23D2IGNYQ9DLAL,2026-06-01 14:57:05,2026-06-01,PRD-N3OUMSFWWNRH,CLI-QAWTGLT3BESD,Purchase,Services,111778.74,ARS,319.37,POS,,Servicios Públicos,Services,Argentina,La Plata,Approved,00,False,1.6,,
TRX-WJOFHFTW1R0W25DROJB1,2026-06-02 00:23:10,2026-06-01,PRD-CXGUNGYV0UQK,CLI-EDIF5Z5TBZP5,Purchase,Other,490.56,USD,,Web,,,Other,México,Monterrey,Approved,00,False,,,
TRX-S8ISP1A95QMAOBFFG2ND,2026-06-01 13:47:37,2026-06-01,PRD-RGPPHV0BSX5S,CLI-FUBGL8WJ4IDP,Payment,Transport,2605992.09,COP,651.5,ATM,SUC-QLV3J046,,,Colombia,Cartagena,Approved,00,False,26.0,4.9111078,-73.6637416
TRX-9VVRH3R9QFFHTI1CIX73,2026-06-01 13:17:43,2026-06-01,PRD-WFU86DSI6XR1,CLI-V98NEU1L7GFQ,Payment,Food,1208.51,USD,,POS,,,,México,Monterrey,Approved,00,False,6.79,,
TRX-TAC8E9BX8UA6XG7XEDI2,2026-06-01 07:00:54,2026-06-01,PRD-TSTSF55K8ACL,CLI-24E0B8H9Y58T,Purchase,Entertainment,420.18,USD,,Web,,Conciertos Live,Entertainment,México,Ciudad de México,Approved,00,False,5.36,,
TRX-87DG9VM9D1W27GWUMSFB,2026-06-01 16:49:01,2026-06-01,PRD-EUNIFE4Q5OM3,CLI-9X6EDLTLX0BT,Purchase,Food,66.56,USD,,Web,,Mercado Central,Food,México,Tijuana,Approved,00,False,,,
TRX-N1Y1U1SROZZXIL4TI5H8,2026-06-02 04:00:58,2026-06-01,PRD-GXNS9DVHDMA3,CLI-QURC6G58VDUM,Payment,Entertainment,182.38,USD,,App,,,,México,Querétaro,Approved,00,False,28.35,,
TRX-REHC0WV2M3UMLJXDZT8B,2026-06-02 03:58:57,2026-06-01,PRD-MF241GRMH0HE,CLI-4LKOO4D28RJ0,Transfer,,3274448.96,ARS,9355.57,Web,,,,Argentina,,Approved,00,False,24.82,,
TRX-TRQFE0388G6TVLVI13GC,2026-06-01 07:38:39,2026-06-01,PRD-N6Q2GD8UHKCU,CLI-4N3E1ULHXX1K,Payment,Other,280548.85,ARS,801.57,POS,,,,Argentina,Córdoba,Approved,00,False,22.08,,
TRX-P8VEPO0SRYMNAYCWCQRV,2026-06-01 22:10:27,2026-06-01,PRD-NIAZGJF26P4B,CLI-OFVV6IIDMDWN,Transfer,,1672.06,USD,,Web,,,,México,Guadalajara,Approved,00,False,7.87,,
TRX-W6I1XCPLDAZAY8VE4OP4,2026-06-02 01:23:57,2026-06-01,PRD-TXPMOKMMWLPP,CLI-GF7KCO5725PA,Withdrawal,,410.21,USD,,ATM,SUC-8RYAQ0NO,,,México,Puebla,Approved,00,False,12.44,,
TRX-KHB85VBKZYLA16QN3WXO,2026-06-02 03:10:42,2026-06-01,PRD-X79RMVX7LGB6,CLI-9NQPKN5ET0QT,Deposit,,1101.54,USD,,POS,,,,Argentina,Buenos Aires,Approved,00,False,21.29,,
TRX-KKDPWUKV8NVERSTAI477,2026-06-01 22:29:05,2026-06-01,PRD-U860K9L2NPBA,CLI-IMRS9W3GF24U,Purchase,Food,44379.86,ARS,126.8,Web,,Mercado Central,Food,Argentina,Buenos Aires,Approved,00,False,13.63,,
TRX-0LP0SUGYZ1ELPO113GPM,2026-06-02 05:27:31,2026-06-01,PRD-OJL982E6XGBG,CLI-PLV0AXY3WRS6,Withdrawal,,377.34,USD,,ATM,SUC-FV69BGCV,,,México,Ciudad de México,Approved,00,False,25.93,,
TRX-39X0AI1IUN1D18BSMMBZ,2026-06-01 09:29:53,2026-06-01,PRD-R9FIQHM1V6MW,CLI-SAXBH5AM8ZI8,Transfer,,1628129.63,ARS,4651.8,App,,,,Argentina,La Plata,Approved,00,False,3.93,,
TRX-KOZ55TMV3YF4AC4195M9,2026-06-01 22:17:38,2026-06-01,PRD-RT47WP8ZOEJD,CLI-GS1MOBTX9EGP,Transfer,,3167499.53,COP,791.87,POS,,,,Colombia,Cartagena,Approved,00,False,8.72,,
TRX-YVAZ4Z4IKRBP5HDWRCX8,2026-06-01 23:48:37,2026-06-01,PRD-KYF0OBNJIVZ4,CLI-CO563V4Y306J,Payment,Food,1408592.95,COP,352.15,ATM,SUC-H4WPLB7O,,,Colombia,Bogotá,Approved,00,False,7.82,4.4118783,-73.7501824
TRX-8FNCQ8J79Y8LQUB9ES9G,2026-06-01 22:03:51,2026-06-01,PRD-JM4D1ATHCW66,CLI-2QZWTM0GCYIS,Withdrawal,,1247800.52,COP,311.95,ATM,SUC-2NNWC3AV,,,Colombia,Medellín,Approved,00,False,4.64,,
TRX-C6GZRF0T78VXIQV0EIP3,2026-06-02 03:20:59,2026-06-01,PRD-7D24CAMLUGEF,CLI-FZL8Z8HY1ESN,Purchase,Services,87.32,USD,,Web,,Cable TV,Services,México,Ciudad de México,Approved,00,False,20.33,,
TRX-GGUZ71NMGRNECQGLIQIH,2026-06-01 21:28:54,2026-06-01,PRD-C9O0SLCMAELZ,CLI-0EZMFKDJQTQV,Payment,,3777660.52,COP,944.42,ATM,SUC-1C51KLB3,,,Colombia,Barranquilla,Approved,00,False,,,
TRX-W4KBSRG90RY02U4TFVK0,2026-06-01 07:01:33,2026-06-01,PRD-0VU2O3GNL9TE,CLI-OG10SYSP7UKD,Withdrawal,,85.68,USD,,Web,,,,Colombia,Bogotá,Approved,00,False,,,
TRX-YRH2BJENDGC1HSIQB09J,2026-06-01 23:11:51,2026-06-01,PRD-RHCPQSPP2AKD,CLI-JPB4EX2QT0WV,Withdrawal,,257453.97,COP,64.36,ATM,SUC-A1FLMPEF,,,Colombia,Medellín,Approved,00,False,21.73,,
TRX-ASUESPD1IGH2V30AS3XF,2026-06-01 12:10:38,2026-06-01,PRD-FVXWWXS8B1EQ,CLI-C3XIFY5VD7XA,Withdrawal,,788891.14,COP,197.22,App,,,,Colombia,Medellín,Approved,00,False,28.0,,
TRX-KSHE7N0TW8MT6AXNGJOL,2026-06-02 02:41:38,2026-06-01,PRD-R3V7AK1JHZHS,CLI-78NQABDAMJHK,Purchase,Health,234.2,USD,,Web,,Óptica Visión,Health,USA,New York,Declined,05,False,18.52,,
TRX-NZF6B5XL433SRT1EP4HR,2026-06-01 14:59:17,2026-06-01,PRD-GUBO0212EMCQ,CLI-HIAR4UWZPFLM,Purchase,Services,316.84,USD,,POS,,Internet Plus,Services,México,Monterrey,Approved,00,False,23.96,0.7984669,-0.684461
TRX-DSHNZUHW0XMG3YEALYBF,2026-06-01 18:07:11,2026-06-01,PRD-LOEO9U9OGUUZ,CLI-PI9177EZ6702,Transfer,,37570726.96,COP,9392.68,ATM,SUC-8YXNMWZ7,,,Colombia,Bogotá,Approved,00,False,13.99,4.0648829,-74.7698631
TRX-BRZYDL09K7LXSK8A9UZ1,2026-06-02 00:25:01,2026-06-01,PRD-B7NM4Z0KF73S,CLI-WJK2C0OQY3HQ,Adjustment,,755.85,USD,,Web,,,,México,Tijuana,Approved,00,False,12.5,,
TRX-REFUW8TS52AMQEHEEIGL,2026-06-02 05:45:16,2026-06-01,PRD-7ZR6EO611CQ6,CLI-5WZBCCCTTCA3,Withdrawal,,140289.75,ARS,400.83,Web,,,,Argentina,,Approved,00,False,15.63,,
TRX-GPMEF5KZKZ1TL6MGM4KT,2026-06-01 22:49:28,2026-06-01,PRD-4PQC36A0JNFA,CLI-ZMLBUKF8KCZA,Withdrawal,,384.83,USD,,POS,,,,México,Querétaro,Approved,00,False,25.32,0.2708872,
TRX-RCI31MV2D81U2BJNJ4HQ,2026-06-02 01:29:37,2026-06-01,PRD-63UTXG762N5Y,CLI-HA6A99V4ODQU,Purchase,Transport,287.58,USD,,ATM,SUC-J532XZ5B,Taxi Seguro,Transport,México,Ciudad de México,Approved,00,False,20.1,,
TRX-VUS7FPA985S66T1FC8VS,2026-06-02 01:19:31,2026-06-01,PRD-C3PEWQZ1QCNS,CLI-CFZ7UQNQMJSB,Transfer,,2480640.81,ARS,7087.55,App,,,,Argentina,La Plata,Approved,00,False,2.06,,
TRX-JHJG4PR2QKCBHMRH29TG,2026-06-01 16:36:18,2026-06-01,PRD-WOCAIWCKVU10,CLI-NZ0BNYSS5XZW,Transfer,,3204.67,USD,,POS,,,,México,Querétaro,Approved,00,False,15.29,,
TRX-JZCXTXMUUPZHM88C7J4X,2026-06-02 00:40:40,2026-06-01,PRD-Q7GB0RLVLWRA,CLI-KQEEO8WUDUHT,Purchase,Food,268.73,USD,,Web,,Mercado Central,Food,México,Puebla,Approved,00,False,24.64,,
TRX-7N972AQSFF1NFPD13OCA,2026-06-01 09:17:16,2026-06-01,PRD-B60NA919G7J1,CLI-XOVSQWO48AU3,Withdrawal,,452.6,USD,,POS,,,,México,Tijuana,Approved,00,False,6.57,-0.1782929,
TRX-8D15AB4VWK6KACCID5YY,2026-06-01 23:14:50,2026-06-01,PRD-9CB8253K0E7B,CLI-6PHEYCAK51W7,Transfer,,7915.95,USD,,POS,,,,México,Puebla,Declined,05,False,9.79,,
TRX-Z9T8393SJNUPE3Q3D3A9,2026-06-02 01:05:12,2026-06-01,PRD-UK5KOV1S90F0,CLI-7OSEL0ZMIBPL,Transfer,,8660.9,USD,,ATM,SUC-6M2HY1ZX,,,Argentina,Buenos Aires,Approved,00,False,,,
TRX-DUTTWM6L0LAJZTIVMQ64,2026-06-02 00:23:34,2026-06-01,PRD-27Z764LGB7MY,CLI-L6AZ3AMP863L,Purchase,,293.16,USD,,POS,,Mercado Central,Food,México,,Approved,00,False,6.88,-0.51486,-0.022318
TRX-ZSCB0NRQ5Z0CQIR9LZO7,2026-06-02 01:04:28,2026-06-01,PRD-KASV5UC64YZM,CLI-7OS7ZV0UGM6U,Purchase,Other,132767.34,COP,33.19,POS,,Centro Comercial,Other,USA,New York,Approved,00,False,22.49,5.5582062,-74.5948981
TRX-LRBE10RDGF1CYHYGXJ3K,2026-06-02 04:27:49,2026-06-01,PRD-UCP683F2ZXBZ,CLI-DCSJGCVYTRYT,Payment,Food,1055.45,USD,,POS,,,,México,Querétaro,Approved,00,False,22.14,0.6096108,0.3203242
TRX-895K23FREFJ37EVMVLG2,2026-06-02 01:42:44,2026-06-01,PRD-EJ5WNNEWC2DV,CLI-OWX1MNYFZ9X9,Payment,Entertainment,147123.33,ARS,420.35,POS,,,,Argentina,Rosario,Approved,00,False,10.12,,
TRX-6VBZZ5V5XGRXRJF20YVY,2026-06-01 15:21:53,2026-06-01,PRD-5IAWGHE5QU6I,CLI-33P8O1788U0U,Purchase,Services,1731937.82,COP,432.98,POS,,Cable TV,Services,Colombia,Barranquilla,Approved,,False,12.37,5.0096549,-73.691239
TRX-IDQATJ11OQS0Q8HN9BTP,2026-06-02 03:00:54,2026-06-01,PRD-B5TXS5W2AB6P,CLI-BQQD7VWQ26R5,Adjustment,,2246583.92,COP,561.65,App,,,,Colombia,Medellín,Approved,00,False,,,
TRX-JX60MHWNPPG9233OJQQP,2026-06-01 09:05:43,2026-06-01,PRD-1Q90YB713180,CLI-QOJJDBSDKR64,Transfer,,36065119.76,COP,9016.28,ATM,SUC-07AK38PR,,,Colombia,Medellín,Approved,00,False,0.42,,
TRX-M1K17PBH8ZBNE8F1RX6F,2026-06-01 19:53:16,2026-06-01,PRD-IMAS5Q76OIA7,CLI-404DWWE3JRVG,Transfer,,2087987.53,ARS,5965.68,POS,,,,Argentina,,Approved,00,False,,,
TRX-IIWRWOCGTVBWKOT0ME2E,2026-06-01 14:16:19,2026-06-01,PRD-CHB6SO27BH5B,CLI-VAJLPICP2FEG,Purchase,Other,173757.32,ARS,496.45,Web,,Ferretería,Other,Argentina,Mendoza,Approved,00,False,24.97,,
TRX-8C488ZLAYFKIO10K3AD2,2026-06-02 03:46:47,2026-06-01,PRD-7EQHLBHRMDOS,CLI-OZN9XREH44EM,Withdrawal,,320.0,USD,,Web,,,,USA,New York,Approved,00,False,15.51,,
TRX-2C8SERAYSH46RILOR47S,2026-06-01 17:54:53,2026-06-01,PRD-A947D2XOD8XS,CLI-UEGR9NUCUGGB,Withdrawal,,1756379.04,COP,,ATM,SUC-JZCA1ZND,,,Colombia,,Approved,00,False,15.46,,
TRX-US6FM0712XW1YPVXAC1S,2026-06-02 04:34:07,2026-06-01,PRD-JSDHLCYY0IKH,CLI-TW7W3U9FCBBK,Transfer,,4405.88,USD,,ATM,SUC-QZU3WHKF,,,México,Ciudad de México,Pending,05,False,,,
TRX-D2617IUYQPZ591S5LUWN,2026-06-01 22:16:49,2026-06-01,PRD-WRABMTP0E61U,CLI-E0S0U88B8OCL,Adjustment,,126629.95,ARS,361.8,Web,,,,Argentina,La Plata,Approved,00,False,21.42,,
TRX-8PIAT8VJWJ6FJNN5FEC6,2026-06-01 19:34:25,2026-06-01,PRD-P4OPCW56ORRE,CLI-EAZ2PJJAUSD9,Withdrawal,,1575901.42,COP,393.98,Web,,,,Colombia,Cali,Approved,00,False,28.21,,
TRX-EX7PLAH7NF00201POCE7,2026-06-01 11:47:53,2026-06-01,PRD-271RUWQFQ5OL,CLI-C3P3QUJWOA4T,Withdrawal,,390.16,USD,,Web,,,,México,Guadalajara,Approved,00,False,,,
TRX-8HCOMG0XSCMWIDWZXCM6,2026-06-01 13:39:43,2026-06-01,PRD-J2T9419QOQNY,CLI-DQXWI1HP8VRX,Payment,Services,3728389.68,COP,932.1,App,,,,Colombia,Medellín,Approved,00,False,4.03,,
TRX-MAOXPHEKMILLY36CKF8Y,2026-06-01 20:24:46,2026-06-01,PRD-YU3FS0D8UCNB,CLI-YKAYKZ74CTFZ,Purchase,Transport,262.91,USD,,POS,,Gasolinera Express,Transport,México,,Approved,00,False,12.9,,
TRX-CTJ33JHXONOMEWC1EOEY,2026-06-01 09:34:05,2026-06-01,PRD-2PLUD4IZTFEA,CLI-OLK2W0TKLII3,Transfer,,4657.98,USD,,ATM,SUC-Z7426PZT,,,México,Puebla,Approved,00,False,8.37,,
TRX-1R3FCZIF1DMJ90GFL94E,2026-06-01 21:15:16,2026-06-01,PRD-IN77CV25NM3T,CLI-92QXOJ9AZIUF,Transfer,,2393.28,USD,,ATM,SUC-COPO2MJ8,,,Mexico,Puebla,Approved,00,False,13.62,,
TRX-DQNPL96O7U5S3QPD1GM0,2026-06-01 20:25:25,2026-06-01,PRD-5DMHZXZOLS5O,CLI-AOFHY32H6S8Y,Adjustment,,741.38,USD,,ATM,SUC-2ATW7QMQ,,,México,Querétaro,Approved,00,False,,,
TRX-E27F20KR2DHNBTCGT2VV,2026-06-02 04:15:38,2026-06-01,PRD-CMOTIT9GNV26,CLI-VRPYPQ2N189U,Transfer,,13315368.61,COP,3328.84,POS,,,,Colombia,Cali,Reversed,54,False,10.06,4.1264678,-74.5121356
TRX-J8BFP5A46LXGQD193URE,2026-06-02 02:27:50,2026-06-01,PRD-PK8ZDGRQDUF6,CLI-GZ6TI089O2DK,Withdrawal,,28.26,USD,,POS,,,,México,,Approved,00,False,13.2,,
TRX-WSOLD3IEAV1WEUEAI0IR,2026-06-01 14:20:03,2026-06-01,PRD-6MK92HXR18HU,CLI-52VH3RZGOONB,Payment,Entertainment,1891.28,USD,,App,,,,México,Querétaro,Approved,00,False,21.6,,
TRX-SVCURNRNW6A502IJANQX,2026-06-01 14:31:12,2026-06-01,PRD-J3P2146MUFQO,CLI-HPYMUG52DZ6G,Purchase,Other,449.0,USD,,Web,,Ferretería,Other,USA,,Reversed,51,False,,,
TRX-ERZPC68N51C71U68G0MD,2026-06-02 03:58:02,2026-06-01,PRD-SZ43JJSSIOMB,CLI-7U74N49HH5AO,Purchase,Transport,337.66,USD,,Branch,SUC-NBZZWX8W,Taxi Seguro,Transport,México,Puebla,Approved,00,False,15.07,,
TRX-E8RTSBUBB9L2GDIIHDH1,2026-06-01 23:43:17,2026-06-01,PRD-LKQAMVNYZT2H,CLI-E8DITU7L2X4N,Transfer,,9514.67,USD,,Web,,,,México,,Approved,00,False,,,
TRX-BTZ0ECFDFJP424A77OIK,2026-06-01 14:05:13,2026-06-01,PRD-Q1VBFGO3TSGM,CLI-2FPKPT8N6GYB,Purchase,Health,21172.93,ARS,60.49,Web,,Farmacia Salud,Health,Argentina,Córdoba,Approved,00,False,4.85,,
TRX-Q39TZF7JPD216KVF8ZPN,2026-06-01 23:13:45,2026-06-01,PRD-93OXLXNMBZR7,CLI-NVX9N75TUPDN,Purchase,Health,417478.28,COP,104.37,App,,Laboratorio Central,Health,Colombia,,Declined,05,False,24.33,,
TRX-TPQZCQ83Q899HETW5KJ9,2026-06-02 02:41:43,2026-06-01,PRD-3XS30I4Q78YS,CLI-9ESB958B316Z,Payment,Health,321.56,USD,,POS,,,,México,Monterrey,Approved,00,False,18.76,,
TRX-2NOYIZHTOUIZS5ZM096A,2026-06-02 04:23:10,2026-06-01,PRD-39P07EZUHZWC,CLI-NMJC3WUDTEQK,Deposit,,4994.22,USD,,App,,,,México,Monterrey,Approved,00,False,8.23,,
TRX-9T2S9H003T9CDSMSUW13,2026-06-02 03:24:42,2026-06-01,PRD-1AJ73WG3ZZVK,CLI-L0V9M74HP15Q,Transfer,,1605.13,USD,,ATM,SUC-8HPG0AE8,,,México,Monterrey,Approved,00,False,8.44,0.408505,0.7553394
TRX-6YW6EDD4OG3O1PP9RK1F,2026-06-01 11:18:42,2026-06-01,PRD-RX68NTAPRAXV,CLI-0YTLVKHSJAHF,Deposit,,10529035.65,COP,2632.26,POS,,,,Colombia,Medellín,Approved,00,False,5.54,,
TRX-BXXP6XLYDUN7XEOONNZY,2026-06-01 08:09:56,2026-06-01,PRD-L3O2L30KVAVX,CLI-LKXFWWALECO3,Withdrawal,,138429.83,ARS,395.51,App,,,,Argentina,Mendoza,Declined,05,False,,,
TRX-0GE3UDQBU0T2PWNV8QD2,2026-06-01 17:39:36,2026-06-01,PRD-Y6T7VSF7JH42,CLI-KL1YJJUSTP15,Deposit,,4790.29,USD,,POS,,,,México,Guadalajara,Approved,00,False,8.71,-0.2588646,0.9001721
TRX-ITC88B1WNZ169K3GITGA,2026-06-02 00:40:56,2026-06-01,PRD-RCQN5RU4ET8R,CLI-4W6SH57HZKCI,Withdrawal,,73511.88,ARS,210.03,App,,,,Argentina,La Plata,Declined,05,False,1.44,,
TRX-B5W4E91CEKNDUTO5PG3U,2026-06-02 04:01:28,2026-06-01,PRD-9Y681IEOBB84,CLI-ZCIYMPUT9KWO,Transfer,,37201351.3,COP,9300.34,ATM,SUC-Q56PLH2J,,,Colombia,Bogotá,Approved,00,False,11.62,,
TRX-D79OF0V4Y1C0O93CG8D4,2026-06-01 07:13:10,2026-06-01,PRD-VM25RJ8GSBMJ,CLI-EIC5SHOCPCLH,Payment,Entertainment,58992.05,ARS,168.55,Web,,,,Argentina,Rosario,Approved,00,False,11.13,,
TRX-VCDEJWFTSR23DKN1335M,2026-06-01 23:56:49,2026-06-01,PRD-SLA4SY5G2PW9,CLI-MM8UNFMPR3MB,Withdrawal,,335.59,USD,,POS,,,,México,Ciudad de México,Approved,00,False,18.89,-0.2331835,0.0198168
TRX-TWWZ85U5DFEK9BFRVLX6,2026-06-01 22:00:33,2026-06-01,PRD-HIYHXRC3VM8G,CLI-Z4HT3VSHY44Y,Withdrawal,,90578.96,ARS,258.8,POS,,,,Argentina,Buenos Aires,Approved,00,False,19.28,,
TRX-EF07CN2CQJG166JTWMMM,2026-06-01 09:22:05,2026-06-01,PRD-7D4F77LYIGF6,CLI-N3AB2O82AJV5,Withdrawal,,68.44,USD,,ATM,SUC-R1MU0X5G,,,México,Monterrey,Approved,00,False,5.5,,
TRX-RYRXUV1XYLNAIGYTWO8L,2026-06-02 01:48:50,2026-06-01,PRD-DRQZRFCTRWIB,CLI-4DN8Q7A4USJC,Transfer,,8192.91,USD,,App,,,,México,Guadalajara,Approved,00,False,9.41,,
TRX-QNN0A3QUNBIS0L0L960H,2026-06-01 09:33:31,2026-06-01,PRD-EW2X4FU8OYUB,CLI-21PO7E1B01TA,Purchase,Services,1468120.28,COP,367.03,App,,Servicios Públicos,Services,Colombia,Cartagena,Approved,00,False,21.11,,
TRX-EKRJXYBWKLO3OOWJUIU1,2026-06-01 11:05:13,2026-06-01,PRD-OLY4GSJ956VU,CLI-5C6W7EUZ2J66,Purchase,Food,34.66,USD,,App,,Tienda Don José,Food,México,Puebla,Declined,51,False,14.99,,
TRX-IIX5LRJTTREC0QAU5H1N,2026-06-01 19:33:55,2026-06-01,PRD-2B2SVH186FMS,CLI-S8XWZVCA8WAS,Deposit,,4320291.56,COP,1080.07,ATM,SUC-XZM2NPS4,,,Colombia,Cali,Approved,00,False,24.91,,
TRX-EP02O1U4OJKSJ5UHKVRN,2026-06-01 20:16:34,2026-06-01,PRD-ITFKNJC8DHTT,CLI-TXTUFC1ZNL1T,Withdrawal,,158.06,USD,,ATM,SUC-DL6TAAQL,,,México,Tijuana,Approved,00,False,0.43,,
TRX-0PDX5WLG9K2NIWTPC6MW,2026-06-02 00:18:41,2026-06-01,PRD-BN8JD67T4SFN,CLI-APU03CE3IKAU,Withdrawal,,214.39,USD,,Web,,,,Colombia,Cali,Approved,00,False,15.72,,
TRX-OW5P8E3QPPEBWXYJ2RQD,2026-06-02 04:06:03,2026-06-01,PRD-FCMKMHF1MO0H,CLI-2OPPNAP2UK5A,Withdrawal,,154773.64,ARS,442.21,POS,,,,Argentina,Rosario,Pending,14,False,7.36,,
TRX-FR63AH69O29KC3QI89K5,2026-06-01 17:21:15,2026-06-01,PRD-56MBA81EEI4H,CLI-L40CLN9PBJ3D,Withdrawal,,115.71,USD,,Web,,,,México,Ciudad de México,Approved,00,False,4.26,,
TRX-FZ5SK2UNC8F5QCEMY8MT,2026-06-01 20:06:43,2026-06-01,PRD-TQBM0LP2OBJ5,CLI-COC1B3VFKA3Z,Adjustment,,870.38,USD,,App,,,,México,Ciudad de México,Approved,00,False,8.25,,
TRX-KRPYU50UY2EWQFT1VJDL,2026-06-01 20:40:29,2026-06-01,PRD-ALCH682R1Q38,CLI-RUL0E0DUWVA5,Transfer,,1069236.52,ARS,,ATM,SUC-MAWPQ7HZ,,,Argentina,Córdoba,Approved,,False,5.41,-34.561358,-58.8838576
TRX-DKDMD421LO51LXYXMFET,2026-06-01 15:25:46,2026-06-01,PRD-VMDCQ6KHOJQF,CLI-MPI3BORLL261,Purchase,Services,19708.51,ARS,56.31,Web,,Cable TV,Services,Mexico,Monterrey,Approved,00,False,24.68,,
TRX-7T9AUKXP4UKU2232IV5A,2026-06-01 16:35:52,2026-06-01,PRD-U20R1M2R0P6N,CLI-T9KZ6B8T5VA1,Withdrawal,,20414.8,ARS,58.33,Transfer,,,,Argentina,,Approved,00,False,20.65,,
TRX-QWO4QRIQ6BRAFGTU5KN1,2026-06-01 10:46:15,2026-06-01,PRD-7Y37RMTONCZP,CLI-0MWUY6FMXWDS,Purchase,Health,87.47,USD,,POS,,Óptica Visión,Health,México,Guadalajara,Approved,00,False,,-0.0883151,-0.7783263
TRX-CRIS8XACCYVL1XATY1JT,2026-06-01 13:14:17,2026-06-01,PRD-PIGYEUYGBD8E,CLI-ENSCPJY07SS6,Transfer,,6782.94,USD,,Web,,,,México,Monterrey,Approved,00,False,12.94,,
TRX-F0QX8QJJ3D3HL8707S9Z,2026-06-01 13:31:14,2026-06-01,PRD-MRCK9037F5AR,CLI-IHHF3I2WJKG0,Withdrawal,,132976.8,ARS,379.93,Web,,,,Argentina,Rosario,Approved,00,False,14.34,,
TRX-HEI95CFWH6CSB272KJVD,2026-06-01 14:16:21,2026-06-01,PRD-YFUVHSHF0RZN,CLI-A6UN8O9HAJJG,Purchase,Other,51645.25,ARS,,Web,,,Other,Argentina,Buenos Aires,Approved,00,False,2.28,,
TRX-R0HL6EY2L21JZVK4WQX2,2026-06-01 14:55:46,2026-06-01,PRD-POIK85T3SY8H,CLI-90JJANJGS7WU,Purchase,Entertainment,284.73,USD,,POS,,Streaming Music,Entertainment,México,Guadalajara,Approved,00,False,13.17,,
TRX-P4DOGKH134B1INAWZOV2,2026-06-01 10:27:03,2026-06-01,PRD-URF41QDGS26I,CLI-5L06U8HB0HNH,Withdrawal,,461.83,USD,,ATM,SUC-4AVH1MSP,,,México,Ciudad de México,Approved,00,False,3.33,,
TRX-IIXRYNRG203Y41WXDKPD,2026-06-01 22:44:41,2026-06-01,PRD-O0EQR16UJW7H,CLI-3WQXEJ2DGQ7W,Payment,Transport,2794396.56,COP,698.6,App,,,,Colombia,Bogotá,Approved,00,False,21.54,,
TRX-4MUDIZSF7ZEBTYP3GOT7,2026-06-01 18:25:10,2026-06-01,PRD-M3593X5JOGDR,CLI-9SGPT832N4UP,Withdrawal,,158145.45,ARS,451.84,ATM,SUC-4JYR8GOV,,,Argentina,Rosario,Approved,00,False,7.69,,
TRX-W6BXZAAYVTM143UHH9XL,2026-06-01 09:30:21,2026-06-01,PRD-4SBIB7WINGDF,CLI-QOYQWKP71EI6,Deposit,,1044521.01,ARS,2984.35,POS,,,,Argentina,Buenos Aires,Approved,00,False,,,
TRX-A6HDTL7D2HVBGIRCJXDF,2026-06-01 15:06:36,2026-06-01,PRD-C3UTDAAEX6RC,CLI-MSJWKWN0JE3P,Purchase,Services,241.01,USD,,Web,,Internet Plus,Services,Colombia,,Approved,,False,1.06,,
TRX-POIWTXR0RQAO1UD0RA1N,2026-06-02 05:41:05,2026-06-01,PRD-T58F3VD0OC23,CLI-KEPGJ0URKHX6,Withdrawal,,463.73,USD,,ATM,SUC-UV1CR4D5,,,México,Tijuana,Approved,00,False,16.5,,
TRX-RN0ZMMLWH50Z894N4IYU,2026-06-01 18:54:31,2026-06-01,PRD-PRZEJ1VOLZH4,CLI-RA5M5R49G9BP,Withdrawal,,326.36,USD,,Web,,,,México,Ciudad de México,Approved,00,False,16.49,,
TRX-K8O57WG479YYWTT9BELR,2026-06-01 16:21:16,2026-06-01,PRD-LAG8N0BCPJAH,CLI-KU26RHKMEE2P,Purchase,Food,63907.9,ARS,182.59,ATM,SUC-2T5PUX8Q,Super Ahorro,Food,Argentina,Rosario,Approved,00,False,0.22,-35.3325641,-59.3421441
TRX-JOQCD8XNNV1C5OUSFPPD,2026-06-01 19:04:14,2026-06-01,PRD-N1RGU66HGIFN,CLI-KACEOE79LLQW,Payment,,1600331.92,COP,400.08,ATM,SUC-I7CB5PA8,,,Colombia,Medellín,Approved,00,False,,,
TRX-P4PSC4ER8VO55B0Q7R4M,2026-06-01 17:23:12,2026-06-01,PRD-8257ZW5FPVZQ,CLI-FAKJ8AYY0MKZ,Payment,Food,298.53,USD,,ATM,SUC-J532XZ5B,,,Spain,Valencia,Approved,00,False,15.84,,
TRX-KZZZD25TX1K3UW33HM58,2026-06-02 03:44:08,2026-06-01,PRD-8WBLJ3EU75AI,CLI-BHTKE4ZFVSA7,Payment,Food,1038.13,USD,,POS,,,,México,Puebla,Approved,00,False,3.11,-0.51769,
TRX-237IAE9VNZEOUT85J989,2026-06-01 23:11:45,2026-06-01,PRD-HYNKTQLFY5J4,CLI-06FPGBZ0BN6C,Withdrawal,,274.33,USD,,ATM,SUC-2Z7NT3UT,,,México,Tijuana,Approved,00,False,,,
TRX-ID1DKRWRJ6S01B5NPZQ8,2026-06-01 13:58:46,2026-06-01,PRD-TJPHBTWWQX17,CLI-RM3OI5XFFJZJ,Withdrawal,,395.48,USD,,POS,,,,México,Ciudad de México,Approved,00,False,1.39,,
TRX-NQSG0T2KES5909EBRA86,2026-06-01 22:04:44,2026-06-01,PRD-Y68345BN8OJQ,CLI-HSKOM0CWM8TJ,Withdrawal,,247.6,USD,,App,,,,México,Puebla,Approved,00,False,,,
TRX-EY55JH761AWAJWNJS3NK,2026-06-01 19:47:32,2026-06-01,PRD-RBYD6JPRRB7B,CLI-4Q8FIWLUZMW0,Payment,Food,683.95,USD,,ATM,SUC-2QR0HN01,,,Colombia,Barranquilla,Approved,00,False,21.16,,
TRX-BYJOTED5WZE4AZ15EHER,2026-06-01 08:26:49,2026-06-01,PRD-XKXVGB2GWIIM,CLI-XRE0XP4XMQPR,Transfer,,2427948.29,ARS,6937.0,ATM,SUC-PJ3BSV1X,,,Argentina,Mendoza,Approved,00,False,,,
TRX-9KNENHEGRHH8ATKLDR20,2026-06-02 01:12:23,2026-06-01,PRD-BHL3ROBKXOTJ,CLI-FNWP2AJFLR07,Transfer,,9480.6,USD,,Web,,,,México,,Approved,,False,8.79,,
TRX-FGFBB5LMAFMOCQ1I019H,2026-06-01 14:25:21,2026-06-01,PRD-OP1CX9TGCI94,CLI-JXB2R148C3YH,Withdrawal,,99313.86,ARS,283.75,ATM,SUC-OJAQW0AJ,,,Argentina,Buenos Aires,Declined,54,False,1.69,,
TRX-LFZ1I3V60H5FK6HU0BW2,2026-06-02 04:43:14,2026-06-01,PRD-6C8J87OXHWAA,CLI-F7VB25K08XTN,Purchase,Entertainment,331.74,USD,,ATM,SUC-J532XZ5B,Streaming Music,Entertainment,México,Querétaro,Approved,00,False,,,
TRX-AGISSM2NHNZ8TWQUP90L,2026-06-01 20:51:46,2026-06-01,PRD-XUPO7ZP2MVL4,CLI-7PCUZ1WV92MW,Payment,Services,133074.48,ARS,380.21,POS,,,,Argentina,La Plata,Approved,00,False,21.1,-34.6745339,-58.2392373
TRX-OU24Q6VO5YBJDUKJPA3P,2026-06-01 08:33:47,2026-06-01,PRD-ZISGB127FTPR,CLI-0I2522PPVCRL,Withdrawal,,127.8,USD,,Web,,,,México,Monterrey,Approved,00,False,4.48,,
TRX-8PC87WYOI2CMXYKY81C9,2026-06-02 04:46:13,2026-06-01,PRD-YG91URGCN7HR,CLI-IK93493P8H2O,Adjustment,,69.15,USD,,ATM,,,,México,Querétaro,Pending,14,False,9.91,,
TRX-7SRFSM40NCRG4JK2YB8S,2026-06-01 08:23:44,2026-06-01,PRD-9RX6MO5CA9TW,CLI-KH28M3OIN65Q,Transfer,,1875.23,USD,,Web,,,,México,Ciudad de México,Approved,00,False,2.62,,
TRX-ORM3WYNDE32WSW6Y3EU6,2026-06-01 18:43:53,2026-06-01,PRD-O1VAHDIG7I1O,CLI-F8L5RARF59D2,Payment,Services,99.71,USD,,App,,,,México,Guadalajara,Approved,00,False,,,
TRX-JVCXM2QLV2VKF2H676G8,2026-06-01 07:18:12,2026-06-01,PRD-P1KPGWY185EX,CLI-ABXXAWEE0LG2,Payment,Food,5784948.02,COP,1446.24,POS,,,,Colombia,Cali,Pending,54,False,0.88,,
TRX-JWSJE39YXFPMNOQRYQA4,2026-06-02 04:06:44,2026-06-01,PRD-8QL53Q517S4E,CLI-P0M4Q84FJ7D8,Withdrawal,,1907545.89,COP,476.89,Web,,,,Colombia,,Approved,00,False,22.52,,
TRX-X6ACLGWMKJXU7ANY1UWD,2026-06-01 07:57:45,2026-06-01,PRD-R1I9WMSVROOG,CLI-YZV9Z8PX6TZG,Transfer,,3243.31,USD,,POS,,,,México,Guadalajara,Approved,00,False,,,
TRX-R9G4VQZJMKBBLMWIUGSA,2026-06-01 18:00:43,2026-06-01,PRD-GUTXYRNY6FAS,CLI-6YD9CF6N5LMB,Withdrawal,,23.39,USD,,App,,,,México,Ciudad de México,Approved,00,False,26.61,,
TRX-0NL2548ANLVF7O2WCFM8,2026-06-01 11:13:56,2026-06-01,PRD-2UL9QDCZTLGN,CLI-6KEP6GKN45ZQ,Withdrawal,,114.44,USD,,App,,,,México,Puebla,Approved,00,False,20.69,,
TRX-DNUPHL85SECJEEPA4I43,2026-06-01 11:04:25,2026-06-01,PRD-GB6PRZHGETPU,CLI-KA63QMDO53F8,Payment,Other,4916203.86,COP,1229.05,POS,,,,Colombia,Cali,Approved,00,False,12.04,3.8753105,-74.2291661
TRX-A01597CZKV9PP0KTH6Q9,2026-06-01 14:37:31,2026-06-01,PRD-F0VBJWYSCLQW,CLI-UZCY9YOZYQZQ,Transfer,,1701.82,USD,,ATM,SUC-6A2UBEHN,,,México,Guadalajara,Approved,00,False,15.78,,
TRX-18G2JKCD6944NZFBQ17Q,2026-06-01 11:04:32,2026-06-01,PRD-8J67SWJ3BGCC,CLI-4RKB8T9C3J0V,Withdrawal,,958477.25,COP,239.62,POS,,,,Colombia,Barranquilla,Pending,14,False,,,
TRX-RNL4GDQ3IXNBX91CBSN4,2026-06-01 18:07:24,2026-06-01,PRD-MO0CGJ2BX6CE,CLI-YRUIBIOT9Q24,Purchase,Entertainment,19.03,USD,,App,,Teatro Nacional,Entertainment,México,Ciudad de México,Approved,00,False,1.71,,
TRX-VK5TCDA6W6SD8YZLCUXE,2026-06-01 07:22:49,2026-06-01,PRD-YQRG5442BB51,CLI-0FTSU07FWVFQ,Transfer,,3356150.68,ARS,9589.0,POS,,,,Argentina,Buenos Aires,Approved,00,False,2.96,,
TRX-WTJ4XWS1MLH6V6N6KN0A,2026-06-01 15:46:03,2026-06-01,PRD-TK9ACBFRUM48,CLI-PNEHQKW61NAX,Transfer,,5705.0,USD,,App,,,,México,Puebla,Approved,00,False,17.59,,
TRX-VWIXDARJLV64BJVTP07C,2026-06-01 12:15:11,2026-06-01,PRD-Y022V6NQVCUV,CLI-XGM7MNLOJU6R,Payment,Food,3362341.55,COP,840.59,POS,,,,Colombia,Cartagena,Approved,00,False,10.09,,
TRX-8SIN9IRUVXNY8L9UY8M5,2026-06-01 06:25:01,2026-06-01,PRD-I4BRSAY67N6A,CLI-G0OLGT1URA57,Deposit,,494774.4,ARS,1413.64,POS,,,,Argentina,Buenos Aires,Pending,54,False,,,
TRX-B6BV64SPYTE0WHKGA1YK,2026-06-01 08:29:44,2026-06-01,PRD-GPGT7XS9VM4O,CLI-6PJ58IA9O5FA,Payment,Entertainment,1817.75,USD,,ATM,SUC-Z7426PZT,,,México,Ciudad de México,Approved,00,False,5.74,0.4008407,-0.5522313
TRX-1H856K7X6FE6PJ9I2TZ3,2026-06-01 22:11:01,2026-06-01,PRD-2K2W96I8ORT0,CLI-5GQ1NMJ96TKR,Purchase,Health,262.27,USD,,ATM,SUC-1AT6YUKJ,Laboratorio Central,Health,México,Guadalajara,Declined,,False,17.8,-0.0759806,0.396934
TRX-ST3T8C0S1AGPIB4LVX1M,2026-06-02 04:07:42,2026-06-01,PRD-OY10HK5B3IMA,CLI-KSY9175ARMTY,Transfer,,2257864.44,ARS,6451.04,App,,,,Mexico,Ciudad de México,Approved,00,False,9.87,,
TRX-53M4FYFQ32ZV0BUEQ788,2026-06-01 18:48:10,2026-06-01,PRD-2KASMH2GDJ9Q,CLI-6WG13O4B6A4M,Purchase,Other,241.76,USD,,ATM,SUC-QZU3WHKF,Centro Comercial,Other,México,Guadalajara,Approved,00,False,11.79,0.6785507,
TRX-HMY2DW8A8MKZXWYZ2BJE,2026-06-01 08:27:48,2026-06-01,PRD-1ULUUDDLNSS5,CLI-0KQPD41PLZKQ,Transfer,,6525.65,USD,,App,,,,México,Querétaro,Approved,00,False,24.57,,
TRX-7IEI92W94PSFQQA71C74,2026-06-01 22:48:20,2026-06-01,PRD-YDHFGPIS9QDB,CLI-1U6CFTOL4XIF,Purchase,Entertainment,513682.53,COP,128.42,ATM,SUC-06LBAMRN,Cine Premium,,Colombia,Medellín,Approved,00,False,12.7,4.1547154,-74.4836424
TRX-IN95JON444R12DFMJXJE,2026-06-01 20:16:40,2026-06-01,PRD-BR3B4OL3MS0F,CLI-SK68PGALG86T,Deposit,,311.99,USD,,Web,,,,México,Puebla,Approved,,False,18.22,,
TRX-CRLQABZFAD4B7JNNEWKB,2026-06-02 04:51:59,2026-06-01,PRD-6V7M33ATGDAU,CLI-A8LLSMZ528XW,Deposit,,1556415.11,ARS,4446.9,POS,,,,Argentina,,Declined,51,False,7.03,,
TRX-23J13YVQCEBFNBK853EX,2026-06-01 13:52:26,2026-06-01,PRD-ZW0N4ZBOUTX9,CLI-BWQTO6QM297J,Purchase,Other,1486765.52,COP,371.69,ATM,SUC-9FWCAJXI,Boutique Moda,Other,Colombia,Bogotá,Approved,00,False,,4.4637985,-74.7701875
TRX-P9JN6V5JPORSKW69QR7A,2026-06-01 19:16:42,2026-06-01,PRD-YYJVZJQ0KSXZ,CLI-7CIHX5E96W6H,Deposit,,3251.25,USD,,POS,,,,México,Guadalajara,Approved,00,False,,,
TRX-HT5XLSUZ27SAB9CACA9Y,2026-06-01 12:31:02,2026-06-01,PRD-DMEMX66Y7W8O,CLI-Z64R7QFEDXH4,Payment,Transport,4406616.1,COP,1101.65,ATM,SUC-XZM2NPS4,,,Colombia,Cartagena,Approved,00,False,13.14,,
TRX-IJXVJP2YACOADDPWORK0,2026-06-01 17:07:37,2026-06-01,PRD-SW375QD5F16W,CLI-O8BEUND37V50,Transfer,,9723.9,USD,,Web,,,,México,Monterrey,Approved,00,False,19.47,,
TRX-K3GLW4H10HIN78ILVPVS,2026-06-01 21:18:01,2026-06-01,PRD-ZC47IJ4A3OJJ,CLI-3CRR6PX9U42O,Adjustment,,921.5,USD,,POS,,,,México,Ciudad de México,Approved,00,False,25.0,,
TRX-Z5R6EFEOJTY3NVWYS7PD,2026-06-02 01:32:22,2026-06-01,PRD-HE5IBQUA0K4W,CLI-MW1FTZH4DWDC,Transfer,,3856.54,USD,,ATM,SUC-8P0IDMOM,,,México,Puebla,Approved,00,False,29.58,,
TRX-2FPHT5Z17656071VVL85,2026-06-02 00:43:48,2026-06-01,PRD-6T3CYIYAE867,CLI-C4TBQZAR1NWW,Payment,Food,636.52,USD,,POS,,,,México,Guadalajara,Approved,00,False,22.84,,
TRX-DK7ZV0Y791949KN115ZX,2026-06-02 04:05:27,2026-06-01,PRD-OIVCVBEWF9O9,CLI-UPSWLBV0SJSQ,Purchase,Services,81363.82,ARS,232.47,Web,,Internet Plus,Services,Argentina,Buenos Aires,Approved,00,False,28.34,,
TRX-NB47GQQOADQYGRDPP975,2026-06-01 23:14:33,2026-06-01,PRD-6799BKCAT086,CLI-D9OPHN2XDZUN,Payment,Food,1851.25,USD,,Web,,,,Argentina,Buenos Aires,Approved,00,False,1.75,,
TRX-AMBFX0UT725ESPVE5HFV,2026-06-01 23:41:06,2026-06-01,PRD-WE9FNRNL65YX,CLI-61B6Q53XZCKN,Purchase,Other,284617.53,COP,71.15,Web,,Centro Comercial,Other,Colombia,Bogotá,Approved,00,False,25.05,,
TRX-TT42S9EG07JHLTDEY4TE,2026-06-01 18:49:12,2026-06-01,PRD-9Y9QLPFZHNWU,CLI-3F4UQ1WFEZKV,Purchase,Services,1003266.88,COP,250.82,POS,,Cable TV,Services,Colombia,Bogotá,Declined,54,False,,,
TRX-IRBMF3BK75LQDCOZ1AL4,2026-06-02 02:32:25,2026-06-01,PRD-EC1MM4MCV48D,CLI-VA8H103F9ZGU,Withdrawal,,326.58,USD,,POS,,,,Colombia,Barranquilla,Declined,05,False,17.93,,
TRX-VAGY1Q1AP6JAYB4462MH,2026-06-01 18:43:01,2026-06-01,PRD-IVWDJ1337773,CLI-1YIC7XEHUYLV,Transfer,,3190679.81,ARS,9116.23,POS,,,,Argentina,La Plata,Approved,00,False,0.52,,
TRX-63QHGVX3X135J6XG9LC6,2026-06-01 12:00:21,2026-06-01,PRD-4JJO3A96L9A8,CLI-VF310OI337W4,Transfer,,7404343.04,COP,1851.09,POS,,,,Colombia,Medellín,Approved,00,False,9.49,,
TRX-08XEODW4DNSMOWDZUBN1,2026-06-01 07:32:38,2026-06-01,PRD-KCNOO99WFNYO,CLI-VGHSFTSGQNIW,Deposit,,209779.36,ARS,599.37,ATM,SUC-4ICHM641,,,Argentina,Buenos Aires,Declined,05,False,22.53,,
TRX-KP46F7TJKD25Q7LBLQ1P,2026-06-01 16:22:13,2026-06-01,PRD-YZL0RKZYVRJA,CLI-F4COLH6XPBLB,Transfer,,4470.71,USD,,ATM,SUC-JDXIVV9S,,,México,Puebla,Approved,,False,2.89,,
TRX-KMEQ7NCN1FENFR4JHGNX,2026-06-01 13:57:28,2026-06-01,PRD-GG3NRXL68JJP,CLI-HOM5XADMJT5C,Deposit,,1103.89,USD,,POS,,,,México,,Approved,00,False,,,
TRX-U9G51PKFMUDFFVUVYCXG,2026-06-01 15:45:07,2026-06-01,PRD-YCZOY9FR9V3Q,CLI-NWYV0T4WI52V,Payment,Health,268.96,USD,,ATM,SUC-WSUW783S,,,México,Tijuana,Pending,51,False,,,
TRX-W3USR0OP1K64SD663FLJ,2026-06-02 05:00:45,2026-06-01,PRD-6SHWZ4SKFOM4,CLI-VS5W3D1JGGUM,Transfer,,7392005.59,COP,1848.0,App,,,,Colombia,Bogotá,Approved,00,False,,,
TRX-1EXWW6ZOEAHZFXPTO5V7,2026-06-01 23:00:11,2026-06-01,PRD-RLONJX1MH1YV,CLI-LCTC2GW7BRAK,Purchase,Transport,179.19,USD,,App,,Estación de Servicio,Transport,México,Monterrey,Approved,00,False,,,
TRX-MMOJDSK4LHLDU2ULKO42,2026-06-01 13:46:14,2026-06-01,PRD-36GT4YXUAMNO,CLI-Q1816RALCTUO,Payment,Transport,1685.42,USD,,ATM,SUC-7G8CGE3F,,,México,Puebla,Approved,,False,22.59,,
TRX-F43QVTY6D2SDFJGYL31X,2026-06-01 20:55:40,2026-06-01,PRD-ES5NPS33KVSO,CLI-DBTGO4B62M8C,Payment,Health,1692.94,USD,,ATM,SUC-SDXPHMG4,,,México,Ciudad de México,Approved,00,False,17.85,,
TRX-7F603BE8340MQ9PKDBDE,2026-06-02 02:40:34,2026-06-01,PRD-I7W22QIGFGC8,CLI-77R6K814GSXX,Withdrawal,,178747.28,COP,44.69,ATM,SUC-H9U13579,,,Colombia,Barranquilla,Approved,,False,0.54,,
TRX-JIJVBTJE0UVASGKJ3I7H,2026-06-02 01:30:08,2026-06-01,PRD-4U3O3P0Q7HK3,CLI-ZHALTS5GW3AJ,Adjustment,,154.29,USD,,POS,,,,México,Ciudad de México,Declined,51,False,,-0.2609253,-0.3506317
TRX-XY20UEGJ3J7707KEYSOI,2026-06-02 04:47:25,2026-06-01,PRD-ZWLSEIOF31UJ,CLI-GRX88HNB78G9,Transfer,,683118.38,ARS,1951.77,ATM,SUC-8433QXQ4,,,Argentina,Mendoza,Approved,00,False,21.02,-35.3052119,-57.6645553
TRX-LAW2JUE2JDL3SSNQ1XK7,2026-06-01 17:17:45,2026-06-01,PRD-POQFORN1CXPV,CLI-2BBKV4Q2Z5PP,Withdrawal,,840968.68,COP,210.24,ATM,SUC-HO849Z2Q,,,Colombia,Cali,Approved,00,False,,,
TRX-ZGS4T6XAQLT9LJK9ER8M,2026-06-01 23:12:57,2026-06-01,PRD-Q0T4Q6W6ZX6E,CLI-IQS5N7NE2ZMY,Deposit,,98270.06,ARS,280.77,POS,,,,Argentina,Rosario,Declined,54,False,16.37,,
TRX-4XR8L16ESIY7FQR25KKN,2026-06-01 15:18:35,2026-06-01,PRD-6DWVEN0KPKZC,CLI-07A1U9QJ7CUA,Withdrawal,,83.59,USD,,POS,,,,Colombia,Cartagena,Approved,00,False,19.87,5.4636168,-74.9789032
TRX-E7LP253K4LZVFHKRDWKE,2026-06-02 01:55:26,2026-06-01,PRD-38D3KMZ0PPS8,CLI-T7FQ5HH0272Q,Transfer,,29486661.98,COP,7371.67,ATM,SUC-4OOB7ZFR,,,Colombia,Barranquilla,Approved,,False,0.21,,
TRX-S5CVOXJHF2TYQ1HWJI0E,2026-06-01 06:04:34,2026-06-01,PRD-R6UFMB3X6YL6,CLI-J4B8OQ4JYZ8J,Adjustment,,705.78,USD,,App,,,,México,Querétaro,Approved,00,False,9.04,,
TRX-LCOM08UHJHRB025MFXMN,2026-06-01 12:29:51,2026-06-01,PRD-1TLSBEK91AL5,CLI-9FXGEDGG83NR,Payment,Transport,1152.85,USD,,ATM,,,,México,Guadalajara,Approved,00,False,,,
TRX-TJU785EVYR7LBPLY3LPX,2026-06-01 16:23:29,2026-06-01,PRD-HBTT4JKHQ7GV,CLI-8B3BW2F73YOM,Purchase,Food,328.99,USD,,ATM,SUC-HFPBAT4U,Mercado Central,Food,México,Monterrey,Approved,00,False,17.62,,
TRX-RDZH18GJLF8WOB6HZO2A,2026-06-01 22:55:31,2026-06-01,PRD-ZZEIX1N5QJH0,CLI-GUAQWYYGOAWA,Deposit,,4607.66,USD,,Web,,,,México,Querétaro,Approved,00,False,9.19,,
TRX-N6OHLNA5GWN63B2TG9L7,2026-06-01 16:17:16,2026-06-01,PRD-01XE2CPCPXH8,CLI-63A0SSASFBIA,Deposit,,112926.72,ARS,322.65,ATM,SUC-XCP0A6C8,,,Argentina,Rosario,Approved,00,False,11.8,-35.2576963,-57.9366771
TRX-MA1DI95G4UVLS940ENGR,2026-06-01 10:16:47,2026-06-01,PRD-33Q8HG95BZ0K,CLI-D725DKMPCEZZ,Transfer,,1965.02,USD,,ATM,SUC-2Z7NT3UT,,,México,Puebla,Approved,00,False,21.91,,
TRX-MNEX5OQC0189MRJ4S4U8,2026-06-01 16:25:24,2026-06-01,PRD-CGQSIHDITE1K,CLI-HKMB2VNC1NT5,Transfer,,6818.8,USD,,Branch,SUC-GV2TU3NJ,,,México,,Approved,00,False,16.72,,
TRX-4X7KEH8W3ILW4495N1TA,2026-06-01 19:38:12,2026-06-01,PRD-UH9KJFJ31IXT,CLI-EC7Z4O0RAOM5,Purchase,Services,994590.45,COP,248.65,Web,,Internet Plus,Services,Colombia,Medellín,Approved,00,False,23.08,,
TRX-LY1UIJNZKWCR7ACY26AO,2026-06-01 14:13:39,2026-06-01,PRD-WNPGLMTAK0IG,CLI-YY1ZY3JS4JMS,Withdrawal,,50.55,USD,,Branch,SUC-JDXIVV9S,,,México,Puebla,Approved,00,False,21.55,-0.9278831,
TRX-7AIRO277ZCD7HVVEJ6GT,2026-06-01 19:37:47,2026-06-01,PRD-ZUBGG5N9OZ22,CLI-VHG53WI2S1GW,Payment,Transport,457.07,USD,,Branch,SUC-552N76DP,,,México,Querétaro,Approved,00,False,10.81,-0.5011488,-0.4262926
TRX-HYEEKIBAY8932T4QCZY1,2026-06-01 14:09:11,2026-06-01,PRD-0SNKN74B59UY,CLI-IBIPP9YBMJHF,Payment,Transport,399902.32,ARS,1142.58,ATM,SUC-HBYNA6O6,,,Argentina,Buenos Aires,Approved,00,False,10.96,,
TRX-GRDSQV61WRZ7AHSH7CZH,2026-06-02 05:59:09,2026-06-01,PRD-8WB5CS5V9AOQ,CLI-4Z8477E2DQ3K,Transfer,,5707.39,USD,,App,,,,Colombia,Barranquilla,Approved,00,False,27.08,,
TRX-S5LR2BMS2IJUNO537HZH,2026-06-01 17:09:44,2026-06-01,PRD-QUSG03ID402B,CLI-TAHQEI7FCBKY,Transfer,,31475852.24,COP,7868.96,POS,,,,Colombia,Cartagena,Pending,54,False,26.99,3.9361528,-74.711527
TRX-SGQCOIOC634Q2ER5XLLK,2026-06-02 01:08:43,2026-06-01,PRD-UQF79HA3MY0G,CLI-83PIGPADXNAY,Withdrawal,,467.66,USD,,ATM,SUC-F1BZEJXJ,,,México,Tijuana,Approved,00,False,1.26,,
TRX-VCVG57N8678NGTJX356X,2026-06-01 10:09:37,2026-06-01,PRD-UGDPVAJF4RX5,CLI-XOV1SSR43OAO,Withdrawal,,139.47,USD,,ATM,SUC-JD6LDRA8,,,México,,Approved,00,False,28.36,,
TRX-X3UY3XJ6Y4FX5ZD5J67U,2026-06-01 06:55:55,2026-06-01,PRD-0SGHWDYSFN3C,CLI-M9VXGMXGCU1I,Transfer,,1354405.88,ARS,3869.73,ATM,SUC-JH2YV47F,,,Argentina,La Plata,Approved,00,False,,,
TRX-SEPT2SGVYVD7VPZ26N2M,2026-06-01 14:04:56,2026-06-01,PRD-9UT6VIDSWPTU,CLI-TLGWC241IYNZ,Purchase,Services,857763.93,COP,214.44,ATM,SUC-CFNA2V8Y,Internet Plus,Services,Colombia,,Approved,00,False,19.34,,
TRX-YZ2N0WBIZ0PGVMM46V6W,2026-06-01 22:07:16,2026-06-01,PRD-CH3RPT22705I,CLI-ZPWI7N6IRCBG,Payment,Entertainment,4269419.02,COP,1067.35,App,,,,Colombia,Bogotá,Approved,00,False,8.1,,
TRX-KW883HBLTNRW0BA7LDD4,2026-06-02 00:45:20,2026-06-01,PRD-M6RXTEFQ8X4P,CLI-V0GB5EIVF79Y,Payment,Services,860.46,USD,,App,,,,México,Monterrey,Approved,00,False,29.43,,
TRX-T88I8Q1YQ0WRBR5MLQUF,2026-06-01 23:52:57,2026-06-01,PRD-1CHM63IHPENJ,CLI-L5TLDRLRGZH9,Adjustment,,401.12,USD,,App,,,,México,Puebla,Approved,00,False,26.63,,
TRX-XAVZBSE08N1S18Z74O2G,2026-06-01 19:40:32,2026-06-01,PRD-8XP6FXTZP3RG,CLI-MZRIOPMIRUQ4,Transfer,,1727.26,USD,,POS,,,,México,,Approved,00,False,26.98,0.947751,-0.2576796
TRX-IZ41SH295YIP88BCO59B,2026-06-01 20:19:17,2026-06-01,PRD-SF0UV8GPD9X1,CLI-CJSHVC360HXU,Payment,Health,1283.36,USD,,ATM,SUC-IV7HG0FV,,,Spain,Barcelona,Approved,00,False,,,
TRX-WT0WALTRL5UT933IRMIW,2026-06-01 07:31:34,2026-06-01,PRD-9TAHAANZAVB7,CLI-982XNRWH95AS,Deposit,,4223831.51,COP,1055.96,App,,,,Colombia,Cartagena,Approved,00,False,,,
TRX-S9GDV88B952CFZFXFE0Y,2026-06-01 23:01:11,2026-06-01,PRD-TRY1EQCWJ85A,CLI-NQPUMWHI1L5W,Purchase,Health,6.55,USD,,POS,,Clínica Médica,Health,México,Puebla,Approved,00,False,17.1,,
TRX-CSK3QZIAMXNZD3JVI0NQ,2026-06-02 00:07:11,2026-06-01,PRD-Z3J53YQQFOZ6,CLI-KTGH6L5QLN7B,Payment,Services,1284.5,USD,,ATM,SUC-9DE11KDA,,,México,Guadalajara,Approved,00,False,23.34,,
TRX-CV8VAIK91SFU8LCARMHA,2026-06-01 08:49:10,2026-06-01,PRD-2RNSGL0IL8KM,CLI-EBYK22IAZYZQ,Purchase,Food,217.42,USD,,POS,,Mercado Central,Food,México,Puebla,Approved,00,False,14.51,,
TRX-J95KDGA5I3LUEP6IRE6N,2026-06-01 08:12:51,2026-06-01,PRD-QVQO18UD1K0Y,CLI-M3VYB7GTAVCG,Payment,,352.59,USD,,App,,,,México,,Approved,00,False,1.83,,
TRX-KL37LC19HZ9IGCH9OUIP,2026-06-01 20:56:46,2026-06-01,PRD-RAKH45FCIHXP,CLI-AIRIVNS0W1K6,Transfer,,2378.01,USD,,POS,,,,Colombia,Cali,Approved,00,False,24.16,,
TRX-R7VPNEZ36HCZHEP5FRIA,2026-06-01 16:43:41,2026-06-01,PRD-LPIJYHY7PVBO,CLI-9SZ945MR1P02,Payment,Health,2685531.94,COP,671.38,POS,,,,Colombia,Barranquilla,Approved,00,False,27.32,,
TRX-8FMIKC7XFL16VITSBG4R,2026-06-02 03:15:11,2026-06-01,PRD-YLETXF48K5ZS,CLI-F0Y0TTO4RIT9,Withdrawal,,64042.63,ARS,182.98,Branch,SUC-SN21TOOC,,,Argentina,Córdoba,Approved,00,False,11.14,-35.4700147,-59.2460388
TRX-QM4DFZ9N2LGKOP0FXOMI,2026-06-01 11:56:43,2026-06-01,PRD-1QHDTF5OPFXL,CLI-PP1264YD3SIH,Payment,,7491589.83,COP,1872.9,App,,,,Colombia,Medellín,Approved,00,False,1.04,,
TRX-4OH8MF3IJNSEHF7JW0FE,2026-06-02 04:23:30,2026-06-01,PRD-OE5Q9HSEICC4,CLI-FECOBYG71NCV,Payment,Health,1278.12,USD,,POS,,,,Colombia,Medellín,Approved,00,False,18.91,4.4710655,-73.7805755
TRX-X4XM55GSUOUX7EIU9WWA,2026-06-01 10:17:00,2026-06-01,PRD-5YOQSEPUEL1A,CLI-Z3QGSTL695GI,Transfer,,38039999.85,COP,9510.0,POS,,,,Colombia,Bogotá,Approved,00,False,18.11,5.3234194,-73.0895529
TRX-9YXDJ4I5HVBBPLPU9KNV,2026-06-01 23:31:30,2026-06-01,PRD-R0LWG7H8IP0R,CLI-9R8C5FRURS0O,Purchase,Other,21.67,USD,,ATM,SUC-SDXPHMG4,Boutique Moda,Other,México,Ciudad de México,Approved,00,False,13.38,,
TRX-47LTHDMDRP7KM01ACJA1,2026-06-01 07:52:02,2026-06-01,PRD-PN8LSKWRELIY,CLI-KD0EW2UCJK69,Transfer,,5583.02,USD,,ATM,SUC-XEEDD28B,,,México,Puebla,Approved,00,False,28.65,,
TRX-3OCFSI1BLNUZWHRXJ38F,2026-06-01 15:58:27,2026-06-01,PRD-Z49G75SSGLZE,CLI-C9LQL5IK5R5M,Deposit,,3695.27,USD,,POS,,,,México,Puebla,Approved,00,False,,,
TRX-H5GL817U0QFOMOTWNR7I,2026-06-01 08:48:21,2026-06-01,PRD-L4RRQXB4H6HG,CLI-4XLTE3SLH4GD,Withdrawal,,74.99,USD,,ATM,SUC-2LW7L4Y3,,,Colombia,Medellín,Approved,00,False,10.56,4.2058074,-74.5405063
TRX-EO8MUJQBY30JN9413TSW,2026-06-01 17:40:05,2026-06-01,PRD-URHV2FPOY7X4,CLI-RUUZ2GRCHUIU,Purchase,Health,426649.9,COP,,POS,,,Health,Colombia,Cali,Approved,00,False,21.19,,
TRX-EZLNCEQ8WDLGB21H0HL5,2026-06-02 00:04:52,2026-06-01,PRD-9E9HGOLUZHIR,CLI-HCQ6D3CKDVPD,Withdrawal,,288.58,USD,,POS,,,,México,Monterrey,Approved,00,False,8.81,,
TRX-W1NOA73A3A7O2UJ3LR9T,2026-06-01 11:11:12,2026-06-01,PRD-3K2J1MV06PRX,CLI-8MSTKTUVU748,Payment,Food,339951.7,ARS,971.29,POS,,,,Argentina,,Approved,00,False,,,
TRX-WZHKJ4T261S0XBYO4WH6,2026-06-01 12:11:36,2026-06-01,PRD-TQLNJ4WM9ACJ,CLI-L76XHN0NPS49,Withdrawal,,1223113.9,COP,305.78,ATM,SUC-KY2QIURA,,,Colombia,Medellín,Approved,00,False,0.6,,-74.1145214
TRX-RJCSI5JAX003ZEXRU6GY,2026-06-01 20:28:14,2026-06-01,PRD-A31PQNERPC8P,CLI-WMZKESFD0K7Q,Payment,Food,7907256.13,COP,1976.81,POS,,,,Colombia,Barranquilla,Approved,00,False,25.01,,
TRX-7KER043AM7RLEAFJR0IM,2026-06-02 05:21:58,2026-06-01,PRD-O0SP97W8RNUA,CLI-HWTROK272ZWT,Transfer,,2460.26,USD,,POS,,,,México,Tijuana,Approved,00,False,22.15,,
TRX-3WEJFXDXYVPX2SGV7GU8,2026-06-01 18:24:18,2026-06-01,PRD-ZS2YQSS6HPH7,CLI-MEQYQA4A96P8,Payment,Other,1355.67,USD,,POS,,,,Argentina,,Declined,51,False,13.78,,
TRX-F493PQ4QGBK51WIHI9EV,2026-06-01 17:02:55,2026-06-01,PRD-0CEP1NVN6HW2,CLI-E526ULDZKKOJ,Withdrawal,,271.15,USD,,Web,,,,México,Ciudad de México,Approved,00,False,20.22,,
TRX-WGJKFNISHFQSTCZS6RBX,2026-06-01 13:51:13,2026-06-01,PRD-7O3N30UHW34L,CLI-FYQHFXOLRY8F,Purchase,Services,385459.82,COP,96.36,POS,,Cable TV,Services,Colombia,Barranquilla,Approved,00,False,5.4,,
TRX-N0CJP5AIEMU5CR3SQEDB,2026-06-01 07:02:20,2026-06-01,PRD-U20R1M2R0P6N,CLI-T9KZ6B8T5VA1,Payment,Entertainment,624510.22,ARS,1784.31,ATM,SUC-46JOBFMX,,,Argentina,Buenos Aires,Declined,51,False,10.86,,
TRX-80I7K4J4Y19XQ4M745MV,2026-06-02 02:34:02,2026-06-01,PRD-QPIJBD7C59YH,CLI-54AAO18FVHFQ,Purchase,Transport,573671.32,COP,143.42,ATM,SUC-XPLAOSH4,Gasolinera Express,Transport,Colombia,Bogotá,Approved,00,False,12.72,4.696504,-73.7862604
TRX-ROU992OBOPA0KG2VKYQS,2026-06-01 19:43:29,2026-06-01,PRD-6EQF1ZH6E8EI,CLI-64UNX8ZXH056,Transfer,,3251.7,USD,,ATM,SUC-8RYAQ0NO,,,México,Tijuana,Approved,00,False,0.58,,
TRX-T21ZL2W0W2G6V0SHY4EB,2026-06-01 16:59:33,2026-06-01,PRD-U8WUR4V7T2BV,CLI-X7FF1IX9VY2G,Transfer,,7775.17,USD,,POS,,,,México,Guadalajara,Approved,00,False,,,
TRX-0TFY6RDOTTQQ9MQYH19L,2026-06-01 07:10:45,2026-06-01,PRD-1UCQ71II1MJ9,CLI-WQYUAVGN6CIY,Purchase,Food,310.41,USD,,POS,,Restaurante El Buen Sabor,,México,Puebla,Approved,00,False,21.8,,
TRX-UG9TKTTRJNBGXQ3ONO0R,2026-06-01 20:15:01,2026-06-01,PRD-BX0AJKZ8XAOV,CLI-WEBVFNMQVI72,Withdrawal,,43493.76,ARS,124.27,App,,,,Argentina,Mendoza,Approved,,False,19.51,,
TRX-2BBV23KQABUG298E1EPE,2026-06-01 10:09:09,2026-06-01,PRD-29NRQMEC92HH,CLI-4QL9ECHJ2BIO,Withdrawal,,165.61,USD,,ATM,SUC-552N76DP,,,México,Ciudad de México,Declined,51,False,4.45,0.0153211,-0.1019438
TRX-LTGKZFTQR1H1OG44DLW3,2026-06-01 21:59:49,2026-06-01,PRD-X7IDEXWY75XL,CLI-0RRX7ESYS00C,Purchase,Other,408056.52,COP,102.01,ATM,SUC-UJA1ZE8Q,Centro Comercial,Other,Colombia,Cali,Approved,00,False,,,
TRX-1PBSWJUNQ4DZTYVVZ8ER,2026-06-01 23:46:12,2026-06-01,PRD-MMUPPSQNY29S,CLI-4TVLUBQC49HB,Transfer,,3027231.88,ARS,8649.23,Web,,,,Argentina,Rosario,Approved,00,False,11.78,,
TRX-R2HGO4ITO3T2JZHJ7LB8,2026-06-01 09:52:36,2026-06-01,PRD-TM5T7JNYU2O2,CLI-4UOOZWTZQ6X3,Transfer,,7902.65,USD,,POS,,,,México,Ciudad de México,Approved,00,False,28.09,,
TRX-OY7VE08BPGS5C4K30P4F,2026-06-01 21:29:35,2026-06-01,PRD-ANEFOCMRB8MR,CLI-26A5LFS8L99Z,Transfer,,16569838.47,COP,4142.46,Transfer,,,,Colombia,Cartagena,Approved,00,False,11.76,,
TRX-IFAUIK2EG2KAZJZXJJT9,2026-06-01 10:34:24,2026-06-01,PRD-O05CWV3XVZD0,CLI-NV3XQBZOPSD5,Purchase,Entertainment,134296.07,ARS,383.7,POS,,Conciertos Live,Entertainment,Argentina,Córdoba,Approved,00,False,,,
TRX-I0FWHM14UVOEI9HPWYH2,2026-06-01 22:18:13,2026-06-01,PRD-QGXAFYZC9F5D,CLI-LMH937634PRI,Transfer,,2042701.87,ARS,5836.29,App,,,,Argentina,,Approved,00,False,,,
TRX-ACVJR62XQIF9H041TL86,2026-06-01 19:29:52,2026-06-01,PRD-EIVKKQKW7T0F,CLI-V7ALV0IIATBC,Payment,Services,7826860.79,COP,1956.72,Web,,,,Colombia,Bogotá,Approved,00,False,13.13,,
TRX-N4XA14YZNED14PTG9XC4,2026-06-01 18:40:59,2026-06-01,PRD-WMIORLQD7WSF,CLI-MN77WDZ8LERX,Payment,Services,1769.74,USD,,POS,,,,México,Guadalajara,Approved,00,False,10.61,-0.7652481,0.9322104
TRX-L1N4VWJFBUE3DZ1NBCCB,2026-06-01 22:08:52,2026-06-01,PRD-S4ELE3HRTP3C,CLI-JFS2R2VOUSIB,Purchase,Food,197.3,USD,,POS,,Mercado Central,Food,México,,Approved,00,False,26.73,,
TRX-QSKXRV9XM08V552HO4PD,2026-06-02 02:07:46,2026-06-01,PRD-898XETETZ2ZA,CLI-D5HXRGIUMUR6,Purchase,Food,128465.99,ARS,367.05,POS,,Restaurante El Buen Sabor,Food,Argentina,Córdoba,Approved,00,False,21.46,,
TRX-T2ZXDXRE5L6FC4NPL7HM,2026-06-01 16:42:13,2026-06-01,PRD-5ANTVRDTFWQ2,CLI-JK60YV62YZIH,Withdrawal,,16371.55,ARS,46.78,Web,,,,Argentina,Mendoza,Approved,00,False,12.45,,
TRX-UD1C4QWSTURCTL2G2XDR,2026-06-01 08:50:18,2026-06-01,PRD-B2851UOT4BJ0,CLI-BMOVC3USYVYG,Adjustment,,490.26,USD,,App,,,,México,Querétaro,Approved,00,False,,,
TRX-KBEDS0DVPXDWLUYBBZME,2026-06-01 10:40:17,2026-06-01,PRD-V9NJTIC8YVQD,CLI-9L9JU7NOLIQ8,Payment,Food,1393.15,USD,,Web,,,,Colombia,Cartagena,Approved,00,False,0.17,,
TRX-WGTO43CIZH4ACJVDBOVA,2026-06-01 18:07:29,2026-06-01,PRD-SKVIQUYIZPCZ,CLI-18G2IZQMRNAB,Transfer,,7470393.08,COP,1867.6,Web,,,,Argentina,Buenos Aires,Approved,00,False,13.1,,
TRX-55GL2LY6I4M6Y8AZVVGI,2026-06-01 11:22:29,2026-06-01,PRD-IK3O28P61J68,CLI-VYP0DB6MMXOA,Withdrawal,,1898573.9,COP,474.64,App,,,,Colombia,Medellín,Approved,00,False,1.08,,
TRX-X2UP2UOX31C8FJ0EGZ3C,2026-06-01 19:33:03,2026-06-01,PRD-OHWL7A8QDY4M,CLI-RMU0G86YR67I,Deposit,,3371.07,USD,,POS,,,,México,Guadalajara,Approved,00,False,26.77,,
TRX-7CBEWU2RLRTAXTETK99E,2026-06-01 09:06:46,2026-06-01,PRD-C25GKSTXM1EW,CLI-SXFJI3G8KZWW,Purchase,Food,75791.89,ARS,216.55,ATM,SUC-7HQXDYLE,Mercado Central,Food,Argentina,Buenos Aires,Approved,00,False,12.27,-33.7757406,-57.5803657
TRX-HS5DBC5P6S5DODTFM9KE,2026-06-01 06:18:20,2026-06-01,PRD-9O9DC6ZGLQ8H,CLI-U6YO5AFH86XX,Payment,Other,191039.58,ARS,545.83,POS,,,,Argentina,Mendoza,Approved,00,False,,,
TRX-29OALUGPIGX43X0TA5J6,2026-06-02 03:14:26,2026-06-01,PRD-4EY20ZJQTC9M,CLI-OLEEYB6TWQD1,Deposit,,1035479.58,ARS,2958.51,ATM,SUC-3JIR51SL,,,Argentina,Buenos Aires,Approved,00,False,,,
TRX-8EFP7CYRWVUPSV10URWX,2026-06-02 01:48:51,2026-06-01,PRD-JODJFYEBUQX1,CLI-OJUQVZQR2P0K,Transfer,,11174280.26,COP,2793.57,ATM,SUC-JARPMK7O,,,Colombia,Barranquilla,Approved,,False,21.12,,
TRX-UCTZKST55RYIEDIBIBJK,2026-06-02 01:31:59,2026-06-01,PRD-IL8IXZRSI2I7,CLI-4WCRI6UP05YR,Withdrawal,,96658.87,ARS,276.17,Branch,SUC-QZP6DNTL,,,Argentina,La Plata,Approved,00,False,4.15,-35.5322612,-58.1312895
TRX-060UEAMK0VHTXC6KG2BR,2026-06-01 18:37:49,2026-06-01,PRD-NJ6QEQ391F3B,CLI-XJSIQUHOAHJI,Deposit,,532.16,USD,,ATM,SUC-CGL8D37U,,,México,Tijuana,Approved,00,False,26.15,-0.2699689,0.5747452
TRX-1PTWW9MMYROX4JA1YKKF,2026-06-01 15:34:09,2026-06-01,PRD-1LN816TL5W1G,CLI-9WO7KCEUAQLY,Deposit,,147179.31,ARS,420.51,App,,,,Argentina,Córdoba,Approved,00,False,22.93,,
TRX-30A0EEGLCWMN8O1FE061,2026-06-01 15:51:05,2026-06-01,PRD-ZC8DYRPDASVB,CLI-5HWT7GCH5WON,Withdrawal,,475.19,USD,,POS,,,,México,Guadalajara,Approved,00,False,18.23,,
TRX-MW3Y7WR5T3VAIYYNBZ7W,2026-06-01 08:50:08,2026-06-01,PRD-ZK04COLFH4IK,CLI-70ZSEXMGY29U,Purchase,Health,293.48,USD,,POS,,Clínica Médica,Health,México,Tijuana,Approved,00,False,3.52,,
TRX-CO0Q6K94DHTU5C4B5RH8,2026-06-02 05:07:05,2026-06-01,PRD-93FVPMZ62F0O,CLI-EUX6A8DOCHEY,Deposit,,240.57,USD,,ATM,SUC-9S92DZ9T,,,Colombia,Bogotá,Approved,00,False,12.74,,
TRX-00LNHM2YBKTQ7103MQKX,2026-06-01 23:56:43,2026-06-01,PRD-OG1906AKA9UA,CLI-PHU0PRZR3YSU,Payment,Food,1288.56,USD,,ATM,SUC-I8M9CS2Y,,,México,Puebla,Approved,00,False,2.74,,
TRX-FTSG3LD6DO8FTKWTWABW,2026-06-01 08:50:25,2026-06-01,PRD-ZZ7PBAKY74BR,CLI-98PV33SSGXH0,Payment,,5366406.12,COP,1341.6,POS,,,,Colombia,Barranquilla,Approved,,False,24.4,,
TRX-Q9URB1CE0R54YGX2HUI6,2026-06-01 23:41:27,2026-06-01,PRD-0B7WD7ICI10Y,CLI-R4WNQV3OAG0G,Transfer,,8444.38,USD,,App,,,,México,Guadalajara,Declined,54,False,9.7,,
TRX-1SDDZ5SAQ5CKE6MK8QXA,2026-06-01 22:28:51,2026-06-01,PRD-PVHH3BRA74HZ,CLI-Z9ZLLYIMS4W2,Payment,Other,1433.32,USD,,ATM,SUC-P3KNB4PY,,,México,Ciudad de México,Approved,00,False,7.56,,
TRX-N7051N90LA2FCWMYAJGD,2026-06-02 02:14:08,2026-06-01,PRD-V6IVTKKT6EW3,CLI-GOTGIRDUJU70,Withdrawal,,1845534.1,COP,461.38,POS,,,,Colombia,Cartagena,Approved,00,False,6.35,5.3387241,-73.9401739
TRX-WTDPP4NJFQ6P7CBS6ATG,2026-06-01 15:36:04,2026-06-01,PRD-IPQV331DUP57,CLI-NPCIX9340JZ2,Deposit,,461.27,USD,,POS,,,,México,Puebla,Approved,00,False,4.52,,
TRX-DA3JJ578F4VOAEC8ASQV,2026-06-01 10:42:44,2026-06-01,PRD-MFM7VQCB0R7J,CLI-GGQ1Q1P2TVA8,Transfer,,770.51,USD,,POS,,,,México,Puebla,Approved,,False,26.44,,
TRX-GNG7LCVAN26MC24H172J,2026-06-01 19:35:20,2026-06-01,PRD-2XBL2T3MLJR5,CLI-MH7E6A7WHE9G,Transfer,,9997.44,USD,,POS,,,,México,Guadalajara,Approved,00,False,22.73,,
TRX-ZKDE1ODUI6WCLDT0ZBVJ,2026-06-02 03:18:16,2026-06-01,PRD-4L1GCOQ4F0VT,CLI-JKBRPKEN8QMZ,Withdrawal,,990015.42,COP,247.5,Web,,,,Colombia,Bogotá,Approved,00,False,6.25,,
TRX-5I3L3M745QF71NOZKYTO,2026-06-02 00:03:36,2026-06-01,PRD-PY2LDYDFYFHC,CLI-HACXYK3XNYC8,Withdrawal,,449.09,USD,,Web,,,,México,Tijuana,Approved,00,False,7.99,,
TRX-VTAIVGRV53XB5AAYCDHH,2026-06-01 21:20:40,2026-06-01,PRD-NBT9HWA4TI3Z,CLI-FYGRRM5M93I4,Transfer,,5959.62,USD,,App,,,,México,Ciudad de México,Approved,00,False,10.44,,
TRX-RY8XTPZCA8XKI0A0LFBV,2026-06-01 14:45:35,2026-06-01,PRD-JNRMD7HYDELC,CLI-G0NJA8F3U2GR,Deposit,,4834.58,USD,,POS,,,,México,Puebla,Approved,00,False,18.1,-0.795264,0.8167078
TRX-TYDSKB4LE6K5A7A8PQTI,2026-06-01 13:11:54,2026-06-01,PRD-FUCE6SJ5PGIS,CLI-XNFY7GBXYOVM,Payment,Other,238744.95,ARS,682.13,ATM,SUC-5XWR79HW,,,Argentina,Mendoza,Approved,00,False,,,-59.0241265
TRX-OKS4MB3FZCVXCQRSKX4W,2026-06-01 11:56:17,2026-06-01,PRD-2YQUGGWD4HFQ,CLI-W0K8Z5HJRF3D,Withdrawal,,140996.74,ARS,402.85,Web,,,,Argentina,Buenos Aires,Approved,00,False,4.22,,
TRX-WQKL83Q0NBXQB8E7BKJZ,2026-06-01 19:21:20,2026-06-01,PRD-WYKX5A8H4YDN,CLI-UI4UH1XAAMPL,Purchase,Transport,1368971.57,COP,342.24,POS,,Uber,Transport,Colombia,,Approved,00,False,4.23,5.5929956,-73.6288892
TRX-Y20FBGIOUZLBQX6EPXC4,2026-06-01 13:21:01,2026-06-01,PRD-RKDZCVAWF9BL,CLI-NYU6IA7TCACB,Payment,Health,191752.94,ARS,547.87,Web,,,,Argentina,Mendoza,Approved,00,False,23.08,,
TRX-HPVZ67HBH23W3RBHRLD9,2026-06-01 13:50:24,2026-06-01,PRD-Q7QPDPGAL6WV,CLI-BHUS2HGBRUM8,Withdrawal,,399.08,USD,,POS,,,,Colombia,Barranquilla,Approved,00,False,2.79,,
TRX-3YB4AJPHKW083BTVNSIG,2026-06-02 00:39:58,2026-06-01,PRD-YSNT5HM29FKQ,CLI-70KLG6JJX485,Purchase,Other,587136.82,COP,146.78,ATM,SUC-AXEH5GB0,Boutique Moda,Other,Colombia,Bogotá,Pending,54,False,29.3,5.6220185,-73.726036
TRX-HZ0IPT0KY640TQM960JH,2026-06-01 20:49:27,2026-06-01,PRD-PUAWZ9S0R1JB,CLI-EXNF7YM2EBL7,Purchase,Other,485.95,USD,,ATM,SUC-UV1CR4D5,Ferretería,Other,México,Querétaro,Approved,00,False,15.41,,
TRX-R9PTZ61IYPRRBKO8G8XH,2026-06-01 06:15:40,2026-06-01,PRD-6NDDJTUMOZ4K,CLI-SB369OYHPU4H,Withdrawal,,498.21,USD,,Transfer,,,,México,Monterrey,Declined,54,False,5.83,,
TRX-EZJ2XKWP6J7XGRT4Q5GL,2026-06-01 23:12:08,2026-06-01,PRD-BXMF9DPEP6U0,CLI-FFW23BXWASDF,Transfer,,6763.32,USD,,ATM,SUC-CUMTPAM3,,,México,Ciudad de México,Approved,00,False,22.63,,
TRX-COWJFXRSLXM68DOHY11V,2026-06-01 09:21:37,2026-06-01,PRD-EW0OTLS4U7F1,CLI-0CKO7AKPYN7L,Purchase,Food,455.23,USD,,ATM,SUC-JYU0POJ9,Tienda Don José,Food,México,Puebla,Approved,00,False,22.24,-0.6671962,0.6525791
TRX-6N52W9VJY12PFX4PRFKJ,2026-06-01 06:20:48,2026-06-01,PRD-ILVAQPGCQ55T,CLI-RFJ8WOOIV4WZ,Purchase,Transport,61270.2,ARS,175.06,ATM,SUC-V5DT47YR,Taxi Seguro,Transport,Argentina,Córdoba,Approved,00,False,15.22,,
TRX-G8JC6X6OPGP7FCKBHOYL,2026-06-01 16:01:50,2026-06-01,PRD-7HXAVH4PMLRO,CLI-92PSAXTZODRU,Transfer,,28967112.15,COP,7241.78,ATM,SUC-3NEGSLF6,,,Spain,Barcelona,Approved,00,False,10.18,,
TRX-RVSMR4VZWLUBOWC0I0LZ,2026-06-01 22:01:43,2026-06-01,PRD-SHW4CO06QY3R,CLI-LB07JRWEGJTU,Deposit,,2945354.29,COP,736.34,ATM,SUC-A4SSWF0H,,,Colombia,,Approved,00,False,6.27,,
TRX-U7ZEENA3EADX07GJ9B50,2026-06-01 11:05:56,2026-06-01,PRD-W8HXWOUHFWYA,CLI-3S1NX94SJMAB,Deposit,,272.35,USD,,App,,,,México,Monterrey,Approved,00,False,9.13,,
TRX-C1GNVQSI6FB4YU10FUVO,2026-06-01 07:07:06,2026-06-01,PRD-1UWS6G1RLBTT,CLI-W8PBT0JTW6G1,Payment,Transport,48010.83,ARS,137.17,POS,,,,Argentina,Buenos Aires,Reversed,51,False,,,
TRX-POX20N6OLT8OZWV75V0F,2026-06-01 16:33:20,2026-06-01,PRD-MGCF0PACNAF8,CLI-AWYO4IYJIUXO,Adjustment,,955.7,USD,,App,,,,México,Guadalajara,Approved,00,False,4.16,,
TRX-2E4PZ8HAB0SLB9LBDZEU,2026-06-01 09:45:28,2026-06-01,PRD-KB7HPK8QJH6Q,CLI-NTDMYKW6BRFY,Purchase,,96022.57,ARS,274.35,POS,,Laboratorio Central,Health,Argentina,Buenos Aires,Approved,00,False,,,
TRX-7TQN66PVN1T01M1XBDGZ,2026-06-02 01:56:35,2026-06-01,PRD-ZL9WMV52WKSB,CLI-VY6D1UMYEUA0,Withdrawal,,112.61,USD,,POS,,,,México,,Approved,00,False,27.34,-0.2727398,-0.2720133
TRX-OYEM3IQG4EMSX1LMVP4O,2026-06-01 11:28:17,2026-06-01,PRD-VM0LW9JPYV87,CLI-Y3SNBLQ5I0YC,Transfer,,39438962.53,COP,9859.74,Web,,,,Colombia,Cartagena,Approved,00,False,1.66,,
TRX-VXQ23GQB22N83U9HQTHH,2026-06-02 01:23:11,2026-06-01,PRD-DWJ7ADPA7B8D,CLI-CWPCWH4C416B,Transfer,,3712.38,USD,,Web,,,,México,Guadalajara,Approved,00,False,29.95,,
TRX-LJUJB26AR1DLJQANFW43,2026-06-01 22:32:36,2026-06-01,PRD-22NA91PABH2K,CLI-1UEHUPC5THSM,Withdrawal,,91.15,USD,,App,,,,México,Puebla,Approved,00,False,24.22,,
TRX-MTOV73PI64UPSU6KCEXI,2026-06-01 07:08:43,2026-06-01,PRD-BNP5NS9FHARH,CLI-V01D5C2F254B,Withdrawal,,352185.06,COP,88.05,Web,,,,Colombia,Bogotá,Declined,54,False,25.13,,
TRX-MB6QIS3IDCVE86VITN9V,2026-06-01 07:15:16,2026-06-01,PRD-2TTSX0YHL903,CLI-O9PYRK97LQES,Purchase,Services,477.0,USD,,App,,Internet Plus,Services,México,Puebla,Approved,00,False,19.68,,
TRX-7ND2H8QNAH5PRRGAR8KF,2026-06-01 23:15:49,2026-06-01,PRD-TU1XUGPMS4A1,CLI-FQ9DZQIZ6Q41,Purchase,Food,431.78,USD,,App,,Super Ahorro,Food,México,Tijuana,Approved,00,False,14.24,,
TRX-ZQKTFIGEAUEYB2K4IBWQ,2026-06-02 05:01:58,2026-06-01,PRD-ODJ2G0JCFKG0,CLI-8FK982L6T6WU,Withdrawal,,935233.13,COP,233.81,ATM,SUC-C93NERQQ,,,Colombia,,Approved,00,False,27.35,,
TRX-CZI9JLVAXCMP08AGLRZA,2026-06-01 07:51:37,2026-06-01,PRD-FB4BGA3WCLEP,CLI-IJ47LRZUDUDP,Transfer,,1845043.4,ARS,5271.55,ATM,SUC-3JIR51SL,,,Argentina,,Approved,,False,13.69,,
TRX-U29DC1RK4I3XWXADSPBR,2026-06-01 11:18:02,2026-06-01,PRD-UZX9DO96X2OM,CLI-FQ3372VXONRI,Transfer,,304.71,USD,,Branch,SUC-C28AFJAZ,,,Colombia,Medellín,Approved,00,False,9.21,,
TRX-0MZXS13RX2JSFVQUX42D,2026-06-01 15:11:30,2026-06-01,PRD-WHZYOLX2HBH7,CLI-A14FANIOJTZA,Purchase,,49.17,USD,,POS,,Taxi Seguro,Transport,México,Querétaro,Approved,00,False,13.82,-0.9353265,0.3064586
TRX-AOPSM6BBXPL9QE9V59E7,2026-06-01 23:00:32,2026-06-01,PRD-1FFYTW9LXTRX,CLI-T9SNA5XPXGVH,Withdrawal,,173752.22,ARS,496.43,ATM,SUC-YO2Y6PA3,,,Argentina,,Approved,00,False,,,
TRX-WVP7IQWUW4PSBVSDZBZI,2026-06-01 21:33:19,2026-06-01,PRD-UR33NNSHT7ZU,CLI-XZYFXFH977P7,Withdrawal,,79337.45,ARS,226.68,ATM,SUC-GKQAVGPP,,,Spain,Sevilla,Approved,00,False,,-34.1875768,-58.3399639
TRX-TKTMU1KE5QIRDW19NONT,2026-06-02 05:53:45,2026-06-01,PRD-IWOW3HPW5LM2,CLI-GFAF42AHITN6,Withdrawal,,9205.95,ARS,26.3,POS,,,,Argentina,Córdoba,Approved,00,False,21.9,,
TRX-CH9AGIJMQZZGGY50TYEE,2026-06-01 12:24:15,2026-06-01,PRD-TC7P1ZU7BLXX,CLI-HLD8OW3P7O2O,Purchase,Transport,386732.99,COP,96.68,ATM,SUC-UH461R09,Gasolinera Express,Transport,Colombia,Cartagena,Approved,00,False,25.79,5.3174827,-73.5200473
TRX-3PHVBOE339YNR0QK58Q6,2026-06-01 23:16:11,2026-06-01,PRD-S2LQPVQ8URHL,CLI-JIE4RN8NDIT8,Transfer,,3489160.29,ARS,9969.03,App,,,,Argentina,,Approved,00,False,,,
TRX-NXDR6EBI02652Y5BYT47,2026-06-01 06:35:30,2026-06-01,PRD-66BAIYF42TD3,CLI-NCBCW8AMG1MF,Withdrawal,,416.54,USD,,ATM,SUC-BDUFJ6GZ,,,México,,Approved,00,False,,-0.7676069,0.7848621
TRX-UEQAXLR8ACRAD5W1HEMN,2026-06-01 15:36:44,2026-06-01,PRD-2UGVKK2XDXO6,CLI-CL0ZN7MEKZKW,Transfer,,28318712.78,COP,7079.68,Web,,,,Colombia,Bogotá,Approved,00,False,19.94,,
TRX-BVO9AI1VDZTYT9HJPRTU,2026-06-01 06:02:29,2026-06-01,PRD-D7YDE6040XNL,CLI-XTNJUN5IY4QQ,Purchase,Other,1693841.72,COP,423.46,ATM,SUC-E1VTXGEU,Tienda General,Other,Colombia,Cali,Approved,00,False,7.91,,
TRX-QQRYEJ3QPBA5TEIAW9YL,2026-06-01 22:13:30,2026-06-01,PRD-1C7U7JC7CEIW,CLI-UGBB6AWF848W,Withdrawal,,410.72,USD,,POS,,,,México,Tijuana,Approved,00,False,19.5,,
TRX-YUNWQUK9RTTRYMYESV2K,2026-06-01 21:49:05,2026-06-01,PRD-EO32BT56GR3Q,CLI-YMDCSZ1O1Q04,Payment,Services,700.7,USD,,POS,,,,México,,Approved,00,False,1.38,,
TRX-3E9AO6226TYRHS0BHXV3,2026-06-01 12:22:38,2026-06-01,PRD-MKHS4PPU5SE9,CLI-QRH312F97UGD,Transfer,,3157.38,USD,,ATM,SUC-YIS5JECV,,,México,,Declined,14,False,1.22,0.7871817,0.7972512
TRX-AS83HXGJKH6U0CGIIKAB,2026-06-01 21:11:20,2026-06-01,PRD-1E17N59PELT0,CLI-5JO0PPNLAQ58,Transfer,,22947898.83,COP,,POS,,,,Colombia,Medellín,Approved,00,False,16.82,,
TRX-OQDTKS8QL8B735PA3FRJ,2026-06-01 07:01:06,2026-06-01,PRD-4JOIPV2M11PT,CLI-UJCYCC3J2P8Z,Withdrawal,,1167468.82,COP,291.87,POS,,,,Colombia,Medellín,Approved,00,False,10.28,5.2152639,-74.0301185
TRX-3GGQPMNPTGWC5DLZ996H,2026-06-01 12:30:06,2026-06-01,PRD-7G26PU50F4KY,CLI-QH05HHGBTFRP,Transfer,,2275.58,USD,,POS,,,,México,,Approved,00,False,24.95,,
TRX-YCHOQDDTD991M91LIWXN,2026-06-01 09:50:37,2026-06-01,PRD-EJN6TYZ1KP3K,CLI-M3MNHJHXQ21H,Withdrawal,,486.56,USD,,POS,,,,México,Monterrey,Approved,00,False,11.94,-0.9662665,0.38147
TRX-CC3E365INLXK2MA7IHAJ,2026-06-01 17:19:53,2026-06-01,PRD-GH4L88IYZDRM,CLI-G22LFNFQNGXK,Payment,Services,280.76,USD,,POS,,,,México,Monterrey,Approved,00,False,,-0.0468467,0.2563237
TRX-Q1IDY0BSCGWLD9A0LZE6,2026-06-01 23:25:56,2026-06-01,PRD-1KJSTSP9F9Z9,CLI-EKT46DOIRP14,Transfer,,7679.09,USD,,ATM,SUC-QO0HYSRK,,,México,Querétaro,Approved,00,False,,,
TRX-0UDSXNMH48MUGZPM7CDZ,2026-06-01 19:37:35,2026-06-01,PRD-2AE7M8ACG3AR,CLI-SQ28WDEQ5GB2,Purchase,,456.0,USD,,ATM,SUC-N8LPAX0U,,Services,México,Guadalajara,Approved,00,False,,,
TRX-14TJ9A0A2G85P5JDIZQH,2026-06-02 01:28:24,2026-06-01,PRD-E9YHYRI2PJNX,CLI-0PRQUOJH5OME,Withdrawal,,166259.01,ARS,475.03,Web,,,,Argentina,Mendoza,Approved,00,False,7.37,,
TRX-KAZ95DY3SF82ULO2MVVZ,2026-06-01 09:53:32,2026-06-01,PRD-R9UE0Y7BN8U2,CLI-OWC5ZAT077QD,Payment,Other,1798.99,USD,,POS,,,,Spain,,Approved,00,False,,,
TRX-RWQPYNMOUNGIODM86IQT,2026-06-01 10:38:53,2026-06-01,PRD-2M87Z44XSL2H,CLI-L8RADYJLDS8J,Purchase,Entertainment,478.4,USD,,POS,,Teatro Nacional,Entertainment,México,Querétaro,Approved,00,False,,,
TRX-OIJWE2EU7SQQENNILDST,2026-06-02 03:41:44,2026-06-01,PRD-QEVX3D3D7L2P,CLI-OC5W86W818KH,Payment,Other,965.47,USD,,App,,,,México,Querétaro,Declined,51,False,,,
TRX-3VLU9NUGLE4A3J344KZP,2026-06-01 19:28:18,2026-06-01,PRD-5IG45MC8JV65,CLI-UB8QKCC8L9TC,Withdrawal,,286642.67,COP,71.66,POS,,,,Colombia,,Approved,00,False,11.13,,
TRX-3SBSRZHD8JP552NGPX9O,2026-06-01 06:31:56,2026-06-01,PRD-0H0GT9425CFJ,CLI-ONSFD09468QA,Transfer,,6828604.86,COP,1707.15,App,,,,Colombia,Medellín,Approved,00,False,23.82,,
TRX-90WY5QLCGLCOOXV1T1IW,2026-06-01 18:41:59,2026-06-01,PRD-WFBLYOZ1AMX7,CLI-SZ56PB8ABM3N,Transfer,,1486.89,USD,,POS,,,,Argentina,,Approved,00,False,22.06,-34.3135507,-58.5706687
TRX-9OB8GOQDNNEWD8USMYP8,2026-06-01 06:15:28,2026-06-01,PRD-8M3Q66IDJCHR,CLI-6HKL9HV32GYG,Adjustment,,83026.18,ARS,237.22,POS,,,,Argentina,Mendoza,Approved,00,False,15.75,,
TRX-JVJQ6LGUBVX8Z2OKERGX,2026-06-01 07:33:16,2026-06-01,PRD-PZM9E8LMIAD2,CLI-HWT15CWXQ11V,Withdrawal,,194097.37,COP,48.52,App,,,,Colombia,Barranquilla,Approved,00,False,22.74,,
TRX-FE0M0RO44HZ5K2H4PSWI,2026-06-01 19:38:01,2026-06-01,PRD-QVUGQNBJFFJH,CLI-GQP81LR02DOH,Payment,Services,7740004.7,COP,1935.0,Web,,,,Colombia,Bogotá,Approved,00,False,1.19,,
TRX-MP7W4UHD5RMXDCWTXD5C,2026-06-02 05:22:41,2026-06-01,PRD-IK7CWJGAPMNP,CLI-EHE8OMJKC0DL,Withdrawal,,492.09,USD,,Web,,,,México,Monterrey,Approved,00,False,23.0,,
TRX-LJFG0AL90G60XPBLU321,2026-06-02 00:15:49,2026-06-01,PRD-JKRD0T9CJOJJ,CLI-3RADLFVTJK8G,Transfer,,12446506.82,COP,3111.63,Web,,,,Colombia,Cartagena,Approved,00,False,,,
TRX-ANTE7I174KZHENFYNEBQ,2026-06-01 06:58:07,2026-06-01,PRD-7NYEPSAA9VPN,CLI-6BPPU69QS2RX,Deposit,,3440.23,USD,,ATM,SUC-DYPJLQVN,,,México,Puebla,Approved,00,False,25.66,,
TRX-OEZC9OJMZTS9EG1G7IJF,2026-06-01 17:48:05,2026-06-01,PRD-LG5D01DYA8T8,CLI-OFWY7W9A1NQU,Withdrawal,,424.54,USD,,Web,,,,México,Querétaro,Approved,00,False,1.32,,
TRX-7MVOJV5PBPCYXQPWLD3F,2026-06-02 01:01:56,2026-06-01,PRD-NMKBNNJ92OQA,CLI-GNFVIRO23BK1,Purchase,Food,162727.1,ARS,464.93,Web,,Tienda Don José,Food,Argentina,Mendoza,Approved,00,False,,,
TRX-A4GD7OHECNJSZZEUIQGK,2026-06-02 05:22:05,2026-06-01,PRD-4PA58AOZHW9U,CLI-HOHOWVPQIANT,Transfer,,5134.53,USD,,App,,,,México,Tijuana,Approved,00,False,,,
TRX-C0SKKSU21AE4NYUP1Z0P,2026-06-01 06:42:04,2026-06-01,PRD-TMR11M9M0PQA,CLI-VQ14M5JXI2OA,Purchase,,445.06,USD,,POS,,Tienda General,Other,México,Monterrey,Approved,00,False,3.81,,
TRX-EFI9WZMUMR85RA7BUG1S,2026-06-01 14:22:24,2026-06-01,PRD-ZDAB4RF5RPWJ,CLI-SCEPR0J1P33S,Purchase,Food,55.45,USD,,Web,,Restaurante El Buen Sabor,Food,México,Tijuana,Approved,00,False,16.29,,
TRX-8MDC8FXDM3CEC1JDJ60B,2026-06-01 10:16:37,2026-06-01,PRD-HM6XBHFIJ3TK,CLI-GN2Z8OG42FGR,Withdrawal,,169384.23,ARS,483.95,App,,,,Argentina,Córdoba,Approved,00,False,21.49,,
TRX-0DTFXRHBZZU872T9RBOK,2026-06-01 15:07:57,2026-06-01,PRD-47VBFTJCE195,CLI-XBFR4SJE21GN,Payment,Services,141038.4,ARS,402.97,POS,,,,Argentina,Rosario,Approved,00,False,17.99,,
TRX-SL3XWZTD59BUQQVJHNBP,2026-06-02 05:12:13,2026-06-01,PRD-32TGIXXISYPL,CLI-A3QL6H82Q9P1,Purchase,Food,165037.05,COP,41.26,ATM,SUC-8UUCS42Y,Restaurante El Buen Sabor,Food,Colombia,Cartagena,Approved,00,False,,5.4442357,
TRX-YOBXXIVLTO5J3YMOGUPI,2026-06-02 04:29:26,2026-06-01,PRD-EA8IR7EZBEBC,CLI-YNB9T9N03LQ9,Payment,Health,3770134.88,COP,942.53,ATM,SUC-6NKYKKQR,,,Colombia,Cali,Approved,00,False,8.96,,
TRX-635HTTTC574ECVK8USEW,2026-06-01 10:34:48,2026-06-01,PRD-OLYZA2WTBATG,CLI-9HWKRMSAMTJE,Payment,Food,1638.37,USD,,Web,,,,México,,Approved,00,False,21.4,,
TRX-VJI7QKB4XRJT0KY0NCL8,2026-06-01 19:29:39,2026-06-01,PRD-BU29LMAN9VQ8,CLI-F4JJ448GI8P0,Payment,Health,318.0,USD,,App,,,,México,Querétaro,Approved,00,False,15.35,,
TRX-5VMWCUKNM34PTHIMU139,2026-06-02 00:15:21,2026-06-01,PRD-DM4VOQ9A7RLQ,CLI-9PMBDXQ8CVGL,Withdrawal,,386.58,USD,,POS,,,,Mexico,Puebla,Approved,00,False,25.51,,
TRX-1I11NTY0QYQ6HSNLP4EW,2026-06-02 02:00:51,2026-06-01,PRD-WA50Z760QGAQ,CLI-DVNIRFRFNOCX,Withdrawal,,237.97,USD,,POS,,,,México,Querétaro,Approved,00,False,16.5,0.3978957,0.739951
TRX-8M295YTQWH2IS8IP3FE4,2026-06-01 16:03:46,2026-06-01,PRD-IN7VJ3JO0APQ,CLI-MV2DKEI6W9JG,Purchase,Services,95158.3,ARS,271.88,ATM,SUC-MAWPQ7HZ,Internet Plus,Services,Argentina,Rosario,Approved,,False,13.07,,
TRX-IV98XG60225JCKLUX0X7,2026-06-01 20:26:49,2026-06-01,PRD-0HWHVV0BWE4V,CLI-DIC9V0IIENFF,Withdrawal,,463.88,USD,,POS,,,,México,Tijuana,Approved,00,False,5.83,-0.9996967,0.7135058
TRX-O21I4AM7TX8CPWU4B29U,2026-06-01 17:02:55,2026-06-01,PRD-QE4RLR1G6KCU,CLI-HGLOCQYQQ8E3,Withdrawal,,22411.54,ARS,64.03,POS,,,,Argentina,Córdoba,Approved,00,False,,-34.0145079,-58.8442679
TRX-XU88Y4386CZEBJ3Y488Z,2026-06-01 23:41:36,2026-06-01,PRD-OXOO35HU791U,CLI-AIGWZVYI18U5,Purchase,Health,201294.27,COP,50.32,POS,,Óptica Visión,,Colombia,Barranquilla,Approved,00,False,13.3,,
TRX-S2AFGYBPF3TE8MHD0FPL,2026-06-01 11:57:33,2026-06-01,PRD-U059JQ1QRTB0,CLI-NYETMDYTE16R,Transfer,,7191.22,USD,,ATM,SUC-5FCLNF9U,,,México,Ciudad de México,Approved,00,False,27.25,0.1030458,-0.0667118
TRX-QB6GO04E8VK0XZCH7Y5Q,2026-06-02 02:09:34,2026-06-01,PRD-NNJVLOA3WM80,CLI-JFCD6YS8ZX7K,Withdrawal,,432.08,USD,,ATM,SUC-M8AEJ2A4,,,México,,Approved,00,False,,,
TRX-7U4A7LOFAZMDHB9T8X2N,2026-06-01 19:10:43,2026-06-01,PRD-EXLKIO9C1TFK,CLI-M0E7JLFCVMO8,Purchase,Transport,1047899.89,COP,261.97,App,,Gasolinera Express,Transport,Colombia,Cartagena,Approved,00,False,2.83,,
TRX-9U68MC6I1Z14EG9VNGZJ,2026-06-02 04:26:43,2026-06-01,PRD-4VARJMK9G0KM,CLI-DK3CZAXI5NGM,Deposit,,1287828.58,ARS,3679.51,POS,,,,Argentina,Rosario,Approved,00,False,20.15,,
TRX-V1598Y2P96ZBLBNX84MH,2026-06-01 12:26:03,2026-06-01,PRD-84GQ7W6BHGI9,CLI-VH3WGOZ5B8O8,Deposit,,1294189.86,COP,323.55,App,,,,Colombia,Barranquilla,Approved,00,False,9.84,,
TRX-TF27IQPCWNNJOCC2MSPW,2026-06-01 12:47:52,2026-06-01,PRD-VOEVPAI1O4BE,CLI-0EYVVHN5IXYX,Deposit,,2821.07,USD,,POS,,,,México,Tijuana,Approved,00,False,1.83,,
TRX-0GGZIU5UNMVKZ3ZVFVHF,2026-06-01 15:21:09,2026-06-01,PRD-G2QPLKYKS3ZK,CLI-079OFZ2UP0UP,Transfer,,6201570.52,COP,1550.39,POS,,,,Colombia,Cartagena,Approved,,False,19.1,4.7514003,-73.3239348
TRX-2DIIN6M3LFB4T3IDKHPO,2026-06-01 14:58:27,2026-06-01,PRD-3WHEX03HN3US,CLI-53OTS9YNSUQL,Transfer,,7357.91,USD,,POS,,,,México,Puebla,Pending,14,False,,0.942805,-0.4083348
TRX-93UVN87B4ZJNU1RC7FWB,2026-06-01 23:20:14,2026-06-01,PRD-Z4HP3ZQZVR8R,CLI-LQL46NFPUWF8,Transfer,,4981.98,USD,,App,,,,México,Guadalajara,Approved,00,False,20.78,,
TRX-GHY3YZARHXZJ38FFGFT1,2026-06-01 14:08:29,2026-06-01,PRD-Z7DJNC2BAIHD,CLI-PRZ9PFSSQUQJ,Purchase,Health,103760.34,ARS,296.46,POS,,Clínica Médica,Health,Argentina,Mendoza,Approved,00,False,17.82,-35.2985157,-58.2205888
TRX-5ZJ4ZOC09WK2ST0MYHE1,2026-06-01 12:13:24,2026-06-01,PRD-PNNNTY55JD8D,CLI-IVCSXIP2KKGL,Transfer,,12661793.98,COP,3165.45,App,,,,Argentina,Rosario,Approved,00,False,6.99,,
TRX-5G5N7CBOZI4SISOI7FDS,2026-06-02 02:25:14,2026-06-01,PRD-0TNTRCSMMD19,CLI-GPV1D7BMO3OH,Deposit,,175787.54,ARS,502.25,App,,,,Argentina,Buenos Aires,Approved,00,False,,,
TRX-PA35DWWKK9C2DRGAT6GH,2026-06-02 04:57:52,2026-06-01,PRD-8D5N3E95ILWK,CLI-E6I98IAU94MY,Transfer,,1843365.76,ARS,5266.76,ATM,SUC-7L3EZA71,,,Argentina,Mendoza,Approved,00,False,27.98,,
TRX-V8749QXDAFEUFJW1BVKZ,2026-06-01 15:57:34,2026-06-01,PRD-DJZVRV6106D0,CLI-N4CBLORB8CCF,Deposit,,87060.99,ARS,,POS,,,,Argentina,Mendoza,Approved,00,False,15.7,,
TRX-D1TOSNXAOJWBLCYHDWHS,2026-06-01 18:43:29,2026-06-01,PRD-BIGMBE3ZCMVQ,CLI-DHRHKMSN189Z,Transfer,,5190.86,USD,,POS,,,,México,Guadalajara,Declined,51,False,,,
TRX-Z8G3XOOBCY00T2VLBEDA,2026-06-02 01:27:09,2026-06-01,PRD-IJU648QCJCB0,CLI-B44VXTXG40RG,Transfer,,13535720.4,COP,3383.93,POS,,,,Colombia,Medellín,Approved,00,False,4.86,3.9657311,-73.2597156
TRX-8GUAPO2F0249K5EBKRYD,2026-06-01 21:50:43,2026-06-01,PRD-JBNZ5VHV79YC,CLI-4F9VR0Y7FUBZ,Payment,Services,6258809.43,COP,1564.7,POS,,,,Colombia,Cali,Approved,00,False,7.79,,
TRX-9OMG8ZTR40YJB329T698,2026-06-01 22:22:59,2026-06-01,PRD-PMN5OL6J2XGA,CLI-B63K8INM1P2N,Payment,Health,1401.93,USD,,POS,,,,México,Monterrey,Approved,00,False,27.34,,
TRX-GNR0IBSFBKBU3OXTWHMS,2026-06-01 20:16:57,2026-06-01,PRD-FB4BGA3WCLEP,CLI-IJ47LRZUDUDP,Transfer,,1837756.65,ARS,5250.73,ATM,SUC-F321UEME,,,Argentina,Córdoba,Approved,00,False,2.1,,
TRX-7FVIOXL9778WHQ7J6VRU,2026-06-02 03:15:18,2026-06-01,PRD-JBRNIYQOXOE7,CLI-VU8OKMG05M1O,Purchase,Services,499857.12,COP,124.96,ATM,SUC-A4SSWF0H,Cable TV,,Colombia,Barranquilla,Approved,00,False,22.15,4.8735998,-73.8051337
TRX-GE8ITZPJXTAXOHWE6FO5,2026-06-01 07:36:55,2026-06-01,PRD-3QDYK5NKAHQG,CLI-Y61A55IOJSI1,Transfer,,3714.18,USD,,ATM,SUC-JGJN78RV,,,México,Querétaro,Approved,00,False,26.11,,
TRX-IEEQLH7NR2NNON1GY18J,2026-06-02 05:51:57,2026-06-01,PRD-VQXDW67I9SUU,CLI-DAF2UKNQ0RBV,Purchase,Transport,1296802.84,COP,324.2,POS,,Taxi Seguro,Transport,Colombia,Medellín,Approved,00,False,5.59,,
TRX-CMFYTZK2DID3CLJMQ4MU,2026-06-01 20:16:28,2026-06-01,PRD-LB5ZFATJ661F,CLI-ADNQQ7AHSRVW,Purchase,Services,1108344.84,COP,277.09,Web,,Cable TV,Services,Colombia,Bogotá,Approved,00,False,2.31,,
TRX-BNE2S5MHF84CSDONIW7C,2026-06-01 07:37:25,2026-06-01,PRD-ZA1I1DAP162V,CLI-RAVJHZS90PFN,Withdrawal,,117363.09,ARS,335.32,ATM,SUC-V5DT47YR,,,Argentina,Córdoba,Approved,00,False,,,
TRX-SRODALYGKX6TY1PCRRD8,2026-06-01 15:03:48,2026-06-01,PRD-CJ8VN4LPMBYT,CLI-Z91F16W7SYTJ,Purchase,Entertainment,456.87,USD,,ATM,SUC-PUPXM7MA,Conciertos Live,Entertainment,México,Puebla,Approved,00,False,,0.825457,0.9769446
TRX-VHOY7JTMZ5SVB2O09BDS,2026-06-01 13:51:02,2026-06-01,PRD-4V26OIT7LASQ,CLI-0TM63J8MVZMV,Withdrawal,,308.04,USD,,POS,,,,México,Querétaro,Reversed,14,False,,,
TRX-6CP72BGTX0Y8ZNS1Q689,2026-06-02 05:37:28,2026-06-01,PRD-WI1O3Y4FUWT4,CLI-EQ2ZNTIXAJMY,Withdrawal,,479.42,USD,,App,,,,México,,Approved,00,False,,,
TRX-46ZSLHE88JMBOO665W0L,2026-06-01 23:49:21,2026-06-01,PRD-KE4UJJ2CF64U,CLI-8V9W4RQS5VQ7,Deposit,,16362112.43,COP,4090.53,POS,,,,Colombia,Cali,Approved,00,False,13.06,,
TRX-UXSPF69S3GGNBB3HUBQM,2026-06-01 06:42:21,2026-06-01,PRD-EQR1V48IMA5U,CLI-XW6COYM6S7EN,Transfer,,3325.71,USD,,ATM,SUC-SUAMAVYV,,,México,,Approved,00,False,,0.0633687,0.3293756
TRX-6A56O37WJVDQP6WBH2ZK,2026-06-02 05:37:00,2026-06-01,PRD-YPAJEZN55T9E,CLI-PWAQGWFJ7SJM,Withdrawal,,363106.2,COP,90.78,ATM,SUC-UJA1ZE8Q,,,Colombia,Bogotá,Approved,00,False,25.56,4.4573679,-74.9187288
TRX-6GARQ7Y21FVKV8Z6OOG7,2026-06-01 13:13:56,2026-06-01,PRD-19Y6QS2HES35,CLI-JMN4ZUHSTR1W,Withdrawal,,1103566.66,COP,275.89,POS,,,,Colombia,Cartagena,Approved,00,False,16.59,3.7538217,-75.0333003
TRX-ZONRGCO1J6J1THOC1P0B,2026-06-01 13:39:34,2026-06-01,PRD-CHMYJ0EOC135,CLI-L9IGIDLFSMJ0,Purchase,Transport,1194495.4,COP,298.62,POS,,Gasolinera Express,Transport,Colombia,,Approved,00,False,19.35,4.466159,-74.1511752
TRX-SKCRQSC2M0O7AH5WYIPZ,2026-06-01 22:56:22,2026-06-01,PRD-HBMW60DMMK1D,CLI-4S00HGEPR6RL,Transfer,,1096.5,USD,,App,,,,México,Tijuana,Approved,,False,0.0,,
TRX-XI3HN8JUI8JFJ9H39EMU,2026-06-01 21:29:26,2026-06-01,PRD-P4NIOEZ0E4NR,CLI-T9EGP7GO0VY8,Transfer,,6789.9,USD,,ATM,SUC-98QOW3F1,,,México,Querétaro,Approved,00,False,13.49,,
TRX-I09DB1S1CTI97UW8KCNA,2026-06-02 05:23:49,2026-06-01,PRD-04SNQGXWA6EB,CLI-LIXZRMQMY71M,Payment,Services,1066.89,USD,,POS,,,,México,Puebla,Approved,00,False,,,
TRX-OL9Q6FHYL868II8JMM27,2026-06-01 19:53:46,2026-06-01,PRD-PVQFI8F3QO80,CLI-CI0STN355EQE,Deposit,,1758.94,USD,,POS,,,,Brazil,Rio de Janeiro,Approved,00,False,15.11,,
TRX-ZISKPWLYID6TN46D6LC6,2026-06-01 17:24:57,2026-06-01,PRD-FI80YB0UVOAD,CLI-CEJ98L5UI3XO,Purchase,Other,942847.68,COP,235.71,ATM,SUC-A4SSWF0H,,Other,Colombia,Barranquilla,Approved,00,False,17.34,,
TRX-ZH42HPD8BVX8QR0RAED6,2026-06-01 07:38:38,2026-06-01,PRD-O0Z0JBYVSB9B,CLI-2ZJNVF2BQKN3,Transfer,,3219.15,USD,,Web,,,,México,Puebla,Approved,,False,11.36,,
TRX-I9YFCS08208TDKPID7MJ,2026-06-01 08:55:58,2026-06-01,PRD-27BFNQV6H7V8,CLI-BYI3XHLNVTRB,Deposit,,156829.01,ARS,448.08,POS,,,,Argentina,La Plata,Approved,00,False,3.51,-35.2517167,-59.269933
TRX-CPQ11Q38NB0X7UMK769A,2026-06-01 13:15:49,2026-06-01,PRD-KY4EGNIXF4K5,CLI-N40KF6IGU28E,Payment,,657.28,USD,,App,,,,México,Tijuana,Approved,00,False,22.69,,
TRX-7DBPR4JDFGY1APKZ8BW3,2026-06-01 14:55:13,2026-06-01,PRD-DKRC1NWSL3R8,CLI-159U083UWXXV,Withdrawal,,28081.18,ARS,80.23,App,,,,Argentina,Mendoza,Declined,51,False,27.54,,
TRX-18MQZ7UV4FRD19QE3GFO,2026-06-01 22:53:34,2026-06-01,PRD-N97U842VI919,CLI-FGWOP0QP165F,Withdrawal,,1875669.48,COP,468.92,Branch,SUC-4USRLC45,,,Colombia,Bogotá,Approved,00,False,1.69,,
TRX-5OD8S0NBV6AS512J55BT,2026-06-02 04:50:30,2026-06-01,PRD-JHMHRZHPKPGV,CLI-A5TWUSW9777T,Transfer,,7852.98,USD,,POS,,,,México,Tijuana,Reversed,54,False,1.79,0.18718,0.6505372
TRX-55DMNW8GRYQPGHK570CO,2026-06-01 18:13:06,2026-06-01,PRD-ORKTCKNZLJU3,CLI-GY6ZCQ1WILZ0,Withdrawal,,50.21,USD,,Web,,,,México,Puebla,Approved,00,False,2.64,,
TRX-PH0XG1ISFF2E2N02A63W,2026-06-02 01:30:54,2026-06-01,PRD-YZHJRZPM0FPC,CLI-ZG5NKMB6CVYC,Withdrawal,,243106.26,COP,60.78,POS,,,,Colombia,Bogotá,Approved,00,False,17.45,,
TRX-1M2TZPH4513Z1WQC09S8,2026-06-01 23:17:06,2026-06-01,PRD-4PSLZUFPFGLY,CLI-TG8PXP5ZJJPX,Deposit,,1352.2,USD,,POS,,,,México,Guadalajara,Approved,00,False,17.73,,
TRX-3SEWUAC5S1955W7FYF32,2026-06-01 20:16:08,2026-06-01,PRD-SC74QGA9BM9D,CLI-7PLYP1W7BY33,Purchase,,1107590.08,COP,276.9,POS,,Cine Premium,Entertainment,Colombia,Barranquilla,Approved,00,False,,,
TRX-043QQKTYHKHTZ5YECFOF,2026-06-01 20:55:49,2026-06-01,PRD-7PQVOP4ZEPZT,CLI-1YPDTGBYMFD0,Withdrawal,,101.7,USD,,POS,,,,México,Tijuana,Approved,,False,12.29,,
TRX-MNMUG2NFS3STKO1OVDWT,2026-06-02 03:05:33,2026-06-01,PRD-9WQ0DSNHCF2B,CLI-JB8GDNR2CLJ7,Deposit,,4261.08,USD,,Transfer,,,,México,,Approved,00,False,23.28,,
TRX-0J4K80MHON7XR9OK152V,2026-06-01 22:25:11,2026-06-01,PRD-K6RIFRW8F1GS,CLI-S3QLMYH579TM,Purchase,Food,59444.7,ARS,169.84,App,,Mercado Central,Food,Argentina,Rosario,Approved,,False,18.77,,
TRX-B83SF76FQHQ6ZLPPKH8Y,2026-06-02 00:51:43,2026-06-01,PRD-LQS4YB4HMEYU,CLI-HJTKGSNXSX3I,Withdrawal,,425.49,USD,,App,,,,Colombia,,Approved,00,False,15.06,,
TRX-SW7WV27NXJEOV9XJT48U,2026-06-02 04:35:56,2026-06-01,PRD-C1CFLBEIQ9CF,CLI-LPWQSA1NHJS1,Purchase,Other,160226.99,ARS,457.79,ATM,SUC-6M2HY1ZX,Centro Comercial,Other,Argentina,Rosario,Approved,00,False,1.68,,
TRX-P5DJJYZX69T2L2VTFHMI,2026-06-01 19:39:47,2026-06-01,PRD-MDJ7F4AWRXB2,CLI-RDXAB5SQGMET,Transfer,,619282.52,ARS,1769.38,ATM,SUC-XHNP3DLP,,,Argentina,Buenos Aires,Approved,00,False,5.38,,
TRX-AUYH50VZHQPKGONAZQLE,2026-06-01 16:06:44,2026-06-01,PRD-Z927EA89JBFV,CLI-2X0NHUUYUFH2,Purchase,,95153.49,ARS,271.87,POS,,Cable TV,Services,Argentina,,Approved,00,False,12.37,-34.0783154,-58.2286918
TRX-93PE38B995I9I273YAE5,2026-06-01 18:41:54,2026-06-01,PRD-JXDLR9SEGRFO,CLI-XRJJ0MLF8L6M,Withdrawal,,793526.98,COP,198.38,POS,,,,Colombia,Cali,Approved,00,False,,,
TRX-1FWX9GI937CO0QDUB4KT,2026-06-01 11:39:46,2026-06-01,PRD-2KB04K0C0TLX,CLI-SQZOCF146SF2,Transfer,,8307.48,USD,,ATM,SUC-UV1CR4D5,,,México,Puebla,Approved,00,False,22.59,,
TRX-0IJLLL9KZU5EUBITKYHJ,2026-06-01 14:35:50,2026-06-01,PRD-4OKI0N73EFN4,CLI-3D9AV4DKKLTR,Purchase,Other,97885.04,ARS,279.67,App,,,Other,Argentina,Buenos Aires,Approved,00,False,28.91,,
TRX-E4QZLWDGKNT6QLH0MVOD,2026-06-01 13:52:24,2026-06-01,PRD-IRNJF7WJ8IYI,CLI-2G41BZBIX68S,Withdrawal,,27.73,USD,,ATM,SUC-QO0HYSRK,,,México,Guadalajara,Approved,00,False,20.82,,
TRX-UNW3X5LIQ2MOU4FG7O4O,2026-06-01 08:53:43,2026-06-01,PRD-YD7DSWKSQ1AP,CLI-79JQ2JH3PGLP,Payment,Entertainment,63.58,USD,,Branch,SUC-2ATW7QMQ,,,México,,Approved,00,False,1.33,,
TRX-21P9JP0HXL2YJH7RYWCI,2026-06-02 03:30:08,2026-06-01,PRD-7AFZFKZ1JPIM,CLI-CAWWCKGGQ50G,Withdrawal,,1117603.23,COP,279.4,ATM,SUC-A1FLMPEF,,,Colombia,Cali,Approved,00,False,12.09,4.8626571,-73.5849561
TRX-XKOS0Q26PX7YC4DYEM3L,2026-06-02 00:10:07,2026-06-01,PRD-TZM0HRMCA1OU,CLI-M316JMXV94NT,Withdrawal,,117.0,USD,,App,,,,México,Ciudad de México,Approved,00,False,18.94,,
TRX-3CPW2DV8M6GNDJJ6I1RB,2026-06-01 15:00:15,2026-06-01,PRD-96V9TWLM22QI,CLI-ULFVNZOIMJXE,Withdrawal,,211.33,USD,,POS,,,,Argentina,Mendoza,Approved,00,False,17.1,,
TRX-I5D8PEGRAHGCROZY4PW7,2026-06-01 10:35:38,2026-06-01,PRD-JNV7N1LAQ3G0,CLI-2WQ6ZAS6AM61,Transfer,,9393.72,USD,,POS,,,,México,Tijuana,Approved,00,False,12.38,,
TRX-IBRYI66KKD54RYLSKIRX,2026-06-01 13:35:20,2026-06-01,PRD-96UNG5YYJP1G,CLI-KTPCVY7OHO5L,Withdrawal,,1364728.45,COP,341.18,ATM,SUC-P6VSAH4U,,,Colombia,Cartagena,Reversed,,False,,,
TRX-TXTTP9WM9FGEJX3G6LTJ,2026-06-01 11:02:29,2026-06-01,PRD-95KWJ26AUKPT,CLI-5CKOVLB7729P,Payment,Other,1018.82,USD,,POS,,,,México,Guadalajara,Approved,00,False,2.98,-0.645634,0.4695995
TRX-6T0W2BUELG5WGRI0F8LO,2026-06-01 13:39:18,2026-06-01,PRD-BZU0H29OFGGU,CLI-7BNZKICDVRAF,Transfer,,9395.24,USD,,POS,,,,México,Querétaro,Approved,00,False,9.48,0.0533416,0.9732042
TRX-ZBN1VJVT8LF00OQSKIQI,2026-06-02 02:23:33,2026-06-01,PRD-74L3B1X0NMYD,CLI-IZI7905BA4R9,Transfer,,9283.2,USD,,ATM,SUC-46JOBFMX,,,Argentina,La Plata,Approved,00,False,10.06,,-58.8734634
TRX-WM5J7LMX5SZWS9G7HH2K,2026-06-02 05:51:16,2026-06-01,PRD-TD2Z0I1SXVWQ,CLI-SZLGDEBFBY3P,Deposit,,578.7,USD,,ATM,SUC-MGUQPIKZ,,,México,Guadalajara,Approved,00,False,,,
TRX-A8ZBAXITZGRNZN3IPGID,2026-06-01 22:14:09,2026-06-01,PRD-S77SB66SX9PQ,CLI-E3KML1PSB97V,Adjustment,,116.96,USD,,ATM,,,,Colombia,Medellín,Reversed,54,False,15.14,-0.2080982,-0.3978612
TRX-8YYHRHQXXH7LMFM8L9X5,2026-06-01 12:24:50,2026-06-01,PRD-PA67S8L1J70I,CLI-DAGJ39N6K6LY,Purchase,Services,304.24,USD,,Web,,Internet Plus,Services,México,Guadalajara,Approved,00,False,28.78,,
TRX-UQB9YSTO3Q5H74GZIVDE,2026-06-02 03:47:53,2026-06-01,PRD-FUF970ZGE3NG,CLI-ZE0BGBHW8TXS,Purchase,Transport,472.41,USD,,App,,Estación de Servicio,Transport,México,Ciudad de México,Approved,00,False,8.21,,
TRX-1L9XUB5JUKQTBT2RXNOY,2026-06-02 04:48:44,2026-06-01,PRD-BNHQX5QD8BV6,CLI-SVQB2KG6VQZY,Transfer,,5170.52,USD,,ATM,SUC-FFI5DAEC,,,México,,Approved,00,False,4.66,,
TRX-BNQ48HRW805S5V87402C,2026-06-01 15:22:02,2026-06-01,PRD-DR1P8X10B4TY,CLI-F6ZHUJFTMPIN,Payment,Food,3094248.68,COP,773.56,App,,,,Colombia,Cartagena,Declined,54,False,23.11,,
TRX-T9E7XV0BV1MAO7KL2ZTV,2026-06-01 14:01:27,2026-06-01,PRD-QNBFBR48OQIR,CLI-PEOKRA0HVUDP,Transfer,,1358.03,USD,,ATM,SUC-JQ7BZNFI,,,México,,Pending,,False,,,
TRX-V1N072MUCL9GRMBN9UIP,2026-06-01 16:07:22,2026-06-01,PRD-OKDPR27DJ6W5,CLI-JHKNQRC9CJFN,Deposit,,767.99,USD,,ATM,SUC-7T5LBQT3,,,México,Guadalajara,Approved,00,False,23.15,,
TRX-OA9OZC0LHK94VUCI2EA2,2026-06-01 06:35:19,2026-06-01,PRD-PGL1L23NH18O,CLI-NXSBBIOR6UNK,Purchase,Food,181427.27,COP,45.36,App,,Mercado Central,Food,Colombia,Bogotá,Approved,00,False,17.63,,
TRX-UCMBYGY08R5PQSWSPS35,2026-06-01 22:13:58,2026-06-01,PRD-6NPMKE6U5GOA,CLI-1KB0RYZIXVE9,Transfer,,1529237.75,ARS,4369.25,Web,,,,Argentina,,Pending,05,False,12.39,,
TRX-56UR612AZ919WX2U44AF,2026-06-01 11:31:56,2026-06-01,PRD-VAGBOHK1ETER,CLI-56KN698WFV6D,Deposit,,1428465.58,ARS,4081.33,ATM,SUC-NRVN9ND4,,,USA,Miami,Approved,00,False,21.83,,
TRX-8AXBVUO6HEOCABT70DJP,2026-06-01 14:16:55,2026-06-01,PRD-SZYUEE1SOMVR,CLI-A7OO75SWAC31,Deposit,,607737.87,ARS,1736.39,Web,,,,Argentina,La Plata,Approved,00,False,29.79,,
TRX-OQBJXLGRMUNCTMBX3QGQ,2026-06-02 02:24:12,2026-06-01,PRD-54QAB7370BR7,CLI-QE6NWR5KXP3M,Withdrawal,,442.63,USD,,App,,,,México,Querétaro,Approved,00,False,11.58,,
TRX-WQ7STTHPEZPIK6835FHJ,2026-06-01 18:24:19,2026-06-01,PRD-6MONQAMGIJR8,CLI-8AHQNSVPEKT5,Deposit,,19463308.55,COP,4865.83,ATM,SUC-MSYTX2WG,,,Colombia,Barranquilla,Approved,00,False,13.48,4.711146,-74.159737
TRX-7L5ODC77UDNUXSHIN1RC,2026-06-02 03:55:04,2026-06-01,PRD-IYC7XYIIXL8Y,CLI-R34QT0RWMLI8,Transfer,,7428.74,USD,,ATM,SUC-PUPXM7MA,,,México,Ciudad de México,Approved,00,False,26.85,,
TRX-82IQ6FTM4MSXAH9RKZVR,2026-06-01 18:17:28,2026-06-01,PRD-8HKZNAA7SR6F,CLI-HL0LRHBQSHLT,Purchase,Entertainment,1164088.94,COP,291.02,App,,Cine Premium,Entertainment,Spain,Madrid,Approved,00,False,17.16,,
TRX-T2FURDTP1XX3BNZK8HK5,2026-06-01 16:04:41,2026-06-01,PRD-L0RYSPQRZCPI,CLI-JBAAQZEBYVCP,Purchase,Food,1362625.27,COP,340.66,POS,,Super Ahorro,Food,Colombia,Cartagena,Approved,00,False,,4.1709006,-73.4550742
TRX-HRLW11F1N5Z5ZY6NMM45,2026-06-02 03:34:34,2026-06-01,PRD-OJ5I2GJYEFTQ,CLI-B3YOLUV526BE,Transfer,,1668596.73,ARS,4767.42,App,,,,Argentina,La Plata,Approved,00,False,,,
TRX-YBBIFUD90P61KOAPUTNN,2026-06-01 17:35:23,2026-06-01,PRD-NR7PWHDY2BW2,CLI-S9XT2R66BTDL,Purchase,Services,948249.99,COP,237.06,POS,,Empresa Telefónica,Services,Colombia,Medellín,Declined,05,False,,,
TRX-74CJWAEYK459JAMKDF32,2026-06-02 01:08:58,2026-06-01,PRD-VG1MG1KAALIF,CLI-U8BGNFT7XOHI,Payment,Other,1153.01,USD,,Web,,,,México,Ciudad de México,Pending,14,False,18.32,,
TRX-NEGJ5HZ9EQ4734AFO1OQ,2026-06-01 18:35:13,2026-06-01,PRD-ARB81ZM2NP7C,CLI-PMM56X3XVBC1,Payment,Other,981.03,USD,,Web,,,,México,Querétaro,Approved,00,False,27.05,,
TRX-AYJN01N11UM84VLLWTCC,2026-06-01 17:01:22,2026-06-01,PRD-SP8UQ719KK7K,CLI-8WBUD8KYLUZ7,Withdrawal,,1990087.56,COP,497.52,POS,,,,Colombia,Bogotá,Approved,00,False,12.51,4.1639494,-73.2473214
TRX-KK88PKP6DZLVANFKYQJY,2026-06-01 20:18:52,2026-06-01,PRD-NWCULC70K0QH,CLI-8RXJ6DGH1488,Purchase,Transport,489.84,USD,,ATM,SUC-XV1N3YM9,Estación de Servicio,Transport,México,Querétaro,Approved,00,False,21.71,,
TRX-139944NHO7A90F7QXV5A,2026-06-01 09:03:13,2026-06-01,PRD-TPYUFKVPFBW9,CLI-8WHB65J71YVQ,Withdrawal,,235045.9,COP,58.76,Web,,,,Colombia,Barranquilla,Declined,54,False,3.96,,
TRX-H5CPDY2D09GUW5MWX4FX,2026-06-02 02:21:31,2026-06-01,PRD-R5AXLN1RY8BO,CLI-XWH468DEJY0E,Deposit,,1669473.25,ARS,4769.92,Web,,,,Spain,Valencia,Approved,00,False,20.3,,
TRX-EUTE9OXHU94H8GN1XA67,2026-06-02 04:26:57,2026-06-01,PRD-IZRAYFKI129J,CLI-U9R7SITPDS6L,Payment,Transport,281.53,USD,,POS,,,,México,Ciudad de México,Declined,05,False,5.82,,
TRX-IEEXBXWWPXB94FX4QMYW,2026-06-01 23:17:13,2026-06-01,PRD-NOYL31Z4RMRC,CLI-XQUAOQGJSANX,Payment,Transport,4863050.16,COP,1215.76,POS,,,,Colombia,Medellín,Approved,00,False,29.66,,
TRX-H828HN3ZXKNP4HR8LYIO,2026-06-02 03:58:45,2026-06-01,PRD-Q1W6QY9RM4XX,CLI-P16EXTCLXTNV,Transfer,,2433407.65,ARS,6952.59,POS,,,,Argentina,Córdoba,Reversed,14,False,17.05,,
TRX-L9DDTWLFWSTSCZYCXKXS,2026-06-01 14:53:36,2026-06-01,PRD-B9SF0XYDT80G,CLI-2P8UJMHBDZX1,Withdrawal,,137.64,USD,,POS,,,,México,Querétaro,Approved,00,False,15.12,,
TRX-8IO1UB5UN9CG8R1LMINI,2026-06-01 12:58:29,2026-06-01,PRD-0NDYNVIPSP5P,CLI-F7KR79CDG5MF,Purchase,Entertainment,1908258.97,COP,477.06,Web,,Conciertos Live,Entertainment,Colombia,Barranquilla,Approved,00,False,14.12,,
TRX-643JA1R496W8JYHRPIHD,2026-06-02 03:32:54,2026-06-01,PRD-GJIOJHQJGV80,CLI-CS5CUV8NS0B5,Purchase,,390.6,USD,,POS,,Streaming Music,Entertainment,México,Monterrey,Approved,00,False,,,
TRX-HF7P0BIE0WAXEIJIT6RL,2026-06-02 05:37:52,2026-06-01,PRD-DBBMIP6THR64,CLI-T2FXXYWH9UDC,Payment,Food,4598641.74,COP,1149.66,App,,,,Colombia,Bogotá,Approved,00,False,5.17,,
TRX-D1VPXDJRRC6PS8MXM102,2026-06-01 18:26:44,2026-06-01,PRD-R285HIOESYFR,CLI-NWSFPEI72XA1,Purchase,Health,8541.39,ARS,24.4,POS,,Clínica Médica,Health,Argentina,Buenos Aires,Declined,,False,23.63,-35.3530366,-59.0840089
TRX-O0JC9A26LCYW32S49R1Z,2026-06-01 18:27:52,2026-06-01,PRD-7U3O9KINCW9F,CLI-3A65R5SC03I6,Payment,Transport,5232144.16,COP,1308.04,ATM,SUC-F16NSV5F,,,Colombia,Barranquilla,Pending,05,False,,,
TRX-EZ8RG93ZGWEMDOC3OZVE,2026-06-01 19:25:52,2026-06-01,PRD-KBIHCLP3JBOX,CLI-AV3Z9CRXTDRH,Transfer,,15017623.27,COP,3754.41,POS,,,,Colombia,Bogotá,Approved,00,False,14.53,,
TRX-2MS8JCUTVCTBXYNEIOAJ,2026-06-02 01:00:31,2026-06-01,PRD-LDT5AYG9LXYB,CLI-VPB1RVZZEL0F,Transfer,,1606.3,USD,,POS,,,,Argentina,Córdoba,Approved,00,False,,,
TRX-8YAHWUZHGQHBROFBPAJJ,2026-06-01 13:44:02,2026-06-01,PRD-HA0K8N9E6H1L,CLI-OKYGU3K3OIX9,Transfer,,1684189.48,ARS,4811.97,POS,,,,Argentina,,Approved,00,False,3.0,-35.233034,-58.075652
TRX-1HN3XGPVIVJA6HUWPAXO,2026-06-01 16:07:24,2026-06-01,PRD-HHDO43BTMZ1K,CLI-YPG2K21UP4AN,Purchase,Food,252702.83,COP,63.18,POS,,Restaurante El Buen Sabor,Food,Colombia,Medellín,Approved,00,False,0.89,,
TRX-FP8YPFO0H2P054YMYOSZ,2026-06-01 10:41:26,2026-06-01,PRD-0FNV8VTSIENF,CLI-6TVR8QCYB7FT,Deposit,,2073022.93,COP,518.26,POS,,,,Colombia,Medellín,Approved,00,False,4.18,4.7082182,-73.3608167
TRX-RHCKNUT9XCR9VQ3KZATF,2026-06-01 21:00:58,2026-06-01,PRD-9I9QRZTOV3ZO,CLI-ZHUIWQQPAMBS,Purchase,Transport,334.86,USD,,POS,,Gasolinera Express,,México,Querétaro,Approved,00,False,,,
TRX-LHYDJ8DDH1DYJDCZWT3Y,2026-06-01 09:28:15,2026-06-01,PRD-RSK797IQ9BT8,CLI-A8MUZZ96PJK9,Withdrawal,,760433.16,COP,190.11,Web,,,,Colombia,Medellín,Approved,00,False,0.2,,
TRX-WMUGMIR23WXHKCN8DLOW,2026-06-01 09:45:11,2026-06-01,PRD-J78RJI26NC6W,CLI-Q2GSICP3X24R,Purchase,Food,973576.75,COP,243.39,ATM,SUC-M96GKW7T,Restaurante El Buen Sabor,Food,Colombia,Cali,Approved,00,False,,,
TRX-EFS55LNH3I2T941785XQ,2026-06-01 17:43:30,2026-06-01,PRD-F2C62C0Q8SEZ,CLI-MAZS0E0XFZQO,Transfer,,6039.18,USD,,ATM,SUC-CBL7ISR7,,,Colombia,Cartagena,Declined,14,False,28.45,5.615197,-75.0165063
TRX-E9L2YG7A8CZ2W4FH98RP,2026-06-01 18:55:55,2026-06-01,PRD-KH1ZVWU89WWB,CLI-DEFHTXE4VO7M,Payment,Food,5758281.73,COP,,ATM,SUC-U7NNFMS6,,,Colombia,Barranquilla,Approved,00,False,11.15,,
TRX-C9B509JDBYOM1MVOQVSP,2026-06-01 17:18:23,2026-06-01,PRD-R8Z46OLHEXNO,CLI-3A1FQWVAUJ50,Purchase,Entertainment,330.04,USD,,App,,Streaming Music,Entertainment,México,Tijuana,Approved,00,False,15.61,,
TRX-WYQG3SL5PBV4OEYFOBUT,2026-06-02 03:06:42,2026-06-01,PRD-B7Z11BWDV594,CLI-GH8O1JFSOSEZ,Purchase,Food,589251.67,COP,147.31,POS,,Mercado Central,Food,Colombia,Medellín,Approved,00,False,12.67,5.4717865,-73.5077569
TRX-LET4RMF8CTXSAONB9K6O,2026-06-01 12:31:15,2026-06-01,PRD-4Y5K3YV8CLND,CLI-F81FDI8K4YIS,Deposit,,884886.22,COP,221.22,ATM,SUC-GHHYX8OE,,,Colombia,,Approved,00,False,7.92,5.1782048,-73.2246644
TRX-866IJQV95BH1J4O3PVM2,2026-06-02 04:39:08,2026-06-01,PRD-YF5FYF7PPMHK,CLI-USUE9HZZQDIK,Transfer,,12210564.54,COP,3052.64,ATM,SUC-E1VTXGEU,,,Colombia,Cali,Approved,00,False,19.04,,
TRX-7P0U1F138ZQSGNCKFXTE,2026-06-01 10:16:38,2026-06-01,PRD-8AOC9B131HD9,CLI-XEUQTFYEELRK,Payment,,1288174.59,COP,322.04,Web,,,,Colombia,Cartagena,Approved,00,False,,,
TRX-3FUR775KPX0UXIK97CCY,2026-06-01 15:43:23,2026-06-01,PRD-W323S0MH7ZUD,CLI-FXOCREZZUINO,Purchase,Services,334.73,USD,,App,,Servicios Públicos,Services,México,Monterrey,Approved,00,False,25.17,,
TRX-4NBE4KT21KD3PWOD7QEQ,2026-06-01 19:31:09,2026-06-01,PRD-KQNL3GK86QMK,CLI-HC63IQZ3P80Q,Payment,Food,619.66,USD,,POS,,,,México,Ciudad de México,Approved,00,False,,,
TRX-RG5H7TZX738GCQX2NXS5,2026-06-01 10:18:19,2026-06-01,PRD-I1J0CUSRFGWX,CLI-TA5QMWNM8IO7,Purchase,Other,133.26,USD,,App,,Tienda General,Other,México,,Approved,00,False,4.25,,
TRX-6OUYWL7MUGWDVXPLRRQL,2026-06-02 01:38:50,2026-06-01,PRD-EBD5HS11130F,CLI-24T858AB3FCK,Withdrawal,,389114.39,COP,97.28,Web,,,,Colombia,Cartagena,Approved,00,False,12.41,,
TRX-R4QRJ0H25C22669Q6118,2026-06-01 14:32:32,2026-06-01,PRD-3EZGV4HQBLOM,CLI-H16D4O00GZMV,Payment,Food,1555.55,USD,,Web,,,,México,Ciudad de México,Approved,00,False,10.14,,
TRX-UL1V1I3KB5IKFLWU4PSU,2026-06-02 03:25:23,2026-06-01,PRD-KXW597J30AYR,CLI-2B7IZOOX87MD,Payment,Entertainment,1053.74,USD,,POS,,,,Mexico,Guadalajara,Approved,00,False,8.23,,
TRX-ED2QIAYOSA7IUTBCY9FF,2026-06-01 15:46:46,2026-06-01,PRD-6NKGG3LCVUBO,CLI-NGTL3E2Z6SDG,Purchase,Transport,564509.72,COP,141.13,POS,,Taxi Seguro,Transport,Colombia,Bogotá,Approved,00,False,7.98,,
TRX-L5QPYLVQY1Q3P4CFMZIW,2026-06-01 17:09:25,2026-06-01,PRD-01VJZOB5EOJF,CLI-CBNJKVAFAS6J,Deposit,,2470.22,USD,,App,,,,México,Guadalajara,Approved,00,False,24.67,,
TRX-JSZ6A4C31YBFU1GPBZKQ,2026-06-01 08:22:15,2026-06-01,PRD-O0BXWWFAGG6H,CLI-8KTJM5FUI01B,Transfer,,2256804.1,ARS,6448.01,Web,,,,Argentina,Mendoza,Approved,00,False,9.09,,
TRX-SZIA2JO3DMY557HL8QJA,2026-06-01 22:30:01,2026-06-01,PRD-S7EKKV0JHVJB,CLI-8Q0B0UWNX001,Transfer,,5876.84,USD,,ATM,SUC-HFPBAT4U,,,México,Ciudad de México,Approved,00,False,,,
TRX-OT91SAAHZP4C6A7KHPS0,2026-06-02 01:23:09,2026-06-01,PRD-3R3Y7NBBDLSJ,CLI-52P0LNYUI2M0,Deposit,,1909.53,USD,,POS,,,,México,Guadalajara,Approved,00,False,10.89,,
TRX-LY1FERCQY8JX6XI6C84Z,2026-06-02 05:03:34,2026-06-01,PRD-GS05D61CY9QE,CLI-JD3NOM0FR1T1,Deposit,,13477337.69,COP,3369.33,App,,,,Colombia,,Approved,00,False,21.21,,
TRX-DRDRJDKEOIBBQ2TFP3G8,2026-06-02 05:54:12,2026-06-01,PRD-SWRQB8QTLIL1,CLI-2TJCLXMJ3J0B,Deposit,,15407197.61,COP,3851.8,POS,,,,Colombia,Bogotá,Approved,00,False,25.84,5.4640217,-73.1310984
TRX-ZR9SREIZMP1ZFQ4CQ2EW,2026-06-01 23:44:22,2026-06-01,PRD-A6RZZXUZE50K,CLI-LM3O7JH2SJIF,Purchase,Entertainment,1139928.19,COP,284.98,POS,,Streaming Music,Entertainment,Colombia,Cartagena,Approved,00,False,28.95,4.8511606,-74.4210841
TRX-277OAMYUXJDAONGVHX8R,2026-06-02 02:48:06,2026-06-01,PRD-TB8CFG0KE5LP,CLI-CY3ZMFNU28W9,Transfer,,3396.81,USD,,Branch,SUC-BSMTX3U8,,,México,Monterrey,Approved,00,False,,,
TRX-VVLS4FUGBX75RRXE6XPQ,2026-06-01 06:50:36,2026-06-01,PRD-VKB7PYD27LQ4,CLI-QJ86UL4K3AQE,Withdrawal,,28070.46,ARS,80.2,POS,,,,Argentina,Buenos Aires,Approved,,False,29.72,,
TRX-3KFP41GZD05VKJ60CSLK,2026-06-01 22:06:52,2026-06-01,PRD-3LZKEUDM9NKT,CLI-K47RW3OWBQRY,Payment,Transport,1322.78,USD,,Web,,,,México,,Approved,00,False,26.3,,
TRX-F0M047HQ88396VZ1AW49,2026-06-01 23:42:59,2026-06-01,PRD-2HXU9GR9Z8TQ,CLI-DY8WGVJ7OBJ0,Payment,Entertainment,1149250.55,COP,287.31,ATM,SUC-CG5XPAZU,,,Colombia,Cartagena,Approved,,False,5.29,,
TRX-J4FXIPBTNHAOXBURCZP2,2026-06-01 12:15:19,2026-06-01,PRD-JQPFPHWGTZJW,CLI-DU0ZJP6KMIR9,Transfer,,2754.48,USD,,ATM,,,,México,Ciudad de México,Approved,00,False,,,
TRX-BJZ4XRBOKU97N9CU4U3W,2026-06-01 18:20:39,2026-06-01,PRD-Z4V290RJH2H1,CLI-LSUQOJU304E5,Deposit,,1078.44,USD,,POS,,,,México,Guadalajara,Approved,00,False,29.68,,
TRX-QI4K1O7AOVQ6M0PXX98B,2026-06-02 02:08:02,2026-06-01,PRD-8U066NBAQNB9,CLI-GEFHJCWAW0U4,Transfer,,5695.53,USD,,App,,,,México,Tijuana,Approved,00,False,11.83,,
TRX-A8I9NXH8OIE0UGDGP33O,2026-06-01 18:44:51,2026-06-01,PRD-Y2TGVF3T1E6F,CLI-2M3027V0R6D8,Purchase,Services,950798.71,COP,237.7,ATM,SUC-8UUCS42Y,Empresa Telefónica,Services,Colombia,Bogotá,Approved,00,False,18.69,,
TRX-ETCF0B5NTNZW41ISYQQE,2026-06-01 14:49:13,2026-06-01,PRD-UGRAG50D2A5I,CLI-EO0Y8WT4G317,Withdrawal,,320.03,USD,,POS,,,,México,,Approved,00,False,6.85,,
TRX-6RZ3HI6MD7GGXFZU3OZL,2026-06-01 06:40:03,2026-06-01,PRD-03ZGOVQQEQT2,CLI-69QM0SNUXFF6,Withdrawal,,1203147.38,COP,300.79,App,,,,Colombia,Cali,Pending,51,False,24.25,,
TRX-RPPEHNZBN15PBRA66M1O,2026-06-01 21:23:55,2026-06-01,PRD-DKTLBGJBBI2S,CLI-P44P7P1UPXFG,Withdrawal,,427.53,USD,,ATM,SUC-CGL8D37U,,,México,Guadalajara,Approved,00,False,,,
TRX-XSN72BCEGPB71E5MTWLR,2026-06-02 00:53:33,2026-06-01,PRD-TTT3D1NJ0O9C,CLI-RXUP51UGXT17,Purchase,Food,102524.51,COP,25.63,ATM,SUC-H24HUACK,Restaurante El Buen Sabor,Food,Colombia,Cali,Approved,00,False,,3.9406273,-73.2975811
TRX-RHG871ITY4HVVZJAGXPQ,2026-06-01 09:39:16,2026-06-01,PRD-8F30D7FPHAUE,CLI-7HVC9QXBV2LJ,Deposit,,1118.84,USD,,ATM,SUC-POHHKXPA,,,México,Guadalajara,Approved,00,False,,,
TRX-MQWHPVKKF8SA97YFZ69Q,2026-06-01 21:49:36,2026-06-01,PRD-VRL67YGGPW4Q,CLI-2TJZL4Z03IJB,Withdrawal,,37.44,USD,,App,,,,México,Ciudad de México,Approved,00,False,13.59,,
TRX-YQGKI3HSQOT2SMJP0777,2026-06-01 11:05:28,2026-06-01,PRD-K65TK4NF3LOR,CLI-0PTAYDVU8WCK,Deposit,,3737.71,USD,,ATM,SUC-N1ZUF3PF,,,México,Tijuana,Approved,00,False,25.55,,
TRX-V650TVBDOXDC4WIET9J4,2026-06-02 04:12:40,2026-06-01,PRD-CRUWTTPSBLE5,CLI-XFUMP7CYW2ES,Withdrawal,,112709.73,ARS,322.03,ATM,SUC-7EJG5XUH,,,Colombia,Medellín,Approved,00,False,18.46,-34.2497853,-57.7494828
TRX-7AQACILNV2WN43YRPZCR,2026-06-01 12:30:42,2026-06-01,PRD-GFQFNUAMVRZZ,CLI-U5OLI2LB3IDZ,Withdrawal,,446.97,USD,,POS,,,,México,Monterrey,Approved,00,False,,,
TRX-H4ET1UTAW90IXYFSB91F,2026-06-02 00:19:28,2026-06-01,PRD-HZ9W5GI1IUPY,CLI-0WUIQG9GG0LM,Withdrawal,,650748.03,COP,,Web,,,,Colombia,Cartagena,Approved,00,False,,,
TRX-69JUOD5Z74SQHWPV6HX6,2026-06-01 08:53:00,2026-06-01,PRD-URUAZWJZ4YZV,CLI-DVSHGXVEAE2A,Deposit,,2903640.43,COP,725.91,Web,,,,Colombia,Medellín,Approved,00,False,5.67,,
TRX-BHCIDFP00NR59HHLZE1S,2026-06-01 07:37:14,2026-06-01,PRD-LI2DTBQ507FE,CLI-HOC29LJ1V5Z1,Transfer,,16256045.1,COP,4064.01,POS,,,,Colombia,Cali,Approved,00,False,,4.1937668,-73.6068807
TRX-XFUCX25W3JTYZZJUA53A,2026-06-01 11:53:01,2026-06-01,PRD-STR42G499OKN,CLI-JZFZDKI7OYMI,Deposit,,13449131.67,COP,3362.28,POS,,,,Colombia,,Declined,05,False,,4.0318411,-73.4895331
TRX-OH6A0YIO4U76TW5MYAAA,2026-06-02 03:36:55,2026-06-01,PRD-UTV1FAGDXK2R,CLI-GEY66RN8LOF6,Transfer,,15273708.69,COP,,Web,,,,Colombia,Cartagena,Approved,00,False,,,
TRX-JKKFUIKPCYITMVZI99RG,2026-06-02 01:36:29,2026-06-01,PRD-5677Z5TFE77H,CLI-61V1V7SYEG7W,Purchase,Other,493.46,USD,,POS,,Tienda General,Other,México,Puebla,Approved,00,False,,,
TRX-C6ZAWXJX570FHGVT5LMQ,2026-06-01 17:33:25,2026-06-01,PRD-NK2MF5T15C7Z,CLI-H1BIC7L15WVB,Payment,Other,1315.39,USD,,POS,,,,México,Ciudad de México,Approved,00,False,28.03,-0.5040971,-0.01719
TRX-0ZWIWHW9VXIWQPOMMRKK,2026-06-01 09:24:12,2026-06-01,PRD-75YN674DA27N,CLI-A951OPLS9YFE,Purchase,Services,31009.26,ARS,88.6,POS,,Servicios Públicos,Services,Argentina,Mendoza,Approved,00,False,17.73,,
TRX-UC4NKB8N5W9KM5UBMH72,2026-06-01 07:56:33,2026-06-01,PRD-D5NLMYM2BDNT,CLI-G1UT7RIQ7PNU,Transfer,,5192.07,USD,,Web,,,,México,,Declined,51,False,21.13,,
TRX-9F15YF4P6Y69V5KA2O1F,2026-06-01 17:37:50,2026-06-01,PRD-P01NXS0ILU5N,CLI-4CBYTA1C4TCL,Deposit,,4193.54,USD,,POS,,,,México,Querétaro,Approved,,False,25.85,,
TRX-ZJH8P2XJH317RRPW5GIG,2026-06-01 18:20:59,2026-06-01,PRD-NPHCU64XAT8W,CLI-VBYCWMHVIHCZ,Transfer,,2488.58,USD,,POS,,,,México,Guadalajara,Approved,00,False,0.72,,
TRX-H1EA3S5JRBCKSULTFCRJ,2026-06-02 05:13:25,2026-06-01,PRD-LCGMQAW2GFRQ,CLI-PRNB0T8GUJ2V,Withdrawal,,926095.37,COP,231.52,POS,,,,Colombia,Cartagena,Approved,00,False,11.7,,
TRX-3XESVBVGZ2W3SN3HX5H1,2026-06-02 01:37:17,2026-06-01,PRD-3Z4WQW2NF7DC,CLI-QKZUL578VI67,Purchase,Other,419.94,USD,,POS,,Centro Comercial,Other,Colombia,Barranquilla,Approved,00,False,26.04,,
TRX-8GE5E2VGL44OXJLG5FO4,2026-06-01 20:17:48,2026-06-01,PRD-P9FXSWRMORSV,CLI-Q1262OR4SZ0I,Purchase,Food,92.26,USD,,Web,,Tienda Don José,Food,México,Puebla,Approved,00,False,8.83,,
TRX-JYRTS86HREQ3NL9EWQVW,2026-06-01 08:04:31,2026-06-01,PRD-XC3YKG8GQOEM,CLI-MNHPB8YGVKV7,Adjustment,,61185.01,COP,15.3,Web,,,,Colombia,Cartagena,Approved,00,False,,,
TRX-AODSNRTTEHZQ6RXHY2N6,2026-06-02 04:52:36,2026-06-01,PRD-AJUYNO7C68YE,CLI-6SSUNSI1UUTJ,Transfer,,1480.25,USD,,Branch,SUC-YZRQJS5X,,,México,Ciudad de México,Approved,00,False,,,
TRX-PUR225ANDQNQ8296BPYR,2026-06-02 02:00:10,2026-06-01,PRD-O3LY5G4FXNGR,CLI-YF1E4634P6OI,Withdrawal,,481.01,USD,,Web,,,,México,Guadalajara,Approved,00,False,15.61,,
TRX-I2KXYIOMLGRJPH45S4BG,2026-06-01 20:26:00,2026-06-01,PRD-2KNLCU447EE6,CLI-8TNGP38ULKGE,Purchase,Food,333.95,USD,,ATM,SUC-JJT8C9XQ,Mercado Central,Food,México,Guadalajara,Approved,00,False,18.77,,
TRX-971US0P71J50CRM1QV26,2026-06-02 04:57:50,2026-06-01,PRD-3YKEFVWIN4FG,CLI-JANEC4SBHK3B,Transfer,,5833.59,USD,,POS,,,,México,Monterrey,Approved,00,False,5.88,,
TRX-WNWS4376T535B4SHNAFO,2026-06-01 22:27:43,2026-06-01,PRD-JTJF8I7SWBGT,CLI-AL392A6716T3,Payment,Transport,411.53,USD,,Transfer,,,,México,Tijuana,Approved,00,False,20.6,,
TRX-6SX4F1L7M1H5QK6YUCFK,2026-06-02 00:09:21,2026-06-01,PRD-KI5MYO5IN0AH,CLI-4L1YBGO1JCTQ,Transfer,,107.32,USD,,POS,,,,México,Monterrey,Approved,00,False,4.68,,
TRX-JAZZYVGUQN53AA9XXCMX,2026-06-01 21:51:33,2026-06-01,PRD-6636XUGD8726,CLI-OEO7S4XJ6D21,Payment,Health,841.79,USD,,POS,,,,México,,Approved,00,False,5.67,-0.2182098,
TRX-E7GJDXZJVEABGY9Z9HRF,2026-06-01 19:51:08,2026-06-01,PRD-NE48INA394DP,CLI-DZ4AEF9K044C,Transfer,,12164206.47,COP,3041.05,App,,,,Brazil,Salvador,Approved,00,False,,,
TRX-YT4FT1XPORF6Q8D6T8H0,2026-06-02 04:29:48,2026-06-01,PRD-O1YW849MFTZK,CLI-2JM71ZDHRM98,Purchase,Food,52250.53,COP,13.06,Web,,,Food,Colombia,Cartagena,Approved,00,False,7.39,,
TRX-VOP4343PMJUKIAVU4SMC,2026-06-01 22:05:44,2026-06-01,PRD-QIBSNVQHCNZA,CLI-P3I98ITNXUE5,Transfer,,33039656.75,COP,8259.91,POS,,,,Colombia,Cali,Approved,00,False,3.95,,
TRX-8D981WR8MLJTG68UZ33I,2026-06-02 00:21:07,2026-06-01,PRD-PQ5VCUM2V2OV,CLI-0MVBMK4BOH5C,Transfer,,2311.31,USD,,POS,,,,México,Puebla,Approved,00,False,10.32,,
TRX-1UAQH0CQTXK7H23R6WTS,2026-06-01 09:29:07,2026-06-01,PRD-6PIZP52DE43W,CLI-VIYOWTM5ETYR,Deposit,,1382.8,USD,,POS,,,,Argentina,Buenos Aires,Approved,00,False,21.73,,
TRX-M0AWX8ZUJ2DBCEZLB2P9,2026-06-02 05:19:58,2026-06-01,PRD-21U87NWK7GRW,CLI-JT6NA46JMEX5,Purchase,Health,73.11,USD,,ATM,SUC-LBPQUZ4D,Clínica Médica,Health,Mexico,Puebla,Approved,00,False,28.61,,
TRX-4IEBNV31DYY7YP2G5EYQ,2026-06-01 14:08:20,2026-06-01,PRD-3WCWO15ZOYV4,CLI-7OCX7M65K8UK,Transfer,,28880043.54,COP,7220.01,Web,,,,Colombia,Cartagena,Pending,14,False,18.85,,
TRX-CMLZR39YEIVOTJT1OU2B,2026-06-01 08:54:56,2026-06-01,PRD-2XL8M03NGZKS,CLI-ODQ71YVXCQ1K,Purchase,Health,110.67,USD,,Transfer,,Clínica Médica,Health,México,Querétaro,Approved,00,False,24.16,,
TRX-JHIAFT0UUA7JECOMH6RW,2026-06-01 22:47:46,2026-06-01,PRD-91YATGPOMPTC,CLI-B8AZ135TO7T9,Purchase,Entertainment,1411995.29,COP,353.0,POS,,Streaming Music,Entertainment,Colombia,Cartagena,Approved,,False,,,
TRX-O1U8KYLA6CT2M8XB50LK,2026-06-02 04:09:45,2026-06-01,PRD-M9D1NZ5GWUYM,CLI-B9XQFCQCAUOV,Withdrawal,,182.11,USD,,ATM,SUC-QVGF07AP,,,México,Querétaro,Approved,00,False,28.65,,
TRX-IZ9E5XM7J2EPV2QX7ZBE,2026-06-01 10:48:06,2026-06-01,PRD-PAW1PWOBSJ5A,CLI-GUXQ5P0V4Q5T,Withdrawal,,77333.19,ARS,220.95,Web,,,,Argentina,Córdoba,Approved,00,False,,,
TRX-1WT8G8HT628BD399EMRS,2026-06-01 18:57:13,2026-06-01,PRD-RQ4EH4Q0HKWW,CLI-US9YK2ECJNUI,Withdrawal,,26948.76,ARS,77.0,POS,,,,Argentina,Rosario,Approved,00,False,18.86,,
TRX-GVIHWZCW4Z2DMJG7L43F,2026-06-02 02:10:43,2026-06-01,PRD-C7OF8CIO4U0X,CLI-G06T9AN3HLMJ,Payment,Food,220105.27,ARS,628.87,ATM,SUC-0LZRXHCF,,,Argentina,La Plata,Approved,00,False,5.31,-34.616053,-59.1143311
TRX-5PZ2LIGDBDGUXT7Q7449,2026-06-01 16:03:01,2026-06-01,PRD-XZ4PM54OXHY3,CLI-QL82D9KAN9I8,Transfer,,8118236.63,COP,2029.56,App,,,,Colombia,Cali,Approved,00,False,5.75,,
TRX-X3PV0V217T070BN049DW,2026-06-01 13:53:09,2026-06-01,PRD-HSG3FK3IDZLT,CLI-PHSQ0LOC1FOB,Withdrawal,,28.27,USD,,App,,,,México,Tijuana,Approved,00,False,4.91,,
TRX-3SGE4WPXCRWM0HTP71EH,2026-06-01 21:22:26,2026-06-01,PRD-BX5EUFWDD4RP,CLI-X7VLL4NT45TK,Purchase,Other,92850.61,ARS,265.29,App,,Tienda General,Other,Argentina,Mendoza,Approved,00,False,22.06,,
TRX-Z7CIHAQ9GQE4UAHD1MKX,2026-06-01 07:40:22,2026-06-01,PRD-0IJZHX385ZAZ,CLI-FTIEB7BYOD2S,Withdrawal,,1152077.93,COP,288.02,ATM,SUC-QLV3J046,,,Colombia,Medellín,Approved,00,False,3.72,,
TRX-T3K967ZOW4ZL9RVYJGJR,2026-06-02 03:10:23,2026-06-01,PRD-3PCVDITQS2XU,CLI-72TCCJZAWKH1,Withdrawal,,166.11,USD,,POS,,,,México,Puebla,Approved,00,False,,,
TRX-LKGA73OVFHCKUZ1PONMX,2026-06-01 18:23:51,2026-06-01,PRD-1RSTO43WR38Z,CLI-TW8Z22JN2R76,Withdrawal,,65847.35,ARS,188.14,Branch,SUC-FXWYIOXF,,,Argentina,,Approved,00,False,9.13,,
TRX-VNWP0C7DIR5VNIYN6Z2U,2026-06-02 04:07:38,2026-06-01,PRD-O92GKO8V1GW6,CLI-DU0LW078B0WC,Payment,Entertainment,1154.99,USD,,App,,,,México,,Approved,00,False,20.19,,
TRX-S9I6QPGB2EX1WWX5J7G3,2026-06-01 16:01:40,2026-06-01,PRD-EEM01N4TNQDW,CLI-R9DOZUTJXQ9M,Purchase,Food,333.11,USD,,POS,,Super Ahorro,Food,México,Querétaro,Approved,00,False,22.93,,
TRX-OXX4DGRZTZ581FFRE55Z,2026-06-01 20:24:06,2026-06-01,PRD-S8Q7X0MMF7T0,CLI-DD614K91RMZ4,Withdrawal,,249.92,USD,,Web,,,,México,Tijuana,Approved,00,False,,,
TRX-1L3K2RJT2UK84BZ0ZFG4,2026-06-01 19:28:39,2026-06-01,PRD-4ZQMI5UA01JC,CLI-K6A5OQ7YADQ9,Payment,Services,1690.83,USD,,Web,,,,México,Puebla,Approved,00,False,14.78,,
TRX-NRBP5TZ8DST7QQNHIS38,2026-06-01 12:46:46,2026-06-01,PRD-H7M201P0HKIY,CLI-JWLLUSCAN8PA,Withdrawal,,456.13,USD,,Web,,,,México,,Approved,00,False,19.46,,
TRX-NN2ZV43L6SE6W4CZVL1S,2026-06-01 10:38:42,2026-06-01,PRD-JEQJFJOWTP4R,CLI-R3T4JW9PRMWW,Purchase,Food,676468.15,COP,169.12,Web,,Super Ahorro,Food,Colombia,Bogotá,Approved,00,False,1.32,,
TRX-DAOOV12NEIZ6Y1O3WKKH,2026-06-02 03:39:45,2026-06-01,PRD-ITL2FQBSTSCA,CLI-OID26UICQ3W9,Purchase,Other,396411.3,COP,99.1,POS,,Ferretería,Other,Colombia,Barranquilla,Approved,00,False,14.87,,
TRX-NJURHXC8BS9RSOLGAPRH,2026-06-01 10:47:42,2026-06-01,PRD-WSKZZHKKM20M,CLI-X68N3PALYF6I,Transfer,,550102.77,ARS,1571.72,POS,,,,Argentina,La Plata,Approved,00,False,9.13,,
TRX-PQZSXC5MV5RQ75N9LZ9C,2026-06-01 07:36:47,2026-06-01,PRD-UWLF10EWW8FV,CLI-QH8JYII57L29,Payment,Entertainment,1846.61,USD,,App,,,,México,Tijuana,Approved,00,False,28.92,,
TRX-Q2GETYS8I2KCBXRUWW23,2026-06-01 12:21:01,2026-06-01,PRD-4FKWJ1FSAZHI,CLI-0VEQRHF8EZK3,Purchase,Other,76.21,USD,,ATM,SUC-9L4T3P44,Ferretería,Other,México,Guadalajara,Approved,00,False,10.5,,
TRX-1LRJQFWW7I72VNK9DQ6G,2026-06-02 05:43:24,2026-06-01,PRD-42E2S3WGU7KZ,CLI-TPQ9ERDNMH3A,Transfer,,2323.99,USD,,POS,,,,México,Tijuana,Approved,00,False,29.83,,
TRX-T89YTQIHY7YYRSXGKWV8,2026-06-02 00:27:47,2026-06-01,PRD-9E9HGOLUZHIR,CLI-HCQ6D3CKDVPD,Deposit,,1398.35,USD,,POS,,,,México,Monterrey,Approved,00,False,17.5,,
TRX-TDG4SWKOCSVX1D0DDU2C,2026-06-02 00:28:55,2026-06-01,PRD-PJSCZ9Q7KLMF,CLI-MUZ8YYY9YEZK,Withdrawal,,290.68,USD,,ATM,SUC-1G7XCTV8,,,México,,Approved,00,False,21.61,0.566591,0.7148832
TRX-K0SZOEY38ICTZ36309FG,2026-06-01 13:04:29,2026-06-01,PRD-1YW3LOVS9S3F,CLI-3DWQM35L396X,Withdrawal,,489.51,USD,,POS,,,,México,Puebla,Approved,00,False,19.07,,
TRX-W20WK96IOZBK1RZBKCTE,2026-06-01 17:26:23,2026-06-01,PRD-S2RXGM3SQBSL,CLI-PMHWW9DZT593,Purchase,Other,9355.25,ARS,26.73,POS,,Boutique Moda,Other,Argentina,Córdoba,Approved,00,False,10.64,,
TRX-A8R21TA9ADB9T2M4LGPL,2026-06-01 20:51:33,2026-06-01,PRD-Y07I46S4ZWAO,CLI-I6U5VOWGRZZ4,Purchase,Entertainment,196.06,USD,,ATM,SUC-0OJNMRLP,Conciertos Live,Entertainment,México,Ciudad de México,Approved,00,False,18.74,-0.8790293,0.9512764
TRX-0X0FYGLKSMB81ZX7JA8W,2026-06-01 07:34:51,2026-06-01,PRD-HFZMM2RGP2IO,CLI-9398MOCH5CAR,Payment,Other,933.44,USD,,POS,,,,México,Guadalajara,Approved,00,False,,,
TRX-E4WRQ9XI5NKBNYXOIFRW,2026-06-01 18:58:02,2026-06-01,PRD-CHIU6QL24KL1,CLI-HPFM10CRVFRJ,Withdrawal,,253.32,USD,,App,,,,México,,Approved,00,False,29.66,,
TRX-34W9SCQ0LPSOU32ZP0V5,2026-06-01 22:25:13,2026-06-01,PRD-Q2QCIL07JIFA,CLI-KQ1KQBUVEU8Q,Withdrawal,,1402227.99,COP,350.56,POS,,,,Colombia,Cali,Approved,00,False,,,
TRX-N0UZ92GMPV7UCCI1VEV1,2026-06-02 01:18:49,2026-06-01,PRD-T7FC4W544CMJ,CLI-6W1XAVD0Y8TY,Transfer,,7816.27,USD,,POS,,,,México,,Approved,00,False,10.17,,
TRX-EQTUJM0VQLMNQ4SNM2YE,2026-06-01 10:18:19,2026-06-01,PRD-GSM79JSV0OOW,CLI-COZNOIRA5BI1,Payment,Other,2699064.17,COP,674.77,POS,,,,Colombia,Cartagena,Approved,00,False,27.09,,
TRX-U0ZUACVORRBB14WT6CSM,2026-06-02 01:32:44,2026-06-01,PRD-Y5VXB7EXF9XO,CLI-GCG6LB2D420J,Purchase,Food,582031.78,COP,145.51,POS,,Restaurante El Buen Sabor,Food,Colombia,Medellín,Approved,00,False,28.53,3.7201793,-74.2878577
TRX-2DG4SU3QCYCJ5M0L9RE1,2026-06-02 00:38:29,2026-06-01,PRD-18XSQ4SILWGF,CLI-IW394O6SXATY,Payment,Food,5130719.17,COP,1282.68,ATM,SUC-A4SSWF0H,,,Colombia,Cartagena,Reversed,05,False,29.0,4.999193,-73.4372152
TRX-HRVAWD0XVM4EYL99HHPZ,2026-06-01 19:26:38,2026-06-01,PRD-4YU8G7PIJ89M,CLI-3C2O0HWTJ1FN,Withdrawal,,213.06,USD,,ATM,SUC-FV69BGCV,,,México,Puebla,Approved,00,False,3.51,,
TRX-7MVCA786EA0Q29IRCL8F,2026-06-01 22:08:14,2026-06-01,PRD-6YHH65D15SPP,CLI-R1WVWFJK5708,Deposit,,1155444.47,ARS,3301.27,Web,,,,Argentina,Mendoza,Approved,00,False,12.02,,
TRX-SBV1C247O6TDMYTJZ6F7,2026-06-01 21:03:36,2026-06-01,PRD-IS974LTHU4AE,CLI-T6L4K47CSA78,Transfer,,6089.64,USD,,Web,,,,Colombia,Cartagena,Approved,00,False,28.74,,
TRX-2J9502W0BXF93847837X,2026-06-02 03:46:38,2026-06-01,PRD-YBTL0OZHDTL1,CLI-HATZEMR2G9EK,Deposit,,1168.12,USD,,ATM,SUC-HWG24EKK,,,México,Ciudad de México,Approved,00,False,29.77,0.2493517,0.8181548
TRX-F6B71Q77PXIKZ0QJ49VK,2026-06-01 06:10:54,2026-06-01,PRD-43M8A73G9TTG,CLI-6AD6BTZCXR5T,Transfer,,8735.55,USD,,Branch,SUC-NOBD5N9U,,,México,Monterrey,Reversed,51,False,19.27,-0.6652838,-0.6118769
TRX-3F1VEKP4Q5GKKOKY9BAZ,2026-06-01 23:08:37,2026-06-01,PRD-MTF37IDAOKTT,CLI-8KGNFORWKE0O,Withdrawal,,333.18,USD,,Web,,,,México,Querétaro,Approved,00,False,21.5,,
TRX-ZNOMJ6592XZZD2FQ4VSU,2026-06-02 05:30:53,2026-06-01,PRD-RPKVHKU6OH3L,CLI-8GISNHGUYY4N,Transfer,,1501.7,USD,,POS,,,,México,,Approved,00,False,19.8,,
TRX-YRPB7Q3FE6MTRKM1560E,2026-06-01 21:38:40,2026-06-01,PRD-OSMMRCB42AYX,CLI-VMNL696QUGZ0,Deposit,,26281.98,ARS,75.09,POS,,,,Argentina,La Plata,Approved,00,False,,,
TRX-Y8X4FWWG7PR047LCYKZQ,2026-06-02 00:56:20,2026-06-01,PRD-O6KIVT3TEIH7,CLI-A23UIT0ES8SV,Deposit,,5981174.83,COP,,Web,,,,Colombia,Medellín,Approved,00,False,9.87,,
TRX-JZ8TYT8IWO2QU0JQXGF4,2026-06-01 06:30:03,2026-06-01,PRD-DDR0PF8V2NQT,CLI-QK7CMXA6ZWX3,Deposit,,1905.37,USD,,Web,,,,México,Guadalajara,Declined,51,False,17.87,,
TRX-22XKXAGBGLX8T90YS5JJ,2026-06-01 21:00:59,2026-06-01,PRD-SMMK4Z259V10,CLI-7HL4TO9KJO5V,Deposit,,355.62,USD,,ATM,SUC-ZXOSBE5D,,,México,Guadalajara,Approved,00,False,21.45,,
TRX-9P6XTX565YKYBGVI5S9P,2026-06-01 21:13:10,2026-06-01,PRD-H73CXV1T6N76,CLI-2NX7S046ZG8Y,Withdrawal,,429.34,USD,,Web,,,,México,Monterrey,Approved,00,False,,,
TRX-4GYTFG1U62J7I8LJBPGM,2026-06-01 22:23:58,2026-06-01,PRD-P4SQM4CAKD2D,CLI-R2Q42FKBBM65,Adjustment,,632.27,USD,,POS,,,,México,Puebla,Approved,00,False,20.01,0.8920007,-0.4507459
TRX-U45FARJZF07D5WA5I504,2026-06-01 22:36:46,2026-06-01,PRD-PXV9NRHBGG71,CLI-72QQ7RSQ7Z2E,Payment,Health,1952.48,USD,,Web,,,,México,Tijuana,Approved,00,False,,,
TRX-99H3K0H3I0HEMTX67G5J,2026-06-02 00:14:20,2026-06-01,PRD-4DTGFFVE0MQV,CLI-G3J9UMU6P1AN,Purchase,Entertainment,219029.51,COP,54.76,POS,,,Entertainment,Colombia,Barranquilla,Approved,00,False,28.27,,
TRX-M8HQHXVMEU2T2PRTRYE9,2026-06-01 15:25:55,2026-06-01,PRD-8THIPKTK7L93,CLI-RHLC8RUVSQRL,Purchase,Other,68735.79,COP,17.18,Web,,Ferretería,Other,Colombia,Bogotá,Approved,00,False,9.5,,
TRX-TBMYA7TZ74T64XFSBCU2,2026-06-01 16:55:45,2026-06-01,PRD-W1M0RKU5ALK9,CLI-9MA2BR5OV2KS,Withdrawal,,64385.17,ARS,183.96,App,,,,Argentina,La Plata,Approved,00,False,28.12,,
TRX-3I6RCNSE04B6OA52U0BB,2026-06-01 06:40:30,2026-06-01,PRD-VOCHDOOUKDHH,CLI-EMUA2XZ8S85B,Adjustment,,61381.45,ARS,175.38,POS,,,,Argentina,Buenos Aires,Approved,00,False,17.05,,
TRX-KUNYY9GBRRHWDXYXER0A,2026-06-01 10:51:27,2026-06-01,PRD-3EXC418CVEUN,CLI-Z1E2ZRBO54S4,Deposit,,809569.27,ARS,2313.06,POS,,,,Argentina,Mendoza,Approved,00,False,7.62,,
TRX-3KXPP944ZJIGL2KGTF3A,2026-06-01 15:12:41,2026-06-01,PRD-B3AW3AAAQCQR,CLI-ZIBFIISI92Z3,Withdrawal,,50582.42,ARS,144.52,Branch,SUC-3JIR51SL,,,Argentina,Mendoza,Approved,00,False,19.27,-33.8151203,-58.3535711
TRX-U8HN1Y2Q1YV4R3NB5JUD,2026-06-01 07:59:32,2026-06-01,PRD-JZFSQI0GEJOP,CLI-8TOXP8R8OUHK,Withdrawal,,60341.43,ARS,172.4,App,,,,Argentina,Mendoza,Approved,,False,22.58,,
TRX-ZXI7HFNXCZNFET6Y3GY4,2026-06-02 01:01:47,2026-06-01,PRD-KG0XIDNEXZEM,CLI-6FYE5BM5P22U,Transfer,,6911.05,USD,,ATM,SUC-XSMNXFJN,,,México,Ciudad de México,Approved,00,False,0.15,,
TRX-EZNC8G5NRG6QIVH54754,2026-06-01 11:44:10,2026-06-01,PRD-ROE6HKGY7DDN,CLI-0KYTAJGIL2HH,Withdrawal,,148.58,USD,,POS,,,,Argentina,,Approved,00,False,19.52,,
TRX-B42PMAWGMAM5LD1AJ96W,2026-06-01 11:26:20,2026-06-01,PRD-ZQ4N94HBVPKH,CLI-VG08NXSI2UDV,Transfer,,339127.96,ARS,968.94,POS,,,,Argentina,La Plata,Approved,00,False,11.97,,
TRX-AYBXYLUX7VEXOWDDI0EW,2026-06-01 13:24:19,2026-06-01,PRD-74LJEQOQ0P8J,CLI-WJE9TBHHT26G,Payment,Transport,6133970.45,COP,1533.49,ATM,SUC-P6VSAH4U,,,Colombia,,Declined,05,False,17.76,5.6272427,-73.4227862
TRX-RW70CZZ8WICGFU64OZED,2026-06-01 17:04:15,2026-06-01,PRD-3CD98E484VKL,CLI-O1TZ2KGTQIWT,Withdrawal,,326.99,USD,,ATM,SUC-ZAMLQY77,,,México,,Approved,00,False,15.59,,
TRX-LN4R3KHNDP04N4OGQW15,2026-06-02 05:36:58,2026-06-01,PRD-Z5L0QFOEO1AH,CLI-4DBHP4JH0RGY,Adjustment,,2675704.7,COP,668.93,App,,,,Colombia,,Approved,00,False,7.6,,
TRX-GW9R1AZDMK4BKGCPA9X0,2026-06-01 10:58:58,2026-06-01,PRD-JH2T26OP1EEE,CLI-ZSVKXIURFBJW,Withdrawal,,735293.11,COP,183.82,App,,,,Colombia,Barranquilla,Approved,00,False,9.84,,
TRX-14Y93KS2SCZ4K3Y1UOHZ,2026-06-01 08:45:33,2026-06-01,PRD-4OE24FLZDZI4,CLI-C3HTOSJAIQUG,Deposit,,4326.02,USD,,ATM,SUC-PUPXM7MA,,,México,Ciudad de México,Approved,00,False,24.54,,
TRX-ICKMI6JFITAXG4OYWN66,2026-06-01 11:17:58,2026-06-01,PRD-H11E3RT601TJ,CLI-35RWUPWBH2AD,Purchase,Services,9828.2,ARS,28.08,App,,Internet Plus,Services,Argentina,Buenos Aires,Approved,00,False,8.28,,
TRX-P4GCAW3WXQX2M8VCF7Q9,2026-06-01 09:36:49,2026-06-01,PRD-7NVV5B1B1ATT,CLI-G1KYXA5O4BKG,Adjustment,,869.46,USD,,App,,,,México,,Approved,00,False,,,
TRX-ZW14VB9G6A6WXWLRU6W3,2026-06-01 13:00:09,2026-06-01,PRD-VNINQTKGD55L,CLI-EGQYAFI4A0SV,Deposit,,1060.61,USD,,App,,,,Colombia,Cali,Approved,00,False,23.55,,
TRX-6N915V414JUF62T6DHTG,2026-06-01 08:38:00,2026-06-01,PRD-BF3I7B9X0VSQ,CLI-HRR680I4TF28,Withdrawal,,408.08,USD,,ATM,SUC-M8AEJ2A4,,,México,Puebla,Approved,00,False,12.99,,
TRX-FHA3D5V6ZPQTPX198BC2,2026-06-01 10:22:23,2026-06-01,PRD-4XKCGE033TAI,CLI-WHWBEPFUDHAZ,Purchase,Transport,762690.17,COP,190.67,Branch,SUC-P6VSAH4U,Taxi Seguro,Transport,Colombia,Barranquilla,Approved,00,False,21.24,,
TRX-AQQ7OQZYQ4XG0KON60PE,2026-06-02 02:36:27,2026-06-01,PRD-XKYAKV0ZWYZV,CLI-UTO92UTZWW61,Withdrawal,,234.91,USD,,Web,,,,México,Guadalajara,Approved,00,False,,,
TRX-LKUYZBLJQ3I3RGCHATT1,2026-06-01 07:27:31,2026-06-01,PRD-TKU9Q88S9XXO,CLI-EB7P7NLM53QN,Deposit,,4486.13,USD,,App,,,,México,Ciudad de México,Approved,,False,21.61,,
TRX-WGE6PPJ350TS2GSKJ96U,2026-06-01 18:54:00,2026-06-01,PRD-KOXW38QQXKWX,CLI-QBF6IY5Y54U2,Payment,Transport,1526606.37,COP,381.65,POS,,,,Colombia,Cali,Approved,00,False,11.85,,
TRX-BCU4M6YCNL51UL5P2O55,2026-06-01 09:18:42,2026-06-01,PRD-9EM77T6IV329,CLI-1EW1QATFJMBO,Withdrawal,,138.11,USD,,ATM,SUC-OLTX380V,,,México,Guadalajara,Approved,00,False,3.08,,
TRX-31TKXT9AU6X12O0EYUZC,2026-06-01 23:32:05,2026-06-01,PRD-NDP3JSTTQ03U,CLI-J5PMCPUAJ1RD,Transfer,,31381189.99,COP,7845.3,App,,,,Colombia,Bogotá,Approved,00,False,10.66,,
TRX-6VKFKPM40PSURUNOLEEJ,2026-06-01 12:41:37,2026-06-01,PRD-N780PD27L3TC,CLI-8TFNO5G3OG9U,Transfer,,1832214.97,ARS,5234.9,App,,,,Argentina,Córdoba,Approved,00,False,13.65,,
TRX-U54UBEKFOTVSFS6A0E34,2026-06-02 00:29:27,2026-06-01,PRD-CH2DLBOXLTM3,CLI-XC95XCB7NZ0H,Payment,Food,139.0,USD,,POS,,,,Colombia,Cartagena,Approved,00,False,0.57,,
TRX-H4EHBSEDBJLOC49TF9S5,2026-06-02 05:26:02,2026-06-01,PRD-1EGM9YN0ZIRU,CLI-AMMQEEC4JC2T,Withdrawal,,92.94,USD,,App,,,,México,Guadalajara,Approved,00,False,26.19,,
TRX-W5O5JRVHGENB5DNVWJR2,2026-06-01 12:57:13,2026-06-01,PRD-A2D28RDA1UNX,CLI-ZZPLS1Z12VTD,Payment,Food,7343543.14,COP,1835.89,POS,,,,Colombia,Bogotá,Approved,00,False,8.56,,-74.1258431
TRX-OYK76JWVCR2MLDKOJ5M5,2026-06-02 02:27:50,2026-06-01,PRD-TS615GBG896O,CLI-MN0B6XZETHEL,Purchase,Food,1138140.52,COP,284.54,ATM,SUC-A1FLMPEF,Mercado Central,Food,Colombia,Cartagena,Approved,00,False,10.22,,
TRX-WKG5EDERDB8EXQ3VIU5B,2026-06-01 14:12:18,2026-06-01,PRD-8VQSRYM6BUHK,CLI-M3MH4NI1SDUL,Payment,Transport,202861.7,COP,50.72,POS,,,,Colombia,Medellín,Reversed,51,False,14.73,5.3154051,-73.7866503
TRX-0GHMGUC0WDJMOU28E39Q,2026-06-01 11:32:43,2026-06-01,PRD-TDVO5O6860VG,CLI-I590KEM5CSEJ,Transfer,,1767.45,USD,,POS,,,,México,,Approved,00,False,15.61,-0.0478004,0.1086329
TRX-QAJ8ZMOES7FRHTUEUI0X,2026-06-01 08:15:49,2026-06-01,PRD-PKNZLITN64NU,CLI-N8O3LJL5HZQS,Purchase,Food,273.96,USD,,App,,Restaurante El Buen Sabor,Food,México,Querétaro,Approved,00,False,7.05,,
TRX-ANS10OGMIKCOG49IF8Z2,2026-06-02 05:22:46,2026-06-01,PRD-LL164426MIE7,CLI-BEHIHAQVR7DH,Withdrawal,,332.62,USD,,ATM,SUC-0KBWS25U,,,Colombia,Barranquilla,Approved,00,False,,,
TRX-RF40PAYOXENUQZUGI9Y6,2026-06-02 03:01:09,2026-06-01,PRD-466ISUAZQS7Z,CLI-NVG705LO8PY6,Payment,Services,1591.62,USD,,App,,,,México,,Approved,00,False,16.6,,
TRX-BAARLH5VMA8JMFPZC2HV,2026-06-01 08:17:55,2026-06-01,PRD-8MOWOUQR5I65,CLI-R4WUWOOU4MSE,Withdrawal,,1590156.2,COP,397.54,Transfer,,,,Colombia,,Approved,00,False,28.3,,
TRX-F1OCXZFXEGA2CCY8E52Y,2026-06-01 17:55:34,2026-06-01,PRD-DIJ8G8HW8ZST,CLI-GYG8CM6RF1WC,Transfer,,27384135.88,COP,6846.03,ATM,SUC-FF1CG8O5,,,Colombia,Cartagena,Approved,00,False,27.79,4.3138869,-73.967378
TRX-X38YB8D40ALXLLOO6M2B,2026-06-02 05:13:49,2026-06-01,PRD-T7BB7IG1AMEX,CLI-DZ58AV1UUJJL,Purchase,Health,1049132.26,COP,262.28,ATM,SUC-6NKYKKQR,Farmacia Salud,Health,Colombia,Cali,Approved,00,False,13.88,,
TRX-7CSRJ384X3763F0YCDDF,2026-06-01 07:19:50,2026-06-01,PRD-ZGMP46WYG4CR,CLI-Q58IPMUS6MWQ,Withdrawal,,1593181.07,COP,398.3,ATM,SUC-4OOB7ZFR,,,Colombia,Bogotá,Approved,00,False,,,
TRX-V0MP8464PTWSCEPZN6O5,2026-06-02 03:04:11,2026-06-01,PRD-R1CHAKGALTRL,CLI-F5VCR4BU5L18,Payment,Food,534.11,USD,,POS,,,,Colombia,,Approved,00,False,,5.584907,-74.1277706
TRX-OJ8NVY0K8VRG6M3GAAJO,2026-06-01 06:26:31,2026-06-01,PRD-WBVQ27EV65RH,CLI-UXRXWV4D3HMM,Adjustment,,1059972.01,COP,264.99,Web,,,,Colombia,Cartagena,Approved,00,False,2.19,,
TRX-UPF37D884BC0V457GOJ8,2026-06-01 22:28:43,2026-06-01,PRD-ZK0FEUU0C0A1,CLI-YRJEYZAFLBPV,Purchase,Other,59468.24,ARS,169.91,App,,Tienda General,Other,Argentina,Rosario,Approved,00,False,,,
TRX-9GWSCS2UQK9YOB7L4VV6,2026-06-01 19:08:44,2026-06-01,PRD-TRELPXS39W5J,CLI-3GRA2I2DVTT9,Adjustment,,820.94,USD,,Web,,,,México,Monterrey,Approved,00,False,,,
TRX-Y1ZS0UMON1RIXJE5S85A,2026-06-01 13:16:51,2026-06-01,PRD-SHMWB76ASS7P,CLI-NIR5Q1CAKT7T,Purchase,Food,961460.09,COP,240.37,POS,,Super Ahorro,Food,Colombia,Bogotá,Approved,00,False,23.07,,
TRX-AHX09RT9XW1PW6J70DQ1,2026-06-01 11:24:23,2026-06-01,PRD-UAFML7ZH6P4I,CLI-P8UI6IY2E3XO,Withdrawal,,1659215.09,COP,414.8,POS,,,,Colombia,Barranquilla,Approved,,False,3.77,,
TRX-SOB2G4X6ICMKL0QPE16D,2026-06-01 13:30:40,2026-06-01,PRD-QIUQSC6A49AK,CLI-35AVW60C7NRM,Withdrawal,,67.13,USD,,POS,,,,México,Tijuana,Approved,00,False,13.18,,
TRX-RJDDXD2JWRUJ27F1W0HN,2026-06-01 11:45:35,2026-06-01,PRD-VFMKGDHUOA3S,CLI-ZRYBN8S30ONV,Transfer,,9988.27,USD,,POS,,,,México,Monterrey,Approved,00,False,19.63,-0.0544296,-0.5006938
TRX-WJRMIIM9JIZ5Q8U84CFJ,2026-06-01 16:53:01,2026-06-01,PRD-0QK3W1455O6H,CLI-SG0MPIBYO6RP,Purchase,,366263.99,COP,91.57,ATM,SUC-84HXKY7Q,Ferretería,Other,Mexico,Ciudad de México,Approved,00,False,,5.3922118,-73.270067
TRX-W60CFIZ95IQIFQIKWI9K,2026-06-01 23:15:50,2026-06-01,PRD-6LTCQ4XX0QWG,CLI-L8JD74PBOT83,Withdrawal,,59114.45,ARS,168.9,App,,,,Argentina,La Plata,Approved,00,False,,,
TRX-QO62J40HCG46STRR7VN6,2026-06-01 18:57:18,2026-06-01,PRD-DCCIVFFOUO6M,CLI-U8A8U8FLVYL4,Purchase,Entertainment,393.82,USD,,Transfer,,Conciertos Live,Entertainment,México,Puebla,Approved,00,False,21.57,,
TRX-AK6CFD583UXEMSFN5P8Y,2026-06-02 03:11:58,2026-06-01,PRD-093TWSKJ84KQ,CLI-5LPBYUJ6SADW,Payment,Other,862.6,USD,,POS,,,,México,Tijuana,Approved,00,False,,,
TRX-Q3GUNY1XKTLPTMA2FMGA,2026-06-02 04:20:40,2026-06-01,PRD-W1G300YQN7TY,CLI-MACVAAJVZL5G,Payment,Food,1103.26,USD,,App,,,,México,Monterrey,Approved,00,False,19.36,,
TRX-KZ9WJABCT8OFCAO6GTXJ,2026-06-01 15:28:30,2026-06-01,PRD-6DOPZQOT33UP,CLI-MEX1AC2XARAM,Payment,Other,1588.31,USD,,ATM,SUC-OW1SAD5J,,,México,Guadalajara,Approved,00,False,,,
TRX-9BV4UOCQ2DD2U6QJ6O51,2026-06-01 16:35:44,2026-06-01,PRD-1TJKVH88O7RX,CLI-89I4FE6MB98E,Transfer,,3043580.41,ARS,8695.94,POS,,,,Argentina,Buenos Aires,Approved,00,False,24.59,-33.9571009,-58.8948421
TRX-6O5JR9KANGZ0NLXSO76Y,2026-06-02 03:10:58,2026-06-01,PRD-X1MPPE7FJ6NH,CLI-IWMTYCYAV2E6,Payment,Transport,583.37,USD,,ATM,SUC-10TO2Y3U,,,Argentina,Córdoba,Approved,00,False,,-35.0874949,-59.0092991
TRX-SKC7U84MKMVTBLM10EGV,2026-06-01 22:32:23,2026-06-01,PRD-GYA63UA1610W,CLI-4J2G342QCWAI,Withdrawal,,46.58,USD,,ATM,SUC-KT11NKNR,,,México,,Approved,00,False,22.87,,
TRX-EFSLNTWEOBOY38FJAHNK,2026-06-01 09:17:04,2026-06-01,PRD-HGB45WES5ICQ,CLI-1LYWZ5NI7S5O,Payment,Food,902.63,USD,,Web,,,,México,Monterrey,Approved,00,False,,,
TRX-HK71N9RKRQTECINEVAOM,2026-06-01 14:59:47,2026-06-01,PRD-O1ZI8JDRBYGR,CLI-CV4A8IQC687Z,Transfer,,8847.04,USD,,Web,,,,Colombia,Cartagena,Declined,14,False,14.78,,
TRX-UZVQYXQYM55CCPMKQZS7,2026-06-01 07:28:04,2026-06-01,PRD-B2ALCK335BMI,CLI-LEI84DAOH9VO,Withdrawal,,96332.01,ARS,275.23,POS,,,,Argentina,Rosario,Approved,00,False,11.62,,
TRX-A47FRWVATLZTFV6K8RRO,2026-06-01 22:48:33,2026-06-01,PRD-N33YTYBZ362N,CLI-093XZEJIWG7B,Adjustment,,927.2,USD,,POS,,,,Argentina,Mendoza,Approved,,False,,-34.6025898,-59.1417515
TRX-I21PX4ZZ1GV9B4KEQGC0,2026-06-01 07:50:45,2026-06-01,PRD-OJYX8Y8GR604,CLI-1RE1FZ4W0T21,Withdrawal,,138864.78,ARS,396.76,POS,,,,Mexico,,Approved,00,False,1.43,-34.2491705,-58.9525318
TRX-5PTYYDSMDSPA306ANLHO,2026-06-01 09:14:44,2026-06-01,PRD-B7QL7QOTJZZY,CLI-2H636TBSKS12,Transfer,,4556.88,USD,,ATM,SUC-CBGK7VQE,,,Colombia,Barranquilla,Approved,00,False,24.61,,
TRX-7T5HW1U1W9FERRV0U0YZ,2026-06-02 02:54:15,2026-06-01,PRD-Z2EKDN189BSO,CLI-FEYZDFZCE3C0,Transfer,,2917783.17,ARS,8336.52,POS,,,,Argentina,Rosario,Approved,,False,27.72,,
TRX-HVYOJVZB0G91FH39G2WA,2026-06-01 08:24:42,2026-06-01,PRD-96NQFOVO9SBQ,CLI-BWUAUDXO34ZF,Purchase,Entertainment,122.05,USD,,App,,Cine Premium,Entertainment,México,,Approved,00,False,26.93,,
TRX-J3QBDLKH8728CVJXUH4K,2026-06-01 22:30:20,2026-06-01,PRD-K7T647YYLYES,CLI-QSAXHME2P6PQ,Deposit,,1342981.47,ARS,3837.09,App,,,,Argentina,Mendoza,Approved,00,False,14.27,,
TRX-PVXYK5XUXK3TQP64EL5L,2026-06-02 03:19:48,2026-06-01,PRD-GPKB9LGGIFLG,CLI-M11P07P2ELHZ,Payment,Other,739.64,USD,,ATM,SUC-HWG24EKK,,,México,Guadalajara,Approved,00,False,29.22,,
TRX-4X2G7Z6VFNWM0Y73KK0U,2026-06-01 09:23:51,2026-06-01,PRD-KHJ0D9IKFQW3,CLI-PHW6P23TZI04,Payment,Entertainment,213058.28,ARS,608.74,App,,,,Argentina,,Approved,00,False,12.82,,
TRX-4MYPWZF17N9KS65KOXUB,2026-06-01 22:07:21,2026-06-01,PRD-YPUSYROS75RG,CLI-ZHEK9Q9G2PAR,Deposit,,10686433.19,COP,2671.61,POS,,,,Colombia,Bogotá,Declined,51,False,20.49,,
TRX-ZHK1N44W0QXMHT5IDBHK,2026-06-01 14:40:18,2026-06-01,PRD-RTB6TNZICE6G,CLI-WXTX8R2EOHBD,Purchase,Transport,1234686.27,COP,308.67,POS,,Gasolinera Express,Transport,Colombia,Cartagena,Approved,00,False,7.78,4.3955728,-73.3177997
TRX-Z9CSR61CQVNAA8012WTK,2026-06-01 06:23:25,2026-06-01,PRD-91EQ5KTESSF4,CLI-F9SFK71C8ST7,Withdrawal,,782354.37,COP,195.59,Branch,SUC-ZCLZ4UQA,,,Colombia,Cartagena,Approved,00,False,,,
TRX-ZYDNOPG3XRF22JGY1YJO,2026-06-01 22:09:09,2026-06-01,PRD-KZPZMDATAACE,CLI-6ZZGGHGFCKT4,Withdrawal,,257026.37,COP,64.26,POS,,,,Colombia,Medellín,Approved,00,False,8.0,,
TRX-44T5YLPC1VVKM4NUYCW2,2026-06-01 15:42:23,2026-06-01,PRD-L6PCEEQLWIRC,CLI-PJZBOLRZJVQQ,Deposit,,540783.64,ARS,1545.1,POS,,,,Argentina,Rosario,Approved,00,False,21.94,,
TRX-IS9GB5ZP0HX9WPWRIUXN,2026-06-01 13:51:20,2026-06-01,PRD-STBV5XPBX8XI,CLI-5GNZEUTV50OO,Payment,Transport,1805580.59,COP,451.4,POS,,,,Colombia,Cartagena,Approved,00,False,,,
TRX-VHJSG4V2GNGQRV7J6QJ9,2026-06-01 18:04:42,2026-06-01,PRD-2QGZK1EFH1TB,CLI-L9Z3YNM9ITL6,Purchase,Transport,60735.18,ARS,173.53,POS,,Estación de Servicio,Transport,Argentina,La Plata,Approved,00,False,19.62,-33.8011486,-58.0607976
TRX-1K54BF2J4ZMZOYOSHMWF,2026-06-02 04:29:06,2026-06-01,PRD-899Q6C7JPU4W,CLI-KUOQQ5PC46JK,Withdrawal,,1634599.47,COP,408.65,POS,,,,Colombia,Barranquilla,Approved,00,False,3.31,,
TRX-TMYBAR9XXX1D13A63MCV,2026-06-01 17:23:52,2026-06-01,PRD-MY1VPP9MX3Q3,CLI-NJDIDDT61BZ2,Deposit,,929040.31,COP,232.26,Web,,,,Colombia,Cartagena,Approved,00,False,28.39,,
TRX-CX94WMUB66CIP6XK5NUS,2026-06-02 02:06:42,2026-06-01,PRD-1NQ6LEQWZ32F,CLI-4WUE3VGCTWET,Deposit,,3871.01,USD,,POS,,,,Colombia,Barranquilla,Approved,00,False,0.23,,
TRX-QRS52YYZ9EQFJBL59JDJ,2026-06-01 14:22:51,2026-06-01,PRD-LTCWAYH94CF9,CLI-AHOC29V16FF7,Deposit,,1407938.5,ARS,4022.68,Branch,SUC-7EJG5XUH,,,Argentina,Rosario,Approved,00,False,9.17,-34.958633,-57.4031161
TRX-HTQPF476X9LWTT6IGY49,2026-06-02 01:48:34,2026-06-01,PRD-YMQNEGJTMY7D,CLI-ANCNW74RN63R,Transfer,,8141.86,USD,,App,,,,México,Ciudad de México,Approved,00,False,23.64,,
TRX-DDPQ0I5QA9EMSXY9A65X,2026-06-01 11:19:04,2026-06-01,PRD-HB4PBUS96JWC,CLI-GGI8DHWRGEM4,Withdrawal,,440.77,USD,,App,,,,México,Ciudad de México,Approved,00,False,0.93,,
TRX-6FPR4VPV200XM6K7SCSQ,2026-06-01 13:56:37,2026-06-01,PRD-QTKH8YEDZUQL,CLI-N30ZJYXNLXXP,Purchase,Services,291.05,USD,,POS,,,Services,México,Tijuana,Reversed,54,False,28.92,0.4996577,-0.9519408
TRX-9P0PVM3NHZ52C7P6I3AP,2026-06-02 02:06:27,2026-06-01,PRD-RHJWTE5SYLDJ,CLI-PP6DNQVH6WU2,Transfer,,1751897.39,ARS,5005.42,POS,,,,Argentina,Buenos Aires,Approved,00,False,27.23,,
TRX-2GE8CCDV7Z1TWRXGL4B0,2026-06-01 12:59:47,2026-06-01,PRD-C0KC3BHR2M1J,CLI-G8PNOITH5B2F,Payment,Transport,7435357.78,COP,1858.84,POS,,,,Colombia,Cali,Approved,00,False,,,
TRX-B66WCW4E4W6JI2KKLK89,2026-06-01 18:34:04,2026-06-01,PRD-DROD565AEGJF,CLI-I5HAO7NMOTMU,Deposit,,1129884.76,ARS,3228.24,ATM,SUC-YO2Y6PA3,,,Argentina,Mendoza,Approved,00,False,12.57,,
TRX-Z1L7XNLNGUU96Q7QASFK,2026-06-02 03:04:12,2026-06-01,PRD-3UJQRBK75ALX,CLI-8ZNPFK7F0IN5,Transfer,,6409.68,USD,,ATM,,,,México,Tijuana,Approved,00,False,5.06,,
TRX-EQHNRU32B9T8UI86BGIP,2026-06-01 19:39:32,2026-06-01,PRD-G4IBK880Y069,CLI-39QVNTIACKBP,Transfer,,6818.08,USD,,ATM,SUC-P65ZGVH3,,,México,Puebla,Approved,00,False,12.87,,
TRX-H7Y9F22EKDTMHE6DNPN6,2026-06-01 18:20:48,2026-06-01,PRD-UVQHAO0JB18S,CLI-4PVW3L6GOWF3,Purchase,Services,442.29,USD,,ATM,SUC-4HF4J8KO,Empresa Telefónica,Services,México,Puebla,Approved,00,False,18.9,,
TRX-41D1KR66F5NN2H2CISWK,2026-06-02 05:57:56,2026-06-01,PRD-6QKO4X7K3VWQ,CLI-Q4AJSFGTMRKU,Deposit,,3281.45,USD,,App,,,,México,Guadalajara,Approved,00,False,7.9,,
TRX-AWXEUOGEZBJ2UHPCK8A0,2026-06-01 12:10:20,2026-06-01,PRD-6VOLRCI9XFEU,CLI-U5PGNF4C7RN2,Payment,Other,52243.61,ARS,149.27,Branch,SUC-0LZRXHCF,,,Argentina,Mendoza,Approved,00,False,7.37,,
TRX-3G6JD6NWLZL4BNYMBEQ5,2026-06-01 11:29:18,2026-06-01,PRD-5KZSOPI9DK9I,CLI-PT05Y7WU7KOE,Deposit,,4579.53,USD,,POS,,,,México,Tijuana,Pending,05,False,,,
TRX-1OL295TU24R5JQF0NVHS,2026-06-02 02:57:24,2026-06-01,PRD-4ASTRR97DVYH,CLI-PJJXNH3NX72B,Withdrawal,,759427.96,COP,189.86,Web,,,,Colombia,,Approved,00,False,28.42,,
TRX-L2LUXVA4DP4XSJRLSD19,2026-06-01 12:52:16,2026-06-01,PRD-4XNQ9TVHKZ23,CLI-CYF4ZX87R3DJ,Deposit,,601104.23,ARS,1717.44,Transfer,,,,Argentina,,Approved,00,False,11.65,,
TRX-G713CN1RR6ZQK9YYH7I1,2026-06-01 10:38:15,2026-06-01,PRD-NFZGBONCKEHP,CLI-OGF1VTOQ2A5F,Transfer,,590349.81,COP,147.59,POS,,,,Colombia,Cali,Approved,00,False,17.34,,
TRX-6EIMP9U88FMJDU08KH9V,2026-06-01 09:25:14,2026-06-01,PRD-O9FD6EQ3HM3D,CLI-5CFNIJSCKPA0,Purchase,Services,148383.53,COP,37.1,Branch,SUC-DIHJMBN3,Empresa Telefónica,Services,Colombia,Medellín,Approved,00,False,1.0,,-74.6311992
TRX-EZRBYNLM9VCYOGK2MO9B,2026-06-01 21:57:44,2026-06-01,PRD-V382WVQNUBZ5,CLI-K6O67ZRSVQHT,Payment,Other,176.21,USD,,ATM,SUC-EHE8V9YO,,,Argentina,Córdoba,Approved,00,False,29.46,,
TRX-7HAS3IBT7RXC46R75D7B,2026-06-01 23:30:49,2026-06-01,PRD-Z4W31NNLZ4GS,CLI-S12YYTUGHOHP,Purchase,Other,435.15,USD,,Web,,Boutique Moda,Other,México,Tijuana,Approved,00,False,,,
TRX-BSHQ2P1UNI2D28T6UJ2I,2026-06-01 09:05:59,2026-06-01,PRD-SZP5UHRQDVS5,CLI-CBE8OFF22VY3,Withdrawal,,259.35,USD,,POS,,,,Colombia,,Approved,00,False,12.18,,
TRX-21SIG8EM9EK5Q0YNXY6I,2026-06-01 15:34:10,2026-06-01,PRD-O0MC2D4BXFS8,CLI-2P50VDRQJSQM,Payment,Services,1822.13,USD,,ATM,SUC-5FDGLKJX,,,México,Querétaro,Approved,00,False,17.69,-0.5414175,0.7647189
TRX-T3OUD80SJUBIZL6EBB8R,2026-06-01 18:02:26,2026-06-01,PRD-PTTZGB7ND5ZS,CLI-JHCF3QXMX43O,Transfer,,34284854.66,COP,8571.21,Web,,,,Colombia,Cartagena,Approved,,False,13.11,,
TRX-23RHG5MKKTTKWDD4IKBM,2026-06-01 15:46:28,2026-06-01,PRD-KR2TE6SJQPO7,CLI-N18J7VW45WCM,Purchase,Services,1763367.67,COP,440.84,Web,,Servicios Públicos,Services,Colombia,Bogotá,Approved,,False,,,
TRX-26ZMC67E2SWLPZGWUP0Q,2026-06-02 02:23:27,2026-06-01,PRD-8FGANT9QN102,CLI-C3QJSHRT2XPZ,Withdrawal,,722614.22,COP,180.65,POS,,,,Colombia,Medellín,Approved,00,False,25.16,,
TRX-31OCTWESO7EIEBNR3LC6,2026-06-01 07:40:59,2026-06-01,PRD-TCMKDEB3253G,CLI-CMVLQIDK09QI,Withdrawal,,165.23,USD,,ATM,SUC-W04NBWY9,,,México,Monterrey,Approved,00,False,16.03,,
TRX-E5X5PH82K02AJCPWWKG6,2026-06-02 02:56:06,2026-06-01,PRD-Q8F6GKMPLPOS,CLI-UFJDP14NQ8MC,Purchase,Services,479.67,USD,,ATM,SUC-6A2UBEHN,Internet Plus,Services,México,,Approved,00,False,,-0.8225733,0.8362102
TRX-3ODP2CWKTODEEXTX52RQ,2026-06-01 09:04:20,2026-06-01,PRD-MBEEKGZPY61K,CLI-EUTZC0MMQJ5P,Transfer,,5439.44,USD,,POS,,,,México,Tijuana,Approved,00,False,21.86,,
TRX-L1I0Q7WIWYCJ9N2PO5WR,2026-06-01 20:39:43,2026-06-01,PRD-HZXD15RE7VLY,CLI-IWIIOZUCDMHU,Purchase,Services,362.4,USD,,ATM,SUC-UNXOS8JB,Cable TV,Services,USA,Miami,Approved,00,False,4.87,4.6897186,-74.7080664
TRX-3N9EH4QI6B1GWQCBMTIW,2026-06-01 20:03:24,2026-06-01,PRD-PX24EF9V3PIZ,CLI-NNJI6XFOSYAU,Withdrawal,,299.49,USD,,App,,,,México,Guadalajara,Approved,00,False,28.61,,
TRX-0FRK1WJM15951X9TG07L,2026-06-01 10:22:33,2026-06-01,PRD-X1WYJBOY8OT4,CLI-LXVVVMHJNOBU,Transfer,,30195705.4,COP,7548.93,ATM,SUC-X57ITSKO,,,Colombia,Bogotá,Approved,00,False,21.07,,
TRX-NMTXRJAUXDPQ9JZ779PQ,2026-06-01 20:07:58,2026-06-01,PRD-5EU27R8TZCEZ,CLI-5DNVSCBEDGVJ,Withdrawal,,118.46,USD,,Web,,,,México,Guadalajara,Approved,00,False,6.11,,
TRX-M1Y0FPP930IT3BUMUXAQ,2026-06-01 15:23:49,2026-06-01,PRD-YEM1BVLPD10B,CLI-5DSTCPULOKM6,Purchase,Transport,88930.89,ARS,254.09,ATM,SUC-NRVN9ND4,Estación de Servicio,Transport,Argentina,,Approved,00,False,1.77,-34.1036933,-57.4663321
TRX-JLKI54DUND4VDBRFVMLI,2026-06-01 16:32:20,2026-06-01,PRD-AM00FALOYVQT,CLI-AT7EY6G72T7I,Purchase,Food,59889.7,ARS,171.11,Web,,Restaurante El Buen Sabor,Food,Argentina,Buenos Aires,Approved,,False,28.64,,
TRX-UZQK9T9IAG9VGCZZ0093,2026-06-02 05:55:19,2026-06-01,PRD-O12BRYR3415S,CLI-PNXKZGFE60A2,Purchase,Other,120061.88,ARS,343.03,POS,,Tienda General,Other,Argentina,Rosario,Approved,00,False,8.64,,
TRX-MKMMG66HX4M7F6QJLA8I,2026-06-02 05:21:06,2026-06-01,PRD-AUAQIV6V2XUC,CLI-53OUQEXME9OB,Deposit,,881805.32,ARS,2519.44,ATM,SUC-4JYR8GOV,,,Argentina,La Plata,Approved,00,False,13.08,,
TRX-CCG2VSG5V2SZAXH6TR8F,2026-06-01 19:04:56,2026-06-01,PRD-GR3N2HKWHJAK,CLI-GXFSMV3T7LN9,Withdrawal,,128488.66,ARS,367.11,ATM,SUC-7HQXDYLE,,,Argentina,La Plata,Approved,00,False,13.16,,
TRX-WN7AHFUBFR0RNXLGZF26,2026-06-01 10:47:27,2026-06-01,PRD-FJFH7MGKKRLJ,CLI-AI65LVZH2FB8,Deposit,,595.54,USD,,POS,,,,México,,Approved,00,False,3.02,0.0154228,0.1358144
TRX-54PE2ASX4T1ZYC9KE3F1,2026-06-01 09:43:03,2026-06-01,PRD-MPKGDH58EPKL,CLI-HS3VSS2XA67N,Deposit,,1880.25,USD,,ATM,SUC-HAC1OZ8F,,,Colombia,Cali,Declined,51,False,29.71,,
TRX-SWEMF4TP3W1UEU1V9QCY,2026-06-01 13:54:34,2026-06-01,PRD-4M0C9AOZCANT,CLI-450X0LJPVCGE,Purchase,Transport,132518.55,ARS,378.62,POS,,Taxi Seguro,Transport,Colombia,Barranquilla,Approved,,False,25.09,-35.4558541,-58.67858
TRX-CTTN0VN6Q88MJ77ZZ1AJ,2026-06-01 18:08:17,2026-06-01,PRD-NH8IQQHUH1OF,CLI-83RNLHQ7YHYN,Purchase,,1786511.6,COP,446.63,Web,,Clínica Médica,Health,Colombia,Bogotá,Approved,00,False,,,
TRX-J2ZDTD7H6P382A0CGP8T,2026-06-01 21:45:35,2026-06-01,PRD-HQOPGNBZJVOU,CLI-TC9Q6QXGYW7B,Withdrawal,,291.11,USD,,ATM,SUC-SUAMAVYV,,,México,Guadalajara,Approved,00,False,5.4,,
TRX-G3DAIHA6AOIDGW3DR9V4,2026-06-01 16:14:26,2026-06-01,PRD-8Y9YN552RASO,CLI-YL9AFUHP497F,Transfer,,955.66,USD,,Web,,,,México,Puebla,Declined,51,False,21.89,,
TRX-ZH3CYQ5ZX6TPL4WZ828A,2026-06-01 19:48:51,2026-06-01,PRD-QY0AGAEBEJRW,CLI-M9J4XX1ASD5B,Deposit,,1738.57,USD,,POS,,,,México,Puebla,Approved,00,False,18.32,,
TRX-HD2KLNBZ8U87EXEYACEP,2026-06-02 00:24:45,2026-06-01,PRD-8WUDN132HH6L,CLI-E6G14QHP4TQ6,Withdrawal,,483.65,USD,,Transfer,,,,México,Puebla,Approved,00,False,7.1,,
TRX-I0IN9B32DTGPHWQIMRG7,2026-06-01 11:56:08,2026-06-01,PRD-58BGELBFW3EQ,CLI-LH4WGKEV0EJA,Deposit,,5480784.01,COP,1370.2,POS,,,,Colombia,Medellín,Approved,00,False,7.36,,
TRX-6RCATBL88Q8GQZEG0MR9,2026-06-01 08:04:44,2026-06-01,PRD-WAFYNGFHCIHZ,CLI-AKFB34JP6X7W,Payment,Services,619370.76,ARS,1769.63,ATM,SUC-NRVN9ND4,,,Argentina,Buenos Aires,Approved,00,False,19.71,-35.5334413,-57.609159
TRX-RZPJP9AV6OMKUMM5915U,2026-06-01 13:08:24,2026-06-01,PRD-QRI55XGEH2ZG,CLI-HIBDXDYW44N7,Payment,Food,456185.83,ARS,1303.39,App,,,,Argentina,Rosario,Approved,00,False,7.03,,
TRX-Q4GDZS3N6PG67Y49RNZW,2026-06-01 14:41:06,2026-06-01,PRD-79YOUPLX5EOI,CLI-K3K3KDRKFRDA,Transfer,,889.23,USD,,POS,,,,México,Puebla,Approved,00,False,8.28,,
TRX-N75B5LB32DOJUSOBC6VT,2026-06-02 00:22:05,2026-06-01,PRD-F9J0PRZORSC4,CLI-6XC8Q8TSWVBY,Payment,Entertainment,1525.91,USD,,ATM,SUC-VV9NKH6E,,,México,Puebla,Approved,00,False,,-0.4498109,-0.1550719
TRX-494YH71EJCCF2L5U54P5,2026-06-01 12:46:04,2026-06-01,PRD-Q1JW4TPSMWRL,CLI-HNKYWDDBGEGY,Withdrawal,,460.83,USD,,App,,,,México,,Approved,00,False,20.55,,
TRX-65JQRXJ7IGNY4FW9E5DR,2026-06-01 13:05:58,2026-06-01,PRD-4S7Z2KAM11YO,CLI-6VYZ741ZM96J,Purchase,Other,1129125.55,COP,282.28,Web,,Ferretería,Other,Colombia,Barranquilla,Approved,00,False,22.72,,
TRX-EI0B0YWAQ01GSR47WSU6,2026-06-02 03:27:03,2026-06-01,PRD-CTHAZ09H6HW6,CLI-FNQVI00U6Y1Z,Transfer,,2452247.19,ARS,7006.42,ATM,SUC-0N077NAM,,,Argentina,Mendoza,Approved,00,False,17.91,,
TRX-QJX0IRYU7YIC7UDEQS24,2026-06-02 02:11:15,2026-06-01,PRD-7IIA7KA4R52Z,CLI-6E94ZQ0HVKRW,Purchase,Services,379.3,USD,,POS,,Servicios Públicos,Services,México,Puebla,Approved,00,False,29.66,,
TRX-XTGKWTD6T3EQTB6H76WC,2026-06-01 09:15:40,2026-06-01,PRD-OQ5CT1ZZRNI4,CLI-P22IBY1K68MC,Transfer,,6643.01,USD,,POS,,,,México,Ciudad de México,Approved,00,False,21.45,,
TRX-Y7P4FO3SS006G5IQYZR8,2026-06-01 14:36:46,2026-06-01,PRD-LZPKDG9GV9TK,CLI-HQUUQKJUBYV0,Withdrawal,,505475.18,COP,126.37,ATM,SUC-8UUCS42Y,,,Colombia,Medellín,Approved,00,False,27.18,,
TRX-MM66VG88D79RTTRKJ9Z9,2026-06-01 06:56:16,2026-06-01,PRD-1O4B89EA7H8L,CLI-XDXX72370B7O,Purchase,Transport,1632191.26,COP,408.05,ATM,SUC-YAQTMQ56,Estación de Servicio,Transport,Colombia,Barranquilla,Approved,00,False,2.26,4.8303696,-73.715582
TRX-5FK1LGG99C77QC2EPUY8,2026-06-01 14:39:56,2026-06-01,PRD-0QDTQEGOFK17,CLI-V9GVPRR52N3A,Payment,Food,4657710.0,COP,1164.43,POS,,,,Colombia,Cartagena,Approved,00,False,13.31,,
TRX-48QTLIMRAKVOPA4M67W5,2026-06-02 04:16:02,2026-06-01,PRD-FEW5UZKA9HOG,CLI-JQ80IEU15UJ5,Transfer,,1495.09,USD,,App,,,,México,Ciudad de México,Approved,00,False,,,
TRX-T6RL6E9BTK6I7N6TN3TA,2026-06-02 01:33:56,2026-06-01,PRD-NE4OCOGDL53K,CLI-9WQ5777X4K8X,Payment,Other,1687.47,USD,,ATM,SUC-FFI5DAEC,,,México,,Approved,00,False,17.55,,
TRX-K2LDK794FRHYUE2EOZZL,2026-06-01 07:12:56,2026-06-01,PRD-Z53HL8A3N77N,CLI-XSEZVUUUDLF8,Purchase,,1971561.48,COP,492.89,Web,,Mercado Central,Food,Colombia,Cali,Approved,00,False,1.57,,
TRX-9BRO6FWWV26LKH4Z6TH7,2026-06-01 15:19:48,2026-06-01,PRD-WCCJLZZGFJBZ,CLI-0NPP5L4ZKI7U,Payment,Transport,827.98,USD,,App,,,,México,Ciudad de México,Approved,00,False,6.5,,
TRX-FY4ROTK7X18JFBW3YSEF,2026-06-01 21:54:10,2026-06-01,PRD-RY8ZS9A9L63Z,CLI-CB6V80JE5RT6,Payment,Services,1027.27,USD,,Web,,,,México,Monterrey,Approved,00,False,24.98,,
TRX-QMCQZV7QBW81X21ZP0CF,2026-06-01 21:09:44,2026-06-01,PRD-LAHCKMVMUXIC,CLI-W2Z9UI13UR4O,Deposit,,19902324.0,COP,4975.58,POS,,,,Colombia,Barranquilla,Approved,00,False,,,
TRX-XFCAP1P1BK8RJIGYS37J,2026-06-01 17:39:58,2026-06-01,PRD-PZGTGH3AQUNI,CLI-YVK6KBX9W81N,Purchase,Other,813571.75,COP,203.39,Web,,Centro Comercial,Other,Colombia,Medellín,Approved,00,False,24.7,,
TRX-U61PZBTYW01OZ3I1TZH8,2026-06-01 19:33:22,2026-06-01,PRD-5II6M972366L,CLI-9BC1W9QLNVJH,Payment,Transport,4751432.28,COP,1187.86,App,,,,Colombia,Barranquilla,Approved,00,False,6.53,,
TRX-2R95VZYEM0U911S2OR3Q,2026-06-02 04:52:07,2026-06-01,PRD-9PV7E3HAHQTE,CLI-1FNCNJPM8B5P,Withdrawal,,1115584.74,COP,278.9,Web,,,,Colombia,Medellín,Approved,00,False,17.16,,
TRX-QQ6D8351Y2OBLBHTTOXU,2026-06-01 14:54:51,2026-06-01,PRD-PGRMJIQHA0AE,CLI-0ZT7KWUAS7WI,Purchase,Transport,97901.54,ARS,279.72,ATM,SUC-7ZY1HPL0,Gasolinera Express,Transport,Argentina,Rosario,Pending,54,False,,,
TRX-XJ8TVWU9WTZGXOISO4J0,2026-06-02 02:45:00,2026-06-01,PRD-EHJ3VF8W2TTT,CLI-UJHDOY2BXIS3,Transfer,,32628150.37,COP,8157.04,ATM,SUC-H2ROE7C8,,,Colombia,Medellín,Approved,00,False,15.73,,
TRX-1399YILWLB1A3KULH2PT,2026-06-02 00:02:53,2026-06-01,PRD-HL94YXS82N0J,CLI-L4B3Z100DIA0,Transfer,,2910.59,USD,,App,,,,México,Tijuana,Approved,00,False,9.82,,
TRX-28Y3TT5N779W8GJC1MUT,2026-06-02 03:55:00,2026-06-01,PRD-GORA2JAGVYBT,CLI-1F8ZXYJHDUUD,Deposit,,1225253.12,ARS,3500.72,POS,,,,Argentina,Mendoza,Approved,00,False,,,
TRX-7KMGEZF50ND6VTLV6N0F,2026-06-01 20:47:56,2026-06-01,PRD-YD7SVWWJFES6,CLI-VCZUTYLHJUSE,Deposit,,18690367.19,COP,4672.59,POS,,,,Colombia,Cartagena,Approved,00,False,28.78,,
TRX-NUG68ZRI47J14QEXA7J2,2026-06-01 07:38:36,2026-06-01,PRD-NLPSTR34O10J,CLI-YTIGWFZJL49Z,Payment,Services,806.8,USD,,POS,,,,Colombia,Cartagena,Approved,00,False,1.03,,
TRX-3Y4TX0KPIG37P95M18ED,2026-06-01 23:59:21,2026-06-01,PRD-88VNPDHJLWNF,CLI-ENSLS2D077HE,Purchase,Transport,1185747.58,COP,296.44,Web,,Taxi Seguro,Transport,Spain,Valencia,Approved,00,False,2.71,,
TRX-LPMAQB9S97XHS68VISIA,2026-06-01 15:35:25,2026-06-01,PRD-JO7QI18GTAO2,CLI-V0LHWJGZ6PUF,Deposit,,4344072.65,COP,1086.02,POS,,,,Colombia,,Approved,00,False,11.41,,
TRX-M64R5YG6PIJ1IU0Q2N48,2026-06-01 21:41:14,2026-06-01,PRD-WU9DQPWG0G1I,CLI-WFJBFRI75AH5,Purchase,Transport,161849.09,ARS,462.43,ATM,,Taxi Seguro,,Argentina,Córdoba,Approved,00,False,,-34.2254539,-58.4239256
TRX-ABZZ50UBZ4C0NJHOGOBE,2026-06-01 15:04:48,2026-06-01,PRD-255WO2JIMN23,CLI-FA2P6TKCGLCJ,Payment,Health,103.79,USD,,App,,,,México,Puebla,Approved,00,False,13.53,,
TRX-ZIEWFOJCL87FRUSGDQAC,2026-06-01 13:29:54,2026-06-01,PRD-66YLBLJ870PZ,CLI-VAOL1GMIXSX6,Payment,Food,268749.57,ARS,767.86,Web,,,,Argentina,Mendoza,Approved,00,False,24.2,,
TRX-6R6TJD2M2IXBPYJN66MQ,2026-06-01 10:57:19,2026-06-01,PRD-DFUFI0Q4TZYI,CLI-8U4Y1GE0N57O,Transfer,,9810.14,USD,,Web,,,,México,Puebla,Approved,00,False,4.84,,
TRX-4A2BSHRY3CV32ODTXFCH,2026-06-01 08:38:46,2026-06-01,PRD-SHXVY1HT9VFL,CLI-PSIZI79WXNHI,Deposit,,2697.29,USD,,App,,,,México,Guadalajara,Approved,00,False,4.14,,
TRX-E0WI9DO59PA4BRM6QP4X,2026-06-01 08:41:34,2026-06-01,PRD-S2MM4EILJ1T7,CLI-DPPXKCA73DB7,Withdrawal,,708217.04,COP,177.05,App,,,,Colombia,Cartagena,Approved,00,False,6.67,,
TRX-D10EXX0PLUM7SG49NY7D,2026-06-01 21:55:17,2026-06-01,PRD-KDGXWM8P70PD,CLI-SRPL6KBR1V6P,Withdrawal,,47.97,USD,,ATM,SUC-RJSJ0B0X,,,México,Puebla,Pending,14,False,0.12,,
TRX-Q9OPJYQ57K9IUDZUC3TX,2026-06-02 03:50:46,2026-06-01,PRD-UFW8D91ZWGQO,CLI-IBW5YP30UUYA,Payment,Other,976.23,USD,,ATM,SUC-RF3372LI,,,Colombia,Medellín,Approved,00,False,29.49,-0.787485,0.5570612
TRX-H4VEDHJG2AWJO594IKEL,2026-06-01 14:04:34,2026-06-01,PRD-OVM3YXZCQI71,CLI-W2G6LKCTLI06,Purchase,Services,162.44,USD,,POS,,Empresa Telefónica,Services,México,Monterrey,Pending,14,False,,,
TRX-WFRECNKT30P2VMVERJXZ,2026-06-01 15:25:57,2026-06-01,PRD-4ACBDBYV3YHP,CLI-MUH4KJQY80S5,Withdrawal,,67.21,USD,,ATM,SUC-ISPO1DES,,,México,Querétaro,Approved,00,False,,,
TRX-TH197I5PU4972AN2WAXR,2026-06-01 09:46:03,2026-06-01,PRD-0OUZYP1R7CW9,CLI-U7W7GQ8B9SEW,Withdrawal,,565021.25,COP,141.26,POS,,,,Colombia,,Approved,00,False,4.44,,
TRX-X81VEQDT4U40TAER25LY,2026-06-02 02:42:49,2026-06-01,PRD-65S5FVLAZUKI,CLI-P2ATJLIPDTVQ,Transfer,,461876.27,COP,115.47,POS,,,,Colombia,Barranquilla,Approved,00,False,16.44,5.5980079,-74.6125905
TRX-XU7B9SQXC970OM0KP9YJ,2026-06-01 10:32:32,2026-06-01,PRD-EASY27JDLUA0,CLI-901M7S1CVG1X,Payment,Services,1550.95,USD,,ATM,SUC-033KHYS2,,,México,Querétaro,Approved,00,False,13.04,0.6760351,0.8462367
TRX-ZD0381R5ZTQHNN83B7L5,2026-06-01 23:40:56,2026-06-01,PRD-U55C2MSNXVBW,CLI-ZDI5HOZY446Q,Transfer,,2486399.97,COP,621.6,Web,,,,Colombia,Cartagena,Approved,00,False,1.14,,
TRX-K04SOWRM5A0NNLR8JY1U,2026-06-01 08:33:22,2026-06-01,PRD-L4QS385OHDFT,CLI-L0QS7SLCC0GW,Transfer,,2548.89,USD,,ATM,SUC-1DANZ3LD,,,México,Monterrey,Approved,00,False,22.54,,
TRX-5EJ0N5YJI4OCVK1T1BTX,2026-06-01 11:58:03,2026-06-01,PRD-D0MPZ30SHZTE,CLI-IAAEVKOR9LZD,Purchase,Food,66.53,USD,,POS,,Super Ahorro,Food,México,Monterrey,Approved,00,False,16.06,-0.9436233,-0.9940082
TRX-8H893K5NDFL326JRWUTD,2026-06-02 05:23:28,2026-06-01,PRD-2H9SWCQJUX1X,CLI-M65KSQK8LYP5,Withdrawal,,55.14,USD,,POS,,,,México,,Approved,00,False,1.4,,
TRX-Q23MVEYRBNYBH4ZTG4J5,2026-06-01 13:44:28,2026-06-01,PRD-LLXO4FRDU5J0,CLI-NJETEN53JTGO,Adjustment,,557.54,USD,,POS,,,,México,Ciudad de México,Approved,00,False,24.45,-0.4333566,-0.4919684
TRX-5GCNGNL2ELA3C51XUSFP,2026-06-01 14:15:21,2026-06-01,PRD-3FNDUBVB11RG,CLI-4AEPJSZ8XFZG,Withdrawal,,427.53,USD,,App,,,,México,Querétaro,Approved,00,False,16.36,,
TRX-IH772PI5ALD3TT8BRE7V,2026-06-01 14:52:57,2026-06-01,PRD-4DDNDMKARXMN,CLI-CAZ9W6FJWAVN,Purchase,Food,151.96,USD,,Transfer,,Restaurante El Buen Sabor,Food,Argentina,La Plata,Approved,00,False,4.86,,
TRX-9DH17OX47RLP4TXQ9YEQ,2026-06-01 16:04:45,2026-06-01,PRD-S8WIVYL3KU3P,CLI-RG9LB6JMETOG,Withdrawal,,502792.13,COP,,ATM,SUC-F16NSV5F,,,Colombia,Barranquilla,Approved,,False,,,
TRX-2WW7PDST5I5R7G4U1KGS,2026-06-01 14:45:38,2026-06-01,PRD-2VDH0XMEPDUD,CLI-EU7FY5PMPTXS,Withdrawal,,100873.02,ARS,288.21,ATM,SUC-ZSZKWMJL,,,Argentina,,Declined,05,False,28.31,,
TRX-Z1Q0D6XR7VWGC485YF09,2026-06-02 05:06:32,2026-06-01,PRD-KF846E7SFBEG,CLI-2HKYWJ1AM2LJ,Withdrawal,,78118.07,ARS,223.19,App,,,,Argentina,Rosario,Declined,05,False,11.45,,
TRX-L9T00D5Y5SD90VQMUR6J,2026-06-02 01:23:14,2026-06-01,PRD-L4CY4BV15MQZ,CLI-4S3M8ZL9Y3NM,Payment,Health,1965.3,USD,,POS,,,,Spain,Sevilla,Approved,00,False,28.22,,
TRX-POADVZXG35V6CH2HYOHK,2026-06-01 17:37:55,2026-06-01,PRD-AIBSVHUO6CYF,CLI-V47ZUNNCI7YW,Withdrawal,,1053994.07,COP,263.5,ATM,SUC-C93NERQQ,,,Colombia,Barranquilla,Approved,00,False,5.94,4.1155211,-74.5105718
TRX-4R9IERTLFY6AAAI7LGW6,2026-06-02 00:40:40,2026-06-01,PRD-SBDXSVLE6Z86,CLI-JPZUPAZXXCSI,Withdrawal,,487.83,USD,,App,,,,México,,Approved,00,False,1.7,,
TRX-HHAF7N7M66PRW5WM40LP,2026-06-01 20:20:53,2026-06-01,PRD-PEYILRAMDV0G,CLI-5QT88S76CYE9,Withdrawal,,44299.43,ARS,126.57,ATM,SUC-6M2HY1ZX,,,Argentina,Córdoba,Approved,00,False,8.32,,
TRX-J9ZWP3Z36LXWZE3MOLQS,2026-06-01 22:38:28,2026-06-01,PRD-2M7XJKCSWV7L,CLI-1I6U92MRHVR5,Payment,Services,1248601.77,COP,312.15,POS,,,,Colombia,Medellín,Approved,00,False,26.61,,
TRX-UT0FHJ51TJSDYC3ZI9C4,2026-06-01 13:23:46,2026-06-01,PRD-9ZVPK485NUZ4,CLI-4D5HEDQS68B0,Transfer,,2535259.06,ARS,7243.6,POS,,,,Argentina,Córdoba,Approved,00,False,,,
TRX-3RBURHL1I0HQLVEIHKDO,2026-06-01 22:42:46,2026-06-01,PRD-W0XIAO1P6205,CLI-LXV5INYE0XAE,Transfer,,7092.86,USD,,Web,,,,México,Ciudad de México,Approved,00,False,28.06,,
TRX-YDYWJYE6CYH8QTMIH2ED,2026-06-01 20:42:10,2026-06-01,PRD-8QYLPTCGYPBP,CLI-DMKZDXNQPJ48,Payment,Services,1094.65,USD,,App,,,,México,Monterrey,Approved,00,False,,,
TRX-FJCQ4WVL7H6XD5569PN4,2026-06-01 10:24:19,2026-06-01,PRD-SJUY9XMPPN65,CLI-2MYEUTQMALNR,Withdrawal,,109955.57,ARS,314.16,ATM,,,,Argentina,Mendoza,Approved,00,False,25.82,,
TRX-VXD7HPNCIP5F369RDT70,2026-06-01 15:54:40,2026-06-01,PRD-VM4NDC16AQNY,CLI-QNCXQEH38MQ1,Transfer,,3713.15,USD,,App,,,,México,Tijuana,Approved,00,False,16.95,,
TRX-BT3CV0UUB8FNEG3GS9ZC,2026-06-02 02:30:19,2026-06-01,PRD-0Z0U4X6210BU,CLI-1K5GGFQ9IYLJ,Deposit,,547.65,USD,,App,,,,México,Tijuana,Approved,00,False,25.55,,
TRX-ULII0MA6RFMYCIAN8RV4,2026-06-01 09:01:13,2026-06-01,PRD-SE6QAOAN5T38,CLI-KZ42PWA2FVI1,Transfer,,8028.85,USD,,Web,,,,México,Querétaro,Approved,00,False,2.46,,
TRX-QQO8XARDJCCKUFFDX7KV,2026-06-01 17:29:05,2026-06-01,PRD-9RFKCHQVN47E,CLI-XSBRGCC9HYJU,Deposit,,5837561.44,COP,1459.39,ATM,SUC-FF1CG8O5,,,Colombia,Barranquilla,Approved,00,False,,4.8955073,-73.2721338
TRX-I1USA03NW7GWEC4BN6LU,2026-06-02 04:20:15,2026-06-01,PRD-SDJ6XTHU20QE,CLI-HQSCPSR1WD54,Withdrawal,,259.97,USD,,POS,,,,México,Ciudad de México,Approved,,False,,-0.1126533,0.0389382
TRX-CPL5PARMYVQBUKP14C0F,2026-06-01 16:18:29,2026-06-01,PRD-FUEKKTEB3M4V,CLI-BJVYLCM7AR3B,Deposit,,2861.46,USD,,ATM,SUC-WSUW783S,,,México,Monterrey,Approved,00,False,5.42,,
TRX-158TOE09ES1FV2LXEUE9,2026-06-02 05:23:04,2026-06-01,PRD-7GLJTTHVPKMD,CLI-VW6XIFJCYZJO,Purchase,Other,1679807.54,COP,419.95,ATM,SUC-4USRLC45,Ferretería,Other,Colombia,Medellín,Approved,00,False,22.86,,
TRX-QFXDB4VF8J1LRIKOELW6,2026-06-02 04:12:41,2026-06-01,PRD-CGG1S7HKXVZ6,CLI-5P5LQGC90YRZ,Transfer,,36110532.48,COP,9027.63,POS,,,,Colombia,,Approved,,False,15.13,,
TRX-VSXHSF1YUXVILFSF2FD3,2026-06-01 09:24:27,2026-06-01,PRD-UQFZK3P8TWMS,CLI-Y0VNUV7O2PBO,Purchase,Food,1099513.67,COP,274.88,App,,Super Ahorro,Food,Colombia,,Approved,00,False,5.66,,
TRX-I8ZZQ9F3A0IVOBYC7FHA,2026-06-02 02:45:34,2026-06-01,PRD-X77ZCQKO9JLW,CLI-T8RZRV7JJM0N,Purchase,Food,135.26,USD,,Web,,Tienda Don José,Food,México,Querétaro,Declined,05,False,26.04,,
TRX-AF0XA9A4P9CLY70B6SON,2026-06-01 11:08:36,2026-06-01,PRD-H3S0MZD0X0F9,CLI-PLZM0JRGIMBH,Purchase,Other,449.14,USD,,Web,,Ferretería,Other,USA,Houston,Approved,00,False,6.97,,
TRX-0VX37QZW9FPSDRXNHRL9,2026-06-02 02:21:02,2026-06-01,PRD-DVV2VSKNCEQ8,CLI-T3OF9TIDYBXQ,Deposit,,3086.01,USD,,POS,,,,México,,Approved,00,False,,,
TRX-DOEMWCFJ4EJI1NTCC14S,2026-06-01 20:58:20,2026-06-01,PRD-AJHQXOZO783U,CLI-YNP7RR7T1XXF,Transfer,,3312720.58,COP,828.18,ATM,SUC-YAQTMQ56,,,Colombia,Bogotá,Approved,00,False,19.22,,
TRX-YBH0WJZS4IMRX72CNB0F,2026-06-01 10:45:43,2026-06-01,PRD-LWJHIFWDCAMU,CLI-SWSRTK574F6I,Transfer,,11435252.2,COP,2858.81,App,,,,Colombia,Barranquilla,Approved,00,False,,,
TRX-BQ1MPKTDERYDBEGHWRQE,2026-06-01 06:38:03,2026-06-01,PRD-3WV58QEVXT9L,CLI-GNNX8DN2CGV7,Payment,Entertainment,6877294.77,COP,1719.32,App,,,,Colombia,Cartagena,Approved,00,False,,,
TRX-L2NKADLHDGHB7XYAF76R,2026-06-01 10:32:41,2026-06-01,PRD-SRZ8Q1YKD7BN,CLI-0U6ZCGJIBDQ1,Purchase,Transport,28.77,USD,,Web,,Taxi Seguro,Transport,México,Monterrey,Approved,00,False,6.99,,
TRX-FOGVN2S04E0OZ23AZ5XY,2026-06-01 11:43:04,2026-06-01,PRD-8M8FDAUFB62F,CLI-FCG97ZIBZCLK,Purchase,Entertainment,145060.27,ARS,414.46,App,,Cine Premium,Entertainment,Argentina,La Plata,Approved,00,False,17.14,,
TRX-G986JNIEBTGNB1KSCLY2,2026-06-01 10:41:34,2026-06-01,PRD-3FVJ5GVDNAX2,CLI-H5JAEZ2S9OM8,Transfer,,4271.87,USD,,ATM,SUC-5FDGLKJX,,,México,Querétaro,Approved,00,False,16.3,,
TRX-JFK33GR5J5VPVM57BZA4,2026-06-01 07:18:26,2026-06-01,PRD-MDYPKCEGH02H,CLI-AN7SE6NRKA2C,Purchase,Transport,150.11,USD,,ATM,SUC-9W1MT1C4,Uber,Transport,México,Ciudad de México,Approved,00,False,1.87,,
TRX-PK9HFFIZJSJ57M3V1PJ7,2026-06-01 23:55:40,2026-06-01,PRD-7R0ISRGF7KM7,CLI-NQACKD1BJIH4,Withdrawal,,343.38,USD,,ATM,SUC-I8M9CS2Y,,,México,Querétaro,Approved,00,False,9.14,,
TRX-D091MA2LNALTR791T9G1,2026-06-02 01:51:52,2026-06-01,PRD-I8FL905VH0YQ,CLI-UVL7SJV3XPVR,Transfer,,2180.34,USD,,App,,,,Colombia,Medellín,Pending,54,False,27.96,,
TRX-8N0HOMNL91MGWQ17X8WP,2026-06-02 00:44:38,2026-06-01,PRD-H46B35CT97RV,CLI-MACVAAJVZL5G,Purchase,Food,23.29,USD,,Web,,Restaurante El Buen Sabor,Food,México,,Approved,00,False,6.48,,
TRX-TATS2RVRCWO1AM0YMOV0,2026-06-02 00:30:30,2026-06-01,PRD-1GYSB7YBS9CB,CLI-VET3BBDOKF3F,Purchase,Health,46.77,USD,,ATM,SUC-9DE11KDA,Laboratorio Central,Health,México,Querétaro,Approved,00,False,4.92,0.4308403,0.9576379
TRX-OFDT4K5U46KARJJ0D7LL,2026-06-01 19:50:41,2026-06-01,PRD-XCOY2K2GCO7E,CLI-RGDINM1DM0FH,Purchase,Transport,71559.7,ARS,204.46,POS,,Uber,Transport,Argentina,La Plata,Pending,54,False,4.17,,
TRX-TSCBNEVH1OA3P7MUDEZH,2026-06-01 10:54:27,2026-06-01,PRD-ZTDB10DJ46S0,CLI-J3XVGRMR1SSN,Deposit,,1404303.55,ARS,4012.3,App,,,,Argentina,La Plata,Approved,,False,14.98,,
TRX-57B4Z6TQD8A976K8AI8Y,2026-06-01 07:19:06,2026-06-01,PRD-RZCEXUGKHEZ6,CLI-JH1VESU519RX,Purchase,Food,494634.44,COP,123.66,POS,,Restaurante El Buen Sabor,Food,Colombia,Cartagena,Declined,05,False,,,
TRX-CZ85V5NV37308SWZUX8E,2026-06-02 05:01:43,2026-06-01,PRD-YIY47GE0U6KC,CLI-GT6E7DM7EAU6,Payment,Services,1968.51,USD,,ATM,SUC-ZXOSBE5D,,,México,Puebla,Approved,00,False,3.19,,
TRX-FZ5MZVWTFHKT653V5V5E,2026-06-01 23:26:23,2026-06-01,PRD-8FEBM6672G6Q,CLI-DPET5KOYUMM9,Withdrawal,,342.0,USD,,ATM,SUC-SCFDICUT,,,México,Ciudad de México,Approved,00,False,15.81,,
TRX-DSBGIPB97TSYKTG9SZFT,2026-06-02 02:12:24,2026-06-01,PRD-HPYO9F5LXSAI,CLI-DL2UUOW9LN82,Purchase,Entertainment,757483.79,COP,189.37,POS,,Conciertos Live,Entertainment,Colombia,Cali,Approved,00,False,7.24,,
TRX-G1LAUI57R4KW3PTO69GJ,2026-06-01 11:47:53,2026-06-01,PRD-B3ONVNJZP2V5,CLI-5LVS6U3J91KF,Withdrawal,,233.65,USD,,App,,,,México,Tijuana,Approved,00,False,26.9,,
TRX-UTSKTVFRNOWQ8ID932I9,2026-06-01 11:14:11,2026-06-01,PRD-LH77UER1KT29,CLI-QON3PEOMIGT1,Transfer,,1762855.5,ARS,5036.73,POS,,,,Argentina,La Plata,Approved,00,False,28.36,,
TRX-71QIMYLVG98BN7BNH0XH,2026-06-01 09:48:05,2026-06-01,PRD-JK4O0JN6TA1I,CLI-8VYZ40ESHOSL,Transfer,,8824.58,USD,,ATM,SUC-KD93KQ8I,,,México,Ciudad de México,Approved,00,False,17.69,,
TRX-AX5YURBMYSUR4HX6FEO1,2026-06-01 17:10:41,2026-06-01,PRD-V4GT8HIDRKLY,CLI-GW7VH3MIYC1S,Transfer,,18180236.0,COP,4545.06,POS,,,,Colombia,Bogotá,Approved,00,False,4.62,,
TRX-OPC07Q13QCDSZZX8F44I,2026-06-01 07:00:25,2026-06-01,PRD-C05NDDJQN7I7,CLI-303NCW1A2VZY,Payment,Food,1154.68,USD,,Branch,SUC-DYPJLQVN,,,México,Tijuana,Approved,00,False,21.38,,
TRX-F3Y03AXT4YKBS6SPZIDC,2026-06-01 12:09:52,2026-06-01,PRD-QOGOKOCZAZ7O,CLI-GSDQD4IS12LH,Transfer,,33956096.51,COP,8489.02,POS,,,,Colombia,Cali,Approved,,False,,,
TRX-60CUFZ0ZH4AHM8FTG72X,2026-06-02 05:40:58,2026-06-01,PRD-X6Q3CYVB1I1J,CLI-2ZQWY2BNS4HA,Transfer,,4380.01,USD,,POS,,,,México,Monterrey,Approved,00,False,,,
TRX-A2X27S2ZLXDZN6KF7E1U,2026-06-01 14:11:25,2026-06-01,PRD-LDXM68V6MSFA,CLI-BUMUJ6V21LTT,Purchase,Entertainment,205.03,USD,,App,,Streaming Music,Entertainment,México,Tijuana,Approved,00,False,19.73,,
TRX-ZLNPNLF5HVFFYVDW56S1,2026-06-01 18:26:24,2026-06-01,PRD-MPQHUDUO6DZE,CLI-DKV0OTEK91IN,Withdrawal,,70.72,USD,,POS,,,,México,Puebla,Approved,00,False,4.91,,
TRX-22L7VBVWFJMHBHA4ZWOF,2026-06-01 22:30:33,2026-06-01,PRD-9OQF34F3KW5J,CLI-LNES6BMUE4XQ,Transfer,,1493.86,USD,,ATM,SUC-XT96PBC0,,,México,Ciudad de México,Approved,00,False,16.4,0.6380927,0.4318532
TRX-OVBE7N5IX50DT752YF03,2026-06-01 19:48:32,2026-06-01,PRD-B9A04U0W7211,CLI-Z5ZG8OKI43ES,Adjustment,,814.06,USD,,ATM,SUC-6A2UBEHN,,,México,Tijuana,Approved,00,False,6.05,,
TRX-37HA557KDPCIBKX4QJS5,2026-06-02 05:11:51,2026-06-01,PRD-G8RRMQ5YVACI,CLI-ZU3IBRDTO0KE,Purchase,Services,490.58,USD,,App,,Servicios Públicos,Services,México,Tijuana,Approved,00,False,21.25,,
TRX-EVAPX5I5S3R2XODEVIZC,2026-06-01 23:44:19,2026-06-01,PRD-L7AQS95VPHH0,CLI-EWH6TRSAFTPN,Transfer,,7903.77,USD,,ATM,SUC-9W1MT1C4,,,México,Monterrey,Approved,00,False,,,
TRX-Y4KFZP5CQ521JISNRF4W,2026-06-01 14:10:00,2026-06-01,PRD-KTEEZR59B5JF,CLI-FUFPXH4SQ2S1,Adjustment,,600.59,USD,,App,,,,Brazil,Salvador,Approved,00,False,14.46,,
TRX-OAAE9JHW0ORSYB3CWY45,2026-06-02 05:00:14,2026-06-01,PRD-SOF2GK0XR13T,CLI-Q9GGQDL8Q2GE,Transfer,,3582.37,USD,,POS,,,,México,Monterrey,Approved,00,False,17.11,,
TRX-Y212XVPZB9LJ9W34L6DI,2026-06-02 04:20:13,2026-06-01,PRD-1KW9VN55RKIJ,CLI-HYHKZJ1GM0JB,Purchase,Entertainment,391.5,USD,,ATM,SUC-QVGF07AP,Cine Premium,Entertainment,México,,Approved,00,False,2.85,-0.0085365,0.7696964
TRX-ND2NPWKDG8RYI33O8JGO,2026-06-01 20:57:31,2026-06-01,PRD-NZZBJZUX1PPH,CLI-S32EDHJJVR5C,Withdrawal,,1186623.2,COP,296.66,POS,,,,Colombia,Bogotá,Approved,00,False,25.72,3.800704,-73.3856462
TRX-HYRVKHQIGJQ5QP0DHWDH,2026-06-01 20:29:12,2026-06-01,PRD-DJIEOIFOQ16V,CLI-GX8M1T2TH477,Deposit,,4060.53,USD,,ATM,SUC-NXELWI6F,,,Argentina,Mendoza,Approved,00,False,14.33,-34.9958215,-57.5954324
TRX-Y3RK6EVR39ECLPQ4HZ8K,2026-06-02 01:53:28,2026-06-01,PRD-59OIWPUHJAH2,CLI-EQ4DOTKUDIF7,Purchase,Other,54070.65,ARS,154.49,App,,Centro Comercial,,Argentina,La Plata,Approved,00,False,19.1,,
TRX-DYRXS112ZY5V6RY9IUZX,2026-06-01 18:45:42,2026-06-01,PRD-5N1AMM4NYV61,CLI-0HJTUBVI9GRI,Purchase,Other,1169275.64,COP,292.32,Web,,Tienda General,Other,Spain,Barcelona,Approved,00,False,,,
TRX-ICHH0RVKQVQ67OORNZ1R,2026-06-01 13:19:16,2026-06-01,PRD-I4MJ9AIYZ89F,CLI-P522DPV7YFDU,Purchase,Entertainment,293.14,USD,,POS,,Teatro Nacional,Entertainment,México,Querétaro,Approved,00,False,8.38,,
TRX-WG1T0W67864JV9EBHWG0,2026-06-02 05:33:34,2026-06-01,PRD-I3B0UHFAYD73,CLI-7T4PIVRTBFFH,Deposit,,3367.96,USD,,Web,,,,Colombia,Cartagena,Approved,00,False,,,
TRX-5WR09N2BCLRCP6YG6FNA,2026-06-01 12:19:00,2026-06-01,PRD-EJVOBND1QYVQ,CLI-1X0LOHDTWN35,Deposit,,2127.98,USD,,POS,,,,México,Querétaro,Approved,00,False,,,
TRX-I9ETJ4XWPALGU0UFE4G3,2026-06-01 15:11:00,2026-06-01,PRD-WDEQZ0LJ13DK,CLI-NFORK4Q2XOEK,Payment,Entertainment,7311879.27,COP,1827.97,ATM,SUC-GPTCLR0Q,,,Colombia,Barranquilla,Approved,00,False,18.47,,
TRX-GQE49VGZFK49P6KGGQVY,2026-06-02 01:40:07,2026-06-01,PRD-Z4ZHTIEY5EZ5,CLI-KNX0348SUZ1Y,Purchase,Other,69.76,USD,,ATM,SUC-6RHR3MME,Boutique Moda,Other,México,Ciudad de México,Approved,00,False,,-0.4094757,-0.2861105
TRX-SGI4VEC7LV8P48OPCG0F,2026-06-01 14:27:02,2026-06-01,PRD-8WEO7J73ZGOQ,CLI-QEBZNHTVHS78,Payment,Food,247.59,USD,,Web,,,,México,Monterrey,Approved,00,False,1.28,,
TRX-FGLSQL7BU6808PP6D9TE,2026-06-01 17:12:23,2026-06-01,PRD-01FOII9FAV9C,CLI-HHDAFD1ASB6N,Deposit,,4005.49,USD,,ATM,SUC-JDXIVV9S,,,México,Tijuana,Declined,05,False,,,
TRX-YLT3ZJDIP8AC7EC9PF99,2026-06-01 20:09:18,2026-06-01,PRD-CG87BS12NBT2,CLI-K0JZKXQSPIHG,Purchase,,1217430.65,COP,304.36,App,,Taxi Seguro,Transport,Colombia,,Approved,00,False,15.24,,
TRX-FVZPNSWEIVT24HNYAIRT,2026-06-01 18:07:21,2026-06-01,PRD-5TN84QCXA1LB,CLI-HQWKRY93OBFM,Withdrawal,,417.6,USD,,POS,,,,Colombia,Bogotá,Approved,00,False,13.39,4.1664833,-74.4471638
TRX-5ZNTALS5I63X4K1RH4VS,2026-06-01 17:40:42,2026-06-01,PRD-KOGVAGYX4VQU,CLI-2BD0NQTHREKN,Deposit,,11777907.01,COP,2944.48,POS,,,,Colombia,,Approved,00,False,,,
TRX-97JEP0K2DNQYICI2V7BX,2026-06-01 10:00:47,2026-06-01,PRD-LM82UOOKI9R9,CLI-934U7ZCET90H,Withdrawal,,276.92,USD,,Web,,,,México,Ciudad de México,Approved,,False,27.48,,
TRX-4K7A5ZXZF8QUGAOWUK7D,2026-06-01 07:40:25,2026-06-01,PRD-LO5JKMSFUGA6,CLI-ILPPQYKE9XTB,Withdrawal,,336.12,USD,,Transfer,,,,México,Guadalajara,Approved,00,False,13.6,,
TRX-BWB616KMC0FGGQ0A2H5O,2026-06-02 02:16:46,2026-06-01,PRD-JJIOJI3NE5ZR,CLI-WBYXXK9JPCJP,Withdrawal,,40882.66,ARS,116.81,App,,,,Argentina,Córdoba,Approved,00,False,12.94,,
TRX-EMXFP2Z670A6HCV5OBJV,2026-06-01 18:31:42,2026-06-01,PRD-WK4DE4XLEXZ8,CLI-2DR2TY4TWSVT,Payment,Entertainment,7186771.53,COP,1796.69,ATM,SUC-HTV8A64G,,,Colombia,Cali,Approved,00,False,9.19,4.0732228,-74.9716518
TRX-Z2GW71NO5EY1RLFDY6XQ,2026-06-01 18:27:06,2026-06-01,PRD-TJZ8Q6E1JPA5,CLI-ZA690PO29EDM,Purchase,Other,664586.99,COP,166.15,POS,,Tienda General,Other,Colombia,,Approved,00,False,6.05,5.5737973,-74.0857685
TRX-UZNP2PA6KC0OJON55OBS,2026-06-02 02:20:03,2026-06-01,PRD-KQCA0R9WWGWY,CLI-ZY7QQZZCPEV9,Transfer,,2297.84,USD,,POS,,,,México,Ciudad de México,Approved,00,False,20.5,,
TRX-A8N1GFOIBWKK4QUM6XDC,2026-06-01 11:05:27,2026-06-01,PRD-2IBZ37W4D2B3,CLI-IRED75DJFMM7,Purchase,Services,330.15,USD,,ATM,SUC-ZXOSBE5D,Empresa Telefónica,Services,México,Monterrey,Approved,00,False,6.54,-0.252817,0.5535123
TRX-Z7YCO148NNC7UH5NPG39,2026-06-01 06:55:16,2026-06-01,PRD-SJ32ICGB0HGS,CLI-ZPW4EIMMR85S,Transfer,,11538967.54,COP,2884.74,Web,,,,Colombia,Barranquilla,Approved,00,False,,,
TRX-XA7YXXJWU7FOGNWTH670,2026-06-02 05:32:29,2026-06-01,PRD-BFGWY5BNFC7C,CLI-MG8EA49SM8WF,Purchase,Food,256.71,USD,,POS,,Super Ahorro,Food,México,Ciudad de México,Approved,00,False,,,
TRX-5Q21YDPWOXEFWEYCML7Q,2026-06-02 01:33:34,2026-06-01,PRD-3QEBGSQV9JYX,CLI-1S3TG27C8CEW,Transfer,,5128.37,USD,,ATM,SUC-AXDYB0RQ,,,México,Tijuana,Approved,00,False,,0.3135828,0.1547623
TRX-UM4Q79CBLCK2IXGIS8HU,2026-06-02 01:17:20,2026-06-01,PRD-IF5P5Y3CZIOL,CLI-OZ58Q0NP8594,Transfer,,2646705.84,ARS,7562.02,App,,,,Argentina,,Approved,00,False,18.44,,
TRX-EQBB2BNM0MGX0OYS88KU,2026-06-01 16:53:24,2026-06-01,PRD-KZUMQ3MURLFR,CLI-IG11E8ITURRY,Withdrawal,,328.07,USD,,ATM,SUC-WSUW783S,,,México,Monterrey,Approved,,False,,,
TRX-DHO2DW8K0S4UJU45UUP5,2026-06-02 02:25:48,2026-06-01,PRD-KC14R3342272,CLI-YGH6IITTKNB1,Transfer,,5710.96,USD,,ATM,SUC-M3Y8BT51,,,México,Guadalajara,Approved,,False,16.86,0.3031938,0.8054451
TRX-Z5SWMHPBTQL3WU6BB0A6,2026-06-01 23:29:07,2026-06-01,PRD-BSRV4L6NTIQD,CLI-9Z9G0SO517YZ,Purchase,Food,748061.08,COP,187.02,POS,,Restaurante El Buen Sabor,Food,Colombia,,Approved,00,False,2.59,4.8187304,-73.7329541
TRX-B6C1UA5RNC2T0H16SQXQ,2026-06-02 03:51:24,2026-06-01,PRD-T4N8T5J7Y8DO,CLI-N3183D7JT187,Purchase,Entertainment,82626.7,ARS,236.08,ATM,SUC-0N077NAM,Teatro Nacional,Entertainment,Argentina,Buenos Aires,Declined,05,False,,-35.0124508,-58.8234894
TRX-WHJRJ9TRRRKL8FHLXLVT,2026-06-01 14:32:50,2026-06-01,PRD-86FURNPQHMWF,CLI-XKP0HI72EJKK,Transfer,,5323.08,USD,,POS,,,,México,Puebla,Approved,00,False,6.51,-0.0321706,0.9273021
TRX-FNNE794CB2KQTH2P9Z29,2026-06-01 11:42:30,2026-06-01,PRD-QZO0VR2MN68Y,CLI-IFY7UXN4JTV0,Deposit,,1391.33,USD,,ATM,SUC-C1OF9350,,,Argentina,Mendoza,Approved,00,False,17.56,,
TRX-O92F5WNIS7JISS6UVXHN,2026-06-01 14:05:18,2026-06-01,PRD-T5HT0Y1HGM9O,CLI-FZEWOGDQN1X6,Deposit,,2682.01,USD,,Web,,,,México,Querétaro,Approved,00,False,28.11,,
TRX-LDE4V7U2NEG9340VYN0X,2026-06-01 13:00:07,2026-06-01,PRD-ZIPT2ZQ01O4J,CLI-8JZVX16PH1VZ,Payment,Transport,1332.32,USD,,POS,,,,México,Tijuana,Approved,00,False,7.71,,
TRX-NXXEXG7HNEZS77BII9AH,2026-06-02 04:23:11,2026-06-01,PRD-M9QQ38LNWHQ0,CLI-GWJLTVXBMFWB,Payment,Other,607414.28,ARS,,ATM,SUC-SN21TOOC,,,Spain,Madrid,Approved,00,False,23.73,,
TRX-ZIUZCRWP3SGSPZUYTHWK,2026-06-01 12:09:28,2026-06-01,PRD-9N4JR1JIG0R5,CLI-V8AD5M828JJW,Transfer,,2930.7,USD,,ATM,,,,México,Tijuana,Approved,00,False,29.2,,
TRX-71TLTZ3TPIGMQ990V9FR,2026-06-02 01:49:20,2026-06-01,PRD-JW4AD6SPPQO3,CLI-XH5MOTA6HLH4,Payment,Other,679076.99,ARS,1940.22,App,,,,Argentina,Córdoba,Approved,00,False,26.06,,
TRX-GVWAJG9GSL2E1RUINXPG,2026-06-02 03:21:01,2026-06-01,PRD-UUZ6Y6ERJF7V,CLI-ZEMWUPPQ3QHT,Transfer,,1022130.7,ARS,2920.37,ATM,SUC-C1OF9350,,,Argentina,Mendoza,Declined,05,False,14.13,,
TRX-04NUDYD4MZ0V9OILF3ZI,2026-06-01 12:04:27,2026-06-01,PRD-SHK4IY8WMVWA,CLI-NQZJ4A8CDQOP,Deposit,,9650071.9,COP,2412.52,ATM,SUC-4USRLC45,,,Colombia,,Approved,00,False,,,
TRX-P04YPWH5M1DM226WFQTZ,2026-06-02 01:22:16,2026-06-01,PRD-AA0R89KYT5S4,CLI-8TN3TVGDNRI0,Purchase,Entertainment,1383160.38,COP,345.79,POS,,Teatro Nacional,Entertainment,Colombia,,Declined,05,False,29.28,,
TRX-RN5SB4OX82N36N018UR5,2026-06-02 03:33:38,2026-06-01,PRD-AHNZE5L67MG8,CLI-85C1CSXB0BII,Adjustment,,396.33,USD,,Web,,,,México,Querétaro,Approved,00,False,16.72,,
TRX-10MDPIRQMTLE6C1N0NZA,2026-06-02 05:28:07,2026-06-01,PRD-CFDNOCHT7H20,CLI-OCIQICLNIDIR,Purchase,Food,676599.19,COP,169.15,ATM,SUC-IKK3G59W,Super Ahorro,Food,Colombia,,Approved,00,False,18.33,,
TRX-38I60B2OCLWQXHVFYAOZ,2026-06-01 08:54:47,2026-06-01,PRD-TRNMLUEOV4X1,CLI-D7M6658F70DB,Payment,,6755318.52,COP,1688.83,ATM,,,,Colombia,Cali,Approved,00,False,15.92,,
TRX-D2GQQSWO4L0F6UMEPJD1,2026-06-02 01:12:20,2026-06-01,PRD-Q1GIEOG0FMHI,CLI-C6UNHBS40BFL,Payment,Services,247.36,USD,,App,,,,Mexico,Guadalajara,Approved,00,False,,,
TRX-CTNZ3J4NDHOLTYQOGRZJ,2026-06-01 10:59:30,2026-06-01,PRD-N906EKJ47IRY,CLI-AXTS2LH46A6G,Purchase,Services,233.85,USD,,App,,Cable TV,,México,Guadalajara,Approved,00,False,2.84,,
TRX-MZCDS9RZGW647X9AOOQG,2026-06-01 07:20:51,2026-06-01,PRD-V3RO3HH2Z3FX,CLI-1MHA7S3E9ZVK,Transfer,,7061.32,USD,,App,,,,México,Monterrey,Approved,,False,4.31,,
TRX-OKC9SPEWA7684J6JR2RH,2026-06-02 00:36:49,2026-06-01,PRD-6PQS07DVPGDX,CLI-142EQZ4BALAA,Adjustment,,998.27,USD,,POS,,,,México,Puebla,Approved,00,False,13.93,-0.4038542,0.9689355
TRX-61UDCAXYHL4BNN1WDFWA,2026-06-01 13:58:22,2026-06-01,PRD-0OUZYP1R7CW9,CLI-U7W7GQ8B9SEW,Transfer,,23109944.92,COP,5777.49,ATM,SUC-JA4P9IIP,,,Colombia,Medellín,Approved,00,False,20.59,,
TRX-8LMUZ56ZO9GVFF6HZFQ4,2026-06-01 15:25:05,2026-06-01,PRD-FKRY3E6QN72P,CLI-T7T6WNE2CER2,Withdrawal,,27.9,USD,,App,,,,México,Tijuana,Approved,00,False,3.18,,
TRX-QQ3ODJKZTP5O0PP5RBIT,2026-06-01 11:25:25,2026-06-01,PRD-DUO5W0B7ND9T,CLI-IMBRPHBHIBAY,Deposit,,367.91,USD,,Branch,SUC-7ZY1HPL0,,,Argentina,Rosario,Approved,00,False,23.13,,
TRX-Q8WOBWI0KVSVDAO1G6M9,2026-06-01 20:07:31,2026-06-01,PRD-0DGOYTRIGYGM,CLI-EDFKD0MZS5W0,Withdrawal,,81.07,USD,,Branch,,,,México,Ciudad de México,Approved,00,False,8.8,,
TRX-FA06X9BQ1J7U0ZX9X6GI,2026-06-01 14:45:43,2026-06-01,PRD-0REZSFZ3MFSB,CLI-G2EGZC7IJAQF,Withdrawal,,275.98,USD,,POS,,,,México,Monterrey,Pending,51,False,5.04,,
TRX-TYS86L2OOTIGUZDRJOC2,2026-06-01 11:47:29,2026-06-01,PRD-748QM1HF12KF,CLI-I24DP3R6WTL3,Payment,Food,1449.24,USD,,POS,,,,México,Monterrey,Approved,00,False,,-0.0769667,0.2068549
TRX-ANLKQD4N39VGWC9Z1GBQ,2026-06-01 06:02:21,2026-06-01,PRD-PZS73J3IYJ80,CLI-3RUWYF1L1XYG,Purchase,Food,143905.88,ARS,411.16,POS,,Mercado Central,Food,Argentina,Córdoba,Approved,00,False,24.36,,
TRX-E474GIXNOT3PBY0LTAFM,2026-06-01 16:43:41,2026-06-01,PRD-C0QNIZ4LDR69,CLI-BF6INPWUVDLR,Purchase,Food,164.88,USD,,ATM,SUC-COPO2MJ8,Restaurante El Buen Sabor,Food,México,Tijuana,Approved,00,False,,,
TRX-TD8ZAOMXAXLDTBDNY2F2,2026-06-02 04:31:03,2026-06-01,PRD-7LMCCUO3M3O2,CLI-12SB9NZVSP6M,Transfer,,401.63,USD,,App,,,,México,Tijuana,Approved,00,False,27.45,,
TRX-ZHGADTSN59C737AO5VW6,2026-06-02 05:18:33,2026-06-01,PRD-TMWBVU82X9FQ,CLI-PM85AD8EK343,Payment,Services,448482.56,ARS,,POS,,,,Argentina,La Plata,Approved,00,False,3.73,-33.7608432,-58.7118109
TRX-5QJ31BPP607YYVHYHHBG,2026-06-01 20:45:58,2026-06-01,PRD-GBTWYKMODFBW,CLI-0PHPZVLAV57A,Withdrawal,,486.08,USD,,App,,,,México,Monterrey,Approved,00,False,8.5,,
TRX-SAGMTDXB5XCZM7CWLPFU,2026-06-01 22:24:07,2026-06-01,PRD-QK1Z7QNB9LI0,CLI-GFF80N9V3RXH,Withdrawal,,408.22,USD,,ATM,SUC-SCFDICUT,,,México,Puebla,Approved,00,False,14.21,,
TRX-JOQ8IHOOGAHCA1MUXXOO,2026-06-01 23:44:45,2026-06-01,PRD-19WWXM03JLB0,CLI-LPABTO5B97ZR,Withdrawal,,162118.64,ARS,463.2,POS,,,,Argentina,Buenos Aires,Approved,00,False,11.02,-35.5184215,-57.8433207
TRX-I2IG5TLVNVW4NWSKJIVF,2026-06-02 00:13:04,2026-06-01,PRD-3PKA5KU7GQSK,CLI-6TVAAS4HVEXH,Purchase,Transport,101151.87,ARS,289.01,App,,Taxi Seguro,Transport,Argentina,Córdoba,Approved,,False,3.65,,
TRX-Z4HKIEOU5ILZM78JNYUQ,2026-06-01 20:42:25,2026-06-01,PRD-Z11CZTD191AL,CLI-0HH8ADSW1M8E,Payment,Other,606.58,USD,,ATM,SUC-UB0LXRUU,,,México,Monterrey,Approved,00,False,19.74,,
TRX-2Y8PHBI19KN8TJDM13RH,2026-06-01 07:22:03,2026-06-01,PRD-OGUEEJDA75OE,CLI-SCXK9SPTXVR7,Purchase,Health,147021.21,ARS,420.06,ATM,SUC-8433QXQ4,Laboratorio Central,Health,Argentina,Córdoba,Approved,00,False,18.49,-35.1184771,-59.2938989
TRX-XJZDZC2TL5YAQM17S5AL,2026-06-01 21:04:21,2026-06-01,PRD-KYA7YF6WJOFQ,CLI-7J2CAXH45HKF,Adjustment,,24.42,USD,,POS,,,,México,Tijuana,Approved,00,False,20.04,,
TRX-CD5LK93EBJ5CW90AMY1Y,2026-06-01 22:39:21,2026-06-01,PRD-2HGJHFJ7FTOZ,CLI-QAKF7A7F5CBT,Deposit,,4290.76,USD,,App,,,,México,Puebla,Approved,00,False,23.81,,
TRX-RC8E4FIWXTI3F1JBP2AD,2026-06-01 13:43:50,2026-06-01,PRD-GTNTEXTVBTPZ,CLI-RK3R4E7QOS5D,Deposit,,16757178.88,COP,4189.29,POS,,,,Colombia,Cartagena,Approved,00,False,,4.7917111,-73.8733219
TRX-OM75VL9DQTPIA8N9TWIZ,2026-06-01 07:52:04,2026-06-01,PRD-0OUZYP1R7CW9,CLI-U7W7GQ8B9SEW,Transfer,,14427693.54,COP,3606.92,Web,,,,Colombia,Medellín,Approved,00,False,,,
TRX-I5M9XQ55V4WMX0ASDZZ6,2026-06-01 11:50:35,2026-06-01,PRD-46NZGJ99XZVU,CLI-K6C88C8LPLRR,Withdrawal,,217.35,USD,,ATM,SUC-S49Q0IRI,,,México,Puebla,Approved,00,False,,,
TRX-KWWMM8P0T9WWWCXAA5M9,2026-06-01 23:59:13,2026-06-01,PRD-Z40M1FY7UD3X,CLI-GLAQ5TQVMCG3,Transfer,,794410.05,COP,198.6,App,,,,Colombia,Cali,Approved,00,False,15.04,,
TRX-DVAW19W4AECBMG16ZQFO,2026-06-01 07:03:06,2026-06-01,PRD-9F4IMVSA95IA,CLI-8W7T4SAJDKA3,Purchase,Transport,33.5,USD,,App,,Uber,Transport,México,Guadalajara,Approved,,False,11.79,,
TRX-9Z4TZA0RO9T9A97G9IHS,2026-06-02 01:52:01,2026-06-01,PRD-99DUGUHUXYGH,CLI-X0XITE68B632,Payment,Entertainment,137613.24,ARS,393.18,Web,,,,Argentina,,Approved,00,False,25.35,,
TRX-2VTVOMGQKU172HC1R5F6,2026-06-01 12:11:06,2026-06-01,PRD-FL5T1SPSXSI2,CLI-5KDQFQH393SF,Transfer,,1152657.47,ARS,3293.31,App,,,,Argentina,Córdoba,Approved,00,False,4.98,,
TRX-B5I2ZDQY8G4688WT6BM8,2026-06-01 21:35:10,2026-06-01,PRD-WN6B25VEA8X6,CLI-5NN7VKGXAIHT,Deposit,,4220.3,USD,,POS,,,,México,Puebla,Approved,00,False,28.59,-0.0921022,0.636867
TRX-DFCKTYPGPOGCPROJ0ER4,2026-06-01 19:08:05,2026-06-01,PRD-QHIOB1EPAJX6,CLI-TFEGYWWYOYVD,Withdrawal,,49.45,USD,,POS,,,,México,Monterrey,Approved,00,False,29.47,,
TRX-LQ32KY56TANRRI4HBPCX,2026-06-02 04:03:17,2026-06-01,PRD-KIRXY5G2JZJ3,CLI-PEF61HQSS8QO,Purchase,,173757.17,ARS,496.45,ATM,SUC-OJAQW0AJ,Ferretería,Other,Argentina,Rosario,Approved,00,False,20.18,,
TRX-8JP2JEA3F8BYDVCE7KWR,2026-06-02 04:24:35,2026-06-01,PRD-O2N24306CDA9,CLI-U4Y511JL7AAH,Deposit,,4373.16,USD,,Web,,,,México,,Approved,00,False,19.29,,
TRX-7R479QXSJHNJZN319XF7,2026-06-01 22:16:28,2026-06-01,PRD-6HNAFYH39CZF,CLI-90MMKDRBDFAT,Transfer,,36462846.06,COP,9115.71,ATM,SUC-VZIGM714,,,Colombia,Medellín,Approved,,False,,,
TRX-9NFYZYUJBIAXLORMAYSB,2026-06-01 18:23:23,2026-06-01,PRD-Y0Q288FPZXYM,CLI-ZI2LKDCVXSZR,Withdrawal,,66.48,USD,,POS,,,,USA,Houston,Approved,00,False,18.71,,
TRX-RNYR8LJY330IG1YMU6MN,2026-06-01 18:28:36,2026-06-01,PRD-KEVY8Z9FS9HI,CLI-GY62LAMV2VGQ,Withdrawal,,378.98,USD,,App,,,,México,Monterrey,Approved,00,False,24.37,,
TRX-BVEANDDUIM18O13GT6KT,2026-06-01 08:53:18,2026-06-01,PRD-4GUORZPVJ3G5,CLI-ZA6DKFHBHNLD,Purchase,Food,357.19,USD,,POS,,Super Ahorro,Food,México,,Approved,,False,7.72,,
TRX-9L4VCG0DK0N90HUMKDKG,2026-06-02 01:36:45,2026-06-01,PRD-AX2M92RM2M5T,CLI-E4Y13MQ07NV9,Deposit,,872.87,USD,,POS,,,,Spain,Madrid,Approved,00,False,18.6,,
TRX-UWK61Q6PHN1BRTQAJJAX,2026-06-01 07:35:50,2026-06-01,PRD-GG4JHWYX52Z2,CLI-6T816T7A2GM1,Withdrawal,,30.2,USD,,ATM,SUC-RDJC9IH3,,,México,Puebla,Approved,00,False,19.95,,
TRX-0OG9G3GIO2OGR7I6MYDX,2026-06-02 02:11:29,2026-06-01,PRD-7G84QOI595D8,CLI-41MX5MUU9YR4,Purchase,Food,66.65,USD,,App,,Super Ahorro,Food,Argentina,,Approved,00,False,24.62,,
TRX-0PS3N5JFV4UTN1SY2KD7,2026-06-01 11:44:32,2026-06-01,PRD-3XR8G1E25367,CLI-XVKOPAEYWRMX,Withdrawal,,147.5,USD,,POS,,,,México,Querétaro,Approved,00,False,8.04,,
TRX-B1TTN8A00P28GSFIC9VZ,2026-06-02 04:40:28,2026-06-01,PRD-H0ULG5GX5EY7,CLI-3Q4UL03GWYUY,Withdrawal,,341.45,USD,,POS,,,,Colombia,,Approved,00,False,4.45,4.0272677,-75.0344366
TRX-PL234NH9F3KGP3AXFA9A,2026-06-01 21:59:41,2026-06-01,PRD-UFYGDQY91ILB,CLI-VKYK10M32FW0,Deposit,,2165.97,USD,,ATM,SUC-Z7426PZT,,,México,Guadalajara,Approved,00,False,6.12,-0.2312564,
TRX-XQROPTLDZQWMUE9MPKZC,2026-06-01 07:53:44,2026-06-01,PRD-JAQWT9354U1O,CLI-D4AJ1QTL8AXQ,Purchase,Services,393.16,USD,,Web,,Empresa Telefónica,Services,México,Guadalajara,Approved,00,False,,,
TRX-3DXT9YKJWTMTNAAFRPMS,2026-06-01 17:51:02,2026-06-01,PRD-2W0HNEOY4LEZ,CLI-1RJCNI5ZV3HF,Payment,Food,6571437.94,COP,1642.86,ATM,SUC-HQWDAM56,,,Colombia,Bogotá,Approved,00,False,29.29,,
TRX-0WUALK1PQNGXFE4LFO5Y,2026-06-01 23:56:03,2026-06-01,PRD-0KBKPQSZI3LJ,CLI-XKTNLIKF68R2,Deposit,,2076.95,USD,,App,,,,México,Puebla,Approved,00,False,10.36,,
TRX-OZC4AIUY38R2HT3C197Q,2026-06-01 20:00:07,2026-06-01,PRD-GHS74FPDJD5K,CLI-7T9ZANI59WGU,Deposit,,4078.5,USD,,App,,,,México,Puebla,Approved,00,False,,,
TRX-1JOURV9U9QBHNP951D94,2026-06-01 10:52:07,2026-06-01,PRD-QYZ5W6IEBPG2,CLI-5XZ7QFP0ZA2M,Withdrawal,,58.47,USD,,App,,,,Colombia,Bogotá,Pending,54,False,12.08,,
TRX-G6QA31ZFB98DYMIVIO9O,2026-06-02 01:38:58,2026-06-01,PRD-H92HYAKS5OR3,CLI-ADMCTARRDR3V,Deposit,,4766.85,USD,,POS,,,,México,Querétaro,Declined,05,False,,,
TRX-J2484I8QSWOWLXB8IZ50,2026-06-02 05:14:49,2026-06-01,PRD-E7JOUQ46R27R,CLI-QUQIKCFUWXPT,Purchase,Services,997086.9,COP,249.27,POS,,Internet Plus,Services,Colombia,Bogotá,Approved,00,False,18.7,5.4591025,-73.9004157
TRX-S0XUDXMUIS5O4OPPDZXA,2026-06-01 20:15:48,2026-06-01,PRD-AG1ZECJUWS8A,CLI-XNFT8CYIEGD7,Purchase,Food,1073971.7,COP,268.49,POS,,Tienda Don José,Food,Colombia,Barranquilla,Approved,00,False,8.79,,
TRX-JNZKEVPDYF7M6TUISZQS,2026-06-02 02:25:44,2026-06-01,PRD-2L2I6P8MHTDV,CLI-8G178DUK9FJP,Withdrawal,,173358.23,ARS,495.31,POS,,,,Argentina,Rosario,Approved,00,False,5.07,,
TRX-21OHATMNPQYZLJO8F5CW,2026-06-01 07:07:10,2026-06-01,PRD-UBEP6KAHYJKR,CLI-5MW1CIT6CWM1,Withdrawal,,101795.5,ARS,290.84,Web,,,,Spain,Valencia,Approved,00,False,3.06,,
TRX-7SDF5A17JOJMUDGUKKDN,2026-06-01 10:01:22,2026-06-01,PRD-7QTURTJ3IE7F,CLI-B07KISWEM6XR,Transfer,,8843.0,USD,,POS,,,,USA,Houston,Approved,00,False,4.9,0.2912244,0.3682026
TRX-QOZW3EP0N398QTI67T3H,2026-06-02 05:05:43,2026-06-01,PRD-EMDAAPBU4GJZ,CLI-HQCCOWTQLN74,Payment,Health,1151.89,USD,,POS,,,,México,Tijuana,Approved,00,False,29.61,,
TRX-GAMS7LEMP9LXYDV36X9K,2026-06-01 06:25:36,2026-06-01,PRD-GJCQQMBZOWQ9,CLI-1TYRO4YQRQUS,Adjustment,,989.41,USD,,POS,,,,México,Ciudad de México,Approved,00,False,5.44,,
TRX-3FID49ST4HXIAV0ECEJT,2026-06-01 07:22:09,2026-06-01,PRD-Y0RZN4YPLRS6,CLI-W61UWTLLGOZ7,Transfer,,8348.13,USD,,POS,,,,México,,Approved,00,False,16.53,,
TRX-QT7US2T1X70TCH2T7WYK,2026-06-01 10:48:20,2026-06-01,PRD-8NGTCLH5RDJ4,CLI-DEFLLY4IPYJX,Purchase,Services,204.97,USD,,ATM,SUC-S3V4CSL0,Empresa Telefónica,Services,México,,Declined,14,False,28.16,,
TRX-BAK5RK5WNOPX3HJ5ML9E,2026-06-02 04:05:56,2026-06-01,PRD-VS1J5BMK7LS2,CLI-G2CP81X88SKO,Payment,Entertainment,391030.45,ARS,1117.23,App,,,,Argentina,Córdoba,Approved,00,False,22.23,,
TRX-UUR2RIPPIMXP5ZKGTGKQ,2026-06-02 01:38:58,2026-06-01,PRD-UV8HFE8PPHKL,CLI-C5RAOVJ6M5GF,Transfer,,7618.86,USD,,POS,,,,México,Guadalajara,Approved,00,False,19.26,-0.951722,-0.0761528
TRX-6PBVWRRKJMAOU3XOCSYA,2026-06-01 15:24:57,2026-06-01,PRD-5E4I2DNZ9S84,CLI-9QR4ORTWC8D4,Transfer,,4122.02,USD,,POS,,,,Colombia,Cartagena,Approved,00,False,,,
TRX-7KEZMK7N7408QBA048CL,2026-06-02 01:43:31,2026-06-01,PRD-B16DV62WUQ7F,CLI-BSSLKSEUDK6D,Payment,Services,899121.63,COP,224.78,ATM,SUC-IV7HG0FV,,,Colombia,,Approved,00,False,11.27,,
TRX-CT73PBMH7YYTBOH5YWF0,2026-06-02 04:53:58,2026-06-01,PRD-ENM8U337T63C,CLI-DGHAX4LQDQ8W,Purchase,Food,1314558.83,COP,328.64,ATM,,Super Ahorro,Food,Colombia,Barranquilla,Approved,00,False,24.27,,
TRX-88D2KOWLIRYECWSAA15H,2026-06-01 10:24:41,2026-06-01,PRD-DDQV33LR574W,CLI-0C32A9SUOUP8,Withdrawal,,160.24,USD,,POS,,,,México,Monterrey,Approved,00,False,,,
TRX-H9Z3QVZVVTQ1KP42QQOW,2026-06-01 10:26:28,2026-06-01,PRD-GFPN20QYPI8B,CLI-B9B60WGE2QRZ,Purchase,Other,906001.3,COP,226.5,POS,,Tienda General,Other,Colombia,Medellín,Approved,00,False,3.6,,
TRX-06X28Y2SNX5L9N5GOQ21,2026-06-01 20:01:14,2026-06-01,PRD-PFXK5M003RTK,CLI-4TSNY9E0K587,Purchase,Other,440.77,USD,,Transfer,,Tienda General,Other,México,Monterrey,Approved,00,False,17.41,,
TRX-Q528O9PLEW6PSWRN6B5R,2026-06-01 13:39:14,2026-06-01,PRD-7C4DZGJLG0KC,CLI-G897MQCESS24,Transfer,,13504406.61,COP,3376.1,POS,,,,Colombia,Bogotá,Approved,00,False,10.67,,
TRX-V138IHD32I18MYK23K5J,2026-06-01 13:48:28,2026-06-01,PRD-RSC2I40YG27W,CLI-SG126VZ4XYLZ,Deposit,,3150.09,USD,,ATM,SUC-FGQWMFNS,,,México,Monterrey,Approved,00,False,11.9,,
TRX-Q15JJLLYN5VW10RJC8A7,2026-06-01 10:20:01,2026-06-01,PRD-H85DUUBAU3FX,CLI-PIAELI2X5YRS,Deposit,,275.81,USD,,POS,,,,México,Puebla,Approved,00,False,6.29,,
TRX-8K22MOM6WGGT0MPO6ALG,2026-06-01 13:48:34,2026-06-01,PRD-E0CODY1ZD4FQ,CLI-3KC7CLZ1RBJ0,Withdrawal,,21.64,USD,,Web,,,,México,Puebla,Approved,00,False,,,
TRX-9OKVK0WCBKAUY2C9R8L0,2026-06-01 13:11:42,2026-06-01,PRD-N9QKWIBRE8ZG,CLI-ZVNTJSVA3K1E,Payment,Services,3274196.3,COP,818.55,App,,,,Colombia,Cartagena,Declined,14,False,0.12,,
TRX-XSM1Y5R2RPCZNLLC0M3T,2026-06-02 00:07:06,2026-06-01,PRD-DJV7U2MQNZ7T,CLI-S4XMQ4U977CQ,Purchase,Transport,510479.98,COP,127.62,Branch,SUC-MSYTX2WG,Taxi Seguro,Transport,Colombia,Barranquilla,Approved,00,False,23.5,,
TRX-5QLX0WC9G735J0PCTL7P,2026-06-01 10:23:30,2026-06-01,PRD-N7JYVYTCQQQ5,CLI-JHX40BM4060Y,Purchase,Services,445.02,USD,,ATM,SUC-74OJEV5Z,Internet Plus,Services,México,,Approved,00,False,10.82,0.5496412,-0.2586012
TRX-PYRRY9MHGIQYD12G5PDA,2026-06-01 12:01:56,2026-06-01,PRD-YRTWNCBPBZPM,CLI-OU47WX2LH5BL,Transfer,,1190.68,USD,,ATM,SUC-XAEWUJQS,,,México,Monterrey,Approved,00,False,7.21,,
TRX-4YUXTZAN9R23Q6XSHV2B,2026-06-02 05:51:48,2026-06-01,PRD-B5RR17KHNG5F,CLI-X3RMYGQYCPJZ,Withdrawal,,134492.16,ARS,384.26,Transfer,,,,Argentina,Córdoba,Approved,00,False,,,
TRX-UJ3EJMZ87V0MJOOFUTTQ,2026-06-01 22:13:26,2026-06-01,PRD-EADZJZWQW6JE,CLI-RAT6RRRG1ZV3,Transfer,,24410908.93,COP,6102.73,POS,,,,Colombia,Medellín,Approved,00,False,27.01,,
TRX-03UJ8O5HKSVX1PHGIY8R,2026-06-01 21:53:11,2026-06-01,PRD-S9GZ6ENT2UPP,CLI-I6UOVZ1A4AJ6,Deposit,,3029833.56,COP,757.46,POS,,,,Colombia,Medellín,Approved,00,False,0.98,,
TRX-AGI7R02JZLOMG2AEMY43,2026-06-02 03:45:40,2026-06-01,PRD-XD39FLE5DB8I,CLI-CHLYTVV2O4E9,Withdrawal,,318.48,USD,,Transfer,,,,México,Puebla,Approved,00,False,19.27,,
TRX-G8A1FAQM3Z0YSC1J0FBC,2026-06-01 22:55:55,2026-06-01,PRD-UGG8EMFZEXRU,CLI-ZGJMEUTTT6N4,Purchase,Entertainment,365.34,USD,,App,,Teatro Nacional,Entertainment,México,Querétaro,Approved,00,False,7.89,,
TRX-CY861K6ANBX674CSDXY5,2026-06-01 12:15:49,2026-06-01,PRD-M4LTWRXXKZB2,CLI-7909A69HFA4W,Purchase,Food,302819.03,COP,75.7,Web,,Super Ahorro,Food,Colombia,,Approved,00,False,,,
TRX-1NVR5COD4TUOFJ8SWB4A,2026-06-01 07:43:46,2026-06-01,PRD-P6QJ4OSFVHMB,CLI-JZLP4GLLY84N,Payment,Entertainment,1852.2,USD,,ATM,SUC-PFXHRCSW,,,México,Puebla,Approved,00,False,7.38,,
TRX-1FFD1PZL7PFYJ43HBA6U,2026-06-01 19:09:09,2026-06-01,PRD-8NA8WJ867QQY,CLI-F7K11Z1XTI05,Transfer,,4921.42,USD,,POS,,,,México,Tijuana,Approved,00,False,12.68,,
TRX-YY846BJHKQ8XVEX84S7C,2026-06-02 02:41:00,2026-06-01,PRD-1K0KOHSBCAVO,CLI-BBMOAK8E19MR,Withdrawal,,1706203.48,COP,426.55,ATM,SUC-9S92DZ9T,,,Colombia,Medellín,Approved,00,False,5.53,,
TRX-P11ATCMVJBU6BWPV8JFO,2026-06-01 19:39:25,2026-06-01,PRD-YHX4MK8UE8BX,CLI-47O4M3BWJCDD,Payment,Other,3526414.82,COP,881.6,POS,,,,Colombia,Bogotá,Approved,00,False,9.87,,
TRX-N02TH3O0ELSIDNBII077,2026-06-01 11:35:19,2026-06-01,PRD-K2SZAIQAF6MX,CLI-S9TAR4SUQ5RT,Withdrawal,,345.19,USD,,App,,,,México,Monterrey,Approved,00,False,19.31,,
TRX-52JE1NMZMXORQDBHPNEO,2026-06-01 09:08:09,2026-06-01,PRD-AR13OBLDYBHS,CLI-C745Y8DJ37YO,Purchase,Food,374.04,USD,,POS,,Mercado Central,Food,Argentina,Córdoba,Approved,00,False,,-34.9141124,
TRX-UPM7VW85UI0ONYO2PJGU,2026-06-01 11:13:38,2026-06-01,PRD-S53WTMJGB8GD,CLI-5Z4XIL7VX8ML,Purchase,Entertainment,1109270.1,COP,277.32,ATM,SUC-5NGX1P46,Conciertos Live,Entertainment,Colombia,Medellín,Declined,51,False,,,
TRX-N9EN1H0DUMUGNLG9K30Q,2026-06-01 08:43:05,2026-06-01,PRD-4PI5I9DIK5KA,CLI-5R4JVA0LQU8C,Withdrawal,,99.7,USD,,App,,,,México,Guadalajara,Approved,,False,17.45,,
TRX-YUNELKEWVN4GFI08Q604,2026-06-01 07:38:23,2026-06-01,PRD-6NBIWU82LPJK,CLI-9XAGU3WHTNG6,Purchase,Services,441.08,USD,,ATM,SUC-XEEDD28B,Empresa Telefónica,Services,México,Guadalajara,Approved,00,False,4.3,-0.4818196,-0.6522338
TRX-4C24202T4SJU0CC5PUEE,2026-06-01 12:24:27,2026-06-01,PRD-0VMKTN0ZPA8J,CLI-5KDQO25XL7GC,Deposit,,917.86,USD,,ATM,SUC-3DCC91G4,,,México,Monterrey,Approved,00,False,,,
TRX-CVN1XKSU3W1ND3AL5PNC,2026-06-02 03:46:35,2026-06-01,PRD-L73E9P8ALHOI,CLI-AEYHW1HL6Z5J,Payment,Services,3563197.69,COP,890.8,App,,,,Colombia,Bogotá,Approved,00,False,13.23,,
TRX-9GR1V3CWLX7G9HZXNBGP,2026-06-01 08:29:00,2026-06-01,PRD-I8SDHSKSP65X,CLI-VH2CRU8M6M90,Purchase,Food,953506.8,COP,238.38,ATM,SUC-9FWCAJXI,Mercado Central,Food,Colombia,,Approved,00,False,21.08,,
TRX-I1HKK7NRBD0WZ7LAWKJX,2026-06-02 05:17:10,2026-06-01,PRD-DDQDKNZQ5VEX,CLI-0DIGBUXGOOSW,Deposit,,4957.04,USD,,ATM,SUC-DL6TAAQL,,,México,Puebla,Approved,00,False,24.69,,
TRX-SDJ3B9RO4SFJOLCU7WSX,2026-06-01 11:29:37,2026-06-01,PRD-Z4QGV4IRSS8O,CLI-8V5HDLLRSACN,Payment,Entertainment,4930279.87,COP,1232.57,POS,,,,Colombia,Barranquilla,Approved,00,False,26.91,,
TRX-LD92UJUZI68ADYEOGWHZ,2026-06-02 00:46:30,2026-06-01,PRD-ULG9H93TAX22,CLI-BB2RSTAO5DNE,Payment,Services,367.91,USD,,POS,,,,Argentina,Córdoba,Approved,00,False,24.35,,
TRX-4ZUY7NMVT6BWRISA9SGS,2026-06-01 13:52:09,2026-06-01,PRD-CDYJG10GML8D,CLI-SLONFYF9NWY4,Payment,Transport,1956768.55,COP,489.19,POS,,,,Colombia,Cartagena,Approved,00,False,,,
TRX-L0UC43G8RTM1LOTPQ9DJ,2026-06-02 00:01:20,2026-06-01,PRD-6WF6VFGMR1FH,CLI-OAD2DQOCU0X1,Transfer,,37473059.4,COP,9368.26,ATM,SUC-4B1UVBW3,,,Colombia,Medellín,Approved,00,False,14.35,,
TRX-G110J6ABJHDTQV9K0O6D,2026-06-01 22:14:59,2026-06-01,PRD-51SPAMAUR8SS,CLI-JGRN3JEWKE8O,Payment,Entertainment,5418454.71,COP,1354.61,ATM,,,,Colombia,Medellín,Approved,00,False,13.78,,
TRX-U5DC44T56Z79NMX1E4YW,2026-06-01 15:40:32,2026-06-01,PRD-PXU2S6VKGCNU,CLI-A8P3F25WW5TI,Payment,,1751.19,USD,,ATM,SUC-KI33JLSV,,,México,Ciudad de México,Approved,00,False,26.42,0.4216762,0.8667471
TRX-K0LN08UT1F6U4E0Q2JB0,2026-06-02 03:03:28,2026-06-01,PRD-ICDKSJ7KW5RV,CLI-C7I72ZC7VRT4,Transfer,,1890455.2,ARS,5401.3,ATM,SUC-46JOBFMX,,,Argentina,Buenos Aires,Approved,00,False,,,
TRX-YEMOS9Z5U8JGMLARQ9U7,2026-06-01 18:02:22,2026-06-01,PRD-L85BW8JEU26N,CLI-PC4SSXMUADOA,Withdrawal,,227.81,USD,,ATM,SUC-N8LPAX0U,,,México,Puebla,Approved,00,False,19.42,,
TRX-VQRZPXKIO1IHDXI0P1WQ,2026-06-01 18:18:12,2026-06-01,PRD-OET1MVZAZ8XV,CLI-HBGJ52TTWOR8,Purchase,,264.04,USD,,App,,Super Ahorro,Food,México,Tijuana,Approved,00,False,22.37,,
TRX-3387JVUNR6N7YW1BEUZX,2026-06-01 14:41:29,2026-06-01,PRD-R31YN303ML29,CLI-O2RYI4V6FESO,Payment,,192.91,USD,,Web,,,,México,Guadalajara,Approved,00,False,,,
TRX-RL7KAUC74QZW2076W0IR,2026-06-02 00:13:48,2026-06-01,PRD-BB5DRZV2J1UT,CLI-MAXHDGB51UTG,Purchase,Entertainment,5.22,USD,,Branch,SUC-IW55XIEY,Streaming Music,Entertainment,México,,Approved,00,False,4.28,,
TRX-ZMUGU0TF8SA93TVWMYX0,2026-06-01 16:04:29,2026-06-01,PRD-898XETETZ2ZA,CLI-D5HXRGIUMUR6,Purchase,Other,47445.07,ARS,135.56,POS,,Tienda General,,Argentina,Córdoba,Approved,00,False,,,
TRX-HKJOMGWOTFYTUFK3EW6A,2026-06-02 04:48:05,2026-06-01,PRD-53RRBV6NGWCB,CLI-AJ4VY1OXLG0W,Purchase,Other,323.58,USD,,App,,Boutique Moda,Other,México,Puebla,Approved,00,False,24.09,,
TRX-T9M7KZDBB2ANKTR4WQZU,2026-06-01 16:10:05,2026-06-01,PRD-63Q2VTE3CPKB,CLI-MR2W8QN7PJNW,Purchase,Food,33.26,USD,,ATM,SUC-YZRQJS5X,Restaurante El Buen Sabor,Food,México,Monterrey,Approved,00,False,,0.0296787,-0.1990649
TRX-GQ9QI5IVOXY21N3P5MZN,2026-06-02 03:21:41,2026-06-01,PRD-XYFXWDBI0A5I,CLI-9ELXFGH7COZF,Purchase,Other,462.46,USD,,POS,,Ferretería,Other,México,Tijuana,Approved,00,False,25.92,,
TRX-WOXFXF8R8WGVHPGADBTR,2026-06-01 13:33:35,2026-06-01,PRD-M71X0TLKZ1H3,CLI-7WKS69SU8DJV,Purchase,Transport,237.51,USD,,Web,,Estación de Servicio,Transport,México,Puebla,Approved,00,False,23.72,,
TRX-L3S0PODVTRFPKXZ5EG7K,2026-06-02 04:35:22,2026-06-01,PRD-RVNIX2S32JNN,CLI-GQSDCVCUONY7,Withdrawal,,303.86,USD,,POS,,,,México,Monterrey,Approved,00,False,23.24,0.0533749,-0.6322711
TRX-KS11LJKGZIEF3SKVN41Z,2026-06-01 21:27:25,2026-06-01,PRD-B14VTEXS4F3Q,CLI-G0W3YHSQEEY8,Deposit,,3094.71,USD,,App,,,,México,Guadalajara,Approved,00,False,0.37,,
TRX-KODNR45ZRAVEFNYH9EUT,2026-06-01 13:39:37,2026-06-01,PRD-SS28OF8T34PY,CLI-1EW251NP4GE4,Withdrawal,,163573.33,COP,40.89,ATM,,,,Colombia,Cartagena,Approved,00,False,3.76,,
TRX-JEZIUB9CHW63511ZOVCB,2026-06-01 09:23:49,2026-06-01,PRD-0LI104KXS6MO,CLI-6FS9AUXAO8KV,Transfer,,2554021.82,ARS,7297.21,App,,,,Argentina,La Plata,Approved,00,False,22.99,,
TRX-CNAR2NX3APL8FWJFP944,2026-06-01 10:02:14,2026-06-01,PRD-8GR7SF10FV99,CLI-JHML1B4RW8EL,Withdrawal,,182.92,USD,,App,,,,México,Tijuana,Pending,54,False,13.61,,
TRX-H404EGO7LE4Q5QEIH6AK,2026-06-02 03:20:08,2026-06-01,PRD-TNWBN5LSRZBB,CLI-QCS71V5K3RE4,Withdrawal,,1503034.87,COP,375.76,ATM,,,,Colombia,Bogotá,Approved,00,False,16.34,,
TRX-FW7CFYRWLI6ML8M2K6WL,2026-06-01 10:04:54,2026-06-01,PRD-VJFOUG25Q99H,CLI-MK6CESZSQ1D8,Deposit,,4609.64,USD,,App,,,,México,Tijuana,Approved,00,False,,,
TRX-UQ5NRHJ5Q5T64LKHR6ZH,2026-06-02 05:59:48,2026-06-01,PRD-P1S7NYZC0Q3F,CLI-XALGXU00CUEI,Purchase,Services,124.62,USD,,Web,,Internet Plus,,México,Guadalajara,Approved,00,False,29.52,,
TRX-VBH6KQBUUEBATPASOTE3,2026-06-01 23:11:40,2026-06-01,PRD-N2RF0IM8CPNU,CLI-EJM21LED81ES,Payment,Food,682.91,USD,,Web,,,,México,Ciudad de México,Approved,00,False,6.45,,
TRX-0SMXBA2A2OUFJ9VS6W3O,2026-06-02 00:55:18,2026-06-01,PRD-1QQ063ONC67Y,CLI-XEBBE6AG8E5S,Withdrawal,,811690.4,COP,202.92,POS,,,,Colombia,Cali,Approved,00,False,22.36,,
TRX-KSU3E48M2XCXG1S15RSH,2026-06-01 11:47:06,2026-06-01,PRD-WGGDK5JZ29YA,CLI-8ZYSBI2J7U0Y,Deposit,,3950420.66,COP,987.61,POS,,,,Colombia,Cali,Approved,00,False,20.94,,
TRX-9KK6LLROWB0VYAXGEYS3,2026-06-01 09:33:24,2026-06-01,PRD-7ECVOZ81A1W3,CLI-KVCEQIPWPZBH,Purchase,Food,102.84,USD,,App,,Super Ahorro,Food,México,Ciudad de México,Approved,00,False,17.66,,
TRX-54MJVV9OSXQERU0KPDZE,2026-06-01 11:39:37,2026-06-01,PRD-YWF9F6DXGX0E,CLI-H7CTAF6GPAM9,Payment,Food,1982.69,USD,,POS,,,,México,Puebla,Approved,00,False,1.53,0.2110383,0.935574
TRX-UXG9ERI3ZD2924CNV4DL,2026-06-01 21:44:59,2026-06-01,PRD-4WR4OFRFOWB9,CLI-UCO4XHM2SG6R,Transfer,,6546.8,USD,,ATM,SUC-VTIA5X8Y,,,México,,Approved,00,False,12.2,,
TRX-V09BEGYHZ7Z6PS5CWJVY,2026-06-01 14:36:36,2026-06-01,PRD-NVJUXHI1S0I4,CLI-O2GOTG5J0I7G,Transfer,,28498303.04,COP,7124.58,POS,,,,Colombia,Medellín,Approved,00,False,27.84,4.1031856,-74.3811477
TRX-B6QV12SBS4GEK0WB65QJ,2026-06-01 11:32:20,2026-06-01,PRD-LVSFCRI8WL8R,CLI-426M681IKXDP,Transfer,,3632.9,USD,,ATM,SUC-552N76DP,,,México,Ciudad de México,Approved,00,False,,,
TRX-5LKJO8CBH04SQVB9PSID,2026-06-01 08:59:24,2026-06-01,PRD-A3X7221ELTP0,CLI-4P4MVKXL4DZI,Purchase,Food,1614563.82,COP,403.64,Branch,SUC-2QR0HN01,Restaurante El Buen Sabor,Food,Spain,Barcelona,Approved,00,False,25.28,4.4385285,-73.1259584
TRX-817VLCXOMAJ21UDW7ZUE,2026-06-01 06:08:54,2026-06-01,PRD-DCKUYB54MSIN,CLI-2OSBFBSA4U6P,Purchase,Services,328.93,USD,,POS,,Empresa Telefónica,Services,México,Puebla,Approved,00,False,18.4,,
TRX-AEX0U6IJ4M0Y42I3KUH7,2026-06-02 05:44:30,2026-06-01,PRD-LF2Y3302QVTG,CLI-5M4I8RRMYHIC,Purchase,Entertainment,111.61,USD,,ATM,SUC-SCFDICUT,Teatro Nacional,Entertainment,México,Puebla,Approved,00,False,10.19,,
TRX-F08BLJSWF0WXKG9DN869,2026-06-02 04:44:08,2026-06-01,PRD-BFV3JX2RR1Y9,CLI-UWSEXM5VAWFC,Withdrawal,,480.42,USD,,POS,,,,México,Guadalajara,Approved,00,False,18.34,0.8058503,0.1505948
TRX-F27TK4B04TTHXROUJML1,2026-06-01 10:34:30,2026-06-01,PRD-1M9PUQQRGTXO,CLI-NAEPNWB8NZP4,Deposit,,196.98,USD,,Web,,,,México,Puebla,Approved,,False,25.44,,
TRX-5B9OBKXRWLZYP4DSA9MR,2026-06-02 02:21:54,2026-06-01,PRD-JTGSY97EP7OV,CLI-KSD9PAAEFWUC,Purchase,Health,342.84,USD,,POS,,Clínica Médica,Health,México,Tijuana,Approved,00,False,18.92,0.5432683,0.6376297
TRX-301AXY1UIO16ERO48B5D,2026-06-01 14:09:35,2026-06-01,PRD-5P1YE4XFGG4N,CLI-LOF9KHDX16QP,Purchase,Food,146906.1,ARS,419.73,ATM,SUC-7EJG5XUH,Tienda Don José,Food,Argentina,Córdoba,Approved,00,False,15.67,,
TRX-STVJ7I72GRQ0NTNMTBKO,2026-06-01 14:12:42,2026-06-01,PRD-7DP7VPMRB6K9,CLI-KMENR497H9Z5,Withdrawal,,1994033.83,COP,498.51,POS,,,,Colombia,Barranquilla,Approved,00,False,23.75,,
TRX-A3KHQDATOQNZXAX0TTHM,2026-06-02 05:27:41,2026-06-01,PRD-2XUDD7BOAGSP,CLI-MVRLVH6V9E8U,Withdrawal,,177.81,USD,,POS,,,,México,Querétaro,Declined,51,False,18.29,0.9861003,0.8527843
TRX-DKSY4GF5ZRMXNDQECNFR,2026-06-01 19:33:16,2026-06-01,PRD-YKL0DL5C6MY9,CLI-ZEUD1HSWBY0M,Payment,Entertainment,5606053.03,COP,1401.51,Web,,,,Colombia,Barranquilla,Approved,00,False,21.57,,
TRX-0O0XJGNDWB8P0P4GQCU7,2026-06-02 01:37:44,2026-06-01,PRD-M6BZXPUJWPKO,CLI-DEQT1P7CWDJG,Payment,Food,1014.86,USD,,Web,,,,Colombia,Cali,Approved,00,False,0.79,,
TRX-P46Q698BE57DRJKKXDFX,2026-06-01 14:48:41,2026-06-01,PRD-EDZYFY0UAEBZ,CLI-AC9XJOI0ZHVR,Withdrawal,,212.63,USD,,Web,,,,México,Monterrey,Approved,00,False,,,
TRX-YEJUF0HH156H85IF8AR9,2026-06-01 22:10:24,2026-06-01,PRD-L9LS8PX8QH3K,CLI-FKJJT8Q7HSG6,Payment,Health,124.05,USD,,ATM,SUC-FQBLIDK9,,,México,,Approved,00,False,27.08,,
TRX-CMXY68DB3KSM5QPH7HMU,2026-06-01 06:25:04,2026-06-01,PRD-8WMUOAQXYVR6,CLI-GQPOBMUCKL31,Adjustment,,363.15,USD,,Web,,,,México,Querétaro,Approved,00,False,15.05,,
TRX-4OEV3TXKBV3NVO5L6SRO,2026-06-01 19:05:44,2026-06-01,PRD-I4P0EH8BRIJQ,CLI-H0I2UB7071E5,Payment,Health,274352.17,ARS,783.86,ATM,SUC-PJ3BSV1X,,,Argentina,La Plata,Approved,00,False,,,
TRX-U0PMKEAQSXEOB9XHDMLP,2026-06-01 18:30:31,2026-06-01,PRD-0SCXFCNHSN4N,CLI-RVBO898G5OIN,Purchase,Services,459.17,USD,,ATM,SUC-WSUW783S,Cable TV,Services,México,Monterrey,Approved,00,False,12.52,,
TRX-YNHG4CZFHEA8WCWYNSY1,2026-06-01 16:52:26,2026-06-01,PRD-QMG7G2MCPK0B,CLI-OM51MTORSMSY,Adjustment,,1692681.3,COP,423.17,POS,,,,Colombia,Medellín,Approved,00,False,25.59,,
TRX-1U8P0L4GWPEGVZTCZYPE,2026-06-01 06:25:36,2026-06-01,PRD-ALBV9YEYZQOY,CLI-JBOWIKW9T5RY,Withdrawal,,241.85,USD,,ATM,SUC-1PSI5W5X,,,México,Monterrey,Approved,00,False,,,
TRX-JBP4M9NR90PFH3WE7WC6,2026-06-01 18:58:39,2026-06-01,PRD-I3U58AFIXD6Z,CLI-K7ML58ASETN6,Withdrawal,,409.94,USD,,App,,,,México,Ciudad de México,Approved,00,False,7.37,,
TRX-S4MI5907WM2UQD4LU4D9,2026-06-01 12:12:05,2026-06-01,PRD-FDTQEF1XZGWQ,CLI-TWEUD17D3POU,Purchase,Transport,407.47,USD,,POS,,Uber,Transport,México,Querétaro,Approved,00,False,5.09,,
TRX-KE504NEWIYTZS4EJVNAT,2026-06-01 21:34:27,2026-06-01,PRD-MDR5IZC8USBI,CLI-GUVTI61JWHRS,Transfer,,21043012.66,COP,5260.75,POS,,,,Colombia,Bogotá,Pending,54,False,13.96,,
TRX-XBAAIIZHPF4IVDPPR66D,2026-06-01 15:21:21,2026-06-01,PRD-0DCVIW7RXRB5,CLI-5WRI2WV41FZD,Transfer,,4151.66,USD,,POS,,,,México,Querétaro,Approved,00,False,13.27,,
TRX-WJ1G8XGZW298T6FUP9VN,2026-06-01 17:21:31,2026-06-01,PRD-BCA886CPVCFT,CLI-VDBXO2CM15AP,Purchase,Food,168470.54,ARS,481.34,Web,,Super Ahorro,Food,Argentina,Córdoba,Approved,00,False,,,
TRX-PTIR8PYTLPTV7VZDPHWQ,2026-06-01 14:17:51,2026-06-01,PRD-RBEZJ8QVQEUG,CLI-FZ8UDIXQGL0T,Transfer,,11303321.61,COP,2825.83,Web,,,,Colombia,Medellín,Approved,00,False,12.77,,
TRX-TTWMUBJEZQI9UJ8V9SAN,2026-06-01 12:27:11,2026-06-01,PRD-4OQ7HR6A3YYM,CLI-NAOOSW8G4V8A,Purchase,Transport,487.67,USD,,ATM,SUC-RKWUVL31,Estación de Servicio,Transport,Argentina,Buenos Aires,Declined,14,False,18.08,-34.6226604,-58.7937054
TRX-3289TV36XWZZM29ABT6A,2026-06-01 22:09:36,2026-06-01,PRD-IXT6KS51Z1XS,CLI-JDQNAA8I02ZK,Withdrawal,,31.59,USD,,POS,,,,México,Tijuana,Approved,00,False,10.91,,
TRX-6GTL2Z7LNNFYC6DWTDHJ,2026-06-01 17:24:36,2026-06-01,PRD-819EFTX01OTI,CLI-EZ1ZZVJ1M322,Adjustment,,905.12,USD,,Transfer,,,,México,Guadalajara,Approved,00,False,,,
TRX-EHGT5I4FUJR3WANYA4QR,2026-06-02 05:18:00,2026-06-01,PRD-9O6G69SDZKQD,CLI-PBB10Q47AUC6,Purchase,Entertainment,459.58,USD,,POS,,Conciertos Live,Entertainment,México,,Approved,00,False,9.08,,
TRX-616M85CFTESZMUWU1SZS,2026-06-01 07:03:18,2026-06-01,PRD-9Y6776WZQ3N4,CLI-PYF56H5J668P,Purchase,Food,45.9,USD,,ATM,SUC-0OJNMRLP,Restaurante El Buen Sabor,Food,México,Ciudad de México,Approved,00,False,,-0.7545103,0.5135716
TRX-5I571UF8HXJF7DD8ECGQ,2026-06-02 03:21:48,2026-06-01,PRD-252AX2ODHCAA,CLI-WZM4OJITC4A5,Payment,Health,1481.21,USD,,ATM,SUC-ZAMLQY77,,,México,Tijuana,Approved,00,False,,0.2974505,-0.2888753
TRX-4XGK2STP0MH901VWG0CO,2026-06-01 08:10:28,2026-06-01,PRD-7CUDUFGDTDJB,CLI-RFBBXK02OHL7,Transfer,,1418.06,USD,,POS,,,,México,Monterrey,Approved,00,False,,-0.4278849,-0.7194823
TRX-NX3NHDZPDJJ01A8I2OU8,2026-06-01 06:11:28,2026-06-01,PRD-RUA3EXXZXYBD,CLI-2F3JOAPV2KQU,Purchase,Transport,250.51,USD,,POS,,Estación de Servicio,Transport,México,,Approved,00,False,1.98,,
TRX-XE3SLRABJRYN92X4IP2U,2026-06-02 02:11:22,2026-06-01,PRD-TAVG0QT7KHZ6,CLI-V3FDG6BPQ9UN,Purchase,Food,45612.58,ARS,130.32,ATM,SUC-RNIHGBDP,Super Ahorro,Food,Argentina,,Approved,00,False,9.6,-35.2553698,-58.1958644
TRX-FI7WU4M3Y90OYIVTMPFU,2026-06-01 19:38:56,2026-06-01,PRD-9QJ8XW0V4WE4,CLI-OADX0H86M4I6,Purchase,Other,247.59,USD,,Web,,Boutique Moda,Other,México,Ciudad de México,Approved,00,False,18.57,,
TRX-6A5KCNRHOMILUYV18J6E,2026-06-01 08:32:48,2026-06-01,PRD-HPTMD1ZWWT62,CLI-PK7TX9KSLK3E,Purchase,Entertainment,90.8,USD,,Web,,,,México,Tijuana,Declined,51,False,24.25,,
TRX-GAFXNDK96VL4J4HS5ONG,2026-06-01 10:35:35,2026-06-01,PRD-JWRDTM4SU5KC,CLI-VMFEYRQVDSH3,Withdrawal,,38865.98,ARS,111.05,ATM,SUC-HBYNA6O6,,,Argentina,Buenos Aires,Approved,00,False,26.97,,
TRX-09HXJLNNC9RI46QG5XNF,2026-06-01 09:59:50,2026-06-01,PRD-IIIE00QPKUIH,CLI-FTQDCZ679IIY,Purchase,Transport,212.24,USD,,ATM,SUC-I8M9CS2Y,Estación de Servicio,Transport,México,Tijuana,Approved,00,False,0.34,,
TRX-KXGWU0JO1T1D8VQQT940,2026-06-02 05:10:21,2026-06-01,PRD-4STLJU38ZHYL,CLI-5WSU6MKC7O7S,Withdrawal,,177.88,USD,,POS,,,,México,Guadalajara,Approved,00,False,3.8,-0.2167231,-0.9628307
TRX-UBD2UM8JOS7FZD8DD4B2,2026-06-01 20:23:26,2026-06-01,PRD-G0VLKTER0Z0W,CLI-6QZO4SWUUJLL,Withdrawal,,297.24,USD,,App,,,,México,Monterrey,Approved,00,False,5.91,,
TRX-8PVZBYEKI5W5YI7YQCQT,2026-06-02 04:18:36,2026-06-01,PRD-SG6USXFUMGEH,CLI-CL2MF5DIIFUY,Deposit,,3755.98,USD,,ATM,SUC-4XKHST63,,,México,Puebla,Approved,00,False,,,
TRX-TRVJWD01W3YOZBDVZ2SW,2026-06-02 05:45:36,2026-06-01,PRD-CM8GG90DAR2F,CLI-9FNWYIPWGEPU,Purchase,Other,158872.61,ARS,453.92,ATM,SUC-YV8Q78LJ,Centro Comercial,Other,Argentina,Buenos Aires,Approved,00,False,28.77,,
TRX-PDP4GTZJME873IITVUQG,2026-06-01 08:42:23,2026-06-01,PRD-9SM5GPJLDYSC,CLI-BEYIORIHMGCP,Transfer,,2172861.52,ARS,6208.18,App,,,,Argentina,Rosario,Approved,00,False,16.02,,
TRX-AE62DMBRYRTSA9QNMQBQ,2026-06-01 19:29:23,2026-06-01,PRD-CPLJSGGFHMT4,CLI-W20DSNBVG6CK,Purchase,Transport,1616454.13,COP,404.11,App,,Gasolinera Express,Transport,Colombia,Medellín,Approved,00,False,,,
TRX-B5E5O0UHNM68QS1C094G,2026-06-01 13:13:24,2026-06-01,PRD-S3F6SYKOVXNN,CLI-G4GYZDG1U4WH,Payment,Transport,241.13,USD,,Web,,,,México,Guadalajara,Approved,00,False,11.33,,
TRX-6XIMT1MMOS7D4IRE353U,2026-06-01 18:47:45,2026-06-01,PRD-4PY2IJK81KJD,CLI-T7D6BYOFFLX2,Transfer,,9346.7,USD,,Transfer,,,,México,Tijuana,Approved,00,False,10.64,,
TRX-D3XQ0FCU3TTG4FK3OPM5,2026-06-01 19:55:52,2026-06-01,PRD-90XLU2CS2R2W,CLI-1R77VQASI20R,Purchase,Other,268336.48,COP,,App,,Centro Comercial,Other,Colombia,Cali,Approved,00,False,,,
TRX-1RKS618Z1AJ5KGY6P2R2,2026-06-01 19:52:14,2026-06-01,PRD-8LVT8WLY6HMD,CLI-PTN75OYGYLL5,Transfer,,4218.92,USD,,POS,,,,Colombia,Cartagena,Approved,00,False,20.69,5.1763673,-73.3261565
TRX-5FW6E6MTUZH5NE6K941J,2026-06-01 15:50:08,2026-06-01,PRD-FAEODT1RBXRP,CLI-POBYHAI5LG3F,Withdrawal,,1194658.68,COP,298.66,ATM,SUC-OGCB7RT2,,,Colombia,Cartagena,Pending,,False,0.29,,
TRX-H3FZI36XU766WYXD3OVU,2026-06-01 22:16:40,2026-06-01,PRD-JL9TFG0UNU87,CLI-OO1JE911SPGC,Withdrawal,,424.03,USD,,POS,,,,México,Querétaro,Pending,54,False,17.88,,
TRX-G1PAHWW9MB63BMNNULXL,2026-06-02 00:18:00,2026-06-01,PRD-IC3SB3IKR9SL,CLI-PD76IW26HQ6K,Purchase,Entertainment,124383.7,ARS,355.38,POS,,Cine Premium,Entertainment,Argentina,La Plata,Approved,,False,16.84,,
TRX-C28D4NB68FTJ997V0S1P,2026-06-01 20:59:58,2026-06-01,PRD-WCYAP3LCJDMW,CLI-GIUXE354PKSZ,Withdrawal,,81784.26,COP,20.45,App,,,,Colombia,Cartagena,Approved,00,False,19.57,,
TRX-BI11694D7BHCVO7D6WZI,2026-06-01 09:44:45,2026-06-01,PRD-W9AQ4K1XGQUO,CLI-G48FRI47L17Y,Transfer,,38252512.16,COP,9563.13,ATM,SUC-RFQLK7RX,,,Colombia,Medellín,Approved,00,False,13.76,,
TRX-R5FTXRHIUSNBWLK755PI,2026-06-01 16:46:05,2026-06-01,PRD-SU4ON34VYKEV,CLI-PMI0RBWV4EJU,Transfer,,2724.23,USD,,ATM,SUC-8HPG0AE8,,,México,Monterrey,Approved,00,False,0.77,0.4653691,0.4378392
TRX-9WCUL6288D679EFB9S7V,2026-06-01 10:38:02,2026-06-01,PRD-0OEU3RYQIVCR,CLI-DHCQZ3PMS17Q,Withdrawal,,398.21,USD,,Web,,,,México,Tijuana,Declined,14,False,20.72,,
TRX-ITHII956276CETNTW15Y,2026-06-01 08:15:14,2026-06-01,PRD-CLN8BMUTCM8U,CLI-GTUFGO6CEIHE,Withdrawal,,471.1,USD,,ATM,SUC-12NKB9OB,,,Argentina,Mendoza,Approved,00,False,4.26,,
TRX-VMUZJW81EXST2TV150W5,2026-06-01 23:11:34,2026-06-01,PRD-308WEM9Z8W8T,CLI-DACSOE2DOO4S,Purchase,Food,51546.1,ARS,147.27,POS,,Mercado Central,,Argentina,Buenos Aires,Approved,00,False,,-33.9891346,-58.9657882
TRX-03KVVBMUMN84V0MMPVCV,2026-06-01 08:38:10,2026-06-01,PRD-2NI1D9EGG2B4,CLI-T3H8F8JEME4U,Purchase,Food,169.81,USD,,POS,,Tienda Don José,Food,México,,Approved,00,False,14.71,,
TRX-BVEVLXQ4GR0U6IAN6IVZ,2026-06-02 00:01:59,2026-06-01,PRD-PC7WC3GV3FP5,CLI-8ORLR2MYN6R1,Purchase,Entertainment,101472.86,ARS,289.92,Web,,Conciertos Live,Entertainment,Argentina,Mendoza,Approved,00,False,13.65,,
TRX-6607NOH8MYWFT98FN9IY,2026-06-02 03:49:21,2026-06-01,PRD-35AU61N1OJXS,CLI-83QMVF694T9E,Payment,Entertainment,394.06,USD,,ATM,SUC-ZAMLQY77,,,México,Ciudad de México,Approved,00,False,,,
TRX-S5JXU62M9KZYV6HBVM0H,2026-06-01 17:40:20,2026-06-01,PRD-JMWD1C0KK5FW,CLI-LOGQ6FRL9I0G,Deposit,,19433510.44,COP,4858.38,ATM,SUC-EXKJNP13,,,Colombia,,Approved,00,False,,5.078358,-73.7553419
TRX-ZD4G41RUL9X97CCSZJ3M,2026-06-02 01:59:19,2026-06-01,PRD-7U6M23S6IKEC,CLI-VQ9M6702JU0B,Purchase,Services,27.22,USD,,POS,,Cable TV,Services,México,Puebla,Approved,00,False,,,0.2477744
TRX-YNDS7ZSE9SFW3MPSY1DF,2026-06-02 02:56:49,2026-06-01,PRD-1XQPHQ8OPLL3,CLI-2VL0JL6CHRD0,Transfer,,34868347.28,COP,8717.09,ATM,SUC-KJBGVLU5,,,Colombia,,Approved,00,False,19.57,5.5928552,-74.8987155
TRX-W1TFCQ6SGHCS03IDINV9,2026-06-01 09:22:14,2026-06-01,PRD-L02LUDJHTA4R,CLI-N7I4G6KQ37A6,Purchase,Entertainment,262.62,USD,,POS,,Cine Premium,Entertainment,México,,Approved,00,False,8.71,,
TRX-UBZ3KCNIAPUK5W0A3ND4,2026-06-01 15:11:19,2026-06-01,PRD-9T8OIZZGB2G4,CLI-Q06DFU67JZAO,Transfer,,6393.96,USD,,ATM,SUC-DL6TAAQL,,,México,,Approved,00,False,22.46,-0.4098199,0.813276
TRX-ZCYWKULP2J21KIXZDD0I,2026-06-01 12:56:16,2026-06-01,PRD-UWS99YA05N4C,CLI-5EYWSHS43LE9,Payment,Services,572.99,USD,,POS,,,,México,Tijuana,Approved,00,False,,,
TRX-MGU5501IZ7TCP3PGWBB4,2026-06-01 22:15:17,2026-06-01,PRD-BPSU6AXZ93N3,CLI-AEH4WEFATIHE,Transfer,,7803.68,USD,,POS,,,,México,Puebla,Approved,00,False,17.74,-0.3434897,0.275164
TRX-UGZHHF9T3JHB05TV1A9K,2026-06-01 12:13:04,2026-06-01,PRD-WMY51Z5N6XQ0,CLI-V3IX6IH5OB3S,Payment,Services,532.37,USD,,POS,,,,México,Querétaro,Approved,00,False,10.98,,
TRX-Y4ZPI6DUVUH5CAY6FZ83,2026-06-01 16:53:24,2026-06-01,PRD-M5UHJPKUWCVB,CLI-FCWZAZ027ADZ,Payment,Other,946.79,USD,,ATM,SUC-9L4T3P44,,,México,Ciudad de México,Approved,00,False,5.8,,
TRX-OKLJYBIQ51276V3FJJV6,2026-06-01 15:11:15,2026-06-01,PRD-850HOMX4V0PA,CLI-31EY7V61CZHW,Withdrawal,,330.65,USD,,ATM,SUC-ZXOSBE5D,,,México,Ciudad de México,Approved,00,False,,,
TRX-G7RQYF0OUI9MCMT2ZTY3,2026-06-01 14:00:33,2026-06-01,PRD-BFRFLQ0ON5UG,CLI-QA7KKR8PQ6ZP,Withdrawal,,78.26,USD,,POS,,,,México,Puebla,Approved,00,False,15.49,,
TRX-U2UZPXV4H7UGKF74HIYZ,2026-06-02 01:55:02,2026-06-01,PRD-J6OBKFP64TVY,CLI-2JEAKLK444VE,Purchase,Services,443.91,USD,,App,,Cable TV,Services,México,Puebla,Declined,05,False,,,
TRX-N2WHORB9GZ1DL7NFKAPO,2026-06-02 02:38:38,2026-06-01,PRD-3M4FBC1B4C2P,CLI-7UZXY7KXWTM6,Transfer,,33468930.45,COP,8367.23,Web,,,,Colombia,Cartagena,Approved,00,False,24.23,,
TRX-POP0FBH6WTQUS63B74QW,2026-06-01 09:18:34,2026-06-01,PRD-QAZ3E5IGLL37,CLI-UJQMO2LENVAY,Deposit,,714.9,USD,,Web,,,,México,Guadalajara,Approved,00,False,19.78,,
TRX-3V3K8XUCN1GERFNSICRF,2026-06-01 23:26:04,2026-06-01,PRD-B8A928JZ9E1T,CLI-DQL8PBUMFAXO,Payment,,1047.47,USD,,Web,,,,México,Guadalajara,Approved,00,False,4.19,,
TRX-9011GQ9HX6J0OWVL8S76,2026-06-01 17:17:09,2026-06-01,PRD-NUIXQ4NU3WXI,CLI-687CO7WX36Q6,Transfer,,2769.22,USD,,ATM,SUC-KUOJDQSO,,,México,Puebla,Approved,00,False,12.86,-0.5636517,0.6459029
TRX-PDH819K56VDQ502FNEXV,2026-06-01 22:38:50,2026-06-01,PRD-FZXFUHQ6G59F,CLI-ZFEM1FRP8JC7,Payment,Other,5060841.59,COP,1265.21,POS,,,,Colombia,Cali,Approved,00,False,,,
TRX-4Q1P987FNO4PN2EJ6SOC,2026-06-01 07:29:17,2026-06-01,PRD-OHB2M2O16G4A,CLI-YTPJ5T26JNX6,Withdrawal,,206.66,USD,,POS,,,,México,Ciudad de México,Approved,00,False,23.27,,
TRX-ME4N5GSI509F0YVMGVNX,2026-06-02 04:34:48,2026-06-01,PRD-4EBLCKP29H1J,CLI-062A9I05ZKV2,Transfer,,8866.98,USD,,POS,,,,México,Puebla,Approved,00,False,29.7,,
TRX-TP9FCJ1ZW8YMNMO2JC7B,2026-06-01 10:35:22,2026-06-01,PRD-CD11OQ3LEOOU,CLI-4BZWODWNFIY8,Payment,Services,435.11,USD,,POS,,,,México,Guadalajara,Approved,00,False,28.51,0.0464625,-0.3487102
TRX-6M55N3RF9GDSO7MC41OY,2026-06-02 00:42:04,2026-06-01,PRD-N8TQFZYDUNCS,CLI-PYMW6PVU8ADQ,Payment,Other,88.59,USD,,ATM,SUC-QL08OUL0,,,México,Querétaro,Approved,00,False,12.2,-0.3800298,
TRX-QD5RLBWWPUW1ICI63LJ2,2026-06-01 09:07:36,2026-06-01,PRD-UAOQ2J9E36CK,CLI-5LYMTFVITXFK,Withdrawal,,448286.01,COP,112.07,ATM,SUC-HAC1OZ8F,,,Colombia,Cali,Approved,00,False,7.91,,
TRX-Q58132U9EAVG2SXQPILJ,2026-06-02 02:47:15,2026-06-01,PRD-1XKEBM7527U2,CLI-2WQ6ZAS6AM61,Purchase,Entertainment,80.15,USD,,ATM,SUC-YZRQJS5X,Streaming Music,Entertainment,México,Tijuana,Approved,,False,12.15,0.0476279,0.6224661
TRX-3FZQ3DKIE54FGZ8EK3IA,2026-06-01 07:13:11,2026-06-01,PRD-8Q513PR4LRRC,CLI-XFQ8JLVC97OU,Adjustment,,190.44,USD,,ATM,SUC-SKR8GS10,,,México,,Approved,00,False,3.68,,
TRX-LXJCRP9LC4UX06ICUL8F,2026-06-01 16:04:05,2026-06-01,PRD-MIW86L4W5VSD,CLI-E6ZTPDSR7N4D,Transfer,,3107.79,USD,,ATM,SUC-SFEFYC6O,,,México,Querétaro,Approved,00,False,9.22,,
TRX-AGK0F1MIY1AEYEU12FRI,2026-06-01 22:02:55,2026-06-01,PRD-S75TRUB11EHT,CLI-U181ESERZKO5,Payment,Entertainment,1645.28,USD,,ATM,SUC-SKR8GS10,,,México,Puebla,Approved,00,False,19.54,,
TRX-MWIF09JJ9ES8SOQC9YXP,2026-06-01 06:25:24,2026-06-01,PRD-CYNTOB1ALTGJ,CLI-BSIVOCYGMPOW,Transfer,,3369.35,USD,,ATM,SUC-N8LPAX0U,,,México,Guadalajara,Approved,00,False,25.55,,
TRX-YAF7B4OOQPCIBEJQ4N1R,2026-06-01 23:59:31,2026-06-01,PRD-3GHYFT64SGA0,CLI-89Z7HD38JYNZ,Purchase,Food,414.72,USD,,Web,,Tienda Don José,Food,Colombia,Bogotá,Approved,00,False,21.3,,
TRX-60V74AVK72L0XDYD4A7Q,2026-06-02 00:33:31,2026-06-01,PRD-O53QVVD5HINS,CLI-2ZP6V62BTCUA,Withdrawal,,429.37,USD,,POS,,,,México,Tijuana,Approved,00,False,7.79,,
TRX-RCS1EPYUDOFUPJYO7FEP,2026-06-01 21:35:51,2026-06-01,PRD-05V1YJWMQY3H,CLI-79GE5HZH64M1,Payment,Food,794.95,USD,,App,,,,Argentina,Rosario,Declined,05,False,15.9,,
TRX-6W3EGPMC5ZAQ67V11NLM,2026-06-01 08:05:24,2026-06-01,PRD-78BUYJOVDMB6,CLI-V3YB114DRUKS,Transfer,,2348.1,USD,,App,,,,México,,Approved,00,False,12.08,,
TRX-47TCBVB9DAT4BLISXWWH,2026-06-01 13:43:40,2026-06-01,PRD-NR2LY0SJU5QS,CLI-AUD3GINEHJU0,Payment,Services,7074882.75,COP,1768.72,Branch,SUC-4OOB7ZFR,,,Colombia,Cartagena,Approved,00,False,15.04,,
TRX-OW6N6NWNM32QC44EGDSC,2026-06-01 20:13:47,2026-06-01,PRD-FQII8D02D7MW,CLI-PWAHP2JPMUW9,Transfer,,2134.07,USD,,App,,,,México,Tijuana,Approved,00,False,20.04,,
TRX-CPLHJK4YQNSVLARE0AJK,2026-06-01 16:13:13,2026-06-01,PRD-MAII7EAAIXFC,CLI-PG5KHO2GOK6E,Adjustment,,936.28,USD,,POS,,,,México,Tijuana,Approved,00,False,1.02,0.76167,0.5376452
TRX-JV6LO2KJC227VI89CFCG,2026-06-01 10:02:27,2026-06-01,PRD-I1FPNAHVZPC3,CLI-H7MDYHKFBD29,Withdrawal,,1694765.97,COP,423.69,ATM,SUC-RNGAMG7V,,,Colombia,Medellín,Approved,00,False,0.69,,
TRX-XBGEJTJY6MZ2WFPNLFYU,2026-06-02 01:56:24,2026-06-01,PRD-TNMQ3UJO19RY,CLI-6HYR056KVMWH,Transfer,,5741.25,USD,,POS,,,,México,Querétaro,Approved,00,False,16.13,,
TRX-6OV0472RNHZ10J14TK52,2026-06-01 20:53:13,2026-06-01,PRD-6678L23A60CZ,CLI-B05FN0VYZF11,Withdrawal,,382.01,USD,,Web,,,,Spain,Barcelona,Approved,00,False,1.54,,
TRX-LIHA33I09IK0G49QAEPH,2026-06-01 08:27:14,2026-06-01,PRD-UPPUQVMTCFL4,CLI-OMJ4WPMYT7UC,Withdrawal,,433.11,USD,,ATM,SUC-QL08OUL0,,,México,Guadalajara,Approved,00,False,29.26,,
TRX-AGRH690P9QVTL6MWB1Q7,2026-06-01 15:31:28,2026-06-01,PRD-23BGG7R37RP7,CLI-NMX8ML8BN3AN,Deposit,,2905.37,USD,,ATM,SUC-1NFIF0G0,,,Colombia,Bogotá,Approved,00,False,20.55,,
TRX-YAQG47A0VHN1AJLNAV9S,2026-06-01 18:03:38,2026-06-01,PRD-3YHLX4X2DJUF,CLI-QAT661HOCJQR,Deposit,,4850.58,USD,,POS,,,,México,Puebla,Approved,00,False,,,
TRX-LIEO65JP3LN0Y40HZNPD,2026-06-01 11:12:42,2026-06-01,PRD-GD0R7I2AIAWH,CLI-QDEQSR89XZQO,Purchase,Entertainment,280.99,USD,,POS,,Conciertos Live,Entertainment,México,Querétaro,Approved,00,False,4.74,-0.2905329,-0.4927751
TRX-B9P3JTGQIDC1NG8Q7YIQ,2026-06-01 12:14:23,2026-06-01,PRD-H6W863RN0APE,CLI-EKH8R0K3GG3G,Transfer,,8627.95,USD,,POS,,,,México,Puebla,Approved,00,False,4.39,,
TRX-FAY2XBHOW2VBPYY845V5,2026-06-01 20:37:31,2026-06-01,PRD-EWBDBHM32M9S,CLI-4M2VCYQT64Q2,Purchase,Services,315.47,USD,,ATM,SUC-7T5LBQT3,Servicios Públicos,Services,México,Guadalajara,Approved,00,False,27.78,0.8224811,0.4351232
TRX-63VW0RBQ80WXXXOZC3K6,2026-06-01 23:04:10,2026-06-01,PRD-DPEUZWSH74BB,CLI-KIYPC9G2ZE1D,Purchase,Services,174954.37,COP,43.74,ATM,SUC-C93NERQQ,Empresa Telefónica,Services,Colombia,Cartagena,Approved,00,False,1.64,,-73.7576232
TRX-KTLN5VBGPQP5DCTPU57Q,2026-06-01 06:11:08,2026-06-01,PRD-P090KYK6AUUO,CLI-HNVTZXEHFYG0,Transfer,,213.26,USD,,POS,,,,Colombia,Cali,Approved,00,False,19.14,,
TRX-QQ7B5CWD9A8XYUR9VG3F,2026-06-02 02:38:15,2026-06-01,PRD-QK4QBIT4DZFM,CLI-IFLXSOMZACMG,Transfer,,3954.14,USD,,ATM,SUC-4HF4J8KO,,,México,,Approved,00,False,6.48,,
TRX-ODVPKR30O78CFN9FKHE1,2026-06-01 23:19:09,2026-06-01,PRD-LMFZCRH6RXVI,CLI-PQE59O7L6UYR,Payment,Health,2090609.21,COP,522.65,POS,,,,Colombia,Cali,Approved,00,False,23.79,5.2278818,-73.8969372
TRX-ANMGFL1L04Z8A4LQUXSM,2026-06-02 04:10:02,2026-06-01,PRD-GFP94NH7H283,CLI-RUUHV80VKO2F,Transfer,,8382.31,USD,,Web,,,,México,Tijuana,Approved,00,False,,,
TRX-RO8DV56T8W24DOI3YPGL,2026-06-01 17:20:17,2026-06-01,PRD-UX5FMJWY0M40,CLI-1J5F2DNYFNW0,Payment,Services,565.17,USD,,Web,,,,México,Monterrey,Approved,00,False,,,
TRX-QI5NCAIYICLALX4IYBHD,2026-06-01 10:18:59,2026-06-01,PRD-6RC08STU6FKH,CLI-8LXOKEGOE9BE,Withdrawal,,105.68,USD,,POS,,,,México,Querétaro,Approved,00,False,4.22,-0.6995074,-0.1811966
TRX-QCAM9J2AIDG2F6USH2RP,2026-06-01 18:04:28,2026-06-01,PRD-2P6I1HUBW2U9,CLI-FB8DMQNI61KN,Transfer,,27335676.88,COP,6833.92,Web,,,,Colombia,Cartagena,Approved,00,False,0.85,,
TRX-VSE62DFQTVCYWQD8UA1R,2026-06-01 20:53:47,2026-06-01,PRD-UP00PASLGBVQ,CLI-QJOUQ1FHSCXQ,Payment,Food,359032.62,ARS,1025.81,App,,,,Argentina,Buenos Aires,Approved,00,False,29.79,,
TRX-06QGXTKGD9KQ5NPJ7RO4,2026-06-01 19:06:12,2026-06-01,PRD-D9VK8Y04TA9S,CLI-TUSQLI7OIQI0,Payment,Entertainment,5776936.36,COP,1444.23,POS,,,,Colombia,Cali,Approved,00,False,11.52,5.6049248,-73.8750942
TRX-OXY7BMMP7WP2XFP5XCEH,2026-06-01 20:49:42,2026-06-01,PRD-3LFHA8PHCKN2,CLI-WD7CQ17LU33N,Payment,Other,2246798.35,COP,561.7,POS,,,,Colombia,Cartagena,Approved,00,False,17.17,,
TRX-8YAAC8E0VD03XHFV6Y4F,2026-06-02 01:01:16,2026-06-01,PRD-8L2W3Q9YE38K,CLI-HUK953IFATV0,Deposit,,2052358.03,COP,,App,,,,Colombia,Cartagena,Approved,00,False,27.61,,
TRX-R2244VUR615MG9GD7F9H,2026-06-01 20:51:38,2026-06-01,PRD-QL7V13GACXO8,CLI-TA36EF8EZSA0,Withdrawal,,86.38,USD,,Web,,,,México,Guadalajara,Approved,,False,,,
TRX-EHGKJ5XCZG0849CI7BLX,2026-06-01 10:48:20,2026-06-01,PRD-03MM51F0VJSW,CLI-FH3EQ1YICHID,Payment,Food,89.2,USD,,POS,,,,México,Tijuana,Approved,,False,29.49,,
TRX-YQSN8GXSW391GCDY93BF,2026-06-01 18:42:32,2026-06-01,PRD-HBR5GJKXMJ4X,CLI-YNYT9WPTCG99,Transfer,,6249819.99,COP,1562.45,Web,,,,Colombia,Bogotá,Approved,00,False,11.16,,
TRX-0M6ZZJA95S68H9MRDRM0,2026-06-02 04:29:17,2026-06-01,PRD-GRPEBPKNP2K9,CLI-2BJYUF710BOF,Withdrawal,,260.89,USD,,App,,,,México,Tijuana,Approved,00,False,14.23,,
TRX-QH911M9EDO2V46E3LT8E,2026-06-01 07:57:27,2026-06-01,PRD-ARDKH56YA4JK,CLI-F8VV5X4CHKI8,Purchase,Food,1964015.43,COP,491.0,Web,,Super Ahorro,Food,Colombia,,Approved,00,False,23.12,,
TRX-ZY6NWLPJFNWF2PKFV01Y,2026-06-01 08:06:45,2026-06-01,PRD-67MTQQUIRCUX,CLI-N8UZC09TIDKM,Payment,Health,859724.71,COP,214.93,ATM,SUC-MU9A5O88,,,Colombia,Bogotá,Approved,00,False,2.09,,
TRX-94GSJ14NSZ52JM4TZXWT,2026-06-02 00:39:13,2026-06-01,PRD-OI3FUV9BIROE,CLI-I8F0RCDN0SHT,Withdrawal,,366.93,USD,,App,,,,México,,Declined,05,False,,,
TRX-6OLW7W39I52AWTRQ8UTL,2026-06-02 03:55:06,2026-06-01,PRD-FYE7A87117N1,CLI-1G6H9LT1HOUO,Payment,Food,2615041.08,COP,653.76,ATM,SUC-CFNA2V8Y,,,Colombia,Cartagena,Approved,00,False,26.42,,
TRX-BTOAUYX1JSREP92WHBR4,2026-06-01 17:37:14,2026-06-01,PRD-90HBSN7ZE09V,CLI-OPCCD9XIFCBP,Withdrawal,,255.64,USD,,ATM,SUC-ADIYTS49,,,México,Querétaro,Approved,00,False,18.22,-0.5010422,0.1525703
TRX-PM1LJVT4IIPJ50O00J9Z,2026-06-02 04:28:34,2026-06-01,PRD-UIBELIJUFML8,CLI-AI373QBWTDJC,Transfer,,423508.92,ARS,1210.03,POS,,,,Argentina,Córdoba,Approved,00,False,9.38,,
TRX-40MOUVB91UM553QBDBK3,2026-06-01 22:02:41,2026-06-01,PRD-46GHQ8BVVQPF,CLI-KYXIJRJRUJVX,Payment,Services,5663175.03,COP,1415.79,POS,,,,Colombia,Cali,Approved,00,False,19.23,,
TRX-VBY1XM29YIAU1TN7BJFN,2026-06-02 05:09:15,2026-06-01,PRD-6GXPPSR1XETB,CLI-UVSWDPPUGY8V,Payment,Services,6110935.5,COP,1527.73,ATM,SUC-XV4BJ541,,,Colombia,Bogotá,Approved,00,False,21.85,,
TRX-OPJTGLPIZABIEP2WWNWP,2026-06-02 04:55:38,2026-06-01,PRD-M20659NAO5WI,CLI-1J6MJ60W3ICF,Withdrawal,,108.31,USD,,ATM,SUC-3DCC91G4,,,México,Ciudad de México,Approved,00,False,10.01,,
TRX-VL15R2YUB41U5Y6IPOB4,2026-06-01 16:15:10,2026-06-01,PRD-74PVZXY8J6Y4,CLI-BKC3NLHSC843,Transfer,,21671546.75,COP,5417.89,App,,,,Colombia,Barranquilla,Approved,,False,27.12,,
TRX-Q679GJ3RI1TEOK8DGCBI,2026-06-01 10:25:51,2026-06-01,PRD-UYNB4298KDE4,CLI-7XDGJCKFHHO8,Withdrawal,,671205.8,COP,167.8,ATM,SUC-Q56PLH2J,,,Colombia,Medellín,Approved,00,False,11.17,4.8608787,-73.1858386
TRX-FC4L7V38DIVWFQWMW9BU,2026-06-01 14:40:53,2026-06-01,PRD-QVSFJ47OBSZW,CLI-PW6TKJABZRMR,Payment,Other,651.41,USD,,Branch,SUC-LWQND6S8,,,Colombia,,Approved,00,False,12.36,,
TRX-E4QLWFVCDZQ4PFC4WEBD,2026-06-01 17:57:14,2026-06-01,PRD-26F0491U42T9,CLI-3SJZ3XC42X7F,Deposit,,1727.68,USD,,ATM,SUC-M8AEJ2A4,,,México,Querétaro,Approved,00,False,13.69,,
TRX-832D241K0MK5J09G2A5K,2026-06-01 14:20:15,2026-06-01,PRD-UXESRL84GZKX,CLI-VXN98BQ28YES,Transfer,,10065687.21,COP,2516.42,ATM,SUC-07AK38PR,,,Colombia,Medellín,Approved,00,False,28.0,5.2376507,-73.5456968
TRX-MUSFRP9CNXL7SWHFH61I,2026-06-01 08:47:23,2026-06-01,PRD-LAC4JWXCC27M,CLI-V8A4D391E2JD,Withdrawal,,481.9,USD,,POS,,,,México,Monterrey,Declined,05,False,18.39,,
TRX-ALS8ATZ9H27DTX6MHPMO,2026-06-01 23:42:28,2026-06-01,PRD-KMUU3TSXEDAF,CLI-YTU62UZIIJH6,Withdrawal,,135474.55,ARS,387.07,POS,,,,Argentina,Rosario,Approved,00,False,13.27,-34.4447918,-58.3157525
TRX-NKM283EX3M60U4852WWH,2026-06-01 10:38:09,2026-06-01,PRD-VS2K3NDXUQE1,CLI-AYSRS6OZB1KP,Deposit,,2573.1,USD,,Web,,,,México,Monterrey,Approved,00,False,,,
TRX-R1U8J2VF65SVR77WVXGG,2026-06-02 01:39:23,2026-06-01,PRD-8LZ1LEPAV8KS,CLI-TG0B2Z9W1U2U,Purchase,Services,123.76,USD,,ATM,SUC-06LBAMRN,Internet Plus,Services,Colombia,Medellín,Approved,00,False,16.5,,
TRX-4RZEN7HLPDS9Y92F6HDO,2026-06-01 13:22:37,2026-06-01,PRD-S2RGTWD1TNHR,CLI-38FM02XFBQ83,Withdrawal,,62848.3,ARS,179.57,ATM,SUC-0LZRXHCF,,,Argentina,Rosario,Approved,00,False,26.6,-35.3901551,-59.1085111
TRX-Q85N0NU53Z5C30GKPXWW,2026-06-01 08:03:19,2026-06-01,PRD-JF62CONY8CLE,CLI-OYM3K5NZLN1E,Transfer,,7506.48,USD,,ATM,SUC-CGL8D37U,,,México,Tijuana,Approved,00,False,18.68,,
TRX-2Y5HR5X626B4P6686LXR,2026-06-01 08:10:52,2026-06-01,PRD-40CRGL5MG3WW,CLI-PCEO1BHQJ139,Transfer,,3798.89,USD,,Web,,,,México,Querétaro,Approved,00,False,24.66,,
TRX-QSK9CCD4T3ZK442U2JOZ,2026-06-02 01:26:28,2026-06-01,PRD-VEKM85973553,CLI-4B2T9MJBGBIC,Purchase,Health,119717.03,ARS,342.05,ATM,SUC-5YFUX3Z6,Laboratorio Central,Health,Argentina,Rosario,Approved,00,False,,-34.1884622,-57.9153981
TRX-RDQKVWAVDV03BRWG433Q,2026-06-01 08:26:38,2026-06-01,PRD-ZXOQUI66QB2O,CLI-ABDE3VASYLM6,Transfer,,5347.85,USD,,POS,,,,México,Guadalajara,Approved,00,False,27.99,,
TRX-8ZTN4SAD0QEXZ6DZBSU9,2026-06-02 05:00:01,2026-06-01,PRD-07N7YH15VPIE,CLI-NYMOMSYVQKKJ,Deposit,,4549.63,USD,,ATM,SUC-N1ZUF3PF,,,México,Puebla,Approved,00,False,,,
TRX-G11Y991B1S1H8YO45P6U,2026-06-01 13:30:31,2026-06-01,PRD-3EHMLW30M715,CLI-G9FONVDY8A4J,Adjustment,,2456732.99,COP,614.18,POS,,,,Colombia,Cartagena,Approved,00,False,,3.7814484,-73.6948348
TRX-2KU0XFYZK59KKLB4FO95,2026-06-01 22:26:42,2026-06-01,PRD-OP1PV776VG0R,CLI-0VTH4VY0THZ7,Purchase,Other,364.25,USD,,ATM,SUC-F1BZEJXJ,Ferretería,Other,México,Guadalajara,Approved,00,False,20.66,,
TRX-1UU561GZJ0MO5F9JY8XB,2026-06-01 13:43:32,2026-06-01,PRD-A96X1U88Z4H3,CLI-8RMVPPD3LR6E,Withdrawal,,258900.5,COP,64.73,ATM,SUC-1NFIF0G0,,,Mexico,Monterrey,Approved,00,False,9.74,,
TRX-1L9KPORC1O97WL1B3047,2026-06-01 15:19:18,2026-06-01,PRD-NRIB6YZ0D7CB,CLI-BIESQ5QKZL1G,Purchase,Other,924465.57,COP,231.12,ATM,SUC-XZM2NPS4,Ferretería,Other,Argentina,Córdoba,Approved,00,False,24.92,,
TRX-WPHIVKN72N7Q97JT9IE7,2026-06-01 08:58:20,2026-06-01,PRD-O4NCSVV57VQP,CLI-VD6D3R4VE8XT,Purchase,Health,1713134.97,COP,428.28,ATM,SUC-I7CB5PA8,,Health,Colombia,Cali,Approved,00,False,12.23,,
TRX-OGFDC0OG4Q2WQRQRRCYJ,2026-06-01 22:25:25,2026-06-01,PRD-EG5FAV4XSRP4,CLI-67N68A47KKAB,Payment,Food,927.81,USD,,POS,,,,México,Tijuana,Approved,00,False,,,
TRX-4664N0F97LTL6IH78EVB,2026-06-01 17:13:31,2026-06-01,PRD-CCH1LEAPSE2U,CLI-6QUBS1GZ2RXH,Transfer,,7681.36,USD,,Transfer,,,,México,Tijuana,Approved,00,False,,,
TRX-I7LA1SBM9NPXVL5LT9MJ,2026-06-01 23:42:07,2026-06-01,PRD-14BKQ5W62E26,CLI-33YNW6E9NPQV,Transfer,,16585000.39,COP,4146.25,App,,,,Colombia,Barranquilla,Approved,00,False,,,
TRX-BQ4XL0M258QH3O8QVXR0,2026-06-01 07:04:17,2026-06-01,PRD-PH5RMMB8HC1F,CLI-SXY90QATQK3E,Deposit,,215.43,USD,,POS,,,,México,Tijuana,Approved,00,False,20.17,0.5664043,-0.6701911
TRX-7MYB97JI31HL4BR5RFC9,2026-06-02 05:27:41,2026-06-01,PRD-6TIUCP4YFK6E,CLI-YHTQFVZYS767,Purchase,Food,431.45,USD,,ATM,SUC-JJT8C9XQ,Restaurante El Buen Sabor,Food,México,Querétaro,Approved,00,False,23.3,,
TRX-AFR4T7BAFPI4MG39QX14,2026-06-01 06:16:18,2026-06-01,PRD-XR2MUN2DYON1,CLI-HPNB69NUDI6R,Withdrawal,,427813.28,COP,106.95,ATM,SUC-E5CCM8ZI,,,Colombia,Medellín,Approved,00,False,,,
TRX-EJ6EGZBG1LNGTVWKQMH1,2026-06-01 08:15:45,2026-06-01,PRD-OYOXAZHO8OA3,CLI-FKYTRWFS2A3C,Deposit,,1756.14,USD,,Web,,,,México,Monterrey,Approved,00,False,8.17,,
TRX-KQ6YISPHLSGE002P025X,2026-06-01 21:07:27,2026-06-01,PRD-27LWV1422IIU,CLI-Z3AP7C5WIFM0,Payment,Other,128.89,USD,,POS,,,,México,Ciudad de México,Approved,00,False,24.9,,
TRX-PEEM10TK5X142XSNR4Q3,2026-06-01 15:38:34,2026-06-01,PRD-R4NM95D69EVD,CLI-3FZUP5V3BL6B,Purchase,Services,382.73,USD,,POS,,Empresa Telefónica,Services,México,Monterrey,Approved,00,False,,,
TRX-EIOSNEJB17O15TLFGWB9,2026-06-02 00:47:30,2026-06-01,PRD-5ZYFEMP14YOE,CLI-4YW8577NIN27,Payment,Entertainment,243.95,USD,,ATM,SUC-5FDGLKJX,,,México,Tijuana,Approved,00,False,24.9,0.0327742,0.604185
TRX-AZ9LDJOZYUP3W94UT6AL,2026-06-01 08:39:48,2026-06-01,PRD-Q5IKY8HVA2TS,CLI-QL0RGVZA1S9M,Purchase,Food,343.36,USD,,Web,,Mercado Central,Food,México,Guadalajara,Approved,00,False,20.16,,
TRX-3TWMQXPROE0NVX072P3L,2026-06-02 00:08:44,2026-06-01,PRD-J0JDQZ0C0M20,CLI-TDKN7X2FCGC0,Withdrawal,,630017.78,COP,157.5,Transfer,,,,Colombia,Bogotá,Approved,00,False,,,
TRX-1AXL07JV26SZBRZ9FFVI,2026-06-01 10:24:05,2026-06-01,PRD-L32TBIJOOPL4,CLI-AMBJ0JKK99XM,Purchase,Transport,495.94,USD,,App,,Gasolinera Express,Transport,México,Querétaro,Approved,,False,7.02,,
TRX-VMPJMZKPDYXEBSBH3D4I,2026-06-02 03:05:23,2026-06-01,PRD-LRK4TL7IODLT,CLI-ZZGCYXN55IUC,Payment,Food,156120.71,ARS,446.06,POS,,,,Argentina,,Approved,00,False,4.2,,
TRX-EBMQS611CP817O8EVKLG,2026-06-01 11:26:10,2026-06-01,PRD-9HR148S43A1U,CLI-9JI9RILRW2VC,Withdrawal,,118103.83,ARS,337.44,POS,,,,Colombia,Bogotá,Approved,00,False,13.31,,
TRX-V9YMQ0YX1PUG6SWFNU6F,2026-06-01 16:27:02,2026-06-01,PRD-NFSIYWQJNSIH,CLI-HV5O7YRKCRPA,Withdrawal,,153.53,USD,,ATM,SUC-LBPQUZ4D,,,México,Tijuana,Approved,00,False,,-0.8645574,-0.5309037
TRX-77NRR19Q5XVB1P6ENI05,2026-06-01 11:43:22,2026-06-01,PRD-DKDTMS4SG98J,CLI-ZXBEUXNGLBXV,Withdrawal,,337547.78,COP,84.39,POS,,,,Colombia,Cali,Approved,00,False,10.19,,
TRX-AOPMOE4CLMK8WQ8ZMOK6,2026-06-01 17:20:50,2026-06-01,PRD-44NDFD3A8NLZ,CLI-OAJLO0Z6G340,Purchase,Services,114382.85,ARS,326.81,Transfer,,Internet Plus,Services,USA,Houston,Approved,00,False,19.39,,
TRX-S8BPW026C1DHWD7FXBKQ,2026-06-01 11:47:01,2026-06-01,PRD-QQQ0IPGTOQRC,CLI-A52OWMG7MKLH,Purchase,Services,154.78,USD,,ATM,SUC-V3V4T7QO,Cable TV,Services,Argentina,Mendoza,Approved,00,False,9.14,,
TRX-PGG7Y3UBNN2AH2YDVZ56,2026-06-01 15:13:21,2026-06-01,PRD-HADDV0WK74L7,CLI-TL1LNRU0V2H7,Transfer,,38922977.17,COP,9730.74,Transfer,,,,Colombia,Cali,Approved,00,False,,,
TRX-BHQKDLTCU6V5Q2WMQMIE,2026-06-01 14:04:58,2026-06-01,PRD-3I5OAGW7XEJS,CLI-JRKG4VAMQCAT,Transfer,,711729.0,ARS,2033.51,ATM,SUC-7HQXDYLE,,,Argentina,Buenos Aires,Approved,00,False,7.43,-34.9032423,-59.3114155
TRX-KY0OZVWRMGA65X22S4T0,2026-06-01 09:10:18,2026-06-01,PRD-XAUS7OJQ3U72,CLI-WQLN9W0I0UGB,Withdrawal,,357.12,USD,,ATM,SUC-4ZFT9FN6,,,México,Puebla,Approved,00,False,13.05,0.0471125,0.2192472
TRX-VA3EJ9XW5KQXOFWS3TVL,2026-06-01 08:16:12,2026-06-01,PRD-QBXF9YSX1EOG,CLI-TWAHVE3ECT2T,Payment,Services,289943.66,ARS,828.41,ATM,SUC-7EJG5XUH,,,Argentina,La Plata,Approved,00,False,,,
TRX-X04GW3AF72N4Q0RN1BPV,2026-06-02 05:50:45,2026-06-01,PRD-PSKQ2H6XSZKH,CLI-WSDVQCACS5ET,Purchase,Other,1388210.02,COP,,ATM,SUC-X3OFCBL0,Boutique Moda,Other,Colombia,Barranquilla,Approved,00,False,24.83,,
TRX-966GFI2EEVF8L5WVUA0N,2026-06-01 22:37:05,2026-06-01,PRD-XKICR8FWAN93,CLI-QCG0XQRJX0J3,Withdrawal,,34580.81,ARS,98.8,App,,,,Argentina,Buenos Aires,Approved,00,False,2.99,,
TRX-QXDK4R4V9BVAAPRGSCJ3,2026-06-01 08:44:04,2026-06-01,PRD-IZFL16KPU3BP,CLI-2BXXA2158PVK,Purchase,Other,322.52,USD,,Branch,SUC-1PYKK6ZV,Tienda General,Other,México,,Approved,00,False,,,
TRX-3GZOG82GI1KQI4KQ2JTE,2026-06-02 03:37:22,2026-06-01,PRD-9G04WU2P62CD,CLI-1Q3DBSZ40PCJ,Purchase,Food,108.26,USD,,App,,Restaurante El Buen Sabor,Food,México,Tijuana,Approved,00,False,1.11,,
TRX-NDVLSTIF80JJ132TH6OL,2026-06-02 04:23:11,2026-06-01,PRD-JGAOYH9GBLN8,CLI-4VHMI5VF04ZP,Transfer,,7588.13,USD,,POS,,,,México,Ciudad de México,Approved,00,False,,0.4988333,-0.8679946
TRX-2FA15Y69GK1NACPNBORL,2026-06-01 16:04:48,2026-06-01,PRD-1HYUSVICD4CG,CLI-RD9909RFA9SF,Adjustment,,160068.81,ARS,457.34,ATM,SUC-XCP0A6C8,,,Argentina,Buenos Aires,Approved,00,False,11.92,-33.6912488,-58.9679474
TRX-MMT2YCOUF6RIGYZFA1KJ,2026-06-02 05:24:21,2026-06-01,PRD-35AG055TUXPY,CLI-ITV76L1DLS5X,Payment,Health,402.34,USD,,App,,,,México,Ciudad de México,Approved,00,False,26.67,,
TRX-A5YSCDLKK85GC027QRZN,2026-06-02 02:51:05,2026-06-01,PRD-UNBSMSO02CG9,CLI-VKWTYXR2I7KV,Payment,Services,254.83,USD,,POS,,,,México,Tijuana,Approved,00,False,2.25,,
TRX-DR0C2N5J4OKNNRSXFHSH,2026-06-02 01:45:00,2026-06-01,PRD-1Q7SLRAY1OW3,CLI-0SFTVUGY9ZBG,Deposit,,1535.74,USD,,POS,,,,México,Guadalajara,Approved,00,False,18.4,0.1938304,-0.595378
TRX-E85X9IHDP5E8AIVYIL0X,2026-06-01 17:29:19,2026-06-01,PRD-E4TYED7QGFCF,CLI-CB497H4HUG6Z,Deposit,,3831.27,USD,,POS,,,,Colombia,Medellín,Approved,00,False,21.79,,
TRX-8L4QLU0QXM46S2WRRY3J,2026-06-02 02:30:32,2026-06-01,PRD-JM0B6RZ8B1D1,CLI-GKNFGYCEZKL6,Deposit,,4067.48,USD,,POS,,,,Colombia,Medellín,Approved,00,False,14.07,,
TRX-07LC0HB6A0FA63CE92U4,2026-06-01 07:37:35,2026-06-01,PRD-FOQIEC2VELOW,CLI-8RX9MJEWHJRQ,Withdrawal,,55462.53,ARS,158.46,POS,,,,Spain,,Approved,00,False,0.22,,
TRX-5R8VF33RW1WGKZL0F35I,2026-06-02 03:29:26,2026-06-01,PRD-JCXUZA9RW4NO,CLI-638C0R48NS9E,Withdrawal,,229.29,USD,,Web,,,,México,Puebla,Approved,00,False,,,
TRX-EQB88CEIN0ZX7N93HB46,2026-06-01 18:58:36,2026-06-01,PRD-WAYVCFG0H303,CLI-N3OV5SVFFC1G,Purchase,Health,321.33,USD,,POS,,Farmacia Salud,Health,México,Querétaro,Approved,00,False,,-0.5114569,0.5057225
TRX-XXI420SCJGR6TKLQHIDA,2026-06-02 01:32:49,2026-06-01,PRD-4NMKNABO8GK6,CLI-AH44NOG99CDF,Purchase,Services,73.83,USD,,ATM,SUC-EN5GYCON,Cable TV,Services,México,Guadalajara,Approved,00,False,3.43,,
TRX-1Z818XGVTL8A80EU4X0W,2026-06-01 14:22:51,2026-06-01,PRD-2TE437YDZ04D,CLI-ELJ22Q5T575H,Payment,Services,677907.14,ARS,1936.88,App,,,,Argentina,Mendoza,Approved,00,False,2.29,,
TRX-6AO40RPNVZ3Z6NSQRB0W,2026-06-01 10:55:15,2026-06-01,PRD-0RZNY42FBSHA,CLI-XIPOW8K09LES,Withdrawal,,11202.93,ARS,32.01,Web,,,,Argentina,Córdoba,Approved,00,False,,,
TRX-LB4TBPUMMELBEVPJZ4W2,2026-06-01 18:32:49,2026-06-01,PRD-73GB4QP1JSGD,CLI-QH25XUIFBLXB,Payment,Other,1883.23,USD,,POS,,,,México,Puebla,Approved,00,False,4.43,,
TRX-3GRZ2WOY3ZOODA8FSW8L,2026-06-01 22:35:35,2026-06-01,PRD-9X2L7EYHMJTT,CLI-GWCX03RR8X6F,Purchase,Food,90.63,USD,,POS,,Tienda Don José,Food,México,Puebla,Declined,54,False,24.98,,
TRX-SOOMWAUM9PBK51GU0P1J,2026-06-01 12:05:04,2026-06-01,PRD-YFR9V9RDMYGB,CLI-84HF1FA3AW5R,Deposit,,12366037.25,COP,3091.51,Web,,,,Colombia,Cali,Approved,00,False,6.68,,
TRX-CVOPFOYKIBPXAPXZ0X74,2026-06-02 02:58:55,2026-06-01,PRD-1HLT4732LCD4,CLI-RAJXBMGSOT5V,Purchase,Transport,189280.19,COP,47.32,POS,,Taxi Seguro,Transport,Argentina,Córdoba,Approved,00,False,,,
TRX-BYO200FC998Y3W6LZ9W0,2026-06-01 15:40:33,2026-06-01,PRD-4GAPLX1XZFRE,CLI-P7S6WWKW8OXP,Deposit,,3594.94,USD,,App,,,,México,Puebla,Approved,00,False,5.44,,
TRX-73NN54CA9G44419U9WBH,2026-06-01 15:32:25,2026-06-01,PRD-7PPXDKPDH5NQ,CLI-R4HHARBAWL8E,Withdrawal,,469.78,USD,,ATM,SUC-7L3EZA71,,,Argentina,Buenos Aires,Declined,51,False,0.77,,
TRX-LKBFATSACAWFTO2H4TH8,2026-06-01 22:51:38,2026-06-01,PRD-TI7GAXLO4PUH,CLI-RUGB03FXUGH9,Payment,Food,991.03,USD,,POS,,,,México,Puebla,Approved,00,False,19.35,-0.538776,-0.0257569
TRX-E5X27QHXVHXP4FQZ5XOG,2026-06-02 05:58:44,2026-06-01,PRD-A1XRTLI04WXW,CLI-19O6JEEKGBK9,Withdrawal,,275.36,USD,,POS,,,,México,Guadalajara,Approved,00,False,20.49,,
TRX-VND9O0AUAZ16C4MB4L77,2026-06-02 04:07:14,2026-06-01,PRD-TV9RV6LJCAG6,CLI-Q8YSUFRCHROE,Purchase,Transport,1944939.29,COP,486.23,ATM,SUC-CG5XPAZU,Estación de Servicio,Transport,Colombia,Bogotá,Approved,00,False,21.98,4.0620321,-74.0918683
TRX-Y8ZSHZWF0I6ID4MD9YUY,2026-06-02 01:22:28,2026-06-01,PRD-Z8KBU73CNJVW,CLI-OQV3RIYAHLB6,Withdrawal,,110.48,USD,,ATM,SUC-JGB6PK8R,,,México,Guadalajara,Approved,00,False,14.05,,
TRX-Q9CZVQHVLP52P38GQ0B9,2026-06-01 15:42:14,2026-06-01,PRD-G96D2GLB4SYG,CLI-SDPK4ZS7WMFQ,Deposit,,4150275.15,COP,1037.57,Web,,,,Colombia,Cali,Approved,00,False,,,
TRX-8H64MNFMSIEUA1MXLUIU,2026-06-01 13:40:37,2026-06-01,PRD-LUDDEFAPOWJQ,CLI-JX23L8GJYAYM,Withdrawal,,34408.26,ARS,98.31,POS,,,,Argentina,Mendoza,Approved,00,False,8.16,,
TRX-2X4T40NPOR2RBU92X8TP,2026-06-02 05:45:53,2026-06-01,PRD-08JOBW04BC2T,CLI-MSFRKORCPHTH,Payment,Entertainment,3065136.99,COP,766.28,POS,,,,Colombia,Cartagena,Approved,00,False,25.72,5.3534767,-73.8289586
TRX-K1JVVCDUF4C0LEP4R152,2026-06-01 15:05:38,2026-06-01,PRD-G48MM52IIQ5S,CLI-VIF3LVZBNF0B,Purchase,Transport,59.25,USD,,App,,Uber,Transport,México,,Approved,00,False,27.58,,
TRX-H87FM64AJ4DE842AGIYB,2026-06-01 09:31:38,2026-06-01,PRD-YRXPFVLFK9T0,CLI-4G7K606VYG6P,Transfer,,14287296.89,COP,3571.82,ATM,SUC-6NKYKKQR,,,Colombia,Bogotá,Approved,00,False,12.85,5.5813999,-74.5484124
TRX-UAPJWHWVLR8NXBR04492,2026-06-02 01:04:03,2026-06-01,PRD-78J9D5USW1MS,CLI-QA8963VRN6M5,Deposit,,1564.13,USD,,Web,,,,México,Tijuana,Approved,00,False,28.4,,
TRX-CIGVYCRGJYCH0SO7V00H,2026-06-01 16:49:58,2026-06-01,PRD-2FD4OEGNEQ4A,CLI-HXEX14UY7CLM,Withdrawal,,165593.79,ARS,473.13,POS,,,,Argentina,,Approved,00,False,20.64,-34.0659958,-57.4003734
TRX-BC5W5PQ2TG9T52VDRA8S,2026-06-02 00:49:37,2026-06-01,PRD-0HHD7OJHONV9,CLI-TG1B671L1XN4,Deposit,,384.95,USD,,ATM,SUC-4CNRVPYL,,,México,Guadalajara,Approved,00,False,18.72,,
TRX-WNFKYZT5BA7CQDTNPLC9,2026-06-01 18:16:12,2026-06-01,PRD-EA8Z13TX8O3E,CLI-JP8N5RSRVCLJ,Payment,Food,1715.79,USD,,ATM,SUC-XV1N3YM9,,,México,Ciudad de México,Approved,00,False,23.31,,
TRX-V4K83CT1RV12BVRXXRPH,2026-06-02 04:56:53,2026-06-01,PRD-JEPF3636YOM4,CLI-UNHCVZ3BXDRD,Transfer,,5498.41,USD,,App,,,,México,Ciudad de México,Approved,,False,24.76,,
TRX-YU12163Q1RZ60WBFCZYT,2026-06-01 12:25:19,2026-06-01,PRD-Y1Z6H9R02W1A,CLI-CPH7PDW2845O,Adjustment,,630.66,USD,,POS,,,,México,,Approved,00,False,,,
TRX-MUS3IESCLHVX1XQVFJ1V,2026-06-01 21:45:05,2026-06-01,PRD-KRR6OPZRYJUK,CLI-XBHTM5GJE7DV,Transfer,,37510227.16,COP,9377.56,App,,,,Colombia,Barranquilla,Approved,00,False,16.05,,
TRX-SF2Z3SH2KE86H38DNYMY,2026-06-01 13:35:48,2026-06-01,PRD-JK42PFGSFZ1J,CLI-HT7RUV3P33B9,Deposit,,4421.68,USD,,ATM,SUC-98QOW3F1,,,México,Querétaro,Approved,00,False,12.67,,
TRX-RDRTHLEWJQ35SNDAWRDO,2026-06-02 02:17:36,2026-06-01,PRD-U0OAI87HZ7QS,CLI-LX3O6QEJBNSH,Withdrawal,,41.95,USD,,POS,,,,México,Tijuana,Approved,00,False,23.8,-0.7607655,-0.8696228
TRX-SJ57YNA98ITWSHIRSHZ1,2026-06-01 15:15:14,2026-06-01,PRD-7PEX44KZ76NF,CLI-WVL92RLYT1VK,Purchase,Food,253.36,USD,,ATM,SUC-4CNRVPYL,Restaurante El Buen Sabor,Food,México,Querétaro,Approved,00,False,4.7,-0.7643502,-0.5241959
TRX-VRK2YQ7XSFCRZ7U7MIE0,2026-06-01 07:09:02,2026-06-01,PRD-Q05J524NWB7Z,CLI-50WT7IHWITC3,Payment,Food,77.47,USD,,ATM,SUC-VTIA5X8Y,,,México,Tijuana,Approved,00,False,9.88,0.4824857,0.404523
TRX-7MFJZLGZ3T33YUJJVWGX,2026-06-01 08:46:05,2026-06-01,PRD-3VRW316GWTUY,CLI-EJ2LH0CGYWJK,Payment,Food,1795.55,USD,,Branch,,,,México,Puebla,Approved,00,False,25.44,-0.3318203,-0.8872104
TRX-BXB08DLYHPQ0VX7PH4YA,2026-06-01 08:35:09,2026-06-01,PRD-CV0BDMIRO7E1,CLI-0QP7H245SR7O,Purchase,Food,39.48,USD,,POS,,Restaurante El Buen Sabor,Food,México,Ciudad de México,Approved,00,False,18.22,,
TRX-SMKEU6FRQHWOG2PZ6U32,2026-06-01 19:29:58,2026-06-01,PRD-WTFWFP247FK1,CLI-ZEYGENG3LI7N,Payment,Other,917.5,USD,,ATM,SUC-DL6TAAQL,,,México,Querétaro,Approved,00,False,1.04,-0.5952322,0.6034516
TRX-GP3H60NKYDB8HVSRBGN7,2026-06-01 08:42:38,2026-06-01,PRD-QMYKDYD7T8O1,CLI-RUASKEOGJYLM,Transfer,,7518670.88,COP,1879.67,ATM,SUC-0KBWS25U,,,Colombia,Bogotá,Approved,00,False,14.46,,
TRX-7O90LKVIRCTFUPI8VHVT,2026-06-01 19:59:33,2026-06-01,PRD-NF52M15UTSGF,CLI-89B90EN5252Y,Purchase,Transport,75830.63,ARS,,ATM,SUC-06H3RFFA,Taxi Seguro,Transport,Argentina,Córdoba,Approved,00,False,22.59,-34.7721634,-58.2878886
TRX-6BZQV6UIEU9LD2J5YBC4,2026-06-02 03:37:58,2026-06-01,PRD-8YN2RT4T9XW2,CLI-KR6TGLP24C5S,Deposit,,3587.17,USD,,Web,,,,Argentina,Buenos Aires,Approved,00,False,25.4,,
TRX-B4TY9WDPBHOC953B82DU,2026-06-01 19:50:33,2026-06-01,PRD-DZNK9MHAAXNP,CLI-XHB6TLX9X4AO,Purchase,Services,175.24,USD,,POS,,Cable TV,Services,Argentina,Rosario,Approved,00,False,25.47,-34.508315,-58.5408956
TRX-KV51MZDRS41G8G90IX6H,2026-06-01 13:06:49,2026-06-01,PRD-YQNRKQ3809SE,CLI-X9P1FWQ3D97R,Adjustment,,2753874.72,COP,688.47,ATM,SUC-H24HUACK,,,Colombia,Medellín,Approved,00,False,0.52,4.6431627,-73.3610141
TRX-VY0TYQE7US3ICHQJERYJ,2026-06-01 22:24:10,2026-06-01,PRD-MEHPEU53CU9M,CLI-NVL4GZC28G2Y,Purchase,Food,66247.66,COP,16.56,ATM,SUC-P6VSAH4U,Tienda Don José,Food,Colombia,Medellín,Approved,00,False,,4.1902974,-74.8975129
TRX-6P7SG0RSE3Z28SOYQRH2,2026-06-02 01:58:33,2026-06-01,PRD-ENM6EXW0P21J,CLI-2Y7UUTOATPRB,Withdrawal,,327498.44,COP,81.87,POS,,,,Colombia,Cali,Approved,00,False,10.34,,
TRX-UUZS8MZO2CTHVHP4KPQ8,2026-06-01 17:14:27,2026-06-01,PRD-0ODYUDY8NPHL,CLI-D16CCBGTU24A,Withdrawal,,928755.7,COP,232.19,Web,,,,Colombia,Medellín,Approved,00,False,8.07,,
TRX-FBYWRUWG4E1SIJ7NS5IT,2026-06-01 19:52:55,2026-06-01,PRD-T0A57338T609,CLI-FUIIHDGX6ASK,Transfer,,7648.17,USD,,POS,,,,México,Querétaro,Approved,00,False,0.81,,
TRX-3CC4NR5N7J4DF097GMFF,2026-06-02 03:54:54,2026-06-01,PRD-WC0IWQLPGFWY,CLI-VQJ66IQJNWQ8,Withdrawal,,648462.13,COP,162.12,POS,,,,Colombia,Cartagena,Approved,00,False,12.07,,
TRX-Q69NE8ZO1KIKG8NK39SR,2026-06-02 04:34:56,2026-06-01,PRD-UYL3E9RFMPJW,CLI-WX051GA9XTN1,Purchase,Transport,57.2,USD,,ATM,SUC-CGL8D37U,Gasolinera Express,Transport,México,Tijuana,Approved,00,False,11.87,,
TRX-N7P1HM54KT0LQ1BO6XXQ,2026-06-01 08:01:54,2026-06-01,PRD-0USIF2VY7OEQ,CLI-500J8LU4LFTL,Purchase,Entertainment,230.45,USD,,POS,,Teatro Nacional,Entertainment,Argentina,La Plata,Approved,00,False,24.79,-34.6643196,-57.3914353
TRX-RMRU7FRQVF1QB9K2IREF,2026-06-01 12:46:09,2026-06-01,PRD-G3M6FW3WRO3X,CLI-7TVDJNU2X4P0,Transfer,,34594921.42,COP,8648.73,POS,,,,Colombia,Barranquilla,Declined,05,False,13.28,,
TRX-T9182J43UBVCUVPS9MZ9,2026-06-01 07:50:34,2026-06-01,PRD-W3R38I7SZAHT,CLI-DH0H08ID9GTB,Withdrawal,,305.52,USD,,App,,,,México,,Declined,05,False,11.38,,
TRX-X6GMMW4W8PS4IFR9PYB4,2026-06-02 01:19:26,2026-06-01,PRD-6R0XGU5D4A4W,CLI-C752MULIW4JP,Withdrawal,,261.55,USD,,POS,,,,Brazil,Salvador,Approved,00,False,12.91,,
TRX-DIW8RBAY1ITK2YU58HZG,2026-06-02 03:37:24,2026-06-01,PRD-V3EVZ0BCHC0G,CLI-UUE2CNX6D7RX,Deposit,,1416.08,USD,,POS,,,,México,,Approved,00,False,,,
TRX-PRBUKE9W3PZMAQDQGBBZ,2026-06-01 18:34:45,2026-06-01,PRD-QOYDTCJKP98P,CLI-374HKYYMM07P,Payment,Food,226012.45,ARS,645.75,POS,,,,Argentina,Córdoba,Approved,00,False,19.42,-35.271955,-58.506669
TRX-92032LNOY45UD1YRHCXS,2026-06-02 04:43:20,2026-06-01,PRD-I6RB3LA4Y7M1,CLI-FHBPSORFY5EN,Withdrawal,,1480938.95,COP,370.23,Transfer,,,,Colombia,Cartagena,Approved,00,False,16.99,,
TRX-LVAPJ8YFZLH8X1ME0TKS,2026-06-02 02:06:12,2026-06-01,PRD-BYVZ23T584JB,CLI-GZ10R8PHT01R,Payment,Food,190.84,USD,,POS,,,,México,Monterrey,Approved,00,False,7.88,,
TRX-NW9IEW4H3HLTY6KCL7TV,2026-06-01 13:31:36,2026-06-01,PRD-NO741PJ7WQI6,CLI-NAP147AGXK4H,Purchase,Services,574728.34,COP,143.68,POS,,Cable TV,Services,Colombia,Barranquilla,Approved,00,False,22.9,,
TRX-91LDGL3KH3E22IZSY056,2026-06-01 21:48:41,2026-06-01,PRD-1NTNPWJFK7P8,CLI-FT0WNFSTZQFT,Purchase,Transport,399.3,USD,,App,,Uber,Transport,México,Ciudad de México,Approved,00,False,24.41,,
TRX-V6DLKXW8JTL95KZ1NYCN,2026-06-01 09:51:47,2026-06-01,PRD-0ZGSFS14QQIF,CLI-XUA6G5W77BG5,Transfer,,614295.2,ARS,1755.13,App,,,,Argentina,,Approved,00,False,24.15,,
TRX-0PRX3DIRQ6JBKUJFK8KK,2026-06-02 03:49:50,2026-06-01,PRD-19BPG4ST36DD,CLI-EB87IWSM504F,Payment,Other,1932.0,USD,,ATM,SUC-349TR6OC,,,México,Puebla,Approved,,False,9.21,,
TRX-MZDGFAIE4M7Q42DZ3COJ,2026-06-02 00:19:22,2026-06-01,PRD-URUAZWJZ4YZV,CLI-DVSHGXVEAE2A,Deposit,,19904577.16,COP,4976.14,Web,,,,Colombia,Medellín,Approved,00,False,2.62,,
TRX-RNCGXRZLZC6UJN3A23F5,2026-06-01 15:15:46,2026-06-01,PRD-D4TK57L4SQSP,CLI-R16RH2097O5X,Withdrawal,,485.8,USD,,ATM,SUC-SKR8GS10,,,México,Puebla,Approved,00,False,0.22,,
TRX-0P9Q49W26EE6X08J00EP,2026-06-01 07:45:33,2026-06-01,PRD-YXJG63IJX8DK,CLI-HBMKYBUDCVUO,Purchase,Food,111.16,USD,,ATM,SUC-RF3372LI,Tienda Don José,Food,México,,Approved,00,False,2.41,,
TRX-DXQJGLVWDGB9CLV1GRTQ,2026-06-02 02:35:40,2026-06-01,PRD-CYJ5QIKEMAS0,CLI-XJKOP4C8OIJE,Transfer,,4733.27,USD,,App,,,,México,Tijuana,Approved,00,False,28.9,,
TRX-F7BH8ZYOMYRXDZQXSDCB,2026-06-02 03:39:26,2026-06-01,PRD-3KBQCJ89EUE0,CLI-PF6SX2URFUWK,Payment,Other,1618.63,USD,,POS,,,,Colombia,Bogotá,Approved,00,False,0.44,,
TRX-54XB87JKPXWAGRZHCQI8,2026-06-02 04:56:41,2026-06-01,PRD-V3JPCA98JO6Y,CLI-LLH70SGAPXDT,Purchase,Food,448783.37,COP,112.2,Web,,Mercado Central,Food,Colombia,Bogotá,Approved,00,False,16.72,,
TRX-N56XLSC1FNE87KM7KRDB,2026-06-01 09:52:42,2026-06-01,PRD-MMUR5CB8I81A,CLI-U54ZDFGPBG1J,Withdrawal,,120.15,USD,,App,,,,México,Puebla,Approved,00,False,7.06,,
TRX-4YXTETPC2PCIQTIO9N8M,2026-06-01 21:49:24,2026-06-01,PRD-7BDJV9KMDM67,CLI-U7O0D0TGAV7R,Adjustment,,736.5,USD,,Web,,,,México,Querétaro,Approved,00,False,21.78,,
TRX-DN9JDX3T16QBRRKPVYRY,2026-06-01 06:51:38,2026-06-01,PRD-SQZLGKJVNU7F,CLI-1W5451D62MFZ,Transfer,,7177.23,USD,,Branch,SUC-RJSJ0B0X,,,México,,Approved,00,False,24.09,-0.8139351,-0.9843317
TRX-NRD770V27KSF5LVBOWE1,2026-06-01 22:12:11,2026-06-01,PRD-ETGCKHEG3OTR,CLI-Q0J9LN7EFSY6,Purchase,Other,1428118.12,COP,357.03,ATM,SUC-P6VSAH4U,Tienda General,Other,Colombia,Barranquilla,Approved,00,False,25.96,,
TRX-604QM8UNOYNRIGGS64PU,2026-06-01 06:50:06,2026-06-01,PRD-FRLHQ5FBDIFV,CLI-4HPCGZD45YQ1,Purchase,Food,183.47,USD,,POS,,Super Ahorro,Food,México,Querétaro,Approved,00,False,12.9,,
TRX-7DJTV0FBRU3UG3V07PEM,2026-06-01 17:23:37,2026-06-01,PRD-5P49UTOAL6J4,CLI-TB6GA7FTHVW6,Withdrawal,,96548.71,COP,24.14,POS,,,,Colombia,Cali,Approved,00,False,19.29,,
TRX-L9TXUNCRA1WVSLRA6N5M,2026-06-02 04:06:30,2026-06-01,PRD-YFC6L48BWYS0,CLI-LTOTBCGTTVLW,Withdrawal,,25.51,USD,,ATM,SUC-OZH64PX1,,,México,Monterrey,Approved,00,False,27.08,,
TRX-491WSC8K3CPNQXNP0J4L,2026-06-02 01:59:13,2026-06-01,PRD-XGN9QN8Y9D9S,CLI-3LMQ96VP1M7K,Payment,Food,1812.98,USD,,POS,,,,México,Querétaro,Approved,00,False,,,
TRX-C3EPS9NSM1V5YBRW1EMT,2026-06-01 09:06:23,2026-06-01,PRD-RVI8QA61VQ39,CLI-O1BCO12IMY2M,Adjustment,,907.56,USD,,Web,,,,México,Guadalajara,Approved,00,False,8.91,,
TRX-JIUQ7N23P7P4WV3KA9LN,2026-06-02 04:05:58,2026-06-01,PRD-0M1MDMOGN9JD,CLI-26EFXN5WK1JI,Transfer,,22836840.25,COP,5709.21,App,,,,Colombia,Medellín,Approved,00,False,,,
TRX-CAB161M4IR4E4I60BD1T,2026-06-02 05:57:23,2026-06-01,PRD-UT0YX82OGQRF,CLI-FGZQ9P8LCLMU,Payment,Services,6407057.76,COP,1601.76,ATM,SUC-X3OFCBL0,,,Colombia,Cartagena,Approved,00,False,,4.2274528,
TRX-HNAX41D8UTOL11WGO3AV,2026-06-01 06:28:24,2026-06-01,PRD-2BTXTXW765Y3,CLI-WK7YQ9U418SU,Withdrawal,,449.59,USD,,App,,,,México,Querétaro,Approved,00,False,8.4,,
TRX-688QO2NWX2TEID46QTA1,2026-06-01 21:54:27,2026-06-01,PRD-4DRVSFTLIVER,CLI-FQJO5QUOKK0G,Deposit,,1222.17,USD,,App,,,,México,Puebla,Approved,00,False,,,
TRX-TDH5GY1WXJLXMAYYN7A9,2026-06-01 18:42:48,2026-06-01,PRD-KL4KN1X7UZ92,CLI-2P25NI81ZU9H,Deposit,,293923.23,COP,73.48,Web,,,,Spain,Barcelona,Approved,00,False,18.8,,
TRX-2H5U1V2S3VM65EF74NJS,2026-06-02 00:11:03,2026-06-01,PRD-QY03OB57H9OS,CLI-Y2XRE5HY2GOJ,Purchase,Services,210.31,USD,,POS,,Empresa Telefónica,Services,Colombia,Cali,Approved,00,False,18.24,3.7234424,
TRX-5L8CW2GKZFLHFK0X2SH0,2026-06-01 08:38:47,2026-06-01,PRD-E3G4BW36FNXE,CLI-PTFV06TLWX1U,Purchase,Transport,145.98,USD,,Transfer,,Estación de Servicio,,México,Tijuana,Approved,00,False,10.92,,
TRX-X6JLWJEN9WRJ64NCN4Z2,2026-06-02 00:15:34,2026-06-01,PRD-6HD18WKNUFWL,CLI-OAEETT9NBR4J,Transfer,,2322.24,USD,,Web,,,,México,Querétaro,Approved,00,False,1.8,,
TRX-8JXYVTVPLHDY2661EJ06,2026-06-01 16:18:21,2026-06-01,PRD-II6YB780RF08,CLI-8SKJN0LFGLZN,Payment,Food,473.49,USD,,POS,,,,Colombia,Medellín,Approved,00,False,24.87,4.8817636,-73.1648103
TRX-XNSRP13WGAYLQ0OCUEFF,2026-06-01 19:22:53,2026-06-01,PRD-R6K16POMO2MK,CLI-65BEJH84KBQ2,Purchase,Other,471.35,USD,,Transfer,,Boutique Moda,Other,México,,Approved,00,False,13.35,,
TRX-GRQ1A93IYDHEB9DGW6R9,2026-06-01 20:10:57,2026-06-01,PRD-1AXVMA4I2NJ5,CLI-PK4CE2FEPMJ7,Withdrawal,,76208.6,ARS,217.74,ATM,SUC-VPCJ60UW,,,USA,New York,Approved,00,False,16.73,-34.8319801,-57.8764359
TRX-OB6G3MNVRPUN0N0B4X6S,2026-06-01 20:54:49,2026-06-01,PRD-23WT3BYQART4,CLI-Q0HNNQ9MGM7T,Withdrawal,,550396.88,COP,137.6,POS,,,,Colombia,Cali,Approved,00,False,21.59,,
TRX-08PPG5CSZS1N6QOLQ9G4,2026-06-02 02:00:11,2026-06-01,PRD-1AFIK82N6GH2,CLI-DTJ3MH22FF4O,Purchase,Transport,723962.13,COP,180.99,POS,,Uber,Transport,Colombia,Bogotá,Approved,00,False,13.7,,-73.7194032
TRX-G5GMIG5J3C2X5C2W1ROH,2026-06-01 09:20:10,2026-06-01,PRD-KY01IDN6PC7W,CLI-GRJ6NA1O078L,Payment,Health,452.56,USD,,App,,,,USA,New York,Approved,00,False,,,
TRX-FMTI5A8IRJMPL09TIVXW,2026-06-02 01:23:03,2026-06-01,PRD-GG46EONPL68W,CLI-ULQ5W4XYYSO0,Adjustment,,3065379.74,COP,766.34,App,,,,Colombia,Barranquilla,Approved,00,False,8.46,,
TRX-JF76GFILP0FJQ2AKVMO4,2026-06-02 00:46:28,2026-06-01,PRD-PECNFOJO9LXE,CLI-YAASV8ABJG61,Transfer,,5730905.3,COP,1432.73,POS,,,,Colombia,Cartagena,Approved,00,False,28.24,,
TRX-GGECNV4OGV5Y474X1R6C,2026-06-02 04:15:33,2026-06-01,PRD-GK2K03TMP386,CLI-XKEYZTBFKZZ5,Deposit,,4795314.25,COP,1198.83,POS,,,,Colombia,,Declined,54,False,7.72,,
TRX-T28QTDR664HK8M7QT2GA,2026-06-01 21:37:49,2026-06-01,PRD-7LWQOXY08IGS,CLI-E7WU69DG77BN,Purchase,Transport,281.55,USD,,POS,,Gasolinera Express,Transport,México,Tijuana,Approved,00,False,6.29,,
TRX-XT7G8V5A4327Z2HIVWW2,2026-06-01 13:24:26,2026-06-01,PRD-L0OVQWUM03A9,CLI-JTN4H0QTTBX6,Withdrawal,,252.98,USD,,ATM,SUC-9YYT37NY,,,México,Tijuana,Approved,00,False,25.87,,
TRX-D7M01FBEGRHJ5HIZF5K9,2026-06-02 03:16:58,2026-06-01,PRD-BWMJA46RO0HN,CLI-60NQMT5IWHKK,Transfer,,28887824.83,COP,7221.96,ATM,SUC-LWQND6S8,,,Colombia,Medellín,Approved,00,False,29.25,,
TRX-LY92CZ0XKD62ADUKY04G,2026-06-01 13:19:22,2026-06-01,PRD-5GUIEAWUY4OP,CLI-IH73KUYCCC3N,Payment,Transport,231.49,USD,,Branch,SUC-RF3372LI,,,México,Querétaro,Approved,00,False,8.9,,
TRX-3YZ002C5TDPZ92426AL0,2026-06-01 08:38:05,2026-06-01,PRD-US9GHWPLF4K3,CLI-8AUWJ3KIGT8I,Transfer,,1206628.88,ARS,3447.51,ATM,,,,Argentina,Mendoza,Approved,00,False,7.45,,
TRX-FSSJUHKVD18Z0DI43399,2026-06-01 19:04:12,2026-06-01,PRD-5ZWN8KS11RIS,CLI-3DA4GLQ51ZNL,Purchase,Food,186.52,USD,,App,,Restaurante El Buen Sabor,Food,México,Puebla,Pending,05,False,3.05,,
TRX-CRPT46X9IOIIQJ97MCHX,2026-06-01 15:04:51,2026-06-01,PRD-BG2CH5QZDHGF,CLI-SKN0GELOB0E8,Purchase,Services,1719161.89,COP,429.79,POS,,Servicios Públicos,Services,Colombia,Cartagena,Approved,00,False,,,
TRX-P801IKXCDEFK3J1MNJCV,2026-06-02 02:56:10,2026-06-01,PRD-ZN18PK5JL516,CLI-WT3NZBC6DO5A,Purchase,Other,121113.15,ARS,,ATM,SUC-IPX8M3BR,Centro Comercial,Other,Argentina,Córdoba,Approved,00,False,3.78,,
TRX-LGSI0JJWQWS1PAV3ZOGT,2026-06-01 13:42:06,2026-06-01,PRD-9TFBMHDHD0ZI,CLI-N32RL728C9CH,Withdrawal,,105.35,USD,,Web,,,,México,Querétaro,Approved,00,False,,,
TRX-HGOQDQBS5ZSYOV8EA97K,2026-06-02 00:21:11,2026-06-01,PRD-NBNMQEQOPUB0,CLI-RXXS74FAEGBL,Withdrawal,,1667374.92,COP,416.84,POS,,,,Colombia,Medellín,Approved,00,False,29.94,,
TRX-L4PJCX3LM9MU2CGZ7KEN,2026-06-01 10:41:29,2026-06-01,PRD-MXVEBHVIM57G,CLI-ZBJJMKNUBRQK,Purchase,Services,319580.04,COP,79.9,POS,,Empresa Telefónica,Services,Colombia,Barranquilla,Approved,00,False,19.72,,-73.2156003
TRX-B8YTTMSZ5BDSZ9HW55G5,2026-06-01 14:31:19,2026-06-01,PRD-QS44URLRUGVI,CLI-SC0JJBDPCF28,Withdrawal,,572340.72,COP,143.09,ATM,SUC-GPHM9NB1,,,Colombia,Barranquilla,Approved,00,False,28.31,4.913551,-74.2517443
TRX-AM4TDAX5OD99T2V6FTWJ,2026-06-01 07:25:46,2026-06-01,PRD-J2LIQV7XOHXW,CLI-T8339ZDSKRSL,Withdrawal,,422.09,USD,,Web,,,,México,Querétaro,Approved,00,False,10.6,,
TRX-32AA0CBT0EV00F7DMAJM,2026-06-01 22:13:08,2026-06-01,PRD-JIGVL4565VXZ,CLI-Q3Y9R28W4P3Z,Deposit,,2705.63,USD,,App,,,,México,Tijuana,Approved,00,False,6.3,,
TRX-PTRMO5YR8MQYA9W5NT85,2026-06-01 18:47:31,2026-06-01,PRD-S5HZD6S9I6WP,CLI-QVW5ZOAH8Q8S,Transfer,,3167.98,USD,,App,,,,México,Tijuana,Approved,00,False,28.76,,
TRX-I8PUBIZEYYDU2DXXK153,2026-06-01 06:49:51,2026-06-01,PRD-5FOUV1CYN3O4,CLI-E48GX0RRZ8R0,Adjustment,,298821.97,ARS,853.78,POS,,,,Argentina,Buenos Aires,Approved,00,False,26.0,,
TRX-DFDNKIAD9KCRQ8O0HVFB,2026-06-01 06:47:38,2026-06-01,PRD-VIN3I5JDU2FY,CLI-G9US4RLNPNF4,Purchase,Services,11.99,USD,,App,,Servicios Públicos,Services,México,Guadalajara,Approved,00,False,6.27,,
TRX-6ILSZSFDTPEDJK4XJZI9,2026-06-01 12:42:49,2026-06-01,PRD-3RTZUFP10HVS,CLI-LS8DA5TSS2MR,Transfer,,2331.65,USD,,ATM,SUC-8UUCS42Y,,,Colombia,Barranquilla,Approved,00,False,27.81,,
TRX-HHCNSH9XIHOVIPNHPNXL,2026-06-01 16:39:26,2026-06-01,PRD-SGW5IKM59KV5,CLI-EA1C9BKKF6D8,Payment,Entertainment,364834.28,ARS,1042.38,ATM,,,,Argentina,Mendoza,Approved,00,False,0.82,,
TRX-WY3JQ3PHIFPNJPIOS243,2026-06-01 06:24:20,2026-06-01,PRD-A3EGZZ1TWP5B,CLI-OUHVGOQA6BJ3,Deposit,,14323263.4,COP,3580.82,POS,,,,Colombia,Cali,Approved,00,False,,4.3596487,-73.8899034
TRX-JEUFZJGGUL2ZA6VEFJEI,2026-06-01 22:01:10,2026-06-01,PRD-T8TJGWY1Y8SQ,CLI-ASJZ0PJ8NSYI,Deposit,,15888580.31,COP,3972.15,ATM,SUC-PNT72MIS,,,Colombia,Bogotá,Approved,00,False,3.44,,
TRX-KZKF8BMVES3QFTL1OFGU,2026-06-01 13:58:57,2026-06-01,PRD-8DAKWUY2WBMC,CLI-3QFZ4X5ZAMW5,Purchase,Services,278.04,USD,,ATM,SUC-JRR5Z8WK,Servicios Públicos,Services,México,Guadalajara,Approved,00,False,27.07,0.6426486,0.1403148
TRX-J9RRNZYTD4PC1M5LJACB,2026-06-02 04:09:30,2026-06-01,PRD-T6B7EB9KOOJ3,CLI-BLA5T42GN3TZ,Payment,Transport,3752708.47,COP,,POS,,,,Colombia,Barranquilla,Approved,00,False,26.21,,
TRX-P8YME7DVF0NO6P9WAXTM,2026-06-02 00:34:18,2026-06-01,PRD-HWYDMGDWHIR3,CLI-MUMRTM31A7JC,Purchase,Other,62.04,USD,,Web,,Boutique Moda,Other,Argentina,Mendoza,Reversed,14,False,,,
TRX-QTG3ZSVGF5BP03I6IV6F,2026-06-02 03:48:52,2026-06-01,PRD-0GMLHOF4L4DY,CLI-VENM30JHG020,Withdrawal,,410.11,USD,,Web,,,,México,,Approved,00,False,6.07,,
TRX-5S9AAW7E5R39HZ9ITKEZ,2026-06-01 10:16:17,2026-06-01,PRD-ANS22GHPPY58,CLI-BAQ39OOHD3WT,Transfer,,8588.21,USD,,POS,,,,México,Guadalajara,Approved,00,False,28.12,0.1659536,-0.8291524
TRX-AOFWSWDKQRWXPABNS8OT,2026-06-01 14:49:34,2026-06-01,PRD-B067G9DSTXCV,CLI-VJJMYBKST9JY,Purchase,Food,1196836.2,COP,299.21,ATM,SUC-MU9A5O88,Tienda Don José,Food,Colombia,Cali,Approved,00,False,2.8,,
TRX-WBF56DQ742KVP1RKATTU,2026-06-01 13:18:12,2026-06-01,PRD-NK0DVW8VYJ25,CLI-9NGRJDSK3CNH,Transfer,,21549494.98,COP,,POS,,,,Colombia,Cali,Approved,00,False,14.19,4.4805116,-75.0074933
TRX-8UV5RR8NVUC69UI734RH,2026-06-02 03:20:48,2026-06-01,PRD-AY224FY354JD,CLI-JZSQ8FGEAJ68,Withdrawal,,268.11,USD,,POS,,,,México,Guadalajara,Approved,00,False,10.34,,
TRX-EQ77DOX5XNLZK9Z96UZS,2026-06-02 01:04:42,2026-06-01,PRD-E3RCJHEW9NC0,CLI-4Z5149QMTZ7C,Purchase,Services,130038.53,ARS,371.54,ATM,SUC-KHBP7W0V,Servicios Públicos,Services,Argentina,Mendoza,Approved,00,False,20.27,,
TRX-AM5URPYO1V7G9BITTRTW,2026-06-02 05:29:54,2026-06-01,PRD-9LUJC2OX0QZD,CLI-UPTZAAWB30AI,Withdrawal,,1195338.26,COP,298.83,ATM,SUC-H4WPLB7O,,,Colombia,,Approved,00,False,8.52,,
TRX-SB8PXZ0Q03H0FFV4ZKMU,2026-06-02 04:00:37,2026-06-01,PRD-SEBCZH5L0GQ9,CLI-A3D9O6HVSR24,Payment,Transport,368.93,USD,,POS,,,,México,Puebla,Approved,00,False,3.19,,
TRX-7RLVMG7UZE36HT4U5WC1,2026-06-01 23:30:35,2026-06-01,PRD-OPZJTH3WV2R6,CLI-IEWV1OXKKOXL,Payment,Services,687760.02,ARS,1965.03,App,,,,Argentina,Rosario,Approved,00,False,28.29,,
TRX-B5OBF6RNW8FATTKSYZ9T,2026-06-01 10:51:05,2026-06-01,PRD-94EDQGA5GFS6,CLI-8IMOKWYA3G73,Payment,Health,225580.1,ARS,644.51,POS,,,,Argentina,La Plata,Approved,00,False,,,
TRX-2ORL3B04B22E0O1KN5NZ,2026-06-02 01:57:24,2026-06-01,PRD-0KIQWQQD9W5K,CLI-ZK1NSI5EQLQW,Withdrawal,,166.55,USD,,POS,,,,México,,Approved,00,False,,,
TRX-8W7J0E56ML4EDLK4Y1CW,2026-06-01 16:19:45,2026-06-01,PRD-4SAU29IY8UJX,CLI-9DWDD8XIORSE,Deposit,,3644.73,USD,,POS,,,,Argentina,Mendoza,Approved,00,False,24.71,,
TRX-U31W3S3H3ZP10FUV0WM6,2026-06-01 22:41:11,2026-06-01,PRD-LOMIS6F6G062,CLI-Q17AJDV104WH,Payment,Other,494161.64,ARS,1411.89,App,,,,Argentina,Buenos Aires,Approved,00,False,23.63,,
TRX-RNLSI1HLGTEHBPKLNOR4,2026-06-01 21:09:03,2026-06-01,PRD-32PD2WE9A62H,CLI-QRT3F2YLFWOD,Purchase,Transport,89870.76,ARS,256.77,ATM,SUC-5YFUX3Z6,Taxi Seguro,Transport,Argentina,Rosario,Approved,00,False,18.89,,
TRX-GMSQZ9RQ07JXF9GE6A7E,2026-06-01 06:01:44,2026-06-01,PRD-UNYFTUI8Z8U5,CLI-L06PON9A0WFL,Payment,Services,435.39,USD,,POS,,,,México,Ciudad de México,Approved,00,False,,,
TRX-D1I8YU1D82JNJHPRJFAU,2026-06-01 21:31:44,2026-06-01,PRD-HRLNP40333RI,CLI-CMU4X5D5PPT8,Withdrawal,,130181.99,ARS,371.95,App,,,,Argentina,Rosario,Approved,00,False,19.12,,
TRX-WTMSSHPCW3QE0382YTE8,2026-06-01 20:41:15,2026-06-01,PRD-6B8H7VCI2A59,CLI-EWMGGJAFLLC6,Deposit,,7534008.68,COP,,App,,,,Colombia,Cali,Approved,00,False,,,
TRX-JCBZXML0H8WZDY4GVAS2,2026-06-01 20:58:30,2026-06-01,PRD-GDGWUM24WY57,CLI-6P3E2AUM6HQ9,Payment,Transport,1652.29,USD,,POS,,,,México,Guadalajara,Declined,51,False,23.82,,
TRX-S48B24H3UOBWAA303YIP,2026-06-01 22:38:32,2026-06-01,PRD-HZYLDYFQ8O91,CLI-KDHUATFSF8VA,Purchase,Transport,139.45,USD,,ATM,SUC-5R12FFLE,Taxi Seguro,Transport,México,Ciudad de México,Approved,00,False,,,
TRX-0YUPQKDQNTYX4D7WKDH0,2026-06-01 20:59:34,2026-06-01,PRD-KHCFH8ICL36Q,CLI-JQ4MKCSJUFL2,Deposit,,4263.9,USD,,POS,,,,México,Monterrey,Approved,,False,25.07,,
TRX-E3QB4APCV275O6KSB5G9,2026-06-02 05:27:58,2026-06-01,PRD-RGQS22D8UBNU,CLI-DYPYF7JN4O5R,Withdrawal,,461.03,USD,,POS,,,,México,Ciudad de México,Approved,,False,22.41,-0.2600794,-0.7467968
TRX-4M7A6DW50ZPOLMB2DX3X,2026-06-02 04:30:59,2026-06-01,PRD-M9NB1MGYZWS4,CLI-ZKYG0H56T9GL,Deposit,,1577.69,USD,,POS,,,,México,Puebla,Approved,00,False,26.81,-0.6568729,0.6087409
TRX-2XVMBX75ZR4UXX4AV3QX,2026-06-01 14:12:05,2026-06-01,PRD-387IUV9M7T6U,CLI-L9ED5N49JNPP,Deposit,,16750307.48,COP,4187.58,ATM,SUC-CBGK7VQE,,,Colombia,,Approved,00,False,10.76,5.672555,-73.6230537
TRX-18F2LK0QLQDETV20FS5D,2026-06-02 00:42:34,2026-06-01,PRD-14734BFDUMXK,CLI-PA12L1SN17AD,Transfer,,3589.85,USD,,POS,,,,México,Monterrey,Approved,,False,9.32,,
TRX-0KG3QKA4TLD3C46XIZI8,2026-06-01 11:27:55,2026-06-01,PRD-72YRPUHZQ048,CLI-CBEW47AGXXQO,Purchase,Food,277764.33,COP,69.44,POS,,Tienda Don José,Food,Colombia,Medellín,Approved,00,False,11.43,,
TRX-0LWCN7CK3KPYMMAAAI80,2026-06-01 11:10:42,2026-06-01,PRD-6DBPQJE9GFRL,CLI-D4V43B6BFHPZ,Purchase,Services,359.22,USD,,ATM,SUC-BDUFJ6GZ,Internet Plus,Services,México,Tijuana,Pending,54,False,23.39,,
TRX-3K419PK0RLVL9EKZ35T9,2026-06-01 16:09:00,2026-06-01,PRD-EA6AQ6YENLXS,CLI-BG0RPE7GHV8S,Transfer,,181964.18,ARS,519.9,POS,,,,Argentina,Mendoza,Approved,00,False,1.92,,
TRX-RO0TATZEKV6RIC7EX2FH,2026-06-02 05:14:40,2026-06-01,PRD-GW02RVN1HUK8,CLI-MA3WCLCSWDZU,Withdrawal,,90831.44,ARS,259.52,POS,,,,Argentina,Buenos Aires,Approved,00,False,4.01,,
TRX-2SPVH8319KKEONKGY22N,2026-06-02 00:10:58,2026-06-01,PRD-OBZSC5WO89XQ,CLI-M63SRDQKNSOT,Deposit,,17638583.55,COP,,ATM,SUC-YH0U3LVW,,,Colombia,Medellín,Approved,00,False,9.23,,
TRX-W353S3TLHKSPS64XI42U,2026-06-01 16:24:43,2026-06-01,PRD-WQHFL2EFGKTH,CLI-50KLH81M63Y2,Deposit,,532.28,USD,,ATM,SUC-P3KNB4PY,,,México,Guadalajara,Approved,00,False,4.1,0.512433,-0.9072198
TRX-M9V9TIH3QURGBIZ2U3WH,2026-06-01 17:45:28,2026-06-01,PRD-6TGSG6TI1F9G,CLI-89BLUOQQ8VD0,Purchase,Services,68773.99,ARS,196.5,POS,,Empresa Telefónica,Services,Argentina,,Approved,00,False,23.52,,
TRX-CZMJT6LVKEOPOK5R15RZ,2026-06-01 18:29:52,2026-06-01,PRD-B0CRRJDZPH12,CLI-H4RVJ5ZPRPYZ,Purchase,Entertainment,1604249.12,COP,401.06,App,,Conciertos Live,Entertainment,Colombia,Bogotá,Approved,00,False,12.77,,
TRX-BB37SNJ7WUW62LFAJ22B,2026-06-02 03:20:40,2026-06-01,PRD-E3F7MK2HNZ8C,CLI-VTVSJY7NTSFU,Deposit,,4609688.46,COP,1152.42,Web,,,,Colombia,Medellín,Approved,00,False,20.05,,
TRX-XXSA5WHFKJOUF3VKU4F7,2026-06-01 17:55:25,2026-06-01,PRD-VPHOJK2LQIP8,CLI-VF75GRB5ES8I,Withdrawal,,88617.95,ARS,253.19,App,,,,Argentina,Córdoba,Approved,00,False,29.66,,
TRX-XREI193P26MMAUAB3UP2,2026-06-01 06:25:07,2026-06-01,PRD-V8KT4YT5BVED,CLI-WN1Y5VBAE7ZD,Withdrawal,,124638.44,ARS,356.11,POS,,,,Argentina,Mendoza,Approved,00,False,3.28,,
TRX-24JPBP49LJ3UZS69UHMA,2026-06-01 14:12:45,2026-06-01,PRD-UUAJI4KCU5M3,CLI-97NGHKGS7L7C,Withdrawal,,124.61,USD,,App,,,,México,Puebla,Approved,00,False,6.79,,
TRX-BFXQA5PKL74M6F69IH4N,2026-06-02 03:01:10,2026-06-01,PRD-W6AF21QWBXXQ,CLI-0C817IVWV2ZS,Transfer,,839241.64,ARS,2397.83,ATM,SUC-F321UEME,,,Argentina,La Plata,Declined,14,False,,,
TRX-JMM9W6JO85XKRPG6OYCL,2026-06-02 05:19:05,2026-06-01,PRD-P0IGY6ISLDIO,CLI-7R5BDIT7ESDH,Payment,Health,273576.16,ARS,781.65,Web,,,,Argentina,Mendoza,Approved,00,False,17.86,,
TRX-NLC1PWWNZIWJD57DRL9I,2026-06-01 22:40:37,2026-06-01,PRD-W4ZPF65QZT56,CLI-KN4KZJXTZ7H4,Purchase,Transport,108.49,USD,,Web,,Uber,Transport,México,Puebla,Approved,00,False,14.83,,
TRX-RY4INC0HU6MNJAVB5VBK,2026-06-01 17:59:55,2026-06-01,PRD-480HDD4HNVSJ,CLI-CFXQUZGW72RT,Withdrawal,,1529994.34,COP,382.5,ATM,SUC-X7W6C3UX,,,Colombia,Cali,Declined,14,False,17.01,,
TRX-4LJL6H42C4NXAPNPSLHD,2026-06-01 08:26:23,2026-06-01,PRD-L0I3H7AU77JJ,CLI-KV32V0ORW484,Withdrawal,,225.15,USD,,POS,,,,México,,Approved,00,False,,,
TRX-DJE1IHPAUKQXU0UICULK,2026-06-01 22:05:35,2026-06-01,PRD-28MA8EWKMV6U,CLI-V2Q4Q9J6BS6T,Withdrawal,,277312.02,COP,69.33,ATM,SUC-X57ITSKO,,,Colombia,Cartagena,Approved,00,False,8.57,3.9642021,-74.1510954
TRX-Y8QHJF4HQQAG9O0SGV0I,2026-06-01 07:27:21,2026-06-01,PRD-D5VQB9ZW71KT,CLI-O31B0K1SVZ4O,Withdrawal,,414.57,USD,,Transfer,,,,México,Guadalajara,Approved,00,False,24.27,,
TRX-YH23FHBUCEL7YO6WQ7SO,2026-06-01 08:22:11,2026-06-01,PRD-4R5GU3WNM0MB,CLI-QCSX6HQL4CEP,Withdrawal,,684400.2,COP,171.1,App,,,,Colombia,,Approved,00,False,29.59,,
TRX-4GLOS7SZ7FQFTAH25NPX,2026-06-01 11:56:39,2026-06-01,PRD-FE0LHOJ8WEJK,CLI-YKEU2F1JDDGJ,Payment,Transport,1132.32,USD,,POS,,,,México,Tijuana,Approved,00,False,16.15,,
TRX-F6VQV5TPDIUXR3QZ3EVX,2026-06-01 09:26:22,2026-06-01,PRD-E5HWZDYR2X5A,CLI-0RKZ1FCD2LDP,Transfer,,8328.14,USD,,POS,,,,México,Ciudad de México,Approved,00,False,20.12,,
TRX-VEUELC2PPHL537LLFFOD,2026-06-01 12:23:26,2026-06-01,PRD-UV20Y2QEOSBL,CLI-B8WN5P4I1WZP,Deposit,,1573.01,USD,,POS,,,,México,Monterrey,Approved,00,False,25.27,,
TRX-2T3XYS0VLQHKYXS0NFLI,2026-06-01 16:19:43,2026-06-01,PRD-O9Y4FU21U5GV,CLI-Q3QGGBZA1584,Transfer,,6639.33,USD,,App,,,,México,Tijuana,Approved,00,False,14.42,,
TRX-O5J19DLKJVW8ACV4LVGY,2026-06-01 13:42:26,2026-06-01,PRD-MK57P0ZWATCD,CLI-XIZ44LQBC36H,Payment,Health,597929.07,ARS,1708.37,ATM,SUC-XCP0A6C8,,,Argentina,La Plata,Approved,00,False,19.35,,
TRX-9V8OIPRRT8OJK1AMRY1Z,2026-06-01 23:25:39,2026-06-01,PRD-EQQG18MP4GDN,CLI-YT6EKVRH9BCB,Purchase,Other,463742.24,COP,115.94,Web,,Boutique Moda,Other,Colombia,Cali,Approved,00,False,23.19,,
TRX-ZCXZ29XSBG8GLN1RHQXJ,2026-06-01 10:16:58,2026-06-01,PRD-YKAR542GKCNN,CLI-AH1SXE7ZQOFH,Withdrawal,,164.8,USD,,POS,,,,México,Tijuana,Approved,00,False,19.25,,
TRX-B2E8HQOZC8A9QGEAYHW6,2026-06-01 15:47:26,2026-06-01,PRD-N4UFCQTNG314,CLI-QS9X4F9KY5Q1,Transfer,,1764.2,USD,,POS,,,,México,Puebla,Approved,00,False,26.08,,
TRX-D2TBFNKBJIKY9NS7N8RX,2026-06-01 15:29:58,2026-06-01,PRD-VERDVK9MZ3LM,CLI-NHCPVLTT0NR3,Adjustment,,3839791.26,COP,959.95,App,,,,Colombia,Barranquilla,Approved,00,False,17.0,,
TRX-KCOJWHAKV8G38BPN4IYM,2026-06-01 15:54:13,2026-06-01,PRD-JH9M4QNO085O,CLI-F9TNX1HI8JSN,Withdrawal,,1488783.69,COP,372.2,POS,,,,Colombia,Bogotá,Approved,00,False,28.98,5.5743335,-74.4984956
TRX-BY1ZPL05OWZVYMK286QN,2026-06-02 01:41:41,2026-06-01,PRD-GE32FEZVFFRO,CLI-9PX7UG39KCBR,Withdrawal,,469.28,USD,,Branch,SUC-QMYSBASD,,,México,Monterrey,Approved,00,False,12.16,,
TRX-JV7ZK99T1EEZXRFT1YES,2026-06-01 13:51:23,2026-06-01,PRD-KSVMKJCX7AZ0,CLI-28KSMI4DUWYC,Transfer,,4569.37,USD,,POS,,,,México,Puebla,Approved,00,False,16.7,-0.9025876,
TRX-IBD6TURJVETGMDRJAPJF,2026-06-01 20:39:33,2026-06-01,PRD-63ZJUF00CVYF,CLI-G41XPVXIHHB4,Payment,Transport,926.42,USD,,POS,,,,México,Ciudad de México,Approved,00,False,28.11,,
TRX-EMRVQHVTM2OLQBCNPY7B,2026-06-01 07:30:39,2026-06-01,PRD-LWI1O2VZQBBH,CLI-RYP1BPWUD5VW,Payment,Transport,1202.16,USD,,POS,,,,México,Querétaro,Approved,00,False,,,
TRX-6QP868RLOF3MOVPDUDTE,2026-06-01 19:47:46,2026-06-01,PRD-9ATHOXE1X8KE,CLI-21FI0BY96KUZ,Transfer,,2546.75,USD,,POS,,,,México,Ciudad de México,Approved,00,False,3.98,,
TRX-9M74IR6QNNF9KTOYKKI6,2026-06-01 08:35:29,2026-06-01,PRD-3ORC48KJNCZT,CLI-TKXRALL76A2I,Transfer,,38804396.44,COP,9701.1,Web,,,,Colombia,Medellín,Approved,00,False,20.19,,
TRX-MULOUUQOHIKAJ4DH7J09,2026-06-01 08:29:28,2026-06-01,PRD-XVXQPZR3KSRQ,CLI-Q2GYWKQLFSGV,Payment,,310528.9,ARS,887.23,POS,,,,Argentina,Rosario,Declined,,False,,,
TRX-Z2PQTKPT8ZHCZLTRNU0P,2026-06-01 14:24:37,2026-06-01,PRD-CRS191Z89BSA,CLI-NXS8UR0JEG7Q,Payment,Services,5522374.22,COP,1380.59,ATM,SUC-VZIGM714,,,Colombia,Cartagena,Approved,00,False,19.96,,
TRX-HD6ASQROD7Y97F09OTG5,2026-06-01 13:36:11,2026-06-01,PRD-WGMSEAU3QOB5,CLI-20UF80OS6W98,Purchase,Services,1063620.92,COP,265.91,POS,,Cable TV,Services,Colombia,Barranquilla,Approved,00,False,11.85,,
TRX-DI42YR3JNPKIV9E4SV1R,2026-06-01 19:58:39,2026-06-01,PRD-8D7LNQMCF4I2,CLI-W5E27Z5WMDKG,Adjustment,,967.29,USD,,POS,,,,México,Querétaro,Approved,00,False,27.91,-0.5285123,0.4986257
TRX-MA5LE76IPXEYLACTHIMD,2026-06-01 09:17:00,2026-06-01,PRD-CJPMPHVUSL0B,CLI-8PHR6L1PIGQW,Withdrawal,,188.77,USD,,POS,,,,México,Tijuana,Approved,00,False,15.23,,
TRX-2M2357NPQ1JH3C5HPJUR,2026-06-02 05:13:50,2026-06-01,PRD-FMGA8OGGIUCV,CLI-TFC8W78MGEUV,Withdrawal,,151360.39,ARS,432.46,Web,,,,Argentina,La Plata,Approved,00,False,3.2,,
TRX-FUR384M908O037142P9O,2026-06-01 20:39:50,2026-06-01,PRD-DKSLWTD21N84,CLI-E5AK0E2DXBHN,Withdrawal,,1379354.41,COP,344.84,POS,,,,Colombia,Medellín,Approved,00,False,10.89,,
TRX-C2XO23V8ZDH6SCR9GDZV,2026-06-02 02:50:06,2026-06-01,PRD-6YVLPOSOS2W7,CLI-XTWLKUDA8HG2,Transfer,,10972142.55,COP,2743.04,ATM,SUC-QTKN7Z0R,,,Colombia,Cartagena,Approved,00,False,24.88,,
TRX-VBSJWYA84RYY403TMXLU,2026-06-01 19:28:01,2026-06-01,PRD-AY1UI5EFQSAO,CLI-NO2W79TWG7JD,Deposit,,618285.21,ARS,1766.53,ATM,SUC-46JOBFMX,,,Argentina,Córdoba,Approved,00,False,0.33,-35.1571474,-59.0167891
TRX-VZZPOEBVH9S4XYAOLUTC,2026-06-02 05:15:52,2026-06-01,PRD-YZNFZIXULWST,CLI-O2GHATBL64FB,Withdrawal,,314.08,USD,,App,,,,México,Monterrey,Approved,00,False,3.02,,
TRX-A0L1YQP7TFGWPIZ3XHHD,2026-06-01 10:54:18,2026-06-01,PRD-KW42VLSI0OGE,CLI-PTZTPV295I61,Transfer,,7987.25,USD,,POS,,,,México,Puebla,Approved,00,False,6.96,,
TRX-OB96AZMIKFV0UBUWT7EN,2026-06-01 15:54:02,2026-06-01,PRD-F77SRGXPPI22,CLI-SX4L2DG8O5JB,Payment,Food,990.98,USD,,Web,,,,México,Guadalajara,Approved,00,False,29.52,,
TRX-LNKRLFDH4LU9VJ0GZYPJ,2026-06-02 03:22:37,2026-06-01,PRD-FK0VSE8CGN3C,CLI-IX8TVD4MF4MO,Transfer,,33117699.85,COP,8279.42,POS,,,,Colombia,Cali,Approved,00,False,18.93,,
TRX-MYDCPTSYSELN9RS9K4V8,2026-06-02 03:39:33,2026-06-01,PRD-ECFGCZ4ZGJ79,CLI-8A6N1AZ330CS,Payment,Services,1667.95,USD,,Web,,,,México,,Approved,00,False,,,
TRX-TH6ENPRGAFBL65Q44P69,2026-06-01 19:21:37,2026-06-01,PRD-D775D6E1JU2A,CLI-AF742QBS6MZX,Transfer,,29128989.87,COP,7282.25,POS,,,,Colombia,Medellín,Approved,00,False,,4.0925156,
TRX-G5FMV7J9300JW8JMC21N,2026-06-02 05:36:28,2026-06-01,PRD-ZFDHKPN936PT,CLI-JX3LW2DERTJY,Transfer,,5419.23,USD,,POS,,,,Colombia,Cartagena,Approved,00,False,8.85,,
TRX-Q0KBR89RGFAF6MCYYRAX,2026-06-01 14:45:17,2026-06-01,PRD-KLGJ3L98AVD3,CLI-THP55I6NXXVD,Withdrawal,,350.16,USD,,Web,,,,México,Tijuana,Approved,00,False,5.32,,
TRX-4S5SWJGRVNT9T2K8S0J4,2026-06-01 06:04:52,2026-06-01,PRD-WWL17GBLWMFI,CLI-8QEFPS48U7VF,Purchase,Transport,44468.17,ARS,,App,,Uber,Transport,Mexico,Ciudad de México,Approved,00,False,24.25,,
TRX-VU0C2NHNKLW5UK96F74S,2026-06-01 10:40:45,2026-06-01,PRD-458IPX7YWYOF,CLI-RBS7FLYWXS2L,Deposit,,1035.3,USD,,POS,,,,México,Monterrey,Approved,00,False,21.24,0.418327,
TRX-Z5T3V0XYQJ4MH0ETWHD7,2026-06-01 17:17:50,2026-06-01,PRD-O8X85KJCOQHR,CLI-6UGQJ6GLJO6X,Transfer,,1025746.54,COP,256.44,App,,,,Colombia,Bogotá,Approved,00,False,8.92,,
TRX-5619IQ97CV0PXG71C9YM,2026-06-01 16:14:46,2026-06-01,PRD-YP07QQLFG9FN,CLI-7WFPFYV9VCT3,Transfer,,1871796.66,COP,467.95,Web,,,,Colombia,Bogotá,Approved,00,False,24.97,,
TRX-FRGDGFDNLPMBV0CTQ32B,2026-06-01 06:40:16,2026-06-01,PRD-IAXXPRZMBJWN,CLI-Y65RCD9YWB0J,Deposit,,8395520.97,COP,2098.88,POS,,,,Colombia,Medellín,Approved,00,False,,,
TRX-UV0WZMHANZG4EC794SS7,2026-06-01 19:31:07,2026-06-01,PRD-PKYQSDGVSDBE,CLI-WGKNDQ13VOXQ,Withdrawal,,140127.19,ARS,400.36,POS,,,,Argentina,Córdoba,Approved,00,False,0.8,-33.9986684,-57.8700524
TRX-3G7J8LYRVVBLT01TSU2X,2026-06-01 10:57:23,2026-06-01,PRD-AVMD0QF8PJN6,CLI-UK0QYGXG1XWD,Transfer,,1905.54,USD,,App,,,,México,Ciudad de México,Approved,00,False,6.01,,
TRX-GUDWODF7GE8KY7UT5Q5W,2026-06-01 21:23:41,2026-06-01,PRD-7D6Y7FKHJ8GW,CLI-AVVKDX94GQB8,Purchase,Transport,1041125.95,COP,260.28,ATM,SUC-22RCTEVV,Uber,Transport,Colombia,Barranquilla,Approved,00,False,26.3,,
TRX-AZXBODZWTF1UFC8L27TV,2026-06-01 14:07:54,2026-06-01,PRD-KS9Z76RDAVAK,CLI-72JB0CAIOJ5W,Withdrawal,,289.88,USD,,ATM,SUC-A9BJ48OP,,,México,Monterrey,Approved,00,False,10.84,,
TRX-2SOAEJU3KY6BANJG4CS0,2026-06-02 03:28:54,2026-06-01,PRD-72ZBBT2863CA,CLI-5F0UVZU6LWV0,Purchase,Food,918883.19,COP,229.72,POS,,,Food,Colombia,Barranquilla,Approved,00,False,,,
TRX-Z7PE0556F1YJO55YL8D5,2026-06-02 03:51:49,2026-06-01,PRD-0D2MH82CGUHG,CLI-E4N6R2GJBMUK,Adjustment,,347159.22,ARS,991.88,POS,,,,Argentina,,Approved,00,False,,,
TRX-DKQFEOFO5KK5J5FFDZ4V,2026-06-02 05:16:15,2026-06-01,PRD-TKQKVWRF4RSY,CLI-7LHDH7DJKD77,Purchase,Health,45.78,USD,,ATM,SUC-KKZOCIP3,Farmacia Salud,Health,México,Puebla,Approved,00,False,9.16,,
TRX-8UJ343CT4JFR8EEFX08P,2026-06-02 03:31:34,2026-06-01,PRD-AM2M04EK1S4K,CLI-F4B59QG4XPND,Deposit,,18755625.2,COP,4688.91,ATM,SUC-EXKJNP13,,,Colombia,Cartagena,Approved,00,False,10.86,,
TRX-V357C1MAP83GFFYC9XBM,2026-06-02 05:22:19,2026-06-01,PRD-17LUZZO08EUX,CLI-Q7YGHJIXI17Y,Adjustment,,154.09,USD,,POS,,,,México,Tijuana,Approved,00,False,2.37,0.1965985,-0.2899565
TRX-L3J4K2T8GTSGCNB3X255,2026-06-01 11:11:49,2026-06-01,PRD-TRWRWV9T8CX4,CLI-R0WJRXVK0V70,Purchase,Transport,1537614.04,COP,384.4,POS,,Gasolinera Express,Transport,Colombia,Cartagena,Approved,00,False,4.12,,
TRX-Q7SL4E224RET1MS3JT7W,2026-06-01 09:06:45,2026-06-01,PRD-U7L1CGEBLCHP,CLI-D508P34708K1,Transfer,,4760.41,USD,,POS,,,,México,Monterrey,Approved,00,False,26.7,,
TRX-7DTYV0Y62EJGOW8XIWW8,2026-06-01 10:22:21,2026-06-01,PRD-7B7014M5EC9T,CLI-16QE55XNKGFN,Purchase,Other,29.56,USD,,POS,,Centro Comercial,Other,México,Guadalajara,Approved,00,False,2.01,,
TRX-RP5D5HDJA6S9GWU3N2M8,2026-06-01 06:50:15,2026-06-01,PRD-4WJ0XFVCCYE7,CLI-6VAO9YPQSJZR,Deposit,,381164.63,ARS,1089.04,ATM,SUC-G7HRTTDE,,,Argentina,Córdoba,Approved,00,False,,,
TRX-5F00RTBQLNM611O0GGLB,2026-06-01 13:28:36,2026-06-01,PRD-YTGD2MXJKXX4,CLI-8D92EPGDKL5W,Withdrawal,,1744162.78,COP,436.04,ATM,SUC-OGCB7RT2,,,Colombia,Barranquilla,Approved,00,False,2.34,,
TRX-MABWM1KINCH6SRG5RP67,2026-06-01 07:21:19,2026-06-01,PRD-4XWX8QL1MKLJ,CLI-FUTVICPCCRGZ,Deposit,,3984.71,USD,,POS,,,,México,Monterrey,Approved,00,False,,,
TRX-038ER1F5ECRKA5LWKYSV,2026-06-02 04:19:55,2026-06-01,PRD-1ICSEFD59JAG,CLI-0KTPXISCCZNV,Purchase,Transport,575163.44,COP,143.79,Branch,SUC-3NEGSLF6,Taxi Seguro,Transport,Colombia,Cartagena,Approved,00,False,22.49,,
TRX-OFAA3SZSLTXTVLDDNQ8Y,2026-06-01 07:05:05,2026-06-01,PRD-NMFVUPZH2GK6,CLI-85YDFVO0Z4IW,Withdrawal,,379.7,USD,,POS,,,,Colombia,Bogotá,Approved,00,False,10.4,-0.7050714,-0.8988292
TRX-EAKV5I6XIFFDT42C1CEF,2026-06-01 23:47:56,2026-06-01,PRD-QTWT8W35ISV5,CLI-HTF9R8MWCBCU,Purchase,Food,52562.79,ARS,150.18,POS,,Tienda Don José,Food,Argentina,Rosario,Approved,00,False,24.55,,
TRX-6HK28BXSV7QEMD9B1ATY,2026-06-01 11:00:56,2026-06-01,PRD-QSRZZ7NK0O0K,CLI-XW8BWE9T49ZP,Adjustment,,2280356.52,COP,570.09,ATM,SUC-22RCTEVV,,,Colombia,Cali,Approved,00,False,6.66,,
TRX-PXOHTVBFNSI7LWAQARN2,2026-06-02 02:04:48,2026-06-01,PRD-4ION9GQZV3P1,CLI-ETRE51LDW68B,Purchase,Food,167.29,USD,,POS,,Mercado Central,Food,México,,Approved,00,False,13.01,,
TRX-XMWOWPMPPCCMGU3GTSMZ,2026-06-01 18:27:38,2026-06-01,PRD-ZFAP1VH5RLKF,CLI-PY4879ZQBSHB,Payment,Food,354.64,USD,,POS,,,,México,Puebla,Approved,00,False,19.55,,
TRX-E0PRCUR528ZV2JWPK7XW,2026-06-01 08:12:49,2026-06-01,PRD-UKOCM5WKUQPS,CLI-Y7IW0Y9K1BEX,Purchase,Entertainment,733695.81,COP,183.42,ATM,SUC-3FS5CHQJ,,Entertainment,Colombia,Cartagena,Approved,00,False,,5.2679812,-74.6551927
TRX-2AEW8R7ONWHXNMI0PAZZ,2026-06-01 23:10:29,2026-06-01,PRD-0YM86J0D4774,CLI-6FQ5CG0VV789,Transfer,,25058227.29,COP,6264.56,App,,,,Colombia,Barranquilla,Approved,00,False,6.78,,
TRX-1S44KPTKU2FKSZERJ7QS,2026-06-01 07:32:28,2026-06-01,PRD-1Y8JOPAGFZ7Z,CLI-LT2Y7CSJPRMM,Withdrawal,,471.95,USD,,Web,,,,México,Puebla,Approved,00,False,29.73,,
TRX-XZOGKWS4HGNCNLPX8V2W,2026-06-01 22:47:28,2026-06-01,PRD-L75CPS550PNL,CLI-9FI6B0B3QPKB,Withdrawal,,46852.64,ARS,133.86,POS,,,,Argentina,Rosario,Approved,00,False,0.34,,
TRX-AAI1TAGIBDSPYMLQCLV5,2026-06-02 00:56:21,2026-06-01,PRD-18FIIR2WJX3X,CLI-4FEONPWMN1OU,Withdrawal,,167.78,USD,,Web,,,,México,Tijuana,Approved,00,False,28.12,,
TRX-H50D55WIHLTLQF6EW4MY,2026-06-01 12:52:06,2026-06-01,PRD-LYQ1O8IUZGKN,CLI-1L2S34MU0XGG,Payment,Other,151.97,USD,,App,,,,México,,Approved,,False,8.13,,
TRX-ZZ9Z29KL8O7WYVUC77SN,2026-06-01 09:41:21,2026-06-01,PRD-Y0CDUH0B1UQ4,CLI-62TM4HHZAP3N,Purchase,Food,99.94,USD,,POS,,Super Ahorro,Food,USA,Los Angeles,Approved,00,False,,,
TRX-UGRO43K93F123E3P7NPF,2026-06-01 08:55:57,2026-06-01,PRD-HSL149BOBRHA,CLI-V47KJCA32I44,Purchase,Entertainment,272.74,USD,,ATM,SUC-FFI5DAEC,Teatro Nacional,Entertainment,México,Querétaro,Approved,00,False,29.87,,
TRX-BJFMJTV9S2WK5H654VWJ,2026-06-02 01:08:20,2026-06-01,PRD-G5628KPTFKSH,CLI-PPCFOE19RCGN,Purchase,Entertainment,245.73,USD,,App,,Teatro Nacional,Entertainment,México,Monterrey,Approved,00,False,10.77,,
TRX-PD58C0YV0Q573918ULL9,2026-06-01 11:53:04,2026-06-01,PRD-H2RQXKREF7Z7,CLI-3XIHPJACDTNT,Transfer,,8462.3,USD,,ATM,SUC-9L4T3P44,,,México,Guadalajara,Approved,00,False,20.84,-0.4585707,0.8982476
TRX-Z08YUK9XLXFG13SA4D1W,2026-06-02 01:48:10,2026-06-01,PRD-OWKNGYUBLT4I,CLI-VN26DL64O6C9,Deposit,,91.03,USD,,ATM,SUC-S3V4CSL0,,,México,,Approved,00,False,10.89,0.5162975,0.3703672
TRX-HVIJ7WRD0ZT9LBMDNXHI,2026-06-01 10:48:46,2026-06-01,PRD-WFQCLLHVM7MM,CLI-RYXK2QC5AG24,Withdrawal,,25107.26,ARS,71.74,Branch,SUC-8433QXQ4,,,Argentina,Córdoba,Approved,00,False,26.3,-34.5971594,-57.6794715
TRX-W7W969LAGASN9DUYUMW7,2026-06-01 06:18:58,2026-06-01,PRD-VGWAP2T6HODE,CLI-EU7YAAIRDR9L,Deposit,,2970.67,USD,,App,,,,Argentina,Mendoza,Declined,54,False,1.18,,
TRX-AK2QJQD8FFJX903S6770,2026-06-01 09:58:03,2026-06-01,PRD-V8J6IIGRE8LP,CLI-BI8XB7IHSJYJ,Deposit,,4988199.18,COP,1247.05,Web,,,,Colombia,Medellín,Approved,00,False,,,
TRX-GZD7CGDHIMH8PIZAVZMT,2026-06-01 07:43:19,2026-06-01,PRD-JCUM3VS114KS,CLI-70H5RA6A4WU7,Purchase,Food,128.06,USD,,Web,,Tienda Don José,Food,México,,Approved,00,False,24.67,,
TRX-NUZVI5GE1SC1MMLGOS89,2026-06-02 00:00:06,2026-06-01,PRD-STDTJG5H039I,CLI-ZS2L1VHUVAZD,Purchase,Food,42.71,USD,,ATM,SUC-9L4T3P44,Restaurante El Buen Sabor,Food,México,Ciudad de México,Approved,00,False,,,
TRX-G7M2BO91877C2ABI2VGC,2026-06-01 11:51:36,2026-06-01,PRD-8QK3N7MZ6FN2,CLI-JKJ1IPGNJXTG,Purchase,Entertainment,85326.76,ARS,243.79,Transfer,,Conciertos Live,Entertainment,Argentina,Córdoba,Approved,00,False,,,
TRX-TYNKVLZFCKUODSIRWITH,2026-06-02 01:34:04,2026-06-01,PRD-5P0XVR4YN7EB,CLI-GDQ39XUQ6M3T,Purchase,Food,791250.03,COP,197.81,POS,,Mercado Central,Food,Colombia,Cartagena,Approved,00,False,14.24,,
TRX-IBXLR7T0ONAB376MYN0V,2026-06-01 06:00:46,2026-06-01,PRD-XJ0H7OH9XF71,CLI-ZM9PB2D79OGY,Purchase,Other,1883541.87,COP,470.89,POS,,Tienda General,Other,Colombia,Cali,Approved,00,False,24.13,,
TRX-W8WQLGEMGNCJ5XT26488,2026-06-02 05:42:55,2026-06-01,PRD-R4LAAGUB3RU0,CLI-HJCOX5WKJ23W,Purchase,,292.84,USD,,POS,,Streaming Music,Entertainment,México,Ciudad de México,Approved,00,False,5.33,,
TRX-OW9MUNIJD45QUAGD9O69,2026-06-02 01:23:32,2026-06-01,PRD-ZVSN4KEGHDLN,CLI-5FV918X23JNA,Purchase,Services,1055959.77,COP,263.99,POS,,Internet Plus,,Colombia,,Approved,00,False,28.01,4.8859055,-74.9843055
TRX-F8UF8B8HFPA294Q7VOL7,2026-06-01 18:39:29,2026-06-01,PRD-HEXQKC80FR0H,CLI-K80C5JXAE4D9,Purchase,Entertainment,231.93,USD,,POS,,,Entertainment,México,Monterrey,Approved,00,False,27.43,,
TRX-C6Q606CAJRN2PC1F1Q17,2026-06-01 23:37:19,2026-06-01,PRD-Y3G0BQMBOJDD,CLI-NR8FJQLRGC96,Transfer,,7909.85,USD,,POS,,,,México,Querétaro,Approved,00,False,24.19,,
TRX-96UT5A4M4TQZ28QE4HIR,2026-06-02 04:21:13,2026-06-01,PRD-RK1WC000AGJM,CLI-MVWU0CLB76IU,Purchase,Food,124601.14,ARS,356.0,POS,,Restaurante El Buen Sabor,Food,Argentina,Córdoba,Approved,00,False,18.47,-35.1017527,-58.2353411
TRX-9F4WEI0Q4TSR1KRA4GET,2026-06-01 23:08:42,2026-06-01,PRD-OMUZ7EJJOEAT,CLI-5PJV5LADNPVK,Purchase,Services,957109.73,COP,239.28,App,,Internet Plus,Services,Colombia,Barranquilla,Approved,00,False,29.04,,
TRX-AATCPDWD3CR3IICTSCWI,2026-06-01 19:43:03,2026-06-01,PRD-AOLUA836PQ1S,CLI-SGHSBO8JS5YS,Deposit,,19340021.08,COP,4835.01,ATM,SUC-M447M9GU,,,Colombia,,Approved,00,False,,,
TRX-UCYYX2SUFNG4Q5WOYLLN,2026-06-01 11:32:34,2026-06-01,PRD-XN3094XVWQGU,CLI-7CBLDUO2LU3M,Payment,Transport,222528.98,ARS,635.8,POS,,,,Argentina,,Approved,00,False,25.7,-34.9640507,-57.5680124
TRX-4IGSUPW6T1LYQP21OYBI,2026-06-01 09:31:58,2026-06-01,PRD-59O5ORQQWOKK,CLI-FID87U1MAPO6,Payment,Services,861.13,USD,,ATM,SUC-N1ZUF3PF,,,Spain,Barcelona,Approved,00,False,0.24,,
TRX-9JXR04L2TNBMESIBDD5P,2026-06-01 11:08:06,2026-06-01,PRD-RPOIM019Z16D,CLI-BLCL6RZRBE0F,Deposit,,3657.62,USD,,App,,,,México,Querétaro,Approved,00,False,17.65,,
TRX-NZYNC4TQYY7SURX8ZGJ2,2026-06-01 06:06:55,2026-06-01,PRD-K6NC33VUJ8GV,CLI-8S6JHHB9M85V,Withdrawal,,224.29,USD,,POS,,,,México,Puebla,Approved,00,False,,-0.3236528,0.4547709
TRX-C1YVD3R91MRH009V7DSN,2026-06-01 15:28:07,2026-06-01,PRD-P3DM0B2DEPQG,CLI-GULFKOL27JAO,Purchase,Transport,1339401.4,COP,334.85,POS,,Taxi Seguro,Transport,Colombia,Medellín,Approved,00,False,15.77,,
TRX-QCGH1X05XB2E73NVQZ72,2026-06-01 14:47:34,2026-06-01,PRD-2PKKXXAM1KKE,CLI-Q1XD5DF5T4FE,Purchase,Entertainment,410.29,USD,,ATM,SUC-8XAGRKOC,Streaming Music,Entertainment,México,Puebla,Approved,00,False,6.41,,
TRX-IA29J6CWAZSKCGPYQ6M8,2026-06-02 02:51:16,2026-06-01,PRD-DOF9TJXYOXWX,CLI-D0G4TJ08ATXA,Transfer,,2853727.73,ARS,8153.51,ATM,SUC-5S93Z8YS,,,Argentina,,Approved,00,False,6.44,,
TRX-5KTOOSZ9USY3C0YB3884,2026-06-01 06:55:57,2026-06-01,PRD-OCMIA915LM9P,CLI-E66AOXTJHV82,Withdrawal,,107228.12,ARS,306.37,App,,,,Argentina,La Plata,Approved,00,False,17.44,,
TRX-XW5GOAXPYSVQXIEVUPWF,2026-06-01 15:42:37,2026-06-01,PRD-1FJN9B051KL0,CLI-M9GLV722WJZL,Purchase,Services,447.4,USD,,App,,Servicios Públicos,Services,Colombia,Bogotá,Approved,00,False,,,
TRX-EEF4D4CQCV3FQYMDID68,2026-06-01 18:47:12,2026-06-01,PRD-Y515KLPHKRK5,CLI-T740V30LTZCI,Payment,Services,618.67,USD,,ATM,SUC-9J6GQRJ4,,,México,Puebla,Approved,00,False,28.62,,
TRX-WWER4PFSCK58L473Q703,2026-06-02 05:39:30,2026-06-01,PRD-83PUCWJRLUVT,CLI-0JBNW56X2AEF,Withdrawal,,453.63,USD,,POS,,,,México,Guadalajara,Approved,00,False,17.83,,
TRX-KN21S0949LSSCWGM31Q8,2026-06-01 15:41:11,2026-06-01,PRD-MPSJGWHEXW7S,CLI-1XHEF2E60M3Z,Payment,Transport,321609.0,ARS,918.88,Branch,SUC-ZVPEMWQP,,,Argentina,,Approved,00,False,0.62,,
TRX-BE72W472E46CU5K5EDU3,2026-06-01 15:31:27,2026-06-01,PRD-XTVLBVE5ZAIE,CLI-KF60VKS76QDK,Purchase,Services,130.11,USD,,POS,,Internet Plus,Services,México,Tijuana,Approved,00,False,29.73,,
TRX-7XXU75TCE8JP160VIQLE,2026-06-02 04:43:41,2026-06-01,PRD-L5AKDF1DL31Z,CLI-JSHI0U3116KG,Withdrawal,,420.17,USD,,ATM,SUC-S3V4CSL0,,,México,Querétaro,Approved,00,False,,0.7829352,-0.9685166
TRX-9T1I78NBB7KBD80WKTX3,2026-06-01 12:48:31,2026-06-01,PRD-T2PHUJ85L2AW,CLI-2JCZYB5G0FPB,Withdrawal,,92.65,USD,,POS,,,,México,Monterrey,Approved,00,False,,-0.7335161,-0.5632288
TRX-1AV1USBI1UBUT3PIUN4L,2026-06-01 15:39:51,2026-06-01,PRD-HZSJNYNPHSMG,CLI-TRD0IQB604RL,Deposit,,1079907.46,ARS,3085.45,ATM,SUC-39R34AY6,,,Argentina,Córdoba,Approved,00,False,13.2,-35.1079816,-58.2872664
TRX-79363W7LE4Q4YXZIH19A,2026-06-01 10:12:34,2026-06-01,PRD-66E2ET8D5QA8,CLI-J1SJSXE90ZOQ,Purchase,Other,135.74,USD,,ATM,SUC-KD93KQ8I,Ferretería,Other,México,Tijuana,Approved,00,False,,,
TRX-TNF6RVSMFOFET6CO003Y,2026-06-01 06:41:40,2026-06-01,PRD-GLD3Y942I1XL,CLI-X2C4RMOFOPET,Transfer,,15171028.79,COP,3792.76,ATM,SUC-E1VTXGEU,,,Colombia,Cartagena,Approved,00,False,18.08,4.1876299,-73.5592325
TRX-HNS3G81BF5THXIDEK42P,2026-06-02 02:50:21,2026-06-01,PRD-BMPGI8K65KAP,CLI-JR5C3NZ4XIWV,Payment,Health,1772.91,USD,,Web,,,,México,Tijuana,Approved,00,False,3.16,,
TRX-Q6TG2UDR6FJHX9O6EQLT,2026-06-01 21:27:03,2026-06-01,PRD-5JHC9659XXHI,CLI-7YMNCRKUCFFE,Withdrawal,,263.68,USD,,POS,,,,México,Querétaro,Approved,00,False,,-0.715957,
TRX-8Z1HSPXB3TEO84FK98XW,2026-06-01 08:43:16,2026-06-01,PRD-9Z6K7M60TRBY,CLI-VICQGFN1M15U,Withdrawal,,342.07,USD,,App,,,,México,Tijuana,Approved,00,False,5.64,,
TRX-W5E0OCYDHLZQ9DLCYAXR,2026-06-01 18:52:47,2026-06-01,PRD-SLRPYTVT2FBZ,CLI-HOD62T0CSDJM,Purchase,Food,182.45,USD,,App,,Restaurante El Buen Sabor,Food,México,Puebla,Approved,00,False,19.65,,
TRX-T5Q4DLYKKZQAW7FG3DJC,2026-06-01 13:11:27,2026-06-01,PRD-1EZ8NYIQMK09,CLI-U1CK0PIY7OW3,Withdrawal,,314.2,USD,,Web,,,,México,Puebla,Approved,00,False,4.34,,
TRX-UNQ98SQX4JDZYL7NMON6,2026-06-01 16:41:55,2026-06-01,PRD-GNZN1OBDNFCP,CLI-IYAFO4O4CG5R,Deposit,,642.47,USD,,Web,,,,México,Tijuana,Approved,00,False,22.51,,
TRX-RVYLXTQBJAMHA4Q23T4G,2026-06-01 23:43:23,2026-06-01,PRD-6YQXECYHH0UV,CLI-ERD4BCNMHIWM,Transfer,,332.32,USD,,POS,,,,México,Monterrey,Approved,00,False,,,
TRX-D19CEEC1PRIL1U1QKSMX,2026-06-02 00:33:08,2026-06-01,PRD-UMO78JDV2HP7,CLI-3CHEQKKLB6U3,Purchase,Transport,133664.4,ARS,381.9,ATM,SUC-PJ3BSV1X,Gasolinera Express,Transport,Argentina,Rosario,Approved,00,False,,,
TRX-CPAI2JYHAVB574A3D9CP,2026-06-01 22:14:36,2026-06-01,PRD-8GP04V89AZO0,CLI-LWXCC13QZ8MH,Purchase,Health,111.38,USD,,Branch,SUC-YJSI0V1D,Óptica Visión,Health,México,Tijuana,Approved,00,False,9.95,,
TRX-YLVU8KPKPVF0PCY8TPI6,2026-06-01 18:50:00,2026-06-01,PRD-7LWDCJRCEEU3,CLI-FGMNOAB78YIG,Purchase,,170461.57,ARS,487.03,POS,,Super Ahorro,,Argentina,Buenos Aires,Approved,00,False,,,
TRX-7U4JPL2N5TOYB74B4SVY,2026-06-01 11:30:57,2026-06-01,PRD-O5F9D613QOWE,CLI-02CUZODN2ELC,Withdrawal,,484.92,USD,,Web,,,,México,Monterrey,Approved,00,False,20.07,,
TRX-37GE1N0OII3F679XY2CO,2026-06-01 22:50:14,2026-06-01,PRD-2UK0V6JXF45K,CLI-9E3S42W31OO4,Purchase,Food,240.77,USD,,App,,Super Ahorro,Food,México,Puebla,Approved,00,False,23.59,,
TRX-SWAESE188EFIB5GYROXZ,2026-06-01 21:32:28,2026-06-01,PRD-W0ZM14QMHX94,CLI-JLLEM8RQT11E,Purchase,Food,1767446.29,COP,441.86,App,,Super Ahorro,Food,Colombia,Cartagena,Declined,14,False,13.05,,
TRX-8T06M24G838BS11K7DJM,2026-06-01 10:40:26,2026-06-01,PRD-FHBRFP23LUBH,CLI-V2CE8END9KD4,Deposit,,74.54,USD,,App,,,,México,Puebla,Approved,00,False,20.23,,
TRX-WZTTW7E4XC00NWMN6QDB,2026-06-01 14:48:41,2026-06-01,PRD-IP57ZRU6BLFC,CLI-ZVFCTL7FMR57,Payment,Food,69911.2,ARS,199.75,Branch,SUC-UUF77WSC,,,Argentina,,Approved,00,False,,,
TRX-3FTM72S0GBH4176AC185,2026-06-01 15:39:53,2026-06-01,PRD-D1UI8KATO5ZC,CLI-R98OR46SGRMX,Deposit,,440.62,USD,,POS,,,,México,Puebla,Approved,00,False,25.0,,
TRX-J0V5SM6JKM5KMTUITJCA,2026-06-01 17:38:25,2026-06-01,PRD-FGVSXLL22NL5,CLI-GVTP332BBNSQ,Withdrawal,,110.41,USD,,ATM,SUC-PFXHRCSW,,,México,Ciudad de México,Approved,00,False,15.54,,
TRX-8K6HMIKSG6RF5IERCK6Q,2026-06-01 09:18:36,2026-06-01,PRD-64IVTERG3HUE,CLI-5GBE346DK7CC,Purchase,Transport,99295.09,ARS,283.7,ATM,SUC-2VHGDILI,Estación de Servicio,Transport,Argentina,Córdoba,Approved,00,False,15.12,-34.822146,-58.4973363
TRX-OOCGM70JWOAQWY4HB19H,2026-06-01 15:32:33,2026-06-01,PRD-GFNRVXJZG5ME,CLI-HOWPC4O4R1IJ,Purchase,Transport,27667.77,ARS,79.05,POS,,Estación de Servicio,Transport,Argentina,,Approved,00,False,28.42,-34.1631119,
TRX-TM75ZWCT1DEX3N0WYVHM,2026-06-01 09:33:22,2026-06-01,PRD-XP7IN50QWMD9,CLI-ZAJT8CYRETV6,Transfer,,2477.58,USD,,POS,,,,México,Guadalajara,Approved,00,False,,,
TRX-2WU1IAK41NB477X59U69,2026-06-01 14:56:50,2026-06-01,PRD-KKVHKF04N5R9,CLI-IV7TAL77H05O,Withdrawal,,707558.62,COP,176.89,POS,,,,Colombia,Barranquilla,Approved,00,False,3.67,,
TRX-VSK1VFRUO4V5CPF9M92R,2026-06-01 12:01:51,2026-06-01,PRD-31X9IVXDIAQ8,CLI-X87QLHSM7GU1,Purchase,,636816.7,COP,159.2,ATM,SUC-H24HUACK,Super Ahorro,Food,Colombia,Barranquilla,Approved,00,False,5.12,,
TRX-UBP70AC9IUO4Z1DQ1AGU,2026-06-01 16:49:05,2026-06-01,PRD-C2C9KNNM6ZCC,CLI-KCHH2C7XXH79,Deposit,,2855.47,USD,,ATM,SUC-5FDGLKJX,,,México,Puebla,Approved,00,False,9.64,,
TRX-NXID38F1XSVUU6MCKBVH,2026-06-01 08:55:02,2026-06-01,PRD-FQLDKVYT7AUT,CLI-CW7N4C5XKHT0,Purchase,Health,230.65,USD,,ATM,SUC-LBPQUZ4D,Clínica Médica,Health,México,Ciudad de México,Approved,00,False,28.24,0.9972872,0.8413448
TRX-VB4WA0X8WSBZJL1YNDBI,2026-06-01 16:17:17,2026-06-01,PRD-I1DH43P11BH5,CLI-66EXKAIA0P6K,Deposit,,1652.25,USD,,POS,,,,México,Tijuana,Approved,00,False,28.03,,
TRX-P3H4BP9IDFKD2LGDZJBE,2026-06-01 18:56:39,2026-06-01,PRD-779NY2BSBGCE,CLI-V5JI4YMMDP38,Withdrawal,,1770756.1,COP,442.69,POS,,,,Colombia,Medellín,Approved,00,False,8.71,,
TRX-UQH4VGKIPF4B0ER166AZ,2026-06-01 06:02:24,2026-06-01,PRD-EZ1PGNT5AOYH,CLI-8772EHVQMQ9S,Deposit,,1601926.17,ARS,4576.93,Web,,,,Argentina,,Approved,00,False,13.7,,
TRX-4KNHMNI8S229YVU5BA7M,2026-06-01 06:27:32,2026-06-01,PRD-XR9DLWNL83B6,CLI-YJYD32UV0PUM,Transfer,,3105671.08,ARS,8873.35,POS,,,,Argentina,La Plata,Pending,54,False,14.43,,
TRX-1UO8FIIVTU8YR0IJMAAU,2026-06-01 15:54:30,2026-06-01,PRD-9E8TF9Q4574T,CLI-QR1CX0F2BL1D,Purchase,Services,83169.83,ARS,237.63,Web,,Empresa Telefónica,Services,Argentina,Rosario,Approved,00,False,13.62,,
TRX-1A1RVNCOK7T3YLTML98F,2026-06-02 01:32:34,2026-06-01,PRD-HNONNWBX7HE8,CLI-VTVKVGRQ8WIX,Payment,Other,767.19,USD,,ATM,SUC-1G7XCTV8,,,México,Puebla,Declined,51,False,25.45,-0.6551723,-0.6499137
TRX-CJSIVWH2FVXB1N3NHWA4,2026-06-02 01:28:50,2026-06-01,PRD-ZTI8VHSWCJKD,CLI-L4RCOR6DMIRJ,Adjustment,,2580064.09,COP,645.02,ATM,SUC-OFZKCO6O,,,Colombia,,Approved,00,False,4.61,,
TRX-VDNA2RR2B42WT6F9H8PJ,2026-06-01 10:08:11,2026-06-01,PRD-8WTIHX8SQW4K,CLI-DZA97C2QXGJW,Purchase,Food,392.84,USD,,App,,Super Ahorro,Food,México,Monterrey,Approved,00,False,2.16,,
TRX-L4Y8NZR40A9STLQ6FS1V,2026-06-01 09:16:00,2026-06-01,PRD-0DLMRB8JLY0I,CLI-ZX8CZXIATAH0,Payment,Transport,1815.99,USD,,POS,,,,México,Monterrey,Approved,00,False,11.11,,
TRX-1CY0U7OWKD4NFK8UI1PA,2026-06-01 18:01:57,2026-06-01,PRD-THIEJALAXLI9,CLI-8GLLP5C9POXT,Payment,Other,85571.88,ARS,,App,,,,Argentina,La Plata,Approved,00,False,17.33,,
TRX-BZIY3OD88DQ486KDU19B,2026-06-01 07:10:39,2026-06-01,PRD-DCEHA4GUS110,CLI-NCEX3FKZ9Q3X,Purchase,Transport,226.1,USD,,POS,,Estación de Servicio,Transport,México,Monterrey,Approved,00,False,16.11,-0.1991771,-0.2248214
TRX-6BHXJKYR85CZN7PBE5ZM,2026-06-01 09:42:05,2026-06-01,PRD-2O7QZMMBR9RA,CLI-E1HVKD1F5N1B,Payment,Entertainment,1841.34,USD,,ATM,SUC-QVGF07AP,,,México,Ciudad de México,Approved,00,False,21.58,,
TRX-EC24853XR0GBJJPBOUBI,2026-06-01 16:31:17,2026-06-01,PRD-28H87562F25I,CLI-CXJ8ERV4G19H,Deposit,,19596622.9,COP,,ATM,SUC-4IFX1CUR,,,Colombia,Cali,Approved,00,False,20.06,4.3486593,-73.8364047
TRX-LY94T01IYLUYT27IEOU4,2026-06-01 09:29:02,2026-06-01,PRD-LFX8ICCQR24Y,CLI-JJIZTNVNWKA4,Adjustment,,786.92,USD,,ATM,SUC-ADIYTS49,,,México,Ciudad de México,Approved,00,False,15.87,-0.2132896,-0.3887647
TRX-93E0OI301S14735WUYQ6,2026-06-02 05:23:56,2026-06-01,PRD-GFP7EE23ISZP,CLI-JH3HACRZ7UXR,Transfer,,24021718.76,COP,6005.43,App,,,,Colombia,Cartagena,Approved,00,False,,,
TRX-7S2P766O1PZM8WME9DB3,2026-06-02 03:39:17,2026-06-01,PRD-PRJQSNY4FOFH,CLI-V5KN6588VGKW,Withdrawal,,301433.86,COP,,POS,,,,Colombia,Barranquilla,Approved,00,False,27.12,5.1191528,-73.8473741
TRX-SZFDTTR9TUNGKWMGBQ28,2026-06-01 06:39:25,2026-06-01,PRD-ZHLSUWWUJGMF,CLI-BDP9LUHCEP4P,Withdrawal,,237.77,USD,,App,,,,México,Tijuana,Approved,00,False,,,
TRX-20BTJRL30DJJJMIK5ULW,2026-06-01 22:41:31,2026-06-01,PRD-0I8EHKX9YW11,CLI-NO5OI59LID83,Payment,,3697700.66,COP,924.43,POS,,,,Colombia,Cartagena,Approved,00,False,21.35,,
TRX-K7EQR89CMKK6JGPWKKTZ,2026-06-01 21:24:54,2026-06-01,PRD-5V1Y3P1592B6,CLI-GVTG020LZL5O,Transfer,,26938689.65,COP,6734.67,App,,,,Colombia,Medellín,Approved,00,False,18.84,,
TRX-D7JNLWM45KDRQS00QQVY,2026-06-01 21:27:34,2026-06-01,PRD-89DHTW6GT21O,CLI-U3YACCXQCSQT,Purchase,,118986.05,ARS,,ATM,,Farmacia Salud,Health,Argentina,Córdoba,Approved,00,False,21.78,,
TRX-029NWJV8KHAQCJC4BFZC,2026-06-01 22:14:05,2026-06-01,PRD-VK64KZPD1X1E,CLI-BOKAPY2G68SM,Transfer,,9433.59,USD,,Web,,,,México,Ciudad de México,Approved,00,False,12.38,,
TRX-N4M926C0SSNSKHRS8RNY,2026-06-02 03:15:27,2026-06-01,PRD-40WPXVZZVPQN,CLI-QSG7H4526G7H,Transfer,,33820571.46,COP,8455.14,Web,,,,Colombia,Barranquilla,Approved,00,False,,,
TRX-0YL0T10FE31R0HX6CPXJ,2026-06-01 21:07:36,2026-06-01,PRD-URU9BNTX0W9M,CLI-RUIWEORND5BA,Purchase,Health,1566287.06,COP,391.57,Web,,Laboratorio Central,Health,Colombia,Medellín,Approved,00,False,2.09,,
TRX-IPCQ7IW54XIBO3ENJPZA,2026-06-01 14:29:08,2026-06-01,PRD-WOTVC3TJWMK7,CLI-0EQAL5B0SSL9,Purchase,Entertainment,101246.51,ARS,289.28,POS,,Cine Premium,Entertainment,Argentina,Córdoba,Approved,00,False,,,
TRX-OXU5N61BPBX3NNKB948O,2026-06-02 05:15:40,2026-06-01,PRD-M6Y51U28LW6O,CLI-CVFDE8KLAB1U,Deposit,,440.06,USD,,ATM,SUC-ISPO1DES,,,México,Querétaro,Approved,00,False,,,
TRX-6A9ZDKKXNSM9M4Z5YI2V,2026-06-01 06:56:18,2026-06-01,PRD-3XG1PZIJ8XZQ,CLI-88WPRU4UE1N1,Purchase,Entertainment,260.42,USD,,ATM,SUC-OZH64PX1,Cine Premium,,México,Puebla,Approved,00,False,28.98,,
TRX-4KWLJMPC1YN7DV5M2XIB,2026-06-01 17:51:10,2026-06-01,PRD-G6OPYK8DQSFF,CLI-A9MM2F1NQI1U,Withdrawal,,1434619.32,COP,358.65,ATM,SUC-UJA1ZE8Q,,,Colombia,Cartagena,Approved,00,False,2.82,3.7489933,-74.6935785
TRX-1AT92NYE0EA0OU890G65,2026-06-01 16:18:36,2026-06-01,PRD-WQ1SQYUOXOQX,CLI-RQ0EMPQ295AR,Purchase,Other,456.61,USD,,Transfer,,Centro Comercial,Other,México,,Approved,00,False,,,
TRX-DO5LMVI77T9GHLRSEI6W,2026-06-01 17:28:41,2026-06-01,PRD-5U30NQVEA9O5,CLI-M3S6RZQ8XEDP,Transfer,,1740431.53,ARS,4972.66,Branch,SUC-F321UEME,,,Argentina,Córdoba,Approved,00,False,8.26,-34.1759892,-58.7118382
TRX-NVA8CB1X8CYOLHN3CQNC,2026-06-02 04:14:15,2026-06-01,PRD-JN8Q4FQSO47W,CLI-0P4BPN2KCX6D,Withdrawal,,79423.83,ARS,226.93,ATM,SUC-UUF77WSC,,,Argentina,Buenos Aires,Approved,00,False,21.73,,
TRX-8PLUF1PUQ3UHZMZGVKKU,2026-06-02 03:50:14,2026-06-01,PRD-QL384CFJNSUD,CLI-2CJB1VNYKZC9,Adjustment,,1804798.94,COP,451.2,ATM,SUC-OPPQ932B,,,Colombia,Cali,Approved,00,False,29.99,,
TRX-G8YV0E6EESXLDDCET373,2026-06-01 13:56:29,2026-06-01,PRD-FR54TM6OIOLF,CLI-B5NGU3LB9RK8,Transfer,,3204607.96,ARS,9156.02,POS,,,,Argentina,Córdoba,Approved,00,False,21.15,,
TRX-HYT59DOA3T4T5D0NOLZZ,2026-06-02 02:06:01,2026-06-01,PRD-FNECTQOML3OY,CLI-B1DJ3DV179X7,Adjustment,,285.2,USD,,POS,,,,México,Querétaro,Approved,00,False,24.01,,
TRX-Z4ZTVZ79WI09GT4FGKDX,2026-06-01 16:15:17,2026-06-01,PRD-K6XV4F6KPJQH,CLI-HWSA2X99HCFJ,Payment,Services,597922.02,ARS,1708.35,Web,,,,Argentina,,Approved,00,False,18.75,,
TRX-V18918CP1I7VBFU892T1,2026-06-01 14:24:37,2026-06-01,PRD-3EMMD9R7HXH9,CLI-0N6ACLY3NQGO,Adjustment,,32.63,USD,,App,,,,México,Querétaro,Approved,00,False,11.21,,
TRX-48MBJLGJP9LWA4ET3BWH,2026-06-01 16:39:59,2026-06-01,PRD-8GR02AK56DJI,CLI-AU4ELSRM585I,Deposit,,1481.48,USD,,Web,,,,México,Ciudad de México,Approved,00,False,22.53,,
TRX-2JM22RLBEZQJIV8QRIUD,2026-06-02 05:17:57,2026-06-01,PRD-JMY5S2I5DI2A,CLI-NJ2H7HMB5GGU,Withdrawal,,109756.54,ARS,313.59,POS,,,,Mexico,,Declined,14,False,7.9,,
TRX-FL5W7ALNTQLN5RDT3C5V,2026-06-01 19:15:52,2026-06-01,PRD-9C0E9ZHW48KO,CLI-FWZNKZEG500M,Deposit,,1793191.9,COP,448.3,App,,,,Colombia,Medellín,Approved,00,False,21.3,,
TRX-DY5FKMOQ2UYGE7VRR6F5,2026-06-01 12:53:17,2026-06-01,PRD-HGV5YRO9I04D,CLI-XHM8PBGBKPFT,Deposit,,3556.17,USD,,App,,,,México,Ciudad de México,Approved,00,False,1.04,,
TRX-96WER586UOTCLWBTOZKS,2026-06-02 00:42:47,2026-06-01,PRD-KEHOW8X6O1IM,CLI-VEVD8SPLHU19,Adjustment,,507.31,USD,,Web,,,,México,,Approved,00,False,29.22,,
TRX-H3MLCFOSTI8KM50TOKYM,2026-06-01 08:17:06,2026-06-01,PRD-WOIXJYXNFEHZ,CLI-8D90OVLYRUIN,Transfer,,1943700.42,ARS,5553.43,POS,,,,Argentina,Buenos Aires,Approved,00,False,28.74,,
TRX-ACZ5LYLFR877MHVXBK8I,2026-06-02 00:06:24,2026-06-01,PRD-MJHYL1A0L2YZ,CLI-QAKDET1WAP4X,Transfer,,2799.87,USD,,POS,,,,Colombia,Bogotá,Approved,00,False,26.69,,
TRX-I72FZZ0YRGQB1PI4WR25,2026-06-01 19:10:31,2026-06-01,PRD-0UV80Q4JAMZJ,CLI-7KLTVBQD72SM,Transfer,,6666.71,USD,,ATM,SUC-0LZRXHCF,,,Argentina,Buenos Aires,Approved,00,False,29.7,,
TRX-8KQEO44XM6RA9F4Y330W,2026-06-02 05:16:45,2026-06-01,PRD-2093OUQ5H6BX,CLI-IVJH12CUN6HZ,Deposit,,4463.19,USD,,ATM,SUC-XHNP3DLP,,,Argentina,Mendoza,Approved,00,False,1.99,,
TRX-62M7DLU5Y6KQC0FKLOUL,2026-06-01 14:05:18,2026-06-01,PRD-47B11GC1B2KE,CLI-XOYPT38SPUND,Deposit,,10931021.0,COP,2732.76,POS,,,,Colombia,Cartagena,Declined,14,False,29.36,,
TRX-Y7CQTU9H1BINMTEC3I35,2026-06-01 13:04:18,2026-06-01,PRD-2HS81OEB14L8,CLI-70NJK3W6C0P8,Transfer,,2845.08,USD,,POS,,,,México,Monterrey,Approved,00,False,19.07,,
TRX-R71APUISS4X8LVS3KGEN,2026-06-01 22:18:50,2026-06-01,PRD-1K4QX39V49XT,CLI-MPKS2AJZB4SR,Deposit,,4228.12,USD,,Web,,,,México,Guadalajara,Approved,,False,5.39,,
TRX-FAV5PTO0ZWCPCTHQVQBG,2026-06-01 12:50:22,2026-06-01,PRD-OAZXMY4HLKXW,CLI-GSU17PP2TZ1N,Deposit,,970.89,USD,,ATM,SUC-JGJN78RV,,,México,Tijuana,Approved,00,False,29.75,,
TRX-IU7SF02RQLDR3Z2XE17I,2026-06-01 12:42:06,2026-06-01,PRD-9JI5DGZ9Y1ZX,CLI-P03IX6GMQGNN,Purchase,Health,365.69,USD,,App,,Óptica Visión,Health,México,Querétaro,Approved,00,False,,,
TRX-XJETJZQ4I0KE3120IMP8,2026-06-01 17:57:58,2026-06-01,PRD-HG61OX15PM8K,CLI-4TBUSKY4X4QA,Adjustment,,3674396.98,COP,918.6,App,,,,Colombia,,Approved,00,False,,,
TRX-HI47MEWMQ04K6P0PLDMW,2026-06-01 09:40:33,2026-06-01,PRD-RTIHF113IRUL,CLI-672ZPF47335C,Withdrawal,,386.5,USD,,App,,,,Argentina,Rosario,Approved,00,False,11.39,,
TRX-X6XXEXSSVZMBL9U7EYFL,2026-06-01 07:24:06,2026-06-01,PRD-6AQ9WI6BPR64,CLI-PLPXV2VRLSXE,Transfer,,29768712.31,COP,7442.18,Web,,,,Colombia,,Approved,00,False,9.62,,
TRX-YH08NEO35ABW8RNP7ZM0,2026-06-02 04:59:41,2026-06-01,PRD-4SSDXYGF4G4C,CLI-BU9N716YTZ2Y,Transfer,,6683.91,USD,,POS,,,,México,Guadalajara,Approved,00,False,,,
TRX-TDM7MVVZNXC2EKM5U34G,2026-06-01 16:24:56,2026-06-01,PRD-7PYP4AV7ONZ7,CLI-RG1D8O9C8KLR,Transfer,,7417.7,USD,,POS,,,,México,Monterrey,Approved,00,False,19.39,,
TRX-ZANSEVHLDQBC02V2UBYX,2026-06-01 12:14:07,2026-06-01,PRD-T0SRB8QZZO4A,CLI-1D3ND37DTFYU,Transfer,,1955.52,USD,,App,,,,México,Querétaro,Approved,00,False,,,
TRX-LRLR981I71W7GJ93JEPY,2026-06-02 05:44:18,2026-06-01,PRD-WV37ZX6Q09DR,CLI-06NTXLVF8SIP,Transfer,,9227.06,USD,,ATM,SUC-F03D129S,,,Mexico,Ciudad de México,Approved,00,False,29.99,,
TRX-PDAKIPHMIHJ4NRGTWG1V,2026-06-02 01:01:42,2026-06-01,PRD-0FB9YFYX9NK0,CLI-HJ5LA5I6CJEV,Withdrawal,,1102524.79,COP,275.63,Web,,,,Colombia,,Approved,00,False,,,
TRX-ME0C39408U6D4KMEMEYE,2026-06-02 05:28:32,2026-06-01,PRD-A3BRFMIP8QU9,CLI-MBB0R3W14GD4,Transfer,,4315.63,USD,,ATM,SUC-3DCC91G4,,,México,Tijuana,Approved,00,False,20.15,,
TRX-8WMPZ7LQLNMRQRTOV78X,2026-06-01 17:03:13,2026-06-01,PRD-DEGU3YQUKOEW,CLI-2V31HZAKJD21,Purchase,Services,481.12,USD,,App,,Internet Plus,Services,México,Tijuana,Approved,00,False,23.07,,
TRX-JIB4RHDAQANSN4QI1INA,2026-06-02 05:06:13,2026-06-01,PRD-RGP0YF1SB9IW,CLI-VU0H1RZ7NYWB,Deposit,,2353.9,USD,,ATM,SUC-M8AEJ2A4,,,Colombia,Bogotá,Declined,14,False,14.48,0.2384352,0.7875573
TRX-YEXIMLUF6YX18ZWTP9JC,2026-06-01 22:23:42,2026-06-01,PRD-K9TSGF62T4ER,CLI-KELGSNZL92HB,Payment,Food,214.63,USD,,POS,,,,México,Querétaro,Pending,51,False,16.67,,
TRX-RQR8HTZKWWOZMFZTQ71K,2026-06-01 11:08:21,2026-06-01,PRD-DC46JJOCNY38,CLI-DW35HI8BG2BK,Deposit,,662574.83,ARS,1893.07,App,,,,Argentina,Buenos Aires,Approved,00,False,20.5,,
TRX-ZI9DTGP8CHWH5RJ09OFG,2026-06-02 00:19:16,2026-06-01,PRD-NB9GG2YM0DFP,CLI-8S326FZYKLFQ,Withdrawal,,339801.77,COP,84.95,Branch,SUC-A4SSWF0H,,,Colombia,Barranquilla,Approved,00,False,2.75,5.2351978,
TRX-SPE035H7UUZNOSKTJRHB,2026-06-01 16:14:07,2026-06-01,PRD-UVMBBM4LZNYJ,CLI-1CV57AW6ZXNK,Purchase,Food,481.36,USD,,ATM,SUC-F61XHTE2,Mercado Central,,México,Querétaro,Approved,00,False,10.98,,
TRX-YJKH9IGON7E6RW8XGV4M,2026-06-01 17:44:53,2026-06-01,PRD-DHLU3STIUTMJ,CLI-IKW4QGZ5704T,Transfer,,37105310.22,COP,9276.33,POS,,,,Colombia,Medellín,Approved,00,False,29.53,,
TRX-6ZH5JRQHZEA1DQVQ77FD,2026-06-02 02:22:48,2026-06-01,PRD-CCQPXQPGA29O,CLI-6QXRUGBRFR0V,Deposit,,1415784.83,ARS,4045.1,ATM,SUC-SX32177B,,,Argentina,La Plata,Pending,51,False,1.86,-34.7745418,-58.8686735
TRX-7ZQIXUEQSZK9G75DYW7X,2026-06-02 01:29:17,2026-06-01,PRD-XKUQ211WHTIO,CLI-EL74T8B0KZDO,Purchase,Transport,170519.95,ARS,487.2,App,,Uber,Transport,Argentina,Buenos Aires,Approved,00,False,14.85,,
TRX-BEMQ90FD1A3CKMP2G5D6,2026-06-01 19:57:57,2026-06-01,PRD-B1TXQK8UYKGL,CLI-HHVT0QCDFVB0,Payment,Food,1183.68,USD,,POS,,,,México,,Approved,00,False,,,
TRX-NJ5Y4MBQDUMK87W77OTC,2026-06-01 06:17:18,2026-06-01,PRD-F3QDB0S204RW,CLI-S5K7B4S801QQ,Transfer,,2675.05,USD,,ATM,SUC-GOTE3INU,,,México,Monterrey,Approved,00,False,3.44,,
TRX-C95JZBYOYGW0UG70VPYU,2026-06-02 01:34:30,2026-06-01,PRD-53N10M5KCQQX,CLI-AA85XAGTJSD4,Purchase,Other,116841.53,ARS,333.83,POS,,Boutique Moda,Other,Mexico,Puebla,Approved,00,False,22.55,,
TRX-BXGWFRPTTYXC9HHAW37B,2026-06-01 10:51:04,2026-06-01,PRD-3CLCPV10Z6UA,CLI-24O8T55J594U,Deposit,,17388932.1,COP,4347.23,POS,,,,Colombia,Bogotá,Approved,00,False,,,
TRX-EV69RX1H5QELSLQJ8LSS,2026-06-02 04:34:03,2026-06-01,PRD-A00HRRGPH1WT,CLI-MDSUSKNN6GUV,Purchase,Transport,201.79,USD,,POS,,Taxi Seguro,Transport,México,Guadalajara,Approved,00,False,7.43,,
TRX-M48ZGCVLG722ET0EJN8G,2026-06-01 11:03:05,2026-06-01,PRD-QWCBHP3RKOW5,CLI-QD6HKYCI14SJ,Purchase,Food,25.97,USD,,POS,,Mercado Central,Food,México,Querétaro,Approved,00,False,29.41,,
TRX-35NLFZ8AAW5Z5F0HK0MD,2026-06-02 04:37:13,2026-06-01,PRD-JYKMFP7NGNCK,CLI-HAEG83LARM2O,Deposit,,4176.54,USD,,App,,,,México,Ciudad de México,Approved,00,False,1.67,,
TRX-022AWM3WQRIOSEIR2X5P,2026-06-02 02:21:49,2026-06-01,PRD-P99RIVYE5SH5,CLI-1ISQ7TSE7JB0,Payment,Food,521.94,USD,,Web,,,,Argentina,Buenos Aires,Approved,00,False,26.5,,
TRX-AE0AHT5HUQKHNATD9RFE,2026-06-02 01:21:03,2026-06-01,PRD-WGCUENN5H4QN,CLI-3P459NTNG0IU,Purchase,,307.36,USD,,POS,,Internet Plus,Services,México,Monterrey,Approved,,False,,,
TRX-3I4I8CL3X73VY7Q53JHM,2026-06-01 07:27:51,2026-06-01,PRD-3V325J1AXL4C,CLI-IMZ9ERQEQKY8,Withdrawal,,11145.28,ARS,,App,,,,Argentina,Córdoba,Approved,00,False,9.37,,
TRX-WZUEIJZFTN6VPVR5X0QM,2026-06-01 07:01:02,2026-06-01,PRD-8AEV2F9HVDYL,CLI-GVWCQD5LF8Y2,Adjustment,,826.13,USD,,App,,,,México,Guadalajara,Approved,00,False,1.41,,
TRX-1LP0ZB4J8XRE0GP1QQ91,2026-06-01 12:39:16,2026-06-01,PRD-6VDT39DPQ5Z5,CLI-LUO7PQ71A4TA,Withdrawal,,432.4,USD,,App,,,,México,Monterrey,Approved,00,False,0.89,,
TRX-OCXS4G3QCWE4S74NLNXN,2026-06-01 10:05:16,2026-06-01,PRD-4YQADPQ3A3JW,CLI-9EFURSPDEOES,Purchase,Other,89408.35,ARS,255.45,ATM,SUC-UE04XBQH,Boutique Moda,Other,Argentina,La Plata,Approved,00,False,26.1,,
TRX-1SYVNGVFN13CEO5P8BOI,2026-06-01 21:34:51,2026-06-01,PRD-GFHCLTHAUQGK,CLI-54M3U8UDI6RM,Purchase,Food,45.72,USD,,Web,,Restaurante El Buen Sabor,Food,México,Tijuana,Approved,00,False,10.82,,
TRX-8AOB23VY2B2HIX897BX7,2026-06-01 08:27:11,2026-06-01,PRD-1H6P0EYOQ7V8,CLI-Q18QPU97XILS,Purchase,Entertainment,473.23,USD,,POS,,Teatro Nacional,Entertainment,México,Ciudad de México,Approved,00,False,10.59,,-0.369483
TRX-KV5K15U97PZIBI3HQGBN,2026-06-01 20:16:11,2026-06-01,PRD-BVBXYV9KX22R,CLI-EEDQQ5H2BCD7,Transfer,,8769.4,USD,,Web,,,,México,,Approved,00,False,3.33,,
TRX-CUXLHL4OYV0C9O2K3IO8,2026-06-01 22:00:37,2026-06-01,PRD-17D2LIR2XYGU,CLI-H5KWAF00P67Z,Withdrawal,,152671.59,ARS,436.2,Web,,,,Argentina,Córdoba,Approved,00,False,2.27,,
TRX-T7MFTN362EW7P0E1GLX8,2026-06-01 17:52:10,2026-06-01,PRD-U27VNCK95IUP,CLI-0RUAIYB7O5H5,Transfer,,36652732.54,COP,9163.18,Branch,SUC-C93NERQQ,,,Argentina,,Declined,54,False,0.76,5.1550663,-75.036463
TRX-2OFSP7LO06S8IDUK78T6,2026-06-02 03:55:09,2026-06-01,PRD-U7DMJV8V5L74,CLI-SGXSVNWT0GOZ,Deposit,,5521538.86,COP,1380.38,ATM,SUC-H2ROE7C8,,,Colombia,Cartagena,Approved,00,False,0.73,4.2099,-73.4760157
TRX-QL6EDK91OFBFHFHHZNNZ,2026-06-01 18:07:07,2026-06-01,PRD-SSAAT5OGBA8U,CLI-VTVKVGRQ8WIX,Purchase,Other,27.29,USD,,App,,Ferretería,Other,México,Puebla,Approved,00,False,,,
TRX-YDE3GMTHETX5P2QDD7FA,2026-06-02 01:03:31,2026-06-01,PRD-5ZKOMAV0S14F,CLI-IO587ZF57ZAQ,Withdrawal,,159.56,USD,,ATM,SUC-FQBLIDK9,,,México,Ciudad de México,Declined,54,False,21.96,,
TRX-3LDUS2EIWY8V6K5DU62N,2026-06-01 23:02:51,2026-06-01,PRD-O2Q3VW9I8008,CLI-GYE8DC8A5XRE,Transfer,,19059437.22,COP,4764.86,POS,,,,Colombia,Medellín,Approved,00,False,29.4,,
TRX-8APDWH0FY9Y64EKESSSK,2026-06-02 00:08:37,2026-06-01,PRD-XFI5H6GL5WCK,CLI-60GF4JEZS10A,Transfer,,2335.1,USD,,Transfer,,,,México,Puebla,Approved,00,False,19.99,,
TRX-KZ9WWQORSX5H4N76E2RS,2026-06-01 07:34:05,2026-06-01,PRD-Z4PZEBJ5FJ8P,CLI-RUAYR2N9XFGU,Purchase,Entertainment,489.88,USD,,ATM,SUC-YIS5JECV,Streaming Music,Entertainment,México,Monterrey,Approved,00,False,13.54,,
TRX-CKA1XEBBPGMIHB79JNK8,2026-06-02 00:31:45,2026-06-01,PRD-7TLG3F78N0UR,CLI-9LF6N26UWF8W,Deposit,,2389791.77,COP,597.45,POS,,,,Colombia,Cartagena,Approved,00,False,25.52,5.3342876,-73.4514936
TRX-6LQVCN6LNJNL1S2Y8MU6,2026-06-01 17:06:54,2026-06-01,PRD-9N2V08U5JOL1,CLI-2BBU08BM00XC,Withdrawal,,419.76,USD,,App,,,,Argentina,Buenos Aires,Approved,00,False,19.15,,
TRX-QEKAS6TLUYLH4VCJ7TOD,2026-06-01 16:45:10,2026-06-01,PRD-YMM08R53L3SP,CLI-C2REXZGN60RW,Transfer,,17036730.52,COP,4259.18,POS,,,,Mexico,Puebla,Approved,00,False,12.99,,
TRX-ZRIXHVAITLN2KEOPGV28,2026-06-02 04:18:51,2026-06-01,PRD-SNK1F3QYMX8A,CLI-5E98P14KMS6J,Withdrawal,,23.43,USD,,ATM,SUC-337QKO7D,,,México,Guadalajara,Approved,00,False,8.82,0.6331261,-0.8399995
TRX-WL9IY9OA25RZEG8G3YXF,2026-06-01 06:15:51,2026-06-01,PRD-AZ662KMV8U7E,CLI-762ZD2M0S6G4,Payment,Health,244929.58,ARS,699.8,ATM,SUC-7ZY1HPL0,,,Argentina,Rosario,Approved,,False,20.83,,
TRX-P8HDMHRPU16DLBM6A1ID,2026-06-01 21:14:39,2026-06-01,PRD-1MHSRNSK11EX,CLI-1QXEN10JT9DO,Deposit,,2669.75,USD,,App,,,,México,Tijuana,Approved,00,False,1.74,,
TRX-HR7I2YNY2M904OBEVT0K,2026-06-02 04:23:49,2026-06-01,PRD-H4MDPDN7VPI7,CLI-Q2RI7JAZIHO1,Transfer,,2064.8,USD,,POS,,,,México,Puebla,Approved,00,False,3.18,,
TRX-5XGX8XF75HO2P3WB37ZE,2026-06-01 14:38:18,2026-06-01,PRD-SMG30AEWCYUQ,CLI-GRYBTXZZXQFN,Purchase,Entertainment,1272564.78,COP,318.14,ATM,SUC-M96GKW7T,Streaming Music,Entertainment,Spain,Madrid,Approved,00,False,21.98,,
TRX-GCQEAM34OU1ZOOK3LGVJ,2026-06-02 02:53:25,2026-06-01,PRD-QTWFAZAJ46UP,CLI-PZ81UL4CGYK2,Purchase,Health,238.26,USD,,POS,,Farmacia Salud,Health,México,Tijuana,Approved,00,False,0.49,,
TRX-WB7F96ZFN8B59FL9Q4DX,2026-06-01 13:54:04,2026-06-01,PRD-SDG1J09WYWP1,CLI-DT585S7F1YAO,Withdrawal,,264.7,USD,,Web,,,,México,Ciudad de México,Declined,51,False,12.29,,
TRX-SY6UCZK61FVOKAPG05AO,2026-06-01 08:06:58,2026-06-01,PRD-3WFH13CDZVCX,CLI-ORVPL76G68PA,Withdrawal,,95.84,USD,,POS,,,,México,Puebla,Approved,00,False,,0.3342033,-0.7939492
TRX-NUWBWUQLKN1PA49L77US,2026-06-01 09:31:44,2026-06-01,PRD-APQN7LJ6OO18,CLI-62GA832ZWOAS,Withdrawal,,875240.89,COP,218.81,App,,,,Colombia,Cartagena,Approved,00,False,,,
TRX-UFQIX0VZKR8YN9ZBRAEZ,2026-06-01 13:04:59,2026-06-01,PRD-YBIYC7KD72R7,CLI-E5DLGGIP2JV8,Withdrawal,,208.43,USD,,POS,,,,Colombia,Bogotá,Approved,00,False,,,
TRX-US07UBA7WFDIGC4EKN97,2026-06-01 07:53:31,2026-06-01,PRD-9FIILXI0JXIA,CLI-EEAIR2NFWD62,Transfer,,27575042.8,COP,6893.76,ATM,SUC-CBGK7VQE,,,Colombia,Barranquilla,Approved,00,False,22.89,,
TRX-VJRH41YG9JOC3JYVOKVF,2026-06-02 00:37:07,2026-06-01,PRD-WK7JKO94J0DL,CLI-W4GDUMVYFMF3,Deposit,,1146422.66,ARS,3275.49,POS,,,,Argentina,,Approved,00,False,,,
TRX-XOKOZA1A742V90BCS2I0,2026-06-02 03:54:45,2026-06-01,PRD-ZI3PSZZJYJQT,CLI-UZ755QH8Q9S1,Transfer,,8507.69,USD,,Web,,,,México,Tijuana,Approved,00,False,19.42,,
TRX-C0R7K1DLUYQO3SIER6DB,2026-06-01 07:34:49,2026-06-01,PRD-20LGL8UU5O6P,CLI-NMS85V1499YS,Purchase,Services,434.58,USD,,POS,,Internet Plus,Services,México,Ciudad de México,Approved,00,False,,-0.1793318,0.2901952
TRX-OGM31UO7X7H4QYXILKBH,2026-06-01 19:14:12,2026-06-01,PRD-RLIIGZLCQNCF,CLI-XS3LQ7P0LIBR,Withdrawal,,498.57,USD,,POS,,,,México,Puebla,Approved,00,False,26.81,-0.0255516,0.0719907
TRX-WQ9SGOFPNG2LLJZF7MOT,2026-06-01 13:07:17,2026-06-01,PRD-FZWTTXDL5EWS,CLI-AH2J91OISV74,Withdrawal,,825689.78,COP,206.42,App,,,,Colombia,,Pending,14,False,14.32,,
TRX-NC53O6BF1SRV32XBR4HS,2026-06-02 05:40:59,2026-06-01,PRD-TLPIB29HFFBW,CLI-5EZOEXSN33UM,Payment,Other,1962.72,USD,,POS,,,,México,Tijuana,Approved,00,False,8.45,-0.8442384,-0.2497109
TRX-HNL98WO64ZE98588N4QC,2026-06-02 01:13:27,2026-06-01,PRD-ZYBJ2VW2UN9Y,CLI-MRLUZ9VHIRNI,Purchase,Other,601715.16,COP,150.43,ATM,SUC-5NGX1P46,Tienda General,,Colombia,Medellín,Approved,00,False,10.85,4.1516299,-74.4254211
TRX-HAV97G3S2Q3ECBTKR2X9,2026-06-01 13:43:00,2026-06-01,PRD-ATEDWADFDAUF,CLI-S0U3TOJA8OAN,Payment,Transport,144951.03,ARS,414.15,Branch,SUC-HBYNA6O6,,,Argentina,Buenos Aires,Reversed,14,False,6.83,-34.6225019,-59.1765799
TRX-IFAT370OBWTLI6J0BBK9,2026-06-01 14:18:21,2026-06-01,PRD-ZNWQ5RCK78AH,CLI-3SVZHNWWB1Z4,Purchase,Health,154.7,USD,,Web,,Clínica Médica,Health,México,Tijuana,Approved,00,False,15.98,,
TRX-ZUMMCWNIE0BF7LGQRUWD,2026-06-01 08:29:34,2026-06-01,PRD-AWYAVK6KSELR,CLI-CMBQEJ4PG2OD,Transfer,,1970.91,USD,,POS,,,,México,Guadalajara,Approved,00,False,4.47,,
TRX-PH3QIZEG2YLSR918SMU5,2026-06-02 01:32:07,2026-06-01,PRD-ETKHL4FWEQ9J,CLI-XNFY7GBXYOVM,Deposit,,1229288.0,ARS,3512.25,POS,,,,Argentina,Mendoza,Approved,00,False,8.34,,
TRX-RHE4WP9QM2LU424DQQNW,2026-06-01 11:40:21,2026-06-01,PRD-JCYA9B4M98N4,CLI-WNTQIFZGOJSB,Withdrawal,,198.57,USD,,POS,,,,México,Monterrey,Approved,00,False,3.97,,
TRX-RTEH18Y9S8CKTW4FA3MT,2026-06-01 16:20:51,2026-06-01,PRD-JOCE8U76Z9NF,CLI-OLUJ8CTUNWPZ,Adjustment,,492.88,USD,,Web,,,,México,Querétaro,Approved,00,False,24.41,,
TRX-A9HPICNGNNHI4EVDM1GV,2026-06-01 18:30:43,2026-06-01,PRD-SPMEWGOEJM7H,CLI-17DLBS0KUX75,Withdrawal,,279.64,USD,,POS,,,,México,Querétaro,Approved,00,False,28.3,,
TRX-4J7ME67EUWVQNYONK9HR,2026-06-01 14:08:14,2026-06-01,PRD-7QH102U72PUO,CLI-FID87U1MAPO6,Purchase,Food,280.6,USD,,POS,,Restaurante El Buen Sabor,Food,México,Monterrey,Approved,00,False,28.84,,
TRX-233U9WK1E3HQFFRVW3T8,2026-06-01 16:25:49,2026-06-01,PRD-H1T07ZY50MZC,CLI-HCT19XVC8VY4,Withdrawal,,292538.87,COP,73.13,Web,,,,Colombia,Barranquilla,Approved,00,False,19.09,,
TRX-S2JHSAAE8731O1LM13Z5,2026-06-01 17:27:30,2026-06-01,PRD-ORJS24Q9MUEJ,CLI-5ILLTVPYYBQ6,Withdrawal,,398659.41,COP,99.66,ATM,SUC-PNT72MIS,,,Colombia,Cartagena,Approved,00,False,,3.7377118,-75.0054417
TRX-DW5T14JWWBQ2EYAC5QET,2026-06-01 09:32:54,2026-06-01,PRD-GY40U6HA1SG9,CLI-UTB3HCVT1TAV,Deposit,,1889.83,USD,,ATM,SUC-BDUFJ6GZ,,,USA,Houston,Approved,00,False,,,
TRX-A9U8Y7KS8N50PP9H4NCB,2026-06-01 17:47:59,2026-06-01,PRD-2CYJ6JEWM4ST,CLI-0SIS909GD0ZT,Payment,Entertainment,649.09,USD,,POS,,,,México,Tijuana,Approved,00,False,14.9,,
TRX-K9DV5KQL0W82PQIX9IW1,2026-06-01 23:20:24,2026-06-01,PRD-P9YMW9QF7R5P,CLI-NXSBBIOR6UNK,Withdrawal,,113902.43,COP,28.48,ATM,SUC-XZM2NPS4,,,Colombia,Bogotá,Approved,00,False,,,
TRX-1OOSVDP5W396ZK5QLINS,2026-06-02 01:03:10,2026-06-01,PRD-0D6UM74TCTFL,CLI-F5RR7EEU33DY,Purchase,Entertainment,345.55,USD,,Web,,Teatro Nacional,Entertainment,México,Tijuana,Approved,00,False,,,
TRX-3KDV207W5KA43BI6IKEC,2026-06-02 05:59:11,2026-06-01,PRD-12X6D4995HDC,CLI-VG3DITZRWRDF,Payment,Other,255150.49,ARS,729.0,ATM,SUC-7TUK3JBL,,,Brazil,Salvador,Approved,00,False,6.84,,
TRX-WGMLPQITSRE68J3CG0RN,2026-06-01 11:25:49,2026-06-01,PRD-LR0Z4SO4MQ4V,CLI-Z0C1H3XVCBZ4,Withdrawal,,50794.56,ARS,145.13,ATM,SUC-7ZY1HPL0,,,Argentina,Córdoba,Approved,00,False,,-34.861801,-58.6555911
TRX-19KLOYWJZ54GXQXKUNQV,2026-06-01 07:10:25,2026-06-01,PRD-89WYJEN4VGLK,CLI-S0MK0J2TJGUH,Payment,Food,325.26,USD,,App,,,,Colombia,Barranquilla,Approved,00,False,20.22,,
TRX-81X0OQA4WRIEDL1BCIMK,2026-06-01 08:21:23,2026-06-01,PRD-50GAIHC6YNVT,CLI-SBPQP1QOOH6T,Withdrawal,,100.18,USD,,App,,,,Argentina,La Plata,Approved,00,False,5.51,,
TRX-47SNTPUTPIW24KUZIQ3Z,2026-06-01 19:50:20,2026-06-01,PRD-XZQ8711F93L5,CLI-ACK38UZRG9U2,Transfer,,1251314.24,ARS,3575.18,ATM,SUC-0N077NAM,,,Argentina,Mendoza,Approved,00,False,8.05,,
TRX-WJI1GSHR8DHEOB9XTVRU,2026-06-01 22:56:56,2026-06-01,PRD-3O32PT0A1CTS,CLI-RYKY4HSRCKA4,Transfer,,251.06,USD,,ATM,SUC-COPO2MJ8,,,México,Tijuana,Approved,00,False,2.67,0.6048707,-0.7346623
TRX-8J461N078S09Y3MEJ3AG,2026-06-01 15:04:39,2026-06-01,PRD-F1TUIIZ8S5FH,CLI-9XMNFEF38LX8,Adjustment,,220.98,USD,,ATM,SUC-UVQ9U0YO,,,Argentina,Córdoba,Approved,00,False,21.66,-34.6937636,-58.3630504
TRX-CUFZ8S0WY5AVFRK6NW01,2026-06-01 10:46:17,2026-06-01,PRD-C4PONPJ1KP17,CLI-UW9YM9J56N0R,Transfer,,7101862.06,COP,1775.47,Web,,,,Colombia,Bogotá,Approved,00,False,5.77,,
TRX-OIEGXVJQ9PCIS4427EM0,2026-06-01 11:45:43,2026-06-01,PRD-BAZJR790NPU5,CLI-LS2AL2JX394A,Payment,Transport,3325192.24,COP,831.3,POS,,,,Colombia,Medellín,Approved,00,False,30.0,4.5350279,-73.3222535
TRX-KQWL466S579HQC1QGZHX,2026-06-01 08:37:01,2026-06-01,PRD-U8F6Y6AVXQVH,CLI-KWMN88SSPPR9,Withdrawal,,383564.84,COP,95.89,App,,,,Colombia,Barranquilla,Approved,00,False,,,
TRX-2GFB8VU9B9IUVLEYMYRE,2026-06-01 07:43:32,2026-06-01,PRD-4NFWJ8CV8SLL,CLI-FIKKAN5R698O,Payment,,1052.88,USD,,ATM,SUC-JJT8C9XQ,,,México,,Declined,54,False,,,
TRX-Z2MOMT93S2YKDJLPKS9X,2026-06-01 17:38:39,2026-06-01,PRD-21F917JH7QRB,CLI-S1402JLJQIKE,Purchase,Food,168955.3,ARS,482.73,ATM,SUC-7HQXDYLE,Super Ahorro,Food,Argentina,La Plata,Approved,,False,12.0,,
TRX-1W3EMI7LPBFFQFCYVSXC,2026-06-02 00:03:38,2026-06-01,PRD-LVSFEPQB4AE5,CLI-K14KT074JE89,Withdrawal,,499.51,USD,,ATM,SUC-AXDYB0RQ,,,México,Querétaro,Declined,05,False,2.23,,
TRX-L9EX1I4R7YT1YAFA50YO,2026-06-01 13:17:53,2026-06-01,PRD-LC303DR5AWGL,CLI-5H9X9QL7SLFM,Transfer,,18339273.9,COP,4584.82,ATM,SUC-DH7PDUA6,,,Colombia,Medellín,Approved,00,False,,3.9780231,-74.2543962
TRX-8BZ1S306PCFE5YJX7LIY,2026-06-01 08:08:19,2026-06-01,PRD-ZONPOZ5RQP1T,CLI-6IED1N8FDCCI,Withdrawal,,377.76,USD,,POS,,,,México,Monterrey,Approved,00,False,6.32,0.6514129,-0.1082817
TRX-Y14R76RH6JMPVVGFM9FE,2026-06-01 19:44:52,2026-06-01,PRD-ODOB0VZZBHG9,CLI-3Z1WEY1K8LJQ,Payment,Food,1213.97,USD,,ATM,SUC-4OOB7ZFR,,,Colombia,Barranquilla,Approved,00,False,4.46,,
TRX-UETOZJY8AY4PQJ7PJQDT,2026-06-02 03:39:48,2026-06-01,PRD-L0G2P6UV4FNW,CLI-V0042AVQ4NFU,Transfer,,8040.74,USD,,POS,,,,México,Querétaro,Approved,,False,1.48,,
TRX-REH4BZWOV0T42DO9C6P6,2026-06-01 10:12:12,2026-06-01,PRD-7GLHHFMYNJ5U,CLI-MLVL16GQMZJD,Purchase,,19.76,USD,,ATM,SUC-9L4T3P44,Mercado Central,Food,México,Querétaro,Approved,00,False,25.61,-0.0846575,
TRX-HEZV1R7PHUQS14Q71SLY,2026-06-01 18:43:11,2026-06-01,PRD-G6LAGX98RVCI,CLI-GYHY56VX8FS5,Deposit,,1123137.33,ARS,3208.96,ATM,SUC-UE04XBQH,,,Argentina,,Approved,00,False,21.9,,
TRX-FYGW4IP9VR56EXK36PK9,2026-06-01 14:27:16,2026-06-01,PRD-1JUN5M7YUT43,CLI-DB9VCMA5ESOF,Purchase,Services,1889949.3,COP,472.49,Web,,Servicios Públicos,Services,Colombia,Cartagena,Approved,00,False,27.53,,
TRX-7YPCC5IWMM0NIVNLXTF4,2026-06-01 21:15:52,2026-06-01,PRD-L1BWNX1ZSWA3,CLI-CPQONP33OKL6,Payment,Transport,101.01,USD,,Web,,,,México,Monterrey,Approved,00,False,13.98,,
TRX-8AL1EJCU8GA8KM15LE9J,2026-06-01 18:28:25,2026-06-01,PRD-ZZYUNTRG8311,CLI-APN1DVZ8CP5P,Purchase,Transport,907545.38,COP,226.89,ATM,SUC-UH461R09,Taxi Seguro,Transport,Colombia,,Approved,00,False,25.73,,
TRX-C5PGPHIZONMP7PVQM7WH,2026-06-02 00:41:41,2026-06-01,PRD-CO1UZJQRXW61,CLI-M9KKC1ZD2YZ1,Payment,Entertainment,883231.49,COP,220.81,ATM,SUC-5AXOWGN3,,,Colombia,Cartagena,Approved,00,False,16.67,5.1217704,-74.7774447
TRX-TLKHDRRKBDJ0TARCNCFD,2026-06-02 04:11:25,2026-06-01,PRD-8EIUJ5HFQQLT,CLI-86PJ2HIP0B1Q,Transfer,,5219.07,USD,,ATM,SUC-8GXP9TIM,,,México,Monterrey,Approved,00,False,,0.4702686,-0.8419712
TRX-83RWJDEN39GS5Q52HWLK,2026-06-01 16:34:10,2026-06-01,PRD-IIQUGWVVV1MV,CLI-44VPJM7RE5AV,Purchase,,443.31,USD,,ATM,SUC-1AT6YUKJ,Tienda Don José,Food,México,Monterrey,Approved,00,False,21.77,-0.7717903,0.6706167
TRX-UJIPC6FCDKQFFKHGSWG9,2026-06-01 12:43:34,2026-06-01,PRD-S4ZE3EOYKZK7,CLI-TC6H7YD6UXX2,Purchase,Entertainment,435.52,USD,,App,,Cine Premium,Entertainment,México,Puebla,Approved,00,False,16.59,,
TRX-U491V10RGHPEY58TMWVK,2026-06-02 01:04:11,2026-06-01,PRD-3YP6U8M2148Z,CLI-KMD4AFJ7S0Q1,Payment,Other,4589627.31,COP,1147.41,POS,,,,Colombia,Bogotá,Approved,00,False,5.14,,
TRX-RKGWC3TWOTIO9ORBR7XO,2026-06-02 02:23:23,2026-06-01,PRD-DDZ3IBST08DW,CLI-ZPSBPOX02ZEA,Withdrawal,,458.46,USD,,POS,,,,México,Puebla,Declined,14,False,8.95,,
TRX-Q5ZMCKBN8IOUAHOV6BL4,2026-06-01 16:50:59,2026-06-01,PRD-7CWQ947FGU0Z,CLI-9SWW86ND2JV3,Withdrawal,,806084.29,COP,201.52,POS,,,,Colombia,Medellín,Approved,00,False,0.45,,
TRX-ABIWO6FCR8OEZZOVILQN,2026-06-02 04:34:21,2026-06-01,PRD-QT19X63UTXU5,CLI-5YNIBNNMPK0W,Deposit,,60.65,USD,,POS,,,,México,Guadalajara,Approved,00,False,,,
TRX-Q382RAFD9G412HP560PJ,2026-06-01 19:45:25,2026-06-01,PRD-NWI58MVLS99M,CLI-HWF4A7EEMD6E,Deposit,,1151.0,USD,,Web,,,,México,Monterrey,Approved,00,False,8.97,,
TRX-UCK7E2T8TTC59W4B7MQS,2026-06-01 17:39:22,2026-06-01,PRD-T3TLDK5QPOB5,CLI-YT4MEJDDBX8F,Transfer,,29277635.36,COP,7319.41,Web,,,,Colombia,Cali,Approved,00,False,6.37,,
TRX-GXOZOTCF8RCSIGMR7WM8,2026-06-01 13:14:17,2026-06-01,PRD-ODM1ILKLUX8J,CLI-Z0RFOHOMAOFR,Purchase,Other,971557.02,COP,,POS,,Boutique Moda,Other,Colombia,Bogotá,Approved,00,False,27.74,4.5888978,-74.3861955
TRX-60AWM2XH4417GV89AZ9W,2026-06-01 21:06:56,2026-06-01,PRD-TLG9W4EH1NDZ,CLI-JI9B1ITLY78B,Withdrawal,,318.62,USD,,App,,,,México,Tijuana,Approved,00,False,29.72,,
TRX-AX63BEFMZQSTD07U8W7R,2026-06-01 18:23:30,2026-06-01,PRD-ER9G4S7G02OM,CLI-PZ6BUH6QG5HL,Deposit,,1853636.78,COP,463.41,POS,,,,Colombia,Bogotá,Approved,00,False,22.3,,
TRX-YUOZUTYAE76JFJGK2D6T,2026-06-01 22:10:18,2026-06-01,PRD-FZIDEAOTF1RE,CLI-JJMVJ805MGQF,Purchase,Entertainment,7388.6,ARS,21.11,App,,Teatro Nacional,Entertainment,Argentina,,Approved,00,False,4.06,,
TRX-GX4MA4KSYQDET3964AIE,2026-06-01 07:11:32,2026-06-01,PRD-IS7LS016XUV7,CLI-DVMV4ENWABEN,Deposit,,933.46,USD,,ATM,SUC-QL08OUL0,,,México,Tijuana,Approved,00,False,13.24,,
TRX-18IC3VDBC12VT4HREDCX,2026-06-01 16:28:20,2026-06-01,PRD-3PW4V0U8W8JF,CLI-2DR2TY4TWSVT,Deposit,,4337553.07,COP,1084.39,Web,,,,Colombia,Cali,Approved,00,False,9.45,,
TRX-O1NKNZ151R3XLLCUYBYQ,2026-06-01 18:17:43,2026-06-01,PRD-6OWE1VF3D5PR,CLI-F20JCIREMXUZ,Purchase,Food,39498.08,ARS,112.85,POS,,Mercado Central,Food,Argentina,Mendoza,Approved,00,False,7.91,,
TRX-HBDRRBRS30HF70S05ZBQ,2026-06-02 04:48:46,2026-06-01,PRD-BI59TF9OG9CX,CLI-L2RKVMSASK1V,Transfer,,5888.74,USD,,POS,,,,México,Puebla,Approved,00,False,24.46,,
TRX-0PYCJ7WOHGCSYH5YLQW4,2026-06-02 02:16:47,2026-06-01,PRD-Y2L6JRUPMQTN,CLI-KK64GTH0UPJC,Deposit,,1036.12,USD,,POS,,,,Colombia,Bogotá,Approved,00,False,27.58,,
TRX-YTU83TVG5GKI1FD2F3PM,2026-06-01 21:48:17,2026-06-01,PRD-4L98WBHFKG1D,CLI-3OR6HV1MJZRJ,Deposit,,2933.72,USD,,POS,,,,México,Guadalajara,Approved,00,False,27.76,,
TRX-G19X5M1DDKAAXARU14R7,2026-06-01 10:16:27,2026-06-01,PRD-4L3IFBC5JLBS,CLI-ONO9GGYB4SZO,Purchase,Entertainment,211.31,USD,,ATM,SUC-DYPJLQVN,Teatro Nacional,Entertainment,México,Monterrey,Approved,00,False,24.69,,
TRX-LBY466TVZFVJL14TTJHR,2026-06-01 15:42:50,2026-06-01,PRD-384ZQQ9812EE,CLI-G1OR4RZJFCJI,Purchase,Services,277981.06,COP,69.5,ATM,SUC-F16NSV5F,Empresa Telefónica,Services,Colombia,Barranquilla,Approved,00,False,2.71,,
TRX-1ABNKUFBIKAQN557O8A7,2026-06-02 05:38:04,2026-06-01,PRD-RW8IIN74NFCO,CLI-HBZRKQMWCTFH,Purchase,Services,346.54,USD,,ATM,SUC-0KBWS25U,Servicios Públicos,Services,Colombia,Medellín,Approved,00,False,7.86,,
TRX-OUFUE5VKQSTZ89BOZ2YG,2026-06-01 17:08:43,2026-06-01,PRD-7KQML0OQN06U,CLI-VWXN4HG2NP3X,Withdrawal,,43377.98,ARS,123.94,Web,,,,Argentina,Buenos Aires,Approved,,False,5.21,,
TRX-0I5JDTQLLM26OU1EZ0W1,2026-06-01 15:26:22,2026-06-01,PRD-YY7MD3RYU63D,CLI-VILWBK6DVHK2,Transfer,,25790318.57,COP,,ATM,SUC-O4G07J7I,,,Colombia,Bogotá,Approved,00,False,,,
TRX-LEGM1EB0U6SQTW9L6PX1,2026-06-01 06:35:23,2026-06-01,PRD-GPH2N2YX2H0D,CLI-WR3E89TOT9SU,Purchase,Other,151.85,USD,,ATM,SUC-FV69BGCV,Tienda General,,México,Guadalajara,Approved,00,False,27.03,0.2045214,-0.0211467
TRX-CW33MZ9WOUY9IAOAI513,2026-06-01 06:58:54,2026-06-01,PRD-4G2NSLM1V1HM,CLI-2UHHFCTMQACC,Transfer,,8985.07,USD,,POS,,,,Mexico,Ciudad de México,Approved,00,False,16.77,-0.5236795,0.6479487
TRX-NMABVY3PT9J01Z9MK0YE,2026-06-01 18:47:55,2026-06-01,PRD-YYJEJOF5ARGD,CLI-9U87SLAI3NN2,Withdrawal,,261.21,USD,,POS,,,,México,Monterrey,Approved,00,False,5.08,,
TRX-IZ6N6DHI5N1JFIQMZJ2Y,2026-06-02 03:45:58,2026-06-01,PRD-KCHM1MA74E8M,CLI-5WRJJG2JSL69,Transfer,,4098.23,USD,,ATM,SUC-552N76DP,,,México,Querétaro,Approved,00,False,27.08,,
TRX-BF7Z5XCVE800972PKIO5,2026-06-02 00:09:13,2026-06-01,PRD-REZU6UJYGB21,CLI-O2T6JQ2WE2K6,Transfer,,8486919.22,COP,2121.73,POS,,,,Colombia,Barranquilla,Reversed,14,False,1.38,,
TRX-WDVNR3XHNAYIS6LQR40F,2026-06-01 09:57:16,2026-06-01,PRD-LRQ88JNU9YFB,CLI-W27SC9ATGOWJ,Withdrawal,,151234.12,ARS,432.1,ATM,SUC-GTAY0XHL,,,Argentina,Buenos Aires,Approved,00,False,27.56,,
TRX-JTQL1MU50PGTFUSFD1Z6,2026-06-01 16:49:44,2026-06-01,PRD-6WBQTMIIEYMR,CLI-T87ZTD22PBCK,Transfer,,29602757.51,COP,7400.69,App,,,,Colombia,Medellín,Approved,,False,15.23,,
TRX-JQ8AO40GQ357K1A66RO3,2026-06-01 16:17:45,2026-06-01,PRD-8RVKFCLA8Q42,CLI-CONOOSWMHH2L,Transfer,,8072445.34,COP,2018.11,Web,,,,Colombia,Cartagena,Approved,00,False,,,
TRX-UCB9Y5JZAOMFXNS8GDRM,2026-06-01 11:30:44,2026-06-01,PRD-1ML7Q8G3HUSP,CLI-T8ZP05Q1K6V4,Withdrawal,,93758.94,ARS,267.88,POS,,,,Argentina,Rosario,Approved,00,False,20.24,,
TRX-U7QSL0HDK8TEMJSN57U8,2026-06-01 23:42:07,2026-06-01,PRD-DAAPH7XFL6VF,CLI-THCWP39B2D2F,Transfer,,38034226.01,COP,9508.56,POS,,,,Colombia,Barranquilla,Approved,00,False,16.32,,
TRX-LMV3U6JNL67IJX4TSEHI,2026-06-01 06:09:00,2026-06-01,PRD-DBLMA597178I,CLI-HIYOKY1A69TF,Adjustment,,3350935.28,COP,837.73,POS,,,,Colombia,Medellín,Approved,00,False,,,
TRX-NLEHXQNVB9UVFMEH6EVC,2026-06-02 02:13:13,2026-06-01,PRD-BEY2YAGA9T3H,CLI-0U2DN5IQZXIQ,Transfer,,1261.14,USD,,POS,,,,México,Guadalajara,Approved,00,False,22.72,,
TRX-IUSGLO6TI6P3TLDX767J,2026-06-01 09:17:16,2026-06-01,PRD-BJQY068NBWRD,CLI-HYDATT7H5XTV,Withdrawal,,119393.16,ARS,341.12,POS,,,,Argentina,Rosario,Approved,00,False,8.07,-35.5066293,-58.2158035
TRX-Q59S1QDBEJILU08VUTD0,2026-06-02 01:10:52,2026-06-01,PRD-UU1366XFLHS0,CLI-A85LP6BE73TO,Deposit,,7267007.75,COP,1816.75,ATM,SUC-5AXOWGN3,,,Colombia,,Approved,00,False,29.35,,
TRX-2QB8C5U189ZMX3BV0I4L,2026-06-01 07:36:48,2026-06-01,PRD-QWUVVGJBVOYT,CLI-5EDJFHYCTPRE,Deposit,,3606.45,USD,,Web,,,,México,Ciudad de México,Approved,00,False,,,
TRX-IXTOLUC9Q7QG5C24TOTQ,2026-06-02 01:56:06,2026-06-01,PRD-0T5V59ORXAYY,CLI-4W92M72JFZH6,Payment,Health,283570.52,ARS,810.2,App,,,,Argentina,Mendoza,Approved,00,False,23.28,,
TRX-0BXVHJI8O68RSX1FRGNK,2026-06-01 14:28:44,2026-06-01,PRD-J04UZYCZEM4J,CLI-1M0T73Q4EGK9,Purchase,Entertainment,26693.14,ARS,76.27,Transfer,,Conciertos Live,,Argentina,La Plata,Approved,00,False,25.61,,
TRX-2EF79PT2CKLR5AV6RC53,2026-06-01 06:35:00,2026-06-01,PRD-W6PRG8DS2XTF,CLI-7WXDUG37R8KY,Deposit,,3529.06,USD,,POS,,,,México,Tijuana,Approved,00,False,8.85,,
TRX-YBMOTBMPEOSVTIG1ET9R,2026-06-01 15:44:40,2026-06-01,PRD-FP2SDDRB4J0D,CLI-84SZYZWIXYI9,Adjustment,,67921.08,ARS,194.06,POS,,,,Mexico,Ciudad de México,Approved,00,False,19.8,,
TRX-S25VHK9NFEJ53ISS082Y,2026-06-01 15:13:59,2026-06-01,PRD-0N2Q1H9M3CJW,CLI-OIWNE66LI3B4,Withdrawal,,318.02,USD,,Transfer,,,,México,Querétaro,Approved,00,False,16.04,,
TRX-AQZ2QIM1TUIS7R8GLA0J,2026-06-01 13:00:06,2026-06-01,PRD-HK5DS6KOH8KF,CLI-QV0PQY7CB5ZK,Purchase,Food,78.96,USD,,App,,Tienda Don José,Food,México,,Approved,00,False,11.43,,
TRX-YIBI5Y8QLG4YWDCMLLK4,2026-06-01 11:47:28,2026-06-01,PRD-63MJVSV23NAT,CLI-F9IPKKH1OICF,Payment,Health,1032.34,USD,,Transfer,,,,México,Monterrey,Approved,00,False,,,
TRX-PO20EHNNYG2L8KKA70O1,2026-06-01 20:30:13,2026-06-01,PRD-11KP5QFBVB5Y,CLI-92DBDNI3HBNI,Adjustment,,2618962.39,COP,,App,,,,Colombia,Cartagena,Approved,00,False,22.44,,
TRX-TSEU24JE3R8P42QIU263,2026-06-01 11:13:15,2026-06-01,PRD-YRMJQ40BKGRS,CLI-VCVFQMZXDVOL,Withdrawal,,133.07,USD,,POS,,,,México,Tijuana,Approved,00,False,,,
TRX-34SD6FFZ5NSMU32BJV21,2026-06-01 14:39:44,2026-06-01,PRD-OGYDI0PGS69X,CLI-IRCCK5ZWU3HB,Transfer,,9053.52,USD,,ATM,SUC-C28AFJAZ,,,México,Ciudad de México,Approved,00,False,14.39,-0.2221009,0.1285473
TRX-PTTX9XVZA844QUZ5DQEE,2026-06-02 05:23:12,2026-06-01,PRD-G7I8QTAI40BG,CLI-Z2X9CQM4E7DM,Withdrawal,,485688.46,COP,121.42,POS,,,,Colombia,Cartagena,Approved,00,False,17.71,,
TRX-J5M83854S9Q8RC4LLG3S,2026-06-01 17:42:03,2026-06-01,PRD-O2DQFV9T097C,CLI-J285L47KSYWW,Transfer,,1377.0,USD,,Web,,,,México,Querétaro,Approved,00,False,28.95,,
TRX-MABJ6KC57UPQFI2AACBJ,2026-06-02 05:09:57,2026-06-01,PRD-HX5MZFRJLCJC,CLI-ANRJUD6UX4PK,Transfer,,3751.31,USD,,ATM,SUC-YIS5JECV,,,México,Tijuana,Approved,00,False,,,
TRX-11GGL79P9WCB8Q2YIG8V,2026-06-01 08:19:19,2026-06-01,PRD-2VW0MJ6ZG317,CLI-9TJN7NN8I8FC,Deposit,,4321.0,USD,,POS,,,,México,Puebla,Approved,00,False,8.36,0.7381972,-0.3467785
TRX-ZX61MLNK24PQ23S95UEX,2026-06-02 03:07:27,2026-06-01,PRD-FW4O30BU442I,CLI-NJJOQ0PI039A,Transfer,,2029.42,USD,,ATM,SUC-P65ZGVH3,,,México,Guadalajara,Approved,00,False,12.57,,
TRX-Z96X17JNB5JHM4MK0RPX,2026-06-01 11:31:48,2026-06-01,PRD-XOTAMT43B5UI,CLI-OZESAJKH84NU,Transfer,,5881.21,USD,,POS,,,,México,Monterrey,Approved,00,False,2.6,,
TRX-PMIGQNFP9ZARNPMV0CA6,2026-06-01 22:18:35,2026-06-01,PRD-UNTJ1RMLGHNB,CLI-JDANVCEC3J10,Purchase,Health,78.93,USD,,App,,Laboratorio Central,Health,Mexico,Monterrey,Approved,00,False,,,
TRX-EQMQVCMJXJGS5RD7W537,2026-06-01 18:18:37,2026-06-01,PRD-KXA1EC5E5BZV,CLI-36SZM9MUH72Z,Payment,Food,78871.39,ARS,225.35,POS,,,,Colombia,Bogotá,Approved,00,False,19.88,,
TRX-98LNM0AC9AUN7D981BEO,2026-06-01 21:56:57,2026-06-01,PRD-L365CBG0ATLR,CLI-Q2JDSAXKM8B4,Purchase,Food,109394.33,ARS,312.56,ATM,SUC-C1OF9350,Tienda Don José,Food,Argentina,Córdoba,Approved,00,False,28.08,,
TRX-PF0YAZ612PJV7IOHT5OY,2026-06-01 22:40:45,2026-06-01,PRD-M0TG9ZQEXRAA,CLI-8P90EJOED62K,Purchase,Services,89.4,USD,,POS,,Cable TV,Services,México,,Approved,00,False,8.19,0.1823132,0.0317076
TRX-WWC6W9AWQ819EDG4LQ35,2026-06-01 15:47:51,2026-06-01,PRD-IP4YJHG63QGP,CLI-E8KSLY9ZMPW7,Purchase,Health,130568.78,ARS,373.05,Web,,Laboratorio Central,Health,Argentina,,Approved,00,False,21.34,,
TRX-VG0H8JU67SJ84LXKO8L0,2026-06-01 22:55:47,2026-06-01,PRD-HMX8KSNGRD6H,CLI-MYJI43K04LY5,Purchase,Other,85923.89,ARS,245.5,Transfer,,Tienda General,Other,Argentina,Rosario,Declined,54,False,13.05,,
TRX-94O2NPV8YM8UQ45RYZGF,2026-06-01 11:51:59,2026-06-01,PRD-OV5UURBIKRV4,CLI-OZBI15W76ML0,Withdrawal,,208.52,USD,,ATM,SUC-9J6GQRJ4,,,México,Querétaro,Approved,,False,,,
TRX-7GLS9IX3E59H30V3XZYK,2026-06-02 00:42:23,2026-06-01,PRD-OVX79PU6TXDG,CLI-SE61F2HNP5KI,Transfer,,21357765.35,COP,5339.44,ATM,SUC-P6VSAH4U,,,Colombia,Medellín,Approved,00,False,1.31,4.1645852,-74.1263163
TRX-7JF78DA9VBCBW7TRDX2H,2026-06-02 03:22:34,2026-06-01,PRD-ZRJK155CFVLH,CLI-X08A7OBY45I7,Deposit,,2956.77,USD,,Web,,,,Argentina,Rosario,Approved,00,False,7.01,,
TRX-J0DGDG2NKY8LVJDRH3E7,2026-06-02 05:30:42,2026-06-01,PRD-KWZL2IVV8PDU,CLI-0VY3WZ7M3BD6,Payment,Health,1189.46,USD,,App,,,,Colombia,Barranquilla,Approved,00,False,6.87,,
TRX-GL3NMKMNWUUS8F1OX0Y7,2026-06-01 18:32:05,2026-06-01,PRD-UK2GUMMCWLNA,CLI-6DSU8PD3ITRT,Payment,Health,427.84,USD,,ATM,SUC-HTV8A64G,,,Colombia,Cali,Approved,00,False,16.07,,
TRX-UKL6WWN6SBEX7L5T8CB6,2026-06-02 05:56:16,2026-06-01,PRD-CHGZFGQJVB3E,CLI-3HI6DCVSFEK0,Withdrawal,,67170.04,ARS,191.91,ATM,SUC-HYTTI82L,,,Argentina,Rosario,Approved,00,False,6.43,-34.747323,-58.3878337
TRX-K2RNA7G54VTO0QIVPNO3,2026-06-02 00:03:53,2026-06-01,PRD-KJX7AT8EIVEI,CLI-DG6P6LJ9JFAC,Transfer,,7725.35,USD,,POS,,,,México,Puebla,Approved,00,False,0.68,,
TRX-GDPS5ONOYW9QZ5Y999L8,2026-06-01 16:47:35,2026-06-01,PRD-1BHVN7ZU75DD,CLI-65GTWUTJPAN7,Purchase,Other,77.37,USD,,POS,,Centro Comercial,Other,México,Puebla,Approved,00,False,25.55,,
TRX-JGW0TKEJP6A2DUPE3HQJ,2026-06-02 04:25:00,2026-06-01,PRD-FUAXJHO6909G,CLI-55KK19N3XTAP,Deposit,,3022.0,USD,,POS,,,,México,Ciudad de México,Approved,00,False,,,
TRX-83IG2MJKXIAZBDFKUXQW,2026-06-01 19:32:09,2026-06-01,PRD-QO849HFDU5R8,CLI-RWNMV2Z12O1P,Withdrawal,,1593441.67,COP,398.36,ATM,SUC-07AK38PR,,,Colombia,Cartagena,Approved,,False,12.74,,
TRX-BJ14OHGD44ZQJLJZLNJW,2026-06-01 17:40:04,2026-06-01,PRD-60NHAY4J6GK7,CLI-0XWGQVG73DZK,Purchase,Services,205.8,USD,,App,,Empresa Telefónica,Services,México,Ciudad de México,Approved,00,False,2.98,,
TRX-PXH38MMOXHEZKCIV8IVH,2026-06-01 14:44:23,2026-06-01,PRD-NLRGNZG1EOCA,CLI-QK6VXVM9519S,Deposit,,4308.24,USD,,POS,,,,México,Tijuana,Pending,14,False,1.64,,
TRX-FIJ540J6ZLE4KMSCH5LH,2026-06-01 12:14:01,2026-06-01,PRD-2LBVO2QH6OTZ,CLI-Z7D089N1LFH6,Payment,Services,171473.99,ARS,489.93,ATM,SUC-ZSZKWMJL,,,Argentina,Mendoza,Approved,00,False,,,
TRX-EQ6MCRNFCX0HWWM6UQLS,2026-06-02 01:50:41,2026-06-01,PRD-1K52H0CBTTBC,CLI-SPZ5BL1EWHNP,Payment,Entertainment,1799.14,USD,,POS,,,,México,Ciudad de México,Approved,00,False,15.74,-0.7801204,-0.5856866
TRX-DAA7EZKI29XL3ZE7DRRK,2026-06-02 00:24:29,2026-06-01,PRD-9IPMK9XYHF1W,CLI-GOEW4COMIWGX,Transfer,,5416.63,USD,,App,,,,México,,Approved,00,False,,,
TRX-8FSYJNTWVVGHPGZ16BDB,2026-06-02 01:22:11,2026-06-01,PRD-QDC0XLHMATRX,CLI-MXFX5UJQHS5J,Purchase,Health,168347.52,ARS,480.99,POS,,Farmacia Salud,,Argentina,La Plata,Approved,00,False,25.3,,
TRX-CD1FH1WIXCUOAZTNZOBN,2026-06-01 12:57:53,2026-06-01,PRD-7TD8PJ16NFFT,CLI-0C3C0G655KJV,Withdrawal,,474.34,USD,,Branch,SUC-YZKP5AYK,,,México,Querétaro,Approved,00,False,3.28,,
TRX-UHED0SHFWZ1I6XINTNTS,2026-06-02 00:01:08,2026-06-01,PRD-XIVEOM7IKO0F,CLI-XNYPA2SY5IXY,Deposit,,896700.84,ARS,2562.0,POS,,,,Argentina,Rosario,Approved,00,False,,-34.9127419,-58.2104368
TRX-P3Z9U4FXEMAXNYLGC60F,2026-06-01 08:09:53,2026-06-01,PRD-FREJF15ZJ1MM,CLI-CNUOBEFX65FG,Transfer,,36818881.47,COP,9204.72,POS,,,,Colombia,Bogotá,Approved,00,False,1.42,,
TRX-701N17OXN2R0N4CI8F73,2026-06-01 16:08:09,2026-06-01,PRD-JRWIURL7Q642,CLI-RX0QXP4WGFO8,Withdrawal,,282.41,USD,,POS,,,,México,Tijuana,Approved,00,False,,,
TRX-KWYBGBPJWPY971AX2E7P,2026-06-02 03:24:47,2026-06-01,PRD-NZ54WCOQUTGO,CLI-IEM8D8TSOPNH,Adjustment,,42.81,USD,,ATM,SUC-QVGF07AP,,,México,Guadalajara,Approved,00,False,,,
TRX-INRPR09ZY0U10ZRGE8ZH,2026-06-01 22:31:16,2026-06-01,PRD-DMECOEYP81AZ,CLI-XMOVHGGOQAC4,Purchase,Health,335.08,USD,,ATM,SUC-9YYT37NY,Clínica Médica,Health,México,Querétaro,Approved,00,False,20.66,0.3483169,0.9569094
TRX-WENCVUJBQQU6RZ1990OO,2026-06-01 12:18:36,2026-06-01,PRD-MIBLKRVCI9L8,CLI-7KQRMR53W4KT,Adjustment,,559.81,USD,,App,,,,México,Querétaro,Approved,00,False,10.69,,
TRX-5J9WIJNKV55CQF9MIYYL,2026-06-01 17:49:10,2026-06-01,PRD-1H6O5443Z5GQ,CLI-4WEJ1Z8GAJ7W,Transfer,,1688.13,USD,,App,,,,México,Puebla,Approved,00,False,,,
TRX-DGYU8SDXT1AV8NHYYW5P,2026-06-01 07:11:33,2026-06-01,PRD-GQLZSGW35PQF,CLI-6ITHET3RRVLO,Transfer,,1187.66,USD,,POS,,,,México,Tijuana,Approved,00,False,23.5,,
TRX-Z6DTQS28O6BW30MA6LY6,2026-06-01 20:34:42,2026-06-01,PRD-3B1MEKAFVNB7,CLI-J9QWUATUHJK0,Payment,Other,1614940.65,COP,403.74,App,,,,Colombia,Medellín,Approved,00,False,,,
TRX-8WKNRC22EX62SIY080AB,2026-06-01 17:03:35,2026-06-01,PRD-I78FT039YDE7,CLI-OJFB4AAKQOH9,Adjustment,,383762.92,COP,95.94,ATM,,,,Colombia,Cartagena,Approved,00,False,17.14,,
TRX-BAH5FY6D0ZM2HCXH3ZSN,2026-06-01 07:50:22,2026-06-01,PRD-9CYZVNC1WZ9C,CLI-SJLDFPVYI83V,Purchase,Other,459.67,USD,,Web,,Tienda General,Other,México,Tijuana,Approved,00,False,,,
TRX-BIDDTK6DB1XG1Y4CORGG,2026-06-01 15:14:14,2026-06-01,PRD-RRTW0ULZO47R,CLI-1RVKRVZQ8DCB,Withdrawal,,377.92,USD,,POS,,,,México,Tijuana,Approved,00,False,26.23,-0.9871965,-0.6114948
TRX-T7YSNIYLAOPR6OECR3MT,2026-06-01 10:58:15,2026-06-01,PRD-GF084TMNVGEW,CLI-FPXRCDUFJ6ZE,Transfer,,6535.4,USD,,Branch,SUC-A9BJ48OP,,,México,Tijuana,Approved,00,False,,,
TRX-MHV7FIVU98AM13EX3L1K,2026-06-01 21:28:54,2026-06-01,PRD-MSF16DIR1YZ2,CLI-4VHPJ6U5SDDU,Deposit,,9823547.72,COP,2455.89,Web,,,,Colombia,Cartagena,Approved,00,False,8.11,,
TRX-S0EQ7DDV6Z1ZCTIAZWT2,2026-06-01 09:04:23,2026-06-01,PRD-NIVXDKHT6EDG,CLI-TDAFT0JC1ICG,Deposit,,1038268.0,COP,259.57,ATM,SUC-22RCTEVV,,,Colombia,Bogotá,Approved,,False,21.53,,
TRX-N6JG80KUV4PXDJY30WAY,2026-06-01 19:32:00,2026-06-01,PRD-NB2NKBMY8CU0,CLI-RM5PE8RKJL26,Deposit,,2674.94,USD,,Web,,,,México,Ciudad de México,Approved,00,False,29.53,,
TRX-UZKM1501TGU6456MV9BF,2026-06-01 19:20:43,2026-06-01,PRD-JYS4LSDLI39T,CLI-8PQPM2LEX9DA,Transfer,,148764.61,ARS,425.04,ATM,SUC-7TH4CVFK,,,Argentina,,Approved,00,False,6.95,,
TRX-S2UWPW3PDF0ABX9EBV3X,2026-06-01 07:30:59,2026-06-01,PRD-PPX4TNXUJUIF,CLI-HWV32BYL1XRN,Withdrawal,,1281822.9,COP,320.46,ATM,SUC-6NKYKKQR,,,Colombia,Bogotá,Approved,00,False,,,
TRX-KSNTTXGNYTBKVMWN8K6G,2026-06-01 20:52:45,2026-06-01,PRD-S314AFBIBD0K,CLI-FOSLI8TFRSY1,Purchase,Food,117491.82,ARS,335.69,POS,,Tienda Don José,Food,Argentina,Buenos Aires,Approved,00,False,21.18,-34.3239316,-58.5485607
TRX-JSS4U848WVXC949BXTJJ,2026-06-01 10:06:25,2026-06-01,PRD-ZDKYZ1SRINE0,CLI-9US6ZGHTYWZL,Purchase,Transport,903565.77,COP,225.89,ATM,SUC-AXEH5GB0,Estación de Servicio,Transport,Colombia,Cartagena,Approved,00,False,2.13,,
TRX-JYRNU11XWFJLPDV8HIWA,2026-06-01 11:16:51,2026-06-01,PRD-BGOC7BRQWIEE,CLI-F6FHV95NL3EH,Purchase,Services,278.74,USD,,ATM,SUC-9J6GQRJ4,Empresa Telefónica,Services,México,Querétaro,Approved,00,False,9.17,,
TRX-MJTKXRVHKIELUC210F1J,2026-06-01 13:45:42,2026-06-01,PRD-45IBO2MCYUWZ,CLI-JO34QO5AC4UQ,Transfer,,4415.37,USD,,Branch,SUC-P5YISP64,,,México,Guadalajara,Approved,00,False,,,
TRX-05DQ2QVMEW7X4QA4HWPT,2026-06-01 20:31:54,2026-06-01,PRD-E7QKL9XURBVV,CLI-H4XEV8C138DI,Deposit,,2185.62,USD,,Web,,,,México,Querétaro,Approved,00,False,24.07,,
TRX-NIFDUJGHSYHTSX76DE0C,2026-06-01 22:54:50,2026-06-01,PRD-8UY4YOJ6WPIZ,CLI-CGQS07809GMA,Transfer,,349644.35,ARS,998.98,POS,,,,Argentina,Córdoba,Approved,,False,,,
TRX-ATK8DVJDU9JK3LIV77MK,2026-06-01 16:19:17,2026-06-01,PRD-782OBMP005LB,CLI-J25UMWMDUUL6,Purchase,Transport,100.92,USD,,ATM,SUC-KUOJDQSO,Taxi Seguro,Transport,México,Querétaro,Approved,,False,23.58,,
TRX-IBBYC9N8176W3KXWT26P,2026-06-01 20:27:50,2026-06-01,PRD-40LX7YV136AA,CLI-7KX3YIGITQJH,Transfer,,9795.32,USD,,ATM,SUC-KHBP7W0V,,,Argentina,Rosario,Approved,,False,,-35.058276,-58.5399946
TRX-30AY2NGITJTKTQEGOLZQ,2026-06-02 00:40:45,2026-06-01,PRD-GXTSSH9J7XYF,CLI-HUOD3VAVSIUX,Purchase,Food,168.91,USD,,ATM,SUC-OLTX380V,Restaurante El Buen Sabor,Food,México,Guadalajara,Approved,00,False,1.28,0.5653072,-0.3992434
TRX-IZQ784EL3RHW2MXLWZXJ,2026-06-01 09:51:02,2026-06-01,PRD-6V6911W1V2KZ,CLI-7FUNSVTHH10O,Withdrawal,,101389.84,COP,25.35,ATM,SUC-H24HUACK,,,Colombia,Bogotá,Approved,00,False,24.74,3.8494635,-74.922559
TRX-0Z64CXEN5PL0GP2E7X7U,2026-06-01 19:24:59,2026-06-01,PRD-4X5T2VIFA0WH,CLI-WY62QWFWCN0R,Transfer,,1152781.49,ARS,3293.66,ATM,SUC-4ICHM641,,,Argentina,Mendoza,Approved,00,False,15.87,,
TRX-BT8BX899G8VIFKUOALRH,2026-06-01 12:25:29,2026-06-01,PRD-5V303M6RRCNY,CLI-JVUGIZP6AJJ2,Purchase,Food,305.48,USD,,POS,,Tienda Don José,,México,Puebla,Approved,00,False,,,
TRX-BPCTTGLLP89OPXB8HEXI,2026-06-02 01:14:29,2026-06-01,PRD-G0SFWY0JKMC5,CLI-LL83HST4ZX6R,Transfer,,7933.4,USD,,ATM,SUC-RF3372LI,,,México,Monterrey,Approved,00,False,0.11,,
TRX-41OPKQG984V6SFXGLB0B,2026-06-01 22:13:19,2026-06-01,PRD-43OSLKCPOQ02,CLI-DR5SRGNZ522V,Purchase,,225.68,USD,,POS,,Conciertos Live,Entertainment,México,,Approved,00,False,20.19,,
TRX-BWK29IMAEJAALMJXMJP4,2026-06-01 20:14:17,2026-06-01,PRD-U1UYW77NQURW,CLI-GS9L942EL1PC,Withdrawal,,1533734.87,COP,383.43,Web,,,,Colombia,Cali,Approved,00,False,19.48,,
TRX-B00GMHBC0IXRGZ0O0NRV,2026-06-01 10:13:25,2026-06-01,PRD-YQV0DXFJQ8J9,CLI-K6K91RTL1PZE,Deposit,,3414.66,USD,,App,,,,México,Ciudad de México,Approved,00,False,17.02,,
TRX-7OH1V7LHGLLGD6TWTCES,2026-06-01 14:30:51,2026-06-01,PRD-FBO4GAIDMN9M,CLI-IR4DC5WC7TCE,Adjustment,,642.08,USD,,POS,,,,México,Tijuana,Approved,00,False,,,
TRX-YOWV64XDTX4CCLHC10DU,2026-06-02 01:56:20,2026-06-01,PRD-H2DYB5DBTD5M,CLI-Z4G07RZ1RVDM,Payment,Services,1279.93,USD,,POS,,,,México,Tijuana,Approved,00,False,,,
TRX-BYC1EVDN51PTVPFHLIYS,2026-06-01 23:13:18,2026-06-01,PRD-XLHQHMKBGAZ5,CLI-FGH9HKUEBG8N,Purchase,Food,950972.24,COP,237.74,App,,Mercado Central,Food,Colombia,Bogotá,Approved,00,False,1.87,,
TRX-T5IU1EOMQH3NK2NY1W6O,2026-06-02 04:47:37,2026-06-01,PRD-5D239LNOPVQC,CLI-4SOPYMA0MA4F,Purchase,Entertainment,373038.13,COP,93.26,POS,,Teatro Nacional,Entertainment,Colombia,,Approved,00,False,17.33,,
TRX-OROEMDF366N1DH980VC1,2026-06-02 04:16:40,2026-06-01,PRD-Z5CPNV14TAN1,CLI-T0Y5U4MDWEOH,Transfer,,23565014.44,COP,5891.25,App,,,,Colombia,Bogotá,Approved,00,False,4.42,,
TRX-4YTB2BREN0WKFNU4NUBY,2026-06-01 12:18:30,2026-06-01,PRD-9M1OWYVYAFUD,CLI-18HQL9O4R9Q9,Withdrawal,,131943.33,ARS,376.98,POS,,,,Brazil,Salvador,Approved,00,False,29.8,,
TRX-4ZKJJLRMRFHDJWU1U4HM,2026-06-01 14:24:11,2026-06-01,PRD-TGX52VAC217G,CLI-WBHBTR989EYE,Purchase,Transport,174669.82,ARS,499.06,Web,,Estación de Servicio,Transport,Argentina,Rosario,Approved,00,False,1.61,,
TRX-RWXX1LXF7BVGI55SAXO4,2026-06-01 06:15:43,2026-06-01,PRD-VY6VFUH103A0,CLI-2Z5V6I8T6RXW,Withdrawal,,192546.16,COP,48.14,Web,,,,Colombia,Barranquilla,Approved,00,False,13.81,,
TRX-P57YUZKXDMKY7UNGDUGB,2026-06-02 03:51:48,2026-06-01,PRD-4WR1FPQUG5P5,CLI-KAD9LFZLS2LC,Withdrawal,,16111.02,ARS,46.03,ATM,SUC-PJ3BSV1X,,,Argentina,Mendoza,Approved,00,False,2.06,,
TRX-CJO2EJXIS55D20ZF9MKZ,2026-06-01 15:50:13,2026-06-01,PRD-9LM6ADYQUJBX,CLI-FRBRP6RTEBTJ,Withdrawal,,159104.27,ARS,454.58,ATM,SUC-G7HRTTDE,,,Argentina,Córdoba,Approved,00,False,15.49,,
TRX-J7L3GGHU0WOPHSCOAAV6,2026-06-01 11:54:13,2026-06-01,PRD-HC874JOJTAZ8,CLI-XM71LPTS2SYW,Deposit,,1342708.77,ARS,3836.31,App,,,,Argentina,Rosario,Declined,51,False,7.35,,
TRX-JJQDT0CS0N7CAWW91HK1,2026-06-02 00:27:57,2026-06-01,PRD-HMCQD2U7GL4D,CLI-5FDNVT28KRNP,Payment,Health,536093.96,ARS,1531.7,App,,,,Argentina,,Approved,00,False,14.12,,
TRX-64NUA2T633901TPFC014,2026-06-01 17:26:07,2026-06-01,PRD-GHJKF39VFJ7K,CLI-4B5LWLVW1JOC,Deposit,,1865.05,USD,,POS,,,,México,Guadalajara,Approved,00,False,24.36,,
TRX-NJVSNL5YQV8Y9MY8NA75,2026-06-01 23:14:51,2026-06-01,PRD-K1PESLI6NH5J,CLI-HTRSU2WXRL7C,Withdrawal,,895850.32,COP,223.96,ATM,SUC-22RCTEVV,,,Colombia,Medellín,Approved,00,False,8.88,,
TRX-LU79WNU6M4Y1RK9Q6ZFH,2026-06-02 02:04:06,2026-06-01,PRD-YKJNPDW6D70A,CLI-6KBC5NEW7A75,Purchase,Other,389.34,USD,,App,,Ferretería,,Argentina,Rosario,Approved,00,False,8.06,,
TRX-FZ0QW9KD575OQX6CBHA7,2026-06-01 20:57:47,2026-06-01,PRD-M6HF0JTQK65T,CLI-EYHEN8QPW1EK,Purchase,Entertainment,78.02,USD,,POS,,Streaming Music,Entertainment,México,Puebla,Approved,00,False,1.75,-0.294845,0.2060803
TRX-CB0OEW7NERYCQW3YDVR4,2026-06-01 11:07:42,2026-06-01,PRD-X7NW1Z4VUXAW,CLI-7G43VSOODEUL,Purchase,Transport,381.23,USD,,POS,,Taxi Seguro,Transport,México,Tijuana,Approved,00,False,4.62,,
TRX-R1W4IHGCE4YSTFZD7HJ9,2026-06-01 21:40:05,2026-06-01,PRD-7G5YN403F5VA,CLI-4VU32YHUCPON,Transfer,,9889.04,USD,,POS,,,,México,Puebla,Approved,00,False,17.08,,
TRX-3K0FKZGEOROYZ0ZJB02P,2026-06-01 22:38:21,2026-06-01,PRD-DS8GXA83TKCK,CLI-XAWBNX34UXZR,Transfer,,5227518.72,COP,1306.88,App,,,,Colombia,Bogotá,Approved,00,False,14.88,,
TRX-3EZBXGDQ15PD4HSAY87A,2026-06-01 22:22:24,2026-06-01,PRD-8GE978TNBIIC,CLI-6EA19ODIMGFJ,Transfer,,5355859.48,COP,1338.96,Transfer,,,,Colombia,Bogotá,Approved,00,False,26.3,,
TRX-KVNMDJ75ECASU8NDU97L,2026-06-01 15:33:37,2026-06-01,PRD-RT3NTJY0QY5E,CLI-C2TG0DK17E7G,Transfer,,37608990.95,COP,9402.25,Web,,,,Colombia,Bogotá,Approved,00,False,15.81,,
TRX-CCXVU0NU03R2S8IP22BJ,2026-06-01 19:40:44,2026-06-01,PRD-TAEHMDG3G2JH,CLI-NFY3F5WMTE20,Transfer,,7392.7,USD,,POS,,,,México,Ciudad de México,Approved,00,False,,-0.5080073,-0.4886668
TRX-Y06QSD2M15Q2VMLL5AOE,2026-06-02 01:36:39,2026-06-01,PRD-IFJRKMO8SBOE,CLI-YEO59XC0BF3P,Purchase,Entertainment,446.51,USD,,POS,,Cine Premium,Entertainment,México,Querétaro,Approved,00,False,,0.6601807,0.1708247
TRX-PSXF1D911XMHOHCEEFTU,2026-06-01 17:09:48,2026-06-01,PRD-TCRABVD3Z7J6,CLI-N5WB9E4RKXPC,Transfer,,7404.37,USD,,Web,,,,México,,Declined,05,False,26.39,,
TRX-9P4ZIC9MN6H3KG7VTKRS,2026-06-01 10:06:32,2026-06-01,PRD-KZOPNW2DK5DX,CLI-X8OGSVC3Q8ZJ,Payment,Entertainment,1784.76,USD,,Web,,,,México,Monterrey,Approved,00,False,0.85,,
TRX-H90KVEEFUU37EHXSXF5F,2026-06-01 15:16:25,2026-06-01,PRD-9011BYMQHIK9,CLI-JO4N7CIFDSAO,Payment,Entertainment,597.05,USD,,POS,,,,México,Monterrey,Approved,00,False,4.1,,
TRX-93IFYYTQN9EX4Y04837F,2026-06-01 17:18:12,2026-06-01,PRD-SDHJLJRM8Q7V,CLI-19ZS67JMU1YL,Adjustment,,340.19,USD,,POS,,,,México,Guadalajara,Approved,00,False,,,
TRX-D1QNOMEFXWJLUSSN81P6,2026-06-02 02:46:38,2026-06-01,PRD-5W74AB3LJJII,CLI-QAIC5NGA4QDQ,Transfer,,8971.43,USD,,App,,,,Colombia,Bogotá,Approved,00,False,17.17,,
TRX-0CW61XA0TZ5VD8YWYOWO,2026-06-01 20:51:50,2026-06-01,PRD-KOMFLWRWZN68,CLI-6CLXFQDMQI5E,Withdrawal,,129.37,USD,,POS,,,,México,Ciudad de México,Approved,00,False,13.72,,
TRX-RR1BVNLYPDQFEPXKH8P8,2026-06-01 13:00:10,2026-06-01,PRD-JU77KA0X2CI3,CLI-OLMBCGNE47KB,Transfer,,8115.46,USD,,POS,,,,México,Puebla,Approved,00,False,,-0.6856003,-0.764753
TRX-5W9IGKPS09EX7DG6OD8R,2026-06-02 03:09:47,2026-06-01,PRD-PYOAJHJ925RR,CLI-X2O6CID2TX9X,Transfer,,6358584.9,COP,1589.65,Branch,SUC-3NEGSLF6,,,Colombia,Cartagena,Approved,00,False,28.17,4.0597519,-74.2018158
TRX-6UQI4K3JOZ7BZUZMUZAF,2026-06-01 22:23:41,2026-06-01,PRD-57CUF1SBM4E7,CLI-6D7R70E7WCCQ,Withdrawal,,254.22,USD,,POS,,,,México,Querétaro,Approved,00,False,22.44,0.1676174,0.335028
TRX-0KKWUZAKMBRQE56BRU2B,2026-06-01 09:08:17,2026-06-01,PRD-OLEX7MEJ3GRV,CLI-SMJH7VDQF1X8,Deposit,,2917967.93,COP,729.49,POS,,,,Brazil,Salvador,Declined,54,False,8.91,,
TRX-KZGOOGMVT6MQ7AGOV52F,2026-06-01 12:07:16,2026-06-01,PRD-RQ1ODU9S84H7,CLI-67NXMJBXDEYA,Purchase,Entertainment,1728370.93,COP,432.09,Web,,Streaming Music,Entertainment,Colombia,Medellín,Approved,00,False,18.74,,
TRX-QZ4Q71YUH3K41QP4XOFR,2026-06-01 10:33:11,2026-06-01,PRD-POTGE5BV18QQ,CLI-PBYYLMBK2G04,Purchase,Other,54.54,USD,,ATM,SUC-9YYT37NY,Centro Comercial,Other,México,Ciudad de México,Approved,00,False,13.26,,
TRX-EJC8Q5TZYX5QLKV1SZF8,2026-06-01 13:27:11,2026-06-01,PRD-J7BBP4I242L6,CLI-G9MAAD3X5AAP,Transfer,,592014.31,ARS,1691.47,ATM,,,,Argentina,Mendoza,Approved,00,False,10.78,-35.1045267,-58.2682608
TRX-DR9O9WP323EHRBT6IPCQ,2026-06-01 07:37:58,2026-06-01,PRD-KSGH7UQRPXZG,CLI-X7BCRPCRQEI4,Withdrawal,,22.63,USD,,POS,,,,Brazil,Salvador,Approved,00,False,13.62,,
TRX-HV5CGTU65KGNCWHPI8I2,2026-06-01 16:28:08,2026-06-01,PRD-H0NBWP6WZ7DW,CLI-ID9I6KKG9FKE,Purchase,Other,134771.5,ARS,385.06,Web,,Tienda General,Other,Argentina,Córdoba,Approved,00,False,22.61,,
TRX-NMDH920IP1361VQ60YKQ,2026-06-01 12:31:25,2026-06-01,PRD-A4CEFW8538C1,CLI-AKACM6D5362F,Payment,Entertainment,902.73,USD,,POS,,,,México,Ciudad de México,Approved,00,False,,0.3035178,-0.507286
TRX-4CSL4T258LTOSC0I6PFH,2026-06-01 07:16:13,2026-06-01,PRD-RVHRKUUKBJZL,CLI-K8XNSWREXU0D,Withdrawal,,426624.88,COP,106.66,App,,,,Colombia,Barranquilla,Approved,00,False,4.46,,
TRX-4M2OKGNW7NDJ9MOONZ5L,2026-06-01 20:03:56,2026-06-01,PRD-OKBE6XI8OP1N,CLI-44SJFPYTL4P4,Payment,Entertainment,610257.58,ARS,1743.59,POS,,,,Argentina,La Plata,Approved,00,False,19.87,,
TRX-AZTRG8SQN5LB3CKEQIY4,2026-06-01 08:24:57,2026-06-01,PRD-L1JYEUKXMVRO,CLI-HEG4OILJ1HWM,Transfer,,26845515.53,COP,6711.38,ATM,SUC-9S92DZ9T,,,Colombia,Cartagena,Approved,00,False,29.98,,
TRX-FOK8DZ1BPXOJEB2EVRRA,2026-06-01 10:33:31,2026-06-01,PRD-2ZPGBNVSW1DO,CLI-A9WC4H2KXFWS,Deposit,,730.12,USD,,App,,,,México,Tijuana,Approved,00,False,26.01,,
TRX-ULIS7A8YHLO6Z9H6TZBV,2026-06-01 18:02:46,2026-06-01,PRD-KZHJYCG86TXQ,CLI-HXLTRD3GIMEC,Deposit,,11277931.48,COP,2819.48,POS,,,,Colombia,Bogotá,Approved,00,False,,,
TRX-9YWWEN0N9IA2U3PCKTYH,2026-06-01 15:30:09,2026-06-01,PRD-79ORSWM80A1U,CLI-B9L84N4VEH7E,Purchase,Entertainment,143.17,USD,,POS,,Conciertos Live,Entertainment,México,Puebla,Approved,00,False,19.33,,
TRX-IWEEA49MJ0V6Q7JC8552,2026-06-01 20:32:37,2026-06-01,PRD-03INPHV5FIYK,CLI-CBOO28S0L5EZ,Withdrawal,,427.9,USD,,App,,,,México,Puebla,Approved,00,False,22.12,,
TRX-KYLOM4JK5ZCSE5LKFVFK,2026-06-01 07:31:26,2026-06-01,PRD-3KHEB6OPPUBQ,CLI-3D8M1GKR7X06,Deposit,,2737.01,USD,,Web,,,,México,Guadalajara,Pending,05,False,,,
TRX-8WN56V1EX9O4CAXXNFSL,2026-06-01 14:08:22,2026-06-01,PRD-V0W0FYARDOH9,CLI-6K6K83HMUB2W,Payment,Health,337644.23,ARS,964.7,POS,,,,Argentina,Mendoza,Approved,00,False,1.95,-33.6769808,-57.8655243
TRX-2UNFDG66HGC9CRR039OH,2026-06-01 11:58:56,2026-06-01,PRD-CDWCFGR6H0JT,CLI-V2RY52VD63K4,Withdrawal,,348.73,USD,,POS,,,,México,Guadalajara,Approved,00,False,,,
TRX-5NP2I2A638NXKXYFXI0L,2026-06-01 23:55:10,2026-06-01,PRD-18VQ5JMXR4VY,CLI-KZ6T43IJWBS8,Withdrawal,,189.15,USD,,App,,,,México,Ciudad de México,Approved,00,False,27.51,,
TRX-GUHBMDCE19TGJST0UCNJ,2026-06-02 00:02:55,2026-06-01,PRD-WC7862IPVQWV,CLI-WOCSMQWRUY0B,Payment,Other,7913225.76,COP,,POS,,,,Colombia,Cali,Approved,00,False,19.76,,
TRX-EYX1KVOWUW7YSQ8SWH03,2026-06-01 23:06:01,2026-06-01,PRD-OLE3FPBPJSW2,CLI-1WPWAOBE0BSU,Transfer,,21662583.17,COP,5415.65,ATM,SUC-DG6C9C1K,,,Colombia,Bogotá,Approved,00,False,26.02,,
TRX-A71R0TA8L6T386TGTS12,2026-06-02 03:33:49,2026-06-01,PRD-39XEPQLVB1S1,CLI-VX0DZACLXKGR,Withdrawal,,115045.71,ARS,328.7,Web,,,,Argentina,La Plata,Approved,00,False,3.15,,
TRX-BUOYNIICAQ0HLCIWU6RU,2026-06-01 20:04:51,2026-06-01,PRD-WB3G8COYYW5B,CLI-QSNWOLAT43M5,Withdrawal,,384.81,USD,,POS,,,,México,Guadalajara,Approved,00,False,0.89,0.5981868,-0.3527709
TRX-EKDCZ5Q28W4M9BSQ1REH,2026-06-01 23:03:41,2026-06-01,PRD-DNOGUX3FFRNJ,CLI-QZ7BUV4IJMW4,Deposit,,802547.04,COP,200.64,ATM,SUC-EMGR60PV,,,Colombia,Barranquilla,Approved,00,False,26.25,,
TRX-OFLWHW74WUDSYHZ6ATHX,2026-06-02 01:59:24,2026-06-01,PRD-7MDHB4R7TALI,CLI-C9CMPX3MTZWO,Purchase,Transport,85971.59,ARS,245.63,POS,,Uber,Transport,Argentina,La Plata,Approved,00,False,18.54,-34.293487,-58.0342086
TRX-G72RTQ7L6IP31XHXD1NH,2026-06-02 01:05:28,2026-06-01,PRD-O27KTMLEHNAO,CLI-O5QS3VQ7Q0NN,Withdrawal,,151.65,USD,,ATM,SUC-A9BJ48OP,,,México,Puebla,Approved,00,False,14.28,,
TRX-6ALM85O6NANJDNPE44Y6,2026-06-01 10:19:57,2026-06-01,PRD-OLRHUSCWCU71,CLI-VCEQLPUWV0GJ,Payment,Health,1220.08,USD,,ATM,SUC-JDSJM3BZ,,,México,Querétaro,Approved,00,False,12.53,,
TRX-85P6IFHA3X3E24FX8KYO,2026-06-02 02:08:22,2026-06-01,PRD-945B2LFDQ3LO,CLI-7JMVOBPD8OHM,Withdrawal,,26916.96,ARS,76.91,ATM,SUC-F321UEME,,,Argentina,La Plata,Approved,00,False,15.12,,
TRX-YYRKZD3VWEUO5W4G2MQF,2026-06-01 12:43:32,2026-06-01,PRD-KK94LK0DTO3E,CLI-16M9HG02UBPR,Withdrawal,,85.04,USD,,Web,,,,Colombia,Cartagena,Approved,00,False,0.1,,
TRX-0FBBOE8FODVTX2Q74SW7,2026-06-02 04:15:41,2026-06-01,PRD-ZSGAQO4V1C2G,CLI-3Y45MNL56NP5,Payment,Food,361021.9,ARS,1031.49,App,,,,Argentina,Córdoba,Approved,00,False,,,
TRX-Z9HTDHZ96HW9EGGPHWEZ,2026-06-02 00:10:08,2026-06-01,PRD-K0I7D6XYL4SQ,CLI-2EYCPEGT7PQS,Deposit,,1100.42,USD,,POS,,,,México,Tijuana,Approved,00,False,18.86,0.2146519,0.0430536
TRX-SI21DUWVGNY1UAV6A6G3,2026-06-02 05:42:58,2026-06-01,PRD-3213OYM54QQ1,CLI-7DGMYIPWIYR2,Withdrawal,,294.32,USD,,POS,,,,México,Tijuana,Approved,00,False,24.21,,
TRX-DK1PU2P09UVULXBHDD0M,2026-06-01 13:24:28,2026-06-01,PRD-I8PIN95DAOUM,CLI-IWXZX1TJU366,Purchase,Services,334.66,USD,,Web,,Empresa Telefónica,Services,México,,Approved,00,False,28.39,,
TRX-WBJ522SQP5FH59YWG9R9,2026-06-01 20:57:45,2026-06-01,PRD-E57KAVJA3BPG,CLI-G69VSABOIKRY,Transfer,,1047228.03,ARS,2992.08,ATM,SUC-4ICHM641,,,Argentina,Mendoza,Approved,00,False,16.26,,
TRX-BPAJBX6CKM7PO86ZYZ0W,2026-06-02 03:50:17,2026-06-01,PRD-I8IIUY4RQ9NP,CLI-T8NEF7XQNQTY,Deposit,,19901350.85,COP,4975.34,ATM,SUC-KY2QIURA,,,Colombia,Medellín,Approved,00,False,,5.5825949,-74.3026024
TRX-KL58S2CKEKC0ZFNEUBWC,2026-06-01 18:25:03,2026-06-01,PRD-G70P22Q8UXD6,CLI-LW08L4PD8FHN,Purchase,Health,144192.7,ARS,411.98,ATM,SUC-D4W8JR4A,Farmacia Salud,Health,Argentina,La Plata,Approved,,False,11.91,-35.1247079,-57.7340672
TRX-9R7DODR4QCG002OURCJL,2026-06-01 13:17:03,2026-06-01,PRD-HYMSJ5TN94R8,CLI-9KF451EZI4JA,Withdrawal,,33872.03,ARS,96.78,App,,,,Argentina,La Plata,Approved,00,False,1.72,,
TRX-8UA7APSUCY3465I3394K,2026-06-01 07:16:25,2026-06-01,PRD-U6ZWGG09Q0BO,CLI-F6UVFKGV70JC,Purchase,,57165.34,ARS,163.33,ATM,SUC-RNIHGBDP,Gasolinera Express,Transport,Argentina,Rosario,Approved,00,False,29.89,,
TRX-IHDJKMHBJ6A4X6FMVCST,2026-06-02 04:58:33,2026-06-01,PRD-5XIFRNJXRGOH,CLI-4QSAD3XBN4WV,Transfer,,11784226.41,COP,2946.06,App,,,,Colombia,Medellín,Approved,00,False,10.25,,
TRX-6RGJUX6V4OW38WIWXOOZ,2026-06-01 23:43:41,2026-06-01,PRD-BBZH1DBB8FJK,CLI-LEW8CVA4BTL2,Purchase,Other,117.07,USD,,ATM,SUC-JGJN78RV,Centro Comercial,Other,México,Querétaro,Approved,00,False,,,
TRX-T90MAVVSDWPWUK582HT0,2026-06-01 23:49:45,2026-06-01,PRD-2IB9U5NZG5JW,CLI-KM1G900OHIKN,Deposit,,3503.5,USD,,App,,,,México,Monterrey,Approved,00,False,,,
TRX-M9PNATWOQVQB2MO95SZ2,2026-06-01 09:35:15,2026-06-01,PRD-JCR0G4X1OANN,CLI-EM7F2DY3AM0P,Payment,Other,314.74,USD,,App,,,,México,,Approved,00,False,11.27,,
TRX-TWBZC058RZIQB694302U,2026-06-02 03:48:29,2026-06-01,PRD-6LIU09X76SZV,CLI-JJHU4S44ISSJ,Deposit,,1548.99,USD,,POS,,,,México,Monterrey,Approved,00,False,,,0.9490187
TRX-RWV0Z3FNDUE12WCITABS,2026-06-01 09:03:51,2026-06-01,PRD-AKF0JZZLK2EI,CLI-IRS87F3BH8HU,Transfer,,4054.82,USD,,ATM,SUC-9L4T3P44,,,México,Puebla,Approved,00,False,10.91,,
TRX-HFZAJ3Z0W00VY6F5OU26,2026-06-01 10:26:11,2026-06-01,PRD-QAPRP02Y6MET,CLI-EL5H1KHELBAQ,Adjustment,,840.49,USD,,App,,,,México,,Approved,00,False,,,
TRX-8IC4PXUZEUE2NTO3A3YG,2026-06-02 04:39:50,2026-06-01,PRD-9WHYKHQ71QRM,CLI-CAANH8NXENF5,Transfer,,17065687.95,COP,4266.42,ATM,SUC-H9U13579,,,Colombia,Bogotá,Approved,00,False,11.13,4.6331306,-73.6842746
TRX-Q6UDI9XYT46XWI74IEFS,2026-06-01 19:51:46,2026-06-01,PRD-XVGGPJ5641LO,CLI-55YVBK5XT0W8,Payment,Services,482.98,USD,,POS,,,,México,Monterrey,Approved,00,False,29.64,,
TRX-2DX5UGI251N8GOYIH24I,2026-06-01 08:17:25,2026-06-01,PRD-BJETQFQLN15O,CLI-W6W7CC4Z1K1R,Deposit,,1643.21,USD,,POS,,,,Mexico,Ciudad de México,Declined,14,False,5.06,,
TRX-LSHSRJS9BFRDDV1J63NN,2026-06-02 02:48:29,2026-06-01,PRD-63DBPT9MTLPF,CLI-2PCI7UHY8VA1,Payment,Health,1704.8,USD,,ATM,,,,Mexico,Monterrey,Approved,00,False,11.03,,
TRX-AYAQOU1R2U1TJN7ILTF7,2026-06-02 00:39:45,2026-06-01,PRD-QYAAXP6SWBDU,CLI-ABFYUJ6Z9C1F,Transfer,,82282.8,ARS,235.09,POS,,,,Argentina,,Approved,00,False,23.64,-34.1122061,-58.4522362
TRX-59FQFCSKQ71C6RZV8QZG,2026-06-02 00:36:17,2026-06-01,PRD-WY2BMJM1DVT5,CLI-Y615XURBA99C,Purchase,Services,1101249.95,COP,275.31,POS,,Empresa Telefónica,Services,Colombia,Medellín,Pending,14,False,,,
TRX-AGO9UREXUBF7IQIPCE4P,2026-06-01 11:34:36,2026-06-01,PRD-6RNIIK4W6Q50,CLI-RKJ8H6DIZBW4,Withdrawal,,195.35,USD,,Web,,,,México,Ciudad de México,Declined,05,False,19.29,,
TRX-VUPT95KG4NACH6ACE8XI,2026-06-01 16:38:42,2026-06-01,PRD-4RALMRUIWBA4,CLI-ZHFY9NYIM9E9,Deposit,,9237412.47,COP,2309.35,ATM,SUC-84HXKY7Q,,,Colombia,Bogotá,Declined,14,False,12.48,,
TRX-898XTDSUOXPTA7BDDU6U,2026-06-02 01:29:22,2026-06-01,PRD-W2DIOQ6FNE7P,CLI-RQ5TYLD4F21X,Transfer,,3853.52,USD,,Web,,,,Argentina,La Plata,Approved,00,False,23.33,,
TRX-9RNAACQCOPMHS5JOL2NO,2026-06-01 16:09:01,2026-06-01,PRD-IEBY6M1OMR70,CLI-3RXYJNUW5WZR,Payment,Entertainment,518470.78,ARS,1481.35,POS,,,,Argentina,La Plata,Approved,00,False,27.8,,
TRX-IUKXLKSSI3KRQ0R6UOW1,2026-06-01 21:40:30,2026-06-01,PRD-26HQ6U2S1OE8,CLI-JPUCJXBGWNZO,Deposit,,1247351.16,COP,311.84,ATM,SUC-9S92DZ9T,,,Colombia,Cali,Approved,00,False,18.59,,
TRX-TBG03BLYVTJDTRCWGB9T,2026-06-01 06:32:47,2026-06-01,PRD-FEEFDAMD8T5J,CLI-JCG8HBRF48I3,Purchase,Transport,113939.0,ARS,325.54,Web,,Gasolinera Express,Transport,Argentina,La Plata,Approved,00,False,5.37,,
TRX-NLQYB8LMG3PGV8H86TYG,2026-06-01 21:19:55,2026-06-01,PRD-EDCTGS5BOB97,CLI-D8WHTXQSFWNI,Withdrawal,,1741953.12,COP,435.49,ATM,SUC-01J639PQ,,,Colombia,Cartagena,Approved,00,False,4.18,4.5978333,-74.9857025
TRX-S40JN3RJ6M7HNMH2DKJ0,2026-06-01 08:08:00,2026-06-01,PRD-U2MAETYSLUKZ,CLI-BN4JWVEI7RST,Withdrawal,,38.13,USD,,Web,,,,México,Ciudad de México,Approved,00,False,13.67,,
TRX-CNP0KKYGLPIDE89EZF2C,2026-06-01 14:05:22,2026-06-01,PRD-YBIPTD6ONVKH,CLI-KSDF8ABVXK23,Payment,Food,4991092.21,COP,1247.77,Web,,,,Colombia,Barranquilla,Approved,00,False,1.01,,
TRX-HWSD8BDCBT2A7H8QUW2Z,2026-06-01 09:54:46,2026-06-01,PRD-38QZOHMDRG3R,CLI-8VJ9IBO7QAMB,Purchase,Transport,1442553.04,COP,360.64,Web,,Uber,,Colombia,,Pending,14,False,13.4,,
TRX-2V98L7RE40VMHPLAQCT8,2026-06-02 00:50:39,2026-06-01,PRD-5HUNJMF0OOBI,CLI-CDZ2FUG57SY8,Withdrawal,,283.54,USD,,POS,,,,México,,Approved,00,False,,0.2844142,0.4229441
TRX-X4N3RA5KX6HDHH0HY2H3,2026-06-01 16:20:26,2026-06-01,PRD-4EKIJ6GUQIO5,CLI-EFW1OSQX5B5V,Transfer,,7486.89,USD,,ATM,SUC-YIS5JECV,,,México,Tijuana,Approved,00,False,28.09,,
TRX-9H3D8FPN48BUMGBKDP9W,2026-06-01 19:26:54,2026-06-01,PRD-XEW8RGONGTCH,CLI-RHQZUTVPSE11,Deposit,,2187.57,USD,,Web,,,,México,Puebla,Declined,14,False,12.39,,
TRX-FFJ6HHKW6T3ML0W3UOGF,2026-06-02 02:12:50,2026-06-01,PRD-AV8MLUNC0GAY,CLI-A1LKGRJ2IV2L,Deposit,,329919.75,ARS,942.63,App,,,,Argentina,La Plata,Approved,00,False,5.63,,
TRX-U9TVN9Y9TWCGWZ9ZDY7J,2026-06-01 09:44:34,2026-06-01,PRD-AA5UCIANAEQL,CLI-NSYDLSCMYWSU,Withdrawal,,281.95,USD,,ATM,SUC-BSMTX3U8,,,México,Ciudad de México,Approved,00,False,12.18,,
TRX-CD6QTF57G34SWS8RATEX,2026-06-01 14:26:40,2026-06-01,PRD-HSQDNTMO33FP,CLI-915D0FCWXJI3,Withdrawal,,495.83,USD,,App,,,,México,Tijuana,Approved,00,False,18.84,,
TRX-7VZQ8J6JA2924BNJFJ2K,2026-06-01 18:47:46,2026-06-01,PRD-FJXZ5CSLYDKE,CLI-9IIOQ5OFJSC6,Withdrawal,,138.42,USD,,Transfer,,,,México,Tijuana,Approved,00,False,7.22,,
TRX-N0U9OGEMSMMWFMW28925,2026-06-01 15:02:45,2026-06-01,PRD-B9LJBFIXN7PC,CLI-R56RMK2O0CYS,Transfer,,27432012.33,COP,6858.0,Web,,,,Colombia,Bogotá,Approved,00,False,,,
TRX-UKFI411OMDDG4EYLK9N5,2026-06-01 08:27:18,2026-06-01,PRD-D3B4O8GUX1GD,CLI-NLHH6161CZJD,Purchase,Health,31706.99,ARS,90.59,POS,,Óptica Visión,Health,Argentina,Rosario,Approved,00,False,16.76,,
TRX-936Y2ZKWFQ788MD4CSOH,2026-06-01 11:08:08,2026-06-01,PRD-DBQX6WL6QQE8,CLI-QYZVMVD0VCDH,Withdrawal,,1316799.95,COP,,POS,,,,Colombia,Barranquilla,Pending,14,False,19.52,4.573834,-74.744656
TRX-RYOAE572V88C7U359MDX,2026-06-01 07:22:29,2026-06-01,PRD-D7CHAPPUKL8D,CLI-L3ZNK0T974QR,Transfer,,3051.58,USD,,Transfer,,,,México,Puebla,Approved,00,False,,,
TRX-AU41XQU0K0MY4WMOZUBF,2026-06-01 22:09:01,2026-06-01,PRD-0EQFZZ9G5QII,CLI-1NZILWRO8ZJB,Withdrawal,,469.29,USD,,ATM,SUC-POHHKXPA,,,México,Puebla,Approved,00,False,15.2,,
TRX-BEHX5ZFT63MY13VAD6BD,2026-06-02 02:37:32,2026-06-01,PRD-INJANSWEASOQ,CLI-J881TAYNNSIS,Purchase,Entertainment,43892.48,ARS,125.41,POS,,Streaming Music,Entertainment,Argentina,Buenos Aires,Approved,00,False,11.9,,
TRX-B2FO7HSXIOHDU5RJUP9N,2026-06-01 16:22:53,2026-06-01,PRD-09L01UW5BVLG,CLI-H3P3Z04DEHRX,Payment,Food,6618589.66,COP,1654.65,POS,,,,Colombia,Cartagena,Approved,00,False,24.24,,
TRX-M5LSWC8MFH1NJ576O5NH,2026-06-01 21:19:36,2026-06-01,PRD-TV35VVEXLK3C,CLI-5WHDSGSW3QFQ,Purchase,Health,1077347.51,COP,269.34,Web,,,Health,Colombia,Medellín,Approved,00,False,,,
TRX-7I88YZGASGQ7ONP3TDFG,2026-06-02 03:53:36,2026-06-01,PRD-YVR6KYVS5SF3,CLI-DFNT1E58VGK2,Payment,,202.85,USD,,ATM,SUC-KT11NKNR,,,Spain,Valencia,Approved,00,False,16.62,,0.3698828
TRX-VPOVMTCPLDXHCAGJVBC6,2026-06-01 22:48:06,2026-06-01,PRD-5RNJS11R5OO8,CLI-MC9YOI6FD59J,Deposit,,2254.54,USD,,ATM,SUC-JRR5Z8WK,,,México,Tijuana,Approved,00,False,2.36,,
TRX-ZA3V7MS24LZUCYZG0KL4,2026-06-01 11:34:06,2026-06-01,PRD-8KAO9395O49M,CLI-4TJES8TXZNBD,Withdrawal,,27673.6,ARS,79.07,App,,,,Argentina,,Approved,00,False,16.51,,
TRX-1G6CJXTMOIGOEJ7P25WW,2026-06-01 17:05:30,2026-06-01,PRD-1YEVIVI9P1KU,CLI-SA9EGDBFBQA5,Transfer,,1404.11,USD,,ATM,SUC-ZXOSBE5D,,,México,Guadalajara,Approved,00,False,29.51,-0.6527671,
TRX-QGEI5KPLZRV1DI5TAASG,2026-06-01 20:12:52,2026-06-01,PRD-42JHB4TADY4J,CLI-BWF609QWG8I6,Deposit,,9638681.56,COP,2409.67,Web,,,,Colombia,Cartagena,Approved,00,False,27.62,,
TRX-JJ1A3DOQUN0K9KPCBIV4,2026-06-01 12:27:26,2026-06-01,PRD-YWN68BD1RALK,CLI-IZ8W0589XT9R,Adjustment,,180.56,USD,,POS,,,,México,Tijuana,Approved,00,False,14.41,,
TRX-SJQIPAXGJRU2JCOI5A20,2026-06-01 18:05:58,2026-06-01,PRD-0CUDSEWTOL2T,CLI-99C0NH6WF9JY,Payment,Other,328099.33,ARS,937.43,ATM,SUC-0MPZUQLJ,,,Argentina,,Declined,14,False,23.88,,
TRX-U2EX6S6AWYBAYQAH2TE0,2026-06-01 23:20:12,2026-06-01,PRD-RBMNJUMHO4O0,CLI-JBKUBA0WV3KR,Withdrawal,,263.86,USD,,POS,,,,México,Ciudad de México,Approved,00,False,23.99,-0.5983192,
TRX-7CFGS73VTPSSY5Y42FT9,2026-06-01 23:37:17,2026-06-01,PRD-679SCAQTN8SS,CLI-2GMY3ZM21S9Y,Withdrawal,,462957.02,COP,,ATM,SUC-2L4DTLRM,,,Colombia,Barranquilla,Approved,00,False,,4.2709007,-73.8700732
TRX-1OLQFHI68WYRV7TR5RHX,2026-06-02 00:17:21,2026-06-01,PRD-J701M8XVEGSY,CLI-2UAGES29U17T,Deposit,,441.19,USD,,ATM,SUC-CJYLJUTF,,,México,Tijuana,Approved,00,False,19.35,0.1479219,0.787517
TRX-8T96IQ158L7MAW045R77,2026-06-02 03:52:59,2026-06-01,PRD-0WI9CAC217KI,CLI-BT5LVP903Y21,Transfer,,5123.03,USD,,App,,,,Colombia,,Approved,00,False,5.47,,
TRX-EG45PN0WUXPWAP4F2Q65,2026-06-01 07:45:31,2026-06-01,PRD-IY0JO18YRSBY,CLI-UZSU54A96C4F,Payment,Food,67024.49,ARS,191.5,POS,,,,Argentina,Mendoza,Approved,00,False,0.98,,
TRX-UTA3X2RUAODG4JAZX0QD,2026-06-02 04:10:55,2026-06-01,PRD-70RMX834D4CH,CLI-WYTMPB4MMH2E,Transfer,,8317.28,USD,,Web,,,,México,Querétaro,Approved,,False,8.74,,
TRX-OCB3T6VE99I9H5ZSVP0D,2026-06-01 12:43:34,2026-06-01,PRD-GPMYZJMVOH8W,CLI-NOXXU1FD9TA9,Transfer,,550.7,USD,,Web,,,,México,Tijuana,Approved,00,False,,,
TRX-LWAABAOEP8L9RG59Y996,2026-06-01 06:12:48,2026-06-01,PRD-LHYNIGT8C7NL,CLI-TH9DUIHX2MW7,Payment,Transport,1934.8,USD,,POS,,,,México,Querétaro,Approved,00,False,,0.7634543,-0.814894
TRX-XFHKBL0VPT7A3DBGTM70,2026-06-01 16:34:10,2026-06-01,PRD-PR0SENYN2AV5,CLI-ORFWCCJFN6F4,Deposit,,4230.59,USD,,POS,,,,México,Ciudad de México,Approved,00,False,2.14,,
TRX-KQML8ZN7K4XP98SLQNOZ,2026-06-02 05:43:10,2026-06-01,PRD-I52AM4ZUOCTT,CLI-AI27GRHIV0FJ,Deposit,,4411.97,USD,,POS,,,,México,Guadalajara,Approved,00,False,,,
TRX-NEHCYLEHKQTK6U1MY0KZ,2026-06-01 16:15:25,2026-06-01,PRD-2NBAG999J9MR,CLI-IBM21CJ9TTSZ,Transfer,,1286390.23,ARS,3675.4,App,,,,Argentina,Buenos Aires,Approved,,False,17.54,,
TRX-ICD6K453HFJE7XYDMZ5E,2026-06-02 05:19:01,2026-06-01,PRD-JW5N8Q087867,CLI-BQ1VTZNCE1WQ,Withdrawal,,23808.77,ARS,68.03,POS,,,,Argentina,Córdoba,Approved,00,False,,-34.7822866,-58.6482212
TRX-8RW0SEM0OSHND6SF5VH4,2026-06-01 12:45:14,2026-06-01,PRD-B7CPUQINM28C,CLI-H43IP72OBI4A,Withdrawal,,62.14,USD,,POS,,,,México,Puebla,Approved,00,False,22.95,,
TRX-OUC17MSCIH1G62COB9O2,2026-06-01 22:32:10,2026-06-01,PRD-BFH4X8Y8Q632,CLI-X6VUPQOGHOGJ,Transfer,,577067.66,ARS,1648.76,ATM,SUC-RRCPMD2D,,,Argentina,Mendoza,Approved,00,False,11.8,-34.6652422,-57.5175492
TRX-Z27A9TE7F1N3E8Q08HWO,2026-06-02 05:43:44,2026-06-01,PRD-TSQFVWWQQIZC,CLI-LISHZRFBMO40,Payment,Other,1289.98,USD,,Web,,,,México,Monterrey,Approved,,False,24.02,,
TRX-ABK1DP4GFF6X0JRNZOBJ,2026-06-01 14:46:59,2026-06-01,PRD-L5S4DPUWB0QY,CLI-5J9W8CKLESV2,Deposit,,1071.83,USD,,POS,,,,México,,Approved,00,False,5.47,,
TRX-OU5TUWO13V1BEKMD2EGO,2026-06-01 17:41:18,2026-06-01,PRD-0O8A8X0APIU9,CLI-EUCSTU3JAR0K,Purchase,Transport,189.93,USD,,Web,,Estación de Servicio,Transport,México,,Approved,00,False,10.52,,
TRX-55IE9LAS3GN652J7O7AQ,2026-06-02 00:31:43,2026-06-01,PRD-UIPXCWU9LDWV,CLI-SMCGY8FEQLIP,Purchase,Other,104.33,USD,,Web,,Centro Comercial,Other,México,Puebla,Approved,00,False,6.43,,
TRX-0DOHY9VV9AV725WOAZKZ,2026-06-02 05:34:11,2026-06-01,PRD-V017XLW9YJ4V,CLI-HYJW2KGB2PPC,Transfer,,7548.67,USD,,ATM,SUC-YIS5JECV,,,México,Querétaro,Approved,00,False,3.78,,
TRX-4Z6WHPHMFG15DA5I90IL,2026-06-01 18:49:32,2026-06-01,PRD-8FHFH8LF5Z1C,CLI-6I2ZP7WV3TNS,Payment,Food,591.55,USD,,Transfer,,,,Argentina,Rosario,Approved,,False,4.95,,
TRX-RLUVYTJX9ZGFC09SY7KF,2026-06-01 09:28:18,2026-06-01,PRD-DBTG0PQM4GX2,CLI-FUV5KUPMNO8P,Deposit,,2438.81,USD,,ATM,SUC-1PYKK6ZV,,,México,Ciudad de México,Approved,00,False,11.0,,
TRX-NHWJN2Q9E5EJI8T64PF3,2026-06-01 12:38:42,2026-06-01,PRD-2QNYXAKU0CHK,CLI-JKPUKZ0YK2YU,Transfer,,7983.25,USD,,POS,,,,México,Guadalajara,Approved,00,False,1.81,,
TRX-YBDAF9BEZ0JB3OC2BVAY,2026-06-01 08:48:21,2026-06-01,PRD-9QY961SW0R8R,CLI-LCOFXSO7K7IZ,Transfer,,19379375.02,COP,4844.84,ATM,SUC-IV7HG0FV,,,Colombia,Bogotá,Approved,00,False,28.24,,
TRX-IA71H52QKX6CBYIV4JWH,2026-06-01 11:36:11,2026-06-01,PRD-H0402YP2JQXT,CLI-L6C7FA4NE62O,Withdrawal,,286.78,USD,,POS,,,,Colombia,Cartagena,Declined,14,False,0.06,,
TRX-FOIJVB25YSXCTC7TF1BL,2026-06-01 21:39:26,2026-06-01,PRD-8RORJ8YZV3TO,CLI-CRJYIJZU2ELJ,Transfer,,19265738.63,COP,4816.43,Web,,,,Colombia,Medellín,Approved,00,False,6.69,,
TRX-GM9TMQZWI7MX33E4IRRF,2026-06-02 00:03:17,2026-06-01,PRD-HKK5FLS62O1O,CLI-QP00A92JHDAQ,Transfer,,33226173.08,COP,8306.54,Web,,,,Colombia,Medellín,Approved,00,False,29.37,,
TRX-7Y3CAIKL2AICCCKFD0IG,2026-06-01 06:16:07,2026-06-01,PRD-RBP800ZBCE5U,CLI-P3NWJ3KQARQT,Withdrawal,,245.04,USD,,Web,,,,Argentina,La Plata,Approved,00,False,13.69,,
TRX-8C6XJNIGG8GOQ49OHIA3,2026-06-01 13:11:29,2026-06-01,PRD-RGICCKR602PU,CLI-HK0DJVBE0AJH,Withdrawal,,99.27,USD,,POS,,,,México,Ciudad de México,Approved,00,False,13.42,,
TRX-DHEV6DW7PV6J133HF0J9,2026-06-02 04:58:39,2026-06-01,PRD-K2PYGTRV1CCP,CLI-E94NXYMPB9B3,Payment,Entertainment,383.75,USD,,ATM,SUC-KT11NKNR,,,México,Querétaro,Approved,00,False,16.79,,
TRX-A3ZIAR3IV3Y3D96HPHV2,2026-06-01 12:59:19,2026-06-01,PRD-EDV1O9ZDY2JM,CLI-69JSC1VWNMTU,Transfer,,288699.98,ARS,824.86,POS,,,,Argentina,La Plata,Approved,00,False,15.53,-34.351391,-57.9571355
TRX-BEESXAF2WY4FD0Q63B9Q,2026-06-01 16:58:12,2026-06-01,PRD-IQPBAJU6ZMOP,CLI-ORVLMM53DEXM,Transfer,,3824.92,USD,,ATM,SUC-DG6C9C1K,,,Colombia,,Approved,00,False,10.23,,
TRX-4CNPK1RZBQZZ5VU4Q9IW,2026-06-02 04:02:13,2026-06-01,PRD-4UMIW1METWWO,CLI-GSNHI3YXTR0E,Purchase,Transport,366934.31,COP,,Branch,SUC-A6PLAS9M,Gasolinera Express,Transport,Colombia,Cartagena,Declined,51,False,,,
TRX-6RQHI9YV4EO650M8FOFQ,2026-06-01 23:09:29,2026-06-01,PRD-UQV86YWJH3YM,CLI-R8UHURJ0EY86,Deposit,,1667635.79,ARS,4764.67,POS,,,,Argentina,Mendoza,Approved,00,False,,,
TRX-TRJ1B74VTY451S0WN211,2026-06-02 02:42:06,2026-06-01,PRD-PDQF1J4TSY4E,CLI-V17A9TVNDOH8,Deposit,,890651.11,ARS,2544.72,ATM,SUC-UE04XBQH,,,Argentina,Córdoba,Approved,00,False,22.86,,
TRX-9UB6I7MEVQD103B11167,2026-06-02 05:27:53,2026-06-01,PRD-UC0V247NVTIU,CLI-O1A88A4YO3EH,Deposit,,10913056.62,COP,2728.26,ATM,SUC-DH7PDUA6,,,Colombia,Medellín,Approved,00,False,,,
TRX-NNE7TBF4F0YP7K4Q8BXM,2026-06-01 20:51:28,2026-06-01,PRD-TW82J9H484FM,CLI-BGTS0Y4Z5JA6,Purchase,Transport,71251.45,ARS,203.58,ATM,SUC-GTAY0XHL,Taxi Seguro,Transport,Argentina,Buenos Aires,Approved,00,False,8.82,,
TRX-SV2E2KLS4HPSGKJKQR6S,2026-06-01 21:41:47,2026-06-01,PRD-ZF2WKW78N15T,CLI-8KGJFYNNCBJM,Purchase,Other,105.95,USD,,App,,Tienda General,Other,México,Monterrey,Approved,00,False,3.97,,
TRX-ZP7KD7VWG6LJPRH36V1Y,2026-06-01 09:26:17,2026-06-01,PRD-5KS15LPK73F1,CLI-TAWAN0PTHL96,Withdrawal,,1399852.34,COP,349.96,App,,,,Colombia,,Approved,00,False,25.13,,
TRX-MGHZE015QUTJHFY4BT8L,2026-06-01 13:59:19,2026-06-01,PRD-ZAD1ODR9RHGY,CLI-QFJCBKUTRK9G,Payment,Food,4591924.03,COP,1147.98,ATM,SUC-2QR0HN01,,,Colombia,Bogotá,Approved,00,False,25.06,,
TRX-5XTIDFPQP1VNKY1Q8NW8,2026-06-01 19:54:50,2026-06-01,PRD-XA9MJZ00DGJG,CLI-WZ3H4FE1J8S7,Purchase,Services,60.62,USD,,Web,,Empresa Telefónica,Services,México,Puebla,Approved,00,False,,,
TRX-MK2ODPMRA8TQF84B6JMJ,2026-06-01 15:36:37,2026-06-01,PRD-TV5YE4KBWACV,CLI-4HY2MZYY1L1Z,Purchase,Food,849729.25,COP,212.43,App,,Restaurante El Buen Sabor,Food,Colombia,Medellín,Approved,00,False,15.98,,
TRX-1W4ZIE5PVGHFVHM2TXUP,2026-06-01 13:58:52,2026-06-01,PRD-YB6ER2HMXYCF,CLI-XUPU2UWKKWCJ,Adjustment,,909.94,USD,,POS,,,,México,Puebla,Approved,00,False,24.21,-0.3146903,-0.2938057
TRX-7UM1HQZ5DD71PEX3K4U2,2026-06-01 18:56:15,2026-06-01,PRD-MVYPR755SDGV,CLI-7U9G0B93B022,Withdrawal,,37443.45,ARS,106.98,ATM,SUC-F321UEME,,,Argentina,La Plata,Approved,00,False,,,
TRX-0F6HWT6SGR45AOEKGXWE,2026-06-02 02:29:36,2026-06-01,PRD-N4E2FFO80FC1,CLI-9SNNS9UXCYUD,Payment,Entertainment,1084.4,USD,,POS,,,,México,Puebla,Approved,00,False,25.54,-0.5835998,0.9332012
TRX-48VMS32D3Z61G4CWVE5D,2026-06-02 04:14:54,2026-06-01,PRD-21NBYISFUHMF,CLI-O751QSTZPBSI,Deposit,,1447828.06,ARS,4136.65,POS,,,,Argentina,Buenos Aires,Approved,00,False,13.56,,
TRX-3M50HIVJXAVQ3OFQNI9A,2026-06-01 23:36:04,2026-06-01,PRD-IDW5CW83NEK9,CLI-WEID0L3QYNXD,Withdrawal,,392.75,USD,,POS,,,,Colombia,Medellín,Approved,00,False,,,
TRX-K30D9Y5XPZOLJDC67DJW,2026-06-02 00:57:27,2026-06-01,PRD-UOJP3FXTYJR1,CLI-TYWX1KCX1QC0,Deposit,,1849.55,USD,,POS,,,,México,Querétaro,Approved,00,False,1.22,0.0037369,0.7212776
TRX-ELRD5AOJPBL95YMZ4SNA,2026-06-01 10:02:27,2026-06-01,PRD-3RU9Q4M559Y1,CLI-D2YGY3AOPCG8,Adjustment,,199794.37,ARS,570.84,POS,,,,Argentina,Buenos Aires,Approved,00,False,19.64,,
TRX-Q9FOLO52X3RCHFLQ99X5,2026-06-02 00:23:54,2026-06-01,PRD-EOZ8347ID80L,CLI-TDMSEXXMYVPM,Transfer,,8862.23,USD,,POS,,,,México,Querétaro,Approved,00,False,18.84,,
TRX-ZD9VUQF84P8EU1UOSW3I,2026-06-01 12:23:20,2026-06-01,PRD-EHZOYV0OG5E1,CLI-H007BJHENZHI,Purchase,Entertainment,351.32,USD,,POS,,Conciertos Live,Entertainment,México,Ciudad de México,Approved,00,False,15.06,-0.2366365,0.1526772
TRX-OKITHI95LA0E7ANM7GF5,2026-06-01 08:22:38,2026-06-01,PRD-9131A8KBC8TC,CLI-AU289J4YBD29,Deposit,,2932370.39,COP,733.09,POS,,,,Colombia,Cartagena,Approved,,False,3.33,,
TRX-AMWZP5WD73Y7K4XFBQBC,2026-06-02 05:38:21,2026-06-01,PRD-M2S62S5T5194,CLI-6AJR5IXZ1O6K,Withdrawal,,914141.64,COP,228.54,ATM,SUC-CG5XPAZU,,,Colombia,Medellín,Approved,00,False,19.24,5.4509405,-74.3151284
TRX-AQ0HAUI5UJONC0GQLXTX,2026-06-01 13:50:11,2026-06-01,PRD-52FJ2KGIZ0A9,CLI-0GC2ZJWU7ENI,Purchase,Entertainment,494.67,USD,,App,,Conciertos Live,,México,Guadalajara,Declined,14,False,20.35,,
TRX-IEAMX9ODBJWCJB56C4Q5,2026-06-01 13:59:25,2026-06-01,PRD-8BZYZ18QR26N,CLI-EL4LJ14TZJUJ,Withdrawal,,121.56,USD,,Web,,,,México,Puebla,Approved,00,False,5.81,,
TRX-IQNLK336DDESTLNA4AUQ,2026-06-02 03:32:28,2026-06-01,PRD-79O91NZCBTSD,CLI-PMDC95XVLNDE,Purchase,Food,22.66,USD,,App,,Restaurante El Buen Sabor,,México,,Approved,00,False,24.63,,
TRX-UQCM3YKQ6NR5F8GMJN7R,2026-06-01 14:01:52,2026-06-01,PRD-H9DRQIWRQ73U,CLI-OK92X3D4JCJB,Transfer,,6547518.78,COP,1636.88,POS,,,,USA,New York,Approved,00,False,5.73,,
TRX-MUQOPHB33TY5NG3QA9UL,2026-06-02 05:04:02,2026-06-01,PRD-N47NMFYCK8F8,CLI-W11ECUFBSS52,Transfer,,3125047.37,ARS,8928.71,POS,,,,Argentina,,Approved,00,False,12.02,,
TRX-OS8U8UMWMTOOLUR0KXWG,2026-06-01 17:43:07,2026-06-01,PRD-PE7FHTDA7ZDH,CLI-PGTCCVRWU2VB,Withdrawal,,400.63,USD,,POS,,,,México,Monterrey,Approved,00,False,12.09,,
TRX-T5AXUOJXSOFETH84HMW7,2026-06-02 05:40:18,2026-06-01,PRD-FOXBLU4RH3EO,CLI-MUATQ1WI8WSH,Withdrawal,,304.98,USD,,POS,,,,México,Guadalajara,Approved,00,False,0.85,,
TRX-9UKH02SDP57JJNZWAH9F,2026-06-02 05:34:27,2026-06-01,PRD-G12653FPAO76,CLI-GUYKXNSN7XQ6,Deposit,,15616755.37,COP,3904.19,POS,,,,Colombia,Barranquilla,Approved,00,False,16.4,,
TRX-PR91O965AQWFSKFZZH0A,2026-06-01 21:09:23,2026-06-01,PRD-4WYDHT0KCUFD,CLI-MVI5FLJSSCRR,Withdrawal,,389.89,USD,,ATM,SUC-1G7XCTV8,,,México,Querétaro,Approved,00,False,2.45,,
TRX-VFU6N1T86X8JERQ48A77,2026-06-01 12:49:31,2026-06-01,PRD-OWWY9ZSF9RSV,CLI-WPXO5319L3HT,Payment,Food,1455.64,USD,,POS,,,,México,Tijuana,Approved,00,False,,,
TRX-OFS6FLBE93XUN2QSSGLN,2026-06-01 07:40:16,2026-06-01,PRD-BIG4HD7JB81F,CLI-EEGHA07URSSE,Payment,Health,375.1,USD,,ATM,SUC-KNGCTTUB,,,México,Ciudad de México,Approved,00,False,8.72,,
TRX-N57DKBK484T2WT1DSC91,2026-06-02 01:27:50,2026-06-01,PRD-O2DQFV9T097C,CLI-J285L47KSYWW,Withdrawal,,89.32,USD,,POS,,,,México,Querétaro,Approved,00,False,12.78,,
TRX-NOW68ET9GERABB1YA680,2026-06-01 13:44:47,2026-06-01,PRD-SBUC45KI54KA,CLI-BEX4ILFBD5OA,Transfer,,9722.39,USD,,App,,,,México,Querétaro,Approved,00,False,23.42,,
TRX-PH3JD3N0SSGTPRAVPOZV,2026-06-02 01:14:13,2026-06-01,PRD-IXUVO7505LY0,CLI-WETGEY92HUGI,Withdrawal,,576299.91,COP,144.07,ATM,SUC-YAQTMQ56,,,Colombia,Medellín,Approved,00,False,,,
TRX-ORYQ0PBH91DMFEM5QHKG,2026-06-01 21:44:09,2026-06-01,PRD-RZU80RPU7FT0,CLI-AGWCRHG7TX5T,Deposit,,3701.89,USD,,POS,,,,México,Guadalajara,Approved,,False,0.08,,
TRX-4U9YALQ1HOE2VNMJWJWV,2026-06-02 02:21:25,2026-06-01,PRD-Q7YV3US69F6I,CLI-ABH1016WDM9Y,Purchase,Services,116.69,USD,,Web,,Internet Plus,Services,Colombia,Cartagena,Approved,00,False,19.26,,
TRX-3064A1WFXMUJD29UAWZ4,2026-06-01 14:23:07,2026-06-01,PRD-3NMGQOMAY7FO,CLI-BKRCYIB2MEOB,Purchase,Transport,326.11,USD,,App,,Uber,Transport,México,Monterrey,Approved,00,False,5.68,,
TRX-I1DRBHTR871R9HZG1T9J,2026-06-02 02:31:12,2026-06-01,PRD-08JUTEKW3NRD,CLI-Y5N66A5QHS9J,Withdrawal,,368.63,USD,,POS,,,,México,Querétaro,Approved,,False,10.83,,
TRX-LATFWYETUJ93Q3CJZ9JH,2026-06-01 07:57:50,2026-06-01,PRD-RH1YMTU76LQI,CLI-44CNZCF7542W,Purchase,Other,178431.72,COP,44.61,Web,,Tienda General,Other,Colombia,Barranquilla,Approved,00,False,13.87,,
TRX-LQ38FZRM4S7I81R8M04J,2026-06-01 06:24:56,2026-06-01,PRD-FI7QYJ67QKWH,CLI-JMGEZLE2E9S8,Purchase,Food,464021.62,COP,,ATM,SUC-4OOB7ZFR,Mercado Central,Food,Colombia,Barranquilla,Declined,14,False,,,
TRX-SK6UBRNL7XC8MUIQWNFE,2026-06-02 00:51:02,2026-06-01,PRD-RH1NZ7BAFGJE,CLI-E7R7RYCNOW2L,Deposit,,1984.93,USD,,App,,,,Colombia,Medellín,Approved,00,False,10.4,,
TRX-7HBSFBG9HO5P2DQHLEJC,2026-06-02 00:39:28,2026-06-01,PRD-X9E61DTK92N7,CLI-4K8UKAYQYW6X,Deposit,,5482528.21,COP,1370.63,ATM,SUC-LWQND6S8,,,Colombia,Cartagena,Approved,,False,,,
TRX-TPKZH57YAGRLW13WK9KM,2026-06-01 11:49:30,2026-06-01,PRD-6819L31JPDFG,CLI-7BRLLSLSKEBP,Withdrawal,,53878.91,ARS,153.94,ATM,SUC-HYTTI82L,,,Argentina,Córdoba,Pending,54,False,15.9,-34.7187901,
TRX-SLYZAJ6EZE4JDK9X5FIV,2026-06-01 11:42:06,2026-06-01,PRD-ZLRZGK57L1C5,CLI-LSGV6K3H4WWB,Purchase,,845909.97,COP,211.48,ATM,,Estación de Servicio,Transport,Colombia,Bogotá,Approved,00,False,18.87,5.2587592,-73.8378612
TRX-ONVTEIWSJTPMJFOVC8WZ,2026-06-01 13:47:46,2026-06-01,PRD-O46XH368TDG2,CLI-NNJXSVVKH7VY,Payment,Food,1587.33,USD,,POS,,,,México,Guadalajara,Approved,00,False,6.13,,
TRX-LRB8J958XRG5XWQ0UJFX,2026-06-01 17:23:12,2026-06-01,PRD-NJ2P2QYUXP0T,CLI-9VVGDOZI6PXT,Withdrawal,,751216.04,COP,,App,,,,Colombia,Cali,Approved,00,False,,,
TRX-4AUIAT0WNECSYZU9PRTW,2026-06-01 20:34:23,2026-06-01,PRD-ETPEOPR6QXIS,CLI-0YODWBBLDAEB,Purchase,Food,865341.94,COP,216.34,POS,,Mercado Central,Food,Colombia,Barranquilla,Approved,00,False,0.3,,
TRX-266WC8K6J4AYGA93F0PT,2026-06-02 00:19:41,2026-06-01,PRD-U5R57FNBRYA5,CLI-1SMPS01VOJF4,Withdrawal,,370.8,USD,,ATM,SUC-HWG24EKK,,,México,Tijuana,Approved,,False,2.76,-0.8129371,-0.0873375
TRX-D66A96W9J3UB9DSFJ9TX,2026-06-02 03:26:07,2026-06-01,PRD-T3Q7DZ0SWLQH,CLI-2TTNVZE0EY7H,Deposit,,3673.68,USD,,POS,,,,México,Ciudad de México,Approved,00,False,17.71,,
TRX-599COYM1XUHC1468UOJT,2026-06-01 06:59:58,2026-06-01,PRD-X1AINPFJ72TI,CLI-XCDFVHD3O1B1,Withdrawal,,41251.11,ARS,117.86,Transfer,,,,Argentina,Mendoza,Approved,00,False,22.37,,
TRX-GSHL99DIWVO2RS5OXHL7,2026-06-02 00:19:40,2026-06-01,PRD-9PS1HM71WG5B,CLI-KSVRSCPUTNLI,Purchase,Entertainment,71.76,USD,,Web,,Cine Premium,Entertainment,México,Querétaro,Approved,00,False,1.81,,
TRX-9GVWJ79NS7GH3Q1C8979,2026-06-02 01:10:55,2026-06-01,PRD-FEAZJV9TF2B2,CLI-1HQV90LBD9JZ,Deposit,,356.43,USD,,POS,,,,México,Tijuana,Approved,00,False,23.27,0.5139078,-0.6285478
TRX-90YR9LNDGVHQ00075I02,2026-06-01 10:01:13,2026-06-01,PRD-BLGPICSFDK4O,CLI-X01XI0Z23XE1,Purchase,Food,95397.51,ARS,272.56,Web,,Super Ahorro,Food,Argentina,La Plata,Approved,00,False,10.63,,
TRX-Q1HZPE5APIDJZX6DWRXV,2026-06-01 22:36:11,2026-06-01,PRD-DA7K96TADUSD,CLI-C0FEEA63XQV7,Adjustment,,466.66,USD,,POS,,,,México,Guadalajara,Approved,00,False,26.85,,
TRX-3KG9X5PNE9CR4C4A6Q40,2026-06-02 04:57:49,2026-06-01,PRD-2IU7FKP0SWZF,CLI-HFNUZC0AGIO0,Purchase,Services,308.37,USD,,ATM,SUC-Y15GDF24,,Services,México,Querétaro,Approved,00,False,11.68,,
TRX-1XG7546HNTUGN48MEDCC,2026-06-02 05:20:13,2026-06-01,PRD-M7088DU5GP00,CLI-SKC48HCA7ANS,Payment,Health,3405939.73,COP,851.48,POS,,,,Colombia,Cali,Approved,00,False,0.11,,
TRX-6DIAZ2ZKEQ4ON42Q3PJX,2026-06-01 13:53:28,2026-06-01,PRD-H46O2OSZAWNV,CLI-F0I9EJ84DB47,Withdrawal,,358.4,USD,,Web,,,,México,,Approved,00,False,,,
TRX-3Y8C3Z8C2SUJIF5YFTKG,2026-06-01 18:56:39,2026-06-01,PRD-RE6GFFIMTP18,CLI-UK0OC31JDS6J,Purchase,Transport,173411.38,ARS,495.46,POS,,Taxi Seguro,Transport,Argentina,,Approved,00,False,12.25,-34.5244717,-58.0708379
TRX-P4A2KPOYONMTCG9JCA17,2026-06-01 19:28:16,2026-06-01,PRD-L6SBWJSLXV29,CLI-WJNNWB1ZPV54,Withdrawal,,26.71,USD,,POS,,,,México,Monterrey,Approved,00,False,29.96,-0.2914335,0.603193
TRX-4SF0R9N3GXQV43GSF63L,2026-06-02 03:50:46,2026-06-01,PRD-K04N6PIXY4MB,CLI-LMV2DAWLQJ73,Purchase,Transport,245.32,USD,,POS,,Gasolinera Express,Transport,México,,Approved,00,False,15.16,,
TRX-DCJMTUJK9GSFASLMLB5E,2026-06-01 23:21:09,2026-06-01,PRD-EM9A0T8RSUPA,CLI-0MSSRNHBCPEU,Purchase,,90.31,USD,,ATM,SUC-QL08OUL0,Laboratorio Central,Health,México,Puebla,Approved,00,False,9.07,,
TRX-9PYBDWIR09YB6UZOHJZ8,2026-06-02 04:47:14,2026-06-01,PRD-Q8CW3GLH13AN,CLI-1PDCOWCVWM1N,Purchase,Other,1166484.24,COP,291.62,POS,,Boutique Moda,Other,Colombia,Bogotá,Approved,00,False,20.83,,
TRX-UVNK1SOLJXDBE9LMQAXJ,2026-06-01 12:32:21,2026-06-01,PRD-B3H055WO8TFM,CLI-BGHSYKPUKS5R,Deposit,,2272892.53,COP,568.22,App,,,,Colombia,Medellín,Approved,00,False,3.08,,
TRX-LBJ6KRC5NS8USHV3JT5T,2026-06-01 08:51:15,2026-06-01,PRD-VJWDOSBROOD3,CLI-WK0I2U6RWQ3K,Transfer,,32093490.37,COP,8023.37,Transfer,,,,Colombia,Barranquilla,Approved,00,False,,,
TRX-GCP6DVUXANHCV3L5YOV0,2026-06-02 04:35:22,2026-06-01,PRD-U2B02XK411QX,CLI-261SAQT1NJ2W,Purchase,Entertainment,448.61,USD,,POS,,Conciertos Live,Entertainment,México,Guadalajara,Declined,14,False,,,
TRX-SWKR1O3RU422A55GT0V9,2026-06-01 18:37:36,2026-06-01,PRD-UQQDFAXPTL4O,CLI-JHK4RUW6NJN2,Payment,Entertainment,1203.85,USD,,App,,,,México,Guadalajara,Approved,00,False,24.12,,
TRX-VJAHC0Q5H1DPC7HPN9BA,2026-06-01 19:55:38,2026-06-01,PRD-G06K548JWXX1,CLI-TYP0H4922WLS,Withdrawal,,813600.38,COP,203.4,Transfer,,,,Colombia,,Approved,00,False,4.54,,
TRX-RBQ3DZM1304NGM6U9R3R,2026-06-02 02:00:50,2026-06-01,PRD-CNFJ32G4E8YL,CLI-6DM492NWZNBL,Purchase,Other,66227.4,ARS,189.22,App,,Boutique Moda,Other,Argentina,Mendoza,Approved,00,False,18.56,,
TRX-OTMSJMMS6IX55O1G7458,2026-06-02 05:52:49,2026-06-01,PRD-VWZUNIFTUQ26,CLI-PJ2X2IK73QE6,Payment,Services,1018553.18,COP,254.64,POS,,,,Colombia,Bogotá,Approved,00,False,16.31,,
TRX-93NS6SBT4ND5YRHQZILC,2026-06-01 09:10:45,2026-06-01,PRD-QR8IWND5LPDZ,CLI-GHFQ4LSJFL15,Transfer,,15265845.13,COP,3816.46,App,,,,Colombia,Bogotá,Reversed,05,False,,,
TRX-H6O0E56GXDQV08T3VW6F,2026-06-01 16:59:05,2026-06-01,PRD-QQGTPU0DT99M,CLI-5CXHI1YWBQVD,Transfer,,27722435.56,COP,6930.61,POS,,,,Colombia,Cartagena,Approved,00,False,22.5,5.5840461,-74.3106194
TRX-4YJHUWUXN87J24HOY6YQ,2026-06-01 20:56:32,2026-06-01,PRD-H980AVH25O9N,CLI-E65TQWQLGZOL,Payment,Entertainment,1948.25,USD,,POS,,,,México,,Approved,,False,26.48,,
TRX-IH6742NNRWKAV2QF3QS0,2026-06-01 06:32:04,2026-06-01,PRD-PZNJT9Z6T46K,CLI-M0DHXQA88XNO,Transfer,,25056837.85,COP,6264.21,App,,,,Colombia,Cartagena,Approved,00,False,8.89,,
TRX-S9NYRE875N5N78T7EYA5,2026-06-01 21:30:34,2026-06-01,PRD-CPQ7JTMYZH5U,CLI-0ZSQORIF06T1,Withdrawal,,9039.68,ARS,25.83,App,,,,Argentina,Buenos Aires,Approved,00,False,5.22,,
TRX-OFWGQNWJDNI6BMFAFQF5,2026-06-01 11:51:06,2026-06-01,PRD-UZORJ2Y42U42,CLI-UVEUTYD0CEVO,Purchase,Entertainment,382.69,USD,,ATM,SUC-VV9NKH6E,Teatro Nacional,Entertainment,México,,Approved,00,False,19.93,-0.875594,-0.7782746
TRX-8BS4WB02KOH342D0EVU4,2026-06-01 12:20:11,2026-06-01,PRD-UL08ISTD93EA,CLI-9D2IXBGK6H8N,Deposit,,4646855.63,COP,1161.71,POS,,,,Colombia,Cali,Reversed,14,False,,3.85457,-73.8742418
TRX-G9OHSJQFOPSW8H2FBB62,2026-06-01 14:25:06,2026-06-01,PRD-03H0CI8TRRJ8,CLI-I3RMAMPGEV9A,Payment,Health,522.21,USD,,Web,,,,México,Monterrey,Approved,00,False,1.73,,
TRX-FGYC4W45LP375ZM9USP9,2026-06-01 13:01:23,2026-06-01,PRD-2VTMVMOKUGL4,CLI-FP9UOGT3URJ5,Withdrawal,,22.55,USD,,Web,,,,México,Ciudad de México,Approved,00,False,26.75,,
TRX-OZZISMNHOYNJJ3G0V6YW,2026-06-01 09:35:57,2026-06-01,PRD-JHXONNB2YLY8,CLI-Z91HMOXHWIN5,Deposit,,1655.37,USD,,ATM,SUC-N8LPAX0U,,,México,Ciudad de México,Approved,00,False,11.72,,
TRX-Y8DSOK70A9RHF5V3RB32,2026-06-01 23:50:30,2026-06-01,PRD-KEHXOA4OMM7H,CLI-MJI8OIZPJBBM,Transfer,,177.93,USD,,App,,,,México,Querétaro,Approved,00,False,,,
TRX-LROW02U8QKDH1T19RI2W,2026-06-01 20:36:59,2026-06-01,PRD-SH0AKT8RS654,CLI-UXIPDMVV3XT6,Withdrawal,,449.5,USD,,Web,,,,México,,Approved,00,False,6.81,,
TRX-BXQ01E744A1IU45LRCIH,2026-06-01 11:50:56,2026-06-01,PRD-BIAEZE33FNUZ,CLI-H7LAR7XMFGUL,Payment,Services,1291984.85,COP,323.0,POS,,,,Colombia,Cali,Approved,00,False,15.06,4.8952305,-74.0049386
TRX-ITG6KOZO755LKMLPH804,2026-06-01 23:30:12,2026-06-01,PRD-I6N6GDJBOT3J,CLI-5MNT93A8R2S7,Payment,Entertainment,714.27,USD,,Web,,,,México,Monterrey,Approved,00,False,27.42,,
TRX-PSY6ZFSQ7RF84I0IGHYX,2026-06-01 07:52:01,2026-06-01,PRD-FMUTLIGWKFJQ,CLI-4YA5IRIJCVVN,Transfer,,5452.17,USD,,App,,,,México,Querétaro,Approved,,False,,,
TRX-29MV7WLZ6EP3YUH3G627,2026-06-01 19:45:41,2026-06-01,PRD-6PVFJW24QZOC,CLI-UH5HRXT71H9A,Purchase,Entertainment,430.25,USD,,POS,,Cine Premium,Entertainment,México,Querétaro,Approved,00,False,26.76,,
TRX-HKG8GH1KI1VEZ2Y5ZR66,2026-06-01 07:31:51,2026-06-01,PRD-1MB4WB6WZ14N,CLI-6OSDLA7GOS4O,Transfer,,19221602.41,COP,4805.4,App,,,,Colombia,Bogotá,Approved,00,False,24.12,,
TRX-5NZ3DP5KTDHH2F9VJOSK,2026-06-02 02:20:58,2026-06-01,PRD-WIEBC4XHSGV4,CLI-GT92MTX2VHGP,Adjustment,,435.78,USD,,POS,,,,México,Guadalajara,Approved,00,False,26.14,,
TRX-D1I2BNSNQM8IE1KUIHWZ,2026-06-02 03:49:38,2026-06-01,PRD-V6W8LHO7MPMU,CLI-WZ9UAKL20NUL,Payment,Other,5117404.08,COP,1279.35,App,,,,Colombia,Cali,Approved,00,False,27.81,,
TRX-NYNY002U3296HOG5K2XK,2026-06-01 17:08:57,2026-06-01,PRD-DB1ZFNX1FSHF,CLI-4V5P9WQYYML1,Deposit,,4102.06,USD,,POS,,,,México,Ciudad de México,Approved,00,False,9.07,,
TRX-I6L2XCEPM6CTDNJPV8SK,2026-06-01 09:30:46,2026-06-01,PRD-JZ00YCXPOYU0,CLI-731N2212OIIB,Purchase,Entertainment,130.02,USD,,App,,Cine Premium,Entertainment,Colombia,Cartagena,Approved,00,False,3.77,,
TRX-VD5OXRV3S65K0ZKOGY8R,2026-06-01 14:40:39,2026-06-01,PRD-XJ0YRQZ8FUTU,CLI-7DP4YJWMAKON,Deposit,,2350661.74,COP,587.67,ATM,SUC-RNGAMG7V,,,Colombia,Cartagena,Approved,00,False,,,
TRX-YMS95TVUF4OFY9HPD6QG,2026-06-01 07:34:02,2026-06-01,PRD-0WAN3HCXX6C1,CLI-RZMJYPNU70WU,Transfer,,1010769.86,ARS,2887.91,ATM,SUC-O09F6PWJ,,,Argentina,La Plata,Approved,,False,,,
TRX-5TJ1RA77VLWSSAPMLA0B,2026-06-01 13:20:29,2026-06-01,PRD-XCQQZTZ12B7W,CLI-TXVFIPO6ZVNK,Purchase,Other,431.13,USD,,POS,,Ferretería,Other,Colombia,Medellín,Approved,00,False,29.15,,
TRX-12OT0DYMZI1GCEMDOJ4A,2026-06-01 16:33:15,2026-06-01,PRD-B2J055EEVIPH,CLI-OPY49S7LB3FQ,Transfer,,856120.09,ARS,2446.06,App,,,,Argentina,La Plata,Approved,00,False,2.72,,
TRX-860ZB74I0V93KMQRZFQ7,2026-06-01 08:11:57,2026-06-01,PRD-7CB3BQ9VC6M9,CLI-DGBPM13I5ERN,Payment,Other,51836.27,ARS,148.1,Transfer,,,,Argentina,Córdoba,Approved,00,False,,,
TRX-VUIO0PD6RLBM6I4MRP19,2026-06-01 19:44:18,2026-06-01,PRD-NTOJPT3VT47S,CLI-DHM22EUI2KSG,Deposit,,1317.32,USD,,ATM,SUC-KD93KQ8I,,,México,Guadalajara,Approved,00,False,,,
TRX-7NQA8WV8IQRC3A2OSP64,2026-06-01 13:28:38,2026-06-01,PRD-NV3ZNGY90GLE,CLI-EB2EKOJHDS7S,Deposit,,4030.94,USD,,ATM,SUC-57LRN6RH,,,México,Querétaro,Approved,00,False,6.03,-0.9036938,-0.125629
TRX-LDUE6TC4MFU5RTFEJ3NQ,2026-06-01 20:47:33,2026-06-01,PRD-HQ7HQQRDV98V,CLI-WD7SWKG244IA,Transfer,,875632.54,COP,218.91,App,,,,Colombia,Barranquilla,Approved,,False,23.73,,
TRX-R3RQNJUXP35Q2BM077W2,2026-06-01 18:30:28,2026-06-01,PRD-6WR8WYB8ER1U,CLI-VBY198DU3UO7,Transfer,,6944.67,USD,,App,,,,México,Querétaro,Approved,00,False,4.03,,
TRX-THWU9RPVH3VYRMTT5LKV,2026-06-01 10:49:58,2026-06-01,PRD-179XTU0XQB7Q,CLI-1NYISKMIZECH,Payment,Transport,6525789.1,COP,1631.45,ATM,SUC-P6VSAH4U,,,Colombia,Medellín,Approved,00,False,8.71,,
TRX-JGDDSRUV8W18I2K6YBDX,2026-06-01 07:18:53,2026-06-01,PRD-A7TF0B4ZPHTR,CLI-YN3S89OQDX0G,Transfer,,3252701.49,ARS,9293.43,ATM,SUC-EHE8V9YO,,,Argentina,Buenos Aires,Approved,,False,25.13,,
TRX-PKLTONUEUH4SB82ALMRG,2026-06-01 06:20:19,2026-06-01,PRD-BBWF1WH4L5DB,CLI-ME8UC0W9I9HP,Payment,Transport,55034.8,ARS,157.24,POS,,,,Argentina,,Approved,00,False,25.02,,
TRX-QBDNSMA95DAG44FAJ5J2,2026-06-01 12:58:39,2026-06-01,PRD-B7WMMV6HBTGF,CLI-2Q2MMIT7NULP,Withdrawal,,914390.26,COP,228.6,POS,,,,Colombia,Bogotá,Approved,00,False,7.15,,
TRX-WYQSEQH59A22C849HBDD,2026-06-01 19:03:59,2026-06-01,PRD-GRVT0PP2FE8O,CLI-I4Z67UY6KAMR,Payment,Food,850.63,USD,,App,,,,México,Guadalajara,Approved,00,False,7.41,,
TRX-QT061KXIZHXWQC6MRV14,2026-06-01 13:24:56,2026-06-01,PRD-IDWT54GMZKNL,CLI-0MN4UZ66MC8N,Transfer,,3053458.34,ARS,8724.17,ATM,SUC-4JYR8GOV,,,Argentina,Rosario,Approved,00,False,17.62,,
TRX-6T4A4SQ44VUJFLBUBWR4,2026-06-01 16:40:59,2026-06-01,PRD-FBZG0NHBGQC9,CLI-NY5KSEXMHR28,Purchase,Food,1566729.23,COP,391.68,ATM,SUC-GPTCLR0Q,Mercado Central,Food,Colombia,Cartagena,Pending,,False,,,
TRX-76S6PMZNU96C3ELZRPRI,2026-06-02 05:54:56,2026-06-01,PRD-0SJN6DD51FL2,CLI-BTHOCJW6TXRZ,Deposit,,1891.37,USD,,App,,,,México,Puebla,Approved,00,False,2.85,,
TRX-PXM3XUH0FMQ6DY2HRMHV,2026-06-01 15:00:30,2026-06-01,PRD-AD3DMYC7A19G,CLI-E5QZ075O70YL,Withdrawal,,159.15,USD,,App,,,,México,Puebla,Approved,,False,18.01,,
TRX-CK26MPSZ052PZKEKEWV1,2026-06-01 06:41:12,2026-06-01,PRD-RKP9TX1HN0NV,CLI-JQ459WFT5PQY,Withdrawal,,1823101.1,COP,455.78,Web,,,,Colombia,Medellín,Approved,00,False,28.83,,
TRX-PWSUAUB0NUDAFMPHITZK,2026-06-01 15:34:55,2026-06-01,PRD-RTUOSVM9XI4S,CLI-W0KJI3D9ZV7Z,Purchase,Transport,268.39,USD,,ATM,SUC-F61XHTE2,Gasolinera Express,Transport,México,Querétaro,Approved,00,False,19.67,-0.254322,0.7231627
TRX-U3TM1HF44PQ8XUU1WSPP,2026-06-02 03:54:32,2026-06-01,PRD-PVNDGWIIXONX,CLI-D398CKMSO43H,Payment,Transport,483577.91,ARS,1381.65,POS,,,,Mexico,Ciudad de México,Approved,00,False,16.18,-33.7341847,-58.3942748
TRX-1GP6RAM7VE56IT8YVHCG,2026-06-02 05:48:57,2026-06-01,PRD-NCZTXGMEKHNH,CLI-JOZOCGOIHU8N,Purchase,Health,180.51,USD,,ATM,SUC-F61XHTE2,Farmacia Salud,Health,México,Querétaro,Approved,00,False,17.4,,
TRX-0VMIQWMVMH05ZEKWBRZ5,2026-06-01 20:23:07,2026-06-01,PRD-BTGDY592XZC6,CLI-2YFSJ9F51PJU,Purchase,Health,490268.47,COP,122.57,App,,Óptica Visión,Health,Brazil,São Paulo,Approved,00,False,5.42,,
TRX-CWBCRQE6ZABGEY21O2T4,2026-06-01 15:06:09,2026-06-01,PRD-W8BIOA9E2G8C,CLI-ME9DPUT0TMTF,Adjustment,,2562599.21,COP,640.65,ATM,SUC-CBL7ISR7,,,Colombia,,Declined,14,False,15.24,,
TRX-WBJ6QKQ95IJR1AQPJU0G,2026-06-01 18:31:48,2026-06-01,PRD-IKDAUFPM1OGK,CLI-8SOZ7NNJCKF9,Withdrawal,,258.73,USD,,ATM,SUC-5AXOWGN3,,,Colombia,Barranquilla,Approved,00,False,0.57,,
TRX-MBKATWLK9YG15ZYR5VBM,2026-06-02 03:24:29,2026-06-01,PRD-6GTNFQ30NLIZ,CLI-7X9SAHDTMPG3,Adjustment,,3636144.89,COP,909.04,App,,,,Colombia,,Approved,00,False,23.84,,
TRX-2EO9HKFM8EF5K5FRXI5R,2026-06-02 03:46:29,2026-06-01,PRD-G3TJXXPQJ86Z,CLI-0CV6EOJ8VPNH,Transfer,,4251608.15,COP,1062.9,ATM,SUC-2QR0HN01,,,Colombia,Barranquilla,Approved,00,False,28.38,5.4781999,-73.9230181
TRX-XS3UBSIB812R931IF18A,2026-06-02 01:24:34,2026-06-01,PRD-XEIE4HYENCPT,CLI-7GHCTL9NV1I1,Deposit,,7706773.82,COP,1926.69,Web,,,,Colombia,Barranquilla,Approved,00,False,12.05,,
TRX-LWG1PIHTXAE6A3W7XOTN,2026-06-01 16:15:06,2026-06-01,PRD-LGUC8KAVXT4Y,CLI-XLMUJNMYU7Y4,Purchase,Food,172.26,USD,,Web,,Restaurante El Buen Sabor,Food,México,,Approved,00,False,24.03,,
TRX-LA6M3ECMEPLRDHC7M4UI,2026-06-01 14:45:19,2026-06-01,PRD-QZAWNJWMDXTE,CLI-Y1X8P17DHQTG,Deposit,,2901.24,USD,,ATM,SUC-6A2UBEHN,,,México,Guadalajara,Approved,00,False,3.41,,
TRX-AH0D3X6BA5F8IG73ZEX8,2026-06-01 11:45:07,2026-06-01,PRD-UOUBM61NJYIL,CLI-VOESSNR3Q33X,Purchase,Transport,78.11,USD,,POS,,Estación de Servicio,Transport,México,Querétaro,Approved,00,False,4.23,,
TRX-WN0SVHC6RYKHBGNHCB86,2026-06-02 01:49:25,2026-06-01,PRD-0IZS6433H9H3,CLI-WCHSHVDLUFDF,Transfer,,3348407.2,ARS,9566.88,ATM,SUC-C1OF9350,,,Argentina,La Plata,Approved,00,False,,,
TRX-QZSWXPUDKIRNJ75R7WJV,2026-06-02 05:40:19,2026-06-01,PRD-X6PHTT0N7WU5,CLI-CYOHOFV4EGXL,Withdrawal,,468.42,USD,,POS,,,,México,,Approved,00,False,,-0.9853913,0.6185294
TRX-C4C9Q5QBGXUBNP1CKCP4,2026-06-02 00:46:43,2026-06-01,PRD-GI5LJFURFBS6,CLI-YHUWI97WTIH4,Payment,Entertainment,607859.29,ARS,1736.74,ATM,SUC-115U74JL,,,Argentina,Rosario,Approved,00,False,24.35,,
TRX-A46ZM4FC539LKZPWECXJ,2026-06-02 01:54:17,2026-06-01,PRD-O7N7GX3E7POL,CLI-Y3EM6A4QVDMT,Payment,Health,533383.9,ARS,1523.95,App,,,,Argentina,La Plata,Approved,00,False,,,
TRX-NQOET59KAWD94504H7MS,2026-06-01 18:34:09,2026-06-01,PRD-INMQ1VFUXLQ2,CLI-NWUIPK48J18D,Withdrawal,,418.72,USD,,POS,,,,México,Puebla,Approved,00,False,6.27,,
TRX-FFV5551DVZF0HILH7O8I,2026-06-01 21:47:20,2026-06-01,PRD-DOXFBXMZVEMB,CLI-Q1D3SCZ6DA9B,Transfer,,1013580.64,ARS,2895.94,Web,,,,Argentina,Buenos Aires,Approved,00,False,5.76,,
TRX-4OU1UFL90PZCZSI31CFL,2026-06-02 00:25:39,2026-06-01,PRD-UMLSQQBQ4D9P,CLI-QVQQAP11MXF5,Transfer,,4811.44,USD,,POS,,,,México,Ciudad de México,Approved,00,False,,,
TRX-V6UVL42R1EWD78UA0LVM,2026-06-01 19:04:44,2026-06-01,PRD-X72FFL8RG4VK,CLI-AH0JXDU2G106,Transfer,,8432.52,USD,,ATM,SUC-PUPXM7MA,,,México,Tijuana,Approved,00,False,5.16,,
TRX-YRTMX4EXWUPUFA1OE4LK,2026-06-01 11:46:30,2026-06-01,PRD-HZ7W4CH2CLAZ,CLI-DSPTX5DT5O8X,Withdrawal,,1598776.29,COP,399.69,POS,,,,Colombia,Cartagena,Approved,00,False,21.63,,
TRX-JW8KGKOJZ2IHCPIYH9P1,2026-06-01 12:34:39,2026-06-01,PRD-E3PNKHF6QKHM,CLI-KP80LM5R9HAF,Payment,Food,660165.5,ARS,1886.19,POS,,,,Argentina,Mendoza,Approved,00,False,,,
TRX-HB8L62Y7YMZ6K2HH7U7X,2026-06-02 00:57:18,2026-06-01,PRD-F7AOUL4JAY3B,CLI-86UENUIHTGDD,Payment,Other,1779.89,USD,,ATM,SUC-8HPG0AE8,,,México,Ciudad de México,Approved,,False,23.4,,
TRX-FUSXNSZW8YWFQ9BXTCTG,2026-06-01 13:51:19,2026-06-01,PRD-3PWGSHKMSD1F,CLI-FJLYJIYZGDZX,Withdrawal,,229.96,USD,,POS,,,,México,Querétaro,Approved,00,False,7.27,,
TRX-CM7D67F6XVMUXT3XK3E9,2026-06-01 11:08:26,2026-06-01,PRD-COJVZX3N7RBB,CLI-YE1EJEVYXOG9,Withdrawal,,58.97,USD,,POS,,,,México,Tijuana,Approved,00,False,18.53,,
TRX-81VL1IF5VNJFD7TS5S8Q,2026-06-01 21:52:59,2026-06-01,PRD-41B2GKBFKBG5,CLI-8BBG9LRQJCDO,Deposit,,3793.22,USD,,ATM,SUC-GOTE3INU,,,México,Puebla,Approved,00,False,,,
TRX-JA0359BWSE0U0IKBHUD2,2026-06-01 17:23:54,2026-06-01,PRD-6JF3C9IIKA65,CLI-31S7QJ3KKY0U,Withdrawal,,59.73,USD,,ATM,SUC-XEEDD28B,,,México,Monterrey,Approved,00,False,,,
TRX-9OLS20EEL86BFHD4O9TO,2026-06-02 04:49:37,2026-06-01,PRD-XRCG10QNTJDA,CLI-5IEHIYLI5VT2,Withdrawal,,152879.85,ARS,436.8,POS,,,,Argentina,Córdoba,Approved,00,False,9.18,,
TRX-WOX10U2V260YNO007R55,2026-06-01 11:57:17,2026-06-01,PRD-1455NXER995Q,CLI-1SK60S2JC0U6,Withdrawal,,130784.81,ARS,373.67,POS,,,,Colombia,Bogotá,Approved,00,False,27.0,,
TRX-0H8UUITD7LNDKF6S4L9P,2026-06-01 23:41:49,2026-06-01,PRD-Q6PJBLVF6HQT,CLI-PN49OGA398XW,Purchase,,201.28,USD,,Web,,Mercado Central,Food,México,Monterrey,Approved,00,False,16.37,,
TRX-PRZ2DW4CTC55ADI959CS,2026-06-02 03:22:28,2026-06-01,PRD-UKRJ368P40DC,CLI-79MGVTK92RL8,Deposit,,7134843.21,COP,1783.71,Branch,,,,Colombia,Cali,Approved,00,False,,5.1643662,-73.5569508
TRX-BZUDLYX0GIL4NVYOKMOX,2026-06-02 00:07:41,2026-06-01,PRD-9YITKFFAO5FS,CLI-WZ8UV39HTX54,Purchase,Services,82959.66,ARS,237.03,Web,,Internet Plus,Services,Argentina,La Plata,Approved,00,False,12.17,,
TRX-CH5XGQ2V1BAD5XPZPUT5,2026-06-01 17:39:55,2026-06-01,PRD-GF99SX78A8KO,CLI-OACUDP79UH7G,Payment,Services,3749336.5,COP,937.33,ATM,SUC-YAQTMQ56,,,Colombia,Cartagena,Approved,00,False,21.95,,
TRX-SYEWN7EW61GBRFCOG9EM,2026-06-01 08:42:20,2026-06-01,PRD-SAKOTJDMMM93,CLI-0N3HXB47HSAU,Purchase,Health,46.68,USD,,App,,Clínica Médica,Health,México,Monterrey,Approved,00,False,3.11,,
TRX-IX5E7ZWI2EUOBZGOCB91,2026-06-01 23:13:39,2026-06-01,PRD-88YV62GJSA6G,CLI-2MM9EXMOO8KD,Deposit,,1334069.06,ARS,3811.63,Web,,,,Argentina,La Plata,Approved,00,False,26.4,,
TRX-EH9SUQM4SFAG9HKR5WBL,2026-06-01 14:31:34,2026-06-01,PRD-IIKP5IDH7W2Z,CLI-OW954QMRBLAS,Purchase,Food,324.31,USD,,Web,,Super Ahorro,Food,Colombia,Bogotá,Approved,00,False,,,
TRX-DZA9GPMSMRWKOSH74BRG,2026-06-01 08:34:03,2026-06-01,PRD-8P6WFQUD7WVJ,CLI-DXCZVXGVHTBN,Deposit,,87567.17,ARS,250.19,App,,,,Colombia,Medellín,Approved,00,False,19.78,,
TRX-W3B92HKKDZYTTQZRN44S,2026-06-02 00:29:57,2026-06-01,PRD-OP8IN3UBI04R,CLI-IYOYR229497K,Payment,Transport,376.29,USD,,ATM,SUC-R1MU0X5G,,,México,Tijuana,Approved,00,False,,-0.3475212,-0.6316996
TRX-3LTPD6U4123YTG9G6E61,2026-06-02 02:03:39,2026-06-01,PRD-D1U5YJNHMEP1,CLI-F30HGES04YTE,Withdrawal,,80851.41,ARS,231.0,Web,,,,Argentina,Córdoba,Declined,05,False,9.99,,
TRX-XYMPW5ZJEAQH7E0QSPEZ,2026-06-01 10:37:21,2026-06-01,PRD-A70XO6PHESZS,CLI-WWWG17DXQFKE,Purchase,Food,440.54,USD,,POS,,Mercado Central,Food,México,Puebla,Declined,05,False,,,
TRX-H5TWNZB3OOAHGXHDHEEW,2026-06-02 05:27:32,2026-06-01,PRD-TBNXYA7IXWLW,CLI-AWZ75HPYJFFK,Adjustment,,413.28,USD,,App,,,,México,Ciudad de México,Approved,00,False,26.68,,
TRX-5A7NB6A566XLFHTV8WXA,2026-06-01 10:52:02,2026-06-01,PRD-LNA8VJ61ROZB,CLI-UM1IWLRM3D9U,Transfer,,36499478.91,COP,9124.87,Web,,,,Colombia,Medellín,Approved,00,False,,,
TRX-G2N30T8BQS8OT1QDP2LC,2026-06-01 21:57:57,2026-06-01,PRD-FCYV3ZFYVQEA,CLI-DPRMN09Y9CGD,Payment,Food,482.97,USD,,ATM,SUC-BSMTX3U8,,,México,Querétaro,Approved,00,False,19.64,,
TRX-0XI8V3ZLE9BTEU5LJT5C,2026-06-01 18:12:21,2026-06-01,PRD-462HUJ2GYT5B,CLI-CQ79MHPOB53Z,Payment,Health,1403.73,USD,,ATM,SUC-N1ZUF3PF,,,México,Querétaro,Declined,54,False,,,
TRX-U2LJJUXNB14J2L41I1J6,2026-06-01 21:58:35,2026-06-01,PRD-CY8E284X6IFX,CLI-6HJLVP9AZ48D,Withdrawal,,602438.32,COP,150.61,Branch,SUC-CFNA2V8Y,,,Colombia,Bogotá,Approved,00,False,2.1,,
TRX-OQPV612VBLWQV8JS8OKM,2026-06-02 02:53:48,2026-06-01,PRD-1T3I3DARWQ0Q,CLI-H5JBPBAALIZL,Transfer,,8941.85,USD,,App,,,,USA,New York,Approved,00,False,15.44,,
TRX-JYI1LEKI9EO19DDS3NPQ,2026-06-02 02:40:07,2026-06-01,PRD-AFLEBTRXCTEG,CLI-UELRQHTN5IJP,Payment,,464.3,USD,,ATM,SUC-4ZFT9FN6,,,México,Tijuana,Approved,00,False,17.98,,
TRX-U85NFAQL6OV33JDHKZO1,2026-06-01 22:12:01,2026-06-01,PRD-YUMWVDNI6W0E,CLI-RWR97F4CR1B7,Purchase,Food,10.35,USD,,Web,,Restaurante El Buen Sabor,Food,México,Guadalajara,Approved,00,False,14.25,,
TRX-CIG92YB1KYVJMXI4WKOD,2026-06-01 19:56:47,2026-06-01,PRD-JZGOSUON8UGN,CLI-UF8M8WUQ4XG5,Withdrawal,,1748195.9,COP,437.05,Web,,,,Colombia,Cartagena,Approved,00,False,8.8,,
TRX-WD7296L1UDZXTC7H9BSL,2026-06-01 11:27:48,2026-06-01,PRD-Z1QBLJYSRSV0,CLI-FIHWR3Q35R8J,Deposit,,292560.01,ARS,835.89,ATM,SUC-GKQAVGPP,,,Argentina,La Plata,Approved,00,False,19.6,,
TRX-G5S3GMCMX9FI3SXG8B6Q,2026-06-01 09:44:00,2026-06-01,PRD-V6DIWN7PF84G,CLI-ZRUCV1NVLWBB,Transfer,,13038886.2,COP,3259.72,Web,,,,USA,New York,Declined,05,False,6.16,,
TRX-4384A7GNRVRP867K6ADF,2026-06-01 18:39:46,2026-06-01,PRD-8HIJU6KLJ3X9,CLI-3ESSX5L6HQ8J,Transfer,,506591.1,ARS,1447.4,ATM,SUC-K32WS6T0,,,Argentina,Córdoba,Declined,54,False,8.97,,
TRX-UIFPBJ8O17SV61UJWLDR,2026-06-01 07:34:38,2026-06-01,PRD-81ALMHD2OS57,CLI-RS5DRBWER3OJ,Deposit,,4624.66,USD,,ATM,SUC-IW55XIEY,,,México,Monterrey,Approved,00,False,10.62,,
TRX-LD33W3SSI289MJP1BSJ2,2026-06-01 21:06:05,2026-06-01,PRD-DHKHX2V3BCF4,CLI-X8O6KD39YRUV,Deposit,,6010463.43,COP,1502.62,ATM,SUC-HQWDAM56,,,Colombia,,Approved,00,False,,,
TRX-EHFZGSOSVGF40NMI7K9J,2026-06-01 07:50:01,2026-06-01,PRD-IXYVOQN3ZJ0T,CLI-RMAZMNC8HB5Z,Adjustment,,1942386.22,COP,485.6,POS,,,,Colombia,Bogotá,Approved,00,False,15.95,,
TRX-K3LLERE6884X4KYKH2B8,2026-06-01 21:09:25,2026-06-01,PRD-SFY47CVM3GAP,CLI-IRCNS6ANPK6Y,Purchase,Food,277.07,USD,,Web,,Tienda Don José,Food,México,Monterrey,Approved,00,False,12.0,,
TRX-L2RZ2PCA1EUFMRZFQRHZ,2026-06-01 10:29:51,2026-06-01,PRD-W2H7NTAYQ8FP,CLI-MQ6LEOZ52SMB,Transfer,,7322.22,USD,,ATM,SUC-7SL55GEJ,,,México,Guadalajara,Approved,00,False,13.86,,
TRX-I9UM1WJ9SLQTR0REM18P,2026-06-01 11:18:08,2026-06-01,PRD-0MB5EK96NFI6,CLI-OGYIA7W1KVTY,Transfer,,2703.55,USD,,POS,,,,México,,Approved,00,False,19.97,,
TRX-ULQB20GV8GBBUZD9A2JD,2026-06-01 17:43:26,2026-06-01,PRD-A0I5LF88UC3Y,CLI-AOKFC1AKMJX4,Payment,Services,3218176.22,COP,804.54,Web,,,,USA,Los Angeles,Approved,00,False,15.81,,
TRX-HOQGA198XN8078MN7ET6,2026-06-01 17:32:37,2026-06-01,PRD-M274EDJ5K5WH,CLI-QSPQUXHDJLOE,Transfer,,569.31,USD,,ATM,,,,Argentina,La Plata,Approved,00,False,16.41,,
TRX-Q9AD9G37ZKYRREFYHYUF,2026-06-01 19:44:07,2026-06-01,PRD-A1CV67KLHMH9,CLI-FG4RHOIJFEK6,Purchase,Health,229.18,USD,,Web,,,Health,México,Ciudad de México,Approved,00,False,8.71,,
TRX-9V94GRFIIFJ1AWVQD5RA,2026-06-01 23:44:17,2026-06-01,PRD-I935S9CV5PDY,CLI-91G46KQBFC0B,Purchase,Services,93.76,USD,,POS,,Servicios Públicos,Services,México,Monterrey,Approved,,False,,-0.3538864,0.1853361
TRX-434AUYQRDIVDFUVDCHC5,2026-06-01 12:25:17,2026-06-01,PRD-4ZLKR3NS3DF6,CLI-IJCTPU8UVJ56,Deposit,,1449.18,USD,,ATM,SUC-Q9LRLZTA,,,México,Guadalajara,Approved,00,False,,0.9341288,-0.5467504
TRX-LDJJG2OVMU9I2KM9FL7Y,2026-06-01 07:58:51,2026-06-01,PRD-GM9KHW5PERE8,CLI-SKTR504ZVPB5,Payment,Entertainment,432.58,USD,,POS,,,,Colombia,Cartagena,Approved,00,False,24.53,4.5989882,-73.1858275
TRX-UXA5EOAGHSVYIQMQQNS2,2026-06-01 11:36:57,2026-06-01,PRD-7JJUG7NN94MZ,CLI-WB7Z3QD6H0MF,Purchase,Other,358.16,USD,,POS,,Tienda General,Other,Colombia,Bogotá,Approved,00,False,,3.9524447,-74.3399935
TRX-K4BOIHQE6FT9S9EUDGFC,2026-06-01 21:51:23,2026-06-01,PRD-4P077RU815LE,CLI-2E6YDLVEMYLM,Deposit,,149.79,USD,,POS,,,,México,Tijuana,Approved,00,False,27.16,-0.9944471,
TRX-6TA3CC64AY9QE22HP028,2026-06-01 11:24:48,2026-06-01,PRD-WBP40NESI0YH,CLI-6T7VS9UPL4OH,Deposit,,9068266.26,COP,2267.07,Branch,SUC-UNXOS8JB,,,Colombia,Cartagena,Approved,00,False,23.78,,
TRX-49VJH136MAL4BK714UWM,2026-06-01 19:32:12,2026-06-01,PRD-0TZIX1UQVW6P,CLI-JGHJTIJP70MG,Withdrawal,,262.61,USD,,ATM,SUC-RJSJ0B0X,,,Mexico,Puebla,Approved,00,False,5.0,,
TRX-84VGJAA5Z6IV52GIMNJZ,2026-06-02 04:48:30,2026-06-01,PRD-9J0GVZOFCYQB,CLI-VR5F1KA6LRTF,Withdrawal,,54.73,USD,,App,,,,México,Querétaro,Approved,00,False,11.32,,
TRX-J9F7CLB6ZBWRGN7705NQ,2026-06-01 21:44:09,2026-06-01,PRD-46XRCOVEUWFX,CLI-X88ZHAJCEYE1,Adjustment,,248836.94,COP,62.21,ATM,SUC-HAC1OZ8F,,,Mexico,Guadalajara,Approved,00,False,14.76,3.8974713,-74.0648324
TRX-7E8OTNQ9AKATQ6YC44RS,2026-06-01 11:27:13,2026-06-01,PRD-GIT5A0RFQOQY,CLI-B1Y5VX08H8DF,Withdrawal,,275.17,USD,,ATM,SUC-N1ZUF3PF,,,México,Monterrey,Approved,00,False,23.69,,0.5915222
TRX-T4YP95BQBVIGIPT5LDHK,2026-06-02 04:31:49,2026-06-01,PRD-F6JICZ9GQMAU,CLI-6NBJ6RV7NH4E,Withdrawal,,300.24,USD,,POS,,,,México,Monterrey,Approved,00,False,28.41,,
TRX-71G83LY79Z1L88NSFE48,2026-06-01 17:58:45,2026-06-01,PRD-JB5AFO6PLDO4,CLI-EVMZ1D4D7I81,Withdrawal,,378.76,USD,,Branch,SUC-JGB6PK8R,,,México,Guadalajara,Approved,00,False,24.96,-0.0263489,-0.5463077
TRX-4H5PS4PIS4L5FOGC6P4D,2026-06-01 19:25:44,2026-06-01,PRD-83UGDDAH5AB2,CLI-9K4SIPRIS2GY,Transfer,,2905745.42,ARS,8302.13,POS,,,,Argentina,La Plata,Approved,00,False,8.59,,
TRX-CEGWQ9H8CL3RGYVNZK3S,2026-06-01 20:28:38,2026-06-01,PRD-G9WWAP963SLG,CLI-WFYGBM1CH8SR,Payment,Transport,1688695.23,COP,422.17,ATM,SUC-LBZFJAU6,,,Colombia,Bogotá,Approved,00,False,2.82,,
TRX-J7YMDV89S5NL5RAR0C6G,2026-06-01 14:33:58,2026-06-01,PRD-LMB4V06J0U7N,CLI-QI315QZBOD7O,Purchase,Food,388.7,USD,,Web,,Super Ahorro,Food,México,Guadalajara,Reversed,54,False,8.37,,
TRX-L3UKCOQ8G64KHVGA70SI,2026-06-01 17:28:09,2026-06-01,PRD-4X9DM2L7TYJ5,CLI-MHT7I5EXD66D,Transfer,,7937.07,USD,,POS,,,,México,Guadalajara,Approved,00,False,,,
TRX-EBIOV1GV8S5N6DYTM28W,2026-06-01 22:03:56,2026-06-01,PRD-DKTCSPPYY8M3,CLI-6JPLPIPCBK9U,Payment,Services,2486799.98,COP,621.7,ATM,SUC-TQX7379E,,,Colombia,Cartagena,Approved,00,False,10.94,,
TRX-2XJ4EUSNLDC1IZNSRLWV,2026-06-02 03:16:33,2026-06-01,PRD-P3NX2PV8CXCF,CLI-6Q4A8IQOK9PS,Transfer,,1080.42,USD,,ATM,SUC-YH0U3LVW,,,Colombia,,Approved,00,False,16.65,,
TRX-T92FL0KA8LYXWQ2WB438,2026-06-02 03:57:19,2026-06-01,PRD-Z49VOUIEWL61,CLI-R8VAJ7T8NF00,Transfer,,3557.69,USD,,POS,,,,Colombia,Barranquilla,Approved,00,False,,3.729267,-73.8946192
TRX-MYX9JMZZS0N5WWE3E082,2026-06-02 04:38:16,2026-06-01,PRD-1CA5N3SBZSG2,CLI-CSXYQPNHSM1N,Purchase,Food,1170924.1,COP,292.73,Web,,Restaurante El Buen Sabor,Food,Brazil,Rio de Janeiro,Approved,00,False,29.55,,
TRX-N5G11Z0AVC9ILX672ZSZ,2026-06-01 16:23:50,2026-06-01,PRD-YDGUOURU87FH,CLI-ET7LPHVCXA0I,Payment,Food,1568.38,USD,,ATM,SUC-F61XHTE2,,,México,Guadalajara,Approved,00,False,,,
TRX-0JFLZDI2OFGJIGGW3IOL,2026-06-01 14:26:10,2026-06-01,PRD-VSJXYLHBU3U2,CLI-L6KV8V3AMCVV,Payment,,7104776.52,COP,1776.19,App,,,,Colombia,Cali,Approved,00,False,9.26,,
TRX-DK7WBDZKQBUIYCRRPLU9,2026-06-01 15:40:32,2026-06-01,PRD-7SJFA2XVGEW4,CLI-3P5S0T2J7TEL,Deposit,,10168911.2,COP,2542.23,Web,,,,Colombia,Cali,Approved,,False,5.18,,
TRX-W6A35LGKMI655I8LX27X,2026-06-02 05:37:12,2026-06-01,PRD-F6GTHTY6VXKV,CLI-U1M82FRSXWXH,Withdrawal,,428.48,USD,,ATM,SUC-VTIA5X8Y,,,México,Querétaro,Approved,00,False,8.53,,
TRX-U824IQ97WRIBS57QWWT4,2026-06-01 22:15:25,2026-06-01,PRD-6IA95HVL84XK,CLI-JXGXYKKMV0SC,Payment,Other,608934.74,ARS,1739.81,POS,,,,Argentina,Rosario,Approved,00,False,0.51,,
TRX-ELXGUYX8KRH7J5XXFCFT,2026-06-01 08:23:59,2026-06-01,PRD-CR7YUZ0FJLG2,CLI-X1TV39VER06N,Withdrawal,,1306519.3,COP,326.63,App,,,,Colombia,Barranquilla,Approved,00,False,24.32,,
TRX-U42X6OSV5PY2CTJFY46E,2026-06-01 21:33:21,2026-06-01,PRD-VZYJXRXZGE4P,CLI-S4O0W1AYR5CJ,Purchase,Transport,1556732.19,COP,389.18,ATM,SUC-TQX7379E,Taxi Seguro,Transport,Colombia,Medellín,Approved,00,False,1.82,,
TRX-OXAQ9NZK57O7NZNATITX,2026-06-01 19:29:45,2026-06-01,PRD-GEONVMVZAES5,CLI-27S1WIH0TPXX,Withdrawal,,437071.41,COP,109.27,Web,,,,Colombia,Bogotá,Approved,00,False,,,
TRX-8UQIKEZBLUXSTTJBM0AY,2026-06-02 04:00:22,2026-06-01,PRD-A7EJSV3N9MXD,CLI-7RO62FZ1IRQT,Payment,Other,1133.17,USD,,ATM,,,,México,Monterrey,Approved,00,False,24.62,-0.3248034,0.6928332
TRX-2PGYFK62WSS5FRV10Q8J,2026-06-01 12:33:04,2026-06-01,PRD-DOZ1UDKYOV0Y,CLI-9CB6LO9XDJ3Y,Transfer,,7663.1,USD,,Branch,SUC-74OJEV5Z,,,México,,Approved,00,False,,0.2708883,-0.2283375
TRX-J451T2ZQ70ZL4T6TLYM3,2026-06-01 22:48:03,2026-06-01,PRD-2ZKHSQR3SFF2,CLI-KG0MUDUEYLBM,Withdrawal,,434.46,USD,,POS,,,,México,Guadalajara,Approved,00,False,17.56,,
TRX-6GJWKWNCA1LHTF1MXBCY,2026-06-01 21:17:43,2026-06-01,PRD-65SDZU9LSOTQ,CLI-LGEJRWEBYJ0N,Purchase,Food,344.54,USD,,ATM,SUC-9J6GQRJ4,Tienda Don José,Food,México,Querétaro,Approved,00,False,,0.5052913,-0.1352512
TRX-CINOKZ6LSICMXNZEF1YV,2026-06-01 23:36:21,2026-06-01,PRD-RZQCD12QSXJ4,CLI-NG1K62IPJYF3,Withdrawal,,371.8,USD,,ATM,SUC-XUG645G9,,,México,Ciudad de México,Approved,00,False,2.78,,
TRX-TNXITYBQBVVPXM4UYORM,2026-06-02 04:58:29,2026-06-01,PRD-Q5WK61JJQ331,CLI-V57UKZZBLYGC,Purchase,,37.69,USD,,App,,Empresa Telefónica,Services,México,Guadalajara,Approved,00,False,3.24,,
TRX-1Y6R9SCVM8JJZYRISWZ5,2026-06-01 06:43:08,2026-06-01,PRD-JW3Z0GVXK9WO,CLI-CS0EWI8PL156,Deposit,,323.23,USD,,POS,,,,México,Puebla,Declined,54,False,18.44,,
TRX-F09DNZMLZ51WNB0EG1MD,2026-06-02 00:36:47,2026-06-01,PRD-6A5VRPA16GJ4,CLI-JBSQIAD1J9T2,Deposit,,10209133.79,COP,2552.28,POS,,,,Colombia,Medellín,Approved,00,False,5.2,,
TRX-NME28E3VKZIVESM78JDL,2026-06-01 17:35:46,2026-06-01,PRD-P1J3E8MN0QJL,CLI-WQL2HVWXHS25,Purchase,Other,328.22,USD,,App,,Ferretería,Other,México,Ciudad de México,Approved,00,False,18.22,,
TRX-E57QAOCU28BWXJIKWFT6,2026-06-02 00:34:15,2026-06-01,PRD-2W8NUBJ4NQ1S,CLI-DVWI1J3O0G49,Purchase,Other,124429.16,ARS,355.51,ATM,SUC-O09F6PWJ,Boutique Moda,Other,Argentina,Córdoba,Approved,00,False,26.96,-33.8181166,-58.6022105
TRX-RA81KCJBZ1YIFOW72BZH,2026-06-01 19:53:48,2026-06-01,PRD-UXHYANHR19F1,CLI-20FZRL6D1T9C,Transfer,,8738.4,USD,,POS,,,,México,Ciudad de México,Declined,51,False,15.3,,
TRX-5H26RXPL2NPC3I2WDTFN,2026-06-01 08:54:32,2026-06-01,PRD-2DGLJTU71MW9,CLI-E40CUKN4VS52,Deposit,,2189.72,USD,,POS,,,,México,Ciudad de México,Approved,00,False,21.37,-0.7512858,0.7994782
TRX-YKKO5DM1GO4YCVRVPFGV,2026-06-01 15:04:08,2026-06-01,PRD-WRRIA52T99OQ,CLI-3VA8MX3UQPRX,Payment,Entertainment,2976186.24,COP,744.05,POS,,,,Colombia,Barranquilla,Approved,00,False,1.47,3.9909293,-74.815171
TRX-4NVADEPX9KJZ4TCMIRMN,2026-06-01 20:18:43,2026-06-01,PRD-97R88CYPTPDU,CLI-OR89N43SEA8Z,Withdrawal,,139.93,USD,,Web,,,,Colombia,Cali,Approved,00,False,,,
TRX-36KZ0N1FGJG900TT1VCU,2026-06-01 11:45:17,2026-06-01,PRD-Z5O4ND402HVP,CLI-BCUFHQOX1FR3,Purchase,Transport,61541.88,ARS,175.83,POS,,Taxi Seguro,Transport,Argentina,Mendoza,Approved,00,False,4.06,,
TRX-33EZIXAE9S15XF1DL3RF,2026-06-01 09:11:46,2026-06-01,PRD-0CEV2MDS0WRL,CLI-0S77NWVL8W8L,Transfer,,2227.74,USD,,App,,,,México,Monterrey,Reversed,05,False,10.4,,
TRX-87FINKLI9BQ0EKJ2HO8K,2026-06-02 05:16:38,2026-06-01,PRD-P8Z2EIHURR3H,CLI-J5REL3MOE9ME,Deposit,,19764265.1,COP,4941.07,POS,,,,Colombia,Barranquilla,Approved,,False,19.75,,
TRX-LJOKG1C1N4L6ZHLCNOER,2026-06-01 09:59:14,2026-06-01,PRD-NLOGBVJQTN0B,CLI-OOWTNDCL09Q7,Withdrawal,,1271159.31,COP,317.79,App,,,,USA,New York,Approved,00,False,,,
TRX-2GD6DYMVHRO9RY5VNXMG,2026-06-02 03:20:20,2026-06-01,PRD-NL8UCR7PKB5S,CLI-M1LDFFTEDL4F,Withdrawal,,43.85,USD,,Web,,,,México,Guadalajara,Approved,00,False,2.73,,
TRX-A55HWIWEJF3VTWJVUSJ5,2026-06-01 12:45:30,2026-06-01,PRD-CVWFJSZU5P60,CLI-1SQEQ2TGGM4S,Deposit,,4847.31,USD,,ATM,SUC-PJ6NDQ6K,,,México,Ciudad de México,Approved,00,False,27.76,0.756561,-0.8253049
TRX-LMPTTB9UUKF9RWN2Q6TF,2026-06-01 17:47:06,2026-06-01,PRD-RKEVX22SZGF8,CLI-LYK8AAAQQPVI,Transfer,,1074343.61,ARS,3069.55,ATM,SUC-TUCFOESJ,,,Argentina,La Plata,Approved,00,False,,,
TRX-QDPIEA2JD7K30IOLQYV5,2026-06-02 04:25:28,2026-06-01,PRD-0ZNAYO8F7SIX,CLI-4J8BVGCCH7T2,Withdrawal,,840650.99,COP,210.16,Web,,,,Colombia,Barranquilla,Approved,00,False,6.43,,
TRX-GBN4EUBXT5E2VJSXDGXQ,2026-06-01 13:02:04,2026-06-01,PRD-LF8B588216LA,CLI-8L5XSB0ODRFJ,Withdrawal,,173908.25,ARS,496.88,POS,,,,Argentina,Rosario,Approved,00,False,10.98,,
TRX-PZJ4P7Y5VZHV6J9JQNML,2026-06-01 14:18:27,2026-06-01,PRD-MFFYXM7LNCV8,CLI-O0H2Z220P2YH,Transfer,,4823.91,USD,,POS,,,,México,Guadalajara,Approved,00,False,14.53,,
TRX-KL1DMQYPODAHAV4VMKCN,2026-06-01 17:10:18,2026-06-01,PRD-5QBN59TTEEYM,CLI-K8EO5AKC77IB,Transfer,,1457483.56,ARS,4164.24,POS,,,,Argentina,Córdoba,Approved,00,False,,,
TRX-55HN7XDSV7GMQ4VSR5OI,2026-06-01 11:38:38,2026-06-01,PRD-PZO8K6O2J7AL,CLI-U7HJYGX5WOOE,Transfer,,6916.01,USD,,POS,,,,México,Querétaro,Approved,00,False,21.51,,
TRX-O9AGYCQM3UNVH8YHMBM6,2026-06-01 16:20:15,2026-06-01,PRD-BKANVCUA81IA,CLI-MU9LC6IDXVU7,Payment,,419.73,USD,,POS,,,,Brazil,Rio de Janeiro,Approved,00,False,,,
TRX-5XCWJS51TII1O6JTFM1D,2026-06-01 13:28:09,2026-06-01,PRD-CSV4W51XSMJ8,CLI-M74NX9LSKQ59,Payment,,7726874.33,COP,1931.72,POS,,,,Colombia,,Approved,00,False,3.48,,
TRX-0XRQBZEODGORTKC3N3IC,2026-06-01 09:15:41,2026-06-01,PRD-YGQJA8TB9LBN,CLI-0ARUDCT9DAO2,Withdrawal,,271.94,USD,,ATM,SUC-Z39EOE70,,,México,Querétaro,Approved,00,False,1.07,,
TRX-VT3YTDEMNGTDZW67EB18,2026-06-01 06:33:27,2026-06-01,PRD-8OP1ZK5U6AZG,CLI-PBOGV0D4K102,Payment,Entertainment,840.07,USD,,ATM,SUC-C28AFJAZ,,,México,Ciudad de México,Approved,00,False,26.85,0.4294282,0.5802357
TRX-L6IDS68G224F7L0XGMEB,2026-06-01 11:18:09,2026-06-01,PRD-N3LX5PH493HP,CLI-OALA7LY8AG8A,Purchase,Other,88.72,USD,,App,,Boutique Moda,Other,México,Guadalajara,Approved,,False,2.16,,
TRX-L4CO9NJVWC2EFN0ZM2PW,2026-06-01 20:49:28,2026-06-01,PRD-9M7RFJT5M03Q,CLI-KWXDIXLFXGYO,Purchase,Food,101.09,USD,,POS,,Restaurante El Buen Sabor,Food,México,Ciudad de México,Approved,00,False,19.93,,
TRX-LSGALHUXBEJUFPCB0FAV,2026-06-01 19:41:13,2026-06-01,PRD-LCRCBB2H86FE,CLI-PRA2T1XC5N5W,Deposit,,3733.69,USD,,Branch,SUC-337QKO7D,,,México,Tijuana,Approved,00,False,23.59,,0.6295385
TRX-OW9LPKC6MYS5XLDRXHUR,2026-06-01 18:50:46,2026-06-01,PRD-K1IBCZC192I2,CLI-7DB7VY4CQOBM,Withdrawal,,1798601.03,COP,449.65,ATM,SUC-QLV3J046,,,Colombia,Bogotá,Approved,00,False,26.0,,
TRX-EAPPR8S70ALVBQIXX7UA,2026-06-02 01:02:13,2026-06-01,PRD-JKPWGSVAI15D,CLI-2M5FAF0ILI9T,Purchase,Food,5829.86,ARS,16.66,App,,Super Ahorro,Food,Argentina,Mendoza,Approved,00,False,,,
TRX-Y6QAZZYGMIXK0QGS6D6V,2026-06-01 08:38:40,2026-06-01,PRD-3QYIOMPK3I0W,CLI-NNZQ6I2ZT3IM,Payment,Food,1200.75,USD,,Branch,SUC-COPO2MJ8,,,México,Querétaro,Approved,00,False,3.74,,
TRX-CCRZF4OIG9DACBEVJKU9,2026-06-01 10:46:03,2026-06-01,PRD-8UNQH97WYTD4,CLI-GIJ3NY508LBP,Deposit,,749.34,USD,,Web,,,,México,,Approved,00,False,,,
TRX-OELGD763QN454ICESHS1,2026-06-01 23:32:39,2026-06-01,PRD-OZP7QYQXFAGW,CLI-PYY9FOMMPSWP,Withdrawal,,286.0,USD,,Web,,,,México,Tijuana,Approved,00,False,20.56,,
TRX-RKDKC62T9DSFQ2F9BP8I,2026-06-01 21:38:38,2026-06-01,PRD-J2RTOCUTLYOW,CLI-YH7ZWCG5936W,Withdrawal,,875444.25,COP,218.86,ATM,SUC-8AM4U1NU,,,Colombia,Bogotá,Approved,00,False,25.63,3.8637127,-74.2698811
TRX-79HVL7L1T0XK9BT82CNW,2026-06-01 07:32:24,2026-06-01,PRD-EZPN46BSBNQP,CLI-CH814CCGUSNS,Transfer,,1233363.28,ARS,3523.9,ATM,SUC-5YFUX3Z6,,,Argentina,Córdoba,Approved,00,False,28.69,,
TRX-FLTUZOHFA6FNG76R4ZM1,2026-06-01 11:58:16,2026-06-01,PRD-EQ8OHW8Y3OE9,CLI-MRLUZ9VHIRNI,Deposit,,10312434.37,COP,2578.11,POS,,,,Colombia,Medellín,Approved,00,False,,,
TRX-J6UPV04S8F9ERM5VVQCN,2026-06-02 04:16:24,2026-06-01,PRD-8O3FXU8O40PT,CLI-R5JKKRCMRKSL,Withdrawal,,125482.7,ARS,358.52,Web,,,,Argentina,Buenos Aires,Approved,00,False,11.06,,
TRX-G2EBK2C8PXPM6TFMJTP2,2026-06-01 15:19:08,2026-06-01,PRD-DEVU76LBNKEE,CLI-64AUOYBA18Z2,Purchase,Transport,8.34,USD,,POS,,Gasolinera Express,Transport,México,Puebla,Approved,00,False,4.85,,
TRX-K5AE0COGIMKBBCV8OOM7,2026-06-01 15:45:04,2026-06-01,PRD-TMQGBQLBK48O,CLI-SQSEV9R9AQ9T,Withdrawal,,1851223.13,COP,,ATM,,,,Colombia,Medellín,Approved,00,False,3.68,4.4738407,-73.3189053
TRX-AFHX6XQ2LP5KLKK31JUY,2026-06-01 14:44:29,2026-06-01,PRD-CE530GEOJRJC,CLI-U9ET0JXKUXE7,Withdrawal,,61.85,USD,,Web,,,,México,,Approved,00,False,,,
TRX-B30LC6EBNEK3Y71PZLIE,2026-06-01 13:28:21,2026-06-01,PRD-NDCY3ZC7XOO3,CLI-D2CV7WDRT058,Payment,Services,7576862.58,COP,1894.22,ATM,SUC-8YXNMWZ7,,,Colombia,Cartagena,Approved,00,False,5.76,4.2768466,-73.2831766
TRX-DJYLS3JEWD8KE6MSPOVL,2026-06-01 13:07:53,2026-06-01,PRD-4U2B3EMOUYOK,CLI-6YDYF5QP4Z0Q,Transfer,,6079539.51,COP,1519.88,ATM,SUC-XZM2NPS4,,,Colombia,Medellín,Approved,00,False,26.46,5.2601168,-74.8439587
TRX-HWUG478VEFIYXZMQZ2BS,2026-06-01 11:55:42,2026-06-01,PRD-9QHSC0E9REAY,CLI-FJZ6D0BTKY8B,Payment,Transport,1278310.68,COP,319.58,Transfer,,,,Colombia,Bogotá,Approved,00,False,,,
TRX-J05D646TU3GW9IMAZXOC,2026-06-02 02:02:30,2026-06-01,PRD-15LJO42HAJSS,CLI-7B1HCNXEQC71,Withdrawal,,379.69,USD,,Web,,,,México,Monterrey,Approved,00,False,10.23,,
TRX-FS58S5DDC3J6ICGZ9VI0,2026-06-01 10:34:19,2026-06-01,PRD-K65M19K6HA77,CLI-EX0CQZESURC0,Withdrawal,,353.08,USD,,ATM,SUC-SDXPHMG4,,,México,Puebla,Approved,00,False,14.39,,
TRX-CVM4QPYHLXVNOMX5JI4E,2026-06-01 12:57:08,2026-06-01,PRD-HUH5QEAYRXRK,CLI-CB7WR7D26LWP,Purchase,Health,70.55,USD,,POS,,Clínica Médica,Health,México,Querétaro,Approved,00,False,5.85,,
TRX-VZM2BPL04AHVIWC24UH1,2026-06-02 03:26:52,2026-06-01,PRD-KRJGX9WD1PWP,CLI-75HT9DULVCNL,Purchase,Transport,183.65,USD,,POS,,Estación de Servicio,Transport,México,Ciudad de México,Approved,00,False,15.57,-0.5870829,-0.6501937
TRX-J03RRE3BPD8G8OUPJAPV,2026-06-01 12:59:54,2026-06-01,PRD-HSSG0SFYH3EI,CLI-FG636AJN5Y3J,Purchase,Entertainment,368.72,USD,,Branch,SUC-QL08OUL0,Teatro Nacional,Entertainment,México,Ciudad de México,Approved,00,False,12.84,,
TRX-2G310A3I5GUOVEFB17ZA,2026-06-01 13:47:41,2026-06-01,PRD-UK86CSARQ84L,CLI-7M5XFAUGHQ65,Transfer,,128341.6,ARS,,App,,,,Argentina,Rosario,Approved,00,False,17.81,,
TRX-8AD451878MEHZRANWFU7,2026-06-01 07:11:34,2026-06-01,PRD-WEUCJ5VL7BYN,CLI-6KDQL4IYC8G5,Withdrawal,,160397.8,ARS,458.28,POS,,,,Colombia,Medellín,Approved,00,False,10.29,,
TRX-L06TBYF8EN9O60J05B4O,2026-06-01 21:00:02,2026-06-01,PRD-8X005S4X4WBG,CLI-G8G0QAAUFLK9,Payment,Entertainment,2441048.92,COP,610.26,POS,,,,Colombia,Medellín,Approved,00,False,,,
TRX-G47YTBFAJCMBBA1R780O,2026-06-01 23:57:48,2026-06-01,PRD-HQBDBYP1OOHE,CLI-OWKT135U1V7N,Transfer,,4090.93,USD,,POS,,,,Colombia,Cali,Approved,00,False,21.16,,
TRX-20RE3ASFCMA1J10E1318,2026-06-01 19:37:26,2026-06-01,PRD-JARXSHNYPXBF,CLI-JX0ZWXMYSGQB,Withdrawal,,1191834.66,COP,297.96,Web,,,,Mexico,Guadalajara,Approved,00,False,16.74,,
TRX-WWD7BTBZ7XCCQTK6QJ80,2026-06-01 17:24:20,2026-06-01,PRD-866PD7ABEQL2,CLI-HFKTJ9GXULRV,Deposit,,4441.13,USD,,Branch,,,,México,Guadalajara,Approved,00,False,23.97,,
TRX-LFF73UQFX47NHZ9K33GR,2026-06-01 20:04:37,2026-06-01,PRD-R5U3BEBC150S,CLI-3CRLEROMEE3I,Withdrawal,,69130.22,ARS,197.51,POS,,,,Argentina,Córdoba,Approved,00,False,19.79,-35.374487,-58.718978
TRX-3VLS60E6UQ9DRHTB82PH,2026-06-01 06:04:57,2026-06-01,PRD-NLF2YMZE0Z35,CLI-5BGAD9VXQ0E1,Transfer,,8637.55,USD,,Branch,SUC-OLTX380V,,,México,,Approved,00,False,8.21,,
TRX-QCKWLAOVU8ZLYF7019D0,2026-06-01 22:38:22,2026-06-01,PRD-BWRO4HWR5KIY,CLI-5E16P4ZHJJCK,Payment,Services,5072860.91,COP,1268.22,POS,,,,Colombia,Cali,Approved,00,False,7.38,4.9633976,-74.0565416
TRX-JX5CC59UEM2604UT4G1C,2026-06-02 01:33:16,2026-06-01,PRD-D42BR28H3AVC,CLI-PYRI8DDBUFLZ,Deposit,,976.07,USD,,App,,,,México,Ciudad de México,Approved,00,False,27.04,,
TRX-PM3E5C4MP5UQXSXHIZ9Y,2026-06-01 22:26:40,2026-06-01,PRD-V6Q09TWZ8EWN,CLI-Y1ZNGN4WORIX,Transfer,,39645974.04,COP,9911.49,App,,,,Colombia,Barranquilla,Approved,,False,,,
TRX-ZSCJIJL7CJGUZD0IXECY,2026-06-01 17:33:34,2026-06-01,PRD-Q7TJHM0CN53S,CLI-JUDPA1ZHHVXP,Withdrawal,,451.16,USD,,POS,,,,México,Querétaro,Approved,00,False,26.67,-0.7519109,0.1487309
TRX-MMSCE6HCIAXPTMNIZWPG,2026-06-01 20:48:48,2026-06-01,PRD-6KPPIQJ4VS30,CLI-VCO5MSI27HM5,Deposit,,389.01,USD,,POS,,,,México,Ciudad de México,Approved,00,False,27.95,,
TRX-PBQ58M4YN3KM1T7QZVXP,2026-06-01 19:56:51,2026-06-01,PRD-OEZV19O4AAH0,CLI-OJSQRGEVGEUL,Purchase,Services,418.19,USD,,Web,,Cable TV,Services,México,Ciudad de México,Approved,00,False,18.08,,
TRX-Y1Z02085LNAI8AO8FQJB,2026-06-01 22:05:21,2026-06-01,PRD-XF0FV3068U0S,CLI-TXBZ2HH666P1,Transfer,,29327051.26,COP,7331.76,Web,,,,Colombia,Medellín,Approved,00,False,27.44,,
TRX-TUEEGISGQY0G9RV3A17W,2026-06-02 05:30:09,2026-06-01,PRD-WZFDFFAW7NMO,CLI-WD8EJ51SC95J,Purchase,Food,105857.37,ARS,,ATM,SUC-7L3EZA71,Mercado Central,Food,Argentina,,Approved,00,False,14.07,,
TRX-B5YFA2O0XT9Z6B7RMH8R,2026-06-02 02:23:42,2026-06-01,PRD-ZMZK5PFLPVY3,CLI-HZK7WIAWFN6W,Deposit,,15264686.0,COP,3816.17,App,,,,Colombia,Barranquilla,Approved,00,False,28.72,,
TRX-QQ8ILT9LJAXB9L751FDY,2026-06-01 16:54:46,2026-06-01,PRD-0ZMW58AA4IK8,CLI-2FAQW4NCXXQ9,Transfer,,2619.28,USD,,Branch,SUC-JQ7BZNFI,,,México,Puebla,Approved,00,False,17.48,,
TRX-ZDWCX3AQS20M72BPCPUL,2026-06-02 04:01:20,2026-06-01,PRD-YRWVSI3AYNOQ,CLI-6P2TQM18GJPF,Purchase,,58.68,USD,,POS,,Cine Premium,Entertainment,México,Tijuana,Approved,00,False,10.91,,
TRX-DQAQJBQGZGZ7GX43O9EN,2026-06-01 18:41:25,2026-06-01,PRD-9ED06G4LGUAG,CLI-DRPQK6B0U894,Purchase,Food,207.31,USD,,App,,Tienda Don José,Food,Colombia,Bogotá,Approved,00,False,,,
TRX-6I6YI4MIZXPO1T028ZSR,2026-06-02 01:39:36,2026-06-01,PRD-DB5OD1PKVN69,CLI-H97T27E4TW98,Transfer,,6612584.61,COP,1653.15,Web,,,,Colombia,,Approved,00,False,19.81,,
TRX-XINVL8I45NT34SLRJ7PO,2026-06-01 22:59:45,2026-06-01,PRD-UI6H2Y9RZ3MI,CLI-EJ3R54JPRXU3,Purchase,Transport,303164.35,COP,75.79,App,,Estación de Servicio,Transport,Colombia,Cartagena,Approved,00,False,2.45,,
TRX-6YJ2PMLFSH0MBTSDTB15,2026-06-01 09:17:11,2026-06-01,PRD-F5UKUTG2CT3D,CLI-XYDZWKK91HVW,Withdrawal,,65.92,USD,,ATM,SUC-0N077NAM,,,Argentina,Rosario,Approved,00,False,,,
TRX-F0C1ZLRQCPTVTF9MQUMY,2026-06-01 21:58:22,2026-06-01,PRD-FHL0IGL5YF8H,CLI-T9Z0NC51HA7V,Withdrawal,,126.96,USD,,Web,,,,México,Tijuana,Approved,00,False,15.03,,
TRX-3MAUODYRNK3WGHW5KAHS,2026-06-01 12:17:32,2026-06-01,PRD-CJ1ZQ8QUX2LF,CLI-PPZF33T2RJW5,Withdrawal,,1885616.88,COP,471.4,Branch,SUC-9S92DZ9T,,,Colombia,Cali,Approved,00,False,17.68,5.0832799,-74.2686121
TRX-FJT5DYOM12V099U2QNY4,2026-06-01 15:25:28,2026-06-01,PRD-TSFP1AWEVOCB,CLI-GZOJ36478E0B,Adjustment,,619.18,USD,,ATM,SUC-NBZZWX8W,,,USA,Houston,Approved,00,False,1.77,,
TRX-F50GFC4FXDWKA6DYY9GV,2026-06-01 23:32:00,2026-06-01,PRD-M77RX5W709CE,CLI-YOYM6OHD7WLO,Withdrawal,,296419.45,COP,74.1,POS,,,,Colombia,Cartagena,Approved,00,False,,4.3362528,-73.6439936
TRX-CNNR2DPWTCXFAK2YXWPC,2026-06-01 15:43:06,2026-06-01,PRD-XUWKC1A8867U,CLI-XYS8ATXK18QI,Purchase,Other,322.5,USD,,POS,,Boutique Moda,Other,México,Querétaro,Approved,00,False,,,
TRX-8OMVKJ32PIMJ4411DL5L,2026-06-01 20:01:49,2026-06-01,PRD-IIVHJKL5ZHPB,CLI-QPORV62Z1XPK,Withdrawal,,10113.48,ARS,28.9,Web,,,,Argentina,Córdoba,Approved,00,False,,,
TRX-02V51Z5EO4KNN12B3WXN,2026-06-02 02:54:00,2026-06-01,PRD-9YKT48DP7JRM,CLI-6UP5MPW4BKTT,Withdrawal,,1456061.38,COP,364.02,ATM,SUC-GHHYX8OE,,,Colombia,Medellín,Approved,00,False,8.1,,
TRX-JXH5BH5X4G669I3VM18Q,2026-06-01 22:30:57,2026-06-01,PRD-UJUQTPSAMVO5,CLI-CE1MEBNYGRGT,Withdrawal,,39808.53,ARS,,ATM,SUC-10TO2Y3U,,,Argentina,,Approved,00,False,24.3,,
TRX-MAF5892DX2WYRKBB755S,2026-06-01 07:27:07,2026-06-01,PRD-CTR6O6NREE16,CLI-HH9R8CTALBXK,Withdrawal,,134464.2,ARS,384.18,ATM,SUC-HYTTI82L,,,Spain,Madrid,Approved,00,False,2.97,,
TRX-W64LNM723HU907VDH1DD,2026-06-01 08:50:32,2026-06-01,PRD-DBPV7V9RQUER,CLI-4ATSURRCNB2V,Deposit,,1635.87,USD,,Web,,,,México,Ciudad de México,Approved,00,False,0.81,,
TRX-SULEPBPK84TFFRLSKTMN,2026-06-01 21:09:01,2026-06-01,PRD-PFTDFW5TMSKX,CLI-UQX4ZL63JBPZ,Deposit,,425.51,USD,,ATM,SUC-3NEGSLF6,,,Colombia,Bogotá,Approved,00,False,18.0,,
TRX-C2URI7ZE51JKKILLLKSU,2026-06-01 20:02:00,2026-06-01,PRD-2D920S2DSHI5,CLI-HCJOY4ZV4QCT,Payment,Services,559.13,USD,,App,,,,México,Tijuana,Approved,00,False,,,
TRX-P64X9WKE14I0A6Q2EP9N,2026-06-01 20:08:13,2026-06-01,PRD-0GCL52GJY2WE,CLI-XURCCVXWE8HE,Purchase,Transport,700969.32,COP,,ATM,SUC-LBZFJAU6,Uber,Transport,Colombia,Cartagena,Approved,00,False,29.67,,
TRX-OIAN4O2T7VRM0AWM9FUD,2026-06-01 18:29:45,2026-06-01,PRD-N1ZJATIX7VMI,CLI-P5IQH3CPFH0O,Withdrawal,,213.85,USD,,Branch,SUC-KYUNO9E0,,,México,Puebla,Approved,00,False,8.07,0.2893161,0.549593
TRX-1RS8CIXDPIUJ1RVE07BG,2026-06-02 03:11:13,2026-06-01,PRD-4CIJV0NWIDAM,CLI-FA8IL56CKAUB,Transfer,,5876.26,USD,,POS,,,,México,Puebla,Approved,00,False,,,
TRX-V6YS1HCQ9VETKDW6JA4B,2026-06-01 17:30:12,2026-06-01,PRD-TDG2T96YMJRP,CLI-QF0YPVJNP76E,Payment,Health,70326.43,ARS,200.93,POS,,,,Argentina,Mendoza,Approved,00,False,25.74,,
TRX-UGD7V34XF9W35VJUVHOW,2026-06-02 03:39:49,2026-06-01,PRD-Y9Q82XW2KZKH,CLI-OIT5EIX64HSP,Withdrawal,,438.52,USD,,Web,,,,México,Guadalajara,Approved,00,False,19.1,,
TRX-7LV2MYB4R10BB5JQXNLP,2026-06-01 20:50:25,2026-06-01,PRD-URW36RKZC96Z,CLI-9IP1GZ8OY6U3,Withdrawal,,20643.16,ARS,58.98,App,,,,Argentina,Mendoza,Approved,00,False,23.79,,
TRX-IYSLDECI6LZSJSK4FTI5,2026-06-01 14:51:39,2026-06-01,PRD-JEEKW6PSO2J4,CLI-VJF376N0FTM8,Purchase,,366092.27,COP,91.52,App,,Farmacia Salud,Health,Colombia,Cartagena,Approved,00,False,21.24,,
TRX-7JA8MV4CX33XHX7IQ600,2026-06-01 23:57:21,2026-06-01,PRD-H4GQD1P7PZHZ,CLI-9P162K6JDANX,Payment,Entertainment,396213.62,ARS,1132.04,Transfer,,,,Argentina,La Plata,Approved,00,False,26.44,,
TRX-6QYTEH2RTTNXB3JILQ5M,2026-06-02 05:11:29,2026-06-01,PRD-S9JPBGAPQJZ7,CLI-KA4WN01SQ50C,Transfer,,36627468.51,COP,9156.87,ATM,SUC-YAQTMQ56,,,Colombia,Barranquilla,Approved,00,False,10.87,,
TRX-YBYU39Y9QRDFGYBH4ERI,2026-06-01 08:58:10,2026-06-01,PRD-Y116OIEHC517,CLI-RWJ0GNKGQB4F,Withdrawal,,278.84,USD,,ATM,SUC-2ATW7QMQ,,,México,Guadalajara,Approved,00,False,0.23,,
TRX-KEU8DQFRWIQ7KKLTLZ7T,2026-06-01 19:16:28,2026-06-01,PRD-UMPXQM96DIM0,CLI-MZ1Q2OFLGRUW,Purchase,Health,116.33,USD,,Web,,Clínica Médica,Health,México,Puebla,Approved,00,False,15.53,,
TRX-RQ6LB7WP4DQHE235LFDB,2026-06-02 02:47:13,2026-06-01,PRD-O56Z692W9T49,CLI-5P2WC6GAKOG1,Deposit,,3877.13,USD,,POS,,,,México,Querétaro,Approved,00,False,,,
TRX-PJYL7R3FWSY4NMP7BZJG,2026-06-01 15:15:26,2026-06-01,PRD-FLTDW33QRNZ4,CLI-V3BBVFY6YE45,Withdrawal,,484.73,USD,,Web,,,,México,Puebla,Approved,,False,4.83,,
TRX-1C09NUJTH4LCQ15VSOUB,2026-06-01 20:48:54,2026-06-01,PRD-YOTP3HGMSOWN,CLI-L4QOGIHZ0R8W,Transfer,,8982.8,USD,,POS,,,,México,Tijuana,Approved,00,False,,,
TRX-QL5O5GXMI8TDFJVVAQHG,2026-06-01 10:23:33,2026-06-01,PRD-XULL4O88UPDQ,CLI-HAQ1DAEYCRV0,Payment,Services,325837.27,ARS,930.96,ATM,SUC-ZVPEMWQP,,,Argentina,Córdoba,Approved,00,False,22.37,,
TRX-C2PQDBKU9NZM47FI7IWZ,2026-06-01 22:58:01,2026-06-01,PRD-RRSG6X798SC5,CLI-WN1Y5VBAE7ZD,Withdrawal,,75706.61,ARS,216.3,Web,,,,Colombia,Medellín,Approved,00,False,,,
TRX-Y00NTEZ67Y8MCMUM741Q,2026-06-01 20:51:20,2026-06-01,PRD-JYUCNRJBLI9O,CLI-U77KVN4BFRNV,Payment,Other,1817.8,USD,,POS,,,,México,,Reversed,05,False,17.98,,0.4865439
TRX-XWWHZNY5SIUK7AEXE3UO,2026-06-02 04:40:36,2026-06-01,PRD-YX71M84HWZUD,CLI-EJU02H7ZU239,Deposit,,10739273.17,COP,2684.82,Web,,,,Colombia,Bogotá,Approved,00,False,19.46,,
TRX-25DNOJQAZ7AX5EWWXA1J,2026-06-01 08:23:30,2026-06-01,PRD-67D43ESE6MOU,CLI-GG2LEGEU1776,Withdrawal,,1704822.34,COP,426.21,ATM,SUC-PNT72MIS,,,Colombia,Barranquilla,Approved,00,False,18.12,,
TRX-2KLZYLZGX1H3SA0SFI7M,2026-06-01 11:39:17,2026-06-01,PRD-4GSLWBT4XBL0,CLI-G881COZ6HBEQ,Transfer,,9522.73,USD,,ATM,SUC-RDJC9IH3,,,México,Tijuana,Approved,00,False,15.49,,
TRX-X07V6BOHG17V5Z2XRWX9,2026-06-01 15:20:29,2026-06-01,PRD-S83XAID6TFC4,CLI-0RHMBM74O63M,Purchase,Other,38.55,USD,,ATM,SUC-QMYSBASD,Tienda General,,México,Guadalajara,Approved,00,False,3.21,,
TRX-HBURZBO5NWPKXP2SIUPW,2026-06-01 21:38:18,2026-06-01,PRD-2ELAD34P0ITQ,CLI-9O6A3UYGJRQY,Purchase,Food,428.98,USD,,POS,,Mercado Central,Food,México,Ciudad de México,Approved,00,False,2.53,,
TRX-QPU9XGBBHKMOU08424JU,2026-06-01 16:12:35,2026-06-01,PRD-7CT7DDAF1FCD,CLI-4NQN63ZFXCH9,Transfer,,2866253.41,COP,716.56,POS,,,,Colombia,Medellín,Approved,00,False,27.65,,
TRX-8BMH4KHRQ0B1BIGCQ591,2026-06-02 03:08:14,2026-06-01,PRD-Y6GTOCZYCBXC,CLI-Q8PFRBWSFXQO,Purchase,Transport,10.78,USD,,POS,,Gasolinera Express,Transport,México,Tijuana,Declined,05,False,10.17,-0.3031952,-0.1195636
TRX-HV7JPZ426Z4WGB3VE201,2026-06-01 13:37:05,2026-06-01,PRD-XAU7QZ3BXYWB,CLI-EDU6AUYCR7B0,Withdrawal,,146.86,USD,,POS,,,,México,Tijuana,Approved,00,False,3.32,-0.9182265,0.2780353
TRX-NAJENQS2RSJXLR5KH7NO,2026-06-01 18:27:16,2026-06-01,PRD-ZBP64URITXW9,CLI-77R6K814GSXX,Transfer,,20558920.51,COP,5139.73,POS,,,,Colombia,Barranquilla,Approved,00,False,12.8,,
TRX-US2TX4DQI1UXM24OSE30,2026-06-01 16:46:23,2026-06-01,PRD-NJGS7WU1EJU9,CLI-XDOZPEWNHSO4,Withdrawal,,478.17,USD,,POS,,,,México,Ciudad de México,Approved,00,False,4.44,,
TRX-P1V6T28956IPDQGROO5I,2026-06-02 03:35:35,2026-06-01,PRD-21DKE0SVUM6I,CLI-NTG5DGPF05IU,Withdrawal,,1921820.93,COP,480.46,Web,,,,Colombia,Cali,Approved,00,False,12.03,,
TRX-L8OSBFD0E0MHI6KLX8TZ,2026-06-01 18:35:23,2026-06-01,PRD-5AWLBPGXLG8R,CLI-E9UJ6D19H4YK,Adjustment,,299.27,USD,,Web,,,,México,Querétaro,Approved,00,False,,,
TRX-BQ7WFZLND1TOLTHSROQY,2026-06-02 04:36:56,2026-06-01,PRD-AB70OA7O18EJ,CLI-SWOEWEWIYDUL,Transfer,,7139.73,USD,,App,,,,México,Ciudad de México,Approved,00,False,24.17,,
TRX-FN8YWGDYUCPOR0SOBWHQ,2026-06-01 20:22:36,2026-06-01,PRD-DHD6J1PZP7BN,CLI-0BB1PR5YWA7K,Withdrawal,,1071833.13,COP,267.96,POS,,,,Mexico,Puebla,Approved,00,False,11.37,,
TRX-HZPW6B6LQCXZOAQECUZB,2026-06-01 09:04:59,2026-06-01,PRD-3QCVD1XE5MEJ,CLI-UYK6QJ6XWL0U,Deposit,,18651952.2,COP,4662.99,POS,,,,Colombia,Cali,Approved,00,False,18.26,4.6979279,-74.8117528
TRX-6AUIS0JCSQWO2GGDRBQ0,2026-06-02 00:08:26,2026-06-01,PRD-UX0OUF5PWCN1,CLI-VZ6K2XIMPZ3Y,Deposit,,17258831.08,COP,4314.71,POS,,,,Colombia,Cali,Approved,00,False,13.12,,
TRX-PAENCYV6ATMJAQUJFBKW,2026-06-01 11:03:58,2026-06-01,PRD-VX3HYSY5NPBE,CLI-IH50DWEHOKE8,Withdrawal,,146.76,USD,,Web,,,,México,Querétaro,Approved,00,False,,,
TRX-2ZTL2CHFIVWYLG3EWDVD,2026-06-02 02:08:09,2026-06-01,PRD-MOGFLB4YZIG1,CLI-ZDO31ZCFSE9C,Purchase,Food,57.68,USD,,Web,,Restaurante El Buen Sabor,Food,México,Ciudad de México,Declined,54,False,12.87,,
TRX-2DDXW9C8O4GVIPGRHVVZ,2026-06-01 16:01:41,2026-06-01,PRD-XC3YKG8GQOEM,CLI-MNHPB8YGVKV7,Payment,Services,7579960.02,COP,1894.99,ATM,,,,Colombia,Cartagena,Approved,00,False,10.63,,
TRX-UCSJ0JB32LE2DI3D06AR,2026-06-01 10:26:15,2026-06-01,PRD-R5OOTYUCLS8A,CLI-B0KEK56W3LEN,Deposit,,4805.61,USD,,Web,,,,México,,Approved,00,False,0.71,,
TRX-RGTHTIB2YBWPQJN5BBCM,2026-06-01 14:23:03,2026-06-01,PRD-ZC4OC97QVW3F,CLI-BC9U8UBTYVWN,Withdrawal,,123.97,USD,,POS,,,,México,Tijuana,Approved,00,False,15.13,,
TRX-ORGCUY5N8IVYKZ19DJQ7,2026-06-01 17:09:18,2026-06-01,PRD-PEFKETG8MLIH,CLI-28P3RR87XENW,Withdrawal,,775953.52,COP,193.99,POS,,,,Colombia,Barranquilla,Declined,51,False,,,
TRX-D4WCXN12HFS85L0GC8A9,2026-06-01 06:23:08,2026-06-01,PRD-RI1D8STTWKVN,CLI-NIW4F4DHCSHR,Payment,,177.99,USD,,Web,,,,Spain,Sevilla,Approved,00,False,10.75,,
TRX-8UZVMKHENL00VFMSKL5F,2026-06-01 11:19:23,2026-06-01,PRD-RDOVGR0UQA0T,CLI-NFX6KLJ55XA8,Withdrawal,,196.62,USD,,POS,,,,Colombia,Cali,Approved,00,False,3.15,,
TRX-XJDOB71695MJ0BHHZMCZ,2026-06-02 03:20:54,2026-06-01,PRD-BHTO11FG0LW4,CLI-TWKTJ42PTALR,Withdrawal,,128.05,USD,,App,,,,México,Monterrey,Approved,00,False,11.17,,
TRX-7CAFSXD3LTG6VOFX2E0G,2026-06-01 11:34:46,2026-06-01,PRD-TCP37ULIT8KT,CLI-6ID8X5LGFAG1,Purchase,Health,496.34,USD,,ATM,SUC-QMYSBASD,Clínica Médica,Health,México,Guadalajara,Approved,00,False,23.55,0.8000898,
TRX-KA5JPA8ASWVX6WFYE0FV,2026-06-01 18:35:57,2026-06-01,PRD-GOM3I567DZIB,CLI-1UOEFN1TY4XG,Withdrawal,,578364.9,COP,144.59,ATM,SUC-H2ROE7C8,,,Colombia,Bogotá,Approved,00,False,22.75,,
TRX-H2J9R8C8YZ1SJGXWGPR5,2026-06-01 14:53:34,2026-06-01,PRD-3QUJQ55394SE,CLI-79P8FN9VV00A,Transfer,,930.53,USD,,App,,,,México,Puebla,Approved,00,False,18.94,,
TRX-73ZX3P29RSG2RA94I287,2026-06-02 00:38:55,2026-06-01,PRD-V3M23A3QHDY0,CLI-KAFDZ3D7KWKU,Payment,Services,4995288.27,COP,1248.82,App,,,,Mexico,Guadalajara,Approved,00,False,9.31,,
TRX-PHBKTMRZZ3TWPL7DAFAN,2026-06-02 05:05:05,2026-06-01,PRD-U78B01N7QXTU,CLI-IHFEYXHTRPWM,Payment,Entertainment,6755305.92,COP,1688.83,ATM,SUC-X57ITSKO,,,Colombia,Barranquilla,Approved,00,False,,,
TRX-FWVP5U05EWGBEMRBCRIH,2026-06-01 14:33:13,2026-06-01,PRD-4RROIYAVMS5T,CLI-D2JO16GHUPDA,Deposit,,4974.06,USD,,ATM,SUC-PFXHRCSW,,,México,Ciudad de México,Approved,00,False,14.35,,
TRX-HF5ZU3TCDELR8T98S6FQ,2026-06-01 07:52:05,2026-06-01,PRD-3HWYR3O12V42,CLI-8TCZK250E0SB,Withdrawal,,299.96,USD,,ATM,SUC-8GXP9TIM,,,México,Ciudad de México,Approved,00,False,,,
TRX-R01BXTAZPOLVLF2L6BY3,2026-06-01 09:43:09,2026-06-01,PRD-N19LBT3NF737,CLI-8ASHYJJOFC8T,Payment,Transport,1654.83,USD,,Web,,,,México,Guadalajara,Approved,00,False,23.28,,
TRX-YU0D41MPJQFTQE86TRV0,2026-06-01 12:09:27,2026-06-01,PRD-UJRXLVZ8Q7CV,CLI-X3086QKWTX9Y,Purchase,Food,1464470.57,COP,366.12,Web,,Restaurante El Buen Sabor,Food,Colombia,Cartagena,Approved,00,False,19.8,,
TRX-CM82ELMAOOPFR5VRXARY,2026-06-01 10:42:49,2026-06-01,PRD-SI2DPJBXARDI,CLI-H3H0OGLRX7A5,Payment,Other,7544969.28,COP,1886.24,POS,,,,Colombia,Barranquilla,Approved,00,False,27.07,,
TRX-2VWUPP19XL67W6EWXHN8,2026-06-01 10:04:44,2026-06-01,PRD-Y17ZXNEZOIU0,CLI-89R57407Z1SX,Payment,Food,536.44,USD,,POS,,,,México,Querétaro,Approved,00,False,,0.6724648,-0.1352028
TRX-LVF5X9TYS8STFSQ6T1A9,2026-06-01 19:24:54,2026-06-01,PRD-GUVFSAOKZ0SA,CLI-2DZZ1FABXQVO,Withdrawal,,294.96,USD,,Web,,,,México,Puebla,Declined,05,False,,,
TRX-XWEYWBV155KSJZGP86K4,2026-06-02 03:17:25,2026-06-01,PRD-J7TPHBGJ9PJ0,CLI-24N8B32PE8J6,Withdrawal,,16974.82,ARS,48.5,Transfer,,,,Argentina,La Plata,Approved,00,False,25.2,,
TRX-SNWG3UM8IWU3G2QT9NXR,2026-06-01 07:42:12,2026-06-01,PRD-BWAKWNV4IZCM,CLI-0926H0KGYR7C,Withdrawal,,404.75,USD,,ATM,SUC-BGMBLKDB,,,México,,Approved,00,False,17.82,-0.8158331,-0.4832401
TRX-1V81JFOPWPE418LLW4XF,2026-06-02 02:53:35,2026-06-01,PRD-PHYDGU32XX6I,CLI-CLT01JCZ81LF,Purchase,Food,490689.82,COP,122.67,Web,,Super Ahorro,Food,Colombia,Cali,Approved,00,False,20.69,,
TRX-PRKC6V7XPYVIFWZ1ZQOW,2026-06-02 03:15:08,2026-06-01,PRD-A48UR3DDGIC0,CLI-K9AP2R3J84OG,Withdrawal,,333.82,USD,,App,,,,México,Puebla,Approved,00,False,,,
TRX-FZS9A2QIWYWDVOIL82NB,2026-06-02 05:20:52,2026-06-01,PRD-PUB2FY1FEBZZ,CLI-K4HM1SYKGWZO,Transfer,,37410821.33,COP,9352.71,ATM,SUC-U5SARN4H,,,Colombia,Barranquilla,Approved,00,False,6.24,,
TRX-VZLRBTD2TUJCT9X25T0X,2026-06-01 18:24:27,2026-06-01,PRD-HL5N092K6Y4A,CLI-0VB1JI0AUPBE,Payment,Other,1833.47,USD,,POS,,,,México,Querétaro,Approved,00,False,5.51,,
TRX-J4FKN848Z2C444VZ0QU9,2026-06-02 03:22:19,2026-06-01,PRD-8N6LI9G6ZIV7,CLI-CBD9TI7GIZ0U,Transfer,,4850.46,USD,,App,,,,México,Monterrey,Approved,00,False,27.51,,
TRX-UN9NJ0MTBPEOK0WQ1N24,2026-06-01 21:31:05,2026-06-01,PRD-EMUH64PQEKTO,CLI-AQ22TEEMKDRE,Transfer,,1107362.52,ARS,3163.89,ATM,SUC-7TUK3JBL,,,Argentina,Mendoza,Approved,00,False,20.46,-35.2061752,-59.344005
TRX-PEZF9HUMZY1GP3Z699HL,2026-06-01 07:59:35,2026-06-01,PRD-BRGIJLBUH3UZ,CLI-1I9U5B6K6NC0,Transfer,,2927186.15,COP,731.8,POS,,,,Colombia,Cali,Approved,00,False,,5.6478876,-73.473086
TRX-XPLMAPN4FJXWK3OAH444,2026-06-01 19:18:43,2026-06-01,PRD-YJ9YX136KETN,CLI-4ZQ1F5L8Z9U0,Purchase,Services,59583.54,ARS,170.24,Web,,Servicios Públicos,Services,Brazil,São Paulo,Approved,00,False,17.77,,
TRX-AIHVS4TLRB2K6EUPCT17,2026-06-01 12:59:21,2026-06-01,PRD-28U1DBOLJ78Y,CLI-KJAWFFBPQNJZ,Purchase,Other,324.27,USD,,ATM,SUC-552N76DP,Centro Comercial,Other,México,Puebla,Approved,00,False,11.06,,
TRX-9R0IPYTOEXBYLRIABZ2L,2026-06-01 11:20:52,2026-06-01,PRD-XDLD81WXKB8H,CLI-O0DPUF3HYY9V,Transfer,,13925683.47,COP,3481.42,App,,,,Colombia,Medellín,Approved,00,False,,,
TRX-Q7ZI4EW12BIXI1UON7UB,2026-06-01 09:32:06,2026-06-01,PRD-BYDCZHB1QYHO,CLI-3687W7R16PBW,Purchase,Health,191.84,USD,,App,,Laboratorio Central,Health,México,Guadalajara,Approved,00,False,0.31,,
TRX-0YXCQYTS814R6BYAYF0A,2026-06-02 05:55:19,2026-06-01,PRD-IDKCY1JE1RXH,CLI-K9QTRW6CGGQR,Deposit,,1225636.17,ARS,3501.82,POS,,,,Argentina,Rosario,Approved,00,False,8.06,,
TRX-H7RLMAMT2SABMPIC049N,2026-06-01 09:25:11,2026-06-01,PRD-T52OSRSBGBU1,CLI-JR3JH1WBNYZ9,Deposit,,3720.21,USD,,ATM,SUC-P92DIW6S,,,México,Ciudad de México,Approved,00,False,9.5,,
TRX-HOGXCGST7YVP3L8N3Z5R,2026-06-01 08:25:01,2026-06-01,PRD-U3J4EKOMQB38,CLI-VIXZUY9X8K1H,Payment,Transport,1809.76,USD,,POS,,,,Argentina,Rosario,Approved,00,False,13.46,,
TRX-GT87WHC5FQTGKFADTW6I,2026-06-01 19:35:55,2026-06-01,PRD-DWD9BPI7MJ81,CLI-XHN3Q1MOI658,Purchase,Services,138.06,USD,,App,,Servicios Públicos,Services,Mexico,Guadalajara,Declined,14,False,14.24,,
TRX-NM82VK4BK0670U0IAFS1,2026-06-01 09:56:43,2026-06-01,PRD-IL7S13DDJNBE,CLI-X6BMSBJ0GAO5,Purchase,Food,35.7,USD,,POS,,,Food,México,Ciudad de México,Approved,00,False,,,
TRX-9B4H0BVHV3SFCKYEGO7R,2026-06-01 10:19:46,2026-06-01,PRD-Z7CH4D2JKJ82,CLI-SS0VE5QEPVV4,Payment,Services,592.88,USD,,ATM,SUC-DN1V9J1Z,,,México,Tijuana,Approved,00,False,19.14,0.7022287,
TRX-8XMW8KJZR33QWF9CLGXP,2026-06-01 18:58:52,2026-06-01,PRD-6S51D0QEKH2K,CLI-X776ARDUSSTX,Payment,Services,1804.76,USD,,ATM,SUC-YZRQJS5X,,,México,Tijuana,Approved,00,False,12.85,,
TRX-AQ49D8Q1QSYH96TTG4LB,2026-06-01 16:46:11,2026-06-01,PRD-ARRTG06S2MPX,CLI-E2KB2HLANYX6,Transfer,,2215.84,USD,,ATM,SUC-3XWIPDZ3,,,México,Puebla,Approved,00,False,4.84,-0.0219606,0.9028973
TRX-42G8EZ02OE3KT77XGFOL,2026-06-01 17:15:38,2026-06-01,PRD-RA1GCKM3UFI9,CLI-KAUU6FBMR40E,Adjustment,,963.11,USD,,POS,,,,Brazil,São Paulo,Approved,00,False,18.77,-0.7932039,-0.9574767
TRX-RKNH8HKUJYJ865ZCXYUZ,2026-06-02 01:06:18,2026-06-01,PRD-OR618NC55BSR,CLI-5PIYDHC2HITJ,Withdrawal,,367.73,USD,,POS,,,,México,Puebla,Approved,00,False,25.59,,
TRX-J2IYJ32R5VEBLYPGDRL4,2026-06-02 05:55:23,2026-06-01,PRD-F64R92G0QINF,CLI-6K0IRB091G6Q,Transfer,,6973.28,USD,,ATM,SUC-2NNWC3AV,,,Colombia,Barranquilla,Approved,00,False,5.49,,
TRX-HZL76A0CXNFY7SDXK90G,2026-06-01 06:27:28,2026-06-01,PRD-YE89TJANSJQO,CLI-ABL73T72EGMB,Purchase,Food,113890.21,ARS,325.4,Web,,Tienda Don José,Food,Argentina,Córdoba,Approved,00,False,19.95,,
TRX-BL7WVW0VDZAH1LTAPVNA,2026-06-01 15:49:04,2026-06-01,PRD-SGGDTNU0NU8X,CLI-YJR2GSVSKQSH,Purchase,Services,132974.81,ARS,379.93,POS,,Cable TV,,Argentina,La Plata,Approved,00,False,23.25,,
TRX-PY3TKAKSRJZ7LH2WIE65,2026-06-02 02:21:17,2026-06-01,PRD-H4GB7R7YA2BY,CLI-Q7XPB965SF9M,Withdrawal,,458.86,USD,,Transfer,,,,México,Querétaro,Approved,00,False,13.26,,
TRX-UD45DANT3BAFD3PDFZ4U,2026-06-02 03:38:17,2026-06-01,PRD-KYO1JBVG31CU,CLI-5EVV36EE35EW,Purchase,Entertainment,66.42,USD,,ATM,SUC-9W1MT1C4,Teatro Nacional,Entertainment,México,Ciudad de México,Approved,00,False,12.13,0.5445095,-0.7092705
TRX-6NOXQJZP2M0GOLG64PEQ,2026-06-01 21:59:25,2026-06-01,PRD-ADFXRYQ8B596,CLI-1JWIXCFAU782,Withdrawal,,504394.04,COP,126.1,ATM,SUC-LBZFJAU6,,,Colombia,Medellín,Approved,00,False,11.26,,
TRX-IHC027YSVP9NVKWEFKF4,2026-06-01 15:52:51,2026-06-01,PRD-LIP1CVYFRSLS,CLI-NXGNRT5T4GWG,Payment,Transport,1214978.24,COP,303.74,POS,,,,Colombia,Bogotá,Approved,00,False,26.94,,
TRX-N3SVM9M5AC56AJ0SABK1,2026-06-01 11:15:15,2026-06-01,PRD-PM08DK3DBB3A,CLI-RR0RXTNFGPHE,Transfer,,4786.58,USD,,POS,,,,México,,Approved,,False,0.8,0.2960563,0.6059459
TRX-SHJQEV79RJCAYKDQESVV,2026-06-02 00:16:41,2026-06-01,PRD-12TR1PAG69W5,CLI-ASM7MVZG5MWO,Withdrawal,,114.24,USD,,ATM,SUC-UVQ9U0YO,,,Argentina,La Plata,Approved,00,False,25.52,-34.4500808,-57.4594794
TRX-OS76339K4ECU99Q1YP22,2026-06-02 00:49:04,2026-06-01,PRD-XYFQPGT07Y8W,CLI-ZD9KH1UNUF8U,Purchase,Other,1252788.19,COP,313.2,App,,Centro Comercial,Other,Colombia,Cali,Approved,00,False,16.48,,
TRX-JQALK5UKJ1V5RHW2BO3F,2026-06-02 04:29:35,2026-06-01,PRD-UDEPPGB0DEZD,CLI-TXYCRYJY3EII,Payment,Services,559494.53,ARS,1598.56,App,,,,Argentina,Buenos Aires,Approved,00,False,25.68,,
TRX-ZXGY3X4L4HS5H7UEADMO,2026-06-01 10:43:44,2026-06-01,PRD-BHHIHVZCPU3G,CLI-24ALMSZ81Z2T,Payment,Food,2608056.82,COP,652.01,Web,,,,Colombia,Bogotá,Approved,00,False,27.19,,
TRX-H1XMV1Y9TLNE391SDPUE,2026-06-02 01:21:01,2026-06-01,PRD-SNGBH069J8H8,CLI-19C4YNS4XHTT,Transfer,,350819.67,ARS,1002.34,Web,,,,Argentina,,Approved,00,False,19.42,,
TRX-RBOVGAVNNCIDUKYE9NR7,2026-06-01 10:08:07,2026-06-01,PRD-PNWKJNZPBN0K,CLI-CKYAN5458HX0,Payment,Services,159922.96,ARS,456.92,ATM,SUC-ISVYMZP9,,,Argentina,Rosario,Approved,00,False,19.35,,
TRX-EE8F7XJ1K32JMIST2WVS,2026-06-02 00:17:17,2026-06-01,PRD-V0IBIT91JVYI,CLI-SDVZS29Q5M3S,Deposit,,1646.48,USD,,POS,,,,México,Puebla,Declined,54,False,3.37,,
TRX-WX60MIV0JM2OAN04497X,2026-06-02 05:25:21,2026-06-01,PRD-7HMDXR8LI9UO,CLI-C5TPZ6EM2SBT,Withdrawal,,275.37,USD,,ATM,SUC-M3Y8BT51,,,México,,Approved,00,False,2.97,0.4089206,0.8292818
TRX-5K01KI07X6QLHS1Q5MB5,2026-06-01 08:04:58,2026-06-01,PRD-63O9VC7BZNTB,CLI-9WVJUUONKCWJ,Purchase,Services,343413.76,COP,85.85,POS,,,Services,Colombia,Cali,Approved,00,False,0.34,,
TRX-91CAKDNE0WVT63DKHBAH,2026-06-01 11:33:34,2026-06-01,PRD-UQQDFAXPTL4O,CLI-JHK4RUW6NJN2,Purchase,Entertainment,317.19,USD,,App,,Streaming Music,Entertainment,México,Guadalajara,Approved,00,False,18.6,,
TRX-8JLHENSL46WBQYMZQ9Y4,2026-06-02 04:33:10,2026-06-01,PRD-7KSYWWQOVKYY,CLI-SBC6ZG4OAPOZ,Transfer,,24386180.01,COP,6096.55,ATM,SUC-3FS5CHQJ,,,Colombia,Bogotá,Approved,00,False,24.8,,
TRX-HBK3QA8R9533JLBHZD10,2026-06-02 00:05:52,2026-06-01,PRD-TVS5TSEL8IM0,CLI-WW8P5J3V3EA7,Withdrawal,,101.21,USD,,POS,,,,México,Querétaro,Approved,00,False,10.81,,
TRX-N96H8DRXFTEW6GTASQ3P,2026-06-01 11:05:46,2026-06-01,PRD-QE8KSPRSA3MY,CLI-JEN6GUM5VDMD,Withdrawal,,415.23,USD,,ATM,SUC-M3Y8BT51,,,México,Tijuana,Approved,00,False,29.91,-0.8588523,-0.310388
TRX-X0GO3OK84YY31SLVI6V0,2026-06-01 09:17:31,2026-06-01,PRD-RQ4EH4Q0HKWW,CLI-US9YK2ECJNUI,Purchase,Food,169842.82,ARS,485.27,POS,,Tienda Don José,Food,Argentina,Rosario,Declined,05,False,1.76,,-59.0924794
TRX-WY2YPZEYA0WHGK24ODIS,2026-06-01 20:43:46,2026-06-01,PRD-LJ21K532JKF7,CLI-HLU36GLJ0ABE,Deposit,,1557778.09,ARS,4450.79,Web,,,,Argentina,La Plata,Approved,00,False,7.34,,
TRX-C94PO621WXWKQPREMC7J,2026-06-02 00:24:45,2026-06-01,PRD-R54V61QXS0TW,CLI-90DUN8867WXE,Purchase,Transport,154.91,USD,,POS,,Uber,,México,Guadalajara,Approved,00,False,,,
TRX-6Q3J6HALELFUSY89G9HR,2026-06-01 17:11:19,2026-06-01,PRD-UVMBBM4LZNYJ,CLI-1CV57AW6ZXNK,Purchase,Transport,213.85,USD,,ATM,SUC-OZH64PX1,Gasolinera Express,Transport,México,Querétaro,Approved,00,False,,,
TRX-IKLQI5HE31D7SKH0RT3B,2026-06-01 14:26:35,2026-06-01,PRD-CNYH9639PC5E,CLI-6N351S7VEJGA,Payment,Health,194290.78,ARS,555.12,POS,,,,Argentina,Mendoza,Approved,00,False,14.81,,
TRX-5M9BQTJV2BDW99TANTU7,2026-06-02 03:49:08,2026-06-01,PRD-EMS3E48SU0NM,CLI-Q1NS6FH4J2G5,Transfer,,2934337.21,ARS,8383.82,POS,,,,Argentina,La Plata,Approved,00,False,5.07,,
TRX-PNM600QE8DXQ7EGWE2ER,2026-06-01 22:13:16,2026-06-01,PRD-CE2XYWHDC8HV,CLI-WSTLBT0XJ5XK,Transfer,,3008.06,USD,,POS,,,,México,,Approved,00,False,,,
TRX-HCSEOUHXXFSEMDCGY1KL,2026-06-01 06:23:30,2026-06-01,PRD-A9PS47TBWJ10,CLI-HBMW75CJU2OA,Payment,Entertainment,540824.51,ARS,1545.21,App,,,,Argentina,Mendoza,Approved,00,False,11.61,,
TRX-C09EB85OXA93KAZ3JRAN,2026-06-02 02:47:52,2026-06-01,PRD-EEKXFYZWL0HL,CLI-ZGG9KQLV5S4Y,Deposit,,6547801.96,COP,1636.95,POS,,,,Colombia,Bogotá,Approved,00,False,4.31,,
TRX-P6VM5P71EDR1H2ZYR78G,2026-06-01 09:17:27,2026-06-01,PRD-N4CDDFR1V55T,CLI-4WUE3VGCTWET,Purchase,,399.32,USD,,POS,,Taxi Seguro,Transport,México,Guadalajara,Approved,00,False,3.21,-0.4145071,-0.4223376
TRX-6Y05DBO54CLJVYDQALKS,2026-06-01 06:43:38,2026-06-01,PRD-L027S58IWFI8,CLI-VKRL754Z6JJN,Purchase,Food,156989.32,ARS,448.54,App,,Tienda Don José,Food,Argentina,La Plata,Approved,00,False,7.16,,
TRX-OGHKJ6VEV9UF0KQR9DV2,2026-06-02 01:26:39,2026-06-01,PRD-TB4K4K96LW4I,CLI-K1AOKACOYTKW,Purchase,Entertainment,39.94,USD,,POS,,,Entertainment,México,Tijuana,Approved,00,False,23.66,,
TRX-JC4W1F6U9OZ1NLANRISW,2026-06-01 19:55:10,2026-06-01,PRD-VC06AWFQDRXK,CLI-OYSBABTLOG60,Deposit,,1483559.85,ARS,4238.74,POS,,,,Argentina,La Plata,Approved,00,False,,-34.7587776,-58.3274301
TRX-XZUJUASS9V87H7IHZM1E,2026-06-01 22:05:16,2026-06-01,PRD-VIK0RN9OOGYO,CLI-QCM0XPNK61XD,Deposit,,895203.68,ARS,2557.72,Web,,,,Argentina,La Plata,Approved,00,False,6.59,,
TRX-O2ELSTDAMYV8DUTRKC3J,2026-06-01 07:16:06,2026-06-01,PRD-D7IX1STEXZ3R,CLI-2HA88YR49CT6,Payment,Food,2156933.94,COP,539.23,Web,,,,Colombia,Cali,Approved,00,False,3.3,,
TRX-450X9FPMXWRKSPLTSSE4,2026-06-01 18:56:21,2026-06-01,PRD-FXPUF9EKCFD3,CLI-V3OOZTQHMNRJ,Deposit,,4731.67,USD,,App,,,,México,Ciudad de México,Approved,00,False,0.66,,
TRX-08P9FH91PE5EQ7O1JVA7,2026-06-01 21:41:19,2026-06-01,PRD-OKDR2EKFAPCT,CLI-WWXIBALVP41G,Withdrawal,,35.82,USD,,Transfer,,,,México,Puebla,Approved,00,False,27.12,,
TRX-EIQNOBFFLGAECL8JAEVX,2026-06-01 15:20:34,2026-06-01,PRD-6KS7I4XFUUGB,CLI-4WBTOZB2Q44T,Payment,Other,335.29,USD,,App,,,,México,Querétaro,Reversed,14,False,16.97,,
TRX-Y3EMKXQHBOD95CP879ZI,2026-06-01 20:41:52,2026-06-01,PRD-43PPVC4TAWU1,CLI-UL6Y0P0N6HZZ,Withdrawal,,394.19,USD,,ATM,SUC-I8M9CS2Y,,,México,Tijuana,Approved,,False,3.36,,
TRX-H1KC0YVC594PV3SO30RH,2026-06-02 02:16:52,2026-06-01,PRD-M3H9QU7LWE21,CLI-42ORR3JGXOBC,Transfer,,1838.27,USD,,POS,,,,México,Monterrey,Declined,51,False,17.66,-0.0999002,-0.6385594
TRX-XFX9WTPM4IYFCQ2XSYE3,2026-06-01 09:27:54,2026-06-01,PRD-5CY7C7U1H4FS,CLI-CQM8HRUK1CX0,Purchase,Other,385.56,USD,,Web,,Boutique Moda,Other,México,Monterrey,Approved,00,False,,,
TRX-5NLRGT0VKAFA8OK2M4J6,2026-06-01 12:55:49,2026-06-01,PRD-T8LP4I6MU95J,CLI-MZLVMA1YNS2Q,Deposit,,3038.64,USD,,Web,,,,México,,Approved,00,False,15.03,,
TRX-360KIXSOR2QWT2HLIW7V,2026-06-01 10:38:20,2026-06-01,PRD-5RNU4WNL02CI,CLI-LUULYTGOJXL3,Purchase,Health,115737.91,ARS,330.68,App,,Laboratorio Central,Health,Argentina,Rosario,Approved,00,False,,,
TRX-GQ6SZZ7KSCAS38DBBGJY,2026-06-02 05:21:21,2026-06-01,PRD-OTE4HUDBYP1N,CLI-FCSYS8DMVOXC,Transfer,,8973.15,USD,,ATM,SUC-WSSLNOPN,,,México,Puebla,Approved,00,False,,,
TRX-430WMD25QWSSZT9R8OTD,2026-06-01 07:46:16,2026-06-01,PRD-CB2DMNHJW9B0,CLI-CXQ7TNCLR3NX,Transfer,,3692.96,USD,,POS,,,,Argentina,Buenos Aires,Approved,00,False,,-34.2287317,-58.3314162
TRX-WOCPMAT9J86FPTUS64G7,2026-06-02 02:14:22,2026-06-01,PRD-CV15Z2N7N0F3,CLI-AZZGO7HGQ54J,Payment,Food,2703370.31,COP,675.84,POS,,,,Colombia,Cali,Approved,00,False,29.77,,
TRX-B4A7Z1RDICRG2DI6M010,2026-06-01 08:19:49,2026-06-01,PRD-XT02IN9PMPWK,CLI-FPE4O1DA8IZZ,Purchase,Other,56.54,USD,,POS,,Ferretería,Other,Argentina,Mendoza,Approved,00,False,16.35,,
TRX-ZATSJGNSMMA4PUZH5DSO,2026-06-01 13:54:00,2026-06-01,PRD-KKM5O76258NB,CLI-IH73KUYCCC3N,Deposit,,4256.77,USD,,POS,,,,México,Querétaro,Approved,00,False,25.06,-0.7559834,-0.136395
TRX-UPK9USQJBBJAJ8IA62P7,2026-06-01 06:58:13,2026-06-01,PRD-ON3DZYCLKIO0,CLI-PN1XQ2F35Z29,Deposit,,11411751.81,COP,2852.94,Web,,,,Colombia,Bogotá,Declined,54,False,28.48,,
TRX-3I9AR12CZ60UF15PZ0MO,2026-06-01 10:56:38,2026-06-01,PRD-KNV4RBLBFKSE,CLI-WG7WVLCZR3CN,Withdrawal,,432.47,USD,,POS,,,,México,Tijuana,Approved,00,False,21.92,-0.2377511,0.5523512
TRX-RSFGYY0WTE6SVBG48EFC,2026-06-01 06:05:42,2026-06-01,PRD-3CMBJ322UQ0L,CLI-11K8YBZV17W7,Purchase,Food,490402.88,COP,122.6,POS,,Mercado Central,Food,Colombia,Barranquilla,Approved,00,False,16.55,4.0481191,-73.8261191
TRX-YP3JTIHEZR7WTHOU9LTZ,2026-06-01 15:34:28,2026-06-01,PRD-IMLTPEZH1HFP,CLI-TP1QXI0QZID9,Deposit,,16971258.33,COP,4242.81,ATM,SUC-A1FLMPEF,,,Colombia,Cali,Approved,00,False,17.92,5.0052211,-73.9254726
TRX-Q1B102Y7BO37RBXIR1U5,2026-06-02 03:33:57,2026-06-01,PRD-HSSPP897EUXD,CLI-UU7MFAHBIX5N,Purchase,Food,264554.76,COP,66.14,ATM,SUC-H24HUACK,Super Ahorro,Food,Colombia,Medellín,Approved,00,False,12.04,4.4284698,-73.1989585
TRX-SI0Z68QWEQTCRTAP61RB,2026-06-01 11:19:58,2026-06-01,PRD-2YU9N9XG4SFD,CLI-7VJNERHFQAB5,Withdrawal,,235.45,USD,,App,,,,México,Puebla,Approved,00,False,15.34,,
TRX-98ZHK06XO6KB38K1MBF7,2026-06-01 17:23:15,2026-06-01,PRD-CK57HFYGAJNW,CLI-85DOHTRFUGAY,Withdrawal,,1801707.25,COP,450.43,POS,,,,Colombia,Cali,Approved,00,False,8.95,,
TRX-P0517FJQ07VEUFUTEHMQ,2026-06-02 02:32:25,2026-06-01,PRD-KJK6M7WRZYFO,CLI-CV5AC7J0NR0L,Purchase,Transport,417.44,USD,,ATM,SUC-S3V4CSL0,Gasolinera Express,Transport,México,Guadalajara,Approved,00,False,29.31,,
TRX-1NNPMIMH2SXEV5B4FHF6,2026-06-02 00:41:45,2026-06-01,PRD-YVMIALLDP8DS,CLI-VX7OTR7O79CS,Transfer,,8663.47,USD,,ATM,SUC-BDUHNO9T,,,México,Puebla,Approved,00,False,9.82,,
TRX-JXUAYVBMT05JTRC76L3I,2026-06-01 14:53:42,2026-06-01,PRD-PB1ECZ0OZJQK,CLI-DG9Z4JO6JCOK,Payment,Food,1888.3,USD,,ATM,SUC-CGL8D37U,,,México,Ciudad de México,Declined,54,False,18.57,,
TRX-810EBW92RCI0J9MJZW2F,2026-06-01 09:41:59,2026-06-01,PRD-IMRFRWACQSJR,CLI-KX30C8NMXYC4,Deposit,,2705.94,USD,,POS,,,,México,Tijuana,Approved,00,False,0.83,,
TRX-TIOS45W7JKUL6SD9GZGZ,2026-06-01 11:06:02,2026-06-01,PRD-UZP4IF0P94BR,CLI-P0HQ69WF11OZ,Purchase,Services,304.69,USD,,App,,Empresa Telefónica,Services,México,,Approved,00,False,27.83,,
TRX-9VK1SD95R9FIQJ4Q2G73,2026-06-01 15:23:43,2026-06-01,PRD-LJA0CMUW6N3N,CLI-WD0NSL1LLGEE,Withdrawal,,238.33,USD,,POS,,,,Brazil,Salvador,Approved,00,False,17.75,0.7191577,-0.7329303
TRX-N8L5LPWTC3BXOZG929DL,2026-06-02 04:47:52,2026-06-01,PRD-8RO6DULG25TN,CLI-J89RCSGRN2Z1,Transfer,,3089636.91,ARS,8827.53,POS,,,,Argentina,La Plata,Approved,,False,20.93,,
TRX-F8H0KZPBE59QTG1QVP1A,2026-06-01 08:31:45,2026-06-01,PRD-UKUJGAON4MQ7,CLI-MKEI8MZ3UAYO,Payment,Services,1222.34,USD,,POS,,,,México,Guadalajara,Approved,00,False,13.98,,
TRX-M7AP0E8BGTHFNVGAB4FD,2026-06-01 14:49:00,2026-06-01,PRD-Q47PRG17D4D9,CLI-V46NEBX2ORFM,Deposit,,3520.56,USD,,ATM,SUC-YZRQJS5X,,,México,Tijuana,Approved,00,False,11.02,0.9411454,0.9511116
TRX-HW40OUR9K2X1VCYKGJ19,2026-06-01 11:24:58,2026-06-01,PRD-88L13KO4FVZ9,CLI-26OG0B1OWOQD,Transfer,,6579.66,USD,,POS,,,,Argentina,,Approved,00,False,18.67,,
TRX-FH0UFOLYJUEGV1ZG41GN,2026-06-01 14:03:00,2026-06-01,PRD-W264HQ2XVAFP,CLI-7WAECNZ8CT5V,Withdrawal,,1888645.93,COP,472.16,Web,,,,Colombia,Cali,Declined,14,False,6.22,,
TRX-VGFHGG6JCZTHMHE6RGCJ,2026-06-01 14:10:01,2026-06-01,PRD-5QLKOWW0NYUK,CLI-RVQKUPBMAHGX,Adjustment,,229.62,USD,,POS,,,,México,Querétaro,Approved,00,False,,,
TRX-PJQWLS6YHCW0RIRX4366,2026-06-01 21:31:42,2026-06-01,PRD-GMOJ3XH1UJUW,CLI-5Z5AEHOINTP4,Purchase,,1534019.54,COP,383.5,ATM,SUC-QTKN7Z0R,Super Ahorro,Food,Colombia,Medellín,Approved,00,False,11.47,,
TRX-T4G9DWUG7PLRN7WBDH1N,2026-06-01 13:07:27,2026-06-01,PRD-FNMNBRDPDD2E,CLI-5NN99TS0BMZC,Withdrawal,,406.75,USD,,POS,,,,México,Querétaro,Approved,00,False,,,
TRX-P00F7XIP5RLRMFM9A34V,2026-06-02 02:45:56,2026-06-01,PRD-FY7CCYBC1TQS,CLI-VB2KORBCQLPH,Payment,Services,1405.87,USD,,POS,,,,México,Puebla,Approved,00,False,15.29,0.375936,
TRX-ZRSK02OHW6EW94LKTZVS,2026-06-01 16:57:57,2026-06-01,PRD-IJYWGXEXH7YL,CLI-200H4Q29Q7CZ,Purchase,Food,1867209.9,COP,466.8,App,,Super Ahorro,Food,Colombia,Cali,Approved,00,False,22.94,,
TRX-ZDUZF3U2C7ECOXHMECZH,2026-06-01 12:44:17,2026-06-01,PRD-A5V3A6E01QPY,CLI-C5BJUXYL1LLS,Withdrawal,,217824.45,COP,54.46,POS,,,,Colombia,Cartagena,Approved,00,False,29.7,4.4422706,-74.8101629
TRX-KFWW2ZH00ATZPTX71A15,2026-06-01 13:42:15,2026-06-01,PRD-XY2XEBBYYRKB,CLI-M01N8NFHGFBI,Purchase,Transport,259285.43,COP,,POS,,Gasolinera Express,Transport,Colombia,Cali,Approved,00,False,18.03,,
TRX-3R2QUL6B4MTMJ9LWSAL2,2026-06-01 11:06:04,2026-06-01,PRD-SZBVIRE2EXLN,CLI-D5UV4V1K3DN2,Withdrawal,,329.39,USD,,ATM,SUC-R1MU0X5G,,,México,Monterrey,Approved,00,False,,,
TRX-KF6M3VY5O649W5PCE6XS,2026-06-01 19:21:14,2026-06-01,PRD-T495TBOOAPEU,CLI-TZHZA5OHEYDT,Adjustment,,308.54,USD,,POS,,,,México,Tijuana,Approved,00,False,,,
TRX-4B3BQX4DE2Q0E60YXOEL,2026-06-01 12:15:48,2026-06-01,PRD-98JRJPIZL514,CLI-640J0F2AKKOD,Purchase,Food,361.53,USD,,App,,Restaurante El Buen Sabor,Food,México,Guadalajara,Approved,00,False,,,
TRX-59BRX5WNS4QD5WTYYDT1,2026-06-01 06:00:29,2026-06-01,PRD-TYOZ0HZ0ZFQ1,CLI-YO3Y3D7TYXPZ,Purchase,Food,623319.6,COP,155.83,Web,,Tienda Don José,Food,Colombia,Barranquilla,Approved,00,False,23.62,,
TRX-YSSZW2E7DIEI1AC4VBU6,2026-06-01 18:18:18,2026-06-01,PRD-AKGN727V6M8V,CLI-22ENBSTWJ5QG,Payment,Food,1165.25,USD,,ATM,,,,México,Querétaro,Approved,00,False,11.48,,
TRX-W114CNEDHSXVOXRQF10W,2026-06-02 00:59:51,2026-06-01,PRD-5QR6Q76NT660,CLI-NXT347QRMHNB,Withdrawal,,29.93,USD,,Branch,SUC-6IDFK4L9,,,México,Monterrey,Approved,,False,11.94,-0.3734019,-0.7534545
TRX-AWRMZEKL931RDS9P98GK,2026-06-01 10:33:06,2026-06-01,PRD-BQ9WN4NYKRVG,CLI-9UGOORR88B6Y,Payment,Services,4087552.02,COP,1021.89,POS,,,,Colombia,Barranquilla,Declined,05,False,17.22,,
TRX-3QH3ZXGUT8K8AMVFH8H6,2026-06-01 16:40:25,2026-06-01,PRD-ZJV8AOUXBK2Q,CLI-M8K7TBDGK9DU,Purchase,Services,1138860.2,COP,284.72,POS,,,Services,Colombia,Barranquilla,Approved,00,False,,,
TRX-32DFOFTK0MI6ZF2RKICU,2026-06-01 14:03:45,2026-06-01,PRD-O70KQ7QOTQ1H,CLI-Z10KUEO5OL52,Transfer,,1219276.47,ARS,3483.65,Web,,,,Argentina,La Plata,Approved,00,False,,,
TRX-EULJUI9IKN4PKOYEPD2N,2026-06-01 17:15:44,2026-06-01,PRD-QUENMYH1KZW5,CLI-P1UJR3C6RF5L,Purchase,Services,391504.81,COP,97.88,Web,,Cable TV,Services,Colombia,Cali,Approved,00,False,1.19,,
TRX-XOHPSZKLFWMA6AW9M90K,2026-06-01 19:33:50,2026-06-01,PRD-OLVOMIKC5E1C,CLI-QAKVF09Q6SPO,Withdrawal,,358247.22,COP,89.56,ATM,SUC-UJA1ZE8Q,,,Colombia,Bogotá,Approved,00,False,5.05,,
TRX-R74Q2CHGS79MKASQURJ4,2026-06-01 16:16:48,2026-06-01,PRD-3BEKISP6IZTN,CLI-IMK91891K7KY,Purchase,Food,320.5,USD,,Transfer,,Tienda Don José,Food,México,Monterrey,Approved,00,False,,,
TRX-89CQDJL4YTIHZCMS6GOE,2026-06-01 11:03:15,2026-06-01,PRD-FBG32W0PRXVA,CLI-NRHCJBQ1K3AR,Deposit,,1606380.18,ARS,4589.66,POS,,,,Argentina,Córdoba,Approved,00,False,7.95,,
TRX-E0P8RV2YNV9V8A591EHJ,2026-06-01 13:24:51,2026-06-01,PRD-GXMUBGAQDFX8,CLI-2FT9UU5SI5Z3,Payment,Services,1326.57,USD,,POS,,,,México,Puebla,Approved,00,False,7.07,0.5776331,0.9071944
TRX-QEHLVXGEWW1D8627HN7E,2026-06-01 22:22:28,2026-06-01,PRD-9XMOUL7ZGMPM,CLI-QVNOLBZTG8WH,Transfer,,3717398.77,COP,929.35,App,,,,Colombia,Cartagena,Approved,00,False,,,
TRX-TFLHOTZTO7YJYZL8NQ9R,2026-06-01 08:58:53,2026-06-01,PRD-3L9W166VOWOP,CLI-GQ3R1T18M2L6,Payment,Food,1992.6,USD,,POS,,,,México,Tijuana,Declined,05,False,2.83,,
TRX-K0IO5QPCZ5HN6M2O9J3M,2026-06-01 09:27:28,2026-06-01,PRD-Z927SZQ8UI7B,CLI-7JX0N5JYFMFJ,Purchase,Other,289.63,USD,,POS,,Tienda General,Other,México,Tijuana,Approved,00,False,24.8,0.4662961,0.8293394
TRX-0OKW0FO8H2HCSNQOTY0V,2026-06-01 17:43:39,2026-06-01,PRD-26UQTUI9ZP0B,CLI-20K04SP4124X,Withdrawal,,11142.33,ARS,31.84,ATM,SUC-4JYR8GOV,,,Argentina,Mendoza,Approved,00,False,10.16,,
TRX-YI9V9TM83JKKRNZZKAB7,2026-06-01 20:07:18,2026-06-01,PRD-2DJH6W7Z0WEQ,CLI-NCKA7XNCIP1Y,Transfer,,9815.34,USD,,ATM,,,,México,Querétaro,Approved,00,False,28.04,0.5162885,0.6592144
TRX-9TB4BPZYM24A94SWMOOA,2026-06-01 13:03:39,2026-06-01,PRD-ZFEA3ABO8CXD,CLI-A2GK7SGE4M39,Deposit,,4177.67,USD,,POS,,,,México,Tijuana,Approved,00,False,26.11,,
TRX-UHQ84W7KQS9E4BA5SI0P,2026-06-01 10:56:54,2026-06-01,PRD-BWQJAT9XH8LB,CLI-B769AYCWNR3F,Purchase,Other,178.88,USD,,POS,,Boutique Moda,,México,Querétaro,Approved,00,False,25.21,,
TRX-LFXGLEOTCAIUAP96B86R,2026-06-01 06:21:23,2026-06-01,PRD-U6HXJGNSDROG,CLI-S5VAHHF3USD8,Transfer,,6283.37,USD,,Transfer,,,,Colombia,Cartagena,Approved,00,False,,,
TRX-DWSMOOJ8XLT34DC8KEQ9,2026-06-01 07:51:54,2026-06-01,PRD-1X8R7BU71ZAT,CLI-W7ADQF35BAGP,Transfer,,8279.86,USD,,POS,,,,México,,Approved,00,False,20.27,,
TRX-6XAUBAQRUG65ES2AEIAK,2026-06-01 11:27:10,2026-06-01,PRD-FB5Z7ZSC5I75,CLI-5YCS4UIF9E3L,Transfer,,7627.0,USD,,ATM,SUC-3XWIPDZ3,,,México,Ciudad de México,Declined,54,False,29.92,,
TRX-MBU14R1HLQZJYJ808GQ6,2026-06-01 20:40:13,2026-06-01,PRD-YSZL4DCW54V3,CLI-AHHUZZHL3T2L,Transfer,,13377019.22,COP,3344.25,POS,,,,Colombia,Bogotá,Approved,00,False,2.66,,
TRX-FHCR2D4X9N3LL2QF63GE,2026-06-02 02:21:09,2026-06-01,PRD-8A2V1GI2467Z,CLI-6O24KXKHI2XA,Withdrawal,,20602.28,ARS,58.86,POS,,,,Spain,Sevilla,Approved,00,False,17.57,,
TRX-OXB8B1G3GR45PI3OVR57,2026-06-01 19:28:13,2026-06-01,PRD-HTZS5UT98BKN,CLI-TU5CTVVPLP8X,Purchase,Other,125259.32,ARS,357.88,ATM,SUC-TUCFOESJ,Ferretería,Other,Argentina,Buenos Aires,Approved,00,False,20.62,-34.4368668,-58.6572959
TRX-OKTIC4HEJ17A4N5I87ZH,2026-06-01 07:31:07,2026-06-01,PRD-UYGR50WJG9I9,CLI-BF6ML4ISWQ6Y,Deposit,,318105.79,ARS,908.87,ATM,SUC-O09F6PWJ,,,Argentina,Córdoba,Approved,00,False,29.71,,
TRX-O7KCF46ODMMHTJTSRIKU,2026-06-01 07:06:11,2026-06-01,PRD-67IS9476NU2H,CLI-5T5U8MNQM349,Deposit,,977.48,USD,,Transfer,,,,Colombia,Medellín,Approved,00,False,18.89,,
TRX-9IFKIO3E4XNBD19HQI1T,2026-06-02 01:32:23,2026-06-01,PRD-C4HIWP9W7N1C,CLI-X2EZKG5OQOPQ,Purchase,Services,40.73,USD,,App,,Servicios Públicos,Services,México,Querétaro,Approved,00,False,0.17,,
TRX-5CXKOXOUYV3IISPUXFSX,2026-06-01 10:47:55,2026-06-01,PRD-MTX236MQ4FSA,CLI-2OM99K5SNU3Z,Deposit,,1320.13,USD,,ATM,SUC-WSUW783S,,,México,Guadalajara,Approved,00,False,17.02,,
TRX-O2ALJYQ2JVVTXXS1XDVQ,2026-06-01 21:37:49,2026-06-01,PRD-S7XZK8THULUE,CLI-4GDSX7IUCY18,Purchase,Other,34.2,USD,,POS,,Centro Comercial,Other,México,Querétaro,Approved,,False,18.16,,
TRX-CXXFD4A31NFD6R672Z8A,2026-06-02 01:41:44,2026-06-01,PRD-8NMDXM8ILRF5,CLI-GH0ZVCXOP0OB,Purchase,Transport,337.71,USD,,POS,,Taxi Seguro,Transport,México,Ciudad de México,Approved,,False,24.96,0.7444744,-0.2319211
TRX-193A80BGFIFAO53GI0O5,2026-06-01 07:49:00,2026-06-01,PRD-6IK5G28TZUK5,CLI-4MBH35MYFGLX,Transfer,,7315.8,USD,,Web,,,,Colombia,,Approved,00,False,11.15,,
TRX-GKUZR4EQCNEHA93OY8OT,2026-06-01 17:02:33,2026-06-01,PRD-F36ND0WK89F2,CLI-IKB42CMZM8G4,Purchase,Health,1828550.46,COP,457.14,POS,,Laboratorio Central,Health,Mexico,Ciudad de México,Approved,00,False,5.89,,
TRX-BA3900402G33GDQI8SMU,2026-06-01 07:19:13,2026-06-01,PRD-AOQQKH8O8W01,CLI-FD8CSU9L6IGB,Purchase,Food,1537019.83,COP,384.25,POS,,Super Ahorro,Food,Colombia,Bogotá,Approved,00,False,7.48,,
TRX-59BH9YBC53ZJ70WNBXS2,2026-06-02 00:21:23,2026-06-01,PRD-KJIA147BQZJW,CLI-OD1EH2M1MW6V,Withdrawal,,188.62,USD,,ATM,SUC-HFPBAT4U,,,México,Monterrey,Approved,00,False,,-0.1962802,
TRX-0P2FBBESPJ9BQEMYYCUW,2026-06-01 16:19:44,2026-06-01,PRD-R7LMCKFZYKK8,CLI-MYFYYWP6OD6I,Transfer,,9019.94,USD,,Web,,,,México,Puebla,Approved,00,False,22.35,,
TRX-0YNBRZSGTWJU75I5JU7M,2026-06-01 06:07:48,2026-06-01,PRD-SE75C7XLEQ65,CLI-9VMGBRUML6RE,Withdrawal,,451.99,USD,,App,,,,México,Querétaro,Declined,05,False,17.53,,
TRX-HEUMXOW3GI44DBO9DKW9,2026-06-01 10:11:48,2026-06-01,PRD-40Y8FG26MO2H,CLI-U60GSSV1KSKD,Transfer,,1360.42,USD,,App,,,,México,Puebla,Approved,00,False,23.34,,
TRX-A8796U81C5169551BMKL,2026-06-02 02:37:49,2026-06-01,PRD-H1OX7KW7DF68,CLI-QYYVZ2NTPHK3,Deposit,,1566894.39,ARS,4476.84,POS,,,,Argentina,La Plata,Approved,00,False,8.23,,
TRX-GXUZ4KECNNS8RCBM4RTO,2026-06-02 02:03:46,2026-06-01,PRD-64MU6N6YCXDT,CLI-G6S1CDP3MTT0,Purchase,Transport,280.6,USD,,Web,,Uber,Transport,México,Querétaro,Approved,00,False,9.64,,
TRX-2NHYF20HU3ZECYBK4XWH,2026-06-01 10:28:56,2026-06-01,PRD-QKUM3OBDX7E7,CLI-D3GZJXT7NPTS,Purchase,Transport,1812330.91,COP,453.08,ATM,SUC-GPTCLR0Q,Estación de Servicio,Transport,Colombia,Bogotá,Approved,00,False,19.67,,
TRX-FE99HDMBXIXM6HSFPJFS,2026-06-01 17:49:04,2026-06-01,PRD-QPXROL6JB0RV,CLI-CMYQPPBPVRBC,Withdrawal,,442.59,USD,,ATM,SUC-12NKB9OB,,,México,Querétaro,Approved,00,False,10.82,,
TRX-M67Z1ZD2VVCEAWZJ20C6,2026-06-01 12:31:07,2026-06-01,PRD-8XKYOVORCHRF,CLI-YMKSDRO767RH,Deposit,,337.14,USD,,Transfer,,,,México,Tijuana,Approved,00,False,13.55,,
TRX-WVOWVWH3LIOYE9S9SI9E,2026-06-02 05:48:55,2026-06-01,PRD-4MI4K80BL09Q,CLI-NGDB3TMRGTME,Deposit,,4139.62,USD,,ATM,SUC-7TVQFT2O,,,México,Monterrey,Approved,00,False,6.41,,
TRX-LAKWW5FDTD70434LEEJ6,2026-06-01 21:28:51,2026-06-01,PRD-71HYBSIUQDJL,CLI-XEVRQ48ENFLX,Payment,Food,489.14,USD,,ATM,SUC-DL6TAAQL,,,México,Monterrey,Approved,00,False,2.24,,
TRX-8QP1AP18BLNXPRACCTNA,2026-06-01 08:48:41,2026-06-01,PRD-MMMDQ475DJ8G,CLI-44Y057DL5UAD,Purchase,Other,79.76,USD,,POS,,Ferretería,Other,Colombia,Cali,Approved,00,False,3.03,,
TRX-FS2K4QVNMI42TWHTX2PN,2026-06-01 21:35:22,2026-06-01,PRD-QWVJHX4IN13W,CLI-M4KUBSXJ9ZKY,Purchase,Other,60411.79,ARS,172.61,ATM,SUC-OSJVEL9O,Boutique Moda,Other,Argentina,La Plata,Approved,00,False,23.74,-34.3681459,
TRX-IQIGQDWMBNKCWEAM5OP4,2026-06-01 22:16:24,2026-06-01,PRD-JG50REHD6F2S,CLI-WOKPBQZ0P5EQ,Deposit,,1453.78,USD,,Web,,,,México,Querétaro,Approved,00,False,2.61,,
TRX-3X5X1U3HPQHI5PUPZSGW,2026-06-01 07:48:43,2026-06-01,PRD-5E16W389ZZ27,CLI-KYNVAV328E0P,Transfer,,5111.12,USD,,ATM,SUC-KI33JLSV,,,USA,Houston,Approved,00,False,,,
TRX-GIQUGUXWYN6NW0BK4AHV,2026-06-02 05:33:58,2026-06-01,PRD-8RGVQ9L1S4WY,CLI-I0PWCRZ22JQQ,Withdrawal,,868043.16,COP,217.01,ATM,SUC-I7CB5PA8,,,Colombia,Barranquilla,Approved,00,False,13.07,,
TRX-4M3GATHQZYE3VXN045J6,2026-06-02 00:58:08,2026-06-01,PRD-RDCKUMMUYXJX,CLI-GKM95U5DWX7N,Withdrawal,,1828948.83,COP,457.24,POS,,,,Colombia,,Approved,00,False,1.82,,
TRX-JTZF11VVKD3K84R4TIX7,2026-06-02 01:36:52,2026-06-01,PRD-VRJ3DAEA9079,CLI-31R0TBN4CCQ5,Purchase,Transport,116.1,USD,,Web,,,Transport,México,,Approved,00,False,1.46,,
TRX-T0ZQOIE0D3F57JVP2JA9,2026-06-01 16:26:02,2026-06-01,PRD-ILJ8NG4HSDBJ,CLI-OXP8PBSHJMTO,Transfer,,8779.53,USD,,POS,,,,México,Ciudad de México,Declined,54,False,25.59,-0.9514414,0.0265151
TRX-OR4EHMMDDWHB0QHYZ3TM,2026-06-01 13:49:29,2026-06-01,PRD-S3C25TJBDEJ7,CLI-YJ3ZNQYNOTM2,Withdrawal,,69542.2,ARS,198.69,App,,,,Argentina,Mendoza,Approved,00,False,17.5,,
TRX-8LPESUCLDVNVUTQUONMW,2026-06-01 19:40:46,2026-06-01,PRD-O1MH79UXI2DG,CLI-UZC1LK0XE08U,Transfer,,7888.07,USD,,ATM,SUC-JDSJM3BZ,,,México,Guadalajara,Approved,00,False,26.28,,
TRX-4VI6MUTMV31590VBDH2U,2026-06-01 12:19:09,2026-06-01,PRD-TKTKMH0Z51ST,CLI-XCRGQBO2C393,Deposit,,19461358.29,COP,4865.34,ATM,SUC-YAQTMQ56,,,Colombia,Bogotá,Approved,00,False,24.92,,
TRX-MJV17HCY5L8XHXLCVMU3,2026-06-01 10:03:55,2026-06-01,PRD-04FVS5RLJKL6,CLI-0UO2K28JP46D,Transfer,,3059.83,USD,,App,,,,Argentina,La Plata,Approved,00,False,6.4,,
TRX-8ZV6MB6HBFYS59UHO1EJ,2026-06-01 07:18:21,2026-06-01,PRD-VA92G6UDJD9T,CLI-M50JY8VQ4W22,Withdrawal,,1491373.33,COP,372.84,ATM,SUC-1NFIF0G0,,,Colombia,Cartagena,Approved,00,False,9.48,,
TRX-63BUUN4YSPPDD4UKV9CH,2026-06-01 14:47:22,2026-06-01,PRD-OD3BQJNMJNZR,CLI-ARULZ7LHRS8Q,Deposit,,1716.66,USD,,POS,,,,México,Tijuana,Approved,00,False,18.98,-0.1133055,-0.698688
TRX-JJLZZWVN92JWJE0IZDLQ,2026-06-01 14:13:56,2026-06-01,PRD-FYWLZNY511X4,CLI-SYLH7KO7RVUU,Purchase,Food,81.47,USD,,ATM,SUC-CBL7ISR7,Restaurante El Buen Sabor,Food,Colombia,Medellín,Approved,00,False,2.78,,
TRX-LRYXL0ADA2ECHK6WYC11,2026-06-01 22:36:19,2026-06-01,PRD-EARBK99APC3V,CLI-XGIGFHHTQYFE,Purchase,,168831.41,ARS,482.38,POS,,Farmacia Salud,Health,Argentina,Mendoza,Approved,00,False,14.74,,
TRX-XCFWEPB6SNIO33EHEDVH,2026-06-01 10:20:43,2026-06-01,PRD-JP8WVGC9NOC0,CLI-KBFB8WVZ9JKI,Purchase,,39.66,USD,,POS,,Tienda General,Other,México,Querétaro,Approved,00,False,10.92,,
TRX-AVPEWQPR3VRO710P0CSG,2026-06-01 15:35:57,2026-06-01,PRD-PFGKU3O8VBAQ,CLI-E18TMUJHP2Q7,Transfer,,6447.94,USD,,POS,,,,México,Ciudad de México,Approved,00,False,,-0.5660595,-0.9611556
TRX-HR4KJ908VZJ50W53S1ZC,2026-06-02 04:15:45,2026-06-01,PRD-2VLX2E2YOCY0,CLI-A02AV14XNYD1,Deposit,,3168.16,USD,,POS,,,,México,Monterrey,Approved,00,False,4.82,,
TRX-X2YCLA0896R64WOAKMKD,2026-06-01 16:41:26,2026-06-01,PRD-55PI5GOUJYRQ,CLI-NE5G5JTHC51M,Withdrawal,,132085.79,ARS,377.39,POS,,,,Argentina,Córdoba,Approved,00,False,2.36,,
TRX-YMBURKIVCVYBVP099BZ3,2026-06-01 23:04:07,2026-06-01,PRD-2KAZ2QB23C7E,CLI-M9PKNM1J0GZE,Deposit,,3116.95,USD,,POS,,,,México,Ciudad de México,Approved,00,False,6.68,-0.5402536,-0.0342029
TRX-QWLET0YC754QZZVTRJBF,2026-06-01 15:43:38,2026-06-01,PRD-A74H61XGG3YN,CLI-6QA68CQR5JAP,Purchase,Entertainment,452.93,USD,,ATM,SUC-XV1N3YM9,Conciertos Live,Entertainment,México,Monterrey,Approved,00,False,,,
TRX-0FMABNF0GH7DM81E2HY3,2026-06-01 07:20:15,2026-06-01,PRD-4XSTYB19KH6F,CLI-1M0PY3H4Y3OJ,Withdrawal,,294.07,USD,,App,,,,México,Guadalajara,Approved,00,False,24.3,,
TRX-FRR3TUBJSI1S3J5ZABYT,2026-06-01 06:13:47,2026-06-01,PRD-9VJED8SXXCQA,CLI-9BJKAS03XMOF,Purchase,Food,59361.51,ARS,169.6,ATM,SUC-3JIR51SL,Restaurante El Buen Sabor,Food,Argentina,La Plata,Declined,05,False,13.28,-34.6535004,-58.8634311
TRX-HZ8FH75MHW0IWPZLZBSD,2026-06-01 06:39:35,2026-06-01,PRD-HDK7WCVRUTO7,CLI-1EDU62XUZ3N6,Payment,Transport,536.06,USD,,POS,,,,México,Guadalajara,Approved,00,False,,,
TRX-VG052DE2LTOPSH8ZPV26,2026-06-02 03:58:26,2026-06-01,PRD-3QPFLJU714VK,CLI-7I8IM463KZZH,Withdrawal,,283.13,USD,,POS,,,,México,,Approved,00,False,8.73,,
TRX-UXRRGC6K22J7C9N7QJ88,2026-06-01 10:17:21,2026-06-01,PRD-LMAKSM22SLCJ,CLI-GLWVDQ9ZIJLT,Purchase,Entertainment,167353.68,ARS,478.15,Branch,SUC-XHNP3DLP,Teatro Nacional,Entertainment,USA,New York,Approved,00,False,5.26,,
TRX-AFTMGLNOPH28Y292ZN3F,2026-06-01 13:54:09,2026-06-01,PRD-WP29DCI4XTGS,CLI-VF3T8P4JZ4SA,Transfer,,1249.81,USD,,POS,,,,México,,Approved,00,False,8.41,0.5133873,0.8835912
TRX-RMUQZS3F2EZZ1CU2Q68G,2026-06-01 20:24:12,2026-06-01,PRD-TRDAZX79DOR6,CLI-MR371ZFG7IX7,Transfer,,2864974.29,COP,716.24,POS,,,,Colombia,Barranquilla,Approved,00,False,,,
TRX-TSM219WAIWD3TCSS9VSG,2026-06-01 08:16:59,2026-06-01,PRD-35JMCPI7O8UB,CLI-71UIJ8D7LM25,Purchase,Food,427.09,USD,,App,,Super Ahorro,,México,,Approved,00,False,,,
TRX-WC59RJ2TEIM2EZHAPN3S,2026-06-01 13:59:21,2026-06-01,PRD-L6L4PCQKHK0B,CLI-OJGLGU9PCNPX,Transfer,,16621043.19,COP,4155.26,App,,,,Colombia,Barranquilla,Approved,00,False,,,
TRX-W2Z4KMNEJXEP3GFYYIFY,2026-06-02 03:56:23,2026-06-01,PRD-JHOSQH7XIBFY,CLI-288URABL3RHN,Deposit,,811.47,USD,,POS,,,,México,Querétaro,Approved,00,False,12.34,0.0024494,0.8921052
TRX-JWA7IMW4YLN4C7KVXZ9S,2026-06-01 16:33:18,2026-06-01,PRD-XXWMOLMGB8G2,CLI-S6Z9LOZZZVJS,Payment,Entertainment,575808.97,COP,143.95,Web,,,,Colombia,Cartagena,Approved,00,False,11.12,,
TRX-8VEGRDT7XACZ1PNT2W3Y,2026-06-02 02:49:56,2026-06-01,PRD-MLMIN102GG4X,CLI-VV029UK86CSA,Deposit,,16368664.36,COP,4092.17,POS,,,,Colombia,Barranquilla,Approved,00,False,13.71,,
TRX-LJNDG6F4KBRCP4KA5PA5,2026-06-01 22:27:45,2026-06-01,PRD-DOCLH33XO6J9,CLI-5CTQEP2HRLEE,Purchase,Food,639786.86,COP,159.95,Web,,Restaurante El Buen Sabor,Food,Colombia,,Approved,00,False,16.46,,
TRX-RUT5M68643FB4GKXCK62,2026-06-01 17:32:19,2026-06-01,PRD-U7M6YTV43ZMZ,CLI-ZLNWAIUKLMUV,Adjustment,,693.94,USD,,POS,,,,México,Monterrey,Approved,00,False,4.38,,
TRX-L75WGC9JX9SAYWTLPN2B,2026-06-01 06:06:42,2026-06-01,PRD-1BKVGHTBCGQK,CLI-D4VVPE98H7K2,Deposit,,4270.39,USD,,Web,,,,México,Monterrey,Declined,,False,19.71,,
TRX-WBPEUZVSPDR66Q8R0RUR,2026-06-02 00:57:59,2026-06-01,PRD-KM4OW035UKRJ,CLI-6H6S8V806OA0,Deposit,,2397.96,USD,,Web,,,,México,,Approved,00,False,7.37,,
TRX-RZ6CS5VXKN5RC1JXF8L8,2026-06-01 09:53:33,2026-06-01,PRD-A0FCZDMQ9VAP,CLI-CFN0L38JSM8J,Purchase,Services,1902160.4,COP,475.54,POS,,Servicios Públicos,Services,Colombia,Cartagena,Approved,00,False,1.41,,
TRX-VJ12S7WX5MAXHNA35BP4,2026-06-01 09:32:52,2026-06-01,PRD-CUEV1YMTP7PX,CLI-XQ46HFD6HL3A,Purchase,Food,237.71,USD,,POS,,Super Ahorro,Food,México,Monterrey,Approved,00,False,13.88,,
TRX-IBF0Y1G1BZAD2LBBQJP2,2026-06-02 01:41:53,2026-06-01,PRD-SDBJISJLYYTM,CLI-B2MWO1Z2UV6A,Adjustment,,406.97,USD,,POS,,,,México,Puebla,Reversed,05,False,,,
TRX-86TED7A70AUF85SERTIP,2026-06-01 11:11:15,2026-06-01,PRD-YPTKNGF53MQ0,CLI-I2HS2UVKXMDR,Withdrawal,,330.19,USD,,ATM,SUC-1PSI5W5X,,,México,Tijuana,Approved,,False,7.23,,
TRX-COZSCE811ZOMPCD0XJ6F,2026-06-01 14:25:55,2026-06-01,PRD-G8UDDVSB12S1,CLI-WF728VL3LF5I,Purchase,Entertainment,255.05,USD,,ATM,SUC-W04NBWY9,Cine Premium,Entertainment,México,Monterrey,Approved,00,False,20.96,,
TRX-A13DZYZIWPEFL4PX1FFX,2026-06-02 04:39:05,2026-06-01,PRD-TVJHD4LLDCCD,CLI-ZB6MMCUSLXMC,Payment,Transport,131115.88,ARS,374.62,POS,,,,Argentina,Mendoza,Pending,14,False,,-33.9395448,
TRX-N4I5NMPFKPQ699NXLNXL,2026-06-01 22:28:08,2026-06-01,PRD-IJKQPMWLHCKS,CLI-9ININ2W1P5VT,Withdrawal,,125.96,USD,,ATM,SUC-TVNO2KL5,,,México,Ciudad de México,Approved,00,False,,-0.9259491,-0.3947333
TRX-IM7LHJTQSO3CYCT8EH86,2026-06-01 12:22:42,2026-06-01,PRD-ZTRNGS0RYNYK,CLI-Y0L7H5MS55PW,Payment,Other,796.08,USD,,App,,,,México,Monterrey,Approved,00,False,10.36,,
TRX-HJZRWFA61NVUDUUGCI4R,2026-06-01 18:53:03,2026-06-01,PRD-DDSP1H4E3H84,CLI-3C4E5R9UGX81,Adjustment,,127472.64,ARS,364.21,ATM,SUC-RRCPMD2D,,,Argentina,Mendoza,Pending,54,False,18.46,,
TRX-07KR84QT7IPJHPG0ZOXT,2026-06-02 00:50:05,2026-06-01,PRD-3SQWY8ABU9I4,CLI-AO5JPS2YZSLV,Payment,Food,2242264.74,COP,560.57,POS,,,,Colombia,Barranquilla,Approved,00,False,,5.5227574,-74.5537528
TRX-5LKRDSUXX11KKFHXXLOC,2026-06-01 08:37:03,2026-06-01,PRD-DYNSDQDR32EU,CLI-690N2TBJ4OM7,Purchase,Services,79.41,USD,,ATM,SUC-XT96PBC0,Servicios Públicos,Services,México,Tijuana,Approved,,False,20.36,,
TRX-81DHYU42MDAYTRZ01XK6,2026-06-02 02:46:29,2026-06-01,PRD-BQHT3QWYAW7S,CLI-UX5BVW8R3WYS,Payment,Health,1138.79,USD,,Transfer,,,,México,Monterrey,Approved,00,False,,,
TRX-A8K85G0JNCKHFPMBT8XL,2026-06-01 16:13:25,2026-06-01,PRD-PWJ9R0EZNZXU,CLI-GUNUSRO3D3TQ,Payment,,344.77,USD,,Web,,,,Argentina,La Plata,Pending,05,False,,,
TRX-QFY3T10U4B8VYBQRTC4M,2026-06-01 11:15:13,2026-06-01,PRD-E634ENJM2MMH,CLI-WR3T9ITS7K0Z,Purchase,Food,16235.76,ARS,46.39,POS,,Super Ahorro,Food,Argentina,Buenos Aires,Approved,00,False,10.17,-34.903756,-58.5732538
TRX-4Q63PR8JN5VCWB93UWGV,2026-06-01 06:23:45,2026-06-01,PRD-D56WJ31NBKU0,CLI-BF0127YZIRWX,Transfer,,2506951.04,ARS,7162.72,ATM,SUC-6M2HY1ZX,,,Argentina,Buenos Aires,Approved,00,False,,,
TRX-7WBPCYMUORRRP9QNWD94,2026-06-01 20:31:16,2026-06-01,PRD-BN95MPM1NH9G,CLI-04WPLKBEQ9OH,Transfer,,7232.77,USD,,ATM,SUC-I4AA1FSG,,,México,Tijuana,Approved,00,False,6.84,,
TRX-EY60EHQH17HANNZVY5N9,2026-06-01 10:44:45,2026-06-01,PRD-SN81V8F4DAS1,CLI-CY1TW23Z2NK9,Purchase,Transport,327.04,USD,,POS,,Estación de Servicio,Transport,Colombia,Bogotá,Approved,,False,2.5,3.8283868,-74.3605038
TRX-ZDFHNMBI4W5KK9C4JC4V,2026-06-01 17:49:55,2026-06-01,PRD-9JU1UUQF7LIM,CLI-MHP49WMYE3OC,Purchase,Services,230.57,USD,,POS,,Internet Plus,,Colombia,Barranquilla,Approved,00,False,22.47,,
TRX-OQVM707SSUW5FZ05LUNT,2026-06-01 17:43:02,2026-06-01,PRD-ANCVILLHM4AJ,CLI-OTX248UKFIIH,Withdrawal,,99478.3,ARS,284.22,App,,,,Argentina,Córdoba,Approved,00,False,0.23,,
TRX-0LZWYEGSS5B980B07M8Q,2026-06-01 06:06:08,2026-06-01,PRD-LIZV013XRKMQ,CLI-NNWLYPHH9VZW,Purchase,Entertainment,71493.78,ARS,204.27,Web,,Streaming Music,Entertainment,Argentina,Buenos Aires,Approved,00,False,16.94,,
TRX-CDSHL7IF5LJE195522ZV,2026-06-02 01:42:49,2026-06-01,PRD-G5IP6HBD57P4,CLI-DSTKG2I2AF95,Withdrawal,,289891.23,COP,72.47,POS,,,,Colombia,Cartagena,Approved,00,False,12.89,,
TRX-6G72QKDRRZCZTMKR7LN7,2026-06-01 07:15:02,2026-06-01,PRD-6NOD729K1IB1,CLI-UY09Z5X6YFHM,Withdrawal,,331.72,USD,,ATM,SUC-4ZFT9FN6,,,México,,Approved,00,False,7.18,,
TRX-70012R9M5HX7HIUQK9AD,2026-06-02 03:10:33,2026-06-01,PRD-6L21X1VTQGV5,CLI-HOB05TO471AX,Withdrawal,,1883526.03,COP,470.88,Transfer,,,,Colombia,Cartagena,Pending,51,False,25.66,,
TRX-38SCDATO4LAC2URUD220,2026-06-01 17:21:12,2026-06-01,PRD-E00AVH1NNQ26,CLI-R9SKS472UWUX,Withdrawal,,67321.68,ARS,192.35,Web,,,,Argentina,Rosario,Approved,00,False,,,
TRX-NIO4TTWK98FS1GJ1DYZV,2026-06-01 22:28:36,2026-06-01,PRD-G0O7FBD9DQ9G,CLI-ANEMQYJ648H7,Withdrawal,,89.75,USD,,POS,,,,México,Monterrey,Declined,54,False,4.77,0.8742908,-0.3374294
TRX-6KT4TLCDQ8N6GPOP2LQU,2026-06-01 20:55:52,2026-06-01,PRD-ZHIM8YPQSPDC,CLI-ZIUW5V1L6FSJ,Transfer,,3262.97,USD,,ATM,SUC-ZAMLQY77,,,México,Monterrey,Approved,,False,0.9,-0.7094594,-0.3764427
TRX-QG21UWJ9GIPU7T6QRNQ8,2026-06-02 03:07:45,2026-06-01,PRD-FWOREE6T5K11,CLI-1H3IQ7QWOTC1,Purchase,Transport,38.12,USD,,Web,,Uber,Transport,México,,Approved,00,False,24.46,,
TRX-H7QBELYZHSXCG2DE9MN0,2026-06-02 03:57:43,2026-06-01,PRD-4F9WE1F0AM6S,CLI-O4Q9C8SCNJVV,Withdrawal,,292.06,USD,,ATM,SUC-46JOBFMX,,,Argentina,Córdoba,Approved,00,False,18.11,,
TRX-I03AGKYJU224ZH9SAI72,2026-06-02 02:57:22,2026-06-01,PRD-YA8DYQHUYT42,CLI-RJ4OETRQ6D8M,Deposit,,422100.0,ARS,1206.0,App,,,,Argentina,Rosario,Approved,00,False,1.02,,
TRX-LYAS304CGWOJF1MMTNVD,2026-06-01 09:11:49,2026-06-01,PRD-0A2ZCANSC1BA,CLI-3CE85VPQZIUS,Transfer,,5527413.15,COP,1381.85,POS,,,,Colombia,Medellín,Approved,00,False,20.92,,
TRX-XK75ZB3B0OAZOQXDK75U,2026-06-01 17:07:24,2026-06-01,PRD-20GWTMMVJTOY,CLI-UGUAFI3XN1E0,Transfer,,1332.77,USD,,Web,,,,México,Monterrey,Approved,00,False,15.95,,
TRX-Z6UZFC6IHT5DA0XWHSL4,2026-06-01 21:02:46,2026-06-01,PRD-M3NU1WWSZ2TI,CLI-61QO0NTI3ATQ,Purchase,Services,146772.96,ARS,419.35,ATM,SUC-JH2YV47F,Servicios Públicos,Services,Argentina,Mendoza,Approved,,False,12.15,,
TRX-DTWYFEYAI98LLC753QDR,2026-06-02 05:44:52,2026-06-01,PRD-BE7F9SYQ0QZQ,CLI-7P2YKWMGT69W,Withdrawal,,1478898.65,COP,369.72,POS,,,,Mexico,Monterrey,Approved,00,False,20.66,,
TRX-15HRDMUDJANLWH5WYXOJ,2026-06-01 21:48:26,2026-06-01,PRD-4IVRU1JI1DXK,CLI-FWFAZMBLO9J5,Transfer,,1324.83,USD,,POS,,,,México,Tijuana,Approved,00,False,23.76,,
TRX-FRLH8925HVCR79WNHGWT,2026-06-01 08:57:40,2026-06-01,PRD-Y20OAK5VTXKM,CLI-DMSDCHOBUHLX,Withdrawal,,73.72,USD,,Transfer,,,,México,Querétaro,Approved,00,False,22.23,,
TRX-LE1JBCCY6SEE9PHSMDDZ,2026-06-02 00:38:43,2026-06-01,PRD-OBJ1OYUSE6WR,CLI-C7RXGDS2DAT7,Withdrawal,,422.28,USD,,ATM,,,,México,Puebla,Approved,00,False,23.73,,0.9298409
TRX-TUCAV8U7XC1U907ZD2ZK,2026-06-01 17:44:41,2026-06-01,PRD-OZXRQISM9BDU,CLI-DMXWNYF7Q473,Deposit,,121631.45,ARS,347.52,POS,,,,Argentina,Mendoza,Approved,00,False,27.87,-34.4945501,-58.5541536
TRX-VRJNNM0IC6J26M1XA2T7,2026-06-01 09:25:46,2026-06-01,PRD-GC48ZYEKIRCY,CLI-94AHH2W25S0Y,Payment,Services,507687.64,ARS,1450.54,ATM,SUC-JBECVTZ8,,,Argentina,Buenos Aires,Approved,00,False,,,
TRX-H5DVUWRUQ1M4FN6V5HSP,2026-06-01 09:04:29,2026-06-01,PRD-NN7C6ML965WE,CLI-F54XEOEGYRZ5,Purchase,Services,406.23,USD,,POS,,Internet Plus,Services,México,Querétaro,Approved,00,False,12.55,,
TRX-W02D5JPCVBC77O2XKWYE,2026-06-01 07:57:07,2026-06-01,PRD-I8V9DBO5CLBU,CLI-AEG30L007AYL,Deposit,,12594747.09,COP,,POS,,,,Colombia,Cali,Declined,05,False,1.81,4.1186536,-73.7982888
TRX-A2BMF55QXN58NKO9BT64,2026-06-01 15:09:47,2026-06-01,PRD-F18UG8BJCZMJ,CLI-H1DBHVCW1F35,Withdrawal,,409.83,USD,,App,,,,México,Monterrey,Approved,00,False,,,
TRX-KIVQBHXJ255CDB9UDKQI,2026-06-01 18:39:46,2026-06-01,PRD-5W11A77G92P5,CLI-6671971A4CCE,Deposit,,644.53,USD,,App,,,,México,Querétaro,Approved,00,False,29.45,,
TRX-TR2GDEF8KIJRMMWGG3ET,2026-06-01 22:19:33,2026-06-01,PRD-QWCIF70MYYNU,CLI-1934M4HSRCWA,Transfer,,4044.96,USD,,ATM,,,,México,Puebla,Approved,00,False,0.65,0.6400146,-0.6685215
TRX-JE9EP0KR2SNCL65KOW5X,2026-06-01 14:17:07,2026-06-01,PRD-DRJTFCSXNJ3S,CLI-YGVP47C18UVG,Transfer,,3656264.23,COP,914.07,POS,,,,Colombia,Cartagena,Approved,00,False,18.23,5.1365469,-73.9159546
TRX-FPI62VTYBJ46DXKGCNOG,2026-06-01 06:00:49,2026-06-01,PRD-UJANQ583DU8Y,CLI-MS8SGVY4NSRL,Withdrawal,,71392.49,ARS,203.98,ATM,SUC-HBYNA6O6,,,Argentina,Buenos Aires,Approved,00,False,19.42,,
TRX-7W946J37SS2OHSN2G8GO,2026-06-01 16:36:50,2026-06-01,PRD-DVALSUNJO4HD,CLI-69VZUOBUUZX2,Deposit,,18314250.5,COP,4578.56,Web,,,,Colombia,Barranquilla,Approved,00,False,8.86,,
TRX-ZMMP6KCJZ636Z7B6YVT1,2026-06-02 05:05:36,2026-06-01,PRD-383UACQKZSIW,CLI-3SWTIVTTWTRT,Withdrawal,,365.62,USD,,POS,,,,México,Puebla,Reversed,14,False,24.91,0.900724,-0.8685311
TRX-9YBPLYAVN8TI62BQDOYU,2026-06-02 00:22:07,2026-06-01,PRD-NQENZYXEJLCS,CLI-F3WXXD2I2A10,Payment,Entertainment,561278.03,ARS,1603.65,ATM,SUC-ISVYMZP9,,,Argentina,Mendoza,Approved,00,False,,,
TRX-Q1U8VOTQOF8KLZQL0Z7Q,2026-06-01 20:49:54,2026-06-01,PRD-E3L2HPX444BE,CLI-WYR1V4YXS2YT,Transfer,,960515.91,ARS,2744.33,POS,,,,Mexico,Puebla,Approved,00,False,0.03,,
TRX-UVASMXFCEG2KYKKKJKQE,2026-06-01 21:43:21,2026-06-01,PRD-JU8Q64QCO54B,CLI-GKKJ1OTJKKM9,Purchase,Food,399.4,USD,,POS,,Tienda Don José,Food,Colombia,Medellín,Approved,00,False,1.24,,
TRX-GKAV3AXA7XR3FO4YA2ER,2026-06-01 20:57:57,2026-06-01,PRD-EKB95O2Q6O69,CLI-2EINUIOB5W81,Purchase,,263616.85,COP,65.9,ATM,,Laboratorio Central,Health,Colombia,Cali,Declined,14,False,12.8,,
TRX-6PE3A3TM1TULRI9LS0GH,2026-06-01 15:01:21,2026-06-01,PRD-RMXERQCZEGT4,CLI-2NY0FIVCSW05,Purchase,Food,243.34,USD,,ATM,,Restaurante El Buen Sabor,Food,México,Guadalajara,Approved,00,False,1.22,-0.1099136,0.7142482
TRX-Y6C875XQE45PSLYT371C,2026-06-01 18:17:31,2026-06-01,PRD-BCPIT6KGT8ZR,CLI-EOVNEC27EYM7,Payment,Entertainment,880795.7,COP,220.2,POS,,,,Colombia,Medellín,Approved,00,False,22.85,,
TRX-PAJJCZ4YX5Q68G0993UI,2026-06-01 08:28:55,2026-06-01,PRD-M4BTUUWMD2MT,CLI-CQ6XFX1AUGD2,Transfer,,2259.17,USD,,Web,,,,México,Guadalajara,Approved,00,False,17.38,,
TRX-1IL5V6RU8ZIUHHHNZMDI,2026-06-01 19:55:12,2026-06-01,PRD-KSITO87YRL7F,CLI-HKNTOHTVXT4G,Purchase,Food,447.04,USD,,App,,Mercado Central,Food,México,Puebla,Approved,00,False,9.77,,
TRX-OV3ZZEYEOJ56DV29XR91,2026-06-02 05:03:37,2026-06-01,PRD-O67K5S46R131,CLI-J6GK1CDFICRG,Transfer,,5817.34,USD,,POS,,,,México,,Approved,00,False,,,
TRX-Z5HM4TGNLWSOR3M59K1F,2026-06-01 12:33:37,2026-06-01,PRD-0M8GV322BT5T,CLI-TF2S6BKJTC6K,Adjustment,,151.28,USD,,Web,,,,México,Puebla,Approved,00,False,13.03,,
TRX-6Q16YDZBI706JJ79WOGA,2026-06-01 08:43:06,2026-06-01,PRD-XHK5QVH5GT5M,CLI-VHBPW221S7ZN,Transfer,,529.96,USD,,ATM,SUC-WSUW783S,,,México,Ciudad de México,Approved,00,False,1.94,,
TRX-W49O5VW4CKPFCNY70CKD,2026-06-02 01:02:53,2026-06-01,PRD-J9AYE1EBJIPY,CLI-2HKY38VE0T4H,Transfer,,9749.5,USD,,App,,,,México,,Approved,00,False,,,
TRX-SP9TYTCH56AY1IFWJGO0,2026-06-01 13:12:10,2026-06-01,PRD-Z0RCZ60E1TTG,CLI-Z6ZQBNI2VKJQ,Withdrawal,,932522.45,COP,233.13,ATM,SUC-YAQTMQ56,,,Argentina,Mendoza,Approved,00,False,28.23,,
TRX-RTB2KZZKW91RS3S83FDG,2026-06-01 12:22:08,2026-06-01,PRD-Y1CEFTT3BV51,CLI-YC1BFLZC61GQ,Withdrawal,,27316.1,ARS,78.05,POS,,,,Mexico,Monterrey,Approved,00,False,8.51,,
TRX-9NPEJOUPOUA8ARC3CJRL,2026-06-01 21:52:29,2026-06-01,PRD-B51GX9GIRA2W,CLI-C98LUE2XM6NC,Purchase,Health,264.82,USD,,ATM,SUC-FQBLIDK9,Clínica Médica,Health,México,Puebla,Approved,00,False,,,
TRX-PFRRNFBG6UC70PFDUBGP,2026-06-01 16:56:20,2026-06-01,PRD-4A77J8VRABGI,CLI-41R342K66JJ7,Payment,Other,270.69,USD,,ATM,SUC-1TATGCL8,,,México,Puebla,Approved,00,False,6.58,,
TRX-UU2DJWTNSP8X5R9T5O6Q,2026-06-01 12:42:27,2026-06-01,PRD-YP3NOGOZ524F,CLI-WBWK3D68P4FA,Purchase,Transport,752298.14,COP,188.07,Branch,,Gasolinera Express,Transport,Colombia,Medellín,Approved,00,False,,5.7095734,-73.9158716
TRX-80TD1ISVC674WJBW34GP,2026-06-01 15:16:34,2026-06-01,PRD-XE8JRX91R6IM,CLI-27WJQXFUQPU2,Withdrawal,,133735.45,ARS,382.1,POS,,,,Brazil,Salvador,Approved,00,False,27.29,-34.5434769,-57.4994312
TRX-4J3UN1GDBR7UNJSC7RW1,2026-06-02 03:23:04,2026-06-01,PRD-BPOUCP6D5LAP,CLI-Q78PYCM9A630,Withdrawal,,134.2,USD,,ATM,SUC-JYU0POJ9,,,México,Monterrey,Approved,00,False,8.15,,
TRX-VVDJGZJ0PZ105QBKKXWT,2026-06-02 04:57:44,2026-06-01,PRD-NLEP2TYGC1CJ,CLI-4V3A9DVATU2S,Purchase,Entertainment,892257.14,COP,223.06,App,,Conciertos Live,Entertainment,Colombia,Medellín,Approved,00,False,28.17,,
TRX-51WXMYQ8WLXJBXJ2090D,2026-06-02 00:30:21,2026-06-01,PRD-FOQ2M2OZB42Y,CLI-RZ2C7ZEPMMFB,Purchase,Services,68.02,USD,,Transfer,,Cable TV,Services,México,,Approved,00,False,,,
TRX-ZJRQJU3BRP2CTKS50T9T,2026-06-01 06:15:55,2026-06-01,PRD-5YDHC442CYRM,CLI-HE5FLCSS74MD,Withdrawal,,442.19,USD,,POS,,,,México,Guadalajara,Approved,00,False,20.84,0.6361114,-0.9809021
TRX-Z3D8IVV00QK17HS3YYN9,2026-06-01 23:11:20,2026-06-01,PRD-OB67F39X7OX8,CLI-DK52B8HDJFE1,Deposit,,2032.29,USD,,POS,,,,Spain,Barcelona,Approved,00,False,20.8,,
TRX-GWV19A9PS5ESAFIR1NVJ,2026-06-01 17:38:08,2026-06-01,PRD-TROXAXCCA733,CLI-1SFCEF76VMR4,Purchase,Food,1378417.16,COP,344.6,ATM,SUC-DG6C9C1K,Super Ahorro,Food,Colombia,Cartagena,Approved,00,False,23.21,,
TRX-Q2U7AWPEKUJHKPG6NAPZ,2026-06-01 06:05:25,2026-06-01,PRD-AYHFVFZQP74G,CLI-3U9LG6AMVH6X,Purchase,Transport,32566.65,ARS,93.05,Transfer,,Taxi Seguro,Transport,Argentina,,Reversed,,False,27.74,,
TRX-IV2Q6IKV3Z6UPCI3APQ9,2026-06-02 05:25:33,2026-06-01,PRD-ODJL0K42W5C5,CLI-38BIAMDZX0ZQ,Deposit,,535.35,USD,,ATM,SUC-GV2TU3NJ,,,México,Ciudad de México,Approved,00,False,13.36,,
TRX-KTMXHALPED5KCP3JK8SB,2026-06-01 08:18:26,2026-06-01,PRD-94VBMPZMZ9O3,CLI-8Q2C1MR1B8AS,Withdrawal,,335.37,USD,,App,,,,México,Querétaro,Approved,00,False,,,
TRX-SLORPZBWMPH11LVNK6DH,2026-06-01 18:14:11,2026-06-01,PRD-4R3ITX5GPMK2,CLI-DZMSMJLHOVL4,Payment,Services,430786.13,ARS,1230.82,Transfer,,,,Argentina,Mendoza,Approved,00,False,,,
TRX-7QC7CI8LOS571JV7J2D8,2026-06-01 20:44:52,2026-06-01,PRD-73F9O8FX47YS,CLI-VACUDDZTK9NR,Payment,Other,1399.96,USD,,POS,,,,México,Ciudad de México,Approved,00,False,18.29,,
TRX-47WTSU2U6DXMEQN33ON2,2026-06-01 12:16:07,2026-06-01,PRD-APPG8T4SULFA,CLI-K2W7QQ9087HE,Purchase,Food,532572.96,COP,133.14,ATM,SUC-E1VTXGEU,Super Ahorro,Food,Colombia,Barranquilla,Approved,00,False,15.04,,
TRX-EN23VEUZA1TDU6U21J1L,2026-06-01 16:36:22,2026-06-01,PRD-H84KJI9DONM1,CLI-DNLVAWDRJWVD,Purchase,Transport,1999629.04,COP,499.91,POS,,,Transport,Colombia,Cartagena,Pending,05,False,7.41,,
TRX-6E5N3C40K9MFMPXJ97QV,2026-06-01 17:59:48,2026-06-01,PRD-EY4DI2SEXW4O,CLI-9OM59SJUF5LN,Deposit,,427452.24,ARS,1221.29,ATM,SUC-KHBP7W0V,,,Argentina,Rosario,Approved,00,False,,,
TRX-86H0DEYIQFW48L5CFRFT,2026-06-02 02:16:16,2026-06-01,PRD-MW1I9WLB2HEM,CLI-Z516FUXMK093,Transfer,,135377.5,ARS,386.79,Web,,,,Argentina,Rosario,Approved,00,False,16.82,,
TRX-S28FA5JZ5U33V39K9PL3,2026-06-01 21:04:37,2026-06-01,PRD-QCPEJ4YYIHAP,CLI-ZD4AX7UJIOEV,Purchase,Food,259.14,USD,,Web,,Super Ahorro,Food,México,Tijuana,Approved,00,False,17.32,,
TRX-HLUSPS28L4JUFPOYPMT9,2026-06-01 19:37:26,2026-06-01,PRD-ZK0B79ICPE6R,CLI-6NXMM8F4OAZU,Withdrawal,,165371.3,ARS,472.49,ATM,SUC-OSJVEL9O,,,Argentina,Buenos Aires,Approved,00,False,26.45,,
TRX-D8O4K4IOIV5Q2KI7N2Q5,2026-06-01 17:50:58,2026-06-01,PRD-MKEAMAC2IDME,CLI-HW82GJL8VRD4,Payment,Transport,4882507.51,COP,1220.63,ATM,SUC-9FWCAJXI,,,Colombia,Barranquilla,Approved,00,False,,,
TRX-4LD2S6R6G7RARJ43CXWS,2026-06-01 17:20:20,2026-06-01,PRD-NV8VUBR35VHK,CLI-F21Y9HU3B2XW,Purchase,Services,1787664.74,COP,446.92,App,,Cable TV,,Brazil,Brasília,Approved,00,False,2.99,,
TRX-3T9E6R06DS6863YHWZAM,2026-06-01 10:19:41,2026-06-01,PRD-BH9VIINRQKEB,CLI-E6DAD8R5IY3E,Withdrawal,,879775.63,COP,219.94,POS,,,,Colombia,Barranquilla,Approved,00,False,10.4,,
TRX-IAFN2IV690B6GI6BN7YV,2026-06-02 01:28:50,2026-06-01,PRD-PQYN0ID12WRQ,CLI-OHDQDXZ3HNSE,Withdrawal,,196.29,USD,,POS,,,,México,,Approved,00,False,6.77,,
TRX-I42ZKW6IVHZBX5KTBW5V,2026-06-02 04:48:52,2026-06-01,PRD-K4SIRVL0MQA4,CLI-NNX52HDEGQNL,Deposit,,54.19,USD,,ATM,SUC-PJ6NDQ6K,,,México,Guadalajara,Approved,00,False,17.37,,
TRX-XNBVBTU9NB4EQIGASL86,2026-06-01 22:25:02,2026-06-01,PRD-W9MMWMZ0VBXZ,CLI-CMX7QJ4XD0H8,Purchase,Services,158.79,USD,,App,,Empresa Telefónica,Services,México,Monterrey,Approved,00,False,4.06,,
TRX-H8FD029EQHI9LEUI4HVE,2026-06-01 13:35:05,2026-06-01,PRD-IJSKGHBHGM7O,CLI-MUXDZMRFLG8I,Payment,Food,925.99,USD,,POS,,,,México,Tijuana,Approved,00,False,15.83,-0.9246641,0.3011874
TRX-4LP0CS9HDPYYYZ3354AH,2026-06-02 03:13:51,2026-06-01,PRD-X9YPA2TGTDB7,CLI-V40F57PM08JC,Transfer,,1355603.3,ARS,3873.15,POS,,,,Argentina,La Plata,Approved,00,False,29.78,,
TRX-ZSLHGOAGYULRPALR6OMZ,2026-06-01 16:30:52,2026-06-01,PRD-VM715PE7VBS6,CLI-ST56YUOW30FI,Purchase,Food,116134.02,COP,29.03,POS,,Super Ahorro,Food,Colombia,Cartagena,Approved,00,False,6.09,5.1266921,-73.7860875
TRX-M9WZKYUUSVGAPRD1IF0D,2026-06-01 20:16:31,2026-06-01,PRD-UWFF8JEG2U6L,CLI-H6Z851TTC5WG,Transfer,,217.3,USD,,Web,,,,México,Ciudad de México,Approved,00,False,5.43,,
TRX-78SJV6PNA3WI6MV3I7G4,2026-06-02 04:16:52,2026-06-01,PRD-2GLMDZ6DL806,CLI-HQFI5261Z53Z,Purchase,Food,112.75,USD,,POS,,Mercado Central,Food,México,Monterrey,Approved,00,False,15.02,,
TRX-AN0PKK0BC6UH0WFU4SNY,2026-06-01 19:39:17,2026-06-01,PRD-G9R79PSDHGP1,CLI-J68EHDO2RVER,Purchase,,378827.84,COP,94.71,App,,Internet Plus,Services,USA,Miami,Approved,00,False,26.94,,
TRX-JNBWK2O7MKH7598AOTJT,2026-06-01 11:50:02,2026-06-01,PRD-6JGBW1QS191D,CLI-3AYYQL699KOS,Transfer,,27802676.37,COP,6950.67,POS,,,,Colombia,Medellín,Approved,00,False,2.16,,
TRX-RM12FQJESE08HA30SKUA,2026-06-01 14:14:44,2026-06-01,PRD-9Y4YMZPFGMDU,CLI-08FHJK22LGGW,Deposit,,806702.05,ARS,2304.86,Web,,,,Argentina,,Approved,00,False,18.13,,
TRX-4YRA989O1EZDPW67W3LK,2026-06-01 10:05:09,2026-06-01,PRD-UHXWNCSLAAUV,CLI-K5J0U7E87A5M,Payment,Other,646847.03,ARS,1848.13,ATM,,,,Argentina,La Plata,Approved,00,False,5.41,-35.2494674,-58.6415271
TRX-9A2OCXNKVIAXNFD59WB1,2026-06-01 23:14:48,2026-06-01,PRD-U6RNGBHXQYF3,CLI-7T8094RZA514,Transfer,,1347272.03,ARS,3849.35,POS,,,,Argentina,,Approved,00,False,8.81,-34.7932677,-59.3716256
TRX-8Q7OIE07GGUZ7LGCMF9S,2026-06-01 21:02:05,2026-06-01,PRD-N4AL2GLCPA21,CLI-3OR1VRRFOG52,Purchase,Food,1077602.22,COP,269.4,ATM,SUC-DLYE60QN,Mercado Central,Food,Colombia,Cali,Approved,00,False,20.15,,
TRX-GG7AZ5ADWZ8RUDM2XCZP,2026-06-01 12:59:41,2026-06-01,PRD-N14U4CD719NA,CLI-98NLBVLT1UD3,Withdrawal,,209.43,USD,,App,,,,México,Guadalajara,Approved,00,False,17.33,,
TRX-GING60589E1I2UNNSBRL,2026-06-01 14:19:49,2026-06-01,PRD-WW6VTRSBA2I7,CLI-74POE01DHN7C,Withdrawal,,142.77,USD,,POS,,,,México,Monterrey,Declined,14,False,8.21,0.7723229,0.9537542
TRX-9WGSE3WJ8IBN13S3FK0M,2026-06-01 07:51:32,2026-06-01,PRD-6CYAJLGTMVKZ,CLI-X96IEKYFJMOH,Transfer,,37813823.81,COP,9453.46,Web,,,,Colombia,Barranquilla,Approved,00,False,20.72,,
TRX-PW33CQFJI88M8KXLUMMJ,2026-06-01 19:07:43,2026-06-01,PRD-U5A90156R3H0,CLI-NVE41CYNSDXB,Transfer,,12387785.3,COP,3096.95,Web,,,,Colombia,Medellín,Approved,00,False,12.74,,
TRX-V7B8ZN32HVZ23707ZJYX,2026-06-01 22:27:54,2026-06-01,PRD-CGH4KPALS03O,CLI-5GJP65QW2ICC,Deposit,,9471732.12,COP,2367.93,App,,,,Colombia,Barranquilla,Approved,00,False,25.67,,
TRX-ONXTESBTKLEXTHUJI0KF,2026-06-02 00:50:18,2026-06-01,PRD-VJPNT3BC5YM6,CLI-CSL1ZE7I43J6,Purchase,Entertainment,10.52,USD,,POS,,Conciertos Live,Entertainment,Colombia,Cartagena,Approved,00,False,13.69,5.6984597,
TRX-YXB4WJ2HDPQUMNM0LO9T,2026-06-01 15:37:50,2026-06-01,PRD-J93R43UM1334,CLI-OE3DUB8FD1P1,Adjustment,,211247.6,ARS,603.56,Web,,,,Argentina,,Approved,00,False,5.62,,
TRX-YLT77XW4HTD87TJRTAFA,2026-06-01 16:58:41,2026-06-01,PRD-O5TX94CGAVBT,CLI-AWFGSM2FIFHA,Withdrawal,,1986979.8,COP,496.74,Web,,,,Colombia,,Declined,14,False,8.85,,
TRX-YICY60W406EYKKDIBCLN,2026-06-01 14:43:16,2026-06-01,PRD-KLR0B9WNP5LX,CLI-93JKLBOLBANT,Payment,Services,7797353.16,COP,1949.34,POS,,,,Colombia,Medellín,Declined,51,False,9.17,5.6709675,-73.6388646
TRX-X55AG6U8VQG4644FKVIN,2026-06-01 15:47:02,2026-06-01,PRD-NBA03HSBIWXJ,CLI-WHKU9Z45YKA0,Adjustment,,719.35,USD,,POS,,,,México,Guadalajara,Approved,00,False,16.53,,
TRX-RO4YMF2P8GRS2C8N2ODB,2026-06-01 11:02:38,2026-06-01,PRD-012W1IZKPQPD,CLI-6OFA186ZP4G9,Deposit,,811263.02,ARS,2317.89,POS,,,,Argentina,Mendoza,Approved,00,False,21.95,,
TRX-VRWR1QYDPZNKNI2KHNS8,2026-06-02 01:00:02,2026-06-01,PRD-OBCCJHHVEOWQ,CLI-TBR21SH4TCZD,Payment,Health,1213.63,USD,,POS,,,,México,Monterrey,Approved,00,False,16.65,,
TRX-B3HZE7QH2BWQQP8II9O2,2026-06-02 03:56:28,2026-06-01,PRD-VO5NMZHYC40B,CLI-5C43XG0JOYFP,Withdrawal,,438.31,USD,,POS,,,,México,Tijuana,Approved,00,False,26.94,0.2446311,
TRX-HP4I2N2NQNBRA2Z7THHK,2026-06-02 02:37:02,2026-06-01,PRD-C67H29KLWM87,CLI-2QSBQGGLSAHK,Withdrawal,,402.93,USD,,ATM,SUC-RJSJ0B0X,,,Brazil,São Paulo,Approved,00,False,10.7,,
TRX-4WDBRWAC6025IKZO1IFZ,2026-06-02 05:20:39,2026-06-01,PRD-85K5GQPYDBDL,CLI-8QIW1XNCO7DH,Transfer,,25700653.75,COP,6425.16,ATM,SUC-8AM4U1NU,,,Colombia,Bogotá,Approved,00,False,,5.6134028,-74.080752
TRX-Y7UP2AFWC4DBXPBZCPE7,2026-06-01 22:47:48,2026-06-01,PRD-QXFXHAPWHWVY,CLI-6Y7NTSP0ZZSY,Transfer,,9392.81,USD,,POS,,,,México,Monterrey,Approved,00,False,,,
TRX-705YWI8KQVFVJITWC8CA,2026-06-01 22:30:46,2026-06-01,PRD-6RT8AI9LV7V7,CLI-3Q9276VDEFHM,Withdrawal,,100999.44,ARS,288.57,ATM,SUC-GKQAVGPP,,,Colombia,Barranquilla,Approved,00,False,29.83,-34.6337845,-58.0978406
TRX-TR1QB79WRVC92C0OUPOK,2026-06-01 18:41:41,2026-06-01,PRD-88EIR2EGSZAR,CLI-Z2IL20QJ0EK9,Purchase,Other,347.6,USD,,ATM,SUC-QZU3WHKF,Tienda General,Other,México,,Approved,00,False,,,
TRX-I2980YOT6Y4WAGRX73V6,2026-06-01 10:12:23,2026-06-01,PRD-W8108WAFIYKQ,CLI-C6KKV88YKB4K,Withdrawal,,164.2,USD,,ATM,SUC-KUOJDQSO,,,México,Querétaro,Approved,00,False,13.45,,
TRX-WR51PWMLY4B0EL2GP1EC,2026-06-02 02:49:17,2026-06-01,PRD-92UL69C13JW4,CLI-OMGM2EPD57H0,Payment,Transport,5962814.55,COP,1490.7,POS,,,,Colombia,Cartagena,Approved,,False,,,
TRX-A0AHR3YW2TKY5QMWQ3U8,2026-06-01 12:49:01,2026-06-01,PRD-69JHD5FAQ3MV,CLI-8KWEOC3QG7CS,Transfer,,8981.16,USD,,ATM,SUC-LQXENAY2,,,México,Monterrey,Approved,00,False,24.18,,
TRX-L4TIZ147TJAF84RVJI2F,2026-06-01 21:20:44,2026-06-01,PRD-0CLIH5XMDG1W,CLI-W4W5TJ574WHP,Withdrawal,,26.45,USD,,POS,,,,México,,Approved,00,False,8.12,,
TRX-DSMQTSLXO7WM73MZMRHP,2026-06-01 15:45:23,2026-06-01,PRD-Z85E5W654K53,CLI-PD19K07U72J5,Payment,,1639.55,USD,,POS,,,,Argentina,La Plata,Approved,,False,,,
TRX-1G770R8ZA7TWP2PA0DBJ,2026-06-01 09:37:45,2026-06-01,PRD-YB57FX6NBDFO,CLI-WVCIMFNQRFRW,Purchase,Food,160097.62,ARS,457.42,POS,,Restaurante El Buen Sabor,Food,Argentina,La Plata,Approved,00,False,13.33,,
TRX-CQFVGTV8QYRHJTBYS7E1,2026-06-02 01:09:14,2026-06-01,PRD-5GQISM86DJYA,CLI-6JFSH4MQNOIC,Transfer,,7677.24,USD,,ATM,SUC-UB0LXRUU,,,México,Puebla,Approved,00,False,,,
TRX-9LDLIVGKHJ86ND2I2DF1,2026-06-01 08:22:30,2026-06-01,PRD-N6FNZIJL27CT,CLI-CNPL7K50XOP5,Deposit,,2889.0,USD,,POS,,,,México,Ciudad de México,Approved,00,False,14.4,-0.7849662,-0.4513954
TRX-DFZEZ7Y63ET2ROQU6HT4,2026-06-01 14:31:10,2026-06-01,PRD-71V2GBPN5A6S,CLI-10WQ1XSVLHF5,Deposit,,70.48,USD,,POS,,,,México,Monterrey,Approved,00,False,19.09,,
TRX-PK8P6XQ7K8H4ZCMK4XXQ,2026-06-01 16:17:23,2026-06-01,PRD-P1HQZO3N1MWY,CLI-QAF4A832PZOG,Purchase,Services,33.33,USD,,POS,,Cable TV,Services,México,Monterrey,Pending,14,False,11.37,,
TRX-K2XR3HI4Q751DI11RDXF,2026-06-01 23:46:12,2026-06-01,PRD-OFC8AVC4I2MM,CLI-WFRMB1B1OESI,Transfer,,3115674.94,ARS,8901.93,ATM,SUC-HBYNA6O6,,,Argentina,Rosario,Approved,00,False,17.85,,
TRX-9GR3KZXMKNFX3P2NR0JV,2026-06-01 19:47:28,2026-06-01,PRD-1Y6NUY4Q0NWW,CLI-HTVH9INCQC68,Purchase,Transport,1292757.53,COP,323.19,POS,,Uber,Transport,Colombia,Bogotá,Approved,00,False,27.88,3.8077825,-74.0410571
TRX-WGXUEBYU87XNN1FT3EFL,2026-06-01 11:35:16,2026-06-01,PRD-62S83XWJBZIP,CLI-N966QZK2WP5R,Payment,Services,1269.29,USD,,POS,,,,México,Tijuana,Approved,00,False,,,
TRX-Y2PNC56DADNUTMXLSW1S,2026-06-01 14:35:01,2026-06-01,PRD-OGR5FG150VSI,CLI-F9WMWAD3G9I6,Purchase,Services,216.18,USD,,Web,,Cable TV,Services,México,Monterrey,Approved,00,False,20.28,,
TRX-9B254K5TAM1YPIOAXA9H,2026-06-02 03:10:48,2026-06-01,PRD-RY33EV2IC7X9,CLI-0EYYM2YUMAH1,Purchase,,160.23,USD,,Branch,SUC-BDUHNO9T,Conciertos Live,Entertainment,México,Tijuana,Approved,00,False,0.31,,
TRX-52V85IWF6AWY7VZ29FIP,2026-06-01 12:55:20,2026-06-01,PRD-OJ1HZKWH7566,CLI-PMO851YZD3P5,Withdrawal,,20.66,USD,,Web,,,,México,Querétaro,Approved,00,False,27.72,,
TRX-3F8NSC4I0Z6NXXR7902V,2026-06-01 15:28:38,2026-06-01,PRD-4X2NFDO6DLTF,CLI-I1TRLZW33QUF,Purchase,Entertainment,382.27,USD,,POS,,Cine Premium,Entertainment,México,Puebla,Approved,00,False,,-0.0985737,-0.7937071
TRX-VVF88Y5SI6A0TQITTO0F,2026-06-01 20:03:32,2026-06-01,PRD-PVJQT8YLYVMB,CLI-BPOVQDSYWGQR,Withdrawal,,296.9,USD,,ATM,,,,México,Monterrey,Approved,00,False,20.38,,
TRX-Y2VI9TK3V5AF7ZVBN9J8,2026-06-01 20:48:24,2026-06-01,PRD-ZTU35JYXULVI,CLI-ELCNTG2CSOQG,Payment,Food,184324.71,ARS,526.64,App,,,,Argentina,Rosario,Approved,00,False,20.0,,
TRX-YOGM5A2SOLS689CEZQYV,2026-06-01 22:38:31,2026-06-01,PRD-30GL75SP3JZQ,CLI-0E2FCC2M5IE2,Transfer,,416036.27,COP,104.01,POS,,,,Colombia,Bogotá,Approved,00,False,0.47,,
TRX-IGSPYAOJKHOLDRZJ206D,2026-06-01 16:16:38,2026-06-01,PRD-EYKR0O3XEEP0,CLI-2IKS0SDMCBRG,Withdrawal,,897584.01,COP,224.4,POS,,,,Colombia,Bogotá,Approved,00,False,25.64,,
TRX-XSSW4S701GABZEDA7FSZ,2026-06-01 18:58:14,2026-06-01,PRD-RFEZV61E2JI4,CLI-2G8MNXCJZVUW,Deposit,,201.1,USD,,Web,,,,México,Puebla,Approved,00,False,,,
TRX-FCL2ZQRS9EQV0V8QKBFF,2026-06-01 17:08:02,2026-06-01,PRD-4L59XXPBQYE6,CLI-27PPA6PRV2JK,Payment,Food,147.24,USD,,POS,,,,México,Monterrey,Approved,,False,27.21,,
TRX-5IZO6DY6K6JOZBMRRLQ7,2026-06-01 14:21:36,2026-06-01,PRD-BGXZDNWNYENP,CLI-T5M19YPC1QFO,Transfer,,7588.01,USD,,ATM,SUC-4JYR8GOV,,,Argentina,Rosario,Reversed,05,False,21.67,-33.7678295,-58.1928897
TRX-W009B5SGH5A5QBEFD21I,2026-06-01 18:31:44,2026-06-01,PRD-DV0L73E2U59D,CLI-K9ZESOIW7BM6,Payment,Transport,656.91,USD,,ATM,SUC-5FDGLKJX,,,México,,Approved,00,False,7.63,,
TRX-XQPNPKRCD3HREDQHICOQ,2026-06-02 02:04:24,2026-06-01,PRD-CLKOPSRSPTU9,CLI-H9ALVO5ZIKPF,Purchase,Transport,24.65,USD,,POS,,Taxi Seguro,Transport,México,Querétaro,Approved,00,False,23.99,,
TRX-KXTQXAIWTEUA9MYSHM7M,2026-06-02 03:28:58,2026-06-01,PRD-PJIP3Z3UA99L,CLI-G841LF7888OY,Purchase,Entertainment,355.28,USD,,ATM,,Cine Premium,Entertainment,México,Monterrey,Approved,00,False,10.59,,
TRX-UFG7KIQ8XZ9D5ZRCLVNA,2026-06-01 09:58:08,2026-06-01,PRD-74BMLGLPME4B,CLI-BLYD2ND4H28C,Purchase,Entertainment,1951314.16,COP,487.83,App,,Teatro Nacional,Entertainment,Colombia,Cali,Approved,00,False,14.59,,
TRX-EXIM5XHFUQ5ZH8N23RMH,2026-06-01 20:53:05,2026-06-01,PRD-VVY26GI8JCB0,CLI-7VLIHCARLHS0,Deposit,,5297496.55,COP,1324.37,ATM,SUC-6W9D0ZPD,,,Colombia,Medellín,Approved,00,False,6.72,,
TRX-8POFTIZZ4VI9AQ2GNSA3,2026-06-01 08:31:33,2026-06-01,PRD-5DOOZQGHD9MF,CLI-C0WNSGFC8IFS,Transfer,,175982.45,ARS,502.81,POS,,,,Argentina,Buenos Aires,Approved,00,False,3.73,,
TRX-EAX2Q44B762QVNY9HZ61,2026-06-02 03:44:17,2026-06-01,PRD-HN68FXE9Y066,CLI-8AWLIX05TL46,Transfer,,6763.76,USD,,App,,,,México,Querétaro,Approved,00,False,16.52,,
TRX-JIB4JQKGA6E3LWENWCIK,2026-06-01 22:43:30,2026-06-01,PRD-CZ9FZCRC9VTS,CLI-FOAFTR17DUXD,Withdrawal,,1704140.85,COP,426.04,POS,,,,Colombia,Medellín,Approved,00,False,8.38,3.8874342,-73.200586
TRX-7EJ7EKVMK2Z83ZQNPV2T,2026-06-01 16:26:21,2026-06-01,PRD-BYWRMCOHCO09,CLI-5CQS74CJZDFK,Transfer,,9240.75,USD,,Web,,,,México,Tijuana,Approved,00,False,11.28,,
TRX-Z7ZQDXNCGQ8MZV56KUXJ,2026-06-01 21:18:35,2026-06-01,PRD-26APFE7NCO21,CLI-QDP5U1LU6NJW,Transfer,,3871.7,USD,,ATM,SUC-QVGF07AP,,,México,Monterrey,Approved,,False,1.65,,
TRX-DZA4OL7B4RA3F7W65S03,2026-06-01 20:43:56,2026-06-01,PRD-OYG2ALUCBIQS,CLI-GC7W963CDODX,Transfer,,6384.15,USD,,ATM,SUC-SFEFYC6O,,,Brazil,Salvador,Approved,00,False,23.59,,
TRX-A21UEVFFVYJ090YCNFIW,2026-06-01 19:46:37,2026-06-01,PRD-2BU8UHCPMXCZ,CLI-D2DN9QXE0V29,Payment,Other,6393748.6,COP,1598.44,POS,,,,Colombia,Medellín,Approved,00,False,4.22,,
TRX-2O1EVVOFTE42O0Y3CV6L,2026-06-01 07:55:51,2026-06-01,PRD-KFG5AMJX8T7Y,CLI-N08LJU6A3ON6,Withdrawal,,129051.08,ARS,368.72,ATM,,,,Argentina,,Approved,00,False,18.15,-35.3086841,-57.7198723
TRX-F8IDWCYIN8LMX4VJVEZ3,2026-06-02 03:01:03,2026-06-01,PRD-S1MZ57BT5SEE,CLI-908SAA6T4FIZ,Purchase,Food,50547.43,ARS,144.42,ATM,SUC-ZSZKWMJL,Restaurante El Buen Sabor,Food,Argentina,Mendoza,Approved,00,False,17.49,,
TRX-XANIQ1YQN2MKPM5X6ADJ,2026-06-01 15:04:07,2026-06-01,PRD-S7HSV8XLEE5N,CLI-IPN4V0QIZAH4,Purchase,Food,401.92,USD,,ATM,SUC-033KHYS2,Super Ahorro,Food,México,Puebla,Approved,00,False,14.23,,
TRX-A3SQ0PP5YKE9Z8VK08BR,2026-06-02 03:37:28,2026-06-01,PRD-9O234VR70QR9,CLI-JVNPUV7YMYH2,Transfer,,2857.47,USD,,ATM,SUC-4ZFT9FN6,,,México,Ciudad de México,Approved,00,False,,,
TRX-5TL8F56EAQNE7T8C1XZO,2026-06-01 16:18:20,2026-06-01,PRD-TKPVXAO3QKAV,CLI-YW83VC12K1DD,Transfer,,7031.04,USD,,POS,,,,México,Monterrey,Approved,00,False,9.56,0.1055353,0.5243837
TRX-R5HIO355W6IS20LTJQGT,2026-06-01 06:05:03,2026-06-01,PRD-CLBJTFKNDRUO,CLI-WQC94CB4UPN4,Withdrawal,,187.52,USD,,POS,,,,México,Guadalajara,Approved,00,False,27.02,,
TRX-MZWC5U5FDTBIEM3XYYPD,2026-06-02 02:15:52,2026-06-01,PRD-WJVH1G4G7VSG,CLI-84ZCI2Q37SO8,Withdrawal,,128711.87,ARS,367.75,POS,,,,Argentina,La Plata,Approved,00,False,,,
TRX-K7G34LOJX9NSZK87W29G,2026-06-01 16:13:32,2026-06-01,PRD-ZP8BEECHIJQK,CLI-LSUCHHS9Y0SK,Transfer,,2878660.91,ARS,8224.75,ATM,SUC-4JYR8GOV,,,Argentina,Rosario,Approved,00,False,13.94,-35.4952824,-58.0943943
TRX-XVA3KI01RAHE9DIRMHHZ,2026-06-01 22:58:18,2026-06-01,PRD-WEJW1HRFDMO4,CLI-IEXIKICJTI7J,Purchase,Entertainment,381.8,USD,,ATM,SUC-P65ZGVH3,Streaming Music,Entertainment,México,Puebla,Approved,00,False,,,
TRX-IAI3FGNJEFAHU8I62OMO,2026-06-01 10:34:14,2026-06-01,PRD-W98K8J2ZM8AB,CLI-SO592FG6Y66F,Purchase,Services,455.07,USD,,POS,,Internet Plus,Services,México,Puebla,Approved,00,False,6.82,,
TRX-D1MCP9Q0T9BCJZB1W23E,2026-06-01 16:13:28,2026-06-01,PRD-WMGF0CHL2KG2,CLI-47W6V5NWO1R0,Payment,Food,1324068.1,COP,331.02,ATM,SUC-7P0XNXTG,,,Colombia,Cartagena,Approved,00,False,21.45,4.3698157,-73.9300576
TRX-32BBXTBXOCULIYZDUCVA,2026-06-01 14:42:37,2026-06-01,PRD-I6XV21V9VXE9,CLI-SEVQ0M60F6BU,Withdrawal,,382.62,USD,,ATM,SUC-9DE11KDA,,,México,Guadalajara,Approved,00,False,5.25,,
TRX-EAL2LM7OKW7CHSTSO54Q,2026-06-02 00:24:43,2026-06-01,PRD-WEDZQA8HWLC4,CLI-SRPKBWDA8PW4,Deposit,,4845782.65,COP,1211.45,ATM,SUC-84HXKY7Q,,,Colombia,Cali,Approved,00,False,,,
TRX-4HEUU0Y97Y9BSI68KJGO,2026-06-01 10:36:53,2026-06-01,PRD-7QZ9V1FTKX4Q,CLI-G277GBU9T87C,Deposit,,8914567.82,COP,2228.64,POS,,,,Colombia,Medellín,Approved,00,False,28.78,,
TRX-JMDSWMIE98ZR7WZ4ZDF0,2026-06-01 12:22:59,2026-06-01,PRD-SOY9RBISOFU4,CLI-O2K7D0C5GING,Purchase,Entertainment,405.05,USD,,POS,,Conciertos Live,Entertainment,México,,Approved,00,False,12.7,,
TRX-5NU2JP8BMCDDGQGIDC9K,2026-06-01 09:58:37,2026-06-01,PRD-U23POW4IA1S9,CLI-B62UJ0R2PUNS,Deposit,,1970.68,USD,,Web,,,,México,Ciudad de México,Approved,00,False,26.21,,
TRX-XITCNM3ABWGLFC4F3WMG,2026-06-01 06:03:53,2026-06-01,PRD-PGAAL6XUV6WI,CLI-SCTYM7I4WFLQ,Transfer,,1551662.41,ARS,4433.32,POS,,,,Argentina,Buenos Aires,Approved,00,False,1.82,-34.8562926,-57.8907363
TRX-GF95C8TE0BIO1A3HY8FN,2026-06-01 11:18:48,2026-06-01,PRD-1641QAJ2HYXU,CLI-7YJOW42OX2P9,Purchase,Other,764087.06,COP,191.02,ATM,SUC-Q56PLH2J,Centro Comercial,Other,Colombia,Bogotá,Declined,54,False,24.72,,
TRX-OYLHFO82W9LOVI6JQ4TJ,2026-06-01 20:48:25,2026-06-01,PRD-OFK5P217A3DD,CLI-M1M72FU696MF,Purchase,Services,230.05,USD,,ATM,SUC-XV1N3YM9,Servicios Públicos,Services,México,Querétaro,Declined,05,False,15.55,-0.3957094,-0.0420686
TRX-WHLA7I9DP8KMF82VNN08,2026-06-02 02:02:07,2026-06-01,PRD-1VREV9YH4X11,CLI-1G9F11EBDGIF,Purchase,Services,209.78,USD,,Web,,Cable TV,Services,Colombia,Bogotá,Declined,51,False,0.46,,
TRX-BYZ06LCMS1P84R5LHBZJ,2026-06-01 06:53:57,2026-06-01,PRD-HKS3EREC7YVU,CLI-6C4XYSQKKP4K,Purchase,Other,373.85,USD,,ATM,SUC-7SL55GEJ,Ferretería,Other,México,Tijuana,Approved,00,False,5.08,,
TRX-2SKML01JXHZFUNE80DK3,2026-06-02 00:05:49,2026-06-01,PRD-8BKRMJYXF6XG,CLI-K94SHGUQIOK5,Withdrawal,,112.87,USD,,ATM,SUC-S3V4CSL0,,,México,Tijuana,Approved,00,False,22.71,,
TRX-LNS5FNYCUH29NOOHYY83,2026-06-02 03:20:00,2026-06-01,PRD-30LH11IMKVR8,CLI-2A14I1U9USB8,Transfer,,20334675.96,COP,5083.67,ATM,SUC-4BEKYT6U,,,Colombia,Barranquilla,Approved,00,False,29.01,,
TRX-FITGDW77UNWPZBMPCH72,2026-06-01 16:57:05,2026-06-01,PRD-9RW1TACJL5RH,CLI-MAGJS9PVHM2X,Deposit,,2953.16,USD,,POS,,,,México,Querétaro,Approved,00,False,28.98,,
TRX-DOKLX4XKZDL2RBWCN02A,2026-06-02 01:02:28,2026-06-01,PRD-ESXIK3Z6Q240,CLI-OFWKBAEAK6XP,Transfer,,5460.43,USD,,Web,,,,México,Puebla,Approved,00,False,,,
TRX-QJRYL6T92BSJC4AE0LKZ,2026-06-02 01:06:26,2026-06-01,PRD-SZFPY0YSWWNL,CLI-G5OO5A9Y26HD,Payment,Entertainment,135.57,USD,,ATM,SUC-RJSJ0B0X,,,México,Puebla,Approved,00,False,18.35,0.2392422,0.1889124
TRX-YKE7JE68637S8C2BZAJR,2026-06-01 08:17:02,2026-06-01,PRD-H5VX5ZLULD6Q,CLI-4U99P3EYBLXO,Withdrawal,,1701138.47,COP,425.28,POS,,,,Mexico,Monterrey,Approved,00,False,8.34,,
TRX-OW6IT1PXPDPT8H03H036,2026-06-01 23:12:51,2026-06-01,PRD-V6M3T8ZJNBFC,CLI-3LDZ2VR2HHTM,Purchase,Transport,13.34,USD,,App,,Gasolinera Express,Transport,México,Ciudad de México,Approved,00,False,17.29,,
TRX-ZDH2ZZG6BUQT4ETWE124,2026-06-01 21:42:40,2026-06-01,PRD-TK32BC451RI3,CLI-70DTKFSJELK0,Payment,Health,2674962.44,COP,668.74,ATM,SUC-XV4BJ541,,,Colombia,Bogotá,Approved,00,False,,5.1311112,-73.9568783
TRX-LBBEJYHPNDAAO7E5WY0H,2026-06-02 05:57:58,2026-06-01,PRD-KCNK53YDENEZ,CLI-T2Y2SSC3LFU6,Deposit,,4034.68,USD,,ATM,SUC-KNGCTTUB,,,México,Guadalajara,Declined,05,False,0.28,,
TRX-X129GFSEX7JU4NRQ62DC,2026-06-01 08:45:47,2026-06-01,PRD-H6LHTZMCLRVZ,CLI-LJJUDJ5JN80M,Purchase,Food,331360.88,COP,82.84,POS,,Restaurante El Buen Sabor,Food,Colombia,Cali,Approved,00,False,2.9,,
TRX-YZ8NT86QSKQDOGEJCFRG,2026-06-01 09:55:24,2026-06-01,PRD-YFKTV8Y2WGHW,CLI-HXTQ4OTS4QOH,Purchase,Health,246.32,USD,,ATM,SUC-UHIX6KQ4,Óptica Visión,Health,México,Querétaro,Approved,00,False,21.94,-0.765004,-0.7815848
TRX-JJ8DNV976NIOK04WV89L,2026-06-01 08:32:23,2026-06-01,PRD-JVH8OKHISSLA,CLI-IZ56NZXO2FQ5,Payment,Other,1716.66,USD,,POS,,,,México,Monterrey,Approved,00,False,,,
TRX-UUKYJCK0KMRX50FXHXQX,2026-06-01 14:39:47,2026-06-01,PRD-1ETWR9PJA4N4,CLI-DO7UIAD98TKW,Purchase,Health,262.09,USD,,App,,Óptica Visión,Health,México,Guadalajara,Approved,00,False,,,
TRX-01Z3FVAVD6QZ3TAEVVJS,2026-06-02 01:33:38,2026-06-01,PRD-EG3OR9572TN1,CLI-898HYDPSE4K6,Purchase,Transport,269.24,USD,,ATM,SUC-FGQWMFNS,Taxi Seguro,Transport,México,Guadalajara,Approved,00,False,28.72,0.1667712,0.9121641
TRX-3BXN91SDBAS9881JMPGO,2026-06-02 05:37:18,2026-06-01,PRD-0Y8YQ87FN5BP,CLI-N4G2VN4NWGJS,Purchase,Health,362.38,USD,,POS,,Clínica Médica,Health,México,,Approved,00,False,0.82,,
TRX-0RC5LZZ8K40FGE9Q3KZH,2026-06-02 00:42:10,2026-06-01,PRD-0XLSZBZP123A,CLI-X6G942E3R5IJ,Payment,,890.74,USD,,Branch,SUC-AXDYB0RQ,,,México,Tijuana,Approved,00,False,,,
TRX-2U37T5AZ6AONJPCG37ND,2026-06-01 18:05:47,2026-06-01,PRD-8HEOBNO92MI9,CLI-PKL2MYHDP2KQ,Purchase,Entertainment,60831.14,ARS,173.8,ATM,SUC-RAI81ICG,Streaming Music,Entertainment,Argentina,Córdoba,Approved,00,False,1.35,,
TRX-6X0FIKMP0YV1WF0V9DQT,2026-06-01 22:38:47,2026-06-01,PRD-BIFKD98I5XSB,CLI-L8Z4UZW9DPU1,Adjustment,,371.8,USD,,ATM,SUC-8HPG0AE8,,,México,,Approved,00,False,27.01,,
TRX-94L82YR09FJG4PZ80A15,2026-06-01 17:09:48,2026-06-01,PRD-33GY9V8RI99K,CLI-K9CQOVM4ZA0L,Transfer,,36036572.18,COP,9009.14,ATM,SUC-QTKN7Z0R,,,Colombia,Barranquilla,Approved,00,False,,,
TRX-28H0GX93K7Y3JAGCIG60,2026-06-01 15:47:45,2026-06-01,PRD-4TST5TGPQ5Z2,CLI-ZC2L05JUT40E,Payment,Services,152089.73,ARS,434.54,POS,,,,Argentina,Buenos Aires,Approved,00,False,13.16,,
TRX-UTZMMG2L83DE3U65SVBU,2026-06-02 00:49:18,2026-06-01,PRD-RLAZ2ZGZTAK4,CLI-TY3XD36D7QLC,Withdrawal,,447.65,USD,,POS,,,,México,Puebla,Approved,,False,,-0.9145768,0.4687089
TRX-K2L032KY3UHDDBBTJQHK,2026-06-01 20:01:14,2026-06-01,PRD-BRLT7S5IWAQT,CLI-5UMGOD77SPGM,Purchase,Transport,127.07,USD,,Branch,SUC-4XKHST63,Gasolinera Express,Transport,Argentina,Buenos Aires,Approved,00,False,29.61,,
TRX-6HR69T54UMJGRKVB3TK1,2026-06-01 23:15:00,2026-06-01,PRD-YT38HAOWWOGU,CLI-G3XW1WHQSTBS,Payment,Health,325279.65,ARS,929.37,POS,,,,Argentina,Córdoba,Approved,,False,12.14,,
TRX-0AMR6Z9TVXY5D24DMQCC,2026-06-01 08:29:54,2026-06-01,PRD-5F1Z3JV8HAUV,CLI-GNJWOIE8Q7JP,Deposit,,2407.87,USD,,Transfer,,,,México,Ciudad de México,Approved,00,False,23.79,,
TRX-KG9XLWSQTQX08JF7EGTG,2026-06-01 14:15:17,2026-06-01,PRD-ZY48069S8H2U,CLI-949F6F1AW8Y6,Adjustment,,268067.39,ARS,765.91,POS,,,,Argentina,,Approved,00,False,,,
TRX-M55DS4XDW3QAY720GBHP,2026-06-01 08:33:41,2026-06-01,PRD-9AKGBFL11T6C,CLI-EBVNU8NSJE0U,Purchase,Food,11.64,USD,,ATM,SUC-ZAMLQY77,Restaurante El Buen Sabor,Food,México,,Approved,00,False,1.62,,
TRX-7X14YOHXRZLZX6JUR229,2026-06-02 03:05:34,2026-06-01,PRD-NLHIBA9189CF,CLI-PD5OI70CZX4E,Purchase,Other,978055.35,COP,244.51,ATM,SUC-2QR0HN01,Tienda General,Other,Colombia,Cartagena,Approved,00,False,4.16,4.672042,-73.8717657
TRX-RAXIHBMQSZJV4FNMX5S8,2026-06-01 09:54:36,2026-06-01,PRD-KI4571ZRVMFL,CLI-B8ACFB1UTB3T,Payment,Services,1767.32,USD,,App,,,,México,Querétaro,Approved,00,False,29.11,,
TRX-4KP1CBG1ENDBTOKGCNFW,2026-06-02 05:45:25,2026-06-01,PRD-ODBI0HT0PEKL,CLI-10PJTV9ZUXFJ,Withdrawal,,89485.86,ARS,255.67,ATM,SUC-BMVBUHCL,,,USA,Miami,Approved,00,True,20.49,,
TRX-PXTM5EFCVU4TW3N6NLFO,2026-06-02 02:44:44,2026-06-01,PRD-T6J1DQXH5NTR,CLI-HJCOX5WKJ23W,Purchase,Food,492.51,USD,,POS,,Restaurante El Buen Sabor,Food,México,Ciudad de México,Approved,00,False,19.17,-0.573621,0.6057408
TRX-N26UPL49YE69GWXGAMR5,2026-06-01 07:23:30,2026-06-01,PRD-F77KZV88Q4HF,CLI-8AKR4MIJIFPU,Withdrawal,,90813.37,ARS,259.47,POS,,,,Argentina,La Plata,Approved,00,False,29.36,,
TRX-I0QONDZY8IJMOY34V12J,2026-06-01 20:32:44,2026-06-01,PRD-254OR41ZLQDG,CLI-ZIINLJV3YOVW,Payment,Transport,1601.5,USD,,POS,,,,México,Ciudad de México,Approved,00,False,1.3,,
TRX-Q6BICZ8MZZPCQPJ56IGM,2026-06-01 11:04:45,2026-06-01,PRD-C952GVDUON8C,CLI-YWD051V3AUHB,Transfer,,1222.11,USD,,App,,,,México,Monterrey,Approved,00,False,8.34,,
TRX-GLEIQ9OJ1OYS515H3ZAJ,2026-06-01 06:30:08,2026-06-01,PRD-1UJ8A99EUVCA,CLI-LBHWL6LQ0QDQ,Withdrawal,,27.95,USD,,ATM,SUC-UBOAYTJG,,,México,Puebla,Approved,00,False,5.55,,
TRX-A5NSUB2B3D4CGE4XX9IU,2026-06-01 08:43:37,2026-06-01,PRD-WKJD0PFK36UT,CLI-PP1L0CGYBVEZ,Deposit,,3656.37,USD,,App,,,,México,Ciudad de México,Approved,00,False,,,
TRX-7AGX3A59XPZ4AWL3KVWH,2026-06-01 14:09:04,2026-06-01,PRD-R2KRK1YI7K41,CLI-3M81G5ALA5VV,Withdrawal,,350.07,USD,,ATM,SUC-2ATW7QMQ,,,México,Ciudad de México,Approved,00,False,24.04,0.9380315,0.378528
TRX-PXM9BZ3QDJDGDD77LM48,2026-06-02 04:29:23,2026-06-01,PRD-Y4817AT2Y8O9,CLI-EAUL3UY1HBJA,Payment,Food,329427.8,COP,82.36,ATM,SUC-U7NNFMS6,,,Colombia,Barranquilla,Pending,05,False,13.4,,
TRX-G0C14HX0TDXRTDN15EPD,2026-06-02 02:35:12,2026-06-01,PRD-OSOJBRIEFKFG,CLI-DZA97C2QXGJW,Transfer,,5200.74,USD,,ATM,SUC-2ATW7QMQ,,,México,Monterrey,Approved,00,False,1.68,-0.5523678,0.0383218
TRX-0MI7J8EQH72IFUNP3O5T,2026-06-02 01:18:44,2026-06-01,PRD-KMSLLNW2FN0H,CLI-YBP0JZQ1CSC9,Purchase,Food,89.14,USD,,POS,,Mercado Central,,México,Querétaro,Approved,00,False,29.81,,
TRX-XTQMQYWZ1PXDGWVUMQ5X,2026-06-01 22:30:30,2026-06-01,PRD-PFTDFW5TMSKX,CLI-UQX4ZL63JBPZ,Deposit,,4355.1,USD,,POS,,,,Colombia,Bogotá,Approved,00,False,0.14,4.6008979,-74.0506519
TRX-MRR885R5HZ81QUDRHEB5,2026-06-02 02:20:53,2026-06-01,PRD-1C8FR8CJT6LS,CLI-R4L206VOYKYH,Transfer,,21487398.37,COP,5371.85,POS,,,,Colombia,Cali,Approved,00,False,10.03,,
TRX-AI1LZ6CSQL78QPO9CUTD,2026-06-01 17:43:41,2026-06-01,PRD-K554MKT1GQ6E,CLI-CHLYTVV2O4E9,Deposit,,1047.64,USD,,ATM,SUC-JRR5Z8WK,,,México,Puebla,Approved,00,False,12.41,,
TRX-UCRKFQYS6Z4VYOEF6TZH,2026-06-02 00:50:26,2026-06-01,PRD-97CT06MHSQMI,CLI-P9ZI36ANEH1Q,Withdrawal,,40.53,USD,,POS,,,,México,Querétaro,Approved,00,False,4.91,,
TRX-S306W71TKODB59NMMXAB,2026-06-01 12:09:14,2026-06-01,PRD-WZ6UBASG5FNW,CLI-SB3C9D851IPW,Purchase,Transport,139.0,USD,,ATM,SUC-F03D129S,Gasolinera Express,Transport,México,Tijuana,Approved,00,False,,,
TRX-LMCKQJRU4GMD91T0YD9J,2026-06-01 12:45:52,2026-06-01,PRD-QMII8TFE2STS,CLI-R0C0NEQ8MMQ0,Withdrawal,,914679.29,COP,228.67,POS,,,,Colombia,Cartagena,Approved,00,False,20.2,,
TRX-XEMU8IZRGCHXCPPBVJDP,2026-06-01 14:22:45,2026-06-01,PRD-951A90S81E7F,CLI-HHCBG0HEYKK4,Payment,Entertainment,1554414.37,COP,388.6,ATM,SUC-2LW7L4Y3,,,Colombia,,Approved,00,False,3.74,,
TRX-2SVUHIRVSX4MO24DZSYB,2026-06-02 05:33:11,2026-06-01,PRD-HSYZL5OD5AIF,CLI-LL0Z6VSN5VEC,Transfer,,27088098.88,COP,6772.02,App,,,,Colombia,Barranquilla,Approved,00,False,29.76,,
TRX-938SDUTQ9DXML64DHKHZ,2026-06-01 08:16:06,2026-06-01,PRD-G3ZH5FRLPIN8,CLI-X8NDAN1AGVEY,Purchase,Entertainment,386.03,USD,,Web,,Streaming Music,,México,Querétaro,Approved,00,False,,,
TRX-27ALQAJ6GHPRV8SFL3R9,2026-06-01 16:08:13,2026-06-01,PRD-OD8YMSG8WR4B,CLI-DZ58E5I85MPD,Purchase,Health,121535.19,ARS,347.24,POS,,Clínica Médica,Health,Argentina,Mendoza,Approved,,False,11.13,,
TRX-LXRVOX5NOXLRI0L3IVRI,2026-06-02 01:45:53,2026-06-01,PRD-3I88CRFAUV7G,CLI-C84KYW5F9NO3,Withdrawal,,154.1,USD,,POS,,,,México,Querétaro,Approved,00,False,7.38,-0.9827569,0.9933911
TRX-Q1MS7D3EHLSJRJVSNEUW,2026-06-01 19:37:07,2026-06-01,PRD-TAEOVDS8KUW1,CLI-6T5MVM0QPHZZ,Transfer,,3661.31,USD,,App,,,,México,Ciudad de México,Approved,00,False,14.08,,
TRX-GS4E52KK5H4DETX8A0GE,2026-06-01 07:39:51,2026-06-01,PRD-IA5LREU0USHA,CLI-YO9V3KCCFEPJ,Purchase,Food,47985.61,ARS,137.1,ATM,SUC-F321UEME,,Food,Argentina,La Plata,Approved,00,False,28.47,-34.5830815,-58.5717112
TRX-KXSAEZYTJO2Q9EM8V6AV,2026-06-01 07:40:36,2026-06-01,PRD-F5UIMG2S01HG,CLI-50C4XPKKNIP6,Transfer,,6552.53,USD,,ATM,SUC-8QU1XFUX,,,México,Puebla,Approved,00,False,23.05,,
TRX-IKRJVJL74VD4R44LO2KL,2026-06-01 11:42:30,2026-06-01,PRD-7JS8DV1GS5B2,CLI-LIJ8KLBZCEUY,Purchase,Transport,371.04,USD,,Web,,Estación de Servicio,Transport,México,Tijuana,Pending,51,False,,,
TRX-XH76JLNHO4N0ZN2TC8Y6,2026-06-01 12:32:15,2026-06-01,PRD-WHI8L8ROQGKP,CLI-H8W96XH6JIPW,Withdrawal,,461.38,USD,,POS,,,,México,Tijuana,Approved,00,False,12.96,-0.7665355,-0.726823
TRX-LNOUJ3AW2ACCZIBSURPK,2026-06-01 09:02:18,2026-06-01,PRD-8XUWIGU8N2OS,CLI-ZBDA0F9LGKET,Payment,Food,4356819.46,COP,1089.2,Web,,,,Colombia,Cali,Reversed,51,False,19.58,,
TRX-10FXKJN5O7186AXXM6LD,2026-06-01 12:02:05,2026-06-01,PRD-E99DOXOKE5Q5,CLI-55D0R3VIIFPT,Deposit,,4003.69,USD,,POS,,,,México,Guadalajara,Declined,14,False,13.4,,
TRX-LKJ97U67BN57FXRDC61N,2026-06-02 03:34:40,2026-06-01,PRD-MDTX6BTYM9QJ,CLI-RY2MDL1M38JV,Withdrawal,,469.91,USD,,App,,,,México,Ciudad de México,Approved,,False,7.5,,
TRX-KX2IK3QKB7HYIFIZ2ZR5,2026-06-01 21:53:38,2026-06-01,PRD-T3D2UY8RJ6X7,CLI-GMIXDPKZCYMM,Payment,,3737268.3,COP,934.32,ATM,SUC-KJBGVLU5,,,Colombia,Barranquilla,Approved,00,False,10.06,,
TRX-7G94R62WQ6WUISFBHT11,2026-06-01 20:27:32,2026-06-01,PRD-ITI50XB51AF8,CLI-2IMCJ12UO9QP,Transfer,,2738326.13,ARS,7823.79,App,,,,Argentina,Rosario,Approved,00,False,15.18,,
TRX-58G2S2RSPWGGXQPWKNRU,2026-06-01 08:57:14,2026-06-01,PRD-B6T5K3MN165B,CLI-CZRF1X4ULZC0,Purchase,Entertainment,211.46,USD,,Web,,Conciertos Live,Entertainment,México,Guadalajara,Approved,00,False,,,
TRX-WDS3QVIUGPOQH7Q8KRX5,2026-06-01 21:57:51,2026-06-01,PRD-Y5SPNHQD0A2G,CLI-5YU067AZ7B84,Payment,,6959025.97,COP,1739.76,Web,,,,Mexico,Ciudad de México,Approved,00,False,16.6,,
TRX-EQJBURCB5IG8VB8Q1S6R,2026-06-02 04:37:03,2026-06-01,PRD-ZQKIUAWYIAZ6,CLI-2WC56GROXHW0,Transfer,,547998.24,ARS,1565.71,POS,,,,Argentina,La Plata,Approved,00,False,28.97,,
TRX-Y6ZXLPBUJO6KGZFQ7U6O,2026-06-01 20:32:39,2026-06-01,PRD-JD71XIBIBC3S,CLI-T8NM87K08BZI,Purchase,Services,233.86,USD,,ATM,SUC-Z39EOE70,Servicios Públicos,Services,México,Monterrey,Approved,00,False,17.56,,
TRX-JEVKXTXEIDG8J1MCMZWR,2026-06-02 02:12:17,2026-06-01,PRD-8XYUG99XUNJN,CLI-EM0NY09UH5LI,Purchase,Transport,36.73,USD,,ATM,SUC-12NKB9OB,Taxi Seguro,Transport,México,Ciudad de México,Approved,00,False,21.48,,
TRX-B001ZIYKPTNJHTRCS3V5,2026-06-01 20:47:29,2026-06-01,PRD-52VQOEJOOV79,CLI-CYXW6NJUAVM0,Deposit,,823.61,USD,,ATM,SUC-JD6LDRA8,,,México,Guadalajara,Approved,00,False,23.98,,
TRX-GSIOP0T8X9WYN4L6ASRQ,2026-06-02 02:09:38,2026-06-01,PRD-JPFBQ11WDX1D,CLI-W1A54ZPNER07,Transfer,,3435915.47,COP,858.98,POS,,,,Colombia,Medellín,Approved,00,False,1.67,,
TRX-UQE64IMIOUYXARTY0COY,2026-06-02 04:08:01,2026-06-01,PRD-19ZM3KB9YSFZ,CLI-OL1YB9JFAQZE,Deposit,,3870.36,USD,,App,,,,México,Tijuana,Approved,00,False,,,
TRX-TJ1EC3W5S1VOEEYM8X95,2026-06-01 22:18:57,2026-06-01,PRD-K7CVFM8EK04Q,CLI-IXW14SM1BKF0,Transfer,,239.5,USD,,ATM,SUC-CUMTPAM3,,,México,Monterrey,Approved,00,False,29.86,,
TRX-T4E5JUKUUM4V18WOJXDY,2026-06-01 11:42:07,2026-06-01,PRD-N34JWLI121PK,CLI-OF5NR693V8HT,Transfer,,5128.05,USD,,POS,,,,México,Monterrey,Approved,00,False,,,
TRX-VQW4UZY5RVTBRNY3E8Z2,2026-06-02 02:04:14,2026-06-01,PRD-6B2MP5E35A49,CLI-GIVLFRXDA39B,Purchase,Food,468.59,USD,,Web,,Tienda Don José,Food,Argentina,Buenos Aires,Approved,00,False,,,
TRX-EQ7DBI21X2T2WY2US4KZ,2026-06-01 20:07:39,2026-06-01,PRD-J51HTA572MEB,CLI-3FOUQII9TEUK,Transfer,,6206.71,USD,,App,,,,México,Tijuana,Approved,00,False,,,
TRX-7DAQT4LBSYWDKJELURZH,2026-06-02 01:12:51,2026-06-01,PRD-QW0HTBF1EEV4,CLI-J51I28GKFQW8,Purchase,Food,497.52,USD,,ATM,SUC-4ML8OJM1,Mercado Central,Food,México,Querétaro,Declined,05,False,29.82,,
TRX-5IDRRPVJLJAR6VBD47VE,2026-06-01 09:52:59,2026-06-01,PRD-TXGSB6P5DH6A,CLI-NSOICJ5BLFV3,Purchase,Food,458.34,USD,,POS,,Restaurante El Buen Sabor,Food,México,,Approved,00,False,17.98,,-0.5590505
TRX-02ROIFFPFYADCDTOZ3QX,2026-06-01 09:32:35,2026-06-01,PRD-UAH5HJR6FBOR,CLI-OFLUFWYXWKFN,Payment,Food,55795.01,ARS,159.41,POS,,,,Argentina,Córdoba,Approved,00,False,2.17,,
TRX-U3OHY21851D38KW6TZJP,2026-06-01 14:58:43,2026-06-01,PRD-SPFNS690FGEK,CLI-AGOS8DY0T37T,Purchase,Entertainment,97.82,USD,,ATM,SUC-SCFDICUT,Conciertos Live,Entertainment,México,Monterrey,Approved,00,False,16.18,0.6370818,-0.0840823
TRX-I4ZNXFYTV9JCIIB3567C,2026-06-02 02:15:49,2026-06-01,PRD-BF14ZFZKLJJ6,CLI-9HBSSW1VYCGY,Purchase,Transport,61542.67,ARS,175.84,ATM,SUC-Y7VHYCDG,Estación de Servicio,,Argentina,Córdoba,Approved,00,False,27.61,,
TRX-7G52NL7TJXXOE82LXESJ,2026-06-01 18:50:52,2026-06-01,PRD-2M52R7WWOQC5,CLI-OW8BGBL2XQYL,Payment,Services,1011.82,USD,,ATM,SUC-KNGCTTUB,,,México,Querétaro,Approved,00,False,,-0.6690247,
TRX-EEWHPPU9PEGMLBOO91UH,2026-06-01 16:01:59,2026-06-01,PRD-WIPUQ5IMPEYJ,CLI-Q4RMLGBQHINP,Transfer,,818302.65,ARS,2338.01,Web,,,,Argentina,Córdoba,Reversed,51,False,19.07,,
TRX-TQVSBEX939JX7UWU1012,2026-06-02 02:37:05,2026-06-01,PRD-FMYGKAZ1IEXG,CLI-C5CAGJPEJVA9,Deposit,,1513.45,USD,,POS,,,,México,,Reversed,05,False,6.32,-0.6051725,0.7277423
TRX-MAN1Q2JIMLYKN1GUR34C,2026-06-02 01:13:02,2026-06-01,PRD-YID4ANFKA0DX,CLI-KI3PPP63HU13,Purchase,Other,17.98,USD,,ATM,SUC-JJT8C9XQ,Ferretería,Other,Mexico,Monterrey,Approved,00,False,16.06,,
TRX-2NUNWSKHY5QHM5J4CY1D,2026-06-01 17:25:20,2026-06-01,PRD-XP0P8CCGLHEF,CLI-Y65F6PXY6AE0,Transfer,,325.22,USD,,POS,,,,México,Tijuana,Approved,00,False,,,
TRX-VZVGQV05PJA0GNXKHP63,2026-06-01 14:34:37,2026-06-01,PRD-65ZGM0FP3F9C,CLI-UY89E4VHEL0K,Withdrawal,,109198.02,ARS,311.99,Branch,SUC-YV8Q78LJ,,,Argentina,Buenos Aires,Approved,00,False,7.16,-33.663879,-58.2926085
TRX-TGDXU4OR8MIOBA85NTWX,2026-06-01 19:40:01,2026-06-01,PRD-R79AHOTRN9MX,CLI-LFJK5JRSMHWE,Purchase,Entertainment,129.1,USD,,ATM,SUC-12NKB9OB,Teatro Nacional,Entertainment,México,Guadalajara,Approved,00,False,11.96,,
TRX-R1M8YG8E6CQ27WI6S4VN,2026-06-01 09:20:49,2026-06-01,PRD-N1YGIW5GJ5WJ,CLI-GF1DFMG7UKBB,Withdrawal,,166.39,USD,,Web,,,,México,Puebla,Approved,00,False,1.36,,
TRX-LHRUJM6I0HLPBZUQ36W6,2026-06-01 19:19:39,2026-06-01,PRD-0LHOXQIICH1L,CLI-EQROLZA0F3OF,Payment,Services,1804.74,USD,,Web,,,,México,Tijuana,Approved,00,False,13.67,,
TRX-HWGFBI9T4HBYSIMBREFZ,2026-06-01 23:29:32,2026-06-01,PRD-OQKURAIKLUZ7,CLI-23EI605Y4MH6,Adjustment,,696.14,USD,,POS,,,,México,Querétaro,Approved,00,False,,,
TRX-M80EIE2LEG88HGPQ45LX,2026-06-02 04:37:01,2026-06-01,PRD-Z31JBSY9T704,CLI-MZIX19ZFKMSV,Transfer,,20316962.9,COP,5079.24,POS,,,,Colombia,Medellín,Approved,00,False,9.55,4.1087024,-74.0422244
TRX-I1RC12AU0VN86E34GMS5,2026-06-01 22:44:19,2026-06-01,PRD-UCI5YRYNEHPS,CLI-MXXTAQ6FK5GN,Withdrawal,,344.66,USD,,App,,,,México,Tijuana,Approved,00,False,29.1,,
TRX-KERWZW0DLR1C62HVNWGY,2026-06-02 02:20:02,2026-06-01,PRD-03U1VGAP9HX5,CLI-36XBS0X17GZI,Transfer,,1410314.52,COP,352.58,POS,,,,Colombia,Medellín,Approved,00,False,4.78,,
TRX-P6P2BWOOWJXYH5JN46EG,2026-06-01 06:23:32,2026-06-01,PRD-CNJAV7SNJJ58,CLI-G3OK02BW37BU,Withdrawal,,31271.87,ARS,89.35,ATM,SUC-3JIR51SL,,,Argentina,Rosario,Approved,00,False,15.89,,
TRX-V20QJ08B30JXIASYRPFQ,2026-06-01 13:14:34,2026-06-01,PRD-YY587SL1Y8CC,CLI-KQM3SB2FC1YY,Withdrawal,,386.72,USD,,Web,,,,Colombia,Barranquilla,Approved,00,False,20.05,,
TRX-Z0FRXOL812H7J111FRG5,2026-06-02 04:40:13,2026-06-01,PRD-I6NSIBJOTR85,CLI-C5C1ID4UJ8BC,Payment,Services,200475.42,ARS,572.79,App,,,,Argentina,Buenos Aires,Approved,00,False,9.2,,
TRX-MTLYAMYPT09HOVYRDME3,2026-06-01 16:27:19,2026-06-01,PRD-VR9VAKTU53VU,CLI-M1FO0YMK0166,Deposit,,1310.91,USD,,ATM,SUC-UHIX6KQ4,,,México,Puebla,Approved,00,False,11.22,,
TRX-QB0P0AVIB9LBO99O6GCS,2026-06-01 17:49:46,2026-06-01,PRD-2KQBGB621FYI,CLI-968NX33SGR3G,Withdrawal,,257.82,USD,,POS,,,,México,Ciudad de México,Approved,00,False,25.6,0.78751,0.5360837
TRX-EQIQ1DCRJPGN5RB0SHGL,2026-06-02 03:38:40,2026-06-01,PRD-ITLFT9YYG8NL,CLI-HOMZ2O7QEWUY,Withdrawal,,36647.31,ARS,104.71,POS,,,,Argentina,La Plata,Approved,00,False,0.76,-34.2177267,-59.1105452
TRX-AWLEDGO08441G6WUZ5Q8,2026-06-01 11:27:54,2026-06-01,PRD-G2W0H5XI9H6K,CLI-MHBP0THQPYHU,Payment,Transport,806.59,USD,,Web,,,,México,Ciudad de México,Approved,00,False,14.47,,
TRX-PFG78O3W714P20W8MZ23,2026-06-02 05:24:28,2026-06-01,PRD-FR443O5UXEMM,CLI-KAHQIN53RAYO,Purchase,Services,1381967.94,COP,345.49,POS,,Internet Plus,Services,Colombia,Medellín,Approved,00,False,17.17,4.3908185,-73.4183232
TRX-R28COFQTLZ69PDDKCWMJ,2026-06-01 15:09:45,2026-06-01,PRD-JFB1LHL4ZGFT,CLI-PENNGLJPTJAC,Purchase,Food,78302.17,ARS,223.72,Transfer,,,Food,Argentina,Córdoba,Approved,00,False,28.27,,
TRX-I4IUUCXEHIISG8AJ0SLK,2026-06-01 22:42:45,2026-06-01,PRD-KDW8IIZB0VCP,CLI-AV5JI60TI8PD,Purchase,Other,127183.99,ARS,363.38,POS,,Centro Comercial,Other,Argentina,,Approved,00,False,,,
TRX-NHFDHI3L6O9YXPPY61RZ,2026-06-02 01:56:20,2026-06-01,PRD-P32QMUD518G1,CLI-QG2T9JU93ZWK,Deposit,,4150.07,USD,,Web,,,,Argentina,Mendoza,Declined,05,False,23.44,,
TRX-0KNMGD3ATU9F0OUUE8UV,2026-06-01 13:11:02,2026-06-01,PRD-4PU18FM62UYI,CLI-L5PZ3FK5E6Z4,Transfer,,26361838.52,COP,6590.46,ATM,SUC-GPHM9NB1,,,Colombia,Cali,Approved,00,False,2.64,5.58397,-74.5777619
TRX-LINQGTJA7WRINR49FTYM,2026-06-01 15:28:26,2026-06-01,PRD-PGRMJIQHA0AE,CLI-0ZT7KWUAS7WI,Purchase,Other,104142.55,ARS,297.55,POS,,Centro Comercial,Other,Argentina,Rosario,Approved,,False,28.38,-34.5117888,
TRX-JM091AJAV5XC9D5PL1PG,2026-06-01 18:39:02,2026-06-01,PRD-BO8CJR0CUHXG,CLI-TFYTPKI0XTZ6,Payment,Other,1046.22,USD,,ATM,SUC-M8AEJ2A4,,,Mexico,Puebla,Declined,05,False,9.86,,
TRX-0I9E3CF4DCXLV0JSNI7J,2026-06-01 16:48:37,2026-06-01,PRD-JZCCBZWFLRQW,CLI-11WLAJTZ5MAN,Purchase,Services,405.9,USD,,ATM,SUC-M3Y8BT51,Cable TV,Services,México,Tijuana,Approved,00,False,4.86,,
TRX-EDVD5E3FTWZPOPEQN8N7,2026-06-01 19:26:04,2026-06-01,PRD-1SZRX12JG3NM,CLI-FCG4IYLZURON,Transfer,,1947.8,USD,,App,,,,México,Querétaro,Approved,00,False,7.84,,
TRX-PEUT48OZBOYA525EYJ8R,2026-06-01 15:14:21,2026-06-01,PRD-GCFVBQTUYZPN,CLI-YWC3RHBJNPGS,Transfer,,397741.81,ARS,1136.41,ATM,SUC-G7HRTTDE,,,Argentina,La Plata,Approved,00,False,19.41,,
TRX-BMY857DLTF7U4RTSST2K,2026-06-01 16:49:01,2026-06-01,PRD-ZOA12J9M3ZVO,CLI-Y0PME4IF4YPH,Purchase,Services,297.37,USD,,ATM,,Empresa Telefónica,Services,Colombia,Barranquilla,Approved,00,False,13.66,,
TRX-EDMYJPHNP74KSABQ28LH,2026-06-02 04:16:42,2026-06-01,PRD-17UJHTN9I0HC,CLI-F3YAMYUPC5X4,Withdrawal,,336.38,USD,,ATM,SUC-I3D08YZO,,,México,Ciudad de México,Pending,05,False,,,
TRX-Q6NZPICZ0WBEKX25N0PC,2026-06-01 13:26:55,2026-06-01,PRD-FBO6OCEYVUGC,CLI-X98N1GPRB692,Purchase,Services,95.11,USD,,ATM,,Cable TV,Services,México,Puebla,Approved,00,False,9.5,0.7088343,0.5021754
TRX-WPBE0QFA75JKDTQV45TJ,2026-06-01 20:52:10,2026-06-01,PRD-N42U41Z6G7IM,CLI-UYCWIB5SDM83,Withdrawal,,1850052.21,COP,462.51,ATM,SUC-M447M9GU,,,Colombia,Bogotá,Approved,00,False,8.28,3.9060098,-73.4700033
TRX-V5GUBRUFGQ7YRR7WDT5Y,2026-06-01 09:10:00,2026-06-01,PRD-98HK2SS9X4RM,CLI-JA19361YGN85,Purchase,Health,52.48,USD,,ATM,SUC-QMYSBASD,Laboratorio Central,,México,Monterrey,Approved,00,False,27.86,,
TRX-9UON59NXM6WGJ5PF2QIP,2026-06-01 16:58:16,2026-06-01,PRD-KPNF4GBRSIPC,CLI-GT1WKAE54W3K,Deposit,,852941.95,ARS,2436.98,POS,,,,Argentina,Mendoza,Approved,00,False,,-34.8722638,
TRX-KDBZRYL9J5M5UADJO4SD,2026-06-02 03:33:46,2026-06-01,PRD-Y7838WCHJFQR,CLI-W8XOUOJVSKDL,Purchase,Entertainment,29.93,USD,,ATM,SUC-6RHR3MME,Cine Premium,Entertainment,México,Tijuana,Declined,54,False,3.4,-0.3457938,-0.787213
TRX-0JUYAEOD7WE3DS9E9NPG,2026-06-01 16:10:17,2026-06-01,PRD-GPR1QHGT95J7,CLI-ZV2X770HZ3XQ,Purchase,Other,61.33,USD,,App,,Ferretería,Other,México,Tijuana,Approved,00,False,,,
TRX-XMYVRJXSRIWS5NO5VMQS,2026-06-01 23:38:19,2026-06-01,PRD-71L56JAT0NUY,CLI-XJQ3QAFN2IWN,Payment,Transport,1196719.13,COP,299.18,App,,,,Colombia,Barranquilla,Approved,00,False,28.27,,
TRX-0CTX75LKHGIP3G96NHAZ,2026-06-01 16:30:39,2026-06-01,PRD-G6KL456VHYAN,CLI-ASQL48LLVI9J,Withdrawal,,314.89,USD,,ATM,SUC-I3D08YZO,,,México,Monterrey,Reversed,51,False,26.36,-0.1275958,-0.099617
TRX-TTI0ONFZYXGM3FSQSXKW,2026-06-02 00:26:42,2026-06-01,PRD-1TIM5BGLE31K,CLI-YYVB1GQGFWKQ,Withdrawal,,1258036.79,COP,314.51,POS,,,,Colombia,Medellín,Approved,00,False,17.62,,
TRX-H6S00BRM04V6KR7Q12ZR,2026-06-01 17:15:11,2026-06-01,PRD-AH53AIRRGJRQ,CLI-WAQ4LA95J43A,Purchase,Other,91.65,USD,,ATM,SUC-JGJN78RV,Ferretería,Other,México,Monterrey,Approved,00,False,27.67,,
TRX-NOBSLK7JPWG5QITRD9LA,2026-06-02 04:02:58,2026-06-01,PRD-OCFCFAK1QDT2,CLI-X0CEVETE9087,Purchase,Transport,352.49,USD,,Transfer,,Uber,,México,Querétaro,Approved,00,False,10.28,,
TRX-AFR529PIUZB8HTRJ58YE,2026-06-01 21:26:30,2026-06-01,PRD-CF8TH3NRHRY9,CLI-QZFE2OD3FR0Y,Transfer,,33573567.95,COP,8393.39,Web,,,,Colombia,Cali,Approved,00,False,10.21,,
TRX-MD2KQ342L3SAZDRY8D9Z,2026-06-01 20:04:20,2026-06-01,PRD-560K0EAR5MKI,CLI-3INE5YW86CJW,Deposit,,1859.11,USD,,App,,,,México,,Approved,00,False,11.01,,
TRX-16UM6ZZXL6A7GJ8XP0SR,2026-06-01 09:52:04,2026-06-01,PRD-JZCWM7J0NQB2,CLI-6LN7T5E6KDCA,Withdrawal,,191.67,USD,,ATM,SUC-P3KNB4PY,,,México,Tijuana,Approved,00,False,,-0.4266616,-0.760756
TRX-85J829EXUCIYI6BW7E2A,2026-06-01 16:01:58,2026-06-01,PRD-7R717HN9LFPM,CLI-FOLX79DSMF87,Purchase,Transport,479.84,USD,,POS,,Taxi Seguro,Transport,México,Puebla,Declined,54,False,,,
TRX-VSRY501P2JG38HX1SIVQ,2026-06-01 13:25:05,2026-06-01,PRD-AKEQV6MOS977,CLI-U5C9EGEPYN5V,Purchase,Food,455.49,USD,,App,,Restaurante El Buen Sabor,Food,México,,Approved,00,False,23.08,,
TRX-KPMNN410A5G73WET5OUF,2026-06-02 01:57:02,2026-06-01,PRD-LC9Q7K3W37JW,CLI-JSHI0U3116KG,Deposit,,3362.12,USD,,POS,,,,México,Querétaro,Approved,00,False,24.54,-0.5167072,-0.397285
TRX-RXUBKGAE8GAQ4PITMOI2,2026-06-01 14:52:19,2026-06-01,PRD-IZHTUX0OFCBL,CLI-R5ABKP6NPT4P,Purchase,Entertainment,1099912.5,COP,274.98,POS,,Teatro Nacional,Entertainment,Colombia,Cartagena,Approved,00,False,,,
TRX-MDXHFMQNHO8WJDRJUCVW,2026-06-01 23:05:42,2026-06-01,PRD-YSC6HGXVGKIY,CLI-WS1UR9WN4H1R,Deposit,,2266.4,USD,,App,,,,México,,Approved,00,False,7.45,,
TRX-3U8LXQPFTOA02ZATQKVY,2026-06-02 02:53:23,2026-06-01,PRD-M0BBLF170DKD,CLI-23O4YB5GS2VO,Withdrawal,,68149.27,ARS,194.71,ATM,SUC-7HQXDYLE,,,Argentina,Rosario,Approved,00,False,6.14,,
TRX-DJ2ZF0OC350FOJGTN3VG,2026-06-01 20:07:32,2026-06-01,PRD-M6NO1818QN55,CLI-D0SAIW18RVP8,Payment,Services,1229.61,USD,,Web,,,,México,Ciudad de México,Approved,,False,,,
TRX-CM9AYGOMNDQ0PKXZAE1T,2026-06-01 20:24:39,2026-06-01,PRD-ON3HP1NLOIZ2,CLI-S5PYFHPXF1H1,Transfer,,1120.79,USD,,ATM,,,,México,Tijuana,Approved,00,False,2.73,,
TRX-2ZBT280U5I8HNW9KU54B,2026-06-01 22:15:39,2026-06-01,PRD-ZP3ZDO69WD0R,CLI-KJLKUBEYN5VB,Withdrawal,,262292.74,COP,65.57,POS,,,,Colombia,Barranquilla,Approved,00,False,28.26,,
TRX-HW6KNY25P2UQ30QV0MFZ,2026-06-01 14:50:14,2026-06-01,PRD-TK01UWYT7JHW,CLI-B38PIMXXOE0F,Purchase,Services,1354902.62,COP,338.73,POS,,Servicios Públicos,Services,Colombia,Bogotá,Approved,00,False,1.31,,-74.2489569
TRX-M29I7WI7GE6TFUSYHFK3,2026-06-02 05:33:28,2026-06-01,PRD-VAZR0G9X2WOK,CLI-53RPQG545H1D,Withdrawal,,1504064.72,COP,376.02,Web,,,,Colombia,Bogotá,Approved,00,False,,,
TRX-JSUI3QHT7QJTKGJN06KD,2026-06-01 19:51:18,2026-06-01,PRD-UDGRSCOUAGYU,CLI-8GISNHGUYY4N,Purchase,Entertainment,208.62,USD,,POS,,Streaming Music,Entertainment,Brazil,São Paulo,Approved,00,False,21.01,,
TRX-6WAQ9VONEDPBERFUJE4G,2026-06-01 08:39:47,2026-06-01,PRD-LIW8AIPZET5B,CLI-K5TKLN7HJ3ZU,Adjustment,,817.21,USD,,ATM,SUC-JA4P9IIP,,,Colombia,Bogotá,Declined,05,False,25.7,,
TRX-JAYSR01ZVRX5P8CGOYV3,2026-06-01 10:59:26,2026-06-01,PRD-L2CLH9EJPDRY,CLI-IRW4K1SPVJ44,Withdrawal,,157.51,USD,,App,,,,Colombia,Medellín,Approved,00,False,,,
TRX-XEBEEV22CNBUX7LXPGCX,2026-06-01 07:30:09,2026-06-01,PRD-DV065TTNWTNZ,CLI-528CABQE2023,Purchase,Health,52116.5,ARS,148.9,App,,Farmacia Salud,Health,Argentina,Rosario,Approved,00,False,27.19,,
TRX-KAE0HQ4FF7GKRD6EZ3BK,2026-06-01 12:49:05,2026-06-01,PRD-LYPYKU3177HN,CLI-CWAKU5SE0CEP,Transfer,,7899.37,USD,,ATM,SUC-OLTX380V,,,México,Monterrey,Approved,00,False,27.02,-0.5802879,-0.5359799
TRX-82BVMIKLN6JW3LI0TOVF,2026-06-01 16:49:43,2026-06-01,PRD-7JTVHV6UPQJ6,CLI-HROL45YXX7JW,Deposit,,14297319.82,COP,3574.33,POS,,,,Mexico,Puebla,Approved,00,False,6.62,,
TRX-P6E6JP1QEH6M3IVD679F,2026-06-02 05:48:57,2026-06-01,PRD-F4GUI0SE3UTJ,CLI-TGX5YCOBV4UO,Transfer,,2283299.6,ARS,6523.71,App,,,,Argentina,Rosario,Approved,00,False,2.09,,
TRX-XZBQR8HYMLPC7XJ7MP6H,2026-06-01 17:45:16,2026-06-01,PRD-T59SGHX8YERI,CLI-LBILLE6SSGCQ,Deposit,,5399706.98,COP,1349.93,POS,,,,Colombia,Medellín,Approved,00,False,16.63,4.11495,-74.0619837
TRX-O8TAWOG7S2L0WGKUXI2O,2026-06-01 15:05:53,2026-06-01,PRD-4Y50SLJ6JI94,CLI-27S1WIH0TPXX,Purchase,Other,860902.13,COP,215.23,ATM,SUC-KY2QIURA,Boutique Moda,Other,Colombia,Bogotá,Approved,00,False,23.57,3.8683739,-73.8612573
TRX-0KGVIKBI7XMROWQJM3U4,2026-06-01 20:30:48,2026-06-01,PRD-N6GAGGJAV8PQ,CLI-5YFKBVUU2NQ7,Transfer,,9764.37,USD,,App,,,,México,,Approved,00,False,2.63,,
TRX-DO1WJT0ISPCDVVVP1BJC,2026-06-01 09:46:12,2026-06-01,PRD-Q9L5A33AX99L,CLI-NHS6MUTJMR1B,Withdrawal,,473.41,USD,,Branch,SUC-QVGF07AP,,,México,Monterrey,Approved,00,False,6.28,-0.8079794,0.4064312
TRX-ZG94QXWVHUN6PWL52H96,2026-06-02 02:15:37,2026-06-01,PRD-32CLQP1874XJ,CLI-CZAZ2N3JBXH5,Adjustment,,919.01,USD,,Web,,,,México,Ciudad de México,Approved,00,False,16.77,,
TRX-V4FFNOZU28C63G4VU15P,2026-06-01 15:12:18,2026-06-01,PRD-3C10B39WWG0Z,CLI-Z0H9H0X7QL30,Payment,Food,1592.66,USD,,Web,,,,México,Querétaro,Approved,00,False,15.06,,
TRX-OUQCJQF0SJA2I2L8HE2G,2026-06-01 11:05:45,2026-06-01,PRD-99FEX0MWAHVN,CLI-GXS9TV0LK0VR,Purchase,Food,175.0,USD,,POS,,Mercado Central,Food,México,Guadalajara,Approved,00,False,25.91,,
TRX-MUZNT3TPJCFZHUWWBLJ8,2026-06-01 11:14:12,2026-06-01,PRD-3L6JKDUXOZP6,CLI-WK6M63WGCL70,Purchase,Services,969433.13,COP,242.36,ATM,,Empresa Telefónica,Services,Argentina,Mendoza,Approved,00,False,20.25,4.2328585,-74.7831336
TRX-QKHT9GWZL3MESAKOVPA2,2026-06-01 06:20:02,2026-06-01,PRD-CSC3O9N7HFR4,CLI-8CTOGUT157QT,Adjustment,,436.72,USD,,POS,,,,México,Tijuana,Approved,00,False,,,
TRX-KIQE6XR5R17MX23PRMEM,2026-06-01 17:59:34,2026-06-01,PRD-T40YIGFYR4S7,CLI-89CSWKV73YC5,Deposit,,8911852.96,COP,2227.96,POS,,,,Colombia,Bogotá,Approved,00,False,24.64,,
TRX-WWUPK07O0RT3BL2GHODS,2026-06-01 21:37:36,2026-06-01,PRD-GJFJJ4S3LOBT,CLI-LP5YG2DKLCQQ,Withdrawal,,419.64,USD,,POS,,,,México,,Approved,00,False,21.58,0.704986,0.2619904
TRX-5AG8DMBU1JXSHYKEVIC3,2026-06-01 18:40:35,2026-06-01,PRD-8JAAABWDPM6L,CLI-4F6R2NEQ7XQ3,Purchase,Health,434.26,USD,,ATM,SUC-LQXENAY2,Farmacia Salud,Health,México,Ciudad de México,Approved,00,False,10.62,,
TRX-0A7OKFGTB67YZ4A2ZID4,2026-06-01 08:04:37,2026-06-01,PRD-4CJC6QSP6P8J,CLI-UAJ81O52ZM1R,Purchase,,369.86,USD,,ATM,SUC-7TVQFT2O,Cable TV,Services,México,Puebla,Approved,00,False,9.96,-0.5910176,-0.2204658
TRX-14PUX3I6S55TNNQYRCDC,2026-06-02 05:52:15,2026-06-01,PRD-RF4A64PLHR1L,CLI-27IQDL40DOVN,Transfer,,906383.38,ARS,2589.67,ATM,SUC-RRCPMD2D,,,Argentina,Mendoza,Approved,00,False,,,
TRX-F4MUEBY2D91OAKQ8XFJH,2026-06-01 09:34:34,2026-06-01,PRD-4WI68AV7R7L0,CLI-GWDGA3Z4Y2GX,Deposit,,1853.94,USD,,POS,,,,México,Guadalajara,Approved,00,False,27.58,,
TRX-RL9N737JZQR3HCY610EO,2026-06-01 10:56:44,2026-06-01,PRD-IKTYR2M78QNA,CLI-5DS3YS6QFNE4,Purchase,Entertainment,366.88,USD,,POS,,Cine Premium,Entertainment,México,Tijuana,Approved,00,False,17.52,,
TRX-MFXHHKSMI4D9FXXJQMQB,2026-06-01 08:45:09,2026-06-01,PRD-E6RTH4UAZ811,CLI-1IJ3OBL7VOW8,Withdrawal,,167989.16,ARS,479.97,POS,,,,Argentina,La Plata,Declined,05,False,,-35.5345394,-58.2772804
TRX-E3Y0YSNSKGY5XRHU2HGF,2026-06-02 00:46:10,2026-06-01,PRD-1JA5SHRPDZD9,CLI-SLWDYZ3ZOQTL,Deposit,,290.84,USD,,Web,,,,Colombia,,Declined,51,False,20.35,,
TRX-D1QG19Q2EB23EPOKLKV0,2026-06-01 14:38:22,2026-06-01,PRD-23ZY801H34D9,CLI-BC9HK023F3IO,Deposit,,3357.53,USD,,ATM,SUC-4CNRVPYL,,,México,,Approved,00,False,5.32,0.0497586,0.8560246
TRX-MURWJLUCEQC43IX8VQQT,2026-06-01 23:50:41,2026-06-01,PRD-JK455HL1VKB5,CLI-YM4DDZLRHNER,Deposit,,1097966.81,ARS,3137.05,Web,,,,Argentina,Rosario,Approved,,False,15.95,,
TRX-2MPVVUFY0R8F52ZKW54V,2026-06-01 09:01:36,2026-06-01,PRD-T2Y4HV03AGJT,CLI-YC978PGU8VE1,Purchase,Services,1869021.53,COP,467.26,Web,,Empresa Telefónica,Services,Colombia,Medellín,Approved,00,False,24.04,,
TRX-WNVEPX13EM93USBLQWFT,2026-06-01 06:42:38,2026-06-01,PRD-I6G8921XMS1F,CLI-7YOXAE6AEIW1,Transfer,,9230.12,USD,,POS,,,,México,Puebla,Approved,00,False,,,
TRX-OF1T0HKJYT8R9I0WZVYJ,2026-06-01 14:26:49,2026-06-01,PRD-AJW196739GM3,CLI-51E38PP378QT,Transfer,,731478.62,ARS,2089.94,ATM,SUC-ZVFW3M23,,,Colombia,Bogotá,Approved,00,False,5.76,,
TRX-PK8ZR6ULMRIF69OOZVN2,2026-06-02 03:26:57,2026-06-01,PRD-YF7GP0UJXR5H,CLI-1AE6LAB39I1M,Withdrawal,,108320.01,ARS,309.49,POS,,,,Argentina,Córdoba,Approved,00,False,22.01,,
TRX-GN846CAOFHZG2ZGB1SX3,2026-06-01 09:02:58,2026-06-01,PRD-JD59JUXOE179,CLI-3O4JSDOE6WIY,Purchase,Services,15028.3,ARS,42.94,POS,,Empresa Telefónica,Services,Argentina,Rosario,Approved,00,False,10.36,,
TRX-G9XN2W5BUGWUQS596B8R,2026-06-02 01:41:46,2026-06-01,PRD-JHBVD3EOZ28S,CLI-CZ2E2JZHFAZ2,Deposit,,2239.57,USD,,POS,,,,Spain,Valencia,Approved,00,False,2.48,,
TRX-Z6IJIOEG3979QNQ2DZNB,2026-06-01 10:37:19,2026-06-01,PRD-8XY1EVBPUCPB,CLI-PEGKDY7P022A,Purchase,Transport,142.04,USD,,POS,,Gasolinera Express,Transport,México,,Approved,00,False,13.23,0.1267505,-0.7577594
TRX-EM6GFSS8DFHKVG4IXMV6,2026-06-01 21:37:32,2026-06-01,PRD-K70KEGH0RMPJ,CLI-IJBJL6B0I5IG,Transfer,,4703.1,USD,,Branch,SUC-I3D08YZO,,,México,Querétaro,Approved,,False,,,
TRX-VD84MCDIMNC1OIT0LTBS,2026-06-01 15:33:57,2026-06-01,PRD-Y7Y2DY3Q1NTB,CLI-EIV01BK0QUB7,Payment,,606370.24,ARS,,POS,,,,Argentina,La Plata,Approved,00,False,29.6,-34.2380492,-58.9568808
TRX-5SLE4NRFNHWONEAZJ8XZ,2026-06-01 22:25:12,2026-06-01,PRD-MQLET8AJKGYU,CLI-5VK6RKWOK2MC,Withdrawal,,187334.72,COP,46.83,Web,,,,Colombia,Bogotá,Approved,00,False,26.1,,
TRX-NFDDYIMXOP7OZJU6QTP1,2026-06-02 02:34:51,2026-06-01,PRD-SXASW6OG5HQC,CLI-G3DOAFV3L00K,Deposit,,4948.27,USD,,ATM,SUC-WU56M94O,,,Brazil,Brasília,Approved,00,False,10.11,-0.2647442,0.4688157
TRX-ZWGV9NUHWC74LBPMPLWO,2026-06-01 21:27:44,2026-06-01,PRD-Q65NNLIO6HAU,CLI-R8QA021CBEON,Transfer,,3371950.28,ARS,9634.14,Web,,,,Argentina,Buenos Aires,Approved,00,False,12.98,,
TRX-GCNXNFAWRCY10ICB7XI5,2026-06-01 22:39:45,2026-06-01,PRD-3NQYGFGKRXWQ,CLI-UEDFJ5H9GXMD,Purchase,Food,128.23,USD,,POS,,Tienda Don José,Food,México,Tijuana,Approved,00,False,,,
TRX-VDC8BGQIJP7LB21ZKHRF,2026-06-01 11:36:32,2026-06-01,PRD-KBXZW4FL9ARY,CLI-SGBZC7Z2ILDJ,Purchase,Food,326392.86,COP,81.6,Branch,SUC-QTKN7Z0R,Mercado Central,,Colombia,Medellín,Approved,00,False,24.08,,
TRX-T3PKY1R09IU2GBMAAZ0J,2026-06-01 07:36:34,2026-06-01,PRD-EVPBLOJCL0G3,CLI-XLTVHQ43SY9P,Payment,Services,432387.97,ARS,1235.39,Web,,,,Argentina,Rosario,Approved,00,False,20.1,,
TRX-S886MHGLBCQ5OK19R29Y,2026-06-01 14:09:03,2026-06-01,PRD-2ZCROYT47ZNS,CLI-GR5TKL88IQ3O,Payment,Food,737.65,USD,,App,,,,México,,Approved,00,False,19.26,,
TRX-4G1FIMP19X9W97XWDUGV,2026-06-01 12:40:31,2026-06-01,PRD-QD96RMT9817C,CLI-T88DEOPVWLWC,Payment,Transport,649342.87,ARS,1855.27,ATM,SUC-6M2HY1ZX,,,Argentina,Rosario,Approved,00,False,15.15,,
TRX-D2OPBQMMAH5VXHAYTSUY,2026-06-01 08:10:52,2026-06-01,PRD-7WW9YDRECHKV,CLI-U7KJ3KP849C4,Transfer,,6825321.9,COP,1706.33,App,,,,Brazil,Brasília,Approved,00,False,28.18,,
TRX-DA2733DH1HJQVKQZOBGE,2026-06-02 00:24:58,2026-06-01,PRD-RBX0JJB5FLI2,CLI-8Y8QJ2I326AS,Withdrawal,,91.39,USD,,App,,,,México,Monterrey,Approved,00,False,13.57,,
TRX-28BBRM362GBK4ABXA5IB,2026-06-01 21:48:06,2026-06-01,PRD-LCAQ078QJJLQ,CLI-MWXCKF6BSPFT,Adjustment,,424.07,USD,,POS,,,,México,Puebla,Approved,00,False,,-0.894186,-0.0364851
TRX-WRUHSAFEMYRQ1OUSHZU6,2026-06-01 18:09:30,2026-06-01,PRD-UVYGTLFJOZH4,CLI-EGZCPWQRNBYW,Purchase,Entertainment,65.95,USD,,App,,Streaming Music,Entertainment,México,,Approved,00,False,9.35,,
TRX-4CR5ZCMD19UHU3O9N4ZR,2026-06-01 11:40:10,2026-06-01,PRD-DOTEVSLISE7I,CLI-27XSYEZM7NYV,Payment,Transport,1588.97,USD,,ATM,SUC-QZU3WHKF,,,México,Monterrey,Approved,00,False,9.63,,
TRX-P7H4R3TRIX1ML39JQKB6,2026-06-01 15:35:38,2026-06-01,PRD-LARDLD11K7CO,CLI-SCOZMK25PWKM,Deposit,,4163.61,USD,,POS,,,,México,Tijuana,Approved,00,False,3.89,-0.7068395,-0.4687065
TRX-ZCNGJ5HTDF58LDKIBKJ5,2026-06-01 17:28:27,2026-06-01,PRD-ENPYERF8KG18,CLI-1BBXYS0SG5CW,Payment,Food,610564.79,ARS,1744.47,POS,,,,Argentina,,Pending,05,False,10.48,,
TRX-5RJUO30Z0R0E2HCRIMDY,2026-06-02 03:52:43,2026-06-01,PRD-6WLTFZPFURD2,CLI-NMISTOP43YT1,Transfer,,5982.26,USD,,ATM,,,,México,Ciudad de México,Approved,00,False,,,
TRX-U4DIQUXX1YV93CLVWTVC,2026-06-01 15:33:46,2026-06-01,PRD-4VSBW6HA2PK8,CLI-TXZPWJQD7TEF,Adjustment,,1082004.72,COP,270.5,Web,,,,Colombia,,Declined,14,False,8.05,,
TRX-W4J8TX4Y2WFMQEI95EXL,2026-06-01 10:47:35,2026-06-01,PRD-XZWFVL0J6S8B,CLI-UGS2I65MJLJP,Purchase,Transport,250.77,USD,,POS,,Uber,Transport,México,Ciudad de México,Approved,00,False,26.22,-0.5675465,0.3694498
TRX-L5NZP41V0XX4DN132PFS,2026-06-02 02:54:47,2026-06-01,PRD-LD7SOB4E83TH,CLI-Q2S5WPMMDOJ0,Withdrawal,,250.82,USD,,POS,,,,México,Puebla,Approved,00,False,16.41,-0.4674154,-0.1069184
TRX-5PZWHQG3X5ZQG233QSME,2026-06-01 21:45:57,2026-06-01,PRD-LUYSY2CVL99P,CLI-CCLLBOHJKQO6,Withdrawal,,22774.59,ARS,65.07,POS,,,,Argentina,Rosario,Approved,00,False,9.36,,
TRX-T71GILAWELKQP8R1KEHH,2026-06-01 14:59:34,2026-06-01,PRD-RIFGG8SQ6P6I,CLI-E2CCQ9AAFFAE,Transfer,,9985.49,USD,,Web,,,,Argentina,Buenos Aires,Approved,00,False,26.65,,
TRX-SPS3B8Z0D1ZZ512PYDSY,2026-06-01 14:25:33,2026-06-01,PRD-GDTYZR61PZJH,CLI-QPIZGIQYQFI9,Withdrawal,,33.8,USD,,POS,,,,México,Puebla,Declined,54,False,22.07,-0.8346591,-0.4655204
TRX-8WR4K4XJOMPHT0P8WHAR,2026-06-01 09:14:28,2026-06-01,PRD-B3OWY7G2CWEJ,CLI-L5W9RNLBS205,Purchase,Food,3141.78,ARS,8.98,ATM,SUC-PJ3BSV1X,Restaurante El Buen Sabor,Food,Argentina,La Plata,Approved,00,False,25.67,-35.5083863,-58.3299159
TRX-55H31O6BZOAFR0132YGM,2026-06-02 04:08:48,2026-06-01,PRD-0XF08778I4O4,CLI-V0GB5EIVF79Y,Purchase,Health,226.21,USD,,Web,,Laboratorio Central,Health,México,Monterrey,Approved,00,False,1.85,,
TRX-UQ2VOJNE5O6FJ5A8R2OQ,2026-06-01 18:19:40,2026-06-01,PRD-34HZHOWAS7QV,CLI-P7PYD8ZVVLEC,Adjustment,,674.42,USD,,App,,,,Brazil,Rio de Janeiro,Approved,00,False,3.25,,
TRX-GF5IVZJBS8IBE16KKHV2,2026-06-02 03:35:25,2026-06-01,PRD-PUGMPAS6NBA7,CLI-GNY4SH9LZQOV,Transfer,,6518.06,USD,,POS,,,,México,Puebla,Reversed,51,False,21.48,,
TRX-1NRUAGLKZEKBOSEGPREO,2026-06-01 13:29:39,2026-06-01,PRD-MF7JUG2F98AW,CLI-WW8D7UCLIQJF,Transfer,,3152656.69,ARS,9007.59,POS,,,,USA,New York,Approved,00,False,,,
TRX-EX7CVPO4WH4T69DYZQ8G,2026-06-01 10:17:49,2026-06-01,PRD-T3R1EJQCYZ2S,CLI-VMPH3GOSY2NU,Purchase,Services,1389388.05,COP,347.35,POS,,Cable TV,Services,Colombia,Barranquilla,Approved,00,False,15.51,,
TRX-GXJSFMH8DVRSIS9RWYCD,2026-06-01 07:17:16,2026-06-01,PRD-AJ9COU1HWU1N,CLI-XUVVXQGKME2G,Purchase,Food,1553857.93,COP,388.46,ATM,SUC-U7NNFMS6,Tienda Don José,Food,Colombia,Medellín,Approved,00,False,14.89,,
TRX-2SPB3BQONLJWZP47YFAE,2026-06-01 21:16:13,2026-06-01,PRD-PUZP4R3UGLZV,CLI-PG45MYS7MNDS,Purchase,,959312.15,COP,239.83,ATM,,Centro Comercial,Other,Colombia,Bogotá,Approved,00,False,26.76,,
TRX-STK5ADCHNSEBTJJVCIRN,2026-06-01 13:27:30,2026-06-01,PRD-FBG32W0PRXVA,CLI-NRHCJBQ1K3AR,Payment,Food,476083.28,ARS,1360.24,Web,,,,Argentina,Córdoba,Approved,00,False,3.4,,
TRX-1HMISOI3CIF2ODICS2GV,2026-06-01 08:11:28,2026-06-01,PRD-SJDRBDNQAFUY,CLI-6ID159A6QRNA,Payment,Food,2412179.01,COP,603.04,Branch,SUC-OFZKCO6O,,,Colombia,Cali,Approved,00,False,21.25,,
TRX-0727DQU06MWD7V3SVKSA,2026-06-02 05:52:27,2026-06-01,PRD-27MU3EQJTL3P,CLI-H53FIB23PQSO,Purchase,Other,200.95,USD,,ATM,SUC-033KHYS2,Centro Comercial,Other,México,Tijuana,Declined,54,False,26.65,-0.579367,0.053898
TRX-1KMDUALWA3XL9CJTWKB2,2026-06-01 23:22:22,2026-06-01,PRD-HWTMB8C4JH9T,CLI-HKLSJBSO71IB,Withdrawal,,200.74,USD,,ATM,SUC-P3KNB4PY,,,México,,Approved,00,False,28.36,,
TRX-J76GS2RHVWY4Y77GXJGF,2026-06-01 14:50:04,2026-06-01,PRD-32QMKVEEDI80,CLI-2LJICS128DIA,Transfer,,5592.85,USD,,ATM,SUC-I4AA1FSG,,,México,Querétaro,Approved,00,False,,,
TRX-5EQO22PCEDE6KRJE2LAA,2026-06-01 21:48:33,2026-06-01,PRD-LYJ7JSAQI344,CLI-X5A04FVJJ7QP,Purchase,Food,4699.26,ARS,13.43,Web,,Super Ahorro,Food,Argentina,Buenos Aires,Approved,00,False,,,
TRX-YUPE0Z18XJ9178UNC7MM,2026-06-02 01:52:09,2026-06-01,PRD-0GAY68JCO2M7,CLI-FGWGEWRDJKLG,Purchase,Food,499.99,USD,,App,,Tienda Don José,Food,México,Querétaro,Approved,00,False,2.61,,
TRX-28DHS335BLYCFUJRNI4L,2026-06-01 11:09:51,2026-06-01,PRD-09KMM4MM1ROI,CLI-PH2UCCFRFLH8,Purchase,Services,98.46,USD,,ATM,SUC-RJSJ0B0X,Internet Plus,Services,México,Ciudad de México,Declined,51,False,2.43,-0.963164,0.7667415
TRX-IXN1SFGW3219AO2S7LC9,2026-06-02 03:29:42,2026-06-01,PRD-L9BX17SFCA8Y,CLI-9NMDKVV1H39Z,Withdrawal,,162684.09,ARS,464.81,ATM,SUC-39R34AY6,,,Argentina,Mendoza,Approved,00,False,13.93,-34.699417,
TRX-ZUV8HXXBWSWJFZK8LK9X,2026-06-01 21:27:51,2026-06-01,PRD-XZSAW8RNZOG2,CLI-GXGIDHOGB4ED,Transfer,,19759306.93,COP,4939.83,POS,,,,Colombia,Cartagena,Declined,,False,19.01,,
TRX-T1138IO7QC618VVTCUMR,2026-06-01 19:43:17,2026-06-01,PRD-JIVK8Z6TG2G1,CLI-ZIBLSIJ3RMDU,Transfer,,3227.53,USD,,POS,,,,México,Monterrey,Approved,00,False,5.55,0.7600179,0.5801986
TRX-GM7KN6TCW67SRE1LM0D8,2026-06-02 01:38:15,2026-06-01,PRD-24NPO96M5HHU,CLI-MFA30WXHLUAY,Adjustment,,763.84,USD,,POS,,,,México,Guadalajara,Approved,00,False,12.52,0.6260381,-0.9837252
TRX-MR1CDRB7YW4VQ804WOGF,2026-06-02 04:05:07,2026-06-01,PRD-I2BBVLT5MOJH,CLI-FFE7LMDOO0E7,Withdrawal,,151388.64,ARS,432.54,POS,,,,Argentina,Córdoba,Approved,00,False,27.08,,
TRX-RWJX6BCFLJMBSZ9PQ1AT,2026-06-01 15:27:42,2026-06-01,PRD-1ZI2E4FLB3UR,CLI-I6LZ41AW1ZM2,Withdrawal,,542370.42,COP,135.59,Web,,,,Colombia,Bogotá,Approved,00,False,28.13,,
TRX-TG1SIP6Q9H1M362115F1,2026-06-01 18:12:08,2026-06-01,PRD-3L1VEP121RE0,CLI-EU2CEU56IDPL,Payment,Transport,1685.51,USD,,App,,,,Argentina,Córdoba,Approved,00,False,24.71,,
TRX-Y8LO4JGB13O6YL6J0601,2026-06-02 05:30:31,2026-06-01,PRD-1K6LR1LX2YHT,CLI-KWIS4HIF8687,Deposit,,875.06,USD,,App,,,,México,Puebla,Approved,00,False,22.29,,
TRX-B3W115LIBBUM0GTPVTDU,2026-06-01 23:47:09,2026-06-01,PRD-3F0NK4N1MSRN,CLI-6IAF43BW4TSX,Purchase,Other,95.75,USD,,Web,,Centro Comercial,Other,Colombia,Bogotá,Approved,00,False,,,
TRX-NH9GEO4VE78J16L41NIT,2026-06-01 21:58:38,2026-06-01,PRD-16KXAZYOXGNL,CLI-4CC1EOLNF5DD,Purchase,Services,235.56,USD,,Web,,Servicios Públicos,Services,México,Ciudad de México,Approved,00,False,24.1,,
TRX-BP34V266IVBC11DH3BQV,2026-06-01 09:36:13,2026-06-01,PRD-4EQ8TMMK85NO,CLI-N6TQB2B1X5ZW,Withdrawal,,1836944.2,COP,459.24,ATM,,,,Colombia,Barranquilla,Approved,,False,,3.9017512,
TRX-59ES6GBXEE58FM3J931T,2026-06-01 18:45:52,2026-06-01,PRD-OE8X4CYXGPG2,CLI-ILKEL94J71VU,Deposit,,1701146.75,ARS,4860.42,POS,,,,Argentina,Buenos Aires,Approved,00,False,16.77,,
TRX-1HM6D53X8WIW6MRSLBDP,2026-06-01 10:24:53,2026-06-01,PRD-BNINB40UCFF7,CLI-0IWOTXLZHRX2,Transfer,,8870.36,USD,,ATM,SUC-VV9NKH6E,,,México,Guadalajara,Approved,00,False,23.13,,
TRX-LNPPA1T6PEQ1X3QTHAKN,2026-06-01 14:12:56,2026-06-01,PRD-448DFCD1FVTL,CLI-L2QWI7USD4X0,Transfer,,32614701.04,COP,8153.68,POS,,,,Colombia,Barranquilla,Approved,00,False,24.93,,
TRX-AD8Y5P4TYAWGZFPGXB00,2026-06-02 04:47:41,2026-06-01,PRD-ZIBPKVSI02AO,CLI-CU9BPB7KVRWM,Transfer,,16893854.7,COP,4223.46,App,,,,Colombia,Cartagena,Approved,00,False,24.47,,
TRX-J4SXE6950MLVT65ZDG5X,2026-06-01 06:00:40,2026-06-01,PRD-QENHEFVU8GTJ,CLI-JDCZR1MYVA8P,Transfer,,2553944.57,ARS,7296.98,ATM,SUC-HBYNA6O6,,,Argentina,Rosario,Approved,00,False,25.09,-35.4501222,-57.6257364
TRX-4SSPYP35IQPBRUF1BD4E,2026-06-02 00:14:07,2026-06-01,PRD-MFKZA5G78ONF,CLI-LHJK79OEM0NW,Transfer,,21946720.6,COP,5486.68,POS,,,,Colombia,Cartagena,Approved,00,False,17.17,,
TRX-XWWTQ8JX54YRF52B64S1,2026-06-01 21:45:13,2026-06-01,PRD-0OSVVAHCJF5Z,CLI-4ZDWJQ3RONA1,Deposit,,12029284.45,COP,3007.32,ATM,SUC-U7NNFMS6,,,Colombia,Cartagena,Approved,00,False,14.86,,
TRX-VCIO8JBY5CQVBIFXC480,2026-06-01 06:40:27,2026-06-01,PRD-0553NA8DKVXD,CLI-JO2I4M910JG3,Adjustment,,305.44,USD,,Web,,,,México,Tijuana,Approved,00,False,14.63,,
TRX-N5K3ZZBWNX3H7P10GAF7,2026-06-01 07:30:26,2026-06-01,PRD-9PRO56IP6BYR,CLI-Y41TQDFXPI60,Withdrawal,,1694937.83,COP,423.73,Web,,,,Colombia,Cartagena,Approved,00,False,27.75,,
TRX-LBBSE95Y0T9G7MI8XOQJ,2026-06-01 19:10:04,2026-06-01,PRD-C5S0I95EQWRV,CLI-1YLBFU7EXVWH,Withdrawal,,191.72,USD,,ATM,SUC-74OJEV5Z,,,México,Guadalajara,Approved,,False,22.82,,
TRX-VNV46TFNPHNC9X45FSDF,2026-06-01 11:46:56,2026-06-01,PRD-Z3TPQI32XNCZ,CLI-LAWZF9XPIB6O,Purchase,Transport,171.17,USD,,Branch,SUC-1NFIF0G0,Uber,Transport,Colombia,Barranquilla,Approved,00,False,4.35,5.438979,-74.7174217
TRX-APMZQ8Y7ZZ7FEP7IM0TZ,2026-06-01 06:31:08,2026-06-01,PRD-GVEIRVYAQRGE,CLI-5CSAZ1M91JI0,Deposit,,1214.13,USD,,POS,,,,México,,Approved,00,False,29.37,0.23228,-0.7353825
TRX-M2F6SQJ867LKCB3IW0N1,2026-06-01 23:43:19,2026-06-01,PRD-O0O8M5XZ1880,CLI-NRA9824Y7I9F,Purchase,Food,654024.49,COP,163.51,App,,Super Ahorro,Food,Colombia,Bogotá,Approved,00,False,15.79,,
TRX-677V56ISA4JC70LOHUMN,2026-06-01 10:42:02,2026-06-01,PRD-KNEZ3EAK63KE,CLI-4H7D66KW4PW7,Purchase,Food,1547873.76,COP,386.97,POS,,Restaurante El Buen Sabor,Food,Colombia,Barranquilla,Approved,00,False,23.39,,
TRX-76FASDT5SZ9VYNA2F8PY,2026-06-01 16:22:02,2026-06-01,PRD-JKE3ZNGDAF0S,CLI-F3SVXMK2F2KU,Purchase,Transport,181.14,USD,,ATM,SUC-6A2UBEHN,Taxi Seguro,Transport,México,Querétaro,Declined,51,False,,,
TRX-MXKTT6ORVQQ6CMAWKQ2D,2026-06-02 04:27:32,2026-06-01,PRD-L5J6560YD2CB,CLI-YM3QL7MX38GD,Withdrawal,,112976.09,ARS,322.79,POS,,,,Argentina,La Plata,Approved,00,False,,,
TRX-QYELMJUTNP6B520ULX74,2026-06-02 01:23:42,2026-06-01,PRD-DXZR3B4W022L,CLI-C81Y0I3YC12I,Transfer,,7070.58,USD,,ATM,SUC-P3KNB4PY,,,Mexico,Guadalajara,Approved,00,False,,-0.1244035,-0.7509649
TRX-MF74DVCS5HIGEEWG865O,2026-06-01 21:36:25,2026-06-01,PRD-XPKHKCZ601G4,CLI-H0WDKFMTAABJ,Withdrawal,,148.49,USD,,Web,,,,México,Monterrey,Approved,00,False,24.94,,
TRX-BCMY2I9DCU862RWJM1GB,2026-06-01 23:28:02,2026-06-01,PRD-W7Q1PFRZ1ZVA,CLI-7OLLDWFY0IE1,Purchase,Other,214.52,USD,,ATM,SUC-OW1SAD5J,Tienda General,Other,México,Tijuana,Approved,00,False,,,
TRX-YNG1J6YNL2HMV3RBFX30,2026-06-01 14:56:31,2026-06-01,PRD-R8G0Z63SJ5RD,CLI-117UE6KUR4D1,Transfer,,2602.88,USD,,POS,,,,México,Tijuana,Approved,,False,19.77,,
TRX-RLBIFMQSUZWB9AWUS72M,2026-06-01 14:29:23,2026-06-01,PRD-IFX67NA9RJFT,CLI-0HUTZMASBHE8,Deposit,,2103.3,USD,,ATM,SUC-4AVH1MSP,,,México,Puebla,Approved,00,False,22.42,,
TRX-UOPKP9TKQG3FA64YGLZU,2026-06-01 16:31:17,2026-06-01,PRD-NVF8VBH5EG4U,CLI-D1OF5498SUYX,Transfer,,1576.73,USD,,POS,,,,México,Tijuana,Approved,00,False,8.26,,
TRX-LLGKEUMO6A14GNE1V3YW,2026-06-02 02:45:18,2026-06-01,PRD-F5T23GAHPG1A,CLI-9GNSEJCBTHSH,Transfer,,2709.07,USD,,POS,,,,México,Tijuana,Approved,00,False,17.55,,
TRX-HP4UGH4ZBAC0ZUKQIPQW,2026-06-01 10:39:17,2026-06-01,PRD-EICXL9UN1JJ5,CLI-K8Y8FB1JS8IM,Purchase,Other,265163.44,COP,,POS,,Ferretería,Other,Colombia,Cali,Approved,00,False,25.97,4.9884833,-73.3073451
TRX-523HARM7Q6CQGV8RU2PK,2026-06-01 12:54:25,2026-06-01,PRD-9V560X606481,CLI-WGOIUWC79T6B,Payment,,5570227.84,COP,1392.56,POS,,,,Colombia,Medellín,Approved,00,False,,,
TRX-UJHC8DQBKPCPOB8SVZ0W,2026-06-02 00:59:39,2026-06-01,PRD-ZKZD3ABIPWWA,CLI-DN71QRZ5RH9F,Withdrawal,,1140490.89,COP,285.12,POS,,,,Colombia,Barranquilla,Approved,00,False,1.84,,
TRX-9CI3GGD7NIW7V3Y1Q19K,2026-06-01 12:42:04,2026-06-01,PRD-PQFL99ZYST8H,CLI-8UDKRABTDV30,Transfer,,6260.75,USD,,Web,,,,México,Monterrey,Approved,00,False,,,
TRX-1W8JQWAPV4TQT0TESBX4,2026-06-01 19:42:43,2026-06-01,PRD-1MQSMIXYLJQT,CLI-QXNJFYIU2M4Z,Purchase,Transport,166073.35,COP,41.52,App,,Estación de Servicio,Transport,Colombia,Bogotá,Approved,00,False,23.02,,
TRX-L4ZOUBNEWL7KYIP1NELE,2026-06-01 22:41:50,2026-06-01,PRD-4MWFTZTBUY4C,CLI-VI39X7U790WZ,Purchase,Other,130836.91,ARS,373.82,POS,,Tienda General,Other,Argentina,Mendoza,Approved,00,False,,,
TRX-W6V7OVDD9NZ4XSGENYQS,2026-06-01 21:44:37,2026-06-01,PRD-NCCS6KQ8CJE8,CLI-DMBJA0NCZ8KX,Purchase,Entertainment,460.02,USD,,Web,,Conciertos Live,Entertainment,México,Monterrey,Approved,00,False,11.7,,
TRX-GE69X2NHO65M5IQJ7DRP,2026-06-01 22:13:20,2026-06-01,PRD-HVT2NRFCGC1V,CLI-U2G1UMDUXSV6,Purchase,Food,433.62,USD,,POS,,Restaurante El Buen Sabor,Food,México,Guadalajara,Approved,00,False,14.93,,
TRX-RRAFIZUCD6X7G01VHY40,2026-06-01 18:50:48,2026-06-01,PRD-9ZECUAAESC0I,CLI-BR3SG81A8YC4,Purchase,Transport,341.84,USD,,App,,Gasolinera Express,Transport,México,Ciudad de México,Approved,00,False,,,
TRX-59LZWOZJOTDOZEITUTNE,2026-06-01 08:46:27,2026-06-01,PRD-L622JZAMKB5E,CLI-IDX3OO0643ED,Transfer,,24627074.95,COP,6156.77,Web,,,,Colombia,Cartagena,Approved,00,False,25.38,,
TRX-870D3CXQKX7KJM4TGXZ7,2026-06-01 14:45:06,2026-06-01,PRD-ZRW4JW6S89X9,CLI-SYCZNE7XR9YG,Payment,Other,676828.5,ARS,1933.8,POS,,,,Brazil,Brasília,Approved,00,False,0.02,-35.0661141,-58.8642064
TRX-CQKQFKOT0COSKAJGT3E9,2026-06-01 06:15:33,2026-06-01,PRD-WBBIKLJSYOTP,CLI-6ZSA3CYU13L8,Withdrawal,,248.32,USD,,App,,,,México,,Approved,00,False,2.56,,
TRX-K2I4RMK23UE7LFLS4PAW,2026-06-01 14:58:13,2026-06-01,PRD-7TPY1TWNUTLH,CLI-0IZ5YXLI0YZ2,Payment,Entertainment,2515494.2,COP,628.87,POS,,,,Colombia,Bogotá,Approved,00,False,,,
TRX-PBPGVZ5K1865MSQMHBP4,2026-06-01 13:41:03,2026-06-01,PRD-ATN1QUWSHK8G,CLI-3NVJ2EVDG96D,Transfer,,1266.57,USD,,POS,,,,México,Tijuana,Approved,00,False,12.98,-0.800093,-0.3927175
TRX-XV8Q9SJXQJRYLK7GFGV1,2026-06-01 12:52:37,2026-06-01,PRD-ZQMIL8HG39A3,CLI-RF4ED4JKPKUV,Withdrawal,,45.01,USD,,Transfer,,,,México,Ciudad de México,Approved,00,False,22.56,,
TRX-OU5N9HOSPYQSHBQ6PEC0,2026-06-02 02:32:51,2026-06-01,PRD-9D50O83ETF25,CLI-UGAVU3NKG1DE,Withdrawal,,303.43,USD,,ATM,,,,México,Puebla,Approved,00,False,,-0.1352403,0.1375748
TRX-41458C32YXBFLLY2VCL4,2026-06-02 05:00:35,2026-06-01,PRD-NOSJ5JNT1CCT,CLI-TF2ATXUMS1A4,Purchase,Food,34449.55,ARS,98.43,App,,Tienda Don José,Food,Argentina,,Approved,00,False,20.5,,
TRX-GIE6YGRCNJAVIGDJBUYR,2026-06-01 15:43:41,2026-06-01,PRD-L321SVIALWFV,CLI-SZXJ528PMLLU,Withdrawal,,16471.67,ARS,47.06,Web,,,,Argentina,Córdoba,Reversed,05,False,8.05,,
TRX-IY14ZE5G0807NXFDLN5I,2026-06-02 05:40:14,2026-06-01,PRD-THQZY4OK7OUF,CLI-07PJ8NCJZ8K7,Purchase,Transport,406.12,USD,,ATM,SUC-1PYKK6ZV,Uber,Transport,México,Guadalajara,Approved,00,False,8.04,,
TRX-G6SJW05IRZMZ7EPH4632,2026-06-01 19:26:27,2026-06-01,PRD-8A5YBE8LU5XF,CLI-FQ4GNBKPRXO6,Purchase,Entertainment,134.41,USD,,Web,,Cine Premium,Entertainment,México,Guadalajara,Approved,00,False,24.61,,
TRX-OBSGXL0ED1NH3UF7GAFJ,2026-06-01 23:08:30,2026-06-01,PRD-Y9496B83EXQE,CLI-OL8ECI83VLEL,Transfer,,3061537.68,ARS,8747.25,Web,,,,Argentina,Rosario,Approved,00,False,,,
TRX-T2QQY0PROVD921APN3N1,2026-06-01 19:24:48,2026-06-01,PRD-SFPQ8M204KBD,CLI-P5P7Y9TEWO20,Withdrawal,,184.5,USD,,ATM,SUC-S49Q0IRI,,,México,,Approved,00,False,9.91,,
TRX-YV71PFIKF0CES4WV88X5,2026-06-01 19:09:34,2026-06-01,PRD-0H7CHZM98NBY,CLI-GJ6ZZRFEOWB7,Purchase,Other,285022.28,COP,71.26,ATM,SUC-E5CCM8ZI,Ferretería,Other,Colombia,Cartagena,Approved,00,False,16.67,3.7913711,-73.8875323
TRX-PR3F1Y31TS787RF8YE92,2026-06-02 04:46:42,2026-06-01,PRD-HOHHH0LBEHYL,CLI-TUZAVG841DBG,Withdrawal,,68877.12,ARS,196.79,POS,,,,Argentina,Córdoba,Approved,00,False,10.45,-34.3163119,-58.0518997
TRX-GD63P6YFXQLGOJAOPJI7,2026-06-01 12:16:38,2026-06-01,PRD-0IXZWRCH5WE1,CLI-C9DYXFFZNHC1,Adjustment,,420.34,USD,,Branch,SUC-NOBD5N9U,,,México,Monterrey,Approved,00,False,13.5,-0.8700632,0.7179734
TRX-F6LXK7AZDDBD3LOX3YR7,2026-06-01 16:27:07,2026-06-01,PRD-M1M6MOCZGFEZ,CLI-70ZKCFHKMY1J,Purchase,Transport,474585.75,COP,118.65,App,,Estación de Servicio,Transport,Colombia,Cali,Approved,00,False,21.42,,
TRX-YTWOS9OXIMJJLDRDH2F9,2026-06-02 04:43:54,2026-06-01,PRD-JY8OQEJB8J6B,CLI-M2DM796BPS7U,Transfer,,7359.4,USD,,POS,,,,México,Tijuana,Approved,00,False,8.64,,
TRX-JP3V4ZQRROBG8K00C611,2026-06-01 13:22:57,2026-06-01,PRD-QO8ADLQ62D9H,CLI-NG6TNJCKZH4G,Transfer,,7852.74,USD,,POS,,,,México,Puebla,Approved,00,False,13.57,,
TRX-1WDR8AHQUIWF7406QARI,2026-06-01 19:01:57,2026-06-01,PRD-4WPXBAY654RZ,CLI-BKXIGYO7PPU9,Withdrawal,,273.21,USD,,POS,,,,México,Monterrey,Approved,00,False,22.86,,
TRX-XMWWFEZ0927FDH0SC9VU,2026-06-02 03:14:21,2026-06-01,PRD-SSK4ETLCCEJL,CLI-NUK93H7P9SNY,Purchase,Other,158.94,USD,,ATM,SUC-W04NBWY9,Ferretería,Other,México,Ciudad de México,Pending,51,False,25.91,,
TRX-PDTDHA7BZXFC6DLV8OVL,2026-06-01 12:04:34,2026-06-01,PRD-A02VLT4YZV3K,CLI-XHHH0J0CRHBP,Purchase,Food,15767.67,ARS,45.05,POS,,Super Ahorro,Food,Argentina,Córdoba,Approved,00,False,,-35.2881604,-59.3363758
TRX-5ZDUNZLBBW0MVQ58CZXZ,2026-06-01 16:50:26,2026-06-01,PRD-0IVMTRHZ6O5N,CLI-WBOGDAQYET8V,Purchase,,127828.58,ARS,365.22,ATM,,Restaurante El Buen Sabor,Food,Argentina,Mendoza,Approved,00,False,17.6,-35.0865594,-58.4534371
TRX-BYRKBH3YABMPNQVK355H,2026-06-01 08:56:55,2026-06-01,PRD-S96ED35C49UL,CLI-Z43A9OXSBP0T,Deposit,,1868113.59,COP,467.03,ATM,SUC-84HXKY7Q,,,Colombia,,Approved,00,False,18.06,,
TRX-6FHW9XV77KZ98B0K1F9F,2026-06-01 17:49:43,2026-06-01,PRD-IDMTVMFS143G,CLI-Z253V7X0UPSQ,Payment,Transport,390313.85,COP,97.58,App,,,,Colombia,Bogotá,Approved,00,False,2.93,,
TRX-18VAZ4W77CC8R1X8B0YE,2026-06-01 07:06:09,2026-06-01,PRD-X3M8OY6GO234,CLI-UGUAFI3XN1E0,Transfer,,1649.19,USD,,App,,,,México,Monterrey,Approved,00,False,1.78,,
TRX-C3E2KKZ4MUZMW15FVXWN,2026-06-01 11:09:52,2026-06-01,PRD-GJMVTB77J8PS,CLI-9PXLFICP0ECR,Withdrawal,,165.71,USD,,ATM,SUC-7ZY1HPL0,,,Argentina,Rosario,Approved,,False,3.22,,
TRX-NCC4AGP5CFBQ3M6YQ4K2,2026-06-01 21:11:12,2026-06-01,PRD-NGY9EDWNM7NJ,CLI-EWQFUWICPRIT,Purchase,Entertainment,206.32,USD,,ATM,SUC-39R34AY6,Streaming Music,Entertainment,Argentina,Mendoza,Pending,14,False,11.92,,
TRX-2U45QI1PAEKQNZSSLB1L,2026-06-02 00:45:06,2026-06-01,PRD-QWXHNF74O40C,CLI-DYQ4XS0WELTW,Withdrawal,,349.88,USD,,Web,,,,México,Ciudad de México,Approved,00,False,,,
TRX-SYIA6KR8M6SZW4P650HF,2026-06-02 02:59:37,2026-06-01,PRD-2VWCQIELPC9I,CLI-8Y372CRCPXTS,Purchase,Services,67.16,USD,,ATM,SUC-8HPG0AE8,Cable TV,,México,Tijuana,Approved,00,False,1.64,,
TRX-CL7UGRX1R077RD38KIF0,2026-06-01 23:59:13,2026-06-01,PRD-Q222M8OPAAAZ,CLI-6VF2L6EZ6TLK,Transfer,,2307.63,USD,,POS,,,,México,Puebla,Approved,00,False,7.52,0.7067195,-0.062639
TRX-0T1AX9Y3IZTAF4AVVSLW,2026-06-02 00:33:59,2026-06-01,PRD-AWU32010QY96,CLI-K0FX3EGTMBVP,Payment,Entertainment,7339877.37,COP,1834.97,Web,,,,Colombia,Medellín,Approved,00,False,7.33,,
TRX-ME4BGCAPGRC2ZT8T8D6C,2026-06-01 11:33:08,2026-06-01,PRD-VZSJD0CRNZ3V,CLI-JLJ5D02UNG6C,Transfer,,34945122.1,COP,,POS,,,,Colombia,Medellín,Approved,00,False,27.43,,
TRX-ST204SQV5MCTC2SDCXWG,2026-06-01 19:06:20,2026-06-01,PRD-G6FEILKHA8Z7,CLI-BIQCCEZA5KBZ,Deposit,,5618236.02,COP,1404.56,App,,,,Colombia,,Approved,00,False,13.82,,
TRX-1SK8JDPVV64MG13XTUFH,2026-06-01 22:36:12,2026-06-01,PRD-8YVDNS2H61JZ,CLI-S33EDCABHBJJ,Withdrawal,,343.82,USD,,Branch,SUC-F61XHTE2,,,México,Monterrey,Approved,,False,8.46,-0.7792758,0.2188152
TRX-1DH14CHPRSP103ATWQS4,2026-06-01 20:45:42,2026-06-01,PRD-IWWFFIGVPLLU,CLI-BDJYCPHL7133,Withdrawal,,224.02,USD,,POS,,,,México,,Approved,00,False,14.36,,
TRX-9AH5P997AK09PFPBPPFZ,2026-06-01 07:42:57,2026-06-01,PRD-B6ILS2NKZ6HN,CLI-I0QXR1TJ8QAB,Withdrawal,,1930658.69,COP,482.66,POS,,,,Colombia,Cali,Approved,,False,,,
TRX-6ZXRKS823VN487GF9R81,2026-06-02 01:31:04,2026-06-01,PRD-COLIUBUZBE5U,CLI-T1F49A4QHBZP,Purchase,Entertainment,112279.02,ARS,320.8,POS,,Cine Premium,Entertainment,Argentina,Rosario,Approved,00,False,,,
TRX-ZD1YNTZ4ITFSMVNXEZQV,2026-06-01 19:30:42,2026-06-01,PRD-YUJNM6PNSN4F,CLI-D9Q1JPM522SR,Transfer,,8044.96,USD,,POS,,,,México,Guadalajara,Approved,00,False,7.67,,
TRX-6ULNPW5YVVZB7LSP5DLA,2026-06-01 09:10:20,2026-06-01,PRD-HDGESEZ9FB67,CLI-9TOZHH85DIJ8,Withdrawal,,182430.92,COP,45.61,POS,,,,Colombia,Barranquilla,Approved,00,False,8.73,,
TRX-2R3ANXUESQJ64KR0P2G9,2026-06-01 17:58:04,2026-06-01,PRD-JITKWQKXIJ15,CLI-M2P5PXFTJHGU,Withdrawal,,110282.79,ARS,315.09,POS,,,,Argentina,Córdoba,Approved,00,False,8.17,,
TRX-P44CGOBN9Q0W5VF1YAUT,2026-06-01 09:00:03,2026-06-01,PRD-8V1YQP0WZMTE,CLI-77KK6YUW7ABP,Deposit,,15104694.76,COP,3776.17,POS,,,,Colombia,Cali,Approved,00,False,7.06,5.4797444,-74.4347516
TRX-P8MGJJ9P7XP5ADUF00EH,2026-06-01 06:05:29,2026-06-01,PRD-3BSDRRACWN0E,CLI-HL6CLXSNVGX6,Purchase,Services,206.55,USD,,Web,,Servicios Públicos,Services,México,,Approved,00,False,2.93,,
TRX-I6GBWYP9H81KRWTYDB5Z,2026-06-01 23:21:00,2026-06-01,PRD-K6T2FZB7TYK8,CLI-FK8OEM6LSM8X,Purchase,Services,18227.56,ARS,52.08,POS,,Cable TV,Services,Argentina,Rosario,Approved,00,False,1.07,,
TRX-IBPXO808G2V1UWB4SOOX,2026-06-01 08:02:08,2026-06-01,PRD-5DY47DHO38RU,CLI-LVIV8P61WHMT,Payment,Transport,3767359.42,COP,941.84,Web,,,,Colombia,,Approved,00,False,,,
TRX-9S9CQQW91JU5T9Y800C0,2026-06-01 14:40:48,2026-06-01,PRD-VMACEJ2IPI2H,CLI-4BNVSQLNSLD2,Purchase,Transport,318.38,USD,,Branch,SUC-4CNRVPYL,Estación de Servicio,Transport,México,Monterrey,Approved,00,False,25.11,,
TRX-WU5G3471WV3V5C2Z5HBI,2026-06-02 04:39:55,2026-06-01,PRD-HTJBDTWKIKTS,CLI-FC3NMWAQ15VN,Payment,Food,412.57,USD,,Branch,SUC-JDXIVV9S,,,México,Puebla,Approved,00,False,,,
TRX-PW881J2J534JZD7LY46L,2026-06-02 05:11:52,2026-06-01,PRD-6BJQAIM39KDN,CLI-LPVBVMP10K92,Transfer,,5453.39,USD,,POS,,,,Brazil,Salvador,Approved,00,False,2.78,,
TRX-CSAUBIRZHXJU5N6ISF88,2026-06-01 11:18:34,2026-06-01,PRD-L0IAX06B6CXE,CLI-IF4MUU3TV9JQ,Purchase,Other,23.14,USD,,POS,,Tienda General,Other,Colombia,Medellín,Approved,00,False,,4.5242799,-73.1806453
TRX-1WVYVXRJLUJL9RQ4XRHJ,2026-06-02 04:07:09,2026-06-01,PRD-X2G7DBBWFBJ7,CLI-9RN8I301PHAT,Purchase,Food,81672.11,COP,20.42,App,,,Food,Mexico,Monterrey,Approved,00,False,16.02,,
TRX-P83GMGFSMMSXRV6C5HB2,2026-06-01 17:13:04,2026-06-01,PRD-562C2P36FAHD,CLI-YLKD15EI3S5X,Payment,,653.3,USD,,ATM,SUC-A1FLMPEF,,,Colombia,Medellín,Approved,,False,13.96,,
TRX-ISO5R447SMDNEGK7AUJZ,2026-06-01 22:38:16,2026-06-01,PRD-46BQYS53KQML,CLI-73R133S9TVEJ,Withdrawal,,253.8,USD,,ATM,SUC-0KBWS25U,,,Colombia,Cartagena,Approved,00,False,4.48,,
TRX-OS18OI3DD55T1A446VTJ,2026-06-01 12:43:46,2026-06-01,PRD-FJVBWFU47DAO,CLI-LBJ8XV5I3S3X,Transfer,,1670622.68,COP,417.66,POS,,,,Colombia,Cali,Approved,00,False,16.13,,
TRX-2N9118GXT0C2718B1P66,2026-06-01 08:14:32,2026-06-01,PRD-JTDQCGI9AMTR,CLI-ENX9MSP1MQDH,Transfer,,2260112.18,ARS,6457.46,Web,,,,Argentina,La Plata,Approved,00,False,5.24,,
TRX-TBBK4TRFUEE66EQAEDRV,2026-06-01 19:55:55,2026-06-01,PRD-A57WN9JYD7DF,CLI-EH39P6Z3VO12,Deposit,,4001.19,USD,,POS,,,,México,Tijuana,Approved,00,False,25.58,0.251523,
TRX-5DL0SOQINTBFBV1SKXC0,2026-06-01 07:24:48,2026-06-01,PRD-QZPITIHHXLFY,CLI-80T8AIC06H4D,Purchase,Entertainment,552888.26,COP,138.22,POS,,Teatro Nacional,Entertainment,Colombia,Cartagena,Approved,00,False,19.81,,
TRX-IL99INNNYBJF9MFZY213,2026-06-01 15:51:54,2026-06-01,PRD-7T0NMTZ2PTLM,CLI-5FB9Z0SELMWR,Purchase,Entertainment,79.67,USD,,Web,,Cine Premium,Entertainment,México,Querétaro,Approved,00,False,19.3,,
TRX-FBVQZW29C9T1MPQGOCOI,2026-06-01 10:30:53,2026-06-01,PRD-GXGZVP7GNL4M,CLI-XB31GVVOHEIC,Purchase,Food,66738.06,ARS,190.68,POS,,Super Ahorro,Food,Argentina,,Approved,00,False,22.65,,
TRX-HUO41T40S39QEASXJA1R,2026-06-01 19:29:13,2026-06-01,PRD-2H4W79NJZ7ZS,CLI-KUYYURVQTRNH,Transfer,,8731965.39,COP,2182.99,ATM,SUC-JARPMK7O,,,Colombia,Bogotá,Approved,,False,8.55,5.3745558,-73.5984695
TRX-XOME414SAH1WHPWJD47Q,2026-06-01 22:25:44,2026-06-01,PRD-XEDN3BIILGY9,CLI-X2WN3OV84OHB,Purchase,Health,383164.01,COP,95.79,ATM,SUC-O4G07J7I,Óptica Visión,,Colombia,Bogotá,Approved,00,False,,,
TRX-66G3DJC0CLHNO9HGO6LI,2026-06-01 06:13:00,2026-06-01,PRD-F1LM1HVVZDHG,CLI-TN9J8O825DGP,Payment,Other,1688.26,USD,,Web,,,,México,Guadalajara,Approved,00,False,5.68,,
TRX-Q1TIMY0EAR317W88HKE8,2026-06-01 09:10:29,2026-06-01,PRD-GEAZEWARXYPE,CLI-7BAW333M3CEW,Payment,Food,5042386.86,COP,1260.6,App,,,,Colombia,Cartagena,Approved,00,False,18.42,,
TRX-TQEC5E7TPMV23CK2W475,2026-06-02 03:12:09,2026-06-01,PRD-KG4WK9LWMGRF,CLI-BINMGVLSNNRX,Deposit,,4197.27,USD,,POS,,,,México,Monterrey,Approved,00,False,0.03,,
TRX-YBGHCUANARWK6SR99P8Q,2026-06-01 06:55:40,2026-06-01,PRD-JRYQFZZH1Z6O,CLI-EEAIR2NFWD62,Transfer,,16795250.83,COP,4198.81,POS,,,,Colombia,Barranquilla,Approved,00,False,,4.8737127,-74.3954666
TRX-PKKXRN5CPNWC15ACGB70,2026-06-01 08:43:12,2026-06-01,PRD-CXN5LPJ16J3L,CLI-DIUZX8W9II9M,Transfer,,7081.98,USD,,ATM,SUC-PUPXM7MA,,,México,Ciudad de México,Pending,14,False,14.88,,
TRX-40A9VAK9IAU0WLO6ZOUA,2026-06-01 21:01:03,2026-06-01,PRD-DC7NZF26POL2,CLI-ADW7S5L6F7D9,Withdrawal,,481.03,USD,,ATM,SUC-P3KNB4PY,,,México,Puebla,Approved,00,False,27.49,-0.2075011,-0.0362747
TRX-24FXI0SQPA1H9ET15UI2,2026-06-01 19:58:21,2026-06-01,PRD-SS0ELNA5PLHY,CLI-9M05FUWGQLHF,Purchase,Services,254.27,USD,,POS,,Servicios Públicos,Services,México,Puebla,Approved,00,False,20.54,,
TRX-M5DJJQN039MZJBQ9QEQM,2026-06-01 12:07:30,2026-06-01,PRD-LBQF23TRLEHV,CLI-4XFCRT99ASA7,Payment,Services,1151.73,USD,,ATM,SUC-SDXPHMG4,,,México,Tijuana,Approved,00,False,10.95,,
TRX-O1M2A602IMROXU3Z67Q9,2026-06-01 23:52:54,2026-06-01,PRD-E6EOWU3TJXQR,CLI-1ARXTOP6PH1U,Withdrawal,,276.45,USD,,Web,,,,México,Puebla,Approved,00,False,27.88,,
TRX-353B0AUUMAUMVNMETXST,2026-06-01 09:56:22,2026-06-01,PRD-5GLP371R1PNZ,CLI-UYF2RO2TP0RY,Purchase,Food,615585.44,COP,153.9,ATM,,,Food,Colombia,Bogotá,Approved,00,False,6.47,,
TRX-1DBX89IOS4A3LA2JU4NO,2026-06-01 08:41:41,2026-06-01,PRD-9EQDT50D03MO,CLI-ZOHKUXMWO9W5,Transfer,,851.49,USD,,Web,,,,México,Monterrey,Approved,00,False,,,
TRX-64UFLRB245MOXNRZEWOO,2026-06-01 20:46:34,2026-06-01,PRD-IMRAR91XCWZN,CLI-X9LZI81MU1VF,Withdrawal,,54851.82,ARS,156.72,POS,,,,Argentina,Córdoba,Approved,00,False,21.61,,
TRX-MUDWT0L2UQQLANVXI2DD,2026-06-01 22:44:38,2026-06-01,PRD-1YE5KLNXT4HF,CLI-SZJYSYD3WM6A,Transfer,,21690162.23,COP,5422.54,Web,,,,Colombia,Medellín,Approved,00,False,18.42,,
TRX-N7SDK38RLLWCSQFH2VYG,2026-06-01 13:12:27,2026-06-01,PRD-EU5NBLFAWC6K,CLI-FYSK4MDKKPNP,Purchase,Health,264.81,USD,,ATM,SUC-UV1CR4D5,Óptica Visión,Health,México,Tijuana,Approved,00,False,28.4,,
TRX-3A1S1HZPZ4ANJD2VBP65,2026-06-01 10:22:29,2026-06-01,PRD-VLVHODQG6LRH,CLI-I39VFTLFRS0A,Payment,,116572.27,ARS,333.06,Web,,,,Argentina,Buenos Aires,Approved,00,False,5.45,,
TRX-INAZNEABNM03GU34X2EG,2026-06-01 12:55:11,2026-06-01,PRD-28T9AAZ7FAW0,CLI-5Q5LT79FV2DW,Transfer,,9915.49,USD,,ATM,SUC-HWG24EKK,,,México,Ciudad de México,Approved,00,False,,,
TRX-LPYT7FH3L6J3FHVEJ2V2,2026-06-02 04:53:41,2026-06-01,PRD-0UAZJ6DM1RL4,CLI-0GHORUGM7Q05,Withdrawal,,372.98,USD,,ATM,SUC-KI33JLSV,,,México,Ciudad de México,Approved,00,False,1.48,,
TRX-UYV9J21LGNP0NLLRPATW,2026-06-01 16:25:52,2026-06-01,PRD-57YC1ERGFL5D,CLI-K64CQDEEPRE1,Purchase,Other,49.86,USD,,App,,Ferretería,Other,Brazil,Brasília,Approved,00,False,,,
TRX-Z0TCYNA1742KB97U4G1L,2026-06-01 08:47:16,2026-06-01,PRD-EFTJFS7FMGC9,CLI-2RP0S4TA5VTA,Payment,,1826.5,USD,,POS,,,,Colombia,,Declined,51,False,5.9,,
TRX-KZHR58O4DZHRVY11XP7C,2026-06-01 09:57:18,2026-06-01,PRD-WUO1UULK23NV,CLI-4WV7PPNGQQFF,Purchase,Other,64.13,USD,,Branch,SUC-DYPJLQVN,Tienda General,Other,México,Guadalajara,Declined,51,False,0.61,,
TRX-0W0OBVCYKPNOS03YDPOU,2026-06-01 13:41:13,2026-06-01,PRD-Z748C85HEV61,CLI-FPE4O1DA8IZZ,Transfer,,397726.58,ARS,1136.36,ATM,SUC-FXWYIOXF,,,Argentina,Mendoza,Approved,00,False,2.97,-34.6222298,-58.3718676
TRX-MJKRU7CDKEZJ4J3Z51O8,2026-06-01 21:29:50,2026-06-01,PRD-VA15YZYNH209,CLI-OHLQAYP1EJD2,Payment,Entertainment,6481119.54,COP,1620.28,App,,,,Colombia,Medellín,Approved,00,False,,,
TRX-YDTA8JAG808GAVGH9WI7,2026-06-01 18:19:46,2026-06-01,PRD-9YVNBFRYR7HF,CLI-S4DGADVAEAL6,Payment,Other,465.32,USD,,Web,,,,México,Ciudad de México,Approved,00,False,28.98,,
TRX-VUXA9F5JE7XVHB969GUO,2026-06-02 00:42:10,2026-06-01,PRD-DS2O9YLOSO3H,CLI-KWIM25MBHSRH,Purchase,Food,376.7,USD,,POS,,Super Ahorro,Food,México,Monterrey,Approved,00,False,3.72,,
TRX-5UB1WUODL95HYJ8YTP09,2026-06-01 14:44:33,2026-06-01,PRD-YYFN2O17EAIQ,CLI-M653Y87BDSJ6,Deposit,,579451.93,ARS,1655.58,ATM,SUC-RKWUVL31,,,Argentina,,Approved,00,False,15.65,,
TRX-7O6VTI8EYEO6I6L10IZL,2026-06-01 19:04:22,2026-06-01,PRD-7GG70LIWBEVE,CLI-7ZKQBMEOOZ4L,Deposit,,15622460.52,COP,3905.62,ATM,SUC-XV4BJ541,,,Colombia,Cartagena,Approved,00,False,11.1,,
TRX-3EAJPJFMHYJN4LBD8WMP,2026-06-01 18:09:42,2026-06-01,PRD-7KFZCQ6YPLO9,CLI-W3N6EEHQ1WAT,Withdrawal,,1761867.69,COP,440.47,POS,,,,Colombia,Barranquilla,Approved,00,False,,,
TRX-AOWEFQ4EPOAAXUHAJ39Q,2026-06-01 08:41:24,2026-06-01,PRD-WLSZPOAH8FX0,CLI-AEGR2C72B342,Payment,Services,1723.11,USD,,App,,,,México,Tijuana,Approved,00,False,,,
TRX-6UX1HHKAA4EHAG267LRL,2026-06-01 07:10:51,2026-06-01,PRD-8E4EF7YW41P1,CLI-97PMCLMCT8AM,Purchase,Other,182.88,USD,,ATM,SUC-OLTX380V,Ferretería,Other,México,Guadalajara,Approved,00,False,30.0,-0.0077352,-0.0673441
TRX-Q9S47T4OT3NWDHENAPR5,2026-06-02 04:27:44,2026-06-01,PRD-VQTT7Q6XM61M,CLI-Q17AU29QRQ0B,Adjustment,,57892.37,COP,14.47,ATM,SUC-6NKYKKQR,,,Colombia,Barranquilla,Approved,00,False,28.33,5.022034,-73.9786213
TRX-WR5LRA1SXIY8DC0R1F1F,2026-06-01 23:52:03,2026-06-01,PRD-4ROV3K10YNEP,CLI-0Y663VI7GKBH,Payment,Entertainment,442.83,USD,,POS,,,,México,Querétaro,Approved,00,False,11.32,,
TRX-LI4QOESNV3YITZ1171Y6,2026-06-01 09:54:15,2026-06-01,PRD-1EDMGGODHBDV,CLI-VSLI6JNVRWA2,Deposit,,13017383.57,COP,3254.35,App,,,,Colombia,Barranquilla,Approved,00,False,2.77,,
TRX-D57XDW6ISK595UUYIG8G,2026-06-02 00:20:44,2026-06-01,PRD-4WVG00ITDMBB,CLI-RLVZK0DCYVBV,Withdrawal,,165358.6,ARS,472.45,ATM,SUC-7L3EZA71,,,Argentina,Buenos Aires,Approved,00,False,18.75,,
TRX-MFH2XPD5XG0XOXFR34JO,2026-06-01 07:53:32,2026-06-01,PRD-4EXU7SD6NOLE,CLI-7SKEJ0A30MVT,Payment,Services,1754.55,USD,,Web,,,,México,Monterrey,Approved,00,False,10.7,,
TRX-0G72F4FFWC25UZIXNHGD,2026-06-01 20:08:32,2026-06-01,PRD-06M0SR29QH5R,CLI-ZR3TWCS2MMV6,Payment,Entertainment,1152.43,USD,,POS,,,,Argentina,Rosario,Approved,00,False,,,
TRX-PNB2DMQ7XHRZ3GACZH45,2026-06-02 03:38:44,2026-06-01,PRD-Q12VGRDK57VT,CLI-2G1WA0ZHXASY,Payment,Transport,1388.8,USD,,App,,,,México,Ciudad de México,Approved,00,False,14.78,,
TRX-US2UDWKNKKG37ZCHUC8K,2026-06-01 14:19:56,2026-06-01,PRD-SA0QTZM9NTOX,CLI-U8ZJD02J36WC,Transfer,,9637.73,USD,,POS,,,,México,Puebla,Approved,00,False,9.58,,
TRX-JH4RBLMX0KYLQRJD8LO0,2026-06-01 17:19:04,2026-06-01,PRD-ZUG52SGUP0Y8,CLI-ODG59LM0IKPO,Purchase,Entertainment,1342074.23,COP,335.52,ATM,SUC-4BEKYT6U,Conciertos Live,Entertainment,Colombia,Medellín,Approved,00,False,16.32,,
TRX-APRAF58H9O250CPBPCHJ,2026-06-01 09:06:12,2026-06-01,PRD-GV7TF6FI863Y,CLI-RK3PDEOLI43L,Payment,Food,662638.06,ARS,1893.25,POS,,,,Argentina,Buenos Aires,Approved,00,False,6.93,-33.6814319,-58.1580178
TRX-3WZ1854T5V652NQSHANX,2026-06-01 15:41:03,2026-06-01,PRD-6WEU33U1KN76,CLI-CTHZ1VTQEW20,Transfer,,1919775.69,ARS,5485.07,Web,,,,Argentina,Mendoza,Approved,00,False,7.02,,
TRX-6X60KPKN7BOK0ERUP4AF,2026-06-02 00:26:14,2026-06-01,PRD-V3RFTCHEYP9C,CLI-KRCVL7313CFZ,Withdrawal,,401.32,USD,,POS,,,,México,Querétaro,Approved,00,False,12.92,,
TRX-FSAJQSDOP3KRRX4KNHZM,2026-06-01 15:08:21,2026-06-01,PRD-VBDP599C3MLR,CLI-KQ8UD7HRPU6P,Withdrawal,,1215639.89,COP,303.91,POS,,,,Colombia,Cali,Approved,00,False,19.45,,
TRX-DUKSAJPX2F4JNQMU16PM,2026-06-01 18:30:48,2026-06-01,PRD-0H5N1C67IFOW,CLI-LSN2OH90DDNM,Purchase,Services,34.51,USD,,POS,,Internet Plus,Services,México,Ciudad de México,Approved,,False,16.47,-0.6275587,0.0685057
TRX-BCJCFAW6332UTBX3WGWJ,2026-06-01 11:55:49,2026-06-01,PRD-Q6ZK7XYCTGOV,CLI-MCIYNHTFBO0A,Purchase,Other,10.32,USD,,App,,Tienda General,Other,México,Ciudad de México,Approved,00,False,13.57,,
TRX-B44C9CTZMBC3RFR9HMZ8,2026-06-01 08:43:23,2026-06-01,PRD-WQ8BR3M0JQ17,CLI-T8LPU3ENZY8K,Purchase,,164.94,USD,,App,,Tienda Don José,Food,México,Monterrey,Declined,,False,14.7,,
TRX-QKDQAO2FPVMUK38W78RA,2026-06-01 21:18:35,2026-06-01,PRD-S4UH4YVZRGJE,CLI-YIH7OL7ML138,Transfer,,447789.63,ARS,1279.4,ATM,SUC-IPX8M3BR,,,Argentina,Rosario,Reversed,05,False,18.84,,
TRX-2988UGDVPY59NDWVGG9N,2026-06-01 23:21:04,2026-06-01,PRD-7ZHE6YFZL5SM,CLI-JOV82SKDPVS0,Withdrawal,,366.86,USD,,ATM,SUC-JYJWT9TH,,,México,Querétaro,Approved,00,False,17.12,0.5123411,-0.1831349
TRX-6BTAC6361OYD2VJYFW18,2026-06-01 15:59:15,2026-06-01,PRD-O90N0AD96JKB,CLI-0ZCD8LB2V0TZ,Withdrawal,,316.33,USD,,POS,,,,México,Ciudad de México,Approved,00,False,16.56,0.6917349,
TRX-7QQDE28ZYR271ZFKPYU2,2026-06-01 07:41:31,2026-06-01,PRD-ZPZCT1JI4QYJ,CLI-V3HFW48J3AY8,Purchase,Transport,1562116.91,COP,390.53,ATM,SUC-O4G07J7I,Taxi Seguro,Transport,Colombia,Medellín,Approved,00,False,11.23,3.897968,-73.1433955
TRX-JWP4A7SHI0PPWGLQA9BS,2026-06-01 10:49:40,2026-06-01,PRD-9AUBC3AHJ0BJ,CLI-9XR0ZFIKAYPF,Transfer,,7378.73,USD,,ATM,SUC-8P0IDMOM,,,México,Puebla,Approved,00,False,0.09,-0.6462265,0.9078512
TRX-9UTVA8L50IJ6V7F5Q2TA,2026-06-01 23:10:45,2026-06-01,PRD-B6GQKDP2GCBB,CLI-Y03LOETUYKI1,Withdrawal,,94273.81,COP,23.57,Web,,,,Mexico,Puebla,Approved,00,False,27.86,,
TRX-1A9LFBYKYN0PIW21K7VC,2026-06-01 14:14:59,2026-06-01,PRD-RV36TOWLCM92,CLI-S6V93RWCJIOF,Withdrawal,,93.35,USD,,POS,,,,México,Monterrey,Approved,00,False,26.66,,
TRX-RFTF930SKSL3X472BEJZ,2026-06-01 07:05:13,2026-06-01,PRD-HUWASCJD6YLY,CLI-W6K298ZVI260,Payment,Food,1098.06,USD,,ATM,SUC-EN5GYCON,,,México,Tijuana,Approved,00,False,25.4,0.4305482,0.2318676
TRX-ZSBIT26SJ2AY7D7N5LL3,2026-06-01 22:20:16,2026-06-01,PRD-7QUJ9CQF87XX,CLI-M959GZCPKEM4,Deposit,,1184.6,USD,,ATM,,,,México,Guadalajara,Approved,00,False,,,
TRX-7SRORP4EPDBY6CLHLPY5,2026-06-01 20:40:05,2026-06-01,PRD-9AMOLEJDQ9I4,CLI-D0SIJO0D3WYI,Deposit,,5745779.29,COP,1436.44,App,,,,Colombia,Medellín,Approved,00,False,17.17,,
TRX-9LZFCM4JJLOCK6AR44ML,2026-06-01 16:27:14,2026-06-01,PRD-YT5X8AB12KI7,CLI-T0CXJ7434TS2,Transfer,,9219.56,USD,,POS,,,,México,Monterrey,Approved,00,False,11.09,,
TRX-U4GGBES9JIIFEMOUL7Y1,2026-06-01 16:36:59,2026-06-01,PRD-K3XYVOULCDI1,CLI-VI8AZCBF7VYS,Transfer,,377.29,USD,,Web,,,,México,Ciudad de México,Approved,00,False,28.14,,
TRX-V8UOVUF8O2QADEVGSIBZ,2026-06-01 20:01:15,2026-06-01,PRD-PJEAUEL8ERDK,CLI-YU5595BHRYHD,Purchase,Food,169461.13,ARS,484.17,ATM,SUC-8433QXQ4,Mercado Central,Food,Argentina,,Approved,00,False,12.08,,
TRX-WORM525Z0WLC3OXKJC4S,2026-06-01 20:21:25,2026-06-01,PRD-I67PHE62AD8V,CLI-00RGG4X3880G,Purchase,Entertainment,107.21,USD,,Web,,,Entertainment,México,Querétaro,Approved,00,False,11.93,,
TRX-624W8US3QDQ7LWAULRZK,2026-06-02 01:23:14,2026-06-01,PRD-MMOSJHX6XGQ7,CLI-OZVDJGQZJ26N,Purchase,Entertainment,67129.49,COP,16.78,Web,,Teatro Nacional,Entertainment,Colombia,Cartagena,Approved,00,False,8.18,,
TRX-W1EKPBF6CLJ7Y43CLIDO,2026-06-01 10:19:56,2026-06-01,PRD-74BUUE4DPNLK,CLI-NQ9UX2QVPUDZ,Transfer,,1719.52,USD,,App,,,,México,Monterrey,Approved,00,False,21.19,,
TRX-7BK10IM4CC1TI6IDF0Z3,2026-06-01 07:23:57,2026-06-01,PRD-70IZXXQ84JET,CLI-79DNY7VCE4M6,Payment,Other,1835.98,USD,,POS,,,,México,Tijuana,Approved,00,False,21.7,-0.6262998,-0.0482381
TRX-NR56AYPWARPAMA33RTUB,2026-06-02 03:24:18,2026-06-01,PRD-CD17ATQATAG2,CLI-Z9ONS8PT30IY,Payment,Entertainment,567215.75,ARS,1620.62,Web,,,,Argentina,Buenos Aires,Approved,00,False,23.55,,
TRX-BPVVCOVH40KIFRORALP5,2026-06-01 16:02:55,2026-06-01,PRD-0HY2J89XL4GR,CLI-D2NGHXDL15U5,Payment,Other,1568.48,USD,,Web,,,,México,Querétaro,Approved,00,False,12.83,,
TRX-DSEGFQBLID7CCNY045QJ,2026-06-01 23:32:30,2026-06-01,PRD-GI27A5VS8ZZA,CLI-JUFFETBEYMMJ,Transfer,,713.27,USD,,POS,,,,México,Querétaro,Approved,00,False,16.47,0.7331135,-0.7751104
TRX-EPWP3YQJEHRPCPMDXJK1,2026-06-01 17:22:07,2026-06-01,PRD-SNQE9L9GK2E9,CLI-LUMFYQ1FJADL,Purchase,Services,101673.27,ARS,290.5,ATM,SUC-HYTTI82L,Servicios Públicos,Services,Argentina,Rosario,Approved,00,False,11.04,-35.2872667,-57.9943862
TRX-QFR4QCGNTTHDMNRPEVFE,2026-06-01 15:21:17,2026-06-01,PRD-WO0VU57AHFJE,CLI-C8ISVL88L6JL,Transfer,,87437.15,ARS,249.82,Branch,SUC-571XLYQB,,,Argentina,Rosario,Approved,00,False,5.01,,-58.2816206
TRX-2975VOHBW18YP8R6EH00,2026-06-01 20:34:35,2026-06-01,PRD-0JN1KATNGSLU,CLI-8Y0NRRQW42K9,Withdrawal,,121.15,USD,,App,,,,México,Monterrey,Approved,00,False,8.05,,
TRX-K9GKUI1MRFVYUGNUBYVW,2026-06-01 15:11:44,2026-06-01,PRD-9HSFXBHOZ5EH,CLI-BTXJDRLJJF6V,Transfer,,5287728.1,COP,1321.93,Web,,,,Colombia,Cali,Pending,51,False,14.24,,
TRX-T9I7TVNDMS16TR6E9JAY,2026-06-02 02:37:38,2026-06-01,PRD-SLIUG3JB5X56,CLI-G0P3J79I44H6,Transfer,,36660064.62,COP,9165.02,App,,,,Colombia,Bogotá,Approved,00,False,0.1,,
TRX-ABRUFDWT22P2UDB0IU18,2026-06-01 16:06:53,2026-06-01,PRD-QYBI7JJTGNZC,CLI-M04ZA0VTLF1S,Deposit,,2618.7,USD,,POS,,,,México,Querétaro,Approved,00,False,28.32,,
TRX-0BC60N83SEGJZ6TDIPTG,2026-06-01 18:19:45,2026-06-01,PRD-7C5BQ5RR42FP,CLI-1U6JPLN3GE2C,Purchase,Entertainment,89220.16,ARS,254.91,POS,,Teatro Nacional,Entertainment,Argentina,Mendoza,Approved,00,False,10.51,-33.7787663,-58.4163129
TRX-G2YI21ZPWODC86AOWDAC,2026-06-01 19:13:27,2026-06-01,PRD-QY7AVJ301PUO,CLI-BR9VTTLDC5JS,Purchase,Other,306.17,USD,,POS,,Tienda General,Other,Colombia,Bogotá,Approved,00,False,28.9,5.1662471,
TRX-2OKDPG0ZVHT3S7VO699B,2026-06-02 05:45:43,2026-06-01,PRD-0O6WYAQSGGL9,CLI-S7WQWMH2SOXI,Purchase,Transport,1688175.92,COP,422.04,POS,,Taxi Seguro,Transport,Colombia,Bogotá,Approved,00,False,,3.8271741,-73.6409316
TRX-XIZFPK3Q855C48EI9WE2,2026-06-01 22:17:00,2026-06-01,PRD-8NJ9MPLXAUW6,CLI-WXHZ70R0N9LJ,Deposit,,3847.07,USD,,ATM,SUC-6A2UBEHN,,,México,Puebla,Approved,00,False,13.72,,
TRX-E2PEVUTWMVQ4OZVGE2GI,2026-06-01 18:36:58,2026-06-01,PRD-MYPVODH1HZF8,CLI-1EQJ93SR5TYH,Withdrawal,,70.74,USD,,POS,,,,Colombia,Cali,Approved,00,False,24.53,4.762229,-74.5796562
TRX-YI5FVIX0SHWXVHOOYHNS,2026-06-01 10:41:12,2026-06-01,PRD-HKLK78C35UZN,CLI-U809ZRBRQXKA,Transfer,,438.21,USD,,POS,,,,México,Ciudad de México,Approved,00,False,3.96,,0.2670527
TRX-YRAO2PDNTFAAPZSQH00X,2026-06-01 14:31:28,2026-06-01,PRD-0XAKDAJ1PFS2,CLI-D1T8COLCB4GL,Purchase,Food,383.68,USD,,POS,,Super Ahorro,Food,México,Querétaro,Approved,00,False,,,
TRX-RH65C42E5EOK26JVDBJM,2026-06-01 09:15:35,2026-06-01,PRD-3JJFAXO4PCRK,CLI-1D9A820ZUD18,Transfer,,7041.96,USD,,Web,,,,México,Tijuana,Pending,54,False,18.15,,
TRX-9YZK42250PQ0QXL2ST0A,2026-06-01 10:49:56,2026-06-01,PRD-REW5J0WUGWS2,CLI-FVUG9GYWWGRW,Payment,Health,1878340.34,COP,,ATM,SUC-AXEH5GB0,,,Argentina,Buenos Aires,Approved,00,False,,4.9574983,-73.6904208
TRX-MSMTM56LMSKXZIVDJ7MF,2026-06-02 04:07:40,2026-06-01,PRD-UERF5HASZ682,CLI-XKOOQJNGHVPU,Purchase,Services,148.48,USD,,Web,,Cable TV,Services,México,Guadalajara,Approved,00,False,,,
TRX-8JKEYZAQ97CYNOMQWJ8N,2026-06-01 07:17:03,2026-06-01,PRD-2PL0SJJ5H0K9,CLI-13IMH76L2VO6,Purchase,Entertainment,24354.04,ARS,69.58,App,,Teatro Nacional,Entertainment,Argentina,Mendoza,Approved,00,False,,,
TRX-ODBWS3VVWHGWX1615UOQ,2026-06-01 15:31:35,2026-06-01,PRD-HOY1QZ195DB3,CLI-CC0AHAFGTKV8,Deposit,,3607612.95,COP,901.9,ATM,SUC-9S92DZ9T,,,Colombia,Barranquilla,Pending,14,False,8.66,,
TRX-EJGZBHFZED6N80NMJN2A,2026-06-02 01:13:34,2026-06-01,PRD-JLP6TU4XEH6O,CLI-5BQVBM71KSPN,Withdrawal,,1428927.93,COP,357.23,ATM,SUC-2LW7L4Y3,,,Colombia,,Reversed,05,False,9.56,5.5599664,-74.3433495
TRX-GRNE7MYAYBQJHXJEOR9U,2026-06-01 06:19:33,2026-06-01,PRD-0FYHSLYH0D0M,CLI-NA6JW92BDC5M,Purchase,Transport,342.64,USD,,App,,Gasolinera Express,Transport,México,Tijuana,Approved,00,False,,,
TRX-SNER104QBOYX0P2WE015,2026-06-01 09:53:45,2026-06-01,PRD-FZEFF2MN1Z05,CLI-6YLI2CBD7Y3U,Withdrawal,,337.36,USD,,Web,,,,México,Puebla,Approved,00,False,12.4,,
TRX-AN2I555MTOMQGS04BHBL,2026-06-02 05:15:27,2026-06-01,PRD-JOJ2759WUN51,CLI-Y3PHYVJ1L5R4,Payment,Services,1951.46,USD,,App,,,,México,Puebla,Approved,00,False,,,
TRX-AN20YTT4Q2D0GOADWDTD,2026-06-01 11:54:44,2026-06-01,PRD-DE7N1ACNLL3U,CLI-TBWDA9XN6LIF,Withdrawal,,29.24,USD,,POS,,,,México,Tijuana,Approved,00,False,9.46,,
TRX-AYWGAJGOTA64ONWSWXHG,2026-06-01 18:06:44,2026-06-01,PRD-L8W60A91Z7K1,CLI-4W32HN0QHH1N,Payment,Services,1801.36,USD,,App,,,,México,Tijuana,Approved,00,False,,,
TRX-VOXUCYN74MJT0IEJ98G2,2026-06-01 08:29:52,2026-06-01,PRD-XNMRCY82EKXW,CLI-9YE5X7DMYOB4,Purchase,Transport,73.09,USD,,POS,,Taxi Seguro,Transport,México,Tijuana,Approved,00,False,,0.2308449,-0.6448402
TRX-4WYI70ZYOYMINWNPZLML,2026-06-01 10:35:18,2026-06-01,PRD-XQ3IESDT4NSM,CLI-T1MGI717W4AF,Withdrawal,,1668710.96,COP,417.18,Web,,,,Argentina,Buenos Aires,Approved,00,False,10.85,,
TRX-GJAT421PYQQ6P635WF83,2026-06-01 12:21:21,2026-06-01,PRD-6JP6UKLT0QU3,CLI-UTIAKE2KBIIS,Purchase,Other,1376247.67,COP,344.06,Branch,SUC-85YWBJ74,Boutique Moda,Other,Colombia,Cali,Approved,00,False,1.71,,
TRX-QBFOEX9VUPAGPM7ECV1W,2026-06-02 02:22:28,2026-06-01,PRD-W8QMM8OIA53Q,CLI-9OS6ZOY6N0W9,Purchase,Other,289.39,USD,,POS,,Centro Comercial,Other,Argentina,,Approved,00,False,16.18,,
TRX-4JJY5LFF12NRD4VDXP15,2026-06-01 19:14:57,2026-06-01,PRD-S8NICDPSGFTJ,CLI-33UB9J2XI90I,Payment,Health,192.27,USD,,ATM,SUC-Y18NE8GS,,,México,Tijuana,Approved,00,False,,,
TRX-1WI62W4RUB4GS6GQ38ED,2026-06-01 23:54:22,2026-06-01,PRD-59W9GFX8HF13,CLI-L1SPP8IL8TNO,Adjustment,,133.37,USD,,POS,,,,México,Puebla,Approved,00,False,,,
TRX-W19GGU8I6QX7QOMYSO68,2026-06-01 09:25:06,2026-06-01,PRD-LPF2PFHAFCXN,CLI-CIGX94LYP8ZY,Purchase,Food,1874497.9,COP,468.62,POS,,Super Ahorro,Food,Colombia,Cali,Approved,00,False,19.34,,
TRX-JOASRGQH9LZI01TK3L39,2026-06-01 06:39:22,2026-06-01,PRD-D73HPO3OPUDU,CLI-TIED2IA0P2Q3,Withdrawal,,333.65,USD,,Web,,,,México,Puebla,Approved,00,False,23.05,,
TRX-3TZH5LWLE2SC0834422D,2026-06-01 22:23:27,2026-06-01,PRD-1HSA8S2FZENB,CLI-UG9OV6AA3QOH,Deposit,,3716.85,USD,,ATM,SUC-UB0LXRUU,,,México,Monterrey,Approved,00,False,14.57,,
TRX-3ISV121WP9HST0IJQ5PL,2026-06-01 08:45:20,2026-06-01,PRD-ALL8VOYKX7FF,CLI-E7ME2LTTZSVZ,Withdrawal,,94281.07,ARS,269.37,ATM,SUC-O09F6PWJ,,,Argentina,,Approved,00,False,6.52,,
TRX-GDCY03WT28HIPWBFZKSP,2026-06-01 08:04:11,2026-06-01,PRD-LTM78IOG3VPA,CLI-K7RSDBYO8334,Payment,Transport,2011563.29,COP,502.89,POS,,,,Colombia,Cali,Approved,00,False,,,
TRX-PX33M1N2AV31LQ20LPHQ,2026-06-02 01:40:55,2026-06-01,PRD-EJBZ5ASZKQNT,CLI-JK2BPR9UGGZY,Transfer,,23701158.92,COP,5925.29,Web,,,,Colombia,Bogotá,Approved,00,False,14.27,,
TRX-3Q3JGAFX8TVF8LYCBN5Z,2026-06-01 13:05:28,2026-06-01,PRD-ABURXZ71MKXO,CLI-VIYRSP9WCT7N,Purchase,Health,498.83,USD,,POS,,Farmacia Salud,Health,México,Tijuana,Approved,00,False,28.87,,
TRX-606YEJ6D958J7F3TJXXU,2026-06-02 02:51:20,2026-06-01,PRD-GIKWWOT7S7RE,CLI-80VDU1PHOBGK,Deposit,,1485.82,USD,,POS,,,,México,Monterrey,Approved,00,False,18.38,,
TRX-7BFK1Q4OBEDWG9ENFV6Y,2026-06-01 13:01:53,2026-06-01,PRD-NHU88T3JFOP8,CLI-WVGHOWCZ1P2I,Withdrawal,,1168439.67,COP,292.11,App,,,,Colombia,Medellín,Approved,00,False,14.06,,
TRX-Z0L2SY0BE87RYG7GJG7F,2026-06-01 15:13:18,2026-06-01,PRD-JE3J59QQO8AT,CLI-NA9AM5OCBPSN,Transfer,,9824855.89,COP,2456.21,POS,,,,Colombia,Cali,Approved,00,False,21.52,,
TRX-RTKES7CAN3T4VJZ2E3G1,2026-06-01 23:24:01,2026-06-01,PRD-7P9V0SBGFV60,CLI-RS61ZKAV9BI2,Payment,Food,286333.44,ARS,818.1,App,,,,Argentina,Rosario,Declined,51,False,3.88,,
TRX-QG2I82HMT2H7HE6SHT09,2026-06-01 12:50:02,2026-06-01,PRD-X39MIVBYEUCX,CLI-HGLOCQYQQ8E3,Withdrawal,,109479.81,ARS,312.8,POS,,,,Argentina,Córdoba,Approved,00,False,23.44,,
TRX-G6SOYKRDJRETOXTPS0FB,2026-06-01 15:22:47,2026-06-01,PRD-STDED0P0N8FG,CLI-VLPDBVV6K7US,Transfer,,11038495.69,COP,2759.62,Transfer,,,,Colombia,Barranquilla,Declined,05,False,10.77,,
TRX-6LLS7S2BJ3VUYOZ349O3,2026-06-01 18:50:02,2026-06-01,PRD-8GY5A0ZSWAR5,CLI-EZM0LQ7X5L0A,Withdrawal,,95735.53,ARS,273.53,App,,,,Argentina,Córdoba,Approved,00,False,,,
TRX-G5RDQQM0E6AF00XF2PJL,2026-06-01 23:08:54,2026-06-01,PRD-VOXQANP4682R,CLI-2UETSKWSD3MS,Withdrawal,,47.05,USD,,ATM,SUC-337QKO7D,,,México,Puebla,Approved,00,False,,,
TRX-YCWZ8222P0QP9A3ZHLBP,2026-06-01 08:37:50,2026-06-01,PRD-CTJ8QZIX3J9M,CLI-8BQWODOUR9BN,Transfer,,243.18,USD,,ATM,SUC-337QKO7D,,,México,Ciudad de México,Approved,00,False,4.17,0.3595694,-0.6008932
TRX-D47E44V4D7ELJ5BR47A0,2026-06-01 06:18:27,2026-06-01,PRD-LXZ5FLBOTWMC,CLI-GZ0HYN99LHTE,Transfer,,4822.14,USD,,POS,,,,México,Querétaro,Approved,00,False,14.37,,
TRX-7EBIQ82QGIDUPCEDKPIS,2026-06-01 21:57:49,2026-06-01,PRD-6RP009V1389L,CLI-AMRMYWGV0OFP,Transfer,,1357571.59,ARS,3878.78,App,,,,Argentina,Buenos Aires,Approved,00,False,24.68,,
TRX-D2UNK85MEYMRJE5KL4VF,2026-06-02 00:34:30,2026-06-01,PRD-PG5B4HLVBK89,CLI-X9Y5WKPGQ9S7,Payment,Food,1192.95,USD,,ATM,SUC-4HF4J8KO,,,México,,Approved,00,False,,-0.2290923,0.6028572
TRX-FS1SXTQS8LKF55P48164,2026-06-01 23:44:38,2026-06-01,PRD-N72Z21BEVUTE,CLI-4KYT6RSMXA0A,Adjustment,,1510588.41,COP,377.65,POS,,,,Colombia,Cali,Approved,00,False,24.64,,
TRX-Y5AGGX2SS76PFOKOJ1BI,2026-06-02 03:34:17,2026-06-01,PRD-WEB3E9GA9OE8,CLI-PGUVMPE364ZC,Purchase,Services,1256976.54,COP,314.24,ATM,SUC-CBL7ISR7,Servicios Públicos,,Colombia,Medellín,Approved,00,False,28.12,,
TRX-OCR5LNSY59B563UE12CJ,2026-06-02 00:33:29,2026-06-01,PRD-IN54O2UJ5XM5,CLI-K7535HBCZJCL,Transfer,,4376.67,USD,,ATM,SUC-Z39EOE70,,,México,Ciudad de México,Approved,00,False,23.57,,
TRX-1T1DH36LDDRSEBVXM9A3,2026-06-02 01:55:24,2026-06-01,PRD-DMQ7GR4IF25X,CLI-G622RQ99LEPM,Payment,Transport,5599133.15,COP,1399.78,POS,,,,Colombia,Bogotá,Approved,00,False,17.2,,
TRX-0G1CBVSPS0GRR24LHGZF,2026-06-01 09:48:59,2026-06-01,PRD-Y4U62D9VQUBZ,CLI-MV47CED534Q6,Withdrawal,,79771.15,ARS,227.92,Web,,,,Argentina,La Plata,Approved,00,False,1.49,,
TRX-M1A6SP44CDIK0KAIMM8Z,2026-06-02 01:00:14,2026-06-01,PRD-NS0ZAE72KMSH,CLI-TVGWNIE1Y4TZ,Purchase,,151.08,USD,,App,,Restaurante El Buen Sabor,,Argentina,Córdoba,Approved,00,False,17.79,,
TRX-YRMDNVS56M7BSH9PRUJV,2026-06-02 03:09:23,2026-06-01,PRD-DAXBBR6W5E5Y,CLI-QC3S4NFINUF7,Withdrawal,,1234608.53,COP,308.65,ATM,SUC-OPPQ932B,,,Colombia,Bogotá,Approved,00,False,16.26,,
TRX-RU2K0WQRNBAZZ7IX46DO,2026-06-01 19:11:45,2026-06-01,PRD-GAX8MAVI1A20,CLI-2MWFC8BNZZ9O,Transfer,,6328.26,USD,,App,,,,México,Ciudad de México,Approved,00,False,13.91,,
TRX-KT51010HUV152ADWZ83G,2026-06-01 14:26:04,2026-06-01,PRD-NV7I7QNAYLBZ,CLI-D58758ZCKL5R,Purchase,Food,1213010.84,COP,303.25,ATM,SUC-P6VSAH4U,Tienda Don José,Food,Colombia,Barranquilla,Approved,,False,2.56,,
TRX-Z3QL4C1ZGKO2V66WP64F,2026-06-01 23:25:07,2026-06-01,PRD-L8AJ1MVN8NTR,CLI-YWP9BT5CLSW2,Purchase,Services,304.79,USD,,Web,,Cable TV,Services,México,Tijuana,Approved,00,False,,,
TRX-7VU2C4K1D8NRU9TYJZXS,2026-06-01 14:18:45,2026-06-01,PRD-6DA0NBH73R4Y,CLI-GX6O0D1SBPQX,Purchase,Transport,426.88,USD,,POS,,Uber,Transport,Colombia,Cartagena,Approved,00,False,14.55,,
TRX-ZFOCNH6GS2BT3S9GXDXH,2026-06-01 10:43:32,2026-06-01,PRD-38RYTXM0G8Q5,CLI-H3QIFODVYG7O,Purchase,Food,424.94,USD,,POS,,Restaurante El Buen Sabor,Food,México,Guadalajara,Approved,00,False,,,
TRX-D10GJR6T5HTEZFG36WPZ,2026-06-01 10:23:33,2026-06-01,PRD-CP0ZR1K2PLLD,CLI-4WCMCTIZMX1H,Transfer,,4579.36,USD,,App,,,,México,Tijuana,Approved,00,False,,,
TRX-V2RCF16T66GFPA55ZCUD,2026-06-01 11:36:33,2026-06-01,PRD-J5JD2FSU6RAN,CLI-VATYM40C8HCV,Purchase,Transport,495.18,USD,,POS,,Taxi Seguro,Transport,México,Querétaro,Approved,00,False,,0.1244119,-0.8294774
TRX-Q9D8MF6MS8SD3O0ISR9W,2026-06-01 13:56:14,2026-06-01,PRD-D1VNC1UC1UCW,CLI-4TAC4RMZQJ5X,Withdrawal,,129.64,USD,,POS,,,,México,Guadalajara,Approved,00,False,21.86,0.7439323,0.8018064
TRX-8BDRGO3VTOR51IUWNG5F,2026-06-01 16:30:05,2026-06-01,PRD-4TYRGSGUNVSK,CLI-1T5L0PZHHUAG,Transfer,,7647.38,USD,,POS,,,,México,Monterrey,Approved,00,False,14.58,-0.747185,-0.9923309
TRX-B1J0PQN1KWV56K4ZVOC3,2026-06-01 20:29:16,2026-06-01,PRD-EF0V7XXWOBTX,CLI-VMI8RU3R4N42,Deposit,,454.69,USD,,ATM,SUC-JYU0POJ9,,,México,Monterrey,Approved,00,False,28.49,,
TRX-R87TPJ8MCHQ8WTAEDTGJ,2026-06-01 08:08:59,2026-06-01,PRD-5V8J5R8W63AP,CLI-ZO5JU62V82D8,Deposit,,911305.13,COP,227.83,App,,,,Colombia,Barranquilla,Approved,00,False,21.96,,
TRX-UNPWBM26ALDEE7KZKQ8D,2026-06-02 04:45:55,2026-06-01,PRD-0V49LFF442UB,CLI-EEDMZTQG1UCU,Deposit,,2669.53,USD,,Web,,,,México,Puebla,Declined,54,False,25.68,,
TRX-LFRR20E5VR3DKWNHD55W,2026-06-01 19:29:36,2026-06-01,PRD-A7FVOCAKWZWP,CLI-WNO4UJZOYSVE,Withdrawal,,488.84,USD,,Web,,,,Colombia,Bogotá,Approved,00,False,4.59,,
TRX-HQ8I66NLKOPFG8WSXCHS,2026-06-01 23:09:46,2026-06-01,PRD-PL7Q0R3II0QH,CLI-MZ1Q2OFLGRUW,Payment,Food,279.19,USD,,POS,,,,México,Puebla,Approved,00,False,29.96,,
TRX-G0VD4NQ4P6RZ02QW48BZ,2026-06-02 03:59:29,2026-06-01,PRD-I1MW021XN4MN,CLI-HXARWC4PAQMS,Purchase,,198.36,USD,,App,,Cable TV,Services,México,Monterrey,Approved,00,False,,,
TRX-RDG7QB6Z3NBBFYHCJEG8,2026-06-01 16:41:13,2026-06-01,PRD-5YNIYAV3BJEE,CLI-Y4N6WLI1OQIZ,Withdrawal,,1981308.54,COP,495.33,ATM,SUC-UJA1ZE8Q,,,Colombia,Cartagena,Approved,00,False,23.39,,
TRX-Y0ZLTUCKVGMXHRNA67QV,2026-06-01 13:09:08,2026-06-01,PRD-N0HN5I5B982V,CLI-LZ71S8QMXMS1,Transfer,,38038591.64,COP,9509.65,POS,,,,Colombia,Medellín,Approved,00,False,15.73,,
TRX-1PEA706E8XGP5RD47A23,2026-06-01 09:06:13,2026-06-01,PRD-XSOJ8BAU2LSE,CLI-007AY9KAHLA1,Purchase,Transport,1371447.46,COP,342.86,POS,,Gasolinera Express,Transport,Colombia,Bogotá,Approved,00,False,27.23,,
TRX-TDQYCIG0T4AYSGF87TUY,2026-06-01 14:47:58,2026-06-01,PRD-Q1RIFKR0EZ9Z,CLI-B7LP98VSR77P,Withdrawal,,241.97,USD,,POS,,,,México,Tijuana,Approved,00,False,,0.1652941,0.1151164
TRX-EFSBLV0IU7GAK9FGL3W0,2026-06-01 09:35:29,2026-06-01,PRD-TFWGLH6Z26O2,CLI-JUTTXBCJLAXA,Payment,Other,464487.95,ARS,1327.11,POS,,,,Argentina,La Plata,Approved,00,False,4.42,,
TRX-CMH987NUILNFSNU6N16O,2026-06-01 18:10:15,2026-06-01,PRD-F9G37G69S6WD,CLI-MX1WTBUADUMK,Payment,Entertainment,1823941.76,COP,455.99,POS,,,,Colombia,Cali,Declined,14,False,1.33,,
TRX-B0ZJ5C454BH97UWG9OKX,2026-06-01 09:29:42,2026-06-01,PRD-5X98RJCEI0GJ,CLI-945RCNM5AVHG,Withdrawal,,232.87,USD,,Web,,,,México,Guadalajara,Approved,00,False,17.93,,
TRX-8Q7FPYRBD1VQ8I5E23NC,2026-06-01 17:15:03,2026-06-01,PRD-G9A4R15YKHJ6,CLI-44D6UC3BHT7X,Transfer,,8173.18,USD,,POS,,,,México,Tijuana,Approved,00,False,23.32,-0.7115318,0.6062282
TRX-EYY9Z3YPGTTVTJ14FBY3,2026-06-01 16:50:49,2026-06-01,PRD-0MOHJTZEJ90G,CLI-CDCWW9CMGLQN,Withdrawal,,481.7,USD,,POS,,,,México,Guadalajara,Approved,,False,17.39,-0.8395481,
TRX-CP6CUVBZC33AKIUMHOS2,2026-06-02 05:29:46,2026-06-01,PRD-P1KFZ3TVGHC3,CLI-IY5KV55HSUV0,Withdrawal,,426.21,USD,,ATM,,,,México,Guadalajara,Approved,00,False,18.87,,
TRX-1JRY0S9HPY2UMQC9AXXN,2026-06-01 10:20:36,2026-06-01,PRD-OZPP8F39UEZS,CLI-ODT0PWTHQKRI,Transfer,,224.03,USD,,POS,,,,México,Puebla,Approved,00,False,,-0.4626569,0.3635419
TRX-AE8BNAKP9EU96N83N1EF,2026-06-02 01:46:26,2026-06-01,PRD-14DP530RJZ4U,CLI-K6TIKV0HS0PD,Withdrawal,,326.39,USD,,POS,,,,México,,Approved,00,False,5.7,,
TRX-I3T3VETL4N0T82D2EL3V,2026-06-01 09:45:48,2026-06-01,PRD-0UG66VOC1ZOV,CLI-4DJSNIH0ZIAI,Deposit,,2401.85,USD,,Web,,,,México,Ciudad de México,Approved,00,False,1.3,,
TRX-WAEK8IBFNQQVXF6E3VXH,2026-06-01 14:58:02,2026-06-01,PRD-AINDXCPB8CWU,CLI-8Q78LJGTC3UF,Deposit,,383734.56,ARS,,ATM,SUC-PJ3BSV1X,,,Argentina,Buenos Aires,Approved,00,False,20.55,,
TRX-X3XFPXBZGPNUSP5EUJW8,2026-06-02 01:13:08,2026-06-01,PRD-PQN1FJLE93Z3,CLI-JQKU74HIP2WE,Adjustment,,620.44,USD,,ATM,SUC-4ICHM641,,,Argentina,,Approved,00,False,27.52,,
TRX-1JKCX9R52AUPXKPVZVYW,2026-06-01 21:34:49,2026-06-01,PRD-CD62J34JNYPX,CLI-9FDMZ26WZEDM,Withdrawal,,345138.81,COP,86.28,Web,,,,Colombia,Barranquilla,Approved,00,False,19.14,,
TRX-U5KTEPUQY5IQ5UJGQPOY,2026-06-01 06:37:50,2026-06-01,PRD-4UU98D2E0ZT7,CLI-C6L949E6XN61,Transfer,,4624.52,USD,,ATM,SUC-I4AA1FSG,,,México,Guadalajara,Approved,00,False,7.13,,
TRX-QABIL34P3GKC1YGNSHO0,2026-06-01 21:27:49,2026-06-01,PRD-WWBOBY6DRG90,CLI-54LCNLICT02Z,Withdrawal,,1361492.96,COP,340.37,POS,,,,Colombia,Bogotá,Approved,00,False,8.55,,
TRX-N80N693YI7K87RDZIV86,2026-06-01 07:36:02,2026-06-01,PRD-CVFYK3KRGA4M,CLI-FPSQOKJRR4MZ,Withdrawal,,257.29,USD,,App,,,,México,,Approved,00,False,7.89,,
TRX-WQ3J4MDXX7XI3NDP90VA,2026-06-01 13:04:40,2026-06-01,PRD-PJHCQ0EXIG4V,CLI-NKBMMGXKWPFC,Withdrawal,,1367477.68,COP,,ATM,,,,Colombia,Cali,Approved,00,False,13.47,4.2114765,-73.6961255
TRX-NF7LD9MBDF59GO8HRE9N,2026-06-01 14:50:45,2026-06-01,PRD-91X3C46VXCTI,CLI-73E9933ZDXEK,Withdrawal,,99043.49,ARS,282.98,App,,,,Argentina,Rosario,Approved,00,False,8.98,,
TRX-TXAEYQ48XSBIPP1RQ65N,2026-06-01 06:34:02,2026-06-01,PRD-I7W0X8VMHR5L,CLI-2HAZIBEN5MWS,Transfer,,593.61,USD,,ATM,SUC-FQBLIDK9,,,Brazil,São Paulo,Approved,00,False,22.71,,
TRX-D1AWU7LO1Q7J8QS1JA4P,2026-06-02 00:10:41,2026-06-01,PRD-O2KKNCYPEU23,CLI-F9C81B8SHTOD,Withdrawal,,29308.39,ARS,83.74,ATM,SUC-7TH4CVFK,,,Argentina,,Approved,00,False,18.26,,
TRX-ID7MPT8AVVC0BD8Q9PI1,2026-06-01 09:54:17,2026-06-01,PRD-JCISYXSH1WDX,CLI-X5UTLOZ1LH8B,Withdrawal,,101521.94,ARS,290.06,App,,,,Argentina,Mendoza,Approved,00,False,6.42,,
TRX-UR7KVCPON096D5EAHUIO,2026-06-01 11:27:19,2026-06-01,PRD-H78X0ICUW46D,CLI-YZGDM37C26DQ,Withdrawal,,407.72,USD,,Branch,SUC-XAEWUJQS,,,México,Tijuana,Approved,00,False,23.1,,
TRX-LK4PIOFFY3ZGULKIXYZP,2026-06-01 10:39:47,2026-06-01,PRD-0FXN13D3WOYU,CLI-61ML20SBTD1M,Transfer,,6922.33,USD,,POS,,,,México,Guadalajara,Approved,00,False,16.21,,
TRX-QCVNITLW2ANQOXWSSSTA,2026-06-01 14:45:02,2026-06-01,PRD-9S213FNX0Q0R,CLI-UN9VH0Y0W9YR,Purchase,Services,121.28,USD,,Web,,Servicios Públicos,Services,México,Puebla,Approved,00,False,16.4,,
TRX-1HUF3218NH36XGDDOUXJ,2026-06-02 00:20:36,2026-06-01,PRD-PHPOFXIH1NC9,CLI-G0O1Z2HXESVL,Deposit,,2458.79,USD,,Web,,,,México,Ciudad de México,Approved,00,False,,,
TRX-CYQY5QTTDJ3O2LS82ICX,2026-06-02 03:29:06,2026-06-01,PRD-VVHGY0VMWRAG,CLI-SUNV3RXG6CR6,Purchase,Health,442.1,USD,,App,,Clínica Médica,,Colombia,Bogotá,Approved,00,False,5.61,,
TRX-2G4DXP1XTX857QWJ1D43,2026-06-01 18:38:53,2026-06-01,PRD-BENAVCVKPZCA,CLI-PQ8KGU0ZPPHD,Purchase,Food,75.45,USD,,POS,,Mercado Central,Food,México,Ciudad de México,Approved,00,False,9.55,0.4492801,-0.4099649
TRX-XR845RHIE59EKZY7PTBP,2026-06-02 04:32:31,2026-06-01,PRD-ZX00FM5RZRQR,CLI-JLBBKL6E6LAG,Purchase,Entertainment,224.96,USD,,POS,,Teatro Nacional,Entertainment,México,Monterrey,Pending,54,False,24.55,,0.7579098
TRX-D1LXOL65YDQKV6EOR7IS,2026-06-01 10:32:13,2026-06-01,PRD-P7HIA8LQ5NEE,CLI-5CCG85HG5V93,Payment,Food,512422.5,ARS,1464.06,Web,,,,Argentina,La Plata,Approved,00,False,12.28,,
TRX-C5709GAB016293MPA9HX,2026-06-01 08:11:17,2026-06-01,PRD-65QQXGBKIEDI,CLI-JCRXLNU3CWLO,Purchase,Services,149497.88,ARS,427.14,Web,,Internet Plus,Services,Argentina,La Plata,Approved,00,False,26.78,,
TRX-R0E3GU9YO8TN03CRL4SW,2026-06-01 20:06:38,2026-06-01,PRD-C2MFC4CZAQYV,CLI-YB9K8HUF0AUG,Transfer,,616.43,USD,,Web,,,,México,Querétaro,Approved,00,False,,,
TRX-V1OH6HG8SVKPWNAKMFLU,2026-06-01 18:10:11,2026-06-01,PRD-UO1APSISOH0O,CLI-FB6NP0PHDMNW,Payment,Services,1298.89,USD,,ATM,SUC-F1BZEJXJ,,,México,Monterrey,Approved,00,False,,-0.9545698,0.2992293
TRX-1OYOLT8EBYRQUAY2BXUP,2026-06-01 11:34:37,2026-06-01,PRD-VFMBF4A2MPXW,CLI-SBJ30NN2RD1Y,Purchase,Entertainment,1972418.13,COP,493.1,POS,,Streaming Music,Entertainment,Colombia,Barranquilla,Approved,00,False,27.39,,
TRX-EP2BW89KQGMY6SMPR7LA,2026-06-02 03:25:42,2026-06-01,PRD-HZHQ89G1BM4D,CLI-SMU7YYGNFDK0,Transfer,,4794.15,USD,,POS,,,,México,Guadalajara,Declined,54,False,7.69,,
TRX-3UQ7ENNM9L5RT6J6RR9A,2026-06-02 00:22:58,2026-06-01,PRD-HI4DHK1DIWTI,CLI-QZM4KMJ0GWDY,Purchase,Transport,150079.09,ARS,428.8,Web,,Taxi Seguro,Transport,Argentina,Buenos Aires,Declined,14,False,,,
TRX-GYYOTY54Y497L1EJ7RIA,2026-06-01 13:25:29,2026-06-01,PRD-9EWZGGURP0HI,CLI-H1BIC7L15WVB,Purchase,Food,194.89,USD,,ATM,SUC-9YYT37NY,Tienda Don José,Food,México,Ciudad de México,Approved,00,False,,,
TRX-JIA2D0JC3MEJGZQTKAR1,2026-06-02 01:24:19,2026-06-01,PRD-014RNWFIJCEB,CLI-WN1J2QJ1O6XT,Payment,Transport,1147.53,USD,,POS,,,,México,Querétaro,Approved,00,False,7.61,,
TRX-OIXBH4DWSYJYH63FKD4F,2026-06-01 06:29:43,2026-06-01,PRD-ZD1HM9IDEAY6,CLI-5H84POZ9A001,Purchase,Services,382.92,USD,,POS,,Internet Plus,Services,México,Querétaro,Approved,,False,,-0.9545675,-0.6813045
TRX-27OQMAQTNVIY3IJ3XQZT,2026-06-01 22:37:07,2026-06-01,PRD-5LP720A14KVW,CLI-XED3X03ZGVVM,Deposit,,4943.16,USD,,Web,,,,México,Tijuana,Approved,00,False,11.11,,
TRX-1QBVQHPENK55UEK13QGQ,2026-06-01 18:12:53,2026-06-01,PRD-CFEC4P5A09SH,CLI-J70XJSO7KD1N,Transfer,,9311.95,USD,,POS,,,,México,Puebla,Approved,00,False,,,
TRX-5E18Z4GI41QH68YP8A3I,2026-06-02 01:17:12,2026-06-01,PRD-GAU7DVDP5CDH,CLI-KKMBJ6IAF1ZY,Deposit,,3729.43,USD,,Web,,,,Colombia,Bogotá,Approved,00,False,25.78,,
TRX-XQ2B2T65B09XMNIOBZF1,2026-06-01 20:36:29,2026-06-01,PRD-RJZI7W49V1UQ,CLI-QI19I66J2NDM,Withdrawal,,1855392.74,COP,463.85,ATM,SUC-VZIGM714,,,Colombia,,Reversed,05,False,,,
TRX-9YSTIQU02CSB598ICQGA,2026-06-01 11:05:12,2026-06-01,PRD-OUKJOFORFU93,CLI-5HZJO1GS6YL2,Purchase,Transport,1443253.94,COP,360.81,App,,Uber,Transport,Colombia,Bogotá,Approved,00,False,,,
TRX-POZY7ZWF8DS3F0RD1BMZ,2026-06-01 13:21:52,2026-06-01,PRD-G6ILXU41EM5D,CLI-BYLI3C9GM76B,Deposit,,3897.22,USD,,ATM,SUC-QTWR8S76,,,Brazil,São Paulo,Approved,00,False,3.41,,
TRX-FPWR1TARERIAW8YIGQZQ,2026-06-02 03:38:28,2026-06-01,PRD-W8LFJEDZAR80,CLI-LLSI1AS403A2,Withdrawal,,108813.06,ARS,310.89,App,,,,Argentina,Córdoba,Approved,00,False,,,
TRX-86M661YKCH0B55713KFX,2026-06-02 03:18:29,2026-06-01,PRD-VZ7ZRZ1OELW2,CLI-V44DD2HECUTE,Payment,Other,1580.15,USD,,ATM,SUC-KYUNO9E0,,,México,Querétaro,Approved,00,False,14.39,0.9832096,-0.9300018
TRX-MCJOZP8P3A4915VO5QRP,2026-06-01 18:31:53,2026-06-01,PRD-KW5EA1FNNXWB,CLI-Z1E549J18G9W,Purchase,Food,35225.1,ARS,100.64,Transfer,,Super Ahorro,Food,Argentina,Rosario,Approved,00,False,,,
TRX-277RPR7XNC26IU9YVP6I,2026-06-01 09:33:23,2026-06-01,PRD-6QU5WDJT76D2,CLI-PVHTL7TYCPX8,Deposit,,9470823.32,COP,2367.71,Web,,,,Colombia,Medellín,Approved,00,False,16.97,,
TRX-8GPAJV6U3B29OSAZXBCA,2026-06-02 03:04:08,2026-06-01,PRD-DI9KFF2VQ30T,CLI-IKDEOZSUW31E,Transfer,,2407.31,USD,,ATM,SUC-N1ZUF3PF,,,México,Tijuana,Approved,00,False,24.63,,
TRX-BLLEBB511C06YTTK6F5Y,2026-06-01 17:06:42,2026-06-01,PRD-PUA3U9Q70FWL,CLI-151MDUJPXS9Y,Withdrawal,,1975125.4,COP,493.78,ATM,SUC-7P0XNXTG,,,Colombia,Medellín,Approved,00,False,11.83,,
TRX-XIFZLY26CPK7DUNL8IWE,2026-06-01 09:01:28,2026-06-01,PRD-ANW4BS6N383W,CLI-ITNGC9MIZTFT,Purchase,Food,220.64,USD,,Web,,Restaurante El Buen Sabor,Food,México,Monterrey,Approved,00,False,,,
TRX-VOLBEUQKFR5GLLGESJ4R,2026-06-01 19:56:11,2026-06-01,PRD-KNMDRAF1V40F,CLI-P9AQUVHE56YG,Payment,Transport,67395.27,ARS,192.56,ATM,SUC-5S93Z8YS,,,Argentina,Buenos Aires,Approved,00,False,7.72,,
TRX-0HAIDIKVNB85AQE3ICOE,2026-06-02 03:35:33,2026-06-01,PRD-T2L5YYBJA3ZQ,CLI-UX6CLQSRVSR5,Payment,Food,82270.38,ARS,235.06,Web,,,,Argentina,La Plata,Approved,,False,,,
TRX-GHIGD8WPQJNP0U6ZHLWW,2026-06-01 11:38:37,2026-06-01,PRD-U7NZ1JFFWD02,CLI-5YNR0TYVETY7,Purchase,Health,1187625.95,COP,296.91,ATM,SUC-4BEKYT6U,Clínica Médica,Health,Colombia,Medellín,Approved,00,False,2.6,,
TRX-EXQDC61MMJP6NWCXJSEK,2026-06-02 04:25:17,2026-06-01,PRD-C9VT6YCBPNOW,CLI-L3AC9Q3SOSIP,Purchase,Other,93694.18,ARS,267.7,App,,Centro Comercial,Other,Argentina,,Approved,00,False,0.36,,
TRX-1MYI4P0J4EA3NHOQQ0MJ,2026-06-02 03:11:42,2026-06-01,PRD-HUZGO3INKTEB,CLI-3MMME214UU9F,Purchase,Food,71726.99,ARS,204.93,ATM,SUC-JH2YV47F,Mercado Central,Food,Argentina,La Plata,Approved,00,False,13.17,,
TRX-TTR0CZIP2ZJMK9KAJNWT,2026-06-01 20:13:33,2026-06-01,PRD-U9KS9VYKWSL1,CLI-KJJN3WZQ9C8Y,Deposit,,1657.03,USD,,App,,,,México,Guadalajara,Approved,00,False,23.3,,
TRX-Q0AB0HH8Q3K2U63LG47M,2026-06-01 07:22:05,2026-06-01,PRD-8R7X8OUITVVT,CLI-N0JSLN0I4C1I,Transfer,,422.88,USD,,POS,,,,México,Tijuana,Approved,00,False,12.82,,
TRX-DHLVD5WSUMKL5R5Z2KJD,2026-06-02 01:30:21,2026-06-01,PRD-M95PIFB75ES9,CLI-7NJR4IY7939R,Withdrawal,,79.19,USD,,Web,,,,México,Monterrey,Approved,00,False,7.63,,
TRX-OE85G3ROA6GFR2AXC5OH,2026-06-01 14:58:09,2026-06-01,PRD-NIWUFK5J8MHF,CLI-QRB2Z69XNU3V,Transfer,,447018.8,ARS,1277.2,Web,,,,Argentina,Rosario,Approved,00,False,15.52,,
TRX-6YTTY860JQHFQIM6O472,2026-06-01 10:59:00,2026-06-01,PRD-GCXHFL7USE4Z,CLI-K5TBQUJ6CB3H,Withdrawal,,66.52,USD,,POS,,,,México,Tijuana,Approved,00,False,28.44,,
TRX-FWNF1TNM2AMZG6EK9DA5,2026-06-01 14:17:41,2026-06-01,PRD-DC1DI7A6950D,CLI-DFCHZL39S6D4,Purchase,Other,213.59,USD,,App,,Tienda General,Other,México,Querétaro,Approved,00,False,8.46,,
TRX-BYE264RTRV3R36G8Z006,2026-06-01 21:16:35,2026-06-01,PRD-J1GAUTL5YXQU,CLI-BBBG51N03SW4,Payment,Other,1746141.04,COP,436.54,Web,,,,Colombia,Barranquilla,Approved,00,False,21.44,,
TRX-3MRBX0177NVJWFOB1J5O,2026-06-02 02:39:26,2026-06-01,PRD-TKNI4EDGI2UH,CLI-YRDBSTT6YTE7,Purchase,Transport,233.86,USD,,App,,Estación de Servicio,Transport,México,Ciudad de México,Approved,00,False,17.58,,
TRX-7LSK8U2J7HZ7NV4SDRA6,2026-06-01 13:31:04,2026-06-01,PRD-89IC2KWCP8HM,CLI-IXQ8PNU7TWU1,Withdrawal,,343025.05,COP,85.76,ATM,SUC-84HXKY7Q,,,Colombia,Bogotá,Approved,00,False,25.06,,
TRX-AOMZU4WC6WJGZ612VQ58,2026-06-01 06:52:26,2026-06-01,PRD-8CRT866NISTM,CLI-HTDT6060GE2P,Payment,Other,564686.24,ARS,1613.39,ATM,SUC-7HQXDYLE,,,Argentina,Córdoba,Approved,00,False,29.62,,
TRX-9E8MHNJWLFW9XE6YR5B1,2026-06-02 00:10:20,2026-06-01,PRD-BQ5LQ6CB4XYY,CLI-NRU43AMRCRI6,Withdrawal,,168721.64,ARS,482.06,POS,,,,Argentina,La Plata,Approved,00,False,8.51,,
TRX-NZW5MCCV8AIZ7L9CLHD4,2026-06-01 20:15:10,2026-06-01,PRD-W71H6JSYGY0I,CLI-JU0KAGEAQ68U,Transfer,,8713.46,USD,,App,,,,USA,Miami,Approved,00,False,,,
TRX-EX51KJ17G564KQF1KYVG,2026-06-02 04:07:29,2026-06-01,PRD-8L88TEXAV5WE,CLI-I2UBTBB3LLIO,Transfer,,1305938.78,ARS,3731.25,ATM,SUC-8433QXQ4,,,Argentina,Mendoza,Approved,00,False,8.11,-34.3839749,-58.4054785
TRX-3FA9P3K5OO1QN2G8BZBZ,2026-06-01 10:41:37,2026-06-01,PRD-FJ7QM9FVLXMB,CLI-LZXZA0ULTEN7,Withdrawal,,383.56,USD,,POS,,,,México,Ciudad de México,Approved,,False,,,
TRX-0X4SUU3QLTKZDOMBK2UF,2026-06-01 13:55:02,2026-06-01,PRD-C2LKX3FXB71Z,CLI-44HBSX1OWFIQ,Payment,Transport,1766.36,USD,,ATM,SUC-1PSI5W5X,,,México,Querétaro,Approved,00,False,27.92,,
TRX-B1QUEVCJ67PWRN3UFRIM,2026-06-01 21:04:15,2026-06-01,PRD-FHAFD2BX5BGH,CLI-S7PR6ERNUGN6,Deposit,,2682.34,USD,,POS,,,,México,Ciudad de México,Approved,00,False,24.49,-0.2094524,-0.2636169
TRX-P0JNOE3NL2SN1RJZV9PZ,2026-06-01 09:28:46,2026-06-01,PRD-YHO3O9SYCJZ6,CLI-OV01IDUOR6QF,Transfer,,2216.47,USD,,ATM,SUC-QTWR8S76,,,México,Monterrey,Approved,00,False,29.81,-0.7998285,-0.6411894
TRX-PXKDVQ194UBQS3V5YPZN,2026-06-01 20:44:07,2026-06-01,PRD-N8E4VKU4XQL1,CLI-X629HTNDNWDG,Purchase,,460.44,USD,,POS,,Cine Premium,Entertainment,México,Guadalajara,Approved,00,False,18.86,,
TRX-Z0UHP2LLF3E8LGRL0VJ5,2026-06-01 07:29:46,2026-06-01,PRD-1I98QQ0WMMGC,CLI-RADXAJNTW1VN,Purchase,Transport,48.34,USD,,POS,,Gasolinera Express,Transport,México,Guadalajara,Approved,00,False,0.0,,
TRX-2MA69Q8UCW7ZHZVSLM8G,2026-06-01 06:10:24,2026-06-01,PRD-D8E3SMYZCC4Z,CLI-H0ZEPEVFHIDT,Deposit,,1012718.08,ARS,2893.48,ATM,SUC-7L3EZA71,,,Argentina,,Approved,00,False,11.55,,
TRX-NSYHU1GKKM0KKNV8GT7W,2026-06-01 21:06:09,2026-06-01,PRD-5WGKGZ432X51,CLI-2YXFJ85S2OWY,Withdrawal,,492.6,USD,,App,,,,México,Monterrey,Approved,00,False,20.09,,
TRX-0AHGKCW9I672L0405AYS,2026-06-01 08:46:31,2026-06-01,PRD-4970A6ORAMBC,CLI-4PBL4IGE41E0,Payment,Health,510103.63,ARS,1457.44,ATM,SUC-O09F6PWJ,,,Argentina,Córdoba,Approved,00,False,29.18,,
TRX-EX14R40AOLNXRUPH7WCB,2026-06-01 06:13:31,2026-06-01,PRD-ZIU4TB8XH8D4,CLI-087P1JNSK4PS,Transfer,,3703.4,USD,,POS,,,,Colombia,Medellín,Approved,00,False,,,
TRX-NHQWSTFP81JG7XCBL815,2026-06-01 08:14:54,2026-06-01,PRD-N03REO1TVN5M,CLI-LPL85MPZ3VF2,Adjustment,,591.21,USD,,Web,,,,México,Querétaro,Approved,00,False,13.62,,
TRX-8YXLM14PIQTGVS7PQ4EM,2026-06-01 15:54:31,2026-06-01,PRD-W7WS8G4MD43G,CLI-6H25EUA9R69C,Deposit,,1822.53,USD,,Web,,,,México,,Approved,00,False,1.52,,
TRX-FR8TNFL29MFD3TJ31BJW,2026-06-01 06:24:58,2026-06-01,PRD-T8XIE2PRDPIB,CLI-Z1MMXDZD268N,Payment,Transport,5931908.16,COP,1482.98,POS,,,,Colombia,Medellín,Approved,00,False,10.82,4.8981186,-73.1950037
TRX-ZFYRSCU0EI67PBGWMKWW,2026-06-01 09:29:58,2026-06-01,PRD-W5YCVRNTN7UD,CLI-DZA97C2QXGJW,Deposit,,2005.67,USD,,POS,,,,México,Monterrey,Approved,00,False,9.29,,
TRX-PP3CTWQBR27PMOCGWWW1,2026-06-01 20:13:34,2026-06-01,PRD-3ECY7UBNZWKP,CLI-LFXPO9LN9A3X,Payment,Health,3156313.0,COP,789.08,Web,,,,Colombia,Bogotá,Approved,00,False,4.75,,
TRX-7FJY86TCB1TAET0466DX,2026-06-01 11:48:16,2026-06-01,PRD-C6Q70CSPFI3Q,CLI-QACZH8724VE1,Purchase,Transport,421.57,USD,,POS,,Estación de Servicio,Transport,México,Querétaro,Approved,00,False,8.12,,
TRX-9NTZQNNBN1IV4H6VP6SN,2026-06-02 05:36:58,2026-06-01,PRD-4MSM9HI2AE3O,CLI-XLZD7C9UL718,Withdrawal,,1743591.98,COP,435.9,App,,,,Colombia,Cali,Approved,00,False,2.7,,
TRX-9VLV9JARY29YQ2DR0TUU,2026-06-01 10:29:33,2026-06-01,PRD-1XJ0J4M6863O,CLI-E0KETR6MCBCX,Withdrawal,,360.55,USD,,POS,,,,México,Tijuana,Approved,,False,25.13,,
TRX-SPU2MY0KULX9RM7QLBV7,2026-06-01 19:55:05,2026-06-01,PRD-QVARY9VV6WGF,CLI-RF47YSJBZSWP,Deposit,,3862.12,USD,,ATM,SUC-FV69BGCV,,,México,,Declined,,False,14.96,-0.248897,
TRX-AFO2PUVC8QR6VALXLJ3I,2026-06-01 11:22:42,2026-06-01,PRD-3W7LOBRIP3B7,CLI-F3ONGAKDF1UC,Deposit,,276.45,USD,,ATM,SUC-IC4I9JS9,,,México,Tijuana,Pending,51,False,11.85,,
TRX-F9ZH4LJELH22VE1IH547,2026-06-01 08:40:52,2026-06-01,PRD-FFB223BAZLIQ,CLI-2JRSJSMKWSJX,Purchase,Food,134217.59,ARS,383.48,Web,,Tienda Don José,Food,Colombia,Cali,Declined,51,False,7.15,,
TRX-72AUYRPT21BZHWIP4UUM,2026-06-01 12:57:56,2026-06-01,PRD-XN52O9US8IHW,CLI-6H0BFOOINV9E,Payment,Food,165369.67,ARS,472.48,POS,,,,Argentina,La Plata,Approved,00,False,,,
TRX-9PGOCBXOKXINGP8XZDH7,2026-06-01 13:52:49,2026-06-01,PRD-S7HJJML75QD5,CLI-Y0C7CUVEOVHV,Withdrawal,,816839.43,COP,204.21,Branch,SUC-HQWDAM56,,,Colombia,Cali,Approved,00,False,25.39,,
TRX-XQUGT639S1KW38CROFW2,2026-06-01 21:10:29,2026-06-01,PRD-C5ONVPMY7BL6,CLI-YSHGQKU5Y21I,Transfer,,16100909.87,COP,4025.23,POS,,,,Colombia,Medellín,Approved,00,False,2.44,5.665322,-73.502202
TRX-G5NZVN7JRIWQNJZYFSA3,2026-06-02 03:52:05,2026-06-01,PRD-EHZSC3MC6ZHO,CLI-1P5IASK7JKH7,Payment,,223455.14,ARS,638.44,App,,,,Argentina,La Plata,Approved,00,False,,,
TRX-S2HGI45HBYU5W84W06FH,2026-06-02 01:30:00,2026-06-01,PRD-YCRRZ47VWIS3,CLI-TDXFCPO3ZYBN,Purchase,Transport,390.24,USD,,ATM,SUC-NOBD5N9U,Uber,,México,Tijuana,Approved,00,False,4.75,,
TRX-PS0M9F5QLCN4AVHINB4T,2026-06-01 21:47:48,2026-06-01,PRD-IIIECQZHHUZR,CLI-ESJLC5VX1YHC,Withdrawal,,16808.47,ARS,48.02,App,,,,Argentina,Mendoza,Approved,00,False,,,
TRX-TMOGHH9IS7H1AMPFPS64,2026-06-02 05:13:49,2026-06-01,PRD-SPPQQERZ8QBZ,CLI-FMSZ6XR630Y4,Transfer,,1154266.98,ARS,3297.91,POS,,,,Argentina,La Plata,Approved,00,False,22.65,,
TRX-3EHO8SLIFEW7TN2XKU6F,2026-06-01 20:18:22,2026-06-01,PRD-WGURW2CDTPUU,CLI-UCVIYS8OJIOF,Transfer,,4825149.12,COP,1206.29,POS,,,,Colombia,Bogotá,Approved,00,False,0.69,,
TRX-MR4VOP50ALN8EOCU8U1P,2026-06-01 19:34:01,2026-06-01,PRD-SOKSQ2FLY0F6,CLI-2YTDMNCBSI46,Purchase,Services,111011.65,ARS,317.18,ATM,SUC-10TO2Y3U,Cable TV,Services,Argentina,Rosario,Approved,00,False,16.2,-33.6312079,-57.6271258
TRX-0I32XX9FQ93BQ5NM6J3U,2026-06-01 23:22:44,2026-06-01,PRD-UUY1ES4ICKJX,CLI-2R50AYY2BSFV,Transfer,,7497.12,USD,,POS,,,,Colombia,Bogotá,Approved,00,False,18.11,,
TRX-B4DJ4AZ93BDH20G3WNUZ,2026-06-01 06:53:03,2026-06-01,PRD-QAVCRQTJ3T6M,CLI-UJLHHTR5NLC3,Payment,Transport,457.34,USD,,App,,,,Argentina,La Plata,Approved,00,False,8.92,,
TRX-IKZLU4L20RAP2GDWVK1Y,2026-06-01 13:04:15,2026-06-01,PRD-26GRZVD7PUVN,CLI-O3RYJUG49TAB,Transfer,,5483.66,USD,,Web,,,,México,Tijuana,Approved,00,False,11.9,,
TRX-DZCYS0SMLUX34KE3F8VJ,2026-06-01 23:41:36,2026-06-01,PRD-8R7X8OUITVVT,CLI-N0JSLN0I4C1I,Transfer,,8995.06,USD,,POS,,,,México,Tijuana,Approved,00,False,5.06,0.3193043,0.1303591
TRX-UJ8O0F230EOXAN1RQDTF,2026-06-01 14:53:37,2026-06-01,PRD-TYK2KTXNLS6M,CLI-PIGGQ4W2S3EE,Payment,Food,148150.17,ARS,423.29,POS,,,,Argentina,La Plata,Approved,00,False,4.51,-34.1851783,-58.8195758
TRX-K3TULYJFJBKIC6NHJZLF,2026-06-02 05:59:32,2026-06-01,PRD-EFHR62Q49L18,CLI-S9FY5TDG4BKX,Withdrawal,,31.58,USD,,POS,,,,Colombia,Bogotá,Approved,00,False,1.87,4.9300841,-73.6971833
TRX-V17HMCUYUQNAIV133CPJ,2026-06-01 19:04:40,2026-06-01,PRD-G70YNYMQ9543,CLI-7M0YCOOI8IT6,Transfer,,6552.5,USD,,POS,,,,México,,Approved,00,False,25.55,,
TRX-0SMMBQX6XVP4URF0F8FS,2026-06-02 01:11:07,2026-06-01,PRD-EWV1I2QRNNJQ,CLI-2BJJU1XOF05K,Withdrawal,,381957.0,COP,95.49,POS,,,,Colombia,Cali,Reversed,14,False,16.51,,
TRX-VCYOHNJTO56P521XD3GN,2026-06-01 13:07:35,2026-06-01,PRD-FA9NMNPXRNZO,CLI-JK37U30Y7ICF,Transfer,,2715658.76,ARS,7759.03,POS,,,,Argentina,Rosario,Declined,51,False,23.61,,
TRX-F0BFLD987WTS1F8YFTK1,2026-06-01 08:22:53,2026-06-01,PRD-AZTBY015NWDW,CLI-G72JO3F1DU39,Transfer,,737.2,USD,,Web,,,,México,Tijuana,Approved,00,False,18.97,,
TRX-EP8JFETYSQ8U066NCTYR,2026-06-02 01:04:33,2026-06-01,PRD-52FDEH6IQZ5G,CLI-TWHTDQLM0H4A,Transfer,,8406.51,USD,,POS,,,,México,Puebla,Approved,00,False,1.72,,
TRX-4SMUKIX148ZA5ZEHI4MH,2026-06-01 14:22:00,2026-06-01,PRD-GZBDQOUOT85N,CLI-C0WNSGFC8IFS,Transfer,,829934.84,ARS,2371.24,POS,,,,Argentina,Buenos Aires,Approved,00,False,,,
TRX-GUTIJAQPBAE6A69Q8MX4,2026-06-01 15:28:39,2026-06-01,PRD-VLEPXUQRH6S2,CLI-IMBZP2ENMV0H,Transfer,,3751.79,USD,,Web,,,,Argentina,La Plata,Approved,00,False,8.03,,
TRX-ZT1XWGCK9683B1K60OZ2,2026-06-01 06:07:29,2026-06-01,PRD-FTWUBU77A8J0,CLI-EF26RTHJKGS5,Withdrawal,,337.86,USD,,ATM,SUC-QL08OUL0,,,México,Guadalajara,Approved,00,False,26.36,,
TRX-2H9QXYQ5HVXIXZ7O0F8X,2026-06-01 14:17:44,2026-06-01,PRD-JZASBAZZ8W8M,CLI-88LS36XUHRO2,Purchase,Other,349.1,USD,,POS,,Tienda General,Other,México,Ciudad de México,Declined,05,False,,,
TRX-FWYEDJTZG2KTLD4M97LL,2026-06-01 13:14:55,2026-06-01,PRD-4CK71UY2U1KF,CLI-ZD4MUYFR6VHA,Transfer,,559.21,USD,,POS,,,,Colombia,Cartagena,Approved,00,False,28.14,,
TRX-4LALTM1I58RF2DU9E0PL,2026-06-01 07:24:00,2026-06-01,PRD-7PON96V8QC63,CLI-PEQZ6UGX9RG6,Withdrawal,,76761.6,ARS,219.32,App,,,,Argentina,Córdoba,Declined,54,False,18.54,,
TRX-AJCKWEEN9NUPUPYT5T0N,2026-06-01 06:10:53,2026-06-01,PRD-QQQFAY2B84ZX,CLI-DY4Y6RYTJ95R,Payment,Other,607.69,USD,,ATM,SUC-HFPBAT4U,,,México,Puebla,Approved,00,False,18.65,,
TRX-2OKETI0XD163ZQG7P6V1,2026-06-01 11:14:39,2026-06-01,PRD-342QPGXHXE3K,CLI-90PCA0Z7XZ6S,Payment,Food,1134600.41,COP,283.65,POS,,,,Colombia,Cartagena,Approved,00,False,,,
TRX-MLELDWF32ELS9QXSHKYH,2026-06-01 08:27:10,2026-06-01,PRD-7Z1QIHZ6LBCY,CLI-K15R8QG2RWSZ,Deposit,,2438.35,USD,,Branch,,,,México,Ciudad de México,Approved,00,False,8.46,,
TRX-BP3OXLR4NDG4B8UHOE9V,2026-06-01 22:26:02,2026-06-01,PRD-BP6MRYWN3SCZ,CLI-TLPTFENC55HL,Transfer,,5825.44,USD,,ATM,,,,México,Ciudad de México,Approved,00,False,28.19,-0.473251,0.4621536
TRX-DRQ69BKVBS7S99LYXMB7,2026-06-02 00:22:11,2026-06-01,PRD-S7EXUUPK5IXI,CLI-XEQBAM4GY39G,Payment,Food,4750886.22,COP,1187.72,Web,,,,Colombia,Cartagena,Approved,00,False,24.72,,
TRX-RO430II7RL9YFRO676AB,2026-06-01 20:34:49,2026-06-01,PRD-LQVMP9SKXAXI,CLI-ECM4RBCOFNP7,Transfer,,31157210.16,COP,7789.3,App,,,,Colombia,Bogotá,Approved,00,False,29.07,,
TRX-6NEKX26ZRAWENJ8O2PYX,2026-06-01 08:34:42,2026-06-01,PRD-RG9UT0CH1152,CLI-UMCJCRHVHL99,Purchase,Services,70017.78,ARS,200.05,ATM,SUC-06H3RFFA,Empresa Telefónica,Services,Argentina,Córdoba,Approved,00,False,,,
TRX-G4ZQMW3VWDF5RT0601UV,2026-06-01 08:23:15,2026-06-01,PRD-QYCFRCLWXJQW,CLI-ZR633FTWMX3U,Payment,Health,5656903.31,COP,1414.23,POS,,,,Colombia,Cali,Approved,00,False,20.68,,
TRX-RH72FZKEFOPPX4NWSO2R,2026-06-01 21:30:10,2026-06-01,PRD-TOI6YLIPPDQX,CLI-LCCO3ZYHIRI9,Withdrawal,,118.64,USD,,ATM,SUC-9W1MT1C4,,,México,Guadalajara,Approved,00,False,24.82,,
TRX-GC1LKECOS05IVBQ8U9DY,2026-06-01 11:17:37,2026-06-01,PRD-LR1Z77IUO471,CLI-KJVIH94JB87V,Purchase,Health,1350193.06,COP,337.55,POS,,,Health,Colombia,Medellín,Approved,00,False,14.41,,-74.8092121
TRX-5829WKIJUJETPZVNV1XT,2026-06-01 15:33:53,2026-06-01,PRD-8RAZNGJ38YKB,CLI-SVHW6YLLKEZA,Purchase,Other,253.62,USD,,ATM,SUC-7G8CGE3F,Ferretería,Other,México,Ciudad de México,Approved,00,False,14.69,,
TRX-MX5Y3V9D7E0PY7KCJDYR,2026-06-01 17:37:03,2026-06-01,PRD-L0W9Z2OJBXNM,CLI-9WDS75XPDJFR,Withdrawal,,119410.16,ARS,341.17,ATM,SUC-O09F6PWJ,,,Argentina,Rosario,Approved,00,False,10.15,,
TRX-62LSGZTQGX9M6F8IVUJV,2026-06-02 05:10:36,2026-06-01,PRD-8AM4U1NUBHZJ,CLI-ML5GJKR92VX0,Payment,Food,842.49,USD,,POS,,,,México,Guadalajara,Approved,00,False,8.75,-0.6490845,-0.4576866
TRX-O1R1SFU5KOFWGMUWJNRQ,2026-06-01 09:32:50,2026-06-01,PRD-LODIT6CDGU89,CLI-A7K62F00OUJK,Transfer,,970536.74,ARS,2772.96,App,,,,Argentina,Rosario,Approved,00,False,28.33,,
TRX-FTI4OJFJNJX939LCZM3X,2026-06-01 15:02:02,2026-06-01,PRD-4995GNSC68DR,CLI-Q7UUFVXIUZ2R,Withdrawal,,454628.66,COP,113.66,POS,,,,Colombia,Cali,Approved,00,False,29.61,,
TRX-HQXYOL40UUMUQ7D9RJWN,2026-06-01 18:57:01,2026-06-01,PRD-2H2Y1T2HOR9I,CLI-QV70XLJ3XDRA,Withdrawal,,495.86,USD,,ATM,SUC-VV9NKH6E,,,México,Guadalajara,Approved,00,False,,,
TRX-PCFGXLKDUPBM0X5RN8D9,2026-06-01 06:43:56,2026-06-01,PRD-JNBP80JKMVIY,CLI-560QL0TTB2ME,Withdrawal,,103.04,USD,,App,,,,Spain,Barcelona,Approved,00,False,1.06,,
TRX-T1TG2DG7LHRECB3SARZH,2026-06-01 12:12:46,2026-06-01,PRD-D7NINJ54HBJK,CLI-NAZJ82EI8RWT,Adjustment,,169.1,USD,,POS,,,,México,Monterrey,Approved,00,False,,,
TRX-6EBZSVHXE34ZGQQJ6FCA,2026-06-01 14:42:41,2026-06-01,PRD-LOKHJ8J90NHQ,CLI-2ZN81B8FJZT5,Transfer,,5510.88,USD,,POS,,,,México,Tijuana,Approved,,False,9.96,,
TRX-JAETRIOYWI5J0O2J2MML,2026-06-01 15:05:36,2026-06-01,PRD-8RZQJ9ZYUC0G,CLI-N601T9CWM9V1,Withdrawal,,300915.88,COP,75.23,POS,,,,Colombia,Cartagena,Approved,00,False,28.71,,
TRX-FE0AEVH133R40UQPSR7Y,2026-06-02 04:11:21,2026-06-01,PRD-F832BVR6M81S,CLI-BVFAMIQEUKIQ,Payment,Food,1918.75,USD,,Web,,,,México,,Approved,00,False,19.12,,
TRX-5KQBK13ICKF28RM0OV1U,2026-06-01 12:58:01,2026-06-01,PRD-IOIIMN488KAG,CLI-E98AJTWYM5HI,Adjustment,,524.16,USD,,App,,,,Colombia,Barranquilla,Approved,00,False,,,
TRX-R3SC0D2IKVAPZ5U0CO6E,2026-06-02 02:43:45,2026-06-01,PRD-VLJ3DA0HTUP8,CLI-BDS7N6VVSDON,Withdrawal,,523096.22,COP,130.77,App,,,,Colombia,Medellín,Approved,00,False,29.02,,
TRX-4FEY0939BTGVOZ2SZ22V,2026-06-01 17:54:27,2026-06-01,PRD-N9GEDFV316S2,CLI-PMW5LR16B6DJ,Withdrawal,,1670618.31,COP,417.65,POS,,,,Colombia,Cali,Approved,00,False,28.01,,
TRX-OALW9F5F4U6XB8M3GN66,2026-06-01 12:08:14,2026-06-01,PRD-U1FQQWLITCO1,CLI-QMBSD5YAVXA3,Deposit,,2773.21,USD,,ATM,SUC-2Z7NT3UT,,,México,Tijuana,Approved,00,False,14.24,,
TRX-5V0QTICBEFDRY1JK4Z0D,2026-06-01 06:41:40,2026-06-01,PRD-X73ZWCXG3YDQ,CLI-NAW8XII2RHKM,Payment,Other,5430897.36,COP,1357.72,ATM,SUC-4B1UVBW3,,,Colombia,Bogotá,Reversed,51,False,20.32,,
TRX-383BL0IN50CEXC2N73AN,2026-06-01 14:19:22,2026-06-01,PRD-5WDWC9ORRBKS,CLI-S8HIDUD4NTU3,Deposit,,1951.24,USD,,Web,,,,México,,Approved,00,False,13.75,,
TRX-IH4LJKSBV9YPM9Z8297K,2026-06-01 12:45:05,2026-06-01,PRD-DZGG9VYJZRPX,CLI-L6YG1P828GF1,Withdrawal,,257.71,USD,,POS,,,,México,Puebla,Approved,00,False,6.25,,
TRX-O8H7TOZYEWP7FN07Y2C2,2026-06-02 03:04:25,2026-06-01,PRD-ITR4V46TZQAK,CLI-0N1YM4D0JZZS,Withdrawal,,174.73,USD,,ATM,SUC-LBZFJAU6,,,Colombia,,Approved,00,False,22.49,,
TRX-WTTLOJVL0AHM8N302K7W,2026-06-01 18:41:37,2026-06-01,PRD-CWWMGNPV3F51,CLI-DTADUZ4MRDZO,Purchase,Other,360278.68,COP,90.07,POS,,Boutique Moda,Other,Colombia,Cartagena,Approved,00,False,26.68,,
TRX-00NLAMKREXL0QQHPKFIC,2026-06-02 04:52:23,2026-06-01,PRD-V75691QB3M0A,CLI-0N6ACLY3NQGO,Withdrawal,,388.22,USD,,POS,,,,Brazil,São Paulo,Approved,00,False,24.03,,
TRX-LATN8YSGGGVSP394BPLN,2026-06-02 05:21:56,2026-06-01,PRD-WEXPM84HW9S1,CLI-G672Z603JPEZ,Transfer,,135080.45,ARS,385.94,POS,,,,Argentina,Mendoza,Approved,00,False,,,
TRX-APQ4IG1Y0WU1AL86H3YT,2026-06-01 12:31:38,2026-06-01,PRD-K3QJOT2PTKEN,CLI-0E4HQZY30YMC,Payment,Food,2263005.77,COP,565.75,App,,,,Colombia,Cartagena,Declined,54,False,,,
TRX-SGLCKKJ3OUFEVCI6EZYL,2026-06-01 09:34:19,2026-06-01,PRD-3H9M4V2RCJYE,CLI-YKZ12MJPBLU3,Transfer,,1823553.43,COP,455.89,Web,,,,Colombia,Cartagena,Declined,14,False,29.34,,
TRX-NW3QK8EH1AQ1NNBTOTG7,2026-06-01 12:31:01,2026-06-01,PRD-KJC87OTPNJXY,CLI-ZYSG5VSKT72E,Withdrawal,,115034.9,ARS,328.67,POS,,,,Argentina,Rosario,Approved,00,False,,,
TRX-YBEOUN295POPBWQD3YM8,2026-06-01 22:52:37,2026-06-01,PRD-DAYWJHCS3ZIO,CLI-PAR6PQ327VTT,Payment,Food,820.98,USD,,Web,,,,México,Monterrey,Approved,00,False,25.71,,
TRX-G3OQ2K4Q5JZLAQK7WVVX,2026-06-01 23:13:23,2026-06-01,PRD-R8RMV3TBPK53,CLI-BW8OUD4ZEDFQ,Transfer,,10458774.02,COP,2614.69,Web,,,,Colombia,Cartagena,Approved,00,False,20.45,,
TRX-1MFK7H2AMO2ZLCEPQL3U,2026-06-01 15:23:53,2026-06-01,PRD-Z1CKZAUNSGXX,CLI-5F2GDA4SJ2BR,Deposit,,2059.96,USD,,POS,,,,México,Ciudad de México,Approved,00,False,17.57,,
TRX-X3A0NXWPVUSZEDB20PFC,2026-06-01 13:09:17,2026-06-01,PRD-T2JK78GZU7OD,CLI-HK5QO1O5ZRY3,Adjustment,,98.51,USD,,POS,,,,México,Tijuana,Declined,51,False,1.41,0.2323513,-0.6717441
TRX-DS1JRBGPFAWI31CP9H55,2026-06-01 20:21:34,2026-06-01,PRD-K2R5UIK0305F,CLI-9NEQG6UDPBNL,Purchase,Health,246.0,USD,,ATM,SUC-RF3372LI,Laboratorio Central,Health,México,Tijuana,Approved,00,False,9.15,0.0815254,0.4113008
TRX-QX6QMUDO0OCU8OFO5CR3,2026-06-02 01:08:30,2026-06-01,PRD-XCG0EF2OHC8F,CLI-FNIC0IBZT2GS,Deposit,,604.55,USD,,POS,,,,Brazil,Salvador,Approved,00,False,12.16,,
TRX-ZTPJY8V4T2IG0OPEX445,2026-06-02 02:02:35,2026-06-01,PRD-RRWKXUC97RKU,CLI-EU5K5HM7ENAK,Purchase,Other,437.91,USD,,POS,,Boutique Moda,Other,México,Monterrey,Approved,00,False,11.93,-0.7565889,0.0066528
TRX-I62AZ7BVYDH4891HZK5X,2026-06-01 15:14:01,2026-06-01,PRD-P65XDW2LAEQ5,CLI-S32P8EMSAORE,Transfer,,3728.4,USD,,POS,,,,México,Guadalajara,Approved,00,False,11.82,,
TRX-6ZTWEK802078HYBY3HCO,2026-06-01 12:28:23,2026-06-01,PRD-CBJ83X7Q7QPF,CLI-5KDW7T6UK31P,Payment,Health,2000961.19,COP,500.24,ATM,SUC-A6PLAS9M,,,Colombia,,Approved,00,False,28.12,,
TRX-7BZFWYJXUUADRS4Z7ZQH,2026-06-02 01:02:46,2026-06-01,PRD-VQ8FM5AFCG7P,CLI-VHJIRHGBOZ18,Withdrawal,,405.32,USD,,ATM,SUC-TVNO2KL5,,,México,Guadalajara,Approved,00,False,24.53,,
TRX-UKMV6IM4AUJCYB2O4WTR,2026-06-02 03:41:01,2026-06-01,PRD-WVAD0GJJZHHH,CLI-PBX8O8M9LCBJ,Withdrawal,,433.05,USD,,POS,,,,México,Monterrey,Approved,00,False,21.39,,
TRX-K9HHBV9Q7VMKH5LP74NE,2026-06-01 09:14:43,2026-06-01,PRD-CCJ23V6A0PIO,CLI-NPP4879VTDVO,Payment,Transport,7005900.07,COP,1751.48,POS,,,,Colombia,Cali,Approved,00,False,,5.4573058,-73.9691961
TRX-9QTRK5LIL5WCEDS0V4DR,2026-06-02 00:04:29,2026-06-01,PRD-4YFK55JRRJE5,CLI-5J3YYWLZW3SO,Purchase,Services,1820546.01,COP,455.14,POS,,,Services,Colombia,Bogotá,Approved,00,False,25.15,,
TRX-6AH4MLY0YHX483RXLKM6,2026-06-01 21:53:07,2026-06-01,PRD-GMKOKLF8F2AM,CLI-C4GECHKVVXMQ,Payment,Services,4885445.48,COP,1221.36,POS,,,,Colombia,Bogotá,Approved,00,False,6.16,,
TRX-6C4DWQHJRJRHDVD3C1O5,2026-06-02 02:48:34,2026-06-01,PRD-26N827BW9YBI,CLI-PBKW68YIMACZ,Deposit,,2163.66,USD,,POS,,,,México,Puebla,Approved,00,False,3.85,,
TRX-XB67AYWBO5ZFCD7M2GY8,2026-06-01 07:18:04,2026-06-01,PRD-93LY0WC5FJS3,CLI-YOUGSU073N09,Transfer,,3499.37,USD,,POS,,,,México,Tijuana,Approved,00,False,,,
TRX-2CBZC5FIWD9DVRR54L2X,2026-06-02 02:17:51,2026-06-01,PRD-L4X7GTMB5MS9,CLI-6JOMNJLT9F38,Payment,Entertainment,967.2,USD,,ATM,SUC-BGMBLKDB,,,México,Querétaro,Approved,00,False,27.34,,
TRX-YBN2PEER60GU77PNLZJU,2026-06-02 00:32:25,2026-06-01,PRD-OR15GYFYZFVT,CLI-DA57PG6DFQ2S,Adjustment,,16749.07,ARS,47.85,POS,,,,Argentina,Buenos Aires,Approved,00,False,21.3,-34.1581985,-58.2548947
TRX-4SLB4WU1PGA1MBZ0HDCK,2026-06-02 02:38:46,2026-06-01,PRD-CZ4GA7S1SNH1,CLI-1TJEWD107I3K,Withdrawal,,149901.0,ARS,428.29,POS,,,,Argentina,La Plata,Approved,00,False,26.85,,
TRX-MRX76TDZX4HLHNWAZOD3,2026-06-01 21:00:57,2026-06-01,PRD-FT2I6LURA5QC,CLI-Y6J77L8AMD59,Purchase,Health,478.42,USD,,POS,,Óptica Visión,Health,Colombia,Cartagena,Approved,00,False,22.03,,
TRX-XEZF5SIK4896R46CX7T7,2026-06-01 10:14:46,2026-06-01,PRD-NKSTN4LT5DPB,CLI-NN9EF49OC77Q,Payment,Food,332029.87,ARS,948.66,ATM,SUC-RRCPMD2D,,,Argentina,Córdoba,Approved,00,False,,-35.3333804,-58.2115567
TRX-19AS68WJ1AQX2XXNJ0T0,2026-06-01 20:15:55,2026-06-01,PRD-3PK4CK032TQI,CLI-O0SD53HX5OOU,Transfer,,5579.24,USD,,POS,,,,México,Puebla,Approved,00,False,,-0.6615397,-0.8452986
TRX-KBDLF3SDP2RC90GAP0IG,2026-06-02 05:37:12,2026-06-01,PRD-PAJRPWZQOWAF,CLI-LH2FYTCZ2U6V,Purchase,Food,161521.89,ARS,461.49,ATM,SUC-K32WS6T0,Mercado Central,Food,Argentina,Rosario,Reversed,51,False,21.67,,
TRX-A3WZZFH1BVJE3DPMAEGQ,2026-06-01 11:34:55,2026-06-01,PRD-1WLRK1MLTK7P,CLI-0KG8TJZHOMM2,Deposit,,1616649.32,ARS,4619.0,Web,,,,Argentina,Mendoza,Approved,00,False,27.05,,
TRX-RGS7CLINFQ4DZITWRQOI,2026-06-01 09:06:18,2026-06-01,PRD-ZFJFNZ84GUZX,CLI-9IIE08YQBS9Q,Withdrawal,,82.36,USD,,ATM,SUC-ZAMLQY77,,,México,Ciudad de México,Pending,05,False,3.5,,
TRX-JD2EYG1MYRVX2UBQNR3W,2026-06-02 04:13:35,2026-06-01,PRD-WQPDK7LL35VM,CLI-A8Y1N0AKF3CY,Payment,Transport,1786.72,USD,,ATM,SUC-0OJNMRLP,,,México,,Approved,00,False,,,
TRX-QLKG11YLG5QO7W9B9Q2J,2026-06-01 23:43:41,2026-06-01,PRD-26FQC34P166D,CLI-4C3SZFGO4BB8,Transfer,,2422.26,USD,,POS,,,,México,Tijuana,Approved,00,False,23.27,,
TRX-VIO5U0OEHOXF0MLU2JYB,2026-06-01 17:06:28,2026-06-01,PRD-C2PL7DBUPQQT,CLI-NL10M9MVRF88,Purchase,Services,293.64,USD,,POS,,,Services,Mexico,Monterrey,Approved,00,False,9.32,0.1412243,0.5813632
TRX-H4RRDFPUIYB95Q7GM7MT,2026-06-01 14:59:57,2026-06-01,PRD-JUUKUBVYBU36,CLI-VQ1GVIDUTTZP,Withdrawal,,220929.84,COP,55.23,ATM,SUC-CBGK7VQE,,,Colombia,Barranquilla,Approved,00,False,0.29,,
TRX-W412YRZIFKOWHQNDK8X1,2026-06-01 16:32:32,2026-06-01,PRD-WF2ESZIVJGH4,CLI-GMT0XR2CKWAZ,Transfer,,7522.95,USD,,ATM,SUC-QMYSBASD,,,México,Ciudad de México,Approved,00,False,20.52,,
TRX-ZI3CS72UAWD6J7OC4H8F,2026-06-01 12:47:29,2026-06-01,PRD-RQRE8MLK20QN,CLI-CADLS0Q5S5M3,Purchase,Food,415.21,USD,,POS,,Mercado Central,Food,México,Querétaro,Approved,00,False,0.19,,
TRX-5V0P7H5SYYT62KTF2RU3,2026-06-01 18:41:40,2026-06-01,PRD-9RK362KRJX9K,CLI-XYYLYU9Y35OO,Withdrawal,,50.6,USD,,POS,,,,México,,Approved,00,False,23.03,-0.7681373,0.45482
TRX-ILIO0SRIV5X8E1TUHKCC,2026-06-01 11:28:37,2026-06-01,PRD-MSZJME8GRX95,CLI-6C07QX7NCYM6,Transfer,,558035.87,ARS,1594.39,ATM,SUC-UUF77WSC,,,Argentina,Córdoba,Approved,00,False,27.48,-35.5931948,-58.4752022
TRX-43ZIS1DR991JTV2UG6D6,2026-06-01 19:57:39,2026-06-01,PRD-H340ZMJQJ2K7,CLI-9S8AW93QH39R,Transfer,,666047.54,ARS,,POS,,,,Argentina,Buenos Aires,Approved,00,False,,-34.6665857,-58.14056
TRX-OIUVJI5AHVE11IZ32NZ4,2026-06-02 04:12:51,2026-06-01,PRD-0CG1SXBEOU3H,CLI-6M7J0MXP13ZO,Transfer,,830.92,USD,,ATM,SUC-8XAGRKOC,,,México,Querétaro,Approved,,False,,,
TRX-YWUYXLRU62DPRHR9WL5V,2026-06-01 12:40:45,2026-06-01,PRD-E5ABW93PXTD5,CLI-XGQK0HWUECAW,Purchase,Services,411.08,USD,,Branch,SUC-UB0LXRUU,Cable TV,Services,México,Ciudad de México,Approved,00,False,20.27,,
TRX-QAPO7TEIPLJYWT6YC820,2026-06-02 02:33:54,2026-06-01,PRD-D2D3191DGJ5V,CLI-Q41WSEMC434V,Withdrawal,,251.46,USD,,POS,,,,México,Monterrey,Approved,00,False,23.7,,
TRX-HCA6C932NKAY98GA6D67,2026-06-01 20:07:27,2026-06-01,PRD-YA8X23T5BJYE,CLI-OAC3D4R750JS,Transfer,,1883918.44,ARS,5382.62,POS,,,,Brazil,Brasília,Approved,00,False,10.32,,
TRX-GKEQ6M1ECH6H6DV1RP8X,2026-06-02 02:44:07,2026-06-01,PRD-QXR1A8GRR7TC,CLI-D74KURWS429Q,Payment,Food,547137.34,ARS,1563.25,ATM,SUC-5S93Z8YS,,,Argentina,Rosario,Approved,00,False,,,
TRX-58TR324L63GLVT791ZL2,2026-06-01 06:04:55,2026-06-01,PRD-L52I528CEK3R,CLI-527DLE8N2SE9,Withdrawal,,154.5,USD,,Transfer,,,,México,Puebla,Approved,00,False,29.39,,
TRX-9OPERCGFONC9H319BFP9,2026-06-01 11:05:20,2026-06-01,PRD-5P3L028XKEWK,CLI-CDKR1QENMMM2,Adjustment,,176.18,USD,,POS,,,,México,Guadalajara,Approved,00,False,,,
TRX-KTHC6Q46MBB0S1LO470O,2026-06-01 11:14:17,2026-06-01,PRD-9SWUO9S2VQX4,CLI-9490926BVG4N,Transfer,,453.61,USD,,POS,,,,México,Monterrey,Approved,00,False,18.82,,
TRX-UXH4LWKP1PDFIV7PH1LE,2026-06-01 14:04:00,2026-06-01,PRD-EKWE7OW8W5JZ,CLI-A07O6S4V34OL,Transfer,,1989684.16,ARS,5684.81,ATM,SUC-2T5PUX8Q,,,Argentina,La Plata,Approved,00,False,17.41,-34.6408948,-58.754085
TRX-EJF4Q5LNXR49GSA70NEQ,2026-06-01 11:32:20,2026-06-01,PRD-7O4E4MJESBQ0,CLI-LO927PGFZJKY,Transfer,,37875575.53,COP,9468.89,ATM,SUC-U5SARN4H,,,Colombia,Cartagena,Approved,00,False,0.37,,
TRX-51CIO62P6GC6MK4G1KNO,2026-06-02 02:30:29,2026-06-01,PRD-DFB6LT9QOESR,CLI-ZQ75BDGYEP6G,Withdrawal,,228.82,USD,,Web,,,,México,Ciudad de México,Approved,00,False,20.91,,
TRX-G69GWHS6OTSJC85T1Y9L,2026-06-02 03:44:12,2026-06-01,PRD-93P0WS5VA182,CLI-745WRGAWIAZS,Withdrawal,,201617.84,COP,50.4,POS,,,,Colombia,Bogotá,Approved,00,False,8.48,5.3261296,-74.184176
TRX-8NBDMDSK1FXKKAV4PCMR,2026-06-01 22:15:11,2026-06-01,PRD-CSMIUYTRIHIW,CLI-T8KJCNFVJPPI,Withdrawal,,55326.05,ARS,158.07,App,,,,Argentina,La Plata,Declined,05,False,,,
TRX-FF858S1WU10GUY9N7E0A,2026-06-02 04:21:05,2026-06-01,PRD-NMQVPDI50RFT,CLI-XKH2YLSG7JA2,Transfer,,1672207.41,ARS,4777.74,POS,,,,Argentina,Córdoba,Approved,00,False,5.51,,
TRX-EHA95XGC1E7QA6OB3QXM,2026-06-01 15:09:19,2026-06-01,PRD-CAN8YYNQLHJC,CLI-VOEJOHVHKD3K,Payment,Health,1900.91,USD,,ATM,SUC-9YYT37NY,,,Colombia,Bogotá,Reversed,14,False,,0.5159715,0.5909368
TRX-KJ1A0PCK0H7AS9V1JY41,2026-06-01 23:03:50,2026-06-01,PRD-5A7VCRKISFS9,CLI-M93DPSK78Y2O,Withdrawal,,145043.56,COP,36.26,ATM,SUC-HAC1OZ8F,,,Colombia,Barranquilla,Approved,00,False,16.16,,
TRX-TKOKGGAP32QGPUARGLSO,2026-06-01 06:41:59,2026-06-01,PRD-GPC22N5X4NGL,CLI-2LGJXLO9CXQM,Payment,Entertainment,1730.53,USD,,ATM,SUC-POHHKXPA,,,México,Ciudad de México,Reversed,05,False,,,
TRX-CISRZPRWHKNL5I28FAXX,2026-06-02 03:52:45,2026-06-01,PRD-KCJHDHXR4T05,CLI-BJ8OBLWI2YHS,Payment,Services,810.14,USD,,Web,,,,México,Ciudad de México,Approved,00,True,2.19,,
TRX-QDMGVI81DDRJIN8U61J8,2026-06-01 23:29:17,2026-06-01,PRD-4NMH98W26QV3,CLI-ZV2X770HZ3XQ,Withdrawal,,47.41,USD,,POS,,,,México,Tijuana,Approved,00,False,3.93,,
TRX-6W9M6L8UW0JW6P5R2RP3,2026-06-01 11:38:52,2026-06-01,PRD-AADPEVOWZFSQ,CLI-FGTVO9HRGWJF,Purchase,Services,195.09,USD,,Web,,Cable TV,Services,México,Guadalajara,Approved,00,False,28.36,,
TRX-8R8D9CXKF7S3ZVWPENPA,2026-06-01 06:47:44,2026-06-01,PRD-WBXR2DODLCX4,CLI-OWOGZS6W0SLK,Withdrawal,,285.98,USD,,ATM,SUC-IW55XIEY,,,México,Tijuana,Approved,00,False,28.4,-0.3492553,-0.8091268
TRX-NTN2J45C4XGF9FTXOW64,2026-06-01 20:41:01,2026-06-01,PRD-37UPV4DJFTCI,CLI-5NOKQ1EMJVDX,Transfer,,2732591.77,ARS,,POS,,,,Spain,Sevilla,Approved,00,False,,,
TRX-HOSJQ3J4903GLWFUSS81,2026-06-01 17:17:29,2026-06-01,PRD-IQNQT2NAVZEU,CLI-PLJH9C6ULA9C,Purchase,Food,135.91,USD,,App,,Super Ahorro,Food,México,Guadalajara,Approved,00,False,,,
TRX-WJC2BYY54X2G21PCYHQU,2026-06-02 01:49:18,2026-06-01,PRD-25YRRJWNUCLM,CLI-3SXP0W1Y39ZC,Payment,Health,6874028.65,COP,1718.51,POS,,,,Colombia,,Approved,00,False,26.27,,
TRX-9SDIG09GP21KV6YY116H,2026-06-02 00:45:22,2026-06-01,PRD-BBBMWWV3G2V8,CLI-19ZSRYEI5YQI,Payment,Other,1061792.19,COP,265.45,POS,,,,Colombia,Cartagena,Approved,00,False,,5.4071578,-73.7747555
TRX-9ECJXSZPX4KDFVLX7WCF,2026-06-01 19:24:15,2026-06-01,PRD-Z3AJBQG0XPGM,CLI-D9830GMZ7R4O,Transfer,,8584.16,USD,,ATM,SUC-Y15GDF24,,,México,Puebla,Approved,00,False,9.62,,
TRX-BTAHTNFS8OPO5WJIQ9Q3,2026-06-02 05:37:20,2026-06-01,PRD-P3AOVYUB93DZ,CLI-F7KR79CDG5MF,Withdrawal,,134430.8,COP,33.61,App,,,,Colombia,Barranquilla,Approved,00,False,17.59,,
TRX-P59UR3971RN4XFWR49HH,2026-06-01 09:53:12,2026-06-01,PRD-3LOUGJ5NI60Z,CLI-IHHIN9JWVP5T,Payment,Transport,1817110.89,COP,454.28,ATM,SUC-LWQND6S8,,,Colombia,,Approved,00,False,,,
TRX-8R2N7S9G6T09M4Z9YB7W,2026-06-01 07:41:01,2026-06-01,PRD-TJCVAQAHLPXB,CLI-E4J4ZRN3JJQJ,Purchase,Services,190.73,USD,,Web,,Empresa Telefónica,Services,México,Querétaro,Approved,00,False,5.89,,
TRX-WB4KANG1ARRLQ2KN29OE,2026-06-01 22:15:30,2026-06-01,PRD-JSDHLCYY0IKH,CLI-TW7W3U9FCBBK,Transfer,,1312.17,USD,,ATM,SUC-IW55XIEY,,,México,Ciudad de México,Approved,00,False,5.75,,
TRX-AG19VHSHI9O4WRQG3VBQ,2026-06-01 13:07:35,2026-06-01,PRD-8LJB5RW6DBPW,CLI-RMU6BJPKUI08,Purchase,Food,1741559.66,COP,435.39,POS,,Super Ahorro,Food,Colombia,Cartagena,Approved,00,False,16.68,,
TRX-E0ITTO46DRL6ECQWXJ73,2026-06-02 03:19:33,2026-06-01,PRD-DCALX1C2AAHV,CLI-QGEPDM2NSSHA,Withdrawal,,198.81,USD,,POS,,,,México,Guadalajara,Approved,,False,6.39,,
TRX-OBFNZVATYVL6LQD7YDW5,2026-06-02 05:28:41,2026-06-01,PRD-KACW648Y16B3,CLI-YTZHZ6LROUYT,Purchase,Food,128.04,USD,,ATM,SUC-XT96PBC0,Mercado Central,Food,México,Guadalajara,Approved,00,False,6.28,,
TRX-EMENHHYOS1UPA4UXR6PU,2026-06-01 08:50:52,2026-06-01,PRD-T9ZZI6CLDDNR,CLI-NQI0D2Y583V1,Purchase,Entertainment,8.61,USD,,ATM,SUC-DN1V9J1Z,Conciertos Live,Entertainment,México,Ciudad de México,Approved,00,False,4.15,,
TRX-ELN86YC7DAXVQAYZQLMF,2026-06-01 12:12:30,2026-06-01,PRD-YOK0JY0BM20E,CLI-4CTQSA3O3BSF,Transfer,,13764841.85,COP,3441.21,POS,,,,Colombia,Medellín,Approved,00,False,22.32,,
TRX-D0RXSE52SD38090V0LWE,2026-06-01 19:31:16,2026-06-01,PRD-HAKGFGYV9L3C,CLI-M28XYNNRL3D7,Adjustment,,106.36,USD,,POS,,,,México,Tijuana,Approved,00,False,3.79,,
TRX-R1ISRIPYQM6V4WNSLN8C,2026-06-01 13:44:21,2026-06-01,PRD-BOPL1759WRW6,CLI-757GHZDUG4NL,Withdrawal,,432.86,USD,,App,,,,México,Monterrey,Approved,00,False,20.65,,
TRX-1OOP0KF9SVSWFPLQLXGF,2026-06-01 16:19:18,2026-06-01,PRD-FZNUOCF5XTWR,CLI-1YI4EMJB3R59,Purchase,,496.7,USD,,POS,,Restaurante El Buen Sabor,Food,México,Tijuana,Approved,00,False,19.96,-0.9873431,-0.7051595
TRX-1TUUU846OGO78DMCF2XT,2026-06-01 17:16:52,2026-06-01,PRD-87O6JNO3V0P2,CLI-28ZMFQDEX0P7,Transfer,,33209227.48,COP,8302.31,ATM,SUC-9FWCAJXI,,,Colombia,Cali,Approved,,False,9.92,,
TRX-KMTRKD7YJ7S4C11756R3,2026-06-01 09:22:01,2026-06-01,PRD-TABVOM6QH4CJ,CLI-GOA98D3HSN83,Withdrawal,,250.66,USD,,App,,,,México,Tijuana,Approved,00,False,,,
TRX-QXWZ3AQNRGTQB8NKIEIZ,2026-06-01 12:22:51,2026-06-01,PRD-B0ZR74H18RFV,CLI-1KS8AP1FNPE0,Transfer,,7537.18,USD,,App,,,,México,Puebla,Approved,00,False,,,
TRX-IB08P2QUOQ7ZVSZZUC6E,2026-06-01 14:23:36,2026-06-01,PRD-QOEDFHOULY1W,CLI-8RL7WAMIFP3T,Withdrawal,,578560.98,COP,144.64,Transfer,,,,Colombia,,Approved,00,False,28.3,,
TRX-R6NIU9IR1VHKWKRD8I2L,2026-06-02 02:29:38,2026-06-01,PRD-OLUQWH4KHW2L,CLI-EGM89F3TUF29,Deposit,,701.58,USD,,App,,,,México,Tijuana,Approved,00,False,28.82,,
TRX-G3Z39XQKIFDTYZJS6DQU,2026-06-02 04:22:07,2026-06-01,PRD-PJR89FMCJBXO,CLI-CJLHT0ZKDFLU,Purchase,Other,491.95,USD,,ATM,SUC-POHHKXPA,Tienda General,Other,México,Tijuana,Approved,,False,5.6,-0.4170699,-0.8273013
TRX-EZ2903KULV5ST0XD7P4N,2026-06-01 12:23:22,2026-06-01,PRD-YR3TFZBSWWYT,CLI-2NW4ZJ4BEO9M,Withdrawal,,117.96,USD,,ATM,,,,Colombia,Barranquilla,Approved,00,False,5.27,,
TRX-SOT1CC1QK7MKL9TQ7PM6,2026-06-02 05:37:54,2026-06-01,PRD-QHV2N67MLCIY,CLI-KVAPRDXZAQ2S,Transfer,,186080.16,ARS,,POS,,,,Argentina,Mendoza,Approved,00,False,16.88,,
TRX-FYHOUTBHAJNXNPBYGBSQ,2026-06-01 19:37:02,2026-06-01,PRD-2SXJFSSL6S5L,CLI-PBDBFXSM2JX7,Withdrawal,,136.81,USD,,ATM,SUC-ZXOSBE5D,,,Mexico,Monterrey,Approved,00,False,24.49,0.0082676,0.9129409
TRX-O7BXZIDF4I1QPV4K8VEO,2026-06-02 01:23:25,2026-06-01,PRD-VU022BUTD1YD,CLI-VSV0DATT84KC,Purchase,Transport,473.1,USD,,Web,,Uber,Transport,México,,Approved,,False,3.8,,
TRX-Q756LID7FZ6Q4JHH2G03,2026-06-02 02:57:39,2026-06-01,PRD-5VI3FMPL4FQU,CLI-VMH6GVEEJO9H,Withdrawal,,436.05,USD,,ATM,SUC-9L4T3P44,,,México,Querétaro,Approved,00,False,16.7,,
TRX-JZ7PYOSE7UWPFENGBEKT,2026-06-01 11:11:14,2026-06-01,PRD-ATL5NN8QTPX9,CLI-69UD9PXBPQXC,Payment,,1818.4,USD,,POS,,,,México,Guadalajara,Approved,00,False,,,
TRX-4EYW60HO3S6LKSLTMXBH,2026-06-01 21:57:04,2026-06-01,PRD-C7Z38R95CIAD,CLI-OQMEV2KF7DQQ,Transfer,,1104248.43,ARS,3155.0,ATM,,,,Argentina,La Plata,Approved,00,False,11.19,-34.9009123,-58.8246027
TRX-KA81JTQ42DUC0ZHVJJIO,2026-06-02 00:24:53,2026-06-01,PRD-BBC845LL2NFX,CLI-8DOWUYQQN6MG,Deposit,,1931.8,USD,,ATM,SUC-COPO2MJ8,,,México,Querétaro,Approved,00,False,1.01,,
TRX-LTLMTCOVM52EXOAZYLL2,2026-06-01 21:39:24,2026-06-01,PRD-9OE6AM2XTHNS,CLI-EIIAR5QBZPOK,Payment,Other,374.83,USD,,POS,,,,México,Ciudad de México,Approved,00,False,0.59,,
TRX-W3RQO3CLNI04FFIBUDGG,2026-06-01 21:22:57,2026-06-01,PRD-9CKT5SAMVS0W,CLI-R33P76VUOW40,Payment,Food,505568.61,ARS,1444.48,POS,,,,Argentina,Córdoba,Approved,00,False,24.07,,
TRX-BV6DKI2VUODQYGODZ5FR,2026-06-02 05:08:40,2026-06-01,PRD-0A8WLW7ZCJQR,CLI-7TP31EXYNDQ2,Purchase,Services,35.53,USD,,ATM,SUC-E4V48SY3,Servicios Públicos,Services,México,Ciudad de México,Approved,00,False,27.96,,
TRX-5CH6FMZ8V33Z56WJDH0B,2026-06-01 12:57:07,2026-06-01,PRD-HRZWTRO01RZO,CLI-BX566GY7VN5T,Purchase,Health,1496070.56,COP,374.02,ATM,SUC-C93NERQQ,Clínica Médica,Health,Colombia,Cartagena,Approved,00,False,11.53,,
TRX-GEOF4SM5K3JHC681RD17,2026-06-02 05:28:21,2026-06-01,PRD-CYK21NIDW52N,CLI-QNFKQDF3G2E5,Withdrawal,,29.58,USD,,ATM,SUC-IKK3G59W,,,Colombia,Medellín,Declined,14,False,,,
TRX-PQYBZL7LQ2TRV1XCID5I,2026-06-01 07:49:28,2026-06-01,PRD-79V8TZU2B1CT,CLI-1JAY8MTWACQ7,Transfer,,1855.26,USD,,App,,,,México,Puebla,Approved,00,False,26.25,,
TRX-32GMQZNYSPFY7QJI1ES9,2026-06-01 17:21:41,2026-06-01,PRD-CNTZ3COBH2UB,CLI-HR0FGNE254B5,Transfer,,30856906.15,COP,7714.23,Web,,,,Colombia,Cartagena,Reversed,14,False,16.21,,
TRX-LRADGTMLBMITIPGULE41,2026-06-02 04:44:51,2026-06-01,PRD-R43NXW2WXKNQ,CLI-J6M402SXTE8M,Deposit,,1291213.4,ARS,3689.18,POS,,,,Argentina,Rosario,Approved,00,False,13.29,,
TRX-XY3UA3BC9X2BB981EX4E,2026-06-02 02:26:03,2026-06-01,PRD-7O8W0VKBQUVY,CLI-KWKR3FYR1KML,Payment,Food,2322267.26,COP,580.57,POS,,,,Colombia,Medellín,Approved,00,False,5.18,,
TRX-YIMKQFCCWRT5XI0FX0PO,2026-06-02 02:27:02,2026-06-01,PRD-JB00FJ1LCWFU,CLI-BXUZECTSZNQ4,Purchase,Services,1115962.69,COP,278.99,ATM,SUC-XPLAOSH4,Internet Plus,Services,Colombia,Cali,Declined,14,False,2.5,,
TRX-1DNEC9XU9UG6HTRMLIDO,2026-06-02 03:58:00,2026-06-01,PRD-6Z5FD7QATYVY,CLI-3FD3XN18N6IG,Payment,Services,410.9,USD,,Branch,SUC-6A2UBEHN,,,México,Querétaro,Approved,00,False,13.64,,
TRX-SWF5HOH0C5X30NW1QISH,2026-06-01 15:31:10,2026-06-01,PRD-EPWFS5EFMEUD,CLI-ZO7C5QIPV4WA,Payment,Health,3943138.84,COP,985.78,POS,,,,Colombia,Bogotá,Declined,14,False,24.92,4.4299887,-74.2035561
TRX-CNQCGA5NBM61DTL254TS,2026-06-01 21:38:05,2026-06-01,PRD-ZXI8PJH77XF5,CLI-TGMZST0CYBGM,Transfer,,2864.04,USD,,POS,,,,México,Guadalajara,Approved,00,False,,,
TRX-A7HI4HL04KPVRNP2ESVY,2026-06-01 23:46:35,2026-06-01,PRD-XR7JFS59DTNF,CLI-GJRAX2S8IHRX,Transfer,,479.41,USD,,ATM,SUC-M8AEJ2A4,,,México,Tijuana,Approved,00,False,2.31,,
TRX-EA2LZQYSHX05W1YS22NK,2026-06-02 02:32:37,2026-06-01,PRD-DDP0QFKR8MTC,CLI-NFSL5J0GEKJE,Withdrawal,,1274959.96,COP,318.74,Web,,,,Colombia,Cali,Approved,00,False,12.24,,
TRX-AZXUZELCG5NJAQWIYRFK,2026-06-02 03:23:16,2026-06-01,PRD-SQY0ULE50MCI,CLI-I7JFPTOALP8V,Transfer,,770399.03,ARS,,Web,,,,Argentina,Córdoba,Approved,,False,25.9,,
TRX-SBGADI26F01JAFC1C9WK,2026-06-02 02:38:46,2026-06-01,PRD-DLUP68H2AFP9,CLI-30WLVSAM1QUF,Deposit,,841246.16,ARS,,POS,,,,Argentina,Córdoba,Declined,05,False,8.87,-34.5458203,-57.6046161
TRX-R8PCANNVD35TCZNAID4V,2026-06-02 01:58:09,2026-06-01,PRD-ND8LQUYSDFRA,CLI-79ME9PWHR6MT,Withdrawal,,198.83,USD,,Web,,,,Colombia,Cartagena,Declined,51,False,24.22,,
TRX-IQDYPPH40OEMPOCK0F2E,2026-06-01 10:09:12,2026-06-01,PRD-85OH6B3NMFQM,CLI-T4HV8ZEBXW5V,Payment,Entertainment,771.07,USD,,POS,,,,México,Ciudad de México,Approved,00,False,13.61,,
TRX-638MGPY0OMCNEKRT0HMZ,2026-06-01 23:18:39,2026-06-01,PRD-UL8VC62Y23D2,CLI-BFJT5V58FB23,Withdrawal,,1262428.37,COP,315.61,POS,,,,Colombia,Barranquilla,Approved,00,False,25.2,,
TRX-BGDJ0AEX34KBTTRSGH0B,2026-06-01 17:33:52,2026-06-01,PRD-GMYXTK9G9TT8,CLI-8TH9NX4YINLS,Deposit,,18066720.54,COP,4516.68,ATM,SUC-Q56PLH2J,,,Colombia,Barranquilla,Approved,00,False,0.25,,
TRX-YFIQV8ADY9LYPNWRR96H,2026-06-01 17:26:02,2026-06-01,PRD-BSIJZ28LO1XO,CLI-L163K8RGB4MD,Transfer,,3419087.23,COP,,App,,,,Colombia,,Approved,00,False,20.6,,
TRX-AFDQP7NAMCJXDVHMM6Q0,2026-06-01 08:20:33,2026-06-01,PRD-R4K96G672OCH,CLI-M414KD2272B4,Payment,Health,256237.03,ARS,732.11,ATM,SUC-4ICHM641,,,Argentina,Mendoza,Approved,00,False,27.16,,
TRX-BNLW4OJW6WBX3R52XOI7,2026-06-01 13:21:44,2026-06-01,PRD-RRR68WRX315K,CLI-44OOI9GJ3E2N,Deposit,,509.51,USD,,ATM,,,,México,Querétaro,Approved,00,False,21.58,-0.1956431,-0.3458124
TRX-UYV6DMIUEJQB6SG4Y07G,2026-06-01 09:58:07,2026-06-01,PRD-JN8EZTKMNGHY,CLI-OU47WX2LH5BL,Purchase,,175.31,USD,,POS,,Cine Premium,Entertainment,México,Monterrey,Approved,00,False,20.16,,
TRX-1Q22OV3FM2K3JIR4YCJ8,2026-06-01 22:40:19,2026-06-01,PRD-KZ3LU7HQGQ8E,CLI-7HNLPERWEQAC,Purchase,Health,216.16,USD,,App,,Laboratorio Central,Health,México,Guadalajara,Reversed,51,False,2.05,,
TRX-C5JQAEXBBZE7IKUR45O6,2026-06-01 10:08:11,2026-06-01,PRD-HCJQRQJ72Y2Y,CLI-XFL11Y060SQT,Adjustment,,673.67,USD,,Web,,,,Colombia,Barranquilla,Approved,00,False,,,
TRX-GIUH9P1F2YPJ03ISOY1O,2026-06-01 19:19:48,2026-06-01,PRD-9L88AOFEHO6I,CLI-W26F8PRT3CSG,Withdrawal,,92.25,USD,,POS,,,,México,Tijuana,Approved,00,False,9.86,,
TRX-02PMP4AAZJOXL3FOG66T,2026-06-01 23:40:47,2026-06-01,PRD-A5T87RHFDM2C,CLI-4Z2AIR5PI8EH,Purchase,Services,1769173.57,COP,442.29,Web,,Internet Plus,Services,Colombia,Bogotá,Approved,00,False,16.24,,
TRX-7RT084FBVJX1TVKS39FO,2026-06-02 01:14:56,2026-06-01,PRD-RHUQDOP1OUTH,CLI-XYK8QRZ7C7A9,Transfer,,2888599.92,ARS,8253.14,ATM,SUC-GTAY0XHL,,,Argentina,Mendoza,Approved,,False,6.79,,
TRX-II8CR6GVYB58PP52Y67H,2026-06-01 18:21:28,2026-06-01,PRD-QGQ343AT8X8M,CLI-6ND949AK1K89,Payment,Entertainment,125.37,USD,,ATM,SUC-RJSJ0B0X,,,México,Puebla,Approved,00,False,19.8,,
TRX-17LHITTRSA8HR8FDPDSE,2026-06-02 04:53:42,2026-06-01,PRD-HTG82TT44RNZ,CLI-92FY4L40MMSR,Payment,Food,1137758.84,COP,284.44,POS,,,,Colombia,Medellín,Approved,00,False,29.37,,
TRX-WL1SD5FDJX8PU3J3UBHS,2026-06-01 06:01:38,2026-06-01,PRD-JEEKIWVY49ZU,CLI-TUOZ8UA34QVT,Transfer,,1165.35,USD,,Web,,,,México,Querétaro,Approved,00,False,22.44,,
TRX-T1FMOIKZ27LDDALQ65QT,2026-06-01 20:24:19,2026-06-01,PRD-UVS75SCW8TA1,CLI-M5S0I072ZV5Y,Withdrawal,,215.44,USD,,Web,,,,México,Ciudad de México,Approved,00,False,19.69,,
TRX-0SEHGLN5H4GPFFNVZNLO,2026-06-01 12:57:54,2026-06-01,PRD-D0NX4L6MDD5M,CLI-CQKD9C0GKVJK,Withdrawal,,1125974.82,COP,281.49,App,,,,Colombia,Bogotá,Approved,00,False,5.95,,
TRX-MUHWMZFH326JFO6UFUGJ,2026-06-01 08:23:33,2026-06-01,PRD-2YEYSOTNQEOO,CLI-OTSGQIQY3U6I,Withdrawal,,115491.66,ARS,329.98,ATM,SUC-G7HRTTDE,,,Argentina,Rosario,Approved,00,False,,,
TRX-CZ0SAUKF6GZYNPZNPP49,2026-06-01 21:43:59,2026-06-01,PRD-UVNZ5O2R55KR,CLI-NGBU4ZZ9KX0K,Payment,Entertainment,1476.91,USD,,ATM,SUC-XAEWUJQS,,,México,Monterrey,Approved,00,False,29.11,,
TRX-WT6IICY4867Y9Q62LH99,2026-06-01 14:50:58,2026-06-01,PRD-2R96I430568L,CLI-MCH2SZR822RN,Withdrawal,,207.63,USD,,POS,,,,México,Monterrey,Approved,00,False,8.74,-0.4788808,-0.0693238
TRX-B2IB5C2RJEA1A90YX64J,2026-06-01 11:27:32,2026-06-01,PRD-FMUTLIGWKFJQ,CLI-4YA5IRIJCVVN,Adjustment,,636.8,USD,,ATM,SUC-JDSJM3BZ,,,México,Querétaro,Approved,00,False,,-0.4588933,-0.7333072
TRX-DTEK6LBLE70HDKD0S1MW,2026-06-01 11:39:24,2026-06-01,PRD-WNKQ2ZRL992T,CLI-1NX57A4N1LYZ,Deposit,,2824.16,USD,,App,,,,México,Puebla,Approved,00,False,14.04,,
TRX-K56XIVMY6PJC9II5HXFS,2026-06-02 01:16:36,2026-06-01,PRD-R5YIENIVQW5K,CLI-39WBSN8U4J6W,Transfer,,2624734.02,ARS,7499.24,App,,,,Argentina,,Approved,00,False,,,
TRX-KN380ZB249XUQFP64XG3,2026-06-01 18:47:39,2026-06-01,PRD-129VU2J7WRJY,CLI-3MAN9J4Z5DOZ,Payment,Transport,1018.32,USD,,ATM,SUC-E4V48SY3,,,México,Querétaro,Approved,00,False,,,
TRX-OKRIPGQ9WHSA4SYSOW7B,2026-06-01 16:29:17,2026-06-01,PRD-I83ZDHTG8AVL,CLI-TO2539F43LNJ,Payment,Services,873830.72,COP,218.46,ATM,SUC-CBL7ISR7,,,Colombia,Medellín,Approved,00,False,,5.3408928,-74.6739968
TRX-B5PPE4Q2AB0NE9YKY1X1,2026-06-01 11:51:35,2026-06-01,PRD-ZNWQ5RCK78AH,CLI-3SVZHNWWB1Z4,Payment,Entertainment,1883.9,USD,,ATM,SUC-XEEDD28B,,,México,Tijuana,Approved,00,False,10.75,,
TRX-KPGP72EIE3TWVNSMZLLH,2026-06-01 15:27:46,2026-06-01,PRD-TPXLZTZ7127B,CLI-W2NKDFONP8C7,Withdrawal,,1524304.62,COP,381.08,ATM,SUC-C93NERQQ,,,Colombia,Bogotá,Approved,00,False,14.89,,
TRX-YNC38HEFJ1R9COBS9BQJ,2026-06-01 18:59:28,2026-06-01,PRD-TSUGRFDA5UCF,CLI-ZAL8R0E5JK8B,Purchase,Transport,236.62,USD,,ATM,,Uber,Transport,México,Guadalajara,Approved,00,False,7.96,-0.2116241,0.7265717
TRX-RWCSWPH1NFAYMG1IMCFE,2026-06-01 19:28:31,2026-06-01,PRD-4B1L3WI9JW9F,CLI-Q1WWM34HP7Q1,Deposit,,2113.94,USD,,Web,,,,México,Ciudad de México,Approved,00,False,29.59,,
TRX-SKMALZ9A4P594JSTO05W,2026-06-01 11:08:57,2026-06-01,PRD-SNCHKNBFOFTO,CLI-JCQXLHJVNZVS,Payment,Services,1295.84,USD,,App,,,,México,Tijuana,Approved,00,False,0.97,,
TRX-2K1T1IFU1I5AZVL5M1BU,2026-06-01 09:01:52,2026-06-01,PRD-IIEGPTCLR0QG,CLI-C6TW7X0RH3UM,Adjustment,,163.75,USD,,Web,,,,México,Ciudad de México,Reversed,54,False,16.77,,
TRX-TIJKPGDKYSHOO0E1RULQ,2026-06-01 11:26:32,2026-06-01,PRD-EHUHNLF527GS,CLI-LUEZNYUK35QR,Transfer,,2178.83,USD,,Web,,,,México,Monterrey,Approved,00,False,23.5,,
TRX-BZFUKQ6UV3MUL8ZQ3XUO,2026-06-02 04:20:07,2026-06-01,PRD-5F9GNY2QVGI9,CLI-5H6CFEPOK751,Withdrawal,,185.81,USD,,Web,,,,México,Monterrey,Approved,00,False,12.6,,
TRX-XR86ZA51PRGJPYF7FLVQ,2026-06-01 10:03:20,2026-06-01,PRD-NNBTLPDSEOUL,CLI-1XB910NDBY4S,Payment,Transport,655689.75,ARS,1873.4,App,,,,Argentina,Mendoza,Approved,00,False,5.95,,
TRX-W9PJOUOF5G4HGQH9HRL0,2026-06-02 01:24:19,2026-06-01,PRD-R3NKJGPCUXCI,CLI-G2IR4AF864BI,Withdrawal,,910735.37,COP,227.68,App,,,,Colombia,Cartagena,Approved,00,False,0.19,,
TRX-BC0GGI8TG1UZ8JVFNWCU,2026-06-01 16:59:07,2026-06-01,PRD-PGF4YUOIEPBZ,CLI-ARSJMWK0U7ZY,Purchase,Other,50.57,USD,,App,,Boutique Moda,Other,México,Monterrey,Approved,00,False,9.46,,
TRX-AGCSRCLB6WIBOYW8TMM4,2026-06-01 11:28:56,2026-06-01,PRD-SLOWXSQ0U5TT,CLI-7SOJEKHLZCE6,Transfer,,19827599.29,COP,4956.9,ATM,,,,Colombia,Medellín,Approved,00,False,12.48,,
TRX-U347MQWHVLGNTGDFU5SJ,2026-06-02 05:54:32,2026-06-01,PRD-6GDUO4E3V1JY,CLI-NR7LXKMGC646,Purchase,Entertainment,970941.89,COP,242.74,ATM,SUC-MU9A5O88,Conciertos Live,Entertainment,Colombia,Cali,Approved,00,False,,,
TRX-LMWM95X1AXY2H497TU3H,2026-06-01 09:48:55,2026-06-01,PRD-HJKNWJ4WCHOG,CLI-RLAUOSIHFXIQ,Purchase,Services,47415.67,ARS,135.47,ATM,SUC-SN21TOOC,Servicios Públicos,Services,Argentina,Rosario,Approved,00,False,4.2,,
TRX-GRSVVXUT4Q7QCGXYCX79,2026-06-02 00:29:18,2026-06-01,PRD-O53SKOTPG68N,CLI-EBQVOY2LCO8U,Purchase,Food,515787.37,COP,128.95,Web,,Super Ahorro,Food,Colombia,Cali,Approved,00,False,15.89,,
TRX-F6CTTHP3384SJV22SNWU,2026-06-01 11:50:54,2026-06-01,PRD-JE0YGKIZB2O6,CLI-9PXVLQJCLD66,Adjustment,,452.36,USD,,App,,,,México,Tijuana,Approved,00,False,11.9,,
TRX-2MXVGOBRBUJD5768EDZB,2026-06-02 02:21:46,2026-06-01,PRD-YOTDUT746CYR,CLI-4H6MBOJX1JV3,Withdrawal,,41259.64,ARS,117.88,POS,,,,Argentina,Mendoza,Approved,00,False,,-33.9384156,-58.5900938
TRX-PG4KROIESN327LXJY31G,2026-06-01 08:55:23,2026-06-01,PRD-WGQRALZ4ZD7E,CLI-X2N7NUBJCKAG,Payment,Transport,389.39,USD,,ATM,SUC-SCFDICUT,,,México,Querétaro,Approved,00,False,26.3,0.7843126,-0.6854889
TRX-7LO3NBVUAWK1WYHL9V9A,2026-06-01 20:37:39,2026-06-01,PRD-XVLGFN6QB81R,CLI-K1IPX7LAX472,Purchase,Other,97407.83,ARS,278.31,POS,,Tienda General,Other,Argentina,Buenos Aires,Approved,00,False,8.67,,
TRX-NCJ2QBQSCMYBARH3Q32P,2026-06-01 20:50:58,2026-06-01,PRD-N9ULE8BRKEKG,CLI-UTRBU1HYRWQT,Payment,Services,1727.09,USD,,POS,,,,México,Ciudad de México,Approved,00,False,26.52,,
TRX-IXRSZEA3QW2PU15VA9CC,2026-06-02 01:26:20,2026-06-01,PRD-RE7PN80ETU5A,CLI-O6JGNQ0PHLRU,Transfer,,2282.39,USD,,ATM,SUC-ISPO1DES,,,México,,Approved,00,False,25.04,,
TRX-0AID3CEIJWQSRJNYZZR5,2026-06-01 15:11:42,2026-06-01,PRD-A40OSNY8FNVQ,CLI-NKH25I5GNKZY,Purchase,Health,108.26,USD,,Branch,SUC-6RHR3MME,Laboratorio Central,Health,México,Tijuana,Approved,00,False,,,
TRX-NWOQUVSXWMAQ89WNXM2F,2026-06-01 15:31:04,2026-06-01,PRD-C3XHSZ2KMNG1,CLI-BY3M5L64YXR5,Purchase,Other,1625137.79,COP,406.28,Web,,Centro Comercial,Other,Colombia,Cartagena,Approved,00,False,24.05,,
TRX-F9ISDDURXPRKUQ0IHHB1,2026-06-01 06:13:39,2026-06-01,PRD-G9A7YZ46OH7C,CLI-CPGMTDFRP1GZ,Purchase,Food,1051144.12,COP,262.79,ATM,SUC-A1FLMPEF,Tienda Don José,Food,Colombia,Medellín,Approved,00,False,11.94,,
TRX-DK5DOQKWFFGSF1XLEXWV,2026-06-01 10:44:49,2026-06-01,PRD-JEVDJVWO3IA8,CLI-HAM3B4VNDVJ1,Deposit,,16150773.33,COP,4037.69,ATM,SUC-TQX7379E,,,Colombia,Cali,Declined,14,False,,5.6611845,-73.6585739
TRX-CU1TJGZT0NNC0PXG651N,2026-06-01 09:32:56,2026-06-01,PRD-AKBYYAF5XWE5,CLI-5N55E71W7RV5,Payment,Entertainment,2727038.16,COP,681.76,Web,,,,Argentina,Rosario,Approved,00,False,2.89,,
TRX-G7DTX5NPWQAQ09D3DW1E,2026-06-01 08:31:47,2026-06-01,PRD-9TKXITSPF8M0,CLI-1NWIZV4CAAPW,Transfer,,3109143.0,ARS,8883.27,Transfer,,,,Argentina,Córdoba,Approved,00,False,19.2,,
TRX-D9A1MIYQRK7PZRYHRIYF,2026-06-01 23:57:49,2026-06-01,PRD-5LY564FBDNIP,CLI-PCBEU2DJ0VDH,Purchase,Services,437.8,USD,,ATM,SUC-ECJP9AEQ,Cable TV,Services,México,Tijuana,Approved,00,False,18.96,0.4269548,-0.5420684
TRX-7A6446GWGM4X156HHSNJ,2026-06-01 13:23:43,2026-06-01,PRD-FVWWJ0Q7X76B,CLI-2HEXMFMBBXRR,Deposit,,1406445.55,ARS,4018.42,POS,,,,Argentina,Córdoba,Pending,14,False,4.26,-34.146849,-59.2942428
TRX-CGVEB591E1QILPR9QJVI,2026-06-02 01:32:08,2026-06-01,PRD-7WCYSFKY9B6E,CLI-GR8D1T21JBB8,Transfer,,5448.21,USD,,POS,,,,México,Querétaro,Declined,14,False,14.38,,
TRX-4NGHSIXHAHMGXQ6G2LJQ,2026-06-01 21:23:11,2026-06-01,PRD-6MIN4OJYM2PU,CLI-31CUB1LGO67X,Payment,Entertainment,663103.57,ARS,1894.58,App,,,,Argentina,Buenos Aires,Approved,00,False,,,
TRX-LMQSEEOI57F5KVQ305R3,2026-06-02 03:09:38,2026-06-01,PRD-XQBT8795TD1K,CLI-R0XUDUO3H2WU,Transfer,,14226116.26,COP,3556.53,Web,,,,Colombia,Cali,Approved,00,False,1.49,,
TRX-9P6G6D0IPR9RNFLGN4RS,2026-06-01 17:50:47,2026-06-01,PRD-NC7BPGI69IFQ,CLI-X7X3HCBMTF4Z,Purchase,Food,83377.17,ARS,238.22,POS,,Tienda Don José,,Argentina,Córdoba,Approved,00,False,25.8,-34.1196831,-58.9287732
TRX-J36GJFZ8H13F91R1UMGI,2026-06-01 17:01:51,2026-06-01,PRD-MBAQ0CCWMX9Z,CLI-WB02FM6ZDP7Z,Purchase,Other,233.7,USD,,Web,,Boutique Moda,Other,México,,Approved,00,False,11.41,,
TRX-ZV6TK406382WRT1PTB41,2026-06-01 21:17:00,2026-06-01,PRD-31E899W013RA,CLI-KCYFXY2U0MIY,Withdrawal,,492.07,USD,,Web,,,,México,Monterrey,Approved,00,False,,,
TRX-ZSHNQMOE00K5SHVBCH0Z,2026-06-01 18:22:44,2026-06-01,PRD-VK5ZS6EVEDF9,CLI-RYPQRQL3W3C9,Transfer,,27353629.56,COP,6838.41,Web,,,,Colombia,Bogotá,Approved,00,False,15.22,,
TRX-DJ7WNGI45TBR50MBUYZA,2026-06-01 13:05:45,2026-06-01,PRD-KNTK3JPSM9XY,CLI-U9RR2I8JP9VY,Withdrawal,,23.95,USD,,POS,,,,México,Monterrey,Approved,00,False,26.53,-0.3695859,-0.4190704
TRX-ELN90HDMU5T08BZ612QS,2026-06-01 22:34:37,2026-06-01,PRD-O10RC4S2MGEH,CLI-63MS9BJC6NGW,Payment,Services,999527.56,COP,249.88,POS,,,,Colombia,Medellín,Approved,00,False,10.04,,
TRX-3OLB8SMFI1BM0M1E22QE,2026-06-02 03:01:44,2026-06-01,PRD-T5N19BCIAP4O,CLI-A7LFSRAAZ8IU,Deposit,,7104159.59,COP,1776.04,ATM,SUC-YH0U3LVW,,,Colombia,Cartagena,Approved,00,False,8.38,,
TRX-KFLNG5WQMAH7SD0VX683,2026-06-01 10:34:20,2026-06-01,PRD-LCFO193RR03R,CLI-5MNIXO2JY9QU,Deposit,,2032.37,USD,,ATM,SUC-YZKP5AYK,,,México,,Approved,00,False,1.21,,
TRX-3J5V43GOMCMIOID39G13,2026-06-01 20:08:01,2026-06-01,PRD-WO4UNO5LSEVI,CLI-9WKOSOWXQKQY,Transfer,,2688729.66,ARS,7682.08,POS,,,,Argentina,Buenos Aires,Approved,00,False,26.69,,
TRX-H4TPV89YCJ5XQ9N8YZPO,2026-06-01 17:41:33,2026-06-01,PRD-9M5PVZDZ4K5V,CLI-DR0O2A8H391L,Transfer,,8608.19,USD,,POS,,,,México,Puebla,Declined,14,False,19.33,,
TRX-FNMDA0AOOPJ00DFVNWQQ,2026-06-01 15:13:31,2026-06-01,PRD-ZWW40D11TLI6,CLI-05HWLFNKF2TE,Transfer,,1986152.77,ARS,5674.72,App,,,,Argentina,Rosario,Approved,00,False,,,
TRX-FRUIVCG6FQ9NRXX6Q5AE,2026-06-02 00:41:24,2026-06-01,PRD-EAJ82JADQ6BR,CLI-WEHDH4SMVPTX,Purchase,Food,2026.67,ARS,5.79,Web,,Restaurante El Buen Sabor,Food,Argentina,La Plata,Approved,00,False,5.07,,
TRX-JP2AMRJNSQT7NIXL72XM,2026-06-01 12:28:52,2026-06-01,PRD-3KBR131R7MTF,CLI-ASZZUO0D981Y,Adjustment,,712.33,USD,,POS,,,,México,Puebla,Approved,00,False,28.84,,
TRX-FEBAF8EC0NN215RHW6CS,2026-06-01 18:10:15,2026-06-01,PRD-2G6TAGB7M8V3,CLI-HE8OATCMDTDE,Withdrawal,,278.03,USD,,Web,,,,México,Puebla,Approved,00,False,,,
TRX-NZ8KRL926WRYEDG5XYP5,2026-06-01 16:07:41,2026-06-01,PRD-2IWAJP8FG8XC,CLI-E0DZ14O44MLK,Deposit,,1258.17,USD,,ATM,SUC-CJYLJUTF,,,México,Querétaro,Approved,00,False,10.66,,
TRX-JXLGNLN8J00XPNKUWY8E,2026-06-02 02:57:41,2026-06-01,PRD-UQRJLX2LZY8G,CLI-FW8PIP1827WS,Payment,Services,222500.73,ARS,635.72,POS,,,,Argentina,Córdoba,Approved,00,False,,,
TRX-HE2B0DNZL1GWCG3IJMKV,2026-06-01 07:12:32,2026-06-01,PRD-Q2WBJNSK7TNK,CLI-QH3R8O8YRZRH,Withdrawal,,83.02,USD,,POS,,,,México,Tijuana,Approved,00,False,27.23,-0.7039789,-0.4225633
TRX-JTR59W7AQ0DAKWXBV7XD,2026-06-01 18:50:52,2026-06-01,PRD-IZMIRPJ2ALHL,CLI-RVCNI10FMFVQ,Purchase,,130.2,USD,,App,,Restaurante El Buen Sabor,Food,México,Puebla,Approved,00,False,7.71,,
TRX-EI7TETQQV7AH4EGZ7G53,2026-06-01 06:02:40,2026-06-01,PRD-MJQBF3UVPA7O,CLI-T2P6LIS63NLH,Purchase,Services,1400860.49,COP,,App,,Internet Plus,Services,Brazil,São Paulo,Approved,00,False,27.99,,
TRX-9BQ2EK65MAUPUIS2WQWU,2026-06-01 14:20:02,2026-06-01,PRD-2RC166FTYC2A,CLI-W62VKWK2R585,Purchase,Transport,253.98,USD,,POS,,Taxi Seguro,Transport,México,Ciudad de México,Approved,00,False,19.13,,
TRX-RHQ4GUPEOOYQQ44RID4B,2026-06-01 22:23:18,2026-06-01,PRD-6IP3UKF0G0UW,CLI-4AOAJX95PHKY,Purchase,Food,704591.5,COP,,ATM,SUC-OFZKCO6O,Mercado Central,Food,Colombia,Cartagena,Approved,00,False,,,
TRX-K26ED1J976R9YVK3B5LU,2026-06-01 20:56:07,2026-06-01,PRD-UUPLXS7EYDWC,CLI-AOPI8VBDUPBU,Deposit,,2687.84,USD,,App,,,,México,Monterrey,Approved,00,False,0.5,,
TRX-XHC47AREGHJ887FHLPW6,2026-06-02 04:52:28,2026-06-01,PRD-QRLV5ASXZC7P,CLI-1NDWFA0HQ2NV,Payment,Health,1279.65,USD,,ATM,SUC-CJYLJUTF,,,México,,Approved,00,False,23.01,,
TRX-UR63XK086ZGWMDAOS8DW,2026-06-01 21:13:12,2026-06-01,PRD-G0RPHY8YGOFO,CLI-8LJLF8689VQ8,Payment,Food,589.5,USD,,ATM,SUC-8P0IDMOM,,,México,Monterrey,Approved,00,False,0.1,,
TRX-1QXIACHHEDHAH5GEXFNY,2026-06-01 23:43:10,2026-06-01,PRD-XD758I6X2A43,CLI-NUMIMZPDS3CX,Payment,Services,1771.89,USD,,ATM,SUC-5FDGLKJX,,,México,Monterrey,Pending,54,False,16.0,,
TRX-YUD8XEUVHGJMR7H2WOLN,2026-06-01 18:14:25,2026-06-01,PRD-TSJJPFMBDD7C,CLI-JX3STT6GWBOD,Purchase,Transport,457.49,USD,,Web,,,Transport,México,Tijuana,Approved,00,False,19.35,,
TRX-0PHLG4CAVIJ10CCTQCI3,2026-06-02 03:34:57,2026-06-01,PRD-V8WPXC5KTOXZ,CLI-J0NW6YS3X4VS,Purchase,Entertainment,187.43,USD,,POS,,Teatro Nacional,Entertainment,México,Ciudad de México,Approved,00,False,2.75,,
TRX-9RVH86Y9KTHQGICO3IJE,2026-06-01 20:24:08,2026-06-01,PRD-7U08FT6DA064,CLI-UZ6LRLXNGI2R,Withdrawal,,121.02,USD,,App,,,,México,Tijuana,Approved,00,False,27.91,,
TRX-GPPEVIVSCN2VBUFQ2CPJ,2026-06-02 01:23:59,2026-06-01,PRD-QUSZF0NNXNPK,CLI-0CRXZA7Q9DHC,Withdrawal,,419.43,USD,,POS,,,,México,Tijuana,Approved,00,False,27.47,0.2903035,-0.9513388
TRX-P9TV584AR0KOIV1TIFPY,2026-06-02 03:44:42,2026-06-01,PRD-T52F78KRFNVE,CLI-LZ95BOZEYJKU,Withdrawal,,21423.4,ARS,61.21,App,,,,Argentina,Buenos Aires,Approved,00,False,5.37,,
TRX-HOBMK38UT8Z9LVCEHXL4,2026-06-01 18:19:13,2026-06-01,PRD-SQE21L5DML3Y,CLI-UJQC07J615VP,Purchase,Food,141908.27,ARS,405.45,POS,,Tienda Don José,Food,Argentina,Mendoza,Approved,00,False,,,
TRX-INA2F1O9JZIN0HADX661,2026-06-02 05:41:35,2026-06-01,PRD-VGKGL4G41MXT,CLI-9KRBVLTL2P88,Deposit,,1325.61,USD,,Web,,,,Colombia,Cali,Approved,00,False,,,
TRX-D5H1AJDRO3TC4ZTV402V,2026-06-01 17:46:42,2026-06-01,PRD-MJUFD3GHPGUN,CLI-KLZDTZHZEFB1,Purchase,Health,75.45,USD,,ATM,SUC-JYU0POJ9,Clínica Médica,Health,México,Querétaro,Approved,00,False,19.78,,
TRX-BXDQR2HKFJ57SWR2PMWR,2026-06-02 02:28:43,2026-06-01,PRD-VLF8UYQ5OQ7B,CLI-NN442FEDO11E,Withdrawal,,145284.82,ARS,415.1,POS,,,,Argentina,Córdoba,Approved,00,False,1.24,,
TRX-2SKC7GYBB928LDVFA4AM,2026-06-01 11:09:24,2026-06-01,PRD-F2OLJ193RJKA,CLI-DZ08OKGZW82P,Transfer,,5036.56,USD,,POS,,,,México,Puebla,Approved,00,False,4.54,,
TRX-HC2OVGEX9VTXBCT2KRQ2,2026-06-01 07:15:47,2026-06-01,PRD-1T15QBLJHNEO,CLI-PMW9EG04MNUG,Purchase,Other,38.75,USD,,POS,,Boutique Moda,Other,México,Puebla,Approved,00,False,19.12,0.6754301,-0.102337
TRX-MG7ECP2RQ5I7O5Y6JUD9,2026-06-02 01:57:54,2026-06-01,PRD-CNDKGRP2IC9A,CLI-KF2HSB84LPYC,Payment,Food,1314.89,USD,,App,,,,México,Monterrey,Declined,54,False,20.06,,
TRX-EF22VAE0JRKRRYXOMEYS,2026-06-01 17:39:25,2026-06-01,PRD-5VUSYCJZ5ILV,CLI-ZK5T8T7FSYNM,Transfer,,6763.39,USD,,POS,,,,México,,Approved,00,False,11.21,,
TRX-7OPWCAWPITZVAEA75E1H,2026-06-01 20:39:55,2026-06-01,PRD-RTIR86BHN7S2,CLI-UYIEHD4PD8U0,Transfer,,5814305.06,COP,1453.58,Web,,,,Colombia,Cartagena,Approved,00,False,15.51,,
TRX-I46FAJPHHNC9N22TDGNM,2026-06-01 19:49:43,2026-06-01,PRD-DTGSPM2DJ39M,CLI-C98LUE2XM6NC,Purchase,Services,188.09,USD,,App,,Internet Plus,Services,México,Puebla,Approved,00,False,18.37,,
TRX-ZEYDE9JBTHHEIXGL10G1,2026-06-01 07:40:16,2026-06-01,PRD-678AHOEEDGW9,CLI-KKT8SRZCGDHW,Withdrawal,,126240.36,ARS,360.69,Web,,,,Argentina,Rosario,Approved,00,False,24.55,,
TRX-9SAZ5GVPYABRELURGAV4,2026-06-01 15:26:51,2026-06-01,PRD-IBQXOJQCP2S4,CLI-KF2EZ724H6LA,Purchase,Services,324.74,USD,,ATM,SUC-XT96PBC0,Empresa Telefónica,Services,México,Puebla,Approved,00,False,21.63,,
TRX-DEH9ENS3XODBTRZU23WZ,2026-06-02 04:31:13,2026-06-01,PRD-VEN4UA5VBZ4D,CLI-7IHA9UDKYNMJ,Adjustment,,310892.27,ARS,888.26,ATM,SUC-5YFUX3Z6,,,Argentina,Córdoba,Approved,00,False,4.01,,
TRX-CTL3TAA6SN44FTPZKVKQ,2026-06-01 15:51:18,2026-06-01,PRD-NLK5NNJ46PIY,CLI-ES6Q1D9QK2NC,Deposit,,3459.6,USD,,ATM,SUC-98QOW3F1,,,México,Ciudad de México,Approved,00,False,18.11,0.2598493,0.3730129
TRX-BHJ1MBVQ879X6G9SW2JD,2026-06-02 01:36:59,2026-06-01,PRD-O0CEVF4NE0MQ,CLI-R3RPJ5IJIXA4,Purchase,Services,294.59,USD,,ATM,SUC-Y15GDF24,Empresa Telefónica,Services,México,Tijuana,Approved,00,False,,,
TRX-NP1AHU235YM0RVHWS8CP,2026-06-01 12:32:50,2026-06-01,PRD-WE8DU0EEZ7NT,CLI-G51KG1O1XVAT,Withdrawal,,421.97,USD,,POS,,,,México,,Approved,00,False,29.24,,
TRX-GF4LDV1FTBHL836C4ARC,2026-06-01 07:40:40,2026-06-01,PRD-5MWACFC0J6OS,CLI-F1I34L9CHVGS,Payment,Entertainment,1728.21,USD,,ATM,SUC-OLTX380V,,,México,Puebla,Approved,00,False,26.48,-0.6409794,-0.96708
TRX-TMYMD0JSOFHBAJ6PG7TW,2026-06-01 22:14:47,2026-06-01,PRD-9GMEKYEYPV5G,CLI-5UNVLVECGFCT,Transfer,,117059.14,ARS,334.45,POS,,,,Argentina,Córdoba,Approved,00,False,6.26,-34.3186568,-57.449625
TRX-260DBKHA0OLRZR4FSQ38,2026-06-01 20:12:32,2026-06-01,PRD-0BSCYJYKJPX6,CLI-JV4PG28B7TMC,Deposit,,19114732.43,COP,4778.68,App,,,,Colombia,Bogotá,Approved,00,False,28.83,,
TRX-39QTDJJE7GHXBAI8M3FT,2026-06-02 01:25:40,2026-06-01,PRD-RZZED3XQ9VNP,CLI-TSXXBOF9FMEK,Withdrawal,,1590871.52,COP,397.72,App,,,,Colombia,Bogotá,Approved,00,False,24.39,,
TRX-3VY9BH9Y82OL089HWB2W,2026-06-02 00:42:31,2026-06-01,PRD-IFPV9TWNRUR5,CLI-LSN5634INMDK,Payment,Food,473.96,USD,,App,,,,México,Guadalajara,Approved,00,False,26.44,,
TRX-YSRK1ZKPTT5COJ6IO5W1,2026-06-02 03:55:26,2026-06-01,PRD-IXA93LG8897K,CLI-RLJTNW0DUXU2,Purchase,Food,111.69,USD,,ATM,SUC-P92DIW6S,Tienda Don José,Food,México,Tijuana,Approved,00,False,7.61,0.0590189,0.6263302
TRX-HOTRSJ4P911YJKOG9INB,2026-06-01 17:59:47,2026-06-01,PRD-CPD2JMHN1MIQ,CLI-XYQYU2HCC9J0,Purchase,Health,152.76,USD,,ATM,SUC-Z7426PZT,Laboratorio Central,Health,México,Monterrey,Approved,00,False,27.91,,
TRX-1WJCFQ7RR23Y0K4OHWSH,2026-06-01 11:04:27,2026-06-01,PRD-TDPV00VHD2QM,CLI-9LTBM7K2M8GA,Withdrawal,,425.92,USD,,App,,,,México,Guadalajara,Approved,00,False,29.63,,
TRX-FXB1253430868C0WUK8K,2026-06-01 17:07:48,2026-06-01,PRD-JLOHGQ48QVOX,CLI-1VVUQ2GNJ31I,Purchase,Services,115.65,USD,,POS,,Internet Plus,Services,México,Ciudad de México,Approved,00,False,7.53,,
TRX-8YT1OHP3088R9VL01BZ8,2026-06-01 15:41:46,2026-06-01,PRD-ZG42Y0XBEMF4,CLI-NOT8AHUN19IN,Purchase,Transport,318.89,USD,,POS,,Estación de Servicio,Transport,México,Tijuana,Approved,00,False,13.91,,
TRX-9YLMKHZLQ47Z1PHLS5C2,2026-06-02 02:50:10,2026-06-01,PRD-2NI1D9EGG2B4,CLI-T3H8F8JEME4U,Purchase,Other,137.42,USD,,POS,,Boutique Moda,Other,México,Ciudad de México,Approved,00,False,24.14,0.1176305,-0.5171006
TRX-1ARXLGU703DN4WJO3E5A,2026-06-01 07:44:40,2026-06-01,PRD-N13INKYX0PMN,CLI-GLVVR1YY3XSL,Payment,Health,1003.94,USD,,POS,,,,México,Puebla,Approved,00,False,14.37,-0.4542363,-0.6885651
TRX-7TPN6YUDOJHWIN5JK8OP,2026-06-01 22:12:52,2026-06-01,PRD-VWKYL36Z0BNC,CLI-DD7DILYJREZ7,Withdrawal,,1629376.86,COP,407.34,Web,,,,Colombia,Cartagena,Pending,05,False,19.37,,
TRX-096RY0V77QTOT56FOP2Q,2026-06-01 14:56:59,2026-06-01,PRD-5J0R1K6EK4MQ,CLI-G65KO9QDX2D7,Adjustment,,896.75,USD,,ATM,SUC-QTWR8S76,,,México,Tijuana,Approved,00,False,,,
TRX-E9S6XKN13M3S69QN1UHY,2026-06-02 04:59:06,2026-06-01,PRD-3PW7DKXL3J8J,CLI-ZDYHTPOW7ZVE,Withdrawal,,714070.04,COP,178.52,App,,,,Colombia,Barranquilla,Approved,00,False,,,
TRX-K5JEV4VOUUDQ4SVYII47,2026-06-02 00:56:33,2026-06-01,PRD-0ZE5DKGZ86UX,CLI-3WROV6ADSDJB,Payment,Food,206.28,USD,,ATM,SUC-1TATGCL8,,,México,Monterrey,Approved,00,False,1.34,,
TRX-8WVLGJZT3UD98UN1UHBD,2026-06-01 12:52:52,2026-06-01,PRD-NJ0M0GACTMHT,CLI-TAJTV74GFYBJ,Transfer,,3336855.22,ARS,9533.87,ATM,SUC-RNIHGBDP,,,Argentina,Córdoba,Approved,00,False,,-33.8750809,-58.2094303
TRX-7LVWNCMNCX9L6HQL9JBC,2026-06-01 09:07:32,2026-06-01,PRD-F9T43U77DBSU,CLI-UZGZQ68MF9DK,Withdrawal,,1989808.6,COP,497.45,Web,,,,Colombia,Cartagena,Approved,00,False,,,
TRX-9SW8426307R4LMCOKEWR,2026-06-02 04:32:04,2026-06-01,PRD-JE1I64VX0UGC,CLI-PIFFY3I5J6T4,Purchase,Transport,372.49,USD,,Branch,SUC-DL6TAAQL,Taxi Seguro,Transport,México,Querétaro,Approved,00,False,18.02,-0.8167106,0.5814297
TRX-PFIYCZWAXGY1DZZ1R5WU,2026-06-01 17:57:07,2026-06-01,PRD-EXEZ2WW01JS8,CLI-VVV6IZNYYIGY,Payment,Other,446451.17,ARS,1275.57,POS,,,,Argentina,Córdoba,Reversed,05,False,,,
TRX-IB2XLGMEOMZCY61956Q9,2026-06-01 15:27:23,2026-06-01,PRD-57J901QYVP8X,CLI-3FICFX358KGH,Adjustment,,577.12,USD,,POS,,,,México,Guadalajara,Approved,00,False,8.88,,
TRX-IL06VZJ605240HY9PBB6,2026-06-01 15:46:50,2026-06-01,PRD-EN45G88DJPEC,CLI-RPQBBI78GB6G,Transfer,,176627.23,ARS,504.65,POS,,,,Argentina,Rosario,Approved,00,False,18.2,,
TRX-0E5Z4Y5E9ACZZF8SMDGQ,2026-06-02 03:01:21,2026-06-01,PRD-Q8SWMNR1ES1T,CLI-GI8OWXQYRGMO,Withdrawal,,90707.88,COP,22.68,Web,,,,Colombia,Barranquilla,Approved,00,False,8.44,,
TRX-5IMZZL209UTWKNWS9T8J,2026-06-01 18:25:06,2026-06-01,PRD-NBQU8EO2ZH3I,CLI-47BQDE276OXT,Payment,Services,2419628.11,COP,604.91,POS,,,,Colombia,Cali,Approved,00,False,6.39,,
TRX-CKAKU4U8WTBYL60NOIHT,2026-06-01 10:54:38,2026-06-01,PRD-NP5TSY8WUJ5W,CLI-9EELCARA3SK2,Purchase,Transport,86888.66,ARS,,POS,,Taxi Seguro,Transport,Argentina,La Plata,Approved,00,False,9.45,,
TRX-98J6YQ60Q0OO3218A0PZ,2026-06-02 01:46:41,2026-06-01,PRD-GD5P5CEU91CZ,CLI-KBOLX598GQ1G,Purchase,Services,100406.28,ARS,286.88,POS,,Cable TV,Services,Argentina,Córdoba,Approved,00,False,14.76,-34.5219839,-59.1909648
TRX-7P1PN4Q7HU4CV8FN1PT9,2026-06-01 10:41:25,2026-06-01,PRD-K5A11F10DJT1,CLI-JF096VA79VL5,Purchase,Services,426.3,USD,,ATM,SUC-YZKP5AYK,Servicios Públicos,Services,México,,Approved,00,False,20.72,-0.143651,0.3284039
TRX-39C7IUD7AXVPEJX6CQXN,2026-06-01 21:23:01,2026-06-01,PRD-MEUT0V4K5TA8,CLI-OQAQEP33GOY7,Payment,Health,1642.28,USD,,ATM,SUC-5FDGLKJX,,,México,Ciudad de México,Approved,00,False,5.73,,
TRX-W3B9R7EOPWO67I2HV62X,2026-06-01 07:18:41,2026-06-01,PRD-M8HVW33IN35W,CLI-B2I98JRVXG5Y,Withdrawal,,40.34,USD,,Web,,,,Argentina,Buenos Aires,Declined,,False,,,
TRX-LYEL1KM2TVSPP42X33JO,2026-06-01 15:19:33,2026-06-01,PRD-EEQQBL1XPEP7,CLI-8VYZ40ESHOSL,Withdrawal,,261.2,USD,,ATM,SUC-I8M9CS2Y,,,México,Ciudad de México,Approved,00,False,5.01,-0.1631061,-0.2410724
TRX-5IM6P6KNIFE67Z1MTCIX,2026-06-02 04:10:55,2026-06-01,PRD-LYS7HP74SSTC,CLI-TAZGVJ7QKHOP,Transfer,,5913.19,USD,,POS,,,,México,Ciudad de México,Approved,00,False,27.69,,
TRX-OIK3T4RJO8IA5HIS30MT,2026-06-01 18:58:32,2026-06-01,PRD-H04T82H5CUKP,CLI-43ZPOGYRYMI4,Purchase,Transport,159058.93,ARS,454.45,POS,,Uber,Transport,Argentina,Rosario,Approved,00,False,,,
TRX-QQDEB4RU8FIK8W3Z8HFF,2026-06-01 23:56:59,2026-06-01,PRD-NUSE08TB0OZW,CLI-7ASD41DK6E5P,Payment,,3187450.27,COP,796.86,POS,,,,Colombia,Cartagena,Approved,00,False,19.63,4.8239528,
TRX-A4PDHYVA16JG2KBETTZS,2026-06-01 16:59:37,2026-06-01,PRD-XJXHAWRP7O7L,CLI-XU21IC74P5S1,Payment,Other,733.01,USD,,App,,,,México,Puebla,Approved,00,False,,,
TRX-W2DU7PNX92O47XCD2NDF,2026-06-01 10:01:27,2026-06-01,PRD-3TAX3EX4YOUQ,CLI-H5PWUQSD15AK,Deposit,,3366.0,USD,,POS,,,,México,Puebla,Approved,00,False,29.48,,
TRX-D12RP7G422FTU1FMW09A,2026-06-01 15:10:20,2026-06-01,PRD-EFUA71MM1NZB,CLI-57OB3CUWO8A1,Deposit,,5442930.53,COP,1360.73,App,,,,Colombia,Cali,Approved,00,False,1.8,,
TRX-3S16F4KQB0SZY0E0KD0P,2026-06-01 15:36:52,2026-06-01,PRD-4CL9SY0TILEX,CLI-L2OPK9XYUZ1C,Payment,Other,1716.08,USD,,POS,,,,México,Querétaro,Approved,,False,27.81,-0.7474477,0.750453
TRX-HEY2530Y2AVZ7QXE3O0W,2026-06-01 06:31:30,2026-06-01,PRD-W0TDFNS73SDJ,CLI-CTY6FA2P6FLH,Purchase,Entertainment,234.0,USD,,ATM,SUC-8YXNMWZ7,Cine Premium,Entertainment,Colombia,Cartagena,Approved,00,False,5.77,,
TRX-X82VNMT8EXJD2SBZAZFD,2026-06-01 23:15:59,2026-06-01,PRD-8MMTALZ7V8OW,CLI-8HMTOV0SZS7A,Purchase,Health,192875.25,COP,48.22,App,,Farmacia Salud,Health,Colombia,Medellín,Approved,00,False,20.37,,
TRX-ISKPEWGROZH30VXTWYKG,2026-06-02 00:49:13,2026-06-01,PRD-4ELD8IPPGSQF,CLI-26V6GK9I972Q,Withdrawal,,34771.66,ARS,99.35,POS,,,,Argentina,Córdoba,Approved,00,False,4.5,-34.7138441,-58.2524584
TRX-5MPWBR5BIGS6REOMEOOL,2026-06-01 18:31:48,2026-06-01,PRD-G9WNX0V4FKK4,CLI-8Y1OLX4UFDPN,Purchase,Other,36466.58,ARS,104.19,POS,,Tienda General,Other,Argentina,La Plata,Approved,00,False,0.6,-34.6475453,-59.1275811
TRX-9B4PQAVRSGK6OMDHUZ6S,2026-06-02 03:45:20,2026-06-01,PRD-0H759O4G4XO6,CLI-070WXM2MVYSH,Purchase,Food,461215.94,COP,115.3,App,,Super Ahorro,Food,Colombia,Bogotá,Approved,00,False,,,
TRX-5BGBQP5W6X5SESV5U2GT,2026-06-02 05:35:26,2026-06-01,PRD-6MQV7WTXC7AR,CLI-DW35HI8BG2BK,Purchase,Food,9000.88,ARS,25.72,POS,,Tienda Don José,Food,Argentina,Buenos Aires,Approved,,False,27.71,-34.0574189,-58.7271835
TRX-M3H9GN6J7U5S7UW5BGC5,2026-06-01 07:29:09,2026-06-01,PRD-U4HN4HQIQ4E2,CLI-1JYJM4HBJ441,Purchase,Food,463.89,USD,,ATM,SUC-YIS5JECV,,Food,México,Puebla,Approved,00,False,21.69,0.7345718,0.8766392
TRX-8YHA8XE39GVZT1AIWSJI,2026-06-01 17:23:45,2026-06-01,PRD-DM4VOQ9A7RLQ,CLI-9PMBDXQ8CVGL,Purchase,Services,440.76,USD,,ATM,SUC-HBYNA6O6,Internet Plus,Services,Argentina,,Approved,00,False,15.49,-33.9627045,-57.5392402
TRX-VH016KWJ76R6R07GI9V3,2026-06-01 14:55:32,2026-06-01,PRD-CHDSK51R17G9,CLI-1Y215VP442GM,Withdrawal,,63.45,USD,,Branch,SUC-1TATGCL8,,,México,Monterrey,Declined,54,False,14.53,,
TRX-IP7JRIACADGW17GBVPR9,2026-06-01 22:46:02,2026-06-01,PRD-JT0IELTIOAV4,CLI-E83XL90JYA3U,Withdrawal,,449.98,USD,,POS,,,,Argentina,Córdoba,Approved,00,False,16.75,,
TRX-4GORHMF7PBJPB9E9EPE3,2026-06-02 02:19:30,2026-06-01,PRD-SBDPAHYJ90FL,CLI-ORQ1MTZTPSSR,Purchase,Other,352.05,USD,,POS,,Ferretería,Other,México,Puebla,Approved,00,False,,,
TRX-X4DZCC8H8TZ6GGVAIOZC,2026-06-01 15:33:26,2026-06-01,PRD-BGGXCHTCUW9Z,CLI-4TDH3X9VF7BI,Transfer,,5234.11,USD,,POS,,,,México,Puebla,Approved,00,False,,0.7945846,-0.7786842
TRX-TGKCJK0XY5DR30K6NSMR,2026-06-01 21:45:18,2026-06-01,PRD-IU8CMGJ3TDB9,CLI-41J9OG0LGMZR,Deposit,,1629.58,USD,,POS,,,,México,Puebla,Approved,00,False,26.39,,
TRX-TGBODGL391MT2KGF7RB9,2026-06-02 04:55:02,2026-06-01,PRD-XYMECUS5NTP3,CLI-JR4GJ7C9GPIZ,Withdrawal,,16576.39,ARS,47.36,ATM,SUC-0MPZUQLJ,,,Argentina,La Plata,Approved,00,False,13.44,,
TRX-NSRF0XNKHY2LZA0ZBP37,2026-06-01 23:09:05,2026-06-01,PRD-RGWJCDM4F3R3,CLI-OFGTW8HOJQS5,Purchase,Transport,399.41,USD,,POS,,Taxi Seguro,Transport,México,Querétaro,Pending,05,False,3.83,,
TRX-9HY7GVZWTY39GEB8SAQ0,2026-06-01 08:52:59,2026-06-01,PRD-K4TXLJVDO1OY,CLI-SUQ5OEM6HQ7Z,Withdrawal,,346.66,USD,,ATM,SUC-8P0IDMOM,,,México,Querétaro,Approved,00,False,6.04,,
TRX-YRT48QHSDXZA5XBE0WGK,2026-06-02 02:55:53,2026-06-01,PRD-K8QHA5R6M5IQ,CLI-WBN9KELMTGKU,Deposit,,241.9,USD,,App,,,,México,Ciudad de México,Approved,00,False,18.57,,
TRX-103GE54EWWKOTC2DRUHK,2026-06-01 21:40:37,2026-06-01,PRD-I6S8IL89448D,CLI-WJD0ZTKHOQLX,Payment,Services,1090.67,USD,,ATM,SUC-KI33JLSV,,,México,Guadalajara,Approved,00,False,9.59,,
TRX-KLJ5K673KYU2YW8IOGKC,2026-06-01 12:38:45,2026-06-01,PRD-HBMW60DMMK1D,CLI-4S00HGEPR6RL,Withdrawal,,245.33,USD,,POS,,,,México,Tijuana,Approved,00,False,22.44,,
TRX-9XPNFNV21H6QPINUY7EY,2026-06-02 02:46:56,2026-06-01,PRD-EQLM7GJ29ZUD,CLI-W9582508EHCR,Transfer,,8633.98,USD,,Web,,,,México,Querétaro,Approved,00,False,3.64,,
TRX-KM0ZUB5DRWUJCGLO254A,2026-06-02 03:47:42,2026-06-01,PRD-1K1GEHSRHWEQ,CLI-TR2Q2J3FMT67,Purchase,Entertainment,53339.01,ARS,152.4,ATM,SUC-8433QXQ4,Conciertos Live,Entertainment,Argentina,La Plata,Approved,00,False,3.14,-34.0265468,-58.1146835
TRX-WGA0CUCEOVVRJ2VYJHFR,2026-06-02 04:51:31,2026-06-01,PRD-HGG6TY4NSRRN,CLI-WBKFZ4OH1R5U,Transfer,,6813.42,USD,,ATM,,,,Brazil,Brasília,Approved,00,False,5.14,,
TRX-LMDAK5AUD27HYARHP0I6,2026-06-01 23:45:52,2026-06-01,PRD-IIQQU0MFLASR,CLI-K7LCX7PWRQDD,Withdrawal,,442.85,USD,,ATM,SUC-PFXHRCSW,,,México,Puebla,Approved,00,False,11.56,,
TRX-8Q8Y3X7OS9GF4PV8O8XS,2026-06-01 19:53:50,2026-06-01,PRD-7EBJ2DPYPC2M,CLI-TRCKJUY190U1,Payment,Food,149302.83,ARS,426.58,Web,,,,Argentina,Córdoba,Declined,14,False,29.61,,
TRX-UFZDOTK0GAZE4SZU9GPB,2026-06-01 18:29:51,2026-06-01,PRD-IJFCBGK57MPY,CLI-XR810A086JOO,Transfer,,9476.63,USD,,POS,,,,México,,Approved,00,False,,,
TRX-6H3Z8KV3Y43IO546FPTU,2026-06-01 12:44:54,2026-06-01,PRD-5P2IEIM1GPNL,CLI-JNUONM7QVF8T,Transfer,,37954780.57,COP,9488.7,POS,,,,USA,New York,Approved,00,False,,,
TRX-K7DBJY7B2ZUMHMOC2ESC,2026-06-01 22:51:26,2026-06-01,PRD-FZXEBHUZDD61,CLI-HBG7IO81TWCT,Withdrawal,,38527.38,ARS,110.08,POS,,,,Argentina,Córdoba,Approved,00,False,8.3,,
TRX-YO6FDPWZX40INGHF1OO1,2026-06-01 20:37:45,2026-06-01,PRD-Y1MH5UMD6MD7,CLI-7EBQNQLJLWW6,Deposit,,1119302.32,ARS,3198.01,ATM,SUC-UUF77WSC,,,Argentina,Mendoza,Approved,00,False,19.89,-33.9720278,-57.7203814
TRX-MQ5Z41DMAHM7HHF9HTTO,2026-06-01 11:23:28,2026-06-01,PRD-AN7GQC5AI7UX,CLI-XYDVTQ65PN38,Purchase,Food,74.83,USD,,ATM,SUC-PJ6NDQ6K,Tienda Don José,Food,México,Querétaro,Approved,00,False,7.7,,
TRX-ZC6H78JTV904MDAQK90G,2026-06-01 18:30:06,2026-06-01,PRD-JB9LN6W7Z8NE,CLI-P12VUKUDCF2K,Payment,Services,325.87,USD,,POS,,,,México,Ciudad de México,Approved,00,False,26.1,-0.2595053,-0.7903306
TRX-E9HYLE05ASGCQ3K9QNT1,2026-06-02 03:19:51,2026-06-01,PRD-WI12UU50XQ7F,CLI-9ECMVAHBN9ZO,Deposit,,3594.8,USD,,ATM,SUC-BDUHNO9T,,,México,Guadalajara,Pending,54,False,,,
TRX-Y9EUUXQ61PN991GJE1A8,2026-06-02 01:27:54,2026-06-01,PRD-N1EDB2EMMLL1,CLI-DHV8K3AX24FC,Withdrawal,,86.3,USD,,Web,,,,México,,Approved,00,False,,,
TRX-89LTWHIUDHIRAMYNAK35,2026-06-01 16:29:30,2026-06-01,PRD-R1XF503LXJOO,CLI-6TMF8O6GKI70,Payment,Food,94942.76,ARS,,Web,,,,Argentina,Córdoba,Approved,00,False,28.34,,
TRX-UJ0CQTE5IIXPORURDM5H,2026-06-01 21:09:58,2026-06-01,PRD-WAA0PWBBHJC0,CLI-8USAF2702I5U,Purchase,Other,908905.22,COP,227.23,POS,,Ferretería,Other,Colombia,Cali,Approved,00,False,13.96,5.5239822,-73.2962471
TRX-5PJL72YRV5PU69S1ZN2V,2026-06-02 03:33:15,2026-06-01,PRD-ER7TNQDETNP3,CLI-2QKFPNOXGO23,Withdrawal,,571468.06,COP,142.87,Web,,,,Colombia,Barranquilla,Approved,00,False,,,
TRX-YQW3ER2GWVB3BCCK2IGY,2026-06-01 18:15:39,2026-06-01,PRD-RS8JBUMADDLE,CLI-F703QIMJX9NG,Purchase,Food,218.74,USD,,App,,Super Ahorro,Food,México,,Approved,00,False,11.74,,
TRX-5WU8LF5XFLEJ03XM8078,2026-06-01 16:48:53,2026-06-01,PRD-T0ZELL9YEN4X,CLI-Y2VG7WAQ7Q8D,Adjustment,,383.75,USD,,ATM,SUC-BDUFJ6GZ,,,México,Ciudad de México,Reversed,05,False,10.0,,
TRX-8K8TYXNU72R0PO4DB081,2026-06-02 02:25:30,2026-06-01,PRD-2MWWGCF1JQCN,CLI-B8I4UK55XTSS,Withdrawal,,426486.23,COP,106.62,POS,,,,Colombia,Bogotá,Approved,,False,12.25,,
TRX-FQCHWATH4YN844HT6ZIS,2026-06-01 11:02:59,2026-06-01,PRD-A4U7EN8U73ON,CLI-5I0RZ4FDP6UB,Transfer,,2458614.98,ARS,7024.61,Branch,SUC-4JYR8GOV,,,Argentina,Buenos Aires,Approved,00,False,5.53,,
TRX-8M2VLBU1TNY8YU0HISS0,2026-06-02 00:15:34,2026-06-01,PRD-AGE2N2RTA1XD,CLI-4GEMGU9OHALI,Payment,Entertainment,2941820.19,COP,735.46,ATM,SUC-JA4P9IIP,,,Colombia,Bogotá,Approved,00,False,13.56,,
TRX-MNNZ44RPBJLD3KWG9QMS,2026-06-01 15:01:58,2026-06-01,PRD-73F1FN7SIT70,CLI-724E8O9WYOB8,Transfer,,1810706.55,ARS,5173.45,POS,,,,Argentina,La Plata,Approved,00,False,,,
TRX-V6GTRMXQWOL25Y57B0JR,2026-06-01 13:14:29,2026-06-01,PRD-8OFRI959E5FR,CLI-74XH6ROV036X,Deposit,,400239.21,ARS,1143.54,POS,,,,Argentina,,Declined,14,False,12.47,-33.8948344,-59.284347
TRX-LQ4R3EE9E8L8VKTHA5Y7,2026-06-01 13:11:09,2026-06-01,PRD-ZKOFWB3S6TKX,CLI-DMNM8IYNCVFE,Payment,Food,1383.46,USD,,POS,,,,Colombia,Barranquilla,Approved,00,False,14.93,,
TRX-QJ72HHEJ35O698E7ZC4O,2026-06-01 15:34:21,2026-06-01,PRD-2M51SMMUFBN7,CLI-EXMX3YIPQ2JQ,Payment,Transport,170.3,USD,,ATM,SUC-1TATGCL8,,,México,Guadalajara,Approved,00,False,15.4,0.2207801,0.1727536
TRX-TKA0UPGQO434LUI59HF7,2026-06-01 23:13:21,2026-06-01,PRD-L7TCQTDCJ33O,CLI-9PBUGG2VGOKJ,Withdrawal,,28.13,USD,,Transfer,,,,Colombia,Bogotá,Declined,05,False,18.85,,
TRX-D558GX2FK8R8BO5JFU95,2026-06-01 12:23:17,2026-06-01,PRD-4C3CCFVDYWDE,CLI-O9Y7M2AXNWUV,Deposit,,4371.87,USD,,Web,,,,México,Querétaro,Approved,00,False,,,
TRX-WR719Q47FWA69ZTB2FVT,2026-06-01 08:46:38,2026-06-01,PRD-GVG020UGBHUI,CLI-RKU1JQ5P17Y0,Deposit,,7500929.15,COP,1875.23,POS,,,,Colombia,Cartagena,Approved,00,False,12.02,,
TRX-JJE2VVGHTTV3G3W4JSFW,2026-06-01 12:23:30,2026-06-01,PRD-1M4QULJ2YPB3,CLI-E28V14B5XJJO,Purchase,Transport,85169.77,ARS,243.34,POS,,Taxi Seguro,Transport,Spain,Valencia,Approved,00,False,16.35,,
TRX-WZAHEKJFC60J9O0KUVXM,2026-06-01 08:47:40,2026-06-01,PRD-BL1S5XZGZ69H,CLI-VXIZ3EEJA24K,Deposit,,1604.09,USD,,App,,,,México,Querétaro,Approved,,False,15.24,,
TRX-6GDEKW9L8N4RT5VXIB3W,2026-06-01 07:01:11,2026-06-01,PRD-U7VK7MK6GRP1,CLI-XYMYKZJJFSF0,Payment,Food,411548.06,COP,102.89,Web,,,,Colombia,Cartagena,Approved,00,False,6.44,,
TRX-4XXDRA5F4NC70FO08UFL,2026-06-01 20:54:34,2026-06-01,PRD-1YJSOAH7PF3T,CLI-P096ESWDANNQ,Withdrawal,,228.6,USD,,ATM,SUC-WSSLNOPN,,,México,Monterrey,Approved,00,False,,,
TRX-XL4TBKJBPMDSX4N52YJP,2026-06-01 22:34:52,2026-06-01,PRD-R3WG0ZFE58ZQ,CLI-MZPXFZ1TNKEQ,Withdrawal,,1071187.28,COP,267.8,POS,,,,Colombia,Bogotá,Approved,00,False,,,
TRX-VMZLIZ6LBPBE7XEMQ67X,2026-06-01 11:04:06,2026-06-01,PRD-JICW45AAR1JE,CLI-U4MFH5Y555SR,Deposit,,4832.95,USD,,App,,,,México,Ciudad de México,Approved,00,False,16.6,,
TRX-QMRSTSMGQ8YI2KB4G20A,2026-06-01 17:09:59,2026-06-01,PRD-14V9JFFHYW8A,CLI-5GOXV71SQW9K,Purchase,Health,1555526.22,COP,388.88,POS,,Clínica Médica,Health,Colombia,Medellín,Approved,,False,23.46,,
TRX-4IQAX1G2PWJW98ZZZCKH,2026-06-01 16:19:26,2026-06-01,PRD-CZH4ARETZPXH,CLI-BODSXPACRF7R,Withdrawal,,348.51,USD,,ATM,SUC-2ATW7QMQ,,,México,Tijuana,Declined,14,False,24.97,,
TRX-XB1S7CO76PU59JY3325T,2026-06-01 21:36:11,2026-06-01,PRD-6KLXGDN9ZRYG,CLI-N79XMU7XVUOS,Transfer,,33641656.09,COP,8410.41,App,,,,Colombia,,Approved,,False,14.98,,
TRX-ZCF8XUYMSDHKWJ1OVQJG,2026-06-01 20:20:11,2026-06-01,PRD-BTGKIC1YGA0A,CLI-X17CZFB91E6W,Withdrawal,,732402.25,COP,183.1,ATM,SUC-RNGAMG7V,,,Colombia,,Approved,00,False,15.44,,
TRX-NMP1QFY3P6YVT7XC2AGB,2026-06-01 10:01:39,2026-06-01,PRD-M2Y088TB5IHE,CLI-94WW74ZU3IGL,Payment,,513422.04,ARS,1466.92,POS,,,,Argentina,Buenos Aires,Approved,00,False,28.1,-35.3615626,-58.955243
TRX-E5E8H982D258CTXQSDVJ,2026-06-01 16:22:16,2026-06-01,PRD-QGT3BQ7AQFGP,CLI-ZADPMR5WGRRT,Purchase,Transport,1305975.4,COP,326.49,POS,,Uber,Transport,Colombia,Cartagena,Approved,00,False,12.36,,
TRX-A1FYX9H9RWZFTHYVUAFH,2026-06-01 08:05:24,2026-06-01,PRD-GGAEMCTMA1C2,CLI-NQ9AAQ2KY9DG,Withdrawal,,20498.32,ARS,58.57,POS,,,,Argentina,La Plata,Declined,54,False,15.77,,
TRX-GFM433OHY4QOWYGWUX65,2026-06-01 16:42:01,2026-06-01,PRD-SC0LG7B5BHZR,CLI-0STVNMZG5462,Deposit,,2425.51,USD,,Branch,SUC-GPHM9NB1,,,Colombia,Barranquilla,Approved,00,False,21.26,,
TRX-ROWCR52T537BFG89YJ73,2026-06-01 07:26:25,2026-06-01,PRD-1FDMU2942QBD,CLI-PT6H16T3PIRV,Purchase,Other,269.51,USD,,ATM,SUC-JQ7BZNFI,Boutique Moda,Other,México,Guadalajara,Approved,00,False,,,
TRX-VFQRVDCWELZL07JHJ1C0,2026-06-01 21:48:53,2026-06-01,PRD-PG5TW3GRXGKI,CLI-MHVQK09KD0MU,Purchase,Health,226.08,USD,,POS,,Clínica Médica,Health,México,Tijuana,Approved,00,False,8.15,,
TRX-0FJNWTOQTFWK5Q58K36X,2026-06-01 11:32:37,2026-06-01,PRD-OTY3LKNKS2XY,CLI-YHP5CWYNIPTG,Withdrawal,,276.59,USD,,POS,,,,Argentina,Mendoza,Approved,00,False,16.88,,
TRX-PJGQZJ0GC74CWL5JJKVC,2026-06-01 14:02:58,2026-06-01,PRD-PU2C0P74E286,CLI-MZWBX2IG1K3I,Transfer,,30015609.18,COP,7503.9,POS,,,,Colombia,Cartagena,Approved,,False,22.52,,
TRX-0A2Y1T1UPYRD0QI5C4BB,2026-06-01 06:10:00,2026-06-01,PRD-4WHOQWY6I6G6,CLI-PY9PH24JFF6C,Deposit,,1548449.53,ARS,4424.14,POS,,,,Argentina,La Plata,Approved,00,False,,,
TRX-YMKFNMZWBY8680M7PH73,2026-06-01 19:37:56,2026-06-01,PRD-C5G0DCDAGGYD,CLI-6M6HGTGTZ49A,Deposit,,13364002.22,COP,3341.0,Web,,,,Colombia,Cartagena,Approved,00,False,18.13,,
TRX-4RLAZGRHB4O976SX9MBG,2026-06-01 06:01:27,2026-06-01,PRD-OEV2Y3SC70ZE,CLI-4PX6TC3O6YUW,Withdrawal,,180.95,USD,,POS,,,,México,Tijuana,Approved,00,False,14.39,0.060344,0.5502484
TRX-Q8HWEQOKAXN9DYC1QZ25,2026-06-02 01:09:22,2026-06-01,PRD-UHMRV7BPSJT2,CLI-P5ZDNWO42LTY,Transfer,,6139.78,USD,,POS,,,,USA,New York,Approved,00,False,26.22,,
TRX-LIAGDN2TDAH65BP3RA0E,2026-06-01 19:09:15,2026-06-01,PRD-APV9X1Q7BHC5,CLI-YVLA436T4VBF,Payment,Food,4759951.61,COP,1189.99,ATM,SUC-YH0U3LVW,,,Colombia,Cali,Approved,00,False,,,
TRX-4L6Z9BTG2AJFZ1359NFX,2026-06-01 16:05:02,2026-06-01,PRD-Y8RZVQ6S97JO,CLI-33WMLQTW2Z4M,Purchase,Health,298755.26,COP,74.69,ATM,SUC-H2ROE7C8,Laboratorio Central,Health,Spain,Sevilla,Approved,00,False,,4.3149813,-74.465286
TRX-RVVL7YL623OW7N8RWNK0,2026-06-01 21:36:21,2026-06-01,PRD-LC1S1L3DI67E,CLI-6SJSTS3QZ9U0,Transfer,,4734.99,USD,,POS,,,,México,Ciudad de México,Approved,00,False,14.16,0.6890597,0.3100538
TRX-4W9I8PMUKYD0JP9KZIXH,2026-06-01 06:51:39,2026-06-01,PRD-ZFBM04GBO040,CLI-T4YS4C0O1TFL,Withdrawal,,134299.89,ARS,383.71,ATM,SUC-UUF77WSC,,,Argentina,Rosario,Approved,00,False,14.08,,
TRX-4Y949SMXOU4KN7QRRN95,2026-06-01 17:17:38,2026-06-01,PRD-WZ59B9LUT9ZW,CLI-QI31F4P5K3EN,Withdrawal,,75822.46,ARS,216.64,POS,,,,Argentina,Mendoza,Approved,00,False,,,
TRX-ZC88AT43Z90JF3TETHZV,2026-06-01 23:30:45,2026-06-01,PRD-UXAPG7CLFQZ6,CLI-CZAXS8L9PVPQ,Transfer,,8792.49,USD,,ATM,SUC-OW1SAD5J,,,México,Tijuana,Approved,00,False,15.46,,
TRX-M0WUSFEVK95D5M43ZXD6,2026-06-01 08:30:45,2026-06-01,PRD-QRXQUVOLQAH3,CLI-WNDAH7TNXXPK,Transfer,,7128.03,USD,,POS,,,,México,Puebla,Approved,00,False,13.47,0.1939903,-0.5655592
TRX-9HNPBCVNX2TTPE4GU0IC,2026-06-01 22:14:18,2026-06-01,PRD-JVW0VQNN99WL,CLI-21ENZKFNZJTR,Purchase,,395.92,USD,,Web,,Mercado Central,Food,México,Tijuana,Approved,00,False,10.98,,
TRX-SQ42EPNGYHX9AD0ZMIXW,2026-06-01 09:53:28,2026-06-01,PRD-BP6XPILD5YGJ,CLI-ROAJEF43EQHS,Adjustment,,532.16,USD,,ATM,SUC-XEEDD28B,,,México,Ciudad de México,Approved,00,False,2.22,,
TRX-XPBG2152KM9RWAF9NQYV,2026-06-01 16:10:00,2026-06-01,PRD-U2USRSU8PXUB,CLI-9QSFQJNX9HB9,Transfer,,6128.8,USD,,POS,,,,México,Monterrey,Approved,00,False,15.72,,
TRX-5032PD4WL5QJ9COYLPR5,2026-06-01 23:56:25,2026-06-01,PRD-TYFETF3XHTD0,CLI-BYT2JG1A5JSY,Purchase,Health,260.34,USD,,ATM,SUC-FGQWMFNS,Laboratorio Central,Health,México,Guadalajara,Approved,00,False,26.5,-0.2099586,-0.0872648
TRX-LRNSJH0HQW4UZZEXQ3JK,2026-06-02 04:03:55,2026-06-01,PRD-LYAOHJGBPJVF,CLI-5GTLI4WQC6DX,Withdrawal,,314.37,USD,,App,,,,México,Monterrey,Approved,00,False,18.38,,
TRX-R9GS3BJYEPEEKHU5MREV,2026-06-01 23:38:11,2026-06-01,PRD-XFO2C73FIQAW,CLI-4NUYFG9NG6M3,Transfer,,13607684.37,COP,3401.92,Web,,,,Colombia,Cali,Approved,00,False,19.44,,
TRX-B5VTS612DAFJULF3PMUJ,2026-06-01 11:24:16,2026-06-01,PRD-0580YA3VOXGG,CLI-YBGYR4ZHINCE,Transfer,,20062037.64,COP,5015.51,POS,,,,Colombia,Cartagena,Approved,00,False,6.61,,
TRX-M62PJNWCQ83Y40UWPHW9,2026-06-02 05:00:12,2026-06-01,PRD-6BY80T3I7ILF,CLI-BHWW804BN4PT,Purchase,,58.17,USD,,App,,Cine Premium,Entertainment,México,,Approved,00,False,,,
TRX-7CC9JOMIOVC0UX3F5ODH,2026-06-01 22:05:00,2026-06-01,PRD-I3W9MBTC9SH4,CLI-M18N3C6IMSOG,Deposit,,815952.77,ARS,2331.29,ATM,SUC-3JIR51SL,,,Argentina,,Approved,00,False,4.4,,
TRX-73GY6Q18OFJQ2F3OIEEE,2026-06-01 10:11:14,2026-06-01,PRD-FDK6M07MX3AA,CLI-8W2BDZ8PZ9IZ,Purchase,Transport,550076.07,COP,137.52,ATM,,Gasolinera Express,Transport,Colombia,Cali,Approved,00,False,19.81,,
TRX-ALEJFMADDP2V229HJFOI,2026-06-02 00:54:02,2026-06-01,PRD-GUVO4ZW10GC6,CLI-VN2LVWJ314I0,Transfer,,3180.97,USD,,POS,,,,México,Puebla,Declined,51,False,25.59,,
TRX-JGSL42SZQB0STGKKEOG8,2026-06-02 00:37:38,2026-06-01,PRD-U6FPY9KLDYAA,CLI-QZSEEY08GRX6,Purchase,Other,337.87,USD,,ATM,,Boutique Moda,Other,Colombia,Barranquilla,Approved,00,False,,,
TRX-H4E0XXHX51RI8QY02K26,2026-06-01 19:10:39,2026-06-01,PRD-USOX70BO9HK3,CLI-6P22AZ9PMQHD,Withdrawal,,335.61,USD,,App,,,,México,Ciudad de México,Approved,,False,27.22,,
TRX-RPFGJDJFFNSU89J9HZ79,2026-06-01 14:38:41,2026-06-01,PRD-BGAA7RY60Z6O,CLI-UFRC11U0YAE5,Transfer,,3939.87,USD,,ATM,SUC-22RCTEVV,,,Colombia,Bogotá,Approved,00,False,8.19,5.0916946,-74.3035142
TRX-37V8YTWGE0FQ0CAC6X5R,2026-06-01 18:46:01,2026-06-01,PRD-9V648VGSN8VE,CLI-86CVGR8UBC2Y,Transfer,,4868.42,USD,,ATM,SUC-AXDYB0RQ,,,México,Guadalajara,Approved,,False,24.88,,
TRX-QJE2JE9SRIPQ1CGMRN3R,2026-06-02 03:38:13,2026-06-01,PRD-ITHOUHK0MTEB,CLI-QJ51BIZYDU5C,Adjustment,,416.34,USD,,ATM,SUC-WSSLNOPN,,,México,Ciudad de México,Approved,00,False,,,
TRX-17J5NQ3IJF3XSGKK5HCK,2026-06-01 23:18:47,2026-06-01,PRD-SNG4B6LU60AR,CLI-6EX9YOUFX6FF,Withdrawal,,198.66,USD,,ATM,SUC-KUOJDQSO,,,México,,Approved,00,False,17.02,,
TRX-CRKDRXAYKGW0ABQY0WB8,2026-06-01 11:05:32,2026-06-01,PRD-Y03CVNDS4RM4,CLI-QZG4GIFSR47H,Payment,Transport,441915.76,ARS,1262.62,POS,,,,Argentina,Mendoza,Declined,54,False,20.74,,
TRX-20KZL2MHYGM79DNCWLQW,2026-06-01 19:50:05,2026-06-01,PRD-Q048JSORTFUI,CLI-ULN4RYNN2E5U,Withdrawal,,184.85,USD,,ATM,SUC-HBYNA6O6,,,Argentina,La Plata,Approved,00,False,1.68,-35.2328109,-58.4336354
TRX-5BBHVPT2EAA8OHKS6RAN,2026-06-01 06:33:23,2026-06-01,PRD-LY6RXPES8Q39,CLI-AQF7KHX4FRL6,Withdrawal,,290.62,USD,,POS,,,,Colombia,Bogotá,Approved,00,False,,,
TRX-SKXOUZH6IJWMIRWQO5RL,2026-06-01 10:55:27,2026-06-01,PRD-WXITB1MKEGHG,CLI-IHK56EGG9PX6,Withdrawal,,49.8,USD,,POS,,,,USA,Miami,Approved,00,False,28.19,,
TRX-QHWVLO1RSERY1EG57S4W,2026-06-01 19:28:21,2026-06-01,PRD-NSMDT9FHC72N,CLI-3LAP1KRNR8UR,Withdrawal,,11336.31,ARS,32.39,ATM,SUC-4JYR8GOV,,,Argentina,La Plata,Approved,00,False,13.87,,
TRX-YH23ALGEM3KXG6W8VSYB,2026-06-02 03:18:10,2026-06-01,PRD-YOWYRX17K77B,CLI-V1ED0SR1FJVE,Deposit,,4687.74,USD,,POS,,,,México,Monterrey,Approved,00,False,,0.0461246,-0.0431295
TRX-UKX2CYRDB1ICYQ4C9FUW,2026-06-01 12:02:38,2026-06-01,PRD-WL4C010R6OZB,CLI-TAPAQDJVM155,Payment,Entertainment,236.79,USD,,Web,,,,México,Guadalajara,Approved,,False,27.89,,
TRX-KOYY3UCZXAEQYZCY4OJS,2026-06-01 21:40:46,2026-06-01,PRD-CY4U1RCUSNBV,CLI-BE3CNOMMOEEO,Payment,Services,158712.91,ARS,453.47,ATM,SUC-5YFUX3Z6,,,Argentina,Rosario,Approved,00,False,19.29,,
TRX-86WS9ZIVL9R4KMRGUOSI,2026-06-01 12:30:21,2026-06-01,PRD-85WF90CUE3EY,CLI-PA151PZOOZQK,Deposit,,1585843.11,ARS,4530.98,ATM,SUC-SN21TOOC,,,Argentina,Córdoba,Approved,00,False,19.56,-33.6269131,-57.9034961
TRX-KOP40D8K8GMWXAHA8BYB,2026-06-01 15:53:38,2026-06-01,PRD-X2IPV1FR3I0J,CLI-XZ5BXHPRE4NO,Deposit,,1869.29,USD,,POS,,,,México,Monterrey,Approved,00,False,29.91,,
TRX-UIGH933HLPYTVK3SDKKX,2026-06-01 07:16:42,2026-06-01,PRD-XM48SU0RTA12,CLI-MDLHRGUKKZCE,Payment,Health,379119.6,ARS,1083.2,Web,,,,Argentina,,Approved,00,False,8.33,,
TRX-4S8X0XSXNM2AN0S5J2SP,2026-06-01 11:30:15,2026-06-01,PRD-W3QFFCIM9SGT,CLI-H4IYSGMB05OS,Purchase,Transport,160225.15,ARS,457.79,ATM,SUC-NRVN9ND4,Taxi Seguro,Transport,Argentina,Buenos Aires,Approved,00,False,7.46,-34.0399929,-58.427664
TRX-V6IVBOQR3Y91LQ31RUBI,2026-06-02 04:24:09,2026-06-01,PRD-GSCVHFA4767P,CLI-2KUN3RP9QNR9,Purchase,Services,281.73,USD,,POS,,Internet Plus,Services,México,Querétaro,Approved,00,False,24.36,,
TRX-F8KOH1VJQXQFUQN5I5L3,2026-06-01 21:01:19,2026-06-01,PRD-AM5J1K63VJWT,CLI-PRKSFVCYG39S,Payment,Health,280.2,USD,,Web,,,,México,Guadalajara,Approved,00,False,,,
TRX-WEBNXRABME5TB85S9UQO,2026-06-02 04:12:50,2026-06-01,PRD-F3UBV8NCSCGA,CLI-UYLVRV8F7JQ8,Purchase,Food,1115953.22,COP,278.99,ATM,SUC-4B1UVBW3,Tienda Don José,Food,Colombia,Cartagena,Declined,54,False,3.26,4.3391277,-74.4299644
TRX-KS6K0FU96GNUNUGSDDQ0,2026-06-01 18:35:34,2026-06-01,PRD-EG0XPJZ7CWE7,CLI-BNL7134XOXSS,Deposit,,1746319.09,ARS,4989.48,App,,,,Argentina,Rosario,Approved,00,False,,,
TRX-NDT0FDARUEYW56BGEWBX,2026-06-01 19:33:44,2026-06-01,PRD-MCSDZBMGUU3K,CLI-V37CCLV9IPSS,Transfer,,8234.89,USD,,POS,,,,México,,Approved,00,False,22.47,,0.1548969
TRX-L4V2VALO88MCI5D2YQBP,2026-06-01 20:04:57,2026-06-01,PRD-VIJOU04VBJ4O,CLI-V4LP0BNM3WRQ,Payment,Services,1011341.36,COP,252.84,POS,,,,Colombia,Medellín,Approved,00,False,23.22,,
TRX-JNVYXQKO03VW9DATZ7JT,2026-06-01 11:04:50,2026-06-01,PRD-CMNL5OZ7WTV6,CLI-T1PMK45LO8EK,Payment,,1647.04,USD,,POS,,,,México,Guadalajara,Approved,00,False,,,
TRX-84558SUZLYIT63IHBW6Y,2026-06-02 05:57:01,2026-06-01,PRD-3VQMAHTFRWE8,CLI-YDTTLZUVZL0W,Deposit,,14325006.93,COP,3581.25,Web,,,,Colombia,Barranquilla,Approved,00,False,18.15,,
TRX-48OJ87JNJFU74SLLXT61,2026-06-02 00:07:32,2026-06-01,PRD-EGRFTJDQGXFK,CLI-SO6WHJRMJT5R,Withdrawal,,728235.11,COP,182.06,Web,,,,Colombia,Bogotá,Approved,00,False,12.18,,
TRX-AQPAIFMND2YAJKMI6CNP,2026-06-01 12:21:14,2026-06-01,PRD-JYVQR39F5U0R,CLI-0UAFKULMGFWU,Withdrawal,,142.98,USD,,App,,,,México,Puebla,Approved,00,False,9.12,,
TRX-KEO3YJ5WFDKB5BSCJM83,2026-06-01 11:42:06,2026-06-01,PRD-P9XHB6ZOAGNJ,CLI-Q8MQ2YRPSTO8,Withdrawal,,854694.1,COP,213.67,ATM,SUC-VZIGM714,,,Colombia,Bogotá,Approved,00,False,6.26,,
TRX-7UKXO1XPKVPZ1GX0QTC8,2026-06-01 09:00:53,2026-06-01,PRD-CYBI1ZIRXH3I,CLI-28NB4OPXMKDJ,Payment,Health,270963.46,ARS,774.18,App,,,,Argentina,Buenos Aires,Approved,00,False,19.52,,
TRX-WB7IEEYSZ7TC7EAV3UGG,2026-06-01 07:34:12,2026-06-01,PRD-0OFH84LLOH5R,CLI-KQ0ZX9FF9W3O,Deposit,,484491.76,COP,121.12,ATM,SUC-4BEKYT6U,,,Colombia,Medellín,Approved,00,False,10.02,,
TRX-BL02ISUU4AQI2ION66EZ,2026-06-02 04:56:08,2026-06-01,PRD-XOFSO101U3F6,CLI-LJ5ZMQPDB6B0,Purchase,Entertainment,190.28,USD,,ATM,,Cine Premium,Entertainment,Argentina,Mendoza,Approved,00,False,,,
TRX-DT7HHVEAW983BWOJJM8X,2026-06-01 23:06:30,2026-06-01,PRD-GNOE5A2TNIK9,CLI-LZ9JOFPK62ZN,Transfer,,7829.42,USD,,POS,,,,USA,New York,Approved,00,False,19.56,-0.2655941,
TRX-BC6SX83P35M6604ZOMFC,2026-06-01 11:48:43,2026-06-01,PRD-5N93QJEORZHS,CLI-3ZN77JUHT9B9,Deposit,,5120718.92,COP,1280.18,Web,,,,Colombia,Barranquilla,Approved,00,False,3.16,,
TRX-W7AX7F77AWJ0EVU6C2SO,2026-06-01 06:07:13,2026-06-01,PRD-QK4LIUX805W0,CLI-T0UV0SNOPJ3T,Purchase,Transport,175.83,USD,,ATM,SUC-74OJEV5Z,Taxi Seguro,Transport,México,Puebla,Approved,,False,,,
TRX-YMXKRSZG258661AMV0JX,2026-06-01 11:49:24,2026-06-01,PRD-LFXFIECAK1JU,CLI-MDSRQA65RDU8,Withdrawal,,380.6,USD,,POS,,,,Mexico,Monterrey,Approved,00,False,25.98,0.2629938,-0.7104851
TRX-09GCSU68K8CEKO9URE6T,2026-06-01 15:50:49,2026-06-01,PRD-YDBLI6YWQGXQ,CLI-ARTDEH2RFDRH,Transfer,,12997061.45,COP,3249.27,POS,,,,Colombia,Cali,Approved,00,False,20.32,4.0929211,-73.8842411
TRX-SRTJ3VYA3L69IDF8P7JR,2026-06-01 14:04:52,2026-06-01,PRD-AXMJILQ3G51W,CLI-GYIV5HBRSO81,Purchase,Services,1189976.72,COP,297.49,Web,,Empresa Telefónica,Services,Colombia,Cali,Approved,00,False,4.38,,
TRX-51045TKTEY2V6HB99P3Z,2026-06-01 16:33:59,2026-06-01,PRD-GQNJIJO8VYPU,CLI-TDON9K1ZOWLQ,Payment,Health,1056.87,USD,,ATM,SUC-Y18NE8GS,,,México,Querétaro,Approved,00,False,2.45,,
TRX-S3KIQV9TX4HII2C6KLA6,2026-06-01 06:20:16,2026-06-01,PRD-AJ7D2FCX1H63,CLI-MOHT3MJO1Y4J,Purchase,Transport,94.41,USD,,POS,,Taxi Seguro,Transport,México,Puebla,Approved,00,False,,,
TRX-A1JRYX1R1YZMHHRCYAOD,2026-06-01 17:45:23,2026-06-01,PRD-KKS9K8JT5C6F,CLI-X0IELEG9HTFN,Purchase,Other,158435.3,ARS,452.67,App,,Boutique Moda,Other,Argentina,,Approved,00,False,,,
TRX-NVUBUY63ZN2YPTUFWW8F,2026-06-01 09:05:16,2026-06-01,PRD-VPVWCHP02S9R,CLI-L5W9RNLBS205,Purchase,Health,126.19,USD,,POS,,Óptica Visión,Health,Argentina,,Approved,00,False,27.62,,
TRX-OB4Q2O2L508340T2H2KV,2026-06-01 22:26:39,2026-06-01,PRD-A62N14F6GC1X,CLI-TZNU0L3T9K4E,Deposit,,2484.68,USD,,App,,,,México,Monterrey,Approved,00,False,17.23,,
TRX-G3C8X10D5V5D45M1BTM2,2026-06-01 18:29:40,2026-06-01,PRD-AD7TU9BF48BP,CLI-MYQL4YEANCOM,Payment,Food,4310437.7,COP,1077.61,POS,,,,Colombia,Bogotá,Approved,00,False,28.68,4.8649145,-74.0948136
TRX-M83R0U06PN7094W8KRDF,2026-06-01 16:41:00,2026-06-01,PRD-Z3UYNQXUQ25Y,CLI-Q6MLVG3V99UR,Payment,Health,5632664.72,COP,1408.17,App,,,,Colombia,Cartagena,Approved,00,False,8.16,,
TRX-3XKR1EB7EIWQ1DPIO3Z7,2026-06-01 09:16:35,2026-06-01,PRD-MZNLJDNKX3JQ,CLI-CVW4ZJQSSE1E,Payment,Services,875.85,USD,,POS,,,,México,Querétaro,Approved,00,False,11.42,,
TRX-JYJ8596VKVR3YSFX0OU3,2026-06-01 12:28:06,2026-06-01,PRD-9ASYWIZ7HJTN,CLI-LJNWITUMR5SK,Transfer,,411993.0,ARS,1177.12,POS,,,,Argentina,Córdoba,Approved,00,False,,,
TRX-Y7N14DEMDOZ84PU4281I,2026-06-01 22:18:09,2026-06-01,PRD-O3LPOAB19WFT,CLI-3KH2VNUY0HIJ,Purchase,Entertainment,45431.77,ARS,129.81,ATM,SUC-UE04XBQH,Conciertos Live,Entertainment,Argentina,La Plata,Pending,14,False,0.84,,
TRX-M3VT15VYSNDZ942CHS4Z,2026-06-01 21:48:19,2026-06-01,PRD-H3P1G7U3ZX4Z,CLI-AB2JU2FNPH3D,Withdrawal,,424.76,USD,,POS,,,,México,Monterrey,Approved,00,False,6.23,-0.9818846,0.1110911
TRX-ZE9SJ2G326A18TUHRNOL,2026-06-02 00:38:30,2026-06-01,PRD-929GO488DNJ1,CLI-UBH37QXNGZOW,Payment,Food,1640.37,USD,,Web,,,,México,Tijuana,Approved,00,False,5.4,,
TRX-JWDJBQSWLUV6N5TO91SX,2026-06-01 13:43:24,2026-06-01,PRD-HK9GJPBKUH6U,CLI-MW9FZW3Z3Z12,Purchase,Services,77559.05,ARS,221.6,POS,,Servicios Públicos,Services,Argentina,Buenos Aires,Approved,,False,15.45,,
TRX-CB4H9EXMBPG994WSOFDJ,2026-06-01 22:47:58,2026-06-01,PRD-KY6BBJGLISI1,CLI-8P14XXW2C3SS,Transfer,,3361.05,USD,,POS,,,,México,Monterrey,Approved,,False,21.23,,
TRX-8QT39CX390WJJAKDDX1D,2026-06-01 10:01:11,2026-06-01,PRD-M9VC7K69YJKA,CLI-PME02BZHZBCO,Purchase,Transport,1601847.62,COP,400.46,POS,,Taxi Seguro,Transport,Colombia,Cartagena,Approved,00,False,24.47,4.2164056,-73.4881467
TRX-L381ZFJVJL0RJ1SC5AFT,2026-06-01 09:00:55,2026-06-01,PRD-3WOJ37G1I2P8,CLI-XMVH3CXFK0AJ,Payment,Services,105464.82,ARS,301.33,Web,,,,Argentina,La Plata,Approved,00,False,7.3,,
TRX-PY3JQAO4CZ3Z42HEWC9U,2026-06-01 22:01:16,2026-06-01,PRD-FCY8OLGIPHVX,CLI-E6UHXPQDKA8V,Transfer,,395715.59,ARS,1130.62,POS,,,,Argentina,Rosario,Approved,,False,9.39,,
TRX-IBQS97AZ1OUWLVTM5N3V,2026-06-02 03:42:36,2026-06-01,PRD-U4T2ZXL7ZTUD,CLI-ORC38IYXGNMH,Withdrawal,,436197.06,COP,109.05,POS,,,,Colombia,Barranquilla,Approved,00,False,17.21,,
TRX-QZVGVIYRWKRYFI604VC0,2026-06-01 10:44:48,2026-06-01,PRD-MGETS7IMWMGE,CLI-E2PQ9QMPFVV7,Deposit,,4729.95,USD,,POS,,,,México,Querétaro,Approved,00,False,19.23,,
TRX-6B80BCO72DEDW0RUZDD8,2026-06-01 14:53:43,2026-06-01,PRD-VE0OPPX77N3C,CLI-KA0DYHDQ534D,Purchase,Entertainment,369.96,USD,,ATM,SUC-YJSI0V1D,Streaming Music,Entertainment,México,Ciudad de México,Approved,00,False,,,
TRX-LBIZV8W8XHVJB7JUA8ZR,2026-06-01 07:35:07,2026-06-01,PRD-AONA3N61MAXT,CLI-TNHYVXJ17SBT,Purchase,Transport,106.72,USD,,POS,,Taxi Seguro,Transport,México,Puebla,Approved,00,False,2.43,,
TRX-YYDB38OZJQ9N6HYS85OA,2026-06-02 02:49:39,2026-06-01,PRD-JH2F7O76V8MR,CLI-KD5RDOS8PH97,Deposit,,2088.33,USD,,Web,,,,México,Puebla,Approved,00,False,4.99,,
TRX-7XFEW7IRUIATJ4IT21V7,2026-06-01 13:09:24,2026-06-01,PRD-G6CAL4WPM7FJ,CLI-UJL15FQGAWVD,Withdrawal,,1537943.62,COP,384.49,POS,,,,Colombia,Barranquilla,Approved,00,False,26.94,4.8538067,-73.3088695
TRX-YCH2NRSKZVCVPMQRTTI1,2026-06-01 21:09:27,2026-06-01,PRD-B7304ZSDJYU5,CLI-RSSWGA3N3D0O,Withdrawal,,1678143.28,COP,,POS,,,,Colombia,Bogotá,Reversed,05,False,25.59,4.3129076,-74.0815444
TRX-5JQANDL2CQT4BGAA9HFE,2026-06-01 17:59:22,2026-06-01,PRD-LRRTI5BCY83C,CLI-QO1ZZDF74H3S,Purchase,Services,311.55,USD,,POS,,Servicios Públicos,Services,México,Tijuana,Approved,00,False,7.59,,0.8312161
TRX-S4LREJH1WF8ZVW82AXM3,2026-06-01 10:24:52,2026-06-01,PRD-18YJC8L0XVXK,CLI-7T0PUO6TXXD7,Payment,Food,1014.4,USD,,POS,,,,México,Monterrey,Approved,00,False,26.89,,
TRX-26GYDMRYYHRZRCQ3IDEI,2026-06-01 22:39:59,2026-06-01,PRD-WEC9OCIYQJQY,CLI-MAZS0E0XFZQO,Withdrawal,,1753861.75,COP,438.47,ATM,SUC-KY2QIURA,,,Colombia,Cartagena,Approved,00,False,15.31,,
TRX-UF17EK24CHIOPPL1UQ1N,2026-06-01 10:14:20,2026-06-01,PRD-8HK2AWRUEOZM,CLI-CTACHEZOMU96,Transfer,,7266.03,USD,,POS,,,,México,Querétaro,Approved,00,False,,,
TRX-7V3GQA5GUYCOK2MSTJJO,2026-06-01 16:19:07,2026-06-01,PRD-HFBZHGQL1YB2,CLI-VHZ2DETM0SYL,Deposit,,900.53,USD,,POS,,,,México,Querétaro,Approved,00,False,10.33,,
TRX-OP79ST1KOKN4SCAWRJHD,2026-06-01 22:58:35,2026-06-01,PRD-0NSH2ZMQ7LIY,CLI-0P4BPN2KCX6D,Deposit,,693044.31,ARS,,POS,,,,Argentina,,Approved,00,False,22.8,-33.7777791,-57.6418678
TRX-W3M1YR4QOZW8PSND6GFY,2026-06-01 15:33:32,2026-06-01,PRD-KF3TQ8KWARBK,CLI-4Q8UC6K613O6,Withdrawal,,433.88,USD,,ATM,SUC-OZH64PX1,,,México,Guadalajara,Approved,00,False,17.3,,
TRX-TYB5TAFKCGJ0VFVBZ313,2026-06-01 09:49:04,2026-06-01,PRD-I1JZUBTVQD4S,CLI-Y0CPZYELW7NU,Transfer,,3022956.16,COP,755.74,ATM,SUC-M96GKW7T,,,Colombia,Cali,Approved,00,False,28.08,,
TRX-XKGYW9YL21NL0GT9DAZ3,2026-06-01 07:25:11,2026-06-01,PRD-EYTXECM95339,CLI-O4789AIJNHEO,Deposit,,1925.62,USD,,Transfer,,,,México,Guadalajara,Declined,51,False,,,
TRX-DCY1ZJVEFV11QJJSYJNK,2026-06-01 06:27:44,2026-06-01,PRD-H6ZIF4Y10VDZ,CLI-MIT2AHE7ZWRG,Purchase,Food,148341.6,ARS,423.83,App,,Mercado Central,Food,Argentina,Córdoba,Approved,00,False,17.36,,
TRX-L2XZFO6SY9M3KUUSLJFO,2026-06-01 08:21:52,2026-06-01,PRD-YE6LLG4J4R9D,CLI-JBAP16WTS24E,Deposit,,12022933.71,COP,3005.73,App,,,,Colombia,Barranquilla,Pending,51,False,,,
TRX-MVRMS7BK2KUHE9WYMH5V,2026-06-02 00:56:00,2026-06-01,PRD-DSXEW19V961M,CLI-H2Q8WJX23YID,Transfer,,8469.93,USD,,POS,,,,México,Guadalajara,Declined,14,False,21.76,-0.0591546,0.492597
TRX-BN4C05MOG9RYX3KD7H3O,2026-06-02 03:23:58,2026-06-01,PRD-OH5WPH4OUD25,CLI-XI3QT3VWS7T0,Deposit,,1067385.88,ARS,3049.67,ATM,SUC-7EJG5XUH,,,Argentina,Buenos Aires,Approved,00,False,24.34,,
TRX-CMDJTD3YAIL1UBU4O1WZ,2026-06-02 03:13:58,2026-06-01,PRD-XD4S3HMDM1D8,CLI-2RK7AZD3QFJO,Purchase,Food,195.87,USD,,Transfer,,Mercado Central,Food,Mexico,Guadalajara,Approved,00,False,12.15,,
TRX-4GA1BQ7WJE4XI4MELV16,2026-06-01 16:45:56,2026-06-01,PRD-IB7DYHVLM6Q5,CLI-UA3EFMJPDYH7,Withdrawal,,203313.72,COP,50.83,Branch,SUC-E1VTXGEU,,,Colombia,Cartagena,Approved,00,False,,,
TRX-BPZXI4H38YKK6S9397ZX,2026-06-02 05:53:53,2026-06-01,PRD-4DHOIXDNVHC6,CLI-A8JRI4466P9X,Payment,Transport,201535.61,ARS,575.82,App,,,,Argentina,Rosario,Approved,00,False,12.55,,
TRX-A44OXH824OD3U9VEDI4I,2026-06-01 07:28:47,2026-06-01,PRD-TQ2I69XGG07X,CLI-8166SSN6XMZT,Withdrawal,,419996.21,COP,105.0,App,,,,Colombia,Cartagena,Approved,00,False,22.63,,
TRX-YTICHI6QRMHAKRMKCJZ9,2026-06-02 04:53:53,2026-06-01,PRD-HOKQDJO048CU,CLI-7ZD3A5YVFZSX,Deposit,,2383.62,USD,,App,,,,México,Monterrey,Approved,00,False,14.21,,
TRX-UYX1WHNX36UF5QG7JQD2,2026-06-01 17:41:48,2026-06-01,PRD-EHDMAHXM03MF,CLI-XEOXD0H8U9QV,Deposit,,4246760.89,COP,1061.69,ATM,SUC-C93NERQQ,,,Colombia,Medellín,Approved,00,False,22.23,,
TRX-HB4EBBW8L5DMEEOIVQTS,2026-06-02 05:05:58,2026-06-01,PRD-VCCVXMM5JTBM,CLI-KO4PGQEYQCUF,Transfer,,7757.63,USD,,Transfer,,,,México,Ciudad de México,Approved,00,False,,,
TRX-J3AITU0S2882ITK6YER7,2026-06-01 09:31:49,2026-06-01,PRD-AK23OP8RD1UR,CLI-R3KQ0B7K1UJT,Transfer,,977160.49,ARS,2791.89,App,,,,Argentina,Buenos Aires,Approved,00,False,3.05,,
TRX-9XIMAW3WVF08629P8ZPB,2026-06-02 05:40:16,2026-06-01,PRD-HWU7HSC4L88R,CLI-DDTRBMBIUH5O,Withdrawal,,1707569.51,COP,426.89,Web,,,,Colombia,Medellín,Approved,00,False,2.97,,
TRX-49HPO7YC6JBD80XDMKKZ,2026-06-02 03:58:02,2026-06-01,PRD-M0QU3F0PHCE4,CLI-DLXMYQCLD9S8,Withdrawal,,87.96,USD,,POS,,,,México,Querétaro,Approved,00,False,20.23,,
TRX-DPKP9RE55IBYXLV9LYBJ,2026-06-01 10:05:38,2026-06-01,PRD-O3DEDP17BAD5,CLI-X7BUIAB8EQT4,Transfer,,1547463.34,ARS,4421.32,POS,,,,Argentina,Buenos Aires,Approved,00,False,,,
TRX-EA4N737MTHI7IRUW35EG,2026-06-02 01:28:19,2026-06-01,PRD-B48EHXXJQ4WT,CLI-WPPIQBR7PWN9,Transfer,,181.04,USD,,ATM,SUC-AXDYB0RQ,,,México,Querétaro,Approved,00,False,,,
TRX-U2IS1RCBBK6MKB76D03Z,2026-06-01 15:04:02,2026-06-01,PRD-7GKUP4TJ618F,CLI-OQXK0Z738S0O,Transfer,,4400.18,USD,,ATM,SUC-9J6GQRJ4,,,México,Monterrey,Approved,00,False,,,
TRX-J0SJ2L7V6UTW13VLGKNH,2026-06-01 11:37:10,2026-06-01,PRD-Q3SXC0DZSL3X,CLI-M09MO3NRQUIH,Withdrawal,,402.35,USD,,App,,,,México,Tijuana,Approved,00,False,18.34,,
TRX-3SBZ808W1NFU8BEDYR96,2026-06-01 14:22:08,2026-06-01,PRD-AY0BBP25JZNZ,CLI-VU98IVOFEARC,Transfer,,16285867.22,COP,4071.47,POS,,,,Colombia,Bogotá,Approved,00,False,,,
TRX-ENO8CR85TOW7097EDBI0,2026-06-01 12:25:37,2026-06-01,PRD-9518U25BQT32,CLI-XM6X8NKKGG4E,Deposit,,10541682.01,COP,2635.42,POS,,,,Colombia,,Approved,00,False,28.25,,
TRX-1L9U7KMOCD4AQHZBORJT,2026-06-01 14:57:04,2026-06-01,PRD-LWAVDXHAEPXS,CLI-5F2G9QE8U105,Withdrawal,,73937.59,ARS,211.25,POS,,,,Argentina,Buenos Aires,Approved,00,False,13.37,,
TRX-JZ4G9YI9FJ4Z2W26COZM,2026-06-01 17:54:12,2026-06-01,PRD-S71PYJ90RB8I,CLI-DR7BKB66YKYJ,Withdrawal,,251.84,USD,,ATM,SUC-ECJP9AEQ,,,México,,Approved,00,False,17.75,0.4654736,-0.378223
TRX-GIGZ6UZMROCZ3CEQSXQZ,2026-06-02 03:59:53,2026-06-01,PRD-ZI6RZK0K8DW5,CLI-1KIQ1B5L9N97,Withdrawal,,124.27,USD,,Web,,,,México,Tijuana,Approved,00,False,19.16,,
TRX-DNBRAUW02NXGMDWOU0TD,2026-06-01 22:26:21,2026-06-01,PRD-DYMY65XF70M4,CLI-59G8LUW350OC,Purchase,Transport,488.09,USD,,POS,,Estación de Servicio,Transport,México,Ciudad de México,Approved,00,False,0.27,,
TRX-L8J3SW0PEZSXNO7G1NRB,2026-06-02 01:02:46,2026-06-01,PRD-YT5NDCBDESU4,CLI-OHI1PIR0I65J,Payment,Transport,6026778.44,COP,1506.69,Web,,,,Colombia,Medellín,Approved,00,False,2.01,,
TRX-V4C5K1J3NFJUU8LGXJ9O,2026-06-01 15:31:19,2026-06-01,PRD-HDJV2UN2RELQ,CLI-MVT0S6VG661M,Purchase,Transport,48767.98,ARS,139.34,POS,,,Transport,Argentina,Rosario,Approved,00,False,17.04,-33.7591529,-59.2484747
TRX-M8ACVOOMYDCVKGMMOTG6,2026-06-01 19:00:38,2026-06-01,PRD-UB3KY8Q1NPD3,CLI-MKWMYVYIWFTA,Purchase,Services,331.32,USD,,App,,,Services,México,Guadalajara,Approved,00,False,13.21,,
TRX-NO7IKTYYUM0RPOK7A12B,2026-06-01 09:45:20,2026-06-01,PRD-FIE7N5YSTGN0,CLI-2TR15WEDRQRY,Deposit,,4787.82,USD,,ATM,SUC-Y18NE8GS,,,México,,Approved,00,False,16.83,,-0.6952173
TRX-T8XCN91TLRDGS4YZB60K,2026-06-01 22:04:38,2026-06-01,PRD-3MX3CM2OHD6V,CLI-KWPQNOPEVUNX,Payment,Food,682.47,USD,,POS,,,,México,Querétaro,Approved,00,False,0.32,,
TRX-V92SFWZZ3LTXA2C3STPE,2026-06-01 17:49:49,2026-06-01,PRD-N8IMHEFJY7R1,CLI-S4ZU0D37TGHP,Purchase,Other,113.66,USD,,Web,,Tienda General,Other,México,Guadalajara,Approved,00,False,29.3,,
TRX-8R1T8FAIW96QOJ5QNGHG,2026-06-02 00:30:24,2026-06-01,PRD-TASHPQ6LZV0B,CLI-EAUL3UY1HBJA,Purchase,Transport,115.91,USD,,ATM,SUC-84HXKY7Q,Gasolinera Express,Transport,Colombia,Barranquilla,Approved,00,False,21.45,,
TRX-SXVI83TVQGPMUF33AGEH,2026-06-02 03:12:26,2026-06-01,PRD-G201B40EOC6X,CLI-JPZM9R3MSEI2,Payment,Services,722.85,USD,,POS,,,,México,,Approved,00,False,20.88,,
TRX-ZEKPG40M3BI1YFOUTHFC,2026-06-01 12:01:03,2026-06-01,PRD-MRP70I4I3OR5,CLI-UNQ1P0H25YI0,Payment,Transport,539490.35,ARS,1541.4,ATM,SUC-7EJG5XUH,,,Argentina,Mendoza,Approved,00,False,12.8,,
TRX-UIU1WATG8XG6HZFYQ6KK,2026-06-01 19:08:59,2026-06-01,PRD-FHUNOUU3JWTC,CLI-CBFVQGVZWJSA,Purchase,Services,15.41,USD,,POS,,,,México,,Approved,00,False,7.81,,
TRX-2IH3CC3DNYBUQV2CO3UP,2026-06-02 05:44:40,2026-06-01,PRD-7Y6ITICNBLA3,CLI-NRM5MMOBRPZM,Purchase,Food,404.09,USD,,Branch,SUC-RF3372LI,,Food,México,Puebla,Approved,00,False,2.84,-0.9056716,-0.7961271
TRX-PNGUN0V669GW2TU110CI,2026-06-01 23:00:15,2026-06-01,PRD-RR1IJKMHU7E2,CLI-W47YHUYQAM29,Purchase,Health,97048.51,ARS,277.28,Web,,Laboratorio Central,,Argentina,La Plata,Pending,05,False,14.51,,
TRX-J9EET4GZMBX4UB0ABTNE,2026-06-01 17:50:45,2026-06-01,PRD-7TE6C3FDAQSJ,CLI-Z6II06KF2HJ0,Deposit,,1560.92,USD,,ATM,,,,México,Querétaro,Approved,00,False,22.52,0.4900339,-0.9940784
TRX-GMXLSSZ6Y2S9L5LJC3QC,2026-06-01 17:18:34,2026-06-01,PRD-4X944RG4M6V7,CLI-HXSV89H8YW3Q,Purchase,Health,49345.89,ARS,140.99,POS,,Clínica Médica,Health,Argentina,Buenos Aires,Approved,00,False,,,
TRX-QRWPMFY6QAXORZAWL8FS,2026-06-01 08:03:52,2026-06-01,PRD-ORH7UCQKOSQ3,CLI-YPBZRSMZ23LJ,Transfer,,8662.04,USD,,POS,,,,México,Tijuana,Approved,00,False,9.3,,
TRX-VK2V69BP9KOQGL7V6KXN,2026-06-01 08:58:48,2026-06-01,PRD-VMJFHM55A08N,CLI-BHF5FDCC0730,Deposit,,1210989.62,ARS,3459.97,POS,,,,Argentina,Rosario,Approved,00,False,1.11,-34.1488006,-58.8820923
TRX-GIP8ZSHHP47RLGSS3CXG,2026-06-01 15:56:28,2026-06-01,PRD-QVM21CQQ0N3R,CLI-EC0O81IDS61G,Withdrawal,,362549.01,COP,90.64,ATM,SUC-O4G07J7I,,,Colombia,Cali,Approved,00,False,14.62,,
TRX-FEXWHO2W90YCVG76AKIH,2026-06-01 14:49:23,2026-06-01,PRD-Q8UQ1V6N6GRG,CLI-JW4KLI2J9NK6,Transfer,,382.49,USD,,Web,,,,México,Puebla,Approved,00,False,5.68,,
TRX-9TEEJQEQIL31POFISS7R,2026-06-01 10:16:38,2026-06-01,PRD-828U98BD2OOY,CLI-QV8G556T6EJW,Withdrawal,,341.26,USD,,ATM,,,,México,Guadalajara,Approved,00,False,8.4,-0.5892141,0.1202143
TRX-CBGU5GQYWEFYGWP599KB,2026-06-01 06:27:28,2026-06-01,PRD-KG5AUUHJE2ZP,CLI-FGS482NA9F6Y,Deposit,,1683.88,USD,,POS,,,,Mexico,Monterrey,Approved,00,False,,,
TRX-Z48CSRDY3I9OL09PO7WI,2026-06-01 15:31:05,2026-06-01,PRD-2DMWJ2RZXAXI,CLI-HA94EOUBC7PN,Deposit,,2885.11,USD,,App,,,,México,Ciudad de México,Approved,00,False,19.83,,
TRX-53C13KU3OR0M6OZXCB5Z,2026-06-01 06:40:43,2026-06-01,PRD-G88DGHPB43GK,CLI-M2E8QWBZ2X2W,Deposit,,2558.27,USD,,ATM,SUC-BSMTX3U8,,,Brazil,Rio de Janeiro,Approved,00,False,,,
TRX-NUJJ5KYOEILPERYTU33A,2026-06-01 09:22:17,2026-06-01,PRD-B30B72752L1U,CLI-16GCEDXDEMFG,Transfer,,3076832.53,ARS,8790.95,POS,,,,Argentina,Mendoza,Approved,00,False,26.84,-34.0491129,-57.7955811
TRX-W2WA5ISM74B1MP3N0ANG,2026-06-01 07:14:10,2026-06-01,PRD-14R87GCRDBZV,CLI-KB02EPN1C78S,Withdrawal,,158.63,USD,,ATM,SUC-Z39EOE70,,,México,Querétaro,Approved,00,False,27.65,,
TRX-6G8TVARJSYB9JNASOPDD,2026-06-02 01:47:44,2026-06-01,PRD-1NJ3ZL9FIX4R,CLI-G5ST7JBD41X3,Transfer,,9198.54,USD,,POS,,,,México,Guadalajara,Approved,00,False,0.94,,
TRX-QFXC13BGUF9QFJKYOB4X,2026-06-01 21:17:08,2026-06-01,PRD-UMXRXHB1LR6L,CLI-PWVCG02RTOQR,Transfer,,788834.88,ARS,2253.81,ATM,SUC-SN21TOOC,,,Argentina,,Approved,00,False,6.69,,-58.3110979
TRX-72UPGUZW5X12QFND204P,2026-06-01 09:53:21,2026-06-01,PRD-KJYWA7199TZ9,CLI-PN7K3P4JC6I5,Transfer,,324.42,USD,,Web,,,,México,Querétaro,Approved,00,False,4.55,,
TRX-C2D5Z2MKXVFPQKJJHBPL,2026-06-02 00:49:56,2026-06-01,PRD-YIYEVVDRZEEH,CLI-MYXWUBVS8YM2,Payment,Transport,7476995.82,COP,1869.25,Web,,,,Colombia,Cartagena,Approved,00,False,24.96,,
TRX-Z04Y3UE067L0C7MCEPKN,2026-06-02 04:00:04,2026-06-01,PRD-155FIDUMUGO8,CLI-O7RX5A3PP31N,Purchase,Other,406.58,USD,,POS,,Tienda General,Other,México,Ciudad de México,Approved,,False,15.41,,
TRX-448YLMEZ3ROABBTO4O34,2026-06-02 01:26:34,2026-06-01,PRD-UMQSJSOCQY6S,CLI-S3IIUV6YUNID,Withdrawal,,1106122.84,COP,,ATM,SUC-CBGK7VQE,,,Colombia,Cali,Approved,00,False,8.28,4.2073481,-73.2128834
TRX-DJ9DQCXE74X87JXT3BY6,2026-06-02 01:12:26,2026-06-01,PRD-QWBRT02LHOGA,CLI-MZT7OBLGP7XJ,Withdrawal,,1466668.36,COP,366.67,App,,,,Colombia,Bogotá,Approved,00,False,15.99,,
TRX-99TL7SU3HFBYHRVSSKT4,2026-06-01 22:33:48,2026-06-01,PRD-JPJKVNX86DV4,CLI-LTCWF2Y6FKA8,Purchase,Transport,357.84,USD,,POS,,Estación de Servicio,Transport,México,Monterrey,Approved,00,False,26.52,,
TRX-K5XV81XBQMT2H5R3TSA5,2026-06-01 18:39:22,2026-06-01,PRD-XKB5ZFA6RUVQ,CLI-KY4I6HCN4XZS,Transfer,,477.04,USD,,ATM,SUC-349TR6OC,,,México,,Approved,00,False,2.26,,
TRX-8MAEJYHGJRU9L131YO7M,2026-06-01 17:49:54,2026-06-01,PRD-NM0FLY41VH9E,CLI-UH62WNNM0HX8,Adjustment,,526.49,USD,,ATM,SUC-QO0HYSRK,,,México,Querétaro,Approved,00,False,8.78,,
TRX-6BVUGHCXR2OCWCTSAD00,2026-06-02 03:05:24,2026-06-01,PRD-WILHC921MH5C,CLI-B8ACFB1UTB3T,Purchase,Food,178.87,USD,,App,,Super Ahorro,Food,México,Querétaro,Approved,00,False,17.55,,
TRX-LZMVH7ESXQ1WZE2T86T0,2026-06-01 09:13:51,2026-06-01,PRD-J4ZJHL4WI091,CLI-KGV51B6U6LT2,Purchase,Services,124641.96,ARS,356.12,POS,,Servicios Públicos,Services,Argentina,Buenos Aires,Approved,,False,2.44,,
TRX-H0MRS0301GPJRSXZVDEE,2026-06-02 02:06:41,2026-06-01,PRD-YEFX5I1CNPXB,CLI-2U5WTORAP6XJ,Transfer,,5942968.29,COP,,App,,,,Colombia,Medellín,Approved,00,False,11.83,,
TRX-ZN8C9IEQUQZ2Z56V4Z6F,2026-06-01 11:19:24,2026-06-01,PRD-YXRGFBI5Y7ZJ,CLI-0091YR6CVS1G,Deposit,,1727.87,USD,,POS,,,,México,Monterrey,Approved,00,False,8.41,-0.9526587,0.8223329
TRX-LY8CSF8E5FR71A8082FL,2026-06-01 23:02:16,2026-06-01,PRD-YF7S7HOZJ6XM,CLI-MQQZJW0QW27W,Transfer,,16611000.06,COP,4152.75,POS,,,,Colombia,Cali,Approved,00,False,0.94,,
TRX-JV8F8GLALZHVJ2PADH2B,2026-06-01 11:08:40,2026-06-01,PRD-YJUNC3AI4AVR,CLI-EF70WD91TBJQ,Payment,Other,585106.74,ARS,1671.73,POS,,,,Argentina,Mendoza,Approved,00,False,14.5,,
TRX-IUY273HKP0OUJAGFQKE1,2026-06-01 22:39:27,2026-06-01,PRD-I0H1ZXAUUBPD,CLI-8Z2CMVXA30P5,Transfer,,1281.9,USD,,Web,,,,México,Monterrey,Approved,00,False,8.4,,
TRX-L31VNJNT13WK32S6YMWJ,2026-06-02 05:29:14,2026-06-01,PRD-INMQ2SDSJECP,CLI-KSER7MHY3FIK,Withdrawal,,488.04,USD,,POS,,,,México,Ciudad de México,Approved,00,False,16.06,,-0.4960599
TRX-GVG8Z7KPZ3KJH01J7951,2026-06-02 00:56:07,2026-06-01,PRD-BUW9SMUHWO5I,CLI-C4BEDXIHKEIJ,Deposit,,12118014.8,COP,3029.5,Web,,,,Colombia,Barranquilla,Approved,00,False,18.37,,
TRX-W0I7H3G9U0E581D2K0NQ,2026-06-01 19:46:09,2026-06-01,PRD-STBAKWPGUG6O,CLI-TB06UT5FE4N5,Deposit,,3902408.83,COP,975.6,ATM,SUC-P6VSAH4U,,,Colombia,Barranquilla,Approved,00,False,,,
TRX-OZS4D95EK0XOR3OR15FY,2026-06-02 02:56:33,2026-06-01,PRD-T2E9H4PVWN2U,CLI-JMURB3NGHOF0,Withdrawal,,32.78,USD,,ATM,SUC-SDXPHMG4,,,México,,Approved,00,False,17.89,,
TRX-1GEB2GBKJCSCQI8H4LQR,2026-06-02 05:05:42,2026-06-01,PRD-MVBXDZ2RJ9ZN,CLI-BH3NTILUAZ7Q,Deposit,,1475782.59,ARS,4216.52,Web,,,,Argentina,Córdoba,Approved,00,False,5.5,,
TRX-V0BVIGVKOJV2T1BG4X76,2026-06-01 21:59:35,2026-06-01,PRD-SAK8I5WV4B51,CLI-0T15FO3C45OC,Deposit,,1548575.04,ARS,4424.5,Branch,SUC-7TH4CVFK,,,Argentina,Córdoba,Approved,00,False,28.13,-34.0158305,-58.4524665
TRX-NT8056EG3T6096DGKU3Y,2026-06-01 09:54:15,2026-06-01,PRD-DHQ0ZR2HNNN0,CLI-3E3INYUC4MHQ,Purchase,Services,79.58,USD,,ATM,SUC-CJYLJUTF,,Services,México,Querétaro,Declined,05,False,,,
TRX-Q10SPY2MD5P6Y65HYHD8,2026-06-02 00:57:45,2026-06-01,PRD-FZW7NLI6WCGV,CLI-H8LQS8WC1EAO,Purchase,,481.66,USD,,POS,,Cine Premium,Entertainment,México,,Approved,00,False,1.0,,
TRX-73NCQMEGSFSKM17BDFN9,2026-06-01 11:43:59,2026-06-01,PRD-4PPYPCDB44HL,CLI-F6XR8IFAKO91,Withdrawal,,313.14,USD,,POS,,,,Colombia,Bogotá,Approved,00,False,,,
TRX-I2T9UII90AI10WVTZO9T,2026-06-01 06:11:57,2026-06-01,PRD-RZAGU7GNMXQZ,CLI-D1LUUS7MZF24,Withdrawal,,427.45,USD,,App,,,,Brazil,Brasília,Approved,00,False,17.77,,
TRX-JYOA1RJ4E74MPQZF0RO2,2026-06-01 14:25:19,2026-06-01,PRD-OMO6MAMIT89W,CLI-4GCQJQ4C0T37,Purchase,Food,1811589.59,COP,452.9,App,,Restaurante El Buen Sabor,Food,Colombia,Cartagena,Approved,00,False,1.1,,
TRX-IS03XJSUJP63315Y77WG,2026-06-01 20:03:18,2026-06-01,PRD-YP4QL68OOH2E,CLI-WZF5SPRG9XW4,Adjustment,,536.92,USD,,POS,,,,México,,Pending,51,False,19.68,,
TRX-RM8SQMSVJES2LBB0T88B,2026-06-01 15:31:38,2026-06-01,PRD-XYAQ43Y06XFY,CLI-S5GVR8K94J0M,Deposit,,5928694.99,COP,1482.17,ATM,SUC-4B1UVBW3,,,Colombia,Bogotá,Declined,51,False,,,
TRX-RCNRN61WYU61XJ390SX1,2026-06-01 08:49:02,2026-06-01,PRD-13FLXP5XLEQJ,CLI-YCSRF41CFIP6,Deposit,,431896.33,ARS,1233.99,Web,,,,Argentina,Buenos Aires,Approved,00,False,11.51,,
TRX-VYWUFYH99QDHXN5ZFM5K,2026-06-02 05:53:48,2026-06-01,PRD-23VL7Q3HKIJL,CLI-2MSB7GRR1GA8,Purchase,Health,285.7,USD,,ATM,SUC-1TATGCL8,Clínica Médica,Health,México,Puebla,Approved,00,False,22.68,,
TRX-WSLI509US83IOSM6W5YI,2026-06-01 14:12:09,2026-06-01,PRD-A5A6SDJ7CYMR,CLI-05N92RLRANRM,Transfer,,8079.79,USD,,ATM,SUC-XSMNXFJN,,,México,Ciudad de México,Approved,00,False,25.41,,
TRX-B99H1CHEBJL01MBFW3RD,2026-06-01 23:12:34,2026-06-01,PRD-NY4C14UF9U4M,CLI-I948H0PCQ0SX,Withdrawal,,878127.46,COP,219.53,App,,,,Colombia,Cartagena,Approved,00,False,27.02,,
TRX-WCZRDO0BAJYYF1U6RQGO,2026-06-01 15:26:29,2026-06-01,PRD-MO4BZ1KHPHDO,CLI-DEM5FTQOUNG7,Deposit,,11938332.56,COP,2984.58,POS,,,,Colombia,,Approved,00,False,,,
TRX-SHC5X5PC0XKNMO240V6F,2026-06-01 08:24:17,2026-06-01,PRD-ETIFMMXST9B0,CLI-NUTU1RD3PB89,Withdrawal,,384.17,USD,,POS,,,,México,Monterrey,Approved,00,False,19.76,,
TRX-V56NHNJSHTQY7YW8DSAM,2026-06-01 08:41:25,2026-06-01,PRD-UXR0CE690JOY,CLI-6HIYLTJVGWT3,Payment,Entertainment,1353.3,USD,,ATM,SUC-UBOAYTJG,,,México,Monterrey,Declined,14,False,0.13,,
TRX-Z4W6YC7JX1WY4SPQLV38,2026-06-01 12:02:49,2026-06-01,PRD-816ARYEKIWW9,CLI-C9N2TIA4070T,Withdrawal,,169549.33,ARS,484.43,App,,,,Argentina,Córdoba,Approved,00,False,9.21,,
TRX-TUUR8DTWC4AYVTUWUWZU,2026-06-01 18:55:47,2026-06-01,PRD-AIP800FJ2FEL,CLI-MX5QE3YIJQDY,Deposit,,4021.21,USD,,Web,,,,México,Monterrey,Approved,00,False,,,
TRX-2YWJ5QMML3INXC07OFR9,2026-06-01 06:32:33,2026-06-01,PRD-LBVJPJ17BDQ5,CLI-YJAGGFO0I61R,Withdrawal,,343.75,USD,,POS,,,,México,Guadalajara,Approved,00,False,3.63,,
TRX-HXKU80Z0JZZOJA1TQ206,2026-06-02 00:34:35,2026-06-01,PRD-BTY90H7FJE3U,CLI-O3NHO9YH8X02,Withdrawal,,995622.49,COP,248.91,ATM,SUC-LBZFJAU6,,,Colombia,Barranquilla,Approved,00,False,7.2,,
TRX-86R7I9URK0WZJERK0R6Q,2026-06-01 10:03:28,2026-06-01,PRD-8GR72NY3GHGW,CLI-F1H70PH40L16,Withdrawal,,30.8,USD,,POS,,,,Mexico,Monterrey,Approved,00,False,2.56,,
TRX-WVES0QO5S5N7CHKPC6LW,2026-06-01 09:13:35,2026-06-01,PRD-4WRBEEN3LGRN,CLI-2NW1AHSMS906,Transfer,,21566008.83,COP,5391.5,Web,,,,Colombia,Bogotá,Approved,00,False,27.82,,
TRX-0QTTNGYURG3GWQRYIAUH,2026-06-01 13:48:43,2026-06-01,PRD-CHB3JOSTF67I,CLI-WPPYCIVHBTUR,Transfer,,8917.17,USD,,POS,,,,México,Puebla,Approved,00,False,16.35,0.7879822,
TRX-FA54WOX3HSMVKWQQO2B8,2026-06-01 21:14:07,2026-06-01,PRD-GTNTEXTVBTPZ,CLI-RK3R4E7QOS5D,Transfer,,8651571.58,COP,2162.89,App,,,,Colombia,,Approved,00,False,18.27,,
TRX-2JR5IOH04Q8Y7RHND86A,2026-06-01 09:58:12,2026-06-01,PRD-CQLI5140MO4F,CLI-949F6F1AW8Y6,Withdrawal,,188.66,USD,,App,,,,Argentina,Buenos Aires,Approved,00,False,,,
TRX-71QPYZ98AP0APCI0D1EW,2026-06-01 08:34:58,2026-06-01,PRD-HZPNKGBNXBD1,CLI-VONTVM97AK05,Transfer,,4120.01,USD,,Branch,SUC-QTWR8S76,,,México,Monterrey,Approved,00,False,24.3,,
TRX-2D8YPVEN7ULTYUTWNH02,2026-06-01 22:12:14,2026-06-01,PRD-TF0BBBHKND9K,CLI-BJ9XU6QH8C47,Purchase,Other,134676.95,ARS,384.79,POS,,Ferretería,Other,Argentina,Mendoza,Approved,00,False,11.94,,
TRX-ND9JE59DKW2OQ1E5UDZA,2026-06-01 23:29:04,2026-06-01,PRD-C25TR6W3H5LV,CLI-ZPRGXERO5E8L,Transfer,,30898110.26,COP,7724.53,App,,,,Colombia,,Approved,00,False,,,
TRX-OZRNCQDUXZPWPATL9011,2026-06-01 11:24:34,2026-06-01,PRD-ZYAPO3NHQT33,CLI-976OZBILZ1F1,Purchase,Services,1613394.53,COP,403.35,App,,Internet Plus,Services,Colombia,Cartagena,Approved,00,False,20.54,,
TRX-BW5XS17PC7L851MF7DFC,2026-06-01 18:20:17,2026-06-01,PRD-SKQINGAX8S56,CLI-D4XNAJX1T2G0,Purchase,Food,143.43,USD,,App,,Tienda Don José,Food,México,Tijuana,Approved,00,False,0.16,,
TRX-2FIQFXGGGRALM0LB80CN,2026-06-02 01:57:56,2026-06-01,PRD-VTKQ7SH6RFNT,CLI-9F9YQQR04CH5,Withdrawal,,294.27,USD,,ATM,SUC-JYU0POJ9,,,México,,Approved,00,False,28.78,,
TRX-95GIO958B2EN8Z0A94DL,2026-06-01 09:59:16,2026-06-01,PRD-HZBOAARG0341,CLI-PULHHJ2W7XQR,Payment,Food,361452.25,ARS,1032.72,POS,,,,Argentina,Buenos Aires,Approved,00,False,,,
TRX-K1QR6JGKN3W1JAACG74Q,2026-06-01 11:51:51,2026-06-01,PRD-VID67CNAR643,CLI-ANGJFA9CEGC1,Transfer,,3321787.85,ARS,9490.82,POS,,,,Argentina,Rosario,Approved,00,False,12.84,,
TRX-XO8SB4JTIMD70HT4LZ3P,2026-06-01 19:16:56,2026-06-01,PRD-O71XOXMVL63R,CLI-MONTKAJ6D9EL,Withdrawal,,1899986.65,COP,475.0,Branch,SUC-OFZKCO6O,,,Colombia,Barranquilla,Approved,00,False,1.21,,
TRX-PT9BAQBSILJ2H6TMCVBM,2026-06-01 07:36:26,2026-06-01,PRD-SF8WD0J6ZNAB,CLI-YC0XZ60OCB05,Transfer,,965.32,USD,,ATM,SUC-WSUW783S,,,México,Monterrey,Approved,00,False,28.94,,
TRX-9TY5KGAJ3I5ALK6YLP17,2026-06-02 03:08:51,2026-06-01,PRD-24Q6V0IK0SEN,CLI-NV6ME1BN5VCF,Payment,Food,1514.38,USD,,POS,,,,México,Monterrey,Declined,51,False,,,
TRX-4ZDRRIK339LOHECVS2B1,2026-06-01 11:17:57,2026-06-01,PRD-LGOH882GZM9N,CLI-2SSAZVU5OORP,Payment,Entertainment,806.06,USD,,POS,,,,Colombia,Bogotá,Approved,00,False,11.9,4.3338815,-73.8283877
TRX-CHC703JCKX36TVFLMDCT,2026-06-01 11:02:32,2026-06-01,PRD-D480J08BTEMM,CLI-EIQVE6YUF4VS,Payment,Health,2721275.6,COP,680.32,Web,,,,Colombia,Cali,Approved,00,False,17.08,,
TRX-92LFLNRHM3N4US9868GV,2026-06-02 05:23:21,2026-06-01,PRD-ERNMRE46JYU2,CLI-69J3BKP57U2Q,Transfer,,7482.43,USD,,Branch,SUC-RF3372LI,,,México,Tijuana,Approved,00,False,15.76,-0.8510987,-0.9338491
TRX-OUNPHCI37AQTX4HF0UZO,2026-06-01 16:23:18,2026-06-01,PRD-MQ6QU4M990ZX,CLI-G0Z0HZGYO1QH,Withdrawal,,158267.35,ARS,452.19,POS,,,,Argentina,Rosario,Approved,00,False,4.71,,
TRX-3Y04ZFR83JVFZQ0FSIX1,2026-06-01 22:28:29,2026-06-01,PRD-IM15N04AON1T,CLI-CVMON2TUXDB2,Purchase,Services,217.79,USD,,POS,,Internet Plus,Services,México,Guadalajara,Approved,00,False,,,
TRX-GSMDQMHKQ0PPMH0490NA,2026-06-01 23:43:22,2026-06-01,PRD-PA5NVNJY6W71,CLI-E0T02H3RU3J0,Deposit,,2372.82,USD,,App,,,,México,Ciudad de México,Approved,00,False,5.01,,
TRX-GL69NMIV705SYL8WW73N,2026-06-01 19:25:23,2026-06-01,PRD-6GGR2MV18MI3,CLI-229EPKCRG72W,Transfer,,4753.53,USD,,POS,,,,México,Tijuana,Approved,00,False,,,
TRX-BT3LK7U67AEZNQGZXD4M,2026-06-01 21:36:55,2026-06-01,PRD-CSIRPS0H1NX3,CLI-UGV9D9KVQNF5,Deposit,,2790093.98,COP,697.52,App,,,,Colombia,Barranquilla,Approved,00,False,5.02,,
TRX-UHMUO1L1B4L4RNPIFYTG,2026-06-01 23:43:41,2026-06-01,PRD-I0T4BNO9G6AZ,CLI-MKCQWFRHZHWM,Purchase,Entertainment,210.38,USD,,ATM,SUC-8P0IDMOM,Conciertos Live,Entertainment,México,Puebla,Approved,00,False,13.85,,
TRX-FZVXN5XYV45RUMBRUADM,2026-06-01 18:08:56,2026-06-01,PRD-TVPRE2BDQFHT,CLI-TAU6XAT1RCY1,Payment,Other,3173443.19,COP,793.36,Web,,,,Colombia,Cali,Pending,05,False,14.08,,
TRX-5WCGQ7AU009SECYT4D02,2026-06-02 00:27:28,2026-06-01,PRD-3H98LTB5MZR2,CLI-FJNOG9XR68PY,Payment,Entertainment,157330.51,ARS,449.52,POS,,,,Argentina,La Plata,Approved,00,False,5.85,,
TRX-VZZAGZJIIKWJU4UW2IBW,2026-06-02 00:42:05,2026-06-01,PRD-9XFTSGFA6H3P,CLI-Z6SBSODLK30E,Purchase,Entertainment,33111.35,ARS,94.6,POS,,Teatro Nacional,Entertainment,Argentina,La Plata,Approved,00,False,12.74,,
TRX-NLEYUR84CWET5O7CKW2E,2026-06-02 00:59:39,2026-06-01,PRD-8U1KNUHW6K35,CLI-W364B6BK64GK,Purchase,,438.96,USD,,ATM,SUC-PJ3BSV1X,Super Ahorro,Food,Argentina,Córdoba,Approved,00,False,16.55,-35.4308298,-58.1474527
TRX-UPETT7OXRJ4NUPR4JN17,2026-06-01 16:31:30,2026-06-01,PRD-IKHN35GAK025,CLI-NHDZR8U2A1UP,Deposit,,3771.16,USD,,POS,,,,México,Monterrey,Approved,00,False,13.09,,
TRX-8LUR70OWDTYJNT4PJ7ZX,2026-06-01 08:50:00,2026-06-01,PRD-798C3EI3TBDI,CLI-BNLRS65DO2JC,Withdrawal,,124495.48,ARS,355.7,ATM,SUC-5XWR79HW,,,Argentina,La Plata,Approved,00,False,27.9,,
TRX-JU9TSJTR115ST1PPG9A7,2026-06-01 18:42:45,2026-06-01,PRD-YITPTVFNVUHP,CLI-ZO5ZYR31RIKT,Payment,Entertainment,1793.17,USD,,Web,,,,México,Tijuana,Approved,00,False,10.81,,
TRX-COEK520CZYX6ORACJVPD,2026-06-01 06:42:00,2026-06-01,PRD-TZ5IAMOMR794,CLI-QG36ACHUZYRY,Withdrawal,,456.71,USD,,POS,,,,México,Monterrey,Approved,00,False,29.76,,
TRX-E5NCE8WAOTDDS583BIR9,2026-06-01 14:14:38,2026-06-01,PRD-H11V0QZMQ1OD,CLI-21FI0BY96KUZ,Withdrawal,,320.86,USD,,ATM,SUC-JYJWT9TH,,,México,Ciudad de México,Approved,00,False,21.0,,
TRX-IYC1Y56RCIXBAS3T2CVJ,2026-06-01 15:31:04,2026-06-01,PRD-UJS8GST3WANV,CLI-BO93R00Y3X81,Withdrawal,,122106.18,ARS,348.87,App,,,,Argentina,Mendoza,Approved,00,False,18.04,,
TRX-V13TWI0XVFPGN5TRVWV8,2026-06-01 18:32:52,2026-06-01,PRD-RUZ06J0V26G3,CLI-M0MCTMJ5YRI7,Withdrawal,,109.78,USD,,App,,,,México,Monterrey,Declined,14,False,2.72,,
TRX-99KNP2GM6GB8TE06Q2Q0,2026-06-01 13:11:44,2026-06-01,PRD-LY30GTHDYI6F,CLI-CQIH1W501Q27,Purchase,Food,366.74,USD,,Web,,Restaurante El Buen Sabor,Food,México,Querétaro,Approved,00,False,5.19,,
TRX-KZ46Y2VZYZ8I3E1HLGG4,2026-06-01 12:35:43,2026-06-01,PRD-DPGHPTK9UCGT,CLI-TI1OMZMRCRSD,Withdrawal,,425.73,USD,,Web,,,,México,Ciudad de México,Pending,51,False,4.82,,
TRX-A9JOQHXNGTP7S1M21F41,2026-06-01 15:35:04,2026-06-01,PRD-WCF7QWJYR4UF,CLI-XNO08IFSLUG1,Deposit,,1103.14,USD,,POS,,,,México,Ciudad de México,Approved,00,False,1.94,-0.3640528,-0.6463092
TRX-3SQM5WFATK1Y1SDHK3LP,2026-06-01 12:16:01,2026-06-01,PRD-FF24LPP80WGD,CLI-067CBX12HIIB,Payment,Entertainment,846.14,USD,,Web,,,,México,Ciudad de México,Approved,00,False,22.36,,
TRX-SNJFMZ3645P0UZUYS71L,2026-06-02 00:16:31,2026-06-01,PRD-PBG855MP9LJQ,CLI-329YX9ZZPJBA,Withdrawal,,269702.15,COP,67.43,POS,,,,Colombia,Bogotá,Approved,00,False,22.0,,
TRX-8ZGLY3O1CWGG6KXN4K20,2026-06-01 12:44:28,2026-06-01,PRD-U82ZKU73CSLE,CLI-K1DDKSE23KNC,Transfer,,37262701.65,COP,9315.68,ATM,SUC-PNT72MIS,,,Colombia,Medellín,Approved,00,False,22.59,,
TRX-2AHG8ZNNZ3LZLBVD5430,2026-06-01 18:51:07,2026-06-01,PRD-WY8JPLZV769U,CLI-YJAGGFO0I61R,Purchase,Food,457.5,USD,,POS,,Mercado Central,Food,México,Guadalajara,Approved,00,False,29.87,,
TRX-WCY85P3VQKQL2SH6P32S,2026-06-02 05:47:56,2026-06-01,PRD-RI3HN172DOTF,CLI-CWCX598B6SNO,Purchase,Services,393.45,USD,,App,,Empresa Telefónica,Services,México,Puebla,Approved,00,False,7.82,,
TRX-6CPJPB5APQJ9SII74G54,2026-06-02 00:33:28,2026-06-01,PRD-DDZYQJDY26L2,CLI-ME1K5TNXMKEJ,Withdrawal,,43.65,USD,,ATM,SUC-2Z7NT3UT,,,México,Guadalajara,Approved,00,False,21.54,-0.4022314,0.1538452
TRX-EGRNZB18MMOB4406O8V7,2026-06-01 09:06:14,2026-06-01,PRD-PWZFAWSGSLX7,CLI-0YMS2A68QDF4,Deposit,,344826.38,ARS,985.22,POS,,,,Argentina,La Plata,Approved,00,False,,,
TRX-L5IIAD0S9OQYC7K9Q3VO,2026-06-01 16:06:11,2026-06-01,PRD-I7F843UFLTI8,CLI-OI65Q6GVJVRN,Payment,Other,293673.23,ARS,839.07,ATM,SUC-06H3RFFA,,,Argentina,Buenos Aires,Approved,00,False,21.11,,
TRX-UYVLLPMA8M9GSACW2PWN,2026-06-01 07:30:58,2026-06-01,PRD-E9BSA47LDCJA,CLI-L3VRK5MD40QB,Payment,Food,552526.96,ARS,1578.65,ATM,SUC-7HQXDYLE,,,Argentina,Buenos Aires,Approved,00,False,19.81,,
TRX-J2UMYCK0T30R5YOA03EU,2026-06-01 12:44:01,2026-06-01,PRD-20UHHX4B6K2L,CLI-1ZPTXRMDOPF5,Payment,Services,1716.26,USD,,App,,,,México,Ciudad de México,Approved,00,False,20.7,,
TRX-A5R2D0HRHKAQ7OTYLZU0,2026-06-01 20:32:44,2026-06-01,PRD-C7M98WAUK134,CLI-V0A9F7BNPWZ1,Deposit,,13103593.18,COP,3275.9,POS,,,,Colombia,Cali,Approved,00,False,29.34,4.3764419,-74.3679937
TRX-YMU51H6VQ063L4F4C32E,2026-06-01 06:36:59,2026-06-01,PRD-1B96ORYIKVY4,CLI-70YOV26NNFRR,Purchase,Food,1754681.18,COP,438.67,ATM,SUC-9S92DZ9T,Tienda Don José,Food,Colombia,Cali,Approved,,False,,,
TRX-UDEVQ8EBJTXFW43Q0SUE,2026-06-01 13:42:13,2026-06-01,PRD-WNPK6U8S9MZJ,CLI-UF8E4KFFOODL,Payment,Transport,810.88,USD,,ATM,,,,México,Querétaro,Approved,00,False,,0.4186753,-0.2880906
TRX-SY9BBY8F3U0O17H0F9ZK,2026-06-02 02:48:05,2026-06-01,PRD-TW03I7AP9ACW,CLI-01JWUIP4W9IV,Deposit,,12029612.75,COP,3007.4,ATM,SUC-QLV3J046,,,Colombia,Bogotá,Declined,51,False,21.04,,
TRX-N28S8SH5HXD1NBKL86FW,2026-06-01 13:19:45,2026-06-01,PRD-6L7E00IG2GDW,CLI-77KK6YUW7ABP,Payment,Food,3558015.68,COP,889.5,ATM,SUC-XPLAOSH4,,,Argentina,Córdoba,Approved,00,False,12.05,4.6964527,-73.9226032
TRX-A5STPGNBKJ8283V887WA,2026-06-01 11:08:22,2026-06-01,PRD-8UM4O0M25UEI,CLI-1ASJVTUU7NRS,Purchase,Services,626331.71,COP,156.58,POS,,Empresa Telefónica,Services,Colombia,,Approved,00,False,18.52,,
TRX-53PJMVA4W9CAQ9DCKIO7,2026-06-02 01:25:41,2026-06-01,PRD-S6303G2IBC98,CLI-SGFVAGP7H03A,Purchase,Food,394.93,USD,,POS,,,Food,México,Querétaro,Approved,00,False,10.86,-0.8549765,0.6107331
TRX-NO778NA4MRX2V3OJ47RN,2026-06-01 14:43:49,2026-06-01,PRD-CUJXLY3R652A,CLI-SGVTDKIKBL5T,Purchase,Other,469.46,USD,,Branch,,Boutique Moda,Other,México,Guadalajara,Approved,00,False,17.43,,
TRX-6KR3165SV35CP8A8N35Y,2026-06-01 13:06:41,2026-06-01,PRD-WEPJNNWKXWJ6,CLI-46V6ABJSWXZ1,Transfer,,26253235.99,COP,6563.31,Web,,,,Colombia,,Approved,00,False,12.09,,
TRX-2EIX805C91JV4Y7B3XH1,2026-06-01 18:53:25,2026-06-01,PRD-0K3B3KZ49VYV,CLI-VCAUKEPZW5TP,Transfer,,37430278.37,COP,9357.57,Web,,,,Colombia,Barranquilla,Approved,00,False,8.43,,
TRX-9CR00M5IBLR1LOEDCCO4,2026-06-01 18:08:38,2026-06-01,PRD-YS60RD7R2YZA,CLI-OXJXDYHS7P69,Transfer,,3913.42,USD,,App,,,,México,Guadalajara,Declined,51,False,7.45,,
TRX-5CQOKGR1DP27AW1MNSTH,2026-06-01 18:49:16,2026-06-01,PRD-2FENNVEBR8NQ,CLI-A6Z6XW3909TJ,Purchase,Entertainment,8.1,USD,,ATM,SUC-RZNFZDVW,Conciertos Live,Entertainment,México,Querétaro,Approved,00,False,0.36,,
TRX-HMDWJVOMQ24GNCWB7EZV,2026-06-01 10:03:54,2026-06-01,PRD-U25XNXFJGR70,CLI-6Z7VFITEIECV,Withdrawal,,556768.12,COP,139.19,App,,,,Colombia,,Approved,00,False,,,
TRX-9XZF01U8457N5JX7E3AC,2026-06-01 07:03:17,2026-06-01,PRD-E6NUOEVADYDW,CLI-8FQCP25O1CHB,Withdrawal,,397.86,USD,,App,,,,México,Puebla,Pending,05,False,25.75,,
TRX-4I4BTOQNXK16BWZFW1A2,2026-06-01 06:22:29,2026-06-01,PRD-V520ND86RH9C,CLI-DY2Q1KAPCNSO,Withdrawal,,84963.14,ARS,242.75,ATM,SUC-HYTTI82L,,,Argentina,Mendoza,Approved,00,False,8.52,,
TRX-E21IOV5I9Z83PRU9S477,2026-06-02 01:59:06,2026-06-01,PRD-0JA6XIG2WXTP,CLI-JN94JO6V2UF2,Transfer,,34972917.33,COP,8743.23,ATM,SUC-85YWBJ74,,,Colombia,Medellín,Approved,00,False,7.22,,
TRX-KJ9409QZ2610BFDHNJ2D,2026-06-01 12:54:48,2026-06-01,PRD-IWDD3EMRHR7Z,CLI-PGRC3D45H4Z8,Deposit,,2092.79,USD,,Web,,,,México,Ciudad de México,Approved,00,False,4.05,,
TRX-K5EQEAWZZSTV9HMYX5BC,2026-06-02 05:04:44,2026-06-01,PRD-AZKTY6AJ8H6I,CLI-NUP2JMBXY3GV,Transfer,,1298.67,USD,,POS,,,,Colombia,Bogotá,Approved,,False,,-0.8821753,0.2416505
TRX-KQ1VIRY66SL0W80DHYI7,2026-06-01 17:04:01,2026-06-01,PRD-9CDHHUDDR05A,CLI-DONHDSTTYEMK,Transfer,,7899.72,USD,,POS,,,,México,Tijuana,Approved,00,False,,,
TRX-ETDLU9K7Y7P9SZPUNEAF,2026-06-01 11:04:19,2026-06-01,PRD-R7RH7GUWFYXE,CLI-90D3EA2VJ0XX,Deposit,,2238.17,USD,,POS,,,,México,Tijuana,Approved,00,False,15.9,,
TRX-JPY3PF37OFZ6ANMURTMF,2026-06-01 06:17:39,2026-06-01,PRD-5JW0MXRY80JW,CLI-RK11I49E0O73,Transfer,,3250994.38,ARS,9288.56,POS,,,,Argentina,Mendoza,Approved,00,False,,,
TRX-6GXM6PSE9NHC84O1L53Q,2026-06-01 19:41:18,2026-06-01,PRD-KUU2Z07OX2J2,CLI-4MTT7JHZ4GYD,Withdrawal,,160.0,USD,,ATM,SUC-E1VTXGEU,,,Mexico,Ciudad de México,Approved,00,False,27.19,3.9063945,-73.5626454
TRX-W6KNMC0HV43MMQ0TUMZ2,2026-06-01 18:30:33,2026-06-01,PRD-HZP18O6TZLMF,CLI-FE8URV7SYNO5,Adjustment,,629.36,USD,,Branch,SUC-5FDGLKJX,,,México,Querétaro,Approved,00,False,9.39,,
TRX-9IO44O9QCGKX3HUEUILT,2026-06-01 09:06:15,2026-06-01,PRD-YGUI24XWFUCI,CLI-9MX0KDN4SBLV,Deposit,,2294.81,USD,,ATM,SUC-PFXHRCSW,,,México,,Approved,00,False,19.3,,
TRX-TPGDS8H7BIJ7ZD0GKUK9,2026-06-02 05:48:43,2026-06-01,PRD-HY9LRE0PCTC7,CLI-5OAL1IFM1VIP,Purchase,Services,143121.28,ARS,408.92,POS,,Internet Plus,,Argentina,La Plata,Pending,14,False,14.64,,
TRX-3A33TDLOQZMLTZ8BP5NL,2026-06-02 02:26:58,2026-06-01,PRD-FT3GEALROKUS,CLI-2APINGP3H25Y,Payment,Food,1120.04,USD,,POS,,,,México,Guadalajara,Approved,00,False,6.85,,
TRX-97MSRR173GJIYQW3SIE8,2026-06-01 17:41:08,2026-06-01,PRD-SSQ2OTHTF4UV,CLI-JDGKCH0URQL9,Withdrawal,,799818.41,COP,199.95,App,,,,Colombia,Cartagena,Approved,00,False,29.46,,
TRX-ME8OTKY35RAWFC1T2QA9,2026-06-01 08:08:46,2026-06-01,PRD-QED4H5SD0DGA,CLI-Z3MTKXSQGJA3,Transfer,,36639772.29,COP,9159.94,Web,,,,Colombia,Barranquilla,Approved,00,False,18.85,,
TRX-772U6XAXWNSLXKN7GLDB,2026-06-01 15:19:29,2026-06-01,PRD-GDGWUM24WY57,CLI-6P3E2AUM6HQ9,Purchase,Services,420.87,USD,,ATM,SUC-ZXOSBE5D,Cable TV,Services,México,Guadalajara,Approved,00,False,,0.4050776,-0.537552
TRX-K28OLWRD28R8PSCME44N,2026-06-01 09:38:18,2026-06-01,PRD-I7TLPC3GUU02,CLI-YZ80G4LQV6RH,Withdrawal,,457.25,USD,,ATM,SUC-6A2UBEHN,,,México,Puebla,Approved,00,False,,0.9859549,-0.3289691
TRX-V26T1FQNKPNAT9RQ72W5,2026-06-01 20:58:55,2026-06-01,PRD-WIYIVRMJZ1UB,CLI-6QGNYGPKQ8Y4,Deposit,,1612362.44,ARS,4606.75,ATM,,,,USA,New York,Approved,00,False,11.11,-34.0647119,-57.8185039
TRX-BNJHWITAPOBYNBC3Q5RP,2026-06-01 13:19:33,2026-06-01,PRD-QDE3G2WHR7BL,CLI-OHLHFCAQ1Y4R,Transfer,,8957.9,USD,,App,,,,México,,Approved,00,False,28.81,,
TRX-EL63HIALASEHRLEZYOOW,2026-06-01 06:48:54,2026-06-01,PRD-BFCRG9SKZW32,CLI-9O215JD3OZGF,Withdrawal,,1539723.52,COP,384.93,ATM,SUC-5AXOWGN3,,,Colombia,Medellín,Approved,00,False,12.45,,
TRX-944ZPIQRUXQOWJNN0N4J,2026-06-01 06:08:49,2026-06-01,PRD-YCCX5JT219AT,CLI-P7LWT778XQ0C,Purchase,Entertainment,206.58,USD,,ATM,,Cine Premium,Entertainment,México,Ciudad de México,Approved,00,False,4.67,,
TRX-Z1MJFOSB7F5IQE192RV0,2026-06-02 02:07:54,2026-06-01,PRD-9K2H1MJUZTKQ,CLI-FXR91JODS8RZ,Withdrawal,,402.26,USD,,ATM,SUC-HWG24EKK,,,México,Tijuana,Approved,00,False,29.66,,
TRX-USRU4VG8U61S75DY21IF,2026-06-02 02:56:27,2026-06-01,PRD-KG1RXJJN7T72,CLI-UC0TVY4AP35G,Purchase,Other,22172.72,ARS,63.35,POS,,Centro Comercial,Other,Argentina,Rosario,Approved,00,False,5.43,,
TRX-S7XC5KMXIKK0R760S1KK,2026-06-01 06:48:39,2026-06-01,PRD-4GXPSJ9FIF3Y,CLI-3LDZ2VR2HHTM,Adjustment,,173.85,USD,,Web,,,,México,Ciudad de México,Approved,00,False,21.02,,
TRX-L8Q6CBNKY3G3E9EHIDSJ,2026-06-01 13:58:48,2026-06-01,PRD-J5UENS7L46N6,CLI-P9JFYNRT5SDN,Payment,Other,232.73,USD,,Web,,,,México,Querétaro,Approved,00,False,20.95,,
TRX-1GKP94YIZQYCT1WU6JMJ,2026-06-01 14:31:31,2026-06-01,PRD-5UTT3YL56HUJ,CLI-I5CVIZOT0B1H,Withdrawal,,439.3,USD,,Web,,,,Colombia,Bogotá,Approved,00,False,27.68,,
TRX-W52LG2TPICD6TGWU3AYP,2026-06-01 23:10:16,2026-06-01,PRD-POK5EI138XW0,CLI-4UDZS9A0NQJP,Purchase,Services,76.86,USD,,POS,,Empresa Telefónica,Services,México,Guadalajara,Approved,00,False,25.49,,
TRX-2QCRVFQPJ0XB0RBILLDZ,2026-06-01 09:12:03,2026-06-01,PRD-R0BT3E89KRLC,CLI-AS3C1S2DZJAX,Withdrawal,,353.3,USD,,ATM,SUC-S3V4CSL0,,,México,Tijuana,Approved,,False,17.06,-0.58406,-0.1502112
TRX-2IXR1W5Q651UQPY8LJMT,2026-06-02 02:40:33,2026-06-01,PRD-Q6NGHR1ZU0AQ,CLI-6FHN4SDN1J3Y,Withdrawal,,114524.25,ARS,327.21,POS,,,,Argentina,Rosario,Approved,00,False,0.12,-35.3610149,-58.6795976
TRX-OKQPLMNQVD8XRH6YAU08,2026-06-01 17:31:14,2026-06-01,PRD-SYBF7JGN0H7V,CLI-UGNCJILN5BQY,Payment,Entertainment,7272302.99,COP,1818.08,ATM,SUC-A4SSWF0H,,,Colombia,Bogotá,Approved,00,False,3.28,,
TRX-SIGCXFKKAA6K1C2WHQ8W,2026-06-01 14:33:03,2026-06-01,PRD-HUIG4S949JW2,CLI-0OIEK4OV8LKQ,Payment,Health,1557479.83,COP,389.37,App,,,,Colombia,Cali,Approved,00,False,11.09,,
TRX-19RF2R53EOT9BB5769F0,2026-06-02 05:06:09,2026-06-01,PRD-Y4EGJBJAYC5X,CLI-AHWYHVWAQKJK,Adjustment,,285633.89,ARS,816.1,POS,,,,Argentina,Rosario,Approved,00,False,,-34.4721401,-58.4653335
TRX-RW4A8G86HAPSM8DO4442,2026-06-01 18:11:12,2026-06-01,PRD-K5RVYGPUISX9,CLI-QS3ZPOLP7NNU,Payment,Food,6235459.86,COP,1558.86,POS,,,,Colombia,Cali,Approved,00,False,6.02,,
TRX-552081FFD8QMN1V393VS,2026-06-01 18:00:27,2026-06-01,PRD-K0HH2JYTLHC1,CLI-1SXMCHDURMG4,Transfer,,1397511.1,ARS,3992.89,ATM,SUC-4ICHM641,,,Argentina,Buenos Aires,Approved,00,False,19.36,,
TRX-4O7NQOT3FX4QECCWG86K,2026-06-01 07:30:54,2026-06-01,PRD-N36KFHM31RBK,CLI-B2SP36KHOGRW,Transfer,,5488774.87,COP,1372.19,Web,,,,Colombia,Bogotá,Approved,00,False,9.97,,
TRX-0NJWJ5TXRATKRGB8XDCA,2026-06-01 07:07:19,2026-06-01,PRD-YBL34UG5LA76,CLI-KWQHAUYEEQQQ,Adjustment,,868.87,USD,,POS,,,,México,Ciudad de México,Approved,00,False,,,
TRX-ZC8RATORNN93LZQUVPAP,2026-06-02 05:15:20,2026-06-01,PRD-FK2X82K7G70I,CLI-MP381657ZIV1,Purchase,,1321387.08,COP,330.35,POS,,Estación de Servicio,Transport,Colombia,Cartagena,Approved,00,False,8.29,,
TRX-9FQ9B06HTH9JKNG6YFZG,2026-06-01 19:56:11,2026-06-01,PRD-XIICBCT9UUZ9,CLI-4A28Q1RATWFT,Purchase,Other,5.56,USD,,POS,,Ferretería,Other,México,,Approved,00,False,29.3,,
TRX-E6I22CNI7O5WJSS9NH5A,2026-06-01 11:45:02,2026-06-01,PRD-QQULXUOCV7U8,CLI-UTCQUN7D07T3,Withdrawal,,147151.97,COP,36.79,Web,,,,Colombia,Barranquilla,Approved,00,False,,,
TRX-WR3G8X2HQLNIBLYUL7DE,2026-06-01 10:57:40,2026-06-01,PRD-4BU71B5OW7EB,CLI-51NQ8LX1W4NT,Purchase,Entertainment,125.22,USD,,Branch,SUC-4AVH1MSP,Cine Premium,Entertainment,México,Puebla,Approved,00,False,7.64,0.5697394,-0.2812845
TRX-VHU3OLLPHHJPSAY236W5,2026-06-02 03:25:44,2026-06-01,PRD-9BAPP5IOG5V3,CLI-TZARRIXHAQC7,Purchase,Other,210.81,USD,,POS,,Centro Comercial,Other,México,Monterrey,Approved,00,False,4.01,,
TRX-KU9YZBSSY3ZMVTG2IH5L,2026-06-01 14:22:22,2026-06-01,PRD-PPR0P9ZX8ELP,CLI-M89T3PF2OVNP,Payment,Other,6285660.25,COP,1571.42,POS,,,,Colombia,Bogotá,Approved,00,False,,4.926361,-73.3522644
TRX-T5DC8VIHKS8ILQZ3KZYP,2026-06-01 20:57:09,2026-06-01,PRD-N0JBL7R5B2KZ,CLI-JL0TSJ42QW5J,Payment,Other,936.12,USD,,Transfer,,,,Colombia,Bogotá,Approved,00,False,11.25,,
TRX-ITAZR3DL5X6FQPWXMOJI,2026-06-01 18:46:37,2026-06-01,PRD-XNVPW629NXGZ,CLI-I7MXWRDYREKM,Deposit,,1909.77,USD,,App,,,,México,Monterrey,Approved,00,False,,,
TRX-NQMGD276FKM408YGBYVP,2026-06-01 23:21:13,2026-06-01,PRD-S3VUQW8TN23U,CLI-3S88QANORE4R,Purchase,Health,53.64,USD,,Web,,Clínica Médica,Health,México,Monterrey,Approved,00,False,16.37,,
TRX-GMSTFRWUHHHBR4CESAO8,2026-06-01 18:07:54,2026-06-01,PRD-TPJR0WJAKMJ3,CLI-4H05555BMNR2,Deposit,,273.67,USD,,App,,,,México,Puebla,Approved,,False,4.66,,
TRX-JFKANS30XSXMC7UKPXGF,2026-06-01 08:12:15,2026-06-01,PRD-UKG4ZFAG3WH7,CLI-EGC2S4HOFCY0,Withdrawal,,1588220.93,COP,397.06,POS,,,,Colombia,Cartagena,Approved,00,False,10.07,4.4359461,-74.2949385
TRX-O3C8CYAD3L9BJJ3VDXFA,2026-06-01 12:29:57,2026-06-01,PRD-NS0HG4M1YUZB,CLI-IZM5NX13JBCK,Transfer,,1304.19,USD,,POS,,,,México,Puebla,Approved,00,False,18.91,0.7934992,0.5336323
TRX-CBWN14M4IY1H9MNRWYIQ,2026-06-01 13:29:59,2026-06-01,PRD-HN8FI14FRIWV,CLI-1A5PC52RP32Z,Payment,Other,485373.39,COP,121.34,POS,,,,Colombia,Bogotá,Approved,00,False,26.06,4.0065882,-73.4855012
TRX-W3HBY7IEMSZHPE2KH7HL,2026-06-01 15:36:17,2026-06-01,PRD-Y39PWEBRL8M5,CLI-NA67GXO0N3QO,Payment,Services,115054.27,ARS,328.73,App,,,,Argentina,Mendoza,Approved,00,False,,,
TRX-W9ICKCHR222ELX08Z4QD,2026-06-02 03:26:32,2026-06-01,PRD-N8X8IFUGTOBP,CLI-L0D7G6PLDRXM,Withdrawal,,42334.95,ARS,120.96,Transfer,,,,Argentina,Mendoza,Approved,00,False,23.74,,
TRX-T6FW0HGVDJU2FYW2UST6,2026-06-01 10:18:36,2026-06-01,PRD-LKXVUXEWJMMM,CLI-J8FRHX8VI14P,Purchase,,1995093.03,COP,498.77,POS,,Gasolinera Express,Transport,Colombia,Cali,Approved,00,False,10.51,,
TRX-M0ZDXUF9WPO6ME16ORXT,2026-06-01 11:30:57,2026-06-01,PRD-5CM3T8Q8KGF6,CLI-XB5GFFVTGM2W,Adjustment,,562.23,USD,,POS,,,,México,Monterrey,Approved,00,False,11.97,,
TRX-06CV020C086H9U307P4L,2026-06-01 10:38:05,2026-06-01,PRD-HIZR19T8F21K,CLI-N2EHOQ1XIQQ6,Deposit,,2384.26,USD,,App,,,,México,Puebla,Approved,00,False,15.46,,
TRX-442F2QACGFFFK8XFEBV5,2026-06-02 01:10:42,2026-06-01,PRD-LZVE9I1UQ80U,CLI-1P7VZCDYJCPK,Transfer,,9852.2,USD,,POS,,,,México,Ciudad de México,Approved,00,False,25.81,0.7274775,0.5129915
TRX-CGROHPN98TJ3QTB9EYJA,2026-06-01 06:59:59,2026-06-01,PRD-1XDR3PJ4N0U1,CLI-FC0YDECSAX5J,Deposit,,812.58,USD,,POS,,,,México,Tijuana,Approved,00,False,6.6,,
TRX-572702R5G0SRP6IJS56K,2026-06-01 07:14:03,2026-06-01,PRD-2QBLDY113CS1,CLI-IPAR5YIENIVQ,Purchase,,486232.96,COP,121.56,ATM,SUC-TQX7379E,Tienda Don José,Food,Colombia,,Approved,,False,18.39,,
TRX-1BUM5SF8ZE94WPZ7EBG8,2026-06-01 12:43:50,2026-06-01,PRD-TO9OOFRAGQXW,CLI-DUGZ0UWMMO0C,Withdrawal,,717955.72,COP,179.49,POS,,,,Colombia,,Approved,00,False,5.67,,
TRX-TU9DB22TRDEXLQ2F8YQB,2026-06-01 20:29:57,2026-06-01,PRD-8WDSF48OMT20,CLI-8NAEAGHTDRS7,Purchase,Transport,18.55,USD,,POS,,Gasolinera Express,Transport,México,Monterrey,Approved,00,False,7.4,,
TRX-P84WMWVILHW1R4RT3C4D,2026-06-01 11:00:49,2026-06-01,PRD-V8XDTW5VHEJD,CLI-Q4BZP9KKXK1F,Deposit,,2932.81,USD,,App,,,,México,Monterrey,Approved,00,False,,,
TRX-G3QTGM349FE5OSPNIRT3,2026-06-01 10:01:52,2026-06-01,PRD-EHGA095B9Q6E,CLI-7XMDSM9ACO7T,Payment,Entertainment,1060.04,USD,,ATM,SUC-XUG645G9,,,Spain,Madrid,Declined,54,False,9.86,-0.6126056,0.7211837
TRX-YCNJQ7YA5YZOCKR0KOSI,2026-06-01 08:16:08,2026-06-01,PRD-T4N3DC2638OC,CLI-I2H5ENIWM7IU,Purchase,Entertainment,36102.44,COP,9.03,Transfer,,Streaming Music,Entertainment,Colombia,Bogotá,Approved,00,False,,,
TRX-TLABOKLQ3XP9G3Y1REFV,2026-06-01 12:26:15,2026-06-01,PRD-LONHS5SHOPI1,CLI-B1EVP2P87481,Adjustment,,359.68,USD,,App,,,,México,Querétaro,Approved,00,False,9.58,,
TRX-4O4CGEKYHEGZ50RCP1G7,2026-06-01 10:14:32,2026-06-01,PRD-7JUT77T2JQGY,CLI-2F5OEID1IVCR,Withdrawal,,256.34,USD,,Web,,,,México,Guadalajara,Approved,00,False,18.25,,
TRX-L089CRRX4BJPLZFXEMCQ,2026-06-01 16:40:56,2026-06-01,PRD-N8ZHOFNPD10F,CLI-ECEZBB4ASY0Q,Payment,Other,1818.35,USD,,App,,,,México,Tijuana,Declined,54,False,27.24,,
TRX-GS1O28PUSREEYX7W5LZX,2026-06-01 18:52:25,2026-06-01,PRD-AHCPXYOZUXNJ,CLI-0VZVZNK1ZJ19,Withdrawal,,62651.04,ARS,179.0,Web,,,,Argentina,La Plata,Approved,00,False,13.23,,
TRX-0DPOJYGUIRTXXGGTU8CU,2026-06-01 13:13:06,2026-06-01,PRD-5S0JT5XZ4MYT,CLI-WVYDNGDL39EZ,Withdrawal,,304.22,USD,,Branch,SUC-9L4T3P44,,,México,Puebla,Reversed,05,False,23.79,,
TRX-6I703TO6H4T487EQJGIU,2026-06-01 18:59:27,2026-06-01,PRD-UXKN1AQT0TKQ,CLI-3WUNDPDRWBI0,Payment,Transport,1952.6,USD,,POS,,,,México,Monterrey,Approved,00,False,17.46,,
TRX-OHW1NFQWRTAB6U9XDCO5,2026-06-01 09:27:47,2026-06-01,PRD-637YKKVAC7RT,CLI-45983EEMF9G6,Withdrawal,,137990.36,ARS,394.26,POS,,,,Argentina,Mendoza,Approved,00,False,24.63,-34.9946202,-59.2457376
TRX-9XC492EELLPDDCIA9OEH,2026-06-01 18:22:10,2026-06-01,PRD-RW1I651RI09S,CLI-T6KCBDIP1HNF,Withdrawal,,1982869.78,COP,495.72,POS,,,,Colombia,Cartagena,Approved,00,False,,,
TRX-TCQYXPJUX8RNSQ04NZVU,2026-06-02 03:59:22,2026-06-01,PRD-9DAKNWNR7QYB,CLI-2FKTNVMZ3HVH,Transfer,,6045.06,USD,,App,,,,México,Tijuana,Approved,00,False,20.28,,
TRX-1N5GP8VTSK6WMXI35388,2026-06-01 07:35:30,2026-06-01,PRD-CEVYT71IL407,CLI-38QGD8XQV2RX,Deposit,,15426813.55,COP,3856.7,ATM,SUC-8UUCS42Y,,,Colombia,,Approved,00,False,0.28,5.4133314,-73.6715027
TRX-795NTVG9VHUIIMAS2S0E,2026-06-01 15:18:26,2026-06-01,PRD-5C3O4BOZ5BO9,CLI-D0JY3AQ5IUCI,Withdrawal,,88606.13,COP,22.15,App,,,,Colombia,Bogotá,Approved,00,False,25.6,,
TRX-1S34PIMAPRYG468R0M82,2026-06-02 01:53:02,2026-06-01,PRD-HUS84K8KTTW1,CLI-4N4LWJ0V4ONH,Purchase,Other,84.57,USD,,POS,,,,México,Monterrey,Approved,00,False,1.51,,
TRX-A885Z5LJDN5396Q3JWII,2026-06-01 12:01:24,2026-06-01,PRD-YGHCGMN1X80F,CLI-0JRCK4W5NEYE,Transfer,,489698.31,ARS,1399.14,POS,,,,Argentina,Mendoza,Approved,00,False,,,
TRX-MV2059CSIVDCW6OH3E2B,2026-06-02 05:44:51,2026-06-01,PRD-N3G2X4K3LDHR,CLI-4CIY4AGP9Y89,Adjustment,,784.03,USD,,ATM,SUC-JD6LDRA8,,,México,Puebla,Approved,00,False,12.65,0.6048573,0.0593556
TRX-XFA83O21T8OMDWEDJK3T,2026-06-01 07:38:12,2026-06-01,PRD-NGR9ZXLPYE0Y,CLI-NMS2ZJDSHYE6,Withdrawal,,223.25,USD,,App,,,,México,Monterrey,Approved,00,False,15.68,,
TRX-2JJFGIY1HV5TGMFMKNIS,2026-06-01 14:20:59,2026-06-01,PRD-YG3L3MPM7OYB,CLI-ES76KI2MNC18,Payment,Services,1392753.74,COP,348.19,ATM,SUC-QLV3J046,,,Colombia,Cali,Approved,00,False,,,
TRX-22MHNZSYSYXH7KZ5BUPU,2026-06-02 04:43:33,2026-06-01,PRD-47Y0J4TPROI5,CLI-3OF8JMTCUPTC,Transfer,,5321.63,USD,,App,,,,Brazil,Rio de Janeiro,Approved,00,False,18.69,,
TRX-41YI4VMFUP8OYB5J25WC,2026-06-01 13:28:51,2026-06-01,PRD-MUUWJV12RKQP,CLI-PLKZFRDPUHSL,Withdrawal,,397.65,USD,,Web,,,,México,Tijuana,Declined,54,False,10.58,,
TRX-HUJTA99LLSBEIW7XT9N7,2026-06-01 18:44:35,2026-06-01,PRD-4LUZ7QG4PB1Y,CLI-3VE3HE054DL8,Transfer,,9045.15,USD,,POS,,,,Mexico,Monterrey,Approved,00,False,13.4,,
TRX-U7KM7ZNAARH2ZYDF1CSA,2026-06-01 23:29:19,2026-06-01,PRD-K5ITVZ28KRQP,CLI-ZOHKXHI8HFTT,Withdrawal,,1292298.92,COP,323.07,Web,,,,Colombia,,Approved,00,False,16.34,,
TRX-70G2OM7GQDZAS79Q1IZD,2026-06-01 15:33:12,2026-06-01,PRD-8DPMOKFOF38N,CLI-IGITUJE75MJ2,Deposit,,2144.19,USD,,ATM,SUC-YOXS8L6B,,,México,Querétaro,Approved,00,False,24.3,,
TRX-DMBKZ1TJRQQ7T8YBW186,2026-06-01 21:38:08,2026-06-01,PRD-1PRQOLE8DQLB,CLI-HF36KBJDMTXE,Withdrawal,,307.9,USD,,POS,,,,México,Tijuana,Approved,00,False,21.71,,
TRX-DVBJB5V02LXFS6EOVRSC,2026-06-01 16:23:44,2026-06-01,PRD-UPZDKWPNWC7N,CLI-8R32BV5HSYZI,Transfer,,3397504.86,ARS,9707.16,ATM,SUC-G7HRTTDE,,,Argentina,Rosario,Approved,00,False,29.86,-35.158866,-59.2159914
TRX-AHLMI4607QVHKL1EB154,2026-06-02 03:01:26,2026-06-01,PRD-TBAFCX31335K,CLI-FUGNPANALJ79,Transfer,,891723.97,ARS,2547.78,POS,,,,Argentina,Córdoba,Approved,00,False,17.48,,
TRX-BXIKPJ11TRQQU8V7WC85,2026-06-02 00:36:20,2026-06-01,PRD-UM9E4PJ4O2NU,CLI-WO396IG7T53H,Purchase,Transport,196.25,USD,,POS,,Uber,Transport,México,Monterrey,Approved,00,False,13.17,,
TRX-OUAVC9M9RO4SAJ6GHOGV,2026-06-01 07:22:49,2026-06-01,PRD-82PEW9TIW8A8,CLI-NCL4C6P66E4O,Transfer,,32234203.71,COP,8058.55,ATM,SUC-XPLAOSH4,,,Colombia,,Approved,00,False,,5.5225262,-74.304972
TRX-ZA1QOPI6TXLQNG9RTWDQ,2026-06-01 12:28:08,2026-06-01,PRD-3RKWRM6GI08E,CLI-1ILHWCJ9GAC8,Transfer,,2071356.05,ARS,5918.16,ATM,SUC-UVQ9U0YO,,,Argentina,Rosario,Approved,00,False,8.81,,
TRX-V3V6CP2O43ERJTFJXFRW,2026-06-02 04:09:52,2026-06-01,PRD-AXOYK13MO6FB,CLI-WB68TTNWKYHL,Adjustment,,706.49,USD,,POS,,,,México,Tijuana,Approved,00,False,20.64,-0.6700633,0.863449
TRX-DVMTXEG7V5KK0ZI8YJSW,2026-06-01 21:19:44,2026-06-01,PRD-CPBC3YGDSWKJ,CLI-OGO8761CXYWN,Purchase,Services,369073.59,COP,92.27,POS,,Cable TV,Services,Colombia,Cali,Approved,00,False,,,
TRX-CA742UAE3D0YHYUERJ84,2026-06-01 13:09:56,2026-06-01,PRD-OJIYXC0SHP5M,CLI-3U2Y3IRCJIRZ,Deposit,,1414170.62,ARS,4040.49,ATM,SUC-5S93Z8YS,,,Argentina,La Plata,Approved,00,False,1.23,,
TRX-TC95EFDD6QTA6UTZLI8R,2026-06-01 11:24:16,2026-06-01,PRD-E4QPYPY0KWQ4,CLI-FGDFU5JOFGR1,Withdrawal,,149595.4,ARS,427.42,POS,,,,Argentina,Buenos Aires,Approved,00,False,15.14,,
TRX-15BHKMAA9ZIX7ALMEV60,2026-06-01 06:59:45,2026-06-01,PRD-4EQOKA0SVUTP,CLI-D05I1TNOPGR2,Withdrawal,,146.37,USD,,POS,,,,México,Ciudad de México,Approved,00,False,1.8,,
TRX-M5HHHWLDIZN81PQLSP27,2026-06-01 16:14:06,2026-06-01,PRD-H93O8GNJMPYK,CLI-1LSS4LXLHK29,Purchase,Transport,474.4,USD,,POS,,Taxi Seguro,Transport,México,Tijuana,Approved,00,False,6.45,,
TRX-073FOC6OUV68W17J610C,2026-06-01 17:32:39,2026-06-01,PRD-6F7OIIUPNGQC,CLI-2LJB54OO1KVJ,Adjustment,,12.62,USD,,POS,,,,Colombia,Bogotá,Approved,00,False,27.28,,
TRX-LOT829F03DKIM1TP897L,2026-06-02 05:07:29,2026-06-01,PRD-TO6C23ICIIAR,CLI-G8D1HHWRQY4H,Deposit,,11926964.02,COP,2981.74,ATM,SUC-RFQLK7RX,,,Colombia,Bogotá,Approved,00,False,,3.8751828,-74.1775477
TRX-GZ276N3PKH8L0XLQAEGF,2026-06-01 21:40:23,2026-06-01,PRD-GY2GABSKXU5V,CLI-74DB5QXLUM70,Adjustment,,1612732.52,COP,403.18,ATM,SUC-EMGR60PV,,,Colombia,Medellín,Approved,00,False,9.21,5.2948794,-74.5747033
TRX-S11KUC27ANFTWJHFOASA,2026-06-01 14:36:13,2026-06-01,PRD-A0NV2J0V1GX2,CLI-S6RVHYTOXURY,Transfer,,1607717.06,ARS,4593.48,POS,,,,Argentina,,Approved,00,False,,-34.936035,-58.2906291
TRX-1SIXANFXCOB0JJ8X9XZB,2026-06-02 03:27:35,2026-06-01,PRD-W5MPB12IUGAA,CLI-VKLOYVUDMJN4,Purchase,,43.4,USD,,POS,,Cable TV,Services,México,Ciudad de México,Approved,,False,5.19,,
TRX-QE1N5UKLN65QUZPK2CXE,2026-06-02 03:12:05,2026-06-01,PRD-79HU1RMUAFAV,CLI-9VCZ5RNUJU50,Purchase,Other,1053582.3,COP,263.4,ATM,SUC-IV7HG0FV,Tienda General,Other,Colombia,Bogotá,Approved,00,False,23.31,3.9618775,-74.3851515
TRX-19HZ6V3KPMSO7NGECDQZ,2026-06-02 00:41:59,2026-06-01,PRD-WTAOK2JRFNZR,CLI-C9WFRBZA8WQF,Deposit,,1209987.28,COP,302.5,ATM,SUC-CBL7ISR7,,,Colombia,Cartagena,Approved,00,False,25.9,,
TRX-AHMWFLMRSUMDFUC4J5OE,2026-06-01 14:19:45,2026-06-01,PRD-YL2JTHH6YSJ0,CLI-6GGJZKXOI5Z8,Withdrawal,,477.03,USD,,ATM,SUC-ZVFW3M23,,,Argentina,,Approved,00,False,23.98,,
TRX-8MKALB8HATF3JLVRFHYP,2026-06-01 06:31:44,2026-06-01,PRD-RPHZ1QA9W0CA,CLI-GI9JCZANH7QT,Purchase,Food,259.07,USD,,ATM,SUC-9J6GQRJ4,Restaurante El Buen Sabor,Food,México,,Approved,00,False,25.5,,
TRX-V3BWQWWHNPOZ4BWKU3QO,2026-06-01 07:27:24,2026-06-01,PRD-IE5DQ72NZKHN,CLI-U2FJNWELQAL6,Deposit,,1828.75,USD,,ATM,SUC-0OJNMRLP,,,México,Guadalajara,Approved,00,False,5.07,-0.6517921,-0.0703098
TRX-6124K8SD0WC6P3WJ6C3K,2026-06-01 22:35:13,2026-06-01,PRD-IDU39H0KX9RS,CLI-45PQH7TQBD3G,Payment,Services,5777958.45,COP,1444.49,ATM,SUC-1C51KLB3,,,Colombia,Cartagena,Approved,00,False,9.48,3.7276061,
TRX-3X3VCOQ240KGHXKM3EX2,2026-06-01 19:38:03,2026-06-01,PRD-C7PGZ3UIXERH,CLI-YFS7JFVVOK3Z,Transfer,,4423.98,USD,,ATM,SUC-S49Q0IRI,,,México,Puebla,Approved,,False,9.19,-0.1854064,-0.2713406
TRX-NKZ9SN70UW4JYOQPN3FV,2026-06-01 17:56:05,2026-06-01,PRD-TWP3AE4YJL6O,CLI-05DYJ5HX1550,Payment,Food,449.93,USD,,POS,,,,México,Ciudad de México,Approved,00,False,13.5,,
TRX-T22PJHLFU52JK3R18RXW,2026-06-02 05:34:57,2026-06-01,PRD-C1DQLNV5QM7V,CLI-Q8N060CRL25J,Withdrawal,,155159.11,ARS,443.31,POS,,,,Argentina,Buenos Aires,Approved,00,False,,,
TRX-9N9EGQYWZXJXM7JNWJCE,2026-06-01 18:16:42,2026-06-01,PRD-BKLEC7P8EEDH,CLI-9UDAJ2V7F9W5,Withdrawal,,141.46,USD,,ATM,SUC-7TVQFT2O,,,México,Guadalajara,Pending,05,False,12.35,,
TRX-O3JUBJICDXT61K084SM6,2026-06-01 15:39:20,2026-06-01,PRD-SN2CYY8NFOGC,CLI-8H9IV8QBP7X3,Withdrawal,,259.35,USD,,App,,,,México,Querétaro,Approved,00,False,,,
TRX-6VG1R269HCTHC8BF1I5C,2026-06-02 02:58:03,2026-06-01,PRD-URXH2J5O85CR,CLI-1JB5PGICMHLX,Withdrawal,,483.07,USD,,POS,,,,México,Puebla,Approved,00,False,10.73,0.2279134,0.2020282
TRX-QSI2VUPLVWV4V4GKNJPV,2026-06-01 18:44:53,2026-06-01,PRD-TH4JGFXP8543,CLI-IPXVJ0D7LJT6,Deposit,,1589.46,USD,,POS,,,,México,Puebla,Approved,00,False,,,
TRX-0K1XXWF8515984SPNEYF,2026-06-02 01:41:20,2026-06-01,PRD-56FBSXTU1A1T,CLI-ZU69QKVCDS2T,Purchase,Food,177.91,USD,,POS,,Restaurante El Buen Sabor,Food,Colombia,Cartagena,Approved,00,False,18.14,,
TRX-GYDBCCH9O7XOO0I4A0O3,2026-06-02 02:39:19,2026-06-01,PRD-O0AI7VRHV27S,CLI-OL64YQHT28DU,Transfer,,2613933.27,ARS,7468.38,Web,,,,Argentina,Rosario,Approved,00,False,14.53,,
TRX-SKUZBCT5MJ9OJ2OQFN8F,2026-06-02 05:36:32,2026-06-01,PRD-37XGX3MF9M7F,CLI-X8QHRA7NPT45,Deposit,,3279319.89,COP,819.83,POS,,,,Colombia,Cartagena,Approved,00,False,29.8,,
TRX-RP7LFE244POH8YWJQPUC,2026-06-01 19:51:15,2026-06-01,PRD-NQULWL40SW4U,CLI-3VGM8UP7JYKR,Payment,Services,1587.35,USD,,App,,,,México,Querétaro,Approved,,False,22.04,,
TRX-28M2ZZZBGZ9TOAIFSRY1,2026-06-01 06:33:57,2026-06-01,PRD-0FBKZ01P8X1I,CLI-V9FV3V75LJKT,Deposit,,4313.49,USD,,App,,,,México,Guadalajara,Approved,,False,6.21,,
TRX-Z8DN7ULOBQ4699GWOTWP,2026-06-02 02:14:08,2026-06-01,PRD-0D9HTRBXG3ME,CLI-KZB48V26BL1U,Adjustment,,289.34,USD,,POS,,,,México,Ciudad de México,Approved,00,False,4.83,-0.1659945,0.3285063
TRX-UPQV8A95KQRKEY8JZGZ9,2026-06-01 21:19:03,2026-06-01,PRD-1V0945B4CZCU,CLI-9038VCMQJGXX,Purchase,Food,152079.67,ARS,434.51,POS,,Super Ahorro,Food,Argentina,Córdoba,Approved,00,False,,,
TRX-8HTGGW24FTOJ5CAGQZGI,2026-06-01 12:22:19,2026-06-01,PRD-EH0VZXDBZ1QI,CLI-KGK8J2F8L3HO,Purchase,Food,489538.92,COP,122.38,ATM,SUC-MSYTX2WG,Restaurante El Buen Sabor,Food,Colombia,Cartagena,Approved,00,False,,5.5864352,-73.1979064
TRX-FR3UWVEH7BMZ63E8D3U3,2026-06-01 06:34:11,2026-06-01,PRD-3HP1Z93U9DC7,CLI-49CKW4CSOE7G,Payment,Food,7203057.55,COP,1800.76,Web,,,,USA,Los Angeles,Approved,00,False,27.32,,
TRX-HOZDIJTPODS1U1ZWIH32,2026-06-01 17:49:39,2026-06-01,PRD-9DRAMBBIP0NU,CLI-PL5E6GRD8Q9G,Transfer,,2868.07,USD,,POS,,,,México,Querétaro,Approved,00,False,,,
TRX-FM2UAV7TFZ5OOUO4YDLZ,2026-06-01 20:06:40,2026-06-01,PRD-HB5PHLOLZXYC,CLI-L8XF5OOFX3Z5,Payment,Entertainment,379.89,USD,,App,,,,México,,Approved,00,False,11.76,,
TRX-RYO0WKIIDBKD7TVQG6BI,2026-06-01 08:39:25,2026-06-01,PRD-270HWMADUC7I,CLI-BMQK7OTL3Q3C,Transfer,,7527.1,USD,,POS,,,,Colombia,Barranquilla,Approved,00,False,4.62,5.4740473,-73.4464849
TRX-ZNVWVL3N2V0EWE7AMC1Z,2026-06-02 00:24:12,2026-06-01,PRD-IFCKVW14TJUG,CLI-YJ1546YZNK4P,Purchase,Food,6.2,USD,,POS,,Restaurante El Buen Sabor,Food,Colombia,Barranquilla,Approved,00,False,,,
TRX-3QLZ8NBBXJDYEZTN4RFE,2026-06-01 09:01:28,2026-06-01,PRD-CJDZPE340G9F,CLI-4XWA9I9PZ5LZ,Adjustment,,445.26,USD,,ATM,SUC-R1MU0X5G,,,México,,Approved,00,False,1.9,0.7787543,-0.3591947
TRX-JX6BSKMJBFP64Z15JZXX,2026-06-01 21:28:30,2026-06-01,PRD-J5WEEC3LMHN8,CLI-2OV9VI5AKQNH,Transfer,,4101.4,USD,,POS,,,,México,Tijuana,Approved,00,False,13.95,,
TRX-YSZ0XW94JYOHGBQ29C1V,2026-06-01 08:58:31,2026-06-01,PRD-7PF3C02V8HZ7,CLI-NKG7YT4UICD4,Purchase,Food,33079.91,ARS,94.51,ATM,SUC-GTAY0XHL,Super Ahorro,Food,Argentina,Buenos Aires,Approved,00,False,28.87,,
TRX-7Q8GJHSY2KM99F80S9PE,2026-06-01 10:40:53,2026-06-01,PRD-MXLSOV1GSB5K,CLI-CFWNGIQM29A1,Deposit,,8395115.83,COP,2098.78,POS,,,,Colombia,Cali,Approved,00,False,,4.9413448,-74.9567551
TRX-54FI2YG9OJTN32UQITRB,2026-06-02 02:42:25,2026-06-01,PRD-F4WZDCWCH6XH,CLI-LVALSW7NP0V5,Withdrawal,,218.84,USD,,Branch,SUC-C28AFJAZ,,,Spain,Sevilla,Approved,00,False,13.72,0.4202354,0.7532989
TRX-IRE2M5NUN9TU0M8MY4A4,2026-06-02 01:42:26,2026-06-01,PRD-U43QQ4P99BAL,CLI-ZPSYVHMSWNQL,Purchase,Services,126343.35,COP,31.59,App,,Internet Plus,Services,Colombia,Bogotá,Approved,00,False,5.69,,
TRX-PGHRCX8F5FDNWYK420PH,2026-06-01 09:09:46,2026-06-01,PRD-EV43ZK8DV8OX,CLI-WPCZM1GR2UQW,Transfer,,37928340.01,COP,9482.09,ATM,SUC-JA4P9IIP,,,Colombia,Bogotá,Approved,00,False,14.08,,
TRX-T2ROXFQT3QL7YFS6GHHV,2026-06-01 21:13:06,2026-06-01,PRD-2VYT035PEMR7,CLI-52H0CBTTBC33,Purchase,Entertainment,670222.23,COP,167.56,Web,,Teatro Nacional,Entertainment,Colombia,Barranquilla,Approved,00,False,,,
TRX-DRBKG54V32QOJB2VK3PX,2026-06-01 20:43:48,2026-06-01,PRD-ZHNHJQFNQS12,CLI-LLWDWVG8L2ZB,Purchase,Entertainment,365.48,USD,,ATM,SUC-NOBD5N9U,Conciertos Live,Entertainment,México,Tijuana,Approved,00,False,12.51,0.7388324,-0.5167507
TRX-QUPWMD6SIES52WYNTSH0,2026-06-01 19:05:43,2026-06-01,PRD-4IYJBPNSIAQ1,CLI-L1V0F1EZCQFM,Payment,Services,3948738.5,COP,987.18,POS,,,,Colombia,Bogotá,Approved,00,False,,4.901063,-74.8712493
TRX-IXLJSNYFIZZCU1VXFKGH,2026-06-01 06:51:18,2026-06-01,PRD-0RXTWSFODBLJ,CLI-DV9LBFLO8KWT,Withdrawal,,1282998.25,COP,320.75,POS,,,,Colombia,Cartagena,Approved,00,False,25.97,5.4756674,-73.3436746
TRX-LZF53TEXIY94638O0TWI,2026-06-01 18:04:11,2026-06-01,PRD-HU60NJHNEQQ0,CLI-AOELJQ8WR0LF,Purchase,Transport,61.43,USD,,Branch,SUC-349TR6OC,Estación de Servicio,,México,Puebla,Approved,00,False,5.77,,
TRX-1AWAG9GY0V5BF2P7MBMC,2026-06-02 00:53:01,2026-06-01,PRD-AS3MWMBYBH3Q,CLI-9EEMJYAVJW91,Adjustment,,957.94,USD,,Web,,,,México,Tijuana,Approved,00,False,0.76,,
TRX-KXHP53ZUUYW4PN3O4FLZ,2026-06-01 13:59:49,2026-06-01,PRD-F1KOCPFHW0M9,CLI-UMAH8S0F2H7B,Purchase,Entertainment,17963.46,ARS,51.32,App,,,Entertainment,Argentina,Mendoza,Approved,00,False,20.89,,
TRX-W3HJ8DDLWAXEV2CW8REO,2026-06-01 10:09:50,2026-06-01,PRD-FLXUMKJ0GNPL,CLI-4JVLI6A1A83F,Withdrawal,,290277.41,COP,72.57,ATM,SUC-XPLAOSH4,,,Colombia,Bogotá,Approved,00,False,27.6,,
TRX-BWCD7IMBFOLP3ZFFWRLH,2026-06-01 21:33:17,2026-06-01,PRD-DT2JACQ7FWGH,CLI-WFQDRY29N8TO,Withdrawal,,498.31,USD,,Web,,,,México,Tijuana,Approved,00,False,9.95,,
TRX-Y4KAPDCMUJ6BG3ZN0CP3,2026-06-01 18:25:20,2026-06-01,PRD-UBUDGC9TF8NR,CLI-RN13N5S1OXC0,Deposit,,2819.94,USD,,ATM,SUC-CGL8D37U,,,México,Ciudad de México,Approved,00,False,22.86,,
TRX-S6DZ2ORZMPQYMHG99NYG,2026-06-01 23:47:21,2026-06-01,PRD-1GAO0V3JXYOT,CLI-KF4QTE6Q1BZT,Transfer,,1059334.43,ARS,3026.67,POS,,,,USA,,Approved,00,False,29.31,,
TRX-56NS7ANQ3VMHX93NLLA6,2026-06-01 14:47:44,2026-06-01,PRD-ZZOQD2MJ2GC2,CLI-DOHXPATQYV7S,Purchase,Entertainment,409.99,USD,,ATM,SUC-4ZFT9FN6,Teatro Nacional,Entertainment,México,Monterrey,Approved,00,False,18.33,,
TRX-5XFC13MTWRED4REOCLOT,2026-06-01 22:04:59,2026-06-01,PRD-52SEWM5CL7Y5,CLI-SZ2FJHAQSPHK,Purchase,Entertainment,207.69,USD,,ATM,SUC-WSSLNOPN,Cine Premium,Entertainment,México,Tijuana,Approved,00,False,14.47,-0.5993231,-0.2598643
TRX-SINBG70HPS41LF7FY0FV,2026-06-01 08:38:03,2026-06-01,PRD-LHHPQUT5WP8B,CLI-1NSBPQQLQB96,Transfer,,756.92,USD,,ATM,SUC-J532XZ5B,,,México,Monterrey,Pending,05,False,12.59,,
TRX-VY912FJV2G9DHQDT64G2,2026-06-02 03:51:48,2026-06-01,PRD-4RHV5LBZAOK2,CLI-PH4TSBT5PLZZ,Deposit,,109.56,USD,,POS,,,,México,Tijuana,Approved,00,False,,,
TRX-QBZGT67C52ZMWY7FBG06,2026-06-02 01:43:34,2026-06-01,PRD-6KJ38FQ1YTIL,CLI-IZFG4MOVK8N3,Purchase,Transport,303.36,USD,,POS,,Taxi Seguro,Transport,México,Querétaro,Approved,00,False,0.79,,
TRX-9RY44X17HQYFQ6Y8L3WM,2026-06-01 23:20:17,2026-06-01,PRD-3ISM0C40WV5Q,CLI-FT3M4DYOX9AZ,Withdrawal,,94827.0,ARS,270.93,ATM,SUC-6M2HY1ZX,,,Argentina,Buenos Aires,Approved,00,False,1.17,,
TRX-0WHW03PU5XV4TL2130RA,2026-06-01 20:59:20,2026-06-01,PRD-K54LZEMBQLEN,CLI-EZIR89S3RB4G,Transfer,,9995.11,USD,,Web,,,,México,Querétaro,Approved,00,False,7.29,,
TRX-4L168B33XNYWN45BHRLS,2026-06-01 13:03:26,2026-06-01,PRD-EQTI9VHFD7HB,CLI-2M4S2BQTA4DH,Payment,Entertainment,1814.3,USD,,App,,,,México,Tijuana,Approved,00,False,26.28,,
TRX-V8GOP2I3RU5BDGEPSF5F,2026-06-01 16:57:20,2026-06-01,PRD-RQLPVTOVLAAQ,CLI-P4DVA2Q0S74J,Payment,Health,1910778.53,COP,477.69,App,,,,Colombia,Cartagena,Approved,00,False,2.1,,
TRX-QPTO1FXQ8SRFFRI60458,2026-06-02 00:29:27,2026-06-01,PRD-T5Q2PP7XM3Z6,CLI-HF3YG64MBF9Q,Deposit,,2576067.49,COP,644.02,App,,,,Colombia,,Approved,00,False,10.41,,
TRX-ZQHE9UQLJ62E2A2FF6MD,2026-06-01 13:25:03,2026-06-01,PRD-1JFU213IYX9P,CLI-6F6N64DJG44K,Purchase,Food,430.55,USD,,POS,,Restaurante El Buen Sabor,Food,Colombia,Medellín,Reversed,05,False,27.6,4.4228961,
TRX-39T1W1EP9K8ZZE9OFX47,2026-06-01 17:15:48,2026-06-01,PRD-TEDJTRIS1LWZ,CLI-R6II53N3DO8X,Deposit,,4130.1,USD,,POS,,,,México,Tijuana,Declined,51,False,,,
TRX-B7G7KBYC6MTNWAE8RTF1,2026-06-02 03:50:24,2026-06-01,PRD-JK2P5CU5F5BY,CLI-7K0V1ZGXNRE1,Adjustment,,705.4,USD,,POS,,,,México,Guadalajara,Approved,00,False,,,
TRX-VLA4CSYOEC6Q1IFGOD1A,2026-06-01 11:39:47,2026-06-01,PRD-ZBFO6H41AL0A,CLI-SMG1PPA32Z6A,Transfer,,3852.14,USD,,App,,,,Colombia,Medellín,Approved,00,False,25.16,,
TRX-8IX7RSKBY2UTPPYESH9U,2026-06-01 22:17:12,2026-06-01,PRD-M73MYQ2AX9HP,CLI-9DUUBKIL13N5,Transfer,,1718.33,USD,,ATM,SUC-GPHM9NB1,,,Colombia,Bogotá,Reversed,05,False,6.99,,
TRX-SC1SHYACEVQ7B0XB199B,2026-06-02 03:25:36,2026-06-01,PRD-XCVGVBHNHCJD,CLI-NHG1ITCRRB5M,Payment,Services,1662.83,USD,,App,,,,México,Tijuana,Approved,00,False,,,
TRX-F5SKMSGSS924I1L4IXQM,2026-06-01 17:12:37,2026-06-01,PRD-EW6GLCAHPBDK,CLI-HQMT786ED4XC,Transfer,,8665.66,USD,,POS,,,,México,Guadalajara,Approved,00,False,26.7,,
TRX-MVNI0C5WD8OJZYEJ60VL,2026-06-01 16:55:11,2026-06-01,PRD-GFMGPM35LIQP,CLI-TO0MU2B2BSL6,Transfer,,26291335.31,COP,6572.83,Web,,,,Colombia,Cartagena,Approved,,False,7.46,,
TRX-T0FISZISUPSRCZ24C1KI,2026-06-01 08:57:06,2026-06-01,PRD-FL6SMHKI200I,CLI-0OSA975G744T,Payment,Other,727.84,USD,,POS,,,,México,Monterrey,Approved,00,False,20.35,,
TRX-UGQZ7J9J3JSH59WE1T8I,2026-06-01 15:07:38,2026-06-01,PRD-W6E549X93X2F,CLI-DNO5QSG1ZWVU,Withdrawal,,160197.39,COP,40.05,App,,,,Colombia,Barranquilla,Approved,00,False,5.58,,
TRX-M7PL9T7J5D3F9AM7IHHQ,2026-06-02 03:17:14,2026-06-01,PRD-B0UXIQZPLZLM,CLI-D11QXMPCDSZ9,Purchase,Entertainment,227.52,USD,,ATM,SUC-KKZOCIP3,Cine Premium,Entertainment,México,,Approved,00,False,14.47,0.0640747,-0.0166244
TRX-BF7OAYJJPB3SX3V641XS,2026-06-01 09:42:54,2026-06-01,PRD-T2NUMARMZIKY,CLI-H53T7DZA3U73,Transfer,,32576409.74,COP,8144.1,ATM,SUC-FF1CG8O5,,,Colombia,,Approved,00,False,23.86,,
TRX-5KVUG8BXDYVJMSIU5KRN,2026-06-02 03:38:50,2026-06-01,PRD-L0FMDHSUTYUL,CLI-SQSEV9R9AQ9T,Transfer,,13325293.51,COP,3331.32,ATM,SUC-X3OFCBL0,,,Colombia,Medellín,Declined,51,False,,,
TRX-5BEEBLGX2EOJF7WU3WAF,2026-06-01 07:51:18,2026-06-01,PRD-BTQJT3ZOXJ91,CLI-GLSH5X15BBRX,Deposit,,2953.54,USD,,POS,,,,México,Monterrey,Approved,00,False,26.08,,
TRX-V4TMG0SCVGR1C1WJAA8C,2026-06-02 04:22:33,2026-06-01,PRD-ITKL4NHZL5L3,CLI-N7I2E9CS8EJO,Transfer,,2085.62,USD,,POS,,,,México,,Approved,00,False,8.03,,
TRX-VQYS1K3RG0UKDOFOQKRQ,2026-06-01 18:29:55,2026-06-01,PRD-DR802QIO1LHQ,CLI-ABXXAWEE0LG2,Transfer,,3623354.42,COP,905.84,POS,,,,Colombia,,Approved,00,False,17.23,4.5120517,-74.1374688
TRX-BTGLOGE873H9IIMXEF17,2026-06-01 10:19:21,2026-06-01,PRD-KIHH8UW9CFFX,CLI-81EMVJ073K33,Deposit,,2558.79,USD,,App,,,,México,Querétaro,Approved,00,False,4.55,,
TRX-V3A10LO9OTCL67CZN9X0,2026-06-01 21:14:51,2026-06-01,PRD-LSMKUYPPK2J4,CLI-S5BPF8TVCUBD,Withdrawal,,185.02,USD,,ATM,,,,México,Querétaro,Approved,00,False,23.94,,
TRX-GVHB0PRHJQAYSLPKV4OG,2026-06-01 06:47:12,2026-06-01,PRD-UEYD9ARG22BY,CLI-OINZEZNUEKHP,Adjustment,,920.34,USD,,Web,,,,México,Puebla,Approved,00,False,9.25,,
TRX-968BKRQAE12UTPPDI5P7,2026-06-02 05:26:00,2026-06-01,PRD-GFWLXJPQDDVW,CLI-U6AFPEBYMU53,Withdrawal,,152.5,USD,,POS,,,,México,,Approved,00,False,10.04,,
TRX-GP1OA995S7UGP17SHBU7,2026-06-02 04:33:53,2026-06-01,PRD-B9LGRAL5GOND,CLI-KBPST5YP50RL,Transfer,,9408.3,USD,,ATM,SUC-FQBLIDK9,,,México,Guadalajara,Approved,00,False,,,
TRX-BJHLG6D3NZ7E3AFOLBE8,2026-06-01 11:34:31,2026-06-01,PRD-FJF7PBUBP5G3,CLI-XVSH7EEHR2YZ,Deposit,,137346.78,ARS,392.42,ATM,SUC-7ZY1HPL0,,,Argentina,Buenos Aires,Approved,00,False,5.97,,
TRX-4NV722PA3VB3N0QP085L,2026-06-01 15:52:31,2026-06-01,PRD-3IRMX5F2OXK1,CLI-T9K5B09O5VWJ,Withdrawal,,55526.43,ARS,158.65,ATM,SUC-2VHGDILI,,,Argentina,Mendoza,Approved,00,False,2.15,,
TRX-5IDWUMQAN8JKCTI59PC3,2026-06-02 00:49:59,2026-06-01,PRD-E1D6Y4WUQGFG,CLI-UHSXYPLOR65G,Payment,Services,1774.02,USD,,POS,,,,México,,Approved,00,False,23.73,-0.3855942,-0.7187065
TRX-R7KDFDX5FZPGEKZP1FN5,2026-06-01 20:28:36,2026-06-01,PRD-RG33BEGY1ZUI,CLI-KVLIWDU8Z6V9,Withdrawal,,289.2,USD,,ATM,SUC-98QOW3F1,,,México,,Declined,14,False,,,
TRX-Y5WAF9WNGX0C40N1AAIO,2026-06-01 07:05:43,2026-06-01,PRD-2ZAQAZ6M3PA9,CLI-0P88NYKLO709,Transfer,,9846.26,USD,,ATM,SUC-5FCLNF9U,,,México,Ciudad de México,Approved,00,False,11.85,,
TRX-WE0NFSI72LOTLU6HPIS3,2026-06-02 00:25:17,2026-06-01,PRD-6LMAHNSYSDU4,CLI-PFEDLSL5CODJ,Purchase,Other,1302756.9,COP,325.69,POS,,Ferretería,Other,Colombia,Bogotá,Approved,00,False,21.27,5.6092674,-74.5369595
TRX-XG46Y2QTP4PSEQN0ZNRJ,2026-06-01 12:49:31,2026-06-01,PRD-AU3RT2C5B8M6,CLI-BX2H0210PIN6,Withdrawal,,179.27,USD,,POS,,,,México,Querétaro,Approved,00,False,8.17,,
TRX-GDPE3ZC8XZAQXA5TKHH7,2026-06-02 01:03:10,2026-06-01,PRD-AHNATBIH4UNH,CLI-3S2YVAM77KRN,Transfer,,776512.89,ARS,2218.61,Web,,,,Argentina,Rosario,Approved,00,False,10.36,,
TRX-ZHAZ0QKYZZUCZ0T1MNPX,2026-06-01 06:14:29,2026-06-01,PRD-ZQ8LYM9WLUVE,CLI-Q3B1XJIR8LC5,Withdrawal,,116173.58,ARS,331.92,ATM,SUC-UVQ9U0YO,,,Argentina,Mendoza,Approved,00,False,5.45,,
TRX-CVLO14I9A79433FWSRX5,2026-06-01 13:29:51,2026-06-01,PRD-J7ATADLCR7Z1,CLI-TTXCHQFQVIZ1,Payment,Transport,553.76,USD,,Web,,,,México,Tijuana,Approved,00,False,9.59,,
TRX-ZO94GIIAQU5VE1J2NRPB,2026-06-02 05:00:54,2026-06-01,PRD-THUPAOB0ZCBK,CLI-F03KCESJ87BS,Payment,Other,910.78,USD,,Web,,,,Brazil,São Paulo,Approved,00,False,28.06,,
TRX-ATDUJAEYUCEN7K6MC298,2026-06-01 19:58:06,2026-06-01,PRD-HLTKPOKUF2QX,CLI-OGUCPTXUXAJJ,Transfer,,3904098.97,COP,976.02,POS,,,,Colombia,Bogotá,Approved,00,False,6.31,,
TRX-SZNMSI93KCSVF8JYXRLP,2026-06-01 14:30:40,2026-06-01,PRD-OS6UZVBNBGJ4,CLI-JTI2IBTOBV8Q,Deposit,,1269179.99,ARS,3626.23,Web,,,,Argentina,Rosario,Approved,00,False,,,
TRX-LZVVAV081ZZQOQPY1PR9,2026-06-01 15:28:35,2026-06-01,PRD-J535QF2ZG8RP,CLI-6AOK5VDDNW87,Withdrawal,,174.57,USD,,ATM,SUC-DL6TAAQL,,,México,Querétaro,Approved,00,False,,,
TRX-WZ5BCRSD79EI6FKTCJ4W,2026-06-02 04:14:51,2026-06-01,PRD-AXLA1YPC5XLJ,CLI-1IQGTGQJ7CKS,Payment,Food,6713043.78,COP,1678.26,App,,,,Colombia,Barranquilla,Approved,00,False,4.62,,
TRX-R4I2997NY5R83RCLKAOE,2026-06-01 22:56:07,2026-06-01,PRD-4S5B8PKJ1DL5,CLI-AJRUXMV57740,Withdrawal,,122.78,USD,,POS,,,,México,Monterrey,Approved,00,False,12.13,,
TRX-L3EZYRJHLDKMXM057CKW,2026-06-01 07:05:13,2026-06-01,PRD-EV4H6X74302P,CLI-WXXSNXRPXNKZ,Payment,Transport,1784.86,USD,,Web,,,,México,Puebla,Approved,00,False,25.95,,
TRX-XA54NG8HYNLS9U8CR6ME,2026-06-01 15:20:14,2026-06-01,PRD-U3XI6OESAIGP,CLI-WWMO0KDUQW6S,Deposit,,497.6,USD,,POS,,,,Colombia,Cartagena,Approved,00,False,26.2,5.5403514,-74.681859
TRX-O71USAVJ5Q4PTOUAF9T4,2026-06-02 04:00:54,2026-06-01,PRD-W7QAI5MJYQ1R,CLI-GFZQT0VK1CG7,Withdrawal,,1347143.15,COP,336.79,POS,,,,Brazil,Rio de Janeiro,Approved,00,False,15.34,,
TRX-S4CTYCIWNRSSFA2CI9QO,2026-06-02 00:47:33,2026-06-01,PRD-L195NSI8CWFR,CLI-2D6L5OZIZP31,Transfer,,8703.83,USD,,POS,,,,México,Puebla,Approved,00,False,5.01,0.0774804,0.1064103
TRX-YS1T4YJFP8C3IBAXIO30,2026-06-01 12:19:25,2026-06-01,PRD-5B9BUAIQFDMN,CLI-04H7SROLDHCG,Purchase,Transport,255.83,USD,,Web,,Estación de Servicio,Transport,México,Guadalajara,Approved,00,False,29.57,,
TRX-LCQIX4EPZA8W9QEJB7TG,2026-06-01 09:31:52,2026-06-01,PRD-DFSZDBR680KZ,CLI-RYDZLYWQME0L,Purchase,Services,318.52,USD,,Branch,SUC-XT96PBC0,Internet Plus,Services,USA,Houston,Approved,00,False,26.57,,
TRX-YCBR5Y055XBFC6S21S9E,2026-06-01 16:50:42,2026-06-01,PRD-ZWMBG06C99NN,CLI-C5EHUIV0XQ7A,Payment,Other,686586.88,ARS,1961.68,Web,,,,Argentina,Córdoba,Approved,00,False,13.47,,
TRX-1DZCE4PIEKMOVVO4LPMT,2026-06-01 09:26:00,2026-06-01,PRD-GXOTT0LJ59QN,CLI-B1JYMQ9LMJ2C,Payment,Food,1554.32,USD,,POS,,,,México,Monterrey,Approved,00,False,,,
TRX-88IN4P1JU9UGSCSJW04L,2026-06-01 19:12:56,2026-06-01,PRD-YOSF8N96B98M,CLI-J8M0TAXAM215,Purchase,Food,424.17,USD,,Branch,,Super Ahorro,Food,México,Querétaro,Approved,00,False,12.86,,
TRX-ZFEHRE8PZTKDZ0MJKFP9,2026-06-01 22:40:12,2026-06-01,PRD-SHS3MVEFDEBB,CLI-OYKWKHC7DH25,Payment,Entertainment,1894.24,USD,,POS,,,,México,Guadalajara,Approved,00,False,2.9,-0.883066,-0.8399691
TRX-IY1J8ZCO6L1O0U0MD0P1,2026-06-01 08:19:28,2026-06-01,PRD-KJCQQK5H1HUL,CLI-GHXZYW8PZ5HL,Deposit,,19047687.37,COP,4761.92,POS,,,,Colombia,Cartagena,Approved,00,False,28.15,,
TRX-ZNGR5T67OIKCTG888HLE,2026-06-02 04:46:17,2026-06-01,PRD-2KINB45BBR90,CLI-HC49PFL29G56,Transfer,,7254.22,USD,,ATM,SUC-PUPXM7MA,,,México,Puebla,Approved,00,False,,,
TRX-I1BHZ7IOXVQ4M80GS4CC,2026-06-01 23:55:49,2026-06-01,PRD-NM8QJQ37QEJD,CLI-LBYK2VHAHO3L,Payment,Health,3865180.82,COP,,ATM,SUC-JA4P9IIP,,,Colombia,,Approved,,False,,,
TRX-H1E9V2TVZA4LVOR56JN6,2026-06-01 19:14:54,2026-06-01,PRD-JUZ6ZLD48PXV,CLI-79J10O4EQDDJ,Purchase,Food,4341.52,ARS,12.4,App,,Super Ahorro,Food,Argentina,La Plata,Approved,00,False,4.63,,
TRX-AK73NB51S2WB2D335E8D,2026-06-01 08:29:17,2026-06-01,PRD-O0ZBUZ0V94FK,CLI-T2K6COKDSMUL,Withdrawal,,460144.64,COP,115.04,ATM,SUC-C93NERQQ,,,Colombia,Bogotá,Approved,00,False,6.71,,
TRX-WC9XS7RZ5TOXFP8FU8HK,2026-06-01 19:01:42,2026-06-01,PRD-Q4U97GDZ2AGV,CLI-4F7D37ZIEJD3,Adjustment,,55727.45,ARS,159.22,Web,,,,Argentina,Mendoza,Approved,00,False,4.84,,
TRX-VBGV650P0US5PL8S6XEB,2026-06-01 21:02:57,2026-06-01,PRD-SUSRZ69D1O5W,CLI-NGEKLU2GSUXA,Withdrawal,,61.73,USD,,Web,,,,México,Puebla,Declined,14,False,0.68,,
TRX-19JPZNSIDNGCEF8UVM27,2026-06-02 05:35:22,2026-06-01,PRD-FEOFSBQB3M07,CLI-NVX3YCIBEOE2,Payment,Transport,435472.45,ARS,,ATM,SUC-XHNP3DLP,,,Argentina,Rosario,Approved,00,False,20.01,,
TRX-ZP9LLNS0IZ1MBO6LIDTQ,2026-06-01 06:34:59,2026-06-01,PRD-03QVW0SP5M54,CLI-9Y5RH8R2ZD95,Transfer,,8076.38,USD,,ATM,SUC-YZRQJS5X,,,México,Querétaro,Approved,00,False,10.13,,-0.3256656
TRX-ROTG53N93YQLDHZJX8J2,2026-06-01 23:22:41,2026-06-01,PRD-RUEK07HF0PIH,CLI-84DZXZTJJ9ZN,Purchase,Services,46.93,USD,,POS,,,Services,México,Guadalajara,Approved,00,False,29.83,,
TRX-V4YL8W2PD0P59X7XRECA,2026-06-02 03:42:08,2026-06-01,PRD-69YSKJYYRMHR,CLI-EMW8F3H8L6MP,Deposit,,8178306.14,COP,2044.58,POS,,,,Colombia,Medellín,Approved,00,False,25.29,5.4144594,-74.9757658
TRX-DU5S3NUJSFNUKWX2X66A,2026-06-01 13:28:04,2026-06-01,PRD-P2V8IWFSQ8SG,CLI-H37TB6XJ8TIE,Transfer,,35924994.05,COP,8981.25,POS,,,,Colombia,Bogotá,Approved,00,False,14.63,5.4463519,-73.4792121
TRX-8FAVHF8PBZ9J9B0JDYGD,2026-06-01 10:33:52,2026-06-01,PRD-U50BW9S97BO4,CLI-Z3EDQQD7FI4B,Purchase,Entertainment,63.79,USD,,App,,Teatro Nacional,Entertainment,México,Puebla,Approved,00,False,10.91,,
TRX-EHMHT4P3XHGY3EMX9V6M,2026-06-01 19:36:58,2026-06-01,PRD-GDBBHAKQCHE4,CLI-ZEKJQ3FZM6KG,Payment,Food,1057600.23,COP,264.4,Branch,SUC-EMGR60PV,,,Colombia,Cali,Approved,,False,23.43,,
TRX-FZYZNXPTXHRIMPHPPDCE,2026-06-01 12:03:41,2026-06-01,PRD-U2M3RG841BO9,CLI-9IYHQZOOBJC1,Withdrawal,,470.0,USD,,Web,,,,México,Puebla,Approved,00,False,0.87,,
TRX-8VE76P7RD0F7GFS79R4J,2026-06-01 21:01:46,2026-06-01,PRD-2WYXGCPTPAHB,CLI-Q5UKSZDJ4AGI,Deposit,,1401.73,USD,,ATM,SUC-1AT6YUKJ,,,Spain,Valencia,Declined,54,False,22.35,,
TRX-J9KKSS579423U3XYSWVZ,2026-06-01 08:04:01,2026-06-01,PRD-FM62W2SAOSA4,CLI-5C43XG0JOYFP,Transfer,,7695.7,USD,,Web,,,,México,Tijuana,Approved,00,False,16.18,,
TRX-15WACUNPXCXYENRUGCIZ,2026-06-01 15:13:10,2026-06-01,PRD-SY9HRJHU01T2,CLI-KPDGQ6GM6LU9,Withdrawal,,307.95,USD,,POS,,,,México,Guadalajara,Approved,00,False,29.65,,
TRX-76YFVP17QZI50COWP514,2026-06-01 19:18:04,2026-06-01,PRD-TIBAXDWFJEQ6,CLI-EMD5HFFLWVV3,Transfer,,10355172.78,COP,2588.79,Web,,,,Colombia,Cartagena,Approved,00,False,7.03,,
TRX-Z5T2FZ63U7HLMD41EAJN,2026-06-01 22:04:54,2026-06-01,PRD-ZZB0AZFSTDZQ,CLI-0W4MJU157GKS,Withdrawal,,66.41,USD,,ATM,SUC-RDJC9IH3,,,México,Ciudad de México,Approved,00,False,8.41,-0.0716889,-0.7120336
TRX-9PDV8Z6CXR1NSEYTHFJZ,2026-06-02 02:42:04,2026-06-01,PRD-WE5MMAF9KVHK,CLI-6QQVJU1F628Q,Payment,Entertainment,824.87,USD,,POS,,,,México,Querétaro,Approved,00,False,17.98,,
TRX-IGV7W09JBUUCB30SGI91,2026-06-02 04:32:26,2026-06-01,PRD-ELBVSBTDAN1N,CLI-KIUT7HU0CNJF,Withdrawal,,71.47,USD,,Transfer,,,,México,Puebla,Approved,00,False,,,
TRX-N8OPXMDBFPFC10G5P5CG,2026-06-01 07:14:59,2026-06-01,PRD-6DZUW97ONYCC,CLI-06Q3L9NK43Y9,Payment,Transport,384179.55,ARS,1097.66,POS,,,,Argentina,Rosario,Approved,,False,18.81,-35.1926756,-58.280981
TRX-35ADPOOMYLUFTSE2XPU8,2026-06-01 17:03:27,2026-06-01,PRD-3FLUXSIAI8Z4,CLI-7EPFHZNE5GXL,Deposit,,469523.75,ARS,1341.5,App,,,,Argentina,Buenos Aires,Approved,00,False,1.86,,
TRX-UGSRF7RZX4OZD0O40UG1,2026-06-02 05:03:58,2026-06-01,PRD-6SOOBEDCOGSF,CLI-HG6ZDSRIZRF2,Purchase,Transport,77.46,USD,,POS,,Gasolinera Express,Transport,México,Guadalajara,Approved,00,False,13.03,,
TRX-Y9Y8Y0LPIIBPFW59IQM2,2026-06-01 18:54:06,2026-06-01,PRD-J4UP21HFB4MI,CLI-RA266ND1XFKI,Deposit,,16418908.04,COP,4104.73,App,,,,Colombia,Bogotá,Approved,00,False,23.26,,
