transaction_id,transaction_date,process_date,product_id,customer_id,transaction_type,transaction_category,amount,currency,amount_usd,channel,branch_id,merchant_name,merchant_category,transaction_country,transaction_city,transaction_status,response_code,is_fraud,fraud_score,latitude,longitude
TRX-ERGZXKUVYAA7Z38DX6Z2,2026-04-18 18:45:43,2026-04-18,PRD-88ZPDOLAPOK1,CLI-4T9YPUP94I96,Deposit,,4195.57,USD,,Transfer,,,,México,,Approved,00,False,7.62,,
TRX-M4DK65T5NENJRC63WC0B,2026-04-19 03:37:25,2026-04-18,PRD-QKH9HNNM3CY6,CLI-NHCD0O01LR2E,Payment,Transport,852.72,USD,,ATM,SUC-DN1V9J1Z,,,México,,Approved,00,False,,,
TRX-5HDQCS3Q3QN8L5SIYENS,2026-04-19 03:35:58,2026-04-18,PRD-ZXDRALMMJ3BA,CLI-6MXYSCO82JA1,Payment,Services,262.64,USD,,Branch,SUC-KI33JLSV,,,México,Querétaro,Declined,51,False,6.91,,
TRX-XETLEDGR5265839FGQE4,2026-04-19 05:09:12,2026-04-18,PRD-MEUDS8N0GT9X,CLI-QDLXY64KO8DM,Purchase,Services,197.02,USD,,ATM,SUC-4ML8OJM1,Servicios Públicos,Services,México,Monterrey,Approved,00,False,29.47,0.007374,0.3577628
TRX-TSFHONDMTEEK5TUEM27M,2026-04-18 16:06:23,2026-04-18,PRD-76VVA8RAL055,CLI-2V4Z9ULVKWUT,Transfer,,19846333.59,COP,4961.58,POS,,,,Colombia,Cali,Approved,00,False,1.67,,
TRX-ZHVKY1F4J7MXTP213EL0,2026-04-18 06:53:16,2026-04-18,PRD-29YFJGLAOFGN,CLI-DAJ2GKFEGSDY,Transfer,,5951.98,USD,,App,,,,Colombia,Cali,Approved,00,False,10.81,,
TRX-4WI8K8RHYFS7Z3VY50KU,2026-04-18 14:59:22,2026-04-18,PRD-BJQ1HBDKVASL,CLI-MGI4ZRJ98WMQ,Transfer,,383.23,USD,,Web,,,,Mexico,Guadalajara,Approved,00,False,17.57,,
TRX-A2P62GPJKSEO1O6SXHSP,2026-04-18 20:17:58,2026-04-18,PRD-U0QGML0BB64L,CLI-RAVTQNGFB6NX,Withdrawal,,1380643.56,COP,345.16,POS,,,,Colombia,Barranquilla,Approved,00,False,23.41,5.0413825,-74.4476791
TRX-IMXUIG54AGAY674J3VQU,2026-04-19 04:46:59,2026-04-18,PRD-3DA6ZAKBLWJH,CLI-A21XL99T6KWZ,Purchase,Health,266.45,USD,,ATM,SUC-SDXPHMG4,Farmacia Salud,Health,Mexico,Ciudad de México,Approved,00,False,,,
TRX-7WNEYLXROE2IGWGE43MR,2026-04-18 17:59:40,2026-04-18,PRD-M6KJFAWKD0M9,CLI-4SWBLEG44PML,Purchase,Health,109804.79,ARS,313.73,POS,,Farmacia Salud,Health,Argentina,Rosario,Approved,00,False,22.67,,
TRX-QGRLIJKJWE0USYP5VJ1C,2026-04-18 22:14:03,2026-04-18,PRD-DOKEEWPR2CGY,CLI-NKOB3BM1H4UR,Payment,Services,589364.51,ARS,1683.9,Web,,,,Argentina,Mendoza,Approved,,False,1.62,,
TRX-2ZF7IXEQF6MTSMTBZKGJ,2026-04-18 16:11:22,2026-04-18,PRD-EGTJBR0D29ZT,CLI-Q8UGTXYZWVZU,Purchase,Transport,18.49,USD,,POS,,,Transport,México,Ciudad de México,Approved,00,False,5.95,,
TRX-LM4ULM4GDNUXGSGYDY6S,2026-04-18 07:52:06,2026-04-18,PRD-SWRS8KDUEBV5,CLI-XJCWMHC9V6NV,Withdrawal,,151887.07,ARS,433.96,ATM,SUC-JBECVTZ8,,,Argentina,Rosario,Approved,00,False,,-33.7807988,-57.9371331
TRX-MJ4RF9EC2Y343K469LOZ,2026-04-18 18:51:36,2026-04-18,PRD-GGJZJ07AZ2ST,CLI-54MIRGMXA39H,Withdrawal,,308.0,USD,,ATM,SUC-XAEWUJQS,,,México,Querétaro,Approved,00,False,20.95,,
TRX-18765X13S9V3ZN19TVE7,2026-04-19 03:03:56,2026-04-18,PRD-LJ7QTJTYL1ES,CLI-6Z2KK9CBHA70,Purchase,Food,144.66,USD,,POS,,Tienda Don José,Food,México,Ciudad de México,Approved,00,False,,,-0.7266235
TRX-2YXC4COC8VWYRW1NMDOC,2026-04-18 12:10:40,2026-04-18,PRD-BDI0FF4L0VX8,CLI-ZSEFLAKANJ1T,Withdrawal,,88105.88,COP,22.03,ATM,SUC-HQWDAM56,,,Argentina,Buenos Aires,Approved,,False,2.88,,
TRX-DT89K6ZV0PAZWFGI09YM,2026-04-19 02:54:05,2026-04-18,PRD-JXZWGOFOYL8S,CLI-0OONQPZH9B2T,Withdrawal,,1139481.9,COP,284.87,ATM,SUC-8UUCS42Y,,,Colombia,Medellín,Approved,00,False,22.59,5.3135471,-74.0121806
TRX-O9UZR9EH2LH673P5LJ9Q,2026-04-18 14:15:24,2026-04-18,PRD-DI84AZADDNXQ,CLI-2I2YXW7SYS4F,Payment,,488.31,USD,,ATM,SUC-4ZFT9FN6,,,México,Tijuana,Approved,00,False,17.05,,
TRX-BC7A08RHK4OPSSSQ4UG2,2026-04-18 10:45:58,2026-04-18,PRD-CSW556KNWCE0,CLI-BVWXRD89REW7,Purchase,Health,155.33,USD,,ATM,SUC-EN5GYCON,Clínica Médica,Health,México,Guadalajara,Approved,00,False,,,
TRX-0PXNDFYJF95TI618WAHT,2026-04-18 13:07:21,2026-04-18,PRD-2ON7SDLI0N9N,CLI-P7KLWZ1NQ286,Purchase,Entertainment,39731.11,ARS,113.52,POS,,Streaming Music,Entertainment,Argentina,Rosario,Approved,00,False,6.08,-33.8320668,-59.197596
TRX-PQGBOIN0YHQ4ABPBY2AS,2026-04-18 19:35:32,2026-04-18,PRD-8FZQV0IA0P5N,CLI-UGS8VQBOPTCB,Withdrawal,,208.38,USD,,Web,,,,México,Monterrey,Approved,,False,24.86,,
TRX-5R6JNCS1D0OR2IS323TD,2026-04-18 07:18:49,2026-04-18,PRD-VX4LJZTBJ9XP,CLI-15H4CNWMI5EW,Payment,Transport,529246.9,ARS,1512.13,POS,,,,Argentina,Rosario,Approved,00,False,,-35.4900186,-57.6994486
TRX-3PFT7F4JQJ1N3SBU6HOF,2026-04-18 11:42:45,2026-04-18,PRD-7U315XNKFCN3,CLI-S8PNQPMOFCAS,Withdrawal,,147101.1,ARS,420.29,Branch,SUC-YO2Y6PA3,,,Argentina,,Approved,00,False,19.48,-34.1849099,-57.6639291
TRX-FRAO7S78VHXSRIFO6I33,2026-04-18 23:30:16,2026-04-18,PRD-Q4H0013U1GMA,CLI-B2EBCS556190,Purchase,Health,1713113.57,COP,428.28,Web,,Óptica Visión,Health,Colombia,Bogotá,Approved,00,False,,,
TRX-GKG9OOGX1V1LUXZM1UJP,2026-04-18 13:43:53,2026-04-18,PRD-5J57S1ZLZ4A9,CLI-Q61RX23S0AHE,Withdrawal,,429.37,USD,,App,,,,México,Guadalajara,Approved,00,False,25.19,,
TRX-YHNRRMVPY32KZ1S6JQ2C,2026-04-18 17:05:39,2026-04-18,PRD-V226VVP2A9YV,CLI-S2L1RZLRC43A,Transfer,,2681.02,USD,,App,,,,Mexico,Puebla,Approved,00,False,11.62,,
TRX-H2MI6K7DM36BOZ0E5YC5,2026-04-18 17:59:34,2026-04-18,PRD-PVMTDUZ4XQYB,CLI-JNXNN1T7VTYM,Deposit,,4193.5,USD,,Web,,,,México,Tijuana,Approved,00,False,25.67,,
TRX-I81IGNN0VZ82PC796FX7,2026-04-18 10:30:36,2026-04-18,PRD-9WDV3BT155V1,CLI-4PZEBJ5FJ8PC,Payment,Entertainment,310.25,USD,,App,,,,México,Ciudad de México,Approved,00,False,6.76,,
TRX-9RNEDEOAM23KZ4ZUGAAV,2026-04-18 07:11:48,2026-04-18,PRD-K32EB24KXJUW,CLI-LA7EVUR3VC98,Purchase,Entertainment,183.54,USD,,App,,Cine Premium,Entertainment,México,Puebla,Declined,51,False,5.55,,
TRX-LQSCE2158OY4RYR79D3R,2026-04-18 11:22:15,2026-04-18,PRD-JJUP1JYOXLQJ,CLI-W4O9DZRBW3GT,Purchase,Transport,258.25,USD,,App,,Taxi Seguro,Transport,México,Puebla,Approved,00,False,,,
TRX-FG278ZTJ3WB41XN6YZWB,2026-04-18 11:44:20,2026-04-18,PRD-MIF5SLFZ2X7V,CLI-BZWR1P97I9BX,Payment,Entertainment,3293379.43,COP,823.34,App,,,,Brazil,,Approved,00,False,,,
TRX-E6C9LIE6W3Q3IOOXTGG5,2026-04-18 16:15:27,2026-04-18,PRD-C9J4MGQ6ILXR,CLI-V2Z1W535G72Y,Payment,Other,1149080.18,COP,287.27,ATM,SUC-9FWCAJXI,,,Colombia,Medellín,Approved,00,False,0.8,,
TRX-GW2X036BEUVQJSO984HD,2026-04-18 22:42:15,2026-04-18,PRD-HYD7J2QYXW04,CLI-DND99ZEA7BMI,Payment,,1430.81,USD,,App,,,,México,Puebla,Approved,00,False,0.88,,
TRX-IDFMR7H8PUDEYPLQ3CSH,2026-04-18 18:19:52,2026-04-18,PRD-QDD83EZRIUO5,CLI-99ZXHXW20UFY,Withdrawal,,1310945.19,COP,327.74,POS,,,,Colombia,Cali,Approved,00,False,,,
TRX-ALBXFHXA17WA74M2GFQA,2026-04-18 12:47:27,2026-04-18,PRD-WVOFTFU7UNGI,CLI-IRW1RJIIU3H0,Withdrawal,,46220.88,ARS,132.06,POS,,,,Spain,Madrid,Approved,,False,4.39,,
TRX-67L07SZS0J8ESHYNAV6G,2026-04-18 17:41:47,2026-04-18,PRD-1MJSW04QN5O2,CLI-5PCYOU1I5D8L,Purchase,Services,164.67,USD,,POS,,Servicios Públicos,Services,México,Ciudad de México,Approved,00,False,9.56,,
TRX-RP2247HDQPR7OARG4IRY,2026-04-18 16:37:36,2026-04-18,PRD-DS5JTUKDTIUP,CLI-VDVG2TNP053L,Deposit,,4679.3,USD,,Web,,,,México,Querétaro,Approved,00,False,,,
TRX-WZ5W0RJINAJ007CRRRUK,2026-04-18 11:01:04,2026-04-18,PRD-D5K9N1QYQ9OL,CLI-47897Z60EU0Y,Transfer,,1206.91,USD,,POS,,,,México,Monterrey,Approved,00,False,22.43,,
TRX-JAFK69IHCSQFTPAI6NRY,2026-04-18 15:59:22,2026-04-18,PRD-B7Z8NCRO6N82,CLI-OI7FACTGTPO2,Transfer,,6149.77,USD,,POS,,,,USA,New York,Approved,00,False,,,
TRX-KEYKN6H1UR8SU9XXHUPY,2026-04-18 23:41:53,2026-04-18,PRD-USLCBSXU2IPT,CLI-V7EQ3SNA8SK0,Deposit,,3612.95,USD,,POS,,,,México,Monterrey,Approved,00,False,14.06,,
TRX-L10ZFZTXAD33UXH178SG,2026-04-18 06:41:03,2026-04-18,PRD-1XUL19RS51PN,CLI-VNGU9H38K55R,Deposit,,6893192.29,COP,1723.3,ATM,SUC-DG6C9C1K,,,Colombia,Bogotá,Approved,00,False,9.51,,
TRX-EJG577MUJPFCKR2V94QH,2026-04-18 10:54:38,2026-04-18,PRD-RI4TRK7NHRBM,CLI-N115XTK42LNX,Deposit,,13769474.68,COP,3442.37,ATM,SUC-AXEH5GB0,,,Colombia,Cali,Approved,00,False,,,
TRX-H2WR4LIHZRHRSV82M6M9,2026-04-18 07:57:35,2026-04-18,PRD-C4494Y6RE11N,CLI-0DHJNJ973SBU,Transfer,,260757.18,ARS,745.02,Transfer,,,,Argentina,Rosario,Approved,00,False,15.29,,
TRX-5RTOWL06CTWKYYKACB0N,2026-04-19 02:33:32,2026-04-18,PRD-K0RGBBZC1MTF,CLI-0WJJKMPXSMVI,Purchase,Services,233.26,USD,,ATM,SUC-ZXOSBE5D,Cable TV,Services,México,Querétaro,Approved,00,False,,0.0440795,0.3959676
TRX-5SEZEFG77EESK8SKG48Y,2026-04-18 09:25:47,2026-04-18,PRD-5FE5IE22E76D,CLI-NQ4ZP62LU7ZZ,Purchase,Other,416.66,USD,,Web,,Tienda General,Other,México,Puebla,Approved,00,False,3.37,,
TRX-3WOZV6S766NRTJ66Y0UF,2026-04-18 13:23:57,2026-04-18,PRD-Y9IEY6MMU7LC,CLI-6LJF85P4YTB8,Payment,Other,689247.66,ARS,1969.28,App,,,,Argentina,Córdoba,Approved,00,False,29.35,,
TRX-TPYVDETWHPW3H8508I12,2026-04-18 10:35:38,2026-04-18,PRD-LF9V5YHSAEN1,CLI-R0KLKXXQJQF7,Transfer,,3128591.9,COP,782.15,ATM,SUC-M447M9GU,,,Brazil,São Paulo,Approved,00,False,15.76,,
TRX-J59H80KW28JHTIL8RLYF,2026-04-18 09:35:52,2026-04-18,PRD-BLHXP4UVM26X,CLI-5NR0FNFBJZM5,Withdrawal,,489.67,USD,,POS,,,,México,Ciudad de México,Declined,54,False,,0.4975053,0.3497127
TRX-GQSPI0P5OH9V0KITD316,2026-04-18 16:04:13,2026-04-18,PRD-B2BIA7MJ4RNP,CLI-XXCE5MLA0NQU,Purchase,Health,171.14,USD,,App,,Clínica Médica,Health,Argentina,Mendoza,Approved,00,False,4.81,,
TRX-2GIKHGOY3Q07LZ8I5O6W,2026-04-18 06:18:05,2026-04-18,PRD-935PAZBG4E4Z,CLI-2G3H7EBYZO35,Withdrawal,,437.47,USD,,ATM,SUC-6RHR3MME,,,México,Tijuana,Approved,00,False,16.87,,
TRX-R0CER313EUT7OX7MI2D5,2026-04-18 15:56:59,2026-04-18,PRD-2SWPTC2EPGKK,CLI-VFBG198A6WFZ,Deposit,,1628599.38,COP,407.15,Web,,,,Colombia,,Approved,00,False,21.6,,
TRX-UOSW9TDYJVHLX2XL39CE,2026-04-18 12:05:01,2026-04-18,PRD-59NCTUGO6Y07,CLI-KHETO6148EDF,Purchase,Health,477.87,USD,,Web,,Farmacia Salud,Health,México,Puebla,Approved,00,False,7.74,,
TRX-RIPRXP8QE4V10LRCKOIG,2026-04-18 21:14:00,2026-04-18,PRD-SCA5FQNV9VST,CLI-9QSFQJNX9HB9,Transfer,,6931.6,USD,,POS,,,,México,,Approved,,False,25.4,,
TRX-II7SPLQOWPBZYTUNJIF2,2026-04-18 18:42:42,2026-04-18,PRD-P78GKPZMPB7G,CLI-EJ9W5F2DF142,Withdrawal,,230.02,USD,,ATM,SUC-I8M9CS2Y,,,México,Querétaro,Approved,00,False,,,
TRX-PM2QIMW63R6XB38S24W2,2026-04-18 11:50:03,2026-04-18,PRD-UYDW4L450BIO,CLI-G197D1F96WUP,Payment,Services,1749.15,USD,,POS,,,,México,Guadalajara,Approved,00,False,,-0.056877,-0.1764271
TRX-WSSVBWPF1Y3TUM8TT2A5,2026-04-19 02:17:54,2026-04-18,PRD-PA0MS46N6K8G,CLI-LMLQ29T38TUJ,Transfer,,3497233.32,ARS,9992.1,POS,,,,Argentina,Rosario,Approved,00,False,,-35.4076371,-59.0822597
TRX-5DXMTQ0I2R63NEI36SLK,2026-04-18 06:55:56,2026-04-18,PRD-59D0EEF4SSGL,CLI-L7PE3S4Q9NQP,Withdrawal,,1948908.13,COP,487.23,ATM,,,,Colombia,Cali,Approved,00,False,,4.7093828,-74.6025073
TRX-HNEOJOE3POBRAP6Q0DXU,2026-04-18 06:42:37,2026-04-18,PRD-M656Q0DLL52I,CLI-LLRT858IHNV0,Withdrawal,,226.63,USD,,ATM,SUC-ZAMLQY77,,,México,,Approved,00,False,,,
TRX-2C4G89NM83IU654SE6LQ,2026-04-19 02:56:42,2026-04-18,PRD-11NTGJT50GE6,CLI-BLMFLLVF8GYY,Withdrawal,,870316.06,COP,217.58,Web,,,,Colombia,Medellín,Approved,00,False,18.03,,
TRX-OQ2C4PZ8FS8IMHMIQ42J,2026-04-18 07:47:35,2026-04-18,PRD-YER1LG3Y8BK5,CLI-4SB4NS842J8K,Purchase,Entertainment,30.46,USD,,ATM,SUC-9DE11KDA,Teatro Nacional,Entertainment,México,Monterrey,Approved,00,False,0.42,,
TRX-83WV8B9INSBPH96KZJ6A,2026-04-18 08:57:53,2026-04-18,PRD-0DY47K2N3AQ0,CLI-CKZNCTZK4MMJ,Purchase,Services,224.11,USD,,Web,,Servicios Públicos,Services,México,Tijuana,Approved,00,False,21.51,,
TRX-2HVFO6TYI699KIC3UDYH,2026-04-18 23:10:57,2026-04-18,PRD-9SS0XI8BN1WX,CLI-P0CSAA5B8JO9,Transfer,,669.31,USD,,POS,,,,México,Querétaro,Approved,00,False,27.17,-0.7298092,0.9697012
TRX-ON1Y2PEE80JTDQL0DY19,2026-04-19 02:27:55,2026-04-18,PRD-Y4968K3CS1UN,CLI-J0C82RRRJQ71,Withdrawal,,488.7,USD,,Web,,,,Colombia,Cali,Approved,00,False,2.88,,
TRX-30IN4AA0YC51HDZJADG1,2026-04-18 21:03:40,2026-04-18,PRD-FIAYEQ0IUMCO,CLI-KTLPNYJTYKQO,Transfer,,2416.61,USD,,Web,,,,México,Querétaro,Approved,00,False,27.17,,
TRX-SPKH2QQZUBYLAFKW0J4M,2026-04-19 04:18:26,2026-04-18,PRD-UAX07AV3H88N,CLI-3SJQE74Z4UZG,Purchase,Other,83897.07,ARS,239.71,Web,,Ferretería,Other,Argentina,Córdoba,Approved,00,False,22.01,,
TRX-UEGKR3GQSKDUUYLTIA4N,2026-04-18 10:22:18,2026-04-18,PRD-H7SMUF6OR09D,CLI-60B7PHAMK50P,Transfer,,964.57,USD,,Web,,,,México,Guadalajara,Approved,00,False,4.51,,
TRX-KBEC988BG86XHOOPGI8U,2026-04-19 05:43:54,2026-04-18,PRD-EGDZASY0VOWL,CLI-8BVXJKBXJNGL,Deposit,,1715.16,USD,,Web,,,,Argentina,,Approved,00,False,4.47,,
TRX-X8AE3WYNBEZDOTBNS36R,2026-04-18 14:35:04,2026-04-18,PRD-HYMQ83CM59XV,CLI-KRVUKGWIIN7U,Purchase,Services,140594.28,ARS,401.7,Web,,Servicios Públicos,Services,Argentina,Rosario,Approved,00,False,18.57,,
TRX-LPVWONH1X34QYVEZ3I3W,2026-04-19 01:23:36,2026-04-18,PRD-RVC650A6GKBM,CLI-9O6A3UYGJRQY,Purchase,Other,484.65,USD,,Web,,Tienda General,,México,Ciudad de México,Approved,00,False,18.08,,
TRX-NRPBDEAA7KF705I2OSHO,2026-04-18 07:04:52,2026-04-18,PRD-DFW5NK6TGC9I,CLI-ZVRLA9S8TDMQ,Payment,Other,819.1,USD,,ATM,SUC-8P0IDMOM,,,México,Puebla,Approved,00,False,4.84,,
TRX-VCG0N11M6Y8Q40XMF4GK,2026-04-18 17:13:12,2026-04-18,PRD-N0Q45JSH7QWL,CLI-WUSAHQJHBY0T,Purchase,Transport,170546.45,ARS,487.28,ATM,SUC-4JYR8GOV,Taxi Seguro,Transport,Argentina,,Approved,00,False,0.01,-34.1438298,-58.9317664
TRX-Z0VY5J8D8787PCWHV3D8,2026-04-18 14:27:07,2026-04-18,PRD-RFIXB31C39DE,CLI-HG8G074TAACZ,Purchase,Other,1817031.02,COP,454.26,POS,,Boutique Moda,Other,Colombia,Cartagena,Approved,00,False,,,
TRX-G1NX2EO72LJYJMVHGDV4,2026-04-18 09:51:12,2026-04-18,PRD-A6FKZKUS3DLK,CLI-RHL1ZNYY0IOD,Adjustment,,149242.18,COP,37.31,Web,,,,Colombia,Barranquilla,Approved,00,False,18.02,,
TRX-VBGVBKL35HAWJRS3IM67,2026-04-18 08:30:23,2026-04-18,PRD-HF9SLE9KTXGD,CLI-AHVH5XV20ONL,Purchase,Transport,351.89,USD,,POS,,Taxi Seguro,,México,Querétaro,Approved,00,False,5.28,,
TRX-5KN7WCLKDW0GJA37V6TP,2026-04-18 22:12:45,2026-04-18,PRD-L60N04GIE8RK,CLI-E8G2SO49BIZC,Purchase,Food,131.49,USD,,POS,,Tienda Don José,Food,USA,Los Angeles,Approved,00,False,29.7,,
TRX-5HMAVEN1L8VRQ6JNJ9QG,2026-04-18 19:17:19,2026-04-18,PRD-XZUOKNSWHUNL,CLI-XEZUZAAXPRS9,Purchase,Health,321.65,USD,,ATM,SUC-XZM2NPS4,Clínica Médica,Health,Colombia,,Approved,00,False,17.75,,
TRX-HO68FWNHWWIOI7B1685E,2026-04-18 15:18:24,2026-04-18,PRD-OJWFKT9YH39A,CLI-1BJAA7U2XUM7,Deposit,,18217577.83,COP,4554.39,POS,,,,Colombia,,Approved,00,False,9.12,,
TRX-HFXCVGVMOVH92C0RTQ23,2026-04-18 19:59:43,2026-04-18,PRD-G53TBCO6YBIK,CLI-ZE26PZ7PV2AW,Deposit,,4213.14,USD,,POS,,,,México,,Approved,00,False,26.05,,
TRX-IEX0IQPE8IJAJCFDPY3W,2026-04-18 15:40:01,2026-04-18,PRD-JNOM9VU0D74D,CLI-QBAJ1BSVOYAV,Withdrawal,,287.67,USD,,POS,,,,México,Guadalajara,Approved,00,False,,0.6710887,0.6886161
TRX-3B26CC0IC7H5VFM4JBH7,2026-04-18 07:33:50,2026-04-18,PRD-MO4FZMTW95UK,CLI-HTJW9JHTKHC9,Payment,Services,1778.3,USD,,POS,,,,México,Querétaro,Approved,00,False,,,
TRX-V3MQVIY1PCHK55I5OS4R,2026-04-18 14:08:17,2026-04-18,PRD-PNBKTDDXOOAH,CLI-MSQSRCEPWKX6,Adjustment,,262.26,USD,,POS,,,,México,,Approved,00,False,26.76,,
TRX-HD3ODUPUG28KGLBO6543,2026-04-18 19:17:32,2026-04-18,PRD-KBKKSMAS2PKS,CLI-TCEVZTNQ73FF,Purchase,Entertainment,904395.67,COP,226.1,App,,Conciertos Live,Entertainment,Colombia,Medellín,Approved,00,False,18.17,,
TRX-61OIT3XK4FNPYVDQNCHQ,2026-04-18 19:23:25,2026-04-18,PRD-D960POL5UL40,CLI-4XECXE3CW8DJ,Deposit,,4736.25,USD,,App,,,,México,Tijuana,Approved,00,False,18.71,,
TRX-0RUB4MR5INF06Q0Z74XW,2026-04-18 08:46:17,2026-04-18,PRD-V0LW9Z57M2M8,CLI-W8PBT0JTW6G1,Withdrawal,,162934.38,ARS,465.53,POS,,,,Argentina,Buenos Aires,Approved,00,False,,,
TRX-4WPUTAUY9YYJGWGH9YXE,2026-04-19 01:18:12,2026-04-18,PRD-MTTFUPVMF4RY,CLI-IKCOSUQSDYIL,Deposit,,881.8,USD,,ATM,SUC-KI33JLSV,,,México,Querétaro,Approved,,False,,,
TRX-N264WRCSR5NKHG00YUYU,2026-04-18 16:52:06,2026-04-18,PRD-PAYM0WUSZCRW,CLI-ZPKN410BAV5A,Withdrawal,,70491.07,ARS,201.4,ATM,SUC-7ZY1HPL0,,,Argentina,Buenos Aires,Approved,00,False,29.8,,
TRX-8ATAEX0TM2MLYPJTQD3D,2026-04-19 05:39:08,2026-04-18,PRD-3WQ2HEH6GYWC,CLI-2SPKDS2QAQ6L,Withdrawal,,106561.06,ARS,304.46,POS,,,,Argentina,Córdoba,Approved,00,False,3.87,-35.160299,-57.8803558
TRX-D8QA27XBQF53AIQSZN1H,2026-04-18 18:22:13,2026-04-18,PRD-1Q7B65TYZYF3,CLI-9LVN0O5EJYUV,Transfer,,6614288.61,COP,1653.57,App,,,,Colombia,Barranquilla,Approved,00,False,24.87,,
TRX-JP70DZ8RWU63WZB7RWIP,2026-04-18 15:41:47,2026-04-18,PRD-Y7RA7BMETJS3,CLI-M2ET7RQLTOTU,Transfer,,4580.27,USD,,App,,,,México,Tijuana,Approved,,False,,,
TRX-GBB7M5D8UZAA4NDY7K41,2026-04-18 11:40:43,2026-04-18,PRD-AE36FT1DYLLI,CLI-D4KA1PWITLYV,Purchase,Food,1165731.32,COP,291.43,App,,Tienda Don José,Food,Colombia,,Approved,00,False,13.66,,
TRX-713FL5XXM1GMZYW6F36D,2026-04-18 18:29:31,2026-04-18,PRD-TEKN7TYUT74O,CLI-76Y59I1H11NY,Transfer,,3785.91,USD,,ATM,SUC-F61XHTE2,,,México,Guadalajara,Approved,00,False,24.99,0.2450447,-0.2363627
TRX-68CKBWZRXJV2I1WO6A2U,2026-04-18 22:40:02,2026-04-18,PRD-T2JB9ZUXQPQI,CLI-NS9SXOL1JA4L,Payment,Food,1532.26,USD,,App,,,,Colombia,Medellín,Approved,00,False,27.34,,
TRX-JHKEDGJ7NGWJ2PWC2CGT,2026-04-18 16:56:25,2026-04-18,PRD-IO360D3IGOL9,CLI-LTHRCQQKPKPA,Withdrawal,,335.63,USD,,POS,,,,México,Puebla,Approved,00,False,16.11,,
TRX-EUQ90IHDCBZH03V42B7V,2026-04-18 17:46:47,2026-04-18,PRD-045BCA98ZXNR,CLI-74Y5BZXV2PA6,Transfer,,20943325.46,COP,5235.83,App,,,,Colombia,Bogotá,Approved,00,False,28.63,,
TRX-G6TJ45SEPLV2CZILY5HL,2026-04-18 08:55:52,2026-04-18,PRD-0ZBHTXVU6450,CLI-X9S4GKMEJ9ZB,Withdrawal,,1914319.12,COP,478.58,ATM,SUC-ZCLZ4UQA,,,Colombia,,Approved,00,False,,,
TRX-LMND8RUGWR8X1N1XF6O8,2026-04-19 03:53:23,2026-04-18,PRD-DWJO1HI2H2K1,CLI-6DPM0B1KC4ON,Transfer,,5817.3,USD,,POS,,,,México,Ciudad de México,Declined,14,False,28.24,,
TRX-ZD8MW31FXXRS23V1CEZC,2026-04-18 21:01:35,2026-04-18,PRD-GKEI3OZ56ZXE,CLI-I2NDBDVWZN4Y,Purchase,Food,238.99,USD,,POS,,Restaurante El Buen Sabor,Food,México,Monterrey,Approved,00,False,0.44,,
TRX-NZCAZO95XUR76CIY07HC,2026-04-19 04:25:55,2026-04-18,PRD-4QX3RH0CJWP7,CLI-695AWPHWCQLJ,Payment,Services,1600.87,USD,,App,,,,México,Querétaro,Approved,00,False,22.51,,
TRX-LZVIIKMBNSJZWGMFLJ6U,2026-04-18 08:52:27,2026-04-18,PRD-3G1DLCNHNG5K,CLI-AK5RPF4UYX1I,Withdrawal,,48.66,USD,,POS,,,,México,Querétaro,Approved,00,False,24.35,,
TRX-H2KKVPP7XK8FDTH1ES6W,2026-04-18 13:39:51,2026-04-18,PRD-6AN8UIKJN4IX,CLI-MU2532ZWKY6B,Purchase,Entertainment,840426.96,COP,210.11,ATM,SUC-2LW7L4Y3,Teatro Nacional,Entertainment,Colombia,Barranquilla,Approved,00,False,25.85,,
TRX-MPTGKEBDHRNJL8GVWDWJ,2026-04-18 07:33:09,2026-04-18,PRD-L4DVSJ62TBHM,CLI-SLWMFB21XYE6,Withdrawal,,79.41,USD,,POS,,,,México,Tijuana,Approved,00,False,18.08,-0.7123619,0.7350323
TRX-BKKSP302LW78TZ89ZJ8L,2026-04-19 04:33:11,2026-04-18,PRD-FILLFGRUCRBZ,CLI-FH7G3N0QJPUQ,Purchase,Food,692624.69,COP,173.16,POS,,Tienda Don José,Food,Colombia,Cartagena,Approved,00,False,,5.5307891,-74.1034066
TRX-JQ8U93L6MNXGJG6GCXHU,2026-04-18 14:04:32,2026-04-18,PRD-3PFOHER1S8EH,CLI-7B1MWRIYRMPH,Transfer,,9790.46,USD,,Web,,,,México,Guadalajara,Approved,00,False,17.06,,
TRX-50D0SCMFKERMY8I3S7LD,2026-04-18 06:34:04,2026-04-18,PRD-ATRITSAP3BYW,CLI-X9YFRCABKTB9,Payment,Transport,1104.52,USD,,ATM,SUC-KD93KQ8I,,,México,Guadalajara,Approved,00,False,,,
TRX-F3BU6SQSZT3KTP30UW1A,2026-04-18 21:22:45,2026-04-18,PRD-JDTWIVCFIYPO,CLI-UHU5VZZRD136,Purchase,Services,689463.21,COP,172.37,POS,,Servicios Públicos,Services,Colombia,Barranquilla,Approved,00,False,16.36,3.8876166,-74.0626352
TRX-EVLPLYIIJ7HQTHB270KF,2026-04-18 10:34:17,2026-04-18,PRD-RALBAO1WN79P,CLI-6IJ4783AKFLF,Purchase,Transport,5426.57,ARS,,POS,,Taxi Seguro,Transport,Argentina,Buenos Aires,Approved,00,False,,-34.5007307,-57.9479457
TRX-CYAFWEXODMT0A47IC4CG,2026-04-19 02:11:53,2026-04-18,PRD-BTV0FOLNHHVJ,CLI-9FMORV7FJ2IO,Withdrawal,,97045.44,COP,24.26,Web,,,,Colombia,Cartagena,Approved,00,False,,,
TRX-E1VBQL2Q2A7HSIT5PDCU,2026-04-18 14:15:26,2026-04-18,PRD-RE4GBV3EW4DM,CLI-58CWK9MXURAQ,Payment,Other,1258.49,USD,,ATM,SUC-JJT8C9XQ,,,México,,Approved,00,False,,,
TRX-WHTXS1RXE1NHXASFOJOE,2026-04-19 01:23:12,2026-04-18,PRD-D2V6FFMSZU8A,CLI-8JIN468OHU8S,Payment,,1194.4,USD,,Web,,,,México,,Approved,00,False,21.14,,
TRX-NJC730XP1I2VMQZOZMIY,2026-04-18 21:20:30,2026-04-18,PRD-LKRBB1787Z17,CLI-UHBYEUS71QOP,Purchase,Other,381.79,USD,,POS,,Boutique Moda,Other,México,Monterrey,Approved,00,False,24.86,,
TRX-T6O6CYQDJ7ZLM7UNT3NA,2026-04-18 21:19:39,2026-04-18,PRD-MKX59Q2N6168,CLI-74XH6ROV036X,Deposit,,2323.05,USD,,ATM,SUC-7TH4CVFK,,,Argentina,La Plata,Approved,00,False,20.21,,
TRX-HOYZD87QRXS9AFESFVW8,2026-04-18 11:59:14,2026-04-18,PRD-I6FP4FE15T86,CLI-Y6N3IQ2W1KA4,Purchase,Transport,495.69,USD,,POS,,Gasolinera Express,Transport,México,Guadalajara,Approved,00,False,,,
TRX-GUF7SW179L6OT74VWRDI,2026-04-19 05:03:04,2026-04-18,PRD-L25A8KSUDEA6,CLI-ZKRFNPGQSNDI,Transfer,,300.72,USD,,ATM,SUC-9W1MT1C4,,,México,Puebla,Approved,00,False,,,
TRX-9LHL1QB30XEECX9LROI9,2026-04-18 09:33:04,2026-04-18,PRD-YC6WIDTNR90H,CLI-BIOGQ1HBKQA5,Deposit,,587.39,USD,,POS,,,,México,Puebla,Approved,00,False,27.42,,
TRX-CSERU1NQK21DX04Y1F2U,2026-04-19 04:42:57,2026-04-18,PRD-2FCMY8ZTSWYP,CLI-NG6QIX1Q35BI,Transfer,,36862114.33,COP,9215.53,App,,,,Colombia,Cartagena,Approved,00,False,,,
TRX-RAHO9FG3D63BFCIIFAC9,2026-04-18 12:25:34,2026-04-18,PRD-8VP60KDP3OUH,CLI-2VUHNAPLWUCI,Purchase,Services,115433.06,ARS,329.81,ATM,SUC-RNIHGBDP,Empresa Telefónica,Services,Argentina,La Plata,Approved,00,False,,,
TRX-TZTY7JS7REB6NB23972C,2026-04-19 04:10:39,2026-04-18,PRD-X6RGEE7UOPR4,CLI-XEYTA0W22ILX,Payment,Services,301617.67,ARS,861.76,Web,,,,Argentina,Buenos Aires,Approved,00,False,3.4,,
TRX-VL4M77PBHV5VRM7Y72AS,2026-04-19 01:30:23,2026-04-18,PRD-ZM3AZTHO27WQ,CLI-8UEAM97F2KSL,Purchase,Food,548587.07,COP,137.15,POS,,Tienda Don José,Food,Colombia,Barranquilla,Approved,00,False,2.32,4.7501445,-74.1337986
TRX-1RU838TYH19SQSFUIJ2A,2026-04-18 20:53:44,2026-04-18,PRD-MN02AW8DFZ33,CLI-1GYDQW8N8TNQ,Deposit,,2900.21,USD,,ATM,SUC-T4RE29NP,,,México,Tijuana,Approved,00,False,1.92,-0.7399214,-0.4080155
TRX-07MY1HIIOZ1HO5KQIMMN,2026-04-18 06:18:28,2026-04-18,PRD-JQPTFPCNAN5T,CLI-08INCM1VQJGU,Payment,Food,1262048.32,COP,315.51,POS,,,,Colombia,Medellín,Approved,00,False,10.79,,
TRX-VSEZIPYJ4R2W47V3FQZN,2026-04-18 17:45:03,2026-04-18,PRD-JCQAVC6J1QCZ,CLI-OKMKJPRJKP6T,Deposit,,6878582.35,COP,,App,,,,Colombia,Barranquilla,Approved,00,False,,,
TRX-2IZTNHGCF3XVN5CF7SFP,2026-04-19 03:12:25,2026-04-18,PRD-KZ3U1ESSYH83,CLI-FIGTDDRJTG8Q,Transfer,,17913989.39,COP,4478.5,App,,,,Colombia,Cartagena,Approved,00,False,29.27,,
TRX-Y8C74DW2DYCHU75W123H,2026-04-18 16:59:02,2026-04-18,PRD-2NOG51O4BBMD,CLI-0L7BCV211RAM,Withdrawal,,377.08,USD,,POS,,,,México,Tijuana,Approved,00,False,22.69,0.5205424,0.1218493
TRX-TBVPSH63TNXVLURXBZ96,2026-04-19 04:59:37,2026-04-18,PRD-YVLO6AKRD98X,CLI-N4N4IO8Y01H3,Payment,Entertainment,489.36,USD,,App,,,,México,Monterrey,Pending,05,False,10.27,,
TRX-TB1E16EGAQFD46IPF26N,2026-04-18 14:28:50,2026-04-18,PRD-9ORV4B8BFYJH,CLI-ZQYUIEV6VU9J,Transfer,,37740202.57,COP,9435.05,POS,,,,Colombia,Bogotá,Approved,00,False,,,
TRX-BVQ8P169KDDCQ278G7NE,2026-04-18 21:54:46,2026-04-18,PRD-IMB0SQ3K2631,CLI-FE6TF8FQJIWZ,Transfer,,3094950.03,ARS,8842.71,ATM,SUC-4ICHM641,,,Argentina,La Plata,Approved,00,False,7.94,,
TRX-NGFJ8IVE16KU41BC9NLZ,2026-04-18 11:15:17,2026-04-18,PRD-W3T56QNKK3TC,CLI-AK4GYTMDUBGM,Deposit,,4369.48,USD,,POS,,,,México,Ciudad de México,Approved,00,False,27.84,,
TRX-L8ZQOAHND6JHYBCK3NG1,2026-04-19 01:20:04,2026-04-18,PRD-Q7VVT62QEY1T,CLI-O3N2P2NU8WUL,Withdrawal,,13466.67,ARS,38.48,POS,,,,Argentina,Mendoza,Approved,00,False,13.08,-33.9616064,-59.1858409
TRX-TG7C2XU09N0HABTPGSS9,2026-04-18 18:45:05,2026-04-18,PRD-K1FMGHNOM8YG,CLI-K20WHNCJUZ6J,Purchase,,66.81,USD,,POS,,Super Ahorro,Food,México,Puebla,Approved,00,False,,,
TRX-YATD8LJKY2NKL3JY2VYJ,2026-04-18 06:03:49,2026-04-18,PRD-ZHV96WC2M7WI,CLI-A8TMPR824F76,Payment,Food,997.13,USD,,App,,,,Argentina,Mendoza,Declined,51,False,9.85,,
TRX-MTAP0SI6W05XWMCBFBXI,2026-04-18 18:26:25,2026-04-18,PRD-SO2GYT1V6PYC,CLI-22NA8GQ2OPAB,Deposit,,4500.03,USD,,ATM,SUC-WSUW783S,,,México,Tijuana,Approved,00,False,17.28,-0.2027831,-0.698594
TRX-O8ABR2A64K6NO08WD4IF,2026-04-19 04:23:45,2026-04-18,PRD-U8XJEM3DVNRD,CLI-DY67ELOLRE7I,Purchase,Health,361.7,USD,,ATM,SUC-GOTE3INU,Óptica Visión,Health,México,Tijuana,Declined,51,False,11.04,0.9031847,-0.4923406
TRX-SMZPA4WSM4P8TL7XXK56,2026-04-18 17:48:27,2026-04-18,PRD-OUO89N5RH76J,CLI-TK7WT3GUQ4SV,Purchase,Transport,216.85,USD,,App,,Taxi Seguro,Transport,Colombia,Cartagena,Approved,00,False,16.5,,
TRX-LOA3AQ2RV5H4R8MA43F4,2026-04-18 10:43:56,2026-04-18,PRD-YKIGEE1YY0ML,CLI-7MJ1NW1PX8NB,Payment,Other,1447.78,USD,,Transfer,,,,México,Guadalajara,Approved,00,False,17.91,,
TRX-C28JCD1DJ00DHMKUW3ZR,2026-04-18 13:25:32,2026-04-18,PRD-SOB3QIXDX5F7,CLI-DD9985D5UCZ6,Transfer,,398771.82,ARS,1139.35,ATM,SUC-0LZRXHCF,,,Argentina,Córdoba,Approved,00,False,28.7,,
TRX-5U2058RIH200VAU22CG2,2026-04-18 15:13:59,2026-04-18,PRD-AYKKD1BBH15F,CLI-G785WJGKLHRH,Transfer,,7475.32,USD,,Web,,,,Argentina,Mendoza,Approved,00,False,19.89,,
TRX-N9JD7RFRC1SV5ST5M6UM,2026-04-18 07:10:17,2026-04-18,PRD-V2M8GRCKRCV1,CLI-YLITSPMYI223,Deposit,,15383077.64,COP,3845.77,App,,,,Colombia,Cali,Pending,51,False,13.61,,
TRX-G76TOB8O3B1WLVPUULUE,2026-04-18 18:41:20,2026-04-18,PRD-ET99W8BNU00Y,CLI-R9HWT7QX5F3B,Purchase,Services,80.5,USD,,Web,,Empresa Telefónica,Services,México,Monterrey,Approved,00,False,,,
TRX-BDV6HJTYD6CF38PGIQ9B,2026-04-19 04:18:59,2026-04-18,PRD-WIJFUX2IFN5C,CLI-B9M92G9M1Q1E,Payment,Entertainment,7399914.27,COP,1849.98,POS,,,,Colombia,Barranquilla,Approved,00,False,20.97,,
TRX-KZPK1HFXZ2OFQSOPCZQE,2026-04-19 02:21:12,2026-04-18,PRD-7G3ZXOSPOUL7,CLI-XB0DV87402SJ,Withdrawal,,1123820.44,COP,280.96,ATM,,,,Colombia,Cali,Approved,00,False,,,
TRX-Q8P2RHZKA7G2GAKJ30U2,2026-04-18 19:57:38,2026-04-18,PRD-DE4TBDIK0RT3,CLI-QCTNVRMOFENP,Payment,Food,1221.48,USD,,POS,,,,México,Tijuana,Approved,00,False,16.64,,
TRX-1N1PL8YNXGJIFFGMNATP,2026-04-18 17:27:09,2026-04-18,PRD-CU48NKJK8CBJ,CLI-RHTU2KAN968G,Withdrawal,,31470.3,ARS,89.92,Transfer,,,,Argentina,,Approved,00,False,12.7,,
TRX-NLVX3DSKYZI40SW30ZYP,2026-04-18 23:30:58,2026-04-18,PRD-XUOCV4K4GB6I,CLI-LYVH7EJLPFS8,Withdrawal,,26.79,USD,,ATM,,,,México,Tijuana,Declined,05,False,21.93,,
TRX-23O6QTCKXWP0423DBBMG,2026-04-18 14:09:54,2026-04-18,PRD-RXMYFM6LT585,CLI-RMY5MXKRMROV,Purchase,Services,434.74,USD,,POS,,Servicios Públicos,,México,Tijuana,Approved,00,False,1.06,,
TRX-N3PEOE41LYLGTT341K13,2026-04-18 07:18:34,2026-04-18,PRD-PXKA9GM4HV9D,CLI-CFIEQ1CFG7VJ,Payment,Other,7781771.42,COP,1945.44,Web,,,,Colombia,Cartagena,Pending,05,False,13.52,,
TRX-VPA1RR5HTHLN5RVF7N7U,2026-04-18 15:25:28,2026-04-18,PRD-YLGRDVCWGMZ7,CLI-EXWJKGFCICSH,Purchase,Services,59297.57,ARS,169.42,ATM,SUC-HBYNA6O6,Empresa Telefónica,Services,Argentina,Buenos Aires,Approved,00,False,17.26,,
TRX-XB8ND3V4OFORRBTBX139,2026-04-18 15:52:23,2026-04-18,PRD-0GA8NR5KI17G,CLI-684LM71AICJZ,Adjustment,,879.05,USD,,POS,,,,México,Tijuana,Approved,00,False,,,
TRX-1N7GQNA3SO4H9UQ5AQ8K,2026-04-18 16:57:51,2026-04-18,PRD-P259AM2RXUTN,CLI-MTBSCQZTYX80,Withdrawal,,304.86,USD,,ATM,SUC-9YYT37NY,,,México,Guadalajara,Approved,00,False,1.72,,
TRX-XHX80Y7LDFR9VNCUSYNE,2026-04-18 10:54:32,2026-04-18,PRD-DIYLU9HXJ573,CLI-KFLJQ4IGKGM4,Purchase,,277.23,USD,,App,,Farmacia Salud,Health,Argentina,Córdoba,Approved,00,False,17.3,,
TRX-QDUBR0J3RS75IU30VNEG,2026-04-18 13:22:28,2026-04-18,PRD-VW8TCWNSLO2H,CLI-VKLOYVUDMJN4,Transfer,,8425.72,USD,,App,,,,México,,Approved,00,False,12.11,,
TRX-NQYTEVP613PANF1M5UVI,2026-04-18 06:40:15,2026-04-18,PRD-0S52YRF4KOJU,CLI-UAMTJRQUHHB9,Withdrawal,,420.9,USD,,Web,,,,México,,Approved,00,False,16.93,,
TRX-0UFI38SIFL2HRQLOKLTQ,2026-04-18 15:53:22,2026-04-18,PRD-0GYGIXA0LFX9,CLI-7VSPE15MIOMC,Adjustment,,183268.75,ARS,523.62,App,,,,Argentina,La Plata,Approved,00,False,25.36,,
TRX-PRBE98F0KEKQREU78D59,2026-04-19 04:10:25,2026-04-18,PRD-WBBB6CSPSIIT,CLI-RCFC41DRRS72,Purchase,Food,492.71,USD,,POS,,Super Ahorro,Food,México,,Approved,00,False,,,
TRX-NFEL5J1VZL2R3VOBUOKF,2026-04-18 11:26:48,2026-04-18,PRD-PIF4VZ2R1C5U,CLI-7APJ9179P35R,Withdrawal,,150.03,USD,,POS,,,,México,Puebla,Approved,00,False,,,
TRX-PSFCPQHW5MKSY6YXIE6E,2026-04-18 20:47:36,2026-04-18,PRD-16U5L6N53GQN,CLI-QYCFTJKIA80H,Purchase,Food,23597.41,ARS,,Web,,Tienda Don José,Food,Argentina,Buenos Aires,Approved,00,False,21.1,,
TRX-OZYX35JOJBF5C5AX7Q5O,2026-04-18 19:51:46,2026-04-18,PRD-VFLUCW2OBHIT,CLI-FSAYKR25XOKH,Deposit,,3572.67,USD,,Web,,,,USA,Los Angeles,Approved,00,False,5.83,,
TRX-WK4D6N4XU137RURNOJ4Q,2026-04-18 23:45:15,2026-04-18,PRD-UL48EWJVL5HI,CLI-BXU3OTUXIPKT,Purchase,Services,425.77,USD,,ATM,SUC-P5YISP64,Empresa Telefónica,Services,México,Monterrey,Approved,00,False,,-0.118556,
TRX-7QTGX8S961GB9RSXFN84,2026-04-18 12:08:26,2026-04-18,PRD-NAE3OHVF610Z,CLI-ZM4SSSIDF45J,Deposit,,4330.75,USD,,POS,,,,Brazil,Rio de Janeiro,Approved,00,False,14.0,,-0.9911756
TRX-4NBBPZFC4FKINQBXQC60,2026-04-18 18:31:42,2026-04-18,PRD-IKJSTQSJOE0Q,CLI-2TTNVZE0EY7H,Withdrawal,,455.56,USD,,Web,,,,México,Ciudad de México,Reversed,05,False,5.87,,
TRX-MNWDGM72WB4GOWIUI5M6,2026-04-18 12:22:25,2026-04-18,PRD-PUTOCBCB5TJ0,CLI-GMC8T5IC41Q9,Withdrawal,,182.51,USD,,App,,,,Colombia,Medellín,Approved,00,False,28.7,,
TRX-NHBXROXPO26OCHIL5YFU,2026-04-18 09:21:39,2026-04-18,PRD-I5HHKKL1F6D2,CLI-4T2YEX2J481O,Withdrawal,,146.0,USD,,POS,,,,México,Puebla,Approved,00,False,16.37,,
TRX-NQ7KQCS907T91B3L9IGY,2026-04-18 18:22:46,2026-04-18,PRD-D3SQUDJIFXBW,CLI-61HTNCORV8BC,Purchase,Other,429.79,USD,,ATM,SUC-F03D129S,Ferretería,Other,México,Guadalajara,Approved,00,False,22.2,0.0146276,-0.0451744
TRX-DAA28ANPO7P7VY9907BF,2026-04-18 15:41:18,2026-04-18,PRD-VYALOHTVPD52,CLI-L9YC0S3ZOPPC,Deposit,,1802.73,USD,,POS,,,,México,Ciudad de México,Approved,00,False,20.62,,
TRX-PS3P4NC06SJA04HCCOOQ,2026-04-18 22:50:16,2026-04-18,PRD-PEV64XA7XZ7H,CLI-WAE41DS1DNXQ,Payment,Food,176.06,USD,,Transfer,,,,México,Monterrey,Approved,00,False,6.07,,
TRX-Q51I68S78IMLS9HX77PQ,2026-04-18 14:11:00,2026-04-18,PRD-J6V83SFA6WID,CLI-ST9UGF5Q1B73,Purchase,Other,54597.81,ARS,155.99,App,,Ferretería,Other,Argentina,La Plata,Approved,,False,3.1,,
TRX-VMLGC13DV7ADGVW79IAG,2026-04-18 06:35:34,2026-04-18,PRD-XKBHHIQH4XD5,CLI-E3FP2RP37LIW,Payment,Food,998.45,USD,,POS,,,,México,Puebla,Approved,00,False,23.21,,
TRX-EKW5CQS9UOF1VABZ7Z28,2026-04-18 08:34:03,2026-04-18,PRD-Z5IA4S4CO9S0,CLI-3A65R5SC03I6,Deposit,,11895026.71,COP,2973.76,POS,,,,Colombia,Barranquilla,Approved,00,False,21.84,,
TRX-70P6FFO5GMZ0YXLVNBZR,2026-04-18 17:09:35,2026-04-18,PRD-Q3E86LKYR3YF,CLI-D5SCF22J0VP7,Purchase,Services,480497.25,COP,120.12,ATM,SUC-1C51KLB3,Internet Plus,Services,Colombia,Medellín,Approved,00,False,14.74,4.0388481,-73.4491814
TRX-O85N91JBFKDVKTO8HPMI,2026-04-19 04:50:55,2026-04-18,PRD-FSOY8QGFQOMA,CLI-91G46KQBFC0B,Payment,Services,335.92,USD,,ATM,SUC-KT11NKNR,,,México,Monterrey,Approved,00,False,9.8,,
TRX-30SA55S826ZT5TMMHAXB,2026-04-18 17:32:39,2026-04-18,PRD-4P3O6BVMCNWU,CLI-3HY3I4UVABKF,Purchase,Services,452.02,USD,,Web,,Cable TV,Services,Colombia,Cali,Approved,00,False,23.52,,
TRX-ZCK6I80SL3MR6VREET9C,2026-04-18 23:10:22,2026-04-18,PRD-JEACQEQ5VHPM,CLI-X9QQJE0ECC2N,Withdrawal,,197.77,USD,,ATM,,,,México,Querétaro,Approved,00,False,10.19,,
TRX-APZ84YJ7FFZ3QZ4YN199,2026-04-18 17:41:26,2026-04-18,PRD-TKP7JPTN65JG,CLI-IHCR8PJU4AKU,Withdrawal,,1296529.33,COP,324.13,ATM,SUC-XPLAOSH4,,,Colombia,Barranquilla,Approved,00,False,14.08,,
TRX-76851Z9GDLDHBSMCLDVG,2026-04-18 06:46:27,2026-04-18,PRD-WIW487OWV4NC,CLI-LDS2I83195WX,Purchase,Food,91.58,USD,,ATM,SUC-H2ROE7C8,Restaurante El Buen Sabor,Food,Colombia,Barranquilla,Approved,00,False,24.14,,
TRX-P0QQS3PNK5HW9PYKS2EC,2026-04-18 06:30:33,2026-04-18,PRD-ULB0FI6RDS95,CLI-SZ20P2M4E40E,Purchase,Food,1201718.77,COP,,ATM,SUC-XPLAOSH4,Restaurante El Buen Sabor,Food,Colombia,Medellín,Approved,00,False,17.66,,
TRX-FSQ1A3DGLI5N67B2QVHX,2026-04-18 18:22:54,2026-04-18,PRD-MPCOTFNQZGX6,CLI-SE9R7GNUWPY4,Withdrawal,,289.65,USD,,POS,,,,México,Monterrey,Approved,00,False,,,
TRX-9SNGAGNR8M19READOGHX,2026-04-19 01:06:11,2026-04-18,PRD-E75VE0RPNSI7,CLI-AVH7YP01XO5D,Transfer,,2096.9,USD,,ATM,SUC-BDUFJ6GZ,,,México,Guadalajara,Approved,00,False,1.49,0.8516931,-0.5898363
TRX-AWLDQXNF5E34RACXZBII,2026-04-18 21:20:30,2026-04-18,PRD-SJ2DKQ4ZKVAH,CLI-UVSQ6RIIYG3E,Deposit,,2357.82,USD,,POS,,,,México,Guadalajara,Approved,00,False,27.39,,
TRX-6FRJ7ODH1G8FT88F8E57,2026-04-18 22:38:27,2026-04-18,PRD-SWAX3DDRAKB6,CLI-AQCKS9D48UBN,Withdrawal,,1778344.87,COP,444.59,Web,,,,Colombia,Barranquilla,Approved,,False,,,
TRX-6VS7VX9MZCBJIO4AOPRA,2026-04-18 19:55:34,2026-04-18,PRD-XMLV751B46Z4,CLI-RDZ0DKWGGUAU,Transfer,,396.42,USD,,POS,,,,México,Puebla,Approved,00,False,29.5,,
TRX-EKIW3PPW8UYZC9KOZAB2,2026-04-18 14:00:09,2026-04-18,PRD-ONDCC42YSHYC,CLI-VNFOTJ4AMQOB,Transfer,,10950471.18,COP,2737.62,POS,,,,Argentina,Córdoba,Approved,00,False,,,
TRX-LFK7737AHHTEKBU79TJQ,2026-04-18 14:31:24,2026-04-18,PRD-IZA7ELJBUA86,CLI-8QBSGW2OMCIK,Payment,Transport,5689255.24,COP,1422.31,Transfer,,,,Colombia,Cartagena,Approved,00,False,25.63,,
TRX-XZZ3PLDCEAKZYJMBANZ2,2026-04-18 15:22:52,2026-04-18,PRD-VA1KWKBWO2KK,CLI-YX7JV9TDPL89,Withdrawal,,255.87,USD,,POS,,,,México,Monterrey,Approved,00,False,21.3,-0.3798957,-0.4023
TRX-EN4BQZODJN2KQW5JQ4YJ,2026-04-19 04:40:33,2026-04-18,PRD-82ZOWVKJMN6J,CLI-G8GAUW195NVJ,Payment,Services,792.28,USD,,POS,,,,México,Ciudad de México,Approved,00,False,27.46,0.9109809,0.5705528
TRX-06ZTGXLP2A4UM3JV1IJX,2026-04-18 11:42:22,2026-04-18,PRD-I4EAF5WYR7IU,CLI-9MEA3WVHUDUT,Purchase,Services,368.56,USD,,ATM,SUC-1DANZ3LD,Cable TV,Services,México,Monterrey,Approved,00,False,3.46,,
TRX-FUZJ24L970FEQOADOXP9,2026-04-18 14:18:22,2026-04-18,PRD-L1J9M66IQ6FY,CLI-IY09TDUC34K1,Withdrawal,,1428247.76,COP,357.06,POS,,,,USA,Miami,Approved,00,False,5.49,,
TRX-XUNPH5I5407DFC145YY3,2026-04-18 23:59:19,2026-04-18,PRD-GX0P2Z8K29ZW,CLI-ZPEW5RT968VZ,Payment,Other,1736.76,USD,,POS,,,,México,Guadalajara,Approved,00,False,2.31,,
TRX-O6JSOEQLAMEN00EQIZN2,2026-04-19 05:56:42,2026-04-18,PRD-QRI71ZUTUYYI,CLI-85GQQA8ZBBAM,Purchase,Transport,1514514.85,COP,378.63,POS,,Taxi Seguro,Transport,Colombia,Cali,Approved,00,False,,,
TRX-318BDFZ91M1V7ZH56T6T,2026-04-19 04:31:57,2026-04-18,PRD-TXZX0TDV01YR,CLI-2N9Y5OC5DID1,Payment,Food,2295606.28,COP,573.9,ATM,SUC-0KBWS25U,,,Colombia,Cartagena,Approved,00,False,22.81,,
TRX-QEBDKNWMRFELEZXP7A2I,2026-04-18 14:08:09,2026-04-18,PRD-5U9JIBBEOID3,CLI-I2Z13XYK4I6J,Purchase,Services,48.94,USD,,POS,,,Services,México,Querétaro,Approved,00,False,,,
TRX-7CVVNQ93VB8R5D6XSD7W,2026-04-18 19:29:34,2026-04-18,PRD-NRS9CNXJ4OB6,CLI-74TUALBLOKGT,Withdrawal,,254.59,USD,,POS,,,,México,Querétaro,Approved,00,False,26.47,,
TRX-C1N0DL8A0WGR7TZRS1V8,2026-04-18 11:22:39,2026-04-18,PRD-SCIEQGJJZBSZ,CLI-K6YCQO7CVZ7P,Deposit,,16953626.33,COP,4238.41,ATM,SUC-JA4P9IIP,,,Colombia,Medellín,Approved,00,False,5.51,3.8837953,-74.9239946
TRX-G5MD20C9JGTCOGUQD74B,2026-04-18 11:26:13,2026-04-18,PRD-5PLZ42Z68H99,CLI-JB8D7ZEAWRCY,Deposit,,2943206.0,COP,735.8,App,,,,Colombia,Cali,Approved,00,False,6.78,,
TRX-8YB7KH1RR0GXWM8LD1I6,2026-04-19 04:57:13,2026-04-18,PRD-6S0ODRFO3210,CLI-0F4FPD63M84Q,Payment,Transport,655006.65,ARS,1871.45,App,,,,Argentina,Rosario,Approved,00,False,27.01,,
TRX-ML6580QHD8O5305T3UH0,2026-04-18 18:27:27,2026-04-18,PRD-BUCC1NVOZY9I,CLI-4C8HB7M25X35,Deposit,,464.7,USD,,ATM,SUC-SX32177B,,,Argentina,La Plata,Approved,00,False,29.02,-35.1598383,-58.7713745
TRX-KGFX95HR2JYQNP7A3D5T,2026-04-18 06:39:50,2026-04-18,PRD-BA9IQRB5M0CY,CLI-LN6FCJB9Y1Y9,Payment,Food,2148672.4,COP,537.17,ATM,SUC-KJBGVLU5,,,Colombia,,Approved,00,False,22.27,5.2473593,-74.4537815
TRX-2LUX9505O7G13BH9DHAK,2026-04-19 00:25:40,2026-04-18,PRD-RM2CAS2ZXW0C,CLI-5YB4LIXO504U,Withdrawal,,1662975.68,COP,415.74,ATM,SUC-9FWCAJXI,,,Colombia,Cali,Approved,00,False,24.71,5.3166201,-73.7166997
TRX-8897ISS23YCD667UYJRN,2026-04-18 18:51:25,2026-04-18,PRD-0LYBEKD53DF4,CLI-62XPS4TJ2XBB,Transfer,,3509.42,USD,,ATM,SUC-5FCLNF9U,,,México,Querétaro,Approved,,False,,-0.3906032,0.2162588
TRX-TTDN1PVB8P8IVAKVUDEK,2026-04-18 23:10:10,2026-04-18,PRD-B06FQ0L70CD5,CLI-LDZIPJYR3R9C,Transfer,,31599249.3,COP,7899.81,ATM,SUC-DG6C9C1K,,,Colombia,,Approved,00,False,12.33,4.9021605,-74.5768525
TRX-C4XQPG6L4EOJ6Y7YGM4C,2026-04-18 07:32:10,2026-04-18,PRD-O819P1ZNPZ6B,CLI-FFCJ6CRERMYB,Transfer,,7698.17,USD,,App,,,,México,Ciudad de México,Approved,00,False,0.25,,
TRX-9PNWB3COS03GQA9RU8YT,2026-04-19 03:54:56,2026-04-18,PRD-L5XW1VB8SG1L,CLI-KO0CRM1CTJZS,Purchase,Entertainment,223.28,USD,,App,,Teatro Nacional,Entertainment,Colombia,Cali,Approved,00,False,27.56,,
TRX-L77FW98J4XDJW2Y6T94W,2026-04-18 14:43:21,2026-04-18,PRD-4VIDTDE8GLJB,CLI-2KLFB36JCKPX,Payment,,624.92,USD,,POS,,,,México,Tijuana,Approved,00,False,0.08,-0.4480174,-0.6590452
TRX-JY59KSVUE2FE8S48DF89,2026-04-18 20:53:16,2026-04-18,PRD-LRNY31Z80GKQ,CLI-7K75AD0VJ8GM,Purchase,Entertainment,103.54,USD,,POS,,Cine Premium,Entertainment,México,Tijuana,Reversed,54,False,20.01,,
TRX-515KH3390KMF3DE55IUY,2026-04-18 20:34:51,2026-04-18,PRD-FF9RE3I7QIEK,CLI-9YMXF5VYW9FX,Purchase,Other,58694.25,ARS,167.7,POS,,Centro Comercial,Other,Argentina,Córdoba,Approved,00,False,0.64,,
TRX-JXDVVG79GJNV6UVUA1OU,2026-04-18 12:47:33,2026-04-18,PRD-0NNSWGPJVMA1,CLI-8WEI3CEVO01M,Deposit,,8187939.01,COP,2046.98,App,,,,Colombia,Medellín,Approved,00,False,16.49,,
TRX-NH50VC65TRKIMLKXIL6U,2026-04-18 20:15:39,2026-04-18,PRD-0S9ZHIPAYBB5,CLI-1BZFB16ODRDB,Withdrawal,,1866609.36,COP,466.65,ATM,SUC-QLV3J046,,,Colombia,Barranquilla,Approved,00,False,,,-74.0403801
TRX-KL9P8E4CTRUQZ6OQHDTL,2026-04-18 22:15:46,2026-04-18,PRD-762IFKL5STKN,CLI-U78DXUS8V3QH,Withdrawal,,434.16,USD,,App,,,,México,,Approved,00,False,1.07,,
TRX-J780QRYZZZSNTPC5R2PY,2026-04-19 03:20:35,2026-04-18,PRD-VS0I3I180C4A,CLI-R2O1OWQAAOA3,Deposit,,538786.7,ARS,1539.39,POS,,,,Argentina,La Plata,Approved,00,False,14.32,-35.3155878,-58.6913528
TRX-RRI9ZZ3TE1MU8PHA5TB3,2026-04-18 12:36:22,2026-04-18,PRD-BH18FXI6UNLV,CLI-VJ7BSU0K08LW,Purchase,Food,277913.84,COP,69.48,Web,,Tienda Don José,Food,Colombia,Cali,Reversed,54,False,,,
TRX-S3RVIOCJQUU6IJ1YX5UM,2026-04-18 12:53:24,2026-04-18,PRD-F0S9SSNTDWOG,CLI-NPJHAXX43X8U,Purchase,,110063.58,ARS,314.47,Branch,SUC-HYTTI82L,Empresa Telefónica,Services,Argentina,Rosario,Approved,00,False,15.12,-34.0409414,-57.5548244
TRX-LZZFNG02DO5A1IHF4I7J,2026-04-19 05:47:14,2026-04-18,PRD-F60FI43MX7XO,CLI-DFVMSCVVP46F,Purchase,Services,125.18,USD,,POS,,Servicios Públicos,Services,México,Guadalajara,Approved,00,False,2.32,,
TRX-DW6V6O8F8QHZN87J346C,2026-04-18 13:54:01,2026-04-18,PRD-GYWRPI0OZ6KR,CLI-MJEUDJYQP2IF,Purchase,Other,110.57,USD,,ATM,SUC-C28AFJAZ,Tienda General,Other,México,Guadalajara,Approved,00,False,24.5,-0.1427418,-0.5076999
TRX-O4RV93W0RXV5H3RUOX1E,2026-04-19 01:57:39,2026-04-18,PRD-5JU210ZOADGA,CLI-XTWLKUDA8HG2,Deposit,,17251140.8,COP,4312.79,POS,,,,Spain,Madrid,Approved,,False,1.03,,
TRX-A8U7CP1FSEISK3QT8FNX,2026-04-18 17:38:25,2026-04-18,PRD-VOFPW2NNAOGO,CLI-TUZAVG841DBG,Transfer,,1929150.4,ARS,5511.86,App,,,,Argentina,,Approved,00,False,18.06,,
TRX-36JCL2CJ7PKSZZ84JWGK,2026-04-18 09:22:47,2026-04-18,PRD-YJRRIE8FG1T0,CLI-O3JYJE00Z2QB,Withdrawal,,557162.99,COP,139.29,Web,,,,Colombia,Cali,Approved,00,False,20.4,,
TRX-VDAGRGN0VAXMQ9QDQ7BW,2026-04-19 05:47:09,2026-04-18,PRD-4J9HFM4X5QAB,CLI-8ZZEQXTKWT1M,Purchase,Services,317.21,USD,,Web,,Empresa Telefónica,Services,Argentina,La Plata,Approved,00,False,16.52,,
TRX-AGS5ZSO6GBVXXTAKNG2F,2026-04-18 20:13:55,2026-04-18,PRD-TSFYK8M4UB0C,CLI-AM7KBATYOPYG,Withdrawal,,362.66,USD,,POS,,,,México,,Approved,00,False,19.49,,
TRX-OJNB2AKT0FQPX1N8R37J,2026-04-19 03:39:08,2026-04-18,PRD-UFGDHRIJ7KTE,CLI-05CKKUMYZP8P,Purchase,Other,101.73,USD,,Web,,Tienda General,,México,Querétaro,Approved,00,False,15.18,,
TRX-AMV08LEXNW3LX3XQQQGJ,2026-04-18 22:19:50,2026-04-18,PRD-UBCV9S27YWTP,CLI-VZE52G6ZMML4,Transfer,,6126.54,USD,,ATM,SUC-W04NBWY9,,,México,Querétaro,Approved,00,False,0.73,-0.0002619,0.7332054
TRX-XJX5OCMK2I8UC57RE024,2026-04-19 00:34:29,2026-04-18,PRD-VYN8130R3YB1,CLI-KN05N1P2ZOP5,Purchase,Health,103732.77,ARS,296.38,App,,Óptica Visión,Health,Argentina,Mendoza,Pending,05,False,1.13,,
TRX-J9CY5YOWMHR0STQKMVQ2,2026-04-19 04:09:12,2026-04-18,PRD-HK4W3BY28PPS,CLI-Q34XL95J8WCF,Deposit,,2081.35,USD,,Web,,,,México,Monterrey,Approved,00,False,20.9,,
TRX-6VW8T7TAMVMI59B4XZLH,2026-04-18 18:45:49,2026-04-18,PRD-064ZYLCWJ1OZ,CLI-TBZ179PO070U,Transfer,,4966.41,USD,,POS,,,,México,Guadalajara,Approved,00,False,1.57,,
TRX-8U80CX6G6H6WDQJ4RWGA,2026-04-18 14:48:38,2026-04-18,PRD-2JWFVHR4AVLB,CLI-IRCCK5ZWU3HB,Transfer,,3138.45,USD,,POS,,,,México,Ciudad de México,Approved,00,False,11.4,0.3877357,0.2719175
TRX-Y5ONXTV7GWFB4KHI2W4I,2026-04-19 02:16:56,2026-04-18,PRD-JQS11A73B3PT,CLI-OMKI9HA8H70Q,Transfer,,2097343.62,ARS,5992.41,App,,,,Argentina,La Plata,Approved,00,False,7.76,,
TRX-6OB8SFWZYWTJN34W0YWZ,2026-04-18 08:48:21,2026-04-18,PRD-NVS752W192NF,CLI-K0QMYGI71EYG,Purchase,Entertainment,8.98,USD,,App,,Conciertos Live,Entertainment,México,Puebla,Approved,00,False,,,
TRX-A7U029VH4NN5HK40Y5RJ,2026-04-18 15:08:37,2026-04-18,PRD-CSC2TFSINP0V,CLI-DVLF20DIEN07,Payment,Transport,1591.31,USD,,Web,,,,México,Tijuana,Declined,14,False,16.34,,
TRX-SS4EY9BCMSIA2ZXBGSER,2026-04-19 04:18:12,2026-04-18,PRD-Y29J94A4X07B,CLI-5EWYD3VRLM5C,Purchase,Transport,72.36,USD,,ATM,SUC-QTWR8S76,Gasolinera Express,Transport,México,Monterrey,Approved,00,False,27.04,,
TRX-FS0493GBI2WBMC2WI0H8,2026-04-18 19:46:04,2026-04-18,PRD-EQ7L1E9ALZNH,CLI-HIAJBC7NG075,Purchase,Transport,417.02,USD,,ATM,SUC-4USRLC45,Uber,Transport,Colombia,Bogotá,Approved,00,False,2.86,4.9188221,-74.5409617
TRX-J2IFGW5BLG5G33CRTPZG,2026-04-19 01:27:52,2026-04-18,PRD-UXJB494531YS,CLI-NRYXTCNNQYMW,Purchase,Transport,187.77,USD,,Web,,Estación de Servicio,Transport,Colombia,Bogotá,Approved,00,False,28.58,,
TRX-PAQSRH2PL0N9QVSFUCC8,2026-04-18 16:53:26,2026-04-18,PRD-87PUZNELTMBH,CLI-I2I1BW93BFKV,Withdrawal,,134612.6,ARS,384.61,POS,,,,Argentina,,Approved,00,False,3.31,-34.183026,-59.3245214
TRX-HEGW9Q9XOLD1O310Z6VK,2026-04-19 00:15:35,2026-04-18,PRD-V2N43JY90W59,CLI-1CY21TLWHA73,Withdrawal,,139189.69,ARS,397.68,Web,,,,Argentina,La Plata,Approved,00,False,7.23,,
TRX-URYNX5FRJ4WXE0JKI9GS,2026-04-19 01:03:15,2026-04-18,PRD-GBYTHXYKAQD9,CLI-LCRX4LSBR2YP,Payment,Food,6795144.38,COP,1698.79,App,,,,Colombia,Medellín,Approved,00,False,24.12,,
TRX-0LOT03RI76A08KXOX6TM,2026-04-18 20:47:25,2026-04-18,PRD-27Y7T26YNRKL,CLI-O54ESM75GCCX,Purchase,Transport,357.17,USD,,App,,Uber,Transport,México,Ciudad de México,Approved,00,False,21.27,,
TRX-CRAI0LAQGPHQUQJ1FT58,2026-04-18 18:16:15,2026-04-18,PRD-KAGX7QKRB8NV,CLI-HG9UNJ8OOWT4,Payment,Entertainment,1352.42,USD,,ATM,SUC-OW1SAD5J,,,México,Guadalajara,Declined,14,False,15.04,,
TRX-YTS7KDPG5ZET8TUV14O9,2026-04-18 22:34:46,2026-04-18,PRD-QUV4898JODDZ,CLI-ARE2QGMMNEGK,Transfer,,1746328.91,ARS,4989.51,App,,,,Argentina,Rosario,Approved,00,False,10.18,,
TRX-J5EACZSY5UCHS7DCDW4W,2026-04-19 03:39:30,2026-04-18,PRD-1AIY35XF7P9U,CLI-IPCBRIGO369U,Payment,Food,627432.06,ARS,1792.66,Branch,SUC-571XLYQB,,,Argentina,Buenos Aires,Approved,00,False,5.71,-34.2245467,-58.655825
TRX-M5TDKDEO9CM1JIKJGWV2,2026-04-18 14:47:34,2026-04-18,PRD-34QDDGU2CKVN,CLI-3W5LM784F8XL,Payment,Other,6623443.42,COP,1655.86,Web,,,,Colombia,Medellín,Approved,00,False,8.58,,
TRX-3UBY11QMB1IUCJJ9KVNE,2026-04-18 11:28:35,2026-04-18,PRD-JLKOUGO8MUDF,CLI-9YZ92AYO71TL,Deposit,,3651.12,USD,,App,,,,México,Monterrey,Approved,00,False,10.49,,
TRX-MKDLIQ25KSV4TUE6FITI,2026-04-18 22:01:33,2026-04-18,PRD-EX5YYD0WK7UG,CLI-TI8FYYNJZ7ZO,Transfer,,15236542.9,COP,3809.14,ATM,SUC-A1FLMPEF,,,Colombia,Medellín,Approved,00,False,26.4,4.7503185,-74.7143091
TRX-1OIE4U95EKCZNBO0VC8S,2026-04-19 02:05:03,2026-04-18,PRD-B5IT573067TQ,CLI-YF0EPU1E08JK,Payment,Other,1595.8,USD,,Web,,,,México,Querétaro,Approved,00,False,16.23,,
TRX-E9F44T5KW21O6BVB1FIX,2026-04-19 04:18:44,2026-04-18,PRD-LQRBQXYT3O7D,CLI-7D860A9DVLDA,Purchase,Health,94540.55,ARS,270.12,ATM,SUC-4ICHM641,Laboratorio Central,Health,Mexico,Ciudad de México,Approved,00,False,15.98,,
TRX-MNYOY7U1RRMRHU8GG7NX,2026-04-18 15:43:18,2026-04-18,PRD-XJZSXMO70ZB0,CLI-71BEVHY62ONU,Payment,Services,5631070.75,COP,1407.77,App,,,,Colombia,Cali,Approved,00,False,24.32,,
TRX-S5UV8ZUROJQE762D0MMP,2026-04-18 06:23:58,2026-04-18,PRD-P2Q3TC7N551J,CLI-5C4TQSLQS1RF,Transfer,,4646790.92,COP,1161.7,Web,,,,Colombia,Cali,Approved,00,False,29.28,,
TRX-HPYWIL1DH4I5LHVXXTEZ,2026-04-19 05:25:08,2026-04-18,PRD-PXFJUIGQQGH0,CLI-PLHA3CLFM0U3,Purchase,Food,1802303.5,COP,450.58,ATM,,Mercado Central,Food,Colombia,Cali,Approved,00,False,,,
TRX-FRDJHQ1DTBFN9498HAD7,2026-04-18 06:24:36,2026-04-18,PRD-XY98DGT2QBUJ,CLI-1TCW1DDCJRKR,Transfer,,4148.41,USD,,Transfer,,,,México,Tijuana,Approved,00,False,,,
TRX-OMGKQ4VDKR6BS61XO3RY,2026-04-18 23:55:14,2026-04-18,PRD-7MZKYOW6S5RL,CLI-I21WAQ4KSGSH,Deposit,,197.97,USD,,ATM,SUC-RDJC9IH3,,,México,Guadalajara,Approved,00,False,,,
TRX-3B281ABJKV0DPZJXME4D,2026-04-18 13:44:22,2026-04-18,PRD-5AJ2LX3T9TP9,CLI-4CZY9SUC5OAB,Payment,Entertainment,1590.75,USD,,ATM,SUC-E5CCM8ZI,,,Colombia,Bogotá,Approved,00,False,17.07,5.5822124,-74.1775129
TRX-DT000BIEQ55ABECZOTRV,2026-04-19 04:15:17,2026-04-18,PRD-UE6G8MSX3FBG,CLI-VNY3UNHFO0HS,Deposit,,1712.14,USD,,POS,,,,México,Puebla,Approved,00,False,,,
TRX-QJ59JIISANHYZ5RKN5RE,2026-04-18 10:16:01,2026-04-18,PRD-EE7PRVV089NS,CLI-8JT4B74FSZAA,Transfer,,8741.97,USD,,App,,,,México,Tijuana,Approved,00,False,17.51,,
TRX-60ZFIX71554AL35AW95S,2026-04-19 01:57:58,2026-04-18,PRD-IFVRKGOT56LF,CLI-HNWFHO849Z2Q,Transfer,,5942.18,USD,,Web,,,,México,Tijuana,Approved,00,False,22.42,,
TRX-FH4SOVLCG897BI69PHYF,2026-04-18 13:29:37,2026-04-18,PRD-MLYIUU3T2QRO,CLI-W8SDO5QCYWYO,Withdrawal,,291.61,USD,,ATM,SUC-1AT6YUKJ,,,México,Tijuana,Approved,00,False,11.32,,
TRX-F72FENKTYVZHT2ZLDX1K,2026-04-18 14:40:24,2026-04-18,PRD-DYNFXJUO21FC,CLI-6S431X6T0I8J,Withdrawal,,297138.41,COP,74.28,POS,,,,Colombia,Barranquilla,Approved,00,False,26.14,,
TRX-N754L8TIIVY27CRYHIJQ,2026-04-19 02:16:06,2026-04-18,PRD-J6H6KIKN3NNP,CLI-N4Z5UM5K8EW7,Purchase,Transport,39.26,USD,,ATM,SUC-ZSZKWMJL,Gasolinera Express,Transport,Argentina,La Plata,Approved,00,False,13.78,-34.5593783,-59.1073133
TRX-M2VHK0GE8QW11GQGUN5G,2026-04-18 21:16:50,2026-04-18,PRD-3PY9UM2H9GOR,CLI-PN2L1GXRQJR9,Transfer,,7808.15,USD,,Web,,,,México,Querétaro,Approved,00,False,6.65,,
TRX-K7A8CLDHZ87DDLL5IX0T,2026-04-19 00:28:11,2026-04-18,PRD-82EDWVNPDROB,CLI-31W6XR642WA8,Deposit,,2745.88,USD,,ATM,SUC-QMYSBASD,,,México,Puebla,Approved,00,False,27.41,,
TRX-9OK8IEZ12NPZIT5SVO1Y,2026-04-18 15:44:26,2026-04-18,PRD-W32RADO21S7L,CLI-HU8NMYSBYHTJ,Transfer,,6347.12,USD,,POS,,,,México,Guadalajara,Approved,00,False,10.27,,
TRX-27VSJZI2DTT6WDFL82VD,2026-04-19 04:43:34,2026-04-18,PRD-TSUGRFDA5UCF,CLI-ZAL8R0E5JK8B,Purchase,,69.46,USD,,ATM,SUC-HWG24EKK,Conciertos Live,Entertainment,México,Guadalajara,Declined,14,False,25.51,-0.8705137,0.9254108
TRX-G11Y92P47948BF68D7UT,2026-04-18 09:13:06,2026-04-18,PRD-GWBICAPJRE9I,CLI-JAKXLUC4QOGU,Purchase,Health,418.44,USD,,App,,Clínica Médica,Health,México,Puebla,Approved,00,False,16.21,,
TRX-MU06G6PX26UIBZ2HH522,2026-04-18 15:40:00,2026-04-18,PRD-JYC329W6RU7A,CLI-O22C5BAATGTP,Payment,Other,510.42,USD,,ATM,SUC-W04NBWY9,,,México,Querétaro,Approved,00,False,10.65,-0.9489649,0.0220053
TRX-YT58LQ9C4B56709I15EZ,2026-04-18 13:39:20,2026-04-18,PRD-LAW8WSHKNEBQ,CLI-QEAE2O66RKND,Purchase,Food,35.96,USD,,ATM,SUC-XCP0A6C8,Restaurante El Buen Sabor,Food,Argentina,Córdoba,Approved,00,False,,,
TRX-NJJGYT8C76FHYFFMIL80,2026-04-19 00:21:50,2026-04-18,PRD-08YNSFV0M9UP,CLI-89HW08ZY4FPR,Payment,Other,3337069.54,COP,834.27,POS,,,,Colombia,Cartagena,Approved,00,False,14.15,5.0280491,-73.3642629
TRX-NN8ZL9RT94LQKW3EVT6E,2026-04-18 11:01:26,2026-04-18,PRD-K6FZ7TJ69G0H,CLI-U0HK0P34OUWA,Payment,Other,3447703.37,COP,861.93,ATM,SUC-RNGAMG7V,,,Colombia,Barranquilla,Approved,00,False,12.99,,
TRX-SJJWPDDYFUP1C6TDNRZD,2026-04-18 08:04:02,2026-04-18,PRD-1KCW6TUHXY7J,CLI-1198GHCK6NZ7,Purchase,Food,170.49,USD,,POS,,Super Ahorro,Food,México,,Approved,00,False,26.88,,
TRX-5CDT2O2PCO6NQ022E1MF,2026-04-18 18:36:37,2026-04-18,PRD-PO0DBKZAZ8QJ,CLI-73JEQP1K1TRW,Adjustment,,925.27,USD,,POS,,,,México,Querétaro,Pending,,False,18.03,0.1273825,-0.2044895
TRX-QY5DW0WIL43GKQ074P4K,2026-04-18 17:40:36,2026-04-18,PRD-4BZZBHM88YUZ,CLI-UH182XFC6I0A,Transfer,,4989.18,USD,,ATM,SUC-UUF77WSC,,,Argentina,La Plata,Declined,54,False,16.52,,
TRX-M5HVBWFCDL1HZT09O5AB,2026-04-18 13:54:03,2026-04-18,PRD-GXZ89LQ2YYQ9,CLI-09GMX33B983Q,Withdrawal,,75.56,USD,,POS,,,,México,Puebla,Approved,00,False,22.97,,
TRX-J42VXSQ0MHO77BM5VES9,2026-04-19 01:46:10,2026-04-18,PRD-SCJVCA4TO1HO,CLI-E0LD4DSUBUQN,Purchase,Services,19.44,USD,,Transfer,,Servicios Públicos,Services,México,Monterrey,Approved,00,False,9.46,,
TRX-Z8SWV8ENA0R9N8VOFGGB,2026-04-19 03:29:35,2026-04-18,PRD-43MJQ0AZJ7CD,CLI-GSBLMYE5T1AB,Transfer,,906077.81,ARS,2588.79,POS,,,,Argentina,,Approved,00,False,11.91,,
TRX-YCW4B6BNVJ5GHAJHZSY8,2026-04-18 21:11:24,2026-04-18,PRD-62C5W1GOA1M0,CLI-D1XXTCS2SZ4T,Purchase,Services,1988447.43,COP,497.11,ATM,,Internet Plus,Services,Colombia,Medellín,Approved,00,False,28.58,,
TRX-1LOGP1EKBI9ZKMKEZRVK,2026-04-18 13:30:43,2026-04-18,PRD-Y7MI4NN34GKJ,CLI-IFSRJ09PA0EB,Deposit,,15596473.96,COP,3899.12,POS,,,,Colombia,Medellín,Approved,00,False,15.64,,
TRX-BRP5VB34O9KKMXI4NZNT,2026-04-18 06:28:03,2026-04-18,PRD-OUFUCOW7FZOZ,CLI-O5XQHW0BVFWL,Transfer,,7021449.48,COP,1755.36,POS,,,,Colombia,Barranquilla,Approved,00,False,7.47,4.8262988,
TRX-SSC6CSD4ROUWX2DDR4F4,2026-04-18 08:48:36,2026-04-18,PRD-HSC02XMHNBC6,CLI-IHO32INIGK2N,Withdrawal,,307.66,USD,,Web,,,,USA,Los Angeles,Approved,00,False,18.09,,
TRX-W51AMWXLFIQLNMMEFN4L,2026-04-18 15:08:51,2026-04-18,PRD-6WLI1OQIZA2C,CLI-VHF2JM1S69RS,Purchase,Services,628070.29,COP,157.02,POS,,Empresa Telefónica,,Colombia,Bogotá,Approved,00,False,28.68,3.7619178,-73.9246473
TRX-TN46IVA0OQXV6I202PHD,2026-04-18 18:27:22,2026-04-18,PRD-H0AXJNZBUDRE,CLI-XRTRJD8NEDOD,Purchase,Health,401.32,USD,,ATM,SUC-CJYLJUTF,Óptica Visión,Health,México,Puebla,Approved,00,False,0.25,,
TRX-29SPXWMH7CRKTXLSARQQ,2026-04-18 19:49:00,2026-04-18,PRD-E5TOSCNT1PMT,CLI-X8QT1ULBZQ0R,Withdrawal,,1132082.56,COP,283.02,App,,,,Colombia,Cartagena,Approved,00,False,,,
TRX-6K5GQQB1PJ1UHSOJ7U9Y,2026-04-18 12:15:45,2026-04-18,PRD-E5M1J7X3ECGX,CLI-YM7VE8TIFYDY,Deposit,,199854.71,ARS,571.01,Web,,,,Argentina,Mendoza,Approved,00,False,22.55,,
TRX-BQ9IYTK3S9NLU5D52KQP,2026-04-18 20:12:55,2026-04-18,PRD-HUJ8F14KLE1A,CLI-QUX32SIY5QDW,Purchase,Food,439.63,USD,,App,,,Food,México,Tijuana,Approved,00,False,,,
TRX-GP8FC26WWKBT44RWQAV2,2026-04-18 20:49:23,2026-04-18,PRD-ABW84W4IONND,CLI-3UAQT1JKN49Q,Deposit,,14426699.98,COP,3606.67,POS,,,,Colombia,Medellín,Approved,00,False,,,
TRX-SQQ8GKHXHPV7Q6NGEGDN,2026-04-18 11:02:23,2026-04-18,PRD-80ZNNGUM0RCP,CLI-XL8U6SWKY70A,Purchase,Services,22968.76,ARS,65.63,Web,,Cable TV,,Argentina,Mendoza,Approved,00,False,14.81,,
TRX-SOMZU3166GGVIG39CN93,2026-04-18 21:03:39,2026-04-18,PRD-32BLQE0739AL,CLI-5OLKSPDSAULO,Transfer,,6992.03,USD,,Branch,SUC-KYUNO9E0,,,México,,Approved,00,False,20.65,,
TRX-Z85X2VAIWDB64EZ6VOH5,2026-04-18 07:25:01,2026-04-18,PRD-D4F2VOUFUKIS,CLI-EJDQSRBHMVOA,Deposit,,1219837.68,ARS,3485.25,ATM,SUC-XHNP3DLP,,,Argentina,Rosario,Approved,00,False,2.22,,
TRX-C7CKMA1BYBZTN6LK8OJQ,2026-04-18 12:20:57,2026-04-18,PRD-OAQB95W5ZPLR,CLI-WVFTGW7L9UD2,Transfer,,6219.78,USD,,App,,,,México,Ciudad de México,Approved,00,False,22.32,,
TRX-O1EW5RWR5AM0WAY2675D,2026-04-18 15:25:57,2026-04-18,PRD-RP4D8CJZJZOJ,CLI-UP360MQIF9H5,Purchase,Health,51.26,USD,,POS,,Farmacia Salud,Health,México,Monterrey,Approved,00,False,7.78,,
TRX-P5LETC539JI7X57YHEQY,2026-04-18 14:31:06,2026-04-18,PRD-1UPBF6K40CJZ,CLI-EB62P88I41ZT,Transfer,,7238.35,USD,,POS,,,,México,Tijuana,Approved,00,False,,-0.643725,0.0128077
TRX-2MDW6JVNTOGY8IONVRCQ,2026-04-18 20:14:25,2026-04-18,PRD-JRVW2L9GMPM8,CLI-VB9RSYFTWVMF,Payment,Health,1939.49,USD,,Transfer,,,,México,Guadalajara,Approved,00,False,3.35,,
TRX-JG03YC0LZJPWX5S03AZZ,2026-04-18 13:26:17,2026-04-18,PRD-DKUB7JUSAP3W,CLI-02OIPPA9Y8WI,Deposit,,1700.81,USD,,POS,,,,México,,Approved,,False,28.93,,
TRX-4XU8G29W1K4IHOEG4OB7,2026-04-18 10:06:07,2026-04-18,PRD-33MPHILUCNTP,CLI-VJOSITBVSEUK,Withdrawal,,373.39,USD,,Web,,,,México,Guadalajara,Approved,00,False,6.81,,
TRX-O2YVBR46CE4WS73Q8SEX,2026-04-18 23:54:01,2026-04-18,PRD-A6OKI9E9YS75,CLI-R04FPZQX1P0X,Withdrawal,,1128708.16,COP,282.18,ATM,SUC-A6PLAS9M,,,Colombia,,Approved,00,False,25.75,,
TRX-PIIAQPDOWFXQ7YUC5JS8,2026-04-18 06:41:03,2026-04-18,PRD-UPL8G4QUPFZ4,CLI-Y40C87E7YLJB,Purchase,Entertainment,406723.63,COP,101.68,POS,,Conciertos Live,Entertainment,Colombia,Cartagena,Approved,00,False,14.08,,
TRX-RPL1W61LGXIE1XLPMYIK,2026-04-19 03:15:48,2026-04-18,PRD-DOWIWYK0J7UE,CLI-KFFS1Z9ZS028,Withdrawal,,221.65,USD,,App,,,,México,Querétaro,Approved,00,False,19.29,,
TRX-PKQZ9M697WFQ953TJYP7,2026-04-18 07:59:15,2026-04-18,PRD-EAMMZATK4OMG,CLI-EMV3H7BCS8KZ,Payment,Transport,553.13,USD,,ATM,SUC-9DE11KDA,,,México,Puebla,Approved,00,False,23.52,,
TRX-CN99RPH0CJI80UY3SMVQ,2026-04-18 21:11:43,2026-04-18,PRD-I1WKMJA4MYJA,CLI-O96OE0KZUUTD,Transfer,,2676716.43,ARS,7647.76,POS,,,,Argentina,La Plata,Declined,54,False,,-34.9678084,-57.9875834
TRX-4QCBI5J9ODFPEG2XNFLA,2026-04-18 13:01:13,2026-04-18,PRD-D5YX7TSC80HN,CLI-R2DDIGQJPLDL,Deposit,,1445.3,USD,,Branch,SUC-YZKP5AYK,,,México,Guadalajara,Approved,00,False,0.02,,
TRX-QV494NRJHRXZKI0695IF,2026-04-18 11:07:38,2026-04-18,PRD-ZVUOEPJXJ8MW,CLI-DCZ88WJL8BFF,Withdrawal,,576267.89,COP,144.07,POS,,,,Colombia,Medellín,Approved,00,False,22.31,,
TRX-HTGQXPE38EHEF6XEYNAP,2026-04-18 09:25:36,2026-04-18,PRD-3ZM8NUR8FIGR,CLI-QZIZQ1BY1SBJ,Adjustment,,752.64,USD,,POS,,,,México,Puebla,Approved,00,False,27.7,0.1256109,-0.6829054
TRX-AUWPAUTDIGBQEJK1BOH7,2026-04-18 15:54:56,2026-04-18,PRD-WJ2PT4T223QQ,CLI-OFSYIM07LMYW,Withdrawal,,281.09,USD,,Web,,,,México,Ciudad de México,Approved,00,False,,,
TRX-AVX9GHVNA6MP4UZEVA6T,2026-04-18 22:39:22,2026-04-18,PRD-I70YC373VHVW,CLI-3GHTA2X5D2LQ,Adjustment,,100070.86,ARS,285.92,ATM,SUC-IPX8M3BR,,,Argentina,La Plata,Approved,00,False,19.89,,
TRX-DK0IH296WKQOIVUCP3C3,2026-04-19 00:39:14,2026-04-18,PRD-NTCTAGGCH5A2,CLI-5BWFGZXOYWC4,Withdrawal,,145611.03,ARS,416.03,Web,,,,Argentina,La Plata,Approved,00,False,1.56,,
TRX-VORRSXQ8WID28IH43STD,2026-04-19 05:01:40,2026-04-18,PRD-4GVNRG2VJP68,CLI-L9WGFW2AONIL,Adjustment,,48178.75,ARS,137.65,POS,,,,Argentina,Rosario,Approved,00,False,16.65,-34.2503293,-58.3539338
TRX-06NJBLP4HKBP7AZWYLCJ,2026-04-18 10:17:18,2026-04-18,PRD-UDE3665LWFOT,CLI-F32ZS01AAT3B,Purchase,Services,84.95,USD,,Web,,Cable TV,,México,Tijuana,Approved,00,False,1.96,,
TRX-INMOA0WUZDEFA2N6B0OP,2026-04-18 09:32:21,2026-04-18,PRD-C6PCR1EK49JG,CLI-NFH53N8SYFSS,Withdrawal,,434.22,USD,,Branch,SUC-6A2UBEHN,,,México,Ciudad de México,Approved,,False,,,
TRX-JJPCRLPGF3MLCSM3D7E2,2026-04-18 15:15:42,2026-04-18,PRD-3W3LUKSCTSF2,CLI-PG2VS9KQ7VIK,Transfer,,3080.14,USD,,ATM,SUC-WU56M94O,,,Colombia,,Approved,00,False,14.42,-0.445024,-0.3839237
TRX-KAF4EK5BQFEMIPKJ19HW,2026-04-18 06:09:00,2026-04-18,PRD-EBD64UT3QS75,CLI-EXGG9REQ39NV,Payment,Health,1993945.84,COP,498.49,Branch,SUC-E1VTXGEU,,,Colombia,Cartagena,Approved,00,False,26.21,4.9423582,-74.9740289
TRX-V9MFU6GY3S3INNUTCBWV,2026-04-18 15:19:31,2026-04-18,PRD-6WNWLW4NS2SE,CLI-NK7M171NPRCS,Payment,Health,549266.27,ARS,1569.33,App,,,,Argentina,Mendoza,Approved,00,False,7.83,,
TRX-CLL9M88UPZQH8N16GFUJ,2026-04-18 19:31:43,2026-04-18,PRD-WBJAZRPDCIP7,CLI-IJSPBCV3J6EU,Withdrawal,,155829.22,ARS,445.23,POS,,,,Argentina,Córdoba,Approved,00,False,18.15,,
TRX-RTAKDYMCLVBLPW4JI26Z,2026-04-18 08:43:44,2026-04-18,PRD-4RDRML44FCB9,CLI-6KQ0WQ8N6QM7,Withdrawal,,131915.13,ARS,376.9,POS,,,,Argentina,Mendoza,Approved,00,False,13.5,,
TRX-BHV2MG9KYDI6NN9LAWBI,2026-04-19 02:46:52,2026-04-18,PRD-XH518858MAP9,CLI-UW93MGXUWKQX,Withdrawal,,513219.74,COP,128.3,ATM,SUC-XXUHP6O3,,,Colombia,Barranquilla,Approved,00,False,6.23,5.4073711,-74.5674008
TRX-KMMVQ03EJYM94OIBHEK0,2026-04-18 23:26:00,2026-04-18,PRD-UHV3Y80Z0I3K,CLI-YN2B224J6E2C,Transfer,,2600984.84,ARS,7431.39,Transfer,,,,Argentina,Rosario,Approved,00,False,9.39,,
TRX-XET0RPEOJFYNLL2EVVB1,2026-04-18 22:20:06,2026-04-18,PRD-S6R2ZIWCHKD5,CLI-3JRHO9X6WVC1,Deposit,,3788.95,USD,,ATM,SUC-XT96PBC0,,,México,Monterrey,Approved,00,False,16.03,,
TRX-8ZZE1GQFO68QZRKK3WL0,2026-04-18 21:28:52,2026-04-18,PRD-KZOH6M4PTYCA,CLI-OSO5AR22BUPU,Transfer,,17465427.72,COP,4366.36,ATM,SUC-XPLAOSH4,,,Colombia,Bogotá,Approved,,False,3.17,4.7960983,-74.2133033
TRX-3HNVESI7PSF3ZYDRB0P9,2026-04-18 14:21:54,2026-04-18,PRD-UPPA4Q9V5ZF9,CLI-5SBY3EMCNQIY,Withdrawal,,230.75,USD,,POS,,,,México,Ciudad de México,Approved,00,False,,-0.2748175,-0.2890972
TRX-N0H1JCMI6OXEOFDYWK1H,2026-04-19 01:40:06,2026-04-18,PRD-5SFRO1K64MX3,CLI-SWVOW28JWW8O,Withdrawal,,641608.48,COP,,POS,,,,Colombia,Bogotá,Approved,00,False,23.56,,
TRX-Z8HFNILM6770LPMCALMF,2026-04-18 15:47:15,2026-04-18,PRD-LLWHORJGIHVF,CLI-MAHJ8ZXGYGVZ,Deposit,,17247438.84,COP,4311.86,Web,,,,Colombia,Bogotá,Approved,00,False,,,
TRX-5S2RORZ52A4R6A7A04SD,2026-04-19 04:05:15,2026-04-18,PRD-XZQQGN9PBHKW,CLI-925ZJFGCAWYT,Transfer,,1353676.5,COP,338.42,POS,,,,Colombia,Bogotá,Approved,00,False,10.42,4.1172361,-73.356104
TRX-B0SAB11AQ203YFRF0CQ1,2026-04-18 12:23:12,2026-04-18,PRD-2FSBIQ79G2OV,CLI-8BNTWKFTHL0I,Deposit,,2035.24,USD,,ATM,SUC-F321UEME,,,Argentina,Mendoza,Approved,00,False,10.73,,
TRX-13FQ59EW96LIYK1ZT4W2,2026-04-19 03:35:03,2026-04-18,PRD-6AYP59B88JP2,CLI-TVEXHKMIRMA8,Deposit,,4009.88,USD,,Web,,,,Argentina,Buenos Aires,Approved,00,False,,,
TRX-8DGS2JNNDN2AIKQUQKO8,2026-04-19 02:31:20,2026-04-18,PRD-HVCFOCMJ27KP,CLI-DIK87MTSD8D5,Payment,Transport,374.59,USD,,ATM,SUC-OW1SAD5J,,,México,Querétaro,Approved,00,False,,,
TRX-7617J3D3P7CL8ZE7PNCQ,2026-04-18 19:57:12,2026-04-18,PRD-27K8CBS2SDO5,CLI-Q841KF3I0KRK,Transfer,,7715.17,USD,,POS,,,,México,Ciudad de México,Approved,,False,17.63,-0.8150339,0.8715952
TRX-UVSLN6AD5EAXCQ3QKHAS,2026-04-18 14:20:19,2026-04-18,PRD-64YXV8EKVIEQ,CLI-LYJM7283BA3R,Withdrawal,,106.04,USD,,App,,,,México,Tijuana,Pending,51,False,0.3,,
TRX-FRJN4DECBL5HI2K96T05,2026-04-18 09:15:33,2026-04-18,PRD-7WXTGFRNYZPB,CLI-J3AO9M3IRJX2,Transfer,,8860.31,USD,,ATM,SUC-UHIX6KQ4,,,México,Tijuana,Approved,00,False,15.23,-0.4140994,-0.5381366
TRX-R84L2PMKED6CFTC54LNY,2026-04-18 20:34:58,2026-04-18,PRD-9C7OTOCSA4F5,CLI-6IS00UT8S7WP,Deposit,,516286.04,ARS,1475.1,App,,,,Argentina,Rosario,Approved,00,False,23.66,,
TRX-SOZKVXCMAPTQ4462LLJI,2026-04-18 10:52:57,2026-04-18,PRD-QGWTIO2A1QZJ,CLI-R46O3X2BNTK3,Deposit,,100538.92,ARS,287.25,ATM,SUC-ZSZKWMJL,,,Argentina,Córdoba,Approved,00,False,,,
TRX-6BU3N0LPUKOL2Q2KTAON,2026-04-18 10:15:22,2026-04-18,PRD-I9S0ZRD6Y83V,CLI-KY1DRHKPNLYT,Deposit,,1314.96,USD,,App,,,,México,Monterrey,Approved,00,False,,,
TRX-RGGXYV7A00F35GKZ81Q2,2026-04-18 10:20:08,2026-04-18,PRD-BD7RUS9GXDCB,CLI-YB3VDBVMO360,Payment,Services,671251.11,ARS,1917.86,Branch,SUC-NRVN9ND4,,,Argentina,La Plata,Approved,00,False,6.49,,
TRX-IBBZDCMAN6RUEWMMTPLK,2026-04-19 05:57:11,2026-04-18,PRD-5VNMZGMJFDHY,CLI-02Z2W0I70NMD,Transfer,,7101.85,USD,,Branch,SUC-Q9LRLZTA,,,México,Monterrey,Approved,00,False,,,
TRX-OSIB2FUMWW6SU1THMGQD,2026-04-18 21:12:42,2026-04-18,PRD-WI3SPLQQSW6D,CLI-LSWRINEGQ2XU,Deposit,,12630574.46,COP,3157.64,Branch,SUC-4BEKYT6U,,,Colombia,Bogotá,Approved,00,False,25.55,,
TRX-VI6LCCQK2WJ0VHHJWYM1,2026-04-18 15:04:54,2026-04-18,PRD-LZ04LHSE334C,CLI-9Z62WZCIKLIQ,Payment,Services,1234.51,USD,,ATM,SUC-I3D08YZO,,,México,Monterrey,Approved,00,False,25.41,,
TRX-7BVC6KB4PHYM9DO9B3N8,2026-04-18 10:26:01,2026-04-18,PRD-V2RCBRN5AX87,CLI-4Z7SZ3935QES,Transfer,,22900284.78,COP,5725.07,POS,,,,Colombia,Barranquilla,Approved,00,False,20.67,,
TRX-48ZZ2RDGENE043L1I6SB,2026-04-18 21:33:22,2026-04-18,PRD-BJ1CUQVI734W,CLI-EGLVYXUTV5QU,Transfer,,7427.38,USD,,ATM,SUC-349TR6OC,,,México,Puebla,Approved,00,False,,,
TRX-CT4YISR73E0N06ZS3I8N,2026-04-18 21:00:40,2026-04-18,PRD-AEOLU8Z0FE9A,CLI-TN3PI53CG2UQ,Transfer,,1088.97,USD,,App,,,,México,,Approved,00,False,22.93,,
TRX-S5PBT7Z5XPXN727AMUZ0,2026-04-19 00:38:18,2026-04-18,PRD-GYYGAZR3L2T7,CLI-1UKXYBFZV5QU,Purchase,Entertainment,129.47,USD,,POS,,Cine Premium,Entertainment,México,,Approved,00,False,7.86,0.6768057,0.2947614
TRX-N1GDWV8U8E2ICA4YHH56,2026-04-18 19:42:57,2026-04-18,PRD-M3RVXDMRTM7X,CLI-4GTDWHHJ5YQA,Purchase,Food,331451.09,COP,82.86,ATM,SUC-LWQND6S8,Tienda Don José,Food,Colombia,Cartagena,Approved,00,False,4.89,5.4948668,-74.9732335
TRX-M2PT9HD2PJ5NACCRSZ6K,2026-04-18 10:38:29,2026-04-18,PRD-IQUC47E702JK,CLI-A5RUSYX8B7OT,Withdrawal,,452.25,USD,,POS,,,,México,Monterrey,Approved,00,False,27.87,,
TRX-064OWOFU45GP4OO5YQ1Q,2026-04-18 18:25:08,2026-04-18,PRD-YFPVYJ141F5Y,CLI-1G62K22UUKY9,Withdrawal,,447032.75,COP,111.76,Branch,SUC-01J639PQ,,,Colombia,Cali,Approved,00,False,19.48,,
TRX-MLSYBOLIU093J53BJ5QR,2026-04-18 15:55:43,2026-04-18,PRD-GK4XN46XHRE7,CLI-GTEMH2I78C2O,Withdrawal,,1475257.89,COP,368.81,POS,,,,Colombia,Barranquilla,Approved,,False,4.0,,
TRX-Z6CPK0COLTFQIQWMZRJ2,2026-04-18 09:16:10,2026-04-18,PRD-W8VCNEHC6MDZ,CLI-FD1ADAR5YVMO,Deposit,,1106221.0,ARS,3160.63,POS,,,,Argentina,Mendoza,Approved,00,False,8.61,,
TRX-6MVDZHMYWA8JRWS8LCQL,2026-04-18 07:19:40,2026-04-18,PRD-QODPM30K8AQL,CLI-GBLT4IN3KDNF,Transfer,,722183.34,ARS,2063.38,Branch,SUC-39R34AY6,,,Argentina,Rosario,Approved,,False,,-34.8425025,-57.4001948
TRX-MOGBJSQ89SFE1STQ7EP2,2026-04-18 16:41:01,2026-04-18,PRD-F4PB4L5RM34V,CLI-2VZ426W953FZ,Withdrawal,,20.39,USD,,ATM,SUC-74OJEV5Z,,,Mexico,Monterrey,Approved,00,False,12.44,-0.4213964,0.7863013
TRX-VVPX99RM20QXBDHWZ7UY,2026-04-18 20:02:48,2026-04-18,PRD-RJDFVVT1CM6F,CLI-ZG491M2505WH,Transfer,,2176.35,USD,,POS,,,,México,,Approved,00,False,26.65,,
TRX-3JV7BGTQT4NQHM1BC0IG,2026-04-18 11:41:42,2026-04-18,PRD-IM3ACNJL01EN,CLI-M9A2NE56J81F,Payment,Food,1920.96,USD,,ATM,SUC-1PYKK6ZV,,,México,Querétaro,Approved,,False,12.4,,
TRX-JXM8X25Y5F23CW489F4P,2026-04-19 01:56:52,2026-04-18,PRD-DAGHPWFQD7OQ,CLI-K256MVRP56WX,Withdrawal,,383.58,USD,,POS,,,,México,Monterrey,Approved,00,False,18.73,,
TRX-CP4SOQT74EDDYOARJWWR,2026-04-19 04:26:28,2026-04-18,PRD-NQJUXS9ZIJ29,CLI-TS4C2EPMXCER,Withdrawal,,48482.03,ARS,138.52,POS,,,,Argentina,Buenos Aires,Approved,00,False,8.68,,
TRX-CQQK402S4H4N786AANXX,2026-04-18 14:49:27,2026-04-18,PRD-ZL55IWNUV44K,CLI-OEOWQTV1478D,Deposit,,324685.75,ARS,927.67,App,,,,Argentina,Córdoba,Approved,00,False,28.94,,
TRX-5U5VVDOR94QKMSZGCZQ7,2026-04-19 03:29:56,2026-04-18,PRD-1ELGGHM9U0EM,CLI-MOYONQTTM10D,Transfer,,3186295.95,ARS,9103.7,App,,,,Argentina,Córdoba,Approved,00,False,,,
TRX-CBAY60QO0ALEXNV2SPXU,2026-04-18 12:27:25,2026-04-18,PRD-H3E8WTDGLJST,CLI-8RD4SELHYO8P,Payment,Services,250235.95,ARS,714.96,App,,,,Argentina,Mendoza,Approved,00,False,1.35,,
TRX-6BT17WW1UK2Z4HPM1GMW,2026-04-18 08:46:07,2026-04-18,PRD-O9KZ8HKF1ZHN,CLI-NVC5XNXI95RL,Deposit,,1517.12,USD,,POS,,,,México,Puebla,Declined,14,False,27.48,-0.0294795,-0.5756732
TRX-X66MM5GK118IMXL3ZE7N,2026-04-19 00:51:17,2026-04-18,PRD-BXXHLABC7EVP,CLI-KKGERTZCMJHI,Purchase,Entertainment,46.48,USD,,POS,,Streaming Music,Entertainment,México,Tijuana,Approved,00,False,22.5,,
TRX-4MTGTIPPGSTZWLOK27NX,2026-04-18 11:46:03,2026-04-18,PRD-9S7OL3XDOUO9,CLI-W9T0C983GFVQ,Deposit,,13960945.97,COP,3490.24,App,,,,Colombia,Barranquilla,Approved,00,False,19.61,,
TRX-YP73DURG0U0KULHT9D36,2026-04-19 00:49:48,2026-04-18,PRD-EFC0EO7J0765,CLI-J4MTF11W6KON,Transfer,,1596.44,USD,,POS,,,,México,Querétaro,Approved,00,False,15.16,,
TRX-15B7P8VKNYHLZU1HVBPY,2026-04-18 22:52:21,2026-04-18,PRD-LAGL84985ASQ,CLI-I8IEHENU3GX3,Transfer,,462.08,USD,,POS,,,,México,Monterrey,Approved,00,False,12.69,,
TRX-HKBYYYQZNHMV12W6TU8R,2026-04-18 18:43:29,2026-04-18,PRD-1G9STU91JBOZ,CLI-H5YPKNAO2G8I,Payment,Other,1097.19,USD,,POS,,,,México,,Approved,00,False,,,
TRX-2L602L2SEZH1UJLYTWBI,2026-04-18 17:56:12,2026-04-18,PRD-MB6U0RQ9Z85T,CLI-63O4SU7GAR0G,Withdrawal,,385.16,USD,,ATM,SUC-UHIX6KQ4,,,México,Puebla,Approved,00,False,,,
TRX-MIJK2PJR7DAC2T18R47G,2026-04-18 18:47:51,2026-04-18,PRD-SQXMIFCUIM12,CLI-KB6YYCDVWOL7,Transfer,,35757181.76,COP,,POS,,,,Colombia,Bogotá,Approved,00,False,10.67,,
TRX-CLOVDUQRRVOVEG350XV8,2026-04-18 19:56:17,2026-04-18,PRD-WXOPCAL1KQ54,CLI-O02QGGLVC7M0,Purchase,Health,191.46,USD,,ATM,SUC-6IDFK4L9,Clínica Médica,Health,México,Guadalajara,Approved,00,False,,,
TRX-L1FUB11JPXEANZ5231AZ,2026-04-19 02:23:41,2026-04-18,PRD-HLSNROMMY9L5,CLI-UZ7Z6C3JFXGX,Purchase,Services,478.45,USD,,ATM,SUC-IW55XIEY,Empresa Telefónica,Services,México,Monterrey,Approved,00,False,25.15,,
TRX-J2D47035Y5C2ZHPC9023,2026-04-18 06:22:37,2026-04-18,PRD-C64699KH0WGE,CLI-I72AWXXVT8NJ,Purchase,Transport,1042096.89,COP,,ATM,SUC-RFQLK7RX,Estación de Servicio,Transport,Colombia,,Approved,00,False,,,
TRX-WKSW5BWMVT508RLN77M6,2026-04-18 20:40:34,2026-04-18,PRD-I1KA7GPFLVZW,CLI-VC3B4ID3X2CK,Purchase,Food,43.18,USD,,POS,,Tienda Don José,Food,Argentina,Mendoza,Approved,00,False,0.68,,
TRX-N8EBVGKT8DZL55WPYX0I,2026-04-19 01:45:50,2026-04-18,PRD-XWJ8GSNUV4S3,CLI-DT4XT638ODVU,Purchase,Entertainment,98.91,USD,,ATM,SUC-57LRN6RH,Teatro Nacional,Entertainment,México,Guadalajara,Approved,00,False,,,
TRX-3BFF4RF95QU7O4OTKEX8,2026-04-18 19:43:32,2026-04-18,PRD-79653TTE2S24,CLI-LRD47NUEFDE6,Withdrawal,,190.97,USD,,POS,,,,Brazil,Brasília,Approved,00,False,19.11,,
TRX-2BF901YWMER6ZZVRE2EH,2026-04-19 00:50:49,2026-04-18,PRD-ZHD4CVYHLWZI,CLI-A1CHVFC8DU3Z,Purchase,Food,25.96,USD,,Web,,Tienda Don José,Food,México,Ciudad de México,Approved,00,False,7.64,,
TRX-1DFXNZPLYU9BEMWI4Q35,2026-04-19 00:12:30,2026-04-18,PRD-4VWV19EQ8AS6,CLI-N3KE33IDD1V8,Withdrawal,,542699.01,COP,135.67,ATM,SUC-8YXNMWZ7,,,Colombia,Barranquilla,Approved,,False,25.92,,
TRX-4W0USXVT6I7GOWJBJ8MN,2026-04-18 17:11:19,2026-04-18,PRD-K7QM4KS16VPP,CLI-J95AGCQP6WPH,Deposit,,10227531.79,COP,2556.88,Web,,,,Mexico,Ciudad de México,Approved,00,False,,,
TRX-O83J0WL4ZGTR92MBWCG3,2026-04-18 16:51:09,2026-04-18,PRD-BS9QG1FG99HA,CLI-INY5BEW4FSFF,Withdrawal,,492.75,USD,,POS,,,,México,Querétaro,Approved,00,False,3.14,,
TRX-IIBOUY12SLWDBPTCTO2V,2026-04-19 05:12:00,2026-04-18,PRD-9LXDWDTP73KN,CLI-CUO95KNZBAJA,Transfer,,8076.36,USD,,POS,,,,Brazil,Brasília,Approved,00,False,17.12,,
TRX-PTEAM8G5LL86HSZVAFVU,2026-04-18 11:26:43,2026-04-18,PRD-T0EAO44PBYI8,CLI-TGT0TIUEIDBP,Purchase,Entertainment,379.52,USD,,ATM,SUC-BDUHNO9T,Cine Premium,Entertainment,México,Puebla,Approved,00,False,12.63,0.8432544,-0.0056481
TRX-R2TS6CZ4VJFE8OHFJVMZ,2026-04-19 03:36:03,2026-04-18,PRD-XRO42Z9079XD,CLI-2LVGKRRXHSRV,Transfer,,7067181.42,COP,1766.8,Branch,SUC-84HXKY7Q,,,Colombia,,Approved,00,False,,3.7409297,-74.5815637
TRX-S6O1YVOZ95H5VC9JNGBE,2026-04-18 07:29:55,2026-04-18,PRD-LOT0YVD3OSA3,CLI-UDKOWNKT2LIS,Deposit,,4977.64,USD,,ATM,SUC-DYPJLQVN,,,Argentina,Buenos Aires,Approved,00,False,5.81,,
TRX-S2XL2QWAOPB5E0JJ5WS3,2026-04-18 08:49:29,2026-04-18,PRD-XQMJLIPZ6R0R,CLI-7EESVH5FOCOD,Withdrawal,,60.29,USD,,ATM,SUC-BGMBLKDB,,,México,Querétaro,Approved,,False,0.87,0.0162178,0.8488806
TRX-BABXWXYPKDRMZLQVI5DP,2026-04-18 21:23:26,2026-04-18,PRD-NE9VBA94QQ2E,CLI-DC7FIEDLW5CH,Purchase,Food,900133.11,COP,225.03,POS,,Restaurante El Buen Sabor,Food,Colombia,Cali,Approved,00,False,,4.0318672,-73.4544762
TRX-KQOGRBS1985U1NPPUVO7,2026-04-18 09:13:42,2026-04-18,PRD-MDR6WC152OZP,CLI-07B6C2S6J0ZS,Transfer,,5399.05,USD,,App,,,,México,Querétaro,Approved,00,False,,,
TRX-06F8RYJHHHASL5IYWJU6,2026-04-18 11:58:22,2026-04-18,PRD-XH4RUD0RYHQD,CLI-RAX0BG3SA6IT,Payment,Services,308.1,USD,,ATM,SUC-F03D129S,,,México,Tijuana,Approved,00,False,5.75,,
TRX-GPQIQ0BCF8UIBJGLH8HE,2026-04-19 01:00:29,2026-04-18,PRD-LJBI6434L7GL,CLI-5SX1GFPPHJ0W,Transfer,,793031.63,ARS,2265.8,POS,,,,Colombia,Cali,Declined,14,False,18.55,,
TRX-UV28G9OBIC4HL0CIT5KR,2026-04-18 15:11:11,2026-04-18,PRD-PSQLP87MSK46,CLI-9RALLB8M6GZC,Payment,Entertainment,501923.01,ARS,,POS,,,,Argentina,Buenos Aires,Approved,00,False,7.97,,
TRX-J0ZCHSJ61THWPM7AEXCE,2026-04-18 14:49:22,2026-04-18,PRD-F07FOXOCQ3CB,CLI-7RZREC1UTTTW,Withdrawal,,16730.74,ARS,,POS,,,,Argentina,Buenos Aires,Approved,00,False,11.32,,
TRX-3UUZAGY9PUOETLDVRTDC,2026-04-18 07:01:42,2026-04-18,PRD-STN4UBEA8H0V,CLI-OHJJR0A9VN8I,Purchase,Entertainment,129.22,USD,,ATM,SUC-BGMBLKDB,,Entertainment,México,Tijuana,Approved,00,False,20.36,-0.6597174,-0.5650549
TRX-DF2QBJBT3HV9FKZ903DA,2026-04-18 09:29:25,2026-04-18,PRD-L7R0F6KDIB26,CLI-OUBVDLI86HPK,Withdrawal,,16311.81,ARS,46.61,POS,,,,Argentina,Mendoza,Approved,00,False,5.05,,
TRX-84VWFD8KSF3AEQ4DWAR9,2026-04-18 19:08:11,2026-04-18,PRD-1BWJAIPUZT2U,CLI-0NA40UWTV2UG,Withdrawal,,1862271.52,COP,465.57,POS,,,,Colombia,Bogotá,Approved,00,False,,,-74.6073524
TRX-K8KR6K88C7HV0FNAIG1H,2026-04-18 09:34:29,2026-04-18,PRD-BCEH0UJ0TD6T,CLI-NOV8AXI4LJ80,Payment,Other,242.57,USD,,POS,,,,México,Monterrey,Declined,05,False,2.26,,
TRX-6RM3MAG9OLAYHJ5SF0L2,2026-04-18 07:57:35,2026-04-18,PRD-Z3JS8FGUCB22,CLI-J68SVBEDI4DC,Purchase,Entertainment,163587.76,ARS,467.39,ATM,SUC-UE04XBQH,Conciertos Live,Entertainment,Colombia,Barranquilla,Approved,00,False,24.06,,
TRX-V2899UYV7FO02PPK8LC1,2026-04-18 19:43:09,2026-04-18,PRD-166ZSWHYA9SZ,CLI-USA8YNA65DI4,Transfer,,9197.79,USD,,POS,,,,México,Querétaro,Approved,00,False,,,
TRX-E8UQOPDG2RGIBJTRL6X5,2026-04-18 22:59:51,2026-04-18,PRD-OJF8PGE6XQNP,CLI-9VEPX0M4UEYX,Transfer,,2917.88,USD,,POS,,,,México,Puebla,Approved,00,False,,0.2823967,-0.4038887
TRX-AX64Q3ELMQXLZ2VLA73N,2026-04-19 00:37:27,2026-04-18,PRD-ZEHVWB0XSKJB,CLI-NLR9JE7KHTGA,Withdrawal,,138.41,USD,,Web,,,,México,,Approved,00,False,28.75,,
TRX-KZWS4K6PRNORVYI8CJ53,2026-04-18 11:41:12,2026-04-18,PRD-FPO2585HTLIJ,CLI-711ZJF58F1F3,Purchase,Entertainment,108077.09,ARS,308.79,POS,,Cine Premium,Entertainment,Argentina,Buenos Aires,Declined,14,False,1.47,,
TRX-MRVZY9JDH7FBJM367AQ8,2026-04-19 03:46:55,2026-04-18,PRD-FGB61GOLXSHD,CLI-XXTZ57N6G2MO,Payment,Entertainment,1058.79,USD,,Web,,,,México,Querétaro,Approved,00,False,,,
TRX-CIPZOX63JZYOHBES6YX5,2026-04-18 07:40:17,2026-04-18,PRD-ZG89ABXBKWK2,CLI-RROL3UO90L47,Transfer,,589.64,USD,,App,,,,México,Monterrey,Approved,00,False,24.4,,
TRX-TQBRO8ECNX1ISSXJCD3Z,2026-04-19 01:32:02,2026-04-18,PRD-N5GH8LENM24N,CLI-CA2IEOHAKQK8,Purchase,Entertainment,67737.77,ARS,193.54,ATM,SUC-D4W8JR4A,Cine Premium,Entertainment,Argentina,La Plata,Approved,00,False,18.57,,
TRX-BRQ40H7O3V06Q6DU38NH,2026-04-18 11:17:19,2026-04-18,PRD-WYHUNUSZHFXG,CLI-AN7SE6NRKA2C,Transfer,,5803.76,USD,,App,,,,México,Ciudad de México,Approved,00,False,2.61,,
TRX-D8N25J7QP0KJYXDPL3CJ,2026-04-19 02:14:06,2026-04-18,PRD-6LCGN8M7CJZF,CLI-QJXONYENNANG,Payment,,7080371.3,COP,1770.09,ATM,SUC-2L4DTLRM,,,Colombia,,Approved,00,False,18.22,,
TRX-T9NG4FYO9I1M036JZ0TX,2026-04-18 07:12:20,2026-04-18,PRD-MBEPWRY0PIMW,CLI-4GLK08O6YTWT,Withdrawal,,81.26,USD,,ATM,SUC-6RHR3MME,,,México,Guadalajara,Approved,00,False,14.11,0.3900445,0.4068957
TRX-ED7ZNBB7KLWM9H0RNJ28,2026-04-18 08:26:33,2026-04-18,PRD-G4YP1V11YAG3,CLI-RZG5N4C22D1B,Deposit,,2158.34,USD,,POS,,,,México,Tijuana,Approved,00,False,14.63,,
TRX-AFB9CXV6XZCGSGUTUM3H,2026-04-18 10:54:44,2026-04-18,PRD-JVH8OKHISSLA,CLI-IZ56NZXO2FQ5,Withdrawal,,49.75,USD,,Web,,,,México,Monterrey,Approved,00,False,3.71,,
TRX-JPBP1NWBJINCDXNUY3R8,2026-04-18 10:37:11,2026-04-18,PRD-K88ERN6ZXPT1,CLI-YGWB5I54SL0L,Transfer,,1455893.42,ARS,4159.7,Web,,,,Argentina,La Plata,Approved,00,False,,,
TRX-3UU6J3CVITGUNOYBK157,2026-04-18 11:48:47,2026-04-18,PRD-D0DUK77E4RBX,CLI-CMLOO87FDBN4,Payment,Food,1107.89,USD,,ATM,SUC-M8AEJ2A4,,,México,Puebla,Approved,00,False,6.43,,
TRX-3MNJ5G1EW7A9IVTGB4G2,2026-04-18 16:09:21,2026-04-18,PRD-K9UZD5LM3272,CLI-KW0E15UABMB0,Withdrawal,,794384.55,COP,198.6,Transfer,,,,Colombia,Barranquilla,Approved,00,False,9.04,,
TRX-5A6UBF1ADIZZ7824OW7C,2026-04-19 03:40:13,2026-04-18,PRD-GUF8J710GIA3,CLI-7UKXXVGOHLAL,Payment,Transport,1842.27,USD,,POS,,,,México,Querétaro,Approved,00,False,0.6,,
TRX-HLXVU0Q4Z4GX9B4WNZEZ,2026-04-19 01:14:35,2026-04-18,PRD-21IAI1LNNIGK,CLI-AZR0L68YU5A7,Withdrawal,,629448.44,COP,157.36,ATM,SUC-HQWDAM56,,,Colombia,Cartagena,Approved,00,False,2.92,4.8628067,-73.3030524
TRX-MZQ8CEZWCYZGXL3JCS56,2026-04-19 02:24:44,2026-04-18,PRD-TTD5WT7H4JLV,CLI-5Z6QKNRCYOX5,Purchase,Entertainment,94.3,USD,,ATM,SUC-NZJH5BG1,Streaming Music,Entertainment,México,Tijuana,Approved,00,False,7.36,0.9735123,0.6338921
TRX-A9UNY4N1QMGY4OUAE1VQ,2026-04-18 13:16:38,2026-04-18,PRD-6UVC7G2C6ZW2,CLI-C8VKT1PDRPX8,Transfer,,673279.21,ARS,,POS,,,,Argentina,Mendoza,Approved,00,False,21.29,,
TRX-4ZBUU409IF9O2GDIAWM7,2026-04-18 23:21:07,2026-04-18,PRD-GHBK7X8IDGFZ,CLI-XQR0AOA6M6NQ,Withdrawal,,174.19,USD,,POS,,,,México,Ciudad de México,Approved,00,False,,,
TRX-ZJ7AZQRJYAAMN4SH9NBP,2026-04-18 16:28:55,2026-04-18,PRD-P06RS0N3OKSJ,CLI-W8VRKYK798VW,Deposit,,17519324.56,COP,4379.83,ATM,SUC-LWQND6S8,,,Colombia,Cartagena,Approved,00,False,11.54,,
TRX-1MJK03U3HH6I0ZBRUNHH,2026-04-18 09:00:17,2026-04-18,PRD-PQHZLCT7BCG6,CLI-GH7JOST856FS,Payment,Transport,1852.96,USD,,Web,,,,México,Guadalajara,Approved,00,False,,,
TRX-54YU70WEZN15C0IW8SY6,2026-04-18 19:10:34,2026-04-18,PRD-RYCK21ZSMMCF,CLI-S6AJGT0Y8HH6,Adjustment,,724.16,USD,,POS,,,,Colombia,Cartagena,Approved,00,False,0.53,,
TRX-P0AYUZW0PXV92UQCVCAG,2026-04-18 21:54:59,2026-04-18,PRD-BWMB382UU6WJ,CLI-UA16CT5E4JA7,Withdrawal,,216.6,USD,,POS,,,,México,Guadalajara,Approved,00,False,,,
TRX-ERWKC8VDIR6O94MNC1JT,2026-04-18 21:59:03,2026-04-18,PRD-UWXJ8R9RIH2W,CLI-MMCX64FOVFJM,Transfer,,538.69,USD,,Web,,,,México,Monterrey,Approved,00,False,,,
TRX-3N2SPR2VLKB2TSRFB5C1,2026-04-18 21:09:58,2026-04-18,PRD-63N2TXAQPL6A,CLI-ILNKHNMMNMCQ,Payment,Services,1996.67,USD,,POS,,,,México,Tijuana,Approved,00,False,27.1,,
TRX-VRKRCJSQCLDHQDT5TNB1,2026-04-18 13:26:43,2026-04-18,PRD-DSTS1YCYJ37V,CLI-VZM51SINRKQS,Withdrawal,,467960.01,COP,116.99,ATM,SUC-OGCB7RT2,,,USA,Houston,Approved,00,False,16.45,3.8363953,-74.4079204
TRX-AJ3JSZQDKVSFVQPEPOA8,2026-04-18 20:50:58,2026-04-18,PRD-B8HOODWE9VWK,CLI-3DPDMHN8B487,Payment,Other,356644.9,ARS,1018.99,ATM,SUC-JBECVTZ8,,,Argentina,,Approved,00,False,8.59,-34.7919153,-59.205648
TRX-8UBC89SQSTH4LO48PA15,2026-04-18 22:06:38,2026-04-18,PRD-SOS14SDRDTTY,CLI-HWWXHJHJ9A0E,Payment,Health,382471.67,ARS,1092.78,ATM,SUC-PJ3BSV1X,,,Argentina,La Plata,Approved,00,False,8.68,-34.758991,-58.1279509
TRX-HR7BDUVFC3IQK9TSODVR,2026-04-18 14:30:48,2026-04-18,PRD-4UQC8FDL5HP7,CLI-GGIWB6V2BW86,Purchase,Services,1491625.59,COP,372.91,POS,,Cable TV,Services,Colombia,,Approved,00,False,19.95,4.7982127,-74.7274659
TRX-UPEZXO56GRFLO1RPKWCW,2026-04-18 12:15:26,2026-04-18,PRD-36U20JTVTCI2,CLI-A2P5YG2YUJZ2,Payment,Food,465230.28,COP,116.31,Transfer,,,,Colombia,Cali,Approved,00,False,21.81,,
TRX-0QZYJNK9FBQNTEZ72Z6Y,2026-04-18 10:05:23,2026-04-18,PRD-5LBUNJVQ71B5,CLI-NJJS9YL2AYP5,Transfer,,8366243.24,COP,2091.56,ATM,SUC-KY2QIURA,,,Colombia,Bogotá,Approved,00,False,,,
TRX-IF6WTA83CYRLJWGN5IKC,2026-04-19 05:20:38,2026-04-18,PRD-0KPTE7YXF2FA,CLI-RDFTD42IU343,Withdrawal,,482.03,USD,,ATM,SUC-Q9LRLZTA,,,México,,Approved,00,False,1.73,,
TRX-IIJOVZ66AK1SZLY6UDB2,2026-04-19 02:06:57,2026-04-18,PRD-V3WH4RRFZILC,CLI-ZYBOVMTHGW36,Purchase,Health,91.13,USD,,POS,,Farmacia Salud,Health,México,Puebla,Approved,00,False,7.91,,
TRX-4OVDZU9SZXI7QMPQUADA,2026-04-18 18:05:08,2026-04-18,PRD-0IF1A3ONH9UQ,CLI-91JKGW3GFIQG,Adjustment,,690.22,USD,,ATM,SUC-6IDFK4L9,,,México,Querétaro,Approved,00,False,10.17,-0.6230174,-0.1098027
TRX-YOYXEGGS2PHOX2XB3Z4W,2026-04-18 14:50:17,2026-04-18,PRD-GE09SPDUS96Q,CLI-JA7QYONZDYS0,Withdrawal,,257.85,USD,,Web,,,,México,Tijuana,Approved,00,False,9.04,,
TRX-ONACYFTOAVUT9CJFK7TI,2026-04-18 15:57:40,2026-04-18,PRD-JR5O8B2996FQ,CLI-X6ESCHHZHQJ8,Withdrawal,,510054.44,COP,127.51,App,,,,Colombia,Barranquilla,Pending,51,False,20.12,,
TRX-HS1F1IZ21QHTAIDVRG0H,2026-04-18 09:22:35,2026-04-18,PRD-3LDRZ4H1OU5L,CLI-LACQA4QTUSJK,Payment,Transport,245.49,USD,,Web,,,,México,Ciudad de México,Approved,00,False,24.5,,
TRX-OZLYZU76YJ2NQ0NXALD5,2026-04-19 02:15:45,2026-04-18,PRD-SSK4ETLCCEJL,CLI-NUK93H7P9SNY,Purchase,Services,94.41,USD,,ATM,SUC-T4RE29NP,Internet Plus,Services,México,Ciudad de México,Approved,,False,13.44,,
TRX-VNNWKESZGOJ2AF9S91YZ,2026-04-18 06:44:12,2026-04-18,PRD-DHCJZGKD9SLK,CLI-82RA8P5UND8V,Transfer,,9250541.56,COP,2312.64,ATM,SUC-OGCB7RT2,,,Colombia,Cartagena,Approved,00,False,1.92,,
TRX-N507X7D7K3FNME6XEG33,2026-04-18 08:39:31,2026-04-18,PRD-T0HO2FQ1204R,CLI-XY3TR9SQ1K8C,Deposit,,589.13,USD,,POS,,,,México,Querétaro,Approved,00,False,17.32,-0.4761106,0.0074204
TRX-4Y1X1UU41KMM3OCL3PQO,2026-04-19 05:22:39,2026-04-18,PRD-PB1ECZ0OZJQK,CLI-DG9Z4JO6JCOK,Withdrawal,,158.04,USD,,ATM,SUC-Z39EOE70,,,México,Ciudad de México,Pending,14,False,23.6,,
TRX-AIESKV3GB798UMHPOB7Y,2026-04-19 03:14:04,2026-04-18,PRD-RQEN7F82LPBL,CLI-X5K99XREATMA,Transfer,,9738.5,USD,,Web,,,,México,Puebla,Approved,00,False,22.36,,
TRX-7440B849I9BHZMK7D1Y3,2026-04-18 11:35:03,2026-04-18,PRD-33TWZ2GKSHFY,CLI-IZF9G62Q5A6A,Deposit,,1793.15,USD,,Web,,,,México,Puebla,Approved,00,False,17.76,,
TRX-LJ0W5NBGJYNQFREX0XKD,2026-04-19 02:32:09,2026-04-18,PRD-LQBE38MK5XKW,CLI-MQRY0M4KYB2B,Deposit,,1141860.46,ARS,3262.46,ATM,SUC-NXELWI6F,,,Argentina,Córdoba,Approved,00,False,,,
TRX-REN181AH1QHKJ21AQIDG,2026-04-18 14:25:50,2026-04-18,PRD-MAZ1IB1SE4MY,CLI-RIYZ0IXCHC1W,Transfer,,6816222.61,COP,1704.06,POS,,,,Colombia,Bogotá,Approved,00,False,7.33,,
TRX-SRS15SQ0G8SEDDWC2X34,2026-04-19 05:04:50,2026-04-18,PRD-0YARQVLLNFVO,CLI-ZIRCBUBYS5IG,Purchase,Services,360.72,USD,,ATM,SUC-UB0LXRUU,Empresa Telefónica,Services,México,Monterrey,Approved,00,False,,,
TRX-0IHY9OK6PBY9KFUEMTZS,2026-04-18 10:57:55,2026-04-18,PRD-COSK3Z8610FF,CLI-OPDNN495HSCK,Purchase,,434.02,USD,,Web,,Ferretería,Other,Colombia,Cartagena,Approved,00,False,21.09,,
TRX-99EFHO3DNCEIK2FN9AXF,2026-04-18 14:24:19,2026-04-18,PRD-VR3AX9LZHMWA,CLI-2JO850X3ZP2U,Purchase,Services,154.3,USD,,POS,,,Services,México,Guadalajara,Approved,00,False,,-0.9447582,0.0195336
TRX-ROQ5HQ3WRRG86M0M7T8E,2026-04-19 03:08:45,2026-04-18,PRD-3XGKO3ZBJTWN,CLI-4KO1F4O24URQ,Payment,Food,659601.94,COP,164.9,Web,,,,Colombia,Bogotá,Approved,00,False,27.28,,
TRX-Q8G25QS1TRQB2AG7VFHJ,2026-04-18 16:23:49,2026-04-18,PRD-1K6UPY9GLBSJ,CLI-393LH6IGI8QK,Purchase,Food,168353.04,ARS,481.01,POS,,Super Ahorro,Food,Argentina,Buenos Aires,Approved,00,False,28.76,,
TRX-3SAXDBYN64IZ8NL67Z18,2026-04-18 11:59:04,2026-04-18,PRD-7UIGSACQ3OBA,CLI-D525FDRFBA40,Transfer,,2288781.13,COP,572.2,ATM,SUC-I7CB5PA8,,,Colombia,Barranquilla,Approved,00,False,21.47,,
TRX-9TDADNUW2QG81ZHGE51Z,2026-04-18 06:22:59,2026-04-18,PRD-QIM8RCJ9VBWM,CLI-9SK5TU4MYNK6,Transfer,,8506.79,USD,,ATM,SUC-QTWR8S76,,,México,Ciudad de México,Approved,00,False,25.77,-0.6487059,-0.2824181
TRX-LZHSQEDGS1L791BITKNS,2026-04-18 23:01:06,2026-04-18,PRD-SKVIQUYIZPCZ,CLI-18G2IZQMRNAB,Payment,Services,1406572.64,COP,351.64,POS,,,,Colombia,Medellín,Approved,00,False,6.78,,
TRX-M8NZY3OELG96QSVSN3MR,2026-04-18 19:13:35,2026-04-18,PRD-4WQHQB33BTQR,CLI-XGZXQO4VZOLS,Purchase,Other,775278.81,COP,193.82,POS,,Boutique Moda,Other,Colombia,Bogotá,Approved,00,False,15.94,,
TRX-H3H6XVHS1HVMYO7LVZHV,2026-04-18 13:42:49,2026-04-18,PRD-3H2EJOSKCEXJ,CLI-DGAPQWHNA347,Transfer,,8228.96,USD,,Web,,,,México,Guadalajara,Approved,00,False,6.27,,
TRX-0B3T1Q2HYHWDK8O50IUN,2026-04-18 08:33:12,2026-04-18,PRD-4OJFAPCR43PU,CLI-37M8MPU1A7IB,Deposit,,9876565.56,COP,2469.14,POS,,,,Colombia,Medellín,Approved,00,False,,4.5085657,-73.0843683
TRX-SENZ5IMDIY4EFLYFU20T,2026-04-19 02:57:35,2026-04-18,PRD-JZ0JM998CQAN,CLI-TK3NV4JBYV71,Purchase,Entertainment,243.06,USD,,POS,,Streaming Music,Entertainment,México,Guadalajara,Approved,,False,1.17,,
TRX-J8HMZGUEP1QVOBQ6IU87,2026-04-18 21:24:55,2026-04-18,PRD-2ND9EUNEUHDE,CLI-PKPHGFESKVW7,Withdrawal,,1983397.83,COP,495.85,ATM,SUC-U7NNFMS6,,,Colombia,,Approved,00,False,10.21,4.7922641,-74.6040248
TRX-JCUKN7YFUR64ZB9WD6A7,2026-04-19 00:09:26,2026-04-18,PRD-VMFNNONU1NIZ,CLI-EQ2SSOAADS2P,Purchase,Entertainment,441.84,USD,,POS,,Cine Premium,Entertainment,México,Tijuana,Approved,00,False,5.79,,
TRX-CE3S0HFN8IWIYVV425HI,2026-04-18 22:56:35,2026-04-18,PRD-JMSBHF4LRNQJ,CLI-1NSBPQQLQB96,Withdrawal,,272.92,USD,,ATM,,,,México,Monterrey,Approved,00,False,,,
TRX-HMN3BZKCR87185MYIIWV,2026-04-19 05:00:39,2026-04-18,PRD-NXV6621DCCW0,CLI-HRAEJH7R6F3S,Payment,Food,1740.81,USD,,POS,,,,México,Ciudad de México,Approved,,False,4.3,,
TRX-FP2G5NE46UEXISPBQ646,2026-04-18 13:16:23,2026-04-18,PRD-T0309E2CEB1E,CLI-1LYIA4BSHOMK,Deposit,,4711.29,USD,,ATM,SUC-OLTX380V,,,México,Querétaro,Approved,,False,23.35,,
TRX-J9FULKV1HT62WGVL0YR2,2026-04-18 15:14:54,2026-04-18,PRD-PTLLLKFKDW7M,CLI-O3CXLY3ASHAY,Payment,Services,7672059.17,COP,1918.01,POS,,,,Argentina,Mendoza,Approved,00,False,5.3,,
TRX-JRZX3IKTCVZR8Z7WWUQ4,2026-04-19 04:07:16,2026-04-18,PRD-FKZ9Z4H0ZSGU,CLI-4SKELN3VYFRA,Transfer,,3901.12,USD,,POS,,,,México,Tijuana,Approved,00,False,4.47,-0.538567,-0.1572673
TRX-XMHHM9IOZDOK0SLZKH8E,2026-04-18 14:36:25,2026-04-18,PRD-ZP44LBQQZ2QR,CLI-SA9XKQWJ5LDI,Purchase,Transport,1248545.44,COP,312.14,Web,,Estación de Servicio,Transport,Colombia,Cali,Approved,00,False,22.8,,
TRX-O3OMJF9EIH1J7CBT9NVK,2026-04-18 09:22:58,2026-04-18,PRD-NEQH01RNCWJM,CLI-R6FG9MF8F10D,Adjustment,,2147562.27,COP,536.89,POS,,,,Colombia,Bogotá,Approved,00,False,24.04,,
TRX-OUJXN68EF51OBB7H1K72,2026-04-18 19:49:01,2026-04-18,PRD-WWGIVMUQT0AJ,CLI-W0AYVKANDFNA,Transfer,,1944384.76,ARS,5555.39,ATM,SUC-RNIHGBDP,,,Argentina,La Plata,Approved,00,False,,,-58.4744657
TRX-U2OY0U6H44F3TDRY20CZ,2026-04-18 15:07:33,2026-04-18,PRD-1YPVAHBN0SW6,CLI-Q14LTC1G3V92,Deposit,,9621242.94,COP,2405.31,ATM,SUC-U5SARN4H,,,Argentina,Rosario,Approved,00,False,29.04,,
TRX-OY26ZMFNVY5NQT22MIBQ,2026-04-18 13:07:58,2026-04-18,PRD-7D7DPQ8DQ42J,CLI-E90007ES2WWZ,Payment,Transport,548.6,USD,,POS,,,,México,Guadalajara,Approved,00,False,,,
TRX-GTF2ZW561P8OO73JOVKM,2026-04-18 10:34:47,2026-04-18,PRD-W8033T9OPIYN,CLI-1O1Z8915OJLV,Purchase,Services,50.91,USD,,POS,,Empresa Telefónica,Services,México,Monterrey,Approved,00,False,17.2,,
TRX-AJINKAYOXW3MOYRN2RU1,2026-04-18 14:04:08,2026-04-18,PRD-2NJDFHSLWIV6,CLI-SJNJ47ZGLN23,Payment,Services,624925.56,ARS,1785.5,ATM,SUC-OSJVEL9O,,,Argentina,Rosario,Approved,00,False,7.27,,
TRX-QIZ5VG630CXKV1BMTOGC,2026-04-18 21:38:56,2026-04-18,PRD-XY3ETV1OWW5A,CLI-6FS0TTI2CKBC,Purchase,Transport,428891.8,COP,107.22,ATM,SUC-2NNWC3AV,Gasolinera Express,Transport,Colombia,Cartagena,Approved,00,False,18.01,4.2361538,-74.2769207
TRX-D3HY4G28EB03K8XSZ5VV,2026-04-18 23:44:10,2026-04-18,PRD-T6TR7ZIC4JNE,CLI-V3HLUS9HHESZ,Withdrawal,,400.26,USD,,POS,,,,México,Querétaro,Approved,00,False,12.04,,
TRX-GM06W7CP9IK50W91J22P,2026-04-19 05:18:41,2026-04-18,PRD-GKKS7169FVHV,CLI-R6F9LWSIY267,Transfer,,30597084.31,COP,7649.27,App,,,,Colombia,,Approved,00,False,13.49,,
TRX-RHPTJLWVO709CH14JU0Z,2026-04-19 03:55:44,2026-04-18,PRD-63UOI7MMRNSJ,CLI-RUDIV7BS0CT9,Purchase,Other,237807.12,COP,59.45,ATM,SUC-QLV3J046,Tienda General,Other,Colombia,Cartagena,Approved,00,False,20.08,,
TRX-VN8NW9O0W4298EJCQ82Q,2026-04-18 16:41:28,2026-04-18,PRD-LUGEMADWPI4O,CLI-DO6KTEW3T2O3,Purchase,Services,555129.81,COP,138.78,Branch,SUC-HAC1OZ8F,Empresa Telefónica,Services,Colombia,Bogotá,Approved,00,False,23.54,,
TRX-ZR4419QYATLJE2RYG1ZR,2026-04-18 21:40:47,2026-04-18,PRD-60RD3DZ2S3AZ,CLI-2BEEF8WBJCD6,Deposit,,146834.05,ARS,419.53,Web,,,,Argentina,Mendoza,Approved,00,False,,,
TRX-X7UOL5TLTFK3FHGOMZZZ,2026-04-18 06:40:22,2026-04-18,PRD-752WLIWM84G9,CLI-O580QNAOHM3T,Deposit,,899615.58,ARS,2570.33,POS,,,,Argentina,Buenos Aires,Approved,00,False,29.6,-34.2331421,-58.4890951
TRX-N5ZYQDXCJOXXRKYXPITX,2026-04-18 18:26:37,2026-04-18,PRD-71OKH5YYQ5Y7,CLI-J8QVE2LZBP5J,Withdrawal,,293166.14,COP,73.29,POS,,,,Colombia,Medellín,Approved,00,False,24.93,,
TRX-716SFYOGT1H8362YXLK9,2026-04-18 06:49:11,2026-04-18,PRD-EWPEZ4NPQKH5,CLI-VHO6WWSC8Z1K,Deposit,,341474.07,COP,85.37,Branch,SUC-JZCA1ZND,,,Colombia,Cali,Approved,00,False,,,
TRX-HBQNS5LALTAXACTGO3XK,2026-04-19 00:30:19,2026-04-18,PRD-X7T8EL2SM370,CLI-H9ZESLMJRKGP,Withdrawal,,436.33,USD,,POS,,,,Colombia,Barranquilla,Approved,00,False,20.21,-0.1382998,0.2740285
TRX-KCBPQX833AT21CSZ7SFI,2026-04-19 03:40:50,2026-04-18,PRD-5BGPOPHYCXRU,CLI-UQKHYM0AIC8M,Purchase,Transport,1354751.65,COP,338.69,POS,,Taxi Seguro,Transport,Colombia,Medellín,Approved,00,False,16.32,,
TRX-P4OLVI0J4YN6HEPT5C4Y,2026-04-18 06:20:20,2026-04-18,PRD-TPFVK1U2J749,CLI-L60K10PQW8F4,Payment,Food,4716706.71,COP,1179.18,ATM,SUC-U5SARN4H,,,Colombia,,Approved,00,False,15.16,,
TRX-RMKY2BQVNRCIZKEGMNDN,2026-04-19 03:08:34,2026-04-18,PRD-ERVI8LM5OTWQ,CLI-KW0KYZN2OSR2,Withdrawal,,697442.28,COP,174.36,Web,,,,Colombia,Bogotá,Approved,00,False,23.77,,
TRX-LSNUYA9SD9YO2ECMUW5O,2026-04-19 00:34:37,2026-04-18,PRD-SZR7REK8RN8W,CLI-MGOUBPOOOKP4,Withdrawal,,288.44,USD,,POS,,,,México,Guadalajara,Approved,00,False,20.0,-0.2430676,-0.0750781
TRX-C3EARDPBLXI6T3NYL1DU,2026-04-18 21:56:21,2026-04-18,PRD-SJIJ2KZRKJ8Q,CLI-69OJZQRBH61R,Withdrawal,,287.3,USD,,ATM,SUC-NZJH5BG1,,,México,Monterrey,Approved,00,False,7.96,,
TRX-U2GOV74WOL6WU7CXCJV2,2026-04-19 00:04:03,2026-04-18,PRD-IC7602BUFSVG,CLI-XMOIPDWWA1Z8,Purchase,Transport,16.18,USD,,App,,Uber,Transport,México,Monterrey,Approved,00,False,17.67,,
TRX-748EIOIVA9QQKBYGUQS2,2026-04-18 13:32:40,2026-04-18,PRD-QKNP4WM0YK6O,CLI-4WWZ8UYR82C9,Purchase,Health,359.94,USD,,ATM,SUC-3XWIPDZ3,Farmacia Salud,Health,México,Ciudad de México,Approved,00,False,29.61,0.0801332,-0.5398305
TRX-RH2D5VM6JMDJXPOA63FL,2026-04-18 13:51:48,2026-04-18,PRD-WEOD58TMD2AM,CLI-ZFY0K5QFX4CQ,Deposit,,16030209.19,COP,4007.55,POS,,,,Colombia,Medellín,Approved,,False,,4.9101186,-73.1977069
TRX-BY951W143GUNBF68JJU1,2026-04-18 10:05:51,2026-04-18,PRD-7L6SLAQNLUB8,CLI-1TGFGGNOZX2Q,Payment,Other,382503.53,COP,95.63,Web,,,,Colombia,Medellín,Approved,00,False,3.91,,
TRX-OL9SJNM15FHOA8Q796F6,2026-04-18 17:31:35,2026-04-18,PRD-3VAIJSSTMPUU,CLI-N44PPG22D7PR,Payment,Services,744.61,USD,,POS,,,,México,Ciudad de México,Approved,00,False,,-0.0929303,-0.7894599
TRX-NK65G456OROX23NOSFYW,2026-04-18 17:50:39,2026-04-18,PRD-ISGE4ENHGNPM,CLI-MRYLICZXC4JV,Transfer,,5442.05,USD,,POS,,,,México,Guadalajara,Approved,00,False,9.15,,
TRX-OTH3SYYZZAPKLWJ75RL8,2026-04-18 12:45:51,2026-04-18,PRD-OWPF7W4476RU,CLI-WI56N1P34S4W,Deposit,,4339.11,USD,,Transfer,,,,México,,Approved,00,False,2.35,,
TRX-3YC4A77MPQH5S6362WV8,2026-04-18 15:38:37,2026-04-18,PRD-MWSWWUB4BDC4,CLI-1UBN6JJPUOPV,Transfer,,2982231.7,ARS,8520.66,POS,,,,Argentina,La Plata,Approved,,False,24.26,-33.8578348,-58.1371265
TRX-URK5V19SJ6DJUFJ9MQBR,2026-04-18 07:36:08,2026-04-18,PRD-3T80XJZAG1FS,CLI-NCBCW8AMG1MF,Transfer,,4827.18,USD,,POS,,,,México,Tijuana,Declined,51,False,5.64,,
TRX-01JGQJEBA1CYUNOU9IM0,2026-04-19 00:07:05,2026-04-18,PRD-1OXL7PVPN1F8,CLI-NKOB3BM1H4UR,Withdrawal,,16039.81,ARS,45.83,Web,,,,Argentina,Mendoza,Approved,00,False,16.48,,
TRX-QUHQ2XCLCQE6YQZ5T595,2026-04-18 12:56:48,2026-04-18,PRD-HGIDEUOJO6XR,CLI-SYAJY3DZTLSV,Deposit,,1337975.22,ARS,3822.79,ATM,SUC-UE04XBQH,,,Argentina,La Plata,Approved,,False,8.34,,
TRX-4GFK8E35XZYA4T502KTW,2026-04-19 02:40:18,2026-04-18,PRD-XFC250AJU7FB,CLI-DIFFM8TEHJ3D,Purchase,Food,184.55,USD,,ATM,SUC-LQXENAY2,Tienda Don José,Food,México,,Approved,00,False,18.98,,
TRX-0D72IVRY7HLGQFU44RL7,2026-04-18 11:08:13,2026-04-18,PRD-MZ7A058XY3N1,CLI-9FIF0AX2HLXM,Withdrawal,,340.58,USD,,Web,,,,Brazil,Rio de Janeiro,Approved,00,False,14.73,,
TRX-G4VC81QBFL4273YCDY2M,2026-04-18 06:07:09,2026-04-18,PRD-STXK02S8A0EC,CLI-SN6UYH0U3LVW,Transfer,,3432.8,USD,,ATM,SUC-DYPJLQVN,,,USA,,Approved,,False,,,
TRX-47IIZDKHSS8XJL25F2Q4,2026-04-18 20:19:01,2026-04-18,PRD-A9DXD7Q2MMDH,CLI-W7G1DH0WMCKR,Deposit,,459.95,USD,,POS,,,,México,Guadalajara,Approved,00,False,,,
TRX-EPR9DVME0APDT05TW0AX,2026-04-19 03:43:27,2026-04-18,PRD-AN2A8FI16JVM,CLI-8AGBQF9U5VBY,Transfer,,2483.9,USD,,POS,,,,México,Puebla,Approved,00,False,16.79,0.1434906,-0.1105011
TRX-6PSOGKC8YASINPVI39RK,2026-04-19 05:40:08,2026-04-18,PRD-7N9GU1ZHC933,CLI-BUUNOVKQI155,Withdrawal,,1582340.08,COP,395.59,Web,,,,Colombia,Medellín,Approved,00,False,29.33,,
TRX-7UA7LG8Q4GIFULI9R459,2026-04-18 06:26:18,2026-04-18,PRD-ADSK8L9TLQ9P,CLI-XL14UWDN6NB4,Withdrawal,,783695.58,COP,195.92,POS,,,,Colombia,Cartagena,Approved,00,False,23.33,,
TRX-XGA2I0XJ7747E8ZXT00D,2026-04-18 21:46:22,2026-04-18,PRD-01G0JLY28QPU,CLI-C9ZCMSXZN356,Transfer,,7886.42,USD,,Web,,,,México,,Approved,,False,23.83,,
TRX-EDL8WZG3GNANSBAXWQYN,2026-04-18 18:17:17,2026-04-18,PRD-0T445EPKW6PL,CLI-0QCVJOLVTF6Y,Payment,Entertainment,5422822.56,COP,1355.71,ATM,SUC-84HXKY7Q,,,Colombia,Cartagena,Approved,00,False,12.32,,
TRX-RHX918VX3XXRPLHJF65T,2026-04-19 00:36:17,2026-04-18,PRD-K5A11F10DJT1,CLI-JF096VA79VL5,Purchase,Services,458.49,USD,,Web,,Empresa Telefónica,Services,México,Ciudad de México,Approved,00,False,28.78,,
TRX-3FTFN7Q3HU8LJDQC506N,2026-04-18 19:34:51,2026-04-18,PRD-VEN4UA5VBZ4D,CLI-7IHA9UDKYNMJ,Payment,Food,336874.57,ARS,962.5,POS,,,,Argentina,Córdoba,Approved,00,False,,-33.8845822,-59.2678632
TRX-T5MTOABNDMHGWIHYCN8M,2026-04-18 12:22:54,2026-04-18,PRD-TTLBZVJ86ZI1,CLI-L2W15DIELDXD,Withdrawal,,120225.81,ARS,343.5,App,,,,Argentina,,Approved,,False,7.72,,
TRX-XOIN1UP7B2J1WBLDKY2M,2026-04-18 06:12:10,2026-04-18,PRD-KUPQRO2SKLRC,CLI-ZPLQN1ADPMOU,Deposit,,9089225.96,COP,,POS,,,,Colombia,,Approved,00,False,,,
TRX-TDT1JCMK3XZZSFKB7X3M,2026-04-19 01:12:19,2026-04-18,PRD-LTURT25J83KN,CLI-1QNBLYD6K4MC,Payment,,1542.85,USD,,App,,,,México,Querétaro,Approved,00,False,27.8,,
TRX-VJZ0180QINW90TT8QHKX,2026-04-19 02:27:48,2026-04-18,PRD-DM215Q5PW2L9,CLI-V8RCXHOGVGNA,Adjustment,,466.19,USD,,POS,,,,México,Ciudad de México,Approved,00,False,18.91,-0.0979654,-0.3490937
TRX-YYGKZRV78XANS0PSXW6T,2026-04-18 07:30:15,2026-04-18,PRD-PKM1YIP346J7,CLI-K3VV7ALW67Y6,Withdrawal,,407.09,USD,,ATM,SUC-552N76DP,,,México,Ciudad de México,Approved,00,False,21.64,,
TRX-8G05GUPVYT3X01Q83PNX,2026-04-18 11:11:22,2026-04-18,PRD-RE5M7543EHIV,CLI-LSCMQ7GQ12SZ,Transfer,,10911341.27,COP,2727.84,POS,,,,Colombia,Barranquilla,Approved,00,False,2.07,,
TRX-QQWO8SQPYVZ6U8FC8NWH,2026-04-18 16:47:07,2026-04-18,PRD-4K46JUK5QOZ2,CLI-CB5MXWHN0MHQ,Purchase,Food,403.21,USD,,ATM,SUC-3DCC91G4,Super Ahorro,Food,México,Guadalajara,Approved,00,False,6.6,,
TRX-XITUCCYYSYCBKCD2DV3M,2026-04-18 15:40:01,2026-04-18,PRD-ZGD3GIIX5XO4,CLI-DNLX3V96KAPM,Withdrawal,,30774.37,ARS,87.93,Web,,,,Argentina,,Pending,51,False,2.4,,
TRX-BS6D73SYZFFPMZKSB92V,2026-04-18 09:40:22,2026-04-18,PRD-KJLI6BI3LAM1,CLI-VHSY7A73H4GV,Purchase,Entertainment,63992.49,ARS,182.84,App,,Streaming Music,Entertainment,Argentina,Buenos Aires,Approved,00,False,29.25,,
TRX-X2EDE9FUA1IX7ZLJO9XO,2026-04-18 17:54:15,2026-04-18,PRD-Q751G9WS7WPV,CLI-UTFFIC7WP6QB,Withdrawal,,264.37,USD,,POS,,,,México,Tijuana,Approved,00,False,28.49,0.8903319,-0.0636093
TRX-ETT2A7VDHZ0SJOID0FS5,2026-04-18 10:49:07,2026-04-18,PRD-VE6NHPR7373N,CLI-0DGP1ZU37AJO,Deposit,,1741177.64,ARS,4974.79,POS,,,,Argentina,Córdoba,Approved,00,False,24.89,,
TRX-4HSDCI9M9VO0FZ66W2OL,2026-04-19 02:25:27,2026-04-18,PRD-RQU8JN6OTD4C,CLI-D36FFIBN3FDV,Payment,Food,404526.78,ARS,1155.79,Branch,SUC-O09F6PWJ,,,Argentina,Mendoza,Approved,00,False,26.72,-34.2877838,
TRX-VFTU5KP5AN8JX7L687AZ,2026-04-18 22:20:23,2026-04-18,PRD-YRKR7IOU7BRL,CLI-AZ2TUAH3Q881,Deposit,,4004.85,USD,,ATM,SUC-BSMTX3U8,,,México,Ciudad de México,Approved,00,False,25.07,,
TRX-QIG1L4B096136UJ4XUAT,2026-04-18 12:01:57,2026-04-18,PRD-EKEMZGB5Q94N,CLI-9I3E81PPAX8M,Purchase,Services,861532.67,COP,215.38,Web,,Empresa Telefónica,Services,Colombia,Barranquilla,Declined,54,False,,,
TRX-XLBH1GAE3UYGVMN5EMI3,2026-04-18 09:40:30,2026-04-18,PRD-5KPI2K8WF8KI,CLI-WW8YI06THMD9,Purchase,Other,121465.05,ARS,347.04,Web,,Tienda General,Other,Argentina,Rosario,Approved,00,False,26.72,,
TRX-Y12RQTY13WPCPD3JB6EW,2026-04-18 08:58:52,2026-04-18,PRD-JBA0SF8YN67W,CLI-0ON37SAC7D4A,Transfer,,17782094.95,COP,4445.52,App,,,,Colombia,Cali,Approved,00,False,11.69,,
TRX-8LFYVW1D0Y2Z1LLL2BZF,2026-04-18 18:40:58,2026-04-18,PRD-BWH3Y2390C6D,CLI-340PDXM2RNC9,Payment,Services,2368953.79,COP,592.24,POS,,,,Colombia,Cali,Approved,00,False,27.94,,
TRX-DM139CB3JSRS0ZYK83XL,2026-04-18 17:09:58,2026-04-18,PRD-3X8L4CZI7D5Y,CLI-281M8VTSZWFA,Payment,Transport,7961472.45,COP,1990.37,POS,,,,Colombia,Cartagena,Approved,00,False,7.29,,
TRX-RZ0XZIMN2O315PK5YFUW,2026-04-18 07:32:34,2026-04-18,PRD-88J2CSHWCV6E,CLI-SSVH3W23XS32,Deposit,,1269836.06,ARS,3628.1,App,,,,Argentina,Buenos Aires,Approved,00,False,24.15,,
TRX-4LC21IL7IOSEAQVDQS61,2026-04-18 15:25:48,2026-04-18,PRD-SBS1JADZRXIW,CLI-X4EGUUQZNY96,Deposit,,1560242.21,ARS,4457.83,ATM,SUC-7TUK3JBL,,,Brazil,Brasília,Approved,00,False,29.1,,
TRX-GZU3K3RNLJA39A2779YS,2026-04-18 23:27:25,2026-04-18,PRD-TT6QPGGKXDRB,CLI-8YTUOELEAA9F,Transfer,,2295.8,USD,,App,,,,México,Querétaro,Approved,00,False,29.74,,
TRX-SO55QNX9K7OL5GANVYS4,2026-04-19 03:57:34,2026-04-18,PRD-JLY9AJ4O689C,CLI-NUFCDCE3YT28,Purchase,Services,1755946.0,COP,438.99,POS,,Empresa Telefónica,Services,Colombia,Barranquilla,Approved,00,False,29.72,,
TRX-05VCEOZQ6D3ZOHA7D212,2026-04-18 13:23:47,2026-04-18,PRD-BZ8HNZCIDHJ1,CLI-GRXLGOXGTR5J,Purchase,Health,281.99,USD,,ATM,SUC-74OJEV5Z,Clínica Médica,Health,México,Monterrey,Approved,00,False,12.72,,
TRX-NQZF13AKZGCKFUXL5MA1,2026-04-19 03:58:51,2026-04-18,PRD-TB9JT6AX6OHF,CLI-SIFV1VH6YI0M,Deposit,,4413.66,USD,,POS,,,,México,Querétaro,Approved,00,False,25.47,,
TRX-SYYYBUIEW8TS2R46CTOC,2026-04-18 20:31:39,2026-04-18,PRD-I0TGRNTNP409,CLI-E7AEQZU0CIJ7,Purchase,Entertainment,10.36,USD,,App,,Streaming Music,Entertainment,México,Guadalajara,Approved,00,False,24.01,,
TRX-10LU07YFUOAB2Q6OLXNQ,2026-04-18 14:18:09,2026-04-18,PRD-UA9EMYCJEY9A,CLI-3DA4GLQ51ZNL,Transfer,,1972.83,USD,,POS,,,,México,,Approved,00,False,22.05,0.7682046,0.7898058
TRX-NS2I2413XMOZ803SZR1R,2026-04-18 23:42:06,2026-04-18,PRD-IN1TRYU18J7T,CLI-IG4ZTRABSR84,Purchase,Transport,794663.91,COP,198.67,ATM,SUC-JARPMK7O,Uber,Transport,Colombia,Medellín,Approved,00,False,,,
TRX-86BCRSF21FTZAIH6JBC9,2026-04-18 07:52:04,2026-04-18,PRD-88MUNG7R8626,CLI-QC9J0K7KFO9X,Deposit,,4374.34,USD,,POS,,,,México,Guadalajara,Approved,00,False,11.01,,
TRX-QRLS40CVT32MBZ1GMPAS,2026-04-18 10:55:34,2026-04-18,PRD-81YCXP7SABPY,CLI-XLK7IAUJKSUT,Withdrawal,,95.37,USD,,Web,,,,México,Monterrey,Approved,00,False,12.68,,
TRX-T7GTOP2AGG3JUOQS90YH,2026-04-18 23:30:54,2026-04-18,PRD-RXTHN0T09UH2,CLI-ZY4VZIGMSE6E,Purchase,Transport,55870.01,ARS,159.63,App,,Estación de Servicio,Transport,Argentina,Rosario,Approved,00,False,7.54,,
TRX-JUB5YY7619DAR0IMGXVQ,2026-04-19 00:02:41,2026-04-18,PRD-PS21SX0Q6XYB,CLI-70NHBQ71VDOG,Transfer,,34977532.51,COP,8744.38,POS,,,,Colombia,Cartagena,Approved,00,False,21.11,,
TRX-EZLXY0TDRUL9JY7V49I0,2026-04-18 13:09:56,2026-04-18,PRD-3WW065J70ETN,CLI-6WVBAHLFL8FJ,Purchase,Other,426.81,USD,,ATM,SUC-4XKHST63,Tienda General,Other,México,Puebla,Approved,00,False,22.51,,
TRX-1E68Y6YPSHA660R31F6P,2026-04-18 06:55:52,2026-04-18,PRD-4WARSRM50BBG,CLI-AB99BDR74TWQ,Purchase,Services,421.51,USD,,App,,Empresa Telefónica,Services,México,Guadalajara,Approved,00,False,26.02,,
TRX-I38HIFPFWHX91ZQ764F8,2026-04-19 03:06:15,2026-04-18,PRD-7DGO45PCYT72,CLI-MO57WLZNYSDD,Purchase,Other,117158.83,ARS,,Transfer,,Boutique Moda,Other,Argentina,Rosario,Approved,00,False,1.26,,
TRX-2LEWBIL6A4XIT60PRKUY,2026-04-18 18:43:05,2026-04-18,PRD-VEH6H9HNJGZN,CLI-1XAGBGPQG40L,Withdrawal,,10708.54,ARS,30.6,POS,,,,Argentina,Córdoba,Approved,00,False,,-35.4675338,-58.0586218
TRX-BYWEV9XDYUXKIKPCUNHF,2026-04-18 08:15:54,2026-04-18,PRD-OD38U944H0RS,CLI-2PXJ6H4KDPJ4,Withdrawal,,60210.32,ARS,172.03,Web,,,,Argentina,Mendoza,Approved,00,False,,,
TRX-BWD1BNLXAYXBVWAPXRST,2026-04-18 21:18:36,2026-04-18,PRD-MY3WE8CWY8O1,CLI-55GXT1372S1V,Withdrawal,,101.87,USD,,ATM,,,,México,Monterrey,Approved,00,False,,0.9712348,-0.1807144
TRX-BG605UDPJUO962VP3K72,2026-04-19 03:20:20,2026-04-18,PRD-16BQFPAJ9KBQ,CLI-BSHZGNEFYNOZ,Purchase,,118.44,USD,,App,,Super Ahorro,Food,Colombia,Medellín,Approved,00,False,24.85,,
TRX-ZKOX6IN8P2GR6RIFGK6X,2026-04-19 03:43:45,2026-04-18,PRD-TCMY3EPZURTK,CLI-OE0V4LSGK30O,Payment,Entertainment,394211.88,ARS,1126.32,POS,,,,Argentina,Córdoba,Approved,00,False,8.92,,
TRX-BWFL3GUPU5J0QO1WR8AG,2026-04-19 03:25:07,2026-04-18,PRD-765EBN6TXWE1,CLI-ZY1FYCGNRTM6,Purchase,Food,1701464.77,COP,425.37,POS,,Tienda Don José,Food,Colombia,Cali,Approved,00,False,,,
TRX-EKWNPGVMUSQXZYSSIVMJ,2026-04-18 07:13:55,2026-04-18,PRD-ZH5URNIZQ7N9,CLI-GWKI7TU6H090,Purchase,,318.14,USD,,ATM,SUC-I4AA1FSG,Restaurante El Buen Sabor,Food,Colombia,Medellín,Approved,00,False,6.39,,
TRX-AQQA0DL6DDTVC43ZTVMB,2026-04-18 17:10:19,2026-04-18,PRD-EWU9BZ70H47G,CLI-ASS9FFZW218B,Purchase,Transport,358.41,USD,,POS,,Taxi Seguro,Transport,México,Tijuana,Approved,,False,,,
TRX-UL6VHV3HENMD1YV0BCV7,2026-04-19 05:15:36,2026-04-18,PRD-Y1ELAQT2GZVI,CLI-UKUU9RGC9EHC,Purchase,Other,374.62,USD,,POS,,Tienda General,Other,México,Querétaro,Approved,00,False,,,
TRX-WGZHJU8KETO0FA5VK87Q,2026-04-18 14:52:52,2026-04-18,PRD-OLHMNT2WIRKR,CLI-FNF7YKO26YIY,Deposit,,3154.01,USD,,POS,,,,México,Monterrey,Approved,,False,,-0.08775,0.9186244
TRX-XY5CQMUM1KCJBSELWXF7,2026-04-18 17:05:42,2026-04-18,PRD-ZMHG440DT4TL,CLI-O6GGR9DLKXK5,Payment,Transport,1736.17,USD,,Branch,SUC-HFPBAT4U,,,México,Ciudad de México,Approved,00,False,18.73,0.3403245,0.1190702
TRX-2HN45N6D1UMDVLW2IW25,2026-04-18 13:23:52,2026-04-18,PRD-VWH8KNS3MFWN,CLI-LDWKHP82E590,Purchase,,245.17,USD,,Transfer,,Conciertos Live,Entertainment,México,Tijuana,Approved,00,False,13.56,,
TRX-5XT2NCIWYYL8XZV6KXEP,2026-04-18 17:01:25,2026-04-18,PRD-R7OK94Y8AZBL,CLI-Z6ZDCAOCH8Y4,Purchase,Services,1561375.68,COP,390.34,POS,,Empresa Telefónica,Services,Colombia,Cali,Approved,00,False,28.5,,
TRX-X5O7SM47LA0RWYDETQ42,2026-04-18 20:29:00,2026-04-18,PRD-2EFAQPD6GFMB,CLI-XL0WKYT356J3,Purchase,Food,1709783.39,COP,427.45,ATM,SUC-5AXOWGN3,Super Ahorro,Food,Colombia,Cali,Approved,00,False,6.19,,
TRX-6JVEXAHLC4KCMGPLDWY8,2026-04-19 02:51:19,2026-04-18,PRD-RTW2X27SCEUU,CLI-I28BES6LOUDI,Deposit,,598905.56,ARS,1711.16,POS,,,,Argentina,,Approved,00,False,22.12,-35.0336665,-58.0587974
TRX-4ZU1F1WMH5U6QZIRA6QS,2026-04-19 01:01:19,2026-04-18,PRD-8CEMZHOHBBB7,CLI-7214YXRH8KND,Purchase,Services,193.64,USD,,App,,Cable TV,,México,Monterrey,Approved,00,False,,,
TRX-MU99TYSVP3Q6PS1Y5QWT,2026-04-19 01:44:00,2026-04-18,PRD-HTFSNISG1G3D,CLI-0T2KG7SIPWRS,Transfer,,39152315.4,COP,,ATM,SUC-E5CCM8ZI,,,Colombia,Cali,Approved,00,False,,4.8288235,-73.5404467
TRX-YOCZLJG1DUVW3NVPD7NY,2026-04-19 05:22:38,2026-04-18,PRD-HFIT505Q1VLB,CLI-7D9COG5T4SVZ,Payment,Services,423829.87,ARS,1210.94,ATM,SUC-2T5PUX8Q,,,Argentina,La Plata,Approved,00,False,12.11,,
TRX-H0M40EK2SNJL9KLV4Q81,2026-04-18 21:31:02,2026-04-18,PRD-C66GH82RXW6Y,CLI-E2R5HLFG4XL0,Payment,Transport,714.01,USD,,Web,,,,México,Guadalajara,Approved,00,False,22.96,,
TRX-0K5L380G1WIKRJOEALIC,2026-04-19 02:54:12,2026-04-18,PRD-8I8X0NOOYO2L,CLI-ZWNM7H0WS8UX,Purchase,Food,436.69,USD,,ATM,SUC-KYUNO9E0,Super Ahorro,Food,México,Puebla,Approved,00,False,13.49,,
TRX-2X8NUDTIZJF8IV319RBZ,2026-04-18 09:42:13,2026-04-18,PRD-N8H0S53B076H,CLI-NK9FC86SKRF3,Purchase,Services,18.84,USD,,POS,,Cable TV,Services,México,Guadalajara,Approved,00,False,,,
TRX-X321Q57MBZWX3UX4P74L,2026-04-18 11:28:12,2026-04-18,PRD-GUP3SUEY35RJ,CLI-61KGAM8YOL4W,Payment,Other,279794.0,COP,69.95,Web,,,,Spain,,Approved,00,False,,,
TRX-9GO5T5TBY56YQXG4YM46,2026-04-18 12:50:34,2026-04-18,PRD-TN8YYTL7XW6M,CLI-G2XJ6Y3IQFU2,Transfer,,5430.49,USD,,Web,,,,México,Puebla,Declined,51,False,20.01,,
TRX-FUHG6XTZ1WYHQNAJE114,2026-04-18 18:24:41,2026-04-18,PRD-4K80534D028Y,CLI-S06C8X1ZYJ1F,Purchase,Services,1388989.42,COP,347.25,ATM,SUC-2L4DTLRM,Internet Plus,Services,Colombia,Cartagena,Approved,00,False,,5.6706801,-74.2610279
TRX-DEUB67YUBDLXTIHHG9BZ,2026-04-18 20:17:58,2026-04-18,PRD-L4ORO6QW2IKN,CLI-WT85GTEN2UXL,Purchase,Transport,720856.6,COP,,Transfer,,Uber,Transport,Colombia,Medellín,Approved,00,False,14.59,,
TRX-GSLWCXFBELQNWDKQY62Q,2026-04-19 00:53:07,2026-04-18,PRD-J066BLEUW21A,CLI-3P3S2W7R7SDQ,Transfer,,6548758.42,COP,1637.19,App,,,,Colombia,,Approved,00,False,19.22,,
TRX-EWX3GOGRFG7FB9Y4V53M,2026-04-18 07:31:51,2026-04-18,PRD-Q0Z9VW2KWFED,CLI-HTPF7HKUXDQV,Withdrawal,,662546.21,COP,165.64,Transfer,,,,Colombia,Cali,Approved,00,False,19.11,,
TRX-VIGRLRRQT5LITXHQ4KGZ,2026-04-18 12:04:03,2026-04-18,PRD-172N8M98FV6J,CLI-BU5EQ7AMRQMW,Payment,Services,1835.0,USD,,POS,,,,México,Ciudad de México,Approved,00,False,6.66,,
TRX-KONR9CM6FJTNHYTXEHK1,2026-04-18 17:08:42,2026-04-18,PRD-WZLC8KOW0PNU,CLI-FE8URV7SYNO5,Purchase,Entertainment,225.65,USD,,App,,Streaming Music,,México,,Approved,00,False,23.35,,
TRX-STHMV2OMCLG78N549FX3,2026-04-18 20:49:49,2026-04-18,PRD-EXBO7533UB49,CLI-GOQ6BB1OMCTI,Transfer,,229.48,USD,,ATM,SUC-JRR5Z8WK,,,México,Ciudad de México,Approved,00,False,5.49,,0.3104205
TRX-JSKVCMV7E9ZMDXJJ4T5N,2026-04-19 00:16:18,2026-04-18,PRD-ZMWZSJNCOH4H,CLI-IVO8YVXCBEGX,Transfer,,8905.35,USD,,App,,,,México,Monterrey,Approved,00,False,16.01,,
TRX-PNNVHECR2DQIXPU18G1X,2026-04-18 20:49:32,2026-04-18,PRD-79IQCRGVGRPE,CLI-QDDXO2BE84OG,Deposit,,2982.79,USD,,ATM,SUC-BGMBLKDB,,,México,Querétaro,Approved,00,False,23.2,0.8378903,-0.0101339
TRX-8V1LMXHWRG166DOKE584,2026-04-19 02:27:40,2026-04-18,PRD-RLHYZABXJ6N9,CLI-HUY1FNSLTA7E,Payment,,547483.18,COP,136.87,Branch,SUC-9FWCAJXI,,,Colombia,,Approved,00,False,,,
TRX-SKWYDTHD43AFO2GE1IKT,2026-04-18 22:30:48,2026-04-18,PRD-TT1FL6IUGSYN,CLI-RPD4SNPNMM8N,Transfer,,1653478.41,ARS,4724.22,ATM,SUC-5XWR79HW,,,Spain,Sevilla,Approved,00,False,,-34.2269714,-58.1894674
TRX-WVHZ4Z4XQ3MQPGHQZDAX,2026-04-18 15:33:53,2026-04-18,PRD-N94OC7Q9TRNT,CLI-EW73XPON3DUV,Purchase,Other,669349.75,COP,167.34,Transfer,,Ferretería,Other,Colombia,Medellín,Approved,00,False,27.55,,
TRX-ZEQCPNCESKFUDBMGXHPJ,2026-04-18 18:55:39,2026-04-18,PRD-B208C3D5AMRB,CLI-8LV3PCCKPW21,Transfer,,13015991.8,COP,3254.0,POS,,,,Colombia,Barranquilla,Approved,00,False,25.13,,
TRX-QFN29VX7G4WJDFHMQA0W,2026-04-18 11:23:40,2026-04-18,PRD-97Z07QE979G9,CLI-CS5UGT9686M5,Payment,,951.03,USD,,Web,,,,México,Monterrey,Approved,00,False,21.48,,
TRX-IHDVN3JDPRY6DBPAB6FR,2026-04-19 03:26:07,2026-04-18,PRD-RLTEZ3NBCZEX,CLI-IA4G9JZQGCVU,Deposit,,1802.73,USD,,ATM,SUC-JD6LDRA8,,,Colombia,Medellín,Pending,14,False,10.59,,
TRX-6E218OWVJIK093H34G1D,2026-04-19 04:23:33,2026-04-18,PRD-DKHD7TY2LUDC,CLI-BSX8ZHSS8Q5M,Payment,Entertainment,1814.77,USD,,POS,,,,México,Ciudad de México,Approved,00,False,,-0.6927941,-0.8035943
TRX-ST8NTAAM368BCYZ3P4AP,2026-04-18 19:19:28,2026-04-18,PRD-DR8ZIYUMKC8U,CLI-OWGOUJWEFYHD,Payment,Health,300.83,USD,,App,,,,México,,Approved,00,False,5.63,,
TRX-OW2AO2GKRZ2VGVE101Q9,2026-04-19 04:00:23,2026-04-18,PRD-OZ02C5LY1QA2,CLI-AUT5EM97TAWW,Withdrawal,,757592.63,COP,189.4,App,,,,Colombia,Medellín,Approved,00,False,26.5,,
TRX-INUE2P178SC8IS90RQAW,2026-04-18 22:13:42,2026-04-18,PRD-TGP0O45NYCNK,CLI-XTRCSU789PS2,Transfer,,2628459.9,ARS,7509.89,App,,,,Argentina,Rosario,Approved,00,False,16.33,,
TRX-VKUSXVU5MVXI0PJG0JJY,2026-04-18 18:18:33,2026-04-18,PRD-GU4RIRAM6CD4,CLI-9FG0SFGAZ2T7,Withdrawal,,251.84,USD,,POS,,,,México,,Approved,00,False,14.0,-0.1403982,-0.6513182
TRX-O5DFR99QJ0I94U2V9JO3,2026-04-18 16:53:09,2026-04-18,PRD-WBV5RLDKSN5G,CLI-SBW8W0XCMJTK,Deposit,,3322.19,USD,,POS,,,,México,Tijuana,Approved,00,False,,,
TRX-7XFUEZ6R6V8A58CZDWC6,2026-04-19 00:38:29,2026-04-18,PRD-J5O8ZM0WS3HM,CLI-0GFTN4EEEH0T,Withdrawal,,64.35,USD,,POS,,,,México,Puebla,Approved,00,False,19.07,,
TRX-RNX6588ADY28T31C5VNF,2026-04-18 18:53:04,2026-04-18,PRD-495VAXDZPN76,CLI-S205VUEYRIHN,Deposit,,3199.65,USD,,App,,,,México,Guadalajara,Approved,00,False,17.52,,
TRX-ZNCBNRGRLCZAEXROFRXB,2026-04-19 00:32:26,2026-04-18,PRD-LK9ZBHRCERTR,CLI-OLKU0VWSCO30,Payment,Other,556485.88,ARS,1589.96,Web,,,,Argentina,Rosario,Approved,00,False,,,
TRX-DF57CVZNQPSJPFMX2O63,2026-04-18 19:29:22,2026-04-18,PRD-OSHOQ05C93Z4,CLI-JYAJRCGY7BQA,Purchase,Food,317.24,USD,,POS,,Mercado Central,Food,México,Monterrey,Approved,00,False,6.42,,
TRX-M8EY6RJSYCSQ75CFHUNK,2026-04-19 05:21:25,2026-04-18,PRD-7J9M9DGD9MVF,CLI-U8BAFWFGNC2H,Transfer,,29434731.49,COP,7358.68,App,,,,Colombia,Cartagena,Approved,00,False,17.38,,
TRX-97D6XI54FD61A5QEWCX2,2026-04-18 13:57:57,2026-04-18,PRD-NBQU8EO2ZH3I,CLI-47BQDE276OXT,Purchase,Food,686020.29,COP,171.51,ATM,SUC-KY2QIURA,Restaurante El Buen Sabor,Food,Colombia,Cali,Approved,00,False,6.94,,
TRX-AJ4YYWNGKMF28DVP7LGP,2026-04-18 06:03:07,2026-04-18,PRD-U02TXWCDF0SM,CLI-MR2PNFA3NZFE,Adjustment,,2558178.67,COP,639.54,App,,,,Colombia,Cali,Approved,00,False,,,
TRX-FQUASTV7KGD99WN619BZ,2026-04-19 03:38:39,2026-04-18,PRD-K13NC2CPOHLC,CLI-FCC2281TWL5X,Deposit,,3248.41,USD,,POS,,,,México,Guadalajara,Approved,00,False,4.77,-0.993347,0.9333731
TRX-2DBOGVR1L664YN553TUV,2026-04-19 02:59:16,2026-04-18,PRD-13G16B7H9TWO,CLI-EDFKD0MZS5W0,Withdrawal,,426.01,USD,,Web,,,,México,Ciudad de México,Reversed,,False,7.75,,
TRX-1C401OM1GGB01IT0F4DX,2026-04-18 13:09:48,2026-04-18,PRD-5KM70GG2NXUZ,CLI-Y650G4QM7BRD,Deposit,,4601.17,USD,,POS,,,,México,Puebla,Approved,00,False,,0.3895301,0.5271015
TRX-7E912XT3J2J35J9CMFXZ,2026-04-18 09:18:32,2026-04-18,PRD-B3RWXW7WMD86,CLI-AGYE9SRF5QHU,Purchase,Health,301.91,USD,,POS,,Óptica Visión,Health,México,Tijuana,Approved,00,False,1.35,,
TRX-LD8B5Q49040ZKB2VJQBM,2026-04-18 15:16:32,2026-04-18,PRD-7C2WUEQDD7RC,CLI-4VLU85OACE1G,Deposit,,978789.63,ARS,2796.54,ATM,SUC-NXELWI6F,,,Colombia,Medellín,Approved,00,False,,,
TRX-W0VRV3UY2P39CRFMKAS4,2026-04-18 15:19:52,2026-04-18,PRD-JG3XQ5RFDPX2,CLI-O4MOBTX7QU6E,Transfer,,3393.66,USD,,App,,,,México,Puebla,Approved,00,False,,,
TRX-AKJ3CCCTZLUS9LBD2UGG,2026-04-18 23:08:13,2026-04-18,PRD-YDG53ZYBP01C,CLI-VWGTMZEJKI9D,Deposit,,1533962.91,ARS,4382.75,Web,,,,Argentina,La Plata,Declined,14,False,,,
TRX-M62LBFOB114JA1Q3KHUI,2026-04-18 14:08:29,2026-04-18,PRD-WXOCLP26EX46,CLI-1D83QBGP7MZ7,Purchase,Health,426.56,USD,,POS,,Laboratorio Central,,México,Puebla,Declined,51,False,20.96,-0.5910834,-0.3483114
TRX-VGOD3BVOBOE3T1TMUQD0,2026-04-18 17:00:50,2026-04-18,PRD-U2MUW25GEVN8,CLI-AGYE9SRF5QHU,Withdrawal,,292.37,USD,,ATM,SUC-6V3PNVG9,,,Brazil,São Paulo,Approved,00,False,4.43,,
TRX-F3QWE425IK6TXMUNXDF0,2026-04-18 15:11:26,2026-04-18,PRD-2KMWYMN5L07Q,CLI-P9ZH5HCPLSZ2,Withdrawal,,890838.63,COP,222.71,App,,,,Colombia,Barranquilla,Approved,,False,,,
TRX-JI3DXM8T8Q2K2IACU2GV,2026-04-18 20:06:31,2026-04-18,PRD-W5N5WVGWQGW4,CLI-CFZ7SL70IPTG,Deposit,,3941.28,USD,,POS,,,,México,Querétaro,Approved,00,False,,,
TRX-D7X0KFSSIK5TMUSIUQJ4,2026-04-18 14:56:27,2026-04-18,PRD-9ZYZMCYVLB7O,CLI-NTBEK60TCSQ0,Transfer,,1003752.04,COP,250.94,ATM,SUC-AXEH5GB0,,,Colombia,Cali,Pending,14,False,6.11,,
TRX-496GR7MPWIG53G61TNUH,2026-04-18 20:15:49,2026-04-18,PRD-GMIFPW3SQVT7,CLI-W1DG5WICV71M,Deposit,,1346.97,USD,,App,,,,Colombia,Bogotá,Approved,00,False,26.21,,
TRX-PY4XRZAX7H69J0PI26OP,2026-04-19 00:18:32,2026-04-18,PRD-C6CZTCLIAXIL,CLI-D0JC2T1X55QO,Withdrawal,,125807.37,ARS,359.45,App,,,,Argentina,Rosario,Approved,00,False,22.24,,
TRX-HIKD4TXX0RRGITZTWRC6,2026-04-18 13:11:04,2026-04-18,PRD-K40MPN4ZYESI,CLI-YO3ZFDRGMKX2,Purchase,Services,382.36,USD,,ATM,SUC-CJYLJUTF,,Services,México,Ciudad de México,Approved,00,False,26.44,,
TRX-M2W5PEXL012TVVNLTEFU,2026-04-18 10:09:38,2026-04-18,PRD-NPVZ98K0O2NI,CLI-I3G8AHTTG5W4,Deposit,,611122.26,ARS,1746.06,ATM,SUC-YV8Q78LJ,,,Argentina,Córdoba,Approved,00,False,13.5,,
TRX-HDCBKY3AWF3FZ5K26C3H,2026-04-18 18:09:45,2026-04-18,PRD-FK21LQYCPNWJ,CLI-X57LALO2TLF8,Payment,Health,154.75,USD,,App,,,,México,Ciudad de México,Approved,00,False,16.56,,
TRX-QRAX2IO8YKDW8ZFLTSOC,2026-04-18 21:00:34,2026-04-18,PRD-GAN7LGQVRK2W,CLI-928V7SC5VA0P,Payment,Services,131260.38,ARS,375.03,POS,,,,Argentina,,Approved,00,False,23.05,,
TRX-B1Z4QSC1ICBKB6GVBV6Z,2026-04-18 11:55:56,2026-04-18,PRD-NG1DKWZ5LZ6U,CLI-928KBV12MEV1,Payment,Food,5846910.52,COP,1461.73,POS,,,,Colombia,Cartagena,Approved,00,False,20.63,,
TRX-XYLXTXXAEZ461ZUF3YYX,2026-04-18 08:08:31,2026-04-18,PRD-IPSUYF9QRQVA,CLI-Z2V706EKEO68,Withdrawal,,1658641.19,COP,414.66,App,,,,Colombia,Medellín,Approved,00,False,,,
TRX-VCTI7NQMVXSKWA3V7HM2,2026-04-18 22:21:36,2026-04-18,PRD-S5EK6ZBXZEOE,CLI-YVPTIKJRSGNO,Purchase,Services,27284.64,ARS,77.96,ATM,SUC-5S93Z8YS,Servicios Públicos,Services,Argentina,La Plata,Approved,00,False,3.65,-34.7107857,-58.6864972
TRX-Y1HFYQG4EZJF1F30RYGU,2026-04-18 07:40:01,2026-04-18,PRD-0Q2SM9IU92E0,CLI-NI1COLEH3VAB,Transfer,,5677915.97,COP,1419.48,App,,,,Colombia,Cali,Approved,00,False,25.52,,
TRX-M2ZXUXF7PM47K3ARLAA9,2026-04-18 22:28:32,2026-04-18,PRD-FKRBLC4IQRKM,CLI-BHIN1TDT8RWG,Deposit,,14663873.47,COP,3665.97,Web,,,,Colombia,Cali,Approved,00,False,13.69,,
TRX-O0QV43W75QLLEPT7A7K8,2026-04-18 21:44:21,2026-04-18,PRD-1ZZULQSO4PP4,CLI-SMN3S8B0U6IF,Payment,Food,198.01,USD,,POS,,,,México,Tijuana,Approved,00,False,,,
TRX-DTEJO7HVN7JZMYVKXDZD,2026-04-19 01:57:22,2026-04-18,PRD-IUHE0UTV8M29,CLI-OCOQB150CYZ8,Transfer,,7881.91,USD,,ATM,SUC-1TATGCL8,,,México,Monterrey,Approved,00,False,14.43,,
TRX-C4UX8NASLWITAV6GM5RV,2026-04-18 12:28:54,2026-04-18,PRD-L21FOWMSUORZ,CLI-QYW7CYE97HXN,Transfer,,1763162.12,ARS,5037.61,Web,,,,Argentina,Córdoba,Approved,00,False,21.78,,
TRX-5XRTA53H48NRK00SN9LI,2026-04-18 20:07:28,2026-04-18,PRD-IBN71ZK5DM2S,CLI-ZTUMXAIQHGVZ,Deposit,,10781077.4,COP,2695.27,POS,,,,Colombia,Cali,Approved,00,False,21.65,,
TRX-L99MZTJUWJ1LMCPXXV6L,2026-04-18 12:44:14,2026-04-18,PRD-JEJNAH45YMSL,CLI-4QSG9OZ70SXY,Withdrawal,,492.51,USD,,POS,,,,México,Ciudad de México,Declined,54,False,,,
TRX-3EPKXY2D0JTL7Z1V512Q,2026-04-18 19:24:23,2026-04-18,PRD-P5UL6D860Z3E,CLI-UAZIS8TSLHB5,Payment,Entertainment,94.04,USD,,Web,,,,México,Puebla,Approved,00,False,,,
TRX-W4662LASH97LCUJAPMSW,2026-04-18 23:54:30,2026-04-18,PRD-EZ1LGG28FTPO,CLI-J9QGR3B1AWPY,Withdrawal,,46562.63,ARS,133.04,ATM,SUC-NRVN9ND4,,,Argentina,Buenos Aires,Declined,05,False,22.41,,
TRX-M8K9IGI9G89694Z9L1OC,2026-04-18 10:55:24,2026-04-18,PRD-79M9HHWDFQI8,CLI-D983KFZ7WMYD,Purchase,Health,334.57,USD,,POS,,Laboratorio Central,Health,México,Ciudad de México,Approved,00,False,1.98,,
TRX-R2AGR8P51YIQG4AVXUJQ,2026-04-19 03:08:18,2026-04-18,PRD-KRYOOSRRZVII,CLI-ULO3GX2K2Z91,Transfer,,4432971.0,COP,1108.24,Branch,SUC-OFZKCO6O,,,Colombia,Bogotá,Approved,00,False,,,
TRX-C0I9Y31FFNAJ0BFOBNKC,2026-04-19 00:12:19,2026-04-18,PRD-IAGBFJQUA60N,CLI-ANOUPZ2B49NQ,Purchase,Entertainment,397.8,USD,,POS,,Cine Premium,Entertainment,México,Puebla,Approved,00,False,19.49,0.8025815,0.4866419
TRX-74N6OQ5VNT61DRT4I3WF,2026-04-18 20:35:59,2026-04-18,PRD-G16RL7X4BJDI,CLI-XC4PX9XHD657,Transfer,,11984242.87,COP,2996.06,ATM,,,,Colombia,Barranquilla,Approved,00,False,18.54,4.7739979,-74.6846514
TRX-IBVSEAXXM41QDOWNNCFD,2026-04-19 00:28:56,2026-04-18,PRD-R2R9HVMFWD2I,CLI-2M8AZ951JSFT,Purchase,Services,1235438.39,COP,308.86,ATM,SUC-85YWBJ74,Cable TV,Services,Argentina,Rosario,Approved,00,False,13.09,,
TRX-U3W11JTF3K8FBH97TO5P,2026-04-18 18:47:36,2026-04-18,PRD-251KKXVNCX7S,CLI-P7KD3CMBHP4A,Deposit,,2488.47,USD,,ATM,SUC-XT96PBC0,,,Colombia,Barranquilla,Approved,00,False,18.53,,
TRX-5Z2O9UN3OQSZ1FVY7VK3,2026-04-19 03:18:58,2026-04-18,PRD-95TXO3T0C5BC,CLI-GM1HQNY2OI1G,Withdrawal,,270.96,USD,,ATM,SUC-GV2TU3NJ,,,México,Querétaro,Approved,00,False,,,
TRX-J6OYWYCPT7JFPZE4WI7U,2026-04-18 17:53:22,2026-04-18,PRD-XVZ4HLLMSY2F,CLI-I9F0KU2LGPP0,Deposit,,2078.77,USD,,Transfer,,,,México,Querétaro,Approved,00,False,,,
TRX-S3ENJMF1NBI21R8O9JV2,2026-04-19 00:40:27,2026-04-18,PRD-RJ24X0ECP3BF,CLI-1AAIZOB5GXIE,Withdrawal,,489.64,USD,,ATM,SUC-WU56M94O,,,México,Tijuana,Approved,00,False,10.74,,
TRX-0UXC6WDRZTFZVX83SW1B,2026-04-18 13:12:09,2026-04-18,PRD-G97GWVYIDVX7,CLI-SF4RYPAQWTB8,Purchase,Food,273.19,USD,,ATM,SUC-KD93KQ8I,Mercado Central,Food,México,Ciudad de México,Approved,00,False,20.52,,
TRX-VCLW1GHNLK0DU8QK6I2O,2026-04-18 16:23:02,2026-04-18,PRD-R1037LIJ49X3,CLI-JDKZ6IV9OHTE,Withdrawal,,679284.95,COP,169.82,POS,,,,Colombia,Bogotá,Approved,,False,,,
TRX-6X320EV7PEDDA8MGON6I,2026-04-18 20:18:38,2026-04-18,PRD-UYS0YDE1K4FW,CLI-BK0DGNEY7D0D,Purchase,,40136.96,ARS,114.68,POS,,Farmacia Salud,Health,Argentina,Buenos Aires,Approved,00,False,0.69,-34.6682824,-58.5340001
TRX-IVIIK93JMO88RBDVJ11P,2026-04-18 12:05:34,2026-04-18,PRD-GB08Q17RK215,CLI-QUVD20K074LB,Deposit,,2886.59,USD,,POS,,,,México,Tijuana,Approved,00,False,13.15,,
TRX-LEAAP0BPJN5TS9FIMSHS,2026-04-18 20:22:31,2026-04-18,PRD-4I8EKRW3PTHO,CLI-WMCFJQS4CCR9,Withdrawal,,297.7,USD,,App,,,,México,Tijuana,Pending,54,False,17.89,,
TRX-CKYNR9N4GT1XFJI2XO8U,2026-04-18 20:03:47,2026-04-18,PRD-PCBFWTXGVOXR,CLI-28C4ZBGXE4W1,Deposit,,628.58,USD,,POS,,,,México,Puebla,Approved,00,False,1.61,,
TRX-ZS6ZI4VTVJ9QTICLCWM5,2026-04-18 16:23:58,2026-04-18,PRD-WA0I0XQ5SF2W,CLI-Y6FDZOV8POVS,Withdrawal,,271.31,USD,,ATM,,,,México,Monterrey,Approved,00,False,0.9,,
TRX-6FDUYBAEE9CIU33SWQXN,2026-04-18 06:21:00,2026-04-18,PRD-AJM5KIW88U32,CLI-76916Q1IKOA2,Transfer,,9015.82,USD,,POS,,,,Colombia,Cali,Approved,00,False,,,
TRX-NXFYALF3FLBS42A3ZOMU,2026-04-18 23:00:59,2026-04-18,PRD-D2YO40D319OL,CLI-Y2O8XQECB880,Transfer,,2647.75,USD,,POS,,,,México,Monterrey,Approved,00,False,17.65,0.5128336,-0.9824137
TRX-GD3GO8UWZYLYCID5TBLG,2026-04-18 09:37:13,2026-04-18,PRD-LVCHFPAR33BR,CLI-R0OAYSKAGKK5,Purchase,Health,173091.26,COP,,Web,,Óptica Visión,Health,Colombia,Cali,Approved,00,False,14.52,,
TRX-2SAQ1AL261G8KGENF3DI,2026-04-19 00:42:15,2026-04-18,PRD-9U9A8M6KKF4N,CLI-KL52TFRURP9P,Withdrawal,,234.81,USD,,App,,,,México,Guadalajara,Approved,00,False,,,
TRX-6DDA8BPSWFCOL7JTFROC,2026-04-18 10:57:05,2026-04-18,PRD-QUD78QY729YG,CLI-QR7HZBH6ZSLS,Adjustment,,794.98,USD,,POS,,,,México,Querétaro,Approved,00,False,19.33,,
TRX-JO9I8O99P8310S5Y50UN,2026-04-18 22:12:42,2026-04-18,PRD-QRB068EYYFE2,CLI-YS46JP47LMBR,Purchase,Transport,334.26,USD,,POS,,,Transport,México,Puebla,Approved,00,False,19.51,,
TRX-7ICVRTV2Q76I78T89M91,2026-04-19 01:22:52,2026-04-18,PRD-9VAT53TZFMLC,CLI-AODBPJZ3R5EQ,Payment,Health,1625.88,USD,,POS,,,,México,Puebla,Approved,00,False,22.89,,
TRX-Y1XE5WL7AKYM3BLSSLU7,2026-04-18 18:22:36,2026-04-18,PRD-E3CULL51NAQP,CLI-R04FPZQX1P0X,Payment,Entertainment,716130.07,COP,179.03,ATM,SUC-U5SARN4H,,,Colombia,Medellín,Approved,00,False,29.52,5.4768094,-73.7053759
TRX-68C1MCPOQ32YOBYUJUR9,2026-04-18 16:54:20,2026-04-18,PRD-AMVEBS7IMJ8S,CLI-JPYU3YUJ2K8P,Deposit,,9113141.95,COP,2278.29,ATM,SUC-LBZFJAU6,,,Colombia,,Approved,00,False,14.55,,
TRX-9XN73POVIIQRE5YU2K3G,2026-04-18 09:46:32,2026-04-18,PRD-1TV49OVI7X97,CLI-HAO3VQ7CQTPJ,Purchase,Services,449.85,USD,,POS,,Internet Plus,Services,México,Ciudad de México,Approved,00,False,8.08,,
TRX-8NGZ2FCT31Y6SS6AJ9FM,2026-04-18 08:50:20,2026-04-18,PRD-NS2CGS5RC52O,CLI-6QZXSMFJGAB0,Purchase,Services,133.3,USD,,POS,,Internet Plus,Services,Spain,Sevilla,Approved,00,False,27.29,,
TRX-7Y7T5ZJ3ISUNUV672BQD,2026-04-18 21:28:29,2026-04-18,PRD-2FYIFNI9IJNL,CLI-4V9AQDLSDTF5,Deposit,,2837.68,USD,,ATM,SUC-J532XZ5B,,,México,Monterrey,Approved,00,False,19.45,-0.390787,0.2806003
TRX-D926UTK2MXNYGAWTAB83,2026-04-19 01:27:08,2026-04-18,PRD-YOKV8T0QDA6H,CLI-0NFI3OWJ8MF3,Purchase,Entertainment,97.4,USD,,ATM,SUC-T4RE29NP,Teatro Nacional,Entertainment,México,Querétaro,Approved,00,False,15.46,,
TRX-GDF0HUKLJZM9VHL9UEVZ,2026-04-18 14:18:54,2026-04-18,PRD-53SXS62KH83E,CLI-T4EP4CRWIDVY,Payment,Entertainment,736.59,USD,,ATM,SUC-07AK38PR,,,Colombia,Cali,Approved,00,False,14.13,,
TRX-H1MYDDWT0UYMF4GN1BEC,2026-04-18 08:22:25,2026-04-18,PRD-S8IDIA5XCQLW,CLI-V5U291YW5XLY,Purchase,Health,194.04,USD,,POS,,Óptica Visión,Health,México,Ciudad de México,Approved,00,False,15.9,,
TRX-C0GTPZBMF4LAP8F0LE8B,2026-04-19 03:07:55,2026-04-18,PRD-2W0OA7RJQLBO,CLI-QYJAH6JXTAPN,Purchase,Other,11.46,USD,,POS,,Tienda General,Other,México,Monterrey,Approved,00,False,28.88,,
TRX-91MSYBUG0RZMI4WT9GVP,2026-04-19 05:14:47,2026-04-18,PRD-21RU8D2PLQLV,CLI-ZSXQ5MB40TM2,Adjustment,,3950032.25,COP,987.51,POS,,,,Colombia,Barranquilla,Approved,,False,23.55,,
TRX-EMSP0MLZHB48Q33DFD1B,2026-04-18 09:20:21,2026-04-18,PRD-AA76FOA6PTQI,CLI-RHP0WFDWH88U,Transfer,,9364.96,USD,,POS,,,,México,Tijuana,Approved,00,False,,,
TRX-PWL3FUCE27DT5HWPLS1E,2026-04-18 19:45:18,2026-04-18,PRD-6E5XSHX9FH0Y,CLI-5I69NAD1W1BV,Purchase,Food,322.85,USD,,Web,,Super Ahorro,Food,México,Puebla,Approved,00,False,16.15,,
TRX-DX0KVZOG446AIMC93944,2026-04-18 15:29:49,2026-04-18,PRD-FJO0I79NEY6I,CLI-UGRGHIJOB9E1,Purchase,Food,163844.14,ARS,468.13,ATM,SUC-G7HRTTDE,Super Ahorro,Food,Argentina,Mendoza,Declined,,False,,-34.953125,-58.5941343
TRX-FPFVFC4IJ9XJU417RSQN,2026-04-18 08:47:58,2026-04-18,PRD-JIAMQ12EG4H1,CLI-SN9BUVSABPNJ,Payment,,1246.37,USD,,Branch,SUC-JDSJM3BZ,,,México,Guadalajara,Approved,00,False,24.17,,
TRX-O553JGBFLACE8Q8G1L2Y,2026-04-18 21:02:01,2026-04-18,PRD-ZWUTL5L6O4QU,CLI-CIHHJVN6UIJB,Purchase,Other,132409.87,ARS,378.31,App,,Boutique Moda,Other,Argentina,Mendoza,Approved,00,False,28.61,,
TRX-W4HKEBW5DSPW2Z0OVFLF,2026-04-19 01:28:01,2026-04-18,PRD-7Z8ZYQ066MMZ,CLI-FKJZG8QSC0N6,Transfer,,8459.93,USD,,ATM,SUC-2ATW7QMQ,,,México,Guadalajara,Approved,00,False,12.07,,
TRX-WAYBPXSFGHFA4IGV6BKA,2026-04-19 05:42:28,2026-04-18,PRD-TAYGKIVDE1YZ,CLI-7ELGKQNITHKB,Withdrawal,,77052.64,ARS,220.15,App,,,,Argentina,La Plata,Pending,14,False,4.62,,
TRX-6N0V91ZM379Y5OCILVB6,2026-04-18 06:44:15,2026-04-18,PRD-DLINN94GTYCQ,CLI-YZYHM5TMMPLV,Withdrawal,,122101.93,ARS,348.86,Web,,,,Argentina,Mendoza,Approved,00,False,11.57,,
TRX-QA8THH025JLH2KKGFWLM,2026-04-18 22:32:31,2026-04-18,PRD-F6DRFTB0430K,CLI-8FMPWPMKK7DU,Transfer,,746.66,USD,,ATM,SUC-LQXENAY2,,,México,Tijuana,Approved,00,False,14.39,,
TRX-F9H6PBZ57JQ6JDQPIVO7,2026-04-18 11:54:38,2026-04-18,PRD-EMFIMFWKPOT2,CLI-7BHZ1BC5CI2E,Transfer,,4225.09,USD,,Web,,,,México,Ciudad de México,Approved,00,False,21.56,,
TRX-OXZK5HLHTHWJIVT4NIQB,2026-04-18 23:24:35,2026-04-18,PRD-EYXRGOZW3S1M,CLI-0AQ88ABGKHBO,Payment,Food,3628052.68,COP,907.01,App,,,,Colombia,,Approved,00,False,15.67,,
TRX-N2QXD0DP2RWWHYUDKZFL,2026-04-18 20:31:03,2026-04-18,PRD-GA1AVSRY3OBQ,CLI-BFX13NFHSEPZ,Purchase,Entertainment,66.64,USD,,Web,,,Entertainment,México,Puebla,Approved,00,False,17.16,,
TRX-CD34T9WH35PBPUH56UMR,2026-04-19 00:23:46,2026-04-18,PRD-931F34TZS2FP,CLI-AS0NXGZSATN6,Purchase,Health,95.57,USD,,ATM,SUC-WSSLNOPN,Laboratorio Central,Health,México,Puebla,Approved,,False,1.6,-0.8511285,-0.2537868
TRX-GXVKIKJPNCPL5GF25ODD,2026-04-18 19:32:37,2026-04-18,PRD-ZNDCO2U8VZQQ,CLI-T21HA0P03N9G,Withdrawal,,25713.47,ARS,73.47,POS,,,,Argentina,,Approved,00,False,10.8,,
TRX-VTBND81858EC79PHLQRF,2026-04-18 20:01:12,2026-04-18,PRD-0IE56LCPILBF,CLI-KUG5MJ8PU2IH,Transfer,,2179128.69,ARS,6226.08,ATM,SUC-OSJVEL9O,,,Argentina,Mendoza,Approved,00,False,,,
TRX-11CL3MN7P87H0NXELP0N,2026-04-18 21:12:32,2026-04-18,PRD-17MJP8GBEM09,CLI-I0JXIAJ4HLT7,Purchase,Food,300.52,USD,,App,,Mercado Central,Food,México,Puebla,Approved,00,False,23.69,,
TRX-ZUAQ8G864K66TH2YVSEK,2026-04-18 07:25:28,2026-04-18,PRD-QMCBCIG0UU7K,CLI-77PJCND3WS6Q,Deposit,,1630.07,USD,,POS,,,,Argentina,Mendoza,Approved,00,False,25.49,,
TRX-6Z3QVG8JC5TK50GIY0LP,2026-04-18 14:56:14,2026-04-18,PRD-CYX0EXTHJKB2,CLI-XQ9QQLY1XUHK,Purchase,Transport,1389682.71,COP,347.42,ATM,SUC-EXKJNP13,Estación de Servicio,Transport,Colombia,Barranquilla,Declined,54,False,,,
TRX-Y7XMT4KTVMOZAVQ1783M,2026-04-19 02:14:15,2026-04-18,PRD-V4FTHYICY27V,CLI-QGU8KTN9STU2,Withdrawal,,497.7,USD,,POS,,,,México,Guadalajara,Approved,00,False,14.93,,
TRX-GHLR931YO3J3M59AMHDQ,2026-04-18 15:58:40,2026-04-18,PRD-GVU7MTHBNQRG,CLI-3P1AAR84WBFP,Transfer,,1219266.2,ARS,3483.62,POS,,,,Argentina,Rosario,Approved,00,False,17.25,,
TRX-IH461RUXFC3UENDLUJVY,2026-04-18 18:08:31,2026-04-18,PRD-547V1WH29TFH,CLI-IUAB6P0493OT,Purchase,Entertainment,498.8,USD,,POS,,,Entertainment,México,,Approved,00,False,,,
TRX-EV2D8WYWORMDWG6YSZDS,2026-04-19 02:44:44,2026-04-18,PRD-O5CYFSET0Z32,CLI-V38CUPMZUQUH,Purchase,Other,223.93,USD,,Web,,Centro Comercial,Other,México,Tijuana,Approved,00,False,9.36,,
TRX-HNNXN1YF9BOEQGCT2PPR,2026-04-18 20:38:03,2026-04-18,PRD-F0MP2WNXIOVH,CLI-Q5UQJV8U5IG8,Transfer,,4935.48,USD,,Web,,,,México,Guadalajara,Approved,00,False,26.33,,
TRX-1P98PCQ12QGA070DDJCM,2026-04-18 18:34:33,2026-04-18,PRD-94QNVZB85OAS,CLI-AA8TWQAGYBDN,Withdrawal,,220.34,USD,,POS,,,,México,,Approved,00,False,16.57,,
TRX-AWIGCD1HTZQSHWOMO9VP,2026-04-18 08:34:44,2026-04-18,PRD-NPGF2ENLO9QT,CLI-6WG13O4B6A4M,Deposit,,1372.22,USD,,Web,,,,México,Guadalajara,Approved,00,False,,,
TRX-RZFI2Z35SL9TV0CS7UYY,2026-04-18 19:19:58,2026-04-18,PRD-PLZB9S0XPX44,CLI-IVSBZPBYRV47,Purchase,Services,81.6,USD,,ATM,SUC-I4AA1FSG,Cable TV,Services,México,Guadalajara,Approved,00,False,21.96,-0.8318823,0.4532903
TRX-V38ECZK7NJBEP239R0P5,2026-04-18 09:28:14,2026-04-18,PRD-IMHPKVMADUFB,CLI-D9G2KMKIYDUR,Transfer,,36979670.8,COP,9244.92,Branch,,,,Colombia,Medellín,Approved,00,False,23.89,,
TRX-4SDAEGBUFAM37V27YK38,2026-04-18 21:28:03,2026-04-18,PRD-WC09A6CFAPML,CLI-NH0PK2O3UXIN,Payment,Food,745.04,USD,,ATM,SUC-P5YISP64,,,México,Ciudad de México,Approved,00,False,,,
TRX-3NM6GBTLCKGHY6HO0FYK,2026-04-18 07:31:37,2026-04-18,PRD-UUFIR15YD73L,CLI-0M3TXH4YXQK7,Deposit,,4394915.19,COP,1098.73,ATM,SUC-A1FLMPEF,,,Colombia,Barranquilla,Approved,00,False,22.84,,
TRX-IY5AFUNSS1YWE7R6OXT6,2026-04-18 11:39:44,2026-04-18,PRD-7IS2AZJ38FNQ,CLI-KY2S31VXSZIG,Payment,Other,5819682.96,COP,1454.92,POS,,,,Colombia,Cali,Approved,00,False,25.07,,
TRX-58OZY4DVK5PFNFIETBYZ,2026-04-18 06:30:00,2026-04-18,PRD-0PXKSMPXZ0ZU,CLI-HA3XJW7B92VN,Purchase,Services,38802.94,ARS,110.87,POS,,Internet Plus,Services,Argentina,Mendoza,Approved,00,False,4.27,,
TRX-R1INOOOXXRLNTM7DVY9A,2026-04-18 11:21:10,2026-04-18,PRD-R34BI3FQE4FW,CLI-TBYH6IU6HRRF,Payment,Other,1460.93,USD,,POS,,,,Argentina,Rosario,Approved,00,False,,,
TRX-LULWUE5Y4I3SVDNCCJDO,2026-04-18 09:17:53,2026-04-18,PRD-6DEDBE10FY71,CLI-29GGVQEKR10R,Deposit,,1194546.61,ARS,3412.99,POS,,,,Argentina,Rosario,Approved,00,False,2.76,,
TRX-31B741SNBI688OUJAS5U,2026-04-19 00:54:51,2026-04-18,PRD-1TZOEEABFVXU,CLI-VIIDF2A4GEM1,Purchase,Services,20022.58,ARS,57.21,Web,,Cable TV,Services,Argentina,La Plata,Approved,00,False,,,
TRX-00VIK9A9B6A9RDN2YAZ5,2026-04-19 05:27:55,2026-04-18,PRD-8IYYEMJTE9FG,CLI-I447CA0S9EL4,Deposit,,4673.39,USD,,Web,,,,México,Tijuana,Approved,00,False,,,
TRX-YZ1N4NJUK994L0KS07FL,2026-04-19 01:51:25,2026-04-18,PRD-GOPG4CYOZL5B,CLI-GORNJM5VMA98,Payment,Health,1602.25,USD,,POS,,,,Argentina,,Approved,00,False,,0.9348141,0.2088185
TRX-8NQ8CD4EZN2GKJBELCIM,2026-04-19 04:16:12,2026-04-18,PRD-VSC5E44JLDTJ,CLI-ML6JSV3TVTF3,Purchase,Transport,459.8,USD,,POS,,,Transport,México,Monterrey,Declined,,False,9.83,0.0250339,0.6363168
TRX-1KRZX9VJZOD91AOB9LIN,2026-04-19 04:04:15,2026-04-18,PRD-BMQ02427IL91,CLI-L6AJKDCFQW5Y,Deposit,,541.75,USD,,POS,,,,México,Puebla,Approved,00,False,26.17,,
TRX-DICOH7RX3ZY32SU0KW3C,2026-04-18 06:56:58,2026-04-18,PRD-GY96K0AKDPPM,CLI-RXX5U4FCD8ZW,Transfer,,2063335.8,COP,,POS,,,,Colombia,Barranquilla,Approved,00,False,21.74,,
TRX-9YSKRB0H22FLW3VTNE1V,2026-04-18 08:42:07,2026-04-18,PRD-UDL0Y3ZDGDBC,CLI-REOX8ZS68C5K,Payment,Services,1524388.99,COP,381.1,Web,,,,Colombia,Cartagena,Approved,,False,21.43,,
TRX-PVI26K9UP0MJZ5PG9LSD,2026-04-18 23:57:16,2026-04-18,PRD-G37ZSBA3NLHH,CLI-1180FHRRSRDS,Purchase,Services,137.9,USD,,POS,,Internet Plus,Services,México,Querétaro,Approved,00,False,2.95,,
TRX-ML8MQAANSJR9DTZYTKCZ,2026-04-19 05:49:30,2026-04-18,PRD-HNWSFRI14LUK,CLI-AK3K7FEQSRX0,Payment,Services,1084.14,USD,,App,,,,México,Querétaro,Approved,00,False,3.36,,
TRX-8WF24LMVPFR5DU0ATHBA,2026-04-18 15:02:17,2026-04-18,PRD-90BT68CSUPTG,CLI-7ZYB4OSDFPGW,Withdrawal,,432.5,USD,,Web,,,,México,Ciudad de México,Approved,00,False,28.02,,
TRX-6ZCIJU8383W17W4QEWI7,2026-04-18 21:52:35,2026-04-18,PRD-X9XSCEPTIFNH,CLI-0CJSX8L9EVV5,Purchase,Entertainment,92.46,USD,,POS,,Cine Premium,Entertainment,México,Ciudad de México,Approved,00,False,12.56,,
TRX-DVC7W0NMGTRD51EVHR3E,2026-04-18 13:33:35,2026-04-18,PRD-NIKJ2S9SY45C,CLI-71H9ZIZGBBG8,Purchase,Food,482.09,USD,,App,,Mercado Central,Food,México,Guadalajara,Approved,00,False,7.87,,
TRX-QZDC30LN62OH4PW9MKQC,2026-04-18 20:48:33,2026-04-18,PRD-B91FSENF0D7R,CLI-4N3E1ULHXX1K,Payment,Entertainment,162433.55,ARS,464.1,App,,,,Argentina,Córdoba,Declined,51,False,8.17,,
TRX-ELGF3AK02IQFKZ58IFGD,2026-04-18 07:21:58,2026-04-18,PRD-N11DW11TJ9D6,CLI-35M408VZ4TXC,Purchase,Entertainment,374.0,USD,,ATM,SUC-RRCPMD2D,Streaming Music,Entertainment,Argentina,La Plata,Approved,00,False,,,
TRX-HE6382MFJB31PCRNGRAJ,2026-04-18 17:27:10,2026-04-18,PRD-XE0VGS90BW2Y,CLI-TMVPC46B5DXX,Payment,Food,599.4,USD,,POS,,,,México,Ciudad de México,Approved,00,False,27.45,,
TRX-OWX7JE4RF2ZOANOYXVLC,2026-04-18 12:21:32,2026-04-18,PRD-AZKMEYC10NN9,CLI-F6BZM60POHYZ,Withdrawal,,21.75,USD,,Web,,,,Argentina,Rosario,Approved,00,False,27.04,,
TRX-H3HJ2KOG1Q0LZ5PTMKYQ,2026-04-18 20:20:57,2026-04-18,PRD-DUXEMG0SWM7H,CLI-Z8JV1GMXT05K,Transfer,,6541.37,USD,,App,,,,México,Monterrey,Approved,00,False,14.85,,
TRX-YN3H64BW2RPK0HBERCMS,2026-04-18 09:27:44,2026-04-18,PRD-VBESEZHJ15WQ,CLI-EFMWWLEJFX83,Adjustment,,849.47,USD,,POS,,,,México,Querétaro,Pending,51,False,17.12,,
TRX-R5TEHF22Q6AYZFQFMGL8,2026-04-18 20:58:59,2026-04-18,PRD-F2EAAGTU1EIN,CLI-7PYPM44ZFHDI,Withdrawal,,467164.74,COP,116.79,POS,,,,Colombia,Cartagena,Approved,00,False,0.59,,
TRX-28MXYTWUQYJWDQGC2G93,2026-04-18 19:38:16,2026-04-18,PRD-TD6AWEMXFU0C,CLI-FW8KGK7YVEI2,Payment,,7576878.28,COP,1894.22,App,,,,Colombia,Cartagena,Approved,00,False,0.11,,
TRX-E8F313U2NZ8NI7QH56TL,2026-04-19 02:38:07,2026-04-18,PRD-EYMEDQCQDQ4L,CLI-ELRV9NXOOJ43,Payment,Entertainment,377.5,USD,,Web,,,,México,Guadalajara,Approved,00,False,8.8,,
TRX-GFPFIYQ079BG7BWC7RQE,2026-04-18 10:17:37,2026-04-18,PRD-1YZK1IQ3SP1K,CLI-5KFSC2LRBFVP,Deposit,,4312.07,USD,,ATM,SUC-GTAY0XHL,,,Colombia,Bogotá,Approved,00,False,15.05,,
TRX-NBSLHZID4F68FN226RCM,2026-04-18 17:41:41,2026-04-18,PRD-YL8J22RHOPHV,CLI-KXNIACLYDPLF,Transfer,,7804.2,USD,,ATM,SUC-H4WPLB7O,,,Colombia,Medellín,Declined,54,False,,,
TRX-3MIRF82SRVCC4NXCLFKB,2026-04-18 17:51:08,2026-04-18,PRD-AZLV8EY0S8VI,CLI-ATDM78OXXT5Q,Payment,Services,718.9,USD,,POS,,,,México,,Approved,00,False,,,
TRX-H1N7YT7RV4ZLLWXQHT9G,2026-04-19 04:54:04,2026-04-18,PRD-I83ZDHTG8AVL,CLI-TO2539F43LNJ,Deposit,,14598543.98,COP,3649.64,POS,,,,Colombia,Medellín,Pending,54,False,17.48,5.109873,-74.403736
TRX-GOCFELM72433QPJBJBZ2,2026-04-18 23:02:37,2026-04-18,PRD-A1W2KIOOHJV4,CLI-K3Y9TDR4FWJQ,Transfer,,9672.33,USD,,ATM,SUC-BGMBLKDB,,,México,Ciudad de México,Approved,00,False,,-0.3053645,-0.5340334
TRX-KV3AR42JMUCGIXIACPP9,2026-04-19 03:34:19,2026-04-18,PRD-FM723LKY0395,CLI-TQ1Q7Z6HSRFS,Transfer,,8958.5,USD,,ATM,SUC-WSUW783S,,,México,Tijuana,Approved,00,False,26.38,,
TRX-3G77PTO0O6S6TC0B18YO,2026-04-18 20:26:34,2026-04-18,PRD-6M2GYEYLI989,CLI-L995RPSF7Q1Z,Purchase,Food,1978855.81,COP,494.71,ATM,SUC-6NKYKKQR,Tienda Don José,Food,Colombia,Cartagena,Approved,00,False,5.65,4.2432448,-73.9640512
TRX-38NRXY5BY22MJHN09CG7,2026-04-19 02:37:26,2026-04-18,PRD-RBUL88VSBNGM,CLI-WCCPALG6BX11,Withdrawal,,1955129.41,COP,488.78,Web,,,,Colombia,Barranquilla,Approved,00,False,16.81,,
TRX-MPLDXRT4SLUOEU0URNRA,2026-04-18 07:42:17,2026-04-18,PRD-Y0NOSC1TEUQJ,CLI-L6984CV79YEX,Deposit,,9327694.83,COP,2331.92,ATM,SUC-IKK3G59W,,,Colombia,Medellín,Approved,00,False,16.15,,
TRX-MTG0RVNV0NGRIU7WCBOS,2026-04-19 01:43:52,2026-04-18,PRD-98DQ8VGMLYKE,CLI-U6WHDSVBS06N,Transfer,,25114110.56,COP,6278.53,POS,,,,Colombia,Barranquilla,Approved,00,False,23.36,,
TRX-099KVO73OQLXVP8XDY04,2026-04-18 08:49:34,2026-04-18,PRD-G67JDJNJG50U,CLI-VBBXM7G8XYNY,Purchase,Health,71846.47,ARS,205.28,ATM,,Laboratorio Central,Health,Argentina,La Plata,Approved,00,False,,-34.6457798,-57.7055824
TRX-WW20DYXNTMULL6RFOOJ7,2026-04-18 22:30:54,2026-04-18,PRD-FD6XZL6E8XZ8,CLI-1N66V0O4I4TT,Transfer,,30349857.03,COP,7587.46,ATM,SUC-Q56PLH2J,,,Colombia,Barranquilla,Approved,00,False,9.32,,
TRX-CTSQ8WW5G349CN6XENRW,2026-04-19 04:23:53,2026-04-18,PRD-V5NKARO000E1,CLI-S3900O52PJRO,Deposit,,720353.28,ARS,2058.15,Web,,,,Argentina,Mendoza,Approved,00,False,2.0,,
TRX-MA88U0OKYNQ8D97101T4,2026-04-18 19:41:11,2026-04-18,PRD-TUT6W9QN06H6,CLI-M01BYVZ1I7LD,Purchase,Entertainment,152.76,USD,,Transfer,,Conciertos Live,Entertainment,México,Ciudad de México,Approved,00,False,,,
TRX-66VFGSJJFC36IM8T9390,2026-04-19 05:31:52,2026-04-18,PRD-R4TIGIXAFS8O,CLI-CWVJ2OH4JV45,Withdrawal,,71336.6,ARS,203.82,POS,,,,Argentina,Buenos Aires,Approved,00,False,7.24,,
TRX-ZKEEZH5BNYMF9KSIG3ZG,2026-04-18 06:51:44,2026-04-18,PRD-3JGBQSZ86IJI,CLI-Q7UCJY9CDLLP,Withdrawal,,1057631.79,COP,264.41,Web,,,,Colombia,Bogotá,Pending,51,False,6.64,,
TRX-8V1ZU1FQ00NWQBVUIRNT,2026-04-19 05:45:38,2026-04-18,PRD-BGBWPKK8J1MB,CLI-4MZ8UY6L1FF8,Purchase,Food,435.96,USD,,App,,Tienda Don José,Food,México,Ciudad de México,Approved,00,False,1.46,,
TRX-5TH6GF1EW1JJWEAMU7P6,2026-04-19 01:22:59,2026-04-18,PRD-QR3SMEHBVN9J,CLI-1NB3YR41AGL9,Withdrawal,,55.36,USD,,Web,,,,México,Puebla,Approved,00,False,8.42,,
TRX-QSM7FMQ6OYT6TMTTH0EK,2026-04-18 19:12:04,2026-04-18,PRD-PWV77M2YZHSL,CLI-TE7A21AEAJSX,Purchase,Health,416.64,USD,,POS,,Clínica Médica,Health,México,Ciudad de México,Approved,00,False,21.34,-0.1252631,0.8582267
TRX-W0XMNAE4TZ2LIGKZZ917,2026-04-18 12:22:33,2026-04-18,PRD-7D5D32X4MHJY,CLI-WZJ7CBS4QMNV,Transfer,,5734.34,USD,,Web,,,,México,Querétaro,Approved,00,False,24.82,,
TRX-JJQ97TS5BB2SIXI29V6E,2026-04-19 03:16:00,2026-04-18,PRD-QIJJJ2T9FW0N,CLI-QJ4WK1GK7WN1,Purchase,Other,295.48,USD,,POS,,Ferretería,Other,México,Querétaro,Approved,00,False,,,
TRX-GB4E0C5YXHTXHAAF4M63,2026-04-18 08:20:53,2026-04-18,PRD-D652JS00HVKL,CLI-PVDQ2NHVN5Q3,Payment,Transport,126.55,USD,,Web,,,,México,,Approved,00,False,10.01,,
TRX-Q9NE68DFKCOR15CT61X1,2026-04-18 21:37:23,2026-04-18,PRD-KHE5CO9K0PV1,CLI-S11NICQITCW2,Purchase,Transport,1369502.55,COP,342.38,POS,,Gasolinera Express,Transport,Colombia,Cali,Approved,00,False,,,
TRX-P9229KPU6F95ZEDO0NAL,2026-04-18 08:18:25,2026-04-18,PRD-H29T0K9JVOFG,CLI-NMPLLDKUNA6E,Transfer,,1353574.13,ARS,3867.35,POS,,,,Mexico,Monterrey,Approved,00,False,,,
TRX-5SZIH7UFDQS67QJN61E1,2026-04-19 05:16:07,2026-04-18,PRD-95BW2TLLH4W5,CLI-5MHZ1UX3MBHM,Deposit,,927.85,USD,,POS,,,,México,Querétaro,Approved,00,False,4.06,-0.2263694,0.9597795
TRX-NTEU4SIP3TQ3T7FKW2LF,2026-04-18 07:35:16,2026-04-18,PRD-OIQWZ5Z2Q50T,CLI-45ZAN1E165EO,Purchase,Other,1716633.73,COP,429.16,ATM,,Centro Comercial,Other,Colombia,Cali,Approved,,False,,,
TRX-3R5C1D1AAXUCW3S03VUQ,2026-04-19 04:09:32,2026-04-18,PRD-GASM2K43J73E,CLI-YQISCA9WZN1C,Purchase,Food,77.41,USD,,ATM,SUC-RZNFZDVW,Super Ahorro,Food,México,Monterrey,Approved,00,False,,,
TRX-SJG0Z6SJPP8BF7PBK49Y,2026-04-19 00:04:03,2026-04-18,PRD-TQF73TT31O6D,CLI-KSJVXW6SU3MK,Withdrawal,,89105.32,ARS,,App,,,,Argentina,Buenos Aires,Approved,00,False,3.95,,
TRX-361F235QNXQHARESFQFG,2026-04-19 03:19:31,2026-04-18,PRD-EG2LFFAI4YDQ,CLI-V3Q77CZ0OXGS,Purchase,Entertainment,466.88,USD,,POS,,Teatro Nacional,Entertainment,Colombia,Medellín,Approved,00,False,15.53,4.5253719,-73.4816289
TRX-ZBF1UGX2O1H3DKYYPVYK,2026-04-18 07:30:12,2026-04-18,PRD-BZS2P1778N3R,CLI-XM6QURMSXNOQ,Withdrawal,,443248.32,COP,110.81,Branch,SUC-06LBAMRN,,,Colombia,Medellín,Approved,00,False,,,
TRX-NBHUBBZG04SLA32DOFV2,2026-04-18 15:58:25,2026-04-18,PRD-FWV01C4PCGOO,CLI-HNPFF247GGVB,Withdrawal,,140289.94,ARS,400.83,Web,,,,Argentina,Mendoza,Approved,00,False,2.23,,
TRX-YURP33C23RRGFQ0LBORA,2026-04-18 18:50:29,2026-04-18,PRD-STQ097DM3XMM,CLI-Z6SBSODLK30E,Transfer,,135942.44,ARS,388.41,POS,,,,Argentina,La Plata,Approved,00,False,28.17,,
TRX-K3CTJSRDHFIDX73C18X2,2026-04-18 06:51:12,2026-04-18,PRD-T84ZGZWDO2N0,CLI-AFMZEO1PVU5M,Purchase,Services,1897095.21,COP,474.27,ATM,SUC-JARPMK7O,Servicios Públicos,Services,Colombia,Bogotá,Approved,00,False,6.15,,
TRX-8G960GSOQTBA4U6PEUDH,2026-04-18 11:37:13,2026-04-18,PRD-995K1VJSDJLS,CLI-O2EFSO6DESPB,Deposit,,11781167.44,COP,2945.29,Transfer,,,,Colombia,Cali,Approved,00,False,21.1,,
TRX-P1IKMBAJYDYUB8P3P69V,2026-04-18 13:58:58,2026-04-18,PRD-7VA4ENA45ARY,CLI-VE6969SLLQXA,Transfer,,18112179.78,COP,4528.04,POS,,,,Colombia,Medellín,Approved,00,False,16.49,,
TRX-GDUHRPDSC9AUSAEVC71B,2026-04-18 14:55:56,2026-04-18,PRD-T7WVUOMNSR7A,CLI-WZV0FER4BG4I,Transfer,,7641.16,USD,,Web,,,,México,Guadalajara,Approved,00,False,12.59,,
TRX-NDE76KYROZR0ZEMHXZ69,2026-04-18 07:09:23,2026-04-18,PRD-2TXWF9U7X60W,CLI-SIMFGIHNVIYJ,Deposit,,7055147.34,COP,1763.79,POS,,,,Colombia,Barranquilla,Approved,00,False,6.97,,
TRX-JA38GJG0SAK2ETBW29NE,2026-04-18 12:30:43,2026-04-18,PRD-FFQ0D8VTCG6D,CLI-33E2PQKUS9QM,Transfer,,9238.48,USD,,Branch,SUC-CGL8D37U,,,México,Monterrey,Approved,00,False,17.34,0.7991343,-0.0395182
TRX-1I71L9NL3UTZPJ2OPZOG,2026-04-19 02:50:51,2026-04-18,PRD-5TBWWUUZ9CR8,CLI-06RUYDY8BVWA,Purchase,Health,174.17,USD,,App,,Clínica Médica,Health,México,Querétaro,Approved,00,False,7.12,,
TRX-5FF0NV38TQRW9UMDZSAE,2026-04-18 08:05:25,2026-04-18,PRD-URWLMUW9N0BP,CLI-CPWMSBAA92O7,Withdrawal,,208206.64,COP,52.05,ATM,SUC-X57ITSKO,,,Colombia,Barranquilla,Approved,00,False,29.64,,-75.0127765
TRX-FPWFMR9XDNK2ZO442H3G,2026-04-18 18:29:18,2026-04-18,PRD-TXB863DO6AND,CLI-7J2515TFE5R2,Transfer,,7725.49,USD,,ATM,SUC-AXDYB0RQ,,,México,Guadalajara,Approved,00,False,14.34,,
TRX-Q5BHKFAZ6M1IEKR49N0W,2026-04-18 18:23:03,2026-04-18,PRD-9ZO51Z7LXTZ6,CLI-SIVTLBU49T15,Transfer,,3110.96,USD,,ATM,SUC-JGB6PK8R,,,México,Ciudad de México,Approved,00,False,3.28,,
TRX-7HEUX4Q5T7N1C0BF3M90,2026-04-19 02:41:27,2026-04-18,PRD-QCUKPZBG0CVX,CLI-8KYAKFR6XDDY,Payment,Food,1065.52,USD,,ATM,SUC-5FDGLKJX,,,México,Guadalajara,Approved,00,False,19.14,-0.1866012,0.2319105
TRX-0PG2UX1SZTXKE14GVN3P,2026-04-19 00:25:45,2026-04-18,PRD-0DHOO11UU08Q,CLI-HPQAVPS6ODC5,Payment,Services,3864410.44,COP,966.1,POS,,,,Colombia,Medellín,Approved,00,False,18.01,5.0585652,-73.9446845
TRX-KTN4RCXAJ9VH66EKD5NL,2026-04-18 15:50:15,2026-04-18,PRD-0LIOCNOQU6SS,CLI-PU43T64I439R,Purchase,Entertainment,39.83,USD,,POS,,Streaming Music,,Spain,Barcelona,Approved,00,False,29.79,,
TRX-8069PHIWV7JYLS9DDQ9J,2026-04-18 19:30:27,2026-04-18,PRD-6B9WPB7JBOPJ,CLI-473HRP8BNENO,Adjustment,,1883934.47,COP,470.98,ATM,SUC-U5SARN4H,,,Colombia,Cartagena,Pending,14,False,,,
TRX-NRWL9OKF9H5KIXTAWQBA,2026-04-18 09:44:10,2026-04-18,PRD-GQ22LGJIP1KD,CLI-9N6L8J4O2FM8,Transfer,,28316705.72,COP,7079.18,App,,,,Colombia,Medellín,Approved,00,False,12.14,,
TRX-UMTSA7L72MFNCNN46SNS,2026-04-18 15:59:05,2026-04-18,PRD-Y37PQO5VVBCD,CLI-BBLDYKGMH3SK,Purchase,Food,46.73,USD,,Web,,Restaurante El Buen Sabor,Food,Spain,Madrid,Approved,00,False,,,
TRX-63GJZN9A1GM7592KLSXV,2026-04-18 18:56:25,2026-04-18,PRD-ZRHNK55HXZG5,CLI-2BQVVX7N4PCA,Purchase,Transport,71.0,USD,,POS,,Estación de Servicio,Transport,México,Ciudad de México,Approved,,False,5.81,,
TRX-KBZBG8PXC6WF60CSDKST,2026-04-18 20:41:07,2026-04-18,PRD-60RR1P1SFUIT,CLI-HN47BPUZ87X7,Purchase,Food,140780.96,ARS,402.23,POS,,Super Ahorro,Food,Argentina,La Plata,Approved,00,False,19.33,-34.1278839,-58.5158937
TRX-CBWD4PX2SLBCUL0OL79R,2026-04-18 21:10:19,2026-04-18,PRD-IOWX7J7JPOGN,CLI-KBUJVWDINWJO,Withdrawal,,315.82,USD,,POS,,,,México,Ciudad de México,Approved,00,False,20.24,,
TRX-PDI99WC993ZWILLVNAMI,2026-04-18 15:17:21,2026-04-18,PRD-JI6IQ4Q64SGQ,CLI-JYO3VJ8BVWCX,Deposit,,3562.99,USD,,POS,,,,México,Tijuana,Approved,00,False,5.09,,
TRX-G3TW7K1DAAGE1ZN5MU6A,2026-04-18 10:20:28,2026-04-18,PRD-2MZI0C8HCUP0,CLI-V08V14XI3JWS,Transfer,,692242.14,ARS,1977.83,ATM,SUC-HYTTI82L,,,Argentina,La Plata,Approved,00,False,,-35.3620304,-58.7469767
TRX-N51XORFKOO4RBMKPKDHJ,2026-04-18 07:49:12,2026-04-18,PRD-DXDBC6U1M4RS,CLI-BL0JW88JS9K6,Payment,Services,646.31,USD,,Web,,,,Argentina,Mendoza,Declined,05,False,,,
TRX-2GODFZ25P5CLUY4FR0P5,2026-04-18 16:55:14,2026-04-18,PRD-X2UL1MAJ75U4,CLI-J8AVZ3ZSC8FW,Transfer,,2139.46,USD,,ATM,SUC-KT11NKNR,,,México,Ciudad de México,Approved,00,False,8.3,-0.7266833,-0.6088419
TRX-149EKJHM1UAQS3BXVHW1,2026-04-19 03:37:09,2026-04-18,PRD-X5AA8VRW40VK,CLI-C3YL326XYH3B,Withdrawal,,166.92,USD,,POS,,,,México,Puebla,Approved,00,False,11.1,,
TRX-NUD5UZ7ZG9D87CR4DT3S,2026-04-19 03:17:57,2026-04-18,PRD-IKKTA7AVQZH5,CLI-6BBAIO366YDN,Payment,Entertainment,697.05,USD,,POS,,,,Argentina,Rosario,Declined,51,False,25.81,,
TRX-7NI79A9BOXJOZE0BVJ6S,2026-04-18 15:04:12,2026-04-18,PRD-KYELKH1113SQ,CLI-ZGOY1V6ZC46J,Withdrawal,,14637.69,ARS,41.82,POS,,,,Argentina,Rosario,Approved,00,False,24.59,-33.8560119,-57.5298372
TRX-138KJ2XX2W89VBS8YIJX,2026-04-18 13:59:01,2026-04-18,PRD-ODAOYVZOKGMG,CLI-EUT4LZM916J4,Payment,Services,856.52,USD,,POS,,,,México,Tijuana,Approved,00,False,18.27,,
TRX-IFXN68H8X27RENXOPOSO,2026-04-19 00:50:41,2026-04-18,PRD-JYPPR859VLDH,CLI-P1Y2WN3D0RO5,Withdrawal,,272.05,USD,,Web,,,,Colombia,Bogotá,Approved,00,False,25.24,,
TRX-OKUXFJOM42AG5DKJMTMG,2026-04-18 15:24:49,2026-04-18,PRD-4UC5LRGQVSZ0,CLI-VWXN4HG2NP3X,Payment,Food,624863.96,ARS,1785.33,Web,,,,Argentina,Buenos Aires,Approved,00,False,26.52,,
TRX-B38YLYEI1Q6XGH9DQBT5,2026-04-19 02:04:25,2026-04-18,PRD-TSJ1I2F8TCLC,CLI-E1WRPROL5FJX,Withdrawal,,273.36,USD,,ATM,SUC-TVNO2KL5,,,México,Querétaro,Approved,00,False,25.47,,
TRX-OG9VCCA38OV45QM8UEB7,2026-04-18 06:08:03,2026-04-18,PRD-5HZUKJ1AKKH0,CLI-FSO7QE5DAWVE,Payment,Transport,154062.04,ARS,440.18,POS,,,,Argentina,Córdoba,Approved,00,False,,,
TRX-RT3OMNKTCTRYPWFJ0J2R,2026-04-18 21:43:59,2026-04-18,PRD-VF82FKY670J7,CLI-DY6V149CSGCS,Purchase,Other,114.48,USD,,ATM,SUC-H4YG9DLY,Tienda General,Other,México,Guadalajara,Approved,00,False,25.45,-0.1403957,-0.0916493
TRX-1V8T89X7REUEQQAI3MZ0,2026-04-18 21:26:29,2026-04-18,PRD-STA7I8CAHV65,CLI-P8UB9O295FS6,Payment,Entertainment,231132.07,ARS,660.38,Web,,,,Argentina,La Plata,Approved,00,False,3.0,,
TRX-T0B5ONR7KHMCESSES4TH,2026-04-18 21:57:10,2026-04-18,PRD-UK5KOV1S90F0,CLI-7OSEL0ZMIBPL,Withdrawal,,116.93,USD,,App,,,,Argentina,Buenos Aires,Approved,00,False,0.14,,
TRX-GFHVMGETYZ6K3TZBB23T,2026-04-18 21:17:18,2026-04-18,PRD-57CUF1SBM4E7,CLI-6D7R70E7WCCQ,Purchase,Services,298.57,USD,,POS,,Servicios Públicos,Services,México,Querétaro,Approved,00,False,12.84,,
TRX-FAY3QTC6ZS0HJJ4RC4HQ,2026-04-19 05:05:26,2026-04-18,PRD-R8VFS1MU52BD,CLI-JSKJ1XR0SDGE,Transfer,,8800.07,USD,,POS,,,,México,Guadalajara,Approved,00,False,18.77,-0.1902116,-0.2934317
TRX-Q1E5P8X2AZTPDT3KBWGU,2026-04-19 05:42:18,2026-04-18,PRD-08X611EOWBKV,CLI-NWYPYKHX0FKV,Purchase,Other,40878.87,ARS,,Web,,Tienda General,Other,Argentina,,Declined,51,False,2.7,,
TRX-XICIP8GSJNL3LQKHMGO8,2026-04-18 10:24:27,2026-04-18,PRD-F6PT1QHDKBYY,CLI-WACFXYADG2B3,Withdrawal,,306.16,USD,,POS,,,,México,Tijuana,Approved,00,False,16.82,,0.6883707
TRX-0B23NHSRRFOZOTWAA30V,2026-04-18 06:56:29,2026-04-18,PRD-Q7IUE41B6IQN,CLI-BZT3EH54A8RG,Purchase,Other,1784418.48,COP,446.1,POS,,,Other,Colombia,Medellín,Approved,00,False,6.98,,
TRX-SZ2CM9O5WQLT6JWZMUA2,2026-04-18 21:38:31,2026-04-18,PRD-N1F4L6518WE0,CLI-SXHB58QD0L6I,Transfer,,14004271.24,COP,3501.07,ATM,SUC-X3OFCBL0,,,Colombia,Cartagena,Approved,00,False,6.6,4.8136572,-73.17642
TRX-L4OWDHZH9V1HD3NKDFY1,2026-04-19 01:27:09,2026-04-18,PRD-JSQOT58MM3U1,CLI-VL252UALJ0MD,Purchase,Entertainment,1782282.91,COP,445.57,Branch,SUC-8UUCS42Y,Conciertos Live,Entertainment,Colombia,Barranquilla,Approved,00,False,,,
TRX-JU3XN3Y7YMSURLPKQ7IO,2026-04-18 06:04:48,2026-04-18,PRD-RWUSU05E49R3,CLI-WUGQF68EBANJ,Withdrawal,,1331198.1,COP,332.8,POS,,,,Colombia,Bogotá,Approved,00,False,,,
TRX-DR2K1N5MLEWHRPW5WTCX,2026-04-18 06:11:45,2026-04-18,PRD-UPD62JD9ROSH,CLI-TTWRB9GYI3VE,Deposit,,4441.93,USD,,Web,,,,México,Guadalajara,Approved,00,False,1.02,,
TRX-L59T8OLO5GYG4TX5LALY,2026-04-18 17:31:34,2026-04-18,PRD-E8R0WGQLEJ1K,CLI-CLTGXDMEAC8O,Purchase,Food,1669102.2,COP,417.28,ATM,SUC-H9U13579,Tienda Don José,Food,Colombia,Bogotá,Approved,00,False,18.75,,
TRX-6MT9JP5OMAZGYILJS5MP,2026-04-18 18:58:35,2026-04-18,PRD-OJNZ6EHPMWPY,CLI-XU34M3WIO21P,Purchase,,133911.14,ARS,,ATM,SUC-RKWUVL31,Streaming Music,Entertainment,Argentina,,Approved,,False,24.15,,-57.5657873
TRX-SOCE11I22ILN7X7OB250,2026-04-18 20:17:10,2026-04-18,PRD-P5MG1P9OPLND,CLI-WO0J1T219MFD,Deposit,,3176617.54,COP,794.15,POS,,,,Colombia,Bogotá,Approved,,False,1.32,,
TRX-2UMMSSTDOK3054P80VXR,2026-04-18 18:53:24,2026-04-18,PRD-J3XAWVLE502E,CLI-PPIK6VDWOGEP,Withdrawal,,171.67,USD,,POS,,,,México,Querétaro,Approved,00,False,,-0.2678522,0.3614934
TRX-H87OT1Q51195X1HLCL82,2026-04-18 13:26:20,2026-04-18,PRD-LZUZMONKMAAM,CLI-OLRFEWIOHTY3,Purchase,Food,36434.64,ARS,104.1,POS,,Mercado Central,Food,Argentina,La Plata,Approved,00,False,9.87,,
TRX-U581AQPH4WB1HHB1SC65,2026-04-18 11:39:33,2026-04-18,PRD-CR5GXP6X9S3U,CLI-JT7FD9V0HHTX,Transfer,,295004.92,ARS,842.87,Transfer,,,,Argentina,Buenos Aires,Approved,00,False,6.8,,
TRX-ANRT3JOR6GOB1BH332I6,2026-04-18 22:12:16,2026-04-18,PRD-P2UEQJSMAEXW,CLI-73U7V85K68UG,Withdrawal,,1946643.06,COP,486.66,POS,,,,Colombia,Cartagena,Approved,00,False,26.45,,
TRX-49PRACOG2Q5E5KNCJZ9T,2026-04-19 03:11:19,2026-04-18,PRD-ITC7D3WJQL6J,CLI-6HT7FYV43RTN,Transfer,,972449.62,ARS,2778.43,POS,,,,Argentina,Rosario,Approved,00,False,8.36,,
TRX-LJMDV2XWXULUX80IHUNY,2026-04-18 10:13:00,2026-04-18,PRD-GMVQLXQVJMKW,CLI-GUQ1VV96614C,Payment,,1198.28,USD,,ATM,SUC-5XWR79HW,,,Argentina,Córdoba,Approved,00,False,2.31,,
TRX-Z9OFIEDSZXRBAGRNN35U,2026-04-18 18:35:16,2026-04-18,PRD-HDIPRSNFA1WT,CLI-PQEXNVFZASC5,Adjustment,,747.89,USD,,Transfer,,,,México,Monterrey,Approved,00,False,26.13,,
TRX-RZBC36HX8GQ6YVO566UE,2026-04-18 13:02:12,2026-04-18,PRD-QDJEMR6NLJNL,CLI-ZVY9MELF6ADK,Purchase,Food,111187.92,ARS,317.68,ATM,SUC-4JYR8GOV,,Food,Argentina,,Approved,00,False,25.92,,
TRX-7LG6HJRD4WFJ6DRC3JJZ,2026-04-18 18:52:58,2026-04-18,PRD-ANU7AX2QBBT5,CLI-AFRUXD2DHAW9,Withdrawal,,34.35,USD,,Web,,,,Argentina,Rosario,Approved,00,False,26.34,,
TRX-7TWL2YINUEWB4ZD3PI4X,2026-04-18 15:53:39,2026-04-18,PRD-VTSZQ7CC9QLW,CLI-YT7BE2ZMYZA0,Deposit,,6056729.86,COP,,ATM,SUC-C93NERQQ,,,Colombia,Bogotá,Approved,00,False,,,
TRX-4MTA6R7U8Y4Y5SJA287D,2026-04-19 05:19:24,2026-04-18,PRD-LVH67U64578V,CLI-9SK95EFRLO6A,Withdrawal,,82.14,USD,,POS,,,,México,,Approved,00,False,29.03,,
TRX-AQYOKTJA85DLDEPY7IRM,2026-04-18 18:45:54,2026-04-18,PRD-A170FUDHHKUY,CLI-Z891JAP3Z1Y1,Payment,Health,1871.36,USD,,Branch,SUC-TVNO2KL5,,,México,Tijuana,Declined,05,False,2.48,,
TRX-UQ5V25IKGPENYU1HQNK6,2026-04-18 19:46:41,2026-04-18,PRD-81LXU07Y56ME,CLI-8SJ0XTZ8HOJG,Payment,Entertainment,392659.68,ARS,1121.88,ATM,SUC-FXWYIOXF,,,Argentina,Córdoba,Approved,00,False,15.94,,
TRX-CXGAAZYYQ82FNSA2U8B5,2026-04-19 02:10:19,2026-04-18,PRD-92AW6LZ2BDQC,CLI-TJV6OMBVYE97,Payment,Entertainment,1621.72,USD,,Web,,,,México,,Approved,00,False,27.52,,
TRX-5DHUK5TDEC90P6FP14UQ,2026-04-18 21:02:08,2026-04-18,PRD-GOPVEOK5GILJ,CLI-P21D0LZKY18B,Payment,Services,567.36,USD,,ATM,SUC-HVN55QJQ,,,México,Ciudad de México,Approved,00,False,10.05,0.8970841,0.5763629
TRX-RS9B82F8VQ65HABVEOP3,2026-04-18 08:29:30,2026-04-18,PRD-J1I4XJVHHTRC,CLI-32M0ABCJ8M2G,Transfer,,9707.99,USD,,POS,,,,México,Tijuana,Approved,,False,19.05,0.3963599,0.8041036
TRX-W2O4GSMCA9HIZOT2SSWJ,2026-04-18 17:54:14,2026-04-18,PRD-R8NMTC7VE3YG,CLI-N78WJW2NGCJ5,Withdrawal,,169.34,USD,,POS,,,,México,Guadalajara,Approved,00,False,5.98,,
TRX-J4LUAK0FVDI89G31DG8Q,2026-04-18 21:57:49,2026-04-18,PRD-AFGJRBGZIH0E,CLI-CKD8ZE7EB166,Purchase,Food,1435132.77,COP,358.78,Web,,Super Ahorro,Food,Colombia,Barranquilla,Approved,00,False,,,
TRX-EPOZ3IDU9IXGDAUO217R,2026-04-18 22:00:42,2026-04-18,PRD-N5IK4USNYNCR,CLI-HULQD97HEEEO,Payment,Other,984.26,USD,,ATM,SUC-JDXIVV9S,,,México,,Approved,00,False,15.33,,
TRX-WE2FSMGNFW3CFTH1TRGP,2026-04-18 10:29:26,2026-04-18,PRD-II97CEJEOZG9,CLI-A85VKEC19EOE,Purchase,Food,431.47,USD,,App,,Tienda Don José,Food,México,Tijuana,Approved,00,False,15.84,,
TRX-U3ZS2YEAGNVNX76FSL2A,2026-04-18 10:46:49,2026-04-18,PRD-YCN6EVEYZTCM,CLI-N6GUXQFO3EU8,Withdrawal,,338.31,USD,,POS,,,,México,Puebla,Approved,00,False,27.8,,
TRX-VPJB1OZIAC9ENDSCT0RE,2026-04-18 09:48:09,2026-04-18,PRD-XT7YKOH2G5VL,CLI-6C45HK2XE2P8,Purchase,Food,1492991.03,COP,373.25,ATM,SUC-06LBAMRN,Mercado Central,Food,Colombia,Barranquilla,Declined,51,False,23.81,4.8097187,
TRX-6GX36K5W99C8GI703YY5,2026-04-18 22:29:05,2026-04-18,PRD-QFWDP9XIJ9GR,CLI-KFI9ZI8WKPA0,Payment,Food,839.06,USD,,ATM,SUC-KX44GJKB,,,México,,Approved,00,False,,,
TRX-PP5Q7FJA3FMKF5DUTQTK,2026-04-18 09:34:11,2026-04-18,PRD-SQA6CL5HLVBB,CLI-U52598ASH874,Transfer,,750575.34,ARS,,ATM,SUC-V5DT47YR,,,Argentina,Buenos Aires,Approved,00,False,26.0,,
TRX-SQJST4P9BFWXRDEAAFE3,2026-04-19 00:48:13,2026-04-18,PRD-3GNEBZWMLQ89,CLI-4ZXDADSA0IVM,Withdrawal,,298.06,USD,,POS,,,,Mexico,Monterrey,Approved,00,False,,,
TRX-ZKJXN9IZSVSAWYVU006C,2026-04-18 22:40:03,2026-04-18,PRD-S8EVYT0XLY1O,CLI-BDX67R6F8W6K,Withdrawal,,260.95,USD,,App,,,,México,Querétaro,Approved,00,False,12.48,,
TRX-BIMQGDKSSXSLUYC9IG4U,2026-04-18 22:19:10,2026-04-18,PRD-ISM5WD0N8MNM,CLI-0K5ZZPZXD6C9,Payment,Entertainment,594.05,USD,,POS,,,,Mexico,Monterrey,Approved,00,False,23.37,,
TRX-1J5K2DU84U1ZL1UBHIPD,2026-04-19 01:42:37,2026-04-18,PRD-OLEZYEPKL5RZ,CLI-ZRFOSEDHD07Y,Transfer,,1237661.89,ARS,3536.18,POS,,,,Argentina,Rosario,Approved,,False,,,
TRX-92Q75O4KJJDYZQIK6VRK,2026-04-18 21:54:12,2026-04-18,PRD-VCR3ZOT5AZ2K,CLI-I9S1PSQDDNJP,Purchase,Services,343.76,USD,,POS,,Internet Plus,Services,México,Tijuana,Approved,00,False,21.41,,
TRX-3RYWE00IDCL9LX0VLTO0,2026-04-18 13:44:14,2026-04-18,PRD-JIB0DK3805TD,CLI-IYPX5WF0PF6G,Payment,Other,304696.87,ARS,870.56,POS,,,,Argentina,Rosario,Approved,00,False,5.71,,
TRX-DX9QFHCIKN1U41NK0Q7D,2026-04-19 03:44:59,2026-04-18,PRD-4JNYL1XHG3D0,CLI-2423UD92YVGW,Withdrawal,,759677.5,COP,189.92,ATM,SUC-EMGR60PV,,,Colombia,Cartagena,Declined,05,False,13.54,,
TRX-GB3T98HU8IY4NH0UVEKE,2026-04-19 04:37:44,2026-04-18,PRD-WQOK28KC8T6D,CLI-5WU99EIGUWIY,Withdrawal,,434.6,USD,,ATM,SUC-A9BJ48OP,,,México,,Approved,00,False,,0.2623573,-0.9016673
TRX-SUJRAF1L4VXF68HIDAF9,2026-04-18 11:11:24,2026-04-18,PRD-FQRW6CUKWNB1,CLI-EDOYCP27PR7A,Transfer,,34650994.92,COP,8662.75,Web,,,,Colombia,Cartagena,Approved,00,False,,,
TRX-KXZNCM3DF8UWVZ7RUAXQ,2026-04-18 21:49:20,2026-04-18,PRD-XA9LABPH3ZHN,CLI-CZ7FKJ88QBMM,Deposit,,2626.35,USD,,App,,,,México,,Approved,00,False,22.13,,
TRX-ZT9XGRDBUCM0BVXBSLP5,2026-04-18 22:40:27,2026-04-18,PRD-GMUEZ7G61DQ2,CLI-A374L6JXP8TF,Payment,Food,90631.87,ARS,258.95,POS,,,,Argentina,Mendoza,Approved,00,False,,-34.478432,-58.3887939
TRX-VIFQZNCLRED2TKJ83GP1,2026-04-19 03:53:55,2026-04-18,PRD-43YYZW7FGVM1,CLI-CSSEZAXAK7D7,Payment,Other,1567.17,USD,,POS,,,,México,Querétaro,Approved,00,False,20.15,,
TRX-6SE7MAIUMTALL36IQG3V,2026-04-18 13:23:48,2026-04-18,PRD-M95PIFB75ES9,CLI-7NJR4IY7939R,Deposit,,1544.07,USD,,Web,,,,Argentina,,Approved,00,False,,,
TRX-DP9ATYWRM40UPY9EYN5G,2026-04-19 02:43:00,2026-04-18,PRD-UGVWEY1A2VT9,CLI-9S8LD4NQW13D,Transfer,,27816820.84,COP,6954.21,Branch,SUC-HTV8A64G,,,Colombia,Medellín,Approved,00,False,8.44,,
TRX-D5LA9ZEMYWQLL6AUIH6G,2026-04-18 14:24:20,2026-04-18,PRD-6UL18L6R1IDA,CLI-SJLEIAAR6XFT,Withdrawal,,1118597.62,COP,279.65,ATM,SUC-9S92DZ9T,,,Colombia,,Approved,00,False,25.12,,
TRX-ECJJWWG2FKPCEGKLWOQF,2026-04-19 03:08:56,2026-04-18,PRD-ZGDES901EYN2,CLI-ZZC1D177YQHV,Withdrawal,,282.15,USD,,POS,,,,México,Ciudad de México,Reversed,14,False,17.16,-0.6415667,-0.9600877
TRX-P3UOMGPKEMLJR6M542E2,2026-04-18 10:13:07,2026-04-18,PRD-JVDPXBZPEMSI,CLI-L8TFC0NID5W4,Withdrawal,,107488.95,ARS,307.11,ATM,SUC-GKQAVGPP,,,Argentina,Buenos Aires,Approved,00,False,7.87,,
TRX-A9GP5G1TM6L6HI3VMDYO,2026-04-19 02:43:52,2026-04-18,PRD-IKWSIG1VO5HU,CLI-UUYJXW44KB20,Payment,Services,1256.28,USD,,App,,,,México,Guadalajara,Approved,00,False,17.53,,
TRX-895IIVU4DPIZEA9NSABJ,2026-04-18 08:58:30,2026-04-18,PRD-8XKYOVORCHRF,CLI-YMKSDRO767RH,Withdrawal,,115.56,USD,,POS,,,,México,,Approved,00,False,26.18,,
TRX-KODOIVPRM64YWZKVWIWA,2026-04-19 01:57:55,2026-04-18,PRD-2T6HUINU3I4I,CLI-I9CBK4GKS8QN,Transfer,,3137.53,USD,,ATM,SUC-UHIX6KQ4,,,México,Querétaro,Approved,,False,27.75,,
TRX-NNCVPGI4H6J0NPJDBET1,2026-04-19 00:38:33,2026-04-18,PRD-56WLPNUK7P8N,CLI-X9DO3CXQ2274,Payment,Services,248.2,USD,,POS,,,,México,Querétaro,Approved,00,False,7.86,,
TRX-SQ00QM1AKN2DRJGQNSQF,2026-04-18 07:18:48,2026-04-18,PRD-25HR0H1IRLXF,CLI-LBM7FWA5M8V7,Payment,Food,1902.37,USD,,POS,,,,México,Ciudad de México,Approved,00,False,28.16,-0.6178516,0.2995035
TRX-82KYDQZ3188H69ER9AFP,2026-04-19 00:18:02,2026-04-18,PRD-Q2ZAP0CQPHQC,CLI-Q0HO9BFF46N3,Payment,Services,716.48,USD,,POS,,,,México,Puebla,Approved,00,False,24.07,0.8557354,0.0228394
TRX-P4VCGUGRDGXRNIQP5HKR,2026-04-18 23:10:58,2026-04-18,PRD-00JT9E6TA3VY,CLI-3A8XOV2YZSC9,Withdrawal,,168276.79,ARS,480.79,POS,,,,Argentina,Buenos Aires,Approved,00,False,5.69,,
TRX-T61G1CNV3QQ9E1VS6W8O,2026-04-18 21:23:28,2026-04-18,PRD-C4LEVE5X1PHS,CLI-8459V8FI3GBU,Withdrawal,,176.53,USD,,ATM,SUC-9DE11KDA,,,México,Querétaro,Approved,00,False,12.93,,
TRX-VCF934T8BXQYYK28V7L5,2026-04-19 00:46:33,2026-04-18,PRD-JMFPKKX0XN23,CLI-DXH9QLDTEU08,Purchase,Other,137675.83,ARS,393.36,ATM,SUC-ISVYMZP9,Boutique Moda,Other,Argentina,Buenos Aires,Approved,00,False,,,
TRX-9FLJGZ09YH76P1CHGMJP,2026-04-18 06:48:33,2026-04-18,PRD-MUY2IZ0L82KO,CLI-G6PNMX1PEZOL,Transfer,,17080435.43,COP,4270.11,ATM,SUC-F16NSV5F,,,Colombia,,Approved,00,False,15.56,,
TRX-L0WXO1PGHCND4ZFLNSN0,2026-04-19 03:04:40,2026-04-18,PRD-FDYWH8S3Z2UC,CLI-MM55FSLZLJB9,Purchase,Entertainment,354.96,USD,,App,,Streaming Music,Entertainment,México,Monterrey,Approved,00,False,,,
TRX-55AQQE2OTK6629RXK0L4,2026-04-18 20:35:49,2026-04-18,PRD-CA81FJ6Z43DM,CLI-4G0OCE3G403K,Purchase,Services,136.81,USD,,App,,,Services,México,Tijuana,Approved,00,False,,,
TRX-R31D5E47WW6NP6L1OV8Y,2026-04-19 03:51:27,2026-04-18,PRD-IBAXEKKICS8Q,CLI-4SBJ07ICZ45S,Deposit,,4003.19,USD,,POS,,,,México,,Approved,00,False,8.74,,
TRX-JIVCG6IDDT8U1QJEXNSU,2026-04-18 08:32:33,2026-04-18,PRD-MWUJNDQZGDUI,CLI-WSODM4816XPP,Deposit,,810.87,USD,,Web,,,,México,Guadalajara,Declined,14,False,6.88,,
TRX-U15PF6MDB89O8LPQXJKT,2026-04-18 15:30:55,2026-04-18,PRD-33VJ6GX9280I,CLI-77PBONC10XCP,Deposit,,4481.48,USD,,ATM,,,,México,,Approved,00,False,8.84,,
TRX-5MI7ZT5Z3KGN5U3ZWL52,2026-04-18 10:22:58,2026-04-18,PRD-J8URO71GJWPF,CLI-PCL1G3Z9K99U,Withdrawal,,44837.07,ARS,128.11,POS,,,,Argentina,Buenos Aires,Approved,00,False,,,
TRX-5TJH1CBFFK4SZPPKO7W5,2026-04-18 07:28:18,2026-04-18,PRD-A1680NMKAX85,CLI-C9N2TIA4070T,Withdrawal,,117420.13,ARS,335.49,Web,,,,Argentina,Córdoba,Approved,00,False,27.23,,
TRX-2W94KJFG1O9Z2IMUC1HL,2026-04-18 22:53:33,2026-04-18,PRD-HPIYMRH5KEB0,CLI-5ELPGS9P7R8Z,Payment,Food,641.97,USD,,Web,,,,México,Puebla,Approved,00,False,14.28,,
TRX-9YMHJ9BRGVHO835R13LW,2026-04-18 22:16:31,2026-04-18,PRD-G2XC4MBAMW5J,CLI-QPKRPK9X3LWZ,Payment,Other,227597.86,ARS,650.28,App,,,,Argentina,Mendoza,Approved,00,False,,,
TRX-GPA9V71JTG7OCB87UZVO,2026-04-18 13:15:57,2026-04-18,PRD-80N88WMOQSJ3,CLI-CXV2BHM0H4SA,Payment,Other,598602.56,ARS,1710.29,ATM,SUC-JH2YV47F,,,Argentina,La Plata,Approved,00,False,20.33,,
TRX-KB69C2LIODJMPFK574L6,2026-04-18 21:47:51,2026-04-18,PRD-2OYR490IQQRO,CLI-AVAF5DGKEKAR,Transfer,,6918724.58,COP,1729.68,POS,,,,Colombia,Cartagena,Approved,00,False,13.85,,
TRX-IV590AEI8F63SC21TWVI,2026-04-18 08:45:36,2026-04-18,PRD-LEI0E2KP1BPW,CLI-V052EP2XK61O,Withdrawal,,510318.61,COP,127.58,ATM,SUC-IV7HG0FV,,,Colombia,Barranquilla,Approved,00,False,16.01,,
TRX-3ZRABSK3DCU7ZJ94NRJQ,2026-04-19 05:04:24,2026-04-18,PRD-5J3821C1REV8,CLI-IYWJ2N9QZHP8,Payment,Transport,23438.1,ARS,66.97,App,,,,Argentina,La Plata,Approved,00,False,11.54,,
TRX-9RTZ5QQAUSB4NKKSN55L,2026-04-19 02:44:22,2026-04-18,PRD-PRSN7MZMVM83,CLI-2RMSA4VSIB92,Purchase,,370.33,USD,,ATM,SUC-UBOAYTJG,Boutique Moda,Other,México,Querétaro,Approved,00,False,,-0.2366364,0.9529268
TRX-PLI45ARKORKQHOT8WPN9,2026-04-18 06:04:32,2026-04-18,PRD-ET2SJ7UXIUT4,CLI-C0OGXXTNZUER,Withdrawal,,34759.06,ARS,99.31,Web,,,,Argentina,La Plata,Approved,00,False,,,
TRX-CXY1E24946JXCIO81Y00,2026-04-18 09:46:00,2026-04-18,PRD-P2NZFGJ7IR1B,CLI-BGR1S37P5V1B,Purchase,Food,153957.92,ARS,439.88,POS,,Restaurante El Buen Sabor,Food,Argentina,La Plata,Approved,00,False,,,
TRX-5GPVGM04EEF0CTDEGYF3,2026-04-18 23:17:26,2026-04-18,PRD-J1OG383WBW0F,CLI-SYBP1XI95W2N,Purchase,Transport,1823268.47,COP,455.82,ATM,SUC-XXUHP6O3,Taxi Seguro,Transport,Colombia,,Approved,00,False,13.92,,
TRX-623IRV8E8J895FA83HDR,2026-04-19 05:49:04,2026-04-18,PRD-VF9JAIFQWXRR,CLI-2YH98QELSG6R,Withdrawal,,346.97,USD,,App,,,,México,Ciudad de México,Approved,00,False,29.35,,
TRX-AYUM0884YY6IOCIBDVTA,2026-04-18 16:02:18,2026-04-18,PRD-7GIR9BJF06UL,CLI-T8LKMMGTDJ83,Purchase,Services,1296729.96,COP,324.18,App,,Internet Plus,Services,Colombia,Barranquilla,Approved,00,False,21.88,,
TRX-N9FGQMBTBCZQ9EMM8GE8,2026-04-18 20:06:20,2026-04-18,PRD-KDSYXRJ88IEY,CLI-8RWIEZSI7R7D,Payment,Food,154134.65,ARS,440.38,ATM,SUC-0LZRXHCF,,,Argentina,,Approved,00,False,,,
TRX-3VSY3AWC94K0QR4IJP3Z,2026-04-18 11:49:51,2026-04-18,PRD-YLYH0DJD0KGF,CLI-1DDUL163AKWE,Deposit,,8036604.8,COP,2009.15,POS,,,,Colombia,Cali,Approved,00,False,7.68,3.8138148,-73.4018396
TRX-NGA4JKCKTO8EOSHZK9PV,2026-04-18 06:54:12,2026-04-18,PRD-3NR761YNUZAN,CLI-B28AQW782V5R,Deposit,,69.07,USD,,ATM,SUC-FV69BGCV,,,México,Monterrey,Approved,00,False,29.78,0.0753225,0.4023286
TRX-9PGSZBFMLE9MH53V49OM,2026-04-18 20:53:53,2026-04-18,PRD-D7SEL2DZZFES,CLI-DBKTZ9R7RP05,Purchase,Entertainment,127.91,USD,,POS,,Cine Premium,Entertainment,México,Guadalajara,Approved,,False,14.8,,
TRX-K2TK5UY9NLGK1XWETWPB,2026-04-19 05:11:25,2026-04-18,PRD-Q3636KXATJTN,CLI-L5W9RNLBS205,Purchase,Entertainment,27607.64,ARS,78.88,POS,,,Entertainment,Argentina,La Plata,Approved,00,False,,,
TRX-1EKA7EL5PW7VPMX4F5Q2,2026-04-18 20:32:57,2026-04-18,PRD-7E544IUIQIS9,CLI-TCNGXH6V4PQ8,Withdrawal,,322.32,USD,,ATM,SUC-337QKO7D,,,México,Querétaro,Approved,00,False,12.99,,
TRX-MYEPKNFNLSZ7RVEN0MFK,2026-04-18 22:50:37,2026-04-18,PRD-IOQSZW5ZM76N,CLI-SKD0YR2X44J4,Withdrawal,,287.74,USD,,ATM,SUC-Z7426PZT,,,México,,Approved,00,False,,,
TRX-43QLH0J44BSFUQE6OZFG,2026-04-18 19:04:44,2026-04-18,PRD-OF3VZ2OTFSHT,CLI-F963TQISR20K,Payment,Other,1906.27,USD,,POS,,,,Colombia,Medellín,Approved,00,False,20.63,,
TRX-ZMF68F012CE74863A47U,2026-04-18 10:22:24,2026-04-18,PRD-BLTWMEY0QX5N,CLI-KILEID4RY386,Withdrawal,,89.87,USD,,Web,,,,México,Ciudad de México,Approved,00,False,4.49,,
TRX-OF56WJ7H418Z3RP9RVRR,2026-04-19 05:49:20,2026-04-18,PRD-GQVBORUJJXCC,CLI-FPR4TMTHI9CR,Purchase,Services,203.61,USD,,Branch,SUC-KT11NKNR,Servicios Públicos,Services,México,,Approved,00,False,7.38,,
TRX-1AT7NPJCFHE7FITS23DA,2026-04-19 04:47:54,2026-04-18,PRD-ZE7FQE9Z2F1K,CLI-1C1KF9ZZ40EA,Withdrawal,,496876.46,COP,124.22,ATM,SUC-DLYE60QN,,,Colombia,Cartagena,Approved,00,False,26.9,,
TRX-CYOH61ZPWA7FR86HBY9Q,2026-04-19 04:35:13,2026-04-18,PRD-ZK3TM07XE2VR,CLI-2J1ZP9F3SQ8R,Payment,Food,269663.24,ARS,770.47,ATM,SUC-7TH4CVFK,,,Argentina,Rosario,Approved,00,False,,,
TRX-B4KOW5ZGFARY64430XWJ,2026-04-18 14:40:28,2026-04-18,PRD-2Q59IVT3MR5E,CLI-4LFNJGT3DHEH,Transfer,,2508.04,USD,,Web,,,,México,Tijuana,Approved,00,False,18.58,,
TRX-3JHTBMCT67BS9OZWZMTV,2026-04-18 12:05:20,2026-04-18,PRD-X2AFG5R5ACRC,CLI-9FSJE11ES5YA,Withdrawal,,1451907.03,COP,362.98,POS,,,,Colombia,Barranquilla,Approved,00,False,,4.692652,-74.8695053
TRX-C5T9OY01EM03RSLDFQRM,2026-04-19 01:08:31,2026-04-18,PRD-1AICJZRRL99E,CLI-DYTED1UH1QUS,Withdrawal,,300.61,USD,,POS,,,,México,Querétaro,Approved,00,False,,,
TRX-E1INBTC2BTQCBHV1A1VR,2026-04-18 06:46:04,2026-04-18,PRD-6HRGE0P9QSMU,CLI-85TDYUB6ELYS,Purchase,Entertainment,189.73,USD,,App,,Teatro Nacional,Entertainment,México,Guadalajara,Approved,,False,18.16,,
TRX-QEN1BBB7SOYQ5FLJTH1M,2026-04-18 06:01:25,2026-04-18,PRD-23B7E95HVKTJ,CLI-S97J9Y5CV1HF,Purchase,,111.2,USD,,App,,,Services,México,Guadalajara,Approved,00,False,27.71,,
TRX-LXII0ZQU98EINHVMXV05,2026-04-18 23:33:26,2026-04-18,PRD-N6SBYGT696CB,CLI-5N6555P782MP,Payment,Other,1077883.01,COP,269.47,Web,,,,Colombia,Medellín,Approved,00,False,27.35,,
TRX-0SS8Y1HTGRZ2LRA19YT4,2026-04-18 09:09:50,2026-04-18,PRD-RQCDBN84X6LG,CLI-ON34VYKEVVOZ,Payment,Food,1530.05,USD,,App,,,,México,Tijuana,Approved,00,False,11.38,,
TRX-ISPR1G7GQ6T5HH9ORJML,2026-04-18 23:02:06,2026-04-18,PRD-H4E2CYSWBCSD,CLI-PC1EMJ6O8P1A,Payment,Other,253739.96,ARS,724.97,POS,,,,Argentina,Rosario,Approved,00,False,11.99,,
TRX-AADSIMHB5LAJYJ77OXNX,2026-04-18 10:15:12,2026-04-18,PRD-E3D9UVPOBULU,CLI-FMR6EZC5I2I7,Payment,Health,170.04,USD,,Branch,SUC-XEEDD28B,,,México,Tijuana,Approved,00,False,10.37,0.051925,0.2982385
TRX-LGTBN8MRI0KU4RH9UHCF,2026-04-19 04:17:34,2026-04-18,PRD-JQMBXU4LU1EY,CLI-NZ64BLWYWJI0,Transfer,,3398716.59,ARS,9710.62,POS,,,,Argentina,Mendoza,Approved,00,False,9.16,,
TRX-1A8OUAM12NL8ZXDWMWG8,2026-04-18 08:11:34,2026-04-18,PRD-CO3ZBGHX7ZIV,CLI-XYNCNVXW0KH0,Purchase,Transport,102184.22,ARS,291.95,POS,,Uber,Transport,Argentina,,Approved,00,False,,-33.6914664,-59.2860581
TRX-ORD4JWGKCOIY0UT4ELZC,2026-04-19 04:26:23,2026-04-18,PRD-XWJ1DOAC77GH,CLI-1Y8QB0TEA0GM,Payment,Services,1238.95,USD,,ATM,SUC-74OJEV5Z,,,México,Puebla,Approved,00,False,,,
TRX-6M33XC7MTNWP1L3JZG1R,2026-04-18 17:07:50,2026-04-18,PRD-1NJT2K3MJ46T,CLI-SUJ9CIBXIOAE,Payment,Transport,1270508.64,COP,317.63,POS,,,,Colombia,Medellín,Approved,00,False,21.22,5.3300154,-75.0339875
TRX-3J0C6W1G6EVMIPBK70OY,2026-04-18 13:20:48,2026-04-18,PRD-MPDZ2AFADXDT,CLI-753NPDOWLVAL,Deposit,,4739.2,USD,,App,,,,México,Guadalajara,Approved,00,False,21.85,,
TRX-ANHR0M5R4X79FIE4ZXHU,2026-04-18 23:59:03,2026-04-18,PRD-JB66KW0M4YJ7,CLI-L0KQK3ZBNL4W,Adjustment,,27.34,USD,,ATM,SUC-IC4I9JS9,,,México,Guadalajara,Approved,00,False,15.56,,
TRX-WIH2XHYC3RI9C718QCT6,2026-04-19 05:39:09,2026-04-18,PRD-M65E1KAS3DS7,CLI-ZRPLIFT79X4K,Deposit,,722.51,USD,,App,,,,México,Puebla,Approved,00,False,26.1,,
TRX-R1SC6LFV8XXI3YFG1TZD,2026-04-19 05:24:28,2026-04-18,PRD-GAQQWIX9U1GV,CLI-7Z5V8V1T6PEJ,Deposit,,810801.8,ARS,2316.58,POS,,,,Argentina,Rosario,Approved,00,False,6.77,,
TRX-79XCVNYM4MC92KXNNMU0,2026-04-18 21:38:56,2026-04-18,PRD-5H1U3MKK23WR,CLI-MMIQGQD02EXL,Withdrawal,,272396.47,COP,68.1,POS,,,,Colombia,Cartagena,Approved,00,False,2.81,,
TRX-TPH4X5WLAP7FMQXWH8D8,2026-04-18 09:58:16,2026-04-18,PRD-CPNOAUBLR55V,CLI-AG72XKGV57GF,Deposit,,1248.43,USD,,Web,,,,México,Tijuana,Approved,00,False,16.53,,
TRX-7JFT660E8PM5ZP4ZH1FO,2026-04-18 14:57:23,2026-04-18,PRD-WIWPAYFLP63M,CLI-OPXXX9AETUUK,Withdrawal,,430.27,USD,,Branch,SUC-9J6GQRJ4,,,México,Puebla,Declined,54,False,26.78,,
TRX-3G2RPI5BWR29T0DKHAQ7,2026-04-18 19:05:38,2026-04-18,PRD-ULR8M0DRK6NZ,CLI-GB1WB2MHLZRO,Transfer,,3361980.52,ARS,9605.66,Web,,,,Argentina,Mendoza,Approved,00,False,,,
TRX-8OHYAF9IZZXVWLOFMASY,2026-04-18 23:47:19,2026-04-18,PRD-QJ5PJM2AOH4Z,CLI-K878AVSO37GH,Transfer,,34310472.23,COP,8577.62,POS,,,,Colombia,Bogotá,Approved,00,False,11.37,,
TRX-U9HZC4DG0RWVX5LEDYOS,2026-04-19 04:20:15,2026-04-18,PRD-XXZRJRHOSDU6,CLI-QGJYGAPJT9WY,Payment,Food,1580.84,USD,,ATM,SUC-RDJC9IH3,,,México,,Approved,00,False,18.65,,
TRX-WTNFQV6ZEJ4T0NBPS3KM,2026-04-18 10:45:29,2026-04-18,PRD-EHJIHC6NO528,CLI-U39G9XNTCFVD,Transfer,,13652652.62,COP,3413.16,App,,,,Colombia,Cali,Approved,,False,,,
TRX-X2Q2CMZVL3GZRX2BU8TX,2026-04-18 17:32:14,2026-04-18,PRD-USVA26OWS5R1,CLI-K8V7WOI7PKPY,Purchase,Transport,118066.76,ARS,337.33,POS,,Gasolinera Express,,Argentina,,Approved,00,False,,,
TRX-V4ZJJLX9Z1COBABLPJ9H,2026-04-18 23:19:41,2026-04-18,PRD-971SPF9LEMXO,CLI-0VH6KXEWA6XU,Transfer,,935470.75,ARS,2672.77,App,,,,Argentina,Mendoza,Approved,00,False,0.78,,
TRX-6CEACJJZ0O4SSJA2SO51,2026-04-19 03:42:52,2026-04-18,PRD-9SL923LUYZ99,CLI-BM788AJISSXQ,Purchase,Other,478.89,USD,,ATM,SUC-NBZZWX8W,Tienda General,Other,México,Tijuana,Approved,00,False,7.52,,0.8167113
TRX-20OM0V5IA82QSA6PGITY,2026-04-19 05:17:13,2026-04-18,PRD-Y2MFVLAQ5VNV,CLI-A9D2ZUNQ32UY,Payment,Transport,2579899.47,COP,644.97,Web,,,,Colombia,Barranquilla,Approved,00,False,12.05,,
TRX-I9ZVOZOINJ1SAZJEL2HY,2026-04-19 03:18:03,2026-04-18,PRD-LT0RK52SSCW7,CLI-BS7Z7ARXWGSU,Withdrawal,,31.02,USD,,POS,,,,México,Querétaro,Approved,00,False,14.77,,
TRX-Z5H1T3PB48M83XPTEK3R,2026-04-18 11:49:11,2026-04-18,PRD-5F75X5LFFLB1,CLI-3MK2CVUQRJDM,Withdrawal,,438.42,USD,,POS,,,,México,Monterrey,Approved,00,False,15.34,,
TRX-SXOMW8V12X9HR6DOUB3K,2026-04-19 02:45:13,2026-04-18,PRD-KQPSW33FLCFE,CLI-VO15ICU48422,Payment,Transport,1243.49,USD,,POS,,,,México,,Reversed,05,False,,0.010362,0.6222282
TRX-7BN2ZLKK5TF3YEVDSXL6,2026-04-19 05:01:08,2026-04-18,PRD-P15UCR4YL16Y,CLI-RBE3CTQU538I,Transfer,,1917429.58,ARS,,App,,,,Argentina,La Plata,Approved,00,False,20.85,,
TRX-BBT7VGJIYG5SJC60QAW5,2026-04-18 12:39:33,2026-04-18,PRD-N1BNASG3JFMJ,CLI-WULBGSVZTAE7,Payment,Health,6900423.24,COP,1725.11,App,,,,Colombia,Bogotá,Approved,00,False,20.14,,
TRX-D6TFLXBF8O14P0VYCWZ7,2026-04-19 02:17:45,2026-04-18,PRD-JD5Z2HGNT3CE,CLI-6XDUEHE3PKEQ,Deposit,,1118.97,USD,,POS,,,,México,Monterrey,Approved,00,False,,-0.6121163,-0.8731349
TRX-22RKCXHAP0W6SP0822S3,2026-04-19 01:40:46,2026-04-18,PRD-LHZUKBR6UG2W,CLI-PHAG6Z7E7X69,Purchase,Food,157403.12,ARS,,Web,,Tienda Don José,Food,Argentina,Rosario,Declined,14,False,7.22,,
TRX-FT05NG4JNJN66CP7CNYD,2026-04-18 15:50:43,2026-04-18,PRD-8WZ9A6FG7YN1,CLI-0JOQMFJ6AAJ6,Purchase,Food,405.46,USD,,POS,,Tienda Don José,Food,Argentina,Mendoza,Approved,00,False,,,
TRX-1Q25WCCPFDHYIJ0PPT5S,2026-04-18 12:45:34,2026-04-18,PRD-RQTT3VYXQG39,CLI-28FOP5HY9ULZ,Withdrawal,,166478.45,COP,41.62,Web,,,,Colombia,,Approved,00,False,28.47,,
TRX-PCLW1R74A5QL5XEMDQ97,2026-04-18 11:35:53,2026-04-18,PRD-0WP8L2QWVDMX,CLI-B35PQW5DWG7K,Transfer,,3333.27,USD,,ATM,SUC-Q9LRLZTA,,,México,Ciudad de México,Approved,00,False,9.83,,
TRX-AF5HDGA600VU5BZQ8QDC,2026-04-18 20:59:10,2026-04-18,PRD-V4EA9AL8LFN0,CLI-CO9A35KPG3UL,Transfer,,5633.05,USD,,App,,,,México,Guadalajara,Approved,,False,5.73,,
TRX-U66KLVWRHPI5K8UL2IR4,2026-04-19 01:22:01,2026-04-18,PRD-YAGTEV6YOGP4,CLI-VJG7CCYUV3TJ,Payment,Transport,643213.72,ARS,1837.75,Web,,,,Argentina,Buenos Aires,Approved,00,False,,,
TRX-XX4VTPH8TYWUZXC40FO0,2026-04-19 03:38:46,2026-04-18,PRD-U6SR3MMHDP3G,CLI-XVYZDUEZVW02,Deposit,,12232698.18,COP,,ATM,SUC-U7NNFMS6,,,Colombia,Cartagena,Approved,00,False,8.53,,
TRX-8I0OYOO4SW1PVSP5TJ2J,2026-04-18 08:08:37,2026-04-18,PRD-9M9TSN8OKWWI,CLI-7TO7S6QFDO3Y,Transfer,,35997318.41,COP,8999.33,ATM,SUC-DIHJMBN3,,,Colombia,,Approved,00,False,21.24,3.9134079,-74.0879186
TRX-79HIUZ845TCY7XP60SU9,2026-04-19 01:46:01,2026-04-18,PRD-NRME0QBLQUEH,CLI-TVZ23SUH6SME,Withdrawal,,1871200.52,COP,467.8,App,,,,Colombia,Barranquilla,Approved,00,False,5.1,,
TRX-GE28CH6FL4GRFK9SMPF9,2026-04-18 16:22:50,2026-04-18,PRD-IV7LJQVR8M4H,CLI-HGATW9D5RKFY,Payment,Other,324898.64,ARS,928.28,POS,,,,Colombia,Cali,Approved,00,False,15.42,,
TRX-KD7BQRJPQ6E1MY8YZVYY,2026-04-18 10:47:47,2026-04-18,PRD-30ZDE2B29LDW,CLI-3WMOAUBTPU82,Purchase,Services,60851.58,ARS,173.86,ATM,SUC-C1OF9350,Internet Plus,Services,Argentina,Mendoza,Approved,,False,,,
TRX-LF3D4AD6ZAMYUWRHCNOW,2026-04-18 06:53:33,2026-04-18,PRD-9QA5A29NPAWC,CLI-W7W7SAHEFKAS,Payment,Other,468.35,USD,,POS,,,,México,Monterrey,Approved,00,False,16.08,-0.2687646,-0.8781544
TRX-28Z7VY1BXBZHPVZM429U,2026-04-18 17:04:12,2026-04-18,PRD-X306OADM0TUM,CLI-MBTTTOSWKJLV,Payment,Transport,895.78,USD,,ATM,SUC-H4YG9DLY,,,México,Ciudad de México,Pending,05,False,,,
TRX-ENTRQ0D0ZFHZIP9YDEB7,2026-04-18 10:36:49,2026-04-18,PRD-LBZLMB7UNS25,CLI-BV4GX4F2PSZ4,Deposit,,675.79,USD,,App,,,,México,Ciudad de México,Approved,00,False,15.18,,
TRX-XHFWKT7NHFOEUCGWQZUN,2026-04-19 00:10:37,2026-04-18,PRD-G1THDQBEUIO6,CLI-Q5FZJ6M8ASXJ,Payment,Health,75135.65,ARS,214.67,POS,,,,Argentina,Rosario,Approved,00,False,18.43,,
TRX-813VE302PB1TEWRN263Q,2026-04-19 02:07:56,2026-04-18,PRD-BCCTLHWGZ93O,CLI-ZGL5Z19DYQ9Q,Transfer,,5890.34,USD,,POS,,,,México,Tijuana,Approved,00,False,17.61,-0.5444608,0.2430283
TRX-8RT0G4IKD2Y6IM0VSD3Q,2026-04-18 10:55:15,2026-04-18,PRD-I0MUFOP8820A,CLI-EKWL6BHEO678,Payment,Services,421.36,USD,,ATM,SUC-8XAGRKOC,,,México,Ciudad de México,Approved,00,False,15.87,,
TRX-Y3BSXRA3ATGEGM39B9FX,2026-04-19 03:27:26,2026-04-18,PRD-2X88RJ3B1I0H,CLI-0J5PNP2NJQU9,Purchase,Entertainment,45.62,USD,,POS,,Teatro Nacional,Entertainment,México,Guadalajara,Approved,00,False,28.61,-0.5377891,-0.9812717
TRX-EGJMXEJ33DLVXB9RE98G,2026-04-18 16:32:41,2026-04-18,PRD-5SE0EQ0NE92N,CLI-8TEOXSRLLU39,Payment,Services,320350.56,ARS,915.29,App,,,,Argentina,La Plata,Approved,00,False,18.85,,
TRX-FKXXD3G975WITGAJUMHW,2026-04-19 04:05:25,2026-04-18,PRD-85QU86FCO2WT,CLI-PBSD1NXUJLT6,Deposit,,324.53,USD,,Web,,,,México,Tijuana,Approved,00,False,,,
TRX-JTPWBWDBJNXUBX8ENTVK,2026-04-19 02:59:54,2026-04-18,PRD-86L3VNJEODJL,CLI-UZOH6IKW0VDE,Purchase,Entertainment,14.47,USD,,ATM,SUC-ECJP9AEQ,Conciertos Live,Entertainment,México,Puebla,Approved,00,False,24.36,-0.443274,0.7344274
TRX-1UXRDD9XBI79HSD2OKT1,2026-04-18 23:16:49,2026-04-18,PRD-EKIIS9ELCZ9Q,CLI-Q5FX8SK47GES,Transfer,,35512661.7,COP,8878.17,Web,,,,Colombia,Barranquilla,Approved,00,False,28.77,,
TRX-GJQY2WY5WAR1BWN7XNOZ,2026-04-19 05:50:11,2026-04-18,PRD-NLAWLNDJ3L78,CLI-JWDG405T2Z8W,Withdrawal,,119.16,USD,,ATM,SUC-1PSI5W5X,,,México,Guadalajara,Approved,00,False,17.94,-0.0554437,-0.4591576
TRX-HYDIH69E21KW051HP7W7,2026-04-18 23:33:28,2026-04-18,PRD-T5AN8YYXIZ6D,CLI-PZFKAMB51RPJ,Purchase,Services,303.42,USD,,ATM,SUC-UHIX6KQ4,Servicios Públicos,Services,México,,Approved,00,False,5.06,,
TRX-24M1U4JHC015K9Z6NUPB,2026-04-18 12:12:59,2026-04-18,PRD-CBQV63UVJC9L,CLI-CSHRE9WENULH,Transfer,,14875786.91,COP,3718.95,App,,,,Colombia,Cartagena,Approved,00,False,16.26,,
TRX-B3TZ7MTCNK7H02LVJJF1,2026-04-18 20:06:52,2026-04-18,PRD-BVFFXWO6SCLX,CLI-XORRGBL7KSHT,Purchase,Food,43395.63,ARS,123.99,ATM,SUC-2VHGDILI,Super Ahorro,Food,Argentina,Rosario,Approved,,False,9.13,-35.2640091,-57.5078926
TRX-44SCJ7QNWJ6RB7718O1J,2026-04-18 13:31:25,2026-04-18,PRD-0DCW8W9UQTUW,CLI-LEMURYG9D0CK,Deposit,,11579693.54,COP,2894.92,ATM,SUC-X57ITSKO,,,Colombia,Medellín,Approved,00,False,8.76,,
TRX-KLVVG35NMU661IZ2LRKR,2026-04-18 13:10:21,2026-04-18,PRD-6UOBHEW6CH5R,CLI-EG77XSFLBRLI,Transfer,,4578.12,USD,,App,,,,México,,Approved,00,False,15.21,,
TRX-HYHS9KV2U81AI258E5TN,2026-04-18 20:45:12,2026-04-18,PRD-1L8AXU2XCYRV,CLI-O1YYD5OV5SRE,Transfer,,4630.06,USD,,Web,,,,México,Puebla,Declined,14,False,4.6,,
TRX-JYZJTFQ181GJ7TM1W6R2,2026-04-18 16:01:21,2026-04-18,PRD-BMOJXSG52URF,CLI-74RS1S20IY7C,Transfer,,2081721.8,ARS,5947.78,Web,,,,Brazil,São Paulo,Approved,00,False,28.34,,
TRX-A5HDY8OLC3V2DIVAP022,2026-04-18 06:30:57,2026-04-18,PRD-YZ8QA1UI17GJ,CLI-1DZI5DCEE9S0,Withdrawal,,1590399.89,COP,397.6,Web,,,,Spain,Valencia,Approved,00,False,4.25,,
TRX-5DLLZ95XO8BK84KASNF1,2026-04-18 11:53:41,2026-04-18,PRD-18IHV8PCW8DR,CLI-M6KSI9P7S6AL,Deposit,,600376.85,ARS,1715.36,POS,,,,Argentina,Mendoza,Approved,00,False,,-35.4110738,-57.6686273
TRX-3DM31200M74S7FDH4TJC,2026-04-18 22:45:08,2026-04-18,PRD-6E5GKG04TRHA,CLI-I1Z4A7OG6AN6,Deposit,,11789307.25,COP,2947.33,ATM,SUC-IKK3G59W,,,Colombia,Barranquilla,Approved,00,False,27.72,,
TRX-N08XMDD5DEOAC0PTB12C,2026-04-18 19:27:06,2026-04-18,PRD-FR3ZBPI2VSWD,CLI-XEPP5BJ5Z5FJ,Transfer,,8518.2,USD,,App,,,,México,Ciudad de México,Approved,00,False,20.02,,
TRX-I69XCH0VT9NT9V9EXPSR,2026-04-18 18:57:53,2026-04-18,PRD-54H7A7YQR44P,CLI-VUZCONXVPX1F,Withdrawal,,297.23,USD,,Web,,,,México,Ciudad de México,Approved,00,False,11.59,,
TRX-PQ8OLABTQXJCB0163TK5,2026-04-18 17:02:16,2026-04-18,PRD-9TQ3KI2ZBXMV,CLI-DHNX594EFHAD,Withdrawal,,123.26,USD,,POS,,,,México,Querétaro,Approved,00,False,14.45,,
TRX-14D9RKEDUH2L3L3RQ5FQ,2026-04-18 07:09:13,2026-04-18,PRD-MHUFZYVYA6FV,CLI-T44O65H8IIH7,Purchase,Other,560193.0,COP,140.05,POS,,Ferretería,Other,Colombia,Cartagena,Approved,00,False,,4.7533043,-73.4912926
TRX-TF7ZN7U21HGZUP7SXUQB,2026-04-18 14:11:35,2026-04-18,PRD-E7HRO0MMMRDF,CLI-KKRGLKNM74NG,Deposit,,888388.49,ARS,,App,,,,Argentina,Rosario,Approved,00,False,7.72,,
TRX-SI2I7LLXY91E9BLTDQ9I,2026-04-18 11:23:56,2026-04-18,PRD-V3SFIDP1825E,CLI-WROU814NW4SF,Purchase,Food,130.14,USD,,ATM,SUC-337QKO7D,Mercado Central,Food,México,Tijuana,Approved,00,False,23.18,-0.1649292,-0.7244029
TRX-76NTL6JAG9FD2ANKLSI6,2026-04-18 16:16:47,2026-04-18,PRD-ZNISMTDSDG16,CLI-9SFRRHT39DJT,Deposit,,3071.21,USD,,POS,,,,México,Querétaro,Approved,00,False,,,
TRX-4N5EN9P65VAUAFN4213G,2026-04-19 00:53:00,2026-04-18,PRD-86HZKCV4N8FI,CLI-T0SY0GIQKWCV,Payment,Services,1407.23,USD,,POS,,,,México,,Approved,00,False,11.3,0.1258101,-0.781286
TRX-XKYD22LBSHDBYYO0933E,2026-04-18 11:52:33,2026-04-18,PRD-7J4MG7MWA7TN,CLI-9OO4XRDFN7O7,Adjustment,,523.35,USD,,ATM,SUC-LBPQUZ4D,,,México,Querétaro,Approved,00,False,25.55,0.1224443,-0.1868636
TRX-G27ZNK33E8UVVYLKMK6E,2026-04-18 17:57:54,2026-04-18,PRD-P98FGI1TN39F,CLI-U89IZYD9RNNR,Transfer,,20711128.89,COP,5177.78,POS,,,,Colombia,Medellín,Approved,00,False,12.17,,
TRX-NIW19IZZGEPEYTVLBF0J,2026-04-18 09:57:53,2026-04-18,PRD-4673ESB384NX,CLI-SWA8LE6AHGTW,Purchase,Other,46698.27,ARS,133.42,Web,,Centro Comercial,Other,Argentina,Córdoba,Approved,00,False,,,
TRX-YYRMBXECAZX8SQUVVE24,2026-04-18 21:04:17,2026-04-18,PRD-QJJW4STUS6VW,CLI-AGORPSJ9L4HO,Adjustment,,306.24,USD,,ATM,SUC-8HPG0AE8,,,México,Guadalajara,Approved,00,False,,,
TRX-1NL6QN1J60HZWZ0AUWIR,2026-04-19 05:30:00,2026-04-18,PRD-4OVPGMHW7OSN,CLI-K18XGBCCM996,Deposit,,3143.73,USD,,POS,,,,México,Ciudad de México,Approved,00,False,20.45,,
TRX-02Q7ZQXJTTICWKTGA4U1,2026-04-18 12:31:21,2026-04-18,PRD-DGFBH4WT30TX,CLI-KOQYNJ7DN2WX,Purchase,Other,312.18,USD,,POS,,Tienda General,Other,México,Querétaro,Approved,00,False,29.78,0.4389841,-0.1178433
TRX-7AMD6J6CPIJPLJYBKEE8,2026-04-18 18:01:16,2026-04-18,PRD-0WHSY08KQVKH,CLI-EU56DHYU1FH1,Deposit,,1839024.35,COP,459.76,POS,,,,Colombia,Cartagena,Approved,00,False,1.79,,
TRX-VG0SZUJX7VKJY2S1LTOD,2026-04-18 14:29:24,2026-04-18,PRD-5L0PE4HDI4BA,CLI-Y70XXNOY4BKJ,Purchase,Food,248.15,USD,,Transfer,,Super Ahorro,Food,México,Tijuana,Approved,00,False,,,
TRX-8GY1WZ2CXP4SRRL0MK6T,2026-04-19 00:23:28,2026-04-18,PRD-IWCJT1K9VDDO,CLI-9GYR2IFHJQ0Z,Deposit,,1537998.92,ARS,4394.28,ATM,SUC-ZSZKWMJL,,,Argentina,Mendoza,Approved,00,False,24.79,-33.7632533,-59.0500837
TRX-I9SKT4U812C0EMDNWQ1J,2026-04-18 13:52:12,2026-04-18,PRD-F7J3NZYA7PB5,CLI-3HP5WOKTMPS4,Withdrawal,,105.75,USD,,ATM,SUC-6V3PNVG9,,,México,Ciudad de México,Approved,00,False,14.96,-0.9420784,0.0296393
TRX-99L2RL88NY5VSM0S45PK,2026-04-18 10:10:41,2026-04-18,PRD-RN7RS5RCX3S9,CLI-XRNAGHZZZ44G,Adjustment,,1906774.77,COP,476.69,App,,,,Colombia,Barranquilla,Pending,54,False,14.55,,
TRX-KR8MY9MMSK8IJ46MDU0V,2026-04-18 17:36:18,2026-04-18,PRD-YQJKYERZ04B9,CLI-S3IS3UVLJH5X,Withdrawal,,76.7,USD,,ATM,SUC-552N76DP,,,México,Guadalajara,Declined,05,False,26.09,-0.8564717,0.8394489
TRX-Y0GQPIAZUFQGQ331NCHJ,2026-04-18 11:46:20,2026-04-18,PRD-OGU7MCS2B2DR,CLI-ZWEAC2GJLVFB,Transfer,,96322.6,ARS,275.21,POS,,,,Argentina,Buenos Aires,Approved,00,False,21.57,-33.8547562,-58.4103804
TRX-P1NZ9MU05EGHY2FC7YM3,2026-04-18 13:35:51,2026-04-18,PRD-EKRGZBRL9TNW,CLI-ZIAK78MFM6AK,Deposit,,1720966.45,ARS,4917.05,App,,,,Argentina,Rosario,Approved,,False,26.13,,
TRX-5GXMKP0G3VR1AHF8YMHW,2026-04-18 10:42:22,2026-04-18,PRD-QVJGJG51CAD2,CLI-UH35UES3ADLZ,Deposit,,3965.23,USD,,ATM,SUC-7SL55GEJ,,,México,Tijuana,Approved,,False,0.56,-0.0427976,0.8421766
TRX-E1M4CJ2G97Q243ZZMV1E,2026-04-18 14:39:56,2026-04-18,PRD-Q0ZPHIJWSI47,CLI-82F5C2W2PW7Z,Payment,Entertainment,5716716.18,COP,1429.18,App,,,,Colombia,Bogotá,Approved,00,False,20.53,,
TRX-JOSD0DCK4D5RU8NIUO1R,2026-04-18 18:39:04,2026-04-18,PRD-QQG3WBRUHR9B,CLI-OYD3SOBN3OGF,Purchase,Transport,1957905.79,COP,489.48,App,,Taxi Seguro,Transport,Colombia,Cali,Approved,00,False,26.42,,
TRX-N4B9DF757Z59DZDQAZ1U,2026-04-18 19:50:10,2026-04-18,PRD-3ZHFXHLMUPN6,CLI-3S6EF1QQK38M,Transfer,,6749.38,USD,,Web,,,,México,Ciudad de México,Approved,00,False,13.6,,
TRX-GMVGKSOPDYXNL5DMD80X,2026-04-18 07:49:08,2026-04-18,PRD-GACUD3ZIH8CM,CLI-AH2O13U09DXM,Transfer,,172.21,USD,,POS,,,,México,Puebla,Approved,00,False,28.56,,
TRX-7J3VYQA1MF6OPSTSXHFO,2026-04-19 05:54:49,2026-04-18,PRD-47BN0EEFP06M,CLI-ZV6ULKF0EB8B,Payment,Food,6326089.1,COP,1581.52,ATM,SUC-VZIGM714,,,Colombia,Barranquilla,Approved,00,False,9.0,,
TRX-OYRS8T1MU7WHNQZB4LRK,2026-04-18 22:44:18,2026-04-18,PRD-AR9VHARLWXCI,CLI-QTM2IY44VJ9D,Payment,Transport,479.79,USD,,POS,,,,México,Puebla,Approved,00,False,29.87,,
TRX-N2FAQBH0XIUJTHXS7FT9,2026-04-18 11:45:28,2026-04-18,PRD-EHJYV123RGQQ,CLI-KNZFGPFAHFH3,Withdrawal,,251.02,USD,,Transfer,,,,México,Tijuana,Approved,00,False,,,
TRX-GPCECMPD5G0AH22VUVWE,2026-04-19 05:20:37,2026-04-18,PRD-44H83EN90P6O,CLI-T285IQVEL1NY,Purchase,Food,378.6,USD,,App,,Tienda Don José,Food,México,Guadalajara,Approved,00,False,,,
TRX-PJCBHQSP0N3M1BW0HLK8,2026-04-18 21:44:25,2026-04-18,PRD-3V46FSR4GI16,CLI-M69P5JK0JJR0,Transfer,,6583.12,USD,,App,,,,Brazil,Brasília,Declined,54,False,20.94,,
TRX-X1QZJPH2RU37T79BKTCR,2026-04-18 19:14:47,2026-04-18,PRD-Q2MW0XDJ66UD,CLI-XNKXRMMOUQJN,Withdrawal,,25.73,USD,,ATM,SUC-FGQWMFNS,,,México,Tijuana,Approved,,False,2.82,,
TRX-XRB280AK8QCH35ZWDSJ2,2026-04-19 00:12:44,2026-04-18,PRD-4W0R78OWQC7E,CLI-IBUVVQVNVHG0,Deposit,,2234.05,USD,,App,,,,México,Monterrey,Approved,00,False,9.04,,
TRX-6QNHHNWJNC0MOMCNRR3S,2026-04-18 20:53:55,2026-04-18,PRD-0W5HU0MSXGJV,CLI-M8M8MT1R0X5D,Transfer,,1271.62,USD,,ATM,SUC-XT96PBC0,,,México,Puebla,Approved,00,False,8.5,0.3797387,-0.5890618
TRX-C2NN0DVXY5KHM3SPSH4A,2026-04-18 20:03:59,2026-04-18,PRD-VF78KTIHSHUI,CLI-2QNYXN2TZA1G,Withdrawal,,77.14,USD,,App,,,,México,Tijuana,Approved,00,False,0.1,,
TRX-HVWF79ZS2HZV5MCEII1Q,2026-04-18 17:49:57,2026-04-18,PRD-VFKH5GMTGW06,CLI-KCHS8KB0RY04,Transfer,,502117.3,ARS,1434.62,Web,,,,Argentina,Rosario,Approved,,False,2.86,,
TRX-N6GBVAFMFP7KC2A9OR0A,2026-04-18 18:08:34,2026-04-18,PRD-V9QZCTWFQUV0,CLI-PHI87CELZBLD,Purchase,Health,483.02,USD,,App,,Clínica Médica,Health,México,Querétaro,Approved,00,False,0.83,,
TRX-BTUXECGHHEC258I597QS,2026-04-18 19:53:54,2026-04-18,PRD-2BPWLTTXLOEZ,CLI-P1L0W0J1XOSF,Transfer,,15171469.35,COP,3792.87,ATM,SUC-4IFX1CUR,,,Colombia,Bogotá,Declined,14,False,26.63,5.6711692,-74.7114029
TRX-TEJ65UB6Z5FQSY8ISU2T,2026-04-18 09:11:53,2026-04-18,PRD-AWQP2UNQDJWK,CLI-6J7I1R8SBKB5,Purchase,Services,456.61,USD,,POS,,Servicios Públicos,Services,Colombia,Bogotá,Approved,00,False,0.66,,
TRX-2HBVOVDDDCIN10FBLF2G,2026-04-19 03:46:08,2026-04-18,PRD-NBWRSMOVT20E,CLI-TCI7BAH0721R,Withdrawal,,1508224.23,COP,377.06,ATM,,,,Colombia,Cali,Approved,00,False,22.62,,
TRX-M2CLA017AS4V457KMLX8,2026-04-18 14:40:19,2026-04-18,PRD-Z75EEYR61DVL,CLI-GH0GKZW747JG,Deposit,,10533477.36,COP,2633.37,ATM,SUC-Q56PLH2J,,,Colombia,Barranquilla,Approved,00,False,9.99,4.5943197,-73.3411878
TRX-MT27U1K6M6HSVYJUB0BV,2026-04-19 05:16:37,2026-04-18,PRD-GGPC4CZHDAFR,CLI-PYFLB2YMP46Y,Deposit,,349.52,USD,,App,,,,México,Tijuana,Approved,00,False,,,
TRX-PZ0C6MGJA85QD5WPTSUK,2026-04-18 16:43:28,2026-04-18,PRD-VQF97CM3VYPL,CLI-RA6740XJZTFE,Payment,Food,556628.86,ARS,1590.37,App,,,,Argentina,Rosario,Approved,00,False,11.85,,
TRX-6SP4H04BRXAOAYX7LDFN,2026-04-18 12:55:05,2026-04-18,PRD-U9HIMR8RCM9J,CLI-0JZRNOD0JVXG,Transfer,,26541103.06,COP,6635.28,POS,,,,Colombia,Cali,Approved,00,False,5.7,,
TRX-K7I5XTSCOPATAKH2QKN5,2026-04-18 16:39:38,2026-04-18,PRD-JM1BI524B0QW,CLI-RM7VR50YJHMV,Purchase,Entertainment,66713.49,ARS,190.61,ATM,SUC-ISVYMZP9,Teatro Nacional,,Argentina,La Plata,Approved,00,False,,,
TRX-CB5907JYBVFGY3XS4DQ8,2026-04-18 17:36:40,2026-04-18,PRD-2FJHC8420D9M,CLI-3ERRVTTAUA0Q,Withdrawal,,258.35,USD,,POS,,,,México,Guadalajara,Approved,00,False,7.32,,
TRX-2L7IIM0JQ0PMZ5EH4XH8,2026-04-18 13:22:19,2026-04-18,PRD-6OGXVVWLKY8B,CLI-PLKRHTT4284M,Purchase,Food,1513749.01,COP,378.44,App,,Mercado Central,Food,Colombia,Bogotá,Approved,00,False,7.75,,
TRX-152QPS7A70NTRA3Z131M,2026-04-18 19:51:46,2026-04-18,PRD-EPFA8TNV2CXV,CLI-R6W2DLXQF5VA,Purchase,Food,245.96,USD,,POS,,Tienda Don José,Food,México,Ciudad de México,Approved,00,False,,,
TRX-8LYQV7WXZ3TTUJ057UCO,2026-04-18 17:53:38,2026-04-18,PRD-VACD4LKEFMO4,CLI-K2INM0AFMSHG,Payment,,7916288.46,COP,1979.07,App,,,,Colombia,Bogotá,Approved,00,False,22.8,,
TRX-KLLAAY8J4CWR1AR3ALUZ,2026-04-18 15:57:33,2026-04-18,PRD-6EA59VEQZ236,CLI-VMLOVK7MH4LJ,Transfer,,774.83,USD,,ATM,SUC-P92DIW6S,,,México,Ciudad de México,Approved,00,False,17.35,,
TRX-DCMTWDA0OUK1ING8XQXJ,2026-04-18 21:02:25,2026-04-18,PRD-H1YHWTGKIK2Y,CLI-NLQP15MQES4C,Transfer,,9382.74,USD,,ATM,SUC-PFXHRCSW,,,México,Guadalajara,Approved,00,False,20.11,-0.2585142,-0.4009377
TRX-JJCI8CX6JH6MCOSX1MDN,2026-04-18 21:57:01,2026-04-18,PRD-DMZMM79JKAVP,CLI-D3882JY0MGGB,Transfer,,525481.21,ARS,1501.37,Web,,,,Argentina,Buenos Aires,Approved,00,False,8.7,,
TRX-U2R55IFE74RCV1AD2IHL,2026-04-18 16:52:01,2026-04-18,PRD-46C5M3L9SD6R,CLI-X08A7OBY45I7,Withdrawal,,132602.27,ARS,378.86,Web,,,,Argentina,Rosario,Approved,00,False,22.3,,
TRX-BTRER7DV79TQNGZSWRPL,2026-04-18 20:23:06,2026-04-18,PRD-YMAMBGBEB8O8,CLI-FGWC400S4YYP,Purchase,Food,402.49,USD,,App,,Tienda Don José,Food,México,Querétaro,Approved,00,False,0.35,,
TRX-MYZKWLFRZ6ZUXPOY5K9T,2026-04-18 10:39:53,2026-04-18,PRD-66MDI84A7FS1,CLI-SZM3LRP06W3M,Transfer,,2792.54,USD,,App,,,,Colombia,Cali,Approved,00,False,12.21,,
TRX-IPBEZEGG32OS6Q0ZKSV1,2026-04-19 02:33:14,2026-04-18,PRD-3INTW4UFZ9R2,CLI-YLG91CRRHRWQ,Adjustment,,2313936.16,COP,578.48,POS,,,,Colombia,Medellín,Approved,,False,5.82,,
TRX-9CKQ9XDQKZNP7MX3PF7W,2026-04-18 09:19:24,2026-04-18,PRD-MW2E9DSNAI9S,CLI-5Y5N9YF1A1FW,Purchase,Other,138.9,USD,,App,,Boutique Moda,Other,México,Ciudad de México,Approved,,False,21.53,,
TRX-5SNKJ5T9E4SWD68HGS54,2026-04-18 16:55:40,2026-04-18,PRD-GUUUWFZDRY1K,CLI-RLO95K0K93UT,Purchase,Transport,61.97,USD,,ATM,SUC-7G8CGE3F,Estación de Servicio,Transport,México,Tijuana,Approved,00,False,7.23,,
TRX-FC8IG8B8ZQ2E03DUYV4R,2026-04-19 04:13:52,2026-04-18,PRD-BIJAWERZ63P7,CLI-KQUKIGD992DT,Transfer,,8560.91,USD,,Web,,,,México,Guadalajara,Approved,00,False,,,
TRX-NZX9QDPFNM7QN184USQD,2026-04-19 01:49:00,2026-04-18,PRD-VBS4Y6K3HCWD,CLI-BLJAW98SGY2M,Withdrawal,,493820.54,COP,123.46,POS,,,,Colombia,Bogotá,Approved,00,False,3.3,,
TRX-WWZ6L7ZRVBARKHKAI3D0,2026-04-18 06:54:32,2026-04-18,PRD-EVHO013ZS7YK,CLI-3AX21HFO65PG,Purchase,Other,276.7,USD,,POS,,,Other,México,Tijuana,Approved,00,False,12.74,,
TRX-Y2L7CDQDWQYWQL9038AA,2026-04-18 21:35:17,2026-04-18,PRD-O2CPPTCVNZK8,CLI-OSE0DOCEDSEO,Withdrawal,,163.26,USD,,Web,,,,Argentina,Córdoba,Approved,00,False,,,
TRX-L00SRK3940RA5AMGQZ9C,2026-04-18 23:28:01,2026-04-18,PRD-W7E3SR7D3W14,CLI-LCBBH2V4I0L3,Withdrawal,,149.09,USD,,App,,,,México,Puebla,Approved,00,False,11.03,,
TRX-Z0ZPM68ZBT71S58P23ZP,2026-04-18 11:09:09,2026-04-18,PRD-SM9TMT1GRKT1,CLI-YUVL9N8IYDL9,Payment,Services,2030717.55,COP,507.68,App,,,,Colombia,Bogotá,Approved,00,False,,,
TRX-RWM3ELGLXOV7LUKMR2SR,2026-04-18 22:23:53,2026-04-18,PRD-BJ3EB2X82YJ2,CLI-3L4U46AOXOW8,Withdrawal,,164371.65,ARS,,POS,,,,Argentina,Buenos Aires,Approved,,False,3.41,,
TRX-9NGN7SVHB8TGOUJKBORB,2026-04-18 07:27:15,2026-04-18,PRD-5DM7TES46RBX,CLI-7M6XW8IR226U,Deposit,,1806.85,USD,,POS,,,,México,Tijuana,Approved,00,False,17.77,0.3614318,-0.6528806
TRX-2WUJ4O03GJVBKM184DZN,2026-04-18 18:17:09,2026-04-18,PRD-XUGW5X87LYXP,CLI-INANP662X4NF,Purchase,Other,252.53,USD,,POS,,,Other,Brazil,Salvador,Approved,00,False,18.17,,
TRX-XVIK12E2RUP4NU9FX26E,2026-04-18 20:50:58,2026-04-18,PRD-GK0LWQJ417PF,CLI-F259QIQ3QZ6L,Payment,,751611.31,COP,187.9,POS,,,,Colombia,Bogotá,Approved,00,False,,4.3578112,-74.5313448
TRX-VJ54C8S9O1JTLFFS12KU,2026-04-18 16:40:58,2026-04-18,PRD-TJJMTFCWHDNE,CLI-I2HCFNBA2GL5,Payment,Services,1189.31,USD,,App,,,,México,Tijuana,Approved,,False,15.46,,
TRX-ANA5OTLT2DSIROO3K84G,2026-04-18 15:10:52,2026-04-18,PRD-ZH9CQVWJCPVS,CLI-0P26ZF8XQVI0,Transfer,,7372.27,USD,,POS,,,,Argentina,Buenos Aires,Approved,00,False,11.95,,
TRX-R6AEL5M1V373KYDFALSV,2026-04-18 22:14:38,2026-04-18,PRD-W1B7YE0360A3,CLI-IRXFEIWECAG6,Deposit,,1724.35,USD,,App,,,,México,Puebla,Approved,00,False,,,
TRX-LC9THBG2DPE6OTSNEP2T,2026-04-19 05:30:26,2026-04-18,PRD-L0BNTP7LSO9C,CLI-56SF6FPXC485,Deposit,,4983.5,USD,,App,,,,México,Monterrey,Approved,00,False,,,
TRX-VYP4SHVFLN8B59RAE667,2026-04-18 07:17:27,2026-04-18,PRD-6LPKGKZ94WZ7,CLI-XFB8T2UIHQZF,Purchase,Other,247.87,USD,,POS,,Boutique Moda,Other,México,Puebla,Approved,00,False,12.53,0.8311158,-0.034971
TRX-F06G4BK73ZUVH5GR7PQH,2026-04-18 13:53:05,2026-04-18,PRD-KM8PS5P1JIOJ,CLI-EE03LHY87E9O,Transfer,,18748073.72,COP,4687.02,Branch,SUC-UJA1ZE8Q,,,Colombia,Bogotá,Declined,54,False,6.65,4.3211395,-74.6206948
TRX-AXCGKLQM237SJ8XA2PAG,2026-04-19 01:33:38,2026-04-18,PRD-5LEESHMW3UWL,CLI-DGVU7MTHBNQR,Transfer,,3560670.23,COP,890.17,POS,,,,Colombia,,Approved,00,False,,,
TRX-L2TTEHUO1F5BVX0C52QC,2026-04-18 17:09:27,2026-04-18,PRD-O8A85CHQBTD2,CLI-TQ4AWX5XR2C4,Transfer,,11670399.7,COP,2917.6,POS,,,,Colombia,Cartagena,Approved,00,False,28.02,,
TRX-GAN0P0BF8T03LV3TUTV5,2026-04-18 23:06:11,2026-04-18,PRD-97RX9E2C2RUY,CLI-GKHO7YAE1715,Purchase,Transport,139087.11,ARS,397.39,ATM,SUC-5S93Z8YS,Taxi Seguro,Transport,Argentina,Mendoza,Approved,00,False,27.08,,
TRX-4HUM33GZL417ZHL5X8Z2,2026-04-18 09:59:06,2026-04-18,PRD-X3PHPD6L7A4S,CLI-C4324GN5DW24,Payment,Other,1927.69,USD,,POS,,,,México,,Approved,00,False,,,
TRX-JEH9A50AY95P0AIWCNFM,2026-04-18 21:15:37,2026-04-18,PRD-Q3CU3G4GHGYN,CLI-BF16QGNW7HW2,Transfer,,37424712.76,COP,9356.18,POS,,,,Colombia,Medellín,Approved,00,False,29.84,,
TRX-16UBVL1IS3PAI0KNNOQN,2026-04-19 02:10:40,2026-04-18,PRD-V8RSGXCV2WVC,CLI-GYOSU9LE261Q,Purchase,Food,15.17,USD,,Web,,Tienda Don José,Food,Argentina,Córdoba,Approved,00,False,,,
TRX-4CZXLFJHU3KZTL9Z2CBY,2026-04-18 16:51:23,2026-04-18,PRD-ZI43S4FF7326,CLI-JKGGCW1X7N2I,Withdrawal,,169961.15,ARS,485.6,App,,,,Argentina,Rosario,Declined,14,False,7.86,,
TRX-TPUZJNZV9JMJZTVU4M99,2026-04-18 08:43:52,2026-04-18,PRD-4NFSF5414HMK,CLI-IHXMNQUWMBA8,Payment,Services,114.07,USD,,Web,,,,México,Querétaro,Approved,00,False,9.06,,
TRX-CKFN4FQL3RM0HLDEYAU4,2026-04-19 04:05:14,2026-04-18,PRD-BF8KKKNM68M1,CLI-56O7L1WOF71U,Transfer,,2907.94,USD,,POS,,,,México,Guadalajara,Approved,00,False,,,
TRX-F24PAR73FCJJXQL7T3XU,2026-04-19 02:02:37,2026-04-18,PRD-0FNQXFR2QUBZ,CLI-8GKAPD5CIIRU,Payment,Food,1791.01,USD,,App,,,,México,,Approved,00,False,,,
TRX-4QR2WFCJ977XNR7KZHWV,2026-04-19 02:55:14,2026-04-18,PRD-C3IRRGWY6ZZ2,CLI-O4469KZJWBLN,Transfer,,15395967.72,COP,3848.99,Web,,,,Colombia,Cali,Approved,00,False,11.12,,
TRX-AXHB55HKOKGQXXCCELJ6,2026-04-18 21:42:15,2026-04-18,PRD-UCIFXYWHYKPI,CLI-ZD8VNCGNH8OH,Purchase,Health,1564660.67,COP,391.17,POS,,Farmacia Salud,Health,Colombia,Barranquilla,Approved,00,False,0.47,4.4705071,-74.9823989
TRX-AT3V4M31H62DTKIPWZSW,2026-04-18 18:58:02,2026-04-18,PRD-DI7AYEVL3J9Z,CLI-S02EJV148V8P,Withdrawal,,123.68,USD,,POS,,,,México,Ciudad de México,Approved,00,False,20.34,,
TRX-CFVR044Y9SV4COS6233B,2026-04-18 20:19:01,2026-04-18,PRD-9GTX4F023KYV,CLI-GXD2YV4U4ZE4,Payment,Food,616.81,USD,,ATM,SUC-12NKB9OB,,,México,Tijuana,Approved,00,False,26.47,,
TRX-OLOWIIKY89FLCXKAZ9JA,2026-04-19 04:27:32,2026-04-18,PRD-A51M37X7KIR2,CLI-VFUZ5W5W6DTZ,Purchase,Health,93.58,USD,,ATM,SUC-I3D08YZO,Laboratorio Central,Health,México,,Approved,00,False,6.76,,
TRX-FCUJG1OIMCSHKHXMMYOX,2026-04-18 14:11:11,2026-04-18,PRD-LPME32B3K0U0,CLI-M8KC8GPKI82G,Withdrawal,,1294773.51,COP,323.69,POS,,,,Colombia,,Approved,,False,23.09,,
TRX-KWQUZFK9R2IH0F9TMOQ2,2026-04-19 04:04:28,2026-04-18,PRD-5OVLL637QP43,CLI-VGAMZXIQ6SW0,Purchase,,1294127.56,COP,323.53,Web,,Empresa Telefónica,Services,Colombia,Medellín,Approved,00,False,,,
TRX-L0OR3LO7HGN5VYA97O1Z,2026-04-19 02:40:40,2026-04-18,PRD-EU358OGHPQUP,CLI-VOB0BM8FYDPC,Transfer,,7596.79,USD,,ATM,SUC-1AT6YUKJ,,,México,Tijuana,Approved,00,False,27.35,,
TRX-AA4T0FCZ5SSHJMTEU8G9,2026-04-18 10:15:52,2026-04-18,PRD-0BK94632628Q,CLI-7H0Y44YLCSOW,Payment,Health,206.25,USD,,Branch,SUC-3DCC91G4,,,México,Tijuana,Approved,00,False,26.01,0.3670029,-0.4034208
TRX-OCGQWPXM4VQBOCQ8SIOB,2026-04-19 04:17:14,2026-04-18,PRD-XUOBUH0JGVF5,CLI-7R1B4IR3ZSID,Purchase,Food,354.05,USD,,POS,,Super Ahorro,Food,México,Ciudad de México,Approved,00,False,13.39,,
TRX-AY2CLMZXRARDQX8SM9V4,2026-04-18 11:37:43,2026-04-18,PRD-WABUD7KKWFXT,CLI-97QAWPFCNGQK,Payment,Entertainment,1977.47,USD,,POS,,,,México,Monterrey,Approved,00,False,12.52,-0.900199,-0.0997869
TRX-5IE1IBK9V5NQYYEJ1CSG,2026-04-18 23:59:33,2026-04-18,PRD-4WCYZZS5AGLX,CLI-AS2O4K4OUYUD,Purchase,Other,504495.08,COP,,Web,,Boutique Moda,Other,Colombia,,Approved,00,False,17.64,,
TRX-JCPILYLB38ELJFV7N3MY,2026-04-18 23:13:00,2026-04-18,PRD-M9SXQ0ELAPYB,CLI-89HQSS143L1S,Withdrawal,,118.91,USD,,POS,,,,México,Puebla,Approved,00,False,10.94,0.7202373,0.6930641
TRX-DKHHIFIFUH8D2VRWJU3T,2026-04-18 09:25:26,2026-04-18,PRD-PDZKXRIU7LEH,CLI-NIZ9GE9V3HWB,Purchase,Health,208.09,USD,,POS,,Farmacia Salud,Health,México,,Approved,00,False,15.6,,
TRX-PKKK80SOO35YED0UMHEH,2026-04-18 08:55:11,2026-04-18,PRD-OIXO2ZICDL81,CLI-JQ7730RWESG7,Payment,Entertainment,1516.4,USD,,Web,,,,USA,Los Angeles,Approved,00,False,7.62,,
TRX-XR7XTI6C6M665U7O8AOS,2026-04-19 00:06:13,2026-04-18,PRD-KEUVLEXTG1N2,CLI-ZDKYZ0CQJL1U,Purchase,Services,236.89,USD,,ATM,SUC-R1MU0X5G,Internet Plus,Services,México,Guadalajara,Approved,00,False,14.37,,
TRX-FDS472DE1K86ZDEM3HCR,2026-04-18 08:02:34,2026-04-18,PRD-2HS3FB4US4WW,CLI-9RT21TND1QTI,Deposit,,1155.45,USD,,Branch,SUC-7G8CGE3F,,,México,Monterrey,Approved,00,False,,,
TRX-USWYBGG6S28HM0V9KB7Q,2026-04-18 16:19:58,2026-04-18,PRD-HWY2WS5HBLBQ,CLI-1U32HTT146F6,Withdrawal,,240.15,USD,,Transfer,,,,México,Monterrey,Approved,00,False,,,
TRX-FTAUP7TVDB1UVKYGWUTX,2026-04-18 19:10:18,2026-04-18,PRD-DZLTO5290RPF,CLI-PHJF37W9X9AQ,Transfer,,399.43,USD,,POS,,,,México,Tijuana,Approved,00,False,,,
TRX-9DAVPP1IYGA0PDZ5LRC0,2026-04-18 13:57:00,2026-04-18,PRD-BABG6B2ONKDG,CLI-0U9ZVLV4O33Z,Deposit,,4880.29,USD,,App,,,,México,Ciudad de México,Approved,00,False,2.25,,
TRX-SRQPO0ZBXJ6EVFQU5OLN,2026-04-18 20:16:07,2026-04-18,PRD-U8G78TL9NA4X,CLI-DZB0MMMML8O2,Payment,Services,1911.23,USD,,App,,,,México,Guadalajara,Approved,00,False,4.65,,
TRX-ZKRQKN82U8Z6R6PKQSF8,2026-04-18 16:58:54,2026-04-18,PRD-7U2KWO9QOBBO,CLI-ZVY9MELF6ADK,Withdrawal,,67655.39,ARS,193.3,Branch,SUC-5YFUX3Z6,,,Argentina,La Plata,Approved,,False,10.21,,
TRX-OVBYF9CB2UQFGPKQMEM3,2026-04-18 11:46:15,2026-04-18,PRD-SSVJWNHVU5X4,CLI-T9OK4WQAK7U8,Withdrawal,,60165.66,ARS,171.9,POS,,,,Argentina,Mendoza,Approved,00,False,0.08,-34.8104325,-58.6347421
TRX-RZZKBU6KOHPPP8P9JH1D,2026-04-19 00:07:05,2026-04-18,PRD-13ED55VBG0KI,CLI-G6VYURSPCO3M,Deposit,,2948.67,USD,,App,,,,México,Querétaro,Approved,00,False,,,
TRX-EA2DGLVN1U8NB8U9RI1E,2026-04-19 00:42:45,2026-04-18,PRD-C9P1HKOKYSWX,CLI-ISQHYU2OB55C,Withdrawal,,213.47,USD,,Web,,,,México,,Approved,00,False,13.15,,
TRX-KTF3S8DY5YZZHAQ6BSUZ,2026-04-18 23:08:00,2026-04-18,PRD-JG8VMN03N2JW,CLI-6OSAAJBUJUQH,Deposit,,2624.87,USD,,Web,,,,México,,Approved,00,False,12.29,,
TRX-AZVT6HL0R3TXN7A2VDM9,2026-04-18 11:19:12,2026-04-18,PRD-AEHCGU6R44WL,CLI-M6PHVCABTE3S,Purchase,Services,1158970.62,COP,,App,,Servicios Públicos,Services,Mexico,Guadalajara,Approved,00,False,29.05,,
TRX-BH73S71A1OZ9K8YUKHOH,2026-04-18 12:54:50,2026-04-18,PRD-EK7CFGFK13JQ,CLI-3VO66U876T73,Payment,Transport,873.46,USD,,ATM,SUC-F61XHTE2,,,México,Puebla,Approved,00,False,7.33,,
TRX-ITB4O8R4RHZSMBUWE9NC,2026-04-18 19:06:32,2026-04-18,PRD-3ZFI86NXRJOJ,CLI-XBHHYPZ4HBVD,Deposit,,3570057.49,COP,892.51,POS,,,,Colombia,Cali,Approved,00,False,16.65,5.2462454,-74.8529998
TRX-RMSSH77J53U18OC9N1C5,2026-04-18 19:34:33,2026-04-18,PRD-I1TT45FVGDJ2,CLI-215YTYMNN9OT,Purchase,Other,268.27,USD,,ATM,SUC-HWG24EKK,Boutique Moda,Other,México,Monterrey,Approved,00,False,18.74,,
TRX-LGGKC5JLKC2I0WSFWFPZ,2026-04-18 16:00:57,2026-04-18,PRD-1PB52U4JTJS6,CLI-TXJ9Y8DP8WKF,Transfer,,38635333.92,COP,,App,,,,Colombia,Barranquilla,Approved,00,False,26.61,,
TRX-M3X752QTYE5OHRHYLQD4,2026-04-19 01:53:38,2026-04-18,PRD-J8D57Y8ZM8OZ,CLI-7DJSKLF2KYP7,Purchase,Entertainment,1886781.97,COP,471.7,App,,Streaming Music,Entertainment,Colombia,Cartagena,Approved,00,False,7.46,,
TRX-YSA4KRZBMAFFWS9CDI3L,2026-04-19 05:40:11,2026-04-18,PRD-JOFAW95AKZ61,CLI-D07B6ZCJMTVH,Adjustment,,875.44,USD,,POS,,,,México,Guadalajara,Approved,00,False,24.42,0.7720824,0.4599926
TRX-0BOO2R8NI8B9ZBSII14Z,2026-04-18 09:42:55,2026-04-18,PRD-86ITLPWAE2TZ,CLI-8WLD2QZLA360,Deposit,,533269.94,ARS,1523.63,ATM,SUC-39R34AY6,,,Argentina,Buenos Aires,Approved,00,False,7.22,,
TRX-LZW2D1W9B7KJCNP0EWLN,2026-04-19 04:04:42,2026-04-18,PRD-S17VGYGZQN7J,CLI-LNLT6AFHDC77,Purchase,Food,86.23,USD,,ATM,SUC-F1BZEJXJ,Mercado Central,Food,México,Guadalajara,Approved,00,False,3.05,0.0426332,-0.6027824
TRX-XAYANZZV3X60RQTKSNYU,2026-04-18 15:47:27,2026-04-18,PRD-4GBG545PSD3U,CLI-H9OPK6ZB7Z3G,Purchase,Food,73688.19,ARS,210.54,App,,Tienda Don José,Food,Argentina,Córdoba,Approved,00,False,,,
TRX-ZFF5YG2V0M248CIJPKHL,2026-04-18 17:29:21,2026-04-18,PRD-0AFQ814N9DUZ,CLI-364FJVOCTUQ7,Purchase,Entertainment,1060723.55,COP,265.18,ATM,SUC-H9U13579,Teatro Nacional,Entertainment,Colombia,Barranquilla,Approved,00,False,0.24,,
TRX-3EEXBUQHFJV057NFJIOU,2026-04-18 21:05:44,2026-04-18,PRD-7LR1WCGXWQ15,CLI-7DEK6WJE4KYI,Withdrawal,,1085018.64,COP,271.25,ATM,SUC-X57ITSKO,,,Colombia,Bogotá,Declined,51,False,25.42,,
TRX-XNYHZN1GDMVDEFJLA1SD,2026-04-18 17:02:41,2026-04-18,PRD-XT5AT7R7MOPA,CLI-R32C1W2NP39I,Purchase,Transport,289.88,USD,,App,,Taxi Seguro,Transport,México,Guadalajara,Approved,00,False,5.31,,
TRX-9NG3LDLK00I2237CCQ53,2026-04-18 14:47:14,2026-04-18,PRD-FAJTID7ARB38,CLI-AESFAZET9PKN,Payment,Services,1824.88,USD,,App,,,,México,Guadalajara,Approved,00,False,4.38,,
TRX-CWJHZ5XUDG0RYYQ8DBO8,2026-04-18 23:42:18,2026-04-18,PRD-ZWQJW6F7RM90,CLI-GFKYLQPKW7MG,Withdrawal,,117718.37,COP,29.43,ATM,SUC-2LW7L4Y3,,,Colombia,Bogotá,Approved,00,False,29.52,,
TRX-9S5FRUMGTSIYG25NG3SB,2026-04-19 04:43:55,2026-04-18,PRD-EI09V819H6O1,CLI-CWWPDD6WHP23,Purchase,Transport,15373.08,ARS,43.92,ATM,SUC-7L3EZA71,Gasolinera Express,Transport,Argentina,Mendoza,Approved,00,False,15.33,,
TRX-E2QQ23GRHM32BV4KE9OF,2026-04-18 10:07:02,2026-04-18,PRD-OU5L9LGGNWM5,CLI-LD26XDGD47UF,Withdrawal,,173708.63,ARS,496.31,Branch,SUC-7TUK3JBL,,,Argentina,Mendoza,Approved,00,False,9.25,,
TRX-M41UJ2860AXYDDZBA8PE,2026-04-18 09:39:41,2026-04-18,PRD-YXOQQZBGI319,CLI-GYI8QZF9ZN2B,Transfer,,9037.74,USD,,App,,,,México,Ciudad de México,Approved,00,False,2.07,,
TRX-WL6RVJ0GBEY42T3SGD9C,2026-04-19 04:10:35,2026-04-18,PRD-XQ0VNMW36LD9,CLI-W9N520RQN47X,Purchase,Other,742991.22,COP,185.75,Web,,Boutique Moda,,Colombia,Bogotá,Approved,00,False,8.25,,
TRX-TW6RMLZCVCZW056DAFOX,2026-04-19 05:46:40,2026-04-18,PRD-Y46TB2C4UT1B,CLI-HJ75IH53VRG7,Deposit,,2233099.29,COP,558.27,POS,,,,Colombia,Barranquilla,Approved,00,False,14.04,,
TRX-2BUP7J0EQ3XK6U4V20P5,2026-04-18 10:23:34,2026-04-18,PRD-DN8ICZBSE4EF,CLI-GI3UJXV2F9FH,Deposit,,1234.74,USD,,ATM,SUC-PJ6NDQ6K,,,México,Guadalajara,Approved,00,False,18.62,0.6778427,-0.4610023
TRX-41Z1PTILM2ZU1UIJH5K4,2026-04-18 09:00:38,2026-04-18,PRD-27PS5FR8W4HI,CLI-32BPHGP2SI4B,Withdrawal,,327.97,USD,,POS,,,,México,Ciudad de México,Reversed,05,False,11.66,0.9268629,
TRX-212TK0TTHR5CPYS8YRHU,2026-04-18 07:31:11,2026-04-18,PRD-NY6VBB812LFE,CLI-PYFLB2YMP46Y,Transfer,,4903.69,USD,,App,,,,México,Tijuana,Approved,00,False,10.35,,
TRX-DVGGP5HQ4B1XGP5F42MH,2026-04-19 02:30:12,2026-04-18,PRD-97E6TJW05DN0,CLI-WPZJKG8NCMH1,Payment,Food,393.95,USD,,POS,,,,México,Monterrey,Approved,00,False,24.98,,
TRX-NV23B1EO80WODWMTMLHW,2026-04-18 18:17:07,2026-04-18,PRD-B772XSF8TC2W,CLI-KA68K6OX3JQ6,Purchase,Services,208.94,USD,,ATM,SUC-7TVQFT2O,Empresa Telefónica,Services,México,Querétaro,Approved,,False,,,
TRX-PK3I5PBOY8YMF3TYX383,2026-04-19 00:24:30,2026-04-18,PRD-NT89VCMTQF3X,CLI-R57AX9QDWIJ3,Payment,Transport,693.36,USD,,POS,,,,México,Puebla,Pending,54,False,,,
TRX-CDLMFSVRWUSFQ4GQZKMD,2026-04-19 03:57:18,2026-04-18,PRD-KLV66O9Z25LX,CLI-3M0X3R03A1RO,Withdrawal,,419.88,USD,,POS,,,,Colombia,,Approved,00,False,2.53,,
TRX-YKV5K80QT4U46VPB1DIQ,2026-04-18 17:45:13,2026-04-18,PRD-L0HZ3NG7FP0X,CLI-AW62MVVZ592U,Purchase,Health,92.46,USD,,POS,,Óptica Visión,Health,México,Ciudad de México,Approved,00,False,5.97,,
TRX-U6EPKZ95S58H5MY5XIWR,2026-04-19 00:45:53,2026-04-18,PRD-9QSZABAHGAHI,CLI-QKBD85A9IKT5,Withdrawal,,292.5,USD,,POS,,,,México,Puebla,Approved,,False,11.88,,
TRX-ZC8JXLA1X8ORN8B7QIQ7,2026-04-18 21:57:56,2026-04-18,PRD-7S5ZAHF6578F,CLI-BFC1LY1R0YMB,Purchase,Services,268.37,USD,,ATM,SUC-JGJN78RV,,Services,México,Guadalajara,Approved,00,False,6.37,,
TRX-2FO383H7B4DSQ4AMG8WN,2026-04-18 11:26:16,2026-04-18,PRD-D5VJ17URX2Z5,CLI-AFI2SD5L83P7,Payment,Food,435116.99,ARS,1243.19,POS,,,,Argentina,Rosario,Approved,00,False,22.36,,
TRX-4EFPLKP1CSMQE5OSNY67,2026-04-18 23:05:38,2026-04-18,PRD-YD94KA7QKI75,CLI-SF245XL0GRZL,Deposit,,4056335.98,COP,1014.08,App,,,,Colombia,Cartagena,Declined,14,False,,,
TRX-3A2DIGXB2OE4WEETYLHI,2026-04-18 20:44:50,2026-04-18,PRD-L8NT2DPO2H50,CLI-W1C46WR8NSTO,Deposit,,140.38,USD,,Web,,,,México,Guadalajara,Approved,00,False,8.4,,
TRX-7Z3JU9CBZOQWX6JPM32Z,2026-04-19 00:45:00,2026-04-18,PRD-2WQFADXSNNND,CLI-FIK5LZCB1M6V,Deposit,,2012.98,USD,,POS,,,,México,Querétaro,Approved,,False,,,
TRX-MYMLDT5C2ZFQB376VP4L,2026-04-18 10:05:56,2026-04-18,PRD-C0CR2FEV29S7,CLI-Z1DGTROIS9IF,Withdrawal,,270.62,USD,,POS,,,,México,Ciudad de México,Approved,00,False,,-0.5805404,-0.4559389
TRX-OQ6S7R54XVCXANCW90V0,2026-04-18 22:50:03,2026-04-18,PRD-06SZ5QW5JOGR,CLI-1G76H1XON5OC,Withdrawal,,104.61,USD,,ATM,SUC-I4AA1FSG,,,México,Tijuana,Approved,,False,,-0.2251682,-0.873727
TRX-AOHEA1LJVPXZKJZDMQNK,2026-04-18 08:49:10,2026-04-18,PRD-B5G9U4CU8VNM,CLI-L27W1WFOTH3J,Withdrawal,,254.24,USD,,ATM,SUC-ISPO1DES,,,México,Guadalajara,Approved,00,False,,,
TRX-T8W1S8O7P410HHUW8VQT,2026-04-18 06:27:43,2026-04-18,PRD-TJLGVUX3RKIC,CLI-UIX5QG75R4E5,Deposit,,8489916.32,COP,2122.48,App,,,,Colombia,Cartagena,Approved,00,False,4.36,,
TRX-2JY0EU3VPG8KJB6ZFNSX,2026-04-18 08:47:08,2026-04-18,PRD-F17XHV61BB7B,CLI-HPPAFBQN97O4,Withdrawal,,457.58,USD,,ATM,SUC-39R34AY6,,,Argentina,Córdoba,Approved,00,False,23.94,,
TRX-GQS65FWB43V3MZ50FEHI,2026-04-18 19:05:44,2026-04-18,PRD-GFIQG7TYGGJY,CLI-OX32K367ZUQR,Deposit,,832.36,USD,,POS,,,,México,Ciudad de México,Approved,00,False,6.85,,
TRX-879IY1PTHOEZ11PTT1Q5,2026-04-18 21:39:03,2026-04-18,PRD-5VKYT0SBDAXG,CLI-GBWD3HYRHMNW,Payment,,113810.11,ARS,325.17,POS,,,,Argentina,Buenos Aires,Approved,00,False,15.01,,
TRX-NCH5H8I7V2BC9K9OBOXL,2026-04-18 11:01:55,2026-04-18,PRD-GUQWFDQA25EF,CLI-Z5Y9C4FT1W31,Withdrawal,,110.94,USD,,ATM,SUC-U3Q69OLV,,,México,Tijuana,Approved,00,False,10.09,,
TRX-NAEGIBTK7JN5911E502E,2026-04-18 21:59:58,2026-04-18,PRD-2HB9GYP7O2PY,CLI-ZIO3O4XGHVMI,Purchase,Health,193.22,USD,,Web,,Laboratorio Central,Health,México,Tijuana,Approved,00,False,10.54,,
TRX-AZPFEL1X2JVUYJSQYJCJ,2026-04-18 06:30:05,2026-04-18,PRD-Y8KPURKWQT49,CLI-A59ASTTOH8VX,Payment,Entertainment,429.68,USD,,POS,,,,México,Monterrey,Approved,00,False,7.0,-0.8189907,0.235428
TRX-WS4YJHZGH4BR00ME607X,2026-04-19 03:06:29,2026-04-18,PRD-H0KLZAPI0AWM,CLI-ETLJXFUVOWKP,Purchase,Transport,139755.51,ARS,399.3,Web,,Uber,,Argentina,Buenos Aires,Approved,00,False,12.46,,
TRX-RJ7LLBJR94ZLDRWHT9EU,2026-04-18 17:50:28,2026-04-18,PRD-8L5S1IIGSN9R,CLI-ED1WNPKD4UFE,Payment,Food,5841670.79,COP,1460.42,Branch,SUC-4OOB7ZFR,,,Colombia,Barranquilla,Approved,00,False,24.05,4.645977,-73.1636698
TRX-3GWZEQ24ITNMINHRTKC9,2026-04-18 12:20:36,2026-04-18,PRD-WKPXIRLPPZIV,CLI-1ERXBF738YTR,Withdrawal,,250.91,USD,,Web,,,,México,,Approved,00,False,,,
TRX-IORKVW1BXVPV4OUD9V8J,2026-04-18 07:46:51,2026-04-18,PRD-HTYQRE5UP05R,CLI-8NZ0VG0HGT0D,Purchase,Transport,79.84,USD,,App,,Uber,Transport,México,Tijuana,Approved,00,False,15.24,,
TRX-F9GWKSXTU2D36Y9F7FSF,2026-04-18 20:58:53,2026-04-18,PRD-JOGKMBNOX1X2,CLI-JLSRTRBGD5ZN,Purchase,Transport,1443629.63,COP,360.91,ATM,SUC-LWQND6S8,Taxi Seguro,Transport,Colombia,Bogotá,Approved,00,False,23.91,,
TRX-K3EZTE82FW3PV9WX7IMH,2026-04-18 06:56:38,2026-04-18,PRD-7S1YGNVOL0QS,CLI-1UWJOAX9FJKH,Deposit,,4264.35,USD,,POS,,,,México,,Approved,00,False,9.95,0.9762945,-0.5014456
TRX-2R610033U23HF4IXFKLC,2026-04-18 16:40:33,2026-04-18,PRD-05QWZ668Y74L,CLI-D9Q962GOOH4V,Withdrawal,,497.14,USD,,POS,,,,México,Tijuana,Approved,00,False,13.82,,
TRX-4FL1OZ5VIRFGSAWN9II6,2026-04-18 12:39:09,2026-04-18,PRD-Z9P8GFMEHE9J,CLI-XU672KX4CQX5,Deposit,,539.86,USD,,POS,,,,México,Querétaro,Approved,,False,3.09,0.2633329,0.973226
TRX-M9R6Q6JDGD2329E1WTOH,2026-04-18 06:57:46,2026-04-18,PRD-T73QTOA1OHRA,CLI-4LLKHYLLLV72,Withdrawal,,201.46,USD,,POS,,,,México,Monterrey,Approved,00,False,1.06,,
TRX-Y7CNK1ZV7NKCJ1HTAU7T,2026-04-18 22:17:54,2026-04-18,PRD-0Y79255HU8C4,CLI-MX6A9SB1RP5F,Withdrawal,,134.97,USD,,App,,,,México,Querétaro,Approved,00,False,6.03,,
TRX-JGWRM9VPE31DTMIX1LF0,2026-04-18 12:44:22,2026-04-18,PRD-KSJEE9A4TJWA,CLI-HGT0XJWWVDGT,Transfer,,6587.19,USD,,POS,,,,México,Tijuana,Approved,00,False,26.71,,
TRX-IV3VJIKU4YPQ8USIXN3I,2026-04-18 07:21:23,2026-04-18,PRD-5R9IOKM4THWA,CLI-1QFPG7T8VKJT,Payment,Food,2899317.03,COP,724.83,ATM,SUC-U7NNFMS6,,,Mexico,Puebla,Approved,00,False,16.88,4.3344514,-73.7438028
TRX-RZ852XG8CPULOWXKCLB5,2026-04-18 15:41:15,2026-04-18,PRD-MPX7DD9DYGQT,CLI-6GHDEYJD6346,Deposit,,4659.58,USD,,App,,,,Argentina,Buenos Aires,Approved,00,False,,,
TRX-XRSDA4JDFV0J9OCRLLGS,2026-04-18 19:05:03,2026-04-18,PRD-FCUDKNT77FWH,CLI-3LQ3S2QK2QPS,Purchase,Food,144252.7,ARS,412.15,ATM,SUC-7TUK3JBL,Mercado Central,,Argentina,La Plata,Approved,00,False,3.78,-33.9143288,-57.4412086
TRX-NXSTKJS9209LPX6QOFQH,2026-04-19 04:30:16,2026-04-18,PRD-YJHM12V3WXHB,CLI-CUCY4FNJPO8F,Deposit,,2783.85,USD,,POS,,,,México,Querétaro,Approved,,False,13.47,,
TRX-KYX4FN3KBGUR0Z72KILN,2026-04-18 14:34:03,2026-04-18,PRD-O5ODBOHW72PT,CLI-TA6TX6MTLVPJ,Purchase,Food,852946.88,COP,213.24,POS,,Super Ahorro,Food,Colombia,Barranquilla,Approved,00,False,22.66,,
TRX-INSGZF1ZVL0NN6PFVUFS,2026-04-19 03:02:40,2026-04-18,PRD-7YA53Z6OA71B,CLI-KB896MY22OY6,Payment,Services,3386829.33,COP,846.71,POS,,,,Colombia,Bogotá,Approved,,False,2.33,,
TRX-B4GN7S5U50YIQDPX0L8C,2026-04-18 21:36:24,2026-04-18,PRD-TDO1U9MTWKTJ,CLI-JKPCO0HBKZIW,Withdrawal,,327.43,USD,,ATM,SUC-BSMTX3U8,,,México,Monterrey,Declined,51,False,11.68,,
TRX-X2UW25WGY6M9QM05XG73,2026-04-18 07:29:33,2026-04-18,PRD-WN2P5NPJ4SZZ,CLI-BLA5J8ZZVHLT,Withdrawal,,167218.23,ARS,477.77,App,,,,Argentina,Mendoza,Approved,,False,5.27,,
TRX-NZP6K5ZPTFIPK4JPL6P0,2026-04-18 07:06:13,2026-04-18,PRD-UDFF93FV5Q70,CLI-0VVJC5G1BTMK,Deposit,,465514.31,ARS,1330.04,ATM,SUC-06H3RFFA,,,Argentina,Córdoba,Approved,00,False,,,
TRX-18FIIJAK44BYTR33RH3G,2026-04-18 20:07:11,2026-04-18,PRD-LT4HY9HNDMSB,CLI-U1Q30Z45BVK7,Payment,Transport,5235141.86,COP,1308.79,App,,,,Colombia,Barranquilla,Approved,00,False,0.03,,
TRX-OBT4IFAINYQR7NDPGLZH,2026-04-18 08:53:40,2026-04-18,PRD-TP9CYHQPGQ13,CLI-XRLYLPZRMZ6G,Deposit,,3385.1,USD,,App,,,,México,,Approved,00,False,,,
TRX-RIJO0F49FK1R6PFXKBW9,2026-04-19 05:25:34,2026-04-18,PRD-PS7IROZAPZ2J,CLI-JYM5C75808W9,Purchase,Health,1911716.31,COP,477.93,POS,,,Health,Colombia,Bogotá,Approved,00,False,1.88,,
TRX-5ZJZY8CV5HNWV4Q4G88T,2026-04-18 09:40:15,2026-04-18,PRD-0R887U7BGTWG,CLI-D366DQKB5OPH,Transfer,,2786586.18,ARS,7961.67,ATM,SUC-06H3RFFA,,,Argentina,Buenos Aires,Approved,00,False,25.88,,
TRX-VE7DLOF0N36Z96GJC0N0,2026-04-19 02:49:22,2026-04-18,PRD-PG82H5VBDHRZ,CLI-LH0IBXCEPZOS,Purchase,Health,87561.2,COP,21.89,App,,Farmacia Salud,Health,Colombia,Bogotá,Declined,05,False,24.78,,
TRX-1WHDWVP86G2S2WGESZ0T,2026-04-18 14:09:08,2026-04-18,PRD-PV62SDKFU2DN,CLI-GO43ZFSB14KL,Withdrawal,,337.29,USD,,Web,,,,México,Querétaro,Approved,00,False,6.89,,
TRX-71TCQP9GXKVNCKBC2D2J,2026-04-18 15:32:26,2026-04-18,PRD-ODTFZWZ8NJ0I,CLI-8ABBRCQ4ECNN,Transfer,,37316752.64,COP,9329.19,ATM,SUC-CBL7ISR7,,,Colombia,Cartagena,Approved,00,False,9.0,,
TRX-F0UHFQP0JCDFPDHWT4T6,2026-04-18 13:35:14,2026-04-18,PRD-07QJ7WEL0NSQ,CLI-TBSIDZ1TNUQ8,Deposit,,1743.81,USD,,ATM,SUC-T4RE29NP,,,México,Tijuana,Approved,00,False,9.16,-0.1041383,0.5861052
TRX-NJA9KY3X6Y7JD89LIPP1,2026-04-18 09:53:39,2026-04-18,PRD-6ZBF0CCH774E,CLI-U0VY7Q9LNXHJ,Purchase,Food,1034760.8,COP,258.69,POS,,Super Ahorro,Food,Colombia,Cali,Reversed,05,False,24.7,,
TRX-XSBJC6XKOZ5NFVRIX538,2026-04-19 00:49:10,2026-04-18,PRD-XL7B2CVM2ZOL,CLI-8SJS8HM0LQBV,Withdrawal,,355.95,USD,,App,,,,México,Ciudad de México,Approved,00,False,14.24,,
TRX-9UZGAWXCYETV5XQM9IXR,2026-04-18 08:04:12,2026-04-18,PRD-YV49JI1C8V4W,CLI-51FT58O28F4T,Withdrawal,,307.01,USD,,Web,,,,México,Tijuana,Approved,00,False,,,
TRX-AX8TA8LQ3PXH7KC2Q5A6,2026-04-18 14:54:40,2026-04-18,PRD-7BKMJNRBJLVB,CLI-4QH23PQKML28,Purchase,Food,439.25,USD,,App,,Super Ahorro,Food,México,Ciudad de México,Approved,00,False,24.77,,
TRX-ZRFRS9BEDTHROZNIVCEI,2026-04-18 14:17:01,2026-04-18,PRD-J91LZP6GZCEO,CLI-DVROF5SD9WQ9,Purchase,Health,461.92,USD,,POS,,Clínica Médica,Health,México,Ciudad de México,Approved,00,False,24.9,,
TRX-PUIHEBVWEZSSYTVH4ZO6,2026-04-19 00:21:46,2026-04-18,PRD-TVC3HHMH0II0,CLI-N4FPJIEGD917,Purchase,Entertainment,342.58,USD,,ATM,SUC-TQX7379E,Cine Premium,Entertainment,Colombia,,Declined,51,False,,,
TRX-ZRU8BTKEF6993AW8TTEK,2026-04-18 11:15:45,2026-04-18,PRD-ZQADVBAO6DNZ,CLI-KB9BINMAR52M,Transfer,,1477.27,USD,,ATM,SUC-KI33JLSV,,,México,Guadalajara,Approved,00,False,22.23,,
TRX-CM979UZR07EJ249T3LXO,2026-04-19 03:43:19,2026-04-18,PRD-TKFE2F634K3I,CLI-AF0HH127X2Y8,Payment,Transport,4501744.82,COP,1125.44,ATM,,,,Colombia,Medellín,Approved,00,False,7.89,,
TRX-43IN2Z10JVD0VF9W6MO0,2026-04-18 10:23:10,2026-04-18,PRD-G0VLNZGVELED,CLI-T2GX3ESU85IG,Withdrawal,,1414565.62,COP,353.64,Web,,,,Colombia,Barranquilla,Approved,,False,,,
TRX-MNMK494G2S4IDC1EEMVW,2026-04-19 02:53:48,2026-04-18,PRD-DU1HWWTAGHBZ,CLI-NJ0BEMLLU9EZ,Deposit,,1589.33,USD,,ATM,SUC-JGJN78RV,,,México,Ciudad de México,Approved,00,False,,0.9256969,-0.1565
TRX-VJ55JSFNOYD4NICGUT1L,2026-04-19 05:20:10,2026-04-18,PRD-RES01RX1UJHB,CLI-4LFKTSQ7VTCX,Withdrawal,,293.48,USD,,ATM,SUC-A9BJ48OP,,,México,Tijuana,Approved,00,False,7.54,,
TRX-2V5S3TS6Q4XT6T542HI7,2026-04-19 01:56:49,2026-04-18,PRD-H3BIRWB65GWN,CLI-9GNSEJCBTHSH,Payment,Food,1834.37,USD,,App,,,,México,Tijuana,Approved,,False,,,
TRX-5RISC4Q8HIISIBVALM5G,2026-04-19 04:04:28,2026-04-18,PRD-QSXJIWKIHC3D,CLI-565BBM1HEAUU,Transfer,,3240843.57,ARS,9259.55,App,,,,Argentina,Mendoza,Approved,00,False,12.38,,
TRX-M4LRZ8GKIPOLO28OAWMX,2026-04-19 00:07:19,2026-04-18,PRD-CJA3J12WF0Q2,CLI-MM0PM198GSI0,Purchase,Food,1160028.82,COP,290.01,Web,,Tienda Don José,Food,Colombia,Bogotá,Approved,00,False,,,
TRX-AQQ0YZ7W6BMB4IT1OZ6H,2026-04-19 00:07:54,2026-04-18,PRD-61LH462VE08S,CLI-BW4JCNIQH8JJ,Purchase,Health,76.13,USD,,ATM,SUC-5FCLNF9U,Clínica Médica,Health,México,Ciudad de México,Approved,00,False,,,
TRX-EMA01EI0RF6X192RQ8HQ,2026-04-18 17:29:25,2026-04-18,PRD-ZJUHJ53LL02W,CLI-ABV6ROLYRHCT,Deposit,,414.05,USD,,Web,,,,México,Guadalajara,Approved,00,False,12.98,,
TRX-CK944L88RG073TCNL10R,2026-04-18 21:40:54,2026-04-18,PRD-DU4JYLL54I4N,CLI-0MV7ZAZNPQ0K,Transfer,,36213052.85,COP,,POS,,,,Colombia,,Declined,05,False,2.81,,
TRX-453JC1V0B1BLWCBGD5B9,2026-04-18 17:59:52,2026-04-18,PRD-IWQPISEP5KFX,CLI-LMF070HQ41B3,Payment,Health,1798.56,USD,,POS,,,,México,Querétaro,Approved,00,False,26.57,,
TRX-B7AZNI4J718KWGYN89PK,2026-04-18 14:31:07,2026-04-18,PRD-KLDBGTA9SWJZ,CLI-3CE2DK41T8B6,Withdrawal,,80343.15,ARS,229.55,App,,,,Argentina,Córdoba,Pending,05,False,,,
TRX-1FXV53LAXBCESI4XJX9U,2026-04-18 20:56:35,2026-04-18,PRD-YAMM5X3ASJGI,CLI-HARUNIOL1HN5,Transfer,,2518519.47,ARS,7195.77,ATM,SUC-3JIR51SL,,,Argentina,Buenos Aires,Pending,05,False,22.59,,
TRX-TUI51VKDTSHKH989W4OB,2026-04-19 04:51:45,2026-04-18,PRD-IJXNUJXDOZXN,CLI-J8EBD5WYIMLD,Transfer,,4669.77,USD,,Transfer,,,,México,Guadalajara,Approved,00,False,1.79,,
TRX-HEWTA1HTMVKFVVKEMZ57,2026-04-19 05:42:51,2026-04-18,PRD-HU2O6U4A06VD,CLI-EGUAP8QVGDED,Transfer,,2836.88,USD,,ATM,SUC-VTIA5X8Y,,,México,Tijuana,Approved,00,False,,0.1999792,-0.817267
TRX-80REMEUPBW0HZTZSH695,2026-04-18 20:33:08,2026-04-18,PRD-WDQG84KWVXDH,CLI-ODACEEOC1ALW,Transfer,,333302.21,ARS,952.29,ATM,SUC-PJ3BSV1X,,,Argentina,Rosario,Approved,00,False,15.49,,
TRX-02Z5DWBHEMSM9Z2DFJ8U,2026-04-18 17:52:36,2026-04-18,PRD-3UWWT2WG4PYI,CLI-I1E9MSJ6WQKO,Deposit,,10152890.48,COP,2538.22,POS,,,,Colombia,Bogotá,Approved,00,False,,,
TRX-HDGY78LZ7AOJ6Z22RHCI,2026-04-18 22:11:59,2026-04-18,PRD-PLIO93CBQSSQ,CLI-GN8VK60LVFH1,Transfer,,9013.73,USD,,POS,,,,México,Guadalajara,Declined,51,False,24.21,0.1509492,-0.0711527
TRX-BEBFZM8NKP4ESZYGO1DA,2026-04-18 10:20:04,2026-04-18,PRD-1N51QXDKSTJT,CLI-C4Z5FPK4YO51,Purchase,Entertainment,49.9,USD,,Web,,Conciertos Live,Entertainment,México,Tijuana,Approved,00,False,29.0,,
TRX-QXWDDIEK7W8VTGPUSCXL,2026-04-18 11:06:54,2026-04-18,PRD-P20WEVOXX3XJ,CLI-6EXFZWYXGU60,Deposit,,2260.69,USD,,POS,,,,México,Ciudad de México,Approved,00,False,28.04,,
TRX-WY53UC2RYZZB1BK0QDXW,2026-04-18 21:48:07,2026-04-18,PRD-2ALL7TJ1WQIM,CLI-SOZKHL3429VD,Transfer,,8596.19,USD,,App,,,,México,Ciudad de México,Approved,,False,8.38,,
TRX-FNAIHIREU0ZVDO9DG2ZZ,2026-04-18 08:21:28,2026-04-18,PRD-EMJDTVD89LVP,CLI-XT8XU1EU3QWM,Withdrawal,,1640351.27,COP,410.09,POS,,,,Colombia,Medellín,Approved,00,False,26.49,,
TRX-C0RO6P5VNQNYEOA2SDR8,2026-04-19 01:23:33,2026-04-18,PRD-C2D36KO5WA42,CLI-RKZIE2TAWM7X,Withdrawal,,291.61,USD,,POS,,,,México,Tijuana,Approved,00,False,5.9,,
TRX-EJLW40KKQC6I7A4O99NB,2026-04-19 05:04:17,2026-04-18,PRD-HOW5IFICVZ3X,CLI-3PPPD82B64BW,Payment,Entertainment,866812.91,COP,216.7,ATM,SUC-RNGAMG7V,,,Colombia,Cali,Approved,00,False,23.73,,
TRX-PCHL408A5RZB4K7O82HA,2026-04-19 02:56:31,2026-04-18,PRD-BJGNK8SKR8G0,CLI-4KZUWOX5T3Y6,Transfer,,9572.47,USD,,App,,,,México,Guadalajara,Approved,00,False,28.36,,
TRX-IEPQ0CKNW6ICLHCJV8BL,2026-04-18 10:16:32,2026-04-18,PRD-IQ6X0NYEWW2O,CLI-1GF5LSS246MB,Transfer,,780.88,USD,,Web,,,,México,Puebla,Approved,00,False,,,
TRX-IWZ92WXRSJ44CCHTVOAH,2026-04-18 11:09:28,2026-04-18,PRD-FL22PB0OUE71,CLI-DR5YO1K9W74M,Payment,Food,433.47,USD,,POS,,,,México,Tijuana,Approved,00,False,,,
TRX-2QAJOK2UNT4LK7GBIFH7,2026-04-19 05:09:31,2026-04-18,PRD-SF9C5G7Y232G,CLI-8EZ66F758KS9,Purchase,Transport,299.7,USD,,POS,,Estación de Servicio,Transport,México,Puebla,Approved,00,False,10.97,,
TRX-1SEAZPOBPL7QR7TGH5P9,2026-04-18 21:50:10,2026-04-18,PRD-GTP3I1ZGDYCZ,CLI-VQCU0SRXGLMC,Withdrawal,,336110.85,COP,84.03,POS,,,,Colombia,Cali,Approved,00,False,,3.9317621,-74.8507131
TRX-7A2HSKZGWQ2WCV7G8Z0Q,2026-04-19 01:43:40,2026-04-18,PRD-EA9HQ9FCJOBG,CLI-WBX8DUMMKFJE,Payment,Entertainment,613.09,USD,,POS,,,,México,Ciudad de México,Approved,00,False,,,
TRX-DW7YHITTAJQWDWCZJLW9,2026-04-19 02:10:43,2026-04-18,PRD-O5IH2ORM3PYW,CLI-ZJQLZ0LZIOUA,Deposit,,1079863.53,ARS,3085.32,POS,,,,Argentina,Rosario,Pending,51,False,19.56,,
TRX-WLXJG3Z76W3ZFSG5V1E0,2026-04-19 00:14:44,2026-04-18,PRD-5BK7VMDDUJJQ,CLI-X8LO61MRD18K,Purchase,Food,334.65,USD,,ATM,SUC-J532XZ5B,Restaurante El Buen Sabor,Food,México,Querétaro,Approved,00,False,16.01,,
TRX-4YPJEA5FZE5M7K34DIJI,2026-04-18 20:54:51,2026-04-18,PRD-DMWCCXNVIPVR,CLI-VS2AC0XOMIUX,Payment,Transport,1354.85,USD,,POS,,,,México,Guadalajara,Approved,00,False,29.01,-0.7295143,0.6153521
TRX-CRVFVLYVZDSCK3X8TZ9Q,2026-04-18 13:17:44,2026-04-18,PRD-5KHMYAI2C8H5,CLI-X6TWDD8EKU9F,Purchase,Entertainment,161163.83,ARS,460.47,POS,,,Entertainment,Argentina,Buenos Aires,Declined,05,False,17.8,,
TRX-LWMPAEW48AU7ECEP2FV0,2026-04-18 23:44:37,2026-04-18,PRD-RGWJCDM4F3R3,CLI-OFGTW8HOJQS5,Purchase,Transport,121.87,USD,,ATM,SUC-DYPJLQVN,Estación de Servicio,,México,Querétaro,Approved,00,False,22.82,,
TRX-QJ6BYEHDXF93FD2K2Q2F,2026-04-18 08:46:01,2026-04-18,PRD-RLJK7ZK440QU,CLI-GUZG223AD5ME,Withdrawal,,170222.73,ARS,486.35,Web,,,,Argentina,La Plata,Approved,00,False,29.76,,
TRX-ECNTUUV0JR803HZBVA2P,2026-04-18 15:01:13,2026-04-18,PRD-AD93JD9CGC08,CLI-MBT0NOM4X797,Withdrawal,,21.77,USD,,ATM,SUC-N1ZUF3PF,,,México,Querétaro,Declined,05,False,14.2,,
TRX-IP6YVZS59GWC4QHM6L7E,2026-04-18 15:06:35,2026-04-18,PRD-WJHPSYD3IQGZ,CLI-9AFXLIG6VNWA,Purchase,Health,12.03,USD,,Web,,Laboratorio Central,,México,Puebla,Reversed,05,False,16.18,,
TRX-ERP6L65BRONYEXLNPFKS,2026-04-18 21:17:32,2026-04-18,PRD-LD1R0845N10J,CLI-V35ENR9C0E24,Transfer,,28831405.39,COP,7207.85,Branch,SUC-X3OFCBL0,,,Colombia,Cali,Approved,00,False,13.82,,
TRX-II3DET5U3HRNEYWHQKE7,2026-04-18 15:03:24,2026-04-18,PRD-Y26LPEA1LMXW,CLI-2D3TO1KWMNHE,Payment,Health,1387.06,USD,,POS,,,,México,Monterrey,Approved,00,False,15.64,0.4009652,0.9066101
TRX-TJ8UIHSFNDDFGMLQWE05,2026-04-18 21:47:44,2026-04-18,PRD-9JD46TAR1MS7,CLI-93VS9COOWB2Z,Withdrawal,,72412.7,ARS,206.89,ATM,SUC-MAWPQ7HZ,,,Argentina,Rosario,Approved,00,False,2.56,-34.1321465,-58.3231163
TRX-CBYG8NGHM67PYZR764XP,2026-04-18 11:24:44,2026-04-18,PRD-4DWROW6FO7HR,CLI-5U3RKMPP2K77,Purchase,Entertainment,289.6,USD,,ATM,SUC-QMYSBASD,Streaming Music,Entertainment,México,Guadalajara,Approved,00,False,0.44,,
TRX-V34373OXLWETD9WMFN90,2026-04-18 15:26:07,2026-04-18,PRD-DUF1575ID3FM,CLI-895P5PCKWKXT,Withdrawal,,371.66,USD,,POS,,,,México,Tijuana,Approved,,False,11.4,-0.525208,-0.3918116
TRX-VFEQ7CHB3AIZYTFE9A62,2026-04-18 07:01:42,2026-04-18,PRD-LJCCTQVNLOQF,CLI-5SW1X6SHN8PS,Purchase,Health,298.87,USD,,ATM,SUC-ECJP9AEQ,Farmacia Salud,Health,México,Monterrey,Approved,00,False,7.43,0.6889204,0.6544182
TRX-6QDFQXZAGUCYN8OFM4G8,2026-04-18 13:58:28,2026-04-18,PRD-44VFANXAOOT1,CLI-VPBC460NJ8M3,Transfer,,782.67,USD,,ATM,SUC-WU56M94O,,,México,Monterrey,Approved,00,False,0.47,0.7177479,0.4451954
TRX-1MB4N22UDHWDAUDJVHYK,2026-04-19 00:48:31,2026-04-18,PRD-SJEXLMDMYQLL,CLI-VI3NC77VX97M,Deposit,,4609.54,USD,,POS,,,,México,Querétaro,Approved,00,False,,,
TRX-JP90ZR88C721B8D8L3QL,2026-04-18 17:30:16,2026-04-18,PRD-8AA33HSW9JZ2,CLI-C4CFEJLTMAG9,Purchase,Transport,89603.97,ARS,256.01,POS,,Uber,Transport,Argentina,La Plata,Approved,00,False,6.06,,
TRX-IECJBBEC9Q9X03IX7JCM,2026-04-18 22:21:33,2026-04-18,PRD-3T6D1DGU3DWA,CLI-50REOI59MA7L,Withdrawal,,1222165.03,COP,305.54,ATM,SUC-MU9A5O88,,,Colombia,Bogotá,Approved,00,False,25.35,,
TRX-IQ9WL7J3UUOJMY0OQ8AH,2026-04-18 11:59:17,2026-04-18,PRD-BDNHIZZY8PON,CLI-8859NMLXX1EL,Deposit,,1776.67,USD,,ATM,SUC-QL08OUL0,,,México,Ciudad de México,Approved,00,False,14.43,,
TRX-XF1KCSJT5L08LZXK5UPO,2026-04-18 16:14:34,2026-04-18,PRD-RN49QZR09H8Z,CLI-8V2O77AI48V2,Purchase,Food,460.28,USD,,Web,,Tienda Don José,,Argentina,Buenos Aires,Approved,00,False,,,
TRX-SEOEME380MSU6O7PNT1P,2026-04-18 19:27:28,2026-04-18,PRD-VYQBCN07MF1F,CLI-T5MEJLLRWIT9,Transfer,,1213144.17,ARS,3466.13,POS,,,,Argentina,Mendoza,Approved,00,False,12.35,,
TRX-YIWGW1VW0TN5PP8HM81B,2026-04-18 06:54:10,2026-04-18,PRD-VWGV9BDUKODU,CLI-IGTSQLAZZKBW,Adjustment,,318.05,USD,,Web,,,,México,Guadalajara,Approved,,False,,,
TRX-SSR2U0TCUZR46OWN1M2J,2026-04-18 17:15:44,2026-04-18,PRD-QQMM639MDMDC,CLI-E9CVFB2851P1,Payment,,421886.51,ARS,1205.39,Web,,,,Argentina,Córdoba,Declined,51,False,,,
TRX-IPZQY7A0BDHBEYNCF6I6,2026-04-18 22:46:14,2026-04-18,PRD-OYAC0IX2MXY3,CLI-78O47DLV9XU9,Transfer,,5985.41,USD,,POS,,,,USA,Miami,Approved,00,False,23.79,,
TRX-2HWN0109BVZOY5G2FONZ,2026-04-18 18:00:51,2026-04-18,PRD-ADMQGVCNTTT7,CLI-9HFWGZ5KWG0Q,Withdrawal,,44.1,USD,,Web,,,,México,Guadalajara,Approved,00,False,0.88,,
TRX-O2PZZQ1IVR5EI00BHE58,2026-04-18 10:40:57,2026-04-18,PRD-UY3SZ9CT8NP4,CLI-W4RB8U45PHGF,Purchase,Food,257.6,USD,,POS,,Mercado Central,Food,México,Querétaro,Approved,00,False,,,
TRX-E6HXDQOBBL96UZRQ4DN6,2026-04-18 22:04:12,2026-04-18,PRD-1MRVMLNH9O8C,CLI-69XN0VZ3ANH8,Withdrawal,,77307.21,ARS,220.88,POS,,,,Argentina,Córdoba,Approved,00,False,17.46,,
TRX-89AU25PGMWJKKWI2XT1X,2026-04-18 11:15:23,2026-04-18,PRD-Z26OH5R3QHG2,CLI-GGXN01BXZACZ,Withdrawal,,1889460.29,COP,472.37,POS,,,,Colombia,Cali,Approved,00,False,,5.0247741,-73.5369979
TRX-0OG1YJKTHTYK2O8YYQMQ,2026-04-18 16:25:05,2026-04-18,PRD-0VXTF8UTYZFN,CLI-EKIKXW728E55,Payment,Services,691176.23,COP,172.79,App,,,,Colombia,Bogotá,Approved,00,False,21.48,,
TRX-HOF5Q4TXF3D4HXUC0UJL,2026-04-18 14:53:28,2026-04-18,PRD-N9L2SL0WYO4N,CLI-UCUXH99529PK,Purchase,Food,295.27,USD,,POS,,,Food,México,Tijuana,Approved,00,False,22.27,,
TRX-044ZEL4IJ993H5B64MMP,2026-04-18 22:29:11,2026-04-18,PRD-VTS7AUBQLTWO,CLI-GCVSX74TF8TD,Purchase,Health,78970.31,COP,19.74,Web,,Clínica Médica,Health,Colombia,Cartagena,Approved,00,False,10.77,,
TRX-EFK1LKEWV9FIUA6Y1GVB,2026-04-18 16:56:18,2026-04-18,PRD-KTPVY13AHCG8,CLI-8URRVABA1WVO,Purchase,Food,213.6,USD,,Transfer,,Tienda Don José,Food,Argentina,Buenos Aires,Approved,00,False,28.46,,
TRX-65B5Y0J10ITM4DPYHHFP,2026-04-18 10:41:41,2026-04-18,PRD-XVZCZ3OA4LOV,CLI-HEODAT1HUVUW,Transfer,,23544369.47,COP,5886.09,POS,,,,Colombia,Cali,Approved,00,False,19.51,,
TRX-8UQNYUAIQFVP6VUV5FJW,2026-04-18 10:58:26,2026-04-18,PRD-3833VLY3PSOV,CLI-F2IK5QH33XA9,Transfer,,2661.69,USD,,Web,,,,México,Tijuana,Declined,51,False,23.56,,
TRX-43HTBZ0KXXD4GGCCCCZD,2026-04-18 12:47:28,2026-04-18,PRD-Z7FGTVZ7S0KA,CLI-Q24H6N35UB5S,Purchase,Other,92.99,USD,,POS,,,,Colombia,Bogotá,Approved,00,False,26.11,,
TRX-YVVVFD07EIZNZGN9DR41,2026-04-18 21:26:35,2026-04-18,PRD-DB04P9N8H2XK,CLI-8RVAT03F63BT,Transfer,,4046.95,USD,,Web,,,,México,Querétaro,Approved,00,False,29.3,,
TRX-RKKN5Y2F6D9CAGJODU1K,2026-04-18 16:35:46,2026-04-18,PRD-V7F1TW956BU3,CLI-YST9N4RXD2XE,Purchase,Food,1546756.3,COP,386.69,POS,,Tienda Don José,Food,Colombia,,Approved,00,False,8.67,5.0753309,-74.2959428
TRX-NIEKM8U0MT6WI4OZN6BH,2026-04-18 13:07:15,2026-04-18,PRD-58KMBIJZ3E6P,CLI-3JBZOPSUVSM3,Withdrawal,,274.53,USD,,POS,,,,México,Querétaro,Pending,54,False,5.83,,
TRX-PSIN4VQ94804KQ3R75N1,2026-04-18 15:14:53,2026-04-18,PRD-NON28AGJC8MJ,CLI-ZVX2F7O94OQA,Purchase,Transport,383.42,USD,,POS,,,Transport,Argentina,Córdoba,Approved,00,False,18.54,-33.7290418,-57.4121234
TRX-RCNM7UINJCH2ZRJC436Y,2026-04-18 11:11:56,2026-04-18,PRD-L0M6QUGWUZZH,CLI-NT4R0QO9321Z,Deposit,,15407657.04,COP,3851.91,ATM,SUC-QLV3J046,,,Colombia,Bogotá,Approved,00,False,7.68,3.8833339,-73.4324058
TRX-4W2AC19W09B6CUIU1OBV,2026-04-18 22:50:48,2026-04-18,PRD-2B5WX62IAI0U,CLI-WLPYMWK87403,Purchase,Other,150594.44,ARS,430.27,ATM,SUC-C1OF9350,Centro Comercial,Other,Argentina,Rosario,Approved,00,False,,-33.9893647,-58.0432897
TRX-RS008TOLZN3O5EYDIOQ0,2026-04-18 19:31:33,2026-04-18,PRD-70WCGIL866JX,CLI-QOCAI6T2JLWO,Purchase,Services,374.43,USD,,POS,,Internet Plus,Services,Argentina,,Declined,,False,15.67,,
TRX-HYIZCORKIZ0I7HYPI8J1,2026-04-18 12:33:23,2026-04-18,PRD-UV29N7I7QYWU,CLI-3DVCB9CJX1XM,Withdrawal,,250.71,USD,,Web,,,,México,Guadalajara,Approved,00,False,10.63,,
TRX-GO1KWY0OXF1CP19OYEJE,2026-04-18 09:23:55,2026-04-18,PRD-NRL3NLO2I6IM,CLI-OT33HWWMCXGY,Payment,Services,6173051.62,COP,1543.26,ATM,SUC-84HXKY7Q,,,Colombia,Medellín,Approved,00,False,,,
TRX-YI5M83YLK8CMRDJAG6RU,2026-04-18 20:03:10,2026-04-18,PRD-LHWV19AL57PX,CLI-GYIV8EG47ZZD,Transfer,,2993460.77,ARS,8552.75,App,,,,Argentina,Rosario,Approved,00,False,28.91,,
TRX-1DMZJW8LH5PSFSHNY2FC,2026-04-18 15:53:54,2026-04-18,PRD-12IRMG9BIE0C,CLI-418Q7QLG9UQ8,Deposit,,1192083.97,ARS,3405.95,ATM,SUC-HBYNA6O6,,,Argentina,,Approved,,False,,,-58.6893426
TRX-02WPT415PLUYX327K8OQ,2026-04-18 06:39:59,2026-04-18,PRD-AABLCDDVQL1I,CLI-V29851V5GFO2,Transfer,,7245.59,USD,,POS,,,,México,Puebla,Approved,00,False,,-0.3433392,0.5514942
TRX-K6NY8S6IL1CCQE5X880P,2026-04-19 04:23:16,2026-04-18,PRD-I4P12L15S8KP,CLI-YBIPUD12GNQC,Withdrawal,,173254.75,ARS,495.01,ATM,SUC-GKQAVGPP,,,Mexico,Monterrey,Approved,00,False,14.39,,
TRX-3NIXJHVFGIVZRDJSJ0OX,2026-04-18 21:39:23,2026-04-18,PRD-3557DED7XBZY,CLI-JGBA2N4P7OOJ,Purchase,Food,990075.99,COP,247.52,Web,,Tienda Don José,Food,Colombia,,Approved,00,False,20.99,,
TRX-FX2DZ4DELDFIPLUJH3LB,2026-04-19 04:56:45,2026-04-18,PRD-VXBOMZVGI99L,CLI-EIFB61BB58U8,Transfer,,38091983.56,COP,9523.0,Web,,,,Colombia,Cartagena,Approved,00,False,3.53,,
TRX-2NIYF0ZY19JYZ01J3PHL,2026-04-19 00:20:21,2026-04-18,PRD-AEOLU8Z0FE9A,CLI-TN3PI53CG2UQ,Transfer,,8632.43,USD,,Web,,,,México,Tijuana,Approved,00,False,9.24,,
TRX-ADFZOVZV2LXI9VVMAJIE,2026-04-19 02:44:17,2026-04-18,PRD-7MCMIRUIQGG1,CLI-DPKP6NR9WPWC,Purchase,Other,1833207.2,COP,458.3,POS,,Boutique Moda,Other,Colombia,Medellín,Approved,,False,23.37,,
TRX-I68JFUZ5KVTE6Q9O6XSL,2026-04-18 07:02:42,2026-04-18,PRD-9ZFYH6XTRV7G,CLI-K7WLQQ16TZ6Q,Withdrawal,,450743.86,COP,112.69,Web,,,,Colombia,Cartagena,Approved,,False,1.95,,
TRX-Z2U0N4BDGZNU4A8ON46T,2026-04-18 13:55:40,2026-04-18,PRD-A8C9W59EV2DD,CLI-J8KE92K7CDLL,Withdrawal,,293.45,USD,,ATM,SUC-SCFDICUT,,,México,Guadalajara,Approved,00,False,23.8,,
TRX-3IBCC4Z29N94QVYLKUL4,2026-04-19 01:51:10,2026-04-18,PRD-G6RG0NPIML4T,CLI-5N2FZ6XNTPE8,Adjustment,,106591.05,ARS,304.55,POS,,,,Argentina,La Plata,Approved,00,False,26.8,,
TRX-611VZ6ND0IMPCKW4R5NW,2026-04-18 16:54:19,2026-04-18,PRD-OBLRR0IUX9QA,CLI-SOXKH1FSW06H,Purchase,Services,10.31,USD,,ATM,SUC-NOBD5N9U,Internet Plus,Services,México,Tijuana,Approved,00,False,21.62,0.9385766,-0.3792033
TRX-GGXGSB6Y0AWHJJRO3AOX,2026-04-18 07:05:56,2026-04-18,PRD-02SV6B9J0DXZ,CLI-0K9GDFHJPCD4,Purchase,Other,10.75,USD,,POS,,Tienda General,Other,México,Ciudad de México,Approved,00,False,28.33,,
TRX-HGQ6VUSR7KAUX23YOR7A,2026-04-18 23:59:33,2026-04-18,PRD-A75HTHMS9RLK,CLI-KBFXSQP0UI4H,Transfer,,21340864.8,COP,5335.22,Web,,,,Colombia,Cali,Approved,00,False,20.46,,
TRX-1Z4LN7EJDT8RZOY464BX,2026-04-18 13:41:38,2026-04-18,PRD-WIBNH58V9JPD,CLI-ROY0QR0JG06M,Transfer,,2169918.42,ARS,6199.77,POS,,,,Argentina,Córdoba,Approved,00,False,23.9,,
TRX-U7TYFW94IO1M5WBTZS3I,2026-04-18 17:49:23,2026-04-18,PRD-7841TDT0XQW4,CLI-VOE2WM7RZGKI,Payment,Services,402.14,USD,,Web,,,,México,Querétaro,Approved,00,False,4.63,,
TRX-9VTRSB59NW1V4ULKHHZB,2026-04-18 09:46:37,2026-04-18,PRD-V2M8GRCKRCV1,CLI-YLITSPMYI223,Withdrawal,,1953334.42,COP,488.33,POS,,,,Colombia,Cali,Approved,00,False,12.75,,
TRX-YUW8U9VL3UHN3O627RTY,2026-04-18 21:48:53,2026-04-18,PRD-46MMW9I1ZFZ4,CLI-CURZ3MAH7VMC,Withdrawal,,23154.93,ARS,66.16,POS,,,,Argentina,La Plata,Approved,,False,0.38,-34.7335679,-57.778945
TRX-TCSC36SQ8TM4WO5VB2UW,2026-04-19 02:11:51,2026-04-18,PRD-O95LHUF8BG5P,CLI-OY270LWJ7L27,Payment,Services,237236.82,ARS,677.82,Web,,,,Argentina,Córdoba,Approved,00,False,24.08,,
TRX-VDMOLZVX3WDOAIS4W477,2026-04-19 05:39:52,2026-04-18,PRD-RXUU3D9O71PJ,CLI-8UX1PXPEV59F,Purchase,Services,1951068.37,COP,487.77,Web,,Cable TV,Services,Colombia,Cali,Approved,00,True,67.77,,
TRX-VS9TD6XUCATZSSBT1ZNO,2026-04-18 20:15:27,2026-04-18,PRD-IJJP4MCEXDCK,CLI-FGJ9UIRCVVGJ,Deposit,,1082.09,USD,,POS,,,,México,Puebla,Approved,00,False,26.8,,
TRX-8QNC7D530TIBCLQR1Y0A,2026-04-18 23:43:17,2026-04-18,PRD-VQY3ZSNK918Z,CLI-E83C1S3K4T5V,Purchase,Health,202.67,USD,,App,,Farmacia Salud,Health,México,Querétaro,Approved,00,False,,,
TRX-14A0NO1UV3VNZ5SIMVN0,2026-04-19 05:24:03,2026-04-18,PRD-XODUY7J493Z4,CLI-VWG19DA8YOZ9,Withdrawal,,227.6,USD,,Web,,,,México,Puebla,Approved,00,False,,,
TRX-BJ70C4R0IH70M95T0T61,2026-04-18 14:48:30,2026-04-18,PRD-OW55SASMNJKD,CLI-MT46YRVLVFI8,Transfer,,7358.39,USD,,POS,,,,México,Puebla,Approved,00,False,26.97,,
TRX-BVW6KXOKXMGVBQC0HNEL,2026-04-18 20:17:42,2026-04-18,PRD-QEOUMYWBEL74,CLI-7DEK6WJE4KYI,Adjustment,,1599723.71,COP,399.93,Web,,,,Colombia,Bogotá,Approved,00,False,23.63,,
TRX-JQIMZPP8IPNK5FU4FUXW,2026-04-18 16:10:52,2026-04-18,PRD-4PG8KQT73JOI,CLI-6E0F039N7TMW,Withdrawal,,105.19,USD,,ATM,SUC-BDUHNO9T,,,México,Monterrey,Approved,00,False,6.73,,
TRX-HDSRQSKL75QNX7PTKLM4,2026-04-18 08:03:47,2026-04-18,PRD-C4SFLFCG4LX3,CLI-5M90SUH7BAFJ,Deposit,,3584.06,USD,,Branch,SUC-XCP0A6C8,,,Argentina,Buenos Aires,Approved,00,False,10.2,-34.4773701,-58.2048182
TRX-1XKTXIL7CBOHG62V06TU,2026-04-18 13:21:06,2026-04-18,PRD-NUZURPWIK3FC,CLI-8LW4SOQKGC1M,Payment,Entertainment,6147412.02,COP,1536.85,POS,,,,Colombia,,Approved,00,False,7.04,,
TRX-PYMLZIVYERDIWICY0FW6,2026-04-19 01:26:51,2026-04-18,PRD-5FC0DVFJ94C7,CLI-DISPDFFGU9SW,Payment,Transport,1561.22,USD,,App,,,,Mexico,,Approved,00,False,0.9,,
TRX-NPIRXMM7K1NOOQCWY92I,2026-04-18 16:36:41,2026-04-18,PRD-ICHPW1EP4KES,CLI-DRRSHIXKTQD6,Purchase,Entertainment,443.27,USD,,ATM,SUC-WSSLNOPN,,Entertainment,México,Ciudad de México,Approved,00,False,23.85,-0.8649041,0.022122
TRX-4XLP4D8LWIJ1RYVBJ1Y9,2026-04-18 12:25:58,2026-04-18,PRD-XE73CFR0PSXT,CLI-FXXTOQSKFWIF,Payment,Other,108088.14,ARS,308.82,Web,,,,Argentina,Mendoza,Approved,00,False,11.95,,
TRX-AYDQNSJBR56QD1ACG4OB,2026-04-18 17:13:28,2026-04-18,PRD-K915MK18X2MG,CLI-E8U6DM5P4JIQ,Withdrawal,,198.02,USD,,POS,,,,México,Monterrey,Approved,00,False,23.73,0.6027656,-0.8449956
TRX-4YZZ4A8GP1T8YE4GXRB1,2026-04-18 13:54:59,2026-04-18,PRD-MCN8GX2AWXZM,CLI-IG9XE81QSKQY,Deposit,,4072.13,USD,,ATM,SUC-PUPXM7MA,,,México,Querétaro,Approved,00,False,23.91,,
TRX-Z6SMWQ1G6V24WPQTH5QB,2026-04-18 10:56:33,2026-04-18,PRD-EKDYE3ECBS1F,CLI-326N909GAZ32,Withdrawal,,447.08,USD,,Web,,,,México,Monterrey,Approved,00,False,6.28,,
TRX-G6UGAP058NT3B5HWN0LQ,2026-04-18 07:45:10,2026-04-18,PRD-2LVGM4F9IHEG,CLI-O1VI8GP1GZQ9,Withdrawal,,1398382.6,COP,349.6,POS,,,,Colombia,Cartagena,Approved,00,False,7.55,,
TRX-NOXJ9F836LYQLQI3VDBA,2026-04-18 17:28:31,2026-04-18,PRD-L7L7W55AI4ZT,CLI-BN09BQ7JIZEE,Deposit,,4897.49,USD,,Web,,,,México,Tijuana,Pending,51,False,18.66,,
TRX-8W3OY9WMJX44AXYTGXNT,2026-04-18 07:20:28,2026-04-18,PRD-QWFDH7IZQQEB,CLI-F5FDLQLFAYPR,Purchase,,134027.77,ARS,382.94,POS,,Super Ahorro,Food,Argentina,Rosario,Approved,00,False,21.58,,
TRX-KAISYN8VFOYFTX7PPKDT,2026-04-18 07:47:29,2026-04-18,PRD-H0KND5LX96FS,CLI-F5IJ44IQSWO2,Withdrawal,,1671141.97,COP,417.79,ATM,,,,Colombia,Cali,Approved,00,False,21.33,,
TRX-FX2BPO2GGN1B53XXXG79,2026-04-18 22:07:10,2026-04-18,PRD-UEC6YUZ2E7HE,CLI-SUJP9WE3QAR3,Purchase,Entertainment,68.2,USD,,POS,,Teatro Nacional,Entertainment,México,Ciudad de México,Approved,00,False,,,
TRX-MN7SXB5K4N2Z35NB6C31,2026-04-18 20:17:49,2026-04-18,PRD-3TV6RB470LYC,CLI-ALD0F39367XM,Transfer,,8810.85,USD,,App,,,,México,Guadalajara,Approved,00,False,10.13,,
TRX-KTM2NWRLB3EAKL9W2634,2026-04-18 23:02:00,2026-04-18,PRD-C3AT07JL01B7,CLI-3DK2REGE4F5Y,Withdrawal,,138.33,USD,,ATM,SUC-74OJEV5Z,,,México,Monterrey,Reversed,51,False,3.92,,
TRX-EAI3GU3OQ3VH68N9USGY,2026-04-18 13:43:23,2026-04-18,PRD-CPV9ZEGFGSRQ,CLI-YNNNUZ4QCVXK,Purchase,Services,41397.41,ARS,118.28,POS,,Cable TV,,Argentina,La Plata,Approved,00,False,2.19,,
TRX-5I6QBE5620HYKAHM2W9D,2026-04-19 02:29:22,2026-04-18,PRD-8IBEC909SQYE,CLI-6T6VPD5ADW07,Purchase,Food,1230041.37,COP,307.51,POS,,Mercado Central,Food,Colombia,Bogotá,Approved,00,False,22.44,,-73.3063677
TRX-SNXWY62KLQQPGA85KPEP,2026-04-18 12:10:45,2026-04-18,PRD-PZUG6QAHXKJL,CLI-4VVEOFGSAAP9,Deposit,,615.88,USD,,ATM,SUC-5FCLNF9U,,,México,Guadalajara,Approved,00,False,,,
TRX-NUFP0RYPFDDWP454RDSY,2026-04-18 06:10:42,2026-04-18,PRD-GDF9FYWVC4T3,CLI-MYNXU92L3L2F,Purchase,Health,870384.14,COP,217.6,POS,,Farmacia Salud,Health,Colombia,Cartagena,Approved,00,False,1.95,4.2568873,-74.2667954
TRX-5SQT54ZPFKNX9ECAU1RB,2026-04-19 01:49:27,2026-04-18,PRD-4764DH2F40TT,CLI-ILKJJ30OG17W,Withdrawal,,438.87,USD,,POS,,,,Colombia,Cali,Approved,00,False,,5.2264612,-73.8714836
TRX-G16G0V37T6LMTNLDIIKJ,2026-04-18 07:28:20,2026-04-18,PRD-FM077QE60L3A,CLI-4S4OEVTJY9BU,Deposit,,13901530.32,COP,3475.38,ATM,SUC-3NEGSLF6,,,Colombia,Cali,Approved,00,False,22.87,5.0586365,-74.5848074
TRX-83NMV83ZRN5QE0HGOV99,2026-04-19 05:05:32,2026-04-18,PRD-LZ7RTA9SVL30,CLI-F52IZTVEXUTU,Transfer,,4221.52,USD,,POS,,,,México,Ciudad de México,Approved,00,False,7.53,-0.9229931,-0.5699943
TRX-FKVVLA3H1D3IJ9CSLR18,2026-04-18 11:20:01,2026-04-18,PRD-CN1U3R2DTJSG,CLI-HYM5XSZI0XMH,Withdrawal,,60414.05,ARS,172.61,ATM,SUC-10TO2Y3U,,,Argentina,Buenos Aires,Approved,00,False,0.96,,
TRX-8Z57PE80QJ3LHL5FV6MQ,2026-04-18 16:35:19,2026-04-18,PRD-VSVO9JC4X7CI,CLI-372C1C5JUF5G,Transfer,,3290615.98,ARS,9401.76,POS,,,,Argentina,Rosario,Approved,00,False,,-34.6837196,-59.1042321
TRX-CIU34INILJR1JLISX3I3,2026-04-19 02:31:20,2026-04-18,PRD-FOQ1KOMFRTBW,CLI-KI5MM5XKCZKF,Purchase,Food,333.08,USD,,Branch,SUC-UHIX6KQ4,Super Ahorro,Food,México,Monterrey,Approved,,False,,,
TRX-NRG4A1GYCDUYWZHUQVV8,2026-04-18 08:06:57,2026-04-18,PRD-ODI4FLCK4HXT,CLI-H39FG4QADJUW,Withdrawal,,123.82,USD,,ATM,SUC-S3V4CSL0,,,México,Querétaro,Approved,00,False,14.2,-0.7347355,-0.6897273
TRX-O92I7DXJ6951UFOQJ85N,2026-04-18 08:17:41,2026-04-18,PRD-I8375503V04D,CLI-2TA0KH08CMBB,Purchase,Transport,220.5,USD,,POS,,Taxi Seguro,Transport,México,Querétaro,Approved,00,False,21.42,,
TRX-56ZUWF7ZRVUDCI25YWLQ,2026-04-18 21:56:09,2026-04-18,PRD-DGDVOI5D428R,CLI-05DYHZ2C1MTX,Transfer,,8681.37,USD,,POS,,,,México,Monterrey,Approved,00,False,20.51,,-0.927532
TRX-0GQDUH8WRYF9MUMRVJXR,2026-04-19 00:11:44,2026-04-18,PRD-ESFQIE67CT7S,CLI-HAKABN69DOB7,Withdrawal,,101.42,USD,,App,,,,México,Puebla,Approved,,False,25.83,,
TRX-XDNMYRCQ3P5C2LT32IGN,2026-04-19 04:52:50,2026-04-18,PRD-3AITRSGYANFW,CLI-I1B2CSXF6EZ7,Payment,Food,1975.01,USD,,POS,,,,Colombia,Medellín,Approved,00,False,,,
TRX-WVDRZ7UE5V8AJ6XP6AOB,2026-04-18 14:47:22,2026-04-18,PRD-23ZZ3N4CGQDZ,CLI-5SOLJGXVXHE0,Withdrawal,,244.96,USD,,Web,,,,México,Ciudad de México,Pending,51,False,19.24,,
TRX-F9MQCPISI8P9ZYBQF274,2026-04-19 03:57:50,2026-04-18,PRD-YVOF8Z7IC3PL,CLI-7E5971SHZGY0,Withdrawal,,87.18,USD,,POS,,,,México,,Approved,,False,16.03,,
TRX-3RTC4NWM1FJR3Z0OOZ8P,2026-04-18 07:55:57,2026-04-18,PRD-M3MRDQM78SCC,CLI-L9PRJLLUEUC5,Adjustment,,547.61,USD,,ATM,SUC-4ZFT9FN6,,,México,Ciudad de México,Approved,00,False,,,
TRX-QKH313DY8Y4YLM7ANS69,2026-04-18 10:58:00,2026-04-18,PRD-THX7WVFJH15V,CLI-DCZ88WJL8BFF,Deposit,,6976235.61,COP,1744.06,Web,,,,Colombia,Medellín,Approved,00,False,6.87,,
TRX-J4ZWYOWOLK2ILFIPD631,2026-04-18 08:58:50,2026-04-18,PRD-RNYS3D7MZ370,CLI-2A2CWNZZCSPK,Purchase,Other,1824722.96,COP,456.18,POS,,Ferretería,Other,Colombia,Bogotá,Approved,00,False,,,
TRX-Y3ERR2R9PRWS8OO6Q67W,2026-04-18 10:32:23,2026-04-18,PRD-RTOWGPHZBQMX,CLI-TTDKQUHPU3AR,Deposit,,19937187.87,COP,4984.3,App,,,,Colombia,Cali,Approved,00,False,,,
TRX-2LPVYPERAFIWF8AEK1B4,2026-04-18 20:54:51,2026-04-18,PRD-H0QMPFWR4B4Z,CLI-D8E6TPQOC0D0,Transfer,,34798687.59,COP,8699.67,App,,,,Colombia,Barranquilla,Approved,00,False,15.08,,
TRX-84BLUL2E24FNUV9VL1I9,2026-04-18 14:39:37,2026-04-18,PRD-N2KNO67293SE,CLI-HZTITR76JRJD,Deposit,,1476068.28,ARS,4217.34,POS,,,,Argentina,Córdoba,Approved,00,False,17.37,,
TRX-DJV1JMOUSC90Y903FCYB,2026-04-18 18:58:01,2026-04-18,PRD-73EYJ28LHYFY,CLI-VBUFSY7F3RSH,Transfer,,2993.53,USD,,App,,,,México,Monterrey,Approved,,False,10.76,,
TRX-M2X93AW1MRN0BD6BPP64,2026-04-18 18:11:54,2026-04-18,PRD-GPU1485ALIYC,CLI-RR0BRB35NQZD,Transfer,,1042.95,USD,,Web,,,,Argentina,La Plata,Approved,00,False,23.52,,
TRX-EP5SR086RX8H420H8Y4K,2026-04-19 05:09:22,2026-04-18,PRD-67OEP3II4DDV,CLI-ZVBU3B0VWO0M,Purchase,Services,845064.12,COP,211.27,ATM,SUC-UNXOS8JB,Internet Plus,Services,Colombia,Bogotá,Approved,00,False,12.49,,
TRX-NXWM2TGH4F3M7RPRDLLL,2026-04-18 14:23:05,2026-04-18,PRD-UT0P6OOOW5Q8,CLI-ZWY3E0YNT9AS,Withdrawal,,104.79,USD,,App,,,,México,Puebla,Approved,00,False,15.49,,
TRX-9FGMVM26B4YM53TI294U,2026-04-18 10:16:59,2026-04-18,PRD-H0OCS5T6KWCL,CLI-0F0J8MOHZP6G,Purchase,Transport,818252.7,COP,204.56,POS,,Gasolinera Express,Transport,Colombia,,Approved,00,False,17.6,5.6434569,-73.844407
TRX-CTEPAGVMUPSZGKOR785X,2026-04-18 07:25:50,2026-04-18,PRD-6DGRXS42TPTW,CLI-248SAVKTXKTX,Withdrawal,,998611.1,COP,249.65,ATM,SUC-5AXOWGN3,,,Colombia,Cartagena,Approved,00,False,25.92,,
TRX-AZS8LA96FC4LZPNGU6PH,2026-04-19 01:54:19,2026-04-18,PRD-M52UD0UUCLZT,CLI-JQKC7TAW5K14,Purchase,Transport,499.89,USD,,POS,,Taxi Seguro,Transport,Argentina,Mendoza,Approved,00,False,19.44,-33.6645989,-58.4975013
TRX-XIY6HOE91NUI0N2ATA67,2026-04-18 07:04:21,2026-04-18,PRD-VB18TMJ47ISV,CLI-LXYY7C094QQR,Transfer,,199006.07,ARS,568.59,Web,,,,Argentina,Mendoza,Approved,00,False,9.25,,
TRX-QPNFFDIXE3NTHSHSPB1S,2026-04-18 10:32:59,2026-04-18,PRD-TC1FYE1KOXB5,CLI-J9OT38O51BHC,Deposit,,4243.51,USD,,POS,,,,México,,Approved,00,False,,,
TRX-KX1M8SLV90A5XK9IU6E0,2026-04-18 11:59:18,2026-04-18,PRD-K6PP21COO2H8,CLI-JIIH1DNISIXS,Purchase,Other,176.52,USD,,Web,,Ferretería,Other,México,Querétaro,Approved,00,False,11.73,,
TRX-1F5SMQPV2LIWBQGI9ZPV,2026-04-18 23:07:17,2026-04-18,PRD-4WSM1EVKPGA7,CLI-RJ0ONAC7KVLA,Withdrawal,,86050.64,ARS,245.86,Web,,,,Argentina,La Plata,Approved,00,False,0.43,,
TRX-NTSIR14WQPWUXCWRYA1N,2026-04-18 10:46:07,2026-04-18,PRD-I4TTA2334D0S,CLI-GX8LG7NI8FD0,Transfer,,906.9,USD,,Web,,,,México,Querétaro,Approved,00,False,0.22,,
TRX-VEVQSMUM97I6YGKJ22AE,2026-04-19 04:15:44,2026-04-18,PRD-XKOQT36CIY7M,CLI-RD74L4XXHBRO,Transfer,,758.99,USD,,App,,,,México,Guadalajara,Approved,00,False,11.05,,
TRX-ST5FO3N5L7407WAXI9F6,2026-04-19 04:39:44,2026-04-18,PRD-VVFMPYGNMXM0,CLI-4Q6M1J4MMTZ2,Transfer,,228.19,USD,,ATM,SUC-7TVQFT2O,,,México,Puebla,Approved,00,False,,,
TRX-FOHHQ7AVKXROCXV9WHM4,2026-04-18 23:44:20,2026-04-18,PRD-XMMXC08EHUXA,CLI-239R1ZLDZHK0,Purchase,Services,468.64,USD,,POS,,Empresa Telefónica,Services,Argentina,Córdoba,Approved,00,False,16.57,0.0484101,-0.8655122
TRX-5N3K60BMMCIHTJZ1AYRU,2026-04-19 00:51:45,2026-04-18,PRD-I6CDNNTSWUGQ,CLI-QFBNNLPKGV7J,Withdrawal,,33.19,USD,,ATM,SUC-7SL55GEJ,,,México,Guadalajara,Approved,00,False,,,
TRX-EIFRLH92UCIK8XMEP9ZS,2026-04-19 00:24:10,2026-04-18,PRD-Q2MEBFP8ZIUV,CLI-MB5X50A49ODV,Withdrawal,,1787450.04,COP,446.86,POS,,,,Colombia,Cali,Approved,00,False,19.56,,
TRX-OZTT5UHM07K34VD4JEL9,2026-04-18 06:44:54,2026-04-18,PRD-EVHH4GAOEQL4,CLI-86A0DXEJ373A,Payment,Food,1124.15,USD,,POS,,,,México,Puebla,Approved,00,False,13.78,-0.8428616,0.0724085
TRX-T1NY4XNW3N30UGRGJDZZ,2026-04-18 23:56:12,2026-04-18,PRD-OUA9Z8FHLSLW,CLI-G01B5ZZQK2N4,Payment,Entertainment,6671485.83,COP,1667.87,Web,,,,Spain,,Approved,00,False,10.59,,
TRX-74NOBVAV5Z20ETXS7MCB,2026-04-19 01:49:32,2026-04-18,PRD-SLETBJVEHBBB,CLI-X5A2XYR75BRP,Deposit,,9208152.0,COP,2302.04,Web,,,,Colombia,Cali,Approved,00,False,4.76,,
TRX-ZN916H81YNK3LR95EGJZ,2026-04-18 14:35:01,2026-04-18,PRD-CAQAB1KTQ5XO,CLI-HDIY3DYRTAA5,Payment,Transport,573139.89,ARS,1637.54,ATM,SUC-K32WS6T0,,,Argentina,Rosario,Approved,00,False,8.35,,
TRX-USWUWGRDP7DJ2PT5VNHF,2026-04-18 19:10:25,2026-04-18,PRD-ADPZZ1RQ41CM,CLI-UG7QU0H4PO5F,Payment,Transport,5651263.63,COP,1412.82,ATM,SUC-P6VSAH4U,,,Colombia,Medellín,Approved,00,False,9.85,4.8576274,-74.7075991
TRX-OQ7NBASNUG8U9MVKPEC1,2026-04-18 10:27:45,2026-04-18,PRD-8G2TDZ8O8DXF,CLI-92KVJL1ZOA63,Withdrawal,,154.49,USD,,ATM,SUC-BGMBLKDB,,,México,Guadalajara,Approved,00,False,3.78,0.4563678,-0.0122635
TRX-J5DTJHS9H59UWIBNBQMT,2026-04-19 03:24:05,2026-04-18,PRD-WGXOCK7CK1NX,CLI-JCZTSQLZ2UFQ,Adjustment,,3351471.84,COP,837.87,ATM,SUC-E1VTXGEU,,,Colombia,Barranquilla,Approved,00,False,16.53,4.421206,-74.1151594
TRX-G0PXSHG31GAYEN1KRFD5,2026-04-19 03:23:21,2026-04-18,PRD-O3IWYDVHUNQA,CLI-EYBIC6VLL4BT,Withdrawal,,204.9,USD,,POS,,,,México,,Approved,,False,,,
TRX-QV2H8MBP15OJN8NXD1UE,2026-04-18 12:37:38,2026-04-18,PRD-Y0TQUOJ45NXA,CLI-D637L9ALTIL2,Payment,Other,4347087.12,COP,1086.77,POS,,,,Colombia,Barranquilla,Approved,00,False,28.74,,
TRX-DR9JA07B8IFWJGBCNQQY,2026-04-18 14:12:14,2026-04-18,PRD-DN8ICZBSE4EF,CLI-GI3UJXV2F9FH,Transfer,,256.81,USD,,ATM,SUC-QE974U7T,,,México,Guadalajara,Approved,00,False,,,
TRX-6NHNOOWDBAWDK7PRJ3FK,2026-04-19 04:05:12,2026-04-18,PRD-5K260QOWJTI3,CLI-GL1BEPYM9ZSZ,Transfer,,7126.62,USD,,POS,,,,México,Tijuana,Approved,00,False,,,
TRX-HTLVPJY4NCQ42QZG5U9N,2026-04-18 06:41:32,2026-04-18,PRD-THTEFXY186QH,CLI-8KT9GBOZ0QL1,Withdrawal,,246052.44,COP,61.51,App,,,,Colombia,Barranquilla,Approved,00,False,16.64,,
TRX-3WC391BGJLZEX4ABLGPD,2026-04-18 23:15:26,2026-04-18,PRD-PINZ9BJ6C45R,CLI-IQ64EKAEG4IH,Purchase,Health,1457931.18,COP,364.48,POS,,Clínica Médica,Health,Colombia,Medellín,Approved,00,False,22.34,,
TRX-QNUOU1KHAP9OMPPHVSJV,2026-04-18 12:53:24,2026-04-18,PRD-K840XJIDSIV2,CLI-OKW7JWPOF1WC,Deposit,,16642975.2,COP,4160.74,POS,,,,Colombia,Bogotá,Approved,00,False,19.98,4.8706195,-73.3323316
TRX-5GVGKZQCUBV1AIYZHS1S,2026-04-18 22:20:53,2026-04-18,PRD-HB4QH0YK9FFO,CLI-NKI9XPOOXN50,Transfer,,3623.72,USD,,ATM,SUC-KT11NKNR,,,México,Monterrey,Approved,00,False,6.72,,
TRX-AIVVPI9R3ZN50BBCQE6M,2026-04-18 11:17:46,2026-04-18,PRD-Q6Q1XCJ5XQ2K,CLI-FQYV7C1J8ODL,Deposit,,578.41,USD,,App,,,,México,Guadalajara,Approved,00,False,25.32,,
TRX-5MTGCJ0YE2NPD333CQ13,2026-04-19 05:37:24,2026-04-18,PRD-A6OMUL13X2SN,CLI-RAUGGYA86ASX,Deposit,,14669001.21,COP,3667.25,Web,,,,Colombia,Cartagena,Approved,00,False,9.28,,
TRX-KGA81UMPO5DLZVKAXCOK,2026-04-19 03:08:16,2026-04-18,PRD-CQSH75P3AXEP,CLI-3NS6737P3WZS,Payment,Transport,770.12,USD,,Branch,SUC-SKR8GS10,,,México,Tijuana,Approved,00,False,2.87,,
TRX-QSV6G8HZB9TBDRP896SP,2026-04-18 19:32:55,2026-04-18,PRD-QA1QOF1ETEYZ,CLI-W1TKB5DU7KJE,Adjustment,,314.85,USD,,Web,,,,México,Tijuana,Approved,00,False,8.47,,
TRX-ZRKIKLPWTIFGVLOJUZK3,2026-04-18 23:36:35,2026-04-18,PRD-VT8U6704KZ7U,CLI-PSU2I8E60T0R,Payment,Services,1922.27,USD,,POS,,,,México,Puebla,Approved,00,False,,-0.6752471,0.9380923
TRX-0UOED2K1HOIXUWOZZQKO,2026-04-19 01:14:42,2026-04-18,PRD-QXJ7WJR48075,CLI-OGRK78HUMQAU,Payment,Other,1914.07,USD,,POS,,,,México,Ciudad de México,Approved,00,False,19.03,-0.062562,-0.8313519
TRX-QW7Z3ECHSVWEZ6XL5N2J,2026-04-18 08:30:22,2026-04-18,PRD-MX44FALL7O62,CLI-MIWK07RVXMGK,Transfer,,457381.92,COP,,App,,,,Colombia,Cali,Approved,00,False,9.77,,
TRX-2IHIDD8U1TZO43T2LVHA,2026-04-19 04:51:17,2026-04-18,PRD-9HYOHY15BURM,CLI-8192EBT5W988,Purchase,Transport,196.79,USD,,ATM,SUC-0OJNMRLP,Estación de Servicio,Transport,México,Puebla,Approved,00,False,,,
TRX-1UWG5P4PMZESPUZ3LN1N,2026-04-18 16:48:22,2026-04-18,PRD-BQAI8HT6G208,CLI-LTRU0NXB3X82,Adjustment,,596.89,USD,,App,,,,USA,Los Angeles,Approved,00,False,28.28,,
TRX-4P7XWO4XY0B5IG2JNYK5,2026-04-18 19:15:52,2026-04-18,PRD-UQN2CLCGTFFH,CLI-CY7BEMAUQUUL,Withdrawal,,78.2,USD,,App,,,,México,Tijuana,Approved,00,False,,,
TRX-EMDBEX38KTU4G26XJZ3O,2026-04-19 04:20:35,2026-04-18,PRD-BY8BARYTTB6S,CLI-PHISJXAFITND,Transfer,,19958228.48,COP,4989.56,ATM,SUC-XPLAOSH4,,,Colombia,Barranquilla,Approved,00,False,13.9,4.0798524,-74.9606064
TRX-Y43CRDUNXU3NWNBOI7U1,2026-04-18 13:12:41,2026-04-18,PRD-NKER4WFQWYN9,CLI-RMOLYNP7QX2A,Withdrawal,,183.95,USD,,ATM,SUC-NBZZWX8W,,,Brazil,Salvador,Approved,00,False,,,
TRX-6HD3EPQ1B2I6D8WLFSNJ,2026-04-19 02:43:10,2026-04-18,PRD-12RMRLYTFL9H,CLI-ZRZ2RNCJOR87,Deposit,,998.36,USD,,ATM,SUC-SUAMAVYV,,,México,Monterrey,Approved,00,False,6.1,,
TRX-AMZ7S2CNFUME85MU4781,2026-04-18 12:58:25,2026-04-18,PRD-Y77OFCXF2I39,CLI-2K5LASF6F7P2,Purchase,Entertainment,1436855.31,COP,359.21,Branch,SUC-X3OFCBL0,Conciertos Live,Entertainment,USA,Miami,Approved,00,False,25.89,,
TRX-ULJPISCOYH1GCGXI3Z9Q,2026-04-18 23:27:42,2026-04-18,PRD-5FI9J17460PK,CLI-EQZLS3XPU0PO,Purchase,Food,1033087.54,COP,258.27,POS,,Restaurante El Buen Sabor,Food,Colombia,Barranquilla,Approved,00,False,19.83,,
TRX-42SEFV5PN84QBYHZM3TE,2026-04-18 19:39:16,2026-04-18,PRD-BRHICQ4APCJG,CLI-806I1MMQ621X,Withdrawal,,427.8,USD,,ATM,SUC-VTIA5X8Y,,,México,Tijuana,Approved,00,False,27.86,-0.8222419,-0.1178457
TRX-8AF5EWUQKAEA2CKOXHAA,2026-04-18 07:46:49,2026-04-18,PRD-INSZ6CTWP52A,CLI-VM12UCHSW9GG,Withdrawal,,226475.07,COP,,ATM,SUC-4BEKYT6U,,,Colombia,Medellín,Approved,00,False,27.76,,
TRX-6A55LOZLNSUHLD78VODT,2026-04-18 16:38:34,2026-04-18,PRD-45UQYR2P1HDL,CLI-M8UCXTOZNCKL,Withdrawal,,28092.78,ARS,80.27,POS,,,,Argentina,Córdoba,Approved,00,False,4.12,-34.093609,-58.4544143
TRX-58H5QZGYBEO17NR2QWJN,2026-04-18 23:01:23,2026-04-18,PRD-D7U1XIWA1HAG,CLI-P054M9MRBVST,Adjustment,,605.8,USD,,Web,,,,México,Guadalajara,Approved,00,False,27.86,,
TRX-52E9TWACZTDIF894ZA4M,2026-04-18 21:21:21,2026-04-18,PRD-0QJWRCWF3Q2C,CLI-8DB8FY2UR7XM,Purchase,Transport,293.38,USD,,POS,,Estación de Servicio,Transport,Argentina,Buenos Aires,Approved,00,False,13.72,,
TRX-2V4X3WDD83KD7CDHVG7U,2026-04-18 11:12:59,2026-04-18,PRD-T890N8FLESGK,CLI-ULWJ7ZG5YB9Q,Withdrawal,,328.37,USD,,ATM,SUC-Y15GDF24,,,México,,Approved,00,False,2.81,,
TRX-DCU4LUKC1JDMPIF9TE3R,2026-04-18 21:24:03,2026-04-18,PRD-C61PFBEM8K78,CLI-GMS1A82VJGYD,Payment,,1620.21,USD,,App,,,,México,Guadalajara,Approved,00,False,25.6,,
TRX-XZJR6QSCR2LNVFLXLA10,2026-04-19 01:47:55,2026-04-18,PRD-2N8PBRKWZNB9,CLI-4ZJ2GZBVOURZ,Payment,Services,1840.6,USD,,App,,,,México,Ciudad de México,Declined,54,False,18.38,,
TRX-ERBN18GE0BMNR4OME5TE,2026-04-18 12:37:07,2026-04-18,PRD-217ANWT6LEPQ,CLI-4ZXBJUXBD3LL,Purchase,Services,47.7,USD,,ATM,SUC-6RHR3MME,Cable TV,Services,México,Ciudad de México,Approved,00,False,20.62,,
TRX-FRWSPHUJCK3LKMQPMPYP,2026-04-19 01:26:26,2026-04-18,PRD-GCTTCZ036J5M,CLI-2PV4DT05QRIE,Purchase,Services,1580065.05,COP,395.02,ATM,SUC-A6PLAS9M,Internet Plus,Services,Colombia,Cali,Approved,00,False,16.38,,
TRX-UTEGYUWZSMD36303MMKE,2026-04-18 21:00:07,2026-04-18,PRD-EQBICP5AW9F0,CLI-L0ALTNS2662U,Transfer,,2782.29,USD,,POS,,,,México,Monterrey,Approved,00,False,,,
TRX-PPM2HGKGO7M2HWF1C5B2,2026-04-19 02:09:21,2026-04-18,PRD-8HNXWUF3SP39,CLI-KMDLPWKDOKA7,Purchase,Other,10430.49,ARS,29.8,POS,,Centro Comercial,Other,Argentina,La Plata,Approved,00,False,23.52,-33.8933053,-59.206949
TRX-5B4MZTVH57TE5LPIWUQ8,2026-04-18 13:57:38,2026-04-18,PRD-OLDIFMEG41RE,CLI-9ZNFSOF7YJJ6,Withdrawal,,202395.32,COP,50.6,POS,,,,Colombia,Bogotá,Approved,00,False,8.68,,
TRX-8V46BN8IXW8YKONN9KDL,2026-04-18 15:51:20,2026-04-18,PRD-ZVUKO5Q28ZJN,CLI-GJ4XBPFO3U0O,Payment,Food,31099.82,ARS,88.86,ATM,SUC-RAI81ICG,,,Argentina,Mendoza,Approved,00,False,,,
TRX-5MN7Q1MD1D1LXRF7QQNU,2026-04-18 08:09:00,2026-04-18,PRD-70UC1U4KES96,CLI-PYBJZQKMT085,Withdrawal,,80910.9,ARS,231.17,ATM,SUC-SX32177B,,,Argentina,Córdoba,Approved,00,False,11.84,,
TRX-9DRVTRS2HDYLNGU453E2,2026-04-19 00:39:10,2026-04-18,PRD-D4DHA5JRL8RY,CLI-4AX9UWWB5ZZ3,Transfer,,4741.02,USD,,ATM,SUC-1DANZ3LD,,,México,Monterrey,Approved,00,False,26.35,,
TRX-CL7K7V4SURUBMA4PP5UO,2026-04-18 15:06:58,2026-04-18,PRD-QER9P9PUB58C,CLI-86JZY4EFWWT8,Deposit,,17791680.72,COP,4447.92,App,,,,Colombia,Medellín,Approved,00,False,27.6,,
TRX-BOMQ2EFC9Z4WFCCMPDFQ,2026-04-19 05:27:58,2026-04-18,PRD-BQHHDO93TSXW,CLI-FZLD2T9XLON6,Adjustment,,2281766.29,COP,570.44,POS,,,,Mexico,Ciudad de México,Approved,,False,,4.1957941,-73.3946103
TRX-9IS990RUTPW7V14JO9MO,2026-04-19 04:58:54,2026-04-18,PRD-HFXGZE3CAKJS,CLI-TFZSHUACLL4U,Withdrawal,,270.1,USD,,Branch,,,,México,Querétaro,Pending,51,False,,,
TRX-57CWJ8063WR6G7RJ7LUJ,2026-04-18 21:34:21,2026-04-18,PRD-WUFRFHVL3CJT,CLI-TE0V55H3JSEN,Purchase,Services,307.81,USD,,POS,,Internet Plus,Services,México,Puebla,Approved,00,False,21.35,,
TRX-J3QEV637BU38E82K9C92,2026-04-18 19:37:15,2026-04-18,PRD-H7IHHJXKMODU,CLI-07IY37K9F87N,Deposit,,1104.79,USD,,Web,,,,México,Guadalajara,Approved,00,False,,,
TRX-I3TNW9OTSGMJA9D6JBFX,2026-04-18 09:11:50,2026-04-18,PRD-U03AXN0JLTVS,CLI-L0CTORQFH1LY,Deposit,,922.7,USD,,POS,,,,México,Monterrey,Approved,00,False,25.08,,
TRX-WPQ0KXZGRHUFYBZ2TDJY,2026-04-19 03:53:51,2026-04-18,PRD-RYCG572ETA6R,CLI-17SA3KV4FAV1,Withdrawal,,155.01,USD,,POS,,,,México,Monterrey,Approved,00,False,12.56,-0.478715,-0.3558007
TRX-TFZNX5VMFIRBFZB5Z8FF,2026-04-18 22:33:34,2026-04-18,PRD-E9JUL0LPJB07,CLI-L33GPQSK2QTH,Purchase,Health,226.68,USD,,POS,,Clínica Médica,Health,México,Monterrey,Approved,00,False,7.54,,
TRX-YA124AG18096YK751R1L,2026-04-19 01:31:58,2026-04-18,PRD-S0TAL3365NKR,CLI-BPKENCPJSBE4,Withdrawal,,16196.39,ARS,46.28,POS,,,,Argentina,Mendoza,Approved,,False,19.93,,
TRX-LC7NLMF9K8R6H8RMTZXZ,2026-04-18 10:35:41,2026-04-18,PRD-M8XBQZB1WH7P,CLI-26WQYSNV3TYA,Transfer,,8204.61,USD,,ATM,SUC-3DCC91G4,,,México,,Approved,00,False,17.41,,
TRX-752RVGL87G2PIEQ8CA60,2026-04-18 07:24:14,2026-04-18,PRD-55FG1E06C5Q0,CLI-LINRQAPA9BGK,Withdrawal,,417.11,USD,,POS,,,,México,Puebla,Approved,00,False,25.81,,
TRX-694I3HWG26VY42W5L10D,2026-04-18 08:51:05,2026-04-18,PRD-NLSK8PNQWE2K,CLI-R5B6BDWWT35I,Payment,Entertainment,299182.29,ARS,854.81,POS,,,,Argentina,,Approved,00,False,1.58,,
TRX-32UBHASHG6HLJ4J5T9UY,2026-04-18 20:56:17,2026-04-18,PRD-WNXCRDR21ND5,CLI-OF9FQ96SWL4L,Payment,Services,1689105.73,COP,422.28,App,,,,Colombia,Barranquilla,Approved,00,False,16.42,,
TRX-ZOTP7INW3U2KOONFHXHF,2026-04-18 17:16:36,2026-04-18,PRD-194WHRZFE4HS,CLI-LR7A0SDWVV2N,Purchase,Services,154337.57,ARS,440.96,ATM,SUC-UVQ9U0YO,Servicios Públicos,Services,Argentina,Mendoza,Approved,00,False,5.69,,-58.0586973
TRX-BTSLBXIMSVT5QWD89AGE,2026-04-19 02:20:09,2026-04-18,PRD-W4O1W6MT51PS,CLI-6OIE60QCN8W3,Transfer,,2008.78,USD,,POS,,,,México,Ciudad de México,Approved,00,False,26.11,0.1833785,-0.5662627
TRX-YZHU3CSCCAT6Z99TPUG8,2026-04-18 21:56:10,2026-04-18,PRD-A08XXBNZVW93,CLI-AYF6RR1K9V9S,Payment,Food,1210.77,USD,,ATM,SUC-H4YG9DLY,,,México,Querétaro,Approved,00,False,,-0.2655968,0.7107215
TRX-ENZKRCNZR9WXTEK17W1C,2026-04-19 02:52:14,2026-04-18,PRD-K10IME13C96D,CLI-35DWCH1NMHW3,Payment,Food,3921841.71,COP,980.46,ATM,SUC-5NGX1P46,,,Colombia,Bogotá,Approved,00,False,,,
TRX-IW5N8QDOI24ZDATWXRW6,2026-04-18 06:51:11,2026-04-18,PRD-MO65GRSHRI67,CLI-3ASBQLP40YMJ,Deposit,,515.46,USD,,POS,,,,México,Monterrey,Approved,00,False,25.86,,
TRX-WAFFPB4MKLX80ABVK3F4,2026-04-18 19:13:29,2026-04-18,PRD-UUW2S2KG9WGA,CLI-NI4GF9WPAUDJ,Purchase,Entertainment,192.88,USD,,ATM,SUC-KNGCTTUB,Conciertos Live,Entertainment,México,Puebla,Approved,00,False,9.13,,
TRX-4QFVJZJE7EET4EGW2D8J,2026-04-18 11:17:06,2026-04-18,PRD-KFE61UPPACF0,CLI-5NOY74VL654Q,Transfer,,8878.42,USD,,POS,,,,México,Tijuana,Approved,00,False,26.17,-0.1556961,0.6224993
TRX-ZS0O5DLPELFFCSKN5KOJ,2026-04-18 11:11:39,2026-04-18,PRD-J14HSYERHXJF,CLI-10RW0LHQEPCE,Purchase,Services,74.02,USD,,ATM,SUC-KNGCTTUB,Empresa Telefónica,Services,México,Monterrey,Approved,00,False,11.76,,
TRX-GQCN8E11PZ647FV460XH,2026-04-19 05:04:48,2026-04-18,PRD-JSQHZE59UC4G,CLI-7L7RLHP791BX,Transfer,,2267.33,USD,,POS,,,,México,Ciudad de México,Approved,00,False,,,
TRX-8OFUK6H505BO38CXYG3F,2026-04-18 16:43:12,2026-04-18,PRD-AK9IYR0OKENU,CLI-QY2FIZIL9W2B,Withdrawal,,231.09,USD,,ATM,SUC-FV69BGCV,,,México,Monterrey,Approved,00,False,,,
TRX-M1K4ZLFJCS9Z5J68NIEH,2026-04-18 17:01:21,2026-04-18,PRD-4J5FK40C379H,CLI-DFZJX33IEOJ2,Purchase,,390.11,USD,,ATM,SUC-SUAMAVYV,Ferretería,Other,México,Ciudad de México,Approved,00,False,,0.0367196,-0.8952039
TRX-I8CJPCEVAQILBOCWW6MO,2026-04-18 20:45:28,2026-04-18,PRD-P2SQJ7HASKF6,CLI-P0I7YOR3JBIL,Transfer,,1440968.84,ARS,4117.05,POS,,,,Argentina,Buenos Aires,Approved,,False,,,
TRX-ULI32XXYF5SSMJOYFUMJ,2026-04-19 04:14:53,2026-04-18,PRD-85B86B4CJKXK,CLI-UZT4KDCF7WL1,Withdrawal,,155.86,USD,,Web,,,,México,Guadalajara,Approved,00,False,,,
TRX-EGIZS1RIYUM7JH2R7VQG,2026-04-18 11:39:35,2026-04-18,PRD-737UQVUZC106,CLI-1Q3OAU0ORANP,Withdrawal,,50.14,USD,,ATM,SUC-F61XHTE2,,,México,Tijuana,Approved,00,False,,,
TRX-0AIXT0RBNM2ITYFJ4Z21,2026-04-19 03:58:01,2026-04-18,PRD-W5YMON8LZFPK,CLI-466JHDG7Q79Z,Purchase,Services,520109.39,COP,130.03,ATM,SUC-U7NNFMS6,Internet Plus,Services,Colombia,Bogotá,Approved,,False,17.31,,
TRX-MYD68WQ0LJEOZG9YLRR1,2026-04-18 18:30:03,2026-04-18,PRD-OW0R0N58MZ4B,CLI-IKYUUX2S4FKW,Withdrawal,,27.99,USD,,POS,,,,México,Monterrey,Approved,00,False,,0.5546621,-0.8689235
TRX-HNFAAX7AS6TK87T6UFAK,2026-04-18 21:00:53,2026-04-18,PRD-0TEHNIGAB1BM,CLI-N25NHW0NHYXX,Payment,Transport,1450.22,USD,,ATM,SUC-EN5GYCON,,,México,Puebla,Approved,00,False,12.03,,
TRX-8202KZ70ELZGYOW8J2YE,2026-04-19 03:42:40,2026-04-18,PRD-7GEJVK9S3U6O,CLI-ET4QD37EX5NN,Withdrawal,,460.87,USD,,ATM,SUC-AXDYB0RQ,,,México,Querétaro,Approved,00,False,23.68,,
TRX-IEYPPRLX9SXCCC250KXK,2026-04-19 01:03:21,2026-04-18,PRD-0I5UX04I4LFV,CLI-XI6246KS1L15,Payment,Services,152.81,USD,,ATM,SUC-RJSJ0B0X,,,México,Monterrey,Approved,00,False,29.18,0.5218942,0.240703
TRX-MW0MJBQVN8HJBUY71SOK,2026-04-18 16:13:55,2026-04-18,PRD-RTABNVHTMXUS,CLI-SEFGO9SOV7OW,Withdrawal,,239.44,USD,,POS,,,,México,Monterrey,Approved,00,False,,,
TRX-BZ4MKKKXXQ2V1UVL6WYB,2026-04-18 13:30:52,2026-04-18,PRD-BQWLI726CT1R,CLI-PABYB864SMI1,Withdrawal,,139261.65,ARS,397.89,ATM,SUC-ZVPEMWQP,,,Argentina,Mendoza,Approved,00,False,29.45,,
TRX-R2IQRCT90CI3D7E5BPYF,2026-04-18 11:29:53,2026-04-18,PRD-1J0SHOP4EC6R,CLI-1G6RLCLTLJZJ,Payment,Entertainment,65.66,USD,,POS,,,,México,Guadalajara,Approved,00,False,12.67,-0.8030632,-0.9177187
TRX-KRCCZ2I61DU9GW53HN0E,2026-04-18 07:03:43,2026-04-18,PRD-3AETEWJBEAUJ,CLI-0TB5W8X461IP,Deposit,,4748.32,USD,,ATM,SUC-ZXOSBE5D,,,México,Puebla,Approved,00,False,17.13,,
TRX-WA1DTFU634K6K26W7Q71,2026-04-18 06:42:22,2026-04-18,PRD-CXAYY5223WQA,CLI-N2EHOQ1XIQQ6,Purchase,Services,94.19,USD,,Web,,Empresa Telefónica,Services,México,Puebla,Approved,00,False,5.92,,
TRX-SBM4SOG0YEYB2D6UT5C9,2026-04-18 19:55:00,2026-04-18,PRD-T4XMFPBGUN10,CLI-R3I3UD8D3ZOX,Adjustment,,534.57,USD,,POS,,,,México,Querétaro,Approved,00,False,2.96,,
TRX-PHLLPR6VOXXUAA7XIDKJ,2026-04-18 14:05:19,2026-04-18,PRD-IXV9YZSJIPPX,CLI-73K42S86VPTV,Deposit,,4614294.18,COP,1153.57,ATM,SUC-O4G07J7I,,,Colombia,Cali,Approved,00,False,,,
TRX-3WPG9OGTDMQJCKVGHZ6U,2026-04-18 08:54:48,2026-04-18,PRD-F8H4J3QRGEP7,CLI-BYBINMEUKSXL,Purchase,Services,484203.28,COP,121.05,Branch,SUC-UNXOS8JB,Cable TV,Services,Colombia,Bogotá,Reversed,14,False,4.84,,
TRX-6QGP452VDOC89F5486NQ,2026-04-18 12:35:27,2026-04-18,PRD-TAT650ZWEKDZ,CLI-EP8ROWTMBCKU,Deposit,,8591380.29,COP,2147.85,Web,,,,Colombia,Barranquilla,Approved,00,False,5.84,,
TRX-PUTGLGJS18T9H8IWRBHO,2026-04-19 04:05:00,2026-04-18,PRD-FSWUCZM6ULK1,CLI-ZUPYJ4ZSMS1D,Deposit,,4882582.13,COP,1220.65,Web,,,,Argentina,Rosario,Approved,00,False,13.29,,
TRX-UVLTP3HIC5EY6VH69CWW,2026-04-18 08:21:29,2026-04-18,PRD-4U7LCWBX0IJY,CLI-JW66GTIRGCY3,Transfer,,2642.16,USD,,ATM,SUC-YIS5JECV,,,México,,Approved,00,False,19.64,,-0.2776975
TRX-D7KZRRWDGLTQYC2U9173,2026-04-18 10:07:56,2026-04-18,PRD-8FHSZT3GFS3J,CLI-TWL0NHHRFN18,Transfer,,36701040.92,COP,9175.26,POS,,,,Colombia,Barranquilla,Declined,05,False,9.12,,
TRX-OOX7M5HJHILK1MTQ656K,2026-04-18 12:38:58,2026-04-18,PRD-J6LPT2AZ3ZBJ,CLI-64W3FX5DVXVR,Purchase,Transport,220.11,USD,,Web,,Uber,Transport,México,Puebla,Approved,00,False,19.19,,
TRX-0YE9GW01DDMYTB1E7ZHM,2026-04-18 16:30:35,2026-04-18,PRD-S3EBKGNDHJCZ,CLI-YRTOD34PYTSO,Transfer,,7454.89,USD,,App,,,,México,Puebla,Approved,00,False,22.65,,
TRX-0EJ6ZNEEP3DVGX4MJD43,2026-04-18 08:40:28,2026-04-18,PRD-RXKD7TO30114,CLI-NLE23QGRWLCG,Withdrawal,,1654992.63,COP,413.75,ATM,SUC-06LBAMRN,,,Colombia,,Approved,00,False,28.13,,
TRX-LB7UOLHY210GYS6IXW09,2026-04-18 08:00:17,2026-04-18,PRD-TMR8DB2O5XMJ,CLI-DHCQZ3PMS17Q,Purchase,Other,155.1,USD,,ATM,SUC-6V3PNVG9,Ferretería,Other,México,Tijuana,Approved,00,False,,,
TRX-B232ZLZ059EZXH090NJZ,2026-04-18 18:03:18,2026-04-18,PRD-JMGD2OYW3A85,CLI-5Y26VZB7AUAQ,Purchase,Services,662729.72,COP,165.68,Web,,Servicios Públicos,Services,Colombia,,Approved,00,False,17.47,,
TRX-C7AMPA2CTGM9BXI6WQGN,2026-04-18 16:35:07,2026-04-18,PRD-ZFRQ9GLWX8UN,CLI-SXCZW73UNIWF,Withdrawal,,389.05,USD,,Web,,,,México,Puebla,Approved,00,False,16.36,,
TRX-KVUXLXEX6HEYJ87WMMNL,2026-04-19 05:26:56,2026-04-18,PRD-NP1ZA40GCGD5,CLI-285LEUT1MTJB,Deposit,,788793.75,ARS,,App,,,,Argentina,La Plata,Declined,05,False,2.72,,
TRX-89ITB2366X0PMW8D7VTV,2026-04-19 05:09:49,2026-04-18,PRD-HRMSTEQCPMIR,CLI-JDGR1HO780M1,Withdrawal,,250.0,USD,,POS,,,,México,Guadalajara,Approved,00,False,3.98,,
TRX-3WEPO5RZ8PWPDVFY7E5Z,2026-04-18 23:55:11,2026-04-18,PRD-XQT7WA5CNCID,CLI-LSHIP6EX1825,Withdrawal,,31.51,USD,,ATM,SUC-HFPBAT4U,,,México,Puebla,Approved,00,False,19.47,,
TRX-QMSTR5CCMUI5IHMV3KCP,2026-04-18 23:54:05,2026-04-18,PRD-85NN683DP2IS,CLI-UWMP3SLNOW65,Withdrawal,,77.41,USD,,ATM,SUC-F61XHTE2,,,México,Monterrey,Declined,14,False,,,
TRX-TIUD4YP4NT3ZMC1RY1P6,2026-04-19 01:13:30,2026-04-18,PRD-2NGJ7JVNHQ0K,CLI-CKYN1UA2U9II,Deposit,,4213.62,USD,,ATM,SUC-YJSI0V1D,,,México,Querétaro,Approved,00,False,21.36,,
TRX-AUC7ZPAXISXU0PC5H6SM,2026-04-19 02:57:49,2026-04-18,PRD-3Q9NAG4VQTVZ,CLI-UIV4YCSOITWJ,Transfer,,8448.83,USD,,POS,,,,México,Tijuana,Approved,00,False,0.0,,
TRX-NOVV4UQ539ZJ9TKNNOU1,2026-04-18 10:16:50,2026-04-18,PRD-XR9U4X37YCNA,CLI-TBW7J1LGJ2GI,Purchase,Entertainment,1321768.66,COP,330.44,ATM,SUC-A1FLMPEF,Conciertos Live,Entertainment,Mexico,Monterrey,Approved,00,False,15.81,,
TRX-S0G4FDJ6I594DRT4JI6U,2026-04-18 22:40:14,2026-04-18,PRD-TOC1LWPJASVF,CLI-NP2SJOG8SCIK,Withdrawal,,353.26,USD,,POS,,,,México,Guadalajara,Approved,00,False,7.96,,
TRX-GWTPBA54FXIPHYUC3S4I,2026-04-19 00:35:10,2026-04-18,PRD-1LM5SICL8LLY,CLI-8Q0B0UWNX001,Payment,Services,1788.02,USD,,Web,,,,México,Ciudad de México,Approved,00,False,17.28,,
TRX-EW3CKOWJP2L6VLX0X2XN,2026-04-18 06:36:29,2026-04-18,PRD-AZ6HZM4S1UJW,CLI-3RZA17DOLMP3,Transfer,,8910.47,USD,,POS,,,,México,Tijuana,Approved,00,False,24.94,,
TRX-ADWQI44155DCL78GP9WR,2026-04-18 16:35:58,2026-04-18,PRD-DMX560OJSZOZ,CLI-GSV341WSB0ES,Payment,Food,1678.42,USD,,POS,,,,México,,Approved,00,False,,,
TRX-LEPM9S0J8HVNYWCZK5JI,2026-04-19 04:13:50,2026-04-18,PRD-ZIPU1Y51HN3U,CLI-YUMY89BJUNQG,Adjustment,,763.88,USD,,ATM,SUC-J532XZ5B,,,México,Ciudad de México,Approved,00,False,25.67,,
TRX-O4IQ8Z6FXYB9BBU0FJG5,2026-04-18 23:02:31,2026-04-18,PRD-BXDQ5R9YATOY,CLI-97M9S2SWBI0D,Withdrawal,,9858.2,ARS,28.17,Web,,,,Argentina,Córdoba,Approved,,False,,,
TRX-SC0VD7D08HLAPEQN3F5V,2026-04-18 07:32:18,2026-04-18,PRD-ZVA2XFDLX7SX,CLI-PLW37N64IA90,Withdrawal,,435.26,USD,,App,,,,México,Ciudad de México,Approved,00,False,18.58,,
TRX-72P8DV737TM4WVFFS9KS,2026-04-18 23:42:22,2026-04-18,PRD-BNUYA9G0VW9I,CLI-JIVUDFDB7ALZ,Deposit,,4137.96,USD,,App,,,,México,Puebla,Approved,00,False,18.64,,
TRX-7JSMM7CLSMWXQHYDQNUX,2026-04-18 17:49:36,2026-04-18,PRD-FM843L03D815,CLI-OXJXDYHS7P69,Withdrawal,,153.42,USD,,POS,,,,México,Guadalajara,Approved,00,False,21.34,,
TRX-B2SX75W1OMCVYQX7JD8V,2026-04-18 16:02:43,2026-04-18,PRD-V6H38MMSNUZI,CLI-HBCSGVLNUHN3,Withdrawal,,285.89,USD,,App,,,,México,Monterrey,Approved,00,False,23.29,,
TRX-C1EUODKXKN30ZY48G025,2026-04-18 09:16:05,2026-04-18,PRD-DB5FTE5BJ51H,CLI-SVWCCZPEOBDQ,Transfer,,1524.94,USD,,App,,,,México,Querétaro,Approved,00,False,,,
TRX-DTZ98QS0VMWPLAJWK4WQ,2026-04-18 19:20:44,2026-04-18,PRD-IGBX51USMHD9,CLI-6O7NCMP1L4MN,Withdrawal,,9240.89,ARS,26.4,Web,,,,Argentina,,Approved,00,False,28.51,,
TRX-KUCCLLK8VO05M4L00M2M,2026-04-18 12:14:05,2026-04-18,PRD-ZFZEF8BN1I18,CLI-XZZ2EUX7ABVK,Transfer,,260822.6,ARS,745.21,App,,,,Argentina,Córdoba,Approved,00,False,29.28,,
TRX-MANMAHI4GRPFDSPIH1DB,2026-04-18 17:21:37,2026-04-18,PRD-SCGAZEMI1ZOU,CLI-V8QHFB382WTE,Payment,Other,6968367.98,COP,1742.09,POS,,,,Colombia,Barranquilla,Approved,00,False,2.29,,
TRX-2WDAQ99T2SHP2A4TB4JP,2026-04-18 21:21:37,2026-04-18,PRD-IYI3V53SZYUB,CLI-AZQUJEXEOO7Q,Withdrawal,,274612.44,COP,68.65,ATM,SUC-OFZKCO6O,,,Colombia,,Approved,00,False,18.96,,
TRX-6Y212J4PLZGMKCPVQT9U,2026-04-18 13:14:13,2026-04-18,PRD-3JKBPXO8J6F9,CLI-XDV4PZ9DWHFA,Transfer,,32455587.69,COP,8113.9,POS,,,,Colombia,Barranquilla,Approved,00,False,0.4,5.5011581,-74.12541
TRX-7VRAZQ026BPHM19B7Y9Q,2026-04-19 02:52:26,2026-04-18,PRD-ZM801XEFRRJW,CLI-HAYBLELZK68L,Withdrawal,,99905.4,ARS,285.44,App,,,,Argentina,Mendoza,Approved,,False,29.73,,
TRX-OHAALN1FEZ8Y8QANTZ10,2026-04-18 23:36:48,2026-04-18,PRD-XCUREGAL8D2F,CLI-8K668C10MQD0,Purchase,Other,266.98,USD,,Branch,SUC-WSSLNOPN,,Other,México,Tijuana,Approved,00,False,25.62,,
TRX-1S0WBCRWAAETI3NAUYAC,2026-04-19 03:29:47,2026-04-18,PRD-4B41RQAOD9J3,CLI-0VD6RAJ9F6SM,Purchase,Other,265.84,USD,,App,,Centro Comercial,Other,México,Ciudad de México,Approved,00,False,23.47,,
TRX-HIIV8H342ILZLOE58E2A,2026-04-19 04:23:13,2026-04-18,PRD-387SAFZL09SA,CLI-BFP3EZACPSL3,Transfer,,38659954.06,COP,9664.99,POS,,,,Colombia,Cali,Approved,00,False,,,
TRX-QSW8IL4CHEG7MV97KZAS,2026-04-19 05:31:14,2026-04-18,PRD-8OLZFV890XQQ,CLI-U8PZ5XDRV8EJ,Transfer,,3465605.69,ARS,9901.73,POS,,,,Argentina,La Plata,Approved,00,False,22.31,,
TRX-53ZHQRK3LNG3X9CULWHF,2026-04-18 09:58:50,2026-04-18,PRD-7FA3GT3SQXKR,CLI-CQS6G3M6RNNV,Transfer,,9112.73,USD,,POS,,,,México,Guadalajara,Approved,00,False,13.48,,
TRX-Y6MKHZXRBO3DLPMOVK81,2026-04-18 21:27:12,2026-04-18,PRD-I44F8LHBVO31,CLI-JZ4YOAOHH4A6,Payment,Other,93.05,USD,,ATM,SUC-V5DT47YR,,,Argentina,Córdoba,Approved,00,False,23.34,-34.7054616,-59.1567962
TRX-MV0J32E8AFTG7F8N7OY2,2026-04-18 23:28:51,2026-04-18,PRD-UL1091UIFUEZ,CLI-RK3PDEOLI43L,Transfer,,3282209.48,ARS,9377.74,ATM,SUC-4JYR8GOV,,,Argentina,Buenos Aires,Approved,00,False,0.55,,
TRX-0QLV8DHTYFRL7B3GCNS8,2026-04-18 20:29:21,2026-04-18,PRD-F1XWYNM2SCSC,CLI-IC1U1W8SWG74,Transfer,,3029527.65,ARS,8655.79,Web,,,,Argentina,Buenos Aires,Approved,00,False,13.33,,
TRX-SF1OYVWXA4RYCJ565JDF,2026-04-18 06:58:20,2026-04-18,PRD-EE1L99S544FV,CLI-LEGSDJAN52DY,Withdrawal,,1233815.77,COP,308.45,Web,,,,Colombia,Cartagena,Approved,00,False,0.62,,
TRX-RLIE6VSL3CL2F1FN3RL3,2026-04-18 11:16:06,2026-04-18,PRD-VSHJT98C2NZE,CLI-3QPZGHHVKQVJ,Payment,Services,284438.73,ARS,812.68,ATM,SUC-RAI81ICG,,,Argentina,Rosario,Approved,,False,19.07,,
TRX-06J9J7EQZ5V6771NBM2N,2026-04-18 17:19:30,2026-04-18,PRD-BT6C6B0PSVX2,CLI-S8N1O0VRCK45,Purchase,Services,342.86,USD,,App,,Servicios Públicos,Services,México,Guadalajara,Approved,00,False,0.5,,
TRX-QZ5AK3V088XWJYM0D6X9,2026-04-18 17:09:22,2026-04-18,PRD-NMO242O167WI,CLI-V3JIYAG82R8U,Deposit,,4057.47,USD,,Web,,,,México,Querétaro,Approved,00,False,26.05,,
TRX-7DHVZUV0J77SGDQ8VS9X,2026-04-18 22:50:36,2026-04-18,PRD-ORP0MYSEWP0M,CLI-89AQ1G4ITJQX,Adjustment,,444.54,USD,,ATM,SUC-H4YG9DLY,,,México,Tijuana,Approved,00,False,0.41,0.6795164,0.0407393
TRX-JA2KTOA92RHTSZ0PJT18,2026-04-18 15:47:19,2026-04-18,PRD-S6P0D0NHHN3B,CLI-SWG0WP7NFM69,Payment,Other,1251.23,USD,,ATM,SUC-R1MU0X5G,,,México,,Approved,00,False,27.02,-0.6089488,-0.0762072
TRX-7EVGRZIQ4GW41LMSI7EV,2026-04-18 13:16:55,2026-04-18,PRD-5C73NI7CU8AX,CLI-FF3QRZL46ESF,Payment,Other,1288204.0,COP,322.05,ATM,SUC-KY2QIURA,,,Colombia,Bogotá,Approved,00,False,10.43,5.0229608,-74.5946636
TRX-XYP8EYVFFTHO69ZAGD6F,2026-04-18 17:48:43,2026-04-18,PRD-A7LTB7EID7BF,CLI-GL0F8FY9UIW0,Deposit,,905.36,USD,,POS,,,,México,,Approved,00,False,3.11,,
TRX-YF51TYKO2B96WRAB436N,2026-04-18 18:58:14,2026-04-18,PRD-UQBJYU04IVX3,CLI-SUZGR90GKAYB,Transfer,,760.63,USD,,App,,,,México,Querétaro,Approved,00,False,16.43,,
TRX-Y4H6SCV3192XBC1V2D9U,2026-04-18 06:17:48,2026-04-18,PRD-WS717EKXGD3Z,CLI-WWJ9L30FIXHU,Withdrawal,,1955372.44,COP,488.84,Web,,,,Colombia,Barranquilla,Approved,00,False,27.38,,
TRX-1768ZTJJCQN52D3H42ZR,2026-04-19 01:39:54,2026-04-18,PRD-CU6ZE5WN0WGZ,CLI-RUBHHMOH3TO8,Transfer,,6839.13,USD,,App,,,,Colombia,Cartagena,Approved,00,False,9.49,,
TRX-CQJRCSIHDNR2RFFUEU54,2026-04-18 21:20:47,2026-04-18,PRD-CWPWXAXQ2JP9,CLI-EAQYEWNGCA7A,Payment,Other,7454049.82,COP,1863.51,POS,,,,Colombia,Cali,Approved,00,False,,3.7656511,-73.5562835
TRX-6ZTYG5667O826609VIZE,2026-04-18 06:46:22,2026-04-18,PRD-XKRBMXHC3THJ,CLI-IXIKS9Y4QG06,Transfer,,2818.94,USD,,Web,,,,México,Querétaro,Approved,00,False,,,
TRX-7QS8W5WMTGSV1PDECTN7,2026-04-18 23:18:54,2026-04-18,PRD-K2KE6M64KJXR,CLI-2QR1J3N6DIJE,Withdrawal,,312.61,USD,,POS,,,,México,Querétaro,Approved,,False,7.86,,
TRX-54SI1G14FUM2ZY3M832H,2026-04-19 02:44:37,2026-04-18,PRD-F39RCFFJG8HH,CLI-DT4ASV0D9QG4,Payment,Other,379386.16,ARS,1083.96,POS,,,,Argentina,,Declined,54,False,22.49,,
TRX-PTQMVWB7HEHZKYSEAXQT,2026-04-18 16:49:33,2026-04-18,PRD-TSTEDJDMMC1E,CLI-H27T258B4A3Y,Adjustment,,510.38,USD,,Web,,,,México,Ciudad de México,Approved,00,False,20.94,,
TRX-OHM9CGKUFL2UA33CKQDN,2026-04-18 19:03:20,2026-04-18,PRD-CSL4A5UW5UWH,CLI-TU4HWWMEZOTC,Transfer,,13279318.21,COP,3319.83,POS,,,,Colombia,,Approved,00,False,5.07,,
TRX-WZD08D0XREEA8E17ZZRF,2026-04-18 19:40:25,2026-04-18,PRD-ZLGVM99K1MMS,CLI-FW97V6GJESR2,Payment,Transport,318.61,USD,,App,,,,México,Ciudad de México,Approved,00,False,,,
TRX-FR9M5YH3DUZ06EXZBHMP,2026-04-18 22:00:43,2026-04-18,PRD-KCJ89KUYC8G9,CLI-PW02OR3HLXDL,Withdrawal,,345.83,USD,,Web,,,,México,Puebla,Pending,05,False,17.0,,
TRX-AJAEQW2FS6JWTJGTT9XI,2026-04-18 14:31:03,2026-04-18,PRD-SNLRMGKO2YQ4,CLI-5FA7XFUZ70SO,Payment,Services,1650.61,USD,,ATM,SUC-9S92DZ9T,,,Colombia,Medellín,Approved,00,False,16.67,,
TRX-YYIH338BHJYR4SCEA6CY,2026-04-18 21:23:56,2026-04-18,PRD-5BHDPJ1X7X5R,CLI-MMWVSP9EHIBR,Withdrawal,,49747.18,ARS,142.13,POS,,,,Argentina,Rosario,Approved,00,False,17.24,,
TRX-IR0Z0QUNPFP8CW545T7I,2026-04-18 21:07:40,2026-04-18,PRD-MW7GBFGJE8IU,CLI-L5ZTS6T2GIZI,Purchase,Food,246.18,USD,,POS,,Tienda Don José,Food,Colombia,,Approved,00,False,16.59,,
TRX-DLIFC7U5XRZLXBDV8H1N,2026-04-18 11:38:04,2026-04-18,PRD-FA6FKW2FPSRR,CLI-YAK9T2WP90DG,Adjustment,,567.67,USD,,POS,,,,México,Puebla,Approved,00,False,25.76,,
TRX-GTKXYW01X3X9TRDO5O5U,2026-04-18 12:26:53,2026-04-18,PRD-ZKIVK3W1A9VO,CLI-VE3VCPC3ZOT4,Purchase,Transport,422.61,USD,,App,,Taxi Seguro,Transport,México,Tijuana,Approved,00,False,15.84,,
TRX-X7XQQD9NOVC0VU45KXNO,2026-04-18 06:44:30,2026-04-18,PRD-IIIBEVYJIVRK,CLI-AEZSTFI2UMNL,Purchase,Entertainment,578902.76,COP,144.73,POS,,Cine Premium,Entertainment,Colombia,Medellín,Pending,14,False,0.1,4.8288599,-74.1772838
TRX-QU0WUTQLFIGF82L7YPS6,2026-04-18 20:22:49,2026-04-18,PRD-RXJDRP05L87Y,CLI-BDHRW27IYUT4,Deposit,,3637.56,USD,,POS,,,,México,Guadalajara,Approved,00,False,24.54,,
TRX-AMIU3337CBO3L0CR4TG7,2026-04-18 15:16:52,2026-04-18,PRD-UGNROQ8XCPQ7,CLI-NLLER38K884I,Purchase,Health,105317.59,ARS,300.91,Web,,Óptica Visión,Health,Argentina,,Approved,00,False,24.54,,
TRX-FYBFBXG16Q3IPURDMYWL,2026-04-18 06:57:25,2026-04-18,PRD-H7SWGZT3VIV9,CLI-A23UIT0ES8SV,Withdrawal,,1435999.61,COP,359.0,POS,,,,Colombia,,Approved,00,False,23.66,,
TRX-H52I4CWU6FZ0T7BRZC9D,2026-04-18 06:19:07,2026-04-18,PRD-WA9SB8UCRC50,CLI-OMPCCUZ62GTN,Purchase,,496.34,USD,,App,,Internet Plus,Services,Argentina,Rosario,Approved,00,False,22.03,,
TRX-8PCNS2DNMWPPSPVD217S,2026-04-18 15:58:59,2026-04-18,PRD-Y9E3IZOEKHQ5,CLI-Q4BJD4NH3EB4,Adjustment,,497.19,USD,,ATM,SUC-WU56M94O,,,México,Querétaro,Approved,00,False,,,
TRX-Z4FHTAUN8N4W52BJU5PE,2026-04-18 22:32:14,2026-04-18,PRD-2KN25ECSQ6Y6,CLI-K4HM1SYKGWZO,Transfer,,18923730.31,COP,4730.93,ATM,SUC-JA4P9IIP,,,Colombia,Barranquilla,Declined,05,False,21.96,,
TRX-X0I8EOPMUK2070TZBP05,2026-04-18 09:52:24,2026-04-18,PRD-L0J63GYJP13O,CLI-0OXU5J98VBJV,Purchase,Services,135974.44,ARS,388.5,POS,,Cable TV,Services,Argentina,Córdoba,Approved,00,False,12.36,,
TRX-D7N3O2Y0AV7A4G920HHG,2026-04-18 11:13:21,2026-04-18,PRD-DBHF9LVDN72C,CLI-R35JMW81816O,Purchase,Health,1645454.38,COP,411.36,POS,,Clínica Médica,,Colombia,Barranquilla,Approved,00,False,2.11,,
TRX-K9MOCRCAWN729E90WDG5,2026-04-18 13:34:59,2026-04-18,PRD-RZAAK431B3C8,CLI-E3RRVN8KJKT0,Payment,Health,5334499.25,COP,1333.62,POS,,,,Colombia,Medellín,Approved,00,False,22.81,,
TRX-PWBMRELFRDQ0OSG9AAPA,2026-04-19 03:09:11,2026-04-18,PRD-RU5BBKJEB46A,CLI-2CSRS62JELT8,Transfer,,49538.89,ARS,141.54,Web,,,,Argentina,Mendoza,Approved,00,False,7.7,,
TRX-B59QID8JERENUQQCDOX0,2026-04-19 05:56:01,2026-04-18,PRD-3BCROUB8LFEZ,CLI-EF4168SJ6E7A,Transfer,,346.95,USD,,ATM,SUC-SFEFYC6O,,,México,Monterrey,Approved,00,False,3.06,0.7521023,-0.4753008
TRX-IDDXXONN3OUZ9YA2UP4E,2026-04-19 00:26:25,2026-04-18,PRD-Y8LJ62R09JWG,CLI-58APL26CWU72,Payment,,353.87,USD,,POS,,,,México,,Approved,00,False,5.38,,
TRX-LDK2EUQLQJBZODFYOFFW,2026-04-18 08:24:51,2026-04-18,PRD-SZRD02AH3MX7,CLI-ZA562E4XR8HA,Payment,Entertainment,607661.94,ARS,1736.18,ATM,SUC-D4W8JR4A,,,Argentina,La Plata,Approved,00,False,15.2,,
TRX-9F92C77N9AN35L1DDQEB,2026-04-18 14:19:39,2026-04-18,PRD-PTW5S6WVDO93,CLI-V2QN669YK7W7,Deposit,,1192.29,USD,,App,,,,México,Puebla,Approved,00,False,,,
TRX-OD66UQPX054E06ET6CHH,2026-04-18 21:15:13,2026-04-18,PRD-DWZ8KBVD008E,CLI-UYOJ3H49NYJQ,Deposit,,3983.42,USD,,POS,,,,México,Monterrey,Approved,00,False,2.66,,
TRX-A85TNIWEI0JTDAERM2WO,2026-04-18 07:45:37,2026-04-18,PRD-UFPIA0MMFRKU,CLI-IJBG4NXEXSCI,Transfer,,13905633.43,COP,3476.41,POS,,,,Colombia,Bogotá,Approved,00,False,,,
TRX-MZ2JMXRKKP26BN5OXFPC,2026-04-18 06:32:08,2026-04-18,PRD-JLR7HBH7VAK9,CLI-V65QKAUT1WW0,Transfer,,28076478.16,COP,7019.12,Web,,,,Colombia,Cartagena,Pending,14,False,18.76,,
TRX-NLAN3T4NIOG7J4I8MGX1,2026-04-19 05:48:43,2026-04-18,PRD-8CHS19YNY0IU,CLI-T3P5Y6SNSMWP,Purchase,Health,62101.72,ARS,177.43,Web,,Óptica Visión,Health,Argentina,Córdoba,Approved,00,False,10.95,,
TRX-ZLJTAME624HKNFR7Y23W,2026-04-18 23:00:10,2026-04-18,PRD-3V96T0H8D5D0,CLI-MKRGN204Z43F,Transfer,,18558721.67,COP,4639.68,ATM,,,,Colombia,Medellín,Approved,00,False,24.62,,
TRX-C6S0Z0PP1N366EFJZ5B2,2026-04-19 00:51:18,2026-04-18,PRD-D0ESKKT4GXH0,CLI-AQZVYAORNKLM,Withdrawal,,122.05,USD,,ATM,SUC-F1BZEJXJ,,,México,Tijuana,Approved,00,False,,,
TRX-G50FZUS5SHF69V8YW0XK,2026-04-18 19:25:54,2026-04-18,PRD-EK0PQFGOQL2X,CLI-R69MQQUKWB8W,Payment,,6266538.02,COP,1566.63,ATM,SUC-YH0U3LVW,,,Colombia,Cartagena,Approved,00,False,1.51,,
TRX-7PM74Q8NG3U0XWXTW4XB,2026-04-18 08:17:36,2026-04-18,PRD-RP61TJLAI4PP,CLI-Y0UTFVEKBW7J,Deposit,,2002.34,USD,,POS,,,,Argentina,Mendoza,Approved,00,False,24.46,,
TRX-SP06T10TBHQIGZ37XTIV,2026-04-18 06:32:46,2026-04-18,PRD-W7IY967MAC8H,CLI-GYACTHEYG97Z,Deposit,,4820.33,USD,,POS,,,,Spain,Madrid,Approved,00,False,1.35,0.3139149,0.2002574
TRX-T8CLOEZEYAFQMB8AOVBV,2026-04-18 15:36:35,2026-04-18,PRD-X998OYY05QPJ,CLI-ILRY0819XF7S,Transfer,,1009.67,USD,,App,,,,Argentina,Buenos Aires,Approved,00,False,,,
TRX-4OHP2MZHAFP4HYGIU72M,2026-04-19 02:42:08,2026-04-18,PRD-5QBLXKHSB0FX,CLI-U7W9KZJUAWYJ,Transfer,,4706.31,USD,,ATM,SUC-EN5GYCON,,,México,Monterrey,Approved,00,False,20.29,,
TRX-6PUYIGL102O8V558CWDP,2026-04-18 18:07:08,2026-04-18,PRD-SG299PBEBL4Y,CLI-DLS1IO4K7W0M,Purchase,Health,35.37,USD,,App,,Óptica Visión,Health,Argentina,Córdoba,Approved,00,False,14.83,,
TRX-A6PBZ5WOXU8CZF1KC87C,2026-04-18 15:58:12,2026-04-18,PRD-YJ2IRP4K6ETB,CLI-CS20XEXFK236,Transfer,,2677875.8,COP,669.47,App,,,,Colombia,Cali,Approved,00,False,8.43,,
TRX-MV3V4A7VQOJSZ229ODT7,2026-04-18 09:42:11,2026-04-18,PRD-49JKD970N8L3,CLI-TXKNEX3DZ1DK,Withdrawal,,866606.4,COP,216.65,POS,,,,Colombia,,Approved,00,False,,4.8058588,-74.6211248
TRX-PUAAZH7HWB0YZTH0Y8M0,2026-04-19 05:16:57,2026-04-18,PRD-6N52R9AZBQH3,CLI-2WDWA0FJZ104,Transfer,,2230204.01,ARS,6372.01,Web,,,,Argentina,Rosario,Approved,00,False,17.25,,
TRX-NC8KHMYO9UJQQ1CJCSIA,2026-04-18 06:14:06,2026-04-18,PRD-M35L8XE3U4SV,CLI-G93TTJB3W95W,Payment,Food,5012519.98,COP,1253.13,Web,,,,Colombia,Cartagena,Approved,00,False,5.98,,
TRX-JC6DEL07INBTK6DOX9H2,2026-04-18 23:19:46,2026-04-18,PRD-FWDKE34GBIUN,CLI-Z2WTFIC5LETO,Transfer,,947.84,USD,,POS,,,,México,Ciudad de México,Approved,00,False,5.35,,
TRX-19EU695UDYIMIJ4M5SBB,2026-04-19 03:11:54,2026-04-18,PRD-XDF7SHV4X8C7,CLI-E0Z5ZJL3TDLX,Withdrawal,,18921.65,ARS,54.06,POS,,,,Argentina,Mendoza,Approved,00,False,28.39,,
TRX-JDU20G2ZPSO48OKAGYWX,2026-04-19 04:57:46,2026-04-18,PRD-4DLS44YOBB2L,CLI-JCU8C3YH2O0J,Transfer,,6146.47,USD,,App,,,,México,Tijuana,Pending,14,False,,,
TRX-B3L7HQOBZV7UHZ9J08UZ,2026-04-18 17:11:54,2026-04-18,PRD-LIT4OCMKB19A,CLI-MWA7X9VE1A76,Transfer,,7460815.97,COP,1865.2,POS,,,,Colombia,Cali,Approved,00,False,24.7,,
TRX-YW5W5RMDWYBGMK4HRIVZ,2026-04-18 16:40:13,2026-04-18,PRD-SSLXBDSNGHH0,CLI-4AEPJSZ8XFZG,Payment,Food,731.74,USD,,Web,,,,México,Querétaro,Approved,00,False,,,
TRX-UJJQG0IOGCCGHKGSEMQB,2026-04-18 10:26:27,2026-04-18,PRD-DYUKQ6ZKA7YA,CLI-BOF3NHCAP21R,Withdrawal,,373.58,USD,,ATM,SUC-2ATW7QMQ,,,México,,Approved,00,False,25.51,,
TRX-8A5UZUTO2NYMS7QVUN0V,2026-04-19 03:09:23,2026-04-18,PRD-EGV5OJ7WCI1I,CLI-CYMS6SW9JS0V,Purchase,Entertainment,456.78,USD,,Web,,Cine Premium,Entertainment,México,Guadalajara,Pending,51,False,22.15,,
TRX-9GDO9L1OEO4RGBEZOYV2,2026-04-18 21:09:34,2026-04-18,PRD-SJGQNQF9CBPN,CLI-KLXF0NPYGXUX,Payment,Other,2903222.7,COP,725.81,POS,,,,Colombia,Cali,Approved,00,False,2.93,4.3352107,-73.963165
TRX-N3BVQ1HR9JEQUJ1133ER,2026-04-18 23:50:24,2026-04-18,PRD-E47SSAZV9IFF,CLI-E0V4WW4VF2FB,Payment,Entertainment,503729.99,ARS,1439.23,POS,,,,Argentina,Buenos Aires,Approved,00,False,15.27,,
TRX-F1SY4O8ERR3KGS4VQWDC,2026-04-19 02:45:04,2026-04-18,PRD-B0DJID02AX8P,CLI-A14FANIOJTZA,Withdrawal,,228.55,USD,,ATM,SUC-QZU3WHKF,,,México,Querétaro,Declined,51,False,,,
TRX-SFHFA1Y3JVIA106CJT79,2026-04-18 06:23:39,2026-04-18,PRD-JY6DLV0OLW6X,CLI-IU9FFOT344E7,Withdrawal,,411.78,USD,,ATM,SUC-2ATW7QMQ,,,México,Tijuana,Reversed,51,False,29.13,,
TRX-GI83G08NK5O6LGJW7VNN,2026-04-19 03:09:00,2026-04-18,PRD-OF7M402LHOFM,CLI-FXWXWDEN6XXL,Deposit,,1064051.1,ARS,3040.15,POS,,,,Argentina,,Approved,00,False,16.66,-35.1415347,-57.4263434
TRX-XQRG94T8J6J0L06LT2QD,2026-04-19 02:07:08,2026-04-18,PRD-PP5DDCHLPAHD,CLI-C5OBMFH8YG1Q,Withdrawal,,183593.88,COP,45.9,App,,,,Colombia,Medellín,Approved,00,False,6.59,,
TRX-WUAOC87FZ9HMDWCZQ444,2026-04-18 15:11:39,2026-04-18,PRD-P63L1XBKMGW4,CLI-0D569FD613RJ,Purchase,Services,22875.92,COP,5.72,App,,Empresa Telefónica,Services,Colombia,Cali,Approved,00,False,24.19,,
TRX-N1TKSG5RKNJKIOKEBUV3,2026-04-18 14:58:12,2026-04-18,PRD-NMQK9812UBZM,CLI-8WNTUZJOPP7V,Withdrawal,,775863.9,COP,193.97,App,,,,Colombia,Cartagena,Approved,00,False,3.95,,
TRX-0GJO7NVC13TYQYP06VY7,2026-04-19 00:05:02,2026-04-18,PRD-4W467TTEP5JV,CLI-5Y118GBYFT8O,Payment,,440.36,USD,,POS,,,,México,Puebla,Approved,00,False,,,
TRX-2RFK5VE6B65HIG9DD4S2,2026-04-18 15:13:53,2026-04-18,PRD-GN2TJOFO51M1,CLI-BEGEPE6PNCPP,Withdrawal,,743970.38,COP,185.99,Web,,,,Colombia,Barranquilla,Declined,54,False,7.21,,
TRX-1DMXD22FJYKE9AIAMXMV,2026-04-19 01:57:37,2026-04-18,PRD-W9HFVI58RPFG,CLI-56T7PK6KJB31,Payment,Other,1323.57,USD,,App,,,,Colombia,Barranquilla,Approved,00,False,,,
TRX-61SKHDIYKGZWRLHJH90T,2026-04-19 03:08:21,2026-04-18,PRD-5GQH934CZ5C4,CLI-URIJSIQJAR4S,Withdrawal,,488.0,USD,,App,,,,México,Ciudad de México,Approved,00,False,25.96,,
TRX-BKTAGWK1SK5IR662WJP4,2026-04-18 08:25:17,2026-04-18,PRD-S6Q8HP16TMB3,CLI-FQZNHC7LXMCY,Withdrawal,,410299.46,COP,102.57,POS,,,,Colombia,Medellín,Approved,00,False,6.11,,
TRX-Y0Y5FK7AKL46Z64YGQRM,2026-04-18 19:28:50,2026-04-18,PRD-S86XAR9W63L4,CLI-O0BBFWCPRRJ4,Payment,Food,1273.84,USD,,POS,,,,México,Tijuana,Approved,00,False,17.42,-0.4034146,-0.66778
TRX-8D3NZZPOFETVNVRJP474,2026-04-18 06:08:15,2026-04-18,PRD-X25QFI10U2TF,CLI-6MAQM1BXAU08,Transfer,,4589.81,USD,,ATM,SUC-AXDYB0RQ,,,México,Ciudad de México,Approved,00,False,23.22,-0.5814321,0.4555995
TRX-AG5GP5PMBDC8RMHH2134,2026-04-19 00:45:54,2026-04-18,PRD-D63QCYIPQL19,CLI-JX9S4SG5RK3M,Transfer,,2170.96,USD,,POS,,,,México,Ciudad de México,Declined,54,False,26.11,-0.9273684,
TRX-MQMAE2A3RMVDPYP8L8OP,2026-04-18 09:27:21,2026-04-18,PRD-Y5MTP4181IV3,CLI-GYSX9MXRQ9D9,Purchase,Entertainment,84839.15,ARS,242.4,ATM,SUC-46JOBFMX,Cine Premium,Entertainment,Argentina,Mendoza,Approved,00,False,22.22,-33.8515515,-58.2551325
TRX-6QQA90VN1QSCUQRL72RH,2026-04-18 08:55:23,2026-04-18,PRD-PA6F1BQ1BXOA,CLI-VCZJ6ES8NWMG,Payment,Food,1153.25,USD,,Branch,SUC-N8LPAX0U,,,México,Monterrey,Approved,00,False,0.29,0.8019624,0.1109313
TRX-EBW7UTMYZ7Y4N1PDP5SL,2026-04-18 14:37:46,2026-04-18,PRD-9RICLMXHM04W,CLI-1MK2N76F1NFB,Payment,Transport,650.13,USD,,ATM,SUC-1G7XCTV8,,,México,Guadalajara,Approved,00,False,16.21,0.70944,0.4608562
TRX-4N33LB7L3ZAEJU79HSE0,2026-04-18 09:27:09,2026-04-18,PRD-HMN4WOQIU659,CLI-QAC1SUS9U3ER,Withdrawal,,326.28,USD,,POS,,,,México,Puebla,Approved,00,False,7.5,,
TRX-2AGXKZMKIYKTWUN9ENPV,2026-04-18 09:22:34,2026-04-18,PRD-0GCL1KYH3402,CLI-1JOJDAUXJROJ,Deposit,,1484.06,USD,,ATM,SUC-1DANZ3LD,,,México,Monterrey,Approved,,False,16.41,,
TRX-4TW76FDXULYVI57N4XRM,2026-04-18 18:06:05,2026-04-18,PRD-FUCJL6O43V8E,CLI-COFCVU8C6H14,Purchase,Food,384.74,USD,,ATM,SUC-RF3372LI,,Food,USA,Miami,Approved,00,False,15.02,,
TRX-HAW1ALK4VN5G9F7U91DU,2026-04-18 12:33:40,2026-04-18,PRD-N3HKIT8ZDF34,CLI-LECFPB94Q6FO,Purchase,Food,702429.59,COP,175.61,POS,,Restaurante El Buen Sabor,Food,Colombia,Cali,Approved,00,False,16.59,,
TRX-THKS4743UVV30B6T7RRD,2026-04-18 12:18:04,2026-04-18,PRD-07XDV72HHESD,CLI-FQWYP99E7E5G,Withdrawal,,91.49,USD,,POS,,,,México,Monterrey,Approved,00,False,12.29,,
TRX-B0Y3R96DPXV5WRB0E2Y5,2026-04-18 23:26:30,2026-04-18,PRD-XD9RURU1K8H0,CLI-KCTKTO7Z6SKN,Deposit,,4163.36,USD,,Web,,,,México,Ciudad de México,Approved,00,False,8.22,,
TRX-CD4OH3QE3UOBKMMPBXT0,2026-04-18 15:25:34,2026-04-18,PRD-PN3BVPU7WOFQ,CLI-V9TJI6TWP8DL,Purchase,Other,77.0,USD,,POS,,Tienda General,Other,México,,Approved,00,False,1.8,,
TRX-ILJS2R7OCRH56VGDCWSD,2026-04-18 20:19:14,2026-04-18,PRD-28A8XS3YIJ4N,CLI-C65YNKBNFW31,Payment,Services,1086.5,USD,,App,,,,México,Monterrey,Approved,00,False,,,
TRX-FFZXOAQHBC4P7CJNCBS1,2026-04-18 22:34:11,2026-04-18,PRD-3EVVYSTNX7ON,CLI-95NV2GCX5TED,Payment,Food,4151825.54,COP,1037.96,App,,,,Colombia,Medellín,Approved,00,False,6.27,,
TRX-YAQJWTJWF0VDJVEM83Z5,2026-04-18 16:43:10,2026-04-18,PRD-AC49FV83KBST,CLI-Q2X7YCIUTJ1V,Deposit,,9352713.29,COP,2338.18,ATM,SUC-1NFIF0G0,,,Colombia,Medellín,Approved,00,False,25.86,4.4081624,-73.6965869
TRX-GJAOJ4F11M6V79P6W7MM,2026-04-18 13:41:36,2026-04-18,PRD-FN8PJD71HYQB,CLI-OE3DUB8FD1P1,Transfer,,1132479.31,ARS,3235.66,POS,,,,Argentina,Rosario,Approved,00,False,6.83,,
TRX-JGYVFZ5YQESWXWV6HJ6S,2026-04-19 03:46:54,2026-04-18,PRD-SND91PO5PWA5,CLI-Z23T7VE7LHIZ,Transfer,,10820761.5,COP,2705.19,POS,,,,Colombia,Cartagena,Approved,00,False,17.79,3.8008025,-73.4874608
TRX-XZFJ25KEZK3BEUKFO566,2026-04-18 21:26:50,2026-04-18,PRD-QR6SZ9NLIBX2,CLI-TM179XKODS0H,Payment,Food,714.1,USD,,App,,,,México,Tijuana,Approved,00,False,23.46,,
TRX-T2B3NMFQOQTBQ4433V59,2026-04-18 22:57:17,2026-04-18,PRD-M09JGQ0MKGTP,CLI-9NBFKSUJTJOY,Payment,Other,7659055.78,COP,1914.76,POS,,,,Colombia,Cali,Approved,00,False,6.95,5.4512447,-73.5484154
TRX-QUYEOGMP4K2KLUFJB1CW,2026-04-19 01:41:26,2026-04-18,PRD-5TG0XBBV226G,CLI-U0ZKH82V2EUO,Transfer,,4570.22,USD,,POS,,,,México,Tijuana,Approved,00,False,6.16,,
TRX-QRFJZFWCRLZIPLHC49X9,2026-04-18 10:14:08,2026-04-18,PRD-QFSX7DV0BUCH,CLI-3DEIFR8BLBIO,Withdrawal,,52686.55,ARS,150.53,POS,,,,Argentina,La Plata,Approved,00,False,,-35.5058951,-57.3847624
TRX-TUYY7DGF2O659UL9T4H9,2026-04-18 21:06:42,2026-04-18,PRD-JW35TUNSOS6J,CLI-USDH3PPLRSAJ,Withdrawal,,1345107.7,COP,336.28,POS,,,,Colombia,,Approved,,False,8.96,,
TRX-82RRI6R2JJB24XCVYCP3,2026-04-18 13:44:54,2026-04-18,PRD-MKAXNEDZNVV6,CLI-285VZXBWCBAU,Deposit,,3799.23,USD,,Web,,,,Colombia,Cali,Approved,00,False,,,
TRX-W8MPF3E6NY3YEVCIZRPV,2026-04-18 12:48:58,2026-04-18,PRD-YU7887CDV2CI,CLI-A9BC6H6J7JBH,Deposit,,1499.87,USD,,ATM,SUC-6IDFK4L9,,,México,Monterrey,Approved,00,False,20.81,,
TRX-G4OUBQZ7T8ST8X9JUZJU,2026-04-18 13:41:44,2026-04-18,PRD-F009PAO4WMZ9,CLI-TITU8DKOE2TJ,Withdrawal,,309.24,USD,,ATM,SUC-JD6LDRA8,,,México,Monterrey,Approved,00,False,4.77,,
TRX-U0KRG7E801CIMBV6RG6J,2026-04-19 01:35:10,2026-04-18,PRD-DGRO5FQY81RK,CLI-5VF4NMZOM7WM,Purchase,Food,15.78,USD,,ATM,,Mercado Central,Food,México,Monterrey,Approved,00,False,,,
TRX-3EJCZ1DZF037KGXJLQ53,2026-04-19 00:12:57,2026-04-18,PRD-JDCN8UFIP55Y,CLI-3IFVWU8FW09Z,Adjustment,,2330982.22,COP,582.75,POS,,,,Colombia,Barranquilla,Approved,00,False,26.4,,
TRX-3HDUN1N0E6IXLFTX5ZNT,2026-04-18 23:22:31,2026-04-18,PRD-933MQXDL8Z8S,CLI-TQKKH0SZCQY6,Transfer,,1524.17,USD,,Transfer,,,,México,Ciudad de México,Approved,00,False,18.85,,
TRX-FNNOQ78OESM1QMVJIPH1,2026-04-19 00:17:16,2026-04-18,PRD-4ZV59GQ2FHG6,CLI-QQAWVR6P9RO8,Transfer,,327.86,USD,,ATM,,,,Colombia,Barranquilla,Approved,00,False,23.14,,
TRX-ROJX36CX5HY8DCDNG98F,2026-04-18 22:34:28,2026-04-18,PRD-NPHKT5OMH8MU,CLI-KU1ALA38SNAH,Withdrawal,,1415256.86,COP,353.81,ATM,SUC-2NNWC3AV,,,Colombia,,Approved,00,False,11.42,,
TRX-37B7DZGXZF2EIO0IQP7R,2026-04-18 23:11:39,2026-04-18,PRD-826MMEX9O0IX,CLI-9FAEYG0H9006,Transfer,,18185107.82,COP,4546.28,Web,,,,Colombia,Cartagena,Approved,00,False,13.3,,
TRX-9CEGWWGICQSH5JHTT2XD,2026-04-18 06:47:58,2026-04-18,PRD-7B74IR9Q2BBK,CLI-X8NLJCXS0AM4,Deposit,,4764.08,USD,,Web,,,,México,Monterrey,Approved,00,False,0.58,,
TRX-8SSTZJ9EESSNNCOK0W01,2026-04-19 02:51:56,2026-04-18,PRD-SIA4WPSBYZ3O,CLI-C0WNSGFC8IFS,Transfer,,1190692.7,ARS,3401.98,POS,,,,Argentina,Buenos Aires,Approved,00,False,13.27,,
TRX-D471RD3YDRWQ7Q5TFU4B,2026-04-18 09:51:37,2026-04-18,PRD-4T8O5FYTUPXC,CLI-0JKIAHNO388H,Transfer,,4973.05,USD,,Branch,SUC-F1BZEJXJ,,,México,Monterrey,Approved,00,False,11.6,,
TRX-AZQ86ZZ9NEMGB428AVYK,2026-04-19 03:42:25,2026-04-18,PRD-HU8DQDNHQQQK,CLI-KYG90ZMR4YFL,Payment,Services,6131999.63,COP,1533.0,POS,,,,Colombia,Cali,Approved,00,False,,,
TRX-C0I7XRMJXJHFH8HL9FHB,2026-04-18 22:27:24,2026-04-18,PRD-0XE5AOLKR861,CLI-MZN84E4VIXQ7,Withdrawal,,283130.27,COP,70.78,ATM,SUC-LBZFJAU6,,,Colombia,Bogotá,Approved,00,False,21.75,,-74.2399888
TRX-DGYPWI2HFDLZXJRRP39D,2026-04-18 09:21:27,2026-04-18,PRD-OBN2GVJYGS6C,CLI-PENI1CULEH3G,Withdrawal,,167.13,USD,,POS,,,,México,Querétaro,Approved,00,False,23.99,,
TRX-55I40Z3FB14J5I4JIZL6,2026-04-18 15:59:51,2026-04-18,PRD-R38HHBTCY075,CLI-7YS7R255E39U,Payment,Health,1005240.92,COP,251.31,App,,,,Colombia,Bogotá,Approved,00,False,,,
TRX-QVFFG52QOVT74UTO46YW,2026-04-18 09:10:38,2026-04-18,PRD-W5L8C70MK9S4,CLI-IJ7N57OKHWFP,Transfer,,15608737.76,COP,3902.18,Web,,,,Colombia,Cartagena,Approved,00,False,17.96,,
TRX-5P2RHEDKVVLV38D8I9DQ,2026-04-18 15:05:22,2026-04-18,PRD-ZPXPXBF6I61Y,CLI-W8VROGFT8YZ5,Adjustment,,857.26,USD,,ATM,SUC-XSMNXFJN,,,México,Guadalajara,Declined,54,False,28.44,,
TRX-FYAHOTSF2BZV1EB3KW1C,2026-04-18 18:05:38,2026-04-18,PRD-2WSOVXPYEALR,CLI-05JGIT4QZXBA,Payment,Health,439.94,USD,,Branch,SUC-HVN55QJQ,,,México,Monterrey,Approved,00,False,1.39,,
TRX-ZQ7VRQXJUN7OU1PS2FA5,2026-04-19 02:36:54,2026-04-18,PRD-RRPILE7JUHVU,CLI-KJLSFGN449ZQ,Purchase,Entertainment,64367.51,ARS,183.91,Web,,Cine Premium,Entertainment,Argentina,Córdoba,Approved,00,False,4.19,,
TRX-3MGJHNMW9UYNYNFY8IPX,2026-04-18 14:50:39,2026-04-18,PRD-4Z241AVTB383,CLI-RBBXFE1U8AZC,Deposit,,3872.54,USD,,POS,,,,México,Guadalajara,Approved,00,False,19.31,0.6512814,-0.5650505
TRX-8LGZ1BDJLIG2VGR6QZJE,2026-04-18 21:15:15,2026-04-18,PRD-IT5DKQ0ZDG1N,CLI-ODA34RIHJAZO,Transfer,,300793.09,ARS,859.41,App,,,,Argentina,Córdoba,Approved,00,False,18.71,,
TRX-TJJJJZ4HS01HK8LB1XFT,2026-04-18 07:28:55,2026-04-18,PRD-4KDIDI2CQDHG,CLI-1T9T2VVPJGX1,Purchase,Services,37493.67,ARS,107.12,ATM,SUC-39R34AY6,Empresa Telefónica,Services,Argentina,Buenos Aires,Declined,51,False,,,
TRX-OEIJOS52YILCN20U02K5,2026-04-19 01:18:20,2026-04-18,PRD-P8PUN7FFDE0B,CLI-QEKVE2D0XQA0,Withdrawal,,1086432.77,COP,271.61,POS,,,,Colombia,Barranquilla,Declined,,False,21.48,,
TRX-5TY458Q99DOPHUOQ2GS2,2026-04-18 15:05:47,2026-04-18,PRD-PGGU3YP52A8E,CLI-ZZV794U06CBN,Transfer,,4997.3,USD,,Web,,,,Argentina,Mendoza,Approved,,False,0.26,,
TRX-ROCKRGE7M72RTQ55O9M6,2026-04-19 01:18:37,2026-04-18,PRD-L1OQB4RGA3CZ,CLI-ZSZUCPKL3U02,Transfer,,5293361.53,COP,1323.34,ATM,SUC-07AK38PR,,,Colombia,Bogotá,Approved,00,False,6.86,,
TRX-KN4LGA84MJNC24ABQLKL,2026-04-18 19:30:33,2026-04-18,PRD-4G26UPPR9QC9,CLI-R3HRU9WRFV8D,Transfer,,9134.26,USD,,ATM,SUC-JD6LDRA8,,,México,Puebla,Approved,00,False,,-0.0018905,-0.1864858
TRX-KRSLQELMF2Z9921XK3IP,2026-04-19 05:46:40,2026-04-18,PRD-GNYJZX3T13F0,CLI-EQ862YS72BGT,Deposit,,3542.27,USD,,ATM,SUC-HFPBAT4U,,,México,Tijuana,Approved,00,False,4.07,,
TRX-UC084GJ5IZHX0C7HSOZZ,2026-04-19 02:39:28,2026-04-18,PRD-YHX5LVZ1MT5B,CLI-BNL5T9PRYG5E,Deposit,,15092123.17,COP,3773.03,POS,,,,Colombia,Medellín,Declined,,False,,,
TRX-E81RJY356JTT2ZXRS4BA,2026-04-18 18:15:28,2026-04-18,PRD-WT87ZIK8T5YJ,CLI-A23KNHF24KD0,Payment,Food,353.07,USD,,POS,,,,México,Tijuana,Approved,00,False,,0.7824331,-0.2129955
TRX-Q5ZHJ2A3X7UER6MBYC6G,2026-04-18 06:44:56,2026-04-18,PRD-5DX0CCYHBMJE,CLI-K11OS2U2FMI6,Withdrawal,,1654063.71,COP,413.52,ATM,SUC-CG5XPAZU,,,Colombia,Medellín,Approved,,False,4.72,,
TRX-U4MKYPFB8CNJ4Y84ZB5A,2026-04-18 17:59:09,2026-04-18,PRD-FVGXTV41B9YF,CLI-U2H6MV0SWGUT,Payment,Services,1203.35,USD,,Web,,,,Colombia,Cali,Approved,00,False,27.56,,
TRX-8O2YKYSMUE03NL4JA25R,2026-04-18 15:23:54,2026-04-18,PRD-U8CGHHDHWOBD,CLI-24BFWCY9YDC4,Transfer,,7834.65,USD,,POS,,,,México,Guadalajara,Approved,00,False,2.39,,
TRX-KBAWVRZBD3Q71C3TDKPK,2026-04-18 08:34:39,2026-04-18,PRD-I2K8GB8Y89SG,CLI-04QIGBUGA161,Purchase,Food,72.93,USD,,App,,Restaurante El Buen Sabor,Food,México,Monterrey,Declined,05,False,,,
TRX-9ZZE1G3NXTMKA4FTL08Z,2026-04-18 21:01:24,2026-04-18,PRD-5T85EUB5J56I,CLI-215HD6LB3IUV,Payment,Entertainment,5702807.42,COP,1425.7,ATM,SUC-JARPMK7O,,,Colombia,Bogotá,Approved,00,False,,3.953469,-74.9525326
TRX-S1IIXSAVCF82R3MA89H8,2026-04-18 19:52:21,2026-04-18,PRD-4B1ILEKSC7NW,CLI-2A9WJ89CEV5Z,Payment,Food,157.46,USD,,App,,,,México,Guadalajara,Approved,00,False,26.95,,
TRX-6TFI7MYCHNBKXCLRO5QO,2026-04-18 15:53:33,2026-04-18,PRD-QS8I8ANZUBB9,CLI-YWZBIUKXNEC2,Transfer,,6324.79,USD,,Web,,,,México,Monterrey,Approved,00,False,22.24,,
TRX-SFJCV0NPGZV32P2IJ08Y,2026-04-18 06:49:51,2026-04-18,PRD-WK7K8WGXKR5T,CLI-V4Y74I5AU5X4,Deposit,,3428.21,USD,,ATM,SUC-IC4I9JS9,,,México,Ciudad de México,Approved,00,False,5.72,,
TRX-Z2SG4A2UC1S4BYI254TF,2026-04-18 16:57:59,2026-04-18,PRD-AVU8RNO8PYHR,CLI-MI2ZXX3QCB5K,Purchase,Food,218.34,USD,,App,,,Food,México,Monterrey,Approved,00,False,5.46,,
TRX-BM5TQIR0O9QOOZN8CO4P,2026-04-18 14:55:01,2026-04-18,PRD-3GN7MPGNSDA1,CLI-M134749HX3NS,Payment,Transport,351456.96,ARS,1004.16,ATM,SUC-UVQ9U0YO,,,Argentina,La Plata,Approved,00,False,24.63,-34.3131794,-57.4656918
TRX-6FJVNWS99OQX7CWQEV8I,2026-04-18 10:30:17,2026-04-18,PRD-BZP426HEI3T2,CLI-EPAXIRV2IM8K,Payment,Food,3825744.98,COP,956.44,ATM,SUC-HTV8A64G,,,Colombia,Cartagena,Approved,00,False,21.63,,
TRX-DI3N71Y6AFZC4GA5ANW2,2026-04-18 18:17:17,2026-04-18,PRD-Z3EWY17YNBUM,CLI-L8TZSH7LMVKQ,Adjustment,,245632.63,ARS,701.81,Web,,,,Mexico,Ciudad de México,Approved,00,False,23.08,,
TRX-CUOUUGPFPNZJQGTA2PNF,2026-04-19 04:38:03,2026-04-18,PRD-K1D3RPE5905V,CLI-Y8TW3O7WEV8O,Withdrawal,,38.15,USD,,ATM,SUC-1AT6YUKJ,,,México,Guadalajara,Approved,00,False,3.77,,
TRX-VU2132K4X0WFGYFZYC0L,2026-04-18 18:28:44,2026-04-18,PRD-Z430W5ODGHO1,CLI-0ROBSGZTSNU3,Transfer,,25962268.25,COP,6490.57,POS,,,,Colombia,Barranquilla,Approved,,False,25.92,,
TRX-CI3M0ZSBOC5017XHQ29T,2026-04-19 00:40:49,2026-04-18,PRD-EHENZNQ3QVWD,CLI-9120ZEPJ310U,Deposit,,4294.62,USD,,POS,,,,México,Querétaro,Approved,00,False,,,
TRX-OE8ABH1I1EEF8S3MZIPC,2026-04-19 01:05:42,2026-04-18,PRD-ZAFVDYMJTN05,CLI-4MYWVWH48FP4,Purchase,Entertainment,308.66,USD,,Web,,Teatro Nacional,Entertainment,México,Guadalajara,Approved,00,False,26.92,,
TRX-9E0WS3E9XDL01C3LQY4S,2026-04-18 06:59:20,2026-04-18,PRD-EDHJP11UWND3,CLI-J4GERF7SAU79,Withdrawal,,484.65,USD,,POS,,,,Colombia,,Approved,00,False,29.37,,
TRX-K77CU45T06B0L9SWDP13,2026-04-18 13:21:36,2026-04-18,PRD-P7WA6W6CPF0T,CLI-MCWL8CGXSUI2,Transfer,,189673.68,ARS,541.92,ATM,SUC-YV8Q78LJ,,,Argentina,Buenos Aires,Approved,00,False,,,
TRX-UZ511KI9QY93FK9EN5US,2026-04-18 10:18:52,2026-04-18,PRD-VP1Q8C6TET7S,CLI-XNVA8SVZT98J,Transfer,,2538616.11,ARS,7253.19,ATM,,,,Argentina,Buenos Aires,Approved,00,False,28.72,,
TRX-JJ2Q3BGTLM4UM5LLUPBJ,2026-04-19 01:30:51,2026-04-18,PRD-Z52HXJQ9OQSM,CLI-VBN9QDU1NFBZ,Transfer,,7811.63,USD,,Web,,,,México,Ciudad de México,Approved,,False,3.23,,
TRX-7LW0XUNB26FYBKFT2SZO,2026-04-18 13:14:08,2026-04-18,PRD-SYK4JF24NNQJ,CLI-85OOBVK5V0AP,Payment,Food,1029.19,USD,,Web,,,,México,Puebla,Approved,00,False,,,
TRX-C691VWMNSLT0NQL407KF,2026-04-18 15:23:43,2026-04-18,PRD-33PE80WD85TO,CLI-LN7TQZRZKWG5,Purchase,Other,411.74,USD,,ATM,SUC-8P0IDMOM,Centro Comercial,Other,México,Guadalajara,Approved,00,False,25.7,,
TRX-4FVFUTAW5A7IO5XRKM6C,2026-04-18 20:55:47,2026-04-18,PRD-WZHHIDPU33HP,CLI-7EPE43TIDOUQ,Withdrawal,,471074.47,COP,117.77,ATM,SUC-YH0U3LVW,,,Colombia,Bogotá,Approved,00,False,20.51,4.2658693,-73.6491234
TRX-LJHLRWUIJYHOV9RFUJ3D,2026-04-18 15:13:49,2026-04-18,PRD-9RH8FP8CW25D,CLI-IHPDMC8PEQUV,Purchase,Food,1672816.66,COP,418.2,POS,,Super Ahorro,Food,Colombia,Cali,Approved,00,False,15.94,,
TRX-MNARY1B544TV0X5LYTJD,2026-04-18 16:38:52,2026-04-18,PRD-X676P7J88ATW,CLI-9SRV4F5LUY5K,Purchase,Other,133088.45,ARS,380.25,POS,,Centro Comercial,Other,Argentina,Rosario,Approved,00,False,7.61,,
TRX-Q0M1A0W79ZYOPISE9XAW,2026-04-18 20:25:03,2026-04-18,PRD-8PGDV081KBBW,CLI-INUCXTT6MHJJ,Payment,Other,5772200.78,COP,1443.05,App,,,,Colombia,Medellín,Approved,00,False,12.75,,
TRX-DZBET2IXLXQQK603A1R0,2026-04-18 16:47:19,2026-04-18,PRD-IMZL6WASX8GU,CLI-U0ZGSH8GX7PK,Withdrawal,,133.01,USD,,POS,,,,Argentina,Córdoba,Approved,00,False,5.05,,
TRX-4FBTIQ6P1NQH8IRLTVGN,2026-04-18 18:16:57,2026-04-18,PRD-J1J9KUXGX4J0,CLI-RGK9KQ1ZQYCA,Deposit,,1043010.97,COP,260.75,App,,,,Colombia,Cartagena,Approved,00,False,5.23,,
TRX-A5KC3OQTXXEKUOV4R6SI,2026-04-18 16:58:57,2026-04-18,PRD-NDMEZT9GKTOZ,CLI-DJHXTN2EHW3C,Withdrawal,,107.23,USD,,Web,,,,México,Puebla,Approved,00,False,,,
TRX-N5FS2W8CVWMOL0VR6LLX,2026-04-18 16:37:48,2026-04-18,PRD-ATQMEJSF1F4F,CLI-8EPVXR7TTID5,Transfer,,7674.51,USD,,Web,,,,México,Ciudad de México,Approved,00,False,,,
TRX-YDIKKAUIOM33310MHMHI,2026-04-19 05:24:22,2026-04-18,PRD-XO178AV2KWY9,CLI-Q442QP4SS4VN,Purchase,Food,21.88,USD,,App,,Mercado Central,Food,México,Monterrey,Approved,00,False,5.17,,
TRX-YMIKL44ZDH6FHVEO5Z06,2026-04-18 19:29:24,2026-04-18,PRD-AM793WIYA2KR,CLI-WNBOQZ1Q6HUK,Deposit,,1607.52,USD,,ATM,SUC-1DANZ3LD,,,México,Puebla,Approved,00,False,29.28,,
TRX-CN45X4MNPQ6MWK29BKC0,2026-04-18 11:50:24,2026-04-18,PRD-H2YKG1I6PG94,CLI-G0XCG7K8GBZZ,Transfer,,33358248.2,COP,8339.56,ATM,SUC-P44GDIDS,,,Colombia,Bogotá,Approved,00,False,15.01,,
TRX-YSP9V8RDPN0DUIRPLIEU,2026-04-19 04:07:08,2026-04-18,PRD-Y8NRSFIIPAMD,CLI-VJ1FQR09PTI0,Purchase,Food,147760.78,ARS,422.17,Web,,Mercado Central,Food,Argentina,Buenos Aires,Approved,00,False,11.93,,
TRX-K5Y9LGKPLC6DBBK3M0PY,2026-04-19 00:38:29,2026-04-18,PRD-A6JFSEV0MGXR,CLI-MWF0WD4FWF7E,Purchase,Other,1548144.69,COP,387.04,Web,,Tienda General,Other,Colombia,Bogotá,Approved,,False,3.39,,
TRX-EGDRAGWCKTVUUAAM49XX,2026-04-19 03:44:04,2026-04-18,PRD-OVZ73NEYIULI,CLI-25ZGR9QSWJED,Purchase,Food,255.22,USD,,App,,Mercado Central,,Argentina,Buenos Aires,Approved,00,False,5.04,,
TRX-122UAEUXPGJAR6B6YH7Q,2026-04-18 11:54:04,2026-04-18,PRD-BUVJHIDT2OSM,CLI-3T6WSG5QJOGG,Purchase,Health,170.53,USD,,ATM,SUC-UHIX6KQ4,Laboratorio Central,Health,México,Guadalajara,Approved,00,False,19.81,,
TRX-YPT3UXRKR3908SJB5ZG8,2026-04-18 14:19:55,2026-04-18,PRD-TTY9HEMNBIKP,CLI-88F4TEQU4KOL,Withdrawal,,506420.91,COP,126.61,App,,,,Colombia,Barranquilla,Approved,00,False,19.32,,
TRX-XPRDOZXQS6OBU4NQ6A3H,2026-04-18 08:38:37,2026-04-18,PRD-3XXZVKJB9528,CLI-4AH7MRZXK86L,Purchase,Food,172.15,USD,,Web,,Super Ahorro,Food,México,Monterrey,Reversed,51,False,13.21,,
TRX-COIL4PPPEPB73ACDW91E,2026-04-18 07:31:37,2026-04-18,PRD-CY6GEPOJ9PNF,CLI-ET5DDSLI4SZL,Purchase,Services,207.02,USD,,Transfer,,Servicios Públicos,Services,México,Tijuana,Approved,00,False,,,
TRX-NFJF4GXFES2MN2XKOH0Y,2026-04-18 22:30:53,2026-04-18,PRD-XGWU5QJYAFL4,CLI-4P4C0BEVT5TR,Payment,Entertainment,1156.8,USD,,App,,,,México,Puebla,Approved,00,False,9.02,,
TRX-6RZ953KJ9063QAMMF1A1,2026-04-18 15:40:22,2026-04-18,PRD-PU60UB32EU17,CLI-0GNWPZJZPLNB,Purchase,Services,162.34,USD,,App,,Internet Plus,Services,México,Guadalajara,Approved,00,False,,,
TRX-KVDM668EE7CCI2CO717O,2026-04-18 23:14:24,2026-04-18,PRD-575266ORQXFW,CLI-VQ43HZZEJY9W,Purchase,Other,1837096.04,COP,459.27,POS,,Boutique Moda,Other,Colombia,Medellín,Approved,00,False,7.77,,
TRX-W0M8DQWO1H8JHV3QJZEX,2026-04-18 16:00:17,2026-04-18,PRD-UPYVAMOL2HMY,CLI-Q0D5L4TB9NXR,Deposit,,9225087.59,COP,2306.27,POS,,,,Colombia,,Approved,00,False,1.31,5.1796079,-73.6769891
TRX-3Z6MXDCKE9AJGLSE2GU7,2026-04-19 04:42:41,2026-04-18,PRD-QJEMHWJSV0PQ,CLI-5URJPLKLPCTU,Transfer,,6168.23,USD,,ATM,SUC-DL6TAAQL,,,México,Guadalajara,Approved,00,False,6.29,,
TRX-CV4NL3IXGADTQDU6L3H4,2026-04-18 14:30:35,2026-04-18,PRD-NIHE08Z0MZ2X,CLI-7F2FKG7KBNZL,Purchase,Services,105751.44,ARS,302.15,POS,,Cable TV,Services,Argentina,Mendoza,Approved,00,False,28.24,,
TRX-VXMKEJYWIUNHR3BNVVX8,2026-04-18 14:27:54,2026-04-18,PRD-MOLBXKC0QTNM,CLI-STQ9MK7NW3SX,Deposit,,11239168.4,COP,2809.79,POS,,,,Colombia,Medellín,Reversed,,False,16.28,,
TRX-E2R67K8DL0DARXBWZVC8,2026-04-19 01:00:23,2026-04-18,PRD-R6AFLD1JS6RZ,CLI-EH2L35CGL4A7,Deposit,,4493594.65,COP,1123.4,Web,,,,Colombia,,Approved,00,False,29.88,,
TRX-M0O98FBG0XJHVGADW0BX,2026-04-18 08:10:02,2026-04-18,PRD-D47TV4PXLAA2,CLI-I89J2OVQM2QV,Transfer,,3999.33,USD,,App,,,,México,Guadalajara,Approved,00,False,25.93,,
TRX-KQ4XFC74XH35MVE82O04,2026-04-18 10:48:34,2026-04-18,PRD-EBHY4I3Q42C9,CLI-P48CFYML60JC,Payment,Other,903.92,USD,,ATM,SUC-1DANZ3LD,,,México,Puebla,Approved,00,False,5.98,-0.0028387,0.9336892
TRX-OEVGLFMESDA2C0CHXBIY,2026-04-19 04:15:28,2026-04-18,PRD-B8XBM6O99ZS6,CLI-OHC9GVNM29TN,Withdrawal,,212.33,USD,,ATM,SUC-FV69BGCV,,,México,Querétaro,Approved,00,False,23.5,-0.5131385,-0.8625066
TRX-00H50QS5DKZM89IX11MH,2026-04-18 13:07:33,2026-04-18,PRD-03JJBUCYB28T,CLI-OI5VZPJT3CK5,Withdrawal,,142182.07,ARS,406.23,ATM,SUC-2T5PUX8Q,,,Argentina,,Approved,00,False,17.08,-35.0256168,-57.5152602
TRX-1DBWMH0J20Y772IQ3XMR,2026-04-18 14:56:37,2026-04-18,PRD-VB1ESXU72H0E,CLI-LL8TN38JP5GY,Deposit,,739.91,USD,,App,,,,México,Ciudad de México,Approved,00,False,9.13,,
TRX-NLJJCZSHLISQF1AUYWHZ,2026-04-18 20:35:50,2026-04-18,PRD-1DO1783WWE7A,CLI-2XRQCCXKBY2D,Transfer,,6419.49,USD,,POS,,,,México,Guadalajara,Approved,00,False,8.79,,
TRX-KQFWNAMPFC6HWAE9HHOV,2026-04-19 05:47:55,2026-04-18,PRD-RAB290WV1VCH,CLI-NA9BCMH703NQ,Payment,Services,576844.46,ARS,1648.13,POS,,,,Argentina,,Approved,00,False,16.14,,
TRX-9ABN6YYI0FI6TI1IODZH,2026-04-18 14:33:24,2026-04-18,PRD-XBZ2YV8YUAYW,CLI-0VAMB4DP0768,Purchase,Entertainment,180.09,USD,,Web,,Conciertos Live,Entertainment,México,Querétaro,Approved,00,False,11.17,,
TRX-IIJ791KPYX8HCVR1XB55,2026-04-18 20:37:12,2026-04-18,PRD-DMKDV4L58RAC,CLI-7VBQJEZXEJE5,Transfer,,1123.84,USD,,ATM,SUC-8RYAQ0NO,,,México,,Approved,00,False,18.22,,
TRX-QXD60BKKL8O281X47M9K,2026-04-18 17:36:56,2026-04-18,PRD-73D70KM60BR6,CLI-TZWL5DWO73AR,Transfer,,4790.99,USD,,Web,,,,México,Ciudad de México,Approved,00,False,,,
TRX-VOOBQ4BG2C3FXBW6HL7C,2026-04-18 21:11:28,2026-04-18,PRD-QESG1ERN90UZ,CLI-DMN31543750M,Transfer,,3385.12,USD,,ATM,SUC-N1ZUF3PF,,,México,Ciudad de México,Approved,00,False,20.45,,
TRX-A7BY1GSCC8DQPKS0UTJQ,2026-04-18 22:01:33,2026-04-18,PRD-0SLC7O76A8Y1,CLI-QKK3X7L6WLVN,Payment,Health,1534.42,USD,,Web,,,,México,Monterrey,Approved,00,False,,,
TRX-BDRRJ7L91F1FXO0N670H,2026-04-18 12:12:21,2026-04-18,PRD-31EFVITA56HJ,CLI-XMEI3H3NC7HX,Transfer,,20754007.92,COP,5188.5,ATM,SUC-XV4BJ541,,,Colombia,Barranquilla,Approved,00,False,13.51,,
TRX-JEG05UV6NW4S62LISU30,2026-04-18 06:37:58,2026-04-18,PRD-VJQHW54YUES0,CLI-L3JR387B4H7S,Withdrawal,,81.44,USD,,POS,,,,México,Ciudad de México,Approved,00,False,13.17,,
TRX-C6X44WX912YM563OQ2KR,2026-04-18 13:09:25,2026-04-18,PRD-8KH3MQ4IEOR7,CLI-0WO7P9ZV2O16,Deposit,,338.45,USD,,POS,,,,México,Querétaro,Approved,,False,9.67,,
TRX-I47LBV07K6LHK4XYVTPW,2026-04-19 02:38:03,2026-04-18,PRD-7GUXXKPQ1K8H,CLI-7LWGONWYOXQI,Purchase,Food,475.79,USD,,ATM,SUC-5FCLNF9U,Restaurante El Buen Sabor,,México,Monterrey,Approved,,False,23.78,0.8601816,0.4119153
TRX-VQ7DT1RBLIW75AYN6HOP,2026-04-19 05:09:45,2026-04-18,PRD-3XA2G7XXOCU3,CLI-3F2WOBNL2FYA,Withdrawal,,338.5,USD,,ATM,SUC-CBL7ISR7,,,Colombia,Cartagena,Approved,00,False,29.47,5.2765303,-74.9301519
TRX-TTFLSG7RM5LN8JZ9T721,2026-04-19 00:23:03,2026-04-18,PRD-LFN534THPKG8,CLI-Y8CIF9239KCP,Payment,Food,939.02,USD,,Web,,,,México,Monterrey,Approved,00,False,13.61,,
TRX-K9YHFD72IPMWRLEPIW69,2026-04-18 18:25:57,2026-04-18,PRD-QO5TF4OGZHIN,CLI-M8M40CN7CMZI,Payment,Food,1158.89,USD,,Branch,SUC-KT11NKNR,,,México,Monterrey,Approved,00,False,,0.151693,0.5181428
TRX-TXOLJFYNJ4OOMWLUBNTY,2026-04-18 09:57:32,2026-04-18,PRD-4AI0OFHCLCMT,CLI-9W52Y875Z7BI,Deposit,,475302.95,ARS,1358.01,Web,,,,Argentina,Rosario,Approved,00,False,,,
TRX-6M8U9PGL583HBWN7MENA,2026-04-18 17:56:29,2026-04-18,PRD-EH1LFTLLLLV7,CLI-2UW7I7ETFPO2,Transfer,,2389.04,USD,,ATM,SUC-P5YISP64,,,México,Puebla,Approved,00,False,11.18,,
TRX-KVCS8YE393OHZUU49ASL,2026-04-18 19:18:08,2026-04-18,PRD-Q2FUWCM143GY,CLI-KJT4Q7UCRU6L,Deposit,,844138.9,COP,211.03,App,,,,Colombia,Cartagena,Approved,00,False,25.74,,
TRX-WO5IKLNODPBPBZKR76BH,2026-04-19 03:03:06,2026-04-18,PRD-SIEAV5XVKI86,CLI-QUEEV5EX62S9,Transfer,,6928.28,USD,,App,,,,Colombia,Barranquilla,Approved,00,False,23.28,,
TRX-9EBPR6F8IXP0BE7EDPOL,2026-04-18 17:24:29,2026-04-18,PRD-Z9Y4Z4TO22I7,CLI-PKZAVTGREMDC,Purchase,Entertainment,1565412.0,COP,391.35,ATM,SUC-PNT72MIS,Teatro Nacional,Entertainment,Colombia,Cartagena,Approved,00,False,17.13,,
TRX-8DB98JN1T2TQG776H81J,2026-04-18 06:05:25,2026-04-18,PRD-0ER2PMDEJUSN,CLI-42JBD6MBU8VH,Purchase,Services,253.2,USD,,ATM,SUC-R1MU0X5G,Internet Plus,Services,México,,Approved,00,False,8.25,,
TRX-2BSB9BQQUTYPPH26KDMP,2026-04-18 18:11:13,2026-04-18,PRD-LKNF09OOOO9X,CLI-70CR0FXJEFW0,Withdrawal,,452.46,USD,,ATM,SUC-SKR8GS10,,,México,Tijuana,Approved,00,False,10.92,-0.3032829,
TRX-NA0BUA87J70K3V96R7LM,2026-04-18 12:02:16,2026-04-18,PRD-HN5KU00PNLFO,CLI-PGI5HXUOMWE1,Purchase,Food,140.69,USD,,POS,,Mercado Central,,México,Ciudad de México,Pending,51,False,29.5,,
TRX-ZNZI6W0GU8T2LOAOL4DD,2026-04-18 18:08:35,2026-04-18,PRD-0M8RB75S8ZH7,CLI-Z2WBAEUBSIZD,Deposit,,6416322.1,COP,1604.08,ATM,SUC-H4WPLB7O,,,Colombia,Cartagena,Approved,00,False,0.73,,
TRX-QTA0T42H12TX33GKKKCS,2026-04-19 02:41:54,2026-04-18,PRD-6C9YE95VE6PP,CLI-77XYNRHC6JV5,Deposit,,1379.01,USD,,ATM,SUC-F1BZEJXJ,,,México,Querétaro,Approved,00,False,15.11,,
TRX-8AG8Z6CCO5UPRADSFHML,2026-04-19 03:40:33,2026-04-18,PRD-4P3O6BVMCNWU,CLI-3HY3I4UVABKF,Purchase,Entertainment,380.08,USD,,POS,,Streaming Music,Entertainment,Colombia,,Declined,54,False,5.2,,
TRX-0200IVMV1FQC0J8E141A,2026-04-18 17:37:53,2026-04-18,PRD-D2ERB24515O7,CLI-EGWFVXIG0Y44,Purchase,Food,28.33,USD,,Web,,Restaurante El Buen Sabor,Food,México,Monterrey,Approved,00,False,18.97,,
TRX-8QEMKD9N6583K88NPDZ1,2026-04-18 06:49:44,2026-04-18,PRD-GTSG5NXHCKG2,CLI-AOELJQ8WR0LF,Purchase,Food,422.7,USD,,POS,,Mercado Central,Food,México,Puebla,Approved,00,False,,,
TRX-9Q8GYOE6IFJZH9DJ9XWE,2026-04-18 18:04:55,2026-04-18,PRD-XMDQTMHR5R61,CLI-FIUCBTNUP7OB,Deposit,,1486.3,USD,,Web,,,,México,Monterrey,Approved,00,False,,,
TRX-R4X534FFYAAMG9WV8VRL,2026-04-18 14:21:12,2026-04-18,PRD-9U8DYP0LHZRU,CLI-LASVWRK5ZZCH,Purchase,Health,1649066.66,COP,412.27,App,,Farmacia Salud,Health,USA,Houston,Approved,00,False,2.7,,
TRX-UNQBDRODUY4HRL885WV0,2026-04-18 07:48:49,2026-04-18,PRD-SD0M6MU2K6RT,CLI-VCSZFJ2A5IKQ,Payment,,1505.23,USD,,Web,,,,Colombia,Cartagena,Declined,05,False,,,
TRX-78MQX4I7AXHK6LBPU3Y3,2026-04-18 14:02:17,2026-04-18,PRD-5Y9PHSKQJZ93,CLI-KJ7LC5MRB91T,Withdrawal,,291.47,USD,,App,,,,México,Ciudad de México,Approved,00,False,0.67,,
TRX-U2DXBU7KI6W4EY3N4YJQ,2026-04-18 08:54:34,2026-04-18,PRD-CFS9E27WF25J,CLI-QN9Z7VO6G2BE,Withdrawal,,376.4,USD,,ATM,SUC-I7CB5PA8,,,Colombia,Cartagena,Declined,05,False,29.26,4.2961898,-74.199463
TRX-CXS7MD2FXLRERBZWG08M,2026-04-18 09:25:11,2026-04-18,PRD-UTU5AVJZ4ZJE,CLI-1GBWUQKTS2D9,Payment,Food,80.37,USD,,Web,,,,México,Querétaro,Approved,,False,12.89,,
TRX-Y3729AKT3WQVN7876SIL,2026-04-18 15:30:35,2026-04-18,PRD-7X7JCNT3NXSY,CLI-LCISF0DN6808,Transfer,,295.93,USD,,ATM,SUC-5R12FFLE,,,México,Tijuana,Approved,00,False,11.67,-0.5902159,-0.0205325
TRX-1CP13F5IP5LQV3TYLPEZ,2026-04-18 19:24:36,2026-04-18,PRD-739PCSK9G4EK,CLI-3G07Z7PKFBVZ,Payment,Other,407572.81,ARS,1164.49,POS,,,,Argentina,Rosario,Approved,00,False,23.72,,
TRX-51GRW9RX48R8LGKAUTPE,2026-04-18 22:07:42,2026-04-18,PRD-K4M1PZWSFYN8,CLI-D164LNW79SWH,Transfer,,1497536.44,COP,374.38,ATM,SUC-KY2QIURA,,,Colombia,Cartagena,Approved,00,False,27.35,5.6979782,-73.8681628
TRX-4ZCKHXO2R53EGV6Y8NUV,2026-04-18 16:52:31,2026-04-18,PRD-6DOWQDE89W6N,CLI-L3HHYGX81DJG,Purchase,Other,658080.0,COP,164.52,POS,,Boutique Moda,Other,Colombia,Cali,Declined,05,False,15.43,,
TRX-QCV3H253Y7EWJOOIZ6ZD,2026-04-19 03:49:00,2026-04-18,PRD-L5HKQ3AJLIIX,CLI-1XWH2J6JLK3M,Withdrawal,,78.66,USD,,POS,,,,México,Tijuana,Approved,00,True,87.85,-0.9520731,-0.2599231
TRX-6VMWLYPWXITDAND0O5EN,2026-04-18 18:18:39,2026-04-18,PRD-QP4HIYRIZ07R,CLI-WMAI40XEOQ4V,Payment,Food,771.7,USD,,App,,,,México,Tijuana,Approved,00,False,4.26,,
TRX-XF02W2ZGPJ1LZ19AGL4K,2026-04-18 22:24:18,2026-04-18,PRD-Y12SERRQZM8L,CLI-EGOK4I3XEUWQ,Purchase,Services,1466747.27,COP,366.69,ATM,SUC-EXKJNP13,Servicios Públicos,Services,Colombia,,Approved,00,False,12.78,,
TRX-1ECFJDYAFR56UD4T634C,2026-04-18 18:37:54,2026-04-18,PRD-UN7AK9G13ZEO,CLI-EZOBPTKYY4GI,Purchase,Services,1632693.99,COP,408.17,ATM,SUC-AXEH5GB0,Servicios Públicos,Services,Colombia,Cali,Approved,00,False,0.33,,
TRX-BE4X54DEABCRU4QBRCBQ,2026-04-19 04:00:09,2026-04-18,PRD-CDUJ1RT3TJZD,CLI-ZRV3KZ8BMWUN,Payment,Entertainment,692584.42,ARS,1978.81,ATM,SUC-0N077NAM,,,Argentina,Rosario,Approved,00,False,11.26,,
TRX-5O7FGE86DFCBO439YU5S,2026-04-18 21:41:11,2026-04-18,PRD-BQDQ6LED9R12,CLI-E7UM3O15PTMM,Purchase,Food,315.06,USD,,POS,,Mercado Central,Food,México,Puebla,Approved,00,False,2.59,,
TRX-VIFKJ2P3LM0MF83L5STX,2026-04-19 01:48:54,2026-04-18,PRD-Z80GRPHI1TUX,CLI-2820XZU0AB69,Transfer,,3313389.61,ARS,9466.83,App,,,,Argentina,Mendoza,Approved,00,False,28.03,,
TRX-IFF2Q4I5XU9260PHWTAT,2026-04-19 00:49:35,2026-04-18,PRD-3IM2I8TCYCIP,CLI-52P6RMO0AD2P,Payment,Health,1766.76,USD,,POS,,,,México,Querétaro,Approved,00,False,8.89,,
TRX-1HEV4B1W50GA4NMM1DS9,2026-04-18 20:22:09,2026-04-18,PRD-876WQ1Y2WBTY,CLI-R0QAKHQ2MYV8,Adjustment,,120.25,USD,,POS,,,,México,Guadalajara,Approved,00,False,15.25,0.7895648,-0.4417592
TRX-D48X5PWSCD5QGYVZAR48,2026-04-18 16:06:38,2026-04-18,PRD-1B81VUB6ZFDE,CLI-K22LLV5G49V6,Payment,,7499997.15,COP,,App,,,,Colombia,Barranquilla,Approved,00,False,15.15,,
TRX-WGY4ASMHFN1XNAXHW3IQ,2026-04-18 21:05:09,2026-04-18,PRD-6LTB7UK4CP6Q,CLI-06GIBO9HQ59L,Payment,Other,161551.42,ARS,,POS,,,,Argentina,La Plata,Approved,00,False,2.45,,
TRX-NB9RYTWWDBRHHVQZL6NB,2026-04-18 07:52:45,2026-04-18,PRD-NXU9F2FNYRNE,CLI-6C5QT2AAQ7X1,Withdrawal,,136731.73,ARS,390.66,POS,,,,Argentina,Rosario,Approved,00,False,,-33.696696,-58.0640767
TRX-TIG6AXIZ90727XIUHA3G,2026-04-19 05:49:11,2026-04-18,PRD-KRH4FPDTAI28,CLI-ZY6PJH1YQSZZ,Withdrawal,,138.49,USD,,Transfer,,,,México,,Approved,00,False,19.16,,
TRX-NCG7P7QG040XRR3F3Z3A,2026-04-18 13:54:57,2026-04-18,PRD-CIOUKPNKNTPR,CLI-89MIGBTYA8JD,Transfer,,3306101.29,ARS,9446.0,POS,,,,Argentina,Mendoza,Declined,05,False,,-35.1785316,-58.2230649
TRX-5N4YMAIP89BA43T8XFCK,2026-04-19 00:18:05,2026-04-18,PRD-YUUYDAIK92V8,CLI-1OVL4TMJ80CT,Transfer,,433755.58,ARS,1239.3,ATM,SUC-F321UEME,,,Argentina,Buenos Aires,Approved,00,False,,,
TRX-E9MISKZTU9CJCE5FAEFN,2026-04-18 23:26:29,2026-04-18,PRD-QM7T9PMFKKRF,CLI-WP2DL08NUK83,Deposit,,4618.04,USD,,ATM,SUC-R1MU0X5G,,,Spain,Madrid,Approved,00,False,27.91,,
TRX-2GLGY9G3I34J55WA40X4,2026-04-19 04:11:14,2026-04-18,PRD-48SUDWTROEJU,CLI-ER3A2OYJR8WM,Transfer,,3113551.32,COP,778.39,POS,,,,Colombia,Barranquilla,Approved,00,False,21.13,,
TRX-VH4Q5C83EN1UOQOZFQUR,2026-04-18 15:29:48,2026-04-18,PRD-MSTZVP4E6859,CLI-HO7VYPOGVEU0,Adjustment,,805.04,USD,,POS,,,,México,Monterrey,Approved,00,False,14.82,-0.6349953,-0.9080467
TRX-ACFSHTLTDRW299CL9Y1G,2026-04-18 12:22:12,2026-04-18,PRD-89HJ77EY51X7,CLI-C23DR6C0T271,Deposit,,753037.62,ARS,2151.54,App,,,,Argentina,Córdoba,Approved,00,False,4.72,,
TRX-6AKO764W369KYMIAEOD3,2026-04-18 12:36:37,2026-04-18,PRD-S0BYZM7LT5GX,CLI-GZA6C2Z93YVP,Purchase,Transport,1872230.43,COP,468.06,ATM,SUC-ZCLZ4UQA,Uber,Transport,Colombia,Cali,Approved,00,False,26.51,5.3443283,-73.1974999
TRX-52HLIE9IRYOZ8D5KWCT6,2026-04-19 03:26:49,2026-04-18,PRD-M2LGACEWDZ0Q,CLI-RSLPIYCGMUHD,Purchase,Entertainment,369.72,USD,,ATM,SUC-UV1CR4D5,Conciertos Live,Entertainment,México,Tijuana,Approved,00,False,8.28,,-0.779918
TRX-0FF1BSGSEQ1RJU708BNN,2026-04-18 20:48:30,2026-04-18,PRD-S867NTJJYMXO,CLI-INRX7DILH9TR,Purchase,Food,389746.11,COP,97.44,POS,,Mercado Central,Food,Colombia,,Approved,00,False,21.44,,
TRX-CL3F5SWU5V1CO52K64DO,2026-04-18 23:46:47,2026-04-18,PRD-8AD3E9167VP0,CLI-XMCV23U3J026,Purchase,Health,1717371.39,COP,429.34,POS,,Farmacia Salud,Health,Colombia,Cali,Approved,00,False,19.79,,
TRX-ZCKIB8DJDK6F88XYUX3Y,2026-04-19 02:35:41,2026-04-18,PRD-L566S30QHGAH,CLI-D50QWO8DSRHR,Withdrawal,,736784.33,COP,,ATM,SUC-5AXOWGN3,,,Colombia,Bogotá,Approved,00,False,8.63,,
TRX-USDUTR0PHGMZDND44O5V,2026-04-18 15:22:39,2026-04-18,PRD-0Y1702PMVY2C,CLI-W2J777KXL8BW,Withdrawal,,496.51,USD,,App,,,,México,Tijuana,Approved,00,False,28.13,,
TRX-FILVATV2QOYLFJ0THXFT,2026-04-18 08:02:41,2026-04-18,PRD-LMAAVBH2VWA4,CLI-WF66INR435EO,Deposit,,1025912.71,ARS,2931.18,POS,,,,Argentina,Córdoba,Approved,00,False,10.84,-34.3015668,-58.8751931
TRX-CVNS2TOWX5SBGWA1AAG3,2026-04-18 08:04:40,2026-04-18,PRD-XM8FCJUBEC0J,CLI-Y7LHZ61ZAEOY,Withdrawal,,203.04,USD,,ATM,,,,México,Puebla,Approved,00,False,,-0.5593889,-0.4418869
TRX-IV4FLA10PGJM4PAY64D4,2026-04-19 02:41:05,2026-04-18,PRD-FBDO0PQ67VMQ,CLI-KE8FI11WLARG,Purchase,Food,14.35,USD,,POS,,Restaurante El Buen Sabor,Food,México,Querétaro,Approved,00,False,11.62,,
TRX-XDU4T3J9VN2W2BQQG33T,2026-04-19 02:48:33,2026-04-18,PRD-2AQ18I971XOV,CLI-JW63F4A7UTTZ,Purchase,Entertainment,326.35,USD,,ATM,SUC-ZAMLQY77,Streaming Music,Entertainment,México,Querétaro,Approved,00,False,25.15,,
TRX-91Y5T60CO4A8Q5481VOE,2026-04-19 00:42:34,2026-04-18,PRD-UOFJRLKI6O1E,CLI-LBMGCKOPSQM2,Deposit,,1326.9,USD,,POS,,,,México,Tijuana,Approved,00,False,15.83,,
TRX-ZXYDO66ODI62IMOM5ERB,2026-04-18 09:27:58,2026-04-18,PRD-YN8IV7FBGVHU,CLI-WHJ7ID9FECPZ,Purchase,Food,1433120.63,COP,358.28,App,,Super Ahorro,Food,Colombia,Medellín,Approved,00,False,20.58,,
TRX-GYPDCGNK05KVTN2MVTHF,2026-04-19 02:31:42,2026-04-18,PRD-3NDSO8OKVNEA,CLI-F48H0JK94IN6,Deposit,,2089.61,USD,,POS,,,,México,Querétaro,Approved,00,False,11.1,,
TRX-VX5QYC54VVXT5WDEDNNA,2026-04-19 03:51:10,2026-04-18,PRD-JLWACUQDW0E3,CLI-3QB34CBGL1LE,Payment,Services,730.37,USD,,POS,,,,México,Tijuana,Approved,00,False,9.82,,
TRX-6Y42T45V0659BI8J1090,2026-04-18 12:14:06,2026-04-18,PRD-LIKT5708K7Q4,CLI-K0TA0CENZWKF,Purchase,Other,114.4,USD,,POS,,Boutique Moda,Other,México,Querétaro,Approved,00,False,22.88,,
TRX-PYZYK3A79FIYKIV1XV18,2026-04-18 07:43:48,2026-04-18,PRD-S1C1MADFXPZ8,CLI-3BC5YM6XOTOM,Transfer,,2618061.22,ARS,7480.17,Web,,,,Argentina,La Plata,Approved,00,False,9.76,,
TRX-XRGT6VK6ISODKX31TFUF,2026-04-18 10:22:09,2026-04-18,PRD-0MOL7BVMJJGD,CLI-LIZXXK7SR9TJ,Withdrawal,,310.78,USD,,Web,,,,México,Querétaro,Approved,00,False,2.66,,
TRX-K1KHHKRBUUZCHPZYIQJ9,2026-04-18 09:54:33,2026-04-18,PRD-81YDY4AHHDUC,CLI-QGZ7QV3P0AMD,Transfer,,5617.07,USD,,ATM,SUC-5R12FFLE,,,México,Querétaro,Approved,00,False,13.65,,
TRX-OMJLURX3L6XUOC3OG9H9,2026-04-18 10:31:37,2026-04-18,PRD-07U1FE9M1DW1,CLI-BTCBE4ZI4MX0,Deposit,,1085557.76,ARS,3101.59,ATM,SUC-D4W8JR4A,,,Argentina,Rosario,Approved,00,False,,,
TRX-UGQ1A8F2C9VKXR9OXHBW,2026-04-18 08:52:41,2026-04-18,PRD-2NBZPMR88VGZ,CLI-HMLBR79HRN50,Purchase,Services,331.74,USD,,ATM,SUC-12NKB9OB,Empresa Telefónica,Services,México,Monterrey,Approved,00,False,12.97,,
TRX-9W5P1WW7O21551V940JE,2026-04-18 06:19:53,2026-04-18,PRD-GDA4C3DNRA56,CLI-M82XIH21BUHS,Transfer,,5042.09,USD,,Transfer,,,,México,Querétaro,Approved,00,False,1.93,,
TRX-17KQ7OIV904S9QR1M4U7,2026-04-19 05:55:32,2026-04-18,PRD-QY04DUD12H91,CLI-Q1PKL19DZ76U,Purchase,,988264.06,COP,247.07,ATM,SUC-JA4P9IIP,Boutique Moda,Other,Colombia,Cali,Approved,00,False,,,
TRX-0IBL4TBRS7S0HX39M46M,2026-04-18 16:34:57,2026-04-18,PRD-PXKPEMKH2JY1,CLI-1VVAO0DSDD0K,Purchase,Entertainment,68334.26,ARS,195.24,ATM,SUC-NXELWI6F,Conciertos Live,Entertainment,Argentina,Buenos Aires,Approved,00,False,18.67,-34.9682901,-57.5765375
TRX-A0VIEYPW6JMXLT55XWON,2026-04-18 06:21:51,2026-04-18,PRD-OK15QV601YCH,CLI-KLXT9BDHT4S5,Purchase,Other,1190281.64,COP,297.57,POS,,Centro Comercial,Other,Colombia,,Approved,00,False,4.28,5.2818158,-74.6691233
TRX-D6T2THD1XQY29BEMUNN3,2026-04-19 01:35:44,2026-04-18,PRD-86RZA1K1LBWS,CLI-WJ5MSWHLAGM3,Purchase,Entertainment,374.5,USD,,POS,,Conciertos Live,Entertainment,México,Puebla,Approved,00,False,12.04,-0.0561609,0.9145338
TRX-4GY8KVLM631T6R0YX4NS,2026-04-18 07:39:48,2026-04-18,PRD-V8GCCSDXD0RG,CLI-E6KT53DFPYBY,Adjustment,,562.81,USD,,ATM,SUC-GV2TU3NJ,,,México,,Approved,00,False,19.11,,
TRX-D11J0OUT105PKC9CPG4G,2026-04-19 04:49:44,2026-04-18,PRD-NYFDBRR6C04Q,CLI-X5RGU3EK2CL9,Purchase,Food,155.95,USD,,POS,,Tienda Don José,Food,México,Monterrey,Approved,00,False,6.29,,
TRX-NSK8CYK57AIUTVYBMMNB,2026-04-18 13:40:02,2026-04-18,PRD-TYCSOII0IDBM,CLI-KIA2XHH06CKQ,Purchase,Services,352.9,USD,,ATM,SUC-3XWIPDZ3,,Services,México,Monterrey,Approved,00,False,19.76,,
TRX-HOC4OY9426FYQBQD0M0N,2026-04-18 16:51:22,2026-04-18,PRD-Z3PNKPDGQSQB,CLI-BL1I08EOPCCD,Payment,Food,1748888.3,COP,437.22,Web,,,,Brazil,São Paulo,Approved,00,False,13.99,,
TRX-7OLKG8AZG1D93UPAY4AG,2026-04-18 08:51:25,2026-04-18,PRD-8Q028O92BP6U,CLI-86PIJDBCRHXK,Purchase,Services,309.78,USD,,POS,,Internet Plus,Services,México,Tijuana,Approved,00,False,7.14,,
TRX-7KNIY9M0NSXC3SVK5WCS,2026-04-18 14:51:12,2026-04-18,PRD-YVG6G2HZU4LY,CLI-PARBP89QSG2V,Purchase,Other,197.91,USD,,Transfer,,Ferretería,Other,México,Guadalajara,Approved,00,False,14.94,,
TRX-87OFOHP5Z3GQJOM0Z2HE,2026-04-18 10:14:09,2026-04-18,PRD-TYQEK53DWEBZ,CLI-1F02FQ6V8NJ2,Purchase,Health,60.39,USD,,ATM,SUC-W04NBWY9,Clínica Médica,Health,México,Puebla,Approved,,False,10.76,,
TRX-92B7JK2DBTYHNXEX5DG2,2026-04-18 16:21:59,2026-04-18,PRD-FA8YY8CTTLKC,CLI-WNIWRTAG5EVI,Purchase,,1283361.97,COP,320.84,POS,,Estación de Servicio,Transport,Colombia,Cartagena,Approved,00,False,29.92,,
TRX-KZ25PITW39626JL0OILY,2026-04-19 00:33:03,2026-04-18,PRD-KH1FDLT531KN,CLI-NWRPST0SJLIC,Purchase,Transport,177.6,USD,,ATM,SUC-033KHYS2,Estación de Servicio,Transport,México,Guadalajara,Approved,00,False,17.1,0.5810516,0.0551771
TRX-YBCP784GMV2G4AVAU8DF,2026-04-18 17:08:33,2026-04-18,PRD-1TVZE8C64B8A,CLI-U5KP4YEF6WNJ,Purchase,Transport,18643.58,ARS,53.27,ATM,SUC-5YFUX3Z6,Taxi Seguro,Transport,Argentina,Córdoba,Approved,00,False,16.47,,
TRX-Z48ZKVD8RNB5II3D2NZG,2026-04-19 01:01:26,2026-04-18,PRD-LRFXW4GT8K55,CLI-ZKBBIT231FRX,Withdrawal,,504400.75,COP,126.1,POS,,,,Spain,Sevilla,Approved,00,False,17.99,5.6097079,-74.0794579
TRX-L26FWK5DN60XM1K2G8AR,2026-04-18 14:14:27,2026-04-18,PRD-YB9F8WAAWM6Z,CLI-2Y4N1J3M46NY,Purchase,Services,492.66,USD,,Branch,SUC-S49Q0IRI,Empresa Telefónica,Services,México,Puebla,Approved,00,False,6.47,,
TRX-8BQMWHHY3M3RQV6JFEUV,2026-04-18 17:44:08,2026-04-18,PRD-WVVRFFBZM8DN,CLI-F1UWVR9TNLO9,Withdrawal,,188.43,USD,,Web,,,,México,Monterrey,Approved,00,False,25.91,,
TRX-RPN7P500R60G0JAMO2X6,2026-04-18 13:27:21,2026-04-18,PRD-C6D2G2FUJFO2,CLI-PHJ0E6O5LDCM,Deposit,,16788374.94,COP,,POS,,,,Colombia,Barranquilla,Approved,00,False,21.07,,
TRX-5TI0BV2LQ2XVJP5N6Z9F,2026-04-18 13:59:53,2026-04-18,PRD-RGB85NEZZW2I,CLI-PVINH98VEUVY,Transfer,,2517345.67,ARS,7192.42,Web,,,,Argentina,Rosario,Approved,00,False,,,
TRX-M17EXE2IPMKWSF72ZLT6,2026-04-18 15:53:19,2026-04-18,PRD-JXX2QGI27JED,CLI-5JWJG8VWBLLN,Transfer,,25536688.64,COP,6384.17,ATM,SUC-U7NNFMS6,,,Colombia,Cali,Approved,00,False,23.45,,
TRX-3AR31LQXAFQLR9P8L08R,2026-04-18 18:19:03,2026-04-18,PRD-I7GG9ENLOZSD,CLI-B4C96GBBLI05,Payment,Services,373220.43,ARS,1066.34,App,,,,Spain,Madrid,Approved,00,False,,,
TRX-OOMZZATGD73NCSF4LWEQ,2026-04-18 23:25:17,2026-04-18,PRD-R34O0JLSXJU7,CLI-J6YCLBMIDIWY,Purchase,Entertainment,497.36,USD,,ATM,SUC-84HXKY7Q,Cine Premium,Entertainment,Colombia,Cartagena,Approved,00,False,14.98,4.3155994,-74.2211395
TRX-19KWBYEH2T8USNV7FQF3,2026-04-18 16:28:56,2026-04-18,PRD-CYFKTZAIJ761,CLI-NJ365O0088V9,Transfer,,6571.74,USD,,ATM,SUC-I3D08YZO,,,México,Guadalajara,Approved,00,False,14.86,0.3758178,0.4196309
TRX-E9U23NPYA3KLZI73H16O,2026-04-18 15:11:52,2026-04-18,PRD-1QKHKTZDLW1R,CLI-LLHN0FIM653L,Withdrawal,,104970.54,ARS,299.92,Web,,,,Argentina,Rosario,Approved,00,False,12.78,,
TRX-GTMHVMP3FOYRCRELEM4Y,2026-04-18 08:24:20,2026-04-18,PRD-CKN1LS1R45ZV,CLI-CBT60UCVPBZI,Withdrawal,,264.6,USD,,POS,,,,México,Tijuana,Approved,00,False,1.97,,
TRX-CVSUMDM5VT3HB4V0JFF6,2026-04-19 02:32:09,2026-04-18,PRD-RSPYYJVYK8PI,CLI-JTQHSH7QQOP4,Purchase,Entertainment,27674.82,COP,6.92,POS,,Streaming Music,Entertainment,Colombia,Bogotá,Approved,00,False,24.65,,
TRX-CFN2GYPE91MMQBRXM94G,2026-04-18 12:00:17,2026-04-18,PRD-S1GHLB1NI1YU,CLI-3Z17Q678Z65J,Transfer,,3780.85,USD,,POS,,,,México,Guadalajara,Approved,00,False,25.21,,
TRX-KBXL74KU0SZPDMOS2G83,2026-04-18 13:08:41,2026-04-18,PRD-HYPXXXMI2JV2,CLI-FBLK27MTFG2J,Deposit,,1634727.58,ARS,4670.65,Web,,,,Colombia,Medellín,Approved,00,False,6.32,,
TRX-W3V2AHB3BP5HARAW1ZGM,2026-04-18 09:51:10,2026-04-18,PRD-JJW1ZYOTS70X,CLI-9I36T2NHNASO,Purchase,Health,248.9,USD,,Web,,Clínica Médica,Health,México,Guadalajara,Approved,00,False,27.26,,
TRX-W3HD9R3TKALILS0C8Y1U,2026-04-18 08:09:02,2026-04-18,PRD-N7LFK3ESKD17,CLI-OMD4IDTHOW1R,Transfer,,2667.49,USD,,POS,,,,México,Guadalajara,Approved,,False,7.21,,
TRX-61EVU6QK2KF2RDB7SL7L,2026-04-19 00:53:27,2026-04-18,PRD-JO1VYFV3SOBC,CLI-YAH9F67NOWDW,Transfer,,9089.59,USD,,POS,,,,Mexico,Guadalajara,Approved,00,False,1.53,-0.7661696,0.5813012
TRX-CXUYVFIM1A9B8M4BUOZO,2026-04-18 13:19:08,2026-04-18,PRD-RH91G8YMW6C1,CLI-RWJYXGIVI17I,Payment,Entertainment,5946073.53,COP,1486.52,Branch,SUC-MSYTX2WG,,,Colombia,Medellín,Approved,,False,10.01,,
TRX-IMMY6BQULZ7QOQHM0IT9,2026-04-18 09:48:50,2026-04-18,PRD-TUXBP0FWSRLT,CLI-PQ8A7S99XB49,Deposit,,3199916.49,COP,799.98,ATM,SUC-OPPQ932B,,,Colombia,Barranquilla,Approved,00,False,0.06,,
TRX-PGA4420RG9GYM0KO8ZUJ,2026-04-18 18:03:41,2026-04-18,PRD-VV34FKQ5YQ6D,CLI-MS5DSXXUURNV,Withdrawal,,416.29,USD,,POS,,,,México,Tijuana,Approved,00,False,10.42,,
TRX-OSU4MHXFKROLWPMY1JYV,2026-04-18 18:23:09,2026-04-18,PRD-NWRRMTJTSWC6,CLI-WPKMXLIJ4GJU,Deposit,,3205.55,USD,,App,,,,México,Ciudad de México,Approved,00,False,,,
TRX-EUHILMBCRA5QF73EF9GC,2026-04-18 13:45:27,2026-04-18,PRD-65JXWMKYHCP8,CLI-19E79AS8E5YA,Withdrawal,,227.9,USD,,ATM,SUC-HQWDAM56,,,Colombia,Bogotá,Approved,00,False,,,
TRX-NKC09LL8D69U4XRI0W80,2026-04-18 15:44:19,2026-04-18,PRD-WT2NN00W35VU,CLI-RZRZRYYZXW6C,Purchase,Services,880198.93,COP,220.05,POS,,Cable TV,Services,Colombia,Cartagena,Approved,00,False,0.83,4.158938,-74.8501235
TRX-D5ENVLV9K6ZDPIE1G6XZ,2026-04-18 18:57:31,2026-04-18,PRD-A3757QT3MO2M,CLI-WD540ZJGEACA,Payment,Food,155.21,USD,,ATM,SUC-Y15GDF24,,,México,Ciudad de México,Approved,00,False,1.96,,
TRX-HWOS3OG57MCNOL8Z0XXH,2026-04-18 12:08:00,2026-04-18,PRD-ONKCF661T67V,CLI-G9OWXC6BWPVS,Purchase,Health,10.56,USD,,POS,,,Health,México,Tijuana,Approved,00,False,,,
TRX-ZTHIA4NA8IY6AVN5BSK4,2026-04-18 13:00:40,2026-04-18,PRD-FX9FJL4Q5FNL,CLI-9EZGICK00YN3,Deposit,,2928.06,USD,,ATM,SUC-033KHYS2,,,México,Guadalajara,Approved,00,False,19.87,,
TRX-M1ZHTDHIUJDXBKJXFNLU,2026-04-18 07:08:14,2026-04-18,PRD-NDV6CXI3JPS4,CLI-88OBVHV8PM9H,Deposit,,1643597.38,ARS,4695.99,ATM,SUC-OJAQW0AJ,,,Argentina,Rosario,Approved,00,False,6.18,-33.7561078,-58.4554358
TRX-UBOUQ3DZP2GJAG46DYE1,2026-04-18 15:18:44,2026-04-18,PRD-J0H11FYLOP6S,CLI-K7KD592J4RU4,Payment,Services,506.72,USD,,ATM,SUC-IPX8M3BR,,,Argentina,Mendoza,Approved,00,False,8.52,,
TRX-GQJW200V0VGCVNDSUE98,2026-04-19 03:17:55,2026-04-18,PRD-6AYRV4HFSE9C,CLI-N3FSA67YTVX5,Purchase,Other,176.03,USD,,ATM,SUC-XEEDD28B,Tienda General,Other,México,,Approved,00,False,13.82,0.612305,-0.7584365
TRX-6RQY4NV8V3UJC4O4AHCI,2026-04-18 11:38:35,2026-04-18,PRD-HVCW6JZ3OURQ,CLI-E1P6OEG4FYSI,Purchase,Food,59157.87,ARS,169.02,POS,,Tienda Don José,Food,Argentina,La Plata,Approved,,False,27.56,,
TRX-TYYJYTORTP8QVPOD50S2,2026-04-18 12:21:53,2026-04-18,PRD-87XBGB5XMN4I,CLI-A20JO7TMAJDI,Withdrawal,,245.0,USD,,POS,,,,México,Puebla,Approved,00,False,6.66,,
TRX-ZVRDWBK7QIASJ1JHPU6C,2026-04-18 06:55:27,2026-04-18,PRD-SBSQMDY9M17Z,CLI-53YDKMW1EA9J,Transfer,,178082.89,ARS,508.81,POS,,,,Argentina,Córdoba,Approved,,False,6.04,-35.5260679,-57.3909985
TRX-C9I08NJ6Z66G9KM6JXMO,2026-04-18 17:06:56,2026-04-18,PRD-JNE8CZBT1T7T,CLI-I3ZDP1NBIIP7,Purchase,Services,102344.4,COP,25.59,Web,,Empresa Telefónica,Services,Colombia,Medellín,Approved,00,False,,,
TRX-JKCZNE9Z9TXP4BY0L2M1,2026-04-18 11:53:58,2026-04-18,PRD-2IF1DNI7450I,CLI-IG38YHLGAB7U,Purchase,Services,166070.06,COP,41.52,POS,,Cable TV,Services,Colombia,Cali,Approved,00,False,1.64,4.4021629,-73.6624044
TRX-XB12H067ZWYIOOIIR9Q1,2026-04-18 22:37:13,2026-04-18,PRD-QUIWWQQ5F9YG,CLI-13CJAA3OODSO,Adjustment,,425.9,USD,,Web,,,,México,Monterrey,Pending,54,False,3.97,,
TRX-BQRNEUA1EBGH9GLDJLRB,2026-04-19 01:04:35,2026-04-18,PRD-T7LVHUAR64TX,CLI-QVD5U6SWA8D3,Payment,Entertainment,2426048.6,COP,606.51,POS,,,,Colombia,,Approved,00,False,10.26,,
TRX-UAS67QFXSSIV04GUN9BQ,2026-04-18 17:46:21,2026-04-18,PRD-GGSOYS3P7GM4,CLI-YEJXZHNP8LU8,Transfer,,11129308.11,COP,2782.33,ATM,SUC-8UUCS42Y,,,Colombia,Medellín,Approved,00,False,6.93,5.3540147,-74.9832365
TRX-C337VGIU8R53EL4OX8JF,2026-04-18 09:21:05,2026-04-18,PRD-2NT15VZRMBDT,CLI-DMB7BX3I7VS0,Deposit,,516762.25,ARS,1476.46,ATM,SUC-0N077NAM,,,Argentina,Rosario,Approved,00,False,22.3,-33.6122418,-59.0398302
TRX-38UDE9Y0OIP9PS882OR1,2026-04-19 04:43:11,2026-04-18,PRD-P0VGK81D3LA4,CLI-1IPV523VE7Q4,Transfer,,1558.34,USD,,POS,,,,México,Querétaro,Approved,,False,,,
TRX-CP340YXPLE382FT8D375,2026-04-18 17:09:41,2026-04-18,PRD-7RSLVIN99U5W,CLI-18EJOMN3PUCJ,Withdrawal,,451.52,USD,,Web,,,,México,Ciudad de México,Approved,00,False,8.06,,
TRX-RRP83YPJFCPDSX5FO58H,2026-04-18 23:03:31,2026-04-18,PRD-6KW06W2H5MHB,CLI-686IMKSEVBCT,Purchase,Food,199.73,USD,,Web,,,Food,México,Monterrey,Approved,00,False,17.41,,
TRX-EAOSH71JFDKH9C2FR3QE,2026-04-19 00:54:14,2026-04-18,PRD-9X4B5MMOSY4W,CLI-CST8KPXZZ0PG,Adjustment,,549.26,USD,,POS,,,,México,Puebla,Approved,00,False,26.19,,
TRX-LJP019VW069S5RHPHD6G,2026-04-19 05:16:19,2026-04-18,PRD-5CP78R5YP6YM,CLI-HS2O72XN8VGB,Purchase,Entertainment,394.19,USD,,POS,,Conciertos Live,Entertainment,México,Monterrey,Approved,00,False,7.33,,
TRX-ZEM1J0FJ4LM71SV7DXBU,2026-04-18 08:18:34,2026-04-18,PRD-3XN6Y2B9VOW3,CLI-GE1OP1BL7Z89,Withdrawal,,471.95,USD,,App,,,,Argentina,La Plata,Approved,00,False,4.88,,
TRX-CSYICIC9C3UM1Q9O5OG4,2026-04-19 02:41:42,2026-04-18,PRD-2D2WACGF185R,CLI-4QWORFACAR3M,Withdrawal,,29.71,USD,,Web,,,,México,Puebla,Declined,51,False,17.2,,
TRX-Z30LADV3S6Y7VXGZY0LX,2026-04-18 07:57:10,2026-04-18,PRD-UEUXDJM0D2HE,CLI-EJJUEG57ZQVQ,Transfer,,11821437.08,COP,2955.36,ATM,SUC-4OOB7ZFR,,,Colombia,Cali,Approved,00,False,2.46,,
TRX-SZA67JMAAOQI15AX67DQ,2026-04-18 06:51:21,2026-04-18,PRD-5NX09F59DA2I,CLI-BP2EMCD9Z1Y6,Purchase,Transport,32.87,USD,,POS,,Taxi Seguro,Transport,México,Puebla,Approved,00,False,3.75,-0.5539252,-0.1114501
TRX-AVAVO24UQQ53BRXC7QZU,2026-04-18 22:48:45,2026-04-18,PRD-RI1RFJDHIVYA,CLI-MQPZK8BXS4F9,Adjustment,,65.46,USD,,POS,,,,México,Ciudad de México,Approved,00,False,28.22,0.8778035,-0.6543475
TRX-59IM1FAFD7CEX58HJJKQ,2026-04-18 06:30:28,2026-04-18,PRD-5GGPIO798CVH,CLI-KH4BRB26X1ZL,Deposit,,2973.99,USD,,POS,,,,México,Puebla,Approved,00,False,,,
TRX-DL132KS4W2I3QN4PDK66,2026-04-18 17:47:59,2026-04-18,PRD-22NYDBBD7ZWW,CLI-GJSZD4TJ5J2B,Purchase,Services,9.25,USD,,POS,,Cable TV,Services,México,,Approved,00,False,5.83,,
TRX-0UUTR9E67IDNPPX5IUIN,2026-04-18 12:40:18,2026-04-18,PRD-AOV7YPIANM5I,CLI-VCZUTYLHJUSE,Purchase,,1912938.77,COP,478.23,ATM,SUC-5AXOWGN3,Servicios Públicos,Services,Colombia,Cartagena,Declined,54,False,8.99,,
TRX-WEZZSLTU3B38BLISAEJ8,2026-04-18 18:03:41,2026-04-18,PRD-X5CJ189GSIU6,CLI-FR77SSPX1GZT,Withdrawal,,117.0,USD,,POS,,,,Mexico,Monterrey,Approved,00,False,14.91,,
TRX-5T3KXGS0XK2YEBQXSTJI,2026-04-19 02:03:59,2026-04-18,PRD-JZ34RTL9PE7C,CLI-UKTLPROT7ZA8,Deposit,,161.27,USD,,Web,,,,México,Tijuana,Approved,00,False,7.1,,
TRX-5V9X69GSMGU2X5JCTZ26,2026-04-18 13:20:22,2026-04-18,PRD-F926Y3HNNQ0Z,CLI-23XTLOX2IVGJ,Purchase,Food,90590.31,ARS,258.83,POS,,Super Ahorro,Food,Argentina,,Approved,00,False,12.52,,
TRX-JJCHX801YJ1MKE0VK3EN,2026-04-18 16:39:14,2026-04-18,PRD-9ZMARZ8N9JSW,CLI-9BFPIF0GW769,Adjustment,,2116907.73,COP,529.23,App,,,,Colombia,Medellín,Declined,54,False,22.09,,
TRX-2Q8TR2RKT4AJPS1NPKY3,2026-04-19 03:57:34,2026-04-18,PRD-UHJIKE9MSTF9,CLI-PEAY54UPTNQW,Adjustment,,351.52,USD,,ATM,SUC-EN5GYCON,,,Colombia,Cali,Approved,00,False,26.55,,
TRX-RKDGQDBH3XQO3VGAW6DT,2026-04-18 13:04:08,2026-04-18,PRD-GXK7WX0FYNU0,CLI-09WG95EUOEXE,Withdrawal,,115337.69,ARS,329.54,POS,,,,Argentina,Mendoza,Approved,00,False,25.78,,
TRX-BPMKAPMET3CSZEGB4X0G,2026-04-19 01:36:32,2026-04-18,PRD-4R3OC1CPDL35,CLI-G3PDU7JVUK96,Transfer,,14207249.2,COP,3551.81,ATM,SUC-DLYE60QN,,,Colombia,Cartagena,Declined,51,False,22.09,,
TRX-E8F6U29FTUN19QGMAUMX,2026-04-19 02:12:17,2026-04-18,PRD-J3MQL312ZH4C,CLI-0AJQNRQZKU8G,Payment,Transport,552117.04,ARS,1577.48,ATM,SUC-5YFUX3Z6,,,Argentina,Mendoza,Approved,00,False,5.28,,
TRX-SDK5YUM24GNZYI7881V4,2026-04-18 08:56:06,2026-04-18,PRD-FHCWEJR3I9WG,CLI-RAUT7UFEZKFY,Withdrawal,,1843159.31,COP,460.79,POS,,,,Colombia,Barranquilla,Approved,00,False,6.23,,
TRX-E462QN061E1H9O3GZYXR,2026-04-18 20:21:45,2026-04-18,PRD-Q37JMFX8SE3F,CLI-M3LXWPN9W4JS,Payment,Entertainment,24352.56,ARS,69.58,ATM,SUC-571XLYQB,,,Argentina,Rosario,Approved,00,False,,,
TRX-VL89RBXHGI0011W6DN17,2026-04-18 14:56:19,2026-04-18,PRD-XSBSIQM7WGDS,CLI-CTMVIFHA7A5W,Withdrawal,,22.26,USD,,App,,,,México,Querétaro,Approved,00,False,,,
TRX-WDTFBDTIWUQHG7U1NB6I,2026-04-19 05:09:20,2026-04-18,PRD-BF21YZCT4TZO,CLI-PNSBL42AOLPC,Transfer,,4215.91,USD,,ATM,SUC-PNT72MIS,,,Colombia,Cali,Approved,00,False,15.4,4.0252386,
TRX-28WWHPISUMTLAUL2ZTO9,2026-04-18 12:05:48,2026-04-18,PRD-C5SPN3Y4PUNU,CLI-ME9ZFKFL6OAN,Withdrawal,,252.84,USD,,POS,,,,México,Monterrey,Approved,00,False,24.54,,
TRX-Y1O9KM1YEI11QSH4WXE5,2026-04-19 00:29:21,2026-04-18,PRD-R2JLSJKZUCW8,CLI-50FY4IHUPV5D,Withdrawal,,883344.81,COP,220.84,POS,,,,Colombia,Medellín,Approved,00,False,23.59,5.0873911,-73.3481207
TRX-J6KOLYXTEZN01FPQCFCW,2026-04-18 06:02:38,2026-04-18,PRD-3GXFIPHPPE1K,CLI-Q1TSQISFXPBB,Withdrawal,,193.19,USD,,POS,,,,México,Guadalajara,Approved,00,False,14.1,0.1227347,0.0783641
TRX-STS6I04SGCFW0BS3DZ74,2026-04-19 01:34:07,2026-04-18,PRD-3428TRBD2GDK,CLI-Q8Z8HY3JSYJH,Withdrawal,,31.93,USD,,ATM,SUC-4AVH1MSP,,,México,Ciudad de México,Approved,00,False,7.55,-0.674248,-0.6691056
TRX-TMNLL17MW9ZNXJ5ALNDB,2026-04-18 06:46:48,2026-04-18,PRD-N28IS2M76VDK,CLI-W7TNLT4MJTMW,Transfer,,298.31,USD,,ATM,SUC-DG6C9C1K,,,Colombia,Medellín,Approved,00,False,12.85,,
TRX-8UQC5KR51SBXXBVIHC1I,2026-04-18 14:32:18,2026-04-18,PRD-BSKC97F6EO7Q,CLI-X1AN4C8L7BLQ,Payment,Transport,1869.15,USD,,ATM,SUC-KYUNO9E0,,,México,Ciudad de México,Declined,51,False,,,
TRX-6KTT6J6ESWZIDYNYP6QZ,2026-04-18 07:45:10,2026-04-18,PRD-G5M1O5VNYKAX,CLI-BOCQLGPNQ1IV,Purchase,Other,1802291.6,COP,450.57,POS,,Ferretería,Other,Colombia,Cali,Approved,00,False,6.57,,
TRX-MUXJP9J9489MVYL65UZ9,2026-04-18 20:27:38,2026-04-18,PRD-CCB09GQH7TZW,CLI-OPKJSFEWY60K,Withdrawal,,618947.78,COP,154.74,ATM,,,,Colombia,Barranquilla,Declined,54,False,9.05,,
TRX-XY6IDCGB4ZKYRMB5XFE7,2026-04-18 23:15:04,2026-04-18,PRD-ZIFX62ZW1U5W,CLI-FA98Q9Q1CQ6R,Transfer,,3315.44,USD,,ATM,,,,Colombia,Cali,Approved,00,False,29.45,5.2504104,-74.064204
TRX-PSAKQTHNL2P6SIMC74IM,2026-04-18 21:34:59,2026-04-18,PRD-UGRFS55HCTA4,CLI-X3H9H0E2LR43,Transfer,,2898025.94,ARS,8280.07,Web,,,,Argentina,,Approved,00,False,,,
TRX-QIWBOHF5HV5OZTL05AJ9,2026-04-19 05:35:33,2026-04-18,PRD-HO2UV05PG7AR,CLI-FH8WTZWYO2CB,Purchase,Food,363.77,USD,,ATM,SUC-DN1V9J1Z,Tienda Don José,Food,México,Tijuana,Approved,,False,,,
TRX-6TY69L0APKM6ER2EB5Y1,2026-04-18 18:02:03,2026-04-18,PRD-S2XVVZNIJ7OK,CLI-4NZ30H8H8FR9,Withdrawal,,190.75,USD,,POS,,,,México,,Approved,00,False,,,
TRX-QTXOA4KC8C163SG007F4,2026-04-18 09:08:08,2026-04-18,PRD-EKBN77ITSTVM,CLI-MJG5RBVCWWUA,Purchase,Services,14.63,USD,,ATM,SUC-KI33JLSV,Cable TV,Services,México,Puebla,Approved,00,False,25.77,,
TRX-T9GZDIFS0CTUTZ4S548F,2026-04-19 00:13:09,2026-04-18,PRD-2UX8B8D1W00R,CLI-HRKX947CC2LO,Deposit,,995198.45,ARS,2843.42,Transfer,,,,Argentina,Buenos Aires,Approved,00,False,21.97,,
TRX-QHWPGO501KSJPIYOI2OE,2026-04-18 17:33:44,2026-04-18,PRD-X3WQKQYRCZSB,CLI-U4LA40IDQPSX,Withdrawal,,101.2,USD,,Web,,,,México,Ciudad de México,Approved,00,False,15.21,,
TRX-SHV6DPZQQMTQUH670KYA,2026-04-18 20:05:32,2026-04-18,PRD-8XNU5MDU4SZU,CLI-M3B31K54SLMR,Withdrawal,,432.59,USD,,ATM,SUC-M3Y8BT51,,,México,Tijuana,Declined,54,False,,,
TRX-I0JBZ02Q3M169J8CT633,2026-04-19 00:58:46,2026-04-18,PRD-LZH8BPNDAO8U,CLI-PDQUV8CG8YI6,Withdrawal,,178.24,USD,,App,,,,México,Monterrey,Approved,00,False,3.97,,
TRX-S0CU0VOQBN1RWSTCFZNH,2026-04-19 01:21:05,2026-04-18,PRD-MCFIAS980C7V,CLI-3NNGTXY0BYBA,Transfer,,1442082.23,ARS,4120.23,ATM,SUC-0LZRXHCF,,,Argentina,,Reversed,14,False,15.44,,
TRX-OW7PMGOU1B3EVXRKD780,2026-04-19 01:10:06,2026-04-18,PRD-W0Q1GLL1IVNV,CLI-P09WLZPVYA9K,Withdrawal,,387.54,USD,,App,,,,México,,Declined,54,False,8.12,,
TRX-B5J6S52PSKYSHTGGN4UX,2026-04-18 16:16:55,2026-04-18,PRD-N5DJF7PLPHGX,CLI-6AIEP34CQZ90,Payment,Health,1072.07,USD,,App,,,,México,Ciudad de México,Approved,00,False,,,
TRX-FKSGNEFUAB1521W0051X,2026-04-18 13:33:50,2026-04-18,PRD-RMGYQM1ARUEF,CLI-P2K8URHZTXZO,Transfer,,3021.11,USD,,POS,,,,México,Monterrey,Approved,00,False,3.11,,
TRX-VJURV58E2DTXUW7Y8GEC,2026-04-18 11:32:57,2026-04-18,PRD-5ABSKKA7DE5H,CLI-VRUF9P7GAVJ8,Transfer,,22713101.32,COP,5678.28,ATM,SUC-XXUHP6O3,,,Colombia,Cartagena,Approved,00,False,18.86,5.0081841,-73.7206458
TRX-1269FY2IJYIK9D95HDA1,2026-04-18 20:54:37,2026-04-18,PRD-2CWBZ1XHVAEM,CLI-DQNFDZFJQG01,Purchase,Services,11.54,USD,,ATM,SUC-7T5LBQT3,Internet Plus,Services,México,Puebla,Approved,00,False,6.11,,
TRX-R8NPQQPEW5L2DR07ANLH,2026-04-18 10:46:31,2026-04-18,PRD-J9AVR6G10FMS,CLI-XYQVPQOUNGPK,Payment,Services,3136530.01,COP,784.13,POS,,,,Colombia,,Approved,00,False,4.85,5.1210648,-74.2699627
TRX-0XA9VD49S2580FWH2G9P,2026-04-19 02:24:42,2026-04-18,PRD-MJ0WDAWI1C0A,CLI-HYQ1HLJKNVBX,Withdrawal,,1131204.71,COP,282.8,POS,,,,Colombia,Cartagena,Approved,00,False,24.89,,
TRX-ZK80QKWR6VNZ5M3JH1HW,2026-04-19 02:29:00,2026-04-18,PRD-2K6YT4PYB2M1,CLI-PCFZ2UZX5LQB,Purchase,Food,122232.1,COP,30.56,POS,,Restaurante El Buen Sabor,Food,Colombia,Barranquilla,Approved,00,False,27.57,,
TRX-8HIK1YRELW20KUEB74I3,2026-04-18 21:52:04,2026-04-18,PRD-Q1Q94P6AQQNJ,CLI-RM3OI5XFFJZJ,Purchase,Transport,237.41,USD,,ATM,SUC-JRR5Z8WK,Estación de Servicio,Transport,México,Ciudad de México,Approved,00,False,,,
TRX-UVU6ZHGKM7KJHMSQZHTS,2026-04-18 21:16:13,2026-04-18,PRD-BZNC8RF3A2DN,CLI-STNHS34M5C9H,Purchase,Services,487.01,USD,,POS,,Cable TV,Services,México,Querétaro,Approved,00,False,5.6,,
TRX-2EWQJUYRTZMT6NLX4B9K,2026-04-18 14:44:55,2026-04-18,PRD-89DLWV5QR844,CLI-64IP05O5QQMQ,Payment,Other,1785.02,USD,,Web,,,,México,Querétaro,Approved,00,False,6.91,,
TRX-HJY19QA8H8P1XDNRJ3PQ,2026-04-18 22:36:33,2026-04-18,PRD-QA4QUC45D3VB,CLI-U2UHELMWZMZM,Withdrawal,,29872.38,ARS,85.35,Transfer,,,,Argentina,Buenos Aires,Approved,00,False,29.86,,
TRX-NDIJZZA2JNQKG2TD0W75,2026-04-19 00:21:29,2026-04-18,PRD-2DZEDUR872BS,CLI-46L4BGYIPYI9,Purchase,Entertainment,88073.82,ARS,251.64,POS,,Teatro Nacional,Entertainment,Argentina,Mendoza,Approved,00,False,22.04,,
TRX-MMNH3MMPFVLKO5N73M3F,2026-04-19 01:36:35,2026-04-18,PRD-TXCCZ819VST3,CLI-166X14G3C8EZ,Purchase,Other,23553.05,ARS,67.29,POS,,,Other,Argentina,Buenos Aires,Approved,00,False,0.37,-34.2340442,-58.3458525
TRX-MS6RY4INTMRXFO461F3S,2026-04-18 19:38:02,2026-04-18,PRD-GQ47W10242DW,CLI-DBNVOR94IGUT,Deposit,,1234409.86,ARS,3526.89,POS,,,,Argentina,Córdoba,Approved,00,False,6.63,-34.5630327,-59.007791
TRX-DPN0P0G4QQ9PEYV2NGDO,2026-04-19 00:54:18,2026-04-18,PRD-MDHBR44BLFCM,CLI-J54S2O6INX8N,Withdrawal,,60.95,USD,,ATM,SUC-Z7426PZT,,,México,,Approved,00,False,4.97,,
TRX-IJPJ2BEMX3QH564MNUI8,2026-04-19 04:47:10,2026-04-18,PRD-HF9BPBY4B8BB,CLI-9HXD337QVZ96,Purchase,Services,134860.84,COP,33.72,POS,,Cable TV,,Colombia,Bogotá,Approved,00,False,12.23,,
TRX-FUDJV89E1T8252Y4HRGC,2026-04-18 10:22:37,2026-04-18,PRD-ORGY42GR59OB,CLI-Q1VIJVPWNO3X,Transfer,,1169.93,USD,,ATM,SUC-JGJN78RV,,,México,,Approved,00,False,28.03,,
TRX-BPRWZGJO6VN49H24PHTB,2026-04-18 23:07:32,2026-04-18,PRD-YHWP6I2UXR6N,CLI-6OBJCJ636IYJ,Withdrawal,,1706202.01,COP,426.55,POS,,,,Colombia,Bogotá,Approved,,False,10.56,,
TRX-7K4WFKVLG7LYKCMSSCUU,2026-04-19 00:41:58,2026-04-18,PRD-0AOK0NOML2ER,CLI-E3AARLCAR11L,Payment,Services,1737.57,USD,,Transfer,,,,México,Querétaro,Approved,00,False,3.81,,
TRX-4DTFLHXRINM8GKDGNQG0,2026-04-18 08:23:01,2026-04-18,PRD-3GUBT8ZJ48RT,CLI-4BIB72JFTQZK,Transfer,,1575.37,USD,,ATM,SUC-QTWR8S76,,,Argentina,,Approved,00,False,18.49,,
TRX-TKEWAFXJDJCAY3WEYMJ5,2026-04-18 11:40:00,2026-04-18,PRD-FCN5SDO47SUC,CLI-W0BWG8XWICAQ,Deposit,,2750.59,USD,,POS,,,,México,Tijuana,Approved,00,False,3.14,,
TRX-KL4JO4HV4LDKDTECX9K2,2026-04-18 09:57:41,2026-04-18,PRD-0L8L1V5Q4H28,CLI-068E7C6BCF69,Purchase,Entertainment,680766.61,COP,170.19,POS,,Teatro Nacional,Entertainment,Colombia,Cali,Approved,00,False,19.93,,
TRX-T39CB04KS9WQMZL174Y1,2026-04-19 00:03:08,2026-04-18,PRD-JH43A9G6HEPQ,CLI-6V49QETRA9XK,Transfer,,19055136.6,COP,4763.78,POS,,,,Colombia,Medellín,Approved,,False,13.67,,
TRX-86HOTPYXJU8CL3LV4KS5,2026-04-19 01:49:08,2026-04-18,PRD-J3CV3ZVVU3JV,CLI-D8761SE46X8V,Payment,Other,3930924.73,COP,982.73,ATM,SUC-4B1UVBW3,,,Colombia,Medellín,Approved,00,False,0.74,,
TRX-ZZVH4SZSMQRGHWH9ERU8,2026-04-19 03:44:08,2026-04-18,PRD-9YD3EGTWSRU3,CLI-HGBTNIH6I7YL,Purchase,Food,32323.24,ARS,92.35,POS,,Super Ahorro,Food,Argentina,La Plata,Approved,00,False,2.29,,
TRX-FC3CJL4OX55Y9DLYKC48,2026-04-19 01:02:25,2026-04-18,PRD-FVC2CTFJ2X7F,CLI-TF95XZX2H3DR,Withdrawal,,373.21,USD,,ATM,SUC-Y15GDF24,,,México,Ciudad de México,Approved,00,False,,,
TRX-461NC1W47XGSNZ2H0E6M,2026-04-18 08:46:35,2026-04-18,PRD-96HNG4RCX6K5,CLI-3XFL2QSGYD06,Deposit,,2951.39,USD,,App,,,,México,Ciudad de México,Approved,00,False,22.45,,
TRX-AK9CYLWS14OAIGW6ZMNL,2026-04-19 04:09:39,2026-04-18,PRD-BJCJBVDZORA5,CLI-AHBFS66ER9V9,Withdrawal,,124352.59,ARS,355.29,POS,,,,Spain,Barcelona,Approved,00,False,12.1,,
TRX-TIQN3DLDB7IDWRL79IVD,2026-04-18 19:17:09,2026-04-18,PRD-P6IRYX211VKU,CLI-SUH2DTYXV223,Deposit,,127.92,USD,,ATM,SUC-8HPG0AE8,,,México,Querétaro,Approved,00,False,5.15,0.9092262,
TRX-EDNK29FJVYROZ0NQ4LB5,2026-04-18 09:30:18,2026-04-18,PRD-SK0QKU5CMPWK,CLI-6KIMAIUTES9I,Deposit,,7216221.61,COP,1804.06,ATM,SUC-A6PLAS9M,,,Colombia,Cartagena,Declined,,False,19.46,,
TRX-RUIO7ZGOXPZBQ2LDUAZ6,2026-04-19 02:12:05,2026-04-18,PRD-GKD82NNA3PMU,CLI-EEWLU4CFONO5,Transfer,,20250060.47,COP,5062.52,POS,,,,Colombia,Barranquilla,Approved,00,False,0.96,,
TRX-0JXUD9VPUOAMEHJH0B5L,2026-04-18 16:46:19,2026-04-18,PRD-14424LV27GJC,CLI-KHYK49O4QR2M,Withdrawal,,669991.07,COP,167.5,ATM,SUC-Q56PLH2J,,,Colombia,Barranquilla,Approved,00,False,6.83,5.2789274,-73.3464605
TRX-42EPAWIW0AJV1XITTXZW,2026-04-18 12:55:47,2026-04-18,PRD-1RG28GNW6A3F,CLI-SFQZFC8BCTCU,Purchase,Services,276089.32,COP,69.02,Web,,Cable TV,Services,Colombia,Cartagena,Approved,00,False,17.32,,
TRX-KCBTQDV4R3HHY4FNAR8U,2026-04-18 20:41:24,2026-04-18,PRD-7EWR4QEMWJL6,CLI-554PF3TQOITN,Transfer,,34664328.66,COP,8666.08,POS,,,,Colombia,Cartagena,Approved,00,False,5.81,4.3678972,-74.7542017
TRX-Z25CVGIHPKEKODJC0OUD,2026-04-18 08:11:13,2026-04-18,PRD-60CL6K5Q7KXX,CLI-M6RM44Q0UX33,Withdrawal,,389848.37,COP,97.46,App,,,,Colombia,Cartagena,Approved,00,False,,,
TRX-AJOKIYN1B5X4JTNDLGM8,2026-04-18 06:45:33,2026-04-18,PRD-QNOTF1UF0VL5,CLI-MENV7OPUMDOB,Transfer,,14352753.18,COP,,POS,,,,Colombia,Medellín,Approved,00,False,0.45,,
TRX-HHZMZ5RI436OV25ZDCGV,2026-04-19 01:52:44,2026-04-18,PRD-ES6OYVTIEK7X,CLI-E01CM2XTTSAU,Payment,Health,503.06,USD,,Web,,,,México,Monterrey,Approved,00,False,7.28,,
TRX-2M71AVP19IUDJ2SPU7YR,2026-04-18 10:29:57,2026-04-18,PRD-46EPU1Y1RUHA,CLI-YREB1YZRZ1YW,Withdrawal,,61.06,USD,,ATM,SUC-Q9LRLZTA,,,México,Ciudad de México,Approved,,False,11.82,,
TRX-ALQBEV58GO0E7N1WSH2W,2026-04-18 16:17:14,2026-04-18,PRD-SS51IV157A3Q,CLI-D4Z6J8CD6A86,Withdrawal,,1290873.94,COP,322.72,ATM,SUC-P6VSAH4U,,,Colombia,Cartagena,Approved,00,False,1.95,,
TRX-TJQ0YJFQL2PJHX5BO7X6,2026-04-19 00:26:33,2026-04-18,PRD-JCBUCJ7YWLOG,CLI-ORX1A9X2ENO7,Transfer,,22052905.55,COP,5513.23,ATM,SUC-KXMF616G,,,Colombia,,Approved,00,False,3.32,3.8536158,-73.2651517
TRX-12ON46U7C4HW8YN10X6S,2026-04-18 10:26:44,2026-04-18,PRD-O8JLLCPJR45E,CLI-LLP9MSOGI7F5,Purchase,Entertainment,28.01,USD,,Web,,Streaming Music,Entertainment,México,Puebla,Declined,51,False,19.95,,
TRX-ATELVSRJ7AFSSVPAH8YB,2026-04-18 10:36:14,2026-04-18,PRD-WNCK6XXX5D01,CLI-W3L88ZWS383D,Withdrawal,,308.81,USD,,App,,,,México,Puebla,Approved,00,False,0.4,,
TRX-T7MB4SLMN502T1P1HW26,2026-04-18 16:22:05,2026-04-18,PRD-TUW8WTWMHQLT,CLI-E5P6E481P23B,Payment,,3306153.71,COP,826.54,App,,,,Colombia,Medellín,Approved,00,False,2.99,,
TRX-WIOUU6Z76W6H9PPLXN27,2026-04-19 05:54:36,2026-04-18,PRD-9AINM3PAUZVK,CLI-ACHJQESYGPTF,Payment,Services,555757.33,ARS,,Web,,,,Argentina,Córdoba,Approved,00,False,14.82,,
TRX-UQMWNKTTBST7DIBTQQ3H,2026-04-18 19:11:31,2026-04-18,PRD-U1LUTMPIJB1L,CLI-K44B4OGPU7IE,Transfer,,9343.43,USD,,Web,,,,México,Tijuana,Approved,00,False,0.37,,
TRX-3W8H4OF7I0JPIIA0UO6X,2026-04-18 23:04:42,2026-04-18,PRD-IR2RPU0JUF7W,CLI-Y2UOSYQF0CQE,Payment,Entertainment,472.05,USD,,Branch,SUC-QL08OUL0,,,México,Tijuana,Declined,05,False,28.49,0.02052,
TRX-17ZAKDQA4Y4JBTRWIS3K,2026-04-18 07:27:11,2026-04-18,PRD-AE9Y7AXZPTKY,CLI-5QTBTE4NFI0V,Withdrawal,,385546.55,COP,96.39,POS,,,,Colombia,Cali,Approved,00,False,25.45,,
TRX-5E7GU3712YQNA9VMJU4C,2026-04-18 08:43:21,2026-04-18,PRD-35OJ5DDDLVVF,CLI-QNE3FDRHSQOZ,Deposit,,711787.35,ARS,2033.68,App,,,,Argentina,Buenos Aires,Approved,00,False,7.38,,
TRX-IN2A10GKXMUIRP83UG9P,2026-04-18 23:53:14,2026-04-18,PRD-QGI0I9EBO5SK,CLI-ZEOMQ3URGHVI,Withdrawal,,16167.33,ARS,46.19,App,,,,Argentina,Buenos Aires,Approved,00,False,22.48,,
TRX-IC9CQNGKH2SOKK6J1R5G,2026-04-18 23:14:50,2026-04-18,PRD-QHPN7RSTEWBD,CLI-SFBNEKV44PTD,Transfer,,6948.38,USD,,App,,,,México,,Approved,00,False,11.2,,
TRX-SFEZVTMD4CVT3BICLFTP,2026-04-18 19:24:41,2026-04-18,PRD-B9YYXNJMLHJW,CLI-1OE9M067G9CT,Purchase,Other,140.21,USD,,App,,Centro Comercial,Other,México,Monterrey,Pending,14,False,,,
TRX-V4D09961JYKEYAP5GQOT,2026-04-18 23:49:35,2026-04-18,PRD-OLHDHEXJV17A,CLI-6GN71RMGUKSB,Withdrawal,,184.34,USD,,POS,,,,México,Guadalajara,Approved,00,False,27.59,,
TRX-UYT7SG4JW8WBYKI6YVVC,2026-04-18 11:19:59,2026-04-18,PRD-86APROE3K1YS,CLI-DXTFKVHCRXMM,Deposit,,2747.99,USD,,POS,,,,México,Tijuana,Approved,00,False,8.14,,
TRX-TZX3QSX5SZB6LDXX0Z0U,2026-04-18 06:34:17,2026-04-18,PRD-EB60II4VF6RI,CLI-3USO0SK7TVXO,Withdrawal,,86880.21,ARS,248.23,ATM,SUC-UUF77WSC,,,Argentina,Buenos Aires,Approved,00,False,0.15,,
TRX-NGRXNX3X5YIQ1NHKCZZ1,2026-04-18 19:07:12,2026-04-18,PRD-W3GI3X5SZRZV,CLI-MM2UA8NX85Z5,Withdrawal,,186.55,USD,,ATM,SUC-JDSJM3BZ,,,México,Tijuana,Approved,00,False,,-0.7581185,
TRX-7XKC6UK996WMUPREKJ7P,2026-04-18 20:29:55,2026-04-18,PRD-JQ6Z169EL9RX,CLI-E3L1EN65V4LW,Purchase,Food,696006.69,COP,174.0,Web,,Mercado Central,Food,Colombia,,Approved,00,False,,,
TRX-1WNX26T3TQ8IAWNW1MYU,2026-04-18 21:57:38,2026-04-18,PRD-KILXDK7BGRNJ,CLI-R4FVN15JD49W,Withdrawal,,398.17,USD,,ATM,SUC-DN1V9J1Z,,,México,Guadalajara,Approved,00,False,24.61,,
TRX-U16X3MP9I4Q704J3FSFV,2026-04-18 16:05:15,2026-04-18,PRD-2UW5NGF1CULX,CLI-RWEPR02PRCRT,Payment,Entertainment,567506.8,ARS,1621.45,POS,,,,Argentina,Mendoza,Approved,00,False,,,
TRX-4I5UFJEK7O2JTO5AXAT6,2026-04-18 17:59:58,2026-04-18,PRD-4ZB8NGUYQGMN,CLI-438BYJD6C0KA,Purchase,Transport,298.01,USD,,Web,,Gasolinera Express,Transport,México,Puebla,Approved,00,False,,,
TRX-DUAVQ3ASEE9FDLN0B7AM,2026-04-19 02:22:12,2026-04-18,PRD-Y2RRALHLSY70,CLI-MIYWFLIPEVFF,Deposit,,18338934.62,COP,,ATM,SUC-UNXOS8JB,,,Colombia,Barranquilla,Approved,00,False,28.86,,
TRX-67NCSZT27DBO6NWPHLTY,2026-04-19 00:44:38,2026-04-18,PRD-L0PD8735D11T,CLI-CLOIF8MOKR8N,Withdrawal,,412.64,USD,,ATM,SUC-2ATW7QMQ,,,México,,Approved,00,False,4.16,,
TRX-BU9Z6S34IIODTJX7GV9N,2026-04-18 19:48:20,2026-04-18,PRD-J19SZKVTFT71,CLI-35991MF5VE5I,Payment,Food,4146980.8,COP,1036.75,POS,,,,Colombia,Bogotá,Approved,00,False,1.89,,
TRX-8KTJLGNQTXGBYMXVGKSR,2026-04-18 22:55:26,2026-04-18,PRD-IR0JCJELOCC3,CLI-37IW971Q2RUY,Transfer,,2754.66,USD,,ATM,SUC-UV1CR4D5,,,México,Tijuana,Approved,00,False,2.29,-0.7826543,-0.9625027
TRX-FC0XVSIZERHLCNSW9PP0,2026-04-18 06:11:22,2026-04-18,PRD-DIXCFEBEZZ9A,CLI-2C1R0U17LFYI,Purchase,Transport,486.36,USD,,POS,,Taxi Seguro,Transport,Colombia,Cartagena,Approved,,False,4.61,,
TRX-3TP47UG09L1AEEJUF5JA,2026-04-19 03:17:15,2026-04-18,PRD-YYX9KJ8SA5RQ,CLI-GP3WYUR28770,Purchase,Services,167209.84,ARS,477.74,ATM,SUC-OSJVEL9O,Servicios Públicos,Services,Argentina,Rosario,Approved,00,False,6.27,-34.6686832,-57.8797183
TRX-GMA1NL4FP2R4XF4VUUHN,2026-04-18 23:03:46,2026-04-18,PRD-DX3KLHSQZJD4,CLI-XVQ56VUFEVBN,Deposit,,2456.21,USD,,POS,,,,México,Guadalajara,Approved,00,False,20.97,0.490576,0.4999684
TRX-7YCMY7Q98GG4ERY2T5TF,2026-04-19 05:03:30,2026-04-18,PRD-ZLNR1X4EU1OW,CLI-XH44YB7IHQMJ,Purchase,Entertainment,867666.59,COP,216.92,Web,,Streaming Music,Entertainment,Colombia,Bogotá,Pending,51,False,8.49,,
TRX-HW17E3IKKLPLVWIGTXW4,2026-04-18 15:23:01,2026-04-18,PRD-T5NJB2LHEM02,CLI-T96NXQDYZD4K,Withdrawal,,346.52,USD,,App,,,,México,Tijuana,Approved,00,False,29.49,,
TRX-ZBQARX7CQ4GHZ5PQ050C,2026-04-19 03:01:56,2026-04-18,PRD-52486MHP7VI7,CLI-OHE277H2W9JW,Withdrawal,,1526901.38,COP,381.73,POS,,,,Colombia,Medellín,Declined,05,False,3.38,,
TRX-OIVIZVELYDWXJUN9LVH2,2026-04-19 05:47:35,2026-04-18,PRD-ZGZ8SEW5HNAS,CLI-1OV8U2WNH4K9,Withdrawal,,101628.42,ARS,290.37,ATM,SUC-39R34AY6,,,Argentina,Córdoba,Approved,00,False,29.72,,
TRX-25UCTE16BOK5WUMOGWU3,2026-04-18 19:15:54,2026-04-18,PRD-FEFNLYHZ8W04,CLI-P4J9AR1B1B95,Payment,Services,1324.64,USD,,ATM,SUC-CUMTPAM3,,,México,Tijuana,Approved,00,False,,,
TRX-ZAVOL5TST0YSG7XWXYWL,2026-04-18 23:17:54,2026-04-18,PRD-RHKT1TASHNYZ,CLI-IWBHVPERZ6MH,Withdrawal,,408.82,USD,,POS,,,,México,Guadalajara,Approved,00,False,29.24,,
TRX-DJJMIKKB8NO09TFKSIUZ,2026-04-18 07:29:04,2026-04-18,PRD-LUTPHM6VFY0N,CLI-DUIYI8OPZXBM,Withdrawal,,1116739.61,COP,279.18,POS,,,,Colombia,Cali,Approved,00,False,15.04,,
TRX-PO24NYTJ35ZCJW0D1ZME,2026-04-18 16:44:17,2026-04-18,PRD-NAPELU2DRHB9,CLI-R4HHARBAWL8E,Transfer,,2520567.85,ARS,7201.62,Web,,,,Argentina,Buenos Aires,Approved,00,False,8.85,,
TRX-DCWKM68S76P37ATWKQKA,2026-04-18 18:19:31,2026-04-18,PRD-BBWQWPAJRTWU,CLI-ZY1ZS4PH7NKL,Payment,Food,67.51,USD,,ATM,SUC-3DCC91G4,,,México,Ciudad de México,Approved,00,False,14.51,,
TRX-PGGMN7FI5RW3CZW0EBB0,2026-04-18 21:21:54,2026-04-18,PRD-E2BJQTHH5221,CLI-N3OV5SVFFC1G,Transfer,,6697.48,USD,,ATM,SUC-BDUHNO9T,,,México,Querétaro,Approved,00,False,17.18,-0.1283965,0.5934898
TRX-4RTAFG5Q42JXI78NHACY,2026-04-18 21:37:38,2026-04-18,PRD-1EJ9VYEJKTQ4,CLI-4QLJ0U6ESG50,Purchase,Food,1901412.42,COP,475.35,Web,,Mercado Central,Food,Colombia,Bogotá,Declined,05,False,0.04,,
TRX-Q0RCBF0U5U0W2CHYNN8P,2026-04-19 02:25:51,2026-04-18,PRD-TTRKDXMNYEFE,CLI-G51OLQ7XQ950,Deposit,,291.48,USD,,POS,,,,Argentina,Buenos Aires,Approved,00,False,18.61,,
TRX-5N58ACG94L4O32SVUD4C,2026-04-18 12:06:35,2026-04-18,PRD-KRB9WXLE1W0U,CLI-MQ5S0V8KGUEE,Payment,Entertainment,1506.53,USD,,POS,,,,México,Tijuana,Approved,00,False,3.74,,
TRX-LT4LXIT00VT6WKMCH2MT,2026-04-18 18:17:56,2026-04-18,PRD-6EHHP7QNCL3I,CLI-TS775YZ08ME3,Purchase,Food,70777.9,ARS,202.22,POS,,Mercado Central,Food,Argentina,Rosario,Approved,00,False,,,
TRX-MEIK2PVN79NRASQA8KGL,2026-04-19 00:37:57,2026-04-18,PRD-7FS2YROLJQV2,CLI-G85R8PG1Y1AI,Deposit,,4242.95,USD,,Web,,,,México,,Approved,00,False,11.44,,
TRX-6X7KVEFTQAQGKL50JK0W,2026-04-19 00:10:46,2026-04-18,PRD-PLE38IYIV0Z9,CLI-MKSKP27ZNWBA,Payment,Services,221212.59,ARS,632.04,Web,,,,Argentina,Córdoba,Approved,00,False,25.71,,
TRX-LHNMMQPC1IH8OPLMNAGM,2026-04-18 15:27:05,2026-04-18,PRD-8X92BV4IPUMN,CLI-N8892H0D7BF3,Deposit,,14349619.17,COP,3587.4,POS,,,,Colombia,Bogotá,Approved,00,False,10.32,5.6827895,-74.3970062
TRX-PJREYG4ZWDRZ6LL4LQCF,2026-04-18 23:37:27,2026-04-18,PRD-AOACFHUC6RPW,CLI-ZXKDB7YSRHEX,Withdrawal,,299.49,USD,,ATM,SUC-SUAMAVYV,,,Brazil,,Declined,05,False,13.05,,
TRX-WH5DUAHE2TLSK26S57GU,2026-04-18 11:14:53,2026-04-18,PRD-WRF1O89O19GH,CLI-YVWZRQ01IIOI,Payment,Services,709241.33,COP,177.31,ATM,SUC-YH0U3LVW,,,Colombia,Cartagena,Approved,00,False,12.71,,
TRX-V2E0PCRI0GIK06DZO2ZA,2026-04-18 13:10:59,2026-04-18,PRD-UEJCNEXNVRXP,CLI-28PW2QP9V1VN,Withdrawal,,117.14,USD,,POS,,,,México,Ciudad de México,Approved,00,False,28.06,,
TRX-254HAWWXJYI7VG6WIWPZ,2026-04-18 11:46:46,2026-04-18,PRD-LFPY9TYGAOXE,CLI-YKEGITUTZ1QA,Deposit,,186789.93,ARS,533.69,ATM,SUC-5S93Z8YS,,,Argentina,Buenos Aires,Approved,00,False,24.19,-33.9603075,
TRX-O1ACMB1D9VJBXKWQPORD,2026-04-18 19:46:31,2026-04-18,PRD-ZJ68ANA0M6JC,CLI-H1C9167MKA7G,Payment,Food,20079.27,ARS,57.37,Web,,,,Argentina,Córdoba,Approved,00,False,6.25,,
TRX-UN15NDPWV5AQ5SZVWEYB,2026-04-18 23:00:29,2026-04-18,PRD-DQ8DX2AG2JFE,CLI-K0GZ1IT8862S,Deposit,,7811292.78,COP,1952.82,ATM,SUC-QLV3J046,,,Colombia,Medellín,Approved,00,False,,,
TRX-THHMEDGQG5ZD6NDF043R,2026-04-18 19:06:51,2026-04-18,PRD-QD2IZ756NMKI,CLI-UILKAVGTB2PM,Transfer,,7017.9,USD,,Web,,,,México,Tijuana,Declined,05,False,17.49,,
TRX-IO2V7NYLMZEIHBFX5P2H,2026-04-18 21:51:32,2026-04-18,PRD-P9K4USZQPLMQ,CLI-AVYWNF8Y5WY9,Transfer,,8788.04,USD,,App,,,,Colombia,Bogotá,Approved,00,False,,,
TRX-24D4DJEP6P65H8U6EM65,2026-04-18 18:59:05,2026-04-18,PRD-KICVFSPW4FBE,CLI-A48UZAB0O2BY,Withdrawal,,159621.0,ARS,456.06,ATM,SUC-SN21TOOC,,,Argentina,Córdoba,Approved,00,False,,,
TRX-VSX77AXHBHIPQ7M3BF23,2026-04-19 00:06:51,2026-04-18,PRD-1IGUF6MFLJFX,CLI-FKBXFRU3BN6H,Payment,Health,526909.6,ARS,1505.46,ATM,SUC-GTAY0XHL,,,Argentina,Mendoza,Approved,00,False,16.39,,
TRX-BJGJ48UV1P948SEN2VSO,2026-04-19 05:38:44,2026-04-18,PRD-JFLNNHLNU570,CLI-GYSX9MXRQ9D9,Deposit,,774334.73,ARS,2212.38,ATM,SUC-8433QXQ4,,,Argentina,Mendoza,Approved,00,False,10.14,,
TRX-PXTRKLRRXLA3I1SX9DJR,2026-04-19 01:03:43,2026-04-18,PRD-L4C35OBWBQ1G,CLI-ZM1KEVFTDP21,Deposit,,4226.1,USD,,App,,,,México,Ciudad de México,Approved,00,False,,,
TRX-0EVQ3R2EH43W4XCM8022,2026-04-19 04:04:53,2026-04-18,PRD-ZDL7SBT2U6PM,CLI-DMWTCG6GE0N0,Deposit,,1975.18,USD,,App,,,,México,Ciudad de México,Approved,00,False,,,
TRX-RXN6UIM35FRL6KZNCSJT,2026-04-18 07:21:15,2026-04-18,PRD-U3M3CN55A01Z,CLI-4CYHI6P4OEKM,Deposit,,814989.96,ARS,2328.54,Branch,SUC-VPCJ60UW,,,Argentina,Rosario,Approved,00,False,12.14,-33.9631826,-58.9902519
TRX-Z3IU23V1T2IUN7TOB9OU,2026-04-18 16:39:11,2026-04-18,PRD-9EXNSY0KQK4A,CLI-IMADYJSSAB1M,Payment,Food,236.46,USD,,ATM,SUC-POHHKXPA,,,México,Guadalajara,Approved,00,False,,,
TRX-MPA5EODCYTY77G3MLV44,2026-04-18 07:25:10,2026-04-18,PRD-9JAOR91OJR8M,CLI-X9G039K0AAI5,Payment,Food,1258.01,USD,,POS,,,,México,Tijuana,Approved,00,False,14.76,,
TRX-AGERFR97KONS9A5U23AZ,2026-04-18 18:38:59,2026-04-18,PRD-8616OKFE7CGR,CLI-CEF86LNJIKDU,Deposit,,16681973.41,COP,4170.49,ATM,SUC-TQX7379E,,,Colombia,,Approved,00,False,22.71,,
TRX-46G4PEEIG7BRBIMKB11E,2026-04-18 20:24:10,2026-04-18,PRD-Z51DEEJUCLQF,CLI-6A8XQMDDNKRW,Purchase,Health,571953.51,COP,,POS,,Óptica Visión,Health,Colombia,Cali,Approved,00,False,24.42,,
TRX-GGZYR5FTWDAJ838MBDSK,2026-04-18 22:51:19,2026-04-18,PRD-C475VMVMWR08,CLI-176EP9X4PRUI,Payment,Health,914.2,USD,,POS,,,,México,Querétaro,Approved,00,False,4.62,,
TRX-OX7SYJSBYIVU3AGQ7J1Q,2026-04-18 12:39:11,2026-04-18,PRD-4QOBSCQ3XI20,CLI-SE6W0QY8NVK6,Deposit,,724213.51,ARS,2069.18,ATM,SUC-GKQAVGPP,,,Argentina,Buenos Aires,Declined,54,False,27.59,,
TRX-PFGY1YQ3N6BMBDDRQ3MJ,2026-04-18 20:46:06,2026-04-18,PRD-JP3E02QQLDZ3,CLI-YC0BGTP2RYE6,Transfer,,1739.41,USD,,POS,,,,México,,Approved,00,False,,,
TRX-7P1JT1SDT6HIWAAV8YV7,2026-04-18 18:05:45,2026-04-18,PRD-8A63S3B3I3QL,CLI-R9VV7R58O5UL,Transfer,,4146.57,USD,,Web,,,,México,Guadalajara,Approved,00,False,24.41,,
TRX-ZN4CD7MH6SFDU58H020W,2026-04-19 05:16:52,2026-04-18,PRD-0MHZCLH6A0JV,CLI-7XQEJ9RMMDHS,Withdrawal,,277.39,USD,,POS,,,,México,Querétaro,Approved,,False,4.19,,
TRX-FONHXEMLFBV62HK4MU3Q,2026-04-18 14:57:01,2026-04-18,PRD-HP5TE66EJ5KP,CLI-VGKCJ2AYDEBZ,Purchase,Other,44784.72,ARS,127.96,POS,,Ferretería,Other,Mexico,Guadalajara,Approved,00,False,0.33,,
TRX-GTYFNGB9HW62A8TXCEEY,2026-04-19 02:08:34,2026-04-18,PRD-HUS787EL3OSD,CLI-CK3YXUCY01MG,Payment,Food,581159.92,ARS,1660.46,ATM,SUC-EHE8V9YO,,,Argentina,Córdoba,Approved,00,False,6.05,,
TRX-7V0Q0Q1LFAMQFFBA9B6T,2026-04-18 07:26:59,2026-04-18,PRD-SUF6XAWQ76JV,CLI-BQULD0CLOM60,Deposit,,864651.39,ARS,2470.43,POS,,,,Argentina,,Approved,00,False,25.06,-34.5965354,-59.3007994
TRX-4KGYLIEM9S981J6HWP08,2026-04-19 01:32:29,2026-04-18,PRD-UWKRCUXYH5E4,CLI-EAYDGOX8AWUT,Purchase,Other,382.93,USD,,App,,Ferretería,Other,México,Guadalajara,Approved,00,False,8.07,,
TRX-DRZKYVP7C1731NOP3GM0,2026-04-18 17:27:55,2026-04-18,PRD-FPQL6CW521W5,CLI-L1POFK3O6XX7,Adjustment,,499.11,USD,,ATM,SUC-SCFDICUT,,,México,Puebla,Approved,00,False,28.68,-0.3242944,0.381343
TRX-82955MU23E83CW3J0UQ4,2026-04-19 05:51:34,2026-04-18,PRD-BFWRJMM7XCM4,CLI-21OBR8KYEAOM,Purchase,,171539.56,ARS,490.11,Branch,SUC-GKQAVGPP,Tienda Don José,Food,Mexico,Ciudad de México,Approved,00,False,21.89,-35.2500043,-57.4883972
TRX-2PEDU9V30PCN5ZRRUBCJ,2026-04-18 08:47:50,2026-04-18,PRD-IKX0EZJHF6Q5,CLI-QUU16ISPKFDV,Purchase,Food,69952.81,ARS,199.87,App,,Mercado Central,,Colombia,Medellín,Approved,00,False,13.16,,
TRX-KNMPJ05W2UNF172SZ8PR,2026-04-18 06:21:01,2026-04-18,PRD-10NZ61OI3LB0,CLI-C010HRJ3XOQQ,Payment,Other,792.24,USD,,POS,,,,México,Tijuana,Approved,00,False,28.98,,
TRX-VOQO6Y1JGOHADHZ5CKYG,2026-04-18 23:29:41,2026-04-18,PRD-EK7AF8IMRWRP,CLI-FUGTR4DZ61AT,Withdrawal,,338.9,USD,,App,,,,México,Ciudad de México,Approved,00,False,0.37,,
TRX-LK8Q3DZX3P9RBA4Z1EXB,2026-04-19 01:24:48,2026-04-18,PRD-Z0EYKQXQ6L4T,CLI-CCV85MG2U4VJ,Deposit,,4705.05,USD,,ATM,,,,México,Puebla,Approved,00,False,3.08,,
TRX-0S1Z57S16HWZ53UMZ1SX,2026-04-18 14:26:58,2026-04-18,PRD-Y577AVX0OWCZ,CLI-M06F3GZGRBDX,Withdrawal,,93674.66,ARS,267.64,ATM,SUC-EHE8V9YO,,,Argentina,Córdoba,Approved,00,False,4.42,,
TRX-S8M6OA8BHZBW7BEWRQ82,2026-04-19 00:13:47,2026-04-18,PRD-1I98QQ0WMMGC,CLI-RADXAJNTW1VN,Purchase,Food,51.78,USD,,ATM,SUC-HWG24EKK,Super Ahorro,,México,Guadalajara,Approved,00,False,5.18,,
TRX-YPE4N7MI2NFSMIWM83C8,2026-04-19 02:13:55,2026-04-18,PRD-R83FMA6H1JLW,CLI-MES8D9XM84IP,Withdrawal,,87.85,USD,,POS,,,,México,Ciudad de México,Declined,,False,,,
TRX-O0QYWXSP72FCLB2PDFW5,2026-04-18 22:14:42,2026-04-18,PRD-VPYKH9MK4WDA,CLI-IIRJ7Q4162LG,Payment,Food,1735.67,USD,,ATM,SUC-7ZY1HPL0,,,Argentina,Rosario,Approved,00,False,,,
TRX-BERLH5XFL2P5GX30JAJL,2026-04-19 03:01:58,2026-04-18,PRD-3MSKW964NUMB,CLI-GIQ4IEJP56N6,Purchase,Entertainment,105995.01,ARS,302.84,ATM,SUC-NRVN9ND4,Cine Premium,Entertainment,Argentina,,Approved,00,False,,,
TRX-G82AD1UKSQIOWGBLS4FM,2026-04-18 12:18:30,2026-04-18,PRD-AEH0VGKWRBPN,CLI-8KBJP8YHJ19I,Purchase,Transport,8194.22,ARS,23.41,App,,Gasolinera Express,Transport,Argentina,Rosario,Approved,00,False,,,
TRX-7S0WUUMAQ8T6KNBMGZNZ,2026-04-18 22:26:20,2026-04-18,PRD-27LFIM5H5JTH,CLI-1EHUR0EP5KSG,Deposit,,6607516.23,COP,1651.88,Web,,,,Colombia,Bogotá,Approved,00,False,21.66,,
TRX-E4042FJA1LTGAVAZYWFV,2026-04-18 06:44:33,2026-04-18,PRD-N4KBCI3TZTO9,CLI-T864HWURE1A3,Payment,Transport,406147.51,ARS,1160.42,Web,,,,Argentina,La Plata,Approved,00,False,25.16,,
TRX-8PJ897CKSQOYRNZWYLGX,2026-04-18 22:47:12,2026-04-18,PRD-AEEJKZ5WFW8M,CLI-TEFLQBYQ58K8,Payment,Food,156907.61,ARS,448.31,Web,,,,Argentina,,Approved,00,False,8.38,,
TRX-9YSG1YR49OWQYAKFYM1R,2026-04-19 04:44:57,2026-04-18,PRD-SNEL4HLFLWR9,CLI-WP5N2OTBQNZT,Withdrawal,,226.62,USD,,Web,,,,Colombia,Medellín,Approved,00,False,6.36,,
TRX-T6C6FNBQPHY57YNNTZVF,2026-04-18 22:43:16,2026-04-18,PRD-IHJQ6O702EYM,CLI-GN9UPGGWLDMR,Transfer,,9168.93,USD,,POS,,,,México,,Approved,00,False,7.31,-0.6624154,0.2178192
TRX-SB9XQ4BSXC8P8U6M4KIY,2026-04-19 05:55:32,2026-04-18,PRD-3021ZC9P47NN,CLI-GAZ9SCZH5N22,Transfer,,3151.38,USD,,App,,,,México,Puebla,Approved,00,False,18.65,,
TRX-LKN7J8KBW7SGJDA0NACV,2026-04-18 21:18:19,2026-04-18,PRD-4WNLLMHH8AUL,CLI-SM0XMQ9SXBH9,Deposit,,13933227.99,COP,,POS,,,,Colombia,Cartagena,Approved,00,False,19.91,5.2850165,-73.6238206
TRX-38EB28N0XTJP2RFP7PIQ,2026-04-19 00:26:23,2026-04-18,PRD-Y2T4J6VCRLRR,CLI-4B6FO2Y5MEOV,Transfer,,1749.6,USD,,App,,,,México,Querétaro,Approved,00,False,17.0,,
TRX-UWY622N5XP4S59Q0VOQX,2026-04-18 23:22:30,2026-04-18,PRD-DNBUJQCKHPWH,CLI-8YNGVL0KXO6O,Deposit,,3301.04,USD,,POS,,,,México,Monterrey,Approved,00,False,16.24,0.2600254,-0.5781818
TRX-ZXAF9DHHF408A3ID41LJ,2026-04-18 18:35:32,2026-04-18,PRD-IUGBKXJ92OC6,CLI-ZI9WRMODQ02O,Transfer,,8264.73,USD,,ATM,SUC-OZH64PX1,,,México,Monterrey,Approved,00,False,16.16,,
TRX-XHLYGSR6AXRBXGQVDN80,2026-04-18 07:33:07,2026-04-18,PRD-77ZVGLC58X2N,CLI-0J6MK2SN3G1V,Withdrawal,,422.64,USD,,App,,,,México,Monterrey,Approved,00,False,22.58,,
TRX-ASSCR8ONKT26VI0QJT76,2026-04-18 15:47:56,2026-04-18,PRD-MXKET8Z81SEC,CLI-DAFNRO8I9BS5,Withdrawal,,1003114.7,COP,250.78,POS,,,,Colombia,Cartagena,Approved,00,False,11.18,,
TRX-FQ3O63A13ZE797TBK7M4,2026-04-19 05:16:56,2026-04-18,PRD-JD9XRZYC9X5P,CLI-1JGTARMXDRK4,Purchase,Services,184.78,USD,,POS,,Empresa Telefónica,,México,Guadalajara,Approved,00,False,15.63,-0.8422308,-0.2607251
TRX-4V0R0RNE562KO0PNHN6L,2026-04-19 03:19:16,2026-04-18,PRD-FRY6B8DUVIZF,CLI-ZQKUGAW7S7HA,Purchase,Transport,314.8,USD,,POS,,Taxi Seguro,Transport,México,Guadalajara,Approved,00,False,,,
TRX-XZA5M172GLZ2CBWNF03G,2026-04-18 06:06:40,2026-04-18,PRD-E0XK26JV90SG,CLI-GAT9E0EJAOB0,Payment,Transport,1876.21,USD,,Branch,SUC-VZIGM714,,,Colombia,Medellín,Approved,00,False,5.62,,
TRX-QAETABXOJU1YCH9UOIR4,2026-04-18 13:42:33,2026-04-18,PRD-G7ZQWWZCYO83,CLI-GOSUBEOL8TDH,Withdrawal,,433.63,USD,,App,,,,México,Monterrey,Approved,00,False,,,
TRX-XCWOSJ4Q0744UV5WYOQC,2026-04-19 03:54:21,2026-04-18,PRD-3U0WZ1RDJ40H,CLI-5J47LMH7MC8O,Transfer,,5815054.24,COP,1453.76,POS,,,,Colombia,Bogotá,Reversed,51,False,6.15,5.0480439,-73.1069922
TRX-QUTI9XZO4JQU0CHOM77J,2026-04-19 03:51:45,2026-04-18,PRD-IGGL5BSZVJBP,CLI-ZYDEVOYJ2LF0,Withdrawal,,152.72,USD,,POS,,,,México,Querétaro,Approved,00,False,7.14,0.1855802,-0.1208884
TRX-4GFAKMKEJE0O2B278P3N,2026-04-18 19:17:45,2026-04-18,PRD-WGVS9OE2WWZ5,CLI-UESM5YUT52SO,Transfer,,786322.84,ARS,,Transfer,,,,Argentina,Mendoza,Approved,00,False,27.97,,
TRX-UKLFRBHIBRSV4WU8PMPX,2026-04-18 11:21:22,2026-04-18,PRD-ZI066TVIR93W,CLI-1XU638UZKG3O,Purchase,Other,163034.42,ARS,465.81,POS,,Boutique Moda,Other,Argentina,Mendoza,Approved,00,False,,,
TRX-IXBG44ZO7R4GLQIOO8VH,2026-04-18 17:35:18,2026-04-18,PRD-9FL2FRH0RX0M,CLI-WF2TXF0KUY4F,Deposit,,13498546.3,COP,3374.64,Web,,,,Colombia,Cartagena,Approved,00,False,,,
TRX-UZ5HWSU622XFH32AAYHH,2026-04-19 03:12:42,2026-04-18,PRD-0R31JWI2UNI2,CLI-HYU8LNFNQEM1,Withdrawal,,1186553.01,COP,296.64,ATM,SUC-M447M9GU,,,Colombia,Barranquilla,Approved,00,False,6.85,,
TRX-VJ2X6C7Q3034N3HGDD08,2026-04-18 12:46:11,2026-04-18,PRD-Y2AQWVQLKEDK,CLI-UL4J71RMH3XE,Payment,Transport,469.29,USD,,App,,,,México,Guadalajara,Approved,00,False,12.01,,
TRX-LVEUNORFXTIH7ZIMO38S,2026-04-18 07:19:54,2026-04-18,PRD-3S91O72YZX3G,CLI-YPC9H241Q0PP,Transfer,,39302384.27,COP,9825.6,POS,,,,Colombia,Bogotá,Approved,00,False,13.39,3.9340482,-74.4366011
TRX-DIMT7GVSBFHKER9D128Z,2026-04-18 12:11:30,2026-04-18,PRD-XAIRED5DG4QD,CLI-NJK3WX0AVBAH,Purchase,Transport,309.82,USD,,POS,,Taxi Seguro,,México,Monterrey,Pending,51,False,15.42,,
TRX-DRMJKROSRWQL6DVMLX3K,2026-04-18 21:43:35,2026-04-18,PRD-24X5XR51YZTF,CLI-1LQSVVZZCWIO,Payment,Food,6341105.91,COP,1585.28,Web,,,,Colombia,Cali,Approved,00,False,23.8,,
TRX-BCAZC9TKGYYYJFA9SJB9,2026-04-18 06:23:57,2026-04-18,PRD-2W7TCIGPQ966,CLI-6XYHKHZJKT0H,Purchase,Transport,232.01,USD,,POS,,Gasolinera Express,Transport,México,,Approved,,False,24.4,0.096911,0.2569164
TRX-QGGUR13V2V2FJV1M6UFW,2026-04-18 22:19:40,2026-04-18,PRD-HIQXX7PH7L0V,CLI-M33MJYPH1E5M,Transfer,,36677509.54,COP,,ATM,SUC-KY2QIURA,,,Colombia,Cartagena,Approved,00,False,27.96,5.6327225,-74.1030009
TRX-DBIIA48LSSN3AFB98BWF,2026-04-19 03:02:21,2026-04-18,PRD-66NXRKJ0QBDQ,CLI-I4JWLGL65KD4,Transfer,,1562.9,USD,,App,,,,México,Puebla,Approved,00,False,,,
TRX-HFZCSIJ5QIV3ICS00QDE,2026-04-18 11:57:16,2026-04-18,PRD-6F9TQ1UMUEC1,CLI-CNH26T4030B4,Transfer,,26230568.72,COP,6557.64,POS,,,,Colombia,Bogotá,Approved,00,False,14.34,,
TRX-PR43P4FSDGCM97JOPS83,2026-04-19 03:01:09,2026-04-18,PRD-BOEDSQ70FLQ9,CLI-Y22ZA048YQHQ,Withdrawal,,1276537.06,COP,319.13,POS,,,,Colombia,Cali,Approved,00,False,2.94,4.0248733,-73.2676236
TRX-449GQD4O9L6C2Q4YL8Z1,2026-04-18 14:44:39,2026-04-18,PRD-CO8YPZXFNM71,CLI-FNB77EBXGCAD,Adjustment,,835.22,USD,,Branch,SUC-XAEWUJQS,,,México,,Approved,00,False,9.69,,
TRX-LIFRPT4I0QE9N21777R5,2026-04-18 09:40:48,2026-04-18,PRD-HA70XK3G6G2G,CLI-70Z7QR5Q02KO,Transfer,,1980.68,USD,,App,,,,México,Tijuana,Approved,00,False,28.62,,
TRX-BXIM1DR4ASSCDHPJR7WV,2026-04-18 23:03:59,2026-04-18,PRD-EHII873ELF86,CLI-WXS8O7M6Z8S5,Purchase,Other,1009041.12,COP,252.26,Web,,Centro Comercial,Other,Colombia,Medellín,Approved,00,False,,,
TRX-MB82AZWB39BREOGH7VBT,2026-04-18 13:37:51,2026-04-18,PRD-84EAWGQK7PSK,CLI-OVX61LI347CP,Transfer,,2818627.36,ARS,8053.22,ATM,SUC-NXELWI6F,,,Argentina,Rosario,Approved,00,False,20.46,,
TRX-H6K8GOTZPXII1752IP21,2026-04-19 02:08:23,2026-04-18,PRD-JX2WBG76U3LP,CLI-MTAB7F1M1LDG,Transfer,,5103169.11,COP,1275.79,App,,,,Colombia,Medellín,Approved,00,False,22.77,,
TRX-STYUPE4ICO8QF6FVL780,2026-04-18 12:07:38,2026-04-18,PRD-MMPEEFQ9PHCW,CLI-AAYS5RMW7NT7,Purchase,Transport,386.28,USD,,POS,,Taxi Seguro,Transport,México,Monterrey,Approved,00,False,20.88,,
TRX-1ZTFR54Y9C9761AJFCXA,2026-04-18 16:53:04,2026-04-18,PRD-TJ5517R6Y7RP,CLI-85L30SRCJQW7,Withdrawal,,41.63,USD,,App,,,,México,Puebla,Approved,00,False,3.52,,
TRX-CZYA7D68NE3UV1A76HBO,2026-04-19 02:31:44,2026-04-18,PRD-SB2P16YN3HXF,CLI-9ZRD796MXIHX,Payment,,1455.57,USD,,POS,,,,Argentina,Rosario,Approved,00,False,26.48,,
TRX-TC3H9IJRFM0BNTM881QO,2026-04-18 21:28:28,2026-04-18,PRD-RSCXPN1NMPI5,CLI-KO5TQE7CMD8O,Purchase,Entertainment,454.36,USD,,ATM,SUC-YZRQJS5X,Conciertos Live,Entertainment,México,,Approved,00,False,29.93,-0.7538764,0.7435918
TRX-A3O27MKO4PQET6KL0SKZ,2026-04-18 08:05:14,2026-04-18,PRD-VM3XZTFMNOAV,CLI-LTRJJZK2K1CR,Withdrawal,,257379.84,COP,64.34,ATM,SUC-UNXOS8JB,,,Colombia,Cartagena,Approved,00,False,11.48,,
TRX-1MJINMLFCIKUFZXZUC3O,2026-04-19 04:47:18,2026-04-18,PRD-LQVZWBFC5ABK,CLI-XO9JCVST0KPE,Withdrawal,,1404662.0,COP,351.17,POS,,,,Colombia,Barranquilla,Approved,00,False,15.31,4.1411792,-74.6492362
TRX-BILDZ9YI3VUL4KAJ9SWM,2026-04-18 17:29:53,2026-04-18,PRD-D4T7QOIQ8OZK,CLI-1X0606JBAT38,Payment,Entertainment,412.45,USD,,App,,,,Mexico,Puebla,Approved,00,False,24.94,,
TRX-7W8VYS3J1J68TPAFNRMA,2026-04-18 08:57:28,2026-04-18,PRD-VZX9W8VZ4BMS,CLI-6KHXA5JZZX97,Deposit,,4740.68,USD,,Web,,,,México,,Approved,00,False,21.19,,
TRX-J8OGJMYEJ7DAGRLO7JCD,2026-04-18 14:41:03,2026-04-18,PRD-MF2I3Z4PCTTE,CLI-1CQXT3L56K0J,Transfer,,934.5,USD,,POS,,,,México,Puebla,Declined,54,False,10.25,-0.5241132,-0.9019414
TRX-60FCN0HXLZW497IORVZR,2026-04-18 12:12:41,2026-04-18,PRD-BQL96DGV8UT0,CLI-XBOZ6H2H2VGX,Transfer,,3906.98,USD,,POS,,,,México,Monterrey,Declined,05,False,11.61,,
TRX-RB5S25822CXJEAXY5C9Y,2026-04-19 02:11:36,2026-04-18,PRD-0K15ZMVKP9VD,CLI-48OFLPV9JIHM,Payment,Entertainment,179208.65,ARS,512.02,ATM,SUC-4ICHM641,,,Argentina,,Approved,00,False,11.47,,
TRX-KM12PJMYWYHR7M459A1B,2026-04-19 01:59:22,2026-04-18,PRD-C4KRYNUMY591,CLI-ZLQT2CMW4B41,Withdrawal,,1131205.06,COP,282.8,App,,,,Colombia,Bogotá,Approved,,False,18.77,,
TRX-EHA9B5B690HSPVXQ5UXC,2026-04-18 23:37:45,2026-04-18,PRD-USS05CXYG441,CLI-APANB6DVSY5V,Transfer,,26430964.09,COP,6607.74,ATM,SUC-CG5XPAZU,,,Colombia,Barranquilla,Approved,00,False,18.31,,
TRX-KU3WA919YSECP2HKCTGJ,2026-04-18 19:02:42,2026-04-18,PRD-5U9ZG5CR5GMQ,CLI-47EOG91U645X,Deposit,,6492994.27,COP,1623.25,ATM,SUC-P44GDIDS,,,Colombia,Medellín,Approved,00,False,23.21,,
TRX-EW525WDKJ6YWTV6SKDFR,2026-04-18 20:19:04,2026-04-18,PRD-618QAFJBANJE,CLI-JSFGL58UXGF5,Payment,Entertainment,360058.55,ARS,1028.74,App,,,,Argentina,La Plata,Approved,00,False,29.81,,
TRX-QGXOJ49BERTDWFLHJQ4K,2026-04-19 05:23:04,2026-04-18,PRD-7T9YOOYGUWML,CLI-0MT9N4H2YFW6,Purchase,Transport,163585.92,COP,40.9,POS,,Gasolinera Express,,Colombia,Barranquilla,Approved,00,False,6.6,3.7714335,-74.0472331
TRX-LRCOSMUC5E2PRNYVX4DX,2026-04-18 07:42:01,2026-04-18,PRD-BJUNOI8NVYHF,CLI-AO5PZVMZCL1V,Adjustment,,205211.62,ARS,586.32,POS,,,,Argentina,Buenos Aires,Approved,00,False,24.72,,
TRX-SGUUX6FABA3X2CNTTZ2K,2026-04-19 02:25:51,2026-04-18,PRD-3MR6Z0Z1950E,CLI-O0IT2PRNWSM0,Transfer,,4158773.43,COP,1039.69,POS,,,,Colombia,Cartagena,Approved,00,False,,,
TRX-KK5OQEZNFPZH30PKKZDX,2026-04-19 03:46:21,2026-04-18,PRD-45N6BJXMJA83,CLI-U88JHZ5MYKLK,Purchase,Services,22.81,USD,,POS,,Empresa Telefónica,Services,México,Tijuana,Approved,00,False,,0.0973298,0.8322811
TRX-VW86KQWNZO1C186TUY6Y,2026-04-18 19:55:32,2026-04-18,PRD-S7OOXZ3S73NR,CLI-Q5SKU3VTM3S2,Purchase,Entertainment,1318957.54,COP,329.74,Web,,Conciertos Live,Entertainment,Colombia,Barranquilla,Approved,00,False,,,
TRX-ZXE13DHL10CTOQHDQKIF,2026-04-18 12:01:44,2026-04-18,PRD-KT6Q1A8O9EEM,CLI-GFANQRFMSSM7,Transfer,,419239.27,ARS,1197.83,ATM,SUC-V5DT47YR,,,Argentina,Mendoza,Approved,00,False,9.2,,
TRX-4ZO3NV79LJ0IF4RD005V,2026-04-18 09:36:20,2026-04-18,PRD-TW86G1T58Y2A,CLI-TQWFIBND4HZ3,Withdrawal,,167909.82,ARS,479.74,ATM,SUC-RKWUVL31,,,Argentina,Córdoba,Approved,00,False,19.13,,
TRX-0WPCW01L8ZHJOUJUK87G,2026-04-19 01:47:39,2026-04-18,PRD-MAI1REK1DFM6,CLI-4SL92NBEMNEF,Purchase,Food,337.75,USD,,Web,,Restaurante El Buen Sabor,Food,México,Ciudad de México,Approved,00,False,,,
TRX-QBNUFN2NC1D5QTONV722,2026-04-18 09:14:15,2026-04-18,PRD-Q2Y1KL0ATK6P,CLI-5LK8QRS5PQH8,Payment,Other,361984.6,ARS,1034.24,App,,,,Argentina,Buenos Aires,Approved,00,False,14.85,,
TRX-J2907HMOZMDHOW9UGTQI,2026-04-18 10:41:17,2026-04-18,PRD-PQVIH0LX3T7S,CLI-O8RI2WOHRDS7,Deposit,,301505.96,ARS,861.45,Web,,,,Argentina,Buenos Aires,Approved,00,False,,,
TRX-EFDHEX4B0F15KQV10SV7,2026-04-18 14:52:35,2026-04-18,PRD-BS2CIU2X5MCO,CLI-WYXVP2M08RAW,Withdrawal,,1663692.96,COP,415.92,ATM,SUC-2LW7L4Y3,,,Colombia,Medellín,Approved,00,False,,4.5657848,-74.4742251
TRX-CWJJA7L5XMYG4EAGZ21T,2026-04-18 23:37:40,2026-04-18,PRD-QLKAZ0CUYLUO,CLI-ZI80SOA385WN,Purchase,Services,137.98,USD,,POS,,Empresa Telefónica,Services,México,Querétaro,Approved,00,False,4.95,,
TRX-AULH0GY3N78BHV4FGYFB,2026-04-18 23:21:02,2026-04-18,PRD-P0QZC09BQRXH,CLI-M0Y1EN993W5M,Withdrawal,,482.48,USD,,ATM,SUC-KYUNO9E0,,,México,Puebla,Approved,00,False,19.15,,
TRX-ZXS32ZC1OI1CH919WYKC,2026-04-18 16:15:20,2026-04-18,PRD-ZIU4TB8XH8D4,CLI-087P1JNSK4PS,Withdrawal,,332.97,USD,,Transfer,,,,Colombia,Medellín,Approved,00,False,24.54,,
TRX-BF91MMQ8MNTC79VFM1L0,2026-04-18 11:57:49,2026-04-18,PRD-77X54O4L52K1,CLI-60IEG4QG66FT,Adjustment,,810.81,USD,,Web,,,,México,Tijuana,Approved,,False,18.96,,
TRX-734WJ0RP6Q8U6E478OZ5,2026-04-18 17:39:18,2026-04-18,PRD-0H4H710ZKJ9Y,CLI-1Z7PVQLO54VK,Transfer,,8473.7,USD,,Transfer,,,,USA,Miami,Approved,00,False,28.29,,
TRX-694K6LFA6YNNDZJDXL7R,2026-04-18 22:36:02,2026-04-18,PRD-Y1HLO3QLDO7F,CLI-JNGVTR3RA3AS,Transfer,,6830.55,USD,,ATM,SUC-Y7VHYCDG,,,Argentina,Buenos Aires,Approved,00,False,5.11,-35.0131974,-58.8567427
TRX-I0LS9T2EZ3SVTGDN5D8N,2026-04-18 15:53:14,2026-04-18,PRD-K1YGJ5PWTUWI,CLI-TW7DINCKQLTU,Withdrawal,,27129.22,ARS,77.51,POS,,,,Argentina,Córdoba,Approved,00,False,13.02,-33.8792706,-58.0598836
TRX-VB9KGK5UHWP5J1GZWNGD,2026-04-18 08:02:20,2026-04-18,PRD-HUTYDNHOXPP4,CLI-RFR95CVTUT2K,Purchase,Food,276.53,USD,,App,,Tienda Don José,Food,México,Querétaro,Approved,00,False,19.76,,
TRX-SJF9WHC2W1KFJOYHREQE,2026-04-18 22:54:55,2026-04-18,PRD-5VTYCAVTNNID,CLI-W4JMWB98FUYM,Purchase,Food,357.55,USD,,POS,,Mercado Central,Food,México,Querétaro,Approved,00,False,21.22,,
TRX-S9Y2J7OJQLJIO2N8CK3H,2026-04-18 08:37:39,2026-04-18,PRD-HK546J3Y1CIJ,CLI-AZCHRJN2BX2A,Withdrawal,,109.94,USD,,App,,,,Argentina,,Approved,00,False,,,
TRX-S667GAGQO6O2POMIF28L,2026-04-18 14:15:37,2026-04-18,PRD-JEM03NPLI5T1,CLI-9C35JE0OABCC,Deposit,,776.11,USD,,POS,,,,Argentina,,Approved,00,False,,-34.1677146,-58.2032449
TRX-AM0SERYJMT9GXLMGHE68,2026-04-19 01:36:58,2026-04-18,PRD-AVRBAHNEX6PJ,CLI-HZPSA0YSL858,Purchase,Food,128455.03,ARS,367.01,Branch,SUC-5YFUX3Z6,,Food,Argentina,Buenos Aires,Pending,54,False,25.51,,
TRX-SNQJXJUAOGQEMUMRYEBF,2026-04-18 06:44:29,2026-04-18,PRD-7K0CFKRODAOF,CLI-IP4Z6OCXSNUB,Purchase,Transport,262.16,USD,,App,,Estación de Servicio,Transport,México,Ciudad de México,Declined,14,False,29.14,,
TRX-ZRP6OX5OY23T57OI8TAW,2026-04-18 08:10:48,2026-04-18,PRD-M29E621KG8ZT,CLI-RTGEC2QZ8S67,Withdrawal,,492.68,USD,,Web,,,,México,Puebla,Approved,00,False,9.48,,
TRX-4YFCIJMWB0OVFCRDPNLM,2026-04-18 21:10:00,2026-04-18,PRD-SL2CIU0SU1J0,CLI-02MN7PKR26ID,Payment,Entertainment,6011070.21,COP,1502.77,POS,,,,Colombia,Bogotá,Approved,00,False,3.46,,-73.677943
TRX-7ZFNT69GBX1IZZ05OF8H,2026-04-18 12:22:20,2026-04-18,PRD-Z7F7V8TEREIA,CLI-2S8H5ATCUSTU,Payment,Entertainment,998.13,USD,,ATM,SUC-UHIX6KQ4,,,México,,Approved,00,False,23.49,0.9502402,-0.8770254
TRX-O593YPO0TEPZANUIHZWA,2026-04-18 21:14:08,2026-04-18,PRD-UH9KJFJ31IXT,CLI-EC7Z4O0RAOM5,Purchase,,972042.19,COP,,ATM,SUC-ZCLZ4UQA,Tienda Don José,Food,Colombia,Medellín,Approved,00,False,,4.8145683,-74.6617202
TRX-ZA1GP4D41WUWQOX23A3V,2026-04-18 21:48:54,2026-04-18,PRD-OUL0JGZK2VCV,CLI-H6AS26IV7H1Z,Withdrawal,,290.47,USD,,POS,,,,México,Tijuana,Approved,00,False,2.17,,
TRX-ZH4BNJQM9H5CQF2DENBN,2026-04-18 21:48:16,2026-04-18,PRD-7GNKP8KZY38O,CLI-GDRW2563PQT2,Purchase,Services,104725.34,ARS,299.22,Transfer,,Cable TV,Services,Spain,Barcelona,Approved,00,False,7.2,,
TRX-IGNFZMUCB5KSZCURXKD9,2026-04-18 22:46:13,2026-04-18,PRD-B72E2CX3IO4O,CLI-7S4NGLQC6G1H,Purchase,Other,78.72,USD,,Web,,Boutique Moda,Other,México,,Approved,00,False,2.34,,
TRX-6QV385X0X4ZTL52MDUVM,2026-04-18 06:25:06,2026-04-18,PRD-7ONV1S43105P,CLI-WU6PJR1UEH7P,Payment,Food,4631090.21,COP,1157.77,ATM,SUC-X57ITSKO,,,Colombia,Barranquilla,Approved,00,False,27.96,,
TRX-PZYFEIJZS9MY4S594X60,2026-04-18 19:40:14,2026-04-18,PRD-RRR9KJIFON91,CLI-42IQIAK9JVXU,Withdrawal,,1149936.14,COP,287.48,App,,,,Colombia,Barranquilla,Approved,00,False,20.51,,
TRX-IJCEQNDRHIQ8LKPRO5XD,2026-04-18 13:26:52,2026-04-18,PRD-KNT6C2CAGHFT,CLI-4BA2KV52VBF9,Transfer,,22446301.74,COP,5611.58,ATM,SUC-CG5XPAZU,,,Colombia,Medellín,Approved,00,False,28.88,,
TRX-QKS7YD9TZB5ZB20YB8AK,2026-04-18 15:04:50,2026-04-18,PRD-0GZ7UZA17GH1,CLI-I410ICA6LFFK,Withdrawal,,93659.28,ARS,267.6,POS,,,,Argentina,Córdoba,Approved,00,False,12.87,,
TRX-DQ8QYMFKF8BBJRL93MR0,2026-04-18 18:08:57,2026-04-18,PRD-7TPZDV0916UO,CLI-LRASQ9LKG94O,Withdrawal,,356.3,USD,,ATM,SUC-1AT6YUKJ,,,México,,Approved,00,False,6.32,-0.8055604,0.2330301
TRX-5TXZFLQ5EN87DOE85WTG,2026-04-19 00:41:43,2026-04-18,PRD-SIU7L9XWKT43,CLI-62Z7EN3JFM3F,Payment,Health,227043.13,ARS,648.69,App,,,,Argentina,La Plata,Approved,00,False,10.69,,
TRX-I1N5UOLXVQMLLWQD09VP,2026-04-19 05:24:57,2026-04-18,PRD-J99M8TN6WCPB,CLI-EGXK0XDDBJ5F,Deposit,,19973782.92,COP,4993.45,ATM,SUC-YH0U3LVW,,,Colombia,Medellín,Approved,00,False,,,
TRX-H7NZN4WR4X1UL7EGQYD8,2026-04-18 15:00:11,2026-04-18,PRD-W7V7SKZMYWGU,CLI-CPP4LLXKCE09,Purchase,Services,191099.66,COP,47.77,ATM,SUC-4IFX1CUR,Servicios Públicos,Services,Brazil,Salvador,Approved,,False,4.67,,
TRX-4ZH9HM3UE864LUQW8W65,2026-04-18 19:53:10,2026-04-18,PRD-7LI5TRLYNEOA,CLI-CVDEVYADR60A,Withdrawal,,1546908.7,COP,386.73,ATM,SUC-A6PLAS9M,,,Colombia,Medellín,Approved,00,False,3.54,,
TRX-T9CA81NPAKXPQOSXIB1G,2026-04-18 14:29:16,2026-04-18,PRD-E9QHDELUG64A,CLI-PDEAOLYYPZ9F,Transfer,,9393.6,USD,,POS,,,,México,Monterrey,Approved,00,False,29.05,,
TRX-ZP4GXA1W66W4A318TJ3L,2026-04-18 22:13:47,2026-04-18,PRD-AW5FOOCGQW17,CLI-JHR7S6YAQW6Z,Withdrawal,,198.83,USD,,Web,,,,Spain,Barcelona,Approved,00,False,10.4,,
TRX-SO9VVJ4QBQJ8C0IX8WJG,2026-04-18 07:43:33,2026-04-18,PRD-2LQHUPIANK6F,CLI-IT8OKM8L76U4,Payment,Food,6356896.19,COP,1589.22,POS,,,,Brazil,Rio de Janeiro,Approved,00,False,0.29,,
TRX-N5DFB2PLM35VLAO8P79D,2026-04-18 23:28:26,2026-04-18,PRD-S7L66WFS7QIV,CLI-ZSL4762KN0IA,Transfer,,7946.32,USD,,Web,,,,México,Querétaro,Approved,00,False,13.26,,
TRX-XDA3QJB9KM3ROCPHDGIW,2026-04-18 10:32:15,2026-04-18,PRD-8ROBOBHT7OPC,CLI-JIB0N5O1K338,Purchase,Services,9271.21,ARS,26.49,App,,Cable TV,Services,Argentina,Buenos Aires,Approved,00,False,1.19,,
TRX-EJBYO3JSY1YVD4MKWD9U,2026-04-18 19:37:51,2026-04-18,PRD-B1L4F2SRWE82,CLI-8CB3ITBUD0BK,Payment,Entertainment,6274661.75,COP,1568.67,POS,,,,Colombia,Cartagena,Approved,00,False,,,
TRX-7LS0DT9M9Z376P0I76LA,2026-04-19 00:28:40,2026-04-18,PRD-QP27CHNHQZ1F,CLI-ARSPHMA0I8L8,Transfer,,17555443.31,COP,4388.86,ATM,SUC-UH461R09,,,Colombia,Barranquilla,Approved,00,False,10.43,5.0850389,-73.1565615
TRX-CNLIEPKCURTCBDC10U5G,2026-04-18 14:01:26,2026-04-18,PRD-MK1RN8QW9ZLN,CLI-Z8XQ5KZRD92W,Purchase,Food,271.08,USD,,POS,,Tienda Don José,Food,México,Tijuana,Approved,00,False,0.49,,
TRX-DG7GOTTQ7YM4NP9HKLOZ,2026-04-18 09:05:09,2026-04-18,PRD-J2PYXTJV7X27,CLI-OVU6FM2J37F0,Adjustment,,194.03,USD,,App,,,,México,Guadalajara,Approved,00,False,,,
TRX-X6ALBPPNOAE87JR0VKT4,2026-04-18 07:03:52,2026-04-18,PRD-4YIP4XF5ARVT,CLI-YS80QAZNO972,Transfer,,1210.94,USD,,Web,,,,Argentina,Córdoba,Approved,00,False,3.7,,
TRX-4E90X66F39TI06HUOKMA,2026-04-19 03:05:12,2026-04-18,PRD-TNIB9MI9JOGY,CLI-SAQHUOJ90EX1,Withdrawal,,1601403.17,COP,,ATM,SUC-KY2QIURA,,,Colombia,Cali,Approved,,False,23.48,5.5043519,-74.4320529
TRX-TDE3M789T513KD72KF4S,2026-04-18 08:57:17,2026-04-18,PRD-1WX12C0X6YNC,CLI-KRAIJ6BWPS5F,Withdrawal,,121.51,USD,,App,,,,México,Querétaro,Approved,,False,28.85,,
TRX-MO1WCFOJCBUGAWAY0H9I,2026-04-18 23:50:19,2026-04-18,PRD-XSGNM5E8SS5T,CLI-WJ3M0NZ40EQ7,Transfer,,1223.42,USD,,ATM,SUC-9DE11KDA,,,México,,Approved,00,False,6.65,0.4728763,0.4004068
TRX-56IGX94XS8B6ZNUFCYUR,2026-04-18 17:26:00,2026-04-18,PRD-Z48F0U5FYAE2,CLI-PJIBB0IY47YI,Transfer,,1680.03,USD,,Web,,,,Argentina,Córdoba,Pending,51,False,4.97,,
TRX-D4MJSSZUG1KF0RYUJXUB,2026-04-18 21:51:16,2026-04-18,PRD-JQTIIUHMC6AY,CLI-7Y7TU9AF19SG,Purchase,Transport,109416.25,ARS,312.62,Transfer,,Uber,Transport,Argentina,La Plata,Approved,00,False,0.2,,
TRX-DSJ8J6O1BCB2HDJOPC9X,2026-04-18 18:46:31,2026-04-18,PRD-3SSZCWDO6M31,CLI-FVZ6IISH4TPP,Purchase,Entertainment,271.1,USD,,POS,,Conciertos Live,Entertainment,México,Puebla,Approved,,False,9.02,,
TRX-7AUL8UX59LTM6AKHN5AZ,2026-04-18 22:00:20,2026-04-18,PRD-8QA0SQJIIBR1,CLI-WYY0KRFMO5V4,Withdrawal,,69.06,USD,,POS,,,,México,Tijuana,Approved,00,False,16.51,,
TRX-65AKROXDQJW2GHT3BD94,2026-04-18 10:03:52,2026-04-18,PRD-GHOMKE9S3E94,CLI-HD9LG5HUF65C,Transfer,,30248763.35,COP,7562.19,ATM,,,,Colombia,Barranquilla,Approved,00,False,3.65,5.3741889,-73.5357766
TRX-DTAXLEWNWDHT8186N37U,2026-04-18 12:31:33,2026-04-18,PRD-UCPFM681G7CR,CLI-Q8E6L2Y62TJU,Withdrawal,,48211.61,ARS,137.75,ATM,SUC-HYTTI82L,,,Argentina,Buenos Aires,Approved,00,False,4.9,,
TRX-MV6UGIAHHR77FU8MLXCV,2026-04-19 03:11:17,2026-04-18,PRD-32V8C5KF8H8L,CLI-3VW1GKOAYN6L,Transfer,,2426.42,USD,,ATM,SUC-8GXP9TIM,,,México,Guadalajara,Approved,00,False,22.53,,
TRX-GEOXFVQVRV0HY9GNXFBD,2026-04-18 13:48:25,2026-04-18,PRD-P8V9S3ZYCGMJ,CLI-K6JQNCL6MK8D,Withdrawal,,1300638.2,COP,325.16,App,,,,Colombia,Bogotá,Declined,14,False,13.57,,
TRX-GCGGE40VCO4IGTFV6TPA,2026-04-18 20:21:28,2026-04-18,PRD-P49PR7LUUA06,CLI-SX9WIB9X5FSM,Purchase,Health,61.28,USD,,App,,Laboratorio Central,Health,México,Guadalajara,Approved,00,False,25.07,,
TRX-XPH06PBULYIGGW0EV5GL,2026-04-18 08:07:00,2026-04-18,PRD-SR94O1YH53X4,CLI-N7EHAFV5NOSR,Payment,Food,310908.95,ARS,888.31,POS,,,,Argentina,Rosario,Approved,00,False,,,
TRX-1LB2BKVG7D8LWBYU2P7V,2026-04-18 16:37:03,2026-04-18,PRD-JKYT7E8474AD,CLI-CXJ5M7B5RSGQ,Purchase,Other,152835.62,ARS,436.67,ATM,SUC-G7HRTTDE,Boutique Moda,Other,Argentina,Córdoba,Reversed,14,False,15.26,,
TRX-VTYCVXXBQIPT5UNSEEUO,2026-04-18 10:56:11,2026-04-18,PRD-SNQ0HR34RRBI,CLI-6AGLKQN10ZWU,Payment,Other,4097753.26,COP,1024.44,ATM,SUC-4IFX1CUR,,,Colombia,Cali,Approved,00,False,16.1,,
TRX-DNN5GNPAZ2JUJDN86CJE,2026-04-19 01:31:19,2026-04-18,PRD-5NCFIZYJVNFT,CLI-T5MOCZEUYPR1,Withdrawal,,127270.52,ARS,363.63,App,,,,Argentina,Mendoza,Approved,00,False,19.53,,
TRX-Y0SMN199AO065MHA7QLP,2026-04-18 10:16:53,2026-04-18,PRD-PZL1OZWLNI4L,CLI-MZVAOG1EUFXY,Withdrawal,,344.15,USD,,App,,,,México,Querétaro,Approved,00,False,,,
TRX-3ZLTRLEJYY39IRMZSVT6,2026-04-18 06:24:19,2026-04-18,PRD-K7T56N10BLLX,CLI-HZNBLDC8LB74,Transfer,,16427921.04,COP,4106.98,ATM,SUC-A1FLMPEF,,,Colombia,Barranquilla,Approved,00,False,28.69,,
TRX-TNIP1U526PSIDV2KNLPH,2026-04-18 06:21:17,2026-04-18,PRD-ALYDHP5BHGHZ,CLI-D2RU07LLDKGZ,Withdrawal,,1690631.44,COP,422.66,ATM,SUC-8AM4U1NU,,,Colombia,Cartagena,Approved,00,False,29.67,5.065929,-74.706047
TRX-PMEVLXUHFQJCCESUEVHA,2026-04-18 07:49:52,2026-04-18,PRD-G6V7AJ7U4VVO,CLI-DGXGM00FQOKK,Payment,Services,1783.72,USD,,ATM,SUC-2ATW7QMQ,,,México,Querétaro,Approved,00,False,26.92,-0.7843967,0.812564
TRX-RWQPL9TBPSK1P06MCTPA,2026-04-19 04:09:00,2026-04-18,PRD-E1HY7R810DAF,CLI-IRMIDNRZY5B1,Withdrawal,,1823374.29,COP,455.84,ATM,SUC-M96GKW7T,,,Colombia,,Approved,00,False,16.16,,
TRX-KKJ9LK8HQYDWIY9HIXT2,2026-04-18 10:01:49,2026-04-18,PRD-FY9PRV5HNF93,CLI-5EH7J3AVCL2H,Transfer,,153.22,USD,,POS,,,,México,Guadalajara,Approved,00,False,,-0.0934438,-0.8666396
TRX-0HO81TQY980EVX9RF0GK,2026-04-19 01:22:31,2026-04-18,PRD-YVHH5PIGCW91,CLI-CMD8CWC2ZMY3,Payment,Other,6898595.06,COP,1724.65,App,,,,Colombia,Medellín,Approved,00,False,19.44,,
TRX-CF2MOLMDV7N8T21MRAOD,2026-04-18 10:18:28,2026-04-18,PRD-SW090EEG4EZ5,CLI-59P3PJB1Z42E,Deposit,,1929.06,USD,,POS,,,,México,Ciudad de México,Approved,00,False,,,
TRX-4MGU8I3RGDL061F0SNV1,2026-04-18 10:36:27,2026-04-18,PRD-KR7DHGFWKTL4,CLI-8SBM3S7PSDLD,Withdrawal,,74.16,USD,,POS,,,,México,Guadalajara,Approved,00,False,,,
TRX-0RO5O72GMPKB2OQRMUIN,2026-04-18 19:09:10,2026-04-18,PRD-B1SJJBB30VJH,CLI-BP2NCKFXNHVV,Transfer,,2582887.35,ARS,7379.68,ATM,SUC-YO2Y6PA3,,,Colombia,Cali,Approved,00,False,18.55,,
TRX-VKVRNI8FY3JRLWG9PRBX,2026-04-18 16:44:44,2026-04-18,PRD-B1AORA3BLACT,CLI-6H2LODJ2WQJ2,Payment,,710.72,USD,,App,,,,México,Ciudad de México,Approved,00,False,,,
TRX-KMSBEP5IF40ZRC2YR8PY,2026-04-18 11:29:31,2026-04-18,PRD-7R3659M015LI,CLI-068E7C6BCF69,Transfer,,5749617.72,COP,1437.4,Web,,,,Colombia,Cali,Approved,00,False,15.28,,
TRX-NCDJ0FDAFH0B1RF3CIYT,2026-04-18 08:12:37,2026-04-18,PRD-S1MZ2LGVGD23,CLI-PSTBFB5P3RDV,Transfer,,3287688.84,ARS,9393.4,App,,,,Argentina,Córdoba,Approved,00,False,,,
TRX-LW84YV3ONBRMUYVDCZS6,2026-04-19 02:42:35,2026-04-18,PRD-WABB8RVBRT9K,CLI-0DXCXOAW4ZFF,Payment,Services,615.4,USD,,Transfer,,,,México,Ciudad de México,Approved,00,False,,,
TRX-Y84B5OXHGQVN0SSA52RD,2026-04-18 19:48:26,2026-04-18,PRD-305VW7DSR7W4,CLI-PWTFDPYFT925,Purchase,Services,85837.21,ARS,245.25,ATM,,Servicios Públicos,Services,Argentina,Córdoba,Approved,00,False,15.61,,
TRX-VN6X00I0HE6J2R68T65T,2026-04-18 23:48:34,2026-04-18,PRD-QWQBNJT9U26L,CLI-LJIJIK5XFN5N,Purchase,Services,284.08,USD,,POS,,Internet Plus,Services,México,Tijuana,Approved,00,False,2.06,,
TRX-POON4B93GIT26U39W8HK,2026-04-18 23:02:00,2026-04-18,PRD-O1VM1N8MLAVI,CLI-3G5PT8221MHV,Purchase,Food,1704936.69,COP,,Web,,,Food,Colombia,Cartagena,Approved,00,False,6.61,,
TRX-QZKUVCMBSWQQTF7JJGP9,2026-04-18 10:05:47,2026-04-18,PRD-07IVH261QXXD,CLI-RQCH5B3J5HDB,Transfer,,4488.31,USD,,POS,,,,México,Guadalajara,Approved,00,False,19.81,,
TRX-75RL8TMSEDBQMX5XYQJ0,2026-04-18 13:26:05,2026-04-18,PRD-J0GUJQZBB8T2,CLI-CD4CQ86WI7PH,Withdrawal,,1786316.82,COP,446.58,App,,,,Colombia,Bogotá,Approved,00,False,,,
TRX-Z94X005HIVO4IYUGJ2L8,2026-04-18 21:40:41,2026-04-18,PRD-T3VAMUYFK463,CLI-YGYGWZ4SN528,Purchase,Health,476.61,USD,,Web,,Óptica Visión,Health,México,Monterrey,Declined,,False,,,
TRX-SOK4ZLH3VHI86O2WGBMW,2026-04-18 06:16:29,2026-04-18,PRD-GGQ3MBRXQ5CK,CLI-NKZ5BZ1G254B,Purchase,Food,102.93,USD,,POS,,Mercado Central,Food,México,Querétaro,Approved,00,False,,,
TRX-GO19QCZJQ16PLXOSSNFY,2026-04-18 15:07:10,2026-04-18,PRD-W948QV9CDO3G,CLI-TKPEFBINPY37,Purchase,Health,367.91,USD,,POS,,Laboratorio Central,Health,México,Guadalajara,Approved,00,False,6.21,,
TRX-GMJMGKEBGYEP4LVWF8PS,2026-04-18 22:15:33,2026-04-18,PRD-8ICQ3KZ1EGUR,CLI-0ZU6V2KH8QVX,Purchase,Services,758230.13,COP,189.56,ATM,,Servicios Públicos,Services,Colombia,Barranquilla,Approved,00,False,,,
TRX-I439G7WRJ4VOMCB0VG7B,2026-04-18 23:20:49,2026-04-18,PRD-EWWA6C3CWZRE,CLI-F1WUYODSJ21W,Deposit,,537.65,USD,,POS,,,,Colombia,,Reversed,54,False,11.41,,
TRX-M35YU4TJ69266605U9MH,2026-04-18 10:17:34,2026-04-18,PRD-SQWVWWN1R70Z,CLI-W5B6LUL4C4PZ,Purchase,Services,357.68,USD,,Branch,SUC-JDSJM3BZ,Cable TV,Services,México,Monterrey,Approved,00,False,7.48,,0.8173567
TRX-1BVEHZFGJIGCEJE3YFZP,2026-04-18 16:49:11,2026-04-18,PRD-KN1OR1GO8FEB,CLI-BLTU8W8BW8XY,Deposit,,2319731.47,COP,579.93,ATM,SUC-MSYTX2WG,,,Colombia,,Approved,00,False,17.62,,
TRX-5W9TO7XVMWKK8Q3YEL7W,2026-04-18 13:54:53,2026-04-18,PRD-TL1SH2F7ILTW,CLI-0F228WF0YGB5,Deposit,,645.42,USD,,ATM,SUC-552N76DP,,,México,Monterrey,Declined,05,False,11.37,0.0805063,0.5143085
TRX-74HHJDIO0D42ZGA9CBOZ,2026-04-18 09:58:44,2026-04-18,PRD-LR00X9AER36U,CLI-DBU4JZKS8VMM,Purchase,Food,40447.41,ARS,115.56,Web,,Mercado Central,Food,Argentina,Córdoba,Approved,00,False,27.93,,
TRX-0AH4Q5T8P8Q3TEB6F2EC,2026-04-18 07:13:52,2026-04-18,PRD-U5QXGX40UE9K,CLI-RZEXFY9Z6SHW,Deposit,,3817.94,USD,,ATM,SUC-X57ITSKO,,,Colombia,Bogotá,Approved,00,False,3.41,5.126113,-73.4849665
TRX-VH35XICMT04QV23BU0JY,2026-04-18 23:53:42,2026-04-18,PRD-CSIZIJ7A1RPD,CLI-UCOM2MGA7PE0,Withdrawal,,110341.64,ARS,315.26,ATM,,,,Argentina,Buenos Aires,Declined,54,False,0.4,,
TRX-AUHPOXSZXHJ0NNLCIKOL,2026-04-18 22:42:27,2026-04-18,PRD-Z48RZGROXESW,CLI-FI47K8O46ICX,Payment,Entertainment,278.75,USD,,ATM,SUC-A9BJ48OP,,,México,Guadalajara,Approved,00,False,27.25,,
TRX-25JBJ4Y41NK7NU2CDAFW,2026-04-18 20:16:37,2026-04-18,PRD-B9NLKJ04GJS2,CLI-R9ZHLF25FE73,Transfer,,9159.24,USD,,Branch,SUC-E4V48SY3,,,México,Tijuana,Approved,00,False,10.95,-0.0494885,0.7427488
TRX-0132WGP69HIK5UXOU5IW,2026-04-18 06:33:29,2026-04-18,PRD-TWQZ938VYALT,CLI-2H2X2SKO4Q0R,Purchase,Services,300.57,USD,,POS,,Internet Plus,Services,México,Querétaro,Approved,00,False,,,
TRX-OGE7OLAF1A101Z75KD4S,2026-04-18 06:38:10,2026-04-18,PRD-LB6I8XCJAF60,CLI-4IY6R73BVN70,Transfer,,3168469.91,ARS,9052.77,ATM,SUC-UUF77WSC,,,Argentina,Rosario,Approved,00,False,3.79,-33.903082,-57.6884351
TRX-HN1BUEAZJ9ZJ3QYSAJ3C,2026-04-18 11:00:46,2026-04-18,PRD-7RUT916H3U52,CLI-FWQOOPYPLU0A,Transfer,,6123.03,USD,,ATM,SUC-PFXHRCSW,,,México,,Approved,00,False,10.19,-0.7619629,-0.1860241
TRX-3UWL8RPWWUSJ9N4PAHTN,2026-04-18 20:06:07,2026-04-18,PRD-51EQ4NQZJG5P,CLI-AY7ZKBVRWSWK,Payment,Food,6229369.63,COP,1557.34,Web,,,,Colombia,Bogotá,Approved,00,False,20.51,,
TRX-SEXYGOOBKE27MGNVJL6U,2026-04-18 07:36:07,2026-04-18,PRD-MTSKPAC4Y2L9,CLI-CCJ27IQF332X,Purchase,,356.32,USD,,POS,,Tienda Don José,Food,México,,Approved,00,False,14.56,,
TRX-OUAVN7K4QX2EY13OLZ4T,2026-04-18 20:03:55,2026-04-18,PRD-8QWB6ISJDFK3,CLI-A32TGGKVUEYZ,Deposit,,1385333.26,COP,346.33,Web,,,,Colombia,Bogotá,Approved,00,False,,,
TRX-QEUMZRGN6ENFMK8570NU,2026-04-18 20:58:08,2026-04-18,PRD-BB3ACP4P9CYU,CLI-1PLG17PNMONN,Withdrawal,,376.79,USD,,Web,,,,México,Monterrey,Approved,00,False,8.62,,
TRX-KK56ICO053ZMIQVD6AZC,2026-04-19 00:55:43,2026-04-18,PRD-EJLMMSF13NCP,CLI-0CZRU7GUA09G,Payment,Entertainment,650.43,USD,,App,,,,México,Querétaro,Approved,00,False,3.3,,
TRX-NLQ1WRHXRLOZWPID377D,2026-04-18 07:25:45,2026-04-18,PRD-4YZB7MQE2U72,CLI-V0PUFL7KYCGA,Payment,Food,7681553.99,COP,1920.39,Web,,,,Colombia,Medellín,Approved,00,False,0.27,,
TRX-JU8ADZZT5JS6ZQ017OKZ,2026-04-18 15:51:14,2026-04-18,PRD-C3B27J3LQE5Q,CLI-MONA74JITFCB,Transfer,,5742830.23,COP,1435.71,App,,,,Colombia,Barranquilla,Approved,,False,9.55,,
TRX-U4855JO127AA6LEVIEMT,2026-04-19 05:04:28,2026-04-18,PRD-K0NBT04DPKH8,CLI-7AM6ZE0DY4CI,Deposit,,1109.97,USD,,POS,,,,México,Puebla,Approved,00,False,2.78,-0.3146692,0.6410779
TRX-Z2N5GYZL4QL0NCGTDMXF,2026-04-18 12:22:45,2026-04-18,PRD-2V7T0BIH15MG,CLI-JXP8TT9MKEHK,Purchase,Transport,956590.19,COP,239.15,POS,,Uber,Transport,Colombia,Barranquilla,Approved,00,False,11.31,4.7029471,
TRX-22LZ6LRVR9LVUSKBYM1E,2026-04-18 12:01:43,2026-04-18,PRD-0NH6ZG7R4GR0,CLI-DJO6O37YRZZB,Payment,Entertainment,1720.02,USD,,POS,,,,México,Ciudad de México,Approved,00,False,15.03,,
TRX-OQ5MSADVL5GUQCJT8YEI,2026-04-18 08:26:51,2026-04-18,PRD-6VXJ2EVK7LJD,CLI-YZ80G4LQV6RH,Transfer,,1208.7,USD,,ATM,SUC-PJ6NDQ6K,,,México,Puebla,Approved,00,False,22.59,,
TRX-XNM3S1M2PETV1CHJ60OV,2026-04-19 02:52:13,2026-04-18,PRD-2AQVB45LQ8GN,CLI-KVP0LS4FMTJT,Purchase,Other,230.63,USD,,ATM,SUC-6IDFK4L9,Tienda General,Other,México,Monterrey,Approved,00,False,15.78,-0.3351288,0.0305531
TRX-IHLFDD7R9VO03SCS8ZIP,2026-04-18 12:19:27,2026-04-18,PRD-A0ATITKZZHN1,CLI-LDWKHP82E590,Purchase,Services,223.53,USD,,ATM,SUC-P5YISP64,Cable TV,Services,México,,Approved,00,False,7.66,,
TRX-3V1BJR2OUH8GAHYGIIHO,2026-04-18 17:17:10,2026-04-18,PRD-VWD5LZUZDX3U,CLI-F93BRYMOZYY9,Payment,Services,63532.39,ARS,181.52,ATM,SUC-YV8Q78LJ,,,Argentina,Rosario,Declined,05,False,23.56,-34.5090135,-58.8837144
TRX-BN0LUI2CW0QTFKL6NUXD,2026-04-18 22:24:17,2026-04-18,PRD-2WICB8TJB30I,CLI-TL53TBDFV3WT,Transfer,,5542.26,USD,,POS,,,,México,Querétaro,Approved,00,False,0.71,,
TRX-RKNSUFPQRPU1Y6IUZYZX,2026-04-18 10:27:14,2026-04-18,PRD-RNFP7KI3FX1R,CLI-B05WJ1PL4DFB,Withdrawal,,478.99,USD,,ATM,SUC-9L4T3P44,,,México,,Approved,00,False,8.07,,
TRX-WJZCOOE3Z1D42W0A7DKS,2026-04-18 12:35:49,2026-04-18,PRD-X6MMAOLZZJAW,CLI-3SXX63D6APVW,Transfer,,421774.26,ARS,1205.07,ATM,SUC-10TO2Y3U,,,Argentina,La Plata,Approved,00,False,,-34.0704381,-58.2777575
TRX-WTO394KA324HPGG3FPDO,2026-04-19 04:38:56,2026-04-18,PRD-MNUP27GA99S3,CLI-A9096R61JSLG,Adjustment,,3126119.86,COP,781.53,App,,,,Colombia,Medellín,Approved,00,False,29.74,,
TRX-SVMA76IOJN770ZHYZO1I,2026-04-18 14:47:11,2026-04-18,PRD-9Y2W5WK80T4E,CLI-576X1PSUMCHO,Transfer,,8807.42,USD,,POS,,,,México,Guadalajara,Declined,05,False,,0.429241,0.1895431
TRX-9S91PNUS4H0F6WXHUXUP,2026-04-18 10:16:44,2026-04-18,PRD-L0V46CAFSXUW,CLI-NZRBSNUKVOCZ,Transfer,,973919.1,ARS,2782.63,ATM,SUC-O09F6PWJ,,,Colombia,,Approved,00,False,21.69,,
TRX-RF9FZ92UOW05YTN62H2C,2026-04-18 17:05:01,2026-04-18,PRD-AJY2GOLT3GLS,CLI-LREN9NIVUH9V,Purchase,Health,476.4,USD,,App,,Clínica Médica,Health,México,,Approved,00,False,17.64,,
TRX-KDLJL6F5N5XSJN81IUHP,2026-04-18 07:13:19,2026-04-18,PRD-K60XE9IFG59M,CLI-CDC0HTELOEXR,Purchase,,104934.54,ARS,299.81,POS,,Boutique Moda,Other,Argentina,,Approved,00,False,27.32,,
TRX-YF57S4HH7HET6CH7BBPO,2026-04-18 21:59:38,2026-04-18,PRD-G57FG4WC0O9K,CLI-O6QR95D2U4YL,Deposit,,264577.42,ARS,755.94,App,,,,Argentina,Córdoba,Declined,54,False,22.86,,
TRX-T2UD2QM2U1RSS0XGFJKN,2026-04-19 05:13:55,2026-04-18,PRD-U2ANYCDEVWY8,CLI-E6BI0DM6I4CT,Purchase,Food,1491579.7,COP,372.89,ATM,SUC-84HXKY7Q,Super Ahorro,Food,Colombia,Cali,Approved,00,False,21.59,,
TRX-IAVDPZTMKU4GSJ4KFDZ5,2026-04-18 12:52:57,2026-04-18,PRD-S8DDEF780D7P,CLI-DOZJ41Z1O9Y8,Transfer,,5745.45,USD,,ATM,SUC-4AVH1MSP,,,México,Puebla,Approved,00,False,2.79,,
TRX-Q6UTQ4SQJP7VFCR2C10V,2026-04-18 13:05:44,2026-04-18,PRD-O0US9DPYG0PC,CLI-5J9W8CKLESV2,Purchase,Food,405.09,USD,,App,,Tienda Don José,Food,México,,Approved,00,False,22.31,,
TRX-81RSLVMD44ZEZSNYPLZZ,2026-04-18 20:01:33,2026-04-18,PRD-I4HNZ5MTKWUO,CLI-UXDS937GGJDF,Payment,Other,1824.0,USD,,POS,,,,México,Monterrey,Approved,00,False,,,
TRX-CGNWJFA02OXSG2HMMH2W,2026-04-18 07:10:38,2026-04-18,PRD-V5UQCFYWGGDA,CLI-GJOOZ01OPOH3,Payment,Services,354175.06,ARS,1011.93,App,,,,Argentina,Buenos Aires,Approved,00,False,,,
TRX-QK8JY6FHP232A0DHBJF2,2026-04-19 02:31:59,2026-04-18,PRD-BS1VO5BLFUJZ,CLI-04KW6HHQYHYC,Purchase,Other,306.24,USD,,App,,Centro Comercial,Other,USA,,Approved,00,False,,,
TRX-8PWV3J0PN9Q39W2NWX8W,2026-04-18 10:23:28,2026-04-18,PRD-4DC9CLYIDBHT,CLI-D3ZG1SR8OURO,Deposit,,9955595.18,COP,2488.9,POS,,,,Colombia,Cali,Approved,00,False,3.61,,
TRX-3OMKRW6WU9ZRC0WEYRLR,2026-04-18 11:31:15,2026-04-18,PRD-RNKOGEQUZEIS,CLI-MGPIF6RXLMH6,Transfer,,5680.64,USD,,ATM,SUC-57LRN6RH,,,México,Tijuana,Approved,00,False,26.07,,
TRX-U407FJVM4QF2YUUARL2M,2026-04-18 21:44:07,2026-04-18,PRD-GO59QSB5HNOU,CLI-MH8P6W29WZKG,Transfer,,2726.9,USD,,POS,,,,Colombia,Cali,Approved,00,False,1.35,4.1466979,-73.8808089
TRX-AZ6HJBH3DYNO04I4SPWY,2026-04-18 09:45:27,2026-04-18,PRD-UYQVEDCCC9JN,CLI-80SFY5IZI244,Transfer,,4108.93,USD,,ATM,SUC-Y7VHYCDG,,,Argentina,Rosario,Approved,00,False,29.49,,
TRX-QGIXVSJ4CI948OX5G5FQ,2026-04-18 06:46:32,2026-04-18,PRD-FUT7EAM55S4H,CLI-4SMZWQOUZIUJ,Purchase,Entertainment,488.15,USD,,Web,,Teatro Nacional,Entertainment,México,Querétaro,Approved,00,False,0.65,,
TRX-6UFEDGS2961THN88OW5L,2026-04-18 17:02:26,2026-04-18,PRD-TYPUWTF8F8Y7,CLI-RLOARG4V12NB,Payment,Food,532.93,USD,,Web,,,,México,Monterrey,Approved,00,False,2.99,,
TRX-P1Y7KL3E1S0G45E6TWMQ,2026-04-18 09:53:00,2026-04-18,PRD-83WHRG2N6SD9,CLI-3E5AADYC988C,Purchase,Other,415518.99,COP,103.88,ATM,SUC-OFZKCO6O,Ferretería,Other,Colombia,Barranquilla,Approved,00,False,,5.2170672,-74.8960273
TRX-XZDPEWUHBA35SIHKTQ7N,2026-04-18 14:18:18,2026-04-18,PRD-98I89D2CTVQK,CLI-BCLSSBO1KQFA,Purchase,Other,110256.62,ARS,315.02,POS,,Tienda General,Other,Argentina,Córdoba,Approved,00,False,,,
TRX-I4BU9RNM3FXTTJ1ZRV3X,2026-04-18 13:34:35,2026-04-18,PRD-094CKP20AX6U,CLI-WY3QV4OGPJ0M,Deposit,,3235.81,USD,,POS,,,,México,Querétaro,Approved,00,False,9.41,,
TRX-3K4VL3YZ2CIUI4ZRQK42,2026-04-18 09:52:14,2026-04-18,PRD-DQM9789NUFGK,CLI-65OECGCY8L1K,Withdrawal,,198.6,USD,,POS,,,,México,Puebla,Approved,00,False,7.63,,
TRX-4JMULXL8NJX4XSX8Y58B,2026-04-19 01:16:07,2026-04-18,PRD-0ZNWC5HI3PKH,CLI-CDU9376G0ANZ,Purchase,Transport,227655.22,COP,56.91,POS,,Estación de Servicio,Transport,Colombia,Barranquilla,Approved,00,False,,5.5470726,
TRX-1S2WU1NMAG81FE8YDNP5,2026-04-18 09:12:54,2026-04-18,PRD-KLOYFATRVW2L,CLI-XGWKEZCJV7EX,Transfer,,3453900.29,ARS,9868.29,App,,,,Argentina,Buenos Aires,Approved,00,False,6.32,,
TRX-UL9ML23E2WWW3UBB6ELG,2026-04-19 04:16:11,2026-04-18,PRD-O46NRIV2S5ED,CLI-X2QWBKWPQ674,Payment,Services,946.16,USD,,Web,,,,México,Monterrey,Approved,00,False,10.17,,
TRX-8HSM9DWX98K9S7YY72LY,2026-04-19 02:26:53,2026-04-18,PRD-IXAG8VMMOBJ7,CLI-VEJF2IN5NHQ2,Transfer,,874301.68,ARS,2498.0,App,,,,Brazil,Rio de Janeiro,Approved,00,False,,,
TRX-AB1NQ36KHUYTEAXAKN2Y,2026-04-18 09:46:45,2026-04-18,PRD-UHVJ4Y4YF5AQ,CLI-VJIZQOQT3ASO,Deposit,,9708157.81,COP,2427.04,POS,,,,Colombia,Bogotá,Approved,00,False,13.88,,
TRX-YS5S9146YXDJXFPDDDYZ,2026-04-19 00:30:07,2026-04-18,PRD-NKT3MXSNA35A,CLI-9FNEZFVX1LXF,Payment,Food,1219.76,USD,,ATM,,,,México,Querétaro,Approved,00,False,6.38,,
TRX-LOU2ZL9KXP6FRAN69YD9,2026-04-18 22:19:59,2026-04-18,PRD-ANM9PB5KDTWP,CLI-VW7S0NS9FG17,Withdrawal,,361.74,USD,,POS,,,,Argentina,Córdoba,Approved,00,False,2.49,,
TRX-K9PBYHP6SJBYQ2H26ZJK,2026-04-18 10:08:17,2026-04-18,PRD-WCPVO0ZK0IWD,CLI-4BW3M9WX33FU,Transfer,,2675271.69,ARS,7643.63,ATM,SUC-ZVFW3M23,,,Argentina,Córdoba,Approved,00,False,22.39,,
TRX-4JG6FO692Z5YH03ECL7H,2026-04-18 16:55:05,2026-04-18,PRD-UO6XOFXWRB85,CLI-ZKA4SB5NBOLS,Transfer,,39311852.11,COP,9827.96,Branch,SUC-1NFIF0G0,,,Colombia,Medellín,Approved,00,False,,5.3185923,-74.8786503
TRX-U2EWM7L7SX95BB7LWGJ8,2026-04-18 23:57:53,2026-04-18,PRD-E4I187C4F0YJ,CLI-TXOR9YBL18IR,Purchase,Health,54.85,USD,,Web,,Clínica Médica,Health,México,,Reversed,14,False,21.66,,
TRX-VNJMQPUL6KDAZPR6IA4K,2026-04-18 23:48:15,2026-04-18,PRD-EHWCMU1DZE5E,CLI-1P91CDC72NZ1,Withdrawal,,117.62,USD,,Web,,,,México,Guadalajara,Pending,05,False,4.68,,
TRX-EMW9XY8CLSAUO4TMACAL,2026-04-19 00:52:04,2026-04-18,PRD-A779IXY6T0F5,CLI-5SRS1G8IN8YO,Withdrawal,,228.65,USD,,App,,,,México,Monterrey,Approved,00,False,0.71,,
TRX-D8K4F599YBD9535MBSV4,2026-04-18 17:16:33,2026-04-18,PRD-C0N966GZ9VEE,CLI-687K8EQ6WIRA,Withdrawal,,1556276.82,COP,389.07,App,,,,Colombia,Cartagena,Approved,00,False,,,
TRX-BYSB2BN7IYU152ZPQVRE,2026-04-18 11:26:08,2026-04-18,PRD-HHATDO3MDCEJ,CLI-J3ZWVWW3UBIX,Payment,Entertainment,764.68,USD,,POS,,,,México,Querétaro,Approved,00,False,13.02,0.8347775,-0.8936401
TRX-EJPDQHT7XY57OJL31BKN,2026-04-18 19:32:05,2026-04-18,PRD-12OB0953G7OH,CLI-VWSTEVN3N59B,Transfer,,7568.55,USD,,ATM,SUC-12NKB9OB,,,México,Tijuana,Approved,00,False,0.84,,
TRX-T4RZENWAMHUGRGH6V4DR,2026-04-18 16:31:29,2026-04-18,PRD-9N5IHK0F8E9Y,CLI-4D5HEDQS68B0,Deposit,,1376042.33,ARS,3931.55,App,,,,Argentina,Córdoba,Approved,00,False,10.64,,
TRX-5DZXZDMKXIE7NSMLUT8N,2026-04-18 07:55:47,2026-04-18,PRD-OGPS6R02QSYS,CLI-249W0T4Y9Z5F,Deposit,,63.48,USD,,POS,,,,México,Guadalajara,Approved,00,False,7.66,,0.8694756
TRX-J7FKQICVY4O3HAXKNM9S,2026-04-18 08:32:38,2026-04-18,PRD-3LL0SKO87ILD,CLI-NY9ALQKGFP00,Withdrawal,,333009.17,COP,83.25,POS,,,,Mexico,Monterrey,Approved,00,False,,4.3366611,-73.3343157
TRX-CTY58Z63SLVDAV8J794J,2026-04-18 17:03:19,2026-04-18,PRD-GK70LLAA68TW,CLI-S7KAN0HE4N4A,Transfer,,15961703.04,COP,3990.43,Branch,SUC-2L4DTLRM,,,Colombia,Medellín,Approved,00,False,13.4,,
TRX-T9L91VBTE50EKP9NC8UK,2026-04-18 08:46:26,2026-04-18,PRD-JKCYE30YO4WY,CLI-X91SKJV600FX,Purchase,Services,388.39,USD,,POS,,Servicios Públicos,Services,México,Tijuana,Approved,00,False,15.65,0.8984496,0.9518516
TRX-1ITTCA0JHNQB1Z2ER3U1,2026-04-18 17:26:28,2026-04-18,PRD-REC9H3SL1BFQ,CLI-H7OFG78MM74S,Payment,,592.56,USD,,POS,,,,México,Monterrey,Approved,00,False,29.05,,
TRX-LQGKMASUV9JQSQSIXF2N,2026-04-18 06:00:26,2026-04-18,PRD-KDKJLBOP0U63,CLI-HNHPD4DEERN5,Deposit,,3974.39,USD,,POS,,,,México,Monterrey,Approved,00,False,6.99,,
TRX-0UIKB8LDTR26FGXZ5UQ8,2026-04-18 10:59:18,2026-04-18,PRD-43SONVJGKQCD,CLI-2RMNXW5TH8RV,Payment,Food,911.56,USD,,Web,,,,México,Ciudad de México,Approved,00,False,25.49,,
TRX-RUGL5JXIJK619Q7Z4FB4,2026-04-18 19:15:25,2026-04-18,PRD-0SLQRS0Q3G3Z,CLI-YTBCHK47HVMG,Purchase,Food,395.13,USD,,ATM,SUC-KT11NKNR,Mercado Central,Food,México,Ciudad de México,Approved,00,False,28.69,,
TRX-0N09AC7YN35IA8WNUUPP,2026-04-19 05:20:03,2026-04-18,PRD-AIBKPR3VVW1D,CLI-AT7ROHSK6287,Withdrawal,,1716172.76,COP,429.04,ATM,SUC-9S92DZ9T,,,Colombia,Barranquilla,Approved,00,False,7.27,,
TRX-GMQQOT507310PEO42M2G,2026-04-19 01:53:40,2026-04-18,PRD-KTVT1L8EH5Y3,CLI-R3GW5K9ZOR0F,Withdrawal,,110.68,USD,,POS,,,,México,Querétaro,Approved,00,False,12.64,-0.3685069,
TRX-43RCWLJJQT5RGKT5PEBQ,2026-04-18 13:01:48,2026-04-18,PRD-FJR7QX0CH3BG,CLI-0FTU3UDAZ0U6,Purchase,Services,263.43,USD,,POS,,Servicios Públicos,Services,México,Puebla,Approved,00,False,28.47,,
TRX-2502X2TKCHOMT0JT6SYJ,2026-04-18 20:35:42,2026-04-18,PRD-V4SFY2MFNYTH,CLI-9H6ZCXRU9X82,Purchase,Entertainment,383.55,USD,,POS,,Conciertos Live,Entertainment,México,Querétaro,Approved,00,False,13.11,,
TRX-U5AQ6DW41G8OBA6U33OW,2026-04-19 05:27:02,2026-04-18,PRD-0IVDVXUM1XF6,CLI-UUO1FCCX73GG,Withdrawal,,64403.67,ARS,184.01,POS,,,,Argentina,Rosario,Approved,00,False,,,
TRX-0EGX8YJS8TXYA8D9B2HA,2026-04-18 16:32:24,2026-04-18,PRD-X8XNWJKDAVCO,CLI-3SL0DG9EPCHJ,Purchase,Food,418.26,USD,,POS,,Super Ahorro,Food,Argentina,Mendoza,Approved,00,False,25.4,,
TRX-GMRJHKFJ0V11JIKN2D5I,2026-04-18 11:00:12,2026-04-18,PRD-ON3BG0TS5D1M,CLI-KX9A6ALT66GV,Deposit,,11423413.9,COP,2855.85,App,,,,Colombia,Cartagena,Approved,00,False,16.3,,
TRX-AF08X55SBNK6KPYHVPUI,2026-04-18 17:33:45,2026-04-18,PRD-BBQPOIIIWRQ3,CLI-FV2BVWIHRP06,Deposit,,14028829.8,COP,3507.21,ATM,SUC-QTKN7Z0R,,,Colombia,Cali,Approved,00,False,28.68,,
TRX-95U4FQS8ZG4S8HP7CXKL,2026-04-18 21:56:26,2026-04-18,PRD-BBX5US0MKMNT,CLI-V6VCOF1D1VZ4,Deposit,,7746519.56,COP,1936.63,ATM,SUC-85YWBJ74,,,Colombia,Cartagena,Pending,51,False,25.31,4.1502008,-74.7009424
TRX-ICOSNG4DOB48CMAUV4G1,2026-04-19 01:09:33,2026-04-18,PRD-F4GWS9MZ8VRV,CLI-J0K3O7AJSH4G,Deposit,,618.74,USD,,Web,,,,México,Guadalajara,Approved,00,False,24.17,,
TRX-L547HIP1HNO66XIH1KLF,2026-04-18 16:40:26,2026-04-18,PRD-OKKIXOJ8ND5C,CLI-7GSIGAIH7TAA,Payment,Food,4960635.11,COP,1240.16,POS,,,,Colombia,Medellín,Approved,00,False,20.02,5.0064957,-74.5992873
TRX-JR23AER7OJOLXYHFCFHM,2026-04-18 09:37:03,2026-04-18,PRD-FIAN6TNNXW18,CLI-YGWB5I54SL0L,Withdrawal,,42782.27,ARS,122.24,Transfer,,,,Argentina,La Plata,Approved,00,False,16.24,,
TRX-L95YL2D1AU8JGGP59UNY,2026-04-19 00:27:50,2026-04-18,PRD-5YISI0FNGKFO,CLI-KVCR34IMVBRM,Deposit,,1247469.79,ARS,3564.2,Web,,,,Argentina,Córdoba,Approved,00,False,,,
TRX-OGEIGOJBHPN47FJVKOUA,2026-04-18 13:14:33,2026-04-18,PRD-5QWKZOB4762W,CLI-GZQNNZ0Z6GNI,Purchase,Other,461.12,USD,,POS,,Boutique Moda,Other,México,Puebla,Pending,51,False,29.86,,
TRX-7592UOIOM2UCI7FUQP23,2026-04-18 14:33:17,2026-04-18,PRD-BEMEB6N3641G,CLI-9EYNSEJBNM71,Purchase,,446.34,USD,,ATM,SUC-4XKHST63,Conciertos Live,Entertainment,Brazil,Salvador,Declined,14,False,17.29,0.5664225,0.1444219
TRX-24E9L1QIMC4EWOXPXIMU,2026-04-18 16:55:55,2026-04-18,PRD-QZIY5DYEATN4,CLI-AN5ON6Z7PC9L,Adjustment,,787773.73,COP,196.94,ATM,SUC-DLYE60QN,,,Colombia,Medellín,Approved,00,False,26.04,,
TRX-Z9C6O4SYTRWEFJRR2I9E,2026-04-18 09:24:50,2026-04-18,PRD-SO0EXW6HFJV0,CLI-NUIFJGPQAZF4,Transfer,,6796.91,USD,,ATM,SUC-HFPBAT4U,,,México,Monterrey,Approved,00,False,20.94,,
TRX-QH3A04UNB36I9EN7U1CF,2026-04-18 12:14:17,2026-04-18,PRD-W3Q7JR8CRBRS,CLI-VF3YWSOB3QIX,Deposit,,580799.88,ARS,1659.43,POS,,,,Argentina,Mendoza,Approved,00,False,6.57,,
TRX-TS6QIVZ4HWU6O2RP57KD,2026-04-19 00:06:24,2026-04-18,PRD-7NSUER1RHHA5,CLI-ZZHAGU5R8R53,Payment,Health,684815.43,ARS,1956.62,ATM,SUC-0N077NAM,,,Argentina,Córdoba,Approved,00,False,29.0,-33.6233687,-57.6390033
TRX-A1UT0GW63JAU6L6EPDWB,2026-04-18 07:48:47,2026-04-18,PRD-4UEOPYMRHF0O,CLI-ZAHNBD9QAJGS,Transfer,,2309230.04,ARS,6597.8,POS,,,,Argentina,Rosario,Approved,00,False,,-34.9992132,-57.715992
TRX-P871CF0ONVJWQOBFLIZF,2026-04-18 14:46:32,2026-04-18,PRD-SFXHQADXYTHH,CLI-ULE9IE387RK1,Deposit,,5856821.11,COP,1464.21,ATM,SUC-6NKYKKQR,,,Colombia,Medellín,Approved,00,False,11.71,,
TRX-3MJ41TTMMDG5SOKJKXUF,2026-04-18 14:37:21,2026-04-18,PRD-GJVJOYBFNJQ3,CLI-RH1WFWCBY4DK,Purchase,Entertainment,513563.66,COP,128.39,Web,,Conciertos Live,Entertainment,Colombia,Bogotá,Approved,00,False,,,
TRX-71G6OYZOX1TLODIIAM7E,2026-04-18 21:35:02,2026-04-18,PRD-DBUPPOU5FACQ,CLI-VU5DJ5X2H2I0,Payment,Services,1139318.14,COP,284.83,Web,,,,Colombia,Bogotá,Approved,00,False,11.61,,
TRX-L16XD67QWEATT3FCETTP,2026-04-18 13:12:42,2026-04-18,PRD-ICDRFAJVFEYC,CLI-82WIPWXZCV7D,Purchase,Transport,63.05,USD,,ATM,SUC-Y18NE8GS,Gasolinera Express,Transport,México,Guadalajara,Approved,00,False,24.13,,
TRX-8QE8EF98CYNGPIG0ZJR8,2026-04-18 23:03:38,2026-04-18,PRD-R810BUGGPLL2,CLI-8VLNX5UD9LOE,Transfer,,3733.55,USD,,App,,,,México,Monterrey,Approved,00,False,15.57,,
TRX-MIIF3EH67107WW8485NR,2026-04-18 14:11:14,2026-04-18,PRD-IDAFRQOHESKG,CLI-5SKLUHJ59AVK,Transfer,,7649.24,USD,,Web,,,,México,Querétaro,Approved,00,False,,,
TRX-U0FMCR5650LU0IL6SPUW,2026-04-19 05:24:43,2026-04-18,PRD-2TKVDEZ96SSJ,CLI-K6IO9Y9NIDU2,Deposit,,19931881.28,COP,4982.97,ATM,SUC-8UUCS42Y,,,Colombia,Medellín,Approved,00,False,8.33,5.1446183,-74.7313384
TRX-C39YMRQFNNI75UU394KS,2026-04-19 00:32:12,2026-04-18,PRD-L8MUMQJC7H8U,CLI-7E95C1Z85JOW,Payment,Services,1889616.91,COP,472.4,ATM,SUC-M96GKW7T,,,Colombia,Medellín,Approved,00,False,4.14,,
TRX-TARR4J9CINZ2XJ74OZLB,2026-04-18 20:20:32,2026-04-18,PRD-39LMUF6H0L37,CLI-OKDP2YZZ98UR,Purchase,Entertainment,1734317.8,COP,433.58,ATM,SUC-GPHM9NB1,Teatro Nacional,Entertainment,Colombia,Bogotá,Pending,14,False,26.81,,
TRX-RC7Y1ZQBOXPPXMJBP2AA,2026-04-19 00:00:47,2026-04-18,PRD-CEZC5Y4SSNF3,CLI-UH3PU09EUONA,Transfer,,27337672.35,COP,6834.42,App,,,,Colombia,Cali,Approved,00,False,3.6,,
TRX-V1NYPGNFKEKH3PQE0RY0,2026-04-19 00:18:57,2026-04-18,PRD-UNPL2H8KJHVF,CLI-66QIVDWH48DQ,Deposit,,84.62,USD,,POS,,,,México,Puebla,Approved,00,False,26.44,-0.172356,0.4594973
TRX-5OUTOOSTUV6GPJM86TUU,2026-04-18 21:57:47,2026-04-18,PRD-NYPKH07T3SOY,CLI-JWSM6OHPUGKX,Deposit,,246059.14,ARS,,ATM,SUC-3JIR51SL,,,Argentina,Córdoba,Approved,00,False,,,
TRX-FL3TVTKTNL2VG92RO78E,2026-04-18 19:59:39,2026-04-18,PRD-YFBRWKAHZUZK,CLI-K1NZKT7JMCQU,Withdrawal,,133850.67,COP,33.46,App,,,,Colombia,Cartagena,Approved,00,False,14.09,,
TRX-1GMDOS2MA3T18XWSB7ZI,2026-04-18 11:37:25,2026-04-18,PRD-8NAMJ319Y6NL,CLI-NRO5S1VE7TU3,Purchase,Services,1594404.02,COP,398.6,POS,,Cable TV,Services,Colombia,Cartagena,Approved,00,False,5.25,4.256375,-74.6103162
TRX-61I4WA2V3M16N92862U6,2026-04-19 05:56:10,2026-04-18,PRD-GYPB5L0XBA7X,CLI-OK6VC3D5F9A2,Purchase,Transport,736857.63,COP,184.21,Branch,SUC-HO849Z2Q,Uber,Transport,Colombia,Bogotá,Approved,00,False,0.08,4.7044911,-75.0526584
TRX-JD4C19QAQQCZ98AP6QUH,2026-04-18 23:13:42,2026-04-18,PRD-OUJZUMK8FS86,CLI-THVTR66SB7LV,Transfer,,4529.3,USD,,POS,,,,México,Querétaro,Approved,00,False,27.54,,
TRX-NFWT5O9Y7LGZLGOVVZKQ,2026-04-18 07:43:38,2026-04-18,PRD-1QGXX5BDSH7I,CLI-DSVKFZHZGC94,Deposit,,3683.63,USD,,App,,,,México,Guadalajara,Approved,00,False,20.54,,
TRX-JIDWJ0K8ED6UUD28Y8MG,2026-04-18 22:19:54,2026-04-18,PRD-3XYVYAJW0U4C,CLI-RWGP7SIA1BH3,Purchase,Services,170.3,USD,,POS,,Cable TV,Services,México,Monterrey,Approved,00,False,26.03,,
TRX-J143LCXXLROLVL4XEXH7,2026-04-18 20:32:56,2026-04-18,PRD-6WCSYBI69VYO,CLI-3M6Q4GDWMQOW,Withdrawal,,159.74,USD,,ATM,SUC-N8LPAX0U,,,México,Ciudad de México,Approved,,False,,0.6659226,-0.2017575
TRX-R6385ORMSYGXDNFHUZZK,2026-04-18 13:36:52,2026-04-18,PRD-2W6PPOH90EKT,CLI-26S0FHRMTDZ2,Payment,Health,1071046.06,COP,267.76,App,,,,Colombia,Medellín,Approved,00,False,25.4,,
TRX-SZCBUCPLEJNG0GYZTKMW,2026-04-18 18:36:20,2026-04-18,PRD-U1PVXW87JE7J,CLI-ZOLQ0LB660KA,Transfer,,1840183.13,ARS,5257.67,App,,,,Argentina,Rosario,Approved,00,False,12.96,,
TRX-VM2XFRTK61M7X3OZFOIU,2026-04-18 09:09:56,2026-04-18,PRD-FMGVMW2KUOH2,CLI-DGBUUWWJP57I,Adjustment,,298151.89,ARS,851.86,ATM,SUC-YO2Y6PA3,,,Argentina,Córdoba,Approved,00,False,4.9,,
TRX-AWTG5MSV61ETE2BVRKJE,2026-04-18 18:28:52,2026-04-18,PRD-TB9KAXFJDXN9,CLI-SKUL6ZZ6QQA9,Purchase,Health,287.95,USD,,Web,,Óptica Visión,Health,México,Ciudad de México,Approved,00,False,19.14,,
TRX-LS0I6K9JSYIWXCBQDOYG,2026-04-18 20:12:10,2026-04-18,PRD-RCYYE5D91MB6,CLI-XSU0QMKR6LAD,Transfer,,20797474.6,COP,5199.37,ATM,SUC-4BEKYT6U,,,Colombia,Bogotá,Approved,,False,6.2,4.72174,-73.5454482
TRX-D7BVTJB0GBVWKMXJGFJZ,2026-04-18 10:57:15,2026-04-18,PRD-XZ8RXAZHWBC8,CLI-WZJ5Q0W4WF6N,Transfer,,1917210.63,ARS,5477.74,POS,,,,Argentina,La Plata,Approved,00,False,20.13,,
TRX-HC2MBYAB3A23X1EGEEAE,2026-04-18 09:27:17,2026-04-18,PRD-1BO65VY4YN5R,CLI-36O6BM5TNBCD,Deposit,,3450.9,USD,,ATM,SUC-4CNRVPYL,,,México,Querétaro,Approved,00,False,21.39,,
TRX-8AGTK5TRUBPICVO10LU3,2026-04-18 06:06:23,2026-04-18,PRD-TX2BK3OUN6DI,CLI-U0PHDQAE3Z1T,Payment,Food,1366.09,USD,,POS,,,,México,Querétaro,Approved,00,False,0.56,-0.2115136,0.9051056
TRX-3R1P5WXKN9W17NOXUFIX,2026-04-18 11:59:48,2026-04-18,PRD-T2MRWGKRBU6F,CLI-4F1GGB2LANBZ,Transfer,,21135985.87,COP,5284.0,POS,,,,Colombia,Medellín,Approved,00,False,,5.0219585,-74.1683071
TRX-CEI8KAO7V3XNI9JSWIHD,2026-04-19 02:20:15,2026-04-18,PRD-C4QUZ0TSFRDK,CLI-CBNJS9ETE8D5,Transfer,,9344343.66,COP,2336.09,App,,,,Colombia,Cartagena,Approved,00,False,5.66,,
TRX-SMH3D173KGX0ZSM24DON,2026-04-18 20:34:24,2026-04-18,PRD-4JESVMRRVE5Q,CLI-FHC8FK5H76GD,Payment,Entertainment,1524.49,USD,,POS,,,,México,Guadalajara,Approved,00,False,14.14,,
TRX-U2HGQE4TBVM6CWQSKFA8,2026-04-18 15:54:11,2026-04-18,PRD-5AXGM4BG4JB2,CLI-OIQ8IBNTR2UY,Deposit,,1098.54,USD,,App,,,,México,Tijuana,Approved,00,False,11.02,,
TRX-YX9N974VRSNYRN3SM4YG,2026-04-18 21:42:32,2026-04-18,PRD-RQ1MTW27BH1G,CLI-ZIWDD7FHOL43,Payment,Transport,183117.69,ARS,523.19,ATM,,,,Argentina,Rosario,Approved,00,False,22.28,,
TRX-983835SGWN4ICI0H1CMG,2026-04-19 03:36:06,2026-04-18,PRD-4JY8XD96DZND,CLI-3NOXI7MSH760,Payment,Food,763.08,USD,,ATM,SUC-BSMTX3U8,,,México,Tijuana,Approved,00,False,,,
TRX-YDE9297FB8WWKAOT6Z5W,2026-04-18 21:45:36,2026-04-18,PRD-B0YHT8JMZUA7,CLI-38BS5RNJVVNB,Withdrawal,,93813.2,ARS,268.04,ATM,SUC-7ZY1HPL0,,,Colombia,Bogotá,Approved,00,False,,,
TRX-9LLXF8CVG42SL6UR1PDZ,2026-04-19 00:29:10,2026-04-18,PRD-HKI13USQIIB2,CLI-J9EEX299AVRQ,Withdrawal,,976847.72,COP,244.21,POS,,,,Colombia,Bogotá,Approved,00,False,27.07,,
TRX-83WB00LK9PWAHEQOG553,2026-04-18 18:10:49,2026-04-18,PRD-J4U3AD43CXJZ,CLI-NMYXJVWA2TZ9,Withdrawal,,371.2,USD,,ATM,SUC-XUG645G9,,,Argentina,Rosario,Approved,00,False,10.38,,
TRX-PQDKKDGC2IFTGO5KJ5YX,2026-04-18 10:50:26,2026-04-18,PRD-Y4LAQ9NUZBHG,CLI-T1VWKHFCZPD1,Payment,Food,1330.14,USD,,App,,,,México,Tijuana,Approved,00,False,3.01,,
TRX-VHDX9F49CYH10Y5OSN12,2026-04-19 04:42:53,2026-04-18,PRD-ECTR7U2JXBIS,CLI-9ZAYM33TGKUO,Purchase,Health,1806681.82,COP,451.67,Branch,SUC-LBZFJAU6,Laboratorio Central,Health,Colombia,Cali,Approved,00,False,13.28,,
TRX-LT5AQ3GXNEJ2DNVFSTQP,2026-04-18 12:34:45,2026-04-18,PRD-R3VXHYT29RJZ,CLI-N89ODAGGSLCB,Purchase,Services,1948696.73,COP,487.17,App,,Cable TV,Services,Colombia,Barranquilla,Approved,00,False,,,
TRX-HFBT91HTVHPV3Q4K0MBV,2026-04-19 01:02:14,2026-04-18,PRD-LP99UTDBFXCQ,CLI-NGNPGDZAX8E5,Purchase,,830797.6,COP,207.7,App,,Cine Premium,Entertainment,Colombia,Medellín,Approved,00,False,28.04,,
TRX-23NV5TN4IBWORFHUHT0I,2026-04-19 01:56:49,2026-04-18,PRD-2C9HOOMXVID3,CLI-3KO826C79UPT,Transfer,,266.47,USD,,ATM,SUC-QE974U7T,,,México,Querétaro,Approved,00,False,3.22,,
TRX-N6I1SZY974DMHPVM69W4,2026-04-18 17:31:25,2026-04-18,PRD-ONDDHIK0K2Z5,CLI-PBW8T8XH2W4L,Payment,Services,604.35,USD,,ATM,SUC-6A2UBEHN,,,México,Guadalajara,Approved,,False,27.0,,
TRX-XH0V267T0LP7OR9L6JAO,2026-04-18 13:09:19,2026-04-18,PRD-5JTJPQKVFXWK,CLI-QAFLBV04714U,Transfer,,8449.94,USD,,ATM,SUC-G7HRTTDE,,,Argentina,Buenos Aires,Approved,00,False,,,
TRX-UOGWVQUIFOVEN9Q334X0,2026-04-18 22:22:06,2026-04-18,PRD-XJW4ROI7WNU2,CLI-7AJM51RK3KKI,Deposit,,17602203.09,COP,4400.55,POS,,,,Colombia,Medellín,Approved,00,False,13.58,,
TRX-X2S1BYQ3XKP3O7DS7NMP,2026-04-18 15:54:02,2026-04-18,PRD-KDJTWG7KXU4J,CLI-20IDUINADQLK,Withdrawal,,290778.07,COP,72.69,Web,,,,Colombia,,Approved,00,False,,,
TRX-RKJW0W52KYOOURQZZQ8T,2026-04-19 01:52:05,2026-04-18,PRD-GP47CLUOZX1V,CLI-B8ILUATWPP3G,Withdrawal,,1334733.73,COP,333.68,Web,,,,Colombia,Bogotá,Reversed,,False,23.01,,
TRX-FJ1CKD309PBBGMHYQDT6,2026-04-18 14:40:48,2026-04-18,PRD-TLLXHCDURHX2,CLI-ZYO5IRJ76UTD,Payment,Services,7371911.37,COP,1842.98,POS,,,,Colombia,Cali,Approved,00,False,4.96,,
TRX-NM0OXTY7JFRXH7N1G625,2026-04-18 17:25:00,2026-04-18,PRD-L1WYX6KVI233,CLI-0QH9GPLW4YDB,Transfer,,5730.31,USD,,ATM,SUC-ISPO1DES,,,México,Guadalajara,Approved,00,False,13.53,,
TRX-1EUQR34ILXXHSI1054F0,2026-04-18 18:18:18,2026-04-18,PRD-TTE67SVRKJK4,CLI-JGLWRQJSORP3,Purchase,Services,1459368.06,COP,364.84,POS,,Empresa Telefónica,Services,Colombia,,Approved,00,False,13.43,,
TRX-TX2HB534U0DBW576BN3Q,2026-04-19 03:29:07,2026-04-18,PRD-0WFFW9X234ED,CLI-PO67ZOBWC3BF,Transfer,,3067.28,USD,,ATM,SUC-4XKHST63,,,México,Monterrey,Approved,00,False,12.61,,
TRX-TL18FCCJXMN4G2FEFSZC,2026-04-18 11:42:17,2026-04-18,PRD-T0V8JY5ZADYN,CLI-Q65NHAUSIJRM,Deposit,,4794.75,USD,,POS,,,,México,Monterrey,Approved,00,False,,0.1612936,0.4827673
TRX-TW97A9VCPYOPNQRWQVXP,2026-04-19 00:44:21,2026-04-18,PRD-AYPH0TRO78MD,CLI-L5W9RNLBS205,Deposit,,1318468.15,ARS,3767.05,ATM,SUC-ISVYMZP9,,,Argentina,La Plata,Approved,00,False,4.56,,
TRX-PIVUWOY09S4M9KMYB7F6,2026-04-19 01:04:11,2026-04-18,PRD-MGH9GERAA77R,CLI-T99TEC1BYY7B,Payment,Transport,607646.24,ARS,1736.13,Web,,,,Argentina,Mendoza,Approved,,False,1.0,,
TRX-P9F9CT58IBLWNO28Z4FP,2026-04-18 22:55:00,2026-04-18,PRD-14W5WYC3EC2L,CLI-BM1E4H1T90JD,Deposit,,3106.69,USD,,ATM,SUC-P5YISP64,,,México,Puebla,Approved,,False,,,
TRX-HCP6EVDWQQX02CRQ31VF,2026-04-18 18:16:19,2026-04-18,PRD-4KE1BDHWRD9U,CLI-9QNFXGB20368,Transfer,,5729.02,USD,,POS,,,,México,Guadalajara,Approved,00,False,2.54,0.8500136,0.3604413
TRX-26SNF0T37N4POZUE6CMQ,2026-04-19 00:34:02,2026-04-18,PRD-QQCQ08AXRCI1,CLI-Z9OD4LNMB1P6,Purchase,Food,128.35,USD,,POS,,Tienda Don José,Food,Colombia,Bogotá,Approved,00,False,,,
TRX-FPOTAXXZS9T9PVV7SLJY,2026-04-18 22:25:33,2026-04-18,PRD-SPXH4S7YCCUR,CLI-JBOE6ZKM1YIO,Transfer,,1080.3,USD,,ATM,SUC-V3V4T7QO,,,México,Tijuana,Approved,00,False,1.07,,
TRX-P8JRU7Z06A6OAAYLJSUO,2026-04-18 14:07:20,2026-04-18,PRD-3E9TM2SZZA3M,CLI-JYJ2YSEXB3MK,Withdrawal,,1591204.68,COP,397.8,POS,,,,Colombia,,Approved,00,False,22.44,4.8035599,-74.3945819
TRX-VZKDATP0UV6B8WQU7USG,2026-04-18 19:19:47,2026-04-18,PRD-DHXV1OD0PI6N,CLI-M858BD2VD9NO,Adjustment,,2556779.63,COP,639.19,POS,,,,Brazil,Rio de Janeiro,Approved,00,False,17.76,,
TRX-FJECBIIOBZ5I62TWHQHO,2026-04-18 23:04:01,2026-04-18,PRD-CN3QAY13EQVS,CLI-ICIFYUHPWXOK,Deposit,,12989068.12,COP,3247.27,Web,,,,Colombia,Medellín,Declined,51,False,0.71,,
TRX-H1HRTKDSHP64X7UOT9UN,2026-04-18 14:27:05,2026-04-18,PRD-VWSIEXSKOW2Y,CLI-PA0CG40KAG7N,Withdrawal,,369.86,USD,,ATM,SUC-I3D08YZO,,,México,Guadalajara,Approved,00,False,,,
TRX-W2LPPH6BGB8NEPIVCQ1E,2026-04-18 22:22:46,2026-04-18,PRD-2N8O6Q078R5J,CLI-O429JYH6P6V0,Withdrawal,,487.53,USD,,POS,,,,Colombia,Cali,Approved,00,False,16.01,,
TRX-OVJFN4JHVCJEKVR986D7,2026-04-19 05:34:21,2026-04-18,PRD-X1YUCTUJKQVQ,CLI-ZG491M2505WH,Transfer,,2826.2,USD,,ATM,SUC-349TR6OC,,,México,,Reversed,51,False,15.82,,
TRX-C4EXH0O2OHK8L262GVKY,2026-04-19 01:17:09,2026-04-18,PRD-TSL5XRG2GMNC,CLI-3SJRMHVP2IOF,Adjustment,,312.02,USD,,POS,,,,México,Ciudad de México,Approved,00,False,13.04,0.8834908,-0.7703883
TRX-5BPXHX0KP4H8K2AD4O1J,2026-04-18 09:49:26,2026-04-18,PRD-GVY4TEJMF7QN,CLI-2XY7POCQNVGM,Deposit,,1705860.0,ARS,4873.89,POS,,,,Argentina,Córdoba,Approved,00,False,11.86,,
TRX-XTO5ZUC5K1EZ4XTHQF7I,2026-04-18 06:32:42,2026-04-18,PRD-VL021LRYXOUM,CLI-2FWRWHMCXR0V,Transfer,,1147.26,USD,,ATM,SUC-W04NBWY9,,,México,Puebla,Approved,00,False,5.03,0.8250924,0.5669529
TRX-UEZPIVEDFGF2SY8MAOII,2026-04-18 22:43:02,2026-04-18,PRD-9UYSJNVA1DM3,CLI-IEX9Q3EWTT8A,Withdrawal,,169196.38,ARS,483.42,POS,,,,Argentina,Mendoza,Approved,00,False,10.63,,
TRX-LWY1X0RUTOBZNDAV3JJZ,2026-04-18 15:16:21,2026-04-18,PRD-EQDR2EDLZQL8,CLI-9DFZTVZ1L973,Deposit,,402.54,USD,,Web,,,,México,Ciudad de México,Approved,00,False,4.48,,
TRX-THDZM8H8FQKF41ZNFFEK,2026-04-18 15:52:17,2026-04-18,PRD-YKJID9IPQWH9,CLI-Z2TPEZ94UQVF,Deposit,,4232.18,USD,,Web,,,,México,Monterrey,Approved,00,False,,,
TRX-GH6GD38P2BJCEPXFK38L,2026-04-18 20:37:53,2026-04-18,PRD-UFVU3GEEURUQ,CLI-GKDMHK1ASRED,Purchase,Transport,184552.25,COP,46.14,App,,Gasolinera Express,Transport,Colombia,Barranquilla,Approved,00,False,18.7,,
TRX-JB1ADHXFQ7IGMHX51ZH9,2026-04-18 18:38:45,2026-04-18,PRD-YP4M8194J0D3,CLI-4ZEN8FMQ9YIF,Transfer,,7941.39,USD,,Branch,SUC-UB0LXRUU,,,México,Ciudad de México,Approved,00,False,4.55,,
TRX-S8I4R71RYRH0MQX0OIR7,2026-04-18 23:01:13,2026-04-18,PRD-JU53KC8L60DT,CLI-ELLVZK7UJYNA,Withdrawal,,482.54,USD,,App,,,,México,,Approved,00,False,3.33,,
TRX-UA341DISL65IQ4HXF0P2,2026-04-18 22:05:37,2026-04-18,PRD-QD00L6K7PMZR,CLI-KOOW08UA5S6I,Withdrawal,,334.02,USD,,POS,,,,México,Monterrey,Approved,00,False,28.11,,
TRX-VLO7PO67BR3C2FWB02UM,2026-04-18 13:15:42,2026-04-18,PRD-C8LQC716TLUG,CLI-776A88F945OG,Transfer,,1824178.39,ARS,5211.94,ATM,SUC-Y7VHYCDG,,,Argentina,Mendoza,Approved,00,False,27.24,-34.9523387,-57.4208469
TRX-76DJEHXE5HBU5UXQP7LL,2026-04-18 14:07:58,2026-04-18,PRD-EP8B8KIF78AE,CLI-5N2RCYXAPB43,Payment,Health,6619014.08,COP,1654.75,ATM,SUC-UJA1ZE8Q,,,Colombia,Barranquilla,Approved,00,False,12.48,,
TRX-XUWJZE7E2QZNV90739E2,2026-04-18 17:21:46,2026-04-18,PRD-QQ3038ISWMQD,CLI-H55UUWEIORHQ,Purchase,Food,205.58,USD,,ATM,SUC-0OJNMRLP,Mercado Central,Food,México,Puebla,Approved,00,False,4.33,,
TRX-T901716UQFH42F0P53HA,2026-04-18 08:19:58,2026-04-18,PRD-PB1H95ITG683,CLI-YKBJOYC39WKO,Deposit,,4855.15,USD,,ATM,SUC-3DCC91G4,,,México,Puebla,Approved,00,False,21.6,,
TRX-A4QHMKAS4E3BA7MQUJ4U,2026-04-18 17:02:09,2026-04-18,PRD-01OQAMU7JPYC,CLI-5J47LMH7MC8O,Deposit,,15533861.36,COP,3883.47,POS,,,,Colombia,Bogotá,Approved,00,False,16.86,,
TRX-9J7GK80R1S0Z7K0BWQUF,2026-04-19 03:10:10,2026-04-18,PRD-HDWQYPYM5Z5P,CLI-TX8TXLY237MG,Withdrawal,,472.34,USD,,ATM,SUC-QE974U7T,,,México,Querétaro,Approved,00,False,22.16,,
TRX-BIA3JQFJFBFDDH2KZUG1,2026-04-18 08:49:56,2026-04-18,PRD-Q5KUT73206F9,CLI-ZNNACGFNVDJ7,Payment,Entertainment,1986.06,USD,,Web,,,,México,Puebla,Approved,00,False,28.14,,
TRX-S5ARLLM8Y98IY3EJQ0OM,2026-04-18 12:24:41,2026-04-18,PRD-QA6CU3DJRN0N,CLI-TFWN9YZM0FSB,Withdrawal,,197.43,USD,,ATM,SUC-XUG645G9,,,México,Monterrey,Approved,00,False,3.37,0.3409567,-0.3327091
TRX-EY9J2CJZEZCDC456QEY7,2026-04-18 12:18:36,2026-04-18,PRD-X24KKIM5T3DQ,CLI-NFMRG7KILR81,Transfer,,787098.36,ARS,2248.85,ATM,SUC-IPX8M3BR,,,Argentina,Mendoza,Declined,51,False,4.9,-34.3172467,-58.1888405
TRX-SSO0W41WGMVCHUE0KOOD,2026-04-19 02:46:20,2026-04-18,PRD-0JTIGQPZEFLW,CLI-LJXGIGTBGFDO,Withdrawal,,18902.98,ARS,54.01,POS,,,,Argentina,La Plata,Approved,00,False,3.58,-35.0781975,-59.0451524
TRX-KOKYN16KX67RTBFXS9VX,2026-04-18 20:01:35,2026-04-18,PRD-ZH8M8BMQGYII,CLI-03Z91274T13N,Payment,Health,1923595.31,COP,480.9,POS,,,,Colombia,Bogotá,Approved,00,False,10.23,,
TRX-41S5TXCHA8KT2EJXQMTV,2026-04-18 13:40:58,2026-04-18,PRD-37N8UXTNUKUW,CLI-B5HO1JL358OB,Withdrawal,,349.09,USD,,POS,,,,México,Guadalajara,Approved,00,False,9.26,0.7774389,0.4980595
TRX-3A6ETLLL7AGX65YBU1WG,2026-04-18 16:34:30,2026-04-18,PRD-ENJDR28OT3U5,CLI-B7ERJDQ8L4JB,Withdrawal,,340138.28,COP,85.03,ATM,SUC-E1VTXGEU,,,Colombia,Cali,Approved,00,False,25.18,,
TRX-NF9M2N5UVDDFA1BETFK9,2026-04-18 07:23:47,2026-04-18,PRD-DT10MKG1IFXP,CLI-KIGHDJKRNMYA,Withdrawal,,141.1,USD,,App,,,,México,Querétaro,Approved,00,False,,,
TRX-YL2O7BS1YVERQJSN93BB,2026-04-19 02:49:20,2026-04-18,PRD-SRSOWF1XU5PG,CLI-CJD8ZVJS58QM,Withdrawal,,311.09,USD,,App,,,,México,Tijuana,Declined,14,False,5.85,,
TRX-I0J82YCSLQI3T10GEY83,2026-04-19 01:42:30,2026-04-18,PRD-3HDQC62RP4NK,CLI-D4BVV65E9FMG,Purchase,Other,123.31,USD,,POS,,Tienda General,Other,México,Monterrey,Approved,00,False,6.94,-0.5441253,-0.3947353
TRX-60PRTEEPNQ6H8UU2WDQY,2026-04-18 15:11:34,2026-04-18,PRD-I5VYCNKXCCC2,CLI-RRT32V77T2RT,Purchase,Food,337.17,USD,,App,,Mercado Central,Food,México,Monterrey,Approved,00,False,26.9,,
TRX-4HYY9XPFM2PWJ75MXBJG,2026-04-18 14:41:54,2026-04-18,PRD-35KNZ3C2BB61,CLI-L85XAC2MPUIF,Payment,Services,957.12,USD,,POS,,,,México,Guadalajara,Approved,00,False,,,
TRX-6HYO9OIMZ6KH14IZ30WI,2026-04-18 16:09:35,2026-04-18,PRD-7FD1QC3AN1D7,CLI-GRNR8ZLR1YAT,Purchase,Food,185.36,USD,,POS,,Tienda Don José,Food,Colombia,Cali,Approved,00,False,,5.0239177,-74.6624451
TRX-K673VJ5Y4F5R0WC6L0FS,2026-04-18 09:44:56,2026-04-18,PRD-PVWWE6YK1VJH,CLI-92WLDO9MOS5N,Withdrawal,,141.46,USD,,POS,,,,México,,Approved,,False,,0.4582808,-0.9064959
TRX-2TN4QBE64ZI7JAN3C3KE,2026-04-18 23:30:43,2026-04-18,PRD-6SA74TQ76Z3V,CLI-I7IF5VEJ4YVB,Transfer,,6058.21,USD,,ATM,SUC-AXDYB0RQ,,,México,Guadalajara,Approved,00,False,6.02,,
TRX-H1I5FPUHT12GTV1TJGHV,2026-04-18 20:06:25,2026-04-18,PRD-AW0MYHJP9B48,CLI-UX0PKUTFNNCH,Payment,Other,1439.52,USD,,POS,,,,México,Monterrey,Approved,00,False,,,
TRX-MCLBZ68RRD4IOI7B1CLJ,2026-04-18 13:10:22,2026-04-18,PRD-V4QHZM1QMZJ8,CLI-3QQKX5VGNC2P,Deposit,,1270961.03,ARS,3631.32,App,,,,Argentina,Buenos Aires,Approved,00,False,18.25,,
TRX-BMQG8HT7449MLNABCU5M,2026-04-18 23:37:59,2026-04-18,PRD-ZN0PDC3VXHYH,CLI-U3KKU7R231GP,Purchase,Services,72226.17,ARS,206.36,App,,Servicios Públicos,Services,Argentina,Mendoza,Approved,,False,,,
TRX-WN8BU5DLIXGHYN06DH58,2026-04-19 03:44:41,2026-04-18,PRD-G0ZBY9YCPGZL,CLI-5XK2D6BL9JG2,Withdrawal,,207.92,USD,,ATM,SUC-SDXPHMG4,,,México,Monterrey,Approved,00,False,19.53,,
TRX-D1QIHT3I7NBLLMDFH9LZ,2026-04-18 09:58:37,2026-04-18,PRD-29KWHYZR6GQ7,CLI-G0Z0HZGYO1QH,Transfer,,2536.56,USD,,POS,,,,Argentina,Rosario,Approved,00,False,28.77,,
TRX-9LNZLO76TXWXMAF2U7VK,2026-04-18 23:13:34,2026-04-18,PRD-9SRKQ338JZIH,CLI-FP0X0UDWBSCM,Purchase,Food,133.66,USD,,ATM,SUC-PFXHRCSW,Restaurante El Buen Sabor,Food,México,Puebla,Approved,00,False,,,
TRX-W9KRP4C01G9148FK8YRL,2026-04-19 00:05:15,2026-04-18,PRD-KTVT1L8EH5Y3,CLI-R3GW5K9ZOR0F,Withdrawal,,275.98,USD,,ATM,SUC-N1ZUF3PF,,,México,Querétaro,Approved,00,False,28.33,,
TRX-EE7EHDNALYGTUGJ14VKR,2026-04-18 21:46:42,2026-04-18,PRD-IREOMJ583527,CLI-VGWNEPCDKBEW,Transfer,,1207540.06,COP,301.89,ATM,SUC-A1FLMPEF,,,Colombia,Cali,Reversed,54,False,,,
TRX-8TZOGCT30RP2BXZNDSJE,2026-04-18 09:05:02,2026-04-18,PRD-WNDVF3UO83OA,CLI-Z95BQYCLA0VZ,Purchase,Food,764955.31,COP,191.24,App,,Restaurante El Buen Sabor,Food,Colombia,Cartagena,Approved,00,False,7.01,,
TRX-2OWZYTP2PCEB13Z6QUJ7,2026-04-18 06:09:27,2026-04-18,PRD-GBNK9WY9KOWT,CLI-O6B116875MOK,Payment,Food,1215.53,USD,,ATM,SUC-3DCC91G4,,,México,Monterrey,Approved,00,False,23.03,0.2269255,-0.793366
TRX-W9W4ODSKCYU3IHHAM381,2026-04-18 22:40:06,2026-04-18,PRD-PCAH4WAGJ6KH,CLI-3W83YN2KNRC2,Payment,Food,619340.42,ARS,1769.54,Web,,,,Argentina,Buenos Aires,Approved,00,False,9.86,,
TRX-CLJZF9PWZ51C5VF8W4D2,2026-04-18 16:17:59,2026-04-18,PRD-NYR1QXIQZTGA,CLI-4WIWHVNOUXRT,Transfer,,3638.26,USD,,App,,,,México,Guadalajara,Approved,00,False,,,
TRX-84NZMYGTY9TSESA37YHL,2026-04-19 04:45:50,2026-04-18,PRD-LUK8WNLGHP83,CLI-5HN35T9B1U88,Withdrawal,,363.93,USD,,App,,,,México,,Approved,00,False,0.5,,
TRX-TRLB658CKH3TD91Q0BE8,2026-04-18 21:03:23,2026-04-18,PRD-MRMZT820MVYJ,CLI-5W08G5IMJYUH,Deposit,,4979893.94,COP,1244.97,App,,,,Colombia,Barranquilla,Approved,00,False,16.27,,
TRX-N9SZ8JQS96QT6JG45UC0,2026-04-18 06:19:06,2026-04-18,PRD-8KPXZZ0PGB9C,CLI-DIMZTNGFKZKV,Purchase,Entertainment,1796000.35,COP,,App,,Conciertos Live,Entertainment,Colombia,Barranquilla,Approved,00,False,5.25,,
TRX-GM1KMFIV0WI8FWMCDGM7,2026-04-18 07:34:40,2026-04-18,PRD-PV0OXD0AC8LR,CLI-9EZGICK00YN3,Deposit,,4885.16,USD,,ATM,SUC-FFI5DAEC,,,México,Guadalajara,Approved,00,False,7.88,0.0742203,0.4793645
TRX-JVH5JJMY1RYX4SR7Q995,2026-04-18 23:46:09,2026-04-18,PRD-G4TI0JLRQMZ6,CLI-NGH3ULX0J7MU,Purchase,Health,210.24,USD,,POS,,Clínica Médica,Health,México,Tijuana,Approved,00,False,,,
TRX-MMXQTR3CGDZ579YCKTN4,2026-04-18 08:57:28,2026-04-18,PRD-30GC8TKMPZD9,CLI-AZ46VJ1RUPFE,Transfer,,4194.58,USD,,POS,,,,Spain,Valencia,Declined,05,False,2.95,-0.4944353,0.6493528
TRX-NELFVZEC0W10VN148Z3T,2026-04-18 07:31:22,2026-04-18,PRD-QVY2JMQ4530D,CLI-XOER61L4CONH,Adjustment,,714.81,USD,,POS,,,,Brazil,Rio de Janeiro,Approved,00,False,18.11,,
TRX-WAC6IKQ00273I4LIZUYS,2026-04-18 09:30:57,2026-04-18,PRD-L44HR091UVEM,CLI-XTD28X3KEKHD,Withdrawal,,78.36,USD,,Web,,,,México,Querétaro,Approved,00,False,15.67,,
TRX-MSTCP07BBX0Y2S1J049K,2026-04-18 13:25:13,2026-04-18,PRD-287KCQRBAYFU,CLI-BTV544SPR262,Transfer,,3015013.06,COP,753.75,Branch,SUC-I7CB5PA8,,,Colombia,Cartagena,Approved,00,False,12.83,,
TRX-1SQ7ERNB0PHEKO5FASNI,2026-04-19 01:59:31,2026-04-18,PRD-COCJ1KC6JHBC,CLI-GJL94TLGZO4L,Deposit,,1633706.23,ARS,4667.73,POS,,,,Argentina,Córdoba,Approved,00,False,,,
TRX-FM164FHKJRN47GYXB7F5,2026-04-19 02:43:06,2026-04-18,PRD-S8XZUR8A35J6,CLI-IPYO8SXM0CWT,Payment,Food,1646.86,USD,,POS,,,,México,Monterrey,Declined,54,False,20.51,,
TRX-C0X2IZP51VO9TZU21DSR,2026-04-18 20:45:57,2026-04-18,PRD-XDXG75BZRU9I,CLI-WO13UZE476HU,Withdrawal,,167694.16,ARS,479.13,Web,,,,Argentina,Buenos Aires,Approved,00,False,,,
TRX-YROO6QR1YOY1XDKEK7SL,2026-04-18 20:47:14,2026-04-18,PRD-FHZTK7CG0D9L,CLI-Y34HPP1N2FZ9,Withdrawal,,412.89,USD,,App,,,,Colombia,Medellín,Approved,00,False,13.72,,
TRX-QUE4J59VWZLNU5EX72PY,2026-04-18 09:15:30,2026-04-18,PRD-5SQI5M96EZFJ,CLI-3150RKVCOYQJ,Withdrawal,,301.47,USD,,POS,,,,Colombia,Bogotá,Declined,05,False,3.78,,
TRX-IBIR5CWZPH542PI21S1F,2026-04-18 17:07:28,2026-04-18,PRD-HVQCS6RIVLU3,CLI-M8JBELMCGP4H,Transfer,,31944735.9,COP,7986.18,ATM,SUC-GHHYX8OE,,,Colombia,,Approved,00,False,24.94,,
TRX-LG323RFK12IKPG5UVDRG,2026-04-18 09:24:43,2026-04-18,PRD-FCTXRN4WVBLK,CLI-LP8JX3HJV5SN,Purchase,Transport,162.7,USD,,App,,,Transport,México,Ciudad de México,Approved,00,False,0.45,,
TRX-ENFC4LLMOIKECY091T5Q,2026-04-18 13:40:12,2026-04-18,PRD-Y0A9ZPNOI8X4,CLI-1TN7PWY3473I,Payment,Transport,7714815.24,COP,1928.7,Branch,SUC-KJBGVLU5,,,Colombia,Medellín,Approved,00,False,17.61,4.8858865,-75.011202
TRX-PF9TC1GETXV0G97R6W36,2026-04-19 01:57:25,2026-04-18,PRD-Q3J3M6LV6JR4,CLI-SUENSH378XTM,Purchase,Other,362.42,USD,,POS,,Ferretería,Other,México,Querétaro,Declined,14,False,8.62,-0.9303026,0.0983102
TRX-3KQQOLAHBG3SH259JSQ5,2026-04-19 02:56:23,2026-04-18,PRD-9H87G2AIDF1W,CLI-4O1999K1LQ8A,Payment,Transport,2489492.83,COP,622.37,POS,,,,Colombia,Medellín,Approved,00,False,15.52,,
TRX-BB3RB8989LT3UBYC216J,2026-04-19 04:50:13,2026-04-18,PRD-0J1BO938UZMY,CLI-ZPQ0DPHDVYA0,Withdrawal,,130.27,USD,,ATM,SUC-JQ7BZNFI,,,México,Monterrey,Approved,00,False,12.05,,
TRX-1TBEX3E0HS3D737DR02R,2026-04-18 22:31:47,2026-04-18,PRD-0AYEBYRUXBV6,CLI-U7IBB0XARNGA,Adjustment,,2444372.33,COP,611.09,App,,,,Colombia,Bogotá,Approved,00,False,21.56,,
TRX-GF1WP39VI93GO7DN1KZ0,2026-04-19 03:24:18,2026-04-18,PRD-CGCIUNXP4YXY,CLI-M7ZHVEYJ11BJ,Purchase,,164.79,USD,,POS,,Conciertos Live,Entertainment,México,Puebla,Approved,00,False,18.6,-0.1123503,0.209894
TRX-7PF3YABE56QSS8GMA18S,2026-04-18 07:24:55,2026-04-18,PRD-X80X4SULN82V,CLI-VRSH5W8Z2HFM,Transfer,,1199190.84,ARS,3426.26,Branch,,,,Argentina,Mendoza,Approved,00,False,7.61,-33.7663797,-58.4870208
TRX-XIYMNT6Z0XDAQC3OG1EW,2026-04-18 18:51:56,2026-04-18,PRD-UQ6SD96TD90V,CLI-U53OHL2F98OY,Withdrawal,,169238.95,ARS,483.54,Web,,,,Argentina,Rosario,Approved,00,False,23.02,,
TRX-L9GNZ5086U6UHRQFPRL2,2026-04-18 19:40:59,2026-04-18,PRD-1EJXVZC2ELBR,CLI-Q95YT47S0THU,Transfer,,7119363.02,COP,1779.84,Web,,,,Colombia,Cartagena,Approved,00,False,29.15,,
TRX-GXS55PE2U0MJEV8GINFO,2026-04-18 18:18:50,2026-04-18,PRD-0MZ23G1XQA4M,CLI-3FK6E5L06COM,Adjustment,,30.62,USD,,App,,,,México,Guadalajara,Approved,00,False,10.7,,
TRX-RI4YDLIK6ZMHTWYW1ITE,2026-04-19 02:48:32,2026-04-18,PRD-MPONR2NOY2PF,CLI-XSAA3AS5V96H,Withdrawal,,164373.38,ARS,469.64,POS,,,,Argentina,La Plata,Approved,00,False,16.89,,
TRX-5V9ZMA3TNBNBELTM0THY,2026-04-18 06:34:46,2026-04-18,PRD-ZADV8LJ7O54I,CLI-QFQMF5KLKGEU,Transfer,,803361.86,ARS,2295.32,App,,,,Argentina,La Plata,Approved,00,False,,,
TRX-YCO63YHAOQVTTIG5V3FI,2026-04-18 11:01:18,2026-04-18,PRD-8CQKABXYDW7Q,CLI-A23XYQO4FMZZ,Transfer,,516674.95,ARS,1476.21,Web,,,,Argentina,,Approved,00,False,14.72,,
TRX-FXHBF7IYTP0KUGHUQQLS,2026-04-19 02:18:05,2026-04-18,PRD-YOFSV3RCS0EW,CLI-U9ARWNTF70KA,Deposit,,3311.21,USD,,POS,,,,México,Guadalajara,Approved,00,False,9.41,,
TRX-7ULMXCMFP2HLFOEDZAP4,2026-04-18 11:03:11,2026-04-18,PRD-IRM8I1T6BH06,CLI-CDYP6T5Y9U1T,Deposit,,11212857.25,COP,2803.21,Web,,,,Colombia,,Approved,00,False,29.94,,
TRX-5XZYNCM3RLD4N3NFDNP6,2026-04-19 05:27:39,2026-04-18,PRD-J662NFQB7KND,CLI-OHG1CJF5I3Z3,Deposit,,18526342.73,COP,4631.59,Branch,SUC-H2ROE7C8,,,Colombia,Bogotá,Approved,00,False,6.78,,
TRX-DSJ5R5HATISWLI3W2QSM,2026-04-18 16:07:17,2026-04-18,PRD-B74BVP3CBLK8,CLI-YHFG1XSFTLVL,Purchase,Entertainment,337.29,USD,,Web,,Cine Premium,Entertainment,México,,Approved,00,False,24.64,,
TRX-BTGLZOKBRRA4YXH0IJQ6,2026-04-18 22:59:04,2026-04-18,PRD-2PG88XCZZ2IO,CLI-JUTTXBCJLAXA,Deposit,,1110371.29,ARS,3172.49,ATM,SUC-UUF77WSC,,,Argentina,La Plata,Approved,00,False,21.66,-35.1220877,-57.6846678
TRX-7O066AZSZPFIFMLPHUNI,2026-04-18 17:28:41,2026-04-18,PRD-V1L3R8SQ7LRL,CLI-233JBBAUMRFG,Withdrawal,,837446.04,COP,209.36,ATM,SUC-E5CCM8ZI,,,Spain,Sevilla,Declined,05,False,24.49,,
TRX-7V39IXIZR6OI3CIXO3P2,2026-04-18 15:53:54,2026-04-18,PRD-3TPPJR7Z4PFP,CLI-5MEQ2D9586P8,Deposit,,110306.56,ARS,315.16,POS,,,,Argentina,La Plata,Approved,00,False,24.77,-34.6404265,-57.5157427
TRX-UAT07KAV7DMP149XLQC4,2026-04-18 18:35:58,2026-04-18,PRD-TRVUC0F70O81,CLI-CAR9F22UG7AH,Deposit,,3637.78,USD,,ATM,,,,Argentina,Mendoza,Approved,00,False,3.52,,
TRX-C8KGLMN2N00FCA5V5PLD,2026-04-18 17:18:16,2026-04-18,PRD-MYIKEWS2RG5U,CLI-SVCRAIV7CRKH,Purchase,Food,150814.51,ARS,430.9,POS,,Super Ahorro,Food,Argentina,Córdoba,Approved,00,False,21.63,,-58.6404325
TRX-UK24R461JJ9YCROBV79E,2026-04-18 08:06:44,2026-04-18,PRD-MRBCMT15M6SW,CLI-VMF2CSA1I95C,Transfer,,11566823.64,COP,2891.71,ATM,SUC-GPTCLR0Q,,,Colombia,Medellín,Approved,00,False,18.09,,
TRX-1S9GHFCPEESZ2OOZJS3Z,2026-04-18 14:43:37,2026-04-18,PRD-57VB9JT69BIC,CLI-6X8UYCR0ZO03,Purchase,Food,1006741.22,COP,251.69,ATM,SUC-FF1CG8O5,Mercado Central,,Colombia,Bogotá,Approved,,False,22.5,4.6017264,-73.3912972
TRX-APCN2WW50NDW3R0PWVSS,2026-04-19 03:35:29,2026-04-18,PRD-1TEA9FOI8P8M,CLI-AQOBCA19CEMY,Withdrawal,,487441.92,COP,,Web,,,,Spain,,Approved,00,False,29.36,,
TRX-A40RSRK91L8593LXF0JN,2026-04-19 03:34:06,2026-04-18,PRD-ZU0XN9FJZVAT,CLI-HP4A3I6L4CR2,Purchase,Entertainment,110939.32,ARS,316.97,ATM,SUC-7TH4CVFK,,Entertainment,Argentina,La Plata,Approved,00,False,22.09,,
TRX-O4WRSIS7J0HRHEWX3223,2026-04-18 10:20:24,2026-04-18,PRD-D0A3Y2758MO1,CLI-JOEP295LPA2H,Payment,Food,635061.72,ARS,1814.46,Web,,,,Argentina,Buenos Aires,Approved,00,False,3.13,,
TRX-RZMQ77P8Q0CXPPQTTAFX,2026-04-19 05:45:29,2026-04-18,PRD-NXBD9N3XJWUN,CLI-0JR2NYRLIT27,Transfer,,1374762.12,ARS,3927.89,App,,,,Argentina,Mendoza,Approved,00,False,23.14,,
TRX-S34P7EQCHFFP6FJ8O2OS,2026-04-18 09:49:05,2026-04-18,PRD-P9IV2PBFSMGS,CLI-77UYOWKE4NSH,Purchase,Health,87.44,USD,,Web,,Farmacia Salud,,Argentina,Mendoza,Approved,00,False,,,
TRX-0KCY7WRCT5Z7UZRBCOC9,2026-04-18 15:13:05,2026-04-18,PRD-RJRXUAHTKQF2,CLI-UXVUMK4K6H1M,Withdrawal,,92.81,USD,,ATM,SUC-1PSI5W5X,,,México,Puebla,Approved,00,False,20.43,,
TRX-BAXUH7LP6JC5LX0UCG28,2026-04-18 20:50:08,2026-04-18,PRD-AP62ZO9OG9P1,CLI-841H13M8AAKL,Payment,Other,362371.76,ARS,1035.35,POS,,,,Argentina,Mendoza,Declined,14,False,,,
TRX-PZGCEARU7RH3N4XUI481,2026-04-18 06:21:53,2026-04-18,PRD-MERB7PEIX0VG,CLI-V6N4CN0VC130,Transfer,,6590.57,USD,,POS,,,,México,,Approved,00,False,21.48,,
TRX-C0T339XZ0OF424255PW0,2026-04-19 02:51:52,2026-04-18,PRD-IZ2AFX95Z5C7,CLI-FW5CSJ0BWCG3,Transfer,,6687.11,USD,,ATM,SUC-BDUFJ6GZ,,,México,Guadalajara,Approved,00,False,0.92,,
TRX-83YRD1VU0JMFCEU7O6VI,2026-04-18 10:22:13,2026-04-18,PRD-0W410JP5PPP2,CLI-897ZNHROPB0B,Withdrawal,,343.21,USD,,POS,,,,México,Guadalajara,Approved,00,False,3.66,,
TRX-LEKY3MG7QFCET591FG4J,2026-04-18 15:31:10,2026-04-18,PRD-U8SNSA9Z0R2K,CLI-D91LULXMHQ3E,Purchase,Services,172.04,USD,,Web,,Cable TV,Services,México,Monterrey,Approved,00,False,3.91,,
TRX-OGZLROQF2PTNZ5A7J9XR,2026-04-18 23:13:52,2026-04-18,PRD-1NI7THQ58GUW,CLI-FXWXWDEN6XXL,Deposit,,327923.95,ARS,936.93,POS,,,,Argentina,Mendoza,Approved,00,False,27.98,,
TRX-QUAQUC7X0ZKSGM9L7BWJ,2026-04-19 03:31:08,2026-04-18,PRD-2LHZOHY7NKAA,CLI-TW8D4XT8YMD7,Withdrawal,,110917.48,ARS,316.91,Web,,,,Argentina,Córdoba,Approved,00,False,6.29,,
TRX-L6M3OLVW8SMEOGCQAHEY,2026-04-19 04:11:38,2026-04-18,PRD-SR4VMAKY3GEF,CLI-RJ4H123X8UI2,Withdrawal,,318850.38,COP,79.71,ATM,SUC-HO849Z2Q,,,Colombia,Barranquilla,Approved,00,False,16.85,,
TRX-VNXHQV1FH9M2I784VWKG,2026-04-18 22:19:24,2026-04-18,PRD-ZDO2P26PETA1,CLI-M52QPINM58RN,Payment,Food,68491.74,ARS,195.69,ATM,SUC-JH2YV47F,,,Argentina,La Plata,Approved,00,False,10.18,-35.56367,-58.3347937
TRX-LO99IAP8PT8XB7FPN6XF,2026-04-18 07:23:57,2026-04-18,PRD-2AA6JFP8CTTC,CLI-GR2GEZMCHJ0O,Withdrawal,,89662.75,ARS,256.18,Transfer,,,,Argentina,Córdoba,Approved,00,False,25.63,,
TRX-2NDKR173ZFWTYQYU0DFA,2026-04-19 04:17:09,2026-04-18,PRD-PXWG6IUBZG1J,CLI-VT8NQ9Q81OBF,Adjustment,,772.7,USD,,Web,,,,México,Querétaro,Reversed,54,False,,,
TRX-TGSPQ2EZ1WCQEH4AYLB3,2026-04-19 00:06:39,2026-04-18,PRD-TT1FL6IUGSYN,CLI-RPD4SNPNMM8N,Payment,Services,136454.31,ARS,389.87,App,,,,Argentina,Buenos Aires,Approved,00,False,29.46,,
TRX-S4EXHDD531NC31EBUR8L,2026-04-18 19:19:30,2026-04-18,PRD-D76D1NVT5TV8,CLI-R27O66HOY212,Purchase,Food,157010.73,ARS,448.6,POS,,Tienda Don José,Food,Argentina,Córdoba,Approved,00,False,,,
TRX-G0UR0CQK7H4AQIA615SE,2026-04-18 12:51:38,2026-04-18,PRD-XAUF4HIICIYP,CLI-706WFGXPT8BH,Deposit,,1492228.27,ARS,4263.51,ATM,SUC-UUF77WSC,,,Argentina,La Plata,Approved,00,False,9.69,,
TRX-KJAEZC3O819H9HNNLS3V,2026-04-19 02:54:08,2026-04-18,PRD-C7HOSBR9HSAQ,CLI-3UZFPC027AGX,Deposit,,19084405.09,COP,4771.1,ATM,SUC-2L4DTLRM,,,Colombia,Cali,Approved,00,False,,,
TRX-P85JNRV5DGH562NVMV4U,2026-04-19 05:47:53,2026-04-18,PRD-31XBH5FCWVSO,CLI-I8WGJI66QSQO,Transfer,,2320063.15,ARS,6628.75,ATM,SUC-7ZY1HPL0,,,Argentina,Rosario,Pending,14,False,,,-57.7960431
TRX-ZXFOGSW6727HNPTRN5GG,2026-04-19 05:16:37,2026-04-18,PRD-T2CX6BE4SAJD,CLI-90QCCFAHYLYQ,Withdrawal,,431.45,USD,,ATM,SUC-GPHM9NB1,,,Colombia,,Approved,00,False,17.78,,
TRX-ML33IES7PMRDUVUJQ8EZ,2026-04-19 00:58:14,2026-04-18,PRD-CDUD978VI2AC,CLI-ZVMUPDDUVPRC,Deposit,,78.58,USD,,Transfer,,,,México,Querétaro,Approved,00,False,15.36,,
TRX-4EQ2XB4O7R4WE6VM9Q0B,2026-04-19 00:48:46,2026-04-18,PRD-AOO4MY0GLE14,CLI-KJTNWZHUA9C8,Payment,Food,1046.49,USD,,POS,,,,México,Guadalajara,Approved,00,False,,,
TRX-J29VGPC4YZNWQBN8OOGU,2026-04-18 22:08:10,2026-04-18,PRD-JPZ22HFZG6LJ,CLI-VANLMVB45ZGK,Deposit,,2728.15,USD,,Branch,SUC-MGUQPIKZ,,,México,Monterrey,Declined,54,False,20.96,,
TRX-O7ZO4QWG9LP8MTA0DRTM,2026-04-18 23:36:56,2026-04-18,PRD-8GOZMLRRJF7F,CLI-RS5VLJK1Y95O,Withdrawal,,76.65,USD,,Transfer,,,,México,Tijuana,Approved,00,False,16.41,,
TRX-2A5NPE446EQKXAU0RH4Y,2026-04-18 22:59:37,2026-04-18,PRD-02CLLY7JPEBM,CLI-EWHOLQ022O4Y,Adjustment,,1449915.27,COP,362.48,POS,,,,Colombia,Barranquilla,Approved,00,False,,4.0936183,-74.5093417
TRX-LC0MH2Y7TK45OH2AI6DY,2026-04-18 11:14:29,2026-04-18,PRD-A9EPMNV2J318,CLI-03E1ODEIXJP2,Transfer,,30224656.67,COP,7556.16,App,,,,Colombia,Medellín,Approved,00,False,,,
TRX-ITT0CVUXZT2MQTXV1MXB,2026-04-18 19:28:29,2026-04-18,PRD-ARMIG4FR41V1,CLI-91J0ZQDRSZAE,Payment,Other,7355708.14,COP,1838.93,POS,,,,Colombia,Bogotá,Approved,00,False,6.08,,
TRX-WE6YEPDKQ8KTHGMC6DUS,2026-04-18 19:16:11,2026-04-18,PRD-SO5U9W43KJ07,CLI-ITC6O8OT94IT,Transfer,,39340828.4,COP,9835.21,Web,,,,Colombia,Cali,Approved,00,False,16.83,,
TRX-J7MW19Z6SM6HPT2PXEWZ,2026-04-19 02:20:31,2026-04-18,PRD-V96NKT94SH1M,CLI-EAPEFCDC7WPM,Adjustment,,101.5,USD,,POS,,,,México,Guadalajara,Approved,00,False,27.82,,
TRX-5B1X2279I0H0CICH0UL0,2026-04-18 13:06:13,2026-04-18,PRD-7FPVYQQCC7E3,CLI-5L6EGAWYR2Q2,Payment,Transport,694634.97,ARS,1984.67,ATM,SUC-ZVPEMWQP,,,Argentina,Córdoba,Approved,00,False,12.05,,
TRX-3FNDQ1SEDNGKGV9GXMYE,2026-04-18 07:46:42,2026-04-18,PRD-F5LPYNVX7HIV,CLI-L1C4T1ZE83KW,Withdrawal,,1274737.25,COP,318.68,ATM,SUC-4BEKYT6U,,,Colombia,,Approved,00,False,21.27,,
TRX-98G8X7E5L8PVDZ12DJBV,2026-04-18 09:16:37,2026-04-18,PRD-YZ6TWNLBEURN,CLI-XYIBOPPIRKMO,Transfer,,504721.13,ARS,1442.06,ATM,SUC-GTAY0XHL,,,Mexico,Guadalajara,Approved,00,False,29.56,-34.4016394,-58.9974381
TRX-UMPCWSI2OSLV0XMODVXA,2026-04-19 00:22:35,2026-04-18,PRD-ODTQX0KBS8XX,CLI-VQHN24436HNY,Withdrawal,,162787.98,COP,40.7,Web,,,,Colombia,Bogotá,Approved,00,False,23.85,,
TRX-YB80Q3VESHDILZFQPSCJ,2026-04-18 13:02:30,2026-04-18,PRD-E0F8YSCY14TN,CLI-T21MMIEQOM8L,Purchase,Other,53.48,USD,,ATM,SUC-XAEWUJQS,Centro Comercial,Other,México,,Approved,,False,0.43,,
TRX-BUX7XA4W86KA1NABJNEL,2026-04-18 06:57:21,2026-04-18,PRD-OH9E53MW485Z,CLI-XA7SFI5IVU1G,Deposit,,3719.02,USD,,Web,,,,México,Tijuana,Approved,00,False,13.52,,
TRX-07S5OSRCCUPTSO0FITJ8,2026-04-19 02:22:54,2026-04-18,PRD-ED1PXWC1KPMP,CLI-3JP305YBTKH6,Transfer,,7664.33,USD,,POS,,,,México,Ciudad de México,Approved,00,False,27.92,,
TRX-UTGYC0A5SU7OVNNQR0A7,2026-04-19 00:57:15,2026-04-18,PRD-K4WGL5D03TSG,CLI-GDAYGYYKKAPD,Transfer,,4451.48,USD,,App,,,,México,,Pending,05,False,,,
TRX-O8R4UIGWSE728I1OPDU5,2026-04-18 14:39:15,2026-04-18,PRD-95IBTQATUTN6,CLI-F8C2ZLM0SK00,Deposit,,4435.73,USD,,POS,,,,México,Tijuana,Approved,00,False,18.88,-0.1942203,0.2604374
TRX-1Z16DXT7IIV42H26XVWK,2026-04-18 14:29:49,2026-04-18,PRD-SUE9G9GIRFIR,CLI-HXLSIWU5FHQN,Transfer,,10308780.14,COP,2577.2,Branch,SUC-DLYE60QN,,,Colombia,Barranquilla,Declined,05,False,1.98,4.1460914,-73.8893541
TRX-X01GXPJARME11YWJ8Z0P,2026-04-18 08:02:08,2026-04-18,PRD-T2KMVHT29ZQJ,CLI-WVFTGW7L9UD2,Payment,Food,1229.79,USD,,App,,,,México,Ciudad de México,Approved,00,False,1.96,,
TRX-EJQX0KR6TOV4AP44SF2D,2026-04-19 01:32:11,2026-04-18,PRD-75T7QDJNTUDX,CLI-QY0L90Y48MN9,Withdrawal,,392.52,USD,,App,,,,México,Guadalajara,Approved,00,False,,,
TRX-3866ZFTAU823TOAEQ0UE,2026-04-18 21:04:31,2026-04-18,PRD-PCOJMCPRTTDK,CLI-VR4QBAK3S1D6,Deposit,,396.41,USD,,POS,,,,México,Ciudad de México,Approved,00,False,8.59,,
TRX-AROPSS2NDHV0M42E50LD,2026-04-18 07:25:17,2026-04-18,PRD-SYYZ6CUFW57P,CLI-XXNUND8PL7GO,Withdrawal,,437.45,USD,,POS,,,,México,Guadalajara,Approved,00,False,,,
TRX-YSOHOKTSJ0ZGGJTNCFRB,2026-04-19 05:06:44,2026-04-18,PRD-SG4NXLJNISWC,CLI-89TTF01NNKEW,Transfer,,4357226.97,COP,1089.31,POS,,,,Colombia,Barranquilla,Approved,00,False,9.53,,
TRX-TW51ZX4BZY79XUXWLAS4,2026-04-18 15:21:52,2026-04-18,PRD-PFAVIHAR80QI,CLI-3ALUALQEI2I2,Deposit,,989095.13,COP,247.27,POS,,,,Colombia,Cali,Approved,00,False,,,
TRX-3BZ1PS238FXM4OKXZCBN,2026-04-18 09:16:47,2026-04-18,PRD-P1F6FMIOUYIC,CLI-PTZF0XD1ILVU,Purchase,Other,201.77,USD,,Web,,Boutique Moda,Other,México,Tijuana,Approved,00,False,7.15,,
TRX-7AE6AE8VAATO1BDF9Z05,2026-04-18 20:36:09,2026-04-18,PRD-YJ9JB6NLMQ23,CLI-V99VO67NYFQB,Withdrawal,,174240.1,COP,43.56,Web,,,,Colombia,Barranquilla,Approved,00,False,2.34,,
TRX-IKQHEXJSJXJS1ZCAL3L9,2026-04-19 02:13:32,2026-04-18,PRD-PTINHG0J1SSU,CLI-XJX9D6EGOYKQ,Purchase,Food,1836862.45,COP,459.22,App,,Tienda Don José,Food,Colombia,Cartagena,Approved,00,False,27.01,,
TRX-G01OFWK0IFXWXZFPXRIY,2026-04-19 02:29:04,2026-04-18,PRD-142CE0W62JPV,CLI-9CM6AHMA9NWA,Purchase,Transport,212.3,USD,,POS,,Taxi Seguro,Transport,México,Querétaro,Approved,00,False,17.62,,
TRX-DZUOBRM575NCX2OEI927,2026-04-19 00:33:05,2026-04-18,PRD-D7KLWBNWG631,CLI-28ZXF2O93E8Q,Deposit,,3976.23,USD,,Web,,,,México,Querétaro,Approved,00,False,14.15,,
TRX-37Z323OUIHED32K095K7,2026-04-19 03:17:43,2026-04-18,PRD-818W7UK6DVZI,CLI-X4DJ3JZVZENV,Payment,Services,401.45,USD,,ATM,SUC-LBPQUZ4D,,,México,,Approved,00,False,27.38,,
TRX-3M396LCNIQ2K7143KKPF,2026-04-18 14:11:42,2026-04-18,PRD-3E1TOBMBZDLW,CLI-YN2D9H0SY8H1,Purchase,Services,51.71,USD,,POS,,Cable TV,Services,México,,Approved,00,False,,,
TRX-5P3ILPR7IQ5WJ0NHZY7E,2026-04-19 04:23:32,2026-04-18,PRD-V5QBPVPZBKIM,CLI-P1KFM88GI8P5,Withdrawal,,1524972.59,COP,381.24,ATM,,,,Colombia,,Approved,00,False,7.92,,
TRX-9TECSI9EOTBP27AJ6FPU,2026-04-18 19:51:00,2026-04-18,PRD-4HDUQ97HUI4N,CLI-U0JMKDXISKBH,Payment,Food,176985.07,ARS,505.67,App,,,,Argentina,Buenos Aires,Approved,00,False,2.01,,
TRX-ND8FUMU4WVYJKIGSAM2Z,2026-04-18 23:26:25,2026-04-18,PRD-J1GZAVAIS9B9,CLI-HGIQNPDO01YE,Deposit,,1361.82,USD,,POS,,,,México,Puebla,Approved,00,False,17.84,,
TRX-YMNHVVFSPKS5EKVWKIGT,2026-04-18 21:57:23,2026-04-18,PRD-IB8S712DFHM2,CLI-3G959MPNFC7A,Purchase,Services,204503.7,COP,51.13,POS,,Servicios Públicos,Services,Colombia,Barranquilla,Approved,00,False,16.96,,
TRX-X5J9YO84QT5X0DJH5SH2,2026-04-18 07:14:23,2026-04-18,PRD-OITZNBUU9VVD,CLI-SPFWR5ZMH4I8,Purchase,Health,417.5,USD,,POS,,Óptica Visión,Health,México,Tijuana,Approved,00,False,19.54,,
TRX-OGH5FEI8AOWVBWO3CR0H,2026-04-18 09:40:42,2026-04-18,PRD-Y10NRJ0JEP1G,CLI-A8RQUTMJKAMT,Withdrawal,,1879971.77,COP,,POS,,,,Colombia,Medellín,Approved,00,False,23.22,,
TRX-EXFAYUBVF7D2YIAN96H6,2026-04-18 14:05:19,2026-04-18,PRD-WJANE7ZIGAOZ,CLI-N3R1D2BSRJRY,Purchase,,1131061.33,COP,282.77,Transfer,,Internet Plus,Services,Colombia,Barranquilla,Approved,00,False,6.01,,
TRX-EXJQ9ZWNH3HWVPAQX29K,2026-04-18 18:53:55,2026-04-18,PRD-4U4IGD7W2ADM,CLI-JON6IGBD7EVI,Withdrawal,,548660.68,COP,137.17,POS,,,,Colombia,Barranquilla,Approved,00,False,,,
TRX-EYVMW9WBR8I1P2VAE7CQ,2026-04-19 05:34:37,2026-04-18,PRD-OHBEPDG6I7TC,CLI-8BKN3VD1FRK8,Payment,Other,1937.98,USD,,ATM,SUC-S3V4CSL0,,,México,Tijuana,Approved,00,False,21.7,,
TRX-DPTVSMTQDCZ8TJYZKOOX,2026-04-18 18:42:32,2026-04-18,PRD-80K41UXF96CG,CLI-4TP0BJQ2FYQ9,Purchase,Other,73581.97,ARS,210.23,Branch,SUC-7L3EZA71,Tienda General,Other,Argentina,Mendoza,Approved,00,False,26.28,,
TRX-5E15J4IX81W0JUESFQQ3,2026-04-18 16:09:14,2026-04-18,PRD-GMK2170NPQ9H,CLI-1M99ACWM03T2,Purchase,Services,403.29,USD,,POS,,Servicios Públicos,Services,Argentina,Rosario,Approved,00,False,14.7,-34.5544953,-57.8094328
TRX-T54Q1OSJTORBLOAWUVI2,2026-04-18 07:27:02,2026-04-18,PRD-4FHR1SQK2YXD,CLI-JK60YV62YZIH,Payment,Transport,501992.64,ARS,1434.26,POS,,,,Argentina,Mendoza,Approved,00,False,21.68,,
TRX-ZTVZM2ROE224WP3XGSGK,2026-04-18 09:15:11,2026-04-18,PRD-7C1EB3J50YLS,CLI-U32YW3GY899Z,Deposit,,1260159.05,ARS,3600.45,POS,,,,Argentina,Rosario,Approved,00,False,25.93,,
TRX-SO97DWH72RRV3RCXBLH9,2026-04-18 13:50:27,2026-04-18,PRD-GDL40XVN6H6U,CLI-UH7SO7CMBUEO,Withdrawal,,148.65,USD,,ATM,SUC-8UUCS42Y,,,Colombia,,Declined,54,False,,,
TRX-E1MX4PJ0YSM47Q7B7XD5,2026-04-19 00:55:21,2026-04-18,PRD-K8XMVFKHF3G4,CLI-ZGZJ0OR7K7HY,Deposit,,227161.03,ARS,649.03,ATM,SUC-JBECVTZ8,,,Argentina,Mendoza,Approved,00,False,1.84,,
TRX-1KCSZ5OEXEDPVTVEIEGV,2026-04-18 10:30:59,2026-04-18,PRD-S89KS403JFTI,CLI-Q07I56TEZ4ET,Purchase,Services,92145.86,ARS,263.27,ATM,SUC-5S93Z8YS,Cable TV,Services,Argentina,Buenos Aires,Approved,00,False,17.52,,
TRX-L7UC6J8R4NCKDV9A4CLY,2026-04-19 02:42:54,2026-04-18,PRD-H66GLW0E9R3S,CLI-D84OIVR9K78I,Withdrawal,,155.48,USD,,POS,,,,México,,Approved,00,False,6.63,0.3269343,0.4984894
TRX-5NE7QB5KE7L5WKU57QS4,2026-04-18 23:49:05,2026-04-18,PRD-Y9HONJR4Q5AI,CLI-IDLF7WAFY08O,Transfer,,7037845.06,COP,1759.46,App,,,,Colombia,Cartagena,Approved,00,False,19.2,,
TRX-2RUEC9SF8XT5HNTBJU4C,2026-04-19 05:42:37,2026-04-18,PRD-MOP19SKLVUW3,CLI-A8FODFZ0LDE7,Transfer,,7275.27,USD,,POS,,,,México,Ciudad de México,Approved,00,False,7.48,,
TRX-R9ZWCTXN7UC5NKCNJT61,2026-04-19 05:21:25,2026-04-18,PRD-9038SRC2XVN1,CLI-NPHCKMU1HTRW,Payment,Entertainment,1721.63,USD,,Branch,SUC-YIS5JECV,,,México,Tijuana,Approved,00,False,14.11,,
TRX-7THRD6GWIO0EUD2UX8M1,2026-04-18 21:34:54,2026-04-18,PRD-KGYE5H8P1A7J,CLI-36ND3JBD0A6P,Transfer,,32012165.8,COP,8003.04,App,,,,Colombia,Bogotá,Approved,00,False,18.77,,
TRX-FY8VPTF3XC77G8C76HAU,2026-04-18 15:20:44,2026-04-18,PRD-9FTFI28LEZGM,CLI-42IQIAK9JVXU,Deposit,,1020024.63,COP,255.01,ATM,SUC-85YWBJ74,,,Colombia,,Approved,00,False,18.28,,
TRX-XK4833LC6G1FION510XA,2026-04-18 07:55:42,2026-04-18,PRD-WAMXF307AVA8,CLI-XW3WX8C056JR,Deposit,,3206.43,USD,,POS,,,,México,Guadalajara,Approved,00,False,14.43,-0.8650885,-0.8901358
TRX-3RWM6ANEKWK1W2PFRSI6,2026-04-18 19:10:22,2026-04-18,PRD-0T07KMD7SXMJ,CLI-4AWMTYO5QLZA,Transfer,,5843.49,USD,,Web,,,,México,Monterrey,Approved,00,False,,,
TRX-TTL8556EEV38L3W7PHHB,2026-04-19 01:32:28,2026-04-18,PRD-X8F4MC283OK5,CLI-1VCG0Y1SRY7I,Withdrawal,,1140351.05,COP,285.09,Web,,,,Colombia,Cartagena,Approved,00,False,0.86,,
TRX-CG20T3DGTGOIJ790WI5P,2026-04-18 16:47:58,2026-04-18,PRD-FBY07DT2A215,CLI-T7038NX8N0B6,Withdrawal,,24.58,USD,,Branch,SUC-9L4T3P44,,,México,Puebla,Approved,,False,20.78,0.3240809,0.2673706
TRX-4SCJ710YUQR60FMN2QWO,2026-04-18 16:10:27,2026-04-18,PRD-S6PQBD37TXG1,CLI-MYEILF29XXHL,Withdrawal,,422.5,USD,,Web,,,,México,Guadalajara,Approved,00,False,,,
TRX-7YHLU5C4JBFABKTN52P2,2026-04-19 05:55:14,2026-04-18,PRD-FXU996A35Z85,CLI-UH6VXF296BER,Withdrawal,,450.88,USD,,POS,,,,México,Tijuana,Approved,00,False,2.66,,
TRX-Q113GP742HVIV5X33JSN,2026-04-18 09:47:53,2026-04-18,PRD-WOJ4YYSEAE40,CLI-PM9BDMJKG7JO,Purchase,Entertainment,110842.24,ARS,316.69,App,,Teatro Nacional,,Argentina,Mendoza,Approved,00,False,13.97,,
TRX-GTPD6IK6MCJGMUQ0W6M5,2026-04-18 09:59:29,2026-04-18,PRD-2VZQZU6BOXWI,CLI-YVN063C74GYZ,Withdrawal,,900928.22,COP,225.23,Web,,,,Colombia,Bogotá,Approved,00,False,,,
TRX-U57ZF6243XSHP7LW6UOC,2026-04-18 18:47:09,2026-04-18,PRD-L841XUSG07XX,CLI-J7UFH59DGDZZ,Payment,Transport,366810.2,COP,91.7,POS,,,,Colombia,Cali,Approved,00,False,3.77,,
TRX-250URZYPLUESW1AA9SKY,2026-04-19 04:39:22,2026-04-18,PRD-DDLGZXNRJQJ1,CLI-ZQBSJXCSM5GM,Deposit,,1225297.42,ARS,3500.85,ATM,SUC-BMVBUHCL,,,Argentina,Rosario,Approved,00,False,4.67,,
TRX-YH7OVX98DDKI9Z8YKEFU,2026-04-18 19:59:16,2026-04-18,PRD-N0GDBPWO6ULP,CLI-HKP6HS8D2MT9,Purchase,Food,57727.8,ARS,164.94,ATM,SUC-39R34AY6,Mercado Central,Food,Argentina,Córdoba,Approved,00,False,17.15,,
TRX-6C9HU7E2XD0BYCT9AIXG,2026-04-18 10:22:31,2026-04-18,PRD-O37LC3S4DKO2,CLI-0TI4EFOPS408,Withdrawal,,308.98,USD,,Web,,,,México,Tijuana,Approved,00,False,19.33,,
TRX-UHHC00L8FJCBS26DSY2U,2026-04-18 13:36:19,2026-04-18,PRD-JPNSA77RN1RP,CLI-YRZ8MNLN88E1,Purchase,Transport,491.32,USD,,POS,,Estación de Servicio,Transport,México,Tijuana,Declined,54,False,7.43,0.9164612,0.9771804
TRX-308NJAILYIQI3XW7RH52,2026-04-18 06:37:03,2026-04-18,PRD-2RWD5R9EQ1AQ,CLI-TP0O5IYXDUDW,Withdrawal,,1416357.94,COP,354.09,App,,,,Colombia,Cali,Approved,00,False,17.56,,
TRX-SVSLH5IK80UYI9ZEPGSY,2026-04-18 22:22:10,2026-04-18,PRD-TPBO8U0VFQWL,CLI-360FJQ8EN212,Deposit,,1957.17,USD,,POS,,,,México,Tijuana,Approved,00,False,5.2,-0.8810924,0.6687664
TRX-8GR4RZEUZQ2WFXSYM8X7,2026-04-18 19:49:10,2026-04-18,PRD-0P84M12M2BWA,CLI-AWPESM9UC027,Withdrawal,,754661.18,COP,188.67,POS,,,,Colombia,Cali,Approved,00,False,8.84,,
TRX-EYT2WZGONATH2UGNOJYW,2026-04-18 23:12:10,2026-04-18,PRD-T2QOR0YPZVMC,CLI-YSJN5ZS050X4,Transfer,,1005265.44,ARS,2872.19,POS,,,,Argentina,Buenos Aires,Approved,00,False,19.07,,
TRX-1TVB2DC7E0LBKGEAT9X0,2026-04-19 02:10:14,2026-04-18,PRD-J9PY3JDSB16A,CLI-IJLHUD7ADCV3,Withdrawal,,118984.68,ARS,339.96,POS,,,,Argentina,Rosario,Approved,00,False,17.27,,
TRX-ZXQY4O82GNV2W8V8J4LY,2026-04-18 15:56:35,2026-04-18,PRD-1JH8BVG0BCTF,CLI-PRQ9GN0B2BT1,Payment,,1024610.36,COP,256.15,POS,,,,Colombia,Medellín,Reversed,51,False,8.56,5.2664145,-74.7154724
TRX-JGDDEMU403TNX8LJ6I1Y,2026-04-18 23:56:52,2026-04-18,PRD-7L2P4K3PYMH3,CLI-VR6UEVXI9Q9S,Purchase,Transport,289442.31,COP,72.36,POS,,Gasolinera Express,Transport,Colombia,Cartagena,Approved,00,False,0.79,,
TRX-VRHQPW7AEESW54U56GA1,2026-04-18 19:02:03,2026-04-18,PRD-TEO4JS8ORX4X,CLI-0B0L4BLE40JN,Payment,Entertainment,1649.19,USD,,ATM,SUC-NXELWI6F,,,Argentina,Córdoba,Approved,00,False,,,
TRX-1MQEG4F805CJXZ3PNUWB,2026-04-18 13:50:41,2026-04-18,PRD-YPKVTR4T71NF,CLI-4OK7SBO6B88S,Withdrawal,,26.69,USD,,POS,,,,México,Guadalajara,Approved,00,False,17.53,-0.4797695,-0.3857553
TRX-YDLP2HTKWUPR8LL4XSYS,2026-04-18 14:09:31,2026-04-18,PRD-7UQ8PVX64TYS,CLI-T15C9U0BYDZB,Payment,Health,1246.85,USD,,Transfer,,,,México,Ciudad de México,Approved,00,False,,,
TRX-RCLIRKHCVYKSSPUXT3TS,2026-04-18 13:22:29,2026-04-18,PRD-WPWZZ4AQRKPZ,CLI-WMWT4ZNSBQ0Y,Deposit,,2262.04,USD,,Web,,,,México,Guadalajara,Approved,00,False,,,
TRX-EZCAEULF4ZVPOSV52M4X,2026-04-19 02:20:51,2026-04-18,PRD-9FKNYQBVP34L,CLI-H0IONW5NW07F,Withdrawal,,342.04,USD,,App,,,,México,Monterrey,Approved,00,False,6.55,,
TRX-8YC303VSXVRH3LCVL89N,2026-04-18 12:36:32,2026-04-18,PRD-55O3EV1EI9W7,CLI-GV7KWWQX16JT,Payment,Other,1922.88,USD,,ATM,SUC-UV1CR4D5,,,México,Guadalajara,Approved,00,False,,,
TRX-Y45T0T75AMCHIU27582T,2026-04-19 01:26:31,2026-04-18,PRD-7DQ4ZUHAV5Y6,CLI-M8YWM42T8YAE,Purchase,Entertainment,42744.22,ARS,122.13,POS,,Cine Premium,Entertainment,Colombia,Barranquilla,Approved,00,False,24.95,,
TRX-6OSGITNVPO9RMJ1AOVB8,2026-04-18 06:08:17,2026-04-18,PRD-7IKE8REZLKG7,CLI-PGGPTODG58Y5,Withdrawal,,188.82,USD,,POS,,,,México,Guadalajara,Declined,51,False,6.77,,
TRX-WNROSKPYJDQY213I8TTW,2026-04-18 10:22:44,2026-04-18,PRD-17L1GUQL6K2E,CLI-8WDCCMRNCFZ4,Purchase,Other,1025811.83,COP,256.45,Transfer,,Ferretería,Other,Colombia,Cartagena,Approved,00,False,10.66,,
TRX-2MMWUI5M4765S3EW4W96,2026-04-18 20:44:49,2026-04-18,PRD-2KBYTEH2TTKE,CLI-UURBW2R23MX6,Withdrawal,,228379.15,COP,57.09,Web,,,,Colombia,Cartagena,Approved,,False,26.9,,
TRX-5RLEY4SPKN58CT81JTUY,2026-04-18 11:36:55,2026-04-18,PRD-8F0FEFL5O2D5,CLI-RZ6IMJVHL2GT,Deposit,,13686555.85,COP,3421.64,POS,,,,Colombia,Cartagena,Approved,00,False,7.79,,
TRX-WLICB4ZEV06CMW6NLWPH,2026-04-19 04:08:33,2026-04-18,PRD-QU82M9O7EO5M,CLI-8H07IP9HI0OY,Withdrawal,,97295.28,ARS,,ATM,SUC-BMVBUHCL,,,Argentina,Córdoba,Approved,00,False,2.62,,
TRX-2177RG8KQPJIPOXZ5JOT,2026-04-18 12:50:13,2026-04-18,PRD-0OM8KJ8FYTHN,CLI-HI2RLTIQDOKK,Purchase,Transport,153888.06,COP,38.47,POS,,Taxi Seguro,Transport,Colombia,Medellín,Approved,00,False,1.89,5.3579647,-74.5008717
TRX-DM2O2FS3ZK4LP870ZV8L,2026-04-18 20:29:11,2026-04-18,PRD-QYI05VXVXBY8,CLI-RCCSUG7ABCK8,Transfer,,9510.29,USD,,ATM,SUC-OW1SAD5J,,,México,,Approved,00,False,0.38,,
TRX-SYCVA524YGWS4TL7JSH9,2026-04-19 01:12:07,2026-04-18,PRD-TORUCJSCD2UW,CLI-0L0GJ4Q7XW4X,Withdrawal,,307.73,USD,,POS,,,,México,Puebla,Reversed,51,False,5.9,,
TRX-5HE4QXWIAH6PVORNAYFB,2026-04-18 22:20:23,2026-04-18,PRD-2HC972LX4P36,CLI-R9FK0JPK9B6L,Withdrawal,,547539.18,COP,136.88,Web,,,,USA,Los Angeles,Approved,00,False,,,
TRX-RQ9GGIV7390419RRRETO,2026-04-19 05:54:40,2026-04-18,PRD-FH5Y0DLUEMOE,CLI-UUELV1IUW4KI,Deposit,,2848923.62,COP,712.23,POS,,,,Colombia,Cali,Approved,00,False,17.83,,
TRX-F1IKCB3Q0PXTI1ICZSHQ,2026-04-18 06:31:59,2026-04-18,PRD-GX6EDARXLMYC,CLI-VUZCONXVPX1F,Transfer,,3396.74,USD,,Web,,,,México,Ciudad de México,Approved,00,False,,,
TRX-LCZRKE0WKM2VJHIV2MOR,2026-04-18 12:27:24,2026-04-18,PRD-0VV7WP7JWRGS,CLI-DLKOGZ6M5EHE,Payment,Services,633637.58,ARS,1810.39,Web,,,,Argentina,La Plata,Approved,,False,10.45,,
TRX-FP5CQ1Q8R8EI4O1XLKBM,2026-04-18 21:35:44,2026-04-18,PRD-FG8E3T765LVS,CLI-1SSYEWG48ZIS,Transfer,,15304019.2,COP,3826.0,ATM,SUC-A6PLAS9M,,,Mexico,Monterrey,Approved,00,False,,,
TRX-ZPD1HW3MBLCAEXTRIMX4,2026-04-19 04:05:24,2026-04-18,PRD-HVH5BETS2UMP,CLI-TN3LRSF1QRRT,Withdrawal,,308.91,USD,,App,,,,México,Guadalajara,Declined,51,False,9.3,,
TRX-53QSW9F8V975RXX7XVKG,2026-04-18 07:05:48,2026-04-18,PRD-HAT1E6DASYW3,CLI-UIVDUHQR483I,Withdrawal,,118071.09,ARS,337.35,POS,,,,Argentina,,Approved,00,False,19.77,,
TRX-P3EDJDP4CDJYLHRXF7GM,2026-04-18 13:52:34,2026-04-18,PRD-NR71QU67BGEN,CLI-G2BJCGJWD57I,Withdrawal,,329.65,USD,,POS,,,,México,Monterrey,Approved,00,False,,,
TRX-EUJBV97A55RH272WMV0L,2026-04-18 22:45:37,2026-04-18,PRD-J7T8RHKHRM4O,CLI-7WSJQJBK83OO,Purchase,Transport,55151.86,COP,13.79,POS,,Gasolinera Express,Transport,Mexico,Monterrey,Approved,00,False,14.56,,-73.6314539
TRX-OCV4NWKVXHUZGJ6CLEYI,2026-04-18 10:37:36,2026-04-18,PRD-BALDAN1K7MED,CLI-NYHVKC2D2WY4,Withdrawal,,12754.04,ARS,,ATM,SUC-2T5PUX8Q,,,Argentina,Buenos Aires,Approved,00,False,19.46,,
TRX-MG8S0UUEJRU25293RCJF,2026-04-18 22:14:35,2026-04-18,PRD-MIN703GYJX13,CLI-GZ462EAPG4A1,Purchase,Food,259.37,USD,,ATM,SUC-T4RE29NP,Restaurante El Buen Sabor,Food,México,Guadalajara,Pending,14,False,18.26,-0.1480754,-0.9058961
TRX-QEZIY2U62GOLWFIU3DK4,2026-04-18 21:04:59,2026-04-18,PRD-KQV7DO4JF63T,CLI-AG91JD2Z1TG9,Deposit,,7151961.98,COP,1787.99,POS,,,,Colombia,,Pending,05,False,,,
TRX-NRAW0KYGKP33NWJ40XC4,2026-04-18 07:14:15,2026-04-18,PRD-XEA7GMPGK39E,CLI-59FHXKPOJJOU,Payment,Transport,1401.47,USD,,POS,,,,México,Querétaro,Approved,00,False,1.69,0.9900332,-0.5535394
TRX-R8JWUR43PG56FL0KZUYU,2026-04-18 20:01:40,2026-04-18,PRD-A523WRJYD81B,CLI-I446LSS2NNOR,Deposit,,4631.65,USD,,App,,,,México,Guadalajara,Approved,00,False,,,
TRX-2QRPMU5WMHTYLVXHGMXX,2026-04-18 20:41:48,2026-04-18,PRD-HFAG87PZS5Y7,CLI-F8L8FM0VHM17,Deposit,,1735156.3,ARS,4957.59,POS,,,,Argentina,La Plata,Approved,00,False,25.06,,
TRX-MOU1MDBEYO8SGVX8SZMX,2026-04-19 00:34:16,2026-04-18,PRD-LPW3Q4ULSBSH,CLI-YT7BE2ZMYZA0,Transfer,,960067.93,COP,240.02,POS,,,,Colombia,Bogotá,Approved,00,False,,4.8727237,-74.4098841
TRX-XYOIEGTUT5KGO9JVMYNQ,2026-04-18 21:29:46,2026-04-18,PRD-W9S3VMIHZX2J,CLI-XE4JY1XDRKUU,Transfer,,28074619.96,COP,7018.65,ATM,SUC-JA4P9IIP,,,Colombia,Medellín,Approved,00,False,,3.738946,-74.8226997
TRX-CT97DW1WC4VWKLJKBOR6,2026-04-18 20:32:07,2026-04-18,PRD-TVLIEY701WPW,CLI-ZWIV8Z7ISQ3L,Deposit,,892.95,USD,,POS,,,,México,Querétaro,Approved,00,False,10.18,0.8587018,0.5440828
TRX-BWJWGT539KFRRI8SXG8D,2026-04-18 21:55:07,2026-04-18,PRD-7RQGIB0KIXRM,CLI-TUHB9CRMOTII,Withdrawal,,364.51,USD,,POS,,,,México,,Approved,00,False,0.17,,
TRX-72BWJH5NTYOCZLC89X2P,2026-04-18 19:34:08,2026-04-18,PRD-7OISI1U3PPGN,CLI-FU6Y4MR49EPF,Deposit,,3877.59,USD,,POS,,,,México,Ciudad de México,Approved,00,False,10.76,,
TRX-E4RTLMNP6EMX8GKF4VLC,2026-04-18 22:38:38,2026-04-18,PRD-20MT1KPWZRJF,CLI-4AXQ1IWGF4OF,Adjustment,,146147.28,ARS,417.56,App,,,,Argentina,Córdoba,Approved,00,False,18.77,,
TRX-2RALR4X26HS46IGOIOND,2026-04-18 15:27:34,2026-04-18,PRD-7WIJF59XH3OE,CLI-2RFARJEHL6EA,Transfer,,871.31,USD,,POS,,,,México,Guadalajara,Approved,00,False,9.61,,
TRX-GAH3TBUCA6B66OS8MGGD,2026-04-18 06:52:40,2026-04-18,PRD-21IKM90Q7MO8,CLI-RVWTT9EU37I0,Withdrawal,,73.41,USD,,ATM,SUC-KYUNO9E0,,,México,Tijuana,Approved,00,False,,,
TRX-W3VDRBGYJJ8V46A6JAZ6,2026-04-18 18:12:42,2026-04-18,PRD-Q9XZHMEF6A6I,CLI-P0BQTWWWZTI4,Purchase,Other,257.48,USD,,POS,,Ferretería,,México,Tijuana,Approved,,False,5.23,,
TRX-P6EJJK7L9ZXI3HP4UUIX,2026-04-18 12:29:41,2026-04-18,PRD-9UPD8UX0WB8U,CLI-C4AQMXW871SW,Adjustment,,398.08,USD,,POS,,,,México,Ciudad de México,Declined,14,False,8.78,,
TRX-W0LL0VYZ9GXZXLM4OCQL,2026-04-18 09:07:40,2026-04-18,PRD-V288V6H2D59V,CLI-85QF30VY6BO3,Transfer,,16894897.77,COP,4223.72,ATM,SUC-OFZKCO6O,,,Colombia,Bogotá,Approved,00,False,,4.549683,-74.907547
TRX-31VVMVWD181LLB9550MU,2026-04-18 20:13:50,2026-04-18,PRD-ZDWSUA0ALZT5,CLI-9CS8CE90EA2V,Deposit,,71433.46,ARS,204.1,App,,,,Argentina,Buenos Aires,Approved,00,False,15.94,,
TRX-89BF326CLR3HTIH7E3E0,2026-04-18 06:05:38,2026-04-18,PRD-CK1HC89UNC47,CLI-5W05EFDQT5ZL,Transfer,,8373.18,USD,,App,,,,Argentina,La Plata,Approved,00,False,16.27,,
TRX-WSWW9JEMMK3SK2RB3D6T,2026-04-19 00:14:39,2026-04-18,PRD-9KGAOHCOL47S,CLI-S2RY6D7OS63R,Purchase,Health,1623947.85,COP,405.99,ATM,SUC-CBL7ISR7,Óptica Visión,Health,Colombia,Barranquilla,Approved,00,False,20.9,,
TRX-6NA8VFHZPO4ZSEK8YEQ1,2026-04-19 04:27:52,2026-04-18,PRD-2CUOFGCVFH63,CLI-TITFBIP90SK1,Deposit,,19011191.43,COP,4752.8,App,,,,Colombia,Cali,Approved,00,False,23.0,,
TRX-PHIPAJD3QM03U4618MV0,2026-04-18 18:21:22,2026-04-18,PRD-2CCYE8LG11YX,CLI-BQIKB0M2QHD6,Payment,Food,47932.4,ARS,136.95,Branch,SUC-VPCJ60UW,,,Argentina,Córdoba,Declined,14,False,11.93,-34.5059066,-58.4636296
TRX-1EZIVDSEFPC3J3KGN4G7,2026-04-18 17:33:32,2026-04-18,PRD-BMR378NQTVF8,CLI-90C5DD9984L7,Transfer,,7222.8,USD,,POS,,,,México,Monterrey,Approved,00,False,11.74,,
TRX-5DI5314BJJCYN28ZSP0Z,2026-04-18 20:05:25,2026-04-18,PRD-FWCK97MLJCB2,CLI-6IRZ4XJ5PPYR,Purchase,Other,245.98,USD,,POS,,Centro Comercial,Other,México,Querétaro,Approved,00,False,2.18,-0.7711792,-0.8156864
TRX-1UKUMQJEOE5154OYFPVT,2026-04-18 13:54:44,2026-04-18,PRD-W7OUP35Z9KAR,CLI-XTL5D392IP6A,Deposit,,2949.95,USD,,POS,,,,México,,Reversed,05,False,23.12,,
TRX-23XVLMQ5GSB2JOLIP1D2,2026-04-19 02:43:25,2026-04-18,PRD-T0NT1VG2UVF0,CLI-S613EQ5IV9Z1,Purchase,,121574.51,ARS,,Web,,Restaurante El Buen Sabor,Food,Argentina,La Plata,Approved,00,False,29.52,,
TRX-K7R6ZP1H04VPQN4L0I9W,2026-04-18 12:46:10,2026-04-18,PRD-2QTB1K5IJRCK,CLI-SQR94GYO0NK7,Purchase,Entertainment,190.82,USD,,ATM,SUC-QVGF07AP,Cine Premium,Entertainment,México,Puebla,Pending,14,False,21.53,0.381373,
TRX-G0JRU0S8X1H21WVDUOHK,2026-04-18 16:27:09,2026-04-18,PRD-X0Y08B2L29B6,CLI-4Y65B7XI2OGO,Transfer,,9494.57,USD,,POS,,,,USA,New York,Approved,00,False,,0.5993519,-0.0745922
TRX-VOR09PWHC4QDOAQ264NE,2026-04-18 14:32:01,2026-04-18,PRD-W53UR2WGPGOT,CLI-DVODALFC27OH,Purchase,Other,1920395.18,COP,480.1,ATM,SUC-A1FLMPEF,,Other,Colombia,Medellín,Approved,00,False,,,
TRX-P0Z0VW7FAF4OT0JPXE13,2026-04-18 17:27:39,2026-04-18,PRD-SE96ZPXFDU9U,CLI-K450PXV716XA,Withdrawal,,1546464.94,COP,386.62,Transfer,,,,Colombia,Medellín,Approved,00,False,,,
TRX-ZEAEI5TE51DULGRWKF4V,2026-04-19 05:45:05,2026-04-18,PRD-3TUCLPXELNN6,CLI-5EDTXD8EF3D0,Transfer,,5055.87,USD,,ATM,SUC-VPCJ60UW,,,Argentina,Buenos Aires,Approved,00,False,,-34.1590515,-57.7541156
TRX-DTDV9ULE0FYLF1Y6QPR1,2026-04-18 20:45:07,2026-04-18,PRD-PYDRDJQ5FP4Y,CLI-GD6HKB4Z7YYU,Purchase,Other,119547.23,ARS,341.56,Branch,SUC-PJ3BSV1X,,Other,Argentina,Rosario,Approved,00,False,16.4,,
TRX-LSIRSH3E8QH3P1QJU2P5,2026-04-18 22:51:00,2026-04-18,PRD-C88ZLZQOSEU6,CLI-DNY8JIMRJ3PB,Deposit,,4189.36,USD,,Web,,,,México,,Approved,00,False,17.71,,
TRX-27JE297NJPEWN4JYAPMS,2026-04-18 13:57:09,2026-04-18,PRD-BLLF55KPCZA4,CLI-RXG8IOMN3KI5,Purchase,Transport,119640.4,ARS,341.83,App,,Uber,Transport,Argentina,Córdoba,Approved,00,False,21.81,,
TRX-WJF40ATE981JPV7NV5J8,2026-04-19 03:59:55,2026-04-18,PRD-BAFTPBL8X9YU,CLI-9Y6V931AUI75,Withdrawal,,84909.48,ARS,242.6,ATM,SUC-7HQXDYLE,,,Argentina,Mendoza,Approved,00,False,17.57,,
TRX-WL4ATY11WO7P77P6BUQ2,2026-04-18 20:19:09,2026-04-18,PRD-VX7UR1V82LSJ,CLI-YHF8JPPXDLZ9,Payment,Services,1741.37,USD,,ATM,SUC-4CNRVPYL,,,México,Guadalajara,Approved,00,False,14.22,,
TRX-IYGCE2O9Z0AXA93HDY4E,2026-04-18 13:16:19,2026-04-18,PRD-Q00WYS35ZMFC,CLI-JEE4CYKYYBGZ,Purchase,Food,92.87,USD,,App,,Super Ahorro,Food,México,Guadalajara,Approved,00,False,5.32,,
TRX-HF7ZVXXCTVJ0ICDTBI4S,2026-04-19 00:20:14,2026-04-18,PRD-P20T6S972SMD,CLI-B2J7V1MHJYZN,Purchase,Health,281.5,USD,,App,,Óptica Visión,Health,México,Puebla,Approved,00,False,17.42,,
TRX-G1EO9D5UAHZ6LBHZ437S,2026-04-18 21:35:54,2026-04-18,PRD-A9OTVEG40784,CLI-FVZTGGCXZFNT,Purchase,Other,144.4,USD,,POS,,Centro Comercial,Other,México,Querétaro,Approved,00,False,15.54,0.5180941,
TRX-8G7M3UQABNNGTCTBSOEQ,2026-04-18 14:43:41,2026-04-18,PRD-ZNHQALTE55BO,CLI-WF72LBEZBGNK,Deposit,,2449.71,USD,,Web,,,,México,Tijuana,Approved,00,False,27.86,,
TRX-PEYP0YW6UZNRG48RIQLU,2026-04-18 10:01:17,2026-04-18,PRD-7YVQEIU6OMGV,CLI-DEZFQPWC6UL6,Transfer,,4928.86,USD,,Web,,,,México,Guadalajara,Approved,,False,11.56,,
TRX-3L8FRUQ6WUVRQ8267JJ9,2026-04-18 17:11:30,2026-04-18,PRD-GHW3LBX3KBPP,CLI-ZVQR8BLP0J2V,Adjustment,,908.55,USD,,Web,,,,México,Monterrey,Approved,00,False,,,
TRX-5P5DE3V5TW47NJOFHCEM,2026-04-18 20:48:30,2026-04-18,PRD-YC68PV52SZFA,CLI-C9LMFJP1MXRM,Withdrawal,,137.22,USD,,ATM,SUC-CJYLJUTF,,,Colombia,Bogotá,Approved,00,False,19.53,-0.1206497,0.2684852
TRX-GP8C8KCU7CDF3FVKV75E,2026-04-18 11:04:47,2026-04-18,PRD-7OUJLA3B3Y5K,CLI-I2EGKBI4811M,Payment,Services,6889000.06,COP,1722.25,App,,,,Colombia,Cartagena,Approved,00,False,13.23,,
TRX-3QIA4MD7VEDTGN2QQY4Z,2026-04-18 22:02:49,2026-04-18,PRD-IXG0KPQ9ZIRT,CLI-SB524YZ0S1EF,Withdrawal,,129.39,USD,,App,,,,México,Puebla,Approved,00,False,29.39,,
TRX-LOQKMHKHKYUL3RWJZ1PV,2026-04-18 13:58:26,2026-04-18,PRD-N3LX5PH493HP,CLI-OALA7LY8AG8A,Purchase,Services,493.31,USD,,Branch,SUC-PJ6NDQ6K,Empresa Telefónica,Services,México,Guadalajara,Approved,00,False,13.34,-0.5825486,0.9316982
TRX-522ZRZJB8RYZB8QTVR1Q,2026-04-18 21:01:27,2026-04-18,PRD-F7O0JIU46JZ3,CLI-7COWRJ6SOUF0,Transfer,,991.27,USD,,POS,,,,México,Monterrey,Approved,00,False,,,
TRX-6AEFODMJEZX9R9L6XWEN,2026-04-18 19:23:31,2026-04-18,PRD-R91GZL3E4KZY,CLI-ZIJEVIFDHXLJ,Withdrawal,,127886.01,COP,31.97,App,,,,Colombia,Cali,Approved,00,False,7.86,,
TRX-G11AXOVDUEBR7PKTAYGH,2026-04-18 19:40:43,2026-04-18,PRD-OWF996FK76GN,CLI-VD7C639Z7O1W,Payment,Entertainment,1440.84,USD,,POS,,,,México,Puebla,Approved,00,False,17.06,,
TRX-SGN6NI10WVSXN7H8DZVZ,2026-04-19 04:41:38,2026-04-18,PRD-0134ITTD15JH,CLI-CPQW0T12XQ6K,Withdrawal,,474.0,USD,,ATM,SUC-UHIX6KQ4,,,México,Querétaro,Approved,00,False,3.84,,
TRX-3GX0E3188RCDBJP1WQAY,2026-04-18 22:51:40,2026-04-18,PRD-THWQ1M6D6DA0,CLI-KH3XDC8H9CZR,Transfer,,4062.84,USD,,ATM,SUC-S3V4CSL0,,,México,Querétaro,Approved,00,False,29.41,,
TRX-3S7FNZ9YDMILAF5AQBK9,2026-04-19 04:04:03,2026-04-18,PRD-KYR9CE71CU7N,CLI-JRI64Y8BONCB,Payment,Other,407.63,USD,,POS,,,,Colombia,Medellín,Approved,00,False,23.94,,
TRX-J6JOYWPHBAXYEHVAN13U,2026-04-18 10:10:32,2026-04-18,PRD-TAYGKIVDE1YZ,CLI-7ELGKQNITHKB,Payment,Services,327619.96,ARS,936.06,POS,,,,Argentina,La Plata,Approved,00,False,0.77,,
TRX-RZ9KGJSRWPEGQ0MHPGWZ,2026-04-19 05:23:13,2026-04-18,PRD-HIJRE7N3G63F,CLI-8LPNWDT2SXS3,Transfer,,22665503.25,COP,5666.38,POS,,,,Colombia,Cali,Approved,00,False,11.11,4.2696749,-74.4964424
TRX-HS88D1EA9KY1MOF4HMCG,2026-04-18 13:54:50,2026-04-18,PRD-MRWW8KGRRAAO,CLI-EXYA7O0K9EWQ,Withdrawal,,1111768.41,COP,277.94,POS,,,,Colombia,Cartagena,Approved,00,False,29.75,,
TRX-R0Y84EJ7Q1W9HPNY6BEU,2026-04-18 17:00:42,2026-04-18,PRD-4GT1XHJPNLCO,CLI-VWQ98YL4J051,Purchase,Entertainment,22142.43,ARS,63.26,App,,,Entertainment,Argentina,Mendoza,Approved,00,False,26.64,,
TRX-017KOSF4XOVVTPWGVR2X,2026-04-18 12:47:02,2026-04-18,PRD-DTGZ7PHHROOY,CLI-LR04WY5UREWC,Deposit,,827811.71,ARS,2365.18,ATM,SUC-5YFUX3Z6,,,Argentina,Mendoza,Approved,00,False,27.49,,
TRX-U6G04LGPRCC7QZZ8O4XJ,2026-04-19 00:27:39,2026-04-18,PRD-C8BUE2VNKNY2,CLI-VVONY31GZSIG,Deposit,,1603669.52,ARS,4581.91,POS,,,,Argentina,Mendoza,Declined,05,False,21.94,,
TRX-VAB7OU4C59KC57RQYWJN,2026-04-19 03:25:02,2026-04-18,PRD-FIG8D79X8DHN,CLI-V75AU8Y764CS,Deposit,,774.73,USD,,App,,,,México,Ciudad de México,Approved,00,False,19.69,,
TRX-05RPWI3IL9A0YUCQUGFN,2026-04-19 02:14:02,2026-04-18,PRD-SJ7QWNW7YBMW,CLI-OEFGC0DPWC03,Deposit,,15196943.99,COP,3799.24,Web,,,,Colombia,Cartagena,Approved,00,False,5.37,,
TRX-J1R3W2JFCL6G3HQ0QKHC,2026-04-18 09:45:45,2026-04-18,PRD-G72FARK7HVSS,CLI-3904INOXEQVF,Withdrawal,,1084906.65,COP,271.23,App,,,,Colombia,Cali,Approved,00,False,18.78,,
TRX-Q787Y6I1GYXK36FDLL4T,2026-04-18 11:24:04,2026-04-18,PRD-XW0FKQOXYUMB,CLI-NH4GGZM34HK0,Deposit,,472.51,USD,,App,,,,México,Guadalajara,Approved,00,False,5.27,,
TRX-N1IBJK0REIGWAUER7DHJ,2026-04-18 14:18:14,2026-04-18,PRD-TI3DWYPTB7TL,CLI-FQ3FRFE1HHTT,Transfer,,3305931.71,ARS,9445.52,ATM,SUC-OJAQW0AJ,,,Argentina,Buenos Aires,Approved,00,False,1.48,,
TRX-C2O7JQUB2HMRJE0SLGRC,2026-04-18 19:32:02,2026-04-18,PRD-WFZU8LMW3INJ,CLI-QE8YP1C1898K,Transfer,,574.89,USD,,Branch,SUC-2Z7NT3UT,,,México,Querétaro,Approved,00,False,0.08,-0.0987221,
TRX-3DCVTLTX39XYK8N0KXXZ,2026-04-19 04:52:24,2026-04-18,PRD-Y4HDT36PXXTS,CLI-0RFS0YXZ98PQ,Transfer,,17302912.62,COP,4325.73,POS,,,,Colombia,Bogotá,Approved,00,False,29.11,4.269573,-73.3016212
TRX-2MAVINTVSII7DGRS012Y,2026-04-18 21:18:49,2026-04-18,PRD-6AU4J6SOBIAL,CLI-OTOVFFMUWVGA,Withdrawal,,406.99,USD,,POS,,,,México,,Approved,00,False,8.08,0.1094257,-0.811957
TRX-3PNV4QLD1M3P3S3U53L9,2026-04-18 13:04:34,2026-04-18,PRD-DA5U92TJ9LRA,CLI-OST8T4UEK1PF,Payment,Food,384.93,USD,,POS,,,,Colombia,Bogotá,Approved,00,False,18.37,,
TRX-NRSUK135LV4SQTVIYEHB,2026-04-18 20:38:59,2026-04-18,PRD-HOGD0OKJ64XK,CLI-0QW8ITXI8M49,Purchase,Food,191.0,USD,,App,,Tienda Don José,,México,Tijuana,Approved,00,False,13.53,,
TRX-3KB90YNJK42AYSLEFJZ5,2026-04-18 13:18:37,2026-04-18,PRD-1OAHQ8P0DCOT,CLI-C5T4H6Y5A0N4,Withdrawal,,1262716.24,COP,315.68,ATM,SUC-U7NNFMS6,,,Colombia,Bogotá,Approved,00,False,29.48,,
TRX-RLYM1LMLC9CR57MB9NDI,2026-04-18 16:39:36,2026-04-18,PRD-TBBR1HBONLQH,CLI-RR40DGZPSWQA,Deposit,,220.34,USD,,App,,,,México,Querétaro,Approved,00,False,13.37,,
TRX-3W2ODCIK5IDQ621PWOJW,2026-04-18 20:52:54,2026-04-18,PRD-ZZJAAKOD1NN7,CLI-WGEM30E9V4ML,Withdrawal,,300.52,USD,,ATM,SUC-IV7HG0FV,,,Colombia,Barranquilla,Approved,00,False,13.85,3.8060578,-74.355218
TRX-5Q5LV0VCY282WJT4J46C,2026-04-18 21:29:12,2026-04-18,PRD-5P4NXP8JSQL0,CLI-3N5BFP2R2C56,Payment,Other,5726051.0,COP,1431.51,POS,,,,Colombia,,Approved,00,False,20.07,,
TRX-NFWKME942CUUEL2FK0XS,2026-04-19 04:58:05,2026-04-18,PRD-9LE1C1ULSVDG,CLI-EAS8S7XV8JWW,Transfer,,3654.34,USD,,App,,,,Argentina,La Plata,Approved,00,False,15.78,,
TRX-ICVD6M2PCJHEQ5DSN5RS,2026-04-18 08:40:30,2026-04-18,PRD-5VCAXULAI9O7,CLI-KQAEADQJ3NOQ,Purchase,Food,103007.93,ARS,294.31,Transfer,,Super Ahorro,,Argentina,,Approved,00,False,10.12,,
TRX-WG63ANTESKM6CLHZMTO2,2026-04-18 11:21:07,2026-04-18,PRD-8ZYED9R6J34Y,CLI-DA8ORU18FGVC,Transfer,,3881.12,USD,,POS,,,,México,Querétaro,Approved,00,False,22.61,,
TRX-WQDKE8S03HSGRA9SYLWY,2026-04-18 17:05:32,2026-04-18,PRD-HCIFD5UT9SZZ,CLI-M4022UHV7HIR,Transfer,,8094.36,USD,,POS,,,,México,Ciudad de México,Approved,00,False,,-0.3260373,0.3937542
TRX-0ONNR08JHLMRA3ZSSCJQ,2026-04-18 18:25:22,2026-04-18,PRD-P0Z01FYTH67D,CLI-OC3TJW9J90FV,Purchase,Transport,481.42,USD,,App,,Estación de Servicio,Transport,México,Puebla,Approved,00,False,15.44,,
TRX-9FFRZZ0FDUL1LUOZEWAM,2026-04-18 15:35:49,2026-04-18,PRD-I0X0FSA8PAN6,CLI-WKGDNDD0K87H,Purchase,Health,614950.17,COP,153.74,Web,,,Health,Colombia,Cartagena,Approved,00,False,17.14,,
TRX-ADPGK56RPSL0JRAGKFCU,2026-04-18 07:45:35,2026-04-18,PRD-BYR7KTV02H5Q,CLI-K1J9B3IREYDW,Purchase,Services,452.68,USD,,ATM,SUC-S49Q0IRI,Internet Plus,Services,México,Guadalajara,Approved,00,False,16.67,0.1360272,0.6966698
TRX-M9O7GT8C7RRNOAI1CTBJ,2026-04-19 01:24:17,2026-04-18,PRD-WI12UU50XQ7F,CLI-9ECMVAHBN9ZO,Withdrawal,,442.29,USD,,Web,,,,México,Guadalajara,Approved,00,False,26.82,,
TRX-4C75CFZUX05DO3CMHQN8,2026-04-18 11:15:40,2026-04-18,PRD-7YL9SQ924UIM,CLI-V5U1XR99F800,Transfer,,798218.74,ARS,2280.62,ATM,SUC-IPX8M3BR,,,Argentina,Buenos Aires,Declined,51,False,21.63,-35.2602646,-57.4569516
TRX-LP4T2OY728JG3DAPW25M,2026-04-18 07:54:40,2026-04-18,PRD-2A7P5SFA326O,CLI-CFZCGM6438N5,Purchase,Health,370.76,USD,,Web,,Laboratorio Central,,México,Ciudad de México,Approved,00,False,,,
TRX-H2JA5AWAQBWHKV8M5K5T,2026-04-19 02:33:00,2026-04-18,PRD-4990Y2DP59J7,CLI-M106UOHFSKSV,Adjustment,,3496874.75,COP,874.22,App,,,,Colombia,Cali,Approved,00,False,22.28,,
TRX-F2TIA3J13MD5Y4JP3XHF,2026-04-18 16:09:53,2026-04-18,PRD-6Y8QAWI3NDFF,CLI-08YIAYDV8919,Transfer,,2993463.63,ARS,8552.75,POS,,,,Argentina,Córdoba,Approved,00,False,,,
TRX-EFCYMJ4MBU4AE23TQMP8,2026-04-19 03:35:42,2026-04-18,PRD-7KWH9AUIKJQM,CLI-KPKO2HIF7WNZ,Purchase,Entertainment,255.33,USD,,App,,Cine Premium,Entertainment,México,Monterrey,Approved,00,False,,,
TRX-GNNMM301G4Y6CKH2DC7I,2026-04-18 23:49:07,2026-04-18,PRD-NXJLY7H5NV6I,CLI-VX0UC6VILI0U,Withdrawal,,1670101.41,COP,417.53,ATM,SUC-YAQTMQ56,,,Colombia,Cartagena,Approved,00,False,,5.05406,
TRX-F572R9PJW6H3EMA2KERC,2026-04-18 12:48:11,2026-04-18,PRD-7G9DADL6LKYQ,CLI-O3IJWZZSTXBY,Payment,Food,799.92,USD,,ATM,SUC-M3Y8BT51,,,México,Puebla,Approved,00,False,17.27,,
TRX-KJKMCFBIQ7870ACPIAD4,2026-04-18 17:14:58,2026-04-18,PRD-2J7L50KO4D67,CLI-K92OHXPRBIAQ,Payment,Food,282.62,USD,,App,,,,México,Monterrey,Approved,00,False,9.3,,
TRX-LJUZ9ZDC9ONMQWTXBATL,2026-04-18 21:31:30,2026-04-18,PRD-VN270Q0YDJKU,CLI-43T5QOEJ0NZU,Deposit,,123235.43,ARS,352.1,App,,,,Argentina,,Approved,00,False,7.94,,
TRX-6ZLZ3WGQB9AM0M0ODQLY,2026-04-18 16:34:06,2026-04-18,PRD-U4B0LHGIATOA,CLI-Y4CRQW1Y2SO9,Purchase,Entertainment,234.22,USD,,POS,,Cine Premium,Entertainment,México,Puebla,Reversed,54,False,,,
TRX-JUDDYTSWQ6FWTMLXAJEF,2026-04-18 09:12:08,2026-04-18,PRD-PKTIXRIEPBTY,CLI-OD9BAFYFPUKM,Withdrawal,,1663551.84,COP,415.89,App,,,,Colombia,Medellín,Approved,,False,13.96,,
TRX-JCVT7FQBURKXIDDG3FNU,2026-04-18 11:18:33,2026-04-18,PRD-UOT4HHVF2PWT,CLI-5S973XIH4TO2,Purchase,Health,1728146.0,COP,432.04,ATM,SUC-2LW7L4Y3,Clínica Médica,Health,Colombia,Barranquilla,Approved,00,False,13.37,5.1391376,-74.7667115
TRX-7KKWR6UZ6UXJBV1SZ5XV,2026-04-19 00:17:36,2026-04-18,PRD-LL2EI2SNMCSH,CLI-10ZOFX1NC0DQ,Deposit,,14321182.36,COP,3580.3,Web,,,,Colombia,Bogotá,Declined,14,False,10.86,,
TRX-CVDXO1APBRHZD367PO7V,2026-04-18 08:02:36,2026-04-18,PRD-LHK0DODHRTQ6,CLI-UMOPX7GWDS8D,Purchase,Transport,13.46,USD,,ATM,SUC-6IDFK4L9,Gasolinera Express,,México,Tijuana,Approved,00,False,1.31,,
TRX-6GVQLSQ2P19GYKRA7NI5,2026-04-18 11:57:10,2026-04-18,PRD-V22CU4ZYQGJZ,CLI-6HX4RRUHJLRX,Adjustment,,174.37,USD,,ATM,SUC-SCFDICUT,,,México,Puebla,Approved,00,False,5.47,,
TRX-SGCRG6JW6SCG2JZQE8PP,2026-04-18 14:53:37,2026-04-18,PRD-CJ0624PPAJ5I,CLI-G1E0H7Z9O116,Purchase,Other,29217.43,COP,7.3,ATM,SUC-84HXKY7Q,Ferretería,Other,Colombia,Cartagena,Approved,00,False,1.39,,
TRX-JHW7988YP5443DPS1UQV,2026-04-18 23:43:43,2026-04-18,PRD-79BOZLNXKLJI,CLI-SE3XZ2NUHJ8T,Purchase,Services,1521002.05,COP,380.25,App,,Cable TV,Services,Colombia,Cali,Declined,54,False,16.0,,
TRX-7O1ACPMJKYY9GSRQL8C1,2026-04-19 03:24:41,2026-04-18,PRD-P05MFJG71IIC,CLI-06UYCDIQD3S2,Deposit,,1974.44,USD,,Web,,,,México,Tijuana,Approved,00,False,,,
TRX-V0NKBBX7ZRIOW74G94RQ,2026-04-18 17:58:25,2026-04-18,PRD-ULV68BGPVDGQ,CLI-BX2CD5P28BZP,Payment,Entertainment,426584.21,ARS,1218.81,ATM,SUC-EHE8V9YO,,,Argentina,Rosario,Approved,00,False,,,
TRX-RS8ZK9K66UEHN0Y71MIV,2026-04-18 15:48:58,2026-04-18,PRD-M3CVBVWRZ6D5,CLI-174HGZESW4VK,Withdrawal,,83651.01,ARS,239.0,App,,,,Argentina,Mendoza,Approved,00,False,2.58,,
TRX-QIR5HX6V13VJYQE94E7H,2026-04-19 03:00:12,2026-04-18,PRD-9L4TC20WOFJZ,CLI-87CDWVTV2E8E,Purchase,Other,138.85,USD,,ATM,SUC-UBOAYTJG,Centro Comercial,Other,México,Puebla,Approved,00,False,12.01,,
TRX-98VSW5YA5Y9DHQXGD2QM,2026-04-18 06:25:36,2026-04-18,PRD-EUVLJWU5K9G3,CLI-ZN9K3HSHW430,Transfer,,1346026.2,ARS,3845.79,POS,,,,Argentina,Mendoza,Approved,00,False,23.87,,
TRX-FTQS7HF0VSH9JLZR1RQV,2026-04-18 13:31:19,2026-04-18,PRD-F41QD6TM2Y2J,CLI-8UL1JB7VMWNJ,Purchase,Services,762142.07,COP,190.54,POS,,Servicios Públicos,Services,Colombia,,Approved,00,False,9.55,3.8751434,-74.2237712
TRX-CHUKJHBLWFECRA92H8VQ,2026-04-18 14:00:21,2026-04-18,PRD-I591NV7P0EQA,CLI-GY79BWR0XMUM,Purchase,Services,311239.12,COP,77.81,Web,,Internet Plus,Services,Colombia,Cali,Approved,00,False,20.59,,
TRX-H1R5VD84A3WUB68T6CV8,2026-04-18 22:29:32,2026-04-18,PRD-9S58AZZN5NPL,CLI-6VBYIW5RPOHT,Purchase,Health,413.36,USD,,Web,,Laboratorio Central,Health,México,Tijuana,Approved,00,False,1.87,,
TRX-CGLXG6R69U73IRX7W1SJ,2026-04-18 23:34:42,2026-04-18,PRD-34T5C2FCBKDP,CLI-3UNGGCZEH4AN,Payment,Services,6306558.44,COP,1576.64,POS,,,,Colombia,Cali,Approved,00,False,,,
TRX-IQXQAX7KOT6G43V5WT4E,2026-04-19 00:52:57,2026-04-18,PRD-WI6UJMM4FS4R,CLI-SNPAQYVN2YBE,Purchase,Services,67.3,USD,,Web,,Servicios Públicos,Services,México,Monterrey,Approved,00,False,7.41,,
TRX-3MML4JKN35OYLS8SC76W,2026-04-18 12:26:14,2026-04-18,PRD-0VH0SCVT8HTK,CLI-KVAPRDXZAQ2S,Purchase,Entertainment,66633.53,ARS,190.38,ATM,SUC-2T5PUX8Q,Cine Premium,Entertainment,Argentina,,Approved,00,False,,-34.3489738,-57.6150091
TRX-7HWRGA9OFA7CT1DUR20T,2026-04-18 23:47:58,2026-04-18,PRD-9KEHL9MUG51P,CLI-V5MH5AM84ENB,Purchase,,478.37,USD,,App,,Cine Premium,Entertainment,México,Monterrey,Approved,00,False,5.15,,
TRX-FCRSJSX05QBOUGHG82ML,2026-04-19 00:36:17,2026-04-18,PRD-PY5RD9IND1CV,CLI-HRMSBSAU2Q83,Deposit,,1289171.78,ARS,3683.35,POS,,,,Argentina,Córdoba,Approved,00,False,9.61,,
TRX-LRDLKJ9V943928ITJ2JC,2026-04-18 12:53:50,2026-04-18,PRD-6940DATMAX2W,CLI-FSOBUN96SZX6,Withdrawal,,368.36,USD,,Web,,,,México,Querétaro,Approved,00,False,24.63,,
TRX-G7VWKSWJEK0JR3UXETE8,2026-04-18 15:41:30,2026-04-18,PRD-Q5VO76YMW0V0,CLI-VTOA50Z1A9Z7,Transfer,,1888.56,USD,,App,,,,México,Querétaro,Approved,00,False,27.29,,
TRX-J23H6VXQM6OGTXYJTZYI,2026-04-19 02:17:14,2026-04-18,PRD-JF739S4J64GY,CLI-GPLCBKXVGLH2,Deposit,,302.21,USD,,App,,,,México,Puebla,Approved,00,False,9.15,,
TRX-8GZDBJM3ELREFPEZCO85,2026-04-18 18:10:34,2026-04-18,PRD-6SKT7G7HZWRK,CLI-KTO7TB6TZCCR,Purchase,Other,491.66,USD,,POS,,Ferretería,Other,México,Querétaro,Approved,00,False,26.64,,
TRX-14WTTMCVIC1PZRYAIIL4,2026-04-18 09:19:34,2026-04-18,PRD-C6JU9CL60MRW,CLI-0VZ1NPCHCUBS,Withdrawal,,239.41,USD,,ATM,SUC-ISVYMZP9,,,Argentina,Rosario,Approved,00,False,24.06,,
TRX-RBLAQ2BDL0K7MGKK9WQB,2026-04-19 03:13:50,2026-04-18,PRD-5IUOD5KW4TTS,CLI-EOM1M6VCJARO,Purchase,Services,419.46,USD,,Branch,SUC-2NNWC3AV,Internet Plus,Services,Colombia,Medellín,Approved,00,False,14.95,,
TRX-BCPQCO0PC99EI5OZLPKA,2026-04-19 03:44:31,2026-04-18,PRD-JLCBN0M1GIQ5,CLI-KUFT3VLZ3RTV,Transfer,,5606.17,USD,,POS,,,,México,Guadalajara,Approved,00,False,26.13,,
TRX-GKU6T287NZKSUARN4NBJ,2026-04-18 23:32:41,2026-04-18,PRD-GF70G9AKNP1E,CLI-2NL5JB6Z3KWX,Withdrawal,,305.33,USD,,POS,,,,México,Tijuana,Approved,00,False,1.23,,
TRX-EDMZ5QWC4B0FCM40MWVI,2026-04-19 02:13:44,2026-04-18,PRD-RMQUKY8UMBPW,CLI-E5O50DAXUR5M,Adjustment,,55448.27,ARS,158.42,POS,,,,Colombia,Medellín,Pending,51,False,,-35.136504,-59.2121781
TRX-CY2KCJCCDV0OCGFIBKL9,2026-04-18 23:16:41,2026-04-18,PRD-TUN3ILVGNH8C,CLI-QAM3LFWJZS72,Purchase,Food,440.83,USD,,App,,,Food,México,Ciudad de México,Approved,00,False,,,
TRX-46D5Z9LHKP9VBUL3UJTR,2026-04-19 05:32:16,2026-04-18,PRD-M9X6RTCW4994,CLI-QJRTFSPP0GJG,Withdrawal,,267395.9,COP,66.85,ATM,SUC-E5CCM8ZI,,,Colombia,Bogotá,Pending,54,False,13.76,3.73631,-74.1849683
TRX-610D5ZHAP4R9TAIPJCNI,2026-04-18 23:20:46,2026-04-18,PRD-F0U7T1C0A6R0,CLI-P8SRI0QMWF8H,Transfer,,3898.86,USD,,App,,,,Colombia,Bogotá,Approved,,False,7.31,,
TRX-2ISJWNLH8IRD3LVJ7DY7,2026-04-18 08:29:45,2026-04-18,PRD-0IZQQFY4FDGM,CLI-LE26OSSYHHAM,Adjustment,,171704.14,ARS,490.58,POS,,,,Argentina,Córdoba,Approved,00,False,,,
TRX-V9XQWQTTMV4QV52M9SH1,2026-04-18 19:40:42,2026-04-18,PRD-IWI5HQKBE2BP,CLI-NMWZYK7JU7EG,Withdrawal,,391527.32,COP,97.88,POS,,,,Colombia,Bogotá,Approved,00,False,13.48,5.3950152,-73.0894968
TRX-U7Y1012NH2JBSWXAT3YG,2026-04-18 10:05:17,2026-04-18,PRD-YZB7JDFOXBBR,CLI-6LYSD8TAAPJJ,Transfer,,3855.4,USD,,ATM,SUC-CJYLJUTF,,,México,Tijuana,Approved,00,False,14.77,,
TRX-31OP76EOCE0JBYCM7BMO,2026-04-18 23:26:38,2026-04-18,PRD-7090W1IVUM9V,CLI-Y7L53UOL2G52,Withdrawal,,41.1,USD,,ATM,SUC-4ML8OJM1,,,México,Guadalajara,Approved,00,False,8.43,0.7430742,0.8215675
TRX-WS84ATOIB9CRVHIRXP0H,2026-04-18 12:44:50,2026-04-18,PRD-91ZIO7I6GEJS,CLI-2B1QDLINMVVK,Payment,Entertainment,3771099.34,COP,942.77,Branch,SUC-WH83BE50,,,Colombia,Medellín,Approved,00,False,29.66,3.8972635,-73.4581227
TRX-XHGN76M7TL3QDJWM32HN,2026-04-18 21:59:45,2026-04-18,PRD-H39V8BV973QZ,CLI-V1F4G7JTQW3N,Transfer,,30949368.69,COP,7737.34,ATM,SUC-P6VSAH4U,,,Colombia,,Approved,00,False,7.95,,
TRX-SVGW1Z1OEORSMZF86ZTX,2026-04-19 00:29:03,2026-04-18,PRD-WPAOXYREUYZF,CLI-P4WZLFSWIM1U,Payment,Entertainment,226.49,USD,,ATM,SUC-E4V48SY3,,,México,Ciudad de México,Approved,00,False,0.46,,
TRX-RLS5MG1FOIN3TN0WYWC7,2026-04-18 09:46:13,2026-04-18,PRD-0VWMT3YFBJ85,CLI-M4PDB4KVVNA3,Withdrawal,,94447.84,ARS,269.85,Branch,SUC-HYTTI82L,,,Argentina,Mendoza,Approved,00,False,,,
TRX-R4ZERCWXVG2LW91HVDZX,2026-04-18 08:45:06,2026-04-18,PRD-IGV9CC2ISL46,CLI-FYE86XXKNJE7,Withdrawal,,164877.7,ARS,471.08,POS,,,,Argentina,Buenos Aires,Approved,00,False,4.25,,
TRX-6U04627PP5RC3OQNFTPI,2026-04-18 12:02:51,2026-04-18,PRD-ONP1N6KJVHCP,CLI-992Z9X17H992,Payment,Services,106.66,USD,,App,,,,México,Ciudad de México,Reversed,14,False,16.55,,
TRX-8CMUQ3S7S3YKKL344XY5,2026-04-18 10:06:20,2026-04-18,PRD-0V0K9V4WQ750,CLI-BPIUPTA0XMX8,Purchase,Services,369.89,USD,,ATM,SUC-VTIA5X8Y,Servicios Públicos,Services,México,Puebla,Approved,,False,10.72,-0.0774578,0.4446695
TRX-ECLSWCYXT9MA0PN3Y2I1,2026-04-19 01:27:21,2026-04-18,PRD-LZU61J9AEDKI,CLI-WH12DWMCBS4W,Payment,Other,7700885.42,COP,1925.22,App,,,,Colombia,Bogotá,Approved,00,False,5.84,,
TRX-JJWEX22LBZ6HQPJUVJGT,2026-04-18 23:48:57,2026-04-18,PRD-LCBRVJUWYV0C,CLI-VET3BBDOKF3F,Transfer,,9481.75,USD,,ATM,SUC-F03D129S,,,México,Querétaro,Approved,00,False,1.27,,
TRX-8EGWTD8S7O21Y2F81GBO,2026-04-19 01:26:17,2026-04-18,PRD-DGO6LM90L4JP,CLI-090J2HTNVXSJ,Deposit,,768.81,USD,,App,,,,México,Tijuana,Approved,00,False,28.11,,
TRX-HR0IGDP3JMAKTI789HOT,2026-04-18 06:07:19,2026-04-18,PRD-TW2BQKWPTX4M,CLI-4OG5D2QCTM8W,Payment,Health,845.17,USD,,POS,,,,Colombia,Medellín,Approved,00,False,25.01,,
TRX-2A00ZWZDQ5XUNGZVDFD4,2026-04-18 21:12:54,2026-04-18,PRD-YG94WXMIRSG5,CLI-VKDYPP78CCQD,Purchase,Health,228.35,USD,,POS,,Laboratorio Central,Health,México,Ciudad de México,Approved,00,False,,-0.4210171,0.059393
TRX-I387HBX629CIS6UVDFRK,2026-04-18 07:47:20,2026-04-18,PRD-TBOGTOTEB2R1,CLI-U6IVN92W0KBK,Payment,Services,1435.86,USD,,App,,,,Argentina,Córdoba,Approved,00,False,7.25,,
TRX-ZHSKM3ADTJQ6M2H4UEBD,2026-04-18 11:07:42,2026-04-18,PRD-MJJOV6F6MQLC,CLI-AV62W90DWF0U,Purchase,Food,852476.35,COP,213.12,POS,,Tienda Don José,Food,Colombia,Cali,Declined,51,False,6.68,,
TRX-19NCZ207L3BS64RPJQDG,2026-04-18 12:08:21,2026-04-18,PRD-FS3V41DGLNQA,CLI-PO8JKEYHRKD3,Deposit,,2982.85,USD,,ATM,SUC-DN1V9J1Z,,,México,Puebla,Approved,00,False,9.76,,
TRX-75UYY3DMY6GWSAVU4AEG,2026-04-18 14:16:38,2026-04-18,PRD-0J4SXB5M66FY,CLI-WBNLTG1A6S7Q,Transfer,,2811.79,USD,,Web,,,,México,Tijuana,Approved,00,False,,,
TRX-X78QSG5EKEZUYWOBFF5H,2026-04-18 09:14:07,2026-04-18,PRD-M971325C74JL,CLI-PJ3EP5KVCWGA,Withdrawal,,80.14,USD,,POS,,,,México,Puebla,Approved,00,False,4.79,,0.8696462
TRX-DVXZW15VJ628S40XDLDE,2026-04-18 18:32:33,2026-04-18,PRD-QHYZXJTT08BL,CLI-XPHZOO6JYMZC,Adjustment,,336.77,USD,,ATM,SUC-JD6LDRA8,,,México,Querétaro,Approved,00,False,13.18,,
TRX-MBK9P4665F63DH52HJNR,2026-04-19 04:07:40,2026-04-18,PRD-JHJ5CJEM7LR1,CLI-SXU8GAW2ZNG7,Withdrawal,,1494146.29,COP,373.54,POS,,,,Colombia,Cali,Approved,00,False,21.49,,
TRX-AI2SS8G9506NFG0XFL33,2026-04-18 09:22:00,2026-04-18,PRD-975B8ISRX6WB,CLI-5S1T4MRVG0QJ,Deposit,,3301.35,USD,,ATM,SUC-9L4T3P44,,,México,Querétaro,Approved,00,False,,0.7570182,-0.8763236
TRX-0291CUGGSMHO4HVJDKKZ,2026-04-18 06:20:53,2026-04-18,PRD-1A2B46HAWNLT,CLI-A5F1C6FOOIXF,Transfer,,483497.05,ARS,1381.42,ATM,SUC-FXWYIOXF,,,Argentina,Mendoza,Approved,00,False,15.83,,
TRX-1KT51BUDTDWYFZA4CBI7,2026-04-18 18:58:30,2026-04-18,PRD-KQUKNJLF3A9A,CLI-HS2FKPX2VZC2,Transfer,,5059.8,USD,,App,,,,México,Tijuana,Approved,00,False,7.65,,
TRX-FNLG1XHZI4Y5MOSOI0H4,2026-04-18 09:33:26,2026-04-18,PRD-6V0J98LZP2JS,CLI-XLPZ4P33RAMS,Transfer,,709.41,USD,,ATM,SUC-4XKHST63,,,México,,Approved,,False,5.82,0.5933935,0.7006114
TRX-17QXBG3ODHJHRZTUEIVY,2026-04-18 17:50:39,2026-04-18,PRD-AR04FU46LG2O,CLI-TG39GO2SGU3P,Deposit,,891045.08,ARS,2545.84,POS,,,,Argentina,Rosario,Approved,00,False,11.43,,
TRX-Z39Z98MGZBNEIGWONKZH,2026-04-18 06:49:45,2026-04-18,PRD-7115U68IW7E0,CLI-6LQADI33D3A6,Payment,Transport,1888.4,USD,,POS,,,,Colombia,Cartagena,Approved,00,False,18.47,4.4286431,-73.5013501
TRX-TQNES2KD6VLK3JRGVERQ,2026-04-18 17:54:44,2026-04-18,PRD-64TVSO5PJAL8,CLI-G6MWMQTKZHEI,Payment,Other,743.71,USD,,App,,,,México,Guadalajara,Approved,00,False,21.2,,
TRX-21UC5PP10FPYHOZ6ZHT4,2026-04-19 01:50:27,2026-04-18,PRD-9ELC7MF8K1PE,CLI-4WZSXRI4ODSA,Deposit,,13296448.11,COP,3324.11,ATM,SUC-84HXKY7Q,,,Colombia,Cartagena,Approved,00,False,18.36,,
TRX-OD4K8O2OCCWJ96HO4QU6,2026-04-18 09:51:14,2026-04-18,PRD-V9B7B8XU6M60,CLI-TSGTUJ7ZTEZU,Deposit,,2088.9,USD,,ATM,SUC-VTIA5X8Y,,,México,Guadalajara,Approved,00,False,10.83,,
TRX-KIU5ZL8EFFJ02RTS45H6,2026-04-18 15:49:24,2026-04-18,PRD-S3R6IY0SN7A1,CLI-BSN1NUR06SBA,Purchase,,1472793.91,COP,368.2,App,,Boutique Moda,Other,Colombia,Bogotá,Approved,00,False,14.8,,
TRX-CR29APF3Y7NEBRF2RWEK,2026-04-18 21:50:53,2026-04-18,PRD-QP9ZEAVWC57N,CLI-XONV8VL7OKSY,Purchase,Services,421.98,USD,,Branch,SUC-QVGF07AP,Servicios Públicos,,México,Ciudad de México,Approved,00,False,,,
TRX-4ZBZES88TPH0XYJIWHA6,2026-04-18 13:38:34,2026-04-18,PRD-PCWIEK59XYVP,CLI-BYOS10EI6P4I,Deposit,,884.65,USD,,App,,,,México,Tijuana,Approved,00,False,28.72,,
TRX-RHOHL3H5WPBRNW1VWE5N,2026-04-18 19:17:12,2026-04-18,PRD-YA49IBBMXHOX,CLI-K475P7BLP7V0,Withdrawal,,556239.42,COP,139.06,ATM,,,,Colombia,Cali,Approved,,False,14.64,5.107146,-74.4594365
TRX-L1TRWBJB6Y83OGM70OMF,2026-04-19 03:33:10,2026-04-18,PRD-90BWSDXNYKOV,CLI-2HK8YO5M9KBU,Purchase,,216.3,USD,,Web,,Tienda Don José,Food,México,Querétaro,Approved,00,False,8.48,,
TRX-2HGHMBPOMV283TC9KS66,2026-04-18 13:00:00,2026-04-18,PRD-3GIJUMXB0YJT,CLI-DR1FENW6OZL2,Purchase,Transport,217.95,USD,,POS,,Taxi Seguro,Transport,México,,Approved,00,False,,,
TRX-VP1IZ6QWPBU3Z2OLCGKP,2026-04-18 12:31:32,2026-04-18,PRD-YU34HKXIRD5I,CLI-457E67QJEB07,Purchase,,468.94,USD,,App,,Clínica Médica,Health,México,Guadalajara,Approved,00,False,20.1,,
TRX-IJFSJVVTE8IARWYW79VN,2026-04-18 09:54:07,2026-04-18,PRD-VUJEEJ3QSB9U,CLI-35GEA5LN4OK3,Withdrawal,,393.82,USD,,POS,,,,México,Ciudad de México,Approved,00,False,3.21,,
TRX-RNMUPDNH2DER7JTWE2O4,2026-04-18 20:11:29,2026-04-18,PRD-7MXCJKLWT8CK,CLI-9JUMUGHCFI8T,Transfer,,4274.05,USD,,POS,,,,México,Puebla,Approved,00,False,,,0.7162611
TRX-0FG6RGT464DK4MD57FVD,2026-04-18 09:56:38,2026-04-18,PRD-3B3TN064SRJD,CLI-7K4VMX9A7SDR,Adjustment,,102.03,USD,,ATM,SUC-LBPQUZ4D,,,México,Tijuana,Approved,00,False,,,
TRX-JEYH87BCXVJACJCH9BH9,2026-04-18 12:22:02,2026-04-18,PRD-7LQ4JT6MYIY4,CLI-WCJMAS5OJ4GM,Payment,Health,4052238.81,COP,1013.06,POS,,,,Colombia,Barranquilla,Approved,00,False,9.4,,
TRX-RVJHRPVE1CKHBO5ER6Y4,2026-04-18 17:07:42,2026-04-18,PRD-89WYGTV0XFA4,CLI-8X84SI3STSFM,Payment,Other,1649.04,USD,,POS,,,,México,Guadalajara,Approved,00,False,,,
TRX-PGK4YM8GLPZ2LSZZUP4X,2026-04-18 12:34:37,2026-04-18,PRD-EI5JUDXOYUPT,CLI-AXP7VGVV5EN5,Payment,Food,7338805.93,COP,1834.7,Web,,,,Colombia,Cartagena,Approved,00,False,10.09,,
TRX-IXXKUMNVN6IHRY7X1KFC,2026-04-19 04:53:45,2026-04-18,PRD-AIXBF5ER2J04,CLI-FX7QRU1JYASZ,Deposit,,15083011.13,COP,,App,,,,Colombia,,Approved,00,False,20.23,,
TRX-LYRN33WYV94QB6PTW6L4,2026-04-19 03:39:56,2026-04-18,PRD-7PP0FFZ0OQH8,CLI-AIFD9YB9CXTI,Payment,Health,573760.45,ARS,,App,,,,Argentina,Buenos Aires,Approved,00,False,25.0,,
TRX-T9PDM0Y3HJ37SFNPF5H5,2026-04-18 21:21:39,2026-04-18,PRD-PXQL8WKOKWS3,CLI-KDBF02HWXPA7,Payment,Food,6082061.96,COP,1520.52,POS,,,,Colombia,Bogotá,Approved,00,False,,4.1576909,-73.327193
TRX-NKGCVBNTP71M38JQ8CS8,2026-04-18 15:08:39,2026-04-18,PRD-S07IGYN6G125,CLI-B3PD6PH2KJGM,Deposit,,18761425.13,COP,4690.36,ATM,SUC-5NGX1P46,,,Colombia,Bogotá,Approved,00,False,,,
TRX-F4SB6LH6PIMVRXFBX5UL,2026-04-18 09:29:33,2026-04-18,PRD-PCV6FNEYVVHD,CLI-IH3M6TJKHRCK,Payment,Entertainment,79618.54,ARS,227.48,ATM,SUC-VPCJ60UW,,,Argentina,La Plata,Approved,00,False,,-34.0309347,-57.6677659
TRX-NMN6XNRPKUPUA1YZAREH,2026-04-18 09:55:13,2026-04-18,PRD-OEB9M33WMLQT,CLI-E79QDWA6QKBN,Payment,Entertainment,55678.07,ARS,,App,,,,Argentina,Mendoza,Approved,00,False,6.31,,
TRX-V7MKQAC2NJEUR8ZVUGZK,2026-04-18 16:16:25,2026-04-18,PRD-ZLEYFCUOSC61,CLI-2MAUUZWC2I65,Transfer,,23361443.02,COP,5840.36,Branch,SUC-H2ROE7C8,,,USA,Miami,Approved,00,False,26.2,,
TRX-XY1FIB4M6V6FE0RTFLNU,2026-04-19 02:51:39,2026-04-18,PRD-58UFOL9T3MZ1,CLI-DP5QCPV37PBK,Purchase,Food,61028.34,ARS,174.37,POS,,Mercado Central,Food,Argentina,La Plata,Approved,,False,26.33,,
TRX-XI1JVUYMA5O9JDTXY3M9,2026-04-19 05:16:03,2026-04-18,PRD-UY09HDJYFXGO,CLI-3GYRJCRWKEN5,Transfer,,9031.03,USD,,ATM,SUC-WSUW783S,,,México,Tijuana,Approved,00,False,,0.0497638,-0.4190375
TRX-HBPZJO37PO1FKA93T05X,2026-04-19 01:57:37,2026-04-18,PRD-MPR9OCAEULTM,CLI-ENJIGG1MRHAJ,Purchase,Entertainment,387.84,USD,,POS,,Teatro Nacional,Entertainment,México,Monterrey,Approved,00,False,,,
TRX-C6U6JVOHH3A36G6CKMNJ,2026-04-19 02:18:48,2026-04-18,PRD-D3CK88ITCBOZ,CLI-S1OMSGV8DU9W,Withdrawal,,41131.99,ARS,117.52,App,,,,Argentina,,Approved,00,False,14.05,,
TRX-B0LUHHUDTMNU1FO2B4AQ,2026-04-18 17:46:32,2026-04-18,PRD-PCCD2SIJRU58,CLI-CPJCBJI551E8,Deposit,,1062.11,USD,,Web,,,,México,Querétaro,Approved,00,False,22.47,,
TRX-6ICE18ZO9B34ENDM7CZF,2026-04-18 16:18:18,2026-04-18,PRD-J5KMKKU1B08Y,CLI-XFI5TSXHDFYC,Deposit,,13528965.76,COP,3382.24,ATM,SUC-EXKJNP13,,,Colombia,,Approved,00,False,,,
TRX-0JS2S5IQOAGLZ704JZQI,2026-04-18 11:37:50,2026-04-18,PRD-VOY9H4XZ1MW8,CLI-ZKLM6YBB2BZP,Deposit,,3496.02,USD,,App,,,,México,Ciudad de México,Approved,00,False,11.78,,
TRX-HZ4RFA05D6QWQWT5B18G,2026-04-18 07:44:34,2026-04-18,PRD-QD6VS85887XC,CLI-KTCDMC4YUL7Q,Adjustment,,97685.14,ARS,,ATM,SUC-K32WS6T0,,,Argentina,Córdoba,Approved,00,False,0.48,,
TRX-A8QBOZSETQD15V9LBP13,2026-04-18 20:58:05,2026-04-18,PRD-TASL59WLJSAA,CLI-G6DLCZ2D1NQM,Purchase,Entertainment,70.06,USD,,Transfer,,Cine Premium,Entertainment,México,Ciudad de México,Approved,00,False,,,
TRX-V6A81RZZWX8FXPCEA1G9,2026-04-19 03:46:24,2026-04-18,PRD-05E97HSIP9BT,CLI-3KN7W7EJYZR0,Payment,Other,4596323.1,COP,1149.08,ATM,,,,Colombia,,Approved,00,False,,,
TRX-NFSK6DDLMBDW4Z079LQJ,2026-04-18 17:30:20,2026-04-18,PRD-W58O8UED8M58,CLI-PPI9L1KDH8JL,Transfer,,23177501.99,COP,5794.38,Web,,,,Colombia,Bogotá,Approved,00,False,23.52,,
TRX-A62MLDFJLXST7TKUAZTM,2026-04-18 06:51:36,2026-04-18,PRD-1QQ628E2SIDN,CLI-YXMN25YEYCOP,Purchase,Transport,161747.41,ARS,462.14,App,,Estación de Servicio,Transport,Argentina,,Approved,00,False,19.68,,
TRX-XP7LFPLJVNBHM87DNANJ,2026-04-18 09:11:43,2026-04-18,PRD-XJX40N53Y8FN,CLI-YTWBOICKVSNN,Deposit,,2467.27,USD,,POS,,,,México,Ciudad de México,Approved,00,False,,,
TRX-2K1Z99OHHDOWJ5EN8GHG,2026-04-18 13:01:26,2026-04-18,PRD-2L8TIBCN9KYB,CLI-TFUSFBHT7HE4,Withdrawal,,247.61,USD,,Branch,SUC-KUOJDQSO,,,México,Tijuana,Approved,00,False,9.14,-0.7939442,0.5355479
TRX-28NO8CQ4UKYV3JQFSDAH,2026-04-18 23:55:12,2026-04-18,PRD-EYYIREABWKXU,CLI-22S778XTT8PY,Withdrawal,,260.37,USD,,POS,,,,México,,Approved,00,False,19.1,,
TRX-FJG9M9I8SETR2V2BA37P,2026-04-19 05:13:10,2026-04-18,PRD-IE0QOVYMUSKR,CLI-ACE47VVWXJ7Q,Purchase,Services,388288.57,COP,97.07,POS,,Empresa Telefónica,Services,Colombia,Bogotá,Approved,00,False,,,
TRX-NW66QPPVG8H26KNTM3XU,2026-04-18 06:00:49,2026-04-18,PRD-4HPFFVK45ZBB,CLI-5ASUOPXBPQLA,Payment,Services,1311.43,USD,,ATM,SUC-RNIHGBDP,,,Argentina,Rosario,Approved,00,False,5.15,,
TRX-BD9K5J3IRMXXRENM7AJ6,2026-04-19 03:49:27,2026-04-18,PRD-I6WCWG1SZBKZ,CLI-GW2JN6IO1NI9,Deposit,,898884.95,ARS,2568.24,POS,,,,Argentina,Córdoba,Approved,00,False,2.44,,
TRX-6GB2OLTJ8GIUBYD39XAD,2026-04-18 21:22:01,2026-04-18,PRD-TB4MDW34PXSV,CLI-JH3Y1T196AGE,Withdrawal,,464.77,USD,,ATM,SUC-MSYTX2WG,,,Colombia,Medellín,Approved,00,False,21.35,,
TRX-GWPNGUR2VPTSTIDFB0BE,2026-04-18 20:18:33,2026-04-18,PRD-NAUJ8OSKJIKT,CLI-YLGME1VC0H37,Payment,Other,971.97,USD,,Branch,,,,México,Guadalajara,Approved,00,False,,,
TRX-R5J0EEF5UD8CMLNPKO5Q,2026-04-18 22:12:24,2026-04-18,PRD-DJHPAP1OH2U0,CLI-TSWEXLHSGA78,Transfer,,7252.1,USD,,POS,,,,México,Ciudad de México,Approved,00,False,19.77,0.9688714,-0.1501683
TRX-DQIRTTNV8YSQVZMD2KVU,2026-04-19 01:52:03,2026-04-18,PRD-NJKE5IK2XOYX,CLI-JVCG2P8G5UDG,Purchase,Services,114.14,USD,,Branch,SUC-QL08OUL0,Servicios Públicos,Services,México,Tijuana,Approved,00,False,0.84,,
TRX-ITTQ7PG3GI4PW6UV1LWF,2026-04-18 14:03:55,2026-04-18,PRD-F5FO0SCC6BYN,CLI-SHK3ILFDTQNE,Payment,Entertainment,680935.61,ARS,1945.53,POS,,,,Argentina,,Approved,00,False,20.58,-34.3301188,-57.6122693
TRX-W5W0XRSVVYXKPCUKGO6N,2026-04-18 15:00:56,2026-04-18,PRD-JH2X45IJKU7C,CLI-GQIS219TM4WO,Withdrawal,,296.8,USD,,Branch,SUC-9DE11KDA,,,México,Tijuana,Approved,00,False,26.8,,
TRX-QFEWEH8O50COE0HRSRG6,2026-04-18 15:19:23,2026-04-18,PRD-RZCEXUGKHEZ6,CLI-JH1VESU519RX,Purchase,Services,1845485.07,COP,461.37,POS,,Servicios Públicos,Services,Colombia,Cartagena,Approved,,False,,3.7262561,-74.9360676
TRX-B426X40LU7OFIZFJEL33,2026-04-18 19:36:10,2026-04-18,PRD-2PLIEVWSG8HR,CLI-LZ4PDM8IAZCT,Transfer,,4174.23,USD,,ATM,SUC-4ZFT9FN6,,,México,Monterrey,Reversed,14,False,8.33,,
TRX-84X66Y6ITKV09T57X1A6,2026-04-18 15:44:17,2026-04-18,PRD-JQ5WQWT5KXVX,CLI-MV438DQE4S35,Transfer,,7692.2,USD,,ATM,SUC-ZAMLQY77,,,México,Querétaro,Approved,00,False,,,
TRX-12NTCMUN8QXT0WXBJJD7,2026-04-18 12:32:50,2026-04-18,PRD-MUON6BZHZ6BF,CLI-VKYK10M32FW0,Deposit,,1564.44,USD,,Branch,SUC-JJT8C9XQ,,,México,Guadalajara,Approved,00,False,29.99,,
TRX-RIG10HXSUQ0LYPGK4JIE,2026-04-18 21:02:16,2026-04-18,PRD-JR9FK3TCKMSE,CLI-Y8RYJEHSP93E,Withdrawal,,154.27,USD,,POS,,,,Colombia,,Approved,00,False,1.9,-0.0793476,-0.1073356
TRX-B1Y7L1TX34XM680BDSM3,2026-04-19 02:06:57,2026-04-18,PRD-1MFRQB4XUK9G,CLI-SOKIRIUYI7VV,Withdrawal,,527782.58,COP,131.95,POS,,,,Colombia,Cartagena,Approved,00,False,23.6,,
TRX-K7QZYYT7K1C5IR9VXPEX,2026-04-18 15:35:26,2026-04-18,PRD-6OQ3POLBSY9O,CLI-9KKRI880CZZF,Withdrawal,,394.41,USD,,Web,,,,México,Puebla,Approved,,False,,,
TRX-R1DU5S33VMD8F8GZHJM7,2026-04-19 01:13:08,2026-04-18,PRD-SOMJ9LIRLHXP,CLI-R0KWWV2SRARL,Deposit,,75.98,USD,,App,,,,México,Guadalajara,Approved,00,False,6.22,,
TRX-UE1LKA7S4WQYK3DF5JW6,2026-04-19 03:53:50,2026-04-18,PRD-YPWQYKR7HB7T,CLI-46L2G6PQKAPJ,Purchase,Food,190.64,USD,,POS,,Super Ahorro,Food,México,Tijuana,Approved,00,False,10.99,,
TRX-HQX067EZ12IFFBST270Z,2026-04-19 04:08:48,2026-04-18,PRD-QD10B0B63AMA,CLI-752D2M921803,Transfer,,8043.86,USD,,Web,,,,México,Querétaro,Approved,00,False,5.21,,
TRX-RXWR2XO4VH6PJRS7NO26,2026-04-18 23:46:42,2026-04-18,PRD-3JK7DNYHSGX5,CLI-3DPC7VO4CMEQ,Withdrawal,,215.8,USD,,ATM,SUC-7SL55GEJ,,,México,,Approved,00,False,,-0.5323487,-0.9614177
TRX-D2GU51TBMS3JDO3072T9,2026-04-18 15:32:32,2026-04-18,PRD-JFIBHWCI7PNC,CLI-LFK7Z28QZXP0,Purchase,,1848747.68,COP,462.19,POS,,Internet Plus,Services,Spain,Valencia,Approved,00,False,11.31,5.4616183,-73.5006985
TRX-V7Q6LFNENHVCHFNKVC65,2026-04-18 17:37:57,2026-04-18,PRD-F9K16BPQ8BM0,CLI-5KCKPG558JUI,Transfer,,38217251.95,COP,9554.31,Web,,,,Colombia,Cali,Approved,00,False,7.53,,
TRX-6K0D03I8X8TGONFGOSO6,2026-04-18 16:11:57,2026-04-18,PRD-O4IZSSE2J5C4,CLI-PMLLZTXY1JBJ,Purchase,Other,412.64,USD,,Web,,Centro Comercial,Other,Colombia,Barranquilla,Approved,00,False,4.64,,
TRX-CSXEO0283NDXE963E38V,2026-04-18 16:36:30,2026-04-18,PRD-HEYL2KA22XP3,CLI-ZHM5ABXN2FM5,Purchase,Entertainment,25.67,USD,,POS,,Teatro Nacional,,México,Ciudad de México,Approved,00,False,,,
TRX-J8XP75IX3YXP7QG0HRL3,2026-04-19 02:17:27,2026-04-18,PRD-PKPU8WSHY50S,CLI-02TOM477Q0JP,Purchase,Food,90620.68,ARS,258.92,Branch,SUC-46JOBFMX,Super Ahorro,Food,Argentina,Buenos Aires,Declined,05,False,,,
TRX-P62FE0IQ5VKFJ5WHI28O,2026-04-18 11:15:01,2026-04-18,PRD-LYLZW8THDZP3,CLI-2O7IY4WHLHXO,Withdrawal,,392.54,USD,,POS,,,,México,Tijuana,Approved,00,False,24.25,,
TRX-APPG2HKVPSUL2G3DVXHY,2026-04-18 12:57:31,2026-04-18,PRD-IXIZ1V2ZS899,CLI-CIM8BJP7DOIJ,Purchase,Food,416738.25,COP,104.18,POS,,Mercado Central,Food,Colombia,Medellín,Declined,54,False,,3.9012886,-73.8678481
TRX-IDYTXRK317IBIXI3VHN2,2026-04-18 10:38:49,2026-04-18,PRD-NWADZ436ABKP,CLI-QA0SQGQ839FF,Deposit,,2860.08,USD,,ATM,SUC-HWG24EKK,,,México,Ciudad de México,Approved,00,False,15.41,,
TRX-6S760MOBO3RY7XQ1CQYO,2026-04-18 19:41:54,2026-04-18,PRD-PAR3PZFJJJ41,CLI-5IEHIYLI5VT2,Transfer,,1667577.36,ARS,4764.51,ATM,SUC-UE04XBQH,,,Argentina,,Approved,00,False,0.45,-35.5241822,-58.6530773
TRX-DDD0CD4MX68J6X6UB0YK,2026-04-18 06:29:41,2026-04-18,PRD-PWELRHP0MDF2,CLI-5EV1X3NEC6CN,Payment,Health,724.38,USD,,ATM,SUC-XSMNXFJN,,,México,Guadalajara,Approved,00,False,23.23,,
TRX-6RUA5RXY3JVJ3FP6OD0K,2026-04-18 09:18:51,2026-04-18,PRD-XH7WUU7H07NY,CLI-2IFM2SVAJMTK,Withdrawal,,17659.85,ARS,50.46,ATM,,,,Argentina,Córdoba,Pending,05,False,19.12,,
TRX-2E4UCNQ8C3BXZ2AVAJ31,2026-04-19 04:34:07,2026-04-18,PRD-Z04SSREAGHYO,CLI-ENLZO7A40PK4,Transfer,,6478.15,USD,,ATM,SUC-AXDYB0RQ,,,México,Puebla,Declined,54,False,4.84,,
TRX-CU5P8WMO5I2RJXR2DK77,2026-04-18 06:33:42,2026-04-18,PRD-ON3A055I4HQ8,CLI-1WXMOR2SM3DU,Withdrawal,,125603.82,ARS,,ATM,SUC-8433QXQ4,,,Brazil,São Paulo,Approved,00,False,2.34,,
TRX-XROLCJ0EQLR5A46CTBG0,2026-04-18 12:48:03,2026-04-18,PRD-5O4I8XR7FZ41,CLI-E3NXMO31Z6XY,Purchase,Health,182.1,USD,,Web,,Laboratorio Central,Health,México,Monterrey,Approved,00,False,20.3,,
TRX-IXTNPWTY6QZDBRVNM2CI,2026-04-19 00:12:35,2026-04-18,PRD-9DSLW5WU4UDO,CLI-ALP3C4G7SXII,Payment,Food,75.08,USD,,Web,,,,México,Monterrey,Approved,00,False,0.76,,
TRX-UM9MXVSLE8V8KTEA6FI1,2026-04-18 19:10:09,2026-04-18,PRD-18N93Y85TKMI,CLI-KML4PYC84P5E,Transfer,,5378.51,USD,,ATM,SUC-XAEWUJQS,,,México,Puebla,Approved,00,False,,0.3504559,0.7854416
TRX-HJVDS4H4FLB87ZYGD3Y2,2026-04-19 00:26:20,2026-04-18,PRD-R65RI22GE9C9,CLI-HUJ1KP2BDGVC,Withdrawal,,334.6,USD,,POS,,,,Argentina,Mendoza,Approved,,False,23.86,,
TRX-BQ498UYUECIHX0K17CNI,2026-04-18 13:22:33,2026-04-18,PRD-RW20THZ8Y2RZ,CLI-ESQLXLCI4ZZO,Deposit,,2805.42,USD,,ATM,SUC-8GXP9TIM,,,México,Tijuana,Approved,00,False,3.19,-0.2992511,-0.9807543
TRX-RRL0ATXSE6M17MY8KNWT,2026-04-18 19:27:52,2026-04-18,PRD-Y689QS6OY8F8,CLI-42I6NNG7DYIJ,Purchase,Entertainment,1407062.3,COP,351.77,App,,Conciertos Live,Entertainment,Colombia,Cartagena,Approved,00,False,6.11,,
TRX-UDZK98I4NLSS13ALP4PP,2026-04-18 11:56:15,2026-04-18,PRD-MTFCASV6P2B6,CLI-9UM158QUZDBJ,Deposit,,336828.43,ARS,962.37,POS,,,,Argentina,La Plata,Approved,00,False,5.38,,
TRX-JFB6DI4UTQ70VHX99NFI,2026-04-18 14:34:42,2026-04-18,PRD-FZMNOAUTUP19,CLI-133RTJ53NFVP,Transfer,,4193.01,USD,,POS,,,,México,Monterrey,Approved,00,False,13.78,,
TRX-KAGNOZZQXEKSZNATY0KZ,2026-04-18 06:22:57,2026-04-18,PRD-V20I79IFQK5I,CLI-6NID07SPHJ8M,Transfer,,9308.27,USD,,Web,,,,México,Querétaro,Approved,00,False,2.34,,
TRX-IOG3EWC053AIF6LNKWQX,2026-04-18 12:28:14,2026-04-18,PRD-84DEUTI2O5TU,CLI-6DWO10RDN5IB,Transfer,,4495.79,USD,,POS,,,,México,Guadalajara,Declined,51,False,22.77,-0.9411479,-0.6142434
TRX-H1OIIGNGXK4S91SNORU0,2026-04-18 22:35:43,2026-04-18,PRD-ZDR0UB5Z8TFN,CLI-JQECMK7Z20TO,Purchase,Health,126.83,USD,,ATM,SUC-SFEFYC6O,Clínica Médica,Health,México,Puebla,Approved,00,False,16.54,0.2595848,0.1014585
TRX-NT23V23LZ022273E6ICI,2026-04-18 06:26:53,2026-04-18,PRD-QHXZZR26GEGT,CLI-2Y4N1J3M46NY,Deposit,,3218.59,USD,,Branch,SUC-2ATW7QMQ,,,México,Puebla,Approved,00,False,8.91,,
TRX-00T2KII3GXJ970SG0ABD,2026-04-18 08:32:59,2026-04-18,PRD-KPDXCNJMUJ3N,CLI-PKU885ASGMJI,Payment,Food,208981.75,ARS,597.09,ATM,SUC-7L3EZA71,,,Spain,Barcelona,Approved,00,False,,,
TRX-8FVF5PVVE7NPVV1I8G6W,2026-04-19 00:16:03,2026-04-18,PRD-0QR71CF119WN,CLI-KE1F0XLIBZIC,Payment,Other,790.32,USD,,POS,,,,Mexico,Guadalajara,Approved,00,False,12.47,,
TRX-81N97FS0ADHNG4JM7GAK,2026-04-19 01:48:11,2026-04-18,PRD-85UVHNV6KCBZ,CLI-1PYIO454G04L,Payment,Health,998857.12,COP,249.71,POS,,,,Colombia,Medellín,Approved,00,False,,,
TRX-XYQGATWZJ7PQBCNKZ2HW,2026-04-18 16:13:09,2026-04-18,PRD-6P1MAR41EXI1,CLI-MTM4UOH52GG1,Payment,Services,5117136.1,COP,1279.28,ATM,SUC-JZCA1ZND,,,Colombia,Bogotá,Approved,00,False,20.66,4.7710518,-73.9504542
TRX-STNO53BMTVJ59K536PP3,2026-04-18 21:44:48,2026-04-18,PRD-BK1X3QBZFHXE,CLI-XWXZRNW4WMB2,Payment,Transport,1844.2,USD,,App,,,,México,,Approved,00,False,22.03,,
TRX-3S7OK621LWFRUKP300DM,2026-04-18 23:50:05,2026-04-18,PRD-F9KOXQ5HCUJ0,CLI-0J1BU3O9DVOZ,Withdrawal,,815721.21,COP,203.93,ATM,SUC-01J639PQ,,,Colombia,Cartagena,Approved,00,False,19.0,,
TRX-CZY092M36H9T6ZK0ATCF,2026-04-18 16:37:22,2026-04-18,PRD-41VTDO746TN7,CLI-EY1YB04NZGR2,Purchase,Transport,670481.84,COP,167.62,ATM,SUC-2L4DTLRM,Estación de Servicio,Transport,Colombia,Medellín,Approved,00,False,,4.9183452,-74.5270752
TRX-G2CTEQ2DKC9J955WGLSO,2026-04-18 20:25:42,2026-04-18,PRD-7BLX5P2Y2PYZ,CLI-S4A9S0URT2ZQ,Transfer,,21504106.72,COP,5376.03,Web,,,,Colombia,Medellín,Approved,00,False,,,
TRX-4DHRNSAAMGWYX7IREOL2,2026-04-18 12:05:50,2026-04-18,PRD-MQ0R7WIYHH6J,CLI-ZX3WO6ZUDJOS,Withdrawal,,99586.11,ARS,284.53,POS,,,,Argentina,Rosario,Approved,00,False,25.09,-35.4783095,-57.5129781
TRX-X3DFQOVABJ95RAGLN8MC,2026-04-18 17:09:58,2026-04-18,PRD-80N968QE5IZZ,CLI-CR2QOXMB9EF2,Withdrawal,,41.59,USD,,Branch,SUC-QE974U7T,,,México,,Approved,00,False,9.89,,
TRX-AUJ3FA61OO2IBZJYYRKT,2026-04-18 18:47:52,2026-04-18,PRD-DLG78B6XXIDI,CLI-9FHZQYH43L8W,Transfer,,993765.1,ARS,2839.33,App,,,,Argentina,Rosario,Approved,00,False,3.71,,
TRX-9UY1TCKXK9V312LZ4LM5,2026-04-18 15:42:59,2026-04-18,PRD-SHN3Q0DGS6HQ,CLI-08HC9X0RMOSX,Deposit,,3165.51,USD,,Branch,SUC-5R12FFLE,,,México,Querétaro,Approved,00,False,0.17,,-0.655959
TRX-XC3R9IMB4J4QT2FNBW1X,2026-04-19 02:22:29,2026-04-18,PRD-E5FSY4LSEBXH,CLI-LCSLGMXYL3K7,Purchase,Food,491.12,USD,,App,,,Food,México,Querétaro,Approved,00,False,21.02,,
TRX-HEPGU1L0FNG8ADL6W248,2026-04-18 14:37:17,2026-04-18,PRD-Q01TWJCAJA4K,CLI-QJ4ZSN79EH3R,Transfer,,4609076.93,COP,1152.27,App,,,,Colombia,Cartagena,Approved,00,False,9.63,,
TRX-JAAK4LZFUM6DHUICWLQG,2026-04-19 00:46:43,2026-04-18,PRD-GOOK1SMYH3YX,CLI-UWJCEH9WQ5WV,Deposit,,5134632.12,COP,1283.66,POS,,,,Colombia,Barranquilla,Approved,,False,25.35,,
TRX-ZDXNOLEZHJ0UZ6MCIQQY,2026-04-18 19:46:11,2026-04-18,PRD-4SVU6S55JD7C,CLI-GYVG50PE7TF3,Payment,Food,329.27,USD,,Web,,,,México,Monterrey,Approved,00,False,,,
TRX-JKKVBMZHOLH3M4KUGT5U,2026-04-18 08:04:53,2026-04-18,PRD-4VDQYV3YJ9D7,CLI-26I64ZWB6SWK,Purchase,Entertainment,17777.7,ARS,50.79,POS,,Teatro Nacional,Entertainment,Argentina,Rosario,Approved,00,False,3.73,-33.7386462,-57.5219287
TRX-9F2XXXBOT8W9VB23Y3XT,2026-04-18 10:44:18,2026-04-18,PRD-UFGZJIGR7ZQO,CLI-CH2VHQO8WJHX,Adjustment,,1552280.61,COP,388.07,Web,,,,Colombia,Barranquilla,Approved,00,False,,,
TRX-KB9ZU6PPJQSKZH1ZBMYN,2026-04-18 17:09:57,2026-04-18,PRD-74JTTTNUO408,CLI-D4U9P2NR0E6N,Withdrawal,,314.54,USD,,App,,,,México,Monterrey,Approved,00,False,9.89,,
TRX-5CVPT1IIPYWIVZP1207V,2026-04-19 03:59:13,2026-04-18,PRD-4B8LI288Z918,CLI-42V7JGWO4YU2,Withdrawal,,1092533.58,COP,273.13,ATM,SUC-M447M9GU,,,Colombia,Bogotá,Approved,00,False,9.64,5.3937068,-74.5403764
TRX-IQN7ZCFV4KOA28ER1J3B,2026-04-18 20:41:46,2026-04-18,PRD-UHSOLKBNSSUU,CLI-I6PTB44OB4LN,Purchase,,187.35,USD,,POS,,Restaurante El Buen Sabor,Food,México,Querétaro,Approved,00,False,20.21,,
TRX-85Q3ADTHKIEC57C2HY64,2026-04-18 21:34:19,2026-04-18,PRD-QOPVD3Y1515Z,CLI-YQ5EI9C8SFD1,Payment,Other,529926.15,ARS,1514.07,POS,,,,Argentina,Rosario,Approved,00,False,,,
TRX-XND0QXSDOZLB1V8V01GE,2026-04-18 07:25:23,2026-04-18,PRD-B3NSZ8Y1RXGF,CLI-3YQZE9EX17EA,Transfer,,3671.84,USD,,POS,,,,México,Guadalajara,Approved,00,False,21.53,0.6101775,0.7822516
TRX-JTHWKFH6QFY3LJ1NG8A9,2026-04-18 17:13:32,2026-04-18,PRD-UYY0E3ZPNJHY,CLI-NUKSOZYHTKBT,Purchase,Other,39069.12,COP,9.77,App,,Boutique Moda,Other,Colombia,Cali,Approved,00,False,,,
TRX-Y6EDO1L8TDXDDV1IQYAN,2026-04-18 09:30:34,2026-04-18,PRD-XCITPYEO9FFM,CLI-NICT2UJS5I6W,Purchase,Services,764414.33,COP,191.1,POS,,,Services,Colombia,Barranquilla,Approved,00,False,3.99,,
TRX-IGRY7NQ3L14HC83H78JQ,2026-04-18 11:37:46,2026-04-18,PRD-PD6BDH480UPA,CLI-CKG0UGGRIRSI,Payment,Services,1186831.05,COP,296.71,Web,,,,Colombia,Barranquilla,Approved,00,False,16.85,,
TRX-KG18Y8FZ4JPMCHA46RXY,2026-04-18 18:57:43,2026-04-18,PRD-HNRSRHUAEPGP,CLI-2NIMHLR8M373,Purchase,Transport,34.82,USD,,Web,,Uber,Transport,México,Tijuana,Approved,00,False,4.17,,
TRX-D9LVUT7CIS7YCR4HLMH8,2026-04-18 14:41:27,2026-04-18,PRD-E620WZO069V7,CLI-53XF3H4DIU8D,Transfer,,1066918.95,ARS,3048.34,App,,,,Argentina,Buenos Aires,Approved,00,False,7.8,,
TRX-BA3XO2POHLQTG65I74YE,2026-04-19 04:07:56,2026-04-18,PRD-ZTMX1CBQK7NJ,CLI-9DSANRIHP51Q,Withdrawal,,166.09,USD,,ATM,SUC-JQ7BZNFI,,,México,Guadalajara,Approved,00,False,,,
TRX-N1ZEXKB78OS5KQILR9JJ,2026-04-18 13:05:40,2026-04-18,PRD-AEG6KANJO3VP,CLI-O3OQOO4YLUIN,Purchase,Services,271244.48,COP,67.81,Web,,Cable TV,Services,Colombia,,Approved,00,False,20.42,,
TRX-3K91R8WN9SVQT4YOYV1R,2026-04-18 11:25:00,2026-04-18,PRD-4FQV8GB86SEP,CLI-Q272BF8ZH7GX,Payment,Health,1978.4,USD,,Branch,SUC-6A2UBEHN,,,México,Puebla,Approved,00,False,5.73,,
TRX-O6OS8TP1U8N9TYU90U8E,2026-04-18 13:55:39,2026-04-18,PRD-DG8OOGPJ4KJK,CLI-N9BXBVM8GRQU,Withdrawal,,157311.25,ARS,449.46,App,,,,Argentina,Buenos Aires,Approved,00,False,15.93,,
TRX-2BN2JA9ZJXY6QW3SS7EV,2026-04-18 22:05:23,2026-04-18,PRD-M9VBDVIORCQG,CLI-RXR08TEER6AJ,Transfer,,3380.15,USD,,Web,,,,Argentina,Mendoza,Approved,00,False,29.97,,
TRX-P2YWWTCQ0MKOWW7RCSNE,2026-04-18 21:12:48,2026-04-18,PRD-HLKUHOUW233E,CLI-4AJUU4GSIFOC,Deposit,,4099.36,USD,,POS,,,,México,Querétaro,Approved,00,False,23.26,,
TRX-JKC1J24P7C70S0EEAUID,2026-04-18 07:43:42,2026-04-18,PRD-A91X0SQKMD05,CLI-GM68C3G0JKZG,Withdrawal,,930936.42,COP,232.73,Web,,,,Colombia,Medellín,Approved,00,False,23.57,,
TRX-Z2K090KKJDZKGM2L8XZJ,2026-04-18 12:38:30,2026-04-18,PRD-SLXB5JVQ38ZM,CLI-BJOFVUPLVT2Q,Payment,Health,1760.66,USD,,ATM,SUC-JYJWT9TH,,,México,Monterrey,Approved,00,False,22.85,,
TRX-H915V35SCCE82H3Y9VQY,2026-04-18 16:40:59,2026-04-18,PRD-NYCO9O0K7V94,CLI-475DAGNRIO4F,Transfer,,3200.22,USD,,POS,,,,México,Ciudad de México,Approved,00,False,14.26,,
TRX-5MM15J0YNJEJTSDK9CW3,2026-04-18 16:37:33,2026-04-18,PRD-LXKW3UVMMOFY,CLI-IT1IID9ZFOPC,Adjustment,,94.76,USD,,POS,,,,México,,Approved,00,False,9.22,,
TRX-Y9Y3DSJTDBQIYR0ELEYN,2026-04-18 14:03:01,2026-04-18,PRD-UGR0TCE0AFJI,CLI-SFX668S339XT,Purchase,Food,159279.7,ARS,455.08,POS,,Restaurante El Buen Sabor,Food,Argentina,Mendoza,Approved,00,False,21.81,,
TRX-4PDRLTQPSU9VGFZIZWJS,2026-04-18 08:48:35,2026-04-18,PRD-51RAER2WUQ43,CLI-BD45IOC7URJL,Purchase,Services,168345.16,ARS,480.99,App,,Servicios Públicos,Services,Argentina,La Plata,Approved,00,False,5.02,,
TRX-QKSAWT5286ANZHRADI1F,2026-04-18 23:06:43,2026-04-18,PRD-SLCCDXE7FHHF,CLI-4V2D6MHKYKM2,Payment,,6016980.48,COP,1504.25,ATM,SUC-KY2QIURA,,,Colombia,Barranquilla,Approved,00,False,,,
TRX-GZVYR2U2XRYYLRLI9HBS,2026-04-18 14:17:31,2026-04-18,PRD-DKC4SE1073VI,CLI-VCGWV3TNFGH0,Deposit,,4829.93,USD,,POS,,,,México,Tijuana,Approved,,False,11.46,0.224487,0.7764028
TRX-7AHB2I7BSWS5XR8SGL4Y,2026-04-18 23:26:27,2026-04-18,PRD-NCPL8IFWTIBI,CLI-Q95NWKQZUJWO,Purchase,,115.97,USD,,POS,,Clínica Médica,Health,México,Guadalajara,Approved,00,False,5.72,,
TRX-B2CBTO43WWG3TAVV07H4,2026-04-18 12:11:02,2026-04-18,PRD-FD1R4XACHY5O,CLI-O8LACAT7CWB1,Transfer,,25192953.0,COP,6298.24,Transfer,,,,Colombia,Medellín,Approved,,False,,,
TRX-ZRXW6TW698A70IO0J28O,2026-04-18 12:20:40,2026-04-18,PRD-3W3XMHQDIKSN,CLI-8X9AC48SWY53,Purchase,Food,281.78,USD,,ATM,SUC-4ML8OJM1,Restaurante El Buen Sabor,Food,México,Monterrey,Approved,00,False,15.94,,
TRX-DCW869P4E6VEOQJAYJOG,2026-04-19 01:59:30,2026-04-18,PRD-8103HMEGHB37,CLI-F61HQPVF3VLP,Transfer,,25657190.65,COP,6414.3,POS,,,,Colombia,Bogotá,Approved,00,False,28.41,,
TRX-AF2JMEZGCVSOGPCDJP6G,2026-04-18 08:46:09,2026-04-18,PRD-ZVB37XGF55P6,CLI-O2EEZ4BF06YG,Payment,Food,181334.1,ARS,518.1,ATM,SUC-O09F6PWJ,,,Argentina,Buenos Aires,Approved,00,False,15.13,,
TRX-GTJ6DATI2QE9QK4UQLM5,2026-04-18 07:37:39,2026-04-18,PRD-H1Q441O6EVA9,CLI-42RJI5J27Y9S,Payment,Entertainment,1423.0,USD,,Web,,,,México,Ciudad de México,Declined,54,False,14.25,,
TRX-68UT218N6T3DPBIIELBD,2026-04-18 12:36:57,2026-04-18,PRD-X5F0BJP5JFXS,CLI-RLY8O1THN99G,Transfer,,25518821.71,COP,6379.71,POS,,,,Colombia,Cartagena,Approved,,False,,,
TRX-UKBKLHKOMUUH6V5XUKTB,2026-04-18 12:49:39,2026-04-18,PRD-U958EYCIV5RR,CLI-L7ILNTNQC4TG,Deposit,,4415.83,USD,,App,,,,México,Monterrey,Reversed,51,False,13.64,,
TRX-NTBROHRAJLZQOXRJKNRX,2026-04-19 03:08:31,2026-04-18,PRD-XRYVKQIE9R4P,CLI-O7SHWNONY6KM,Purchase,Health,55.28,USD,,Web,,Laboratorio Central,Health,México,,Declined,51,False,,,
TRX-1QL57L6I8MS7Z0SG2DET,2026-04-18 13:26:55,2026-04-18,PRD-LZDTMMOMJ676,CLI-WP82MWJFFKR6,Transfer,,77136.21,ARS,220.39,POS,,,,Spain,Barcelona,Approved,00,False,11.29,-34.8190796,-59.1730288
TRX-JGW61XHZIIBIVR89H30J,2026-04-19 01:49:32,2026-04-18,PRD-2A89BNM8EQAC,CLI-II20IU5ZJ2UU,Transfer,,9928.5,USD,,App,,,,México,Puebla,Declined,51,False,10.47,,
TRX-ZK95HIO8Q1FCJE8CAABB,2026-04-18 09:01:48,2026-04-18,PRD-S787VK0I6U7D,CLI-9HV1TEA9PZ5I,Withdrawal,,116543.56,ARS,332.98,App,,,,Mexico,Puebla,Approved,00,False,,,
TRX-QWDNKTYBP48N01SJ43HD,2026-04-18 22:49:09,2026-04-18,PRD-5LKL67J2IALK,CLI-W3I860V11TQE,Payment,Other,1869.85,USD,,POS,,,,Colombia,Barranquilla,Approved,00,False,3.8,,
TRX-VDYC7CECQ05PO7DWCYMI,2026-04-18 12:50:44,2026-04-18,PRD-3ORSF4DWLCDZ,CLI-J1YUFND0LJS7,Purchase,Transport,427.91,USD,,App,,Gasolinera Express,Transport,México,Monterrey,Approved,00,False,13.23,,
TRX-RQYGRZQ6AWHL3FG89PDQ,2026-04-18 23:30:50,2026-04-18,PRD-6JGIV150U6O4,CLI-70D6CVCCJUUS,Withdrawal,,172.33,USD,,ATM,SUC-9YYT37NY,,,México,,Approved,00,False,7.56,-0.9722867,-0.4679602
TRX-HU5SR95TM5S490ZDAHZ1,2026-04-18 10:20:45,2026-04-18,PRD-YMPXVYRZNOSV,CLI-215OBDNQ7FQW,Purchase,Transport,499.58,USD,,Web,,Estación de Servicio,Transport,México,Guadalajara,Approved,00,False,27.97,,
TRX-72I8137H0Y30WCVQ8ZM1,2026-04-18 19:44:29,2026-04-18,PRD-D1HANFLDIR5A,CLI-H4KFRBBVL9R6,Purchase,Services,312.33,USD,,POS,,Internet Plus,Services,México,Querétaro,Approved,00,False,,,
TRX-LBAB3U0VS5KH8JDGJOBA,2026-04-18 22:08:09,2026-04-18,PRD-E0T3NIRR079H,CLI-BHV66GN64SJQ,Purchase,Food,352.54,USD,,App,,Super Ahorro,Food,México,Guadalajara,Approved,,False,6.44,,
TRX-FAWJN6RICZOS90KA17MO,2026-04-18 07:02:38,2026-04-18,PRD-ENT8IHT7TEZP,CLI-H8JPDOXMHGTO,Deposit,,12097919.69,COP,3024.48,POS,,,,Colombia,,Approved,00,False,,,
TRX-U4EABVEO7GQYAIYDBAJ0,2026-04-18 17:54:50,2026-04-18,PRD-YEDBNIB6MZ5A,CLI-0RMMG0I8B8ZQ,Deposit,,8376206.1,COP,2094.05,POS,,,,Colombia,Cartagena,Approved,00,False,,,
TRX-P963ZDFBOLG4HBTCE1HI,2026-04-18 14:47:25,2026-04-18,PRD-MHJZN9MV3ATC,CLI-WSL9BJK35015,Payment,Food,1981.2,USD,,ATM,SUC-QO0HYSRK,,,México,Monterrey,Approved,00,False,19.81,,
TRX-R13P5GT5WVLNJZ8VIL2U,2026-04-18 10:27:26,2026-04-18,PRD-FUCNCR7PD7KX,CLI-UP6TCXNBCTDK,Deposit,,1778.24,USD,,POS,,,,Colombia,Medellín,Approved,00,False,,5.4493013,
TRX-WTR6CSGW8F1HGZVXGE6U,2026-04-19 05:19:12,2026-04-18,PRD-GRFVJ5WGKE4V,CLI-3GQWOVR5NMGR,Payment,Transport,5813919.96,COP,1453.48,POS,,,,Mexico,Ciudad de México,Approved,00,False,26.0,,
TRX-EGY8OXME3UQWIWHSYJOO,2026-04-18 23:11:00,2026-04-18,PRD-H0I3BY30L35P,CLI-7H7160MJMUD2,Deposit,,3921.92,USD,,POS,,,,México,Puebla,Approved,00,False,3.47,,
TRX-Q3O7YZJUZTHS3NGDI2M6,2026-04-19 04:38:44,2026-04-18,PRD-WJ8PNSDC6OSL,CLI-0PRQUOJH5OME,Withdrawal,,138086.65,ARS,394.53,Transfer,,,,Mexico,Guadalajara,Approved,00,False,13.67,,
TRX-862UYKRYUPUFA94K0ALP,2026-04-18 09:28:37,2026-04-18,PRD-UO96MDUVZV00,CLI-ET7Y21G86KKV,Transfer,,3860.09,USD,,ATM,SUC-5FCLNF9U,,,México,Puebla,Approved,00,False,26.66,0.055325,-0.0525158
TRX-R7MR8CKW5FP1EL8KS61W,2026-04-18 18:12:02,2026-04-18,PRD-UWLF10EWW8FV,CLI-QH8JYII57L29,Deposit,,485.09,USD,,Web,,,,México,Tijuana,Approved,00,False,,,
TRX-9K3OE1YKTB0WSQ4L4HXO,2026-04-18 12:49:13,2026-04-18,PRD-6KUPSQHVVME5,CLI-5SBQF8YYJD73,Withdrawal,,774274.48,COP,193.57,POS,,,,Colombia,Cali,Approved,00,False,16.63,,
TRX-YRMVWTL8BI0A1XN0UO0J,2026-04-18 20:07:42,2026-04-18,PRD-NJ9NSOGOLB3K,CLI-R9YRNKZLTCZ0,Payment,Entertainment,3426973.39,COP,856.74,Web,,,,Colombia,Barranquilla,Approved,,False,28.6,,
TRX-L5P91OGL6EN5M7VAR1S2,2026-04-18 17:16:17,2026-04-18,PRD-HN3MY4PO7JY9,CLI-DKD96XU25KNU,Transfer,,9748.21,USD,,Web,,,,México,Monterrey,Approved,00,False,29.69,,
TRX-CDVADQLZZKJ61SY8WFV2,2026-04-18 22:22:26,2026-04-18,PRD-CD3VR8819KJS,CLI-5LWN36505N96,Transfer,,2192825.54,ARS,6265.22,Web,,,,Argentina,Córdoba,Approved,00,False,22.98,,
TRX-TNDW4WM6BCWWOQ52KPY0,2026-04-18 07:42:28,2026-04-18,PRD-77TICO0TG8J5,CLI-KC5KI78ZV699,Deposit,,2052.01,USD,,Transfer,,,,Brazil,Brasília,Approved,00,False,12.03,,
TRX-LCVRQNGTHXSJ01FGYERJ,2026-04-18 18:00:48,2026-04-18,PRD-HE9E3VD21SXE,CLI-ZNBBFX8F4SET,Purchase,Health,100.0,USD,,Web,,Laboratorio Central,Health,México,Ciudad de México,Approved,00,False,,,
TRX-UDOS2BIH1MU97VHYMYSC,2026-04-19 02:33:14,2026-04-18,PRD-2ZK5RP2951F8,CLI-4OINX816GCSQ,Payment,Transport,683933.72,ARS,1954.1,ATM,SUC-IPX8M3BR,,,Argentina,Mendoza,Declined,51,False,,,
TRX-73QEWYELINVPWL8XIA6K,2026-04-18 19:24:24,2026-04-18,PRD-0WFOP80W8ERI,CLI-B0N4ZWJ3P170,Payment,Food,1650.68,USD,,POS,,,,México,Puebla,Approved,00,False,7.44,,
TRX-1SE6GFCZEFUX3HVB58HB,2026-04-18 06:13:02,2026-04-18,PRD-N86XYSKWE7HO,CLI-1HYVM09US9X9,Payment,Services,1012.08,USD,,POS,,,,Argentina,Buenos Aires,Approved,00,False,26.14,,
TRX-W9FDMJ5OCM2ZLCQ3LAIF,2026-04-19 00:32:18,2026-04-18,PRD-G9AXTP3SBVHD,CLI-626DK1NRTLMT,Payment,Food,6974780.46,COP,1743.7,Web,,,,Colombia,,Approved,00,False,25.26,,
TRX-6TUAH9HSWPA2VSLMXIEX,2026-04-18 14:15:03,2026-04-18,PRD-P9UXTSXH1D07,CLI-7HWLF6F6TYPQ,Adjustment,,702.34,USD,,POS,,,,México,,Approved,00,False,28.9,,
TRX-83KFET1BF8SXJTXL40QS,2026-04-18 21:51:57,2026-04-18,PRD-Q402SEZLTDUR,CLI-YWQ56O0PG8OQ,Withdrawal,,968192.11,COP,242.05,App,,,,Colombia,Medellín,Approved,00,False,23.24,,
TRX-UXPX13LO9QTQ3434IQQD,2026-04-19 01:01:01,2026-04-18,PRD-6SYRA5JTGNKN,CLI-QQIHAD1C0Z8W,Purchase,Transport,371.14,USD,,Web,,Taxi Seguro,Transport,Argentina,Mendoza,Approved,00,False,27.11,,
TRX-1XVBBZCPFMDCJA6L9UU3,2026-04-18 11:20:31,2026-04-18,PRD-ZTH4PYHKV3OI,CLI-WFO0VK4PIX8C,Transfer,,39416736.94,COP,9854.18,App,,,,Colombia,Barranquilla,Declined,05,False,9.48,,
TRX-O5B5CQZQ5OSSUGMUXZUS,2026-04-18 21:01:22,2026-04-18,PRD-XAVYXZIEB20C,CLI-POW1NMGG3H7Q,Deposit,,18273007.93,COP,4568.25,ATM,SUC-I7CB5PA8,,,Colombia,Medellín,Approved,00,False,20.51,,
TRX-AO8XA3QI707J8FJ7UPEF,2026-04-18 16:16:47,2026-04-18,PRD-1HZUU27V20WC,CLI-VMY13L3T8FS4,Withdrawal,,32.08,USD,,App,,,,México,Querétaro,Approved,00,False,23.07,,
TRX-WCC8ZLL7AFVFDRRXSNN8,2026-04-18 07:36:23,2026-04-18,PRD-1HESDZ7SAPPW,CLI-USKRCYELXOEG,Deposit,,2770767.54,COP,692.69,POS,,,,Colombia,Cartagena,Approved,00,False,0.64,,
TRX-ITB2DK4W2WUXMF1YBSD9,2026-04-18 08:17:57,2026-04-18,PRD-GNC7MQQLAHD9,CLI-LR7F9QYCKIMQ,Transfer,,6593.95,USD,,POS,,,,México,Monterrey,Approved,00,False,9.69,,
TRX-TSQ4JAEBRID3XNTY0MLO,2026-04-18 20:02:16,2026-04-18,PRD-C3282S6KHO09,CLI-ZG2P2GMXY1UB,Transfer,,1005978.96,ARS,2874.23,ATM,SUC-IPX8M3BR,,,Argentina,,Approved,00,False,7.19,,
TRX-4XN98DLR3FFWN26MLBXF,2026-04-18 12:48:59,2026-04-18,PRD-TAAG75MDFV0V,CLI-VRI1PG4N7XU2,Transfer,,24467440.61,COP,6116.86,ATM,SUC-CG5XPAZU,,,Colombia,Cali,Declined,51,False,18.34,5.5758577,-73.9195075
TRX-EYBHAUQO2DSVCDDCQHBP,2026-04-18 17:44:34,2026-04-18,PRD-D6N2DQHU90FC,CLI-80L8YYN80L5S,Purchase,,117760.49,ARS,336.46,POS,,Servicios Públicos,Services,Argentina,Córdoba,Approved,00,False,18.77,,
TRX-9LKUEIRS19LH9QVO5PDP,2026-04-19 04:26:07,2026-04-18,PRD-4R064FCGSDER,CLI-0NPP5L4ZKI7U,Withdrawal,,93.0,USD,,App,,,,México,Ciudad de México,Approved,00,False,17.85,,
TRX-OYT1118OBRBCO677MR13,2026-04-18 14:15:54,2026-04-18,PRD-Y53J7FVEEMW8,CLI-1NDWFA0HQ2NV,Payment,Transport,1047.6,USD,,ATM,SUC-6V3PNVG9,,,México,Puebla,Approved,00,False,,,
TRX-7XMS57DFLC3FMQOLB10G,2026-04-18 07:40:41,2026-04-18,PRD-FBXOMF2GZZHF,CLI-0P0NP5NMZDSN,Deposit,,17720943.63,COP,,POS,,,,Colombia,Cali,Approved,,False,12.85,,
TRX-7BTCLTDH3O8HPNIEA4MG,2026-04-18 12:32:14,2026-04-18,PRD-QYTRERY3MB9T,CLI-NLLSIDQE0I5R,Purchase,Other,304.45,USD,,App,,Ferretería,Other,México,Monterrey,Declined,14,False,,,
TRX-I16LDJHUQ3J4B5GH8TVY,2026-04-18 15:27:19,2026-04-18,PRD-BIVQF85M76SG,CLI-RUL4ZSCFDICU,Withdrawal,,1519689.18,COP,379.92,POS,,,,Colombia,,Approved,00,False,,,
TRX-9MD11VMEL7RL4N5W62KY,2026-04-18 06:39:46,2026-04-18,PRD-729WIXZBZ2LD,CLI-Z708NL9XOX5M,Transfer,,38340889.74,COP,9585.22,POS,,,,Colombia,,Approved,00,False,23.23,,
TRX-43M5KNTTP2KMV4K2G9SX,2026-04-19 01:59:57,2026-04-18,PRD-QL3H80UA4EUT,CLI-07IY37K9F87N,Purchase,Health,394.58,USD,,POS,,Laboratorio Central,Health,México,Guadalajara,Approved,00,False,22.32,,
TRX-H4UA9P2ZDKDMJSKLOAG4,2026-04-18 12:36:59,2026-04-18,PRD-GH22448C31GF,CLI-TBEWT7MYQX2C,Purchase,,181.08,USD,,ATM,SUC-T4RE29NP,Tienda General,Other,Mexico,Monterrey,Approved,00,False,4.14,,
TRX-X3F0FBN4ZC6ZPXJGBQK8,2026-04-18 15:11:13,2026-04-18,PRD-29O048GMB1ZN,CLI-E6YA1IEAL2WD,Purchase,Services,448058.36,COP,112.01,ATM,SUC-1C51KLB3,Internet Plus,Services,Colombia,Bogotá,Approved,00,False,11.56,3.9564419,-74.2231164
TRX-2AH5BMWH61QUREP3RAXU,2026-04-19 00:33:50,2026-04-18,PRD-SS820ZN6B4C0,CLI-H7WV7BAF1WEJ,Deposit,,4515.06,USD,,Web,,,,México,Ciudad de México,Approved,00,False,24.49,,
TRX-SZ16PYPOUBDFHOGLDX6J,2026-04-18 23:42:03,2026-04-18,PRD-B42SHBB13ZPN,CLI-DNFNGJV5HIHB,Transfer,,7359.46,USD,,ATM,SUC-KYUNO9E0,,,México,Puebla,Approved,00,False,3.87,,
TRX-T9PEK1394XT5PNEGDM47,2026-04-18 18:25:43,2026-04-18,PRD-OC57BK9IXPE7,CLI-V8AD5M828JJW,Withdrawal,,288.37,USD,,POS,,,,México,Tijuana,Approved,00,False,19.54,,
TRX-0MH077A7BA2M8EL6GPA7,2026-04-18 17:20:54,2026-04-18,PRD-X7H2A9LJMG6C,CLI-HLR0F855XNQ6,Purchase,Food,71065.61,ARS,203.04,POS,,Mercado Central,Food,USA,New York,Approved,00,False,16.09,,
TRX-N9NM12L6WW9O4OWEOYUL,2026-04-18 16:55:58,2026-04-18,PRD-W7AKXPOEN0JO,CLI-YXXH6PV9NV1T,Transfer,,527342.75,ARS,1506.69,POS,,,,Argentina,La Plata,Approved,00,False,,,
TRX-TIGE2S2QFOS78BCGNLIW,2026-04-18 11:44:01,2026-04-18,PRD-YCQU79S08M6I,CLI-3AQ5G1OSA9IO,Payment,Food,7671976.28,COP,1917.99,App,,,,Colombia,Cartagena,Approved,00,False,29.24,,
TRX-A4XPWHBHI2XS47D5T2TS,2026-04-18 14:01:22,2026-04-18,PRD-XMHYEINGSB28,CLI-9KEOQHLY3JP1,Transfer,,5254.46,USD,,POS,,,,USA,Miami,Approved,00,False,24.27,5.6895267,
TRX-ELLTPAGXMK4TVDG9IET2,2026-04-19 03:28:50,2026-04-18,PRD-7FEWCZ7EIDX9,CLI-RWHL2CF25NDX,Payment,,1037.94,USD,,Web,,,,México,,Declined,51,False,,,
TRX-D8OZ9GAEH4I0I6G6Z593,2026-04-18 08:26:40,2026-04-18,PRD-AOW8N4CUYF0S,CLI-OLETIH7LYDUA,Withdrawal,,1623323.76,COP,405.83,App,,,,Colombia,Cali,Approved,00,False,8.43,,
TRX-ZOJ7GX4JDPGLBDHAWD3Z,2026-04-18 16:09:49,2026-04-18,PRD-E69YCVADI1JQ,CLI-HVT5M51NC3IW,Purchase,Health,969830.38,COP,242.46,ATM,,Laboratorio Central,Health,Colombia,Cali,Approved,00,False,25.12,4.000691,-74.549144
TRX-SXCUGY31LHTQFWZ4JGC2,2026-04-18 10:39:29,2026-04-18,PRD-YEMB9N5RAF6J,CLI-8RMVPVWFCUO9,Adjustment,,431.37,USD,,POS,,,,México,Ciudad de México,Approved,00,False,,0.8641935,0.1332268
TRX-WVPKEPAYBAKW48DDIUKW,2026-04-18 07:23:40,2026-04-18,PRD-6H87L6T9795V,CLI-2366DR0Z51YG,Transfer,,621.18,USD,,POS,,,,Spain,Madrid,Approved,,False,16.93,,
TRX-DZ7KKOOVQUUIBX7IIE6J,2026-04-18 06:50:26,2026-04-18,PRD-08BSLFFZVLKZ,CLI-A55OIEACDYHN,Payment,Health,1715.21,USD,,ATM,SUC-8P0IDMOM,,,México,Querétaro,Approved,00,False,7.17,,
TRX-MRM1GNKQ74J3W3D5RG5J,2026-04-18 16:38:05,2026-04-18,PRD-UIQNS05OQIJJ,CLI-O5WYZ672EOKN,Transfer,,2295.97,USD,,Web,,,,México,Monterrey,Approved,00,False,24.89,,
TRX-6BGK7B19QB4VAL8NMM94,2026-04-18 15:27:13,2026-04-18,PRD-HNM0LK7IMZKT,CLI-7ZTSAAC7PNMN,Withdrawal,,272.93,USD,,App,,,,México,Puebla,Approved,00,False,28.66,,
TRX-ZF01YK3NZNZFUG0CUUCF,2026-04-18 16:59:44,2026-04-18,PRD-O4YB4MFUJSHW,CLI-Y15D6XABQVO0,Transfer,,9275653.68,COP,2318.91,App,,,,Colombia,Cali,Approved,00,False,15.44,,
TRX-AB59U5JHEC0PFMRRAIVH,2026-04-18 15:52:54,2026-04-18,PRD-ZCJ92YLN5RZM,CLI-X2MF1HICH9ON,Purchase,Services,105006.68,ARS,300.02,POS,,Internet Plus,Services,Argentina,La Plata,Approved,00,False,11.98,,
TRX-BNGPK69S2MT407N8V90C,2026-04-18 13:52:40,2026-04-18,PRD-13FC7B8L1CK7,CLI-SQ64LT2L64LU,Withdrawal,,272.11,USD,,POS,,,,Mexico,Puebla,Approved,00,False,18.08,,
TRX-KXLLM0OPZUPXKU0UJOXY,2026-04-19 00:11:35,2026-04-18,PRD-IM76W7S1DLFN,CLI-DDVF3CL8WEP4,Transfer,,8823.82,USD,,ATM,SUC-SDXPHMG4,,,México,Guadalajara,Approved,00,False,,-0.8214499,0.2206191
TRX-0YNKY3VGL1O4BBCEI98I,2026-04-18 21:56:45,2026-04-18,PRD-W8CDGA6BRMPH,CLI-5EP8C5WE3I82,Withdrawal,,1311758.8,COP,327.94,Web,,,,Colombia,Medellín,Declined,05,False,11.9,,
TRX-J66P8SCQB4JDLJDJ1PP3,2026-04-19 02:10:11,2026-04-18,PRD-6WX8GAVKLL68,CLI-18BIOAM5EAXX,Transfer,,3379.09,USD,,POS,,,,México,Querétaro,Approved,00,False,,,
TRX-YMJ7DZIDSCR4ODC0FX70,2026-04-18 23:57:14,2026-04-18,PRD-UU7ZEXQXB85K,CLI-N7N4LZYXHGYO,Transfer,,1117.32,USD,,ATM,SUC-H4YG9DLY,,,México,Tijuana,Approved,00,False,,-0.2161727,0.4355853
TRX-9TB4IH4OW7HBOM7GDMOQ,2026-04-18 12:30:54,2026-04-18,PRD-TBMOX5ADTMCW,CLI-DFOH4GKXNH9J,Purchase,Food,5084.88,ARS,14.53,App,,Mercado Central,Food,Argentina,Buenos Aires,Approved,00,False,6.06,,
TRX-1VB832MIRJ68FUN9XCF2,2026-04-18 21:16:03,2026-04-18,PRD-NU9SNI7W3FE2,CLI-BBTAF58PPFEL,Transfer,,7154.78,USD,,POS,,,,México,Puebla,Approved,00,False,6.06,,
TRX-UVYNL4F1939G3F004YF2,2026-04-18 20:43:28,2026-04-18,PRD-WVBBTAQ9Z66Q,CLI-4ZEWJU000DAD,Payment,Entertainment,881.47,USD,,Web,,,,México,Monterrey,Approved,00,False,27.19,,
TRX-28I3YI74XA6YPZGC5IY2,2026-04-18 14:18:20,2026-04-18,PRD-XFGAUI4IPWAP,CLI-EOASBAPWW9QY,Purchase,Entertainment,153988.72,ARS,439.97,ATM,SUC-571XLYQB,Conciertos Live,Entertainment,Argentina,Córdoba,Approved,00,False,18.65,-34.9436424,-58.5066509
TRX-OOXW1UCLCN6UJLQU3S6Q,2026-04-19 01:37:46,2026-04-18,PRD-Y8EJVSQORDBH,CLI-8M054EY9H4MS,Deposit,,15281981.21,COP,3820.5,POS,,,,Colombia,,Approved,00,False,22.15,3.9593057,-74.3003149
TRX-K5EMARQ2HYDGZQG75EVY,2026-04-18 19:09:35,2026-04-18,PRD-HTUSIP1WE9XZ,CLI-FYMVB5UTC7WS,Withdrawal,,155.22,USD,,Web,,,,México,Querétaro,Approved,00,False,19.81,,
TRX-XKRF7OPHBZZBNC8NQ6ID,2026-04-18 23:34:28,2026-04-18,PRD-JMP5IZEME42C,CLI-1QGED5GHACK4,Purchase,Transport,485.42,USD,,Branch,SUC-QTWR8S76,Uber,Transport,México,Guadalajara,Approved,00,False,,0.9466446,-0.6996184
TRX-HYAUKLGJFHY7E644FUVH,2026-04-18 19:12:37,2026-04-18,PRD-SH0L95B1U069,CLI-2DZGD3XYD9J3,Deposit,,1566.3,USD,,ATM,SUC-QTWR8S76,,,México,Guadalajara,Approved,00,False,27.81,,
TRX-YGNH4YIRPKANYRLT7X96,2026-04-18 14:54:29,2026-04-18,PRD-SJMPVSN0CPKR,CLI-0IK03Z4QLIHX,Withdrawal,,190.08,USD,,POS,,,,México,,Approved,00,False,2.65,-0.4622202,0.8580951
TRX-SHLXDNOZ9Q04CG0RMAOZ,2026-04-18 20:38:26,2026-04-18,PRD-MS7L01VASZZR,CLI-COB745VSF8WZ,Deposit,,2126188.9,COP,531.55,POS,,,,Colombia,Cartagena,Approved,00,False,6.3,,
TRX-GUOMYKZZL4NYXRNO5RDV,2026-04-18 13:43:29,2026-04-18,PRD-SVHS7N6LBJPW,CLI-KS4X1AQCSCHM,Deposit,,4305.68,USD,,ATM,SUC-ADIYTS49,,,México,Querétaro,Approved,00,False,,,
TRX-3MCJ5YHO0UTPXMTGY93D,2026-04-18 19:03:56,2026-04-18,PRD-WSWQRWAE9FGG,CLI-7WV91901AV8Z,Withdrawal,,22.98,USD,,ATM,SUC-LWQND6S8,,,Colombia,Cartagena,Approved,00,False,25.34,,
TRX-1O6XYKF26K00KUM8OMQZ,2026-04-18 22:55:49,2026-04-18,PRD-G392S6SU9RK6,CLI-N4CIONNY6CI2,Withdrawal,,473343.57,COP,118.34,App,,,,Colombia,Medellín,Approved,00,False,,,
TRX-GVZ29YSHXVOM0ODIDIT9,2026-04-18 14:17:32,2026-04-18,PRD-O0TCTZFWUFF9,CLI-WT37VD8BXECD,Payment,Food,1958.75,USD,,ATM,SUC-8HPG0AE8,,,México,Guadalajara,Approved,00,False,2.94,0.7035252,-0.7160869
TRX-Z6L4W4DQSXH0S8XL4ES5,2026-04-18 17:21:53,2026-04-18,PRD-SGNHBE9RQFXQ,CLI-Z6PL54KTL2PT,Transfer,,2770.74,USD,,ATM,SUC-7T5LBQT3,,,México,Ciudad de México,Approved,00,False,8.21,0.0950231,-0.2623204
TRX-GZZ7F0XJ5ROHPILW2WV1,2026-04-19 05:49:01,2026-04-18,PRD-17HU7RGVOSU3,CLI-E6F37RVJCXRR,Transfer,,3647.61,USD,,ATM,SUC-NZJH5BG1,,,México,Ciudad de México,Approved,,False,21.37,,
TRX-411XWTJABO84JD42XL2H,2026-04-18 12:58:35,2026-04-18,PRD-QSKKJZG09IIK,CLI-S8XWZVCA8WAS,Transfer,,27382291.75,COP,,App,,,,Colombia,Cali,Approved,00,False,,,
TRX-6X5SNUM9QJKB4TXH3XXT,2026-04-18 07:47:07,2026-04-18,PRD-9BMFOS7OGMGR,CLI-FXWQCF2U76TD,Payment,Services,1208.66,USD,,ATM,SUC-6IDFK4L9,,,Spain,Barcelona,Declined,51,False,29.97,,
TRX-946DIP7AXRF0EU8T0HUL,2026-04-18 13:57:46,2026-04-18,PRD-86NGJKNO0SC6,CLI-E69HPZTLZHMT,Withdrawal,,1721272.73,COP,430.32,POS,,,,Colombia,Cali,Approved,00,False,5.96,,
TRX-SYLR5QDVY83M1GLH9DGC,2026-04-18 07:29:06,2026-04-18,PRD-BUTYJCTPZT8K,CLI-H4C0ZFGVG6N1,Transfer,,7080.67,USD,,App,,,,México,Monterrey,Approved,00,False,,,
TRX-MU4G0TUVV04CWPBH0B1E,2026-04-18 07:25:16,2026-04-18,PRD-RN3SLNQ59DP6,CLI-HD8ALNMKIVKA,Withdrawal,,382.41,USD,,POS,,,,México,Guadalajara,Approved,00,False,0.78,,
TRX-K1HBWZZXK4PXMSOB15K4,2026-04-18 22:38:03,2026-04-18,PRD-62F0E2MAOG5W,CLI-UDMUGI1P5B87,Purchase,Other,310.24,USD,,POS,,Ferretería,Other,México,Puebla,Declined,14,False,11.69,,
TRX-OIZA3NDUXZIG7BLJB6V1,2026-04-18 07:02:59,2026-04-18,PRD-2IUC0RAHIG1J,CLI-VFVTNSL2394G,Deposit,,793.81,USD,,ATM,SUC-F1BZEJXJ,,,México,Ciudad de México,Approved,00,False,,,
TRX-VGGBTNK03ZO6BZ7FZWWV,2026-04-18 08:04:13,2026-04-18,PRD-DAM950RME50M,CLI-WESZXTR0VUM8,Withdrawal,,972666.87,COP,243.17,POS,,,,Colombia,Bogotá,Approved,00,False,,,
TRX-WDJ7O8MAXLHBVD85VPW3,2026-04-18 12:30:26,2026-04-18,PRD-KJD36KJCFQ42,CLI-DO14ZM6QQ8QS,Withdrawal,,383.92,USD,,POS,,,,México,Puebla,Approved,,False,2.6,-0.0571415,0.0003764
TRX-CNR2DTWP0FD7UXUYZ9G5,2026-04-18 23:45:19,2026-04-18,PRD-MS23K9IBZEDR,CLI-78MRH9AI3ZEY,Payment,Health,7323501.54,COP,1830.88,Web,,,,Colombia,Barranquilla,Approved,00,False,,,
TRX-ZCE1R40TCHXNUT0JVYVO,2026-04-19 01:39:10,2026-04-18,PRD-L58BMBWRRSCT,CLI-1KSX4VRATSGP,Transfer,,8021.48,USD,,App,,,,México,,Approved,00,False,,,
TRX-FXBTH0BW84RMCI1Z7T2N,2026-04-18 13:46:49,2026-04-18,PRD-GPBV4QPPS62D,CLI-9KJWHEPOTMY4,Payment,Transport,875.63,USD,,POS,,,,México,Tijuana,Approved,00,False,,,
TRX-QIMQ912750YA2VT8OHE9,2026-04-19 01:55:28,2026-04-18,PRD-QZQIBYU342V4,CLI-U4FU2USVPYCO,Transfer,,31128548.34,COP,7782.14,Transfer,,,,Colombia,Cali,Approved,00,False,28.09,,
TRX-X8IKSTW7MM4NTZF4ARJX,2026-04-19 04:42:54,2026-04-18,PRD-WLEURDS8PMUJ,CLI-EK85ND1GU09N,Transfer,,8774.65,USD,,ATM,SUC-N1ZUF3PF,,,México,Monterrey,Declined,14,False,15.45,-0.6853668,-0.7745362
TRX-YTHYYAJ0UT0DEJP1TQDB,2026-04-18 18:48:45,2026-04-18,PRD-8OZ5LD9G37Q1,CLI-GE7G0MXZ9NZS,Deposit,,17018234.85,COP,4254.56,App,,,,Colombia,Medellín,Approved,00,False,28.83,,
TRX-Z6Y6ZCS7AY1C0L9SIVSU,2026-04-18 19:34:13,2026-04-18,PRD-8CXNPCB4XS8O,CLI-XAU7C46R6IEH,Deposit,,3253.53,USD,,ATM,SUC-552N76DP,,,México,Puebla,Approved,00,False,19.41,,
TRX-JKFOZ31KD5J4ISXGV2LS,2026-04-18 09:30:34,2026-04-18,PRD-ME6F9C8I335V,CLI-4DTR272YPQD4,Transfer,,23615231.05,COP,5903.81,POS,,,,Mexico,Puebla,Approved,00,False,5.1,,
TRX-9L1PQRMK1N8SRAOIZP43,2026-04-18 15:22:42,2026-04-18,PRD-E2FOLVO7LQSD,CLI-75VFLQSO1AZY,Payment,Transport,924.78,USD,,ATM,SUC-OZH64PX1,,,México,Tijuana,Declined,14,False,,,
TRX-R0NERO231SYYTRO3M8AY,2026-04-18 10:19:09,2026-04-18,PRD-UVVDYWFAQDXC,CLI-0X6RQGO4RHZJ,Transfer,,8400.25,USD,,Web,,,,México,,Approved,,False,18.2,,
TRX-DQTCIV9GDQ3DH1A64031,2026-04-18 10:28:44,2026-04-18,PRD-93YCWV06LA5L,CLI-K51C6E4LF031,Transfer,,1695027.45,ARS,4842.94,Web,,,,Argentina,Rosario,Approved,00,False,16.81,,
TRX-4MEJYDEA42KGIJT8VWUF,2026-04-19 04:37:37,2026-04-18,PRD-10EBMBBUKKB0,CLI-3DQMI0LYRQCB,Payment,Other,631218.44,COP,157.8,ATM,SUC-A6PLAS9M,,,Colombia,Bogotá,Approved,00,False,9.15,,
TRX-L4HJ6H94DID0TH8PLDJQ,2026-04-18 09:39:44,2026-04-18,PRD-NTIR16TMQ2IE,CLI-7ZFMWLUMD8E6,Purchase,Transport,221.79,USD,,ATM,SUC-7T5LBQT3,Taxi Seguro,Transport,México,Ciudad de México,Approved,00,False,7.81,0.6211064,0.1208706
TRX-9UR078U5CN12Y4I5M067,2026-04-18 10:51:27,2026-04-18,PRD-80H91YKLD6IH,CLI-YETSG4UC19PB,Transfer,,324880.82,ARS,928.23,ATM,SUC-ZSZKWMJL,,,Argentina,La Plata,Approved,00,False,,,
TRX-F0SV30KZATD7J4JEVYB1,2026-04-18 16:13:36,2026-04-18,PRD-8K2NHXIAML2D,CLI-IKGBCUSO96HR,Withdrawal,,421.48,USD,,ATM,SUC-TVNO2KL5,,,México,Monterrey,Approved,00,False,0.74,,
TRX-R9U0UL7GGKTD5O0QN56J,2026-04-19 01:20:30,2026-04-18,PRD-7PP34J9AO5X7,CLI-YH7ZWCG5936W,Transfer,,11416576.44,COP,2854.14,POS,,,,Colombia,Bogotá,Approved,00,False,17.87,,
TRX-FIQ97MKVF6165GAAXV8I,2026-04-19 03:33:04,2026-04-18,PRD-YO9H38OZFXCD,CLI-V540R9GMMRHM,Purchase,Food,548048.52,COP,137.01,POS,,Mercado Central,Food,Colombia,Cartagena,Approved,00,False,2.31,,
TRX-OCEIE9B7QA6UDV16ORYQ,2026-04-18 09:09:11,2026-04-18,PRD-PIU6T413QQ2G,CLI-HWMWB5B2H621,Transfer,,119263.4,ARS,340.75,POS,,,,Argentina,La Plata,Approved,00,False,18.63,-34.8266288,-57.8292844
TRX-HMZNHHQXGAPSBEC6Z9LX,2026-04-18 11:22:14,2026-04-18,PRD-86U0IFQOJV76,CLI-C87K743O597G,Transfer,,36088425.93,COP,9022.11,POS,,,,Colombia,Bogotá,Approved,00,False,16.09,,
TRX-RKIJ4MEJX5RMIO6LKNGK,2026-04-18 08:33:11,2026-04-18,PRD-WQ009FDF7F4C,CLI-B16FDML06A3C,Deposit,,5524437.17,COP,1381.11,POS,,,,Colombia,Cali,Approved,00,False,17.42,,
TRX-AU8GFG2IFSE6C8VWPCK8,2026-04-18 22:52:55,2026-04-18,PRD-CR84Y9N96DZJ,CLI-ETAUAR84A503,Deposit,,1060.13,USD,,ATM,SUC-9YYT37NY,,,México,,Approved,00,False,6.37,0.0747399,-0.6183983
TRX-0DLVPK3GPH7VMWJWF7JK,2026-04-18 09:33:23,2026-04-18,PRD-8CM1ZKD9G8A7,CLI-0CQIJ9HTG758,Payment,,1616.15,USD,,POS,,,,México,,Approved,00,False,,,
TRX-73VELPUN9FAQ9BRPW6DG,2026-04-18 21:30:32,2026-04-18,PRD-B7BE4ZEJ7UPE,CLI-VI4SXE2W88D9,Deposit,,1472.13,USD,,App,,,,México,Puebla,Approved,00,False,25.86,,
TRX-NP6MO7DXW6FO8TVQO13J,2026-04-18 07:09:36,2026-04-18,PRD-V5PR2XH19ABB,CLI-BPS9U8OBUV14,Transfer,,9247.72,USD,,ATM,SUC-POHHKXPA,,,México,Puebla,Approved,00,False,19.54,,
TRX-RI3988TF5471GV534IY3,2026-04-18 13:23:25,2026-04-18,PRD-M51ZPLXKUC6E,CLI-QBU8K37Z7I4U,Withdrawal,,316.91,USD,,POS,,,,México,Querétaro,Approved,,False,12.54,,
TRX-MRD4LA9618QK08M2PTO7,2026-04-18 15:43:54,2026-04-18,PRD-C0PBF10WDDK5,CLI-PVTA0YY3TBKM,Purchase,Food,120.87,USD,,ATM,SUC-JJT8C9XQ,Mercado Central,Food,México,Guadalajara,Approved,00,False,,0.8680803,0.7942037
TRX-IW0EAWSKR0ZBHN44TYA1,2026-04-18 21:10:54,2026-04-18,PRD-UGP5ZS14SPK8,CLI-7RALX87QIYXF,Deposit,,2997.43,USD,,ATM,SUC-2ATW7QMQ,,,México,Ciudad de México,Approved,00,False,9.45,,
TRX-L4VQAD0354ZGPIVRH2QI,2026-04-19 02:32:32,2026-04-18,PRD-6H3M0D9Y5W00,CLI-2KHS4Y0HW830,Purchase,,318.62,USD,,ATM,SUC-337QKO7D,Tienda General,Other,México,Ciudad de México,Approved,00,False,0.02,,
TRX-B925THR0Y7FJR93W22S5,2026-04-18 10:43:13,2026-04-18,PRD-QKVE7ZOOHKV1,CLI-WDZYSUG3EVZO,Purchase,Food,432.7,USD,,Web,,Mercado Central,Food,México,Tijuana,Approved,00,False,26.69,,
TRX-YC0RAHL5YZ99V48WBPAY,2026-04-18 20:53:04,2026-04-18,PRD-WUNB2ADD8GZD,CLI-HUCY9V4U9XD5,Withdrawal,,210.5,USD,,App,,,,México,Guadalajara,Approved,00,False,21.1,,
TRX-5E8ZG4WSMVAJWNYE99B3,2026-04-18 07:30:36,2026-04-18,PRD-L7Z8PMNVORAE,CLI-E3DIY9S0DS62,Deposit,,15242420.08,COP,3810.61,POS,,,,Colombia,,Approved,00,False,27.83,,
TRX-8V7FHUY785M3FQIDRG4M,2026-04-18 13:27:43,2026-04-18,PRD-4ZFY7EXC3Z02,CLI-YI46KE6S1BXG,Purchase,Food,495.12,USD,,Web,,Tienda Don José,Food,México,Tijuana,Approved,00,False,15.02,,
TRX-95W7GS76XDUQ97J06QDL,2026-04-19 01:12:57,2026-04-18,PRD-S8VXY7L38977,CLI-6E1EEXHV803X,Transfer,,23294871.66,COP,5823.72,App,,,,Colombia,Cartagena,Approved,00,False,19.48,,
TRX-TDBUCK6HH4IFI1T9BFEP,2026-04-19 04:40:29,2026-04-18,PRD-NEHS85L2OP8Z,CLI-OSQ26KZY497J,Withdrawal,,216.65,USD,,POS,,,,México,Monterrey,Approved,00,False,18.13,,
TRX-4MAY4KT1FKWN46G98HOP,2026-04-19 01:12:54,2026-04-18,PRD-1PNYQOKRY2KE,CLI-JJDSCK1C1AYC,Purchase,Health,45.04,USD,,Transfer,,,Health,México,Ciudad de México,Approved,,False,7.13,,
TRX-3PNNBLSNDXZXQA1BKK8J,2026-04-18 12:15:54,2026-04-18,PRD-PAIJ03JPL9S7,CLI-EORVI9IAA9XQ,Transfer,,13136482.44,COP,3284.12,Web,,,,Colombia,Barranquilla,Approved,00,False,26.89,,
TRX-GURC9LGZ9728QCKJKO46,2026-04-18 13:11:23,2026-04-18,PRD-4CBIQGFRHAS3,CLI-MOYONQTTM10D,Transfer,,2278520.16,ARS,,Web,,,,Spain,Madrid,Approved,,False,14.3,,
TRX-A62OUU4OBQX2VIZKW2Y2,2026-04-18 11:40:36,2026-04-18,PRD-F0LG8Q2LXTQ6,CLI-7KQRMR53W4KT,Transfer,,9639.16,USD,,Web,,,,México,,Approved,00,False,4.36,,
TRX-CA8VV6OEZGZTHFSY1PUE,2026-04-18 23:31:16,2026-04-18,PRD-PXQV41AE360W,CLI-1A8KBC8TCY19,Transfer,,4162.24,USD,,Web,,,,Colombia,Medellín,Approved,00,False,16.91,,
TRX-ZTXLTK1AMQP4L38S6C4Z,2026-04-18 12:07:26,2026-04-18,PRD-9YCEZUGNS0ZZ,CLI-QEVIBBJMS44M,Payment,Health,839.3,USD,,POS,,,,México,,Approved,00,False,4.93,0.2850358,0.8606345
TRX-JZTWSFDB5BIMVOHZUYGU,2026-04-18 17:18:44,2026-04-18,PRD-36JIMENJVJIS,CLI-AGE8PJ2OQBT0,Deposit,,1660.6,USD,,POS,,,,México,Ciudad de México,Approved,00,False,25.13,0.3915641,0.7993243
TRX-UG79N46JZPQLRUDATK1Y,2026-04-19 04:25:16,2026-04-18,PRD-MB5ENYAEIITX,CLI-SUBOUA4P6WJP,Transfer,,1928436.19,ARS,5509.82,Web,,,,Argentina,Rosario,Declined,05,False,28.0,,
TRX-ILGAFFLB8UNW3ZOD17I7,2026-04-19 04:31:17,2026-04-18,PRD-SU6C0PGXB096,CLI-2GD225BKJDM3,Transfer,,21798771.52,COP,5449.69,App,,,,Colombia,Bogotá,Reversed,14,False,12.01,,
TRX-TMX8BD5O5WNU7RJX7PKV,2026-04-19 04:25:36,2026-04-18,PRD-L93ZGJJVHG7U,CLI-QDMNPPPO9NV2,Payment,Other,535.28,USD,,POS,,,,México,Guadalajara,Approved,00,False,1.05,,
TRX-ZLU4LK00UKOEP5RIVQ32,2026-04-18 12:25:40,2026-04-18,PRD-7ONZJSF4EJ1H,CLI-EVQQF5AS518V,Adjustment,,127872.61,ARS,365.35,ATM,SUC-3JIR51SL,,,Argentina,Córdoba,Approved,00,False,2.68,,
TRX-TSBVGGCOUIKJ4UWTEWC9,2026-04-18 08:14:27,2026-04-18,PRD-GBDSUQ46KNWO,CLI-SL8C47NLIGYG,Purchase,Services,465.63,USD,,ATM,SUC-P3KNB4PY,Internet Plus,Services,México,,Approved,00,False,16.68,-0.2533998,-0.6905068
TRX-0GSEZALK9KRAJ17PIR8O,2026-04-19 05:00:13,2026-04-18,PRD-MFOIV4YRU0K6,CLI-5M6I6M7P9KPA,Payment,Health,220.38,USD,,App,,,,México,Monterrey,Approved,,False,,,
TRX-M6T2YJWTQC10B1J0GU6O,2026-04-18 15:34:10,2026-04-18,PRD-2VC0QVLJCKBM,CLI-FVLROB1KDANF,Purchase,Food,210.25,USD,,ATM,SUC-RAI81ICG,Restaurante El Buen Sabor,Food,Argentina,Rosario,Approved,00,False,28.47,,
TRX-C67VJF1HM0SEADZVYMAF,2026-04-18 18:34:36,2026-04-18,PRD-EX9ILGSA2ABC,CLI-PMOMPVOE61VJ,Purchase,Services,1252410.07,COP,313.1,Web,,Internet Plus,Services,Colombia,Barranquilla,Approved,00,False,,,
TRX-GGPRCDIWHDY0YS55MVM4,2026-04-18 07:48:26,2026-04-18,PRD-3BYRBP7GXJIG,CLI-5HVEVR41TOYK,Transfer,,10830400.09,COP,2707.6,POS,,,,Colombia,,Approved,00,False,13.17,5.5910219,-73.5706444
TRX-N5MJWG1PXR8CWJMKL8CD,2026-04-18 12:56:45,2026-04-18,PRD-YP4XIC0CUBR6,CLI-TSR97TTNNKXB,Withdrawal,,1112968.38,COP,278.24,POS,,,,Colombia,,Approved,00,False,26.92,,
TRX-SP374REGPEJDU1VDVTA9,2026-04-18 10:10:16,2026-04-18,PRD-2XIOOGHX0AAZ,CLI-QVDT7P2N1E42,Purchase,Entertainment,197.88,USD,,Web,,Cine Premium,Entertainment,México,Monterrey,Approved,00,False,17.28,,
TRX-KZBG6N344T6QUYSFW9ZK,2026-04-19 05:12:10,2026-04-18,PRD-PTSPOB2N8I1M,CLI-8F9Q0DTG0U80,Purchase,Food,29369.27,ARS,83.91,POS,,Tienda Don José,Food,Argentina,Buenos Aires,Approved,00,False,7.46,-34.8386984,-57.628713
TRX-35P83QVN1FURRDS2SRNW,2026-04-19 02:18:25,2026-04-18,PRD-FLH5N88Y1CRB,CLI-ZN7ZA7OG9F2Q,Transfer,,7509.85,USD,,Web,,,,México,Guadalajara,Approved,,False,21.75,,
TRX-JJB9VER2FGCJF3LV6GF6,2026-04-19 03:41:38,2026-04-18,PRD-XZ2BJ69QP7F9,CLI-VELHQX23Q5R0,Transfer,,8461.7,USD,,POS,,,,Argentina,Mendoza,Approved,00,False,,-34.031323,-59.3628686
TRX-0QYTMD881DCBN46NXFBF,2026-04-19 02:17:46,2026-04-18,PRD-MS2MAXG4BILU,CLI-CFZCGM6438N5,Withdrawal,,264.73,USD,,ATM,SUC-OLTX380V,,,México,Ciudad de México,Approved,00,False,1.73,,
TRX-945CVKH546JL74A4KH2C,2026-04-19 04:55:02,2026-04-18,PRD-55K40APJLAD1,CLI-6JPEIANQM5O2,Withdrawal,,1095894.03,COP,273.97,ATM,SUC-DLYE60QN,,,Colombia,Bogotá,Approved,00,False,18.39,4.1030268,-73.7498527
TRX-0X0BBRJ4RZHRAW00R92M,2026-04-18 12:07:35,2026-04-18,PRD-RDA6NAGWDJ7C,CLI-VW125YK8224Z,Withdrawal,,253.08,USD,,ATM,SUC-JGJN78RV,,,México,Tijuana,Approved,00,False,3.69,,
TRX-DH4BO8FXKWTBQQHAXHBT,2026-04-18 18:12:48,2026-04-18,PRD-S504G9Y5JRT9,CLI-YQPD8T11H1XT,Withdrawal,,347.59,USD,,POS,,,,México,Monterrey,Approved,00,False,13.51,0.4066161,-0.8351866
TRX-P7L9N990UMK7Z5RVF1DA,2026-04-18 12:33:20,2026-04-18,PRD-NKCE3TWZ0MKU,CLI-KSLEQ93IETMR,Purchase,Services,174.98,USD,,ATM,SUC-9J6GQRJ4,Cable TV,Services,México,Ciudad de México,Approved,00,False,15.14,,
TRX-DECYE5Z3ZK2MDA7X6PA2,2026-04-18 21:40:27,2026-04-18,PRD-H0SDXQ0486JL,CLI-C56R0SQQS7MO,Purchase,Services,781412.87,COP,195.35,POS,,Internet Plus,Services,Colombia,Medellín,Approved,00,False,20.53,3.8254694,-73.654944
TRX-UWF54NSU6G5O6Q2CPTDD,2026-04-18 12:49:37,2026-04-18,PRD-GUHHSPZB2IJX,CLI-OT9XVGO3I8OB,Deposit,,1678.12,USD,,POS,,,,México,Tijuana,Approved,00,False,16.75,,
TRX-9QBV7RNIIDG9SS0RFXHQ,2026-04-18 23:50:00,2026-04-18,PRD-VFRP21Y639G7,CLI-C2ZXF5U1R3JL,Payment,Other,1828.71,USD,,Web,,,,México,Tijuana,Approved,00,False,,,
TRX-E5THE9UGXR33SA7TK6RK,2026-04-18 07:00:23,2026-04-18,PRD-KYBY9V81CGQ2,CLI-Q9JL9SQO35LD,Purchase,Transport,528121.82,COP,,POS,,Estación de Servicio,Transport,Colombia,Medellín,Approved,00,False,20.36,4.4188298,-73.4629987
TRX-LOON37YK19N2M3O0DRTT,2026-04-18 10:39:43,2026-04-18,PRD-RSND0W8GXCFH,CLI-JXC5UH0KXJ6N,Transfer,,1731.59,USD,,POS,,,,México,Guadalajara,Declined,05,False,0.26,-0.6416387,-0.4166458
TRX-13Z5GU90TIBVYJWEX445,2026-04-19 02:09:04,2026-04-18,PRD-52TJTCHNSVRU,CLI-XX4X0WBFWGHJ,Payment,Other,2527393.0,COP,631.85,POS,,,,Colombia,Cali,Approved,00,False,5.74,,
TRX-AY00YJEGCU01YICQN4E7,2026-04-19 01:55:45,2026-04-18,PRD-824RI7IN9P4F,CLI-GE1OP1BL7Z89,Withdrawal,,44793.99,ARS,127.98,ATM,SUC-06H3RFFA,,,Argentina,La Plata,Pending,05,False,13.02,,
TRX-VBKMUGV8N3YK5N0AYYLY,2026-04-19 01:25:12,2026-04-18,PRD-RRH0JPY41KEJ,CLI-ML0RNFGQ6PA2,Purchase,Food,61.56,USD,,POS,,Mercado Central,Food,México,,Approved,00,False,,,
TRX-FULLCNS6K0NBUYRHS3N5,2026-04-18 11:06:24,2026-04-18,PRD-IJYWRVTV0O5Q,CLI-4BGNYXDD2DGS,Withdrawal,,1376630.55,COP,344.16,App,,,,Colombia,Medellín,Approved,00,False,1.04,,
TRX-3WUPN6GN1PEOOQM69V60,2026-04-18 11:47:33,2026-04-18,PRD-RMN52UXBAOP7,CLI-WFO5OATBJXWV,Withdrawal,,1017572.93,COP,254.39,POS,,,,Colombia,Cali,Approved,00,False,16.94,,
TRX-3G26TTCE6I0J0JP4LKJS,2026-04-18 06:20:49,2026-04-18,PRD-VV50FYZXDCV0,CLI-WUFBT6SOL0LN,Purchase,Food,14.95,USD,,Web,,Tienda Don José,Food,México,Monterrey,Approved,,False,,,
TRX-1WFJ6WQRHY9ACB17YAZY,2026-04-19 01:32:06,2026-04-18,PRD-6B8H7VCI2A59,CLI-EWMGGJAFLLC6,Withdrawal,,1559122.1,COP,389.78,Transfer,,,,Colombia,Cali,Approved,00,False,7.19,,
TRX-3YRK1MS2ZY91L9OQR4DI,2026-04-19 02:12:53,2026-04-18,PRD-529YZT1G3Q4D,CLI-4XI6PUP5IL5W,Purchase,,355.22,USD,,POS,,Mercado Central,Food,México,Ciudad de México,Approved,00,False,23.41,,
TRX-F0AJ7MN20FYRIG1SQD0Z,2026-04-19 05:40:08,2026-04-18,PRD-TTNCIMP83NG8,CLI-QSM79QFG3OKD,Transfer,,2941493.22,COP,735.37,ATM,SUC-2QR0HN01,,,Colombia,Cartagena,Approved,00,False,15.11,,
TRX-CKGY91W3C6IQE4R5QJAJ,2026-04-18 18:27:08,2026-04-18,PRD-MVPXC4R5ZQSE,CLI-9MV8D97SZYT7,Transfer,,2097.47,USD,,POS,,,,México,Tijuana,Approved,00,False,16.06,,
TRX-IAILJHZMD278LR5AGOFJ,2026-04-19 03:29:28,2026-04-18,PRD-CV2E3C38WBRO,CLI-VH3IQY2TAFG0,Payment,Food,1081.38,USD,,POS,,,,México,Monterrey,Approved,00,False,,,
TRX-9YJ57QIBR1A1ANH4TD5L,2026-04-18 18:09:50,2026-04-18,PRD-1UKD48VD2QC7,CLI-D5WI06Q6211O,Transfer,,3274850.67,ARS,9356.72,ATM,SUC-O09F6PWJ,,,Argentina,Buenos Aires,Approved,00,False,5.75,-33.8258557,-57.7033261
TRX-OMFC7BQ0JVTFD355DLU8,2026-04-18 17:58:45,2026-04-18,PRD-9THD3R87T9QD,CLI-7B6BUCESO8PE,Withdrawal,,476.21,USD,,App,,,,México,Tijuana,Approved,00,False,5.34,,
TRX-H061EADFFSNK6H0UPIKB,2026-04-19 00:47:04,2026-04-18,PRD-WHZIVGFJPNOL,CLI-E1VDBOKLDLUQ,Purchase,Health,287.47,USD,,POS,,Laboratorio Central,Health,Colombia,Medellín,Approved,00,False,8.64,5.3993134,-73.4311515
TRX-X5E88DLJ87Z0NUPC7HZQ,2026-04-19 01:40:58,2026-04-18,PRD-V0VZ9EJ6WQ5N,CLI-339C1YRIZOT9,Payment,Health,434.62,USD,,POS,,,,México,Guadalajara,Approved,00,False,21.56,,-0.4721115
TRX-PCCRR3PUJ5GEIHW30CL1,2026-04-18 09:00:29,2026-04-18,PRD-S2COOGGOZLC1,CLI-FGCOAYLD13WT,Withdrawal,,365.12,USD,,App,,,,México,Monterrey,Approved,00,False,24.06,,
TRX-4169C6R4DJC2TKJU7OAN,2026-04-18 12:05:39,2026-04-18,PRD-FYEB86OZ87W2,CLI-NDUYKYC8DZLB,Purchase,Services,379.55,USD,,POS,,Internet Plus,Services,Colombia,Cartagena,Approved,00,False,18.45,,
TRX-VV9DI73QX5KZ7YBUFJ47,2026-04-19 04:45:00,2026-04-18,PRD-0A7BN79352RW,CLI-4ZXXZFS610ID,Withdrawal,,463.2,USD,,Web,,,,México,Querétaro,Approved,00,False,0.03,,
TRX-5Q86R2FF5UMIS0RJUJ95,2026-04-18 16:52:04,2026-04-18,PRD-B8FJTP4JQUX7,CLI-EI3TDYLCIC0G,Payment,Other,261.32,USD,,App,,,,USA,Miami,Approved,00,False,10.87,,
TRX-A6ZPAFBVFRZ408H0EPPN,2026-04-18 09:24:15,2026-04-18,PRD-X5RPQ8LCA3EM,CLI-LPK3AYN8470C,Deposit,,3955.3,USD,,Branch,SUC-7HQXDYLE,,,Argentina,Rosario,Approved,00,False,,-34.3265033,-58.3433616
TRX-YVMF2O6MP9UUAG1UR1JF,2026-04-19 03:55:04,2026-04-18,PRD-936BARCVPUOI,CLI-5M6I6M7P9KPA,Transfer,,5429.01,USD,,POS,,,,México,Monterrey,Approved,00,False,22.32,0.5342912,-0.3533702
TRX-H5VRU7KPQGDZH71WL4TS,2026-04-18 15:37:28,2026-04-18,PRD-WWKGSJ9SL7ZP,CLI-L1QU3IWRCUCD,Transfer,,15695150.92,COP,3923.79,ATM,SUC-WH83BE50,,,Colombia,Medellín,Approved,00,False,,,
TRX-P4QL6LI9XXOXNRD1EBVQ,2026-04-19 03:52:06,2026-04-18,PRD-EATKPIDNHOF3,CLI-WJ8OOD2KPNNG,Purchase,Services,360270.33,COP,90.07,POS,,Servicios Públicos,Services,Colombia,Cartagena,Approved,00,False,21.21,,
TRX-Y0Z65FELJFI4ZO2XS6WY,2026-04-18 23:34:07,2026-04-18,PRD-F9MIJQUE4RQZ,CLI-N8P5TJMG8A6W,Adjustment,,160522.87,ARS,458.64,Web,,,,Argentina,Córdoba,Approved,00,False,,,
TRX-ZV9ZNFYB2MBYS8DKRKW1,2026-04-18 06:53:22,2026-04-18,PRD-PBFJI4EEL856,CLI-LER5LQJJWBEO,Deposit,,4095.63,USD,,ATM,SUC-XUG645G9,,,México,Puebla,Approved,00,False,27.39,,
TRX-D6ZPSDM5VHSEAGWFXBMY,2026-04-18 21:22:22,2026-04-18,PRD-AZZ4F4FXLWEQ,CLI-7JF2WH9DHRD0,Transfer,,3479.85,USD,,ATM,SUC-8GXP9TIM,,,México,Puebla,Approved,00,False,17.46,,
TRX-L5522INNKH8H15XJ1DCO,2026-04-19 01:00:17,2026-04-18,PRD-JVCEIU5426KD,CLI-TW00FF8FZC70,Deposit,,1463688.46,ARS,,ATM,SUC-UVQ9U0YO,,,Argentina,Rosario,Approved,00,False,,,
TRX-JADT2AD75GU84JCOT31H,2026-04-19 03:10:48,2026-04-18,PRD-UYZ8NFQUDG0K,CLI-J6ZNKPWL9NJ4,Payment,Entertainment,813161.5,COP,203.29,POS,,,,Colombia,Cartagena,Approved,00,False,21.52,,
TRX-NZS95T15DT8WRJB4ZQ88,2026-04-18 18:48:20,2026-04-18,PRD-EEPT58YYQ4F3,CLI-JH6Y0N5E92RH,Withdrawal,,1265114.89,COP,316.28,ATM,SUC-4BEKYT6U,,,Colombia,Cartagena,Approved,00,False,18.03,,
TRX-EO1WML1HTA6JLRM931O9,2026-04-19 03:51:35,2026-04-18,PRD-RKM3ZCZD2BOP,CLI-AGB3IQ9FAHJS,Payment,Transport,1671.92,USD,,POS,,,,Argentina,Córdoba,Approved,00,False,11.6,,
TRX-PFEYNRGY9FTHW576QO1U,2026-04-19 05:32:37,2026-04-18,PRD-C5CAGJPEJVA9,CLI-7AOPRGM9TVO7,Payment,Other,1379155.58,COP,344.79,ATM,SUC-2QR0HN01,,,Colombia,Cartagena,Approved,00,False,,,
TRX-C8JU3M85WT5O41BV60VS,2026-04-18 21:49:40,2026-04-18,PRD-L6FVJTOW8MJR,CLI-JP9A7SFNKZ4V,Payment,Services,575646.7,ARS,1644.7,ATM,SUC-39R34AY6,,,Argentina,Buenos Aires,Approved,00,False,0.24,,
TRX-CEPZDCA5U6BAYZ5G8WZ3,2026-04-19 04:23:18,2026-04-18,PRD-97K6IFTH1Z30,CLI-8XSXMPNE7U3J,Deposit,,432501.0,ARS,1235.72,App,,,,Argentina,Mendoza,Approved,00,False,,,
TRX-61RO9NVYFHZ7HTABMKCA,2026-04-19 00:15:26,2026-04-18,PRD-J9FPWE1DNAA0,CLI-BF6G1IA8A3DT,Deposit,,4320.65,USD,,POS,,,,México,Puebla,Approved,00,False,4.42,,
TRX-I2AYO5LC8EB3JFIMPM3Q,2026-04-18 06:49:42,2026-04-18,PRD-D3K4NCY079S2,CLI-6J1HANHURQP7,Deposit,,11257024.43,COP,2814.26,POS,,,,Colombia,Cali,Approved,00,False,5.44,,
TRX-QZDQSWG661BSEQ0CSWV0,2026-04-18 14:14:19,2026-04-18,PRD-F5535NAQY495,CLI-6SZTCDWVV9AA,Purchase,Transport,507083.71,COP,126.77,Branch,SUC-06LBAMRN,Estación de Servicio,Transport,Colombia,Cartagena,Approved,00,False,10.63,,
TRX-B9Z0SZ7EE5FUD4Q33YB5,2026-04-19 00:54:55,2026-04-18,PRD-G19T8FBCSPNB,CLI-R8OJFEMSEQ1V,Transfer,,19089957.97,COP,4772.49,ATM,SUC-P6VSAH4U,,,Colombia,Cali,Approved,00,False,20.21,,
TRX-NVQ3NW9FK8DD2K57NCT5,2026-04-18 17:36:22,2026-04-18,PRD-R70OIO4NLSXE,CLI-UZH0SI0ZRXEZ,Withdrawal,,131.84,USD,,App,,,,México,Monterrey,Approved,00,False,22.06,,
TRX-AI0KUBI4DG7OPPBMZNFK,2026-04-18 10:16:19,2026-04-18,PRD-U4W7B2KGO245,CLI-MY7BHZ1JG32H,Payment,Entertainment,664833.35,ARS,1899.52,ATM,SUC-G7HRTTDE,,,Argentina,Mendoza,Approved,00,False,17.08,-33.9105977,-58.6710548
TRX-ZNHZGT52SLNRJV6WEX3U,2026-04-18 20:05:06,2026-04-18,PRD-6ZMK5XAWK09Z,CLI-QA33AOAPRYNX,Purchase,Services,114238.46,ARS,326.4,ATM,SUC-2VHGDILI,Empresa Telefónica,Services,Argentina,Mendoza,Approved,,False,22.76,,
TRX-CK7QAHSYCZPJXNS2UVDF,2026-04-19 01:53:21,2026-04-18,PRD-XZK7K48LWW9R,CLI-HDPH1V90ALPK,Purchase,Services,1686619.86,COP,421.65,POS,,Servicios Públicos,Services,Colombia,Bogotá,Approved,,False,11.84,,
TRX-GWDF4TOUB0OL9MYT4K62,2026-04-18 12:32:13,2026-04-18,PRD-7SG0LWO5PMZP,CLI-RYQ1WUFJL3B8,Purchase,Other,350.6,USD,,ATM,SUC-98QOW3F1,Tienda General,Other,México,Puebla,Pending,54,False,6.6,,
TRX-LVDAXEMV7RFLKE1O2VZP,2026-04-18 21:09:13,2026-04-18,PRD-GJC8XRVH111K,CLI-ACFEUK440BHJ,Transfer,,6644.87,USD,,ATM,SUC-CJYLJUTF,,,México,Monterrey,Approved,00,False,22.57,,
TRX-FW139AWANF5WL822SSXV,2026-04-18 11:06:00,2026-04-18,PRD-ZWCL5HHSL0LJ,CLI-HB9I31YSJS00,Deposit,,3162.3,USD,,ATM,SUC-QL08OUL0,,,México,Puebla,Approved,00,False,27.59,,
TRX-9N2HEG0G3E195UQ9PQ86,2026-04-18 10:12:33,2026-04-18,PRD-2RHKKNRKMPY3,CLI-02LBVUE0A7AN,Deposit,,1348235.16,ARS,3852.1,ATM,SUC-HBYNA6O6,,,Argentina,Rosario,Approved,00,False,5.56,,
TRX-I9A1ZS1OA5VZVVKXKULM,2026-04-18 17:37:18,2026-04-18,PRD-61FL72EA8XI5,CLI-5B3PXI7DFEVV,Withdrawal,,168229.59,ARS,480.66,Web,,,,Argentina,Córdoba,Approved,00,False,,,
TRX-ZRBAD0JQ54UW1256OX8G,2026-04-19 04:42:15,2026-04-18,PRD-4VJQ0KC42RT6,CLI-OTCXVH6RT22U,Transfer,,17701358.15,COP,4425.34,POS,,,,Colombia,,Approved,00,False,3.07,5.0362943,
TRX-9573BUIUBM13TN5UXGBH,2026-04-18 18:53:47,2026-04-18,PRD-CGUAYBMHSKT1,CLI-D2BSPV30MW10,Purchase,Transport,460663.57,COP,115.17,POS,,Uber,Transport,Colombia,Cartagena,Approved,00,False,,,
TRX-1K0PQ3ITJTITEG5E3QCH,2026-04-18 23:28:03,2026-04-18,PRD-BKB8ODCM705G,CLI-IW8KKG9EHNR9,Adjustment,,236584.73,COP,59.15,ATM,SUC-XXUHP6O3,,,Colombia,Barranquilla,Approved,00,False,18.1,,
TRX-IK6OOHXGO3H27AUNIBVZ,2026-04-18 20:03:55,2026-04-18,PRD-JWVGGZOA67VE,CLI-G9E7HUXME12L,Payment,Services,7461994.17,COP,1865.5,ATM,SUC-22RCTEVV,,,Colombia,Bogotá,Approved,00,False,15.85,,
TRX-H62WG1ZHUYA7H2EVRIIF,2026-04-18 13:40:35,2026-04-18,PRD-XN5I77JCYBQ4,CLI-QGGP3PTGA764,Deposit,,3994.64,USD,,POS,,,,México,Monterrey,Approved,00,False,14.62,,
TRX-XF9JWN3OT2OGJKVEE58J,2026-04-18 10:47:15,2026-04-18,PRD-4ES5LHXH01DO,CLI-4BEI2GWSU7EW,Payment,Entertainment,167014.85,ARS,477.19,ATM,SUC-EHE8V9YO,,,Argentina,Rosario,Approved,00,False,1.24,,
TRX-OG2W0XXRYV6DFMUFEGCG,2026-04-19 01:44:07,2026-04-18,PRD-445BE6BR7NJ3,CLI-ODULR16E652W,Withdrawal,,145674.0,ARS,416.21,POS,,,,Argentina,,Approved,00,False,25.23,,
TRX-70V7UMH5HG9I5PSSZGQU,2026-04-18 23:16:22,2026-04-18,PRD-G6AN1F189Y2D,CLI-0QXPDLGGU0HI,Deposit,,17058071.99,COP,4264.52,Web,,,,Colombia,Barranquilla,Declined,51,False,11.34,,
TRX-LQTZU83ZC1J6VZ4K3J15,2026-04-19 01:18:29,2026-04-18,PRD-HK8XG8XOS21Y,CLI-057YJ1PQEY0F,Transfer,,5958.02,USD,,ATM,SUC-RDJC9IH3,,,México,Querétaro,Reversed,51,False,8.22,,
TRX-4JKRZRLOG7FAV60SSMEI,2026-04-18 16:38:28,2026-04-18,PRD-GR11U60FAZRU,CLI-AOGVJH6HCD7X,Payment,Services,6946871.77,COP,1736.72,App,,,,Colombia,Cartagena,Approved,00,False,5.96,,
TRX-OWI8SXUUYSPHMR8XY8WW,2026-04-18 09:19:01,2026-04-18,PRD-IMZSSABAP2G1,CLI-7SVNTRTV4Y6L,Payment,Services,2101606.21,COP,525.4,POS,,,,Colombia,Cartagena,Approved,00,False,5.48,,
TRX-4R7E28AVGYSPHQ02A7G6,2026-04-18 09:14:54,2026-04-18,PRD-VS1LFIMP4XVY,CLI-YNOGMJCHGOQC,Deposit,,3292.49,USD,,POS,,,,México,Ciudad de México,Approved,00,False,28.14,,
TRX-74EKMBRST67KU73ES6SW,2026-04-18 10:06:52,2026-04-18,PRD-JOEYG2BC4AE3,CLI-V87GVRRMRNAZ,Deposit,,7009715.98,COP,1752.43,Web,,,,Colombia,Bogotá,Approved,00,False,13.54,,
TRX-0QR31Q4QMVC55XBHGETC,2026-04-18 18:50:51,2026-04-18,PRD-9WBZH7TAH01A,CLI-2QEUASTJBRI0,Purchase,Other,1896615.92,COP,474.15,POS,,Boutique Moda,Other,Colombia,Cartagena,Approved,00,False,28.95,,-73.6424351
TRX-9YTOA0W5JL9DC3JGCMZC,2026-04-18 11:07:13,2026-04-18,PRD-O3SC67MD36MT,CLI-VWTLH19YY9IH,Deposit,,892957.32,ARS,2551.31,ATM,SUC-6M2HY1ZX,,,Argentina,Mendoza,Approved,00,False,,-35.3669477,
TRX-79GVMU07BKSLDB2Q3D1A,2026-04-18 16:02:50,2026-04-18,PRD-K5SU7JD0B7M0,CLI-K46ILSVT5Q4F,Purchase,Transport,39753.61,ARS,113.58,ATM,SUC-YO2Y6PA3,Uber,Transport,Argentina,La Plata,Approved,00,False,11.09,,
TRX-XZXKJ95V78ANDPKZJS0J,2026-04-19 01:31:13,2026-04-18,PRD-I91HLSODGKBY,CLI-5O1OEE4O19DR,Withdrawal,,73574.93,ARS,,POS,,,,Argentina,,Approved,00,False,,,
TRX-I0DGDMOLDQITVUGH2XP9,2026-04-18 07:15:30,2026-04-18,PRD-1IBJPY8W2RPQ,CLI-670T78A25EOP,Withdrawal,,96.58,USD,,ATM,SUC-8RYAQ0NO,,,México,Tijuana,Approved,00,False,2.43,,
TRX-U1XVWKUAFP6ZCSXJJ8T4,2026-04-18 16:09:17,2026-04-18,PRD-9V1W0SU9LMLX,CLI-A84J2QKMIBQO,Payment,Services,172361.84,ARS,492.46,ATM,,,,Argentina,Mendoza,Approved,00,False,7.63,-34.0904286,-58.7377957
TRX-6QMSK7L1RY1H6MODHF00,2026-04-18 23:47:56,2026-04-18,PRD-A61XOH8Y4KPA,CLI-1TEC3EIWP64H,Payment,Services,1197.81,USD,,App,,,,México,Guadalajara,Approved,00,False,26.31,,
TRX-5G7I14RBCHEERA33PB8T,2026-04-18 21:06:31,2026-04-18,PRD-VOU1I6FQ1HVQ,CLI-8SLNXLDGJ5E2,Transfer,,7900.62,USD,,ATM,,,,México,Tijuana,Approved,,False,10.74,,
TRX-3DKJGNHVR0H38J93LDUD,2026-04-18 16:28:37,2026-04-18,PRD-F3KP7SK5RLB1,CLI-ISUY6HCEWHCW,Payment,Other,655.21,USD,,Web,,,,México,,Approved,00,False,6.25,,
TRX-KNLC8IL4U1Z2NXOFWKWW,2026-04-18 19:09:23,2026-04-18,PRD-OXYFWTBVAZ53,CLI-QDPLTCSZBS2A,Purchase,Other,1999400.09,COP,499.85,Web,,Boutique Moda,Other,Colombia,Bogotá,Approved,00,False,2.08,,
TRX-2WQJRRW65LDTCIZB95C9,2026-04-18 23:50:55,2026-04-18,PRD-W3HTTHM2B4I1,CLI-2MGDWQUR93HC,Deposit,,18964155.75,COP,4741.04,App,,,,Colombia,Cartagena,Approved,00,False,,,
TRX-92SGJJSP0H5XVNMIIEA9,2026-04-19 02:54:11,2026-04-18,PRD-09URGHHPCCXW,CLI-3ND643QDBQDR,Payment,Health,699410.47,ARS,1998.32,ATM,SUC-0N077NAM,,,Argentina,,Approved,00,False,,,
TRX-6XMB8ZSOVNS6I5J4M1YN,2026-04-18 07:36:31,2026-04-18,PRD-Z7VN86B2LNN9,CLI-C6ZYBN2J59IP,Purchase,Entertainment,44.6,USD,,ATM,SUC-9W1MT1C4,Streaming Music,Entertainment,USA,New York,Declined,54,False,,,
TRX-SJNL776G01XUGSFUBS3C,2026-04-18 14:14:56,2026-04-18,PRD-QUCG088C9AXQ,CLI-JBLG66GDIHV9,Withdrawal,,389772.07,COP,97.44,Web,,,,Colombia,Medellín,Approved,00,False,22.9,,
TRX-5PX6HZA01ESYHSJOZ64I,2026-04-19 04:39:47,2026-04-18,PRD-CZBXQZPVB1TA,CLI-R5B6BDWWT35I,Purchase,Other,131869.07,ARS,376.77,POS,,Ferretería,Other,Argentina,La Plata,Approved,00,False,,,
TRX-O03T924KR8JQJ99EAHG5,2026-04-18 14:38:08,2026-04-18,PRD-DGM6AGQ4ZRPX,CLI-1IIKW4XGXHP5,Withdrawal,,171839.21,ARS,490.97,ATM,SUC-SX32177B,,,Argentina,Córdoba,Approved,00,False,,,
TRX-ILMZTAWZ295T3M9M1F08,2026-04-18 23:38:28,2026-04-18,PRD-3XQBZWQ5EVD9,CLI-FI5C1PVXVATR,Payment,Other,5518207.87,COP,1379.55,App,,,,Colombia,Cali,Approved,00,False,18.82,,
TRX-A4NXX7SMWJXJWEXH1YIN,2026-04-18 10:40:43,2026-04-18,PRD-E53R99C1S9JP,CLI-DONTUJ62DNV0,Adjustment,,1976723.42,COP,494.18,POS,,,,Colombia,Barranquilla,Declined,51,False,9.41,4.0175297,-74.0379015
TRX-ZJV0FX4VA8LWDJTUT19F,2026-04-18 16:18:34,2026-04-18,PRD-UR7X8X4THZVV,CLI-UBE1ZAS37319,Purchase,Other,112511.3,ARS,321.46,POS,,Tienda General,Other,Argentina,Buenos Aires,Approved,00,False,,,
TRX-8LGLDOQBELIBQDEGKM3F,2026-04-18 11:21:11,2026-04-18,PRD-A219CLWPD747,CLI-NIYK3ZFI86NX,Withdrawal,,291.17,USD,,POS,,,,México,Ciudad de México,Approved,00,False,24.33,,-0.1460799
TRX-IAWKFOQQAIQXJZLG360L,2026-04-18 20:53:53,2026-04-18,PRD-H4EPOZNZAQHH,CLI-TABTITT9W7NH,Purchase,Other,326.52,USD,,App,,Centro Comercial,Other,México,Puebla,Approved,00,False,29.81,,
TRX-ISSJ85HJLXDTHJQSXYH7,2026-04-18 09:48:33,2026-04-18,PRD-5IUWKDF9XVVR,CLI-6AX5PM8E5WUF,Withdrawal,,910592.34,COP,227.65,POS,,,,Colombia,,Approved,00,False,0.85,3.7693816,-74.246136
TRX-ESLGO2WRA62Y0MWVQP74,2026-04-18 15:02:57,2026-04-18,PRD-1CDHKWD1YWUM,CLI-5SUCFG1P5B92,Purchase,Transport,418.89,USD,,App,,Taxi Seguro,Transport,México,Puebla,Approved,00,False,28.34,,
TRX-WEOCIC3VVEQQX9QMNDBS,2026-04-18 11:18:57,2026-04-18,PRD-L9NDJ9DE2Z9L,CLI-Z4U1U7YPTBCE,Deposit,,1733.84,USD,,App,,,,México,Tijuana,Approved,00,False,,,
TRX-H7Y0NNVWWKDSNPJFBCUE,2026-04-18 18:36:10,2026-04-18,PRD-3JBJ7JGRX7V2,CLI-3KHPQZ8XZ26D,Payment,Services,579348.39,ARS,1655.28,POS,,,,Argentina,Rosario,Approved,00,False,14.24,,
TRX-8RPHDTOJ4L8HUE9P4OAB,2026-04-19 01:29:58,2026-04-18,PRD-FECD0CI432OU,CLI-YAUSX4VQ3AL9,Purchase,Entertainment,152.59,USD,,POS,,Conciertos Live,Entertainment,Colombia,Barranquilla,Approved,00,False,,,
TRX-5VY002134GP1RVN8JBJ3,2026-04-18 16:08:33,2026-04-18,PRD-5JX2C1S8GOLZ,CLI-R8JEOX5URKDL,Purchase,Entertainment,335.44,USD,,ATM,SUC-HTV8A64G,Teatro Nacional,Entertainment,Colombia,Cali,Approved,00,False,,,
TRX-8WF8CSLP2MZZM5YHFI7T,2026-04-18 15:11:48,2026-04-18,PRD-OMEGMAD06GAT,CLI-6CAJKHDU06UA,Withdrawal,,267.51,USD,,Web,,,,México,Monterrey,Approved,00,False,,,
TRX-LMKIUW096NI0E71CSAAI,2026-04-18 20:14:55,2026-04-18,PRD-4FOUECY5OGB8,CLI-YBGJAA8EJQ61,Transfer,,1933378.05,ARS,5523.94,POS,,,,Argentina,La Plata,Approved,00,False,19.02,,
TRX-TXW1J27WJVISAM4BPU3E,2026-04-19 00:54:14,2026-04-18,PRD-Y2UGWJ2MERAE,CLI-92VY8YXBK1RU,Purchase,Services,59667.83,ARS,170.48,ATM,SUC-RRCPMD2D,Cable TV,Services,Argentina,Rosario,Approved,00,False,20.93,,
TRX-PEFJ2R1S2YOZU8FFTTU6,2026-04-18 21:42:33,2026-04-18,PRD-Y729MBG3NEFD,CLI-AQLZ9MNU1MEA,Transfer,,1941.77,USD,,POS,,,,Colombia,Cartagena,Approved,00,False,16.89,,
TRX-YG3PPX3KLCUU6UQI5QNJ,2026-04-18 17:13:40,2026-04-18,PRD-HW3122VWPMBG,CLI-M3T5RN35FJ8X,Payment,Entertainment,162.69,USD,,App,,,,México,Monterrey,Approved,00,False,16.56,,
TRX-9PKE1ZIRWN3ZSHYJCRTU,2026-04-19 02:45:27,2026-04-18,PRD-DTZ7439OZGPO,CLI-53DPSZ2TILA5,Payment,Services,5146002.88,COP,1286.5,ATM,SUC-ZCLZ4UQA,,,Colombia,Barranquilla,Approved,00,False,22.18,,
TRX-FAJT43FC8IMMVVIVO9NQ,2026-04-18 14:39:09,2026-04-18,PRD-6RT0AME1TZK0,CLI-57E3EJY53SMZ,Purchase,Transport,995603.83,COP,248.9,ATM,SUC-LWQND6S8,Gasolinera Express,Transport,Colombia,Medellín,Approved,00,False,5.16,,
TRX-ZUFF38OPQAA7QQMVUNL0,2026-04-19 02:49:15,2026-04-18,PRD-912THMQM4514,CLI-ZQE24JUGM1VP,Withdrawal,,88.63,USD,,ATM,SUC-QE974U7T,,,México,Ciudad de México,Approved,00,False,12.89,,
TRX-H0MGPA775WRK5MD0CUA2,2026-04-18 09:15:27,2026-04-18,PRD-ZJEMAGKSDS40,CLI-USMY19Z0NZ17,Deposit,,3345929.88,COP,,POS,,,,Colombia,Bogotá,Approved,00,False,12.87,,
TRX-PIURRTHLGJOUH82VLFL2,2026-04-18 22:10:22,2026-04-18,PRD-FI6567EN8JMF,CLI-FN0TI6R29OO9,Purchase,Health,58.46,USD,,ATM,SUC-HVN55QJQ,Farmacia Salud,Health,México,Monterrey,Approved,00,False,17.53,0.752461,0.6848367
TRX-UBGAHSGD1A05CCKTW7LT,2026-04-18 13:32:07,2026-04-18,PRD-3GWGWVTIERWS,CLI-GW7U7D570HE4,Payment,Entertainment,258.63,USD,,ATM,SUC-OLTX380V,,,México,Querétaro,Approved,00,False,14.89,,
TRX-P08O1PJX95668THJCB2S,2026-04-19 05:30:29,2026-04-18,PRD-T0Z8HCA756D0,CLI-4OKS9OIZA13H,Transfer,,9013.53,USD,,Web,,,,México,Tijuana,Approved,00,False,1.71,,
TRX-IL7DL95NTEC3X4ICLH2V,2026-04-18 17:34:42,2026-04-18,PRD-ULZ7BDMRDACS,CLI-T2XFW6S4OUGV,Purchase,Services,418.34,USD,,POS,,Empresa Telefónica,Services,México,Guadalajara,Approved,00,False,20.3,,
TRX-EGATHC9ATJVVLNGCFCWR,2026-04-19 02:53:28,2026-04-18,PRD-NK3P7VQ08RLS,CLI-RVRSRD9Z2715,Payment,Entertainment,1578.22,USD,,POS,,,,Argentina,La Plata,Approved,00,False,,,
TRX-DQXXS8OALKEZ5W64NNJT,2026-04-19 01:49:12,2026-04-18,PRD-XITXL92Y68Q5,CLI-9COQNZJA4GKK,Payment,Food,538.26,USD,,POS,,,,México,Tijuana,Approved,00,False,14.29,,
TRX-2ZFP1KQEB34XUSGETSX0,2026-04-19 03:19:15,2026-04-18,PRD-ACQQGXJVBE5U,CLI-WCRGXL4L7IZ6,Deposit,,4448.85,USD,,POS,,,,México,Monterrey,Approved,00,False,,,
TRX-UQU6VZ5QGRP1FYA9QHNV,2026-04-18 16:46:57,2026-04-18,PRD-DVRVNULPSGLZ,CLI-MGONXMBRC0D7,Withdrawal,,455.16,USD,,POS,,,,México,Tijuana,Approved,00,False,25.1,,
TRX-UO4C4X57L2H3T5XIPC9O,2026-04-18 07:54:37,2026-04-18,PRD-AWX798QAL97P,CLI-GZLHWHGY7DXY,Payment,Other,1479.13,USD,,ATM,SUC-F03D129S,,,México,Guadalajara,Approved,00,False,24.13,,
TRX-XF9ERPS16H76U90I2Q1Y,2026-04-18 08:11:05,2026-04-18,PRD-HJRLB8O73J8V,CLI-VI3G368X3KBZ,Deposit,,4862.15,USD,,App,,,,México,,Approved,00,False,,,
TRX-2MES9DQSSMN0HYJJ8T3N,2026-04-18 16:13:22,2026-04-18,PRD-3UB3HO62KPCE,CLI-FSBHXH49BMGI,Withdrawal,,1329524.49,COP,332.38,ATM,,,,Colombia,Medellín,Approved,00,False,,,
TRX-4SDRB4EPCZU33C21VLZ0,2026-04-19 05:47:33,2026-04-18,PRD-M4K3RWAY28S0,CLI-GMCYU9K1GPG1,Deposit,,4488.8,USD,,ATM,SUC-XXUHP6O3,,,Colombia,Cartagena,Approved,00,False,17.56,3.7499032,-74.6946953
TRX-HHI9WBNEH2UOUNMVBN9A,2026-04-18 12:08:54,2026-04-18,PRD-VLGK9JPYDZ06,CLI-QLU6OHXVQPKL,Purchase,Other,108367.83,ARS,309.62,POS,,Ferretería,Other,Argentina,Rosario,Approved,00,False,19.41,,
TRX-OHNUC5AMSOY31XM3AQ1W,2026-04-18 07:54:26,2026-04-18,PRD-9HW66GJI2VEQ,CLI-4YF1A559MMR6,Withdrawal,,1061948.6,COP,265.49,Web,,,,Colombia,Medellín,Approved,00,False,,,
TRX-4VDBFTKW7MOQ14ZJ7I4I,2026-04-19 04:52:26,2026-04-18,PRD-5E4NZMA85H5Y,CLI-8MN4I6ZY9OEK,Transfer,,7385.91,USD,,Web,,,,México,Ciudad de México,Approved,,False,13.44,,
TRX-DRH0IG41AVBT5RRC5G9U,2026-04-19 00:04:16,2026-04-18,PRD-CWKUZ2RS6025,CLI-W3XDZ37BYPJE,Purchase,Entertainment,134.53,USD,,ATM,SUC-MU9A5O88,Cine Premium,Entertainment,Colombia,,Approved,00,False,6.97,3.7325782,-74.6171442
TRX-NNRX4VREMGR9EBUXAHJP,2026-04-18 10:52:30,2026-04-18,PRD-1L0HEFPBCZ3K,CLI-WNOD8VMGCQKZ,Deposit,,1367.51,USD,,App,,,,México,Guadalajara,Approved,00,False,10.8,,
TRX-9AL6XMZWTOPXDVSWNPSR,2026-04-18 16:00:57,2026-04-18,PRD-QYPWOENEFEXP,CLI-NRKA8XQVF4YP,Purchase,Food,978450.35,COP,244.61,POS,,Super Ahorro,Food,Colombia,Cartagena,Approved,00,False,28.39,,
TRX-VP7IW58WTQU3EY3VBKQ3,2026-04-18 09:01:31,2026-04-18,PRD-5777G38GAE1L,CLI-2NMI69IVW8SS,Transfer,,33563657.22,COP,8390.91,POS,,,,Colombia,Cali,Approved,00,False,12.23,,
TRX-4QLPLQ9NLBFKJHYFBXWN,2026-04-19 00:25:31,2026-04-18,PRD-GVB8BTOJX71N,CLI-KSYY6ENA7U8E,Adjustment,,355.96,USD,,POS,,,,México,,Approved,00,False,1.07,0.55747,-0.1226998
TRX-GTJVE6WCKF5MW2B2JZA8,2026-04-19 03:13:33,2026-04-18,PRD-7MJJ74EAO4K2,CLI-6UCWGRF3TZI5,Payment,,1263.22,USD,,App,,,,México,,Approved,00,False,6.29,,
TRX-XYTC5LEVKNQTUK76L1XX,2026-04-18 21:28:45,2026-04-18,PRD-PPB4F0RY1QA3,CLI-7H4JSW4G28NS,Adjustment,,854.48,USD,,Branch,SUC-Z7426PZT,,,México,Querétaro,Pending,51,False,26.98,0.8566468,-0.2779594
TRX-AFCJ3HZC21DUOXTYKTQ1,2026-04-18 09:40:31,2026-04-18,PRD-KM30O5G8D0P2,CLI-TLZVZWIKPDM1,Transfer,,2300.24,USD,,ATM,SUC-D4W8JR4A,,,Argentina,La Plata,Approved,00,False,21.18,,
TRX-2IXIOMEXSZZN7CY5AJ4Y,2026-04-18 18:46:50,2026-04-18,PRD-HEZKDPRIV55N,CLI-C4RY1G778TML,Transfer,,15293094.05,COP,3823.27,App,,,,Colombia,Medellín,Approved,00,False,23.43,,
TRX-PQ96IA8AUW87D3DOQILS,2026-04-18 06:56:19,2026-04-18,PRD-NMUV4M7LABP0,CLI-3NDZFE06U0ES,Payment,Health,1751573.64,COP,437.89,POS,,,,Colombia,Cali,Approved,00,False,10.51,,
TRX-5409CA7S1FQZSCP97MRK,2026-04-19 03:35:44,2026-04-18,PRD-NC836U6WTIFT,CLI-BSMTX3U8LIEB,Transfer,,2594.9,USD,,Web,,,,México,Monterrey,Approved,00,False,27.86,,
TRX-NQNHHXEOBDNBKG7KMOGV,2026-04-18 16:09:07,2026-04-18,PRD-OLN7TEGVBM02,CLI-4UHS42KVJIG0,Purchase,Food,166575.51,ARS,475.93,POS,,Super Ahorro,Food,Argentina,Buenos Aires,Approved,00,False,22.78,-35.3036332,-58.8566677
TRX-DN761Z5JMYQYJ68KKUDW,2026-04-18 21:41:28,2026-04-18,PRD-6TT5HUSNPGSO,CLI-F2CE1NBVNNE1,Withdrawal,,1147400.88,COP,286.85,ATM,SUC-FF1CG8O5,,,Colombia,Medellín,Approved,00,False,14.78,,
TRX-HOLIGDA11TTCYWZ8IAV0,2026-04-19 01:51:08,2026-04-18,PRD-6R44V2UVI0ZX,CLI-DQ67709BXCRZ,Transfer,,3360.62,USD,,ATM,SUC-MGUQPIKZ,,,México,Querétaro,Approved,00,False,22.85,,
TRX-B1GR251SFQR81AL7M1ET,2026-04-18 18:18:50,2026-04-18,PRD-MX6N6V214ITQ,CLI-2N9KED73E8JR,Purchase,Other,69283.2,COP,17.32,POS,,Tienda General,Other,Colombia,Cali,Approved,00,False,20.23,,
TRX-Q76FB55GXMMWW19754DR,2026-04-18 17:16:05,2026-04-18,PRD-4IH2M32YZ07S,CLI-8JV8JUON3DBF,Purchase,Transport,265.32,USD,,Branch,SUC-C28AFJAZ,Uber,Transport,México,Ciudad de México,Approved,00,False,12.81,0.553498,0.420739
TRX-32O3HY3YDWJ4OCFUZCYC,2026-04-18 14:43:18,2026-04-18,PRD-V8R8RT2Z2IL4,CLI-STZDZ1SY3YK7,Transfer,,9890.4,USD,,ATM,SUC-XAEWUJQS,,,México,Monterrey,Approved,,False,,0.3185267,0.1491463
TRX-0SKN7EY9LIS9RBZIMBX4,2026-04-18 11:09:02,2026-04-18,PRD-ZT76GV4PH794,CLI-PI575TV3NMIQ,Purchase,Other,425.91,USD,,POS,,Tienda General,Other,México,Guadalajara,Approved,00,False,,-0.9315534,-0.2404292
TRX-QI54XEXYKQS9Z4TJBJ2J,2026-04-18 15:28:24,2026-04-18,PRD-7IKIEVS2U0I4,CLI-2OBIPWQRBH1G,Withdrawal,,1945178.94,COP,486.29,POS,,,,Colombia,Medellín,Approved,00,False,13.47,4.3714108,-74.6859384
TRX-ONIT3KU6TD36NSFNKHJP,2026-04-19 00:37:23,2026-04-18,PRD-JL8SL1Z03VQF,CLI-5Y88PSK73OON,Transfer,,6024.89,USD,,Web,,,,México,Tijuana,Approved,00,False,10.22,,
TRX-IGUVGJ4CBYWWHUP965NP,2026-04-18 08:33:50,2026-04-18,PRD-EV6SWPM54I5O,CLI-RM3BKZHLG6DU,Purchase,Food,1593743.58,COP,398.44,App,,Super Ahorro,Food,Colombia,Cali,Approved,00,False,24.17,,
TRX-1S2FY13DCX3QKGYYQRZ0,2026-04-18 16:11:12,2026-04-18,PRD-OCSGE9I24YEM,CLI-WDPKSHYKB9TY,Transfer,,1998730.25,ARS,5710.66,POS,,,,Argentina,Buenos Aires,Approved,00,False,21.8,,
TRX-GM2LR3XD0K1O2CXTHHLB,2026-04-18 22:23:46,2026-04-18,PRD-RC0RCBNQNZLD,CLI-G6J05JWKGXW4,Purchase,,567080.79,COP,141.77,ATM,SUC-YH0U3LVW,Taxi Seguro,Transport,Colombia,Barranquilla,Approved,00,False,2.48,4.1758979,-73.0806883
TRX-A9X931QTJX3WP17A3W77,2026-04-18 20:42:01,2026-04-18,PRD-FC9UL4101F3V,CLI-QNT4BPIG3MC5,Purchase,Services,471.26,USD,,POS,,Empresa Telefónica,Services,México,Tijuana,Approved,00,False,16.7,,-0.4724571
TRX-AEFB5AQ63YF7VMDPM5AX,2026-04-18 07:41:39,2026-04-18,PRD-QUZLIGW8ISWS,CLI-S5Y2Q1EMW32M,Transfer,,17571681.38,COP,4392.92,POS,,,,Colombia,Cartagena,Declined,51,False,1.26,,
TRX-1U9Q8IW3JUPF1EQ12XNO,2026-04-18 21:15:09,2026-04-18,PRD-YEP3SVNYKH7B,CLI-IUGP24V9N9PJ,Payment,Transport,2293335.46,COP,573.33,ATM,SUC-CBGK7VQE,,,Colombia,Bogotá,Approved,00,False,1.26,,
TRX-7LLG9N6W82R3A24NCWM8,2026-04-18 18:13:33,2026-04-18,PRD-8BLFSXHN4PU6,CLI-22PE0TBCEY2R,Deposit,,17097613.25,COP,4274.4,ATM,SUC-GPHM9NB1,,,Colombia,Cartagena,Approved,00,False,20.56,,
TRX-SO3OZYDU03Q3GHU57MHP,2026-04-18 14:18:30,2026-04-18,PRD-56B8A5ULHXOR,CLI-S7RJIDJA7LX6,Transfer,,5916231.04,COP,1479.06,Branch,SUC-QTKN7Z0R,,,Colombia,Bogotá,Approved,00,False,15.01,4.5875755,-73.1678155
TRX-RE2XGFWCFIMSWDD235I7,2026-04-18 19:47:17,2026-04-18,PRD-3XTTHTTSGLYQ,CLI-8UXJHXCO7VI6,Transfer,,30164034.64,COP,7541.01,ATM,SUC-GPTCLR0Q,,,Colombia,Bogotá,Approved,,False,7.47,,
TRX-Z8VV92U3HCDOYWGHY42M,2026-04-18 17:47:00,2026-04-18,PRD-VEYL2JFVM31V,CLI-ZK4KZZFUWSAU,Purchase,,519745.64,COP,129.94,POS,,Super Ahorro,Food,Colombia,Bogotá,Approved,00,False,1.23,,
TRX-NA66X83Z3UAJHESZ9IZB,2026-04-18 14:51:15,2026-04-18,PRD-LVAS3202601V,CLI-9IIKKGERLIC0,Purchase,Food,87.57,USD,,ATM,SUC-Y18NE8GS,Tienda Don José,Food,México,Ciudad de México,Approved,00,False,17.65,0.702921,-0.9631013
TRX-K12QRIB13VU3H9QVG292,2026-04-18 10:49:41,2026-04-18,PRD-HAKGFGYV9L3C,CLI-M28XYNNRL3D7,Payment,Transport,558.37,USD,,POS,,,,México,Tijuana,Approved,00,False,5.88,,
TRX-ZJVKLH6Q7OW5L5K7MJK2,2026-04-18 15:26:23,2026-04-18,PRD-MZZM4TBTDQXF,CLI-XA9UWF0ZT9K2,Withdrawal,,1213054.46,COP,303.26,ATM,SUC-1NFIF0G0,,,Colombia,Bogotá,Reversed,14,False,,,-74.2403366
TRX-H0AIRI80Z0YZ3NQ2VJ47,2026-04-19 02:12:06,2026-04-18,PRD-E2DFEMX6FLNU,CLI-9T5C6LAUFSZ8,Payment,Entertainment,615676.68,ARS,1759.08,Web,,,,Argentina,Córdoba,Approved,00,False,17.97,,
TRX-STEOKODFKLNGXLNZ76NB,2026-04-18 15:04:27,2026-04-18,PRD-XE5IH8GNN7YL,CLI-KARP9TT260NL,Purchase,Services,50.14,USD,,POS,,Internet Plus,Services,México,Monterrey,Approved,,False,,0.7890109,0.6249708
TRX-QXDN7I3PGUTWBKE129B3,2026-04-18 16:41:41,2026-04-18,PRD-R5XFSNBMIVEY,CLI-7ROA6NYYKO91,Purchase,Other,43043.21,ARS,122.98,POS,,Tienda General,Other,Argentina,Buenos Aires,Approved,00,False,24.44,-34.8182029,-57.9364078
TRX-BXNM0PG1SLAOW70DRZRT,2026-04-19 03:51:45,2026-04-18,PRD-JJ1HIOMZDAXL,CLI-40EGXLR12DCQ,Purchase,Food,123267.9,ARS,352.19,ATM,SUC-3JIR51SL,Super Ahorro,Food,Argentina,Mendoza,Approved,00,False,16.38,,
TRX-97EA5OGNVUC5MDA3TK32,2026-04-18 22:04:58,2026-04-18,PRD-Z3LFCD5K0HZT,CLI-D8PRNF5VE1T6,Purchase,Transport,302.11,USD,,POS,,Uber,Transport,México,Monterrey,Approved,00,False,1.28,,
TRX-67ORKBA4VQ5IUH39PIKG,2026-04-19 01:55:19,2026-04-18,PRD-8H25SSMXVDGQ,CLI-VPP0CWADILYK,Payment,Food,1337673.72,COP,,POS,,,,Colombia,Bogotá,Approved,00,False,,,
TRX-YBJPIGGJ3A6QI40P2P2M,2026-04-18 21:42:11,2026-04-18,PRD-F9ZWOQI944W8,CLI-S6FK83ZQG6PU,Purchase,Services,160.11,USD,,POS,,Servicios Públicos,,México,Ciudad de México,Approved,00,False,25.6,0.1126837,-0.3143364
TRX-YFNR0DJCJAHR9MF24R3U,2026-04-18 07:33:33,2026-04-18,PRD-DIVIODLZN8Z7,CLI-ZH00MD2VINVQ,Payment,Transport,1397.76,USD,,POS,,,,México,Guadalajara,Approved,,False,9.5,-0.1038488,-0.7990717
TRX-9SS5JIDN7CH003JSFSLC,2026-04-19 04:53:08,2026-04-18,PRD-BSOP5A3AOW72,CLI-2BZQQXCIYP03,Purchase,Services,236.92,USD,,ATM,SUC-A9BJ48OP,Cable TV,Services,México,Querétaro,Approved,00,False,,,
TRX-YEIXBPJ0FBNLUS7HWEF8,2026-04-19 00:46:19,2026-04-18,PRD-PIZY478TLRQ3,CLI-JL6NQRKZRD4E,Payment,Health,2957155.51,COP,739.29,POS,,,,Colombia,,Approved,00,False,18.76,4.3013241,-73.2759343
TRX-D4SR0P7KH29EY2SNZU40,2026-04-18 13:42:43,2026-04-18,PRD-RLHJ4F0PTXI2,CLI-SA8EUCN5MTA4,Payment,Services,1735.06,USD,,Transfer,,,,México,Monterrey,Approved,00,False,,,
TRX-BZJC9C0QS8BKLWQ51MDS,2026-04-18 09:09:24,2026-04-18,PRD-IDTMGVLDD307,CLI-84E1LQO7I0OH,Deposit,,11175619.32,COP,2793.9,ATM,SUC-WH83BE50,,,Colombia,Bogotá,Approved,00,False,1.77,3.8079,-73.5744048
TRX-64CVUEQT7P8NP619R75L,2026-04-18 20:21:28,2026-04-18,PRD-2MFZRWSVSL4Z,CLI-KXDHB0RW9RTV,Purchase,,1435428.48,COP,358.86,ATM,SUC-HO849Z2Q,Ferretería,,Colombia,Cartagena,Approved,00,False,5.49,,
TRX-U932OZ746F1S06JQPBWF,2026-04-19 00:22:35,2026-04-18,PRD-D9TFLFI9Q5MK,CLI-IXXV1RC89YDC,Deposit,,900112.85,ARS,2571.75,Web,,,,Argentina,,Approved,00,False,24.69,,
TRX-JA340H1Y1UVD7EHAJ256,2026-04-18 15:08:05,2026-04-18,PRD-4YQU3BTAA9QL,CLI-5KNEH43FD4YW,Purchase,Other,15.53,USD,,POS,,Centro Comercial,Other,México,Querétaro,Approved,00,False,3.46,,
TRX-MZ4E62BIQWV9OV3SFL0Y,2026-04-18 17:05:34,2026-04-18,PRD-17FX4ODGWHM7,CLI-RXXMXB62MC3S,Deposit,,2518.42,USD,,ATM,SUC-QTWR8S76,,,México,,Approved,00,False,2.18,,
TRX-Z76IWSVTTLAC1BY1CRQT,2026-04-18 13:19:05,2026-04-18,PRD-ED1GYBJS39CM,CLI-Y4VJQI8DID0D,Payment,Other,229.91,USD,,ATM,SUC-YZRQJS5X,,,México,Tijuana,Approved,,False,24.3,,
TRX-S66POZYWT49P9PLMXWVT,2026-04-18 15:37:29,2026-04-18,PRD-WJWLJ567ZTOK,CLI-VXCSHME0DWK6,Purchase,Services,170.59,USD,,POS,,Empresa Telefónica,Services,México,Tijuana,Approved,00,False,,-0.549401,-0.9222126
TRX-R3I4BU1U2CFIUKW022ZS,2026-04-18 19:57:26,2026-04-18,PRD-ZBRM51G0BZFY,CLI-1ZVDRT7UKF3A,Payment,Services,1010.66,USD,,ATM,SUC-JYJWT9TH,,,México,Ciudad de México,Approved,00,False,23.99,,
TRX-PWC3T64FW2HMZ62RJ4UC,2026-04-18 14:08:52,2026-04-18,PRD-8KLVI8VQXZ6E,CLI-5D2G9MVJV56N,Payment,Entertainment,1135.41,USD,,ATM,SUC-PJ6NDQ6K,,,México,Puebla,Approved,00,False,17.23,,
TRX-C2XQVBVWRTCUU44B5VE2,2026-04-18 12:05:38,2026-04-18,PRD-AU8ZTP0XEYAU,CLI-2L5MX09AXUZ0,Transfer,,9960.03,USD,,ATM,SUC-P5YISP64,,,México,,Approved,00,False,11.82,,
TRX-WQDP09V23TJRBXAZO53W,2026-04-19 04:39:54,2026-04-18,PRD-4GLASH37XWIC,CLI-VUG6KDHUY8BK,Deposit,,4755.74,USD,,App,,,,México,Querétaro,Approved,00,False,5.72,,
TRX-NU997EFL30G3VNSBZ15Y,2026-04-18 19:13:57,2026-04-18,PRD-7IZOXDALJHL2,CLI-ZBUPNCL3TQJH,Payment,Food,1498.24,USD,,ATM,SUC-POHHKXPA,,,México,Puebla,Approved,00,False,16.24,,
TRX-PGDER9YED97I988HACWW,2026-04-18 23:30:53,2026-04-18,PRD-PZAGX9A7LGBG,CLI-K7DZM4QVKCEX,Deposit,,1686.24,USD,,Web,,,,México,,Approved,00,False,10.51,,
TRX-WZHINRS2XWAJQ69F0UOU,2026-04-19 01:16:02,2026-04-18,PRD-I8GL140BQ2I3,CLI-5PAGAZXBMBBX,Purchase,Services,150.06,USD,,POS,,Cable TV,Services,México,Puebla,Approved,00,False,14.48,,
TRX-MEDAHLJ78SFOD0SQHSHB,2026-04-19 02:02:36,2026-04-18,PRD-70LLRJGS7C1M,CLI-HO8DLWFWXLB7,Payment,Health,959.83,USD,,App,,,,Argentina,Mendoza,Approved,00,False,20.03,,
TRX-05Q83MTYP0ZKD5LKFOFO,2026-04-18 16:24:03,2026-04-18,PRD-OWNNTGAUJ9Y5,CLI-QWZW2WP15NND,Deposit,,1005.74,USD,,App,,,,México,Guadalajara,Approved,00,False,6.42,,
TRX-LDE5Z47KXTO9NI00MVSU,2026-04-19 03:06:18,2026-04-18,PRD-9UCIY5CSED5J,CLI-7NR166853CN3,Purchase,Entertainment,148.79,USD,,Web,,Cine Premium,Entertainment,México,Monterrey,Approved,00,False,12.68,,
TRX-S1SUW1YWDW0VJ446RTSP,2026-04-19 00:40:16,2026-04-18,PRD-P5BJHEO6JV1E,CLI-4ZGVOWGF90U5,Transfer,,32489505.12,COP,8122.38,App,,,,Colombia,Cali,Approved,00,False,12.55,,
TRX-3LN3AJ7TV39J4H3XPEYI,2026-04-19 05:25:47,2026-04-18,PRD-B3Z9DQZH2VTM,CLI-ALHT50DXQALK,Deposit,,190.89,USD,,Web,,,,Colombia,,Approved,,False,6.75,,
TRX-LZUTYNDI1IQCDHRKVZ76,2026-04-19 01:51:10,2026-04-18,PRD-1557W3ESO5BR,CLI-CS5UGT9686M5,Payment,Services,1461.68,USD,,ATM,SUC-CJYLJUTF,,,México,Monterrey,Approved,00,False,29.12,,
TRX-0FVKVJWWDR9RXJHFMR1P,2026-04-18 20:11:09,2026-04-18,PRD-OKG9YWZDU3UX,CLI-F2LCQNTFYKFP,Transfer,,1050.77,USD,,POS,,,,México,Guadalajara,Approved,00,False,22.49,,
TRX-P8DKXLX1DYMSEE64RYM6,2026-04-18 12:59:42,2026-04-18,PRD-QD46H7PIK3QI,CLI-HQRFM2K2FVLH,Deposit,,3983.3,USD,,POS,,,,México,,Approved,00,False,,,
TRX-FJ1O5EWHP8OZVBFEKJWC,2026-04-19 00:50:40,2026-04-18,PRD-B19OISPOX4J3,CLI-THSB2ODZM136,Adjustment,,1947824.21,COP,486.96,POS,,,,Colombia,Barranquilla,Approved,00,False,5.09,,
TRX-QMNPSAC5QZM11ZMPCHGT,2026-04-19 03:36:07,2026-04-18,PRD-CCOFL6XQZ2JN,CLI-V83XPCITZ7EE,Transfer,,7514.72,USD,,POS,,,,México,,Approved,00,False,28.61,,
TRX-E4954QG89R9QB8WTFXY2,2026-04-18 19:23:25,2026-04-18,PRD-MV4YLBI67OR8,CLI-LWOPYOLKBB49,Purchase,Other,82.28,USD,,ATM,SUC-FGQWMFNS,Tienda General,Other,México,Monterrey,Approved,00,False,,,
TRX-MBSN1SVGIFETJOJD5ZUT,2026-04-18 20:28:30,2026-04-18,PRD-ZPHJ19776KGM,CLI-K3PU9PSFWU17,Deposit,,1310968.63,ARS,3745.62,Web,,,,Argentina,Córdoba,Approved,00,False,,,
TRX-1W4WFEPICL2YR1Z8ZKAL,2026-04-18 11:10:43,2026-04-18,PRD-BF6L7U9F4ADA,CLI-KGIE808GMR0R,Purchase,Food,192.08,USD,,App,,Super Ahorro,Food,México,Monterrey,Approved,00,False,22.9,,
TRX-DKS5QQ4ZBQQK52Y4JCTN,2026-04-18 19:13:55,2026-04-18,PRD-WLWYDP227L40,CLI-XRVB847JNTWI,Deposit,,1201140.7,ARS,3431.83,Web,,,,Argentina,Córdoba,Approved,00,False,3.17,,
TRX-EE2TLXC0H4BKANCURZKL,2026-04-19 00:58:01,2026-04-18,PRD-UW3REI3R1PTM,CLI-6LYIBYTHB9JZ,Purchase,Services,1872278.31,COP,468.07,Web,,Empresa Telefónica,Services,Colombia,Cali,Approved,00,False,8.27,,
TRX-NHH59PZDFXPADTUFPQN6,2026-04-18 08:02:23,2026-04-18,PRD-Y22J7UA3SKZ9,CLI-ZGLGNZFZ4U2T,Adjustment,,282238.22,ARS,806.39,POS,,,,Argentina,Buenos Aires,Approved,00,False,26.43,-34.4697513,-57.5592417
TRX-CNVFCTYZTSL3ICFLAUZM,2026-04-18 09:19:48,2026-04-18,PRD-IDLWEGYLO9PN,CLI-DM2UFVZ0HRUB,Transfer,,4844.28,USD,,App,,,,México,Guadalajara,Approved,00,False,,,
TRX-9PO4AQHCVFPRWSHYF1HB,2026-04-19 03:16:22,2026-04-18,PRD-F2P8051E56SH,CLI-GU6DFG83440F,Deposit,,1684970.2,ARS,,Web,,,,Argentina,Rosario,Approved,00,False,12.08,,
TRX-01YYLQX85J1ZTRIBS1O3,2026-04-18 16:40:30,2026-04-18,PRD-AE6U41QFS9AC,CLI-6DP9V685IJ8A,Adjustment,,42469.06,ARS,121.34,Web,,,,Argentina,Rosario,Approved,00,False,14.51,,
TRX-ZBHN6VSLU2V8M9DCWSJ7,2026-04-18 14:15:26,2026-04-18,PRD-V4TNTII2CJUP,CLI-77DBE96XM0Z2,Purchase,Food,1195381.64,COP,298.85,Web,,Restaurante El Buen Sabor,Food,Colombia,Cali,Approved,00,False,,,
TRX-VG0BVT0VT7XFO2BXONPQ,2026-04-18 15:50:43,2026-04-18,PRD-N412V17OKSP3,CLI-AVP81BBUUGBC,Transfer,,33062997.19,COP,8265.75,App,,,,Colombia,Cartagena,Approved,00,False,16.23,,
