interaction_id,interaction_date,process_date,customer_id,agent_id,interaction_type,channel,contact_reason,reason_category,duration_seconds,wait_time_seconds,was_resolved,requires_followup,detected_sentiment,sentiment_score,customer_detected_accent,agent_used_accent,was_escalated,mentioned_products,has_transcript,has_recording
INT-6AWO0QP04LJA7WDX,2026-06-04 13:17:11,2026-06-04,CLI-P4T9EFW11V3D,AGT-NZLT43UWA8,Outbound Call,Phone,Transaccional,Transaccional,328.0,,True,False,Neutral,0.15,colombian,argentine,False,,False,True
INT-4QKSDIYNN3X0LXTM,2026-06-04 13:23:54,2026-06-04,CLI-JDF7WWTGU27D,AGT-R6BH0F3DT7,Inbound Call,Phone,Técnico,Técnico,372.0,81.0,True,True,Muy Positivo,0.87,,,False,,False,True
INT-AT1LEEKO3MQ00T5K,2026-06-04 14:50:24,2026-06-04,CLI-F0A7ZWM8WP51,AGT-J6HJ50RRFC,Inbound Call,Phone,Técnico,Técnico,241.0,59.0,True,False,Neutral,0.08,,,False,,False,True
INT-1EO0YTE5UV61TELH,2026-06-04 23:40:39,2026-06-04,CLI-GQK12D1TCQJ9,AGT-YETUBFGAV5,Email,Email,Comercial,Comercial,,,False,True,Positivo,0.4,mexican,mexican,False,,True,False
INT-K1Z3XPNCRFJKS947,2026-06-04 15:07:09,2026-06-04,CLI-34WNW5YJAOM5,AGT-8KFHE6XRQ4,Inbound Call,Phone,Transaccional,Transaccional,290.0,62.0,True,False,Neutral,-0.03,,,False,,False,True
INT-DXOV9OGR6HRAPVEQ,2026-06-04 13:17:13,2026-06-04,CLI-72L9XQ3TWDI4,AGT-NANM3Y8BT5,Outbound Call,Phone,Producto,Producto,313.0,,True,False,Negativo,-0.7,,,False,"PRD-ZKD96UHB6T66,PRD-JI2C31YYZWP9",False,True
INT-ESK38KOU41KK8OB2,2026-06-04 11:10:34,2026-06-04,CLI-7253K6AGFZ5U,AGT-TSSIHYMD02,Chat,Web Chat,Queja,Queja,,,True,False,Neutral,-0.03,,,False,PRD-P92U72DFDAZR,False,False
INT-W3PWZBVVGCAKKLLE,2026-06-05 07:00:48,2026-06-04,CLI-27W6P84SOOZX,AGT-F19RDFACNQ,Inbound Call,Phone,Transaccional,Transaccional,213.0,61.0,True,False,Neutral,0.25,colombian,colombian,False,,False,True
INT-19VCE7PTZJSEB5OH,2026-06-05 03:19:38,2026-06-04,CLI-DEK2OYWYFK7D,AGT-IW5KO2V0J3,Email,Email,Producto,Producto,,,True,False,Negativo,-0.4,mexican,mexican,False,,True,False
INT-JUZJ3ZBB6GMAV2VV,2026-06-05 02:45:54,2026-06-04,CLI-JMJI9TWYGF79,AGT-UPO580RUGH,Outbound Call,Phone,Queja,Queja,418.0,,False,True,Positivo,0.66,,,False,,False,True
INT-D1I67GR1OWI3B5DR,2026-06-05 01:27:48,2026-06-04,CLI-8TH9NX4YINLS,AGT-3SNWBE3W3Y,Chat,Web Chat,Comercial,Comercial,,,True,False,Neutral,-0.1,colombian,colombian,False,"PRD-P38W4JGK0CEP,PRD-FVK1X07V485G",False,False
INT-N9F3UUS5PKCCJJMZ,2026-06-04 09:40:40,2026-06-04,CLI-BCBVW75TFCTD,AGT-MQMVGK3ALG,Inbound Call,Phone,Transaccional,Transaccional,304.0,67.0,False,True,Neutral,-0.28,mexican,mexican,False,"PRD-2PU1PXRXMISN,PRD-Q3X3B2VUDY4L,PRD-N42R19MI8YF1",False,True
INT-ZDPEX5ITF1SCFD7W,2026-06-04 13:27:44,2026-06-04,CLI-W51AHZFODLWQ,AGT-7YHGZDPWRS,Inbound Call,Phone,Técnico,Técnico,509.0,105.0,False,True,Negativo,-0.42,argentine,argentine,False,,False,True
INT-HH6VGPHX3HBYSQSJ,2026-06-05 00:28:08,2026-06-04,CLI-L430KD7VTZF8,AGT-TO6C4N5ZBE,Inbound Call,Phone,Transaccional,Transaccional,223.0,189.0,True,False,Neutral,-0.24,colombian,colombian,False,PRD-PBHRJCRQHS9Z,False,True
INT-U6NQQ54O3EI0BVZ0,2026-06-04 18:45:58,2026-06-04,CLI-UP2XLCHYOV0Y,AGT-TSMQUDNLVQ,Inbound Call,Phone,Transaccional,Transaccional,134.0,63.0,True,True,Neutral,-0.14,mexican,mexican,False,,False,True
INT-YCVYBT9A2CXM1YN1,2026-06-05 01:14:37,2026-06-04,CLI-SNPEG7607YLO,AGT-O48SLVX738,Chat,App,Producto,Producto,,,True,False,Neutral,-0.0,,,False,"PRD-4N5B64JL3BLX,PRD-JQK18MW28ZR5,PRD-HPQGDUBGUKHW",False,False
INT-LUTLKDDMSGTCNG1P,2026-06-04 12:53:38,2026-06-04,CLI-0GA8LO75TWEP,AGT-R9OEJVZ74S,Inbound Call,Phone,Retención,Retención,549.0,136.0,False,True,Positivo,0.54,mexican,mexican,False,PRD-CY2A6UJCBR1P,False,True
INT-R4XZ4HDSLL8M3IL8,2026-06-04 17:02:21,2026-06-04,CLI-6FLEGUVSE801,AGT-ZJEV0XGD00,Inbound Call,Phone,Transaccional,Transaccional,253.0,32.0,True,False,Neutral,-0.01,,,False,"PRD-3R56R3K0TEI1,PRD-5W19WJKDSUQ5,PRD-5SAMMQ3UP2QZ",False,True
INT-8OQMKSUL5YSWZXUS,2026-06-04 09:57:56,2026-06-04,CLI-RHJ493HYWI0E,AGT-8VKK9PHQ52,Inbound Call,Phone,Transaccional,Transaccional,239.0,126.0,True,False,Neutral,0.29,,,False,,True,True
INT-ATHO1N045YN4SUOQ,2026-06-04 09:31:17,2026-06-04,CLI-OXR7IL28LE9X,AGT-VBNZ1407P0,Outbound Call,Phone,Transaccional,Transaccional,198.0,,True,False,Neutral,0.13,colombian,colombian,False,,False,True
INT-IJE5R6VKG9KUYFDC,2026-06-04 17:55:39,2026-06-04,CLI-9B89MGR9CYGD,AGT-G70AXC3MAP,Inbound Call,Phone,Transaccional,Transaccional,230.0,67.0,True,False,Neutral,0.29,mexican,mexican,False,,False,True
INT-A0CO59WAZJQF93JX,2026-06-04 11:46:53,2026-06-04,CLI-8T7AE80YL4G5,AGT-OJD399EZD8,Inbound Call,Phone,Queja,Queja,444.0,111.0,False,True,Negativo,-0.42,mexican,mexican,False,"PRD-XHVGNEVX6IB1,PRD-JYRSDSXIDGEO,PRD-ZZVN0MB8LTXZ",False,True
INT-RXBH1Q9MD8WZYRBW,2026-06-04 13:11:38,2026-06-04,CLI-45YO9H70T6MQ,AGT-DF77TQ66S1,Chat,WhatsApp,Producto,Producto,,,True,True,Neutral,-0.23,mexican,mexican,False,"PRD-FH9XDXW7ASGL,PRD-1ZNXRZ1PBDIU,PRD-O8CSJRAT81KA",False,False
INT-TOVAOLFDIXH7071M,2026-06-05 06:15:11,2026-06-04,CLI-HHJRRZDSLT4U,AGT-OK1RZJN2O9,Outbound Call,Phone,Producto,Producto,307.0,,True,False,Neutral,0.3,colombian,colombian,False,"PRD-DP3UT0SU9NHR,PRD-QACPZJKMXFWT,PRD-GLODQFC427YW",False,True
INT-DMCWNGXZ38FAG9XQ,2026-06-04 18:49:17,2026-06-04,CLI-DKT9ZH59LB4K,AGT-HKU44IP108,Inbound Call,Phone,Técnico,Técnico,286.0,48.0,True,True,Neutral,0.03,colombian,colombian,False,,False,True
INT-EJ6VO9MW032OK2S3,2026-06-05 07:39:18,2026-06-04,CLI-E6GU6DQV1BTX,AGT-I0RSC4IGXZ,Inbound Call,Phone,Producto,Producto,325.0,148.0,True,False,Neutral,-0.29,,,False,"PRD-5BMC5A00GVR1,PRD-6CL25JR3GG7C,PRD-LYQRATYB358M",False,True
INT-0NW4UQ01VJ0RCRAT,2026-06-05 07:31:33,2026-06-04,CLI-RWBMBK8Q0M3F,AGT-RA3DSUKQ7L,Email,Email,Queja,Queja,,,True,False,Neutral,0.2,mexican,mexican,False,,False,False
INT-2ASMOMLCNZFQDF0H,2026-06-04 15:02:44,2026-06-04,CLI-J8BVSP7MYCW1,AGT-UL2AKT2G17,Inbound Call,Phone,Producto,Producto,197.0,131.0,True,False,Neutral,-0.12,,,False,PRD-JMCL3NWRBNDT,False,True
INT-JDZQUMNWGVIPKSP3,2026-06-04 22:18:05,2026-06-04,CLI-3HFBS75C3W50,AGT-0YP9IMVFG1,Inbound Call,Phone,Transaccional,Transaccional,252.0,166.0,False,True,Neutral,0.02,mexican,mexican,False,"PRD-U3NTD482U6TU,PRD-LGBM6JNYXBBF",False,True
INT-NYI1Y9VSLALT05D9,2026-06-04 19:13:37,2026-06-04,CLI-DF73AYL4IFUW,AGT-PSARAEWNDG,Inbound Call,Phone,Transaccional,Transaccional,142.0,111.0,True,False,Neutral,-0.05,colombian,colombian,False,,False,True
INT-FLO7BH648K1UTSEI,2026-06-04 08:08:58,2026-06-04,CLI-25GALBKVZ6FO,AGT-4FZILKK4KX,Inbound Call,Phone,Transaccional,Transaccional,240.0,234.0,True,False,Neutral,0.29,,,False,,True,True
INT-WE6AWU2Y3JCPHKBG,2026-06-04 08:00:09,2026-06-04,CLI-LJNH7CH36IUO,AGT-MAN3CDDLKC,Inbound Call,Phone,Queja,Queja,617.0,0.0,False,True,Positivo,0.47,,,False,,False,True
INT-3UF32ZEDQ2F8P27Q,2026-06-04 17:39:25,2026-06-04,CLI-6J1MC8AWVUVK,AGT-KU6FVZPQSV,Email,Email,Queja,Queja,,,False,True,Muy Negativo,-0.88,mexican,mexican,False,,False,False
INT-9OYCJ3X9313P1SP0,2026-06-04 11:13:47,2026-06-04,CLI-DN7X3RQ7SA9S,AGT-G4ZXDWOS2S,Inbound Call,Phone,Queja,Queja,389.0,137.0,False,True,Neutral,0.12,mexican,mexican,False,,False,True
INT-T86QQQ27B9ONLRON,2026-06-05 00:12:13,2026-06-04,CLI-GRDY1GNLVMH6,AGT-IX2KM1T4I7,Outbound Call,Phone,Queja,Queja,305.0,,True,True,Neutral,-0.01,colombian,colombian,False,"PRD-OFLPCTTOBUDQ,PRD-5PCIUI960HGY,PRD-URYSNZ544YVH",False,True
INT-0GWAX752NKXFGZUX,2026-06-05 03:07:49,2026-06-04,CLI-G6JIRGQWK439,AGT-W8EI0WIZH2,Inbound Call,Phone,Producto,Producto,191.0,79.0,True,False,Neutral,0.01,mexican,mexican,False,,False,True
INT-NK7QZTKC2YAZA1F9,2026-06-04 14:47:28,2026-06-04,CLI-TLE9G8PJA563,AGT-V879G2OOFG,Inbound Call,Phone,Técnico,Técnico,276.0,54.0,True,False,Negativo,-0.31,colombian,mexican,False,,True,True
INT-72RBUC4BH27FW5NK,2026-06-04 17:44:03,2026-06-04,CLI-8SFHM1AE08OW,AGT-H4EMIUP105,Outbound Call,Phone,Transaccional,Transaccional,141.0,,False,True,Neutral,0.21,colombian,colombian,False,,False,True
INT-MMC9EZ894XDJ43VU,2026-06-04 23:18:58,2026-06-04,CLI-U0ZKH82V2EUO,AGT-N0HJHS1DBA,Inbound Call,Phone,Transaccional,Transaccional,289.0,100.0,True,False,Neutral,0.09,mexican,mexican,False,,False,True
INT-KFDB1BUA7PY04GQ2,2026-06-04 10:34:45,2026-06-04,CLI-M86WN6FW1NBZ,AGT-A05F2N434U,Inbound Call,Phone,Queja,Queja,197.0,222.0,True,False,Positivo,0.49,mexican,mexican,False,,False,True
INT-X37SAM5242DRZWQY,2026-06-05 05:31:36,2026-06-04,CLI-HB09RNGRQDDI,AGT-RA3DSUKQ7L,Inbound Call,Phone,Transaccional,Transaccional,256.0,138.0,True,False,Neutral,-0.03,,,False,,False,True
INT-KMV3AFELNQ43BIV2,2026-06-04 13:12:51,2026-06-04,CLI-1IZIIKV8NW1B,AGT-H0PC3KO7SM,Outbound Call,Phone,Queja,Queja,489.0,,False,True,Neutral,0.12,colombian,colombian,False,,False,True
INT-KRF43HQWQPYIGCR2,2026-06-04 09:30:38,2026-06-04,CLI-QR1GAG0FEIKE,AGT-M8CHINA9AC,Inbound Call,Phone,Técnico,Técnico,422.0,181.0,True,False,Negativo,-0.57,,,False,PRD-I9HWCYVPPMGP,False,True
INT-ES96FFJP29GI30KM,2026-06-04 16:00:13,2026-06-04,CLI-TNKDGMYUP76L,AGT-5RHY2PG248,Inbound Call,Phone,Transaccional,Transaccional,187.0,90.0,True,False,Neutral,0.25,colombian,argentine,False,,False,True
INT-ZKW8SOGIO42F5VR5,2026-06-04 09:58:47,2026-06-04,CLI-2FJ5D52D9Q4P,AGT-K11V6ZB5VS,Inbound Call,Phone,Retención,Retención,547.0,113.0,False,True,Negativo,-0.39,colombian,colombian,False,,False,True
INT-IZDEENYACUO3S7GR,2026-06-04 18:27:02,2026-06-04,CLI-MFLKV2K9FIGY,AGT-C8D3C4WFVG,Inbound Call,Phone,Transaccional,Transaccional,281.0,74.0,True,False,Neutral,-0.08,,,True,,True,True
INT-A181MXWYESC421C4,2026-06-04 16:24:24,2026-06-04,CLI-SXYSFE9DJKIE,AGT-VPGMWBYXFI,Email,Email,Comercial,Comercial,,,False,True,Neutral,-0.1,mexican,mexican,False,PRD-0ZKRG7TKK4RU,False,False
INT-KH7XWVMKGGA2YXX0,2026-06-04 23:13:45,2026-06-04,CLI-4K9STR2XMHN0,AGT-C4NMNPC23W,Inbound Call,Phone,Técnico,Técnico,248.0,78.0,True,False,Muy Negativo,-0.87,,,False,"PRD-APGKG2PNXE4I,PRD-RA327MF7LVLF,PRD-IX2UDDJLZBBX",False,True
INT-8LI8JA8G4JLB27JY,2026-06-04 23:35:50,2026-06-04,CLI-KQBCX6079NOR,AGT-BEKYT6UXHH,Inbound Call,Phone,Queja,Queja,544.0,135.0,False,True,Muy Positivo,0.72,,,True,,False,True
INT-EYGJJWPG36RR8YWT,2026-06-04 12:34:02,2026-06-04,CLI-GXN8Y7TTR3EM,AGT-FQEW7VBTN5,Inbound Call,Phone,Comercial,Comercial,623.0,149.0,True,False,Negativo,-0.68,mexican,mexican,False,"PRD-TM0GTAIK2N2L,PRD-05687SZFZACN,PRD-T0SA4M2QPW3F",True,True
INT-ZQWE9L5CWDQBMI17,2026-06-04 18:19:50,2026-06-04,CLI-02L0F4G62GEX,AGT-7SUVBV3ET6,Inbound Call,Phone,Queja,Queja,279.0,96.0,True,True,Neutral,-0.23,mexican,mexican,False,,True,True
INT-IPQZHKGMNZ9DNCZL,2026-06-04 13:09:39,2026-06-04,CLI-KED6Q8JQHYUI,AGT-OXGDKDP90E,Inbound Call,Phone,Transaccional,Transaccional,138.0,161.0,True,False,Neutral,-0.23,colombian,colombian,False,"PRD-ZWWFV4BCJC32,PRD-1TQXPN2RYLJ7,PRD-69LM98W9O32K",False,True
INT-SDCIFADL28GFKB7S,2026-06-04 20:37:48,2026-06-04,CLI-L6FAIHC7IFDD,AGT-5VGRU9RH8F,Outbound Call,Phone,Transaccional,Transaccional,230.0,,True,True,Neutral,-0.3,argentine,argentine,False,,False,True
INT-1NM3ZKTEYQAMWPTR,2026-06-04 17:41:35,2026-06-04,CLI-D30AN8RC9N5C,AGT-IN5R647MZH,Inbound Call,Phone,Técnico,Técnico,398.0,215.0,False,True,Negativo,-0.52,,,False,,True,True
INT-H44BA6Y9FL794IDV,2026-06-05 04:38:50,2026-06-04,CLI-BDHMDYM04SGV,AGT-BUS9PDJC54,Inbound Call,Phone,Transaccional,Transaccional,338.0,162.0,True,False,Neutral,-0.03,colombian,colombian,False,,False,True
INT-5175CUBCGQFVAVRP,2026-06-05 07:10:42,2026-06-04,CLI-1SU4GU5DET3F,AGT-8OAKZ8LMXA,Inbound Call,Phone,Transaccional,Transaccional,215.0,92.0,True,True,Neutral,-0.05,,,False,,False,True
INT-5TQPARKH0G8P45HK,2026-06-05 00:04:37,2026-06-04,CLI-XTOSNHKJQYAZ,AGT-XJKBDG6BI7,Chat,App,Transaccional,Transaccional,,,True,False,Neutral,0.22,argentine,argentine,False,,False,False
INT-QDF27NTZIAGFT7R0,2026-06-04 09:44:15,2026-06-04,CLI-FO8K1BX1Y7TE,AGT-0XMA3F473C,Inbound Call,Phone,Producto,Producto,346.0,78.0,True,True,Neutral,-0.05,colombian,colombian,False,,True,True
INT-6RLY1CJDLOLL9WCI,2026-06-04 15:28:22,2026-06-04,CLI-K2XK8N78FF9O,AGT-WMZQ3MHDUK,Inbound Call,Phone,Queja,Queja,512.0,95.0,True,False,Neutral,0.17,argentine,argentine,False,PRD-756UO31LF38I,False,True
INT-YENG04FUM9GOG23U,2026-06-04 22:59:26,2026-06-04,CLI-COC1B3VFKA3Z,AGT-2TAGK048H3,Chat,WhatsApp,Queja,Queja,,,True,False,Muy Negativo,-0.76,mexican,argentine,False,,False,False
INT-RTWZHMG0PRBFUTSK,2026-06-05 05:38:18,2026-06-04,CLI-6V9JLWVHOC4J,AGT-4ZRJ45ERIZ,Inbound Call,Phone,Transaccional,Transaccional,230.0,79.0,True,False,Neutral,0.13,mexican,colombian,False,,True,True
INT-NVNA80I1JAF832G7,2026-06-04 08:26:56,2026-06-04,CLI-NS53LGXRMVGC,AGT-P7EOOA2P5S,Inbound Call,Phone,Transaccional,Transaccional,245.0,99.0,True,False,Neutral,0.1,,,False,,False,True
INT-6ASO7SSGCXNDS8VW,2026-06-04 14:52:50,2026-06-04,CLI-D7QH4UBXXZGA,AGT-VFOW1SAD5J,Inbound Call,Phone,Transaccional,Transaccional,138.0,86.0,True,False,Neutral,0.14,mexican,mexican,False,,True,True
INT-45HW3LWG2164AVYY,2026-06-04 21:52:43,2026-06-04,CLI-21H09VNQNKAN,AGT-ENDMSY169K,Inbound Call,Phone,Comercial,Comercial,225.0,169.0,True,False,Positivo,0.51,,,False,"PRD-CEFNT82FM5RP,PRD-OTB7N0MB51AR",True,True
INT-UQ1DBC27HZ2G3V7U,2026-06-04 14:56:37,2026-06-04,CLI-T410PE7QIWUB,AGT-UO6O5BGYNF,Inbound Call,Phone,Queja,Queja,602.0,0.0,True,True,Muy Negativo,-0.74,mexican,mexican,False,,False,True
INT-RMBF3G8AM83KNG5A,2026-06-05 07:30:16,2026-06-04,CLI-B7N649FLPYOZ,AGT-R1TFEUGKSY,Inbound Call,Phone,Producto,Producto,336.0,208.0,True,False,Muy Positivo,0.93,,,False,PRD-R5IHUYGDGE4E,False,True
INT-SCO1CCXZPF6DOGD6,2026-06-04 21:53:33,2026-06-04,CLI-Z3I2BNK7XZ5E,AGT-1283BYB67Y,Inbound Call,Phone,Comercial,Comercial,619.0,144.0,True,False,Muy Negativo,-0.74,mexican,mexican,False,,True,True
INT-IIW0641W683J8TVX,2026-06-05 01:01:59,2026-06-04,CLI-TK5MQ5H4RI48,AGT-D823QIGFPO,Chat,WhatsApp,Transaccional,Transaccional,,,True,False,Neutral,0.24,mexican,colombian,False,,False,False
INT-1EU6EB4ELQWG7JUF,2026-06-04 19:03:19,2026-06-04,CLI-B3Y6333T0IJZ,AGT-JPATDOZLSQ,Inbound Call,Phone,Comercial,Comercial,322.0,38.0,True,False,Positivo,0.47,mexican,mexican,False,"PRD-1QKY7YOI8PQF,PRD-SOMNYKOI0RJZ,PRD-G2WHPW638V62",True,True
INT-X2UODOLHB5I85HKW,2026-06-04 18:14:04,2026-06-04,CLI-7LYE3PH8RYKM,AGT-G4ZXDWOS2S,Outbound Call,Phone,Transaccional,Transaccional,203.0,,True,False,Neutral,0.2,,,False,,False,True
INT-36QJH78Q7FXK3SNR,2026-06-04 11:21:21,2026-06-04,CLI-584S4MDLHMH1,AGT-RUOSBHQ9OT,Chat,Web Chat,Transaccional,Transaccional,,,True,False,Neutral,-0.1,colombian,colombian,False,,False,False
INT-GOQ28MJXS7BPV796,2026-06-04 10:15:46,2026-06-04,CLI-FRKS2AC07SMP,AGT-TE0VSZWQTW,Email,Email,Queja,Queja,,,False,True,Negativo,-0.67,argentine,argentine,False,,True,False
INT-G0UR6A3M5193L9UF,2026-06-04 18:28:54,2026-06-04,CLI-MVJVH4CV2SYR,AGT-3CWPWNJ1YQ,Outbound Call,Phone,Transaccional,Transaccional,240.0,,True,False,Neutral,0.18,colombian,colombian,False,"PRD-BGA8ZX8F0NU3,PRD-DLAROXN9WD56,PRD-ZY32WZB2NXS0",False,True
INT-CJ9GP1GHJSE1197Q,2026-06-04 20:40:36,2026-06-04,CLI-65MHXTK7EYKW,AGT-07DM6KZ1Y8,Inbound Call,Phone,Producto,Producto,284.0,32.0,True,False,Negativo,-0.62,mexican,mexican,False,PRD-5TTPWPD44NEW,False,True
INT-HGV67YE8IHRKX2F2,2026-06-05 04:11:55,2026-06-04,CLI-CZBXN64KQMAB,AGT-ILZ3O4HNJ7,Outbound Call,Phone,Técnico,Técnico,420.0,,False,True,Neutral,-0.0,,,False,,True,True
INT-5USHLWJ9QPZ5ADMH,2026-06-04 11:13:50,2026-06-04,CLI-NS2PFKNAEAA5,AGT-FMWA0M964M,Inbound Call,Phone,Producto,Producto,277.0,101.0,False,True,Positivo,0.43,mexican,argentine,False,,False,True
INT-7WHPWQ88M3KVTSQI,2026-06-04 10:23:10,2026-06-04,CLI-SXLGQ09BNJ4I,AGT-6BOP58P37C,Inbound Call,Phone,Producto,Producto,312.0,117.0,True,False,Neutral,-0.2,mexican,colombian,False,,False,True
INT-0B8VOQKOYKA4H137,2026-06-05 03:12:58,2026-06-04,CLI-H5B90OZJWBUG,AGT-KITIHYNJSA,Inbound Call,Phone,Transaccional,Transaccional,186.0,103.0,True,False,Neutral,0.14,mexican,mexican,True,,True,True
INT-OFX1TX4CUHSNPSSQ,2026-06-05 01:27:23,2026-06-04,CLI-4PS365Z4NWJ2,AGT-9OUCPLC2FI,Chat,App,Transaccional,Transaccional,,,True,False,Neutral,0.14,mexican,mexican,False,,False,False
INT-HOKJSG3LK6BYQB9B,2026-06-05 05:06:46,2026-06-04,CLI-SAF17AKOXR3D,AGT-DYB0RQQGNC,Inbound Call,Phone,Producto,Producto,228.0,29.0,True,False,Negativo,-0.55,,,False,"PRD-9N70N0IE96I3,PRD-UQ270CJLS8J0",True,True
INT-6X28LNZZXNLIKC98,2026-06-04 18:33:46,2026-06-04,CLI-JGBJBDFP8287,AGT-96XY80WRZG,Inbound Call,Phone,Transaccional,Transaccional,193.0,95.0,True,False,Neutral,0.14,argentine,argentine,False,,False,True
INT-AD6PX64VMP5ZQXFL,2026-06-05 01:22:41,2026-06-04,CLI-SQAZBN8Q28EP,AGT-0FULA5JB42,Outbound Call,Phone,Queja,Queja,452.0,,False,True,Neutral,0.13,colombian,colombian,False,,False,True
INT-64ZSQ1A8E30FN6DS,2026-06-04 19:57:31,2026-06-04,CLI-9UUTIO3CHLE2,AGT-XODIBGCD8U,Inbound Call,Phone,Queja,Queja,271.0,121.0,True,False,Negativo,-0.38,colombian,colombian,False,PRD-W7KRLD8020Z9,False,True
INT-SWE47LM9XGOF3MFM,2026-06-05 06:30:17,2026-06-04,CLI-1QK6EY0OX0WF,AGT-N0753JMGIT,Outbound Call,Phone,Transaccional,Transaccional,106.0,,True,False,Neutral,-0.15,,,False,"PRD-FKTO0PBBEED8,PRD-AVOOGT0E1VWD,PRD-66R9K627ZDEN",False,True
INT-5604268XDZY7DEIJ,2026-06-05 03:54:01,2026-06-04,CLI-UYIN5S0TJGD3,AGT-Q47B8JI9Y1,Inbound Call,Phone,Técnico,Técnico,508.0,29.0,True,False,Neutral,0.01,argentine,argentine,True,,False,True
INT-GQQI9DDNUTWZVSB9,2026-06-04 20:40:46,2026-06-04,CLI-RI9IR23FOHTD,AGT-WZZ580SGIK,Video,App,Comercial,Comercial,544.0,,True,False,Neutral,-0.17,,,True,,True,True
INT-BMXX3F54S6MK6SMV,2026-06-04 17:49:41,2026-06-04,CLI-WRZ47L3VGM13,AGT-1G6T32CON1,Inbound Call,Phone,Producto,Producto,440.0,155.0,True,False,Neutral,0.18,,,True,,False,True
INT-513ERTU9LZ03J9RX,2026-06-04 11:50:52,2026-06-04,CLI-1JLA7KD3KUF9,AGT-7RNBB5W4CT,Inbound Call,Phone,Transaccional,Transaccional,186.0,98.0,True,False,Neutral,-0.05,argentine,colombian,False,,False,True
INT-ACVR53KC3V3PKYSB,2026-06-04 23:51:42,2026-06-04,CLI-C1BNRBOV6RBZ,AGT-TLFYB8CQW4,Chat,App,Queja,Queja,,,True,False,Neutral,0.26,mexican,mexican,False,,False,False
INT-TXG6TMYGU5IEJIC7,2026-06-04 14:49:49,2026-06-04,CLI-YZ9RYO1YFMRT,AGT-PE3Z64L6KA,Chat,App,Producto,Producto,,,True,False,Neutral,-0.09,colombian,colombian,False,,False,False
INT-4M5RDO7MWT15T1I8,2026-06-05 02:55:23,2026-06-04,CLI-TH2UT2X3VRGG,AGT-S448G59QZX,Inbound Call,Phone,Comercial,Comercial,514.0,140.0,True,False,Neutral,0.28,mexican,mexican,False,"PRD-RZ33TWBVXY6H,PRD-XBW4ZW2FLECN",True,True
INT-9VP3U4170TZAPREN,2026-06-05 05:15:32,2026-06-04,CLI-7CYVCV4XIGID,AGT-4WZQ2M1A4U,Inbound Call,Phone,Técnico,Técnico,270.0,118.0,False,True,Negativo,-0.36,,,False,,False,True
INT-7JEDZD3ERS5VJBJE,2026-06-04 19:47:37,2026-06-04,CLI-NXGF7V90VJK0,AGT-VNPM17YQ4J,Outbound Call,Phone,Producto,Producto,437.0,,True,False,Neutral,-0.24,colombian,colombian,False,"PRD-8L6LTYPRL3JB,PRD-QZCBQXQR9N3V",True,True
INT-45TN6IGT903ESUPC,2026-06-04 18:12:11,2026-06-04,CLI-WLLYR9JURRDN,AGT-YHIM4ZODIK,Inbound Call,Phone,Producto,Producto,96.0,48.0,False,True,Negativo,-0.64,colombian,colombian,False,"PRD-FHG805IZU7QR,PRD-8G21GPPL3I3S,PRD-YNS7U826W9GI",False,True
INT-RIN1TG9B07OJCRFY,2026-06-04 17:21:39,2026-06-04,CLI-EU5NZ69ZSHHS,AGT-CTUYD8XUXN,Inbound Call,Phone,Transaccional,Transaccional,150.0,68.0,True,False,Neutral,-0.22,mexican,colombian,False,"PRD-CLFIXM96NNKF,PRD-ZVG702FCOV7N",False,True
INT-31BNDPJUH4MKKWUI,2026-06-04 22:37:28,2026-06-04,CLI-JJGWCWE7CHKJ,AGT-KFKEME1XFX,Inbound Call,Phone,Técnico,Técnico,389.0,93.0,True,True,Muy Positivo,0.81,mexican,mexican,False,,False,True
INT-YPFL2GP7508EL97X,2026-06-05 06:57:35,2026-06-04,CLI-FUYTX2IYK7AR,AGT-W2DEB9GVSM,Outbound Call,Phone,Técnico,Técnico,179.0,,True,False,Neutral,0.17,mexican,mexican,True,,False,True
INT-MPPPTN9N1PJTQ6WX,2026-06-05 04:46:12,2026-06-04,CLI-9K6IYIFXUQ1I,AGT-CL1ZPNLJ7U,Inbound Call,Phone,Queja,Queja,272.0,201.0,False,True,Neutral,-0.02,colombian,colombian,False,,False,True
INT-136F8J83NWC58BWF,2026-06-04 11:11:06,2026-06-04,CLI-BVO5ZF8SWS7X,AGT-9WKZ1BVX91,Inbound Call,Phone,Queja,Queja,499.0,107.0,False,True,Negativo,-0.61,mexican,mexican,False,"PRD-620WAXH4BMLV,PRD-ME3ETNTS8MZH,PRD-IZ4C1F8OE6LV",False,True
INT-V83NB8HKJOVYD4X7,2026-06-05 00:29:46,2026-06-04,CLI-02VIZBTBL7JV,AGT-X4VHNHC9EF,Inbound Call,Phone,Producto,Producto,310.0,152.0,True,False,Neutral,0.18,mexican,mexican,False,"PRD-V9KIIC88H8PL,PRD-GDADVF5QZD05",False,True
INT-T8KKCFS4X2IX93KC,2026-06-04 21:07:38,2026-06-04,CLI-26FQ0HK11HZD,AGT-6BOP58P37C,Inbound Call,Phone,Comercial,Comercial,545.0,185.0,False,True,Negativo,-0.46,colombian,colombian,False,,False,True
INT-JGFYN5LJXKJKFXRJ,2026-06-04 17:00:28,2026-06-04,CLI-W7ZAMDJKXYEB,AGT-HKU44IP108,Email,Email,Queja,Queja,,,False,True,Neutral,-0.09,,,False,,False,False
INT-O9316G51CUISUXDS,2026-06-05 05:02:54,2026-06-04,CLI-6H50RG3ZFBL1,AGT-G5GWLCT1OU,Outbound Call,Phone,Transaccional,Transaccional,241.0,,True,False,Neutral,-0.02,,,False,"PRD-XRETWATE3WXJ,PRD-53BDE8WUZ7K0,PRD-Q4MKSTSPZ1TJ",False,True
INT-90NUW67IUV8DV8VH,2026-06-05 05:18:26,2026-06-04,CLI-AUBO1ECSTFZK,AGT-4V4YDGZZ5H,Inbound Call,Phone,Transaccional,Transaccional,338.0,178.0,True,False,Neutral,0.06,,,False,,False,True
INT-KQ81O5GE12OPMWPM,2026-06-05 06:35:20,2026-06-04,CLI-NT2N30ZS9NUC,AGT-I2PACZNZ4Y,Chat,App,Técnico,Técnico,,,True,False,Negativo,-0.67,mexican,mexican,False,,False,False
INT-96R74ZCQ4CF97SPV,2026-06-04 20:35:15,2026-06-04,CLI-D0CBANLL4MVS,AGT-CRXE24TEPA,Inbound Call,Phone,Transaccional,Transaccional,163.0,179.0,True,False,Neutral,0.27,colombian,colombian,False,,False,True
INT-MPPGRWOYQLAQBR5F,2026-06-04 19:38:32,2026-06-04,CLI-AV147M162TYL,AGT-3QQOA60CO9,Inbound Call,Phone,Producto,Producto,403.0,131.0,True,True,Neutral,0.09,mexican,argentine,False,"PRD-AWNI04W7LZVX,PRD-3OBFZQRMX512,PRD-ZTSABMR1KDL4",False,True
INT-9OMUY3QRGX9O6QQL,2026-06-04 17:18:11,2026-06-04,CLI-HD8OSVE2SH1Z,AGT-FNW1UWSWIS,Outbound Call,Phone,Comercial,Comercial,900.0,,False,True,Positivo,0.58,argentine,argentine,False,PRD-7FSEI9M8KQCZ,False,True
INT-7RQRAZXILCYJ3MIC,2026-06-04 15:46:33,2026-06-04,CLI-G615TS91R7FZ,AGT-FKCTSOFRV8,Chat,App,Queja,Queja,,,False,True,Neutral,-0.19,argentine,argentine,False,PRD-MTDPN79H2ZSV,False,False
INT-RIDIMW1I4IF49ZEK,2026-06-04 17:25:18,2026-06-04,CLI-9WAH5ZW9UZ7N,AGT-GX1XLRMUAS,Inbound Call,Phone,Producto,Producto,258.0,52.0,True,False,Neutral,0.25,mexican,mexican,False,"PRD-FF6L5NN7U955,PRD-76KUZCC8Q8FD",False,True
INT-OD2YF38KIPI82SN8,2026-06-04 17:59:33,2026-06-04,CLI-5IZAO0L7DLE9,AGT-P76IVQDP9K,Inbound Call,Phone,Producto,Producto,185.0,88.0,True,False,Negativo,-0.67,,,True,,False,True
INT-B54OJCVH3LEZRPDH,2026-06-05 04:07:45,2026-06-04,CLI-P7V8P683CZB5,AGT-54VUKA8638,Inbound Call,Phone,Comercial,Comercial,303.0,83.0,False,True,Negativo,-0.56,,,False,,True,True
INT-9CWHFOR1NU5EGRCO,2026-06-05 02:06:02,2026-06-04,CLI-BSMS6BWRU8BI,AGT-R9OEJVZ74S,Inbound Call,Phone,Transaccional,Transaccional,273.0,105.0,True,False,Neutral,-0.16,,,False,,True,True
INT-KW5UWR8HR1KVBYXH,2026-06-04 10:23:33,2026-06-04,CLI-EAXKR7XCO8J4,AGT-R03JWT0EJ6,Inbound Call,Phone,Técnico,Técnico,363.0,117.0,True,False,Negativo,-0.34,mexican,mexican,False,"PRD-4JMX2VE2NLIX,PRD-QC0HTVM00Q07,PRD-XHDFOURQUN60",False,True
INT-6JKX0KI88JFYZGEA,2026-06-04 23:13:49,2026-06-04,CLI-2DBVFX6QEH0F,AGT-RRH6ONQMMX,Inbound Call,Phone,Producto,Producto,265.0,108.0,True,False,Neutral,0.15,mexican,colombian,False,PRD-IIQHMZQURY4S,False,True
INT-HVKKUYVAHQ92BAU3,2026-06-04 20:10:55,2026-06-04,CLI-6XKVBM7NVKWM,AGT-29JHQCW7PX,Inbound Call,Phone,Comercial,Comercial,318.0,123.0,True,False,Muy Positivo,0.87,argentine,argentine,False,,False,True
INT-HXY66Q7VXQL48J7Y,2026-06-05 05:45:50,2026-06-04,CLI-AFND86AAN5WR,AGT-01T1LJ1M61,Outbound Call,Phone,Comercial,Comercial,347.0,,False,True,Muy Negativo,-0.97,colombian,colombian,False,,False,True
INT-LD2DDGPC5EA15S09,2026-06-05 05:45:52,2026-06-04,CLI-SXK18EG64WLW,AGT-WKXZRWYSSN,Inbound Call,Phone,Producto,Producto,290.0,3.0,True,False,Positivo,0.65,,,False,,False,True
INT-8KTJC5D8FVVBAR9Q,2026-06-04 22:55:43,2026-06-04,CLI-VGHYEWZ0EPXE,AGT-VUMXHFDA63,Inbound Call,Phone,Queja,Queja,412.0,186.0,False,True,Neutral,-0.06,colombian,colombian,False,,False,True
INT-Z9US2LN8JAJMOMIM,2026-06-05 04:43:36,2026-06-04,CLI-7HNQO2JZMD5L,AGT-FLSNDXOHFN,Inbound Call,Phone,Transaccional,Transaccional,211.0,63.0,True,False,Neutral,-0.16,mexican,mexican,False,"PRD-6N2WR9I8JEVN,PRD-IMKSSOJFKKB6",False,True
INT-GDKY6MD19BJY3TU9,2026-06-04 14:31:23,2026-06-04,CLI-ZRGT44SYY0GD,AGT-XODIBGCD8U,Inbound Call,Phone,Producto,Producto,162.0,20.0,True,False,Neutral,-0.27,mexican,mexican,False,,True,True
INT-MWX019E7MJAO8BF8,2026-06-04 20:50:27,2026-06-04,CLI-VL6HTFXEMEQ7,AGT-XUBJTI8AW5,Chat,App,Transaccional,Transaccional,,,True,False,Neutral,0.18,mexican,mexican,False,"PRD-6ZDTJK2R0KXO,PRD-RQAXMBA6KFYQ",True,False
INT-WC0DIMW6DVQAOOU7,2026-06-04 10:55:00,2026-06-04,CLI-EB6PI0YQD6RA,AGT-KU17P6Y4EJ,Email,Email,Transaccional,Transaccional,,,True,True,Neutral,-0.22,,,False,,False,False
INT-9JE4CTRJN0PHXZY4,2026-06-04 19:36:03,2026-06-04,CLI-6SQRY2XCE4IK,AGT-1U67SCVP90,Inbound Call,Phone,Transaccional,Transaccional,185.0,187.0,False,True,Neutral,-0.08,mexican,mexican,False,,True,True
INT-P8K7VL6M16D718NA,2026-06-04 16:15:03,2026-06-04,CLI-ZG5NKMB6CVYC,AGT-ADNC57V4Y5,Inbound Call,Phone,Técnico,Técnico,366.0,88.0,False,True,Neutral,0.17,colombian,mexican,False,"PRD-K4QA09819TBT,PRD-YFT7K5ORQHZ9,PRD-JAUP9GUOBAE3",False,True
INT-J6NQ3RZ9HBCLNSFU,2026-06-04 18:07:24,2026-06-04,CLI-29MADPYNNCA8,AGT-RM928J5EOG,Inbound Call,Phone,Transaccional,Transaccional,197.0,173.0,True,False,Neutral,0.19,,,False,,False,True
INT-KIW4FQ4DP8OH71T5,2026-06-04 20:26:00,2026-06-04,CLI-AJC6GPWQ2O3B,AGT-NBQ65Y4VZ9,Inbound Call,Phone,Transaccional,Transaccional,205.0,40.0,True,False,Neutral,-0.26,mexican,mexican,False,,False,True
INT-3U5LHVOJ9C9MHWQX,2026-06-05 04:54:09,2026-06-04,CLI-8J161R34ITF3,AGT-LFX460UJ80,Inbound Call,Phone,Producto,Producto,172.0,1.0,True,False,Neutral,0.09,argentine,argentine,False,PRD-L6M22YCD547C,True,True
INT-4EEX3Q8XAPL48CQB,2026-06-05 07:19:26,2026-06-04,CLI-INB0EA0MLIRF,AGT-GF86DSKF59,Outbound Call,Phone,Producto,Producto,239.0,,True,False,Negativo,-0.58,,,True,,False,True
INT-T2OMIHJ1P3VEAP3V,2026-06-05 02:49:57,2026-06-04,CLI-QR3JSW8H5KQR,AGT-6OR4WMM8YS,Outbound Call,Phone,Producto,Producto,266.0,,True,False,Positivo,0.4,colombian,colombian,False,,True,True
INT-82WT7X1J6JRG822T,2026-06-04 22:21:38,2026-06-04,CLI-7TI8L6NFAPFW,AGT-FGAVR5FA7R,Outbound Call,Phone,Técnico,Técnico,352.0,,True,False,Muy Negativo,-0.76,argentine,argentine,False,,False,True
INT-QU6RNBES1FO0CEK0,2026-06-04 14:11:03,2026-06-04,CLI-0UL102WPQG1V,AGT-35OZPMG5XY,Outbound Call,Phone,Transaccional,Transaccional,132.0,,True,True,Neutral,0.07,,,False,,False,True
INT-8F78RD1N5P3WHRP5,2026-06-05 07:42:10,2026-06-04,CLI-1NS3HA8SKE01,AGT-VAGLG3O4LB,Outbound Call,Phone,Transaccional,Transaccional,268.0,,True,False,Neutral,0.17,colombian,colombian,False,"PRD-196QDD0BHV4A,PRD-S61C5G6M72WH",False,True
INT-DNNFH5UJPEJICZ5M,2026-06-04 10:39:10,2026-06-04,CLI-YRQSBJJKCIOO,AGT-VF04ZPV9BW,Inbound Call,Phone,Transaccional,Transaccional,157.0,44.0,True,False,Neutral,-0.05,mexican,mexican,False,"PRD-DIB3NXZPFQEH,PRD-OG8M6J8DSLOT",False,True
INT-FSHPPNKUK1Y2NVGS,2026-06-04 12:21:19,2026-06-04,CLI-T5JBXJR3810A,AGT-87J5AYCAB1,Inbound Call,Phone,Transaccional,Transaccional,173.0,167.0,True,False,Neutral,0.28,colombian,colombian,False,,False,True
INT-Y028X5WQNPEJ7HSD,2026-06-04 18:35:37,2026-06-04,CLI-7EK1HLSP9R07,AGT-PMTS32C7KD,Inbound Call,Phone,Transaccional,Transaccional,217.0,159.0,True,False,Neutral,0.07,,,False,,False,True
INT-0EAZ7IIBYYTV2DLD,2026-06-04 13:50:18,2026-06-04,CLI-P44P7P1UPXFG,AGT-71H194GLL8,Outbound Call,Phone,Técnico,Técnico,255.0,,True,False,Neutral,-0.02,mexican,mexican,False,,False,True
INT-AEP5148RB2S7O7M0,2026-06-04 20:18:31,2026-06-04,CLI-AVMV17HKGJS5,AGT-Z417DGG0UF,Outbound Call,Phone,Transaccional,Transaccional,204.0,,True,False,Neutral,-0.0,colombian,colombian,True,,False,True
INT-BXDK4N1YRCMO0WTI,2026-06-04 11:34:00,2026-06-04,CLI-OJ5UY7OZ1BV8,AGT-OST7AX31MF,Outbound Call,Phone,Transaccional,Transaccional,169.0,,True,False,Neutral,-0.03,colombian,colombian,False,,True,True
INT-D3F29D11JMQQVWI6,2026-06-04 20:22:19,2026-06-04,CLI-AM71PM7YECW1,AGT-3AHB2QOQ17,Chat,WhatsApp,Queja,Queja,,,True,True,Muy Negativo,-0.99,colombian,colombian,False,"PRD-KRQISPYMIDAF,PRD-7CL42OEDNB9T",False,False
INT-NSST0M5T1X7PA5FZ,2026-06-04 21:31:03,2026-06-04,CLI-6CR4XNFHEI20,AGT-3CWPWNJ1YQ,Outbound Call,Phone,Técnico,Técnico,451.0,,True,True,Neutral,-0.06,colombian,colombian,False,,True,True
INT-51VMJO9ZNCSDUZ4L,2026-06-04 20:11:40,2026-06-04,CLI-VGJZDPTRREKT,AGT-1HI8LTU9QQ,Inbound Call,Phone,Queja,Queja,305.0,41.0,False,True,Neutral,-0.29,colombian,colombian,False,,False,True
INT-WYZ0R24ICQX54SP6,2026-06-05 07:04:38,2026-06-04,CLI-BUQEHV8RTJZ3,AGT-I54H5N8EAF,Inbound Call,Phone,Transaccional,Transaccional,231.0,112.0,True,False,Neutral,0.1,,,False,,False,True
INT-SXLZ01EFJFPHIHL8,2026-06-05 02:24:09,2026-06-04,CLI-O98SUB3EIGOI,AGT-0O9BVZZ68Z,Inbound Call,Phone,Transaccional,Transaccional,190.0,171.0,False,True,Neutral,0.29,,,False,"PRD-4GC5VC0AKOYU,PRD-O83GV44O7JL6,PRD-0OI6TP32SKHE",True,True
INT-H91K0F281SUT7D3I,2026-06-05 06:25:52,2026-06-04,CLI-V7VQTF4Q7R8G,AGT-ODN9VO7OYD,Inbound Call,Phone,Transaccional,Transaccional,318.0,174.0,True,False,Neutral,-0.22,,,True,,False,True
INT-SOR0K4X6G8DURE3M,2026-06-05 02:02:22,2026-06-04,CLI-VLYESNC5SWH3,AGT-5U01K5M1K2,Inbound Call,Phone,Transaccional,Transaccional,199.0,43.0,True,False,Neutral,-0.04,colombian,mexican,False,,True,True
INT-GYD4809YB2IDXTAQ,2026-06-05 06:07:58,2026-06-04,CLI-3E5HS3UYOL4O,AGT-9WIE6SB1MJ,Outbound Call,Phone,Comercial,Comercial,623.0,,True,False,Positivo,0.67,mexican,mexican,False,,False,True
INT-P4LUEXWBZHZ3JGUZ,2026-06-04 17:15:54,2026-06-04,CLI-V830NLX74PB9,AGT-1PCJWOWJBX,Inbound Call,Phone,Transaccional,Transaccional,58.0,41.0,True,False,Neutral,-0.16,colombian,colombian,False,,False,True
INT-V98HZWECKP81GZIJ,2026-06-05 07:22:55,2026-06-04,CLI-AW46YOZHHFK6,AGT-BE8UFS60OG,Inbound Call,Phone,Comercial,Comercial,678.0,51.0,False,True,Negativo,-0.33,mexican,mexican,False,PRD-AJ7OQLKJWGVA,False,True
INT-P9Q8SIXXQYQHUON2,2026-06-04 20:27:50,2026-06-04,CLI-WGDPRZJB82GQ,AGT-M261ILATNY,Inbound Call,Phone,Producto,Producto,223.0,89.0,True,True,Neutral,-0.15,,,False,,True,True
INT-MDQF3SVQ90UH322V,2026-06-04 16:09:58,2026-06-04,CLI-P0QGFS81BILH,AGT-DD88NRIADN,Inbound Call,Phone,Comercial,Comercial,564.0,121.0,True,True,Neutral,0.21,colombian,colombian,False,,False,True
INT-T198H6C7IY7UYW99,2026-06-05 07:13:45,2026-06-04,CLI-98JOC1PXXA6Y,AGT-VH1MSPB0E8,Chat,App,Queja,Queja,,,False,True,Neutral,0.22,colombian,colombian,False,"PRD-DQ9NF1V6HH9J,PRD-X3V33D2Y0UJ1",False,False
INT-BJJY8V4QNFCUAEF2,2026-06-04 11:36:15,2026-06-04,CLI-QIRSP01FHBC3,AGT-H4EMIUP105,Inbound Call,Phone,Transaccional,Transaccional,358.0,224.0,True,False,Neutral,0.13,mexican,argentine,False,,False,True
INT-4OQFIY6LZNG6AKMS,2026-06-05 05:06:05,2026-06-04,CLI-QUM1X1X0YQJI,AGT-NO19RXC65N,Inbound Call,Phone,Producto,Producto,96.0,82.0,True,False,Neutral,0.28,mexican,mexican,False,"PRD-21C3EDPNHGKB,PRD-ADNWO8LUKEM5",True,True
INT-6UF74QX7KRDNKYBD,2026-06-04 16:02:20,2026-06-04,CLI-1WPWAOBE0BSU,AGT-KUIILLCOPA,Inbound Call,Phone,Transaccional,Transaccional,176.0,0.0,True,False,Neutral,-0.04,,,False,"PRD-UTYXLHHM44OC,PRD-GN1HRGMLGN0T",False,True
INT-OV79SECCVIEZZP5Q,2026-06-05 06:20:33,2026-06-04,CLI-5B3JVGIHFWZ1,AGT-Q4TY30BOYE,Inbound Call,Phone,Transaccional,Transaccional,662.0,123.0,True,False,Neutral,0.16,,,False,,False,True
INT-2G0QPVAF0HJ0SVE7,2026-06-04 12:16:17,2026-06-04,CLI-L5IFCC5XB7I8,AGT-TSMBWDEGRX,Inbound Call,Phone,Transaccional,Transaccional,211.0,138.0,True,True,Neutral,-0.04,colombian,argentine,False,"PRD-3YB4YL8Y799K,PRD-HFT4SEWQJ2NA,PRD-KUQ5UUDL1RUL",False,True
INT-6ES1X0PB4BS1C33M,2026-06-04 08:56:03,2026-06-04,CLI-W744NFM2JSST,AGT-RLIC03EY4X,Inbound Call,Phone,Transaccional,Transaccional,163.0,79.0,True,False,Neutral,0.2,mexican,mexican,False,"PRD-VVH5BQXJ8514,PRD-1XZ7B9HGKJWQ,PRD-KBQDGB01CL1J",False,True
INT-WH0EXEQGMGSLQYDT,2026-06-04 19:52:54,2026-06-04,CLI-9WIIEP5BR0FQ,AGT-UO6O5BGYNF,Inbound Call,Phone,Transaccional,Transaccional,132.0,130.0,True,False,Neutral,0.06,colombian,mexican,False,,True,True
INT-Q6ZQN8KS7UNXP5GO,2026-06-04 22:55:49,2026-06-04,CLI-A8E9A6VD8ZQJ,AGT-E1HYYKT3NN,Inbound Call,Phone,Producto,Producto,327.0,69.0,True,False,Neutral,-0.02,,,False,PRD-8XHWK38RMRR9,False,True
INT-ZUR0W57KX1EA1F84,2026-06-04 09:55:08,2026-06-04,CLI-PWZIQRC1GC13,AGT-G0U5QILT5N,Inbound Call,Phone,Transaccional,Transaccional,119.0,107.0,True,True,Neutral,-0.14,,,False,,False,True
INT-SC5L58AQDTKN871B,2026-06-05 01:41:13,2026-06-04,CLI-DD0EUZ1YAL24,AGT-UPO580RUGH,Email,Email,Queja,Queja,,,True,False,Positivo,0.64,,,True,"PRD-GHYUHPVY68GG,PRD-QCRHMENO2QY2",False,False
INT-6VSJAC130787NRFN,2026-06-05 00:45:17,2026-06-04,CLI-4P87SFGYKEN1,AGT-CYN53965R2,Video,App,Transaccional,Transaccional,199.0,,True,False,Neutral,-0.27,mexican,mexican,True,PRD-9CB5GWWNHO1U,False,True
INT-JLY8MDNPSX0KYI1P,2026-06-04 10:26:00,2026-06-04,CLI-LPVBVMP10K92,AGT-NQ6WIG9OWH,Inbound Call,Phone,Producto,Producto,150.0,171.0,True,False,Positivo,0.49,,,False,"PRD-ZMWZYWR7B78A,PRD-017539DZYE5M,PRD-770N119ME20L",True,True
INT-TSI7HWXYM83TD8D3,2026-06-04 12:26:54,2026-06-04,CLI-XFEWVJB60JP9,AGT-9U9K7MKVAX,Inbound Call,Phone,Comercial,Comercial,592.0,137.0,True,False,Neutral,0.23,mexican,mexican,False,,False,True
INT-UPUI3CF2ILQIAB58,2026-06-04 09:18:55,2026-06-04,CLI-WG1A2E472JOC,AGT-L0V4XUS6HH,Inbound Call,Phone,Transaccional,Transaccional,308.0,160.0,True,False,Neutral,0.0,mexican,mexican,False,,False,True
INT-5LHAI87RAUZE2760,2026-06-04 18:51:06,2026-06-04,CLI-30JYJT5ZFUMO,AGT-613L388D8L,Email,Email,Técnico,Técnico,,,True,False,Positivo,0.6,argentine,mexican,False,"PRD-1U0YWENXF2RR,PRD-L7GG2HXY1PYU",True,False
INT-ALEALQ3HJ1C6TLYD,2026-06-04 15:26:00,2026-06-04,CLI-N4HSA4CIA06T,AGT-GDP9DDIZFP,Inbound Call,Phone,Transaccional,Transaccional,145.0,168.0,True,True,Neutral,-0.23,,,False,,True,True
INT-KYN6RHDDYIIRZR25,2026-06-04 19:34:18,2026-06-04,CLI-QYP3956LVHVY,AGT-4VD72FBSK4,Inbound Call,Phone,Comercial,Comercial,435.0,139.0,True,False,Neutral,-0.04,argentine,colombian,False,,False,True
INT-NOP5IURN24K1HMRM,2026-06-04 17:06:57,2026-06-04,CLI-1WPKGZ2KLG9H,AGT-KTWAJKP7QW,Inbound Call,Phone,Técnico,Técnico,484.0,57.0,True,False,Negativo,-0.49,colombian,colombian,False,,False,True
INT-6AM4T0JKRKLAF3PA,2026-06-04 10:55:43,2026-06-04,CLI-2D9SFUDG3D15,AGT-J6HJ50RRFC,Inbound Call,Phone,Transaccional,Transaccional,219.0,17.0,True,False,Neutral,0.09,,,False,,False,True
INT-RO8GWN3KSXKA86P1,2026-06-05 07:34:31,2026-06-04,CLI-XCZ9Y7XKXWTD,AGT-HX94J4BGWF,Inbound Call,Phone,Producto,Producto,338.0,185.0,True,False,Positivo,0.64,mexican,mexican,False,,True,True
INT-ZK1GTMAAG4U4BBTE,2026-06-04 15:23:46,2026-06-04,CLI-TH3JR15R9RV3,AGT-X3WLDNDFIL,Chat,WhatsApp,Producto,Producto,,,True,False,Neutral,-0.08,argentine,argentine,False,PRD-EB0MPTDF4CZL,True,False
INT-IQIDDJ1YMXH3PCL1,2026-06-04 10:34:13,2026-06-04,CLI-GB0VHLH3HMN9,AGT-93R1FEUZ8C,Inbound Call,Phone,Producto,Producto,381.0,115.0,True,False,Neutral,-0.08,mexican,mexican,False,,False,True
INT-ZM4Z60EJEA10RHVP,2026-06-05 03:17:34,2026-06-04,CLI-GHKHFIBWXH3I,AGT-F46PV6WU87,Outbound Call,Phone,Producto,Producto,231.0,,True,False,Neutral,-0.12,argentine,argentine,False,,False,True
INT-N7ELO2RZ7B6Y89LO,2026-06-05 06:07:45,2026-06-04,CLI-7DRE7FWIST2Q,AGT-B6R45B7BNQ,Email,Email,Transaccional,Transaccional,,,True,True,Neutral,-0.19,mexican,argentine,False,,False,False
INT-S8HB06NVYH4L5VKL,2026-06-05 06:59:59,2026-06-04,CLI-QGIAWF3JY39Q,AGT-5VXKVZOWR5,Inbound Call,Phone,Técnico,Técnico,587.0,81.0,False,True,Neutral,0.28,colombian,argentine,False,,False,True
INT-ST37RDDMTJ367FNV,2026-06-04 17:19:14,2026-06-04,CLI-WLSU3KHLMTC1,AGT-HX94J4BGWF,Outbound Call,Phone,Técnico,Técnico,385.0,,True,False,Positivo,0.54,argentine,argentine,False,"PRD-VV7FOOQIB844,PRD-FXG6D7WJODUA",False,True
INT-BWYCSU0WRY2BWRPZ,2026-06-04 21:30:54,2026-06-04,CLI-MILM2S48B8NI,AGT-OHDGRCT0SL,Email,Email,Queja,Queja,,,True,True,Neutral,0.05,colombian,colombian,False,"PRD-HFRESFSRSYDE,PRD-ZRI5BQJHNZOY,PRD-47BCL073AH30",False,False
INT-C3IZZ5EO84Z9S9VM,2026-06-04 23:44:46,2026-06-04,CLI-1SS8C19GLQ0H,AGT-ZZLDFFK5KX,Inbound Call,Phone,Producto,Producto,311.0,56.0,True,False,Neutral,-0.19,colombian,colombian,False,,False,True
INT-8D89S9S8FRJVMGSB,2026-06-04 21:04:50,2026-06-04,CLI-CH814CCGUSNS,AGT-8K2B7GS404,Inbound Call,Phone,Transaccional,Transaccional,267.0,184.0,True,False,Neutral,0.27,argentine,argentine,False,,False,True
INT-LZ7OAIO8JBB9Z8II,2026-06-04 08:21:01,2026-06-04,CLI-6H0LI0IY4DU6,AGT-YETUBFGAV5,Inbound Call,Phone,Producto,Producto,330.0,92.0,True,False,Neutral,0.22,,,False,,False,True
INT-N64I3EUDQR9ZYK44,2026-06-04 19:36:18,2026-06-04,CLI-5THTHOP39NR1,AGT-V879G2OOFG,Inbound Call,Phone,Queja,Queja,389.0,200.0,False,True,Neutral,-0.17,colombian,mexican,False,PRD-E9ZVYU0BVCC2,False,True
INT-N11FCD2O5383KEU1,2026-06-04 09:22:45,2026-06-04,CLI-DPRMN09Y9CGD,AGT-YD75PME3W5,Email,Email,Producto,Producto,,,True,False,Muy Negativo,-0.94,mexican,mexican,False,"PRD-E6LCBUE24K2F,PRD-U0XXNPNUW74B,PRD-DBDZTJYFU1BO",False,False
INT-X306XTL4T1EX8TL0,2026-06-04 08:37:16,2026-06-04,CLI-XEJ8H8WZR41C,AGT-5PR2VCD9EJ,Outbound Call,Phone,Queja,Queja,468.0,,True,False,Positivo,0.56,mexican,mexican,False,,False,True
INT-XQSSG2C0KFEURCLI,2026-06-04 11:28:51,2026-06-04,CLI-VJFW1H77GDFT,AGT-NN9QB41DVS,Inbound Call,Phone,Comercial,Comercial,649.0,201.0,True,False,Neutral,0.26,mexican,mexican,False,PRD-EMENIZYRM09R,False,True
INT-4Y9T34JYNAZB1B42,2026-06-05 07:29:13,2026-06-04,CLI-X71UQT20V2AD,AGT-155PP3L6XE,Inbound Call,Phone,Comercial,Comercial,626.0,0.0,True,False,Neutral,-0.28,,,False,"PRD-MIB9BSVJ5UON,PRD-QLYHYDTDI2OQ,PRD-V103RS3P7ISA",True,True
INT-19JZI0QMX65FNA8O,2026-06-05 00:58:08,2026-06-04,CLI-ZZ5HYGEE464R,AGT-6I9WLLYIKE,Inbound Call,Phone,Queja,Queja,270.0,100.0,False,True,Neutral,0.13,argentine,argentine,False,"PRD-JCLW4TMA06AM,PRD-PNTJOZTIRNS5,PRD-HY3W5BTCN13T",False,True
INT-BOBXG6TGFTVHY1F8,2026-06-05 03:35:29,2026-06-04,CLI-KCCU1NX7BZRR,AGT-81HI9ENVQV,Outbound Call,Phone,Queja,Queja,504.0,,False,True,Neutral,-0.2,colombian,colombian,False,,False,True
INT-0NTFYNWJG9TG3BD1,2026-06-05 05:32:59,2026-06-04,CLI-8AYRSEMMYDO7,AGT-1S0K1D1M6I,Video,Web,Producto,Producto,277.0,,True,False,Neutral,-0.25,colombian,colombian,False,,False,True
INT-2Z85ZE40NNG6POEU,2026-06-05 03:44:50,2026-06-04,CLI-MQHYSVZLYQND,AGT-MG70CMDJPJ,Inbound Call,Phone,Retención,Retención,634.0,142.0,False,True,Neutral,-0.24,mexican,mexican,False,PRD-JLLGQ9VH9H2S,False,True
INT-KFGBOG04N4A1K1HS,2026-06-04 12:46:43,2026-06-04,CLI-NTYWY3PO64VK,AGT-WI5ZDHCEPB,Inbound Call,Phone,Queja,Queja,74.0,192.0,False,True,Negativo,-0.68,mexican,mexican,False,,False,True
INT-GQEX1TL8R5U2V216,2026-06-04 23:59:13,2026-06-04,CLI-45H2BOFI8LXX,AGT-PLECNMT71Z,Inbound Call,Phone,Técnico,Técnico,466.0,72.0,True,False,Neutral,-0.12,argentine,argentine,True,,False,True
INT-7OPUWIZX99O9FG57,2026-06-05 06:46:12,2026-06-04,CLI-3YF9HO17LHOJ,AGT-GR7KN03J41,Inbound Call,Phone,Comercial,Comercial,382.0,54.0,True,False,Negativo,-0.61,mexican,mexican,False,,True,True
INT-D0DAHAT971U2HWQF,2026-06-04 15:06:57,2026-06-04,CLI-OJWU7M1J52S2,AGT-YUKU1CJ7LZ,Inbound Call,Phone,Transaccional,Transaccional,185.0,130.0,True,False,Neutral,-0.23,argentine,argentine,False,"PRD-CCI9CLIGK0J6,PRD-PL2KRZWUDN2K,PRD-4KMJDJN465W3",False,True
INT-BFBIM5IUSA4XWJZZ,2026-06-04 13:23:32,2026-06-04,CLI-X8C8ZER70P1M,AGT-SVZFVPVPBC,Outbound Call,Phone,Técnico,Técnico,425.0,,False,True,Muy Positivo,0.76,,,False,,False,True
INT-3H2YO1V7IV8WAUE1,2026-06-04 11:59:47,2026-06-04,CLI-DCCT0YZ1S2J5,AGT-8F824H7DN8,Inbound Call,Phone,Transaccional,Transaccional,346.0,236.0,True,False,Neutral,-0.11,mexican,mexican,False,,False,True
INT-AWB3OCN8GB45EMQR,2026-06-04 13:20:20,2026-06-04,CLI-FX4AGWE83B6F,AGT-VNPM17YQ4J,Inbound Call,Phone,Transaccional,Transaccional,365.0,171.0,False,True,Neutral,-0.26,,,False,,True,True
INT-MCVBPU608B1428BP,2026-06-04 22:34:51,2026-06-04,CLI-DPYRUBOQJ9D3,AGT-AUPZRFB0OO,Outbound Call,Phone,Técnico,Técnico,343.0,,True,False,Neutral,0.3,argentine,argentine,False,,False,True
INT-J2A9W8WCMMSEQ1L0,2026-06-04 16:38:45,2026-06-04,CLI-QZM4KMJ0GWDY,AGT-P6ZSI9FXVT,Outbound Call,Phone,Queja,Queja,350.0,,True,False,Positivo,0.61,argentine,argentine,False,PRD-Q5TOWD94RZMZ,False,True
INT-MB59JYYOBLYDNTZI,2026-06-04 17:35:50,2026-06-04,CLI-27K37THRU5T9,AGT-8FD0HKHTXZ,Outbound Call,Phone,Transaccional,Transaccional,233.0,,False,True,Neutral,-0.09,,,False,"PRD-WO06ZGRUKZE6,PRD-1268XZNLY01Z",False,True
INT-TLRY1SLZJFMR2NNO,2026-06-05 01:50:22,2026-06-04,CLI-NDU6VEC329TQ,AGT-P0R6W0FYK1,Inbound Call,Phone,Técnico,Técnico,275.0,162.0,True,False,Negativo,-0.46,mexican,mexican,False,"PRD-MPGB2O4U5EOL,PRD-DX3SM1NLABMK,PRD-4YL6CR057KXE",False,True
INT-ORCNZEB0QOIISQHS,2026-06-04 23:05:16,2026-06-04,CLI-PWQ8VYTD4MDP,AGT-G4VQ2XMN69,Inbound Call,Phone,Transaccional,Transaccional,201.0,59.0,True,False,Neutral,-0.24,mexican,mexican,False,,False,True
INT-M3YQDYWUMX8FWPBE,2026-06-05 03:00:57,2026-06-04,CLI-OVOAJIP8O3L8,AGT-U51WZ1NTS8,Inbound Call,Phone,Queja,Queja,569.0,82.0,False,True,Positivo,0.32,mexican,argentine,False,,False,True
INT-N05VM3K4TLUZMSE4,2026-06-05 06:42:49,2026-06-04,CLI-00TFFL4S88LY,AGT-MQMVGK3ALG,Inbound Call,Phone,Transaccional,Transaccional,158.0,83.0,True,False,Neutral,-0.26,mexican,mexican,False,,False,True
INT-5UH6MY5U0Q1Q5ACT,2026-06-04 12:53:47,2026-06-04,CLI-EO7VT3WAYEPT,AGT-GDP9DDIZFP,Inbound Call,Phone,Queja,Queja,640.0,118.0,False,True,Neutral,0.1,colombian,colombian,True,,False,True
INT-EMZO5FROWNB4NX9V,2026-06-04 15:09:52,2026-06-04,CLI-KTS9LOXPMK7Q,AGT-6R937GMSL6,Email,Email,Técnico,Técnico,,,True,False,Negativo,-0.56,mexican,mexican,False,,False,False
INT-KNN2IYTW845OL5YD,2026-06-05 01:53:17,2026-06-04,CLI-MKPWQR6R0I30,AGT-ABM94FMVNF,Inbound Call,Phone,Producto,Producto,177.0,293.0,True,False,Neutral,-0.21,,,False,PRD-NNFW3LFNLT3G,False,True
INT-9A71SF64TNWP2DI3,2026-06-04 09:36:18,2026-06-04,CLI-6K9TBH3DLHZB,AGT-PL88YJFM3Q,Inbound Call,Phone,Transaccional,Transaccional,262.0,46.0,True,False,Neutral,-0.18,colombian,colombian,False,,False,True
INT-S5MBO2CP86YC5OCV,2026-06-04 18:58:52,2026-06-04,CLI-PPWK18O0A6VW,AGT-8K2B7GS404,Chat,WhatsApp,Transaccional,Transaccional,,,True,False,Neutral,-0.28,colombian,colombian,False,,False,False
INT-LA4GOM18XIQN5TOU,2026-06-05 01:24:46,2026-06-04,CLI-V2IESN6A2M29,AGT-YKT9RW2X8X,Inbound Call,Phone,Queja,Queja,614.0,89.0,False,True,Positivo,0.5,,,False,,True,True
INT-D4CYM2LG13SWQV4H,2026-06-04 17:05:30,2026-06-04,CLI-PRRZLC437XIZ,AGT-73NR19JUP5,Inbound Call,Phone,Transaccional,Transaccional,71.0,67.0,True,False,Neutral,0.17,argentine,argentine,False,,False,True
INT-N7OWM0PKJYX1XJMS,2026-06-05 00:44:10,2026-06-04,CLI-LAEBYBYW4TON,AGT-N766EWP73G,Inbound Call,Phone,Producto,Producto,122.0,150.0,True,False,Neutral,-0.07,colombian,colombian,False,"PRD-0P6JM72ZLPKV,PRD-OEIKL5NB1RCY,PRD-5U17LIT71XR9",False,True
INT-Y8CR1CFWCRO3A0UD,2026-06-04 16:26:29,2026-06-04,CLI-7559IANOODJV,AGT-0BNYKOVLMJ,Email,Email,Transaccional,Transaccional,,,True,False,Neutral,0.05,colombian,colombian,False,,True,False
INT-AJZBU1WIL65DG2SZ,2026-06-05 00:02:13,2026-06-04,CLI-GICIDSGQK50P,AGT-SA46XLUYJF,Inbound Call,Phone,Técnico,Técnico,431.0,178.0,True,False,Positivo,0.38,colombian,colombian,False,PRD-CWGRGNY7CCZ8,False,True
INT-MCHKI6SRLDSBRC8U,2026-06-05 01:20:48,2026-06-04,CLI-ADDMBA0G5NYZ,AGT-LTK3BMH5BL,Inbound Call,Phone,Comercial,Comercial,508.0,128.0,False,True,Neutral,-0.18,,,False,"PRD-7VGBULS3WWJ0,PRD-1EU3WBYZNF3I",False,True
INT-SXNZGP1JN4UJFNGB,2026-06-04 14:12:20,2026-06-04,CLI-PTZAT689ZIPK,AGT-BOSIAA5J5O,Inbound Call,Phone,Queja,Queja,617.0,55.0,False,True,Muy Negativo,-0.91,,,False,,False,True
INT-I8SPYF98A6JA7SPP,2026-06-04 18:47:50,2026-06-04,CLI-KVGR6J9S2A8P,AGT-8OU6MJW3QV,Inbound Call,Phone,Transaccional,Transaccional,248.0,171.0,True,False,Neutral,-0.07,mexican,colombian,False,,False,True
INT-LR2USMJ8P9V4QW7M,2026-06-05 03:49:04,2026-06-04,CLI-2YVZO26VK2CX,AGT-VPHYTUW0MQ,Inbound Call,Phone,Queja,Queja,288.0,143.0,True,False,Neutral,0.18,,,False,,False,True
INT-H5E745VXUMP66Q3F,2026-06-04 08:12:00,2026-06-04,CLI-ZJL85ABJ0EFP,AGT-Z1J3VFKRTZ,Inbound Call,Phone,Queja,Queja,443.0,154.0,True,False,Neutral,-0.1,mexican,mexican,False,,False,True
INT-4170A26YB37N00GS,2026-06-04 17:43:01,2026-06-04,CLI-L2PX5JMNZDO8,AGT-H1P9MYTVXZ,Inbound Call,Phone,Técnico,Técnico,449.0,147.0,True,False,Positivo,0.42,colombian,colombian,False,,False,True
INT-71K4YS2H29UMHR5C,2026-06-05 04:09:59,2026-06-04,CLI-PHABIFF2PKED,AGT-J6HJ50RRFC,Inbound Call,Phone,Transaccional,Transaccional,309.0,93.0,True,False,Neutral,-0.14,colombian,colombian,False,,False,True
INT-V9MC758105QNVXDG,2026-06-04 14:08:03,2026-06-04,CLI-KSEXULTORFKP,AGT-TSMQUDNLVQ,Chat,App,Queja,Queja,,,False,True,Negativo,-0.42,mexican,mexican,False,,True,False
INT-X6QQHMNNO6DC4VN8,2026-06-04 19:28:08,2026-06-04,CLI-YDMXLHEDI0QQ,AGT-C0S7V2IHHG,Inbound Call,Phone,Transaccional,Transaccional,205.0,157.0,True,False,Neutral,0.09,argentine,argentine,False,"PRD-6EEJTBHV8180,PRD-GPR7UFXQK9Z6,PRD-8F7O5CY32JXB",False,True
INT-U9AM18YX6LAR7XSO,2026-06-05 05:27:07,2026-06-04,CLI-8FCN4CXA271W,AGT-MQMVGK3ALG,Inbound Call,Phone,Transaccional,Transaccional,132.0,137.0,True,False,Neutral,-0.06,colombian,argentine,False,,False,True
INT-BVMY3FY48QTHYVRK,2026-06-05 07:47:14,2026-06-04,CLI-OSOC4U84SSVR,AGT-PIKPFEQPIH,Inbound Call,Phone,Técnico,Técnico,259.0,105.0,False,True,Neutral,0.3,colombian,colombian,False,,False,True
INT-JTLKDJ0T36SZ6744,2026-06-04 20:21:37,2026-06-04,CLI-AW6XI9TLQWQM,AGT-9ES2CNB4EJ,Inbound Call,Phone,Transaccional,Transaccional,556.0,149.0,True,False,Neutral,-0.15,mexican,mexican,False,,False,True
INT-CN9UWPGJXITBBSTS,2026-06-04 22:45:57,2026-06-04,CLI-SW2FDE1YX8Y8,AGT-UPPMVKAUI7,Outbound Call,Phone,Queja,Queja,439.0,,True,False,Neutral,0.13,argentine,argentine,False,,False,True
INT-ABKKVQ6V75F0H66R,2026-06-04 11:50:06,2026-06-04,CLI-4T5ZCSNDBIML,AGT-AG11M1NVUG,Inbound Call,Phone,Producto,Producto,285.0,146.0,True,False,Neutral,0.18,colombian,mexican,False,,False,True
INT-9YG6GU2C7H2N5R0N,2026-06-05 01:02:39,2026-06-04,CLI-2H5TYUT514HO,AGT-VF04ZPV9BW,Outbound Call,Phone,Queja,Queja,368.0,,True,False,Neutral,0.04,mexican,mexican,False,,True,True
INT-KI9IHIDWG1M173M7,2026-06-04 20:58:03,2026-06-04,CLI-T4MPUSDS4TSN,AGT-Y8FJ2RWP4X,Inbound Call,Phone,Producto,Producto,185.0,105.0,True,False,Neutral,0.22,colombian,colombian,False,,False,True
INT-G3F43KJQ0PS2DL0K,2026-06-04 14:02:02,2026-06-04,CLI-GNFWQAF5H0F0,AGT-FK6MI05PO5,Inbound Call,Phone,Transaccional,Transaccional,129.0,113.0,False,True,Neutral,0.21,,,False,"PRD-2O7FW674NFKJ,PRD-LTQVOFIJD9QE,PRD-R6EMVHV4QDMP",False,True
INT-3LYPIFKIAWKSY7XE,2026-06-05 06:29:31,2026-06-04,CLI-PY0PKLST81F4,AGT-0YP9IMVFG1,Inbound Call,Phone,Producto,Producto,255.0,98.0,True,False,Neutral,-0.1,,,False,,True,True
INT-O2IOT43X10ANCWHH,2026-06-04 23:13:55,2026-06-04,CLI-NJBZC34A5EER,AGT-VPHYTUW0MQ,Inbound Call,Phone,Comercial,Comercial,442.0,173.0,True,False,Muy Negativo,-0.73,colombian,colombian,False,,False,True
INT-8PQ3V0CKAM3J06SB,2026-06-04 22:58:41,2026-06-04,CLI-2ETAZ4OVOLUO,AGT-3Z0BAXO1P6,Inbound Call,Phone,Queja,Queja,740.0,283.0,False,True,Negativo,-0.69,mexican,mexican,False,,False,True
INT-D43JF25QDH04D1NG,2026-06-05 00:30:54,2026-06-04,CLI-6TLDGDVRGHYX,AGT-Y9S7A0UC7Q,Inbound Call,Phone,Transaccional,Transaccional,181.0,138.0,True,True,Neutral,0.18,mexican,mexican,False,PRD-4L2ASAP9Z2AR,False,True
INT-BHSR5L37ITQXNPD0,2026-06-05 01:35:28,2026-06-04,CLI-C225BE6OVYS4,AGT-DYB0RQQGNC,Email,Email,Transaccional,Transaccional,,,False,True,Neutral,0.23,mexican,mexican,False,,True,False
INT-BQAS1NWYCTJU0SGC,2026-06-05 03:35:47,2026-06-04,CLI-PTQ9I3OPWQE6,AGT-EDKK9VOD7F,Outbound Call,Phone,Transaccional,Transaccional,596.0,,False,True,Neutral,0.04,mexican,mexican,False,,False,True
INT-2NKJ9PZBPOGNX2R2,2026-06-05 01:25:40,2026-06-04,CLI-10FQSF7EX7LG,AGT-P5P9SZOX29,Inbound Call,Phone,Producto,Producto,223.0,97.0,True,False,Neutral,0.21,colombian,colombian,False,"PRD-APUMRVQU2KZD,PRD-2PASQ002ADD3,PRD-WNDRMYTFVLJO",False,True
INT-NBXIP7TKFS5UPQ3O,2026-06-04 16:24:31,2026-06-04,CLI-MBLWCV8YI76U,AGT-LTX82QBP86,Inbound Call,Phone,Comercial,Comercial,217.0,154.0,True,False,Negativo,-0.33,,,False,,False,True
INT-5W9ZC3V60TY1LVEF,2026-06-05 07:24:01,2026-06-04,CLI-C4GUJZWTLNSP,AGT-TT0NFU4K2U,Outbound Call,Phone,Queja,Queja,515.0,,False,True,Positivo,0.68,colombian,colombian,False,,True,True
INT-61XY6JBTYUOMWVGB,2026-06-04 15:19:25,2026-06-04,CLI-GICI8CZP91OY,AGT-XQOSHBUDXI,Inbound Call,Phone,Transaccional,Transaccional,298.0,12.0,True,False,Neutral,0.18,colombian,mexican,False,"PRD-PN435C8CUEHZ,PRD-PY4Z4C4O3Z0W,PRD-K3YNM924O2JJ",False,True
INT-V3JJFHG16MQJMJXB,2026-06-05 01:10:03,2026-06-04,CLI-172WCT2HSILI,AGT-3BWKH19I03,Inbound Call,Phone,Transaccional,Transaccional,430.0,180.0,True,False,Neutral,0.04,,,False,"PRD-41H629W24XXP,PRD-NX6WG5O1MISS",True,True
INT-V0SNMQSVWZISTYQF,2026-06-05 01:18:35,2026-06-04,CLI-1968FMF17UFU,AGT-PTQZV7ISVY,Inbound Call,Phone,Comercial,Comercial,537.0,253.0,True,False,Negativo,-0.33,mexican,mexican,False,PRD-TVJBPNRDXQV2,False,True
INT-ERQITZPLND7CEJOC,2026-06-04 13:57:05,2026-06-04,CLI-HUEOUPV13UJO,AGT-F9WI50IQUB,Inbound Call,Phone,Transaccional,Transaccional,176.0,196.0,True,False,Neutral,0.0,mexican,mexican,False,PRD-5CLSTDHGVVQ1,False,True
INT-ZFUZ5J6H7U2S8QG0,2026-06-05 07:42:41,2026-06-04,CLI-F8Q0168OIORJ,AGT-8K2B7GS404,Inbound Call,Phone,Producto,Producto,278.0,126.0,True,False,Muy Negativo,-0.96,,,False,PRD-ZLGM3GYF64JU,False,True
INT-1H6N6VWDTR547UYJ,2026-06-05 03:35:30,2026-06-04,CLI-F9R1RCPM6LKN,AGT-VPHYTUW0MQ,Inbound Call,Phone,Técnico,Técnico,601.0,83.0,True,False,Neutral,0.15,argentine,argentine,True,,False,True
INT-S6D1ZHZQ5O2ISMUC,2026-06-04 08:34:27,2026-06-04,CLI-257SWUKZAYRB,AGT-3SCBQBHAUJ,Inbound Call,Phone,Transaccional,Transaccional,292.0,186.0,True,False,Neutral,0.26,colombian,colombian,False,,False,True
INT-XK7SOR9A3OQDFLX0,2026-06-04 23:55:35,2026-06-04,CLI-HEQ8DNMYX7S5,AGT-BE8UFS60OG,Outbound Call,Phone,Técnico,Técnico,355.0,,True,True,Muy Negativo,-0.97,colombian,mexican,False,"PRD-9PUI2IQK8AHG,PRD-S54S164C7QMM",False,True
INT-BZ4MR241A6HTZ2F1,2026-06-04 13:33:01,2026-06-04,CLI-LF3HFJULBWV3,AGT-TV0QBXSVT9,Inbound Call,Phone,Transaccional,Transaccional,195.0,0.0,True,True,Neutral,0.18,,,False,,True,True
INT-02IX7JB7S6PFVJIT,2026-06-04 15:04:42,2026-06-04,CLI-R17R279BMXBT,AGT-A0349DE11K,Inbound Call,Phone,Transaccional,Transaccional,120.0,105.0,True,False,Neutral,-0.15,colombian,colombian,False,PRD-XX5T7T892DOU,False,True
INT-CGQ569VB5KYHZ38U,2026-06-04 21:22:09,2026-06-04,CLI-4NHLQNNQG577,AGT-5RHY2PG248,Outbound Call,Phone,Producto,Producto,275.0,,False,True,Muy Negativo,-0.93,mexican,mexican,False,PRD-QIBPUWWEINGJ,True,True
INT-TN26MUZSVJ6O4AH7,2026-06-04 15:35:03,2026-06-04,CLI-59L28GHCUZQ5,AGT-E7AAXG6SU3,Inbound Call,Phone,Queja,Queja,468.0,80.0,True,False,Neutral,-0.01,mexican,mexican,False,"PRD-DELBH4XWGYIU,PRD-6LKX9VCSQDVX",False,True
INT-5Y63JKJBD3101VO4,2026-06-05 04:16:16,2026-06-04,CLI-3KC7CLZ1RBJ0,AGT-JI2PI1E2KY,Inbound Call,Phone,Transaccional,Transaccional,191.0,198.0,True,True,Neutral,0.03,mexican,mexican,False,PRD-54932I32PUIZ,True,True
INT-NA0XRC4JUYRQMV51,2026-06-04 09:54:42,2026-06-04,CLI-B3WS6D61JBN2,AGT-I6R1T9IKUL,Inbound Call,Phone,Producto,Producto,251.0,93.0,False,True,Neutral,-0.19,mexican,mexican,False,,False,True
INT-0IQZBG2797F8MW9P,2026-06-04 12:03:07,2026-06-04,CLI-XACGT7FND037,AGT-YG53JDQFB2,Inbound Call,Phone,Técnico,Técnico,372.0,89.0,True,False,Negativo,-0.35,mexican,mexican,False,,False,True
INT-FKZQ7HRCXYO21YAM,2026-06-04 17:28:53,2026-06-04,CLI-L1VU0G40HVA6,AGT-CQBSB9AUGV,Inbound Call,Phone,Técnico,Técnico,468.0,131.0,True,False,Neutral,0.29,argentine,argentine,True,,True,True
INT-ZMVY0UNNDQBQ91WU,2026-06-04 09:11:45,2026-06-04,CLI-BHTAYQMIZUDA,AGT-KWSHPLRIGG,Inbound Call,Phone,Transaccional,Transaccional,175.0,11.0,True,False,Neutral,0.27,,,False,,False,True
INT-ZBI0AY42NQ1SV5CZ,2026-06-04 09:46:54,2026-06-04,CLI-UWAC1KPB6PUG,AGT-MZEQR4UPDP,Inbound Call,Phone,Queja,Queja,423.0,153.0,True,True,Neutral,-0.2,,,False,PRD-P0UDVC6KY3O7,False,True
INT-8C4XXMMBF74UTSDR,2026-06-04 21:51:44,2026-06-04,CLI-NMNMFXF139L5,AGT-I54H5N8EAF,Inbound Call,Phone,Transaccional,Transaccional,202.0,32.0,True,False,Neutral,0.3,,,False,,False,True
INT-USA1UAGEAC2T26EE,2026-06-04 09:54:21,2026-06-04,CLI-Z2TR1Q7IR3P4,AGT-Y4PTRJW4HG,Inbound Call,Phone,Comercial,Comercial,484.0,96.0,True,False,Positivo,0.56,colombian,colombian,False,,False,True
INT-KGL7HNQORKW4N4KZ,2026-06-04 22:56:12,2026-06-04,CLI-BHJYBF71K5XJ,AGT-6KXS33Z4GI,Inbound Call,Phone,Producto,Producto,360.0,125.0,False,True,Neutral,0.18,colombian,colombian,False,PRD-8SIU8ZFTZKGT,False,True
INT-59ORJI0XEG7J3PC0,2026-06-04 16:10:34,2026-06-04,CLI-J62U2NIL8RBG,AGT-KV4EE4USMU,Inbound Call,Phone,Transaccional,Transaccional,157.0,22.0,True,False,Neutral,0.25,,,False,PRD-OBQU9V38JMC1,False,True
INT-QL0J7M5KXSKCII60,2026-06-04 09:23:39,2026-06-04,CLI-IQE9O6KVC27H,AGT-XFI8BBQDEY,Inbound Call,Phone,Transaccional,Transaccional,127.0,35.0,True,False,Neutral,0.08,mexican,mexican,False,,False,True
INT-2ROZYVTSDCZ1MS62,2026-06-04 12:41:29,2026-06-04,CLI-HIBSY9SQZUM9,AGT-ANQRQONI3V,Inbound Call,Phone,Queja,Queja,646.0,133.0,True,False,Neutral,0.0,argentine,argentine,False,"PRD-Y680UHW1MECR,PRD-SF2X301UILIJ,PRD-H7AO1JSELSWO",False,True
INT-QQO4IZ4ZW4RFTZMP,2026-06-05 04:11:06,2026-06-04,CLI-0LB89P988NRD,AGT-T6G3XMAHRJ,Chat,WhatsApp,Transaccional,Transaccional,,,True,True,Neutral,-0.16,argentine,mexican,False,,False,False
INT-LKZNTUDRE5L5KQO8,2026-06-04 11:36:45,2026-06-04,CLI-E0S0U88B8OCL,AGT-B49GEGZZF1,Outbound Call,Phone,Transaccional,Transaccional,154.0,,True,True,Neutral,-0.05,argentine,argentine,False,,False,True
INT-AWI5LHFQZJ8OQJV6,2026-06-04 13:09:15,2026-06-04,CLI-S71VCS2FEJ0Z,AGT-C0S7V2IHHG,Inbound Call,Phone,Producto,Producto,244.0,114.0,True,False,Neutral,0.11,mexican,colombian,False,"PRD-Y9NP1JWKR913,PRD-88WCLBGK10NV",False,True
INT-2O1NJCHUECKHQMM4,2026-06-04 12:24:44,2026-06-04,CLI-F1P318XHOXWF,AGT-36I8H8V3IO,Inbound Call,Phone,Transaccional,Transaccional,367.0,131.0,True,False,Neutral,0.28,colombian,colombian,False,,False,True
INT-0O7SO4I5JAC5AWX9,2026-06-05 07:54:29,2026-06-04,CLI-9BTQY5NP2I79,AGT-MOP8GEKGPL,Chat,WhatsApp,Transaccional,Transaccional,,,True,True,Neutral,-0.19,mexican,mexican,False,,True,False
INT-W1ZCS7LZAJFU3X2B,2026-06-04 16:56:53,2026-06-04,CLI-W7630QNSYBPL,AGT-FDLM1Q1ROE,Inbound Call,Phone,Transaccional,Transaccional,294.0,57.0,True,False,Neutral,-0.2,argentine,argentine,False,,False,True
INT-KV3LTOLGH6WXJNAU,2026-06-05 01:53:34,2026-06-04,CLI-5XXMZM07VO08,AGT-JCQPNEURE8,Outbound Call,Phone,Transaccional,Transaccional,164.0,,True,False,Neutral,0.22,argentine,argentine,True,"PRD-ZLZ343RAH3G4,PRD-LI3VAX8PRXA2",False,True
INT-QS0RYKBXG7MX4SP3,2026-06-04 17:39:19,2026-06-04,CLI-AWJ6EDHX3P0O,AGT-HA58VTBBFQ,Inbound Call,Phone,Queja,Queja,131.0,82.0,False,True,Muy Positivo,0.88,colombian,colombian,False,,False,True
INT-C4CTV2VOHI05FVOQ,2026-06-04 18:34:10,2026-06-04,CLI-X76KR1PUFSHV,AGT-Q97AQ8XCJF,Inbound Call,Phone,Técnico,Técnico,430.0,150.0,False,True,Neutral,0.06,mexican,mexican,True,,False,True
INT-010SRPGG4RGFEM2A,2026-06-05 06:44:18,2026-06-04,CLI-TFFTDA88BIHG,AGT-SHC2ZWX53S,Inbound Call,Phone,Transaccional,Transaccional,198.0,199.0,True,False,Neutral,-0.17,argentine,argentine,False,,False,True
INT-6VWT8PKI2ALVYH8K,2026-06-04 09:07:20,2026-06-04,CLI-0WSGWAFNRJ57,AGT-TJ0RZV4GUF,Outbound Call,Phone,Técnico,Técnico,523.0,,True,True,Neutral,0.01,,,False,"PRD-TK3FY3F4QBUV,PRD-JFXSJ2KXCWNH",False,True
INT-QEA7C5FFYLTRNFIQ,2026-06-04 22:59:55,2026-06-04,CLI-LHJK79OEM0NW,AGT-EC4OBWIIR0,Inbound Call,Phone,Transaccional,Transaccional,437.0,82.0,False,True,Neutral,-0.24,,,False,,False,True
INT-MVYKFJ7HH7W8QPVC,2026-06-04 16:35:34,2026-06-04,CLI-FN9I9BF8PU8Y,AGT-MVYH7DKNEH,Inbound Call,Phone,Técnico,Técnico,332.0,172.0,True,False,Positivo,0.69,colombian,mexican,False,,False,True
INT-182G2UAUP5HG7826,2026-06-04 23:05:22,2026-06-04,CLI-PQHARLPNK8YA,AGT-265NTQ02ZF,Outbound Call,Phone,Transaccional,Transaccional,208.0,,True,True,Neutral,0.18,argentine,colombian,False,PRD-TZJUNZL0S4L8,False,True
INT-XIN9VQF8E7I2QPVO,2026-06-05 03:09:23,2026-06-04,CLI-58IKWVMJYJRA,AGT-FGELL8RONZ,Chat,Web Chat,Queja,Queja,,,False,True,Negativo,-0.62,argentine,argentine,False,,True,False
INT-ON1T0UKPLUGG5PZT,2026-06-04 19:26:13,2026-06-04,CLI-TH5G2FOMOWB5,AGT-I7AE42K1E3,Inbound Call,Phone,Técnico,Técnico,378.0,149.0,True,False,Negativo,-0.62,colombian,colombian,True,,False,True
INT-O4TZJ4REGI91IFJF,2026-06-05 05:55:08,2026-06-04,CLI-1OO4LG5R4XB7,AGT-PI0J3ZNGEF,Inbound Call,Phone,Técnico,Técnico,242.0,187.0,False,True,Negativo,-0.43,mexican,mexican,False,"PRD-4655X7R7NO8D,PRD-FRVLMHBID1GA",True,True
INT-TZVXCYMPX95LWMOE,2026-06-04 17:55:09,2026-06-04,CLI-8URS8DOWRTV5,AGT-5UL7ZJRT6U,Inbound Call,Phone,Transaccional,Transaccional,385.0,123.0,False,True,Neutral,-0.26,colombian,colombian,False,PRD-INWRVSZ8Y21J,False,True
INT-S2ZJAW7RFNY9PT99,2026-06-04 08:35:58,2026-06-04,CLI-O44L3SYIL819,AGT-YOH2XG6EXK,Inbound Call,Phone,Comercial,Comercial,656.0,41.0,False,True,Positivo,0.67,colombian,colombian,False,,True,True
INT-RWJ7BHITB7R7UTQD,2026-06-04 09:36:17,2026-06-04,CLI-8GXA83TKCKXS,AGT-SBUNV1M04D,Outbound Call,Phone,Transaccional,Transaccional,166.0,,True,False,Neutral,0.02,argentine,mexican,False,"PRD-TQGA89OGHTOC,PRD-NMP2QUHF2TKG",True,True
INT-1P20W2OIS56PHAXJ,2026-06-04 21:27:04,2026-06-04,CLI-S1EIIBLEMMNR,AGT-R0C8IKREWX,Inbound Call,Phone,Transaccional,Transaccional,166.0,50.0,True,False,Neutral,0.16,,,False,,False,True
INT-EQVI21X3YU7R1B8F,2026-06-05 04:52:06,2026-06-04,CLI-7W8NAQKX3518,AGT-P3J2VF0O60,Inbound Call,Phone,Transaccional,Transaccional,303.0,111.0,True,False,Neutral,0.19,argentine,argentine,False,,True,True
INT-AUGFQPH7JJSW7XRU,2026-06-04 10:19:43,2026-06-04,CLI-CNJZIJR71YNS,AGT-CZXFOSPZWG,Inbound Call,Phone,Producto,Producto,334.0,65.0,True,False,Neutral,0.24,mexican,argentine,True,,False,True
INT-W62T622H9AD4DKI2,2026-06-04 14:32:51,2026-06-04,CLI-CTHE7CPE17WL,AGT-XN0ST1JQ9M,Inbound Call,Phone,Transaccional,Transaccional,99.0,73.0,True,False,Neutral,-0.19,,,False,"PRD-55B5YDZG1DWE,PRD-ENJ7A8V06DCD,PRD-RTDD2KYT67OS",True,True
INT-1VHKPX5PRGWI4U13,2026-06-04 21:39:52,2026-06-04,CLI-VJPJ8V50ZARX,AGT-GL138CSY0G,Inbound Call,Phone,Queja,Queja,444.0,78.0,False,True,Negativo,-0.35,colombian,colombian,False,,False,True
INT-5S2E1ZAD13IVM8TU,2026-06-04 21:33:44,2026-06-04,CLI-Z8SJI9AFLIFO,AGT-4FZILKK4KX,Inbound Call,Phone,Comercial,Comercial,732.0,150.0,True,False,Muy Negativo,-0.87,argentine,argentine,False,"PRD-CIXP7VLIJ9LI,PRD-TONGLPJBTD65,PRD-W9EGG7WACF7V",False,True
INT-668MZUSIY2LJ154B,2026-06-04 21:52:05,2026-06-04,CLI-T7LZQBREGFH8,AGT-U2B4DX2JUH,Inbound Call,Phone,Transaccional,Transaccional,219.0,140.0,True,False,Neutral,-0.04,mexican,colombian,False,"PRD-ZJ82POSF6LQG,PRD-HUPMBX3LYQH2",False,True
INT-XV2ITJCDT6FWGEE4,2026-06-04 11:25:23,2026-06-04,CLI-WWTHPBQC6N72,AGT-2ZICSG59FS,Chat,App,Queja,Queja,,,False,True,Negativo,-0.6,colombian,colombian,False,,False,False
INT-43K2JUJIUVHMLB2C,2026-06-05 06:48:01,2026-06-04,CLI-ITOKWY8T7A0O,AGT-BTCYXRD64J,Inbound Call,Phone,Transaccional,Transaccional,275.0,139.0,True,False,Neutral,-0.27,argentine,argentine,True,PRD-VEK93LVINT20,True,True
INT-5M85J4YJUPZOVXET,2026-06-05 06:10:53,2026-06-04,CLI-Y6WPTM1CLHGK,AGT-PI0J3ZNGEF,Inbound Call,Phone,Transaccional,Transaccional,154.0,34.0,False,True,Neutral,-0.01,mexican,colombian,False,,False,True
INT-1QFEHUJANBLU1MKZ,2026-06-04 18:07:33,2026-06-04,CLI-VTUXNIB3XPPR,AGT-YDA73BIP0J,Inbound Call,Phone,Técnico,Técnico,360.0,165.0,True,False,Negativo,-0.33,,,False,,False,True
INT-B8BES6R5Y0RMN9V8,2026-06-04 16:28:09,2026-06-04,CLI-XWZULJMV75XI,AGT-OR7DN8OOL8,Chat,App,Transaccional,Transaccional,,,True,True,Neutral,0.12,argentine,argentine,False,,False,False
INT-G3FNT5UTWWP6HKGI,2026-06-04 14:19:45,2026-06-04,CLI-WH3AYVQABJ1V,AGT-1LZC3FE0Y5,Inbound Call,Phone,Producto,Producto,254.0,185.0,True,False,Neutral,-0.19,colombian,colombian,False,,True,True
INT-RFU85JF7CJDHNGDK,2026-06-04 11:54:38,2026-06-04,CLI-QYQWEBND5EEU,AGT-I54H5N8EAF,Inbound Call,Phone,Producto,Producto,244.0,158.0,True,False,Positivo,0.33,argentine,argentine,False,,False,True
INT-7SP00BS9OURGV4ON,2026-06-04 12:27:16,2026-06-04,CLI-CSHZCBGD4P40,AGT-5RHY2PG248,Inbound Call,Phone,Producto,Producto,359.0,101.0,True,False,Neutral,-0.24,mexican,mexican,False,,False,True
INT-CEFVBKVERYXX36HH,2026-06-05 01:48:07,2026-06-04,CLI-YMVH7WW9Z1AL,AGT-RB7B1VQ0JL,Chat,App,Producto,Producto,,,True,False,Neutral,0.14,,,False,"PRD-HSLSX6F2ZY8B,PRD-1MHP3UW8KLPY,PRD-EPIZ1AVBGNR6",False,False
INT-MOTGFKGN8FFI41JM,2026-06-05 01:05:08,2026-06-04,CLI-374ZZ0QRG7KG,AGT-1AW37NRW7X,Inbound Call,Phone,Producto,Producto,255.0,182.0,True,False,Neutral,0.06,mexican,mexican,False,"PRD-PCZ7Y5IN0OAA,PRD-LF63Y5N0CT13,PRD-3EE8H4947Q06",False,True
INT-DPQB5KD002J3D9YG,2026-06-04 15:51:22,2026-06-04,CLI-Q27NRSYLJGNR,AGT-4VH0KX1M7P,Inbound Call,Phone,Técnico,Técnico,214.0,146.0,True,False,Muy Negativo,-0.94,mexican,mexican,False,,False,True
INT-Y68TCODO3T33J9IY,2026-06-04 15:00:20,2026-06-04,CLI-6RLXQNJHJHYK,AGT-R4ODXQMRF5,Inbound Call,Phone,Transaccional,Transaccional,223.0,57.0,True,False,Neutral,0.03,colombian,colombian,False,,False,True
INT-6061PVUKP98IUSIQ,2026-06-04 15:50:35,2026-06-04,CLI-9SG3JVP6R4GS,AGT-3F64L1CQON,Inbound Call,Phone,Producto,Producto,318.0,75.0,True,False,Neutral,0.07,mexican,mexican,False,,True,True
INT-C509F3QZ91QVBQE4,2026-06-04 16:28:25,2026-06-04,CLI-FJLUHMOI75HX,AGT-KFKEME1XFX,Inbound Call,Phone,Técnico,Técnico,169.0,122.0,True,True,Negativo,-0.39,mexican,mexican,False,,False,True
INT-1NS7BJPQ5TKJIE3U,2026-06-04 22:40:33,2026-06-04,CLI-NFPRKQNJRD0F,AGT-KITIHYNJSA,Inbound Call,Phone,Transaccional,Transaccional,155.0,257.0,True,False,Neutral,0.12,colombian,argentine,False,,False,True
INT-WSVFM5Y6D62IB2RX,2026-06-04 09:23:02,2026-06-04,CLI-Q2VNCBV5YLDT,AGT-WZZ580SGIK,Inbound Call,Phone,Producto,Producto,174.0,52.0,True,False,Positivo,0.62,colombian,colombian,False,,False,True
INT-NMJSIATPBOJS02XA,2026-06-05 03:20:57,2026-06-04,CLI-XKF9Y5ZFGJ2A,AGT-12AFACXPXI,Outbound Call,Phone,Transaccional,Transaccional,171.0,,True,False,Neutral,-0.22,argentine,argentine,False,PRD-FG6UW3P2N40E,False,True
INT-4V6347XDUIHJT88P,2026-06-05 07:19:27,2026-06-04,CLI-5JFJVFAQAHWL,AGT-UX3Z61ZNLY,Outbound Call,Phone,Producto,Producto,270.0,,True,False,Positivo,0.54,mexican,mexican,False,"PRD-4X95SPMGJ8X1,PRD-MIPJQR7UGVK9",False,True
INT-DUGM01ZTB6U7Q3K4,2026-06-04 13:08:23,2026-06-04,CLI-VR3SN8Y5MWX7,AGT-DU4UVAV6TT,Inbound Call,Phone,Producto,Producto,247.0,167.0,False,True,Negativo,-0.31,mexican,argentine,False,,False,True
INT-M7AWA6UTDCL3F4K1,2026-06-04 12:36:11,2026-06-04,CLI-RGRL9GSIBF2P,AGT-MSVN62RUC2,Inbound Call,Phone,Transaccional,Transaccional,260.0,79.0,True,False,Neutral,0.21,,,False,,False,True
INT-0IUDGR1V8YAKI8AZ,2026-06-05 03:44:47,2026-06-04,CLI-W6R8YSNES2CG,AGT-57TC8S3DE3,Chat,Web Chat,Transaccional,Transaccional,,,True,False,Neutral,0.23,,,False,,False,False
INT-VDIKK216HQERUNI8,2026-06-05 04:25:03,2026-06-04,CLI-GXXQR7S8M00L,AGT-OU7FAUBSD0,Inbound Call,Phone,Queja,Queja,447.0,271.0,True,False,Neutral,0.12,argentine,argentine,False,PRD-GXQ1NHOIJVUJ,False,True
INT-21FB4957I505AJG6,2026-06-04 08:21:24,2026-06-04,CLI-VLQ3FCQBFK4A,AGT-BNB4Q12JTS,Inbound Call,Phone,Técnico,Técnico,205.0,79.0,False,True,Neutral,-0.05,,,False,PRD-L5R99NR0U406,False,True
INT-QDJ2PUCY4LEATX2U,2026-06-04 08:48:28,2026-06-04,CLI-ZEM9DPSRST86,AGT-ZZGWYHJ86X,Inbound Call,Phone,Queja,Queja,156.0,31.0,False,True,Neutral,-0.2,mexican,mexican,False,,False,True
INT-AY156XW4OIE756K1,2026-06-04 09:44:11,2026-06-04,CLI-3QVSGJKWZ8TQ,AGT-4Q1DSUDT97,Inbound Call,Phone,Retención,Retención,347.0,145.0,False,True,Neutral,-0.05,,,False,"PRD-Y1R67EP55T7Z,PRD-C1YQ3ZJIKI16,PRD-STVP9GMVPV88",False,True
INT-90YL9Q4INTN7M1X4,2026-06-04 13:29:04,2026-06-04,CLI-V7UJP7OSIW34,AGT-N0HJHS1DBA,Inbound Call,Phone,Técnico,Técnico,443.0,113.0,True,False,Negativo,-0.52,mexican,argentine,False,,True,True
INT-O0X4ULU4CDM2S8UU,2026-06-05 03:10:52,2026-06-04,CLI-O0HFO1C64YF9,AGT-MZEQR4UPDP,Inbound Call,Phone,Transaccional,Transaccional,134.0,31.0,True,False,Neutral,0.23,,,True,,False,True
INT-KJ4NPV3L6ZOCWXKZ,2026-06-04 23:52:50,2026-06-04,CLI-XX41OHZAL0DE,AGT-1JJ2DET54K,Inbound Call,Phone,Transaccional,Transaccional,248.0,81.0,True,False,Neutral,-0.22,mexican,mexican,False,"PRD-G9Q21XIDGEVZ,PRD-AIKURCYQN7IX,PRD-HE18QYDRJ3FJ",True,True
INT-LE44XLDFIR0U9HGJ,2026-06-04 10:10:43,2026-06-04,CLI-9IXFM7WFBY3N,AGT-96XY80WRZG,Inbound Call,Phone,Queja,Queja,464.0,219.0,False,True,Neutral,-0.28,mexican,mexican,True,,True,True
INT-99K4NZ9ZEBYSUNCD,2026-06-04 21:36:08,2026-06-04,CLI-R7O2QIBG0FY4,AGT-XJKBDG6BI7,Inbound Call,Phone,Técnico,Técnico,484.0,76.0,True,False,Negativo,-0.67,colombian,colombian,True,,False,True
INT-QC8YQU4605JKI0AC,2026-06-04 08:24:44,2026-06-04,CLI-VJ91QZWSAD75,AGT-M6VA6EL960,Outbound Call,Phone,Transaccional,Transaccional,30.0,,True,False,Neutral,0.16,,,False,"PRD-O5PLHO3T6CJ5,PRD-IY5AATY8JR9C",False,True
INT-FKJ90CS2SBW4VI5L,2026-06-04 09:02:55,2026-06-04,CLI-YMC6OQZGYM7O,AGT-8NE8GSGUG4,Inbound Call,Phone,Transaccional,Transaccional,181.0,205.0,True,False,Neutral,-0.11,,,False,,False,True
INT-5YATBFPK0BXFMC24,2026-06-05 02:02:31,2026-06-04,CLI-ZCEMBPE0O0PQ,AGT-S2G1OMBABG,Inbound Call,Phone,Queja,Queja,182.0,130.0,True,True,Neutral,0.04,colombian,colombian,True,"PRD-8XZNUPVQMCG3,PRD-JM6ORJUWADG9",False,True
INT-FCUKU5UVA47YUN7D,2026-06-05 05:20:00,2026-06-04,CLI-93XQV5HT6TPK,AGT-I7L57PB0WE,Inbound Call,Phone,Queja,Queja,446.0,50.0,True,False,Muy Negativo,-0.73,mexican,mexican,False,PRD-OA62SHY5BNHH,False,True
INT-N6Y2GU0PCVIQ538I,2026-06-05 06:59:39,2026-06-04,CLI-4F0ZCYGHNENP,AGT-57TC8S3DE3,Chat,Web Chat,Técnico,Técnico,,,True,False,Muy Negativo,-0.85,,,False,,False,False
INT-9PEIODEL0XTRIA5R,2026-06-04 22:23:31,2026-06-04,CLI-KNZ8LULFR0W9,AGT-C2WNAD4Y8J,Video,App,Producto,Producto,314.0,,True,True,Neutral,-0.09,colombian,argentine,False,"PRD-R05F7HVC0DFB,PRD-057DE3Y0UWF5,PRD-5YKL9HR192PZ",False,True
INT-M2MZN6WVNGDGH7G2,2026-06-04 13:49:29,2026-06-04,CLI-VEW930GKHQIE,AGT-W5MIABMIYE,Inbound Call,Phone,Producto,Producto,350.0,73.0,True,False,Neutral,0.19,,,False,"PRD-WGMNZEQBLG53,PRD-TVQTEMW8BFUT,PRD-DK4I0BZT01FQ",False,True
INT-6LRJO3LDYA4X0ZA3,2026-06-04 13:18:07,2026-06-04,CLI-9MF7X7PETSZD,AGT-RXRI3WGAQW,Inbound Call,Phone,Técnico,Técnico,462.0,96.0,True,False,Neutral,0.07,,,False,,False,True
INT-LZ6JIPHHE8ERUWAI,2026-06-04 12:39:11,2026-06-04,CLI-L629OFL9V8MU,AGT-DWXSXT9OP1,Outbound Call,Phone,Transaccional,Transaccional,247.0,,True,False,Neutral,0.27,,,False,,True,True
INT-V7QUHOS0D40YJPD5,2026-06-04 17:00:03,2026-06-04,CLI-BXJI5DM7K18B,AGT-71H194GLL8,Outbound Call,Phone,Retención,Retención,714.0,,False,True,Negativo,-0.34,mexican,mexican,False,,False,True
INT-07LX736VFALETL4W,2026-06-04 19:22:45,2026-06-04,CLI-OGBYHTVMADND,AGT-03BKII7RPZ,Inbound Call,Phone,Comercial,Comercial,392.0,73.0,True,False,Neutral,0.28,,,False,PRD-UBDZ90N5BMBM,False,True
INT-AIW2QC0DORYWKX3P,2026-06-05 02:44:57,2026-06-04,CLI-YOX2HM8HA0EE,AGT-J65U3Y7UPF,Inbound Call,Phone,Producto,Producto,408.0,86.0,True,True,Neutral,-0.12,colombian,colombian,False,"PRD-PC0BUMGUZ6I3,PRD-BL2I9VIF1NOY,PRD-BPPNYDG14KZ8",True,True
INT-RPN6Q24N8633MMBC,2026-06-05 06:50:01,2026-06-04,CLI-SOYKC5QCK1TG,AGT-1MJ1VGXYXN,Inbound Call,Phone,Transaccional,Transaccional,166.0,121.0,True,False,Neutral,0.2,argentine,argentine,False,,False,True
INT-6KY3WAW9KF95JSOG,2026-06-05 06:05:49,2026-06-04,CLI-7P395O6EF87A,AGT-HHZLM4XXDJ,Outbound Call,Phone,Transaccional,Transaccional,312.0,,True,False,Neutral,-0.12,argentine,mexican,False,"PRD-O1AIRD2JL5AH,PRD-R5S96QAD8PG5",True,True
INT-E1MJWJUG4GB2VFDP,2026-06-04 16:02:42,2026-06-04,CLI-D024WCMQP0A7,AGT-SA46XLUYJF,Inbound Call,Phone,Producto,Producto,252.0,93.0,True,False,Neutral,0.12,,,False,,False,True
INT-Z2PL2OPAWZA5QO9O,2026-06-04 10:11:51,2026-06-04,CLI-AUKZVOVL4UNU,AGT-43DO0TIZK2,Inbound Call,Phone,Transaccional,Transaccional,275.0,64.0,True,False,Neutral,0.1,mexican,mexican,False,"PRD-7L0795OF8DVZ,PRD-BKSIRBREPOZS",False,True
INT-2J4XL0TMICUYENNS,2026-06-04 13:51:16,2026-06-04,CLI-FV9H5Q6HBUM3,AGT-BQWKT3AVFQ,Inbound Call,Phone,Transaccional,Transaccional,155.0,23.0,True,False,Neutral,-0.06,mexican,mexican,False,,False,True
INT-G5QQGAA7JPV9ZTMN,2026-06-04 08:10:45,2026-06-04,CLI-IGGU4IHPYXVX,AGT-UKN1ENEVJZ,Outbound Call,Phone,Transaccional,Transaccional,153.0,,True,False,Neutral,0.23,argentine,argentine,True,,True,True
INT-NZ45W2JVLWTGYK5Q,2026-06-05 04:31:43,2026-06-04,CLI-YT2VHT9662Z4,AGT-3EYJYCLMVE,Inbound Call,Phone,Queja,Queja,302.0,0.0,False,True,Muy Positivo,0.89,mexican,mexican,False,"PRD-HWZ1JY9S63WQ,PRD-Q78VKAE2C97L,PRD-OMVF5GLBLXQT",False,True
INT-WEP3B7H4HBCLY3OZ,2026-06-04 15:51:37,2026-06-04,CLI-HQL67ST4AGT5,AGT-GEHE8V9YO8,Chat,App,Producto,Producto,,,True,False,Neutral,0.26,colombian,colombian,False,"PRD-GO4KI6V9722H,PRD-63F9IISS46UA",False,False
INT-JKTSF93STN12EE5N,2026-06-04 21:29:46,2026-06-04,CLI-5YMWXMKMZG4Z,AGT-QIJA0QZRU0,Inbound Call,Phone,Retención,Retención,464.0,192.0,True,False,Negativo,-0.56,,,False,"PRD-7YMXTPV5NOWI,PRD-NL7J4IMU2E31",True,True
INT-MCFR6KZH34F8CL3G,2026-06-05 00:54:00,2026-06-04,CLI-F25OW3CC9UXT,AGT-HSNO92AITC,Inbound Call,Phone,Transaccional,Transaccional,281.0,130.0,True,False,Neutral,0.17,colombian,colombian,False,,True,True
INT-VJWHGNWA05DEB2YX,2026-06-04 23:22:07,2026-06-04,CLI-LNCU2SUX7EDV,AGT-J7A6SDZWYA,Chat,Web Chat,Transaccional,Transaccional,,,True,False,Neutral,0.15,,,False,,True,False
INT-YEIJ5GPKGWX18JIC,2026-06-04 14:48:22,2026-06-04,CLI-72FKDTMDUEKT,AGT-9C6BRHB25D,Email,Email,Queja,Queja,,,True,False,Positivo,0.61,mexican,mexican,True,,False,False
INT-JSA2NWN1QK6TOPD7,2026-06-05 04:36:36,2026-06-04,CLI-J6QCOG8Q9W8H,AGT-9A52G9KAKH,Inbound Call,Phone,Comercial,Comercial,254.0,160.0,False,True,Neutral,0.17,colombian,colombian,False,,False,True
INT-S2Z50AV7TGLTAC62,2026-06-05 07:27:50,2026-06-04,CLI-U7D1DNIU45KE,AGT-I94LJIR7DW,Inbound Call,Phone,Técnico,Técnico,411.0,221.0,False,True,Neutral,-0.23,,,False,,False,True
INT-NENOP049PWGBVY9C,2026-06-04 13:40:33,2026-06-04,CLI-GTUD3XTV6SOF,AGT-DFZZM87N1N,Inbound Call,Phone,Transaccional,Transaccional,222.0,147.0,True,False,Neutral,0.23,argentine,argentine,True,,False,True
INT-UVNKZTWNIGDZ272A,2026-06-04 19:36:10,2026-06-04,CLI-WKO1TCBZ68WE,AGT-U0ICPNUDA8,Inbound Call,Phone,Transaccional,Transaccional,172.0,18.0,True,False,Neutral,0.02,colombian,colombian,False,,True,True
INT-VK9WFA19Z2YJMOV2,2026-06-05 06:51:57,2026-06-04,CLI-0THY514K4X1Y,AGT-4XB5JSV7Y6,Inbound Call,Phone,Técnico,Técnico,395.0,156.0,True,False,Negativo,-0.63,,,False,PRD-8KZ6X0JEHMPH,True,True
INT-LC7MUMORHGO2M2BL,2026-06-04 23:23:02,2026-06-04,CLI-4YKNJHRT8JNG,AGT-5CPTBAUR6F,Chat,Web Chat,Transaccional,Transaccional,,,True,False,Neutral,-0.03,,,True,"PRD-NVWNXB6CHYJ9,PRD-F6K9JVXSISFU",True,False
INT-PVE0E1G2F9UDFEHM,2026-06-04 23:05:54,2026-06-04,CLI-QI329PVNA4BW,AGT-PEDK01MCRV,Email,Email,Producto,Producto,,,False,True,Neutral,-0.03,mexican,argentine,False,,True,False
INT-65I0TIY16PKISRMN,2026-06-04 17:45:14,2026-06-04,CLI-FEJDWAG894F7,AGT-BRSQ4J226H,Inbound Call,Phone,Comercial,Comercial,542.0,111.0,False,True,Neutral,-0.01,,,False,,False,True
INT-P7V8ZKBWW086NDXN,2026-06-04 13:03:39,2026-06-04,CLI-O2ZJ2LCVLXNK,AGT-W4AYW4BGI9,Chat,Web Chat,Transaccional,Transaccional,,,True,False,Neutral,-0.24,argentine,colombian,False,,False,False
INT-DBBLF0TUGQ7PL24A,2026-06-04 16:11:50,2026-06-04,CLI-UYWVKMFIK9T2,AGT-IB1X9BWBN2,Inbound Call,Phone,Producto,Producto,256.0,193.0,True,False,Neutral,-0.26,mexican,argentine,False,,True,True
INT-8HRML6Z5U0SRULPE,2026-06-04 21:05:23,2026-06-04,CLI-MUXH5VE5M7TZ,AGT-Q97AQ8XCJF,Outbound Call,Phone,Producto,Producto,279.0,,True,False,Neutral,0.29,mexican,mexican,False,"PRD-9HYYLHTNK2SH,PRD-APDNFDVWWVFC,PRD-X0HGDKX49ZIK",False,True
INT-HRMRH3DFLZZR5VY3,2026-06-05 05:03:00,2026-06-04,CLI-LQW4IQVMSCRM,AGT-703TCW9HY5,Inbound Call,Phone,Producto,Producto,301.0,30.0,True,False,Neutral,-0.26,mexican,mexican,False,"PRD-XIGHQ4OPSF35,PRD-9I5UKGIFWOC5,PRD-UDQX7DGGAPWU",False,True
INT-Y0S9HHYY3L1ZSDP2,2026-06-04 22:35:48,2026-06-04,CLI-8BCXZNUHEEG0,AGT-ZJEV0XGD00,Inbound Call,Phone,Transaccional,Transaccional,64.0,132.0,True,False,Neutral,-0.08,colombian,mexican,False,,False,True
INT-C3T8YMJAIDRCEIDK,2026-06-04 13:48:49,2026-06-04,CLI-464Q9BXYBFMR,AGT-K0O13JDQ01,Outbound Call,Phone,Producto,Producto,267.0,,True,False,Neutral,-0.03,,,True,"PRD-NBWBB2RUFPXX,PRD-7XYC1ZY8ENC6,PRD-A585AWSWY0LC",False,True
INT-1SM47V7VD7L8N02K,2026-06-04 22:48:35,2026-06-04,CLI-1XO82O1KYIIC,AGT-LHW2K7HV3X,Chat,Web Chat,Queja,Queja,,,True,False,Neutral,-0.28,mexican,mexican,False,,False,False
INT-OBPDFUV275RG17FT,2026-06-04 13:45:07,2026-06-04,CLI-2SPKDS2QAQ6L,AGT-U51WZ1NTS8,Inbound Call,Phone,Técnico,Técnico,352.0,147.0,True,False,Neutral,-0.14,argentine,argentine,False,PRD-EDWAPNAFCS2L,False,True
INT-0BB247ETS8DUHLX2,2026-06-04 23:06:12,2026-06-04,CLI-EYF6F3EKPU4I,AGT-VH1MSPB0E8,Inbound Call,Phone,Transaccional,Transaccional,78.0,164.0,True,False,Neutral,0.11,,,False,,False,True
INT-F2AO7KUEJX8WE4GG,2026-06-04 15:33:32,2026-06-04,CLI-XN5YUG41H4PO,AGT-DXPI435GIT,Inbound Call,Phone,Transaccional,Transaccional,204.0,119.0,False,True,Neutral,-0.27,argentine,argentine,False,,False,True
INT-62AB75BGEUCKV0HF,2026-06-05 07:11:57,2026-06-04,CLI-21H53E4UJXQI,AGT-Y9S7A0UC7Q,Outbound Call,Phone,Comercial,Comercial,589.0,,True,False,Positivo,0.61,mexican,mexican,False,"PRD-MQK0KINB2JES,PRD-4FXP3TMY6OJF",False,True
INT-UPNH502GMQPFEUNM,2026-06-05 02:27:40,2026-06-04,CLI-8UB30EV2YREI,AGT-RVO9NVMTEP,Outbound Call,Phone,Técnico,Técnico,340.0,,True,False,Neutral,-0.13,mexican,mexican,False,"PRD-YL41YO1WVDRC,PRD-F08AFBONQA1A,PRD-N8ERTB3EOOPN",False,True
INT-61VHXC79AE3L2LXM,2026-06-05 06:30:11,2026-06-04,CLI-J1IOIR7BDC6H,AGT-Q8AGV9WXXS,Inbound Call,Phone,Transaccional,Transaccional,334.0,218.0,True,False,Neutral,-0.12,mexican,mexican,False,PRD-6XTUUE58PJ3C,False,True
INT-6SEOQHQ8KFAKYAQ6,2026-06-05 07:32:20,2026-06-04,CLI-QOCAI6T2JLWO,AGT-1HFUQGD4SI,Inbound Call,Phone,Técnico,Técnico,406.0,75.0,True,True,Muy Negativo,-0.72,argentine,colombian,False,,False,True
INT-XNUQAKUPVFTFKRN3,2026-06-05 01:09:18,2026-06-04,CLI-AP5FILRDZRAP,AGT-0YP9IMVFG1,Inbound Call,Phone,Queja,Queja,417.0,183.0,False,True,Positivo,0.53,,,False,PRD-7FGVQENKJ8T8,True,True
INT-3Q65367OWEYA4GXW,2026-06-04 17:47:14,2026-06-04,CLI-0T1BKAST3RPM,AGT-632VJ0ER29,Inbound Call,Phone,Transaccional,Transaccional,140.0,247.0,True,False,Neutral,-0.27,argentine,argentine,False,"PRD-XQ9U46NFPMRG,PRD-IYZV5KBQ72ZG,PRD-S57V6SG1P4Y4",False,True
INT-7K99VDORD6W465TL,2026-06-04 20:58:37,2026-06-04,CLI-ZAK3K66IZK1N,AGT-4R60WIH6RO,Email,Email,Producto,Producto,,,True,False,Neutral,0.1,,,False,PRD-IL9G5HGGQSK4,False,False
INT-5KBTOBI6HPELUIIP,2026-06-05 03:06:11,2026-06-04,CLI-Z3VBW7H7P2Q7,AGT-I54H5N8EAF,Inbound Call,Phone,Técnico,Técnico,423.0,57.0,True,False,Neutral,-0.13,,,False,"PRD-ANUFH1PFZB84,PRD-XE8CSHU42NUJ,PRD-0RWFICG660G6",True,True
INT-F6S6DL82DBI2NCFT,2026-06-04 09:46:28,2026-06-04,CLI-UYKADZA9JT1U,AGT-WTHHY9FLGT,Inbound Call,Phone,Comercial,Comercial,463.0,60.0,True,False,Negativo,-0.46,mexican,mexican,False,,False,True
INT-AMWSHM3G4MMPM8SF,2026-06-04 11:26:34,2026-06-04,CLI-LO5VGC9OHAMW,AGT-04JD8RS9U4,Outbound Call,Phone,Queja,Queja,549.0,,False,True,Neutral,-0.19,mexican,mexican,False,,False,True
INT-1L6CXBNIBOQZJB9O,2026-06-05 02:20:11,2026-06-04,CLI-SQJGKKTNYX84,AGT-70FM5VSQNA,Inbound Call,Phone,Transaccional,Transaccional,209.0,128.0,True,False,Neutral,-0.19,,,False,"PRD-SBKLRUC1RBGP,PRD-QMFXY9XG4KVW",False,True
INT-EFHIH95VHRTB1QBO,2026-06-04 23:11:24,2026-06-04,CLI-ITPFM8GGQSCU,AGT-45G96QSKR6,Inbound Call,Phone,Producto,Producto,116.0,173.0,True,False,Neutral,0.05,argentine,argentine,False,,False,True
INT-WA9KPTSBVFDV2AP7,2026-06-04 17:19:20,2026-06-04,CLI-9IVZCK8M63WE,AGT-I7L57PB0WE,Outbound Call,Phone,Comercial,Comercial,419.0,,False,True,Neutral,-0.06,mexican,mexican,False,"PRD-OGN108QVOLQ0,PRD-ZNH6V1SYE25G,PRD-I3WCSF5SV6XW",False,True
INT-QS2MSGMVIPA4DP9R,2026-06-04 17:44:19,2026-06-04,CLI-GJXY9C4BMGDJ,AGT-L84W3K4FHJ,Email,Email,Queja,Queja,,,False,True,Positivo,0.61,,,False,,False,False
INT-GUTH6KMGEUNVRVD6,2026-06-05 07:43:32,2026-06-04,CLI-HV1G6QXRW6J9,AGT-AUPZRFB0OO,Inbound Call,Phone,Transaccional,Transaccional,298.0,109.0,True,False,Neutral,0.09,,,False,,True,True
INT-IWCAN863TIHX66AY,2026-06-04 16:27:49,2026-06-04,CLI-9A6QX34HJ9X9,AGT-QI5O1LEA1K,Outbound Call,Phone,Técnico,Técnico,291.0,,True,False,Muy Negativo,-0.96,colombian,argentine,True,,False,True
INT-5LZRL4GM19WZ3Q5L,2026-06-04 12:06:17,2026-06-04,CLI-JB3FS1F7AVFQ,AGT-H0PC3KO7SM,Chat,WhatsApp,Técnico,Técnico,,,False,True,Neutral,-0.2,colombian,colombian,False,,False,False
INT-L69G6QAC8DVWAAAB,2026-06-05 02:34:07,2026-06-04,CLI-1X4RN93D6NLF,AGT-GRF6UL86F3,Inbound Call,Phone,Producto,Producto,283.0,171.0,True,False,Negativo,-0.65,,,False,,False,True
INT-ZNAJREXGV1Y8GG5I,2026-06-05 06:07:47,2026-06-04,CLI-P2SA7AGMT7SU,AGT-GPJJR1BEMS,Outbound Call,Phone,Queja,Queja,400.0,,False,True,Neutral,-0.16,,,False,,False,True
INT-R5QUKJB6EFPG3IVU,2026-06-05 01:45:55,2026-06-04,CLI-LISURI96JUA7,AGT-SA46XLUYJF,Inbound Call,Phone,Producto,Producto,298.0,141.0,True,False,Neutral,0.12,,,False,"PRD-HY82P8CQ1TF0,PRD-336L90PW82CK",False,True
INT-UHXJZJFWP2AWLTXT,2026-06-04 23:58:08,2026-06-04,CLI-SP6B0MLM9YWB,AGT-MSMPY4CS16,Inbound Call,Phone,Producto,Producto,459.0,199.0,True,False,Neutral,0.09,mexican,colombian,False,,False,True
INT-WAC1ZROAWQHFD9ZK,2026-06-04 22:21:23,2026-06-04,CLI-ILBBUE1CNZMZ,AGT-I94LJIR7DW,Chat,Web Chat,Queja,Queja,,,True,False,Positivo,0.47,,,False,"PRD-8REY8NFM3UHK,PRD-4D9VEQ56HADL,PRD-QXP6QFIYQ3L8",False,False
INT-P492MYA4UUMFAD02,2026-06-04 20:53:50,2026-06-04,CLI-TM99VBF1NKJC,AGT-1YXVT0O4G0,Outbound Call,Phone,Producto,Producto,215.0,,True,False,Muy Positivo,0.93,argentine,argentine,False,,False,True
INT-6H7YUEO7ZOOJN8C8,2026-06-05 03:20:49,2026-06-04,CLI-879IMO7UGO94,AGT-5ANM4NA6WN,Inbound Call,Phone,Comercial,Comercial,644.0,152.0,False,True,Negativo,-0.55,argentine,mexican,False,,False,True
INT-W3TWMHP5LMCJ75LB,2026-06-04 15:41:56,2026-06-04,CLI-28T7WJBUFNAH,AGT-020055Q6ET,Chat,WhatsApp,Transaccional,Transaccional,,,True,False,Neutral,0.18,mexican,mexican,False,"PRD-10H3KM3U1KS1,PRD-1G8SSR4M33PM,PRD-78V445JDPO12",False,False
INT-V6PP7L6GY6SBZGSK,2026-06-04 10:30:43,2026-06-04,CLI-WOUZD3KHP5CV,AGT-2IRA439CDD,Inbound Call,Phone,Comercial,Comercial,492.0,171.0,True,False,Neutral,0.27,,,False,PRD-W18LGS8FBRBS,False,True
INT-3LTA8T942I0VCM9D,2026-06-05 02:24:13,2026-06-04,CLI-ZUGYS5JRJQMI,AGT-39JT1HU5SP,Inbound Call,Phone,Producto,Producto,231.0,135.0,True,False,Negativo,-0.59,mexican,mexican,True,,True,True
INT-N77K7U6XCF9GDE12,2026-06-05 00:47:19,2026-06-04,CLI-MTIGA0HFLQAD,AGT-2IRA439CDD,Outbound Call,Phone,Transaccional,Transaccional,143.0,,True,False,Neutral,0.13,mexican,mexican,False,,True,True
INT-BDST6CTQ824UXMSH,2026-06-05 01:04:04,2026-06-04,CLI-I1CPBO1I27EL,AGT-CVMX70X6Z4,Inbound Call,Phone,Técnico,Técnico,470.0,146.0,True,True,Negativo,-0.65,mexican,argentine,False,PRD-77D9WWP2KHUM,False,True
INT-3UHIBEGMH16VAK2R,2026-06-04 23:49:13,2026-06-04,CLI-POG9JV2KGJWS,AGT-29JHQCW7PX,Chat,App,Transaccional,Transaccional,,,True,False,Neutral,0.14,argentine,argentine,False,"PRD-XZ8TVVNX8R3U,PRD-VOXSOMAJ9G44",False,False
INT-EKUC071GWBEW1URR,2026-06-05 05:56:59,2026-06-04,CLI-BS5Y67W4FAQ7,AGT-155PP3L6XE,Outbound Call,Phone,Técnico,Técnico,387.0,,True,False,Neutral,-0.1,mexican,mexican,False,,True,True
INT-PE5HO7W0NHUZQYPR,2026-06-04 13:23:04,2026-06-04,CLI-G48SA6LED6AZ,AGT-UX3Z61ZNLY,Chat,Web Chat,Producto,Producto,,,True,False,Neutral,0.15,mexican,mexican,False,,False,False
INT-S35C6TGI4T3UUIP9,2026-06-04 17:54:13,2026-06-04,CLI-O39GLWD2ZBKW,AGT-62OM5Q1Q05,Outbound Call,Phone,Técnico,Técnico,313.0,,True,False,Neutral,0.14,colombian,colombian,False,,True,True
INT-HFMPT2M45R6CN5WF,2026-06-05 01:20:03,2026-06-04,CLI-JASABK4XZMAP,AGT-VDMGGUDE0K,Inbound Call,Phone,Transaccional,Transaccional,116.0,118.0,True,False,Neutral,-0.18,colombian,colombian,False,,True,True
INT-C3HYK3NNA2AYTOMG,2026-06-04 11:44:10,2026-06-04,CLI-7HXXVBG7YCFT,AGT-HWATBOOPXF,Inbound Call,Phone,Producto,Producto,292.0,164.0,False,True,Negativo,-0.67,argentine,argentine,False,,False,True
INT-W18WNJBQNTYYUUH2,2026-06-05 02:44:49,2026-06-04,CLI-I28BES6LOUDI,AGT-GT2O5MFVMB,Outbound Call,Phone,Técnico,Técnico,160.0,,True,False,Neutral,0.2,argentine,argentine,False,,True,True
INT-STGW28R5O270JY2Q,2026-06-04 13:12:42,2026-06-04,CLI-VINTSIDER5MQ,AGT-I1VYP1D801,Email,Email,Queja,Queja,,,True,False,Positivo,0.46,mexican,mexican,False,"PRD-ORV37M3E6I0G,PRD-IJC2K2OQUJMH",False,False
INT-JCZ7L232GQEDNFV9,2026-06-04 22:14:16,2026-06-04,CLI-S8V4QWQ74FC4,AGT-Q1CPMXVTZC,Inbound Call,Phone,Queja,Queja,693.0,150.0,True,False,Neutral,-0.14,mexican,colombian,False,PRD-OKIG9RK9Z199,True,True
INT-0M30E31LCI0NOYSR,2026-06-04 09:34:11,2026-06-04,CLI-CMJ10TF2HW9C,AGT-XUBJTI8AW5,Inbound Call,Phone,Retención,Retención,569.0,137.0,True,False,Positivo,0.53,colombian,colombian,False,,False,True
INT-I5UB85HJIQTT403M,2026-06-05 00:14:32,2026-06-04,CLI-HCZ6KZV53Q7W,AGT-YKT9RW2X8X,Inbound Call,Phone,Transaccional,Transaccional,206.0,183.0,True,False,Neutral,0.21,,,False,,True,True
INT-ZV47RQ6ILEOBDOX5,2026-06-05 06:46:17,2026-06-04,CLI-3PKWDV2G42A6,AGT-DWXSXT9OP1,Inbound Call,Phone,Producto,Producto,411.0,53.0,False,True,Neutral,-0.18,colombian,colombian,False,"PRD-79JTKK34UYIY,PRD-4130QB0LUWK6",False,True
INT-R4F0Y84E195XYELT,2026-06-04 19:16:36,2026-06-04,CLI-4A6XYO46IHTI,AGT-GT2O5MFVMB,Inbound Call,Phone,Producto,Producto,424.0,95.0,True,False,Neutral,-0.17,colombian,colombian,False,,False,True
INT-9U1CR4UHJ00X56ZQ,2026-06-05 02:55:49,2026-06-04,CLI-GKJ07TXONMBQ,AGT-TGN0MJ28ZI,Inbound Call,Phone,Transaccional,Transaccional,273.0,130.0,True,True,Neutral,-0.29,argentine,colombian,False,,False,True
INT-03YDF6NI52WPPDEZ,2026-06-04 17:31:31,2026-06-04,CLI-NV9VHOOB26TO,AGT-FGAVR5FA7R,Inbound Call,Phone,Técnico,Técnico,407.0,150.0,True,False,Negativo,-0.31,,,False,,False,True
INT-NPGNROJQW3B7UOJX,2026-06-05 00:18:24,2026-06-04,CLI-YC97D7OLQXC3,AGT-RL5EQ6KNBS,Inbound Call,Phone,Queja,Queja,436.0,169.0,True,False,Neutral,0.09,,,False,,False,True
INT-T0Y1QTTYKZ7YP5XH,2026-06-04 19:51:44,2026-06-04,CLI-C36IQXLJLRCT,AGT-BNSM435UTT,Inbound Call,Phone,Transaccional,Transaccional,239.0,114.0,True,False,Neutral,0.16,mexican,argentine,False,,True,True
INT-CKFAT3WCNE60YQ55,2026-06-05 05:05:47,2026-06-04,CLI-W56TW880YFES,AGT-QX2FUBC9H9,Chat,WhatsApp,Retención,Retención,,,True,False,Positivo,0.52,colombian,colombian,False,,True,False
INT-FLF2PV7KJVCEXDRU,2026-06-04 11:11:44,2026-06-04,CLI-RZBPVVJTKXXW,AGT-O5RS2730K1,Inbound Call,Phone,Retención,Retención,537.0,106.0,False,True,Neutral,0.14,colombian,colombian,False,,False,True
INT-P4LND8SAZMM2DP4M,2026-06-04 14:13:47,2026-06-04,CLI-X3G0GYN3U7BD,AGT-YTZ9ORZT0J,Inbound Call,Phone,Transaccional,Transaccional,296.0,123.0,True,False,Neutral,0.01,colombian,colombian,False,,False,True
INT-TJLNQ22QXG3JI3PX,2026-06-04 23:49:24,2026-06-04,CLI-R94ZGA6S3SQV,AGT-T3NMEHRX3F,Inbound Call,Phone,Producto,Producto,280.0,98.0,True,True,Negativo,-0.61,mexican,mexican,False,,False,True
INT-HJIDJO3EMU0OVK0F,2026-06-04 12:04:59,2026-06-04,CLI-MZHSK3T0MVJV,AGT-VTQJ9SJZEV,Inbound Call,Phone,Queja,Queja,519.0,226.0,False,True,Neutral,0.06,colombian,colombian,False,PRD-8Q6COPQEPSH6,False,True
INT-EW8BGGLHGZ6MCKA6,2026-06-04 22:11:54,2026-06-04,CLI-NH5DAU3PIC1T,AGT-P71DS5U8E5,Inbound Call,Phone,Técnico,Técnico,212.0,172.0,False,True,Positivo,0.35,argentine,colombian,False,,False,True
INT-791BG49JQYA1T8VK,2026-06-04 15:23:18,2026-06-04,CLI-CT6ZVYQJK9RH,AGT-VSNRM7IQIT,Inbound Call,Phone,Producto,Producto,132.0,50.0,True,False,Neutral,0.11,,,False,,True,True
INT-GC84I38F50WGZ4B5,2026-06-04 18:05:24,2026-06-04,CLI-EU56DHYU1FH1,AGT-9BGLWS9RWM,Outbound Call,Phone,Transaccional,Transaccional,97.0,,True,True,Neutral,-0.29,,,False,PRD-1DWNR45JFGC8,False,True
INT-A2TYZ5T5C6FBI1I9,2026-06-04 19:50:11,2026-06-04,CLI-3WUB688Z6P66,AGT-2GSO6ODA8L,Outbound Call,Phone,Transaccional,Transaccional,226.0,,True,True,Neutral,-0.02,colombian,colombian,False,"PRD-BA3MIB145GLJ,PRD-DTLX5ZMYAURV",False,True
INT-E914FK5H57IU9EUL,2026-06-04 22:28:01,2026-06-04,CLI-JEPQT5968YQX,AGT-7XQCZE73IH,Outbound Call,Phone,Producto,Producto,238.0,,True,False,Neutral,-0.1,mexican,mexican,False,,False,True
INT-22A6KMPIB88TVCYJ,2026-06-04 15:13:43,2026-06-04,CLI-WCQURLUUH16J,AGT-6UU2ZTXHKF,Inbound Call,Phone,Transaccional,Transaccional,175.0,36.0,True,False,Neutral,0.14,,,False,"PRD-8XZU1Z5C0VEU,PRD-HJTISCGJ5UXU,PRD-3ET2SHRGO5DM",True,True
INT-RNU1VS8Q8W42S4W6,2026-06-04 14:26:00,2026-06-04,CLI-Z0VTSIOQQP9R,AGT-93R1FEUZ8C,Inbound Call,Phone,Producto,Producto,241.0,178.0,True,False,Neutral,0.12,colombian,colombian,False,"PRD-ZHUIY88BX1OA,PRD-OH85GHE59MWS",False,True
INT-U1CIYAIHEHNJHDEH,2026-06-04 09:04:43,2026-06-04,CLI-P6LKLN48SY8E,AGT-ZZLDFFK5KX,Inbound Call,Phone,Retención,Retención,342.0,190.0,True,False,Negativo,-0.3,mexican,mexican,True,,False,True
INT-K4SKGET8P5CQ6KNY,2026-06-05 07:34:50,2026-06-04,CLI-GD2JV4TGG6QL,AGT-FK6MI05PO5,Inbound Call,Phone,Técnico,Técnico,306.0,188.0,False,True,Muy Positivo,0.85,mexican,argentine,False,,True,True
INT-TZ3DBBB2Y1ZQR37D,2026-06-05 04:29:26,2026-06-04,CLI-IPVKN032SF23,AGT-YIGWTTH6CK,Inbound Call,Phone,Transaccional,Transaccional,270.0,105.0,True,True,Neutral,-0.29,,,False,PRD-MABTLLLMJR25,False,True
INT-ZSY5D1FR90IUE46T,2026-06-04 23:14:49,2026-06-04,CLI-WTP7XWC31W00,AGT-3EYJYCLMVE,Inbound Call,Phone,Transaccional,Transaccional,139.0,195.0,True,True,Neutral,-0.08,mexican,mexican,False,,False,True
INT-DY5CO5X5ZI4ZAU88,2026-06-05 02:20:21,2026-06-04,CLI-9QL7ICGT4NQ2,AGT-D823QIGFPO,Inbound Call,Phone,Producto,Producto,264.0,142.0,True,False,Neutral,-0.3,,,False,PRD-66W2VO1RPNBM,False,True
INT-4QXUOPCNRITBMAX9,2026-06-04 22:04:38,2026-06-04,CLI-K2MODW2QNOAS,AGT-PTWKYK487N,Outbound Call,Phone,Transaccional,Transaccional,83.0,,True,False,Neutral,0.27,mexican,mexican,False,,False,True
INT-JCT5Q2HPZ5RTA4LT,2026-06-04 13:43:13,2026-06-04,CLI-P8TZCNWM41HD,AGT-VBNZ1407P0,Inbound Call,Phone,Técnico,Técnico,452.0,101.0,True,False,Negativo,-0.38,argentine,argentine,False,,False,True
INT-S4002QMFN4D251TK,2026-06-04 13:29:27,2026-06-04,CLI-MPC8EI34VFVP,AGT-BUS9PDJC54,Inbound Call,Phone,Producto,Producto,387.0,59.0,True,False,Neutral,0.3,,,False,,False,True
INT-TE847Y45N358SJK2,2026-06-05 01:47:15,2026-06-04,CLI-0VDEDQF2W90C,AGT-2L5LSHTVB9,Inbound Call,Phone,Transaccional,Transaccional,305.0,53.0,True,False,Neutral,-0.19,argentine,argentine,False,,False,True
INT-9C8SO41ETJFBGC3R,2026-06-05 01:16:04,2026-06-04,CLI-ADJ5DQG427OF,AGT-XPFEQBBG8N,Inbound Call,Phone,Transaccional,Transaccional,206.0,221.0,True,True,Neutral,-0.19,,,False,,False,True
INT-L0ZP8EXBX71PUBOA,2026-06-04 15:54:58,2026-06-04,CLI-1VZERCEU1TXO,AGT-K5E9XE6DZU,Email,Email,Comercial,Comercial,,,True,False,Neutral,0.2,mexican,mexican,False,,False,False
INT-DEFSGP9FTQUGNMMQ,2026-06-04 16:17:34,2026-06-04,CLI-P1075KPTAU1I,AGT-5RF05BZME0,Outbound Call,Phone,Queja,Queja,350.0,,False,True,Neutral,0.05,colombian,colombian,False,,False,True
INT-VDGCK5WJC5FV6MYX,2026-06-05 04:09:42,2026-06-04,CLI-NFPSF1UCJ3DI,AGT-09L5Z8WQAS,Inbound Call,Phone,Producto,Producto,404.0,117.0,True,False,Neutral,0.02,argentine,argentine,False,,False,True
INT-TQ5JF3Y56JAL31KJ,2026-06-04 21:15:10,2026-06-04,CLI-J6PWHXE8GJ2M,AGT-I6R1T9IKUL,Inbound Call,Phone,Transaccional,Transaccional,142.0,173.0,False,True,Neutral,-0.19,mexican,mexican,False,"PRD-2XDBGSZWRMHS,PRD-MB2T3MB48ZB6",False,True
INT-OOGOZZ3FES2DWHZO,2026-06-04 21:39:16,2026-06-04,CLI-PMRH2QJWFI2S,AGT-I6R1T9IKUL,Outbound Call,Phone,Producto,Producto,159.0,,True,False,Neutral,0.27,mexican,mexican,False,"PRD-DPIWVPCYCZ8J,PRD-KHDBGLB9E9B1",False,True
INT-YSI104T1H8S8D4V2,2026-06-04 18:07:00,2026-06-04,CLI-0TN138G5I72R,AGT-56XIRH3EBF,Inbound Call,Phone,Técnico,Técnico,409.0,179.0,True,False,Negativo,-0.37,colombian,colombian,False,,False,True
INT-U1SXVB9UZ53M13VB,2026-06-05 02:35:43,2026-06-04,CLI-18PE6CWNX58B,AGT-RA3DSUKQ7L,Inbound Call,Phone,Transaccional,Transaccional,139.0,199.0,True,False,Neutral,0.02,argentine,argentine,False,"PRD-T7E3DHOV1UYN,PRD-LSQMZDYDK245,PRD-J866D66MPRWX",False,True
INT-66Q42DJ46BTA5YUX,2026-06-05 03:57:33,2026-06-04,CLI-GDVZB4C3PTDF,AGT-35OZPMG5XY,Chat,App,Transaccional,Transaccional,,,False,True,Neutral,0.18,mexican,mexican,False,,False,False
INT-GYRH2CX1ZC4AYNUQ,2026-06-04 21:12:06,2026-06-04,CLI-32ZF1JK0LZ4Z,AGT-F7WFZ9B08B,Inbound Call,Phone,Transaccional,Transaccional,184.0,162.0,True,False,Neutral,0.15,mexican,mexican,False,"PRD-SONOHORJ6MR5,PRD-RO4HS2N6E9AP",False,True
INT-11J142ZG79HEZYP8,2026-06-04 13:49:30,2026-06-04,CLI-M9EN8HNKHMVQ,AGT-PE3Z64L6KA,Inbound Call,Phone,Técnico,Técnico,281.0,145.0,True,True,Negativo,-0.48,mexican,colombian,False,,False,True
INT-U325LQ6OHDA0E726,2026-06-04 19:01:37,2026-06-04,CLI-NE89YRSVX5D9,AGT-6R937GMSL6,Inbound Call,Phone,Comercial,Comercial,803.0,92.0,True,False,Negativo,-0.48,mexican,mexican,False,PRD-Q2VZQ7WMRARE,True,True
INT-NVW0T6USG68WRH43,2026-06-05 05:40:04,2026-06-04,CLI-XR2I2U2IL9D7,AGT-KE99505Y43,Inbound Call,Phone,Queja,Queja,382.0,107.0,False,True,Positivo,0.31,,,False,,True,True
INT-Q8RNTYD773QKBF5B,2026-06-05 02:22:58,2026-06-04,CLI-HHCEUMEHFPQP,AGT-YKT9RW2X8X,Chat,App,Producto,Producto,,,True,False,Neutral,0.03,mexican,mexican,False,,False,False
INT-D65C2HHVYIJA3QIF,2026-06-05 00:01:34,2026-06-04,CLI-78GBFTP0L8WD,AGT-K2XLL46WK8,Inbound Call,Phone,Transaccional,Transaccional,193.0,127.0,True,True,Neutral,-0.1,mexican,mexican,False,,False,True
INT-OFVDGKWS7L2AVOB8,2026-06-04 23:27:42,2026-06-04,CLI-SLTNE2A5EFSR,AGT-9A52G9KAKH,Chat,App,Queja,Queja,,,False,True,Muy Negativo,-0.71,mexican,mexican,False,,False,False
INT-ZJ4Y2DVEJF33EHPR,2026-06-05 06:08:43,2026-06-04,CLI-LSZDDJ02T0MD,AGT-R6BH0F3DT7,Inbound Call,Phone,Técnico,Técnico,422.0,157.0,True,False,Muy Positivo,0.87,colombian,colombian,False,PRD-VPWMEV6ECETQ,False,True
INT-EYOUXBDLNS2XSGOT,2026-06-04 22:55:01,2026-06-04,CLI-6S5XZU7ESATG,AGT-4W61FITOXQ,Inbound Call,Phone,Transaccional,Transaccional,253.0,140.0,True,False,Neutral,-0.25,mexican,mexican,False,,False,True
INT-8X8DR6UQ9WLRY9V2,2026-06-04 23:59:24,2026-06-04,CLI-3VTB6WL48708,AGT-XUBJTI8AW5,Outbound Call,Phone,Producto,Producto,369.0,,True,False,Neutral,-0.28,,,False,PRD-7PMIWFGSZ1U8,False,True
INT-SIPR7RY6XEBLN89E,2026-06-05 02:58:05,2026-06-04,CLI-1D9A820ZUD18,AGT-AJ8SSRN9XM,Inbound Call,Phone,Producto,Producto,210.0,0.0,True,False,Negativo,-0.43,mexican,mexican,False,,False,True
INT-9AVH4CA5KO66TL2I,2026-06-04 19:06:05,2026-06-04,CLI-MLPRGFDB6AUW,AGT-703TCW9HY5,Inbound Call,Phone,Producto,Producto,219.0,156.0,True,False,Muy Negativo,-0.86,,,False,,False,True
INT-4540217328YNH5QE,2026-06-04 10:36:48,2026-06-04,CLI-59K4RE03QGTQ,AGT-9W2W01V6JD,Chat,App,Comercial,Comercial,,,True,False,Negativo,-0.69,mexican,mexican,False,PRD-OHMRPB05EGK9,False,False
INT-D9EEQD5O0G2YB38U,2026-06-05 07:41:09,2026-06-04,CLI-GYVOT0X5RG5J,AGT-3KFF618LI2,Inbound Call,Phone,Queja,Queja,293.0,158.0,True,False,Positivo,0.6,colombian,colombian,False,,False,True
INT-KB2D1LXHLPCAHBUT,2026-06-05 00:16:03,2026-06-04,CLI-CW792LYOCVT1,AGT-JNY9R22CQM,Inbound Call,Phone,Queja,Queja,596.0,26.0,True,False,Neutral,-0.11,argentine,argentine,False,"PRD-U6SQ3HNVAC7K,PRD-G1A820DT7WW1",False,True
INT-CTSA6EQLNS399O0R,2026-06-04 15:37:39,2026-06-04,CLI-S75BYFWOFBBO,AGT-5CXS2WPVJF,Inbound Call,Phone,Producto,Producto,294.0,22.0,True,False,Neutral,-0.14,argentine,colombian,True,,False,True
INT-AIPAKRE91QPC766U,2026-06-04 12:50:43,2026-06-04,CLI-ABZ5SFC5JHKE,AGT-JMDX6MHRX7,Chat,WhatsApp,Técnico,Técnico,,,True,False,Positivo,0.34,mexican,mexican,False,PRD-AL3E03OGMPDF,False,False
INT-420QHCFKSY94YNCW,2026-06-04 12:18:37,2026-06-04,CLI-AHWYHVWAQKJK,AGT-3SCBQBHAUJ,Inbound Call,Phone,Técnico,Técnico,500.0,72.0,False,True,Negativo,-0.48,,,False,"PRD-493O7CJAMUXO,PRD-JCJCPNYKTXNJ",True,True
INT-KK4LE81DRFE4UDZ6,2026-06-04 10:08:10,2026-06-04,CLI-RPZT5Z4BPD3Q,AGT-TKG71FXFEZ,Inbound Call,Phone,Queja,Queja,482.0,95.0,True,False,Positivo,0.7,,,True,"PRD-NR1PZW6CFK96,PRD-6GXME13BQIC1,PRD-36N6NFPC6PJS",False,True
INT-JX73EG0TC3JLPFUC,2026-06-05 06:57:01,2026-06-04,CLI-A3CD3TDZL6PA,AGT-YKT9RW2X8X,Inbound Call,Phone,Transaccional,Transaccional,178.0,142.0,True,False,Neutral,0.0,argentine,argentine,False,PRD-HAEEIZ2V9S5O,False,True
INT-FQR7IX9RHUIJBT48,2026-06-04 22:54:05,2026-06-04,CLI-YOYM6OHD7WLO,AGT-AIZL8E8598,Inbound Call,Phone,Transaccional,Transaccional,214.0,155.0,True,False,Neutral,0.16,colombian,colombian,False,"PRD-896D4A5KW083,PRD-DJA3R69S2V6I,PRD-POAPO0TB6GQX",False,True
INT-8H8YK4D1TIM8UBSO,2026-06-04 18:33:51,2026-06-04,CLI-JELKZNR5H6EL,AGT-BQKJV90OIO,Outbound Call,Phone,Transaccional,Transaccional,186.0,,True,False,Neutral,-0.24,,,False,"PRD-7ZTTRO73MB3J,PRD-C4SXA1I0DW7Z,PRD-HVWIFAJ1B6L5",True,True
INT-ILMNAFUKWU05WG4U,2026-06-04 19:10:00,2026-06-04,CLI-FH6DD2RQI82G,AGT-R3A802XCY2,Inbound Call,Phone,Retención,Retención,562.0,150.0,False,True,Neutral,-0.18,,,False,"PRD-8VHGAG1XAJ7Y,PRD-LDZXVZNP7K4A,PRD-JISZJM9CYVYP",True,True
INT-5NYPRMADXXCNEQLU,2026-06-05 06:58:25,2026-06-04,CLI-32Z4ZGTVP0LB,AGT-YEHDH59WDI,Inbound Call,Phone,Producto,Producto,402.0,184.0,True,False,Neutral,0.15,mexican,argentine,False,,False,True
INT-696TZEFJ6DCJWXFE,2026-06-05 00:20:37,2026-06-04,CLI-4MBDMNMGFYEP,AGT-8GZ4DPZ9DX,Inbound Call,Phone,Transaccional,Transaccional,231.0,58.0,True,False,Neutral,0.11,colombian,colombian,False,PRD-R6D6U8258L0J,False,True
INT-IKWHP8VK5WZXGNWQ,2026-06-04 20:24:04,2026-06-04,CLI-KK9I3MZXWLND,AGT-1999NR0BNU,Inbound Call,Phone,Transaccional,Transaccional,569.0,53.0,False,True,Neutral,-0.11,,,False,,False,True
INT-LLZNBEGHZKKI2Z3T,2026-06-04 14:45:41,2026-06-04,CLI-JPR9A0BV2LWJ,AGT-CPLJJNES58,Inbound Call,Phone,Queja,Queja,458.0,44.0,False,True,Neutral,0.05,,,False,"PRD-HGBA0YRG6OE3,PRD-AHFS4GZ0L6K1,PRD-OKQPD7MSOP2W",False,True
INT-Q93DUKUAMT35DO2A,2026-06-04 18:09:40,2026-06-04,CLI-OC56YQYTHFA0,AGT-KU6FVZPQSV,Chat,App,Comercial,Comercial,,,True,False,Neutral,0.03,colombian,colombian,False,PRD-PA1WEDFY1Q28,False,False
INT-E6MG7XCMT5QXNRSP,2026-06-04 18:51:44,2026-06-04,CLI-0FEIBDHEGTZ7,AGT-5AXEH5GB0Q,Inbound Call,Phone,Transaccional,Transaccional,140.0,0.0,True,False,Neutral,0.2,,,False,,False,True
INT-KMNLNROS2YUXBIHY,2026-06-04 09:26:48,2026-06-04,CLI-OA7P66QEMJ79,AGT-FY0JTX0WX4,Inbound Call,Phone,Transaccional,Transaccional,206.0,141.0,True,False,Neutral,-0.1,mexican,mexican,False,,False,True
INT-4YBKKUIKOXGB4C67,2026-06-05 01:53:03,2026-06-04,CLI-6D3J3JFWUFP8,AGT-I0RSC4IGXZ,Inbound Call,Phone,Producto,Producto,180.0,171.0,True,False,Neutral,0.03,argentine,argentine,False,PRD-HNBW2QKHTE1M,False,True
INT-B8YN58WWOJ7UB5D6,2026-06-05 01:33:00,2026-06-04,CLI-YT68U37RU2HZ,AGT-MOP8GEKGPL,Inbound Call,Phone,Transaccional,Transaccional,671.0,80.0,False,True,Neutral,0.3,,,True,"PRD-JKEP1LGBXKMS,PRD-2Q04XL9VJ0RA",True,True
INT-L8DC8CF286KTF0T6,2026-06-04 13:28:31,2026-06-04,CLI-XFI1DKCYCSBD,AGT-TLFYB8CQW4,Outbound Call,Phone,Transaccional,Transaccional,153.0,,True,False,Neutral,0.23,,,False,"PRD-BXBX13GOLO8C,PRD-OM0Z9M0VGJDT",False,True
INT-62WEQWH3TSE7LA88,2026-06-04 22:20:04,2026-06-04,CLI-5DR58TMW8M9B,AGT-EI5HV76G6F,Inbound Call,Phone,Transaccional,Transaccional,188.0,54.0,True,True,Neutral,-0.16,argentine,argentine,True,PRD-58VKEQNCEBUS,False,True
INT-HABVB5Q4E703V5BY,2026-06-04 16:33:54,2026-06-04,CLI-62GGP7FOQRG1,AGT-WX8WOK9XOA,Outbound Call,Phone,Transaccional,Transaccional,75.0,,True,False,Neutral,0.0,mexican,mexican,True,,False,True
INT-7PNOJPQ7KW1PGQFH,2026-06-05 00:38:58,2026-06-04,CLI-D8Q18PZVNGBF,AGT-LE0LUR1Y4Z,Outbound Call,Phone,Producto,Producto,169.0,,True,False,Neutral,0.17,mexican,mexican,False,PRD-5P8M6YLL733E,False,True
INT-4E0EEZY3AEJV62SJ,2026-06-05 01:03:09,2026-06-04,CLI-E74H2UGWM5L7,AGT-2L5W5ELAS7,Outbound Call,Phone,Producto,Producto,286.0,,True,False,Neutral,-0.02,mexican,mexican,False,,False,True
INT-CW2IKU42RTKD2QQ2,2026-06-04 09:21:09,2026-06-04,CLI-AQU497GVE9HE,AGT-RZ4O8DO2E0,Chat,App,Transaccional,Transaccional,,,True,False,Neutral,-0.18,mexican,mexican,False,,False,False
INT-D2YGBGENRKMAE96S,2026-06-05 03:24:02,2026-06-04,CLI-3HY3I4UVABKF,AGT-W5MIABMIYE,Inbound Call,Phone,Transaccional,Transaccional,161.0,178.0,True,True,Neutral,-0.03,colombian,colombian,False,"PRD-GBED6TJQFG55,PRD-ZDHUGTDXP0DW,PRD-C5SXNX4EK8XW",True,True
INT-VQHG6EKRFOYQ0FKJ,2026-06-04 18:28:19,2026-06-04,CLI-TSBHZ7OK14AP,AGT-BEAXRRXLFP,Outbound Call,Phone,Producto,Producto,221.0,,True,False,Negativo,-0.52,colombian,argentine,False,PRD-YJ1X4R4AADS0,False,True
INT-2NJYCADU6479HTDF,2026-06-04 21:24:04,2026-06-04,CLI-3IABURXZ71MK,AGT-GDSRHZRHQ7,Inbound Call,Phone,Queja,Queja,485.0,206.0,False,True,Neutral,-0.27,mexican,mexican,False,,True,True
INT-TNO88SGQ3W342Q80,2026-06-04 22:02:46,2026-06-04,CLI-4O15KC7RCB5B,AGT-6TVY644961,Inbound Call,Phone,Producto,Producto,243.0,6.0,True,False,Positivo,0.64,,,False,PRD-13LN6LM643P4,False,True
INT-QSJOU932I887DMOH,2026-06-04 14:34:47,2026-06-04,CLI-ULI6PAJRB1VG,AGT-OU23TB8G0R,Inbound Call,Phone,Transaccional,Transaccional,159.0,106.0,True,False,Neutral,0.07,mexican,mexican,False,,True,True
INT-VPLAPBSJ22X5RS0V,2026-06-04 11:32:39,2026-06-04,CLI-P1PS8SWOUNL5,AGT-JZ4UT5EH9L,Inbound Call,Phone,Queja,Queja,252.0,115.0,False,True,Negativo,-0.65,mexican,argentine,False,PRD-KGU8R9V25GCG,False,True
INT-5K0SRR59CLZWUCN4,2026-06-04 19:11:39,2026-06-04,CLI-5LI7BJXI8O63,AGT-3EYJYCLMVE,Inbound Call,Phone,Transaccional,Transaccional,97.0,170.0,True,True,Neutral,0.28,,,False,,True,True
INT-LJV4DXYNFODTYYI7,2026-06-04 11:44:08,2026-06-04,CLI-RL87FTWGIVQH,AGT-P6O3UZFIER,Inbound Call,Phone,Técnico,Técnico,492.0,118.0,False,True,Positivo,0.45,,,False,"PRD-SUHCYOYYR38D,PRD-EZTUTM41FC82",False,True
INT-PG6YV3TABE35ZS6B,2026-06-04 11:16:37,2026-06-04,CLI-26GULL3HGF8N,AGT-R8G56XJJDR,Inbound Call,Phone,Producto,Producto,199.0,160.0,True,False,Muy Negativo,-0.8,,,False,"PRD-TC23Q0TPFLUH,PRD-JCG1VGUFL1Y9,PRD-5EJZ6212LCNK",False,True
INT-2DPZRVX0O83X0FSF,2026-06-05 00:28:09,2026-06-04,CLI-7MU04SXLKRAE,AGT-73NR19JUP5,Chat,App,Queja,Queja,,,True,False,Neutral,-0.18,,,True,,False,False
INT-M8LMW92I4SUUUZK6,2026-06-05 00:53:53,2026-06-04,CLI-FYURRZ3JWWIY,AGT-8QYBQ76ZD2,Inbound Call,Phone,Producto,Producto,210.0,198.0,True,False,Negativo,-0.39,,,False,PRD-NTVH0U5DHPDJ,False,True
INT-82FDAD6X0HOYNB06,2026-06-04 08:10:02,2026-06-04,CLI-DN6E88WC1N6I,AGT-YDBZL5HKAZ,Inbound Call,Phone,Retención,Retención,289.0,14.0,True,False,Positivo,0.63,,,False,,True,True
INT-19W3AQJIE25Z975V,2026-06-05 06:39:02,2026-06-04,CLI-A04STF81JTJJ,AGT-MZOYQF5IHG,Email,Email,Transaccional,Transaccional,,,True,True,Neutral,-0.08,,,False,"PRD-JKC5DHT2EN59,PRD-K3AZH8PX29UV",False,False
INT-S4D1MML42M6DJDBS,2026-06-05 07:32:26,2026-06-04,CLI-53GFYX7JPE4P,AGT-98ZSNF8YWV,Inbound Call,Phone,Transaccional,Transaccional,210.0,186.0,True,True,Neutral,-0.04,mexican,mexican,False,,False,True
INT-9JLE0JLKSGIWWE6X,2026-06-04 14:20:21,2026-06-04,CLI-LVLGDZWKUHCW,AGT-LFX460UJ80,Outbound Call,Phone,Técnico,Técnico,387.0,,True,False,Negativo,-0.39,colombian,colombian,False,"PRD-EKZC21E8CQVU,PRD-2SAIR28CR4KY,PRD-EL7HZV14HU35",False,True
INT-6TOQ8KUV3P3V78K5,2026-06-04 19:49:49,2026-06-04,CLI-U6MRGGS19JUM,AGT-1U67SCVP90,Inbound Call,Phone,Producto,Producto,182.0,110.0,True,False,Negativo,-0.45,,,False,,False,True
INT-VSQQIVQMCUIXFR2G,2026-06-04 20:09:20,2026-06-04,CLI-A0FG6TEQKPTU,AGT-HX94J4BGWF,Inbound Call,Phone,Comercial,Comercial,635.0,93.0,True,False,Negativo,-0.43,mexican,mexican,False,,False,True
INT-YBHJRJ4DN3EO17Y6,2026-06-04 10:22:33,2026-06-04,CLI-RJTQYTWHCZUM,AGT-K11V6ZB5VS,Inbound Call,Phone,Transaccional,Transaccional,278.0,167.0,True,True,Neutral,0.1,colombian,colombian,False,"PRD-HBGEABWDY62Y,PRD-8BLC7TIVOFQ3,PRD-W3EWZVJHG66S",False,True
INT-B6GF2Z6U0BKULPFO,2026-06-04 22:38:51,2026-06-04,CLI-HV5O7YRKCRPA,AGT-69430CDLET,Inbound Call,Phone,Queja,Queja,427.0,234.0,False,True,Negativo,-0.59,mexican,mexican,False,,False,True
INT-HSTH57N32WBRDZS6,2026-06-04 17:44:11,2026-06-04,CLI-X5D1IL6MJYRU,AGT-VBPI4ZZ5XX,Inbound Call,Phone,Producto,Producto,420.0,26.0,True,False,Muy Negativo,-0.71,mexican,mexican,False,"PRD-F463UZ35GKGV,PRD-15J67ZYNO37F,PRD-CDNWC3514XDS",False,True
INT-D7FOFSBK7QZFIK5C,2026-06-04 17:55:38,2026-06-04,CLI-20Z77URFNR93,AGT-WI5ZDHCEPB,Outbound Call,Phone,Técnico,Técnico,361.0,,True,False,Neutral,-0.04,colombian,colombian,False,,True,True
INT-NH71HYFFPTGRL1PA,2026-06-04 13:28:47,2026-06-04,CLI-UJO4RDTUMQNT,AGT-U2B4DX2JUH,Inbound Call,Phone,Técnico,Técnico,471.0,131.0,True,False,Positivo,0.48,,,True,"PRD-R6KG1CDKFF0R,PRD-ETRQFD89010T",False,True
INT-6SUCCMBP0VIVC67G,2026-06-04 20:12:26,2026-06-04,CLI-NMSCURW4H4C6,AGT-RA3DSUKQ7L,Inbound Call,Phone,Comercial,Comercial,305.0,176.0,False,True,Neutral,0.02,,,False,,False,True
INT-0SIVG0J0U7OZ1HF6,2026-06-05 04:56:59,2026-06-04,CLI-4RL3X9AN4SY8,AGT-VM8IH2LFKP,Inbound Call,Phone,Técnico,Técnico,285.0,172.0,True,True,Neutral,-0.05,,,False,,True,True
INT-52S2HJRM4GLL9B8Z,2026-06-04 17:55:27,2026-06-04,CLI-ADDMBA0G5NYZ,AGT-3B0N077NAM,Inbound Call,Phone,Transaccional,Transaccional,223.0,106.0,True,True,Neutral,0.24,,,False,,True,True
INT-L9HAVR53A8DVUO8T,2026-06-04 20:49:18,2026-06-04,CLI-W5J5SV0UCXCV,AGT-GJ9LKR80FA,Outbound Call,Phone,Transaccional,Transaccional,305.0,,True,True,Neutral,-0.12,,,False,,True,True
INT-J52WQPSU0R7FKB6D,2026-06-04 11:37:28,2026-06-04,CLI-VHAYRAILMXNW,AGT-WX8WOK9XOA,Email,Email,Técnico,Técnico,,,False,True,Negativo,-0.7,colombian,mexican,True,PRD-OCNU3TOFV8DY,False,False
INT-JRE0MWM2SWIV8034,2026-06-04 22:07:04,2026-06-04,CLI-TXVHHDV5YPOG,AGT-O8NXZF1HJ6,Inbound Call,Phone,Queja,Queja,418.0,90.0,True,False,Muy Positivo,0.73,mexican,mexican,False,,False,True
INT-JNTFVNUF5I4M37PR,2026-06-05 02:11:48,2026-06-04,CLI-KTT9B9UV5KNO,AGT-5M8UV0UVSQ,Inbound Call,Phone,Queja,Queja,237.0,108.0,False,True,Muy Positivo,0.83,mexican,mexican,True,,False,True
INT-PBVIA0PT088LNKWX,2026-06-05 01:56:13,2026-06-04,CLI-LFXJ9JHZE37V,AGT-QL32ARQUQL,Inbound Call,Phone,Transaccional,Transaccional,128.0,21.0,True,False,Neutral,-0.12,,,False,,False,True
INT-X241I32ZZW5YRB16,2026-06-04 14:45:46,2026-06-04,CLI-CDQ40TSCV25B,AGT-YK02JUZBDO,Outbound Call,Phone,Transaccional,Transaccional,322.0,,True,True,Neutral,-0.18,,,False,PRD-FSOXNG1FRZKH,False,True
INT-YLQYU99RZ8VWLHVD,2026-06-04 14:15:54,2026-06-04,CLI-H2S3G9MHFSVL,AGT-2TAGK048H3,Outbound Call,Phone,Transaccional,Transaccional,178.0,,True,False,Neutral,-0.29,colombian,colombian,False,"PRD-CTD1LFIW8C0J,PRD-5ZE7HCXS6KUJ,PRD-SLN1CZ9WRH68",False,True
INT-TP1P1WXP8C2KEQ7H,2026-06-04 11:06:58,2026-06-04,CLI-PIFTN9B0FMV8,AGT-BNSM435UTT,Inbound Call,Phone,Transaccional,Transaccional,295.0,107.0,True,False,Neutral,0.16,,,False,PRD-EPC4O7CQKED4,False,True
INT-QGGXHK99LPCX92W3,2026-06-05 05:12:00,2026-06-04,CLI-HYATOCR5EC93,AGT-Z6N2FYD0RW,Inbound Call,Phone,Retención,Retención,547.0,161.0,False,True,Negativo,-0.6,mexican,mexican,False,,True,True
INT-ERCZUWVM9DF9ZJS0,2026-06-04 12:35:52,2026-06-04,CLI-799SHYYUVWEA,AGT-1KKA6IK8D9,Inbound Call,Phone,Transaccional,Transaccional,211.0,156.0,True,True,Neutral,-0.16,mexican,colombian,True,,False,True
INT-27790IU46LCM1LQP,2026-06-05 02:09:20,2026-06-04,CLI-7B54MQ637MN7,AGT-J7A6SDZWYA,Inbound Call,Phone,Retención,Retención,609.0,52.0,False,True,Neutral,0.09,colombian,colombian,False,,False,True
INT-A3HZXRFMBRD4WA50,2026-06-04 08:06:38,2026-06-04,CLI-G4HWC36AE41G,AGT-YETUBFGAV5,Inbound Call,Phone,Transaccional,Transaccional,223.0,184.0,True,False,Neutral,0.28,colombian,colombian,False,,True,True
INT-UPR1N4X2QS7PNRDM,2026-06-04 11:52:13,2026-06-04,CLI-W6SGDTDVYIOY,AGT-YD75PME3W5,Outbound Call,Phone,Queja,Queja,580.0,,True,False,Negativo,-0.52,mexican,mexican,False,"PRD-ZHNCHEATGGH3,PRD-JWSXLX7BAAWI",False,True
INT-4YVYFRV7FLDVKRER,2026-06-04 10:13:17,2026-06-04,CLI-M5HWAJZJ7MS7,AGT-R3A802XCY2,Inbound Call,Phone,Transaccional,Transaccional,170.0,87.0,True,True,Neutral,-0.16,,,False,"PRD-TDWP873XYYG8,PRD-5E50VE5VBDZM",False,True
INT-5MKH0D6JJOFSJFGW,2026-06-04 23:24:44,2026-06-04,CLI-1RVKRVZQ8DCB,AGT-S1A5VZL0SM,Inbound Call,Phone,Queja,Queja,237.0,112.0,True,False,Neutral,0.17,mexican,mexican,False,"PRD-IG0P47SDRT75,PRD-5RA3RYI4KL09",False,True
INT-NROEFPIX7ZEHHI0O,2026-06-05 04:27:17,2026-06-04,CLI-A25O687AFAFA,AGT-OK1RZJN2O9,Chat,App,Producto,Producto,,,True,False,Negativo,-0.47,mexican,mexican,False,,False,False
INT-Z2DQRK6FCMJ2046R,2026-06-04 16:13:31,2026-06-04,CLI-77W4C4Q7UTAZ,AGT-SEDL4ENT0A,Inbound Call,Phone,Técnico,Técnico,353.0,157.0,True,False,Neutral,0.1,mexican,mexican,False,,False,True
INT-6FU8KBBTSPO36ZWA,2026-06-05 06:05:00,2026-06-04,CLI-HSMQXIUZV7YX,AGT-9Q63425XXI,Inbound Call,Phone,Técnico,Técnico,289.0,0.0,True,False,Positivo,0.38,mexican,mexican,False,PRD-AH4DQLRRQIFT,False,True
INT-PM4GO09FCDH4QTOQ,2026-06-04 11:37:26,2026-06-04,CLI-25HW1M462488,AGT-POEX2CJEPP,Inbound Call,Phone,Técnico,Técnico,171.0,111.0,True,False,Positivo,0.7,,,False,,False,True
INT-R0LTH9NT9U6AEFOW,2026-06-05 04:20:32,2026-06-04,CLI-UOTOVSSVGNBU,AGT-KE2SZIG08B,Inbound Call,Phone,Comercial,Comercial,478.0,171.0,True,True,Positivo,0.64,,,False,,False,True
INT-SQ4PKJSRP1EF9ZPQ,2026-06-04 15:46:57,2026-06-04,CLI-6KPX4G79PZO5,AGT-0HU6VYEZG9,Inbound Call,Phone,Técnico,Técnico,225.0,44.0,True,False,Neutral,-0.17,mexican,mexican,False,,False,True
INT-8XB5ERRXFPB47Y4L,2026-06-04 12:31:31,2026-06-04,CLI-I0KSEMN0MJ5G,AGT-T8LM02ABDZ,Chat,WhatsApp,Queja,Queja,,,False,True,Muy Negativo,-0.86,,,False,,False,False
INT-XMD95HYXG1GF1L1Q,2026-06-04 19:29:33,2026-06-04,CLI-PC7081O216HT,AGT-G0U5QILT5N,Inbound Call,Phone,Producto,Producto,187.0,79.0,True,True,Neutral,-0.23,,,False,,False,True
INT-CGVC370Q6Y39X95O,2026-06-04 22:38:12,2026-06-04,CLI-K54PW4SQFMUG,AGT-S7G5N2BGQY,Chat,WhatsApp,Transaccional,Transaccional,,,True,False,Neutral,-0.05,,,False,PRD-NAZUK7B0HGIT,False,False
INT-GC6Y6SEZD4Z70KXO,2026-06-05 00:19:36,2026-06-04,CLI-QBHAFT7RVR66,AGT-HYDP944R1T,Inbound Call,Phone,Transaccional,Transaccional,162.0,79.0,True,False,Neutral,-0.29,colombian,colombian,False,,True,True
INT-FETXWWDJQD6UI47M,2026-06-04 10:58:35,2026-06-04,CLI-CTD8J1MULZOY,AGT-KFKEME1XFX,Outbound Call,Phone,Transaccional,Transaccional,342.0,,True,False,Neutral,0.11,,,False,"PRD-5JI0S2QOBZO1,PRD-W894N9GJXDKE",False,True
INT-QPI4S6465UQAYP9N,2026-06-04 12:11:46,2026-06-04,CLI-CW7N4C5XKHT0,AGT-KV4EE4USMU,Outbound Call,Phone,Queja,Queja,319.0,,False,True,Positivo,0.44,mexican,colombian,False,PRD-8X9U9YFFHE46,True,True
INT-0AA7JBFMASRDY7SK,2026-06-04 09:51:57,2026-06-04,CLI-869VBQT6F0LO,AGT-JPMUUWJV12,Inbound Call,Phone,Producto,Producto,297.0,104.0,False,True,Neutral,-0.25,,,False,PRD-F1J85L0S1GLT,False,True
INT-IQ862OV1X945QOGT,2026-06-04 14:54:33,2026-06-04,CLI-5MKWHQVNAWC4,AGT-SXAAPU6PMW,Inbound Call,Phone,Queja,Queja,387.0,112.0,False,True,Muy Negativo,-0.84,,,True,,False,True
INT-BD0XN43VGV6WWYBV,2026-06-05 02:55:40,2026-06-04,CLI-6KHD1PP5EQFV,AGT-7RNBB5W4CT,Inbound Call,Phone,Comercial,Comercial,771.0,225.0,False,True,Neutral,0.09,mexican,mexican,False,"PRD-YP5YJXY2QCSG,PRD-DWY2EXAB3EB0,PRD-QYBTV4ZCKAUB",False,True
INT-VKXSVFZQ97Q2H74R,2026-06-05 02:50:54,2026-06-04,CLI-XV54GAP01D4C,AGT-1B1LQT3IQC,Inbound Call,Phone,Transaccional,Transaccional,198.0,61.0,True,False,Neutral,0.01,colombian,colombian,False,,True,True
INT-KHGDLKFGS02KK1AY,2026-06-04 15:00:01,2026-06-04,CLI-5HFKT3NXDHDX,AGT-VFQGSL284E,Inbound Call,Phone,Queja,Queja,425.0,14.0,True,False,Negativo,-0.32,mexican,mexican,True,,False,True
INT-XTCOKGE0SQG09R4J,2026-06-04 20:05:07,2026-06-04,CLI-XAU8AALRMUE2,AGT-CG3PF9BZHZ,Outbound Call,Phone,Técnico,Técnico,533.0,,True,False,Negativo,-0.68,colombian,colombian,False,"PRD-HOJVEZI3YW73,PRD-XS3TX4R8BEOR,PRD-5J9JC112GP5I",False,True
INT-PEXW9I5UDTKZ0XHG,2026-06-04 22:54:40,2026-06-04,CLI-I93F0LLI64FB,AGT-OPWHZ8YA2C,Inbound Call,Phone,Transaccional,Transaccional,170.0,0.0,True,False,Neutral,0.16,mexican,mexican,False,,False,True
INT-Q42S6G9QMALRS9JJ,2026-06-04 13:36:06,2026-06-04,CLI-WT2O6WLXFN7U,AGT-6NK9TIEVN9,Inbound Call,Phone,Técnico,Técnico,460.0,149.0,True,True,Muy Negativo,-0.81,,,False,,False,True
INT-Y8XDZW2H0N77UNDU,2026-06-04 21:41:12,2026-06-04,CLI-O10NWA1QVHXV,AGT-8NE8GSGUG4,Outbound Call,Phone,Transaccional,Transaccional,224.0,,True,False,Neutral,-0.16,argentine,argentine,False,PRD-OA1HGTPVDNQ5,False,True
INT-ZWZJV81OWD7RJLEK,2026-06-05 00:08:17,2026-06-04,CLI-G1BKV7IPA8OJ,AGT-GE3FND5X2T,Chat,WhatsApp,Queja,Queja,,,False,True,Muy Positivo,0.73,mexican,mexican,False,"PRD-MCP0FIKFN9AF,PRD-UFKOJ2VWK4P9",False,False
INT-RRENDNUALJF4JGVH,2026-06-05 02:55:04,2026-06-04,CLI-N4A1RRH9GH7M,AGT-NZ064ZDOTC,Inbound Call,Phone,Transaccional,Transaccional,351.0,23.0,True,True,Neutral,0.23,,,False,,False,True
INT-QGN1PCSBAMOKN95Z,2026-06-04 14:30:35,2026-06-04,CLI-H2Y4DGGIBG1J,AGT-1SD8N8Y4VV,Inbound Call,Phone,Producto,Producto,508.0,29.0,False,True,Neutral,-0.11,mexican,mexican,True,,False,True
INT-DH5CN5DT3U4JA0SQ,2026-06-04 12:28:36,2026-06-04,CLI-BT2ZN1TUE4DZ,AGT-C7L9UKCI6Z,Email,Email,Producto,Producto,,,True,False,Neutral,0.25,colombian,colombian,False,,False,False
INT-EOP5H48IAPEUP7NQ,2026-06-04 18:39:35,2026-06-04,CLI-8P2XOULDGA8D,AGT-56XIRH3EBF,Inbound Call,Phone,Producto,Producto,280.0,169.0,True,False,Positivo,0.49,mexican,mexican,False,,False,True
INT-00OLPRAHX1SH5J7Q,2026-06-05 01:46:15,2026-06-04,CLI-G238GS781A64,AGT-WRGIA5DDCB,Chat,App,Producto,Producto,,,True,False,Neutral,0.27,,,False,,False,False
INT-DLYVRC7875DB6MAG,2026-06-05 07:37:02,2026-06-04,CLI-NZYX3GWDX5T4,AGT-70NA7XO37Z,Email,Email,Queja,Queja,,,False,True,Muy Negativo,-0.82,argentine,colombian,False,"PRD-F68RCHXJSHYK,PRD-S8KWT0F8HL3D",True,False
INT-8X0JRXUG47G1VLOY,2026-06-05 03:14:20,2026-06-04,CLI-UQY2GW579R8X,AGT-1G6T32CON1,Inbound Call,Phone,Producto,Producto,229.0,205.0,True,False,Muy Negativo,-0.94,mexican,mexican,False,,False,True
INT-5E2TU1MQLYCHHD6H,2026-06-05 01:36:34,2026-06-04,CLI-VH2CRU8M6M90,AGT-Z5RWNRU08X,Inbound Call,Phone,Transaccional,Transaccional,260.0,116.0,True,False,Neutral,0.0,,,False,,False,True
INT-SPZCU36FG1CM55TS,2026-06-04 17:38:05,2026-06-04,CLI-YBZ149FNCO04,AGT-9C6BRHB25D,Chat,Web Chat,Transaccional,Transaccional,,,True,False,Neutral,-0.14,colombian,mexican,False,,False,False
INT-EXA8G03PHY50CSSX,2026-06-04 13:03:37,2026-06-04,CLI-TQYXF5RBUVOF,AGT-8JD6LDRA82,Inbound Call,Phone,Transaccional,Transaccional,175.0,137.0,True,False,Neutral,-0.14,,,False,,False,True
INT-XXDNJA1CN7Y65XQR,2026-06-04 11:52:59,2026-06-04,CLI-Z3A6M1SL7ZRR,AGT-69430CDLET,Inbound Call,Phone,Transaccional,Transaccional,158.0,143.0,True,False,Neutral,-0.16,mexican,mexican,False,"PRD-IBNHTP1P21Y3,PRD-Q66XJN3N81SN",False,True
INT-JKM2OQUB5MXAREHD,2026-06-05 02:46:20,2026-06-04,CLI-2RURQQ5WFXGF,AGT-O41ZQQO47Y,Outbound Call,Phone,Comercial,Comercial,589.0,,True,False,Positivo,0.49,mexican,mexican,False,PRD-YSPFO6WH17RK,False,True
INT-1EF5GDN7J3I2T3VR,2026-06-05 03:01:10,2026-06-04,CLI-UK1WGB982X94,AGT-9A52G9KAKH,Inbound Call,Phone,Comercial,Comercial,767.0,88.0,True,True,Positivo,0.45,,,False,"PRD-LYIRS0M4DA2W,PRD-QYVRNKU6JP9S,PRD-1K59GR38OSIB",False,True
INT-W36IS4J93H34JDEZ,2026-06-05 00:03:54,2026-06-04,CLI-LUMH0V1GDYMQ,AGT-0HSFPWDJF1,Inbound Call,Phone,Comercial,Comercial,626.0,106.0,True,True,Negativo,-0.33,,,False,,False,True
INT-0JN92JN4INOOZCHK,2026-06-05 03:51:17,2026-06-04,CLI-12RL35F56YGM,AGT-VCHYT34SD6,Inbound Call,Phone,Transaccional,Transaccional,283.0,63.0,True,False,Neutral,0.05,,,False,,True,True
INT-LC0CT99U7BS1UGFZ,2026-06-04 10:53:03,2026-06-04,CLI-KPQ8TZHBJMLL,AGT-B0WCQUOFHF,Chat,Web Chat,Técnico,Técnico,,,True,False,Neutral,0.25,,,True,PRD-AOI6N8NTMZL4,False,False
INT-GU4FBV678Q98R72P,2026-06-05 01:52:05,2026-06-04,CLI-E7O1XLTCQQYJ,AGT-MV4RR3NAKS,Inbound Call,Phone,Técnico,Técnico,261.0,123.0,False,True,Muy Positivo,0.72,mexican,mexican,True,,False,True
INT-NEK497Q6ZWSORWA7,2026-06-04 14:22:26,2026-06-04,CLI-T8NM87K08BZI,AGT-QMHTY08PP0,Inbound Call,Phone,Transaccional,Transaccional,230.0,72.0,False,True,Neutral,0.3,mexican,colombian,False,,False,True
INT-BNK9H07GXV6C990C,2026-06-05 05:32:45,2026-06-04,CLI-5EFV4RJOVL07,AGT-MZOYQF5IHG,Inbound Call,Phone,Producto,Producto,270.0,132.0,True,False,Neutral,0.07,,,False,,False,True
INT-C9Z1S5IXKKZB4JBM,2026-06-04 18:32:47,2026-06-04,CLI-S5LCCVRUXU52,AGT-95LE7E26SA,Chat,App,Producto,Producto,,,True,False,Neutral,-0.23,,,False,"PRD-6QGKYY6A6PZH,PRD-6TTWX9HCQVMW",False,False
INT-YT7XSH70CH7H0FME,2026-06-05 04:13:22,2026-06-04,CLI-BNTNICRLZMJM,AGT-70NA7XO37Z,Inbound Call,Phone,Técnico,Técnico,398.0,0.0,True,True,Positivo,0.44,argentine,argentine,False,"PRD-C10RX89F8VB0,PRD-CHG31PND7XDL",False,True
INT-P21IFZ6I2QC2XHR0,2026-06-04 17:24:40,2026-06-04,CLI-IZWYGMOWX5M4,AGT-64T08W0ODF,Inbound Call,Phone,Producto,Producto,256.0,79.0,False,True,Neutral,-0.03,mexican,mexican,False,,False,True
INT-KTW8FYWLO71V19O3,2026-06-04 20:00:47,2026-06-04,CLI-IXANRB89GU5Z,AGT-Q8AGV9WXXS,Inbound Call,Phone,Producto,Producto,162.0,34.0,True,False,Neutral,-0.14,mexican,colombian,False,PRD-N7N9DJ0DXY0P,True,True
INT-GK8M46UBII3IFRQC,2026-06-05 03:17:25,2026-06-04,CLI-LUHLRBED3E3N,AGT-4BISGJA4OM,Email,Email,Transaccional,Transaccional,,,True,False,Neutral,-0.12,,,False,,False,False
INT-7EB6RPE62HU43LQR,2026-06-05 00:02:14,2026-06-04,CLI-7ZEE1WKZ75R2,AGT-R3A802XCY2,Inbound Call,Phone,Transaccional,Transaccional,276.0,64.0,True,True,Neutral,0.24,,,False,,True,True
INT-W5PKYINVCH7KUABE,2026-06-04 21:09:07,2026-06-04,CLI-3T38GDMF1ED3,AGT-0FULA5JB42,Inbound Call,Phone,Comercial,Comercial,537.0,248.0,False,True,Positivo,0.68,colombian,mexican,False,,False,True
INT-0QWLVMCE0XZXTB46,2026-06-04 18:40:16,2026-06-04,CLI-GHOUEC12YCZ9,AGT-GF86DSKF59,Inbound Call,Phone,Transaccional,Transaccional,237.0,61.0,True,False,Neutral,0.2,mexican,mexican,False,,False,True
INT-XDNCVO8JLHL5BVGG,2026-06-04 09:12:27,2026-06-04,CLI-FAO0CFSEZMKE,AGT-JI4AFYODD7,Inbound Call,Phone,Transaccional,Transaccional,172.0,53.0,True,False,Neutral,-0.08,colombian,colombian,False,,False,True
INT-18RN7ILA8TRLE46E,2026-06-04 11:54:11,2026-06-04,CLI-OJZ9B81M1VW3,AGT-3MU2T4LM27,Outbound Call,Phone,Transaccional,Transaccional,230.0,,True,False,Neutral,-0.15,,,False,,False,True
INT-0H6X50YTMY25OO4E,2026-06-04 22:56:04,2026-06-04,CLI-9MJDZDEN7M2P,AGT-J05KMZT48E,Outbound Call,Phone,Comercial,Comercial,189.0,,False,True,Positivo,0.31,,,True,,False,True
INT-J7OBDK7ZKKAK8ELL,2026-06-04 21:26:00,2026-06-04,CLI-DJ2PIRKNGQ3G,AGT-57JWQAKI57,Inbound Call,Phone,Técnico,Técnico,499.0,234.0,True,False,Neutral,0.27,mexican,mexican,False,PRD-CHENR5489XEI,False,True
INT-3KCP82MKJDE6Q8KT,2026-06-04 14:57:35,2026-06-04,CLI-CYFEQ5Z83BE7,AGT-I6R1T9IKUL,Inbound Call,Phone,Queja,Queja,343.0,132.0,False,True,Negativo,-0.56,,,False,,False,True
INT-IM4GAGO4OUW8J08R,2026-06-05 02:46:58,2026-06-04,CLI-PBX8O8M9LCBJ,AGT-7XMY5AHEK5,Chat,App,Producto,Producto,,,True,False,Neutral,-0.02,,,False,,False,False
INT-3NRI6X4HRYDRDTQ5,2026-06-04 23:42:42,2026-06-04,CLI-H75MOGTAFSPO,AGT-613L388D8L,Inbound Call,Phone,Transaccional,Transaccional,146.0,200.0,True,False,Neutral,-0.09,colombian,colombian,False,"PRD-QUWQFKY90QK2,PRD-9NYSN2TM2P5W,PRD-MRHDHFGRA8B4",True,True
INT-1ZZWYSRX5CUND0ZS,2026-06-04 09:39:41,2026-06-04,CLI-D6UBNWIJPYK6,AGT-93R1FEUZ8C,Inbound Call,Phone,Transaccional,Transaccional,172.0,62.0,True,False,Neutral,-0.23,mexican,mexican,False,"PRD-P7C9IT742J9M,PRD-R6DHPGEB7E4E,PRD-3SOG5SDK0TRJ",True,True
INT-V4OPFVFDFKHI07IE,2026-06-05 04:50:34,2026-06-04,CLI-JS9PWGP8BRUA,AGT-9WKZ1BVX91,Inbound Call,Phone,Producto,Producto,166.0,176.0,True,True,Neutral,0.28,,,False,,False,True
INT-TABCR4MGX1JY2X9E,2026-06-05 02:06:29,2026-06-04,CLI-P04CKKVXGLRC,AGT-PFD0CBGK7V,Inbound Call,Phone,Producto,Producto,163.0,193.0,True,False,Positivo,0.46,argentine,argentine,False,,False,True
INT-CSRVX3PQBVM89YF0,2026-06-04 22:41:21,2026-06-04,CLI-YVF2YPN8G6N7,AGT-8NM2UHJMKP,Email,Email,Transaccional,Transaccional,,,True,True,Neutral,-0.28,colombian,mexican,True,,False,False
INT-KKV8W24Z8QW1A9GD,2026-06-04 13:17:48,2026-06-04,CLI-482XYOGSIT3Q,AGT-09L5Z8WQAS,Inbound Call,Phone,Producto,Producto,333.0,128.0,True,False,Muy Positivo,0.88,colombian,colombian,False,,True,True
INT-QTZJ9P5OGRD1MAMQ,2026-06-05 07:59:19,2026-06-04,CLI-YPN2RZVX63NT,AGT-VH1MSPB0E8,Inbound Call,Phone,Producto,Producto,74.0,31.0,True,False,Positivo,0.46,argentine,mexican,False,,False,True
INT-5DVD682DGRK4FNQP,2026-06-05 04:40:33,2026-06-04,CLI-A5C8EHQU5N4V,AGT-VJO068ZKEB,Inbound Call,Phone,Producto,Producto,355.0,128.0,True,False,Neutral,0.26,colombian,colombian,False,"PRD-UKIEIEMLME7Z,PRD-8Z2MW829ISB8",True,True
INT-YZ8PJD0AYYX43ZEE,2026-06-05 04:57:38,2026-06-04,CLI-I30A6F1SMPMN,AGT-QZGRW0TABQ,Inbound Call,Phone,Comercial,Comercial,615.0,105.0,True,False,Neutral,-0.29,,,False,,False,True
INT-LQKLR7MZ63J1380K,2026-06-05 03:13:37,2026-06-04,CLI-9FG0SFGAZ2T7,AGT-DU4UVAV6TT,Inbound Call,Phone,Técnico,Técnico,314.0,237.0,True,True,Negativo,-0.35,mexican,argentine,False,PRD-0BIZTU42O2VU,True,True
INT-7FC06KH2C0K8ZZSI,2026-06-05 02:17:55,2026-06-04,CLI-Y28KXY22F1CC,AGT-ABM94FMVNF,Inbound Call,Phone,Producto,Producto,266.0,169.0,True,False,Muy Negativo,-0.99,,,False,"PRD-VNGY6E3MP319,PRD-EME4AJYBT341",True,True
INT-57R14CSUIR7VJXYA,2026-06-05 03:33:43,2026-06-04,CLI-69YGJ2BU1ZGD,AGT-TSSIHYMD02,Inbound Call,Phone,Transaccional,Transaccional,183.0,47.0,True,False,Neutral,-0.28,colombian,colombian,False,,False,True
INT-9891VS1MNBY6GM7K,2026-06-04 23:20:28,2026-06-04,CLI-K46ILSVT5Q4F,AGT-MSMPY4CS16,Inbound Call,Phone,Transaccional,Transaccional,213.0,103.0,True,False,Neutral,0.09,argentine,argentine,False,"PRD-RSIYKCP80299,PRD-QKZXN9ARKNJE",False,True
INT-QQQFRI854Y18WH25,2026-06-04 20:04:42,2026-06-04,CLI-NU6UHSWL9N9V,AGT-DDPUZDGTDB,Outbound Call,Phone,Transaccional,Transaccional,287.0,,True,False,Neutral,0.04,,,False,,False,True
INT-YH5A0OPSYOT6EBL7,2026-06-04 13:40:30,2026-06-04,CLI-LBT451F9K5AM,AGT-X49CRHRG9G,Inbound Call,Phone,Técnico,Técnico,302.0,131.0,False,True,Muy Negativo,-0.8,argentine,argentine,False,PRD-74SW03TDBOW3,False,True
INT-E8YSN8CQ7N0L7TPE,2026-06-05 06:01:44,2026-06-04,CLI-6JB0WN4TN48F,AGT-XFI8BBQDEY,Inbound Call,Phone,Técnico,Técnico,331.0,152.0,True,False,Neutral,-0.01,mexican,mexican,True,PRD-NVRBVNXOAXGK,False,True
INT-3TX1O8RC5GM8QIB2,2026-06-04 19:48:47,2026-06-04,CLI-1U4BHQ54V7Y3,AGT-V5U9CYHX0U,Outbound Call,Phone,Comercial,Comercial,606.0,,True,False,Neutral,0.18,mexican,mexican,False,,True,True
INT-ZOW7N3T0KZTLDZG7,2026-06-04 08:57:42,2026-06-04,CLI-UWNX3T0FQPTR,AGT-FXUY55EOMM,Inbound Call,Phone,Queja,Queja,158.0,72.0,False,True,Muy Positivo,0.97,mexican,mexican,False,PRD-EB34236QP2SU,True,True
INT-ZONLPAZX0GLLILWY,2026-06-04 11:36:06,2026-06-04,CLI-01U8TT0WOY3D,AGT-4XB5JSV7Y6,Inbound Call,Phone,Transaccional,Transaccional,111.0,96.0,True,False,Neutral,0.21,colombian,colombian,False,,False,True
INT-3VTNX053424XK743,2026-06-05 00:56:18,2026-06-04,CLI-V59ZLR9AL6WT,AGT-ZAYJ41JB3A,Inbound Call,Phone,Transaccional,Transaccional,249.0,63.0,True,False,Neutral,-0.01,,,False,,False,True
INT-5FU0DJYH621Y8TZ8,2026-06-04 13:09:27,2026-06-04,CLI-QO0I3FN83U91,AGT-XFI8BBQDEY,Inbound Call,Phone,Producto,Producto,487.0,99.0,True,True,Neutral,0.25,,,False,PRD-N58UGXNKCO6F,True,True
INT-Z75DNNM84K836JBC,2026-06-05 07:18:09,2026-06-04,CLI-BVC0RXAK1PRP,AGT-UPPMVKAUI7,Video,Web,Queja,Queja,560.0,,False,True,Neutral,0.02,colombian,mexican,False,"PRD-S3B95YC1S45H,PRD-05LGF622M1LA,PRD-E8EDMVRHKY4B",False,True
INT-4QVIRD66Y8WW1BA4,2026-06-04 11:24:46,2026-06-04,CLI-3J4JRCCGH5H9,AGT-ISFC80OYCB,Chat,WhatsApp,Producto,Producto,,,True,False,Neutral,0.0,,,False,"PRD-139OX2GUMCGN,PRD-KAARGWLSMLQF",False,False
INT-FZJCVHFUTXW0AHN6,2026-06-04 09:42:23,2026-06-04,CLI-3RWDFYTIW8U3,AGT-E76DUY8F1G,Inbound Call,Phone,Transaccional,Transaccional,79.0,174.0,True,False,Neutral,-0.18,mexican,argentine,True,,False,True
INT-Q0SVDB4OA89FC1CI,2026-06-04 13:48:06,2026-06-04,CLI-FMI312F756TB,AGT-P6MGML9D12,Inbound Call,Phone,Técnico,Técnico,394.0,8.0,True,False,Positivo,0.5,mexican,mexican,False,,False,True
INT-4RO9MOCA5JLL8ZXY,2026-06-04 23:58:35,2026-06-04,CLI-NRARQDVPSVC0,AGT-S2RR13SI24,Inbound Call,Phone,Comercial,Comercial,548.0,226.0,True,True,Muy Negativo,-0.95,,,False,,False,True
INT-ZNSXENQ1ZUV3MV9E,2026-06-04 08:48:55,2026-06-04,CLI-DU18PUNLNV0T,AGT-M8CHINA9AC,Inbound Call,Phone,Producto,Producto,232.0,69.0,True,False,Muy Negativo,-0.81,colombian,colombian,False,,True,True
INT-SKNNJOGZY8QCMXPM,2026-06-05 05:42:57,2026-06-04,CLI-4P4ZTB0QZF3F,AGT-NOB5KS50MS,Inbound Call,Phone,Comercial,Comercial,578.0,115.0,False,True,Negativo,-0.68,colombian,colombian,False,,True,True
INT-VF9BHH5MHED7FSEG,2026-06-04 14:11:19,2026-06-04,CLI-12UIX0POOOW4,AGT-326LXCPIBX,Inbound Call,Phone,Transaccional,Transaccional,279.0,145.0,True,False,Neutral,0.08,,,False,,False,True
INT-FY8LCYKGORI65YE9,2026-06-05 05:00:00,2026-06-04,CLI-78KP4YSLCJWB,AGT-WCPI68FFI5,Outbound Call,Phone,Queja,Queja,448.0,,False,True,Neutral,-0.11,argentine,argentine,False,"PRD-FIG2QJYMR71Z,PRD-RLG9YQKM8VFA",False,True
INT-SLNR8WR3FJ78P6XW,2026-06-05 05:06:27,2026-06-04,CLI-NYY6LVWF4TKU,AGT-ZGEFMIKG5G,Inbound Call,Phone,Transaccional,Transaccional,235.0,58.0,True,False,Neutral,0.28,,,False,PRD-TFWK3LPEB5S4,False,True
INT-UZKQNIZ5N6XV4AC2,2026-06-05 07:46:04,2026-06-04,CLI-KW4RBMEL9R48,AGT-ZRQW0ATSEE,Inbound Call,Phone,Transaccional,Transaccional,136.0,147.0,True,False,Neutral,0.26,argentine,argentine,False,,False,True
INT-R0B7R6UOIT1R29GL,2026-06-04 19:57:22,2026-06-04,CLI-HGK0BF8PAF4H,AGT-1ASM7PTCSR,Inbound Call,Phone,Producto,Producto,196.0,194.0,False,True,Negativo,-0.63,argentine,argentine,False,,True,True
INT-P0LPUCEMFA3N2RFY,2026-06-05 00:28:48,2026-06-04,CLI-XNKXRMMOUQJN,AGT-PHF1BNC7Z2,Inbound Call,Phone,Producto,Producto,375.0,155.0,True,False,Negativo,-0.46,,,False,"PRD-F939KOY2W2GF,PRD-HINRN4V51M6R",False,True
INT-IM2UOEWXG4BCLKP5,2026-06-04 22:36:04,2026-06-04,CLI-OQSJNYGVLY4E,AGT-FIE8TXT3PM,Inbound Call,Phone,Queja,Queja,653.0,70.0,True,False,Neutral,-0.18,mexican,colombian,False,"PRD-S0OT2R35SU0X,PRD-UX9GHQ7LXHC7",False,True
INT-39HB5D4027KIKWXT,2026-06-04 19:41:49,2026-06-04,CLI-6DSU8PD3ITRT,AGT-HX94J4BGWF,Outbound Call,Phone,Transaccional,Transaccional,224.0,,True,False,Neutral,-0.02,,,False,PRD-WQDW0RW8B5YD,False,True
INT-6RCSH2EW2INQI9NG,2026-06-04 22:14:06,2026-06-04,CLI-26I688ESGHVM,AGT-BT05WAA543,Chat,WhatsApp,Queja,Queja,,,False,True,Neutral,0.04,mexican,mexican,False,,False,False
INT-4T8P6DN6BM6Q749T,2026-06-04 11:46:09,2026-06-04,CLI-0Z1KOBGUYFB5,AGT-2GSO6ODA8L,Inbound Call,Phone,Transaccional,Transaccional,242.0,85.0,True,False,Neutral,-0.25,argentine,mexican,False,,False,True
INT-J6BR7BAMHDMZRT1F,2026-06-04 15:38:56,2026-06-04,CLI-3N1REE5WYWOS,AGT-WCPI68FFI5,Inbound Call,Phone,Producto,Producto,330.0,114.0,True,False,Neutral,-0.15,,,False,PRD-B61EEAESJOV3,True,True
INT-PWNIA1DXACA50AEW,2026-06-04 11:00:13,2026-06-04,CLI-7PWD599OPL82,AGT-EC4OBWIIR0,Inbound Call,Phone,Queja,Queja,606.0,177.0,False,True,Negativo,-0.44,,,False,"PRD-MU8LB11LW1IP,PRD-9WGC12RV7CDH",True,True
INT-TLHPGBSF674O6924,2026-06-04 13:39:24,2026-06-04,CLI-OER8550O97EV,AGT-UPO580RUGH,Inbound Call,Phone,Producto,Producto,183.0,158.0,True,False,Neutral,0.18,colombian,colombian,False,,True,True
INT-8CPNJBCP1GSC80WQ,2026-06-05 07:38:09,2026-06-04,CLI-5YTZN7UPAA8X,AGT-43DO0TIZK2,Outbound Call,Phone,Transaccional,Transaccional,199.0,,True,True,Neutral,0.0,mexican,mexican,False,"PRD-HUPF5A9M517X,PRD-OYJQ1ZI0L19F",True,True
INT-3RW5FZV7DEW5LIF2,2026-06-04 17:12:08,2026-06-04,CLI-T7VMG6R9Y9H1,AGT-XWXZV5ZJKY,Chat,App,Transaccional,Transaccional,,,True,False,Neutral,-0.08,,,False,"PRD-GU1MRCEGXL3H,PRD-9PC7QIZKWJFW",False,False
INT-KKQ3R1I0Y07BZVZ5,2026-06-04 12:33:26,2026-06-04,CLI-1LH5C945S5Y1,AGT-DJ2LBQOGP3,Chat,App,Producto,Producto,,,True,True,Muy Negativo,-0.71,mexican,mexican,False,,True,False
INT-3E13W11VGNARN0YN,2026-06-04 12:47:16,2026-06-04,CLI-VGYJWDJNMDLC,AGT-LWI6FT9AYN,Chat,App,Retención,Retención,,,False,True,Muy Negativo,-0.88,mexican,mexican,False,"PRD-56YI0OVV6I58,PRD-7AA5G2Z0105D",False,False
INT-A7239SAT1F3DH1US,2026-06-04 08:23:23,2026-06-04,CLI-8CG06OHL6QD2,AGT-8TUK3OR0F6,Inbound Call,Phone,Transaccional,Transaccional,138.0,130.0,True,False,Neutral,0.2,,,False,,False,True
INT-S7NG55JSJQ0B3V0L,2026-06-05 05:14:24,2026-06-04,CLI-HZZ6R8RPAVJ0,AGT-CJHWID6B7W,Outbound Call,Phone,Transaccional,Transaccional,123.0,,True,False,Neutral,0.1,argentine,argentine,False,PRD-STYJX06ZM0W6,False,True
INT-J9597AJJ47M70PW8,2026-06-04 20:05:03,2026-06-04,CLI-KS1HC76EJ01Z,AGT-SVZFVPVPBC,Inbound Call,Phone,Producto,Producto,331.0,125.0,True,False,Neutral,0.14,colombian,mexican,True,PRD-203I2LKC60JE,True,True
INT-J7J8ANBWOVFOZYCX,2026-06-05 05:40:57,2026-06-04,CLI-GX6O0D1SBPQX,AGT-JPATDOZLSQ,Inbound Call,Phone,Producto,Producto,398.0,116.0,True,False,Positivo,0.5,colombian,colombian,False,,False,True
INT-W11H7MYEX1PKMQ51,2026-06-04 19:08:16,2026-06-04,CLI-JM3SF54LTY5B,AGT-GJ089YSJS0,Inbound Call,Phone,Producto,Producto,395.0,68.0,True,False,Neutral,-0.18,,,False,PRD-I5W5KMF36UK6,True,True
INT-09JS79F4I85QLREW,2026-06-04 20:09:02,2026-06-04,CLI-00TMN901WXWC,AGT-N766EWP73G,Inbound Call,Phone,Técnico,Técnico,418.0,93.0,True,True,Neutral,-0.01,mexican,mexican,False,,False,True
INT-8LYSTFAXTCOTQDD9,2026-06-05 04:25:34,2026-06-04,CLI-7TTEFE5Q1BXE,AGT-83LR6Q5GXW,Inbound Call,Phone,Transaccional,Transaccional,117.0,259.0,True,False,Neutral,-0.09,argentine,argentine,False,,False,True
INT-VDW3Q6UW4BYV2BAJ,2026-06-04 08:40:16,2026-06-04,CLI-WJMO1XMWRI5Y,AGT-0SK7J9FAUM,Chat,App,Transaccional,Transaccional,,,True,False,Neutral,-0.25,,,False,"PRD-XCSF36EXQSB9,PRD-76U4CYJP8WQF,PRD-K0M6K95IN2JA",True,False
INT-W2KBO0KJZC5GOF8L,2026-06-04 09:13:38,2026-06-04,CLI-8WFSV1TRL01R,AGT-OHDGRCT0SL,Chat,WhatsApp,Transaccional,Transaccional,,,True,True,Neutral,0.07,,,False,,True,False
INT-3QJBM4IABOLSYOEY,2026-06-04 14:17:36,2026-06-04,CLI-NVNZ0KHSGELO,AGT-F19RDFACNQ,Inbound Call,Phone,Comercial,Comercial,404.0,186.0,True,False,Neutral,0.22,mexican,mexican,False,,False,True
INT-RR2VBQFVKWQBRMHL,2026-06-05 06:28:33,2026-06-04,CLI-NVRLQM4LCYA7,AGT-YG53JDQFB2,Inbound Call,Phone,Transaccional,Transaccional,235.0,160.0,True,False,Neutral,-0.11,argentine,argentine,False,"PRD-1D872SDFMKIC,PRD-92NDDEUTCRFQ",False,True
INT-994RVFJ4STVKGJD4,2026-06-05 00:31:44,2026-06-04,CLI-0BZNXP493N7G,AGT-H4UGWG3OUB,Inbound Call,Phone,Producto,Producto,214.0,124.0,True,False,Neutral,0.29,mexican,mexican,False,"PRD-NTU78GLOH4GK,PRD-P38TMANI8SBU,PRD-25SW36V5VIVZ",False,True
INT-STYIIY3CYVA66IXD,2026-06-04 14:26:17,2026-06-04,CLI-X4MGW8ZT5WRC,AGT-HQP1WC8P45,Inbound Call,Phone,Comercial,Comercial,740.0,139.0,True,False,Neutral,0.05,mexican,mexican,False,,False,True
INT-MGJK6PC1EQXA514V,2026-06-04 09:11:18,2026-06-04,CLI-ACFEUK440BHJ,AGT-POXBE49GFN,Inbound Call,Phone,Transaccional,Transaccional,191.0,70.0,True,False,Neutral,-0.03,mexican,mexican,False,,False,True
INT-4LKGTJVLIKA1EG9H,2026-06-04 23:48:39,2026-06-04,CLI-4ZHZDRTXRF73,AGT-35OZPMG5XY,Inbound Call,Phone,Producto,Producto,271.0,111.0,True,True,Negativo,-0.68,mexican,mexican,False,"PRD-W4NZVSSPUNFF,PRD-QYHPLFU4K7WL",True,True
INT-K3X135XV3EH4RQUU,2026-06-04 21:35:51,2026-06-04,CLI-ET6CX013R8M2,AGT-TDSG1W6IY6,Outbound Call,Phone,Queja,Queja,335.0,,True,True,Neutral,0.28,mexican,mexican,False,,False,True
INT-HWQX6PVF6P8XPDYF,2026-06-04 18:58:29,2026-06-04,CLI-8Z2CMVXA30P5,AGT-14RK669CGW,Outbound Call,Phone,Producto,Producto,340.0,,True,False,Negativo,-0.38,,,False,,False,True
INT-KHDXUOA3SMNVB53V,2026-06-04 18:02:38,2026-06-04,CLI-XTRZWITY9BCE,AGT-0ZKRYC3TIP,Inbound Call,Phone,Técnico,Técnico,139.0,87.0,True,False,Negativo,-0.45,mexican,mexican,False,,False,True
INT-D9HKBFOPCF19SXB4,2026-06-04 09:23:06,2026-06-04,CLI-MZKUSMCZFPJR,AGT-7YHGZDPWRS,Email,Email,Técnico,Técnico,,,True,False,Muy Negativo,-0.81,argentine,argentine,False,,False,False
INT-9MD4LE2K04TBWWI4,2026-06-05 04:19:57,2026-06-04,CLI-HQQ6XQ33933F,AGT-MHI1U65RWO,Outbound Call,Phone,Técnico,Técnico,448.0,,True,False,Neutral,0.26,,,False,,False,True
INT-TWQOOYVEEZ4E3NKU,2026-06-04 12:46:24,2026-06-04,CLI-RXABCFVO86U4,AGT-4V9XEWH73V,Inbound Call,Phone,Queja,Queja,402.0,174.0,True,False,Muy Negativo,-0.84,,,False,,False,True
INT-2BG15QOM3OJKYBPU,2026-06-04 09:05:35,2026-06-04,CLI-ZNS2VPW2YBDS,AGT-TNHZ3RSZAP,Outbound Call,Phone,Transaccional,Transaccional,177.0,,True,False,Neutral,-0.0,,,False,,False,True
INT-ZV3SCIVGOOEU47V6,2026-06-05 04:51:51,2026-06-04,CLI-W3YCN1PTEE4F,AGT-36I8H8V3IO,Inbound Call,Phone,Técnico,Técnico,365.0,114.0,False,True,Muy Positivo,0.83,,,False,,False,True
INT-ETV9VZW0FK8GBFSK,2026-06-05 02:15:23,2026-06-04,CLI-N83E96BA9QNV,AGT-OLO1I269KS,Inbound Call,Phone,Queja,Queja,684.0,111.0,True,False,Positivo,0.7,mexican,mexican,False,,True,True
INT-SBPGDCCAX2NIFZRX,2026-06-04 16:15:46,2026-06-04,CLI-DOWV4WC62J9C,AGT-E2Y5OZOV43,Inbound Call,Phone,Producto,Producto,286.0,125.0,True,False,Neutral,-0.24,mexican,argentine,False,,False,True
INT-X4P0OU2IO3H4JA8D,2026-06-04 21:42:56,2026-06-04,CLI-WAECSTDOSVGS,AGT-QJDRG08QEG,Inbound Call,Phone,Producto,Producto,278.0,101.0,True,False,Negativo,-0.34,,,False,,False,True
INT-3257M61RUTMLNJWO,2026-06-05 02:06:04,2026-06-04,CLI-OYO99SH6AUGX,AGT-V879G2OOFG,Inbound Call,Phone,Técnico,Técnico,295.0,181.0,True,True,Neutral,-0.06,argentine,argentine,False,"PRD-P9QS4H9D30Y4,PRD-W7QAY50BD8KF,PRD-4XS29H1FID9R",False,True
INT-87J4QL6A7ZWHLNJ9,2026-06-04 23:15:33,2026-06-04,CLI-7FDBRW3LYCNY,AGT-A32ZNV9PWA,Email,Email,Queja,Queja,,,True,False,Neutral,-0.1,colombian,mexican,False,,True,False
INT-K33PWPY6XJJIHWPW,2026-06-04 18:55:51,2026-06-04,CLI-NDVS0ZLELKIB,AGT-YD75PME3W5,Inbound Call,Phone,Producto,Producto,350.0,112.0,True,True,Neutral,-0.11,argentine,argentine,False,,False,True
INT-96V07LMVNTA7ALBH,2026-06-04 15:34:39,2026-06-04,CLI-COGN3LNV52UY,AGT-3JXWWT2USN,Inbound Call,Phone,Transaccional,Transaccional,204.0,54.0,True,False,Neutral,-0.12,,,False,"PRD-XZO9ZXC6RYM3,PRD-ZOOIWHLSI8BR,PRD-ZNY3CLMDIERE",True,True
INT-WPB6NMN20Y04KUGN,2026-06-04 16:03:45,2026-06-04,CLI-OWBWWZZ9WEI5,AGT-AUOTS7C4F3,Inbound Call,Phone,Comercial,Comercial,353.0,154.0,True,False,Negativo,-0.52,,,False,"PRD-2EXWTZFQWEAP,PRD-E2L7YQRXV8M6,PRD-JTJAZQ7NVV0S",False,True
INT-VALLU65X7I0H1582,2026-06-05 01:55:49,2026-06-04,CLI-6VST9D2KRL4J,AGT-PX17SVBBET,Inbound Call,Phone,Queja,Queja,517.0,108.0,True,False,Negativo,-0.47,mexican,mexican,False,,False,True
INT-HO85DEW7XUSJ26L0,2026-06-04 09:05:44,2026-06-04,CLI-E5IXW6GSBWNL,AGT-ABUH5G23QO,Inbound Call,Phone,Comercial,Comercial,316.0,148.0,True,False,Neutral,-0.27,mexican,argentine,True,,False,True
INT-WU4GZHW2203SC9UK,2026-06-05 02:21:29,2026-06-04,CLI-DQKHNLBDJMH7,AGT-DJ2LBQOGP3,Inbound Call,Phone,Transaccional,Transaccional,133.0,168.0,True,True,Neutral,-0.2,argentine,argentine,False,"PRD-OP1YD3WZ3PNH,PRD-QGUMMK076GA9",False,True
INT-X221Y93AX6X3YUPV,2026-06-04 20:27:38,2026-06-04,CLI-K28B4T6X71T2,AGT-BUE4IHI1P1,Inbound Call,Phone,Técnico,Técnico,435.0,105.0,True,False,Muy Negativo,-0.81,mexican,mexican,False,,True,True
INT-1M0BY0U910SM4AFJ,2026-06-04 09:10:01,2026-06-04,CLI-QG7Y83GJ510N,AGT-G4VQ2XMN69,Inbound Call,Phone,Producto,Producto,146.0,222.0,True,False,Negativo,-0.43,,,True,,False,True
INT-C8BHZDJFSOC2F0OT,2026-06-04 15:28:19,2026-06-04,CLI-8BFP742HTN9J,AGT-MJV5NGFRQL,Inbound Call,Phone,Producto,Producto,199.0,95.0,True,False,Negativo,-0.58,,,False,PRD-IW3X08EBAI5A,False,True
INT-DNSQMLP6RYBXS1OV,2026-06-05 07:04:07,2026-06-04,CLI-PYEAK9C2VU8L,AGT-QYLO3MENQW,Chat,WhatsApp,Queja,Queja,,,True,False,Muy Negativo,-0.85,mexican,mexican,False,,False,False
INT-0V3QOLD6AA1NILP1,2026-06-05 00:40:39,2026-06-04,CLI-LSWRINEGQ2XU,AGT-8NE8GSGUG4,Inbound Call,Phone,Queja,Queja,579.0,1.0,False,True,Positivo,0.34,,,False,,False,True
INT-4G26KNERWFDZ5Q8I,2026-06-05 04:37:23,2026-06-04,CLI-EG8N3Q94ZCKH,AGT-1999NR0BNU,Inbound Call,Phone,Técnico,Técnico,385.0,164.0,True,False,Muy Negativo,-0.75,mexican,mexican,False,PRD-RJQY3TZS1C5C,False,True
INT-INDU6BNERG9Z0ENK,2026-06-04 20:01:01,2026-06-04,CLI-B1UKCD7YC38X,AGT-772KZJ3QLS,Inbound Call,Phone,Transaccional,Transaccional,417.0,100.0,True,False,Neutral,-0.03,,,False,,False,True
INT-0EB7C9028ACONLDA,2026-06-05 07:17:47,2026-06-04,CLI-6H5IT8H68QQI,AGT-46FCJ4R4BY,Chat,App,Producto,Producto,,,True,False,Neutral,0.01,mexican,mexican,False,,False,False
INT-46K0MONZZ82CG3FH,2026-06-04 23:52:45,2026-06-04,CLI-ELS8YZHEDC5B,AGT-35OZPMG5XY,Chat,Web Chat,Queja,Queja,,,True,False,Muy Positivo,0.98,mexican,mexican,False,,False,False
INT-7XXL9QJQDQ754RUN,2026-06-04 16:01:55,2026-06-04,CLI-7O8QCPY5U96F,AGT-R03JWT0EJ6,Chat,Web Chat,Comercial,Comercial,,,True,False,Negativo,-0.67,argentine,argentine,False,"PRD-3V2W46RG4PNI,PRD-T12EW0TVDWRC,PRD-UDNU5TCH1146",True,False
INT-45FSR684LA5YU4XY,2026-06-04 19:41:31,2026-06-04,CLI-D3QJDX05W4MV,AGT-PK5PH38NS1,Inbound Call,Phone,Queja,Queja,355.0,15.0,True,False,Muy Positivo,0.72,mexican,mexican,False,PRD-4P7Q3AT9DWFR,True,True
INT-95DKAIEKQSEZDDGZ,2026-06-04 13:53:32,2026-06-04,CLI-I51Z379GLQ1O,AGT-I6R1T9IKUL,Inbound Call,Phone,Comercial,Comercial,870.0,111.0,False,True,Neutral,-0.07,colombian,colombian,False,PRD-FAV7KF6GEU2X,True,True
INT-A46JPGOO9KIOUAJH,2026-06-04 22:15:29,2026-06-04,CLI-HFQGMZHHGEVI,AGT-155PP3L6XE,Inbound Call,Phone,Transaccional,Transaccional,178.0,123.0,True,False,Neutral,0.16,,,False,"PRD-CFAUEC1SVEF4,PRD-JVJBRERY78VB",False,True
INT-OLNYIHEO24HLZALZ,2026-06-05 04:11:59,2026-06-04,CLI-C42UYDLWSCM8,AGT-ZAL4032JRP,Inbound Call,Phone,Transaccional,Transaccional,263.0,103.0,False,True,Neutral,-0.13,mexican,mexican,False,"PRD-3GNSN8ACYQ2V,PRD-84787GA5G7WE",False,True
INT-RTIBCY08EEOTRF8N,2026-06-04 18:47:48,2026-06-04,CLI-XLBY321SYOCJ,AGT-6RJU5Z1O8U,Inbound Call,Phone,Transaccional,Transaccional,485.0,58.0,True,False,Neutral,-0.3,colombian,colombian,False,,False,True
INT-HCTJNYXUYJDSYN95,2026-06-04 19:54:20,2026-06-04,CLI-P5JS6K73NJ73,AGT-ESK10JFPQQ,Inbound Call,Phone,Técnico,Técnico,418.0,122.0,False,True,Muy Negativo,-0.76,mexican,mexican,False,"PRD-2CX9NVKMM6PA,PRD-ZD0TON2ETPF3",False,True
INT-WXULQAT5HT6IK9MS,2026-06-04 10:45:46,2026-06-04,CLI-HDIVL5DED3UZ,AGT-CM5H6DR5TS,Outbound Call,Phone,Técnico,Técnico,289.0,,True,False,Muy Negativo,-0.86,colombian,colombian,False,PRD-WGR6CNDR3HDY,False,True
INT-PMRS2FG4H9TP68ML,2026-06-04 09:39:24,2026-06-04,CLI-5EVV36EE35EW,AGT-ILZ3O4HNJ7,Inbound Call,Phone,Transaccional,Transaccional,607.0,60.0,True,False,Neutral,-0.09,,,False,,True,True
INT-XDTPKWDCAGVF8XWS,2026-06-05 07:15:31,2026-06-04,CLI-61ASKL0U9OMR,AGT-C0S7V2IHHG,Inbound Call,Phone,Transaccional,Transaccional,157.0,69.0,True,False,Neutral,-0.04,mexican,mexican,False,"PRD-ZFF4384JBLM4,PRD-4JH4VPT01138,PRD-X59WB9PG9EOJ",False,True
INT-40XM5BHM8AHIUUWI,2026-06-04 09:06:20,2026-06-04,CLI-6XK07XSWA4RG,AGT-R03JWT0EJ6,Inbound Call,Phone,Técnico,Técnico,346.0,74.0,True,False,Neutral,0.09,,,False,"PRD-IXVIO3DUYOGD,PRD-NVOF4HTY8OQF",False,True
INT-VBOX5E1M6WQHH1DK,2026-06-04 13:09:20,2026-06-04,CLI-J8F3YHQJ7BMI,AGT-GRCMX8W1NF,Inbound Call,Phone,Técnico,Técnico,422.0,146.0,True,False,Neutral,-0.21,mexican,mexican,False,,True,True
INT-P3KYNGNTLWJNBYYT,2026-06-05 01:32:42,2026-06-04,CLI-CFY0N88SH8T0,AGT-KNAQ0H42S9,Inbound Call,Phone,Producto,Producto,244.0,62.0,True,False,Neutral,0.26,,,False,,True,True
INT-MFDCT6Q7TYLHB8RC,2026-06-04 23:28:45,2026-06-04,CLI-SN3WJLA2HJPH,AGT-VH1MSPB0E8,Inbound Call,Phone,Transaccional,Transaccional,107.0,73.0,True,False,Neutral,-0.3,mexican,mexican,False,,False,True
INT-NH8AKPGA839O5R2N,2026-06-04 23:21:07,2026-06-04,CLI-QVFK1ZUZSUPS,AGT-E2RO5C71O7,Outbound Call,Phone,Producto,Producto,310.0,,True,False,Neutral,-0.19,mexican,mexican,False,,True,True
INT-7Q6BWUFKEIWDQR0H,2026-06-04 19:13:43,2026-06-04,CLI-HWPGZRYUHL5D,AGT-A5DDBTLNU6,Inbound Call,Phone,Producto,Producto,213.0,212.0,True,False,Neutral,-0.03,,,False,,False,True
INT-X9X9UTXTOSRGFXLC,2026-06-04 16:16:29,2026-06-04,CLI-ES6HAIZOA3C6,AGT-9W2W01V6JD,Inbound Call,Phone,Transaccional,Transaccional,179.0,0.0,True,False,Neutral,-0.06,mexican,mexican,False,,True,True
INT-LZJ3H0L8IAM8P559,2026-06-05 02:52:35,2026-06-04,CLI-D9EXZ2UP1KDA,AGT-I54H5N8EAF,Inbound Call,Phone,Transaccional,Transaccional,203.0,176.0,True,False,Neutral,-0.26,colombian,mexican,False,,False,True
INT-I7LQUC1QB3EEPB8B,2026-06-04 11:23:43,2026-06-04,CLI-KTLPNYJTYKQO,AGT-VH1MSPB0E8,Inbound Call,Phone,Técnico,Técnico,435.0,220.0,True,False,Negativo,-0.44,mexican,mexican,False,"PRD-RVGI59K1R45A,PRD-BOOP6ASI51YJ",False,True
INT-GB8R1OF9U7TLGZLC,2026-06-04 14:59:04,2026-06-04,CLI-18IB9015YKE5,AGT-4IHMG1WJMD,Chat,WhatsApp,Transaccional,Transaccional,,,True,False,Neutral,-0.11,colombian,colombian,False,,True,False
INT-0VN9YC6FGJKETXTM,2026-06-04 14:21:26,2026-06-04,CLI-Q2EK3CAAZMMU,AGT-8OU6MJW3QV,Inbound Call,Phone,Producto,Producto,274.0,63.0,True,False,Positivo,0.3,,,False,,False,True
INT-6SWQ27UF93HAE2AZ,2026-06-05 03:52:02,2026-06-04,CLI-GP0C81V0MTSF,AGT-TRZMD8W6Y4,Inbound Call,Phone,Retención,Retención,134.0,116.0,True,False,Muy Negativo,-0.95,,,False,,True,True
INT-IBV1TTZEDHQA8ZIN,2026-06-05 03:14:47,2026-06-04,CLI-V5NPI8248EY0,AGT-9GJ09FFYE4,Inbound Call,Phone,Técnico,Técnico,410.0,76.0,False,True,Neutral,-0.25,mexican,mexican,False,,False,True
INT-DDIE42G0BYGVSBE1,2026-06-05 01:06:29,2026-06-04,CLI-RY7Z5UI2YIG6,AGT-S2RR13SI24,Inbound Call,Phone,Retención,Retención,600.0,76.0,True,False,Neutral,0.12,colombian,mexican,False,"PRD-6PIRDJVC81W4,PRD-RD9J3FO6O90X,PRD-Z85B851XPO84",False,True
INT-XLC0VNMKFRU2GVRO,2026-06-05 07:54:25,2026-06-04,CLI-FPOGTLW8K7PI,AGT-1QOK2G45HI,Chat,App,Transaccional,Transaccional,,,True,False,Neutral,0.17,colombian,colombian,False,"PRD-A24DTL88MVZT,PRD-P9BYJAAK22RT,PRD-11X1A74WGX6O",False,False
INT-AL54WREJJ1DAYVV7,2026-06-05 03:28:49,2026-06-04,CLI-TZ6QPRJTE8J3,AGT-C4NMNPC23W,Outbound Call,Phone,Producto,Producto,255.0,,False,True,Negativo,-0.39,argentine,argentine,False,,False,True
INT-1JQIRMH51RLJSJBD,2026-06-04 16:23:20,2026-06-04,CLI-RDQJ28XY1FPW,AGT-PNYK14IYR3,Inbound Call,Phone,Producto,Producto,144.0,200.0,True,True,Neutral,0.07,,,False,,False,True
INT-T56JDW7T07CHWAP8,2026-06-05 06:44:37,2026-06-04,CLI-2T12DTDCBB5H,AGT-VCZ9ZY2MDS,Inbound Call,Phone,Transaccional,Transaccional,235.0,112.0,True,False,Neutral,-0.02,argentine,argentine,False,,True,True
INT-8IPKCLAA09KYVVPF,2026-06-05 02:36:03,2026-06-04,CLI-BB4KZY2GPCF8,AGT-ERRAQZDJDY,Inbound Call,Phone,Transaccional,Transaccional,336.0,162.0,True,False,Neutral,0.05,,,False,,True,True
INT-V5PSE7T5E16J5TXZ,2026-06-05 01:10:36,2026-06-04,CLI-HHUYFEH9D78K,AGT-9K4W87HK9Z,Chat,WhatsApp,Transaccional,Transaccional,,,True,False,Neutral,-0.0,mexican,mexican,False,,False,False
INT-696LPRNP5GYFH5X3,2026-06-04 22:30:34,2026-06-04,CLI-53COJI807FE8,AGT-9Q63425XXI,Chat,WhatsApp,Producto,Producto,,,True,False,Neutral,0.05,,,False,"PRD-LPD1WI9QZX8F,PRD-3T82B3669XSK,PRD-M6UIRTAMFBGY",False,False
INT-50519PWO076PLVK4,2026-06-04 16:40:58,2026-06-04,CLI-JJFU93OBDTRX,AGT-9AKK72BHHW,Inbound Call,Phone,Técnico,Técnico,449.0,27.0,False,True,Negativo,-0.4,,,False,PRD-XNG7T5A4CFYB,False,True
INT-JK6ZV30FJUCISH91,2026-06-05 02:33:33,2026-06-04,CLI-A9FP7W8O5YOC,AGT-8UCMD0TC8H,Inbound Call,Phone,Comercial,Comercial,655.0,36.0,False,True,Positivo,0.41,mexican,colombian,False,,True,True
INT-UF7WXZFAXFAVQ64V,2026-06-04 21:42:29,2026-06-04,CLI-MESS55RX2Q5N,AGT-0SFUB4MUFS,Inbound Call,Phone,Queja,Queja,312.0,147.0,False,True,Negativo,-0.62,,,False,"PRD-DBC2FCQPW7BS,PRD-9XM3XUREWLAZ",False,True
INT-65JLHM6NZO7LPEHN,2026-06-05 07:27:52,2026-06-04,CLI-4HEXLT9V5KTP,AGT-04JD8RS9U4,Inbound Call,Phone,Queja,Queja,395.0,155.0,True,False,Positivo,0.69,argentine,argentine,False,,True,True
INT-K05GVLBGZINIAQ35,2026-06-04 17:51:55,2026-06-04,CLI-UYZA7XF2390E,AGT-QBRHZZCSAA,Chat,Web Chat,Transaccional,Transaccional,,,False,True,Neutral,0.09,argentine,argentine,False,"PRD-82PWIF4AILLH,PRD-JEMU3NZJ5BC8",False,False
INT-EK0JZ9FL3YKMA960,2026-06-04 10:18:55,2026-06-04,CLI-N7B0TH0SSEBL,AGT-GJ089YSJS0,Outbound Call,Phone,Queja,Queja,464.0,,False,True,Neutral,-0.08,mexican,mexican,False,PRD-48TFAHBPTEW9,False,True
INT-CKVNZN8C0C4ACR4M,2026-06-05 07:02:00,2026-06-04,CLI-RXWSDMELL1M3,AGT-ZGQ4FYLRK2,Outbound Call,Phone,Comercial,Comercial,378.0,,True,False,Negativo,-0.6,mexican,mexican,False,,True,True
INT-KCDVBPUQ7KOEFGKT,2026-06-05 05:50:36,2026-06-04,CLI-5K2N09ZOPWCW,AGT-FK6MI05PO5,Outbound Call,Phone,Queja,Queja,299.0,,True,True,Positivo,0.33,,,False,,False,True
INT-OSH034OUMOTW1X1F,2026-06-05 01:38:39,2026-06-04,CLI-893FENOXPPMW,AGT-CEPAD7FLHM,Inbound Call,Phone,Transaccional,Transaccional,244.0,151.0,True,True,Neutral,0.3,,,False,"PRD-W53QPC3QPS7N,PRD-T2ZQZQGQJU4G,PRD-5K7SG1HT3GL4",False,True
INT-3EOGDG30UQX0IWQZ,2026-06-04 08:24:11,2026-06-04,CLI-4879BES05VUF,AGT-64T08W0ODF,Inbound Call,Phone,Técnico,Técnico,382.0,162.0,True,False,Neutral,-0.12,argentine,argentine,False,,False,True
INT-4P3R0RL4IAKYX8RE,2026-06-05 03:16:52,2026-06-04,CLI-MJ94NPN27DZE,AGT-70FM5VSQNA,Inbound Call,Phone,Producto,Producto,187.0,19.0,True,False,Negativo,-0.54,,,False,PRD-4A9Z4AGP30JE,False,True
INT-8H7O0X9M68T1EEAB,2026-06-04 12:27:46,2026-06-04,CLI-S0L8O2RHGWP7,AGT-AV2TPW9VGR,Inbound Call,Phone,Transaccional,Transaccional,166.0,119.0,True,False,Neutral,-0.01,mexican,mexican,False,,False,True
INT-9E7OY9EYFANKFTKW,2026-06-05 02:30:36,2026-06-04,CLI-SYB9Z0DU6JHW,AGT-KL8LWJNEC8,Inbound Call,Phone,Técnico,Técnico,427.0,83.0,True,False,Positivo,0.44,mexican,mexican,False,,False,True
INT-9KOLD5891GTST3XD,2026-06-04 13:42:15,2026-06-04,CLI-0GRPK5UFBF8G,AGT-P0R6W0FYK1,Chat,WhatsApp,Transaccional,Transaccional,,,True,False,Neutral,0.06,argentine,argentine,False,"PRD-C5OLN2NGAOTH,PRD-TEKNBWV496YH",False,False
INT-C30EW6VJ86VEI9GI,2026-06-04 15:14:17,2026-06-04,CLI-UG5LBHH6Z2XL,AGT-8TUK3OR0F6,Inbound Call,Phone,Producto,Producto,382.0,37.0,True,False,Neutral,0.12,mexican,colombian,False,,True,True
INT-K6PMCYI3NT7E5S0Z,2026-06-04 10:47:26,2026-06-04,CLI-2H2UJTOAH6J5,AGT-NB6AG6PT24,Inbound Call,Phone,Transaccional,Transaccional,184.0,91.0,True,True,Neutral,0.23,mexican,mexican,False,PRD-MQ82FHE64WW8,False,True
INT-2NVR47F323CBG52R,2026-06-05 03:57:13,2026-06-04,CLI-SN0005XNGFVL,AGT-U2B4DX2JUH,Outbound Call,Phone,Queja,Queja,328.0,,False,True,Negativo,-0.52,colombian,colombian,False,PRD-V2IZSE7AHJDX,False,True
INT-VOHKBZC7KCS0IP8G,2026-06-04 22:41:24,2026-06-04,CLI-4E90RJH6TCGQ,AGT-6W0S2ZOF2U,Outbound Call,Phone,Transaccional,Transaccional,280.0,,False,True,Neutral,-0.17,mexican,mexican,False,,False,True
